source_root	relative_path	classification	note
D:\stroke_apa	.gitignore	STAGED	docs/v5_1/dot_gitignore.v5_1（sha256 一致）
D:\stroke_apa	AGENTS.md	STAGED	docs/v5_1/AGENTS.md（sha256 一致）
D:\stroke_apa	ATP2A2_IGV_CHECK_PACKAGE_20260920.zip	RELEASE_ZIP	ATP2A2_IGV_CHECK_PACKAGE_20260920.zip
D:\stroke_apa	ENVIRONMENT.md	RELEASE_ZIP	内容在 ATP2A2_IGV_CHECK_PACKAGE_20260920.zip 内(basename+size 一致)
D:\stroke_apa	HEARTBEAT.md	STAGED	docs/v5_1/HEARTBEAT.md（sha256 一致）
D:\stroke_apa	IDENTITY.md	STAGED	docs/v5_1/IDENTITY.md（sha256 一致）
D:\stroke_apa	SOUL.md	STAGED	docs/v5_1/SOUL.md（sha256 一致）
D:\stroke_apa	STROKE_APA_FINAL_DELIVERABLES_20260920.zip	RELEASE_ZIP	STROKE_APA_FINAL_DELIVERABLES_20260920.zip
D:\stroke_apa	STROKE_APA_FINAL_REPORT.html	RELEASE_ZIP	内容在 STROKE_APA_FINAL_DELIVERABLES_20260920.zip 内(basename+size 一致)
D:\stroke_apa	STROKE_APA_FINAL_REPORT.md	RELEASE_ZIP	内容在 STROKE_APA_FINAL_DELIVERABLES_20260920.zip 内(basename+size 一致)
D:\stroke_apa	STROKE_APA_PIPELINE.md	STAGED	docs/v5_1/STROKE_APA_PIPELINE.md（sha256 一致）
D:\stroke_apa	STROKE_APA_PIPELINE_v5.1.md	STAGED	docs/v5_1/STROKE_APA_PIPELINE_v5.1.md（sha256 一致）
D:\stroke_apa	STROKE_APA_WETLAB_PLAN_v3.md	STAGED	docs/v5_1/STROKE_APA_WETLAB_PLAN_v3.md（sha256 一致）
D:\stroke_apa	STROKE_APA_WETLAB_ROUTE.md	STAGED	docs/v5_1/STROKE_APA_WETLAB_ROUTE.md（sha256 一致）
D:\stroke_apa	TODO_pipeline_v5.1.md	STAGED	docs/v5_1/TODO_pipeline_v5.1.md（sha256 一致）
D:\stroke_apa	TOOLS.md	STAGED	docs/v5_1/TOOLS.md（sha256 一致）
D:\stroke_apa	USER.md	STAGED	docs/v5_1/USER.md（sha256 一致）
D:\stroke_apa	WORK_LOG_20260918.md	RELEASE_ZIP	内容在 STROKE_APA_FINAL_DELIVERABLES_20260920.zip 内(basename+size 一致)
D:\stroke_apa	.openclaw-attachments/20260916-153301-c871f402-e36-pasted_text_20260916-153301.txt	STAGED	docs/v5_1/attachments_openclaw/20260916-153301-c871f402-e36-pasted_text_20260916-153301.txt（sha256 一致）
D:\stroke_apa	.openclaw-attachments/20260916-163910-0dcf0516-ab9-TODO_pipeline3.2.md	STAGED	docs/v5_1/attachments_openclaw/20260916-163910-0dcf0516-ab9-TODO_pipeline3.2.md（sha256 一致）
D:\stroke_apa	data/ena_report.tsv	STAGED	data_frozen/v5_1_data/ena_report.tsv（sha256 一致）
D:\stroke_apa	data/attract/ATtRACT_db.txt	STAGED	data_frozen/v5_1_data/attract/ATtRACT_db.txt（sha256 一致）
D:\stroke_apa	data/attract/pwm.txt	STAGED	data_frozen/v5_1_data/attract/pwm.txt（sha256 一致）
D:\stroke_apa	data/attract/README.txt	STAGED	data_frozen/v5_1_data/attract/README.txt（sha256 一致）
D:\stroke_apa	data/attract/regulators.motifs.meme	STAGED	data_frozen/v5_1_data/attract/regulators.motifs.meme（sha256 一致）
D:\stroke_apa	data/attract/smoke_peaks.fa	STAGED	data_frozen/v5_1_data/attract/smoke_peaks.fa（sha256 一致）
D:\stroke_apa	data/attract/bindz-rbp/.gitignore	STAGED	data_frozen/v5_1_data/attract/bindz-rbp/.gitignore（sha256 一致）
D:\stroke_apa	data/attract/bindz-rbp/CODE_OF_CONDUCT.md	STAGED	data_frozen/v5_1_data/attract/bindz-rbp/CODE_OF_CONDUCT.md（sha256 一致）
D:\stroke_apa	data/attract/bindz-rbp/CONTRIBUTING.md	STAGED	data_frozen/v5_1_data/attract/bindz-rbp/CONTRIBUTING.md（sha256 一致）
D:\stroke_apa	data/attract/bindz-rbp/LICENSE	STAGED	data_frozen/v5_1_data/attract/bindz-rbp/LICENSE（sha256 一致）
D:\stroke_apa	data/attract/bindz-rbp/PULL_REQUEST_TEMPLATE.md	STAGED	data_frozen/v5_1_data/attract/bindz-rbp/PULL_REQUEST_TEMPLATE.md（sha256 一致）
D:\stroke_apa	data/attract/bindz-rbp/README.md	STAGED	data_frozen/v5_1_data/attract/bindz-rbp/README.md（sha256 一致）
D:\stroke_apa	data/attract/bindz-rbp/.github/ISSUE_TEMPLATE/bug_report.md	STAGED	data_frozen/v5_1_data/attract/bindz-rbp/.github/ISSUE_TEMPLATE/bug_report.md（sha256 一致）
D:\stroke_apa	data/attract/bindz-rbp/.github/ISSUE_TEMPLATE/feature_request.md	STAGED	data_frozen/v5_1_data/attract/bindz-rbp/.github/ISSUE_TEMPLATE/feature_request.md（sha256 一致）
D:\stroke_apa	data/attract/bindz-rbp/.github/workflows/ATtRACT.yml	STAGED	data_frozen/v5_1_data/attract/bindz-rbp/.github/workflows/ATtRACT.yml（sha256 一致）
D:\stroke_apa	data/attract/bindz-rbp/.github/workflows/test-conda.yml	STAGED	data_frozen/v5_1_data/attract/bindz-rbp/.github/workflows/test-conda.yml（sha256 一致）
D:\stroke_apa	data/attract/bindz-rbp/.github/workflows/test-singularity.yml	STAGED	data_frozen/v5_1_data/attract/bindz-rbp/.github/workflows/test-singularity.yml（sha256 一致）
D:\stroke_apa	data/attract/bindz-rbp/envs/dev.yml	STAGED	data_frozen/v5_1_data/attract/bindz-rbp/envs/dev.yml（sha256 一致）
D:\stroke_apa	data/attract/bindz-rbp/envs/main.yml	STAGED	data_frozen/v5_1_data/attract/bindz-rbp/envs/main.yml（sha256 一致）
D:\stroke_apa	data/attract/bindz-rbp/images/dag.svg	STAGED	data_frozen/v5_1_data/attract/bindz-rbp/images/dag.svg（sha256 一致）
D:\stroke_apa	data/attract/bindz-rbp/images/logo.128px.png	STAGED	data_frozen/v5_1_data/attract/bindz-rbp/images/logo.128px.png（sha256 一致）
D:\stroke_apa	data/attract/bindz-rbp/images/rulegraph.svg	STAGED	data_frozen/v5_1_data/attract/bindz-rbp/images/rulegraph.svg（sha256 一致）
D:\stroke_apa	data/attract/bindz-rbp/resources/ATtRACT_backup_26082020.zip	STAGED	data_frozen/v5_1_data/attract/bindz-rbp/resources/ATtRACT_backup_26082020.zip（sha256 一致）
D:\stroke_apa	data/attract/bindz-rbp/resources/ATtRACT_hsa/motif_A1CF_110	STAGED	data_frozen/v5_1_data/attract/bindz-rbp/resources/ATtRACT_hsa/motif_A1CF_110（sha256 一致）
D:\stroke_apa	data/attract/bindz-rbp/resources/ATtRACT_hsa/motif_A1CF_M001_0.6	STAGED	data_frozen/v5_1_data/attract/bindz-rbp/resources/ATtRACT_hsa/motif_A1CF_M001_0.6（sha256 一致）
D:\stroke_apa	data/attract/bindz-rbp/resources/ATtRACT_hsa/motif_ACO1_M256_0.6	STAGED	data_frozen/v5_1_data/attract/bindz-rbp/resources/ATtRACT_hsa/motif_ACO1_M256_0.6（sha256 一致）
D:\stroke_apa	data/attract/bindz-rbp/resources/ATtRACT_hsa/motif_ADAR_494	STAGED	data_frozen/v5_1_data/attract/bindz-rbp/resources/ATtRACT_hsa/motif_ADAR_494（sha256 一致）
D:\stroke_apa	data/attract/bindz-rbp/resources/ATtRACT_hsa/motif_ADAR_536	STAGED	data_frozen/v5_1_data/attract/bindz-rbp/resources/ATtRACT_hsa/motif_ADAR_536（sha256 一致）
D:\stroke_apa	data/attract/bindz-rbp/resources/ATtRACT_hsa/motif_AGO1_359	STAGED	data_frozen/v5_1_data/attract/bindz-rbp/resources/ATtRACT_hsa/motif_AGO1_359（sha256 一致）
D:\stroke_apa	data/attract/bindz-rbp/resources/ATtRACT_hsa/motif_AGO1_509	STAGED	data_frozen/v5_1_data/attract/bindz-rbp/resources/ATtRACT_hsa/motif_AGO1_509（sha256 一致）
D:\stroke_apa	data/attract/bindz-rbp/resources/ATtRACT_hsa/motif_AGO2_399	STAGED	data_frozen/v5_1_data/attract/bindz-rbp/resources/ATtRACT_hsa/motif_AGO2_399（sha256 一致）
D:\stroke_apa	data/attract/bindz-rbp/resources/ATtRACT_hsa/motif_AGO2_414	STAGED	data_frozen/v5_1_data/attract/bindz-rbp/resources/ATtRACT_hsa/motif_AGO2_414（sha256 一致）
D:\stroke_apa	data/attract/bindz-rbp/resources/ATtRACT_hsa/motif_AKAP1_97	STAGED	data_frozen/v5_1_data/attract/bindz-rbp/resources/ATtRACT_hsa/motif_AKAP1_97（sha256 一致）
D:\stroke_apa	data/attract/bindz-rbp/resources/ATtRACT_hsa/motif_ANKHD1_M002_0.6	STAGED	data_frozen/v5_1_data/attract/bindz-rbp/resources/ATtRACT_hsa/motif_ANKHD1_M002_0.6（sha256 一致）
D:\stroke_apa	data/attract/bindz-rbp/resources/ATtRACT_hsa/motif_CELF1_425	STAGED	data_frozen/v5_1_data/attract/bindz-rbp/resources/ATtRACT_hsa/motif_CELF1_425（sha256 一致）
D:\stroke_apa	data/attract/bindz-rbp/resources/ATtRACT_hsa/motif_CELF1_436	STAGED	data_frozen/v5_1_data/attract/bindz-rbp/resources/ATtRACT_hsa/motif_CELF1_436（sha256 一致）
D:\stroke_apa	data/attract/bindz-rbp/resources/ATtRACT_hsa/motif_CELF1_478	STAGED	data_frozen/v5_1_data/attract/bindz-rbp/resources/ATtRACT_hsa/motif_CELF1_478（sha256 一致）
D:\stroke_apa	data/attract/bindz-rbp/resources/ATtRACT_hsa/motif_CELF1_522	STAGED	data_frozen/v5_1_data/attract/bindz-rbp/resources/ATtRACT_hsa/motif_CELF1_522（sha256 一致）
D:\stroke_apa	data/attract/bindz-rbp/resources/ATtRACT_hsa/motif_CELF1_542	STAGED	data_frozen/v5_1_data/attract/bindz-rbp/resources/ATtRACT_hsa/motif_CELF1_542（sha256 一致）
D:\stroke_apa	data/attract/bindz-rbp/resources/ATtRACT_hsa/motif_CELF1_592	STAGED	data_frozen/v5_1_data/attract/bindz-rbp/resources/ATtRACT_hsa/motif_CELF1_592（sha256 一致）
D:\stroke_apa	data/attract/bindz-rbp/resources/ATtRACT_hsa/motif_CELF1_s84	STAGED	data_frozen/v5_1_data/attract/bindz-rbp/resources/ATtRACT_hsa/motif_CELF1_s84（sha256 一致）
D:\stroke_apa	data/attract/bindz-rbp/resources/ATtRACT_hsa/motif_CELF1_s85	STAGED	data_frozen/v5_1_data/attract/bindz-rbp/resources/ATtRACT_hsa/motif_CELF1_s85（sha256 一致）
D:\stroke_apa	data/attract/bindz-rbp/resources/ATtRACT_hsa/motif_CELF1_s86	STAGED	data_frozen/v5_1_data/attract/bindz-rbp/resources/ATtRACT_hsa/motif_CELF1_s86（sha256 一致）
D:\stroke_apa	data/attract/bindz-rbp/resources/ATtRACT_hsa/motif_CELF1_s87	STAGED	data_frozen/v5_1_data/attract/bindz-rbp/resources/ATtRACT_hsa/motif_CELF1_s87（sha256 一致）
D:\stroke_apa	data/attract/bindz-rbp/resources/ATtRACT_hsa/motif_CELF1_s88	STAGED	data_frozen/v5_1_data/attract/bindz-rbp/resources/ATtRACT_hsa/motif_CELF1_s88（sha256 一致）
D:\stroke_apa	data/attract/bindz-rbp/resources/ATtRACT_hsa/motif_CELF1_s89	STAGED	data_frozen/v5_1_data/attract/bindz-rbp/resources/ATtRACT_hsa/motif_CELF1_s89（sha256 一致）
D:\stroke_apa	data/attract/bindz-rbp/resources/ATtRACT_hsa/motif_CELF1_s90	STAGED	data_frozen/v5_1_data/attract/bindz-rbp/resources/ATtRACT_hsa/motif_CELF1_s90（sha256 一致）
D:\stroke_apa	data/attract/bindz-rbp/resources/ATtRACT_hsa/motif_CELF1_s91	STAGED	data_frozen/v5_1_data/attract/bindz-rbp/resources/ATtRACT_hsa/motif_CELF1_s91（sha256 一致）
D:\stroke_apa	data/attract/bindz-rbp/resources/ATtRACT_hsa/motif_CELF2_365	STAGED	data_frozen/v5_1_data/attract/bindz-rbp/resources/ATtRACT_hsa/motif_CELF2_365（sha256 一致）
D:\stroke_apa	data/attract/bindz-rbp/resources/ATtRACT_hsa/motif_CELF2_602	STAGED	data_frozen/v5_1_data/attract/bindz-rbp/resources/ATtRACT_hsa/motif_CELF2_602（sha256 一致）
D:\stroke_apa	data/attract/bindz-rbp/resources/ATtRACT_hsa/motif_CELF2_603	STAGED	data_frozen/v5_1_data/attract/bindz-rbp/resources/ATtRACT_hsa/motif_CELF2_603（sha256 一致）
D:\stroke_apa	data/attract/bindz-rbp/resources/ATtRACT_hsa/motif_CELF2_s4	STAGED	data_frozen/v5_1_data/attract/bindz-rbp/resources/ATtRACT_hsa/motif_CELF2_s4（sha256 一致）
D:\stroke_apa	data/attract/bindz-rbp/resources/ATtRACT_hsa/motif_CELF2_s5	STAGED	data_frozen/v5_1_data/attract/bindz-rbp/resources/ATtRACT_hsa/motif_CELF2_s5（sha256 一致）
D:\stroke_apa	data/attract/bindz-rbp/resources/ATtRACT_hsa/motif_CELF4_M004_0.6	STAGED	data_frozen/v5_1_data/attract/bindz-rbp/resources/ATtRACT_hsa/motif_CELF4_M004_0.6（sha256 一致）
D:\stroke_apa	data/attract/bindz-rbp/resources/ATtRACT_hsa/motif_CELF5_M157_0.6	STAGED	data_frozen/v5_1_data/attract/bindz-rbp/resources/ATtRACT_hsa/motif_CELF5_M157_0.6（sha256 一致）
D:\stroke_apa	data/attract/bindz-rbp/resources/ATtRACT_hsa/motif_CELF6_M178_0.6	STAGED	data_frozen/v5_1_data/attract/bindz-rbp/resources/ATtRACT_hsa/motif_CELF6_M178_0.6（sha256 一致）
D:\stroke_apa	data/attract/bindz-rbp/resources/ATtRACT_hsa/motif_CMTR1_427	STAGED	data_frozen/v5_1_data/attract/bindz-rbp/resources/ATtRACT_hsa/motif_CMTR1_427（sha256 一致）
D:\stroke_apa	data/attract/bindz-rbp/resources/ATtRACT_hsa/motif_CNOT4_M147_0.6	STAGED	data_frozen/v5_1_data/attract/bindz-rbp/resources/ATtRACT_hsa/motif_CNOT4_M147_0.6（sha256 一致）
D:\stroke_apa	data/attract/bindz-rbp/resources/ATtRACT_hsa/motif_CPEB1_333	STAGED	data_frozen/v5_1_data/attract/bindz-rbp/resources/ATtRACT_hsa/motif_CPEB1_333（sha256 一致）
D:\stroke_apa	data/attract/bindz-rbp/resources/ATtRACT_hsa/motif_CPEB2_M012_0.6	STAGED	data_frozen/v5_1_data/attract/bindz-rbp/resources/ATtRACT_hsa/motif_CPEB2_M012_0.6（sha256 一致）
D:\stroke_apa	data/attract/bindz-rbp/resources/ATtRACT_hsa/motif_CPEB4_345	STAGED	data_frozen/v5_1_data/attract/bindz-rbp/resources/ATtRACT_hsa/motif_CPEB4_345（sha256 一致）
D:\stroke_apa	data/attract/bindz-rbp/resources/ATtRACT_hsa/motif_CPEB4_M149_0.6	STAGED	data_frozen/v5_1_data/attract/bindz-rbp/resources/ATtRACT_hsa/motif_CPEB4_M149_0.6（sha256 一致）
D:\stroke_apa	data/attract/bindz-rbp/resources/ATtRACT_hsa/motif_CSTF2_112	STAGED	data_frozen/v5_1_data/attract/bindz-rbp/resources/ATtRACT_hsa/motif_CSTF2_112（sha256 一致）
D:\stroke_apa	data/attract/bindz-rbp/resources/ATtRACT_hsa/motif_CSTF2_162	STAGED	data_frozen/v5_1_data/attract/bindz-rbp/resources/ATtRACT_hsa/motif_CSTF2_162（sha256 一致）
D:\stroke_apa	data/attract/bindz-rbp/resources/ATtRACT_hsa/motif_CSTF2_19	STAGED	data_frozen/v5_1_data/attract/bindz-rbp/resources/ATtRACT_hsa/motif_CSTF2_19（sha256 一致）
D:\stroke_apa	data/attract/bindz-rbp/resources/ATtRACT_hsa/motif_CSTF2_60	STAGED	data_frozen/v5_1_data/attract/bindz-rbp/resources/ATtRACT_hsa/motif_CSTF2_60（sha256 一致）
D:\stroke_apa	data/attract/bindz-rbp/resources/ATtRACT_hsa/motif_DAZAP1_593	STAGED	data_frozen/v5_1_data/attract/bindz-rbp/resources/ATtRACT_hsa/motif_DAZAP1_593（sha256 一致）
D:\stroke_apa	data/attract/bindz-rbp/resources/ATtRACT_hsa/motif_DAZAP1_594	STAGED	data_frozen/v5_1_data/attract/bindz-rbp/resources/ATtRACT_hsa/motif_DAZAP1_594（sha256 一致）
D:\stroke_apa	data/attract/bindz-rbp/resources/ATtRACT_hsa/motif_DAZAP1_595	STAGED	data_frozen/v5_1_data/attract/bindz-rbp/resources/ATtRACT_hsa/motif_DAZAP1_595（sha256 一致）
D:\stroke_apa	data/attract/bindz-rbp/resources/ATtRACT_hsa/motif_DAZAP1_596	STAGED	data_frozen/v5_1_data/attract/bindz-rbp/resources/ATtRACT_hsa/motif_DAZAP1_596（sha256 一致）
D:\stroke_apa	data/attract/bindz-rbp/resources/ATtRACT_hsa/motif_DAZAP1_597	STAGED	data_frozen/v5_1_data/attract/bindz-rbp/resources/ATtRACT_hsa/motif_DAZAP1_597（sha256 一致）
D:\stroke_apa	data/attract/bindz-rbp/resources/ATtRACT_hsa/motif_DAZAP1_598	STAGED	data_frozen/v5_1_data/attract/bindz-rbp/resources/ATtRACT_hsa/motif_DAZAP1_598（sha256 一致）
D:\stroke_apa	data/attract/bindz-rbp/resources/ATtRACT_hsa/motif_DAZAP1_599	STAGED	data_frozen/v5_1_data/attract/bindz-rbp/resources/ATtRACT_hsa/motif_DAZAP1_599（sha256 一致）
D:\stroke_apa	data/attract/bindz-rbp/resources/ATtRACT_hsa/motif_DAZAP1_600	STAGED	data_frozen/v5_1_data/attract/bindz-rbp/resources/ATtRACT_hsa/motif_DAZAP1_600（sha256 一致）
D:\stroke_apa	data/attract/bindz-rbp/resources/ATtRACT_hsa/motif_DAZAP1_M013_0.6	STAGED	data_frozen/v5_1_data/attract/bindz-rbp/resources/ATtRACT_hsa/motif_DAZAP1_M013_0.6（sha256 一致）
D:\stroke_apa	data/attract/bindz-rbp/resources/ATtRACT_hsa/motif_DDX19B_332	STAGED	data_frozen/v5_1_data/attract/bindz-rbp/resources/ATtRACT_hsa/motif_DDX19B_332（sha256 一致）
D:\stroke_apa	data/attract/bindz-rbp/resources/ATtRACT_hsa/motif_DDX19B_554	STAGED	data_frozen/v5_1_data/attract/bindz-rbp/resources/ATtRACT_hsa/motif_DDX19B_554（sha256 一致）
D:\stroke_apa	data/attract/bindz-rbp/resources/ATtRACT_hsa/motif_DDX58_381	STAGED	data_frozen/v5_1_data/attract/bindz-rbp/resources/ATtRACT_hsa/motif_DDX58_381（sha256 一致）
D:\stroke_apa	data/attract/bindz-rbp/resources/ATtRACT_hsa/motif_DDX58_473	STAGED	data_frozen/v5_1_data/attract/bindz-rbp/resources/ATtRACT_hsa/motif_DDX58_473（sha256 一致）
D:\stroke_apa	data/attract/bindz-rbp/resources/ATtRACT_hsa/motif_DDX58_511	STAGED	data_frozen/v5_1_data/attract/bindz-rbp/resources/ATtRACT_hsa/motif_DDX58_511（sha256 一致）
D:\stroke_apa	data/attract/bindz-rbp/resources/ATtRACT_hsa/motif_DHX58_422	STAGED	data_frozen/v5_1_data/attract/bindz-rbp/resources/ATtRACT_hsa/motif_DHX58_422（sha256 一致）
D:\stroke_apa	data/attract/bindz-rbp/resources/ATtRACT_hsa/motif_DHX9_377	STAGED	data_frozen/v5_1_data/attract/bindz-rbp/resources/ATtRACT_hsa/motif_DHX9_377（sha256 一致）
D:\stroke_apa	data/attract/bindz-rbp/resources/ATtRACT_hsa/motif_DHX9_435	STAGED	data_frozen/v5_1_data/attract/bindz-rbp/resources/ATtRACT_hsa/motif_DHX9_435（sha256 一致）
D:\stroke_apa	data/attract/bindz-rbp/resources/ATtRACT_hsa/motif_DHX9_458	STAGED	data_frozen/v5_1_data/attract/bindz-rbp/resources/ATtRACT_hsa/motif_DHX9_458（sha256 一致）
D:\stroke_apa	data/attract/bindz-rbp/resources/ATtRACT_hsa/motif_EIF4A3_407	STAGED	data_frozen/v5_1_data/attract/bindz-rbp/resources/ATtRACT_hsa/motif_EIF4A3_407（sha256 一致）
D:\stroke_apa	data/attract/bindz-rbp/resources/ATtRACT_hsa/motif_EIF4A3_426	STAGED	data_frozen/v5_1_data/attract/bindz-rbp/resources/ATtRACT_hsa/motif_EIF4A3_426（sha256 一致）
D:\stroke_apa	data/attract/bindz-rbp/resources/ATtRACT_hsa/motif_EIF4A3_432	STAGED	data_frozen/v5_1_data/attract/bindz-rbp/resources/ATtRACT_hsa/motif_EIF4A3_432（sha256 一致）
D:\stroke_apa	data/attract/bindz-rbp/resources/ATtRACT_hsa/motif_EIF4B_M290_0.6	STAGED	data_frozen/v5_1_data/attract/bindz-rbp/resources/ATtRACT_hsa/motif_EIF4B_M290_0.6（sha256 一致）
D:\stroke_apa	data/attract/bindz-rbp/resources/ATtRACT_hsa/motif_ELAVL1_1103	STAGED	data_frozen/v5_1_data/attract/bindz-rbp/resources/ATtRACT_hsa/motif_ELAVL1_1103（sha256 一致）
D:\stroke_apa	data/attract/bindz-rbp/resources/ATtRACT_hsa/motif_ELAVL1_1104	STAGED	data_frozen/v5_1_data/attract/bindz-rbp/resources/ATtRACT_hsa/motif_ELAVL1_1104（sha256 一致）
D:\stroke_apa	data/attract/bindz-rbp/resources/ATtRACT_hsa/motif_ELAVL1_1105	STAGED	data_frozen/v5_1_data/attract/bindz-rbp/resources/ATtRACT_hsa/motif_ELAVL1_1105（sha256 一致）
D:\stroke_apa	data/attract/bindz-rbp/resources/ATtRACT_hsa/motif_ELAVL1_1106	STAGED	data_frozen/v5_1_data/attract/bindz-rbp/resources/ATtRACT_hsa/motif_ELAVL1_1106（sha256 一致）
D:\stroke_apa	data/attract/bindz-rbp/resources/ATtRACT_hsa/motif_ELAVL1_1107	STAGED	data_frozen/v5_1_data/attract/bindz-rbp/resources/ATtRACT_hsa/motif_ELAVL1_1107（sha256 一致）
D:\stroke_apa	data/attract/bindz-rbp/resources/ATtRACT_hsa/motif_ELAVL1_1108	STAGED	data_frozen/v5_1_data/attract/bindz-rbp/resources/ATtRACT_hsa/motif_ELAVL1_1108（sha256 一致）
D:\stroke_apa	data/attract/bindz-rbp/resources/ATtRACT_hsa/motif_ELAVL1_161	STAGED	data_frozen/v5_1_data/attract/bindz-rbp/resources/ATtRACT_hsa/motif_ELAVL1_161（sha256 一致）
D:\stroke_apa	data/attract/bindz-rbp/resources/ATtRACT_hsa/motif_ELAVL1_164	STAGED	data_frozen/v5_1_data/attract/bindz-rbp/resources/ATtRACT_hsa/motif_ELAVL1_164（sha256 一致）
D:\stroke_apa	data/attract/bindz-rbp/resources/ATtRACT_hsa/motif_ELAVL1_367	STAGED	data_frozen/v5_1_data/attract/bindz-rbp/resources/ATtRACT_hsa/motif_ELAVL1_367（sha256 一致）
D:\stroke_apa	data/attract/bindz-rbp/resources/ATtRACT_hsa/motif_ELAVL1_476	STAGED	data_frozen/v5_1_data/attract/bindz-rbp/resources/ATtRACT_hsa/motif_ELAVL1_476（sha256 一致）
D:\stroke_apa	data/attract/bindz-rbp/resources/ATtRACT_hsa/motif_ELAVL1_512	STAGED	data_frozen/v5_1_data/attract/bindz-rbp/resources/ATtRACT_hsa/motif_ELAVL1_512（sha256 一致）
D:\stroke_apa	data/attract/bindz-rbp/resources/ATtRACT_hsa/motif_ELAVL1_84	STAGED	data_frozen/v5_1_data/attract/bindz-rbp/resources/ATtRACT_hsa/motif_ELAVL1_84（sha256 一致）
D:\stroke_apa	data/attract/bindz-rbp/resources/ATtRACT_hsa/motif_ELAVL1_M031_0.6	STAGED	data_frozen/v5_1_data/attract/bindz-rbp/resources/ATtRACT_hsa/motif_ELAVL1_M031_0.6（sha256 一致）
D:\stroke_apa	data/attract/bindz-rbp/resources/ATtRACT_hsa/motif_ELAVL1_M108_0.6	STAGED	data_frozen/v5_1_data/attract/bindz-rbp/resources/ATtRACT_hsa/motif_ELAVL1_M108_0.6（sha256 一致）
D:\stroke_apa	data/attract/bindz-rbp/resources/ATtRACT_hsa/motif_ELAVL1_M112_0.6	STAGED	data_frozen/v5_1_data/attract/bindz-rbp/resources/ATtRACT_hsa/motif_ELAVL1_M112_0.6（sha256 一致）
D:\stroke_apa	data/attract/bindz-rbp/resources/ATtRACT_hsa/motif_ELAVL1_M127_0.6	STAGED	data_frozen/v5_1_data/attract/bindz-rbp/resources/ATtRACT_hsa/motif_ELAVL1_M127_0.6（sha256 一致）
D:\stroke_apa	data/attract/bindz-rbp/resources/ATtRACT_hsa/motif_ELAVL1_M232_0.6	STAGED	data_frozen/v5_1_data/attract/bindz-rbp/resources/ATtRACT_hsa/motif_ELAVL1_M232_0.6（sha256 一致）
D:\stroke_apa	data/attract/bindz-rbp/resources/ATtRACT_hsa/motif_ELAVL1_s101	STAGED	data_frozen/v5_1_data/attract/bindz-rbp/resources/ATtRACT_hsa/motif_ELAVL1_s101（sha256 一致）
D:\stroke_apa	data/attract/bindz-rbp/resources/ATtRACT_hsa/motif_ELAVL2_1093	STAGED	data_frozen/v5_1_data/attract/bindz-rbp/resources/ATtRACT_hsa/motif_ELAVL2_1093（sha256 一致）
D:\stroke_apa	data/attract/bindz-rbp/resources/ATtRACT_hsa/motif_ELAVL2_96	STAGED	data_frozen/v5_1_data/attract/bindz-rbp/resources/ATtRACT_hsa/motif_ELAVL2_96（sha256 一致）
D:\stroke_apa	data/attract/bindz-rbp/resources/ATtRACT_hsa/motif_ELAVL2_M329_0.6	STAGED	data_frozen/v5_1_data/attract/bindz-rbp/resources/ATtRACT_hsa/motif_ELAVL2_M329_0.6（sha256 一致）
D:\stroke_apa	data/attract/bindz-rbp/resources/ATtRACT_hsa/motif_ELAVL2_s0	STAGED	data_frozen/v5_1_data/attract/bindz-rbp/resources/ATtRACT_hsa/motif_ELAVL2_s0（sha256 一致）
D:\stroke_apa	data/attract/bindz-rbp/resources/ATtRACT_hsa/motif_ELAVL2_s1	STAGED	data_frozen/v5_1_data/attract/bindz-rbp/resources/ATtRACT_hsa/motif_ELAVL2_s1（sha256 一致）
D:\stroke_apa	data/attract/bindz-rbp/resources/ATtRACT_hsa/motif_ELAVL2_s2	STAGED	data_frozen/v5_1_data/attract/bindz-rbp/resources/ATtRACT_hsa/motif_ELAVL2_s2（sha256 一致）
D:\stroke_apa	data/attract/bindz-rbp/resources/ATtRACT_hsa/motif_ELAVL2_s3	STAGED	data_frozen/v5_1_data/attract/bindz-rbp/resources/ATtRACT_hsa/motif_ELAVL2_s3（sha256 一致）
D:\stroke_apa	data/attract/bindz-rbp/resources/ATtRACT_hsa/motif_ELAVL3_1094	STAGED	data_frozen/v5_1_data/attract/bindz-rbp/resources/ATtRACT_hsa/motif_ELAVL3_1094（sha256 一致）
D:\stroke_apa	data/attract/bindz-rbp/resources/ATtRACT_hsa/motif_ELAVL3_119	STAGED	data_frozen/v5_1_data/attract/bindz-rbp/resources/ATtRACT_hsa/motif_ELAVL3_119（sha256 一致）
D:\stroke_apa	data/attract/bindz-rbp/resources/ATtRACT_hsa/motif_ELAVL3_47	STAGED	data_frozen/v5_1_data/attract/bindz-rbp/resources/ATtRACT_hsa/motif_ELAVL3_47（sha256 一致）
D:\stroke_apa	data/attract/bindz-rbp/resources/ATtRACT_hsa/motif_ELAVL3_85	STAGED	data_frozen/v5_1_data/attract/bindz-rbp/resources/ATtRACT_hsa/motif_ELAVL3_85（sha256 一致）
D:\stroke_apa	data/attract/bindz-rbp/resources/ATtRACT_hsa/motif_ELAVL4_1095	STAGED	data_frozen/v5_1_data/attract/bindz-rbp/resources/ATtRACT_hsa/motif_ELAVL4_1095（sha256 一致）
D:\stroke_apa	data/attract/bindz-rbp/resources/ATtRACT_hsa/motif_ELAVL4_1096	STAGED	data_frozen/v5_1_data/attract/bindz-rbp/resources/ATtRACT_hsa/motif_ELAVL4_1096（sha256 一致）
D:\stroke_apa	data/attract/bindz-rbp/resources/ATtRACT_hsa/motif_ELAVL4_1097	STAGED	data_frozen/v5_1_data/attract/bindz-rbp/resources/ATtRACT_hsa/motif_ELAVL4_1097（sha256 一致）
D:\stroke_apa	data/attract/bindz-rbp/resources/ATtRACT_hsa/motif_ELAVL4_1098	STAGED	data_frozen/v5_1_data/attract/bindz-rbp/resources/ATtRACT_hsa/motif_ELAVL4_1098（sha256 一致）
D:\stroke_apa	data/attract/bindz-rbp/resources/ATtRACT_hsa/motif_ELAVL4_1099	STAGED	data_frozen/v5_1_data/attract/bindz-rbp/resources/ATtRACT_hsa/motif_ELAVL4_1099（sha256 一致）
D:\stroke_apa	data/attract/bindz-rbp/resources/ATtRACT_hsa/motif_ELAVL4_1100	STAGED	data_frozen/v5_1_data/attract/bindz-rbp/resources/ATtRACT_hsa/motif_ELAVL4_1100（sha256 一致）
D:\stroke_apa	data/attract/bindz-rbp/resources/ATtRACT_hsa/motif_ELAVL4_1101	STAGED	data_frozen/v5_1_data/attract/bindz-rbp/resources/ATtRACT_hsa/motif_ELAVL4_1101（sha256 一致）
D:\stroke_apa	data/attract/bindz-rbp/resources/ATtRACT_hsa/motif_ELAVL4_1102	STAGED	data_frozen/v5_1_data/attract/bindz-rbp/resources/ATtRACT_hsa/motif_ELAVL4_1102（sha256 一致）
D:\stroke_apa	data/attract/bindz-rbp/resources/ATtRACT_hsa/motif_ELAVL4_353	STAGED	data_frozen/v5_1_data/attract/bindz-rbp/resources/ATtRACT_hsa/motif_ELAVL4_353（sha256 一致）
D:\stroke_apa	data/attract/bindz-rbp/resources/ATtRACT_hsa/motif_ELAVL4_424	STAGED	data_frozen/v5_1_data/attract/bindz-rbp/resources/ATtRACT_hsa/motif_ELAVL4_424（sha256 一致）
D:\stroke_apa	data/attract/bindz-rbp/resources/ATtRACT_hsa/motif_ELAVL4_s93	STAGED	data_frozen/v5_1_data/attract/bindz-rbp/resources/ATtRACT_hsa/motif_ELAVL4_s93（sha256 一致）
D:\stroke_apa	data/attract/bindz-rbp/resources/ATtRACT_hsa/motif_ENOX1_M140_0.6	STAGED	data_frozen/v5_1_data/attract/bindz-rbp/resources/ATtRACT_hsa/motif_ENOX1_M140_0.6（sha256 一致）
D:\stroke_apa	data/attract/bindz-rbp/resources/ATtRACT_hsa/motif_ERI1_412	STAGED	data_frozen/v5_1_data/attract/bindz-rbp/resources/ATtRACT_hsa/motif_ERI1_412（sha256 一致）
D:\stroke_apa	data/attract/bindz-rbp/resources/ATtRACT_hsa/motif_ERI1_517	STAGED	data_frozen/v5_1_data/attract/bindz-rbp/resources/ATtRACT_hsa/motif_ERI1_517（sha256 一致）
D:\stroke_apa	data/attract/bindz-rbp/resources/ATtRACT_hsa/motif_ESRP1_601	STAGED	data_frozen/v5_1_data/attract/bindz-rbp/resources/ATtRACT_hsa/motif_ESRP1_601（sha256 一致）
D:\stroke_apa	data/attract/bindz-rbp/resources/ATtRACT_hsa/motif_ESRP2_M141_0.6	STAGED	data_frozen/v5_1_data/attract/bindz-rbp/resources/ATtRACT_hsa/motif_ESRP2_M141_0.6（sha256 一致）
D:\stroke_apa	data/attract/bindz-rbp/resources/ATtRACT_hsa/motif_F2_366	STAGED	data_frozen/v5_1_data/attract/bindz-rbp/resources/ATtRACT_hsa/motif_F2_366（sha256 一致）
D:\stroke_apa	data/attract/bindz-rbp/resources/ATtRACT_hsa/motif_FMR1_450	STAGED	data_frozen/v5_1_data/attract/bindz-rbp/resources/ATtRACT_hsa/motif_FMR1_450（sha256 一致）
D:\stroke_apa	data/attract/bindz-rbp/resources/ATtRACT_hsa/motif_FMR1_604	STAGED	data_frozen/v5_1_data/attract/bindz-rbp/resources/ATtRACT_hsa/motif_FMR1_604（sha256 一致）
D:\stroke_apa	data/attract/bindz-rbp/resources/ATtRACT_hsa/motif_FMR1_605	STAGED	data_frozen/v5_1_data/attract/bindz-rbp/resources/ATtRACT_hsa/motif_FMR1_605（sha256 一致）
D:\stroke_apa	data/attract/bindz-rbp/resources/ATtRACT_hsa/motif_FMR1_606	STAGED	data_frozen/v5_1_data/attract/bindz-rbp/resources/ATtRACT_hsa/motif_FMR1_606（sha256 一致）
D:\stroke_apa	data/attract/bindz-rbp/resources/ATtRACT_hsa/motif_FMR1_607	STAGED	data_frozen/v5_1_data/attract/bindz-rbp/resources/ATtRACT_hsa/motif_FMR1_607（sha256 一致）
D:\stroke_apa	data/attract/bindz-rbp/resources/ATtRACT_hsa/motif_FMR1_608	STAGED	data_frozen/v5_1_data/attract/bindz-rbp/resources/ATtRACT_hsa/motif_FMR1_608（sha256 一致）
D:\stroke_apa	data/attract/bindz-rbp/resources/ATtRACT_hsa/motif_FMR1_609	STAGED	data_frozen/v5_1_data/attract/bindz-rbp/resources/ATtRACT_hsa/motif_FMR1_609（sha256 一致）
D:\stroke_apa	data/attract/bindz-rbp/resources/ATtRACT_hsa/motif_FMR1_610	STAGED	data_frozen/v5_1_data/attract/bindz-rbp/resources/ATtRACT_hsa/motif_FMR1_610（sha256 一致）
D:\stroke_apa	data/attract/bindz-rbp/resources/ATtRACT_hsa/motif_FMR1_611	STAGED	data_frozen/v5_1_data/attract/bindz-rbp/resources/ATtRACT_hsa/motif_FMR1_611（sha256 一致）
D:\stroke_apa	data/attract/bindz-rbp/resources/ATtRACT_hsa/motif_FMR1_78	STAGED	data_frozen/v5_1_data/attract/bindz-rbp/resources/ATtRACT_hsa/motif_FMR1_78（sha256 一致）
D:\stroke_apa	data/attract/bindz-rbp/resources/ATtRACT_hsa/motif_FMR1_91	STAGED	data_frozen/v5_1_data/attract/bindz-rbp/resources/ATtRACT_hsa/motif_FMR1_91（sha256 一致）
D:\stroke_apa	data/attract/bindz-rbp/resources/ATtRACT_hsa/motif_FMR1_M016_0.6	STAGED	data_frozen/v5_1_data/attract/bindz-rbp/resources/ATtRACT_hsa/motif_FMR1_M016_0.6（sha256 一致）
D:\stroke_apa	data/attract/bindz-rbp/resources/ATtRACT_hsa/motif_FMR1_s17	STAGED	data_frozen/v5_1_data/attract/bindz-rbp/resources/ATtRACT_hsa/motif_FMR1_s17（sha256 一致）
D:\stroke_apa	data/attract/bindz-rbp/resources/ATtRACT_hsa/motif_FMR1_s18	STAGED	data_frozen/v5_1_data/attract/bindz-rbp/resources/ATtRACT_hsa/motif_FMR1_s18（sha256 一致）
D:\stroke_apa	data/attract/bindz-rbp/resources/ATtRACT_hsa/motif_FUS_1058	STAGED	data_frozen/v5_1_data/attract/bindz-rbp/resources/ATtRACT_hsa/motif_FUS_1058（sha256 一致）
D:\stroke_apa	data/attract/bindz-rbp/resources/ATtRACT_hsa/motif_FUS_1059	STAGED	data_frozen/v5_1_data/attract/bindz-rbp/resources/ATtRACT_hsa/motif_FUS_1059（sha256 一致）
D:\stroke_apa	data/attract/bindz-rbp/resources/ATtRACT_hsa/motif_FUS_1060	STAGED	data_frozen/v5_1_data/attract/bindz-rbp/resources/ATtRACT_hsa/motif_FUS_1060（sha256 一致）
D:\stroke_apa	data/attract/bindz-rbp/resources/ATtRACT_hsa/motif_FUS_1061	STAGED	data_frozen/v5_1_data/attract/bindz-rbp/resources/ATtRACT_hsa/motif_FUS_1061（sha256 一致）
D:\stroke_apa	data/attract/bindz-rbp/resources/ATtRACT_hsa/motif_FUS_M316_0.6	STAGED	data_frozen/v5_1_data/attract/bindz-rbp/resources/ATtRACT_hsa/motif_FUS_M316_0.6（sha256 一致）
D:\stroke_apa	data/attract/bindz-rbp/resources/ATtRACT_hsa/motif_FUS_s31	STAGED	data_frozen/v5_1_data/attract/bindz-rbp/resources/ATtRACT_hsa/motif_FUS_s31（sha256 一致）
D:\stroke_apa	data/attract/bindz-rbp/resources/ATtRACT_hsa/motif_FXR1_M152_0.6	STAGED	data_frozen/v5_1_data/attract/bindz-rbp/resources/ATtRACT_hsa/motif_FXR1_M152_0.6（sha256 一致）
D:\stroke_apa	data/attract/bindz-rbp/resources/ATtRACT_hsa/motif_FXR2_M020_0.6	STAGED	data_frozen/v5_1_data/attract/bindz-rbp/resources/ATtRACT_hsa/motif_FXR2_M020_0.6（sha256 一致）
D:\stroke_apa	data/attract/bindz-rbp/resources/ATtRACT_hsa/motif_G3BP1_33	STAGED	data_frozen/v5_1_data/attract/bindz-rbp/resources/ATtRACT_hsa/motif_G3BP1_33（sha256 一致）
D:\stroke_apa	data/attract/bindz-rbp/resources/ATtRACT_hsa/motif_G3BP2_M021_0.6	STAGED	data_frozen/v5_1_data/attract/bindz-rbp/resources/ATtRACT_hsa/motif_G3BP2_M021_0.6（sha256 一致）
D:\stroke_apa	data/attract/bindz-rbp/resources/ATtRACT_hsa/motif_GRSF1_46	STAGED	data_frozen/v5_1_data/attract/bindz-rbp/resources/ATtRACT_hsa/motif_GRSF1_46（sha256 一致）
D:\stroke_apa	data/attract/bindz-rbp/resources/ATtRACT_hsa/motif_HNRNPA0_635	STAGED	data_frozen/v5_1_data/attract/bindz-rbp/resources/ATtRACT_hsa/motif_HNRNPA0_635（sha256 一致）
D:\stroke_apa	data/attract/bindz-rbp/resources/ATtRACT_hsa/motif_HNRNPA0_636	STAGED	data_frozen/v5_1_data/attract/bindz-rbp/resources/ATtRACT_hsa/motif_HNRNPA0_636（sha256 一致）
D:\stroke_apa	data/attract/bindz-rbp/resources/ATtRACT_hsa/motif_HNRNPA0_637	STAGED	data_frozen/v5_1_data/attract/bindz-rbp/resources/ATtRACT_hsa/motif_HNRNPA0_637（sha256 一致）
D:\stroke_apa	data/attract/bindz-rbp/resources/ATtRACT_hsa/motif_HNRNPA0_638	STAGED	data_frozen/v5_1_data/attract/bindz-rbp/resources/ATtRACT_hsa/motif_HNRNPA0_638（sha256 一致）
D:\stroke_apa	data/attract/bindz-rbp/resources/ATtRACT_hsa/motif_HNRNPA1L2_M023_0.6	STAGED	data_frozen/v5_1_data/attract/bindz-rbp/resources/ATtRACT_hsa/motif_HNRNPA1L2_M023_0.6（sha256 一致）
D:\stroke_apa	data/attract/bindz-rbp/resources/ATtRACT_hsa/motif_HNRNPA1_1306	STAGED	data_frozen/v5_1_data/attract/bindz-rbp/resources/ATtRACT_hsa/motif_HNRNPA1_1306（sha256 一致）
D:\stroke_apa	data/attract/bindz-rbp/resources/ATtRACT_hsa/motif_HNRNPA1_1346	STAGED	data_frozen/v5_1_data/attract/bindz-rbp/resources/ATtRACT_hsa/motif_HNRNPA1_1346（sha256 一致）
D:\stroke_apa	data/attract/bindz-rbp/resources/ATtRACT_hsa/motif_HNRNPA1_1358	STAGED	data_frozen/v5_1_data/attract/bindz-rbp/resources/ATtRACT_hsa/motif_HNRNPA1_1358（sha256 一致）
D:\stroke_apa	data/attract/bindz-rbp/resources/ATtRACT_hsa/motif_HNRNPA1_1366	STAGED	data_frozen/v5_1_data/attract/bindz-rbp/resources/ATtRACT_hsa/motif_HNRNPA1_1366（sha256 一致）
D:\stroke_apa	data/attract/bindz-rbp/resources/ATtRACT_hsa/motif_HNRNPA1_1397	STAGED	data_frozen/v5_1_data/attract/bindz-rbp/resources/ATtRACT_hsa/motif_HNRNPA1_1397（sha256 一致）
D:\stroke_apa	data/attract/bindz-rbp/resources/ATtRACT_hsa/motif_HNRNPA1_183	STAGED	data_frozen/v5_1_data/attract/bindz-rbp/resources/ATtRACT_hsa/motif_HNRNPA1_183（sha256 一致）
D:\stroke_apa	data/attract/bindz-rbp/resources/ATtRACT_hsa/motif_HNRNPA1_43	STAGED	data_frozen/v5_1_data/attract/bindz-rbp/resources/ATtRACT_hsa/motif_HNRNPA1_43（sha256 一致）
D:\stroke_apa	data/attract/bindz-rbp/resources/ATtRACT_hsa/motif_HNRNPA1_52	STAGED	data_frozen/v5_1_data/attract/bindz-rbp/resources/ATtRACT_hsa/motif_HNRNPA1_52（sha256 一致）
D:\stroke_apa	data/attract/bindz-rbp/resources/ATtRACT_hsa/motif_HNRNPA1_639	STAGED	data_frozen/v5_1_data/attract/bindz-rbp/resources/ATtRACT_hsa/motif_HNRNPA1_639（sha256 一致）
D:\stroke_apa	data/attract/bindz-rbp/resources/ATtRACT_hsa/motif_HNRNPA1_640	STAGED	data_frozen/v5_1_data/attract/bindz-rbp/resources/ATtRACT_hsa/motif_HNRNPA1_640（sha256 一致）
D:\stroke_apa	data/attract/bindz-rbp/resources/ATtRACT_hsa/motif_HNRNPA1_641	STAGED	data_frozen/v5_1_data/attract/bindz-rbp/resources/ATtRACT_hsa/motif_HNRNPA1_641（sha256 一致）
D:\stroke_apa	data/attract/bindz-rbp/resources/ATtRACT_hsa/motif_HNRNPA1_642	STAGED	data_frozen/v5_1_data/attract/bindz-rbp/resources/ATtRACT_hsa/motif_HNRNPA1_642（sha256 一致）
D:\stroke_apa	data/attract/bindz-rbp/resources/ATtRACT_hsa/motif_HNRNPA1_643	STAGED	data_frozen/v5_1_data/attract/bindz-rbp/resources/ATtRACT_hsa/motif_HNRNPA1_643（sha256 一致）
D:\stroke_apa	data/attract/bindz-rbp/resources/ATtRACT_hsa/motif_HNRNPA1_644	STAGED	data_frozen/v5_1_data/attract/bindz-rbp/resources/ATtRACT_hsa/motif_HNRNPA1_644（sha256 一致）
D:\stroke_apa	data/attract/bindz-rbp/resources/ATtRACT_hsa/motif_HNRNPA1_645	STAGED	data_frozen/v5_1_data/attract/bindz-rbp/resources/ATtRACT_hsa/motif_HNRNPA1_645（sha256 一致）
D:\stroke_apa	data/attract/bindz-rbp/resources/ATtRACT_hsa/motif_HNRNPA1_646	STAGED	data_frozen/v5_1_data/attract/bindz-rbp/resources/ATtRACT_hsa/motif_HNRNPA1_646（sha256 一致）
D:\stroke_apa	data/attract/bindz-rbp/resources/ATtRACT_hsa/motif_HNRNPA1_647	STAGED	data_frozen/v5_1_data/attract/bindz-rbp/resources/ATtRACT_hsa/motif_HNRNPA1_647（sha256 一致）
D:\stroke_apa	data/attract/bindz-rbp/resources/ATtRACT_hsa/motif_HNRNPA1_648	STAGED	data_frozen/v5_1_data/attract/bindz-rbp/resources/ATtRACT_hsa/motif_HNRNPA1_648（sha256 一致）
D:\stroke_apa	data/attract/bindz-rbp/resources/ATtRACT_hsa/motif_HNRNPA1_649	STAGED	data_frozen/v5_1_data/attract/bindz-rbp/resources/ATtRACT_hsa/motif_HNRNPA1_649（sha256 一致）
D:\stroke_apa	data/attract/bindz-rbp/resources/ATtRACT_hsa/motif_HNRNPA1_650	STAGED	data_frozen/v5_1_data/attract/bindz-rbp/resources/ATtRACT_hsa/motif_HNRNPA1_650（sha256 一致）
D:\stroke_apa	data/attract/bindz-rbp/resources/ATtRACT_hsa/motif_HNRNPA1_651	STAGED	data_frozen/v5_1_data/attract/bindz-rbp/resources/ATtRACT_hsa/motif_HNRNPA1_651（sha256 一致）
D:\stroke_apa	data/attract/bindz-rbp/resources/ATtRACT_hsa/motif_HNRNPA1_652	STAGED	data_frozen/v5_1_data/attract/bindz-rbp/resources/ATtRACT_hsa/motif_HNRNPA1_652（sha256 一致）
D:\stroke_apa	data/attract/bindz-rbp/resources/ATtRACT_hsa/motif_HNRNPA1_653	STAGED	data_frozen/v5_1_data/attract/bindz-rbp/resources/ATtRACT_hsa/motif_HNRNPA1_653（sha256 一致）
D:\stroke_apa	data/attract/bindz-rbp/resources/ATtRACT_hsa/motif_HNRNPA1_654	STAGED	data_frozen/v5_1_data/attract/bindz-rbp/resources/ATtRACT_hsa/motif_HNRNPA1_654（sha256 一致）
D:\stroke_apa	data/attract/bindz-rbp/resources/ATtRACT_hsa/motif_HNRNPA1_655	STAGED	data_frozen/v5_1_data/attract/bindz-rbp/resources/ATtRACT_hsa/motif_HNRNPA1_655（sha256 一致）
D:\stroke_apa	data/attract/bindz-rbp/resources/ATtRACT_hsa/motif_HNRNPA1_656	STAGED	data_frozen/v5_1_data/attract/bindz-rbp/resources/ATtRACT_hsa/motif_HNRNPA1_656（sha256 一致）
D:\stroke_apa	data/attract/bindz-rbp/resources/ATtRACT_hsa/motif_HNRNPA1_657	STAGED	data_frozen/v5_1_data/attract/bindz-rbp/resources/ATtRACT_hsa/motif_HNRNPA1_657（sha256 一致）
D:\stroke_apa	data/attract/bindz-rbp/resources/ATtRACT_hsa/motif_HNRNPA1_658	STAGED	data_frozen/v5_1_data/attract/bindz-rbp/resources/ATtRACT_hsa/motif_HNRNPA1_658（sha256 一致）
D:\stroke_apa	data/attract/bindz-rbp/resources/ATtRACT_hsa/motif_HNRNPA1_659	STAGED	data_frozen/v5_1_data/attract/bindz-rbp/resources/ATtRACT_hsa/motif_HNRNPA1_659（sha256 一致）
D:\stroke_apa	data/attract/bindz-rbp/resources/ATtRACT_hsa/motif_HNRNPA1_660	STAGED	data_frozen/v5_1_data/attract/bindz-rbp/resources/ATtRACT_hsa/motif_HNRNPA1_660（sha256 一致）
D:\stroke_apa	data/attract/bindz-rbp/resources/ATtRACT_hsa/motif_HNRNPA1_661	STAGED	data_frozen/v5_1_data/attract/bindz-rbp/resources/ATtRACT_hsa/motif_HNRNPA1_661（sha256 一致）
D:\stroke_apa	data/attract/bindz-rbp/resources/ATtRACT_hsa/motif_HNRNPA1_662	STAGED	data_frozen/v5_1_data/attract/bindz-rbp/resources/ATtRACT_hsa/motif_HNRNPA1_662（sha256 一致）
D:\stroke_apa	data/attract/bindz-rbp/resources/ATtRACT_hsa/motif_HNRNPA1_663	STAGED	data_frozen/v5_1_data/attract/bindz-rbp/resources/ATtRACT_hsa/motif_HNRNPA1_663（sha256 一致）
D:\stroke_apa	data/attract/bindz-rbp/resources/ATtRACT_hsa/motif_HNRNPA1_664	STAGED	data_frozen/v5_1_data/attract/bindz-rbp/resources/ATtRACT_hsa/motif_HNRNPA1_664（sha256 一致）
D:\stroke_apa	data/attract/bindz-rbp/resources/ATtRACT_hsa/motif_HNRNPA1_665	STAGED	data_frozen/v5_1_data/attract/bindz-rbp/resources/ATtRACT_hsa/motif_HNRNPA1_665（sha256 一致）
D:\stroke_apa	data/attract/bindz-rbp/resources/ATtRACT_hsa/motif_HNRNPA1_673	STAGED	data_frozen/v5_1_data/attract/bindz-rbp/resources/ATtRACT_hsa/motif_HNRNPA1_673（sha256 一致）
D:\stroke_apa	data/attract/bindz-rbp/resources/ATtRACT_hsa/motif_HNRNPA1_674	STAGED	data_frozen/v5_1_data/attract/bindz-rbp/resources/ATtRACT_hsa/motif_HNRNPA1_674（sha256 一致）
D:\stroke_apa	data/attract/bindz-rbp/resources/ATtRACT_hsa/motif_HNRNPA1_675	STAGED	data_frozen/v5_1_data/attract/bindz-rbp/resources/ATtRACT_hsa/motif_HNRNPA1_675（sha256 一致）
D:\stroke_apa	data/attract/bindz-rbp/resources/ATtRACT_hsa/motif_HNRNPA1_676	STAGED	data_frozen/v5_1_data/attract/bindz-rbp/resources/ATtRACT_hsa/motif_HNRNPA1_676（sha256 一致）
D:\stroke_apa	data/attract/bindz-rbp/resources/ATtRACT_hsa/motif_HNRNPA1_677	STAGED	data_frozen/v5_1_data/attract/bindz-rbp/resources/ATtRACT_hsa/motif_HNRNPA1_677（sha256 一致）
D:\stroke_apa	data/attract/bindz-rbp/resources/ATtRACT_hsa/motif_HNRNPA1_678	STAGED	data_frozen/v5_1_data/attract/bindz-rbp/resources/ATtRACT_hsa/motif_HNRNPA1_678（sha256 一致）
D:\stroke_apa	data/attract/bindz-rbp/resources/ATtRACT_hsa/motif_HNRNPA1_679	STAGED	data_frozen/v5_1_data/attract/bindz-rbp/resources/ATtRACT_hsa/motif_HNRNPA1_679（sha256 一致）
D:\stroke_apa	data/attract/bindz-rbp/resources/ATtRACT_hsa/motif_HNRNPA1_680	STAGED	data_frozen/v5_1_data/attract/bindz-rbp/resources/ATtRACT_hsa/motif_HNRNPA1_680（sha256 一致）
D:\stroke_apa	data/attract/bindz-rbp/resources/ATtRACT_hsa/motif_HNRNPA1_681	STAGED	data_frozen/v5_1_data/attract/bindz-rbp/resources/ATtRACT_hsa/motif_HNRNPA1_681（sha256 一致）
D:\stroke_apa	data/attract/bindz-rbp/resources/ATtRACT_hsa/motif_HNRNPA1_682	STAGED	data_frozen/v5_1_data/attract/bindz-rbp/resources/ATtRACT_hsa/motif_HNRNPA1_682（sha256 一致）
D:\stroke_apa	data/attract/bindz-rbp/resources/ATtRACT_hsa/motif_HNRNPA1_683	STAGED	data_frozen/v5_1_data/attract/bindz-rbp/resources/ATtRACT_hsa/motif_HNRNPA1_683（sha256 一致）
D:\stroke_apa	data/attract/bindz-rbp/resources/ATtRACT_hsa/motif_HNRNPA1_684	STAGED	data_frozen/v5_1_data/attract/bindz-rbp/resources/ATtRACT_hsa/motif_HNRNPA1_684（sha256 一致）
D:\stroke_apa	data/attract/bindz-rbp/resources/ATtRACT_hsa/motif_HNRNPA1_685	STAGED	data_frozen/v5_1_data/attract/bindz-rbp/resources/ATtRACT_hsa/motif_HNRNPA1_685（sha256 一致）
D:\stroke_apa	data/attract/bindz-rbp/resources/ATtRACT_hsa/motif_HNRNPA1_686	STAGED	data_frozen/v5_1_data/attract/bindz-rbp/resources/ATtRACT_hsa/motif_HNRNPA1_686（sha256 一致）
D:\stroke_apa	data/attract/bindz-rbp/resources/ATtRACT_hsa/motif_HNRNPA1_687	STAGED	data_frozen/v5_1_data/attract/bindz-rbp/resources/ATtRACT_hsa/motif_HNRNPA1_687（sha256 一致）
D:\stroke_apa	data/attract/bindz-rbp/resources/ATtRACT_hsa/motif_HNRNPA1_688	STAGED	data_frozen/v5_1_data/attract/bindz-rbp/resources/ATtRACT_hsa/motif_HNRNPA1_688（sha256 一致）
D:\stroke_apa	data/attract/bindz-rbp/resources/ATtRACT_hsa/motif_HNRNPA1_689	STAGED	data_frozen/v5_1_data/attract/bindz-rbp/resources/ATtRACT_hsa/motif_HNRNPA1_689（sha256 一致）
D:\stroke_apa	data/attract/bindz-rbp/resources/ATtRACT_hsa/motif_HNRNPA1_690	STAGED	data_frozen/v5_1_data/attract/bindz-rbp/resources/ATtRACT_hsa/motif_HNRNPA1_690（sha256 一致）
D:\stroke_apa	data/attract/bindz-rbp/resources/ATtRACT_hsa/motif_HNRNPA1_691	STAGED	data_frozen/v5_1_data/attract/bindz-rbp/resources/ATtRACT_hsa/motif_HNRNPA1_691（sha256 一致）
D:\stroke_apa	data/attract/bindz-rbp/resources/ATtRACT_hsa/motif_HNRNPA1_692	STAGED	data_frozen/v5_1_data/attract/bindz-rbp/resources/ATtRACT_hsa/motif_HNRNPA1_692（sha256 一致）
D:\stroke_apa	data/attract/bindz-rbp/resources/ATtRACT_hsa/motif_HNRNPA1_693	STAGED	data_frozen/v5_1_data/attract/bindz-rbp/resources/ATtRACT_hsa/motif_HNRNPA1_693（sha256 一致）
D:\stroke_apa	data/attract/bindz-rbp/resources/ATtRACT_hsa/motif_HNRNPA1_694	STAGED	data_frozen/v5_1_data/attract/bindz-rbp/resources/ATtRACT_hsa/motif_HNRNPA1_694（sha256 一致）
D:\stroke_apa	data/attract/bindz-rbp/resources/ATtRACT_hsa/motif_HNRNPA1_695	STAGED	data_frozen/v5_1_data/attract/bindz-rbp/resources/ATtRACT_hsa/motif_HNRNPA1_695（sha256 一致）
D:\stroke_apa	data/attract/bindz-rbp/resources/ATtRACT_hsa/motif_HNRNPA1_696	STAGED	data_frozen/v5_1_data/attract/bindz-rbp/resources/ATtRACT_hsa/motif_HNRNPA1_696（sha256 一致）
D:\stroke_apa	data/attract/bindz-rbp/resources/ATtRACT_hsa/motif_HNRNPA1_72	STAGED	data_frozen/v5_1_data/attract/bindz-rbp/resources/ATtRACT_hsa/motif_HNRNPA1_72（sha256 一致）
D:\stroke_apa	data/attract/bindz-rbp/resources/ATtRACT_hsa/motif_HNRNPA1_M022_0.6	STAGED	data_frozen/v5_1_data/attract/bindz-rbp/resources/ATtRACT_hsa/motif_HNRNPA1_M022_0.6（sha256 一致）
D:\stroke_apa	data/attract/bindz-rbp/resources/ATtRACT_hsa/motif_HNRNPA1_M271_0.6	STAGED	data_frozen/v5_1_data/attract/bindz-rbp/resources/ATtRACT_hsa/motif_HNRNPA1_M271_0.6（sha256 一致）
D:\stroke_apa	data/attract/bindz-rbp/resources/ATtRACT_hsa/motif_HNRNPA1_s32	STAGED	data_frozen/v5_1_data/attract/bindz-rbp/resources/ATtRACT_hsa/motif_HNRNPA1_s32（sha256 一致）
D:\stroke_apa	data/attract/bindz-rbp/resources/ATtRACT_hsa/motif_HNRNPA2B1_125	STAGED	data_frozen/v5_1_data/attract/bindz-rbp/resources/ATtRACT_hsa/motif_HNRNPA2B1_125（sha256 一致）
D:\stroke_apa	data/attract/bindz-rbp/resources/ATtRACT_hsa/motif_HNRNPA2B1_697	STAGED	data_frozen/v5_1_data/attract/bindz-rbp/resources/ATtRACT_hsa/motif_HNRNPA2B1_697（sha256 一致）
D:\stroke_apa	data/attract/bindz-rbp/resources/ATtRACT_hsa/motif_HNRNPA2B1_698	STAGED	data_frozen/v5_1_data/attract/bindz-rbp/resources/ATtRACT_hsa/motif_HNRNPA2B1_698（sha256 一致）
D:\stroke_apa	data/attract/bindz-rbp/resources/ATtRACT_hsa/motif_HNRNPA2B1_699	STAGED	data_frozen/v5_1_data/attract/bindz-rbp/resources/ATtRACT_hsa/motif_HNRNPA2B1_699（sha256 一致）
D:\stroke_apa	data/attract/bindz-rbp/resources/ATtRACT_hsa/motif_HNRNPA2B1_700	STAGED	data_frozen/v5_1_data/attract/bindz-rbp/resources/ATtRACT_hsa/motif_HNRNPA2B1_700（sha256 一致）
D:\stroke_apa	data/attract/bindz-rbp/resources/ATtRACT_hsa/motif_HNRNPA2B1_701	STAGED	data_frozen/v5_1_data/attract/bindz-rbp/resources/ATtRACT_hsa/motif_HNRNPA2B1_701（sha256 一致）
D:\stroke_apa	data/attract/bindz-rbp/resources/ATtRACT_hsa/motif_HNRNPA2B1_702	STAGED	data_frozen/v5_1_data/attract/bindz-rbp/resources/ATtRACT_hsa/motif_HNRNPA2B1_702（sha256 一致）
D:\stroke_apa	data/attract/bindz-rbp/resources/ATtRACT_hsa/motif_HNRNPA2B1_703	STAGED	data_frozen/v5_1_data/attract/bindz-rbp/resources/ATtRACT_hsa/motif_HNRNPA2B1_703（sha256 一致）
D:\stroke_apa	data/attract/bindz-rbp/resources/ATtRACT_hsa/motif_HNRNPA2B1_704	STAGED	data_frozen/v5_1_data/attract/bindz-rbp/resources/ATtRACT_hsa/motif_HNRNPA2B1_704（sha256 一致）
D:\stroke_apa	data/attract/bindz-rbp/resources/ATtRACT_hsa/motif_HNRNPA2B1_705	STAGED	data_frozen/v5_1_data/attract/bindz-rbp/resources/ATtRACT_hsa/motif_HNRNPA2B1_705（sha256 一致）
D:\stroke_apa	data/attract/bindz-rbp/resources/ATtRACT_hsa/motif_HNRNPA2B1_706	STAGED	data_frozen/v5_1_data/attract/bindz-rbp/resources/ATtRACT_hsa/motif_HNRNPA2B1_706（sha256 一致）
D:\stroke_apa	data/attract/bindz-rbp/resources/ATtRACT_hsa/motif_HNRNPA2B1_707	STAGED	data_frozen/v5_1_data/attract/bindz-rbp/resources/ATtRACT_hsa/motif_HNRNPA2B1_707（sha256 一致）
D:\stroke_apa	data/attract/bindz-rbp/resources/ATtRACT_hsa/motif_HNRNPA2B1_708	STAGED	data_frozen/v5_1_data/attract/bindz-rbp/resources/ATtRACT_hsa/motif_HNRNPA2B1_708（sha256 一致）
D:\stroke_apa	data/attract/bindz-rbp/resources/ATtRACT_hsa/motif_HNRNPA2B1_709	STAGED	data_frozen/v5_1_data/attract/bindz-rbp/resources/ATtRACT_hsa/motif_HNRNPA2B1_709（sha256 一致）
D:\stroke_apa	data/attract/bindz-rbp/resources/ATtRACT_hsa/motif_HNRNPA2B1_710	STAGED	data_frozen/v5_1_data/attract/bindz-rbp/resources/ATtRACT_hsa/motif_HNRNPA2B1_710（sha256 一致）
D:\stroke_apa	data/attract/bindz-rbp/resources/ATtRACT_hsa/motif_HNRNPA2B1_711	STAGED	data_frozen/v5_1_data/attract/bindz-rbp/resources/ATtRACT_hsa/motif_HNRNPA2B1_711（sha256 一致）
D:\stroke_apa	data/attract/bindz-rbp/resources/ATtRACT_hsa/motif_HNRNPA2B1_M024_0.6	STAGED	data_frozen/v5_1_data/attract/bindz-rbp/resources/ATtRACT_hsa/motif_HNRNPA2B1_M024_0.6（sha256 一致）
D:\stroke_apa	data/attract/bindz-rbp/resources/ATtRACT_hsa/motif_HNRNPA3_123	STAGED	data_frozen/v5_1_data/attract/bindz-rbp/resources/ATtRACT_hsa/motif_HNRNPA3_123（sha256 一致）
D:\stroke_apa	data/attract/bindz-rbp/resources/ATtRACT_hsa/motif_HNRNPAB_1396	STAGED	data_frozen/v5_1_data/attract/bindz-rbp/resources/ATtRACT_hsa/motif_HNRNPAB_1396（sha256 一致）
D:\stroke_apa	data/attract/bindz-rbp/resources/ATtRACT_hsa/motif_HNRNPAB_76	STAGED	data_frozen/v5_1_data/attract/bindz-rbp/resources/ATtRACT_hsa/motif_HNRNPAB_76（sha256 一致）
D:\stroke_apa	data/attract/bindz-rbp/resources/ATtRACT_hsa/motif_HNRNPCL1_M158_0.6	STAGED	data_frozen/v5_1_data/attract/bindz-rbp/resources/ATtRACT_hsa/motif_HNRNPCL1_M158_0.6（sha256 一致）
D:\stroke_apa	data/attract/bindz-rbp/resources/ATtRACT_hsa/motif_HNRNPC_712	STAGED	data_frozen/v5_1_data/attract/bindz-rbp/resources/ATtRACT_hsa/motif_HNRNPC_712（sha256 一致）
D:\stroke_apa	data/attract/bindz-rbp/resources/ATtRACT_hsa/motif_HNRNPC_720	STAGED	data_frozen/v5_1_data/attract/bindz-rbp/resources/ATtRACT_hsa/motif_HNRNPC_720（sha256 一致）
D:\stroke_apa	data/attract/bindz-rbp/resources/ATtRACT_hsa/motif_HNRNPC_721	STAGED	data_frozen/v5_1_data/attract/bindz-rbp/resources/ATtRACT_hsa/motif_HNRNPC_721（sha256 一致）
D:\stroke_apa	data/attract/bindz-rbp/resources/ATtRACT_hsa/motif_HNRNPC_722	STAGED	data_frozen/v5_1_data/attract/bindz-rbp/resources/ATtRACT_hsa/motif_HNRNPC_722（sha256 一致）
D:\stroke_apa	data/attract/bindz-rbp/resources/ATtRACT_hsa/motif_HNRNPC_723	STAGED	data_frozen/v5_1_data/attract/bindz-rbp/resources/ATtRACT_hsa/motif_HNRNPC_723（sha256 一致）
D:\stroke_apa	data/attract/bindz-rbp/resources/ATtRACT_hsa/motif_HNRNPC_724	STAGED	data_frozen/v5_1_data/attract/bindz-rbp/resources/ATtRACT_hsa/motif_HNRNPC_724（sha256 一致）
D:\stroke_apa	data/attract/bindz-rbp/resources/ATtRACT_hsa/motif_HNRNPC_725	STAGED	data_frozen/v5_1_data/attract/bindz-rbp/resources/ATtRACT_hsa/motif_HNRNPC_725（sha256 一致）
D:\stroke_apa	data/attract/bindz-rbp/resources/ATtRACT_hsa/motif_HNRNPC_726	STAGED	data_frozen/v5_1_data/attract/bindz-rbp/resources/ATtRACT_hsa/motif_HNRNPC_726（sha256 一致）
D:\stroke_apa	data/attract/bindz-rbp/resources/ATtRACT_hsa/motif_HNRNPC_727	STAGED	data_frozen/v5_1_data/attract/bindz-rbp/resources/ATtRACT_hsa/motif_HNRNPC_727（sha256 一致）
D:\stroke_apa	data/attract/bindz-rbp/resources/ATtRACT_hsa/motif_HNRNPC_729	STAGED	data_frozen/v5_1_data/attract/bindz-rbp/resources/ATtRACT_hsa/motif_HNRNPC_729（sha256 一致）
D:\stroke_apa	data/attract/bindz-rbp/resources/ATtRACT_hsa/motif_HNRNPC_730	STAGED	data_frozen/v5_1_data/attract/bindz-rbp/resources/ATtRACT_hsa/motif_HNRNPC_730（sha256 一致）
D:\stroke_apa	data/attract/bindz-rbp/resources/ATtRACT_hsa/motif_HNRNPC_731	STAGED	data_frozen/v5_1_data/attract/bindz-rbp/resources/ATtRACT_hsa/motif_HNRNPC_731（sha256 一致）
D:\stroke_apa	data/attract/bindz-rbp/resources/ATtRACT_hsa/motif_HNRNPC_732	STAGED	data_frozen/v5_1_data/attract/bindz-rbp/resources/ATtRACT_hsa/motif_HNRNPC_732（sha256 一致）
D:\stroke_apa	data/attract/bindz-rbp/resources/ATtRACT_hsa/motif_HNRNPC_733	STAGED	data_frozen/v5_1_data/attract/bindz-rbp/resources/ATtRACT_hsa/motif_HNRNPC_733（sha256 一致）
D:\stroke_apa	data/attract/bindz-rbp/resources/ATtRACT_hsa/motif_HNRNPC_M025_0.6	STAGED	data_frozen/v5_1_data/attract/bindz-rbp/resources/ATtRACT_hsa/motif_HNRNPC_M025_0.6（sha256 一致）
D:\stroke_apa	data/attract/bindz-rbp/resources/ATtRACT_hsa/motif_HNRNPC_s13	STAGED	data_frozen/v5_1_data/attract/bindz-rbp/resources/ATtRACT_hsa/motif_HNRNPC_s13（sha256 一致）
D:\stroke_apa	data/attract/bindz-rbp/resources/ATtRACT_hsa/motif_HNRNPDL_745	STAGED	data_frozen/v5_1_data/attract/bindz-rbp/resources/ATtRACT_hsa/motif_HNRNPDL_745（sha256 一致）
D:\stroke_apa	data/attract/bindz-rbp/resources/ATtRACT_hsa/motif_HNRNPDL_746	STAGED	data_frozen/v5_1_data/attract/bindz-rbp/resources/ATtRACT_hsa/motif_HNRNPDL_746（sha256 一致）
D:\stroke_apa	data/attract/bindz-rbp/resources/ATtRACT_hsa/motif_HNRNPDL_747	STAGED	data_frozen/v5_1_data/attract/bindz-rbp/resources/ATtRACT_hsa/motif_HNRNPDL_747（sha256 一致）
D:\stroke_apa	data/attract/bindz-rbp/resources/ATtRACT_hsa/motif_HNRNPDL_s35	STAGED	data_frozen/v5_1_data/attract/bindz-rbp/resources/ATtRACT_hsa/motif_HNRNPDL_s35（sha256 一致）
D:\stroke_apa	data/attract/bindz-rbp/resources/ATtRACT_hsa/motif_HNRNPDL_s36	STAGED	data_frozen/v5_1_data/attract/bindz-rbp/resources/ATtRACT_hsa/motif_HNRNPDL_s36（sha256 一致）
D:\stroke_apa	data/attract/bindz-rbp/resources/ATtRACT_hsa/motif_HNRNPDL_s43	STAGED	data_frozen/v5_1_data/attract/bindz-rbp/resources/ATtRACT_hsa/motif_HNRNPDL_s43（sha256 一致）
D:\stroke_apa	data/attract/bindz-rbp/resources/ATtRACT_hsa/motif_HNRNPDL_s44	STAGED	data_frozen/v5_1_data/attract/bindz-rbp/resources/ATtRACT_hsa/motif_HNRNPDL_s44（sha256 一致）
D:\stroke_apa	data/attract/bindz-rbp/resources/ATtRACT_hsa/motif_HNRNPDL_s79	STAGED	data_frozen/v5_1_data/attract/bindz-rbp/resources/ATtRACT_hsa/motif_HNRNPDL_s79（sha256 一致）
D:\stroke_apa	data/attract/bindz-rbp/resources/ATtRACT_hsa/motif_HNRNPD_735	STAGED	data_frozen/v5_1_data/attract/bindz-rbp/resources/ATtRACT_hsa/motif_HNRNPD_735（sha256 一致）
D:\stroke_apa	data/attract/bindz-rbp/resources/ATtRACT_hsa/motif_HNRNPD_736	STAGED	data_frozen/v5_1_data/attract/bindz-rbp/resources/ATtRACT_hsa/motif_HNRNPD_736（sha256 一致）
D:\stroke_apa	data/attract/bindz-rbp/resources/ATtRACT_hsa/motif_HNRNPD_737	STAGED	data_frozen/v5_1_data/attract/bindz-rbp/resources/ATtRACT_hsa/motif_HNRNPD_737（sha256 一致）
D:\stroke_apa	data/attract/bindz-rbp/resources/ATtRACT_hsa/motif_HNRNPD_738	STAGED	data_frozen/v5_1_data/attract/bindz-rbp/resources/ATtRACT_hsa/motif_HNRNPD_738（sha256 一致）
D:\stroke_apa	data/attract/bindz-rbp/resources/ATtRACT_hsa/motif_HNRNPD_739	STAGED	data_frozen/v5_1_data/attract/bindz-rbp/resources/ATtRACT_hsa/motif_HNRNPD_739（sha256 一致）
D:\stroke_apa	data/attract/bindz-rbp/resources/ATtRACT_hsa/motif_HNRNPD_740	STAGED	data_frozen/v5_1_data/attract/bindz-rbp/resources/ATtRACT_hsa/motif_HNRNPD_740（sha256 一致）
D:\stroke_apa	data/attract/bindz-rbp/resources/ATtRACT_hsa/motif_HNRNPD_741	STAGED	data_frozen/v5_1_data/attract/bindz-rbp/resources/ATtRACT_hsa/motif_HNRNPD_741（sha256 一致）
D:\stroke_apa	data/attract/bindz-rbp/resources/ATtRACT_hsa/motif_HNRNPD_742	STAGED	data_frozen/v5_1_data/attract/bindz-rbp/resources/ATtRACT_hsa/motif_HNRNPD_742（sha256 一致）
D:\stroke_apa	data/attract/bindz-rbp/resources/ATtRACT_hsa/motif_HNRNPD_743	STAGED	data_frozen/v5_1_data/attract/bindz-rbp/resources/ATtRACT_hsa/motif_HNRNPD_743（sha256 一致）
D:\stroke_apa	data/attract/bindz-rbp/resources/ATtRACT_hsa/motif_HNRNPD_744	STAGED	data_frozen/v5_1_data/attract/bindz-rbp/resources/ATtRACT_hsa/motif_HNRNPD_744（sha256 一致）
D:\stroke_apa	data/attract/bindz-rbp/resources/ATtRACT_hsa/motif_HNRNPF_1331	STAGED	data_frozen/v5_1_data/attract/bindz-rbp/resources/ATtRACT_hsa/motif_HNRNPF_1331（sha256 一致）
D:\stroke_apa	data/attract/bindz-rbp/resources/ATtRACT_hsa/motif_HNRNPF_171	STAGED	data_frozen/v5_1_data/attract/bindz-rbp/resources/ATtRACT_hsa/motif_HNRNPF_171（sha256 一致）
D:\stroke_apa	data/attract/bindz-rbp/resources/ATtRACT_hsa/motif_HNRNPF_801	STAGED	data_frozen/v5_1_data/attract/bindz-rbp/resources/ATtRACT_hsa/motif_HNRNPF_801（sha256 一致）
D:\stroke_apa	data/attract/bindz-rbp/resources/ATtRACT_hsa/motif_HNRNPF_802	STAGED	data_frozen/v5_1_data/attract/bindz-rbp/resources/ATtRACT_hsa/motif_HNRNPF_802（sha256 一致）
D:\stroke_apa	data/attract/bindz-rbp/resources/ATtRACT_hsa/motif_HNRNPF_803	STAGED	data_frozen/v5_1_data/attract/bindz-rbp/resources/ATtRACT_hsa/motif_HNRNPF_803（sha256 一致）
D:\stroke_apa	data/attract/bindz-rbp/resources/ATtRACT_hsa/motif_HNRNPF_804	STAGED	data_frozen/v5_1_data/attract/bindz-rbp/resources/ATtRACT_hsa/motif_HNRNPF_804（sha256 一致）
D:\stroke_apa	data/attract/bindz-rbp/resources/ATtRACT_hsa/motif_HNRNPF_805	STAGED	data_frozen/v5_1_data/attract/bindz-rbp/resources/ATtRACT_hsa/motif_HNRNPF_805（sha256 一致）
D:\stroke_apa	data/attract/bindz-rbp/resources/ATtRACT_hsa/motif_HNRNPF_806	STAGED	data_frozen/v5_1_data/attract/bindz-rbp/resources/ATtRACT_hsa/motif_HNRNPF_806（sha256 一致）
D:\stroke_apa	data/attract/bindz-rbp/resources/ATtRACT_hsa/motif_HNRNPF_807	STAGED	data_frozen/v5_1_data/attract/bindz-rbp/resources/ATtRACT_hsa/motif_HNRNPF_807（sha256 一致）
D:\stroke_apa	data/attract/bindz-rbp/resources/ATtRACT_hsa/motif_HNRNPF_808	STAGED	data_frozen/v5_1_data/attract/bindz-rbp/resources/ATtRACT_hsa/motif_HNRNPF_808（sha256 一致）
D:\stroke_apa	data/attract/bindz-rbp/resources/ATtRACT_hsa/motif_HNRNPF_809	STAGED	data_frozen/v5_1_data/attract/bindz-rbp/resources/ATtRACT_hsa/motif_HNRNPF_809（sha256 一致）
D:\stroke_apa	data/attract/bindz-rbp/resources/ATtRACT_hsa/motif_HNRNPF_810	STAGED	data_frozen/v5_1_data/attract/bindz-rbp/resources/ATtRACT_hsa/motif_HNRNPF_810（sha256 一致）
D:\stroke_apa	data/attract/bindz-rbp/resources/ATtRACT_hsa/motif_HNRNPF_811	STAGED	data_frozen/v5_1_data/attract/bindz-rbp/resources/ATtRACT_hsa/motif_HNRNPF_811（sha256 一致）
D:\stroke_apa	data/attract/bindz-rbp/resources/ATtRACT_hsa/motif_HNRNPF_812	STAGED	data_frozen/v5_1_data/attract/bindz-rbp/resources/ATtRACT_hsa/motif_HNRNPF_812（sha256 一致）
D:\stroke_apa	data/attract/bindz-rbp/resources/ATtRACT_hsa/motif_HNRNPF_813	STAGED	data_frozen/v5_1_data/attract/bindz-rbp/resources/ATtRACT_hsa/motif_HNRNPF_813（sha256 一致）
D:\stroke_apa	data/attract/bindz-rbp/resources/ATtRACT_hsa/motif_HNRNPF_814	STAGED	data_frozen/v5_1_data/attract/bindz-rbp/resources/ATtRACT_hsa/motif_HNRNPF_814（sha256 一致）
D:\stroke_apa	data/attract/bindz-rbp/resources/ATtRACT_hsa/motif_HNRNPF_815	STAGED	data_frozen/v5_1_data/attract/bindz-rbp/resources/ATtRACT_hsa/motif_HNRNPF_815（sha256 一致）
D:\stroke_apa	data/attract/bindz-rbp/resources/ATtRACT_hsa/motif_HNRNPF_816	STAGED	data_frozen/v5_1_data/attract/bindz-rbp/resources/ATtRACT_hsa/motif_HNRNPF_816（sha256 一致）
D:\stroke_apa	data/attract/bindz-rbp/resources/ATtRACT_hsa/motif_HNRNPF_817	STAGED	data_frozen/v5_1_data/attract/bindz-rbp/resources/ATtRACT_hsa/motif_HNRNPF_817（sha256 一致）
D:\stroke_apa	data/attract/bindz-rbp/resources/ATtRACT_hsa/motif_HNRNPF_818	STAGED	data_frozen/v5_1_data/attract/bindz-rbp/resources/ATtRACT_hsa/motif_HNRNPF_818（sha256 一致）
D:\stroke_apa	data/attract/bindz-rbp/resources/ATtRACT_hsa/motif_HNRNPF_819	STAGED	data_frozen/v5_1_data/attract/bindz-rbp/resources/ATtRACT_hsa/motif_HNRNPF_819（sha256 一致）
D:\stroke_apa	data/attract/bindz-rbp/resources/ATtRACT_hsa/motif_HNRNPF_820	STAGED	data_frozen/v5_1_data/attract/bindz-rbp/resources/ATtRACT_hsa/motif_HNRNPF_820（sha256 一致）
D:\stroke_apa	data/attract/bindz-rbp/resources/ATtRACT_hsa/motif_HNRNPF_821	STAGED	data_frozen/v5_1_data/attract/bindz-rbp/resources/ATtRACT_hsa/motif_HNRNPF_821（sha256 一致）
D:\stroke_apa	data/attract/bindz-rbp/resources/ATtRACT_hsa/motif_HNRNPF_822	STAGED	data_frozen/v5_1_data/attract/bindz-rbp/resources/ATtRACT_hsa/motif_HNRNPF_822（sha256 一致）
D:\stroke_apa	data/attract/bindz-rbp/resources/ATtRACT_hsa/motif_HNRNPF_823	STAGED	data_frozen/v5_1_data/attract/bindz-rbp/resources/ATtRACT_hsa/motif_HNRNPF_823（sha256 一致）
D:\stroke_apa	data/attract/bindz-rbp/resources/ATtRACT_hsa/motif_HNRNPF_824	STAGED	data_frozen/v5_1_data/attract/bindz-rbp/resources/ATtRACT_hsa/motif_HNRNPF_824（sha256 一致）
D:\stroke_apa	data/attract/bindz-rbp/resources/ATtRACT_hsa/motif_HNRNPF_825	STAGED	data_frozen/v5_1_data/attract/bindz-rbp/resources/ATtRACT_hsa/motif_HNRNPF_825（sha256 一致）
D:\stroke_apa	data/attract/bindz-rbp/resources/ATtRACT_hsa/motif_HNRNPF_826	STAGED	data_frozen/v5_1_data/attract/bindz-rbp/resources/ATtRACT_hsa/motif_HNRNPF_826（sha256 一致）
D:\stroke_apa	data/attract/bindz-rbp/resources/ATtRACT_hsa/motif_HNRNPF_827	STAGED	data_frozen/v5_1_data/attract/bindz-rbp/resources/ATtRACT_hsa/motif_HNRNPF_827（sha256 一致）
D:\stroke_apa	data/attract/bindz-rbp/resources/ATtRACT_hsa/motif_HNRNPF_828	STAGED	data_frozen/v5_1_data/attract/bindz-rbp/resources/ATtRACT_hsa/motif_HNRNPF_828（sha256 一致）
D:\stroke_apa	data/attract/bindz-rbp/resources/ATtRACT_hsa/motif_HNRNPF_829	STAGED	data_frozen/v5_1_data/attract/bindz-rbp/resources/ATtRACT_hsa/motif_HNRNPF_829（sha256 一致）
D:\stroke_apa	data/attract/bindz-rbp/resources/ATtRACT_hsa/motif_HNRNPF_830	STAGED	data_frozen/v5_1_data/attract/bindz-rbp/resources/ATtRACT_hsa/motif_HNRNPF_830（sha256 一致）
D:\stroke_apa	data/attract/bindz-rbp/resources/ATtRACT_hsa/motif_HNRNPF_831	STAGED	data_frozen/v5_1_data/attract/bindz-rbp/resources/ATtRACT_hsa/motif_HNRNPF_831（sha256 一致）
D:\stroke_apa	data/attract/bindz-rbp/resources/ATtRACT_hsa/motif_HNRNPF_832	STAGED	data_frozen/v5_1_data/attract/bindz-rbp/resources/ATtRACT_hsa/motif_HNRNPF_832（sha256 一致）
D:\stroke_apa	data/attract/bindz-rbp/resources/ATtRACT_hsa/motif_HNRNPF_833	STAGED	data_frozen/v5_1_data/attract/bindz-rbp/resources/ATtRACT_hsa/motif_HNRNPF_833（sha256 一致）
D:\stroke_apa	data/attract/bindz-rbp/resources/ATtRACT_hsa/motif_HNRNPF_834	STAGED	data_frozen/v5_1_data/attract/bindz-rbp/resources/ATtRACT_hsa/motif_HNRNPF_834（sha256 一致）
D:\stroke_apa	data/attract/bindz-rbp/resources/ATtRACT_hsa/motif_HNRNPF_835	STAGED	data_frozen/v5_1_data/attract/bindz-rbp/resources/ATtRACT_hsa/motif_HNRNPF_835（sha256 一致）
D:\stroke_apa	data/attract/bindz-rbp/resources/ATtRACT_hsa/motif_HNRNPF_836	STAGED	data_frozen/v5_1_data/attract/bindz-rbp/resources/ATtRACT_hsa/motif_HNRNPF_836（sha256 一致）
D:\stroke_apa	data/attract/bindz-rbp/resources/ATtRACT_hsa/motif_HNRNPF_837	STAGED	data_frozen/v5_1_data/attract/bindz-rbp/resources/ATtRACT_hsa/motif_HNRNPF_837（sha256 一致）
D:\stroke_apa	data/attract/bindz-rbp/resources/ATtRACT_hsa/motif_HNRNPF_838	STAGED	data_frozen/v5_1_data/attract/bindz-rbp/resources/ATtRACT_hsa/motif_HNRNPF_838（sha256 一致）
D:\stroke_apa	data/attract/bindz-rbp/resources/ATtRACT_hsa/motif_HNRNPF_839	STAGED	data_frozen/v5_1_data/attract/bindz-rbp/resources/ATtRACT_hsa/motif_HNRNPF_839（sha256 一致）
D:\stroke_apa	data/attract/bindz-rbp/resources/ATtRACT_hsa/motif_HNRNPF_840	STAGED	data_frozen/v5_1_data/attract/bindz-rbp/resources/ATtRACT_hsa/motif_HNRNPF_840（sha256 一致）
D:\stroke_apa	data/attract/bindz-rbp/resources/ATtRACT_hsa/motif_HNRNPH1_131	STAGED	data_frozen/v5_1_data/attract/bindz-rbp/resources/ATtRACT_hsa/motif_HNRNPH1_131（sha256 一致）
D:\stroke_apa	data/attract/bindz-rbp/resources/ATtRACT_hsa/motif_HNRNPH1_1347	STAGED	data_frozen/v5_1_data/attract/bindz-rbp/resources/ATtRACT_hsa/motif_HNRNPH1_1347（sha256 一致）
D:\stroke_apa	data/attract/bindz-rbp/resources/ATtRACT_hsa/motif_HNRNPH1_1387	STAGED	data_frozen/v5_1_data/attract/bindz-rbp/resources/ATtRACT_hsa/motif_HNRNPH1_1387（sha256 一致）
D:\stroke_apa	data/attract/bindz-rbp/resources/ATtRACT_hsa/motif_HNRNPH1_1391	STAGED	data_frozen/v5_1_data/attract/bindz-rbp/resources/ATtRACT_hsa/motif_HNRNPH1_1391（sha256 一致）
D:\stroke_apa	data/attract/bindz-rbp/resources/ATtRACT_hsa/motif_HNRNPH1_850	STAGED	data_frozen/v5_1_data/attract/bindz-rbp/resources/ATtRACT_hsa/motif_HNRNPH1_850（sha256 一致）
D:\stroke_apa	data/attract/bindz-rbp/resources/ATtRACT_hsa/motif_HNRNPH1_851	STAGED	data_frozen/v5_1_data/attract/bindz-rbp/resources/ATtRACT_hsa/motif_HNRNPH1_851（sha256 一致）
D:\stroke_apa	data/attract/bindz-rbp/resources/ATtRACT_hsa/motif_HNRNPH1_852	STAGED	data_frozen/v5_1_data/attract/bindz-rbp/resources/ATtRACT_hsa/motif_HNRNPH1_852（sha256 一致）
D:\stroke_apa	data/attract/bindz-rbp/resources/ATtRACT_hsa/motif_HNRNPH1_853	STAGED	data_frozen/v5_1_data/attract/bindz-rbp/resources/ATtRACT_hsa/motif_HNRNPH1_853（sha256 一致）
D:\stroke_apa	data/attract/bindz-rbp/resources/ATtRACT_hsa/motif_HNRNPH1_854	STAGED	data_frozen/v5_1_data/attract/bindz-rbp/resources/ATtRACT_hsa/motif_HNRNPH1_854（sha256 一致）
D:\stroke_apa	data/attract/bindz-rbp/resources/ATtRACT_hsa/motif_HNRNPH1_855	STAGED	data_frozen/v5_1_data/attract/bindz-rbp/resources/ATtRACT_hsa/motif_HNRNPH1_855（sha256 一致）
D:\stroke_apa	data/attract/bindz-rbp/resources/ATtRACT_hsa/motif_HNRNPH1_856	STAGED	data_frozen/v5_1_data/attract/bindz-rbp/resources/ATtRACT_hsa/motif_HNRNPH1_856（sha256 一致）
D:\stroke_apa	data/attract/bindz-rbp/resources/ATtRACT_hsa/motif_HNRNPH1_857	STAGED	data_frozen/v5_1_data/attract/bindz-rbp/resources/ATtRACT_hsa/motif_HNRNPH1_857（sha256 一致）
D:\stroke_apa	data/attract/bindz-rbp/resources/ATtRACT_hsa/motif_HNRNPH1_858	STAGED	data_frozen/v5_1_data/attract/bindz-rbp/resources/ATtRACT_hsa/motif_HNRNPH1_858（sha256 一致）
D:\stroke_apa	data/attract/bindz-rbp/resources/ATtRACT_hsa/motif_HNRNPH1_859	STAGED	data_frozen/v5_1_data/attract/bindz-rbp/resources/ATtRACT_hsa/motif_HNRNPH1_859（sha256 一致）
D:\stroke_apa	data/attract/bindz-rbp/resources/ATtRACT_hsa/motif_HNRNPH1_860	STAGED	data_frozen/v5_1_data/attract/bindz-rbp/resources/ATtRACT_hsa/motif_HNRNPH1_860（sha256 一致）
D:\stroke_apa	data/attract/bindz-rbp/resources/ATtRACT_hsa/motif_HNRNPH1_861	STAGED	data_frozen/v5_1_data/attract/bindz-rbp/resources/ATtRACT_hsa/motif_HNRNPH1_861（sha256 一致）
D:\stroke_apa	data/attract/bindz-rbp/resources/ATtRACT_hsa/motif_HNRNPH1_862	STAGED	data_frozen/v5_1_data/attract/bindz-rbp/resources/ATtRACT_hsa/motif_HNRNPH1_862（sha256 一致）
D:\stroke_apa	data/attract/bindz-rbp/resources/ATtRACT_hsa/motif_HNRNPH1_863	STAGED	data_frozen/v5_1_data/attract/bindz-rbp/resources/ATtRACT_hsa/motif_HNRNPH1_863（sha256 一致）
D:\stroke_apa	data/attract/bindz-rbp/resources/ATtRACT_hsa/motif_HNRNPH1_864	STAGED	data_frozen/v5_1_data/attract/bindz-rbp/resources/ATtRACT_hsa/motif_HNRNPH1_864（sha256 一致）
D:\stroke_apa	data/attract/bindz-rbp/resources/ATtRACT_hsa/motif_HNRNPH1_865	STAGED	data_frozen/v5_1_data/attract/bindz-rbp/resources/ATtRACT_hsa/motif_HNRNPH1_865（sha256 一致）
D:\stroke_apa	data/attract/bindz-rbp/resources/ATtRACT_hsa/motif_HNRNPH1_866	STAGED	data_frozen/v5_1_data/attract/bindz-rbp/resources/ATtRACT_hsa/motif_HNRNPH1_866（sha256 一致）
D:\stroke_apa	data/attract/bindz-rbp/resources/ATtRACT_hsa/motif_HNRNPH1_867	STAGED	data_frozen/v5_1_data/attract/bindz-rbp/resources/ATtRACT_hsa/motif_HNRNPH1_867（sha256 一致）
D:\stroke_apa	data/attract/bindz-rbp/resources/ATtRACT_hsa/motif_HNRNPH1_868	STAGED	data_frozen/v5_1_data/attract/bindz-rbp/resources/ATtRACT_hsa/motif_HNRNPH1_868（sha256 一致）
D:\stroke_apa	data/attract/bindz-rbp/resources/ATtRACT_hsa/motif_HNRNPH1_869	STAGED	data_frozen/v5_1_data/attract/bindz-rbp/resources/ATtRACT_hsa/motif_HNRNPH1_869（sha256 一致）
D:\stroke_apa	data/attract/bindz-rbp/resources/ATtRACT_hsa/motif_HNRNPH1_870	STAGED	data_frozen/v5_1_data/attract/bindz-rbp/resources/ATtRACT_hsa/motif_HNRNPH1_870（sha256 一致）
D:\stroke_apa	data/attract/bindz-rbp/resources/ATtRACT_hsa/motif_HNRNPH1_871	STAGED	data_frozen/v5_1_data/attract/bindz-rbp/resources/ATtRACT_hsa/motif_HNRNPH1_871（sha256 一致）
D:\stroke_apa	data/attract/bindz-rbp/resources/ATtRACT_hsa/motif_HNRNPH1_872	STAGED	data_frozen/v5_1_data/attract/bindz-rbp/resources/ATtRACT_hsa/motif_HNRNPH1_872（sha256 一致）
D:\stroke_apa	data/attract/bindz-rbp/resources/ATtRACT_hsa/motif_HNRNPH1_873	STAGED	data_frozen/v5_1_data/attract/bindz-rbp/resources/ATtRACT_hsa/motif_HNRNPH1_873（sha256 一致）
D:\stroke_apa	data/attract/bindz-rbp/resources/ATtRACT_hsa/motif_HNRNPH1_874	STAGED	data_frozen/v5_1_data/attract/bindz-rbp/resources/ATtRACT_hsa/motif_HNRNPH1_874（sha256 一致）
D:\stroke_apa	data/attract/bindz-rbp/resources/ATtRACT_hsa/motif_HNRNPH1_875	STAGED	data_frozen/v5_1_data/attract/bindz-rbp/resources/ATtRACT_hsa/motif_HNRNPH1_875（sha256 一致）
D:\stroke_apa	data/attract/bindz-rbp/resources/ATtRACT_hsa/motif_HNRNPH1_876	STAGED	data_frozen/v5_1_data/attract/bindz-rbp/resources/ATtRACT_hsa/motif_HNRNPH1_876（sha256 一致）
D:\stroke_apa	data/attract/bindz-rbp/resources/ATtRACT_hsa/motif_HNRNPH1_877	STAGED	data_frozen/v5_1_data/attract/bindz-rbp/resources/ATtRACT_hsa/motif_HNRNPH1_877（sha256 一致）
D:\stroke_apa	data/attract/bindz-rbp/resources/ATtRACT_hsa/motif_HNRNPH1_878	STAGED	data_frozen/v5_1_data/attract/bindz-rbp/resources/ATtRACT_hsa/motif_HNRNPH1_878（sha256 一致）
D:\stroke_apa	data/attract/bindz-rbp/resources/ATtRACT_hsa/motif_HNRNPH1_879	STAGED	data_frozen/v5_1_data/attract/bindz-rbp/resources/ATtRACT_hsa/motif_HNRNPH1_879（sha256 一致）
D:\stroke_apa	data/attract/bindz-rbp/resources/ATtRACT_hsa/motif_HNRNPH1_880	STAGED	data_frozen/v5_1_data/attract/bindz-rbp/resources/ATtRACT_hsa/motif_HNRNPH1_880（sha256 一致）
D:\stroke_apa	data/attract/bindz-rbp/resources/ATtRACT_hsa/motif_HNRNPH1_882	STAGED	data_frozen/v5_1_data/attract/bindz-rbp/resources/ATtRACT_hsa/motif_HNRNPH1_882（sha256 一致）
D:\stroke_apa	data/attract/bindz-rbp/resources/ATtRACT_hsa/motif_HNRNPH1_883	STAGED	data_frozen/v5_1_data/attract/bindz-rbp/resources/ATtRACT_hsa/motif_HNRNPH1_883（sha256 一致）
D:\stroke_apa	data/attract/bindz-rbp/resources/ATtRACT_hsa/motif_HNRNPH1_884	STAGED	data_frozen/v5_1_data/attract/bindz-rbp/resources/ATtRACT_hsa/motif_HNRNPH1_884（sha256 一致）
D:\stroke_apa	data/attract/bindz-rbp/resources/ATtRACT_hsa/motif_HNRNPH1_885	STAGED	data_frozen/v5_1_data/attract/bindz-rbp/resources/ATtRACT_hsa/motif_HNRNPH1_885（sha256 一致）
D:\stroke_apa	data/attract/bindz-rbp/resources/ATtRACT_hsa/motif_HNRNPH1_886	STAGED	data_frozen/v5_1_data/attract/bindz-rbp/resources/ATtRACT_hsa/motif_HNRNPH1_886（sha256 一致）
D:\stroke_apa	data/attract/bindz-rbp/resources/ATtRACT_hsa/motif_HNRNPH1_887	STAGED	data_frozen/v5_1_data/attract/bindz-rbp/resources/ATtRACT_hsa/motif_HNRNPH1_887（sha256 一致）
D:\stroke_apa	data/attract/bindz-rbp/resources/ATtRACT_hsa/motif_HNRNPH1_888	STAGED	data_frozen/v5_1_data/attract/bindz-rbp/resources/ATtRACT_hsa/motif_HNRNPH1_888（sha256 一致）
D:\stroke_apa	data/attract/bindz-rbp/resources/ATtRACT_hsa/motif_HNRNPH1_889	STAGED	data_frozen/v5_1_data/attract/bindz-rbp/resources/ATtRACT_hsa/motif_HNRNPH1_889（sha256 一致）
D:\stroke_apa	data/attract/bindz-rbp/resources/ATtRACT_hsa/motif_HNRNPH1_890	STAGED	data_frozen/v5_1_data/attract/bindz-rbp/resources/ATtRACT_hsa/motif_HNRNPH1_890（sha256 一致）
D:\stroke_apa	data/attract/bindz-rbp/resources/ATtRACT_hsa/motif_HNRNPH1_891	STAGED	data_frozen/v5_1_data/attract/bindz-rbp/resources/ATtRACT_hsa/motif_HNRNPH1_891（sha256 一致）
D:\stroke_apa	data/attract/bindz-rbp/resources/ATtRACT_hsa/motif_HNRNPH1_892	STAGED	data_frozen/v5_1_data/attract/bindz-rbp/resources/ATtRACT_hsa/motif_HNRNPH1_892（sha256 一致）
D:\stroke_apa	data/attract/bindz-rbp/resources/ATtRACT_hsa/motif_HNRNPH1_893	STAGED	data_frozen/v5_1_data/attract/bindz-rbp/resources/ATtRACT_hsa/motif_HNRNPH1_893（sha256 一致）
D:\stroke_apa	data/attract/bindz-rbp/resources/ATtRACT_hsa/motif_HNRNPH1_894	STAGED	data_frozen/v5_1_data/attract/bindz-rbp/resources/ATtRACT_hsa/motif_HNRNPH1_894（sha256 一致）
D:\stroke_apa	data/attract/bindz-rbp/resources/ATtRACT_hsa/motif_HNRNPH1_895	STAGED	data_frozen/v5_1_data/attract/bindz-rbp/resources/ATtRACT_hsa/motif_HNRNPH1_895（sha256 一致）
D:\stroke_apa	data/attract/bindz-rbp/resources/ATtRACT_hsa/motif_HNRNPH1_896	STAGED	data_frozen/v5_1_data/attract/bindz-rbp/resources/ATtRACT_hsa/motif_HNRNPH1_896（sha256 一致）
D:\stroke_apa	data/attract/bindz-rbp/resources/ATtRACT_hsa/motif_HNRNPH1_897	STAGED	data_frozen/v5_1_data/attract/bindz-rbp/resources/ATtRACT_hsa/motif_HNRNPH1_897（sha256 一致）
D:\stroke_apa	data/attract/bindz-rbp/resources/ATtRACT_hsa/motif_HNRNPH1_898	STAGED	data_frozen/v5_1_data/attract/bindz-rbp/resources/ATtRACT_hsa/motif_HNRNPH1_898（sha256 一致）
D:\stroke_apa	data/attract/bindz-rbp/resources/ATtRACT_hsa/motif_HNRNPH1_899	STAGED	data_frozen/v5_1_data/attract/bindz-rbp/resources/ATtRACT_hsa/motif_HNRNPH1_899（sha256 一致）
D:\stroke_apa	data/attract/bindz-rbp/resources/ATtRACT_hsa/motif_HNRNPH1_900	STAGED	data_frozen/v5_1_data/attract/bindz-rbp/resources/ATtRACT_hsa/motif_HNRNPH1_900（sha256 一致）
D:\stroke_apa	data/attract/bindz-rbp/resources/ATtRACT_hsa/motif_HNRNPH1_901	STAGED	data_frozen/v5_1_data/attract/bindz-rbp/resources/ATtRACT_hsa/motif_HNRNPH1_901（sha256 一致）
D:\stroke_apa	data/attract/bindz-rbp/resources/ATtRACT_hsa/motif_HNRNPH1_902	STAGED	data_frozen/v5_1_data/attract/bindz-rbp/resources/ATtRACT_hsa/motif_HNRNPH1_902（sha256 一致）
D:\stroke_apa	data/attract/bindz-rbp/resources/ATtRACT_hsa/motif_HNRNPH2_142	STAGED	data_frozen/v5_1_data/attract/bindz-rbp/resources/ATtRACT_hsa/motif_HNRNPH2_142（sha256 一致）
D:\stroke_apa	data/attract/bindz-rbp/resources/ATtRACT_hsa/motif_HNRNPH2_903	STAGED	data_frozen/v5_1_data/attract/bindz-rbp/resources/ATtRACT_hsa/motif_HNRNPH2_903（sha256 一致）
D:\stroke_apa	data/attract/bindz-rbp/resources/ATtRACT_hsa/motif_HNRNPH2_904	STAGED	data_frozen/v5_1_data/attract/bindz-rbp/resources/ATtRACT_hsa/motif_HNRNPH2_904（sha256 一致）
D:\stroke_apa	data/attract/bindz-rbp/resources/ATtRACT_hsa/motif_HNRNPH2_905	STAGED	data_frozen/v5_1_data/attract/bindz-rbp/resources/ATtRACT_hsa/motif_HNRNPH2_905（sha256 一致）
D:\stroke_apa	data/attract/bindz-rbp/resources/ATtRACT_hsa/motif_HNRNPH2_906	STAGED	data_frozen/v5_1_data/attract/bindz-rbp/resources/ATtRACT_hsa/motif_HNRNPH2_906（sha256 一致）
D:\stroke_apa	data/attract/bindz-rbp/resources/ATtRACT_hsa/motif_HNRNPH2_907	STAGED	data_frozen/v5_1_data/attract/bindz-rbp/resources/ATtRACT_hsa/motif_HNRNPH2_907（sha256 一致）
D:\stroke_apa	data/attract/bindz-rbp/resources/ATtRACT_hsa/motif_HNRNPH2_908	STAGED	data_frozen/v5_1_data/attract/bindz-rbp/resources/ATtRACT_hsa/motif_HNRNPH2_908（sha256 一致）
D:\stroke_apa	data/attract/bindz-rbp/resources/ATtRACT_hsa/motif_HNRNPH2_909	STAGED	data_frozen/v5_1_data/attract/bindz-rbp/resources/ATtRACT_hsa/motif_HNRNPH2_909（sha256 一致）
D:\stroke_apa	data/attract/bindz-rbp/resources/ATtRACT_hsa/motif_HNRNPH2_910	STAGED	data_frozen/v5_1_data/attract/bindz-rbp/resources/ATtRACT_hsa/motif_HNRNPH2_910（sha256 一致）
D:\stroke_apa	data/attract/bindz-rbp/resources/ATtRACT_hsa/motif_HNRNPH2_911	STAGED	data_frozen/v5_1_data/attract/bindz-rbp/resources/ATtRACT_hsa/motif_HNRNPH2_911（sha256 一致）
D:\stroke_apa	data/attract/bindz-rbp/resources/ATtRACT_hsa/motif_HNRNPH2_912	STAGED	data_frozen/v5_1_data/attract/bindz-rbp/resources/ATtRACT_hsa/motif_HNRNPH2_912（sha256 一致）
D:\stroke_apa	data/attract/bindz-rbp/resources/ATtRACT_hsa/motif_HNRNPH2_913	STAGED	data_frozen/v5_1_data/attract/bindz-rbp/resources/ATtRACT_hsa/motif_HNRNPH2_913（sha256 一致）
D:\stroke_apa	data/attract/bindz-rbp/resources/ATtRACT_hsa/motif_HNRNPH2_914	STAGED	data_frozen/v5_1_data/attract/bindz-rbp/resources/ATtRACT_hsa/motif_HNRNPH2_914（sha256 一致）
D:\stroke_apa	data/attract/bindz-rbp/resources/ATtRACT_hsa/motif_HNRNPH2_915	STAGED	data_frozen/v5_1_data/attract/bindz-rbp/resources/ATtRACT_hsa/motif_HNRNPH2_915（sha256 一致）
D:\stroke_apa	data/attract/bindz-rbp/resources/ATtRACT_hsa/motif_HNRNPH2_916	STAGED	data_frozen/v5_1_data/attract/bindz-rbp/resources/ATtRACT_hsa/motif_HNRNPH2_916（sha256 一致）
D:\stroke_apa	data/attract/bindz-rbp/resources/ATtRACT_hsa/motif_HNRNPH2_917	STAGED	data_frozen/v5_1_data/attract/bindz-rbp/resources/ATtRACT_hsa/motif_HNRNPH2_917（sha256 一致）
D:\stroke_apa	data/attract/bindz-rbp/resources/ATtRACT_hsa/motif_HNRNPH2_918	STAGED	data_frozen/v5_1_data/attract/bindz-rbp/resources/ATtRACT_hsa/motif_HNRNPH2_918（sha256 一致）
D:\stroke_apa	data/attract/bindz-rbp/resources/ATtRACT_hsa/motif_HNRNPH2_919	STAGED	data_frozen/v5_1_data/attract/bindz-rbp/resources/ATtRACT_hsa/motif_HNRNPH2_919（sha256 一致）
D:\stroke_apa	data/attract/bindz-rbp/resources/ATtRACT_hsa/motif_HNRNPH2_920	STAGED	data_frozen/v5_1_data/attract/bindz-rbp/resources/ATtRACT_hsa/motif_HNRNPH2_920（sha256 一致）
D:\stroke_apa	data/attract/bindz-rbp/resources/ATtRACT_hsa/motif_HNRNPH2_921	STAGED	data_frozen/v5_1_data/attract/bindz-rbp/resources/ATtRACT_hsa/motif_HNRNPH2_921（sha256 一致）
D:\stroke_apa	data/attract/bindz-rbp/resources/ATtRACT_hsa/motif_HNRNPH2_922	STAGED	data_frozen/v5_1_data/attract/bindz-rbp/resources/ATtRACT_hsa/motif_HNRNPH2_922（sha256 一致）
D:\stroke_apa	data/attract/bindz-rbp/resources/ATtRACT_hsa/motif_HNRNPH2_923	STAGED	data_frozen/v5_1_data/attract/bindz-rbp/resources/ATtRACT_hsa/motif_HNRNPH2_923（sha256 一致）
D:\stroke_apa	data/attract/bindz-rbp/resources/ATtRACT_hsa/motif_HNRNPH2_924	STAGED	data_frozen/v5_1_data/attract/bindz-rbp/resources/ATtRACT_hsa/motif_HNRNPH2_924（sha256 一致）
D:\stroke_apa	data/attract/bindz-rbp/resources/ATtRACT_hsa/motif_HNRNPH2_925	STAGED	data_frozen/v5_1_data/attract/bindz-rbp/resources/ATtRACT_hsa/motif_HNRNPH2_925（sha256 一致）
D:\stroke_apa	data/attract/bindz-rbp/resources/ATtRACT_hsa/motif_HNRNPH2_926	STAGED	data_frozen/v5_1_data/attract/bindz-rbp/resources/ATtRACT_hsa/motif_HNRNPH2_926（sha256 一致）
D:\stroke_apa	data/attract/bindz-rbp/resources/ATtRACT_hsa/motif_HNRNPH2_927	STAGED	data_frozen/v5_1_data/attract/bindz-rbp/resources/ATtRACT_hsa/motif_HNRNPH2_927（sha256 一致）
D:\stroke_apa	data/attract/bindz-rbp/resources/ATtRACT_hsa/motif_HNRNPH2_928	STAGED	data_frozen/v5_1_data/attract/bindz-rbp/resources/ATtRACT_hsa/motif_HNRNPH2_928（sha256 一致）
D:\stroke_apa	data/attract/bindz-rbp/resources/ATtRACT_hsa/motif_HNRNPH2_929	STAGED	data_frozen/v5_1_data/attract/bindz-rbp/resources/ATtRACT_hsa/motif_HNRNPH2_929（sha256 一致）
D:\stroke_apa	data/attract/bindz-rbp/resources/ATtRACT_hsa/motif_HNRNPH2_930	STAGED	data_frozen/v5_1_data/attract/bindz-rbp/resources/ATtRACT_hsa/motif_HNRNPH2_930（sha256 一致）
D:\stroke_apa	data/attract/bindz-rbp/resources/ATtRACT_hsa/motif_HNRNPH2_931	STAGED	data_frozen/v5_1_data/attract/bindz-rbp/resources/ATtRACT_hsa/motif_HNRNPH2_931（sha256 一致）
D:\stroke_apa	data/attract/bindz-rbp/resources/ATtRACT_hsa/motif_HNRNPH2_932	STAGED	data_frozen/v5_1_data/attract/bindz-rbp/resources/ATtRACT_hsa/motif_HNRNPH2_932（sha256 一致）
D:\stroke_apa	data/attract/bindz-rbp/resources/ATtRACT_hsa/motif_HNRNPH2_933	STAGED	data_frozen/v5_1_data/attract/bindz-rbp/resources/ATtRACT_hsa/motif_HNRNPH2_933（sha256 一致）
D:\stroke_apa	data/attract/bindz-rbp/resources/ATtRACT_hsa/motif_HNRNPH2_934	STAGED	data_frozen/v5_1_data/attract/bindz-rbp/resources/ATtRACT_hsa/motif_HNRNPH2_934（sha256 一致）
D:\stroke_apa	data/attract/bindz-rbp/resources/ATtRACT_hsa/motif_HNRNPH2_935	STAGED	data_frozen/v5_1_data/attract/bindz-rbp/resources/ATtRACT_hsa/motif_HNRNPH2_935（sha256 一致）
D:\stroke_apa	data/attract/bindz-rbp/resources/ATtRACT_hsa/motif_HNRNPH2_936	STAGED	data_frozen/v5_1_data/attract/bindz-rbp/resources/ATtRACT_hsa/motif_HNRNPH2_936（sha256 一致）
D:\stroke_apa	data/attract/bindz-rbp/resources/ATtRACT_hsa/motif_HNRNPH2_937	STAGED	data_frozen/v5_1_data/attract/bindz-rbp/resources/ATtRACT_hsa/motif_HNRNPH2_937（sha256 一致）
D:\stroke_apa	data/attract/bindz-rbp/resources/ATtRACT_hsa/motif_HNRNPH2_938	STAGED	data_frozen/v5_1_data/attract/bindz-rbp/resources/ATtRACT_hsa/motif_HNRNPH2_938（sha256 一致）
D:\stroke_apa	data/attract/bindz-rbp/resources/ATtRACT_hsa/motif_HNRNPH2_939	STAGED	data_frozen/v5_1_data/attract/bindz-rbp/resources/ATtRACT_hsa/motif_HNRNPH2_939（sha256 一致）
D:\stroke_apa	data/attract/bindz-rbp/resources/ATtRACT_hsa/motif_HNRNPH2_940	STAGED	data_frozen/v5_1_data/attract/bindz-rbp/resources/ATtRACT_hsa/motif_HNRNPH2_940（sha256 一致）
D:\stroke_apa	data/attract/bindz-rbp/resources/ATtRACT_hsa/motif_HNRNPH2_941	STAGED	data_frozen/v5_1_data/attract/bindz-rbp/resources/ATtRACT_hsa/motif_HNRNPH2_941（sha256 一致）
D:\stroke_apa	data/attract/bindz-rbp/resources/ATtRACT_hsa/motif_HNRNPH2_942	STAGED	data_frozen/v5_1_data/attract/bindz-rbp/resources/ATtRACT_hsa/motif_HNRNPH2_942（sha256 一致）
D:\stroke_apa	data/attract/bindz-rbp/resources/ATtRACT_hsa/motif_HNRNPH2_943	STAGED	data_frozen/v5_1_data/attract/bindz-rbp/resources/ATtRACT_hsa/motif_HNRNPH2_943（sha256 一致）
D:\stroke_apa	data/attract/bindz-rbp/resources/ATtRACT_hsa/motif_HNRNPH2_944	STAGED	data_frozen/v5_1_data/attract/bindz-rbp/resources/ATtRACT_hsa/motif_HNRNPH2_944（sha256 一致）
D:\stroke_apa	data/attract/bindz-rbp/resources/ATtRACT_hsa/motif_HNRNPH2_945	STAGED	data_frozen/v5_1_data/attract/bindz-rbp/resources/ATtRACT_hsa/motif_HNRNPH2_945（sha256 一致）
D:\stroke_apa	data/attract/bindz-rbp/resources/ATtRACT_hsa/motif_HNRNPH2_946	STAGED	data_frozen/v5_1_data/attract/bindz-rbp/resources/ATtRACT_hsa/motif_HNRNPH2_946（sha256 一致）
D:\stroke_apa	data/attract/bindz-rbp/resources/ATtRACT_hsa/motif_HNRNPH2_947	STAGED	data_frozen/v5_1_data/attract/bindz-rbp/resources/ATtRACT_hsa/motif_HNRNPH2_947（sha256 一致）
D:\stroke_apa	data/attract/bindz-rbp/resources/ATtRACT_hsa/motif_HNRNPH2_948	STAGED	data_frozen/v5_1_data/attract/bindz-rbp/resources/ATtRACT_hsa/motif_HNRNPH2_948（sha256 一致）
D:\stroke_apa	data/attract/bindz-rbp/resources/ATtRACT_hsa/motif_HNRNPH2_949	STAGED	data_frozen/v5_1_data/attract/bindz-rbp/resources/ATtRACT_hsa/motif_HNRNPH2_949（sha256 一致）
D:\stroke_apa	data/attract/bindz-rbp/resources/ATtRACT_hsa/motif_HNRNPH2_950	STAGED	data_frozen/v5_1_data/attract/bindz-rbp/resources/ATtRACT_hsa/motif_HNRNPH2_950（sha256 一致）
D:\stroke_apa	data/attract/bindz-rbp/resources/ATtRACT_hsa/motif_HNRNPH2_951	STAGED	data_frozen/v5_1_data/attract/bindz-rbp/resources/ATtRACT_hsa/motif_HNRNPH2_951（sha256 一致）
D:\stroke_apa	data/attract/bindz-rbp/resources/ATtRACT_hsa/motif_HNRNPH2_952	STAGED	data_frozen/v5_1_data/attract/bindz-rbp/resources/ATtRACT_hsa/motif_HNRNPH2_952（sha256 一致）
D:\stroke_apa	data/attract/bindz-rbp/resources/ATtRACT_hsa/motif_HNRNPH2_953	STAGED	data_frozen/v5_1_data/attract/bindz-rbp/resources/ATtRACT_hsa/motif_HNRNPH2_953（sha256 一致）
D:\stroke_apa	data/attract/bindz-rbp/resources/ATtRACT_hsa/motif_HNRNPH2_954	STAGED	data_frozen/v5_1_data/attract/bindz-rbp/resources/ATtRACT_hsa/motif_HNRNPH2_954（sha256 一致）
D:\stroke_apa	data/attract/bindz-rbp/resources/ATtRACT_hsa/motif_HNRNPH2_M151_0.6	STAGED	data_frozen/v5_1_data/attract/bindz-rbp/resources/ATtRACT_hsa/motif_HNRNPH2_M151_0.6（sha256 一致）
D:\stroke_apa	data/attract/bindz-rbp/resources/ATtRACT_hsa/motif_HNRNPH3_182	STAGED	data_frozen/v5_1_data/attract/bindz-rbp/resources/ATtRACT_hsa/motif_HNRNPH3_182（sha256 一致）
D:\stroke_apa	data/attract/bindz-rbp/resources/ATtRACT_hsa/motif_HNRNPH3_955	STAGED	data_frozen/v5_1_data/attract/bindz-rbp/resources/ATtRACT_hsa/motif_HNRNPH3_955（sha256 一致）
D:\stroke_apa	data/attract/bindz-rbp/resources/ATtRACT_hsa/motif_HNRNPH3_956	STAGED	data_frozen/v5_1_data/attract/bindz-rbp/resources/ATtRACT_hsa/motif_HNRNPH3_956（sha256 一致）
D:\stroke_apa	data/attract/bindz-rbp/resources/ATtRACT_hsa/motif_HNRNPH3_957	STAGED	data_frozen/v5_1_data/attract/bindz-rbp/resources/ATtRACT_hsa/motif_HNRNPH3_957（sha256 一致）
D:\stroke_apa	data/attract/bindz-rbp/resources/ATtRACT_hsa/motif_HNRNPH3_958	STAGED	data_frozen/v5_1_data/attract/bindz-rbp/resources/ATtRACT_hsa/motif_HNRNPH3_958（sha256 一致）
D:\stroke_apa	data/attract/bindz-rbp/resources/ATtRACT_hsa/motif_HNRNPH3_959	STAGED	data_frozen/v5_1_data/attract/bindz-rbp/resources/ATtRACT_hsa/motif_HNRNPH3_959（sha256 一致）
D:\stroke_apa	data/attract/bindz-rbp/resources/ATtRACT_hsa/motif_HNRNPH3_960	STAGED	data_frozen/v5_1_data/attract/bindz-rbp/resources/ATtRACT_hsa/motif_HNRNPH3_960（sha256 一致）
D:\stroke_apa	data/attract/bindz-rbp/resources/ATtRACT_hsa/motif_HNRNPH3_961	STAGED	data_frozen/v5_1_data/attract/bindz-rbp/resources/ATtRACT_hsa/motif_HNRNPH3_961（sha256 一致）
D:\stroke_apa	data/attract/bindz-rbp/resources/ATtRACT_hsa/motif_HNRNPH3_962	STAGED	data_frozen/v5_1_data/attract/bindz-rbp/resources/ATtRACT_hsa/motif_HNRNPH3_962（sha256 一致）
D:\stroke_apa	data/attract/bindz-rbp/resources/ATtRACT_hsa/motif_HNRNPH3_963	STAGED	data_frozen/v5_1_data/attract/bindz-rbp/resources/ATtRACT_hsa/motif_HNRNPH3_963（sha256 一致）
D:\stroke_apa	data/attract/bindz-rbp/resources/ATtRACT_hsa/motif_HNRNPH3_964	STAGED	data_frozen/v5_1_data/attract/bindz-rbp/resources/ATtRACT_hsa/motif_HNRNPH3_964（sha256 一致）
D:\stroke_apa	data/attract/bindz-rbp/resources/ATtRACT_hsa/motif_HNRNPH3_965	STAGED	data_frozen/v5_1_data/attract/bindz-rbp/resources/ATtRACT_hsa/motif_HNRNPH3_965（sha256 一致）
D:\stroke_apa	data/attract/bindz-rbp/resources/ATtRACT_hsa/motif_HNRNPH3_966	STAGED	data_frozen/v5_1_data/attract/bindz-rbp/resources/ATtRACT_hsa/motif_HNRNPH3_966（sha256 一致）
D:\stroke_apa	data/attract/bindz-rbp/resources/ATtRACT_hsa/motif_HNRNPH3_967	STAGED	data_frozen/v5_1_data/attract/bindz-rbp/resources/ATtRACT_hsa/motif_HNRNPH3_967（sha256 一致）
D:\stroke_apa	data/attract/bindz-rbp/resources/ATtRACT_hsa/motif_HNRNPH3_968	STAGED	data_frozen/v5_1_data/attract/bindz-rbp/resources/ATtRACT_hsa/motif_HNRNPH3_968（sha256 一致）
D:\stroke_apa	data/attract/bindz-rbp/resources/ATtRACT_hsa/motif_HNRNPH3_969	STAGED	data_frozen/v5_1_data/attract/bindz-rbp/resources/ATtRACT_hsa/motif_HNRNPH3_969（sha256 一致）
D:\stroke_apa	data/attract/bindz-rbp/resources/ATtRACT_hsa/motif_HNRNPH3_970	STAGED	data_frozen/v5_1_data/attract/bindz-rbp/resources/ATtRACT_hsa/motif_HNRNPH3_970（sha256 一致）
D:\stroke_apa	data/attract/bindz-rbp/resources/ATtRACT_hsa/motif_HNRNPH3_971	STAGED	data_frozen/v5_1_data/attract/bindz-rbp/resources/ATtRACT_hsa/motif_HNRNPH3_971（sha256 一致）
D:\stroke_apa	data/attract/bindz-rbp/resources/ATtRACT_hsa/motif_HNRNPH3_972	STAGED	data_frozen/v5_1_data/attract/bindz-rbp/resources/ATtRACT_hsa/motif_HNRNPH3_972（sha256 一致）
D:\stroke_apa	data/attract/bindz-rbp/resources/ATtRACT_hsa/motif_HNRNPH3_973	STAGED	data_frozen/v5_1_data/attract/bindz-rbp/resources/ATtRACT_hsa/motif_HNRNPH3_973（sha256 一致）
D:\stroke_apa	data/attract/bindz-rbp/resources/ATtRACT_hsa/motif_HNRNPH3_974	STAGED	data_frozen/v5_1_data/attract/bindz-rbp/resources/ATtRACT_hsa/motif_HNRNPH3_974（sha256 一致）
D:\stroke_apa	data/attract/bindz-rbp/resources/ATtRACT_hsa/motif_HNRNPH3_975	STAGED	data_frozen/v5_1_data/attract/bindz-rbp/resources/ATtRACT_hsa/motif_HNRNPH3_975（sha256 一致）
D:\stroke_apa	data/attract/bindz-rbp/resources/ATtRACT_hsa/motif_HNRNPH3_976	STAGED	data_frozen/v5_1_data/attract/bindz-rbp/resources/ATtRACT_hsa/motif_HNRNPH3_976（sha256 一致）
D:\stroke_apa	data/attract/bindz-rbp/resources/ATtRACT_hsa/motif_HNRNPH3_977	STAGED	data_frozen/v5_1_data/attract/bindz-rbp/resources/ATtRACT_hsa/motif_HNRNPH3_977（sha256 一致）
D:\stroke_apa	data/attract/bindz-rbp/resources/ATtRACT_hsa/motif_HNRNPH3_978	STAGED	data_frozen/v5_1_data/attract/bindz-rbp/resources/ATtRACT_hsa/motif_HNRNPH3_978（sha256 一致）
D:\stroke_apa	data/attract/bindz-rbp/resources/ATtRACT_hsa/motif_HNRNPH3_979	STAGED	data_frozen/v5_1_data/attract/bindz-rbp/resources/ATtRACT_hsa/motif_HNRNPH3_979（sha256 一致）
D:\stroke_apa	data/attract/bindz-rbp/resources/ATtRACT_hsa/motif_HNRNPH3_980	STAGED	data_frozen/v5_1_data/attract/bindz-rbp/resources/ATtRACT_hsa/motif_HNRNPH3_980（sha256 一致）
D:\stroke_apa	data/attract/bindz-rbp/resources/ATtRACT_hsa/motif_HNRNPH3_981	STAGED	data_frozen/v5_1_data/attract/bindz-rbp/resources/ATtRACT_hsa/motif_HNRNPH3_981（sha256 一致）
D:\stroke_apa	data/attract/bindz-rbp/resources/ATtRACT_hsa/motif_HNRNPH3_982	STAGED	data_frozen/v5_1_data/attract/bindz-rbp/resources/ATtRACT_hsa/motif_HNRNPH3_982（sha256 一致）
D:\stroke_apa	data/attract/bindz-rbp/resources/ATtRACT_hsa/motif_HNRNPH3_983	STAGED	data_frozen/v5_1_data/attract/bindz-rbp/resources/ATtRACT_hsa/motif_HNRNPH3_983（sha256 一致）
D:\stroke_apa	data/attract/bindz-rbp/resources/ATtRACT_hsa/motif_HNRNPH3_984	STAGED	data_frozen/v5_1_data/attract/bindz-rbp/resources/ATtRACT_hsa/motif_HNRNPH3_984（sha256 一致）
D:\stroke_apa	data/attract/bindz-rbp/resources/ATtRACT_hsa/motif_HNRNPH3_985	STAGED	data_frozen/v5_1_data/attract/bindz-rbp/resources/ATtRACT_hsa/motif_HNRNPH3_985（sha256 一致）
D:\stroke_apa	data/attract/bindz-rbp/resources/ATtRACT_hsa/motif_HNRNPH3_986	STAGED	data_frozen/v5_1_data/attract/bindz-rbp/resources/ATtRACT_hsa/motif_HNRNPH3_986（sha256 一致）
D:\stroke_apa	data/attract/bindz-rbp/resources/ATtRACT_hsa/motif_HNRNPH3_987	STAGED	data_frozen/v5_1_data/attract/bindz-rbp/resources/ATtRACT_hsa/motif_HNRNPH3_987（sha256 一致）
D:\stroke_apa	data/attract/bindz-rbp/resources/ATtRACT_hsa/motif_HNRNPH3_988	STAGED	data_frozen/v5_1_data/attract/bindz-rbp/resources/ATtRACT_hsa/motif_HNRNPH3_988（sha256 一致）
D:\stroke_apa	data/attract/bindz-rbp/resources/ATtRACT_hsa/motif_HNRNPH3_989	STAGED	data_frozen/v5_1_data/attract/bindz-rbp/resources/ATtRACT_hsa/motif_HNRNPH3_989（sha256 一致）
D:\stroke_apa	data/attract/bindz-rbp/resources/ATtRACT_hsa/motif_HNRNPH3_990	STAGED	data_frozen/v5_1_data/attract/bindz-rbp/resources/ATtRACT_hsa/motif_HNRNPH3_990（sha256 一致）
D:\stroke_apa	data/attract/bindz-rbp/resources/ATtRACT_hsa/motif_HNRNPK_1026	STAGED	data_frozen/v5_1_data/attract/bindz-rbp/resources/ATtRACT_hsa/motif_HNRNPK_1026（sha256 一致）
D:\stroke_apa	data/attract/bindz-rbp/resources/ATtRACT_hsa/motif_HNRNPK_1027	STAGED	data_frozen/v5_1_data/attract/bindz-rbp/resources/ATtRACT_hsa/motif_HNRNPK_1027（sha256 一致）
D:\stroke_apa	data/attract/bindz-rbp/resources/ATtRACT_hsa/motif_HNRNPK_1028	STAGED	data_frozen/v5_1_data/attract/bindz-rbp/resources/ATtRACT_hsa/motif_HNRNPK_1028（sha256 一致）
D:\stroke_apa	data/attract/bindz-rbp/resources/ATtRACT_hsa/motif_HNRNPK_1029	STAGED	data_frozen/v5_1_data/attract/bindz-rbp/resources/ATtRACT_hsa/motif_HNRNPK_1029（sha256 一致）
D:\stroke_apa	data/attract/bindz-rbp/resources/ATtRACT_hsa/motif_HNRNPK_1031	STAGED	data_frozen/v5_1_data/attract/bindz-rbp/resources/ATtRACT_hsa/motif_HNRNPK_1031（sha256 一致）
D:\stroke_apa	data/attract/bindz-rbp/resources/ATtRACT_hsa/motif_HNRNPK_1034	STAGED	data_frozen/v5_1_data/attract/bindz-rbp/resources/ATtRACT_hsa/motif_HNRNPK_1034（sha256 一致）
D:\stroke_apa	data/attract/bindz-rbp/resources/ATtRACT_hsa/motif_HNRNPK_1035	STAGED	data_frozen/v5_1_data/attract/bindz-rbp/resources/ATtRACT_hsa/motif_HNRNPK_1035（sha256 一致）
D:\stroke_apa	data/attract/bindz-rbp/resources/ATtRACT_hsa/motif_HNRNPK_1036	STAGED	data_frozen/v5_1_data/attract/bindz-rbp/resources/ATtRACT_hsa/motif_HNRNPK_1036（sha256 一致）
D:\stroke_apa	data/attract/bindz-rbp/resources/ATtRACT_hsa/motif_HNRNPK_1037	STAGED	data_frozen/v5_1_data/attract/bindz-rbp/resources/ATtRACT_hsa/motif_HNRNPK_1037（sha256 一致）
D:\stroke_apa	data/attract/bindz-rbp/resources/ATtRACT_hsa/motif_HNRNPK_1038	STAGED	data_frozen/v5_1_data/attract/bindz-rbp/resources/ATtRACT_hsa/motif_HNRNPK_1038（sha256 一致）
D:\stroke_apa	data/attract/bindz-rbp/resources/ATtRACT_hsa/motif_HNRNPK_1039	STAGED	data_frozen/v5_1_data/attract/bindz-rbp/resources/ATtRACT_hsa/motif_HNRNPK_1039（sha256 一致）
D:\stroke_apa	data/attract/bindz-rbp/resources/ATtRACT_hsa/motif_HNRNPK_1040	STAGED	data_frozen/v5_1_data/attract/bindz-rbp/resources/ATtRACT_hsa/motif_HNRNPK_1040（sha256 一致）
D:\stroke_apa	data/attract/bindz-rbp/resources/ATtRACT_hsa/motif_HNRNPK_1041	STAGED	data_frozen/v5_1_data/attract/bindz-rbp/resources/ATtRACT_hsa/motif_HNRNPK_1041（sha256 一致）
D:\stroke_apa	data/attract/bindz-rbp/resources/ATtRACT_hsa/motif_HNRNPK_1042	STAGED	data_frozen/v5_1_data/attract/bindz-rbp/resources/ATtRACT_hsa/motif_HNRNPK_1042（sha256 一致）
D:\stroke_apa	data/attract/bindz-rbp/resources/ATtRACT_hsa/motif_HNRNPK_1043	STAGED	data_frozen/v5_1_data/attract/bindz-rbp/resources/ATtRACT_hsa/motif_HNRNPK_1043（sha256 一致）
D:\stroke_apa	data/attract/bindz-rbp/resources/ATtRACT_hsa/motif_HNRNPK_1044	STAGED	data_frozen/v5_1_data/attract/bindz-rbp/resources/ATtRACT_hsa/motif_HNRNPK_1044（sha256 一致）
D:\stroke_apa	data/attract/bindz-rbp/resources/ATtRACT_hsa/motif_HNRNPK_1045	STAGED	data_frozen/v5_1_data/attract/bindz-rbp/resources/ATtRACT_hsa/motif_HNRNPK_1045（sha256 一致）
D:\stroke_apa	data/attract/bindz-rbp/resources/ATtRACT_hsa/motif_HNRNPK_121	STAGED	data_frozen/v5_1_data/attract/bindz-rbp/resources/ATtRACT_hsa/motif_HNRNPK_121（sha256 一致）
D:\stroke_apa	data/attract/bindz-rbp/resources/ATtRACT_hsa/motif_HNRNPK_M026_0.6	STAGED	data_frozen/v5_1_data/attract/bindz-rbp/resources/ATtRACT_hsa/motif_HNRNPK_M026_0.6（sha256 一致）
D:\stroke_apa	data/attract/bindz-rbp/resources/ATtRACT_hsa/motif_HNRNPK_s14	STAGED	data_frozen/v5_1_data/attract/bindz-rbp/resources/ATtRACT_hsa/motif_HNRNPK_s14（sha256 一致）
D:\stroke_apa	data/attract/bindz-rbp/resources/ATtRACT_hsa/motif_HNRNPK_s15	STAGED	data_frozen/v5_1_data/attract/bindz-rbp/resources/ATtRACT_hsa/motif_HNRNPK_s15（sha256 一致）
D:\stroke_apa	data/attract/bindz-rbp/resources/ATtRACT_hsa/motif_HNRNPK_s16	STAGED	data_frozen/v5_1_data/attract/bindz-rbp/resources/ATtRACT_hsa/motif_HNRNPK_s16（sha256 一致）
D:\stroke_apa	data/attract/bindz-rbp/resources/ATtRACT_hsa/motif_HNRNPK_s61	STAGED	data_frozen/v5_1_data/attract/bindz-rbp/resources/ATtRACT_hsa/motif_HNRNPK_s61（sha256 一致）
D:\stroke_apa	data/attract/bindz-rbp/resources/ATtRACT_hsa/motif_HNRNPK_s62	STAGED	data_frozen/v5_1_data/attract/bindz-rbp/resources/ATtRACT_hsa/motif_HNRNPK_s62（sha256 一致）
D:\stroke_apa	data/attract/bindz-rbp/resources/ATtRACT_hsa/motif_HNRNPLL_1053	STAGED	data_frozen/v5_1_data/attract/bindz-rbp/resources/ATtRACT_hsa/motif_HNRNPLL_1053（sha256 一致）
D:\stroke_apa	data/attract/bindz-rbp/resources/ATtRACT_hsa/motif_HNRNPLL_1054	STAGED	data_frozen/v5_1_data/attract/bindz-rbp/resources/ATtRACT_hsa/motif_HNRNPLL_1054（sha256 一致）
D:\stroke_apa	data/attract/bindz-rbp/resources/ATtRACT_hsa/motif_HNRNPLL_169	STAGED	data_frozen/v5_1_data/attract/bindz-rbp/resources/ATtRACT_hsa/motif_HNRNPLL_169（sha256 一致）
D:\stroke_apa	data/attract/bindz-rbp/resources/ATtRACT_hsa/motif_HNRNPLL_M169_0.6	STAGED	data_frozen/v5_1_data/attract/bindz-rbp/resources/ATtRACT_hsa/motif_HNRNPLL_M169_0.6（sha256 一致）
D:\stroke_apa	data/attract/bindz-rbp/resources/ATtRACT_hsa/motif_HNRNPL_1046	STAGED	data_frozen/v5_1_data/attract/bindz-rbp/resources/ATtRACT_hsa/motif_HNRNPL_1046（sha256 一致）
D:\stroke_apa	data/attract/bindz-rbp/resources/ATtRACT_hsa/motif_HNRNPL_1051	STAGED	data_frozen/v5_1_data/attract/bindz-rbp/resources/ATtRACT_hsa/motif_HNRNPL_1051（sha256 一致）
D:\stroke_apa	data/attract/bindz-rbp/resources/ATtRACT_hsa/motif_HNRNPL_1052	STAGED	data_frozen/v5_1_data/attract/bindz-rbp/resources/ATtRACT_hsa/motif_HNRNPL_1052（sha256 一致）
D:\stroke_apa	data/attract/bindz-rbp/resources/ATtRACT_hsa/motif_HNRNPL_M027_0.6	STAGED	data_frozen/v5_1_data/attract/bindz-rbp/resources/ATtRACT_hsa/motif_HNRNPL_M027_0.6（sha256 一致）
D:\stroke_apa	data/attract/bindz-rbp/resources/ATtRACT_hsa/motif_HNRNPL_M089_0.6	STAGED	data_frozen/v5_1_data/attract/bindz-rbp/resources/ATtRACT_hsa/motif_HNRNPL_M089_0.6（sha256 一致）
D:\stroke_apa	data/attract/bindz-rbp/resources/ATtRACT_hsa/motif_HNRNPL_s38	STAGED	data_frozen/v5_1_data/attract/bindz-rbp/resources/ATtRACT_hsa/motif_HNRNPL_s38（sha256 一致）
D:\stroke_apa	data/attract/bindz-rbp/resources/ATtRACT_hsa/motif_HNRNPM_1055	STAGED	data_frozen/v5_1_data/attract/bindz-rbp/resources/ATtRACT_hsa/motif_HNRNPM_1055（sha256 一致）
D:\stroke_apa	data/attract/bindz-rbp/resources/ATtRACT_hsa/motif_HNRNPM_1056	STAGED	data_frozen/v5_1_data/attract/bindz-rbp/resources/ATtRACT_hsa/motif_HNRNPM_1056（sha256 一致）
D:\stroke_apa	data/attract/bindz-rbp/resources/ATtRACT_hsa/motif_HNRNPU_1067	STAGED	data_frozen/v5_1_data/attract/bindz-rbp/resources/ATtRACT_hsa/motif_HNRNPU_1067（sha256 一致）
D:\stroke_apa	data/attract/bindz-rbp/resources/ATtRACT_hsa/motif_HNRNPU_1068	STAGED	data_frozen/v5_1_data/attract/bindz-rbp/resources/ATtRACT_hsa/motif_HNRNPU_1068（sha256 一致）
D:\stroke_apa	data/attract/bindz-rbp/resources/ATtRACT_hsa/motif_HNRNPU_1069	STAGED	data_frozen/v5_1_data/attract/bindz-rbp/resources/ATtRACT_hsa/motif_HNRNPU_1069（sha256 一致）
D:\stroke_apa	data/attract/bindz-rbp/resources/ATtRACT_hsa/motif_HNRNPU_1070	STAGED	data_frozen/v5_1_data/attract/bindz-rbp/resources/ATtRACT_hsa/motif_HNRNPU_1070（sha256 一致）
D:\stroke_apa	data/attract/bindz-rbp/resources/ATtRACT_hsa/motif_HNRNPU_1071	STAGED	data_frozen/v5_1_data/attract/bindz-rbp/resources/ATtRACT_hsa/motif_HNRNPU_1071（sha256 一致）
D:\stroke_apa	data/attract/bindz-rbp/resources/ATtRACT_hsa/motif_HNRNPU_1072	STAGED	data_frozen/v5_1_data/attract/bindz-rbp/resources/ATtRACT_hsa/motif_HNRNPU_1072（sha256 一致）
D:\stroke_apa	data/attract/bindz-rbp/resources/ATtRACT_hsa/motif_HNRNPU_1073	STAGED	data_frozen/v5_1_data/attract/bindz-rbp/resources/ATtRACT_hsa/motif_HNRNPU_1073（sha256 一致）
D:\stroke_apa	data/attract/bindz-rbp/resources/ATtRACT_hsa/motif_HNRNPU_1074	STAGED	data_frozen/v5_1_data/attract/bindz-rbp/resources/ATtRACT_hsa/motif_HNRNPU_1074（sha256 一致）
D:\stroke_apa	data/attract/bindz-rbp/resources/ATtRACT_hsa/motif_IFIH1_391	STAGED	data_frozen/v5_1_data/attract/bindz-rbp/resources/ATtRACT_hsa/motif_IFIH1_391（sha256 一致）
D:\stroke_apa	data/attract/bindz-rbp/resources/ATtRACT_hsa/motif_IFIH1_400	STAGED	data_frozen/v5_1_data/attract/bindz-rbp/resources/ATtRACT_hsa/motif_IFIH1_400（sha256 一致）
D:\stroke_apa	data/attract/bindz-rbp/resources/ATtRACT_hsa/motif_IFIH1_546	STAGED	data_frozen/v5_1_data/attract/bindz-rbp/resources/ATtRACT_hsa/motif_IFIH1_546（sha256 一致）
D:\stroke_apa	data/attract/bindz-rbp/resources/ATtRACT_hsa/motif_IGF2BP1_M296_0.6	STAGED	data_frozen/v5_1_data/attract/bindz-rbp/resources/ATtRACT_hsa/motif_IGF2BP1_M296_0.6（sha256 一致）
D:\stroke_apa	data/attract/bindz-rbp/resources/ATtRACT_hsa/motif_IGF2BP2_M032_0.6	STAGED	data_frozen/v5_1_data/attract/bindz-rbp/resources/ATtRACT_hsa/motif_IGF2BP2_M032_0.6（sha256 一致）
D:\stroke_apa	data/attract/bindz-rbp/resources/ATtRACT_hsa/motif_IGF2BP3_118	STAGED	data_frozen/v5_1_data/attract/bindz-rbp/resources/ATtRACT_hsa/motif_IGF2BP3_118（sha256 一致）
D:\stroke_apa	data/attract/bindz-rbp/resources/ATtRACT_hsa/motif_IGF2BP3_M163_0.6	STAGED	data_frozen/v5_1_data/attract/bindz-rbp/resources/ATtRACT_hsa/motif_IGF2BP3_M163_0.6（sha256 一致）
D:\stroke_apa	data/attract/bindz-rbp/resources/ATtRACT_hsa/motif_IGHMBP2_327	STAGED	data_frozen/v5_1_data/attract/bindz-rbp/resources/ATtRACT_hsa/motif_IGHMBP2_327（sha256 一致）
D:\stroke_apa	data/attract/bindz-rbp/resources/ATtRACT_hsa/motif_IGHMBP2_581	STAGED	data_frozen/v5_1_data/attract/bindz-rbp/resources/ATtRACT_hsa/motif_IGHMBP2_581（sha256 一致）
D:\stroke_apa	data/attract/bindz-rbp/resources/ATtRACT_hsa/motif_KHDRBS1_1155	STAGED	data_frozen/v5_1_data/attract/bindz-rbp/resources/ATtRACT_hsa/motif_KHDRBS1_1155（sha256 一致）
D:\stroke_apa	data/attract/bindz-rbp/resources/ATtRACT_hsa/motif_KHDRBS1_1156	STAGED	data_frozen/v5_1_data/attract/bindz-rbp/resources/ATtRACT_hsa/motif_KHDRBS1_1156（sha256 一致）
D:\stroke_apa	data/attract/bindz-rbp/resources/ATtRACT_hsa/motif_KHDRBS1_1157	STAGED	data_frozen/v5_1_data/attract/bindz-rbp/resources/ATtRACT_hsa/motif_KHDRBS1_1157（sha256 一致）
D:\stroke_apa	data/attract/bindz-rbp/resources/ATtRACT_hsa/motif_KHDRBS1_1158	STAGED	data_frozen/v5_1_data/attract/bindz-rbp/resources/ATtRACT_hsa/motif_KHDRBS1_1158（sha256 一致）
D:\stroke_apa	data/attract/bindz-rbp/resources/ATtRACT_hsa/motif_KHDRBS1_1159	STAGED	data_frozen/v5_1_data/attract/bindz-rbp/resources/ATtRACT_hsa/motif_KHDRBS1_1159（sha256 一致）
D:\stroke_apa	data/attract/bindz-rbp/resources/ATtRACT_hsa/motif_KHDRBS1_M160_0.6	STAGED	data_frozen/v5_1_data/attract/bindz-rbp/resources/ATtRACT_hsa/motif_KHDRBS1_M160_0.6（sha256 一致）
D:\stroke_apa	data/attract/bindz-rbp/resources/ATtRACT_hsa/motif_KHDRBS1_s33	STAGED	data_frozen/v5_1_data/attract/bindz-rbp/resources/ATtRACT_hsa/motif_KHDRBS1_s33（sha256 一致）
D:\stroke_apa	data/attract/bindz-rbp/resources/ATtRACT_hsa/motif_KHDRBS1_s34	STAGED	data_frozen/v5_1_data/attract/bindz-rbp/resources/ATtRACT_hsa/motif_KHDRBS1_s34（sha256 一致）
D:\stroke_apa	data/attract/bindz-rbp/resources/ATtRACT_hsa/motif_KHDRBS2_1242	STAGED	data_frozen/v5_1_data/attract/bindz-rbp/resources/ATtRACT_hsa/motif_KHDRBS2_1242（sha256 一致）
D:\stroke_apa	data/attract/bindz-rbp/resources/ATtRACT_hsa/motif_KHDRBS2_M176_0.6	STAGED	data_frozen/v5_1_data/attract/bindz-rbp/resources/ATtRACT_hsa/motif_KHDRBS2_M176_0.6（sha256 一致）
D:\stroke_apa	data/attract/bindz-rbp/resources/ATtRACT_hsa/motif_KHDRBS3_1243	STAGED	data_frozen/v5_1_data/attract/bindz-rbp/resources/ATtRACT_hsa/motif_KHDRBS3_1243（sha256 一致）
D:\stroke_apa	data/attract/bindz-rbp/resources/ATtRACT_hsa/motif_KHDRBS3_M033_0.6	STAGED	data_frozen/v5_1_data/attract/bindz-rbp/resources/ATtRACT_hsa/motif_KHDRBS3_M033_0.6（sha256 一致）
D:\stroke_apa	data/attract/bindz-rbp/resources/ATtRACT_hsa/motif_KHDRBS3_s103	STAGED	data_frozen/v5_1_data/attract/bindz-rbp/resources/ATtRACT_hsa/motif_KHDRBS3_s103（sha256 一致）
D:\stroke_apa	data/attract/bindz-rbp/resources/ATtRACT_hsa/motif_KHSRP_1109	STAGED	data_frozen/v5_1_data/attract/bindz-rbp/resources/ATtRACT_hsa/motif_KHSRP_1109（sha256 一致）
D:\stroke_apa	data/attract/bindz-rbp/resources/ATtRACT_hsa/motif_KHSRP_1110	STAGED	data_frozen/v5_1_data/attract/bindz-rbp/resources/ATtRACT_hsa/motif_KHSRP_1110（sha256 一致）
D:\stroke_apa	data/attract/bindz-rbp/resources/ATtRACT_hsa/motif_KHSRP_1111	STAGED	data_frozen/v5_1_data/attract/bindz-rbp/resources/ATtRACT_hsa/motif_KHSRP_1111（sha256 一致）
D:\stroke_apa	data/attract/bindz-rbp/resources/ATtRACT_hsa/motif_KHSRP_1112	STAGED	data_frozen/v5_1_data/attract/bindz-rbp/resources/ATtRACT_hsa/motif_KHSRP_1112（sha256 一致）
D:\stroke_apa	data/attract/bindz-rbp/resources/ATtRACT_hsa/motif_KHSRP_1113	STAGED	data_frozen/v5_1_data/attract/bindz-rbp/resources/ATtRACT_hsa/motif_KHSRP_1113（sha256 一致）
D:\stroke_apa	data/attract/bindz-rbp/resources/ATtRACT_hsa/motif_KHSRP_1114	STAGED	data_frozen/v5_1_data/attract/bindz-rbp/resources/ATtRACT_hsa/motif_KHSRP_1114（sha256 一致）
D:\stroke_apa	data/attract/bindz-rbp/resources/ATtRACT_hsa/motif_KHSRP_1115	STAGED	data_frozen/v5_1_data/attract/bindz-rbp/resources/ATtRACT_hsa/motif_KHSRP_1115（sha256 一致）
D:\stroke_apa	data/attract/bindz-rbp/resources/ATtRACT_hsa/motif_KHSRP_1116	STAGED	data_frozen/v5_1_data/attract/bindz-rbp/resources/ATtRACT_hsa/motif_KHSRP_1116（sha256 一致）
D:\stroke_apa	data/attract/bindz-rbp/resources/ATtRACT_hsa/motif_KHSRP_1117	STAGED	data_frozen/v5_1_data/attract/bindz-rbp/resources/ATtRACT_hsa/motif_KHSRP_1117（sha256 一致）
D:\stroke_apa	data/attract/bindz-rbp/resources/ATtRACT_hsa/motif_KHSRP_1118	STAGED	data_frozen/v5_1_data/attract/bindz-rbp/resources/ATtRACT_hsa/motif_KHSRP_1118（sha256 一致）
D:\stroke_apa	data/attract/bindz-rbp/resources/ATtRACT_hsa/motif_KHSRP_1119	STAGED	data_frozen/v5_1_data/attract/bindz-rbp/resources/ATtRACT_hsa/motif_KHSRP_1119（sha256 一致）
D:\stroke_apa	data/attract/bindz-rbp/resources/ATtRACT_hsa/motif_KHSRP_1120	STAGED	data_frozen/v5_1_data/attract/bindz-rbp/resources/ATtRACT_hsa/motif_KHSRP_1120（sha256 一致）
D:\stroke_apa	data/attract/bindz-rbp/resources/ATtRACT_hsa/motif_KHSRP_12	STAGED	data_frozen/v5_1_data/attract/bindz-rbp/resources/ATtRACT_hsa/motif_KHSRP_12（sha256 一致）
D:\stroke_apa	data/attract/bindz-rbp/resources/ATtRACT_hsa/motif_KHSRP_13	STAGED	data_frozen/v5_1_data/attract/bindz-rbp/resources/ATtRACT_hsa/motif_KHSRP_13（sha256 一致）
D:\stroke_apa	data/attract/bindz-rbp/resources/ATtRACT_hsa/motif_KHSRP_172	STAGED	data_frozen/v5_1_data/attract/bindz-rbp/resources/ATtRACT_hsa/motif_KHSRP_172（sha256 一致）
D:\stroke_apa	data/attract/bindz-rbp/resources/ATtRACT_hsa/motif_KHSRP_175	STAGED	data_frozen/v5_1_data/attract/bindz-rbp/resources/ATtRACT_hsa/motif_KHSRP_175（sha256 一致）
D:\stroke_apa	data/attract/bindz-rbp/resources/ATtRACT_hsa/motif_KHSRP_184	STAGED	data_frozen/v5_1_data/attract/bindz-rbp/resources/ATtRACT_hsa/motif_KHSRP_184（sha256 一致）
D:\stroke_apa	data/attract/bindz-rbp/resources/ATtRACT_hsa/motif_KHSRP_28	STAGED	data_frozen/v5_1_data/attract/bindz-rbp/resources/ATtRACT_hsa/motif_KHSRP_28（sha256 一致）
D:\stroke_apa	data/attract/bindz-rbp/resources/ATtRACT_hsa/motif_KHSRP_41	STAGED	data_frozen/v5_1_data/attract/bindz-rbp/resources/ATtRACT_hsa/motif_KHSRP_41（sha256 一致）
D:\stroke_apa	data/attract/bindz-rbp/resources/ATtRACT_hsa/motif_KHSRP_54	STAGED	data_frozen/v5_1_data/attract/bindz-rbp/resources/ATtRACT_hsa/motif_KHSRP_54（sha256 一致）
D:\stroke_apa	data/attract/bindz-rbp/resources/ATtRACT_hsa/motif_KHSRP_61	STAGED	data_frozen/v5_1_data/attract/bindz-rbp/resources/ATtRACT_hsa/motif_KHSRP_61（sha256 一致）
D:\stroke_apa	data/attract/bindz-rbp/resources/ATtRACT_hsa/motif_KHSRP_63	STAGED	data_frozen/v5_1_data/attract/bindz-rbp/resources/ATtRACT_hsa/motif_KHSRP_63（sha256 一致）
D:\stroke_apa	data/attract/bindz-rbp/resources/ATtRACT_hsa/motif_KHSRP_67	STAGED	data_frozen/v5_1_data/attract/bindz-rbp/resources/ATtRACT_hsa/motif_KHSRP_67（sha256 一致）
D:\stroke_apa	data/attract/bindz-rbp/resources/ATtRACT_hsa/motif_KHSRP_81	STAGED	data_frozen/v5_1_data/attract/bindz-rbp/resources/ATtRACT_hsa/motif_KHSRP_81（sha256 一致）
D:\stroke_apa	data/attract/bindz-rbp/resources/ATtRACT_hsa/motif_LIN28A_506	STAGED	data_frozen/v5_1_data/attract/bindz-rbp/resources/ATtRACT_hsa/motif_LIN28A_506（sha256 一致）
D:\stroke_apa	data/attract/bindz-rbp/resources/ATtRACT_hsa/motif_LIN28A_M035_0.6	STAGED	data_frozen/v5_1_data/attract/bindz-rbp/resources/ATtRACT_hsa/motif_LIN28A_M035_0.6（sha256 一致）
D:\stroke_apa	data/attract/bindz-rbp/resources/ATtRACT_hsa/motif_LIN28A_M153_0.6	STAGED	data_frozen/v5_1_data/attract/bindz-rbp/resources/ATtRACT_hsa/motif_LIN28A_M153_0.6（sha256 一致）
D:\stroke_apa	data/attract/bindz-rbp/resources/ATtRACT_hsa/motif_MATR3_M036_0.6	STAGED	data_frozen/v5_1_data/attract/bindz-rbp/resources/ATtRACT_hsa/motif_MATR3_M036_0.6（sha256 一致）
D:\stroke_apa	data/attract/bindz-rbp/resources/ATtRACT_hsa/motif_MBNL1_1121	STAGED	data_frozen/v5_1_data/attract/bindz-rbp/resources/ATtRACT_hsa/motif_MBNL1_1121（sha256 一致）
D:\stroke_apa	data/attract/bindz-rbp/resources/ATtRACT_hsa/motif_MBNL1_1122	STAGED	data_frozen/v5_1_data/attract/bindz-rbp/resources/ATtRACT_hsa/motif_MBNL1_1122（sha256 一致）
D:\stroke_apa	data/attract/bindz-rbp/resources/ATtRACT_hsa/motif_MBNL1_1123	STAGED	data_frozen/v5_1_data/attract/bindz-rbp/resources/ATtRACT_hsa/motif_MBNL1_1123（sha256 一致）
D:\stroke_apa	data/attract/bindz-rbp/resources/ATtRACT_hsa/motif_MBNL1_1124	STAGED	data_frozen/v5_1_data/attract/bindz-rbp/resources/ATtRACT_hsa/motif_MBNL1_1124（sha256 一致）
D:\stroke_apa	data/attract/bindz-rbp/resources/ATtRACT_hsa/motif_MBNL1_1125	STAGED	data_frozen/v5_1_data/attract/bindz-rbp/resources/ATtRACT_hsa/motif_MBNL1_1125（sha256 一致）
D:\stroke_apa	data/attract/bindz-rbp/resources/ATtRACT_hsa/motif_MBNL1_1126	STAGED	data_frozen/v5_1_data/attract/bindz-rbp/resources/ATtRACT_hsa/motif_MBNL1_1126（sha256 一致）
D:\stroke_apa	data/attract/bindz-rbp/resources/ATtRACT_hsa/motif_MBNL1_M037_0.6	STAGED	data_frozen/v5_1_data/attract/bindz-rbp/resources/ATtRACT_hsa/motif_MBNL1_M037_0.6（sha256 一致）
D:\stroke_apa	data/attract/bindz-rbp/resources/ATtRACT_hsa/motif_MBNL1_M320_0.6	STAGED	data_frozen/v5_1_data/attract/bindz-rbp/resources/ATtRACT_hsa/motif_MBNL1_M320_0.6（sha256 一致）
D:\stroke_apa	data/attract/bindz-rbp/resources/ATtRACT_hsa/motif_MBNL1_M320_0.6a	STAGED	data_frozen/v5_1_data/attract/bindz-rbp/resources/ATtRACT_hsa/motif_MBNL1_M320_0.6a（sha256 一致）
D:\stroke_apa	data/attract/bindz-rbp/resources/ATtRACT_hsa/motif_MBNL1_s30	STAGED	data_frozen/v5_1_data/attract/bindz-rbp/resources/ATtRACT_hsa/motif_MBNL1_s30（sha256 一致）
D:\stroke_apa	data/attract/bindz-rbp/resources/ATtRACT_hsa/motif_MSI1_M040_0.6	STAGED	data_frozen/v5_1_data/attract/bindz-rbp/resources/ATtRACT_hsa/motif_MSI1_M040_0.6（sha256 一致）
D:\stroke_apa	data/attract/bindz-rbp/resources/ATtRACT_hsa/motif_MSI1_M167_0.6	STAGED	data_frozen/v5_1_data/attract/bindz-rbp/resources/ATtRACT_hsa/motif_MSI1_M167_0.6（sha256 一致）
D:\stroke_apa	data/attract/bindz-rbp/resources/ATtRACT_hsa/motif_NELFE_122	STAGED	data_frozen/v5_1_data/attract/bindz-rbp/resources/ATtRACT_hsa/motif_NELFE_122（sha256 一致）
D:\stroke_apa	data/attract/bindz-rbp/resources/ATtRACT_hsa/motif_NELFE_21	STAGED	data_frozen/v5_1_data/attract/bindz-rbp/resources/ATtRACT_hsa/motif_NELFE_21（sha256 一致）
D:\stroke_apa	data/attract/bindz-rbp/resources/ATtRACT_hsa/motif_NELFE_6	STAGED	data_frozen/v5_1_data/attract/bindz-rbp/resources/ATtRACT_hsa/motif_NELFE_6（sha256 一致）
D:\stroke_apa	data/attract/bindz-rbp/resources/ATtRACT_hsa/motif_NONO_185	STAGED	data_frozen/v5_1_data/attract/bindz-rbp/resources/ATtRACT_hsa/motif_NONO_185（sha256 一致）
D:\stroke_apa	data/attract/bindz-rbp/resources/ATtRACT_hsa/motif_NONO_M307_0.6	STAGED	data_frozen/v5_1_data/attract/bindz-rbp/resources/ATtRACT_hsa/motif_NONO_M307_0.6（sha256 一致）
D:\stroke_apa	data/attract/bindz-rbp/resources/ATtRACT_hsa/motif_NOVA1_1127	STAGED	data_frozen/v5_1_data/attract/bindz-rbp/resources/ATtRACT_hsa/motif_NOVA1_1127（sha256 一致）
D:\stroke_apa	data/attract/bindz-rbp/resources/ATtRACT_hsa/motif_NOVA1_1128	STAGED	data_frozen/v5_1_data/attract/bindz-rbp/resources/ATtRACT_hsa/motif_NOVA1_1128（sha256 一致）
D:\stroke_apa	data/attract/bindz-rbp/resources/ATtRACT_hsa/motif_NOVA1_1129	STAGED	data_frozen/v5_1_data/attract/bindz-rbp/resources/ATtRACT_hsa/motif_NOVA1_1129（sha256 一致）
D:\stroke_apa	data/attract/bindz-rbp/resources/ATtRACT_hsa/motif_NOVA1_1130	STAGED	data_frozen/v5_1_data/attract/bindz-rbp/resources/ATtRACT_hsa/motif_NOVA1_1130（sha256 一致）
D:\stroke_apa	data/attract/bindz-rbp/resources/ATtRACT_hsa/motif_NOVA1_1131	STAGED	data_frozen/v5_1_data/attract/bindz-rbp/resources/ATtRACT_hsa/motif_NOVA1_1131（sha256 一致）
D:\stroke_apa	data/attract/bindz-rbp/resources/ATtRACT_hsa/motif_NOVA1_1132	STAGED	data_frozen/v5_1_data/attract/bindz-rbp/resources/ATtRACT_hsa/motif_NOVA1_1132（sha256 一致）
D:\stroke_apa	data/attract/bindz-rbp/resources/ATtRACT_hsa/motif_NOVA1_1378	STAGED	data_frozen/v5_1_data/attract/bindz-rbp/resources/ATtRACT_hsa/motif_NOVA1_1378（sha256 一致）
D:\stroke_apa	data/attract/bindz-rbp/resources/ATtRACT_hsa/motif_NOVA1_1394	STAGED	data_frozen/v5_1_data/attract/bindz-rbp/resources/ATtRACT_hsa/motif_NOVA1_1394（sha256 一致）
D:\stroke_apa	data/attract/bindz-rbp/resources/ATtRACT_hsa/motif_NOVA1_440	STAGED	data_frozen/v5_1_data/attract/bindz-rbp/resources/ATtRACT_hsa/motif_NOVA1_440（sha256 一致）
D:\stroke_apa	data/attract/bindz-rbp/resources/ATtRACT_hsa/motif_NOVA1_459	STAGED	data_frozen/v5_1_data/attract/bindz-rbp/resources/ATtRACT_hsa/motif_NOVA1_459（sha256 一致）
D:\stroke_apa	data/attract/bindz-rbp/resources/ATtRACT_hsa/motif_NOVA1_64	STAGED	data_frozen/v5_1_data/attract/bindz-rbp/resources/ATtRACT_hsa/motif_NOVA1_64（sha256 一致）
D:\stroke_apa	data/attract/bindz-rbp/resources/ATtRACT_hsa/motif_NOVA1_99	STAGED	data_frozen/v5_1_data/attract/bindz-rbp/resources/ATtRACT_hsa/motif_NOVA1_99（sha256 一致）
D:\stroke_apa	data/attract/bindz-rbp/resources/ATtRACT_hsa/motif_NOVA1_s27	STAGED	data_frozen/v5_1_data/attract/bindz-rbp/resources/ATtRACT_hsa/motif_NOVA1_s27（sha256 一致）
D:\stroke_apa	data/attract/bindz-rbp/resources/ATtRACT_hsa/motif_NOVA1_s94	STAGED	data_frozen/v5_1_data/attract/bindz-rbp/resources/ATtRACT_hsa/motif_NOVA1_s94（sha256 一致）
D:\stroke_apa	data/attract/bindz-rbp/resources/ATtRACT_hsa/motif_NOVA2_1133	STAGED	data_frozen/v5_1_data/attract/bindz-rbp/resources/ATtRACT_hsa/motif_NOVA2_1133（sha256 一致）
D:\stroke_apa	data/attract/bindz-rbp/resources/ATtRACT_hsa/motif_NOVA2_492	STAGED	data_frozen/v5_1_data/attract/bindz-rbp/resources/ATtRACT_hsa/motif_NOVA2_492（sha256 一致）
D:\stroke_apa	data/attract/bindz-rbp/resources/ATtRACT_hsa/motif_NOVA2_564	STAGED	data_frozen/v5_1_data/attract/bindz-rbp/resources/ATtRACT_hsa/motif_NOVA2_564（sha256 一致）
D:\stroke_apa	data/attract/bindz-rbp/resources/ATtRACT_hsa/motif_NOVA2_M325_0.6	STAGED	data_frozen/v5_1_data/attract/bindz-rbp/resources/ATtRACT_hsa/motif_NOVA2_M325_0.6（sha256 一致）
D:\stroke_apa	data/attract/bindz-rbp/resources/ATtRACT_hsa/motif_NOVA2_s28	STAGED	data_frozen/v5_1_data/attract/bindz-rbp/resources/ATtRACT_hsa/motif_NOVA2_s28（sha256 一致）
D:\stroke_apa	data/attract/bindz-rbp/resources/ATtRACT_hsa/motif_NOVA2_s29	STAGED	data_frozen/v5_1_data/attract/bindz-rbp/resources/ATtRACT_hsa/motif_NOVA2_s29（sha256 一致）
D:\stroke_apa	data/attract/bindz-rbp/resources/ATtRACT_hsa/motif_NOVA2_s95	STAGED	data_frozen/v5_1_data/attract/bindz-rbp/resources/ATtRACT_hsa/motif_NOVA2_s95（sha256 一致）
D:\stroke_apa	data/attract/bindz-rbp/resources/ATtRACT_hsa/motif_NOVA2_s96	STAGED	data_frozen/v5_1_data/attract/bindz-rbp/resources/ATtRACT_hsa/motif_NOVA2_s96（sha256 一致）
D:\stroke_apa	data/attract/bindz-rbp/resources/ATtRACT_hsa/motif_NUDT21_420	STAGED	data_frozen/v5_1_data/attract/bindz-rbp/resources/ATtRACT_hsa/motif_NUDT21_420（sha256 一致）
D:\stroke_apa	data/attract/bindz-rbp/resources/ATtRACT_hsa/motif_NUDT21_499	STAGED	data_frozen/v5_1_data/attract/bindz-rbp/resources/ATtRACT_hsa/motif_NUDT21_499（sha256 一致）
D:\stroke_apa	data/attract/bindz-rbp/resources/ATtRACT_hsa/motif_NUDT21_575	STAGED	data_frozen/v5_1_data/attract/bindz-rbp/resources/ATtRACT_hsa/motif_NUDT21_575（sha256 一致）
D:\stroke_apa	data/attract/bindz-rbp/resources/ATtRACT_hsa/motif_NXF1_418	STAGED	data_frozen/v5_1_data/attract/bindz-rbp/resources/ATtRACT_hsa/motif_NXF1_418（sha256 一致）
D:\stroke_apa	data/attract/bindz-rbp/resources/ATtRACT_hsa/motif_NXF1_454	STAGED	data_frozen/v5_1_data/attract/bindz-rbp/resources/ATtRACT_hsa/motif_NXF1_454（sha256 一致）
D:\stroke_apa	data/attract/bindz-rbp/resources/ATtRACT_hsa/motif_NXF1_572	STAGED	data_frozen/v5_1_data/attract/bindz-rbp/resources/ATtRACT_hsa/motif_NXF1_572（sha256 一致）
D:\stroke_apa	data/attract/bindz-rbp/resources/ATtRACT_hsa/motif_OAS1_385	STAGED	data_frozen/v5_1_data/attract/bindz-rbp/resources/ATtRACT_hsa/motif_OAS1_385（sha256 一致）
D:\stroke_apa	data/attract/bindz-rbp/resources/ATtRACT_hsa/motif_OAS1_485	STAGED	data_frozen/v5_1_data/attract/bindz-rbp/resources/ATtRACT_hsa/motif_OAS1_485（sha256 一致）
D:\stroke_apa	data/attract/bindz-rbp/resources/ATtRACT_hsa/motif_OAS1_535	STAGED	data_frozen/v5_1_data/attract/bindz-rbp/resources/ATtRACT_hsa/motif_OAS1_535（sha256 一致）
D:\stroke_apa	data/attract/bindz-rbp/resources/ATtRACT_hsa/motif_PABPC1_416	STAGED	data_frozen/v5_1_data/attract/bindz-rbp/resources/ATtRACT_hsa/motif_PABPC1_416（sha256 一致）
D:\stroke_apa	data/attract/bindz-rbp/resources/ATtRACT_hsa/motif_PABPC1_452	STAGED	data_frozen/v5_1_data/attract/bindz-rbp/resources/ATtRACT_hsa/motif_PABPC1_452（sha256 一致）
D:\stroke_apa	data/attract/bindz-rbp/resources/ATtRACT_hsa/motif_PABPC1_480	STAGED	data_frozen/v5_1_data/attract/bindz-rbp/resources/ATtRACT_hsa/motif_PABPC1_480（sha256 一致）
D:\stroke_apa	data/attract/bindz-rbp/resources/ATtRACT_hsa/motif_PABPC1_M146_0.6	STAGED	data_frozen/v5_1_data/attract/bindz-rbp/resources/ATtRACT_hsa/motif_PABPC1_M146_0.6（sha256 一致）
D:\stroke_apa	data/attract/bindz-rbp/resources/ATtRACT_hsa/motif_PABPC1_M275_0.6	STAGED	data_frozen/v5_1_data/attract/bindz-rbp/resources/ATtRACT_hsa/motif_PABPC1_M275_0.6（sha256 一致）
D:\stroke_apa	data/attract/bindz-rbp/resources/ATtRACT_hsa/motif_PABPC1_M349_0.6	STAGED	data_frozen/v5_1_data/attract/bindz-rbp/resources/ATtRACT_hsa/motif_PABPC1_M349_0.6（sha256 一致）
D:\stroke_apa	data/attract/bindz-rbp/resources/ATtRACT_hsa/motif_PABPC3_M144_0.6	STAGED	data_frozen/v5_1_data/attract/bindz-rbp/resources/ATtRACT_hsa/motif_PABPC3_M144_0.6（sha256 一致）
D:\stroke_apa	data/attract/bindz-rbp/resources/ATtRACT_hsa/motif_PABPC4_M042_0.6	STAGED	data_frozen/v5_1_data/attract/bindz-rbp/resources/ATtRACT_hsa/motif_PABPC4_M042_0.6（sha256 一致）
D:\stroke_apa	data/attract/bindz-rbp/resources/ATtRACT_hsa/motif_PABPC5_M162_0.6	STAGED	data_frozen/v5_1_data/attract/bindz-rbp/resources/ATtRACT_hsa/motif_PABPC5_M162_0.6（sha256 一致）
D:\stroke_apa	data/attract/bindz-rbp/resources/ATtRACT_hsa/motif_PABPN1_M148_0.6	STAGED	data_frozen/v5_1_data/attract/bindz-rbp/resources/ATtRACT_hsa/motif_PABPN1_M148_0.6（sha256 一致）
D:\stroke_apa	data/attract/bindz-rbp/resources/ATtRACT_hsa/motif_PCBP1_748	STAGED	data_frozen/v5_1_data/attract/bindz-rbp/resources/ATtRACT_hsa/motif_PCBP1_748（sha256 一致）
D:\stroke_apa	data/attract/bindz-rbp/resources/ATtRACT_hsa/motif_PCBP1_749	STAGED	data_frozen/v5_1_data/attract/bindz-rbp/resources/ATtRACT_hsa/motif_PCBP1_749（sha256 一致）
D:\stroke_apa	data/attract/bindz-rbp/resources/ATtRACT_hsa/motif_PCBP1_750	STAGED	data_frozen/v5_1_data/attract/bindz-rbp/resources/ATtRACT_hsa/motif_PCBP1_750（sha256 一致）
D:\stroke_apa	data/attract/bindz-rbp/resources/ATtRACT_hsa/motif_PCBP1_751	STAGED	data_frozen/v5_1_data/attract/bindz-rbp/resources/ATtRACT_hsa/motif_PCBP1_751（sha256 一致）
D:\stroke_apa	data/attract/bindz-rbp/resources/ATtRACT_hsa/motif_PCBP1_752	STAGED	data_frozen/v5_1_data/attract/bindz-rbp/resources/ATtRACT_hsa/motif_PCBP1_752（sha256 一致）
D:\stroke_apa	data/attract/bindz-rbp/resources/ATtRACT_hsa/motif_PCBP1_753	STAGED	data_frozen/v5_1_data/attract/bindz-rbp/resources/ATtRACT_hsa/motif_PCBP1_753（sha256 一致）
D:\stroke_apa	data/attract/bindz-rbp/resources/ATtRACT_hsa/motif_PCBP1_754	STAGED	data_frozen/v5_1_data/attract/bindz-rbp/resources/ATtRACT_hsa/motif_PCBP1_754（sha256 一致）
D:\stroke_apa	data/attract/bindz-rbp/resources/ATtRACT_hsa/motif_PCBP1_755	STAGED	data_frozen/v5_1_data/attract/bindz-rbp/resources/ATtRACT_hsa/motif_PCBP1_755（sha256 一致）
D:\stroke_apa	data/attract/bindz-rbp/resources/ATtRACT_hsa/motif_PCBP1_756	STAGED	data_frozen/v5_1_data/attract/bindz-rbp/resources/ATtRACT_hsa/motif_PCBP1_756（sha256 一致）
D:\stroke_apa	data/attract/bindz-rbp/resources/ATtRACT_hsa/motif_PCBP1_757	STAGED	data_frozen/v5_1_data/attract/bindz-rbp/resources/ATtRACT_hsa/motif_PCBP1_757（sha256 一致）
D:\stroke_apa	data/attract/bindz-rbp/resources/ATtRACT_hsa/motif_PCBP1_758	STAGED	data_frozen/v5_1_data/attract/bindz-rbp/resources/ATtRACT_hsa/motif_PCBP1_758（sha256 一致）
D:\stroke_apa	data/attract/bindz-rbp/resources/ATtRACT_hsa/motif_PCBP1_759	STAGED	data_frozen/v5_1_data/attract/bindz-rbp/resources/ATtRACT_hsa/motif_PCBP1_759（sha256 一致）
D:\stroke_apa	data/attract/bindz-rbp/resources/ATtRACT_hsa/motif_PCBP1_760	STAGED	data_frozen/v5_1_data/attract/bindz-rbp/resources/ATtRACT_hsa/motif_PCBP1_760（sha256 一致）
D:\stroke_apa	data/attract/bindz-rbp/resources/ATtRACT_hsa/motif_PCBP1_762	STAGED	data_frozen/v5_1_data/attract/bindz-rbp/resources/ATtRACT_hsa/motif_PCBP1_762（sha256 一致）
D:\stroke_apa	data/attract/bindz-rbp/resources/ATtRACT_hsa/motif_PCBP1_763	STAGED	data_frozen/v5_1_data/attract/bindz-rbp/resources/ATtRACT_hsa/motif_PCBP1_763（sha256 一致）
D:\stroke_apa	data/attract/bindz-rbp/resources/ATtRACT_hsa/motif_PCBP1_764	STAGED	data_frozen/v5_1_data/attract/bindz-rbp/resources/ATtRACT_hsa/motif_PCBP1_764（sha256 一致）
D:\stroke_apa	data/attract/bindz-rbp/resources/ATtRACT_hsa/motif_PCBP1_765	STAGED	data_frozen/v5_1_data/attract/bindz-rbp/resources/ATtRACT_hsa/motif_PCBP1_765（sha256 一致）
D:\stroke_apa	data/attract/bindz-rbp/resources/ATtRACT_hsa/motif_PCBP1_766	STAGED	data_frozen/v5_1_data/attract/bindz-rbp/resources/ATtRACT_hsa/motif_PCBP1_766（sha256 一致）
D:\stroke_apa	data/attract/bindz-rbp/resources/ATtRACT_hsa/motif_PCBP1_767	STAGED	data_frozen/v5_1_data/attract/bindz-rbp/resources/ATtRACT_hsa/motif_PCBP1_767（sha256 一致）
D:\stroke_apa	data/attract/bindz-rbp/resources/ATtRACT_hsa/motif_PCBP1_768	STAGED	data_frozen/v5_1_data/attract/bindz-rbp/resources/ATtRACT_hsa/motif_PCBP1_768（sha256 一致）
D:\stroke_apa	data/attract/bindz-rbp/resources/ATtRACT_hsa/motif_PCBP1_769	STAGED	data_frozen/v5_1_data/attract/bindz-rbp/resources/ATtRACT_hsa/motif_PCBP1_769（sha256 一致）
D:\stroke_apa	data/attract/bindz-rbp/resources/ATtRACT_hsa/motif_PCBP1_770	STAGED	data_frozen/v5_1_data/attract/bindz-rbp/resources/ATtRACT_hsa/motif_PCBP1_770（sha256 一致）
D:\stroke_apa	data/attract/bindz-rbp/resources/ATtRACT_hsa/motif_PCBP1_771	STAGED	data_frozen/v5_1_data/attract/bindz-rbp/resources/ATtRACT_hsa/motif_PCBP1_771（sha256 一致）
D:\stroke_apa	data/attract/bindz-rbp/resources/ATtRACT_hsa/motif_PCBP1_772	STAGED	data_frozen/v5_1_data/attract/bindz-rbp/resources/ATtRACT_hsa/motif_PCBP1_772（sha256 一致）
D:\stroke_apa	data/attract/bindz-rbp/resources/ATtRACT_hsa/motif_PCBP1_773	STAGED	data_frozen/v5_1_data/attract/bindz-rbp/resources/ATtRACT_hsa/motif_PCBP1_773（sha256 一致）
D:\stroke_apa	data/attract/bindz-rbp/resources/ATtRACT_hsa/motif_PCBP1_774	STAGED	data_frozen/v5_1_data/attract/bindz-rbp/resources/ATtRACT_hsa/motif_PCBP1_774（sha256 一致）
D:\stroke_apa	data/attract/bindz-rbp/resources/ATtRACT_hsa/motif_PCBP1_775	STAGED	data_frozen/v5_1_data/attract/bindz-rbp/resources/ATtRACT_hsa/motif_PCBP1_775（sha256 一致）
D:\stroke_apa	data/attract/bindz-rbp/resources/ATtRACT_hsa/motif_PCBP1_776	STAGED	data_frozen/v5_1_data/attract/bindz-rbp/resources/ATtRACT_hsa/motif_PCBP1_776（sha256 一致）
D:\stroke_apa	data/attract/bindz-rbp/resources/ATtRACT_hsa/motif_PCBP1_93	STAGED	data_frozen/v5_1_data/attract/bindz-rbp/resources/ATtRACT_hsa/motif_PCBP1_93（sha256 一致）
D:\stroke_apa	data/attract/bindz-rbp/resources/ATtRACT_hsa/motif_PCBP1_M177_0.6	STAGED	data_frozen/v5_1_data/attract/bindz-rbp/resources/ATtRACT_hsa/motif_PCBP1_M177_0.6（sha256 一致）
D:\stroke_apa	data/attract/bindz-rbp/resources/ATtRACT_hsa/motif_PCBP2_156	STAGED	data_frozen/v5_1_data/attract/bindz-rbp/resources/ATtRACT_hsa/motif_PCBP2_156（sha256 一致）
D:\stroke_apa	data/attract/bindz-rbp/resources/ATtRACT_hsa/motif_PCBP2_166	STAGED	data_frozen/v5_1_data/attract/bindz-rbp/resources/ATtRACT_hsa/motif_PCBP2_166（sha256 一致）
D:\stroke_apa	data/attract/bindz-rbp/resources/ATtRACT_hsa/motif_PCBP2_334	STAGED	data_frozen/v5_1_data/attract/bindz-rbp/resources/ATtRACT_hsa/motif_PCBP2_334（sha256 一致）
D:\stroke_apa	data/attract/bindz-rbp/resources/ATtRACT_hsa/motif_PCBP2_370	STAGED	data_frozen/v5_1_data/attract/bindz-rbp/resources/ATtRACT_hsa/motif_PCBP2_370（sha256 一致）
D:\stroke_apa	data/attract/bindz-rbp/resources/ATtRACT_hsa/motif_PCBP2_777	STAGED	data_frozen/v5_1_data/attract/bindz-rbp/resources/ATtRACT_hsa/motif_PCBP2_777（sha256 一致）
D:\stroke_apa	data/attract/bindz-rbp/resources/ATtRACT_hsa/motif_PCBP2_778	STAGED	data_frozen/v5_1_data/attract/bindz-rbp/resources/ATtRACT_hsa/motif_PCBP2_778（sha256 一致）
D:\stroke_apa	data/attract/bindz-rbp/resources/ATtRACT_hsa/motif_PCBP2_779	STAGED	data_frozen/v5_1_data/attract/bindz-rbp/resources/ATtRACT_hsa/motif_PCBP2_779（sha256 一致）
D:\stroke_apa	data/attract/bindz-rbp/resources/ATtRACT_hsa/motif_PCBP2_780	STAGED	data_frozen/v5_1_data/attract/bindz-rbp/resources/ATtRACT_hsa/motif_PCBP2_780（sha256 一致）
D:\stroke_apa	data/attract/bindz-rbp/resources/ATtRACT_hsa/motif_PCBP2_781	STAGED	data_frozen/v5_1_data/attract/bindz-rbp/resources/ATtRACT_hsa/motif_PCBP2_781（sha256 一致）
D:\stroke_apa	data/attract/bindz-rbp/resources/ATtRACT_hsa/motif_PCBP2_782	STAGED	data_frozen/v5_1_data/attract/bindz-rbp/resources/ATtRACT_hsa/motif_PCBP2_782（sha256 一致）
D:\stroke_apa	data/attract/bindz-rbp/resources/ATtRACT_hsa/motif_PCBP2_783	STAGED	data_frozen/v5_1_data/attract/bindz-rbp/resources/ATtRACT_hsa/motif_PCBP2_783（sha256 一致）
D:\stroke_apa	data/attract/bindz-rbp/resources/ATtRACT_hsa/motif_PCBP2_784	STAGED	data_frozen/v5_1_data/attract/bindz-rbp/resources/ATtRACT_hsa/motif_PCBP2_784（sha256 一致）
D:\stroke_apa	data/attract/bindz-rbp/resources/ATtRACT_hsa/motif_PCBP2_785	STAGED	data_frozen/v5_1_data/attract/bindz-rbp/resources/ATtRACT_hsa/motif_PCBP2_785（sha256 一致）
D:\stroke_apa	data/attract/bindz-rbp/resources/ATtRACT_hsa/motif_PCBP2_786	STAGED	data_frozen/v5_1_data/attract/bindz-rbp/resources/ATtRACT_hsa/motif_PCBP2_786（sha256 一致）
D:\stroke_apa	data/attract/bindz-rbp/resources/ATtRACT_hsa/motif_PCBP2_787	STAGED	data_frozen/v5_1_data/attract/bindz-rbp/resources/ATtRACT_hsa/motif_PCBP2_787（sha256 一致）
D:\stroke_apa	data/attract/bindz-rbp/resources/ATtRACT_hsa/motif_PCBP2_788	STAGED	data_frozen/v5_1_data/attract/bindz-rbp/resources/ATtRACT_hsa/motif_PCBP2_788（sha256 一致）
D:\stroke_apa	data/attract/bindz-rbp/resources/ATtRACT_hsa/motif_PCBP2_789	STAGED	data_frozen/v5_1_data/attract/bindz-rbp/resources/ATtRACT_hsa/motif_PCBP2_789（sha256 一致）
D:\stroke_apa	data/attract/bindz-rbp/resources/ATtRACT_hsa/motif_PCBP2_790	STAGED	data_frozen/v5_1_data/attract/bindz-rbp/resources/ATtRACT_hsa/motif_PCBP2_790（sha256 一致）
D:\stroke_apa	data/attract/bindz-rbp/resources/ATtRACT_hsa/motif_PCBP2_791	STAGED	data_frozen/v5_1_data/attract/bindz-rbp/resources/ATtRACT_hsa/motif_PCBP2_791（sha256 一致）
D:\stroke_apa	data/attract/bindz-rbp/resources/ATtRACT_hsa/motif_PCBP2_792	STAGED	data_frozen/v5_1_data/attract/bindz-rbp/resources/ATtRACT_hsa/motif_PCBP2_792（sha256 一致）
D:\stroke_apa	data/attract/bindz-rbp/resources/ATtRACT_hsa/motif_PCBP2_793	STAGED	data_frozen/v5_1_data/attract/bindz-rbp/resources/ATtRACT_hsa/motif_PCBP2_793（sha256 一致）
D:\stroke_apa	data/attract/bindz-rbp/resources/ATtRACT_hsa/motif_PCBP2_794	STAGED	data_frozen/v5_1_data/attract/bindz-rbp/resources/ATtRACT_hsa/motif_PCBP2_794（sha256 一致）
D:\stroke_apa	data/attract/bindz-rbp/resources/ATtRACT_hsa/motif_PCBP2_795	STAGED	data_frozen/v5_1_data/attract/bindz-rbp/resources/ATtRACT_hsa/motif_PCBP2_795（sha256 一致）
D:\stroke_apa	data/attract/bindz-rbp/resources/ATtRACT_hsa/motif_PCBP2_796	STAGED	data_frozen/v5_1_data/attract/bindz-rbp/resources/ATtRACT_hsa/motif_PCBP2_796（sha256 一致）
D:\stroke_apa	data/attract/bindz-rbp/resources/ATtRACT_hsa/motif_PCBP2_797	STAGED	data_frozen/v5_1_data/attract/bindz-rbp/resources/ATtRACT_hsa/motif_PCBP2_797（sha256 一致）
D:\stroke_apa	data/attract/bindz-rbp/resources/ATtRACT_hsa/motif_PCBP2_798	STAGED	data_frozen/v5_1_data/attract/bindz-rbp/resources/ATtRACT_hsa/motif_PCBP2_798（sha256 一致）
D:\stroke_apa	data/attract/bindz-rbp/resources/ATtRACT_hsa/motif_PCBP2_799	STAGED	data_frozen/v5_1_data/attract/bindz-rbp/resources/ATtRACT_hsa/motif_PCBP2_799（sha256 一致）
D:\stroke_apa	data/attract/bindz-rbp/resources/ATtRACT_hsa/motif_PCBP2_800	STAGED	data_frozen/v5_1_data/attract/bindz-rbp/resources/ATtRACT_hsa/motif_PCBP2_800（sha256 一致）
D:\stroke_apa	data/attract/bindz-rbp/resources/ATtRACT_hsa/motif_PCBP2_M043_0.6	STAGED	data_frozen/v5_1_data/attract/bindz-rbp/resources/ATtRACT_hsa/motif_PCBP2_M043_0.6（sha256 一致）
D:\stroke_apa	data/attract/bindz-rbp/resources/ATtRACT_hsa/motif_PHAX_472	STAGED	data_frozen/v5_1_data/attract/bindz-rbp/resources/ATtRACT_hsa/motif_PHAX_472（sha256 一致）
D:\stroke_apa	data/attract/bindz-rbp/resources/ATtRACT_hsa/motif_PIWIL1_508	STAGED	data_frozen/v5_1_data/attract/bindz-rbp/resources/ATtRACT_hsa/motif_PIWIL1_508（sha256 一致）
D:\stroke_apa	data/attract/bindz-rbp/resources/ATtRACT_hsa/motif_PPIE_20	STAGED	data_frozen/v5_1_data/attract/bindz-rbp/resources/ATtRACT_hsa/motif_PPIE_20（sha256 一致）
D:\stroke_apa	data/attract/bindz-rbp/resources/ATtRACT_hsa/motif_PPIE_36	STAGED	data_frozen/v5_1_data/attract/bindz-rbp/resources/ATtRACT_hsa/motif_PPIE_36（sha256 一致）
D:\stroke_apa	data/attract/bindz-rbp/resources/ATtRACT_hsa/motif_PPIE_45	STAGED	data_frozen/v5_1_data/attract/bindz-rbp/resources/ATtRACT_hsa/motif_PPIE_45（sha256 一致）
D:\stroke_apa	data/attract/bindz-rbp/resources/ATtRACT_hsa/motif_PPIE_75	STAGED	data_frozen/v5_1_data/attract/bindz-rbp/resources/ATtRACT_hsa/motif_PPIE_75（sha256 一致）
D:\stroke_apa	data/attract/bindz-rbp/resources/ATtRACT_hsa/motif_PPIE_89	STAGED	data_frozen/v5_1_data/attract/bindz-rbp/resources/ATtRACT_hsa/motif_PPIE_89（sha256 一致）
D:\stroke_apa	data/attract/bindz-rbp/resources/ATtRACT_hsa/motif_PPRC1_M044_0.6	STAGED	data_frozen/v5_1_data/attract/bindz-rbp/resources/ATtRACT_hsa/motif_PPRC1_M044_0.6（sha256 一致）
D:\stroke_apa	data/attract/bindz-rbp/resources/ATtRACT_hsa/motif_PTBP1_100	STAGED	data_frozen/v5_1_data/attract/bindz-rbp/resources/ATtRACT_hsa/motif_PTBP1_100（sha256 一致）
D:\stroke_apa	data/attract/bindz-rbp/resources/ATtRACT_hsa/motif_PTBP1_1000	STAGED	data_frozen/v5_1_data/attract/bindz-rbp/resources/ATtRACT_hsa/motif_PTBP1_1000（sha256 一致）
D:\stroke_apa	data/attract/bindz-rbp/resources/ATtRACT_hsa/motif_PTBP1_1001	STAGED	data_frozen/v5_1_data/attract/bindz-rbp/resources/ATtRACT_hsa/motif_PTBP1_1001（sha256 一致）
D:\stroke_apa	data/attract/bindz-rbp/resources/ATtRACT_hsa/motif_PTBP1_1002	STAGED	data_frozen/v5_1_data/attract/bindz-rbp/resources/ATtRACT_hsa/motif_PTBP1_1002（sha256 一致）
D:\stroke_apa	data/attract/bindz-rbp/resources/ATtRACT_hsa/motif_PTBP1_1003	STAGED	data_frozen/v5_1_data/attract/bindz-rbp/resources/ATtRACT_hsa/motif_PTBP1_1003（sha256 一致）
D:\stroke_apa	data/attract/bindz-rbp/resources/ATtRACT_hsa/motif_PTBP1_1004	STAGED	data_frozen/v5_1_data/attract/bindz-rbp/resources/ATtRACT_hsa/motif_PTBP1_1004（sha256 一致）
D:\stroke_apa	data/attract/bindz-rbp/resources/ATtRACT_hsa/motif_PTBP1_1006	STAGED	data_frozen/v5_1_data/attract/bindz-rbp/resources/ATtRACT_hsa/motif_PTBP1_1006（sha256 一致）
D:\stroke_apa	data/attract/bindz-rbp/resources/ATtRACT_hsa/motif_PTBP1_1008	STAGED	data_frozen/v5_1_data/attract/bindz-rbp/resources/ATtRACT_hsa/motif_PTBP1_1008（sha256 一致）
D:\stroke_apa	data/attract/bindz-rbp/resources/ATtRACT_hsa/motif_PTBP1_1009	STAGED	data_frozen/v5_1_data/attract/bindz-rbp/resources/ATtRACT_hsa/motif_PTBP1_1009（sha256 一致）
D:\stroke_apa	data/attract/bindz-rbp/resources/ATtRACT_hsa/motif_PTBP1_1011	STAGED	data_frozen/v5_1_data/attract/bindz-rbp/resources/ATtRACT_hsa/motif_PTBP1_1011（sha256 一致）
D:\stroke_apa	data/attract/bindz-rbp/resources/ATtRACT_hsa/motif_PTBP1_1012	STAGED	data_frozen/v5_1_data/attract/bindz-rbp/resources/ATtRACT_hsa/motif_PTBP1_1012（sha256 一致）
D:\stroke_apa	data/attract/bindz-rbp/resources/ATtRACT_hsa/motif_PTBP1_1013	STAGED	data_frozen/v5_1_data/attract/bindz-rbp/resources/ATtRACT_hsa/motif_PTBP1_1013（sha256 一致）
D:\stroke_apa	data/attract/bindz-rbp/resources/ATtRACT_hsa/motif_PTBP1_1014	STAGED	data_frozen/v5_1_data/attract/bindz-rbp/resources/ATtRACT_hsa/motif_PTBP1_1014（sha256 一致）
D:\stroke_apa	data/attract/bindz-rbp/resources/ATtRACT_hsa/motif_PTBP1_1015	STAGED	data_frozen/v5_1_data/attract/bindz-rbp/resources/ATtRACT_hsa/motif_PTBP1_1015（sha256 一致）
D:\stroke_apa	data/attract/bindz-rbp/resources/ATtRACT_hsa/motif_PTBP1_1016	STAGED	data_frozen/v5_1_data/attract/bindz-rbp/resources/ATtRACT_hsa/motif_PTBP1_1016（sha256 一致）
D:\stroke_apa	data/attract/bindz-rbp/resources/ATtRACT_hsa/motif_PTBP1_1017	STAGED	data_frozen/v5_1_data/attract/bindz-rbp/resources/ATtRACT_hsa/motif_PTBP1_1017（sha256 一致）
D:\stroke_apa	data/attract/bindz-rbp/resources/ATtRACT_hsa/motif_PTBP1_1018	STAGED	data_frozen/v5_1_data/attract/bindz-rbp/resources/ATtRACT_hsa/motif_PTBP1_1018（sha256 一致）
D:\stroke_apa	data/attract/bindz-rbp/resources/ATtRACT_hsa/motif_PTBP1_1019	STAGED	data_frozen/v5_1_data/attract/bindz-rbp/resources/ATtRACT_hsa/motif_PTBP1_1019（sha256 一致）
D:\stroke_apa	data/attract/bindz-rbp/resources/ATtRACT_hsa/motif_PTBP1_1020	STAGED	data_frozen/v5_1_data/attract/bindz-rbp/resources/ATtRACT_hsa/motif_PTBP1_1020（sha256 一致）
D:\stroke_apa	data/attract/bindz-rbp/resources/ATtRACT_hsa/motif_PTBP1_1021	STAGED	data_frozen/v5_1_data/attract/bindz-rbp/resources/ATtRACT_hsa/motif_PTBP1_1021（sha256 一致）
D:\stroke_apa	data/attract/bindz-rbp/resources/ATtRACT_hsa/motif_PTBP1_1022	STAGED	data_frozen/v5_1_data/attract/bindz-rbp/resources/ATtRACT_hsa/motif_PTBP1_1022（sha256 一致）
D:\stroke_apa	data/attract/bindz-rbp/resources/ATtRACT_hsa/motif_PTBP1_1023	STAGED	data_frozen/v5_1_data/attract/bindz-rbp/resources/ATtRACT_hsa/motif_PTBP1_1023（sha256 一致）
D:\stroke_apa	data/attract/bindz-rbp/resources/ATtRACT_hsa/motif_PTBP1_1024	STAGED	data_frozen/v5_1_data/attract/bindz-rbp/resources/ATtRACT_hsa/motif_PTBP1_1024（sha256 一致）
D:\stroke_apa	data/attract/bindz-rbp/resources/ATtRACT_hsa/motif_PTBP1_1025	STAGED	data_frozen/v5_1_data/attract/bindz-rbp/resources/ATtRACT_hsa/motif_PTBP1_1025（sha256 一致）
D:\stroke_apa	data/attract/bindz-rbp/resources/ATtRACT_hsa/motif_PTBP1_105	STAGED	data_frozen/v5_1_data/attract/bindz-rbp/resources/ATtRACT_hsa/motif_PTBP1_105（sha256 一致）
D:\stroke_apa	data/attract/bindz-rbp/resources/ATtRACT_hsa/motif_PTBP1_11	STAGED	data_frozen/v5_1_data/attract/bindz-rbp/resources/ATtRACT_hsa/motif_PTBP1_11（sha256 一致）
D:\stroke_apa	data/attract/bindz-rbp/resources/ATtRACT_hsa/motif_PTBP1_117	STAGED	data_frozen/v5_1_data/attract/bindz-rbp/resources/ATtRACT_hsa/motif_PTBP1_117（sha256 一致）
D:\stroke_apa	data/attract/bindz-rbp/resources/ATtRACT_hsa/motif_PTBP1_1314	STAGED	data_frozen/v5_1_data/attract/bindz-rbp/resources/ATtRACT_hsa/motif_PTBP1_1314（sha256 一致）
D:\stroke_apa	data/attract/bindz-rbp/resources/ATtRACT_hsa/motif_PTBP1_133	STAGED	data_frozen/v5_1_data/attract/bindz-rbp/resources/ATtRACT_hsa/motif_PTBP1_133（sha256 一致）
D:\stroke_apa	data/attract/bindz-rbp/resources/ATtRACT_hsa/motif_PTBP1_1340	STAGED	data_frozen/v5_1_data/attract/bindz-rbp/resources/ATtRACT_hsa/motif_PTBP1_1340（sha256 一致）
D:\stroke_apa	data/attract/bindz-rbp/resources/ATtRACT_hsa/motif_PTBP1_136	STAGED	data_frozen/v5_1_data/attract/bindz-rbp/resources/ATtRACT_hsa/motif_PTBP1_136（sha256 一致）
D:\stroke_apa	data/attract/bindz-rbp/resources/ATtRACT_hsa/motif_PTBP1_1368	STAGED	data_frozen/v5_1_data/attract/bindz-rbp/resources/ATtRACT_hsa/motif_PTBP1_1368（sha256 一致）
D:\stroke_apa	data/attract/bindz-rbp/resources/ATtRACT_hsa/motif_PTBP1_1398	STAGED	data_frozen/v5_1_data/attract/bindz-rbp/resources/ATtRACT_hsa/motif_PTBP1_1398（sha256 一致）
D:\stroke_apa	data/attract/bindz-rbp/resources/ATtRACT_hsa/motif_PTBP1_143	STAGED	data_frozen/v5_1_data/attract/bindz-rbp/resources/ATtRACT_hsa/motif_PTBP1_143（sha256 一致）
D:\stroke_apa	data/attract/bindz-rbp/resources/ATtRACT_hsa/motif_PTBP1_165	STAGED	data_frozen/v5_1_data/attract/bindz-rbp/resources/ATtRACT_hsa/motif_PTBP1_165（sha256 一致）
D:\stroke_apa	data/attract/bindz-rbp/resources/ATtRACT_hsa/motif_PTBP1_25	STAGED	data_frozen/v5_1_data/attract/bindz-rbp/resources/ATtRACT_hsa/motif_PTBP1_25（sha256 一致）
D:\stroke_apa	data/attract/bindz-rbp/resources/ATtRACT_hsa/motif_PTBP1_31	STAGED	data_frozen/v5_1_data/attract/bindz-rbp/resources/ATtRACT_hsa/motif_PTBP1_31（sha256 一致）
D:\stroke_apa	data/attract/bindz-rbp/resources/ATtRACT_hsa/motif_PTBP1_380	STAGED	data_frozen/v5_1_data/attract/bindz-rbp/resources/ATtRACT_hsa/motif_PTBP1_380（sha256 一致）
D:\stroke_apa	data/attract/bindz-rbp/resources/ATtRACT_hsa/motif_PTBP1_489	STAGED	data_frozen/v5_1_data/attract/bindz-rbp/resources/ATtRACT_hsa/motif_PTBP1_489（sha256 一致）
D:\stroke_apa	data/attract/bindz-rbp/resources/ATtRACT_hsa/motif_PTBP1_51	STAGED	data_frozen/v5_1_data/attract/bindz-rbp/resources/ATtRACT_hsa/motif_PTBP1_51（sha256 一致）
D:\stroke_apa	data/attract/bindz-rbp/resources/ATtRACT_hsa/motif_PTBP1_539	STAGED	data_frozen/v5_1_data/attract/bindz-rbp/resources/ATtRACT_hsa/motif_PTBP1_539（sha256 一致）
D:\stroke_apa	data/attract/bindz-rbp/resources/ATtRACT_hsa/motif_PTBP1_59	STAGED	data_frozen/v5_1_data/attract/bindz-rbp/resources/ATtRACT_hsa/motif_PTBP1_59（sha256 一致）
D:\stroke_apa	data/attract/bindz-rbp/resources/ATtRACT_hsa/motif_PTBP1_71	STAGED	data_frozen/v5_1_data/attract/bindz-rbp/resources/ATtRACT_hsa/motif_PTBP1_71（sha256 一致）
D:\stroke_apa	data/attract/bindz-rbp/resources/ATtRACT_hsa/motif_PTBP1_8	STAGED	data_frozen/v5_1_data/attract/bindz-rbp/resources/ATtRACT_hsa/motif_PTBP1_8（sha256 一致）
D:\stroke_apa	data/attract/bindz-rbp/resources/ATtRACT_hsa/motif_PTBP1_991	STAGED	data_frozen/v5_1_data/attract/bindz-rbp/resources/ATtRACT_hsa/motif_PTBP1_991（sha256 一致）
D:\stroke_apa	data/attract/bindz-rbp/resources/ATtRACT_hsa/motif_PTBP1_992	STAGED	data_frozen/v5_1_data/attract/bindz-rbp/resources/ATtRACT_hsa/motif_PTBP1_992（sha256 一致）
D:\stroke_apa	data/attract/bindz-rbp/resources/ATtRACT_hsa/motif_PTBP1_993	STAGED	data_frozen/v5_1_data/attract/bindz-rbp/resources/ATtRACT_hsa/motif_PTBP1_993（sha256 一致）
D:\stroke_apa	data/attract/bindz-rbp/resources/ATtRACT_hsa/motif_PTBP1_994	STAGED	data_frozen/v5_1_data/attract/bindz-rbp/resources/ATtRACT_hsa/motif_PTBP1_994（sha256 一致）
D:\stroke_apa	data/attract/bindz-rbp/resources/ATtRACT_hsa/motif_PTBP1_995	STAGED	data_frozen/v5_1_data/attract/bindz-rbp/resources/ATtRACT_hsa/motif_PTBP1_995（sha256 一致）
D:\stroke_apa	data/attract/bindz-rbp/resources/ATtRACT_hsa/motif_PTBP1_996	STAGED	data_frozen/v5_1_data/attract/bindz-rbp/resources/ATtRACT_hsa/motif_PTBP1_996（sha256 一致）
D:\stroke_apa	data/attract/bindz-rbp/resources/ATtRACT_hsa/motif_PTBP1_997	STAGED	data_frozen/v5_1_data/attract/bindz-rbp/resources/ATtRACT_hsa/motif_PTBP1_997（sha256 一致）
D:\stroke_apa	data/attract/bindz-rbp/resources/ATtRACT_hsa/motif_PTBP1_998	STAGED	data_frozen/v5_1_data/attract/bindz-rbp/resources/ATtRACT_hsa/motif_PTBP1_998（sha256 一致）
D:\stroke_apa	data/attract/bindz-rbp/resources/ATtRACT_hsa/motif_PTBP1_999	STAGED	data_frozen/v5_1_data/attract/bindz-rbp/resources/ATtRACT_hsa/motif_PTBP1_999（sha256 一致）
D:\stroke_apa	data/attract/bindz-rbp/resources/ATtRACT_hsa/motif_PTBP1_M227_0.6	STAGED	data_frozen/v5_1_data/attract/bindz-rbp/resources/ATtRACT_hsa/motif_PTBP1_M227_0.6（sha256 一致）
D:\stroke_apa	data/attract/bindz-rbp/resources/ATtRACT_hsa/motif_PTBP1_s100	STAGED	data_frozen/v5_1_data/attract/bindz-rbp/resources/ATtRACT_hsa/motif_PTBP1_s100（sha256 一致）
D:\stroke_apa	data/attract/bindz-rbp/resources/ATtRACT_hsa/motif_PTBP1_s12	STAGED	data_frozen/v5_1_data/attract/bindz-rbp/resources/ATtRACT_hsa/motif_PTBP1_s12（sha256 一致）
D:\stroke_apa	data/attract/bindz-rbp/resources/ATtRACT_hsa/motif_PTBP1_s80	STAGED	data_frozen/v5_1_data/attract/bindz-rbp/resources/ATtRACT_hsa/motif_PTBP1_s80（sha256 一致）
D:\stroke_apa	data/attract/bindz-rbp/resources/ATtRACT_hsa/motif_PTBP2_1134	STAGED	data_frozen/v5_1_data/attract/bindz-rbp/resources/ATtRACT_hsa/motif_PTBP2_1134（sha256 一致）
D:\stroke_apa	data/attract/bindz-rbp/resources/ATtRACT_hsa/motif_PUM1_114	STAGED	data_frozen/v5_1_data/attract/bindz-rbp/resources/ATtRACT_hsa/motif_PUM1_114（sha256 一致）
D:\stroke_apa	data/attract/bindz-rbp/resources/ATtRACT_hsa/motif_PUM1_137	STAGED	data_frozen/v5_1_data/attract/bindz-rbp/resources/ATtRACT_hsa/motif_PUM1_137（sha256 一致）
D:\stroke_apa	data/attract/bindz-rbp/resources/ATtRACT_hsa/motif_PUM1_151	STAGED	data_frozen/v5_1_data/attract/bindz-rbp/resources/ATtRACT_hsa/motif_PUM1_151（sha256 一致）
D:\stroke_apa	data/attract/bindz-rbp/resources/ATtRACT_hsa/motif_PUM1_337	STAGED	data_frozen/v5_1_data/attract/bindz-rbp/resources/ATtRACT_hsa/motif_PUM1_337（sha256 一致）
D:\stroke_apa	data/attract/bindz-rbp/resources/ATtRACT_hsa/motif_PUM1_339	STAGED	data_frozen/v5_1_data/attract/bindz-rbp/resources/ATtRACT_hsa/motif_PUM1_339（sha256 一致）
D:\stroke_apa	data/attract/bindz-rbp/resources/ATtRACT_hsa/motif_PUM1_343	STAGED	data_frozen/v5_1_data/attract/bindz-rbp/resources/ATtRACT_hsa/motif_PUM1_343（sha256 一致）
D:\stroke_apa	data/attract/bindz-rbp/resources/ATtRACT_hsa/motif_PUM1_389	STAGED	data_frozen/v5_1_data/attract/bindz-rbp/resources/ATtRACT_hsa/motif_PUM1_389（sha256 一致）
D:\stroke_apa	data/attract/bindz-rbp/resources/ATtRACT_hsa/motif_PUM1_406	STAGED	data_frozen/v5_1_data/attract/bindz-rbp/resources/ATtRACT_hsa/motif_PUM1_406（sha256 一致）
D:\stroke_apa	data/attract/bindz-rbp/resources/ATtRACT_hsa/motif_PUM1_419	STAGED	data_frozen/v5_1_data/attract/bindz-rbp/resources/ATtRACT_hsa/motif_PUM1_419（sha256 一致）
D:\stroke_apa	data/attract/bindz-rbp/resources/ATtRACT_hsa/motif_PUM1_484	STAGED	data_frozen/v5_1_data/attract/bindz-rbp/resources/ATtRACT_hsa/motif_PUM1_484（sha256 一致）
D:\stroke_apa	data/attract/bindz-rbp/resources/ATtRACT_hsa/motif_PUM1_533	STAGED	data_frozen/v5_1_data/attract/bindz-rbp/resources/ATtRACT_hsa/motif_PUM1_533（sha256 一致）
D:\stroke_apa	data/attract/bindz-rbp/resources/ATtRACT_hsa/motif_PUM1_545	STAGED	data_frozen/v5_1_data/attract/bindz-rbp/resources/ATtRACT_hsa/motif_PUM1_545（sha256 一致）
D:\stroke_apa	data/attract/bindz-rbp/resources/ATtRACT_hsa/motif_PUM1_569	STAGED	data_frozen/v5_1_data/attract/bindz-rbp/resources/ATtRACT_hsa/motif_PUM1_569（sha256 一致）
D:\stroke_apa	data/attract/bindz-rbp/resources/ATtRACT_hsa/motif_PUM1_74	STAGED	data_frozen/v5_1_data/attract/bindz-rbp/resources/ATtRACT_hsa/motif_PUM1_74（sha256 一致）
D:\stroke_apa	data/attract/bindz-rbp/resources/ATtRACT_hsa/motif_PUM1_82	STAGED	data_frozen/v5_1_data/attract/bindz-rbp/resources/ATtRACT_hsa/motif_PUM1_82（sha256 一致）
D:\stroke_apa	data/attract/bindz-rbp/resources/ATtRACT_hsa/motif_PUM2_107	STAGED	data_frozen/v5_1_data/attract/bindz-rbp/resources/ATtRACT_hsa/motif_PUM2_107（sha256 一致）
D:\stroke_apa	data/attract/bindz-rbp/resources/ATtRACT_hsa/motif_PUM2_116	STAGED	data_frozen/v5_1_data/attract/bindz-rbp/resources/ATtRACT_hsa/motif_PUM2_116（sha256 一致）
D:\stroke_apa	data/attract/bindz-rbp/resources/ATtRACT_hsa/motif_PUM2_129	STAGED	data_frozen/v5_1_data/attract/bindz-rbp/resources/ATtRACT_hsa/motif_PUM2_129（sha256 一致）
D:\stroke_apa	data/attract/bindz-rbp/resources/ATtRACT_hsa/motif_PUM2_361	STAGED	data_frozen/v5_1_data/attract/bindz-rbp/resources/ATtRACT_hsa/motif_PUM2_361（sha256 一致）
D:\stroke_apa	data/attract/bindz-rbp/resources/ATtRACT_hsa/motif_PUM2_503	STAGED	data_frozen/v5_1_data/attract/bindz-rbp/resources/ATtRACT_hsa/motif_PUM2_503（sha256 一致）
D:\stroke_apa	data/attract/bindz-rbp/resources/ATtRACT_hsa/motif_PUM2_514	STAGED	data_frozen/v5_1_data/attract/bindz-rbp/resources/ATtRACT_hsa/motif_PUM2_514（sha256 一致）
D:\stroke_apa	data/attract/bindz-rbp/resources/ATtRACT_hsa/motif_QKI_104	STAGED	data_frozen/v5_1_data/attract/bindz-rbp/resources/ATtRACT_hsa/motif_QKI_104（sha256 一致）
D:\stroke_apa	data/attract/bindz-rbp/resources/ATtRACT_hsa/motif_QKI_1138	STAGED	data_frozen/v5_1_data/attract/bindz-rbp/resources/ATtRACT_hsa/motif_QKI_1138（sha256 一致）
D:\stroke_apa	data/attract/bindz-rbp/resources/ATtRACT_hsa/motif_QKI_1139	STAGED	data_frozen/v5_1_data/attract/bindz-rbp/resources/ATtRACT_hsa/motif_QKI_1139（sha256 一致）
D:\stroke_apa	data/attract/bindz-rbp/resources/ATtRACT_hsa/motif_QKI_1140	STAGED	data_frozen/v5_1_data/attract/bindz-rbp/resources/ATtRACT_hsa/motif_QKI_1140（sha256 一致）
D:\stroke_apa	data/attract/bindz-rbp/resources/ATtRACT_hsa/motif_QKI_1141	STAGED	data_frozen/v5_1_data/attract/bindz-rbp/resources/ATtRACT_hsa/motif_QKI_1141（sha256 一致）
D:\stroke_apa	data/attract/bindz-rbp/resources/ATtRACT_hsa/motif_QKI_1142	STAGED	data_frozen/v5_1_data/attract/bindz-rbp/resources/ATtRACT_hsa/motif_QKI_1142（sha256 一致）
D:\stroke_apa	data/attract/bindz-rbp/resources/ATtRACT_hsa/motif_QKI_3	STAGED	data_frozen/v5_1_data/attract/bindz-rbp/resources/ATtRACT_hsa/motif_QKI_3（sha256 一致）
D:\stroke_apa	data/attract/bindz-rbp/resources/ATtRACT_hsa/motif_QKI_352	STAGED	data_frozen/v5_1_data/attract/bindz-rbp/resources/ATtRACT_hsa/motif_QKI_352（sha256 一致）
D:\stroke_apa	data/attract/bindz-rbp/resources/ATtRACT_hsa/motif_QKI_70	STAGED	data_frozen/v5_1_data/attract/bindz-rbp/resources/ATtRACT_hsa/motif_QKI_70（sha256 一致）
D:\stroke_apa	data/attract/bindz-rbp/resources/ATtRACT_hsa/motif_QKI_83	STAGED	data_frozen/v5_1_data/attract/bindz-rbp/resources/ATtRACT_hsa/motif_QKI_83（sha256 一致）
D:\stroke_apa	data/attract/bindz-rbp/resources/ATtRACT_hsa/motif_QKI_M046_0.6	STAGED	data_frozen/v5_1_data/attract/bindz-rbp/resources/ATtRACT_hsa/motif_QKI_M046_0.6（sha256 一致）
D:\stroke_apa	data/attract/bindz-rbp/resources/ATtRACT_hsa/motif_RALY_M150_0.6	STAGED	data_frozen/v5_1_data/attract/bindz-rbp/resources/ATtRACT_hsa/motif_RALY_M150_0.6（sha256 一致）
D:\stroke_apa	data/attract/bindz-rbp/resources/ATtRACT_hsa/motif_RBFOX1_335	STAGED	data_frozen/v5_1_data/attract/bindz-rbp/resources/ATtRACT_hsa/motif_RBFOX1_335（sha256 一致）
D:\stroke_apa	data/attract/bindz-rbp/resources/ATtRACT_hsa/motif_RBFOX1_612	STAGED	data_frozen/v5_1_data/attract/bindz-rbp/resources/ATtRACT_hsa/motif_RBFOX1_612（sha256 一致）
D:\stroke_apa	data/attract/bindz-rbp/resources/ATtRACT_hsa/motif_RBFOX1_613	STAGED	data_frozen/v5_1_data/attract/bindz-rbp/resources/ATtRACT_hsa/motif_RBFOX1_613（sha256 一致）
D:\stroke_apa	data/attract/bindz-rbp/resources/ATtRACT_hsa/motif_RBFOX1_616	STAGED	data_frozen/v5_1_data/attract/bindz-rbp/resources/ATtRACT_hsa/motif_RBFOX1_616（sha256 一致）
D:\stroke_apa	data/attract/bindz-rbp/resources/ATtRACT_hsa/motif_RBFOX1_617	STAGED	data_frozen/v5_1_data/attract/bindz-rbp/resources/ATtRACT_hsa/motif_RBFOX1_617（sha256 一致）
D:\stroke_apa	data/attract/bindz-rbp/resources/ATtRACT_hsa/motif_RBFOX1_620	STAGED	data_frozen/v5_1_data/attract/bindz-rbp/resources/ATtRACT_hsa/motif_RBFOX1_620（sha256 一致）
D:\stroke_apa	data/attract/bindz-rbp/resources/ATtRACT_hsa/motif_RBFOX1_621	STAGED	data_frozen/v5_1_data/attract/bindz-rbp/resources/ATtRACT_hsa/motif_RBFOX1_621（sha256 一致）
D:\stroke_apa	data/attract/bindz-rbp/resources/ATtRACT_hsa/motif_RBFOX1_M159_0.6	STAGED	data_frozen/v5_1_data/attract/bindz-rbp/resources/ATtRACT_hsa/motif_RBFOX1_M159_0.6（sha256 一致）
D:\stroke_apa	data/attract/bindz-rbp/resources/ATtRACT_hsa/motif_RBFOX1_M298_0.6	STAGED	data_frozen/v5_1_data/attract/bindz-rbp/resources/ATtRACT_hsa/motif_RBFOX1_M298_0.6（sha256 一致）
D:\stroke_apa	data/attract/bindz-rbp/resources/ATtRACT_hsa/motif_RBFOX1_s92	STAGED	data_frozen/v5_1_data/attract/bindz-rbp/resources/ATtRACT_hsa/motif_RBFOX1_s92（sha256 一致）
D:\stroke_apa	data/attract/bindz-rbp/resources/ATtRACT_hsa/motif_RBFOX2_141	STAGED	data_frozen/v5_1_data/attract/bindz-rbp/resources/ATtRACT_hsa/motif_RBFOX2_141（sha256 一致）
D:\stroke_apa	data/attract/bindz-rbp/resources/ATtRACT_hsa/motif_RBFOX2_622	STAGED	data_frozen/v5_1_data/attract/bindz-rbp/resources/ATtRACT_hsa/motif_RBFOX2_622（sha256 一致）
D:\stroke_apa	data/attract/bindz-rbp/resources/ATtRACT_hsa/motif_RBFOX2_625	STAGED	data_frozen/v5_1_data/attract/bindz-rbp/resources/ATtRACT_hsa/motif_RBFOX2_625（sha256 一致）
D:\stroke_apa	data/attract/bindz-rbp/resources/ATtRACT_hsa/motif_RBFOX2_627	STAGED	data_frozen/v5_1_data/attract/bindz-rbp/resources/ATtRACT_hsa/motif_RBFOX2_627（sha256 一致）
D:\stroke_apa	data/attract/bindz-rbp/resources/ATtRACT_hsa/motif_RBFOX2_630	STAGED	data_frozen/v5_1_data/attract/bindz-rbp/resources/ATtRACT_hsa/motif_RBFOX2_630（sha256 一致）
D:\stroke_apa	data/attract/bindz-rbp/resources/ATtRACT_hsa/motif_RBFOX2_631	STAGED	data_frozen/v5_1_data/attract/bindz-rbp/resources/ATtRACT_hsa/motif_RBFOX2_631（sha256 一致）
D:\stroke_apa	data/attract/bindz-rbp/resources/ATtRACT_hsa/motif_RBM14_M050_0.6	STAGED	data_frozen/v5_1_data/attract/bindz-rbp/resources/ATtRACT_hsa/motif_RBM14_M050_0.6（sha256 一致）
D:\stroke_apa	data/attract/bindz-rbp/resources/ATtRACT_hsa/motif_RBM14_M109_0.6	STAGED	data_frozen/v5_1_data/attract/bindz-rbp/resources/ATtRACT_hsa/motif_RBM14_M109_0.6（sha256 一致）
D:\stroke_apa	data/attract/bindz-rbp/resources/ATtRACT_hsa/motif_RBM24_M175_0.6	STAGED	data_frozen/v5_1_data/attract/bindz-rbp/resources/ATtRACT_hsa/motif_RBM24_M175_0.6（sha256 一致）
D:\stroke_apa	data/attract/bindz-rbp/resources/ATtRACT_hsa/motif_RBM25_1143	STAGED	data_frozen/v5_1_data/attract/bindz-rbp/resources/ATtRACT_hsa/motif_RBM25_1143（sha256 一致）
D:\stroke_apa	data/attract/bindz-rbp/resources/ATtRACT_hsa/motif_RBM25_1144	STAGED	data_frozen/v5_1_data/attract/bindz-rbp/resources/ATtRACT_hsa/motif_RBM25_1144（sha256 一致）
D:\stroke_apa	data/attract/bindz-rbp/resources/ATtRACT_hsa/motif_RBM28_M047_0.6	STAGED	data_frozen/v5_1_data/attract/bindz-rbp/resources/ATtRACT_hsa/motif_RBM28_M047_0.6（sha256 一致）
D:\stroke_apa	data/attract/bindz-rbp/resources/ATtRACT_hsa/motif_RBM3_M048_0.6	STAGED	data_frozen/v5_1_data/attract/bindz-rbp/resources/ATtRACT_hsa/motif_RBM3_M048_0.6（sha256 一致）
D:\stroke_apa	data/attract/bindz-rbp/resources/ATtRACT_hsa/motif_RBM41_M051_0.6	STAGED	data_frozen/v5_1_data/attract/bindz-rbp/resources/ATtRACT_hsa/motif_RBM41_M051_0.6（sha256 一致）
D:\stroke_apa	data/attract/bindz-rbp/resources/ATtRACT_hsa/motif_RBM42_M142_0.6	STAGED	data_frozen/v5_1_data/attract/bindz-rbp/resources/ATtRACT_hsa/motif_RBM42_M142_0.6（sha256 一致）
D:\stroke_apa	data/attract/bindz-rbp/resources/ATtRACT_hsa/motif_RBM46_M052_0.6	STAGED	data_frozen/v5_1_data/attract/bindz-rbp/resources/ATtRACT_hsa/motif_RBM46_M052_0.6（sha256 一致）
D:\stroke_apa	data/attract/bindz-rbp/resources/ATtRACT_hsa/motif_RBM4_1145	STAGED	data_frozen/v5_1_data/attract/bindz-rbp/resources/ATtRACT_hsa/motif_RBM4_1145（sha256 一致）
D:\stroke_apa	data/attract/bindz-rbp/resources/ATtRACT_hsa/motif_RBM4_1146	STAGED	data_frozen/v5_1_data/attract/bindz-rbp/resources/ATtRACT_hsa/motif_RBM4_1146（sha256 一致）
D:\stroke_apa	data/attract/bindz-rbp/resources/ATtRACT_hsa/motif_RBM4_1147	STAGED	data_frozen/v5_1_data/attract/bindz-rbp/resources/ATtRACT_hsa/motif_RBM4_1147（sha256 一致）
D:\stroke_apa	data/attract/bindz-rbp/resources/ATtRACT_hsa/motif_RBM4_s102	STAGED	data_frozen/v5_1_data/attract/bindz-rbp/resources/ATtRACT_hsa/motif_RBM4_s102（sha256 一致）
D:\stroke_apa	data/attract/bindz-rbp/resources/ATtRACT_hsa/motif_RBM5_1148	STAGED	data_frozen/v5_1_data/attract/bindz-rbp/resources/ATtRACT_hsa/motif_RBM5_1148（sha256 一致）
D:\stroke_apa	data/attract/bindz-rbp/resources/ATtRACT_hsa/motif_RBM5_1149	STAGED	data_frozen/v5_1_data/attract/bindz-rbp/resources/ATtRACT_hsa/motif_RBM5_1149（sha256 一致）
D:\stroke_apa	data/attract/bindz-rbp/resources/ATtRACT_hsa/motif_RBM5_1150	STAGED	data_frozen/v5_1_data/attract/bindz-rbp/resources/ATtRACT_hsa/motif_RBM5_1150（sha256 一致）
D:\stroke_apa	data/attract/bindz-rbp/resources/ATtRACT_hsa/motif_RBM5_1151	STAGED	data_frozen/v5_1_data/attract/bindz-rbp/resources/ATtRACT_hsa/motif_RBM5_1151（sha256 一致）
D:\stroke_apa	data/attract/bindz-rbp/resources/ATtRACT_hsa/motif_RBM5_1152	STAGED	data_frozen/v5_1_data/attract/bindz-rbp/resources/ATtRACT_hsa/motif_RBM5_1152（sha256 一致）
D:\stroke_apa	data/attract/bindz-rbp/resources/ATtRACT_hsa/motif_RBM5_1153	STAGED	data_frozen/v5_1_data/attract/bindz-rbp/resources/ATtRACT_hsa/motif_RBM5_1153（sha256 一致）
D:\stroke_apa	data/attract/bindz-rbp/resources/ATtRACT_hsa/motif_RBM5_1154	STAGED	data_frozen/v5_1_data/attract/bindz-rbp/resources/ATtRACT_hsa/motif_RBM5_1154（sha256 一致）
D:\stroke_apa	data/attract/bindz-rbp/resources/ATtRACT_hsa/motif_RBM5_M053_0.6	STAGED	data_frozen/v5_1_data/attract/bindz-rbp/resources/ATtRACT_hsa/motif_RBM5_M053_0.6（sha256 一致）
D:\stroke_apa	data/attract/bindz-rbp/resources/ATtRACT_hsa/motif_RBM5_M145_0.6	STAGED	data_frozen/v5_1_data/attract/bindz-rbp/resources/ATtRACT_hsa/motif_RBM5_M145_0.6（sha256 一致）
D:\stroke_apa	data/attract/bindz-rbp/resources/ATtRACT_hsa/motif_RBM6_M161_0.6	STAGED	data_frozen/v5_1_data/attract/bindz-rbp/resources/ATtRACT_hsa/motif_RBM6_M161_0.6（sha256 一致）
D:\stroke_apa	data/attract/bindz-rbp/resources/ATtRACT_hsa/motif_RBM8A_M054_0.6	STAGED	data_frozen/v5_1_data/attract/bindz-rbp/resources/ATtRACT_hsa/motif_RBM8A_M054_0.6（sha256 一致）
D:\stroke_apa	data/attract/bindz-rbp/resources/ATtRACT_hsa/motif_RBMS1_M143_0.6	STAGED	data_frozen/v5_1_data/attract/bindz-rbp/resources/ATtRACT_hsa/motif_RBMS1_M143_0.6（sha256 一致）
D:\stroke_apa	data/attract/bindz-rbp/resources/ATtRACT_hsa/motif_RBMS3_M055_0.6	STAGED	data_frozen/v5_1_data/attract/bindz-rbp/resources/ATtRACT_hsa/motif_RBMS3_M055_0.6（sha256 一致）
D:\stroke_apa	data/attract/bindz-rbp/resources/ATtRACT_hsa/motif_RBMS3_M164_0.6	STAGED	data_frozen/v5_1_data/attract/bindz-rbp/resources/ATtRACT_hsa/motif_RBMS3_M164_0.6（sha256 一致）
D:\stroke_apa	data/attract/bindz-rbp/resources/ATtRACT_hsa/motif_RBMX_1316	STAGED	data_frozen/v5_1_data/attract/bindz-rbp/resources/ATtRACT_hsa/motif_RBMX_1316（sha256 一致）
D:\stroke_apa	data/attract/bindz-rbp/resources/ATtRACT_hsa/motif_RBMX_1361	STAGED	data_frozen/v5_1_data/attract/bindz-rbp/resources/ATtRACT_hsa/motif_RBMX_1361（sha256 一致）
D:\stroke_apa	data/attract/bindz-rbp/resources/ATtRACT_hsa/motif_RBMX_1377	STAGED	data_frozen/v5_1_data/attract/bindz-rbp/resources/ATtRACT_hsa/motif_RBMX_1377（sha256 一致）
D:\stroke_apa	data/attract/bindz-rbp/resources/ATtRACT_hsa/motif_RBMX_1386	STAGED	data_frozen/v5_1_data/attract/bindz-rbp/resources/ATtRACT_hsa/motif_RBMX_1386（sha256 一致）
D:\stroke_apa	data/attract/bindz-rbp/resources/ATtRACT_hsa/motif_RBMX_526	STAGED	data_frozen/v5_1_data/attract/bindz-rbp/resources/ATtRACT_hsa/motif_RBMX_526（sha256 一致）
D:\stroke_apa	data/attract/bindz-rbp/resources/ATtRACT_hsa/motif_RBMX_842	STAGED	data_frozen/v5_1_data/attract/bindz-rbp/resources/ATtRACT_hsa/motif_RBMX_842（sha256 一致）
D:\stroke_apa	data/attract/bindz-rbp/resources/ATtRACT_hsa/motif_RBMX_843	STAGED	data_frozen/v5_1_data/attract/bindz-rbp/resources/ATtRACT_hsa/motif_RBMX_843（sha256 一致）
D:\stroke_apa	data/attract/bindz-rbp/resources/ATtRACT_hsa/motif_RBMX_844	STAGED	data_frozen/v5_1_data/attract/bindz-rbp/resources/ATtRACT_hsa/motif_RBMX_844（sha256 一致）
D:\stroke_apa	data/attract/bindz-rbp/resources/ATtRACT_hsa/motif_RBMX_845	STAGED	data_frozen/v5_1_data/attract/bindz-rbp/resources/ATtRACT_hsa/motif_RBMX_845（sha256 一致）
D:\stroke_apa	data/attract/bindz-rbp/resources/ATtRACT_hsa/motif_RBMX_847	STAGED	data_frozen/v5_1_data/attract/bindz-rbp/resources/ATtRACT_hsa/motif_RBMX_847（sha256 一致）
D:\stroke_apa	data/attract/bindz-rbp/resources/ATtRACT_hsa/motif_RBMX_848	STAGED	data_frozen/v5_1_data/attract/bindz-rbp/resources/ATtRACT_hsa/motif_RBMX_848（sha256 一致）
D:\stroke_apa	data/attract/bindz-rbp/resources/ATtRACT_hsa/motif_RBMX_849	STAGED	data_frozen/v5_1_data/attract/bindz-rbp/resources/ATtRACT_hsa/motif_RBMX_849（sha256 一致）
D:\stroke_apa	data/attract/bindz-rbp/resources/ATtRACT_hsa/motif_RBMY1A1_410	STAGED	data_frozen/v5_1_data/attract/bindz-rbp/resources/ATtRACT_hsa/motif_RBMY1A1_410（sha256 一致）
D:\stroke_apa	data/attract/bindz-rbp/resources/ATtRACT_hsa/motif_RBMY1A1_M246_0.6	STAGED	data_frozen/v5_1_data/attract/bindz-rbp/resources/ATtRACT_hsa/motif_RBMY1A1_M246_0.6（sha256 一致）
D:\stroke_apa	data/attract/bindz-rbp/resources/ATtRACT_hsa/motif_RC3H1_354	STAGED	data_frozen/v5_1_data/attract/bindz-rbp/resources/ATtRACT_hsa/motif_RC3H1_354（sha256 一致）
D:\stroke_apa	data/attract/bindz-rbp/resources/ATtRACT_hsa/motif_RC3H1_467	STAGED	data_frozen/v5_1_data/attract/bindz-rbp/resources/ATtRACT_hsa/motif_RC3H1_467（sha256 一致）
D:\stroke_apa	data/attract/bindz-rbp/resources/ATtRACT_hsa/motif_RC3H1_531	STAGED	data_frozen/v5_1_data/attract/bindz-rbp/resources/ATtRACT_hsa/motif_RC3H1_531（sha256 一致）
D:\stroke_apa	data/attract/bindz-rbp/resources/ATtRACT_hsa/motif_RNASEL_563	STAGED	data_frozen/v5_1_data/attract/bindz-rbp/resources/ATtRACT_hsa/motif_RNASEL_563（sha256 一致）
D:\stroke_apa	data/attract/bindz-rbp/resources/ATtRACT_hsa/motif_SAMD4A_M061_0.6	STAGED	data_frozen/v5_1_data/attract/bindz-rbp/resources/ATtRACT_hsa/motif_SAMD4A_M061_0.6（sha256 一致）
D:\stroke_apa	data/attract/bindz-rbp/resources/ATtRACT_hsa/motif_SART3_M062_0.6	STAGED	data_frozen/v5_1_data/attract/bindz-rbp/resources/ATtRACT_hsa/motif_SART3_M062_0.6（sha256 一致）
D:\stroke_apa	data/attract/bindz-rbp/resources/ATtRACT_hsa/motif_SF1_1184	STAGED	data_frozen/v5_1_data/attract/bindz-rbp/resources/ATtRACT_hsa/motif_SF1_1184（sha256 一致）
D:\stroke_apa	data/attract/bindz-rbp/resources/ATtRACT_hsa/motif_SF1_1185	STAGED	data_frozen/v5_1_data/attract/bindz-rbp/resources/ATtRACT_hsa/motif_SF1_1185（sha256 一致）
D:\stroke_apa	data/attract/bindz-rbp/resources/ATtRACT_hsa/motif_SF1_1186	STAGED	data_frozen/v5_1_data/attract/bindz-rbp/resources/ATtRACT_hsa/motif_SF1_1186（sha256 一致）
D:\stroke_apa	data/attract/bindz-rbp/resources/ATtRACT_hsa/motif_SF1_1187	STAGED	data_frozen/v5_1_data/attract/bindz-rbp/resources/ATtRACT_hsa/motif_SF1_1187（sha256 一致）
D:\stroke_apa	data/attract/bindz-rbp/resources/ATtRACT_hsa/motif_SF1_1188	STAGED	data_frozen/v5_1_data/attract/bindz-rbp/resources/ATtRACT_hsa/motif_SF1_1188（sha256 一致）
D:\stroke_apa	data/attract/bindz-rbp/resources/ATtRACT_hsa/motif_SF1_1189	STAGED	data_frozen/v5_1_data/attract/bindz-rbp/resources/ATtRACT_hsa/motif_SF1_1189（sha256 一致）
D:\stroke_apa	data/attract/bindz-rbp/resources/ATtRACT_hsa/motif_SF1_1190	STAGED	data_frozen/v5_1_data/attract/bindz-rbp/resources/ATtRACT_hsa/motif_SF1_1190（sha256 一致）
D:\stroke_apa	data/attract/bindz-rbp/resources/ATtRACT_hsa/motif_SF1_1191	STAGED	data_frozen/v5_1_data/attract/bindz-rbp/resources/ATtRACT_hsa/motif_SF1_1191（sha256 一致）
D:\stroke_apa	data/attract/bindz-rbp/resources/ATtRACT_hsa/motif_SF1_1192	STAGED	data_frozen/v5_1_data/attract/bindz-rbp/resources/ATtRACT_hsa/motif_SF1_1192（sha256 一致）
D:\stroke_apa	data/attract/bindz-rbp/resources/ATtRACT_hsa/motif_SF1_1193	STAGED	data_frozen/v5_1_data/attract/bindz-rbp/resources/ATtRACT_hsa/motif_SF1_1193（sha256 一致）
D:\stroke_apa	data/attract/bindz-rbp/resources/ATtRACT_hsa/motif_SF1_1194	STAGED	data_frozen/v5_1_data/attract/bindz-rbp/resources/ATtRACT_hsa/motif_SF1_1194（sha256 一致）
D:\stroke_apa	data/attract/bindz-rbp/resources/ATtRACT_hsa/motif_SF1_1195	STAGED	data_frozen/v5_1_data/attract/bindz-rbp/resources/ATtRACT_hsa/motif_SF1_1195（sha256 一致）
D:\stroke_apa	data/attract/bindz-rbp/resources/ATtRACT_hsa/motif_SF1_1196	STAGED	data_frozen/v5_1_data/attract/bindz-rbp/resources/ATtRACT_hsa/motif_SF1_1196（sha256 一致）
D:\stroke_apa	data/attract/bindz-rbp/resources/ATtRACT_hsa/motif_SF1_1197	STAGED	data_frozen/v5_1_data/attract/bindz-rbp/resources/ATtRACT_hsa/motif_SF1_1197（sha256 一致）
D:\stroke_apa	data/attract/bindz-rbp/resources/ATtRACT_hsa/motif_SF1_1198	STAGED	data_frozen/v5_1_data/attract/bindz-rbp/resources/ATtRACT_hsa/motif_SF1_1198（sha256 一致）
D:\stroke_apa	data/attract/bindz-rbp/resources/ATtRACT_hsa/motif_SF1_1199	STAGED	data_frozen/v5_1_data/attract/bindz-rbp/resources/ATtRACT_hsa/motif_SF1_1199（sha256 一致）
D:\stroke_apa	data/attract/bindz-rbp/resources/ATtRACT_hsa/motif_SF1_120	STAGED	data_frozen/v5_1_data/attract/bindz-rbp/resources/ATtRACT_hsa/motif_SF1_120（sha256 一致）
D:\stroke_apa	data/attract/bindz-rbp/resources/ATtRACT_hsa/motif_SF1_1200	STAGED	data_frozen/v5_1_data/attract/bindz-rbp/resources/ATtRACT_hsa/motif_SF1_1200（sha256 一致）
D:\stroke_apa	data/attract/bindz-rbp/resources/ATtRACT_hsa/motif_SF1_1201	STAGED	data_frozen/v5_1_data/attract/bindz-rbp/resources/ATtRACT_hsa/motif_SF1_1201（sha256 一致）
D:\stroke_apa	data/attract/bindz-rbp/resources/ATtRACT_hsa/motif_SF1_1202	STAGED	data_frozen/v5_1_data/attract/bindz-rbp/resources/ATtRACT_hsa/motif_SF1_1202（sha256 一致）
D:\stroke_apa	data/attract/bindz-rbp/resources/ATtRACT_hsa/motif_SF1_1203	STAGED	data_frozen/v5_1_data/attract/bindz-rbp/resources/ATtRACT_hsa/motif_SF1_1203（sha256 一致）
D:\stroke_apa	data/attract/bindz-rbp/resources/ATtRACT_hsa/motif_SF1_1204	STAGED	data_frozen/v5_1_data/attract/bindz-rbp/resources/ATtRACT_hsa/motif_SF1_1204（sha256 一致）
D:\stroke_apa	data/attract/bindz-rbp/resources/ATtRACT_hsa/motif_SF1_1205	STAGED	data_frozen/v5_1_data/attract/bindz-rbp/resources/ATtRACT_hsa/motif_SF1_1205（sha256 一致）
D:\stroke_apa	data/attract/bindz-rbp/resources/ATtRACT_hsa/motif_SF1_1206	STAGED	data_frozen/v5_1_data/attract/bindz-rbp/resources/ATtRACT_hsa/motif_SF1_1206（sha256 一致）
D:\stroke_apa	data/attract/bindz-rbp/resources/ATtRACT_hsa/motif_SF1_1207	STAGED	data_frozen/v5_1_data/attract/bindz-rbp/resources/ATtRACT_hsa/motif_SF1_1207（sha256 一致）
D:\stroke_apa	data/attract/bindz-rbp/resources/ATtRACT_hsa/motif_SF1_1208	STAGED	data_frozen/v5_1_data/attract/bindz-rbp/resources/ATtRACT_hsa/motif_SF1_1208（sha256 一致）
D:\stroke_apa	data/attract/bindz-rbp/resources/ATtRACT_hsa/motif_SF1_1209	STAGED	data_frozen/v5_1_data/attract/bindz-rbp/resources/ATtRACT_hsa/motif_SF1_1209（sha256 一致）
D:\stroke_apa	data/attract/bindz-rbp/resources/ATtRACT_hsa/motif_SF1_1210	STAGED	data_frozen/v5_1_data/attract/bindz-rbp/resources/ATtRACT_hsa/motif_SF1_1210（sha256 一致）
D:\stroke_apa	data/attract/bindz-rbp/resources/ATtRACT_hsa/motif_SF1_495	STAGED	data_frozen/v5_1_data/attract/bindz-rbp/resources/ATtRACT_hsa/motif_SF1_495（sha256 一致）
D:\stroke_apa	data/attract/bindz-rbp/resources/ATtRACT_hsa/motif_SFPQ_1135	STAGED	data_frozen/v5_1_data/attract/bindz-rbp/resources/ATtRACT_hsa/motif_SFPQ_1135（sha256 一致）
D:\stroke_apa	data/attract/bindz-rbp/resources/ATtRACT_hsa/motif_SFPQ_1136	STAGED	data_frozen/v5_1_data/attract/bindz-rbp/resources/ATtRACT_hsa/motif_SFPQ_1136（sha256 一致）
D:\stroke_apa	data/attract/bindz-rbp/resources/ATtRACT_hsa/motif_SFPQ_42	STAGED	data_frozen/v5_1_data/attract/bindz-rbp/resources/ATtRACT_hsa/motif_SFPQ_42（sha256 一致）
D:\stroke_apa	data/attract/bindz-rbp/resources/ATtRACT_hsa/motif_SFPQ_M168_0.6	STAGED	data_frozen/v5_1_data/attract/bindz-rbp/resources/ATtRACT_hsa/motif_SFPQ_M168_0.6（sha256 一致）
D:\stroke_apa	data/attract/bindz-rbp/resources/ATtRACT_hsa/motif_SFPQ_s24	STAGED	data_frozen/v5_1_data/attract/bindz-rbp/resources/ATtRACT_hsa/motif_SFPQ_s24（sha256 一致）
D:\stroke_apa	data/attract/bindz-rbp/resources/ATtRACT_hsa/motif_SFPQ_s25	STAGED	data_frozen/v5_1_data/attract/bindz-rbp/resources/ATtRACT_hsa/motif_SFPQ_s25（sha256 一致）
D:\stroke_apa	data/attract/bindz-rbp/resources/ATtRACT_hsa/motif_SFPQ_s26	STAGED	data_frozen/v5_1_data/attract/bindz-rbp/resources/ATtRACT_hsa/motif_SFPQ_s26（sha256 一致）
D:\stroke_apa	data/attract/bindz-rbp/resources/ATtRACT_hsa/motif_SFPQ_s69	STAGED	data_frozen/v5_1_data/attract/bindz-rbp/resources/ATtRACT_hsa/motif_SFPQ_s69（sha256 一致）
D:\stroke_apa	data/attract/bindz-rbp/resources/ATtRACT_hsa/motif_SFPQ_s70	STAGED	data_frozen/v5_1_data/attract/bindz-rbp/resources/ATtRACT_hsa/motif_SFPQ_s70（sha256 一致）
D:\stroke_apa	data/attract/bindz-rbp/resources/ATtRACT_hsa/motif_SFPQ_s71	STAGED	data_frozen/v5_1_data/attract/bindz-rbp/resources/ATtRACT_hsa/motif_SFPQ_s71（sha256 一致）
D:\stroke_apa	data/attract/bindz-rbp/resources/ATtRACT_hsa/motif_SFPQ_s72	STAGED	data_frozen/v5_1_data/attract/bindz-rbp/resources/ATtRACT_hsa/motif_SFPQ_s72（sha256 一致）
D:\stroke_apa	data/attract/bindz-rbp/resources/ATtRACT_hsa/motif_SNRNP70_M068_0.6	STAGED	data_frozen/v5_1_data/attract/bindz-rbp/resources/ATtRACT_hsa/motif_SNRNP70_M068_0.6（sha256 一致）
D:\stroke_apa	data/attract/bindz-rbp/resources/ATtRACT_hsa/motif_SNRPA_346	STAGED	data_frozen/v5_1_data/attract/bindz-rbp/resources/ATtRACT_hsa/motif_SNRPA_346（sha256 一致）
D:\stroke_apa	data/attract/bindz-rbp/resources/ATtRACT_hsa/motif_SNRPA_518	STAGED	data_frozen/v5_1_data/attract/bindz-rbp/resources/ATtRACT_hsa/motif_SNRPA_518（sha256 一致）
D:\stroke_apa	data/attract/bindz-rbp/resources/ATtRACT_hsa/motif_SNRPA_M069_0.6	STAGED	data_frozen/v5_1_data/attract/bindz-rbp/resources/ATtRACT_hsa/motif_SNRPA_M069_0.6（sha256 一致）
D:\stroke_apa	data/attract/bindz-rbp/resources/ATtRACT_hsa/motif_SNRPA_M319_0.6	STAGED	data_frozen/v5_1_data/attract/bindz-rbp/resources/ATtRACT_hsa/motif_SNRPA_M319_0.6（sha256 一致）
D:\stroke_apa	data/attract/bindz-rbp/resources/ATtRACT_hsa/motif_SNRPA_M345_0.6	STAGED	data_frozen/v5_1_data/attract/bindz-rbp/resources/ATtRACT_hsa/motif_SNRPA_M345_0.6（sha256 一致）
D:\stroke_apa	data/attract/bindz-rbp/resources/ATtRACT_hsa/motif_SNRPA_M346_0.6	STAGED	data_frozen/v5_1_data/attract/bindz-rbp/resources/ATtRACT_hsa/motif_SNRPA_M346_0.6（sha256 一致）
D:\stroke_apa	data/attract/bindz-rbp/resources/ATtRACT_hsa/motif_SNRPA_M347_0.6	STAGED	data_frozen/v5_1_data/attract/bindz-rbp/resources/ATtRACT_hsa/motif_SNRPA_M347_0.6（sha256 一致）
D:\stroke_apa	data/attract/bindz-rbp/resources/ATtRACT_hsa/motif_SNRPA_M348_0.6	STAGED	data_frozen/v5_1_data/attract/bindz-rbp/resources/ATtRACT_hsa/motif_SNRPA_M348_0.6（sha256 一致）
D:\stroke_apa	data/attract/bindz-rbp/resources/ATtRACT_hsa/motif_SNRPB2_504	STAGED	data_frozen/v5_1_data/attract/bindz-rbp/resources/ATtRACT_hsa/motif_SNRPB2_504（sha256 一致）
D:\stroke_apa	data/attract/bindz-rbp/resources/ATtRACT_hsa/motif_SRP14_342	STAGED	data_frozen/v5_1_data/attract/bindz-rbp/resources/ATtRACT_hsa/motif_SRP14_342（sha256 一致）
D:\stroke_apa	data/attract/bindz-rbp/resources/ATtRACT_hsa/motif_SRP14_344	STAGED	data_frozen/v5_1_data/attract/bindz-rbp/resources/ATtRACT_hsa/motif_SRP14_344（sha256 一致）
D:\stroke_apa	data/attract/bindz-rbp/resources/ATtRACT_hsa/motif_SRP14_445	STAGED	data_frozen/v5_1_data/attract/bindz-rbp/resources/ATtRACT_hsa/motif_SRP14_445（sha256 一致）
D:\stroke_apa	data/attract/bindz-rbp/resources/ATtRACT_hsa/motif_SRP19_402	STAGED	data_frozen/v5_1_data/attract/bindz-rbp/resources/ATtRACT_hsa/motif_SRP19_402（sha256 一致）
D:\stroke_apa	data/attract/bindz-rbp/resources/ATtRACT_hsa/motif_SRP19_471	STAGED	data_frozen/v5_1_data/attract/bindz-rbp/resources/ATtRACT_hsa/motif_SRP19_471（sha256 一致）
D:\stroke_apa	data/attract/bindz-rbp/resources/ATtRACT_hsa/motif_SRP19_540	STAGED	data_frozen/v5_1_data/attract/bindz-rbp/resources/ATtRACT_hsa/motif_SRP19_540（sha256 一致）
D:\stroke_apa	data/attract/bindz-rbp/resources/ATtRACT_hsa/motif_SRP19_547	STAGED	data_frozen/v5_1_data/attract/bindz-rbp/resources/ATtRACT_hsa/motif_SRP19_547（sha256 一致）
D:\stroke_apa	data/attract/bindz-rbp/resources/ATtRACT_hsa/motif_SRP54_408	STAGED	data_frozen/v5_1_data/attract/bindz-rbp/resources/ATtRACT_hsa/motif_SRP54_408（sha256 一致）
D:\stroke_apa	data/attract/bindz-rbp/resources/ATtRACT_hsa/motif_SRP54_456	STAGED	data_frozen/v5_1_data/attract/bindz-rbp/resources/ATtRACT_hsa/motif_SRP54_456（sha256 一致）
D:\stroke_apa	data/attract/bindz-rbp/resources/ATtRACT_hsa/motif_SRP54_510	STAGED	data_frozen/v5_1_data/attract/bindz-rbp/resources/ATtRACT_hsa/motif_SRP54_510（sha256 一致）
D:\stroke_apa	data/attract/bindz-rbp/resources/ATtRACT_hsa/motif_SRP54_566	STAGED	data_frozen/v5_1_data/attract/bindz-rbp/resources/ATtRACT_hsa/motif_SRP54_566（sha256 一致）
D:\stroke_apa	data/attract/bindz-rbp/resources/ATtRACT_hsa/motif_SRP68_347	STAGED	data_frozen/v5_1_data/attract/bindz-rbp/resources/ATtRACT_hsa/motif_SRP68_347（sha256 一致）
D:\stroke_apa	data/attract/bindz-rbp/resources/ATtRACT_hsa/motif_SRP68_363	STAGED	data_frozen/v5_1_data/attract/bindz-rbp/resources/ATtRACT_hsa/motif_SRP68_363（sha256 一致）
D:\stroke_apa	data/attract/bindz-rbp/resources/ATtRACT_hsa/motif_SRP68_493	STAGED	data_frozen/v5_1_data/attract/bindz-rbp/resources/ATtRACT_hsa/motif_SRP68_493（sha256 一致）
D:\stroke_apa	data/attract/bindz-rbp/resources/ATtRACT_hsa/motif_SRP68_501	STAGED	data_frozen/v5_1_data/attract/bindz-rbp/resources/ATtRACT_hsa/motif_SRP68_501（sha256 一致）
D:\stroke_apa	data/attract/bindz-rbp/resources/ATtRACT_hsa/motif_SRP68_570	STAGED	data_frozen/v5_1_data/attract/bindz-rbp/resources/ATtRACT_hsa/motif_SRP68_570（sha256 一致）
D:\stroke_apa	data/attract/bindz-rbp/resources/ATtRACT_hsa/motif_SRP68_573	STAGED	data_frozen/v5_1_data/attract/bindz-rbp/resources/ATtRACT_hsa/motif_SRP68_573（sha256 一致）
D:\stroke_apa	data/attract/bindz-rbp/resources/ATtRACT_hsa/motif_SRSF10_1259	STAGED	data_frozen/v5_1_data/attract/bindz-rbp/resources/ATtRACT_hsa/motif_SRSF10_1259（sha256 一致）
D:\stroke_apa	data/attract/bindz-rbp/resources/ATtRACT_hsa/motif_SRSF10_1260	STAGED	data_frozen/v5_1_data/attract/bindz-rbp/resources/ATtRACT_hsa/motif_SRSF10_1260（sha256 一致）
D:\stroke_apa	data/attract/bindz-rbp/resources/ATtRACT_hsa/motif_SRSF10_1262	STAGED	data_frozen/v5_1_data/attract/bindz-rbp/resources/ATtRACT_hsa/motif_SRSF10_1262（sha256 一致）
D:\stroke_apa	data/attract/bindz-rbp/resources/ATtRACT_hsa/motif_SRSF10_147	STAGED	data_frozen/v5_1_data/attract/bindz-rbp/resources/ATtRACT_hsa/motif_SRSF10_147（sha256 一致）
D:\stroke_apa	data/attract/bindz-rbp/resources/ATtRACT_hsa/motif_SRSF10_163	STAGED	data_frozen/v5_1_data/attract/bindz-rbp/resources/ATtRACT_hsa/motif_SRSF10_163（sha256 一致）
D:\stroke_apa	data/attract/bindz-rbp/resources/ATtRACT_hsa/motif_SRSF10_M019_0.6	STAGED	data_frozen/v5_1_data/attract/bindz-rbp/resources/ATtRACT_hsa/motif_SRSF10_M019_0.6（sha256 一致）
D:\stroke_apa	data/attract/bindz-rbp/resources/ATtRACT_hsa/motif_SRSF10_M086_0.6	STAGED	data_frozen/v5_1_data/attract/bindz-rbp/resources/ATtRACT_hsa/motif_SRSF10_M086_0.6（sha256 一致）
D:\stroke_apa	data/attract/bindz-rbp/resources/ATtRACT_hsa/motif_SRSF10_M087_0.6	STAGED	data_frozen/v5_1_data/attract/bindz-rbp/resources/ATtRACT_hsa/motif_SRSF10_M087_0.6（sha256 一致）
D:\stroke_apa	data/attract/bindz-rbp/resources/ATtRACT_hsa/motif_SRSF10_M088_0.6	STAGED	data_frozen/v5_1_data/attract/bindz-rbp/resources/ATtRACT_hsa/motif_SRSF10_M088_0.6（sha256 一致）
D:\stroke_apa	data/attract/bindz-rbp/resources/ATtRACT_hsa/motif_SRSF10_s104	STAGED	data_frozen/v5_1_data/attract/bindz-rbp/resources/ATtRACT_hsa/motif_SRSF10_s104（sha256 一致）
D:\stroke_apa	data/attract/bindz-rbp/resources/ATtRACT_hsa/motif_SRSF10_s98	STAGED	data_frozen/v5_1_data/attract/bindz-rbp/resources/ATtRACT_hsa/motif_SRSF10_s98（sha256 一致）
D:\stroke_apa	data/attract/bindz-rbp/resources/ATtRACT_hsa/motif_SRSF11_1266	STAGED	data_frozen/v5_1_data/attract/bindz-rbp/resources/ATtRACT_hsa/motif_SRSF11_1266（sha256 一致）
D:\stroke_apa	data/attract/bindz-rbp/resources/ATtRACT_hsa/motif_SRSF1_1211	STAGED	data_frozen/v5_1_data/attract/bindz-rbp/resources/ATtRACT_hsa/motif_SRSF1_1211（sha256 一致）
D:\stroke_apa	data/attract/bindz-rbp/resources/ATtRACT_hsa/motif_SRSF1_1212	STAGED	data_frozen/v5_1_data/attract/bindz-rbp/resources/ATtRACT_hsa/motif_SRSF1_1212（sha256 一致）
D:\stroke_apa	data/attract/bindz-rbp/resources/ATtRACT_hsa/motif_SRSF1_1213	STAGED	data_frozen/v5_1_data/attract/bindz-rbp/resources/ATtRACT_hsa/motif_SRSF1_1213（sha256 一致）
D:\stroke_apa	data/attract/bindz-rbp/resources/ATtRACT_hsa/motif_SRSF1_1214	STAGED	data_frozen/v5_1_data/attract/bindz-rbp/resources/ATtRACT_hsa/motif_SRSF1_1214（sha256 一致）
D:\stroke_apa	data/attract/bindz-rbp/resources/ATtRACT_hsa/motif_SRSF1_1215	STAGED	data_frozen/v5_1_data/attract/bindz-rbp/resources/ATtRACT_hsa/motif_SRSF1_1215（sha256 一致）
D:\stroke_apa	data/attract/bindz-rbp/resources/ATtRACT_hsa/motif_SRSF1_1216	STAGED	data_frozen/v5_1_data/attract/bindz-rbp/resources/ATtRACT_hsa/motif_SRSF1_1216（sha256 一致）
D:\stroke_apa	data/attract/bindz-rbp/resources/ATtRACT_hsa/motif_SRSF1_1217	STAGED	data_frozen/v5_1_data/attract/bindz-rbp/resources/ATtRACT_hsa/motif_SRSF1_1217（sha256 一致）
D:\stroke_apa	data/attract/bindz-rbp/resources/ATtRACT_hsa/motif_SRSF1_1218	STAGED	data_frozen/v5_1_data/attract/bindz-rbp/resources/ATtRACT_hsa/motif_SRSF1_1218（sha256 一致）
D:\stroke_apa	data/attract/bindz-rbp/resources/ATtRACT_hsa/motif_SRSF1_1219	STAGED	data_frozen/v5_1_data/attract/bindz-rbp/resources/ATtRACT_hsa/motif_SRSF1_1219（sha256 一致）
D:\stroke_apa	data/attract/bindz-rbp/resources/ATtRACT_hsa/motif_SRSF1_1220	STAGED	data_frozen/v5_1_data/attract/bindz-rbp/resources/ATtRACT_hsa/motif_SRSF1_1220（sha256 一致）
D:\stroke_apa	data/attract/bindz-rbp/resources/ATtRACT_hsa/motif_SRSF1_1221	STAGED	data_frozen/v5_1_data/attract/bindz-rbp/resources/ATtRACT_hsa/motif_SRSF1_1221（sha256 一致）
D:\stroke_apa	data/attract/bindz-rbp/resources/ATtRACT_hsa/motif_SRSF1_1222	STAGED	data_frozen/v5_1_data/attract/bindz-rbp/resources/ATtRACT_hsa/motif_SRSF1_1222（sha256 一致）
D:\stroke_apa	data/attract/bindz-rbp/resources/ATtRACT_hsa/motif_SRSF1_1223	STAGED	data_frozen/v5_1_data/attract/bindz-rbp/resources/ATtRACT_hsa/motif_SRSF1_1223（sha256 一致）
D:\stroke_apa	data/attract/bindz-rbp/resources/ATtRACT_hsa/motif_SRSF1_1224	STAGED	data_frozen/v5_1_data/attract/bindz-rbp/resources/ATtRACT_hsa/motif_SRSF1_1224（sha256 一致）
D:\stroke_apa	data/attract/bindz-rbp/resources/ATtRACT_hsa/motif_SRSF1_1225	STAGED	data_frozen/v5_1_data/attract/bindz-rbp/resources/ATtRACT_hsa/motif_SRSF1_1225（sha256 一致）
D:\stroke_apa	data/attract/bindz-rbp/resources/ATtRACT_hsa/motif_SRSF1_1226	STAGED	data_frozen/v5_1_data/attract/bindz-rbp/resources/ATtRACT_hsa/motif_SRSF1_1226（sha256 一致）
D:\stroke_apa	data/attract/bindz-rbp/resources/ATtRACT_hsa/motif_SRSF1_1227	STAGED	data_frozen/v5_1_data/attract/bindz-rbp/resources/ATtRACT_hsa/motif_SRSF1_1227（sha256 一致）
D:\stroke_apa	data/attract/bindz-rbp/resources/ATtRACT_hsa/motif_SRSF1_1228	STAGED	data_frozen/v5_1_data/attract/bindz-rbp/resources/ATtRACT_hsa/motif_SRSF1_1228（sha256 一致）
D:\stroke_apa	data/attract/bindz-rbp/resources/ATtRACT_hsa/motif_SRSF1_1229	STAGED	data_frozen/v5_1_data/attract/bindz-rbp/resources/ATtRACT_hsa/motif_SRSF1_1229（sha256 一致）
D:\stroke_apa	data/attract/bindz-rbp/resources/ATtRACT_hsa/motif_SRSF1_1230	STAGED	data_frozen/v5_1_data/attract/bindz-rbp/resources/ATtRACT_hsa/motif_SRSF1_1230（sha256 一致）
D:\stroke_apa	data/attract/bindz-rbp/resources/ATtRACT_hsa/motif_SRSF1_1231	STAGED	data_frozen/v5_1_data/attract/bindz-rbp/resources/ATtRACT_hsa/motif_SRSF1_1231（sha256 一致）
D:\stroke_apa	data/attract/bindz-rbp/resources/ATtRACT_hsa/motif_SRSF1_1232	STAGED	data_frozen/v5_1_data/attract/bindz-rbp/resources/ATtRACT_hsa/motif_SRSF1_1232（sha256 一致）
D:\stroke_apa	data/attract/bindz-rbp/resources/ATtRACT_hsa/motif_SRSF1_1233	STAGED	data_frozen/v5_1_data/attract/bindz-rbp/resources/ATtRACT_hsa/motif_SRSF1_1233（sha256 一致）
D:\stroke_apa	data/attract/bindz-rbp/resources/ATtRACT_hsa/motif_SRSF1_1234	STAGED	data_frozen/v5_1_data/attract/bindz-rbp/resources/ATtRACT_hsa/motif_SRSF1_1234（sha256 一致）
D:\stroke_apa	data/attract/bindz-rbp/resources/ATtRACT_hsa/motif_SRSF1_1235	STAGED	data_frozen/v5_1_data/attract/bindz-rbp/resources/ATtRACT_hsa/motif_SRSF1_1235（sha256 一致）
D:\stroke_apa	data/attract/bindz-rbp/resources/ATtRACT_hsa/motif_SRSF1_1236	STAGED	data_frozen/v5_1_data/attract/bindz-rbp/resources/ATtRACT_hsa/motif_SRSF1_1236（sha256 一致）
D:\stroke_apa	data/attract/bindz-rbp/resources/ATtRACT_hsa/motif_SRSF1_1237	STAGED	data_frozen/v5_1_data/attract/bindz-rbp/resources/ATtRACT_hsa/motif_SRSF1_1237（sha256 一致）
D:\stroke_apa	data/attract/bindz-rbp/resources/ATtRACT_hsa/motif_SRSF1_1238	STAGED	data_frozen/v5_1_data/attract/bindz-rbp/resources/ATtRACT_hsa/motif_SRSF1_1238（sha256 一致）
D:\stroke_apa	data/attract/bindz-rbp/resources/ATtRACT_hsa/motif_SRSF1_1239	STAGED	data_frozen/v5_1_data/attract/bindz-rbp/resources/ATtRACT_hsa/motif_SRSF1_1239（sha256 一致）
D:\stroke_apa	data/attract/bindz-rbp/resources/ATtRACT_hsa/motif_SRSF1_1240	STAGED	data_frozen/v5_1_data/attract/bindz-rbp/resources/ATtRACT_hsa/motif_SRSF1_1240（sha256 一致）
D:\stroke_apa	data/attract/bindz-rbp/resources/ATtRACT_hsa/motif_SRSF1_1241	STAGED	data_frozen/v5_1_data/attract/bindz-rbp/resources/ATtRACT_hsa/motif_SRSF1_1241（sha256 一致）
D:\stroke_apa	data/attract/bindz-rbp/resources/ATtRACT_hsa/motif_SRSF1_126	STAGED	data_frozen/v5_1_data/attract/bindz-rbp/resources/ATtRACT_hsa/motif_SRSF1_126（sha256 一致）
D:\stroke_apa	data/attract/bindz-rbp/resources/ATtRACT_hsa/motif_SRSF1_1310	STAGED	data_frozen/v5_1_data/attract/bindz-rbp/resources/ATtRACT_hsa/motif_SRSF1_1310（sha256 一致）
D:\stroke_apa	data/attract/bindz-rbp/resources/ATtRACT_hsa/motif_SRSF1_1312	STAGED	data_frozen/v5_1_data/attract/bindz-rbp/resources/ATtRACT_hsa/motif_SRSF1_1312（sha256 一致）
D:\stroke_apa	data/attract/bindz-rbp/resources/ATtRACT_hsa/motif_SRSF1_1326	STAGED	data_frozen/v5_1_data/attract/bindz-rbp/resources/ATtRACT_hsa/motif_SRSF1_1326（sha256 一致）
D:\stroke_apa	data/attract/bindz-rbp/resources/ATtRACT_hsa/motif_SRSF1_1327	STAGED	data_frozen/v5_1_data/attract/bindz-rbp/resources/ATtRACT_hsa/motif_SRSF1_1327（sha256 一致）
D:\stroke_apa	data/attract/bindz-rbp/resources/ATtRACT_hsa/motif_SRSF1_1335	STAGED	data_frozen/v5_1_data/attract/bindz-rbp/resources/ATtRACT_hsa/motif_SRSF1_1335（sha256 一致）
D:\stroke_apa	data/attract/bindz-rbp/resources/ATtRACT_hsa/motif_SRSF1_1336	STAGED	data_frozen/v5_1_data/attract/bindz-rbp/resources/ATtRACT_hsa/motif_SRSF1_1336（sha256 一致）
D:\stroke_apa	data/attract/bindz-rbp/resources/ATtRACT_hsa/motif_SRSF1_1345	STAGED	data_frozen/v5_1_data/attract/bindz-rbp/resources/ATtRACT_hsa/motif_SRSF1_1345（sha256 一致）
D:\stroke_apa	data/attract/bindz-rbp/resources/ATtRACT_hsa/motif_SRSF1_1349	STAGED	data_frozen/v5_1_data/attract/bindz-rbp/resources/ATtRACT_hsa/motif_SRSF1_1349（sha256 一致）
D:\stroke_apa	data/attract/bindz-rbp/resources/ATtRACT_hsa/motif_SRSF1_1353	STAGED	data_frozen/v5_1_data/attract/bindz-rbp/resources/ATtRACT_hsa/motif_SRSF1_1353（sha256 一致）
D:\stroke_apa	data/attract/bindz-rbp/resources/ATtRACT_hsa/motif_SRSF1_1364	STAGED	data_frozen/v5_1_data/attract/bindz-rbp/resources/ATtRACT_hsa/motif_SRSF1_1364（sha256 一致）
D:\stroke_apa	data/attract/bindz-rbp/resources/ATtRACT_hsa/motif_SRSF1_1367	STAGED	data_frozen/v5_1_data/attract/bindz-rbp/resources/ATtRACT_hsa/motif_SRSF1_1367（sha256 一致）
D:\stroke_apa	data/attract/bindz-rbp/resources/ATtRACT_hsa/motif_SRSF1_1373	STAGED	data_frozen/v5_1_data/attract/bindz-rbp/resources/ATtRACT_hsa/motif_SRSF1_1373（sha256 一致）
D:\stroke_apa	data/attract/bindz-rbp/resources/ATtRACT_hsa/motif_SRSF1_1376	STAGED	data_frozen/v5_1_data/attract/bindz-rbp/resources/ATtRACT_hsa/motif_SRSF1_1376（sha256 一致）
D:\stroke_apa	data/attract/bindz-rbp/resources/ATtRACT_hsa/motif_SRSF1_1383	STAGED	data_frozen/v5_1_data/attract/bindz-rbp/resources/ATtRACT_hsa/motif_SRSF1_1383（sha256 一致）
D:\stroke_apa	data/attract/bindz-rbp/resources/ATtRACT_hsa/motif_SRSF1_1385	STAGED	data_frozen/v5_1_data/attract/bindz-rbp/resources/ATtRACT_hsa/motif_SRSF1_1385（sha256 一致）
D:\stroke_apa	data/attract/bindz-rbp/resources/ATtRACT_hsa/motif_SRSF1_1389	STAGED	data_frozen/v5_1_data/attract/bindz-rbp/resources/ATtRACT_hsa/motif_SRSF1_1389（sha256 一致）
D:\stroke_apa	data/attract/bindz-rbp/resources/ATtRACT_hsa/motif_SRSF1_1390	STAGED	data_frozen/v5_1_data/attract/bindz-rbp/resources/ATtRACT_hsa/motif_SRSF1_1390（sha256 一致）
D:\stroke_apa	data/attract/bindz-rbp/resources/ATtRACT_hsa/motif_SRSF1_1393	STAGED	data_frozen/v5_1_data/attract/bindz-rbp/resources/ATtRACT_hsa/motif_SRSF1_1393（sha256 一致）
D:\stroke_apa	data/attract/bindz-rbp/resources/ATtRACT_hsa/motif_SRSF1_167	STAGED	data_frozen/v5_1_data/attract/bindz-rbp/resources/ATtRACT_hsa/motif_SRSF1_167（sha256 一致）
D:\stroke_apa	data/attract/bindz-rbp/resources/ATtRACT_hsa/motif_SRSF1_17	STAGED	data_frozen/v5_1_data/attract/bindz-rbp/resources/ATtRACT_hsa/motif_SRSF1_17（sha256 一致）
D:\stroke_apa	data/attract/bindz-rbp/resources/ATtRACT_hsa/motif_SRSF1_325	STAGED	data_frozen/v5_1_data/attract/bindz-rbp/resources/ATtRACT_hsa/motif_SRSF1_325（sha256 一致）
D:\stroke_apa	data/attract/bindz-rbp/resources/ATtRACT_hsa/motif_SRSF1_375	STAGED	data_frozen/v5_1_data/attract/bindz-rbp/resources/ATtRACT_hsa/motif_SRSF1_375（sha256 一致）
D:\stroke_apa	data/attract/bindz-rbp/resources/ATtRACT_hsa/motif_SRSF1_40	STAGED	data_frozen/v5_1_data/attract/bindz-rbp/resources/ATtRACT_hsa/motif_SRSF1_40（sha256 一致）
D:\stroke_apa	data/attract/bindz-rbp/resources/ATtRACT_hsa/motif_SRSF1_M102_0.6	STAGED	data_frozen/v5_1_data/attract/bindz-rbp/resources/ATtRACT_hsa/motif_SRSF1_M102_0.6（sha256 一致）
D:\stroke_apa	data/attract/bindz-rbp/resources/ATtRACT_hsa/motif_SRSF1_M103_0.6	STAGED	data_frozen/v5_1_data/attract/bindz-rbp/resources/ATtRACT_hsa/motif_SRSF1_M103_0.6（sha256 一致）
D:\stroke_apa	data/attract/bindz-rbp/resources/ATtRACT_hsa/motif_SRSF1_M104_0.6	STAGED	data_frozen/v5_1_data/attract/bindz-rbp/resources/ATtRACT_hsa/motif_SRSF1_M104_0.6（sha256 一致）
D:\stroke_apa	data/attract/bindz-rbp/resources/ATtRACT_hsa/motif_SRSF1_M106_0.6	STAGED	data_frozen/v5_1_data/attract/bindz-rbp/resources/ATtRACT_hsa/motif_SRSF1_M106_0.6（sha256 一致）
D:\stroke_apa	data/attract/bindz-rbp/resources/ATtRACT_hsa/motif_SRSF1_M154_0.6	STAGED	data_frozen/v5_1_data/attract/bindz-rbp/resources/ATtRACT_hsa/motif_SRSF1_M154_0.6（sha256 一致）
D:\stroke_apa	data/attract/bindz-rbp/resources/ATtRACT_hsa/motif_SRSF1_M272_0.6	STAGED	data_frozen/v5_1_data/attract/bindz-rbp/resources/ATtRACT_hsa/motif_SRSF1_M272_0.6（sha256 一致）
D:\stroke_apa	data/attract/bindz-rbp/resources/ATtRACT_hsa/motif_SRSF1_M273_0.6	STAGED	data_frozen/v5_1_data/attract/bindz-rbp/resources/ATtRACT_hsa/motif_SRSF1_M273_0.6（sha256 一致）
D:\stroke_apa	data/attract/bindz-rbp/resources/ATtRACT_hsa/motif_SRSF1_M351_0.6	STAGED	data_frozen/v5_1_data/attract/bindz-rbp/resources/ATtRACT_hsa/motif_SRSF1_M351_0.6（sha256 一致）
D:\stroke_apa	data/attract/bindz-rbp/resources/ATtRACT_hsa/motif_SRSF1_s22	STAGED	data_frozen/v5_1_data/attract/bindz-rbp/resources/ATtRACT_hsa/motif_SRSF1_s22（sha256 一致）
D:\stroke_apa	data/attract/bindz-rbp/resources/ATtRACT_hsa/motif_SRSF1_s48	STAGED	data_frozen/v5_1_data/attract/bindz-rbp/resources/ATtRACT_hsa/motif_SRSF1_s48（sha256 一致）
D:\stroke_apa	data/attract/bindz-rbp/resources/ATtRACT_hsa/motif_SRSF1_s49	STAGED	data_frozen/v5_1_data/attract/bindz-rbp/resources/ATtRACT_hsa/motif_SRSF1_s49（sha256 一致）
D:\stroke_apa	data/attract/bindz-rbp/resources/ATtRACT_hsa/motif_SRSF1_s50	STAGED	data_frozen/v5_1_data/attract/bindz-rbp/resources/ATtRACT_hsa/motif_SRSF1_s50（sha256 一致）
D:\stroke_apa	data/attract/bindz-rbp/resources/ATtRACT_hsa/motif_SRSF1_s51	STAGED	data_frozen/v5_1_data/attract/bindz-rbp/resources/ATtRACT_hsa/motif_SRSF1_s51（sha256 一致）
D:\stroke_apa	data/attract/bindz-rbp/resources/ATtRACT_hsa/motif_SRSF1_s60	STAGED	data_frozen/v5_1_data/attract/bindz-rbp/resources/ATtRACT_hsa/motif_SRSF1_s60（sha256 一致）
D:\stroke_apa	data/attract/bindz-rbp/resources/ATtRACT_hsa/motif_SRSF1_s99	STAGED	data_frozen/v5_1_data/attract/bindz-rbp/resources/ATtRACT_hsa/motif_SRSF1_s99（sha256 一致）
D:\stroke_apa	data/attract/bindz-rbp/resources/ATtRACT_hsa/motif_SRSF2_1160	STAGED	data_frozen/v5_1_data/attract/bindz-rbp/resources/ATtRACT_hsa/motif_SRSF2_1160（sha256 一致）
D:\stroke_apa	data/attract/bindz-rbp/resources/ATtRACT_hsa/motif_SRSF2_1161	STAGED	data_frozen/v5_1_data/attract/bindz-rbp/resources/ATtRACT_hsa/motif_SRSF2_1161（sha256 一致）
D:\stroke_apa	data/attract/bindz-rbp/resources/ATtRACT_hsa/motif_SRSF2_1162	STAGED	data_frozen/v5_1_data/attract/bindz-rbp/resources/ATtRACT_hsa/motif_SRSF2_1162（sha256 一致）
D:\stroke_apa	data/attract/bindz-rbp/resources/ATtRACT_hsa/motif_SRSF2_1163	STAGED	data_frozen/v5_1_data/attract/bindz-rbp/resources/ATtRACT_hsa/motif_SRSF2_1163（sha256 一致）
D:\stroke_apa	data/attract/bindz-rbp/resources/ATtRACT_hsa/motif_SRSF2_1164	STAGED	data_frozen/v5_1_data/attract/bindz-rbp/resources/ATtRACT_hsa/motif_SRSF2_1164（sha256 一致）
D:\stroke_apa	data/attract/bindz-rbp/resources/ATtRACT_hsa/motif_SRSF2_1165	STAGED	data_frozen/v5_1_data/attract/bindz-rbp/resources/ATtRACT_hsa/motif_SRSF2_1165（sha256 一致）
D:\stroke_apa	data/attract/bindz-rbp/resources/ATtRACT_hsa/motif_SRSF2_1166	STAGED	data_frozen/v5_1_data/attract/bindz-rbp/resources/ATtRACT_hsa/motif_SRSF2_1166（sha256 一致）
D:\stroke_apa	data/attract/bindz-rbp/resources/ATtRACT_hsa/motif_SRSF2_1167	STAGED	data_frozen/v5_1_data/attract/bindz-rbp/resources/ATtRACT_hsa/motif_SRSF2_1167（sha256 一致）
D:\stroke_apa	data/attract/bindz-rbp/resources/ATtRACT_hsa/motif_SRSF2_1168	STAGED	data_frozen/v5_1_data/attract/bindz-rbp/resources/ATtRACT_hsa/motif_SRSF2_1168（sha256 一致）
D:\stroke_apa	data/attract/bindz-rbp/resources/ATtRACT_hsa/motif_SRSF2_1169	STAGED	data_frozen/v5_1_data/attract/bindz-rbp/resources/ATtRACT_hsa/motif_SRSF2_1169（sha256 一致）
D:\stroke_apa	data/attract/bindz-rbp/resources/ATtRACT_hsa/motif_SRSF2_1170	STAGED	data_frozen/v5_1_data/attract/bindz-rbp/resources/ATtRACT_hsa/motif_SRSF2_1170（sha256 一致）
D:\stroke_apa	data/attract/bindz-rbp/resources/ATtRACT_hsa/motif_SRSF2_1171	STAGED	data_frozen/v5_1_data/attract/bindz-rbp/resources/ATtRACT_hsa/motif_SRSF2_1171（sha256 一致）
D:\stroke_apa	data/attract/bindz-rbp/resources/ATtRACT_hsa/motif_SRSF2_1172	STAGED	data_frozen/v5_1_data/attract/bindz-rbp/resources/ATtRACT_hsa/motif_SRSF2_1172（sha256 一致）
D:\stroke_apa	data/attract/bindz-rbp/resources/ATtRACT_hsa/motif_SRSF2_1173	STAGED	data_frozen/v5_1_data/attract/bindz-rbp/resources/ATtRACT_hsa/motif_SRSF2_1173（sha256 一致）
D:\stroke_apa	data/attract/bindz-rbp/resources/ATtRACT_hsa/motif_SRSF2_1174	STAGED	data_frozen/v5_1_data/attract/bindz-rbp/resources/ATtRACT_hsa/motif_SRSF2_1174（sha256 一致）
D:\stroke_apa	data/attract/bindz-rbp/resources/ATtRACT_hsa/motif_SRSF2_1175	STAGED	data_frozen/v5_1_data/attract/bindz-rbp/resources/ATtRACT_hsa/motif_SRSF2_1175（sha256 一致）
D:\stroke_apa	data/attract/bindz-rbp/resources/ATtRACT_hsa/motif_SRSF2_1176	STAGED	data_frozen/v5_1_data/attract/bindz-rbp/resources/ATtRACT_hsa/motif_SRSF2_1176（sha256 一致）
D:\stroke_apa	data/attract/bindz-rbp/resources/ATtRACT_hsa/motif_SRSF2_1177	STAGED	data_frozen/v5_1_data/attract/bindz-rbp/resources/ATtRACT_hsa/motif_SRSF2_1177（sha256 一致）
D:\stroke_apa	data/attract/bindz-rbp/resources/ATtRACT_hsa/motif_SRSF2_1178	STAGED	data_frozen/v5_1_data/attract/bindz-rbp/resources/ATtRACT_hsa/motif_SRSF2_1178（sha256 一致）
D:\stroke_apa	data/attract/bindz-rbp/resources/ATtRACT_hsa/motif_SRSF2_1179	STAGED	data_frozen/v5_1_data/attract/bindz-rbp/resources/ATtRACT_hsa/motif_SRSF2_1179（sha256 一致）
D:\stroke_apa	data/attract/bindz-rbp/resources/ATtRACT_hsa/motif_SRSF2_1180	STAGED	data_frozen/v5_1_data/attract/bindz-rbp/resources/ATtRACT_hsa/motif_SRSF2_1180（sha256 一致）
D:\stroke_apa	data/attract/bindz-rbp/resources/ATtRACT_hsa/motif_SRSF2_1181	STAGED	data_frozen/v5_1_data/attract/bindz-rbp/resources/ATtRACT_hsa/motif_SRSF2_1181（sha256 一致）
D:\stroke_apa	data/attract/bindz-rbp/resources/ATtRACT_hsa/motif_SRSF2_1182	STAGED	data_frozen/v5_1_data/attract/bindz-rbp/resources/ATtRACT_hsa/motif_SRSF2_1182（sha256 一致）
D:\stroke_apa	data/attract/bindz-rbp/resources/ATtRACT_hsa/motif_SRSF2_1183	STAGED	data_frozen/v5_1_data/attract/bindz-rbp/resources/ATtRACT_hsa/motif_SRSF2_1183（sha256 一致）
D:\stroke_apa	data/attract/bindz-rbp/resources/ATtRACT_hsa/motif_SRSF2_1311	STAGED	data_frozen/v5_1_data/attract/bindz-rbp/resources/ATtRACT_hsa/motif_SRSF2_1311（sha256 一致）
D:\stroke_apa	data/attract/bindz-rbp/resources/ATtRACT_hsa/motif_SRSF2_1323	STAGED	data_frozen/v5_1_data/attract/bindz-rbp/resources/ATtRACT_hsa/motif_SRSF2_1323（sha256 一致）
D:\stroke_apa	data/attract/bindz-rbp/resources/ATtRACT_hsa/motif_SRSF2_1334	STAGED	data_frozen/v5_1_data/attract/bindz-rbp/resources/ATtRACT_hsa/motif_SRSF2_1334（sha256 一致）
D:\stroke_apa	data/attract/bindz-rbp/resources/ATtRACT_hsa/motif_SRSF2_1344	STAGED	data_frozen/v5_1_data/attract/bindz-rbp/resources/ATtRACT_hsa/motif_SRSF2_1344（sha256 一致）
D:\stroke_apa	data/attract/bindz-rbp/resources/ATtRACT_hsa/motif_SRSF2_1348	STAGED	data_frozen/v5_1_data/attract/bindz-rbp/resources/ATtRACT_hsa/motif_SRSF2_1348（sha256 一致）
D:\stroke_apa	data/attract/bindz-rbp/resources/ATtRACT_hsa/motif_SRSF2_1352	STAGED	data_frozen/v5_1_data/attract/bindz-rbp/resources/ATtRACT_hsa/motif_SRSF2_1352（sha256 一致）
D:\stroke_apa	data/attract/bindz-rbp/resources/ATtRACT_hsa/motif_SRSF2_1357	STAGED	data_frozen/v5_1_data/attract/bindz-rbp/resources/ATtRACT_hsa/motif_SRSF2_1357（sha256 一致）
D:\stroke_apa	data/attract/bindz-rbp/resources/ATtRACT_hsa/motif_SRSF2_1363	STAGED	data_frozen/v5_1_data/attract/bindz-rbp/resources/ATtRACT_hsa/motif_SRSF2_1363（sha256 一致）
D:\stroke_apa	data/attract/bindz-rbp/resources/ATtRACT_hsa/motif_SRSF2_1380	STAGED	data_frozen/v5_1_data/attract/bindz-rbp/resources/ATtRACT_hsa/motif_SRSF2_1380（sha256 一致）
D:\stroke_apa	data/attract/bindz-rbp/resources/ATtRACT_hsa/motif_SRSF2_1395	STAGED	data_frozen/v5_1_data/attract/bindz-rbp/resources/ATtRACT_hsa/motif_SRSF2_1395（sha256 一致）
D:\stroke_apa	data/attract/bindz-rbp/resources/ATtRACT_hsa/motif_SRSF2_439	STAGED	data_frozen/v5_1_data/attract/bindz-rbp/resources/ATtRACT_hsa/motif_SRSF2_439（sha256 一致）
D:\stroke_apa	data/attract/bindz-rbp/resources/ATtRACT_hsa/motif_SRSF2_502	STAGED	data_frozen/v5_1_data/attract/bindz-rbp/resources/ATtRACT_hsa/motif_SRSF2_502（sha256 一致）
D:\stroke_apa	data/attract/bindz-rbp/resources/ATtRACT_hsa/motif_SRSF2_M070_0.6	STAGED	data_frozen/v5_1_data/attract/bindz-rbp/resources/ATtRACT_hsa/motif_SRSF2_M070_0.6（sha256 一致）
D:\stroke_apa	data/attract/bindz-rbp/resources/ATtRACT_hsa/motif_SRSF2_M274_0.6	STAGED	data_frozen/v5_1_data/attract/bindz-rbp/resources/ATtRACT_hsa/motif_SRSF2_M274_0.6（sha256 一致）
D:\stroke_apa	data/attract/bindz-rbp/resources/ATtRACT_hsa/motif_SRSF2_M332_0.6	STAGED	data_frozen/v5_1_data/attract/bindz-rbp/resources/ATtRACT_hsa/motif_SRSF2_M332_0.6（sha256 一致）
D:\stroke_apa	data/attract/bindz-rbp/resources/ATtRACT_hsa/motif_SRSF2_M352_0.6	STAGED	data_frozen/v5_1_data/attract/bindz-rbp/resources/ATtRACT_hsa/motif_SRSF2_M352_0.6（sha256 一致）
D:\stroke_apa	data/attract/bindz-rbp/resources/ATtRACT_hsa/motif_SRSF2_s37	STAGED	data_frozen/v5_1_data/attract/bindz-rbp/resources/ATtRACT_hsa/motif_SRSF2_s37（sha256 一致）
D:\stroke_apa	data/attract/bindz-rbp/resources/ATtRACT_hsa/motif_SRSF2_s46	STAGED	data_frozen/v5_1_data/attract/bindz-rbp/resources/ATtRACT_hsa/motif_SRSF2_s46（sha256 一致）
D:\stroke_apa	data/attract/bindz-rbp/resources/ATtRACT_hsa/motif_SRSF2_s47	STAGED	data_frozen/v5_1_data/attract/bindz-rbp/resources/ATtRACT_hsa/motif_SRSF2_s47（sha256 一致）
D:\stroke_apa	data/attract/bindz-rbp/resources/ATtRACT_hsa/motif_SRSF2_s52	STAGED	data_frozen/v5_1_data/attract/bindz-rbp/resources/ATtRACT_hsa/motif_SRSF2_s52（sha256 一致）
D:\stroke_apa	data/attract/bindz-rbp/resources/ATtRACT_hsa/motif_SRSF2_s53	STAGED	data_frozen/v5_1_data/attract/bindz-rbp/resources/ATtRACT_hsa/motif_SRSF2_s53（sha256 一致）
D:\stroke_apa	data/attract/bindz-rbp/resources/ATtRACT_hsa/motif_SRSF2_s55	STAGED	data_frozen/v5_1_data/attract/bindz-rbp/resources/ATtRACT_hsa/motif_SRSF2_s55（sha256 一致）
D:\stroke_apa	data/attract/bindz-rbp/resources/ATtRACT_hsa/motif_SRSF2_s56	STAGED	data_frozen/v5_1_data/attract/bindz-rbp/resources/ATtRACT_hsa/motif_SRSF2_s56（sha256 一致）
D:\stroke_apa	data/attract/bindz-rbp/resources/ATtRACT_hsa/motif_SRSF2_s57	STAGED	data_frozen/v5_1_data/attract/bindz-rbp/resources/ATtRACT_hsa/motif_SRSF2_s57（sha256 一致）
D:\stroke_apa	data/attract/bindz-rbp/resources/ATtRACT_hsa/motif_SRSF2_s58	STAGED	data_frozen/v5_1_data/attract/bindz-rbp/resources/ATtRACT_hsa/motif_SRSF2_s58（sha256 一致）
D:\stroke_apa	data/attract/bindz-rbp/resources/ATtRACT_hsa/motif_SRSF2_s59	STAGED	data_frozen/v5_1_data/attract/bindz-rbp/resources/ATtRACT_hsa/motif_SRSF2_s59（sha256 一致）
D:\stroke_apa	data/attract/bindz-rbp/resources/ATtRACT_hsa/motif_SRSF3_1244	STAGED	data_frozen/v5_1_data/attract/bindz-rbp/resources/ATtRACT_hsa/motif_SRSF3_1244（sha256 一致）
D:\stroke_apa	data/attract/bindz-rbp/resources/ATtRACT_hsa/motif_SRSF3_1245	STAGED	data_frozen/v5_1_data/attract/bindz-rbp/resources/ATtRACT_hsa/motif_SRSF3_1245（sha256 一致）
D:\stroke_apa	data/attract/bindz-rbp/resources/ATtRACT_hsa/motif_SRSF3_1246	STAGED	data_frozen/v5_1_data/attract/bindz-rbp/resources/ATtRACT_hsa/motif_SRSF3_1246（sha256 一致）
D:\stroke_apa	data/attract/bindz-rbp/resources/ATtRACT_hsa/motif_SRSF3_1247	STAGED	data_frozen/v5_1_data/attract/bindz-rbp/resources/ATtRACT_hsa/motif_SRSF3_1247（sha256 一致）
D:\stroke_apa	data/attract/bindz-rbp/resources/ATtRACT_hsa/motif_SRSF3_1248	STAGED	data_frozen/v5_1_data/attract/bindz-rbp/resources/ATtRACT_hsa/motif_SRSF3_1248（sha256 一致）
D:\stroke_apa	data/attract/bindz-rbp/resources/ATtRACT_hsa/motif_SRSF3_1249	STAGED	data_frozen/v5_1_data/attract/bindz-rbp/resources/ATtRACT_hsa/motif_SRSF3_1249（sha256 一致）
D:\stroke_apa	data/attract/bindz-rbp/resources/ATtRACT_hsa/motif_SRSF3_1250	STAGED	data_frozen/v5_1_data/attract/bindz-rbp/resources/ATtRACT_hsa/motif_SRSF3_1250（sha256 一致）
D:\stroke_apa	data/attract/bindz-rbp/resources/ATtRACT_hsa/motif_SRSF3_1251	STAGED	data_frozen/v5_1_data/attract/bindz-rbp/resources/ATtRACT_hsa/motif_SRSF3_1251（sha256 一致）
D:\stroke_apa	data/attract/bindz-rbp/resources/ATtRACT_hsa/motif_SRSF3_1252	STAGED	data_frozen/v5_1_data/attract/bindz-rbp/resources/ATtRACT_hsa/motif_SRSF3_1252（sha256 一致）
D:\stroke_apa	data/attract/bindz-rbp/resources/ATtRACT_hsa/motif_SRSF3_1253	STAGED	data_frozen/v5_1_data/attract/bindz-rbp/resources/ATtRACT_hsa/motif_SRSF3_1253（sha256 一致）
D:\stroke_apa	data/attract/bindz-rbp/resources/ATtRACT_hsa/motif_SRSF3_1254	STAGED	data_frozen/v5_1_data/attract/bindz-rbp/resources/ATtRACT_hsa/motif_SRSF3_1254（sha256 一致）
D:\stroke_apa	data/attract/bindz-rbp/resources/ATtRACT_hsa/motif_SRSF3_1255	STAGED	data_frozen/v5_1_data/attract/bindz-rbp/resources/ATtRACT_hsa/motif_SRSF3_1255（sha256 一致）
D:\stroke_apa	data/attract/bindz-rbp/resources/ATtRACT_hsa/motif_SRSF3_1354	STAGED	data_frozen/v5_1_data/attract/bindz-rbp/resources/ATtRACT_hsa/motif_SRSF3_1354（sha256 一致）
D:\stroke_apa	data/attract/bindz-rbp/resources/ATtRACT_hsa/motif_SRSF3_s39	STAGED	data_frozen/v5_1_data/attract/bindz-rbp/resources/ATtRACT_hsa/motif_SRSF3_s39（sha256 一致）
D:\stroke_apa	data/attract/bindz-rbp/resources/ATtRACT_hsa/motif_SRSF3_s40	STAGED	data_frozen/v5_1_data/attract/bindz-rbp/resources/ATtRACT_hsa/motif_SRSF3_s40（sha256 一致）
D:\stroke_apa	data/attract/bindz-rbp/resources/ATtRACT_hsa/motif_SRSF3_s41	STAGED	data_frozen/v5_1_data/attract/bindz-rbp/resources/ATtRACT_hsa/motif_SRSF3_s41（sha256 一致）
D:\stroke_apa	data/attract/bindz-rbp/resources/ATtRACT_hsa/motif_SRSF3_s81	STAGED	data_frozen/v5_1_data/attract/bindz-rbp/resources/ATtRACT_hsa/motif_SRSF3_s81（sha256 一致）
D:\stroke_apa	data/attract/bindz-rbp/resources/ATtRACT_hsa/motif_SRSF4_1274	STAGED	data_frozen/v5_1_data/attract/bindz-rbp/resources/ATtRACT_hsa/motif_SRSF4_1274（sha256 一致）
D:\stroke_apa	data/attract/bindz-rbp/resources/ATtRACT_hsa/motif_SRSF4_1275	STAGED	data_frozen/v5_1_data/attract/bindz-rbp/resources/ATtRACT_hsa/motif_SRSF4_1275（sha256 一致）
D:\stroke_apa	data/attract/bindz-rbp/resources/ATtRACT_hsa/motif_SRSF5_1263	STAGED	data_frozen/v5_1_data/attract/bindz-rbp/resources/ATtRACT_hsa/motif_SRSF5_1263（sha256 一致）
D:\stroke_apa	data/attract/bindz-rbp/resources/ATtRACT_hsa/motif_SRSF5_1264	STAGED	data_frozen/v5_1_data/attract/bindz-rbp/resources/ATtRACT_hsa/motif_SRSF5_1264（sha256 一致）
D:\stroke_apa	data/attract/bindz-rbp/resources/ATtRACT_hsa/motif_SRSF5_1265	STAGED	data_frozen/v5_1_data/attract/bindz-rbp/resources/ATtRACT_hsa/motif_SRSF5_1265（sha256 一致）
D:\stroke_apa	data/attract/bindz-rbp/resources/ATtRACT_hsa/motif_SRSF5_1330	STAGED	data_frozen/v5_1_data/attract/bindz-rbp/resources/ATtRACT_hsa/motif_SRSF5_1330（sha256 一致）
D:\stroke_apa	data/attract/bindz-rbp/resources/ATtRACT_hsa/motif_SRSF5_1333	STAGED	data_frozen/v5_1_data/attract/bindz-rbp/resources/ATtRACT_hsa/motif_SRSF5_1333（sha256 一致）
D:\stroke_apa	data/attract/bindz-rbp/resources/ATtRACT_hsa/motif_SRSF5_1343	STAGED	data_frozen/v5_1_data/attract/bindz-rbp/resources/ATtRACT_hsa/motif_SRSF5_1343（sha256 一致）
D:\stroke_apa	data/attract/bindz-rbp/resources/ATtRACT_hsa/motif_SRSF5_1355	STAGED	data_frozen/v5_1_data/attract/bindz-rbp/resources/ATtRACT_hsa/motif_SRSF5_1355（sha256 一致）
D:\stroke_apa	data/attract/bindz-rbp/resources/ATtRACT_hsa/motif_SRSF5_s19	STAGED	data_frozen/v5_1_data/attract/bindz-rbp/resources/ATtRACT_hsa/motif_SRSF5_s19（sha256 一致）
D:\stroke_apa	data/attract/bindz-rbp/resources/ATtRACT_hsa/motif_SRSF6_1267	STAGED	data_frozen/v5_1_data/attract/bindz-rbp/resources/ATtRACT_hsa/motif_SRSF6_1267（sha256 一致）
D:\stroke_apa	data/attract/bindz-rbp/resources/ATtRACT_hsa/motif_SRSF6_1268	STAGED	data_frozen/v5_1_data/attract/bindz-rbp/resources/ATtRACT_hsa/motif_SRSF6_1268（sha256 一致）
D:\stroke_apa	data/attract/bindz-rbp/resources/ATtRACT_hsa/motif_SRSF6_1269	STAGED	data_frozen/v5_1_data/attract/bindz-rbp/resources/ATtRACT_hsa/motif_SRSF6_1269（sha256 一致）
D:\stroke_apa	data/attract/bindz-rbp/resources/ATtRACT_hsa/motif_SRSF6_1270	STAGED	data_frozen/v5_1_data/attract/bindz-rbp/resources/ATtRACT_hsa/motif_SRSF6_1270（sha256 一致）
D:\stroke_apa	data/attract/bindz-rbp/resources/ATtRACT_hsa/motif_SRSF6_1271	STAGED	data_frozen/v5_1_data/attract/bindz-rbp/resources/ATtRACT_hsa/motif_SRSF6_1271（sha256 一致）
D:\stroke_apa	data/attract/bindz-rbp/resources/ATtRACT_hsa/motif_SRSF6_1272	STAGED	data_frozen/v5_1_data/attract/bindz-rbp/resources/ATtRACT_hsa/motif_SRSF6_1272（sha256 一致）
D:\stroke_apa	data/attract/bindz-rbp/resources/ATtRACT_hsa/motif_SRSF6_1273	STAGED	data_frozen/v5_1_data/attract/bindz-rbp/resources/ATtRACT_hsa/motif_SRSF6_1273（sha256 一致）
D:\stroke_apa	data/attract/bindz-rbp/resources/ATtRACT_hsa/motif_SRSF6_1384	STAGED	data_frozen/v5_1_data/attract/bindz-rbp/resources/ATtRACT_hsa/motif_SRSF6_1384（sha256 一致）
D:\stroke_apa	data/attract/bindz-rbp/resources/ATtRACT_hsa/motif_SRSF6_1392	STAGED	data_frozen/v5_1_data/attract/bindz-rbp/resources/ATtRACT_hsa/motif_SRSF6_1392（sha256 一致）
D:\stroke_apa	data/attract/bindz-rbp/resources/ATtRACT_hsa/motif_SRSF6_s42	STAGED	data_frozen/v5_1_data/attract/bindz-rbp/resources/ATtRACT_hsa/motif_SRSF6_s42（sha256 一致）
D:\stroke_apa	data/attract/bindz-rbp/resources/ATtRACT_hsa/motif_SRSF7_1332	STAGED	data_frozen/v5_1_data/attract/bindz-rbp/resources/ATtRACT_hsa/motif_SRSF7_1332（sha256 一致）
D:\stroke_apa	data/attract/bindz-rbp/resources/ATtRACT_hsa/motif_SRSF7_1360	STAGED	data_frozen/v5_1_data/attract/bindz-rbp/resources/ATtRACT_hsa/motif_SRSF7_1360（sha256 一致）
D:\stroke_apa	data/attract/bindz-rbp/resources/ATtRACT_hsa/motif_SRSF7_583	STAGED	data_frozen/v5_1_data/attract/bindz-rbp/resources/ATtRACT_hsa/motif_SRSF7_583（sha256 一致）
D:\stroke_apa	data/attract/bindz-rbp/resources/ATtRACT_hsa/motif_SRSF7_584	STAGED	data_frozen/v5_1_data/attract/bindz-rbp/resources/ATtRACT_hsa/motif_SRSF7_584（sha256 一致）
D:\stroke_apa	data/attract/bindz-rbp/resources/ATtRACT_hsa/motif_SRSF7_585	STAGED	data_frozen/v5_1_data/attract/bindz-rbp/resources/ATtRACT_hsa/motif_SRSF7_585（sha256 一致）
D:\stroke_apa	data/attract/bindz-rbp/resources/ATtRACT_hsa/motif_SRSF7_586	STAGED	data_frozen/v5_1_data/attract/bindz-rbp/resources/ATtRACT_hsa/motif_SRSF7_586（sha256 一致）
D:\stroke_apa	data/attract/bindz-rbp/resources/ATtRACT_hsa/motif_SRSF7_587	STAGED	data_frozen/v5_1_data/attract/bindz-rbp/resources/ATtRACT_hsa/motif_SRSF7_587（sha256 一致）
D:\stroke_apa	data/attract/bindz-rbp/resources/ATtRACT_hsa/motif_SRSF7_588	STAGED	data_frozen/v5_1_data/attract/bindz-rbp/resources/ATtRACT_hsa/motif_SRSF7_588（sha256 一致）
D:\stroke_apa	data/attract/bindz-rbp/resources/ATtRACT_hsa/motif_SRSF7_589	STAGED	data_frozen/v5_1_data/attract/bindz-rbp/resources/ATtRACT_hsa/motif_SRSF7_589（sha256 一致）
D:\stroke_apa	data/attract/bindz-rbp/resources/ATtRACT_hsa/motif_SRSF7_590	STAGED	data_frozen/v5_1_data/attract/bindz-rbp/resources/ATtRACT_hsa/motif_SRSF7_590（sha256 一致）
D:\stroke_apa	data/attract/bindz-rbp/resources/ATtRACT_hsa/motif_SRSF7_591	STAGED	data_frozen/v5_1_data/attract/bindz-rbp/resources/ATtRACT_hsa/motif_SRSF7_591（sha256 一致）
D:\stroke_apa	data/attract/bindz-rbp/resources/ATtRACT_hsa/motif_SRSF7_M071_0.6	STAGED	data_frozen/v5_1_data/attract/bindz-rbp/resources/ATtRACT_hsa/motif_SRSF7_M071_0.6（sha256 一致）
D:\stroke_apa	data/attract/bindz-rbp/resources/ATtRACT_hsa/motif_SRSF7_M331_0.6	STAGED	data_frozen/v5_1_data/attract/bindz-rbp/resources/ATtRACT_hsa/motif_SRSF7_M331_0.6（sha256 一致）
D:\stroke_apa	data/attract/bindz-rbp/resources/ATtRACT_hsa/motif_SRSF7_M353_0.6	STAGED	data_frozen/v5_1_data/attract/bindz-rbp/resources/ATtRACT_hsa/motif_SRSF7_M353_0.6（sha256 一致）
D:\stroke_apa	data/attract/bindz-rbp/resources/ATtRACT_hsa/motif_SRSF7_s45	STAGED	data_frozen/v5_1_data/attract/bindz-rbp/resources/ATtRACT_hsa/motif_SRSF7_s45（sha256 一致）
D:\stroke_apa	data/attract/bindz-rbp/resources/ATtRACT_hsa/motif_SRSF7_s82	STAGED	data_frozen/v5_1_data/attract/bindz-rbp/resources/ATtRACT_hsa/motif_SRSF7_s82（sha256 一致）
D:\stroke_apa	data/attract/bindz-rbp/resources/ATtRACT_hsa/motif_SRSF7_s83	STAGED	data_frozen/v5_1_data/attract/bindz-rbp/resources/ATtRACT_hsa/motif_SRSF7_s83（sha256 一致）
D:\stroke_apa	data/attract/bindz-rbp/resources/ATtRACT_hsa/motif_SRSF9_1256	STAGED	data_frozen/v5_1_data/attract/bindz-rbp/resources/ATtRACT_hsa/motif_SRSF9_1256（sha256 一致）
D:\stroke_apa	data/attract/bindz-rbp/resources/ATtRACT_hsa/motif_SRSF9_1257	STAGED	data_frozen/v5_1_data/attract/bindz-rbp/resources/ATtRACT_hsa/motif_SRSF9_1257（sha256 一致）
D:\stroke_apa	data/attract/bindz-rbp/resources/ATtRACT_hsa/motif_SRSF9_1258	STAGED	data_frozen/v5_1_data/attract/bindz-rbp/resources/ATtRACT_hsa/motif_SRSF9_1258（sha256 一致）
D:\stroke_apa	data/attract/bindz-rbp/resources/ATtRACT_hsa/motif_SRSF9_M065_0.6	STAGED	data_frozen/v5_1_data/attract/bindz-rbp/resources/ATtRACT_hsa/motif_SRSF9_M065_0.6（sha256 一致）
D:\stroke_apa	data/attract/bindz-rbp/resources/ATtRACT_hsa/motif_SRSF9_M072_0.6	STAGED	data_frozen/v5_1_data/attract/bindz-rbp/resources/ATtRACT_hsa/motif_SRSF9_M072_0.6（sha256 一致）
D:\stroke_apa	data/attract/bindz-rbp/resources/ATtRACT_hsa/motif_SRSF9_M333_0.6	STAGED	data_frozen/v5_1_data/attract/bindz-rbp/resources/ATtRACT_hsa/motif_SRSF9_M333_0.6（sha256 一致）
D:\stroke_apa	data/attract/bindz-rbp/resources/ATtRACT_hsa/motif_SRSF9_s97	STAGED	data_frozen/v5_1_data/attract/bindz-rbp/resources/ATtRACT_hsa/motif_SRSF9_s97（sha256 一致）
D:\stroke_apa	data/attract/bindz-rbp/resources/ATtRACT_hsa/motif_SSB_457	STAGED	data_frozen/v5_1_data/attract/bindz-rbp/resources/ATtRACT_hsa/motif_SSB_457（sha256 一致）
D:\stroke_apa	data/attract/bindz-rbp/resources/ATtRACT_hsa/motif_SSB_521	STAGED	data_frozen/v5_1_data/attract/bindz-rbp/resources/ATtRACT_hsa/motif_SSB_521（sha256 一致）
D:\stroke_apa	data/attract/bindz-rbp/resources/ATtRACT_hsa/motif_SSB_548	STAGED	data_frozen/v5_1_data/attract/bindz-rbp/resources/ATtRACT_hsa/motif_SSB_548（sha256 一致）
D:\stroke_apa	data/attract/bindz-rbp/resources/ATtRACT_hsa/motif_SSB_58	STAGED	data_frozen/v5_1_data/attract/bindz-rbp/resources/ATtRACT_hsa/motif_SSB_58（sha256 一致）
D:\stroke_apa	data/attract/bindz-rbp/resources/ATtRACT_hsa/motif_SUPV3L1_330	STAGED	data_frozen/v5_1_data/attract/bindz-rbp/resources/ATtRACT_hsa/motif_SUPV3L1_330（sha256 一致）
D:\stroke_apa	data/attract/bindz-rbp/resources/ATtRACT_hsa/motif_SYNCRIP_1062	STAGED	data_frozen/v5_1_data/attract/bindz-rbp/resources/ATtRACT_hsa/motif_SYNCRIP_1062（sha256 一致）
D:\stroke_apa	data/attract/bindz-rbp/resources/ATtRACT_hsa/motif_SYNCRIP_1063	STAGED	data_frozen/v5_1_data/attract/bindz-rbp/resources/ATtRACT_hsa/motif_SYNCRIP_1063（sha256 一致）
D:\stroke_apa	data/attract/bindz-rbp/resources/ATtRACT_hsa/motif_SYNCRIP_1064	STAGED	data_frozen/v5_1_data/attract/bindz-rbp/resources/ATtRACT_hsa/motif_SYNCRIP_1064（sha256 一致）
D:\stroke_apa	data/attract/bindz-rbp/resources/ATtRACT_hsa/motif_SYNCRIP_1065	STAGED	data_frozen/v5_1_data/attract/bindz-rbp/resources/ATtRACT_hsa/motif_SYNCRIP_1065（sha256 一致）
D:\stroke_apa	data/attract/bindz-rbp/resources/ATtRACT_hsa/motif_SYNCRIP_1066	STAGED	data_frozen/v5_1_data/attract/bindz-rbp/resources/ATtRACT_hsa/motif_SYNCRIP_1066（sha256 一致）
D:\stroke_apa	data/attract/bindz-rbp/resources/ATtRACT_hsa/motif_TARDBP_1276	STAGED	data_frozen/v5_1_data/attract/bindz-rbp/resources/ATtRACT_hsa/motif_TARDBP_1276（sha256 一致）
D:\stroke_apa	data/attract/bindz-rbp/resources/ATtRACT_hsa/motif_TARDBP_1277	STAGED	data_frozen/v5_1_data/attract/bindz-rbp/resources/ATtRACT_hsa/motif_TARDBP_1277（sha256 一致）
D:\stroke_apa	data/attract/bindz-rbp/resources/ATtRACT_hsa/motif_TARDBP_1278	STAGED	data_frozen/v5_1_data/attract/bindz-rbp/resources/ATtRACT_hsa/motif_TARDBP_1278（sha256 一致）
D:\stroke_apa	data/attract/bindz-rbp/resources/ATtRACT_hsa/motif_TARDBP_1279	STAGED	data_frozen/v5_1_data/attract/bindz-rbp/resources/ATtRACT_hsa/motif_TARDBP_1279（sha256 一致）
D:\stroke_apa	data/attract/bindz-rbp/resources/ATtRACT_hsa/motif_TARDBP_1280	STAGED	data_frozen/v5_1_data/attract/bindz-rbp/resources/ATtRACT_hsa/motif_TARDBP_1280（sha256 一致）
D:\stroke_apa	data/attract/bindz-rbp/resources/ATtRACT_hsa/motif_TARDBP_1281	STAGED	data_frozen/v5_1_data/attract/bindz-rbp/resources/ATtRACT_hsa/motif_TARDBP_1281（sha256 一致）
D:\stroke_apa	data/attract/bindz-rbp/resources/ATtRACT_hsa/motif_TARDBP_1282	STAGED	data_frozen/v5_1_data/attract/bindz-rbp/resources/ATtRACT_hsa/motif_TARDBP_1282（sha256 一致）
D:\stroke_apa	data/attract/bindz-rbp/resources/ATtRACT_hsa/motif_TARDBP_1283	STAGED	data_frozen/v5_1_data/attract/bindz-rbp/resources/ATtRACT_hsa/motif_TARDBP_1283（sha256 一致）
D:\stroke_apa	data/attract/bindz-rbp/resources/ATtRACT_hsa/motif_TARDBP_144	STAGED	data_frozen/v5_1_data/attract/bindz-rbp/resources/ATtRACT_hsa/motif_TARDBP_144（sha256 一致）
D:\stroke_apa	data/attract/bindz-rbp/resources/ATtRACT_hsa/motif_TARDBP_178	STAGED	data_frozen/v5_1_data/attract/bindz-rbp/resources/ATtRACT_hsa/motif_TARDBP_178（sha256 一致）
D:\stroke_apa	data/attract/bindz-rbp/resources/ATtRACT_hsa/motif_TARDBP_541	STAGED	data_frozen/v5_1_data/attract/bindz-rbp/resources/ATtRACT_hsa/motif_TARDBP_541（sha256 一致）
D:\stroke_apa	data/attract/bindz-rbp/resources/ATtRACT_hsa/motif_TARDBP_M074_0.6	STAGED	data_frozen/v5_1_data/attract/bindz-rbp/resources/ATtRACT_hsa/motif_TARDBP_M074_0.6（sha256 一致）
D:\stroke_apa	data/attract/bindz-rbp/resources/ATtRACT_hsa/motif_TIA1_1284	STAGED	data_frozen/v5_1_data/attract/bindz-rbp/resources/ATtRACT_hsa/motif_TIA1_1284（sha256 一致）
D:\stroke_apa	data/attract/bindz-rbp/resources/ATtRACT_hsa/motif_TIA1_1285	STAGED	data_frozen/v5_1_data/attract/bindz-rbp/resources/ATtRACT_hsa/motif_TIA1_1285（sha256 一致）
D:\stroke_apa	data/attract/bindz-rbp/resources/ATtRACT_hsa/motif_TIA1_1286	STAGED	data_frozen/v5_1_data/attract/bindz-rbp/resources/ATtRACT_hsa/motif_TIA1_1286（sha256 一致）
D:\stroke_apa	data/attract/bindz-rbp/resources/ATtRACT_hsa/motif_TIA1_M075_0.6	STAGED	data_frozen/v5_1_data/attract/bindz-rbp/resources/ATtRACT_hsa/motif_TIA1_M075_0.6（sha256 一致）
D:\stroke_apa	data/attract/bindz-rbp/resources/ATtRACT_hsa/motif_TIA1_M156_0.6	STAGED	data_frozen/v5_1_data/attract/bindz-rbp/resources/ATtRACT_hsa/motif_TIA1_M156_0.6（sha256 一致）
D:\stroke_apa	data/attract/bindz-rbp/resources/ATtRACT_hsa/motif_TIA1_s10	STAGED	data_frozen/v5_1_data/attract/bindz-rbp/resources/ATtRACT_hsa/motif_TIA1_s10（sha256 一致）
D:\stroke_apa	data/attract/bindz-rbp/resources/ATtRACT_hsa/motif_TIA1_s11	STAGED	data_frozen/v5_1_data/attract/bindz-rbp/resources/ATtRACT_hsa/motif_TIA1_s11（sha256 一致）
D:\stroke_apa	data/attract/bindz-rbp/resources/ATtRACT_hsa/motif_TIA1_s67	STAGED	data_frozen/v5_1_data/attract/bindz-rbp/resources/ATtRACT_hsa/motif_TIA1_s67（sha256 一致）
D:\stroke_apa	data/attract/bindz-rbp/resources/ATtRACT_hsa/motif_TIA1_s68	STAGED	data_frozen/v5_1_data/attract/bindz-rbp/resources/ATtRACT_hsa/motif_TIA1_s68（sha256 一致）
D:\stroke_apa	data/attract/bindz-rbp/resources/ATtRACT_hsa/motif_TIA1_s9	STAGED	data_frozen/v5_1_data/attract/bindz-rbp/resources/ATtRACT_hsa/motif_TIA1_s9（sha256 一致）
D:\stroke_apa	data/attract/bindz-rbp/resources/ATtRACT_hsa/motif_TIAL1_1287	STAGED	data_frozen/v5_1_data/attract/bindz-rbp/resources/ATtRACT_hsa/motif_TIAL1_1287（sha256 一致）
D:\stroke_apa	data/attract/bindz-rbp/resources/ATtRACT_hsa/motif_TIAL1_1288	STAGED	data_frozen/v5_1_data/attract/bindz-rbp/resources/ATtRACT_hsa/motif_TIAL1_1288（sha256 一致）
D:\stroke_apa	data/attract/bindz-rbp/resources/ATtRACT_hsa/motif_TIAL1_1289	STAGED	data_frozen/v5_1_data/attract/bindz-rbp/resources/ATtRACT_hsa/motif_TIAL1_1289（sha256 一致）
D:\stroke_apa	data/attract/bindz-rbp/resources/ATtRACT_hsa/motif_TIAL1_s6	STAGED	data_frozen/v5_1_data/attract/bindz-rbp/resources/ATtRACT_hsa/motif_TIAL1_s6（sha256 一致）
D:\stroke_apa	data/attract/bindz-rbp/resources/ATtRACT_hsa/motif_TIAL1_s63	STAGED	data_frozen/v5_1_data/attract/bindz-rbp/resources/ATtRACT_hsa/motif_TIAL1_s63（sha256 一致）
D:\stroke_apa	data/attract/bindz-rbp/resources/ATtRACT_hsa/motif_TIAL1_s64	STAGED	data_frozen/v5_1_data/attract/bindz-rbp/resources/ATtRACT_hsa/motif_TIAL1_s64（sha256 一致）
D:\stroke_apa	data/attract/bindz-rbp/resources/ATtRACT_hsa/motif_TIAL1_s65	STAGED	data_frozen/v5_1_data/attract/bindz-rbp/resources/ATtRACT_hsa/motif_TIAL1_s65（sha256 一致）
D:\stroke_apa	data/attract/bindz-rbp/resources/ATtRACT_hsa/motif_TIAL1_s66	STAGED	data_frozen/v5_1_data/attract/bindz-rbp/resources/ATtRACT_hsa/motif_TIAL1_s66（sha256 一致）
D:\stroke_apa	data/attract/bindz-rbp/resources/ATtRACT_hsa/motif_TIAL1_s7	STAGED	data_frozen/v5_1_data/attract/bindz-rbp/resources/ATtRACT_hsa/motif_TIAL1_s7（sha256 一致）
D:\stroke_apa	data/attract/bindz-rbp/resources/ATtRACT_hsa/motif_TIAL1_s8	STAGED	data_frozen/v5_1_data/attract/bindz-rbp/resources/ATtRACT_hsa/motif_TIAL1_s8（sha256 一致）
D:\stroke_apa	data/attract/bindz-rbp/resources/ATtRACT_hsa/motif_TRA2A_1075	STAGED	data_frozen/v5_1_data/attract/bindz-rbp/resources/ATtRACT_hsa/motif_TRA2A_1075（sha256 一致）
D:\stroke_apa	data/attract/bindz-rbp/resources/ATtRACT_hsa/motif_TRA2A_1328	STAGED	data_frozen/v5_1_data/attract/bindz-rbp/resources/ATtRACT_hsa/motif_TRA2A_1328（sha256 一致）
D:\stroke_apa	data/attract/bindz-rbp/resources/ATtRACT_hsa/motif_TRA2A_s76	STAGED	data_frozen/v5_1_data/attract/bindz-rbp/resources/ATtRACT_hsa/motif_TRA2A_s76（sha256 一致）
D:\stroke_apa	data/attract/bindz-rbp/resources/ATtRACT_hsa/motif_TRA2A_s77	STAGED	data_frozen/v5_1_data/attract/bindz-rbp/resources/ATtRACT_hsa/motif_TRA2A_s77（sha256 一致）
D:\stroke_apa	data/attract/bindz-rbp/resources/ATtRACT_hsa/motif_TRA2A_s78	STAGED	data_frozen/v5_1_data/attract/bindz-rbp/resources/ATtRACT_hsa/motif_TRA2A_s78（sha256 一致）
D:\stroke_apa	data/attract/bindz-rbp/resources/ATtRACT_hsa/motif_TRA2B_1076	STAGED	data_frozen/v5_1_data/attract/bindz-rbp/resources/ATtRACT_hsa/motif_TRA2B_1076（sha256 一致）
D:\stroke_apa	data/attract/bindz-rbp/resources/ATtRACT_hsa/motif_TRA2B_1077	STAGED	data_frozen/v5_1_data/attract/bindz-rbp/resources/ATtRACT_hsa/motif_TRA2B_1077（sha256 一致）
D:\stroke_apa	data/attract/bindz-rbp/resources/ATtRACT_hsa/motif_TRA2B_1078	STAGED	data_frozen/v5_1_data/attract/bindz-rbp/resources/ATtRACT_hsa/motif_TRA2B_1078（sha256 一致）
D:\stroke_apa	data/attract/bindz-rbp/resources/ATtRACT_hsa/motif_TRA2B_1079	STAGED	data_frozen/v5_1_data/attract/bindz-rbp/resources/ATtRACT_hsa/motif_TRA2B_1079（sha256 一致）
D:\stroke_apa	data/attract/bindz-rbp/resources/ATtRACT_hsa/motif_TRA2B_1081	STAGED	data_frozen/v5_1_data/attract/bindz-rbp/resources/ATtRACT_hsa/motif_TRA2B_1081（sha256 一致）
D:\stroke_apa	data/attract/bindz-rbp/resources/ATtRACT_hsa/motif_TRA2B_1082	STAGED	data_frozen/v5_1_data/attract/bindz-rbp/resources/ATtRACT_hsa/motif_TRA2B_1082（sha256 一致）
D:\stroke_apa	data/attract/bindz-rbp/resources/ATtRACT_hsa/motif_TRA2B_1083	STAGED	data_frozen/v5_1_data/attract/bindz-rbp/resources/ATtRACT_hsa/motif_TRA2B_1083（sha256 一致）
D:\stroke_apa	data/attract/bindz-rbp/resources/ATtRACT_hsa/motif_TRA2B_1084	STAGED	data_frozen/v5_1_data/attract/bindz-rbp/resources/ATtRACT_hsa/motif_TRA2B_1084（sha256 一致）
D:\stroke_apa	data/attract/bindz-rbp/resources/ATtRACT_hsa/motif_TRA2B_1085	STAGED	data_frozen/v5_1_data/attract/bindz-rbp/resources/ATtRACT_hsa/motif_TRA2B_1085（sha256 一致）
D:\stroke_apa	data/attract/bindz-rbp/resources/ATtRACT_hsa/motif_TRA2B_1086	STAGED	data_frozen/v5_1_data/attract/bindz-rbp/resources/ATtRACT_hsa/motif_TRA2B_1086（sha256 一致）
D:\stroke_apa	data/attract/bindz-rbp/resources/ATtRACT_hsa/motif_TRA2B_1087	STAGED	data_frozen/v5_1_data/attract/bindz-rbp/resources/ATtRACT_hsa/motif_TRA2B_1087（sha256 一致）
D:\stroke_apa	data/attract/bindz-rbp/resources/ATtRACT_hsa/motif_TRA2B_1090	STAGED	data_frozen/v5_1_data/attract/bindz-rbp/resources/ATtRACT_hsa/motif_TRA2B_1090（sha256 一致）
D:\stroke_apa	data/attract/bindz-rbp/resources/ATtRACT_hsa/motif_TRA2B_1091	STAGED	data_frozen/v5_1_data/attract/bindz-rbp/resources/ATtRACT_hsa/motif_TRA2B_1091（sha256 一致）
D:\stroke_apa	data/attract/bindz-rbp/resources/ATtRACT_hsa/motif_TRA2B_1309	STAGED	data_frozen/v5_1_data/attract/bindz-rbp/resources/ATtRACT_hsa/motif_TRA2B_1309（sha256 一致）
D:\stroke_apa	data/attract/bindz-rbp/resources/ATtRACT_hsa/motif_TRA2B_1313	STAGED	data_frozen/v5_1_data/attract/bindz-rbp/resources/ATtRACT_hsa/motif_TRA2B_1313（sha256 一致）
D:\stroke_apa	data/attract/bindz-rbp/resources/ATtRACT_hsa/motif_TRA2B_1315	STAGED	data_frozen/v5_1_data/attract/bindz-rbp/resources/ATtRACT_hsa/motif_TRA2B_1315（sha256 一致）
D:\stroke_apa	data/attract/bindz-rbp/resources/ATtRACT_hsa/motif_TRA2B_1375	STAGED	data_frozen/v5_1_data/attract/bindz-rbp/resources/ATtRACT_hsa/motif_TRA2B_1375（sha256 一致）
D:\stroke_apa	data/attract/bindz-rbp/resources/ATtRACT_hsa/motif_TRA2B_368	STAGED	data_frozen/v5_1_data/attract/bindz-rbp/resources/ATtRACT_hsa/motif_TRA2B_368（sha256 一致）
D:\stroke_apa	data/attract/bindz-rbp/resources/ATtRACT_hsa/motif_TRA2B_530	STAGED	data_frozen/v5_1_data/attract/bindz-rbp/resources/ATtRACT_hsa/motif_TRA2B_530（sha256 一致）
D:\stroke_apa	data/attract/bindz-rbp/resources/ATtRACT_hsa/motif_TUT1_M073_0.6	STAGED	data_frozen/v5_1_data/attract/bindz-rbp/resources/ATtRACT_hsa/motif_TUT1_M073_0.6（sha256 一致）
D:\stroke_apa	data/attract/bindz-rbp/resources/ATtRACT_hsa/motif_U2AF2_461	STAGED	data_frozen/v5_1_data/attract/bindz-rbp/resources/ATtRACT_hsa/motif_U2AF2_461（sha256 一致）
D:\stroke_apa	data/attract/bindz-rbp/resources/ATtRACT_hsa/motif_U2AF2_465	STAGED	data_frozen/v5_1_data/attract/bindz-rbp/resources/ATtRACT_hsa/motif_U2AF2_465（sha256 一致）
D:\stroke_apa	data/attract/bindz-rbp/resources/ATtRACT_hsa/motif_U2AF2_M077_0.6	STAGED	data_frozen/v5_1_data/attract/bindz-rbp/resources/ATtRACT_hsa/motif_U2AF2_M077_0.6（sha256 一致）
D:\stroke_apa	data/attract/bindz-rbp/resources/ATtRACT_hsa/motif_XPO5_469	STAGED	data_frozen/v5_1_data/attract/bindz-rbp/resources/ATtRACT_hsa/motif_XPO5_469（sha256 一致）
D:\stroke_apa	data/attract/bindz-rbp/resources/ATtRACT_hsa/motif_XPO5_578	STAGED	data_frozen/v5_1_data/attract/bindz-rbp/resources/ATtRACT_hsa/motif_XPO5_578（sha256 一致）
D:\stroke_apa	data/attract/bindz-rbp/resources/ATtRACT_hsa/motif_YBX1_124	STAGED	data_frozen/v5_1_data/attract/bindz-rbp/resources/ATtRACT_hsa/motif_YBX1_124（sha256 一致）
D:\stroke_apa	data/attract/bindz-rbp/resources/ATtRACT_hsa/motif_YBX1_1290	STAGED	data_frozen/v5_1_data/attract/bindz-rbp/resources/ATtRACT_hsa/motif_YBX1_1290（sha256 一致）
D:\stroke_apa	data/attract/bindz-rbp/resources/ATtRACT_hsa/motif_YBX1_1291	STAGED	data_frozen/v5_1_data/attract/bindz-rbp/resources/ATtRACT_hsa/motif_YBX1_1291（sha256 一致）
D:\stroke_apa	data/attract/bindz-rbp/resources/ATtRACT_hsa/motif_YBX1_1292	STAGED	data_frozen/v5_1_data/attract/bindz-rbp/resources/ATtRACT_hsa/motif_YBX1_1292（sha256 一致）
D:\stroke_apa	data/attract/bindz-rbp/resources/ATtRACT_hsa/motif_YBX1_1293	STAGED	data_frozen/v5_1_data/attract/bindz-rbp/resources/ATtRACT_hsa/motif_YBX1_1293（sha256 一致）
D:\stroke_apa	data/attract/bindz-rbp/resources/ATtRACT_hsa/motif_YBX1_1294	STAGED	data_frozen/v5_1_data/attract/bindz-rbp/resources/ATtRACT_hsa/motif_YBX1_1294（sha256 一致）
D:\stroke_apa	data/attract/bindz-rbp/resources/ATtRACT_hsa/motif_YBX1_1295	STAGED	data_frozen/v5_1_data/attract/bindz-rbp/resources/ATtRACT_hsa/motif_YBX1_1295（sha256 一致）
D:\stroke_apa	data/attract/bindz-rbp/resources/ATtRACT_hsa/motif_YBX1_1296	STAGED	data_frozen/v5_1_data/attract/bindz-rbp/resources/ATtRACT_hsa/motif_YBX1_1296（sha256 一致）
D:\stroke_apa	data/attract/bindz-rbp/resources/ATtRACT_hsa/motif_YBX1_1297	STAGED	data_frozen/v5_1_data/attract/bindz-rbp/resources/ATtRACT_hsa/motif_YBX1_1297（sha256 一致）
D:\stroke_apa	data/attract/bindz-rbp/resources/ATtRACT_hsa/motif_YBX1_1298	STAGED	data_frozen/v5_1_data/attract/bindz-rbp/resources/ATtRACT_hsa/motif_YBX1_1298（sha256 一致）
D:\stroke_apa	data/attract/bindz-rbp/resources/ATtRACT_hsa/motif_YBX1_1299	STAGED	data_frozen/v5_1_data/attract/bindz-rbp/resources/ATtRACT_hsa/motif_YBX1_1299（sha256 一致）
D:\stroke_apa	data/attract/bindz-rbp/resources/ATtRACT_hsa/motif_YBX1_1321	STAGED	data_frozen/v5_1_data/attract/bindz-rbp/resources/ATtRACT_hsa/motif_YBX1_1321（sha256 一致）
D:\stroke_apa	data/attract/bindz-rbp/resources/ATtRACT_hsa/motif_YBX1_1339	STAGED	data_frozen/v5_1_data/attract/bindz-rbp/resources/ATtRACT_hsa/motif_YBX1_1339（sha256 一致）
D:\stroke_apa	data/attract/bindz-rbp/resources/ATtRACT_hsa/motif_YBX1_M081_0.6	STAGED	data_frozen/v5_1_data/attract/bindz-rbp/resources/ATtRACT_hsa/motif_YBX1_M081_0.6（sha256 一致）
D:\stroke_apa	data/attract/bindz-rbp/resources/ATtRACT_hsa/motif_YBX1_M111_0.6	STAGED	data_frozen/v5_1_data/attract/bindz-rbp/resources/ATtRACT_hsa/motif_YBX1_M111_0.6（sha256 一致）
D:\stroke_apa	data/attract/bindz-rbp/resources/ATtRACT_hsa/motif_YBX1_s54	STAGED	data_frozen/v5_1_data/attract/bindz-rbp/resources/ATtRACT_hsa/motif_YBX1_s54（sha256 一致）
D:\stroke_apa	data/attract/bindz-rbp/resources/ATtRACT_hsa/motif_YBX2_M082_0.6	STAGED	data_frozen/v5_1_data/attract/bindz-rbp/resources/ATtRACT_hsa/motif_YBX2_M082_0.6（sha256 一致）
D:\stroke_apa	data/attract/bindz-rbp/resources/ATtRACT_hsa/motif_YTHDC1_50	STAGED	data_frozen/v5_1_data/attract/bindz-rbp/resources/ATtRACT_hsa/motif_YTHDC1_50（sha256 一致）
D:\stroke_apa	data/attract/bindz-rbp/resources/ATtRACT_hsa/motif_YTHDC1_M354_0.6	STAGED	data_frozen/v5_1_data/attract/bindz-rbp/resources/ATtRACT_hsa/motif_YTHDC1_M354_0.6（sha256 一致）
D:\stroke_apa	data/attract/bindz-rbp/resources/ATtRACT_hsa/motif_ZC3H10_M083_0.6	STAGED	data_frozen/v5_1_data/attract/bindz-rbp/resources/ATtRACT_hsa/motif_ZC3H10_M083_0.6（sha256 一致）
D:\stroke_apa	data/attract/bindz-rbp/resources/ATtRACT_hsa/motif_ZCRB1_M085_0.6	STAGED	data_frozen/v5_1_data/attract/bindz-rbp/resources/ATtRACT_hsa/motif_ZCRB1_M085_0.6（sha256 一致）
D:\stroke_apa	data/attract/bindz-rbp/resources/ATtRACT_hsa/motif_ZFP36L2_15	STAGED	data_frozen/v5_1_data/attract/bindz-rbp/resources/ATtRACT_hsa/motif_ZFP36L2_15（sha256 一致）
D:\stroke_apa	data/attract/bindz-rbp/resources/ATtRACT_hsa/motif_ZFP36L2_428	STAGED	data_frozen/v5_1_data/attract/bindz-rbp/resources/ATtRACT_hsa/motif_ZFP36L2_428（sha256 一致）
D:\stroke_apa	data/attract/bindz-rbp/resources/ATtRACT_hsa/motif_ZFP36_109	STAGED	data_frozen/v5_1_data/attract/bindz-rbp/resources/ATtRACT_hsa/motif_ZFP36_109（sha256 一致）
D:\stroke_apa	data/attract/bindz-rbp/resources/ATtRACT_hsa/motif_ZFP36_128	STAGED	data_frozen/v5_1_data/attract/bindz-rbp/resources/ATtRACT_hsa/motif_ZFP36_128（sha256 一致）
D:\stroke_apa	data/attract/bindz-rbp/resources/ATtRACT_hsa/motif_ZFP36_138	STAGED	data_frozen/v5_1_data/attract/bindz-rbp/resources/ATtRACT_hsa/motif_ZFP36_138（sha256 一致）
D:\stroke_apa	data/attract/bindz-rbp/resources/ATtRACT_hsa/motif_ZFP36_155	STAGED	data_frozen/v5_1_data/attract/bindz-rbp/resources/ATtRACT_hsa/motif_ZFP36_155（sha256 一致）
D:\stroke_apa	data/attract/bindz-rbp/resources/ATtRACT_hsa/motif_ZFP36_38	STAGED	data_frozen/v5_1_data/attract/bindz-rbp/resources/ATtRACT_hsa/motif_ZFP36_38（sha256 一致）
D:\stroke_apa	data/attract/bindz-rbp/resources/ATtRACT_hsa/motif_ZFP36_49	STAGED	data_frozen/v5_1_data/attract/bindz-rbp/resources/ATtRACT_hsa/motif_ZFP36_49（sha256 一致）
D:\stroke_apa	data/attract/bindz-rbp/resources/ATtRACT_hsa/motif_ZFP36_M269_0.6	STAGED	data_frozen/v5_1_data/attract/bindz-rbp/resources/ATtRACT_hsa/motif_ZFP36_M269_0.6（sha256 一致）
D:\stroke_apa	data/attract/bindz-rbp/resources/ATtRACT_hsa/motif_ZFP36_M350_0.6	STAGED	data_frozen/v5_1_data/attract/bindz-rbp/resources/ATtRACT_hsa/motif_ZFP36_M350_0.6（sha256 一致）
D:\stroke_apa	data/attract/bindz-rbp/resources/ATtRACT_hsa/motif_ZNF346_388	STAGED	data_frozen/v5_1_data/attract/bindz-rbp/resources/ATtRACT_hsa/motif_ZNF346_388（sha256 一致）
D:\stroke_apa	data/attract/bindz-rbp/resources/ATtRACT_hsa/motif_ZNF346_481	STAGED	data_frozen/v5_1_data/attract/bindz-rbp/resources/ATtRACT_hsa/motif_ZNF346_481（sha256 一致）
D:\stroke_apa	data/attract/bindz-rbp/resources/ATtRACT_hsa/motif_ZNF638_M155_0.6	STAGED	data_frozen/v5_1_data/attract/bindz-rbp/resources/ATtRACT_hsa/motif_ZNF638_M155_0.6（sha256 一致）
D:\stroke_apa	data/attract/bindz-rbp/resources/ATtRACT_hsa/motif_ZRANB2_1300	STAGED	data_frozen/v5_1_data/attract/bindz-rbp/resources/ATtRACT_hsa/motif_ZRANB2_1300（sha256 一致）
D:\stroke_apa	data/attract/bindz-rbp/resources/ATtRACT_hsa/motif_ZRANB2_1301	STAGED	data_frozen/v5_1_data/attract/bindz-rbp/resources/ATtRACT_hsa/motif_ZRANB2_1301（sha256 一致）
D:\stroke_apa	data/attract/bindz-rbp/resources/ATtRACT_hsa/motif_ZRANB2_1302	STAGED	data_frozen/v5_1_data/attract/bindz-rbp/resources/ATtRACT_hsa/motif_ZRANB2_1302（sha256 一致）
D:\stroke_apa	data/attract/bindz-rbp/resources/ATtRACT_hsa/motif_ZRANB2_1303	STAGED	data_frozen/v5_1_data/attract/bindz-rbp/resources/ATtRACT_hsa/motif_ZRANB2_1303（sha256 一致）
D:\stroke_apa	data/attract/bindz-rbp/resources/ATtRACT_hsa/motif_ZRANB2_s20	STAGED	data_frozen/v5_1_data/attract/bindz-rbp/resources/ATtRACT_hsa/motif_ZRANB2_s20（sha256 一致）
D:\stroke_apa	data/attract/bindz-rbp/resources/ATtRACT_hsa/motif_ZRANB2_s21	STAGED	data_frozen/v5_1_data/attract/bindz-rbp/resources/ATtRACT_hsa/motif_ZRANB2_s21（sha256 一致）
D:\stroke_apa	data/attract/bindz-rbp/resources/ATtRACT_mmu/motif_3IVK_519	STAGED	data_frozen/v5_1_data/attract/bindz-rbp/resources/ATtRACT_mmu/motif_3IVK_519（sha256 一致）
D:\stroke_apa	data/attract/bindz-rbp/resources/ATtRACT_mmu/motif_3IVK_574	STAGED	data_frozen/v5_1_data/attract/bindz-rbp/resources/ATtRACT_mmu/motif_3IVK_574（sha256 一致）
D:\stroke_apa	data/attract/bindz-rbp/resources/ATtRACT_mmu/motif_4KZD_464	STAGED	data_frozen/v5_1_data/attract/bindz-rbp/resources/ATtRACT_mmu/motif_4KZD_464（sha256 一致）
D:\stroke_apa	data/attract/bindz-rbp/resources/ATtRACT_mmu/motif_4KZE_437	STAGED	data_frozen/v5_1_data/attract/bindz-rbp/resources/ATtRACT_mmu/motif_4KZE_437（sha256 一致）
D:\stroke_apa	data/attract/bindz-rbp/resources/ATtRACT_mmu/motif_4Q9Q_423	STAGED	data_frozen/v5_1_data/attract/bindz-rbp/resources/ATtRACT_mmu/motif_4Q9Q_423（sha256 一致）
D:\stroke_apa	data/attract/bindz-rbp/resources/ATtRACT_mmu/motif_4Q9R_433	STAGED	data_frozen/v5_1_data/attract/bindz-rbp/resources/ATtRACT_mmu/motif_4Q9R_433（sha256 一致）
D:\stroke_apa	data/attract/bindz-rbp/resources/ATtRACT_mmu/motif_ADARB1_401	STAGED	data_frozen/v5_1_data/attract/bindz-rbp/resources/ATtRACT_mmu/motif_ADARB1_401（sha256 一致）
D:\stroke_apa	data/attract/bindz-rbp/resources/ATtRACT_mmu/motif_ADARB1_527	STAGED	data_frozen/v5_1_data/attract/bindz-rbp/resources/ATtRACT_mmu/motif_ADARB1_527（sha256 一致）
D:\stroke_apa	data/attract/bindz-rbp/resources/ATtRACT_mmu/motif_DAZL_348	STAGED	data_frozen/v5_1_data/attract/bindz-rbp/resources/ATtRACT_mmu/motif_DAZL_348（sha256 一致）
D:\stroke_apa	data/attract/bindz-rbp/resources/ATtRACT_mmu/motif_DAZL_357	STAGED	data_frozen/v5_1_data/attract/bindz-rbp/resources/ATtRACT_mmu/motif_DAZL_357（sha256 一致）
D:\stroke_apa	data/attract/bindz-rbp/resources/ATtRACT_mmu/motif_DAZL_558	STAGED	data_frozen/v5_1_data/attract/bindz-rbp/resources/ATtRACT_mmu/motif_DAZL_558（sha256 一致）
D:\stroke_apa	data/attract/bindz-rbp/resources/ATtRACT_mmu/motif_ELAVL3_567	STAGED	data_frozen/v5_1_data/attract/bindz-rbp/resources/ATtRACT_mmu/motif_ELAVL3_567（sha256 一致）
D:\stroke_apa	data/attract/bindz-rbp/resources/ATtRACT_mmu/motif_HNRNPA1_1305	STAGED	data_frozen/v5_1_data/attract/bindz-rbp/resources/ATtRACT_mmu/motif_HNRNPA1_1305（sha256 一致）
D:\stroke_apa	data/attract/bindz-rbp/resources/ATtRACT_mmu/motif_HNRNPF_1325	STAGED	data_frozen/v5_1_data/attract/bindz-rbp/resources/ATtRACT_mmu/motif_HNRNPF_1325（sha256 一致）
D:\stroke_apa	data/attract/bindz-rbp/resources/ATtRACT_mmu/motif_HNRNPH1_1320	STAGED	data_frozen/v5_1_data/attract/bindz-rbp/resources/ATtRACT_mmu/motif_HNRNPH1_1320（sha256 一致）
D:\stroke_apa	data/attract/bindz-rbp/resources/ATtRACT_mmu/motif_KHDRBS1_M060_0.6	STAGED	data_frozen/v5_1_data/attract/bindz-rbp/resources/ATtRACT_mmu/motif_KHDRBS1_M060_0.6（sha256 一致）
D:\stroke_apa	data/attract/bindz-rbp/resources/ATtRACT_mmu/motif_KHSRP_1322	STAGED	data_frozen/v5_1_data/attract/bindz-rbp/resources/ATtRACT_mmu/motif_KHSRP_1322（sha256 一致）
D:\stroke_apa	data/attract/bindz-rbp/resources/ATtRACT_mmu/motif_LIN28A_369	STAGED	data_frozen/v5_1_data/attract/bindz-rbp/resources/ATtRACT_mmu/motif_LIN28A_369（sha256 一致）
D:\stroke_apa	data/attract/bindz-rbp/resources/ATtRACT_mmu/motif_LIN28A_395	STAGED	data_frozen/v5_1_data/attract/bindz-rbp/resources/ATtRACT_mmu/motif_LIN28A_395（sha256 一致）
D:\stroke_apa	data/attract/bindz-rbp/resources/ATtRACT_mmu/motif_LIN28A_444	STAGED	data_frozen/v5_1_data/attract/bindz-rbp/resources/ATtRACT_mmu/motif_LIN28A_444（sha256 一致）
D:\stroke_apa	data/attract/bindz-rbp/resources/ATtRACT_mmu/motif_LIN28A_513	STAGED	data_frozen/v5_1_data/attract/bindz-rbp/resources/ATtRACT_mmu/motif_LIN28A_513（sha256 一致）
D:\stroke_apa	data/attract/bindz-rbp/resources/ATtRACT_mmu/motif_LIN28A_556	STAGED	data_frozen/v5_1_data/attract/bindz-rbp/resources/ATtRACT_mmu/motif_LIN28A_556（sha256 一致）
D:\stroke_apa	data/attract/bindz-rbp/resources/ATtRACT_mmu/motif_LIN28A_576	STAGED	data_frozen/v5_1_data/attract/bindz-rbp/resources/ATtRACT_mmu/motif_LIN28A_576（sha256 一致）
D:\stroke_apa	data/attract/bindz-rbp/resources/ATtRACT_mmu/motif_MSI1_328	STAGED	data_frozen/v5_1_data/attract/bindz-rbp/resources/ATtRACT_mmu/motif_MSI1_328（sha256 一致）
D:\stroke_apa	data/attract/bindz-rbp/resources/ATtRACT_mmu/motif_NFKB1_453	STAGED	data_frozen/v5_1_data/attract/bindz-rbp/resources/ATtRACT_mmu/motif_NFKB1_453（sha256 一致）
D:\stroke_apa	data/attract/bindz-rbp/resources/ATtRACT_mmu/motif_NFKB1_474	STAGED	data_frozen/v5_1_data/attract/bindz-rbp/resources/ATtRACT_mmu/motif_NFKB1_474（sha256 一致）
D:\stroke_apa	data/attract/bindz-rbp/resources/ATtRACT_mmu/motif_NFKB1_549	STAGED	data_frozen/v5_1_data/attract/bindz-rbp/resources/ATtRACT_mmu/motif_NFKB1_549（sha256 一致）
D:\stroke_apa	data/attract/bindz-rbp/resources/ATtRACT_mmu/motif_NOVA2_179	STAGED	data_frozen/v5_1_data/attract/bindz-rbp/resources/ATtRACT_mmu/motif_NOVA2_179（sha256 一致）
D:\stroke_apa	data/attract/bindz-rbp/resources/ATtRACT_mmu/motif_PCBP1_M207_0.6	STAGED	data_frozen/v5_1_data/attract/bindz-rbp/resources/ATtRACT_mmu/motif_PCBP1_M207_0.6（sha256 一致）
D:\stroke_apa	data/attract/bindz-rbp/resources/ATtRACT_mmu/motif_PCBP3_M188_0.6	STAGED	data_frozen/v5_1_data/attract/bindz-rbp/resources/ATtRACT_mmu/motif_PCBP3_M188_0.6（sha256 一致）
D:\stroke_apa	data/attract/bindz-rbp/resources/ATtRACT_mmu/motif_PIWIL1_415	STAGED	data_frozen/v5_1_data/attract/bindz-rbp/resources/ATtRACT_mmu/motif_PIWIL1_415（sha256 一致）
D:\stroke_apa	data/attract/bindz-rbp/resources/ATtRACT_mmu/motif_PTBP1_1359	STAGED	data_frozen/v5_1_data/attract/bindz-rbp/resources/ATtRACT_mmu/motif_PTBP1_1359（sha256 一致）
D:\stroke_apa	data/attract/bindz-rbp/resources/ATtRACT_mmu/motif_PTBP1_1372	STAGED	data_frozen/v5_1_data/attract/bindz-rbp/resources/ATtRACT_mmu/motif_PTBP1_1372（sha256 一致）
D:\stroke_apa	data/attract/bindz-rbp/resources/ATtRACT_mmu/motif_PTBP1_1379	STAGED	data_frozen/v5_1_data/attract/bindz-rbp/resources/ATtRACT_mmu/motif_PTBP1_1379（sha256 一致）
D:\stroke_apa	data/attract/bindz-rbp/resources/ATtRACT_mmu/motif_PTBP1_1382	STAGED	data_frozen/v5_1_data/attract/bindz-rbp/resources/ATtRACT_mmu/motif_PTBP1_1382（sha256 一致）
D:\stroke_apa	data/attract/bindz-rbp/resources/ATtRACT_mmu/motif_PTBP2_1317	STAGED	data_frozen/v5_1_data/attract/bindz-rbp/resources/ATtRACT_mmu/motif_PTBP2_1317（sha256 一致）
D:\stroke_apa	data/attract/bindz-rbp/resources/ATtRACT_mmu/motif_PTBP2_1370	STAGED	data_frozen/v5_1_data/attract/bindz-rbp/resources/ATtRACT_mmu/motif_PTBP2_1370（sha256 一致）
D:\stroke_apa	data/attract/bindz-rbp/resources/ATtRACT_mmu/motif_PUM2_115	STAGED	data_frozen/v5_1_data/attract/bindz-rbp/resources/ATtRACT_mmu/motif_PUM2_115（sha256 一致）
D:\stroke_apa	data/attract/bindz-rbp/resources/ATtRACT_mmu/motif_PUM2_329_11780640.pfm	STAGED	data_frozen/v5_1_data/attract/bindz-rbp/resources/ATtRACT_mmu/motif_PUM2_329_11780640.pfm（sha256 一致）
D:\stroke_apa	data/attract/bindz-rbp/resources/ATtRACT_mmu/motif_PUM2_66	STAGED	data_frozen/v5_1_data/attract/bindz-rbp/resources/ATtRACT_mmu/motif_PUM2_66（sha256 一致）
D:\stroke_apa	data/attract/bindz-rbp/resources/ATtRACT_mmu/motif_PUM2_M286_0.6	STAGED	data_frozen/v5_1_data/attract/bindz-rbp/resources/ATtRACT_mmu/motif_PUM2_M286_0.6（sha256 一致）
D:\stroke_apa	data/attract/bindz-rbp/resources/ATtRACT_mmu/motif_RAVER1_152	STAGED	data_frozen/v5_1_data/attract/bindz-rbp/resources/ATtRACT_mmu/motif_RAVER1_152（sha256 一致）
D:\stroke_apa	data/attract/bindz-rbp/resources/ATtRACT_mmu/motif_RBM38_M049_0.6	STAGED	data_frozen/v5_1_data/attract/bindz-rbp/resources/ATtRACT_mmu/motif_RBM38_M049_0.6（sha256 一致）
D:\stroke_apa	data/attract/bindz-rbp/resources/ATtRACT_mmu/motif_RBM45_M209_0.6	STAGED	data_frozen/v5_1_data/attract/bindz-rbp/resources/ATtRACT_mmu/motif_RBM45_M209_0.6（sha256 一致）
D:\stroke_apa	data/attract/bindz-rbp/resources/ATtRACT_mmu/motif_RC3H1_350	STAGED	data_frozen/v5_1_data/attract/bindz-rbp/resources/ATtRACT_mmu/motif_RC3H1_350（sha256 一致）
D:\stroke_apa	data/attract/bindz-rbp/resources/ATtRACT_mmu/motif_RC3H1_528	STAGED	data_frozen/v5_1_data/attract/bindz-rbp/resources/ATtRACT_mmu/motif_RC3H1_528（sha256 一致）
D:\stroke_apa	data/attract/bindz-rbp/resources/ATtRACT_mmu/motif_SRSF1_1324	STAGED	data_frozen/v5_1_data/attract/bindz-rbp/resources/ATtRACT_mmu/motif_SRSF1_1324（sha256 一致）
D:\stroke_apa	data/attract/bindz-rbp/resources/ATtRACT_mmu/motif_SYNCRIP_158	STAGED	data_frozen/v5_1_data/attract/bindz-rbp/resources/ATtRACT_mmu/motif_SYNCRIP_158（sha256 一致）
D:\stroke_apa	data/attract/bindz-rbp/resources/ATtRACT_mmu/motif_TLR3_329	STAGED	data_frozen/v5_1_data/attract/bindz-rbp/resources/ATtRACT_mmu/motif_TLR3_329（sha256 一致）
D:\stroke_apa	data/attract/bindz-rbp/resources/ATtRACT_mmu/motif_TLR3_358	STAGED	data_frozen/v5_1_data/attract/bindz-rbp/resources/ATtRACT_mmu/motif_TLR3_358（sha256 一致）
D:\stroke_apa	data/attract/bindz-rbp/resources/ATtRACT_mmu/motif_TLR3_468	STAGED	data_frozen/v5_1_data/attract/bindz-rbp/resources/ATtRACT_mmu/motif_TLR3_468（sha256 一致）
D:\stroke_apa	data/attract/bindz-rbp/resources/ATtRACT_mmu/motif_TLR3_479	STAGED	data_frozen/v5_1_data/attract/bindz-rbp/resources/ATtRACT_mmu/motif_TLR3_479（sha256 一致）
D:\stroke_apa	data/attract/bindz-rbp/resources/ATtRACT_mmu/motif_TLR3_568	STAGED	data_frozen/v5_1_data/attract/bindz-rbp/resources/ATtRACT_mmu/motif_TLR3_568（sha256 一致）
D:\stroke_apa	data/attract/bindz-rbp/resources/ATtRACT_mmu/motif_YBX2_153	STAGED	data_frozen/v5_1_data/attract/bindz-rbp/resources/ATtRACT_mmu/motif_YBX2_153（sha256 一致）
D:\stroke_apa	data/attract/bindz-rbp/resources/ATtRACT_mmu/motif_YBX3_113	STAGED	data_frozen/v5_1_data/attract/bindz-rbp/resources/ATtRACT_mmu/motif_YBX3_113（sha256 一致）
D:\stroke_apa	data/attract/bindz-rbp/scripts/create-conda-environment-dev.sh	STAGED	data_frozen/v5_1_data/attract/bindz-rbp/scripts/create-conda-environment-dev.sh（sha256 一致）
D:\stroke_apa	data/attract/bindz-rbp/scripts/create-conda-environment-main.sh	STAGED	data_frozen/v5_1_data/attract/bindz-rbp/scripts/create-conda-environment-main.sh（sha256 一致）
D:\stroke_apa	data/attract/bindz-rbp/scripts/download-ATtRACT-motifs.sh	STAGED	data_frozen/v5_1_data/attract/bindz-rbp/scripts/download-ATtRACT-motifs.sh（sha256 一致）
D:\stroke_apa	data/attract/bindz-rbp/scripts/format-ATtRACT-motifs.py	STAGED	data_frozen/v5_1_data/attract/bindz-rbp/scripts/format-ATtRACT-motifs.py（sha256 一致）
D:\stroke_apa	data/attract/bindz-rbp/tests/integration/config.yml	STAGED	data_frozen/v5_1_data/attract/bindz-rbp/tests/integration/config.yml（sha256 一致）
D:\stroke_apa	data/attract/bindz-rbp/tests/integration/expected_output.md5	STAGED	data_frozen/v5_1_data/attract/bindz-rbp/tests/integration/expected_output.md5（sha256 一致）
D:\stroke_apa	data/attract/bindz-rbp/tests/integration/expected_output.txt	STAGED	data_frozen/v5_1_data/attract/bindz-rbp/tests/integration/expected_output.txt（sha256 一致）
D:\stroke_apa	data/attract/bindz-rbp/tests/integration/expected_output_singularity.md5	STAGED	data_frozen/v5_1_data/attract/bindz-rbp/tests/integration/expected_output_singularity.md5（sha256 一致）
D:\stroke_apa	data/attract/bindz-rbp/tests/integration/SLURM-cluster-config.json	STAGED	data_frozen/v5_1_data/attract/bindz-rbp/tests/integration/SLURM-cluster-config.json（sha256 一致）
D:\stroke_apa	data/attract/bindz-rbp/tests/integration/execution/snakemake_cluster_run_conda_environments.sh	STAGED	data_frozen/v5_1_data/attract/bindz-rbp/tests/integration/execution/snakemake_cluster_run_conda_environments.sh（sha256 一致）
D:\stroke_apa	data/attract/bindz-rbp/tests/integration/execution/snakemake_cluster_run_singularity_containers.sh	STAGED	data_frozen/v5_1_data/attract/bindz-rbp/tests/integration/execution/snakemake_cluster_run_singularity_containers.sh（sha256 一致）
D:\stroke_apa	data/attract/bindz-rbp/tests/integration/execution/snakemake_dag_run.sh	STAGED	data_frozen/v5_1_data/attract/bindz-rbp/tests/integration/execution/snakemake_dag_run.sh（sha256 一致）
D:\stroke_apa	data/attract/bindz-rbp/tests/integration/execution/snakemake_local_run_conda_environments.sh	STAGED	data_frozen/v5_1_data/attract/bindz-rbp/tests/integration/execution/snakemake_local_run_conda_environments.sh（sha256 一致）
D:\stroke_apa	data/attract/bindz-rbp/tests/integration/execution/snakemake_local_run_singularity_containers.sh	STAGED	data_frozen/v5_1_data/attract/bindz-rbp/tests/integration/execution/snakemake_local_run_singularity_containers.sh（sha256 一致）
D:\stroke_apa	data/attract/bindz-rbp/tests/integration/execution/snakemake_local_run_singularity_environments.sh	STAGED	data_frozen/v5_1_data/attract/bindz-rbp/tests/integration/execution/snakemake_local_run_singularity_environments.sh（sha256 一致）
D:\stroke_apa	data/attract/bindz-rbp/tests/integration/execution/snakemake_rulegraph_run.sh	STAGED	data_frozen/v5_1_data/attract/bindz-rbp/tests/integration/execution/snakemake_rulegraph_run.sh（sha256 一致）
D:\stroke_apa	data/attract/bindz-rbp/tests/integration/pwm/motif_HNRNPF_820	STAGED	data_frozen/v5_1_data/attract/bindz-rbp/tests/integration/pwm/motif_HNRNPF_820（sha256 一致）
D:\stroke_apa	data/attract/bindz-rbp/tests/integration/pwm/motif_HNRNPF_821	STAGED	data_frozen/v5_1_data/attract/bindz-rbp/tests/integration/pwm/motif_HNRNPF_821（sha256 一致）
D:\stroke_apa	data/attract/bindz-rbp/tests/integration/pwm/motif_HNRNPF_822	STAGED	data_frozen/v5_1_data/attract/bindz-rbp/tests/integration/pwm/motif_HNRNPF_822（sha256 一致）
D:\stroke_apa	data/attract/bindz-rbp/tests/integration/pwm/motif_HNRNPF_823	STAGED	data_frozen/v5_1_data/attract/bindz-rbp/tests/integration/pwm/motif_HNRNPF_823（sha256 一致）
D:\stroke_apa	data/attract/bindz-rbp/tests/integration/pwm/motif_HNRNPF_824	STAGED	data_frozen/v5_1_data/attract/bindz-rbp/tests/integration/pwm/motif_HNRNPF_824（sha256 一致）
D:\stroke_apa	data/attract/bindz-rbp/tests/integration/pwm/motif_HNRNPF_825	STAGED	data_frozen/v5_1_data/attract/bindz-rbp/tests/integration/pwm/motif_HNRNPF_825（sha256 一致）
D:\stroke_apa	data/attract/bindz-rbp/tests/integration/pwm/motif_HNRNPF_826	STAGED	data_frozen/v5_1_data/attract/bindz-rbp/tests/integration/pwm/motif_HNRNPF_826（sha256 一致）
D:\stroke_apa	data/attract/bindz-rbp/tests/integration/pwm/motif_HNRNPF_827	STAGED	data_frozen/v5_1_data/attract/bindz-rbp/tests/integration/pwm/motif_HNRNPF_827（sha256 一致）
D:\stroke_apa	data/attract/bindz-rbp/tests/integration/pwm/motif_HNRNPF_828	STAGED	data_frozen/v5_1_data/attract/bindz-rbp/tests/integration/pwm/motif_HNRNPF_828（sha256 一致）
D:\stroke_apa	data/attract/bindz-rbp/tests/integration/pwm/motif_HNRNPF_829	STAGED	data_frozen/v5_1_data/attract/bindz-rbp/tests/integration/pwm/motif_HNRNPF_829（sha256 一致）
D:\stroke_apa	data/attract/bindz-rbp/tests/unit/combine_results/expected_output.md5	STAGED	data_frozen/v5_1_data/attract/bindz-rbp/tests/unit/combine_results/expected_output.md5（sha256 一致）
D:\stroke_apa	data/attract/bindz-rbp/tests/unit/combine_results/expected_output.txt	STAGED	data_frozen/v5_1_data/attract/bindz-rbp/tests/unit/combine_results/expected_output.txt（sha256 一致）
D:\stroke_apa	data/attract/bindz-rbp/tests/unit/combine_results/motif_HNRNPF_820/posteriors	STAGED	data_frozen/v5_1_data/attract/bindz-rbp/tests/unit/combine_results/motif_HNRNPF_820/posteriors（sha256 一致）
D:\stroke_apa	data/attract/bindz-rbp/tests/unit/combine_results/motif_HNRNPF_820/posterior_sites	STAGED	data_frozen/v5_1_data/attract/bindz-rbp/tests/unit/combine_results/motif_HNRNPF_820/posterior_sites（sha256 一致）
D:\stroke_apa	data/attract/bindz-rbp/tests/unit/combine_results/motif_HNRNPF_821/posteriors	STAGED	data_frozen/v5_1_data/attract/bindz-rbp/tests/unit/combine_results/motif_HNRNPF_821/posteriors（sha256 一致）
D:\stroke_apa	data/attract/bindz-rbp/tests/unit/combine_results/motif_HNRNPF_821/posterior_sites	STAGED	data_frozen/v5_1_data/attract/bindz-rbp/tests/unit/combine_results/motif_HNRNPF_821/posterior_sites（sha256 一致）
D:\stroke_apa	data/attract/bindz-rbp/tests/unit/combine_results/motif_HNRNPF_822/posteriors	STAGED	data_frozen/v5_1_data/attract/bindz-rbp/tests/unit/combine_results/motif_HNRNPF_822/posteriors（sha256 一致）
D:\stroke_apa	data/attract/bindz-rbp/tests/unit/combine_results/motif_HNRNPF_822/posterior_sites	STAGED	data_frozen/v5_1_data/attract/bindz-rbp/tests/unit/combine_results/motif_HNRNPF_822/posterior_sites（sha256 一致）
D:\stroke_apa	data/attract/bindz-rbp/tests/unit/combine_results/motif_HNRNPF_823/posteriors	STAGED	data_frozen/v5_1_data/attract/bindz-rbp/tests/unit/combine_results/motif_HNRNPF_823/posteriors（sha256 一致）
D:\stroke_apa	data/attract/bindz-rbp/tests/unit/combine_results/motif_HNRNPF_823/posterior_sites	STAGED	data_frozen/v5_1_data/attract/bindz-rbp/tests/unit/combine_results/motif_HNRNPF_823/posterior_sites（sha256 一致）
D:\stroke_apa	data/attract/bindz-rbp/tests/unit/combine_results/motif_HNRNPF_824/posteriors	STAGED	data_frozen/v5_1_data/attract/bindz-rbp/tests/unit/combine_results/motif_HNRNPF_824/posteriors（sha256 一致）
D:\stroke_apa	data/attract/bindz-rbp/tests/unit/combine_results/motif_HNRNPF_824/posterior_sites	STAGED	data_frozen/v5_1_data/attract/bindz-rbp/tests/unit/combine_results/motif_HNRNPF_824/posterior_sites（sha256 一致）
D:\stroke_apa	data/attract/bindz-rbp/tests/unit/format-ATtRACT-motifs/expected_output_hsa.md5	STAGED	data_frozen/v5_1_data/attract/bindz-rbp/tests/unit/format-ATtRACT-motifs/expected_output_hsa.md5（sha256 一致）
D:\stroke_apa	data/attract/bindz-rbp/tests/unit/format-ATtRACT-motifs/expected_output_hsa.txt	STAGED	data_frozen/v5_1_data/attract/bindz-rbp/tests/unit/format-ATtRACT-motifs/expected_output_hsa.txt（sha256 一致）
D:\stroke_apa	data/attract/bindz-rbp/tests/unit/format-ATtRACT-motifs/expected_output_mmu.md5	STAGED	data_frozen/v5_1_data/attract/bindz-rbp/tests/unit/format-ATtRACT-motifs/expected_output_mmu.md5（sha256 一致）
D:\stroke_apa	data/attract/bindz-rbp/tests/unit/format-ATtRACT-motifs/expected_output_mmu.txt	STAGED	data_frozen/v5_1_data/attract/bindz-rbp/tests/unit/format-ATtRACT-motifs/expected_output_mmu.txt（sha256 一致）
D:\stroke_apa	data/attract/bindz-rbp/tests/unit/format-ATtRACT-motifs/ATtRACT/ATtRACT_db.txt	STAGED	data_frozen/v5_1_data/attract/bindz-rbp/tests/unit/format-ATtRACT-motifs/ATtRACT/ATtRACT_db.txt（sha256 一致）
D:\stroke_apa	data/attract/bindz-rbp/tests/unit/format-ATtRACT-motifs/ATtRACT/pwm.txt	STAGED	data_frozen/v5_1_data/attract/bindz-rbp/tests/unit/format-ATtRACT-motifs/ATtRACT/pwm.txt（sha256 一致）
D:\stroke_apa	data/attract/bindz-rbp/tests/unit/format-ATtRACT-motifs/ATtRACT/README.txt	STAGED	data_frozen/v5_1_data/attract/bindz-rbp/tests/unit/format-ATtRACT-motifs/ATtRACT/README.txt（sha256 一致）
D:\stroke_apa	data/attract/bindz-rbp/tests/unit/Plot-heatmap-for-motifs/combined_MotEvo_results.tsv	STAGED	data_frozen/v5_1_data/attract/bindz-rbp/tests/unit/Plot-heatmap-for-motifs/combined_MotEvo_results.tsv（sha256 一致）
D:\stroke_apa	data/attract/bindz-rbp/tests/unit/Plot-heatmap-for-motifs/expected_output.md5	STAGED	data_frozen/v5_1_data/attract/bindz-rbp/tests/unit/Plot-heatmap-for-motifs/expected_output.md5（sha256 一致）
D:\stroke_apa	data/attract/bindz-rbp/tests/unit/Plot-heatmap-for-motifs/expected_output.txt	STAGED	data_frozen/v5_1_data/attract/bindz-rbp/tests/unit/Plot-heatmap-for-motifs/expected_output.txt（sha256 一致）
D:\stroke_apa	data/attract/bindz-rbp/tests/unit/Plot-heatmap-for-motifs/sequence_logos/motif_HNRNPF_820.png	STAGED	data_frozen/v5_1_data/attract/bindz-rbp/tests/unit/Plot-heatmap-for-motifs/sequence_logos/motif_HNRNPF_820.png（sha256 一致）
D:\stroke_apa	data/attract/bindz-rbp/tests/unit/Plot-heatmap-for-motifs/sequence_logos/motif_HNRNPF_821.png	STAGED	data_frozen/v5_1_data/attract/bindz-rbp/tests/unit/Plot-heatmap-for-motifs/sequence_logos/motif_HNRNPF_821.png（sha256 一致）
D:\stroke_apa	data/attract/bindz-rbp/tests/unit/Plot-heatmap-for-motifs/sequence_logos/motif_HNRNPF_822.png	STAGED	data_frozen/v5_1_data/attract/bindz-rbp/tests/unit/Plot-heatmap-for-motifs/sequence_logos/motif_HNRNPF_822.png（sha256 一致）
D:\stroke_apa	data/attract/bindz-rbp/tests/unit/Plot-heatmap-for-motifs/sequence_logos/motif_HNRNPF_823.png	STAGED	data_frozen/v5_1_data/attract/bindz-rbp/tests/unit/Plot-heatmap-for-motifs/sequence_logos/motif_HNRNPF_823.png（sha256 一致）
D:\stroke_apa	data/attract/bindz-rbp/tests/unit/Plot-heatmap-for-motifs/sequence_logos/motif_HNRNPF_824.png	STAGED	data_frozen/v5_1_data/attract/bindz-rbp/tests/unit/Plot-heatmap-for-motifs/sequence_logos/motif_HNRNPF_824.png（sha256 一致）
D:\stroke_apa	data/attract/bindz-rbp/tests/unit/Plot-heatmap-for-motifs/sequence_logos/motif_HNRNPF_825.png	STAGED	data_frozen/v5_1_data/attract/bindz-rbp/tests/unit/Plot-heatmap-for-motifs/sequence_logos/motif_HNRNPF_825.png（sha256 一致）
D:\stroke_apa	data/attract/bindz-rbp/tests/unit/Plot-heatmap-for-motifs/sequence_logos/motif_HNRNPF_826.png	STAGED	data_frozen/v5_1_data/attract/bindz-rbp/tests/unit/Plot-heatmap-for-motifs/sequence_logos/motif_HNRNPF_826.png（sha256 一致）
D:\stroke_apa	data/attract/bindz-rbp/tests/unit/Plot-heatmap-for-motifs/sequence_logos/motif_HNRNPF_827.png	STAGED	data_frozen/v5_1_data/attract/bindz-rbp/tests/unit/Plot-heatmap-for-motifs/sequence_logos/motif_HNRNPF_827.png（sha256 一致）
D:\stroke_apa	data/attract/bindz-rbp/tests/unit/Plot-heatmap-for-motifs/sequence_logos/motif_HNRNPF_828.png	STAGED	data_frozen/v5_1_data/attract/bindz-rbp/tests/unit/Plot-heatmap-for-motifs/sequence_logos/motif_HNRNPF_828.png（sha256 一致）
D:\stroke_apa	data/attract/bindz-rbp/tests/unit/Plot-heatmap-for-motifs/sequence_logos/motif_HNRNPF_829.png	STAGED	data_frozen/v5_1_data/attract/bindz-rbp/tests/unit/Plot-heatmap-for-motifs/sequence_logos/motif_HNRNPF_829.png（sha256 一致）
D:\stroke_apa	data/attract/bindz-rbp/tests/unit/plot_sequence_logos/expected_output.md5	STAGED	data_frozen/v5_1_data/attract/bindz-rbp/tests/unit/plot_sequence_logos/expected_output.md5（sha256 一致）
D:\stroke_apa	data/attract/bindz-rbp/tests/unit/plot_sequence_logos/expected_output.txt	STAGED	data_frozen/v5_1_data/attract/bindz-rbp/tests/unit/plot_sequence_logos/expected_output.txt（sha256 一致）
D:\stroke_apa	data/attract/bindz-rbp/tests/unit/plot_sequence_logos/motif_HNRNPF_820	STAGED	data_frozen/v5_1_data/attract/bindz-rbp/tests/unit/plot_sequence_logos/motif_HNRNPF_820（sha256 一致）
D:\stroke_apa	data/attract/bindz-rbp/tests/unit/plot_sequence_logos/motif_HNRNPF_821	STAGED	data_frozen/v5_1_data/attract/bindz-rbp/tests/unit/plot_sequence_logos/motif_HNRNPF_821（sha256 一致）
D:\stroke_apa	data/attract/bindz-rbp/tests/unit/plot_sequence_logos/motif_HNRNPF_822	STAGED	data_frozen/v5_1_data/attract/bindz-rbp/tests/unit/plot_sequence_logos/motif_HNRNPF_822（sha256 一致）
D:\stroke_apa	data/attract/bindz-rbp/tests/unit/plot_sequence_logos/motif_HNRNPF_823	STAGED	data_frozen/v5_1_data/attract/bindz-rbp/tests/unit/plot_sequence_logos/motif_HNRNPF_823（sha256 一致）
D:\stroke_apa	data/attract/bindz-rbp/tests/unit/plot_sequence_logos/motif_HNRNPF_824	STAGED	data_frozen/v5_1_data/attract/bindz-rbp/tests/unit/plot_sequence_logos/motif_HNRNPF_824（sha256 一致）
D:\stroke_apa	data/attract/bindz-rbp/workflow/documentation.md	STAGED	data_frozen/v5_1_data/attract/bindz-rbp/workflow/documentation.md（sha256 一致）
D:\stroke_apa	data/attract/bindz-rbp/workflow/Snakefile	STAGED	data_frozen/v5_1_data/attract/bindz-rbp/workflow/Snakefile（sha256 一致）
D:\stroke_apa	data/attract/bindz-rbp/workflow/config/config-template.yml	STAGED	data_frozen/v5_1_data/attract/bindz-rbp/workflow/config/config-template.yml（sha256 一致）
D:\stroke_apa	data/attract/bindz-rbp/workflow/config/SLURM-cluster-config.json	STAGED	data_frozen/v5_1_data/attract/bindz-rbp/workflow/config/SLURM-cluster-config.json（sha256 一致）
D:\stroke_apa	data/attract/bindz-rbp/workflow/envs/bash.yml	STAGED	data_frozen/v5_1_data/attract/bindz-rbp/workflow/envs/bash.yml（sha256 一致）
D:\stroke_apa	data/attract/bindz-rbp/workflow/envs/combine-motevo-results.yml	STAGED	data_frozen/v5_1_data/attract/bindz-rbp/workflow/envs/combine-motevo-results.yml（sha256 一致）
D:\stroke_apa	data/attract/bindz-rbp/workflow/envs/motevo.yml	STAGED	data_frozen/v5_1_data/attract/bindz-rbp/workflow/envs/motevo.yml（sha256 一致）
D:\stroke_apa	data/attract/bindz-rbp/workflow/envs/plot_heatmap_of_MotEvo_results.yml	STAGED	data_frozen/v5_1_data/attract/bindz-rbp/workflow/envs/plot_heatmap_of_MotEvo_results.yml（sha256 一致）
D:\stroke_apa	data/attract/bindz-rbp/workflow/envs/plot_sequence_logos.yml	STAGED	data_frozen/v5_1_data/attract/bindz-rbp/workflow/envs/plot_sequence_logos.yml（sha256 一致）
D:\stroke_apa	data/attract/bindz-rbp/workflow/scripts/combine-motevo-results.py	STAGED	data_frozen/v5_1_data/attract/bindz-rbp/workflow/scripts/combine-motevo-results.py（sha256 一致）
D:\stroke_apa	data/attract/bindz-rbp/workflow/scripts/heatmap.r	STAGED	data_frozen/v5_1_data/attract/bindz-rbp/workflow/scripts/heatmap.r（sha256 一致）
D:\stroke_apa	data/attract/bindz-rbp/workflow/scripts/sequence_logos.py	STAGED	data_frozen/v5_1_data/attract/bindz-rbp/workflow/scripts/sequence_logos.py（sha256 一致）
D:\stroke_apa	data/GSE146935/GSE146935_RAW.tar	STAGED	data_frozen/v5_1_data/GSE146935/GSE146935_RAW.tar（sha256 一致）
D:\stroke_apa	data/GSE147119/41467_2021_21703_Article_IEq1.gif	REGENERABLE	GEO GSE147119 原始补充，peaks 冻结副本在 input_links
D:\stroke_apa	data/GSE147119/41467_2021_21703_Article_IEq2.gif	REGENERABLE	GEO GSE147119 原始补充，peaks 冻结副本在 input_links
D:\stroke_apa	data/GSE147119/41467_2021_21703_Fig1_HTML.gif	REGENERABLE	GEO GSE147119 原始补充，peaks 冻结副本在 input_links
D:\stroke_apa	data/GSE147119/41467_2021_21703_Fig1_HTML.jpg	REGENERABLE	GEO GSE147119 原始补充，peaks 冻结副本在 input_links
D:\stroke_apa	data/GSE147119/41467_2021_21703_Fig2_HTML.gif	REGENERABLE	GEO GSE147119 原始补充，peaks 冻结副本在 input_links
D:\stroke_apa	data/GSE147119/41467_2021_21703_Fig2_HTML.jpg	REGENERABLE	GEO GSE147119 原始补充，peaks 冻结副本在 input_links
D:\stroke_apa	data/GSE147119/41467_2021_21703_Fig3_HTML.gif	REGENERABLE	GEO GSE147119 原始补充，peaks 冻结副本在 input_links
D:\stroke_apa	data/GSE147119/41467_2021_21703_Fig3_HTML.jpg	REGENERABLE	GEO GSE147119 原始补充，peaks 冻结副本在 input_links
D:\stroke_apa	data/GSE147119/41467_2021_21703_Fig4_HTML.gif	REGENERABLE	GEO GSE147119 原始补充，peaks 冻结副本在 input_links
D:\stroke_apa	data/GSE147119/41467_2021_21703_Fig4_HTML.jpg	REGENERABLE	GEO GSE147119 原始补充，peaks 冻结副本在 input_links
D:\stroke_apa	data/GSE147119/41467_2021_21703_Fig5_HTML.gif	REGENERABLE	GEO GSE147119 原始补充，peaks 冻结副本在 input_links
D:\stroke_apa	data/GSE147119/41467_2021_21703_Fig5_HTML.jpg	REGENERABLE	GEO GSE147119 原始补充，peaks 冻结副本在 input_links
D:\stroke_apa	data/GSE147119/41467_2021_21703_MOESM1_ESM.pdf	REGENERABLE	GEO GSE147119 原始补充，peaks 冻结副本在 input_links
D:\stroke_apa	data/GSE147119/41467_2021_21703_MOESM2_ESM.pdf	REGENERABLE	GEO GSE147119 原始补充，peaks 冻结副本在 input_links
D:\stroke_apa	data/GSE147119/41467_2021_21703_MOESM3_ESM.csv	REGENERABLE	GEO GSE147119 原始补充，peaks 冻结副本在 input_links
D:\stroke_apa	data/GSE147119/41467_2021_21703_MOESM4_ESM.csv	REGENERABLE	GEO GSE147119 原始补充，peaks 冻结副本在 input_links
D:\stroke_apa	data/GSE147119/41467_2021_21703_MOESM5_ESM.csv	REGENERABLE	GEO GSE147119 原始补充，peaks 冻结副本在 input_links
D:\stroke_apa	data/GSE147119/41467_2021_21703_MOESM6_ESM.csv	REGENERABLE	GEO GSE147119 原始补充，peaks 冻结副本在 input_links
D:\stroke_apa	data/GSE147119/41467_2021_21703_MOESM7_ESM.csv	REGENERABLE	GEO GSE147119 原始补充，peaks 冻结副本在 input_links
D:\stroke_apa	data/GSE147119/41467_2021_21703_MOESM8_ESM.pdf	REGENERABLE	GEO GSE147119 原始补充，peaks 冻结副本在 input_links
D:\stroke_apa	data/GSE147119/41467_2021_21703_MOESM9_ESM.xlsx	REGENERABLE	GEO GSE147119 原始补充，peaks 冻结副本在 input_links
D:\stroke_apa	data/GSE147119/supp.zip	REGENERABLE	GEO GSE147119 原始补充，peaks 冻结副本在 input_links
D:\stroke_apa	data/GSE238125/ena_filereport_PRJNA997998.tsv	STAGED	data_frozen/v5_1_data/GSE238125/ena_filereport_PRJNA997998.tsv（sha256 一致）
D:\stroke_apa	data/GSE263986/ena_titles.tsv	REGENERABLE	GEO GSE263986 xlsx，Set3 DE 结果已在 results/v5_1
D:\stroke_apa	data/GSE263986/GSE263986_ProcessedData.xlsx	REGENERABLE	GEO GSE263986 xlsx，Set3 DE 结果已在 results/v5_1
D:\stroke_apa	data/GSE263986/gse_series_matrix.txt.gz	REGENERABLE	GEO GSE263986 xlsx，Set3 DE 结果已在 results/v5_1
D:\stroke_apa	data/GSE286075/GSE286075_RAW.tar	STAGED	data_frozen/v5_1_data/GSE286075/GSE286075_RAW.tar（sha256 一致）
D:\stroke_apa	data/GSE286075/extract/GSM8717414_CTR1ReadsPerGene.out.tab.gz	STAGED	data_frozen/v5_1_data/GSE286075/extract/GSM8717414_CTR1ReadsPerGene.out.tab.gz（sha256 一致）
D:\stroke_apa	data/GSE286075/extract/GSM8717415_CTR2ReadsPerGene.out.tab.gz	STAGED	data_frozen/v5_1_data/GSE286075/extract/GSM8717415_CTR2ReadsPerGene.out.tab.gz（sha256 一致）
D:\stroke_apa	data/GSE286075/extract/GSM8717416_CTR3ReadsPerGene.out.tab.gz	STAGED	data_frozen/v5_1_data/GSE286075/extract/GSM8717416_CTR3ReadsPerGene.out.tab.gz（sha256 一致）
D:\stroke_apa	data/GSE286075/extract/GSM8717417_Stroke1ReadsPerGene.out.tab.gz	STAGED	data_frozen/v5_1_data/GSE286075/extract/GSM8717417_Stroke1ReadsPerGene.out.tab.gz（sha256 一致）
D:\stroke_apa	data/GSE286075/extract/GSM8717418_Stroke2ReadsPerGene.out.tab.gz	STAGED	data_frozen/v5_1_data/GSE286075/extract/GSM8717418_Stroke2ReadsPerGene.out.tab.gz（sha256 一致）
D:\stroke_apa	data/GSE286075/extract/GSM8717419_Stroke3ReadsPerGene.out.tab.gz	STAGED	data_frozen/v5_1_data/GSE286075/extract/GSM8717419_Stroke3ReadsPerGene.out.tab.gz（sha256 一致）
D:\stroke_apa	data/GSE330741/GSE330741_DNA_1_L1.counts.txt.gz	STAGED	data_frozen/v5_1_data/GSE330741/GSE330741_DNA_1_L1.counts.txt.gz（sha256 一致）
D:\stroke_apa	data/GSE330741/GSE330741_DNA_1_L2.counts.txt.gz	STAGED	data_frozen/v5_1_data/GSE330741/GSE330741_DNA_1_L2.counts.txt.gz（sha256 一致）
D:\stroke_apa	data/GSE330741/GSE330741_DNA_2_L1.counts.txt.gz	STAGED	data_frozen/v5_1_data/GSE330741/GSE330741_DNA_2_L1.counts.txt.gz（sha256 一致）
D:\stroke_apa	data/GSE330741/GSE330741_DNA_2_L2.counts.txt.gz	STAGED	data_frozen/v5_1_data/GSE330741/GSE330741_DNA_2_L2.counts.txt.gz（sha256 一致）
D:\stroke_apa	data/GSE330741/GSE330741_DNA_3_L1.counts.txt.gz	STAGED	data_frozen/v5_1_data/GSE330741/GSE330741_DNA_3_L1.counts.txt.gz（sha256 一致）
D:\stroke_apa	data/GSE330741/GSE330741_DNA_3_L2.counts.txt.gz	STAGED	data_frozen/v5_1_data/GSE330741/GSE330741_DNA_3_L2.counts.txt.gz（sha256 一致）
D:\stroke_apa	data/GSE330741/GSE330741_DNA_4_L1.counts.txt.gz	STAGED	data_frozen/v5_1_data/GSE330741/GSE330741_DNA_4_L1.counts.txt.gz（sha256 一致）
D:\stroke_apa	data/GSE330741/GSE330741_DNA_4_L2.counts.txt.gz	STAGED	data_frozen/v5_1_data/GSE330741/GSE330741_DNA_4_L2.counts.txt.gz（sha256 一致）
D:\stroke_apa	data/GSE330741/GSE330741_Post_1_L1.counts.txt.gz	STAGED	data_frozen/v5_1_data/GSE330741/GSE330741_Post_1_L1.counts.txt.gz（sha256 一致）
D:\stroke_apa	data/GSE330741/GSE330741_Post_1_L2.counts.txt.gz	STAGED	data_frozen/v5_1_data/GSE330741/GSE330741_Post_1_L2.counts.txt.gz（sha256 一致）
D:\stroke_apa	data/GSE330741/GSE330741_Post_2_L1.counts.txt.gz	STAGED	data_frozen/v5_1_data/GSE330741/GSE330741_Post_2_L1.counts.txt.gz（sha256 一致）
D:\stroke_apa	data/GSE330741/GSE330741_Post_2_L2.counts.txt.gz	STAGED	data_frozen/v5_1_data/GSE330741/GSE330741_Post_2_L2.counts.txt.gz（sha256 一致）
D:\stroke_apa	data/GSE330741/GSE330741_Post_3_L1.counts.txt.gz	STAGED	data_frozen/v5_1_data/GSE330741/GSE330741_Post_3_L1.counts.txt.gz（sha256 一致）
D:\stroke_apa	data/GSE330741/GSE330741_Post_3_L2.counts.txt.gz	STAGED	data_frozen/v5_1_data/GSE330741/GSE330741_Post_3_L2.counts.txt.gz（sha256 一致）
D:\stroke_apa	data/GSE330741/GSE330741_Post_4_L1.counts.txt.gz	STAGED	data_frozen/v5_1_data/GSE330741/GSE330741_Post_4_L1.counts.txt.gz（sha256 一致）
D:\stroke_apa	data/GSE330741/GSE330741_Post_4_L2.counts.txt.gz	STAGED	data_frozen/v5_1_data/GSE330741/GSE330741_Post_4_L2.counts.txt.gz（sha256 一致）
D:\stroke_apa	data/GSE330741/GSE330741_Post_5_L1.counts.txt.gz	STAGED	data_frozen/v5_1_data/GSE330741/GSE330741_Post_5_L1.counts.txt.gz（sha256 一致）
D:\stroke_apa	data/GSE330741/GSE330741_Post_5_L2.counts.txt.gz	STAGED	data_frozen/v5_1_data/GSE330741/GSE330741_Post_5_L2.counts.txt.gz（sha256 一致）
D:\stroke_apa	data/GSE330741/GSE330741_Post_6_L1.counts.txt.gz	STAGED	data_frozen/v5_1_data/GSE330741/GSE330741_Post_6_L1.counts.txt.gz（sha256 一致）
D:\stroke_apa	data/GSE330741/GSE330741_Post_6_L2.counts.txt.gz	STAGED	data_frozen/v5_1_data/GSE330741/GSE330741_Post_6_L2.counts.txt.gz（sha256 一致）
D:\stroke_apa	data/GSE330741/GSE330741_Pre_1_L1.counts.txt.gz	STAGED	data_frozen/v5_1_data/GSE330741/GSE330741_Pre_1_L1.counts.txt.gz（sha256 一致）
D:\stroke_apa	data/GSE330741/GSE330741_Pre_1_L2.counts.txt.gz	STAGED	data_frozen/v5_1_data/GSE330741/GSE330741_Pre_1_L2.counts.txt.gz（sha256 一致）
D:\stroke_apa	data/GSE330741/GSE330741_Pre_2_L1.counts.txt.gz	STAGED	data_frozen/v5_1_data/GSE330741/GSE330741_Pre_2_L1.counts.txt.gz（sha256 一致）
D:\stroke_apa	data/GSE330741/GSE330741_Pre_2_L2.counts.txt.gz	STAGED	data_frozen/v5_1_data/GSE330741/GSE330741_Pre_2_L2.counts.txt.gz（sha256 一致）
D:\stroke_apa	data/GSE330741/GSE330741_Pre_3_L1.counts.txt.gz	STAGED	data_frozen/v5_1_data/GSE330741/GSE330741_Pre_3_L1.counts.txt.gz（sha256 一致）
D:\stroke_apa	data/GSE330741/GSE330741_Pre_3_L2.counts.txt.gz	STAGED	data_frozen/v5_1_data/GSE330741/GSE330741_Pre_3_L2.counts.txt.gz（sha256 一致）
D:\stroke_apa	data/GSE330741/GSE330741_Pre_4_L1.counts.txt.gz	STAGED	data_frozen/v5_1_data/GSE330741/GSE330741_Pre_4_L1.counts.txt.gz（sha256 一致）
D:\stroke_apa	data/GSE330741/GSE330741_Pre_4_L2.counts.txt.gz	STAGED	data_frozen/v5_1_data/GSE330741/GSE330741_Pre_4_L2.counts.txt.gz（sha256 一致）
D:\stroke_apa	data/GSE330741/GSE330741_Pre_5_L1.counts.txt.gz	STAGED	data_frozen/v5_1_data/GSE330741/GSE330741_Pre_5_L1.counts.txt.gz（sha256 一致）
D:\stroke_apa	data/GSE330741/GSE330741_Pre_5_L2.counts.txt.gz	STAGED	data_frozen/v5_1_data/GSE330741/GSE330741_Pre_5_L2.counts.txt.gz（sha256 一致）
D:\stroke_apa	data/GSE330741/GSE330741_Pre_6_L1.counts.txt.gz	STAGED	data_frozen/v5_1_data/GSE330741/GSE330741_Pre_6_L1.counts.txt.gz（sha256 一致）
D:\stroke_apa	data/GSE330741/GSE330741_Pre_6_L2.counts.txt.gz	STAGED	data_frozen/v5_1_data/GSE330741/GSE330741_Pre_6_L2.counts.txt.gz（sha256 一致）
D:\stroke_apa	data/GSE74456/GSE74456_RAW.tar	STAGED	data_frozen/v5_1_data/GSE74456/GSE74456_RAW.tar（sha256 一致）
D:\stroke_apa	data/GSE74456/GSM1920988_CtxPre1.count.txt.gz	STAGED	data_frozen/v5_1_data/GSE74456/GSM1920988_CtxPre1.count.txt.gz（sha256 一致）
D:\stroke_apa	data/GSE74456/GSM1920989_CtxPre2.count.txt.gz	STAGED	data_frozen/v5_1_data/GSE74456/GSM1920989_CtxPre2.count.txt.gz（sha256 一致）
D:\stroke_apa	data/GSE74456/GSM1920990_CtxPre3.count.txt.gz	STAGED	data_frozen/v5_1_data/GSE74456/GSM1920990_CtxPre3.count.txt.gz（sha256 一致）
D:\stroke_apa	data/GSE74456/GSM1920991_CtxTRAP1.count.txt.gz	STAGED	data_frozen/v5_1_data/GSE74456/GSM1920991_CtxTRAP1.count.txt.gz（sha256 一致）
D:\stroke_apa	data/GSE74456/GSM1920992_CtxTRAP2.count.txt.gz	STAGED	data_frozen/v5_1_data/GSE74456/GSM1920992_CtxTRAP2.count.txt.gz（sha256 一致）
D:\stroke_apa	data/GSE74456/GSM1920993_CtxTRAP3.count.txt.gz	STAGED	data_frozen/v5_1_data/GSE74456/GSM1920993_CtxTRAP3.count.txt.gz（sha256 一致）
D:\stroke_apa	data/GSE74456/GSM1920994_PAPpre1.count.txt.gz	STAGED	data_frozen/v5_1_data/GSE74456/GSM1920994_PAPpre1.count.txt.gz（sha256 一致）
D:\stroke_apa	data/GSE74456/GSM1920995_PAPpre2.count.txt.gz	STAGED	data_frozen/v5_1_data/GSE74456/GSM1920995_PAPpre2.count.txt.gz（sha256 一致）
D:\stroke_apa	data/GSE74456/GSM1920996_PAPpre3.count.txt.gz	STAGED	data_frozen/v5_1_data/GSE74456/GSM1920996_PAPpre3.count.txt.gz（sha256 一致）
D:\stroke_apa	data/GSE74456/GSM1920997_PAPTRAP1.count.txt.gz	STAGED	data_frozen/v5_1_data/GSE74456/GSM1920997_PAPTRAP1.count.txt.gz（sha256 一致）
D:\stroke_apa	data/GSE74456/GSM1920998_PAPTRAP2.count.txt.gz	STAGED	data_frozen/v5_1_data/GSE74456/GSM1920998_PAPTRAP2.count.txt.gz（sha256 一致）
D:\stroke_apa	data/GSE74456/GSM1920999_PAPTRAP3.count.txt.gz	STAGED	data_frozen/v5_1_data/GSE74456/GSM1920999_PAPTRAP3.count.txt.gz（sha256 一致）
D:\stroke_apa	docs/研究方案v3_source_20260920.docx	STAGED	docs/v5_1/docs_internal/研究方案v3_source_20260920.docx（sha256 一致）
D:\stroke_apa	memory/2026-09-16.md	STAGED	docs/v5_1/memory/2026-09-16.md（sha256 一致）
D:\stroke_apa	memory/2026-09-17.md	STAGED	docs/v5_1/memory/2026-09-17.md（sha256 一致）
D:\stroke_apa	memory/2026-09-18.md	STAGED	docs/v5_1/memory/2026-09-18.md（sha256 一致）
D:\stroke_apa	memory/2026-09-19.md	STAGED	docs/v5_1/memory/2026-09-19.md（sha256 一致）
D:\stroke_apa	memory/2026-09-20.md	STAGED	docs/v5_1/memory/2026-09-20.md（sha256 一致）
D:\stroke_apa	results/data_inventory.tsv	STAGED	results/v5_1/data_inventory.tsv（sha256 一致）
D:\stroke_apa	results/final_answer_gene_list.tsv	RELEASE_ZIP	内容在 STROKE_APA_FINAL_DELIVERABLES_20260920.zip 内(basename+size 一致)
D:\stroke_apa	results/final_qa_pap_triple_factor.tsv	RELEASE_ZIP	内容在 STROKE_APA_FINAL_DELIVERABLES_20260920.zip 内(basename+size 一致)
D:\stroke_apa	results/p0_cell_audit_raw.tsv	RELEASE_ZIP	内容在 STROKE_APA_FINAL_DELIVERABLES_20260920.zip 内(basename+size 一致)
D:\stroke_apa	results/p0_regulator_quickcheck.tsv	RELEASE_ZIP	内容在 STROKE_APA_FINAL_DELIVERABLES_20260920.zip 内(basename+size 一致)
D:\stroke_apa	results/p0_regulator_quickcheck_Qk.tsv	RELEASE_ZIP	内容在 STROKE_APA_FINAL_DELIVERABLES_20260920.zip 内(basename+size 一致)
D:\stroke_apa	results/p1_07_run.log	RELEASE_ZIP	内容在 STROKE_APA_FINAL_DELIVERABLES_20260920.zip 内(basename+size 一致)
D:\stroke_apa	results/p1_07_sensitivity_summary.tsv	RELEASE_ZIP	内容在 STROKE_APA_FINAL_DELIVERABLES_20260920.zip 内(basename+size 一致)
D:\stroke_apa	results/p1_07_variant_DE_B_minus_doublet.tsv	RELEASE_ZIP	内容在 STROKE_APA_FINAL_DELIVERABLES_20260920.zip 内(basename+size 一致)
D:\stroke_apa	results/p1_07_variant_DE_C_minus_doublet_ambient.tsv	RELEASE_ZIP	内容在 STROKE_APA_FINAL_DELIVERABLES_20260920.zip 内(basename+size 一致)
D:\stroke_apa	results/p1_07_variant_regulators_B_minus_doublet.tsv	RELEASE_ZIP	内容在 STROKE_APA_FINAL_DELIVERABLES_20260920.zip 内(basename+size 一致)
D:\stroke_apa	results/p1_07_variant_regulators_C_minus_doublet_ambient.tsv	RELEASE_ZIP	内容在 STROKE_APA_FINAL_DELIVERABLES_20260920.zip 内(basename+size 一致)
D:\stroke_apa	results/p1_07_variant_subpop_B_minus_doublet.tsv	RELEASE_ZIP	内容在 STROKE_APA_FINAL_DELIVERABLES_20260920.zip 内(basename+size 一致)
D:\stroke_apa	results/p1_07_variant_subpop_C_minus_doublet_ambient.tsv	RELEASE_ZIP	内容在 STROKE_APA_FINAL_DELIVERABLES_20260920.zip 内(basename+size 一致)
D:\stroke_apa	results/p1_08_286075_205v409_appendix.md	RELEASE_ZIP	内容在 STROKE_APA_FINAL_DELIVERABLES_20260920.zip 内(basename+size 一致)
D:\stroke_apa	results/p1_08_grid_205v409.tsv	RELEASE_ZIP	内容在 STROKE_APA_FINAL_DELIVERABLES_20260920.zip 内(basename+size 一致)
D:\stroke_apa	results/p1_08_run.log	RELEASE_ZIP	内容在 STROKE_APA_FINAL_DELIVERABLES_20260920.zip 内(basename+size 一致)
D:\stroke_apa	results/p1_286075_paper_criteria_repro.tsv	RELEASE_ZIP	内容在 STROKE_APA_FINAL_DELIVERABLES_20260920.zip 内(basename+size 一致)
D:\stroke_apa	results/p1_all_cells_clusters.tsv	RELEASE_ZIP	内容在 STROKE_APA_FINAL_DELIVERABLES_20260920.zip 内(basename+size 一致)
D:\stroke_apa	results/p1_astrocyte_subpop_counts.tsv	RELEASE_ZIP	内容在 STROKE_APA_FINAL_DELIVERABLES_20260920.zip 内(basename+size 一致)
D:\stroke_apa	results/p1_cluster_markers.tsv	RELEASE_ZIP	内容在 STROKE_APA_FINAL_DELIVERABLES_20260920.zip 内(basename+size 一致)
D:\stroke_apa	results/p1_DE_homeostatic_astro.tsv	RELEASE_ZIP	内容在 STROKE_APA_FINAL_DELIVERABLES_20260920.zip 内(basename+size 一致)
D:\stroke_apa	results/p1_DE_overall_astro.tsv	RELEASE_ZIP	内容在 STROKE_APA_FINAL_DELIVERABLES_20260920.zip 内(basename+size 一致)
D:\stroke_apa	results/p1_DE_paired_GSE286075.tsv	RELEASE_ZIP	内容在 STROKE_APA_FINAL_DELIVERABLES_20260920.zip 内(basename+size 一致)
D:\stroke_apa	results/p1_DE_paired_GSE286075.wrongstrand.bak.tsv	RELEASE_ZIP	内容在 STROKE_APA_FINAL_DELIVERABLES_20260920.zip 内(basename+size 一致)
D:\stroke_apa	results/P1_frozen_params.md	RELEASE_ZIP	内容在 STROKE_APA_FINAL_DELIVERABLES_20260920.zip 内(basename+size 一致)
D:\stroke_apa	results/P1_module_summary.md	RELEASE_ZIP	内容在 STROKE_APA_FINAL_DELIVERABLES_20260920.zip 内(basename+size 一致)
D:\stroke_apa	results/p1_pseudobulk_astro_counts.tsv	RELEASE_ZIP	内容在 STROKE_APA_FINAL_DELIVERABLES_20260920.zip 内(basename+size 一致)
D:\stroke_apa	results/p1_pseudobulk_meta.tsv	RELEASE_ZIP	内容在 STROKE_APA_FINAL_DELIVERABLES_20260920.zip 内(basename+size 一致)
D:\stroke_apa	results/p1_qc_summary.tsv	RELEASE_ZIP	内容在 STROKE_APA_FINAL_DELIVERABLES_20260920.zip 内(basename+size 一致)
D:\stroke_apa	results/p1_regulator_catalog.tsv	RELEASE_ZIP	内容在 STROKE_APA_FINAL_DELIVERABLES_20260920.zip 内(basename+size 一致)
D:\stroke_apa	results/p1_regulator_catalog.wrongstrand.bak.tsv	RELEASE_ZIP	内容在 STROKE_APA_FINAL_DELIVERABLES_20260920.zip 内(basename+size 一致)
D:\stroke_apa	results/p1_rerun_log.txt	RELEASE_ZIP	内容在 STROKE_APA_FINAL_DELIVERABLES_20260920.zip 内(basename+size 一致)
D:\stroke_apa	results/P2_download_plan.md	RELEASE_ZIP	内容在 STROKE_APA_FINAL_DELIVERABLES_20260920.zip 内(basename+size 一致)
D:\stroke_apa	results/p2_full_merge_qc.tsv	RELEASE_ZIP	内容在 REANALYSIS_RESULTS_20260923.zip 内(basename+size 一致)
D:\stroke_apa	results/p2_full_pdui_matrix.tsv	RELEASE_ZIP	内容在 REANALYSIS_RESULTS_20260923.zip 内(basename+size 一致)
D:\stroke_apa	results/p2_full_qc_correlation.tsv	RELEASE_ZIP	内容在 REANALYSIS_RESULTS_20260923.zip 内(basename+size 一致)
D:\stroke_apa	results/p2_full_qc_pca.tsv	RELEASE_ZIP	内容在 REANALYSIS_RESULTS_20260923.zip 内(basename+size 一致)
D:\stroke_apa	results/p2_full_qc_sample_level.tsv	RELEASE_ZIP	内容在 REANALYSIS_RESULTS_20260923.zip 内(basename+size 一致)
D:\stroke_apa	results/p2_full_qc_stratified.tsv	RELEASE_ZIP	内容在 REANALYSIS_RESULTS_20260923.zip 内(basename+size 一致)
D:\stroke_apa	results/p2_gate_g2_evidence_extras.tsv	RELEASE_ZIP	内容在 STROKE_APA_FINAL_DELIVERABLES_20260920.zip 内(basename+size 一致)
D:\stroke_apa	results/p2_gate_g2_top_events.tsv	RELEASE_ZIP	内容在 STROKE_APA_FINAL_DELIVERABLES_20260920.zip 内(basename+size 一致)
D:\stroke_apa	results/p2_pilot_pdui_qc.tsv	RELEASE_ZIP	内容在 STROKE_APA_FINAL_DELIVERABLES_20260920.zip 内(basename+size 一致)
D:\stroke_apa	results/p2_pilot_pdui_qc_v1.tsv	RELEASE_ZIP	内容在 STROKE_APA_FINAL_DELIVERABLES_20260920.zip 内(basename+size 一致)
D:\stroke_apa	results/P2_SAP_frozen.md	RELEASE_ZIP	内容在 REANALYSIS_RESULTS_20260923.zip 内(basename+size 一致)
D:\stroke_apa	results/p2_sap_layer2_events.tsv	RELEASE_ZIP	内容在 REANALYSIS_RESULTS_20260923.zip 内(basename+size 一致)
D:\stroke_apa	results/p2_sap_layer2_omnibus.tsv	RELEASE_ZIP	内容在 STROKE_APA_FINAL_DELIVERABLES_20260920.zip 内(basename+size 一致)
D:\stroke_apa	results/p2_second_tool_chain.log	RELEASE_ZIP	内容在 STROKE_APA_FINAL_DELIVERABLES_20260920.zip 内(basename+size 一致)
D:\stroke_apa	results/p2_second_tool_chain2.log	RELEASE_ZIP	内容在 STROKE_APA_FINAL_DELIVERABLES_20260920.zip 内(basename+size 一致)
D:\stroke_apa	results/p2_second_tool_consistency.tsv	RELEASE_ZIP	内容在 REANALYSIS_RESULTS_20260923.zip 内(basename+size 一致)
D:\stroke_apa	results/p2_second_tool_top40_signs.tsv	RELEASE_ZIP	内容在 REANALYSIS_RESULTS_20260923.zip 内(basename+size 一致)
D:\stroke_apa	results/p3_fimo_chain.log	RELEASE_ZIP	内容在 STROKE_APA_FINAL_DELIVERABLES_20260920.zip 内(basename+size 一致)
D:\stroke_apa	results/p3_fimo_post.log	RELEASE_ZIP	内容在 STROKE_APA_FINAL_DELIVERABLES_20260920.zip 内(basename+size 一致)
D:\stroke_apa	results/p3_l4_conservation.log	RELEASE_ZIP	内容在 STROKE_APA_FINAL_DELIVERABLES_20260920.zip 内(basename+size 一致)
D:\stroke_apa	results/p3_level1_pairs.tsv	RELEASE_ZIP	内容在 STROKE_APA_FINAL_DELIVERABLES_20260920.zip 内(basename+size 一致)
D:\stroke_apa	results/p3_level1_pairs_draft.md	RELEASE_ZIP	内容在 STROKE_APA_FINAL_DELIVERABLES_20260920.zip 内(basename+size 一致)
D:\stroke_apa	results/p3_level2_qki_clip_peaks.bed	RELEASE_ZIP	内容在 REANALYSIS_RESULTS_20260923.zip 内(basename+size 一致)
D:\stroke_apa	results/p3_level2_qki_clip_peaks.bed.tsv	RELEASE_ZIP	内容在 STROKE_APA_FINAL_DELIVERABLES_20260920.zip 内(basename+size 一致)
D:\stroke_apa	results/p3_level2_qki_intersect.tsv	RELEASE_ZIP	内容在 STROKE_APA_FINAL_DELIVERABLES_20260920.zip 内(basename+size 一致)
D:\stroke_apa	results/p3_level2_qki_intersect_summary.tsv	RELEASE_ZIP	内容在 STROKE_APA_FINAL_DELIVERABLES_20260920.zip 内(basename+size 一致)
D:\stroke_apa	results/p3_level3_attract_regulator_motifs.tsv	RELEASE_ZIP	内容在 STROKE_APA_FINAL_DELIVERABLES_20260920.zip 内(basename+size 一致)
D:\stroke_apa	results/p3_level3_family_enrichment.tsv	RELEASE_ZIP	内容在 STROKE_APA_FINAL_DELIVERABLES_20260920.zip 内(basename+size 一致)
D:\stroke_apa	results/p3_level3_family_null_enrichment.tsv	RELEASE_ZIP	内容在 STROKE_APA_FINAL_DELIVERABLES_20260920.zip 内(basename+size 一致)
D:\stroke_apa	results/p3_level3_motif.tsv	RELEASE_ZIP	内容在 STROKE_APA_FINAL_DELIVERABLES_20260920.zip 内(basename+size 一致)
D:\stroke_apa	results/p3_m4_build.log	RELEASE_ZIP	内容在 STROKE_APA_FINAL_DELIVERABLES_20260920.zip 内(basename+size 一致)
D:\stroke_apa	results/p3_m4_build_win.log	RELEASE_ZIP	内容在 STROKE_APA_FINAL_DELIVERABLES_20260920.zip 内(basename+size 一致)
D:\stroke_apa	results/p3_m4_build_win2.log	RELEASE_ZIP	内容在 STROKE_APA_FINAL_DELIVERABLES_20260920.zip 内(basename+size 一致)
D:\stroke_apa	results/p3_m4_build_win3.log	RELEASE_ZIP	内容在 STROKE_APA_FINAL_DELIVERABLES_20260920.zip 内(basename+size 一致)
D:\stroke_apa	results/p3_m4_build_win4.log	RELEASE_ZIP	内容在 STROKE_APA_FINAL_DELIVERABLES_20260920.zip 内(basename+size 一致)
D:\stroke_apa	results/p3_m4_build_win5.log	RELEASE_ZIP	内容在 STROKE_APA_FINAL_DELIVERABLES_20260920.zip 内(basename+size 一致)
D:\stroke_apa	results/p3_m4_build_wsl.log	RELEASE_ZIP	内容在 STROKE_APA_FINAL_DELIVERABLES_20260920.zip 内(basename+size 一致)
D:\stroke_apa	results/p3_m4_build_wsl2.log	RELEASE_ZIP	内容在 STROKE_APA_FINAL_DELIVERABLES_20260920.zip 内(basename+size 一致)
D:\stroke_apa	results/p3_m4_build_wsl3.log	RELEASE_ZIP	内容在 STROKE_APA_FINAL_DELIVERABLES_20260920.zip 内(basename+size 一致)
D:\stroke_apa	results/p3_m4_enrichment.tsv	RELEASE_ZIP	内容在 STROKE_APA_FINAL_DELIVERABLES_20260920.zip 内(basename+size 一致)
D:\stroke_apa	results/p3_m4_gsea.tsv	RELEASE_ZIP	内容在 STROKE_APA_FINAL_DELIVERABLES_20260920.zip 内(basename+size 一致)
D:\stroke_apa	results/p3_m4_set1_paptrap_de.tsv	RELEASE_ZIP	内容在 STROKE_APA_FINAL_DELIVERABLES_20260920.zip 内(basename+size 一致)
D:\stroke_apa	results/p3_m4_set1_pap_enriched.txt	RELEASE_ZIP	内容在 STROKE_APA_FINAL_DELIVERABLES_20260920.zip 内(basename+size 一致)
D:\stroke_apa	results/p3_m4_set2_endfoot_background.txt	RELEASE_ZIP	内容在 STROKE_APA_FINAL_DELIVERABLES_20260920.zip 内(basename+size 一致)
D:\stroke_apa	results/p3_m4_set2_endfoot_de.txt	RELEASE_ZIP	内容在 STROKE_APA_FINAL_DELIVERABLES_20260920.zip 内(basename+size 一致)
D:\stroke_apa	results/p3_m4_set3_stroke_responsive_cortex.txt	RELEASE_ZIP	内容在 STROKE_APA_FINAL_DELIVERABLES_20260920.zip 内(basename+size 一致)
D:\stroke_apa	results/p3_m4_set3_stroke_responsive_whitematter.txt	RELEASE_ZIP	内容在 STROKE_APA_FINAL_DELIVERABLES_20260920.zip 内(basename+size 一致)
D:\stroke_apa	results/p3_m4_set3_zone_de_cortex.tsv	RELEASE_ZIP	内容在 STROKE_APA_FINAL_DELIVERABLES_20260920.zip 内(basename+size 一致)
D:\stroke_apa	results/p3_m4_set3_zone_de_whitematter.tsv	RELEASE_ZIP	内容在 STROKE_APA_FINAL_DELIVERABLES_20260920.zip 内(basename+size 一致)
D:\stroke_apa	results/p3_p4_event_annotation_matrix.tsv	RELEASE_ZIP	内容在 REANALYSIS_RESULTS_20260923.zip 内(basename+size 一致)
D:\stroke_apa	results/P4_03_evidence_class_frozen.md	RELEASE_ZIP	内容在 REANALYSIS_RESULTS_20260923.zip 内(basename+size 一致)
D:\stroke_apa	results/p4_candidate_cards.md	RELEASE_ZIP	内容在 REANALYSIS_RESULTS_20260923.zip 内(basename+size 一致)
D:\stroke_apa	results/p4_mpra_counts_long.tsv	RELEASE_ZIP	内容在 REANALYSIS_RESULTS_20260923.zip 内(basename+size 一致)
D:\stroke_apa	results/p4_top_b_class_candidates.tsv	RELEASE_ZIP	内容在 REANALYSIS_RESULTS_20260923.zip 内(basename+size 一致)
D:\stroke_apa	results/p5_redline_check.tsv	RELEASE_ZIP	内容在 REANALYSIS_RESULTS_20260923.zip 内(basename+size 一致)
D:\stroke_apa	results/p6_igv_package_README.md	STAGED	results/v5_1/p6_igv_package_README.md（sha256 一致）
D:\stroke_apa	results/fimo_calibration/cal_control/best_site.narrowPeak	RELEASE_ZIP	内容在 STROKE_APA_FINAL_DELIVERABLES_20260920.zip 内(basename+size 一致)
D:\stroke_apa	results/fimo_calibration/cal_control/cisml.xml	RELEASE_ZIP	内容在 STROKE_APA_FINAL_DELIVERABLES_20260920.zip 内(basename+size 一致)
D:\stroke_apa	results/fimo_calibration/cal_control/fimo.gff	RELEASE_ZIP	内容在 STROKE_APA_FINAL_DELIVERABLES_20260920.zip 内(basename+size 一致)
D:\stroke_apa	results/fimo_calibration/cal_control/fimo.html	RELEASE_ZIP	内容在 STROKE_APA_FINAL_DELIVERABLES_20260920.zip 内(basename+size 一致)
D:\stroke_apa	results/fimo_calibration/cal_control/fimo.tsv	STAGED	results/v5_1/fimo_calibration/cal_control/fimo.tsv（sha256 一致）
D:\stroke_apa	results/fimo_calibration/cal_control/fimo.xml	RELEASE_ZIP	内容在 STROKE_APA_FINAL_DELIVERABLES_20260920.zip 内(basename+size 一致)
D:\stroke_apa	results/fimo_seqs/lost_segments.bed	RELEASE_ZIP	内容在 STROKE_APA_FINAL_DELIVERABLES_20260920.zip 内(basename+size 一致)
D:\stroke_apa	results/fimo_seqs/null_segments.bed	RELEASE_ZIP	内容在 STROKE_APA_FINAL_DELIVERABLES_20260920.zip 内(basename+size 一致)
D:\stroke_apa	results/fimo_seqs/null_utr.bed	RELEASE_ZIP	内容在 STROKE_APA_FINAL_DELIVERABLES_20260920.zip 内(basename+size 一致)
D:\stroke_apa	results/fimo_seqs/pas_events.bed	RELEASE_ZIP	内容在 STROKE_APA_FINAL_DELIVERABLES_20260920.zip 内(basename+size 一致)
D:\stroke_apa	results/p1_astrocyte_clusters/umap_all_clusters.png	RELEASE_ZIP	内容在 STROKE_APA_FINAL_DELIVERABLES_20260920.zip 内(basename+size 一致)
D:\stroke_apa	results/p1_astrocyte_clusters/umap_astro_subpop.png	RELEASE_ZIP	内容在 STROKE_APA_FINAL_DELIVERABLES_20260920.zip 内(basename+size 一致)
D:\stroke_apa	reviews/Stroke_APA_v5.1_论证逻辑审计报告_20260918.md	STAGED	docs/v5_1/reviews/Stroke_APA_v5.1_论证逻辑审计报告_20260918.md（sha256 一致）
D:\stroke_apa	scripts/.keep	STAGED	scripts/v5_1/.keep（sha256 一致）
D:\stroke_apa	scripts/audit_fix_579.py	STAGED	scripts/v5_1/audit_fix_579.py（sha256 一致）
D:\stroke_apa	scripts/audit_fix_579_docs.py	STAGED	scripts/v5_1/audit_fix_579_docs.py（sha256 一致）
D:\stroke_apa	scripts/audit_fix_encoding_all.py	STAGED	scripts/v5_1/audit_fix_encoding_all.py（sha256 一致）
D:\stroke_apa	scripts/audit_fix_inventory.py	STAGED	scripts/v5_1/audit_fix_inventory.py（sha256 一致）
D:\stroke_apa	scripts/audit_fix_memory_encoding.py	STAGED	scripts/v5_1/audit_fix_memory_encoding.py（sha256 一致）
D:\stroke_apa	scripts/audit_pass1_numbers.py	STAGED	scripts/v5_1/audit_pass1_numbers.py（sha256 一致）
D:\stroke_apa	scripts/audit_pass5_fixes.py	STAGED	scripts/v5_1/audit_pass5_fixes.py（sha256 一致）
D:\stroke_apa	scripts/dbg_chr6_cost.py	STAGED	scripts/v5_1/dbg_chr6_cost.py（sha256 一致）
D:\stroke_apa	scripts/diag2.py	STAGED	scripts/v5_1/diag2.py（sha256 一致）
D:\stroke_apa	scripts/diag_286.py	STAGED	scripts/v5_1/diag_286.py（sha256 一致）
D:\stroke_apa	scripts/diag_286_strand.py	STAGED	scripts/v5_1/diag_286_strand.py（sha256 一致）
D:\stroke_apa	scripts/diag_cols.py	STAGED	scripts/v5_1/diag_cols.py（sha256 一致）
D:\stroke_apa	scripts/diag_var.py	STAGED	scripts/v5_1/diag_var.py（sha256 一致）
D:\stroke_apa	scripts/download_parallel.py	STAGED	scripts/v5_1/download_parallel.py（sha256 一致）
D:\stroke_apa	scripts/final_answer_lists.py	STAGED	scripts/v5_1/final_answer_lists.py（sha256 一致）
D:\stroke_apa	scripts/final_qa_extraction.py	STAGED	scripts/v5_1/final_qa_extraction.py（sha256 一致）
D:\stroke_apa	scripts/fix_286_symbols.py	STAGED	scripts/v5_1/fix_286_symbols.py（sha256 一致）
D:\stroke_apa	scripts/make_slim_3utr_bed.py	STAGED	scripts/v5_1/make_slim_3utr_bed.py（sha256 一致）
D:\stroke_apa	scripts/p0_load_audit.py	STAGED	scripts/v5_1/p0_load_audit.py（sha256 一致）
D:\stroke_apa	scripts/p0_qk_check.py	STAGED	scripts/v5_1/p0_qk_check.py（sha256 一致）
D:\stroke_apa	scripts/p0_quickcheck_rerun.py	STAGED	scripts/v5_1/p0_quickcheck_rerun.py（sha256 一致）
D:\stroke_apa	scripts/p1_07_doublet_ambient.py	STAGED	scripts/v5_1/p1_07_doublet_ambient.py（sha256 一致）
D:\stroke_apa	scripts/p1_08_205v409.py	STAGED	scripts/v5_1/p1_08_205v409.py（sha256 一致）
D:\stroke_apa	scripts/p1_08_verify_alt.py	STAGED	scripts/v5_1/p1_08_verify_alt.py（sha256 一致）
D:\stroke_apa	scripts/p1_de_catalog.py	STAGED	scripts/v5_1/p1_de_catalog.py（sha256 一致）
D:\stroke_apa	scripts/p1_qc_cluster.py	STAGED	scripts/v5_1/p1_qc_cluster.py（sha256 一致）
D:\stroke_apa	scripts/p2_dapars2_full_parallel.sh	RELEASE_ZIP	内容在 ATP2A2_IGV_CHECK_PACKAGE_20260920.zip 内(basename+size 一致)
D:\stroke_apa	scripts/p2_dapars2_run.sh	RELEASE_ZIP	内容在 ATP2A2_IGV_CHECK_PACKAGE_20260920.zip 内(basename+size 一致)
D:\stroke_apa	scripts/p2_dl_8runs.py	STAGED	scripts/v5_1/p2_dl_8runs.py（sha256 一致）
D:\stroke_apa	scripts/p2_dl_pilot.py	STAGED	scripts/v5_1/p2_dl_pilot.py（sha256 一致）
D:\stroke_apa	scripts/p2_download_fastq.py	STAGED	scripts/v5_1/p2_download_fastq.py（sha256 一致）
D:\stroke_apa	scripts/p2_ena_preflight.py	STAGED	scripts/v5_1/p2_ena_preflight.py（sha256 一致）
D:\stroke_apa	scripts/p2_full_merge_qc.py	STAGED	scripts/v5_1/p2_full_merge_qc.py（sha256 一致）
D:\stroke_apa	scripts/p2_full_status.sh	STAGED	scripts/v5_1/p2_full_status.sh（sha256 一致）
D:\stroke_apa	scripts/p2_gate_g2_evidence.py	STAGED	scripts/v5_1/p2_gate_g2_evidence.py（sha256 一致）
D:\stroke_apa	scripts/p2_gse238125_align.sh	RELEASE_ZIP	内容在 ATP2A2_IGV_CHECK_PACKAGE_20260920.zip 内(basename+size 一致)
D:\stroke_apa	scripts/p2_md5_check.py	STAGED	scripts/v5_1/p2_md5_check.py（sha256 一致）
D:\stroke_apa	scripts/p2_par_scaling_test.py	STAGED	scripts/v5_1/p2_par_scaling_test.py（sha256 一致）
D:\stroke_apa	scripts/p2_pilot_qc.py	STAGED	scripts/v5_1/p2_pilot_qc.py（sha256 一致）
D:\stroke_apa	scripts/p2_pilot_qc_wsl.py	STAGED	scripts/v5_1/p2_pilot_qc_wsl.py（sha256 一致）
D:\stroke_apa	scripts/p2_redo_sham1_2.py	STAGED	scripts/v5_1/p2_redo_sham1_2.py（sha256 一致）
D:\stroke_apa	scripts/p2_resume_sham1.py	STAGED	scripts/v5_1/p2_resume_sham1.py（sha256 一致）
D:\stroke_apa	scripts/p2_sample_map.tsv	RELEASE_ZIP	内容在 REANALYSIS_RESULTS_20260923.zip 内(basename+size 一致)
D:\stroke_apa	scripts/p2_sap_layer1_qc.py	STAGED	scripts/v5_1/p2_sap_layer1_qc.py（sha256 一致）
D:\stroke_apa	scripts/p2_sap_layer2_limma.R	STAGED	scripts/v5_1/p2_sap_layer2_limma.R（sha256 一致）
D:\stroke_apa	scripts/p2_second_tool_chain.sh	STAGED	scripts/v5_1/p2_second_tool_chain.sh（sha256 一致）
D:\stroke_apa	scripts/p2_second_tool_chain2.sh	STAGED	scripts/v5_1/p2_second_tool_chain2.sh（sha256 一致）
D:\stroke_apa	scripts/p2_second_tool_consistency.py	STAGED	scripts/v5_1/p2_second_tool_consistency.py（sha256 一致）
D:\stroke_apa	scripts/p2_sra_info.py	STAGED	scripts/v5_1/p2_sra_info.py（sha256 一致）
D:\stroke_apa	scripts/p2_verify_rename_user_dl.py	STAGED	scripts/v5_1/p2_verify_rename_user_dl.py（sha256 一致）
D:\stroke_apa	scripts/p3_02_m4_enrich.py	STAGED	scripts/v5_1/p3_02_m4_enrich.py（sha256 一致）
D:\stroke_apa	scripts/p3_04_matrix.py	STAGED	scripts/v5_1/p3_04_matrix.py（sha256 一致）
D:\stroke_apa	scripts/p3_fimo_chain.sh	STAGED	scripts/v5_1/p3_fimo_chain.sh（sha256 一致）
D:\stroke_apa	scripts/p3_fimo_finalize.py	STAGED	scripts/v5_1/p3_fimo_finalize.py（sha256 一致）
D:\stroke_apa	scripts/p3_fimo_finalize_v4.py	STAGED	scripts/v5_1/p3_fimo_finalize_v4.py（sha256 一致）
D:\stroke_apa	scripts/p3_fimo_makebeds.py	STAGED	scripts/v5_1/p3_fimo_makebeds.py（sha256 一致）
D:\stroke_apa	scripts/p3_fimo_nullbed.py	STAGED	scripts/v5_1/p3_fimo_nullbed.py（sha256 一致）
D:\stroke_apa	scripts/p3_fimo_nullbed_v2.py	STAGED	scripts/v5_1/p3_fimo_nullbed_v2.py（sha256 一致）
D:\stroke_apa	scripts/p3_fimo_nullscan.sh	STAGED	scripts/v5_1/p3_fimo_nullscan.sh（sha256 一致）
D:\stroke_apa	scripts/p3_fimo_post.sh	STAGED	scripts/v5_1/p3_fimo_post.sh（sha256 一致）
D:\stroke_apa	scripts/p3_fimo_prep.py	STAGED	scripts/v5_1/p3_fimo_prep.py（sha256 一致）
D:\stroke_apa	scripts/p3_l4_conservation.sh	STAGED	scripts/v5_1/p3_l4_conservation.sh（sha256 一致）
D:\stroke_apa	scripts/p3_l4_merge.py	STAGED	scripts/v5_1/p3_l4_merge.py（sha256 一致）
D:\stroke_apa	scripts/p3_l4_overlap.py	STAGED	scripts/v5_1/p3_l4_overlap.py（sha256 一致）
D:\stroke_apa	scripts/p3_l4_proxyspeed.sh	STAGED	scripts/v5_1/p3_l4_proxyspeed.sh（sha256 一致）
D:\stroke_apa	scripts/p3_m4_gsea.R	STAGED	scripts/v5_1/p3_m4_gsea.R（sha256 一致）
D:\stroke_apa	scripts/p3_m4_reference_sets.py	STAGED	scripts/v5_1/p3_m4_reference_sets.py（sha256 一致）
D:\stroke_apa	scripts/p3_m4_reference_sets_wsl.py	STAGED	scripts/v5_1/p3_m4_reference_sets_wsl.py（sha256 一致）
D:\stroke_apa	scripts/p4_candidate_cards.py	STAGED	scripts/v5_1/p4_candidate_cards.py（sha256 一致）
D:\stroke_apa	scripts/p5_render_html.py	STAGED	scripts/v5_1/p5_render_html.py（sha256 一致）
D:\stroke_apa	scripts/p6_filter_candidates.py	STAGED	scripts/v5_1/p6_filter_candidates.py（sha256 一致）
D:\stroke_apa	scripts/p6_igv_slices.sh	STAGED	scripts/v5_1/p6_igv_slices.sh（sha256 一致）
D:\stroke_apa	scripts/p6_read_docx.py	STAGED	scripts/v5_1/p6_read_docx.py（sha256 一致）
D:\stroke_apa	scripts/probe_wig_load.py	STAGED	scripts/v5_1/probe_wig_load.py（sha256 一致）
D:\stroke_apa	scripts/rebuild_3utr_bed.py	STAGED	scripts/v5_1/rebuild_3utr_bed.py（sha256 一致）
D:\stroke_apa	scripts/rebuild_sym_h5ad.py	STAGED	scripts/v5_1/rebuild_sym_h5ad.py（sha256 一致）
D:\stroke_apa	scripts/rlimma_smoke.R	STAGED	scripts/v5_1/rlimma_smoke.R（sha256 一致）
D:\stroke_apa	scripts/todo_g3_p4_update.py	STAGED	scripts/v5_1/todo_g3_p4_update.py（sha256 一致）
D:\stroke_apa	scripts/todo_g4_update.py	STAGED	scripts/v5_1/todo_g4_update.py（sha256 一致）
D:\stroke_apa	scripts/todo_g5_update.py	STAGED	scripts/v5_1/todo_g5_update.py（sha256 一致）
D:\stroke_apa	scripts/wsl_probe.sh	STAGED	scripts/v5_1/wsl_probe.sh（sha256 一致）
D:\stroke_apa_reanalysis	.gitignore	STAGED	docs/reanalysis/dot_gitignore.reanalysis（sha256 一致）
D:\stroke_apa_reanalysis	01_研究Proposal.md	RELEASE_ZIP	内容在 REANALYSIS_RESULTS_20260923.zip 内(basename+size 一致)
D:\stroke_apa_reanalysis	02_项目TODO.md	RELEASE_ZIP	内容在 REANALYSIS_RESULTS_20260923.zip 内(basename+size 一致)
D:\stroke_apa_reanalysis	PROJECT_FULL_REPORT.md	RELEASE_ZIP	内容在 REANALYSIS_RESULTS_20260923.zip 内(basename+size 一致)
D:\stroke_apa_reanalysis	README.md	RELEASE_ZIP	内容在 REANALYSIS_RESULTS_20260923.zip 内(basename+size 一致)
D:\stroke_apa_reanalysis	REANALYSIS_FINAL_REPORT.md	RELEASE_ZIP	内容在 REANALYSIS_RESULTS_20260923.zip 内(basename+size 一致)
D:\stroke_apa_reanalysis	REANALYSIS_RESULTS_20260921.zip	RELEASE_ZIP	REANALYSIS_RESULTS_20260921.zip
D:\stroke_apa_reanalysis	REANALYSIS_RESULTS_20260923.zip	RELEASE_ZIP	REANALYSIS_RESULTS_20260923.zip
D:\stroke_apa_reanalysis	实验流程.md	STAGED	docs/reanalysis/实验流程.md（sha256 一致）
D:\stroke_apa_reanalysis	config/coordinate_convention.yaml	RELEASE_ZIP	内容在 REANALYSIS_RESULTS_20260923.zip 内(basename+size 一致)
D:\stroke_apa_reanalysis	data/GSE143531_RAW.tar	REGENERABLE	GEO 直链重下
D:\stroke_apa_reanalysis	data/gse143531_series_matrix.txt.gz	RELEASE_ZIP	内容在 REANALYSIS_RESULTS_20260923.zip 内(basename+size 一致)
D:\stroke_apa_reanalysis	data/sequencing_depth.tsv	STAGED	data_frozen/reanalysis_data/sequencing_depth.tsv（sha256 一致）
D:\stroke_apa_reanalysis	data/sequencing_depth_dapars2.tsv	RELEASE_ZIP	内容在 ATP2A2_IGV_CHECK_PACKAGE_20260920.zip 内(basename+size 一致)
D:\stroke_apa_reanalysis	data/bam/day1_rep1.sorted.bam	REGENERABLE	12 BAM 由 FASTQ 经 p2_gse238125_align.sh 重建
D:\stroke_apa_reanalysis	data/bam/day1_rep1.sorted.bam.bai	REGENERABLE	12 BAM 由 FASTQ 经 p2_gse238125_align.sh 重建
D:\stroke_apa_reanalysis	data/bam/day1_rep2.sorted.bam	REGENERABLE	12 BAM 由 FASTQ 经 p2_gse238125_align.sh 重建
D:\stroke_apa_reanalysis	data/bam/day1_rep2.sorted.bam.bai	REGENERABLE	12 BAM 由 FASTQ 经 p2_gse238125_align.sh 重建
D:\stroke_apa_reanalysis	data/bam/day21_rep1.sorted.bam	REGENERABLE	12 BAM 由 FASTQ 经 p2_gse238125_align.sh 重建
D:\stroke_apa_reanalysis	data/bam/day21_rep1.sorted.bam.bai	REGENERABLE	12 BAM 由 FASTQ 经 p2_gse238125_align.sh 重建
D:\stroke_apa_reanalysis	data/bam/day21_rep2.sorted.bam	REGENERABLE	12 BAM 由 FASTQ 经 p2_gse238125_align.sh 重建
D:\stroke_apa_reanalysis	data/bam/day21_rep2.sorted.bam.bai	REGENERABLE	12 BAM 由 FASTQ 经 p2_gse238125_align.sh 重建
D:\stroke_apa_reanalysis	data/bam/day3_rep1.sorted.bam	REGENERABLE	12 BAM 由 FASTQ 经 p2_gse238125_align.sh 重建
D:\stroke_apa_reanalysis	data/bam/day3_rep1.sorted.bam.bai	REGENERABLE	12 BAM 由 FASTQ 经 p2_gse238125_align.sh 重建
D:\stroke_apa_reanalysis	data/bam/day3_rep2.sorted.bam	REGENERABLE	12 BAM 由 FASTQ 经 p2_gse238125_align.sh 重建
D:\stroke_apa_reanalysis	data/bam/day3_rep2.sorted.bam.bai	REGENERABLE	12 BAM 由 FASTQ 经 p2_gse238125_align.sh 重建
D:\stroke_apa_reanalysis	data/bam/day60_rep1.sorted.bam	REGENERABLE	12 BAM 由 FASTQ 经 p2_gse238125_align.sh 重建
D:\stroke_apa_reanalysis	data/bam/day60_rep1.sorted.bam.bai	REGENERABLE	12 BAM 由 FASTQ 经 p2_gse238125_align.sh 重建
D:\stroke_apa_reanalysis	data/bam/day60_rep2.sorted.bam	REGENERABLE	12 BAM 由 FASTQ 经 p2_gse238125_align.sh 重建
D:\stroke_apa_reanalysis	data/bam/day60_rep2.sorted.bam.bai	REGENERABLE	12 BAM 由 FASTQ 经 p2_gse238125_align.sh 重建
D:\stroke_apa_reanalysis	data/bam/day7_rep1.sorted.bam	REGENERABLE	12 BAM 由 FASTQ 经 p2_gse238125_align.sh 重建
D:\stroke_apa_reanalysis	data/bam/day7_rep1.sorted.bam.bai	REGENERABLE	12 BAM 由 FASTQ 经 p2_gse238125_align.sh 重建
D:\stroke_apa_reanalysis	data/bam/day7_rep2.sorted.bam	REGENERABLE	12 BAM 由 FASTQ 经 p2_gse238125_align.sh 重建
D:\stroke_apa_reanalysis	data/bam/day7_rep2.sorted.bam.bai	REGENERABLE	12 BAM 由 FASTQ 经 p2_gse238125_align.sh 重建
D:\stroke_apa_reanalysis	data/bam/sham1.sorted.bam	REGENERABLE	12 BAM 由 FASTQ 经 p2_gse238125_align.sh 重建
D:\stroke_apa_reanalysis	data/bam/sham1.sorted.bam.bai	REGENERABLE	12 BAM 由 FASTQ 经 p2_gse238125_align.sh 重建
D:\stroke_apa_reanalysis	data/bam/sham2.sorted.bam	REGENERABLE	12 BAM 由 FASTQ 经 p2_gse238125_align.sh 重建
D:\stroke_apa_reanalysis	data/bam/sham2.sorted.bam.bai	REGENERABLE	12 BAM 由 FASTQ 经 p2_gse238125_align.sh 重建
D:\stroke_apa_reanalysis	data/bam/day1_rep1_/Log.final.out	REGENERABLE	12 BAM 由 FASTQ 经 p2_gse238125_align.sh 重建
D:\stroke_apa_reanalysis	data/bam/day1_rep1_/Log.out	REGENERABLE	12 BAM 由 FASTQ 经 p2_gse238125_align.sh 重建
D:\stroke_apa_reanalysis	data/bam/day1_rep1_/Log.progress.out	REGENERABLE	12 BAM 由 FASTQ 经 p2_gse238125_align.sh 重建
D:\stroke_apa_reanalysis	data/bam/day1_rep1_/ReadsPerGene.out.tab	REGENERABLE	12 BAM 由 FASTQ 经 p2_gse238125_align.sh 重建
D:\stroke_apa_reanalysis	data/bam/day1_rep1_/SJ.out.tab	REGENERABLE	12 BAM 由 FASTQ 经 p2_gse238125_align.sh 重建
D:\stroke_apa_reanalysis	data/bam/day1_rep2_/Log.final.out	REGENERABLE	12 BAM 由 FASTQ 经 p2_gse238125_align.sh 重建
D:\stroke_apa_reanalysis	data/bam/day1_rep2_/Log.out	REGENERABLE	12 BAM 由 FASTQ 经 p2_gse238125_align.sh 重建
D:\stroke_apa_reanalysis	data/bam/day1_rep2_/Log.progress.out	REGENERABLE	12 BAM 由 FASTQ 经 p2_gse238125_align.sh 重建
D:\stroke_apa_reanalysis	data/bam/day1_rep2_/ReadsPerGene.out.tab	REGENERABLE	12 BAM 由 FASTQ 经 p2_gse238125_align.sh 重建
D:\stroke_apa_reanalysis	data/bam/day1_rep2_/SJ.out.tab	REGENERABLE	12 BAM 由 FASTQ 经 p2_gse238125_align.sh 重建
D:\stroke_apa_reanalysis	data/bam/day21_rep1_/Log.final.out	REGENERABLE	12 BAM 由 FASTQ 经 p2_gse238125_align.sh 重建
D:\stroke_apa_reanalysis	data/bam/day21_rep1_/Log.out	REGENERABLE	12 BAM 由 FASTQ 经 p2_gse238125_align.sh 重建
D:\stroke_apa_reanalysis	data/bam/day21_rep1_/Log.progress.out	REGENERABLE	12 BAM 由 FASTQ 经 p2_gse238125_align.sh 重建
D:\stroke_apa_reanalysis	data/bam/day21_rep1_/ReadsPerGene.out.tab	REGENERABLE	12 BAM 由 FASTQ 经 p2_gse238125_align.sh 重建
D:\stroke_apa_reanalysis	data/bam/day21_rep1_/SJ.out.tab	REGENERABLE	12 BAM 由 FASTQ 经 p2_gse238125_align.sh 重建
D:\stroke_apa_reanalysis	data/bam/day21_rep2_/Log.final.out	REGENERABLE	12 BAM 由 FASTQ 经 p2_gse238125_align.sh 重建
D:\stroke_apa_reanalysis	data/bam/day21_rep2_/Log.out	REGENERABLE	12 BAM 由 FASTQ 经 p2_gse238125_align.sh 重建
D:\stroke_apa_reanalysis	data/bam/day21_rep2_/Log.progress.out	REGENERABLE	12 BAM 由 FASTQ 经 p2_gse238125_align.sh 重建
D:\stroke_apa_reanalysis	data/bam/day21_rep2_/ReadsPerGene.out.tab	REGENERABLE	12 BAM 由 FASTQ 经 p2_gse238125_align.sh 重建
D:\stroke_apa_reanalysis	data/bam/day21_rep2_/SJ.out.tab	REGENERABLE	12 BAM 由 FASTQ 经 p2_gse238125_align.sh 重建
D:\stroke_apa_reanalysis	data/bam/day3_rep1_/Log.final.out	REGENERABLE	12 BAM 由 FASTQ 经 p2_gse238125_align.sh 重建
D:\stroke_apa_reanalysis	data/bam/day3_rep1_/Log.out	REGENERABLE	12 BAM 由 FASTQ 经 p2_gse238125_align.sh 重建
D:\stroke_apa_reanalysis	data/bam/day3_rep1_/Log.progress.out	REGENERABLE	12 BAM 由 FASTQ 经 p2_gse238125_align.sh 重建
D:\stroke_apa_reanalysis	data/bam/day3_rep1_/ReadsPerGene.out.tab	REGENERABLE	12 BAM 由 FASTQ 经 p2_gse238125_align.sh 重建
D:\stroke_apa_reanalysis	data/bam/day3_rep1_/SJ.out.tab	REGENERABLE	12 BAM 由 FASTQ 经 p2_gse238125_align.sh 重建
D:\stroke_apa_reanalysis	data/bam/day3_rep2_/Log.final.out	REGENERABLE	12 BAM 由 FASTQ 经 p2_gse238125_align.sh 重建
D:\stroke_apa_reanalysis	data/bam/day3_rep2_/Log.out	REGENERABLE	12 BAM 由 FASTQ 经 p2_gse238125_align.sh 重建
D:\stroke_apa_reanalysis	data/bam/day3_rep2_/Log.progress.out	REGENERABLE	12 BAM 由 FASTQ 经 p2_gse238125_align.sh 重建
D:\stroke_apa_reanalysis	data/bam/day3_rep2_/ReadsPerGene.out.tab	REGENERABLE	12 BAM 由 FASTQ 经 p2_gse238125_align.sh 重建
D:\stroke_apa_reanalysis	data/bam/day3_rep2_/SJ.out.tab	REGENERABLE	12 BAM 由 FASTQ 经 p2_gse238125_align.sh 重建
D:\stroke_apa_reanalysis	data/bam/day60_rep1_/Log.final.out	REGENERABLE	12 BAM 由 FASTQ 经 p2_gse238125_align.sh 重建
D:\stroke_apa_reanalysis	data/bam/day60_rep1_/Log.out	REGENERABLE	12 BAM 由 FASTQ 经 p2_gse238125_align.sh 重建
D:\stroke_apa_reanalysis	data/bam/day60_rep1_/Log.progress.out	REGENERABLE	12 BAM 由 FASTQ 经 p2_gse238125_align.sh 重建
D:\stroke_apa_reanalysis	data/bam/day60_rep1_/ReadsPerGene.out.tab	REGENERABLE	12 BAM 由 FASTQ 经 p2_gse238125_align.sh 重建
D:\stroke_apa_reanalysis	data/bam/day60_rep1_/SJ.out.tab	REGENERABLE	12 BAM 由 FASTQ 经 p2_gse238125_align.sh 重建
D:\stroke_apa_reanalysis	data/bam/day60_rep2_/Log.final.out	REGENERABLE	12 BAM 由 FASTQ 经 p2_gse238125_align.sh 重建
D:\stroke_apa_reanalysis	data/bam/day60_rep2_/Log.out	REGENERABLE	12 BAM 由 FASTQ 经 p2_gse238125_align.sh 重建
D:\stroke_apa_reanalysis	data/bam/day60_rep2_/Log.progress.out	REGENERABLE	12 BAM 由 FASTQ 经 p2_gse238125_align.sh 重建
D:\stroke_apa_reanalysis	data/bam/day60_rep2_/ReadsPerGene.out.tab	REGENERABLE	12 BAM 由 FASTQ 经 p2_gse238125_align.sh 重建
D:\stroke_apa_reanalysis	data/bam/day60_rep2_/SJ.out.tab	REGENERABLE	12 BAM 由 FASTQ 经 p2_gse238125_align.sh 重建
D:\stroke_apa_reanalysis	data/bam/day7_rep1_/Log.final.out	REGENERABLE	12 BAM 由 FASTQ 经 p2_gse238125_align.sh 重建
D:\stroke_apa_reanalysis	data/bam/day7_rep1_/Log.out	REGENERABLE	12 BAM 由 FASTQ 经 p2_gse238125_align.sh 重建
D:\stroke_apa_reanalysis	data/bam/day7_rep1_/Log.progress.out	REGENERABLE	12 BAM 由 FASTQ 经 p2_gse238125_align.sh 重建
D:\stroke_apa_reanalysis	data/bam/day7_rep1_/ReadsPerGene.out.tab	REGENERABLE	12 BAM 由 FASTQ 经 p2_gse238125_align.sh 重建
D:\stroke_apa_reanalysis	data/bam/day7_rep1_/SJ.out.tab	REGENERABLE	12 BAM 由 FASTQ 经 p2_gse238125_align.sh 重建
D:\stroke_apa_reanalysis	data/bam/day7_rep2_/Log.final.out	REGENERABLE	12 BAM 由 FASTQ 经 p2_gse238125_align.sh 重建
D:\stroke_apa_reanalysis	data/bam/day7_rep2_/Log.out	REGENERABLE	12 BAM 由 FASTQ 经 p2_gse238125_align.sh 重建
D:\stroke_apa_reanalysis	data/bam/day7_rep2_/Log.progress.out	REGENERABLE	12 BAM 由 FASTQ 经 p2_gse238125_align.sh 重建
D:\stroke_apa_reanalysis	data/bam/day7_rep2_/ReadsPerGene.out.tab	REGENERABLE	12 BAM 由 FASTQ 经 p2_gse238125_align.sh 重建
D:\stroke_apa_reanalysis	data/bam/day7_rep2_/SJ.out.tab	REGENERABLE	12 BAM 由 FASTQ 经 p2_gse238125_align.sh 重建
D:\stroke_apa_reanalysis	data/bam/sham2_/Log.final.out	REGENERABLE	12 BAM 由 FASTQ 经 p2_gse238125_align.sh 重建
D:\stroke_apa_reanalysis	data/bam/sham2_/Log.out	REGENERABLE	12 BAM 由 FASTQ 经 p2_gse238125_align.sh 重建
D:\stroke_apa_reanalysis	data/bam/sham2_/Log.progress.out	REGENERABLE	12 BAM 由 FASTQ 经 p2_gse238125_align.sh 重建
D:\stroke_apa_reanalysis	data/bam/sham2_/ReadsPerGene.out.tab	REGENERABLE	12 BAM 由 FASTQ 经 p2_gse238125_align.sh 重建
D:\stroke_apa_reanalysis	data/bam/sham2_/SJ.out.tab	REGENERABLE	12 BAM 由 FASTQ 经 p2_gse238125_align.sh 重建
D:\stroke_apa_reanalysis	data/dapars2_full/chr1/chr.txt	STAGED	data_frozen/reanalysis_data/dapars2_full/chr1/chr.txt（sha256 一致）
D:\stroke_apa_reanalysis	data/dapars2_full/chr1/job.cfg	STAGED	data_frozen/reanalysis_data/dapars2_full/chr1/job.cfg（sha256 一致）
D:\stroke_apa_reanalysis	data/dapars2_full/chr1/run.log	STAGED	data_frozen/reanalysis_data/dapars2_full/chr1/run.log（sha256 一致）
D:\stroke_apa_reanalysis	data/dapars2_full/chr10/chr.txt	STAGED	data_frozen/reanalysis_data/dapars2_full/chr10/chr.txt（sha256 一致）
D:\stroke_apa_reanalysis	data/dapars2_full/chr10/job.cfg	STAGED	data_frozen/reanalysis_data/dapars2_full/chr10/job.cfg（sha256 一致）
D:\stroke_apa_reanalysis	data/dapars2_full/chr10/run.log	STAGED	data_frozen/reanalysis_data/dapars2_full/chr10/run.log（sha256 一致）
D:\stroke_apa_reanalysis	data/dapars2_full/chr10_chr10/dapars2_full_chr10_result_temp.chr10.txt	STAGED	data_frozen/reanalysis_data/dapars2_full/chr10_chr10/dapars2_full_chr10_result_temp.chr10.txt（sha256 一致）
D:\stroke_apa_reanalysis	data/dapars2_full/chr10_chr10/tmp/Each_processor_3UTR_Result_1.txt	STAGED	data_frozen/reanalysis_data/dapars2_full/chr10_chr10/tmp/Each_processor_3UTR_Result_1.txt（sha256 一致）
D:\stroke_apa_reanalysis	data/dapars2_full/chr11/chr.txt	STAGED	data_frozen/reanalysis_data/dapars2_full/chr11/chr.txt（sha256 一致）
D:\stroke_apa_reanalysis	data/dapars2_full/chr11/job.cfg	STAGED	data_frozen/reanalysis_data/dapars2_full/chr11/job.cfg（sha256 一致）
D:\stroke_apa_reanalysis	data/dapars2_full/chr11/run.log	STAGED	data_frozen/reanalysis_data/dapars2_full/chr11/run.log（sha256 一致）
D:\stroke_apa_reanalysis	data/dapars2_full/chr11_chr11/dapars2_full_chr11_result_temp.chr11.txt	STAGED	data_frozen/reanalysis_data/dapars2_full/chr11_chr11/dapars2_full_chr11_result_temp.chr11.txt（sha256 一致）
D:\stroke_apa_reanalysis	data/dapars2_full/chr11_chr11/tmp/Each_processor_3UTR_Result_1.txt	STAGED	data_frozen/reanalysis_data/dapars2_full/chr11_chr11/tmp/Each_processor_3UTR_Result_1.txt（sha256 一致）
D:\stroke_apa_reanalysis	data/dapars2_full/chr12/chr.txt	STAGED	data_frozen/reanalysis_data/dapars2_full/chr12/chr.txt（sha256 一致）
D:\stroke_apa_reanalysis	data/dapars2_full/chr12/job.cfg	STAGED	data_frozen/reanalysis_data/dapars2_full/chr12/job.cfg（sha256 一致）
D:\stroke_apa_reanalysis	data/dapars2_full/chr12/run.log	STAGED	data_frozen/reanalysis_data/dapars2_full/chr12/run.log（sha256 一致）
D:\stroke_apa_reanalysis	data/dapars2_full/chr12_chr12/dapars2_full_chr12_result_temp.chr12.txt	STAGED	data_frozen/reanalysis_data/dapars2_full/chr12_chr12/dapars2_full_chr12_result_temp.chr12.txt（sha256 一致）
D:\stroke_apa_reanalysis	data/dapars2_full/chr12_chr12/tmp/Each_processor_3UTR_Result_1.txt	STAGED	data_frozen/reanalysis_data/dapars2_full/chr12_chr12/tmp/Each_processor_3UTR_Result_1.txt（sha256 一致）
D:\stroke_apa_reanalysis	data/dapars2_full/chr13/chr.txt	STAGED	data_frozen/reanalysis_data/dapars2_full/chr13/chr.txt（sha256 一致）
D:\stroke_apa_reanalysis	data/dapars2_full/chr13/job.cfg	STAGED	data_frozen/reanalysis_data/dapars2_full/chr13/job.cfg（sha256 一致）
D:\stroke_apa_reanalysis	data/dapars2_full/chr13/run.log	STAGED	data_frozen/reanalysis_data/dapars2_full/chr13/run.log（sha256 一致）
D:\stroke_apa_reanalysis	data/dapars2_full/chr13_chr13/dapars2_full_chr13_result_temp.chr13.txt	STAGED	data_frozen/reanalysis_data/dapars2_full/chr13_chr13/dapars2_full_chr13_result_temp.chr13.txt（sha256 一致）
D:\stroke_apa_reanalysis	data/dapars2_full/chr13_chr13/tmp/Each_processor_3UTR_Result_1.txt	STAGED	data_frozen/reanalysis_data/dapars2_full/chr13_chr13/tmp/Each_processor_3UTR_Result_1.txt（sha256 一致）
D:\stroke_apa_reanalysis	data/dapars2_full/chr14/chr.txt	STAGED	data_frozen/reanalysis_data/dapars2_full/chr14/chr.txt（sha256 一致）
D:\stroke_apa_reanalysis	data/dapars2_full/chr14/job.cfg	STAGED	data_frozen/reanalysis_data/dapars2_full/chr14/job.cfg（sha256 一致）
D:\stroke_apa_reanalysis	data/dapars2_full/chr14/run.log	STAGED	data_frozen/reanalysis_data/dapars2_full/chr14/run.log（sha256 一致）
D:\stroke_apa_reanalysis	data/dapars2_full/chr14_chr14/dapars2_full_chr14_result_temp.chr14.txt	STAGED	data_frozen/reanalysis_data/dapars2_full/chr14_chr14/dapars2_full_chr14_result_temp.chr14.txt（sha256 一致）
D:\stroke_apa_reanalysis	data/dapars2_full/chr14_chr14/tmp/Each_processor_3UTR_Result_1.txt	STAGED	data_frozen/reanalysis_data/dapars2_full/chr14_chr14/tmp/Each_processor_3UTR_Result_1.txt（sha256 一致）
D:\stroke_apa_reanalysis	data/dapars2_full/chr15/chr.txt	STAGED	data_frozen/reanalysis_data/dapars2_full/chr15/chr.txt（sha256 一致）
D:\stroke_apa_reanalysis	data/dapars2_full/chr15/job.cfg	STAGED	data_frozen/reanalysis_data/dapars2_full/chr15/job.cfg（sha256 一致）
D:\stroke_apa_reanalysis	data/dapars2_full/chr15/run.log	STAGED	data_frozen/reanalysis_data/dapars2_full/chr15/run.log（sha256 一致）
D:\stroke_apa_reanalysis	data/dapars2_full/chr15_chr15/dapars2_full_chr15_result_temp.chr15.txt	STAGED	data_frozen/reanalysis_data/dapars2_full/chr15_chr15/dapars2_full_chr15_result_temp.chr15.txt（sha256 一致）
D:\stroke_apa_reanalysis	data/dapars2_full/chr15_chr15/tmp/Each_processor_3UTR_Result_1.txt	STAGED	data_frozen/reanalysis_data/dapars2_full/chr15_chr15/tmp/Each_processor_3UTR_Result_1.txt（sha256 一致）
D:\stroke_apa_reanalysis	data/dapars2_full/chr16/chr.txt	STAGED	data_frozen/reanalysis_data/dapars2_full/chr16/chr.txt（sha256 一致）
D:\stroke_apa_reanalysis	data/dapars2_full/chr16/job.cfg	STAGED	data_frozen/reanalysis_data/dapars2_full/chr16/job.cfg（sha256 一致）
D:\stroke_apa_reanalysis	data/dapars2_full/chr16/run.log	STAGED	data_frozen/reanalysis_data/dapars2_full/chr16/run.log（sha256 一致）
D:\stroke_apa_reanalysis	data/dapars2_full/chr16_chr16/dapars2_full_chr16_result_temp.chr16.txt	STAGED	data_frozen/reanalysis_data/dapars2_full/chr16_chr16/dapars2_full_chr16_result_temp.chr16.txt（sha256 一致）
D:\stroke_apa_reanalysis	data/dapars2_full/chr16_chr16/tmp/Each_processor_3UTR_Result_1.txt	STAGED	data_frozen/reanalysis_data/dapars2_full/chr16_chr16/tmp/Each_processor_3UTR_Result_1.txt（sha256 一致）
D:\stroke_apa_reanalysis	data/dapars2_full/chr17/chr.txt	STAGED	data_frozen/reanalysis_data/dapars2_full/chr17/chr.txt（sha256 一致）
D:\stroke_apa_reanalysis	data/dapars2_full/chr17/job.cfg	STAGED	data_frozen/reanalysis_data/dapars2_full/chr17/job.cfg（sha256 一致）
D:\stroke_apa_reanalysis	data/dapars2_full/chr17/run.log	STAGED	data_frozen/reanalysis_data/dapars2_full/chr17/run.log（sha256 一致）
D:\stroke_apa_reanalysis	data/dapars2_full/chr17_chr17/dapars2_full_chr17_result_temp.chr17.txt	STAGED	data_frozen/reanalysis_data/dapars2_full/chr17_chr17/dapars2_full_chr17_result_temp.chr17.txt（sha256 一致）
D:\stroke_apa_reanalysis	data/dapars2_full/chr17_chr17/tmp/Each_processor_3UTR_Result_1.txt	STAGED	data_frozen/reanalysis_data/dapars2_full/chr17_chr17/tmp/Each_processor_3UTR_Result_1.txt（sha256 一致）
D:\stroke_apa_reanalysis	data/dapars2_full/chr18/chr.txt	STAGED	data_frozen/reanalysis_data/dapars2_full/chr18/chr.txt（sha256 一致）
D:\stroke_apa_reanalysis	data/dapars2_full/chr18/job.cfg	STAGED	data_frozen/reanalysis_data/dapars2_full/chr18/job.cfg（sha256 一致）
D:\stroke_apa_reanalysis	data/dapars2_full/chr18/run.log	STAGED	data_frozen/reanalysis_data/dapars2_full/chr18/run.log（sha256 一致）
D:\stroke_apa_reanalysis	data/dapars2_full/chr18_chr18/dapars2_full_chr18_result_temp.chr18.txt	STAGED	data_frozen/reanalysis_data/dapars2_full/chr18_chr18/dapars2_full_chr18_result_temp.chr18.txt（sha256 一致）
D:\stroke_apa_reanalysis	data/dapars2_full/chr18_chr18/tmp/Each_processor_3UTR_Result_1.txt	STAGED	data_frozen/reanalysis_data/dapars2_full/chr18_chr18/tmp/Each_processor_3UTR_Result_1.txt（sha256 一致）
D:\stroke_apa_reanalysis	data/dapars2_full/chr19/chr.txt	STAGED	data_frozen/reanalysis_data/dapars2_full/chr19/chr.txt（sha256 一致）
D:\stroke_apa_reanalysis	data/dapars2_full/chr19/job.cfg	STAGED	data_frozen/reanalysis_data/dapars2_full/chr19/job.cfg（sha256 一致）
D:\stroke_apa_reanalysis	data/dapars2_full/chr19/run.log	STAGED	data_frozen/reanalysis_data/dapars2_full/chr19/run.log（sha256 一致）
D:\stroke_apa_reanalysis	data/dapars2_full/chr19_chr19/dapars2_full_chr19_result_temp.chr19.txt	STAGED	data_frozen/reanalysis_data/dapars2_full/chr19_chr19/dapars2_full_chr19_result_temp.chr19.txt（sha256 一致）
D:\stroke_apa_reanalysis	data/dapars2_full/chr19_chr19/tmp/Each_processor_3UTR_Result_1.txt	STAGED	data_frozen/reanalysis_data/dapars2_full/chr19_chr19/tmp/Each_processor_3UTR_Result_1.txt（sha256 一致）
D:\stroke_apa_reanalysis	data/dapars2_full/chr1_chr1/dapars2_full_chr1_result_temp.chr1.txt	STAGED	data_frozen/reanalysis_data/dapars2_full/chr1_chr1/dapars2_full_chr1_result_temp.chr1.txt（sha256 一致）
D:\stroke_apa_reanalysis	data/dapars2_full/chr1_chr1/tmp/Each_processor_3UTR_Result_1.txt	STAGED	data_frozen/reanalysis_data/dapars2_full/chr1_chr1/tmp/Each_processor_3UTR_Result_1.txt（sha256 一致）
D:\stroke_apa_reanalysis	data/dapars2_full/chr2/chr.txt	STAGED	data_frozen/reanalysis_data/dapars2_full/chr2/chr.txt（sha256 一致）
D:\stroke_apa_reanalysis	data/dapars2_full/chr2/job.cfg	STAGED	data_frozen/reanalysis_data/dapars2_full/chr2/job.cfg（sha256 一致）
D:\stroke_apa_reanalysis	data/dapars2_full/chr2/run.log	STAGED	data_frozen/reanalysis_data/dapars2_full/chr2/run.log（sha256 一致）
D:\stroke_apa_reanalysis	data/dapars2_full/chr22/chr.txt	STAGED	data_frozen/reanalysis_data/dapars2_full/chr22/chr.txt（sha256 一致）
D:\stroke_apa_reanalysis	data/dapars2_full/chr22/job.cfg	STAGED	data_frozen/reanalysis_data/dapars2_full/chr22/job.cfg（sha256 一致）
D:\stroke_apa_reanalysis	data/dapars2_full/chr22/run.log	STAGED	data_frozen/reanalysis_data/dapars2_full/chr22/run.log（sha256 一致）
D:\stroke_apa_reanalysis	data/dapars2_full/chr22_chr22/dapars2_full_chr22_result_temp.chr22.txt	STAGED	data_frozen/reanalysis_data/dapars2_full/chr22_chr22/dapars2_full_chr22_result_temp.chr22.txt（sha256 一致）
D:\stroke_apa_reanalysis	data/dapars2_full/chr2_chr2/dapars2_full_chr2_result_temp.chr2.txt	STAGED	data_frozen/reanalysis_data/dapars2_full/chr2_chr2/dapars2_full_chr2_result_temp.chr2.txt（sha256 一致）
D:\stroke_apa_reanalysis	data/dapars2_full/chr2_chr2/tmp/Each_processor_3UTR_Result_1.txt	STAGED	data_frozen/reanalysis_data/dapars2_full/chr2_chr2/tmp/Each_processor_3UTR_Result_1.txt（sha256 一致）
D:\stroke_apa_reanalysis	data/dapars2_full/chr3/chr.txt	STAGED	data_frozen/reanalysis_data/dapars2_full/chr3/chr.txt（sha256 一致）
D:\stroke_apa_reanalysis	data/dapars2_full/chr3/job.cfg	STAGED	data_frozen/reanalysis_data/dapars2_full/chr3/job.cfg（sha256 一致）
D:\stroke_apa_reanalysis	data/dapars2_full/chr3/run.log	STAGED	data_frozen/reanalysis_data/dapars2_full/chr3/run.log（sha256 一致）
D:\stroke_apa_reanalysis	data/dapars2_full/chr3_chr3/dapars2_full_chr3_result_temp.chr3.txt	STAGED	data_frozen/reanalysis_data/dapars2_full/chr3_chr3/dapars2_full_chr3_result_temp.chr3.txt（sha256 一致）
D:\stroke_apa_reanalysis	data/dapars2_full/chr3_chr3/tmp/Each_processor_3UTR_Result_1.txt	STAGED	data_frozen/reanalysis_data/dapars2_full/chr3_chr3/tmp/Each_processor_3UTR_Result_1.txt（sha256 一致）
D:\stroke_apa_reanalysis	data/dapars2_full/chr4/chr.txt	STAGED	data_frozen/reanalysis_data/dapars2_full/chr4/chr.txt（sha256 一致）
D:\stroke_apa_reanalysis	data/dapars2_full/chr4/job.cfg	STAGED	data_frozen/reanalysis_data/dapars2_full/chr4/job.cfg（sha256 一致）
D:\stroke_apa_reanalysis	data/dapars2_full/chr4/run.log	STAGED	data_frozen/reanalysis_data/dapars2_full/chr4/run.log（sha256 一致）
D:\stroke_apa_reanalysis	data/dapars2_full/chr4_chr4/dapars2_full_chr4_result_temp.chr4.txt	STAGED	data_frozen/reanalysis_data/dapars2_full/chr4_chr4/dapars2_full_chr4_result_temp.chr4.txt（sha256 一致）
D:\stroke_apa_reanalysis	data/dapars2_full/chr4_chr4/tmp/Each_processor_3UTR_Result_1.txt	STAGED	data_frozen/reanalysis_data/dapars2_full/chr4_chr4/tmp/Each_processor_3UTR_Result_1.txt（sha256 一致）
D:\stroke_apa_reanalysis	data/dapars2_full/chr5/chr.txt	STAGED	data_frozen/reanalysis_data/dapars2_full/chr5/chr.txt（sha256 一致）
D:\stroke_apa_reanalysis	data/dapars2_full/chr5/job.cfg	STAGED	data_frozen/reanalysis_data/dapars2_full/chr5/job.cfg（sha256 一致）
D:\stroke_apa_reanalysis	data/dapars2_full/chr5/run.log	STAGED	data_frozen/reanalysis_data/dapars2_full/chr5/run.log（sha256 一致）
D:\stroke_apa_reanalysis	data/dapars2_full/chr5_chr5/dapars2_full_chr5_result_temp.chr5.txt	STAGED	data_frozen/reanalysis_data/dapars2_full/chr5_chr5/dapars2_full_chr5_result_temp.chr5.txt（sha256 一致）
D:\stroke_apa_reanalysis	data/dapars2_full/chr5_chr5/tmp/Each_processor_3UTR_Result_1.txt	STAGED	data_frozen/reanalysis_data/dapars2_full/chr5_chr5/tmp/Each_processor_3UTR_Result_1.txt（sha256 一致）
D:\stroke_apa_reanalysis	data/dapars2_full/chr6/chr.txt	STAGED	data_frozen/reanalysis_data/dapars2_full/chr6/chr.txt（sha256 一致）
D:\stroke_apa_reanalysis	data/dapars2_full/chr6/job.cfg	STAGED	data_frozen/reanalysis_data/dapars2_full/chr6/job.cfg（sha256 一致）
D:\stroke_apa_reanalysis	data/dapars2_full/chr6/run.log	STAGED	data_frozen/reanalysis_data/dapars2_full/chr6/run.log（sha256 一致）
D:\stroke_apa_reanalysis	data/dapars2_full/chr6_chr6/dapars2_full_chr6_result_temp.chr6.txt	STAGED	data_frozen/reanalysis_data/dapars2_full/chr6_chr6/dapars2_full_chr6_result_temp.chr6.txt（sha256 一致）
D:\stroke_apa_reanalysis	data/dapars2_full/chr6_chr6/tmp/Each_processor_3UTR_Result_1.txt	STAGED	data_frozen/reanalysis_data/dapars2_full/chr6_chr6/tmp/Each_processor_3UTR_Result_1.txt（sha256 一致）
D:\stroke_apa_reanalysis	data/dapars2_full/chr7/chr.txt	STAGED	data_frozen/reanalysis_data/dapars2_full/chr7/chr.txt（sha256 一致）
D:\stroke_apa_reanalysis	data/dapars2_full/chr7/job.cfg	STAGED	data_frozen/reanalysis_data/dapars2_full/chr7/job.cfg（sha256 一致）
D:\stroke_apa_reanalysis	data/dapars2_full/chr7/run.log	STAGED	data_frozen/reanalysis_data/dapars2_full/chr7/run.log（sha256 一致）
D:\stroke_apa_reanalysis	data/dapars2_full/chr7_chr7/dapars2_full_chr7_result_temp.chr7.txt	STAGED	data_frozen/reanalysis_data/dapars2_full/chr7_chr7/dapars2_full_chr7_result_temp.chr7.txt（sha256 一致）
D:\stroke_apa_reanalysis	data/dapars2_full/chr7_chr7/tmp/Each_processor_3UTR_Result_1.txt	STAGED	data_frozen/reanalysis_data/dapars2_full/chr7_chr7/tmp/Each_processor_3UTR_Result_1.txt（sha256 一致）
D:\stroke_apa_reanalysis	data/dapars2_full/chr8/chr.txt	STAGED	data_frozen/reanalysis_data/dapars2_full/chr8/chr.txt（sha256 一致）
D:\stroke_apa_reanalysis	data/dapars2_full/chr8/job.cfg	STAGED	data_frozen/reanalysis_data/dapars2_full/chr8/job.cfg（sha256 一致）
D:\stroke_apa_reanalysis	data/dapars2_full/chr8/run.log	STAGED	data_frozen/reanalysis_data/dapars2_full/chr8/run.log（sha256 一致）
D:\stroke_apa_reanalysis	data/dapars2_full/chr8_chr8/dapars2_full_chr8_result_temp.chr8.txt	STAGED	data_frozen/reanalysis_data/dapars2_full/chr8_chr8/dapars2_full_chr8_result_temp.chr8.txt（sha256 一致）
D:\stroke_apa_reanalysis	data/dapars2_full/chr8_chr8/tmp/Each_processor_3UTR_Result_1.txt	STAGED	data_frozen/reanalysis_data/dapars2_full/chr8_chr8/tmp/Each_processor_3UTR_Result_1.txt（sha256 一致）
D:\stroke_apa_reanalysis	data/dapars2_full/chr9/chr.txt	STAGED	data_frozen/reanalysis_data/dapars2_full/chr9/chr.txt（sha256 一致）
D:\stroke_apa_reanalysis	data/dapars2_full/chr9/job.cfg	STAGED	data_frozen/reanalysis_data/dapars2_full/chr9/job.cfg（sha256 一致）
D:\stroke_apa_reanalysis	data/dapars2_full/chr9/run.log	STAGED	data_frozen/reanalysis_data/dapars2_full/chr9/run.log（sha256 一致）
D:\stroke_apa_reanalysis	data/dapars2_full/chr9_chr9/dapars2_full_chr9_result_temp.chr9.txt	STAGED	data_frozen/reanalysis_data/dapars2_full/chr9_chr9/dapars2_full_chr9_result_temp.chr9.txt（sha256 一致）
D:\stroke_apa_reanalysis	data/dapars2_full/chr9_chr9/tmp/Each_processor_3UTR_Result_1.txt	STAGED	data_frozen/reanalysis_data/dapars2_full/chr9_chr9/tmp/Each_processor_3UTR_Result_1.txt（sha256 一致）
D:\stroke_apa_reanalysis	data/dapars2_full/chrX/chr.txt	STAGED	data_frozen/reanalysis_data/dapars2_full/chrX/chr.txt（sha256 一致）
D:\stroke_apa_reanalysis	data/dapars2_full/chrX/job.cfg	STAGED	data_frozen/reanalysis_data/dapars2_full/chrX/job.cfg（sha256 一致）
D:\stroke_apa_reanalysis	data/dapars2_full/chrX/run.log	STAGED	data_frozen/reanalysis_data/dapars2_full/chrX/run.log（sha256 一致）
D:\stroke_apa_reanalysis	data/dapars2_full/chrX_chrX/dapars2_full_chrX_result_temp.chrX.txt	STAGED	data_frozen/reanalysis_data/dapars2_full/chrX_chrX/dapars2_full_chrX_result_temp.chrX.txt（sha256 一致）
D:\stroke_apa_reanalysis	data/dapars2_full/chrX_chrX/tmp/Each_processor_3UTR_Result_1.txt	STAGED	data_frozen/reanalysis_data/dapars2_full/chrX_chrX/tmp/Each_processor_3UTR_Result_1.txt（sha256 一致）
D:\stroke_apa_reanalysis	data/dapars2_full/chrY/chr.txt	STAGED	data_frozen/reanalysis_data/dapars2_full/chrY/chr.txt（sha256 一致）
D:\stroke_apa_reanalysis	data/dapars2_full/chrY/job.cfg	STAGED	data_frozen/reanalysis_data/dapars2_full/chrY/job.cfg（sha256 一致）
D:\stroke_apa_reanalysis	data/dapars2_full/chrY/run.log	STAGED	data_frozen/reanalysis_data/dapars2_full/chrY/run.log（sha256 一致）
D:\stroke_apa_reanalysis	data/dapars2_full/chrY_chrY/dapars2_full_chrY_result_temp.chrY.txt	STAGED	data_frozen/reanalysis_data/dapars2_full/chrY_chrY/dapars2_full_chrY_result_temp.chrY.txt（sha256 一致）
D:\stroke_apa_reanalysis	data/dapars2_full/chrY_chrY/tmp/Each_processor_3UTR_Result_1.txt	STAGED	data_frozen/reanalysis_data/dapars2_full/chrY_chrY/tmp/Each_processor_3UTR_Result_1.txt（sha256 一致）
D:\stroke_apa_reanalysis	data/gse143531/GSM4261475_expression_output_expression_2017545a.tsv.gz	RELEASE_ZIP	内容在 REANALYSIS_RESULTS_20260923.zip 内(basename+size 一致)
D:\stroke_apa_reanalysis	data/gse143531/GSM4261476_expression_output_expression_2017545b.tsv.gz	RELEASE_ZIP	内容在 REANALYSIS_RESULTS_20260923.zip 内(basename+size 一致)
D:\stroke_apa_reanalysis	data/gse143531/GSM4261477_expression_output_expression_2017545c.tsv.gz	RELEASE_ZIP	内容在 REANALYSIS_RESULTS_20260923.zip 内(basename+size 一致)
D:\stroke_apa_reanalysis	data/gse143531/GSM4261478_expression_output_expression_2017545d.tsv.gz	RELEASE_ZIP	内容在 REANALYSIS_RESULTS_20260923.zip 内(basename+size 一致)
D:\stroke_apa_reanalysis	data/gse143531/GSM4261479_expression_output_expression_2017545e.tsv.gz	RELEASE_ZIP	内容在 REANALYSIS_RESULTS_20260923.zip 内(basename+size 一致)
D:\stroke_apa_reanalysis	data/gse143531/GSM4261480_expression_output_expression_2017545f.tsv.gz	RELEASE_ZIP	内容在 REANALYSIS_RESULTS_20260923.zip 内(basename+size 一致)
D:\stroke_apa_reanalysis	data/gse143531/GSM4261481_expression_output_expression_2017545g.tsv.gz	RELEASE_ZIP	内容在 REANALYSIS_RESULTS_20260923.zip 内(basename+size 一致)
D:\stroke_apa_reanalysis	data/gse143531/GSM4261482_expression_output_expression_2017545h.tsv.gz	RELEASE_ZIP	内容在 REANALYSIS_RESULTS_20260923.zip 内(basename+size 一致)
D:\stroke_apa_reanalysis	data/gse143531/GSM4261483_expression_output_expression_2017547a.tsv.gz	RELEASE_ZIP	内容在 REANALYSIS_RESULTS_20260923.zip 内(basename+size 一致)
D:\stroke_apa_reanalysis	data/gse143531/GSM4261484_expression_output_expression_2017547b.tsv.gz	RELEASE_ZIP	内容在 REANALYSIS_RESULTS_20260923.zip 内(basename+size 一致)
D:\stroke_apa_reanalysis	data/gse143531/GSM4261485_expression_output_expression_2017547c.tsv.gz	RELEASE_ZIP	内容在 REANALYSIS_RESULTS_20260923.zip 内(basename+size 一致)
D:\stroke_apa_reanalysis	data/gse143531/GSM4261486_expression_output_expression_2017547d.tsv.gz	RELEASE_ZIP	内容在 REANALYSIS_RESULTS_20260923.zip 内(basename+size 一致)
D:\stroke_apa_reanalysis	data/gse143531/GSM4261487_expression_output_expression_2017547e.tsv.gz	RELEASE_ZIP	内容在 REANALYSIS_RESULTS_20260923.zip 内(basename+size 一致)
D:\stroke_apa_reanalysis	data/gse143531/GSM4261488_expression_output_expression_2017547f.tsv.gz	RELEASE_ZIP	内容在 REANALYSIS_RESULTS_20260923.zip 内(basename+size 一致)
D:\stroke_apa_reanalysis	data/gse143531/GSM4261489_expression_output_expression_2017547g.tsv.gz	RELEASE_ZIP	内容在 REANALYSIS_RESULTS_20260923.zip 内(basename+size 一致)
D:\stroke_apa_reanalysis	data/gse143531/GSM4261490_expression_output_expression_2017547h.tsv.gz	RELEASE_ZIP	内容在 REANALYSIS_RESULTS_20260923.zip 内(basename+size 一致)
D:\stroke_apa_reanalysis	data/gse143531/GSM4261491_expression_output_expression_2017553a.tsv.gz	RELEASE_ZIP	内容在 REANALYSIS_RESULTS_20260923.zip 内(basename+size 一致)
D:\stroke_apa_reanalysis	data/gse143531/GSM4261492_expression_output_expression_2017553b.tsv.gz	RELEASE_ZIP	内容在 REANALYSIS_RESULTS_20260923.zip 内(basename+size 一致)
D:\stroke_apa_reanalysis	data/gse143531/GSM4261493_expression_output_expression_2017553c.tsv.gz	RELEASE_ZIP	内容在 REANALYSIS_RESULTS_20260923.zip 内(basename+size 一致)
D:\stroke_apa_reanalysis	data/gse143531/GSM4261494_expression_output_expression_2017553d.tsv.gz	RELEASE_ZIP	内容在 REANALYSIS_RESULTS_20260923.zip 内(basename+size 一致)
D:\stroke_apa_reanalysis	data/gse143531/GSM4261495_expression_output_expression_2017553e.tsv.gz	RELEASE_ZIP	内容在 REANALYSIS_RESULTS_20260923.zip 内(basename+size 一致)
D:\stroke_apa_reanalysis	data/gse143531/GSM4261496_expression_output_expression_2017553f.tsv.gz	RELEASE_ZIP	内容在 REANALYSIS_RESULTS_20260923.zip 内(basename+size 一致)
D:\stroke_apa_reanalysis	data/gse143531/GSM4261497_expression_output_expression_2017553g.tsv.gz	RELEASE_ZIP	内容在 REANALYSIS_RESULTS_20260923.zip 内(basename+size 一致)
D:\stroke_apa_reanalysis	data/gse143531/GSM4261498_expression_output_expression_2017553h.tsv.gz	RELEASE_ZIP	内容在 REANALYSIS_RESULTS_20260923.zip 内(basename+size 一致)
D:\stroke_apa_reanalysis	data/gse143531/GSM4261499_expression_output_expression_2017555a.tsv.gz	RELEASE_ZIP	内容在 REANALYSIS_RESULTS_20260923.zip 内(basename+size 一致)
D:\stroke_apa_reanalysis	data/gse143531/GSM4261500_expression_output_expression_2017555b.tsv.gz	RELEASE_ZIP	内容在 REANALYSIS_RESULTS_20260923.zip 内(basename+size 一致)
D:\stroke_apa_reanalysis	data/gse143531/GSM4261501_expression_output_expression_2017555c.tsv.gz	RELEASE_ZIP	内容在 REANALYSIS_RESULTS_20260923.zip 内(basename+size 一致)
D:\stroke_apa_reanalysis	data/gse143531/GSM4261502_expression_output_expression_2017555d.tsv.gz	RELEASE_ZIP	内容在 REANALYSIS_RESULTS_20260923.zip 内(basename+size 一致)
D:\stroke_apa_reanalysis	data/gse143531/GSM4261503_expression_output_expression_2017555e.tsv.gz	RELEASE_ZIP	内容在 REANALYSIS_RESULTS_20260923.zip 内(basename+size 一致)
D:\stroke_apa_reanalysis	data/gse143531/GSM4261504_expression_output_expression_2017555f.tsv.gz	RELEASE_ZIP	内容在 REANALYSIS_RESULTS_20260923.zip 内(basename+size 一致)
D:\stroke_apa_reanalysis	data/gse143531/GSM4261505_expression_output_expression_2017555g.tsv.gz	RELEASE_ZIP	内容在 REANALYSIS_RESULTS_20260923.zip 内(basename+size 一致)
D:\stroke_apa_reanalysis	data/gse143531/GSM4261506_expression_output_expression_2017555h.tsv.gz	RELEASE_ZIP	内容在 REANALYSIS_RESULTS_20260923.zip 内(basename+size 一致)
D:\stroke_apa_reanalysis	data/gse143531/GSM4261507_expression_output_expression_2017561a.tsv.gz	RELEASE_ZIP	内容在 REANALYSIS_RESULTS_20260923.zip 内(basename+size 一致)
D:\stroke_apa_reanalysis	data/gse143531/GSM4261508_expression_output_expression_2017561b.tsv.gz	RELEASE_ZIP	内容在 REANALYSIS_RESULTS_20260923.zip 内(basename+size 一致)
D:\stroke_apa_reanalysis	data/gse143531/GSM4261509_expression_output_expression_2017561c.tsv.gz	RELEASE_ZIP	内容在 REANALYSIS_RESULTS_20260923.zip 内(basename+size 一致)
D:\stroke_apa_reanalysis	data/gse143531/GSM4261510_expression_output_expression_2017561d.tsv.gz	RELEASE_ZIP	内容在 REANALYSIS_RESULTS_20260923.zip 内(basename+size 一致)
D:\stroke_apa_reanalysis	data/gse143531/GSM4261511_expression_output_expression_2017561e.tsv.gz	RELEASE_ZIP	内容在 REANALYSIS_RESULTS_20260923.zip 内(basename+size 一致)
D:\stroke_apa_reanalysis	data/gse143531/GSM4261512_expression_output_expression_2017561f.tsv.gz	RELEASE_ZIP	内容在 REANALYSIS_RESULTS_20260923.zip 内(basename+size 一致)
D:\stroke_apa_reanalysis	data/gse143531/GSM4261513_expression_output_expression_2017561g.tsv.gz	RELEASE_ZIP	内容在 REANALYSIS_RESULTS_20260923.zip 内(basename+size 一致)
D:\stroke_apa_reanalysis	data/gse143531/GSM4261514_expression_output_expression_2017561h.tsv.gz	RELEASE_ZIP	内容在 REANALYSIS_RESULTS_20260923.zip 内(basename+size 一致)
D:\stroke_apa_reanalysis	data/gse143531/GSM4261515_expression_output_expression_2017563a.tsv.gz	RELEASE_ZIP	内容在 REANALYSIS_RESULTS_20260923.zip 内(basename+size 一致)
D:\stroke_apa_reanalysis	data/gse143531/GSM4261516_expression_output_expression_2017563b.tsv.gz	RELEASE_ZIP	内容在 REANALYSIS_RESULTS_20260923.zip 内(basename+size 一致)
D:\stroke_apa_reanalysis	data/gse143531/GSM4261517_expression_output_expression_2017563c.tsv.gz	RELEASE_ZIP	内容在 REANALYSIS_RESULTS_20260923.zip 内(basename+size 一致)
D:\stroke_apa_reanalysis	data/gse143531/GSM4261518_expression_output_expression_2017563d.tsv.gz	RELEASE_ZIP	内容在 REANALYSIS_RESULTS_20260923.zip 内(basename+size 一致)
D:\stroke_apa_reanalysis	data/gse143531/GSM4261519_expression_output_expression_2017563e.tsv.gz	RELEASE_ZIP	内容在 REANALYSIS_RESULTS_20260923.zip 内(basename+size 一致)
D:\stroke_apa_reanalysis	data/gse143531/GSM4261520_expression_output_expression_2017563f.tsv.gz	RELEASE_ZIP	内容在 REANALYSIS_RESULTS_20260923.zip 内(basename+size 一致)
D:\stroke_apa_reanalysis	data/gse143531/GSM4261521_expression_output_expression_2017563g.tsv.gz	RELEASE_ZIP	内容在 REANALYSIS_RESULTS_20260923.zip 内(basename+size 一致)
D:\stroke_apa_reanalysis	data/gse143531/GSM4261522_expression_output_expression_2017563h.tsv.gz	RELEASE_ZIP	内容在 REANALYSIS_RESULTS_20260923.zip 内(basename+size 一致)
D:\stroke_apa_reanalysis	data/qc/day1_rep1_fastp.html	STAGED	data_frozen/reanalysis_data/qc/day1_rep1_fastp.html（sha256 一致）
D:\stroke_apa_reanalysis	data/qc/day1_rep1_fastp.json	STAGED	data_frozen/reanalysis_data/qc/day1_rep1_fastp.json（sha256 一致）
D:\stroke_apa_reanalysis	data/qc/day1_rep1_fastp.log	STAGED	data_frozen/reanalysis_data/qc/day1_rep1_fastp.log（sha256 一致）
D:\stroke_apa_reanalysis	data/qc/day1_rep2_fastp.html	STAGED	data_frozen/reanalysis_data/qc/day1_rep2_fastp.html（sha256 一致）
D:\stroke_apa_reanalysis	data/qc/day1_rep2_fastp.json	STAGED	data_frozen/reanalysis_data/qc/day1_rep2_fastp.json（sha256 一致）
D:\stroke_apa_reanalysis	data/qc/day1_rep2_fastp.log	STAGED	data_frozen/reanalysis_data/qc/day1_rep2_fastp.log（sha256 一致）
D:\stroke_apa_reanalysis	data/qc/day21_rep1_fastp.html	STAGED	data_frozen/reanalysis_data/qc/day21_rep1_fastp.html（sha256 一致）
D:\stroke_apa_reanalysis	data/qc/day21_rep1_fastp.json	STAGED	data_frozen/reanalysis_data/qc/day21_rep1_fastp.json（sha256 一致）
D:\stroke_apa_reanalysis	data/qc/day21_rep1_fastp.log	STAGED	data_frozen/reanalysis_data/qc/day21_rep1_fastp.log（sha256 一致）
D:\stroke_apa_reanalysis	data/qc/day21_rep2_fastp.html	STAGED	data_frozen/reanalysis_data/qc/day21_rep2_fastp.html（sha256 一致）
D:\stroke_apa_reanalysis	data/qc/day21_rep2_fastp.json	STAGED	data_frozen/reanalysis_data/qc/day21_rep2_fastp.json（sha256 一致）
D:\stroke_apa_reanalysis	data/qc/day21_rep2_fastp.log	STAGED	data_frozen/reanalysis_data/qc/day21_rep2_fastp.log（sha256 一致）
D:\stroke_apa_reanalysis	data/qc/day3_rep1_fastp.html	STAGED	data_frozen/reanalysis_data/qc/day3_rep1_fastp.html（sha256 一致）
D:\stroke_apa_reanalysis	data/qc/day3_rep1_fastp.json	STAGED	data_frozen/reanalysis_data/qc/day3_rep1_fastp.json（sha256 一致）
D:\stroke_apa_reanalysis	data/qc/day3_rep1_fastp.log	STAGED	data_frozen/reanalysis_data/qc/day3_rep1_fastp.log（sha256 一致）
D:\stroke_apa_reanalysis	data/qc/day3_rep2_fastp.html	STAGED	data_frozen/reanalysis_data/qc/day3_rep2_fastp.html（sha256 一致）
D:\stroke_apa_reanalysis	data/qc/day3_rep2_fastp.json	STAGED	data_frozen/reanalysis_data/qc/day3_rep2_fastp.json（sha256 一致）
D:\stroke_apa_reanalysis	data/qc/day3_rep2_fastp.log	STAGED	data_frozen/reanalysis_data/qc/day3_rep2_fastp.log（sha256 一致）
D:\stroke_apa_reanalysis	data/qc/day60_rep1_fastp.html	STAGED	data_frozen/reanalysis_data/qc/day60_rep1_fastp.html（sha256 一致）
D:\stroke_apa_reanalysis	data/qc/day60_rep1_fastp.json	STAGED	data_frozen/reanalysis_data/qc/day60_rep1_fastp.json（sha256 一致）
D:\stroke_apa_reanalysis	data/qc/day60_rep1_fastp.log	STAGED	data_frozen/reanalysis_data/qc/day60_rep1_fastp.log（sha256 一致）
D:\stroke_apa_reanalysis	data/qc/day60_rep2_fastp.html	STAGED	data_frozen/reanalysis_data/qc/day60_rep2_fastp.html（sha256 一致）
D:\stroke_apa_reanalysis	data/qc/day60_rep2_fastp.json	STAGED	data_frozen/reanalysis_data/qc/day60_rep2_fastp.json（sha256 一致）
D:\stroke_apa_reanalysis	data/qc/day60_rep2_fastp.log	STAGED	data_frozen/reanalysis_data/qc/day60_rep2_fastp.log（sha256 一致）
D:\stroke_apa_reanalysis	data/qc/day7_rep1_fastp.html	STAGED	data_frozen/reanalysis_data/qc/day7_rep1_fastp.html（sha256 一致）
D:\stroke_apa_reanalysis	data/qc/day7_rep1_fastp.json	STAGED	data_frozen/reanalysis_data/qc/day7_rep1_fastp.json（sha256 一致）
D:\stroke_apa_reanalysis	data/qc/day7_rep1_fastp.log	STAGED	data_frozen/reanalysis_data/qc/day7_rep1_fastp.log（sha256 一致）
D:\stroke_apa_reanalysis	data/qc/day7_rep2_fastp.html	STAGED	data_frozen/reanalysis_data/qc/day7_rep2_fastp.html（sha256 一致）
D:\stroke_apa_reanalysis	data/qc/day7_rep2_fastp.json	STAGED	data_frozen/reanalysis_data/qc/day7_rep2_fastp.json（sha256 一致）
D:\stroke_apa_reanalysis	data/qc/day7_rep2_fastp.log	STAGED	data_frozen/reanalysis_data/qc/day7_rep2_fastp.log（sha256 一致）
D:\stroke_apa_reanalysis	data/qc/sham1_fastp.html	STAGED	data_frozen/reanalysis_data/qc/sham1_fastp.html（sha256 一致）
D:\stroke_apa_reanalysis	data/qc/sham1_fastp.json	STAGED	data_frozen/reanalysis_data/qc/sham1_fastp.json（sha256 一致）
D:\stroke_apa_reanalysis	data/qc/sham1_fastp.log	STAGED	data_frozen/reanalysis_data/qc/sham1_fastp.log（sha256 一致）
D:\stroke_apa_reanalysis	data/qc/sham2_fastp.html	STAGED	data_frozen/reanalysis_data/qc/sham2_fastp.html（sha256 一致）
D:\stroke_apa_reanalysis	data/qc/sham2_fastp.json	STAGED	data_frozen/reanalysis_data/qc/sham2_fastp.json（sha256 一致）
D:\stroke_apa_reanalysis	data/qc/sham2_fastp.log	STAGED	data_frozen/reanalysis_data/qc/sham2_fastp.log（sha256 一致）
D:\stroke_apa_reanalysis	data/references/.ok	REGENERABLE	GENCODE/GRCm38 公开重下 + REGENERATE.md §3 建索引
D:\stroke_apa_reanalysis	data/references/chromosomes.txt	REGENERABLE	GENCODE/GRCm38 公开重下 + REGENERATE.md §3 建索引
D:\stroke_apa_reanalysis	data/references/chrom_sizes.txt	REGENERABLE	GENCODE/GRCm38 公开重下 + REGENERATE.md §3 建索引
D:\stroke_apa_reanalysis	data/references/gencode.vM25.annotation.gtf	REGENERABLE	GENCODE/GRCm38 公开重下 + REGENERATE.md §3 建索引
D:\stroke_apa_reanalysis	data/references/gencode.vM25.annotation.gtf.genePred	REGENERABLE	GENCODE/GRCm38 公开重下 + REGENERATE.md §3 建索引
D:\stroke_apa_reanalysis	data/references/gencode.vM25.transcripts.fa	REGENERABLE	GENCODE/GRCm38 公开重下 + REGENERATE.md §3 建索引
D:\stroke_apa_reanalysis	data/references/gencode_M25_3UTR_for_DaPars2.bed	RELEASE_ZIP	内容在 REANALYSIS_RESULTS_20260923.zip 内(basename+size 一致)
D:\stroke_apa_reanalysis	data/references/gencode_M25_3UTR_slim.bed	REGENERABLE	GENCODE/GRCm38 公开重下 + REGENERATE.md §3 建索引
D:\stroke_apa_reanalysis	data/references/genome.fa	REGENERABLE	GENCODE/GRCm38 公开重下 + REGENERATE.md §3 建索引
D:\stroke_apa_reanalysis	data/references/genome.fa.fai	REGENERABLE	GENCODE/GRCm38 公开重下 + REGENERATE.md §3 建索引
D:\stroke_apa_reanalysis	data/references/gen_anno.log	REGENERABLE	GENCODE/GRCm38 公开重下 + REGENERATE.md §3 建索引
D:\stroke_apa_reanalysis	data/references/mm10.60way.phastCons.bw	REGENERABLE	GENCODE/GRCm38 公开重下 + REGENERATE.md §3 建索引
D:\stroke_apa_reanalysis	data/references/qapa_vm25.bed	REGENERABLE	GENCODE/GRCm38 公开重下 + REGENERATE.md §3 建索引
D:\stroke_apa_reanalysis	data/references/qapa_vm25.fa	REGENERABLE	GENCODE/GRCm38 公开重下 + REGENERATE.md §3 建索引
D:\stroke_apa_reanalysis	data/references/PAS/atlas.clusters.2.0.GRCm38.96.bed.gz	RELEASE_ZIP	内容在 REANALYSIS_RESULTS_20260923.zip 内(basename+size 一致)
D:\stroke_apa_reanalysis	data/references/salmon_idx_vM25/complete_ref_lens.bin	REGENERABLE	GENCODE/GRCm38 公开重下 + REGENERATE.md §3 建索引
D:\stroke_apa_reanalysis	data/references/salmon_idx_vM25/ctable.bin	REGENERABLE	GENCODE/GRCm38 公开重下 + REGENERATE.md §3 建索引
D:\stroke_apa_reanalysis	data/references/salmon_idx_vM25/ctg_offsets.bin	REGENERABLE	GENCODE/GRCm38 公开重下 + REGENERATE.md §3 建索引
D:\stroke_apa_reanalysis	data/references/salmon_idx_vM25/duplicate_clusters.tsv	REGENERABLE	GENCODE/GRCm38 公开重下 + REGENERATE.md §3 建索引
D:\stroke_apa_reanalysis	data/references/salmon_idx_vM25/info.json	REGENERABLE	GENCODE/GRCm38 公开重下 + REGENERATE.md §3 建索引
D:\stroke_apa_reanalysis	data/references/salmon_idx_vM25/mphf.bin	REGENERABLE	GENCODE/GRCm38 公开重下 + REGENERATE.md §3 建索引
D:\stroke_apa_reanalysis	data/references/salmon_idx_vM25/pos.bin	REGENERABLE	GENCODE/GRCm38 公开重下 + REGENERATE.md §3 建索引
D:\stroke_apa_reanalysis	data/references/salmon_idx_vM25/pre_indexing.log	REGENERABLE	GENCODE/GRCm38 公开重下 + REGENERATE.md §3 建索引
D:\stroke_apa_reanalysis	data/references/salmon_idx_vM25/rank.bin	REGENERABLE	GENCODE/GRCm38 公开重下 + REGENERATE.md §3 建索引
D:\stroke_apa_reanalysis	data/references/salmon_idx_vM25/refAccumLengths.bin	REGENERABLE	GENCODE/GRCm38 公开重下 + REGENERATE.md §3 建索引
D:\stroke_apa_reanalysis	data/references/salmon_idx_vM25/reflengths.bin	REGENERABLE	GENCODE/GRCm38 公开重下 + REGENERATE.md §3 建索引
D:\stroke_apa_reanalysis	data/references/salmon_idx_vM25/refseq.bin	REGENERABLE	GENCODE/GRCm38 公开重下 + REGENERATE.md §3 建索引
D:\stroke_apa_reanalysis	data/references/salmon_idx_vM25/ref_indexing.log	REGENERABLE	GENCODE/GRCm38 公开重下 + REGENERATE.md §3 建索引
D:\stroke_apa_reanalysis	data/references/salmon_idx_vM25/seq.bin	REGENERABLE	GENCODE/GRCm38 公开重下 + REGENERATE.md §3 建索引
D:\stroke_apa_reanalysis	data/references/salmon_idx_vM25/versionInfo.json	REGENERABLE	GENCODE/GRCm38 公开重下 + REGENERATE.md §3 建索引
D:\stroke_apa_reanalysis	data/references/slim_split/chr1.bed	REGENERABLE	GENCODE/GRCm38 公开重下 + REGENERATE.md §3 建索引
D:\stroke_apa_reanalysis	data/references/slim_split/chr10.bed	REGENERABLE	GENCODE/GRCm38 公开重下 + REGENERATE.md §3 建索引
D:\stroke_apa_reanalysis	data/references/slim_split/chr11.bed	REGENERABLE	GENCODE/GRCm38 公开重下 + REGENERATE.md §3 建索引
D:\stroke_apa_reanalysis	data/references/slim_split/chr12.bed	REGENERABLE	GENCODE/GRCm38 公开重下 + REGENERATE.md §3 建索引
D:\stroke_apa_reanalysis	data/references/slim_split/chr13.bed	REGENERABLE	GENCODE/GRCm38 公开重下 + REGENERATE.md §3 建索引
D:\stroke_apa_reanalysis	data/references/slim_split/chr14.bed	REGENERABLE	GENCODE/GRCm38 公开重下 + REGENERATE.md §3 建索引
D:\stroke_apa_reanalysis	data/references/slim_split/chr15.bed	REGENERABLE	GENCODE/GRCm38 公开重下 + REGENERATE.md §3 建索引
D:\stroke_apa_reanalysis	data/references/slim_split/chr16.bed	REGENERABLE	GENCODE/GRCm38 公开重下 + REGENERATE.md §3 建索引
D:\stroke_apa_reanalysis	data/references/slim_split/chr17.bed	REGENERABLE	GENCODE/GRCm38 公开重下 + REGENERATE.md §3 建索引
D:\stroke_apa_reanalysis	data/references/slim_split/chr18.bed	REGENERABLE	GENCODE/GRCm38 公开重下 + REGENERATE.md §3 建索引
D:\stroke_apa_reanalysis	data/references/slim_split/chr19.bed	REGENERABLE	GENCODE/GRCm38 公开重下 + REGENERATE.md §3 建索引
D:\stroke_apa_reanalysis	data/references/slim_split/chr2.bed	REGENERABLE	GENCODE/GRCm38 公开重下 + REGENERATE.md §3 建索引
D:\stroke_apa_reanalysis	data/references/slim_split/chr3.bed	REGENERABLE	GENCODE/GRCm38 公开重下 + REGENERATE.md §3 建索引
D:\stroke_apa_reanalysis	data/references/slim_split/chr4.bed	REGENERABLE	GENCODE/GRCm38 公开重下 + REGENERATE.md §3 建索引
D:\stroke_apa_reanalysis	data/references/slim_split/chr5.bed	REGENERABLE	GENCODE/GRCm38 公开重下 + REGENERATE.md §3 建索引
D:\stroke_apa_reanalysis	data/references/slim_split/chr6.bed	REGENERABLE	GENCODE/GRCm38 公开重下 + REGENERATE.md §3 建索引
D:\stroke_apa_reanalysis	data/references/slim_split/chr7.bed	REGENERABLE	GENCODE/GRCm38 公开重下 + REGENERATE.md §3 建索引
D:\stroke_apa_reanalysis	data/references/slim_split/chr8.bed	REGENERABLE	GENCODE/GRCm38 公开重下 + REGENERATE.md §3 建索引
D:\stroke_apa_reanalysis	data/references/slim_split/chr9.bed	REGENERABLE	GENCODE/GRCm38 公开重下 + REGENERATE.md §3 建索引
D:\stroke_apa_reanalysis	data/references/slim_split/chrX.bed	REGENERABLE	GENCODE/GRCm38 公开重下 + REGENERATE.md §3 建索引
D:\stroke_apa_reanalysis	data/references/slim_split/chrY.bed	REGENERABLE	GENCODE/GRCm38 公开重下 + REGENERATE.md §3 建索引
D:\stroke_apa_reanalysis	data/salmon/day1_rep1.log	REGENERABLE	salmon index/quant 重建
D:\stroke_apa_reanalysis	data/salmon/day1_rep2.log	REGENERABLE	salmon index/quant 重建
D:\stroke_apa_reanalysis	data/salmon/day21_rep1.log	REGENERABLE	salmon index/quant 重建
D:\stroke_apa_reanalysis	data/salmon/day21_rep2.log	REGENERABLE	salmon index/quant 重建
D:\stroke_apa_reanalysis	data/salmon/day3_rep1.log	REGENERABLE	salmon index/quant 重建
D:\stroke_apa_reanalysis	data/salmon/day3_rep2.log	REGENERABLE	salmon index/quant 重建
D:\stroke_apa_reanalysis	data/salmon/day60_rep1.log	REGENERABLE	salmon index/quant 重建
D:\stroke_apa_reanalysis	data/salmon/day60_rep2.log	REGENERABLE	salmon index/quant 重建
D:\stroke_apa_reanalysis	data/salmon/day7_rep1.log	REGENERABLE	salmon index/quant 重建
D:\stroke_apa_reanalysis	data/salmon/day7_rep2.log	REGENERABLE	salmon index/quant 重建
D:\stroke_apa_reanalysis	data/salmon/qapa_quant.err	REGENERABLE	salmon index/quant 重建
D:\stroke_apa_reanalysis	data/salmon/qapa_usage.tsv	REGENERABLE	salmon index/quant 重建
D:\stroke_apa_reanalysis	data/salmon/sham1.log	REGENERABLE	salmon index/quant 重建
D:\stroke_apa_reanalysis	data/salmon/sham2.log	REGENERABLE	salmon index/quant 重建
D:\stroke_apa_reanalysis	data/salmon/day1_rep1/cmd_info.json	REGENERABLE	salmon index/quant 重建
D:\stroke_apa_reanalysis	data/salmon/day1_rep1/lib_format_counts.json	REGENERABLE	salmon index/quant 重建
D:\stroke_apa_reanalysis	data/salmon/day1_rep1/quant.sf	REGENERABLE	salmon index/quant 重建
D:\stroke_apa_reanalysis	data/salmon/day1_rep1/aux_info/ambig_info.tsv	REGENERABLE	salmon index/quant 重建
D:\stroke_apa_reanalysis	data/salmon/day1_rep1/aux_info/expected_bias.gz	REGENERABLE	salmon index/quant 重建
D:\stroke_apa_reanalysis	data/salmon/day1_rep1/aux_info/fld.gz	REGENERABLE	salmon index/quant 重建
D:\stroke_apa_reanalysis	data/salmon/day1_rep1/aux_info/meta_info.json	REGENERABLE	salmon index/quant 重建
D:\stroke_apa_reanalysis	data/salmon/day1_rep1/aux_info/observed_bias.gz	REGENERABLE	salmon index/quant 重建
D:\stroke_apa_reanalysis	data/salmon/day1_rep1/aux_info/observed_bias_3p.gz	REGENERABLE	salmon index/quant 重建
D:\stroke_apa_reanalysis	data/salmon/day1_rep1/libParams/flenDist.txt	REGENERABLE	salmon index/quant 重建
D:\stroke_apa_reanalysis	data/salmon/day1_rep1/logs/salmon_quant.log	REGENERABLE	salmon index/quant 重建
D:\stroke_apa_reanalysis	data/salmon/day1_rep2/cmd_info.json	REGENERABLE	salmon index/quant 重建
D:\stroke_apa_reanalysis	data/salmon/day1_rep2/lib_format_counts.json	REGENERABLE	salmon index/quant 重建
D:\stroke_apa_reanalysis	data/salmon/day1_rep2/quant.sf	REGENERABLE	salmon index/quant 重建
D:\stroke_apa_reanalysis	data/salmon/day1_rep2/aux_info/ambig_info.tsv	REGENERABLE	salmon index/quant 重建
D:\stroke_apa_reanalysis	data/salmon/day1_rep2/aux_info/expected_bias.gz	REGENERABLE	salmon index/quant 重建
D:\stroke_apa_reanalysis	data/salmon/day1_rep2/aux_info/fld.gz	REGENERABLE	salmon index/quant 重建
D:\stroke_apa_reanalysis	data/salmon/day1_rep2/aux_info/meta_info.json	REGENERABLE	salmon index/quant 重建
D:\stroke_apa_reanalysis	data/salmon/day1_rep2/aux_info/observed_bias.gz	REGENERABLE	salmon index/quant 重建
D:\stroke_apa_reanalysis	data/salmon/day1_rep2/aux_info/observed_bias_3p.gz	REGENERABLE	salmon index/quant 重建
D:\stroke_apa_reanalysis	data/salmon/day1_rep2/libParams/flenDist.txt	REGENERABLE	salmon index/quant 重建
D:\stroke_apa_reanalysis	data/salmon/day1_rep2/logs/salmon_quant.log	REGENERABLE	salmon index/quant 重建
D:\stroke_apa_reanalysis	data/salmon/day21_rep1/cmd_info.json	REGENERABLE	salmon index/quant 重建
D:\stroke_apa_reanalysis	data/salmon/day21_rep1/lib_format_counts.json	REGENERABLE	salmon index/quant 重建
D:\stroke_apa_reanalysis	data/salmon/day21_rep1/quant.sf	REGENERABLE	salmon index/quant 重建
D:\stroke_apa_reanalysis	data/salmon/day21_rep1/aux_info/ambig_info.tsv	REGENERABLE	salmon index/quant 重建
D:\stroke_apa_reanalysis	data/salmon/day21_rep1/aux_info/expected_bias.gz	REGENERABLE	salmon index/quant 重建
D:\stroke_apa_reanalysis	data/salmon/day21_rep1/aux_info/fld.gz	REGENERABLE	salmon index/quant 重建
D:\stroke_apa_reanalysis	data/salmon/day21_rep1/aux_info/meta_info.json	REGENERABLE	salmon index/quant 重建
D:\stroke_apa_reanalysis	data/salmon/day21_rep1/aux_info/observed_bias.gz	REGENERABLE	salmon index/quant 重建
D:\stroke_apa_reanalysis	data/salmon/day21_rep1/aux_info/observed_bias_3p.gz	REGENERABLE	salmon index/quant 重建
D:\stroke_apa_reanalysis	data/salmon/day21_rep1/libParams/flenDist.txt	REGENERABLE	salmon index/quant 重建
D:\stroke_apa_reanalysis	data/salmon/day21_rep1/logs/salmon_quant.log	REGENERABLE	salmon index/quant 重建
D:\stroke_apa_reanalysis	data/salmon/day21_rep2/cmd_info.json	REGENERABLE	salmon index/quant 重建
D:\stroke_apa_reanalysis	data/salmon/day21_rep2/lib_format_counts.json	REGENERABLE	salmon index/quant 重建
D:\stroke_apa_reanalysis	data/salmon/day21_rep2/quant.sf	REGENERABLE	salmon index/quant 重建
D:\stroke_apa_reanalysis	data/salmon/day21_rep2/aux_info/ambig_info.tsv	REGENERABLE	salmon index/quant 重建
D:\stroke_apa_reanalysis	data/salmon/day21_rep2/aux_info/expected_bias.gz	REGENERABLE	salmon index/quant 重建
D:\stroke_apa_reanalysis	data/salmon/day21_rep2/aux_info/fld.gz	REGENERABLE	salmon index/quant 重建
D:\stroke_apa_reanalysis	data/salmon/day21_rep2/aux_info/meta_info.json	REGENERABLE	salmon index/quant 重建
D:\stroke_apa_reanalysis	data/salmon/day21_rep2/aux_info/observed_bias.gz	REGENERABLE	salmon index/quant 重建
D:\stroke_apa_reanalysis	data/salmon/day21_rep2/aux_info/observed_bias_3p.gz	REGENERABLE	salmon index/quant 重建
D:\stroke_apa_reanalysis	data/salmon/day21_rep2/libParams/flenDist.txt	REGENERABLE	salmon index/quant 重建
D:\stroke_apa_reanalysis	data/salmon/day21_rep2/logs/salmon_quant.log	REGENERABLE	salmon index/quant 重建
D:\stroke_apa_reanalysis	data/salmon/day3_rep1/cmd_info.json	REGENERABLE	salmon index/quant 重建
D:\stroke_apa_reanalysis	data/salmon/day3_rep1/lib_format_counts.json	REGENERABLE	salmon index/quant 重建
D:\stroke_apa_reanalysis	data/salmon/day3_rep1/quant.sf	REGENERABLE	salmon index/quant 重建
D:\stroke_apa_reanalysis	data/salmon/day3_rep1/aux_info/ambig_info.tsv	REGENERABLE	salmon index/quant 重建
D:\stroke_apa_reanalysis	data/salmon/day3_rep1/aux_info/expected_bias.gz	REGENERABLE	salmon index/quant 重建
D:\stroke_apa_reanalysis	data/salmon/day3_rep1/aux_info/fld.gz	REGENERABLE	salmon index/quant 重建
D:\stroke_apa_reanalysis	data/salmon/day3_rep1/aux_info/meta_info.json	REGENERABLE	salmon index/quant 重建
D:\stroke_apa_reanalysis	data/salmon/day3_rep1/aux_info/observed_bias.gz	REGENERABLE	salmon index/quant 重建
D:\stroke_apa_reanalysis	data/salmon/day3_rep1/aux_info/observed_bias_3p.gz	REGENERABLE	salmon index/quant 重建
D:\stroke_apa_reanalysis	data/salmon/day3_rep1/libParams/flenDist.txt	REGENERABLE	salmon index/quant 重建
D:\stroke_apa_reanalysis	data/salmon/day3_rep1/logs/salmon_quant.log	REGENERABLE	salmon index/quant 重建
D:\stroke_apa_reanalysis	data/salmon/day3_rep2/cmd_info.json	REGENERABLE	salmon index/quant 重建
D:\stroke_apa_reanalysis	data/salmon/day3_rep2/lib_format_counts.json	REGENERABLE	salmon index/quant 重建
D:\stroke_apa_reanalysis	data/salmon/day3_rep2/quant.sf	REGENERABLE	salmon index/quant 重建
D:\stroke_apa_reanalysis	data/salmon/day3_rep2/aux_info/ambig_info.tsv	REGENERABLE	salmon index/quant 重建
D:\stroke_apa_reanalysis	data/salmon/day3_rep2/aux_info/expected_bias.gz	REGENERABLE	salmon index/quant 重建
D:\stroke_apa_reanalysis	data/salmon/day3_rep2/aux_info/fld.gz	REGENERABLE	salmon index/quant 重建
D:\stroke_apa_reanalysis	data/salmon/day3_rep2/aux_info/meta_info.json	REGENERABLE	salmon index/quant 重建
D:\stroke_apa_reanalysis	data/salmon/day3_rep2/aux_info/observed_bias.gz	REGENERABLE	salmon index/quant 重建
D:\stroke_apa_reanalysis	data/salmon/day3_rep2/aux_info/observed_bias_3p.gz	REGENERABLE	salmon index/quant 重建
D:\stroke_apa_reanalysis	data/salmon/day3_rep2/libParams/flenDist.txt	REGENERABLE	salmon index/quant 重建
D:\stroke_apa_reanalysis	data/salmon/day3_rep2/logs/salmon_quant.log	REGENERABLE	salmon index/quant 重建
D:\stroke_apa_reanalysis	data/salmon/day60_rep1/cmd_info.json	REGENERABLE	salmon index/quant 重建
D:\stroke_apa_reanalysis	data/salmon/day60_rep1/lib_format_counts.json	REGENERABLE	salmon index/quant 重建
D:\stroke_apa_reanalysis	data/salmon/day60_rep1/quant.sf	REGENERABLE	salmon index/quant 重建
D:\stroke_apa_reanalysis	data/salmon/day60_rep1/aux_info/ambig_info.tsv	REGENERABLE	salmon index/quant 重建
D:\stroke_apa_reanalysis	data/salmon/day60_rep1/aux_info/expected_bias.gz	REGENERABLE	salmon index/quant 重建
D:\stroke_apa_reanalysis	data/salmon/day60_rep1/aux_info/fld.gz	REGENERABLE	salmon index/quant 重建
D:\stroke_apa_reanalysis	data/salmon/day60_rep1/aux_info/meta_info.json	REGENERABLE	salmon index/quant 重建
D:\stroke_apa_reanalysis	data/salmon/day60_rep1/aux_info/observed_bias.gz	REGENERABLE	salmon index/quant 重建
D:\stroke_apa_reanalysis	data/salmon/day60_rep1/aux_info/observed_bias_3p.gz	REGENERABLE	salmon index/quant 重建
D:\stroke_apa_reanalysis	data/salmon/day60_rep1/libParams/flenDist.txt	REGENERABLE	salmon index/quant 重建
D:\stroke_apa_reanalysis	data/salmon/day60_rep1/logs/salmon_quant.log	REGENERABLE	salmon index/quant 重建
D:\stroke_apa_reanalysis	data/salmon/day60_rep2/cmd_info.json	REGENERABLE	salmon index/quant 重建
D:\stroke_apa_reanalysis	data/salmon/day60_rep2/lib_format_counts.json	REGENERABLE	salmon index/quant 重建
D:\stroke_apa_reanalysis	data/salmon/day60_rep2/quant.sf	REGENERABLE	salmon index/quant 重建
D:\stroke_apa_reanalysis	data/salmon/day60_rep2/aux_info/ambig_info.tsv	REGENERABLE	salmon index/quant 重建
D:\stroke_apa_reanalysis	data/salmon/day60_rep2/aux_info/expected_bias.gz	REGENERABLE	salmon index/quant 重建
D:\stroke_apa_reanalysis	data/salmon/day60_rep2/aux_info/fld.gz	REGENERABLE	salmon index/quant 重建
D:\stroke_apa_reanalysis	data/salmon/day60_rep2/aux_info/meta_info.json	REGENERABLE	salmon index/quant 重建
D:\stroke_apa_reanalysis	data/salmon/day60_rep2/aux_info/observed_bias.gz	REGENERABLE	salmon index/quant 重建
D:\stroke_apa_reanalysis	data/salmon/day60_rep2/aux_info/observed_bias_3p.gz	REGENERABLE	salmon index/quant 重建
D:\stroke_apa_reanalysis	data/salmon/day60_rep2/libParams/flenDist.txt	REGENERABLE	salmon index/quant 重建
D:\stroke_apa_reanalysis	data/salmon/day60_rep2/logs/salmon_quant.log	REGENERABLE	salmon index/quant 重建
D:\stroke_apa_reanalysis	data/salmon/day7_rep1/cmd_info.json	REGENERABLE	salmon index/quant 重建
D:\stroke_apa_reanalysis	data/salmon/day7_rep1/lib_format_counts.json	REGENERABLE	salmon index/quant 重建
D:\stroke_apa_reanalysis	data/salmon/day7_rep1/quant.sf	REGENERABLE	salmon index/quant 重建
D:\stroke_apa_reanalysis	data/salmon/day7_rep1/aux_info/ambig_info.tsv	REGENERABLE	salmon index/quant 重建
D:\stroke_apa_reanalysis	data/salmon/day7_rep1/aux_info/expected_bias.gz	REGENERABLE	salmon index/quant 重建
D:\stroke_apa_reanalysis	data/salmon/day7_rep1/aux_info/fld.gz	REGENERABLE	salmon index/quant 重建
D:\stroke_apa_reanalysis	data/salmon/day7_rep1/aux_info/meta_info.json	REGENERABLE	salmon index/quant 重建
D:\stroke_apa_reanalysis	data/salmon/day7_rep1/aux_info/observed_bias.gz	REGENERABLE	salmon index/quant 重建
D:\stroke_apa_reanalysis	data/salmon/day7_rep1/aux_info/observed_bias_3p.gz	REGENERABLE	salmon index/quant 重建
D:\stroke_apa_reanalysis	data/salmon/day7_rep1/libParams/flenDist.txt	REGENERABLE	salmon index/quant 重建
D:\stroke_apa_reanalysis	data/salmon/day7_rep1/logs/salmon_quant.log	REGENERABLE	salmon index/quant 重建
D:\stroke_apa_reanalysis	data/salmon/day7_rep2/cmd_info.json	REGENERABLE	salmon index/quant 重建
D:\stroke_apa_reanalysis	data/salmon/day7_rep2/lib_format_counts.json	REGENERABLE	salmon index/quant 重建
D:\stroke_apa_reanalysis	data/salmon/day7_rep2/quant.sf	REGENERABLE	salmon index/quant 重建
D:\stroke_apa_reanalysis	data/salmon/day7_rep2/aux_info/ambig_info.tsv	REGENERABLE	salmon index/quant 重建
D:\stroke_apa_reanalysis	data/salmon/day7_rep2/aux_info/expected_bias.gz	REGENERABLE	salmon index/quant 重建
D:\stroke_apa_reanalysis	data/salmon/day7_rep2/aux_info/fld.gz	REGENERABLE	salmon index/quant 重建
D:\stroke_apa_reanalysis	data/salmon/day7_rep2/aux_info/meta_info.json	REGENERABLE	salmon index/quant 重建
D:\stroke_apa_reanalysis	data/salmon/day7_rep2/aux_info/observed_bias.gz	REGENERABLE	salmon index/quant 重建
D:\stroke_apa_reanalysis	data/salmon/day7_rep2/aux_info/observed_bias_3p.gz	REGENERABLE	salmon index/quant 重建
D:\stroke_apa_reanalysis	data/salmon/day7_rep2/libParams/flenDist.txt	REGENERABLE	salmon index/quant 重建
D:\stroke_apa_reanalysis	data/salmon/day7_rep2/logs/salmon_quant.log	REGENERABLE	salmon index/quant 重建
D:\stroke_apa_reanalysis	data/salmon/sham1/cmd_info.json	REGENERABLE	salmon index/quant 重建
D:\stroke_apa_reanalysis	data/salmon/sham1/lib_format_counts.json	REGENERABLE	salmon index/quant 重建
D:\stroke_apa_reanalysis	data/salmon/sham1/quant.sf	REGENERABLE	salmon index/quant 重建
D:\stroke_apa_reanalysis	data/salmon/sham1/aux_info/ambig_info.tsv	REGENERABLE	salmon index/quant 重建
D:\stroke_apa_reanalysis	data/salmon/sham1/aux_info/expected_bias.gz	REGENERABLE	salmon index/quant 重建
D:\stroke_apa_reanalysis	data/salmon/sham1/aux_info/fld.gz	REGENERABLE	salmon index/quant 重建
D:\stroke_apa_reanalysis	data/salmon/sham1/aux_info/meta_info.json	REGENERABLE	salmon index/quant 重建
D:\stroke_apa_reanalysis	data/salmon/sham1/aux_info/observed_bias.gz	REGENERABLE	salmon index/quant 重建
D:\stroke_apa_reanalysis	data/salmon/sham1/aux_info/observed_bias_3p.gz	REGENERABLE	salmon index/quant 重建
D:\stroke_apa_reanalysis	data/salmon/sham1/libParams/flenDist.txt	REGENERABLE	salmon index/quant 重建
D:\stroke_apa_reanalysis	data/salmon/sham1/logs/salmon_quant.log	REGENERABLE	salmon index/quant 重建
D:\stroke_apa_reanalysis	data/salmon/sham2/cmd_info.json	REGENERABLE	salmon index/quant 重建
D:\stroke_apa_reanalysis	data/salmon/sham2/lib_format_counts.json	REGENERABLE	salmon index/quant 重建
D:\stroke_apa_reanalysis	data/salmon/sham2/quant.sf	REGENERABLE	salmon index/quant 重建
D:\stroke_apa_reanalysis	data/salmon/sham2/aux_info/ambig_info.tsv	REGENERABLE	salmon index/quant 重建
D:\stroke_apa_reanalysis	data/salmon/sham2/aux_info/expected_bias.gz	REGENERABLE	salmon index/quant 重建
D:\stroke_apa_reanalysis	data/salmon/sham2/aux_info/fld.gz	REGENERABLE	salmon index/quant 重建
D:\stroke_apa_reanalysis	data/salmon/sham2/aux_info/meta_info.json	REGENERABLE	salmon index/quant 重建
D:\stroke_apa_reanalysis	data/salmon/sham2/aux_info/observed_bias.gz	REGENERABLE	salmon index/quant 重建
D:\stroke_apa_reanalysis	data/salmon/sham2/aux_info/observed_bias_3p.gz	REGENERABLE	salmon index/quant 重建
D:\stroke_apa_reanalysis	data/salmon/sham2/libParams/flenDist.txt	REGENERABLE	salmon index/quant 重建
D:\stroke_apa_reanalysis	data/salmon/sham2/logs/salmon_quant.log	REGENERABLE	salmon index/quant 重建
D:\stroke_apa_reanalysis	data/tools/DaPars2/Dapars2_Test_Dataset.zip	RELEASE_ZIP	Dapars2_Test_Dataset.zip
D:\stroke_apa_reanalysis	data/tools/DaPars2/LICENSE	STAGED	tools/DaPars2_patched/LICENSE（sha256 一致）
D:\stroke_apa_reanalysis	data/tools/DaPars2/README.md	STAGED	tools/DaPars2_patched/README.md（sha256 一致）
D:\stroke_apa_reanalysis	data/tools/DaPars2/src/Dapars2_Multi_Sample.py	STAGED	tools/DaPars2_patched/src/Dapars2_Multi_Sample.py（sha256 一致）
D:\stroke_apa_reanalysis	data/tools/DaPars2/src/DaPars2_Multi_Sample_Multi_Chr.py	STAGED	tools/DaPars2_patched/src/DaPars2_Multi_Sample_Multi_Chr.py（sha256 一致）
D:\stroke_apa_reanalysis	data/tools/DaPars2/src/DaPars2_Multi_Sample_Multi_Chr.py.bak_20260918	STAGED	tools/DaPars2_patched/src/DaPars2_Multi_Sample_Multi_Chr.py.bak_20260918（sha256 一致）
D:\stroke_apa_reanalysis	data/tools/DaPars2/src/DaPars_Extract_Anno.py	STAGED	tools/DaPars2_patched/src/DaPars_Extract_Anno.py（sha256 一致）
D:\stroke_apa_reanalysis	input_links/dapars2_event_coordinates.tsv	RELEASE_ZIP	内容在 REANALYSIS_RESULTS_20260923.zip 内(basename+size 一致)
D:\stroke_apa_reanalysis	input_links/frozen_motif_family_mapping.tsv	RELEASE_ZIP	内容在 REANALYSIS_RESULTS_20260923.zip 内(basename+size 一致)
D:\stroke_apa_reanalysis	input_links/frozen_rbp_motifs.meme	RELEASE_ZIP	内容在 REANALYSIS_RESULTS_20260923.zip 内(basename+size 一致)
D:\stroke_apa_reanalysis	input_links/gencode_M25_3UTR_for_DaPars2.bed	RELEASE_ZIP	内容在 REANALYSIS_RESULTS_20260923.zip 内(basename+size 一致)
D:\stroke_apa_reanalysis	input_links/lost_segments.OLD_WRONGSTRAND.bed	RELEASE_ZIP	内容在 REANALYSIS_RESULTS_20260923.zip 内(basename+size 一致)
D:\stroke_apa_reanalysis	input_links/p2_full_merge_qc.tsv	RELEASE_ZIP	内容在 REANALYSIS_RESULTS_20260923.zip 内(basename+size 一致)
D:\stroke_apa_reanalysis	input_links/p2_full_pdui_matrix.tsv	RELEASE_ZIP	内容在 REANALYSIS_RESULTS_20260923.zip 内(basename+size 一致)
D:\stroke_apa_reanalysis	input_links/p2_full_qc_correlation.tsv	RELEASE_ZIP	内容在 REANALYSIS_RESULTS_20260923.zip 内(basename+size 一致)
D:\stroke_apa_reanalysis	input_links/p2_full_qc_pca.tsv	RELEASE_ZIP	内容在 REANALYSIS_RESULTS_20260923.zip 内(basename+size 一致)
D:\stroke_apa_reanalysis	input_links/p2_full_qc_sample_level.tsv	RELEASE_ZIP	内容在 REANALYSIS_RESULTS_20260923.zip 内(basename+size 一致)
D:\stroke_apa_reanalysis	input_links/p2_full_qc_stratified.tsv	RELEASE_ZIP	内容在 REANALYSIS_RESULTS_20260923.zip 内(basename+size 一致)
D:\stroke_apa_reanalysis	input_links/p2_sample_map.tsv	RELEASE_ZIP	内容在 REANALYSIS_RESULTS_20260923.zip 内(basename+size 一致)
D:\stroke_apa_reanalysis	input_links/P2_SAP_frozen.md	RELEASE_ZIP	内容在 REANALYSIS_RESULTS_20260923.zip 内(basename+size 一致)
D:\stroke_apa_reanalysis	input_links/p2_sap_layer2_events.tsv	RELEASE_ZIP	内容在 REANALYSIS_RESULTS_20260923.zip 内(basename+size 一致)
D:\stroke_apa_reanalysis	input_links/p2_second_tool_consistency.tsv	RELEASE_ZIP	内容在 REANALYSIS_RESULTS_20260923.zip 内(basename+size 一致)
D:\stroke_apa_reanalysis	input_links/p2_second_tool_top40_signs.tsv	RELEASE_ZIP	内容在 REANALYSIS_RESULTS_20260923.zip 内(basename+size 一致)
D:\stroke_apa_reanalysis	input_links/p3_level2_qki_clip_peaks.bed	RELEASE_ZIP	内容在 REANALYSIS_RESULTS_20260923.zip 内(basename+size 一致)
D:\stroke_apa_reanalysis	input_links/p3_p4_event_annotation_matrix.OLD.tsv	RELEASE_ZIP	内容在 REANALYSIS_RESULTS_20260923.zip 内(basename+size 一致)
D:\stroke_apa_reanalysis	input_links/p3_p4_event_annotation_matrix.tsv	RELEASE_ZIP	内容在 REANALYSIS_RESULTS_20260923.zip 内(basename+size 一致)
D:\stroke_apa_reanalysis	input_links/P4_03_evidence_class_frozen.md	RELEASE_ZIP	内容在 REANALYSIS_RESULTS_20260923.zip 内(basename+size 一致)
D:\stroke_apa_reanalysis	input_links/p4_candidate_cards.md	RELEASE_ZIP	内容在 REANALYSIS_RESULTS_20260923.zip 内(basename+size 一致)
D:\stroke_apa_reanalysis	input_links/p4_mpra_counts_long.tsv	RELEASE_ZIP	内容在 REANALYSIS_RESULTS_20260923.zip 内(basename+size 一致)
D:\stroke_apa_reanalysis	input_links/p4_top_b_class_candidates.tsv	RELEASE_ZIP	内容在 REANALYSIS_RESULTS_20260923.zip 内(basename+size 一致)
D:\stroke_apa_reanalysis	input_links/p5_redline_check.tsv	RELEASE_ZIP	内容在 REANALYSIS_RESULTS_20260923.zip 内(basename+size 一致)
D:\stroke_apa_reanalysis	input_links/pap_gene_sets_set1_pap2729.txt	RELEASE_ZIP	内容在 REANALYSIS_RESULTS_20260923.zip 内(basename+size 一致)
D:\stroke_apa_reanalysis	logs/p4_1_gse143531_v2.log	RELEASE_ZIP	内容在 REANALYSIS_RESULTS_20260923.zip 内(basename+size 一致)
D:\stroke_apa_reanalysis	metadata/wetlab_sample_metadata_template.tsv	RELEASE_ZIP	内容在 REANALYSIS_RESULTS_20260923.zip 内(basename+size 一致)
D:\stroke_apa_reanalysis	results/00_inventory/input_files_sha256.tsv	RELEASE_ZIP	内容在 REANALYSIS_RESULTS_20260923.zip 内(basename+size 一致)
D:\stroke_apa_reanalysis	results/00_inventory/inventory_final_zip.txt	RELEASE_ZIP	内容在 REANALYSIS_RESULTS_20260923.zip 内(basename+size 一致)
D:\stroke_apa_reanalysis	results/00_inventory/inventory_igv_zip.txt	RELEASE_ZIP	内容在 REANALYSIS_RESULTS_20260923.zip 内(basename+size 一致)
D:\stroke_apa_reanalysis	results/00_inventory/package_sha256.tsv	RELEASE_ZIP	内容在 REANALYSIS_RESULTS_20260923.zip 内(basename+size 一致)
D:\stroke_apa_reanalysis	results/00_inventory/provenance_manifest.tsv	RELEASE_ZIP	内容在 REANALYSIS_RESULTS_20260923.zip 内(basename+size 一致)
D:\stroke_apa_reanalysis	results/00_inventory/samtools_version.txt	RELEASE_ZIP	内容在 REANALYSIS_RESULTS_20260923.zip 内(basename+size 一致)
D:\stroke_apa_reanalysis	results/00_inventory/software_versions.tsv	RELEASE_ZIP	内容在 REANALYSIS_RESULTS_20260923.zip 内(basename+size 一致)
D:\stroke_apa_reanalysis	results/01_strand_audit/distal_segments.sorted.bed	RELEASE_ZIP	内容在 REANALYSIS_RESULTS_20260923.zip 内(basename+size 一致)
D:\stroke_apa_reanalysis	results/01_strand_audit/distal_segments.strand_aware.bed	RELEASE_ZIP	内容在 REANALYSIS_RESULTS_20260923.zip 内(basename+size 一致)
D:\stroke_apa_reanalysis	results/01_strand_audit/invalid_event_coordinates.tsv	RELEASE_ZIP	内容在 REANALYSIS_RESULTS_20260923.zip 内(basename+size 一致)
D:\stroke_apa_reanalysis	results/01_strand_audit/rebuild_notes.md	RELEASE_ZIP	内容在 REANALYSIS_RESULTS_20260923.zip 内(basename+size 一致)
D:\stroke_apa_reanalysis	results/01_strand_audit/shared_segments.sorted.bed	RELEASE_ZIP	内容在 REANALYSIS_RESULTS_20260923.zip 内(basename+size 一致)
D:\stroke_apa_reanalysis	results/01_strand_audit/shared_segments.strand_aware.bed	RELEASE_ZIP	内容在 REANALYSIS_RESULTS_20260923.zip 内(basename+size 一致)
D:\stroke_apa_reanalysis	results/01_strand_audit/strand_aware_event_segments.tsv	RELEASE_ZIP	内容在 REANALYSIS_RESULTS_20260923.zip 内(basename+size 一致)
D:\stroke_apa_reanalysis	results/02_candidate_rebuild/candidate_cards_v2.md	RELEASE_ZIP	内容在 REANALYSIS_RESULTS_20260923.zip 内(basename+size 一致)
D:\stroke_apa_reanalysis	results/02_candidate_rebuild/candidate_ranking_v2.tsv	RELEASE_ZIP	内容在 REANALYSIS_RESULTS_20260923.zip 内(basename+size 一致)
D:\stroke_apa_reanalysis	results/02_candidate_rebuild/distal_candidates.strand_aware.fa	RELEASE_ZIP	内容在 REANALYSIS_RESULTS_20260923.zip 内(basename+size 一致)
D:\stroke_apa_reanalysis	results/02_candidate_rebuild/distal_candidates_mapping.tsv	RELEASE_ZIP	内容在 REANALYSIS_RESULTS_20260923.zip 内(basename+size 一致)
D:\stroke_apa_reanalysis	results/02_candidate_rebuild/distal_conservation.tsv	RELEASE_ZIP	内容在 REANALYSIS_RESULTS_20260923.zip 内(basename+size 一致)
D:\stroke_apa_reanalysis	results/02_candidate_rebuild/distal_nullpool.fa	RELEASE_ZIP	内容在 REANALYSIS_RESULTS_20260923.zip 内(basename+size 一致)
D:\stroke_apa_reanalysis	results/02_candidate_rebuild/distal_nullpool_mapping.tsv	RELEASE_ZIP	内容在 REANALYSIS_RESULTS_20260923.zip 内(basename+size 一致)
D:\stroke_apa_reanalysis	results/02_candidate_rebuild/events_changed_class.tsv	RELEASE_ZIP	内容在 REANALYSIS_RESULTS_20260923.zip 内(basename+size 一致)
D:\stroke_apa_reanalysis	results/02_candidate_rebuild/events_changed_qki_status.tsv	RELEASE_ZIP	内容在 REANALYSIS_RESULTS_20260923.zip 内(basename+size 一致)
D:\stroke_apa_reanalysis	results/02_candidate_rebuild/event_annotation_matrix.v2.tsv	RELEASE_ZIP	内容在 REANALYSIS_RESULTS_20260923.zip 内(basename+size 一致)
D:\stroke_apa_reanalysis	results/02_candidate_rebuild/fimo_distal.log	RELEASE_ZIP	内容在 REANALYSIS_RESULTS_20260923.zip 内(basename+size 一致)
D:\stroke_apa_reanalysis	results/02_candidate_rebuild/fimo_null.log	RELEASE_ZIP	内容在 REANALYSIS_RESULTS_20260923.zip 内(basename+size 一致)
D:\stroke_apa_reanalysis	results/02_candidate_rebuild/motif_event_summary.tsv	RELEASE_ZIP	内容在 REANALYSIS_RESULTS_20260923.zip 内(basename+size 一致)
D:\stroke_apa_reanalysis	results/02_candidate_rebuild/motif_family_enrichment.tsv	RELEASE_ZIP	内容在 REANALYSIS_RESULTS_20260923.zip 内(basename+size 一致)
D:\stroke_apa_reanalysis	results/02_candidate_rebuild/motif_null_matching_qc.tsv	RELEASE_ZIP	内容在 REANALYSIS_RESULTS_20260923.zip 内(basename+size 一致)
D:\stroke_apa_reanalysis	results/02_candidate_rebuild/null_matched.fa	RELEASE_ZIP	内容在 REANALYSIS_RESULTS_20260923.zip 内(basename+size 一致)
D:\stroke_apa_reanalysis	results/02_candidate_rebuild/null_matched_mapping.tsv	RELEASE_ZIP	内容在 REANALYSIS_RESULTS_20260923.zip 内(basename+size 一致)
D:\stroke_apa_reanalysis	results/02_candidate_rebuild/old_vs_new_annotation_diff.tsv	RELEASE_ZIP	内容在 REANALYSIS_RESULTS_20260923.zip 内(basename+size 一致)
D:\stroke_apa_reanalysis	results/02_candidate_rebuild/pas_distance_977.tsv	RELEASE_ZIP	内容在 REANALYSIS_RESULTS_20260923.zip 内(basename+size 一致)
D:\stroke_apa_reanalysis	results/02_candidate_rebuild/qki_distal_intersections.tsv	RELEASE_ZIP	内容在 REANALYSIS_RESULTS_20260923.zip 内(basename+size 一致)
D:\stroke_apa_reanalysis	results/02_candidate_rebuild/qki_peaks.sorted.bed	RELEASE_ZIP	内容在 REANALYSIS_RESULTS_20260923.zip 内(basename+size 一致)
D:\stroke_apa_reanalysis	results/02_candidate_rebuild/qki_per_event_summary.tsv	RELEASE_ZIP	内容在 REANALYSIS_RESULTS_20260923.zip 内(basename+size 一致)
D:\stroke_apa_reanalysis	results/02_candidate_rebuild/qki_shared_intersections.tsv	RELEASE_ZIP	内容在 REANALYSIS_RESULTS_20260923.zip 内(basename+size 一致)
D:\stroke_apa_reanalysis	results/02_candidate_rebuild/rebuild_session_info.txt	RELEASE_ZIP	内容在 REANALYSIS_RESULTS_20260923.zip 内(basename+size 一致)
D:\stroke_apa_reanalysis	results/02_candidate_rebuild/salmon_atp2a2_baseline.tsv	RELEASE_ZIP	内容在 REANALYSIS_RESULTS_20260923.zip 内(basename+size 一致)
D:\stroke_apa_reanalysis	results/02_candidate_rebuild/salmon_gate1_baseline.tsv	RELEASE_ZIP	内容在 REANALYSIS_RESULTS_20260923.zip 内(basename+size 一致)
D:\stroke_apa_reanalysis	results/02_candidate_rebuild/fimo_distal/best_site.narrowPeak	STAGED	results/reanalysis/02_candidate_rebuild/fimo_distal/best_site.narrowPeak（sha256 一致）
D:\stroke_apa_reanalysis	results/02_candidate_rebuild/fimo_distal/cisml.xml	REGENERABLE	FIMO 重扫（REGENERATE.md §6）
D:\stroke_apa_reanalysis	results/02_candidate_rebuild/fimo_distal/fimo.gff	REGENERABLE	FIMO 重扫
D:\stroke_apa_reanalysis	results/02_candidate_rebuild/fimo_distal/fimo.html	STAGED	results/reanalysis/02_candidate_rebuild/fimo_distal/fimo.html（sha256 一致）
D:\stroke_apa_reanalysis	results/02_candidate_rebuild/fimo_distal/fimo.tsv	RELEASE_ZIP	内容在 REANALYSIS_RESULTS_20260923.zip 内(basename+size 一致)
D:\stroke_apa_reanalysis	results/02_candidate_rebuild/fimo_distal/fimo.xml	STAGED	results/reanalysis/02_candidate_rebuild/fimo_distal/fimo.xml（sha256 一致）
D:\stroke_apa_reanalysis	results/02_candidate_rebuild/fimo_null/best_site.narrowPeak	STAGED	results/reanalysis/02_candidate_rebuild/fimo_null/best_site.narrowPeak（sha256 一致）
D:\stroke_apa_reanalysis	results/02_candidate_rebuild/fimo_null/cisml.xml	REGENERABLE	FIMO 重扫
D:\stroke_apa_reanalysis	results/02_candidate_rebuild/fimo_null/fimo.gff	REGENERABLE	FIMO 重扫
D:\stroke_apa_reanalysis	results/02_candidate_rebuild/fimo_null/fimo.html	STAGED	results/reanalysis/02_candidate_rebuild/fimo_null/fimo.html（sha256 一致）
D:\stroke_apa_reanalysis	results/02_candidate_rebuild/fimo_null/fimo.tsv	STAGED	results/reanalysis/02_candidate_rebuild/fimo_null/fimo.tsv（sha256 一致）
D:\stroke_apa_reanalysis	results/02_candidate_rebuild/fimo_null/fimo.xml	STAGED	results/reanalysis/02_candidate_rebuild/fimo_null/fimo.xml（sha256 一致）
D:\stroke_apa_reanalysis	results/03_bam_review/arich_risk.tsv	RELEASE_ZIP	内容在 REANALYSIS_RESULTS_20260923.zip 内(basename+size 一致)
D:\stroke_apa_reanalysis	results/03_bam_review/Atp2a2_read_metrics.tsv	RELEASE_ZIP	内容在 REANALYSIS_RESULTS_20260923.zip 内(basename+size 一致)
D:\stroke_apa_reanalysis	results/03_bam_review/Atp2a2_read_review.md	RELEASE_ZIP	内容在 REANALYSIS_RESULTS_20260923.zip 内(basename+size 一致)
D:\stroke_apa_reanalysis	results/03_bam_review/Atp2a2_read_review.tsv	RELEASE_ZIP	内容在 REANALYSIS_RESULTS_20260923.zip 内(basename+size 一致)
D:\stroke_apa_reanalysis	results/03_bam_review/bam_coverage_review.tsv	RELEASE_ZIP	内容在 REANALYSIS_RESULTS_20260923.zip 内(basename+size 一致)
D:\stroke_apa_reanalysis	results/03_bam_review/depth_day3_rep1.tsv	RELEASE_ZIP	内容在 REANALYSIS_RESULTS_20260923.zip 内(basename+size 一致)
D:\stroke_apa_reanalysis	results/03_bam_review/depth_day3_rep2.tsv	RELEASE_ZIP	内容在 REANALYSIS_RESULTS_20260923.zip 内(basename+size 一致)
D:\stroke_apa_reanalysis	results/03_bam_review/depth_day7_rep1.tsv	RELEASE_ZIP	内容在 REANALYSIS_RESULTS_20260923.zip 内(basename+size 一致)
D:\stroke_apa_reanalysis	results/03_bam_review/depth_day7_rep2.tsv	RELEASE_ZIP	内容在 REANALYSIS_RESULTS_20260923.zip 内(basename+size 一致)
D:\stroke_apa_reanalysis	results/03_bam_review/depth_sham1.tsv	RELEASE_ZIP	内容在 REANALYSIS_RESULTS_20260923.zip 内(basename+size 一致)
D:\stroke_apa_reanalysis	results/03_bam_review/depth_sham2.tsv	RELEASE_ZIP	内容在 REANALYSIS_RESULTS_20260923.zip 内(basename+size 一致)
D:\stroke_apa_reanalysis	results/03_bam_review/event_review_table.tsv	RELEASE_ZIP	内容在 REANALYSIS_RESULTS_20260923.zip 内(basename+size 一致)
D:\stroke_apa_reanalysis	results/03_bam_review/event_review_table.v2.tsv	RELEASE_ZIP	内容在 REANALYSIS_RESULTS_20260923.zip 内(basename+size 一致)
D:\stroke_apa_reanalysis	results/03_bam_review/event_review_table_QC.md	RELEASE_ZIP	内容在 REANALYSIS_RESULTS_20260923.zip 内(basename+size 一致)
D:\stroke_apa_reanalysis	results/03_bam_review/idxstats_all.tsv	RELEASE_ZIP	内容在 REANALYSIS_RESULTS_20260923.zip 内(basename+size 一致)
D:\stroke_apa_reanalysis	results/03_bam_review/igv_snapshot_commands.txt	RELEASE_ZIP	内容在 REANALYSIS_RESULTS_20260923.zip 内(basename+size 一致)
D:\stroke_apa_reanalysis	results/03_bam_review/regions.bed	RELEASE_ZIP	内容在 REANALYSIS_RESULTS_20260923.zip 内(basename+size 一致)
D:\stroke_apa_reanalysis	results/03_bam_review/samtools_quickcheck.txt	RELEASE_ZIP	内容在 REANALYSIS_RESULTS_20260923.zip 内(basename+size 一致)
D:\stroke_apa_reanalysis	results/03_bam_review/igv/Atp2a2_day3_rep1.png	RELEASE_ZIP	内容在 REANALYSIS_RESULTS_20260923.zip 内(basename+size 一致)
D:\stroke_apa_reanalysis	results/03_bam_review/igv/Atp2a2_day3_rep2.png	RELEASE_ZIP	内容在 REANALYSIS_RESULTS_20260923.zip 内(basename+size 一致)
D:\stroke_apa_reanalysis	results/03_bam_review/igv/Atp2a2_day7_rep1.png	RELEASE_ZIP	内容在 REANALYSIS_RESULTS_20260923.zip 内(basename+size 一致)
D:\stroke_apa_reanalysis	results/03_bam_review/igv/Atp2a2_day7_rep2.png	RELEASE_ZIP	内容在 REANALYSIS_RESULTS_20260923.zip 内(basename+size 一致)
D:\stroke_apa_reanalysis	results/03_bam_review/igv/Atp2a2_sham1.png	RELEASE_ZIP	内容在 REANALYSIS_RESULTS_20260923.zip 内(basename+size 一致)
D:\stroke_apa_reanalysis	results/03_bam_review/igv/Atp2a2_sham2.png	RELEASE_ZIP	内容在 REANALYSIS_RESULTS_20260923.zip 内(basename+size 一致)
D:\stroke_apa_reanalysis	results/03_bam_review/plots/Agpat3.png	RELEASE_ZIP	内容在 REANALYSIS_RESULTS_20260923.zip 内(basename+size 一致)
D:\stroke_apa_reanalysis	results/03_bam_review/plots/Aplp1.png	RELEASE_ZIP	内容在 REANALYSIS_RESULTS_20260923.zip 内(basename+size 一致)
D:\stroke_apa_reanalysis	results/03_bam_review/plots/Atp2a2.png	RELEASE_ZIP	内容在 REANALYSIS_RESULTS_20260923.zip 内(basename+size 一致)
D:\stroke_apa_reanalysis	results/03_bam_review/plots/Cnp.png	RELEASE_ZIP	内容在 REANALYSIS_RESULTS_20260923.zip 内(basename+size 一致)
D:\stroke_apa_reanalysis	results/03_bam_review/plots/Fam107a.png	RELEASE_ZIP	内容在 REANALYSIS_RESULTS_20260923.zip 内(basename+size 一致)
D:\stroke_apa_reanalysis	results/03_bam_review/plots/Kazn.png	RELEASE_ZIP	内容在 REANALYSIS_RESULTS_20260923.zip 内(basename+size 一致)
D:\stroke_apa_reanalysis	results/03_bam_review/plots/Ndrg2.png	RELEASE_ZIP	内容在 REANALYSIS_RESULTS_20260923.zip 内(basename+size 一致)
D:\stroke_apa_reanalysis	results/03_bam_review/plots/Pea15a.png	RELEASE_ZIP	内容在 REANALYSIS_RESULTS_20260923.zip 内(basename+size 一致)
D:\stroke_apa_reanalysis	results/03_bam_review/plots/Plec.png	RELEASE_ZIP	内容在 REANALYSIS_RESULTS_20260923.zip 内(basename+size 一致)
D:\stroke_apa_reanalysis	results/03_bam_review/plots/Sirt2.png	RELEASE_ZIP	内容在 REANALYSIS_RESULTS_20260923.zip 内(basename+size 一致)
D:\stroke_apa_reanalysis	results/03_bam_review/slices/day3_rep1.Agpat3.cand.bam	RELEASE_ZIP	内容在 REANALYSIS_RESULTS_20260923.zip 内(basename+size 一致)
D:\stroke_apa_reanalysis	results/03_bam_review/slices/day3_rep1.Agpat3.cand.bam.bai	RELEASE_ZIP	内容在 REANALYSIS_RESULTS_20260923.zip 内(basename+size 一致)
D:\stroke_apa_reanalysis	results/03_bam_review/slices/day3_rep1.Aplp1.cand.bam	RELEASE_ZIP	内容在 REANALYSIS_RESULTS_20260923.zip 内(basename+size 一致)
D:\stroke_apa_reanalysis	results/03_bam_review/slices/day3_rep1.Aplp1.cand.bam.bai	RELEASE_ZIP	内容在 REANALYSIS_RESULTS_20260923.zip 内(basename+size 一致)
D:\stroke_apa_reanalysis	results/03_bam_review/slices/day3_rep1.Atp2a2.cand.bam	RELEASE_ZIP	内容在 REANALYSIS_RESULTS_20260923.zip 内(basename+size 一致)
D:\stroke_apa_reanalysis	results/03_bam_review/slices/day3_rep1.Atp2a2.cand.bam.bai	RELEASE_ZIP	内容在 REANALYSIS_RESULTS_20260923.zip 内(basename+size 一致)
D:\stroke_apa_reanalysis	results/03_bam_review/slices/day3_rep1.Cnp.cand.bam	RELEASE_ZIP	内容在 REANALYSIS_RESULTS_20260923.zip 内(basename+size 一致)
D:\stroke_apa_reanalysis	results/03_bam_review/slices/day3_rep1.Cnp.cand.bam.bai	RELEASE_ZIP	内容在 REANALYSIS_RESULTS_20260923.zip 内(basename+size 一致)
D:\stroke_apa_reanalysis	results/03_bam_review/slices/day3_rep1.Fam107a.cand.bam	RELEASE_ZIP	内容在 REANALYSIS_RESULTS_20260923.zip 内(basename+size 一致)
D:\stroke_apa_reanalysis	results/03_bam_review/slices/day3_rep1.Fam107a.cand.bam.bai	RELEASE_ZIP	内容在 REANALYSIS_RESULTS_20260923.zip 内(basename+size 一致)
D:\stroke_apa_reanalysis	results/03_bam_review/slices/day3_rep1.Kazn.cand.bam	RELEASE_ZIP	内容在 REANALYSIS_RESULTS_20260923.zip 内(basename+size 一致)
D:\stroke_apa_reanalysis	results/03_bam_review/slices/day3_rep1.Kazn.cand.bam.bai	RELEASE_ZIP	内容在 REANALYSIS_RESULTS_20260923.zip 内(basename+size 一致)
D:\stroke_apa_reanalysis	results/03_bam_review/slices/day3_rep1.Ndrg2.cand.bam	RELEASE_ZIP	内容在 REANALYSIS_RESULTS_20260923.zip 内(basename+size 一致)
D:\stroke_apa_reanalysis	results/03_bam_review/slices/day3_rep1.Ndrg2.cand.bam.bai	RELEASE_ZIP	内容在 REANALYSIS_RESULTS_20260923.zip 内(basename+size 一致)
D:\stroke_apa_reanalysis	results/03_bam_review/slices/day3_rep1.Pea15a.cand.bam	RELEASE_ZIP	内容在 REANALYSIS_RESULTS_20260923.zip 内(basename+size 一致)
D:\stroke_apa_reanalysis	results/03_bam_review/slices/day3_rep1.Pea15a.cand.bam.bai	RELEASE_ZIP	内容在 REANALYSIS_RESULTS_20260923.zip 内(basename+size 一致)
D:\stroke_apa_reanalysis	results/03_bam_review/slices/day3_rep1.Plec.cand.bam	RELEASE_ZIP	内容在 REANALYSIS_RESULTS_20260923.zip 内(basename+size 一致)
D:\stroke_apa_reanalysis	results/03_bam_review/slices/day3_rep1.Plec.cand.bam.bai	RELEASE_ZIP	内容在 REANALYSIS_RESULTS_20260923.zip 内(basename+size 一致)
D:\stroke_apa_reanalysis	results/03_bam_review/slices/day3_rep1.Sirt2.cand.bam	RELEASE_ZIP	内容在 REANALYSIS_RESULTS_20260923.zip 内(basename+size 一致)
D:\stroke_apa_reanalysis	results/03_bam_review/slices/day3_rep1.Sirt2.cand.bam.bai	RELEASE_ZIP	内容在 REANALYSIS_RESULTS_20260923.zip 内(basename+size 一致)
D:\stroke_apa_reanalysis	results/03_bam_review/slices/day3_rep2.Agpat3.cand.bam	RELEASE_ZIP	内容在 REANALYSIS_RESULTS_20260923.zip 内(basename+size 一致)
D:\stroke_apa_reanalysis	results/03_bam_review/slices/day3_rep2.Agpat3.cand.bam.bai	RELEASE_ZIP	内容在 REANALYSIS_RESULTS_20260923.zip 内(basename+size 一致)
D:\stroke_apa_reanalysis	results/03_bam_review/slices/day3_rep2.Aplp1.cand.bam	RELEASE_ZIP	内容在 REANALYSIS_RESULTS_20260923.zip 内(basename+size 一致)
D:\stroke_apa_reanalysis	results/03_bam_review/slices/day3_rep2.Aplp1.cand.bam.bai	RELEASE_ZIP	内容在 REANALYSIS_RESULTS_20260923.zip 内(basename+size 一致)
D:\stroke_apa_reanalysis	results/03_bam_review/slices/day3_rep2.Atp2a2.cand.bam	RELEASE_ZIP	内容在 REANALYSIS_RESULTS_20260923.zip 内(basename+size 一致)
D:\stroke_apa_reanalysis	results/03_bam_review/slices/day3_rep2.Atp2a2.cand.bam.bai	RELEASE_ZIP	内容在 REANALYSIS_RESULTS_20260923.zip 内(basename+size 一致)
D:\stroke_apa_reanalysis	results/03_bam_review/slices/day3_rep2.Cnp.cand.bam	RELEASE_ZIP	内容在 REANALYSIS_RESULTS_20260923.zip 内(basename+size 一致)
D:\stroke_apa_reanalysis	results/03_bam_review/slices/day3_rep2.Cnp.cand.bam.bai	RELEASE_ZIP	内容在 REANALYSIS_RESULTS_20260923.zip 内(basename+size 一致)
D:\stroke_apa_reanalysis	results/03_bam_review/slices/day3_rep2.Fam107a.cand.bam	RELEASE_ZIP	内容在 REANALYSIS_RESULTS_20260923.zip 内(basename+size 一致)
D:\stroke_apa_reanalysis	results/03_bam_review/slices/day3_rep2.Fam107a.cand.bam.bai	RELEASE_ZIP	内容在 REANALYSIS_RESULTS_20260923.zip 内(basename+size 一致)
D:\stroke_apa_reanalysis	results/03_bam_review/slices/day3_rep2.Kazn.cand.bam	RELEASE_ZIP	内容在 REANALYSIS_RESULTS_20260923.zip 内(basename+size 一致)
D:\stroke_apa_reanalysis	results/03_bam_review/slices/day3_rep2.Kazn.cand.bam.bai	RELEASE_ZIP	内容在 REANALYSIS_RESULTS_20260923.zip 内(basename+size 一致)
D:\stroke_apa_reanalysis	results/03_bam_review/slices/day3_rep2.Ndrg2.cand.bam	RELEASE_ZIP	内容在 REANALYSIS_RESULTS_20260923.zip 内(basename+size 一致)
D:\stroke_apa_reanalysis	results/03_bam_review/slices/day3_rep2.Ndrg2.cand.bam.bai	RELEASE_ZIP	内容在 REANALYSIS_RESULTS_20260923.zip 内(basename+size 一致)
D:\stroke_apa_reanalysis	results/03_bam_review/slices/day3_rep2.Pea15a.cand.bam	RELEASE_ZIP	内容在 REANALYSIS_RESULTS_20260923.zip 内(basename+size 一致)
D:\stroke_apa_reanalysis	results/03_bam_review/slices/day3_rep2.Pea15a.cand.bam.bai	RELEASE_ZIP	内容在 REANALYSIS_RESULTS_20260923.zip 内(basename+size 一致)
D:\stroke_apa_reanalysis	results/03_bam_review/slices/day3_rep2.Plec.cand.bam	RELEASE_ZIP	内容在 REANALYSIS_RESULTS_20260923.zip 内(basename+size 一致)
D:\stroke_apa_reanalysis	results/03_bam_review/slices/day3_rep2.Plec.cand.bam.bai	RELEASE_ZIP	内容在 REANALYSIS_RESULTS_20260923.zip 内(basename+size 一致)
D:\stroke_apa_reanalysis	results/03_bam_review/slices/day3_rep2.Sirt2.cand.bam	RELEASE_ZIP	内容在 REANALYSIS_RESULTS_20260923.zip 内(basename+size 一致)
D:\stroke_apa_reanalysis	results/03_bam_review/slices/day3_rep2.Sirt2.cand.bam.bai	RELEASE_ZIP	内容在 REANALYSIS_RESULTS_20260923.zip 内(basename+size 一致)
D:\stroke_apa_reanalysis	results/03_bam_review/slices/day7_rep1.Agpat3.cand.bam	RELEASE_ZIP	内容在 REANALYSIS_RESULTS_20260923.zip 内(basename+size 一致)
D:\stroke_apa_reanalysis	results/03_bam_review/slices/day7_rep1.Agpat3.cand.bam.bai	RELEASE_ZIP	内容在 REANALYSIS_RESULTS_20260923.zip 内(basename+size 一致)
D:\stroke_apa_reanalysis	results/03_bam_review/slices/day7_rep1.Aplp1.cand.bam	RELEASE_ZIP	内容在 REANALYSIS_RESULTS_20260923.zip 内(basename+size 一致)
D:\stroke_apa_reanalysis	results/03_bam_review/slices/day7_rep1.Aplp1.cand.bam.bai	RELEASE_ZIP	内容在 REANALYSIS_RESULTS_20260923.zip 内(basename+size 一致)
D:\stroke_apa_reanalysis	results/03_bam_review/slices/day7_rep1.Atp2a2.cand.bam	RELEASE_ZIP	内容在 REANALYSIS_RESULTS_20260923.zip 内(basename+size 一致)
D:\stroke_apa_reanalysis	results/03_bam_review/slices/day7_rep1.Atp2a2.cand.bam.bai	RELEASE_ZIP	内容在 REANALYSIS_RESULTS_20260923.zip 内(basename+size 一致)
D:\stroke_apa_reanalysis	results/03_bam_review/slices/day7_rep1.Cnp.cand.bam	RELEASE_ZIP	内容在 REANALYSIS_RESULTS_20260923.zip 内(basename+size 一致)
D:\stroke_apa_reanalysis	results/03_bam_review/slices/day7_rep1.Cnp.cand.bam.bai	RELEASE_ZIP	内容在 REANALYSIS_RESULTS_20260923.zip 内(basename+size 一致)
D:\stroke_apa_reanalysis	results/03_bam_review/slices/day7_rep1.Fam107a.cand.bam	RELEASE_ZIP	内容在 REANALYSIS_RESULTS_20260923.zip 内(basename+size 一致)
D:\stroke_apa_reanalysis	results/03_bam_review/slices/day7_rep1.Fam107a.cand.bam.bai	RELEASE_ZIP	内容在 REANALYSIS_RESULTS_20260923.zip 内(basename+size 一致)
D:\stroke_apa_reanalysis	results/03_bam_review/slices/day7_rep1.Kazn.cand.bam	RELEASE_ZIP	内容在 REANALYSIS_RESULTS_20260923.zip 内(basename+size 一致)
D:\stroke_apa_reanalysis	results/03_bam_review/slices/day7_rep1.Kazn.cand.bam.bai	RELEASE_ZIP	内容在 REANALYSIS_RESULTS_20260923.zip 内(basename+size 一致)
D:\stroke_apa_reanalysis	results/03_bam_review/slices/day7_rep1.Ndrg2.cand.bam	RELEASE_ZIP	内容在 REANALYSIS_RESULTS_20260923.zip 内(basename+size 一致)
D:\stroke_apa_reanalysis	results/03_bam_review/slices/day7_rep1.Ndrg2.cand.bam.bai	RELEASE_ZIP	内容在 REANALYSIS_RESULTS_20260923.zip 内(basename+size 一致)
D:\stroke_apa_reanalysis	results/03_bam_review/slices/day7_rep1.Pea15a.cand.bam	RELEASE_ZIP	内容在 REANALYSIS_RESULTS_20260923.zip 内(basename+size 一致)
D:\stroke_apa_reanalysis	results/03_bam_review/slices/day7_rep1.Pea15a.cand.bam.bai	RELEASE_ZIP	内容在 REANALYSIS_RESULTS_20260923.zip 内(basename+size 一致)
D:\stroke_apa_reanalysis	results/03_bam_review/slices/day7_rep1.Plec.cand.bam	RELEASE_ZIP	内容在 REANALYSIS_RESULTS_20260923.zip 内(basename+size 一致)
D:\stroke_apa_reanalysis	results/03_bam_review/slices/day7_rep1.Plec.cand.bam.bai	RELEASE_ZIP	内容在 REANALYSIS_RESULTS_20260923.zip 内(basename+size 一致)
D:\stroke_apa_reanalysis	results/03_bam_review/slices/day7_rep1.Sirt2.cand.bam	RELEASE_ZIP	内容在 REANALYSIS_RESULTS_20260923.zip 内(basename+size 一致)
D:\stroke_apa_reanalysis	results/03_bam_review/slices/day7_rep1.Sirt2.cand.bam.bai	RELEASE_ZIP	内容在 REANALYSIS_RESULTS_20260923.zip 内(basename+size 一致)
D:\stroke_apa_reanalysis	results/03_bam_review/slices/day7_rep2.Agpat3.cand.bam	RELEASE_ZIP	内容在 REANALYSIS_RESULTS_20260923.zip 内(basename+size 一致)
D:\stroke_apa_reanalysis	results/03_bam_review/slices/day7_rep2.Agpat3.cand.bam.bai	RELEASE_ZIP	内容在 REANALYSIS_RESULTS_20260923.zip 内(basename+size 一致)
D:\stroke_apa_reanalysis	results/03_bam_review/slices/day7_rep2.Aplp1.cand.bam	RELEASE_ZIP	内容在 REANALYSIS_RESULTS_20260923.zip 内(basename+size 一致)
D:\stroke_apa_reanalysis	results/03_bam_review/slices/day7_rep2.Aplp1.cand.bam.bai	RELEASE_ZIP	内容在 REANALYSIS_RESULTS_20260923.zip 内(basename+size 一致)
D:\stroke_apa_reanalysis	results/03_bam_review/slices/day7_rep2.Atp2a2.cand.bam	RELEASE_ZIP	内容在 REANALYSIS_RESULTS_20260923.zip 内(basename+size 一致)
D:\stroke_apa_reanalysis	results/03_bam_review/slices/day7_rep2.Atp2a2.cand.bam.bai	RELEASE_ZIP	内容在 REANALYSIS_RESULTS_20260923.zip 内(basename+size 一致)
D:\stroke_apa_reanalysis	results/03_bam_review/slices/day7_rep2.Cnp.cand.bam	RELEASE_ZIP	内容在 REANALYSIS_RESULTS_20260923.zip 内(basename+size 一致)
D:\stroke_apa_reanalysis	results/03_bam_review/slices/day7_rep2.Cnp.cand.bam.bai	RELEASE_ZIP	内容在 REANALYSIS_RESULTS_20260923.zip 内(basename+size 一致)
D:\stroke_apa_reanalysis	results/03_bam_review/slices/day7_rep2.Fam107a.cand.bam	RELEASE_ZIP	内容在 REANALYSIS_RESULTS_20260923.zip 内(basename+size 一致)
D:\stroke_apa_reanalysis	results/03_bam_review/slices/day7_rep2.Fam107a.cand.bam.bai	RELEASE_ZIP	内容在 REANALYSIS_RESULTS_20260923.zip 内(basename+size 一致)
D:\stroke_apa_reanalysis	results/03_bam_review/slices/day7_rep2.Kazn.cand.bam	RELEASE_ZIP	内容在 REANALYSIS_RESULTS_20260923.zip 内(basename+size 一致)
D:\stroke_apa_reanalysis	results/03_bam_review/slices/day7_rep2.Kazn.cand.bam.bai	RELEASE_ZIP	内容在 REANALYSIS_RESULTS_20260923.zip 内(basename+size 一致)
D:\stroke_apa_reanalysis	results/03_bam_review/slices/day7_rep2.Ndrg2.cand.bam	RELEASE_ZIP	内容在 REANALYSIS_RESULTS_20260923.zip 内(basename+size 一致)
D:\stroke_apa_reanalysis	results/03_bam_review/slices/day7_rep2.Ndrg2.cand.bam.bai	RELEASE_ZIP	内容在 REANALYSIS_RESULTS_20260923.zip 内(basename+size 一致)
D:\stroke_apa_reanalysis	results/03_bam_review/slices/day7_rep2.Pea15a.cand.bam	RELEASE_ZIP	内容在 REANALYSIS_RESULTS_20260923.zip 内(basename+size 一致)
D:\stroke_apa_reanalysis	results/03_bam_review/slices/day7_rep2.Pea15a.cand.bam.bai	RELEASE_ZIP	内容在 REANALYSIS_RESULTS_20260923.zip 内(basename+size 一致)
D:\stroke_apa_reanalysis	results/03_bam_review/slices/day7_rep2.Plec.cand.bam	RELEASE_ZIP	内容在 REANALYSIS_RESULTS_20260923.zip 内(basename+size 一致)
D:\stroke_apa_reanalysis	results/03_bam_review/slices/day7_rep2.Plec.cand.bam.bai	RELEASE_ZIP	内容在 REANALYSIS_RESULTS_20260923.zip 内(basename+size 一致)
D:\stroke_apa_reanalysis	results/03_bam_review/slices/day7_rep2.Sirt2.cand.bam	RELEASE_ZIP	内容在 REANALYSIS_RESULTS_20260923.zip 内(basename+size 一致)
D:\stroke_apa_reanalysis	results/03_bam_review/slices/day7_rep2.Sirt2.cand.bam.bai	RELEASE_ZIP	内容在 REANALYSIS_RESULTS_20260923.zip 内(basename+size 一致)
D:\stroke_apa_reanalysis	results/03_bam_review/slices/sham1.Agpat3.cand.bam	RELEASE_ZIP	内容在 REANALYSIS_RESULTS_20260923.zip 内(basename+size 一致)
D:\stroke_apa_reanalysis	results/03_bam_review/slices/sham1.Agpat3.cand.bam.bai	RELEASE_ZIP	内容在 REANALYSIS_RESULTS_20260923.zip 内(basename+size 一致)
D:\stroke_apa_reanalysis	results/03_bam_review/slices/sham1.Aplp1.cand.bam	RELEASE_ZIP	内容在 REANALYSIS_RESULTS_20260923.zip 内(basename+size 一致)
D:\stroke_apa_reanalysis	results/03_bam_review/slices/sham1.Aplp1.cand.bam.bai	RELEASE_ZIP	内容在 REANALYSIS_RESULTS_20260923.zip 内(basename+size 一致)
D:\stroke_apa_reanalysis	results/03_bam_review/slices/sham1.Atp2a2.cand.bam	RELEASE_ZIP	内容在 REANALYSIS_RESULTS_20260923.zip 内(basename+size 一致)
D:\stroke_apa_reanalysis	results/03_bam_review/slices/sham1.Atp2a2.cand.bam.bai	RELEASE_ZIP	内容在 REANALYSIS_RESULTS_20260923.zip 内(basename+size 一致)
D:\stroke_apa_reanalysis	results/03_bam_review/slices/sham1.Cnp.cand.bam	RELEASE_ZIP	内容在 REANALYSIS_RESULTS_20260923.zip 内(basename+size 一致)
D:\stroke_apa_reanalysis	results/03_bam_review/slices/sham1.Cnp.cand.bam.bai	RELEASE_ZIP	内容在 REANALYSIS_RESULTS_20260923.zip 内(basename+size 一致)
D:\stroke_apa_reanalysis	results/03_bam_review/slices/sham1.Fam107a.cand.bam	RELEASE_ZIP	内容在 REANALYSIS_RESULTS_20260923.zip 内(basename+size 一致)
D:\stroke_apa_reanalysis	results/03_bam_review/slices/sham1.Fam107a.cand.bam.bai	RELEASE_ZIP	内容在 REANALYSIS_RESULTS_20260923.zip 内(basename+size 一致)
D:\stroke_apa_reanalysis	results/03_bam_review/slices/sham1.Kazn.cand.bam	RELEASE_ZIP	内容在 REANALYSIS_RESULTS_20260923.zip 内(basename+size 一致)
D:\stroke_apa_reanalysis	results/03_bam_review/slices/sham1.Kazn.cand.bam.bai	RELEASE_ZIP	内容在 REANALYSIS_RESULTS_20260923.zip 内(basename+size 一致)
D:\stroke_apa_reanalysis	results/03_bam_review/slices/sham1.Ndrg2.cand.bam	RELEASE_ZIP	内容在 REANALYSIS_RESULTS_20260923.zip 内(basename+size 一致)
D:\stroke_apa_reanalysis	results/03_bam_review/slices/sham1.Ndrg2.cand.bam.bai	RELEASE_ZIP	内容在 REANALYSIS_RESULTS_20260923.zip 内(basename+size 一致)
D:\stroke_apa_reanalysis	results/03_bam_review/slices/sham1.Pea15a.cand.bam	RELEASE_ZIP	内容在 REANALYSIS_RESULTS_20260923.zip 内(basename+size 一致)
D:\stroke_apa_reanalysis	results/03_bam_review/slices/sham1.Pea15a.cand.bam.bai	RELEASE_ZIP	内容在 REANALYSIS_RESULTS_20260923.zip 内(basename+size 一致)
D:\stroke_apa_reanalysis	results/03_bam_review/slices/sham1.Plec.cand.bam	RELEASE_ZIP	内容在 REANALYSIS_RESULTS_20260923.zip 内(basename+size 一致)
D:\stroke_apa_reanalysis	results/03_bam_review/slices/sham1.Plec.cand.bam.bai	RELEASE_ZIP	内容在 REANALYSIS_RESULTS_20260923.zip 内(basename+size 一致)
D:\stroke_apa_reanalysis	results/03_bam_review/slices/sham1.Sirt2.cand.bam	RELEASE_ZIP	内容在 REANALYSIS_RESULTS_20260923.zip 内(basename+size 一致)
D:\stroke_apa_reanalysis	results/03_bam_review/slices/sham1.Sirt2.cand.bam.bai	RELEASE_ZIP	内容在 REANALYSIS_RESULTS_20260923.zip 内(basename+size 一致)
D:\stroke_apa_reanalysis	results/03_bam_review/slices/sham2.Agpat3.cand.bam	RELEASE_ZIP	内容在 REANALYSIS_RESULTS_20260923.zip 内(basename+size 一致)
D:\stroke_apa_reanalysis	results/03_bam_review/slices/sham2.Agpat3.cand.bam.bai	RELEASE_ZIP	内容在 REANALYSIS_RESULTS_20260923.zip 内(basename+size 一致)
D:\stroke_apa_reanalysis	results/03_bam_review/slices/sham2.Aplp1.cand.bam	RELEASE_ZIP	内容在 REANALYSIS_RESULTS_20260923.zip 内(basename+size 一致)
D:\stroke_apa_reanalysis	results/03_bam_review/slices/sham2.Aplp1.cand.bam.bai	RELEASE_ZIP	内容在 REANALYSIS_RESULTS_20260923.zip 内(basename+size 一致)
D:\stroke_apa_reanalysis	results/03_bam_review/slices/sham2.Atp2a2.cand.bam	RELEASE_ZIP	内容在 REANALYSIS_RESULTS_20260923.zip 内(basename+size 一致)
D:\stroke_apa_reanalysis	results/03_bam_review/slices/sham2.Atp2a2.cand.bam.bai	RELEASE_ZIP	内容在 REANALYSIS_RESULTS_20260923.zip 内(basename+size 一致)
D:\stroke_apa_reanalysis	results/03_bam_review/slices/sham2.Cnp.cand.bam	RELEASE_ZIP	内容在 REANALYSIS_RESULTS_20260923.zip 内(basename+size 一致)
D:\stroke_apa_reanalysis	results/03_bam_review/slices/sham2.Cnp.cand.bam.bai	RELEASE_ZIP	内容在 REANALYSIS_RESULTS_20260923.zip 内(basename+size 一致)
D:\stroke_apa_reanalysis	results/03_bam_review/slices/sham2.Fam107a.cand.bam	RELEASE_ZIP	内容在 REANALYSIS_RESULTS_20260923.zip 内(basename+size 一致)
D:\stroke_apa_reanalysis	results/03_bam_review/slices/sham2.Fam107a.cand.bam.bai	RELEASE_ZIP	内容在 REANALYSIS_RESULTS_20260923.zip 内(basename+size 一致)
D:\stroke_apa_reanalysis	results/03_bam_review/slices/sham2.Kazn.cand.bam	RELEASE_ZIP	内容在 REANALYSIS_RESULTS_20260923.zip 内(basename+size 一致)
D:\stroke_apa_reanalysis	results/03_bam_review/slices/sham2.Kazn.cand.bam.bai	RELEASE_ZIP	内容在 REANALYSIS_RESULTS_20260923.zip 内(basename+size 一致)
D:\stroke_apa_reanalysis	results/03_bam_review/slices/sham2.Ndrg2.cand.bam	RELEASE_ZIP	内容在 REANALYSIS_RESULTS_20260923.zip 内(basename+size 一致)
D:\stroke_apa_reanalysis	results/03_bam_review/slices/sham2.Ndrg2.cand.bam.bai	RELEASE_ZIP	内容在 REANALYSIS_RESULTS_20260923.zip 内(basename+size 一致)
D:\stroke_apa_reanalysis	results/03_bam_review/slices/sham2.Pea15a.cand.bam	RELEASE_ZIP	内容在 REANALYSIS_RESULTS_20260923.zip 内(basename+size 一致)
D:\stroke_apa_reanalysis	results/03_bam_review/slices/sham2.Pea15a.cand.bam.bai	RELEASE_ZIP	内容在 REANALYSIS_RESULTS_20260923.zip 内(basename+size 一致)
D:\stroke_apa_reanalysis	results/03_bam_review/slices/sham2.Plec.cand.bam	RELEASE_ZIP	内容在 REANALYSIS_RESULTS_20260923.zip 内(basename+size 一致)
D:\stroke_apa_reanalysis	results/03_bam_review/slices/sham2.Plec.cand.bam.bai	RELEASE_ZIP	内容在 REANALYSIS_RESULTS_20260923.zip 内(basename+size 一致)
D:\stroke_apa_reanalysis	results/03_bam_review/slices/sham2.Sirt2.cand.bam	RELEASE_ZIP	内容在 REANALYSIS_RESULTS_20260923.zip 内(basename+size 一致)
D:\stroke_apa_reanalysis	results/03_bam_review/slices/sham2.Sirt2.cand.bam.bai	RELEASE_ZIP	内容在 REANALYSIS_RESULTS_20260923.zip 内(basename+size 一致)
D:\stroke_apa_reanalysis	results/04_public_pap/candidate_gene_summary.v2.tsv	RELEASE_ZIP	内容在 REANALYSIS_RESULTS_20260923.zip 内(basename+size 一致)
D:\stroke_apa_reanalysis	results/04_public_pap/candidate_percentiles_normalized.tsv	RELEASE_ZIP	内容在 REANALYSIS_RESULTS_20260923.zip 内(basename+size 一致)
D:\stroke_apa_reanalysis	results/04_public_pap/counts_by_biological_library.tsv	RELEASE_ZIP	内容在 REANALYSIS_RESULTS_20260923.zip 内(basename+size 一致)
D:\stroke_apa_reanalysis	results/04_public_pap/counts_per_file_raw.tsv	RELEASE_ZIP	内容在 REANALYSIS_RESULTS_20260923.zip 内(basename+size 一致)
D:\stroke_apa_reanalysis	results/04_public_pap/design_matrix.tsv	RELEASE_ZIP	内容在 REANALYSIS_RESULTS_20260923.zip 内(basename+size 一致)
D:\stroke_apa_reanalysis	results/04_public_pap/edgeR_TMM_PAP_vs_Full.tsv	RELEASE_ZIP	内容在 REANALYSIS_RESULTS_20260923.zip 内(basename+size 一致)
D:\stroke_apa_reanalysis	results/04_public_pap/gse143531_candidate_gene_summary.tsv	RELEASE_ZIP	内容在 REANALYSIS_RESULTS_20260923.zip 内(basename+size 一致)
D:\stroke_apa_reanalysis	results/04_public_pap/gse143531_candidate_percentiles.tsv	RELEASE_ZIP	内容在 REANALYSIS_RESULTS_20260923.zip 内(basename+size 一致)
D:\stroke_apa_reanalysis	results/04_public_pap/gse143531_reanalysis.md	RELEASE_ZIP	内容在 REANALYSIS_RESULTS_20260923.zip 内(basename+size 一致)
D:\stroke_apa_reanalysis	results/04_public_pap/library_mds.png	RELEASE_ZIP	内容在 REANALYSIS_RESULTS_20260923.zip 内(basename+size 一致)
D:\stroke_apa_reanalysis	results/04_public_pap/library_metadata.tsv	RELEASE_ZIP	内容在 REANALYSIS_RESULTS_20260923.zip 内(basename+size 一致)
D:\stroke_apa_reanalysis	results/04_public_pap/library_qc.tsv	RELEASE_ZIP	内容在 REANALYSIS_RESULTS_20260923.zip 内(basename+size 一致)
D:\stroke_apa_reanalysis	results/04_public_pap/pap_gene_set_provenance.tsv	RELEASE_ZIP	内容在 REANALYSIS_RESULTS_20260923.zip 内(basename+size 一致)
D:\stroke_apa_reanalysis	results/04_public_pap/targets_two_dataset_pap_stats.tsv	RELEASE_ZIP	内容在 REANALYSIS_RESULTS_20260923.zip 内(basename+size 一致)
D:\stroke_apa_reanalysis	results/04_public_pap/tmm_samples.tsv	RELEASE_ZIP	内容在 REANALYSIS_RESULTS_20260923.zip 内(basename+size 一致)
D:\stroke_apa_reanalysis	results/05_target_nomination/Atp2a2_assay_design.md	RELEASE_ZIP	内容在 REANALYSIS_RESULTS_20260923.zip 内(basename+size 一致)
D:\stroke_apa_reanalysis	results/05_target_nomination/Atp2a2_assay_design.tsv	RELEASE_ZIP	内容在 REANALYSIS_RESULTS_20260923.zip 内(basename+size 一致)
D:\stroke_apa_reanalysis	results/05_target_nomination/decision_summary_v1.md	RELEASE_ZIP	内容在 REANALYSIS_RESULTS_20260923.zip 内(basename+size 一致)
D:\stroke_apa_reanalysis	results/05_target_nomination/evidence_table_updates.md	RELEASE_ZIP	内容在 REANALYSIS_RESULTS_20260923.zip 内(basename+size 一致)
D:\stroke_apa_reanalysis	results/05_target_nomination/target_nomination_v1.md	RELEASE_ZIP	内容在 REANALYSIS_RESULTS_20260923.zip 内(basename+size 一致)
D:\stroke_apa_reanalysis	scripts/01_build_strand_aware_segments.py	RELEASE_ZIP	内容在 REANALYSIS_RESULTS_20260923.zip 内(basename+size 一致)
D:\stroke_apa_reanalysis	scripts/audit_pass1_numbers.py	RELEASE_ZIP	内容在 REANALYSIS_RESULTS_20260923.zip 内(basename+size 一致)
D:\stroke_apa_reanalysis	scripts/audit_pass23.py	RELEASE_ZIP	内容在 REANALYSIS_RESULTS_20260923.zip 内(basename+size 一致)
D:\stroke_apa_reanalysis	scripts/audit_pass5_report.py	RELEASE_ZIP	内容在 REANALYSIS_RESULTS_20260923.zip 内(basename+size 一致)
D:\stroke_apa_reanalysis	scripts/p0_freeze_inputs.py	RELEASE_ZIP	内容在 REANALYSIS_RESULTS_20260923.zip 内(basename+size 一致)
D:\stroke_apa_reanalysis	scripts/p1_build_event_coordinates.py	RELEASE_ZIP	内容在 REANALYSIS_RESULTS_20260923.zip 内(basename+size 一致)
D:\stroke_apa_reanalysis	scripts/p2_build_null_set.py	RELEASE_ZIP	内容在 REANALYSIS_RESULTS_20260923.zip 内(basename+size 一致)
D:\stroke_apa_reanalysis	scripts/p2_conservation.py	RELEASE_ZIP	内容在 REANALYSIS_RESULTS_20260923.zip 内(basename+size 一致)
D:\stroke_apa_reanalysis	scripts/p2_dl_phastcons.py	RELEASE_ZIP	内容在 REANALYSIS_RESULTS_20260923.zip 内(basename+size 一致)
D:\stroke_apa_reanalysis	scripts/p2_extract_distal_fastas.py	RELEASE_ZIP	内容在 REANALYSIS_RESULTS_20260923.zip 内(basename+size 一致)
D:\stroke_apa_reanalysis	scripts/p2_motif_summary.py	RELEASE_ZIP	内容在 REANALYSIS_RESULTS_20260923.zip 内(basename+size 一致)
D:\stroke_apa_reanalysis	scripts/p2_pas_distance.py	RELEASE_ZIP	内容在 REANALYSIS_RESULTS_20260923.zip 内(basename+size 一致)
D:\stroke_apa_reanalysis	scripts/p2_qki_summary.py	RELEASE_ZIP	内容在 REANALYSIS_RESULTS_20260923.zip 内(basename+size 一致)
D:\stroke_apa_reanalysis	scripts/p2_rebuild_matrix.py	RELEASE_ZIP	内容在 REANALYSIS_RESULTS_20260923.zip 内(basename+size 一致)
D:\stroke_apa_reanalysis	scripts/p3b_salmon_baseline.py	RELEASE_ZIP	内容在 REANALYSIS_RESULTS_20260923.zip 内(basename+size 一致)
D:\stroke_apa_reanalysis	scripts/p3c_atp2a2_plots.py	RELEASE_ZIP	内容在 REANALYSIS_RESULTS_20260923.zip 内(basename+size 一致)
D:\stroke_apa_reanalysis	scripts/p3c_read_metrics.sh	RELEASE_ZIP	内容在 REANALYSIS_RESULTS_20260923.zip 内(basename+size 一致)
D:\stroke_apa_reanalysis	scripts/p3_arich_check.py	RELEASE_ZIP	内容在 REANALYSIS_RESULTS_20260923.zip 内(basename+size 一致)
D:\stroke_apa_reanalysis	scripts/p3_coverage_stats.py	RELEASE_ZIP	内容在 REANALYSIS_RESULTS_20260923.zip 内(basename+size 一致)
D:\stroke_apa_reanalysis	scripts/p3_plots.py	RELEASE_ZIP	内容在 REANALYSIS_RESULTS_20260923.zip 内(basename+size 一致)
D:\stroke_apa_reanalysis	scripts/p3_review_table.py	RELEASE_ZIP	内容在 REANALYSIS_RESULTS_20260923.zip 内(basename+size 一致)
D:\stroke_apa_reanalysis	scripts/p3_review_table_v2.py	RELEASE_ZIP	内容在 REANALYSIS_RESULTS_20260923.zip 内(basename+size 一致)
D:\stroke_apa_reanalysis	scripts/p4d_atp2a2_assay_design.py	RELEASE_ZIP	内容在 REANALYSIS_RESULTS_20260923.zip 内(basename+size 一致)
D:\stroke_apa_reanalysis	scripts/p4_1a_build_libraries.py	RELEASE_ZIP	内容在 REANALYSIS_RESULTS_20260923.zip 内(basename+size 一致)
D:\stroke_apa_reanalysis	scripts/p4_1_gse143531.py	RELEASE_ZIP	内容在 REANALYSIS_RESULTS_20260923.zip 内(basename+size 一致)
D:\stroke_apa_reanalysis	scripts/p4_1_gse143531_v2.R	RELEASE_ZIP	内容在 REANALYSIS_RESULTS_20260923.zip 内(basename+size 一致)
D:\stroke_apa_reanalysis	scripts/p4_target_nomination.py	RELEASE_ZIP	内容在 REANALYSIS_RESULTS_20260923.zip 内(basename+size 一致)
D:\stroke_apa_reanalysis	scripts/test_01_segments.py	RELEASE_ZIP	内容在 REANALYSIS_RESULTS_20260923.zip 内(basename+size 一致)
