Gene	fit_value	Predicted_Proximal_APA	Loci	/home/taylor/stroke_APA_work/bedgraph/day1_rep1_PDUI	/home/taylor/stroke_APA_work/bedgraph/day1_rep2_PDUI	/home/taylor/stroke_APA_work/bedgraph/day21_rep1_PDUI	/home/taylor/stroke_APA_work/bedgraph/day21_rep2_PDUI	/home/taylor/stroke_APA_work/bedgraph/day3_rep1_PDUI	/home/taylor/stroke_APA_work/bedgraph/day3_rep2_PDUI	/home/taylor/stroke_APA_work/bedgraph/day60_rep1_PDUI	/home/taylor/stroke_APA_work/bedgraph/day60_rep2_PDUI	/home/taylor/stroke_APA_work/bedgraph/day7_rep1_PDUI	/home/taylor/stroke_APA_work/bedgraph/day7_rep2_PDUI	/home/taylor/stroke_APA_work/bedgraph/sham1_PDUI	/home/taylor/stroke_APA_work/bedgraph/sham2_PDUI
ENSMUST00000132893.7|ENSMUSG00000023764|Sfi1	41.2	3144787	chr11:3131888-3144938	0.28	NA	0.12	0.11	NA	NA	0.16	0.11	NA	0.13	NA	NA
ENSMUST00000132159.1|ENSMUSG00000020457|Drg1	2663.2	3262438	chr11:3259326-3262589	0.00	0.00	0.00	0.00	0.00	0.00	0.00	0.00	0.00	0.00	0.00	0.00
ENSMUST00000110049.7|ENSMUSG00000020454|Eif4enif1	100.4	3244325	chr11:3244086-3244588	0.67	0.41	0.30	0.36	1.00	0.60	0.37	0.50	0.90	0.63	0.56	0.54
ENSMUST00000134089.7|ENSMUSG00000020453|Patz1	103.8	3308667	chr11:3307678-3309083	0.90	0.70	0.45	0.33	0.84	1.00	0.47	0.46	0.64	0.47	0.86	0.99
ENSMUST00000045153.10|ENSMUSG00000034614|Pik3ip1	650.8	3341945	chr11:3341724-3342971	0.71	0.58	0.57	0.49	0.86	0.61	0.58	0.56	0.47	0.59	0.47	0.65
ENSMUST00000110029.8|ENSMUSG00000020451|Limk2	395.2	3344770	chr11:3344255-3345742	0.78	0.73	0.60	0.53	0.93	0.39	0.65	0.64	0.54	0.55	0.78	0.54
ENSMUST00000077078.11|ENSMUSG00000020448|Rnf185	261.4	3416838	chr11:3415981-3417992	0.89	0.98	1.00	0.83	1.00	1.00	1.00	0.89	0.85	0.94	0.90	0.89
ENSMUST00000110018.7|ENSMUSG00000034570|Inpp5j	116.9	3499596	chr11:3494381-3502148	NA	0.01	NA	0.03	NA	NA	NA	0.00	NA	NA	0.04	0.03
ENSMUST00000020718.9|ENSMUSG00000020439|Smtn	350.1	3520623	chr11:3517522-3520774	0.45	0.07	0.27	0.27	0.75	0.09	0.37	0.39	0.20	0.31	NA	0.24
ENSMUST00000096441.4|ENSMUSG00000034543|Morc2a	165.0	3689251	chr11:3689100-3690477	0.82	1.00	1.00	1.00	1.00	1.00	1.00	1.00	1.00	1.00	NA	1.00
ENSMUST00000102950.9|ENSMUSG00000020435|Osbp2	86.3	3704867	chr11:3703730-3705067	NA	0.54	0.81	1.00	1.00	NA	1.00	1.00	NA	NA	1.00	1.00
ENSMUST00000055931.4|ENSMUSG00000047205|Dusp18	54.6	3899088	chr11:3897575-3901296	0.79	0.79	0.52	0.51	1.00	0.66	0.37	0.54	0.40	0.65	0.45	0.63
ENSMUST00000109995.1|ENSMUSG00000048807|Slc35e4	768.7	3907270	chr11:3907020-3907553	0.46	0.43	0.38	0.41	0.85	0.47	0.29	0.40	0.39	0.33	0.60	0.65
ENSMUST00000109992.7|ENSMUSG00000020432|Tcn2	27964.1	3917420	chr11:3917191-3917650	0.43	0.46	0.37	0.37	0.59	0.51	0.36	0.33	0.44	0.39	0.50	0.50
ENSMUST00000109985.7|ENSMUSG00000020430|Pes1	500.0	3979081	chr11:3978907-3980004	0.13	0.26	0.33	0.29	0.18	0.27	0.13	0.27	0.19	0.21	0.16	0.23
ENSMUST00000078757.7|ENSMUSG00000049721|Gal3st1	89.1	3999214	chr11:3999063-3999326	NA	0.66	NA	0.17	NA	0.31	NA	NA	NA	NA	0.33	0.24
ENSMUST00000004868.5|ENSMUSG00000004748|Mtfp1	335.8	4091990	chr11:4091479-4092229	0.64	0.50	0.46	0.52	0.79	0.67	0.57	0.48	0.79	0.55	0.75	0.60
ENSMUST00000003681.7|ENSMUSG00000003585|Sec14l2	58.5	4098127	chr11:4097038-4098307	NA	0.62	0.69	0.81	NA	0.62	1.00	0.41	NA	NA	0.83	0.50
ENSMUST00000003677.10|ENSMUSG00000003581|Rnf215	1323.0	4140864	chr11:4140506-4141172	0.47	0.43	0.41	0.38	1.00	0.57	0.43	0.47	0.38	0.45	0.80	0.82
ENSMUST00000093381.10|ENSMUSG00000051427|Ccdc157	71.2	4143467	chr11:4141122-4143691	1.00	0.97	0.67	0.61	1.00	0.94	1.00	0.90	0.69	0.83	1.00	1.00
ENSMUST00000002198.3|ENSMUSG00000002129|Sf3a1	229.8	4180409	chr11:4180132-4182541	0.13	0.14	0.27	0.18	0.20	0.15	0.14	0.29	0.22	0.21	0.18	0.21
ENSMUST00000041042.12|ENSMUSG00000034412|Tbc1d10a	1031.3	4215302	chr11:4215150-4215505	0.38	0.41	0.38	0.34	0.63	0.44	0.41	0.37	0.47	0.40	0.50	0.52
ENSMUST00000020699.3|ENSMUSG00000020424|Castor1	454.7	4222145	chr11:4221917-4222409	0.38	0.41	0.36	0.46	0.92	0.46	0.44	0.39	0.47	0.31	0.52	0.67
ENSMUST00000075221.2|ENSMUSG00000058755|Osm	546.7	4240729	chr11:4240006-4241026	0.49	0.61	0.57	0.44	1.00	0.65	0.40	0.94	0.55	0.56	NA	0.13
ENSMUST00000109930.2|ENSMUSG00000020412|Ascc2	79.5	4683247	chr11:4683075-4685699	0.17	0.29	0.47	0.51	0.19	0.26	0.25	0.44	0.39	0.45	0.34	0.51
ENSMUST00000058407.5|ENSMUSG00000059534|Uqcr10	159948.8	4702027	chr11:4701972-4702178	0.33	0.36	0.34	0.37	0.30	0.39	0.37	0.36	0.38	0.35	0.31	0.32
ENSMUST00000009220.4|ENSMUSG00000009076|Zmat5	2449.8	4737609	chr11:4737458-4737669	0.26	0.60	0.90	0.78	0.25	0.41	0.53	0.68	0.49	0.43	0.70	0.84
ENSMUST00000009219.2|ENSMUSG00000009075|Cabp7	6890.5	4738672	chr11:4736891-4738823	NA	1.00	1.00	1.00	NA	1.00	1.00	1.00	1.00	1.00	1.00	1.00
ENSMUST00000093369.4|ENSMUSG00000020396|Nefh	9.5	4939031	chr11:4938753-4939347	NA	0.94	0.52	0.15	0.41	NA	NA	0.38	NA	NA	0.82	0.47
ENSMUST00000009234.15|ENSMUSG00000009090|Ap1b1	2208.4	5042368	chr11:5041789-5042791	0.36	0.25	0.22	0.20	0.70	0.30	0.21	0.20	0.22	0.19	0.35	0.34
ENSMUST00000037218.1|ENSMUSG00000034209|Rasl10a	734.1	5060213	chr11:5060062-5060385	0.24	0.39	0.18	0.08	0.59	0.19	0.16	0.17	NA	NA	0.39	0.42
ENSMUST00000020662.14|ENSMUSG00000020393|Kremen1	433.4	5194804	chr11:5191551-5194955	1.00	0.85	1.00	1.00	1.00	0.92	1.00	1.00	1.00	1.00	1.00	1.00
ENSMUST00000063084.15|ENSMUSG00000020484|Xbp1	29298.3	5525512	chr11:5524901-5525893	0.61	0.67	0.57	0.58	0.77	0.63	0.60	0.56	0.65	0.60	0.63	0.62
ENSMUST00000020776.4|ENSMUSG00000020482|Ccdc117	170.9	5530236	chr11:5528886-5531298	0.67	0.86	1.00	1.00	0.66	0.75	0.81	0.77	0.97	0.86	0.86	0.92
ENSMUST00000154330.1|ENSMUSG00000020477|Mrps24	3292.0	5704300	chr11:5703982-5704451	0.00	0.01	0.01	0.04	0.01	0.01	0.02	0.00	0.00	0.01	0.04	0.02
ENSMUST00000093362.11|ENSMUSG00000049680|Urgcp	426.4	5715204	chr11:5713416-5715687	0.13	0.12	0.12	0.09	0.17	0.11	0.06	0.13	0.11	0.10	0.13	0.18
ENSMUST00000102928.4|ENSMUSG00000020476|Dbnl	5013.1	5800244	chr11:5799996-5800962	0.43	0.50	0.40	0.36	0.49	0.51	0.31	0.43	0.41	0.48	0.44	0.63
ENSMUST00000020767.3|ENSMUSG00000020474|Polm	41.4	5828212	chr11:5827860-5829031	0.43	NA	0.49	0.94	0.91	0.58	0.74	0.67	0.42	0.71	1.00	0.61
ENSMUST00000102923.9|ENSMUSG00000020473|Aebp1	61282.3	5871997	chr11:5871846-5872088	0.34	0.33	0.23	0.23	0.40	0.32	0.28	0.22	0.25	0.25	NA	NA
ENSMUST00000002818.8|ENSMUSG00000002741|Ykt6	4188.8	5966192	chr11:5966041-5967780	0.98	1.00	1.00	1.00	1.00	1.00	1.00	0.99	0.90	1.00	0.60	0.64
ENSMUST00000109813.8|ENSMUSG00000057897|Camk2b	38812.3	5972069	chr11:5969643-5972220	NA	1.00	1.00	1.00	NA	NA	NA	1.00	NA	NA	1.00	1.00
ENSMUST00000066496.9|ENSMUSG00000053838|Nudcd3	699.3	6107925	chr11:6105690-6108247	0.87	0.83	0.70	0.92	1.00	1.00	1.00	0.92	0.87	0.79	1.00	0.95
ENSMUST00000004507.10|ENSMUSG00000004393|Ddx56	1034.1	6259032	chr11:6258918-6259183	0.34	0.24	0.48	0.47	0.31	0.19	0.52	0.49	0.31	0.31	0.28	0.41
ENSMUST00000004508.12|ENSMUSG00000004394|Tmed4	7771.8	6270936	chr11:6270368-6271653	0.37	0.32	0.27	0.22	0.49	0.31	0.21	0.24	0.26	0.27	0.34	0.40
ENSMUST00000003461.14|ENSMUSG00000020456|Ogdh	2829.8	6356328	chr11:6355671-6356642	0.69	0.61	0.52	0.54	1.00	0.84	0.63	0.50	0.60	0.54	0.77	0.78
ENSMUST00000109787.7|ENSMUSG00000041164|Zmiz2	2744.1	6405819	chr11:6405094-6406158	0.80	0.46	0.50	0.44	0.75	0.59	0.58	0.44	0.51	0.34	0.66	0.64
ENSMUST00000090749.12|ENSMUSG00000071866|Ppia	34643921.9	6418391	chr11:6418240-6419815	0.78	0.75	0.73	0.74	0.46	0.65	0.81	0.84	0.74	0.79	0.52	0.53
ENSMUST00000109737.8|ENSMUSG00000041126|H2az2	5202.4	6428222	chr11:6427228-6428373	0.38	0.54	0.24	0.26	0.18	0.27	0.20	0.27	0.20	0.19	0.51	0.51
ENSMUST00000179343.2|ENSMUSG00000094483|Purb	7249.8	6474763	chr11:6467598-6474914	0.75	1.00	0.67	0.90	0.19	0.58	0.71	1.00	0.55	0.96	0.54	0.74
ENSMUST00000161501.7|ENSMUSG00000000378|Ccm2	3138.2	6590911	chr11:6590760-6593133	0.00	0.00	0.00	0.00	0.00	0.00	0.00	0.01	0.00	0.00	0.00	0.00
ENSMUST00000045374.7|ENSMUSG00000041046|Ramp3	97.2	6677156	chr11:6676735-6677475	0.54	0.45	0.56	0.36	0.88	0.92	0.50	0.40	0.58	1.00	0.69	0.73
ENSMUST00000020706.4|ENSMUSG00000020431|Adcy1	1536.7	7172855	chr11:7169712-7178506	NA	0.64	0.54	0.55	0.37	0.78	0.58	0.66	0.40	0.42	0.85	0.52
ENSMUST00000020702.10|ENSMUSG00000020427|Igfbp3	1002684.9	7208234	chr11:7206085-7208385	1.00	1.00	NA	NA	1.00	1.00	NA	NA	1.00	1.00	NA	1.00
ENSMUST00000239091.1|ENSMUSG00000020422|Tns3	25.2	8433028	chr11:8431651-8434496	NA	0.67	0.82	0.99	NA	NA	NA	0.71	0.68	0.59	0.55	0.74
ENSMUST00000129115.1|ENSMUSG00000020413|Hus1	28.1	8996688	chr11:8993136-8996852	1.00	0.85	0.61	1.00	0.17	1.00	NA	0.57	0.72	0.96	0.74	1.00
ENSMUST00000047689.10|ENSMUSG00000035455|Fignl1	85.5	11800597	chr11:11800287-11801004	NA	0.42	NA	NA	0.37	0.26	NA	NA	0.28	0.45	NA	NA
ENSMUST00000066237.9|ENSMUSG00000020182|Ddc	766.0	11815079	chr11:11814100-11815230	1.00	NA	1.00	1.00	1.00	NA	1.00	1.00	NA	NA	1.00	NA
ENSMUST00000109654.7|ENSMUSG00000020176|Grb10	468.9	11933314	chr11:11930507-11933465	1.00	1.00	0.93	0.95	1.00	1.00	1.00	0.87	1.00	0.96	NA	0.96
ENSMUST00000172956.7|ENSMUSG00000020173|Cobl	23.0	12253088	chr11:12237110-12254935	NA	0.06	0.04	0.05	NA	NA	NA	0.03	NA	NA	0.06	0.03
ENSMUST00000109643.7|ENSMUSG00000078974|Sec61g	2412.5	16501649	chr11:16500529-16501800	0.04	0.14	0.17	0.17	0.01	0.05	0.03	0.14	0.07	0.08	0.10	0.18
ENSMUST00000020329.12|ENSMUSG00000020122|Egfr	115.5	16913683	chr11:16911852-16918158	0.08	0.08	0.11	0.14	0.06	0.09	0.04	0.12	0.13	0.11	NA	NA
ENSMUST00000102881.9|ENSMUSG00000020120|Plek	803.1	16973922	chr11:16971205-16974152	0.71	0.85	0.83	0.81	0.80	0.94	1.00	0.68	0.83	0.79	1.00	1.00
ENSMUST00000058159.5|ENSMUSG00000044629|Cnrip1	656.6	17078892	chr11:17078561-17079371	0.48	0.41	0.47	0.51	1.00	0.75	0.55	0.50	0.52	0.49	0.85	0.69
ENSMUST00000102880.4|ENSMUSG00000033953|Ppp3r1	10330.1	17199277	chr11:17198303-17200375	0.54	0.52	0.43	0.45	0.63	0.42	0.55	0.52	0.38	0.50	0.41	0.44
ENSMUST00000046955.6|ENSMUSG00000078970|Wdr92	78.9	17233224	chr11:17232911-17233796	0.52	0.35	0.59	0.38	0.80	0.40	0.42	0.41	0.41	0.35	0.30	0.74
ENSMUST00000020317.7|ENSMUSG00000020116|Pno1	1502.1	17203590	chr11:17203197-17203936	0.47	0.40	0.34	0.40	0.73	0.62	0.39	0.38	0.56	0.36	0.55	0.49
ENSMUST00000000594.8|ENSMUSG00000000581|C1d	4120.5	17267019	chr11:17266692-17269176	0.07	0.07	0.07	0.06	0.06	0.05	0.04	0.05	0.07	0.07	0.05	0.06
ENSMUST00000093299.12|ENSMUSG00000045671|Spred2	56.0	20022383	chr11:20021444-20024026	0.27	0.18	0.24	0.26	NA	0.16	0.38	0.13	0.18	0.22	0.31	0.36
ENSMUST00000000137.7|ENSMUSG00000020152|Actr2	2592.1	20064540	chr11:20062303-20064691	1.00	1.00	1.00	1.00	1.00	1.00	1.00	1.00	0.83	1.00	1.00	0.93
ENSMUST00000020358.11|ENSMUSG00000020149|Rab1a	24903.3	20225277	chr11:20224842-20226856	0.22	0.29	0.28	0.29	0.20	0.22	0.17	0.31	0.31	0.30	0.29	0.33
ENSMUST00000109594.7|ENSMUSG00000020142|Slc1a4	148.7	20303880	chr11:20302179-20304268	0.93	0.96	1.00	0.80	0.86	1.00	1.00	0.98	0.85	1.00	1.00	0.98
ENSMUST00000093292.10|ENSMUSG00000049800|Sertad2	41.9	20648900	chr11:20648732-20653021	0.28	0.17	0.11	0.15	NA	0.13	0.13	0.21	0.10	0.25	0.19	0.24
ENSMUST00000047028.8|ENSMUSG00000042363|Lgalsl	161.3	20824589	chr11:20823575-20826374	0.69	0.50	0.86	0.83	0.81	0.62	1.00	0.90	0.80	0.68	0.62	0.68
ENSMUST00000093290.11|ENSMUSG00000020134|Peli1	568.5	21149003	chr11:21148520-21150323	0.30	0.23	0.19	0.19	0.42	0.20	0.28	0.25	0.20	0.13	0.23	0.25
ENSMUST00000006221.13|ENSMUSG00000020128|Vps54	62.4	21320169	chr11:21319855-21321136	0.50	0.41	0.30	0.58	1.00	0.76	0.70	0.42	0.44	0.43	0.85	NA
ENSMUST00000102875.10|ENSMUSG00000001891|Ugp2	1986.7	21321814	chr11:21321137-21322024	0.16	0.23	0.22	0.25	0.22	0.19	0.20	0.20	0.28	0.17	0.21	0.23
ENSMUST00000239073.1|ENSMUSG00000020321|Mdh1	17366.3	21557294	chr11:21556691-21557445	0.05	0.10	0.09	0.08	0.02	0.11	0.05	0.08	0.05	0.06	0.09	0.10
ENSMUST00000006071.13|ENSMUSG00000005917|Otx1	30.3	21995585	chr11:21994763-21996242	NA	0.63	NA	NA	NA	1.00	NA	NA	NA	NA	0.61	1.00
ENSMUST00000059319.7|ENSMUSG00000049904|Tmem17	45.1	22518889	chr11:22518656-22519234	0.38	0.27	0.56	0.52	NA	0.43	0.28	0.58	0.23	0.43	0.52	0.81
ENSMUST00000062844.10|ENSMUSG00000051650|B3gnt2	1239.0	22835138	chr11:22834746-22835995	0.60	0.63	0.38	0.53	1.00	1.00	0.59	0.47	0.54	0.58	0.69	0.74
ENSMUST00000160826.1|ENSMUSG00000098650|Commd1b	1615.7	22835818	chr11:22834743-22837192	0.93	0.90	0.86	0.84	0.82	0.99	0.97	0.99	1.00	0.99	0.97	0.79
ENSMUST00000159081.7|ENSMUSG00000051355|Commd1	680.4	22899801	chr11:22896135-22899952	0.01	0.00	0.02	0.01	0.01	0.01	0.00	0.02	0.01	0.00	0.01	0.01
ENSMUST00000049506.7|ENSMUSG00000044068|Zrsr1	7.3	22974757	chr11:22974511-22976496	NA	0.06	0.08	0.02	0.02	NA	0.02	0.00	NA	0.00	0.06	0.07
ENSMUST00000094363.3|ENSMUSG00000049811|Fam161a	29.5	23029049	chr11:23028898-23030788	NA	NA	NA	0.73	NA	0.52	0.34	0.94	NA	NA	NA	NA
ENSMUST00000102869.7|ENSMUSG00000020290|Xpo1	97.1	23296870	chr11:23296104-23298249	0.05	0.01	0.04	0.09	0.06	0.02	0.02	0.01	0.05	0.02	0.03	0.08
ENSMUST00000109539.7|ENSMUSG00000020288|Ahsa2	415.8	23489977	chr11:23487881-23490400	0.22	0.28	0.21	0.30	0.31	0.15	0.34	0.20	0.17	0.16	0.45	0.33
ENSMUST00000043356.12|ENSMUSG00000042208|0610010F05Rik	33.5	23574007	chr11:23573250-23575483	0.10	0.31	0.13	0.16	NA	0.27	0.08	0.23	0.25	0.10	0.20	0.15
ENSMUST00000020523.3|ENSMUSG00000020283|Pex13	199.1	23648994	chr11:23646478-23649294	0.09	0.14	0.13	0.12	0.07	0.06	0.11	0.18	0.10	0.13	0.13	0.12
ENSMUST00000109525.7|ENSMUSG00000020280|Pus10	40.8	23731548	chr11:23731356-23732876	0.88	0.79	0.98	0.78	1.00	0.81	0.89	0.70	1.00	0.44	0.95	NA
ENSMUST00000020513.9|ENSMUSG00000020273|Papolg	25.9	23863616	chr11:23862645-23863960	0.78	0.72	0.66	0.70	NA	1.00	0.70	0.60	0.85	0.81	NA	1.00
ENSMUST00000004120.8|ENSMUSG00000004018|Fancl	145.0	26471508	chr11:26471357-26471876	1.00	1.00	1.00	1.00	1.00	1.00	1.00	1.00	1.00	1.00	1.00	1.00
ENSMUST00000093253.9|ENSMUSG00000032878|Ccdc85a	110.2	28387308	chr11:28385684-28388861	0.20	0.25	0.18	0.13	0.22	0.20	0.10	0.18	0.20	0.09	0.23	0.23
ENSMUST00000020759.11|ENSMUSG00000020467|Efemp1	174441.0	28926488	chr11:28926315-28926743	0.44	0.41	0.34	0.36	0.53	0.44	0.38	0.33	0.37	0.41	0.37	0.30
ENSMUST00000020756.8|ENSMUSG00000020464|Pnpt1	72.3	29161631	chr11:29161480-29161828	0.16	0.03	0.17	NA	0.03	0.15	0.35	NA	0.20	0.00	0.01	0.18
ENSMUST00000020755.11|ENSMUSG00000020463|Ppp4r3b	237.7	29218938	chr11:29218548-29220797	0.61	0.47	0.37	0.42	0.87	0.39	0.38	0.38	0.41	0.38	0.49	0.57
ENSMUST00000020754.9|ENSMUSG00000020462|Cfap36	1023.2	29221735	chr11:29221531-29221886	0.27	0.29	0.49	0.33	0.30	0.42	0.26	0.27	0.38	0.42	0.36	0.42
ENSMUST00000133103.1|ENSMUSG00000032673|Prorsd1	389.4	29513152	chr11:29511756-29513665	0.04	0.07	0.03	0.04	0.13	0.05	0.06	0.10	0.04	0.04	0.04	0.03
ENSMUST00000078830.10|ENSMUSG00000020458|Rtn4	2020.0	29742806	chr11:29742026-29744331	0.04	0.03	0.02	0.02	0.08	0.04	0.01	0.02	0.01	0.01	0.02	0.03
ENSMUST00000102838.9|ENSMUSG00000020315|Sptbn1	17.0	30107763	chr11:30106784-30109004	0.76	0.64	NA	NA	NA	0.90	0.44	NA	0.54	0.65	NA	NA
ENSMUST00000074613.3|ENSMUSG00000060923|Acyp2	967.7	30506176	chr11:30505990-30506327	0.44	0.28	0.32	0.34	0.55	0.53	0.22	0.21	0.57	0.30	0.36	0.50
ENSMUST00000137306.7|ENSMUSG00000020305|Asb3	106.9	31029121	chr11:31028970-31102704	0.03	0.03	0.03	0.03	0.04	0.03	0.04	0.04	0.03	0.04	0.04	0.02
ENSMUST00000101394.4|ENSMUSG00000020309|Chac2	139.6	30977094	chr11:30976706-30977383	0.44	0.51	0.31	0.66	0.65	0.46	0.38	0.40	0.52	0.37	0.63	0.39
ENSMUST00000058060.13|ENSMUSG00000044502|Bod1	110223.2	31666589	chr11:31665180-31666740	1.00	1.00	1.00	1.00	1.00	1.00	1.00	1.00	1.00	1.00	1.00	1.00
ENSMUST00000109412.8|ENSMUSG00000020300|Cpeb4	65.9	31931995	chr11:31931529-31935634	0.99	1.00	0.67	1.00	NA	NA	1.00	0.68	0.54	0.82	1.00	0.82
ENSMUST00000020537.8|ENSMUSG00000020297|Nsg2	5616.1	32057782	chr11:32057631-32059202	NA	NA	1.00	1.00	NA	NA	1.00	1.00	NA	NA	1.00	1.00
ENSMUST00000039601.9|ENSMUSG00000040767|Snrnp25	1277.9	32208890	chr11:32208739-32208984	0.25	0.26	0.15	0.20	0.44	0.27	0.23	0.12	0.12	0.27	0.31	0.29
ENSMUST00000146179.7|ENSMUSG00000020282|Rhbdf1	21731.6	32212622	chr11:32209586-32214441	0.47	0.39	0.50	0.44	0.36	0.38	0.42	0.44	0.38	0.47	0.48	0.49
ENSMUST00000124640.7|ENSMUSG00000020289|Nprl3	1262.6	32250108	chr11:32225627-32250259	0.13	0.11	0.12	0.12	0.12	0.11	0.17	0.12	0.11	0.12	0.11	0.09
ENSMUST00000142964.7|ENSMUSG00000020287|Mpg	2310.6	32230053	chr11:32229309-32232022	0.13	NA	0.09	NA	NA	NA	0.04	0.04	0.01	0.02	0.02	0.01
ENSMUST00000038753.5|ENSMUSG00000040711|Sh3pxd2b	370.3	32423709	chr11:32423558-32428173	NA	NA	1.00	1.00	NA	NA	NA	1.00	1.00	1.00	NA	NA
ENSMUST00000051053.4|ENSMUSG00000044949|Ubtd2	149.7	32516635	chr11:32516484-32516687	0.77	1.00	0.78	0.82	0.86	0.99	0.51	0.86	0.86	0.96	0.85	0.88
ENSMUST00000102821.3|ENSMUSG00000020272|Stk10	55.8	32622774	chr11:32622558-32624587	NA	NA	NA	0.69	0.87	NA	NA	NA	0.80	0.53	NA	NA
ENSMUST00000143290.1|ENSMUSG00000020271|Fbxw11	1.9	32652994	chr11:32652843-32720574	0.05	0.01	NA	0.04	0.02	NA	NA	0.05	NA	0.03	0.01	0.01
ENSMUST00000109363.7|ENSMUSG00000057967|Fgf18	30.2	33117616	chr11:33117429-33117767	NA	0.42	NA	NA	NA	NA	NA	NA	0.60	0.33	0.40	NA
ENSMUST00000075641.9|ENSMUSG00000057113|Npm1	7677.3	33152656	chr11:33152286-33152816	0.10	0.09	0.08	0.08	0.16	0.11	0.11	0.08	0.09	0.08	0.13	0.12
ENSMUST00000101368.8|ENSMUSG00000053519|Kcnip1	58.3	33630035	chr11:33629338-33630553	0.13	0.07	NA	NA	NA	0.16	0.15	0.13	NA	NA	0.17	0.15
ENSMUST00000020362.2|ENSMUSG00000020155|Kcnmb1	14.6	33970998	chr11:33970361-33973641	0.21	0.16	0.05	0.07	0.04	0.10	NA	NA	NA	NA	0.24	0.05
ENSMUST00000052413.11|ENSMUSG00000002699|Lcp2	191.8	34091121	chr11:34090684-34092295	0.06	0.10	0.11	0.10	0.19	0.06	NA	0.00	0.08	0.14	NA	NA
ENSMUST00000143540.7|ENSMUSG00000020143|Dock2	8.6	34514355	chr11:34437311-34514506	NA	NA	0.01	0.02	0.01	0.01	NA	0.02	0.01	0.01	NA	NA
ENSMUST00000018990.7|ENSMUSG00000018846|Pank3	49.4	35786703	chr11:35785455-35791285	0.57	0.59	1.00	1.00	0.43	0.77	NA	1.00	0.61	0.54	NA	0.55
ENSMUST00000018993.6|ENSMUSG00000018849|Wwc1	664.7	35839029	chr11:35838399-35839180	0.90	0.68	0.37	0.31	1.00	0.51	0.69	0.49	0.39	0.41	0.63	0.55
ENSMUST00000141830.7|ENSMUSG00000042032|Mat2b	14184.9	40684681	chr11:40680655-40685265	0.26	0.22	0.25	0.24	0.27	0.24	0.24	0.23	0.27	0.23	0.23	0.23
ENSMUST00000020578.10|ENSMUSG00000020328|Nudcd2	1679.0	40739728	chr11:40739239-40740046	0.51	0.56	0.40	0.47	0.86	0.51	0.52	0.46	0.50	0.51	0.64	0.55
ENSMUST00000020576.7|ENSMUSG00000020326|Ccng1	1051.5	40750719	chr11:40748551-40750870	0.92	1.00	0.96	0.95	1.00	1.00	1.00	1.00	1.00	1.00	1.00	0.99
ENSMUST00000070725.10|ENSMUSG00000020436|Gabrg2	14.3	41911931	chr11:41910202-41912318	NA	0.45	NA	NA	NA	NA	0.57	NA	NA	NA	0.45	0.44
ENSMUST00000205546.1|ENSMUSG00000010803|Gabra1	101.0	42131707	chr11:42130938-42133481	NA	0.57	0.37	NA	NA	0.24	0.40	NA	NA	NA	0.56	0.34
ENSMUST00000152115.7|ENSMUSG00000020415|Pttg1	1594.1	43421101	chr11:43420277-43421252	0.11	0.00	0.02	0.01	0.04	0.01	0.04	0.02	0.01	0.01	0.00	0.00
ENSMUST00000020681.9|ENSMUSG00000020409|Slu7	242.5	43446823	chr11:43446188-43447981	0.07	0.18	0.19	0.16	0.17	0.23	0.11	0.15	0.20	0.16	0.17	0.23
ENSMUST00000050574.6|ENSMUSG00000044707|Ccnjl	14.4	43586023	chr11:43585712-43586997	0.27	0.21	NA	NA	0.15	0.15	0.06	NA	NA	NA	0.19	NA
ENSMUST00000061070.5|ENSMUSG00000044950|Pwwp2a	19.7	43706624	chr11:43706199-43707191	0.55	NA	0.67	NA	0.27	NA	0.34	NA	NA	NA	NA	NA
ENSMUST00000109278.7|ENSMUSG00000041278|Ttc1	1366.4	43730194	chr11:43729511-43730606	0.20	0.21	0.19	0.17	0.25	0.18	0.10	0.14	0.16	0.19	0.18	0.16
ENSMUST00000102795.3|ENSMUSG00000041231|Ublcp1	421.7	44454928	chr11:44454570-44455590	0.65	0.70	0.68	0.72	0.32	0.64	0.63	0.57	0.73	0.70	0.58	0.64
ENSMUST00000081265.11|ENSMUSG00000057098|Ebf1	209.1	45005008	chr11:45004745-45008091	0.18	0.19	0.18	0.16	0.32	0.24	0.14	0.17	0.15	0.17	0.16	0.19
ENSMUST00000109261.10|ENSMUSG00000006169|Clint1	2078.2	45910282	chr11:45909284-45910625	0.65	0.64	0.53	0.63	1.00	0.98	0.63	0.51	0.64	0.49	0.85	0.70
ENSMUST00000129820.7|ENSMUSG00000044847|Lsm11	35.6	45932485	chr11:45928268-45933615	0.39	0.51	0.36	0.40	NA	NA	0.16	0.49	0.44	0.36	0.35	0.55
ENSMUST00000093169.2|ENSMUSG00000069899|Gm12166	2688.0	46051518	chr11:46051353-46051817	0.17	0.11	0.10	0.11	0.21	0.23	0.15	0.12	0.16	0.22	0.31	0.16
ENSMUST00000011400.7|ENSMUSG00000011256|Adam19	73.2	46144314	chr11:46143842-46147343	NA	NA	NA	0.89	1.00	NA	NA	NA	0.76	1.00	NA	NA
ENSMUST00000165599.8|ENSMUSG00000020340|Cyfip2	1969.0	46196151	chr11:46193849-46196302	1.00	1.00	0.80	1.00	0.67	1.00	1.00	0.99	0.65	0.66	0.93	0.84
ENSMUST00000170928.7|ENSMUSG00000020397|Med7	145.1	46441429	chr11:46441278-46442721	0.04	0.06	0.07	0.12	0.03	0.05	0.12	0.08	0.07	0.06	0.09	0.17
ENSMUST00000020668.14|ENSMUSG00000020399|Havcr2	191.5	46480006	chr11:46479443-46481255	NA	NA	1.00	0.82	0.59	0.82	NA	NA	0.92	0.91	NA	0.94
ENSMUST00000020640.7|ENSMUSG00000020372|Rack1	876.0	48806193	chr11:48806042-48806434	0.01	0.00	NA	NA	0.00	0.05	0.03	0.00	0.02	0.00	0.00	0.00
ENSMUST00000047145.13|ENSMUSG00000040365|Trim41	41.5	48806619	chr11:48806403-48807247	0.36	0.34	0.52	0.61	1.00	NA	0.54	0.34	0.08	NA	1.00	0.67
ENSMUST00000104959.1|ENSMUSG00000078154|Gm12184	45127.3	48825626	chr11:48825345-48826007	0.29	0.27	0.26	0.26	0.29	0.31	0.21	0.21	0.27	0.27	0.27	0.29
ENSMUST00000049519.3|ENSMUSG00000046879|Irgm1	3095.5	48865559	chr11:48865244-48865803	0.42	0.37	0.23	0.25	0.87	0.40	0.28	0.26	0.32	0.24	0.46	0.47
ENSMUST00000097494.8|ENSMUSG00000069893|9930111J21Rik1	158.9	48947075	chr11:48946149-48947226	0.55	0.85	0.72	1.00	0.30	0.41	1.00	0.58	0.77	0.69	0.91	0.70
ENSMUST00000068063.3|ENSMUSG00000078922|Tgtp1	1183.2	48986480	chr11:48985326-48986631	0.04	0.05	0.10	0.09	0.05	0.06	0.06	0.10	0.10	0.12	0.03	0.12
ENSMUST00000101295.8|ENSMUSG00000069892|9930111J21Rik2	106.4	49018130	chr11:49015873-49019072	0.23	0.19	0.24	0.26	0.96	0.36	0.34	0.20	0.15	0.29	0.44	0.29
ENSMUST00000046745.6|ENSMUSG00000078921|Tgtp2	1169.6	49058347	chr11:49057193-49058498	0.04	0.06	0.10	0.10	0.05	0.04	0.07	0.11	0.10	0.12	0.03	0.09
ENSMUST00000109202.2|ENSMUSG00000078920|Ifi47	2188.8	49096818	chr11:49096667-49096974	0.18	0.23	0.19	0.19	0.40	0.25	0.17	0.20	0.28	0.17	0.24	0.36
ENSMUST00000109197.7|ENSMUSG00000046311|Zfp62	59.5	49218239	chr11:49217804-49218816	0.78	0.48	0.54	0.64	1.00	0.73	1.00	0.69	0.82	0.62	0.59	0.94
ENSMUST00000101293.10|ENSMUSG00000020346|Mgat1	1005.2	49262698	chr11:49262032-49263030	0.74	0.70	0.57	0.61	1.00	0.76	0.59	0.59	0.75	0.65	0.86	0.68
ENSMUST00000020617.2|ENSMUSG00000020357|Flt4	63.5	49652168	chr11:49651080-49652739	0.69	0.44	0.76	0.64	0.70	NA	NA	0.88	NA	NA	NA	0.86
ENSMUST00000145353.7|ENSMUSG00000020362|Cnot6	263.2	49674914	chr11:49671502-49675195	0.50	0.54	0.21	0.31	0.58	0.26	0.24	0.26	0.29	0.27	0.32	0.31
ENSMUST00000020629.4|ENSMUSG00000020363|Gfpt2	723.5	49838264	chr11:49837762-49838613	0.44	0.59	0.54	0.69	0.79	0.60	0.73	0.51	0.66	0.66	NA	NA
ENSMUST00000109179.8|ENSMUSG00000020366|Mapk9	654.2	49883648	chr11:49883155-49886421	0.20	0.40	0.36	0.40	0.32	0.35	0.24	0.42	0.33	0.27	0.79	0.80
ENSMUST00000063444.2|ENSMUSG00000020374|Rasgef1c	1333.6	49980028	chr11:49979516-49980994	0.02	0.03	0.02	0.04	0.08	0.07	0.05	0.03	NA	NA	0.08	0.07
ENSMUST00000238748.1|ENSMUSG00000020376|Rnf130	35.9	50120695	chr11:50119151-50125719	NA	0.36	0.29	0.35	NA	0.16	0.25	0.12	NA	0.26	0.35	0.36
ENSMUST00000101270.4|ENSMUSG00000036644|Tbc1d9b	6572.0	50171840	chr11:50171404-50172785	0.27	0.21	0.20	0.20	0.33	0.20	0.24	0.19	0.18	0.19	0.24	0.22
ENSMUST00000015981.11|ENSMUSG00000015837|Sqstm1	218598.8	50200367	chr11:50199365-50200792	0.07	0.07	0.06	0.06	0.15	0.09	0.06	0.06	0.06	0.06	0.11	0.11
ENSMUST00000151803.7|ENSMUSG00000036620|Mgat4b	60086.6	50233657	chr11:50233465-50235103	0.38	0.36	0.40	0.43	0.40	0.38	0.43	0.39	0.42	0.42	0.38	0.37
ENSMUST00000179865.7|ENSMUSG00000020368|Canx	25826.8	50295055	chr11:50293960-50296284	0.28	0.32	0.27	0.31	0.39	0.33	0.40	0.27	0.30	0.30	0.50	0.42
ENSMUST00000020643.3|ENSMUSG00000020375|Rufy1	246.4	50389547	chr11:50389285-50389817	0.49	0.43	0.46	0.42	1.00	0.51	0.38	0.34	0.41	0.31	0.63	0.60
ENSMUST00000040523.8|ENSMUSG00000036545|Adamts2	124.7	50804177	chr11:50804026-50807573	NA	NA	0.18	0.25	NA	0.11	0.23	0.29	0.23	0.27	NA	NA
ENSMUST00000109135.8|ENSMUSG00000044807|Zfp354c	45.7	50814271	chr11:50811085-50814566	NA	1.00	0.74	1.00	NA	0.85	NA	1.00	1.00	0.74	1.00	0.90
ENSMUST00000109129.7|ENSMUSG00000049321|Zfp2	21.5	50899202	chr11:50898711-50899837	1.00	0.58	0.71	0.66	NA	1.00	0.38	1.00	NA	0.50	0.76	1.00
ENSMUST00000109122.7|ENSMUSG00000020364|Zfp354a	8.9	51071239	chr11:51070682-51072799	NA	NA	NA	0.19	0.02	NA	NA	0.03	0.10	NA	NA	NA
ENSMUST00000126131.7|ENSMUSG00000020385|Clk4	919.8	51272022	chr11:51271807-51275259	0.14	0.09	0.13	0.12	0.22	0.09	0.18	0.21	0.09	0.11	0.12	0.21
ENSMUST00000074669.9|ENSMUSG00000020358|Hnrnpab	23722.5	51601086	chr11:51600099-51601410	0.18	0.19	0.22	0.21	0.28	0.19	0.19	0.23	0.20	0.21	0.24	0.29
ENSMUST00000127405.1|ENSMUSG00000001056|Nhp2	6156.9	51623365	chr11:51623214-51623714	0.08	0.05	0.05	0.07	0.07	0.06	0.07	0.06	0.05	0.04	0.07	0.08
ENSMUST00000136020.7|ENSMUSG00000001054|Rmnd5b	10955.5	51624228	chr11:51623670-51624545	0.95	0.86	0.97	0.91	1.00	1.00	0.89	0.83	0.89	0.90	1.00	0.99
ENSMUST00000001080.15|ENSMUSG00000001053|N4bp3	1618.4	51643344	chr11:51643062-51643623	0.37	0.39	0.41	0.34	0.99	0.47	0.29	0.33	0.37	0.57	0.62	0.54
ENSMUST00000007921.8|ENSMUSG00000007777|0610009B22Rik	1742.6	51685498	chr11:51685385-51685649	0.12	0.30	0.20	0.22	0.29	0.24	0.21	0.25	0.25	0.19	0.32	0.21
ENSMUST00000020653.5|ENSMUSG00000020386|Sar1b	7895.7	51791672	chr11:51791440-51791925	0.35	0.35	0.32	0.35	0.84	0.54	0.33	0.35	0.37	0.33	0.58	0.62
ENSMUST00000020657.12|ENSMUSG00000020390|Ube2b	4810.6	51986393	chr11:51985496-51986684	0.37	0.54	0.56	0.59	0.35	0.47	0.54	0.50	0.52	0.51	0.67	0.68
ENSMUST00000020608.2|ENSMUSG00000020349|Ppp2ca	21585.8	52122514	chr11:52121971-52127778	0.03	0.04	0.03	0.03	0.03	0.03	0.02	0.03	0.03	0.02	0.04	0.05
ENSMUST00000086844.9|ENSMUSG00000000782|Tcf7	201.6	52253734	chr11:52252370-52253885	1.00	0.90	1.00	1.00	1.00	1.00	1.00	1.00	1.00	0.87	1.00	1.00
ENSMUST00000109057.7|ENSMUSG00000036275|9530068E07Rik	5959.8	52407263	chr11:52407073-52408728	0.95	0.93	1.00	0.97	0.68	0.91	1.00	0.97	0.89	1.00	0.88	0.94
ENSMUST00000060945.11|ENSMUSG00000049470|Aff4	161.3	53415930	chr11:53415512-53421830	NA	NA	1.00	1.00	0.45	NA	NA	1.00	1.00	0.75	NA	1.00
ENSMUST00000061326.4|ENSMUSG00000044894|Uqcrq	18432.4	53428907	chr11:53427921-53429058	0.01	0.01	0.01	0.02	0.00	0.01	0.02	0.04	0.01	0.00	0.01	0.00
ENSMUST00000109013.8|ENSMUSG00000018387|Shroom1	21.0	53467243	chr11:53467092-53467766	0.72	0.22	0.45	0.39	0.40	NA	0.31	0.18	NA	0.25	0.21	0.19
ENSMUST00000104955.3|ENSMUSG00000044352|Sowaha	2357.3	53477516	chr11:53476572-53478263	0.59	0.49	0.44	0.34	1.00	0.48	0.48	0.40	0.47	0.34	0.65	0.51
ENSMUST00000117061.7|ENSMUSG00000018398|Septin8	2091.5	53541799	chr11:53541033-53544096	NA	0.52	1.00	1.00	0.60	0.60	NA	1.00	1.00	1.00	NA	NA
ENSMUST00000132653.1|ENSMUSG00000018395|Kif3a	3186.5	53579861	chr11:53579710-53586895	0.09	0.10	0.08	0.10	0.17	0.11	0.09	0.08	0.10	0.11	0.12	0.11
ENSMUST00000128483.7|ENSMUSG00000020380|Rad50	50.7	53684125	chr11:53674754-53684283	0.07	0.09	0.08	0.08	0.05	0.07	0.17	0.07	0.10	0.06	NA	NA
ENSMUST00000020586.6|ENSMUSG00000020334|Slc22a4	35.3	53983401	chr11:53983122-53983612	0.42	0.38	0.43	0.17	0.71	0.34	0.51	0.44	NA	NA	0.74	NA
ENSMUST00000093109.10|ENSMUSG00000020388|Pdlim4	6433.0	54055020	chr11:54054947-54055171	0.23	0.36	0.23	0.25	0.40	0.25	0.24	0.29	0.29	0.22	0.48	0.36
ENSMUST00000093106.11|ENSMUSG00000020333|Acsl6	277.7	54361379	chr11:54361194-54364756	0.10	0.07	0.10	0.13	0.05	0.06	0.04	0.12	0.17	0.28	0.09	0.11
ENSMUST00000046835.13|ENSMUSG00000035992|Fnip1	50.5	54516760	chr11:54515573-54518235	0.61	NA	0.45	0.76	0.79	0.51	0.22	0.36	0.29	0.54	0.39	NA
ENSMUST00000102743.9|ENSMUSG00000037533|Rapgef6	27.8	54696919	chr11:54696102-54699285	0.84	0.59	0.75	0.56	0.52	0.60	0.93	0.63	0.54	0.30	NA	NA
ENSMUST00000064104.12|ENSMUSG00000052298|Cdc42se2	34297.3	54720110	chr11:54717455-54720261	1.00	1.00	1.00	1.00	1.00	1.00	1.00	1.00	1.00	1.00	1.00	1.00
ENSMUST00000148070.7|ENSMUSG00000020268|Lyrm7	15.0	54839977	chr11:54826865-54841134	0.01	0.03	0.03	0.04	0.02	0.01	0.01	0.02	0.03	NA	0.03	0.03
ENSMUST00000117710.1|ENSMUSG00000020267|Hint1	903086.0	54870255	chr11:54870093-54870307	1.00	1.00	1.00	1.00	1.00	1.00	1.00	1.00	1.00	1.00	1.00	1.00
ENSMUST00000082430.9|ENSMUSG00000018339|Gpx3	4375863.6	54910067	chr11:54909655-54910377	0.52	0.46	0.48	0.54	1.00	0.69	0.45	0.45	0.62	0.53	0.72	0.66
ENSMUST00000108889.9|ENSMUSG00000020400|Tnip1	933.5	54911079	chr11:54910784-54911539	0.78	0.63	0.48	0.60	0.66	0.56	0.55	0.55	0.53	0.44	0.68	0.60
ENSMUST00000108883.9|ENSMUSG00000018340|Anxa6	8149.6	54979312	chr11:54979107-54979464	0.29	0.37	0.33	0.33	0.61	0.40	0.32	0.29	0.34	0.34	0.45	0.37
ENSMUST00000055040.12|ENSMUSG00000049588|Ccdc69	13.9	55050052	chr11:55049730-55050479	0.56	0.33	0.36	0.36	1.00	0.67	0.47	0.61	0.62	0.75	NA	NA
ENSMUST00000000608.7|ENSMUSG00000000594|Gm2a	21832.6	55110706	chr11:55109530-55113029	0.02	0.03	0.03	0.02	0.04	0.03	0.02	0.02	0.04	0.05	0.04	0.04
ENSMUST00000039305.5|ENSMUSG00000020264|Slc36a2	2323.1	55158809	chr11:55158469-55159346	NA	NA	0.52	0.48	1.00	0.61	0.51	0.48	0.42	0.44	NA	NA
ENSMUST00000108858.7|ENSMUSG00000018593|Sparc	1567803.9	55394806	chr11:55394499-55395587	0.66	0.65	0.59	0.58	0.97	0.70	0.70	0.57	0.66	0.63	0.80	0.71
ENSMUST00000108857.1|ENSMUSG00000018585|Atox1	39069.6	55450352	chr11:55446640-55450503	0.00	0.00	0.01	0.00	0.00	0.00	0.00	0.01	0.00	0.00	0.00	0.00
ENSMUST00000018727.3|ENSMUSG00000018583|G3bp1	7130.6	55500227	chr11:55499665-55504838	0.05	0.04	0.03	0.03	0.10	0.04	0.03	0.05	0.04	0.04	0.04	0.08
ENSMUST00000036315.15|ENSMUSG00000020524|Gria1	586.2	57327794	chr11:57327643-57330244	NA	0.76	0.85	1.00	NA	NA	NA	NA	NA	NA	0.81	0.62
ENSMUST00000020831.12|ENSMUSG00000020523|Fam114a2	231.3	57483869	chr11:57482992-57484020	0.69	0.40	0.48	0.69	0.69	0.48	0.81	0.62	0.47	0.46	0.33	0.38
ENSMUST00000108849.7|ENSMUSG00000020522|Mfap3	269.9	57530625	chr11:57530241-57533815	0.25	0.17	0.12	0.15	0.33	0.13	0.10	0.24	0.16	0.20	0.11	0.39
ENSMUST00000066987.13|ENSMUSG00000020520|Galnt10	324.3	57785846	chr11:57784725-57787514	0.27	0.33	0.53	0.57	0.51	0.43	0.87	0.47	0.63	0.59	NA	0.81
ENSMUST00000178636.1|ENSMUSG00000037331|Larp1	258.1	58059299	chr11:58058762-58062034	0.42	0.45	0.29	0.36	0.22	0.38	0.34	0.26	0.24	0.28	0.29	0.24
ENSMUST00000020822.11|ENSMUSG00000020515|Cnot8	1352.9	58118212	chr11:58117585-58118594	0.67	0.66	0.70	0.64	1.00	0.72	0.65	0.57	0.69	0.64	0.72	0.70
ENSMUST00000172035.7|ENSMUSG00000037275|Gemin5	15.8	58121352	chr11:58120001-58121619	0.58	0.52	0.39	0.58	0.36	0.20	0.16	NA	0.71	0.37	0.30	0.68
ENSMUST00000168280.1|ENSMUSG00000078853|Igtp	379.3	58207206	chr11:58206362-58207575	0.77	0.81	0.71	0.80	1.00	0.83	0.84	0.69	0.68	0.62	1.00	0.78
ENSMUST00000209079.1|ENSMUSG00000069874|Irgm2	314.1	58221922	chr11:58220669-58222782	0.87	0.86	0.80	0.85	0.90	1.00	1.00	0.85	0.84	0.80	1.00	0.95
ENSMUST00000116376.8|ENSMUSG00000013646|Sh3bp5l	177.1	58347152	chr11:58346394-58347728	0.99	0.74	0.76	0.82	0.66	0.67	0.89	0.77	0.74	0.69	0.83	0.80
ENSMUST00000094151.5|ENSMUSG00000020496|Rnf187	918340.1	58933855	chr11:58932287-58934006	1.00	NA	NA	1.00	1.00	NA	1.00	1.00	NA	1.00	NA	NA
ENSMUST00000078267.4|ENSMUSG00000056895|H2bu2	250.3	58949468	chr11:58949317-58949533	NA	0.12	NA	0.00	0.35	0.10	0.11	NA	NA	NA	0.08	0.06
ENSMUST00000108817.4|ENSMUSG00000078851|H2aw	3080.2	58955419	chr11:58955127-58956830	0.12	0.16	0.17	0.13	0.23	0.16	0.14	0.11	0.10	0.11	0.18	0.23
ENSMUST00000108809.7|ENSMUSG00000020455|Trim11	1403.9	58988990	chr11:58988839-58991455	0.89	0.77	0.63	0.65	0.83	0.76	0.67	0.50	0.59	0.59	0.66	0.62
ENSMUST00000054523.5|ENSMUSG00000049287|Iba57	17.9	59157602	chr11:59155368-59158267	0.03	0.07	0.15	0.11	0.19	0.12	0.12	0.35	0.15	0.28	0.18	0.22
ENSMUST00000108793.8|ENSMUSG00000043448|Gjc2	18.0	59175838	chr11:59175567-59176334	NA	NA	NA	NA	NA	NA	0.44	0.08	0.37	0.71	NA	NA
ENSMUST00000170202.8|ENSMUSG00000020444|Guk1	162215.8	59184003	chr11:59183874-59184154	0.21	0.27	0.24	0.22	0.34	0.33	0.23	0.25	0.27	0.24	0.31	0.32
ENSMUST00000045697.11|ENSMUSG00000036860|Mrpl55	506.7	59205955	chr11:59205804-59206134	0.34	0.35	0.24	0.17	0.38	0.28	0.30	0.29	0.33	0.28	0.37	0.28
ENSMUST00000020719.6|ENSMUSG00000020441|2310033P09Rik	34.0	59210516	chr11:59210341-59210738	0.63	0.58	0.67	0.55	0.48	0.50	0.57	0.56	0.48	0.40	0.73	0.45
ENSMUST00000163300.7|ENSMUSG00000048076|Arf1	41053.0	59211730	chr11:59211411-59212536	0.68	0.70	0.64	0.70	0.97	0.69	0.64	0.65	0.75	0.72	0.73	0.80
ENSMUST00000000128.9|ENSMUSG00000000126|Wnt9a	136.4	59331928	chr11:59331372-59333552	NA	1.00	0.95	0.76	NA	0.69	0.65	0.77	0.67	0.68	0.88	0.74
ENSMUST00000010038.9|ENSMUSG00000009894|Snap47	6203.2	59407389	chr11:59407133-59407666	0.39	0.40	0.33	0.32	0.81	0.63	0.34	0.35	0.39	0.35	0.62	0.64
ENSMUST00000147163.7|ENSMUSG00000036819|Jmjd4	266.6	59454059	chr11:59453908-59458567	0.26	0.15	0.24	0.36	0.30	0.18	0.43	0.28	0.24	0.33	0.26	0.33
ENSMUST00000057799.7|ENSMUSG00000054519|Zfp867	52.8	59462071	chr11:59461196-59463082	NA	0.26	0.22	0.32	NA	0.36	NA	0.21	0.20	0.27	0.35	0.40
ENSMUST00000013262.14|ENSMUSG00000020472|Zkscan17	161.1	59486917	chr11:59485519-59487068	1.00	1.00	0.95	0.87	1.00	1.00	1.00	0.92	0.92	1.00	1.00	0.83
ENSMUST00000116371.7|ENSMUSG00000005417|Mprip	16812.4	59776168	chr11:59772181-59780854	0.15	0.22	0.32	0.31	0.15	0.28	0.36	0.27	0.18	0.19	0.75	0.87
ENSMUST00000102697.9|ENSMUSG00000032633|Flcn	758.3	59791993	chr11:59791407-59792612	0.23	0.23	0.16	0.20	0.39	0.27	0.29	0.17	0.23	0.19	0.21	0.27
ENSMUST00000019517.9|ENSMUSG00000019373|Cops3	1610.8	59817906	chr11:59817794-59818057	0.27	0.15	0.17	0.19	0.31	0.27	0.17	0.16	0.14	0.18	0.20	0.31
ENSMUST00000102695.3|ENSMUSG00000032615|Nt5m	1561.3	59876258	chr11:59875944-59876533	0.49	0.39	0.31	0.36	0.67	0.47	0.37	0.34	0.52	0.42	0.49	0.52
ENSMUST00000081980.6|ENSMUSG00000061650|Med9	487.6	59960938	chr11:59960772-59962205	0.39	0.46	0.39	0.32	0.38	0.27	0.32	0.42	0.24	0.25	0.51	0.48
ENSMUST00000062405.7|ENSMUSG00000049892|Rasd1	1272.7	59963498	chr11:59963180-59963812	0.29	0.38	0.32	0.34	0.51	0.35	0.36	0.26	0.30	0.27	0.52	0.31
ENSMUST00000102692.9|ENSMUSG00000000301|Pemt	43.2	59970669	chr11:59970613-59970820	0.21	0.20	NA	NA	NA	0.00	NA	NA	NA	NA	0.00	NA
ENSMUST00000134660.7|ENSMUSG00000020538|Srebf1	869.4	60199754	chr11:60199088-60199924	0.16	0.18	0.18	0.16	0.26	0.23	0.21	0.16	0.13	0.17	0.11	0.18
ENSMUST00000095254.11|ENSMUSG00000000538|Tom1l2	1959.7	60229944	chr11:60226713-60230095	1.00	1.00	1.00	1.00	1.00	1.00	1.00	1.00	0.95	0.96	1.00	1.00
ENSMUST00000145532.8|ENSMUSG00000042709|Atpaf2	1552.9	60405713	chr11:60401477-60405864	0.13	0.14	0.13	0.14	0.15	0.14	0.17	0.14	0.16	0.15	0.17	0.16
ENSMUST00000139477.7|ENSMUSG00000018415|Gid4	434.3	60445113	chr11:60442039-60450927	0.01	0.01	0.01	0.01	0.02	0.01	0.01	0.00	0.00	0.00	0.01	0.01
ENSMUST00000018568.3|ENSMUSG00000020537|Drg2	1764.2	60468464	chr11:60468147-60468754	0.36	0.40	0.30	0.33	0.49	0.38	0.29	0.26	0.33	0.31	0.44	0.52
ENSMUST00000044250.3|ENSMUSG00000042650|Alkbh5	613.3	60555677	chr11:60554412-60558512	0.03	0.03	0.04	0.03	0.07	0.03	0.03	0.03	0.03	0.03	0.05	0.03
ENSMUST00000108719.3|ENSMUSG00000020536|Llgl1	526.8	60713813	chr11:60713042-60714186	0.80	0.67	0.62	0.65	1.00	0.67	0.74	0.60	0.67	0.66	0.94	0.65
ENSMUST00000018743.4|ENSMUSG00000018599|Mief2	58.1	60732327	chr11:60731967-60732951	0.69	1.00	0.61	0.73	1.00	0.67	0.87	0.63	0.56	0.67	1.00	0.67
ENSMUST00000056907.6|ENSMUSG00000049323|Smcr8	55.2	60784503	chr11:60784204-60788287	NA	0.73	NA	NA	1.00	NA	NA	NA	0.55	1.00	NA	NA
ENSMUST00000108718.1|ENSMUSG00000042569|Dhrs7b	91.7	60858071	chr11:60857920-60860195	0.02	0.04	0.06	0.04	0.02	0.04	0.09	0.04	0.05	0.06	0.04	0.11
ENSMUST00000168218.7|ENSMUSG00000043284|Tmem11	1692.7	60864683	chr11:60864451-60864834	0.36	0.33	0.34	0.29	0.71	0.32	0.33	0.34	0.23	0.23	0.39	0.45
ENSMUST00000019075.3|ENSMUSG00000018931|Natd1	149.0	60903322	chr11:60902245-60906007	0.36	0.13	0.13	0.20	0.66	0.25	0.23	0.24	0.17	0.15	0.41	0.19
ENSMUST00000130269.1|ENSMUSG00000018932|Map2k3	10692.0	60946797	chr11:60946646-60952794	0.08	0.08	0.08	0.07	0.08	0.07	0.08	0.07	0.07	0.08	0.08	0.07
ENSMUST00000089184.10|ENSMUSG00000042529|Kcnj12	21.1	61070687	chr11:61070464-61071131	0.34	NA	NA	NA	0.30	0.15	0.33	0.09	NA	NA	0.32	0.24
ENSMUST00000010286.7|ENSMUSG00000010142|Tnfrsf13b	65.4	61147881	chr11:61147639-61149372	NA	NA	0.83	0.52	0.71	1.00	NA	1.00	0.78	1.00	0.95	1.00
ENSMUST00000060255.13|ENSMUSG00000010086|Rnf112	108.3	61449006	chr11:61448441-61449409	NA	NA	0.73	0.88	1.00	1.00	1.00	0.74	NA	NA	1.00	0.84
ENSMUST00000064783.9|ENSMUSG00000042436|Mfap4	263838.3	61488427	chr11:61487998-61488900	0.16	0.25	0.25	0.22	0.48	0.27	0.22	0.22	0.24	0.23	0.48	0.23
ENSMUST00000101085.8|ENSMUSG00000001034|Mapk7	220.4	61488968	chr11:61488811-61489119	0.28	0.26	0.23	0.13	0.56	0.38	0.23	0.33	0.31	0.20	0.20	0.20
ENSMUST00000108711.7|ENSMUSG00000001036|Epn2	739.3	61518855	chr11:61517248-61519420	0.63	0.64	0.43	0.42	1.00	0.58	0.31	0.48	0.42	0.57	0.41	0.62
ENSMUST00000004959.2|ENSMUSG00000004837|Grap	3103.3	61672400	chr11:61671855-61672784	0.40	0.52	0.41	0.47	0.63	0.43	0.37	0.40	0.54	0.36	0.44	0.33
ENSMUST00000168115.7|ENSMUSG00000020528|Prpsap2	163.8	61729920	chr11:61729649-61730146	0.27	0.43	0.38	0.29	0.68	0.30	0.44	0.32	0.37	0.24	0.44	0.47
ENSMUST00000004920.3|ENSMUSG00000004798|Ulk2	291.3	61776616	chr11:61775648-61777783	0.41	0.63	0.51	0.60	0.75	0.53	0.96	0.41	0.44	0.49	0.65	0.45
ENSMUST00000102650.9|ENSMUSG00000047804|Akap10	95.3	61872000	chr11:61871306-61873018	0.39	0.19	0.25	0.18	0.52	0.35	0.33	0.27	0.23	0.13	NA	0.55
ENSMUST00000049836.13|ENSMUSG00000042331|Specc1	54.0	62139558	chr11:62138068-62141726	0.08	0.08	0.07	0.01	0.06	0.05	0.03	0.04	0.06	0.03	0.17	0.10
ENSMUST00000018644.2|ENSMUSG00000018500|Adora2b	90.6	62266052	chr11:62265722-62266453	0.30	0.31	0.32	0.45	0.76	0.51	0.49	0.27	0.52	0.36	0.89	0.40
ENSMUST00000072916.4|ENSMUSG00000014243|Zswim7	368.7	62267305	chr11:62267223-62267456	0.13	0.18	0.19	0.29	0.29	0.17	0.33	0.37	0.11	0.09	0.27	0.32
ENSMUST00000050646.12|ENSMUSG00000042298|Ttc19	163.7	62314965	chr11:62314140-62316426	0.20	0.22	0.38	0.33	0.25	0.20	0.27	0.28	0.31	0.27	0.47	0.72
ENSMUST00000069456.10|ENSMUSG00000018501|Ncor1	243.5	62402456	chr11:62401382-62403434	0.22	0.42	0.28	0.32	0.31	0.19	0.18	0.42	0.34	0.47	0.39	0.46
ENSMUST00000014389.5|ENSMUSG00000014245|Pigl	40.0	62513678	chr11:62512999-62514417	0.21	0.24	0.30	0.25	0.36	0.18	NA	0.36	0.11	0.38	0.16	NA
ENSMUST00000018651.13|ENSMUSG00000018507|Trpv2	59.5	62600345	chr11:62600194-62600515	NA	NA	0.36	0.04	0.42	0.20	0.02	0.09	0.13	0.08	0.08	NA
ENSMUST00000057194.8|ENSMUSG00000046417|Lrrc75a	213.7	62605248	chr11:62604883-62605717	0.61	0.62	0.48	0.31	1.00	0.81	0.51	0.70	0.64	0.59	0.82	0.66
ENSMUST00000129162.2|ENSMUSG00000048497|Mmgt2	1368.2	62665347	chr11:62665196-62666354	1.00	1.00	1.00	1.00	1.00	1.00	1.00	1.00	1.00	1.00	1.00	1.00
ENSMUST00000108705.7|ENSMUSG00000047342|Zfp286	23.0	62780395	chr11:62779604-62780962	NA	0.41	NA	NA	NA	0.51	NA	NA	NA	NA	0.73	1.00
ENSMUST00000055006.11|ENSMUSG00000047821|Trim16	88.8	62841167	chr11:62840972-62842936	0.54	0.47	0.58	0.53	0.68	0.74	0.30	0.53	0.62	0.62	NA	0.83
ENSMUST00000014321.4|ENSMUSG00000014177|Tvp23b	908.0	62894791	chr11:62894145-62895185	0.56	0.56	0.42	0.60	1.00	0.63	0.52	0.45	0.50	0.58	0.62	0.85
ENSMUST00000018361.9|ENSMUSG00000018217|Pmp22	4058.3	63159188	chr11:63158412-63159547	0.83	0.76	0.69	0.64	0.86	0.75	0.74	0.65	0.65	0.68	0.84	0.95
ENSMUST00000049091.8|ENSMUSG00000042148|Cox10	50.5	63963973	chr11:63962626-63964124	0.34	0.15	0.20	0.24	0.35	0.23	0.63	0.13	0.24	0.22	0.13	0.27
ENSMUST00000101049.8|ENSMUSG00000020549|Elac2	90.8	65001388	chr11:65001225-65001600	0.41	0.34	0.41	0.39	0.58	0.52	0.32	0.32	0.39	0.48	0.57	0.51
ENSMUST00000047463.14|ENSMUSG00000033389|Arhgap44	6458.5	65005349	chr11:65002038-65005500	NA	1.00	1.00	1.00	NA	NA	NA	1.00	NA	NA	1.00	1.00
ENSMUST00000140301.7|ENSMUSG00000033352|Map2k4	439.6	65719394	chr11:65696287-65719545	0.05	0.04	0.05	0.04	0.06	0.05	0.05	0.05	0.06	0.04	0.05	0.04
ENSMUST00000018491.7|ENSMUSG00000018347|Zkscan6	29.5	65828990	chr11:65828823-65829239	0.54	0.22	0.39	0.15	0.23	0.27	0.45	0.31	0.48	0.52	0.54	0.86
ENSMUST00000061786.5|ENSMUSG00000050270|Tmem220	55.5	67034645	chr11:67034241-67035312	0.62	NA	0.54	0.91	NA	0.73	0.51	0.45	0.59	0.56	NA	NA
ENSMUST00000146338.7|ENSMUSG00000020910|Adprm	127.9	67040218	chr11:67037904-67041466	0.21	0.07	0.11	NA	NA	NA	NA	0.21	NA	NA	0.00	0.10
ENSMUST00000092996.4|ENSMUSG00000069844|Sco1	77.7	67064681	chr11:67064037-67065572	0.23	0.19	0.21	0.26	0.31	0.14	0.09	0.20	0.25	0.32	0.16	0.24
ENSMUST00000108682.8|ENSMUSG00000033066|Gas7	1372.9	67684109	chr11:67683448-67688990	0.56	0.59	0.44	0.45	NA	0.53	0.90	0.55	0.39	0.37	1.00	0.87
ENSMUST00000021285.13|ENSMUSG00000020903|Stx8	38.9	68203921	chr11:68203770-68207148	0.07	0.07	0.12	0.10	0.01	0.05	0.02	0.08	0.05	0.10	0.05	0.07
ENSMUST00000021283.7|ENSMUSG00000020901|Pik3r5	104.3	68496473	chr11:68496247-68497849	1.00	0.68	0.82	0.75	1.00	0.73	1.00	0.95	0.74	0.56	NA	NA
ENSMUST00000102613.7|ENSMUSG00000046207|Pik3r6	39.7	68552348	chr11:68552041-68552698	0.28	0.53	0.56	0.75	0.94	0.87	0.57	0.47	0.45	NA	0.60	0.80
ENSMUST00000102611.9|ENSMUSG00000020900|Myh10	222.0	68815219	chr11:68815068-68816632	1.00	0.92	1.00	0.96	1.00	1.00	1.00	1.00	1.00	0.98	1.00	1.00
ENSMUST00000018880.13|ENSMUSG00000018736|Ndel1	2598.4	68821812	chr11:68821433-68822574	0.63	0.81	0.53	0.56	0.97	0.66	0.63	0.49	0.67	0.57	0.72	0.70
ENSMUST00000065040.12|ENSMUSG00000052921|Arhgef15	213.8	68944410	chr11:68943154-68944680	0.78	0.89	0.89	0.81	0.79	0.78	1.00	0.83	0.77	NA	1.00	1.00
ENSMUST00000018884.5|ENSMUSG00000018740|Slc25a35	3700.7	68973557	chr11:68972120-68974365	0.48	0.33	0.31	0.38	0.85	0.45	NA	0.21	0.43	0.52	0.57	0.71
ENSMUST00000152979.7|ENSMUSG00000020898|Ctc1	660.0	69022920	chr11:69022396-69036473	0.32	0.28	0.47	0.34	0.32	0.30	0.40	0.34	0.31	0.34	0.40	0.39
ENSMUST00000108666.7|ENSMUSG00000020897|Aurkb	133.9	69051366	chr11:69051058-69051664	NA	NA	NA	0.46	0.49	0.55	0.69	NA	0.72	0.41	NA	NA
ENSMUST00000051888.3|ENSMUSG00000045176|Borcs6	38.5	69061321	chr11:69060877-69061578	0.56	0.70	0.53	0.38	0.94	0.65	0.67	0.62	0.25	0.60	0.89	0.99
ENSMUST00000021273.12|ENSMUSG00000020894|Vamp2	378758.2	69091397	chr11:69090663-69092384	1.00	1.00	1.00	1.00	0.97	0.87	1.00	1.00	1.00	1.00	0.94	0.95
ENSMUST00000142392.7|ENSMUSG00000020893|Per1	136.4	69104813	chr11:69104117-69106296	NA	0.50	0.25	0.28	NA	NA	NA	0.39	0.35	0.40	NA	0.26
ENSMUST00000102602.7|ENSMUSG00000049299|Trappc1	5138.5	69325715	chr11:69325564-69325793	0.21	0.21	0.26	0.28	0.34	0.28	0.24	0.28	0.27	0.17	0.29	0.30
ENSMUST00000018614.2|ENSMUSG00000018470|Kcnab3	30.5	69332782	chr11:69332140-69333042	1.00	0.99	0.58	NA	0.57	1.00	0.36	0.69	NA	NA	1.00	0.88
ENSMUST00000129321.1|ENSMUSG00000043419|Rnf227	605.5	69341379	chr11:69341211-69342641	1.00	0.74	0.80	0.74	0.58	1.00	0.72	0.96	0.55	0.72	0.66	0.75
ENSMUST00000108661.7|ENSMUSG00000018474|Chd3	5338.9	69344202	chr11:69343272-69344353	0.97	1.00	1.00	1.00	1.00	1.00	1.00	0.88	1.00	0.95	1.00	1.00
ENSMUST00000108660.7|ENSMUSG00000044795|Cyb5d1	199.7	69393580	chr11:69393262-69393731	1.00	1.00	1.00	1.00	1.00	1.00	0.98	0.91	1.00	0.95	1.00	1.00
ENSMUST00000050140.5|ENSMUSG00000045377|Tmem88	3439.7	69397390	chr11:69396518-69397614	0.04	0.03	0.05	0.04	0.07	0.04	0.15	0.05	0.05	0.05	0.04	0.09
ENSMUST00000004036.5|ENSMUSG00000003934|Efnb3	51.8	69555502	chr11:69554091-69555862	NA	NA	0.92	0.73	NA	0.59	NA	0.78	0.79	1.00	1.00	0.62
ENSMUST00000108657.3|ENSMUSG00000059552|Trp53	8010.6	69591620	chr11:69591305-69591873	0.42	0.52	0.36	0.44	0.76	0.53	0.38	0.39	0.43	0.41	0.45	0.52
ENSMUST00000047889.12|ENSMUSG00000041329|Atp1b2	13375.1	69601099	chr11:69599735-69601250	1.00	1.00	1.00	1.00	1.00	1.00	1.00	1.00	1.00	1.00	1.00	1.00
ENSMUST00000108656.8|ENSMUSG00000069835|Sat2	103.8	69623806	chr11:69623655-69623870	0.54	0.30	0.45	0.83	1.00	0.48	0.51	0.55	0.34	0.58	0.47	0.67
ENSMUST00000018909.3|ENSMUSG00000018765|Fxr2	828.7	69653010	chr11:69652696-69653297	0.38	0.39	0.35	0.38	0.97	0.50	0.37	0.50	0.50	0.30	0.63	0.53
ENSMUST00000148242.7|ENSMUSG00000018761|Mpdu1	49417.4	69657724	chr11:69657026-69657998	0.72	0.72	0.74	0.70	0.92	0.79	0.86	0.68	0.70	0.67	0.82	0.82
ENSMUST00000102589.11|ENSMUSG00000059796|Eif4a1	310155.1	69670132	chr11:69668481-69670745	0.66	0.63	0.69	0.79	0.34	0.61	0.80	0.77	0.68	0.76	0.43	0.44
ENSMUST00000005336.8|ENSMUSG00000005204|Senp3	287.9	69673319	chr11:69673114-69673528	0.46	0.37	0.20	0.42	0.57	0.41	0.49	0.33	0.37	0.38	0.60	0.40
ENSMUST00000180587.7|ENSMUSG00000018752|Tnfsfm13	330.0	69683086	chr11:69682576-69683237	0.32	0.35	0.35	0.20	0.16	0.32	0.23	0.35	0.27	0.31	0.30	0.12
ENSMUST00000018896.13|ENSMUSG00000089669|Tnfsf13	482.1	69683086	chr11:69682845-69683237	0.50	0.42	0.59	0.28	0.14	0.38	0.32	0.46	0.37	0.40	0.27	0.15
ENSMUST00000181810.7|ENSMUSG00000097328|Tnfsf12	591.8	69686493	chr11:69686249-69686842	0.30	0.14	0.31	0.27	0.39	0.24	0.29	0.28	0.16	0.20	0.35	0.41
ENSMUST00000058470.15|ENSMUSG00000005198|Polr2a	36.5	69734235	chr11:69733996-69734412	0.74	0.35	0.26	0.27	1.00	0.52	0.55	0.22	0.36	0.39	0.73	NA
ENSMUST00000108639.7|ENSMUSG00000018750|Zbtb4	497.4	69781812	chr11:69779398-69784023	NA	0.24	0.28	0.33	NA	0.41	NA	0.39	NA	0.41	0.14	0.16
ENSMUST00000045971.8|ENSMUSG00000041189|Chrnb1	57.3	69784299	chr11:69784035-69784623	0.49	0.46	0.12	0.39	0.72	NA	0.46	0.50	0.41	0.26	NA	0.09
ENSMUST00000108633.8|ENSMUSG00000019461|Plscr3	1888.2	69850848	chr11:69850397-69852058	0.06	0.05	0.04	0.05	0.12	0.08	0.07	0.04	0.06	0.05	0.04	0.09
ENSMUST00000050555.5|ENSMUSG00000046731|Kctd11	154.2	69878739	chr11:69878260-69879514	0.80	0.57	0.89	0.62	1.00	0.88	0.83	0.58	0.50	0.58	NA	0.45
ENSMUST00000164359.7|ENSMUSG00000078812|Eif5a	5260837.3	69916999	chr11:69916713-69917441	0.48	0.50	0.43	0.46	0.98	0.58	0.43	0.43	0.53	0.45	0.63	0.67
ENSMUST00000142788.7|ENSMUSG00000018565|Elp5	49790.4	69970560	chr11:69968221-69970741	0.11	0.09	0.09	0.09	0.12	0.10	0.10	0.09	0.11	0.11	0.11	0.11
ENSMUST00000108593.7|ENSMUSG00000018559|Ctdnep1	991.0	69990313	chr11:69990034-69990601	0.40	0.34	0.32	0.31	0.82	0.46	0.42	0.35	0.29	0.32	0.51	0.70
ENSMUST00000018711.14|ENSMUSG00000018567|Gabarap	198363.8	69994722	chr11:69994521-69994951	0.37	0.37	0.34	0.34	0.84	0.45	0.33	0.31	0.36	0.34	0.51	0.53
ENSMUST00000018716.9|ENSMUSG00000018572|Phf23	1153.4	69999696	chr11:69999449-70000009	0.46	0.40	0.38	0.39	0.68	0.33	0.45	0.32	0.37	0.48	0.45	0.50
ENSMUST00000102575.8|ENSMUSG00000020888|Dvl2	79122.0	70009740	chr11:70009589-70012301	1.00	1.00	1.00	1.00	1.00	1.00	1.00	1.00	1.00	1.00	NA	NA
ENSMUST00000231221.1|ENSMUSG00000020886|Dlg4	6.3	70032575	chr11:70031830-70037296	NA	0.10	NA	0.03	NA	0.13	NA	0.06	NA	NA	0.09	0.10
ENSMUST00000146411.8|ENSMUSG00000020884|Asgr1	747.5	70057791	chr11:70057640-70057894	0.19	NA	0.21	0.22	NA	0.49	0.25	0.22	0.12	0.17	0.40	NA
ENSMUST00000123716.1|ENSMUSG00000040938|Slc16a11	1666.8	70216051	chr11:70214972-70216413	0.17	0.00	0.07	0.01	0.08	0.00	0.01	0.06	0.08	0.04	0.05	0.00
ENSMUST00000060010.2|ENSMUSG00000044367|Slc16a13	53.5	70217239	chr11:70216788-70217718	0.63	0.72	0.66	0.60	0.80	0.47	0.57	0.66	0.68	0.66	NA	NA
ENSMUST00000000326.11|ENSMUSG00000000317|Bcl6b	201.7	70225878	chr11:70224127-70226029	1.00	0.93	1.00	0.71	1.00	0.86	1.00	1.00	1.00	1.00	NA	1.00
ENSMUST00000176116.7|ENSMUSG00000040904|Gm21988	22593.7	70238180	chr11:70235205-70238331	0.23	0.10	0.16	0.13	0.08	0.10	0.16	0.20	0.12	0.16	0.09	0.08
ENSMUST00000125752.2|ENSMUSG00000093989|Rnasek	108247.2	70238937	chr11:70238123-70239628	NA	1.00	NA	NA	NA	0.93	NA	1.00	NA	NA	0.78	0.82
ENSMUST00000128748.7|ENSMUSG00000060216|Arrb2	3965.7	70438028	chr11:70436193-70438747	NA	NA	NA	NA	0.33	0.00	NA	NA	0.04	NA	0.00	0.00
ENSMUST00000019067.7|ENSMUSG00000018923|Med11	380.0	70453435	chr11:70453236-70453727	0.45	0.40	0.38	0.32	0.92	0.44	0.28	0.29	0.37	0.30	0.56	0.37
ENSMUST00000019064.8|ENSMUSG00000018920|Cxcl16	4787.2	70454588	chr11:70453982-70455406	0.36	0.26	0.32	0.30	0.65	0.40	0.35	0.34	0.26	0.27	NA	0.56
ENSMUST00000014750.14|ENSMUSG00000014606|Slc25a11	6511.6	70644489	chr11:70644195-70644768	0.44	0.48	0.33	0.38	0.56	0.44	0.37	0.33	0.37	0.35	0.44	0.52
ENSMUST00000141695.7|ENSMUSG00000040746|Rnf167	18844.0	70650219	chr11:70648410-70651412	0.23	0.28	0.24	0.27	0.20	0.28	0.28	0.26	NA	0.29	0.27	0.27
ENSMUST00000178254.1|ENSMUSG00000018293|Pfn1	6140518.5	70652770	chr11:70651938-70652921	0.14	0.14	0.15	0.14	0.14	0.14	0.15	0.15	0.13	0.14	0.13	0.14
ENSMUST00000018431.12|ENSMUSG00000018287|Spag7	8499.8	70663962	chr11:70663770-70664113	0.22	0.22	0.17	0.18	0.60	0.30	0.15	0.20	0.18	0.16	0.43	0.47
ENSMUST00000145823.7|ENSMUSG00000040712|Camta2	32164.5	70680824	chr11:70669462-70682982	0.32	0.32	0.28	0.29	0.27	0.34	0.37	0.30	0.28	0.30	0.32	0.29
ENSMUST00000060444.5|ENSMUSG00000043602|Zfp3	20.0	70772858	chr11:70772707-70772928	0.49	0.46	1.00	0.77	NA	NA	0.09	0.66	NA	NA	0.27	0.38
ENSMUST00000076270.12|ENSMUSG00000020817|Rabep1	101.2	70940910	chr11:70940480-70943105	0.66	0.55	0.52	0.73	0.47	0.45	0.72	0.62	0.32	0.74	0.61	0.75
ENSMUST00000171254.7|ENSMUSG00000018449|Rpain	729.5	70975040	chr11:70974076-70977687	0.02	0.00	0.10	0.03	0.02	0.02	0.02	0.06	0.04	0.04	0.00	0.02
ENSMUST00000078528.6|ENSMUSG00000018446|C1qbp	5451.5	70977946	chr11:70977835-70978097	0.23	0.20	0.22	0.12	0.34	0.22	0.18	0.18	0.20	0.09	0.26	0.21
ENSMUST00000049048.12|ENSMUSG00000040620|Dhx33	91.9	70999369	chr11:70986750-70999928	0.19	0.12	0.13	0.16	0.16	0.15	NA	0.16	0.15	0.11	NA	0.19
ENSMUST00000132198.7|ENSMUSG00000018442|Derl2	3610.6	71018216	chr11:71013121-71018367	0.31	0.34	0.28	0.35	0.16	0.26	0.43	0.41	0.42	0.36	0.18	0.17
ENSMUST00000048807.11|ENSMUSG00000040599|Mis12	90.4	71026032	chr11:71025760-71027371	0.87	0.73	0.74	0.88	1.00	0.88	0.68	0.72	0.88	0.81	1.00	1.00
ENSMUST00000238695.1|ENSMUSG00000018451|6330403K07Rik	18333.2	71032488	chr11:71031940-71033039	0.75	0.74	0.74	0.74	1.00	0.76	0.81	0.66	0.77	0.75	0.78	0.81
ENSMUST00000021168.13|ENSMUSG00000020811|Wscd1	474.6	71789358	chr11:71789018-71789647	0.42	0.52	0.34	0.39	1.00	0.52	0.29	0.65	0.28	0.62	0.78	0.67
ENSMUST00000021164.3|ENSMUSG00000020808|Pimreg	5352.5	72047130	chr11:72046370-72047370	NA	NA	NA	NA	1.00	0.95	NA	NA	1.00	0.77	NA	NA
ENSMUST00000108508.2|ENSMUSG00000040543|Pitpnm3	480.6	72050906	chr11:72047527-72051057	NA	1.00	1.00	1.00	NA	NA	NA	1.00	NA	NA	1.00	1.00
ENSMUST00000021158.3|ENSMUSG00000020803|Txndc17	16578.4	72209632	chr11:72209480-72210015	0.12	0.12	0.11	0.11	0.21	0.12	0.10	0.11	0.09	0.10	0.14	0.15
ENSMUST00000124762.1|ENSMUSG00000053574|4930563E22Rik	4.5	72216001	chr11:72215717-72218444	NA	NA	NA	NA	NA	NA	0.03	0.07	NA	0.08	0.02	NA
ENSMUST00000094041.3|ENSMUSG00000040483|Xaf1	640.3	72306771	chr11:72306620-72308749	0.02	0.02	0.01	0.00	0.06	0.01	0.03	0.02	0.00	0.00	0.05	0.00
ENSMUST00000021148.12|ENSMUSG00000020794|Ube2g1	13887.6	72684572	chr11:72679452-72686481	0.46	0.78	0.48	0.59	0.39	0.61	0.44	0.28	0.69	0.62	0.27	0.47
ENSMUST00000127610.7|ENSMUSG00000020790|Ankfy1	259.3	72740648	chr11:72740497-72771221	0.10	0.19	0.12	0.13	0.20	0.13	NA	0.14	0.15	0.12	NA	NA
ENSMUST00000079681.5|ENSMUSG00000057778|Cyb5d2	100.6	72778026	chr11:72777231-72778741	1.00	0.85	0.71	0.81	0.80	0.77	0.78	0.87	0.84	0.76	1.00	0.84
ENSMUST00000069395.6|ENSMUSG00000055670|Zzef1	100.7	72925612	chr11:72924714-72927120	NA	0.11	0.49	0.62	1.00	0.65	0.60	0.64	NA	0.68	NA	NA
ENSMUST00000163326.7|ENSMUSG00000020788|Atp2a3	87.7	72992293	chr11:72991700-72993043	0.70	0.99	0.81	0.75	0.97	NA	1.00	1.00	0.60	0.50	1.00	1.00
ENSMUST00000092937.12|ENSMUSG00000020785|Camkk1	174.2	73040441	chr11:73040290-73042073	0.88	1.00	0.68	0.89	1.00	1.00	0.96	0.87	NA	0.82	1.00	1.00
ENSMUST00000021135.4|ENSMUSG00000020783|Ncbp3	15.0	73079900	chr11:73079173-73089317	0.02	0.03	0.03	0.02	0.02	0.02	0.02	0.03	0.03	0.03	0.04	0.03
ENSMUST00000006104.9|ENSMUSG00000005950|P2rx5	238.2	73172321	chr11:73171831-73172685	NA	NA	0.67	0.61	NA	0.05	0.64	0.65	0.52	0.62	NA	NA
ENSMUST00000054952.3|ENSMUSG00000047260|Emc6	1805.1	73176222	chr11:73175518-73176373	0.73	0.64	0.77	0.72	0.49	0.63	0.66	0.79	0.65	0.77	0.65	0.65
ENSMUST00000040687.11|ENSMUSG00000040158|Tax1bp3	55364.6	73181779	chr11:73181222-73182152	0.33	0.30	0.29	0.27	0.92	0.45	0.32	0.30	0.30	0.28	0.57	0.53
ENSMUST00000006103.8|ENSMUSG00000005949|Ctns	154.4	73184215	chr11:73183595-73184920	0.68	0.81	0.71	0.72	0.73	0.76	1.00	0.91	0.77	0.97	0.67	1.00
ENSMUST00000047488.14|ENSMUSG00000038807|Rap1gap2	11174.9	74388662	chr11:74383486-74388813	NA	1.00	1.00	1.00	NA	NA	NA	1.00	NA	NA	1.00	1.00
ENSMUST00000100866.2|ENSMUSG00000069814|Ccdc92b	64.4	74638724	chr11:74638568-74641516	NA	NA	NA	0.69	NA	NA	NA	0.95	NA	NA	1.00	0.94
ENSMUST00000092915.11|ENSMUSG00000020741|Cluh	147.5	74669758	chr11:74669607-74670847	1.00	0.93	1.00	1.00	1.00	1.00	1.00	0.96	1.00	1.00	1.00	1.00
ENSMUST00000021091.14|ENSMUSG00000020745|Pafah1b1	72.9	74677520	chr11:74673948-74677671	0.31	0.95	0.58	0.77	0.32	0.52	0.83	0.92	0.46	0.61	1.00	1.00
ENSMUST00000000291.8|ENSMUSG00000000282|Mnt	88.1	74843468	chr11:74843317-74845725	NA	NA	1.00	1.00	NA	NA	NA	1.00	1.00	1.00	NA	NA
ENSMUST00000057631.11|ENSMUSG00000038351|Sgsm2	1170.7	74850658	chr11:74849260-74850809	1.00	1.00	1.00	1.00	1.00	1.00	1.00	1.00	1.00	1.00	1.00	1.00
ENSMUST00000128230.7|ENSMUSG00000038335|Tsr1	917.4	74900577	chr11:74899526-74908494	0.23	0.28	0.55	0.41	0.38	0.33	0.47	0.67	0.25	0.23	1.00	1.00
ENSMUST00000065211.8|ENSMUSG00000001323|Srr	1341.2	74908227	chr11:74906358-74908630	0.32	0.53	0.63	0.67	0.41	0.49	0.58	0.58	0.53	0.58	0.73	0.82
ENSMUST00000130145.7|ENSMUSG00000038290|Smg6	38.1	74990244	chr11:74990093-75164448	NA	0.03	0.02	0.02	0.03	NA	0.07	0.02	0.02	0.03	0.05	0.02
ENSMUST00000055619.4|ENSMUSG00000043099|Hic1	2029.4	75164863	chr11:75164564-75165382	0.65	0.60	0.43	0.48	1.00	0.53	0.64	0.43	0.49	0.61	NA	NA
ENSMUST00000071562.2|ENSMUSG00000038268|Ovca2	122.3	75177745	chr11:75175941-75177896	0.60	0.61	0.61	0.53	0.38	0.55	0.33	0.69	0.59	0.60	0.63	0.51
ENSMUST00000044949.10|ENSMUSG00000078789|Dph1	4156.1	75178793	chr11:75177642-75178944	1.00	1.00	1.00	1.00	NA	1.00	NA	NA	NA	1.00	NA	1.00
ENSMUST00000102514.3|ENSMUSG00000045287|Rtn4rl1	100.5	75266649	chr11:75266078-75267769	0.68	0.44	0.24	0.33	1.00	0.40	0.48	0.33	0.33	0.51	0.49	0.36
ENSMUST00000092907.11|ENSMUSG00000000751|Rpa1	326.3	75300580	chr11:75298165-75301307	0.04	0.03	0.04	0.03	0.06	0.03	0.04	0.02	0.03	0.02	0.05	0.06
ENSMUST00000044530.2|ENSMUSG00000018809|Smyd4	24.3	75405152	chr11:75404916-75405705	0.01	0.20	0.14	0.12	0.42	0.31	0.07	0.04	0.18	0.07	0.25	0.37
ENSMUST00000168902.7|ENSMUSG00000000753|Serpinf1	2441341.1	75414889	chr11:75410063-75415040	0.05	0.05	0.05	0.05	0.05	0.05	0.05	0.05	0.05	0.04	0.04	0.06
ENSMUST00000173320.7|ENSMUSG00000045374|Wdr81	70.3	75441249	chr11:75440943-75441771	NA	NA	0.44	0.58	1.00	0.36	0.60	0.73	0.69	0.49	0.28	0.54
ENSMUST00000108435.1|ENSMUSG00000038217|Tlcd2	69.8	75470672	chr11:75470477-75470899	0.13	0.25	0.36	0.37	1.00	0.37	0.35	0.36	0.27	0.38	NA	NA
ENSMUST00000042972.6|ENSMUSG00000038195|Rilp	21.8	75512991	chr11:75512840-75513168	0.39	0.14	NA	0.21	0.40	NA	0.41	0.32	NA	NA	0.11	0.62
ENSMUST00000123819.1|ENSMUSG00000038188|Scarf1	1525.7	75515688	chr11:75514315-75526578	0.23	0.28	0.24	0.25	0.26	NA	NA	0.33	0.21	0.24	0.24	0.25
ENSMUST00000042561.13|ENSMUSG00000038178|Slc43a2	95.5	75573613	chr11:75572473-75577575	0.17	0.18	0.23	0.32	0.22	0.15	0.30	0.28	0.23	0.25	0.26	0.20
ENSMUST00000102509.10|ENSMUSG00000017781|Pitpna	84553.3	75612375	chr11:75612224-75626433	0.06	0.06	0.06	0.05	0.07	0.05	0.05	0.06	0.06	0.06	0.06	0.06
ENSMUST00000150857.7|ENSMUSG00000006127|Inpp5k	1147.7	75639565	chr11:75633122-75648865	0.40	0.30	0.41	0.37	0.37	0.32	0.40	0.39	0.35	0.40	0.42	0.36
ENSMUST00000102505.9|ENSMUSG00000017774|Myo1c	959.5	75673576	chr11:75672633-75673910	0.80	0.76	0.74	0.77	1.00	0.64	1.00	0.60	0.79	0.85	0.98	0.79
ENSMUST00000108425.7|ENSMUSG00000017776|Crk	2060.2	75705794	chr11:75703370-75706908	0.18	0.17	0.11	0.18	0.65	0.31	0.20	0.10	0.13	0.15	0.26	0.29
ENSMUST00000134745.7|ENSMUSG00000020849|Ywhae	56814.8	75759489	chr11:75759338-75764623	0.00	0.00	0.00	0.00	0.00	0.00	0.00	0.00	0.00	0.00	0.00	0.00
ENSMUST00000121287.7|ENSMUSG00000020847|Rph3al	21.4	75831846	chr11:75830998-75832182	0.45	0.29	0.25	NA	1.00	0.54	NA	NA	0.37	0.25	0.64	NA
ENSMUST00000021207.6|ENSMUSG00000020846|Rflnb	235.1	76021761	chr11:76019193-76021912	0.61	0.70	0.52	0.54	0.79	0.71	0.73	0.87	0.76	0.68	0.55	0.79
ENSMUST00000169734.7|ENSMUSG00000017288|Vps53	207.2	76113898	chr11:76062984-76114049	0.03	0.03	0.02	0.03	0.03	0.02	0.03	0.03	0.03	0.02	0.02	0.03
ENSMUST00000170017.7|ENSMUSG00000017286|Glod4	6559.9	76233021	chr11:76221606-76239461	0.00	0.00	0.00	0.00	0.01	0.00	0.00	0.00	0.00	0.00	0.00	0.00
ENSMUST00000094014.9|ENSMUSG00000069808|Fam57a	76.1	76209088	chr11:76208176-76209416	0.71	0.79	0.54	0.81	0.81	0.59	0.56	0.64	0.84	0.85	0.68	0.91
ENSMUST00000021204.3|ENSMUSG00000020844|Nxn	223.4	76258125	chr11:76257197-76258567	0.20	0.23	0.21	0.31	0.31	0.21	0.18	0.20	0.11	0.21	0.26	0.22
ENSMUST00000130364.2|ENSMUSG00000017631|Abr	2539.7	76459045	chr11:76454543-76459196	0.52	0.83	0.62	0.91	0.71	1.00	NA	0.81	0.61	0.76	0.81	0.79
ENSMUST00000010536.8|ENSMUSG00000010392|Gosr1	186.6	76729752	chr11:76726601-76730111	0.62	0.64	0.94	0.82	0.78	0.78	0.83	0.91	0.77	0.83	0.68	0.90
ENSMUST00000021201.5|ENSMUSG00000020841|Cpd	243.5	76779567	chr11:76778423-76782186	0.87	1.00	0.98	0.87	1.00	0.87	NA	1.00	0.61	0.79	0.70	0.63
ENSMUST00000168124.1|ENSMUSG00000020840|Blmh	2083.8	76951196	chr11:76951045-76986829	0.04	0.04	0.04	0.03	0.02	0.03	0.04	0.03	0.03	0.04	0.03	0.03
ENSMUST00000102494.7|ENSMUSG00000037958|Nsrp1	10.7	77045526	chr11:77044291-77045742	0.34	NA	NA	NA	0.03	0.09	0.36	NA	0.29	0.17	0.26	0.45
ENSMUST00000037912.11|ENSMUSG00000037926|Ssh2	191.4	77457157	chr11:77455477-77460220	0.68	0.45	0.27	0.26	0.36	0.35	0.55	0.23	0.18	0.25	NA	NA
ENSMUST00000037285.9|ENSMUSG00000011877|Git1	8274.5	77507434	chr11:77506605-77507786	0.66	0.79	0.56	0.62	1.00	1.00	0.83	0.66	0.72	0.67	0.89	0.84
ENSMUST00000094004.4|ENSMUSG00000000686|Abhd15	45.1	77519380	chr11:77518838-77520045	NA	NA	1.00	0.95	0.34	0.43	1.00	0.68	0.95	0.89	NA	NA
ENSMUST00000017435.10|ENSMUSG00000017291|Taok1	79.9	77537718	chr11:77529161-77537869	0.51	0.76	0.86	0.62	0.83	0.25	0.28	0.99	0.74	0.73	0.22	0.64
ENSMUST00000100802.10|ENSMUSG00000037857|Nufip2	85.0	77710555	chr11:77709732-77712741	0.87	0.62	0.34	0.42	1.00	0.46	NA	0.70	0.22	0.41	0.52	NA
ENSMUST00000151982.7|ENSMUSG00000000632|Sez6	236.3	77974636	chr11:77974447-77979048	NA	0.33	0.32	0.17	NA	0.27	0.13	0.54	NA	NA	0.48	0.25
ENSMUST00000144028.1|ENSMUSG00000020834|Dhrs13	198.8	78034586	chr11:78034026-78037791	0.10	0.11	0.12	0.12	0.29	0.10	0.10	0.12	0.08	0.12	0.11	0.18
ENSMUST00000148162.8|ENSMUSG00000061981|Flot2	24861.1	78054971	chr11:78054820-78060434	1.00	1.00	1.00	1.00	1.00	1.00	1.00	1.00	1.00	1.00	1.00	1.00
ENSMUST00000021183.3|ENSMUSG00000020832|Eral1	284.5	78073717	chr11:78073375-78074054	0.63	0.49	0.46	0.41	0.96	0.75	0.47	0.40	0.42	0.51	0.67	0.59
ENSMUST00000073705.11|ENSMUSG00000037750|Fam222b	165.6	78155822	chr11:78155300-78156700	0.39	0.39	0.41	0.36	0.68	0.74	0.53	0.41	0.41	0.54	0.60	0.61
ENSMUST00000017530.3|ENSMUSG00000017386|Traf4	247.3	78159639	chr11:78159399-78159918	0.36	0.69	0.32	0.36	0.75	0.44	0.49	0.48	0.45	0.51	0.73	0.69
ENSMUST00000017549.12|ENSMUSG00000017405|Nek8	37.9	78166363	chr11:78166105-78166751	0.42	0.45	0.33	0.46	0.73	1.00	0.31	0.44	0.94	0.34	0.68	0.72
ENSMUST00000092880.13|ENSMUSG00000019437|Tlcd1	500785.3	78180478	chr11:78180327-78181909	1.00	1.00	1.00	1.00	1.00	1.00	1.00	1.00	1.00	1.00	1.00	1.00
ENSMUST00000156435.1|ENSMUSG00000002059|Rab34	3922.8	78191989	chr11:78191838-78192193	0.35	0.29	0.34	0.36	0.66	0.32	0.31	0.32	0.38	0.36	0.37	0.40
ENSMUST00000060539.12|ENSMUSG00000044122|Proca1	113.3	78205210	chr11:78204871-78205467	0.92	0.73	0.79	0.94	0.82	0.79	0.39	0.45	NA	0.51	0.62	0.83
ENSMUST00000002121.4|ENSMUSG00000002052|Supt6	365.8	78207213	chr11:78206745-78207585	0.36	0.27	0.16	0.19	0.46	0.36	0.17	0.17	0.25	0.15	0.37	0.24
ENSMUST00000002133.8|ENSMUSG00000002064|Sdf2	8448.8	78255286	chr11:78255135-78255496	0.31	0.30	0.25	0.24	0.67	0.31	0.26	0.26	0.29	0.27	0.42	0.34
ENSMUST00000145145.1|ENSMUSG00000010277|2610507B11Rik	1900.8	78273902	chr11:78273543-78274887	NA	0.32	0.32	0.31	NA	NA	NA	0.32	0.29	0.36	NA	0.33
ENSMUST00000045026.3|ENSMUSG00000002055|Spag5	10.4	78322347	chr11:78322196-78322457	NA	0.28	NA	NA	0.64	0.56	NA	NA	NA	NA	0.42	0.21
ENSMUST00000017534.14|ENSMUSG00000017390|Aldoc	1703404.8	78326592	chr11:78326351-78327781	0.08	0.07	0.09	0.10	0.10	0.08	0.05	0.07	0.09	0.11	0.08	0.09
ENSMUST00000048073.8|ENSMUSG00000041958|Pigs	1106.7	78342481	chr11:78342006-78342782	0.45	0.56	0.31	0.37	0.76	0.61	0.50	0.43	0.48	0.46	0.77	0.47
ENSMUST00000002127.13|ENSMUSG00000002058|Unc119	476.8	78348894	chr11:78348640-78349164	0.42	0.45	0.39	0.31	0.88	0.49	0.38	0.33	0.29	0.44	0.53	0.45
ENSMUST00000146431.2|ENSMUSG00000020829|Slc46a1	1025.2	78470851	chr11:78468690-78471622	NA	0.80	0.71	0.48	0.00	0.10	0.38	0.99	0.07	0.00	NA	NA
ENSMUST00000108287.9|ENSMUSG00000050132|Sarm1	37.9	78473475	chr11:78472329-78474905	NA	NA	0.15	0.22	NA	NA	NA	0.33	0.16	NA	0.15	0.25
ENSMUST00000052566.7|ENSMUSG00000051232|Tmem199	487.7	78507336	chr11:78507054-78507712	0.58	0.70	0.41	0.47	1.00	0.67	0.42	0.30	0.44	0.33	0.76	0.56
ENSMUST00000017759.8|ENSMUSG00000017615|Tnfaip1	3833.3	78524582	chr11:78522849-78525307	0.40	0.36	0.27	0.28	0.60	0.28	0.40	0.35	0.26	0.30	0.31	0.40
ENSMUST00000128788.7|ENSMUSG00000001105|Ift20	127.7	78541590	chr11:78541439-78541737	0.13	0.53	0.26	0.33	0.56	0.42	0.57	0.28	0.48	0.53	0.38	0.42
ENSMUST00000103242.4|ENSMUSG00000037278|Tmem97	629.0	78542123	chr11:78541816-78542539	0.54	0.57	0.40	0.48	0.72	0.57	0.41	0.51	0.55	0.47	0.59	0.66
ENSMUST00000142739.7|ENSMUSG00000017376|Nlk	39.2	78568338	chr11:78567167-78568923	1.00	0.35	0.31	0.61	0.44	0.51	0.96	0.54	NA	NA	0.87	0.61
ENSMUST00000059468.5|ENSMUSG00000049489|Ccnq	269.6	78750753	chr11:78750505-78750912	0.37	0.36	0.29	0.28	0.74	0.41	0.27	0.35	0.44	0.28	0.31	0.57
ENSMUST00000147875.8|ENSMUSG00000072640|Lyrm9	69.4	78841239	chr11:78839137-78846870	0.01	0.09	0.07	0.07	0.04	0.09	0.03	NA	0.03	NA	0.06	0.09
ENSMUST00000018610.6|ENSMUSG00000020826|Nos2	47.4	78959900	chr11:78959749-78960254	0.43	0.62	0.55	0.44	0.80	0.42	NA	0.20	NA	NA	NA	NA
ENSMUST00000108268.9|ENSMUSG00000001123|Lgals9	29804.0	78963206	chr11:78962973-78963397	0.34	0.37	0.28	0.32	0.50	0.42	0.30	0.31	0.36	0.33	0.43	0.47
ENSMUST00000131848.7|ENSMUSG00000017677|Wsb1	2028.8	79248337	chr11:79243399-79248488	0.09	0.11	0.11	0.11	0.08	0.09	0.07	0.11	0.08	0.08	0.09	0.05
ENSMUST00000164465.2|ENSMUSG00000049612|Omg	87.0	79501483	chr11:79500981-79501701	0.19	0.07	0.12	0.25	0.14	0.12	0.10	0.26	NA	NA	0.14	0.14
ENSMUST00000093983.10|ENSMUSG00000070354|Evi2	884.9	79523554	chr11:79513384-79523705	NA	NA	NA	NA	0.36	0.99	NA	NA	0.86	1.00	NA	NA
ENSMUST00000179322.1|ENSMUSG00000093938|Evi2b	57.7	79515263	chr11:79515055-79515415	NA	NA	0.40	0.59	0.65	0.49	NA	0.79	0.50	0.60	NA	NA
ENSMUST00000103236.3|ENSMUSG00000078771|Evi2a	698.3	79526882	chr11:79526559-79527113	0.49	0.45	0.43	0.39	0.66	0.56	0.38	0.41	0.45	0.43	0.67	0.50
ENSMUST00000017783.12|ENSMUSG00000017639|Rab11fip4	2557.7	79692987	chr11:79692836-79698023	NA	1.00	1.00	1.00	NA	1.00	NA	1.00	NA	NA	1.00	1.00
ENSMUST00000108241.7|ENSMUSG00000035575|Utp6	221.7	79934942	chr11:79932320-79935957	0.15	0.21	0.16	0.14	0.34	0.15	0.24	0.25	0.20	0.19	0.29	0.22
ENSMUST00000178893.7|ENSMUSG00000017561|Crlf3	462.5	80059199	chr11:80047480-80059357	0.05	0.04	0.06	0.05	0.04	0.04	0.07	0.04	0.04	0.05	0.05	0.04
ENSMUST00000136996.1|ENSMUSG00000046909|Tefm	696.1	80137807	chr11:80136677-80137958	1.00	1.00	1.00	1.00	1.00	1.00	1.00	1.00	1.00	1.00	1.00	NA
ENSMUST00000021050.13|ENSMUSG00000020709|Adap2	64.4	80178605	chr11:80178427-80178958	0.45	0.51	0.52	0.47	0.95	0.92	0.54	0.44	0.40	0.48	0.36	0.43
ENSMUST00000017839.2|ENSMUSG00000020707|Rnf135	250.9	80199455	chr11:80199090-80199757	0.64	0.44	0.34	0.39	0.49	0.47	0.44	0.36	0.46	0.48	0.41	0.61
ENSMUST00000055056.15|ENSMUSG00000017686|Rhot1	330.5	80266610	chr11:80265856-80267907	0.08	0.09	0.08	0.07	0.14	0.07	0.03	0.08	0.06	0.05	0.09	0.12
ENSMUST00000017836.7|ENSMUSG00000017692|Rhbdl3	91.5	80354236	chr11:80353680-80355955	NA	1.00	0.99	0.78	NA	NA	1.00	0.76	0.69	0.94	0.85	0.92
ENSMUST00000179332.7|ENSMUSG00000057181|5730455P16Rik	322.4	80362820	chr11:80360491-80363814	0.36	0.32	0.19	0.23	0.96	0.22	0.22	0.28	0.21	0.22	0.27	0.33
ENSMUST00000178665.7|ENSMUSG00000017421|Zfp207	461.8	80395987	chr11:80395547-80405733	0.01	0.01	0.01	0.01	0.02	0.01	0.02	0.01	0.01	0.01	0.02	0.02
ENSMUST00000174743.7|ENSMUSG00000017428|Psmd11	14051.6	80446087	chr11:80445936-80469882	0.12	0.12	0.12	0.12	0.08	0.12	0.13	0.12	0.10	0.13	0.10	0.10
ENSMUST00000041065.13|ENSMUSG00000035441|Myo1d	311.5	80484077	chr11:80482125-80484228	1.00	1.00	1.00	1.00	1.00	1.00	1.00	1.00	1.00	1.00	1.00	0.95
ENSMUST00000040865.8|ENSMUSG00000035413|Tmem98	8856.8	80821692	chr11:80821416-80822033	0.58	0.56	0.47	0.42	0.77	0.52	0.41	0.50	0.48	0.49	0.57	0.62
ENSMUST00000021045.12|ENSMUSG00000020704|Asic2	91.8	80880478	chr11:80880168-80881059	NA	0.80	0.60	0.59	0.52	0.53	0.88	0.69	NA	NA	0.74	0.83
ENSMUST00000000193.5|ENSMUSG00000035385|Ccl2	98195.4	82037326	chr11:82037175-82037453	0.22	0.15	0.16	0.20	0.41	0.25	0.19	0.15	0.22	0.18	NA	NA
ENSMUST00000021011.2|ENSMUSG00000035373|Ccl7	38662.6	82047268	chr11:82047087-82047525	0.37	0.41	0.34	0.38	0.65	0.59	0.40	0.43	0.46	0.42	NA	NA
ENSMUST00000000342.2|ENSMUSG00000020676|Ccl11	422.8	82062678	chr11:82062308-82062955	0.47	0.44	0.59	0.35	1.00	0.51	NA	0.19	0.00	0.29	NA	NA
ENSMUST00000056677.7|ENSMUSG00000046010|Zfp830	61.7	82765639	chr11:82765460-82765935	0.70	0.60	0.70	0.68	1.00	0.58	0.43	0.46	0.53	0.41	0.61	0.84
ENSMUST00000021039.11|ENSMUSG00000020697|Lig3	55.2	82801762	chr11:82801511-82804274	0.60	0.54	0.40	0.33	0.51	0.63	0.19	0.60	0.51	0.50	NA	NA
ENSMUST00000074515.10|ENSMUSG00000020696|Rffl	64.2	82804298	chr11:82802448-82806010	0.57	NA	0.64	0.72	0.76	0.68	0.33	0.52	0.94	1.00	NA	NA
ENSMUST00000146053.7|ENSMUSG00000018841|Rad51d	345.2	82883492	chr11:82876433-82883949	0.66	0.66	0.60	0.56	0.73	0.47	0.44	0.43	0.42	0.36	0.46	0.49
ENSMUST00000167196.1|ENSMUSG00000020692|Nle1	70.6	82902955	chr11:82900779-82903106	0.21	0.15	0.14	0.11	NA	0.25	0.24	NA	0.15	0.16	0.12	0.14
ENSMUST00000108160.7|ENSMUSG00000018845|Unc45b	34.6	82943011	chr11:82942748-82943403	0.12	0.22	NA	0.07	0.23	0.30	0.06	0.12	NA	NA	NA	0.17
ENSMUST00000067443.9|ENSMUSG00000054404|Slfn5	238.5	82962578	chr11:82961701-82964840	0.74	0.56	0.43	0.54	1.00	0.80	0.60	0.46	0.46	0.54	NA	0.64
ENSMUST00000038211.12|ENSMUSG00000069793|Slfn9	22.6	82980534	chr11:82978389-82981178	NA	NA	0.29	NA	0.14	0.34	NA	NA	0.16	0.21	NA	NA
ENSMUST00000215239.1|ENSMUSG00000035208|Slfn8	45.9	83003528	chr11:83002157-83003866	0.53	0.67	0.64	0.81	NA	0.56	1.00	0.67	0.95	0.80	NA	NA
ENSMUST00000038038.7|ENSMUSG00000072620|Slfn2	346.0	83070481	chr11:83070330-83070678	0.50	0.42	0.32	0.45	0.93	0.57	0.37	0.33	0.37	0.47	0.78	NA
ENSMUST00000018877.8|ENSMUSG00000018733|Pex12	59.0	83295319	chr11:83294641-83296043	0.27	0.09	0.04	0.18	1.00	0.12	0.14	0.16	0.11	0.12	0.19	0.26
ENSMUST00000018875.12|ENSMUSG00000035152|Ap2b1	89.8	83402908	chr11:83402641-83405035	0.22	0.21	0.32	0.42	0.29	0.32	0.55	0.24	0.28	0.34	0.89	0.68
ENSMUST00000175848.7|ENSMUSG00000020684|Rasl10b	11125.9	83418839	chr11:83418561-83421037	1.00	0.83	0.86	0.75	1.00	0.83	0.90	0.95	0.81	0.83	0.79	0.75
ENSMUST00000035938.2|ENSMUSG00000035042|Ccl5	947.0	83525828	chr11:83525777-83525979	0.15	NA	0.10	0.28	0.32	NA	0.13	0.29	0.23	NA	NA	NA
ENSMUST00000019266.5|ENSMUSG00000019122|Ccl9	342.1	83574845	chr11:83572918-83575386	0.10	0.10	0.11	0.13	0.14	0.05	0.08	0.07	0.08	0.09	0.02	0.07
ENSMUST00000019071.3|ENSMUSG00000018927|Ccl6	5294.4	83588539	chr11:83587881-83588827	0.26	0.19	0.26	0.32	0.24	0.20	0.28	0.22	0.26	0.18	0.25	0.32
ENSMUST00000001008.5|ENSMUSG00000000982|Ccl3	6811.0	83648053	chr11:83647843-83648255	0.34	0.25	0.29	0.32	0.72	0.44	0.25	0.32	0.27	0.27	NA	NA
ENSMUST00000019074.3|ENSMUSG00000018930|Ccl4	17334.0	83664536	chr11:83664378-83664683	0.26	0.29	0.29	0.27	0.61	0.33	0.30	0.29	0.28	0.29	0.61	0.32
ENSMUST00000001002.7|ENSMUSG00000000976|Heatr6	15.6	83782363	chr11:83781719-83783754	0.34	0.36	0.34	0.49	0.12	NA	NA	0.24	0.30	0.10	NA	NA
ENSMUST00000049257.7|ENSMUSG00000020677|Ddx52	38.4	83962143	chr11:83961804-83963088	0.58	0.99	0.81	0.81	0.46	0.76	0.86	1.00	1.00	0.69	0.56	NA
ENSMUST00000092834.11|ENSMUSG00000034940|Synrg	28.0	84041238	chr11:84040925-84044578	NA	0.12	0.15	0.25	0.24	NA	NA	0.49	0.38	0.18	0.22	0.22
ENSMUST00000100705.10|ENSMUSG00000018648|Dusp14	156.9	84048287	chr11:84048040-84048619	0.46	0.34	0.39	0.49	0.62	0.54	0.49	0.32	0.85	0.45	0.57	0.47
ENSMUST00000018795.12|ENSMUSG00000018651|Tada2a	69.3	84079208	chr11:84078919-84079594	0.38	0.50	0.53	0.48	1.00	0.51	0.62	0.41	0.48	0.20	0.91	0.51
ENSMUST00000103201.7|ENSMUSG00000020532|Acaca	458.0	84399831	chr11:84399680-84401651	NA	1.00	1.00	1.00	NA	NA	1.00	1.00	1.00	1.00	NA	1.00
ENSMUST00000018549.7|ENSMUSG00000018405|Mrm1	132.4	84814214	chr11:84813060-84814434	1.00	0.84	0.92	0.89	1.00	1.00	1.00	1.00	1.00	0.72	0.75	1.00
ENSMUST00000151496.1|ENSMUSG00000034449|Dhrs11	162.9	84825367	chr11:84821991-84825518	0.07	0.05	0.04	0.05	0.04	0.04	0.04	0.06	0.04	0.04	0.04	0.04
ENSMUST00000172405.7|ENSMUSG00000020530|Ggnbp2	92.8	84832763	chr11:84832360-84833012	0.18	0.20	0.42	0.24	0.53	0.25	0.35	0.07	0.28	0.23	0.18	0.26
ENSMUST00000103195.4|ENSMUSG00000020526|Znhit3	727.8	84911260	chr11:84910949-84911469	0.35	0.36	0.28	0.32	0.52	0.38	0.25	0.25	0.32	0.28	0.42	0.36
ENSMUST00000150596.7|ENSMUSG00000000805|Car4	45364.8	84963563	chr11:84963412-84964563	0.48	0.50	0.54	0.56	0.38	0.44	0.65	0.55	0.48	0.46	0.45	0.44
ENSMUST00000000821.14|ENSMUSG00000000804|Usp32	21.2	85017629	chr11:84985646-85017802	NA	NA	NA	NA	NA	0.03	0.05	0.04	NA	0.01	0.03	0.04
ENSMUST00000018625.9|ENSMUSG00000018481|Appbp2	109.2	85191497	chr11:85187261-85191648	0.28	0.23	0.26	0.27	0.36	0.18	0.09	0.36	0.25	0.20	0.13	0.32
ENSMUST00000020835.15|ENSMUSG00000020525|Ppm1d	37.5	85346674	chr11:85346190-85347066	0.59	0.83	0.61	0.38	0.45	0.72	0.83	0.84	0.75	0.90	0.76	0.32
ENSMUST00000000095.6|ENSMUSG00000000093|Tbx2	33.7	85841421	chr11:85841011-85841948	0.57	0.30	NA	NA	0.45	NA	0.21	0.48	0.17	0.33	NA	0.38
ENSMUST00000043624.8|ENSMUSG00000034297|Med13	23.5	86270544	chr11:86267032-86270988	0.76	0.70	0.72	NA	0.44	NA	1.00	NA	NA	NA	0.87	NA
ENSMUST00000020827.6|ENSMUSG00000020521|Rnft1	401.1	86496365	chr11:86495952-86499025	0.03	0.03	0.03	0.03	0.03	0.02	0.01	0.02	0.04	0.03	0.04	0.03
ENSMUST00000154617.7|ENSMUSG00000020516|Rps6kb1	110.1	86502134	chr11:86498870-86502727	0.19	0.34	0.35	0.18	0.19	0.18	0.36	0.27	0.23	0.24	0.34	0.32
ENSMUST00000108030.8|ENSMUSG00000020513|Tubd1	73.3	86567293	chr11:86567142-86567360	0.31	0.10	NA	NA	0.28	0.46	0.78	0.55	0.16	0.59	NA	NA
ENSMUST00000018315.9|ENSMUSG00000018171|Vmp1	13515.7	86584904	chr11:86583864-86585310	0.08	0.08	0.07	0.07	0.16	0.07	0.05	0.07	0.07	0.07	0.11	0.09
ENSMUST00000108022.7|ENSMUSG00000072582|Ptrh2	29.5	86690252	chr11:86690101-86692457	0.65	0.69	0.61	0.74	0.73	0.98	0.48	1.00	0.95	1.00	0.73	0.64
ENSMUST00000103186.10|ENSMUSG00000047126|Cltc	4611.4	86694852	chr11:86694350-86695568	0.24	0.22	0.17	0.16	0.39	0.24	0.18	0.20	0.19	0.18	0.37	0.24
ENSMUST00000018569.13|ENSMUSG00000018425|Dhx40	102.2	86769865	chr11:86768845-86770124	0.39	0.38	0.40	0.42	0.23	0.55	0.41	0.27	0.38	0.27	0.30	0.43
ENSMUST00000018571.4|ENSMUSG00000018427|Ypel2	11.5	86940244	chr11:86936424-86940601	0.15	0.10	NA	0.23	NA	0.13	0.15	0.14	0.25	NA	0.11	0.29
ENSMUST00000020804.7|ENSMUSG00000061666|Gdpd1	88.1	87034922	chr11:87033866-87035175	1.00	0.71	0.83	0.88	0.77	0.64	0.94	0.98	0.71	0.86	1.00	0.81
ENSMUST00000143280.1|ENSMUSG00000020495|Smg8	22.1	87077934	chr11:87077735-87078085	0.25	0.34	0.26	0.24	NA	0.19	0.45	0.21	0.30	0.17	0.48	0.48
ENSMUST00000020794.5|ENSMUSG00000020492|Ska2	94.2	87122681	chr11:87121996-87124635	0.40	0.56	0.30	0.38	0.07	0.33	0.32	0.47	0.29	0.30	0.41	0.32
ENSMUST00000041282.12|ENSMUSG00000018548|Trim37	1008.6	87219022	chr11:87218331-87220683	0.84	0.73	0.75	0.65	0.79	0.73	1.00	0.70	0.43	0.48	1.00	0.89
ENSMUST00000107960.7|ENSMUSG00000020486|Septin4	19587.0	87590175	chr11:87590024-87590539	1.00	1.00	1.00	1.00	1.00	1.00	1.00	1.00	1.00	1.00	1.00	1.00
ENSMUST00000103179.9|ENSMUSG00000018401|Mtmr4	75.5	87614952	chr11:87614250-87616302	0.77	0.79	0.77	0.90	0.80	1.00	0.77	0.80	0.74	0.71	1.00	1.00
ENSMUST00000039627.11|ENSMUSG00000034156|Tspoap1	2723.9	87782837	chr11:87782686-87785928	NA	1.00	NA	NA	NA	NA	1.00	NA	NA	NA	1.00	1.00
ENSMUST00000038196.6|ENSMUSG00000034121|Mks1	18.3	87863431	chr11:87863022-87863803	0.38	0.55	0.53	0.53	1.00	0.86	0.46	0.47	0.48	0.55	NA	0.53
ENSMUST00000178105.2|ENSMUSG00000020483|Dynll2	1489.4	87981284	chr11:87979524-87981435	0.09	0.29	0.36	0.32	0.15	0.18	0.52	0.43	0.43	0.31	0.40	0.51
ENSMUST00000139129.8|ENSMUSG00000018379|Srsf1	844.6	88051296	chr11:88049603-88053755	0.14	0.15	0.12	0.11	0.19	0.11	0.27	0.14	0.10	0.10	0.21	0.19
ENSMUST00000018521.10|ENSMUSG00000018377|Vezf1	140.5	88082297	chr11:88081822-88084729	0.72	0.62	0.50	0.61	0.62	0.41	0.89	0.68	0.44	0.42	0.68	0.64
ENSMUST00000154812.7|ENSMUSG00000018378|Cuedc1	307.4	88188850	chr11:88187114-88194140	NA	0.35	0.40	NA	NA	0.41	0.49	0.52	0.51	0.45	0.46	NA
ENSMUST00000024486.13|ENSMUSG00000023723|Mrps23	780.4	88211192	chr11:88210760-88211507	0.50	0.44	0.42	0.50	0.65	0.48	0.53	0.42	0.55	0.50	0.58	0.68
ENSMUST00000000287.8|ENSMUSG00000000278|Scpep1	36260.4	88924382	chr11:88924019-88924664	0.34	0.32	0.36	0.39	0.53	0.51	0.31	0.35	0.38	0.39	0.48	0.30
ENSMUST00000107898.7|ENSMUSG00000033983|Coil	37.8	88991130	chr11:88990739-88991613	0.99	0.83	0.46	0.43	0.74	0.62	0.39	0.73	1.00	0.99	1.00	1.00
ENSMUST00000107896.9|ENSMUSG00000000275|Trim25	51.4	89016869	chr11:89016718-89020293	NA	0.36	0.62	0.81	0.53	0.62	NA	1.00	0.59	0.75	NA	NA
ENSMUST00000020864.8|ENSMUSG00000020553|Pctp	83.1	89983638	chr11:89982664-89984693	0.31	0.11	0.28	0.33	0.38	0.19	0.17	0.10	0.25	0.15	0.21	NA
ENSMUST00000092788.3|ENSMUSG00000069763|Tmem100	1667.7	90036162	chr11:90035750-90036508	0.55	0.55	0.39	0.39	1.00	0.51	0.30	0.33	0.47	0.46	0.40	0.51
ENSMUST00000004050.6|ENSMUSG00000003948|Mmd	11758.1	90277011	chr11:90276860-90278589	1.00	1.00	1.00	1.00	1.00	1.00	1.00	1.00	1.00	1.00	1.00	1.00
ENSMUST00000004051.7|ENSMUSG00000003949|Hlf	471.0	90339771	chr11:90336535-90340761	0.33	0.44	0.25	0.28	0.70	0.31	0.47	0.29	0.26	0.27	0.51	0.34
ENSMUST00000143203.7|ENSMUSG00000020546|Stxbp4	37.4	90480126	chr11:90476491-90480602	0.17	0.37	0.16	0.21	0.37	0.16	0.05	0.23	0.22	0.24	0.10	0.16
ENSMUST00000020851.14|ENSMUSG00000020544|Cox11	172.1	90644700	chr11:90644549-90644931	0.46	0.60	0.52	0.48	0.61	0.54	0.39	0.42	0.35	0.51	0.59	0.52
ENSMUST00000107863.3|ENSMUSG00000056158|Car10	181.1	93600774	chr11:93600335-93601749	0.17	0.41	0.10	0.38	NA	0.45	0.58	0.36	0.14	NA	0.42	0.53
ENSMUST00000135884.7|ENSMUSG00000037601|Nme1	16625.8	93959236	chr11:93956978-93959398	0.04	0.04	0.03	0.04	0.04	0.04	0.03	0.04	0.03	0.04	0.05	0.05
ENSMUST00000041956.13|ENSMUSG00000020859|Spag9	388.9	94123004	chr11:94122834-94126085	0.63	0.86	0.80	0.70	0.84	0.87	1.00	1.00	1.00	0.98	1.00	1.00
ENSMUST00000041589.5|ENSMUSG00000037573|Tob1	215.9	94215097	chr11:94214725-94215495	0.59	0.71	0.55	0.56	1.00	0.70	0.80	0.65	0.51	0.51	0.77	0.84
ENSMUST00000107822.9|ENSMUSG00000020863|Luc7l3	3500.7	94296883	chr11:94292773-94306195	0.45	0.49	NA	NA	0.38	0.66	0.42	0.49	NA	NA	0.60	0.51
ENSMUST00000107818.8|ENSMUSG00000020864|Ankrd40	853.0	94339847	chr11:94339696-94341841	0.81	0.77	0.79	0.67	0.82	0.72	0.74	0.84	0.78	0.79	0.68	0.73
ENSMUST00000178136.7|ENSMUSG00000020865|Abcc3	125.5	94343488	chr11:94343294-94343669	NA	0.26	0.30	0.33	0.79	0.50	0.24	0.48	0.31	0.31	NA	NA
ENSMUST00000107786.7|ENSMUSG00000020866|Cacna1g	80.3	94408965	chr11:94408390-94409147	NA	NA	0.21	0.37	NA	0.54	0.24	0.25	0.34	0.33	0.42	0.17
ENSMUST00000040487.3|ENSMUSG00000039096|Rsad1	7.3	94542121	chr11:94539797-94542532	0.14	0.19	0.15	0.25	0.19	NA	0.21	NA	0.35	0.25	0.21	0.20
ENSMUST00000103164.3|ENSMUSG00000076435|Acsf2	70.4	94557761	chr11:94557101-94558309	NA	0.94	0.55	0.36	NA	0.95	0.79	1.00	0.62	0.87	0.98	1.00
ENSMUST00000021239.6|ENSMUSG00000020869|Lrrc59	2699.6	94643777	chr11:94643538-94645216	0.89	0.85	0.96	0.83	0.82	0.86	0.88	0.87	0.85	0.78	0.94	0.91
ENSMUST00000025278.7|ENSMUSG00000024414|Mrpl27	12079.7	94659963	chr11:94659812-94660089	0.28	0.23	0.19	0.20	0.22	0.26	0.19	0.22	0.28	0.22	0.33	0.30
ENSMUST00000153485.2|ENSMUSG00000020868|Xylt2	12.2	94666197	chr11:94664586-94666455	0.00	0.00	0.00	0.00	0.00	0.00	0.00	0.00	0.00	0.00	0.00	0.01
ENSMUST00000001547.7|ENSMUSG00000001506|Col1a1	682653.4	94951767	chr11:94951616-94953042	NA	0.04	0.02	0.01	0.07	0.05	0.02	0.02	0.02	0.02	NA	NA
ENSMUST00000038696.11|ENSMUSG00000038976|Ppp1r9b	87534.9	95005506	chr11:95005355-95006899	1.00	1.00	1.00	1.00	1.00	1.00	1.00	1.00	1.00	1.00	1.00	1.00
ENSMUST00000055947.9|ENSMUSG00000047181|Samd14	331.0	95025741	chr11:95024730-95026087	0.36	0.90	0.89	0.76	0.62	0.69	1.00	0.89	0.88	0.66	0.97	0.77
ENSMUST00000038431.7|ENSMUSG00000038967|Pdk2	975.4	95026614	chr11:95026257-95027184	0.47	0.56	0.56	0.51	0.87	0.66	0.51	0.47	0.71	0.54	0.67	0.54
ENSMUST00000092766.11|ENSMUSG00000038909|Kat7	313.5	95275471	chr11:95274258-95275788	0.86	1.00	0.89	0.87	1.00	0.89	1.00	0.88	0.95	0.74	1.00	0.95
ENSMUST00000037502.6|ENSMUSG00000038893|Fam117a	19.0	95381306	chr11:95380956-95381872	NA	NA	1.00	0.51	0.95	NA	NA	0.72	1.00	0.82	NA	1.00
ENSMUST00000131193.2|ENSMUSG00000020873|Slc35b1	37175.0	95387935	chr11:95387784-95391776	0.12	0.11	0.12	0.12	0.13	0.11	0.12	0.12	0.13	0.12	0.12	0.11
ENSMUST00000107724.8|ENSMUSG00000057522|Spop	31978.0	95492550	chr11:95491838-95493406	0.38	0.35	0.32	0.28	0.80	0.37	0.36	0.31	0.35	0.27	0.40	0.39
ENSMUST00000058866.7|ENSMUSG00000046719|Nxph3	17.1	95510515	chr11:95509844-95510830	NA	0.37	0.58	NA	NA	1.00	0.29	0.31	NA	NA	0.50	0.46
ENSMUST00000125172.7|ENSMUSG00000038845|Phb	2975.3	95680391	chr11:95679903-95680773	0.61	0.61	0.54	0.63	0.53	0.54	0.57	0.53	0.75	0.65	0.54	0.67
ENSMUST00000107717.7|ENSMUSG00000075595|Zfp652	42.5	95764358	chr11:95764056-95772353	0.16	0.15	0.31	0.39	0.38	0.15	0.35	0.37	0.26	0.21	NA	0.40
ENSMUST00000059026.9|ENSMUSG00000018381|Abi3	263.5	95832519	chr11:95830073-95832715	0.03	0.06	0.08	0.10	0.04	0.04	0.23	0.22	0.03	0.03	0.28	0.28
ENSMUST00000100528.4|ENSMUSG00000014349|Ube2z	512.2	96048661	chr11:96047431-96050246	0.07	0.10	0.09	0.11	0.13	0.09	0.10	0.12	0.10	0.09	0.16	0.13
ENSMUST00000090541.11|ENSMUSG00000006057|Atp5g1	2427.3	96072955	chr11:96068851-96073106	0.01	0.02	0.03	0.04	0.01	0.02	0.02	0.01	0.03	0.03	0.01	0.01
ENSMUST00000021246.8|ENSMUSG00000020876|Snx11	343.1	96768097	chr11:96767554-96769048	0.32	0.25	0.32	0.25	0.65	0.38	0.25	0.26	0.47	0.35	0.36	0.45
ENSMUST00000167110.7|ENSMUSG00000038615|Nfe2l1	6684.5	96819027	chr11:96817413-96819178	1.00	1.00	1.00	1.00	1.00	1.00	1.00	1.00	0.99	0.87	1.00	1.00
ENSMUST00000147710.1|ENSMUSG00000018672|Copz2	12642.2	96856824	chr11:96856673-96861203	0.03	0.03	0.03	0.03	0.04	0.03	0.03	0.03	0.03	0.03	0.03	0.04
ENSMUST00000134732.7|ENSMUSG00000018669|Cdk5rap3	30986.2	96911551	chr11:96907425-96912344	0.30	0.33	0.29	0.31	0.31	0.27	0.35	0.31	0.32	0.30	0.32	0.30
ENSMUST00000018803.11|ENSMUSG00000018659|Pnpo	156.4	96938226	chr11:96937824-96938917	0.75	0.65	0.54	0.70	1.00	0.79	0.88	0.62	0.84	0.71	0.81	0.96
ENSMUST00000107624.7|ENSMUSG00000018678|Sp2	103.7	96954215	chr11:96953340-96954472	0.62	0.62	0.68	0.57	1.00	0.93	0.79	0.56	0.61	0.64	0.68	0.62
ENSMUST00000001485.9|ENSMUSG00000001445|Mrpl10	1935.3	97048847	chr11:97048332-97049213	0.38	0.56	0.38	0.40	0.79	0.55	0.45	0.43	0.41	0.40	0.69	0.55
ENSMUST00000090020.12|ENSMUSG00000038534|Osbpl7	47.2	97068264	chr11:97068047-97068904	1.00	0.52	1.00	1.00	1.00	0.86	1.00	0.87	0.47	1.00	0.48	NA
ENSMUST00000019026.9|ENSMUSG00000018882|Mrpl45	419.7	97328933	chr11:97328565-97329920	0.08	0.08	0.06	0.09	0.10	0.09	0.07	0.06	0.09	0.12	0.14	0.16
ENSMUST00000052281.5|ENSMUSG00000043439|Epop	7127.7	97627737	chr11:97627388-97628174	0.65	0.64	0.54	0.53	0.82	0.53	0.59	0.53	0.71	0.54	0.58	0.59
ENSMUST00000044730.11|ENSMUSG00000038437|Mllt6	1322.1	97681735	chr11:97681584-97685463	NA	1.00	NA	NA	NA	NA	1.00	NA	NA	NA	1.00	1.00
ENSMUST00000018685.8|ENSMUSG00000018541|Cwc25	47.6	97747064	chr11:97745614-97747357	0.87	0.87	1.00	0.80	0.76	0.97	0.50	0.98	0.98	1.00	1.00	0.84
ENSMUST00000103146.4|ENSMUSG00000071415|Rpl23	1383.9	97777933	chr11:97777526-97778084	0.38	0.48	0.32	0.41	0.35	0.30	0.44	0.35	0.43	0.48	0.41	0.45
ENSMUST00000043843.11|ENSMUSG00000038366|Lasp1	4941.0	97836393	chr11:97836242-97838764	1.00	1.00	1.00	1.00	1.00	1.00	1.00	1.00	1.00	1.00	1.00	1.00
ENSMUST00000155954.2|ENSMUSG00000050538|B230217C12Rik	47742.5	97843277	chr11:97841470-97844099	0.42	0.69	0.53	0.59	0.25	0.57	0.60	0.70	0.63	0.40	0.76	0.78
ENSMUST00000017561.14|ENSMUSG00000017417|Plxdc1	67.1	97923970	chr11:97923237-97924490	0.74	0.82	1.00	0.79	0.73	0.78	0.92	0.63	0.66	0.56	0.67	0.45
ENSMUST00000042971.15|ENSMUSG00000038352|Arl5c	53.0	97990023	chr11:97989577-97990293	NA	NA	0.61	0.44	0.69	0.37	0.34	0.40	0.46	0.52	NA	NA
ENSMUST00000017552.12|ENSMUSG00000020882|Cacnb1	163.1	98002752	chr11:98001507-98002903	NA	0.81	1.00	1.00	NA	0.91	1.00	1.00	0.51	NA	1.00	0.99
ENSMUST00000017544.8|ENSMUSG00000017400|Stac2	783.4	98037817	chr11:98036622-98037968	NA	1.00	1.00	0.99	1.00	1.00	1.00	NA	NA	NA	1.00	1.00
ENSMUST00000103143.9|ENSMUSG00000020883|Fbxl20	26.2	98088930	chr11:98082555-98089593	0.02	0.03	0.09	0.06	0.09	0.04	0.17	0.03	0.05	0.05	NA	0.12
ENSMUST00000041685.6|ENSMUSG00000038255|Neurod2	189.7	98326688	chr11:98325414-98327187	NA	0.16	0.15	0.17	0.07	0.16	0.14	0.09	NA	0.01	0.15	0.12
ENSMUST00000078694.12|ENSMUSG00000061718|Ppp1r1b	4973.4	98357499	chr11:98357067-98357796	0.58	0.50	0.41	0.43	0.74	0.52	0.38	0.45	0.60	0.38	0.69	0.69
ENSMUST00000018311.4|ENSMUSG00000018167|Stard3	681.8	98380843	chr11:98380559-98381099	0.42	0.51	0.30	0.41	0.71	0.47	0.28	0.36	0.38	0.31	0.59	0.37
ENSMUST00000008021.2|ENSMUSG00000007877|Tcap	56.3	98384740	chr11:98384542-98384953	0.42	0.29	0.07	NA	NA	0.43	0.30	0.09	NA	NA	0.37	0.51
ENSMUST00000090827.11|ENSMUSG00000038208|Pgap3	35.3	98389106	chr11:98388676-98390040	0.59	0.39	0.48	0.72	0.49	0.93	NA	1.00	1.00	1.00	NA	NA
ENSMUST00000058295.5|ENSMUSG00000062312|Erbb2	104.4	98437019	chr11:98436665-98437716	0.19	0.13	0.11	0.18	0.34	0.11	0.18	0.10	0.18	0.15	0.03	NA
ENSMUST00000002655.7|ENSMUSG00000002580|Mien1	21925.2	98437898	chr11:98437707-98438064	0.33	0.35	0.37	0.36	0.46	0.37	0.33	0.32	0.35	0.40	0.41	0.41
ENSMUST00000019456.4|ENSMUSG00000019312|Grb7	7.9	98455153	chr11:98455002-98455373	0.17	NA	0.53	NA	NA	NA	0.17	NA	NA	NA	NA	0.47
ENSMUST00000052919.7|ENSMUSG00000038150|Ormdl3	728.1	98582167	chr11:98581255-98582714	0.81	0.76	0.89	0.77	0.84	0.94	0.84	0.82	0.78	0.77	0.78	0.90
ENSMUST00000017365.14|ENSMUSG00000017221|Psmd3	12860.7	98695759	chr11:98695597-98695979	0.38	0.36	0.39	0.31	0.62	0.41	0.40	0.34	0.35	0.34	0.50	0.50
ENSMUST00000038886.2|ENSMUSG00000038067|Csf3	980.7	98703368	chr11:98702957-98703629	0.40	0.37	0.37	0.29	1.00	0.45	0.57	0.42	NA	NA	NA	NA
ENSMUST00000103139.10|ENSMUSG00000058756|Thra	178.5	98764902	chr11:98764525-98765111	0.34	0.36	0.18	0.18	0.57	0.54	0.48	0.26	0.30	0.34	0.77	0.67
ENSMUST00000064941.6|ENSMUSG00000020889|Nr1d1	84139.0	98768071	chr11:98767931-98768222	0.08	0.10	0.07	0.03	0.31	0.10	0.02	0.02	0.04	0.10	0.05	0.06
ENSMUST00000037915.8|ENSMUSG00000052915|Msl1	981.0	98806240	chr11:98805429-98807859	0.41	0.52	0.39	0.38	0.61	0.52	0.28	0.35	0.28	0.31	0.57	0.49
ENSMUST00000017384.13|ENSMUSG00000078676|Casc3	1578.0	98831714	chr11:98831563-98833814	1.00	1.00	1.00	1.00	1.00	1.00	1.00	1.00	1.00	1.00	NA	1.00
ENSMUST00000107479.2|ENSMUSG00000038020|Rapgefl1	926.7	98852861	chr11:98851197-98853697	NA	0.08	0.20	0.08	NA	NA	0.12	0.06	NA	NA	0.13	0.13
ENSMUST00000068133.9|ENSMUSG00000037992|Rara	288.4	98973959	chr11:98973634-98974942	0.12	0.15	0.24	0.25	0.30	0.41	0.26	0.35	0.25	0.24	0.15	0.19
ENSMUST00000017637.12|ENSMUSG00000017493|Igfbp4	1355646.9	99052427	chr11:99051576-99054392	0.03	0.03	0.03	0.03	0.08	0.04	0.03	0.03	0.03	0.03	0.04	0.05
ENSMUST00000103134.3|ENSMUSG00000037944|Ccr7	30.4	99144501	chr11:99144195-99144960	0.41	NA	0.48	0.43	NA	NA	0.42	0.35	NA	NA	NA	NA
ENSMUST00000103133.3|ENSMUSG00000037935|Smarce1	95.1	99209707	chr11:99209046-99210071	0.72	0.62	0.70	0.99	0.79	0.75	1.00	0.69	0.53	0.60	0.72	0.70
ENSMUST00000103132.9|ENSMUSG00000035849|Krt222	34.9	99234368	chr11:99232760-99234921	NA	NA	NA	NA	NA	NA	0.79	0.62	0.25	NA	0.54	0.51
ENSMUST00000103131.4|ENSMUSG00000019761|Krt10	195.6	99385404	chr11:99385253-99385632	0.35	0.44	0.25	0.37	0.59	0.52	0.44	0.36	0.37	0.34	0.53	0.62
ENSMUST00000017741.3|ENSMUSG00000020912|Krt12	164.9	99415848	chr11:99415665-99416013	0.64	0.29	NA	0.31	0.40	0.72	0.22	0.28	NA	NA	0.40	0.39
ENSMUST00000049385.13|ENSMUSG00000035530|Eif1	298657.6	100321509	chr11:100321358-100322096	0.60	0.60	0.54	0.64	0.29	0.42	0.54	0.56	0.57	0.59	0.46	0.51
ENSMUST00000138603.8|ENSMUSG00000006930|Hap1	191.0	100347992	chr11:100347326-100348707	NA	0.65	0.78	1.00	NA	0.66	0.79	0.63	NA	0.88	0.57	0.63
ENSMUST00000001592.14|ENSMUSG00000001552|Jup	13515.8	100372161	chr11:100370618-100372312	1.00	1.00	1.00	1.00	1.00	1.00	1.00	1.00	1.00	1.00	1.00	1.00
ENSMUST00000066489.12|ENSMUSG00000006931|P3h4	1600.2	100408932	chr11:100408455-100409124	0.26	0.31	0.30	0.27	0.33	0.27	0.28	0.19	0.25	0.22	0.40	0.40
ENSMUST00000134815.1|ENSMUSG00000001555|Fkbp10	183799.1	100421080	chr11:100420906-100422089	0.46	0.40	0.41	0.47	0.49	0.47	0.54	0.49	0.47	0.48	0.38	0.32
ENSMUST00000107399.8|ENSMUSG00000017176|Nt5c3b	230390.0	100422625	chr11:100422320-100422930	0.01	NA	NA	NA	NA	NA	NA	0.00	NA	0.00	0.17	NA
ENSMUST00000107389.7|ENSMUSG00000020917|Acly	733.9	100476896	chr11:100476352-100477246	0.67	0.64	0.75	0.62	1.00	0.75	0.73	0.64	0.77	0.61	0.88	0.89
ENSMUST00000103120.4|ENSMUSG00000006782|Cnp	3294.6	100581435	chr11:100580793-100581728	0.62	0.61	0.64	0.60	0.87	0.63	0.56	0.49	0.65	0.62	0.76	0.76
ENSMUST00000239499.1|ENSMUSG00000014195|Dnajc7	6425.0	100589897	chr11:100582817-100598652	0.05	0.01	0.05	0.03	0.14	0.03	0.07	0.03	0.02	0.05	0.01	0.02
ENSMUST00000017981.9|ENSMUSG00000017837|Nkiras2	425.8	100627187	chr11:100626230-100627607	0.60	0.79	0.45	0.65	0.79	0.83	0.67	0.61	0.72	0.73	0.81	0.92
ENSMUST00000017974.12|ENSMUSG00000017830|Dhx58	169.1	100695008	chr11:100694883-100695159	0.19	0.27	0.20	0.24	0.44	0.09	0.17	0.20	0.57	0.15	NA	NA
ENSMUST00000006973.11|ENSMUSG00000020918|Kat2a	301.4	100704983	chr11:100704745-100705240	0.45	0.34	0.55	0.40	0.76	0.62	0.43	0.28	0.48	0.40	0.41	0.63
ENSMUST00000107364.7|ENSMUSG00000019173|Rab5c	233.1	100715516	chr11:100715008-100716049	0.24	0.16	0.16	0.14	0.34	0.19	0.16	0.10	0.19	0.12	0.25	0.32
ENSMUST00000017891.13|ENSMUSG00000017747|Ghdc	197.9	100766504	chr11:100766031-100766805	0.27	0.18	0.15	0.28	0.68	0.32	0.17	0.16	0.33	0.25	0.38	0.35
ENSMUST00000107358.8|ENSMUSG00000020919|Stat5b	187.6	100782938	chr11:100780730-100783098	1.00	0.91	1.00	1.00	0.71	0.63	1.00	1.00	1.00	1.00	1.00	1.00
ENSMUST00000004145.13|ENSMUSG00000004043|Stat5a	51.9	100884545	chr11:100883993-100885169	0.38	0.52	1.00	0.64	NA	0.76	1.00	0.71	0.66	1.00	NA	NA
ENSMUST00000103114.7|ENSMUSG00000004040|Stat3	24465.3	100886959	chr11:100885097-100889518	0.03	0.03	0.02	0.02	0.08	0.05	0.04	0.02	0.03	0.02	0.06	0.06
ENSMUST00000060792.5|ENSMUSG00000004044|Cavin1	13821.3	100958475	chr11:100956732-100958626	1.00	1.00	1.00	1.00	1.00	1.00	1.00	1.00	1.00	1.00	1.00	1.00
ENSMUST00000044721.12|ENSMUSG00000019302|Atp6v0a1	609.3	101063350	chr11:101062402-101063719	0.82	0.75	0.69	0.67	1.00	0.87	0.86	0.67	0.82	0.63	1.00	0.86
ENSMUST00000001802.9|ENSMUSG00000001751|Naglu	5402.1	101077593	chr11:101077442-101077672	0.23	0.12	0.17	0.20	0.38	0.25	0.22	0.22	0.22	0.21	0.25	0.30
ENSMUST00000001806.9|ENSMUSG00000001755|Coasy	439.2	101086458	chr11:101086307-101086619	0.22	0.38	0.35	0.29	0.58	0.40	0.24	0.30	0.27	0.45	0.33	0.41
ENSMUST00000107302.7|ENSMUSG00000017801|Mlx	526.2	101091337	chr11:101091162-101092207	0.65	0.61	0.55	0.63	0.75	0.54	0.59	0.74	0.59	0.62	0.40	0.41
ENSMUST00000142545.1|ENSMUSG00000019303|Psmc3ip	607.5	101093633	chr11:101092486-101093784	0.41	0.34	0.41	0.49	0.41	0.39	0.35	0.36	NA	0.37	0.40	0.42
ENSMUST00000107295.9|ENSMUSG00000017802|Retreg3	148.6	101096906	chr11:101096321-101098165	0.63	0.83	0.60	0.46	1.00	0.57	0.82	0.64	0.57	0.47	1.00	0.91
ENSMUST00000139200.7|ENSMUSG00000035172|Plekhh3	3779.3	101163419	chr11:101162678-101163570	0.61	0.60	0.60	0.53	0.98	0.74	0.57	0.56	0.59	0.55	0.50	0.87
ENSMUST00000107284.7|ENSMUSG00000006920|Ezh1	165.5	101192134	chr11:101191114-101192941	1.00	1.00	0.97	0.80	1.00	1.00	0.98	1.00	0.69	0.89	1.00	1.00
ENSMUST00000128260.8|ENSMUSG00000001240|Ramp2	22125.6	101256953	chr11:101253701-101259546	0.07	0.04	0.03	0.04	0.10	0.01	0.02	0.07	0.04	0.04	0.02	0.01
ENSMUST00000144306.8|ENSMUSG00000078656|Vps25	15493.4	101257048	chr11:101256897-101258916	0.01	0.01	0.01	0.01	0.04	0.00	0.00	0.01	0.01	0.01	0.00	0.00
ENSMUST00000139487.7|ENSMUSG00000035112|Wnk4	210.6	101265463	chr11:101263891-101277409	NA	NA	0.24	0.25	0.50	0.16	0.19	0.24	0.25	0.22	NA	NA
ENSMUST00000017332.3|ENSMUSG00000017188|Coa3	13815.5	101278163	chr11:101277967-101278342	0.36	0.35	0.31	0.33	0.75	0.37	0.33	0.38	0.35	0.36	0.44	0.48
ENSMUST00000041403.11|ENSMUSG00000035086|Becn1	63554.5	101294969	chr11:101288261-101296196	0.25	0.27	NA	NA	0.28	0.25	NA	0.29	NA	0.26	0.26	NA
ENSMUST00000019470.13|ENSMUSG00000078652|Psme3	1322.0	101322940	chr11:101321869-101323537	0.73	0.81	0.69	0.73	0.93	0.96	0.81	0.79	0.85	0.76	0.94	0.87
ENSMUST00000103105.9|ENSMUSG00000019326|Aoc3	15.3	101338016	chr11:101337663-101339430	NA	NA	0.55	0.58	NA	NA	NA	NA	0.50	0.49	NA	NA
ENSMUST00000107257.7|ENSMUSG00000097239|Gm27029	79.0	101406740	chr11:101406663-101406891	NA	0.16	NA	NA	0.11	0.13	0.12	0.39	NA	NA	0.11	0.10
ENSMUST00000107252.8|ENSMUSG00000097487|Ptges3l	41.1	101419020	chr11:101418811-101419171	0.14	NA	NA	0.22	0.50	0.40	0.40	0.39	0.19	0.34	0.46	0.71
ENSMUST00000040561.5|ENSMUSG00000035007|Rundc1	140.5	101435321	chr11:101434314-101435673	0.72	0.73	0.75	0.70	0.82	0.69	0.90	0.79	0.75	0.85	0.86	1.00
ENSMUST00000131024.1|ENSMUSG00000010358|Ifi35	80350.5	101457997	chr11:101457457-101458464	0.43	0.21	0.27	0.27	0.46	0.25	0.30	0.27	0.27	0.26	0.30	0.38
ENSMUST00000001347.6|ENSMUSG00000001313|Rnd2	11063.3	101471590	chr11:101471303-101471853	0.39	0.39	0.39	0.43	0.94	0.52	0.35	0.38	0.38	0.34	0.55	0.52
ENSMUST00000123558.7|ENSMUSG00000017119|Nbr1	8628.2	101578117	chr11:101577966-101581951	0.47	0.39	0.42	0.33	0.66	0.51	0.45	0.39	0.38	0.39	0.51	0.44
ENSMUST00000039581.13|ENSMUSG00000034947|Tmem106a	2332.8	101590743	chr11:101590450-101591788	0.33	0.47	0.39	0.33	0.28	0.29	0.41	0.44	0.35	0.39	NA	NA
ENSMUST00000039388.2|ENSMUSG00000034936|Arl4d	258.6	101667526	chr11:101667252-101667832	0.64	0.43	0.47	0.33	0.85	0.62	0.40	0.48	0.34	0.52	0.59	0.73
ENSMUST00000039152.13|ENSMUSG00000034931|Dhx8	86.0	101767063	chr11:101766856-101767358	0.57	0.43	0.50	0.45	0.98	0.39	0.64	0.53	0.41	0.37	NA	0.76
ENSMUST00000164750.7|ENSMUSG00000017724|Etv4	39.9	101769973	chr11:101769741-101770368	NA	0.13	0.65	NA	0.71	0.48	0.44	0.42	0.41	0.25	0.97	0.42
ENSMUST00000057054.7|ENSMUSG00000001493|Meox1	139.8	101877893	chr11:101877509-101878609	0.67	0.53	0.44	0.68	0.68	NA	0.71	0.53	NA	1.00	NA	NA
ENSMUST00000151678.7|ENSMUSG00000003518|Dusp3	3314.4	101974318	chr11:101971142-101974736	0.53	0.43	0.43	0.47	0.76	0.42	0.21	0.32	0.33	0.34	0.60	0.58
ENSMUST00000017458.10|ENSMUSG00000017314|Mpp2	183.1	102059168	chr11:102057014-102059319	0.96	0.93	1.00	1.00	NA	1.00	NA	1.00	0.86	0.89	1.00	1.00
ENSMUST00000021296.6|ENSMUSG00000020921|Tmem101	349.5	102152813	chr11:102152545-102153288	0.34	0.40	0.63	0.41	0.49	0.54	0.42	0.52	0.66	0.47	0.70	0.87
ENSMUST00000107156.8|ENSMUSG00000020922|Lsm12	376.7	102163926	chr11:102162496-102164077	0.15	0.44	0.44	0.56	0.15	0.39	0.42	0.56	0.50	0.39	0.31	0.43
ENSMUST00000070334.9|ENSMUSG00000034793|G6pc3	1180.1	102193954	chr11:102193803-102194081	0.27	0.26	0.30	0.24	0.46	0.31	0.15	0.23	0.22	0.29	0.31	0.28
ENSMUST00000036376.12|ENSMUSG00000034757|Tmub2	781.7	102288942	chr11:102288433-102289237	0.63	0.47	0.41	0.47	1.00	0.72	0.52	0.49	0.60	0.46	0.86	0.71
ENSMUST00000141516.7|ENSMUSG00000059995|Atxn7l3	2461.3	102291506	chr11:102289299-102291657	0.95	1.00	0.85	1.00	NA	1.00	1.00	1.00	0.93	1.00	1.00	1.00
ENSMUST00000174302.7|ENSMUSG00000020923|Ubtf	1105.8	102306182	chr11:102304559-102306643	0.03	0.04	0.03	0.05	0.11	0.05	0.03	0.04	0.05	0.05	0.05	0.04
ENSMUST00000006750.7|ENSMUSG00000006575|Rundc3a	54932.7	102402342	chr11:102402120-102402555	0.39	0.38	0.35	0.32	0.68	0.47	0.33	0.34	0.46	0.39	0.47	0.46
ENSMUST00000134669.7|ENSMUSG00000018677|Slc25a39	431169.2	102404451	chr11:102403790-102404835	0.44	0.39	0.38	0.41	0.45	0.42	0.44	0.42	0.45	0.42	0.41	0.42
ENSMUST00000239431.1|ENSMUSG00000034708|Grn	332659.7	102436620	chr11:102436469-102436809	0.36	0.39	0.29	0.27	0.76	0.39	0.29	0.26	0.31	0.29	0.52	0.47
ENSMUST00000049057.4|ENSMUSG00000034685|Fam171a2	41.1	102437297	chr11:102436980-102437465	0.32	0.18	0.30	0.32	0.87	0.44	0.28	0.10	0.56	0.39	0.60	0.40
ENSMUST00000143842.1|ENSMUSG00000034621|Gpatch8	56.9	102477307	chr11:102475914-102478195	0.40	0.40	0.51	0.61	0.49	NA	0.42	0.27	0.58	0.44	NA	0.47
ENSMUST00000107081.7|ENSMUSG00000078640|Gm11627	76.9	102576534	chr11:102576397-102576685	NA	0.33	NA	NA	NA	0.17	0.23	0.16	NA	NA	0.40	0.19
ENSMUST00000057893.6|ENSMUSG00000050288|Fzd2	66.1	102606592	chr11:102606441-102608058	NA	NA	0.67	0.56	0.27	0.57	0.74	0.52	0.32	0.35	0.35	NA
ENSMUST00000092569.12|ENSMUSG00000020925|Ccdc43	155.2	102685690	chr11:102684685-102686311	0.88	0.93	0.93	0.90	1.00	0.81	0.97	0.76	0.82	0.73	0.94	0.91
ENSMUST00000107075.8|ENSMUSG00000034520|Gjc1	264.6	102799794	chr11:102799578-102799987	0.51	0.49	0.44	0.57	0.69	0.46	0.42	0.45	0.49	0.44	0.62	0.60
ENSMUST00000138483.7|ENSMUSG00000020929|Eftud2	3291.9	102870086	chr11:102862610-102870237	0.17	0.19	0.15	0.20	0.16	0.17	0.18	0.18	0.15	0.18	0.11	0.16
ENSMUST00000067444.9|ENSMUSG00000020932|Gfap	72741.9	102887865	chr11:102887335-102888679	0.96	0.85	0.81	0.84	1.00	0.88	0.90	0.87	0.85	0.87	1.00	0.92
ENSMUST00000057849.5|ENSMUSG00000045532|C1ql1	58.1	102939449	chr11:102939263-102939735	NA	0.30	0.21	0.27	1.00	0.83	0.19	0.35	NA	NA	0.58	0.69
ENSMUST00000021313.8|ENSMUSG00000020935|Dcakd	1698.7	102994358	chr11:102994046-102994883	0.50	0.54	0.47	0.47	1.00	0.71	0.45	0.56	0.51	0.48	0.72	0.81
ENSMUST00000021314.7|ENSMUSG00000020936|Nmt1	582.1	103065956	chr11:103065765-103068912	0.12	0.21	0.40	0.49	0.13	0.13	0.34	0.37	0.34	0.30	0.49	0.58
ENSMUST00000128650.7|ENSMUSG00000020937|Plcd3	98.2	103070581	chr11:103070303-103070843	0.51	0.57	0.36	0.41	0.74	0.50	0.74	0.43	0.83	0.19	0.55	0.50
ENSMUST00000092559.12|ENSMUSG00000056938|Acbd4	2195.4	103106234	chr11:103104147-103112200	0.00	0.00	0.01	0.00	0.05	0.01	0.00	0.00	0.00	0.00	0.00	0.00
ENSMUST00000053063.6|ENSMUSG00000048878|Hexim1	69.2	103118205	chr11:103117989-103119725	0.07	0.13	0.14	0.16	0.31	0.09	0.08	0.23	0.13	0.23	0.14	0.21
ENSMUST00000062530.4|ENSMUSG00000043372|Hexim2	19.4	103139356	chr11:103139062-103139876	NA	1.00	0.65	NA	1.00	NA	0.52	0.45	NA	1.00	0.99	1.00
ENSMUST00000021324.2|ENSMUSG00000020941|Map3k14	36.9	103220201	chr11:103219761-103221027	0.34	1.00	1.00	0.83	NA	NA	0.58	0.94	1.00	0.45	NA	NA
ENSMUST00000107024.7|ENSMUSG00000034255|Arhgap27	215.8	103332714	chr11:103331496-103332865	1.00	0.91	1.00	1.00	1.00	1.00	1.00	1.00	0.91	0.86	1.00	1.00
ENSMUST00000184350.1|ENSMUSG00000034247|Plekhm1	318.2	103380033	chr11:103366616-103380294	0.14	0.13	0.11	0.10	0.11	0.15	0.13	0.15	0.11	0.13	0.11	0.11
ENSMUST00000057870.3|ENSMUSG00000046215|Rprml	1483.3	103650357	chr11:103650131-103650579	0.20	0.36	0.32	0.38	1.00	0.44	0.30	0.31	1.00	0.19	0.46	0.52
ENSMUST00000021329.13|ENSMUSG00000020946|Gosr2	2010.0	103678458	chr11:103676848-103679238	0.80	0.86	0.84	0.90	1.00	0.96	0.97	0.88	0.92	0.86	0.96	1.00
ENSMUST00000103075.10|ENSMUSG00000034187|Nsf	1888.1	103822797	chr11:103821781-103823240	0.41	0.48	0.32	0.27	0.60	0.39	0.40	0.37	0.23	0.31	0.41	0.40
ENSMUST00000057921.9|ENSMUSG00000062421|Arf2	929.3	103984886	chr11:103983746-103985337	0.91	0.79	0.87	0.80	1.00	1.00	0.87	0.81	0.71	0.84	0.94	0.99
ENSMUST00000106992.9|ENSMUSG00000018411|Mapt	904.6	104329950	chr11:104328184-104332090	NA	0.46	0.22	0.19	0.19	0.33	0.57	0.25	NA	0.26	0.34	0.38
ENSMUST00000106977.7|ENSMUSG00000018412|Kansl1	281.4	104333962	chr11:104333228-104334980	0.42	0.22	0.15	0.24	1.00	0.75	0.36	0.24	0.28	0.25	0.53	0.35
ENSMUST00000093923.8|ENSMUSG00000020687|Cdc27	46.1	104505419	chr11:104502744-104505600	0.54	0.76	0.94	0.93	1.00	0.86	0.85	1.00	0.63	0.49	1.00	1.00
ENSMUST00000021030.7|ENSMUSG00000020691|Mettl2	80.7	105140010	chr11:105139766-105140394	0.69	0.78	0.57	0.62	1.00	0.46	0.75	0.93	0.38	0.57	0.54	0.97
ENSMUST00000126175.7|ENSMUSG00000020694|Tlk2	30.5	105221449	chr11:105221298-105282176	0.05	0.05	0.03	0.04	0.10	0.06	0.05	0.05	0.05	0.04	0.03	0.05
ENSMUST00000100335.9|ENSMUSG00000020695|Mrc2	9321.7	105350847	chr11:105349922-105351139	1.00	0.99	0.65	0.70	1.00	1.00	1.00	0.74	0.72	0.67	NA	NA
ENSMUST00000100330.9|ENSMUSG00000053580|Tanc2	41.3	105924180	chr11:105923713-105929304	NA	0.07	0.20	0.16	NA	0.15	0.06	0.10	0.16	0.17	0.10	0.14
ENSMUST00000019734.10|ENSMUSG00000019590|Cyb561	343.6	105934298	chr11:105933701-105935377	0.70	0.73	0.67	0.60	0.91	0.66	0.56	0.78	0.66	0.70	1.00	0.97
ENSMUST00000001963.13|ENSMUSG00000020681|Ace	88.0	105989182	chr11:105989031-105989964	1.00	0.80	0.66	0.58	1.00	0.31	1.00	0.64	0.84	0.75	NA	0.31
ENSMUST00000058438.8|ENSMUSG00000049354|Dcaf7	425.1	106055003	chr11:106054852-106059324	0.58	0.80	0.91	0.83	0.83	0.62	1.00	0.92	0.76	0.78	1.00	1.00
ENSMUST00000002048.7|ENSMUSG00000001983|Taco1	11.0	106073449	chr11:106073298-106073612	NA	0.80	NA	0.91	0.84	0.40	0.57	0.48	0.39	0.39	0.46	0.64
ENSMUST00000002044.9|ENSMUSG00000020700|Map3k3	843.3	106154387	chr11:106154191-106155446	0.86	0.92	0.79	0.80	1.00	0.88	1.00	0.83	0.93	0.82	1.00	0.94
ENSMUST00000045923.9|ENSMUSG00000040699|Limd2	13994.9	106158192	chr11:106156255-106158676	0.06	0.06	0.07	0.07	0.08	0.07	0.06	0.07	0.07	0.07	0.09	0.11
ENSMUST00000002043.9|ENSMUSG00000078622|Ccdc47	1356.0	106199546	chr11:106197407-106200938	0.04	0.05	0.03	0.03	0.18	0.06	0.04	0.04	0.03	0.02	0.07	0.09
ENSMUST00000021046.5|ENSMUSG00000020705|Ddx42	261.8	106248778	chr11:106248163-106249139	0.44	0.37	0.33	0.53	1.00	0.62	0.50	0.42	0.31	0.46	0.76	0.54
ENSMUST00000021048.6|ENSMUSG00000020706|Ftsj3	215.2	106249275	chr11:106249141-106249426	0.28	0.38	0.22	0.24	0.58	0.35	0.26	0.20	0.32	0.29	0.42	0.50
ENSMUST00000133131.1|ENSMUSG00000020708|Psmc5	259105.0	106262728	chr11:106262577-106263120	0.22	0.21	0.20	0.19	0.33	0.22	0.20	0.19	0.23	0.21	0.27	0.27
ENSMUST00000106843.7|ENSMUSG00000078619|Smarcd2	1490.8	106263559	chr11:106263178-106264068	0.53	0.56	0.54	0.46	0.90	0.68	0.60	0.41	0.53	0.53	0.73	0.60
ENSMUST00000044228.10|ENSMUSG00000040592|Cd79b	7.7	106311596	chr11:106311340-106311809	NA	NA	NA	0.04	NA	NA	NA	0.29	0.40	0.31	NA	NA
ENSMUST00000001059.8|ENSMUSG00000020715|Ern1	23.6	106398393	chr11:106394649-106398544	NA	NA	0.81	1.00	0.77	NA	NA	0.95	NA	NA	NA	NA
ENSMUST00000042780.13|ENSMUSG00000040548|Tex2	224.5	106502565	chr11:106502146-106503598	0.38	0.41	0.33	0.39	0.73	0.98	0.46	0.37	0.27	0.14	1.00	0.78
ENSMUST00000103069.9|ENSMUSG00000020717|Pecam1	10427.1	106654480	chr11:106654216-106655145	0.45	0.49	0.40	0.44	1.00	0.53	0.68	0.39	0.52	0.47	0.77	0.83
ENSMUST00000182023.1|ENSMUSG00000040528|Milr1	161.6	106761337	chr11:106761186-106768717	NA	0.10	0.08	0.12	0.14	0.07	0.11	0.12	0.13	0.15	NA	NA
ENSMUST00000133426.7|ENSMUSG00000020719|Ddx5	61752.2	106783805	chr11:106781547-106783956	1.00	1.00	1.00	1.00	1.00	1.00	1.00	1.00	1.00	1.00	1.00	1.00
ENSMUST00000139297.7|ENSMUSG00000018363|Smurf2	99.9	106868534	chr11:106822024-106869104	0.17	0.14	NA	NA	0.29	NA	NA	0.19	0.11	0.13	NA	NA
ENSMUST00000145331.7|ENSMUSG00000018362|Kpna2	33041.0	106991857	chr11:106988628-106992114	0.35	0.34	0.36	0.35	0.37	0.35	0.38	0.34	0.32	0.37	0.40	0.30
ENSMUST00000106767.2|ENSMUSG00000078607|1810010H24Rik	24.0	107030194	chr11:107029772-107030443	0.18	0.28	0.38	0.47	NA	1.00	0.77	0.67	0.08	0.25	0.60	0.47
ENSMUST00000057892.14|ENSMUSG00000040481|Bptf	55.7	107035056	chr11:107033080-107035805	0.31	NA	0.27	0.27	0.18	0.15	0.28	0.28	NA	0.21	0.35	0.76
ENSMUST00000106757.7|ENSMUSG00000018433|Nol11	193.8	107167076	chr11:107166662-107167527	0.38	0.33	0.31	0.37	0.89	0.30	0.20	0.48	0.37	0.40	0.40	0.54
ENSMUST00000103064.9|ENSMUSG00000040430|Pitpnc1	93.4	107212325	chr11:107207891-107212655	0.41	0.49	0.49	0.52	0.75	0.48	0.51	1.00	0.54	0.49	0.48	0.54
ENSMUST00000106746.7|ENSMUSG00000020721|Helz	16.7	107686880	chr11:107686716-107693826	0.12	0.31	0.21	0.13	0.06	0.11	0.10	0.11	0.07	0.09	0.13	0.19
ENSMUST00000021066.3|ENSMUSG00000020723|Cacng4	195.4	107734006	chr11:107732356-107734782	NA	0.07	0.04	0.04	0.09	0.04	0.06	0.03	0.04	0.03	0.05	0.05
ENSMUST00000106742.7|ENSMUSG00000040373|Cacng5	42.6	107876637	chr11:107874604-107877354	NA	1.00	NA	NA	1.00	0.62	NA	NA	NA	NA	NA	0.48
ENSMUST00000059595.10|ENSMUSG00000050965|Prkca	16.7	107938436	chr11:107933386-107939518	0.17	0.26	NA	NA	NA	0.15	NA	0.36	0.21	0.26	NA	0.81
ENSMUST00000020930.13|ENSMUSG00000020611|Gna13	490.0	109398010	chr11:109396483-109401369	0.42	0.34	0.28	0.32	0.80	0.27	0.31	0.40	0.33	0.38	0.22	0.34
ENSMUST00000092500.10|ENSMUSG00000020610|Amz2	28.8	109436872	chr11:109436712-109438148	0.06	0.07	0.28	0.23	0.10	0.15	0.35	0.12	0.17	0.21	0.12	0.23
ENSMUST00000070152.11|ENSMUSG00000041920|Slc16a6	94.9	109452914	chr11:109450854-109453146	0.07	0.04	0.05	0.04	0.07	0.11	0.11	0.07	0.04	0.04	NA	0.14
ENSMUST00000106697.7|ENSMUSG00000020604|Arsg	69.1	109572995	chr11:109572490-109573330	NA	NA	0.36	0.67	0.61	0.67	0.42	0.27	0.29	0.65	0.19	NA
ENSMUST00000047186.9|ENSMUSG00000041895|Wipi1	27.5	109576399	chr11:109575131-109577038	NA	0.10	0.18	0.58	NA	0.21	NA	0.36	0.26	0.34	NA	NA
ENSMUST00000106677.7|ENSMUSG00000020612|Prkar1a	11151.2	109668768	chr11:109667599-109669656	0.71	0.69	0.68	0.66	1.00	0.89	0.90	0.67	0.73	0.66	0.96	0.87
ENSMUST00000155559.7|ENSMUSG00000020614|Fam20a	152.0	109673095	chr11:109669748-109673302	0.01	0.01	0.02	0.01	0.03	0.02	0.03	0.03	0.02	0.02	0.02	0.01
ENSMUST00000100287.8|ENSMUSG00000041828|Abca8a	12.2	110025966	chr11:110025633-110026311	NA	NA	0.46	0.36	NA	NA	1.00	0.35	NA	NA	NA	NA
ENSMUST00000044850.3|ENSMUSG00000041797|Abca9	133.0	110101400	chr11:110100748-110101967	NA	NA	0.47	0.47	1.00	0.96	0.75	0.72	1.00	0.64	NA	0.32
ENSMUST00000106636.7|ENSMUSG00000051497|Kcnj16	134.3	111026600	chr11:111025770-111027968	0.68	0.61	0.52	NA	0.64	0.57	NA	0.81	NA	NA	0.64	0.65
ENSMUST00000000579.2|ENSMUSG00000000567|Sox9	1007.3	112785924	chr11:112785507-112787760	0.22	0.25	0.12	0.14	0.34	0.17	0.26	0.17	0.10	0.19	0.17	0.17
ENSMUST00000071539.9|ENSMUSG00000041654|Slc39a11	128.9	113245631	chr11:113244852-113246419	0.72	0.89	1.00	0.74	0.92	1.00	1.00	0.96	0.83	0.87	1.00	1.00
ENSMUST00000152653.7|ENSMUSG00000018661|Cog1	1395.9	113661307	chr11:113661156-113662400	1.00	1.00	1.00	1.00	1.00	1.00	1.00	1.00	1.00	1.00	1.00	1.00
ENSMUST00000120194.1|ENSMUSG00000041629|Fam104a	815.4	113663099	chr11:113661318-113663312	0.43	0.39	0.38	0.55	0.26	0.30	0.32	0.49	0.41	0.53	0.47	0.55
ENSMUST00000106616.1|ENSMUSG00000041598|Cdc42ep4	3045.9	113728057	chr11:113726849-113728516	0.90	0.88	0.94	0.77	1.00	0.95	1.00	0.96	0.82	0.77	1.00	1.00
ENSMUST00000045779.5|ENSMUSG00000034714|Ttyh2	215.3	114720012	chr11:114719200-114720977	0.64	0.57	0.74	0.71	1.00	0.72	0.85	0.58	0.67	0.65	0.47	0.45
ENSMUST00000069325.13|ENSMUSG00000034706|Dnaic2	19.9	114757582	chr11:114757268-114757889	NA	NA	0.24	0.61	NA	NA	0.39	0.44	NA	NA	NA	NA
ENSMUST00000000206.3|ENSMUSG00000000202|Btbd17	652.2	114791299	chr11:114791216-114791450	0.16	0.27	0.19	0.13	0.14	0.21	0.09	0.09	NA	NA	0.43	0.40
ENSMUST00000122967.2|ENSMUSG00000051043|Gprc5c	1606.5	114866820	chr11:114866669-114869096	0.17	0.22	0.21	0.23	NA	0.21	0.23	0.20	0.22	0.20	NA	NA
ENSMUST00000106582.8|ENSMUSG00000034652|Cd300a	253.0	114901755	chr11:114901287-114904654	0.04	0.03	0.02	0.02	0.05	0.03	0.03	0.01	0.02	0.02	0.03	0.02
ENSMUST00000149663.3|ENSMUSG00000063193|Cd300lb	68.3	114923592	chr11:114922780-114924895	NA	NA	0.84	0.91	0.93	0.73	NA	0.71	0.68	0.80	NA	NA
ENSMUST00000045075.2|ENSMUSG00000034641|Cd300ld	63.0	114982954	chr11:114982273-114984143	NA	NA	1.00	0.49	0.39	1.00	0.72	0.64	0.88	0.66	NA	NA
ENSMUST00000141188.1|ENSMUSG00000044811|Cd300c2	1963.9	115000628	chr11:114996721-115000894	0.06	0.06	0.05	0.05	0.04	0.04	0.05	0.04	0.05	0.04	0.04	0.05
ENSMUST00000106561.7|ENSMUSG00000047798|Cd300lf	116.2	115116668	chr11:115116213-115116976	0.42	NA	0.29	0.35	0.73	0.44	0.45	0.39	0.39	0.16	NA	NA
ENSMUST00000021077.3|ENSMUSG00000020733|Slc9a3r1	3949.2	115180934	chr11:115180506-115181181	0.38	0.38	0.28	0.33	1.00	0.51	0.30	0.38	0.38	0.34	0.61	0.58
ENSMUST00000100235.8|ENSMUSG00000045980|Tmem104	187.8	115245525	chr11:115244127-115247023	0.26	0.21	0.33	0.38	0.26	0.22	0.37	0.31	0.31	0.32	0.56	0.50
ENSMUST00000003351.12|ENSMUSG00000020734|Grin2c	136.7	115249400	chr11:115249168-115249573	0.46	0.27	0.21	0.31	1.00	0.25	0.40	0.27	NA	NA	0.59	0.66
ENSMUST00000021078.2|ENSMUSG00000018861|Fdxr	1468.1	115268175	chr11:115268023-115268326	0.50	0.32	0.26	0.22	0.87	0.51	0.34	0.23	0.32	0.25	0.55	0.30
ENSMUST00000044152.12|ENSMUSG00000034586|Hid1	285.9	115347983	chr11:115347706-115348471	0.52	0.60	0.56	0.45	0.88	0.53	0.56	0.37	0.64	0.54	0.57	0.88
ENSMUST00000053288.5|ENSMUSG00000050910|Cdr2l	507.3	115394385	chr11:115394234-115396132	0.97	0.89	0.90	0.96	1.00	1.00	1.00	0.84	0.81	0.76	1.00	0.99
ENSMUST00000153983.7|ENSMUSG00000018858|Mrpl58	362.7	115410870	chr11:115410719-115412674	0.01	0.02	0.05	0.03	0.02	0.03	0.02	0.06	0.04	0.02	0.04	0.10
ENSMUST00000106533.7|ENSMUSG00000016940|Kctd2	16105.4	115429808	chr11:115429657-115431274	1.00	NA	1.00	NA	1.00	NA	1.00	NA	NA	NA	NA	NA
ENSMUST00000035240.6|ENSMUSG00000057219|Armc7	53.7	115489419	chr11:115489071-115490467	0.81	0.76	0.88	0.81	NA	0.75	0.81	0.98	0.83	1.00	1.00	0.93
ENSMUST00000106530.7|ENSMUSG00000020736|Nt5c	3308.0	115490493	chr11:115490419-115490644	0.22	0.18	0.15	0.12	0.18	0.23	0.18	0.19	0.20	0.18	0.23	0.21
ENSMUST00000021083.6|ENSMUSG00000020737|Jpt1	8105.4	115497631	chr11:115497352-115498153	0.51	0.48	0.51	0.58	0.92	0.64	0.42	0.46	0.60	0.55	0.74	0.66
ENSMUST00000021084.9|ENSMUSG00000020738|Sumo2	27968.8	115530256	chr11:115523101-115530407	0.00	0.00	0.00	0.00	0.00	0.00	0.00	0.00	0.00	0.00	0.00	0.00
ENSMUST00000156173.7|ENSMUSG00000020740|Gga3	449.6	115586249	chr11:115584254-115586400	1.00	1.00	1.00	1.00	1.00	1.00	1.00	1.00	1.00	1.00	1.00	1.00
ENSMUST00000058109.8|ENSMUSG00000046756|Mrps7	3748.1	115607235	chr11:115607036-115608036	0.14	0.11	0.15	0.12	0.14	0.13	0.13	0.16	0.11	0.14	0.13	0.17
ENSMUST00000106507.8|ENSMUSG00000020743|Mif4gd	1604.0	115608192	chr11:115607917-115608388	0.46	0.48	0.39	0.37	1.00	0.45	0.42	0.37	0.39	0.37	0.59	0.58
ENSMUST00000021089.10|ENSMUSG00000020744|Slc25a19	718.2	115615152	chr11:115614177-115615411	0.34	0.37	0.46	0.42	0.29	0.23	0.37	0.48	0.27	0.34	0.35	0.46
ENSMUST00000106499.7|ENSMUSG00000059923|Grb2	1900.4	115645582	chr11:115644044-115645771	0.19	0.24	0.51	0.38	0.21	0.26	0.20	0.31	0.37	0.36	0.40	0.43
ENSMUST00000093912.10|ENSMUSG00000020747|Tmem94	160.6	115798848	chr11:115798344-115799366	0.26	0.15	0.13	0.22	0.21	0.10	0.15	0.18	0.13	0.19	0.26	0.17
ENSMUST00000041684.10|ENSMUSG00000034471|Caskin2	193.5	115799544	chr11:115799182-115799989	0.50	0.55	0.53	0.42	0.63	0.66	0.58	0.59	0.45	0.47	0.78	0.40
ENSMUST00000154304.7|ENSMUSG00000020781|Tsen54	119.5	115822828	chr11:115822585-115823089	0.42	0.43	0.36	0.25	0.65	0.34	0.45	0.19	0.52	0.42	0.38	0.51
ENSMUST00000103032.10|ENSMUSG00000020782|Llgl2	14.7	115855621	chr11:115855470-115855780	0.26	NA	NA	0.32	0.36	NA	0.34	0.31	NA	0.17	NA	NA
ENSMUST00000152171.7|ENSMUSG00000048442|Smim5	30.7	115905996	chr11:115905788-115906269	NA	NA	0.39	0.53	NA	NA	0.30	0.30	NA	0.57	0.48	0.24
ENSMUST00000140991.1|ENSMUSG00000020755|Sap30bp	215.0	115964557	chr11:115964389-115966725	0.38	0.49	0.58	0.64	0.43	0.39	0.56	0.72	0.49	0.57	0.75	0.86
ENSMUST00000106454.7|ENSMUSG00000016559|H3f3b	1182194.9	116023043	chr11:116021911-116023409	0.43	0.40	0.37	0.37	0.40	0.39	0.30	0.38	0.41	0.39	0.44	0.41
ENSMUST00000021116.11|ENSMUSG00000020770|Unk	303.5	116060916	chr11:116059975-116061214	0.76	0.64	0.73	0.91	0.81	0.64	0.83	0.76	0.87	0.75	1.00	1.00
ENSMUST00000074628.12|ENSMUSG00000034341|Wbp2	17959.3	116078909	chr11:116078572-116079545	0.53	0.56	0.50	0.53	0.83	0.68	0.54	0.46	0.49	0.51	0.71	0.64
ENSMUST00000106441.7|ENSMUSG00000020773|Trim47	3364.4	116105852	chr11:116105751-116106003	0.21	0.25	0.16	0.19	0.45	0.19	0.23	0.15	0.21	0.23	0.34	0.37
ENSMUST00000103031.7|ENSMUSG00000020776|Fbf1	134.3	116142638	chr11:116142284-116143385	0.44	0.47	0.50	0.66	1.00	0.47	0.95	0.63	0.89	0.50	0.77	0.82
ENSMUST00000148601.1|ENSMUSG00000020777|Acox1	1577.8	116173240	chr11:116171887-116173550	0.87	0.89	0.87	1.00	1.00	0.93	1.00	0.88	0.85	0.89	1.00	0.92
ENSMUST00000021130.6|ENSMUSG00000020778|Ten1	1162.1	116215225	chr11:116215074-116215318	0.14	0.23	0.10	0.10	0.24	0.26	0.19	0.16	0.21	0.13	0.34	0.27
ENSMUST00000106425.3|ENSMUSG00000020780|Srp68	2064.9	116245453	chr11:116245165-116245705	0.36	0.44	0.30	0.37	1.00	0.45	0.32	0.33	0.37	0.35	0.41	0.48
ENSMUST00000106411.9|ENSMUSG00000020792|Exoc7	102.3	116288359	chr11:116288000-116289185	0.89	0.44	0.89	0.66	0.70	0.86	1.00	0.55	0.60	0.60	0.74	0.57
ENSMUST00000149147.7|ENSMUSG00000052949|Rnf157	1086.9	116338351	chr11:116336352-116338708	0.89	0.88	0.99	0.96	0.58	1.00	1.00	1.00	0.86	1.00	0.96	0.91
ENSMUST00000057676.6|ENSMUSG00000050628|Ubald2	2697.3	116438880	chr11:116438302-116439077	0.70	0.61	0.47	0.60	1.00	0.69	0.89	0.51	0.81	0.86	0.95	1.00
ENSMUST00000106391.7|ENSMUSG00000015869|Prpsap1	3337.3	116471103	chr11:116470844-116471399	0.44	0.37	0.38	0.38	0.69	0.43	0.36	0.34	0.52	0.46	0.56	0.56
ENSMUST00000141798.3|ENSMUSG00000061878|Sphk1	1211.2	116536534	chr11:116536383-116536675	0.41	0.15	0.16	0.24	0.41	0.22	0.22	0.16	0.16	0.12	NA	NA
ENSMUST00000082152.4|ENSMUSG00000020802|Ube2o	161.2	116538204	chr11:116537739-116539046	0.17	0.22	0.29	0.24	0.93	0.15	0.25	0.31	0.25	0.24	0.35	0.54
ENSMUST00000103029.9|ENSMUSG00000020806|Rhbdf2	118.1	116598500	chr11:116598164-116599021	0.74	0.60	0.64	0.49	1.00	1.00	0.85	0.49	0.68	0.51	0.97	0.31
ENSMUST00000021166.5|ENSMUSG00000020810|Cygb	9313.5	116646548	chr11:116645594-116646961	0.84	0.76	0.49	0.48	0.89	0.48	0.53	0.52	0.51	0.55	0.54	0.71
ENSMUST00000116318.2|ENSMUSG00000075410|Prcd	30.7	116659827	chr11:116659316-116668387	NA	0.00	0.00	0.00	NA	NA	0.00	0.00	NA	NA	0.00	0.01
ENSMUST00000079545.5|ENSMUSG00000057286|St6galnac2	606.0	116676894	chr11:116675302-116677516	0.05	0.05	0.05	0.06	0.09	0.05	0.06	0.03	0.05	0.05	0.06	0.07
ENSMUST00000144398.1|ENSMUSG00000110170|St6galnac2	2044.2	116679842	chr11:116677482-116679993	0.10	0.10	0.10	0.10	0.08	0.10	0.08	0.08	0.10	0.10	0.08	0.10
ENSMUST00000047715.11|ENSMUSG00000020814|Mxra7	17.0	116810685	chr11:116807728-116810836	0.52	0.09	0.07	0.10	0.16	0.06	NA	NA	0.04	NA	0.07	NA
ENSMUST00000140349.7|ENSMUSG00000056962|Jmjd6	2489.1	116838989	chr11:116837587-116839862	0.25	0.18	0.21	0.22	0.26	NA	0.05	0.17	0.12	0.12	NA	NA
ENSMUST00000092404.12|ENSMUSG00000034120|Srsf2	252398.5	116851879	chr11:116849900-116852030	1.00	1.00	1.00	1.00	1.00	1.00	1.00	1.00	1.00	1.00	1.00	1.00
ENSMUST00000106365.8|ENSMUSG00000020818|Mfsd11	2224.3	116859674	chr11:116859523-116875457	0.11	0.13	0.13	0.14	0.10	0.10	0.13	0.13	0.13	0.14	0.10	0.12
ENSMUST00000103027.9|ENSMUSG00000043857|Mgat5b	431.7	116985920	chr11:116985679-116986948	NA	1.00	0.85	0.70	NA	0.85	0.99	0.76	0.84	NA	0.87	0.75
ENSMUST00000090433.5|ENSMUSG00000020823|Sec14l1	908.6	117157438	chr11:117156903-117159268	0.72	0.74	0.93	0.99	0.97	0.84	1.00	0.96	0.77	0.90	1.00	0.83
ENSMUST00000093907.10|ENSMUSG00000059248|Septin9	4134.4	117360703	chr11:117360552-117362325	1.00	1.00	1.00	1.00	1.00	1.00	1.00	1.00	1.00	1.00	1.00	1.00
ENSMUST00000106344.7|ENSMUSG00000025571|Tnrc6c	60.3	117762418	chr11:117760848-117763439	0.09	0.27	0.20	0.29	0.45	NA	0.27	0.40	0.30	0.51	0.37	NA
ENSMUST00000131606.7|ENSMUSG00000025572|Tmc6	873.8	117775588	chr11:117765987-117775779	0.19	0.24	0.21	0.18	0.15	0.23	0.38	0.20	0.14	0.18	NA	0.25
ENSMUST00000026649.13|ENSMUSG00000048277|Syngr2	3112.1	117813983	chr11:117813472-117814283	0.56	0.55	0.47	0.52	1.00	0.63	0.53	0.47	0.55	0.51	0.71	0.46
ENSMUST00000026661.3|ENSMUSG00000025574|Tk1	801.4	117815734	chr11:117815525-117815953	NA	NA	NA	NA	0.52	0.39	NA	NA	0.35	0.28	0.29	NA
ENSMUST00000073388.12|ENSMUSG00000017718|Afmid	9.4	117838918	chr11:117838522-117839908	NA	NA	NA	NA	NA	0.40	0.56	0.39	NA	0.45	0.22	0.64
ENSMUST00000033230.7|ENSMUSG00000017713|Tha1	35.6	117868240	chr11:117867951-117868461	0.40	0.51	0.49	0.43	1.00	0.39	0.51	0.47	0.26	0.75	0.44	0.81
ENSMUST00000054002.3|ENSMUSG00000053113|Socs3	8439.2	117966490	chr11:117966078-117967555	0.84	0.84	0.85	0.80	0.80	0.87	0.82	0.70	0.80	0.71	1.00	0.88
ENSMUST00000017859.9|ENSMUSG00000017715|Pgs1	5312.2	118014835	chr11:118014684-118024011	0.08	0.07	0.07	0.07	0.08	0.07	0.08	0.07	0.07	0.07	0.08	0.07
ENSMUST00000106302.8|ENSMUSG00000017132|Cyth1	321.4	118165867	chr11:118164165-118166018	1.00	1.00	1.00	0.98	1.00	1.00	1.00	1.00	0.88	0.91	1.00	0.97
ENSMUST00000017610.9|ENSMUSG00000017466|Timp2	30534.9	118302622	chr11:118301068-118303701	0.85	0.81	0.77	0.70	1.00	0.92	0.92	0.85	0.75	0.72	1.00	0.95
ENSMUST00000144529.1|ENSMUSG00000033880|Lgals3bp	81409.2	118392869	chr11:118392750-118393020	0.22	0.24	0.22	0.18	0.36	0.32	0.17	0.17	0.21	0.21	0.33	0.27
ENSMUST00000106288.7|ENSMUSG00000025575|Cant1	1318.0	118407469	chr11:118406288-118407726	1.00	0.97	0.80	0.85	0.98	0.95	1.00	0.86	0.96	0.83	1.00	0.88
ENSMUST00000017590.8|ENSMUSG00000017446|C1qtnf1	325.0	118449106	chr11:118448348-118449963	0.67	1.00	0.90	1.00	1.00	0.73	0.73	0.93	0.98	1.00	NA	0.55
ENSMUST00000026663.7|ENSMUSG00000025578|Cbx8	4.7	119038528	chr11:119036304-119038679	NA	0.04	NA	NA	0.02	0.03	0.01	0.02	0.05	0.02	0.01	0.00
ENSMUST00000026665.7|ENSMUSG00000039989|Cbx4	121.7	119080411	chr11:119077572-119080894	0.03	0.03	0.03	0.01	0.06	0.02	0.01	0.02	0.03	0.02	0.06	0.04
ENSMUST00000036113.3|ENSMUSG00000039976|Tbc1d16	62.5	119147322	chr11:119143044-119147570	NA	0.16	0.17	0.20	NA	NA	0.14	0.42	0.18	0.23	0.18	0.11
ENSMUST00000106250.7|ENSMUSG00000013483|Card14	59.1	119345072	chr11:119344738-119345375	NA	1.00	0.86	0.67	0.40	1.00	0.65	1.00	1.00	1.00	NA	NA
ENSMUST00000136523.7|ENSMUSG00000005043|Sgsh	372.7	119349976	chr11:119343424-119350474	0.23	0.39	0.48	0.38	0.45	0.23	0.33	0.61	0.42	0.52	NA	0.31
ENSMUST00000050880.7|ENSMUSG00000039908|Slc26a11	137.6	119380710	chr11:119380285-119381079	0.48	0.38	0.45	0.31	0.76	0.85	0.41	0.23	0.22	0.35	NA	NA
ENSMUST00000131035.9|ENSMUSG00000070327|Rnf213	465.2	119486306	chr11:119486155-119487418	1.00	1.00	1.00	1.00	1.00	1.00	1.00	1.00	1.00	1.00	NA	NA
ENSMUST00000143817.7|ENSMUSG00000039850|Endov	187.4	119502827	chr11:119502329-119509579	0.36	0.36	0.46	0.58	NA	0.26	NA	NA	0.45	0.58	0.63	0.51
ENSMUST00000026670.4|ENSMUSG00000025582|Nptx1	202.8	119542324	chr11:119538718-119542475	0.58	1.00	1.00	1.00	NA	NA	NA	1.00	NA	NA	1.00	1.00
ENSMUST00000147781.7|ENSMUSG00000025583|Rptor	9.7	119817253	chr11:119817102-119899576	0.15	0.07	0.07	0.06	0.09	NA	NA	NA	0.06	0.04	0.04	0.05
ENSMUST00000026434.12|ENSMUSG00000025371|Chmp6	2625.9	119919154	chr11:119918656-119919548	0.58	0.57	0.44	0.45	0.98	0.56	0.49	0.52	0.57	0.50	0.67	0.62
ENSMUST00000064307.9|ENSMUSG00000025375|Aatk	994.0	120007659	chr11:120007312-120008406	0.91	0.90	0.66	0.76	1.00	1.00	0.92	0.67	0.89	0.93	1.00	0.80
ENSMUST00000106227.7|ENSMUSG00000039781|Cep131	16.4	120064486	chr11:120064429-120064637	NA	0.49	NA	NA	0.43	0.23	0.21	NA	NA	0.30	0.50	0.31
ENSMUST00000093901.11|ENSMUSG00000025377|Tepsin	67.2	120090878	chr11:120090530-120091523	0.64	0.61	0.67	0.64	1.00	0.68	0.47	0.54	0.49	0.46	0.66	1.00
ENSMUST00000106223.3|ENSMUSG00000078572|Ndufaf8	2144.2	120100351	chr11:120100200-120100705	0.25	0.35	0.50	0.22	0.09	0.13	0.20	0.22	0.28	0.40	0.25	0.16
ENSMUST00000103018.10|ENSMUSG00000061306|Slc38a10	6711.9	120104666	chr11:120103959-120104999	0.11	0.08	0.09	0.09	0.16	0.16	0.13	0.08	0.12	0.08	0.14	0.12
ENSMUST00000131103.8|ENSMUSG00000062825|Actg1	13322097.7	120346910	chr11:120346444-120347503	0.88	0.84	0.87	0.85	0.79	NA	0.97	0.87	NA	0.83	NA	NA
ENSMUST00000044271.14|ENSMUSG00000039703|Nploc4	579.0	120381039	chr11:120380369-120382471	0.66	0.62	0.76	0.64	0.97	0.73	1.00	0.62	0.64	0.65	0.91	0.84
ENSMUST00000058370.13|ENSMUSG00000049957|Ccdc137	119.7	120463344	chr11:120462480-120464358	0.97	0.82	0.73	0.90	0.97	0.88	0.93	1.00	0.86	0.98	0.80	0.79
ENSMUST00000076921.6|ENSMUSG00000057594|Arl16	285.3	120465501	chr11:120465437-120465652	0.85	0.63	1.00	0.77	1.00	0.57	0.70	0.86	0.73	0.69	0.78	0.78
ENSMUST00000106205.8|ENSMUSG00000025793|Hgs	1851.9	120483708	chr11:120483496-120483979	0.57	0.46	0.40	0.36	0.77	0.60	0.37	0.37	0.38	0.40	0.58	0.51
ENSMUST00000043627.7|ENSMUSG00000039640|Mrpl12	6506.3	120488582	chr11:120488431-120489065	0.08	0.07	0.08	0.07	0.15	0.08	0.08	0.07	0.08	0.08	0.09	0.09
ENSMUST00000026899.3|ENSMUSG00000025792|Slc25a10	408.7	120498840	chr11:120498172-120499187	0.61	0.59	0.53	0.69	0.92	0.63	0.68	0.64	0.74	0.80	0.82	0.63
ENSMUST00000034913.4|ENSMUSG00000061111|Mcrip1	21466.5	120543197	chr11:120542887-120543686	0.61	0.59	0.46	0.57	0.97	0.73	0.51	0.48	0.57	0.56	0.81	0.72
ENSMUST00000026122.10|ENSMUSG00000025130|P4hb	137496.6	120560624	chr11:120560297-120561185	0.63	0.65	0.53	0.58	0.93	0.62	0.59	0.52	0.67	0.60	0.81	0.80
ENSMUST00000106197.9|ENSMUSG00000025132|Arhgdia	115859.8	120578489	chr11:120578103-120579233	0.83	0.87	0.74	0.80	1.00	0.96	0.79	0.71	0.88	0.77	0.99	0.95
ENSMUST00000026125.2|ENSMUSG00000025134|Alyref	7327.6	120594666	chr11:120592120-120594855	0.03	0.02	0.04	0.02	0.04	0.02	0.02	0.02	0.05	0.04	0.03	0.05
ENSMUST00000026128.9|ENSMUSG00000025135|Anapc11	3417.2	120605574	chr11:120605423-120608198	0.04	0.02	0.02	0.02	0.04	0.02	0.01	0.02	0.01	0.01	0.03	0.04
ENSMUST00000026129.15|ENSMUSG00000025137|Pcyt2	776.4	120610356	chr11:120610086-120610671	0.49	0.36	0.33	0.68	0.85	0.63	0.39	0.44	0.34	0.41	0.47	0.55
ENSMUST00000058162.13|ENSMUSG00000051510|Mafg	1188.3	120628731	chr11:120625116-120629286	0.23	0.13	0.16	0.18	0.28	0.11	0.18	0.26	0.13	0.19	0.12	0.19
ENSMUST00000170556.7|ENSMUSG00000025140|Pycr1	60.2	120639603	chr11:120635711-120640218	0.02	0.01	0.07	0.04	0.05	0.03	0.02	0.01	0.02	0.02	0.03	NA
ENSMUST00000106177.7|ENSMUSG00000042988|Notum	40.9	120654050	chr11:120653787-120654222	0.46	0.63	0.31	0.26	0.33	0.26	0.48	0.40	NA	NA	0.18	0.81
ENSMUST00000168947.1|ENSMUSG00000025142|Aspscr1	14499.5	120709246	chr11:120708695-120709444	0.04	0.01	0.00	0.00	0.08	0.00	0.04	0.04	0.00	0.01	0.00	0.00
ENSMUST00000106154.7|ENSMUSG00000025144|Cenpx	2546.4	120711119	chr11:120710941-120711294	0.46	0.32	0.46	0.40	0.57	0.32	0.38	0.42	0.36	0.39	0.39	0.44
ENSMUST00000145781.7|ENSMUSG00000025145|Lrrc45	1285.7	120720333	chr11:120719071-120721123	0.53	0.53	0.95	0.69	1.00	0.64	0.70	0.74	0.78	0.64	1.00	0.63
ENSMUST00000018156.11|ENSMUSG00000018012|Rac3	1329.0	120723757	chr11:120723606-120723969	0.31	0.33	0.28	0.31	0.65	0.28	0.31	0.26	0.29	0.28	0.33	0.31
ENSMUST00000026148.8|ENSMUSG00000025150|Cbr2	349.6	120729573	chr11:120729488-120729724	NA	NA	NA	0.41	0.40	0.35	NA	0.33	0.11	0.12	NA	NA
ENSMUST00000105046.3|ENSMUSG00000078249|Hmga1b	54861.3	120763981	chr11:120763209-120764419	0.33	0.36	0.33	0.37	0.38	0.41	0.31	0.29	0.37	0.33	0.39	0.32
ENSMUST00000026156.7|ENSMUSG00000025158|Rfng	2513.4	120781080	chr11:120780747-120781824	0.78	0.62	0.45	0.56	1.00	0.94	0.82	0.64	0.59	0.65	1.00	0.90
ENSMUST00000153678.7|ENSMUSG00000025156|Gps1	96262.2	120785294	chr11:120785143-120788783	1.00	1.00	1.00	1.00	0.84	1.00	1.00	1.00	1.00	1.00	1.00	1.00
ENSMUST00000106135.7|ENSMUSG00000025155|Dus1l	260.0	120789271	chr11:120789200-120789422	0.32	0.60	0.50	0.19	0.25	0.38	0.42	0.70	0.33	0.44	0.33	0.32
ENSMUST00000055655.8|ENSMUSG00000025153|Fasn	602.6	120807210	chr11:120805845-120807856	0.08	0.08	0.04	0.04	0.12	0.06	0.05	0.07	0.03	0.03	0.08	0.07
ENSMUST00000168579.7|ENSMUSG00000025161|Slc16a3	178.7	120958602	chr11:120958129-120960868	0.08	0.05	0.07	0.07	0.06	0.03	0.54	0.01	0.05	0.03	NA	NA
ENSMUST00000026169.6|ENSMUSG00000025169|Ogfod3	324.0	121177653	chr11:121177590-121177804	0.22	0.06	0.22	0.22	0.31	0.17	0.15	0.13	0.15	0.34	0.21	NA
ENSMUST00000038831.14|ENSMUSG00000039307|Hexdc	13.8	121222568	chr11:121222417-121222655	0.29	NA	NA	NA	0.87	NA	0.18	NA	NA	NA	NA	0.24
ENSMUST00000106115.7|ENSMUSG00000039294|Cybc1	431.7	121223963	chr11:121222587-121224114	0.96	1.00	1.00	1.00	0.91	1.00	1.00	0.96	1.00	1.00	1.00	1.00
ENSMUST00000103015.3|ENSMUSG00000000056|Narf	185.0	121254347	chr11:121252919-121255856	0.06	0.11	0.07	0.08	0.09	0.11	0.03	0.07	0.08	0.10	0.11	0.11
ENSMUST00000106113.1|ENSMUSG00000039275|Foxk2	215.7	121308414	chr11:121306961-121309896	0.43	0.40	0.42	0.46	0.69	0.36	0.50	0.52	0.39	0.30	0.55	0.46
ENSMUST00000026173.12|ENSMUSG00000025173|Wdr45b	1085.3	121327575	chr11:121327223-121328360	0.69	0.90	0.62	0.51	0.92	0.91	0.69	0.60	0.65	0.64	0.92	0.92
ENSMUST00000106107.2|ENSMUSG00000025170|Rab40b	31.7	121356622	chr11:121356124-121357039	0.67	1.00	0.21	0.58	NA	0.50	0.38	0.47	0.55	0.57	0.81	0.79
ENSMUST00000036742.13|ENSMUSG00000039208|Metrnl	1815.3	121716204	chr11:121716053-121716306	0.28	0.29	0.27	0.27	0.22	0.32	0.18	0.34	0.25	0.23	0.26	0.18
