ENSMUST00000091505.10|ENSMUSG00000050530|Fam171a1	292.6	3225760	chr2:3224828-3227252	1.00	1.00	0.88	1.00	1.00	1.00	1.00	0.97	0.88	1.00	1.00	1.00
ENSMUST00000081932.12|ENSMUSG00000026643|Nmt2	164.7	3326239	chr2:3326088-3328877	0.54	0.96	0.79	NA	0.33	1.00	1.00	1.00	NA	NA	NA	NA
ENSMUST00000127540.1|ENSMUSG00000026646|Suv39h2	26.4	3464266	chr2:3457602-3464822	0.07	0.06	NA	NA	NA	0.08	NA	NA	0.16	0.14	0.04	NA
ENSMUST00000226435.1|ENSMUSG00000026655|Fam107b	191.7	3779765	chr2:3779614-3782142	0.71	1.00	1.00	0.58	1.00	1.00	1.00	0.84	0.77	0.98	0.90	1.00
ENSMUST00000176803.7|ENSMUSG00000026657|Frmd4a	5.6	4529945	chr2:4529794-4560260	0.05	0.02	0.05	0.04	0.08	0.04	NA	NA	0.03	0.05	NA	0.05
ENSMUST00000035721.13|ENSMUSG00000039449|Prpf18	208.9	4622790	chr2:4622057-4624448	0.73	0.55	0.50	0.47	1.00	0.71	0.88	0.54	0.77	0.47	0.61	0.75
ENSMUST00000056914.6|ENSMUSG00000048186|Bend7	11.5	4800201	chr2:4800012-4800925	0.94	NA	NA	NA	NA	NA	0.28	0.66	NA	NA	0.25	NA
ENSMUST00000027973.13|ENSMUSG00000026662|Sephs1	156.7	4908302	chr2:4906792-4910557	0.14	0.10	0.20	0.12	0.06	0.08	0.28	0.12	0.15	0.17	0.18	0.22
ENSMUST00000027975.7|ENSMUSG00000026664|Phyh	5050.3	4938508	chr2:4938357-4938730	0.34	0.28	0.24	0.28	0.74	0.43	0.33	0.29	0.34	0.19	0.39	0.42
ENSMUST00000114996.7|ENSMUSG00000026672|Optn	139.0	5020938	chr2:5020641-5021353	0.40	0.40	0.34	0.47	0.91	0.53	0.49	0.44	0.63	0.51	0.28	0.44
ENSMUST00000027988.7|ENSMUSG00000026676|Ccdc3	2987.2	5229583	chr2:5229185-5230878	1.00	0.67	0.80	0.71	1.00	0.91	0.97	0.81	0.77	0.76	0.72	0.65
ENSMUST00000044009.13|ENSMUSG00000039145|Camk1d	83.2	5295983	chr2:5293456-5298985	0.74	0.98	0.61	0.52	NA	0.79	0.84	0.47	0.43	0.50	1.00	0.75
ENSMUST00000043864.8|ENSMUSG00000039128|Cdc123	1726.4	5794705	chr2:5794293-5794856	0.05	0.07	0.12	0.03	0.05	0.05	0.01	0.05	0.01	0.05	0.06	0.07
ENSMUST00000026927.9|ENSMUSG00000025817|Nudt5	190.0	5868568	chr2:5868195-5871895	0.07	0.10	0.13	0.13	0.07	0.07	0.12	0.11	0.21	0.13	0.17	0.15
ENSMUST00000060092.12|ENSMUSG00000043241|Upf2	92.4	6055590	chr2:6055439-6056703	NA	NA	1.00	1.00	1.00	NA	1.00	1.00	NA	NA	NA	0.92
ENSMUST00000114942.8|ENSMUSG00000045319|Proser2	33.7	6100179	chr2:6097606-6100338	0.04	0.07	0.05	0.07	0.09	NA	0.09	0.05	0.07	0.07	0.05	0.11
ENSMUST00000042658.4|ENSMUSG00000039063|Echdc3	23.4	6189039	chr2:6188464-6189342	NA	NA	NA	0.10	0.11	NA	0.07	0.15	NA	NA	NA	0.01
ENSMUST00000114937.7|ENSMUSG00000039046|Usp6nl	60.7	6443232	chr2:6441739-6446390	0.28	0.26	0.28	0.35	0.32	0.26	0.53	0.30	0.27	0.25	0.62	0.59
ENSMUST00000002176.12|ENSMUSG00000002107|Celf2	3332.2	6543564	chr2:6539693-6547088	0.40	0.21	0.20	0.22	0.27	0.33	0.42	0.28	0.21	0.19	0.22	0.28
ENSMUST00000026888.10|ENSMUSG00000025782|Taf3	16.9	9915773	chr2:9914551-9916351	1.00	NA	NA	0.53	NA	NA	0.18	NA	NA	NA	0.53	NA
ENSMUST00000114896.7|ENSMUSG00000025781|Atp5c1	14609.9	10056651	chr2:10056029-10056802	0.29	0.00	0.12	0.08	0.10	0.02	0.13	0.05	0.00	0.02	0.00	0.03
ENSMUST00000042512.7|ENSMUSG00000037262|Kin	101.7	10092665	chr2:10092514-10092806	0.05	0.11	NA	NA	0.13	0.05	0.22	NA	NA	NA	NA	NA
ENSMUST00000026886.7|ENSMUSG00000025780|Itih5	1327.8	10251731	chr2:10251580-10256529	0.16	0.28	0.48	0.44	0.20	0.29	0.35	0.52	0.45	0.44	0.20	0.31
ENSMUST00000028118.8|ENSMUSG00000026778|Prkcq	27.3	11300576	chr2:11300122-11301222	NA	0.35	0.31	0.77	0.80	0.24	0.08	0.43	NA	NA	0.50	0.33
ENSMUST00000195779.5|ENSMUSG00000026773|Pfkfb3	459.0	11481870	chr2:11471825-11482101	0.22	0.17	0.25	0.25	NA	0.20	NA	0.29	0.23	0.21	NA	NA
ENSMUST00000148748.7|ENSMUSG00000023206|Il15ra	312.4	11730763	chr2:11730612-11733982	0.30	0.37	0.34	0.26	0.33	NA	0.34	0.31	NA	0.31	NA	NA
ENSMUST00000071564.13|ENSMUSG00000058594|Fbh1	731.3	11742714	chr2:11742574-11742865	0.27	0.26	0.24	0.30	0.59	0.31	0.34	0.24	0.22	0.25	0.41	0.39
ENSMUST00000156067.7|ENSMUSG00000047909|Ankrd16	147.6	11784452	chr2:11781513-11790325	0.15	NA	0.17	NA	0.15	NA	NA	0.20	NA	NA	NA	NA
ENSMUST00000129489.7|ENSMUSG00000026767|Mindy3	185.4	12403980	chr2:12347262-12404131	0.02	0.02	0.02	0.02	0.02	0.02	0.03	0.02	0.01	0.02	0.05	0.02
ENSMUST00000134794.7|ENSMUSG00000026730|Pter	91.7	13001421	chr2:13001064-13003455	0.15	0.44	0.17	0.27	0.09	0.35	0.46	0.26	0.19	0.25	1.00	1.00
ENSMUST00000061545.6|ENSMUSG00000049630|C1ql3	15.7	13003954	chr2:13003456-13004267	0.71	NA	NA	NA	NA	0.62	NA	NA	NA	NA	1.00	0.73
ENSMUST00000193675.1|ENSMUSG00000026728|Vim	113939.9	13582644	chr2:13582480-13582825	0.37	0.36	0.31	0.33	0.74	0.44	0.33	0.31	0.32	0.33	0.43	0.47
ENSMUST00000003509.9|ENSMUSG00000003418|St8sia6	25.9	13655175	chr2:13651020-13656824	0.13	0.07	0.06	0.10	0.11	NA	NA	0.15	NA	NA	NA	NA
ENSMUST00000131730.6|ENSMUSG00000063275|Hacd1	8.0	14035674	chr2:13850281-14035825	0.00	0.00	0.00	0.00	0.00	0.00	0.00	0.00	0.00	0.00	0.00	0.00
ENSMUST00000193636.5|ENSMUSG00000026718|Stam	388.9	14117564	chr2:14117413-14147540	0.04	0.04	0.04	0.05	0.04	0.03	0.04	0.04	0.04	0.05	0.04	0.04
ENSMUST00000082290.7|ENSMUSG00000036949|Slc39a12	117.7	14494746	chr2:14494546-14494977	0.45	0.40	0.40	0.26	1.00	0.95	0.70	0.57	NA	NA	0.46	0.72
ENSMUST00000114713.1|ENSMUSG00000026707|Nsun6	14.3	15038042	chr2:15036434-15038193	0.17	0.00	0.05	0.03	0.36	0.10	0.02	0.00	0.00	0.02	NA	NA
ENSMUST00000129509.2|ENSMUSG00000017418|Arl5b	22.1	15070018	chr2:15069867-15076605	0.09	0.09	0.08	0.08	0.07	0.07	NA	0.09	0.16	0.04	NA	0.11
ENSMUST00000028081.12|ENSMUSG00000026748|Plxdc2	903.8	16751521	chr2:16751304-16755839	0.04	0.05	0.06	0.06	0.05	0.05	0.07	0.06	0.05	0.06	0.08	0.07
ENSMUST00000028080.11|ENSMUSG00000053702|Nebl	121.6	17347277	chr2:17343908-17348696	0.69	0.71	0.68	0.91	0.90	0.85	0.96	0.64	0.65	0.51	0.70	0.75
ENSMUST00000066163.2|ENSMUSG00000054057|A930004D18Rik	17.7	18025911	chr2:18025192-18026834	0.93	NA	NA	0.38	NA	NA	NA	0.37	0.30	NA	NA	NA
ENSMUST00000114671.7|ENSMUSG00000026743|Mllt10	53.5	18210966	chr2:18210809-18212388	0.83	NA	0.94	0.66	1.00	NA	1.00	0.99	0.64	NA	NA	0.51
ENSMUST00000163130.7|ENSMUSG00000026740|Dnajc1	182.2	18308783	chr2:18217134-18308946	0.01	0.00	0.00	0.01	0.01	0.00	0.00	0.00	0.00	0.00	0.01	0.01
ENSMUST00000061158.4|ENSMUSG00000051154|Commd3	12472.7	18676074	chr2:18675923-18676231	0.28	0.24	0.19	0.19	0.43	0.22	0.17	0.23	0.22	0.18	0.36	0.34
ENSMUST00000028071.12|ENSMUSG00000026739|Bmi1	417.2	18685834	chr2:18684478-18686629	0.66	0.56	0.50	0.54	0.56	0.45	0.65	0.52	0.58	0.71	0.77	0.59
ENSMUST00000006912.11|ENSMUSG00000026737|Pip4k2a	250.4	18844216	chr2:18842254-18844385	1.00	0.89	0.85	0.75	1.00	0.82	0.73	0.80	0.63	0.87	0.91	0.77
ENSMUST00000023856.8|ENSMUSG00000023094|Msrb2	806.0	19394657	chr2:19394352-19394976	0.51	0.34	0.40	0.28	0.53	0.42	0.38	0.37	0.46	0.47	0.56	0.47
ENSMUST00000052168.5|ENSMUSG00000043415|Otud1	127.8	19659701	chr2:19659423-19660583	0.73	0.88	0.74	1.00	1.00	1.00	1.00	0.78	0.93	0.88	1.00	0.89
ENSMUST00000054591.9|ENSMUSG00000048550|Thnsl1	19.7	21214405	chr2:21213677-21215009	0.09	0.15	NA	NA	NA	0.46	NA	NA	0.21	0.19	0.38	0.61
ENSMUST00000028123.3|ENSMUSG00000026787|Gad2	20.9	22690531	chr2:22690343-22693874	NA	NA	NA	0.55	NA	NA	NA	0.29	NA	NA	0.45	0.39
ENSMUST00000126112.7|ENSMUSG00000058835|Abi1	1188.6	22941373	chr2:22940072-22941874	0.63	0.66	0.46	0.57	0.97	0.55	0.93	0.69	0.71	0.62	0.67	0.67
ENSMUST00000228050.1|ENSMUSG00000026781|Acbd5	442.2	23114308	chr2:23112514-23115558	0.08	0.06	0.04	0.06	0.13	0.11	0.09	0.07	0.05	0.05	0.11	0.09
ENSMUST00000028117.3|ENSMUSG00000026775|Yme1l1	101.0	23197316	chr2:23197028-23199260	0.19	0.23	0.43	0.43	0.66	0.40	0.45	0.36	0.54	0.62	0.35	0.39
ENSMUST00000051416.11|ENSMUSG00000026986|Hnmt	299.8	24003230	chr2:24002909-24003595	0.39	0.40	0.42	0.49	0.53	0.46	0.43	0.44	0.36	0.48	0.60	0.45
ENSMUST00000114487.8|ENSMUSG00000026981|Il1rn	466.6	24350619	chr2:24349627-24351494	0.16	0.15	0.19	0.19	0.17	0.36	0.30	0.19	0.24	0.22	NA	NA
ENSMUST00000102942.7|ENSMUSG00000026979|Psd4	9.4	24408561	chr2:24407231-24414954	NA	NA	NA	NA	0.00	0.00	0.01	0.04	0.03	NA	NA	NA
ENSMUST00000200655.4|ENSMUSG00000036893|Ehmt1	68.9	24884145	chr2:24823320-24884588	0.01	0.02	0.03	0.02	0.01	0.01	0.01	0.01	0.02	0.02	0.01	0.01
ENSMUST00000144963.7|ENSMUSG00000026972|Arrdc1	1769.4	24926544	chr2:24925988-24926935	1.00	1.00	1.00	1.00	1.00	0.82	1.00	1.00	0.87	0.86	1.00	1.00
ENSMUST00000028350.8|ENSMUSG00000026974|Zmynd19	46.1	24959275	chr2:24959058-24962075	0.09	0.15	0.12	0.19	0.11	0.13	0.08	0.26	0.12	0.10	0.23	0.17
ENSMUST00000144520.7|ENSMUSG00000006476|Nsmf	3275871.0	25060725	chr2:25060534-25062628	1.00	1.00	1.00	1.00	1.00	1.00	1.00	1.00	1.00	1.00	1.00	1.00
ENSMUST00000104999.3|ENSMUSG00000078202|Nrarp	551.3	25181979	chr2:25181452-25183339	0.49	0.55	0.78	0.56	0.79	0.66	0.47	0.63	0.42	0.61	0.78	0.75
ENSMUST00000081869.6|ENSMUSG00000059555|Tor4a	254.0	25194460	chr2:25192965-25194611	1.00	0.84	0.90	1.00	1.00	0.98	1.00	1.00	1.00	1.00	1.00	0.84
ENSMUST00000059849.14|ENSMUSG00000013465|Nelfb	1898.4	25200019	chr2:25199711-25200322	0.56	0.42	0.41	0.40	1.00	0.53	0.51	0.45	0.55	0.44	0.69	0.70
ENSMUST00000228627.2|ENSMUSG00000115018|Ndor1	50.0	25245189	chr2:25244818-25245777	0.39	0.57	0.49	0.39	0.70	NA	1.00	0.96	0.59	0.75	NA	NA
ENSMUST00000148589.8|ENSMUSG00000006471|Ndor1	323.6	25254259	chr2:25247427-25254916	0.62	1.00	1.00	1.00	1.00	1.00	0.47	0.57	1.00	1.00	NA	1.00
ENSMUST00000228052.1|ENSMUSG00000115074|Ndor1	51.5	25245190	chr2:25244862-25245777	0.42	0.59	0.54	0.44	0.73	NA	1.00	1.00	0.62	0.80	NA	NA
ENSMUST00000104998.4|ENSMUSG00000078201|Tmem203	266.2	25256228	chr2:25256077-25256292	0.40	0.40	0.61	0.32	0.66	0.34	0.57	0.34	0.36	0.41	0.27	0.41
ENSMUST00000114336.3|ENSMUSG00000048707|Tprn	64.4	25269573	chr2:25269415-25269885	0.49	0.66	0.31	0.57	1.00	0.54	NA	0.36	0.50	0.43	0.57	0.57
ENSMUST00000028342.6|ENSMUSG00000026966|Ssna1	6558.3	25271276	chr2:25271038-25271476	0.39	0.38	0.36	0.33	0.52	0.43	0.37	0.37	0.39	0.39	0.49	0.43
ENSMUST00000028341.10|ENSMUSG00000026965|Anapc2	424.1	25285611	chr2:25285460-25285915	0.08	0.26	0.18	0.12	0.19	0.24	0.22	0.18	0.17	0.18	0.19	0.35
ENSMUST00000042390.4|ENSMUSG00000036646|Man1b1	102.2	25351068	chr2:25350562-25352212	0.50	0.54	0.59	0.62	0.75	0.59	0.60	0.58	0.58	0.60	0.41	0.56
ENSMUST00000102925.3|ENSMUSG00000026956|Uap1l1	458.7	25361498	chr2:25359888-25361649	0.00	0.05	0.07	0.08	0.02	0.02	0.11	0.04	0.04	0.08	0.05	0.02
ENSMUST00000028328.2|ENSMUSG00000015085|Entpd2	196.5	25401121	chr2:25400970-25401321	0.74	0.24	0.37	0.30	0.17	0.34	0.33	0.37	0.27	0.21	0.48	0.54
ENSMUST00000071442.11|ENSMUSG00000015094|Npdc1	14019.5	25409339	chr2:25409188-25409494	0.27	0.32	0.25	0.26	0.55	0.30	0.23	0.18	0.31	0.18	0.42	0.34
ENSMUST00000102919.3|ENSMUSG00000026944|Abca2	143.5	25448264	chr2:25447873-25448540	0.50	0.59	0.53	0.35	1.00	NA	0.44	0.43	0.54	0.43	0.87	0.66
ENSMUST00000114259.2|ENSMUSG00000015090|Ptgds	541111.5	25467177	chr2:25466708-25467328	0.01	0.00	0.07	0.05	0.18	0.00	0.17	0.14	0.02	0.06	0.01	0.03
ENSMUST00000015239.9|ENSMUSG00000015095|Fbxw5	1348.4	25505253	chr2:25504962-25505471	0.51	0.49	0.42	0.26	0.81	0.49	0.42	0.41	0.38	0.42	0.54	0.58
ENSMUST00000028311.12|ENSMUSG00000026942|Traf2	401.3	25519070	chr2:25517981-25519412	0.10	0.09	0.29	0.21	0.20	0.16	0.10	0.25	0.18	0.19	0.33	0.32
ENSMUST00000114217.2|ENSMUSG00000029419|Ajm1	162.0	25576795	chr2:25575415-25576975	NA	0.89	0.96	1.00	NA	NA	1.00	1.00	0.53	NA	1.00	0.83
ENSMUST00000058137.8|ENSMUSG00000015087|Rabl6	1079.1	25583265	chr2:25583017-25583793	0.58	0.48	0.37	0.50	1.00	0.72	0.65	0.49	0.44	0.50	0.88	0.68
ENSMUST00000028308.10|ENSMUSG00000026939|Tmem141	1220.0	25620290	chr2:25620066-25620519	0.42	0.33	0.19	0.27	0.59	0.44	0.25	0.33	0.38	0.29	0.42	0.45
ENSMUST00000061483.8|ENSMUSG00000049086|Bmyc	16919.8	25707586	chr2:25707435-25707721	0.16	0.15	0.13	0.08	0.43	0.16	0.12	0.12	0.10	0.11	0.22	0.23
ENSMUST00000143977.7|ENSMUSG00000026933|Camsap1	286.0	25937945	chr2:25928530-25945264	0.54	0.31	0.41	0.30	0.30	0.25	0.55	0.25	0.28	0.27	0.43	0.31
ENSMUST00000036509.13|ENSMUSG00000036352|Ubac1	1546.6	25998763	chr2:25998542-25998954	0.41	0.39	0.33	0.41	0.62	0.42	0.40	0.26	0.34	0.29	0.45	0.48
ENSMUST00000114159.8|ENSMUSG00000026932|Nacc2	1870.6	26059365	chr2:26055534-26059964	0.16	0.15	0.15	0.17	0.19	0.13	0.10	0.15	0.15	0.15	0.14	0.18
ENSMUST00000091263.11|ENSMUSG00000036327|Qsox2	188.2	26209327	chr2:26208636-26210914	0.20	0.10	0.08	0.10	0.91	0.13	0.26	0.12	0.18	0.14	NA	0.62
ENSMUST00000066936.8|ENSMUSG00000026930|Gpsm1	253.5	26347874	chr2:26347010-26348237	0.85	0.72	0.40	0.70	1.00	0.88	0.85	0.66	0.69	0.59	0.72	0.72
ENSMUST00000028295.8|ENSMUSG00000075467|Dnlz	603.8	26350256	chr2:26348120-26350407	0.72	0.53	0.63	0.59	0.29	0.56	0.41	0.59	0.72	0.71	0.29	0.41
ENSMUST00000114100.9|ENSMUSG00000026927|Entr1	980.1	26383091	chr2:26382801-26383600	0.67	0.57	0.52	0.55	1.00	0.60	0.55	0.45	0.57	0.61	0.77	0.75
ENSMUST00000076431.12|ENSMUSG00000026926|Pmpca	533.0	26395863	chr2:26395585-26397122	0.73	0.65	0.78	0.72	0.76	0.64	0.96	0.81	0.73	0.70	0.72	0.83
ENSMUST00000145701.7|ENSMUSG00000026925|Inpp5e	2901.5	26397690	chr2:26396248-26397841	1.00	1.00	1.00	1.00	1.00	1.00	1.00	1.00	1.00	1.00	1.00	1.00
ENSMUST00000156442.7|ENSMUSG00000026924|Sec16a	198.6	26410736	chr2:26409430-26410887	1.00	1.00	1.00	1.00	1.00	1.00	1.00	1.00	1.00	1.00	1.00	1.00
ENSMUST00000028288.4|ENSMUSG00000026923|Notch1	135.2	26459291	chr2:26457902-26459533	0.85	0.74	0.66	0.74	0.59	0.65	0.98	1.00	0.45	0.98	0.71	0.57
ENSMUST00000139801.8|ENSMUSG00000026921|Egfl7	393317.9	26592596	chr2:26591720-26593120	0.08	0.05	0.05	0.06	0.18	0.09	0.07	0.06	0.07	0.04	0.11	0.11
ENSMUST00000028286.11|ENSMUSG00000026922|Agpat2	556.9	26593328	chr2:26593056-26593589	0.38	0.49	0.42	0.33	1.00	0.50	0.30	0.30	0.35	0.37	0.55	0.49
ENSMUST00000047632.13|ENSMUSG00000036160|Surf6	166.1	26891036	chr2:26890434-26892248	0.23	0.31	0.29	0.24	0.44	0.28	0.39	0.31	0.34	0.15	0.46	0.31
ENSMUST00000102899.9|ENSMUSG00000015776|Med22	1050.1	26907807	chr2:26905261-26908085	1.00	1.00	1.00	0.84	0.99	1.00	1.00	0.90	0.90	0.86	1.00	1.00
ENSMUST00000167661.6|ENSMUSG00000015790|Surf1	45258.8	26915431	chr2:26913382-26915719	0.60	0.50	0.56	0.56	0.40	0.51	0.59	0.57	0.53	0.60	0.45	0.46
ENSMUST00000015017.7|ENSMUSG00000014873|Surf2	647.0	26919961	chr2:26919810-26920183	0.36	0.44	0.49	0.43	1.00	0.52	0.52	0.40	0.51	0.41	0.37	0.42
ENSMUST00000153641.7|ENSMUSG00000014867|Surf4	155257.8	26924344	chr2:26921961-26924985	0.00	0.01	0.00	0.00	0.00	0.00	0.01	0.00	0.00	0.00	0.00	0.00
ENSMUST00000064244.10|ENSMUSG00000052406|Rexo4	228.9	26953918	chr2:26953562-26954479	0.65	0.74	0.59	0.53	0.92	0.70	0.47	0.57	0.60	0.63	0.71	0.85
ENSMUST00000114006.7|ENSMUSG00000015488|Cacfd1	1246.7	27019224	chr2:27018975-27021089	0.97	0.85	0.83	0.80	1.00	0.96	1.00	1.00	1.00	0.79	0.79	0.69
ENSMUST00000102890.10|ENSMUSG00000036067|Slc2a6	97.9	27021651	chr2:27021362-27021916	NA	0.36	0.41	0.69	1.00	0.30	0.27	0.25	0.41	0.45	0.52	0.33
ENSMUST00000091233.6|ENSMUSG00000036040|Adamtsl2	73.5	27108702	chr2:27108436-27108981	NA	0.34	0.13	0.24	0.67	0.59	0.43	0.24	0.37	0.51	0.83	0.60
ENSMUST00000151224.2|ENSMUSG00000009216|Fam163b	1453.4	27112010	chr2:27110379-27112482	0.65	0.39	0.29	0.43	0.75	0.33	0.50	0.58	0.28	0.32	0.45	0.41
ENSMUST00000102886.9|ENSMUSG00000009614|Sardh	52.5	27188766	chr2:27188392-27189521	0.84	1.00	0.69	0.88	1.00	0.80	0.82	0.73	0.63	0.60	0.80	0.85
ENSMUST00000185188.7|ENSMUSG00000009621|Vav2	410.7	27267148	chr2:27262103-27267299	NA	NA	0.55	0.58	NA	0.59	NA	0.57	0.63	0.62	NA	NA
ENSMUST00000209765.1|ENSMUSG00000109946|Brd3os	202.1	27443939	chr2:27443634-27444221	0.52	0.44	0.61	0.45	0.83	0.68	0.47	0.43	0.60	0.42	0.33	0.45
ENSMUST00000028282.14|ENSMUSG00000026918|Brd3	106.2	27448059	chr2:27445578-27448467	0.34	0.27	0.24	0.30	0.52	0.44	0.28	0.27	0.38	0.26	0.43	0.28
ENSMUST00000113952.9|ENSMUSG00000026917|Wdr5	190.7	27535038	chr2:27534854-27536535	0.93	0.62	1.00	1.00	0.90	0.72	0.98	1.00	0.90	0.95	0.74	0.86
ENSMUST00000077257.11|ENSMUSG00000015846|Rxra	685.4	27759960	chr2:27759685-27762957	0.78	1.00	1.00	0.87	1.00	1.00	1.00	1.00	0.82	1.00	1.00	0.84
ENSMUST00000028280.13|ENSMUSG00000026837|Col5a1	3091.6	28037320	chr2:28037013-28039514	0.24	0.39	0.30	0.33	0.40	0.24	0.25	0.29	0.37	0.37	NA	NA
ENSMUST00000100244.9|ENSMUSG00000026833|Olfm1	2895.9	28230346	chr2:28229725-28230736	0.48	0.61	0.44	0.47	1.00	0.67	0.59	0.50	0.45	0.46	0.60	0.59
ENSMUST00000086370.10|ENSMUSG00000026831|1700007K13Rik	39.1	28462097	chr2:28462000-28462248	NA	0.03	0.14	0.09	0.46	0.24	NA	NA	NA	NA	0.50	0.26
ENSMUST00000038600.3|ENSMUSG00000035772|Mrps2	174.3	28470407	chr2:28470005-28471178	0.57	0.63	0.57	0.71	1.00	0.60	0.60	0.58	0.64	0.80	0.76	0.87
ENSMUST00000137215.2|ENSMUSG00000026821|Ralgds	256.3	28544386	chr2:28544015-28545076	0.00	0.00	0.00	0.00	0.00	0.00	0.00	0.00	0.00	0.00	0.00	0.00
ENSMUST00000133565.7|ENSMUSG00000026812|Tsc1	70.6	28676558	chr2:28675695-28688548	NA	NA	0.09	0.11	NA	NA	NA	0.14	0.12	0.11	0.14	0.15
ENSMUST00000171404.7|ENSMUSG00000035666|Gtf3c4	52.2	28826235	chr2:28822298-28826735	0.72	0.61	1.00	0.71	1.00	0.60	NA	0.70	0.89	0.60	NA	0.94
ENSMUST00000113853.2|ENSMUSG00000026806|Ddx31	46.2	28905055	chr2:28904754-28905571	0.41	0.35	0.26	0.19	0.57	0.40	0.12	0.63	0.31	0.39	0.42	NA
ENSMUST00000100237.3|ENSMUSG00000026803|Ttf1	25.0	29086838	chr2:29086122-29087656	0.39	0.26	0.18	0.38	NA	0.56	0.65	0.50	NA	0.25	NA	NA
ENSMUST00000102872.10|ENSMUSG00000039844|Rapgef1	1763.6	29740246	chr2:29738067-29740978	0.30	0.20	0.13	0.10	NA	0.47	0.30	0.17	0.09	0.05	0.27	0.20
ENSMUST00000156846.7|ENSMUSG00000039826|Trub2	447.3	29782003	chr2:29774683-29782154	1.00	1.00	1.00	1.00	0.82	1.00	1.00	1.00	1.00	1.00	1.00	1.00
ENSMUST00000143616.7|ENSMUSG00000026798|Coq4	5883.1	29796929	chr2:29795424-29797935	0.25	0.44	0.31	0.25	0.42	0.29	0.14	0.38	0.23	0.29	0.38	0.37
ENSMUST00000080065.2|ENSMUSG00000059316|Slc27a4	162.9	29816263	chr2:29815730-29817522	0.13	0.16	0.18	0.13	0.14	0.15	0.11	0.12	0.16	0.14	0.17	0.17
ENSMUST00000091142.3|ENSMUSG00000069020|Urm1	335.5	29843687	chr2:29843168-29845002	0.08	0.14	0.16	0.15	0.22	0.10	0.11	0.13	0.08	0.14	0.17	0.14
ENSMUST00000047521.6|ENSMUSG00000039787|Cercam	550.0	29882376	chr2:29881945-29882840	NA	0.41	0.48	0.64	1.00	0.59	0.60	0.41	0.52	0.49	NA	NA
ENSMUST00000184845.7|ENSMUSG00000026790|Odf2	258.4	29926829	chr2:29926083-29931095	0.00	NA	0.02	0.01	0.01	NA	0.00	0.00	0.00	0.00	NA	NA
ENSMUST00000019859.8|ENSMUSG00000019715|Gle1	567.1	29959176	chr2:29958512-29960371	0.06	0.06	0.07	0.07	0.10	0.05	0.06	0.05	0.05	0.09	0.10	0.10
ENSMUST00000113717.7|ENSMUSG00000057738|Sptan1	3353.6	30031251	chr2:30031093-30031451	0.50	0.49	0.34	0.39	0.67	0.42	0.39	0.34	0.31	0.37	0.45	0.40
ENSMUST00000102866.9|ENSMUSG00000054766|Set	6068.2	30071265	chr2:30070939-30072577	0.36	0.34	0.26	0.28	0.35	0.29	0.36	0.38	0.32	0.34	0.29	0.43
ENSMUST00000045246.7|ENSMUSG00000026785|Pkn3	208.3	30090883	chr2:30090732-30091019	0.34	0.48	NA	0.17	0.36	0.59	0.13	0.39	NA	NA	0.45	NA
ENSMUST00000102865.10|ENSMUSG00000015335|Zdhhc12	209.1	30091096	chr2:30090943-30091247	0.26	0.21	0.14	0.20	0.46	0.17	0.22	0.11	0.24	0.14	0.19	NA
ENSMUST00000044751.13|ENSMUSG00000039686|Zer1	4744.4	30098637	chr2:30097282-30098788	NA	1.00	1.00	1.00	NA	1.00	1.00	1.00	1.00	1.00	1.00	1.00
ENSMUST00000100220.4|ENSMUSG00000039660|Spout1	1735.1	30173690	chr2:30173470-30174095	0.41	0.33	0.32	0.32	0.52	0.42	0.23	0.30	0.28	0.33	0.50	0.51
ENSMUST00000044038.9|ENSMUSG00000039648|Kyat1	54.1	30185355	chr2:30185123-30185506	0.40	0.48	0.36	0.41	1.00	0.53	0.24	0.31	0.30	0.26	0.38	0.45
ENSMUST00000100215.10|ENSMUSG00000026860|Sh3glb2	3371.8	30345073	chr2:30344808-30345322	0.51	0.44	0.31	0.37	0.83	0.55	0.43	0.41	0.38	0.37	0.55	0.51
ENSMUST00000077977.13|ENSMUSG00000026858|Miga2	400.8	30385115	chr2:30384132-30385521	0.71	0.87	0.70	0.73	1.00	0.90	1.00	0.72	0.78	0.77	1.00	0.99
ENSMUST00000065134.3|ENSMUSG00000089762|Ier5l	207.1	30472642	chr2:30471536-30472793	0.12	0.13	0.33	0.26	0.24	0.10	0.23	0.19	0.21	0.27	0.08	0.18
ENSMUST00000102853.3|ENSMUSG00000047363|Cstad	15.0	30608658	chr2:30608466-30608943	NA	NA	0.26	0.32	0.29	0.62	0.32	0.32	NA	NA	0.29	1.00
ENSMUST00000050003.8|ENSMUSG00000044320|1700001O22Rik	30.1	30795546	chr2:30795300-30795697	NA	0.11	NA	NA	0.38	NA	NA	NA	NA	NA	0.16	0.30
ENSMUST00000138889.7|ENSMUSG00000026857|Ntmt1	9986.9	30820711	chr2:30820560-30823017	0.11	0.09	0.10	0.10	0.08	0.09	0.10	0.10	0.11	0.10	0.09	0.11
ENSMUST00000041659.6|ENSMUSG00000039476|Prrx2	12290.7	30881078	chr2:30880927-30881251	0.30	0.31	0.32	0.36	0.57	0.31	0.28	0.28	0.33	0.29	0.35	0.61
ENSMUST00000102852.5|ENSMUSG00000050737|Ptges	7025.5	30891941	chr2:30889470-30892579	0.36	0.34	0.59	0.57	0.44	0.34	0.37	0.57	0.65	0.60	0.33	0.39
ENSMUST00000156711.7|ENSMUSG00000026848|Tor1b	4545.4	30955990	chr2:30955839-30959012	0.83	0.69	0.64	0.68	0.68	0.82	0.82	0.78	0.73	0.74	0.98	0.61
ENSMUST00000028200.8|ENSMUSG00000026849|Tor1a	1051.3	30960798	chr2:30960626-30960949	0.34	0.30	0.36	0.36	0.56	0.38	0.47	0.33	0.32	0.29	0.64	0.58
ENSMUST00000028205.9|ENSMUSG00000026851|BC005624	3426.4	30973018	chr2:30972176-30973212	0.08	0.12	0.08	0.07	0.10	0.10	0.08	0.06	0.07	0.08	0.23	0.28
ENSMUST00000102849.10|ENSMUSG00000026854|Usp20	112.2	31022474	chr2:31021481-31023586	0.09	0.07	0.08	0.06	0.19	0.04	0.02	0.08	0.08	0.07	0.14	0.11
ENSMUST00000073879.11|ENSMUSG00000075415|Fnbp1	316.2	31029842	chr2:31026205-31033012	NA	1.00	1.00	1.00	0.38	0.63	NA	1.00	0.99	1.00	NA	NA
ENSMUST00000056433.6|ENSMUSG00000000194|Gpr107	318.9	31216326	chr2:31214337-31218775	0.09	0.07	0.14	0.14	0.14	0.13	0.22	0.15	0.13	0.15	0.22	0.38
ENSMUST00000150670.1|ENSMUSG00000062661|Ncs1	6292.5	31287403	chr2:31282351-31292319	0.00	0.00	0.00	0.00	0.02	0.00	0.00	0.00	0.00	0.00	0.01	0.00
ENSMUST00000102840.4|ENSMUSG00000076441|Ass1	36.8	31520565	chr2:31520414-31520672	0.00	0.06	0.17	0.08	0.43	0.00	0.25	0.07	NA	NA	NA	0.13
ENSMUST00000154050.2|ENSMUSG00000026843|Fubp3	238.4	31595321	chr2:31594872-31598548	0.15	0.15	0.18	0.18	0.09	0.11	NA	0.14	0.16	0.14	NA	0.12
ENSMUST00000028187.6|ENSMUSG00000026840|Lamc3	374.5	31945562	chr2:31945411-31946539	1.00	1.00	0.94	0.84	1.00	1.00	1.00	0.94	1.00	0.94	NA	NA
ENSMUST00000001920.12|ENSMUSG00000001864|Aif1l	94.2	31971668	chr2:31970987-31973442	0.45	0.37	0.58	0.52	0.40	0.37	0.62	0.47	0.52	1.00	0.43	0.48
ENSMUST00000138012.1|ENSMUSG00000001855|Nup214	14.4	32052300	chr2:32052149-32053975	0.03	0.23	0.15	0.12	0.07	0.05	0.01	0.16	0.07	NA	0.17	0.22
ENSMUST00000002625.14|ENSMUSG00000002550|Uck1	720.3	32255305	chr2:32255001-32256032	0.82	0.52	0.60	0.72	0.84	0.78	0.65	0.55	0.69	0.70	0.86	0.81
ENSMUST00000113397.8|ENSMUSG00000044627|Swi5	55675.9	32280637	chr2:32278815-32280788	0.01	0.00	0.00	0.00	0.01	0.00	0.00	0.00	0.00	0.00	0.00	0.00
ENSMUST00000239447.1|ENSMUSG00000002546|Golga2	148.7	32307607	chr2:32306617-32307921	0.61	1.00	0.80	0.64	1.00	0.81	0.78	0.85	0.86	0.80	0.95	0.62
ENSMUST00000131152.6|ENSMUSG00000039205|Ciz1	8.3	32367532	chr2:32367303-32370323	0.01	0.00	0.00	0.00	0.09	0.00	0.00	0.00	0.00	0.00	0.00	0.00
ENSMUST00000146423.1|ENSMUSG00000039195|1110008P14Rik	11731.9	32379231	chr2:32377096-32379466	0.10	0.08	0.12	0.11	0.07	0.04	0.05	0.10	0.08	0.10	0.08	0.10
ENSMUST00000050785.13|ENSMUSG00000026822|Lcn2	1942782.8	32384716	chr2:32384632-32384867	0.19	0.18	0.19	0.20	0.27	0.21	0.16	0.16	0.17	0.17	0.25	0.18
ENSMUST00000028162.4|ENSMUSG00000026820|Ptges2	481.7	32402571	chr2:32402325-32405772	0.01	0.02	0.02	0.02	0.02	0.03	0.01	0.03	0.01	0.01	0.03	0.05
ENSMUST00000052119.13|ENSMUSG00000026819|Slc25a25	440.1	32415155	chr2:32414486-32416140	0.76	0.85	0.78	0.59	1.00	0.80	1.00	1.00	0.62	0.76	0.81	0.93
ENSMUST00000048431.2|ENSMUSG00000039164|Naif1	41.8	32456052	chr2:32455266-32456953	NA	0.74	0.71	0.49	NA	0.39	0.85	0.77	0.94	0.67	1.00	0.62
ENSMUST00000048375.5|ENSMUSG00000039157|Fam102a	900.2	32567588	chr2:32567437-32569756	1.00	1.00	0.98	1.00	NA	1.00	1.00	1.00	0.99	0.98	1.00	1.00
ENSMUST00000102818.10|ENSMUSG00000079442|St6galnac4	505.8	32597515	chr2:32597200-32599698	0.13	0.18	0.24	0.28	0.22	0.21	0.16	0.24	0.30	0.29	0.24	0.24
ENSMUST00000183538.7|ENSMUSG00000026811|St6galnac6	207781.8	32618667	chr2:32618516-32620806	1.00	1.00	1.00	1.00	1.00	1.00	1.00	0.94	1.00	0.91	1.00	1.00
ENSMUST00000113278.8|ENSMUSG00000026817|Ak1	4772.7	32634136	chr2:32633706-32635058	0.75	0.86	0.89	0.85	0.84	0.82	0.88	0.84	0.84	0.78	0.84	0.79
ENSMUST00000167841.7|ENSMUSG00000026814|Eng	2669.5	32681927	chr2:32681558-32682669	0.15	0.12	0.13	0.13	0.25	0.14	0.16	0.13	0.11	0.14	0.17	0.17
ENSMUST00000146498.7|ENSMUSG00000009566|Fpgs	1020.7	32687144	chr2:32686848-32687462	0.11	0.00	0.00	0.02	0.00	0.05	0.00	0.00	0.00	0.04	NA	NA
ENSMUST00000123170.7|ENSMUSG00000009555|Cdk9	20085.8	32709466	chr2:32707848-32710551	0.05	0.00	0.01	0.01	0.04	0.00	0.00	0.01	0.00	0.01	0.00	0.00
ENSMUST00000113242.4|ENSMUSG00000059013|Sh2d3c	1702.7	32754809	chr2:32754568-32755512	0.11	0.10	0.08	0.12	0.26	0.19	0.09	0.08	0.08	0.08	0.18	0.15
ENSMUST00000156617.7|ENSMUSG00000009563|Tor2a	10873.0	32758975	chr2:32758824-32761730	0.27	0.25	0.27	0.23	0.19	0.19	0.28	0.25	0.22	0.22	0.23	0.14
ENSMUST00000066352.5|ENSMUSG00000053746|Ptrh1	73.9	32777452	chr2:32777301-32777597	0.34	0.42	NA	NA	0.88	0.48	0.20	0.28	0.28	0.18	0.29	0.50
ENSMUST00000028135.14|ENSMUSG00000026796|Fam129b	1620.1	32924174	chr2:32924023-32925254	0.99	0.96	0.98	0.95	1.00	1.00	1.00	0.87	0.90	0.90	1.00	1.00
ENSMUST00000102811.9|ENSMUSG00000038900|Rpl12	8018.2	32962744	chr2:32962593-32964043	1.00	0.31	0.33	0.26	0.66	0.31	0.31	0.32	0.28	0.18	0.16	0.24
ENSMUST00000194066.5|ENSMUSG00000026791|Slc2a8	4283.3	32974837	chr2:32973584-32976903	0.00	0.00	0.01	0.00	0.02	0.04	0.00	0.00	0.00	0.00	0.00	0.00
ENSMUST00000131298.6|ENSMUSG00000038831|Ralgps1	52.4	33137321	chr2:33133416-33137682	0.40	0.58	0.95	0.91	NA	NA	NA	1.00	NA	NA	1.00	1.00
ENSMUST00000004208.6|ENSMUSG00000004105|Angptl2	400.8	33247317	chr2:33246283-33247717	0.81	0.81	0.77	0.69	1.00	1.00	1.00	0.76	0.88	0.73	NA	NA
ENSMUST00000095035.2|ENSMUSG00000026788|Zbtb43	32.6	33452303	chr2:33450286-33453699	1.00	0.41	0.28	0.56	1.00	0.69	NA	0.31	NA	0.75	0.58	0.55
ENSMUST00000041555.9|ENSMUSG00000038740|Mvb12b	35.4	33733296	chr2:33729952-33733447	NA	0.05	0.10	0.14	0.06	0.04	0.06	0.13	0.09	NA	0.07	0.05
ENSMUST00000153278.7|ENSMUSG00000038718|Pbx3	8.8	34213251	chr2:34172880-34213437	0.01	0.01	0.01	0.01	0.01	0.00	0.01	0.01	0.01	0.01	NA	0.00
ENSMUST00000138203.1|ENSMUSG00000026867|Gapvd1	28.1	34681521	chr2:34677893-34681672	0.11	0.01	0.06	0.01	0.00	NA	0.00	0.01	0.00	0.01	NA	0.00
ENSMUST00000028222.12|ENSMUSG00000026864|Hspa5	113001.5	34776310	chr2:34776110-34777547	0.03	0.03	0.03	0.03	0.06	0.04	0.03	0.03	0.03	0.03	0.05	0.05
ENSMUST00000047963.6|ENSMUSG00000070953|Rabepk	900.5	34784545	chr2:34779427-34790511	0.11	0.00	NA	NA	NA	0.00	0.00	0.00	NA	NA	0.00	0.00
ENSMUST00000028225.11|ENSMUSG00000026869|Psmd5	612.5	34852314	chr2:34849733-34852578	0.05	0.06	0.09	0.09	0.08	0.08	0.02	0.10	0.10	0.07	0.14	0.18
ENSMUST00000028228.5|ENSMUSG00000026870|Cutal	25.3	34890579	chr2:34890294-34892132	0.66	0.73	0.44	0.46	0.37	NA	0.24	1.00	NA	NA	0.60	1.00
ENSMUST00000172159.7|ENSMUSG00000026875|Traf1	52.5	34943528	chr2:34941749-34943875	0.05	0.05	0.03	0.04	0.15	0.06	0.01	0.05	NA	NA	NA	NA
ENSMUST00000028238.14|ENSMUSG00000026878|Rab14	2760.5	35181750	chr2:35180204-35182272	0.66	0.70	0.81	0.69	0.71	0.80	0.90	0.76	0.76	0.72	0.83	0.77
ENSMUST00000028239.7|ENSMUSG00000026879|Gsn	29626.5	35307814	chr2:35307663-35307892	0.22	0.17	0.21	0.21	0.36	0.27	0.21	0.18	0.16	0.19	0.29	0.41
ENSMUST00000028241.6|ENSMUSG00000026880|Stom	1085.4	35315072	chr2:35313985-35315863	0.77	0.85	0.76	0.87	0.74	0.95	0.77	0.82	0.90	0.67	0.87	0.79
ENSMUST00000079424.10|ENSMUSG00000035778|Ggta1	191.7	35401946	chr2:35400178-35402111	0.79	1.00	1.00	1.00	1.00	0.70	1.00	1.00	1.00	1.00	NA	0.81
ENSMUST00000145698.7|ENSMUSG00000026883|Dab2ip	1336.9	35661770	chr2:35661619-35730992	0.26	0.20	NA	0.12	0.18	0.21	0.20	0.18	NA	NA	0.19	0.19
ENSMUST00000161970.7|ENSMUSG00000026885|Ttll11	23.4	35902569	chr2:35751661-35903125	NA	0.01	0.01	0.01	NA	0.01	0.01	0.01	NA	0.01	0.01	0.00
ENSMUST00000112961.9|ENSMUSG00000026890|Lhx6	71.1	36083785	chr2:36081952-36084057	1.00	1.00	0.90	0.74	1.00	0.70	1.00	1.00	1.00	0.72	1.00	1.00
ENSMUST00000200733.3|ENSMUSG00000026889|Rbm18	981.2	36127052	chr2:36117592-36127203	0.08	0.06	0.07	0.07	0.05	0.05	0.11	0.08	0.07	0.07	0.05	0.06
ENSMUST00000028250.8|ENSMUSG00000026887|Mrrf	529.9	36189386	chr2:36189149-36190647	0.10	0.11	0.07	0.05	0.10	0.08	0.08	0.09	0.06	0.10	0.17	0.12
ENSMUST00000062069.5|ENSMUSG00000047250|Ptgs1	417.6	36251619	chr2:36251348-36252272	0.31	0.37	0.19	0.29	0.66	0.46	0.14	0.32	0.20	0.29	0.32	0.33
ENSMUST00000125619.6|ENSMUSG00000075376|Rc3h2	30.4	37389548	chr2:37373137-37389699	NA	0.20	0.10	0.15	NA	NA	NA	0.17	0.11	0.11	0.25	0.13
ENSMUST00000053098.5|ENSMUSG00000066798|Zbtb6	12.5	37428494	chr2:37425499-37428645	NA	NA	0.71	NA	NA	NA	NA	NA	0.46	0.71	NA	0.44
ENSMUST00000183690.7|ENSMUSG00000026915|Strbp	170.4	37563435	chr2:37483227-37580804	NA	0.20	NA	NA	NA	0.21	NA	0.25	NA	NA	0.07	0.08
ENSMUST00000140552.7|ENSMUSG00000035392|Dennd1a	8.2	38126488	chr2:37816915-38126639	0.01	0.01	0.01	0.01	0.01	0.01	0.04	0.01	0.01	0.01	0.01	0.01
ENSMUST00000054234.9|ENSMUSG00000026749|Nek6	12004.1	38586340	chr2:38585387-38594606	0.08	0.07	0.06	0.06	0.10	0.06	0.09	0.07	0.07	0.06	0.15	0.13
ENSMUST00000057279.5|ENSMUSG00000046618|Olfml2a	78.8	38961310	chr2:38960316-38963753	NA	NA	0.82	0.77	0.72	NA	1.00	0.84	0.77	0.68	NA	0.77
ENSMUST00000090993.7|ENSMUSG00000026755|Arpc5l	41861.5	39013899	chr2:39013182-39015393	0.00	0.00	0.00	0.01	0.00	0.00	0.00	0.01	NA	NA	0.00	0.00
ENSMUST00000153914.7|ENSMUSG00000026754|Golga1	41.3	39041193	chr2:39016502-39041344	0.05	0.06	0.06	0.06	0.03	0.07	0.10	0.06	0.04	0.06	NA	0.08
ENSMUST00000204257.2|ENSMUSG00000026753|Ppp6c	8870.1	39199662	chr2:39196733-39200049	0.15	0.16	0.15	0.17	0.15	0.15	0.17	0.15	0.18	0.17	NA	NA
ENSMUST00000176438.8|ENSMUSG00000026872|Zeb2	78.0	44987263	chr2:44983631-44988575	0.04	0.09	0.12	0.14	0.08	0.11	0.16	0.11	0.12	0.08	0.14	0.10
ENSMUST00000063886.3|ENSMUSG00000052155|Acvr2a	27.9	48900161	chr2:48899785-48903269	0.40	0.57	0.58	0.55	NA	0.30	0.41	0.57	0.61	0.80	0.91	0.66
ENSMUST00000028098.10|ENSMUSG00000026761|Orc4	70.7	48905262	chr2:48902823-48905413	0.18	0.35	0.30	0.44	0.16	0.29	0.20	0.28	0.34	0.60	0.22	0.28
ENSMUST00000092123.10|ENSMUSG00000069495|Epc2	31.8	49551040	chr2:49549995-49551948	0.72	NA	0.25	0.28	0.81	NA	0.35	0.45	NA	0.15	NA	0.10
ENSMUST00000028102.13|ENSMUSG00000026764|Kif5c	9164.5	49759064	chr2:49758913-49774778	NA	0.58	0.61	0.62	NA	NA	NA	0.54	NA	NA	0.58	0.62
ENSMUST00000028103.12|ENSMUSG00000026765|Lypd6b	27.6	49948106	chr2:49947590-49948849	NA	NA	0.63	0.82	NA	NA	0.55	0.76	0.55	0.46	1.00	1.00
ENSMUST00000112712.9|ENSMUSG00000050447|Lypd6	88.6	50192559	chr2:50190814-50193569	0.77	0.56	0.66	0.59	0.60	0.61	NA	0.88	0.71	0.69	0.82	0.68
ENSMUST00000102769.10|ENSMUSG00000026766|Mmadhc	2664.4	50280059	chr2:50279880-50280210	0.35	0.29	0.22	0.25	0.57	0.38	0.30	0.31	0.33	0.25	0.45	0.39
ENSMUST00000102767.7|ENSMUSG00000036249|Rbm43	175.0	51924736	chr2:51924447-51925178	0.39	0.33	0.49	0.48	0.70	0.67	0.42	0.40	0.70	0.42	0.75	0.65
ENSMUST00000065927.5|ENSMUSG00000053475|Tnfaip6	268.1	52056286	chr2:52055968-52056686	0.66	0.61	0.62	0.54	0.77	0.71	0.42	0.58	0.42	0.52	NA	0.65
ENSMUST00000036541.7|ENSMUSG00000036093|Arl5a	392.3	52401766	chr2:52397950-52402386	0.68	0.74	0.89	0.81	0.83	0.72	0.96	0.84	0.81	0.86	0.71	0.84
ENSMUST00000178799.7|ENSMUSG00000017412|Cacnb4	171.3	52434197	chr2:52428319-52434491	0.24	0.24	0.20	0.25	0.19	0.22	0.18	0.18	NA	NA	0.20	0.25
ENSMUST00000028336.6|ENSMUSG00000026960|Arl6ip6	99.2	53218240	chr2:53217385-53219220	0.16	0.20	0.24	0.23	0.23	0.22	0.15	0.18	0.14	0.15	0.14	NA
ENSMUST00000100089.2|ENSMUSG00000075334|Rprm	214.6	54084468	chr2:54084092-54084977	0.37	0.37	0.21	0.21	0.27	0.37	0.27	0.45	0.46	NA	0.37	0.38
ENSMUST00000183542.7|ENSMUSG00000026826|Nr4a2	378.5	57107860	chr2:57106829-57108614	1.00	0.75	0.57	0.51	1.00	0.97	0.79	0.43	0.59	0.60	0.64	0.58
ENSMUST00000169687.7|ENSMUSG00000026827|Gpd2	199.4	57368437	chr2:57367474-57370719	0.25	0.36	0.39	0.36	0.70	0.37	0.55	0.40	0.27	0.26	0.38	0.36
ENSMUST00000090940.5|ENSMUSG00000026830|Ermn	31.2	58047034	chr2:58045112-58047756	0.11	0.44	0.44	0.41	0.51	0.53	NA	0.45	NA	NA	0.51	0.52
ENSMUST00000028175.6|ENSMUSG00000026832|Cytip	21.9	58132912	chr2:58129136-58133729	0.08	NA	0.05	0.03	0.06	0.04	0.00	0.01	0.02	0.04	NA	NA
ENSMUST00000112599.7|ENSMUSG00000026836|Acvr1	151.0	58446748	chr2:58446433-58447541	0.74	0.75	0.43	0.50	1.00	1.00	0.61	0.43	0.54	0.37	0.54	0.55
ENSMUST00000226455.1|ENSMUSG00000036641|Ccdc148	26.1	58821860	chr2:58821069-58823556	NA	NA	0.14	NA	NA	0.31	0.16	NA	NA	NA	0.17	0.16
ENSMUST00000037526.10|ENSMUSG00000035168|Tanc1	91.6	59845487	chr2:59844120-59846149	0.73	0.39	0.19	0.37	0.70	0.26	0.69	0.19	0.47	0.13	0.58	0.34
ENSMUST00000028368.13|ENSMUSG00000026988|Wdsub1	89.7	59852643	chr2:59852363-59852806	0.37	0.48	0.40	0.48	0.48	0.64	0.25	0.28	0.29	0.28	0.28	0.17
ENSMUST00000112550.7|ENSMUSG00000026987|Baz2b	224.0	59899756	chr2:59899362-59900651	1.00	NA	NA	NA	0.51	NA	1.00	0.62	NA	NA	NA	NA
ENSMUST00000102748.10|ENSMUSG00000026977|Marchf7	244.8	60248891	chr2:60247906-60249211	0.75	0.38	0.80	0.49	1.00	0.76	1.00	0.63	0.73	0.64	0.91	0.76
ENSMUST00000028356.8|ENSMUSG00000060703|Cd302	53626.4	60252143	chr2:60251992-60252294	0.20	0.21	0.21	0.21	0.47	0.28	0.17	0.17	0.23	0.20	0.37	0.37
ENSMUST00000112525.4|ENSMUSG00000054580|Pla2r1	14.3	60419390	chr2:60417542-60420015	0.29	0.05	0.08	0.15	0.21	NA	0.15	0.20	0.13	0.09	NA	NA
ENSMUST00000028347.12|ENSMUSG00000026970|Rbms1	6066.0	60752420	chr2:60750192-60753739	0.17	0.14	0.17	0.23	0.16	0.17	0.35	0.19	0.15	0.17	NA	NA
ENSMUST00000028278.13|ENSMUSG00000026914|Psmd14	4234.1	61800228	chr2:61800077-61800376	0.29	0.23	0.25	0.20	0.46	0.31	0.22	0.18	0.29	0.20	0.32	0.43
ENSMUST00000047812.7|ENSMUSG00000035000|Dpp4	7.3	62332018	chr2:62330072-62332620	NA	0.17	0.07	NA	NA	NA	NA	NA	0.08	NA	0.27	0.45
ENSMUST00000028259.11|ENSMUSG00000026896|Ifih1	27.2	62597636	chr2:62595797-62597911	0.31	NA	0.16	0.19	0.73	0.25	0.23	0.37	0.33	0.15	0.31	NA
ENSMUST00000028257.2|ENSMUSG00000026893|Gca	54.4	62692686	chr2:62691587-62694109	0.51	0.69	0.53	0.86	0.70	0.56	0.98	0.75	0.69	NA	0.67	0.80
ENSMUST00000150643.7|ENSMUSG00000026888|Grb14	75.8	64912690	chr2:64912475-64912852	0.50	0.64	0.19	0.31	0.79	0.54	0.49	0.33	NA	0.43	0.34	0.42
ENSMUST00000112429.8|ENSMUSG00000034903|Cobll1	102.7	65089261	chr2:65088338-65089473	1.00	1.00	1.00	1.00	0.62	NA	1.00	0.91	NA	NA	NA	0.98
ENSMUST00000127623.7|ENSMUSG00000061171|Slc38a11	28.6	65316621	chr2:65316429-65316772	0.85	0.68	0.60	0.62	1.00	NA	NA	0.69	NA	NA	0.92	0.97
ENSMUST00000102718.9|ENSMUSG00000034848|Ttc21b	9.8	66184515	chr2:66184326-66184768	NA	NA	0.18	0.11	0.55	0.32	0.26	0.07	NA	NA	NA	NA
ENSMUST00000042792.6|ENSMUSG00000034810|Scn7a	41.4	66674849	chr2:66673424-66675500	NA	NA	1.00	1.00	NA	NA	1.00	0.66	NA	NA	NA	NA
ENSMUST00000112346.2|ENSMUSG00000034780|B3galt1	26.8	68120231	chr2:68118920-68122689	0.29	0.27	0.30	0.45	NA	0.24	0.61	0.29	0.39	0.27	0.28	0.40
ENSMUST00000102715.3|ENSMUSG00000027030|Stk39	531.2	68211770	chr2:68210444-68211921	0.94	0.63	0.92	1.00	1.00	1.00	0.95	1.00	0.90	0.89	1.00	1.00
ENSMUST00000028426.8|ENSMUSG00000027035|Cers6	32.9	69109572	chr2:69108591-69114282	0.43	NA	0.88	0.74	0.37	0.81	NA	0.75	0.90	0.79	NA	NA
ENSMUST00000041865.7|ENSMUSG00000034738|Nostrin	244.0	69189281	chr2:69189130-69189330	0.19	0.01	0.00	0.11	0.21	0.00	0.15	0.00	NA	0.00	0.17	0.08
ENSMUST00000112320.7|ENSMUSG00000005233|Spc25	474.8	69194153	chr2:69193894-69194423	0.64	0.23	0.43	0.54	0.70	0.44	0.31	0.36	0.50	0.38	0.43	NA
ENSMUST00000134659.7|ENSMUSG00000063145|Bbs5	42.6	69655655	chr2:69655504-69667318	0.06	0.04	0.03	0.03	0.05	0.03	0.04	0.05	0.06	0.06	0.07	0.03
ENSMUST00000090858.9|ENSMUSG00000042133|Ppig	15.7	69750530	chr2:69750379-69754012	0.09	0.25	NA	0.37	0.06	0.73	0.10	0.52	NA	NA	0.71	0.74
ENSMUST00000028494.8|ENSMUSG00000027088|Phospho2	120.8	69796850	chr2:69796224-69797223	0.60	0.78	0.72	0.78	1.00	0.51	0.58	0.75	0.81	0.56	0.70	0.64
ENSMUST00000053087.3|ENSMUSG00000042155|Klhl23	186.9	69835870	chr2:69833982-69836651	0.11	0.15	0.19	0.11	0.33	0.09	0.28	0.16	0.17	0.05	0.21	0.31
ENSMUST00000132186.7|ENSMUSG00000068882|Ssb	20298.1	69870833	chr2:69868802-69871510	0.01	0.00	0.02	0.00	0.07	0.00	0.08	0.00	0.00	0.01	0.04	0.00
ENSMUST00000142127.7|ENSMUSG00000051730|Mettl5	71.0	69873764	chr2:69871213-69873915	0.18	NA	NA	NA	0.12	0.13	0.15	NA	NA	NA	0.08	NA
ENSMUST00000055758.15|ENSMUSG00000044308|Ubr3	28.8	70022145	chr2:70021657-70024013	0.31	0.71	0.28	0.35	0.08	0.77	0.52	0.35	0.33	0.29	0.71	0.77
ENSMUST00000100043.2|ENSMUSG00000075304|Sp5	31.2	70477516	chr2:70477166-70477729	0.29	0.33	NA	0.18	1.00	0.53	NA	NA	NA	NA	0.88	NA
ENSMUST00000038584.8|ENSMUSG00000041997|Tlk1	145.3	70713840	chr2:70712406-70713991	1.00	1.00	0.85	0.95	1.00	1.00	1.00	1.00	1.00	0.96	1.00	1.00
ENSMUST00000112167.8|ENSMUSG00000041966|Dcaf17	136.8	71075536	chr2:71075377-71090278	0.09	0.07	0.09	0.08	0.12	0.11	0.07	0.07	0.07	0.08	0.06	NA
ENSMUST00000028403.2|ENSMUSG00000027015|Cybrd1	20.7	71141037	chr2:71138654-71142926	NA	NA	NA	NA	NA	0.46	NA	0.43	0.38	0.67	NA	NA
ENSMUST00000112140.7|ENSMUSG00000027012|Dync1i2	317.5	71263036	chr2:71262758-71263303	0.21	0.44	0.37	0.35	0.67	0.60	0.72	0.33	0.56	0.39	0.80	0.61
ENSMUST00000184169.7|ENSMUSG00000027010|Slc25a12	701.1	71323912	chr2:71274689-71324063	0.04	0.05	0.05	0.04	0.04	0.04	0.04	0.05	0.05	0.04	0.05	0.04
ENSMUST00000112122.8|ENSMUSG00000027018|Hat1	324.0	71441483	chr2:71441332-71441622	0.03	0.03	0.00	0.05	0.08	0.05	0.04	0.04	0.04	0.03	0.01	0.07
ENSMUST00000037210.8|ENSMUSG00000041921|Metap1d	173.6	71525109	chr2:71524958-71525191	0.56	0.06	NA	0.02	0.20	0.21	0.21	0.26	0.23	0.23	0.48	0.26
ENSMUST00000037119.3|ENSMUSG00000041911|Dlx1	36.3	71533091	chr2:71532515-71533980	0.48	0.56	0.40	0.56	0.49	NA	0.60	0.54	0.50	NA	0.87	0.73
ENSMUST00000024159.7|ENSMUSG00000023391|Dlx2	37.6	71543896	chr2:71543407-71544522	0.76	NA	0.39	0.33	1.00	NA	0.51	0.54	1.00	0.47	0.87	0.97
ENSMUST00000028522.9|ENSMUSG00000027111|Itga6	1928.3	71853789	chr2:71853638-71856758	1.00	1.00	1.00	0.90	1.00	0.86	NA	NA	0.83	1.00	NA	NA
ENSMUST00000006669.5|ENSMUSG00000006494|Pdk1	89.5	71901749	chr2:71900121-71903858	0.37	0.39	0.34	0.30	0.22	0.25	0.43	0.23	0.24	0.27	0.63	0.61
ENSMUST00000090826.11|ENSMUSG00000049044|Rapgef4	52669.0	72256702	chr2:72256373-72257474	0.86	0.84	0.67	0.75	1.00	1.00	0.80	0.66	0.70	0.68	0.93	0.84
ENSMUST00000135469.7|ENSMUSG00000004085|Map3k20	67.9	72402922	chr2:72402363-72407502	0.79	1.00	0.81	0.81	1.00	0.55	1.00	0.84	0.65	0.82	NA	0.91
ENSMUST00000102691.10|ENSMUSG00000055612|Cdca7	97.3	72486521	chr2:72485747-72486893	0.65	0.66	0.78	0.50	1.00	0.76	0.50	0.69	0.58	0.75	0.83	0.98
ENSMUST00000102689.9|ENSMUSG00000027109|Sp3	522.5	72936974	chr2:72936426-72938068	0.51	0.59	0.43	0.45	0.83	0.54	0.48	0.49	0.40	0.58	0.85	0.83
ENSMUST00000028517.12|ENSMUSG00000027108|Ola1	340.4	73093341	chr2:73092800-73093625	0.17	0.30	0.14	0.30	0.14	0.14	0.22	0.25	0.13	0.13	0.25	0.23
ENSMUST00000090813.5|ENSMUSG00000068859|Sp9	14.7	73275135	chr2:73274555-73277471	NA	NA	0.10	0.09	NA	NA	0.07	0.06	NA	NA	0.35	0.14
ENSMUST00000058615.9|ENSMUSG00000041777|Cir1	13.2	73284042	chr2:73283104-73284362	0.04	NA	NA	0.00	0.28	NA	0.02	0.03	NA	0.03	0.03	NA
ENSMUST00000090811.10|ENSMUSG00000008226|Scrn3	40.1	73336200	chr2:73335878-73337818	0.76	1.00	1.00	1.00	0.69	1.00	NA	0.98	0.74	NA	0.95	1.00
ENSMUST00000076463.11|ENSMUSG00000041762|Gpr155	14.0	73342976	chr2:73341505-73343459	0.89	1.00	0.40	0.75	NA	NA	NA	0.81	NA	NA	NA	NA
ENSMUST00000094681.10|ENSMUSG00000075284|Wipf1	101.4	73430939	chr2:73429609-73432412	NA	0.78	0.81	0.59	1.00	1.00	NA	0.68	0.79	0.69	NA	0.77
ENSMUST00000124450.1|ENSMUSG00000056486|Chn1	5923.2	73706870	chr2:73613083-73707021	0.03	0.02	0.03	0.02	0.03	0.03	0.03	0.03	0.02	0.03	0.04	0.04
ENSMUST00000111993.8|ENSMUSG00000009207|Lnpk	42.3	74521524	chr2:74520290-74522291	0.59	0.38	0.56	0.34	0.37	0.48	0.66	0.38	0.36	0.58	NA	0.68
ENSMUST00000028511.7|ENSMUSG00000027099|Mtx2	267.7	74876622	chr2:74876471-74878431	0.02	0.02	0.02	0.01	0.02	0.02	0.04	0.01	0.02	0.01	0.02	0.02
ENSMUST00000111962.7|ENSMUSG00000059005|Hnrnpa3	1852.9	75665981	chr2:75665283-75669407	0.22	0.18	0.18	0.22	0.15	0.12	0.18	0.24	0.14	0.14	0.25	0.27
ENSMUST00000102672.4|ENSMUSG00000015839|Nfe2l2	2851.3	75675743	chr2:75675512-75675963	0.47	0.37	0.29	0.32	0.51	0.39	0.29	0.24	0.33	0.28	0.34	0.75
ENSMUST00000176973.1|ENSMUSG00000042410|Agps	36.4	75903090	chr2:75902939-75926148	0.05	0.05	0.05	0.07	0.05	0.05	NA	0.05	0.04	0.05	NA	0.06
ENSMUST00000099996.4|ENSMUSG00000075273|Ttc30b	61.5	75936159	chr2:75935848-75936415	0.45	0.27	0.33	0.36	0.51	0.47	0.35	0.40	0.67	0.31	0.93	0.82
ENSMUST00000099994.4|ENSMUSG00000075271|Ttc30a1	21.9	75979347	chr2:75978246-75979745	0.06	NA	NA	NA	NA	0.07	NA	0.10	NA	0.22	NA	NA
ENSMUST00000002808.6|ENSMUSG00000002731|Prkra	167.0	76630167	chr2:76629897-76630413	0.24	0.40	0.25	0.21	0.44	0.40	0.33	0.30	0.38	0.48	0.47	0.42
ENSMUST00000111920.1|ENSMUSG00000002733|Plekha3	1144.1	76696354	chr2:76695499-76696828	0.46	0.41	0.38	0.39	0.50	0.42	0.45	0.42	0.45	0.40	0.47	0.53
ENSMUST00000102660.7|ENSMUSG00000042272|Sestd1	52.4	77186692	chr2:77180339-77187133	0.07	0.07	0.10	0.08	0.08	0.10	0.02	0.07	0.07	0.08	0.12	0.14
ENSMUST00000111821.8|ENSMUSG00000027014|Cwc22	24.5	77895858	chr2:77895652-77896009	0.05	0.07	NA	0.13	0.29	NA	0.07	NA	NA	NA	0.05	0.17
ENSMUST00000028398.13|ENSMUSG00000027011|Ube2e3	5277.7	78920437	chr2:78920052-78921293	0.07	0.10	0.08	0.11	0.14	0.12	0.07	0.06	0.09	0.10	0.14	0.13
ENSMUST00000156731.7|ENSMUSG00000075256|Cerkl	15.8	79331369	chr2:79330542-79332577	NA	NA	NA	NA	0.67	0.14	NA	0.13	0.56	0.17	NA	NA
ENSMUST00000111785.8|ENSMUSG00000027007|Itprid2	2544.6	79670982	chr2:79670831-79672966	1.00	1.00	1.00	1.00	1.00	1.00	NA	1.00	NA	NA	1.00	1.00
ENSMUST00000102655.9|ENSMUSG00000059173|Pde1a	601.0	79838779	chr2:79834452-79838930	0.60	0.91	0.83	0.81	0.84	0.57	0.73	0.75	0.64	0.92	0.78	0.78
ENSMUST00000028392.7|ENSMUSG00000027006|Dnajc10	2270.3	80353323	chr2:80352867-80354043	0.45	0.35	0.41	0.39	0.57	0.45	0.40	0.44	0.44	0.43	0.54	0.61
ENSMUST00000028389.3|ENSMUSG00000027004|Frzb	637.4	80412486	chr2:80411969-80413364	0.62	0.70	0.49	0.46	0.78	0.64	0.53	0.41	0.62	0.44	0.68	0.43
ENSMUST00000028386.11|ENSMUSG00000027002|Nckap1	2620.5	80500795	chr2:80500511-80501297	0.49	0.62	0.56	0.60	0.68	0.51	0.77	0.48	0.52	0.63	0.73	0.68
ENSMUST00000028384.4|ENSMUSG00000027001|Dusp19	29.3	80631179	chr2:80631028-80631661	0.69	0.62	0.53	0.72	0.79	0.59	0.53	0.34	0.52	0.42	0.60	0.80
ENSMUST00000028382.12|ENSMUSG00000026999|Nup35	279.3	80658648	chr2:80658395-80658902	0.47	0.26	0.47	0.43	0.51	0.58	0.35	0.39	0.33	0.40	0.42	0.43
ENSMUST00000081591.6|ENSMUSG00000027091|Zc3h15	613.5	83664350	chr2:83664007-83664622	0.31	0.41	0.47	0.54	1.00	0.44	0.33	0.50	0.36	0.29	0.63	0.58
ENSMUST00000028499.10|ENSMUSG00000027087|Itgav	245.3	83803701	chr2:83803332-83806916	0.95	0.86	0.86	0.99	1.00	1.00	NA	1.00	0.92	1.00	NA	1.00
ENSMUST00000051454.3|ENSMUSG00000048388|Fam171b	756.3	83881214	chr2:83880448-83883486	0.24	0.22	0.23	0.23	0.47	0.31	0.34	0.27	0.22	0.21	0.17	0.23
ENSMUST00000074262.8|ENSMUSG00000059588|Calcrl	1043.1	84332992	chr2:84330625-84333456	0.92	1.00	0.79	0.86	1.00	1.00	1.00	0.84	0.78	0.73	1.00	1.00
ENSMUST00000150261.7|ENSMUSG00000027082|Tfpi	1015.7	84440963	chr2:84440139-84443205	0.24	0.27	0.29	0.28	0.87	0.31	NA	0.26	0.34	0.20	NA	NA
ENSMUST00000111696.7|ENSMUSG00000034101|Ctnnd1	959.4	84601001	chr2:84600070-84602894	0.17	0.15	0.14	0.09	0.49	0.14	0.20	0.09	0.15	0.07	0.29	0.22
ENSMUST00000189772.1|ENSMUSG00000101645|Gm28635	763.3	84602743	chr2:84601438-84602894	1.00	1.00	1.00	1.00	1.00	1.00	1.00	1.00	1.00	1.00	1.00	1.00
ENSMUST00000117299.8|ENSMUSG00000076437|Selenoh	4594.4	84669867	chr2:84669214-84670018	0.22	0.18	0.18	0.28	0.22	0.20	0.38	0.17	0.18	0.24	0.23	0.19
ENSMUST00000111664.7|ENSMUSG00000050043|Tmx2	3039.8	84671831	chr2:84671315-84672391	0.76	0.81	0.69	0.76	0.87	0.73	0.78	0.74	0.72	0.78	0.85	0.83
ENSMUST00000102645.3|ENSMUSG00000027080|Med19	225.6	84687746	chr2:84686931-84688215	0.66	0.61	0.47	0.47	1.00	0.56	0.56	0.42	0.51	0.45	0.61	0.52
ENSMUST00000035840.5|ENSMUSG00000034075|Zdhhc5	695.3	84688365	chr2:84687969-84689281	0.50	0.66	0.33	0.59	0.90	0.55	0.52	0.53	0.46	0.40	1.00	1.00
ENSMUST00000165219.7|ENSMUSG00000027079|Clp1	26.1	84723320	chr2:84722103-84723548	0.02	0.07	0.07	0.05	0.07	0.04	0.02	0.06	0.05	0.07	0.05	0.06
ENSMUST00000111643.2|ENSMUSG00000034059|Ypel4	260.0	84737594	chr2:84737443-84738655	NA	NA	NA	NA	NA	1.00	1.00	1.00	NA	0.90	0.95	1.00
ENSMUST00000181711.1|ENSMUSG00000097187|Gm19426	21.4	84742322	chr2:84742168-84742473	NA	NA	NA	0.08	NA	0.24	0.20	NA	NA	0.57	0.45	NA
ENSMUST00000102642.8|ENSMUSG00000027078|Ube2l6	32368.5	84809702	chr2:84809153-84810176	0.34	0.43	0.33	0.25	0.75	0.49	0.26	0.31	0.36	0.23	0.43	0.40
ENSMUST00000028470.9|ENSMUSG00000027076|Timm10	624.0	84830139	chr2:84829988-84830213	0.16	0.14	0.21	0.29	0.62	0.12	0.17	0.28	0.12	0.31	0.28	0.24
ENSMUST00000111625.1|ENSMUSG00000027075|Slc43a1	25.8	84863303	chr2:84863026-84863594	0.59	NA	0.55	0.29	NA	0.52	0.37	0.25	0.27	0.38	NA	NA
ENSMUST00000090726.5|ENSMUSG00000027074|Slc43a3	104.9	84958226	chr2:84957781-84958509	0.16	0.39	0.49	0.44	0.79	0.63	0.74	0.36	0.31	0.41	NA	NA
ENSMUST00000077798.12|ENSMUSG00000027067|Ssrp1	1995.2	85046878	chr2:85046711-85047109	0.49	0.39	0.32	0.32	0.47	0.35	0.39	0.31	0.36	0.32	0.60	0.44
ENSMUST00000057019.8|ENSMUSG00000044338|Aplnr	300.3	85138322	chr2:85137763-85139923	NA	0.91	0.74	0.89	0.85	0.89	NA	1.00	0.76	0.83	NA	NA
ENSMUST00000111493.7|ENSMUSG00000025314|Ptprj	34.7	90436177	chr2:90432888-90436412	NA	NA	0.66	0.66	0.77	NA	NA	0.80	0.45	NA	NA	0.54
ENSMUST00000057481.6|ENSMUSG00000051329|Nup160	42.1	90735926	chr2:90735501-90736328	0.60	0.70	0.29	0.48	0.78	0.73	0.26	0.71	0.41	0.35	0.73	0.46
ENSMUST00000238890.1|ENSMUSG00000008200|Fnbp4	37.6	90780344	chr2:90779648-90781021	0.31	0.39	0.33	0.14	0.43	0.54	0.48	NA	0.40	0.46	NA	0.42
ENSMUST00000111468.9|ENSMUSG00000027282|Mtch2	15731.7	90849796	chr2:90849645-90865388	0.13	0.15	0.14	0.14	0.10	0.13	0.18	0.16	0.12	0.13	0.13	0.12
ENSMUST00000111464.7|ENSMUSG00000005505|Kbtbd4	115.6	90910285	chr2:90909874-90910561	0.46	0.65	0.51	0.46	0.98	0.84	0.50	0.44	0.42	0.57	0.71	0.71
ENSMUST00000077874.14|ENSMUSG00000063235|Ptpmt1	3931.9	90911032	chr2:90910712-90911187	0.33	0.39	0.30	0.35	0.39	0.39	0.32	0.26	0.44	0.34	0.38	0.38
ENSMUST00000068726.12|ENSMUSG00000005506|Celf1	1714.8	91015012	chr2:91013362-91019497	1.00	0.71	0.67	0.75	1.00	0.59	0.32	0.78	0.89	0.72	0.16	0.20
ENSMUST00000111445.9|ENSMUSG00000002104|Rapsn	256.9	91045666	chr2:91045515-91045729	NA	NA	NA	NA	0.22	0.43	NA	NA	0.24	0.20	NA	NA
ENSMUST00000146506.1|ENSMUSG00000002102|Psmc3	551995.7	91056852	chr2:91056701-91056996	0.46	0.47	0.45	0.45	0.43	0.46	0.45	0.45	0.47	0.47	0.47	0.48
ENSMUST00000079976.9|ENSMUSG00000002105|Slc39a13	409.5	91062153	chr2:91061790-91062905	0.79	0.93	0.90	0.97	1.00	0.74	0.58	0.59	0.79	0.80	0.65	1.00
ENSMUST00000002180.7|ENSMUSG00000002111|Spi1	3351.9	91115542	chr2:91115391-91115756	0.39	0.26	0.34	0.28	0.60	0.38	0.41	0.29	0.29	0.35	0.29	0.43
ENSMUST00000111356.7|ENSMUSG00000002108|Nr1h3	541.1	91184187	chr2:91184060-91184338	0.35	0.25	0.22	0.22	0.32	0.27	0.19	0.23	0.36	0.30	0.37	0.40
ENSMUST00000002172.13|ENSMUSG00000002103|Acp2	1280.2	91211936	chr2:91210737-91214098	0.28	0.40	0.40	0.40	0.40	0.25	0.52	0.42	0.35	0.38	0.57	0.51
ENSMUST00000111352.7|ENSMUSG00000002109|Ddb2	193.8	91211799	chr2:91211602-91211950	1.00	0.92	1.00	1.00	1.00	1.00	0.87	1.00	1.00	1.00	0.78	1.00
ENSMUST00000080008.12|ENSMUSG00000027255|Arfgap2	788.1	91276581	chr2:91275782-91276931	0.73	0.71	0.74	0.70	0.83	0.68	0.85	0.68	0.75	0.67	0.83	0.86
ENSMUST00000064652.13|ENSMUSG00000040591|1110051M20Rik	7525.5	91275764	chr2:91275067-91276977	0.01	0.00	NA	0.01	0.00	0.00	0.02	0.01	NA	NA	NA	0.00
ENSMUST00000111338.9|ENSMUSG00000040549|Ckap5	305.6	91620446	chr2:91620221-91620664	0.41	0.28	0.28	0.19	1.00	0.66	0.40	0.30	0.33	0.26	0.65	0.48
ENSMUST00000145582.7|ENSMUSG00000075040|Zfp408	20.0	91648697	chr2:91647667-91648999	0.05	0.23	0.10	NA	0.08	NA	0.11	0.11	0.24	NA	NA	NA
ENSMUST00000111329.7|ENSMUSG00000027247|Arhgap1	1542.4	91671155	chr2:91670897-91672326	0.89	0.74	0.85	0.78	0.67	0.80	1.00	0.94	0.77	0.82	0.81	0.88
ENSMUST00000076803.11|ENSMUSG00000027244|Atg13	386.0	91675955	chr2:91674617-91676388	0.52	0.67	0.66	0.60	0.56	0.62	0.81	0.59	0.59	0.62	0.62	0.74
ENSMUST00000099712.9|ENSMUSG00000040506|Ambra1	78.4	91918541	chr2:91917820-91918849	0.47	0.97	0.73	0.61	0.60	0.91	0.80	0.80	0.68	0.54	0.91	0.81
ENSMUST00000111309.7|ENSMUSG00000027239|Mdk	589078.1	91929941	chr2:91929804-91930092	0.19	0.27	0.24	0.23	0.37	0.26	0.23	0.23	0.24	0.24	0.28	0.32
ENSMUST00000128152.7|ENSMUSG00000040479|Dgkz	135581.8	91936524	chr2:91932823-91942754	0.54	0.38	0.37	0.39	0.47	0.35	0.60	0.41	0.43	0.40	0.38	0.32
ENSMUST00000028663.4|ENSMUSG00000027230|Creb3l1	1446.8	91982643	chr2:91982327-91982973	NA	0.60	0.40	0.34	1.00	0.82	0.45	0.45	0.43	0.31	NA	0.48
ENSMUST00000044036.14|ENSMUSG00000058318|Phf21a	39.2	92360696	chr2:92360420-92364666	NA	0.16	0.31	0.14	0.50	0.17	0.27	0.25	0.08	0.11	0.16	0.23
ENSMUST00000111279.8|ENSMUSG00000027223|Mapk8ip1	20447.7	92384200	chr2:92383675-92384351	NA	1.00	0.98	1.00	NA	1.00	1.00	0.90	1.00	0.74	1.00	1.00
ENSMUST00000067631.6|ENSMUSG00000049922|Slc35c1	52.5	92453483	chr2:92452763-92454217	0.72	0.84	0.64	0.77	0.86	1.00	1.00	0.83	0.82	0.92	NA	1.00
ENSMUST00000065797.6|ENSMUSG00000027221|Chst1	481.0	92614904	chr2:92614417-92615250	0.53	0.48	0.38	0.64	0.98	0.71	0.43	0.44	0.38	0.36	0.65	0.63
ENSMUST00000028648.2|ENSMUSG00000027220|Syt13	1084.7	92953890	chr2:92953664-92956058	1.00	0.70	0.79	0.57	0.96	1.00	0.53	0.80	0.58	0.79	0.69	0.69
ENSMUST00000111266.7|ENSMUSG00000068735|Trp53i11	3751.7	93200108	chr2:93199916-93201759	0.86	0.96	1.00	0.89	1.00	0.87	1.00	1.00	0.74	1.00	0.94	0.92
ENSMUST00000111265.8|ENSMUSG00000027217|Tspan18	242.0	93203649	chr2:93201759-93204377	NA	NA	0.69	0.61	0.67	0.78	NA	0.61	0.59	0.55	NA	NA
ENSMUST00000099696.7|ENSMUSG00000027215|Cd82	6341.0	93419446	chr2:93419110-93419867	0.56	0.50	0.51	0.52	0.80	0.72	0.56	0.49	0.51	0.49	0.62	0.86
ENSMUST00000150666.7|ENSMUSG00000040272|Accs	59.4	93841802	chr2:93838010-93841953	NA	0.17	0.19	0.15	0.17	0.11	NA	0.15	0.20	0.12	NA	NA
ENSMUST00000148314.2|ENSMUSG00000087006|Gm13889	1755.1	93956142	chr2:93955809-93956389	0.51	0.46	0.47	0.29	0.77	0.53	0.34	0.38	0.34	0.45	0.72	0.59
ENSMUST00000183110.1|ENSMUSG00000098004|Gm27027	1850.7	93956892	chr2:93956816-93957074	1.00	1.00	NA	1.00	1.00	1.00	NA	NA	NA	NA	1.00	1.00
ENSMUST00000111240.7|ENSMUSG00000040174|Alkbh3	105.9	93980736	chr2:93980549-93980887	0.21	0.11	0.07	0.23	0.40	0.28	0.09	0.23	0.23	0.33	0.16	0.24
ENSMUST00000028619.4|ENSMUSG00000027195|Hsd17b12	1020.1	94033045	chr2:94032688-94033559	0.74	0.68	0.61	0.65	0.86	0.64	0.51	0.56	0.63	0.56	0.68	0.72
ENSMUST00000055081.13|ENSMUSG00000027194|Ttc17	34.2	94301274	chr2:94300766-94301738	0.65	0.54	0.33	0.38	0.79	NA	0.79	0.50	0.26	0.40	0.81	0.54
ENSMUST00000028617.6|ENSMUSG00000027193|Api5	812.9	94413610	chr2:94411681-94413761	0.87	1.00	1.00	0.92	1.00	1.00	1.00	0.96	1.00	1.00	1.00	0.99
ENSMUST00000004949.7|ENSMUSG00000027164|Traf6	42.8	101698395	chr2:101697496-101701669	0.65	0.69	0.72	0.75	0.96	0.67	0.91	0.72	0.55	0.59	NA	0.71
ENSMUST00000171088.7|ENSMUSG00000032841|Prr5l	114.8	101716532	chr2:101714284-101717068	0.28	0.29	0.16	0.25	0.19	0.23	0.18	0.37	0.27	0.23	0.24	0.24
ENSMUST00000028584.7|ENSMUSG00000027163|Commd9	1206.4	101901368	chr2:101901065-101901646	0.44	0.43	0.38	0.41	0.74	0.54	0.41	0.41	0.52	0.48	0.57	0.63
ENSMUST00000111222.1|ENSMUSG00000048058|Ldlrad3	237.7	101952701	chr2:101950202-101952940	1.00	0.94	0.87	0.87	1.00	1.00	NA	0.84	0.92	0.99	1.00	0.89
ENSMUST00000102573.7|ENSMUSG00000027189|Trim44	500.0	102303945	chr2:102300118-102304479	0.65	0.84	0.79	0.83	0.80	0.70	0.57	0.85	0.76	0.73	0.95	0.89
ENSMUST00000099678.4|ENSMUSG00000075012|Fjx1	276.4	102449754	chr2:102449365-102450238	0.62	0.69	0.34	0.50	0.84	0.88	0.68	0.61	0.99	0.56	0.79	0.68
ENSMUST00000028612.7|ENSMUSG00000027188|Pamr1	536.8	102642784	chr2:102642517-102643041	0.39	0.69	0.38	0.48	1.00	0.51	0.33	0.40	0.40	0.52	0.60	0.41
ENSMUST00000080210.9|ENSMUSG00000005089|Slc1a2	14683.0	102784020	chr2:102781531-102790784	0.94	0.73	0.64	0.80	1.00	0.69	0.51	0.55	0.49	0.68	0.78	0.83
ENSMUST00000005218.14|ENSMUSG00000005087|Cd44	145.6	102812777	chr2:102811140-102814135	0.91	0.94	0.55	0.61	0.94	0.78	NA	0.78	0.52	0.62	NA	NA
ENSMUST00000028610.9|ENSMUSG00000027187|Cat	5840.7	103454256	chr2:103453848-103454758	0.31	0.24	0.23	0.24	0.70	0.38	0.29	0.17	0.25	0.29	0.41	0.39
ENSMUST00000076212.3|ENSMUSG00000032724|Abtb2	46.8	103718043	chr2:103717354-103718423	1.00	1.00	0.59	0.98	NA	1.00	0.29	0.65	1.00	0.63	0.69	0.93
ENSMUST00000028608.12|ENSMUSG00000027185|Nat10	70.2	103721509	chr2:103721255-103721825	0.43	0.51	0.31	0.66	0.79	0.70	0.34	0.29	0.47	0.36	0.80	0.67
ENSMUST00000028607.12|ENSMUSG00000027184|Caprin1	1868.9	103765239	chr2:103762940-103766801	0.04	0.04	0.04	0.05	0.10	0.05	0.07	0.05	0.04	0.04	0.11	0.12
ENSMUST00000170926.7|ENSMUSG00000032698|Lmo2	1315.1	103981560	chr2:103981091-103981878	0.60	0.56	0.34	0.48	1.00	0.57	0.37	0.44	0.54	0.44	0.56	0.60
ENSMUST00000028603.9|ENSMUSG00000027180|Fbxo3	617.2	104061192	chr2:104060082-104063240	0.12	0.08	0.06	0.06	0.07	0.05	0.09	0.06	0.06	0.06	0.09	0.09
ENSMUST00000040423.11|ENSMUSG00000032679|Cd59a	543.3	104114809	chr2:104114177-104115354	0.28	0.22	0.27	0.25	0.50	0.25	0.19	0.16	0.29	0.27	0.26	0.38
ENSMUST00000028600.13|ENSMUSG00000027177|Hipk3	187.3	104429676	chr2:104426480-104429857	1.00	1.00	0.99	1.00	0.81	1.00	1.00	1.00	1.00	1.00	1.00	1.00
ENSMUST00000028599.7|ENSMUSG00000027176|Cstf3	47.6	104665142	chr2:104664916-104665429	0.45	0.67	0.41	0.49	1.00	0.96	NA	0.49	0.38	0.39	0.87	0.76
ENSMUST00000111118.7|ENSMUSG00000027175|Tcp11l1	10.9	104681210	chr2:104678016-104681758	NA	0.68	0.45	0.39	NA	NA	NA	1.00	0.60	NA	NA	0.35
ENSMUST00000006128.6|ENSMUSG00000005973|Rcn1	13230.1	105387172	chr2:105386290-105387921	0.12	0.15	0.17	0.15	0.17	0.15	0.15	0.11	0.15	0.14	0.22	0.29
ENSMUST00000111086.10|ENSMUSG00000027168|Pax6	19.6	105697011	chr2:105696352-105697364	0.57	0.29	0.08	0.12	NA	0.65	NA	NA	NA	NA	0.43	0.46
ENSMUST00000122965.7|ENSMUSG00000027167|Elp4	65.5	105702574	chr2:105701026-105702732	0.15	0.20	0.26	0.16	0.28	0.18	0.01	0.23	0.49	0.27	0.24	0.21
ENSMUST00000037499.5|ENSMUSG00000042670|Immp1l	563.4	105965480	chr2:105965329-105965558	0.47	0.49	0.12	0.59	0.38	0.39	0.39	0.22	0.69	0.89	0.32	0.48
ENSMUST00000155811.1|ENSMUSG00000027166|Dnajc24	461.6	105966815	chr2:105966708-105966966	0.50	0.46	0.44	0.53	0.54	0.45	0.17	0.24	0.36	0.46	0.36	0.52
ENSMUST00000111063.7|ENSMUSG00000016386|Mpped2	60.3	106867249	chr2:106867063-106868356	0.81	0.24	0.19	0.23	0.18	0.30	0.30	0.47	0.47	0.18	0.19	0.40
ENSMUST00000028536.12|ENSMUSG00000027122|Arl14ep	148.9	106964667	chr2:106962526-106964818	0.74	1.00	0.96	1.00	0.77	1.00	NA	0.90	1.00	1.00	1.00	1.00
ENSMUST00000081631.9|ENSMUSG00000057234|Mettl15	20.8	109092610	chr2:109092296-109092857	0.46	0.48	0.38	0.33	0.56	0.39	0.29	0.48	0.38	0.40	1.00	NA
ENSMUST00000053317.11|ENSMUSG00000048482|Bdnf	6.1	109724401	chr2:109724149-109727007	NA	0.14	NA	NA	0.06	NA	NA	NA	NA	NA	0.12	0.14
ENSMUST00000028583.7|ENSMUSG00000027162|Lin7c	427.7	109897878	chr2:109897398-109901003	0.73	0.79	0.70	0.71	0.55	0.62	0.77	0.84	0.77	0.81	0.85	0.80
ENSMUST00000046548.13|ENSMUSG00000050199|Lgr4	45.2	110012675	chr2:110012524-110014257	0.89	1.00	0.81	1.00	NA	0.98	0.93	1.00	0.88	0.44	1.00	0.99
ENSMUST00000099626.4|ENSMUSG00000074971|Fibin	1734.7	110361493	chr2:110360916-110362144	0.51	0.61	0.52	0.47	0.70	0.55	0.56	0.48	0.59	0.54	NA	NA
ENSMUST00000028554.3|ENSMUSG00000027134|Lpcat4	812.0	112247035	chr2:112246884-112247111	0.17	0.20	0.18	0.28	0.29	0.10	0.21	0.12	0.06	0.18	0.23	0.11
ENSMUST00000028553.3|ENSMUSG00000027133|Nop10	3044.8	112262601	chr2:112262450-112263269	0.04	0.05	0.06	0.03	0.03	0.04	0.07	0.06	0.04	0.02	0.05	0.05
ENSMUST00000028549.13|ENSMUSG00000027130|Slc12a6	206.9	112360655	chr2:112360504-112363156	1.00	1.00	1.00	1.00	1.00	1.00	1.00	1.00	1.00	1.00	1.00	1.00
ENSMUST00000028551.3|ENSMUSG00000027131|Emc4	7242.5	112363170	chr2:112363010-112363321	0.25	0.21	0.17	0.21	0.59	0.34	0.22	0.24	0.25	0.19	0.34	0.41
ENSMUST00000028552.3|ENSMUSG00000027132|Katnbl1	174.3	112413239	chr2:112412412-112414240	0.50	0.59	0.75	0.72	0.59	0.52	1.00	0.75	0.70	0.59	0.69	0.58
ENSMUST00000069747.5|ENSMUSG00000055943|Emc7	974.3	112467281	chr2:112467130-112472162	0.03	0.04	0.05	0.04	0.03	0.03	0.02	0.04	0.03	0.04	0.08	0.12
ENSMUST00000003705.11|ENSMUSG00000003604|Aven	41.1	112631101	chr2:112630891-112634573	0.01	0.03	0.03	0.04	0.04	0.02	0.03	0.03	0.02	0.02	0.04	0.05
ENSMUST00000024005.7|ENSMUSG00000023236|Scg5	286.8	113776621	chr2:113776361-113776803	0.56	0.37	0.25	0.27	0.78	0.37	0.28	0.27	0.48	NA	0.51	0.57
ENSMUST00000110948.7|ENSMUSG00000041219|Arhgap11a	46.7	113833105	chr2:113831491-113834426	NA	NA	NA	NA	0.97	0.77	NA	NA	1.00	0.29	NA	NA
ENSMUST00000043160.12|ENSMUSG00000040383|Aqr	81.3	114101290	chr2:114101169-114101441	0.13	0.10	0.16	0.25	0.60	0.30	0.25	0.15	0.00	0.11	0.72	0.37
ENSMUST00000028640.13|ENSMUSG00000057147|Dph6	122.6	114518048	chr2:114516415-114518272	0.91	0.97	0.99	0.81	0.64	1.00	1.00	1.00	0.89	1.00	0.83	0.71
ENSMUST00000166472.7|ENSMUSG00000040282|BC052040	28.7	115777348	chr2:115777028-115778768	NA	0.65	0.55	0.64	0.55	0.65	NA	0.54	0.55	0.51	NA	0.61
ENSMUST00000110907.7|ENSMUSG00000027210|Meis2	14047.7	115866697	chr2:115863063-115866848	NA	1.00	0.86	1.00	NA	1.00	0.79	0.78	NA	NA	1.00	0.93
ENSMUST00000028829.12|ENSMUSG00000027351|Spred1	475.3	117180047	chr2:117177946-117182279	0.26	0.35	0.39	0.36	0.50	0.30	0.69	0.34	0.35	0.31	0.53	0.50
ENSMUST00000174770.7|ENSMUSG00000027347|Rasgrp1	2526.2	117284852	chr2:117282541-117286868	NA	NA	0.00	NA	NA	NA	NA	0.00	NA	NA	0.00	0.00
ENSMUST00000039559.8|ENSMUSG00000040152|Thbs1	10422.3	118125177	chr2:118125026-118127133	1.00	0.87	1.00	0.88	1.00	1.00	1.00	1.00	0.95	0.86	NA	NA
ENSMUST00000039160.2|ENSMUSG00000040133|Gpr176	257.1	118279080	chr2:118277109-118279231	NA	NA	0.99	0.85	NA	1.00	1.00	0.91	0.83	1.00	NA	0.82
ENSMUST00000009693.14|ENSMUSG00000009549|Srp14	47926.9	118476051	chr2:118475849-118476220	0.38	0.35	0.34	0.35	0.57	0.38	0.31	0.31	0.32	0.34	0.47	0.40
ENSMUST00000090219.12|ENSMUSG00000040093|Bmf	33.9	118530669	chr2:118528756-118532560	NA	NA	0.43	0.64	NA	NA	NA	0.19	0.41	0.33	NA	NA
ENSMUST00000038341.7|ENSMUSG00000040084|Bub1b	77.2	118641467	chr2:118641316-118641591	NA	NA	NA	0.08	0.60	0.12	NA	NA	0.21	0.23	NA	NA
ENSMUST00000099557.9|ENSMUSG00000074923|Pak6	379.1	118697037	chr2:118696571-118698020	NA	0.94	0.72	1.00	NA	0.67	1.00	0.80	0.80	NA	0.89	0.65
ENSMUST00000149978.1|ENSMUSG00000074918|Inafm2	1152.9	118746721	chr2:118746570-118748810	1.00	1.00	1.00	1.00	1.00	1.00	1.00	1.00	1.00	0.92	1.00	1.00
ENSMUST00000059997.8|ENSMUSG00000045838|Ccdc9b	32.3	118756638	chr2:118754157-118757216	0.97	0.97	0.51	0.77	1.00	NA	NA	0.92	NA	NA	NA	0.68
ENSMUST00000148877.1|ENSMUSG00000027331|Knstrn	40.7	118834547	chr2:118834128-118853957	NA	NA	NA	NA	0.04	0.02	NA	0.03	0.02	0.02	0.02	NA
ENSMUST00000028807.5|ENSMUSG00000027332|Ivd	1042.3	118881223	chr2:118880583-118882909	0.19	0.26	0.30	0.29	0.22	0.24	0.13	0.28	0.24	0.23	0.26	0.28
ENSMUST00000036578.6|ENSMUSG00000040007|Bahd1	138.7	118922720	chr2:118922569-118924528	NA	NA	1.00	1.00	NA	NA	NA	1.00	1.00	1.00	1.00	1.00
ENSMUST00000099546.5|ENSMUSG00000074916|Chst14	659.6	118928263	chr2:118927779-118928585	0.60	0.46	0.44	0.55	1.00	0.52	0.56	0.48	0.48	0.45	0.32	0.57
ENSMUST00000036470.13|ENSMUSG00000039983|Ccdc32	832.8	119018471	chr2:119017778-119019028	0.25	0.33	0.21	0.28	0.77	0.55	0.26	0.29	0.31	0.25	0.32	0.29
ENSMUST00000152327.7|ENSMUSG00000027323|Rad51	404.4	119135831	chr2:119134402-119137037	NA	NA	NA	NA	0.08	0.08	0.00	0.02	0.32	0.14	NA	NA
ENSMUST00000094695.11|ENSMUSG00000070730|Rmdn3	867.0	119137285	chr2:119137000-119137704	0.49	0.48	0.50	0.41	0.58	0.50	0.47	0.45	0.42	0.45	0.49	0.65
ENSMUST00000102519.4|ENSMUSG00000068580|Zfyve19	198.9	119216814	chr2:119216637-119217049	0.50	0.41	0.31	0.26	0.52	0.50	0.41	0.33	0.35	0.40	0.56	0.39
ENSMUST00000110817.2|ENSMUSG00000027315|Spint1	32.7	119249232	chr2:119248959-119249527	NA	NA	0.46	0.38	0.83	0.79	NA	NA	0.47	0.28	NA	NA
ENSMUST00000037360.7|ENSMUSG00000034226|Rhov	10.9	119269541	chr2:119269200-119270046	0.34	NA	NA	NA	NA	0.09	NA	NA	NA	NA	0.82	0.55
ENSMUST00000037280.4|ENSMUSG00000034216|Vps18	295.7	119298019	chr2:119297616-119298453	0.30	0.37	0.36	0.21	0.79	0.39	0.27	0.24	0.27	0.25	0.28	0.37
ENSMUST00000102517.3|ENSMUSG00000027314|Dll4	1126.8	119335423	chr2:119334630-119335962	0.19	0.17	0.17	0.25	0.64	0.23	0.23	0.17	NA	0.06	0.16	0.28
ENSMUST00000028780.3|ENSMUSG00000027313|Chac1	23.9	119354035	chr2:119353587-119354381	0.37	0.39	NA	NA	1.00	0.55	NA	NA	NA	NA	0.64	0.44
ENSMUST00000049920.13|ENSMUSG00000034154|Ino80	24.3	119374193	chr2:119373041-119374366	1.00	NA	0.82	0.63	0.47	NA	1.00	NA	NA	0.63	NA	1.00
ENSMUST00000123818.1|ENSMUSG00000072980|Oip5	14.7	119610134	chr2:119609970-119610321	NA	NA	NA	NA	1.00	0.77	NA	NA	0.89	0.74	NA	NA
ENSMUST00000028771.7|ENSMUSG00000027306|Nusap1	153.2	119649523	chr2:119648986-119651244	NA	NA	NA	NA	0.13	0.05	0.01	0.06	0.13	0.08	NA	NA
ENSMUST00000110801.7|ENSMUSG00000027305|Ndufaf1	567.2	119655494	chr2:119655445-119655645	0.13	0.21	0.16	0.35	0.29	0.24	0.10	0.30	0.19	0.22	0.34	0.16
ENSMUST00000028758.7|ENSMUSG00000027296|Itpka	12214.8	119751044	chr2:119750864-119751263	0.27	0.33	0.37	0.33	0.90	0.36	0.32	0.30	0.37	0.35	0.43	0.46
ENSMUST00000136419.7|ENSMUSG00000034032|Rpap1	206.4	119767491	chr2:119763962-119778220	0.03	0.11	0.14	0.12	0.48	0.00	0.52	0.04	0.01	0.10	0.18	0.24
ENSMUST00000110783.7|ENSMUSG00000027298|Tyro3	97.1	119817745	chr2:119817031-119818104	0.52	1.00	0.56	0.44	NA	1.00	0.73	0.98	0.81	0.71	0.94	0.74
ENSMUST00000079934.11|ENSMUSG00000033943|Mga	85.6	119965143	chr2:119964962-119969581	0.82	0.58	0.36	0.37	0.44	0.56	0.18	0.56	NA	0.45	NA	0.20
ENSMUST00000066058.7|ENSMUSG00000033902|Mapkbp1	51.5	120025479	chr2:120025328-120027408	NA	NA	0.74	0.81	1.00	NA	NA	1.00	1.00	0.87	NA	1.00
ENSMUST00000162393.7|ENSMUSG00000033852|Gm28042	55.1	120032500	chr2:120031605-120043033	0.03	NA	0.06	0.07	0.01	0.01	0.00	0.04	NA	0.04	0.01	0.02
ENSMUST00000156159.3|ENSMUSG00000074899|Sptbn5	27.8	120041706	chr2:120041492-120042274	NA	0.04	NA	NA	NA	1.00	0.66	NA	NA	NA	0.62	0.50
ENSMUST00000028755.7|ENSMUSG00000027293|Ehd4	730.8	120089670	chr2:120089174-120091150	0.30	0.31	0.29	0.28	1.00	0.75	0.76	0.12	0.34	0.31	0.97	0.58
ENSMUST00000028752.7|ENSMUSG00000027291|Vps39	167.9	120317011	chr2:120316460-120318036	0.77	0.79	0.64	0.65	1.00	0.75	0.90	0.46	0.57	0.35	1.00	0.81
ENSMUST00000135074.1|ENSMUSG00000062646|Ganc	29.2	120460620	chr2:120459922-120461700	NA	NA	0.18	0.16	NA	0.29	0.05	0.18	0.15	0.51	NA	NA
ENSMUST00000055241.12|ENSMUSG00000027288|Zfp106	1346.2	120509937	chr2:120506819-120510088	0.64	0.87	0.86	0.96	0.86	0.73	1.00	1.00	0.87	0.96	1.00	1.00
ENSMUST00000102496.7|ENSMUSG00000027286|Lrrc57	425.6	120604670	chr2:120604237-120605219	0.63	0.60	0.54	0.67	0.73	0.65	0.74	0.63	0.68	0.62	0.83	0.68
ENSMUST00000028741.13|ENSMUSG00000027285|Haus2	520.2	120616032	chr2:120615881-120619906	0.16	0.15	0.13	0.15	0.06	0.13	0.16	0.18	0.14	0.13	0.13	0.13
ENSMUST00000110701.7|ENSMUSG00000027284|Cdan1	24.4	120718364	chr2:120716153-120718804	0.11	0.02	0.06	0.10	0.08	0.06	0.13	0.12	0.08	0.05	0.14	0.04
ENSMUST00000057135.13|ENSMUSG00000090100|Ttbk2	46.1	120736275	chr2:120732815-120739734	NA	0.26	NA	NA	0.49	0.68	NA	0.57	NA	NA	0.51	0.43
ENSMUST00000028728.5|ENSMUSG00000027272|Ubr1	38.9	120862489	chr2:120860268-120862652	NA	NA	1.00	1.00	0.73	NA	NA	1.00	1.00	1.00	NA	NA
ENSMUST00000139428.7|ENSMUSG00000054484|Tmem62	48.9	120999243	chr2:120999092-121007852	0.10	0.09	0.06	0.12	0.07	0.09	0.08	0.07	0.06	0.05	NA	NA
ENSMUST00000060455.14|ENSMUSG00000023572|Ccndbp1	1338.4	121016681	chr2:121016510-121016904	0.51	0.29	0.40	0.30	0.52	0.45	0.27	0.27	0.45	0.39	0.53	0.48
ENSMUST00000028702.9|ENSMUSG00000027259|Adal	62.8	121156242	chr2:121155544-121156680	0.86	0.82	0.47	0.46	0.98	0.51	1.00	0.54	0.82	0.45	0.92	0.60
ENSMUST00000110658.7|ENSMUSG00000027263|Tubgcp4	136.9	121197320	chr2:121196744-121198770	0.55	0.47	0.59	0.49	0.49	0.68	0.39	0.55	0.51	0.48	0.68	0.58
ENSMUST00000094639.9|ENSMUSG00000027254|Map1a	2411.0	121309358	chr2:121308084-121310832	NA	0.07	0.05	0.04	0.14	0.05	0.02	0.03	NA	NA	0.06	0.06
ENSMUST00000137087.1|ENSMUSG00000033526|Ppip5k1	43.9	121347263	chr2:121343530-121347530	0.05	0.04	0.01	0.02	NA	0.01	NA	0.01	NA	NA	0.03	0.01
ENSMUST00000126130.1|ENSMUSG00000000308|Ckmt1	8151.3	121360120	chr2:121359969-121360985	0.75	0.81	0.98	0.62	0.97	0.70	0.82	0.71	NA	NA	0.79	0.80
ENSMUST00000135079.1|ENSMUSG00000027248|Pdia3	1659130.7	121432399	chr2:121431728-121433700	0.00	0.00	0.00	0.00	0.00	0.00	0.00	0.00	0.00	0.00	0.00	0.00
ENSMUST00000126764.1|ENSMUSG00000027245|Hypk	10306.8	121458392	chr2:121458241-121458672	0.02	0.03	0.08	0.08	0.04	0.04	0.04	0.06	0.05	0.03	0.06	0.08
ENSMUST00000056732.3|ENSMUSG00000048222|Mfap1b	4298.2	121461460	chr2:121460234-121462124	0.18	0.21	0.14	0.14	0.20	0.16	0.17	0.16	0.13	0.17	0.19	0.21
ENSMUST00000089926.5|ENSMUSG00000068479|Mfap1a	2574.7	121494039	chr2:121491910-121494667	0.11	0.09	0.11	0.11	0.18	0.11	0.08	0.10	0.12	0.09	0.13	0.15
ENSMUST00000145075.7|ENSMUSG00000027238|Frmd5	55.9	121591565	chr2:121568894-121591716	0.09	0.05	NA	NA	0.08	NA	0.05	0.05	NA	NA	0.05	0.06
ENSMUST00000078752.9|ENSMUSG00000060227|Casc4	113.2	121933696	chr2:121933545-121936220	0.81	1.00	1.00	1.00	1.00	0.92	1.00	1.00	0.94	1.00	1.00	0.76
ENSMUST00000036647.12|ENSMUSG00000033411|Ctdspl2	109.8	122012184	chr2:122010625-122013642	0.26	0.19	0.11	0.11	0.66	0.25	0.29	0.14	0.12	0.17	0.22	0.16
ENSMUST00000028668.7|ENSMUSG00000027236|Eif3j1	520.1	122052882	chr2:122052095-122056598	0.09	0.09	0.12	0.12	0.10	0.09	0.18	0.14	0.11	0.11	0.12	0.19
ENSMUST00000036450.7|ENSMUSG00000033396|Spg11	7.5	122053713	chr2:122053519-122053882	NA	NA	NA	NA	0.76	0.51	0.73	0.44	NA	NA	NA	0.91
ENSMUST00000102476.4|ENSMUSG00000060802|B2m	17698819.6	122151808	chr2:122151657-122153083	1.00	1.00	0.97	1.00	1.00	1.00	0.94	0.99	1.00	1.00	1.00	1.00
ENSMUST00000110551.3|ENSMUSG00000027227|Sord	915.3	122264972	chr2:122264203-122265340	0.48	0.63	0.59	0.66	0.67	0.58	0.52	0.53	0.63	0.61	0.66	0.68
ENSMUST00000151130.7|ENSMUSG00000033256|Shf	30.8	122353649	chr2:122349127-122353800	0.00	NA	NA	0.03	NA	NA	0.00	0.01	0.00	0.02	0.00	0.01
ENSMUST00000028624.8|ENSMUSG00000027199|Gatm	12305.2	122595095	chr2:122594466-122595499	0.41	0.41	0.32	0.35	0.92	0.47	0.31	0.27	0.33	0.34	0.37	0.41
ENSMUST00000047498.14|ENSMUSG00000033213|AA467197	957.2	122640970	chr2:122640766-122641191	0.14	0.07	0.03	NA	0.33	0.15	0.04	NA	0.00	NA	NA	0.03
ENSMUST00000005952.10|ENSMUSG00000005802|Slc30a4	83.1	122685030	chr2:122681232-122685181	1.00	0.84	1.00	0.91	1.00	1.00	NA	1.00	1.00	1.00	NA	1.00
ENSMUST00000005954.8|ENSMUSG00000005804|Bloc1s6	499.9	122747884	chr2:122746627-122749475	0.07	0.05	0.04	0.06	0.09	0.08	0.05	0.04	0.07	0.05	0.08	0.06
ENSMUST00000126403.8|ENSMUSG00000005803|Sqor	2752.6	122808132	chr2:122807608-122809338	0.01	0.00	0.00	0.00	0.00	0.01	0.00	0.00	0.00	0.00	0.00	0.00
ENSMUST00000103239.9|ENSMUSG00000027200|Sema6d	204.1	124665457	chr2:124665306-124667770	1.00	1.00	1.00	1.00	1.00	1.00	1.00	0.90	1.00	0.87	NA	1.00
ENSMUST00000070353.3|ENSMUSG00000035183|Slc24a5	50.8	125088462	chr2:125088283-125088677	1.00	0.97	0.70	0.81	0.54	0.63	0.48	0.93	1.00	0.69	0.65	0.91
ENSMUST00000110501.7|ENSMUSG00000027201|Myef2	108.9	125087885	chr2:125086270-125088876	0.05	0.05	0.08	0.13	0.14	0.05	0.14	0.19	0.11	0.10	0.10	0.16
ENSMUST00000051605.8|ENSMUSG00000027203|Dut	618.6	125257599	chr2:125257410-125258608	0.07	0.14	0.11	0.08	0.08	0.08	0.05	0.09	0.08	0.07	0.20	0.18
ENSMUST00000028633.12|ENSMUSG00000027204|Fbn1	339.4	125301085	chr2:125300593-125301588	0.60	0.83	0.57	0.71	0.97	0.96	0.62	0.70	0.78	0.61	NA	NA
ENSMUST00000164756.3|ENSMUSG00000091337|Eid1	9919.6	125673990	chr2:125673668-125674785	0.82	0.67	0.70	0.64	0.99	0.83	0.54	0.62	0.65	0.61	0.73	0.71
ENSMUST00000053699.12|ENSMUSG00000035093|Secisbp2l	73.4	125740116	chr2:125736985-125740267	1.00	0.63	0.64	0.65	0.59	0.77	0.51	0.64	0.79	0.71	0.75	0.62
ENSMUST00000110463.7|ENSMUSG00000027206|Cops2	445.3	125831791	chr2:125830303-125832195	0.39	0.45	0.32	0.42	0.41	0.40	0.26	0.40	0.40	0.40	0.56	0.46
ENSMUST00000064794.13|ENSMUSG00000027208|Fgf7	205.0	126090203	chr2:126089558-126091185	0.14	0.03	0.18	0.16	NA	0.22	0.15	0.13	0.18	0.16	NA	NA
ENSMUST00000110437.3|ENSMUSG00000023330|Dtwd1	62.3	126165122	chr2:126164971-126165279	0.13	0.33	0.06	0.22	0.84	0.34	0.33	0.15	0.21	0.11	0.51	0.25
ENSMUST00000028838.4|ENSMUSG00000027360|Hdc	37.4	126593812	chr2:126593666-126593963	0.11	NA	0.19	0.13	0.78	0.21	NA	0.25	NA	NA	0.04	NA
ENSMUST00000110425.8|ENSMUSG00000027361|Gabpb1	221.1	126629142	chr2:126627441-126630232	0.03	0.04	0.03	0.04	0.10	0.03	0.04	0.04	0.03	0.05	0.08	0.08
ENSMUST00000028841.13|ENSMUSG00000027363|Usp8	322.9	126759012	chr2:126758603-126759297	0.45	0.66	0.40	0.58	0.98	0.49	0.56	0.41	0.54	0.49	0.64	0.69
ENSMUST00000103224.9|ENSMUSG00000027365|Trpm7	133.0	126791927	chr2:126791564-126792828	0.88	NA	0.65	0.91	1.00	1.00	1.00	0.66	0.82	0.55	1.00	NA
ENSMUST00000028844.10|ENSMUSG00000027366|Sppl2a	793.3	126893173	chr2:126890390-126894214	0.20	0.15	0.16	0.16	0.28	0.14	0.24	0.21	0.17	0.14	0.12	0.15
ENSMUST00000103220.3|ENSMUSG00000003660|Snrnp200	283.1	127240360	chr2:127240209-127240451	0.29	0.17	0.29	0.31	0.37	0.94	0.22	0.52	0.21	0.44	0.38	0.43
ENSMUST00000003759.10|ENSMUSG00000003662|Ciao1	155.1	127242648	chr2:127240937-127242799	0.18	0.18	0.30	0.19	0.28	0.18	0.16	0.27	0.23	0.22	0.36	0.21
ENSMUST00000035871.14|ENSMUSG00000034850|Tmem127	896.6	127257743	chr2:127257261-127261107	1.00	0.94	0.88	0.88	0.96	1.00	1.00	0.93	0.94	0.87	0.92	1.00
ENSMUST00000110375.8|ENSMUSG00000027367|Stard7	659.0	127297601	chr2:127297288-127298932	0.83	0.89	0.86	0.91	1.00	1.00	1.00	0.88	0.85	0.87	1.00	0.93
ENSMUST00000028846.6|ENSMUSG00000027368|Dusp2	626.0	127338004	chr2:127337792-127338376	0.49	0.52	0.37	0.31	0.87	0.61	0.33	0.43	0.35	0.39	NA	NA
ENSMUST00000028850.14|ENSMUSG00000079056|Kcnip3	1383.7	127456952	chr2:127456497-127458343	0.76	1.00	0.82	0.72	0.89	0.72	0.96	0.73	0.76	0.77	0.87	0.76
ENSMUST00000110366.7|ENSMUSG00000034800|Zfp661	12.9	127576052	chr2:127574661-127576937	0.28	0.53	NA	NA	NA	NA	NA	NA	NA	0.34	0.19	NA
ENSMUST00000028852.12|ENSMUSG00000027374|Mrps5	34.1	127604001	chr2:127603850-127606829	0.26	0.64	0.62	0.48	0.04	0.14	0.39	0.47	0.74	0.57	0.30	0.47
ENSMUST00000028854.14|ENSMUSG00000027375|Mal	503.4	127634516	chr2:127633225-127634982	0.98	0.90	0.92	0.99	0.56	0.94	1.00	1.00	0.78	0.86	0.94	1.00
ENSMUST00000028856.2|ENSMUSG00000027377|Mall	62.8	127705413	chr2:127704385-127705863	0.36	0.45	NA	0.91	0.57	0.32	NA	NA	0.57	0.67	NA	NA
ENSMUST00000135091.1|ENSMUSG00000051319|Mtln	10086.4	127792133	chr2:127791387-127792299	0.29	0.25	0.39	0.26	0.19	0.25	0.25	0.38	0.23	0.25	0.28	0.32
ENSMUST00000110341.8|ENSMUSG00000027381|Bcl2l11	159.5	128160080	chr2:128158326-128162547	0.36	0.34	0.36	0.37	0.45	0.52	0.49	0.46	0.52	0.39	NA	NA
ENSMUST00000014499.9|ENSMUSG00000014355|Anapc1	93.3	128610926	chr2:128610103-128612950	0.25	0.37	0.34	0.33	1.00	0.46	1.00	0.28	0.37	0.27	0.61	0.06
ENSMUST00000014505.4|ENSMUSG00000014361|Mertk	261.1	128802493	chr2:128801664-128802894	0.48	0.45	0.41	0.46	0.55	0.59	0.90	0.48	0.31	0.42	0.80	0.55
ENSMUST00000110325.7|ENSMUSG00000014353|Tmem87b	119.7	128851624	chr2:128851340-128854261	0.42	0.42	0.41	0.49	0.65	0.34	0.51	0.45	0.36	0.45	0.20	0.32
ENSMUST00000110324.7|ENSMUSG00000027386|Fbln7	2198.5	128895737	chr2:128895586-128897034	0.31	0.73	0.52	0.46	0.36	0.47	0.52	0.52	0.52	0.52	NA	NA
ENSMUST00000035812.13|ENSMUSG00000027394|Ttl	164.4	129093558	chr2:129093052-129096283	0.07	0.07	0.10	0.09	0.12	0.06	0.07	0.07	0.06	0.10	0.08	0.06
ENSMUST00000103205.10|ENSMUSG00000027395|Polr1b	62.9	129126369	chr2:129126093-129126594	0.25	0.32	0.52	0.31	1.00	0.99	0.25	0.59	0.30	0.31	0.75	NA
ENSMUST00000035481.4|ENSMUSG00000037938|Chchd5	128.1	129133834	chr2:129133295-129134134	0.64	0.61	0.36	0.37	0.67	0.51	0.42	0.60	0.62	0.55	0.66	0.40
ENSMUST00000028880.9|ENSMUSG00000027397|Slc20a1	393.5	129211013	chr2:129210842-129211616	0.75	0.97	0.76	0.90	1.00	0.74	1.00	0.91	0.66	0.88	1.00	1.00
ENSMUST00000052708.6|ENSMUSG00000048327|Ckap2l	147.7	129268474	chr2:129268209-129269040	NA	NA	NA	NA	0.65	0.52	NA	NA	0.53	0.22	NA	NA
ENSMUST00000028882.1|ENSMUSG00000027399|Il1a	169.0	129300087	chr2:129299609-129300713	0.74	0.96	0.82	0.64	1.00	0.51	1.00	1.00	0.67	0.84	NA	0.92
ENSMUST00000028881.13|ENSMUSG00000027398|Il1b	7200.1	129364774	chr2:129364569-129365031	0.31	0.33	0.25	0.24	0.48	0.33	0.22	0.23	0.27	0.17	0.09	0.43
ENSMUST00000103203.7|ENSMUSG00000037902|Sirpa	4418.4	129630533	chr2:129630181-129632228	0.77	0.93	1.00	0.93	1.00	1.00	1.00	1.00	0.87	0.90	1.00	1.00
ENSMUST00000147570.2|ENSMUSG00000027404|Snrpb	316574.5	130173035	chr2:130171786-130176697	0.08	0.01	NA	NA	0.01	NA	0.04	0.02	NA	0.02	0.02	0.01
ENSMUST00000149955.8|ENSMUSG00000027405|Nop56	16234.9	130277644	chr2:130277493-130278963	0.27	0.24	0.24	0.23	0.30	0.23	0.25	0.22	0.23	0.23	0.26	0.23
ENSMUST00000028892.10|ENSMUSG00000027406|Idh3b	5355.7	130279491	chr2:130279308-130279642	0.35	0.31	0.24	0.25	0.49	0.33	0.22	0.22	0.25	0.26	0.40	0.34
ENSMUST00000126740.7|ENSMUSG00000053552|Ebf4	306.2	130370213	chr2:130369384-130370481	NA	NA	NA	0.67	NA	NA	0.81	0.89	NA	0.77	NA	NA
ENSMUST00000089581.10|ENSMUSG00000037773|Pced1a	61.8	130418526	chr2:130417682-130419088	NA	0.33	0.22	0.17	0.38	0.19	0.21	0.12	0.29	0.18	0.51	0.24
ENSMUST00000028769.13|ENSMUSG00000027303|Ptpra	959.1	130553643	chr2:130553465-130556124	0.04	0.07	0.06	0.06	0.05	0.05	0.05	0.07	0.08	0.06	0.07	0.06
ENSMUST00000145614.1|ENSMUSG00000037740|Mrps26	976.9	130565240	chr2:130565054-130568695	0.02	0.02	0.03	0.03	0.03	0.02	0.02	0.03	0.02	0.02	0.05	0.08
ENSMUST00000140581.2|ENSMUSG00000027300|Ubox5	23.7	130604461	chr2:130599784-130604612	0.04	0.07	0.09	0.06	0.11	0.08	NA	0.06	0.06	0.06	0.04	NA
ENSMUST00000110262.2|ENSMUSG00000079043|Fastkd5	19.0	130614096	chr2:130613839-130614247	0.32	0.30	0.24	NA	1.00	0.49	NA	0.53	NA	0.49	NA	NA
ENSMUST00000089561.9|ENSMUSG00000037703|Lzts3	1841.1	130633886	chr2:130632838-130634768	1.00	1.00	0.88	0.75	0.95	1.00	1.00	1.00	0.61	0.96	1.00	0.87
ENSMUST00000103193.4|ENSMUSG00000074797|Itpa	3112.6	130681340	chr2:130681078-130681614	0.43	0.38	0.35	0.29	0.99	0.59	0.37	0.34	0.42	0.35	0.65	0.53
ENSMUST00000044766.14|ENSMUSG00000027309|4930402H24Rik	321.9	130708109	chr2:130706199-130709202	0.38	0.28	0.25	0.25	0.85	0.43	0.49	0.33	0.22	0.27	0.41	0.31
ENSMUST00000028781.8|ENSMUSG00000027312|Atrn	25.5	131026358	chr2:131025938-131030333	0.66	0.49	NA	0.76	NA	NA	NA	1.00	0.86	0.74	NA	0.94
ENSMUST00000110240.9|ENSMUSG00000027316|Gfra4	6305.1	131039912	chr2:131039631-131040178	0.40	0.35	0.39	0.39	0.94	0.40	0.30	0.36	0.32	0.33	0.60	0.62
ENSMUST00000127862.1|ENSMUSG00000074793|Hspa12b	2724.3	131143111	chr2:131137034-131145227	0.05	0.03	NA	0.00	0.03	NA	NA	0.00	NA	0.00	NA	0.06
ENSMUST00000184121.7|ENSMUSG00000027327|1700037H04Rik	3207.1	131148155	chr2:131146793-131151625	0.70	0.38	NA	0.10	0.00	0.00	0.03	0.19	NA	0.19	0.05	0.10
ENSMUST00000028801.7|ENSMUSG00000027329|Spef1	68.1	131171153	chr2:131170260-131171685	0.06	0.07	0.08	0.11	0.13	NA	0.03	0.03	0.10	0.01	0.08	0.06
ENSMUST00000089510.4|ENSMUSG00000068267|Cenpb	2182.5	131177434	chr2:131175181-131178079	0.04	0.03	0.05	0.04	0.05	0.04	0.03	0.02	0.03	0.05	0.03	0.03
ENSMUST00000079857.8|ENSMUSG00000027330|Cdc25b	42.8	131198098	chr2:131197366-131198497	0.47	0.34	0.61	0.55	0.57	0.82	0.65	0.86	0.58	0.82	1.00	0.86
ENSMUST00000110208.7|ENSMUSG00000068264|Ap5s1	466.1	131213232	chr2:131212870-131213514	0.47	0.61	0.54	0.51	0.81	0.59	0.49	0.43	0.61	0.40	0.71	0.53
ENSMUST00000184105.7|ENSMUSG00000037514|Pank2	892.1	131280410	chr2:131280161-131296488	0.04	0.03	0.03	0.03	0.05	0.03	0.04	0.04	0.04	0.03	0.03	0.03
ENSMUST00000059372.10|ENSMUSG00000048911|Rnf24	23.8	131302545	chr2:131298063-131303444	NA	NA	NA	0.91	NA	NA	NA	0.80	0.63	0.69	0.26	0.76
ENSMUST00000183947.7|ENSMUSG00000027333|Smox	9592.0	131521223	chr2:131521072-131525172	0.10	0.11	0.11	0.11	0.15	0.09	0.10	0.11	0.13	0.10	0.09	0.10
ENSMUST00000091288.12|ENSMUSG00000079037|Prnp	30531.2	131938075	chr2:131937191-131938429	0.70	0.68	0.63	0.66	0.97	0.85	0.73	0.69	0.71	0.68	0.87	0.85
ENSMUST00000124100.7|ENSMUSG00000098754|Prn	219.6	131953703	chr2:131953552-131956130	NA	NA	NA	NA	1.00	0.97	NA	NA	0.92	1.00	NA	NA
ENSMUST00000110170.7|ENSMUSG00000027338|Prnd	219.6	131953703	chr2:131953552-131956130	NA	NA	NA	NA	1.00	0.97	NA	NA	0.92	1.00	NA	NA
ENSMUST00000028814.14|ENSMUSG00000027339|Rassf2	486.0	131993082	chr2:131989414-131996386	0.17	0.06	0.08	0.08	0.05	0.07	0.12	0.15	0.04	0.05	0.10	0.07
ENSMUST00000028815.14|ENSMUSG00000027340|Slc23a2	544.5	132056159	chr2:132052495-132056671	0.25	0.18	0.21	0.18	0.20	0.23	0.22	0.31	0.21	0.23	0.17	0.20
ENSMUST00000110164.7|ENSMUSG00000027341|Tmem230	639.8	132240129	chr2:132239491-132240488	0.72	0.60	0.73	0.66	0.75	0.69	0.86	0.70	0.65	0.71	0.50	0.72
ENSMUST00000028817.6|ENSMUSG00000027342|Pcna	3612.0	132249457	chr2:132249161-132249618	0.24	0.15	0.18	0.22	0.43	0.29	0.23	0.28	0.19	0.25	0.27	0.44
ENSMUST00000103181.10|ENSMUSG00000058793|Cds2	195.0	132307472	chr2:132305282-132312050	0.06	0.14	0.17	0.17	0.20	0.16	0.33	0.27	0.12	0.16	0.50	0.60
ENSMUST00000149854.7|ENSMUSG00000027346|Gpcpd1	1973.6	132553881	chr2:132529081-132554032	0.17	0.14	0.12	0.14	0.17	0.15	0.18	0.16	0.14	0.14	0.11	0.14
ENSMUST00000061891.10|ENSMUSG00000044991|Shld1	257.4	132750831	chr2:132750652-132751055	0.32	0.46	0.31	0.32	0.52	0.39	0.31	0.35	0.46	0.36	0.77	0.41
ENSMUST00000028826.3|ENSMUSG00000027350|Chgb	232.2	132794977	chr2:132794826-132795079	0.14	0.25	NA	0.12	NA	0.51	0.32	0.24	NA	NA	0.23	0.34
ENSMUST00000039554.6|ENSMUSG00000037376|Trmt6	76.7	132804570	chr2:132804206-132805423	0.71	0.45	0.67	0.43	0.62	0.73	0.99	0.54	1.00	0.71	1.00	0.58
ENSMUST00000124834.7|ENSMUSG00000027357|Crls1	1527.3	132861374	chr2:132861223-132866785	0.08	0.09	0.09	0.08	0.14	0.08	0.09	0.10	0.08	0.09	0.09	0.09
ENSMUST00000028836.6|ENSMUSG00000027358|Bmp2	52.1	133562085	chr2:133561712-133562885	0.47	0.45	NA	NA	0.54	0.63	NA	NA	NA	NA	NA	NA
ENSMUST00000038228.10|ENSMUSG00000034723|Tmx4	211.6	134597589	chr2:134594184-134598527	0.75	0.79	0.52	0.71	1.00	0.69	0.96	0.71	0.73	0.69	1.00	0.88
ENSMUST00000184371.7|ENSMUSG00000039943|Plcb4	51.7	136002739	chr2:136002588-136013269	0.10	NA	0.13	0.10	0.16	NA	0.12	0.06	NA	NA	0.07	0.09
ENSMUST00000057503.6|ENSMUSG00000027270|Lamp5	191.2	136069588	chr2:136069188-136069917	0.54	0.32	0.56	0.59	NA	0.97	0.40	0.32	NA	NA	0.68	0.59
ENSMUST00000028727.10|ENSMUSG00000027273|Snap25	38791.2	136782103	chr2:136781140-136782428	0.86	0.75	0.65	0.67	1.00	1.00	0.70	0.62	0.78	0.70	0.83	0.82
ENSMUST00000028730.12|ENSMUSG00000027274|Mkks	35.5	136874050	chr2:136873779-136874268	0.34	0.33	0.20	0.46	1.00	0.72	0.33	0.52	0.25	0.55	0.78	0.58
ENSMUST00000028735.7|ENSMUSG00000027276|Jag1	323.3	137082663	chr2:137081455-137083026	1.00	0.80	0.80	0.66	1.00	0.74	1.00	0.71	0.58	0.61	0.81	1.00
ENSMUST00000091556.11|ENSMUSG00000062098|Btbd3	1059.1	138284655	chr2:138284487-138287422	0.65	0.79	0.90	0.90	1.00	0.94	0.97	0.84	0.88	0.68	0.94	0.91
ENSMUST00000099307.3|ENSMUSG00000074766|Ism1	31.3	139757772	chr2:139757491-139758581	0.86	1.00	0.53	0.82	NA	NA	0.64	0.54	0.87	1.00	NA	NA
ENSMUST00000046656.8|ENSMUSG00000039033|Tasp1	46.0	139833858	chr2:139833479-139834357	1.00	0.94	0.50	0.36	1.00	0.83	0.34	0.38	0.59	0.84	0.89	0.78
ENSMUST00000046030.7|ENSMUSG00000045624|Esf1	37.8	140120328	chr2:140119882-140120614	0.77	0.38	NA	0.78	1.00	0.92	0.43	NA	NA	NA	NA	NA
ENSMUST00000110057.2|ENSMUSG00000051379|Flrt3	127.2	140659564	chr2:140658197-140659759	0.40	0.39	0.30	0.38	0.85	0.25	0.31	0.44	0.36	0.41	0.98	0.80
ENSMUST00000230763.1|ENSMUSG00000038844|Kif16b	24.0	142618716	chr2:142617473-142619760	0.15	0.51	0.22	0.14	NA	NA	0.29	0.14	0.21	0.09	NA	0.10
ENSMUST00000008477.12|ENSMUSG00000008333|Snrpb2	193.1	143071703	chr2:143071552-143072853	0.09	0.17	0.18	0.09	0.07	0.11	0.16	0.13	0.09	0.11	0.16	0.19
ENSMUST00000028905.9|ENSMUSG00000027419|Pcsk2	38.9	143813959	chr2:143813808-143816285	NA	0.29	NA	NA	0.25	0.26	0.03	NA	NA	NA	0.17	0.37
ENSMUST00000103172.3|ENSMUSG00000015932|Dstn	19054.3	143942953	chr2:143942233-143943324	0.69	0.66	0.65	0.60	0.90	0.66	0.69	0.61	0.61	0.57	0.72	0.73
ENSMUST00000016072.11|ENSMUSG00000027422|Rrbp1	2104.6	143947664	chr2:143947394-143947893	0.51	0.49	0.43	0.50	0.68	0.53	0.43	0.38	0.42	0.46	0.54	0.70
ENSMUST00000028909.4|ENSMUSG00000027423|Snx5	3913.3	144250747	chr2:144250122-144251184	0.48	0.52	0.45	0.34	0.39	0.33	0.46	0.41	0.38	0.38	0.44	0.45
ENSMUST00000028910.8|ENSMUSG00000027424|Mgme1	106.3	144280281	chr2:144279639-144281227	0.16	0.13	0.13	0.14	0.14	0.21	0.05	0.15	0.11	0.09	0.14	0.18
ENSMUST00000103171.9|ENSMUSG00000037279|Ovol2	19.7	144305388	chr2:144305174-144305605	0.38	0.05	NA	NA	NA	NA	NA	NA	NA	NA	0.49	0.41
ENSMUST00000156410.1|ENSMUSG00000027425|Kat14	25.6	144389442	chr2:144389291-144393402	0.01	0.00	0.01	0.00	0.01	0.01	0.11	0.00	0.00	0.00	0.00	0.00
ENSMUST00000183618.2|ENSMUSG00000098387|Pet117	56.1	144373485	chr2:144373334-144373721	0.95	0.82	1.00	0.98	0.74	1.00	0.83	1.00	1.00	1.00	1.00	0.83
ENSMUST00000028914.8|ENSMUSG00000027427|Polr3f	41.4	144539871	chr2:144538686-144541995	0.58	0.51	0.47	0.77	0.99	0.45	NA	0.61	0.44	0.68	0.36	0.74
ENSMUST00000028915.5|ENSMUSG00000027428|Rbbp9	630.0	144543074	chr2:144542264-144543785	0.75	0.75	0.66	0.75	0.84	0.77	0.82	0.80	0.87	0.84	0.67	0.95
ENSMUST00000028916.14|ENSMUSG00000027429|Sec23b	1308.0	144590523	chr2:144590372-144590749	0.34	0.29	0.29	0.26	0.94	0.33	0.38	0.30	0.34	0.31	0.42	0.43
ENSMUST00000028917.6|ENSMUSG00000027430|Dtd1	49.8	144747201	chr2:144747050-144768758	0.00	0.00	0.00	0.00	0.00	0.00	0.00	0.00	0.00	0.00	0.00	0.00
ENSMUST00000110007.7|ENSMUSG00000063873|Slc24a3	628.7	145641683	chr2:145640358-145642166	NA	0.74	0.57	0.48	1.00	0.67	0.73	0.54	0.61	0.63	1.00	1.00
ENSMUST00000147976.7|ENSMUSG00000001768|Rin2	822.5	145861174	chr2:145822679-145887616	NA	NA	0.05	0.05	NA	NA	0.51	0.04	0.07	0.07	NA	0.46
ENSMUST00000165635.1|ENSMUSG00000002728|Naa20	6841.5	145912528	chr2:145911751-145915551	0.00	0.01	0.00	0.01	0.00	0.00	0.00	0.00	0.00	0.00	0.01	0.01
ENSMUST00000001818.4|ENSMUSG00000001767|Crnkl1	30.3	145918275	chr2:145917478-145918426	0.21	0.55	0.31	0.20	0.12	0.59	0.46	0.30	0.25	0.48	0.22	NA
ENSMUST00000028921.5|ENSMUSG00000027433|Xrn2	172.1	147077716	chr2:147077545-147078000	0.32	0.36	0.17	0.31	0.61	0.51	0.40	0.34	0.32	0.30	0.36	0.77
ENSMUST00000099270.4|ENSMUSG00000074743|Thbd	7030.0	148405891	chr2:148404465-148406215	0.72	0.69	0.71	0.62	1.00	0.91	0.66	0.72	0.73	0.65	0.85	0.84
ENSMUST00000099269.3|ENSMUSG00000027435|Cd93	3880.8	148441094	chr2:148436639-148441245	1.00	1.00	1.00	1.00	1.00	0.92	NA	1.00	1.00	0.91	NA	1.00
ENSMUST00000109961.7|ENSMUSG00000036992|Nxt1	595.4	148675911	chr2:148675760-148676027	0.27	0.18	0.26	0.20	0.38	0.31	0.22	0.28	0.33	0.16	0.23	0.27
ENSMUST00000028928.7|ENSMUSG00000027439|Gzf1	54.2	148691264	chr2:148691045-148692949	1.00	1.00	1.00	1.00	1.00	0.81	NA	1.00	1.00	1.00	1.00	1.00
ENSMUST00000136513.1|ENSMUSG00000027438|Napb	8713.3	148706822	chr2:148693984-148706973	NA	0.68	0.60	0.70	NA	0.97	NA	0.45	NA	NA	0.61	0.66
ENSMUST00000028938.6|ENSMUSG00000027447|Cst3	18298822.3	148871811	chr2:148871721-148871962	0.20	0.20	0.20	0.20	0.23	0.25	0.17	0.18	0.21	0.21	0.25	0.24
ENSMUST00000109935.7|ENSMUSG00000074736|Syndig1	41.7	150004030	chr2:150003332-150004392	NA	0.80	0.30	0.73	NA	0.69	1.00	0.33	0.83	0.78	0.66	0.66
ENSMUST00000073782.3|ENSMUSG00000060336|Zfp937	21.6	150240096	chr2:150239560-150240725	0.63	0.52	0.51	0.45	0.83	0.72	NA	0.78	0.40	0.91	NA	1.00
ENSMUST00000089200.2|ENSMUSG00000068129|Cst7	2292.1	150578687	chr2:150578494-150578944	0.17	0.48	0.27	0.30	0.73	0.39	NA	0.16	0.37	0.31	NA	NA
ENSMUST00000046399.6|ENSMUSG00000033096|Apmap	337.6	150583371	chr2:150583079-150583981	0.63	0.67	0.43	0.66	0.84	0.70	0.50	0.49	0.87	0.64	0.63	0.64
ENSMUST00000028944.3|ENSMUSG00000027452|Acss1	265.1	150619423	chr2:150618104-150619615	0.75	1.00	0.96	0.51	1.00	1.00	1.00	1.00	0.78	1.00	1.00	1.00
ENSMUST00000094467.5|ENSMUSG00000033068|Entpd6	172.8	150771218	chr2:150770724-150771675	0.49	0.59	0.54	0.63	0.98	0.73	0.62	0.66	0.66	0.71	0.92	0.80
ENSMUST00000045441.7|ENSMUSG00000033059|Pygb	2906.9	150831397	chr2:150830511-150831758	0.74	0.69	0.63	0.70	0.93	0.88	0.97	0.64	0.76	0.68	0.96	0.89
ENSMUST00000028948.4|ENSMUSG00000027454|Gins1	29.3	150931095	chr2:150930906-150931280	NA	0.32	NA	NA	0.95	0.43	0.46	0.08	0.27	0.23	0.40	NA
ENSMUST00000109896.7|ENSMUSG00000068115|Ninl	22.5	150934909	chr2:150934518-150935250	0.27	NA	0.10	0.23	0.45	1.00	0.56	0.34	NA	NA	NA	0.12
ENSMUST00000066640.4|ENSMUSG00000053916|Nanp	205.3	151029994	chr2:151029684-151030262	0.46	0.24	0.31	0.26	1.00	0.39	0.26	0.26	0.45	0.32	0.71	0.68
ENSMUST00000103160.4|ENSMUSG00000027455|Nsfl1c	5902.0	151511217	chr2:151511066-151511414	0.08	0.06	0.06	0.05	0.12	0.06	0.04	0.04	0.06	0.04	0.10	0.11
ENSMUST00000044011.11|ENSMUSG00000032966|Fkbp1a	3125055.1	151559734	chr2:151559583-151561692	1.00	1.00	1.00	1.00	1.00	1.00	1.00	1.00	1.00	1.00	1.00	1.00
ENSMUST00000028950.8|ENSMUSG00000027456|Sdcbp2	39.2	151589735	chr2:151589584-151590005	0.51	0.36	NA	NA	0.35	NA	0.26	NA	NA	NA	NA	NA
ENSMUST00000094456.9|ENSMUSG00000027457|Snph	8151.5	151593271	chr2:151590548-151593422	1.00	1.00	1.00	1.00	1.00	1.00	1.00	1.00	1.00	1.00	1.00	1.00
ENSMUST00000155939.7|ENSMUSG00000032869|Psmf1	842.0	151729490	chr2:151716061-151729670	0.02	0.02	0.02	0.02	0.03	0.02	0.03	0.02	0.02	0.02	0.02	0.02
ENSMUST00000028955.5|ENSMUSG00000027460|Angpt4	71.2	151945029	chr2:151944651-151945337	NA	NA	0.30	0.63	0.00	0.49	NA	0.18	0.28	0.37	NA	NA
ENSMUST00000109865.7|ENSMUSG00000027459|Fam110a	139.6	151969645	chr2:151969397-151969960	0.43	0.61	0.36	0.32	1.00	0.55	0.42	0.28	0.36	0.41	1.00	0.43
ENSMUST00000109859.8|ENSMUSG00000027463|Slc52a3	199.0	152008820	chr2:152008013-152009257	0.56	0.63	0.55	0.55	0.83	0.43	0.52	0.43	0.49	0.51	0.59	0.81
ENSMUST00000064061.3|ENSMUSG00000060257|Scrt2	33.3	152094012	chr2:152093861-152095802	NA	NA	0.76	0.56	NA	NA	NA	0.34	NA	NA	0.51	0.40
ENSMUST00000041500.7|ENSMUSG00000032802|Srxn1	3739.6	152110380	chr2:152109189-152111376	0.71	0.69	0.76	0.73	0.87	0.80	0.75	0.83	0.74	0.74	0.86	0.79
ENSMUST00000089112.5|ENSMUSG00000068079|Tcf15	36.3	152148918	chr2:152148767-152149097	0.36	0.40	NA	0.08	0.87	NA	0.36	0.27	NA	NA	0.43	0.38
ENSMUST00000028963.13|ENSMUSG00000027465|Tbc1d20	758.6	152312145	chr2:152311962-152313996	1.00	0.95	0.91	0.87	1.00	1.00	1.00	0.97	0.98	0.79	1.00	0.85
ENSMUST00000109847.8|ENSMUSG00000027466|Rbck1	6498.5	152316569	chr2:152316333-152316836	0.48	0.45	0.38	0.35	0.97	0.43	0.38	0.34	0.46	0.37	0.60	0.54
ENSMUST00000040312.6|ENSMUSG00000032715|Trib3	30.1	152337746	chr2:152337421-152338209	0.57	0.63	0.58	0.57	0.95	0.40	0.48	0.48	0.76	0.27	0.19	NA
ENSMUST00000079278.4|ENSMUSG00000059361|Nrsn2	44.9	152369234	chr2:152368754-152369503	NA	0.55	0.43	0.42	NA	0.95	0.38	0.98	NA	NA	0.65	0.63
ENSMUST00000182625.1|ENSMUSG00000051817|Sox12	64.1	152395143	chr2:152393610-152396756	NA	NA	0.08	0.08	0.41	0.09	0.07	0.05	0.06	0.05	0.22	0.13
ENSMUST00000099207.4|ENSMUSG00000074682|Zcchc3	48.4	152413181	chr2:152411954-152413577	0.25	0.23	0.19	0.16	0.65	0.13	0.22	0.25	0.13	0.21	0.33	0.44
ENSMUST00000125366.7|ENSMUSG00000019188|H13	2731.1	152704914	chr2:152704721-152708670	0.01	0.02	0.07	0.07	0.03	0.02	0.05	0.05	0.05	0.05	0.05	0.09
ENSMUST00000109824.1|ENSMUSG00000042745|Id1	322444.7	152737220	chr2:152736844-152737410	0.50	0.51	0.39	0.35	1.00	NA	0.43	0.40	NA	0.43	NA	NA
ENSMUST00000007803.11|ENSMUSG00000007659|Bcl2l1	3149.0	152781996	chr2:152780667-152782147	0.96	1.00	0.97	1.00	1.00	1.00	1.00	1.00	1.00	1.00	1.00	1.00
ENSMUST00000164120.7|ENSMUSG00000027469|Tpx2	39.2	152893890	chr2:152893688-152895321	0.01	NA	NA	NA	0.10	0.24	NA	NA	0.16	0.25	NA	0.16
ENSMUST00000099200.2|ENSMUSG00000074676|Foxs1	81.7	152931993	chr2:152931897-152932144	0.44	0.36	0.16	0.28	0.41	0.37	0.31	0.25	0.38	0.27	NA	0.50
ENSMUST00000150545.7|ENSMUSG00000027472|Pdrg1	5044.9	153013930	chr2:153008889-153014081	0.22	0.18	0.20	0.24	0.13	0.17	0.27	0.25	0.18	0.22	0.11	0.13
ENSMUST00000127898.8|ENSMUSG00000027474|Ccm2l	2059.7	153072212	chr2:153071856-153081726	0.09	0.07	0.09	0.07	0.07	0.05	0.09	0.07	0.07	0.05	0.11	0.09
ENSMUST00000109799.7|ENSMUSG00000003283|Hck	85.3	153151297	chr2:153151146-153151441	NA	0.28	0.34	0.24	0.35	0.26	NA	0.03	0.23	0.29	NA	NA
ENSMUST00000089027.2|ENSMUSG00000068040|Tm9sf4	2472.3	153208904	chr2:153208753-153210466	1.00	0.97	0.91	1.00	1.00	1.00	1.00	1.00	1.00	1.00	1.00	1.00
ENSMUST00000099194.3|ENSMUSG00000074671|Tspyl3	113.8	153223463	chr2:153222369-153224314	1.00	0.89	0.90	0.64	NA	1.00	1.00	1.00	0.84	0.89	0.95	1.00
ENSMUST00000170297.7|ENSMUSG00000046020|Pofut1	80.2	153248709	chr2:153248558-153265912	0.13	0.11	0.10	0.12	0.06	0.20	0.13	0.10	0.07	0.14	NA	0.08
ENSMUST00000028977.6|ENSMUSG00000027475|Kif3b	46.2	153332002	chr2:153330152-153333390	0.40	NA	0.96	1.00	NA	NA	1.00	0.95	0.63	1.00	NA	0.64
ENSMUST00000227428.1|ENSMUSG00000042548|Asxl1	26.8	153402875	chr2:153402070-153404007	0.89	0.91	NA	NA	1.00	0.74	0.71	1.00	NA	0.93	NA	1.00
ENSMUST00000035346.13|ENSMUSG00000061411|Nol4l	59.4	153408987	chr2:153407461-153411614	0.74	0.70	1.00	0.66	NA	1.00	NA	0.72	0.44	0.75	0.89	0.73
ENSMUST00000071852.9|ENSMUSG00000056941|Commd7	2056.0	153619051	chr2:153616932-153619438	0.05	0.03	0.06	0.05	0.09	0.05	0.05	0.06	0.06	0.05	0.05	0.07
ENSMUST00000028981.8|ENSMUSG00000027479|Mapre1	6485.9	153768122	chr2:153766927-153773310	0.03	0.04	0.04	0.04	0.08	0.04	0.06	0.04	0.04	0.04	0.07	0.05
ENSMUST00000028991.6|ENSMUSG00000027488|Snta1	635.7	154376586	chr2:154376312-154376818	0.41	0.38	0.36	0.42	1.00	0.48	0.37	0.43	0.60	0.54	0.61	0.55
ENSMUST00000109725.7|ENSMUSG00000038533|Cbfa2t2	300.9	154535452	chr2:154535177-154539356	1.00	0.79	0.90	1.00	NA	0.82	0.87	0.97	0.72	1.00	0.96	1.00
ENSMUST00000109716.8|ENSMUSG00000027489|Necab3	371.9	154544749	chr2:154544398-154545141	0.64	0.50	0.48	0.46	0.39	0.54	0.50	0.36	NA	0.38	0.78	0.66
ENSMUST00000103145.10|ENSMUSG00000027490|E2f1	161.7	154560400	chr2:154559406-154560690	NA	0.89	0.64	0.65	0.66	0.30	0.52	0.39	0.46	0.40	0.59	0.52
ENSMUST00000000896.10|ENSMUSG00000000876|Pxmp4	412.1	154587224	chr2:154585757-154587831	0.17	0.15	0.10	0.16	0.19	0.13	0.12	0.14	0.10	0.08	0.14	0.18
ENSMUST00000116389.8|ENSMUSG00000027593|Raly	4145.8	154866100	chr2:154865949-154867261	NA	1.00	1.00	1.00	NA	1.00	NA	NA	NA	1.00	NA	NA
ENSMUST00000099173.10|ENSMUSG00000074656|Eif2s2	496.0	154872554	chr2:154871409-154872727	0.34	0.39	0.40	0.40	0.18	0.25	0.34	0.40	0.38	0.39	0.29	0.31
ENSMUST00000054607.15|ENSMUSG00000027597|Ahcy	432.6	155059978	chr2:155059309-155060451	0.28	0.28	0.28	0.13	0.64	0.31	0.19	0.11	0.22	0.20	0.27	0.30
ENSMUST00000029126.14|ENSMUSG00000027598|Itch	254.4	155224720	chr2:155224463-155226855	0.76	0.85	0.79	1.00	1.00	0.86	1.00	0.82	0.93	0.70	1.00	0.89
ENSMUST00000109682.8|ENSMUSG00000047459|Dynlrb1	73879.1	155250112	chr2:155249961-155250277	0.32	0.33	0.35	0.36	0.47	0.38	0.33	0.32	0.39	0.34	0.41	0.44
ENSMUST00000029128.3|ENSMUSG00000027602|Map1lc3a	118843.1	155277853	chr2:155277634-155278073	0.42	0.35	0.39	0.35	0.83	0.43	0.33	0.33	0.43	0.39	0.51	0.51
ENSMUST00000077626.12|ENSMUSG00000038383|Pigu	663.2	155278387	chr2:155278242-155278538	0.28	0.32	0.27	0.33	0.51	0.19	0.33	0.29	0.31	0.34	0.33	0.36
ENSMUST00000043237.13|ENSMUSG00000038375|Trp53inp2	2524.6	155386940	chr2:155386789-155389850	1.00	1.00	0.90	0.77	1.00	1.00	1.00	1.00	0.89	0.83	1.00	1.00
ENSMUST00000029131.10|ENSMUSG00000027603|Ggt7	188.2	155490633	chr2:155490378-155490955	0.59	0.42	0.17	0.35	0.93	0.43	0.50	0.28	0.46	0.40	0.62	0.66
ENSMUST00000079691.12|ENSMUSG00000027610|Gss	492.7	155563409	chr2:155563180-155563598	0.33	0.38	0.44	0.36	0.86	0.47	0.29	0.30	0.43	0.27	0.62	0.35
ENSMUST00000041059.11|ENSMUSG00000038324|Trpc4ap	6292.3	155634566	chr2:155634270-155635005	0.48	0.39	0.38	0.42	0.97	0.61	0.46	0.40	0.43	0.42	0.53	0.56
ENSMUST00000040833.4|ENSMUSG00000038312|Edem2	309.7	155701946	chr2:155701676-155702097	0.07	NA	0.11	0.11	0.08	0.06	NA	NA	0.04	0.13	NA	NA
ENSMUST00000029140.11|ENSMUSG00000027611|Procr	2273.3	155755155	chr2:155754881-155755471	0.37	0.37	0.25	0.26	0.53	0.35	0.30	0.33	0.27	0.26	0.14	0.29
ENSMUST00000029141.5|ENSMUSG00000027612|Mmp24	785.0	155816271	chr2:155816045-155818366	NA	1.00	0.82	0.83	NA	NA	NA	1.00	NA	0.71	1.00	0.90
ENSMUST00000124586.1|ENSMUSG00000074649|BC029722	4109.8	155818776	chr2:155817729-155818927	1.00	1.00	1.00	1.00	0.78	0.99	1.00	1.00	1.00	1.00	1.00	1.00
ENSMUST00000154841.7|ENSMUSG00000027613|Eif6	47837.2	155822836	chr2:155820032-155823298	0.00	0.00	0.00	0.00	0.00	0.00	0.00	0.01	0.00	0.00	0.00	0.00
ENSMUST00000131144.7|ENSMUSG00000038180|Spag4	43.3	156066302	chr2:156066151-156067528	0.40	NA	NA	NA	0.28	0.34	NA	0.34	NA	NA	NA	0.30
ENSMUST00000109607.9|ENSMUSG00000074643|Cpne1	768.0	156072992	chr2:156071844-156073523	0.98	0.86	1.00	0.90	1.00	1.00	1.00	0.97	0.98	0.82	1.00	1.00
ENSMUST00000160165.7|ENSMUSG00000098950|Gm28036	239.9	156094926	chr2:156078928-156103414	0.13	0.03	0.06	0.05	0.21	0.08	NA	0.06	0.03	0.04	NA	0.09
ENSMUST00000059647.11|ENSMUSG00000089824|Rbm12	30.6	156094973	chr2:156091957-156095374	0.12	0.07	0.10	0.11	0.22	0.17	0.10	0.05	0.07	0.09	0.16	0.14
ENSMUST00000029147.15|ENSMUSG00000027618|Nfs1	663.9	156123908	chr2:156123638-156124266	0.41	0.45	0.41	0.31	0.83	0.39	0.58	0.36	0.37	0.35	0.56	0.53
ENSMUST00000155837.7|ENSMUSG00000027620|Rbm39	4421.8	156178681	chr2:156147939-156178883	0.10	0.17	0.13	0.14	0.09	0.15	0.05	0.13	0.16	0.20	0.21	0.21
ENSMUST00000037401.9|ENSMUSG00000038116|Phf20	54.0	156307584	chr2:156307433-156309952	0.94	0.55	0.73	0.63	1.00	0.71	0.74	0.82	0.74	1.00	0.95	0.79
ENSMUST00000103137.9|ENSMUSG00000027624|Epb41l1	2844.9	156540082	chr2:156539815-156543214	NA	0.85	0.70	1.00	NA	1.00	1.00	1.00	0.50	0.67	1.00	0.74
ENSMUST00000029158.3|ENSMUSG00000027628|Aar2	570.7	156567959	chr2:156567029-156568972	0.09	0.06	0.07	0.05	0.10	0.07	0.07	0.08	0.08	0.05	0.10	0.08
ENSMUST00000169464.8|ENSMUSG00000061689|Dlgap4	1092.3	156763051	chr2:156762900-156764363	0.22	0.61	0.54	0.50	0.36	0.53	0.87	0.78	0.39	0.47	0.45	0.57
ENSMUST00000088552.6|ENSMUSG00000067818|Myl9	12400.9	156781404	chr2:156781159-156781658	0.43	0.45	0.39	0.36	0.80	0.43	0.35	0.32	0.44	0.37	0.53	0.58
ENSMUST00000081335.12|ENSMUSG00000062175|Tgif2	52.3	156853991	chr2:156853647-156855570	0.50	0.31	0.54	0.48	NA	0.64	0.39	0.69	0.50	0.53	0.26	0.13
ENSMUST00000029165.3|ENSMUSG00000027637|Rab5if	21098.0	156873312	chr2:156873081-156873563	0.42	0.36	0.31	0.34	0.78	0.40	0.32	0.32	0.33	0.37	0.61	0.44
ENSMUST00000103129.8|ENSMUSG00000027635|Dsn1	37.1	156995589	chr2:156995264-156996198	0.88	0.40	0.77	0.71	0.83	0.66	0.62	0.52	0.62	0.40	NA	0.72
ENSMUST00000123932.7|ENSMUSG00000027639|Samhd1	819.0	157121784	chr2:157099400-157121935	0.10	0.08	0.06	0.07	0.10	0.08	0.09	0.08	0.06	0.07	0.08	0.07
ENSMUST00000029170.7|ENSMUSG00000027641|Rbl1	21.5	157147357	chr2:157145892-157147508	NA	NA	0.72	0.42	1.00	NA	NA	0.96	NA	0.62	NA	NA
ENSMUST00000116380.8|ENSMUSG00000027642|Rpn2	35815.6	157325887	chr2:157325720-157326319	0.15	0.15	0.14	0.12	0.24	0.19	0.14	0.15	0.14	0.14	0.26	0.17
ENSMUST00000081202.5|ENSMUSG00000063019|Manbal	3277.1	157396402	chr2:157396014-157396763	0.46	0.52	0.48	0.50	0.64	0.54	0.45	0.36	0.51	0.46	0.55	0.49
ENSMUST00000029175.13|ENSMUSG00000027646|Src	102.2	157470898	chr2:157469958-157471862	NA	0.36	0.32	0.49	NA	0.68	0.85	0.49	0.40	0.43	0.70	0.47
ENSMUST00000109528.8|ENSMUSG00000067787|Blcap	723.7	157557041	chr2:157556361-157557892	0.87	0.91	0.87	0.91	1.00	1.00	0.79	0.87	0.82	0.81	1.00	0.80
ENSMUST00000109526.1|ENSMUSG00000067786|Nnat	25389.6	157562177	chr2:157561631-157562522	0.50	0.50	0.46	0.42	0.96	0.55	0.40	0.45	0.42	0.36	0.62	0.61
ENSMUST00000029178.6|ENSMUSG00000027649|Ctnnbl1	78.0	157891141	chr2:157890990-157891614	0.36	0.58	0.84	0.61	0.18	0.98	0.59	0.43	0.69	0.53	0.94	0.81
ENSMUST00000109523.1|ENSMUSG00000037843|Vstm2l	864.1	157944358	chr2:157944120-157944719	0.11	0.19	0.22	0.18	0.22	0.17	0.16	0.19	0.12	0.17	0.21	0.24
ENSMUST00000029179.10|ENSMUSG00000027650|Tti1	64.9	157982111	chr2:157981802-157982276	0.38	0.49	0.27	0.28	1.00	0.37	0.40	0.36	0.33	0.32	0.37	0.55
ENSMUST00000174718.1|ENSMUSG00000037820|Tgm2	36550.4	158129274	chr2:158127344-158129425	0.11	0.11	0.10	0.11	0.11	0.09	0.11	0.10	0.11	0.11	0.08	0.10
ENSMUST00000016168.8|ENSMUSG00000016024|Lbp	74700.8	158332136	chr2:158331947-158332852	0.19	0.11	0.10	0.11	0.22	0.11	0.10	0.09	0.10	0.09	0.13	0.10
ENSMUST00000109488.7|ENSMUSG00000044349|Snhg11	100.5	158381261	chr2:158380825-158386145	NA	NA	NA	NA	NA	NA	0.07	0.14	NA	NA	0.19	0.33
ENSMUST00000109486.8|ENSMUSG00000027652|Ralgapb	48.7	158496028	chr2:158495641-158499253	0.70	0.81	0.75	1.00	0.56	0.92	NA	0.60	0.77	0.68	1.00	1.00
ENSMUST00000052927.10|ENSMUSG00000037754|Ppp1r16b	2344.1	158763156	chr2:158761860-158766334	0.16	0.10	0.11	0.09	0.24	0.15	0.24	0.10	0.15	0.20	0.16	0.13
ENSMUST00000029186.13|ENSMUSG00000027655|Dhx35	40.3	158857274	chr2:158857121-158858214	1.00	1.00	0.96	0.58	1.00	0.94	1.00	1.00	0.75	0.95	1.00	1.00
ENSMUST00000099126.4|ENSMUSG00000074622|Mafb	11767.1	160365273	chr2:160363702-160365707	0.53	0.33	0.38	0.27	0.50	0.38	0.22	0.38	0.31	0.33	0.42	0.34
ENSMUST00000109468.2|ENSMUSG00000070544|Top1	193.2	160722230	chr2:160721551-160722764	0.64	0.92	0.65	0.60	1.00	0.95	0.93	0.66	0.63	0.59	1.00	1.00
ENSMUST00000151590.7|ENSMUSG00000016933|Plcg1	1267.5	160754941	chr2:160753667-160762502	0.33	0.33	0.33	0.33	0.41	0.35	0.38	0.31	0.31	0.34	0.39	0.35
ENSMUST00000103111.8|ENSMUSG00000035877|Zhx3	438.2	160771402	chr2:160765184-160771617	1.00	NA	1.00	1.00	NA	1.00	1.00	1.00	0.61	1.00	1.00	1.00
ENSMUST00000109455.8|ENSMUSG00000027412|Lpin3	45.1	160905664	chr2:160905399-160906002	0.49	0.71	0.05	0.38	0.39	0.60	NA	0.20	0.37	0.33	NA	NA
ENSMUST00000039782.13|ENSMUSG00000057133|Chd6	84.6	160947894	chr2:160946977-160949302	NA	NA	0.77	0.36	1.00	NA	0.59	0.55	NA	NA	NA	NA
ENSMUST00000109445.8|ENSMUSG00000053141|Ptprt	26.6	161527712	chr2:161521989-161529518	NA	0.15	NA	0.13	NA	NA	NA	0.10	0.10	0.12	0.24	0.25
ENSMUST00000130411.6|ENSMUSG00000016921|Srsf6	2350.0	162935113	chr2:162934754-162937121	0.17	0.18	0.16	0.19	0.16	0.16	0.18	0.20	0.17	0.15	0.17	0.32
ENSMUST00000018002.12|ENSMUSG00000017858|Ift52	512.7	163045760	chr2:163045357-163046141	0.31	0.40	0.49	0.44	0.66	0.49	0.39	0.51	0.55	0.33	0.57	0.93
ENSMUST00000018005.9|ENSMUSG00000017861|Mybl2	10.0	163083582	chr2:163083291-163084688	NA	NA	NA	NA	0.12	0.13	NA	NA	0.24	0.26	NA	NA
ENSMUST00000109428.8|ENSMUSG00000074607|Tox2	172.5	163323669	chr2:163322777-163324170	NA	0.70	NA	NA	NA	0.76	NA	NA	NA	NA	0.68	0.81
ENSMUST00000046908.9|ENSMUSG00000035399|Oser1	1118.7	163406098	chr2:163405821-163406407	0.47	0.49	0.37	0.52	0.82	0.48	0.40	0.40	0.38	0.52	0.82	0.49
ENSMUST00000109420.9|ENSMUSG00000017943|Gdap1l1	327.8	163454785	chr2:163453924-163455324	0.21	0.14	0.07	0.20	NA	0.24	0.24	0.12	NA	NA	0.20	0.23
ENSMUST00000109418.1|ENSMUSG00000048486|Fitm2	73.2	163468935	chr2:163466378-163469505	0.46	0.41	0.37	0.46	0.20	0.37	0.18	0.45	0.27	0.33	0.47	0.64
ENSMUST00000109405.9|ENSMUSG00000017679|Ttpal	1780.5	163613941	chr2:163613790-163619013	1.00	1.00	1.00	1.00	1.00	1.00	1.00	1.00	1.00	1.00	1.00	1.00
ENSMUST00000017851.3|ENSMUSG00000017707|Serinc3	127885.6	163624856	chr2:163623271-163625443	0.08	0.09	0.09	0.09	0.10	0.07	0.07	0.09	0.10	0.11	0.11	0.11
ENSMUST00000164399.7|ENSMUSG00000035268|Pkig	76838.3	163725897	chr2:163725533-163726158	0.44	0.36	0.34	0.28	1.00	0.52	0.30	0.33	0.35	0.33	0.64	0.60
ENSMUST00000044734.2|ENSMUSG00000035226|Rims4	447.2	163863743	chr2:163859750-163863905	NA	1.00	1.00	0.90	NA	1.00	0.72	0.59	NA	NA	1.00	1.00
ENSMUST00000018470.9|ENSMUSG00000018326|Ywhab	50202.8	164017194	chr2:164016722-164018588	0.49	0.47	0.37	0.37	0.52	0.38	0.49	0.47	0.43	0.47	0.44	0.55
ENSMUST00000018466.3|ENSMUSG00000018322|Tomm34	1333.3	164053822	chr2:164053539-164054405	0.61	0.67	0.59	0.62	1.00	0.74	0.60	0.51	0.78	0.59	0.71	0.73
ENSMUST00000018353.13|ENSMUSG00000018209|Stk4	137.8	164151979	chr2:164151828-164155524	0.73	0.97	0.87	0.94	1.00	0.54	1.00	0.93	0.78	0.98	0.70	0.96
ENSMUST00000109367.9|ENSMUSG00000017002|Slpi	856.6	164354728	chr2:164354069-164354879	1.00	NA	0.99	1.00	1.00	NA	NA	NA	NA	NA	NA	NA
ENSMUST00000017153.3|ENSMUSG00000017009|Sdc4	6540.0	164425593	chr2:164424246-164426088	0.82	0.82	0.76	0.85	1.00	0.98	0.96	0.90	0.79	0.69	1.00	0.91
ENSMUST00000164863.1|ENSMUSG00000090996|Gm20458	107524.2	164488705	chr2:164488245-164490760	0.24	0.23	0.22	0.22	0.16	0.22	0.27	0.22	0.25	0.23	0.17	0.16
ENSMUST00000109349.8|ENSMUSG00000017734|Dbndd2	12184.7	164490610	chr2:164490332-164493319	0.07	0.04	0.06	0.05	0.07	0.05	0.03	0.05	0.04	0.05	0.11	0.11
ENSMUST00000017443.13|ENSMUSG00000017299|Dnttip1	476.0	164768149	chr2:164767998-164768607	0.13	0.20	0.31	0.20	0.15	0.23	0.22	0.23	0.14	0.25	0.19	0.15
ENSMUST00000056181.6|ENSMUSG00000050373|Snx21	1021.2	164792616	chr2:164792384-164793810	0.40	0.24	0.31	0.31	0.23	0.28	0.24	0.32	0.28	0.23	0.32	0.31
ENSMUST00000134611.3|ENSMUSG00000017307|Acot8	790.1	164794984	chr2:164792764-164799734	0.03	0.11	0.01	0.13	0.02	0.26	0.01	0.11	0.00	0.02	0.16	0.05
ENSMUST00000052107.4|ENSMUSG00000045822|Zswim3	8.1	164821837	chr2:164821686-164822130	0.28	0.46	0.20	0.44	0.15	NA	NA	0.29	NA	NA	NA	NA
ENSMUST00000017908.2|ENSMUSG00000017764|Zswim1	159.0	164826533	chr2:164826194-164826871	0.46	0.57	0.40	0.47	1.00	0.55	0.37	0.37	0.37	0.49	0.71	0.65
ENSMUST00000103092.8|ENSMUSG00000017760|Ctsa	3849382.3	164840537	chr2:164839231-164841032	0.05	0.02	0.02	0.02	0.02	0.02	0.01	0.02	0.02	0.02	0.00	0.01
ENSMUST00000041643.4|ENSMUSG00000039849|Pcif1	678.3	164891265	chr2:164891114-164894454	0.61	0.41	0.67	0.63	0.49	0.41	0.40	0.62	0.39	0.42	0.43	0.51
ENSMUST00000183830.7|ENSMUSG00000039834|Zfp335	598.1	164899870	chr2:164891881-164900022	0.47	0.44	0.30	0.33	0.35	0.37	1.00	0.37	0.23	0.36	0.41	0.38
ENSMUST00000017881.2|ENSMUSG00000017737|Mmp9	3956.8	164955323	chr2:164954903-164955850	0.82	0.55	0.60	0.57	0.60	0.58	0.75	0.64	0.53	0.52	NA	NA
ENSMUST00000202136.1|ENSMUSG00000017740|Slc12a5	382.5	164987632	chr2:164987159-164990275	NA	0.22	NA	0.31	NA	NA	NA	NA	NA	NA	0.34	0.29
ENSMUST00000122070.1|ENSMUSG00000039804|Ncoa5	220.9	165000797	chr2:165000362-165002126	0.90	0.86	0.80	0.68	0.82	0.92	1.00	0.84	0.84	0.83	0.97	1.00
ENSMUST00000017799.11|ENSMUSG00000017652|Cd40	130.8	165071262	chr2:165070910-165072948	0.10	0.10	0.05	0.06	0.11	0.06	0.04	0.06	0.09	0.08	0.05	0.10
ENSMUST00000138643.1|ENSMUSG00000053166|Cdh22	122.3	165135160	chr2:165112326-165135311	NA	0.02	0.02	0.01	0.01	0.02	0.01	0.01	0.01	NA	0.02	0.02
ENSMUST00000132270.7|ENSMUSG00000017664|Slc35c2	5443.3	165280616	chr2:165276553-165282128	0.32	0.29	0.28	0.30	0.34	0.29	0.34	0.29	0.33	0.30	0.37	0.27
ENSMUST00000126318.7|ENSMUSG00000017670|Elmo2	2695.2	165311622	chr2:165308912-165311785	0.06	0.05	0.06	0.05	0.04	0.07	0.06	0.06	0.06	0.05	0.05	0.05
ENSMUST00000103084.3|ENSMUSG00000017667|Zfp334	25.3	165377603	chr2:165374263-165380084	0.06	NA	0.37	0.21	0.15	0.16	NA	0.22	0.11	0.17	NA	NA
ENSMUST00000029208.14|ENSMUSG00000018459|Slc13a3	517.0	165405839	chr2:165405027-165406682	0.29	0.65	0.46	0.49	1.00	0.46	0.83	0.57	0.74	0.42	1.00	0.83
ENSMUST00000039007.6|ENSMUSG00000039725|Trp53rka	325.8	165490582	chr2:165490109-165491235	0.46	0.53	0.51	0.36	0.50	0.57	0.53	0.49	0.67	0.40	0.55	0.56
ENSMUST00000029196.4|ENSMUSG00000027661|Slc2a10	123.5	165519460	chr2:165518239-165519917	0.95	0.65	0.71	0.70	0.88	0.96	1.00	0.81	0.77	0.68	NA	NA
ENSMUST00000063433.7|ENSMUSG00000017897|Eya2	6171.2	165771369	chr2:165771111-165771727	0.34	0.36	0.37	0.37	0.93	0.37	0.33	0.32	0.25	0.40	NA	NA
ENSMUST00000088095.5|ENSMUSG00000027678|Ncoa3	130.3	166070779	chr2:166070140-166073242	0.22	0.08	0.08	0.07	0.17	0.14	0.18	0.11	0.09	0.10	0.14	0.12
ENSMUST00000109249.8|ENSMUSG00000006800|Sulf2	3791.9	166074168	chr2:166073088-166074790	0.13	0.08	0.07	0.05	0.20	0.16	0.09	0.08	0.07	0.06	0.11	0.14
ENSMUST00000036719.11|ENSMUSG00000039621|Prex1	319.5	166567184	chr2:166566341-166567810	0.75	0.85	0.67	0.46	1.00	0.87	1.00	0.82	0.50	0.62	1.00	0.72
ENSMUST00000151826.1|ENSMUSG00000042854|Trp53rkb	16.8	166796012	chr2:166795857-166799505	0.06	0.06	0.18	0.13	0.06	0.05	0.05	0.07	0.04	0.05	0.09	0.23
ENSMUST00000099078.9|ENSMUSG00000074582|Arfgef2	53.0	166894986	chr2:166894785-166898052	0.24	0.32	0.61	0.51	0.67	0.45	0.29	0.73	0.44	0.42	0.41	1.00
ENSMUST00000169290.7|ENSMUSG00000002718|Cse1l	1083.9	166930752	chr2:166930601-166946101	0.21	0.27	0.18	0.25	0.20	0.22	0.20	0.21	0.31	0.24	NA	0.22
ENSMUST00000109235.7|ENSMUSG00000039536|Stau1	1702.4	166948458	chr2:166947548-166949346	0.21	0.26	0.25	0.23	0.27	0.19	0.34	0.20	0.23	0.23	0.25	0.30
ENSMUST00000048988.13|ENSMUSG00000039501|Znfx1	116.3	167036061	chr2:167035792-167036727	0.96	0.93	0.71	0.52	0.73	1.00	0.61	0.70	0.64	0.55	0.85	0.54
ENSMUST00000207917.1|ENSMUSG00000050556|Kcnb1	86.7	167103720	chr2:167095968-167104355	NA	0.21	0.16	0.13	NA	NA	0.06	0.11	0.10	0.17	0.11	0.16
ENSMUST00000018113.7|ENSMUSG00000017969|Ptgis	54.1	167203175	chr2:167202906-167203326	NA	0.55	NA	NA	0.00	NA	NA	NA	NA	NA	1.00	0.73
ENSMUST00000109221.8|ENSMUSG00000017929|B4galt5	75.8	167301169	chr2:167298443-167301338	0.17	0.07	0.15	0.19	0.16	0.12	0.33	0.13	0.18	0.17	0.18	0.12
ENSMUST00000047815.12|ENSMUSG00000039463|Slc9a8	238.4	167474629	chr2:167474132-167477000	0.87	1.00	0.93	1.00	0.71	NA	1.00	1.00	0.90	0.98	NA	NA
ENSMUST00000057627.15|ENSMUSG00000047030|Spata2	283.4	167482968	chr2:167481132-167483352	0.64	0.79	0.66	0.65	1.00	1.00	1.00	0.70	0.80	0.68	0.96	0.74
ENSMUST00000127939.1|ENSMUSG00000006418|Rnf114	39689.0	167511326	chr2:167510903-167516164	0.41	0.43	0.45	0.47	0.33	0.36	0.51	0.50	0.37	0.44	0.43	0.42
ENSMUST00000052631.7|ENSMUSG00000042821|Snai1	83.4	167542384	chr2:167542080-167542814	NA	0.55	0.26	0.35	NA	0.37	0.29	0.31	0.23	0.30	NA	NA
ENSMUST00000109207.9|ENSMUSG00000078923|Ube2v1	67319.6	167608108	chr2:167607637-167609103	0.38	0.37	0.32	0.34	0.62	0.44	0.32	0.26	0.37	0.34	0.48	0.50
ENSMUST00000125544.2|ENSMUSG00000089739|Gm20431	35266.2	167608187	chr2:167607849-167609103	0.73	0.77	0.64	0.77	1.00	0.76	0.69	0.62	0.75	0.70	0.89	0.88
ENSMUST00000006587.6|ENSMUSG00000090213|Tmem189	2157.0	167643416	chr2:167642607-167644063	0.48	0.46	0.38	0.27	0.60	0.46	0.35	0.44	0.36	0.34	0.44	0.41
ENSMUST00000070642.3|ENSMUSG00000056501|Cebpb	803220.8	167690151	chr2:167689909-167690418	0.43	0.42	0.37	0.33	1.00	0.58	0.33	0.36	0.33	0.35	0.66	0.59
ENSMUST00000029053.7|ENSMUSG00000027540|Ptpn1	1247.1	167976786	chr2:167976635-167979385	0.38	0.31	0.29	0.33	0.36	0.15	0.24	0.45	0.26	0.35	0.15	0.29
ENSMUST00000099073.2|ENSMUSG00000074577|Ripor3	17.1	167980415	chr2:167980165-167980825	NA	NA	0.45	0.41	0.74	NA	0.56	0.67	0.73	0.88	NA	NA
ENSMUST00000057793.10|ENSMUSG00000051149|Adnp	344.0	168181898	chr2:168180985-168182049	0.94	1.00	1.00	0.71	1.00	1.00	NA	1.00	1.00	0.75	1.00	1.00
ENSMUST00000138667.1|ENSMUSG00000093752|Gm20716	25.4	168210383	chr2:168180985-168210534	0.01	0.03	0.02	0.03	0.02	0.01	0.02	0.01	0.02	0.02	0.02	0.02
ENSMUST00000099072.10|ENSMUSG00000078919|Dpm1	2245.2	168217610	chr2:168210541-168217761	0.04	0.02	0.02	0.03	0.03	0.03	0.03	0.02	0.03	0.03	0.03	0.03
ENSMUST00000099071.4|ENSMUSG00000074576|Mocs3	23.5	168232165	chr2:168232014-168232594	0.02	0.56	0.72	0.39	NA	0.39	NA	NA	0.08	NA	0.79	0.64
ENSMUST00000109175.8|ENSMUSG00000027546|Atp9a	3104.6	168634618	chr2:168634437-168634774	0.33	0.34	0.26	0.28	0.68	0.45	0.33	0.27	0.24	0.36	0.46	0.42
ENSMUST00000185239.1|ENSMUSG00000047907|Tshz2	1.7	169888372	chr2:169886458-170071816	0.01	0.00	0.00	0.00	0.01	NA	0.00	NA	NA	NA	0.00	0.00
ENSMUST00000154650.7|ENSMUSG00000013523|Bcas1	5765.8	170347401	chr2:170346990-170348076	0.30	0.33	0.28	0.29	0.67	0.38	0.41	0.40	0.35	0.37	0.46	0.45
ENSMUST00000063682.11|ENSMUSG00000052033|Pfdn4	1170.6	170518952	chr2:170518801-170519123	0.16	0.12	0.17	0.13	0.28	0.16	0.04	0.08	0.13	0.11	0.21	0.23
ENSMUST00000029075.4|ENSMUSG00000027560|Dok5	125.5	170879421	chr2:170879235-170879769	0.41	0.41	0.34	0.23	0.84	0.25	0.25	0.27	0.42	0.24	0.37	0.28
ENSMUST00000028995.4|ENSMUSG00000027495|Fam210b	343.9	172353576	chr2:172352799-172355749	0.41	0.54	0.66	0.48	0.42	0.37	0.31	0.51	0.67	0.61	0.53	0.65
ENSMUST00000109140.9|ENSMUSG00000027496|Aurka	191.7	172356496	chr2:172356189-172356798	NA	NA	0.20	0.17	0.62	0.36	NA	NA	0.28	0.41	0.64	0.59
ENSMUST00000116375.1|ENSMUSG00000027498|Cstf1	137.6	172380935	chr2:172380616-172382448	0.22	0.18	0.32	0.26	0.27	0.21	0.16	0.28	0.23	0.29	0.16	0.38
ENSMUST00000029005.3|ENSMUSG00000027502|Rtf2	834.0	172469535	chr2:172468771-172469908	0.84	0.88	0.80	0.74	1.00	0.88	0.65	0.63	0.80	0.69	1.00	1.00
ENSMUST00000009143.7|ENSMUSG00000008999|Bmp7	2012.6	172869853	chr2:172868011-172870139	0.27	0.23	0.39	0.32	0.24	0.16	0.29	0.34	0.23	0.30	0.17	0.33
ENSMUST00000029013.9|ENSMUSG00000027509|Rae1	984.4	173015517	chr2:173015366-173015739	0.26	0.23	0.21	0.30	0.42	0.23	0.25	0.19	0.22	0.24	0.31	0.30
ENSMUST00000029018.13|ENSMUSG00000027514|Zbp1	171.2	173206887	chr2:173206611-173207219	NA	NA	0.26	0.34	0.55	0.31	0.20	0.28	0.42	0.29	NA	NA
ENSMUST00000036248.12|ENSMUSG00000038400|Pmepa1	7860.9	173227522	chr2:173224457-173227824	0.18	0.10	0.13	0.15	0.19	0.11	0.22	0.16	0.13	0.16	0.12	0.17
ENSMUST00000142820.7|ENSMUSG00000027519|Rab22a	9593.5	173695425	chr2:173695274-173707315	0.25	0.30	0.33	0.34	0.27	0.24	0.27	0.33	0.30	0.30	0.35	0.37
ENSMUST00000067530.5|ENSMUSG00000054455|Vapb	101.1	173779095	chr2:173778218-173784339	0.03	0.03	0.04	0.02	0.02	0.03	0.05	0.04	0.02	0.03	0.14	0.09
ENSMUST00000087908.9|ENSMUSG00000027522|Stx16	122.0	174097300	chr2:174097020-174099771	0.89	0.73	0.60	1.00	1.00	1.00	1.00	0.92	0.52	1.00	1.00	0.89
ENSMUST00000109096.8|ENSMUSG00000027523|Gnas	161845.0	174285583	chr2:174285432-174346744	0.30	0.42	1.00	0.86	1.00	0.43	1.00	1.00	0.18	0.14	NA	NA
ENSMUST00000168292.1|ENSMUSG00000090625|Gm20721	767042.2	174334126	chr2:174330318-174334277	0.00	0.00	0.00	0.00	0.00	0.00	0.00	0.00	0.00	0.00	0.00	0.00
ENSMUST00000109075.7|ENSMUSG00000016253|Nelfcd	934.1	174427261	chr2:174427062-174427502	0.42	0.40	0.36	0.33	0.63	0.36	0.34	0.32	0.38	0.41	0.50	0.48
ENSMUST00000016400.8|ENSMUSG00000016256|Ctsz	262425.3	174427709	chr2:174427492-174427874	0.39	0.38	0.35	0.37	0.79	0.50	0.32	0.30	0.40	0.37	0.55	0.43
ENSMUST00000016396.7|ENSMUSG00000016252|Atp5e	7235.0	174462354	chr2:174461071-174462505	0.12	0.00	0.12	0.02	0.00	0.00	0.00	0.10	0.02	0.06	0.00	0.00
ENSMUST00000016401.14|ENSMUSG00000016257|Prelid3b	4139.7	174465380	chr2:174465066-174465816	0.43	0.40	0.41	0.37	1.00	0.56	0.39	0.37	0.39	0.42	0.60	0.58
ENSMUST00000029030.8|ENSMUSG00000027524|Edn3	2753.1	174782409	chr2:174781915-174784042	0.37	0.34	0.31	0.33	0.50	0.31	0.33	0.33	0.32	0.33	0.28	0.30
ENSMUST00000109059.7|ENSMUSG00000090093|Gm14399	21.0	175132748	chr2:175132481-175132927	0.51	0.53	NA	NA	NA	1.00	NA	NA	NA	NA	1.00	0.96
ENSMUST00000109055.1|ENSMUSG00000078903|Gm14391	786.0	175197305	chr2:175196941-175197543	0.42	0.52	0.50	0.56	0.35	0.49	0.48	0.36	0.48	0.47	0.36	0.37
ENSMUST00000109051.7|ENSMUSG00000078901|Gm14440	42.3	175284483	chr2:175283691-175286805	0.26	0.19	0.24	0.36	0.26	0.11	0.15	0.28	0.32	0.26	0.20	0.21
ENSMUST00000121393.8|ENSMUSG00000078899|Gm4631	59.9	175323768	chr2:175321954-175324745	0.46	0.60	0.43	NA	NA	0.23	NA	0.43	NA	0.40	0.67	0.48
ENSMUST00000131676.7|ENSMUSG00000078898|Zfp968	117.6	175381017	chr2:175380841-175381786	0.89	0.46	0.50	0.53	0.52	0.56	0.54	0.96	0.67	0.68	0.44	0.35
ENSMUST00000152941.1|ENSMUSG00000078897|Gm4724	2778.8	175424610	chr2:175423892-175424761	1.00	0.94	0.99	1.00	0.86	1.00	1.00	1.00	1.00	0.80	0.79	0.90
ENSMUST00000109042.9|ENSMUSG00000078896|Zfp965	130.4	175478650	chr2:175478393-175479337	1.00	0.82	0.75	1.00	NA	0.61	0.90	1.00	0.90	0.86	1.00	0.53
ENSMUST00000109020.8|ENSMUSG00000078889|Gm14288	46.7	175791679	chr2:175789356-175792470	0.29	0.20	0.25	0.37	0.25	0.10	0.14	0.27	0.36	0.28	0.21	0.20
ENSMUST00000109011.7|ENSMUSG00000078887|Gm6710	648.2	175878860	chr2:175878618-175879656	0.38	0.40	0.44	0.51	0.36	0.43	0.37	0.32	0.35	0.31	0.33	0.31
ENSMUST00000109007.7|ENSMUSG00000078886|Gm2026	2661.7	175977100	chr2:175976362-175977635	0.30	0.22	0.22	0.28	0.60	0.29	0.15	0.17	0.18	0.28	0.27	0.33
ENSMUST00000099009.8|ENSMUSG00000078894|2210418O10Rik	34.3	176238467	chr2:176237077-176240328	NA	0.38	0.87	0.62	0.49	0.48	NA	0.66	0.56	0.81	0.68	0.72
ENSMUST00000127687.7|ENSMUSG00000089951|Zfp968-ps	67.5	176432492	chr2:176432222-176433086	0.60	1.00	0.55	1.00	0.44	0.88	0.86	1.00	0.90	1.00	1.00	0.66
ENSMUST00000120959.7|ENSMUSG00000078881|Gm14434	2112.7	176475030	chr2:176474629-176475739	0.43	0.33	0.33	0.43	0.78	0.43	0.27	0.29	0.33	0.48	0.39	0.41
ENSMUST00000238250.1|ENSMUSG00000095199|Zfp967	8.8	176533421	chr2:176533270-176533785	NA	NA	NA	0.59	0.82	NA	NA	0.54	0.69	0.61	NA	0.65
ENSMUST00000119149.7|ENSMUSG00000078880|Gm14308	2843.9	176624580	chr2:176624193-176625303	0.42	0.34	0.34	0.45	0.93	0.49	0.26	0.29	0.33	0.47	0.41	0.46
ENSMUST00000108980.8|ENSMUSG00000078878|Gm14305	2680.2	176719501	chr2:176719350-176720203	1.00	1.00	1.00	1.00	1.00	1.00	1.00	1.00	1.00	1.00	0.96	1.00
ENSMUST00000118012.8|ENSMUSG00000078877|Gm14295	886.9	176808012	chr2:176807756-176808618	0.53	0.69	0.58	0.51	0.59	0.55	0.64	0.70	0.60	0.65	0.73	0.63
ENSMUST00000134982.7|ENSMUSG00000074527|Gm14296	21.5	176902600	chr2:176892508-176902751	NA	NA	NA	NA	NA	NA	0.31	NA	0.10	NA	0.44	0.40
ENSMUST00000156844.7|ENSMUSG00000078875|Gm14419	653.8	177010226	chr2:177010075-177010513	0.83	1.00	0.89	0.96	0.72	1.00	0.94	0.91	0.37	1.00	0.97	0.83
ENSMUST00000108964.1|ENSMUSG00000078870|Gm14410	6739.8	177195283	chr2:177194848-177195434	1.00	1.00	1.00	1.00	1.00	1.00	1.00	1.00	1.00	1.00	1.00	1.00
ENSMUST00000108955.1|ENSMUSG00000078867|Gm14418	17.6	177388795	chr2:177388084-177389159	0.78	NA	NA	0.87	NA	0.51	NA	0.69	NA	NA	0.89	0.92
ENSMUST00000099002.9|ENSMUSG00000078866|Zfp970	29.4	177477827	chr2:177477676-177478129	1.00	NA	NA	1.00	NA	NA	1.00	1.00	NA	0.87	1.00	0.70
ENSMUST00000108935.7|ENSMUSG00000074521|Gm14327	28.8	177905100	chr2:177904680-177905784	NA	0.35	NA	0.40	NA	0.26	0.13	0.62	0.14	NA	0.17	0.27
ENSMUST00000108932.7|ENSMUSG00000078862|Gm14326	35.9	177936285	chr2:177935992-177936540	NA	0.19	NA	NA	NA	NA	0.45	0.34	NA	0.08	0.19	0.18
ENSMUST00000108925.9|ENSMUSG00000074519|Zfp971	47.2	178031917	chr2:178031651-178032287	0.68	0.97	0.72	0.85	0.56	1.00	0.74	0.94	NA	NA	0.77	0.62
ENSMUST00000108923.1|ENSMUSG00000078861|Zfp931	132.9	178069011	chr2:178068489-178069553	0.67	1.00	0.59	0.64	1.00	1.00	1.00	0.64	1.00	0.57	0.97	1.00
ENSMUST00000108917.7|ENSMUSG00000027525|Phactr3	902.4	178335935	chr2:178335518-178338492	0.06	0.04	0.02	0.06	0.10	0.06	0.04	0.05	0.06	0.01	0.06	0.06
ENSMUST00000058678.4|ENSMUSG00000049999|Ppp1r3d	32.8	178412597	chr2:178411205-178413370	NA	0.55	1.00	0.83	NA	1.00	NA	0.86	1.00	1.00	1.00	1.00
ENSMUST00000094251.10|ENSMUSG00000070476|Fam217b	24.7	178421851	chr2:178421405-178424428	NA	0.26	0.18	0.09	0.53	0.31	NA	0.09	0.10	0.14	0.29	0.16
ENSMUST00000000314.12|ENSMUSG00000000305|Cdh4	12.0	179896209	chr2:179895915-179899373	NA	0.16	NA	NA	0.01	NA	NA	NA	NA	NA	0.38	0.13
ENSMUST00000041618.12|ENSMUSG00000039117|Taf4	22.7	179912685	chr2:179912151-179913441	0.93	1.00	0.77	0.64	NA	NA	1.00	1.00	0.72	0.74	0.93	0.73
ENSMUST00000041126.8|ENSMUSG00000039086|Ss18l1	31.3	180067506	chr2:180067355-180070201	0.73	1.00	0.90	0.58	NA	NA	NA	1.00	NA	NA	0.88	0.84
ENSMUST00000166724.1|ENSMUSG00000039059|Hrh3	2625.6	180102708	chr2:180100278-180102859	0.23	0.36	0.31	0.47	0.18	0.24	0.63	0.36	0.42	0.22	0.39	0.37
ENSMUST00000040668.8|ENSMUSG00000039050|Osbpl2	504.5	180162254	chr2:180161588-180162680	0.61	0.63	0.56	0.52	0.74	0.66	0.65	0.55	0.53	0.52	0.65	0.88
ENSMUST00000108891.1|ENSMUSG00000038990|Cables2	142.6	180259039	chr2:180258539-180260045	0.71	0.57	0.48	0.58	0.72	0.74	0.88	0.59	0.47	0.59	0.59	0.65
ENSMUST00000029085.8|ENSMUSG00000027569|Mrgbp	258.9	180585796	chr2:180585485-180586287	0.62	0.64	0.67	0.60	1.00	1.00	0.61	0.58	0.47	0.46	0.72	0.71
ENSMUST00000029087.3|ENSMUSG00000049401|Ogfr	1860.9	180595673	chr2:180595522-180595836	0.37	0.30	0.32	0.25	0.44	0.34	0.30	0.23	0.31	0.25	0.43	0.41
ENSMUST00000132527.8|ENSMUSG00000027570|Col9a3	95.5	180621665	chr2:180621417-180622189	0.15	0.37	0.15	0.12	0.44	0.09	0.10	0.25	0.16	0.12	0.34	0.20
ENSMUST00000029090.8|ENSMUSG00000027573|Gid8	262.0	180718319	chr2:180718008-180718733	0.33	0.64	0.27	0.33	0.47	0.45	0.43	0.38	0.46	0.28	0.51	0.49
ENSMUST00000037299.14|ENSMUSG00000038848|Ythdf1	456.1	180904827	chr2:180904376-180905644	0.53	0.69	0.61	0.58	0.90	0.80	0.66	0.71	0.62	0.58	1.00	0.83
ENSMUST00000103053.9|ENSMUSG00000027574|Nkain4	1154.1	180934871	chr2:180934771-180935022	0.32	0.25	0.36	0.22	0.29	0.24	0.24	0.15	0.20	0.13	0.25	0.28
ENSMUST00000029092.12|ENSMUSG00000027575|Arfgap1	1334.8	180982126	chr2:180981367-180982526	0.50	0.59	0.60	0.56	0.67	0.52	0.70	0.61	0.52	0.48	0.77	0.66
ENSMUST00000149964.8|ENSMUSG00000016346|Kcnq2	581.1	181080904	chr2:181075578-181081055	NA	0.91	1.00	0.97	NA	NA	0.58	1.00	NA	NA	1.00	0.96
ENSMUST00000016488.12|ENSMUSG00000016344|Ppdpf	12992.2	181188447	chr2:181188296-181188771	0.11	0.20	0.13	0.21	0.06	0.10	0.10	0.16	0.09	0.07	0.11	0.15
ENSMUST00000108831.7|ENSMUSG00000027580|Helz2	119.0	181228596	chr2:181227614-181228747	1.00	NA	1.00	0.73	1.00	NA	1.00	NA	NA	NA	NA	NA
ENSMUST00000141110.7|ENSMUSG00000038705|Gmeb2	6.9	181264947	chr2:181253784-181265098	NA	NA	NA	0.06	0.05	0.02	NA	0.05	0.03	0.04	NA	0.04
ENSMUST00000103045.3|ENSMUSG00000027581|Stmn3	31084.8	181306615	chr2:181306458-181306766	0.20	0.30	0.19	0.25	0.76	0.42	0.23	0.21	0.37	0.17	0.40	0.38
ENSMUST00000183499.1|ENSMUSG00000038671|Arfrp1	1894.0	181364013	chr2:181359714-181364190	0.15	0.11	0.14	0.16	0.13	0.12	0.11	0.12	NA	0.12	0.11	0.09
ENSMUST00000116366.8|ENSMUSG00000027582|Zgpat	198.9	181380661	chr2:181380510-181383628	0.47	0.10	0.38	0.42	0.25	0.09	0.35	0.29	0.15	0.36	0.08	0.16
ENSMUST00000108804.2|ENSMUSG00000090077|Lime1	32.8	181383431	chr2:181383274-181383628	0.39	0.58	0.61	0.39	0.93	NA	0.35	0.48	0.22	0.38	NA	0.94
ENSMUST00000029106.12|ENSMUSG00000027583|Zbtb46	52.8	181390915	chr2:181387761-181391066	1.00	1.00	1.00	0.98	0.90	NA	NA	0.94	NA	NA	1.00	1.00
ENSMUST00000184588.7|ENSMUSG00000000827|Tpd52l2	8404.8	181502171	chr2:181502020-181515115	0.08	0.08	0.08	0.08	0.07	0.07	0.07	0.08	0.07	0.08	0.08	0.07
ENSMUST00000072334.11|ENSMUSG00000000826|Dnajc5	2374.8	181552538	chr2:181549373-181555133	0.07	0.07	0.05	0.05	0.17	0.12	0.13	0.08	0.05	0.05	0.11	0.09
ENSMUST00000129469.7|ENSMUSG00000089917|Uckl1	3042.6	181569467	chr2:181569162-181570390	0.07	0.00	0.11	0.02	0.15	0.04	0.00	0.00	0.00	0.01	0.00	0.03
ENSMUST00000108789.8|ENSMUSG00000000823|Zfp512b	112.0	181584673	chr2:181582102-181584824	1.00	NA	1.00	1.00	0.82	1.00	1.00	1.00	1.00	1.00	NA	0.98
ENSMUST00000183836.1|ENSMUSG00000038605|Samd10	1651.0	181597171	chr2:181595220-181597576	1.00	1.00	1.00	1.00	0.84	1.00	1.00	1.00	0.87	1.00	0.93	0.86
ENSMUST00000054491.5|ENSMUSG00000046470|Sox18	4454.0	181670051	chr2:181669835-181670205	0.33	0.32	0.21	0.24	0.46	0.32	0.28	0.29	0.27	0.29	0.37	0.34
ENSMUST00000108779.7|ENSMUSG00000002458|Rgs19	9230.0	181689376	chr2:181688421-181689703	1.00	1.00	1.00	1.00	1.00	1.00	NA	1.00	1.00	1.00	NA	NA
ENSMUST00000108754.7|ENSMUSG00000027589|Pcmtd2	349.0	181855419	chr2:181855055-181857446	0.57	0.72	0.71	0.61	1.00	1.00	0.88	0.66	0.69	0.75	0.77	1.00
ENSMUST00000039551.8|ENSMUSG00000038628|Polr3k	1472.5	181869448	chr2:181868328-181870830	0.16	0.25	0.17	0.18	0.26	0.17	0.11	0.16	0.16	0.12	0.19	0.18
