Gene	fit_value	Predicted_Proximal_APA	Loci	/home/taylor/stroke_APA_work/bedgraph/day1_rep1_PDUI	/home/taylor/stroke_APA_work/bedgraph/day1_rep2_PDUI	/home/taylor/stroke_APA_work/bedgraph/day21_rep1_PDUI	/home/taylor/stroke_APA_work/bedgraph/day21_rep2_PDUI	/home/taylor/stroke_APA_work/bedgraph/day3_rep1_PDUI	/home/taylor/stroke_APA_work/bedgraph/day3_rep2_PDUI	/home/taylor/stroke_APA_work/bedgraph/day60_rep1_PDUI	/home/taylor/stroke_APA_work/bedgraph/day60_rep2_PDUI	/home/taylor/stroke_APA_work/bedgraph/day7_rep1_PDUI	/home/taylor/stroke_APA_work/bedgraph/day7_rep2_PDUI	/home/taylor/stroke_APA_work/bedgraph/sham1_PDUI	/home/taylor/stroke_APA_work/bedgraph/sham2_PDUI
ENSMUST00000203566.2|ENSMUSG00000068566|Myadm	3350.9	3299125	chr7:3297683-3300442	0.06	0.04	0.04	0.04	0.11	0.06	0.09	0.04	0.05	0.05	0.05	0.08
ENSMUST00000203081.1|ENSMUSG00000078816|Prkcg	735.1	3310995	chr7:3310844-3319012	0.09	0.08	0.09	0.07	NA	0.09	0.09	0.06	0.05	NA	0.08	0.07
ENSMUST00000134683.1|ENSMUSG00000035674|Ndufa3	160805.0	3619507	chr7:3617952-3620085	0.75	0.03	NA	0.27	0.08	0.05	0.28	0.09	NA	0.09	0.00	0.00
ENSMUST00000153143.1|ENSMUSG00000006335|Tfpt	21.7	3628827	chr7:3624593-3629000	0.00	0.00	0.00	0.00	0.00	0.00	0.00	0.01	0.00	0.00	0.00	0.00
ENSMUST00000125782.7|ENSMUSG00000008373|Prpf31	3812.5	3631219	chr7:3630857-3637057	0.49	0.32	0.59	0.39	0.32	0.24	0.24	0.31	0.48	0.55	0.07	0.10
ENSMUST00000135977.7|ENSMUSG00000035632|Cnot3	926.6	3653644	chr7:3653213-3658741	0.29	0.31	0.28	0.37	0.34	0.30	0.37	0.39	0.34	0.31	0.18	0.31
ENSMUST00000019878.7|ENSMUSG00000078813|Leng1	651.5	3660727	chr7:3660097-3661143	0.72	0.67	0.50	0.63	0.54	0.76	0.42	0.63	0.43	0.44	0.67	0.69
ENSMUST00000145034.2|ENSMUSG00000019734|Tmc4	159.6	3665889	chr7:3665790-3666059	NA	NA	1.00	0.55	0.64	NA	0.34	0.72	NA	0.84	NA	NA
ENSMUST00000127106.7|ENSMUSG00000035596|Mboat7	1187.8	3688522	chr7:3677792-3688678	0.08	0.06	0.07	0.07	0.05	0.06	0.10	0.06	0.05	0.07	0.10	0.12
ENSMUST00000155060.7|ENSMUSG00000035585|Tsen34	608.2	3695621	chr7:3695360-3700602	0.01	0.00	0.00	0.00	0.00	0.00	0.00	0.00	0.00	0.00	0.00	0.00
ENSMUST00000108623.7|ENSMUSG00000006333|Rps9	563768.5	3706168	chr7:3706017-3706895	1.00	1.00	NA	NA	1.00	1.00	NA	NA	NA	1.00	NA	NA
ENSMUST00000032594.12|ENSMUSG00000030428|Ttyh1	46756.2	4125743	chr7:4125556-4135330	0.08	0.08	0.10	0.09	0.09	0.09	0.10	0.09	0.09	0.09	0.09	0.09
ENSMUST00000037472.12|ENSMUSG00000035545|Leng8	2064.2	4145736	chr7:4145585-4148177	1.00	NA	1.00	1.00	1.00	NA	1.00	1.00	NA	1.00	NA	NA
ENSMUST00000119485.7|ENSMUSG00000008435|Rdh13	18.8	4425873	chr7:4424769-4427560	0.09	0.06	NA	0.03	NA	NA	NA	NA	0.13	0.02	NA	0.18
ENSMUST00000125220.2|ENSMUSG00000019254|Ppp1r12c	557.7	4497142	chr7:4489810-4497293	0.01	0.00	0.00	0.00	0.00	0.00	0.02	0.00	0.00	0.00	0.00	0.00
ENSMUST00000094897.4|ENSMUSG00000055809|Dnaaf3	10.5	4523167	chr7:4522932-4523318	0.37	0.15	0.33	0.28	0.76	NA	0.41	0.28	0.40	0.14	NA	NA
ENSMUST00000065957.6|ENSMUSG00000004961|Syt5	1777.8	4539948	chr7:4539764-4540100	0.46	0.37	0.21	0.37	0.27	0.37	0.17	0.22	0.34	0.38	0.42	0.39
ENSMUST00000064099.7|ENSMUSG00000052296|Ppp6r1	2787.8	4632084	chr7:4631494-4632243	0.29	0.24	0.28	0.25	0.44	0.37	0.30	0.22	0.28	0.25	0.39	0.26
ENSMUST00000079970.5|ENSMUSG00000063802|Hspbp1	4081.8	4660622	chr7:4660520-4660773	0.33	0.27	0.23	0.27	0.46	0.36	0.29	0.26	0.30	0.31	0.34	0.35
ENSMUST00000048248.8|ENSMUSG00000035390|Brsk1	8.8	4715655	chr7:4715487-4715997	NA	NA	0.44	NA	NA	NA	0.26	NA	NA	NA	0.29	0.32
ENSMUST00000086364.10|ENSMUSG00000046456|Tmem150b	133.0	4708817	chr7:4706831-4709010	NA	NA	0.24	0.17	0.12	NA	0.15	0.20	NA	NA	0.17	0.28
ENSMUST00000160480.1|ENSMUSG00000059851|Kmt5c	1246.2	4745983	chr7:4745832-4746898	1.00	1.00	1.00	1.00	0.62	1.00	1.00	1.00	1.00	1.00	0.89	0.78
ENSMUST00000183334.7|ENSMUSG00000051811|Cox6b2	256.6	4751910	chr7:4751794-4752146	0.49	0.83	1.00	0.36	1.00	0.37	0.49	1.00	0.71	0.55	0.84	0.94
ENSMUST00000094892.11|ENSMUSG00000004371|Il11	87721.6	4773270	chr7:4772372-4773569	0.43	0.32	NA	NA	0.97	0.36	NA	NA	NA	NA	0.00	NA
ENSMUST00000168578.2|ENSMUSG00000030431|Tmem238	23.3	4788734	chr7:4784556-4789014	0.01	0.01	NA	0.00	0.01	NA	NA	NA	NA	NA	0.03	0.02
ENSMUST00000032597.11|ENSMUSG00000030432|Rpl28	799.9	4794655	chr7:4794504-4795066	0.10	0.01	0.19	0.20	0.00	0.06	0.00	0.07	0.13	0.07	0.01	0.14
ENSMUST00000064547.12|ENSMUSG00000052605|Isoc2b	46.2	4845121	chr7:4844958-4845272	0.31	0.31	0.13	0.31	0.69	0.19	0.24	0.31	0.46	0.43	0.51	0.61
ENSMUST00000047309.5|ENSMUSG00000035285|Nat14	3255.8	4924695	chr7:4924448-4925006	0.26	0.27	0.25	0.25	0.47	0.24	0.25	0.31	0.32	0.24	0.30	0.34
ENSMUST00000162731.1|ENSMUSG00000051550|Zfp579	54.4	4993073	chr7:4992851-4993224	0.30	0.34	0.23	0.31	1.00	0.19	0.48	0.27	0.46	0.42	0.52	0.44
ENSMUST00000167804.8|ENSMUSG00000061374|Fiz1	140.9	5007369	chr7:5007058-5008017	0.72	0.47	0.43	0.58	0.93	0.82	0.68	0.50	0.63	0.63	0.93	0.69
ENSMUST00000076251.6|ENSMUSG00000074405|Zfp865	112.4	5032342	chr7:5032191-5036768	NA	NA	0.48	NA	0.57	NA	0.38	1.00	NA	0.53	NA	NA
ENSMUST00000076791.3|ENSMUSG00000116184|4632433K11Rik	25.1	5035116	chr7:5034965-5035246	NA	0.99	1.00	1.00	NA	1.00	NA	1.00	NA	NA	0.93	0.93
ENSMUST00000062428.4|ENSMUSG00000043290|Zfp784	32.4	5035049	chr7:5034438-5035666	0.42	0.51	0.26	0.26	0.30	0.65	0.23	0.41	0.58	0.27	0.78	0.43
ENSMUST00000069324.6|ENSMUSG00000055633|Zfp580	758.6	5053483	chr7:5053332-5053723	0.33	0.40	0.44	0.23	0.65	0.48	0.31	0.38	0.35	0.28	0.50	0.44
ENSMUST00000098845.9|ENSMUSG00000035203|Epn1	475.6	5098062	chr7:5097777-5098178	NA	0.72	0.35	0.47	1.00	0.59	0.35	0.49	0.18	0.26	0.83	0.60
ENSMUST00000094870.2|ENSMUSG00000046792|Zfp787	198.2	6131741	chr7:6131490-6132107	0.36	0.40	0.43	0.28	1.00	0.67	0.51	0.32	0.39	0.37	0.55	0.67
ENSMUST00000108567.8|ENSMUSG00000044876|Zfp444	369.0	6190261	chr7:6189977-6193811	0.04	0.02	0.04	0.04	0.02	0.03	0.02	0.06	0.03	0.04	0.03	0.05
ENSMUST00000207314.1|ENSMUSG00000055150|Zfp78	4.1	6379673	chr7:6379488-6382605	0.17	NA	NA	NA	0.05	NA	NA	0.12	NA	NA	0.04	NA
ENSMUST00000239104.1|ENSMUSG00000002265|Peg3	49.2	6706895	chr7:6703891-6707508	NA	NA	0.35	0.33	NA	0.55	0.31	0.30	0.39	0.37	0.35	0.41
ENSMUST00000056246.7|ENSMUSG00000062116|Zfp954	55.7	7114958	chr7:7114689-7115295	0.70	0.44	0.27	0.27	0.44	0.50	0.62	0.41	1.00	0.40	0.80	0.42
ENSMUST00000074455.8|ENSMUSG00000066838|Zfp772	16.9	7203226	chr7:7202116-7203442	0.54	0.83	NA	0.67	NA	0.85	0.08	0.52	NA	0.55	NA	0.80
ENSMUST00000211433.1|ENSMUSG00000095730|Vmn2r29	0.8	7239979	chr7:7234378-7240175	NA	NA	0.00	NA	0.00	NA	0.06	0.01	NA	NA	0.00	0.00
ENSMUST00000211574.1|ENSMUSG00000000605|Clcn4	17038.3	7293914	chr7:7291314-7296654	NA	0.25	NA	0.27	0.23	0.26	NA	0.28	0.27	0.25	0.23	0.19
ENSMUST00000032551.7|ENSMUSG00000030393|Zik1	17.0	10489309	chr7:10487228-10489779	NA	NA	NA	0.48	NA	0.39	NA	NA	NA	NA	0.20	0.48
ENSMUST00000004614.14|ENSMUSG00000058638|Zfp110	140.8	12850224	chr7:12849922-12850577	0.30	0.25	0.38	0.37	0.53	0.63	0.25	0.32	0.48	0.31	0.30	0.64
ENSMUST00000144578.1|ENSMUSG00000060397|Zfp128	9.4	12891683	chr7:12891422-12893422	NA	0.23	NA	0.41	NA	NA	NA	0.31	0.44	0.18	NA	NA
ENSMUST00000117189.1|ENSMUSG00000054715|Zscan22	65.4	12907914	chr7:12907318-12909083	0.63	0.80	0.44	0.62	0.58	0.59	0.36	0.59	0.77	0.64	0.74	0.68
ENSMUST00000045810.14|ENSMUSG00000033961|Zfp446	34.7	12984055	chr7:12982672-12985714	0.27	0.07	0.12	0.14	0.07	0.12	0.05	0.52	0.10	0.11	NA	NA
ENSMUST00000210282.1|ENSMUSG00000049600|Zbtb45	23.7	13005853	chr7:13003897-13006126	0.02	0.13	0.08	0.05	0.08	0.09	0.10	0.14	0.10	0.07	0.08	0.05
ENSMUST00000165394.8|ENSMUSG00000005575|Ube2m	173471.8	13035439	chr7:13035119-13035616	0.16	0.16	0.16	0.17	0.33	0.17	0.14	0.14	0.19	0.19	0.22	0.22
ENSMUST00000119558.7|ENSMUSG00000070814|Zswim9	31.5	13260992	chr7:13258966-13261639	NA	0.94	0.79	0.86	0.67	NA	1.00	1.00	0.86	NA	0.97	0.72
ENSMUST00000044355.9|ENSMUSG00000041571|Selenow	1476523.3	15919714	chr7:15917207-15919865	0.00	0.00	0.00	0.00	0.00	0.00	0.00	0.00	0.00	0.00	0.00	0.00
ENSMUST00000044158.12|ENSMUSG00000041560|Nop53	78.6	15937734	chr7:15936182-15937885	0.16	NA	NA	NA	0.00	0.10	0.00	NA	NA	NA	0.00	0.04
ENSMUST00000098799.4|ENSMUSG00000074364|Ehd2	369.5	15949238	chr7:15946957-15950243	0.03	0.04	0.05	0.06	0.12	0.06	0.07	0.05	0.06	0.05	0.08	0.09
ENSMUST00000127637.7|ENSMUSG00000006024|Napa	17735.0	16109307	chr7:16109156-16113535	0.29	0.23	0.27	0.27	0.26	0.23	0.32	0.30	0.25	0.24	0.23	0.23
ENSMUST00000006178.4|ENSMUSG00000006021|Kptn	152.0	16127391	chr7:16127240-16127516	0.25	0.32	0.10	0.07	0.35	0.35	0.26	0.22	0.38	0.37	0.33	0.40
ENSMUST00000176446.1|ENSMUSG00000041420|Meis3	3918.8	16182519	chr7:16182368-16185515	0.14	0.16	0.13	0.13	0.12	0.12	0.12	0.13	0.12	0.15	0.14	0.12
ENSMUST00000050770.5|ENSMUSG00000049130|C5ar1	3137.1	16247478	chr7:16246742-16248040	0.14	0.17	0.09	0.09	0.24	0.18	0.11	0.14	0.15	0.19	NA	NA
ENSMUST00000169612.2|ENSMUSG00000091811|Inafm1	717.5	16272330	chr7:16272012-16272900	0.60	0.67	0.56	0.57	0.93	0.67	0.61	0.45	0.58	0.51	0.92	0.72
ENSMUST00000002152.12|ENSMUSG00000002083|Bbc3	93.2	16317797	chr7:16317231-16318205	0.44	0.44	0.89	0.48	0.72	0.71	0.36	0.64	0.48	0.45	0.28	0.84
ENSMUST00000210999.1|ENSMUSG00000052833|Sae1	1984.9	16327246	chr7:16320741-16327839	0.01	0.01	0.01	0.01	0.02	0.01	0.01	0.00	0.00	0.01	0.01	0.01
ENSMUST00000209289.1|ENSMUSG00000059273|Zc3h4	67.0	16435658	chr7:16435507-16437696	NA	NA	1.00	1.00	1.00	1.00	1.00	1.00	1.00	1.00	1.00	1.00
ENSMUST00000209536.1|ENSMUSG00000019158|Tmem160	60757.8	16454213	chr7:16454058-16455494	0.09	0.09	0.09	0.08	0.07	0.08	0.09	0.09	0.09	0.09	0.08	0.08
ENSMUST00000075845.10|ENSMUSG00000058230|Arhgap35	688.8	16495184	chr7:16493718-16497655	0.11	0.10	0.09	0.07	0.11	0.16	0.09	0.07	0.04	0.04	0.20	0.23
ENSMUST00000108496.8|ENSMUSG00000001918|Slc1a5	2553.6	16797961	chr7:16797736-16798274	0.39	0.30	0.30	0.37	0.89	0.34	0.34	0.36	0.21	0.37	NA	NA
ENSMUST00000061390.8|ENSMUSG00000048920|Fkrp	219.9	16809741	chr7:16809245-16810453	0.65	0.55	0.62	0.70	1.00	1.00	0.76	0.54	0.81	0.75	0.95	0.81
ENSMUST00000185011.7|ENSMUSG00000030374|Strn4	17767.6	16833996	chr7:16831521-16837982	0.01	0.00	0.02	0.00	0.00	0.00	0.00	0.00	0.00	0.00	0.00	0.00
ENSMUST00000086104.5|ENSMUSG00000041187|Prkd2	241.3	16870186	chr7:16870020-16870464	0.22	0.28	0.18	0.14	0.54	0.17	0.16	0.23	0.23	0.34	0.27	0.47
ENSMUST00000108493.2|ENSMUSG00000078794|Dact3	19073.9	16887097	chr7:16886411-16887462	0.25	0.29	0.19	0.24	0.72	0.29	0.25	0.20	0.25	0.19	0.43	0.36
ENSMUST00000086101.5|ENSMUSG00000043017|Ptgir	45.0	16910309	chr7:16909111-16910905	0.90	0.91	0.52	0.68	NA	NA	NA	1.00	NA	0.77	NA	NA
ENSMUST00000019514.9|ENSMUSG00000019370|Calm3	365615.3	16916627	chr7:16915378-16916950	0.85	0.87	0.83	0.81	0.72	0.80	1.00	0.86	0.80	0.81	0.87	0.77
ENSMUST00000094807.5|ENSMUSG00000070802|Pnmal2	261.2	16947239	chr7:16947075-16948828	NA	NA	NA	NA	NA	NA	1.00	0.51	0.51	NA	1.00	0.94
ENSMUST00000038163.7|ENSMUSG00000041141|Pnmal1	103.9	16962919	chr7:16962033-16964607	0.39	0.51	0.46	0.46	0.43	0.60	0.26	0.43	0.18	NA	0.43	0.47
ENSMUST00000094805.4|ENSMUSG00000041117|Ccdc8	59.1	16997230	chr7:16996642-16997516	NA	0.69	0.33	0.26	NA	0.84	0.46	0.28	0.36	0.36	NA	NA
ENSMUST00000003183.11|ENSMUSG00000003099|Ppp5c	2276.1	17004889	chr7:17004639-17005111	0.43	0.38	0.33	0.37	0.86	0.44	0.33	0.23	0.41	0.41	0.45	0.39
ENSMUST00000135467.7|ENSMUSG00000074358|Ccdc61	494.1	18899488	chr7:18890883-18899639	0.17	0.16	0.14	0.13	0.10	0.14	0.17	0.14	0.17	0.18	0.19	0.12
ENSMUST00000032571.9|ENSMUSG00000030411|Nova2	92.2	18961941	chr7:18958615-18965319	0.00	0.06	0.02	0.04	0.02	0.03	NA	0.02	NA	NA	0.03	0.04
ENSMUST00000131087.1|ENSMUSG00000048481|Mypop	43.4	19001406	chr7:19001158-19001766	NA	0.79	0.49	0.29	NA	0.34	0.96	0.70	0.58	0.49	0.73	0.46
ENSMUST00000053713.4|ENSMUSG00000044030|Irf2bp1	651.2	19006409	chr7:19006188-19006777	0.27	0.23	0.28	0.22	0.35	0.28	0.16	0.25	0.22	0.10	0.42	0.37
ENSMUST00000032570.13|ENSMUSG00000030410|Dmwd	4816.7	19082550	chr7:19082320-19082776	0.39	0.33	0.36	0.40	0.69	0.42	0.31	0.35	0.42	0.31	0.53	0.48
ENSMUST00000154199.7|ENSMUSG00000030409|Dmpk	2966.8	19092694	chr7:19092543-19093821	0.76	0.77	0.86	0.74	0.79	0.83	0.71	0.74	0.63	0.63	0.85	0.76
ENSMUST00000049454.5|ENSMUSG00000040841|Six5	42.2	19098138	chr7:19097742-19098549	NA	NA	0.19	0.19	NA	NA	0.80	0.29	0.20	0.41	NA	NA
ENSMUST00000053109.4|ENSMUSG00000050428|Fbxo46	34.9	19137502	chr7:19137266-19140172	0.16	0.36	0.14	0.12	NA	NA	0.45	0.15	0.16	0.20	NA	0.32
ENSMUST00000032566.2|ENSMUSG00000030407|Qpctl	214.2	19140470	chr7:19139701-19141156	0.78	0.54	0.60	0.44	0.36	0.38	0.48	0.56	0.58	0.47	0.52	0.51
ENSMUST00000049294.3|ENSMUSG00000040824|Snrpd2	805.0	19152798	chr7:19152647-19153542	0.05	0.03	0.15	0.04	0.01	0.04	0.11	0.03	0.13	0.01	0.08	0.08
ENSMUST00000148246.7|ENSMUSG00000040811|Eml2	878.0	19201927	chr7:19201591-19206478	0.19	0.20	0.17	0.20	0.22	0.29	0.18	0.24	0.16	0.18	0.22	0.19
ENSMUST00000060225.5|ENSMUSG00000044317|Gpr4	128.8	19223400	chr7:19223249-19224174	0.46	0.49	NA	0.30	0.21	0.12	NA	0.32	NA	NA	0.15	0.37
ENSMUST00000063976.8|ENSMUSG00000052214|Opa3	830.3	19246424	chr7:19245148-19247868	0.51	0.36	0.35	0.39	0.69	0.50	0.43	0.37	0.29	0.37	0.40	0.42
ENSMUST00000032561.8|ENSMUSG00000030403|Vasp	802.1	19257375	chr7:19256928-19257719	0.58	0.56	0.58	0.51	1.00	0.63	0.78	0.57	0.48	0.48	0.63	0.55
ENSMUST00000032559.16|ENSMUSG00000030401|Rtn2	10631.0	19295962	chr7:19295791-19296160	0.26	0.39	0.26	0.31	0.39	0.35	0.33	0.25	0.36	0.29	0.48	0.46
ENSMUST00000208505.1|ENSMUSG00000003545|Fosb	1252.8	19304809	chr7:19302701-19305146	NA	NA	1.00	0.98	1.00	NA	NA	NA	0.80	1.00	NA	NA
ENSMUST00000177486.1|ENSMUSG00000003549|Ercc1	7413.7	19354518	chr7:19354367-19356522	0.21	0.14	0.13	0.14	0.30	0.12	0.11	0.11	0.12	0.13	0.14	0.18
ENSMUST00000047036.9|ENSMUSG00000047649|Cd3eap	842.4	19356418	chr7:19356013-19356983	0.58	0.71	NA	NA	0.52	NA	0.67	0.37	NA	NA	NA	NA
ENSMUST00000047621.13|ENSMUSG00000040734|Ppp1r13l	34.0	19378307	chr7:19378002-19378533	0.17	NA	NA	NA	0.48	NA	NA	NA	0.33	0.36	NA	NA
ENSMUST00000062831.15|ENSMUSG00000030400|Ercc2	49.8	19394721	chr7:19394441-19395694	0.36	NA	0.71	0.75	NA	NA	NA	NA	0.72	0.74	NA	0.69
ENSMUST00000108458.9|ENSMUSG00000040714|Klc3	14.0	19394492	chr7:19394436-19394643	0.62	NA	0.88	0.93	NA	0.69	0.52	0.33	0.87	0.81	0.71	1.00
ENSMUST00000209058.1|ENSMUSG00000030397|Mark4	52.9	19451507	chr7:19425107-19451658	NA	NA	0.13	0.11	NA	NA	NA	0.19	0.19	0.23	0.13	0.13
ENSMUST00000137613.8|ENSMUSG00000011263|Exoc3l2	15.0	19496128	chr7:19495245-19496762	NA	NA	0.45	0.35	1.00	NA	NA	NA	NA	1.00	NA	NA
ENSMUST00000077408.7|ENSMUSG00000057667|Bloc1s3	123.1	19506140	chr7:19504485-19507016	0.03	0.05	0.06	0.04	0.07	0.05	0.04	0.03	0.05	0.03	0.09	0.08
ENSMUST00000147114.1|ENSMUSG00000002043|Trappc6a	8858.1	19515297	chr7:19514445-19516145	0.03	0.00	0.02	0.01	0.03	0.00	0.03	0.02	0.00	0.00	0.00	0.00
ENSMUST00000058444.9|ENSMUSG00000051403|Ppp1r37	982.4	19531056	chr7:19530799-19531513	NA	0.47	0.37	0.46	0.02	NA	NA	0.22	NA	0.46	0.63	0.64
ENSMUST00000117222.1|ENSMUSG00000044709|Gemin7	6331.8	19565122	chr7:19564945-19565281	0.52	0.53	0.55	0.53	0.62	0.58	0.51	0.53	0.57	0.58	0.60	0.62
ENSMUST00000207663.1|ENSMUSG00000061028|Clasrp	1131.1	19584283	chr7:19581042-19594519	0.37	0.51	0.41	0.34	0.51	0.48	0.35	0.39	0.31	0.34	0.47	0.51
ENSMUST00000208087.1|ENSMUSG00000002983|Relb	2664.4	19611622	chr7:19606552-19616434	0.01	0.01	0.00	0.01	0.03	0.00	0.00	0.00	0.00	0.01	0.02	0.00
ENSMUST00000055242.10|ENSMUSG00000002981|Clptm1	8021.5	19633436	chr7:19631570-19633693	0.03	0.04	0.04	0.04	0.05	0.04	0.03	0.02	0.03	0.03	0.04	0.06
ENSMUST00000174064.8|ENSMUSG00000002985|Apoe	26529904.3	19696231	chr7:19696108-19696382	0.00	0.00	0.00	0.00	0.00	0.00	0.00	0.00	0.00	0.00	0.00	0.00
ENSMUST00000093552.11|ENSMUSG00000002984|Tomm40	7272.9	19701552	chr7:19701312-19701720	0.31	0.28	0.29	0.30	0.45	0.40	0.28	0.30	0.33	0.30	0.46	0.47
ENSMUST00000075447.13|ENSMUSG00000062300|Nectin2	150.0	19717352	chr7:19716643-19717517	0.54	0.41	0.90	0.59	1.00	0.61	1.00	0.56	0.67	0.62	NA	NA
ENSMUST00000133427.1|ENSMUSG00000002980|Bcam	477.7	19768412	chr7:19766986-19768563	0.00	0.00	0.00	0.01	0.00	0.00	0.03	0.01	0.00	0.00	0.00	0.00
ENSMUST00000135609.7|ENSMUSG00000053175|Bcl3	1826.9	19808695	chr7:19808461-19808874	0.39	0.39	0.35	0.30	0.62	0.44	0.32	0.36	0.39	0.41	0.31	0.49
ENSMUST00000172815.3|ENSMUSG00000092216|Gm19345	13.3	19858059	chr7:19857883-19858350	NA	0.58	NA	NA	NA	0.14	NA	NA	NA	NA	0.53	0.33
ENSMUST00000043517.7|ENSMUSG00000040511|Pvr	762.4	19904978	chr7:19903577-19905129	1.00	1.00	NA	0.86	1.00	1.00	NA	0.88	NA	1.00	NA	NA
ENSMUST00000206184.1|ENSMUSG00000057101|Zfp180	295.0	24097993	chr7:24097842-24104558	0.11	0.08	0.08	0.08	0.09	NA	NA	0.07	0.07	0.08	0.07	0.07
ENSMUST00000056549.8|ENSMUSG00000047603|Zfp235	21.3	24142883	chr7:24142263-24143241	NA	NA	0.51	0.60	NA	0.28	0.54	0.42	0.38	NA	NA	0.69
ENSMUST00000086006.11|ENSMUSG00000087598|Zfp111	3.3	24197891	chr7:24193946-24198084	0.16	0.16	0.11	0.15	NA	NA	0.05	0.22	NA	0.14	NA	NA
ENSMUST00000108438.9|ENSMUSG00000055305|Zfp93	4.7	24276679	chr7:24276526-24277794	NA	NA	NA	0.21	NA	0.18	0.23	0.29	NA	0.08	0.14	0.09
ENSMUST00000108436.7|ENSMUSG00000074282|Zfp94	4.7	24302240	chr7:24301703-24302557	NA	NA	0.53	0.59	NA	0.41	NA	0.13	NA	NA	NA	0.98
ENSMUST00000002280.10|ENSMUSG00000002210|Smg9	110.5	24422534	chr7:24422375-24422778	0.42	0.39	0.35	0.29	0.65	0.44	0.32	0.46	0.65	0.37	0.47	0.44
ENSMUST00000068023.7|ENSMUSG00000054793|Cadm4	138.1	24503814	chr7:24503618-24504539	NA	0.88	0.70	0.44	NA	0.87	1.00	0.76	0.62	0.76	0.95	0.73
ENSMUST00000234781.1|ENSMUSG00000117477|Gm50092	974.0	24510545	chr7:24510482-24510715	0.01	0.03	0.08	0.03	0.00	0.05	0.02	0.05	0.04	0.05	0.05	0.03
ENSMUST00000049020.8|ENSMUSG00000041037|Irgq	208.1	24534635	chr7:24534484-24538600	NA	1.00	0.99	1.00	1.00	1.00	1.00	1.00	1.00	1.00	1.00	1.00
ENSMUST00000170837.2|ENSMUSG00000091955|Gm9844	7129.1	24862627	chr7:24862409-24862697	0.91	0.87	0.54	0.64	0.99	0.89	0.68	0.60	0.69	0.84	0.97	0.85
ENSMUST00000129847.7|ENSMUSG00000040952|Rps19	1025272.4	24888465	chr7:24886150-24889806	0.45	0.38	NA	NA	0.56	0.44	0.39	0.39	NA	NA	0.45	0.43
ENSMUST00000003469.7|ENSMUSG00000003379|Cd79a	30.7	24901713	chr7:24901541-24902197	NA	NA	0.16	NA	0.42	NA	0.07	0.05	NA	NA	NA	NA
ENSMUST00000206508.1|ENSMUSG00000040940|Arhgef1	1217.6	24926398	chr7:24926247-24926594	0.37	0.37	0.28	0.24	0.70	0.30	0.25	0.24	0.32	0.28	0.47	0.31
ENSMUST00000205328.1|ENSMUSG00000003378|Grik5	350.0	25065120	chr7:25009848-25065271	NA	0.05	0.05	0.05	NA	0.06	0.10	0.05	0.07	0.04	0.07	0.04
ENSMUST00000179556.1|ENSMUSG00000045252|Zfp574	36.8	25082405	chr7:25082254-25083492	0.11	0.06	0.11	0.06	0.04	0.02	0.06	0.16	0.15	0.07	0.03	0.04
ENSMUST00000175774.8|ENSMUSG00000008496|Pou2f2	7.6	25092645	chr7:25087343-25092965	NA	NA	0.03	0.03	0.17	0.07	NA	NA	0.02	0.01	NA	NA
ENSMUST00000058702.6|ENSMUSG00000054499|Dedd2	186.2	25203151	chr7:25202839-25203542	0.59	0.60	0.59	0.53	0.88	0.76	0.46	0.57	0.40	0.43	0.80	0.80
ENSMUST00000071739.11|ENSMUSG00000057177|Gsk3a	4530.3	25228662	chr7:25228257-25228856	0.24	0.30	0.24	0.24	0.47	0.25	0.24	0.19	0.21	0.23	0.23	0.23
ENSMUST00000169266.7|ENSMUSG00000005442|Cic	181.3	25293927	chr7:25293532-25294159	0.46	0.40	0.52	0.28	0.83	0.94	0.55	0.56	0.25	0.29	0.62	0.53
ENSMUST00000128119.1|ENSMUSG00000045039|Megf8	923.7	25364738	chr7:25364587-25365917	1.00	1.00	1.00	1.00	1.00	1.00	1.00	1.00	1.00	1.00	1.00	1.00
ENSMUST00000205923.1|ENSMUSG00000003123|Lipe	357.2	25383439	chr7:25383152-25383590	0.48	0.42	0.57	0.59	0.56	0.69	0.43	0.37	0.37	0.52	0.45	0.61
ENSMUST00000206940.1|ENSMUSG00000059479|B3gnt8	14959.1	25631844	chr7:25629313-25635100	NA	NA	NA	NA	0.22	0.27	NA	NA	0.24	0.22	NA	NA
ENSMUST00000205808.1|ENSMUSG00000060376|Bckdha	2325.2	25630189	chr7:25629945-25630399	0.40	0.35	0.35	0.39	0.93	0.50	0.42	0.31	0.40	0.37	0.57	0.63
ENSMUST00000079439.9|ENSMUSG00000061702|Tmem91	324.6	25669191	chr7:25669138-25669342	NA	0.17	NA	0.31	NA	0.30	NA	NA	NA	NA	0.20	0.27
ENSMUST00000205658.1|ENSMUSG00000063439|B9d2	519.1	25686442	chr7:25686291-25686558	0.39	0.20	0.25	0.28	0.43	0.34	0.16	0.17	0.15	0.21	0.34	0.41
ENSMUST00000169009.7|ENSMUSG00000002603|Tgfb1	466.3	25692537	chr7:25692383-25697213	0.03	0.03	0.03	0.04	0.03	0.04	0.05	0.04	0.03	0.04	0.04	0.03
ENSMUST00000002683.2|ENSMUSG00000002608|Ccdc97	387.6	25712844	chr7:25711105-25712995	1.00	0.94	0.97	1.00	0.89	0.99	1.00	1.00	1.00	0.96	1.00	1.00
ENSMUST00000206832.1|ENSMUSG00000040725|Hnrnpul1	760.4	25721753	chr7:25721164-25722249	0.16	0.20	0.16	0.17	0.47	0.39	0.20	0.18	0.19	0.17	0.34	0.31
ENSMUST00000002677.10|ENSMUSG00000002602|Axl	2979.5	25758171	chr7:25757272-25758664	0.84	0.78	0.68	0.65	1.00	0.91	0.97	0.80	0.72	0.72	1.00	0.98
ENSMUST00000003100.9|ENSMUSG00000052974|Cyp2f2	9848.9	27133545	chr7:27133394-27133660	NA	NA	0.20	0.16	NA	NA	0.16	0.18	NA	0.20	NA	NA
ENSMUST00000080058.10|ENSMUSG00000058709|Egln2	7421.1	27158916	chr7:27158657-27159158	0.38	0.41	0.39	0.35	0.72	0.41	0.36	0.35	0.43	0.40	0.46	0.51
ENSMUST00000153511.7|ENSMUSG00000053291|Rab4b	7350.6	27172636	chr7:27168425-27172925	0.00	0.00	0.00	0.00	0.00	0.00	0.00	0.00	0.00	0.00	0.00	0.00
ENSMUST00000154724.1|ENSMUSG00000095538|Gm21983	24613.8	27172636	chr7:27168429-27176217	0.00	0.00	0.01	0.00	0.00	0.00	0.01	0.00	0.00	0.00	0.00	0.00
ENSMUST00000003850.7|ENSMUSG00000003752|Itpkc	120.6	27207463	chr7:27207171-27208243	0.72	0.72	0.37	0.58	1.00	0.62	0.63	0.47	0.47	0.51	0.70	0.78
ENSMUST00000128090.7|ENSMUSG00000003762|Coq8b	353.2	27250702	chr7:27250551-27257945	0.04	0.02	0.02	0.02	0.04	0.02	0.03	0.02	0.02	0.02	0.02	0.02
ENSMUST00000079258.6|ENSMUSG00000063160|Numbl	603.8	27281837	chr7:27281406-27282141	0.52	0.56	0.52	0.48	0.82	0.54	0.46	0.50	0.49	0.53	0.56	0.65
ENSMUST00000038618.12|ENSMUSG00000040488|Ltbp4	1149.9	27305247	chr7:27305135-27305398	0.23	0.24	0.22	0.23	0.43	0.34	0.24	0.23	0.27	0.22	0.33	0.28
ENSMUST00000126587.1|ENSMUSG00000092367|Gm20479	153.9	27356538	chr7:27352648-27357294	NA	0.06	0.20	0.13	0.69	NA	0.07	0.10	NA	NA	0.03	0.02
ENSMUST00000108362.7|ENSMUSG00000011751|Sptbn4	72.1	27356682	chr7:27356382-27357294	NA	0.58	0.29	0.47	1.00	NA	0.65	0.50	NA	NA	0.93	0.82
ENSMUST00000037399.15|ENSMUSG00000040466|Blvrb	456.8	27466025	chr7:27465874-27466144	0.03	0.05	0.01	NA	0.00	0.00	0.00	0.00	0.00	0.01	0.00	0.00
ENSMUST00000068641.7|ENSMUSG00000055200|Sertad3	115.1	27476985	chr7:27476733-27477364	0.63	0.79	0.41	0.41	0.88	0.47	0.38	0.43	0.67	0.75	1.00	0.53
ENSMUST00000008528.7|ENSMUSG00000008384|Sertad1	3039.6	27490114	chr7:27489963-27490316	0.37	0.30	0.37	0.32	0.65	0.39	0.29	0.29	0.30	0.31	0.53	0.54
ENSMUST00000131106.7|ENSMUSG00000003363|Pld3	4193.9	27541084	chr7:27539650-27541244	0.00	0.00	0.00	0.00	0.00	0.00	0.00	0.00	0.00	0.00	0.00	0.00
ENSMUST00000067386.13|ENSMUSG00000049643|2310022A10Rik	114.4	27581749	chr7:27580834-27582099	0.92	0.66	0.58	0.80	0.39	0.70	NA	0.68	0.40	0.49	1.00	1.00
ENSMUST00000108344.8|ENSMUSG00000004056|Akt2	6418.7	27639233	chr7:27638138-27640826	0.07	0.07	0.07	0.06	0.16	0.08	0.07	0.06	0.04	0.05	0.11	0.10
ENSMUST00000008088.8|ENSMUSG00000007944|Ttc9b	11627.0	27656174	chr7:27656023-27657346	0.00	0.03	0.12	0.14	0.01	0.03	0.02	0.07	0.23	0.13	0.03	0.03
ENSMUST00000036453.13|ENSMUSG00000040390|Map3k10	54.5	27656515	chr7:27656374-27656666	NA	NA	0.35	0.03	NA	NA	NA	NA	NA	NA	0.34	0.16
ENSMUST00000205701.1|ENSMUSG00000078779|Zfp59	25.1	27855367	chr7:27855083-27856438	NA	0.87	0.93	NA	0.35	0.77	NA	NA	NA	NA	NA	NA
ENSMUST00000085901.12|ENSMUSG00000002409|Dyrk1b	46.9	28187071	chr7:28186920-28187294	0.07	NA	0.53	0.43	0.70	0.20	0.27	0.51	0.27	0.31	0.35	0.33
ENSMUST00000059596.7|ENSMUSG00000046058|Eid2	2288.9	28268924	chr7:28268662-28269272	0.26	0.27	0.27	0.30	0.44	0.47	0.20	0.28	0.32	0.23	0.57	0.43
ENSMUST00000094651.3|ENSMUSG00000070705|Eid2b	162.4	28278618	chr7:28278233-28279489	0.57	0.45	0.47	0.61	0.48	0.47	0.38	0.52	0.39	0.38	0.54	0.59
ENSMUST00000108315.3|ENSMUSG00000003436|Dll3	33.1	28293772	chr7:28293552-28293923	NA	0.11	NA	NA	0.23	0.05	NA	NA	NA	NA	0.16	0.16
ENSMUST00000081946.4|ENSMUSG00000003438|Timm50	1670.1	28305779	chr7:28305515-28305931	0.42	0.38	0.33	0.29	0.52	0.45	0.29	0.26	0.36	0.34	0.42	0.46
ENSMUST00000082134.5|ENSMUSG00000037563|Rps16	1024.2	28352787	chr7:28352636-28353155	0.06	0.00	0.09	0.00	0.00	0.01	0.00	0.01	0.00	0.00	0.00	0.09
ENSMUST00000051241.6|ENSMUSG00000044786|Zfp36	125312.3	28377126	chr7:28376783-28377560	0.59	0.53	0.50	0.49	0.91	0.70	0.49	0.48	0.55	0.51	0.78	0.56
ENSMUST00000003536.8|ENSMUSG00000003444|Med29	76.3	28386554	chr7:28386145-28386784	0.39	0.22	0.36	0.66	0.46	0.15	0.63	0.43	0.24	0.58	0.46	0.24
ENSMUST00000207766.1|ENSMUSG00000109336|Samd4b	4271.5	28403619	chr7:28401460-28408000	0.13	0.05	0.00	0.00	0.23	0.00	0.00	0.00	0.03	0.01	0.01	0.00
ENSMUST00000108288.8|ENSMUSG00000030600|Lrfn1	63.5	28468002	chr7:28467480-28468242	NA	0.29	0.58	0.27	0.54	0.50	0.40	0.47	0.35	0.21	0.64	0.70
ENSMUST00000108283.7|ENSMUSG00000030602|Pak4	104.9	28559416	chr7:28558818-28559652	0.57	0.68	0.71	0.52	1.00	0.63	0.59	0.42	0.52	0.70	0.72	0.68
ENSMUST00000039998.10|ENSMUSG00000037463|Fbxo27	39.4	28698927	chr7:28698379-28699338	0.57	0.78	0.44	0.91	1.00	0.49	0.60	0.56	0.84	0.70	0.89	1.00
ENSMUST00000032818.12|ENSMUSG00000030598|Fbxo17	176.2	28737924	chr7:28737479-28738144	NA	NA	NA	NA	NA	NA	0.78	0.26	NA	0.36	0.94	NA
ENSMUST00000171183.1|ENSMUSG00000045948|Mrps12	7288.6	28739720	chr7:28739640-28739871	0.30	0.15	0.21	0.20	0.24	0.20	0.19	0.21	0.21	0.20	0.31	0.24
ENSMUST00000170068.8|ENSMUSG00000015149|Sirt2	10685.3	28788382	chr7:28788069-28788661	0.36	0.39	0.34	0.36	0.87	0.51	0.36	0.34	0.39	0.36	0.58	0.58
ENSMUST00000059857.7|ENSMUSG00000051735|Rinl	49.5	28798620	chr7:28797851-28798963	0.56	0.53	0.38	0.37	0.64	0.50	0.48	0.64	0.49	0.76	0.70	0.52
ENSMUST00000066880.5|ENSMUSG00000054083|Capn12	434.2	28893136	chr7:28892985-28893563	1.00	1.00	NA	NA	NA	NA	NA	NA	NA	NA	1.00	1.00
ENSMUST00000068045.13|ENSMUSG00000054808|Actn4	46489.4	28893888	chr7:28893247-28894231	0.16	0.14	0.12	0.13	0.45	0.21	0.11	0.09	0.13	0.13	0.26	0.19
ENSMUST00000208707.1|ENSMUSG00000053565|Eif3k	32866.4	28977200	chr7:28974643-28980442	0.01	0.00	NA	NA	NA	0.00	NA	0.02	NA	NA	0.00	0.00
ENSMUST00000085818.5|ENSMUSG00000046410|Kcnk6	29.0	29224090	chr7:29221925-29225038	0.70	0.49	1.00	0.62	NA	0.88	0.38	0.44	0.65	0.72	NA	0.91
ENSMUST00000142519.2|ENSMUSG00000030588|Yif1b	4412.6	29247540	chr7:29247389-29247597	0.09	0.06	0.06	0.09	0.17	0.04	0.10	0.03	0.05	0.06	0.03	0.03
ENSMUST00000032808.5|ENSMUSG00000030587|2200002D01Rik	20324.9	29247236	chr7:29246560-29247596	0.02	0.02	0.02	0.01	0.04	0.02	0.03	NA	NA	0.03	NA	NA
ENSMUST00000048187.5|ENSMUSG00000037166|Ppp1r14a	46.3	29293466	chr7:29293315-29293801	0.41	NA	NA	NA	0.31	NA	NA	NA	NA	NA	0.16	0.53
ENSMUST00000049977.12|ENSMUSG00000030584|Dpf1	107.6	29316735	chr7:29316548-29317588	NA	0.29	0.29	0.19	NA	0.12	0.03	0.26	0.09	0.35	0.14	0.24
ENSMUST00000183330.7|ENSMUSG00000030583|Sipa1l3	28.0	29321928	chr7:29320371-29322146	NA	0.73	0.63	1.00	1.00	NA	NA	0.87	NA	0.59	1.00	0.68
ENSMUST00000032802.4|ENSMUSG00000046185|Zfp84	37.3	29778437	chr7:29777561-29779821	0.23	0.31	0.60	0.67	0.19	0.58	NA	0.88	0.57	0.61	NA	NA
ENSMUST00000178162.2|ENSMUSG00000011427|Zfp790	36.6	29830397	chr7:29830228-29831005	0.73	1.00	1.00	0.74	0.84	1.00	1.00	1.00	0.59	1.00	0.36	1.00
ENSMUST00000057652.6|ENSMUSG00000058402|Zfp420	13.4	29876338	chr7:29876090-29876827	1.00	0.61	NA	NA	NA	NA	NA	NA	NA	0.63	0.54	0.32
ENSMUST00000162592.7|ENSMUSG00000062040|Zfp27	8.0	29893846	chr7:29893332-29894081	0.58	0.41	0.41	NA	NA	NA	NA	NA	0.16	0.44	0.24	NA
ENSMUST00000207873.1|ENSMUSG00000053985|Zfp14	13.4	30037359	chr7:30036358-30038055	NA	NA	NA	0.11	NA	0.30	NA	0.35	0.64	0.31	0.26	0.51
ENSMUST00000050735.11|ENSMUSG00000049421|Zfp260	208.7	30106756	chr7:30105897-30107622	1.00	0.85	0.69	0.61	1.00	0.79	0.89	0.74	0.76	0.77	0.88	0.88
ENSMUST00000062181.8|ENSMUSG00000037029|Zfp146	7.5	30161480	chr7:30161268-30161739	1.00	0.85	0.78	0.76	NA	NA	0.71	NA	0.89	1.00	NA	0.90
ENSMUST00000001845.12|ENSMUSG00000001794|Capns1	2546.5	30187216	chr7:30186941-30187509	0.51	0.46	0.38	0.42	1.00	0.63	0.47	0.44	0.41	0.40	0.57	0.89
ENSMUST00000145027.7|ENSMUSG00000037020|Wdr62	40.7	30241230	chr7:30240137-30242846	NA	NA	NA	NA	0.30	NA	0.85	0.12	0.07	NA	NA	NA
ENSMUST00000014065.15|ENSMUSG00000013921|Clip3	934.9	30307008	chr7:30306857-30308367	1.00	0.89	0.88	0.76	1.00	0.94	1.00	0.98	0.89	0.80	1.00	0.95
ENSMUST00000137550.1|ENSMUSG00000042831|Alkbh6	1820.9	30312707	chr7:30312547-30314161	0.03	0.01	0.02	0.01	0.01	0.01	0.00	0.01	0.01	0.01	0.01	0.01
ENSMUST00000098586.4|ENSMUSG00000074211|Sdhaf1	1169.8	30321671	chr7:30321405-30321975	0.40	0.47	0.37	0.41	0.84	0.43	0.37	0.38	0.37	0.34	0.72	0.51
ENSMUST00000108176.8|ENSMUSG00000036931|Nfkbid	136.4	30428445	chr7:30428184-30428746	0.38	0.84	0.40	0.43	0.79	0.66	0.41	0.33	0.46	0.37	NA	NA
ENSMUST00000006828.8|ENSMUSG00000006651|Aplp1	69885.5	30435144	chr7:30434981-30435295	0.26	0.27	0.26	0.28	0.56	0.28	0.25	0.21	0.24	0.23	0.45	0.42
ENSMUST00000045817.13|ENSMUSG00000036915|Kirrel2	15.2	30447846	chr7:30447535-30448121	0.45	0.34	NA	NA	NA	NA	0.74	NA	NA	NA	0.35	0.82
ENSMUST00000208522.1|ENSMUSG00000036882|Arhgap33	152.1	30524142	chr7:30523971-30524384	1.00	0.96	0.84	1.00	0.77	0.78	0.87	1.00	1.00	1.00	1.00	1.00
ENSMUST00000108165.7|ENSMUSG00000036864|Proser3	7.2	30539347	chr7:30539133-30539517	NA	NA	NA	NA	0.34	NA	0.28	0.37	NA	0.41	NA	NA
ENSMUST00000044048.7|ENSMUSG00000036854|Hspb6	1438.0	30555085	chr7:30554633-30555443	0.64	0.53	0.47	0.44	1.00	0.54	0.44	0.59	0.57	0.48	0.86	0.75
ENSMUST00000164365.7|ENSMUSG00000078765|U2af1l4	26524.1	30564798	chr7:30563933-30565179	0.23	0.01	0.09	0.09	0.04	0.01	0.01	0.06	0.03	0.07	0.00	0.00
ENSMUST00000108161.8|ENSMUSG00000109378|Gm49396	7976.9	30564798	chr7:30564391-30567960	0.20	0.08	0.11	0.12	0.19	0.08	0.07	0.11	0.09	0.10	0.10	0.09
ENSMUST00000006470.13|ENSMUSG00000006307|Kmt2b	39.9	30569012	chr7:30568857-30569163	0.24	NA	0.29	0.43	0.43	0.45	0.30	0.45	NA	NA	0.33	0.70
ENSMUST00000075738.5|ENSMUSG00000036751|Cox6b1	325568.7	30616960	chr7:30616860-30617111	0.00	0.00	0.00	0.00	0.00	0.00	0.00	0.00	0.00	0.00	0.00	0.00
ENSMUST00000132862.7|ENSMUSG00000078762|Haus5	41.4	30656833	chr7:30653710-30656984	0.00	0.00	0.00	NA	0.00	0.00	0.00	0.00	NA	NA	NA	NA
ENSMUST00000170699.7|ENSMUSG00000058239|Usf2	205.6	30954743	chr7:30946579-30955178	0.00	0.00	0.01	0.01	0.01	0.00	0.01	0.01	0.00	0.00	0.00	0.00
ENSMUST00000206341.1|ENSMUSG00000036578|Fxyd7	2168.0	31042699	chr7:31042512-31042884	0.46	0.37	0.35	0.37	0.84	0.41	0.35	0.33	0.58	0.13	0.46	0.55
ENSMUST00000206328.1|ENSMUSG00000036570|Fxyd1	40614.6	31051747	chr7:31051677-31051967	0.82	0.86	0.82	0.83	0.84	0.87	0.83	0.76	0.83	0.87	0.92	0.91
ENSMUST00000164725.2|ENSMUSG00000036560|Lgi4	363.7	31061258	chr7:31061107-31064074	NA	0.42	NA	0.41	NA	NA	NA	0.30	NA	NA	0.45	0.39
ENSMUST00000167369.7|ENSMUSG00000057092|Fxyd3	201.3	31068876	chr7:31068171-31070703	0.00	0.00	0.00	0.00	0.00	0.00	0.00	0.00	0.00	0.00	0.00	0.00
ENSMUST00000211945.1|ENSMUSG00000019194|Scn1b	162342.0	31116755	chr7:31116523-31117231	0.60	0.55	0.47	0.47	1.00	0.68	0.49	0.43	0.47	0.51	0.69	0.68
ENSMUST00000206233.1|ENSMUSG00000001248|Gramd1a	3338.1	31138113	chr7:31132788-31143660	0.90	NA	NA	NA	0.83	NA	NA	NA	0.44	0.59	0.44	0.40
ENSMUST00000140911.3|ENSMUSG00000036459|Wtip	1538.9	34118674	chr7:34110225-34119137	0.05	NA	0.05	0.05	0.06	NA	0.05	0.05	0.05	0.04	NA	0.05
ENSMUST00000175991.7|ENSMUSG00000052997|Uba2	858.1	34154451	chr7:34151043-34154602	0.00	0.00	0.00	0.00	0.00	0.00	0.00	0.00	0.00	0.00	0.00	0.00
ENSMUST00000205865.1|ENSMUSG00000036427|Gpi1	168607.7	34207605	chr7:34202382-34207896	0.13	0.12	0.12	0.12	0.17	0.12	0.14	0.12	0.13	0.12	0.13	0.13
ENSMUST00000108074.7|ENSMUSG00000066571|4931406P16Rik	931.2	34237890	chr7:34236706-34238931	0.51	0.40	0.21	0.30	1.00	0.57	0.28	0.29	0.24	0.25	0.41	0.42
ENSMUST00000206388.1|ENSMUSG00000066568|Lsm14a	1755.4	34371026	chr7:34345714-34371177	0.06	0.06	0.06	0.06	0.06	0.05	0.05	0.05	0.05	0.05	0.05	0.05
ENSMUST00000108069.7|ENSMUSG00000030499|Kctd15	21.4	34639689	chr7:34639013-34640293	NA	1.00	NA	0.88	0.30	1.00	1.00	0.99	0.72	0.87	NA	0.96
ENSMUST00000130491.2|ENSMUSG00000056216|Cebpg	791.2	35050116	chr7:35046421-35050386	0.20	0.18	0.22	0.18	0.27	0.16	0.14	0.23	0.21	0.19	0.20	0.21
ENSMUST00000205391.1|ENSMUSG00000034957|Cebpa	100.6	35121017	chr7:35120370-35121928	NA	0.54	0.94	0.70	0.85	0.73	0.54	0.92	0.51	0.63	NA	NA
ENSMUST00000167441.1|ENSMUSG00000030495|Slc7a10	3899.6	35197727	chr7:35197276-35197951	0.48	0.47	0.59	0.49	0.24	0.53	0.40	0.40	NA	0.52	0.45	0.40
ENSMUST00000122409.7|ENSMUSG00000001802|Lrp3	292.6	35201254	chr7:35200877-35202084	1.00	0.53	0.66	0.60	0.70	1.00	0.74	0.65	0.86	0.61	0.69	0.62
ENSMUST00000032705.12|ENSMUSG00000030494|Rhpn2	22.8	35391296	chr7:35391012-35392289	1.00	0.99	0.51	0.30	0.68	NA	0.88	0.89	NA	NA	1.00	0.99
ENSMUST00000032704.11|ENSMUSG00000030493|Faap24	141.5	35392533	chr7:35392151-35392827	0.31	0.29	0.17	0.17	0.14	0.39	0.11	0.28	0.23	0.19	0.37	0.29
ENSMUST00000040962.5|ENSMUSG00000034875|Nudt19	3346.9	35547468	chr7:35547184-35547911	0.56	0.47	0.43	0.56	0.49	0.59	0.34	0.34	0.57	0.41	0.50	0.65
ENSMUST00000206472.1|ENSMUSG00000034867|Ankrd27	368.3	35620662	chr7:35612505-35634619	0.60	0.47	0.44	0.51	NA	0.89	0.48	0.43	0.38	0.49	0.44	0.50
ENSMUST00000144416.1|ENSMUSG00000043671|Dpy19l3	32.7	35721524	chr7:35714159-35721675	0.02	0.02	0.04	0.03	0.02	0.03	0.03	0.04	0.03	0.03	0.02	0.04
ENSMUST00000061586.10|ENSMUSG00000044452|Zfp507	20.0	35775007	chr7:35772342-35775963	NA	NA	0.53	0.62	NA	NA	NA	NA	0.79	0.74	NA	NA
ENSMUST00000021641.7|ENSMUSG00000021217|Tshz3	32.4	36772603	chr7:36771830-36773553	NA	NA	0.38	0.46	1.00	NA	0.29	0.30	0.73	NA	0.74	0.70
ENSMUST00000206169.1|ENSMUSG00000030421|Uri1	505.4	37982789	chr7:37969604-37982940	0.03	0.03	0.02	0.02	0.03	0.03	0.02	0.03	0.02	0.02	0.03	0.02
ENSMUST00000178207.7|ENSMUSG00000054676|1600014C10Rik	1194.7	38196369	chr7:38194792-38197568	0.15	0.20	0.10	0.10	0.20	0.12	0.12	0.09	0.11	0.09	0.69	0.64
ENSMUST00000098513.5|ENSMUSG00000074170|Plekhf1	678.4	38220900	chr7:38216971-38221305	0.04	0.03	0.03	0.03	0.05	0.02	0.03	0.03	0.03	0.03	0.06	NA
ENSMUST00000044705.11|ENSMUSG00000039257|Vstm2b	70.4	40929786	chr7:40929458-40930594	0.35	0.04	0.06	0.04	0.20	NA	0.07	0.06	NA	NA	0.08	0.06
ENSMUST00000071804.9|ENSMUSG00000056383|AI987944	51.4	41374016	chr7:41372922-41374344	0.38	0.31	0.27	0.18	0.39	0.17	0.75	0.43	0.18	0.17	0.17	0.25
ENSMUST00000098508.8|ENSMUSG00000074165|Zfp788	8.5	41650751	chr7:41650593-41651530	NA	0.35	NA	NA	0.46	NA	NA	0.45	NA	NA	0.51	0.51
ENSMUST00000174407.2|ENSMUSG00000092416|Zfp141	25.4	42473990	chr7:42473385-42474991	0.40	0.12	0.29	0.14	0.69	NA	NA	0.23	NA	NA	NA	0.70
ENSMUST00000145622.7|ENSMUSG00000012640|Zfp715	178.5	43301572	chr7:43296522-43301723	0.97	1.00	1.00	0.93	0.64	NA	NA	1.00	1.00	0.95	NA	NA
ENSMUST00000122423.7|ENSMUSG00000039013|Siglecf	13.0	43359186	chr7:43358771-43359531	NA	NA	0.35	0.07	NA	NA	NA	NA	0.12	0.38	NA	NA
ENSMUST00000203042.1|ENSMUSG00000070604|Vsig10l	60.0	43468250	chr7:43468065-43470999	0.20	0.15	0.09	0.08	NA	0.17	0.11	0.13	0.15	0.10	0.22	0.10
ENSMUST00000205503.1|ENSMUSG00000004609|Cd33	44.9	43528440	chr7:43524215-43528864	0.19	NA	0.25	0.27	0.17	0.14	NA	0.11	0.26	0.22	0.30	0.39
ENSMUST00000058104.7|ENSMUSG00000030469|Zfp719	23.6	43591839	chr7:43591194-43593235	0.22	0.34	0.27	0.21	0.17	0.22	0.33	0.32	0.24	0.21	0.45	0.24
ENSMUST00000038332.8|ENSMUSG00000038888|Ctu1	35.1	43677929	chr7:43677178-43678298	0.65	0.68	0.43	0.71	1.00	1.00	0.47	0.58	0.84	0.81	0.96	0.85
ENSMUST00000055858.13|ENSMUSG00000045411|2410002F23Rik	1191.3	44251927	chr7:44251524-44252319	0.58	0.72	0.69	0.47	1.00	0.87	0.49	0.51	0.53	0.55	0.94	0.79
ENSMUST00000004587.10|ENSMUSG00000004473|Clec11a	498.6	44304341	chr7:44302686-44304543	0.12	0.05	0.11	0.16	0.23	0.20	0.05	0.12	0.15	0.10	0.16	0.16
ENSMUST00000107938.7|ENSMUSG00000038738|Shank1	1786162.7	44358357	chr7:44357334-44360572	NA	0.16	0.31	0.29	0.08	0.13	0.16	0.25	0.17	NA	0.06	0.09
ENSMUST00000058667.14|ENSMUSG00000047085|Lrrc4b	93.0	44463087	chr7:44462832-44463351	NA	0.32	0.31	0.44	1.00	0.61	0.23	0.25	NA	NA	0.49	0.55
ENSMUST00000136679.7|ENSMUSG00000038695|Josd2	24718.9	44470537	chr7:44470037-44471651	0.91	NA	0.92	0.92	0.80	NA	0.93	0.84	0.86	0.89	0.93	0.85
ENSMUST00000118515.8|ENSMUSG00000008140|Emc10	186406.6	44490364	chr7:44490110-44491165	0.83	0.84	0.75	0.74	1.00	1.00	0.75	0.73	0.85	0.73	1.00	1.00
ENSMUST00000107912.7|ENSMUSG00000060601|Nr1h2	4612.6	44549836	chr7:44549615-44549987	0.37	0.33	0.28	0.30	0.49	0.38	0.29	0.29	0.34	0.33	0.39	0.38
ENSMUST00000107899.9|ENSMUSG00000030739|Myh14	66.5	44606006	chr7:44605802-44606212	0.44	0.44	0.25	0.46	0.55	0.39	0.22	0.29	NA	NA	0.60	0.42
ENSMUST00000147952.8|ENSMUSG00000002205|Vrk3	3094.5	44769653	chr7:44763016-44777515	0.17	0.14	0.13	0.15	0.35	0.18	0.15	0.16	0.14	0.13	0.12	0.14
ENSMUST00000047356.10|ENSMUSG00000038539|Atf5	70.3	44812698	chr7:44812255-44812849	0.75	1.00	NA	0.98	1.00	1.00	1.00	0.38	NA	0.93	1.00	1.00
ENSMUST00000057195.16|ENSMUSG00000109511|Nup62	281.8	44830542	chr7:44830140-44830812	0.51	0.47	0.48	0.52	0.74	0.56	0.40	0.38	0.54	0.42	0.59	0.72
ENSMUST00000047085.15|ENSMUSG00000038520|Tbc1d17	82.3	44841080	chr7:44834622-44841231	0.02	0.02	0.07	0.09	0.02	0.03	0.06	0.06	0.06	0.06	0.02	0.03
ENSMUST00000054343.14|ENSMUSG00000011096|Akt1s1	6271.6	44855096	chr7:44854732-44855421	0.39	0.36	0.37	0.38	0.61	0.45	0.34	0.32	0.37	0.31	0.49	0.48
ENSMUST00000155050.4|ENSMUSG00000002963|Pnkp	9359.3	44858749	chr7:44858127-44862641	0.50	0.59	0.61	0.61	0.45	0.61	0.58	0.58	0.62	0.67	0.53	0.68
ENSMUST00000207416.1|ENSMUSG00000038502|Ptov1	18012.7	44863284	chr7:44863066-44863435	0.33	0.34	0.39	0.35	0.65	0.41	0.34	0.39	0.35	0.36	0.50	0.43
ENSMUST00000208556.1|ENSMUSG00000002968|Med25	324.1	44891661	chr7:44885175-44891812	0.04	0.05	0.07	0.07	0.04	0.05	0.14	0.08	0.04	0.05	0.04	0.04
ENSMUST00000211735.1|ENSMUSG00000038406|Scaf1	559.3	45003031	chr7:45002947-45003182	0.04	0.10	0.16	0.16	0.04	0.08	0.10	0.19	0.16	0.10	0.17	0.27
ENSMUST00000044111.9|ENSMUSG00000038387|Rras	24231.6	45021512	chr7:45021361-45021647	0.24	0.23	0.21	0.21	0.49	0.27	0.22	0.20	0.25	0.20	0.33	0.24
ENSMUST00000057293.7|ENSMUSG00000046574|Prr12	54.6	45027947	chr7:45027562-45028480	NA	0.36	0.20	0.18	1.00	0.57	0.34	0.15	NA	0.30	0.47	0.30
ENSMUST00000209920.1|ENSMUSG00000007837|Prrg2	3080.5	45054424	chr7:45053902-45054575	1.00	0.97	1.00	1.00	1.00	1.00	1.00	1.00	0.91	1.00	1.00	0.97
ENSMUST00000003513.10|ENSMUSG00000003421|Nosip	1548.2	45077766	chr7:45077380-45078210	0.57	0.56	0.52	0.57	1.00	0.59	0.55	0.61	0.59	0.54	0.94	0.85
ENSMUST00000211352.1|ENSMUSG00000019539|Rcn3	123697.6	45083107	chr7:45082912-45083258	0.31	0.31	0.31	0.28	0.62	0.40	0.29	0.28	0.32	0.29	0.41	0.50
ENSMUST00000003512.8|ENSMUSG00000003420|Fcgrt	84988.0	45093097	chr7:45092989-45093248	0.10	0.10	0.09	0.08	0.24	0.15	0.09	0.11	0.13	0.11	0.13	0.11
ENSMUST00000209812.1|ENSMUSG00000074129|Rpl13a	1505236.5	45126114	chr7:45125871-45126715	0.01	0.00	0.00	0.00	0.03	0.00	0.00	0.00	0.00	0.00	0.00	0.00
ENSMUST00000210818.1|ENSMUSG00000110206|Flt3l	303.5	45132227	chr7:45131187-45132379	0.25	0.10	0.14	0.17	0.99	0.15	0.13	0.21	0.18	0.13	NA	NA
ENSMUST00000209957.1|ENSMUSG00000007833|Aldh16a1	2726.8	45147724	chr7:45147397-45148671	0.07	0.00	0.00	0.00	0.00	0.00	0.00	0.00	0.00	0.00	0.00	0.00
ENSMUST00000085374.6|ENSMUSG00000070570|Slc17a7	64909.4	45175589	chr7:45175041-45176142	0.44	0.31	0.32	0.29	0.53	0.35	0.40	0.31	0.28	0.32	0.35	0.32
ENSMUST00000033060.13|ENSMUSG00000030796|Tead2	51.9	45233357	chr7:45232925-45233644	0.38	0.15	0.27	0.28	1.00	0.80	0.39	0.54	0.45	0.53	NA	1.00
ENSMUST00000209779.1|ENSMUSG00000030798|Cd37	3087.2	45234264	chr7:45233636-45235334	NA	NA	NA	NA	0.98	0.73	NA	NA	0.68	0.69	NA	NA
ENSMUST00000211431.1|ENSMUSG00000038260|Trpm4	403.5	45326562	chr7:45302631-45326714	0.18	NA	0.15	0.13	NA	0.17	0.17	0.18	0.17	0.17	NA	0.24
ENSMUST00000211067.1|ENSMUSG00000003863|Ppfia3	13784.7	45339434	chr7:45339125-45340204	NA	0.52	0.46	0.60	NA	0.90	1.00	0.43	NA	NA	0.82	0.77
ENSMUST00000210865.1|ENSMUSG00000003872|Lin7b	675.6	45368276	chr7:45367890-45368427	0.00	0.00	0.00	0.00	NA	0.00	0.00	0.00	NA	NA	0.00	0.00
ENSMUST00000209993.1|ENSMUSG00000063511|Snrnp70	2343.1	45380716	chr7:45377145-45383161	0.01	NA	NA	0.01	NA	NA	0.03	0.00	NA	0.00	NA	NA
ENSMUST00000211440.1|ENSMUSG00000003868|Ruvbl2	16502.4	45425080	chr7:45424948-45425231	0.97	0.94	0.79	0.94	1.00	0.81	0.96	0.89	0.88	0.90	0.93	0.89
ENSMUST00000003964.16|ENSMUSG00000003865|Gys1	111.7	45456243	chr7:45455364-45456619	0.93	0.73	0.65	0.53	1.00	0.74	1.00	0.72	0.81	0.68	0.97	0.68
ENSMUST00000210106.1|ENSMUSG00000050708|Ftl1	495482347.2	45458527	chr7:45457944-45458678	0.32	0.32	0.31	0.32	0.42	0.35	0.30	0.30	0.33	0.31	0.37	0.38
ENSMUST00000211365.1|ENSMUSG00000003873|Bax	36326.1	45461772	chr7:45461696-45461923	0.24	0.18	0.19	0.18	0.49	0.26	0.23	0.18	0.19	0.19	0.28	0.28
ENSMUST00000011526.6|ENSMUSG00000011382|Dhdh	37.3	45474566	chr7:45470986-45475268	0.23	0.16	0.20	0.19	0.36	0.07	0.20	0.11	0.24	NA	0.25	0.22
ENSMUST00000211765.1|ENSMUSG00000030824|Nucb1	43411.1	45493252	chr7:45490457-45493839	0.04	0.03	0.03	0.03	0.07	0.05	0.03	0.03	0.03	0.03	0.05	0.06
ENSMUST00000209410.1|ENSMUSG00000030826|Bcat2	7066.7	45588528	chr7:45588240-45589706	0.11	0.13	0.13	0.13	0.16	0.13	0.12	0.14	0.14	0.13	0.14	0.15
ENSMUST00000057927.9|ENSMUSG00000044562|Rasip1	11567.9	45639032	chr7:45638881-45639093	0.25	0.24	0.19	0.22	0.38	0.17	0.20	0.19	0.24	0.15	0.27	0.28
ENSMUST00000183120.3|ENSMUSG00000070564|Ntn5	7.4	45694302	chr7:45694151-45694427	NA	NA	0.42	1.00	NA	0.90	0.72	0.79	1.00	0.58	0.70	0.83
ENSMUST00000209796.1|ENSMUSG00000003273|Car11	46172.2	45703878	chr7:45703482-45704546	0.16	0.03	0.04	0.02	0.02	0.02	0.05	0.04	0.00	0.14	0.01	0.01
ENSMUST00000080885.11|ENSMUSG00000059824|Dbp	1821.9	45710028	chr7:45709877-45710203	0.13	0.15	0.27	0.14	0.34	0.17	0.16	0.16	0.15	0.17	0.24	0.24
ENSMUST00000107737.10|ENSMUSG00000057342|Sphk2	14791.1	45710576	chr7:45709466-45710727	1.00	1.00	0.52	0.71	0.91	1.00	1.00	1.00	0.59	0.70	1.00	1.00
ENSMUST00000107729.9|ENSMUSG00000003269|Cyth2	341.5	45807612	chr7:45806636-45807763	0.05	0.04	0.07	0.14	0.04	0.07	0.09	0.25	0.13	0.09	0.08	0.07
ENSMUST00000071937.6|ENSMUSG00000058743|Kcnj14	49.0	45817467	chr7:45816459-45817618	NA	0.97	NA	NA	1.00	0.90	NA	NA	NA	NA	1.00	1.00
ENSMUST00000209484.1|ENSMUSG00000053801|Grwd1	3175.9	45829981	chr7:45825229-45830142	0.22	0.20	0.21	0.19	0.17	0.28	0.31	0.24	0.19	0.21	0.20	0.23
ENSMUST00000002848.9|ENSMUSG00000002771|Grin2d	21.4	45832502	chr7:45831882-45832782	NA	NA	NA	NA	0.65	NA	NA	0.72	0.42	0.37	NA	1.00
ENSMUST00000211716.1|ENSMUSG00000002778|Kdelr1	5964.1	45883380	chr7:45882979-45883729	0.45	0.42	0.46	0.42	0.75	0.50	0.49	0.47	0.50	0.45	0.65	0.68
ENSMUST00000002850.7|ENSMUSG00000030834|Abcc6	6.7	45976652	chr7:45976379-45976838	NA	0.10	0.44	0.32	0.36	NA	0.57	0.38	NA	NA	NA	0.18
ENSMUST00000033121.6|ENSMUSG00000030835|Nomo1	969.3	46083949	chr7:46083731-46084212	0.37	0.46	0.29	0.36	1.00	0.51	0.30	0.39	0.29	0.37	0.59	0.53
ENSMUST00000143082.3|ENSMUSG00000006763|Saal1	15.6	46688239	chr7:46686107-46689365	0.11	0.56	0.55	0.60	0.48	NA	0.02	0.16	NA	0.38	NA	0.21
ENSMUST00000006952.8|ENSMUSG00000040017|Saa4	81.7	46728903	chr7:46727997-46729524	NA	NA	0.59	0.55	NA	NA	0.86	0.78	NA	NA	NA	NA
ENSMUST00000128088.3|ENSMUSG00000074115|Saa1	2198.2	46740555	chr7:46740496-46740706	0.00	NA	0.20	0.18	NA	NA	0.20	0.13	NA	NA	NA	NA
ENSMUST00000210769.1|ENSMUSG00000057465|Saa2	462.0	46754257	chr7:46754106-46754313	NA	0.24	0.25	0.26	0.46	NA	0.21	0.00	NA	NA	NA	NA
ENSMUST00000211347.1|ENSMUSG00000014418|Hps5	258.7	46783470	chr7:46760469-46783716	0.15	0.13	0.15	0.15	0.20	0.18	NA	0.18	0.13	0.18	NA	NA
ENSMUST00000209548.1|ENSMUSG00000063229|Ldha	4626754.1	46854144	chr7:46853993-46855438	0.23	0.23	0.23	0.23	0.23	0.24	0.24	0.23	0.23	0.23	0.23	0.24
ENSMUST00000211076.1|ENSMUSG00000014402|Tsg101	6423.0	46908835	chr7:46892496-46908986	0.05	0.06	0.06	0.06	0.04	0.05	0.06	0.05	0.05	0.06	0.04	0.04
ENSMUST00000207986.1|ENSMUSG00000043262|Uevld	21.3	46940091	chr7:46923538-46940242	0.06	NA	0.07	0.04	0.04	0.03	0.08	0.04	0.03	0.03	NA	NA
ENSMUST00000061639.9|ENSMUSG00000049516|Spty2d1	94.1	46992984	chr7:46990395-46993295	0.71	0.98	0.79	0.96	1.00	1.00	NA	0.85	0.73	0.66	NA	0.88
ENSMUST00000010451.7|ENSMUSG00000010307|Tmem86a	8003.5	47054439	chr7:47053849-47054777	0.66	0.54	0.52	0.47	1.00	0.66	0.51	0.48	0.60	0.52	0.86	0.84
ENSMUST00000102626.9|ENSMUSG00000030854|Ptpn5	484.4	47078091	chr7:47077794-47078827	1.00	0.74	0.75	0.41	1.00	0.89	1.00	0.59	0.51	0.70	0.94	0.86
ENSMUST00000118927.7|ENSMUSG00000030471|Zdhhc13	54.6	48827191	chr7:48827004-48827440	0.40	0.40	0.27	0.34	0.87	0.44	0.60	0.44	0.54	0.25	0.27	0.41
ENSMUST00000085272.6|ENSMUSG00000039745|Htatip2	740.0	49773731	chr7:49773523-49773975	0.49	0.35	0.48	0.47	0.74	0.54	0.47	0.32	0.41	0.55	0.52	0.50
ENSMUST00000147401.7|ENSMUSG00000030505|Prmt3	156.2	49787375	chr7:49780342-49826894	0.13	0.14	0.15	0.10	0.15	0.16	0.16	0.18	0.14	0.15	NA	0.14
ENSMUST00000169357.1|ENSMUSG00000092118|Fancf	39.9	51860966	chr7:51860576-51861225	0.76	0.62	0.29	0.44	0.66	0.55	0.09	0.46	0.72	0.55	0.84	0.68
ENSMUST00000082373.7|ENSMUSG00000063297|Luzp2	782.4	55266275	chr7:55265363-55268885	0.62	0.58	0.60	0.59	0.66	0.51	0.41	0.65	0.70	0.54	0.35	0.56
ENSMUST00000206191.1|ENSMUSG00000033790|Tubgcp5	156.8	55806829	chr7:55804616-55831446	0.37	0.29	0.26	0.29	0.41	0.37	0.44	0.33	0.34	0.33	0.64	0.25
ENSMUST00000032629.15|ENSMUSG00000030447|Cyfip1	1658.5	55930368	chr7:55930159-55932602	0.17	0.17	0.15	0.18	0.15	0.16	0.11	0.14	0.16	0.15	0.18	0.12
ENSMUST00000119041.7|ENSMUSG00000030452|Nipa2	304.5	55932670	chr7:55931286-55932918	0.60	0.79	0.64	0.84	0.48	0.44	1.00	0.74	0.60	0.78	0.73	0.69
ENSMUST00000052204.5|ENSMUSG00000047037|Nipa1	204.1	55978701	chr7:55977566-55979394	0.08	0.13	0.13	0.14	0.06	0.08	0.11	0.09	0.10	0.15	0.18	0.18
ENSMUST00000076226.12|ENSMUSG00000030451|Herc2	92.9	56231465	chr7:56231129-56231800	0.41	0.44	0.37	0.42	0.58	0.95	0.33	0.30	0.31	0.37	0.84	0.70
ENSMUST00000068456.7|ENSMUSG00000055078|Gabra5	88.6	57407975	chr7:57407671-57408609	NA	1.00	0.34	0.27	NA	0.19	0.22	0.22	NA	NA	0.56	0.62
ENSMUST00000168747.2|ENSMUSG00000025324|Atp10a	76.3	58829050	chr7:58828734-58829420	0.61	0.65	0.71	0.71	0.42	0.96	0.89	0.47	0.90	0.31	0.88	0.85
ENSMUST00000200758.3|ENSMUSG00000025326|Ube3a	37.9	59306470	chr7:59304927-59311536	0.32	NA	0.50	0.68	NA	0.33	0.63	0.60	0.67	0.65	NA	NA
ENSMUST00000179360.2|ENSMUSG00000000948|Gm38393	1310744.8	59983131	chr7:59974148-59995451	0.03	0.03	0.02	0.03	0.03	0.03	0.01	0.03	0.02	0.02	0.03	0.04
ENSMUST00000059305.16|ENSMUSG00000102252|Snrpn	34558.1	59983091	chr7:59982494-59983242	0.26	0.16	0.13	0.14	0.08	0.24	0.11	0.22	0.09	0.31	0.12	0.18
ENSMUST00000038775.5|ENSMUSG00000033585|Ndn	3913.8	62349732	chr7:62349382-62350262	0.13	0.08	0.09	0.09	0.20	0.12	0.08	0.08	0.12	0.08	0.16	0.17
ENSMUST00000177511.1|ENSMUSG00000033510|Otud7a	51.9	63757692	chr7:63757541-63757925	NA	0.80	0.89	1.00	0.72	1.00	0.83	1.00	NA	NA	0.92	1.00
ENSMUST00000063694.9|ENSMUSG00000052040|Klf13	387.9	63891359	chr7:63886350-63891510	0.04	0.07	0.04	0.05	0.02	0.01	0.03	0.02	0.03	0.04	0.01	0.02
ENSMUST00000206882.1|ENSMUSG00000033429|Mcee	2018.5	64412035	chr7:64411884-64412121	0.17	0.14	0.21	0.22	0.22	0.20	0.19	0.19	0.11	0.29	0.31	0.29
ENSMUST00000032732.14|ENSMUSG00000030519|Apba2	292.7	64753290	chr7:64753139-64753878	0.11	0.18	0.21	0.44	0.41	0.08	0.24	0.06	0.04	NA	0.22	0.25
ENSMUST00000119118.7|ENSMUSG00000030518|Fam189a1	62.2	64758893	chr7:64756090-64759099	NA	0.70	0.89	0.65	NA	0.75	0.50	0.58	NA	NA	0.49	0.69
ENSMUST00000094331.4|ENSMUSG00000070520|Nsmce3	138.9	64871867	chr7:64867051-64872081	0.01	0.01	0.01	0.01	0.02	0.01	0.01	0.01	0.01	0.01	0.02	0.02
ENSMUST00000206612.1|ENSMUSG00000030516|Tjp1	328.4	65312333	chr7:65296707-65312678	0.11	0.13	0.14	0.16	0.17	0.22	0.25	0.13	0.11	0.10	0.16	0.22
ENSMUST00000032728.8|ENSMUSG00000030515|Tarsl2	29.0	65691582	chr7:65691316-65692091	1.00	1.00	NA	0.66	0.60	0.49	NA	1.00	NA	NA	0.76	1.00
ENSMUST00000206934.1|ENSMUSG00000078681|Tm2d3	3859.5	65697914	chr7:65697763-65701900	0.03	0.03	0.03	0.04	0.04	0.03	0.03	0.03	0.04	0.03	0.03	0.03
ENSMUST00000055576.11|ENSMUSG00000030513|Pcsk6	23.7	66050012	chr7:66049000-66050386	0.66	0.58	0.78	0.20	NA	0.24	0.47	0.33	NA	NA	1.00	1.00
ENSMUST00000032723.8|ENSMUSG00000030512|Snrpa1	10383.7	66070743	chr7:66070592-66074580	0.06	0.05	0.05	0.06	0.05	0.05	0.07	0.06	0.06	0.05	0.06	0.05
ENSMUST00000205279.1|ENSMUSG00000075701|Selenos	34557.3	66080569	chr7:66080418-66089120	0.27	0.26	0.26	0.27	0.13	0.20	0.30	0.32	0.25	0.29	0.16	0.16
ENSMUST00000036372.7|ENSMUSG00000032640|Chsy1	403.5	66172569	chr7:66172418-66173798	1.00	0.83	0.99	0.93	0.73	0.83	1.00	1.00	0.98	1.00	0.93	1.00
ENSMUST00000015278.14|ENSMUSG00000015134|Aldh1a3	63.5	66391558	chr7:66390889-66392691	1.00	0.78	NA	NA	NA	NA	NA	NA	0.58	0.94	NA	0.41
ENSMUST00000130161.8|ENSMUSG00000053091|Lins1	96.1	66710746	chr7:66710255-66717256	0.23	0.19	0.30	0.18	0.34	0.18	0.22	0.16	0.25	0.18	NA	NA
ENSMUST00000187953.7|ENSMUSG00000030556|Lrrc28	23.3	67617992	chr7:67513411-67619096	NA	0.03	NA	NA	0.05	0.04	NA	0.04	NA	NA	0.02	0.02
ENSMUST00000208764.1|ENSMUSG00000030555|Ttc23	3492.2	67751976	chr7:67751825-67762912	0.14	0.12	0.13	0.16	0.09	0.18	0.17	0.13	0.14	0.13	0.16	0.11
ENSMUST00000208231.1|ENSMUSG00000030554|Synm	458.3	67733001	chr7:67730167-67733446	0.46	0.37	0.34	0.41	0.56	0.64	0.60	0.37	0.36	0.37	0.28	0.47
ENSMUST00000048068.14|ENSMUSG00000042659|Arrdc4	51.5	68738959	chr7:68736994-68739479	1.00	0.80	0.87	1.00	0.82	1.00	0.85	1.00	1.00	0.97	NA	NA
ENSMUST00000032768.14|ENSMUSG00000030551|Nr2f2	792.7	70353577	chr7:70351943-70354659	0.08	0.10	0.12	0.14	0.14	0.08	0.26	0.14	0.12	0.11	0.19	0.27
ENSMUST00000119206.2|ENSMUSG00000070509|Rgma	15.7	73418243	chr7:73418030-73419899	NA	0.40	NA	0.91	NA	NA	NA	0.50	0.46	0.38	NA	NA
ENSMUST00000107456.3|ENSMUSG00000078670|Fam174b	251.6	73775047	chr7:73774896-73776919	0.72	1.00	1.00	0.88	1.00	1.00	0.98	1.00	0.78	0.92	1.00	0.92
ENSMUST00000207750.1|ENSMUSG00000066406|Akap13	118.2	75752401	chr7:75750620-75754609	0.74	0.79	0.65	0.66	0.64	1.00	0.71	0.60	0.57	0.59	NA	NA
ENSMUST00000171155.3|ENSMUSG00000055652|Klhl25	27.1	75867265	chr7:75867114-75874131	0.02	0.03	0.03	0.03	0.13	0.02	NA	0.03	0.03	0.03	NA	NA
ENSMUST00000032841.6|ENSMUSG00000030612|Mrpl46	309.0	78775308	chr7:78775235-78775459	0.13	0.18	0.00	0.12	0.34	0.24	0.01	0.33	0.00	0.00	0.10	0.28
ENSMUST00000107425.7|ENSMUSG00000030609|Aen	592.6	78908201	chr7:78907413-78911209	0.03	0.03	0.08	0.06	0.07	0.02	0.05	0.02	0.10	0.08	0.05	0.06
ENSMUST00000205563.1|ENSMUSG00000030605|Mfge8	785764.7	79134625	chr7:79134115-79134776	1.00	1.00	1.00	1.00	1.00	1.00	1.00	1.00	1.00	1.00	1.00	1.00
ENSMUST00000037315.12|ENSMUSG00000039202|Abhd2	62.1	79361225	chr7:79360153-79365508	0.05	0.28	0.55	0.59	0.31	0.48	0.37	0.45	0.57	0.53	NA	0.75
ENSMUST00000179243.2|ENSMUSG00000039194|Rlbp1	312.8	79375161	chr7:79374869-79375562	0.37	0.45	0.46	0.44	0.73	0.57	0.33	0.27	0.51	0.20	0.55	0.61
ENSMUST00000183846.7|ENSMUSG00000050382|Kif7	8.3	79698374	chr7:79698097-79698550	0.19	NA	0.01	NA	0.62	NA	0.31	0.33	0.05	0.42	NA	NA
ENSMUST00000032761.7|ENSMUSG00000030545|Pex11a	62.1	79736508	chr7:79735956-79737344	0.50	0.82	0.64	0.83	1.00	0.95	0.73	0.86	1.00	0.80	1.00	0.83
ENSMUST00000107392.7|ENSMUSG00000039062|Anpep	241.9	79822032	chr7:79821802-79822226	0.44	0.14	0.35	0.36	0.54	0.57	0.36	0.44	0.32	0.38	NA	NA
ENSMUST00000048731.5|ENSMUSG00000039043|Arpin	545.4	79926085	chr7:79925360-79926844	0.19	0.15	0.11	0.14	0.35	0.18	0.13	0.13	0.13	0.10	0.26	0.18
ENSMUST00000134328.7|ENSMUSG00000030541|Idh2	61819.3	80097803	chr7:80094849-80098177	0.24	0.23	0.24	0.28	0.24	0.24	0.23	0.25	0.26	0.26	0.24	0.24
ENSMUST00000062915.8|ENSMUSG00000050973|Gdpgp1	13.9	80239584	chr7:80239380-80242061	0.21	0.25	0.14	0.15	NA	0.17	0.16	0.22	0.17	0.08	0.35	0.58
ENSMUST00000117989.1|ENSMUSG00000047084|Ngrn	672.8	80265137	chr7:80264981-80265374	0.31	0.27	0.25	0.28	0.44	0.44	0.30	0.32	0.33	0.24	0.36	0.42
ENSMUST00000135053.7|ENSMUSG00000030534|Vps33b	305.3	80276561	chr7:80276410-80291571	0.34	0.40	0.56	0.30	NA	0.18	0.29	0.35	0.29	0.29	NA	0.20
ENSMUST00000047362.10|ENSMUSG00000038930|Rccd1	260.7	80316750	chr7:80315589-80316901	0.21	NA	NA	NA	1.00	NA	0.14	0.28	NA	NA	NA	NA
ENSMUST00000206807.1|ENSMUSG00000038886|Man2a2	1240.1	80358242	chr7:80351266-80359303	NA	NA	0.27	0.37	NA	NA	NA	0.33	0.37	0.26	0.31	0.26
ENSMUST00000122232.7|ENSMUSG00000030530|Furin	875.6	80389917	chr7:80389193-80390709	0.78	0.69	0.61	0.72	1.00	0.83	1.00	0.72	0.65	0.63	1.00	0.66
ENSMUST00000127326.1|ENSMUSG00000030527|Crtc3	177.2	80609774	chr7:80595781-80609925	0.16	0.17	0.12	0.12	0.14	0.13	0.19	0.17	0.15	0.16	0.16	0.18
ENSMUST00000026816.14|ENSMUSG00000025722|Wdr73	265.1	80891420	chr7:80890722-80891679	0.18	0.19	0.24	0.33	0.07	0.26	0.21	0.50	0.49	0.32	0.27	0.35
ENSMUST00000026817.10|ENSMUSG00000025723|Nmb	26.2	80902319	chr7:80902227-80902470	0.17	0.26	NA	0.05	0.57	0.39	0.07	NA	NA	0.17	0.29	0.31
ENSMUST00000026818.11|ENSMUSG00000025724|Sec11a	15407.6	80915671	chr7:80915376-80915856	0.26	0.30	0.29	0.32	0.59	0.41	0.28	0.32	0.35	0.31	0.38	0.36
ENSMUST00000107353.2|ENSMUSG00000005621|Zfp592	33.5	81042495	chr7:81041860-81045164	0.31	0.20	0.29	0.47	0.38	0.44	0.16	0.28	0.35	0.37	0.35	0.36
ENSMUST00000026672.7|ENSMUSG00000025584|Pde8a	86.0	81333899	chr7:81333519-81334533	0.80	0.49	0.40	0.54	1.00	0.90	1.00	0.81	0.59	0.66	1.00	1.00
ENSMUST00000098331.9|ENSMUSG00000025586|Cpeb1	39.4	81348176	chr7:81347025-81348343	0.70	0.40	0.55	0.54	NA	0.72	1.00	0.68	0.92	0.38	0.90	0.46
ENSMUST00000082090.14|ENSMUSG00000062444|Ap3b2	128.6	81460502	chr7:81460398-81460653	NA	0.46	0.19	NA	NA	0.24	NA	0.20	NA	NA	0.29	0.33
ENSMUST00000098326.2|ENSMUSG00000025813|Homer2	662.2	81609918	chr7:81600480-81610255	0.03	0.03	0.06	0.06	0.16	0.05	0.05	0.07	0.07	0.05	0.04	0.05
ENSMUST00000042166.10|ENSMUSG00000038646|Ramac	4958.3	81769137	chr7:81768555-81769491	0.49	0.47	0.41	0.39	0.62	0.56	0.57	0.43	0.56	0.53	0.55	0.62
ENSMUST00000152620.1|ENSMUSG00000025102|3110040N11Rik	527.8	81788423	chr7:81783103-81788574	0.16	0.09	0.06	0.06	0.05	0.07	0.09	0.07	0.06	0.09	0.05	0.05
ENSMUST00000026093.8|ENSMUSG00000025103|Btbd1	1841.9	81793278	chr7:81792073-81793570	0.97	0.94	0.99	0.99	0.94	0.85	1.00	1.00	0.97	1.00	0.88	0.98
ENSMUST00000126334.7|ENSMUSG00000038623|Tm6sf1	446.3	81876094	chr7:81871453-81884434	0.13	0.34	0.46	0.36	0.06	0.12	1.00	0.23	0.07	0.11	1.00	0.80
ENSMUST00000107305.7|ENSMUSG00000025104|Hdgfl3	1677.9	81885289	chr7:81881250-81886080	0.33	0.28	0.20	0.24	1.00	0.39	0.21	0.25	0.66	0.50	0.23	0.28
ENSMUST00000177883.7|ENSMUSG00000030638|Sh3gl3	728.0	82270938	chr7:82270787-82307419	0.02	0.02	0.03	0.02	0.02	0.02	0.03	0.03	0.03	0.02	0.02	0.02
ENSMUST00000117410.1|ENSMUSG00000046027|Stard5	478.3	83651105	chr7:83650954-83653127	NA	NA	0.63	0.84	0.93	0.60	0.34	0.93	0.99	1.00	NA	0.52
ENSMUST00000094216.4|ENSMUSG00000070462|Tlnrd1	57.2	83881676	chr7:83879872-83882135	0.07	0.09	0.08	0.11	0.07	0.04	0.08	0.05	0.06	0.04	0.11	0.08
ENSMUST00000064174.11|ENSMUSG00000052353|Cemip	58.1	83933637	chr7:83932856-83935623	NA	NA	0.54	0.52	NA	NA	0.79	0.76	0.48	0.55	NA	NA
ENSMUST00000117085.1|ENSMUSG00000038459|Abhd17c	2630.8	84110001	chr7:84109355-84110584	0.69	0.71	0.62	0.69	1.00	0.99	0.58	0.65	0.69	0.62	0.95	0.88
ENSMUST00000208204.1|ENSMUSG00000015709|Arnt2	227.6	84343741	chr7:84309091-84354555	NA	NA	0.03	0.04	NA	NA	NA	0.04	NA	NA	0.00	0.00
ENSMUST00000180387.2|ENSMUSG00000097789|Gm2115	58.9	84578175	chr7:84577085-84583531	0.02	0.05	0.27	0.27	0.05	0.06	0.27	0.23	NA	NA	0.10	0.14
ENSMUST00000209117.1|ENSMUSG00000030629|Zfand6	3620.9	84615257	chr7:84613765-84615822	0.03	0.04	0.02	0.03	0.08	0.04	0.03	0.03	0.04	0.03	0.05	0.04
ENSMUST00000126887.7|ENSMUSG00000030562|Nox4	57.3	87295947	chr7:87295796-87398710	NA	NA	0.03	NA	NA	0.03	NA	0.04	0.04	0.04	NA	NA
ENSMUST00000131108.8|ENSMUSG00000030560|Ctsc	441.9	88289027	chr7:88288657-88291397	0.80	0.90	0.84	0.84	0.66	1.00	1.00	0.97	0.92	0.87	0.98	0.86
ENSMUST00000041968.10|ENSMUSG00000039428|Tmem135	285.0	89140598	chr7:89139713-89141840	0.42	0.56	0.39	0.28	0.65	0.37	0.38	0.26	0.40	0.27	0.32	0.58
ENSMUST00000058755.4|ENSMUSG00000049791|Fzd4	110.4	89408959	chr7:89408357-89413134	0.49	0.29	0.46	0.64	0.52	0.46	0.63	0.56	0.49	0.57	0.54	0.59
ENSMUST00000041761.6|ENSMUSG00000039405|Prss23	1281.3	89509305	chr7:89507782-89509713	0.07	0.04	0.05	0.04	0.10	0.06	0.04	0.05	0.06	0.04	0.07	0.08
ENSMUST00000207980.1|ENSMUSG00000030619|Eed	5002.9	89955388	chr7:89954659-89955539	1.00	1.00	NA	NA	1.00	1.00	NA	1.00	NA	NA	NA	NA
ENSMUST00000207484.1|ENSMUSG00000039361|Picalm	759.5	90208825	chr7:90207594-90213465	0.02	0.00	0.01	0.01	0.02	0.01	0.02	0.01	0.01	0.01	0.03	0.02
ENSMUST00000190837.6|ENSMUSG00000030616|Sytl2	54.5	90409923	chr7:90409544-90410439	0.67	0.61	0.70	0.54	1.00	0.63	0.49	0.79	NA	NA	0.91	0.63
ENSMUST00000208379.1|ENSMUSG00000051451|Crebzf	394.8	90446506	chr7:90444088-90447994	0.28	0.15	0.10	0.14	0.45	0.16	0.12	0.09	0.07	0.05	0.16	0.10
ENSMUST00000136652.7|ENSMUSG00000030615|Tmem126a	8578.8	90451500	chr7:90450699-90451651	0.07	0.06	0.07	0.06	0.11	0.07	0.07	0.08	0.07	0.06	0.07	0.07
ENSMUST00000032843.8|ENSMUSG00000030614|Tmem126b	348.2	90468816	chr7:90467437-90468980	0.85	1.00	0.78	0.84	0.36	0.63	0.99	0.83	0.89	1.00	0.55	0.84
ENSMUST00000231777.2|ENSMUSG00000052572|Dlg2	385.6	92446177	chr7:92444614-92449247	NA	1.00	1.00	1.00	0.92	1.00	0.57	0.72	NA	NA	1.00	0.82
ENSMUST00000032842.12|ENSMUSG00000030613|Ccdc90b	1027.1	92582030	chr7:92581853-92582294	0.23	0.41	0.26	0.27	0.74	0.54	0.26	0.26	0.24	0.34	0.47	0.38
ENSMUST00000126305.7|ENSMUSG00000041343|Ankrd42	11.0	92619535	chr7:92584198-92619686	0.05	0.04	0.04	NA	NA	0.06	NA	0.05	0.03	0.03	0.06	0.08
ENSMUST00000208255.1|ENSMUSG00000041328|Pcf11	57.5	92668852	chr7:92668183-92669386	0.83	0.77	1.00	0.85	1.00	NA	0.74	0.64	0.49	NA	0.86	1.00
ENSMUST00000032879.14|ENSMUSG00000030643|Rab30	21.8	92836418	chr7:92835936-92844535	0.09	0.12	0.04	0.05	0.07	0.04	0.02	0.03	0.05	0.05	0.05	0.11
ENSMUST00000076052.7|ENSMUSG00000061119|Prcp	937.0	92933841	chr7:92933176-92934583	0.08	0.11	0.07	0.09	0.23	0.10	0.09	0.07	0.09	0.09	0.16	0.11
ENSMUST00000051179.9|ENSMUSG00000051515|Fam181b	921.6	93081528	chr7:93081172-93081867	0.14	0.23	0.11	0.15	0.39	0.25	0.15	0.21	0.09	0.35	0.30	0.25
ENSMUST00000122835.7|ENSMUSG00000018995|Nars2	11.8	97035402	chr7:97035251-97062942	0.04	0.02	NA	0.05	0.04	0.03	NA	0.03	0.02	0.02	NA	NA
ENSMUST00000004622.6|ENSMUSG00000004508|Gab2	79.3	97307872	chr7:97305016-97308946	0.58	0.57	0.34	0.42	1.00	0.73	NA	0.34	0.59	0.27	0.42	0.97
ENSMUST00000168435.6|ENSMUSG00000035713|Usp35	23.1	97309963	chr7:97309379-97310334	NA	NA	0.49	0.49	NA	0.44	0.93	0.62	0.60	1.00	1.00	0.84
ENSMUST00000054107.5|ENSMUSG00000044952|Kctd21	52.8	97348516	chr7:97348101-97350213	1.00	NA	0.96	0.84	NA	0.93	NA	1.00	0.86	0.75	1.00	0.88
ENSMUST00000098300.5|ENSMUSG00000035704|Alg8	84.8	97391937	chr7:97391756-97392185	0.23	0.43	0.30	0.39	1.00	0.28	NA	0.18	0.37	0.15	NA	NA
ENSMUST00000043077.7|ENSMUSG00000035686|Thrsp	729.3	97416902	chr7:97412937-97417053	0.00	0.01	0.01	0.00	0.00	0.00	0.00	0.00	0.00	0.00	0.01	0.00
ENSMUST00000143321.2|ENSMUSG00000051727|Kctd14	625.6	97458418	chr7:97454880-97459553	NA	0.06	NA	NA	NA	0.00	NA	NA	NA	NA	0.06	0.06
ENSMUST00000026506.4|ENSMUSG00000025439|Clns1a	18410.2	97716666	chr7:97716515-97718879	0.66	0.71	0.64	0.67	0.83	0.68	0.68	0.61	0.58	0.65	0.65	0.67
ENSMUST00000206389.1|ENSMUSG00000042797|Aqp11	165.9	97726437	chr7:97724005-97726627	0.34	0.56	0.54	0.60	0.17	0.29	0.63	0.48	0.42	0.39	0.39	0.46
ENSMUST00000156637.2|ENSMUSG00000030774|Pak1	2751.6	97898683	chr7:97898532-97912381	0.08	0.07	0.07	0.06	0.07	0.07	0.08	0.07	0.07	0.07	0.07	0.08
ENSMUST00000156992.7|ENSMUSG00000030761|Myo7a	140.3	98064112	chr7:98051062-98064276	NA	0.12	0.16	0.16	0.15	0.16	NA	0.18	0.14	0.20	NA	0.20
ENSMUST00000040971.13|ENSMUSG00000035547|Capn5	153.4	98123615	chr7:98121558-98123875	NA	0.77	1.00	0.86	1.00	0.98	1.00	0.90	0.72	0.64	1.00	0.97
ENSMUST00000094161.10|ENSMUSG00000049580|Tsku	34.1	98351688	chr7:98350667-98352060	NA	0.13	0.91	0.89	0.89	0.44	NA	0.95	0.67	0.73	NA	NA
ENSMUST00000205956.1|ENSMUSG00000090958|Lrrc32	1615.8	98501549	chr7:98500003-98502181	0.46	0.40	0.38	0.38	1.00	0.51	0.50	0.34	0.47	0.30	0.69	0.65
ENSMUST00000126356.7|ENSMUSG00000030753|Thap12	487.3	98710233	chr7:98707963-98715367	0.20	0.23	NA	0.25	NA	0.21	NA	0.36	NA	0.26	0.19	0.25
ENSMUST00000163913.7|ENSMUSG00000015957|Wnt11	398.0	98847451	chr7:98846519-98853811	0.17	NA	0.20	0.17	0.30	0.16	0.20	0.19	0.16	0.12	NA	0.04
ENSMUST00000169437.8|ENSMUSG00000070436|Serpinh1	809782.3	99345632	chr7:99345375-99346122	0.50	0.53	0.38	0.45	1.00	0.60	0.39	0.38	0.47	0.46	0.68	0.45
ENSMUST00000037528.9|ENSMUSG00000035314|Gdpd5	990.8	99460752	chr7:99460110-99461877	0.19	0.20	0.15	0.14	0.21	0.13	0.13	0.09	0.11	0.09	0.12	0.18
ENSMUST00000153736.1|ENSMUSG00000035298|Klhl35	13.0	99471126	chr7:99470975-99471786	NA	NA	NA	0.08	0.00	NA	0.00	0.00	NA	0.00	0.00	NA
ENSMUST00000032998.12|ENSMUSG00000030744|Rps3	3249.5	99478881	chr7:99477895-99479279	0.51	1.00	NA	NA	0.30	0.69	0.72	NA	NA	NA	0.47	0.51
ENSMUST00000098266.8|ENSMUSG00000018909|Arrb1	1524.9	99601357	chr7:99601206-99606771	NA	1.00	1.00	1.00	1.00	1.00	NA	1.00	0.98	1.00	1.00	1.00
ENSMUST00000178124.2|ENSMUSG00000096606|Tpbgl	63.1	99625305	chr7:99624081-99625496	0.70	0.67	1.00	0.86	1.00	0.78	0.89	0.75	0.88	0.79	0.81	0.93
ENSMUST00000032985.10|ENSMUSG00000030737|Slco2b1	2472.8	99658653	chr7:99657803-99660043	0.16	0.16	0.13	0.13	0.36	0.19	0.20	0.15	0.13	0.14	0.15	0.20
ENSMUST00000036331.6|ENSMUSG00000035239|Neu3	14.8	99812721	chr7:99811438-99813260	0.68	0.76	NA	0.96	NA	NA	NA	0.65	NA	NA	NA	NA
ENSMUST00000208465.1|ENSMUSG00000035227|Spcs2	12619.8	99844584	chr7:99839427-99844735	0.00	0.00	0.00	0.00	0.00	0.00	0.00	0.00	0.00	0.00	0.00	0.00
ENSMUST00000127128.7|ENSMUSG00000030726|Pold3	297.2	100093371	chr7:100083392-100108535	0.37	0.35	0.34	0.32	NA	0.32	0.29	0.30	0.29	0.35	NA	0.36
ENSMUST00000032967.3|ENSMUSG00000030725|Lipt2	78.5	100160733	chr7:100160400-100161365	0.13	0.18	0.35	0.28	0.28	0.19	0.07	0.13	0.28	0.09	0.11	0.23
ENSMUST00000032963.9|ENSMUSG00000030718|Ppme1	174.6	100327100	chr7:100326736-100327866	0.49	0.62	0.44	0.76	0.63	0.63	0.48	0.40	0.63	0.44	0.79	0.70
ENSMUST00000133464.7|ENSMUSG00000047248|C2cd3	13.8	100391180	chr7:100390145-100423354	0.18	0.06	0.09	0.15	NA	0.13	0.06	NA	0.11	0.14	NA	NA
ENSMUST00000032958.13|ENSMUSG00000032942|Ucp3	20.4	100485713	chr7:100485105-100486432	0.19	0.77	NA	NA	NA	NA	NA	NA	NA	NA	1.00	1.00
ENSMUST00000126534.7|ENSMUSG00000033685|Ucp2	12398.0	100499514	chr7:100499347-100502020	0.01	0.01	0.01	0.01	0.01	0.01	0.01	0.01	0.01	0.01	0.02	0.01
ENSMUST00000054310.3|ENSMUSG00000044881|Coa4	41.6	100539639	chr7:100539342-100540369	0.09	0.10	0.11	0.15	0.21	0.12	0.02	0.22	0.12	0.18	0.20	0.21
ENSMUST00000107053.10|ENSMUSG00000030706|Mrpl48	21318.8	100565193	chr7:100549236-100565392	NA	0.07	0.08	NA	NA	0.07	0.08	NA	NA	0.07	0.05	0.06
ENSMUST00000107048.7|ENSMUSG00000030704|Rab6a	7297.1	100639969	chr7:100639316-100641268	0.57	0.56	0.43	0.49	1.00	0.52	0.41	0.49	0.48	0.49	0.47	0.57
ENSMUST00000107046.7|ENSMUSG00000030701|Plekhb1	75912.8	100644098	chr7:100642891-100644935	0.04	0.04	0.03	0.03	0.11	0.05	0.04	0.04	0.04	0.04	0.06	0.07
ENSMUST00000049053.8|ENSMUSG00000029461|Fam168a	955.7	100839011	chr7:100835436-100841656	NA	0.80	0.85	0.75	NA	NA	NA	0.68	0.48	0.68	1.00	0.80
ENSMUST00000155413.8|ENSMUSG00000008318|Relt	194.9	100850064	chr7:100846529-100850273	0.22	0.38	0.21	0.21	0.31	0.19	0.20	0.23	0.41	0.20	0.40	0.25
ENSMUST00000107032.2|ENSMUSG00000032875|Arhgef17	137.2	100872312	chr7:100869751-100873402	0.11	0.13	0.25	0.18	0.14	0.12	0.23	0.16	0.18	0.26	0.21	0.14
ENSMUST00000060174.5|ENSMUSG00000048779|P2ry6	282.9	100937912	chr7:100937629-100938166	NA	0.67	0.30	0.58	0.37	0.41	0.30	0.41	0.41	0.43	0.39	NA
ENSMUST00000037540.4|ENSMUSG00000032860|P2ry2	45.6	100997240	chr7:100996567-100997977	0.21	0.13	0.30	0.08	0.35	0.17	0.23	0.17	0.18	0.16	0.09	0.10
ENSMUST00000032931.8|ENSMUSG00000030691|Fchsd2	185.4	101282681	chr7:101282530-101284405	0.98	1.00	1.00	1.00	0.99	1.00	1.00	0.97	1.00	1.00	1.00	0.99
ENSMUST00000207740.1|ENSMUSG00000047767|Atg16l2	216.1	101282449	chr7:101263033-101290212	0.22	NA	0.22	0.21	0.22	0.20	0.19	0.22	0.19	0.23	0.12	0.14
ENSMUST00000174140.1|ENSMUSG00000030688|Stard10	3597.7	101344034	chr7:101343201-101346137	0.13	0.00	0.00	0.02	0.14	0.03	0.01	0.00	0.07	0.07	0.01	0.02
ENSMUST00000098243.3|ENSMUSG00000032812|Arap1	1401.2	101411674	chr7:101411318-101412586	0.23	0.17	0.09	0.10	0.17	0.08	0.11	0.05	0.08	0.10	0.12	0.22
ENSMUST00000084894.14|ENSMUSG00000030653|Gm45837	4706.7	101512516	chr7:101511660-101512819	0.67	0.66	0.61	0.68	1.00	0.87	1.00	0.64	0.76	0.84	0.81	0.74
ENSMUST00000210364.1|ENSMUSG00000110195|Pde2a	21547.7	101481531	chr7:101481380-101512819	0.22	0.16	0.16	0.17	0.14	0.15	0.13	0.18	0.11	0.15	0.15	0.13
ENSMUST00000144207.8|ENSMUSG00000030649|Anapc15	188.0	101899440	chr7:101899238-101901849	0.13	0.24	0.26	0.45	0.05	0.07	0.12	0.14	0.12	0.16	0.28	0.36
ENSMUST00000106969.8|ENSMUSG00000078630|Tomt	3281.5	101898899	chr7:101898369-101900305	0.17	0.00	NA	0.05	NA	0.00	0.00	NA	NA	NA	0.00	0.00
ENSMUST00000033131.11|ENSMUSG00000030842|Lamtor1	28838.0	101911634	chr7:101911362-101911903	0.41	0.43	0.45	0.41	0.58	0.44	0.40	0.37	0.40	0.45	0.46	0.50
ENSMUST00000163903.7|ENSMUSG00000064307|Lrrc51	67.5	101913109	chr7:101912988-101913433	0.81	1.00	0.77	0.43	NA	0.48	0.57	0.96	0.76	0.45	0.88	1.00
ENSMUST00000084852.12|ENSMUSG00000066306|Numa1	261.1	102014665	chr7:102014244-102014964	0.36	0.50	0.47	0.54	0.70	0.62	0.52	0.49	0.45	0.40	0.88	0.71
ENSMUST00000209844.1|ENSMUSG00000070427|Il18bp	1866.1	102015417	chr7:102014884-102015748	0.29	0.25	0.21	0.24	0.43	0.22	0.15	0.21	0.21	0.23	0.20	NA
ENSMUST00000096639.11|ENSMUSG00000070426|Rnf121	200.5	102019734	chr7:102019136-102020374	1.00	1.00	0.75	1.00	1.00	0.93	1.00	0.86	0.80	0.87	1.00	0.97
ENSMUST00000142629.7|ENSMUSG00000099481|Xndc1	44.3	102080048	chr7:102079100-102083765	0.15	1.00	1.00	0.89	0.09	1.00	1.00	0.77	1.00	0.59	NA	1.00
ENSMUST00000155078.7|ENSMUSG00000070425|Xntrpc	18.0	102083648	chr7:102079100-102096334	0.05	0.00	0.03	0.04	0.01	0.01	0.02	0.01	0.03	0.02	NA	0.01
ENSMUST00000210682.1|ENSMUSG00000063550|Nup98	67.9	102120299	chr7:102119397-102120456	NA	1.00	0.95	0.80	NA	NA	1.00	0.89	1.00	1.00	NA	NA
ENSMUST00000119816.8|ENSMUSG00000030990|Pgap2	6425.4	102236554	chr7:102235688-102237733	NA	NA	0.42	NA	NA	0.37	0.50	0.37	NA	NA	NA	0.43
ENSMUST00000106923.1|ENSMUSG00000073982|Rhog	5716.7	102239394	chr7:102239122-102239671	0.53	0.47	0.43	0.39	0.82	0.58	0.36	0.38	0.44	0.44	0.58	0.54
ENSMUST00000209255.1|ENSMUSG00000030987|Stim1	160.5	102436624	chr7:102435897-102437319	0.47	0.67	0.47	0.44	0.97	0.97	0.50	0.61	0.50	0.43	0.91	0.69
ENSMUST00000211720.1|ENSMUSG00000030978|Rrm1	64.5	102443162	chr7:102443011-102446727	0.00	0.01	0.01	0.00	0.00	0.00	0.00	0.00	0.00	0.00	0.00	0.00
ENSMUST00000033264.11|ENSMUSG00000030966|Trim21	162.4	102558757	chr7:102557920-102559124	0.50	0.71	0.66	0.60	0.79	0.75	0.58	0.58	0.73	0.52	NA	0.43
ENSMUST00000210855.1|ENSMUSG00000073968|Trim68	47.1	102678581	chr7:102677588-102678740	1.00	NA	0.70	0.80	1.00	NA	NA	0.91	NA	0.57	NA	NA
ENSMUST00000106849.8|ENSMUSG00000056144|Trim34a	52.0	104261878	chr7:104261447-104262234	0.61	0.72	0.51	0.54	1.00	0.78	0.85	0.62	0.57	0.44	NA	0.93
ENSMUST00000098179.8|ENSMUSG00000060441|Trim5	18.1	104264858	chr7:104263385-104265369	NA	0.21	NA	0.14	NA	NA	0.18	0.19	NA	NA	NA	NA
ENSMUST00000106837.7|ENSMUSG00000066258|Trim12a	1244.0	104300688	chr7:104299896-104300839	1.00	NA	NA	NA	1.00	NA	1.00	1.00	NA	NA	NA	NA
ENSMUST00000059037.14|ENSMUSG00000057143|Trim12c	21.8	104340201	chr7:104338753-104340777	0.40	NA	0.26	0.58	0.76	0.23	0.43	0.30	NA	0.54	NA	0.62
ENSMUST00000076922.5|ENSMUSG00000030921|Trim30a	104.4	104410928	chr7:104409024-104411079	1.00	0.74	0.78	0.86	1.00	NA	0.81	1.00	0.78	0.87	0.49	NA
ENSMUST00000071069.12|ENSMUSG00000057596|Trim30d	16.1	104471853	chr7:104470013-104472045	NA	NA	0.95	0.69	NA	NA	0.23	1.00	0.70	1.00	NA	NA
ENSMUST00000137158.7|ENSMUSG00000044465|Fam160a2	1223.7	105388770	chr7:105378609-105388921	0.21	0.12	0.15	0.12	0.12	0.11	0.12	0.18	0.16	0.22	0.12	0.10
ENSMUST00000033189.5|ENSMUSG00000030898|Cckbr	95.7	105436005	chr7:105435419-105436339	NA	1.00	0.90	0.47	NA	0.97	0.91	0.67	NA	NA	0.68	0.60
ENSMUST00000047040.3|ENSMUSG00000037060|Cavin3	16333.9	105480672	chr7:105480082-105480823	0.10	0.11	0.07	0.10	0.07	0.08	0.08	0.11	0.11	0.09	0.12	0.09
ENSMUST00000046983.9|ENSMUSG00000037049|Smpd1	3776.6	105558181	chr7:105558030-105558389	0.34	0.33	0.33	0.33	0.63	0.41	0.45	0.32	0.38	0.36	0.41	0.45
ENSMUST00000188001.6|ENSMUSG00000037032|Apbb1	90303.1	105564971	chr7:105558486-105567337	0.00	0.00	0.00	0.00	0.00	0.00	0.00	0.00	0.00	0.00	0.00	0.00
ENSMUST00000057525.13|ENSMUSG00000036989|Trim3	897.2	105610835	chr7:105610469-105611060	0.17	0.20	0.10	0.12	0.36	0.20	0.15	0.14	0.16	0.12	0.15	0.19
ENSMUST00000033171.14|ENSMUSG00000030881|Arfip2	7177.6	105637818	chr7:105635620-105638330	0.69	0.69	0.53	0.69	0.74	0.61	0.74	0.62	0.79	0.60	0.68	0.61
ENSMUST00000106783.7|ENSMUSG00000089847|Timm10b	1780.8	105641352	chr7:105641201-105643637	0.13	0.08	0.14	0.11	0.07	0.08	0.12	0.14	0.12	0.11	0.11	0.10
ENSMUST00000142874.8|ENSMUSG00000110234|Gm45799	214.7	105641352	chr7:105641201-105684439	0.01	0.01	0.02	0.01	0.01	0.01	0.01	0.02	0.01	0.01	0.02	0.02
ENSMUST00000149695.7|ENSMUSG00000030890|Ilk	233752.9	105742337	chr7:105740956-105742918	0.15	0.16	0.13	0.15	0.17	0.15	0.14	0.16	0.15	0.14	0.19	0.19
ENSMUST00000141116.1|ENSMUSG00000043866|Taf10	210170.3	105740770	chr7:105739392-105742976	0.55	0.58	0.51	0.55	0.60	0.57	0.48	0.52	0.60	0.58	0.72	0.75
ENSMUST00000033184.5|ENSMUSG00000030894|Tpp1	8524.7	105746244	chr7:105744810-105746634	0.20	0.19	0.13	0.13	0.30	0.16	0.11	0.18	0.14	0.14	0.17	0.20
ENSMUST00000124482.2|ENSMUSG00000030879|Mrpl17	1295.9	105809689	chr7:105803205-105809859	0.03	0.03	0.05	0.05	0.03	0.03	0.03	0.05	0.03	0.03	0.03	0.05
ENSMUST00000106766.8|ENSMUSG00000078606|Gm4070	44.3	105895592	chr7:105895138-105896562	0.59	0.49	0.27	0.92	0.65	0.08	NA	0.38	NA	0.59	0.24	0.67
ENSMUST00000006667.10|ENSMUSG00000045868|Gvin1	41.3	106157009	chr7:106156555-106157979	0.59	0.49	0.27	0.93	0.65	0.08	NA	0.38	NA	0.58	0.24	0.67
ENSMUST00000120990.1|ENSMUSG00000051041|Olfml1	358.5	107590806	chr7:107590428-107591094	0.79	0.85	0.94	0.78	0.99	0.79	0.63	0.72	0.81	0.87	1.00	0.96
ENSMUST00000033342.6|ENSMUSG00000031029|Eif3f	1233.3	108941686	chr7:108941535-108942951	0.01	0.00	0.04	0.06	0.00	0.02	0.02	0.01	0.00	0.01	0.02	0.02
ENSMUST00000033341.11|ENSMUSG00000031028|Tub	255.5	109030430	chr7:109030254-109034460	NA	0.84	0.66	0.81	NA	1.00	NA	0.90	NA	NA	1.00	1.00
ENSMUST00000036992.8|ENSMUSG00000036111|Lmo1	369.8	109138722	chr7:109138571-109138873	0.27	0.39	0.25	0.49	0.57	0.19	0.31	0.49	NA	NA	0.39	0.40
ENSMUST00000079282.7|ENSMUSG00000031024|Denn2b	280.7	109524202	chr7:109523910-109524648	0.51	0.54	0.41	0.43	1.00	0.57	0.55	0.44	0.59	0.39	0.81	0.82
ENSMUST00000033335.5|ENSMUSG00000031023|Akip1	195.1	109712041	chr7:109711890-109712189	0.28	0.35	0.24	0.21	0.30	0.36	0.24	0.34	0.26	0.28	0.46	0.48
ENSMUST00000033333.12|ENSMUSG00000031021|Tmem9b	8299.7	109736333	chr7:109735833-109736838	0.58	0.64	0.61	0.60	0.74	0.59	0.60	0.61	0.63	0.61	0.85	0.77
ENSMUST00000041460.12|ENSMUSG00000034825|Nrip3	97.9	109760260	chr7:109758054-109761176	0.79	0.82	0.72	0.74	NA	0.79	0.98	0.81	NA	NA	0.71	0.79
ENSMUST00000106722.1|ENSMUSG00000035901|Dennd5a	2142.8	109894190	chr7:109893779-109894634	0.74	0.77	0.66	0.69	1.00	0.92	0.83	0.76	0.81	0.68	1.00	0.85
ENSMUST00000154831.8|ENSMUSG00000047554|Tmem41b	1584.9	109980955	chr7:109976594-109981106	0.08	0.08	0.09	0.08	0.11	0.09	0.09	0.09	0.08	0.09	0.07	0.05
ENSMUST00000169638.3|ENSMUSG00000061079|Zfp143	35.0	110094783	chr7:110094371-110095394	0.71	0.89	0.70	0.78	0.56	0.48	NA	0.64	0.98	0.72	1.00	0.59
ENSMUST00000033326.9|ENSMUSG00000031016|Wee1	167.0	110142378	chr7:110142109-110143286	0.83	0.80	0.75	0.87	1.00	1.00	0.64	0.72	0.83	0.82	0.95	0.82
ENSMUST00000033325.8|ENSMUSG00000031015|Swap70	776.8	110282247	chr7:110281334-110283506	0.65	0.62	0.63	0.68	0.73	0.70	1.00	0.78	0.73	0.64	0.78	0.87
ENSMUST00000167652.1|ENSMUSG00000038371|Sbf2	17.7	110489130	chr7:110462875-110489281	0.01	0.00	0.01	0.02	0.04	0.01	0.02	0.01	0.01	0.02	0.01	0.01
ENSMUST00000033054.9|ENSMUSG00000030790|Adm	6540.0	110629508	chr7:110629165-110629820	0.37	0.33	0.34	0.22	1.00	0.58	0.27	0.36	0.16	0.43	0.30	0.75
ENSMUST00000005829.12|ENSMUSG00000005686|Ampd3	522.0	110811366	chr7:110810907-110812405	0.91	0.87	0.79	0.71	0.82	1.00	1.00	0.82	0.85	0.76	1.00	0.94
ENSMUST00000127935.7|ENSMUSG00000005611|Mrvi1	339.4	110871210	chr7:110868265-110871361	NA	NA	1.00	1.00	1.00	NA	1.00	0.99	1.00	0.81	NA	NA
ENSMUST00000005749.5|ENSMUSG00000005609|Ctr9	210.2	111056089	chr7:111055782-111056377	0.47	0.42	0.40	0.32	0.71	0.51	0.54	0.48	0.44	0.36	0.44	0.75
ENSMUST00000162415.8|ENSMUSG00000005610|Eif4g2	18824.8	111072103	chr7:111067749-111072694	0.05	0.07	0.07	0.07	0.08	0.05	0.11	0.07	0.06	0.06	0.11	0.12
ENSMUST00000049430.14|ENSMUSG00000038296|Galnt18	127.2	111471788	chr7:111471660-111471939	0.24	0.12	0.15	0.14	0.65	0.22	0.10	0.29	0.10	0.10	0.30	0.43
ENSMUST00000210309.1|ENSMUSG00000059263|Usp47	383.2	112110353	chr7:112110116-112111661	0.53	0.55	0.50	0.47	0.63	0.49	0.40	0.52	0.37	0.37	0.67	0.36
ENSMUST00000033036.6|ENSMUSG00000030772|Dkk3	16439.2	112117402	chr7:112116016-112118213	0.63	0.64	0.50	0.53	0.94	0.65	0.58	0.59	0.55	0.55	0.77	0.83
ENSMUST00000215412.1|ENSMUSG00000038244|Mical2	14.1	112354993	chr7:112353936-112412987	NA	0.01	0.00	0.00	NA	0.01	0.00	0.00	0.00	0.00	0.02	0.02
ENSMUST00000047321.8|ENSMUSG00000055116|Arntl	130.5	113313845	chr7:113313616-113314126	0.49	0.47	0.30	0.35	0.96	0.52	0.43	0.35	0.32	0.25	0.63	0.90
ENSMUST00000135510.1|ENSMUSG00000038187|Btbd10	163.0	113328300	chr7:113315645-113328451	0.05	0.04	0.03	0.05	0.09	0.04	0.07	0.03	0.04	0.05	0.03	0.03
ENSMUST00000033018.14|ENSMUSG00000030759|Far1	211.2	113569534	chr7:113568254-113571511	0.48	0.41	0.38	0.43	0.64	0.44	0.32	0.40	0.47	0.37	0.39	0.50
ENSMUST00000033012.8|ENSMUSG00000030754|Copb1	1048.1	114215729	chr7:114215558-114215880	0.31	0.28	0.27	0.22	0.39	0.32	0.27	0.32	0.22	0.39	0.65	0.49
ENSMUST00000033008.9|ENSMUSG00000030751|Psma1	11764.7	114264751	chr7:114264605-114264902	0.30	0.24	0.21	0.28	0.50	0.30	0.23	0.21	0.26	0.23	0.34	0.25
ENSMUST00000032909.8|ENSMUSG00000030671|Pde3b	66.9	114537711	chr7:114536245-114539251	NA	NA	0.10	0.10	0.11	0.08	NA	0.03	0.09	0.03	NA	0.07
ENSMUST00000032906.10|ENSMUSG00000030669|Calca	580.6	114632291	chr7:114631477-114632442	NA	NA	0.79	1.00	NA	NA	1.00	1.00	1.00	1.00	NA	NA
ENSMUST00000151254.1|ENSMUSG00000030663|1110004F10Rik	119544.3	116103380	chr7:116103229-116105210	0.72	0.72	0.65	0.64	0.72	0.78	0.74	0.80	0.59	0.64	0.67	0.79
ENSMUST00000206385.1|ENSMUSG00000030660|Pik3c2a	21.5	116349990	chr7:116339604-116350141	0.12	NA	0.06	0.07	NA	NA	NA	NA	0.10	0.09	NA	NA
ENSMUST00000032892.6|ENSMUSG00000030657|Xylt1	18.3	117668572	chr7:117667619-117673580	NA	NA	NA	NA	0.45	NA	NA	NA	0.48	0.48	NA	0.56
ENSMUST00000131374.7|ENSMUSG00000008683|Rps15a	64.9	118108951	chr7:118104371-118109102	0.13	0.22	NA	NA	0.04	0.10	NA	NA	NA	NA	0.26	0.49
ENSMUST00000179331.8|ENSMUSG00000030655|Smg1	12.5	118182334	chr7:118134046-118210782	0.18	NA	0.16	0.21	NA	NA	NA	0.28	0.17	0.27	NA	NA
ENSMUST00000081574.7|ENSMUSG00000058420|Syt17	89.8	118381074	chr7:118380716-118381858	NA	0.77	0.52	0.57	NA	0.91	0.96	0.57	NA	NA	0.79	0.73
ENSMUST00000178344.2|ENSMUSG00000095115|Itpripl2	75.5	118486707	chr7:118485110-118489729	0.67	0.43	0.57	0.29	0.66	0.70	NA	0.50	0.35	0.36	NA	NA
ENSMUST00000044195.5|ENSMUSG00000042246|Tmc7	44.6	118537945	chr7:118535840-118538139	0.73	1.00	0.68	0.53	1.00	NA	NA	NA	0.48	0.57	NA	0.56
ENSMUST00000208040.1|ENSMUSG00000033917|Gde1	38025.4	118698512	chr7:118691601-118698663	0.06	0.05	0.05	0.06	0.06	0.05	0.06	0.06	0.05	0.05	0.06	0.06
ENSMUST00000059390.12|ENSMUSG00000030982|Vps35l	289.3	118841442	chr7:118841291-118842966	0.14	0.10	0.17	0.12	0.10	0.14	0.20	0.18	0.11	0.17	0.09	0.10
ENSMUST00000116280.8|ENSMUSG00000030980|Knop1	30.6	118845633	chr7:118842221-118845785	0.64	0.58	0.68	0.86	0.92	0.47	0.36	0.80	0.72	0.74	NA	0.44
ENSMUST00000008878.9|ENSMUSG00000008734|Gprc5b	38.9	118974422	chr7:118972046-118975161	NA	0.48	0.46	0.81	NA	NA	NA	NA	NA	NA	NA	1.00
ENSMUST00000033236.8|ENSMUSG00000030942|Thumpd1	265.2	119716523	chr7:119715092-119716674	1.00	1.00	0.96	0.91	1.00	1.00	1.00	0.89	1.00	1.00	1.00	0.87
ENSMUST00000106529.7|ENSMUSG00000030935|Acsm3	48.3	119786544	chr7:119785130-119787513	0.11	0.25	0.13	0.06	0.01	0.15	NA	0.27	0.21	0.14	NA	NA
ENSMUST00000133758.8|ENSMUSG00000030924|Rexo5	9.2	119805299	chr7:119805148-119848938	0.03	0.04	NA	NA	0.06	0.04	0.03	NA	0.03	0.03	NA	NA
ENSMUST00000059851.13|ENSMUSG00000048787|Dcun1d3	95.6	119856320	chr7:119852795-119857575	0.26	0.22	0.26	0.23	0.44	0.16	0.26	0.20	0.21	0.21	0.29	0.22
ENSMUST00000207270.1|ENSMUSG00000030922|Lyrm1	3.4	119916578	chr7:119916254-119956963	0.00	0.00	0.00	0.00	0.01	0.00	0.01	0.00	0.00	0.00	0.00	0.00
ENSMUST00000118737.2|ENSMUSG00000030917|Tmem159	5493.4	120120609	chr7:120120252-120120992	0.44	0.36	0.29	0.24	1.00	0.43	0.27	0.30	0.34	0.24	0.50	0.60
ENSMUST00000033198.5|ENSMUSG00000030905|Crym	847.5	120186485	chr7:120186379-120186636	0.28	0.17	0.25	0.12	0.29	0.17	0.30	0.15	0.21	0.19	0.40	0.24
ENSMUST00000033176.6|ENSMUSG00000030884|Uqcrc2	1315.0	120659252	chr7:120659101-120659524	0.19	0.22	0.09	0.18	0.24	0.31	0.14	0.17	0.09	0.11	0.25	0.30
ENSMUST00000047875.15|ENSMUSG00000035064|Eef2k	39.3	120903808	chr7:120903388-120907450	0.07	0.10	0.08	0.11	0.07	0.07	0.22	0.10	0.05	0.06	0.15	0.19
ENSMUST00000033173.14|ENSMUSG00000030880|Polr3e	77.4	120946010	chr7:120945529-120947432	0.12	0.15	0.17	0.11	0.06	0.17	0.10	0.06	0.20	0.10	0.04	0.25
ENSMUST00000140247.2|ENSMUSG00000030878|Cdr2	5.3	120970271	chr7:120958661-120970422	0.01	0.00	0.00	0.01	0.04	0.01	NA	NA	0.00	0.00	0.00	0.00
ENSMUST00000033163.7|ENSMUSG00000030876|Mettl9	1776.0	121076588	chr7:121076332-121076835	0.50	0.48	0.34	0.35	0.73	0.57	0.37	0.32	0.32	0.37	0.61	0.50
ENSMUST00000047194.3|ENSMUSG00000035004|Igsf6	105.7	121064740	chr7:121064066-121065463	0.39	0.84	0.77	1.00	0.77	0.86	0.98	0.88	0.87	0.73	NA	NA
ENSMUST00000084628.4|ENSMUSG00000046321|Hs3st2	30.8	121501352	chr7:121501033-121501770	NA	0.33	NA	0.82	NA	0.30	1.00	0.48	NA	NA	0.80	0.67
ENSMUST00000124566.1|ENSMUSG00000030872|Gga2	403.7	121988979	chr7:121986721-121989693	0.04	0.02	0.04	0.04	0.05	0.03	0.07	0.04	0.04	0.04	0.05	0.06
ENSMUST00000033159.3|ENSMUSG00000030871|Ears2	10.4	122038926	chr7:122038820-122039077	0.72	0.79	0.74	0.60	NA	0.57	0.47	0.62	0.61	0.47	NA	NA
ENSMUST00000033157.9|ENSMUSG00000030869|Ndufab1	1624.1	122090843	chr7:122085402-122091596	0.54	0.41	0.59	0.57	0.16	0.21	0.26	0.61	0.51	0.79	0.16	0.14
ENSMUST00000206470.1|ENSMUSG00000030867|Plk1	392.5	122162554	chr7:122162403-122164034	NA	NA	NA	NA	0.00	0.00	NA	NA	0.00	0.00	NA	NA
ENSMUST00000033152.4|ENSMUSG00000030865|Chp2	8.9	122222323	chr7:122222172-122222824	NA	0.49	0.65	NA	NA	NA	NA	1.00	0.72	NA	NA	NA
ENSMUST00000143692.7|ENSMUSG00000052889|Prkcb	23854.9	122628511	chr7:122627811-122634399	0.11	0.13	0.11	0.12	0.10	0.13	0.14	0.13	0.09	0.11	0.13	0.12
ENSMUST00000084615.9|ENSMUSG00000066189|Cacng3	513.1	122769130	chr7:122768843-122769393	0.46	0.49	0.45	0.40	NA	1.00	0.55	0.37	NA	NA	0.52	0.60
ENSMUST00000098062.8|ENSMUSG00000030779|Rbbp6	35.6	122979983	chr7:122978678-122984392	0.03	0.06	0.03	0.03	0.03	0.03	0.02	0.05	0.08	0.06	0.04	0.04
ENSMUST00000206117.1|ENSMUSG00000030766|Arhgap17	589.5	123308214	chr7:123279279-123308365	0.12	0.14	0.12	0.19	0.12	0.14	0.38	0.14	0.13	0.14	0.12	0.11
ENSMUST00000033025.6|ENSMUSG00000030763|Lcmt1	816.4	123430303	chr7:123430152-123430358	0.09	0.17	0.07	0.11	0.13	0.27	0.09	0.17	0.19	0.18	0.23	0.18
ENSMUST00000106437.1|ENSMUSG00000078591|Hs3st4	197.8	124397659	chr7:124397459-124398989	NA	NA	0.60	0.69	NA	NA	0.96	0.65	NA	NA	0.61	0.49
ENSMUST00000033010.8|ENSMUSG00000030752|Kdm8	13.6	125461512	chr7:125461248-125462269	0.73	0.72	0.96	0.49	0.96	0.78	NA	NA	0.44	0.85	0.62	NA
ENSMUST00000206846.1|ENSMUSG00000030748|Il4ra	21233.9	125572101	chr7:125571950-125577967	1.00	1.00	1.00	1.00	1.00	1.00	NA	1.00	1.00	1.00	NA	NA
ENSMUST00000206234.1|ENSMUSG00000030745|Il21r	323.8	125629834	chr7:125627022-125631506	NA	NA	0.00	0.02	0.00	0.00	NA	NA	0.00	0.01	NA	NA
ENSMUST00000205444.1|ENSMUSG00000032777|Gtf3c1	181.0	125681079	chr7:125662269-125681230	0.18	0.26	0.16	0.16	NA	0.12	0.09	0.14	0.15	0.15	0.10	0.28
ENSMUST00000073935.6|ENSMUSG00000046182|Gsg1l	111.3	125880806	chr7:125878419-125881143	0.42	0.92	1.00	0.69	NA	0.70	0.86	0.87	NA	NA	0.72	0.64
ENSMUST00000166538.1|ENSMUSG00000000131|Xpo6	354.8	126124283	chr7:126112898-126124434	0.09	0.06	0.09	0.07	0.08	0.06	0.07	0.07	0.08	0.06	0.07	0.06
ENSMUST00000056028.10|ENSMUSG00000042978|Sbk1	350.9	126294206	chr7:126292646-126295016	1.00	0.73	0.63	0.73	1.00	0.86	1.00	0.83	0.75	0.62	1.00	0.87
ENSMUST00000106392.9|ENSMUSG00000073838|Tufm	2712.7	126490528	chr7:126490352-126490731	0.40	0.30	0.26	0.30	0.58	0.34	0.30	0.34	0.31	0.31	0.44	0.44
ENSMUST00000167759.7|ENSMUSG00000032637|Atxn2l	126.8	126492520	chr7:126491714-126492671	1.00	NA	1.00	0.86	1.00	NA	1.00	0.81	1.00	1.00	NA	0.71
ENSMUST00000205949.1|ENSMUSG00000030738|Eif3c	12814.9	126563570	chr7:126563003-126563721	0.21	0.21	0.20	0.21	0.19	0.24	0.20	0.22	0.21	0.21	0.20	0.22
ENSMUST00000039522.7|ENSMUSG00000042759|Apobr	35.6	126588831	chr7:126588323-126589112	0.22	NA	0.70	0.37	1.00	0.39	0.58	0.48	0.37	1.00	NA	NA
ENSMUST00000191192.1|ENSMUSG00000030717|Nupr1	17626.5	126624889	chr7:126623277-126625070	0.03	0.01	0.02	0.03	0.02	0.01	0.02	0.03	0.01	0.02	0.00	0.00
ENSMUST00000206359.1|ENSMUSG00000030714|Sgf29	5356.1	126671956	chr7:126671805-126672318	0.70	0.72	0.71	0.70	0.75	0.65	0.71	0.63	0.67	0.68	0.70	0.73
ENSMUST00000144897.1|ENSMUSG00000059772|Slx1b	84.1	126691121	chr7:126689467-126691628	0.20	0.16	0.16	0.21	0.42	0.10	0.09	0.24	0.10	0.22	0.21	0.30
ENSMUST00000106369.1|ENSMUSG00000047721|Bola2	28924.9	126696432	chr7:126696281-126696697	1.00	1.00	1.00	NA	1.00	1.00	1.00	1.00	1.00	1.00	1.00	1.00
ENSMUST00000057669.15|ENSMUSG00000063065|Mapk3	105258.8	126764993	chr7:126764842-126765819	1.00	1.00	1.00	1.00	1.00	1.00	1.00	1.00	1.00	1.00	1.00	1.00
ENSMUST00000038614.11|ENSMUSG00000042675|Ypel3	66469.4	126780275	chr7:126780113-126780514	0.33	0.31	0.36	0.33	0.63	0.39	0.34	0.31	0.35	0.35	0.42	0.40
ENSMUST00000205935.1|ENSMUSG00000030697|Ppp4c	83972.7	126787219	chr7:126786288-126788217	0.00	0.00	0.00	0.00	0.02	0.00	0.01	0.00	0.00	0.00	0.00	0.00
ENSMUST00000098032.10|ENSMUSG00000058966|Fam57b	105.6	126830045	chr7:126829496-126830219	NA	0.26	0.02	0.30	1.00	0.61	0.53	0.86	NA	NA	0.83	0.79
ENSMUST00000064110.13|ENSMUSG00000052301|Doc2a	529.8	126852184	chr7:126852033-126852705	1.00	0.76	1.00	0.86	1.00	0.93	0.81	0.99	1.00	0.87	0.99	0.98
ENSMUST00000205958.1|ENSMUSG00000030689|Ino80e	3123.3	126857225	chr7:126852929-126861265	0.17	0.00	0.01	0.03	0.08	0.02	0.27	0.07	0.00	0.08	0.01	0.00
ENSMUST00000037248.9|ENSMUSG00000042606|Hirip3	14.7	126865045	chr7:126864894-126865377	NA	0.25	NA	NA	NA	NA	0.24	0.54	NA	NA	0.31	0.56
ENSMUST00000214525.1|ENSMUSG00000059981|Taok2	27.6	126866119	chr7:126865677-126866399	NA	NA	0.61	0.73	0.45	0.43	1.00	0.61	NA	0.35	0.80	0.58
ENSMUST00000120007.7|ENSMUSG00000060538|Tmem219	49.7	126888774	chr7:126886217-126888925	0.03	0.02	0.03	0.04	0.02	0.00	0.06	0.00	0.03	0.00	0.01	0.03
ENSMUST00000032924.5|ENSMUSG00000030685|Kctd13	5663.6	126945391	chr7:126945118-126945631	0.38	0.36	0.31	0.28	0.69	0.57	0.33	0.29	0.31	0.46	0.50	0.43
ENSMUST00000106335.7|ENSMUSG00000030683|Sez6l2	50.2	126970279	chr7:126970079-126970606	NA	0.98	0.41	0.31	0.00	NA	0.37	0.42	NA	NA	0.59	0.54
ENSMUST00000206794.1|ENSMUSG00000030682|Cdipt	77305.6	126979029	chr7:126978878-126980499	1.00	1.00	1.00	1.00	1.00	1.00	1.00	1.00	1.00	1.00	1.00	0.99
ENSMUST00000172958.6|ENSMUSG00000092534|Pagr1b	36.2	127015121	chr7:127001479-127015272	0.02	0.02	0.03	0.03	0.02	0.01	0.07	0.05	0.01	0.02	0.01	0.02
ENSMUST00000206416.1|ENSMUSG00000030680|Pagr1a	2389.5	127016090	chr7:127015405-127016241	0.05	0.04	0.04	0.01	0.00	0.01	0.09	0.01	0.00	0.02	0.01	0.00
ENSMUST00000202798.1|ENSMUSG00000107068|Gm42742	1162.9	127015121	chr7:127015050-127015272	0.29	0.24	0.30	0.22	0.26	0.33	0.24	0.23	0.18	0.19	0.44	0.41
ENSMUST00000159916.4|ENSMUSG00000045114|Prrt2	320.2	127017878	chr7:127017530-127018722	0.83	0.59	0.56	0.63	1.00	0.84	0.44	0.59	0.55	0.56	0.86	0.79
ENSMUST00000205568.1|ENSMUSG00000030678|Maz	19222.4	127023355	chr7:127022129-127023506	NA	1.00	1.00	1.00	1.00	1.00	1.00	1.00	1.00	1.00	1.00	1.00
ENSMUST00000056288.6|ENSMUSG00000045165|AI467606	152.5	127093547	chr7:127092929-127093986	0.62	0.56	0.71	0.56	1.00	0.71	0.75	0.95	0.57	0.61	0.79	0.52
ENSMUST00000032912.5|ENSMUSG00000030674|Qprt	163.1	127107480	chr7:127107113-127108025	NA	0.22	0.32	0.20	0.46	0.30	0.33	0.31	0.29	0.30	NA	NA
ENSMUST00000166791.7|ENSMUSG00000042502|Cd2bp2	397.2	127192280	chr7:127191659-127193822	0.32	0.34	0.39	0.43	0.99	0.43	0.52	0.34	0.29	0.41	0.80	0.51
ENSMUST00000120705.2|ENSMUSG00000042492|Tbc1d10b	783.7	127198044	chr7:127197458-127198573	0.35	0.30	0.27	0.25	0.49	0.33	0.29	0.21	0.29	0.21	0.46	0.35
ENSMUST00000106314.7|ENSMUSG00000000486|Septin1	15.3	127214609	chr7:127214461-127214760	0.00	NA	0.23	0.30	0.39	0.15	0.31	0.47	0.28	0.44	NA	0.32
ENSMUST00000106312.3|ENSMUSG00000045598|Zfp553	89.5	127237641	chr7:127237047-127238179	0.44	0.41	0.32	0.32	0.39	0.35	0.14	0.26	0.19	0.20	0.41	0.49
ENSMUST00000082428.4|ENSMUSG00000049091|Sephs2	560.2	127272337	chr7:127271878-127272563	0.33	0.52	0.50	0.43	1.00	0.86	0.61	0.54	0.46	0.47	0.61	0.74
ENSMUST00000060783.6|ENSMUSG00000047371|Zfp768	67.8	127343105	chr7:127342794-127343259	0.43	0.35	0.35	0.35	0.77	0.30	0.23	0.41	0.34	0.34	0.37	0.34
ENSMUST00000067425.5|ENSMUSG00000054381|Zfp747	36.8	127373011	chr7:127372536-127373730	0.61	0.45	0.26	0.35	NA	NA	1.00	0.59	0.47	0.37	NA	NA
ENSMUST00000164345.1|ENSMUSG00000030823|9130019O22Rik	41.0	127383885	chr7:127383275-127385587	0.47	0.52	0.35	0.70	1.00	0.44	NA	0.50	0.36	0.42	NA	NA
ENSMUST00000165495.1|ENSMUSG00000078580|E430018J23Rik	7.0	127391060	chr7:127389672-127391430	0.08	0.04	0.04	0.12	NA	0.06	0.02	0.03	NA	0.07	0.05	0.09
ENSMUST00000059199.6|ENSMUSG00000045757|Zfp764	60.5	127404145	chr7:127403667-127404664	0.86	0.25	0.65	0.43	1.00	0.62	0.58	0.37	0.48	0.65	1.00	1.00
ENSMUST00000148483.7|ENSMUSG00000045251|Zfp688	620.6	127421404	chr7:127418966-127421728	0.41	0.29	0.20	0.26	0.27	0.17	0.30	0.37	0.17	0.24	0.29	0.18
ENSMUST00000053392.10|ENSMUSG00000048921|Zfp689	9.4	127443805	chr7:127442135-127443956	0.51	0.75	NA	0.65	0.16	0.19	NA	0.42	NA	0.70	NA	0.28
ENSMUST00000132819.2|ENSMUSG00000030822|Prr14	8208.6	127474763	chr7:127474612-127475270	0.32	0.29	0.31	0.31	0.39	0.36	0.29	0.33	0.30	0.33	0.32	0.29
ENSMUST00000048896.7|ENSMUSG00000042423|Fbrs	157.5	127490431	chr7:127490280-127491513	1.00	1.00	1.00	1.00	NA	0.58	1.00	1.00	1.00	1.00	NA	NA
ENSMUST00000098025.10|ENSMUSG00000053877|Srcap	8.0	127522152	chr7:127522001-127525323	0.07	0.04	0.02	0.00	0.00	0.04	0.07	0.00	0.02	0.01	0.03	0.01
ENSMUST00000189629.4|ENSMUSG00000107023|Gm42715	26.0	127561016	chr7:127560766-127567054	NA	NA	0.12	0.27	NA	NA	0.16	NA	NA	NA	0.34	0.12
ENSMUST00000084563.10|ENSMUSG00000106715|Tmem265	7.9	127565112	chr7:127564942-127565270	NA	NA	0.30	NA	0.37	NA	0.32	NA	NA	NA	NA	0.19
ENSMUST00000154891.7|ENSMUSG00000030815|Phkg2	641.1	127579973	chr7:127578028-127583305	0.23	NA	NA	NA	0.19	NA	0.30	0.29	NA	NA	NA	NA
ENSMUST00000205694.1|ENSMUSG00000030816|Rnf40	457.3	127603434	chr7:127602640-127604799	0.06	0.02	0.06	0.04	0.19	0.10	0.03	0.03	0.03	0.02	0.06	0.10
ENSMUST00000058038.11|ENSMUSG00000045639|Zfp629	54.1	127609883	chr7:127607030-127610034	NA	NA	0.82	0.90	0.83	NA	NA	0.88	1.00	0.98	NA	1.00
ENSMUST00000106282.7|ENSMUSG00000030814|Bcl7c	812.9	127707069	chr7:127661455-127707220	0.02	0.02	0.01	0.01	0.03	0.02	0.01	0.01	0.01	0.01	0.01	0.01
ENSMUST00000047393.6|ENSMUSG00000042340|Ctf1	116.5	127717893	chr7:127717468-127718192	0.37	0.46	0.37	0.46	NA	0.45	0.27	0.56	0.31	0.47	0.73	0.58
ENSMUST00000206893.1|ENSMUSG00000030811|Fbxl19	39.2	127768778	chr7:127767927-127769483	NA	NA	NA	NA	NA	NA	0.45	0.31	NA	NA	0.69	0.76
ENSMUST00000121504.1|ENSMUSG00000043964|Orai3	1129.0	127774727	chr7:127773591-127775150	0.54	0.68	0.47	0.46	1.00	0.68	0.54	0.51	0.50	0.48	0.63	0.55
ENSMUST00000047075.13|ENSMUSG00000042308|Setd1a	13.9	127799904	chr7:127799476-127800122	0.73	0.41	NA	0.66	NA	0.24	0.41	NA	NA	0.75	NA	NA
ENSMUST00000154987.7|ENSMUSG00000108815|Gm49388	20510.3	127799627	chr7:127799476-127803802	1.00	1.00	NA	1.00	NA	1.00	1.00	NA	NA	1.00	NA	NA
ENSMUST00000106271.1|ENSMUSG00000042289|Hsd3b7	1267.1	127803479	chr7:127802917-127803802	0.65	0.74	0.56	0.48	1.00	0.74	0.52	0.57	0.59	0.55	0.83	0.98
ENSMUST00000106267.4|ENSMUSG00000030806|Stx1b	12510.1	127807052	chr7:127803899-127807311	NA	1.00	0.83	0.65	0.91	0.87	1.00	1.00	1.00	0.67	1.00	0.97
ENSMUST00000156537.7|ENSMUSG00000030805|Stx4a	3143.1	127842758	chr7:127842431-127846618	0.08	0.06	0.06	0.06	0.07	0.05	0.08	0.08	0.05	0.05	0.05	0.05
ENSMUST00000054415.11|ENSMUSG00000049728|Zfp668	10.0	127865584	chr7:127863046-127866153	0.03	NA	0.06	0.04	NA	0.02	NA	0.05	0.09	NA	0.10	0.07
ENSMUST00000126662.1|ENSMUSG00000030804|Gm21974	645.4	127893140	chr7:127886226-127893291	0.01	0.01	0.01	0.01	0.01	0.00	0.01	0.01	0.01	0.01	0.02	0.04
ENSMUST00000033074.7|ENSMUSG00000096145|Vkorc1	18169.1	127893140	chr7:127893062-127893291	0.21	0.26	0.24	0.22	0.39	0.30	0.21	0.21	0.23	0.23	0.23	0.25
ENSMUST00000071056.13|ENSMUSG00000030802|Bckdk	925.2	127908474	chr7:127908308-127910221	0.05	0.11	0.09	0.07	0.03	0.06	0.07	0.09	0.06	0.06	0.10	0.12
ENSMUST00000106251.9|ENSMUSG00000030795|Fus	10.7	127981978	chr7:127981827-127985701	0.05	0.06	0.05	0.02	0.01	0.02	0.01	0.02	0.04	0.01	0.04	0.01
ENSMUST00000033056.4|ENSMUSG00000030793|Pycard	62.6	127992334	chr7:127989707-127992714	NA	NA	0.20	0.12	0.17	0.15	0.02	0.32	0.25	0.27	NA	NA
ENSMUST00000064821.13|ENSMUSG00000030786|Itgam	466.2	128117912	chr7:128117374-128118491	1.00	1.00	0.73	0.63	1.00	1.00	NA	0.50	0.68	0.66	0.81	0.75
ENSMUST00000033053.7|ENSMUSG00000030789|Itgax	43.9	128150431	chr7:128150191-128150657	NA	NA	0.36	0.38	0.73	NA	0.38	0.57	0.51	0.43	NA	NA
ENSMUST00000033049.8|ENSMUSG00000030785|Cox6a2	245.9	128205580	chr7:128205434-128205731	NA	NA	NA	0.28	0.03	0.00	NA	NA	NA	NA	0.00	0.01
ENSMUST00000078816.4|ENSMUSG00000062944|9130023H24Rik	32.7	128236234	chr7:128234457-128236408	1.00	NA	1.00	1.00	NA	NA	NA	0.78	1.00	NA	NA	0.57
ENSMUST00000044660.5|ENSMUSG00000042178|Armc5	195.2	128244965	chr7:128244814-128245100	0.25	0.25	0.36	0.37	0.59	0.21	0.19	0.22	0.23	0.34	0.40	0.27
ENSMUST00000168825.7|ENSMUSG00000030782|Tgfb1i1	40977.2	128249494	chr7:128249157-128253711	0.12	0.12	0.11	0.13	0.12	0.11	0.14	0.14	0.12	0.12	0.11	0.12
ENSMUST00000126263.7|ENSMUSG00000030780|BC017158	2270.9	128273471	chr7:128272325-128274692	0.00	0.00	0.00	0.00	0.00	0.01	0.00	0.00	0.00	0.00	0.00	0.00
ENSMUST00000033133.11|ENSMUSG00000030844|Rgs10	2025.1	128373747	chr7:128373620-128373898	0.13	0.15	0.26	0.25	0.40	0.22	0.15	0.27	0.28	0.26	0.31	0.23
ENSMUST00000033136.8|ENSMUSG00000030847|Bag3	996.8	128546707	chr7:128546393-128546981	0.46	0.52	0.33	0.38	1.00	0.44	0.52	0.37	0.49	0.54	0.90	0.88
ENSMUST00000202419.2|ENSMUSG00000042105|Inpp5f	192.1	128692382	chr7:128691774-128693651	0.00	0.00	0.00	NA	NA	0.00	NA	NA	0.04	0.00	0.00	0.00
ENSMUST00000057557.13|ENSMUSG00000048170|Mcmbp	375.3	128698019	chr7:128696440-128698446	0.06	0.11	0.12	0.07	0.13	0.08	0.12	0.08	0.09	0.10	0.27	0.14
ENSMUST00000042942.9|ENSMUSG00000055319|Sec23ip	308.2	128779865	chr7:128779714-128784836	0.35	0.29	0.23	0.32	NA	0.36	0.28	0.28	0.32	0.30	NA	NA
ENSMUST00000205630.1|ENSMUSG00000070366|Plpp4	1.2	129323582	chr7:129323431-129391307	NA	0.00	NA	NA	0.00	0.00	NA	NA	NA	NA	NA	0.00
ENSMUST00000148752.7|ENSMUSG00000042055|Wdr11	159.5	129625327	chr7:129607908-129632855	0.02	NA	0.00	0.03	0.00	NA	NA	0.10	0.03	0.00	NA	0.00
ENSMUST00000153166.7|ENSMUSG00000030849|Fgfr2	956.9	130196171	chr7:130162511-130196368	0.08	0.06	0.04	0.03	0.06	0.04	0.07	0.04	0.04	0.03	0.03	0.03
ENSMUST00000161076.1|ENSMUSG00000040331|Nsmce4a	11997.7	130542566	chr7:130536982-130542717	0.33	0.32	0.34	0.29	0.34	0.31	0.33	0.33	0.31	0.30	0.29	0.28
ENSMUST00000207789.1|ENSMUSG00000030852|Tacc2	157.3	130729828	chr7:130728862-130764401	0.07	0.05	0.04	0.05	0.05	0.07	0.10	0.06	0.03	0.03	0.04	0.05
ENSMUST00000006367.7|ENSMUSG00000006205|Htra1	329837.5	130985404	chr7:130985128-130985660	0.41	0.47	0.39	0.39	0.78	0.53	0.38	0.36	0.44	0.41	0.58	0.57
ENSMUST00000141914.2|ENSMUSG00000063179|Pstk	1.5	131374263	chr7:131374070-131383951	0.00	0.00	0.00	0.00	0.00	0.00	0.00	0.00	0.00	0.00	0.00	0.00
ENSMUST00000046306.14|ENSMUSG00000040167|Ikzf5	85.4	131390762	chr7:131388651-131391639	0.87	1.00	0.84	1.00	0.49	0.62	NA	1.00	0.98	1.00	1.00	0.91
ENSMUST00000015829.14|ENSMUSG00000030861|Acadsb	1394.3	131446008	chr7:131444304-131448944	0.04	0.02	0.02	0.02	0.04	0.02	0.04	0.02	0.03	0.02	0.04	0.04
ENSMUST00000045840.4|ENSMUSG00000040125|Gpr26	37.1	131985196	chr7:131984313-131994405	NA	0.16	NA	NA	NA	NA	NA	0.07	NA	NA	0.08	0.10
ENSMUST00000033149.4|ENSMUSG00000030862|Cpxm2	778.6	132043148	chr7:132042815-132043895	NA	NA	0.69	0.81	NA	NA	0.62	0.53	0.68	0.74	NA	NA
ENSMUST00000077472.9|ENSMUSG00000030930|Chst15	1038.1	132237529	chr7:132235779-132238276	0.93	0.75	0.64	0.68	1.00	0.65	1.00	0.75	0.67	0.62	NA	0.66
ENSMUST00000084500.7|ENSMUSG00000030934|Oat	67526.5	132557853	chr7:132557477-132558172	0.48	0.48	0.35	0.38	0.94	0.69	0.34	0.38	0.45	0.41	0.77	0.60
ENSMUST00000133969.7|ENSMUSG00000030946|Lhpp	37.9	132634167	chr7:132634016-132705777	0.01	0.01	0.01	0.01	0.00	0.00	0.01	0.01	0.01	0.01	0.01	0.01
ENSMUST00000097998.8|ENSMUSG00000030956|Fam53b	74.9	132715684	chr7:132712087-132715844	0.64	1.00	0.86	1.00	NA	0.97	NA	0.95	0.76	1.00	1.00	1.00
ENSMUST00000141920.2|ENSMUSG00000030960|Eef1akmt2	165.5	132837055	chr7:132831367-132837206	0.00	0.00	0.00	0.00	0.00	0.00	0.00	0.00	0.00	0.00	0.00	0.00
ENSMUST00000147786.8|ENSMUSG00000030965|Abraxas2	318.4	132871745	chr7:132871594-132880881	0.30	0.42	0.29	0.29	0.20	0.29	0.27	0.30	0.27	0.29	0.26	0.16
ENSMUST00000138370.1|ENSMUSG00000039990|Edrf1	2.3	133660300	chr7:133660149-133661881	0.02	0.00	0.00	0.02	NA	NA	NA	0.00	0.00	0.00	NA	0.00
ENSMUST00000106146.7|ENSMUSG00000030979|Uros	253.1	133686716	chr7:133686355-133686981	0.32	0.44	0.35	0.39	0.75	0.57	0.44	0.40	0.43	0.41	0.63	0.62
ENSMUST00000033282.4|ENSMUSG00000030983|Bccip	5242.2	133721025	chr7:133720874-133721145	0.21	0.19	0.17	0.16	0.61	0.25	0.18	0.18	0.17	0.26	0.34	0.31
ENSMUST00000033290.11|ENSMUSG00000030986|Dhx32	2461.4	133721079	chr7:133720941-133721230	1.00	1.00	1.00	1.00	1.00	1.00	1.00	1.00	1.00	1.00	1.00	1.00
ENSMUST00000067680.10|ENSMUSG00000054555|Adam12	789.0	133887793	chr7:133883198-133887944	0.61	NA	0.96	0.88	1.00	1.00	0.99	0.96	0.95	1.00	NA	NA
ENSMUST00000084488.4|ENSMUSG00000058325|Dock1	184.1	135172734	chr7:135172539-135173639	0.72	0.94	0.80	0.76	1.00	1.00	1.00	0.98	0.83	0.73	1.00	0.97
ENSMUST00000211140.1|ENSMUSG00000041836|Ptpre	46.2	135683470	chr7:135683303-135686293	0.80	0.88	NA	NA	0.41	0.70	NA	NA	1.00	0.80	NA	NA
ENSMUST00000211769.1|ENSMUSG00000031068|Glrx3	25311.8	137453614	chr7:137452467-137459542	0.01	0.00	NA	NA	NA	0.00	0.01	0.00	NA	NA	0.00	0.00
ENSMUST00000148453.7|ENSMUSG00000041769|Ppp2r2d	8.3	138848722	chr7:138848571-138869784	0.02	0.02	NA	NA	NA	0.02	NA	NA	NA	NA	0.06	NA
ENSMUST00000106112.1|ENSMUSG00000078566|Bnip3	4138.3	138891224	chr7:138890835-138891917	0.41	0.53	0.35	0.40	0.77	0.42	0.40	0.47	0.32	0.39	0.59	0.60
ENSMUST00000026551.14|ENSMUSG00000025478|Dpysl4	36.6	139101606	chr7:139100990-139102704	0.06	0.04	0.10	0.04	0.12	0.12	0.03	NA	NA	NA	0.12	0.04
ENSMUST00000016125.11|ENSMUSG00000015981|Stk32c	116.8	139103885	chr7:139103637-139104225	0.31	0.15	0.39	0.33	NA	0.28	0.57	0.47	NA	NA	0.38	0.46
ENSMUST00000106104.7|ENSMUSG00000015980|Lrrc27	35.7	139228935	chr7:139228784-139229008	NA	NA	NA	NA	0.19	0.41	NA	NA	0.09	0.07	NA	NA
ENSMUST00000106098.7|ENSMUSG00000025477|Inpp5a	3186.9	139578785	chr7:139578259-139579652	1.00	1.00	1.00	0.93	NA	1.00	1.00	0.99	1.00	1.00	1.00	1.00
ENSMUST00000097974.8|ENSMUSG00000041309|Nkx6-2	9.1	139580864	chr7:139579375-139581436	NA	0.00	NA	NA	0.00	0.07	NA	0.00	NA	NA	0.02	0.07
ENSMUST00000173209.1|ENSMUSG00000025473|Adam8	3560.9	139989896	chr7:139989418-139990078	0.00	NA	NA	NA	0.00	0.00	NA	NA	0.00	0.00	NA	NA
ENSMUST00000210224.1|ENSMUSG00000025474|Tubgcp2	1256.4	140004798	chr7:139995954-140007935	0.31	0.25	0.28	0.28	0.43	0.29	0.32	0.29	0.34	0.27	0.75	0.54
ENSMUST00000211789.1|ENSMUSG00000025470|Zfp511	1019.9	140037733	chr7:140037582-140040599	0.29	0.16	0.19	0.18	0.24	0.17	0.18	0.19	0.17	0.20	0.14	0.16
ENSMUST00000026541.14|ENSMUSG00000025468|Caly	1379.7	140070198	chr7:140069879-140070349	0.51	0.74	NA	0.52	0.76	0.41	0.58	0.50	NA	NA	0.61	0.83
ENSMUST00000211677.1|ENSMUSG00000025466|Fuom	897.0	140101011	chr7:140099657-140101162	0.19	0.02	0.05	0.06	0.06	0.01	0.02	0.05	0.01	0.01	0.01	0.01
ENSMUST00000026538.12|ENSMUSG00000025465|Echs1	7029.0	140105987	chr7:140105709-140106314	0.45	0.42	0.34	0.36	0.82	0.56	0.39	0.40	0.41	0.39	0.60	0.50
ENSMUST00000026537.12|ENSMUSG00000025464|Paox	26.1	140134301	chr7:140134150-140137224	0.21	NA	0.25	0.43	0.04	0.04	0.47	0.28	0.20	0.22	0.09	NA
ENSMUST00000211171.1|ENSMUSG00000039018|Mtg1	633.3	140144720	chr7:140143802-140146005	0.00	0.00	NA	NA	0.00	0.00	NA	0.00	NA	NA	0.00	0.00
ENSMUST00000059241.7|ENSMUSG00000045733|Sprn	178.2	140153051	chr7:140150627-140153216	0.94	1.00	1.00	0.90	NA	0.87	0.93	0.94	0.52	0.75	0.99	1.00
ENSMUST00000026557.9|ENSMUSG00000025484|Bet1l	697.3	140853726	chr7:140853393-140854458	0.62	0.65	0.51	0.62	0.78	0.64	0.65	0.70	0.77	0.60	0.69	0.72
ENSMUST00000210708.1|ENSMUSG00000025485|Ric8a	11913.0	140858574	chr7:140858423-140863489	0.32	0.25	0.27	0.25	0.25	0.26	0.26	0.31	0.25	0.25	0.24	0.29
ENSMUST00000166889.7|ENSMUSG00000025487|Psmd13	28528.0	140892178	chr7:140886552-140898288	0.09	0.11	0.12	0.12	0.10	0.11	0.13	0.12	0.12	0.11	0.10	0.10
ENSMUST00000163094.8|ENSMUSG00000062031|Pgghg	1230.4	140943712	chr7:140943365-140946844	0.48	0.22	0.31	0.28	0.46	0.22	0.36	0.32	0.23	0.27	NA	0.28
ENSMUST00000106042.8|ENSMUSG00000025491|Ifitm1	104135.5	140969774	chr7:140969623-140969825	0.21	0.20	0.26	0.21	0.30	0.23	0.21	0.21	0.19	0.19	0.49	0.18
ENSMUST00000209887.1|ENSMUSG00000025494|Sigirr	3562.9	141092154	chr7:141091802-141092669	0.19	0.14	0.11	0.14	0.27	0.18	0.18	0.15	0.18	0.19	0.16	0.17
ENSMUST00000174058.7|ENSMUSG00000025495|Ptdss2	112.2	141135473	chr7:141135322-141143142	0.01	0.00	0.00	0.01	0.00	0.00	0.00	0.01	0.00	0.01	0.00	0.01
ENSMUST00000026572.10|ENSMUSG00000025499|Hras	10211.6	141191031	chr7:141189104-141191350	0.02	0.02	0.02	0.02	0.01	0.02	0.01	0.01	0.02	0.02	0.02	0.02
ENSMUST00000155123.7|ENSMUSG00000038611|Phrf1	594.0	141247396	chr7:141247236-141262742	0.21	0.19	0.19	0.19	0.46	0.17	0.19	0.20	0.24	0.19	0.19	0.27
ENSMUST00000209899.1|ENSMUSG00000025498|Irf7	23845.9	141263658	chr7:141263204-141263891	0.25	0.25	0.25	0.23	0.51	0.25	0.24	0.21	0.28	0.25	0.43	0.27
ENSMUST00000211667.1|ENSMUSG00000038580|Sct	7287.0	141278436	chr7:141278331-141278669	NA	NA	0.84	0.63	NA	NA	0.66	0.67	NA	NA	NA	NA
ENSMUST00000145184.7|ENSMUSG00000025505|Tmem80	262.7	141336778	chr7:141336047-141337156	0.61	0.48	0.54	0.74	0.83	0.74	0.45	0.44	0.65	0.69	0.63	0.66
ENSMUST00000026577.12|ENSMUSG00000025504|Eps8l2	62.9	141362706	chr7:141362233-141363020	0.55	0.27	0.25	0.35	0.28	1.00	0.47	0.43	0.69	0.62	0.67	1.00
ENSMUST00000106008.2|ENSMUSG00000051007|Gatd1	1898.8	141408558	chr7:141407793-141408960	0.17	0.18	0.19	0.15	0.52	0.23	0.19	0.17	0.23	0.16	0.33	0.25
ENSMUST00000084436.9|ENSMUSG00000060240|Cend1	745.9	141426808	chr7:141426445-141427458	0.78	0.70	0.65	0.58	0.95	0.75	0.74	0.55	0.56	0.58	0.77	0.66
ENSMUST00000124266.7|ENSMUSG00000019082|Slc25a22	9328.7	141431991	chr7:141429751-141432142	1.00	1.00	0.93	0.91	1.00	1.00	1.00	1.00	0.94	1.00	1.00	1.00
ENSMUST00000084434.10|ENSMUSG00000025508|Rplp2	3553.5	141451456	chr7:141451305-141451585	0.00	0.00	NA	0.00	0.00	0.00	0.00	0.00	0.00	0.00	0.00	0.00
ENSMUST00000116247.2|ENSMUSG00000048200|Cracr2b	3129.8	141466301	chr7:141466012-141466613	0.30	0.39	0.44	0.29	0.61	0.36	0.34	0.26	0.36	0.32	0.40	0.69
ENSMUST00000106000.9|ENSMUSG00000025510|Cd151	1693.8	141470845	chr7:141470694-141471473	0.58	0.62	0.67	0.61	0.97	0.67	0.61	0.52	0.59	0.68	0.71	0.48
ENSMUST00000043870.8|ENSMUSG00000038489|Polr2l	6591.1	141473147	chr7:141471859-141473298	0.25	0.25	0.24	0.32	0.02	0.06	0.12	0.19	0.22	0.25	0.10	0.10
ENSMUST00000026585.13|ENSMUSG00000025511|Tspan4	41705.6	141493174	chr7:141492950-141493427	0.37	0.40	0.35	0.33	0.79	0.38	0.32	0.32	0.35	0.35	0.59	0.48
ENSMUST00000209452.1|ENSMUSG00000025512|Chid1	482.1	141522520	chr7:141495348-141522671	0.03	0.02	0.03	0.03	0.05	0.03	0.03	0.03	0.03	0.03	0.03	0.03
ENSMUST00000003038.11|ENSMUSG00000002957|Ap2a2	989.3	141631594	chr7:141631366-141633011	0.64	0.93	0.93	0.83	0.67	0.73	1.00	0.94	0.79	0.81	0.91	0.92
ENSMUST00000001950.11|ENSMUSG00000025139|Tollip	757.7	141883629	chr7:141881582-141884369	0.98	0.97	0.84	0.84	1.00	1.00	1.00	1.00	0.90	0.84	0.96	0.98
ENSMUST00000210684.1|ENSMUSG00000025147|Mob2	17607.5	142010155	chr7:142009032-142010306	1.00	1.00	1.00	1.00	1.00	1.00	1.00	1.00	1.00	1.00	1.00	1.00
ENSMUST00000039926.9|ENSMUSG00000037887|Dusp8	2223.5	142081704	chr7:142079489-142081862	1.00	0.75	0.59	0.71	0.92	0.80	1.00	0.95	0.75	0.49	0.60	0.61
ENSMUST00000151120.8|ENSMUSG00000007891|Ctsd	15186794.5	142376189	chr7:142375910-142376573	0.50	0.50	0.45	0.48	1.00	0.61	0.46	0.44	0.54	0.49	0.62	0.63
ENSMUST00000105968.7|ENSMUSG00000018819|Lsp1	1270.2	142490796	chr7:142490645-142494867	0.01	NA	0.04	0.04	0.02	0.01	0.07	0.02	0.01	0.02	NA	NA
ENSMUST00000000033.11|ENSMUSG00000048583|Igf2	77792.3	142653667	chr7:142650765-142653818	0.02	0.05	0.10	0.09	0.14	0.06	0.08	0.05	0.03	0.03	0.04	0.07
ENSMUST00000037941.9|ENSMUSG00000037706|Cd81	360624.5	143067665	chr7:143067371-143067934	0.53	0.49	0.41	0.48	0.64	0.51	0.48	0.41	0.54	0.48	0.59	0.55
ENSMUST00000105920.7|ENSMUSG00000045752|Tssc4	1430.6	143070948	chr7:143070797-143071087	0.36	0.18	0.32	0.22	0.49	0.26	0.20	0.28	0.21	0.27	0.40	0.35
ENSMUST00000009689.10|ENSMUSG00000009545|Kcnq1	71.3	143426718	chr7:143426122-143427042	0.73	0.58	0.30	NA	0.56	0.67	NA	0.34	NA	NA	NA	NA
ENSMUST00000167912.8|ENSMUSG00000037664|Cdkn1c	40596.2	143458756	chr7:143458338-143459119	0.77	0.66	0.48	0.48	1.00	0.75	0.43	0.51	0.48	0.50	0.61	0.85
ENSMUST00000145943.7|ENSMUSG00000000154|Slc22a18	507.0	143480522	chr7:143479806-143499334	0.08	NA	0.10	0.09	NA	0.07	0.10	0.09	0.09	0.10	NA	NA
ENSMUST00000072727.6|ENSMUSG00000059119|Nap1l4	196.6	143518731	chr7:143513578-143518882	0.06	0.00	0.01	0.04	0.06	0.01	0.01	0.02	0.02	0.02	0.00	0.01
ENSMUST00000208575.1|ENSMUSG00000010755|Cars	843.6	143559127	chr7:143557705-143559706	0.01	0.00	0.00	0.02	0.02	0.00	0.00	0.00	0.00	0.00	0.00	0.00
ENSMUST00000208124.1|ENSMUSG00000045362|Tnfrsf26	27.4	143608232	chr7:143607658-143610046	0.48	0.99	NA	1.00	NA	1.00	NA	NA	NA	NA	NA	NA
ENSMUST00000035742.13|ENSMUSG00000037613|Tnfrsf23	728.9	143670831	chr7:143665808-143670989	0.74	0.55	NA	NA	0.65	0.86	NA	NA	0.76	1.00	NA	NA
ENSMUST00000119499.7|ENSMUSG00000037606|Osbpl5	172.3	143689101	chr7:143688761-143689821	0.41	0.80	0.60	0.44	0.40	0.55	0.74	0.59	0.68	0.62	0.82	0.75
ENSMUST00000054048.9|ENSMUSG00000048965|Mrgpre	238.0	143780616	chr7:143778362-143780834	0.66	1.00	0.92	0.71	1.00	0.58	1.00	0.89	0.80	0.66	NA	0.72
ENSMUST00000145471.1|ENSMUSG00000058454|Dhcr7	84.2	143843318	chr7:143843155-143847409	0.06	0.03	0.04	0.05	0.05	0.04	0.04	0.03	0.04	0.04	0.04	0.04
ENSMUST00000105902.7|ENSMUSG00000037541|Shank2	1887.2	144421283	chr7:144421132-144424494	NA	NA	1.00	1.00	NA	NA	NA	1.00	NA	NA	1.00	1.00
ENSMUST00000033407.12|ENSMUSG00000031078|Cttn	3761.0	144436118	chr7:144435732-144436967	0.84	0.76	0.67	0.79	0.96	0.87	0.93	0.70	0.82	0.73	1.00	0.85
ENSMUST00000182958.7|ENSMUSG00000037519|Ppfia1	225.0	144481084	chr7:144476765-144484896	0.53	0.44	0.22	0.51	0.36	0.18	0.28	0.45	0.28	0.32	0.25	0.21
ENSMUST00000033394.7|ENSMUSG00000031077|Fadd	21.1	144579854	chr7:144577317-144580531	0.13	NA	0.22	0.18	0.23	0.15	0.50	0.10	0.26	0.19	NA	NA
ENSMUST00000121758.7|ENSMUSG00000031075|Ano1	59.6	144589362	chr7:144588548-144590001	0.96	0.73	0.46	0.72	1.00	NA	NA	0.75	0.99	0.67	NA	0.97
ENSMUST00000128057.7|ENSMUSG00000031072|LTO1	1967.4	144929232	chr7:144929081-144930748	NA	1.00	NA	1.00	1.00	NA	1.00	1.00	0.81	NA	1.00	1.00
ENSMUST00000093962.4|ENSMUSG00000070348|Ccnd1	1179.2	144932313	chr7:144929930-144932609	0.47	0.42	0.46	0.40	0.55	0.31	0.11	0.44	0.21	0.32	0.18	0.32
ENSMUST00000208328.1|ENSMUSG00000048677|Tpcn2	16.1	145254137	chr7:145186523-145257859	0.01	NA	0.01	0.01	0.00	0.00	NA	0.00	0.00	0.01	NA	NA
