event_num	event_id	gene_symbol	chrom	strand	distal	distal_len	shared	shared_len	proximal_pas_bed	n_sig_contrasts	contrasts_sig	replicates_concordant_all	max_abs_dPDUI	min_padj	L2v2_distal_qki	L2v2_peaks	L3v2_frozen8	L3v2_families	L3v2_best_p	L4v2_conserved	L4v2_pos_bases	distal_mean_phastcons	class_v2	PAP_member	second_method	probe_designability	pas_dist_bp	pas_support
7797	ENSMUST00000170068.8|ENSMUSG00000015149|Sirt2	Sirt2	chr7	+	28788382-28788661	279	28788069-28788382	313	28788382	4	day1;day7;day21;day60	yes	0.23	0.0328	yes	chr7:28788350-28788400(fdr=5.37e-11);chr7:28788400-28788450(fdr=2.03e-04);chr7:28788500-28788550(fdr=9.08e-03)	yes	ELAVL1;PTBP1	ELAVL1:9.66e-05;PTBP1:5.70e-05	yes	166	0.1212	B	no	absent	ok_pending_P3	159	<200
7821	ENSMUST00000006828.8|ENSMUSG00000006651|Aplp1	Aplp1	chr7	-	30434981-30435144	163	30435144-30435295	151	30435144	3	day1;day7;day21	yes	0.2	0.0547	yes	chr7:30435000-30435050(fdr=2.02e-02)	yes	NOVA2;PTBP1;QKI	NOVA2:1.27e-05;PTBP1:6.51e-05;QKI:7.93e-05	yes	161	0.7114	B	yes	absent	ok_pending_P3	182	<200
1065	ENSMUST00000103120.4|ENSMUSG00000006782|Cnp	Cnp	chr11	+	100581435-100581728	293	100580793-100581435	642	100581435	2	day1;day7	yes	0.145	0.0385	yes	chr11:100581650-100581700(fdr=2.91e-02)	yes	PTBP1	PTBP1:3.71e-05	yes	236	0.3841	B	no	absent	ok_pending_P3	203	<500
4564	ENSMUST00000013842.11|ENSMUSG00000013698|Pea15a	Pea15a	chr1	-	172196727-172197673	946	172197673-172198628	955	172197673	2	day7;day60	yes	0.135	0.0565	yes	chr1:172196800-172196850(fdr=1.15e-07);chr1:172196850-172196900(fdr=1.41e-03);chr1:172196950-172197000(fdr=3.58e-02)	yes	ELAVL1;HNRNPA2B1;NOVA1;NOVA2;PTBP1;QKI;TARDBP	ELAVL1:7.93e-05;HNRNPA2B1:4.43e-05;NOVA1:1.47e-05;NOVA2:6.23e-05;PTBP1:6.13e-07;QKI:1.68e-06;TARDBP:6.51e-05	yes	860	0.6016	B	no	absent	ok_pending_P3	130	<200
6953	ENSMUST00000179939.7|ENSMUSG00000029467|Atp2a2	Atp2a2	chr5	-	122453512-122456498	2986	122456498-122457153	655	122456498	2	day3;day7	yes	0.125	0.028	yes	chr5:122454200-122454250(fdr=1.04e-05)	yes	ELAVL1;HNRNPA2B1;NOVA1;NOVA2;PTBP1;QKI;TARDBP	ELAVL1:3.87e-05;HNRNPA2B1:7.86e-05;NOVA1:5.35e-05;NOVA2:6.89e-05;PTBP1:3.80e-06;QKI:7.24e-05;TARDBP:2.11e-06	yes	2084	0.4071	B	yes	absent	ok_pending_P3	13	<50
6458	ENSMUST00000129032.7|ENSMUSG00000040606|Kazn	Kazn	chr4	-	142139242-142141016	1774	142141016-142141782	766	142141016	1	day1	yes	0.29	0.0697	yes	chr4:142139850-142139900(fdr=9.32e-07)	yes	ELAVL1;HNRNPA2B1;NOVA1;NOVA2;PTBP1;QKI	ELAVL1:3.80e-06;HNRNPA2B1:5.99e-06;NOVA1:5.35e-05;NOVA2:5.35e-05;PTBP1:1.01e-05;QKI:7.93e-05	yes	1232	0.3341	B	yes	absent	ok_pending_P3	125	<200
2426	ENSMUST00000054449.13|ENSMUSG00000022565|Plec	Plec	chr15	-	76170973-76171261	288	76171261-76172172	911	76171261	1	day21	yes	0.235	0.0235	yes	chr15:76171050-76171100(fdr=1.57e-03)	yes	HNRNPA2B1;PTBP1;QKI	HNRNPA2B1:1.30e-05;PTBP1:5.47e-06;QKI:2.85e-05	yes	176	0.3362	B	yes	absent	ok_pending_P3	231	<500
1952	ENSMUST00000121887.7|ENSMUSG00000021750|Fam107a	Fam107a	chr14	-	8296273-8297812	1539	8297812-8298692	880	8297812	1	day1	yes	0.22	0.0518	yes	chr14:8296700-8296750(fdr=3.59e-05);chr14:8296750-8296800(fdr=1.42e-03);chr14:8296900-8296950(fdr=9.99e-06);chr14:8296950-8297000(fdr=7.08e-08);chr14:8297750-8297800(fdr=6.72e-03)	yes	ELAVL1;HNRNPA2B1;NOVA2;PTBP1;QKI;TARDBP	ELAVL1:3.80e-06;HNRNPA2B1:9.75e-05;NOVA2:6.22e-05;PTBP1:2.02e-05;QKI:7.93e-05;TARDBP:5.62e-08	yes	886	0.0679	B	no	absent	ok_pending_P3	235	<500
2760	ENSMUST00000076957.6|ENSMUSG00000060166|Zdhhc8	Zdhhc8	chr16	-	18220752-18222494	1742	18222494-18223208	714	18222494	5	day1;day3;day7;day21;day60	yes	0.91	0.0235	no		yes	ELAVL1;HNRNPA2B1;NOVA2;PTBP1;TARDBP	ELAVL1:9.05e-05;HNRNPA2B1:1.86e-05;NOVA2:1.26e-05;PTBP1:3.63e-06;TARDBP:6.41e-05	yes	1135	0.3081	C	yes	absent	ok_pending_P3	221	<500
8804	ENSMUST00000034278.5|ENSMUSG00000031821|Gins2	Gins2	chr8	-	120578632-120581453	2821	120581453-120581688	235	120581453	5	day1;day3;day7;day21;day60	yes	0.9	0.0235	no		yes	ELAVL1;HNRNPA2B1;NOVA2;PTBP1;QKI;TARDBP	ELAVL1:7.84e-05;HNRNPA2B1:1.86e-05;NOVA2:1.94e-05;PTBP1:3.80e-06;QKI:9.18e-05;TARDBP:1.47e-05	yes	1918	0.3288	C	no	absent	ok_pending_P3	103	<200
5952	ENSMUST00000078139.12|ENSMUSG00000028207|Asph	Asph	chr4	-	9449078-9451546	2468	9451546-9453297	1751	9451546	5	day1;day3;day7;day21;day60	yes	0.86	0.0235	no		yes	ELAVL1;NOVA1;PTBP1;QKI;TARDBP	ELAVL1:6.68e-07;NOVA1:1.47e-05;PTBP1:5.23e-06;QKI:2.54e-05;TARDBP:5.62e-08	yes	2075	0.3668	C	yes	direct	ok_pending_P3	62	<200
4684	ENSMUST00000134794.7|ENSMUSG00000026730|Pter	Pter	chr2	+	13001421-13003455	2034	13001064-13001421	357	13001421	5	day1;day3;day7;day21;day60	yes	0.78	0.0253	no		yes	ELAVL1;HNRNPA2B1;NOVA1;PTBP1;QKI;TARDBP	ELAVL1:1.27e-05;HNRNPA2B1:7.17e-05;NOVA1:5.76e-05;PTBP1:1.79e-05;QKI:7.93e-05;TARDBP:1.29e-05	yes	1766	0.5035	C	yes	absent	ok_pending_P3	52	<200
838	ENSMUST00000128230.7|ENSMUSG00000038335|Tsr1	Tsr1	chr11	+	74900577-74908494	7917	74899526-74900577	1051	74900577	5	day1;day3;day7;day21;day60	yes	0.76	0.0235	no		yes	ELAVL1;HNRNPA2B1;NOVA1;NOVA2;PTBP1;QKI;TARDBP	ELAVL1:3.80e-06;HNRNPA2B1:1.86e-05;NOVA1:1.47e-05;NOVA2:7.13e-06;PTBP1:5.47e-06;QKI:1.51e-05;TARDBP:4.38e-06	yes	6165	0.2676	C	no	absent	ok_pending_P3	1277	>=500
6533	ENSMUST00000165335.7|ENSMUSG00000029064|Gnb1	Gnb1	chr4	+	155557746-155559269	1523	155557274-155557746	472	155557746	5	day1;day3;day7;day21;day60	yes	0.745	0.0235	no		yes	ELAVL1;HNRNPA2B1;NOVA1;PTBP1;TARDBP	ELAVL1:3.87e-05;HNRNPA2B1:5.93e-05;NOVA1:5.35e-05;PTBP1:9.30e-06;TARDBP:2.14e-05	yes	1330	0.6229	C	no	direct	ok_pending_P3	9	<50
9299	ENSMUST00000112295.8|ENSMUSG00000070284|Gmppb	Gmppb	chr9	+	108051669-108052801	1132	108051454-108051669	215	108051669	5	day1;day3;day7;day21;day60	yes	0.73	0.0235	no		yes	HNRNPA2B1;NOVA2;PTBP1;QKI;TARDBP	HNRNPA2B1:2.76e-05;NOVA2:5.35e-05;PTBP1:4.03e-06;QKI:7.24e-05;TARDBP:5.30e-05	yes	781	0.4249	C	no	direct	ok_pending_P3	2	<50
7512	ENSMUST00000160684.7|ENSMUSG00000004446|Bid	Bid	chr6	-	120891929-120893319	1390	120893319-120894283	964	120893319	5	day1;day3;day7;day21;day60	yes	0.6	0.0235	no		yes	ELAVL1;HNRNPA2B1;NOVA1;NOVA2;PTBP1;QKI;TARDBP	ELAVL1:3.80e-06;HNRNPA2B1:4.75e-05;NOVA1:5.76e-05;NOVA2:7.64e-06;PTBP1:1.21e-05;QKI:7.24e-05;TARDBP:9.09e-07	yes	1008	0.0523	C	no	direct	ok_pending_P3	92	<200
7856	ENSMUST00000178207.7|ENSMUSG00000054676|1600014C10Rik	1600014C10Rik	chr7	+	38196369-38197568	1199	38194792-38196369	1577	38196369	5	day1;day3;day7;day21;day60	yes	0.565	0.0297	no		yes	ELAVL1;HNRNPA2B1;PTBP1;TARDBP	ELAVL1:1.83e-07;HNRNPA2B1:1.34e-05;PTBP1:9.76e-06;TARDBP:2.85e-05	yes	1170	0.1656	C	yes	absent	ok_pending_P3	163	<200
6916	ENSMUST00000086461.12|ENSMUSG00000029363|Rfc5	Rfc5	chr5	-	117378102-117379614	1512	117379614-117379812	198	117379614	5	day1;day3;day7;day21;day60	yes	0.535	0.0235	no		yes	ELAVL1;PTBP1;QKI;TARDBP	ELAVL1:7.84e-05;PTBP1:3.70e-07;QKI:4.72e-05;TARDBP:6.51e-05	yes	1176	0.1898	C	yes	direct	ok_pending_P3	53	<200
2112	ENSMUST00000019441.8|ENSMUSG00000019297|Nop9	Nop9	chr14	+	55753946-55755500	1554	55753795-55753946	151	55753946	4	day3;day7;day21;day60	yes	0.885	0.0235	no		yes	ELAVL1;HNRNPA2B1;NOVA2;PTBP1;QKI;TARDBP	ELAVL1:1.27e-05;HNRNPA2B1:4.79e-05;NOVA2:4.93e-05;PTBP1:3.71e-05;QKI:7.93e-05;TARDBP:6.51e-05	yes	1129	0.3425	C	no	absent	ok_pending_P3	11	<50
8722	ENSMUST00000211870.1|ENSMUSG00000038000|Acd	Acd	chr8	-	105695859-105698613	2754	105698613-105700159	1546	105698613	4	day3;day7;day21;day60	yes	0.86	0.0235	no		yes	ELAVL1;HNRNPA2B1;NOVA2;PTBP1;QKI;TARDBP	ELAVL1:9.66e-05;HNRNPA2B1:8.25e-06;NOVA2:6.51e-06;PTBP1:6.67e-06;QKI:2.85e-05;TARDBP:4.13e-05	yes	1880	0.287	C	no	direct	ok_pending_P3	476	<500
1459	ENSMUST00000062370.8|ENSMUSG00000045690|Wdr89	Wdr89	chr12	-	75630595-75631909	1314	75631909-75632320	411	75631909	4	day1;day7;day21;day60	yes	0.695	0.0235	no		yes	ELAVL1;PTBP1;QKI;TARDBP	ELAVL1:6.00e-06;PTBP1:1.20e-05;QKI:4.24e-06;TARDBP:5.62e-08	yes	1131	0.4067	C	no	direct	ok_pending_P3	975	>=500
2971	ENSMUST00000143145.7|ENSMUSG00000040785|Ttc3	Ttc3	chr16	+	94385423-94442679	57256	94384900-94385423	523	94385423	4	day3;day7;day21;day60	yes	0.685	0.0235	no		yes	ELAVL1;HNRNPA2B1;NOVA1;NOVA2;PTBP1;QKI;TARDBP	ELAVL1:1.83e-07;HNRNPA2B1:1.11e-06;NOVA1:2.82e-06;NOVA2:1.09e-05;PTBP1:3.04e-07;QKI:8.56e-07;TARDBP:5.62e-08	yes	42129	0.1372	C	yes	absent	ok_pending_P3	3	<50
4963	ENSMUST00000035840.5|ENSMUSG00000034075|Zdhhc5	Zdhhc5	chr2	-	84687969-84688365	396	84688365-84689281	916	84688365	4	day1;day7;day21;day60	yes	0.57	0.0235	no		yes	ELAVL1;PTBP1;TARDBP	ELAVL1:7.84e-05;PTBP1:4.03e-06;TARDBP:3.58e-05	yes	333	0.5862	C	no	absent	ok_pending_P3	29	<50
8350	ENSMUST00000161842.1|ENSMUSG00000004567|Mcoln1	Mcoln1	chr8	+	3515114-3515224	110	3514941-3515114	173	3515114	4	day1;day7;day21;day60	yes	0.46	0.0253	no		yes	ELAVL1;PTBP1	ELAVL1:8.86e-06;PTBP1:1.21e-05	yes	99	0.2237	C	no	absent	constrained	10	<50
2039	ENSMUST00000090024.10|ENSMUSG00000058690|Ccser2	Ccser2	chr14	-	36874935-36879054	4119	36879054-36879670	616	36879054	4	day1;day3;day7;day21	yes	0.445	0.0235	no		yes	ELAVL1;HNRNPA2B1;NOVA1;NOVA2;PTBP1;QKI;TARDBP	ELAVL1:6.00e-06;HNRNPA2B1:1.27e-06;NOVA1:2.96e-05;NOVA2:2.96e-05;PTBP1:3.70e-07;QKI:1.93e-05;TARDBP:3.58e-05	yes	3112	0.3222	C	no	absent	ok_pending_P3	207	<500
8659	ENSMUST00000043526.14|ENSMUSG00000036712|Cyld	Cyld	chr8	+	88748280-88751945	3665	88747010-88748280	1270	88748280	4	day3;day7;day21;day60	yes	0.425	0.0365	no		yes	ELAVL1;HNRNPA2B1;NOVA1;NOVA2;PTBP1;QKI;TARDBP	ELAVL1:3.87e-05;HNRNPA2B1:2.76e-05;NOVA1:1.47e-05;NOVA2:3.80e-05;PTBP1:1.79e-05;QKI:1.34e-05;TARDBP:1.47e-05	yes	1912	0.1149	C	yes	absent	ok_pending_P3	5	<50
6837	ENSMUST00000031198.10|ENSMUSG00000029270|Dipk1a	Dipk1a	chr5	-	107908052-107909221	1169	107909221-107909406	185	107909221	4	day3;day7;day21;day60	yes	0.42	0.0297	no		yes	ELAVL1;NOVA1;NOVA2;PTBP1;TARDBP	ELAVL1:7.84e-05;NOVA1:1.47e-05;NOVA2:2.38e-05;PTBP1:1.75e-05;TARDBP:5.04e-05	yes	834	0.2844	C	no	absent	ok_pending_P3	89	<200
492	ENSMUST00000003677.10|ENSMUSG00000003581|Rnf215	Rnf215	chr11	+	4140864-4141172	308	4140506-4140864	358	4140864	4	day1;day7;day21;day60	yes	0.415	0.0353	no		yes	ELAVL1;HNRNPA2B1	ELAVL1:9.66e-05;HNRNPA2B1:1.20e-05	yes	245	0.3732	C	no	absent	ok_pending_P3	71	<200
9560	ENSMUST00000033673.6|ENSMUSG00000031311|Nono	Nono	chrX	+	101448262-101448591	329	101447725-101448262	537	101448262	4	day1;day7;day21;day60	yes	0.41	0.024	no		yes	PTBP1;QKI	PTBP1:4.03e-06;QKI:9.18e-05	yes	329	0.9409	C	no	absent	ok_pending_P3	50	<200
7546	ENSMUST00000112417.8|ENSMUSG00000030330|Ing4	Ing4	chr6	+	125048940-125049265	325	125047917-125048940	1023	125048940	4	day1;day7;day21;day60	yes	0.39	0.0253	no		yes	ELAVL1;PTBP1	ELAVL1:3.87e-05;PTBP1:7.86e-05	yes	219	0.1747	C	no	absent	ok_pending_P3	21	<50
4921	ENSMUST00000006669.5|ENSMUSG00000006494|Pdk1	Pdk1	chr2	+	71901749-71903858	2109	71900121-71901749	1628	71901749	4	day1;day3;day7;day21	yes	0.385	0.0392	no		yes	ELAVL1;HNRNPA2B1;NOVA1;NOVA2;PTBP1;QKI;TARDBP	ELAVL1:9.05e-05;HNRNPA2B1:4.43e-05;NOVA1:1.47e-05;NOVA2:4.68e-05;PTBP1:5.23e-06;QKI:3.36e-05;TARDBP:3.58e-05	yes	1672	0.2012	C	yes	absent	ok_pending_P3	159	<200
3692	ENSMUST00000025421.8|ENSMUSG00000079614|Seh1l	Seh1l	chr18	+	67793407-67795487	2080	67793159-67793407	248	67793407	4	day1;day3;day21;day60	yes	0.385	0.032	no		yes	ELAVL1;HNRNPA2B1;NOVA1;NOVA2;PTBP1;QKI;TARDBP	ELAVL1:2.96e-05;HNRNPA2B1:4.43e-05;NOVA1:2.54e-05;NOVA2:2.96e-05;PTBP1:1.21e-05;QKI:2.85e-05;TARDBP:5.35e-05	yes	1835	0.5496	C	no	absent	ok_pending_P3	160	<200
4216	ENSMUST00000036540.11|ENSMUSG00000041040|Fam117b	Fam117b	chr1	+	59982026-59985346	3320	59981724-59982026	302	59982026	4	day1;day3;day7;day21	yes	0.385	0.0253	no		yes	ELAVL1;HNRNPA2B1;NOVA1;NOVA2;PTBP1;QKI;TARDBP	ELAVL1:3.80e-06;HNRNPA2B1:1.98e-05;NOVA1:2.54e-05;NOVA2:2.95e-05;PTBP1:5.23e-06;QKI:3.83e-05;TARDBP:6.51e-05	yes	2797	0.4683	C	no	absent	ok_pending_P3	131	<200
6902	ENSMUST00000031508.4|ENSMUSG00000029535|Triap1	Triap1	chr5	+	115343270-115343569	299	115342755-115343270	515	115343270	4	day1;day7;day21;day60	yes	0.375	0.0253	no		yes	ELAVL1;PTBP1	ELAVL1:9.66e-05;PTBP1:1.21e-05	yes	238	0.1817	C	no	absent	ok_pending_P3	20	<50
5407	ENSMUST00000029005.3|ENSMUSG00000027502|Rtf2	Rtf2	chr2	+	172469535-172469908	373	172468771-172469535	764	172469535	4	day1;day7;day21;day60	yes	0.36	0.0235	no		yes	ELAVL1;HNRNPA2B1;PTBP1	ELAVL1:7.93e-05;HNRNPA2B1:1.86e-05;PTBP1:9.76e-06	yes	373	0.1756	C	no	absent	ok_pending_P3	159	<200
5687	ENSMUST00000191485.6|ENSMUSG00000042626|Shc1	Shc1	chr3	+	89429524-89430027	503	89428442-89429524	1082	89429524	4	day1;day7;day21;day60	yes	0.355	0.0235	no		yes	ELAVL1;NOVA1;NOVA2;PTBP1	ELAVL1:2.01e-05;NOVA1:2.96e-05;NOVA2:2.96e-05;PTBP1:3.63e-06	yes	339	0.3259	C	no	direct	ok_pending_P3	138	<200
3735	ENSMUST00000070116.11|ENSMUSG00000056153|Socs6	Socs6	chr18	-	88865168-88868648	3480	88868648-88869190	542	88868648	4	day1;day3;day7;day21	yes	0.335	0.0509	no		yes	ELAVL1;HNRNPA2B1;NOVA1;PTBP1;QKI;TARDBP	ELAVL1:6.00e-06;HNRNPA2B1:5.93e-05;NOVA1:2.82e-06;PTBP1:1.47e-05;QKI:1.11e-05;TARDBP:5.62e-08	yes	2953	0.4116	C	no	absent	ok_pending_P3	97	<200
5561	ENSMUST00000059562.13|ENSMUSG00000048332|Lhfp	Lhfp	chr3	+	53261227-53261679	452	53260606-53261227	621	53261227	4	day1;day7;day21;day60	yes	0.32	0.0235	no		yes	ELAVL1;PTBP1;TARDBP	ELAVL1:9.66e-05;PTBP1:1.20e-05;TARDBP:3.13e-05	yes	411	0.6556	C	no	absent	ok_pending_P3	381	<500
216	ENSMUST00000001240.11|ENSMUSG00000001211|Agpat3	Agpat3	chr10	-	78269177-78271713	2536	78271713-78273689	1976	78271713	4	day1;day3;day7;day21	yes	0.305	0.074	no		yes	ELAVL1;HNRNPA2B1;NOVA1;NOVA2;PTBP1;TARDBP	ELAVL1:6.00e-06;HNRNPA2B1:2.76e-05;NOVA1:2.96e-05;NOVA2:2.96e-05;PTBP1:3.63e-06;TARDBP:4.38e-06	yes	1247	0.0988	C	no	absent	ok_pending_P3	171	<200
696	ENSMUST00000010038.9|ENSMUSG00000009894|Snap47	Snap47	chr11	-	59407133-59407389	256	59407389-59407666	277	59407389	4	day1;day7;day21;day60	yes	0.305	0.0297	no		yes	HNRNPA2B1;PTBP1;TARDBP	HNRNPA2B1:7.86e-05;PTBP1:7.93e-05;TARDBP:8.37e-06	yes	247	0.2089	C	no	absent	ok_pending_P3	91	<200
1217	ENSMUST00000021116.11|ENSMUSG00000020770|Unk	Unk	chr11	+	116060916-116061214	298	116059975-116060916	941	116060916	4	day1;day3;day7;day60	yes	0.3	0.0464	no		yes	TARDBP	TARDBP:6.10e-07	yes	285	0.7323	C	no	absent	ok_pending_P3	216	<500
7391	ENSMUST00000032065.14|ENSMUSG00000029998|Pcyox1	Pcyox1	chr6	-	86386005-86387182	1177	86387182-86388715	1533	86387182	4	day1;day7;day21;day60	yes	0.29	0.0253	no		yes	ELAVL1;HNRNPA2B1;NOVA1;NOVA2;PTBP1;TARDBP	ELAVL1:1.83e-07;HNRNPA2B1:5.35e-05;NOVA1:2.96e-05;NOVA2:2.96e-05;PTBP1:2.99e-06;TARDBP:6.51e-05	yes	1073	0.149	C	yes	absent	ok_pending_P3	27	<50
6334	ENSMUST00000118199.7|ENSMUSG00000028779|Pef1	Pef1	chr4	+	130127787-130128135	348	130127479-130127787	308	130127787	4	day1;day7;day21;day60	yes	0.285	0.024	no		yes	ELAVL1;PTBP1	ELAVL1:9.66e-05;PTBP1:1.85e-06	yes	251	0.1657	C	no	absent	ok_pending_P3	278	<500
9347	ENSMUST00000084881.4|ENSMUSG00000032431|Crtap	Crtap	chr9	-	114375133-114375366	233	114375366-114375531	165	114375366	4	day1;day7;day21;day60	yes	0.285	0.0235	no		yes	PTBP1	PTBP1:5.70e-05	yes	152	0.1604	C	no	absent	ok_pending_P3	1856	>=500
2446	ENSMUST00000127208.7|ENSMUSG00000033728|Lrrc14	Lrrc14	chr15	+	76714896-76717699	2803	76714644-76714896	252	76714896	4	day3;day7;day21;day60	yes	0.285	0.0253	no		yes	ELAVL1;HNRNPA2B1;NOVA1;NOVA2;PTBP1;QKI;TARDBP	ELAVL1:7.93e-05;HNRNPA2B1:1.98e-05;NOVA1:5.35e-05;NOVA2:5.35e-05;PTBP1:1.83e-06;QKI:2.85e-05;TARDBP:6.51e-05	yes	1872	0.3268	C	no	absent	ok_pending_P3	17	<50
2072	ENSMUST00000004673.14|ENSMUSG00000004558|Ndrg2	Ndrg2	chr14	-	51905270-51905641	371	51905641-51906142	501	51905641	4	day1;day7;day21;day60	yes	0.28	0.0341	no		yes	HNRNPA2B1;PTBP1;QKI	HNRNPA2B1:4.43e-05;PTBP1:9.66e-05;QKI:2.85e-05	yes	328	0.5075	C	no	absent	ok_pending_P3	8	<50
830	ENSMUST00000040687.11|ENSMUSG00000040158|Tax1bp3	Tax1bp3	chr11	+	73181779-73182152	373	73181222-73181779	557	73181779	4	day1;day7;day21;day60	yes	0.27	0.0616	no		yes	PTBP1	PTBP1:7.93e-05	yes	266	0.3714	C	no	absent	ok_pending_P3	268	<500
1789	ENSMUST00000021959.10|ENSMUSG00000021497|Txndc15	Txndc15	chr13	+	55726011-55726227	216	55725860-55726011	151	55726011	4	day1;day7;day21;day60	yes	0.265	0.0313	no		yes	PTBP1	PTBP1:1.47e-05	yes	148	0.1415	C	no	absent	ok_pending_P3	23	<50
6682	ENSMUST00000068795.3|ENSMUSG00000055302|Mrfap1	Mrfap1	chr5	-	36794866-36795191	325	36795191-36796218	1027	36795191	4	day1;day7;day21;day60	yes	0.265	0.0566	no		yes	ELAVL1;NOVA1;PTBP1	ELAVL1:9.66e-05;NOVA1:5.43e-05;PTBP1:7.93e-05	yes	277	0.3442	C	no	absent	ok_pending_P3	62	<200
1332	ENSMUST00000020922.7|ENSMUSG00000020601|Trib2	Trib2	chr12	-	15791726-15793334	1608	15793334-15793610	276	15793334	4	day1;day7;day21;day60	yes	0.26	0.0283	no		yes	ELAVL1;HNRNPA2B1;PTBP1;QKI;TARDBP	ELAVL1:3.87e-05;HNRNPA2B1:7.65e-05;PTBP1:9.29e-06;QKI:1.51e-05;TARDBP:8.37e-06	yes	1484	0.7891	C	no	absent	ok_pending_P3	768	>=500
7873	ENSMUST00000118515.8|ENSMUSG00000008140|Emc10	Emc10	chr7	-	44490110-44490364	254	44490364-44491165	801	44490364	4	day1;day7;day21;day60	yes	0.26	0.0235	no		yes	QKI;TARDBP	QKI:2.92e-05;TARDBP:6.51e-05	yes	218	0.0805	C	no	absent	ok_pending_P3	5	<50
5690	ENSMUST00000029564.11|ENSMUSG00000027952|Pmvk	Pmvk	chr3	+	89468815-89469013	198	89468647-89468815	168	89468815	4	day1;day7;day21;day60	yes	0.245	0.024	no		yes	ELAVL1;PTBP1;TARDBP	ELAVL1:1.27e-05;PTBP1:6.51e-05;TARDBP:6.51e-05	yes	72	0.0401	C	no	absent	ok_pending_P3	12	<50
8584	ENSMUST00000165630.2|ENSMUSG00000042870|Tom1	Tom1	chr8	+	75069807-75070121	314	75069401-75069807	406	75069807	4	day1;day7;day21;day60	yes	0.245	0.0332	no		yes	PTBP1	PTBP1:1.21e-05	yes	198	0.1747	C	no	absent	ok_pending_P3	302	<500
5817	ENSMUST00000004140.10|ENSMUSG00000058135|Gstm1	Gstm1	chr3	-	108012254-108012501	247	108012501-108012691	190	108012501	4	day1;day7;day21;day60	yes	0.235	0.0253	no		yes	HNRNPA2B1;PTBP1	HNRNPA2B1:2.99e-05;PTBP1:8.29e-05	yes	110	0.0015	C	no	absent	ok_pending_P3	88	<200
3063	ENSMUST00000024932.11|ENSMUSG00000024121|Atp6v0c	Atp6v0c	chr17	-	24163865-24164136	271	24164136-24164406	270	24164136	4	day1;day7;day21;day60	yes	0.22	0.0322	no		yes	ELAVL1;HNRNPA2B1;NOVA1;PTBP1;TARDBP	ELAVL1:9.05e-05;HNRNPA2B1:8.37e-05;NOVA1:5.35e-05;PTBP1:3.39e-05;TARDBP:9.40e-05	yes	227	0.6493	C	no	absent	ok_pending_P3	37	<50
9109	ENSMUST00000034834.15|ENSMUSG00000032294|Pkm	Pkm	chr9	+	59679132-59679375	243	59678831-59679132	301	59679132	4	day1;day7;day21;day60	yes	0.22	0.0649	no		yes	HNRNPA2B1;PTBP1;TARDBP	HNRNPA2B1:1.86e-05;PTBP1:3.71e-05;TARDBP:5.04e-05	yes	160	0.3366	C	no	absent	ok_pending_P3	85	<200
1563	ENSMUST00000046404.7|ENSMUSG00000041712|Ubr7	Ubr7	chr12	+	102776295-102777707	1412	102775783-102776295	512	102776295	4	day1;day3;day7;day21	yes	0.215	0.0659	no		yes	HNRNPA2B1;PTBP1;QKI;TARDBP	HNRNPA2B1:5.35e-05;PTBP1:1.85e-06;QKI:1.60e-06;TARDBP:8.37e-06	yes	915	0.27	C	no	absent	ok_pending_P3	236	<500
4289	ENSMUST00000027467.10|ENSMUSG00000026249|Serpine2	Serpine2	chr1	-	79794196-79794600	404	79794600-79795007	407	79794600	4	day1;day7;day21;day60	yes	0.215	0.0253	no		yes	ELAVL1;PTBP1	ELAVL1:7.84e-05;PTBP1:3.70e-05	yes	389	0.7672	C	no	absent	ok_pending_P3	52	<200
4475	ENSMUST00000077755.10|ENSMUSG00000008475|Arpc5	Arpc5	chr1	+	152775136-152775597	461	152774319-152775136	817	152775136	4	day1;day7;day21;day60	yes	0.21	0.0253	no		yes	ELAVL1;PTBP1	ELAVL1:7.93e-05;PTBP1:9.66e-05	yes	449	0.774	C	no	absent	ok_pending_P3	150	<200
5420	ENSMUST00000016401.14|ENSMUSG00000016257|Prelid3b	Prelid3b	chr2	-	174465066-174465380	314	174465380-174465816	436	174465380	4	day1;day7;day21;day60	yes	0.21	0.0514	no		yes	ELAVL1;PTBP1	ELAVL1:9.05e-05;PTBP1:1.47e-05	yes	298	0.6555	C	no	absent	ok_pending_P3	55	<200
9145	ENSMUST00000034946.14|ENSMUSG00000032382|Snx1	Snx1	chr9	-	66088132-66088352	220	66088352-66088521	169	66088352	4	day1;day7;day21;day60	yes	0.21	0.0308	no		yes	ELAVL1;QKI	ELAVL1:6.00e-06;QKI:5.30e-05	yes	220	0.9239	C	no	absent	ok_pending_P3	158	<200
279	ENSMUST00000047864.10|ENSMUSG00000034994|Eef2	Eef2	chr10	+	81182262-81182498	236	81182079-81182262	183	81182262	4	day1;day7;day21;day60	yes	0.205	0.0486	no		yes	ELAVL1;HNRNPA2B1;PTBP1	ELAVL1:3.87e-05;HNRNPA2B1:1.20e-05;PTBP1:3.12e-05	yes	187	0.3776	C	yes	absent	ok_pending_P3	20	<50
1422	ENSMUST00000223192.1|ENSMUSG00000113149|Gm49383	Gm49383	chr12	-	69182833-69184432	1599	69184432-69185893	1461	69184432	4	day1;day7;day21;day60	yes	0.205	0.0545	no		yes	ELAVL1;HNRNPA2B1;NOVA1;NOVA2;PTBP1;QKI;TARDBP	ELAVL1:7.84e-05;HNRNPA2B1:6.15e-06;NOVA1:9.54e-05;NOVA2:5.35e-05;PTBP1:1.47e-05;QKI:9.54e-05;TARDBP:6.51e-05	yes	930	0.2971	C	no	absent	ok_pending_P3	910	>=500
789	ENSMUST00000018711.14|ENSMUSG00000018567|Gabarap	Gabarap	chr11	+	69994722-69994951	229	69994521-69994722	201	69994722	4	day1;day7;day21;day60	yes	0.2	0.0392	no		yes	ELAVL1;NOVA2;PTBP1	ELAVL1:7.93e-05;NOVA2:7.56e-05;PTBP1:1.47e-05	yes	217	0.6395	C	no	absent	ok_pending_P3	97	<200
4886	ENSMUST00000028356.8|ENSMUSG00000060703|Cd302	Cd302	chr2	-	60251992-60252143	151	60252143-60252294	151	60252143	4	day1;day7;day21;day60	yes	0.2	0.0235	no		yes	PTBP1;QKI	PTBP1:7.93e-05;QKI:4.73e-05	yes	108	0.1371	C	no	absent	ok_pending_P3	1	<50
5712	ENSMUST00000098910.2|ENSMUSG00000074457|S100a16	S100a16	chr3	+	90542872-90543151	279	90542583-90542872	289	90542872	4	day1;day7;day21;day60	yes	0.2	0.0292	no		yes	NOVA2;PTBP1;TARDBP	NOVA2:5.35e-05;PTBP1:5.73e-05;TARDBP:2.14e-05	yes	172	0.1302	C	no	absent	ok_pending_P3	6	<50
6377	ENSMUST00000102553.10|ENSMUSG00000003038|Hmgn2	Hmgn2	chr4	-	133964737-133965032	295	133965032-133965540	508	133965032	4	day1;day7;day21;day60	yes	0.2	0.057	no		yes	PTBP1;TARDBP	PTBP1:5.30e-05;TARDBP:9.40e-05	yes	295	0.9961	C	no	absent	ok_pending_P3	314	<500
2408	ENSMUST00000189068.6|ENSMUSG00000075602|Ly6a	Ly6a	chr15	-	74994876-74995101	225	74995101-74995264	163	74995101	4	day1;day7;day21;day60	yes	0.195	0.0553	no		yes	PTBP1	PTBP1:9.66e-05	yes	222	0.0333	C	no	absent	ok_pending_P3	249	<500
4800	ENSMUST00000028205.9|ENSMUSG00000026851|BC005624	BC005624	chr2	-	30972176-30973018	842	30973018-30973212	194	30973018	4	day3;day7;day21;day60	yes	0.185	0.0793	no		yes	PTBP1;TARDBP	PTBP1:3.70e-07;TARDBP:1.47e-05	yes	697	0.2697	C	no	absent	ok_pending_P3	42	<50
1321	ENSMUST00000020909.3|ENSMUSG00000020585|Laptm4a	Laptm4a	chr12	+	8938427-8938742	315	8938188-8938427	239	8938427	4	day1;day7;day21;day60	yes	0.175	0.0639	no		yes	ELAVL1;NOVA1;NOVA2;PTBP1	ELAVL1:2.96e-05;NOVA1:2.96e-05;NOVA2:2.96e-05;PTBP1:2.52e-05	yes	291	0.5871	C	no	absent	ok_pending_P3	49	<50
1614	ENSMUST00000084882.8|ENSMUSG00000006356|Crip2	Crip2	chr12	+	113145236-113145506	270	113145027-113145236	209	113145236	4	day1;day7;day21;day60	yes	0.175	0.028	no		yes	HNRNPA2B1;NOVA1;TARDBP	HNRNPA2B1:4.19e-05;NOVA1:5.35e-05;TARDBP:1.75e-05	yes	169	0.1859	C	no	absent	ok_pending_P3	54	<200
4088	ENSMUST00000044369.12|ENSMUSG00000033793|Atp6v1h	Atp6v1h	chr1	+	5162313-5162529	216	5162162-5162313	151	5162313	4	day1;day7;day21;day60	yes	0.175	0.0445	no		yes	ELAVL1;PTBP1;QKI	ELAVL1:7.84e-05;PTBP1:7.93e-05;QKI:6.57e-05	yes	167	0.4731	C	no	absent	ok_pending_P3	1	<50
7729	ENSMUST00000093552.11|ENSMUSG00000002984|Tomm40	Tomm40	chr7	-	19701312-19701552	240	19701552-19701720	168	19701552	4	day1;day7;day21;day60	yes	0.175	0.0313	no		yes	ELAVL1;HNRNPA2B1;PTBP1	ELAVL1:9.66e-05;HNRNPA2B1:9.43e-05;PTBP1:4.40e-05	yes	197	0.4483	C	no	absent	ok_pending_P3	82	<200
6379	ENSMUST00000030651.8|ENSMUSG00000028843|Sh3bgrl3	Sh3bgrl3	chr4	-	134127405-134127570	165	134127570-134127743	173	134127570	4	day1;day7;day21;day60	yes	0.17	0.0253	no		yes	HNRNPA2B1	HNRNPA2B1:4.75e-05	yes	149	0.5084	C	no	absent	ok_pending_P3	17	<50
1777	ENSMUST00000021942.7|ENSMUSG00000021486|Prelid1	Prelid1	chr13	+	55325120-55325272	152	55324969-55325120	151	55325120	4	day1;day7;day21;day60	yes	0.16	0.0313	no		yes	HNRNPA2B1	HNRNPA2B1:8.37e-05	yes	130	0.4189	C	no	absent	ok_pending_P3	43	<50
8997	ENSMUST00000162126.7|ENSMUSG00000111409|Gm49380	Gm49380	chr9	-	44066326-44107705	41379	44107705-44111677	3972	44107705	4	day1;day7;day21;day60	yes	0.155	0.0235	no		yes	ELAVL1;HNRNPA2B1;NOVA1;NOVA2;PTBP1;QKI;TARDBP	ELAVL1:1.83e-07;HNRNPA2B1:8.19e-07;NOVA1:1.47e-05;NOVA2:1.89e-06;PTBP1:3.70e-07;QKI:6.39e-06;TARDBP:5.62e-08	yes	29124	0.2402	C	no	absent	ok_pending_P3	933	>=500
9445	ENSMUST00000033383.2|ENSMUSG00000031066|Usp11	Usp11	chrX	+	20720184-20720539	355	20719897-20720184	287	20720184	3	day3;day7;day21	yes	0.65	0.028	no		yes	ELAVL1;NOVA2;PTBP1	ELAVL1:9.66e-05;NOVA2:5.86e-05;PTBP1:1.79e-05	yes	272	0.2108	C	yes	absent	ok_pending_P3	42	<50
835	ENSMUST00000021091.14|ENSMUSG00000020745|Pafah1b1	Pafah1b1	chr11	-	74673948-74677520	3572	74677520-74677671	151	74677520	3	day3;day7;day21	yes	0.58	0.0485	no		yes	ELAVL1;HNRNPA2B1;NOVA1;NOVA2;PTBP1;QKI;TARDBP	ELAVL1:3.80e-06;HNRNPA2B1:7.17e-05;NOVA1:5.35e-05;NOVA2:9.17e-05;PTBP1:1.20e-05;QKI:2.85e-05;TARDBP:1.47e-05	yes	3471	0.8369	C	no	absent	ok_pending_P3	25	<50
2903	ENSMUST00000050248.8|ENSMUSG00000022601|Zbtb11	Zbtb11	chr16	+	56007663-56008913	1250	56007322-56007663	341	56007663	3	day7;day21;day60	yes	0.56	0.0253	no		yes	ELAVL1;NOVA1;PTBP1;TARDBP	ELAVL1:3.80e-06;NOVA1:5.43e-05;PTBP1:1.79e-05;TARDBP:9.40e-05	yes	1202	0.755	C	no	absent	ok_pending_P3	65	<200
6135	ENSMUST00000107262.7|ENSMUSG00000028402|Mpdz	Mpdz	chr4	-	81278499-81278896	397	81278896-81279625	729	81278896	3	day7;day21;day60	yes	0.545	0.0362	no		yes	ELAVL1;QKI;TARDBP	ELAVL1:8.86e-06;QKI:7.93e-05;TARDBP:5.35e-05	yes	394	0.9487	C	yes	absent	ok_pending_P3	444	<500
8254	ENSMUST00000033136.8|ENSMUSG00000030847|Bag3	Bag3	chr7	+	128546707-128546981	274	128546393-128546707	314	128546707	3	day1;day7;day21	yes	0.535	0.0394	no		yes	HNRNPA2B1;NOVA2;PTBP1	HNRNPA2B1:6.07e-05;NOVA2:4.19e-05;PTBP1:7.40e-05	yes	219	0.4012	C	no	absent	ok_pending_P3	179	<200
8220	ENSMUST00000059199.6|ENSMUSG00000045757|Zfp764	Zfp764	chr7	-	127403667-127404145	478	127404145-127404664	519	127404145	3	day7;day21;day60	yes	0.525	0.0581	no		yes	ELAVL1;PTBP1;TARDBP	ELAVL1:1.27e-05;PTBP1:7.14e-06;TARDBP:5.62e-08	yes	445	0.1544	C	no	absent	ok_pending_P3	415	<500
2783	ENSMUST00000040880.8|ENSMUSG00000041205|Map6d1	Map6d1	chr16	-	20233302-20235765	2463	20235765-20235964	199	20235765	3	day1;day7;day60	yes	0.505	0.04	no		yes	ELAVL1;HNRNPA2B1;NOVA1;NOVA2;PTBP1;QKI;TARDBP	ELAVL1:1.83e-07;HNRNPA2B1:1.95e-06;NOVA1:1.47e-05;NOVA2:2.82e-05;PTBP1:3.39e-05;QKI:9.54e-05;TARDBP:9.09e-07	yes	1726	0.1071	C	yes	absent	ok_pending_P3	193	<200
628	ENSMUST00000109179.8|ENSMUSG00000020366|Mapk9	Mapk9	chr11	+	49883648-49886421	2773	49883155-49883648	493	49883648	3	day3;day7;day21	yes	0.495	0.028	no		yes	ELAVL1;HNRNPA2B1;NOVA2;PTBP1;QKI;TARDBP	ELAVL1:6.00e-06;HNRNPA2B1:3.38e-05;NOVA2:5.35e-05;PTBP1:9.76e-06;QKI:4.24e-05;TARDBP:2.14e-05	yes	1902	0.3216	C	yes	absent	ok_pending_P3	45	<50
6785	ENSMUST00000031377.8|ENSMUSG00000029426|Scarb2	Scarb2	chr5	-	92441313-92444097	2784	92444097-92444248	151	92444097	3	day3;day7;day21	yes	0.485	0.0313	no		yes	ELAVL1;HNRNPA2B1;NOVA2;PTBP1;QKI;TARDBP	ELAVL1:6.00e-06;HNRNPA2B1:2.99e-05;NOVA2:5.35e-05;PTBP1:3.70e-05;QKI:5.95e-05;TARDBP:5.35e-05	yes	2019	0.1776	C	no	absent	ok_pending_P3	77	<200
5224	ENSMUST00000110007.7|ENSMUSG00000063873|Slc24a3	Slc24a3	chr2	+	145641683-145642166	483	145640358-145641683	1325	145641683	3	day7;day21;day60	yes	0.475	0.0235	no		yes	ELAVL1;HNRNPA2B1;NOVA1;PTBP1	ELAVL1:3.87e-05;HNRNPA2B1:7.65e-05;NOVA1:9.54e-05;PTBP1:2.13e-05	yes	457	0.8169	C	yes	direct	ok_pending_P3	25	<50
1591	ENSMUST00000010673.6|ENSMUSG00000010529|Gm266	Gm266	chr12	-	111484608-111484895	287	111484895-111485170	275	111484895	3	day7;day21;day60	yes	0.465	0.069	no		yes	ELAVL1;PTBP1;TARDBP	ELAVL1:7.93e-05;PTBP1:7.93e-05;TARDBP:8.29e-05	yes	173	0.0831	C	no	absent	ok_pending_P3	300	<500
3078	ENSMUST00000007236.4|ENSMUSG00000007021|Syngr3	Syngr3	chr17	-	24685091-24685449	358	24685449-24686233	784	24685449	3	day1;day3;day21	yes	0.46	0.0539	no		yes	ELAVL1;NOVA2;TARDBP	ELAVL1:7.93e-05;NOVA2:5.35e-05;TARDBP:3.58e-05	yes	324	0.6794	C	yes	absent	ok_pending_P3	311	<500
7164	ENSMUST00000015333.11|ENSMUSG00000015189|Casd1	Casd1	chr6	+	4642671-4643355	684	4642115-4642671	556	4642671	3	day1;day7;day21	yes	0.46	0.024	no		yes	ELAVL1;PTBP1;TARDBP	ELAVL1:3.80e-06;PTBP1:1.20e-05;TARDBP:1.47e-05	yes	618	0.5127	C	yes	absent	ok_pending_P3	440	<500
2842	ENSMUST00000039733.9|ENSMUSG00000022807|Osbpl11	Osbpl11	chr16	+	33242281-33243312	1031	33241795-33242281	486	33242281	3	day7;day21;day60	yes	0.42	0.0253	no		yes	ELAVL1;NOVA1;PTBP1	ELAVL1:3.87e-05;NOVA1:5.43e-05;PTBP1:7.93e-05	yes	1004	0.7835	C	no	absent	ok_pending_P3	157	<200
166	ENSMUST00000075686.6|ENSMUSG00000057134|Ado	Ado	chr10	-	67544510-67547854	3344	67547854-67548005	151	67547854	3	day1;day7;day21	yes	0.415	0.0253	no		yes	ELAVL1;HNRNPA2B1;PTBP1;QKI;TARDBP	ELAVL1:3.87e-05;HNRNPA2B1:3.12e-06;PTBP1:1.20e-05;QKI:5.43e-05;TARDBP:9.09e-07	yes	2700	0.2964	C	no	absent	ok_pending_P3	245	<500
3859	ENSMUST00000096246.4|ENSMUSG00000071650|Ganab	Ganab	chr19	+	8916367-8916672	305	8915731-8916367	636	8916367	3	day1;day7;day21	yes	0.41	0.0235	no		yes	ELAVL1;HNRNPA2B1;NOVA2;PTBP1	ELAVL1:9.66e-05;HNRNPA2B1:4.75e-05;NOVA2:8.72e-05;PTBP1:9.29e-06	yes	283	0.7	C	yes	absent	ok_pending_P3	1	<50
224	ENSMUST00000099513.7|ENSMUSG00000020331|Hcn2	Hcn2	chr10	+	79735876-79736108	232	79735537-79735876	339	79735876	3	day3;day7;day60	yes	0.405	0.0394	no		yes	HNRNPA2B1	HNRNPA2B1:1.20e-05	yes	171	0.3963	C	yes	absent	ok_pending_P3	190	<200
8798	ENSMUST00000108988.8|ENSMUSG00000031826|Usp10	Usp10	chr8	+	119957074-119957560	486	119956767-119957074	307	119957074	3	day1;day7;day21	yes	0.405	0.0253	no		yes	ELAVL1;PTBP1;QKI	ELAVL1:1.27e-05;PTBP1:5.30e-05;QKI:9.54e-05	yes	474	0.7769	C	no	absent	ok_pending_P3	8	<50
4925	ENSMUST00000102689.9|ENSMUSG00000027109|Sp3	Sp3	chr2	-	72936426-72936974	548	72936974-72938068	1094	72936974	3	day1;day21;day60	yes	0.4	0.0313	no		yes	ELAVL1;PTBP1	ELAVL1:6.00e-06;PTBP1:6.51e-05	yes	504	0.7039	C	no	absent	ok_pending_P3	183	<200
3248	ENSMUST00000087211.8|ENSMUSG00000039220|Ppp1r10	Ppp1r10	chr17	+	35931941-35932283	342	35931255-35931941	686	35931941	3	day7;day21;day60	yes	0.4	0.0254	no		yes	ELAVL1;HNRNPA2B1;PTBP1	ELAVL1:7.93e-05;HNRNPA2B1:1.98e-05;PTBP1:1.47e-05	yes	302	0.5916	C	no	absent	ok_pending_P3	270	<500
7751	ENSMUST00000058702.6|ENSMUSG00000054499|Dedd2	Dedd2	chr7	-	25202839-25203151	312	25203151-25203542	391	25203151	3	day1;day7;day21	yes	0.385	0.028	no		yes	HNRNPA2B1;PTBP1	HNRNPA2B1:4.43e-05;PTBP1:1.20e-05	yes	245	0.2694	C	no	absent	ok_pending_P3	207	<500
4565	ENSMUST00000139528.7|ENSMUSG00000038034|Igsf8	Igsf8	chr1	+	172319719-172319841	122	172319405-172319719	314	172319719	3	day7;day21;day60	yes	0.38	0.0253	no		yes	PTBP1;TARDBP	PTBP1:5.70e-05;TARDBP:8.29e-05	yes	99	0.3771	C	yes	absent	constrained	50	<200
6658	ENSMUST00000169212.8|ENSMUSG00000054252|Fgfr3	Fgfr3	chr5	+	33735710-33737068	1358	33735557-33735710	153	33735710	3	day1;day7;day21	yes	0.38	0.0596	no		yes	ELAVL1;HNRNPA2B1;NOVA1;NOVA2;PTBP1;QKI;TARDBP	ELAVL1:2.96e-05;HNRNPA2B1:1.13e-07;NOVA1:2.96e-05;NOVA2:2.96e-05;PTBP1:2.96e-05;QKI:5.76e-05;TARDBP:6.51e-05	yes	913	0.3745	C	no	absent	ok_pending_P3	1338	>=500
8595	ENSMUST00000080536.7|ENSMUSG00000058355|Abce1	Abce1	chr8	-	79683461-79683946	485	79683946-79685232	1286	79683946	3	day1;day7;day21	yes	0.38	0.0392	no		yes	ELAVL1;NOVA1;PTBP1	ELAVL1:9.66e-05;NOVA1:2.54e-05;PTBP1:9.66e-05	yes	399	0.1862	C	no	absent	ok_pending_P3	237	<500
9152	ENSMUST00000215172.1|ENSMUSG00000032370|Lactb	Lactb	chr9	-	66955387-66955799	412	66955799-66956096	297	66955799	3	day1;day7;day60	yes	0.38	0.0237	no		yes	ELAVL1;PTBP1	ELAVL1:1.27e-05;PTBP1:5.70e-05	yes	387	0.7217	C	no	absent	ok_pending_P3	431	<500
26	ENSMUST00000162610.7|ENSMUSG00000019806|Aig1	Aig1	chr10	-	13647053-13647380	327	13647380-13647671	291	13647380	3	day1;day21;day60	yes	0.355	0.0254	no		yes	ELAVL1;NOVA1;NOVA2;PTBP1;QKI;TARDBP	ELAVL1:7.93e-05;NOVA1:5.35e-05;NOVA2:5.35e-05;PTBP1:5.42e-05;QKI:6.57e-05;TARDBP:5.30e-05	yes	215	0.1448	C	no	absent	ok_pending_P3	298	<500
1303	ENSMUST00000026173.12|ENSMUSG00000025173|Wdr45b	Wdr45b	chr11	-	121327223-121327575	352	121327575-121328360	785	121327575	3	day7;day21;day60	yes	0.355	0.0253	no		yes	PTBP1;QKI;TARDBP	PTBP1:7.40e-05;QKI:4.72e-05;TARDBP:6.51e-05	yes	276	0.4561	C	no	absent	ok_pending_P3	137	<200
7929	ENSMUST00000010451.7|ENSMUSG00000010307|Tmem86a	Tmem86a	chr7	+	47054439-47054777	338	47053849-47054439	590	47054439	3	day7;day21;day60	yes	0.355	0.0396	no		yes	ELAVL1;NOVA1;NOVA2;PTBP1	ELAVL1:2.96e-05;NOVA1:2.96e-05;NOVA2:2.96e-05;PTBP1:1.47e-05	yes	297	0.5717	C	no	absent	ok_pending_P3	42	<50
1541	ENSMUST00000021347.11|ENSMUSG00000020964|Sel1l	Sel1l	chr12	-	91806042-91808688	2646	91808688-91809846	1158	91808688	3	day1;day7;day21	yes	0.35	0.0763	no		yes	ELAVL1;HNRNPA2B1;NOVA2;PTBP1;TARDBP	ELAVL1:1.83e-07;HNRNPA2B1:3.39e-05;NOVA2:3.97e-05;PTBP1:1.18e-06;TARDBP:9.09e-07	yes	1955	0.2893	C	yes	absent	ok_pending_P3	71	<200
4672	ENSMUST00000114937.7|ENSMUSG00000039046|Usp6nl	Usp6nl	chr2	+	6443232-6446390	3158	6441739-6443232	1493	6443232	3	day1;day3;day7	yes	0.345	0.0394	no		yes	ELAVL1;HNRNPA2B1;NOVA1;NOVA2;PTBP1;TARDBP	ELAVL1:1.27e-05;HNRNPA2B1:1.86e-05;NOVA1:5.35e-05;NOVA2:5.35e-05;PTBP1:1.11e-06;TARDBP:1.05e-05	yes	2399	0.1669	C	no	absent	ok_pending_P3	83	<200
3103	ENSMUST00000176751.1|ENSMUSG00000093593|Gm20683	Gm20683	chr17	-	25834464-25839023	4559	25839023-25839370	347	25839023	3	day7;day21;day60	yes	0.345	0.0322	no		yes	ELAVL1;HNRNPA2B1;NOVA1;NOVA2;PTBP1;QKI;TARDBP	ELAVL1:2.96e-05;HNRNPA2B1:4.90e-06;NOVA1:1.34e-05;NOVA2:1.32e-05;PTBP1:8.37e-06;QKI:5.30e-05;TARDBP:4.38e-06	yes	3096	0.3136	C	no	absent	ok_pending_P3	207	<500
9196	ENSMUST00000034878.11|ENSMUSG00000032328|Tmem30a	Tmem30a	chr9	-	79768942-79771003	2061	79771003-79771288	285	79771003	3	day1;day3;day60	yes	0.33	0.028	no		yes	ELAVL1;HNRNPA2B1;NOVA1;NOVA2;PTBP1;QKI;TARDBP	ELAVL1:8.86e-06;HNRNPA2B1:4.43e-05;NOVA1:1.47e-05;NOVA2:3.77e-05;PTBP1:2.99e-06;QKI:6.39e-06;TARDBP:3.63e-05	yes	1870	0.5043	C	yes	absent	ok_pending_P3	35	<50
1608	ENSMUST00000062092.6|ENSMUSG00000047832|Cdca4	Cdca4	chr12	-	112820228-112820932	704	112820932-112821395	463	112820932	3	day3;day7;day60	yes	0.325	0.0253	no		yes	ELAVL1;HNRNPA2B1;NOVA1;NOVA2;PTBP1	ELAVL1:2.96e-05;HNRNPA2B1:7.51e-06;NOVA1:2.96e-05;NOVA2:2.96e-05;PTBP1:2.96e-05	yes	317	0.0685	C	no	absent	ok_pending_P3	81	<200
2953	ENSMUST00000056882.6|ENSMUSG00000046160|Olig1	Olig1	chr16	+	91271613-91271933	320	91270656-91271613	957	91271613	3	day1;day21;day60	yes	0.32	0.0779	no		yes	HNRNPA2B1;PTBP1	HNRNPA2B1:1.98e-05;PTBP1:9.66e-05	yes	203	0.2436	C	no	absent	ok_pending_P3	249	<500
2347	ENSMUST00000067072.4|ENSMUSG00000054196|Cthrc1	Cthrc1	chr15	+	39086920-39087121	201	39086762-39086920	158	39086920	3	day7;day21;day60	yes	0.315	0.0235	no		yes	PTBP1	PTBP1:9.66e-05	yes	169	0.3483	C	no	direct	ok_pending_P3	154	<200
6395	ENSMUST00000030622.2|ENSMUSG00000028821|Syf2	Syf2	chr4	+	134937227-134937548	321	134937002-134937227	225	134937227	3	day1;day21;day60	yes	0.31	0.0452	no		yes	NOVA1	NOVA1:5.35e-05	yes	189	0.2566	C	no	absent	ok_pending_P3	1	<50
8853	ENSMUST00000034469.6|ENSMUSG00000031987|Egln1	Egln1	chr8	-	124908586-124910445	1859	124910445-124910710	265	124910445	3	day1;day7;day21	yes	0.31	0.0405	no		yes	ELAVL1;HNRNPA2B1;PTBP1;QKI;TARDBP	ELAVL1:3.87e-05;HNRNPA2B1:5.03e-06;PTBP1:5.70e-05;QKI:3.50e-05;TARDBP:2.85e-05	yes	1553	0.5673	C	no	absent	ok_pending_P3	16	<50
5345	ENSMUST00000164399.7|ENSMUSG00000035268|Pkig	Pkig	chr2	+	163725897-163726158	261	163725533-163725897	364	163725897	3	day7;day21;day60	yes	0.31	0.0617	no		yes	ELAVL1;PTBP1	ELAVL1:7.93e-05;PTBP1:1.21e-05	yes	234	0.4005	C	no	absent	ok_pending_P3	185	<200
7030	ENSMUST00000122113.7|ENSMUSG00000005514|Por	Por	chr5	+	135735110-135735326	216	135734669-135735110	441	135735110	3	day1;day21;day60	yes	0.3	0.0253	no		yes	HNRNPA2B1;PTBP1;TARDBP	HNRNPA2B1:2.76e-05;PTBP1:1.20e-05;TARDBP:3.58e-05	yes	130	0.2913	C	no	absent	ok_pending_P3	151	<200
1193	ENSMUST00000021077.3|ENSMUSG00000020733|Slc9a3r1	Slc9a3r1	chr11	+	115180934-115181181	247	115180506-115180934	428	115180934	3	day1;day7;day21	yes	0.29	0.0531	no		yes	ELAVL1;HNRNPA2B1	ELAVL1:9.05e-05;HNRNPA2B1:4.43e-05	yes	187	0.2293	C	no	absent	ok_pending_P3	18	<50
8440	ENSMUST00000033910.8|ENSMUSG00000031513|Leprotl1	Leprotl1	chr8	-	34135571-34137528	1957	34137528-34137724	196	34137528	3	day1;day3;day7	yes	0.29	0.0379	no		yes	ELAVL1;HNRNPA2B1;NOVA1;NOVA2;PTBP1;QKI;TARDBP	ELAVL1:7.93e-05;HNRNPA2B1:1.20e-05;NOVA1:1.34e-05;NOVA2:6.23e-05;PTBP1:1.47e-05;QKI:7.93e-05;TARDBP:2.85e-05	yes	1711	0.4797	C	no	absent	ok_pending_P3	12	<50
1846	ENSMUST00000022063.13|ENSMUSG00000021578|Ccdc127	Ccdc127	chr13	+	74359414-74365783	6369	74357114-74359414	2300	74359414	3	day3;day7;day21	yes	0.29	0.0303	no		yes	ELAVL1;HNRNPA2B1;NOVA1;NOVA2;PTBP1;QKI;TARDBP	ELAVL1:3.80e-06;HNRNPA2B1:1.20e-05;NOVA1:1.47e-05;NOVA2:5.35e-05;PTBP1:6.13e-07;QKI:2.99e-05;TARDBP:2.11e-06	yes	4871	0.301	C	no	absent	ok_pending_P3	125	<200
2348	ENSMUST00000022908.9|ENSMUSG00000022299|Slc25a32	Slc25a32	chr15	-	39091230-39095000	3770	39095000-39095972	972	39095000	3	day1;day3;day21	yes	0.285	0.0659	no		yes	ELAVL1;HNRNPA2B1;PTBP1;QKI;TARDBP	ELAVL1:3.87e-05;HNRNPA2B1:1.86e-05;PTBP1:1.83e-06;QKI:7.93e-05;TARDBP:5.62e-08	yes	2646	0.0781	C	no	absent	ok_pending_P3	35	<50
5457	ENSMUST00000029085.8|ENSMUSG00000027569|Mrgbp	Mrgbp	chr2	+	180585796-180586287	491	180585485-180585796	311	180585796	3	day3;day7;day60	yes	0.285	0.0253	no		yes	ELAVL1;HNRNPA2B1;TARDBP	ELAVL1:9.66e-05;HNRNPA2B1:9.75e-05;TARDBP:1.79e-05	yes	338	0.4045	C	no	absent	ok_pending_P3	133	<200
805	ENSMUST00000018431.12|ENSMUSG00000018287|Spag7	Spag7	chr11	-	70663770-70663962	192	70663962-70664113	151	70663962	3	day1;day7;day21	yes	0.28	0.0474	no		yes	TARDBP	TARDBP:5.62e-08	yes	166	0.5542	C	no	absent	ok_pending_P3	201	<500
2829	ENSMUST00000023460.6|ENSMUSG00000022774|Ncbp2	Ncbp2	chr16	+	31957906-31958472	566	31957007-31957906	899	31957906	3	day1;day7;day60	yes	0.28	0.0651	no		yes	HNRNPA2B1;PTBP1;QKI;TARDBP	HNRNPA2B1:2.99e-05;PTBP1:1.70e-05;QKI:1.51e-05;TARDBP:6.51e-05	yes	402	0.1001	C	no	absent	ok_pending_P3	62	<200
6296	ENSMUST00000030660.8|ENSMUSG00000028847|Trappc3	Trappc3	chr4	+	126275559-126275883	324	126275258-126275559	301	126275559	3	day1;day7;day60	yes	0.28	0.0484	no		yes	HNRNPA2B1;NOVA1;NOVA2;PTBP1;TARDBP	HNRNPA2B1:1.98e-05;NOVA1:9.54e-05;NOVA2:8.01e-05;PTBP1:6.51e-05;TARDBP:5.04e-05	yes	292	0.6062	C	no	absent	ok_pending_P3	12	<50
8753	ENSMUST00000093157.12|ENSMUSG00000031731|Ap1g1	Ap1g1	chr8	+	109861224-109864204	2980	109860192-109861224	1032	109861224	3	day1;day3;day7	yes	0.28	0.057	no		yes	ELAVL1;HNRNPA2B1;NOVA1;NOVA2;PTBP1;QKI;TARDBP	ELAVL1:7.84e-05;HNRNPA2B1:1.86e-05;NOVA1:1.34e-05;NOVA2:4.90e-05;PTBP1:1.21e-05;QKI:9.18e-05;TARDBP:4.13e-05	yes	2825	0.7001	C	no	absent	ok_pending_P3	118	<200
971	ENSMUST00000103179.9|ENSMUSG00000018401|Mtmr4	Mtmr4	chr11	+	87614952-87616302	1350	87614250-87614952	702	87614952	3	day1;day7;day60	yes	0.275	0.0248	no		yes	ELAVL1;HNRNPA2B1;NOVA1;PTBP1;TARDBP	ELAVL1:7.84e-05;HNRNPA2B1:5.03e-06;NOVA1:2.54e-05;PTBP1:5.73e-05;TARDBP:5.62e-08	yes	1323	0.8739	C	yes	absent	ok_pending_P3	201	<500
4359	ENSMUST00000027499.12|ENSMUSG00000026278|Bok	Bok	chr1	+	93695502-93695764	262	93695159-93695502	343	93695502	3	day1;day7;day60	yes	0.275	0.0579	no		yes	HNRNPA2B1;NOVA2;PTBP1	HNRNPA2B1:1.20e-05;NOVA2:6.23e-05;PTBP1:1.47e-05	yes	123	0.0074	C	no	absent	ok_pending_P3	36	<50
7146	ENSMUST00000079324.13|ENSMUSG00000001687|Ubl3	Ubl3	chr5	-	148504634-148505379	745	148505379-148506137	758	148505379	3	day3;day21;day60	yes	0.275	0.0286	no		yes	ELAVL1;HNRNPA2B1;PTBP1;QKI	ELAVL1:6.00e-06;HNRNPA2B1:1.30e-05;PTBP1:4.94e-05;QKI:2.52e-06	yes	743	0.9455	C	no	absent	ok_pending_P3	230	<500
9504	ENSMUST00000033741.14|ENSMUSG00000031375|Bgn	Bgn	chrX	+	73495353-73495933	580	73494793-73495353	560	73495353	3	day1;day7;day21	yes	0.27	0.0235	no		yes	ELAVL1;HNRNPA2B1;PTBP1;TARDBP	ELAVL1:9.66e-05;HNRNPA2B1:4.43e-05;PTBP1:3.63e-06;TARDBP:5.62e-08	yes	274	0.1489	C	no	direct	ok_pending_P3	85	<200
1455	ENSMUST00000110461.7|ENSMUSG00000021109|Hif1a	Hif1a	chr12	+	73946749-73947530	781	73945700-73946749	1049	73946749	3	day7;day21;day60	yes	0.27	0.0253	no		yes	ELAVL1;HNRNPA2B1;NOVA1;PTBP1;QKI	ELAVL1:7.93e-05;HNRNPA2B1:8.25e-06;NOVA1:5.43e-05;PTBP1:9.66e-05;QKI:5.95e-05	yes	671	0.4366	C	no	absent	ok_pending_P3	36	<50
6799	ENSMUST00000094578.10|ENSMUSG00000035325|Sec31a	Sec31a	chr5	-	100361648-100361896	248	100361896-100362053	157	100361896	3	day7;day21;day60	yes	0.265	0.0731	no		yes	HNRNPA2B1;PTBP1	HNRNPA2B1:5.35e-05;PTBP1:1.29e-05	yes	234	0.6353	C	yes	absent	ok_pending_P3	204	<500
1669	ENSMUST00000040914.2|ENSMUSG00000036181|H1f2	H1f2	chr13	+	23740015-23740367	352	23739484-23740015	531	23740015	3	day7;day21;day60	yes	0.265	0.0363	no		yes	ELAVL1;HNRNPA2B1;TARDBP	ELAVL1:9.66e-05;HNRNPA2B1:9.75e-05;TARDBP:6.51e-05	yes	328	0.0712	C	no	absent	ok_pending_P3	32	<50
2069	ENSMUST00000169895.2|ENSMUSG00000021876|Rnase4	Rnase4	chr14	+	51105464-51106151	687	51105264-51105464	200	51105464	3	day7;day21;day60	yes	0.265	0.0561	no		yes	ELAVL1;NOVA2;PTBP1;TARDBP	ELAVL1:3.87e-05;NOVA2:5.35e-05;PTBP1:7.93e-05;TARDBP:1.75e-05	yes	505	0.0941	C	no	absent	ok_pending_P3	44	<50
9071	ENSMUST00000034876.9|ENSMUSG00000032324|Tspan3	Tspan3	chr9	-	56135883-56136240	357	56136240-56136645	405	56136240	3	day7;day21;day60	yes	0.265	0.0337	no		yes	ELAVL1;PTBP1;TARDBP	ELAVL1:7.84e-05;PTBP1:7.93e-05;TARDBP:9.48e-07	yes	351	0.8929	C	no	absent	ok_pending_P3	83	<200
6456	ENSMUST00000036854.3|ENSMUSG00000040659|Efhd2	Efhd2	chr4	-	141858141-141858658	517	141858658-141859749	1091	141858658	3	day1;day7;day21	yes	0.26	0.0253	no		yes	ELAVL1;HNRNPA2B1;PTBP1;TARDBP	ELAVL1:9.66e-05;HNRNPA2B1:6.07e-05;PTBP1:8.19e-06;TARDBP:9.09e-07	yes	352	0.3736	C	no	absent	ok_pending_P3	34	<50
6519	ENSMUST00000030896.14|ENSMUSG00000029030|Tprgl	Tprgl	chr4	-	154157484-154157819	335	154157819-154158373	554	154157819	3	day1;day21;day60	yes	0.26	0.0317	no		yes	ELAVL1;TARDBP	ELAVL1:7.93e-05;TARDBP:1.05e-05	yes	132	0.0315	C	no	absent	ok_pending_P3	31	<50
6925	ENSMUST00000031597.6|ENSMUSG00000029598|Plbd2	Plbd2	chr5	-	120483281-120485296	2015	120485296-120485673	377	120485296	3	day7;day21;day60	yes	0.26	0.083	no		yes	ELAVL1;HNRNPA2B1;NOVA1;NOVA2;PTBP1;QKI;TARDBP	ELAVL1:6.00e-06;HNRNPA2B1:4.79e-05;NOVA1:9.54e-05;NOVA2:2.95e-05;PTBP1:6.67e-06;QKI:7.24e-05;TARDBP:5.04e-05	yes	1500	0.2745	C	no	absent	ok_pending_P3	64	<200
8276	ENSMUST00000106146.7|ENSMUSG00000030979|Uros	Uros	chr7	-	133686355-133686716	361	133686716-133686981	265	133686716	3	day7;day21;day60	yes	0.255	0.0394	no		yes	ELAVL1;NOVA2	ELAVL1:1.83e-07;NOVA2:1.94e-05	yes	350	0.1692	C	no	absent	ok_pending_P3	14	<50
1279	ENSMUST00000026122.10|ENSMUSG00000025130|P4hb	P4hb	chr11	-	120560297-120560624	327	120560624-120561185	561	120560624	3	day1;day21;day60	yes	0.25	0.0514	no		yes	HNRNPA2B1;NOVA2;PTBP1;TARDBP	HNRNPA2B1:4.43e-05;NOVA2:7.98e-05;PTBP1:3.99e-05;TARDBP:9.40e-05	yes	152	0.171	C	no	absent	ok_pending_P3	130	<200
3987	ENSMUST00000011896.7|ENSMUSG00000011752|Pgam1	Pgam1	chr19	+	41918307-41918660	353	41917772-41918307	535	41918307	3	day1;day7;day21	yes	0.25	0.07	no		yes	HNRNPA2B1;NOVA2	HNRNPA2B1:4.43e-05;NOVA2:5.34e-05	yes	301	0.4438	C	no	absent	ok_pending_P3	333	<500
6605	ENSMUST00000030795.9|ENSMUSG00000028953|Abcf2	Abcf2	chr5	-	24565344-24565621	277	24565621-24565868	247	24565621	3	day1;day21;day60	yes	0.25	0.0883	no		yes	HNRNPA2B1;NOVA2;PTBP1	HNRNPA2B1:2.27e-05;NOVA2:6.23e-05;PTBP1:6.51e-05	yes	263	0.6714	C	no	absent	ok_pending_P3	310	<500
1012	ENSMUST00000059026.9|ENSMUSG00000018381|Abi3	Abi3	chr11	-	95830073-95832519	2446	95832519-95832715	196	95832519	3	day3;day7;day21	yes	0.25	0.0235	no		yes	ELAVL1;HNRNPA2B1;NOVA1;NOVA2;PTBP1;TARDBP	ELAVL1:2.96e-05;HNRNPA2B1:3.12e-06;NOVA1:2.96e-05;NOVA2:5.10e-06;PTBP1:9.76e-06;TARDBP:8.37e-06	yes	1601	0.3689	C	no	direct	ok_pending_P3	78	<200
3638	ENSMUST00000025488.14|ENSMUSG00000024592|C330018D20Rik	C330018D20Rik	chr18	-	56955832-56957185	1353	56957185-56957744	559	56957185	3	day1;day3;day60	yes	0.245	0.0341	no		yes	ELAVL1;HNRNPA2B1;PTBP1;QKI;TARDBP	ELAVL1:7.84e-05;HNRNPA2B1:1.86e-05;PTBP1:1.79e-05;QKI:1.93e-05;TARDBP:6.51e-05	yes	752	0.2195	C	no	absent	ok_pending_P3	17	<50
7044	ENSMUST00000111080.7|ENSMUSG00000004849|Ap1s1	Ap1s1	chr5	-	137034992-137035278	286	137035278-137035746	468	137035278	3	day1;day21;day60	yes	0.245	0.0506	no		yes	HNRNPA2B1;PTBP1	HNRNPA2B1:7.17e-05;PTBP1:5.23e-05	yes	239	0.4455	C	no	absent	ok_pending_P3	78	<200
8934	ENSMUST00000115351.9|ENSMUSG00000019066|Rab3d	Rab3d	chr9	-	21907490-21909225	1735	21909225-21910486	1261	21909225	3	day3;day7;day60	yes	0.245	0.0253	no		yes	ELAVL1;HNRNPA2B1;NOVA2;PTBP1;TARDBP	ELAVL1:7.93e-05;HNRNPA2B1:5.03e-06;NOVA2:1.94e-05;PTBP1:4.03e-06;TARDBP:6.51e-05	yes	1564	0.1389	C	no	absent	ok_pending_P3	166	<200
1653	ENSMUST00000002885.7|ENSMUSG00000002808|Epdr1	Epdr1	chr13	-	19591705-19592211	506	19592211-19593154	943	19592211	3	day7;day21;day60	yes	0.245	0.0253	no		yes	ELAVL1;PTBP1	ELAVL1:7.84e-05;PTBP1:7.93e-05	yes	373	0.1992	C	no	absent	ok_pending_P3	218	<500
1489	ENSMUST00000161598.7|ENSMUSG00000002679|Med6	Med6	chr12	-	81573559-81573760	201	81573760-81573911	151	81573760	3	day1;day7;day60	yes	0.235	0.0253	no		yes	ELAVL1;HNRNPA2B1;PTBP1	ELAVL1:7.84e-05;HNRNPA2B1:5.35e-05;PTBP1:1.21e-05	yes	120	0.1681	C	no	absent	ok_pending_P3	212	<500
3326	ENSMUST00000003268.10|ENSMUSG00000003200|Sh3gl1	Sh3gl1	chr17	-	56016749-56017054	305	56017054-56017542	488	56017054	3	day1;day21;day60	yes	0.235	0.0536	no		yes	PTBP1;TARDBP	PTBP1:1.79e-05;TARDBP:9.40e-05	yes	154	0.1367	C	no	absent	ok_pending_P3	262	<500
2664	ENSMUST00000023810.11|ENSMUSG00000023048|Prr13	Prr13	chr15	+	102462499-102462806	307	102462212-102462499	287	102462499	3	day7;day21;day60	yes	0.235	0.0633	no		yes	ELAVL1;PTBP1	ELAVL1:9.05e-05;PTBP1:7.40e-05	yes	239	0.2528	C	no	absent	ok_pending_P3	51	<200
7917	ENSMUST00000211716.1|ENSMUSG00000002778|Kdelr1	Kdelr1	chr7	+	45883380-45883729	349	45882979-45883380	401	45883380	3	day1;day21;day60	yes	0.23	0.0725	no		yes	ELAVL1;HNRNPA2B1;PTBP1;TARDBP	ELAVL1:7.93e-05;HNRNPA2B1:9.75e-05;PTBP1:1.70e-05;TARDBP:8.37e-06	yes	259	0.3638	C	no	absent	ok_pending_P3	115	<200
8359	ENSMUST00000098950.5|ENSMUSG00000040028|Elavl1	Elavl1	chr8	-	4285381-4288534	3153	4288534-4289602	1068	4288534	3	day7;day21;day60	yes	0.23	0.0663	no		yes	ELAVL1;HNRNPA2B1;NOVA2;PTBP1;QKI;TARDBP	ELAVL1:1.83e-07;HNRNPA2B1:5.35e-05;NOVA2:6.23e-05;PTBP1:9.76e-06;QKI:2.85e-05;TARDBP:3.58e-05	yes	2032	0.224	C	no	absent	ok_pending_P3	128	<200
262	ENSMUST00000003438.10|ENSMUSG00000003348|Mob3a	Mob3a	chr10	-	80685252-80686753	1501	80686753-80687146	393	80686753	3	day1;day7;day21	yes	0.225	0.0392	no		yes	ELAVL1;HNRNPA2B1;NOVA1;NOVA2;PTBP1;QKI;TARDBP	ELAVL1:3.87e-05;HNRNPA2B1:1.86e-05;NOVA1:9.54e-05;NOVA2:1.94e-05;PTBP1:9.76e-06;QKI:5.30e-05;TARDBP:8.37e-06	yes	1383	0.1512	C	no	absent	ok_pending_P3	101	<200
3597	ENSMUST00000237272.1|ENSMUSG00000024451|Arap3	Arap3	chr18	-	37972627-37972941	314	37972941-37973174	233	37972941	3	day1;day21;day60	yes	0.225	0.0479	no		yes	PTBP1	PTBP1:1.47e-05	yes	230	0.2074	C	no	absent	ok_pending_P3	333	<500
8637	ENSMUST00000047281.9|ENSMUSG00000041203|Trir	Trir	chr8	+	85030130-85030286	156	85029979-85030130	151	85030130	3	day7;day21;day60	yes	0.225	0.0253	no		yes	PTBP1	PTBP1:7.93e-05	yes	134	0.6141	C	no	absent	ok_pending_P3	1	<50
535	ENSMUST00000102881.9|ENSMUSG00000020120|Plek	Plek	chr11	-	16971205-16973922	2717	16973922-16974152	230	16973922	3	day1;day7;day21	yes	0.22	0.0253	no		yes	ELAVL1;HNRNPA2B1;NOVA1;NOVA2;PTBP1;QKI;TARDBP	ELAVL1:3.87e-05;HNRNPA2B1:7.17e-05;NOVA1:1.34e-05;NOVA2:1.89e-06;PTBP1:7.14e-06;QKI:6.57e-05;TARDBP:1.47e-05	yes	2496	0.1064	C	no	absent	ok_pending_P3	51	<200
4161	ENSMUST00000008280.13|ENSMUSG00000008136|Fhl2	Fhl2	chr1	-	43123073-43123336	263	43123336-43123516	180	43123336	3	day1;day7;day60	yes	0.22	0.0528	no		yes	ELAVL1;NOVA1;PTBP1	ELAVL1:9.05e-05;NOVA1:9.54e-05;PTBP1:1.47e-05	yes	202	0.2849	C	no	absent	ok_pending_P3	22	<50
4198	ENSMUST00000167085.7|ENSMUSG00000038305|Spats2l	Spats2l	chr1	+	57946745-57948394	1649	57946460-57946745	285	57946745	3	day1;day21;day60	yes	0.22	0.0235	no		yes	ELAVL1;NOVA1;NOVA2;PTBP1;TARDBP	ELAVL1:3.87e-05;NOVA1:9.54e-05;NOVA2:8.36e-05;PTBP1:1.47e-05;TARDBP:1.79e-05	yes	1036	0.2637	C	no	direct	ok_pending_P3	169	<200
7070	ENSMUST00000110934.8|ENSMUSG00000036968|Cnpy4	Cnpy4	chr5	+	138193397-138193918	521	138192898-138193397	499	138193397	3	day1;day7;day21	yes	0.22	0.047	no		yes	ELAVL1;HNRNPA2B1;PTBP1	ELAVL1:9.05e-05;HNRNPA2B1:4.75e-05;PTBP1:3.99e-05	yes	338	0.0693	C	no	absent	ok_pending_P3	95	<200
2997	ENSMUST00000179569.2|ENSMUSG00000096255|Dynlt1b	Dynlt1b	chr17	+	6436115-6436296	181	6435964-6436115	151	6436115	3	day3;day7;day21	yes	0.22	0.0506	no		yes	NOVA1;PTBP1;QKI	NOVA1:5.35e-05;PTBP1:2.85e-05;QKI:4.24e-05	yes	153	0.6269	C	no	absent	ok_pending_P3	23313	>=500
3303	ENSMUST00000119945.7|ENSMUSG00000034729|Mrps10	Mrps10	chr17	+	47378469-47378681	212	47378282-47378469	187	47378469	3	day7;day21;day60	yes	0.22	0.0626	no		yes	ELAVL1;NOVA1;PTBP1	ELAVL1:3.80e-06;NOVA1:1.34e-05;PTBP1:9.66e-05	yes	105	0.0321	C	no	absent	ok_pending_P3	158	<200
7394	ENSMUST00000053015.6|ENSMUSG00000051695|Pcbp1	Pcbp1	chr6	-	86524491-86524696	205	86524696-86524847	151	86524696	3	day7;day21;day60	yes	0.22	0.0514	no		yes	ELAVL1	ELAVL1:7.84e-05	yes	205	0.9994	C	no	absent	ok_pending_P3	18	<50
9423	ENSMUST00000115591.7|ENSMUSG00000031170|Slc38a5	Slc38a5	chrX	+	8280012-8280179	167	8279850-8280012	162	8280012	3	day7;day21;day60	yes	0.22	0.082	no		yes	PTBP1	PTBP1:3.70e-05	yes	120	0.1747	C	no	absent	ok_pending_P3	134	<200
8694	ENSMUST00000034097.7|ENSMUSG00000031672|Got2	Got2	chr8	-	95864133-95864469	336	95864469-95865131	662	95864469	3	day1;day7;day21	yes	0.215	0.0474	no		yes	NOVA1;PTBP1;QKI	NOVA1:2.99e-05;PTBP1:1.47e-05;QKI:1.93e-05	yes	226	0.2829	C	yes	absent	ok_pending_P3	299	<500
5185	ENSMUST00000091288.12|ENSMUSG00000079037|Prnp	Prnp	chr2	+	131938075-131938429	354	131937191-131938075	884	131938075	3	day1;day7;day21	yes	0.215	0.0649	no		yes	ELAVL1;PTBP1	ELAVL1:9.66e-05;PTBP1:7.93e-05	yes	317	0.4737	C	no	absent	ok_pending_P3	14	<50
7319	ENSMUST00000163779.7|ENSMUSG00000025889|Snca	Snca	chr6	-	60731574-60731833	259	60731833-60732131	298	60731833	3	day7;day21;day60	yes	0.215	0.0294	no		yes	ELAVL1;PTBP1	ELAVL1:7.84e-05;PTBP1:3.70e-05	yes	257	0.9504	C	no	absent	ok_pending_P3	211	<500
2243	ENSMUST00000100339.8|ENSMUSG00000075486|Commd6	Commd6	chr14	-	101633765-101634086	321	101634086-101634344	258	101634086	3	day7;day21;day60	yes	0.21	0.025	no		yes	ELAVL1	ELAVL1:7.84e-05	yes	220	0.1331	C	no	absent	ok_pending_P3	12	<50
6250	ENSMUST00000079644.12|ENSMUSG00000028639|Ybx1	Ybx1	chr4	-	119277980-119278816	836	119278816-119278967	151	119278816	3	day7;day21;day60	yes	0.21	0.024	no		yes	NOVA1;PTBP1;TARDBP	NOVA1:2.99e-05;PTBP1:1.86e-05;TARDBP:8.37e-06	yes	645	0.4726	C	no	absent	ok_pending_P3	238	<500
399	ENSMUST00000079041.6|ENSMUSG00000060181|Slc35e3	Slc35e3	chr10	-	117733678-117735061	1383	117735061-117736049	988	117735061	3	day1;day7;day21	yes	0.205	0.0235	no		yes	ELAVL1;HNRNPA2B1;NOVA1;PTBP1;QKI;TARDBP	ELAVL1:3.87e-05;HNRNPA2B1:5.99e-06;NOVA1:9.54e-05;PTBP1:1.20e-05;QKI:7.24e-05;TARDBP:1.75e-05	yes	913	0.0678	C	no	absent	ok_pending_P3	290	<500
1207	ENSMUST00000106507.8|ENSMUSG00000020743|Mif4gd	Mif4gd	chr11	-	115607917-115608192	275	115608192-115608388	196	115608192	3	day1;day7;day21	yes	0.205	0.0401	no		yes	ELAVL1;NOVA1;PTBP1;QKI	ELAVL1:2.01e-05;NOVA1:5.35e-05;PTBP1:7.93e-05;QKI:7.24e-05	yes	188	0.209	C	no	absent	ok_pending_P3	286	<500
2703	ENSMUST00000008537.9|ENSMUSG00000008393|Carhsp1	Carhsp1	chr16	-	8658579-8660792	2213	8660792-8660943	151	8660792	3	day3;day7;day60	yes	0.205	0.0342	no		yes	ELAVL1;HNRNPA2B1;NOVA1;PTBP1;QKI;TARDBP	ELAVL1:7.93e-05;HNRNPA2B1:5.99e-06;NOVA1:5.35e-05;PTBP1:3.71e-05;QKI:1.51e-05;TARDBP:1.47e-05	yes	1449	0.0659	C	no	absent	ok_pending_P3	110	<200
8263	ENSMUST00000006367.7|ENSMUSG00000006205|Htra1	Htra1	chr7	+	130985404-130985660	256	130985128-130985404	276	130985404	3	day7;day21;day60	yes	0.205	0.0253	no		yes	NOVA2;PTBP1	NOVA2:5.35e-05;PTBP1:7.14e-05	yes	190	0.32	C	no	absent	ok_pending_P3	66	<200
2773	ENSMUST00000043577.2|ENSMUSG00000041378|Cldn5	Cldn5	chr16	+	18777999-18778262	263	18777649-18777999	350	18777999	3	day1;day7;day21	yes	0.2	0.0474	no		yes	PTBP1;QKI	PTBP1:9.66e-05;QKI:7.93e-05	yes	155	0.1153	C	no	absent	ok_pending_P3	7	<50
4524	ENSMUST00000028004.10|ENSMUSG00000026687|Aldh9a1	Aldh9a1	chr1	+	167367902-167368532	630	167367496-167367902	406	167367902	3	day1;day7;day21	yes	0.2	0.0253	no		yes	ELAVL1;HNRNPA2B1;PTBP1;QKI	ELAVL1:1.83e-07;HNRNPA2B1:1.20e-05;PTBP1:7.14e-05;QKI:9.18e-05	yes	599	0.1702	C	no	absent	ok_pending_P3	192	<200
3664	ENSMUST00000165123.7|ENSMUSG00000024576|Csnk1a1	Csnk1a1	chr18	+	61588057-61590061	2004	61587430-61588057	627	61588057	3	day3;day7;day21	yes	0.2	0.0455	no		yes	ELAVL1;HNRNPA2B1;NOVA1;NOVA2;PTBP1;QKI;TARDBP	ELAVL1:3.80e-06;HNRNPA2B1:7.86e-05;NOVA1:2.96e-05;NOVA2:2.96e-05;PTBP1:2.52e-05;QKI:5.30e-05;TARDBP:5.62e-08	yes	1866	0.7252	C	no	absent	ok_pending_P3	21	<50
8357	ENSMUST00000053252.8|ENSMUSG00000048644|Ctxn1	Ctxn1	chr8	-	4257659-4257922	263	4257922-4258383	461	4257922	3	day7;day21;day60	yes	0.2	0.0363	no		yes	PTBP1;QKI	PTBP1:7.14e-05;QKI:1.11e-05	yes	187	0.2139	C	no	absent	ok_pending_P3	291	<500
8537	ENSMUST00000034311.14|ENSMUSG00000031848|Lsm4	Lsm4	chr8	+	70678599-70678752	153	70678448-70678599	151	70678599	3	day7;day21;day60	yes	0.2	0.0286	no		yes	PTBP1	PTBP1:5.30e-05	yes	153	0.2129	C	no	absent	ok_pending_P3	89	<200
2409	ENSMUST00000065408.15|ENSMUSG00000079018|Ly6c1	Ly6c1	chr15	-	75045012-75045228	216	75045228-75045404	176	75045228	3	day1;day21;day60	yes	0.195	0.0559	no		yes	NOVA2	NOVA2:5.35e-05	yes	215	0.0325	C	no	absent	ok_pending_P3	218	<500
4534	ENSMUST00000111350.9|ENSMUSG00000026670|Uap1	Uap1	chr1	-	170141937-170142264	327	170142264-170142482	218	170142264	3	day1;day7;day60	yes	0.19	0.0253	no		yes	ELAVL1;PTBP1	ELAVL1:9.66e-05;PTBP1:7.93e-05	yes	270	0.4506	C	no	absent	ok_pending_P3	273	<500
4612	ENSMUST00000035295.5|ENSMUSG00000038633|Degs1	Degs1	chr1	-	182275771-182276291	520	182276291-182276749	458	182276291	3	day1;day21;day60	yes	0.19	0.028	no		yes	ELAVL1;HNRNPA2B1;PTBP1;QKI	ELAVL1:9.66e-05;HNRNPA2B1:7.17e-05;PTBP1:9.66e-05;QKI:7.93e-05	yes	476	0.0446	C	no	absent	ok_pending_P3	13	<50
3215	ENSMUST00000173063.7|ENSMUSG00000040482|Dxo	Dxo	chr17	+	34838445-34839138	693	34838262-34838445	183	34838445	3	day3;day7;day60	yes	0.19	0.0313	no		yes	ELAVL1;HNRNPA2B1;NOVA1;NOVA2;PTBP1	ELAVL1:2.96e-05;HNRNPA2B1:7.17e-05;NOVA1:2.96e-05;NOVA2:2.96e-05;PTBP1:8.37e-06	yes	491	0.4784	C	no	absent	ok_pending_P3	708	>=500
3695	ENSMUST00000009679.10|ENSMUSG00000009535|Rnmt	Rnmt	chr18	+	68321769-68324852	3083	68321352-68321769	417	68321769	3	day3;day7;day21	yes	0.19	0.0791	no		yes	ELAVL1;HNRNPA2B1;PTBP1;QKI;TARDBP	ELAVL1:9.05e-05;HNRNPA2B1:3.12e-06;PTBP1:3.80e-06;QKI:5.95e-05;TARDBP:5.30e-05	yes	2279	0.0633	C	no	absent	ok_pending_P3	14	<50
7596	ENSMUST00000130817.2|ENSMUSG00000030246|Ldhb	Ldhb	chr6	-	142490248-142490439	191	142490439-142490590	151	142490439	3	day7;day21;day60	yes	0.19	0.0297	no		yes	PTBP1	PTBP1:7.93e-05	yes	136	0.3775	C	no	absent	ok_pending_P3	149	<200
8829	ENSMUST00000000759.8|ENSMUSG00000000743|Chmp1a	Chmp1a	chr8	-	123204263-123204668	405	123204668-123205727	1059	123204668	3	day1;day21;day60	yes	0.185	0.0436	no		yes	ELAVL1;HNRNPA2B1;PTBP1;TARDBP	ELAVL1:3.80e-06;HNRNPA2B1:5.35e-05;PTBP1:2.31e-05;TARDBP:6.41e-05	yes	247	0.0225	C	no	absent	ok_pending_P3	265	<500
3992	ENSMUST00000051772.9|ENSMUSG00000049670|Morn4	Morn4	chr19	-	42074941-42075271	330	42075271-42076109	838	42075271	3	day3;day7;day21	yes	0.185	0.0272	no		yes	NOVA1;PTBP1	NOVA1:5.35e-05;PTBP1:1.47e-05	yes	233	0.2998	C	no	absent	ok_pending_P3	262	<500
9581	ENSMUST00000033591.5|ENSMUSG00000031239|Itm2a	Itm2a	chrX	-	107397098-107397484	386	107397484-107397893	409	107397484	3	day1;day21;day60	yes	0.18	0.0382	no		yes	ELAVL1;PTBP1	ELAVL1:7.84e-05;PTBP1:7.93e-05	yes	331	0.4643	C	no	absent	ok_pending_P3	22	<50
4310	ENSMUST00000045897.14|ENSMUSG00000026238|Ptma	Ptma	chr1	+	86530245-86530712	467	86530009-86530245	236	86530245	3	day7;day21;day60	yes	0.18	0.0619	no		yes	ELAVL1;PTBP1;TARDBP	ELAVL1:2.01e-05;PTBP1:4.40e-05;TARDBP:2.85e-05	yes	467	0.9878	C	no	absent	ok_pending_P3	339	<500
6704	ENSMUST00000198258.4|ENSMUSG00000015806|Qdpr	Qdpr	chr5	-	45434020-45434342	322	45434342-45434575	233	45434342	3	day7;day21;day60	yes	0.18	0.0655	no		yes	HNRNPA2B1;NOVA2	HNRNPA2B1:7.86e-05;NOVA2:9.53e-05	yes	185	0.1061	C	no	absent	ok_pending_P3	200	<500
4085	ENSMUST00000155020.1|ENSMUSG00000104217|Gm37988	Gm37988	chr1	+	4846695-4886770	40075	4832313-4846695	14382	4846695	3	day1;day7;day21	yes	0.175	0.0235	no		yes	ELAVL1;HNRNPA2B1;NOVA1;NOVA2;PTBP1;QKI;TARDBP	ELAVL1:1.83e-07;HNRNPA2B1:1.11e-06;NOVA1:3.56e-06;NOVA2:2.21e-06;PTBP1:9.09e-07;QKI:2.54e-05;TARDBP:5.62e-08	yes	31293	0.2011	C	no	absent	ok_pending_P3	9	<50
8325	ENSMUST00000151120.8|ENSMUSG00000007891|Ctsd	Ctsd	chr7	-	142375910-142376189	279	142376189-142376573	384	142376189	3	day1;day21;day60	yes	0.175	0.0394	no		yes	HNRNPA2B1;NOVA1;NOVA2;PTBP1;TARDBP	HNRNPA2B1:1.20e-05;NOVA1:9.54e-05;NOVA2:1.99e-05;PTBP1:2.52e-05;TARDBP:6.51e-05	yes	130	0.0647	C	no	absent	ok_pending_P3	237	<500
6974	ENSMUST00000031341.10|ENSMUSG00000029394|Cdk2ap1	Cdk2ap1	chr5	-	124345416-124345706	290	124345706-124346089	383	124345706	3	day7;day21;day60	yes	0.175	0.0275	no		yes	NOVA1;PTBP1	NOVA1:9.54e-05;PTBP1:9.66e-05	yes	282	0.7992	C	no	absent	ok_pending_P3	221	<500
8492	ENSMUST00000048967.8|ENSMUSG00000037852|Cpe	Cpe	chr8	-	64592541-64592797	256	64592797-64593125	328	64592797	3	day1;day7;day21	yes	0.17	0.0639	no		yes	ELAVL1;PTBP1;TARDBP	ELAVL1:9.05e-05;PTBP1:7.93e-05;TARDBP:9.40e-05	yes	215	0.4083	C	no	absent	ok_pending_P3	99	<200
3226	ENSMUST00000174493.7|ENSMUSG00000007039|Ddah2	Ddah2	chr17	+	35061958-35062095	137	35061807-35061958	151	35061958	3	day1;day21;day60	yes	0.165	0.028	no		yes	PTBP1	PTBP1:9.66e-05	yes	111	0.3817	C	no	absent	constrained	71	<200
8538	ENSMUST00000095267.5|ENSMUSG00000071076|Jund	Jund	chr8	+	70700313-70700616	303	70700080-70700313	233	70700313	3	day1;day7;day60	yes	0.165	0.0375	no		yes	ELAVL1;NOVA1;NOVA2;PTBP1;TARDBP	ELAVL1:2.96e-05;NOVA1:2.96e-05;NOVA2:2.96e-05;PTBP1:2.52e-05;TARDBP:1.29e-05	yes	266	0.7324	C	no	absent	ok_pending_P3	25	<50
2401	ENSMUST00000151288.7|ENSMUSG00000079020|Slc45a4	Slc45a4	chr15	-	73577423-73580470	3047	73580470-73581767	1297	73580470	3	day3;day7;day21	yes	0.16	0.0423	no		yes	ELAVL1;HNRNPA2B1;NOVA1;NOVA2;PTBP1;QKI;TARDBP	ELAVL1:7.84e-05;HNRNPA2B1:1.86e-05;NOVA1:9.54e-05;NOVA2:5.35e-05;PTBP1:6.13e-07;QKI:1.51e-05;TARDBP:5.04e-05	yes	1442	0.1102	C	yes	absent	ok_pending_P3	126	<200
6670	ENSMUST00000030986.14|ENSMUSG00000029103|Lrpap1	Lrpap1	chr5	-	35091500-35093151	1651	35093151-35093326	175	35093151	3	day3;day7;day21	yes	0.16	0.0392	no		yes	ELAVL1;HNRNPA2B1;NOVA1;PTBP1;QKI;TARDBP	ELAVL1:1.27e-05;HNRNPA2B1:1.86e-05;NOVA1:1.47e-05;PTBP1:1.47e-05;QKI:4.73e-05;TARDBP:7.15e-06	yes	1375	0.0652	C	no	absent	ok_pending_P3	89	<200
6751	ENSMUST00000051937.8|ENSMUSG00000049907|Rasl11b	Rasl11b	chr5	+	74199176-74199481	305	74198576-74199176	600	74199176	3	day7;day21;day60	yes	0.16	0.0607	no		yes	HNRNPA2B1;PTBP1;QKI	HNRNPA2B1:1.98e-05;PTBP1:1.47e-05;QKI:7.93e-05	yes	239	0.448	C	no	absent	ok_pending_P3	212	<500
9193	ENSMUST00000042235.14|ENSMUSG00000037742|Eef1a1	Eef1a1	chr9	-	78478448-78478585	137	78478585-78478736	151	78478585	3	day7;day21;day60	yes	0.16	0.0394	no		yes	TARDBP	TARDBP:1.47e-05	yes	137	0.9996	C	no	absent	constrained	49	<50
2514	ENSMUST00000023116.6|ENSMUSG00000022477|Aco2	Aco2	chr15	+	81914921-81915133	212	81914759-81914921	162	81914921	3	day1;day21;day60	yes	0.15	0.0446	no		yes	ELAVL1;PTBP1	ELAVL1:1.27e-05;PTBP1:7.93e-05	yes	159	0.5269	C	yes	absent	ok_pending_P3	21	<50
8728	ENSMUST00000136048.7|ENSMUSG00000036270|Edc4	Edc4	chr8	+	105893063-105894908	1845	105892877-105893063	186	105893063	3	day1;day7;day21	yes	0.145	0.0235	no		yes	ELAVL1;HNRNPA2B1;NOVA1;NOVA2;PTBP1;QKI;TARDBP	ELAVL1:7.93e-05;HNRNPA2B1:8.71e-06;NOVA1:5.35e-05;NOVA2:2.87e-06;PTBP1:1.20e-05;QKI:7.24e-05;TARDBP:1.47e-05	yes	1197	0.3077	C	yes	direct	ok_pending_P3	20	<50
5791	ENSMUST00000145727.7|ENSMUSG00000058388|Phtf1	Phtf1	chr3	+	104007306-104024598	17292	104007005-104007306	301	104007306	3	day3;day7;day21	yes	0.145	0.0788	no		yes	ELAVL1;HNRNPA2B1;NOVA1;NOVA2;PTBP1;QKI;TARDBP	ELAVL1:1.83e-07;HNRNPA2B1:1.68e-07;NOVA1:1.47e-05;NOVA2:8.17e-06;PTBP1:9.09e-07;QKI:1.34e-05;TARDBP:5.62e-08	yes	11998	0.1665	C	no	absent	ok_pending_P3	125	<200
4050	ENSMUST00000095978.4|ENSMUSG00000071497|Nutf2-ps1	Nutf2-ps1	chr19	-	53588167-53588371	204	53588371-53588607	236	53588371	3	day1;day7;day21	yes	0.14	0.0472	no		yes	ELAVL1;NOVA2	ELAVL1:7.84e-05;NOVA2:5.35e-05	yes	204	0.9383	C	no	absent	ok_pending_P3	6949	>=500
5747	ENSMUST00000015894.11|ENSMUSG00000015750|Aph1a	Aph1a	chr3	+	95897310-95898288	978	95896368-95897310	942	95897310	3	day1;day7;day21	yes	0.135	0.0446	no		yes	ELAVL1;HNRNPA2B1;NOVA2;PTBP1;QKI	ELAVL1:2.01e-05;HNRNPA2B1:8.19e-07;NOVA2:5.35e-05;PTBP1:4.40e-05;QKI:9.54e-05	yes	659	0.2855	C	no	absent	ok_pending_P3	137	<200
175	ENSMUST00000045887.8|ENSMUSG00000037710|Cisd1	Cisd1	chr10	-	71330479-71330841	362	71330841-71331039	198	71330841	3	day1;day7;day21	yes	0.13	0.0235	no		yes	PTBP1;TARDBP	PTBP1:3.71e-05;TARDBP:6.51e-05	yes	309	0.4521	C	no	absent	ok_pending_P3	19	<50
7510	ENSMUST00000019354.10|ENSMUSG00000019210|Atp6v1e1	Atp6v1e1	chr6	-	120795243-120795485	242	120795485-120795704	219	120795485	3	day1;day21;day60	yes	0.13	0.0313	no		yes	ELAVL1;HNRNPA2B1;NOVA2;PTBP1;TARDBP	ELAVL1:6.00e-06;HNRNPA2B1:1.11e-06;NOVA2:9.94e-05;PTBP1:7.34e-05;TARDBP:5.35e-05	yes	144	0.2107	C	no	absent	ok_pending_P3	156	<200
300	ENSMUST00000002518.8|ENSMUSG00000054452|Tle5	Tle5	chr10	+	81565992-81566362	370	81565690-81565992	302	81565992	3	day7;day21;day60	yes	0.13	0.0253	no		yes	ELAVL1;NOVA2;PTBP1	ELAVL1:7.93e-05;NOVA2:2.51e-05;PTBP1:1.47e-05	yes	234	0.295	C	no	absent	ok_pending_P3	31	<50
6710	ENSMUST00000195960.4|ENSMUSG00000029089|5730480H06Rik	5730480H06Rik	chr5	+	48379484-48395617	16133	48379333-48379484	151	48379484	3	day7;day21;day60	yes	0.12	0.083	no		yes	ELAVL1;HNRNPA2B1;NOVA1;NOVA2;PTBP1;QKI;TARDBP	ELAVL1:3.80e-06;HNRNPA2B1:4.22e-06;NOVA1:1.02e-07;NOVA2:2.95e-05;PTBP1:5.23e-06;QKI:4.24e-06;TARDBP:5.62e-08	yes	10084	0.1794	C	no	absent	ok_pending_P3	8845	>=500
3233	ENSMUST00000172785.7|ENSMUSG00000073411|H2-D1	H2-D1	chr17	+	35267122-35267499	377	35266867-35267122	255	35267122	3	day1;day21;day60	yes	0.11	0.0254	no		yes	ELAVL1;NOVA2;TARDBP	ELAVL1:8.86e-06;NOVA2:9.53e-05;TARDBP:6.41e-05	yes	317	0.073	C	no	absent	ok_pending_P3	23	<50
6470	ENSMUST00000019199.13|ENSMUSG00000019055|Plod1	Plod1	chr4	-	147909752-147910290	538	147910290-147910721	431	147910290	3	day1;day7;day21	yes	0.11	0.0235	no		yes	NOVA2;PTBP1	NOVA2:5.35e-05;PTBP1:1.29e-05	yes	311	0.085	C	no	direct	ok_pending_P3	67	<200
133	ENSMUST00000131810.7|ENSMUSG00000020109|Dnajb12	Dnajb12	chr10	+	59893017-59898014	4997	59892735-59893017	282	59893017	3	day7;day21;day60	yes	0.11	0.0868	no		yes	ELAVL1;HNRNPA2B1;NOVA1;NOVA2;PTBP1;QKI;TARDBP	ELAVL1:2.96e-05;HNRNPA2B1:1.95e-06;NOVA1:2.96e-05;NOVA2:2.96e-05;PTBP1:6.13e-07;QKI:5.30e-05;TARDBP:5.62e-08	yes	3095	0.2054	C	no	absent	ok_pending_P3	303	<500
2508	ENSMUST00000068387.10|ENSMUSG00000055024|Ep300	Ep300	chr15	+	81651268-81652077	809	81650979-81651268	289	81651268	2	day7;day21	yes	0.66	0.0235	no		yes	ELAVL1;NOVA2;PTBP1;TARDBP	ELAVL1:6.00e-06;NOVA2:1.76e-05;PTBP1:1.79e-05;TARDBP:2.14e-05	yes	799	0.9438	C	no	absent	ok_pending_P3	126	<200
7212	ENSMUST00000068259.9|ENSMUSG00000029775|Klhdc10	Klhdc10	chr6	+	30450844-30455179	4335	30450693-30450844	151	30450844	2	day3;day21	yes	0.63	0.0531	no		yes	ELAVL1;HNRNPA2B1;NOVA1;NOVA2;PTBP1;QKI;TARDBP	ELAVL1:2.96e-05;HNRNPA2B1:5.35e-05;NOVA1:2.96e-05;NOVA2:2.96e-05;PTBP1:3.63e-06;QKI:3.50e-05;TARDBP:7.15e-06	yes	3293	0.2861	C	no	absent	ok_pending_P3	31	<50
7956	ENSMUST00000055576.11|ENSMUSG00000030513|Pcsk6	Pcsk6	chr7	+	66050012-66050386	374	66049000-66050012	1012	66050012	2	day1;day60	yes	0.6	0.0301	no		yes	HNRNPA2B1;PTBP1	HNRNPA2B1:7.17e-05;PTBP1:2.37e-05	yes	298	0.4771	C	no	absent	ok_pending_P3	80	<200
2736	ENSMUST00000069107.13|ENSMUSG00000063358|Mapk1	Mapk1	chr16	+	17038800-17047453	8653	17038427-17038800	373	17038800	2	day1;day3	yes	0.59	0.024	no		yes	ELAVL1;HNRNPA2B1;NOVA1;NOVA2;PTBP1;QKI;TARDBP	ELAVL1:6.68e-07;HNRNPA2B1:4.79e-05;NOVA1:1.47e-05;NOVA2:2.96e-05;PTBP1:9.29e-06;QKI:1.11e-05;TARDBP:7.15e-06	yes	6634	0.2725	C	yes	absent	ok_pending_P3	20	<50
980	ENSMUST00000107898.7|ENSMUSG00000033983|Coil	Coil	chr11	+	88991130-88991613	483	88990739-88991130	391	88991130	2	day3;day21	yes	0.555	0.0235	no		yes	HNRNPA2B1;NOVA2;PTBP1	HNRNPA2B1:1.73e-06;NOVA2:5.35e-05;PTBP1:1.20e-05	yes	383	0.437	C	no	absent	ok_pending_P3	6	<50
5823	ENSMUST00000102632.6|ENSMUSG00000068747|Sort1	Sort1	chr3	+	108357622-108361511	3889	108357240-108357622	382	108357622	2	day1;day3	yes	0.53	0.0297	no		yes	ELAVL1;HNRNPA2B1;NOVA1;NOVA2;PTBP1;QKI;TARDBP	ELAVL1:6.68e-07;HNRNPA2B1:8.19e-07;NOVA1:9.54e-05;NOVA2:5.35e-05;PTBP1:6.67e-06;QKI:5.30e-05;TARDBP:8.37e-06	yes	2670	0.2967	C	yes	absent	ok_pending_P3	79	<200
7992	ENSMUST00000026672.7|ENSMUSG00000025584|Pde8a	Pde8a	chr7	+	81333899-81334533	634	81333519-81333899	380	81333899	2	day7;day21	yes	0.53	0.028	no		yes	ELAVL1;PTBP1;QKI;TARDBP	ELAVL1:6.68e-07;PTBP1:1.79e-05;QKI:1.34e-05;TARDBP:6.10e-07	yes	550	0.7167	C	no	absent	ok_pending_P3	62	<200
4010	ENSMUST00000040455.4|ENSMUSG00000036450|Hif1an	Hif1an	chr19	+	44572378-44576274	3896	44571155-44572378	1223	44572378	2	day1;day3	yes	0.51	0.0407	no		yes	ELAVL1;HNRNPA2B1;NOVA1;NOVA2;PTBP1;QKI;TARDBP	ELAVL1:2.96e-05;HNRNPA2B1:1.86e-05;NOVA1:2.96e-05;NOVA2:1.00e-05;PTBP1:1.85e-06;QKI:9.18e-05;TARDBP:4.13e-05	yes	2403	0.2028	C	yes	absent	ok_pending_P3	157	<200
4867	ENSMUST00000028103.12|ENSMUSG00000026765|Lypd6b	Lypd6b	chr2	+	49948106-49948849	743	49947590-49948106	516	49948106	2	day7;day60	yes	0.495	0.0297	no		yes	NOVA1;NOVA2;PTBP1;TARDBP	NOVA1:1.47e-05;NOVA2:8.01e-05;PTBP1:1.21e-05;TARDBP:3.13e-05	yes	599	0.1805	C	yes	absent	ok_pending_P3	714	>=500
9058	ENSMUST00000166367.7|ENSMUSG00000032030|Cul5	Cul5	chr9	-	53614581-53617569	2988	53617569-53617818	249	53617569	2	day1;day21	yes	0.47	0.0626	no		yes	ELAVL1;HNRNPA2B1;NOVA1;NOVA2;PTBP1;QKI;TARDBP	ELAVL1:6.00e-06;HNRNPA2B1:4.19e-05;NOVA1:5.35e-05;NOVA2:5.35e-05;PTBP1:4.03e-06;QKI:4.16e-05;TARDBP:1.79e-05	yes	2693	0.59	C	no	absent	ok_pending_P3	121	<200
4103	ENSMUST00000188641.6|ENSMUSG00000079658|Eloc	Eloc	chr1	-	16641724-16642941	1217	16642941-16643290	349	16642941	2	day3;day7	yes	0.45	0.0481	no		yes	ELAVL1;HNRNPA2B1;PTBP1;QKI;TARDBP	ELAVL1:7.84e-05;HNRNPA2B1:1.86e-05;PTBP1:3.70e-05;QKI:2.92e-05;TARDBP:1.79e-05	yes	1024	0.389	C	no	absent	ok_pending_P3	97	<200
825	ENSMUST00000163326.7|ENSMUSG00000020788|Atp2a3	Atp2a3	chr11	+	72992293-72993043	750	72991700-72992293	593	72992293	2	day7;day21	yes	0.45	0.0322	no		yes	HNRNPA2B1;PTBP1;QKI	HNRNPA2B1:8.71e-06;PTBP1:3.63e-06;QKI:6.57e-05	yes	311	0.0648	C	no	absent	ok_pending_P3	650	>=500
1137	ENSMUST00000093923.8|ENSMUSG00000020687|Cdc27	Cdc27	chr11	-	104502744-104505419	2675	104505419-104505600	181	104505419	2	day1;day7	yes	0.44	0.0469	no		yes	ELAVL1;HNRNPA2B1;NOVA2;PTBP1;QKI;TARDBP	ELAVL1:6.00e-06;HNRNPA2B1:5.99e-06;NOVA2:5.35e-05;PTBP1:7.14e-06;QKI:1.11e-05;TARDBP:9.48e-07	yes	2529	0.7492	C	no	absent	ok_pending_P3	50	<200
7211	ENSMUST00000102993.9|ENSMUSG00000039159|Ube2h	Ube2h	chr6	-	30211288-30213146	1858	30213146-30214961	1815	30213146	2	day1;day3	yes	0.44	0.0693	no		yes	ELAVL1;HNRNPA2B1;NOVA1;NOVA2;PTBP1	ELAVL1:7.84e-05;HNRNPA2B1:8.25e-06;NOVA1:9.54e-05;NOVA2:2.95e-05;PTBP1:1.47e-05	yes	1320	0.3459	C	no	absent	ok_pending_P3	137	<200
5244	ENSMUST00000066640.4|ENSMUSG00000053916|Nanp	Nanp	chr2	-	151029684-151029994	310	151029994-151030262	268	151029994	2	day21;day60	yes	0.435	0.0297	no		yes	PTBP1	PTBP1:1.79e-05	yes	257	0.1164	C	no	absent	ok_pending_P3	319	<500
4909	ENSMUST00000055758.15|ENSMUSG00000044308|Ubr3	Ubr3	chr2	+	70022145-70024013	1868	70021657-70022145	488	70022145	2	day7;day21	yes	0.43	0.0731	no		yes	ELAVL1;NOVA1;PTBP1;QKI;TARDBP	ELAVL1:1.27e-05;NOVA1:1.47e-05;PTBP1:5.47e-06;QKI:1.93e-05;TARDBP:4.38e-06	yes	1832	0.8187	C	yes	absent	ok_pending_P3	16	<50
3429	ENSMUST00000041369.7|ENSMUSG00000037104|Socs5	Socs5	chr17	+	87136403-87137839	1436	87135241-87136403	1162	87136403	2	day1;day7	yes	0.42	0.0235	no		yes	ELAVL1;HNRNPA2B1;PTBP1;QKI;TARDBP	ELAVL1:7.93e-05;HNRNPA2B1:2.99e-05;PTBP1:1.47e-05;QKI:4.73e-05;TARDBP:5.04e-05	yes	1376	0.7595	C	no	direct	ok_pending_P3	172	<200
2449	ENSMUST00000080406.6|ENSMUSG00000022526|Zfp251	Zfp251	chr15	-	76851608-76852105	497	76852105-76852995	890	76852105	2	day7;day60	yes	0.42	0.0235	no		yes	ELAVL1;HNRNPA2B1	ELAVL1:7.93e-05;HNRNPA2B1:9.75e-05	yes	482	0.6858	C	no	absent	ok_pending_P3	13	<50
1812	ENSMUST00000076195.6|ENSMUSG00000055228|Zfp935	Zfp935	chr13	-	62453714-62454564	850	62454564-62454873	309	62454564	2	day21;day60	yes	0.42	0.0538	no		yes	PTBP1;QKI	PTBP1:1.21e-05;QKI:3.83e-05	yes	850	0.814	C	no	absent	ok_pending_P3	116	<200
5192	ENSMUST00000103181.10|ENSMUSG00000058793|Cds2	Cds2	chr2	+	132307472-132312050	4578	132305282-132307472	2190	132307472	2	day7;day21	yes	0.41	0.0865	no		yes	ELAVL1;HNRNPA2B1;NOVA1;NOVA2;PTBP1;QKI;TARDBP	ELAVL1:7.84e-05;HNRNPA2B1:4.22e-06;NOVA1:9.54e-05;NOVA2:8.00e-06;PTBP1:8.19e-06;QKI:1.34e-05;TARDBP:5.62e-08	yes	2451	0.0505	C	yes	absent	ok_pending_P3	82	<200
6532	ENSMUST00000123952.8|ENSMUSG00000078490|Cfap74	Cfap74	chr4	+	155420753-155421992	1239	155420346-155420753	407	155420753	2	day1;day60	yes	0.41	0.074	no		yes	ELAVL1;HNRNPA2B1;PTBP1;QKI;TARDBP	ELAVL1:3.87e-05;HNRNPA2B1:2.99e-05;PTBP1:1.21e-05;QKI:9.54e-05;TARDBP:9.09e-07	yes	903	0.1131	C	no	absent	ok_pending_P3	2678	>=500
8114	ENSMUST00000079282.7|ENSMUSG00000031024|Denn2b	Denn2b	chr7	-	109523910-109524202	292	109524202-109524648	446	109524202	2	day1;day21	yes	0.395	0.0253	no		yes	PTBP1	PTBP1:7.93e-05	yes	250	0.488	C	no	absent	ok_pending_P3	201	<500
5330	ENSMUST00000109468.2|ENSMUSG00000070544|Top1	Top1	chr2	+	160722230-160722764	534	160721551-160722230	679	160722230	2	day7;day21	yes	0.39	0.024	no		yes	ELAVL1;NOVA1;NOVA2;PTBP1;QKI;TARDBP	ELAVL1:2.01e-05;NOVA1:1.47e-05;NOVA2:5.35e-05;PTBP1:4.94e-05;QKI:3.50e-05;TARDBP:1.29e-05	yes	534	0.9437	C	no	absent	ok_pending_P3	80	<200
7912	ENSMUST00000107737.10|ENSMUSG00000057342|Sphk2	Sphk2	chr7	-	45709466-45710576	1110	45710576-45710727	151	45710576	2	day7;day21	yes	0.385	0.0436	no		yes	ELAVL1;HNRNPA2B1;PTBP1;QKI;TARDBP	ELAVL1:3.87e-05;HNRNPA2B1:4.43e-05;PTBP1:5.47e-06;QKI:9.18e-05;TARDBP:1.47e-05	yes	829	0.4406	C	no	absent	ok_pending_P3	326	<500
2986	ENSMUST00000076734.7|ENSMUSG00000046201|Scaf8	Scaf8	chr17	+	3198569-3198859	290	3198207-3198569	362	3198569	2	day21;day60	yes	0.38	0.0461	no		yes	ELAVL1;PTBP1;QKI;TARDBP	ELAVL1:9.66e-05;PTBP1:9.66e-05;QKI:3.50e-05;TARDBP:1.29e-05	yes	290	0.9873	C	no	absent	ok_pending_P3	94	<200
1304	ENSMUST00000106107.2|ENSMUSG00000025170|Rab40b	Rab40b	chr11	-	121356124-121356622	498	121356622-121357039	417	121356622	2	day7;day60	yes	0.375	0.0465	no		yes	PTBP1	PTBP1:2.73e-05	yes	322	0.2851	C	yes	absent	ok_pending_P3	263	<500
7304	ENSMUST00000070756.11|ENSMUSG00000029778|Adcyap1r1	Adcyap1r1	chr6	+	55497925-55501451	3526	55497168-55497925	757	55497925	2	day1;day3	yes	0.375	0.0253	no		yes	ELAVL1;HNRNPA2B1;NOVA2;PTBP1;QKI;TARDBP	ELAVL1:9.66e-05;HNRNPA2B1:4.86e-07;NOVA2:1.69e-05;PTBP1:5.23e-06;QKI:1.11e-05;TARDBP:5.62e-08	yes	1696	0.0771	C	no	absent	ok_pending_P3	144	<200
4018	ENSMUST00000160718.8|ENSMUSG00000040913|Fbxw4	Fbxw4	chr19	-	45578253-45578559	306	45578559-45578808	249	45578559	2	day21;day60	yes	0.375	0.0779	no		yes	ELAVL1;HNRNPA2B1;NOVA1;PTBP1	ELAVL1:9.05e-05;HNRNPA2B1:9.75e-05;NOVA1:9.54e-05;PTBP1:1.47e-05	yes	199	0.1859	C	no	absent	ok_pending_P3	191	<200
879	ENSMUST00000017530.3|ENSMUSG00000017386|Traf4	Traf4	chr11	-	78159399-78159639	240	78159639-78159918	279	78159639	2	day21;day60	yes	0.37	0.0626	no		yes	ELAVL1;PTBP1	ELAVL1:8.86e-06;PTBP1:7.40e-05	yes	228	0.6889	C	no	absent	ok_pending_P3	141	<200
6563	ENSMUST00000179804.7|ENSMUSG00000046798|Cldn12	Cldn12	chr5	-	5505014-5506864	1850	5506864-5507693	829	5506864	2	day1;day21	yes	0.365	0.0339	no		yes	HNRNPA2B1;NOVA2;PTBP1;QKI;TARDBP	HNRNPA2B1:7.65e-05;NOVA2:5.35e-05;PTBP1:1.79e-05;QKI:1.11e-05;TARDBP:8.29e-05	yes	1560	0.3104	C	no	absent	ok_pending_P3	239	<500
9544	ENSMUST00000101388.3|ENSMUSG00000073062|Zxdb	Zxdb	chrX	+	94727511-94730187	2676	94727293-94727511	218	94727511	2	day3;day21	yes	0.365	0.0309	no		yes	ELAVL1;HNRNPA2B1;NOVA1;PTBP1;QKI;TARDBP	ELAVL1:1.27e-05;HNRNPA2B1:1.20e-05;NOVA1:5.35e-05;PTBP1:2.99e-06;QKI:2.54e-05;TARDBP:2.11e-06	yes	2143	0.2131	C	no	absent	ok_pending_P3	195	<200
2649	ENSMUST00000000543.5|ENSMUSG00000000531|Grasp	Grasp	chr15	+	101232429-101232756	327	101232013-101232429	416	101232429	2	day1;day60	yes	0.36	0.063	no		yes	HNRNPA2B1;PTBP1;TARDBP	HNRNPA2B1:1.86e-05;PTBP1:3.63e-06;TARDBP:5.62e-08	yes	268	0.3572	C	no	absent	ok_pending_P3	301	<500
493	ENSMUST00000093381.10|ENSMUSG00000051427|Ccdc157	Ccdc157	chr11	-	4141122-4143467	2345	4143467-4143691	224	4143467	2	day7;day21	yes	0.36	0.0253	no		yes	ELAVL1;HNRNPA2B1;NOVA1;NOVA2;PTBP1;QKI;TARDBP	ELAVL1:8.86e-06;HNRNPA2B1:8.71e-06;NOVA1:5.35e-05;NOVA2:5.35e-05;PTBP1:4.03e-06;QKI:6.39e-06;TARDBP:6.51e-05	yes	2054	0.1203	C	no	absent	ok_pending_P3	100	<200
1746	ENSMUST00000095797.5|ENSMUSG00000021395|Spin1	Spin1	chr13	+	51149941-51152546	2605	51149158-51149941	783	51149941	2	day3;day7	yes	0.35	0.0446	no		yes	ELAVL1;HNRNPA2B1;NOVA2;PTBP1;TARDBP	ELAVL1:3.87e-05;HNRNPA2B1:3.12e-06;NOVA2:6.51e-06;PTBP1:3.80e-06;TARDBP:4.38e-06	yes	2285	0.5678	C	yes	absent	ok_pending_P3	19	<50
8921	ENSMUST00000038671.9|ENSMUSG00000035047|Kri1	Kri1	chr9	-	21273456-21273772	316	21273772-21273923	151	21273772	2	day21;day60	yes	0.35	0.0235	no		yes	ELAVL1;HNRNPA2B1;PTBP1	ELAVL1:6.00e-06;HNRNPA2B1:7.51e-06;PTBP1:5.23e-05	yes	206	0.2544	C	no	absent	ok_pending_P3	323	<500
5970	ENSMUST00000062684.8|ENSMUSG00000043252|Tmem64	Tmem64	chr4	+	15285082-15286753	1671	15283347-15285082	1735	15285082	2	day7;day21	yes	0.335	0.0235	no		yes	ELAVL1;HNRNPA2B1;PTBP1;TARDBP	ELAVL1:3.87e-05;HNRNPA2B1:4.43e-05;PTBP1:3.39e-05;TARDBP:8.37e-06	yes	1217	0.2697	C	yes	absent	ok_pending_P3	70	<200
3306	ENSMUST00000024778.2|ENSMUSG00000092558|Med20	Med20	chr17	+	47623968-47624418	450	47623097-47623968	871	47623968	2	day7;day60	yes	0.335	0.0417	no		yes	ELAVL1;PTBP1;QKI;TARDBP	ELAVL1:9.05e-05;PTBP1:1.47e-05;QKI:7.93e-05;TARDBP:6.51e-05	yes	333	0.1502	C	no	absent	ok_pending_P3	236	<500
8416	ENSMUST00000038498.9|ENSMUSG00000037316|Bag4	Bag4	chr8	-	25764537-25767462	2925	25767462-25767926	464	25767462	2	day7;day21	yes	0.335	0.0468	no		yes	ELAVL1;HNRNPA2B1;NOVA1;NOVA2;PTBP1;QKI;TARDBP	ELAVL1:7.84e-05;HNRNPA2B1:1.20e-05;NOVA1:1.47e-05;NOVA2:5.35e-05;PTBP1:8.19e-06;QKI:1.11e-05;TARDBP:8.37e-06	yes	2622	0.329	C	no	absent	ok_pending_P3	9	<50
3741	ENSMUST00000039048.1|ENSMUSG00000035372|1810055G02Rik	1810055G02Rik	chr19	+	3717741-3717881	140	3717590-3717741	151	3717741	2	day7;day60	yes	0.33	0.0903	no		yes	ELAVL1	ELAVL1:7.84e-05	yes	74	0.2163	C	yes	absent	constrained	1	<50
3281	ENSMUST00000024747.13|ENSMUSG00000023951|Vegfa	Vegfa	chr17	-	46016992-46017681	689	46017681-46018860	1179	46017681	2	day1;day21	yes	0.33	0.074	no		yes	ELAVL1;NOVA1;PTBP1;TARDBP	ELAVL1:3.80e-06;NOVA1:5.35e-05;PTBP1:1.70e-05;TARDBP:5.62e-08	yes	687	0.9613	C	no	absent	ok_pending_P3	60	<200
6548	ENSMUST00000079031.5|ENSMUSG00000029033|Acap3	Acap3	chr4	+	155906690-155907251	561	155905957-155906690	733	155906690	2	day7;day21	yes	0.325	0.0903	no		yes	ELAVL1;HNRNPA2B1;PTBP1;TARDBP	ELAVL1:3.87e-05;HNRNPA2B1:1.73e-06;PTBP1:8.11e-05;TARDBP:3.58e-05	yes	426	0.2541	C	yes	absent	ok_pending_P3	11	<50
1873	ENSMUST00000225868.1|ENSMUSG00000042167|Tent2	Tent2	chr13	-	93146281-93147438	1157	93147438-93147593	155	93147438	2	day3;day21	yes	0.315	0.0253	no		yes	ELAVL1;HNRNPA2B1;PTBP1;QKI	ELAVL1:7.84e-05;HNRNPA2B1:1.86e-05;PTBP1:1.20e-05;QKI:7.93e-05	yes	1106	0.6945	C	no	absent	ok_pending_P3	93	<200
5631	ENSMUST00000098990.9|ENSMUSG00000074513|Arfip1	Arfip1	chr3	-	84496092-84496665	573	84496665-84497738	1073	84496665	2	day3;day7	yes	0.315	0.0438	no		yes	HNRNPA2B1;NOVA1;NOVA2;PTBP1;TARDBP	HNRNPA2B1:4.43e-05;NOVA1:9.54e-05;NOVA2:1.02e-05;PTBP1:7.93e-05;TARDBP:2.11e-06	yes	492	0.6543	C	no	absent	ok_pending_P3	8	<50
521	ENSMUST00000109737.8|ENSMUSG00000041126|H2az2	H2az2	chr11	-	6427228-6428222	994	6428222-6428373	151	6428222	2	day7;day21	yes	0.315	0.024	no		yes	ELAVL1;PTBP1;QKI	ELAVL1:1.27e-05;PTBP1:3.39e-05;QKI:1.11e-05	yes	782	0.2487	C	no	absent	ok_pending_P3	50	<200
3651	ENSMUST00000025505.6|ENSMUSG00000024603|Dctn4	Dctn4	chr18	+	60556966-60558766	1800	60556438-60556966	528	60556966	2	day1;day21	yes	0.31	0.0634	no		yes	ELAVL1;HNRNPA2B1;NOVA1;PTBP1;QKI;TARDBP	ELAVL1:7.93e-05;HNRNPA2B1:1.20e-05;NOVA1:3.36e-05;PTBP1:8.19e-06;QKI:3.83e-05;TARDBP:5.35e-05	yes	1429	0.2726	C	no	absent	ok_pending_P3	24	<50
9260	ENSMUST00000047799.12|ENSMUSG00000090150|Acad11	Acad11	chr9	+	104127368-104127725	357	104126693-104127368	675	104127368	2	day1;day21	yes	0.31	0.0446	no		yes	PTBP1;QKI	PTBP1:7.14e-06;QKI:5.95e-05	yes	308	0.2028	C	no	absent	ok_pending_P3	151	<200
2754	ENSMUST00000231909.1|ENSMUSG00000116652|B830017H08Rik	B830017H08Rik	chr16	+	17834743-17835008	265	17834367-17834743	376	17834743	2	day21;day60	yes	0.31	0.0359	no		yes	TARDBP	TARDBP:5.35e-05	yes	126	0.0526	C	no	absent	ok_pending_P3	246	<500
3118	ENSMUST00000025025.6|ENSMUSG00000024190|Dusp1	Dusp1	chr17	-	26505589-26505883	294	26505883-26506282	399	26505883	2	day21;day60	yes	0.31	0.0736	no		yes	ELAVL1;PTBP1	ELAVL1:3.80e-06;PTBP1:7.93e-05	yes	289	0.8477	C	no	absent	ok_pending_P3	254	<500
6693	ENSMUST00000005234.12|ENSMUSG00000005103|Wdr1	Wdr1	chr5	-	38526812-38527275	463	38527275-38527808	533	38527275	2	day1;day21	yes	0.305	0.0626	no		yes	ELAVL1;PTBP1;TARDBP	ELAVL1:6.00e-06;PTBP1:1.01e-05;TARDBP:6.41e-05	yes	386	0.5356	C	no	absent	ok_pending_P3	46	<50
4628	ENSMUST00000027916.12|ENSMUSG00000026617|Bpnt1	Bpnt1	chr1	+	185357432-185357777	345	185356623-185357432	809	185357432	2	day7;day21	yes	0.305	0.0714	no		yes	ELAVL1;PTBP1;QKI	ELAVL1:7.84e-05;PTBP1:7.93e-05;QKI:4.72e-05	yes	243	0.1382	C	no	absent	ok_pending_P3	72	<200
9044	ENSMUST00000034566.14|ENSMUSG00000032064|Dixdc1	Dixdc1	chr9	-	50662751-50664324	1573	50664324-50666197	1873	50664324	2	day21;day60	yes	0.3	0.0253	no		yes	ELAVL1;NOVA1;PTBP1;QKI;TARDBP	ELAVL1:3.80e-06;NOVA1:4.73e-05;PTBP1:9.76e-06;QKI:2.99e-05;TARDBP:2.11e-06	yes	1296	0.2903	C	yes	absent	ok_pending_P3	92	<200
2320	ENSMUST00000044524.15|ENSMUSG00000039168|Dap	Dap	chr15	+	31273969-31274341	372	31273307-31273969	662	31273969	2	day1;day21	yes	0.3	0.0911	no		yes	TARDBP	TARDBP:9.40e-05	yes	185	0.064	C	no	absent	ok_pending_P3	215	<500
9457	ENSMUST00000115248.9|ENSMUSG00000006423|C330007P06Rik	C330007P06Rik	chrX	-	36848542-36849344	802	36849344-36851102	1758	36849344	2	day3;day7	yes	0.3	0.0464	no		yes	ELAVL1;PTBP1;TARDBP	ELAVL1:8.86e-06;PTBP1:8.19e-06;TARDBP:6.51e-05	yes	703	0.1611	C	no	absent	ok_pending_P3	786	>=500
813	ENSMUST00000048807.11|ENSMUSG00000040599|Mis12	Mis12	chr11	+	71026032-71027371	1339	71025760-71026032	272	71026032	2	day7;day60	yes	0.3	0.0253	no		yes	ELAVL1;NOVA2;PTBP1;TARDBP	ELAVL1:8.86e-06;NOVA2:1.14e-05;PTBP1:2.02e-05;TARDBP:2.11e-06	yes	1336	0.3916	C	no	absent	ok_pending_P3	26	<50
1984	ENSMUST00000022369.8|ENSMUSG00000021823|Vcl	Vcl	chr14	+	21033110-21033676	566	21031730-21033110	1380	21033110	2	day7;day21	yes	0.3	0.0235	no		yes	PTBP1	PTBP1:1.83e-06	yes	536	0.6844	C	no	absent	ok_pending_P3	53	<200
2166	ENSMUST00000022622.13|ENSMUSG00000059456|Ptk2b	Ptk2b	chr14	-	66153256-66153905	649	66153905-66154056	151	66153905	2	day7;day21	yes	0.295	0.057	no		yes	ELAVL1;HNRNPA2B1;NOVA1;PTBP1	ELAVL1:7.84e-05;HNRNPA2B1:4.43e-05;NOVA1:5.35e-05;PTBP1:3.63e-06	yes	446	0.2999	C	yes	absent	ok_pending_P3	599	>=500
137	ENSMUST00000179238.7|ENSMUSG00000004207|Psap	Psap	chr10	+	60302248-60302597	349	60301726-60302248	522	60302248	2	day21;day60	yes	0.295	0.0884	no		yes	ELAVL1;PTBP1;TARDBP	ELAVL1:9.66e-05;PTBP1:7.86e-05;TARDBP:1.29e-05	yes	206	0.1639	C	yes	absent	ok_pending_P3	91	<200
119	ENSMUST00000020027.10|ENSMUSG00000019877|Serinc1	Serinc1	chr10	-	57515773-57516165	392	57516165-57517159	994	57516165	2	day7;day21	yes	0.29	0.0693	no		yes	ELAVL1;PTBP1;QKI	ELAVL1:3.87e-05;PTBP1:7.93e-05;QKI:7.93e-05	yes	354	0.3849	C	yes	absent	ok_pending_P3	27	<50
1794	ENSMUST00000069557.13|ENSMUSG00000021540|Smad5	Smad5	chr13	+	56737776-56742377	4601	56737475-56737776	301	56737776	2	day1;day3	yes	0.29	0.0447	no		yes	ELAVL1;HNRNPA2B1;NOVA1;NOVA2;PTBP1;QKI;TARDBP	ELAVL1:8.86e-06;HNRNPA2B1:1.20e-05;NOVA1:2.96e-05;NOVA2:2.95e-05;PTBP1:4.03e-06;QKI:5.43e-05;TARDBP:3.13e-05	yes	3271	0.2033	C	no	absent	ok_pending_P3	44	<50
6305	ENSMUST00000046659.13|ENSMUSG00000042388|Dlgap3	Dlgap3	chr4	+	127236770-127237022	252	127236365-127236770	405	127236770	2	day7;day60	yes	0.285	0.074	no		yes	ELAVL1;HNRNPA2B1;NOVA1;NOVA2;PTBP1	ELAVL1:2.96e-05;HNRNPA2B1:1.23e-06;NOVA1:2.96e-05;NOVA2:2.96e-05;PTBP1:5.47e-06	yes	249	0.8324	C	yes	absent	ok_pending_P3	192	<200
17	ENSMUST00000038213.13|ENSMUSG00000019790|Stxbp5	Stxbp5	chr10	-	9755546-9760039	4493	9760039-9760915	876	9760039	2	day1;day7	yes	0.28	0.0392	no		yes	ELAVL1;HNRNPA2B1;NOVA1;NOVA2;PTBP1;QKI;TARDBP	ELAVL1:1.27e-05;HNRNPA2B1:1.20e-05;NOVA1:5.43e-05;NOVA2:2.83e-05;PTBP1:1.79e-05;QKI:7.93e-05;TARDBP:1.79e-05	yes	3970	0.5378	C	yes	absent	ok_pending_P3	50	<200
4791	ENSMUST00000077977.13|ENSMUSG00000026858|Miga2	Miga2	chr2	+	30385115-30385521	406	30384132-30385115	983	30385115	2	day7;day21	yes	0.28	0.0802	no		yes	ELAVL1;NOVA2;PTBP1	ELAVL1:8.86e-06;NOVA2:3.85e-05;PTBP1:3.12e-05	yes	198	0.1116	C	yes	absent	ok_pending_P3	273	<500
7586	ENSMUST00000064910.6|ENSMUSG00000030224|Strap	Strap	chr6	+	137750951-137751932	981	137750609-137750951	342	137750951	2	day7;day21	yes	0.28	0.0297	no		yes	ELAVL1;HNRNPA2B1;NOVA1;NOVA2;PTBP1;QKI	ELAVL1:3.80e-06;HNRNPA2B1:1.98e-05;NOVA1:5.43e-05;NOVA2:5.35e-05;PTBP1:5.23e-06;QKI:7.93e-05	yes	639	0.1903	C	no	absent	ok_pending_P3	18	<50
5326	ENSMUST00000109486.8|ENSMUSG00000027652|Ralgapb	Ralgapb	chr2	+	158496028-158499253	3225	158495641-158496028	387	158496028	2	day1;day7	yes	0.275	0.0446	no		yes	ELAVL1;HNRNPA2B1;NOVA2;PTBP1;TARDBP	ELAVL1:2.01e-05;HNRNPA2B1:1.98e-05;NOVA2:5.35e-05;PTBP1:1.29e-05;TARDBP:5.30e-05	yes	2430	0.3341	C	yes	absent	ok_pending_P3	5	<50
1036	ENSMUST00000078694.12|ENSMUSG00000061718|Ppp1r1b	Ppp1r1b	chr11	+	98357499-98357796	297	98357067-98357499	432	98357499	2	day21;day60	yes	0.275	0.028	no		yes	ELAVL1;PTBP1	ELAVL1:9.66e-05;PTBP1:1.83e-06	yes	257	0.4945	C	no	absent	ok_pending_P3	245	<500
3959	ENSMUST00000025714.8|ENSMUSG00000024800|Rpp30	Rpp30	chr19	+	36104593-36104777	184	36104442-36104593	151	36104593	2	day7;day21	yes	0.27	0.0603	no		yes	ELAVL1;PTBP1;QKI	ELAVL1:7.84e-05;PTBP1:7.93e-05;QKI:7.93e-05	yes	123	0.0879	C	no	absent	ok_pending_P3	0	<50
5000	ENSMUST00000065797.6|ENSMUSG00000027221|Chst1	Chst1	chr2	+	92614904-92615250	346	92614417-92614904	487	92614904	2	day7;day60	yes	0.27	0.0394	no		yes	ELAVL1;HNRNPA2B1;PTBP1;QKI	ELAVL1:7.93e-05;HNRNPA2B1:7.17e-05;PTBP1:9.76e-06;QKI:7.24e-05	yes	331	0.7669	C	no	absent	ok_pending_P3	132	<200
8854	ENSMUST00000108775.1|ENSMUSG00000001995|Sipa1l2	Sipa1l2	chr8	-	125418062-125418792	730	125418792-125419147	355	125418792	2	day7;day21	yes	0.27	0.0394	no		yes	ELAVL1;NOVA1;PTBP1	ELAVL1:3.87e-05;NOVA1:1.47e-05;PTBP1:9.66e-05	yes	655	0.7228	C	no	absent	ok_pending_P3	68	<200
5500	ENSMUST00000029078.8|ENSMUSG00000027562|Car2	Car2	chr3	+	14900451-14900770	319	14900087-14900451	364	14900451	2	day1;day21	yes	0.26	0.0731	no		yes	PTBP1;TARDBP	PTBP1:2.85e-05;TARDBP:6.51e-05	yes	292	0.6518	C	no	absent	ok_pending_P3	28	<50
1426	ENSMUST00000021362.4|ENSMUSG00000020978|Klhdc2	Klhdc2	chr12	+	69310424-69310687	263	69310273-69310424	151	69310424	2	day3;day7	yes	0.26	0.0974	no		yes	ELAVL1;NOVA2	ELAVL1:3.80e-06;NOVA2:6.23e-05	yes	214	0.1903	C	no	absent	ok_pending_P3	6	<50
1324	ENSMUST00000020947.6|ENSMUSG00000020621|Rdh14	Rdh14	chr12	+	10395337-10395562	225	10395152-10395337	185	10395337	2	day7;day60	yes	0.26	0.0436	no		yes	ELAVL1	ELAVL1:8.86e-06	yes	144	0.1645	C	no	absent	ok_pending_P3	80	<200
4203	ENSMUST00000087521.12|ENSMUSG00000026036|Nif3l1	Nif3l1	chr1	+	58462022-58463456	1434	58461322-58462022	700	58462022	2	day7;day60	yes	0.26	0.0603	no		yes	ELAVL1;HNRNPA2B1;NOVA1;PTBP1;TARDBP	ELAVL1:3.80e-06;HNRNPA2B1:1.86e-05;NOVA1:5.35e-05;PTBP1:2.73e-05;TARDBP:9.09e-07	yes	1200	0.1994	C	no	absent	ok_pending_P3	202	<500
6213	ENSMUST00000074425.12|ENSMUSG00000034210|Efcab14	Efcab14	chr4	+	115775486-115777327	1841	115775200-115775486	286	115775486	2	day7;day21	yes	0.26	0.0235	no		yes	ELAVL1;HNRNPA2B1;NOVA2;PTBP1;QKI;TARDBP	ELAVL1:3.87e-05;HNRNPA2B1:1.20e-05;NOVA2:5.35e-05;PTBP1:2.85e-05;QKI:7.93e-05;TARDBP:5.62e-08	yes	1454	0.4045	C	no	direct	ok_pending_P3	136	<200
8719	ENSMUST00000013304.7|ENSMUSG00000013160|Atp6v0d1	Atp6v0d1	chr8	-	105524464-105524701	237	105524701-105524905	204	105524701	2	day7;day21	yes	0.26	0.0313	no		yes	HNRNPA2B1;PTBP1	HNRNPA2B1:8.45e-05;PTBP1:1.86e-05	yes	200	0.4095	C	no	absent	ok_pending_P3	33	<50
3475	ENSMUST00000050004.2|ENSMUSG00000033107|Rnf125	Rnf125	chr18	+	20983574-20983862	288	20983182-20983574	392	20983574	2	day21;day60	yes	0.26	0.0254	no		yes	PTBP1	PTBP1:3.99e-05	yes	231	0.2076	C	no	absent	ok_pending_P3	2	<50
3738	ENSMUST00000025835.5|ENSMUSG00000024900|Cpt1a	Cpt1a	chr19	+	3385161-3385733	572	3383838-3385161	1323	3385161	2	day7;day21	yes	0.255	0.0392	no		yes	ELAVL1;PTBP1	ELAVL1:7.84e-05;PTBP1:1.47e-05	yes	426	0.3615	C	no	absent	ok_pending_P3	37	<50
8791	ENSMUST00000098362.10|ENSMUSG00000031835|Mbtps1	Mbtps1	chr8	-	119508155-119508462	307	119508462-119508781	319	119508462	2	day7;day21	yes	0.255	0.0325	no		yes	ELAVL1;PTBP1;QKI	ELAVL1:6.00e-06;PTBP1:6.51e-05;QKI:2.85e-05	yes	302	0.8617	C	no	absent	ok_pending_P3	160	<200
1839	ENSMUST00000022102.8|ENSMUSG00000021610|Clptm1l	Clptm1l	chr13	+	73620353-73620605	252	73620114-73620353	239	73620353	2	day21;day60	yes	0.255	0.0446	no		yes	ELAVL1;HNRNPA2B1;NOVA1;PTBP1;TARDBP	ELAVL1:9.66e-05;HNRNPA2B1:5.35e-05;NOVA1:5.35e-05;PTBP1:1.79e-05;TARDBP:2.85e-05	yes	140	0.3268	C	no	absent	ok_pending_P3	3	<50
5892	ENSMUST00000168345.5|ENSMUSG00000091512|Lamtor3	Lamtor3	chr3	+	137928431-137928765	334	137928017-137928431	414	137928431	2	day21;day60	yes	0.255	0.0639	no		yes	ELAVL1;PTBP1	ELAVL1:1.27e-05;PTBP1:3.71e-05	yes	307	0.5434	C	no	absent	ok_pending_P3	66	<200
7335	ENSMUST00000121469.1|ENSMUSG00000052852|Reep1	Reep1	chr6	+	71807949-71810710	2761	71807798-71807949	151	71807949	2	day7;day21	yes	0.25	0.0237	no		yes	ELAVL1;HNRNPA2B1;NOVA1;NOVA2;PTBP1;QKI;TARDBP	ELAVL1:9.66e-05;HNRNPA2B1:8.71e-06;NOVA1:5.35e-05;NOVA2:3.63e-05;PTBP1:5.23e-06;QKI:9.18e-05;TARDBP:8.37e-06	yes	2042	0.3631	C	yes	absent	ok_pending_P3	291	<500
1768	ENSMUST00000135343.1|ENSMUSG00000069227|Gprin1	Gprin1	chr13	-	54736670-54736970	300	54736970-54737663	693	54736970	2	day21;day60	yes	0.25	0.028	no		yes	PTBP1;TARDBP	PTBP1:1.21e-05;TARDBP:6.41e-05	yes	253	0.3526	C	yes	absent	ok_pending_P3	271	<500
3250	ENSMUST00000087200.3|ENSMUSG00000024429|Gnl1	Gnl1	chr17	+	35989156-35989462	306	35988759-35989156	397	35989156	2	day21;day60	yes	0.25	0.0407	no		yes	ELAVL1;TARDBP	ELAVL1:9.05e-05;TARDBP:8.37e-06	yes	212	0.0461	C	yes	absent	ok_pending_P3	64	<200
990	ENSMUST00000041956.13|ENSMUSG00000020859|Spag9	Spag9	chr11	+	94123004-94126085	3081	94122834-94123004	170	94123004	2	day3;day21	yes	0.25	0.0339	no		yes	ELAVL1;HNRNPA2B1;NOVA2;PTBP1;QKI;TARDBP	ELAVL1:3.87e-05;HNRNPA2B1:3.12e-06;NOVA2:3.56e-05;PTBP1:1.20e-05;QKI:1.93e-05;TARDBP:2.85e-05	yes	2525	0.4537	C	no	absent	ok_pending_P3	13	<50
6426	ENSMUST00000030538.4|ENSMUSG00000028757|Ddost	Ddost	chr4	+	138312131-138312628	497	138311980-138312131	151	138312131	2	day7;day21	yes	0.25	0.0478	no		yes	ELAVL1;HNRNPA2B1;NOVA2;PTBP1;QKI;TARDBP	ELAVL1:1.27e-05;HNRNPA2B1:2.76e-05;NOVA2:9.76e-05;PTBP1:4.83e-05;QKI:9.54e-05;TARDBP:6.10e-07	yes	419	0.1076	C	no	absent	ok_pending_P3	25	<50
6687	ENSMUST00000056365.8|ENSMUSG00000050248|Evc2	Evc2	chr5	+	37424845-37425055	210	37424673-37424845	172	37424845	2	day7;day21	yes	0.25	0.0235	no		yes	PTBP1	PTBP1:1.47e-05	yes	109	0.0584	C	no	absent	ok_pending_P3	186	<200
4574	ENSMUST00000194046.1|ENSMUSG00000037872|Ackr1	Ackr1	chr1	-	173331891-173332077	186	173332077-173332228	151	173332077	2	day1;day21	yes	0.245	0.024	no		yes	ELAVL1;HNRNPA2B1;PTBP1	ELAVL1:9.66e-05;HNRNPA2B1:5.35e-05;PTBP1:1.79e-05	yes	155	0.3891	C	yes	absent	ok_pending_P3	203	<500
6016	ENSMUST00000030154.6|ENSMUSG00000028443|Nudt2	Nudt2	chr4	+	41480710-41480926	216	41480559-41480710	151	41480710	2	day1;day60	yes	0.245	0.0527	no		yes	ELAVL1;HNRNPA2B1	ELAVL1:9.05e-05;HNRNPA2B1:4.43e-05	yes	155	0.0733	C	no	absent	ok_pending_P3	181	<200
6131	ENSMUST00000077851.9|ENSMUSG00000028397|Kdm4c	Kdm4c	chr4	+	74405145-74405860	715	74404994-74405145	151	74405145	2	day1;day60	yes	0.245	0.025	no		yes	ELAVL1;HNRNPA2B1;NOVA2;PTBP1;TARDBP	ELAVL1:6.00e-06;HNRNPA2B1:6.07e-05;NOVA2:5.35e-05;PTBP1:1.21e-05;TARDBP:6.51e-05	yes	605	0.699	C	no	absent	ok_pending_P3	611	>=500
4956	ENSMUST00000074262.8|ENSMUSG00000059588|Calcrl	Calcrl	chr2	-	84330625-84332992	2367	84332992-84333456	464	84332992	2	day7;day21	yes	0.245	0.0283	no		yes	ELAVL1;HNRNPA2B1;NOVA1;NOVA2;PTBP1;QKI;TARDBP	ELAVL1:3.80e-06;HNRNPA2B1:2.31e-05;NOVA1:2.99e-05;NOVA2:7.76e-05;PTBP1:7.14e-06;QKI:2.51e-06;TARDBP:3.58e-05	yes	1697	0.2225	C	no	absent	ok_pending_P3	0	<50
7331	ENSMUST00000204436.2|ENSMUSG00000053012|Krcc1	Krcc1	chr6	+	71285074-71285319	245	71284753-71285074	321	71285074	2	day7;day21	yes	0.245	0.0626	no		yes	PTBP1	PTBP1:7.93e-05	yes	239	0.6857	C	no	absent	ok_pending_P3	16	<50
7470	ENSMUST00000032425.6|ENSMUSG00000030286|Emc3	Emc3	chr6	-	113514873-113515218	345	113515218-113515905	687	113515218	2	day7;day60	yes	0.245	0.0464	no		yes	HNRNPA2B1;NOVA1;PTBP1;QKI	HNRNPA2B1:2.99e-05;NOVA1:2.54e-05;PTBP1:3.99e-05;QKI:9.18e-05	yes	219	0.2305	C	no	absent	ok_pending_P3	44	<50
8548	ENSMUST00000002466.8|ENSMUSG00000002393|Nr2f6	Nr2f6	chr8	-	71374126-71374334	208	71374334-71374485	151	71374334	2	day21;day60	yes	0.245	0.074	no		yes	NOVA2	NOVA2:2.78e-05	yes	152	0.1839	C	no	absent	ok_pending_P3	22	<50
103	ENSMUST00000054418.11|ENSMUSG00000019864|Rtn4ip1	Rtn4ip1	chr10	+	43946697-43947862	1165	43946525-43946697	172	43946697	2	day1;day21	yes	0.24	0.0322	no		yes	ELAVL1;HNRNPA2B1;PTBP1;TARDBP	ELAVL1:2.01e-05;HNRNPA2B1:4.43e-05;PTBP1:2.52e-05;TARDBP:2.85e-05	yes	963	0.0772	C	no	absent	ok_pending_P3	28	<50
6852	ENSMUST00000112505.8|ENSMUSG00000029500|Pgam5	Pgam5	chr5	-	110259129-110259453	324	110259453-110260289	836	110259453	2	day1;day7	yes	0.24	0.0848	no		yes	ELAVL1;PTBP1;TARDBP	ELAVL1:1.27e-05;PTBP1:4.03e-06;TARDBP:6.51e-05	yes	306	0.2693	C	no	absent	ok_pending_P3	202	<500
9521	ENSMUST00000114133.8|ENSMUSG00000004221|Ikbkg	Ikbkg	chrX	+	74450092-74453854	3762	74448356-74450092	1736	74450092	2	day1;day21	yes	0.24	0.075	no		yes	ELAVL1;HNRNPA2B1;NOVA1;NOVA2;PTBP1;QKI;TARDBP	ELAVL1:1.83e-07;HNRNPA2B1:5.93e-05;NOVA1:5.35e-05;NOVA2:2.68e-05;PTBP1:4.03e-06;QKI:3.39e-06;TARDBP:1.47e-05	yes	2626	0.0684	C	no	absent	ok_pending_P3	26	<50
7129	ENSMUST00000110677.7|ENSMUSG00000038780|Smurf1	Smurf1	chr5	-	144876494-144879208	2714	144879208-144879359	151	144879208	2	day3;day60	yes	0.24	0.0253	no		yes	ELAVL1;HNRNPA2B1;NOVA2;PTBP1;QKI;TARDBP	ELAVL1:9.66e-05;HNRNPA2B1:1.27e-06;NOVA2:2.95e-05;PTBP1:1.85e-06;QKI:7.93e-05;TARDBP:7.15e-06	yes	1642	0.274	C	no	absent	ok_pending_P3	129	<200
453	ENSMUST00000005826.8|ENSMUSG00000005683|Cs	Cs	chr10	+	128362091-128362479	388	128361129-128362091	962	128362091	2	day7;day21	yes	0.24	0.0322	no		yes	ELAVL1;HNRNPA2B1;PTBP1;TARDBP	ELAVL1:9.05e-05;HNRNPA2B1:9.75e-05;PTBP1:1.86e-05;TARDBP:3.63e-05	yes	357	0.6404	C	no	absent	ok_pending_P3	3	<50
8666	ENSMUST00000053766.13|ENSMUSG00000031751|Amfr	Amfr	chr8	-	93971587-93972189	602	93972189-93973169	980	93972189	2	day7;day21	yes	0.24	0.0456	no		yes	ELAVL1;PTBP1;QKI;TARDBP	ELAVL1:9.05e-05;PTBP1:1.79e-05;QKI:7.93e-05;TARDBP:1.47e-05	yes	442	0.5453	C	no	absent	ok_pending_P3	24	<50
4977	ENSMUST00000111464.7|ENSMUSG00000005505|Kbtbd4	Kbtbd4	chr2	+	90910285-90910561	276	90909874-90910285	411	90910285	2	day21;day60	yes	0.24	0.0805	no		yes	HNRNPA2B1;PTBP1	HNRNPA2B1:9.75e-05;PTBP1:9.66e-05	yes	256	0.5965	C	no	absent	ok_pending_P3	192	<200
5995	ENSMUST00000049357.9|ENSMUSG00000040128|Pnrc1	Pnrc1	chr4	-	33245422-33245735	313	33245735-33246066	331	33245735	2	day21;day60	yes	0.24	0.068	no		yes	ELAVL1;PTBP1;TARDBP	ELAVL1:7.84e-05;PTBP1:2.13e-05;TARDBP:1.47e-05	yes	311	0.8416	C	no	absent	ok_pending_P3	47	<50
3996	ENSMUST00000122375.7|ENSMUSG00000042532|Golga7b	Golga7b	chr19	+	42269030-42270348	1318	42268459-42269030	571	42269030	2	day7;day21	yes	0.235	0.074	no		yes	ELAVL1;HNRNPA2B1;NOVA1;PTBP1;TARDBP	ELAVL1:3.87e-05;HNRNPA2B1:5.99e-06;NOVA1:1.34e-05;PTBP1:2.02e-05;TARDBP:5.62e-08	yes	705	0.0865	C	yes	absent	ok_pending_P3	69	<200
8105	ENSMUST00000141116.1|ENSMUSG00000043866|Taf10	Taf10	chr7	-	105739392-105740770	1378	105740770-105742976	2206	105740770	2	day21;day60	yes	0.235	0.0834	no		yes	ELAVL1;HNRNPA2B1;NOVA1;NOVA2;PTBP1;TARDBP	ELAVL1:3.87e-05;HNRNPA2B1:1.86e-05;NOVA1:5.35e-05;NOVA2:1.24e-05;PTBP1:1.20e-05;TARDBP:1.13e-05	yes	937	0.2614	C	no	absent	ok_pending_P3	1056	>=500
1144	ENSMUST00000058438.8|ENSMUSG00000049354|Dcaf7	Dcaf7	chr11	+	106055003-106059324	4321	106054852-106055003	151	106055003	2	day7;day21	yes	0.23	0.024	no		yes	ELAVL1;HNRNPA2B1;NOVA1;NOVA2;PTBP1;QKI;TARDBP	ELAVL1:7.84e-05;HNRNPA2B1:1.98e-05;NOVA1:9.54e-05;NOVA2:5.84e-06;PTBP1:3.80e-06;QKI:3.75e-05;TARDBP:1.79e-05	yes	2742	0.2506	C	yes	absent	ok_pending_P3	101	<200
4399	ENSMUST00000027602.14|ENSMUSG00000026356|Dars	Dars	chr1	-	128363706-128363962	256	128363962-128364236	274	128363962	2	day1;day60	yes	0.23	0.0824	no		yes	PTBP1	PTBP1:1.20e-05	yes	216	0.3944	C	no	absent	ok_pending_P3	171	<200
4732	ENSMUST00000028311.12|ENSMUSG00000026942|Traf2	Traf2	chr2	-	25517981-25519070	1089	25519070-25519412	342	25519070	2	day1;day7	yes	0.23	0.0301	no		yes	HNRNPA2B1;NOVA2;PTBP1;QKI;TARDBP	HNRNPA2B1:1.86e-05;NOVA2:8.03e-05;PTBP1:3.80e-06;QKI:9.18e-05;TARDBP:3.58e-05	yes	744	0.178	C	no	absent	ok_pending_P3	222	<500
6196	ENSMUST00000079213.5|ENSMUSG00000063800|Prpf38a	Prpf38a	chr4	-	108564869-108565076	207	108565076-108565227	151	108565076	2	day1;day21	yes	0.23	0.0257	no		yes	ELAVL1;HNRNPA2B1;PTBP1	ELAVL1:9.66e-05;HNRNPA2B1:9.75e-05;PTBP1:1.79e-05	yes	160	0.2551	C	no	absent	ok_pending_P3	83	<200
1503	ENSMUST00000085192.6|ENSMUSG00000021238|Aldh6a1	Aldh6a1	chr12	-	84430716-84432295	1579	84432295-84432446	151	84432295	2	day7;day21	yes	0.23	0.0254	no		yes	ELAVL1;HNRNPA2B1;NOVA1;PTBP1;QKI;TARDBP	ELAVL1:9.66e-05;HNRNPA2B1:3.39e-05;NOVA1:1.47e-05;PTBP1:8.37e-06;QKI:2.85e-05;TARDBP:2.23e-05	yes	1252	0.2617	C	no	absent	ok_pending_P3	2	<50
5390	ENSMUST00000125544.2|ENSMUSG00000089739|Gm20431	Gm20431	chr2	-	167607849-167608187	338	167608187-167609103	916	167608187	2	day7;day60	yes	0.23	0.0928	no		yes	HNRNPA2B1;NOVA2	HNRNPA2B1:8.71e-06;NOVA2:3.21e-05	yes	306	0.5324	C	no	absent	ok_pending_P3	362	<500
8818	ENSMUST00000014614.3|ENSMUSG00000014470|Rnf166	Rnf166	chr8	-	122466146-122466781	635	122466781-122467171	390	122466781	2	day7;day60	yes	0.23	0.0718	no		yes	ELAVL1;PTBP1;TARDBP	ELAVL1:9.05e-05;PTBP1:6.13e-07;TARDBP:1.75e-05	yes	346	0.3461	C	no	absent	ok_pending_P3	659	>=500
9189	ENSMUST00000034904.13|ENSMUSG00000032349|Elovl5	Elovl5	chr9	+	77982956-77984519	1563	77982805-77982956	151	77982956	2	day7;day21	yes	0.23	0.0235	no		yes	ELAVL1;HNRNPA2B1;NOVA2;PTBP1;QKI;TARDBP	ELAVL1:6.00e-06;HNRNPA2B1:1.86e-05;NOVA2:5.35e-05;PTBP1:1.21e-05;QKI:2.54e-05;TARDBP:5.62e-08	yes	1462	0.749	C	no	direct	ok_pending_P3	867	>=500
4302	ENSMUST00000027425.15|ENSMUSG00000026223|Itm2c	Itm2c	chr1	+	85908364-85908675	311	85907635-85908364	729	85908364	2	day21;day60	yes	0.23	0.0731	no		yes	PTBP1;TARDBP	PTBP1:1.47e-05;TARDBP:1.79e-05	yes	196	0.3154	C	no	absent	ok_pending_P3	1	<50
3623	ENSMUST00000025385.6|ENSMUSG00000024507|Hsd17b4	Hsd17b4	chr18	+	50196092-50196269	177	50195941-50196092	151	50196092	2	day1;day7	yes	0.225	0.0682	no		yes	ELAVL1;PTBP1	ELAVL1:9.05e-05;PTBP1:9.66e-05	yes	140	0.3895	C	no	absent	ok_pending_P3	9	<50
3012	ENSMUST00000155364.7|ENSMUSG00000023861|Mpc1	Mpc1	chr17	+	8297406-8297661	255	8297159-8297406	247	8297406	2	day7;day60	yes	0.225	0.0678	no		yes	PTBP1	PTBP1:9.66e-05	yes	211	0.4335	C	no	absent	ok_pending_P3	242	<500
4743	ENSMUST00000114100.9|ENSMUSG00000026927|Entr1	Entr1	chr2	-	26382801-26383091	290	26383091-26383600	509	26383091	2	day7;day21	yes	0.225	0.0603	no		yes	ELAVL1;PTBP1;QKI;TARDBP	ELAVL1:2.01e-05;PTBP1:8.37e-06;QKI:6.39e-06;TARDBP:2.11e-06	yes	162	0.0568	C	no	absent	ok_pending_P3	261	<500
617	ENSMUST00000049519.3|ENSMUSG00000046879|Irgm1	Irgm1	chr11	-	48865244-48865559	315	48865559-48865803	244	48865559	2	day21;day60	yes	0.225	0.0423	no		yes	ELAVL1;NOVA2;PTBP1	ELAVL1:1.83e-07;NOVA2:6.23e-05;PTBP1:1.21e-05	yes	138	0.2392	C	no	absent	ok_pending_P3	336	<500
388	ENSMUST00000068233.10|ENSMUSG00000054934|Kcnmb4	Kcnmb4	chr10	-	116417860-116418067	207	116418067-116418240	173	116418067	2	day21;day60	yes	0.22	0.0271	no		yes	NOVA2;PTBP1;QKI	NOVA2:7.13e-06;PTBP1:9.66e-05;QKI:3.75e-05	yes	189	0.6688	C	yes	absent	ok_pending_P3	169	<200
6314	ENSMUST00000095807.9|ENSMUSG00000028785|Hpca	Hpca	chr4	-	129111569-129111910	341	129111910-129112430	520	129111910	2	day21;day60	yes	0.22	0.0803	no		yes	HNRNPA2B1;PTBP1;TARDBP	HNRNPA2B1:7.45e-05;PTBP1:3.71e-05;TARDBP:5.62e-08	yes	270	0.2656	C	yes	absent	ok_pending_P3	360	<500
878	ENSMUST00000073705.11|ENSMUSG00000037750|Fam222b	Fam222b	chr11	+	78155822-78156700	878	78155300-78155822	522	78155822	2	day1;day21	yes	0.22	0.0253	no		yes	ELAVL1;HNRNPA2B1;NOVA1;PTBP1;TARDBP	ELAVL1:9.66e-05;HNRNPA2B1:5.93e-05;NOVA1:1.34e-05;PTBP1:7.34e-05;TARDBP:2.72e-05	yes	711	0.5346	C	no	absent	ok_pending_P3	22	<50
2926	ENSMUST00000231259.1|ENSMUSG00000004843|Chmp2b	Chmp2b	chr16	-	65539127-65539510	383	65539510-65540142	632	65539510	2	day7;day60	yes	0.22	0.0626	no		yes	ELAVL1;PTBP1	ELAVL1:9.66e-05;PTBP1:1.01e-05	yes	290	0.2609	C	no	absent	ok_pending_P3	165	<200
786	ENSMUST00000164359.7|ENSMUSG00000078812|Eif5a	Eif5a	chr11	-	69916713-69916999	286	69916999-69917441	442	69916999	2	day21;day60	yes	0.22	0.074	no		yes	ELAVL1;NOVA1;NOVA2;PTBP1	ELAVL1:2.96e-05;NOVA1:2.96e-05;NOVA2:2.96e-05;PTBP1:1.47e-05	yes	275	0.8609	C	no	absent	ok_pending_P3	10	<50
8321	ENSMUST00000003038.11|ENSMUSG00000002957|Ap2a2	Ap2a2	chr7	+	141631594-141633011	1417	141631366-141631594	228	141631594	2	day3;day7	yes	0.215	0.0722	no		yes	ELAVL1;HNRNPA2B1;NOVA2;PTBP1;TARDBP	ELAVL1:9.66e-05;HNRNPA2B1:8.71e-06;NOVA2:9.53e-05;PTBP1:1.47e-05;TARDBP:1.05e-05	yes	652	0.0288	C	yes	absent	ok_pending_P3	25	<50
7836	ENSMUST00000211945.1|ENSMUSG00000019194|Scn1b	Scn1b	chr7	-	31116523-31116755	232	31116755-31117231	476	31116755	2	day7;day21	yes	0.215	0.0253	no		yes	PTBP1	PTBP1:2.73e-05	yes	216	0.7325	C	yes	absent	ok_pending_P3	255	<500
757	ENSMUST00000065040.12|ENSMUSG00000052921|Arhgef15	Arhgef15	chr11	-	68943154-68944410	1256	68944410-68944680	270	68944410	2	day3;day21	yes	0.215	0.0254	no		yes	ELAVL1;NOVA1;NOVA2;PTBP1;QKI;TARDBP	ELAVL1:7.93e-05;NOVA1:1.47e-05;NOVA2:6.23e-05;PTBP1:1.47e-05;QKI:2.99e-05;TARDBP:5.62e-08	yes	646	0.0365	C	no	absent	ok_pending_P3	245	<500
7453	ENSMUST00000032191.15|ENSMUSG00000030101|Sumf1	Sumf1	chr6	-	108107027-108108081	1054	108108081-108108478	397	108108081	2	day3;day21	yes	0.215	0.0297	no		yes	PTBP1;QKI;TARDBP	PTBP1:1.47e-05;QKI:4.72e-05;TARDBP:5.35e-05	yes	932	0.3935	C	no	absent	ok_pending_P3	688	>=500
5645	ENSMUST00000005017.14|ENSMUSG00000004897|Hdgf	Hdgf	chr3	+	87915464-87916132	668	87914905-87915464	559	87915464	2	day7;day21	yes	0.215	0.0626	no		yes	NOVA2;PTBP1	NOVA2:1.27e-05;PTBP1:2.73e-05	yes	594	0.5289	C	no	absent	ok_pending_P3	44	<50
6845	ENSMUST00000063272.12|ENSMUSG00000013495|Tmem175	Tmem175	chr5	+	108647008-108648782	1774	108646502-108647008	506	108647008	2	day7;day21	yes	0.215	0.0639	no		yes	ELAVL1;HNRNPA2B1;NOVA1;NOVA2;PTBP1;QKI;TARDBP	ELAVL1:2.96e-05;HNRNPA2B1:9.80e-05;NOVA1:2.96e-05;NOVA2:2.96e-05;PTBP1:1.47e-05;QKI:8.56e-07;TARDBP:4.38e-06	yes	993	0.0506	C	no	absent	ok_pending_P3	136	<200
9524	ENSMUST00000033541.4|ENSMUSG00000031198|Fundc2	Fundc2	chrX	+	75394600-75396459	1859	75394384-75394600	216	75394600	2	day3;day7	yes	0.21	0.0313	no		yes	ELAVL1;HNRNPA2B1;NOVA2;PTBP1;QKI;TARDBP	ELAVL1:3.87e-05;HNRNPA2B1:9.75e-05;NOVA2:9.53e-05;PTBP1:9.29e-06;QKI:1.11e-05;TARDBP:5.35e-05	yes	1296	0.1046	C	no	absent	ok_pending_P3	67	<200
1227	ENSMUST00000106391.7|ENSMUSG00000015869|Prpsap1	Prpsap1	chr11	-	116470844-116471103	259	116471103-116471399	296	116471103	2	day21;day60	yes	0.21	0.024	no		yes	HNRNPA2B1;PTBP1	HNRNPA2B1:9.75e-05;PTBP1:5.73e-05	yes	115	0.1127	C	no	absent	ok_pending_P3	167	<200
1484	ENSMUST00000094693.10|ENSMUSG00000021134|Srsf5	Srsf5	chr12	+	80950242-80950507	265	80949975-80950242	267	80950242	2	day21;day60	yes	0.21	0.0568	no		yes	ELAVL1	ELAVL1:9.05e-05	yes	261	0.8585	C	no	absent	ok_pending_P3	0	<50
3784	ENSMUST00000025774.10|ENSMUSG00000024853|Sf3b2	Sf3b2	chr19	-	5273931-5274186	255	5274186-5274458	272	5274186	2	day21;day60	yes	0.21	0.083	no		yes	PTBP1;TARDBP	PTBP1:2.37e-05;TARDBP:5.62e-08	yes	196	0.3019	C	no	absent	ok_pending_P3	68	<200
6653	ENSMUST00000019109.7|ENSMUSG00000018965|Ywhah	Ywhah	chr5	+	33027677-33027966	289	33027192-33027677	485	33027677	2	day21;day60	yes	0.21	0.0781	no		yes	ELAVL1;PTBP1	ELAVL1:3.87e-05;PTBP1:1.47e-05	yes	289	0.9773	C	no	absent	ok_pending_P3	280	<500
2610	ENSMUST00000109150.8|ENSMUSG00000003352|Cacnb3	Cacnb3	chr15	+	98644240-98644529	289	98643568-98644240	672	98644240	2	day1;day21	yes	0.205	0.068	no		yes	HNRNPA2B1;PTBP1;TARDBP	HNRNPA2B1:4.43e-05;PTBP1:1.21e-05;TARDBP:3.58e-05	yes	267	0.5816	C	yes	absent	ok_pending_P3	106	<200
6671	ENSMUST00000049545.6|ENSMUSG00000045318|Adra2c	Adra2c	chr5	+	35281510-35281763	253	35281259-35281510	251	35281510	2	day7;day60	yes	0.205	0.0361	no		yes	PTBP1	PTBP1:3.63e-06	yes	183	0.3883	C	yes	absent	ok_pending_P3	228	<500
1183	ENSMUST00000106616.1|ENSMUSG00000041598|Cdc42ep4	Cdc42ep4	chr11	-	113726849-113728057	1208	113728057-113728516	459	113728057	2	day1;day7	yes	0.205	0.0313	no		yes	ELAVL1;HNRNPA2B1;NOVA1;PTBP1;QKI;TARDBP	ELAVL1:9.66e-05;HNRNPA2B1:4.19e-05;NOVA1:1.47e-05;PTBP1:2.13e-05;QKI:7.24e-05;TARDBP:6.10e-07	yes	748	0.0924	C	no	absent	ok_pending_P3	1098	>=500
2048	ENSMUST00000045905.13|ENSMUSG00000037712|Fermt2	Fermt2	chr14	-	45458794-45459424	630	45459424-45459852	428	45459424	2	day1;day21	yes	0.205	0.0435	no		yes	ELAVL1;NOVA1;NOVA2;PTBP1	ELAVL1:9.05e-05;NOVA1:5.43e-05;NOVA2:2.95e-05;PTBP1:5.23e-05	yes	617	0.821	C	no	absent	ok_pending_P3	8	<50
3752	ENSMUST00000046094.5|ENSMUSG00000040385|Ppp1ca	Ppp1ca	chr19	+	4195240-4195420	180	4195089-4195240	151	4195240	2	day21;day60	yes	0.205	0.0253	no		yes	ELAVL1;HNRNPA2B1;PTBP1	ELAVL1:9.05e-05;HNRNPA2B1:1.30e-05;PTBP1:5.70e-05	yes	164	0.6032	C	no	absent	ok_pending_P3	1	<50
7543	ENSMUST00000180095.3|ENSMUSG00000030120|Mlf2	Mlf2	chr6	+	124935944-124936145	201	124935417-124935944	527	124935944	2	day1;day7	yes	0.2	0.0694	no		yes	PTBP1	PTBP1:7.14e-05	yes	153	0.5112	C	no	absent	ok_pending_P3	57	<200
6190	ENSMUST00000030340.14|ENSMUSG00000028603|Scp2	Scp2	chr4	-	108043838-108044505	667	108044505-108044752	247	108044505	2	day21;day60	yes	0.2	0.0861	no		yes	ELAVL1;HNRNPA2B1;NOVA1;NOVA2;PTBP1;TARDBP	ELAVL1:2.96e-05;HNRNPA2B1:9.75e-05;NOVA1:2.96e-05;NOVA2:2.96e-05;PTBP1:1.85e-06;TARDBP:6.51e-05	yes	539	0.4073	C	no	absent	ok_pending_P3	334	<500
167	ENSMUST00000064656.7|ENSMUSG00000037855|Zfp365	Zfp365	chr10	-	67886102-67887802	1700	67887802-67888832	1030	67887802	2	day21;day60	yes	0.195	0.0253	no		yes	ELAVL1;HNRNPA2B1;PTBP1;QKI;TARDBP	ELAVL1:6.00e-06;HNRNPA2B1:7.65e-05;PTBP1:1.20e-05;QKI:2.85e-05;TARDBP:5.62e-08	yes	1428	0.4492	C	yes	absent	ok_pending_P3	200	<500
4190	ENSMUST00000027123.14|ENSMUSG00000025980|Hspd1	Hspd1	chr1	-	55077834-55078093	259	55078093-55078290	197	55078093	2	day21;day60	yes	0.195	0.063	no		yes	ELAVL1;NOVA2	ELAVL1:9.66e-05;NOVA2:5.35e-05	yes	259	0.9642	C	no	absent	ok_pending_P3	13	<50
8765	ENSMUST00000210390.1|ENSMUSG00000109941|Exosc6	Exosc6	chr8	+	111057383-111057664	281	111057189-111057383	194	111057383	2	day21;day60	yes	0.195	0.0731	no		yes	PTBP1	PTBP1:5.73e-05	yes	183	0.0298	C	no	absent	ok_pending_P3	10	<50
6498	ENSMUST00000080926.12|ENSMUSG00000063524|Eno1	Eno1	chr4	+	150248703-150248879	176	150248552-150248703	151	150248703	2	day7;day60	yes	0.19	0.0707	no		yes	PTBP1;TARDBP	PTBP1:2.52e-05;TARDBP:6.51e-05	yes	129	0.1565	C	no	absent	ok_pending_P3	173	<200
266	ENSMUST00000179341.1|ENSMUSG00000035242|Oaz1	Oaz1	chr10	+	80829076-80829285	209	80828912-80829076	164	80829076	2	day21;day60	yes	0.19	0.0967	no		yes	ELAVL1;NOVA2	ELAVL1:7.84e-05;NOVA2:6.23e-05	yes	179	0.6109	C	no	absent	ok_pending_P3	8	<50
4436	ENSMUST00000047978.8|ENSMUSG00000042229|Rabif	Rabif	chr1	+	134507614-134508774	1160	134506318-134507614	1296	134507614	2	day1;day3	yes	0.185	0.0253	no		yes	ELAVL1;HNRNPA2B1;NOVA2;PTBP1;TARDBP	ELAVL1:3.80e-06;HNRNPA2B1:5.93e-05;NOVA2:5.35e-05;PTBP1:5.47e-06;TARDBP:2.85e-05	yes	879	0.0802	C	no	absent	ok_pending_P3	207	<500
6306	ENSMUST00000142029.1|ENSMUSG00000042380|Smim12	Smim12	chr4	+	127247515-127247809	294	127247183-127247515	332	127247515	2	day1;day21	yes	0.185	0.0394	no		yes	HNRNPA2B1;PTBP1	HNRNPA2B1:9.43e-05;PTBP1:7.14e-05	yes	209	0.1853	C	no	absent	ok_pending_P3	32	<50
8727	ENSMUST00000008594.8|ENSMUSG00000008450|Nutf2	Nutf2	chr8	+	105879131-105879330	199	105878915-105879131	216	105879131	2	day1;day7	yes	0.185	0.0738	no		yes	ELAVL1;NOVA2	ELAVL1:7.84e-05;NOVA2:5.35e-05	yes	199	0.8862	C	no	absent	ok_pending_P3	197	<200
6647	ENSMUST00000076264.7|ENSMUSG00000062761|Zfp512	Zfp512	chr5	+	31480405-31481754	1349	31480254-31480405	151	31480405	2	day7;day21	yes	0.185	0.0253	no		yes	NOVA1;PTBP1;QKI;TARDBP	NOVA1:2.54e-05;PTBP1:1.21e-05;QKI:7.24e-05;TARDBP:6.10e-07	yes	1191	0.4814	C	no	absent	ok_pending_P3	1	<50
6988	ENSMUST00000049040.13|ENSMUSG00000037905|Bri3bp	Bri3bp	chr5	+	125454933-125460370	5437	125454750-125454933	183	125454933	2	day7;day21	yes	0.18	0.0441	no		yes	ELAVL1;HNRNPA2B1;NOVA1;NOVA2;PTBP1;TARDBP	ELAVL1:8.86e-06;HNRNPA2B1:1.23e-06;NOVA1:2.96e-05;NOVA2:4.14e-06;PTBP1:3.80e-06;TARDBP:6.10e-07	yes	4404	0.1738	C	yes	absent	ok_pending_P3	10	<50
6550	ENSMUST00000052185.4|ENSMUSG00000050796|B3galt6	B3galt6	chr4	-	155989465-155990956	1491	155990956-155991641	685	155990956	2	day1;day7	yes	0.18	0.0659	no		yes	ELAVL1;HNRNPA2B1;NOVA1;PTBP1;TARDBP	ELAVL1:2.01e-05;HNRNPA2B1:1.11e-06;NOVA1:1.47e-05;PTBP1:3.12e-05;TARDBP:9.09e-07	yes	1401	0.1861	C	no	absent	ok_pending_P3	85	<200
8944	ENSMUST00000166335.1|ENSMUSG00000013822|Elof1	Elof1	chr9	-	22112988-22113228	240	22113228-22113546	318	22113228	2	day1;day60	yes	0.18	0.0407	no		yes	ELAVL1;HNRNPA2B1;NOVA1;TARDBP	ELAVL1:7.93e-05;HNRNPA2B1:8.71e-06;NOVA1:1.02e-07;TARDBP:9.40e-05	yes	148	0.0797	C	no	absent	ok_pending_P3	262	<500
7686	ENSMUST00000075845.10|ENSMUSG00000058230|Arhgap35	Arhgap35	chr7	-	16493718-16495184	1466	16495184-16497655	2471	16495184	2	day1;day7	yes	0.175	0.0364	no		yes	ELAVL1;NOVA2;PTBP1;QKI;TARDBP	ELAVL1:7.84e-05;NOVA2:4.46e-05;PTBP1:1.47e-05;QKI:7.93e-05;TARDBP:7.15e-06	yes	1380	0.4498	C	yes	absent	ok_pending_P3	100	<200
5319	ENSMUST00000109526.1|ENSMUSG00000067786|Nnat	Nnat	chr2	+	157562177-157562522	345	157561631-157562177	546	157562177	2	day1;day21	yes	0.175	0.0438	no		yes	ELAVL1;PTBP1	ELAVL1:6.00e-06;PTBP1:6.22e-05	yes	337	0.7976	C	no	absent	ok_pending_P3	101	<200
1306	ENSMUST00000021001.9|ENSMUSG00000020671|Rab10	Rab10	chr12	-	3247427-3249454	2027	3249454-3249789	335	3249454	2	day3;day60	yes	0.175	0.0487	no		yes	ELAVL1;HNRNPA2B1;NOVA2;PTBP1;TARDBP	ELAVL1:1.27e-05;HNRNPA2B1:4.43e-05;NOVA2:2.01e-05;PTBP1:1.29e-05;TARDBP:5.04e-05	yes	1985	0.8333	C	no	absent	ok_pending_P3	9	<50
5202	ENSMUST00000028727.10|ENSMUSG00000027273|Snap25	Snap25	chr2	+	136782103-136782428	325	136781140-136782103	963	136782103	2	day3;day21	yes	0.175	0.028	no		yes	ELAVL1;NOVA1;PTBP1;TARDBP	ELAVL1:3.87e-05;NOVA1:3.56e-06;PTBP1:6.22e-05;TARDBP:9.40e-05	yes	325	0.9898	C	no	absent	ok_pending_P3	87	<200
3021	ENSMUST00000079121.3|ENSMUSG00000057388|Mrpl18	Mrpl18	chr17	-	12911348-12911529	181	12911529-12911680	151	12911529	2	day7;day60	yes	0.175	0.0576	no		yes	NOVA1;TARDBP	NOVA1:1.47e-05;TARDBP:1.47e-05	yes	96	0.0408	C	no	absent	ok_pending_P3	5	<50
7197	ENSMUST00000090511.3|ENSMUSG00000029708|Gcc1	Gcc1	chr6	-	28416090-28416878	788	28416878-28417998	1120	28416878	2	day7;day21	yes	0.175	0.0757	no		yes	ELAVL1;NOVA2;PTBP1;TARDBP	ELAVL1:9.05e-05;NOVA2:7.76e-05;PTBP1:5.47e-06;TARDBP:9.09e-07	yes	531	0.0567	C	no	absent	ok_pending_P3	8	<50
5401	ENSMUST00000154650.7|ENSMUSG00000013523|Bcas1	Bcas1	chr2	-	170346990-170347401	411	170347401-170348076	675	170347401	2	day1;day21	yes	0.17	0.0313	no		yes	ELAVL1;NOVA1;PTBP1	ELAVL1:9.05e-05;NOVA1:2.54e-05;PTBP1:1.79e-05	yes	386	0.6143	C	yes	absent	ok_pending_P3	48	<50
1095	ENSMUST00000001347.6|ENSMUSG00000001313|Rnd2	Rnd2	chr11	+	101471590-101471853	263	101471303-101471590	287	101471590	2	day1;day60	yes	0.17	0.0788	no		yes	PTBP1;QKI	PTBP1:7.34e-05;QKI:2.85e-05	yes	177	0.2504	C	no	absent	ok_pending_P3	137	<200
2343	ENSMUST00000074043.6|ENSMUSG00000037465|Klf10	Klf10	chr15	-	38294412-38295624	1212	38295624-38295907	283	38295624	2	day3;day21	yes	0.17	0.0288	no		yes	ELAVL1;PTBP1	ELAVL1:7.84e-05;PTBP1:1.83e-06	yes	1041	0.4549	C	no	absent	ok_pending_P3	231	<500
7471	ENSMUST00000035725.6|ENSMUSG00000033940|Brk1	Brk1	chr6	+	113616561-113616951	390	113616088-113616561	473	113616561	2	day7;day60	yes	0.17	0.0775	no		yes	NOVA1;PTBP1	NOVA1:5.35e-05;PTBP1:9.66e-05	yes	315	0.392	C	no	absent	ok_pending_P3	15	<50
7841	ENSMUST00000108074.7|ENSMUSG00000066571|4931406P16Rik	4931406P16Rik	chr7	-	34236706-34237890	1184	34237890-34238931	1041	34237890	2	day7;day60	yes	0.17	0.0313	no		yes	ELAVL1;PTBP1;QKI;TARDBP	ELAVL1:7.84e-05;PTBP1:5.70e-05;QKI:2.85e-05;TARDBP:9.09e-07	yes	1157	0.8445	C	no	absent	ok_pending_P3	13	<50
9434	ENSMUST00000000804.6|ENSMUSG00000000787|Ddx3x	Ddx3x	chrX	+	13292374-13294052	1678	13291489-13292374	885	13292374	2	day7;day21	yes	0.17	0.0832	no		yes	ELAVL1;PTBP1;QKI;TARDBP	ELAVL1:7.84e-05;PTBP1:9.66e-05;QKI:7.24e-05;TARDBP:8.37e-06	yes	1677	0.9939	C	no	absent	ok_pending_P3	215	<500
7538	ENSMUST00000047510.9|ENSMUSG00000038429|Usp5	Usp5	chr6	-	124815018-124815288	270	124815288-124815568	280	124815288	2	day21;day60	yes	0.17	0.0639	no		yes	PTBP1;TARDBP	PTBP1:1.75e-05;TARDBP:5.62e-08	yes	226	0.4266	C	no	absent	ok_pending_P3	293	<500
3516	ENSMUST00000064795.5|ENSMUSG00000038418|Egr1	Egr1	chr18	+	34864048-34864984	936	34863765-34864048	283	34864048	2	day3;day21	yes	0.165	0.0392	no		yes	ELAVL1;HNRNPA2B1;PTBP1;QKI;TARDBP	ELAVL1:7.84e-05;HNRNPA2B1:7.65e-05;PTBP1:3.63e-06;QKI:6.39e-06;TARDBP:6.51e-05	yes	931	0.9306	C	yes	absent	ok_pending_P3	13	<50
2522	ENSMUST00000143238.1|ENSMUSG00000068099|1500009C09Rik	1500009C09Rik	chr15	+	82260180-82260753	573	82259782-82260180	398	82260180	2	day1;day60	yes	0.165	0.0484	no		yes	HNRNPA2B1;PTBP1;TARDBP	HNRNPA2B1:5.93e-05;PTBP1:3.63e-06;TARDBP:2.85e-05	yes	357	0.1029	C	no	absent	ok_pending_P3	510	>=500
4681	ENSMUST00000071564.13|ENSMUSG00000058594|Fbh1	Fbh1	chr2	-	11742574-11742714	140	11742714-11742865	151	11742714	2	day1;day7	yes	0.165	0.0596	no		yes	ELAVL1;PTBP1	ELAVL1:3.80e-06;PTBP1:9.66e-05	yes	124	0.5139	C	no	absent	constrained	78	<200
6234	ENSMUST00000030439.14|ENSMUSG00000028677|Rnf220	Rnf220	chr4	-	117271462-117271750	288	117271750-117272306	556	117271750	2	day1;day60	yes	0.165	0.0313	no		yes	PTBP1;TARDBP	PTBP1:1.21e-05;TARDBP:3.13e-05	yes	269	0.725	C	no	absent	ok_pending_P3	156	<200
8681	ENSMUST00000077955.5|ENSMUSG00000063605|Ccdc102a	Ccdc102a	chr8	-	94902868-94903113	245	94903113-94903264	151	94903113	2	day1;day7	yes	0.165	0.0661	no		yes	HNRNPA2B1	HNRNPA2B1:7.65e-05	yes	105	0.1062	C	no	absent	ok_pending_P3	211	<500
3723	ENSMUST00000156400.8|ENSMUSG00000024571|Gm16286	Gm16286	chr18	+	80212466-80212741	275	80212152-80212466	314	80212466	2	day7;day60	yes	0.165	0.0542	no		yes	ELAVL1;PTBP1	ELAVL1:3.87e-05;PTBP1:2.02e-05	yes	272	0.4144	C	no	absent	ok_pending_P3	206	<500
3000	ENSMUST00000064234.6|ENSMUSG00000052397|Ezr	Ezr	chr17	-	6738040-6738730	690	6738730-6739305	575	6738730	2	day21;day60	yes	0.165	0.0819	no		yes	ELAVL1;HNRNPA2B1;NOVA1;NOVA2;PTBP1;QKI;TARDBP	ELAVL1:2.96e-05;HNRNPA2B1:6.07e-05;NOVA1:2.96e-05;NOVA2:2.96e-05;PTBP1:1.47e-05;QKI:2.85e-05;TARDBP:5.30e-05	yes	353	0.2247	C	no	absent	ok_pending_P3	136	<200
9344	ENSMUST00000035086.12|ENSMUSG00000032504|Pdcd6ip	Pdcd6ip	chr9	-	113651743-113654601	2858	113654601-113654935	334	113654601	2	day21;day60	yes	0.165	0.0841	no		yes	ELAVL1;HNRNPA2B1;NOVA1;PTBP1;QKI;TARDBP	ELAVL1:2.01e-05;HNRNPA2B1:4.43e-05;NOVA1:4.73e-05;PTBP1:9.30e-06;QKI:8.56e-07;TARDBP:4.38e-06	yes	2288	0.3888	C	no	absent	ok_pending_P3	48	<50
5389	ENSMUST00000109207.9|ENSMUSG00000078923|Ube2v1	Ube2v1	chr2	-	167607637-167608108	471	167608108-167609103	995	167608108	2	day1;day21	yes	0.16	0.0694	no		yes	HNRNPA2B1;PTBP1	HNRNPA2B1:8.71e-06;PTBP1:3.71e-05	yes	457	0.726	C	no	absent	ok_pending_P3	283	<500
6033	ENSMUST00000140546.2|ENSMUSG00000071005|Ccl19	Ccl19	chr4	-	42754530-42754645	115	42754645-42754796	151	42754645	2	day7;day60	yes	0.16	0.0722	no		yes	NOVA2;PTBP1;TARDBP	NOVA2:6.23e-05;PTBP1:5.73e-05;TARDBP:1.29e-05	yes	89	0.1905	C	no	absent	constrained	113331	>=500
7762	ENSMUST00000206832.1|ENSMUSG00000040725|Hnrnpul1	Hnrnpul1	chr7	-	25721164-25721753	589	25721753-25722249	496	25721753	2	day7;day21	yes	0.16	0.0657	no		yes	ELAVL1;NOVA2;PTBP1	ELAVL1:9.05e-05;NOVA2:1.29e-05;PTBP1:7.86e-05	yes	550	0.7238	C	no	absent	ok_pending_P3	36	<50
7537	ENSMUST00000172132.9|ENSMUSG00000023456|Tpi1	Tpi1	chr6	-	124810585-124810931	346	124810931-124811271	340	124810931	2	day21;day60	yes	0.16	0.0308	no		yes	ELAVL1;HNRNPA2B1;PTBP1;TARDBP	ELAVL1:9.66e-05;HNRNPA2B1:7.86e-05;PTBP1:2.52e-05;TARDBP:2.85e-05	yes	255	0.1171	C	no	absent	ok_pending_P3	97	<200
8277	ENSMUST00000033282.4|ENSMUSG00000030983|Bccip	Bccip	chr7	+	133721025-133721145	120	133720874-133721025	151	133721025	2	day21;day60	yes	0.16	0.0657	no		yes	ELAVL1;NOVA1;PTBP1;TARDBP	ELAVL1:1.27e-05;NOVA1:2.54e-05;PTBP1:7.93e-05;TARDBP:1.75e-05	yes	106	0.4651	C	no	absent	constrained	33	<50
1044	ENSMUST00000017365.14|ENSMUSG00000017221|Psmd3	Psmd3	chr11	+	98695759-98695979	220	98695597-98695759	162	98695759	2	day1;day7	yes	0.155	0.028	no		yes	NOVA2	NOVA2:5.35e-05	yes	196	0.4838	C	no	absent	ok_pending_P3	71	<200
487	ENSMUST00000109992.7|ENSMUSG00000020432|Tcn2	Tcn2	chr11	-	3917191-3917420	229	3917420-3917650	230	3917420	2	day21;day60	yes	0.155	0.0253	no		yes	PTBP1	PTBP1:3.71e-05	yes	103	0.0498	C	no	absent	ok_pending_P3	139	<200
1980	ENSMUST00000048016.2|ENSMUSG00000039357|Fut11	Fut11	chr14	+	20699880-20701016	1136	20698355-20699880	1525	20699880	2	day21;day60	yes	0.155	0.0359	no		yes	ELAVL1;HNRNPA2B1;NOVA1;NOVA2;PTBP1;TARDBP	ELAVL1:6.00e-06;HNRNPA2B1:4.19e-05;NOVA1:2.96e-05;NOVA2:2.96e-05;PTBP1:2.96e-05;TARDBP:1.47e-05	yes	892	0.1847	C	no	absent	ok_pending_P3	166	<200
6734	ENSMUST00000031131.10|ENSMUSG00000029223|Uchl1	Uchl1	chr5	+	66687076-66687234	158	66686925-66687076	151	66687076	2	day21;day60	yes	0.155	0.0611	no		yes	ELAVL1;PTBP1;TARDBP	ELAVL1:7.93e-05;PTBP1:3.70e-05;TARDBP:6.41e-05	yes	132	0.5968	C	no	absent	ok_pending_P3	11	<50
7880	ENSMUST00000054343.14|ENSMUSG00000011096|Akt1s1	Akt1s1	chr7	+	44855096-44855421	325	44854732-44855096	364	44855096	2	day21;day60	yes	0.155	0.0479	no		yes	ELAVL1;HNRNPA2B1;NOVA1;NOVA2;PTBP1	ELAVL1:2.96e-05;HNRNPA2B1:8.25e-06;NOVA1:2.96e-05;NOVA2:2.96e-05;PTBP1:4.84e-06	yes	283	0.5192	C	no	absent	ok_pending_P3	17	<50
3816	ENSMUST00000025695.9|ENSMUSG00000024777|Ppp2r5b	Ppp2r5b	chr19	-	6227764-6228031	267	6228031-6228386	355	6228031	2	day7;day60	yes	0.15	0.0369	no		yes	ELAVL1;NOVA2;PTBP1	ELAVL1:8.86e-06;NOVA2:1.27e-05;PTBP1:3.63e-06	yes	259	0.7771	C	yes	absent	ok_pending_P3	238	<500
8836	ENSMUST00000098320.5|ENSMUSG00000031967|Afg3l1	Afg3l1	chr8	+	123501709-123503916	2207	123501345-123501709	364	123501709	2	day1;day21	yes	0.15	0.028	no		yes	ELAVL1;HNRNPA2B1;NOVA1;NOVA2;PTBP1;QKI;TARDBP	ELAVL1:2.01e-05;HNRNPA2B1:8.25e-06;NOVA1:2.96e-05;NOVA2:2.96e-05;PTBP1:1.47e-05;QKI:6.39e-06;TARDBP:5.62e-08	yes	1746	0.149	C	no	absent	ok_pending_P3	290	<500
5549	ENSMUST00000058578.7|ENSMUSG00000049940|Pgrmc2	Pgrmc2	chr3	-	41066325-41067704	1379	41067704-41068629	925	41067704	2	day3;day7	yes	0.15	0.071	no		yes	ELAVL1;PTBP1;TARDBP	ELAVL1:7.93e-05;PTBP1:2.85e-05;TARDBP:9.09e-07	yes	1131	0.4302	C	no	absent	ok_pending_P3	170	<200
2228	ENSMUST00000022595.7|ENSMUSG00000022018|Rgcc	Rgcc	chr14	-	79288755-79288961	206	79288961-79289114	153	79288961	2	day7;day21	yes	0.15	0.0738	no		yes	ELAVL1	ELAVL1:9.66e-05	yes	204	0.869	C	no	absent	ok_pending_P3	2	<50
9391	ENSMUST00000026269.3|ENSMUSG00000025239|Limd1	Limd1	chr9	+	123520454-123521552	1098	123519240-123520454	1214	123520454	2	day7;day21	yes	0.15	0.037	no		yes	ELAVL1;HNRNPA2B1;NOVA1;PTBP1;QKI	ELAVL1:3.87e-05;HNRNPA2B1:8.37e-05;NOVA1:2.54e-05;PTBP1:4.03e-06;QKI:1.51e-05	yes	532	0.0429	C	no	absent	ok_pending_P3	190	<200
6874	ENSMUST00000100874.5|ENSMUSG00000048163|Selplg	Selplg	chr5	-	113818546-113818777	231	113818777-113818992	215	113818777	2	day21;day60	yes	0.145	0.0569	no		yes	PTBP1	PTBP1:1.47e-05	yes	148	0.0435	C	yes	absent	ok_pending_P3	7	<50
6817	ENSMUST00000031249.7|ENSMUSG00000029309|Sparcl1	Sparcl1	chr5	-	104079110-104079337	227	104079337-104079551	214	104079337	2	day1;day7	yes	0.145	0.0768	no		yes	NOVA2	NOVA2:5.35e-05	yes	175	0.2613	C	no	absent	ok_pending_P3	3	<50
4767	ENSMUST00000100244.9|ENSMUSG00000026833|Olfm1	Olfm1	chr2	+	28230346-28230736	390	28229725-28230346	621	28230346	2	day7;day21	yes	0.14	0.0392	no		yes	ELAVL1;PTBP1	ELAVL1:3.80e-06;PTBP1:6.51e-05	yes	338	0.6264	C	yes	absent	ok_pending_P3	4	<50
503	ENSMUST00000009234.15|ENSMUSG00000009090|Ap1b1	Ap1b1	chr11	+	5042368-5042791	423	5041789-5042368	579	5042368	2	day21;day60	yes	0.14	0.0392	no		yes	PTBP1;QKI;TARDBP	PTBP1:3.71e-05;QKI:7.24e-05;TARDBP:9.09e-07	yes	315	0.3959	C	yes	absent	ok_pending_P3	98	<200
5816	ENSMUST00000012348.8|ENSMUSG00000040562|Gstm2	Gstm2	chr3	-	107981701-107981900	199	107981900-107982051	151	107981900	2	day7;day60	yes	0.14	0.0394	no		yes	HNRNPA2B1;PTBP1;QKI;TARDBP	HNRNPA2B1:7.86e-05;PTBP1:7.14e-05;QKI:9.54e-05;TARDBP:1.75e-05	yes	56	0.0016	C	no	absent	ok_pending_P3	214	<500
7533	ENSMUST00000004375.15|ENSMUSG00000004264|Phb2	Phb2	chr6	+	124716781-124716950	169	124716630-124716781	151	124716781	2	day7;day21	yes	0.14	0.0472	no		yes	PTBP1	PTBP1:7.14e-05	yes	143	0.4666	C	no	absent	ok_pending_P3	2	<50
6763	ENSMUST00000046746.9|ENSMUSG00000036256|Igfbp7	Igfbp7	chr5	-	77349239-77349331	92	77349331-77349482	151	77349331	2	day21;day60	yes	0.135	0.0732	no		yes	ELAVL1	ELAVL1:1.27e-05	yes	88	0.6515	C	no	absent	constrained	28	<50
228	ENSMUST00000165704.7|ENSMUSG00000006498|Ptbp1	Ptbp1	chr10	+	79864166-79864771	605	79863274-79864166	892	79864166	2	day1;day21	yes	0.13	0.0446	no		yes	ELAVL1;NOVA1;NOVA2;PTBP1;TARDBP	ELAVL1:2.96e-05;NOVA1:2.96e-05;NOVA2:2.96e-05;PTBP1:8.37e-06;TARDBP:9.40e-05	yes	416	0.2317	C	no	absent	ok_pending_P3	82	<200
2034	ENSMUST00000022322.16|ENSMUSG00000021794|Glud1	Glud1	chr14	+	34344719-34345265	546	34343720-34344719	999	34344719	2	day1;day21	yes	0.13	0.0253	no		yes	ELAVL1;HNRNPA2B1;PTBP1;QKI	ELAVL1:9.05e-05;HNRNPA2B1:7.65e-05;PTBP1:7.93e-05;QKI:7.93e-05	yes	408	0.3562	C	no	absent	ok_pending_P3	158	<200
9546	ENSMUST00000117399.1|ENSMUSG00000031207|Msn	Msn	chrX	+	96167812-96168552	740	96166631-96167812	1181	96167812	2	day3;day21	yes	0.13	0.0294	no		yes	ELAVL1;NOVA1;NOVA2;PTBP1;QKI;TARDBP	ELAVL1:2.96e-05;NOVA1:2.96e-05;NOVA2:2.49e-05;PTBP1:9.29e-06;QKI:5.95e-05;TARDBP:4.38e-06	yes	597	0.481	C	no	absent	ok_pending_P3	127	<200
329	ENSMUST00000020238.13|ENSMUSG00000020048|Hsp90b1	Hsp90b1	chr10	-	86690839-86690953	114	86690953-86691104	151	86690953	2	day21;day60	yes	0.125	0.0485	no		yes	ELAVL1	ELAVL1:2.01e-05	yes	114	1.0	C	yes	absent	constrained	24	<50
5671	ENSMUST00000029684.14|ENSMUSG00000028049|Scamp3	Scamp3	chr3	+	89182593-89182765	172	89182442-89182593	151	89182593	2	day1;day21	yes	0.125	0.0297	no		yes	PTBP1	PTBP1:7.93e-05	yes	151	0.565	C	no	absent	ok_pending_P3	88	<200
8579	ENSMUST00000167290.7|ENSMUSG00000044600|Smim7	Smim7	chr8	-	72565187-72567064	1877	72567064-72567795	731	72567064	2	day3;day7	yes	0.125	0.0749	no		yes	ELAVL1;HNRNPA2B1;NOVA2;PTBP1;QKI;TARDBP	ELAVL1:1.83e-07;HNRNPA2B1:4.43e-05;NOVA2:2.25e-05;PTBP1:9.76e-06;QKI:1.60e-06;TARDBP:9.09e-07	yes	1817	0.1723	C	no	absent	ok_pending_P3	134	<200
241	ENSMUST00000105366.1|ENSMUSG00000003072|Atp5d	Atp5d	chr10	+	80145641-80145812	171	80145490-80145641	151	80145641	2	day7;day60	yes	0.125	0.0338	no		yes	NOVA2	NOVA2:5.35e-05	yes	39	0.0157	C	no	absent	ok_pending_P3	18	<50
2739	ENSMUST00000023453.9|ENSMUSG00000022769|Sdf2l1	Sdf2l1	chr16	-	17130137-17130358	221	17130358-17130509	151	17130358	2	day21;day60	yes	0.125	0.0735	no		yes	ELAVL1;HNRNPA2B1;NOVA1	ELAVL1:9.05e-05;HNRNPA2B1:5.93e-05;NOVA1:9.54e-05	yes	146	0.0752	C	no	absent	ok_pending_P3	47	<50
6235	ENSMUST00000037127.14|ENSMUSG00000033423|Eri3	Eri3	chr4	+	117674052-117674297	245	117673820-117674052	232	117674052	2	day1;day21	yes	0.12	0.0679	no		yes	HNRNPA2B1;PTBP1	HNRNPA2B1:1.98e-05;PTBP1:3.71e-05	yes	236	0.7622	C	no	absent	ok_pending_P3	156	<200
9622	ENSMUST00000033797.12|ENSMUSG00000031422|Morf4l2	Morf4l2	chrX	-	136732941-136733245	304	136733245-136733613	368	136733245	2	day1;day7	yes	0.12	0.0265	no		yes	ELAVL1;PTBP1;TARDBP	ELAVL1:9.05e-05;PTBP1:7.34e-05;TARDBP:6.51e-05	yes	304	0.9656	C	no	absent	ok_pending_P3	306	<500
4444	ENSMUST00000041240.3|ENSMUSG00000041889|Shisa4	Shisa4	chr1	-	135371056-135371458	402	135371458-135371952	494	135371458	2	day7;day60	yes	0.12	0.0768	no		yes	HNRNPA2B1;PTBP1	HNRNPA2B1:2.99e-05;PTBP1:5.47e-06	yes	156	0.0062	C	no	absent	ok_pending_P3	37	<50
4736	ENSMUST00000061483.8|ENSMUSG00000049086|Bmyc	Bmyc	chr2	+	25707586-25707721	135	25707435-25707586	151	25707586	2	day7;day60	yes	0.12	0.0297	no		yes	ELAVL1	ELAVL1:3.87e-05	yes	135	0.7664	C	no	absent	constrained	4	<50
6932	ENSMUST00000201155.1|ENSMUSG00000029614|Rpl6	Rpl6	chr5	+	121208646-121208965	319	121208495-121208646	151	121208646	2	day21;day60	yes	0.12	0.0602	no		yes	PTBP1	PTBP1:7.93e-05	yes	232	0.4844	C	no	absent	ok_pending_P3	298	<500
5126	ENSMUST00000051605.8|ENSMUSG00000027203|Dut	Dut	chr2	+	125257599-125258608	1009	125257410-125257599	189	125257599	2	day3;day7	yes	0.115	0.047	no		yes	ELAVL1;PTBP1;QKI	ELAVL1:7.93e-05;PTBP1:1.20e-05;QKI:7.93e-05	yes	918	0.1653	C	no	absent	ok_pending_P3	16	<50
2165	ENSMUST00000224698.1|ENSMUSG00000022040|Ephx2	Ephx2	chr14	-	66084373-66084533	160	66084533-66084684	151	66084533	2	day7;day21	yes	0.115	0.0313	no		yes	PTBP1;TARDBP	PTBP1:1.79e-05;TARDBP:9.40e-05	yes	87	0.0713	C	no	absent	ok_pending_P3	109	<200
3590	ENSMUST00000192103.1|ENSMUSG00000102918|Pcdhgc3	Pcdhgc3	chr18	+	37808977-37841873	32896	37806781-37808977	2196	37808977	2	day7;day21	yes	0.115	0.0253	no		yes	ELAVL1;HNRNPA2B1;NOVA1;NOVA2;PTBP1;QKI;TARDBP	ELAVL1:3.80e-06;HNRNPA2B1:1.11e-06;NOVA1:3.56e-06;NOVA2:5.02e-06;PTBP1:6.13e-07;QKI:2.16e-06;TARDBP:5.62e-08	yes	22374	0.2636	C	no	absent	ok_pending_P3	758	>=500
152	ENSMUST00000099691.10|ENSMUSG00000037012|Hk1	Hk1	chr10	-	62268854-62269318	464	62269318-62269911	593	62269318	2	day1;day7	yes	0.11	0.0577	no		yes	ELAVL1;HNRNPA2B1;NOVA1;PTBP1	ELAVL1:9.05e-05;HNRNPA2B1:3.38e-05;NOVA1:9.54e-05;PTBP1:4.03e-06	yes	401	0.5223	C	yes	absent	ok_pending_P3	29	<50
6443	ENSMUST00000127833.2|ENSMUSG00000036622|Atp13a2	Atp13a2	chr4	+	141007138-141007330	192	141006987-141007138	151	141007138	2	day7;day21	yes	0.11	0.072	no		yes	NOVA1;PTBP1;QKI	NOVA1:5.35e-05;PTBP1:5.42e-05;QKI:1.11e-05	yes	114	0.1413	C	yes	absent	ok_pending_P3	150	<200
2821	ENSMUST00000117363.8|ENSMUSG00000022538|Lsg1	Lsg1	chr16	-	30560493-30561528	1035	30561528-30561685	157	30561528	2	day1;day7	yes	0.11	0.0812	no		yes	ELAVL1;HNRNPA2B1;NOVA1;PTBP1;QKI;TARDBP	ELAVL1:7.84e-05;HNRNPA2B1:1.98e-05;NOVA1:5.35e-05;PTBP1:4.40e-05;QKI:1.65e-05;TARDBP:1.75e-05	yes	780	0.169	C	no	absent	ok_pending_P3	180	<200
3256	ENSMUST00000040402.13|ENSMUSG00000036398|Ppp1r11	Ppp1r11	chr17	-	36948355-36948930	575	36948930-36949354	424	36948930	2	day7;day21	yes	0.11	0.0341	no		yes	ELAVL1;HNRNPA2B1;NOVA2;PTBP1;TARDBP	ELAVL1:8.86e-06;HNRNPA2B1:1.27e-06;NOVA2:1.94e-05;PTBP1:3.71e-05;TARDBP:1.79e-05	yes	419	0.2312	C	no	absent	ok_pending_P3	2	<50
3411	ENSMUST00000025092.4|ENSMUSG00000024245|Tmem178	Tmem178	chr17	+	81001422-81001816	394	81001068-81001422	354	81001422	1	day7	yes	0.635	0.0706	no		yes	HNRNPA2B1;PTBP1	HNRNPA2B1:7.65e-05;PTBP1:7.14e-06	yes	383	0.7833	C	yes	absent	ok_pending_P3	53	<200
7848	ENSMUST00000032705.12|ENSMUSG00000030494|Rhpn2	Rhpn2	chr7	+	35391296-35392289	993	35391012-35391296	284	35391296	1	day21	yes	0.59	0.0909	no		yes	ELAVL1;HNRNPA2B1;NOVA1;PTBP1	ELAVL1:7.93e-05;HNRNPA2B1:4.43e-05;NOVA1:9.54e-05;PTBP1:7.93e-05	yes	805	0.286	C	no	absent	ok_pending_P3	868	>=500
7778	ENSMUST00000067386.13|ENSMUSG00000049643|2310022A10Rik	2310022A10Rik	chr7	+	27581749-27582099	350	27580834-27581749	915	27581749	1	day7	yes	0.555	0.0286	no		yes	ELAVL1;NOVA2;PTBP1	ELAVL1:9.66e-05;NOVA2:9.72e-05;PTBP1:3.71e-05	yes	305	0.3314	C	no	absent	ok_pending_P3	149	<200
1046	ENSMUST00000103139.10|ENSMUSG00000058756|Thra	Thra	chr11	+	98764902-98765111	209	98764525-98764902	377	98764902	1	day21	yes	0.54	0.0751	no		yes	HNRNPA2B1;NOVA2	HNRNPA2B1:5.99e-06;NOVA2:8.03e-05	yes	205	0.8099	C	no	absent	ok_pending_P3	2762	>=500
6895	ENSMUST00000112121.5|ENSMUSG00000048578|Mlec	Mlec	chr5	-	115142980-115147325	4345	115147325-115147917	592	115147325	1	day3	yes	0.52	0.0824	no		yes	ELAVL1;HNRNPA2B1;NOVA1;NOVA2;PTBP1;QKI;TARDBP	ELAVL1:7.84e-05;HNRNPA2B1:3.12e-06;NOVA1:1.47e-05;NOVA2:1.27e-05;PTBP1:9.09e-07;QKI:2.54e-05;TARDBP:5.04e-05	yes	3606	0.4512	C	yes	absent	ok_pending_P3	13	<50
4832	ENSMUST00000131298.6|ENSMUSG00000038831|Ralgps1	Ralgps1	chr2	-	33133416-33137321	3905	33137321-33137682	361	33137321	1	day1	yes	0.51	0.0566	no		yes	ELAVL1;HNRNPA2B1;NOVA1;NOVA2;PTBP1;QKI;TARDBP	ELAVL1:1.27e-05;HNRNPA2B1:4.75e-05;NOVA1:2.96e-05;NOVA2:2.96e-05;PTBP1:8.37e-06;QKI:1.51e-05;TARDBP:5.62e-08	yes	2827	0.3122	C	no	absent	ok_pending_P3	371	<500
1127	ENSMUST00000062530.4|ENSMUSG00000043372|Hexim2	Hexim2	chr11	+	103139356-103139876	520	103139062-103139356	294	103139356	1	day60	yes	0.51	0.0641	no		yes	ELAVL1;HNRNPA2B1;PTBP1;TARDBP	ELAVL1:7.84e-05;HNRNPA2B1:2.99e-05;PTBP1:1.20e-05;TARDBP:5.62e-08	yes	513	0.0448	C	no	absent	ok_pending_P3	124	<200
3170	ENSMUST00000054174.8|ENSMUSG00000024292|Cyp4f14	Cyp4f14	chr17	-	32905069-32905282	213	32905282-32905503	221	32905282	1	day21	yes	0.47	0.0585	no		yes	PTBP1	PTBP1:1.79e-05	yes	154	0.0272	C	no	absent	ok_pending_P3	110	<200
9181	ENSMUST00000072232.8|ENSMUSG00000058587|Tmod3	Tmod3	chr9	-	75497706-75498390	684	75498390-75500118	1728	75498390	1	day60	yes	0.47	0.0973	no		yes	ELAVL1;PTBP1;QKI	ELAVL1:3.80e-06;PTBP1:7.93e-05;QKI:5.76e-05	yes	594	0.2596	C	no	absent	ok_pending_P3	139	<200
5979	ENSMUST00000065928.10|ENSMUSG00000028252|Ccnc	Ccnc	chr4	+	21747717-21750546	2829	21747531-21747717	186	21747717	1	day60	yes	0.46	0.099	no		yes	ELAVL1;NOVA1;PTBP1;QKI;TARDBP	ELAVL1:8.86e-06;NOVA1:4.73e-05;PTBP1:3.80e-06;QKI:4.72e-05;TARDBP:2.85e-05	yes	2449	0.493	C	no	absent	ok_pending_P3	142	<200
9353	ENSMUST00000047013.3|ENSMUSG00000041012|Cmtm8	Cmtm8	chr9	-	114789344-114789489	145	114789489-114789664	175	114789489	1	day7	yes	0.445	0.0939	no		yes	ELAVL1	ELAVL1:7.84e-05	yes	108	0.3345	C	no	absent	constrained	91	<200
183	ENSMUST00000020397.10|ENSMUSG00000020180|Snrpd3	Snrpd3	chr10	+	75535470-75537381	1911	75535319-75535470	151	75535470	1	day1	yes	0.44	0.0724	no		yes	ELAVL1;HNRNPA2B1;PTBP1;QKI;TARDBP	ELAVL1:7.93e-05;HNRNPA2B1:4.43e-05;PTBP1:3.71e-05;QKI:1.60e-06;TARDBP:2.14e-05	yes	1715	0.1789	C	no	absent	ok_pending_P3	39	<50
9072	ENSMUST00000034879.4|ENSMUSG00000032329|Hmg20a	Hmg20a	chr9	+	56490207-56496936	6729	56489955-56490207	252	56490207	1	day3	yes	0.435	0.0757	no		yes	ELAVL1;HNRNPA2B1;NOVA1;NOVA2;PTBP1;QKI;TARDBP	ELAVL1:3.80e-06;HNRNPA2B1:1.20e-05;NOVA1:1.02e-07;NOVA2:5.35e-05;PTBP1:6.13e-07;QKI:6.39e-06;TARDBP:5.62e-08	yes	4882	0.2073	C	no	absent	ok_pending_P3	72	<200
5405	ENSMUST00000109140.9|ENSMUSG00000027496|Aurka	Aurka	chr2	-	172356189-172356496	307	172356496-172356798	302	172356496	1	day21	yes	0.43	0.0545	no		yes	HNRNPA2B1;PTBP1	HNRNPA2B1:2.99e-05;PTBP1:9.66e-05	yes	187	0.1902	C	no	absent	ok_pending_P3	115	<200
7854	ENSMUST00000021641.7|ENSMUSG00000021217|Tshz3	Tshz3	chr7	+	36772603-36773553	950	36771830-36772603	773	36772603	1	day60	yes	0.425	0.0399	no		yes	ELAVL1;PTBP1;TARDBP	ELAVL1:3.87e-05;PTBP1:1.20e-05;TARDBP:6.51e-05	yes	941	0.9534	C	yes	absent	ok_pending_P3	76	<200
9203	ENSMUST00000113215.9|ENSMUSG00000032261|Sh3bgrl2	Sh3bgrl2	chr9	+	83600084-83601346	1262	83597233-83600084	2851	83600084	1	day1	yes	0.425	0.0514	no		yes	ELAVL1;HNRNPA2B1;NOVA2;PTBP1;QKI;TARDBP	ELAVL1:7.93e-05;HNRNPA2B1:1.98e-05;NOVA2:5.35e-05;PTBP1:1.47e-05;QKI:1.11e-05;TARDBP:1.47e-05	yes	716	0.1482	C	no	absent	ok_pending_P3	34	<50
4408	ENSMUST00000062264.7|ENSMUSG00000026434|Nucks1	Nucks1	chr1	+	131932174-131936321	4147	131931203-131932174	971	131932174	1	day3	yes	0.425	0.0796	no		yes	ELAVL1;HNRNPA2B1;NOVA1;NOVA2;PTBP1;QKI;TARDBP	ELAVL1:1.83e-07;HNRNPA2B1:2.31e-05;NOVA1:1.34e-05;NOVA2:2.12e-05;PTBP1:3.70e-07;QKI:7.93e-05;TARDBP:7.15e-06	yes	3387	0.4165	C	no	absent	ok_pending_P3	73	<200
3071	ENSMUST00000234941.1|ENSMUSG00000024142|Mlst8	Mlst8	chr17	-	24473550-24475541	1991	24475541-24475835	294	24475541	1	day1	yes	0.41	0.0486	no		yes	ELAVL1;HNRNPA2B1;NOVA2;PTBP1;QKI;TARDBP	ELAVL1:9.66e-05;HNRNPA2B1:1.68e-07;NOVA2:7.19e-05;PTBP1:1.47e-05;QKI:7.24e-05;TARDBP:1.75e-05	yes	1160	0.2398	C	no	absent	ok_pending_P3	60	<200
5946	ENSMUST00000029907.5|ENSMUSG00000028243|Ubxn2b	Ubxn2b	chr4	+	6216371-6221688	5317	6216071-6216371	300	6216371	1	day3	yes	0.405	0.0456	no		yes	ELAVL1;HNRNPA2B1;NOVA1;NOVA2;PTBP1;QKI;TARDBP	ELAVL1:2.96e-05;HNRNPA2B1:4.43e-05;NOVA1:1.34e-05;NOVA2:4.19e-06;PTBP1:5.23e-06;QKI:7.93e-05;TARDBP:5.62e-08	yes	3771	0.0823	C	yes	absent	ok_pending_P3	62	<200
1123	ENSMUST00000021314.7|ENSMUSG00000020936|Nmt1	Nmt1	chr11	+	103065956-103068912	2956	103065765-103065956	191	103065956	1	day3	yes	0.405	0.0635	no		yes	ELAVL1;HNRNPA2B1;NOVA2;PTBP1;QKI;TARDBP	ELAVL1:7.93e-05;HNRNPA2B1:8.36e-06;NOVA2:5.35e-05;PTBP1:3.71e-05;QKI:1.51e-05;TARDBP:9.40e-05	yes	1980	0.2198	C	no	absent	ok_pending_P3	27	<50
1701	ENSMUST00000035988.15|ENSMUSG00000038991|Txndc5	Txndc5	chr13	-	38500078-38500532	454	38500532-38501588	1056	38500532	1	day21	yes	0.405	0.0993	no		yes	ELAVL1;PTBP1	ELAVL1:7.84e-05;PTBP1:8.11e-05	yes	417	0.7684	C	no	absent	ok_pending_P3	218	<500
3632	ENSMUST00000069597.7|ENSMUSG00000073563|Csnk1g3	Csnk1g3	chr18	+	53953538-53955548	2010	53953296-53953538	242	53953538	1	day3	yes	0.395	0.0937	no		yes	ELAVL1;HNRNPA2B1;NOVA1;NOVA2;PTBP1;QKI;TARDBP	ELAVL1:6.00e-06;HNRNPA2B1:1.86e-05;NOVA1:5.35e-05;NOVA2:2.04e-05;PTBP1:9.76e-06;QKI:6.39e-06;TARDBP:3.13e-05	yes	1834	0.6762	C	no	absent	ok_pending_P3	15	<50
8575	ENSMUST00000064853.12|ENSMUSG00000052794|1700030K09Rik	1700030K09Rik	chr8	+	72460299-72461001	702	72460148-72460299	151	72460299	1	day60	yes	0.395	0.0965	no		yes	ELAVL1;HNRNPA2B1;PTBP1;TARDBP	ELAVL1:9.66e-05;HNRNPA2B1:5.99e-06;PTBP1:1.47e-05;TARDBP:1.75e-05	yes	429	0.2418	C	no	absent	ok_pending_P3	217	<500
8662	ENSMUST00000034091.7|ENSMUSG00000031666|Rbl2	Rbl2	chr8	+	91123153-91123844	691	91122443-91123153	710	91123153	1	day21	yes	0.39	0.0298	no		yes	ELAVL1;NOVA1;NOVA2;PTBP1;QKI	ELAVL1:2.96e-05;NOVA1:2.96e-05;NOVA2:2.96e-05;PTBP1:1.47e-05;QKI:1.60e-06	yes	682	0.8965	C	no	absent	ok_pending_P3	241	<500
6571	ENSMUST00000003720.4|ENSMUSG00000003623|Crot	Crot	chr5	-	8966032-8966386	354	8966386-8966854	468	8966386	1	day60	yes	0.385	0.083	no		yes	PTBP1;TARDBP	PTBP1:7.93e-05;TARDBP:6.51e-05	yes	279	0.1315	C	no	absent	ok_pending_P3	30	<50
1156	ENSMUST00000103069.9|ENSMUSG00000020717|Pecam1	Pecam1	chr11	-	106654216-106654480	264	106654480-106655145	665	106654480	1	day21	yes	0.38	0.0902	no		yes	ELAVL1;HNRNPA2B1;PTBP1	ELAVL1:3.80e-06;HNRNPA2B1:7.51e-06;PTBP1:4.40e-05	yes	179	0.3417	C	yes	absent	ok_pending_P3	53	<200
7941	ENSMUST00000068456.7|ENSMUSG00000055078|Gabra5	Gabra5	chr7	-	57407671-57407975	304	57407975-57408609	634	57407975	1	day60	yes	0.37	0.0565	no		yes	ELAVL1	ELAVL1:7.93e-05	yes	200	0.3465	C	yes	absent	ok_pending_P3	262	<500
2705	ENSMUST00000023150.6|ENSMUSG00000022507|1810013L24Rik	1810013L24Rik	chr16	+	8856436-8858922	2486	8856035-8856436	401	8856436	1	day3	yes	0.37	0.0812	no		yes	ELAVL1;HNRNPA2B1;NOVA2;PTBP1;QKI;TARDBP	ELAVL1:1.27e-05;HNRNPA2B1:5.99e-06;NOVA2:5.76e-05;PTBP1:4.40e-05;QKI:3.75e-05;TARDBP:1.47e-05	yes	2285	0.6716	C	no	absent	ok_pending_P3	17	<50
373	ENSMUST00000032719.14|ENSMUSG00000020181|Nav3	Nav3	chr10	-	109681258-109682843	1585	109682843-109684122	1279	109682843	1	day21	yes	0.365	0.0253	no		yes	ELAVL1;HNRNPA2B1;NOVA1;PTBP1;TARDBP	ELAVL1:8.86e-06;HNRNPA2B1:2.99e-05;NOVA1:1.47e-05;PTBP1:9.29e-06;TARDBP:3.13e-05	yes	1455	0.7221	C	yes	absent	ok_pending_P3	309	<500
8701	ENSMUST00000179802.1|ENSMUSG00000096188|Cmtm4	Cmtm4	chr8	-	104348190-104354931	6741	104354931-104355129	198	104354931	1	day60	yes	0.355	0.098	no		yes	ELAVL1;HNRNPA2B1;NOVA1;NOVA2;PTBP1;QKI;TARDBP	ELAVL1:2.96e-05;HNRNPA2B1:1.30e-05;NOVA1:2.96e-05;NOVA2:2.64e-05;PTBP1:5.23e-06;QKI:1.11e-05;TARDBP:8.37e-06	yes	4280	0.1734	C	yes	absent	ok_pending_P3	36	<50
226	ENSMUST00000047203.8|ENSMUSG00000035890|Rnf126	Rnf126	chr10	-	79758514-79758769	255	79758769-79759089	320	79758769	1	day60	yes	0.35	0.0883	no		yes	ELAVL1;NOVA1	ELAVL1:9.05e-05;NOVA1:9.54e-05	yes	190	0.4342	C	no	absent	ok_pending_P3	5	<50
5346	ENSMUST00000044734.2|ENSMUSG00000035226|Rims4	Rims4	chr2	-	163859750-163863743	3993	163863743-163863905	162	163863743	1	day60	yes	0.345	0.0541	no		yes	ELAVL1;HNRNPA2B1;NOVA1;NOVA2;PTBP1;QKI;TARDBP	ELAVL1:3.80e-06;HNRNPA2B1:8.71e-06;NOVA1:2.96e-05;NOVA2:5.91e-06;PTBP1:1.85e-06;QKI:9.54e-05;TARDBP:5.04e-05	yes	2884	0.2984	C	yes	absent	ok_pending_P3	902	>=500
5032	ENSMUST00000111086.10|ENSMUSG00000027168|Pax6	Pax6	chr2	+	105697011-105697364	353	105696352-105697011	659	105697011	1	day21	yes	0.345	0.0843	no		yes	ELAVL1;NOVA1;PTBP1;TARDBP	ELAVL1:3.87e-05;NOVA1:2.54e-05;PTBP1:9.66e-05;TARDBP:6.51e-05	yes	353	0.9999	C	no	absent	ok_pending_P3	28	<50
9536	ENSMUST00000046565.12|ENSMUSG00000035277|Arx	Arx	chrX	+	93297843-93298357	514	93297400-93297843	443	93297843	1	day21	yes	0.345	0.0967	no		yes	ELAVL1;HNRNPA2B1;PTBP1	ELAVL1:2.01e-05;HNRNPA2B1:1.98e-05;PTBP1:2.31e-05	yes	513	0.97	C	no	absent	ok_pending_P3	399	<500
3087	ENSMUST00000024984.6|ENSMUSG00000024168|Tmem204	Tmem204	chr17	-	25057701-25057971	270	25057971-25058231	260	25057971	1	day60	yes	0.345	0.0979	no		yes	PTBP1;TARDBP	PTBP1:3.71e-05;TARDBP:5.04e-05	yes	119	0.1166	C	no	absent	ok_pending_P3	289	<500
8702	ENSMUST00000041769.7|ENSMUSG00000035770|Dync1li2	Dync1li2	chr8	-	104417679-104419192	1513	104419192-104420584	1392	104419192	1	day1	yes	0.34	0.0954	no		yes	ELAVL1;PTBP1;TARDBP	ELAVL1:7.93e-05;PTBP1:5.73e-05;TARDBP:1.79e-05	yes	1419	0.7512	C	yes	absent	ok_pending_P3	15	<50
1220	ENSMUST00000103031.7|ENSMUSG00000020776|Fbf1	Fbf1	chr11	-	116142284-116142638	354	116142638-116143385	747	116142638	1	day1	yes	0.34	0.0791	no		yes	NOVA2;PTBP1;TARDBP	NOVA2:6.48e-05;PTBP1:1.47e-05;TARDBP:6.96e-05	yes	232	0.0353	C	no	absent	ok_pending_P3	360	<500
1965	ENSMUST00000022296.6|ENSMUSG00000021774|Ube2e1	Ube2e1	chr14	-	18282721-18282988	267	18282988-18283344	356	18282988	1	day21	yes	0.34	0.045	no		yes	ELAVL1;TARDBP	ELAVL1:7.93e-05;TARDBP:6.51e-05	yes	267	0.9198	C	no	absent	ok_pending_P3	150	<200
5509	ENSMUST00000193734.5|ENSMUSG00000027630|Tbl1xr1	Tbl1xr1	chr3	+	22210710-22216594	5884	22210424-22210710	286	22210710	1	day1	yes	0.335	0.0887	no		yes	ELAVL1;HNRNPA2B1;NOVA1;NOVA2;PTBP1;QKI;TARDBP	ELAVL1:1.27e-05;HNRNPA2B1:5.35e-05;NOVA1:1.34e-05;NOVA2:2.96e-05;PTBP1:1.18e-06;QKI:1.93e-05;TARDBP:5.62e-08	yes	5501	0.7475	C	no	absent	ok_pending_P3	11	<50
3193	ENSMUST00000237759.1|ENSMUSG00000073422|H2-Ke6	H2-Ke6	chr17	-	34026032-34026129	97	34026129-34026336	207	34026129	1	day60	yes	0.335	0.0982	no		yes	NOVA2;PTBP1	NOVA2:3.32e-05;PTBP1:1.47e-05	yes	97	0.9992	C	no	absent	constrained	99	<200
6343	ENSMUST00000151698.7|ENSMUSG00000028581|Laptm5	Laptm5	chr4	+	130935615-130936141	526	130934547-130935615	1068	130935615	1	day21	yes	0.33	0.0423	no		yes	NOVA2;PTBP1	NOVA2:5.35e-05;PTBP1:1.79e-05	yes	335	0.1103	C	yes	absent	ok_pending_P3	363	<500
1072	ENSMUST00000107358.8|ENSMUSG00000020919|Stat5b	Stat5b	chr11	-	100780730-100782938	2208	100782938-100783098	160	100782938	1	day3	yes	0.33	0.0322	no		yes	ELAVL1;HNRNPA2B1;NOVA1;NOVA2;PTBP1;TARDBP	ELAVL1:8.86e-06;HNRNPA2B1:2.34e-06;NOVA1:2.96e-05;NOVA2:2.96e-05;PTBP1:4.84e-06;TARDBP:5.35e-05	yes	1232	0.2198	C	no	absent	ok_pending_P3	54	<200
8942	ENSMUST00000043922.6|ENSMUSG00000038895|Zfp653	Zfp653	chr9	-	22055459-22055567	108	22055567-22055718	151	22055567	1	day3	yes	0.33	0.0603	no		yes	PTBP1;TARDBP	PTBP1:7.14e-05;TARDBP:3.58e-05	yes	89	0.3385	C	no	absent	constrained	75	<200
9655	ENSMUST00000051484.4|ENSMUSG00000047238|Mageh1	Mageh1	chrX	-	153036165-153036421	256	153036421-153036684	263	153036421	1	day21	yes	0.33	0.0876	no		yes	ELAVL1;PTBP1	ELAVL1:3.87e-05;PTBP1:7.93e-05	yes	177	0.1376	C	no	absent	ok_pending_P3	8	<50
3348	ENSMUST00000007814.9|ENSMUSG00000007670|Khsrp	Khsrp	chr17	-	57021050-57021818	768	57021818-57022695	877	57021818	1	day7	yes	0.325	0.0235	no		yes	ELAVL1;HNRNPA2B1;NOVA1;NOVA2;PTBP1	ELAVL1:6.00e-06;HNRNPA2B1:2.76e-05;NOVA1:5.35e-05;NOVA2:2.14e-06;PTBP1:1.20e-05	yes	688	0.6235	C	no	direct	ok_pending_P3	579	>=500
1186	ENSMUST00000000206.3|ENSMUSG00000000202|Btbd17	Btbd17	chr11	-	114791216-114791299	83	114791299-114791450	151	114791299	1	day60	yes	0.325	0.0258	no		yes	PTBP1	PTBP1:9.76e-06	yes	42	0.0876	C	no	absent	constrained	35	<50
2498	ENSMUST00000023050.8|ENSMUSG00000022414|Tab1	Tab1	chr15	+	80160542-80161707	1165	80160278-80160542	264	80160542	1	day1	yes	0.32	0.0801	no		yes	HNRNPA2B1;NOVA2;PTBP1	HNRNPA2B1:4.43e-05;NOVA2:1.80e-05;PTBP1:9.76e-06	yes	389	0.0275	C	no	absent	ok_pending_P3	209	<500
4159	ENSMUST00000095014.7|ENSMUSG00000070939|Tgfbrap1	Tgfbrap1	chr1	-	43047199-43048313	1114	43048313-43049661	1348	43048313	1	day7	yes	0.32	0.0235	no		yes	ELAVL1;HNRNPA2B1;NOVA1;PTBP1;TARDBP	ELAVL1:9.05e-05;HNRNPA2B1:4.19e-05;NOVA1:5.35e-05;PTBP1:1.21e-05;TARDBP:5.35e-05	yes	633	0.1385	C	no	direct	ok_pending_P3	290	<500
8741	ENSMUST00000034388.9|ENSMUSG00000031913|Vps4a	Vps4a	chr8	+	107045436-107045755	319	107045137-107045436	299	107045436	1	day60	yes	0.32	0.0546	no		yes	ELAVL1;PTBP1	ELAVL1:3.87e-05;PTBP1:7.93e-05	yes	242	0.3501	C	no	absent	ok_pending_P3	10	<50
4339	ENSMUST00000086851.1|ENSMUSG00000067071|Hes6	Hes6	chr1	-	91411482-91411750	268	91411750-91412060	310	91411750	1	day60	yes	0.315	0.0944	no		yes	ELAVL1;HNRNPA2B1;TARDBP	ELAVL1:2.01e-05;HNRNPA2B1:8.71e-06;TARDBP:4.13e-05	yes	185	0.1144	C	no	absent	ok_pending_P3	170	<200
5358	ENSMUST00000017908.2|ENSMUSG00000017764|Zswim1	Zswim1	chr2	+	164826533-164826871	338	164826194-164826533	339	164826533	1	day60	yes	0.31	0.0803	no		yes	HNRNPA2B1;PTBP1	HNRNPA2B1:7.51e-06;PTBP1:7.86e-05	yes	172	0.0324	C	no	absent	ok_pending_P3	59	<200
8390	ENSMUST00000084207.11|ENSMUSG00000071176|Arhgef10	Arhgef10	chr8	+	15000228-15001085	857	14999827-15000228	401	15000228	1	day60	yes	0.31	0.028	no		yes	ELAVL1;HNRNPA2B1;NOVA1;NOVA2;PTBP1;TARDBP	ELAVL1:2.96e-05;HNRNPA2B1:7.17e-05;NOVA1:2.96e-05;NOVA2:2.96e-05;PTBP1:1.75e-05;TARDBP:6.41e-05	yes	454	0.219	C	no	absent	ok_pending_P3	21	<50
2406	ENSMUST00000023259.14|ENSMUSG00000022594|Lynx1	Lynx1	chr15	-	74747851-74751082	3231	74751082-74751233	151	74751082	1	day3	yes	0.3	0.0298	no		yes	ELAVL1;HNRNPA2B1;NOVA1;NOVA2;PTBP1;TARDBP	ELAVL1:2.96e-05;HNRNPA2B1:4.22e-06;NOVA1:1.34e-05;NOVA2:1.59e-05;PTBP1:4.03e-06;TARDBP:1.47e-05	yes	1132	0.0067	C	yes	absent	ok_pending_P3	5	<50
4071	ENSMUST00000099274.3|ENSMUSG00000074746|Pdzd8	Pdzd8	chr19	-	59297177-59298739	1562	59298739-59299525	786	59298739	1	day7	yes	0.295	0.0253	no		yes	ELAVL1;HNRNPA2B1;PTBP1;QKI;TARDBP	ELAVL1:7.93e-05;HNRNPA2B1:8.37e-05;PTBP1:7.01e-05;QKI:1.34e-05;TARDBP:6.51e-05	yes	1188	0.2988	C	yes	absent	ok_pending_P3	62	<200
3469	ENSMUST00000025992.6|ENSMUSG00000036225|Kctd1	Kctd1	chr18	-	14968684-14968907	223	14968907-14969539	632	14968907	1	day21	yes	0.295	0.0253	no		yes	ELAVL1;HNRNPA2B1;TARDBP	ELAVL1:9.66e-05;HNRNPA2B1:1.86e-05;TARDBP:9.40e-05	yes	208	0.81	C	no	absent	ok_pending_P3	127	<200
8040	ENSMUST00000205956.1|ENSMUSG00000090958|Lrrc32	Lrrc32	chr7	+	98501549-98502181	632	98500003-98501549	1546	98501549	1	day21	yes	0.29	0.0566	no		yes	ELAVL1;HNRNPA2B1;NOVA1;NOVA2;PTBP1	ELAVL1:2.96e-05;HNRNPA2B1:4.86e-07;NOVA1:2.96e-05;NOVA2:2.96e-05;PTBP1:1.20e-05	yes	309	0.1281	C	yes	absent	ok_pending_P3	23	<50
1194	ENSMUST00000100235.8|ENSMUSG00000045980|Tmem104	Tmem104	chr11	+	115245525-115247023	1498	115244127-115245525	1398	115245525	1	day3	yes	0.29	0.094	no		yes	HNRNPA2B1;NOVA2;PTBP1;QKI;TARDBP	HNRNPA2B1:1.30e-05;NOVA2:7.72e-07;PTBP1:8.37e-06;QKI:1.11e-05;TARDBP:5.62e-08	yes	801	0.1889	C	no	absent	ok_pending_P3	92	<200
3096	ENSMUST00000237183.1|ENSMUSG00000041199|Rpusd1	Rpusd1	chr17	+	25731186-25731464	278	25730775-25731186	411	25731186	1	day7	yes	0.29	0.0961	no		yes	HNRNPA2B1;NOVA1;NOVA2;TARDBP	HNRNPA2B1:1.98e-05;NOVA1:9.54e-05;NOVA2:5.35e-05;TARDBP:8.29e-05	yes	102	0.0461	C	no	absent	ok_pending_P3	202	<500
3310	ENSMUST00000086932.9|ENSMUSG00000023990|Tfeb	Tfeb	chr17	+	47792108-47792419	311	47791811-47792108	297	47792108	1	day7	yes	0.29	0.0873	no		yes	NOVA2;PTBP1	NOVA2:5.91e-05;PTBP1:6.67e-06	yes	252	0.4244	C	no	absent	ok_pending_P3	290	<500
4717	ENSMUST00000059849.14|ENSMUSG00000013465|Nelfb	Nelfb	chr2	-	25199711-25200019	308	25200019-25200322	303	25200019	1	day21	yes	0.29	0.0253	no		yes	ELAVL1;PTBP1	ELAVL1:7.84e-05;PTBP1:7.14e-05	yes	216	0.1341	C	no	absent	ok_pending_P3	138	<200
6843	ENSMUST00000046892.9|ENSMUSG00000033615|Cplx1	Cplx1	chr5	-	108518553-108519100	547	108519100-108520131	1031	108519100	1	day21	yes	0.285	0.0542	no		yes	NOVA2;PTBP1;QKI	NOVA2:1.80e-05;PTBP1:1.75e-05;QKI:9.54e-05	yes	437	0.4121	C	yes	absent	ok_pending_P3	55	<200
7871	ENSMUST00000058667.14|ENSMUSG00000047085|Lrrc4b	Lrrc4b	chr7	+	44463087-44463351	264	44462832-44463087	255	44463087	1	day60	yes	0.28	0.0805	no		yes	HNRNPA2B1;PTBP1	HNRNPA2B1:8.25e-06;PTBP1:1.20e-05	yes	218	0.5168	C	no	absent	ok_pending_P3	199	<200
9561	ENSMUST00000044475.4|ENSMUSG00000034160|Ogt	Ogt	chrX	+	101682806-101684351	1545	101682327-101682806	479	101682806	1	day60	yes	0.28	0.024	no		yes	ELAVL1;HNRNPA2B1;NOVA1;PTBP1;QKI	ELAVL1:3.87e-05;HNRNPA2B1:5.35e-05;NOVA1:5.35e-05;PTBP1:1.47e-05;QKI:4.73e-05	yes	1514	0.846	C	no	absent	ok_pending_P3	24	<50
1736	ENSMUST00000035540.8|ENSMUSG00000038025|Phf2	Phf2	chr13	-	48801749-48803450	1701	48803450-48803601	151	48803450	1	day7	yes	0.27	0.0973	no		yes	ELAVL1;HNRNPA2B1;PTBP1;QKI;TARDBP	ELAVL1:7.84e-05;HNRNPA2B1:1.27e-06;PTBP1:1.47e-05;QKI:8.56e-07;TARDBP:1.47e-05	yes	1479	0.6456	C	no	absent	ok_pending_P3	888	>=500
1650	ENSMUST00000072961.5|ENSMUSG00000041236|Vps41	Vps41	chr13	+	18866526-18866811	285	18866197-18866526	329	18866526	1	day21	yes	0.27	0.0619	no		yes	ELAVL1;NOVA1;TARDBP	ELAVL1:3.87e-05;NOVA1:5.43e-05;TARDBP:9.40e-05	yes	165	0.0854	C	no	absent	ok_pending_P3	15	<50
4098	ENSMUST00000027066.12|ENSMUSG00000025932|Eya1	Eya1	chr1	-	14168953-14170447	1494	14170447-14170918	471	14170447	1	day21	yes	0.27	0.0394	no		yes	ELAVL1;HNRNPA2B1;NOVA2;PTBP1;QKI;TARDBP	ELAVL1:6.00e-06;HNRNPA2B1:4.43e-05;NOVA2:7.21e-05;PTBP1:7.40e-05;QKI:1.51e-05;TARDBP:5.62e-08	yes	1288	0.5483	C	no	absent	ok_pending_P3	171	<200
4649	ENSMUST00000155579.7|ENSMUSG00000016262|Sertad4	Sertad4	chr1	-	192844487-192845122	635	192845122-192846375	1253	192845122	1	day21	yes	0.27	0.0625	no		yes	ELAVL1;NOVA1;NOVA2;QKI;TARDBP	ELAVL1:7.93e-05;NOVA1:2.54e-05;NOVA2:5.35e-05;QKI:1.60e-06;TARDBP:3.58e-05	yes	588	0.7279	C	no	absent	ok_pending_P3	87	<200
8112	ENSMUST00000033341.11|ENSMUSG00000031028|Tub	Tub	chr7	+	109030430-109034460	4030	109030254-109030430	176	109030430	1	day21	yes	0.265	0.0811	no		yes	ELAVL1;HNRNPA2B1;NOVA1;NOVA2;PTBP1;QKI;TARDBP	ELAVL1:3.80e-06;HNRNPA2B1:3.12e-06;NOVA1:5.35e-05;NOVA2:7.13e-06;PTBP1:5.47e-06;QKI:1.34e-05;TARDBP:5.62e-08	yes	2536	0.1905	C	yes	absent	ok_pending_P3	3835	>=500
880	ENSMUST00000017549.12|ENSMUSG00000017405|Nek8	Nek8	chr11	-	78166105-78166363	258	78166363-78166751	388	78166363	1	day1	yes	0.265	0.0759	no		yes	ELAVL1;HNRNPA2B1;PTBP1;QKI;TARDBP	ELAVL1:7.84e-05;HNRNPA2B1:1.98e-05;PTBP1:1.21e-05;QKI:7.24e-05;TARDBP:4.38e-06	yes	141	0.093	C	no	absent	ok_pending_P3	273	<500
2785	ENSMUST00000171572.8|ENSMUSG00000003233|Dvl3	Dvl3	chr16	+	20532463-20534010	1547	20532312-20532463	151	20532463	1	day7	yes	0.265	0.0808	no		yes	ELAVL1;HNRNPA2B1;NOVA1;NOVA2;PTBP1;QKI;TARDBP	ELAVL1:7.84e-05;HNRNPA2B1:4.43e-05;NOVA1:1.60e-06;NOVA2:8.62e-05;PTBP1:4.03e-06;QKI:7.24e-05;TARDBP:5.62e-08	yes	1218	0.3247	C	no	absent	ok_pending_P3	847	>=500
8744	ENSMUST00000034400.4|ENSMUSG00000031924|Cyb5b	Cyb5b	chr8	+	107183970-107187471	3501	107183665-107183970	305	107183970	1	day7	yes	0.265	0.0638	no		yes	ELAVL1;HNRNPA2B1;NOVA1;NOVA2;PTBP1;QKI;TARDBP	ELAVL1:6.00e-06;HNRNPA2B1:8.71e-06;NOVA1:5.35e-05;NOVA2:5.35e-05;PTBP1:9.76e-06;QKI:7.24e-05;TARDBP:5.62e-08	yes	2565	0.2128	C	no	absent	ok_pending_P3	18	<50
6556	ENSMUST00000179543.7|ENSMUSG00000095567|Noc2l	Noc2l	chr4	+	156247320-156247616	296	156247116-156247320	204	156247320	1	day21	yes	0.265	0.0365	no		yes	ELAVL1;HNRNPA2B1;PTBP1	ELAVL1:7.93e-05;HNRNPA2B1:1.23e-06;PTBP1:5.23e-05	yes	193	0.0913	C	no	absent	ok_pending_P3	72	<200
8073	ENSMUST00000144207.8|ENSMUSG00000030649|Anapc15	Anapc15	chr7	+	101899440-101901849	2409	101899238-101899440	202	101899440	1	day3	yes	0.26	0.0919	no		yes	ELAVL1;HNRNPA2B1;NOVA2;PTBP1;QKI;TARDBP	ELAVL1:3.80e-06;HNRNPA2B1:5.35e-05;NOVA2:5.35e-05;PTBP1:1.20e-05;QKI:5.30e-05;TARDBP:1.05e-05	yes	1834	0.2871	C	no	absent	ok_pending_P3	72	<200
6858	ENSMUST00000031490.10|ENSMUSG00000029512|Ulk1	Ulk1	chr5	-	110784487-110785794	1307	110785794-110786174	380	110785794	1	day7	yes	0.26	0.0313	no		yes	ELAVL1;HNRNPA2B1;NOVA2;PTBP1;TARDBP	ELAVL1:3.87e-05;HNRNPA2B1:7.51e-06;NOVA2:9.00e-05;PTBP1:5.47e-06;TARDBP:5.62e-08	yes	662	0.1355	C	no	absent	ok_pending_P3	254	<500
9346	ENSMUST00000084885.11|ENSMUSG00000009741|Ubp1	Ubp1	chr9	+	113976113-113977199	1086	113975380-113976113	733	113976113	1	day7	yes	0.26	0.0235	no		yes	ELAVL1;PTBP1;TARDBP	ELAVL1:9.66e-05;PTBP1:2.02e-05;TARDBP:6.41e-05	yes	733	0.3065	C	no	direct	ok_pending_P3	357	<500
9003	ENSMUST00000034621.15|ENSMUSG00000032109|Nlrx1	Nlrx1	chr9	-	44252716-44252990	274	44252990-44253220	230	44252990	1	day21	yes	0.26	0.0485	no		yes	HNRNPA2B1;PTBP1	HNRNPA2B1:1.34e-05;PTBP1:3.71e-05	yes	138	0.1047	C	no	absent	ok_pending_P3	288	<500
6536	ENSMUST00000099265.2|ENSMUSG00000074738|Fndc10	Fndc10	chr4	+	155695813-155696481	668	155695169-155695813	644	155695813	1	day1	yes	0.255	0.0968	no		yes	HNRNPA2B1;NOVA2;PTBP1;QKI;TARDBP	HNRNPA2B1:4.43e-05;NOVA2:1.42e-05;PTBP1:3.70e-05;QKI:9.18e-05;TARDBP:1.05e-05	yes	321	0.0936	C	no	absent	ok_pending_P3	644	>=500
1102	ENSMUST00000151678.7|ENSMUSG00000003518|Dusp3	Dusp3	chr11	-	101971142-101974318	3176	101974318-101974736	418	101974318	1	day7	yes	0.255	0.0318	no		yes	ELAVL1;HNRNPA2B1;NOVA1;NOVA2;PTBP1;QKI;TARDBP	ELAVL1:2.96e-05;HNRNPA2B1:1.86e-05;NOVA1:2.96e-05;NOVA2:1.07e-05;PTBP1:9.76e-06;QKI:7.93e-05;TARDBP:4.38e-06	yes	2068	0.1279	C	no	absent	ok_pending_P3	3	<50
5513	ENSMUST00000060500.8|ENSMUSG00000050192|Eif5a2	Eif5a2	chr3	+	28796709-28798846	2137	28794452-28796709	2257	28796709	1	day7	yes	0.255	0.0973	no		yes	ELAVL1;NOVA1;NOVA2;PTBP1;QKI;TARDBP	ELAVL1:3.87e-05;NOVA1:5.35e-05;NOVA2:9.53e-05;PTBP1:1.79e-05;QKI:5.43e-05;TARDBP:3.63e-05	yes	1924	0.4555	C	no	absent	ok_pending_P3	553	>=500
6756	ENSMUST00000113516.1|ENSMUSG00000062960|Kdr	Kdr	chr5	-	75932826-75933367	541	75933367-75934425	1058	75933367	1	day7	yes	0.255	0.0769	no		yes	ELAVL1;PTBP1;QKI;TARDBP	ELAVL1:3.87e-05;PTBP1:5.23e-06;QKI:2.85e-05;TARDBP:1.29e-05	yes	475	0.5847	C	no	absent	ok_pending_P3	262	<500
3297	ENSMUST00000002839.8|ENSMUSG00000059409|Ppp2r5d	Ppp2r5d	chr17	-	46682990-46683439	449	46683439-46683991	552	46683439	1	day21	yes	0.255	0.0876	no		yes	ELAVL1;NOVA2;PTBP1	ELAVL1:9.66e-05;NOVA2:2.87e-05;PTBP1:9.76e-06	yes	405	0.5689	C	no	absent	ok_pending_P3	211	<500
635	ENSMUST00000020643.3|ENSMUSG00000020375|Rufy1	Rufy1	chr11	-	50389285-50389547	262	50389547-50389817	270	50389547	1	day60	yes	0.255	0.0775	no		yes	PTBP1;TARDBP	PTBP1:5.23e-06;TARDBP:5.35e-05	yes	139	0.1169	C	no	absent	ok_pending_P3	112	<200
297	ENSMUST00000020463.13|ENSMUSG00000020238|Ncln	Ncln	chr10	-	81486248-81486699	451	81486699-81487548	849	81486699	1	day1	yes	0.25	0.0872	no		yes	HNRNPA2B1;PTBP1	HNRNPA2B1:8.25e-06;PTBP1:1.21e-05	yes	451	0.3905	C	yes	absent	ok_pending_P3	277	<500
8485	ENSMUST00000056508.11|ENSMUSG00000004319|Clcn3	Clcn3	chr8	-	60910388-60912074	1686	60912074-60913087	1013	60912074	1	day1	yes	0.25	0.0253	no		yes	ELAVL1;HNRNPA2B1;NOVA1;PTBP1;QKI	ELAVL1:2.01e-05;HNRNPA2B1:8.37e-05;NOVA1:5.43e-05;PTBP1:1.85e-06;QKI:4.73e-05	yes	1396	0.432	C	no	absent	ok_pending_P3	128	<200
7938	ENSMUST00000119041.7|ENSMUSG00000030452|Nipa2	Nipa2	chr7	-	55931286-55932670	1384	55932670-55932918	248	55932670	1	day3	yes	0.25	0.0902	no		yes	ELAVL1;HNRNPA2B1;NOVA1;PTBP1;TARDBP	ELAVL1:3.87e-05;HNRNPA2B1:7.65e-05;NOVA1:1.47e-05;PTBP1:1.70e-05;TARDBP:9.09e-07	yes	927	0.1395	C	no	absent	ok_pending_P3	68	<200
704	ENSMUST00000081980.6|ENSMUSG00000061650|Med9	Med9	chr11	+	59960938-59962205	1267	59960772-59960938	166	59960938	1	day7	yes	0.25	0.0438	no		yes	ELAVL1;HNRNPA2B1;PTBP1;TARDBP	ELAVL1:9.66e-05;HNRNPA2B1:3.12e-06;PTBP1:5.47e-06;TARDBP:9.40e-05	yes	569	0.0806	C	no	absent	ok_pending_P3	2	<50
6001	ENSMUST00000102973.3|ENSMUSG00000028405|Aco1	Aco1	chr4	+	40198015-40198338	323	40197664-40198015	351	40198015	1	day7	yes	0.25	0.0313	no		yes	ELAVL1;HNRNPA2B1;PTBP1;QKI;TARDBP	ELAVL1:9.66e-05;HNRNPA2B1:2.99e-05;PTBP1:1.47e-05;QKI:7.24e-05;TARDBP:6.51e-05	yes	189	0.2045	C	no	absent	ok_pending_P3	220	<500
3969	ENSMUST00000025944.8|ENSMUSG00000024986|Hhex	Hhex	chr19	+	37440413-37440731	318	37439802-37440413	611	37440413	1	day21	yes	0.25	0.0903	no		yes	ELAVL1;HNRNPA2B1;QKI;TARDBP	ELAVL1:7.93e-05;HNRNPA2B1:5.35e-05;QKI:4.73e-05;TARDBP:6.51e-05	yes	267	0.463	C	no	absent	ok_pending_P3	167	<200
5650	ENSMUST00000090971.10|ENSMUSG00000004892|Bcan	Bcan	chr3	-	87987530-87987723	193	87987723-87987874	151	87987723	1	day21	yes	0.25	0.0655	no		yes	HNRNPA2B1;PTBP1;TARDBP	HNRNPA2B1:6.07e-05;PTBP1:3.71e-05;TARDBP:6.51e-05	yes	167	0.3098	C	no	absent	ok_pending_P3	157	<200
7583	ENSMUST00000111892.7|ENSMUSG00000030220|Arhgdib	Arhgdib	chr6	-	136923654-136923905	251	136923905-136924129	224	136923905	1	day60	yes	0.25	0.0903	no		yes	ELAVL1;HNRNPA2B1;NOVA1;PTBP1;TARDBP	ELAVL1:7.84e-05;HNRNPA2B1:4.75e-05;NOVA1:1.47e-05;PTBP1:1.20e-05;TARDBP:9.09e-07	yes	183	0.2349	C	no	absent	ok_pending_P3	126	<200
518	ENSMUST00000003461.14|ENSMUSG00000020456|Ogdh	Ogdh	chr11	+	6356328-6356642	314	6355671-6356328	657	6356328	1	day21	yes	0.245	0.0317	no		yes	ELAVL1;HNRNPA2B1;NOVA1;NOVA2;PTBP1;TARDBP	ELAVL1:1.83e-07;HNRNPA2B1:2.34e-06;NOVA1:5.35e-05;NOVA2:3.12e-05;PTBP1:2.02e-05;TARDBP:6.51e-05	yes	223	0.4223	C	yes	absent	ok_pending_P3	12	<50
3764	ENSMUST00000008991.7|ENSMUSG00000067889|Sptbn2	Sptbn2	chr19	+	4752124-4752360	236	4751725-4752124	399	4752124	1	day21	yes	0.245	0.0638	no		yes	PTBP1;TARDBP	PTBP1:5.30e-05;TARDBP:6.51e-05	yes	198	0.4643	C	yes	absent	ok_pending_P3	79	<200
7005	ENSMUST00000026608.10|ENSMUSG00000025532|Crcp	Crcp	chr5	+	130060491-130060789	298	130059851-130060491	640	130060491	1	day7	yes	0.245	0.0958	no		yes	ELAVL1;PTBP1	ELAVL1:9.66e-05;PTBP1:7.34e-05	yes	298	0.2517	C	no	absent	ok_pending_P3	180	<200
7629	ENSMUST00000019878.7|ENSMUSG00000078813|Leng1	Leng1	chr7	-	3660097-3660727	630	3660727-3661143	416	3660727	1	day7	yes	0.245	0.0352	no		yes	HNRNPA2B1;NOVA2;PTBP1	HNRNPA2B1:5.35e-05;NOVA2:5.35e-05;PTBP1:5.92e-06	yes	344	0.0621	C	no	absent	ok_pending_P3	590	>=500
9417	ENSMUST00000115638.9|ENSMUSG00000039231|Suv39h1	Suv39h1	chrX	-	8061170-8061684	514	8061684-8062852	1168	8061684	1	day7	yes	0.245	0.0365	no		yes	ELAVL1;HNRNPA2B1;PTBP1;QKI;TARDBP	ELAVL1:1.27e-05;HNRNPA2B1:7.86e-05;PTBP1:7.34e-05;QKI:1.11e-05;TARDBP:1.05e-05	yes	420	0.3678	C	no	absent	ok_pending_P3	270	<500
8743	ENSMUST00000034392.12|ENSMUSG00000031917|Nip7	Nip7	chr8	+	107058828-107060931	2103	107058493-107058828	335	107058828	1	day1	yes	0.24	0.0958	no		yes	ELAVL1;HNRNPA2B1;PTBP1;QKI;TARDBP	ELAVL1:1.83e-07;HNRNPA2B1:1.98e-05;PTBP1:3.71e-05;QKI:1.93e-05;TARDBP:1.05e-05	yes	1484	0.1582	C	no	absent	ok_pending_P3	44	<50
3839	ENSMUST00000025924.3|ENSMUSG00000024970|Spindoc	Spindoc	chr19	-	7356462-7357855	1393	7357855-7358278	423	7357855	1	day7	yes	0.24	0.057	no		yes	ELAVL1;HNRNPA2B1;PTBP1;TARDBP	ELAVL1:9.05e-05;HNRNPA2B1:5.35e-05;PTBP1:9.29e-06;TARDBP:6.51e-05	yes	732	0.1312	C	no	absent	ok_pending_P3	180	<200
7011	ENSMUST00000076228.2|ENSMUSG00000061979|Rcc1l	Rcc1l	chr5	-	134148053-134148328	275	134148328-134148931	603	134148328	1	day21	yes	0.24	0.0238	no		yes	HNRNPA2B1	HNRNPA2B1:1.27e-06	yes	174	0.1141	C	no	absent	ok_pending_P3	279	<500
7024	ENSMUST00000031692.11|ENSMUSG00000029681|Bcl7b	Bcl7b	chr5	+	135181498-135181855	357	135180927-135181498	571	135181498	1	day21	yes	0.24	0.0732	no		yes	PTBP1	PTBP1:7.93e-05	yes	300	0.5993	C	no	absent	ok_pending_P3	219	<500
504	ENSMUST00000037218.1|ENSMUSG00000034209|Rasl10a	Rasl10a	chr11	+	5060213-5060385	172	5060062-5060213	151	5060213	1	day60	yes	0.24	0.0427	no		yes	NOVA2;PTBP1	NOVA2:5.35e-05;PTBP1:2.85e-05	yes	125	0.0666	C	no	absent	ok_pending_P3	152	<200
8752	ENSMUST00000212964.1|ENSMUSG00000031728|Zfp821	Zfp821	chr8	+	109724766-109724932	166	109724615-109724766	151	109724766	1	day60	yes	0.24	0.0681	no		yes	ELAVL1	ELAVL1:6.00e-06	yes	146	0.4854	C	no	absent	ok_pending_P3	142	<200
7942	ENSMUST00000168747.2|ENSMUSG00000025324|Atp10a	Atp10a	chr7	+	58829050-58829420	370	58828734-58829050	316	58829050	1	day1	yes	0.235	0.0889	no		yes	NOVA2;PTBP1;QKI	NOVA2:9.87e-05;PTBP1:1.47e-05;QKI:7.93e-05	yes	140	0.1252	C	no	absent	ok_pending_P3	56	<200
2139	ENSMUST00000022563.8|ENSMUSG00000021987|Mtmr6	Mtmr6	chr14	+	60300882-60302370	1488	60300518-60300882	364	60300882	1	day7	yes	0.235	0.0297	no		yes	NOVA1;PTBP1;QKI;TARDBP	NOVA1:1.47e-05;PTBP1:1.83e-06;QKI:6.57e-05;TARDBP:2.14e-05	yes	1171	0.2869	C	no	absent	ok_pending_P3	73	<200
2571	ENSMUST00000023283.5|ENSMUSG00000022614|Lmf2	Lmf2	chr15	-	89351003-89351343	340	89351343-89351593	250	89351343	1	day60	yes	0.235	0.0917	no		yes	ELAVL1;PTBP1	ELAVL1:1.27e-05;PTBP1:5.70e-05	yes	98	0.0304	C	no	absent	ok_pending_P3	210	<500
5100	ENSMUST00000060455.14|ENSMUSG00000023572|Ccndbp1	Ccndbp1	chr2	+	121016681-121016904	223	121016510-121016681	171	121016681	1	day60	yes	0.235	0.074	no		yes	HNRNPA2B1;PTBP1	HNRNPA2B1:7.86e-05;PTBP1:7.93e-05	yes	195	0.3242	C	no	absent	ok_pending_P3	139	<200
1558	ENSMUST00000021610.6|ENSMUSG00000021194|Chga	Chga	chr12	+	102564848-102565028	180	102564690-102564848	158	102564848	1	day60	yes	0.23	0.0962	no		yes	PTBP1;TARDBP	PTBP1:7.93e-05;TARDBP:5.35e-05	yes	164	0.6097	C	yes	absent	ok_pending_P3	88	<200
1064	ENSMUST00000107389.7|ENSMUSG00000020917|Acly	Acly	chr11	-	100476352-100476896	544	100476896-100477246	350	100476896	1	day1	yes	0.23	0.0446	no		yes	PTBP1	PTBP1:1.79e-05	yes	451	0.4113	C	no	absent	ok_pending_P3	121	<200
976	ENSMUST00000018521.10|ENSMUSG00000018377|Vezf1	Vezf1	chr11	+	88082297-88084729	2432	88081822-88082297	475	88082297	1	day7	yes	0.23	0.0788	no		yes	ELAVL1;HNRNPA2B1;NOVA1;NOVA2;PTBP1;QKI;TARDBP	ELAVL1:3.87e-05;HNRNPA2B1:5.03e-06;NOVA1:9.54e-05;NOVA2:3.68e-05;PTBP1:1.21e-05;QKI:7.93e-05;TARDBP:5.04e-05	yes	2370	0.8879	C	no	absent	ok_pending_P3	27	<50
967	ENSMUST00000143280.1|ENSMUSG00000020495|Smg8	Smg8	chr11	-	87077735-87077934	199	87077934-87078085	151	87077934	1	day21	yes	0.23	0.0392	no		yes	ELAVL1	ELAVL1:1.27e-05	yes	159	0.3855	C	no	absent	ok_pending_P3	132	<200
7091	ENSMUST00000031536.7|ENSMUSG00000029557|Mrm2	Mrm2	chr5	-	140327673-140327942	269	140327942-140328340	398	140327942	1	day60	yes	0.23	0.0766	no		yes	ELAVL1;HNRNPA2B1;NOVA1;PTBP1;TARDBP	ELAVL1:9.66e-05;HNRNPA2B1:9.75e-05;NOVA1:9.54e-05;PTBP1:1.79e-05;TARDBP:3.13e-05	yes	269	0.3029	C	no	absent	ok_pending_P3	200	<500
7823	ENSMUST00000208522.1|ENSMUSG00000036882|Arhgap33	Arhgap33	chr7	-	30523971-30524142	171	30524142-30524384	242	30524142	1	day3	yes	0.225	0.0254	no		yes	PTBP1	PTBP1:5.23e-05	yes	169	0.763	C	yes	absent	ok_pending_P3	1945	>=500
3221	ENSMUST00000007253.5|ENSMUSG00000007038|Neu1	Neu1	chr17	+	34935164-34935921	757	34934828-34935164	336	34935164	1	day3	yes	0.225	0.0875	no		yes	ELAVL1;NOVA1;NOVA2;PTBP1;QKI	ELAVL1:2.96e-05;NOVA1:2.96e-05;NOVA2:1.94e-05;PTBP1:1.47e-05;QKI:7.24e-05	yes	590	0.1254	C	no	absent	ok_pending_P3	260	<500
288	ENSMUST00000044844.8|ENSMUSG00000034854|Mfsd12	Mfsd12	chr10	+	81364163-81366225	2062	81363789-81364163	374	81364163	1	day7	yes	0.225	0.0253	no		yes	ELAVL1;HNRNPA2B1;NOVA1;NOVA2;PTBP1;TARDBP	ELAVL1:2.96e-05;HNRNPA2B1:4.90e-06;NOVA1:2.96e-05;NOVA2:1.27e-05;PTBP1:3.63e-06;TARDBP:7.15e-06	yes	1601	0.2073	C	no	absent	ok_pending_P3	192	<200
6410	ENSMUST00000069195.4|ENSMUSG00000051351|Zfp46	Zfp46	chr4	+	136291376-136293942	2566	136291212-136291376	164	136291376	1	day7	yes	0.225	0.0414	no		yes	ELAVL1;HNRNPA2B1;NOVA1;NOVA2;PTBP1;QKI;TARDBP	ELAVL1:7.93e-05;HNRNPA2B1:1.86e-05;NOVA1:5.35e-05;NOVA2:3.12e-05;PTBP1:3.71e-05;QKI:3.75e-05;TARDBP:5.62e-08	yes	2172	0.4066	C	no	absent	ok_pending_P3	871	>=500
8976	ENSMUST00000239021.1|ENSMUSG00000062762|Ei24	Ei24	chr9	-	36779158-36779459	301	36779459-36780109	650	36779459	1	day7	yes	0.225	0.0824	no		yes	ELAVL1;NOVA1;NOVA2;PTBP1	ELAVL1:2.96e-05;NOVA1:2.96e-05;NOVA2:2.96e-05;PTBP1:8.37e-06	yes	279	0.6583	C	no	absent	ok_pending_P3	191	<200
3891	ENSMUST00000025590.10|ENSMUSG00000024687|Osbp	Osbp	chr19	+	11992820-11994112	1292	11992039-11992820	781	11992820	1	day21	yes	0.225	0.0566	no		yes	ELAVL1;HNRNPA2B1;PTBP1;QKI;TARDBP	ELAVL1:7.93e-05;HNRNPA2B1:3.12e-06;PTBP1:1.21e-05;QKI:7.93e-05;TARDBP:6.51e-05	yes	930	0.3919	C	no	absent	ok_pending_P3	207	<500
6295	ENSMUST00000125981.7|ENSMUSG00000028849|Map7d1	Map7d1	chr4	-	126232166-126232440	274	126232440-126232758	318	126232440	1	day21	yes	0.225	0.0695	no		yes	PTBP1	PTBP1:5.70e-05	yes	274	0.8272	C	no	absent	ok_pending_P3	69	<200
2752	ENSMUST00000120488.2|ENSMUSG00000022750|Klhl22	Klhl22	chr16	+	17793096-17793382	286	17792788-17793096	308	17793096	1	day60	yes	0.225	0.0253	no		yes	HNRNPA2B1;PTBP1	HNRNPA2B1:7.86e-05;PTBP1:3.71e-05	yes	170	0.1102	C	no	absent	ok_pending_P3	234	<500
8555	ENSMUST00000150969.7|ENSMUSG00000007610|Gtpbp3	Gtpbp3	chr8	+	71493074-71499583	6509	71492761-71493074	313	71493074	1	day60	yes	0.225	0.0576	no		yes	ELAVL1;HNRNPA2B1;NOVA1;NOVA2;PTBP1;QKI;TARDBP	ELAVL1:1.27e-05;HNRNPA2B1:7.13e-07;NOVA1:2.54e-05;NOVA2:4.53e-07;PTBP1:3.63e-06;QKI:4.72e-05;TARDBP:5.62e-08	yes	4833	0.1316	C	no	absent	ok_pending_P3	68	<200
3443	ENSMUST00000037029.6|ENSMUSG00000033960|Jcad	Jcad	chr18	+	4680408-4682869	2461	4680257-4680408	151	4680408	1	day7	yes	0.22	0.0363	no		yes	ELAVL1;HNRNPA2B1;NOVA1;PTBP1;TARDBP	ELAVL1:7.84e-05;HNRNPA2B1:5.35e-05;NOVA1:1.47e-05;PTBP1:4.03e-06;TARDBP:7.15e-06	yes	1618	0.2386	C	yes	absent	ok_pending_P3	6	<50
7123	ENSMUST00000041804.7|ENSMUSG00000038970|Lmtk2	Lmtk2	chr5	+	144184892-144188204	3312	144184741-144184892	151	144184892	1	day7	yes	0.22	0.0935	no		yes	ELAVL1;HNRNPA2B1;NOVA1;PTBP1;QKI;TARDBP	ELAVL1:2.01e-05;HNRNPA2B1:1.86e-05;NOVA1:5.35e-05;PTBP1:5.92e-06;QKI:2.85e-05;TARDBP:6.10e-07	yes	2008	0.2306	C	yes	absent	ok_pending_P3	322	<500
4269	ENSMUST00000027404.11|ENSMUSG00000026204|Ptprn	Ptprn	chr1	-	75247026-75247304	278	75247304-75247551	247	75247304	1	day21	yes	0.22	0.083	no		yes	PTBP1;QKI	PTBP1:2.02e-05;QKI:2.51e-06	yes	169	0.3148	C	yes	absent	ok_pending_P3	193	<200
2682	ENSMUST00000117801.7|ENSMUSG00000005580|Adcy9	Adcy9	chr16	-	4287528-4287749	221	4287749-4287900	151	4287749	1	day60	yes	0.22	0.0936	no		yes	PTBP1	PTBP1:7.93e-05	yes	197	0.4499	C	yes	absent	ok_pending_P3	271	<500
5733	ENSMUST00000015855.7|ENSMUSG00000015711|Prune1	Prune1	chr3	-	95253673-95254032	359	95254032-95254998	966	95254032	1	day1	yes	0.22	0.061	no		yes	ELAVL1;PTBP1;TARDBP	ELAVL1:9.66e-05;PTBP1:2.13e-05;TARDBP:6.51e-05	yes	294	0.4476	C	no	absent	ok_pending_P3	383	<500
6749	ENSMUST00000081170.8|ENSMUSG00000029156|Sgcb	Sgcb	chr5	-	73632748-73633859	1111	73633859-73635497	1638	73633859	1	day1	yes	0.22	0.0747	no		yes	ELAVL1;PTBP1;QKI;TARDBP	ELAVL1:7.84e-05;PTBP1:1.20e-05;QKI:8.56e-07;TARDBP:2.85e-05	yes	750	0.2063	C	no	absent	ok_pending_P3	311	<500
3818	ENSMUST00000025684.3|ENSMUSG00000024772|Ehd1	Ehd1	chr19	+	6298746-6300096	1350	6298595-6298746	151	6298746	1	day3	yes	0.22	0.057	no		yes	ELAVL1;HNRNPA2B1;NOVA1;NOVA2;PTBP1;QKI;TARDBP	ELAVL1:2.96e-05;HNRNPA2B1:4.43e-05;NOVA1:2.96e-05;NOVA2:1.27e-05;PTBP1:9.76e-06;QKI:7.24e-05;TARDBP:8.29e-05	yes	752	0.123	C	no	absent	ok_pending_P3	5	<50
8284	ENSMUST00000106112.1|ENSMUSG00000078566|Bnip3	Bnip3	chr7	-	138890835-138891224	389	138891224-138891917	693	138891224	1	day21	yes	0.22	0.0935	no		yes	ELAVL1;HNRNPA2B1;PTBP1;TARDBP	ELAVL1:9.66e-05;HNRNPA2B1:6.07e-05;PTBP1:3.70e-07;TARDBP:9.40e-05	yes	309	0.167	C	no	absent	ok_pending_P3	5	<50
8654	ENSMUST00000119033.7|ENSMUSG00000036779|Tent4b	Tent4b	chr8	+	88257423-88259722	2299	88257272-88257423	151	88257423	1	day21	yes	0.22	0.0365	no		yes	ELAVL1;NOVA2;PTBP1;QKI;TARDBP	ELAVL1:6.00e-06;NOVA2:2.95e-05;PTBP1:3.63e-06;QKI:5.95e-05;TARDBP:5.62e-08	yes	2248	0.8874	C	no	absent	ok_pending_P3	118	<200
3428	ENSMUST00000024959.9|ENSMUSG00000024146|Cript	Cript	chr17	+	87035476-87035810	334	87035039-87035476	437	87035476	1	day60	yes	0.22	0.0779	no		yes	HNRNPA2B1;NOVA1;PTBP1;TARDBP	HNRNPA2B1:7.13e-07;NOVA1:1.47e-05;PTBP1:3.12e-05;TARDBP:3.58e-05	yes	205	0.0884	C	no	absent	ok_pending_P3	85	<200
4749	ENSMUST00000028286.11|ENSMUSG00000026922|Agpat2	Agpat2	chr2	-	26593056-26593328	272	26593328-26593589	261	26593328	1	day60	yes	0.22	0.0995	no		yes	ELAVL1;NOVA1;PTBP1	ELAVL1:7.93e-05;NOVA1:1.47e-05;PTBP1:1.20e-05	yes	100	0.0647	C	no	absent	ok_pending_P3	104	<200
1112	ENSMUST00000239431.1|ENSMUSG00000034708|Grn	Grn	chr11	+	102436620-102436809	189	102436469-102436620	151	102436620	1	day21	yes	0.215	0.0929	no		yes	PTBP1;TARDBP	PTBP1:9.66e-05;TARDBP:5.62e-08	yes	156	0.3197	C	yes	absent	ok_pending_P3	5	<50
4341	ENSMUST00000027538.8|ENSMUSG00000026311|Asb1	Asb1	chr1	+	91555088-91559589	4501	91554875-91555088	213	91555088	1	day21	yes	0.215	0.057	no		yes	ELAVL1;HNRNPA2B1;NOVA1;NOVA2;PTBP1;QKI;TARDBP	ELAVL1:1.83e-07;HNRNPA2B1:1.98e-05;NOVA1:1.02e-07;NOVA2:5.02e-05;PTBP1:5.23e-06;QKI:5.76e-05;TARDBP:1.05e-05	yes	2293	0.0314	C	yes	absent	ok_pending_P3	4	<50
5259	ENSMUST00000079278.4|ENSMUSG00000059361|Nrsn2	Nrsn2	chr2	-	152368754-152369234	480	152369234-152369503	269	152369234	1	day21	yes	0.215	0.0394	no		yes	ELAVL1;HNRNPA2B1;NOVA2;PTBP1	ELAVL1:9.05e-05;HNRNPA2B1:1.98e-05;NOVA2:1.27e-05;PTBP1:4.03e-06	yes	324	0.1349	C	yes	absent	ok_pending_P3	128	<200
2588	ENSMUST00000049122.15|ENSMUSG00000036167|Pphln1	Pphln1	chr15	+	93489548-93491510	1962	93489165-93489548	383	93489548	1	day3	yes	0.215	0.0254	no		yes	ELAVL1;HNRNPA2B1;NOVA1;NOVA2;PTBP1;QKI;TARDBP	ELAVL1:2.96e-05;HNRNPA2B1:8.25e-06;NOVA1:2.96e-05;NOVA2:2.96e-05;PTBP1:1.20e-05;QKI:5.30e-05;TARDBP:6.51e-05	yes	1688	0.2353	C	no	absent	ok_pending_P3	19	<50
5432	ENSMUST00000099009.8|ENSMUSG00000078894|2210418O10Rik	2210418O10Rik	chr2	+	176238467-176240328	1861	176237077-176238467	1390	176238467	1	day3	yes	0.215	0.0818	no		yes	HNRNPA2B1;NOVA1;NOVA2;PTBP1;TARDBP	HNRNPA2B1:4.75e-05;NOVA1:5.35e-05;NOVA2:3.15e-05;PTBP1:1.79e-05;TARDBP:2.14e-05	yes	816	0.3698	C	no	absent	ok_pending_P3	481137	>=500
5860	ENSMUST00000106429.5|ENSMUSG00000054091|1810037I17Rik	1810037I17Rik	chr3	+	122925735-122926184	449	122924654-122925735	1081	122925735	1	day3	yes	0.215	0.0867	no		yes	ELAVL1;HNRNPA2B1;PTBP1	ELAVL1:7.84e-05;HNRNPA2B1:9.75e-05;PTBP1:3.80e-06	yes	442	0.3517	C	no	absent	ok_pending_P3	24	<50
6886	ENSMUST00000112185.8|ENSMUSG00000041890|Git2	Git2	chr5	-	114727406-114729834	2428	114729834-114730184	350	114729834	1	day3	yes	0.215	0.0892	no		yes	ELAVL1;HNRNPA2B1;NOVA2;PTBP1;QKI	ELAVL1:7.93e-05;HNRNPA2B1:2.99e-05;NOVA2:3.66e-05;PTBP1:9.09e-07;QKI:1.11e-05	yes	1463	0.1374	C	no	absent	ok_pending_P3	30	<50
9043	ENSMUST00000034567.3|ENSMUSG00000000168|Dlat	Dlat	chr9	-	50634632-50635982	1350	50635982-50636427	445	50635982	1	day3	yes	0.215	0.0828	no		yes	ELAVL1;HNRNPA2B1;NOVA1;PTBP1;QKI	ELAVL1:3.80e-06;HNRNPA2B1:7.65e-05;NOVA1:5.35e-05;PTBP1:9.09e-07;QKI:3.75e-05	yes	1127	0.4209	C	no	absent	ok_pending_P3	25	<50
4435	ENSMUST00000027725.10|ENSMUSG00000026455|Klhl12	Klhl12	chr1	+	134490574-134491018	444	134489455-134490574	1119	134490574	1	day21	yes	0.215	0.0798	no		yes	ELAVL1;HNRNPA2B1;PTBP1;QKI	ELAVL1:7.84e-05;HNRNPA2B1:7.65e-05;PTBP1:3.99e-05;QKI:7.93e-05	yes	308	0.2269	C	no	absent	ok_pending_P3	53	<200
6479	ENSMUST00000051633.2|ENSMUSG00000047719|Ubiad1	Ubiad1	chr4	-	148434494-148435048	554	148435048-148436157	1109	148435048	1	day1	yes	0.21	0.028	no		yes	PTBP1	PTBP1:5.30e-05	yes	360	0.2075	C	no	absent	ok_pending_P3	564	>=500
7347	ENSMUST00000070524.4|ENSMUSG00000056429|Tgoln1	Tgoln1	chr6	-	72608431-72611686	3255	72611686-72612107	421	72611686	1	day1	yes	0.21	0.077	no		yes	ELAVL1;HNRNPA2B1;NOVA2;PTBP1;QKI;TARDBP	ELAVL1:3.80e-06;HNRNPA2B1:1.20e-05;NOVA2:3.12e-05;PTBP1:3.70e-07;QKI:1.93e-05;TARDBP:6.51e-05	yes	1695	0.0573	C	no	absent	ok_pending_P3	97	<200
1198	ENSMUST00000053288.5|ENSMUSG00000050910|Cdr2l	Cdr2l	chr11	+	115394385-115396132	1747	115394234-115394385	151	115394385	1	day7	yes	0.21	0.0965	no		yes	ELAVL1;HNRNPA2B1;NOVA1;NOVA2;PTBP1;QKI;TARDBP	ELAVL1:7.93e-05;HNRNPA2B1:4.43e-05;NOVA1:5.35e-05;NOVA2:2.94e-05;PTBP1:9.76e-06;QKI:7.24e-05;TARDBP:6.51e-05	yes	1399	0.2784	C	no	absent	ok_pending_P3	254	<500
1993	ENSMUST00000022419.6|ENSMUSG00000021868|Ppif	Ppif	chr14	+	25700137-25700468	331	25699599-25700137	538	25700137	1	day7	yes	0.21	0.0322	no		yes	PTBP1	PTBP1:3.71e-05	yes	215	0.2329	C	no	absent	ok_pending_P3	75	<200
8560	ENSMUST00000034267.4|ENSMUSG00000031808|Slc27a1	Slc27a1	chr8	+	71586443-71586708	265	71586056-71586443	387	71586443	1	day7	yes	0.21	0.085	no		yes	ELAVL1;NOVA2;PTBP1;TARDBP	ELAVL1:7.93e-05;NOVA2:1.13e-05;PTBP1:7.93e-05;TARDBP:8.29e-05	yes	243	0.0215	C	no	absent	ok_pending_P3	76	<200
6500	ENSMUST00000073600.8|ENSMUSG00000028967|Errfi1	Errfi1	chr4	+	150868532-150868892	360	150867499-150868532	1033	150868532	1	day21	yes	0.21	0.024	no		yes	ELAVL1;HNRNPA2B1	ELAVL1:3.80e-06;HNRNPA2B1:6.07e-05	yes	294	0.6837	C	no	absent	ok_pending_P3	91	<200
7151	ENSMUST00000093110.11|ENSMUSG00000029659|Medag	Medag	chr5	+	149430900-149431723	823	149429908-149430900	992	149430900	1	day21	yes	0.21	0.0967	no		yes	ELAVL1;PTBP1;QKI;TARDBP	ELAVL1:1.83e-07;PTBP1:4.03e-06;QKI:7.24e-05;TARDBP:6.41e-05	yes	467	0.1214	C	no	absent	ok_pending_P3	35	<50
9416	ENSMUST00000115642.7|ENSMUSG00000031161|Hdac6	Hdac6	chrX	-	7930119-7930320	201	7930320-7930471	151	7930320	1	day21	yes	0.21	0.087	no		yes	ELAVL1;PTBP1	ELAVL1:2.01e-05;PTBP1:5.73e-05	yes	150	0.1903	C	no	absent	ok_pending_P3	5	<50
293	ENSMUST00000125635.1|ENSMUSG00000114004|Gm48552	Gm48552	chr10	+	81391153-81391267	114	81390991-81391153	162	81391153	1	day60	yes	0.21	0.0283	no		yes	NOVA1	NOVA1:5.35e-05	yes	114	0.1361	C	no	absent	constrained	384	<500
9407	ENSMUST00000033489.7|ENSMUSG00000031149|Praf2	Praf2	chrX	+	7730778-7731064	286	7730404-7730778	374	7730778	1	day60	yes	0.21	0.078	no		yes	PTBP1	PTBP1:1.21e-05	yes	224	0.1882	C	no	absent	ok_pending_P3	127	<200
5093	ENSMUST00000055241.12|ENSMUSG00000027288|Zfp106	Zfp106	chr2	-	120506819-120509937	3118	120509937-120510088	151	120509937	1	day3	yes	0.205	0.0924	no		yes	ELAVL1;HNRNPA2B1;NOVA2;PTBP1;TARDBP	ELAVL1:3.87e-05;HNRNPA2B1:7.65e-05;NOVA2:2.53e-05;PTBP1:8.37e-06;TARDBP:5.35e-05	yes	2032	0.2016	C	yes	absent	ok_pending_P3	102	<200
9087	ENSMUST00000034856.14|ENSMUSG00000032306|Mpi	Mpi	chr9	-	57544255-57544508	253	57544508-57544722	214	57544508	1	day1	yes	0.205	0.055	no		yes	PTBP1	PTBP1:1.47e-05	yes	118	0.0537	C	no	absent	ok_pending_P3	44	<50
1513	ENSMUST00000223220.1|ENSMUSG00000004791|Pgf	Pgf	chr12	-	85166634-85166869	235	85166869-85167413	544	85166869	1	day7	yes	0.205	0.0421	no		yes	HNRNPA2B1;PTBP1	HNRNPA2B1:1.20e-05;PTBP1:7.86e-05	yes	165	0.2132	C	no	absent	ok_pending_P3	234	<500
117	ENSMUST00000063138.7|ENSMUSG00000047669|Msl3l2	Msl3l2	chr10	+	56116580-56116880	300	56116293-56116580	287	56116580	1	day21	yes	0.205	0.0407	no		yes	ELAVL1;PTBP1;QKI	ELAVL1:7.84e-05;PTBP1:1.20e-05;QKI:1.93e-05	yes	228	0.1295	C	no	absent	ok_pending_P3	281	<500
1222	ENSMUST00000021130.6|ENSMUSG00000020778|Ten1	Ten1	chr11	+	116215225-116215318	93	116215074-116215225	151	116215225	1	day21	yes	0.205	0.094	no		yes	HNRNPA2B1;PTBP1;TARDBP	HNRNPA2B1:5.35e-05;PTBP1:7.93e-05;TARDBP:9.40e-05	yes	67	0.1727	C	no	absent	constrained	44	<50
2890	ENSMUST00000096057.4|ENSMUSG00000022658|Tagln3	Tagln3	chr16	-	45711229-45711412	183	45711412-45711570	158	45711412	1	day21	yes	0.205	0.0725	no		yes	ELAVL1;PTBP1	ELAVL1:1.83e-07;PTBP1:7.93e-05	yes	158	0.6558	C	no	absent	ok_pending_P3	208	<500
2999	ENSMUST00000179554.2|ENSMUSG00000095677|Dynlt1f	Dynlt1f	chr17	-	6648937-6649118	181	6649118-6649269	151	6649118	1	day60	yes	0.205	0.0748	no		yes	PTBP1;QKI	PTBP1:2.85e-05;QKI:4.24e-05	yes	156	0.7265	C	no	absent	ok_pending_P3	35	<50
1731	ENSMUST00000021806.10|ENSMUSG00000021376|Tpmt	Tpmt	chr13	-	47023542-47024137	595	47024137-47025367	1230	47024137	1	day21	yes	0.2	0.0369	no		yes	ELAVL1;PTBP1;QKI	ELAVL1:7.84e-05;PTBP1:9.66e-05;QKI:4.24e-05	yes	350	0.049	C	no	absent	ok_pending_P3	610	>=500
4042	ENSMUST00000099353.5|ENSMUSG00000025066|Sfr1	Sfr1	chr19	+	47735304-47735588	284	47735015-47735304	289	47735304	1	day21	yes	0.2	0.0542	no		yes	ELAVL1;NOVA1	ELAVL1:3.87e-05;NOVA1:5.58e-05	yes	204	0.1708	C	no	absent	ok_pending_P3	1	<50
1071	ENSMUST00000017891.13|ENSMUSG00000017747|Ghdc	Ghdc	chr11	-	100766031-100766504	473	100766504-100766805	301	100766504	1	day60	yes	0.2	0.0517	no		yes	ELAVL1;NOVA2;PTBP1;TARDBP	ELAVL1:3.80e-06;NOVA2:2.95e-05;PTBP1:3.71e-05;TARDBP:1.29e-06	yes	188	0.1106	C	no	absent	ok_pending_P3	486	<500
6427	ENSMUST00000105816.7|ENSMUSG00000028756|Pink1	Pink1	chr4	-	138313408-138313650	242	138313650-138313958	308	138313650	1	day60	yes	0.2	0.0873	no		yes	PTBP1	PTBP1:1.79e-05	yes	149	0.0354	C	no	absent	ok_pending_P3	39	<50
7439	ENSMUST00000044681.6|ENSMUSG00000035199|Arl6ip5	Arl6ip5	chr6	+	97233030-97233315	285	97232569-97233030	461	97233030	1	day60	yes	0.2	0.0837	no		yes	ELAVL1;QKI	ELAVL1:9.66e-05;QKI:7.93e-05	yes	266	0.5253	C	no	absent	ok_pending_P3	67	<200
8310	ENSMUST00000145184.7|ENSMUSG00000025505|Tmem80	Tmem80	chr7	+	141336778-141337156	378	141336047-141336778	731	141336778	1	day60	yes	0.2	0.0628	no		yes	HNRNPA2B1;PTBP1;TARDBP	HNRNPA2B1:5.35e-05;PTBP1:8.85e-05;TARDBP:9.40e-05	yes	316	0.0421	C	no	absent	ok_pending_P3	135	<200
6017	ENSMUST00000054920.4|ENSMUSG00000046312|Myorg	Myorg	chr4	-	41495603-41497264	1661	41497264-41497480	216	41497264	1	day1	yes	0.195	0.0254	no		yes	ELAVL1;HNRNPA2B1;NOVA1;NOVA2;PTBP1;TARDBP	ELAVL1:2.96e-05;HNRNPA2B1:7.65e-05;NOVA1:2.96e-05;NOVA2:2.96e-05;PTBP1:1.83e-06;TARDBP:5.62e-08	yes	1179	0.1732	C	no	absent	ok_pending_P3	877	>=500
6378	ENSMUST00000144668.7|ENSMUSG00000012117|Dhdds	Dhdds	chr4	-	133969027-133970833	1806	133970833-133971019	186	133970833	1	day1	yes	0.195	0.0429	no		yes	ELAVL1;HNRNPA2B1;NOVA2;PTBP1;QKI;TARDBP	ELAVL1:7.93e-05;HNRNPA2B1:1.20e-05;NOVA2:5.35e-05;PTBP1:3.80e-06;QKI:1.11e-05;TARDBP:5.04e-05	yes	1499	0.4736	C	no	absent	ok_pending_P3	18	<50
6390	ENSMUST00000060435.6|ENSMUSG00000050989|Selenon	Selenon	chr4	-	134537891-134538915	1024	134538915-134539618	703	134538915	1	day7	yes	0.195	0.0973	no		yes	HNRNPA2B1;NOVA2;PTBP1;TARDBP	HNRNPA2B1:8.71e-06;NOVA2:2.17e-05;PTBP1:1.83e-06;TARDBP:8.29e-05	yes	636	0.1567	C	no	absent	ok_pending_P3	146	<200
2177	ENSMUST00000184973.7|ENSMUSG00000095463|Entpd4	Entpd4	chr14	+	69366471-69367270	799	69365736-69366471	735	69366471	1	day21	yes	0.195	0.094	no		yes	ELAVL1;NOVA1;PTBP1;QKI;TARDBP	ELAVL1:7.84e-05;NOVA1:1.60e-06;PTBP1:3.80e-06;QKI:7.24e-05;TARDBP:3.58e-05	yes	474	0.047	C	no	absent	ok_pending_P3	114044	>=500
9617	ENSMUST00000058125.8|ENSMUSG00000050071|Bex1	Bex1	chrX	-	136213971-136214043	72	136214043-136214194	151	136214043	1	day21	yes	0.195	0.0825	no		yes	ELAVL1;PTBP1	ELAVL1:7.84e-05;PTBP1:7.93e-05	yes	72	0.7901	C	no	absent	constrained	39	<50
291	ENSMUST00000072751.12|ENSMUSG00000078440|Dohh	Dohh	chr10	+	81388171-81388352	181	81388020-81388171	151	81388171	1	day60	yes	0.195	0.0396	no		yes	PTBP1;TARDBP	PTBP1:7.14e-05;TARDBP:5.04e-05	yes	173	0.0981	C	no	absent	ok_pending_P3	167	<200
6877	ENSMUST00000058472.12|ENSMUSG00000042078|Svop	Svop	chr5	-	114026909-114027265	356	114027265-114028260	995	114027265	1	day60	yes	0.19	0.0497	no		yes	HNRNPA2B1;PTBP1	HNRNPA2B1:4.43e-05;PTBP1:2.02e-05	yes	235	0.2004	C	yes	absent	ok_pending_P3	179	<200
3231	ENSMUST00000068261.8|ENSMUSG00000024403|Atp6v1g2	Atp6v1g2	chr17	+	35238476-35238767	291	35237795-35238476	681	35238476	1	day1	yes	0.19	0.0903	no		yes	ELAVL1;NOVA1;PTBP1	ELAVL1:9.66e-05;NOVA1:9.54e-05;PTBP1:1.70e-05	yes	194	0.1811	C	no	absent	ok_pending_P3	22	<50
7306	ENSMUST00000031805.10|ENSMUSG00000029787|Avl9	Avl9	chr6	+	56757539-56761912	4373	56757384-56757539	155	56757539	1	day1	yes	0.19	0.0757	no		yes	ELAVL1;HNRNPA2B1;NOVA1;NOVA2;PTBP1;QKI;TARDBP	ELAVL1:3.87e-05;HNRNPA2B1:2.99e-05;NOVA1:1.34e-05;NOVA2:2.69e-05;PTBP1:5.23e-06;QKI:6.57e-05;TARDBP:9.09e-07	yes	2905	0.1855	C	no	absent	ok_pending_P3	132	<200
1994	ENSMUST00000069180.7|ENSMUSG00000055538|Zcchc24	Zcchc24	chr14	-	25711641-25714543	2902	25714543-25715291	748	25714543	1	day7	yes	0.19	0.0253	no		yes	ELAVL1;HNRNPA2B1;NOVA2;PTBP1;QKI;TARDBP	ELAVL1:1.27e-05;HNRNPA2B1:8.71e-06;NOVA2:1.27e-05;PTBP1:4.03e-06;QKI:7.24e-05;TARDBP:1.47e-05	yes	2041	0.4171	C	no	absent	ok_pending_P3	146	<200
4415	ENSMUST00000045110.13|ENSMUSG00000042046|Dstyk	Dstyk	chr1	+	132465709-132466958	1249	132463508-132465709	2201	132465709	1	day7	yes	0.19	0.0879	no		yes	ELAVL1;HNRNPA2B1;NOVA1;NOVA2;PTBP1;TARDBP	ELAVL1:1.27e-05;HNRNPA2B1:5.93e-05;NOVA1:5.35e-05;NOVA2:4.10e-05;PTBP1:3.71e-05;TARDBP:6.51e-05	yes	933	0.2732	C	no	absent	ok_pending_P3	173	<200
9126	ENSMUST00000005066.8|ENSMUSG00000004936|Map2k1	Map2k1	chr9	-	64185769-64186176	407	64186176-64186687	511	64186176	1	day21	yes	0.19	0.0303	no		yes	ELAVL1;HNRNPA2B1;PTBP1	ELAVL1:2.01e-05;HNRNPA2B1:2.31e-05;PTBP1:6.22e-05	yes	397	0.8014	C	no	absent	ok_pending_P3	183	<200
1986	ENSMUST00000045376.10|ENSMUSG00000039197|Adk	Adk	chr14	+	21448245-21448569	324	21447935-21448245	310	21448245	1	day60	yes	0.19	0.0889	no		yes	ELAVL1;PTBP1;TARDBP	ELAVL1:7.84e-05;PTBP1:9.66e-05;TARDBP:7.15e-06	yes	307	0.6743	C	no	absent	ok_pending_P3	26	<50
8084	ENSMUST00000106923.1|ENSMUSG00000073982|Rhog	Rhog	chr7	-	102239122-102239394	272	102239394-102239671	277	102239394	1	day60	yes	0.19	0.0913	no		yes	NOVA2;PTBP1	NOVA2:5.35e-05;PTBP1:2.02e-05	yes	266	0.7641	C	no	absent	ok_pending_P3	134	<200
6685	ENSMUST00000114158.8|ENSMUSG00000029121|Crmp1	Crmp1	chr5	+	37291853-37292133	280	37291205-37291853	648	37291853	1	day21	yes	0.185	0.056	no		yes	TARDBP	TARDBP:8.29e-05	yes	255	0.5264	C	yes	absent	ok_pending_P3	210	<500
5303	ENSMUST00000029147.15|ENSMUSG00000027618|Nfs1	Nfs1	chr2	-	156123638-156123908	270	156123908-156124266	358	156123908	1	day7	yes	0.185	0.0747	no		yes	ELAVL1;PTBP1	ELAVL1:7.84e-05;PTBP1:7.93e-05	yes	214	0.2199	C	no	absent	ok_pending_P3	68	<200
5710	ENSMUST00000107343.7|ENSMUSG00000001017|Chtop	Chtop	chr3	-	90498955-90499285	330	90499285-90499904	619	90499285	1	day7	yes	0.185	0.0436	no		yes	ELAVL1;NOVA1;NOVA2;PTBP1	ELAVL1:2.96e-05;NOVA1:2.96e-05;NOVA2:2.96e-05;PTBP1:7.14e-06	yes	224	0.3087	C	no	absent	ok_pending_P3	251	<500
4229	ENSMUST00000097709.10|ENSMUSG00000025950|Idh1	Idh1	chr1	-	65158615-65158943	328	65158943-65159467	524	65158943	1	day21	yes	0.185	0.0817	no		yes	ELAVL1;HNRNPA2B1;PTBP1	ELAVL1:7.84e-05;HNRNPA2B1:1.20e-05;PTBP1:1.79e-05	yes	246	0.3539	C	no	absent	ok_pending_P3	23	<50
4788	ENSMUST00000100220.4|ENSMUSG00000039660|Spout1	Spout1	chr2	-	30173470-30173690	220	30173690-30174095	405	30173690	1	day21	yes	0.185	0.0253	no		yes	HNRNPA2B1;PTBP1;TARDBP	HNRNPA2B1:1.27e-06;PTBP1:7.93e-05;TARDBP:5.04e-05	yes	114	0.1392	C	no	absent	ok_pending_P3	105	<200
7542	ENSMUST00000032216.6|ENSMUSG00000030122|Ptms	Ptms	chr6	-	124913680-124913916	236	124913916-124914184	268	124913916	1	day21	yes	0.185	0.0844	no		yes	ELAVL1;PTBP1	ELAVL1:7.84e-05;PTBP1:5.23e-05	yes	208	0.7028	C	no	absent	ok_pending_P3	13	<50
4015	ENSMUST00000111948.7|ENSMUSG00000025213|Kazald1	Kazald1	chr19	+	45079115-45079289	174	45078964-45079115	151	45079115	1	day60	yes	0.185	0.0257	no		yes	PTBP1	PTBP1:7.14e-05	yes	128	0.0767	C	no	absent	ok_pending_P3	109	<200
4451	ENSMUST00000048309.11|ENSMUSG00000041570|Camsap2	Camsap2	chr1	-	136268122-136270693	2571	136270693-136270844	151	136270693	1	day21	yes	0.18	0.0253	no		yes	ELAVL1;HNRNPA2B1;NOVA1;NOVA2;PTBP1;QKI;TARDBP	ELAVL1:3.80e-06;HNRNPA2B1:4.43e-05;NOVA1:3.36e-05;NOVA2:3.63e-05;PTBP1:3.70e-05;QKI:4.72e-05;TARDBP:1.47e-05	yes	2289	0.5812	C	yes	absent	ok_pending_P3	1	<50
1009	ENSMUST00000058866.7|ENSMUSG00000046719|Nxph3	Nxph3	chr11	-	95509844-95510515	671	95510515-95510830	315	95510515	1	day60	yes	0.18	0.0936	no		yes	ELAVL1;HNRNPA2B1;NOVA1;NOVA2;PTBP1;TARDBP	ELAVL1:2.96e-05;HNRNPA2B1:6.07e-05;NOVA1:2.96e-05;NOVA2:2.96e-05;PTBP1:2.52e-05;TARDBP:4.38e-06	yes	438	0.1667	C	yes	absent	ok_pending_P3	627	>=500
1579	ENSMUST00000167978.8|ENSMUSG00000021263|Degs2	Degs2	chr12	-	108688238-108688903	665	108688903-108689054	151	108688903	1	day1	yes	0.18	0.0455	no		yes	ELAVL1;NOVA2;PTBP1;TARDBP	ELAVL1:3.87e-05;NOVA2:6.23e-05;PTBP1:6.51e-05;TARDBP:6.41e-05	yes	341	0.2295	C	no	absent	ok_pending_P3	1317	>=500
1784	ENSMUST00000109905.4|ENSMUSG00000058569|Tmed9	Tmed9	chr13	+	55597330-55597697	367	55596987-55597330	343	55597330	1	day1	yes	0.18	0.0929	no		yes	ELAVL1;PTBP1;QKI;TARDBP	ELAVL1:7.93e-05;PTBP1:1.20e-05;QKI:6.39e-06;TARDBP:6.51e-05	yes	301	0.3394	C	no	absent	ok_pending_P3	41	<50
356	ENSMUST00000020217.6|ENSMUSG00000020029|Nudt4	Nudt4	chr10	-	95547006-95548947	1941	95548947-95549290	343	95548947	1	day3	yes	0.18	0.0793	no		yes	ELAVL1;HNRNPA2B1;NOVA1;NOVA2;PTBP1;TARDBP	ELAVL1:9.05e-05;HNRNPA2B1:1.20e-05;NOVA1:1.47e-05;NOVA2:6.23e-05;PTBP1:1.47e-05;TARDBP:3.58e-05	yes	1534	0.3787	C	no	absent	ok_pending_P3	106	<200
2921	ENSMUST00000023629.8|ENSMUSG00000022912|Pros1	Pros1	chr16	+	62928981-62929346	365	62928190-62928981	791	62928981	1	day7	yes	0.18	0.0919	no		yes	HNRNPA2B1;NOVA2	HNRNPA2B1:4.75e-05;NOVA2:3.56e-05	yes	216	0.0863	C	no	absent	ok_pending_P3	282	<500
8796	ENSMUST00000049156.6|ENSMUSG00000034105|Meak7	Meak7	chr8	-	119760075-119761454	1379	119761454-119761716	262	119761454	1	day7	yes	0.18	0.0455	no		yes	ELAVL1;HNRNPA2B1;NOVA1;NOVA2;PTBP1;QKI;TARDBP	ELAVL1:2.96e-05;HNRNPA2B1:3.12e-06;NOVA1:2.96e-05;NOVA2:2.96e-05;PTBP1:7.14e-06;QKI:2.85e-05;TARDBP:6.10e-07	yes	582	0.0247	C	no	absent	ok_pending_P3	28	<50
1219	ENSMUST00000106441.7|ENSMUSG00000020773|Trim47	Trim47	chr11	-	116105751-116105852	101	116105852-116106003	151	116105852	1	day21	yes	0.18	0.0977	no		yes	NOVA1	NOVA1:5.43e-05	yes	72	0.2882	C	no	absent	constrained	122	<200
3126	ENSMUST00000055117.8|ENSMUSG00000044857|Lemd2	Lemd2	chr17	-	27189599-27189960	361	27189960-27190642	682	27189960	1	day21	yes	0.18	0.0603	no		yes	HNRNPA2B1;PTBP1;TARDBP	HNRNPA2B1:5.35e-05;PTBP1:4.94e-05;TARDBP:1.05e-05	yes	260	0.2691	C	no	absent	ok_pending_P3	157	<200
7053	ENSMUST00000031726.14|ENSMUSG00000029713|Gnb2	Gnb2	chr5	-	137528126-137528351	225	137528351-137528505	154	137528351	1	day21	yes	0.18	0.0612	no		yes	HNRNPA2B1;PTBP1	HNRNPA2B1:4.90e-06;PTBP1:9.76e-06	yes	222	0.826	C	no	absent	ok_pending_P3	190	<200
367	ENSMUST00000220346.1|ENSMUSG00000019971|Cep290	Cep290	chr10	+	100573255-100573655	400	100573104-100573255	151	100573255	1	day60	yes	0.18	0.0456	no		yes	ELAVL1;NOVA1;PTBP1;TARDBP	ELAVL1:2.01e-05;NOVA1:5.76e-05;PTBP1:7.93e-05;TARDBP:6.51e-05	yes	213	0.2501	C	no	absent	ok_pending_P3	10	<50
5288	ENSMUST00000029128.3|ENSMUSG00000027602|Map1lc3a	Map1lc3a	chr2	+	155277853-155278073	220	155277634-155277853	219	155277853	1	day60	yes	0.18	0.0248	no		yes	NOVA2;PTBP1;TARDBP	NOVA2:6.81e-05;PTBP1:5.70e-05;TARDBP:5.04e-05	yes	215	0.6096	C	no	absent	ok_pending_P3	182	<200
6121	ENSMUST00000035301.6|ENSMUSG00000039105|Atp6v1g1	Atp6v1g1	chr4	+	63550411-63550750	339	63550115-63550411	296	63550411	1	day60	yes	0.18	0.0447	no		yes	ELAVL1;HNRNPA2B1;PTBP1;QKI	ELAVL1:9.05e-05;HNRNPA2B1:7.86e-05;PTBP1:5.23e-06;QKI:7.93e-05	yes	297	0.4728	C	no	absent	ok_pending_P3	1	<50
6478	ENSMUST00000047951.8|ENSMUSG00000041556|Fbxo2	Fbxo2	chr4	+	148166247-148166424	177	148166096-148166247	151	148166247	1	day60	yes	0.18	0.0751	no		yes	PTBP1	PTBP1:1.47e-05	yes	114	0.1867	C	no	absent	ok_pending_P3	3	<50
1507	ENSMUST00000021667.6|ENSMUSG00000021241|Isca2	Isca2	chr12	+	84774869-84775085	216	84774714-84774869	155	84774869	1	day7	yes	0.175	0.0253	no		yes	PTBP1	PTBP1:2.52e-05	yes	154	0.3844	C	no	absent	ok_pending_P3	90	<200
3962	ENSMUST00000087321.3|ENSMUSG00000067279|Ppp1r3c	Ppp1r3c	chr19	-	36731730-36733266	1536	36733266-36733417	151	36733266	1	day7	yes	0.175	0.0258	no		yes	HNRNPA2B1;NOVA2;PTBP1	HNRNPA2B1:8.19e-07;NOVA2:5.35e-05;PTBP1:9.76e-06	yes	1211	0.2723	C	no	absent	ok_pending_P3	945	>=500
9204	ENSMUST00000034796.13|ENSMUSG00000032262|Elovl4	Elovl4	chr9	-	83778691-83779694	1003	83779694-83780542	848	83779694	1	day7	yes	0.175	0.0806	no		yes	ELAVL1;HNRNPA2B1;NOVA1;PTBP1;TARDBP	ELAVL1:2.01e-05;HNRNPA2B1:8.37e-05;NOVA1:5.35e-05;PTBP1:5.70e-05;TARDBP:6.51e-05	yes	922	0.6005	C	no	absent	ok_pending_P3	696	>=500
2641	ENSMUST00000000356.9|ENSMUSG00000000346|Dazap2	Dazap2	chr15	+	100620407-100620761	354	100619493-100620407	914	100620407	1	day21	yes	0.175	0.057	no		yes	ELAVL1;NOVA2	ELAVL1:9.66e-05;NOVA2:5.35e-05	yes	353	0.8932	C	no	absent	ok_pending_P3	36	<50
1118	ENSMUST00000107075.8|ENSMUSG00000034520|Gjc1	Gjc1	chr11	-	102799578-102799794	216	102799794-102799987	193	102799794	1	day60	yes	0.175	0.0805	no		yes	PTBP1	PTBP1:1.79e-05	yes	216	0.9082	C	no	absent	ok_pending_P3	86	<200
5399	ENSMUST00000109175.8|ENSMUSG00000027546|Atp9a	Atp9a	chr2	-	168634437-168634618	181	168634618-168634774	156	168634618	1	day21	yes	0.17	0.0979	no		yes	PTBP1;QKI	PTBP1:1.86e-05;QKI:7.24e-05	yes	96	0.2624	C	yes	absent	ok_pending_P3	131	<200
2433	ENSMUST00000160172.7|ENSMUSG00000022553|Maf1	Maf1	chr15	+	76354132-76354380	248	76353865-76354132	267	76354132	1	day7	yes	0.17	0.0758	no		yes	ELAVL1	ELAVL1:7.84e-05	yes	211	0.505	C	no	absent	ok_pending_P3	188	<200
3941	ENSMUST00000066039.7|ENSMUSG00000053536|Cstf2t	Cstf2t	chr19	+	31086425-31087069	644	31084961-31086425	1464	31086425	1	day7	yes	0.17	0.0757	no		yes	ELAVL1;PTBP1	ELAVL1:2.01e-05;PTBP1:1.47e-05	yes	368	0.1031	C	no	absent	ok_pending_P3	147	<200
7472	ENSMUST00000035673.7|ENSMUSG00000033933|Vhl	Vhl	chr6	+	113630531-113631633	1102	113629566-113630531	965	113630531	1	day7	yes	0.17	0.057	no		yes	ELAVL1;HNRNPA2B1;NOVA1;NOVA2;PTBP1;QKI;TARDBP	ELAVL1:6.68e-07;HNRNPA2B1:6.07e-05;NOVA1:5.35e-05;NOVA2:3.15e-05;PTBP1:3.99e-05;QKI:7.24e-05;TARDBP:8.37e-06	yes	979	0.144	C	no	absent	ok_pending_P3	791	>=500
256	ENSMUST00000191440.6|ENSMUSG00000003346|Abhd17a	Abhd17a	chr10	-	80583654-80583831	177	80583831-80584141	310	80583831	1	day60	yes	0.17	0.0447	no		yes	HNRNPA2B1;PTBP1	HNRNPA2B1:3.12e-06;PTBP1:3.80e-06	yes	131	0.3319	C	no	absent	ok_pending_P3	144	<200
7423	ENSMUST00000041544.7|ENSMUSG00000064080|Fbln2	Fbln2	chr6	+	91272165-91272540	375	91271876-91272165	289	91272165	1	day60	yes	0.17	0.0317	no		yes	ELAVL1;NOVA1;PTBP1	ELAVL1:9.05e-05;NOVA1:1.34e-05;PTBP1:9.66e-05	yes	375	0.495	C	no	absent	ok_pending_P3	3	<50
9031	ENSMUST00000034524.4|ENSMUSG00000032026|Rexo2	Rexo2	chr9	-	48468511-48468668	157	48468668-48468819	151	48468668	1	day60	yes	0.17	0.0663	no		yes	ELAVL1;HNRNPA2B1;TARDBP	ELAVL1:8.86e-06;HNRNPA2B1:8.37e-05;TARDBP:4.13e-05	yes	145	0.7202	C	no	absent	ok_pending_P3	180	<200
7239	ENSMUST00000114874.4|ENSMUSG00000079598|Clec2l	Clec2l	chr6	+	38680603-38680865	262	38680236-38680603	367	38680603	1	day21	yes	0.165	0.0865	no		yes	HNRNPA2B1;PTBP1	HNRNPA2B1:4.79e-05;PTBP1:1.47e-05	yes	125	0.2258	C	yes	absent	ok_pending_P3	194	<200
3689	ENSMUST00000045105.12|ENSMUSG00000024533|Spire1	Spire1	chr18	-	67488208-67490106	1898	67490106-67491293	1187	67490106	1	day1	yes	0.165	0.0974	no		yes	ELAVL1;HNRNPA2B1;NOVA1;PTBP1;QKI;TARDBP	ELAVL1:7.84e-05;HNRNPA2B1:2.99e-05;NOVA1:1.34e-05;PTBP1:1.79e-05;QKI:7.93e-05;TARDBP:5.04e-05	yes	1315	0.2767	C	no	absent	ok_pending_P3	147	<200
1061	ENSMUST00000066489.12|ENSMUSG00000006931|P3h4	P3h4	chr11	-	100408455-100408932	477	100408932-100409124	192	100408932	1	day7	yes	0.165	0.0809	no		yes	ELAVL1;HNRNPA2B1;PTBP1;QKI	ELAVL1:9.66e-05;HNRNPA2B1:7.86e-05;PTBP1:3.71e-05;QKI:9.18e-05	yes	301	0.076	C	no	absent	ok_pending_P3	108	<200
8631	ENSMUST00000003907.13|ENSMUSG00000003809|Gcdh	Gcdh	chr8	-	84886392-84886783	391	84886783-84886982	199	84886783	1	day7	yes	0.165	0.0472	no		yes	HNRNPA2B1;PTBP1;TARDBP	HNRNPA2B1:7.86e-05;PTBP1:1.21e-05;TARDBP:5.35e-05	yes	206	0.0743	C	no	absent	ok_pending_P3	8	<50
756	ENSMUST00000018880.13|ENSMUSG00000018736|Ndel1	Ndel1	chr11	-	68821433-68821812	379	68821812-68822574	762	68821812	1	day21	yes	0.165	0.0838	no		yes	ELAVL1;PTBP1	ELAVL1:3.80e-06;PTBP1:7.93e-05	yes	356	0.7182	C	no	absent	ok_pending_P3	281	<500
2075	ENSMUST00000111610.11|ENSMUSG00000060373|Hnrnpc	Hnrnpc	chr14	-	52073376-52074842	1466	52074842-52075082	240	52074842	1	day21	yes	0.165	0.0895	no		yes	ELAVL1;NOVA2;PTBP1	ELAVL1:8.86e-06;NOVA2:4.14e-06;PTBP1:2.52e-05	yes	1376	0.3437	C	no	absent	ok_pending_P3	52	<200
4875	ENSMUST00000100089.2|ENSMUSG00000075334|Rprm	Rprm	chr2	-	54084092-54084468	376	54084468-54084977	509	54084468	1	day21	yes	0.165	0.0253	no		yes	ELAVL1;HNRNPA2B1;PTBP1	ELAVL1:7.84e-05;HNRNPA2B1:4.43e-05;PTBP1:2.52e-05	yes	344	0.6894	C	no	absent	ok_pending_P3	74	<200
4984	ENSMUST00000111356.7|ENSMUSG00000002108|Nr1h3	Nr1h3	chr2	-	91184060-91184187	127	91184187-91184338	151	91184187	1	day21	yes	0.165	0.0603	no		yes	PTBP1	PTBP1:8.11e-05	yes	79	0.3411	C	no	absent	constrained	50	<200
5021	ENSMUST00000028610.9|ENSMUSG00000027187|Cat	Cat	chr2	-	103453848-103454256	408	103454256-103454758	502	103454256	1	day21	yes	0.165	0.0476	no		yes	HNRNPA2B1;PTBP1;QKI	HNRNPA2B1:8.37e-05;PTBP1:1.79e-05;QKI:1.93e-05	yes	310	0.2335	C	no	absent	ok_pending_P3	26	<50
9692	ENSMUST00000091197.3|ENSMUSG00000069049|Eif2s3y	Eif2s3y	chrY	+	1028420-1028594	174	1028248-1028420	172	1028420	1	day21	yes	0.165	0.055	no		yes	PTBP1	PTBP1:9.66e-05	yes	174	0.4904	C	no	absent	ok_pending_P3	65	<200
2693	ENSMUST00000202281.3|ENSMUSG00000022540|Rogdi	Rogdi	chr16	-	5008729-5008991	262	5008991-5009213	222	5008991	1	day60	yes	0.165	0.0832	no		yes	PTBP1	PTBP1:2.02e-05	yes	100	0.0736	C	no	absent	ok_pending_P3	277	<500
4185	ENSMUST00000027263.13|ENSMUSG00000026094|Stk17b	Stk17b	chr1	-	53755505-53756312	807	53756312-53757490	1178	53756312	1	day60	yes	0.165	0.0967	no		yes	ELAVL1;HNRNPA2B1;PTBP1;TARDBP	ELAVL1:9.66e-05;HNRNPA2B1:5.99e-06;PTBP1:1.79e-05;TARDBP:1.47e-05	yes	669	0.249	C	no	absent	ok_pending_P3	41	<50
9476	ENSMUST00000026723.8|ENSMUSG00000025630|Hprt	Hprt	chrX	+	53021390-53021659	269	53021111-53021390	279	53021390	1	day60	yes	0.165	0.0484	no		yes	ELAVL1;PTBP1;TARDBP	ELAVL1:7.84e-05;PTBP1:7.93e-05;TARDBP:6.51e-05	yes	237	0.5686	C	no	absent	ok_pending_P3	82	<200
2928	ENSMUST00000114292.7|ENSMUSG00000064115|Cadm2	Cadm2	chr16	-	66655420-66660595	5175	66660595-66663095	2500	66660595	1	day1	yes	0.16	0.0334	no		yes	ELAVL1;HNRNPA2B1;NOVA1;NOVA2;PTBP1;QKI;TARDBP	ELAVL1:1.83e-07;HNRNPA2B1:9.75e-05;NOVA1:2.99e-05;NOVA2:5.35e-05;PTBP1:1.11e-06;QKI:3.39e-06;TARDBP:5.62e-08	yes	4710	0.6102	C	yes	absent	ok_pending_P3	43	<50
44	ENSMUST00000020145.11|ENSMUSG00000019970|Sgk1	Sgk1	chr10	+	21999277-21999903	626	21998824-21999277	453	21999277	1	day7	yes	0.16	0.0882	no		yes	ELAVL1;PTBP1;TARDBP	ELAVL1:7.84e-05;PTBP1:1.79e-05;TARDBP:3.63e-05	yes	604	0.8882	C	no	absent	ok_pending_P3	359	<500
647	ENSMUST00000020657.12|ENSMUSG00000020390|Ube2b	Ube2b	chr11	-	51985496-51986393	897	51986393-51986684	291	51986393	1	day7	yes	0.16	0.035	no		yes	ELAVL1;PTBP1;QKI	ELAVL1:3.87e-05;PTBP1:7.34e-05;QKI:5.30e-05	yes	882	0.7712	C	no	absent	ok_pending_P3	29	<50
1726	ENSMUST00000021802.15|ENSMUSG00000021373|Cap2	Cap2	chr13	+	46649458-46650281	823	46648361-46649458	1097	46649458	1	day21	yes	0.16	0.0714	no		yes	ELAVL1;HNRNPA2B1;PTBP1;TARDBP	ELAVL1:2.01e-05;HNRNPA2B1:9.75e-05;PTBP1:3.71e-05;TARDBP:5.62e-08	yes	773	0.2426	C	no	absent	ok_pending_P3	64	<200
1831	ENSMUST00000198607.4|ENSMUSG00000034575|Tent4a	Tent4a	chr13	-	69497958-69499531	1573	69499531-69499918	387	69499531	1	day21	yes	0.16	0.0542	no		yes	ELAVL1;HNRNPA2B1;NOVA2;PTBP1;QKI;TARDBP	ELAVL1:2.01e-05;HNRNPA2B1:5.03e-06;NOVA2:5.35e-05;PTBP1:3.63e-06;QKI:6.39e-06;TARDBP:1.05e-05	yes	1269	0.524	C	no	absent	ok_pending_P3	106	<200
3295	ENSMUST00000071841.6|ENSMUSG00000063576|Klhdc3	Klhdc3	chr17	-	46674549-46674796	247	46674796-46675088	292	46674796	1	day21	yes	0.16	0.0795	no		yes	PTBP1	PTBP1:1.47e-05	yes	232	0.732	C	no	absent	ok_pending_P3	213	<500
4698	ENSMUST00000061158.4|ENSMUSG00000051154|Commd3	Commd3	chr2	+	18676074-18676231	157	18675923-18676074	151	18676074	1	day21	yes	0.16	0.0392	no		yes	PTBP1	PTBP1:3.71e-05	yes	126	0.12	C	no	absent	ok_pending_P3	7	<50
9242	ENSMUST00000035038.7|ENSMUSG00000032463|Faim	Faim	chr9	+	99001852-99002021	169	99001701-99001852	151	99001852	1	day21	yes	0.16	0.0566	no		yes	ELAVL1;QKI	ELAVL1:7.84e-05;QKI:7.93e-05	yes	157	0.4826	C	no	absent	ok_pending_P3	78	<200
4244	ENSMUST00000006462.13|ENSMUSG00000006299|Aamp	Aamp	chr1	-	74279839-74280069	230	74280069-74280236	167	74280069	1	day60	yes	0.16	0.0692	no		yes	HNRNPA2B1;PTBP1;TARDBP	HNRNPA2B1:4.90e-06;PTBP1:1.21e-05;TARDBP:1.75e-05	yes	199	0.6346	C	no	absent	ok_pending_P3	237	<500
5417	ENSMUST00000109075.7|ENSMUSG00000016253|Nelfcd	Nelfcd	chr2	+	174427261-174427502	241	174427062-174427261	199	174427261	1	day60	yes	0.16	0.0693	no		yes	HNRNPA2B1;TARDBP	HNRNPA2B1:7.86e-05;TARDBP:5.62e-08	yes	94	0.0215	C	no	absent	ok_pending_P3	29	<50
9037	ENSMUST00000034570.6|ENSMUSG00000032067|Pts	Pts	chr9	-	50521616-50521906	290	50521906-50522215	309	50521906	1	day60	yes	0.16	0.0817	no		yes	ELAVL1	ELAVL1:3.80e-06	yes	205	0.112	C	no	absent	ok_pending_P3	76	<200
6534	ENSMUST00000105613.9|ENSMUSG00000029063|Nadk	Nadk	chr4	+	155589665-155591001	1336	155589472-155589665	193	155589665	1	day3	yes	0.155	0.0967	no		yes	ELAVL1;HNRNPA2B1;NOVA1;PTBP1;QKI;TARDBP	ELAVL1:3.80e-06;HNRNPA2B1:1.30e-05;NOVA1:1.47e-05;PTBP1:1.21e-05;QKI:9.18e-05;TARDBP:5.04e-05	yes	707	0.1803	C	no	absent	ok_pending_P3	5	<50
2470	ENSMUST00000089378.4|ENSMUSG00000116165|Pdxp	Pdxp	chr15	+	78919194-78919517	323	78918443-78919194	751	78919194	1	day7	yes	0.155	0.0596	no		yes	ELAVL1;HNRNPA2B1;NOVA2;QKI	ELAVL1:1.83e-07;HNRNPA2B1:5.35e-05;NOVA2:3.98e-05;QKI:5.30e-05	yes	245	0.2739	C	no	absent	ok_pending_P3	176	<200
9632	ENSMUST00000055738.11|ENSMUSG00000031431|Tsc22d3	Tsc22d3	chrX	-	140539527-140540350	823	140540350-140540870	520	140540350	1	day7	yes	0.155	0.0535	no		yes	ELAVL1;NOVA2;PTBP1;TARDBP	ELAVL1:7.93e-05;NOVA2:8.72e-05;PTBP1:3.63e-06;TARDBP:7.15e-06	yes	775	0.6823	C	no	absent	ok_pending_P3	102	<200
2272	ENSMUST00000082424.10|ENSMUSG00000064373|Selenop	Selenop	chr15	+	3280203-3280508	305	3279707-3280203	496	3280203	1	day21	yes	0.155	0.0911	no		yes	PTBP1	PTBP1:2.31e-05	yes	257	0.4112	C	no	absent	ok_pending_P3	21	<50
7065	ENSMUST00000110961.8|ENSMUSG00000037017|Zscan21	Zscan21	chr5	+	138134031-138134265	234	138133880-138134031	151	138134031	1	day21	yes	0.155	0.0874	no		yes	HNRNPA2B1;TARDBP	HNRNPA2B1:4.43e-05;TARDBP:8.29e-05	yes	154	0.0674	C	no	absent	ok_pending_P3	59	<200
7357	ENSMUST00000095786.5|ENSMUSG00000030042|Pole4	Pole4	chr6	-	82646700-82647583	883	82647583-82648025	442	82647583	1	day21	yes	0.155	0.0571	no		yes	ELAVL1;PTBP1;TARDBP	ELAVL1:8.86e-06;PTBP1:3.71e-05;TARDBP:5.35e-05	yes	623	0.0245	C	no	absent	ok_pending_P3	138	<200
1761	ENSMUST00000026989.14|ENSMUSG00000025871|4833439L19Rik	4833439L19Rik	chr13	-	54551217-54551724	507	54551724-54552614	890	54551724	1	day60	yes	0.155	0.0788	no		yes	ELAVL1;PTBP1;TARDBP	ELAVL1:6.00e-06;PTBP1:4.03e-06;TARDBP:6.41e-05	yes	332	0.156	C	no	absent	ok_pending_P3	243	<500
7544	ENSMUST00000032220.14|ENSMUSG00000030127|Cops7a	Cops7a	chr6	-	124958815-124959154	339	124959154-124959600	446	124959154	1	day60	yes	0.155	0.0935	no		yes	ELAVL1;PTBP1;QKI	ELAVL1:3.87e-05;PTBP1:7.14e-06;QKI:3.75e-05	yes	288	0.3729	C	no	absent	ok_pending_P3	300	<500
9199	ENSMUST00000035889.14|ENSMUSG00000033577|Myo6	Myo6	chr9	+	80309232-80311729	2497	80307868-80309232	1364	80309232	1	day1	yes	0.15	0.074	no		yes	ELAVL1;NOVA1;NOVA2;PTBP1;TARDBP	ELAVL1:1.27e-05;NOVA1:9.54e-05;NOVA2:5.35e-05;PTBP1:8.37e-06;TARDBP:1.79e-05	yes	1588	0.1373	C	yes	absent	ok_pending_P3	37	<50
1180	ENSMUST00000071539.9|ENSMUSG00000041654|Slc39a11	Slc39a11	chr11	-	113244852-113245631	779	113245631-113246419	788	113245631	1	day7	yes	0.15	0.0369	no		yes	ELAVL1;HNRNPA2B1;NOVA1;NOVA2;PTBP1;QKI	ELAVL1:9.66e-05;HNRNPA2B1:5.03e-06;NOVA1:5.35e-05;NOVA2:5.35e-05;PTBP1:1.21e-05;QKI:2.85e-05	yes	520	0.1624	C	no	absent	ok_pending_P3	577	>=500
4029	ENSMUST00000039922.12|ENSMUSG00000025231|Sufu	Sufu	chr19	+	46486281-46488804	2523	46485941-46486281	340	46486281	1	day7	yes	0.15	0.0369	no		yes	ELAVL1;HNRNPA2B1;NOVA1;NOVA2;PTBP1;QKI;TARDBP	ELAVL1:2.96e-05;HNRNPA2B1:1.86e-05;NOVA1:2.96e-05;NOVA2:2.96e-05;PTBP1:1.83e-06;QKI:5.30e-05;TARDBP:5.04e-05	yes	1555	0.1811	C	no	absent	ok_pending_P3	73	<200
5222	ENSMUST00000028916.14|ENSMUSG00000027429|Sec23b	Sec23b	chr2	+	144590523-144590749	226	144590372-144590523	151	144590523	1	day21	yes	0.15	0.0896	no		yes	ELAVL1	ELAVL1:3.87e-05	yes	187	0.3596	C	no	absent	ok_pending_P3	50	<200
7493	ENSMUST00000067354.9|ENSMUSG00000048489|Depp1	Depp1	chr6	+	116652537-116652794	257	116652312-116652537	225	116652537	1	day21	yes	0.15	0.0464	no		yes	ELAVL1	ELAVL1:7.93e-05	yes	169	0.0959	C	no	absent	ok_pending_P3	48	<50
96	ENSMUST00000105499.1|ENSMUSG00000019804|Snx3	Snx3	chr10	+	42535084-42535381	297	42534755-42535084	329	42535084	1	day60	yes	0.15	0.0735	no		yes	ELAVL1;PTBP1	ELAVL1:9.66e-05;PTBP1:1.70e-05	yes	287	0.8354	C	no	absent	ok_pending_P3	51	<200
437	ENSMUST00000219239.1|ENSMUSG00000025403|Shmt2	Shmt2	chr10	-	127517122-127517521	399	127517521-127517791	270	127517521	1	day1	yes	0.145	0.0651	no		yes	HNRNPA2B1;PTBP1;QKI	HNRNPA2B1:1.86e-05;PTBP1:2.02e-05;QKI:6.57e-05	yes	336	0.4783	C	no	absent	ok_pending_P3	52	<200
959	ENSMUST00000154617.7|ENSMUSG00000020516|Rps6kb1	Rps6kb1	chr11	-	86498870-86502134	3264	86502134-86502727	593	86502134	1	day3	yes	0.145	0.0524	no		yes	ELAVL1;HNRNPA2B1;NOVA1;PTBP1;QKI;TARDBP	ELAVL1:6.00e-06;HNRNPA2B1:5.35e-05;NOVA1:3.36e-05;PTBP1:1.47e-05;QKI:3.36e-05;TARDBP:2.85e-05	yes	3154	0.768	C	no	absent	ok_pending_P3	1	<50
7706	ENSMUST00000032566.2|ENSMUSG00000030407|Qpctl	Qpctl	chr7	-	19139701-19140470	769	19140470-19141156	686	19140470	1	day3	yes	0.145	0.067	no		yes	ELAVL1;HNRNPA2B1;PTBP1	ELAVL1:9.05e-05;HNRNPA2B1:1.86e-05;PTBP1:1.20e-05	yes	166	0.086	C	no	absent	ok_pending_P3	3	<50
7261	ENSMUST00000031697.8|ENSMUSG00000029686|Cul1	Cul1	chr6	+	47525861-47526139	278	47525631-47525861	230	47525861	1	day7	yes	0.145	0.0731	no		yes	ELAVL1;HNRNPA2B1;PTBP1	ELAVL1:1.27e-05;HNRNPA2B1:2.99e-05;PTBP1:9.66e-05	yes	262	0.8374	C	no	absent	ok_pending_P3	23	<50
9414	ENSMUST00000033498.9|ENSMUSG00000031158|Timm17b	Timm17b	chrX	+	7906733-7908351	1618	7906573-7906733	160	7906733	1	day7	yes	0.145	0.0563	no		yes	ELAVL1;NOVA1;NOVA2;PTBP1;QKI;TARDBP	ELAVL1:7.93e-05;NOVA1:1.47e-05;NOVA2:5.35e-05;PTBP1:1.11e-06;QKI:9.54e-05;TARDBP:3.13e-05	yes	1187	0.2744	C	no	absent	ok_pending_P3	154	<200
9508	ENSMUST00000114387.7|ENSMUSG00000031388|Naa10	Naa10	chrX	-	73916886-73917067	181	73917067-73917243	176	73917067	1	day7	yes	0.145	0.0767	no		yes	PTBP1	PTBP1:7.14e-05	yes	170	0.6849	C	no	absent	ok_pending_P3	200	<500
3436	ENSMUST00000038551.7|ENSMUSG00000034709|Ppp1r21	Ppp1r21	chr17	+	88588018-88588367	349	88587710-88588018	308	88588018	1	day60	yes	0.145	0.0775	no		yes	PTBP1;TARDBP	PTBP1:1.21e-05;TARDBP:6.51e-05	yes	301	0.69	C	no	absent	ok_pending_P3	40	<50
5116	ENSMUST00000110551.3|ENSMUSG00000027227|Sord	Sord	chr2	+	122264972-122265340	368	122264203-122264972	769	122264972	1	day60	yes	0.145	0.0626	no		yes	ELAVL1;NOVA2;PTBP1	ELAVL1:9.05e-05;NOVA2:3.43e-06;PTBP1:7.14e-05	yes	244	0.0929	C	no	absent	ok_pending_P3	56	<200
8651	ENSMUST00000165770.8|ENSMUSG00000045333|Zfp423	Zfp423	chr8	-	87661809-87662166	357	87662166-87662480	314	87662166	1	day60	yes	0.145	0.0953	no		yes	ELAVL1;HNRNPA2B1;NOVA1;NOVA2;PTBP1	ELAVL1:2.96e-05;HNRNPA2B1:7.65e-05;NOVA1:2.96e-05;NOVA2:2.96e-05;PTBP1:9.29e-06	yes	355	0.9507	C	no	absent	ok_pending_P3	103	<200
6129	ENSMUST00000107359.8|ENSMUSG00000039270|Megf9	Megf9	chr4	-	70427064-70432077	5013	70432077-70433082	1005	70432077	1	day1	yes	0.14	0.0808	no		yes	ELAVL1;HNRNPA2B1;NOVA1;NOVA2;PTBP1;QKI;TARDBP	ELAVL1:1.83e-07;HNRNPA2B1:1.20e-05;NOVA1:1.34e-05;NOVA2:2.96e-05;PTBP1:2.99e-06;QKI:4.73e-05;TARDBP:2.23e-05	yes	3286	0.1784	C	yes	absent	ok_pending_P3	156	<200
5229	ENSMUST00000099270.4|ENSMUSG00000074743|Thbd	Thbd	chr2	-	148404465-148405891	1426	148405891-148406215	324	148405891	1	day1	yes	0.14	0.0798	no		yes	ELAVL1;NOVA1;NOVA2;PTBP1;QKI;TARDBP	ELAVL1:3.80e-06;NOVA1:2.96e-05;NOVA2:2.96e-05;PTBP1:6.67e-06;QKI:7.93e-05;TARDBP:5.04e-05	yes	884	0.1691	C	no	absent	ok_pending_P3	240	<500
8641	ENSMUST00000140621.1|ENSMUSG00000059355|Wdr83os	Wdr83os	chr8	+	85082151-85082332	181	85081995-85082151	156	85082151	1	day1	yes	0.14	0.0486	no		yes	ELAVL1;NOVA1;NOVA2;PTBP1	ELAVL1:2.96e-05;NOVA1:2.96e-05;NOVA2:2.96e-05;PTBP1:2.52e-05	yes	127	0.16	C	no	absent	ok_pending_P3	98	<200
9551	ENSMUST00000033570.5|ENSMUSG00000031221|Igbp1	Igbp1	chrX	+	100515859-100516125	266	100515702-100515859	157	100515859	1	day1	yes	0.14	0.074	no		yes	ELAVL1;PTBP1	ELAVL1:9.05e-05;PTBP1:5.23e-06	yes	164	0.2666	C	no	absent	ok_pending_P3	26	<50
3031	ENSMUST00000168938.2|ENSMUSG00000023883|Phf10	Phf10	chr17	-	14947737-14952610	4873	14952610-14952761	151	14952610	1	day7	yes	0.14	0.0706	no		yes	ELAVL1;HNRNPA2B1;NOVA1;NOVA2;PTBP1;QKI;TARDBP	ELAVL1:8.86e-06;HNRNPA2B1:5.03e-06;NOVA1:1.47e-05;NOVA2:2.95e-05;PTBP1:3.63e-06;QKI:2.85e-05;TARDBP:7.15e-06	yes	2963	0.2208	C	no	absent	ok_pending_P3	114	<200
3709	ENSMUST00000041053.10|ENSMUSG00000036880|Acaa2	Acaa2	chr18	+	74806087-74806208	121	74805936-74806087	151	74806087	1	day7	yes	0.14	0.077	no		yes	ELAVL1;PTBP1	ELAVL1:3.87e-05;PTBP1:7.93e-05	yes	83	0.2319	C	no	absent	constrained	18	<50
5290	ENSMUST00000043237.13|ENSMUSG00000038375|Trp53inp2	Trp53inp2	chr2	+	155386940-155389850	2910	155386789-155386940	151	155386940	1	day7	yes	0.14	0.0634	no		yes	ELAVL1;HNRNPA2B1;NOVA2;PTBP1;QKI;TARDBP	ELAVL1:3.80e-06;HNRNPA2B1:1.30e-05;NOVA2:3.50e-06;PTBP1:5.47e-06;QKI:1.65e-05;TARDBP:9.48e-07	yes	2334	0.4392	C	no	absent	ok_pending_P3	263	<500
188	ENSMUST00000001713.9|ENSMUSG00000001663|Gstt1	Gstt1	chr10	-	75783812-75783890	78	75783890-75784041	151	75783890	1	day21	yes	0.14	0.0766	no		yes	PTBP1	PTBP1:9.66e-05	yes	55	0.2377	C	no	absent	constrained	14	<50
5889	ENSMUST00000053855.7|ENSMUSG00000046818|Ddit4l	Ddit4l	chr3	+	137626747-137628333	1586	137626453-137626747	294	137626747	1	day21	yes	0.14	0.0801	no		yes	ELAVL1;HNRNPA2B1;NOVA1;NOVA2;PTBP1;QKI;TARDBP	ELAVL1:7.84e-05;HNRNPA2B1:2.99e-05;NOVA1:9.54e-05;NOVA2:1.89e-06;PTBP1:3.63e-06;QKI:2.54e-05;TARDBP:5.62e-08	yes	980	0.1015	C	no	absent	ok_pending_P3	258	<500
6913	ENSMUST00000092889.11|ENSMUSG00000061288|Taok3	Taok3	chr5	+	117274040-117275219	1179	117273831-117274040	209	117274040	1	day21	yes	0.14	0.0731	no		yes	ELAVL1;HNRNPA2B1;NOVA1;NOVA2;PTBP1	ELAVL1:2.01e-05;HNRNPA2B1:4.75e-05;NOVA1:2.96e-05;NOVA2:2.96e-05;PTBP1:6.13e-07	yes	1108	0.9204	C	no	absent	ok_pending_P3	191	<200
9517	ENSMUST00000015435.10|ENSMUSG00000015291|Gdi1	Gdi1	chrX	+	74311149-74311862	713	74310936-74311149	213	74311149	1	day21	yes	0.14	0.074	no		yes	ELAVL1;PTBP1;TARDBP	ELAVL1:7.84e-05;PTBP1:3.63e-06;TARDBP:5.62e-08	yes	648	0.6264	C	no	absent	ok_pending_P3	259	<500
1949	ENSMUST00000023924.3|ENSMUSG00000023156|Rpp14	Rpp14	chr14	+	8090463-8091834	1371	8089961-8090463	502	8090463	1	day60	yes	0.14	0.0788	no		yes	ELAVL1;HNRNPA2B1;NOVA2;PTBP1;QKI;TARDBP	ELAVL1:7.93e-05;HNRNPA2B1:1.27e-06;NOVA2:5.35e-05;PTBP1:5.73e-05;QKI:7.93e-05;TARDBP:1.47e-05	yes	1034	0.0858	C	no	absent	ok_pending_P3	65	<200
3761	ENSMUST00000068004.12|ENSMUSG00000024892|Pcx	Pcx	chr19	+	4621500-4621752	252	4621285-4621500	215	4621500	1	day60	yes	0.14	0.039	no		yes	PTBP1;TARDBP	PTBP1:3.12e-05;TARDBP:8.29e-05	yes	150	0.1977	C	no	absent	ok_pending_P3	15	<50
5238	ENSMUST00000046399.6|ENSMUSG00000033096|Apmap	Apmap	chr2	-	150583079-150583371	292	150583371-150583981	610	150583371	1	day60	yes	0.14	0.0423	no		yes	PTBP1	PTBP1:1.79e-05	yes	130	0.0419	C	no	absent	ok_pending_P3	191	<200
6019	ENSMUST00000127306.1|ENSMUSG00000028445|Enho	Enho	chr4	-	41638143-41638395	252	41638395-41638614	219	41638395	1	day60	yes	0.14	0.0464	no		yes	ELAVL1;HNRNPA2B1;PTBP1;QKI	ELAVL1:1.27e-05;HNRNPA2B1:2.99e-05;PTBP1:9.66e-05;QKI:9.18e-05	yes	230	0.5348	C	no	absent	ok_pending_P3	148	<200
6645	ENSMUST00000031034.11|ENSMUSG00000029148|Nrbp1	Nrbp1	chr5	+	31251295-31251566	271	31251126-31251295	169	31251295	1	day60	yes	0.14	0.0787	no		yes	ELAVL1;HNRNPA2B1;PTBP1;TARDBP	ELAVL1:9.66e-05;HNRNPA2B1:2.99e-05;PTBP1:2.73e-05;TARDBP:6.51e-05	yes	263	0.6339	C	no	absent	ok_pending_P3	148	<200
5335	ENSMUST00000109445.8|ENSMUSG00000053141|Ptprt	Ptprt	chr2	-	161521989-161527712	5723	161527712-161529518	1806	161527712	1	day7	yes	0.135	0.0803	no		yes	ELAVL1;HNRNPA2B1;NOVA1;NOVA2;PTBP1;QKI;TARDBP	ELAVL1:8.86e-06;HNRNPA2B1:8.19e-07;NOVA1:2.96e-05;NOVA2:1.98e-05;PTBP1:2.99e-06;QKI:2.54e-05;TARDBP:5.62e-08	yes	3336	0.1394	C	yes	absent	ok_pending_P3	5743	>=500
2620	ENSMUST00000041415.4|ENSMUSG00000037579|Kcnh3	Kcnh3	chr15	+	99242670-99242817	147	99242519-99242670	151	99242670	1	day60	yes	0.135	0.0764	no		yes	HNRNPA2B1	HNRNPA2B1:7.86e-05	yes	129	0.5472	C	yes	absent	constrained	136	<200
4204	ENSMUST00000027198.11|ENSMUSG00000026037|Orc2	Orc2	chr1	-	58462770-58463513	743	58463513-58464206	693	58463513	1	day1	yes	0.135	0.067	no		yes	ELAVL1;HNRNPA2B1;PTBP1;TARDBP	ELAVL1:3.80e-06;HNRNPA2B1:1.86e-05;PTBP1:1.20e-05;TARDBP:1.05e-05	yes	697	0.2767	C	no	absent	ok_pending_P3	9	<50
6264	ENSMUST00000043200.7|ENSMUSG00000032870|Smap2	Smap2	chr4	-	120968316-120969390	1074	120969390-120969541	151	120969390	1	day1	yes	0.135	0.0791	no		yes	ELAVL1;NOVA1;PTBP1;TARDBP	ELAVL1:9.66e-05;NOVA1:2.54e-05;PTBP1:3.12e-05;TARDBP:2.14e-05	yes	782	0.3401	C	no	absent	ok_pending_P3	108	<200
8411	ENSMUST00000064883.13|ENSMUSG00000031557|Plekha2	Plekha2	chr8	-	25039143-25041099	1956	25041099-25042678	1579	25041099	1	day1	yes	0.135	0.0253	no		yes	ELAVL1;HNRNPA2B1;NOVA1;PTBP1;TARDBP	ELAVL1:6.00e-06;HNRNPA2B1:4.43e-05;NOVA1:1.34e-05;PTBP1:1.85e-06;TARDBP:2.11e-06	yes	1288	0.1357	C	no	absent	ok_pending_P3	58	<200
9578	ENSMUST00000055497.14|ENSMUSG00000047242|Taf9b	Taf9b	chrX	-	106206882-106207997	1115	106207997-106208496	499	106207997	1	day3	yes	0.135	0.0297	no		yes	ELAVL1;NOVA2;PTBP1;TARDBP	ELAVL1:7.84e-05;NOVA2:9.46e-05;PTBP1:3.99e-05;TARDBP:8.37e-06	yes	1027	0.5099	C	no	absent	ok_pending_P3	467	<500
775	ENSMUST00000148242.7|ENSMUSG00000018761|Mpdu1	Mpdu1	chr11	-	69657026-69657724	698	69657724-69657998	274	69657724	1	day7	yes	0.135	0.074	no		yes	HNRNPA2B1;NOVA1;PTBP1;TARDBP	HNRNPA2B1:1.38e-07;NOVA1:9.54e-05;PTBP1:3.80e-06;TARDBP:5.62e-08	yes	414	0.3309	C	no	absent	ok_pending_P3	968	>=500
3499	ENSMUST00000054984.7|ENSMUSG00000044982|Sft2d3	Sft2d3	chr18	-	31909097-31910428	1331	31910428-31910602	174	31910428	1	day7	yes	0.135	0.0253	no		yes	HNRNPA2B1;PTBP1;TARDBP	HNRNPA2B1:3.12e-06;PTBP1:9.66e-05;TARDBP:9.40e-05	yes	836	0.057	C	no	absent	ok_pending_P3	146	<200
4712	ENSMUST00000144963.7|ENSMUSG00000026972|Arrdc1	Arrdc1	chr2	-	24925988-24926544	556	24926544-24926935	391	24926544	1	day7	yes	0.135	0.0253	no		yes	PTBP1	PTBP1:1.21e-05	yes	404	0.4922	C	no	absent	ok_pending_P3	1201	>=500
1597	ENSMUST00000021714.8|ENSMUSG00000021286|Zfyve21	Zfyve21	chr12	+	111828091-111828386	295	111827850-111828091	241	111828091	1	day21	yes	0.135	0.0618	no		yes	PTBP1	PTBP1:9.30e-06	yes	164	0.29	C	no	absent	ok_pending_P3	40	<50
6882	ENSMUST00000043760.14|ENSMUSG00000041939|Mvk	Mvk	chr5	+	114460361-114460591	230	114460188-114460361	173	114460361	1	day60	yes	0.135	0.0313	no		yes	HNRNPA2B1	HNRNPA2B1:2.99e-05	yes	137	0.0252	C	no	absent	ok_pending_P3	198	<200
9140	ENSMUST00000153700.8|ENSMUSG00000040652|Oaz2	Oaz2	chr9	+	65689805-65690300	495	65689222-65689805	583	65689805	1	day60	yes	0.135	0.068	no		yes	HNRNPA2B1;NOVA2;PTBP1;TARDBP	HNRNPA2B1:8.71e-06;NOVA2:5.35e-05;PTBP1:1.83e-06;TARDBP:4.13e-05	yes	414	0.4914	C	no	absent	ok_pending_P3	344	<500
9373	ENSMUST00000007139.5|ENSMUSG00000006941|Eif1b	Eif1b	chr9	+	120495121-120495330	209	120494954-120495121	167	120495121	1	day60	yes	0.135	0.0801	no		yes	NOVA2;PTBP1;QKI;TARDBP	NOVA2:4.35e-05;PTBP1:9.66e-05;QKI:7.93e-05;TARDBP:2.72e-05	yes	208	0.9343	C	no	absent	ok_pending_P3	20	<50
8648	ENSMUST00000034140.8|ENSMUSG00000031703|Itfg1	Itfg1	chr8	-	85717577-85718679	1102	85718679-85718870	191	85718679	1	day7	yes	0.13	0.0486	no		yes	ELAVL1;NOVA2;PTBP1;QKI;TARDBP	ELAVL1:9.66e-05;NOVA2:5.35e-05;PTBP1:1.21e-05;QKI:1.93e-05;TARDBP:6.51e-05	yes	791	0.217	C	yes	absent	ok_pending_P3	19	<50
4281	ENSMUST00000036172.9|ENSMUSG00000032908|Sgpp2	Sgpp2	chr1	+	78418568-78420289	1721	78417423-78418568	1145	78418568	1	day21	yes	0.13	0.0443	no		yes	ELAVL1;HNRNPA2B1;NOVA1;PTBP1;TARDBP	ELAVL1:7.84e-05;HNRNPA2B1:2.99e-05;NOVA1:9.54e-05;PTBP1:1.11e-06;TARDBP:5.35e-05	yes	895	0.0755	C	yes	absent	ok_pending_P3	220	<500
1110	ENSMUST00000006750.7|ENSMUSG00000006575|Rundc3a	Rundc3a	chr11	+	102402342-102402555	213	102402120-102402342	222	102402342	1	day60	yes	0.13	0.0408	no		yes	PTBP1	PTBP1:1.47e-05	yes	103	0.1264	C	yes	absent	ok_pending_P3	200	<500
3835	ENSMUST00000025918.8|ENSMUSG00000024966|Stip1	Stip1	chr19	-	7020701-7020918	217	7020918-7021101	183	7020918	1	day1	yes	0.13	0.085	no		yes	PTBP1;QKI	PTBP1:1.79e-05;QKI:5.30e-05	yes	200	0.5845	C	no	absent	ok_pending_P3	16	<50
4591	ENSMUST00000040706.8|ENSMUSG00000038949|Cnst	Cnst	chr1	+	179625522-179627478	1956	179625201-179625522	321	179625522	1	day1	yes	0.13	0.07	no		yes	ELAVL1;HNRNPA2B1;NOVA1;NOVA2;PTBP1;QKI;TARDBP	ELAVL1:3.80e-06;HNRNPA2B1:5.03e-06;NOVA1:1.34e-05;NOVA2:5.08e-05;PTBP1:8.37e-06;QKI:6.57e-05;TARDBP:3.58e-05	yes	1531	0.421	C	no	absent	ok_pending_P3	15	<50
9404	ENSMUST00000049896.12|ENSMUSG00000031148|Gpkow	Gpkow	chrX	+	7708556-7710262	1706	7708242-7708556	314	7708556	1	day1	yes	0.13	0.07	no		yes	ELAVL1;HNRNPA2B1;PTBP1;TARDBP	ELAVL1:9.66e-05;HNRNPA2B1:8.45e-05;PTBP1:4.03e-06;TARDBP:1.29e-05	yes	1428	0.1959	C	no	absent	ok_pending_P3	44	<50
9613	ENSMUST00000049130.7|ENSMUSG00000042750|Bex2	Bex2	chrX	-	136066563-136066664	101	136066664-136066815	151	136066664	1	day1	yes	0.13	0.0874	no		yes	ELAVL1;PTBP1	ELAVL1:3.87e-05;PTBP1:9.66e-05	yes	95	0.6215	C	no	absent	constrained	111	<200
3067	ENSMUST00000088512.12|ENSMUSG00000034681|Rnps1	Rnps1	chr17	+	24425593-24425901	308	24425182-24425593	411	24425593	1	day7	yes	0.13	0.057	no		yes	ELAVL1	ELAVL1:9.66e-05	yes	207	0.3988	C	no	absent	ok_pending_P3	294	<500
7025	ENSMUST00000002825.5|ENSMUSG00000002748|Baz1b	Baz1b	chr5	+	135244611-135246129	1518	135244460-135244611	151	135244611	1	day7	yes	0.13	0.0965	no		yes	ELAVL1;HNRNPA2B1;NOVA2;PTBP1;TARDBP	ELAVL1:9.05e-05;HNRNPA2B1:1.86e-05;NOVA2:1.94e-05;PTBP1:6.13e-07;TARDBP:5.30e-05	yes	1038	0.3943	C	no	absent	ok_pending_P3	667	>=500
3331	ENSMUST00000077788.6|ENSMUSG00000044469|Tnfaip8l1	Tnfaip8l1	chr17	+	56172875-56173955	1080	56172269-56172875	606	56172875	1	day21	yes	0.13	0.0803	no		yes	ELAVL1;HNRNPA2B1;NOVA2;PTBP1	ELAVL1:1.27e-05;HNRNPA2B1:5.93e-05;NOVA2:1.02e-05;PTBP1:1.11e-06	yes	1077	0.1939	C	no	absent	ok_pending_P3	126	<200
3176	ENSMUST00000099414.4|ENSMUSG00000096910|Zfp955b	Zfp955b	chr17	+	33303946-33307241	3295	33303193-33303946	753	33303946	1	day60	yes	0.13	0.0813	no		yes	ELAVL1;HNRNPA2B1;NOVA1;NOVA2;PTBP1;QKI;TARDBP	ELAVL1:1.83e-07;HNRNPA2B1:7.51e-06;NOVA1:2.54e-05;NOVA2:5.35e-05;PTBP1:2.18e-06;QKI:7.93e-05;TARDBP:1.79e-05	yes	2818	0.2451	C	no	absent	ok_pending_P3	125	<200
3801	ENSMUST00000116558.2|ENSMUSG00000024939|Fam89b	Fam89b	chr19	-	5728086-5728353	267	5728353-5728722	369	5728353	1	day60	yes	0.13	0.0944	no		yes	ELAVL1;HNRNPA2B1;PTBP1	ELAVL1:6.00e-06;HNRNPA2B1:4.43e-05;PTBP1:2.13e-05	yes	227	0.2702	C	no	absent	ok_pending_P3	163	<200
7603	ENSMUST00000039729.4|ENSMUSG00000040370|Etfrf1	Etfrf1	chr6	+	145216298-145216939	641	145215563-145216298	735	145216298	1	day60	yes	0.13	0.0865	no		yes	ELAVL1;NOVA2	ELAVL1:1.83e-07;NOVA2:2.95e-05	yes	538	0.4121	C	no	absent	ok_pending_P3	19	<50
5957	ENSMUST00000044616.9|ENSMUSG00000040738|Ints8	Ints8	chr4	-	11199157-11202984	3827	11202984-11204469	1485	11202984	1	day3	yes	0.125	0.0393	no		yes	ELAVL1;HNRNPA2B1;NOVA2;PTBP1;QKI;TARDBP	ELAVL1:3.80e-06;HNRNPA2B1:7.86e-05;NOVA2:9.85e-05;PTBP1:9.09e-07;QKI:7.93e-05;TARDBP:9.09e-07	yes	2579	0.1823	C	yes	absent	ok_pending_P3	89	<200
2213	ENSMUST00000145303.7|ENSMUSG00000021998|Lcp1	Lcp1	chr14	+	75229644-75230842	1198	75229335-75229644	309	75229644	1	day21	yes	0.125	0.0603	no		yes	ELAVL1;HNRNPA2B1;NOVA1;PTBP1;TARDBP	ELAVL1:7.93e-05;HNRNPA2B1:4.43e-05;NOVA1:9.54e-05;PTBP1:1.47e-05;TARDBP:2.14e-05	yes	717	0.1415	C	yes	absent	ok_pending_P3	129	<200
7101	ENSMUST00000197173.4|ENSMUSG00000039623|Ap5z1	Ap5z1	chr5	+	142466729-142468992	2263	142466578-142466729	151	142466729	1	day3	yes	0.125	0.075	no		yes	ELAVL1;HNRNPA2B1;NOVA1;NOVA2;PTBP1;QKI;TARDBP	ELAVL1:6.00e-06;HNRNPA2B1:8.71e-06;NOVA1:2.96e-05;NOVA2:2.96e-05;PTBP1:2.52e-05;QKI:5.30e-05;TARDBP:9.09e-07	yes	1297	0.1886	C	no	absent	ok_pending_P3	1983	>=500
1103	ENSMUST00000017458.10|ENSMUSG00000017314|Mpp2	Mpp2	chr11	-	102057014-102059168	2154	102059168-102059319	151	102059168	1	day7	yes	0.125	0.0339	no		yes	ELAVL1;HNRNPA2B1;PTBP1;TARDBP	ELAVL1:9.05e-05;HNRNPA2B1:2.27e-05;PTBP1:1.20e-05;TARDBP:5.62e-08	yes	1308	0.1747	C	no	absent	ok_pending_P3	112	<200
3223	ENSMUST00000087328.3|ENSMUSG00000091971|Hspa1a	Hspa1a	chr17	-	34969189-34969818	629	34969818-34970002	184	34969818	1	day7	yes	0.125	0.0876	no		yes	ELAVL1;NOVA2;QKI;TARDBP	ELAVL1:9.66e-05;NOVA2:3.15e-05;QKI:7.93e-05;TARDBP:6.51e-05	yes	576	0.1676	C	no	absent	ok_pending_P3	71	<200
3958	ENSMUST00000036584.12|ENSMUSG00000033610|Pank1	Pank1	chr19	-	34806939-34811147	4208	34811147-34812330	1183	34811147	1	day7	yes	0.125	0.0626	no		yes	ELAVL1;HNRNPA2B1;NOVA1;NOVA2;PTBP1;QKI;TARDBP	ELAVL1:3.80e-06;HNRNPA2B1:5.35e-05;NOVA1:2.52e-06;NOVA2:2.96e-05;PTBP1:3.63e-06;QKI:9.54e-05;TARDBP:5.62e-08	yes	3079	0.1377	C	no	absent	ok_pending_P3	6	<50
8910	ENSMUST00000086399.5|ENSMUSG00000037405|Icam1	Icam1	chr9	+	21028479-21028817	338	21027943-21028479	536	21028479	1	day60	yes	0.125	0.0694	no		yes	NOVA1;PTBP1	NOVA1:5.35e-05;PTBP1:9.29e-06	yes	204	0.0298	C	no	absent	ok_pending_P3	103	<200
9456	ENSMUST00000016463.3|ENSMUSG00000016319|Slc25a5	Slc25a5	chrX	+	36798692-36798807	115	36798541-36798692	151	36798692	1	day60	yes	0.125	0.0769	no		yes	NOVA1;PTBP1	NOVA1:1.47e-05;PTBP1:7.93e-05	yes	112	0.7883	C	no	absent	constrained	72	<200
10	ENSMUST00000130590.7|ENSMUSG00000019796|Lrp11	Lrp11	chr10	+	7623801-7625483	1682	7623650-7623801	151	7623801	1	day21	yes	0.12	0.0485	no		yes	ELAVL1;HNRNPA2B1;NOVA2;PTBP1	ELAVL1:9.66e-05;HNRNPA2B1:2.99e-05;NOVA2:2.52e-05;PTBP1:1.20e-05	yes	1169	0.1419	C	yes	absent	ok_pending_P3	88	<200
5848	ENSMUST00000061071.12|ENSMUSG00000044667|Plppr4	Plppr4	chr3	-	117319138-117321342	2204	117321342-117321908	566	117321342	1	day21	yes	0.12	0.0444	no		yes	ELAVL1;HNRNPA2B1;NOVA2;PTBP1;QKI;TARDBP	ELAVL1:6.00e-06;HNRNPA2B1:2.31e-05;NOVA2:4.27e-05;PTBP1:1.20e-05;QKI:5.95e-05;TARDBP:6.51e-05	yes	1924	0.619	C	yes	absent	ok_pending_P3	2160	>=500
9431	ENSMUST00000033313.2|ENSMUSG00000031007|Atp6ap2	Atp6ap2	chrX	+	12616492-12617049	557	12615870-12616492	622	12616492	1	day21	yes	0.12	0.0958	no		yes	ELAVL1;PTBP1;QKI;TARDBP	ELAVL1:3.87e-05;PTBP1:7.01e-05;QKI:1.65e-05;TARDBP:1.47e-05	yes	520	0.4289	C	yes	absent	ok_pending_P3	11	<50
9387	ENSMUST00000084733.6|ENSMUSG00000066233|Tmem42	Tmem42	chr9	+	123023178-123023487	309	123022970-123023178	208	123023178	1	day1	yes	0.12	0.028	no		yes	ELAVL1;NOVA2;PTBP1;QKI	ELAVL1:9.66e-05;NOVA2:5.35e-05;PTBP1:9.66e-05;QKI:3.75e-05	yes	188	0.0922	C	no	absent	ok_pending_P3	266	<500
1647	ENSMUST00000049744.3|ENSMUSG00000012429|Mplkip	Mplkip	chr13	+	17697208-17699105	1897	17697039-17697208	169	17697208	1	day3	yes	0.12	0.0977	no		yes	ELAVL1;HNRNPA2B1;NOVA2;PTBP1;QKI;TARDBP	ELAVL1:6.00e-06;HNRNPA2B1:5.99e-06;NOVA2:5.35e-05;PTBP1:3.71e-05;QKI:3.83e-05;TARDBP:6.51e-05	yes	1446	0.197	C	no	absent	ok_pending_P3	97	<200
1764	ENSMUST00000026986.6|ENSMUSG00000025868|Higd2a	Higd2a	chr13	+	54591038-54591158	120	54590887-54591038	151	54591038	1	day7	yes	0.12	0.0926	no		yes	PTBP1	PTBP1:2.52e-05	yes	66	0.0684	C	no	absent	constrained	78	<200
3414	ENSMUST00000025095.8|ENSMUSG00000024248|Cox7a2l	Cox7a2l	chr17	-	83501917-83502194	277	83502194-83502605	411	83502194	1	day7	yes	0.12	0.0626	no		yes	ELAVL1;PTBP1;QKI	ELAVL1:7.93e-05;PTBP1:5.47e-06;QKI:1.11e-05	yes	250	0.5777	C	no	absent	ok_pending_P3	191	<200
4751	ENSMUST00000102899.9|ENSMUSG00000015776|Med22	Med22	chr2	-	26905261-26907807	2546	26907807-26908085	278	26907807	1	day7	yes	0.12	0.0479	no		yes	ELAVL1;HNRNPA2B1;NOVA2;PTBP1;QKI	ELAVL1:9.66e-05;HNRNPA2B1:1.86e-05;NOVA2:5.35e-05;PTBP1:1.20e-05;QKI:7.93e-05	yes	1077	0.098	C	no	absent	ok_pending_P3	8	<50
4935	ENSMUST00000111962.7|ENSMUSG00000059005|Hnrnpa3	Hnrnpa3	chr2	+	75665981-75669407	3426	75665283-75665981	698	75665981	1	day7	yes	0.12	0.0514	no		yes	ELAVL1;HNRNPA2B1;NOVA1;NOVA2;PTBP1;TARDBP	ELAVL1:6.00e-06;HNRNPA2B1:5.35e-05;NOVA1:2.96e-05;NOVA2:2.96e-05;PTBP1:1.47e-05;TARDBP:6.10e-07	yes	2893	0.6151	C	no	absent	ok_pending_P3	463	<500
7082	ENSMUST00000049630.12|ENSMUSG00000045438|Cox19	Cox19	chr5	-	139336188-139337954	1766	139337954-139338293	339	139337954	1	day7	yes	0.12	0.0788	no		yes	ELAVL1;HNRNPA2B1;NOVA1;NOVA2;PTBP1;QKI;TARDBP	ELAVL1:1.83e-07;HNRNPA2B1:1.68e-07;NOVA1:2.96e-05;NOVA2:2.96e-05;PTBP1:6.13e-07;QKI:2.85e-05;TARDBP:5.62e-08	yes	1518	0.1036	C	no	absent	ok_pending_P3	144	<200
7478	ENSMUST00000032457.16|ENSMUSG00000030314|Atg7	Atg7	chr6	+	114859717-114860614	897	114859020-114859717	697	114859717	1	day7	yes	0.12	0.0801	no		yes	ELAVL1;HNRNPA2B1;NOVA1;NOVA2;PTBP1;TARDBP	ELAVL1:2.96e-05;HNRNPA2B1:2.27e-05;NOVA1:2.96e-05;NOVA2:2.96e-05;PTBP1:1.79e-05;TARDBP:1.47e-05	yes	693	0.5761	C	no	absent	ok_pending_P3	520	>=500
999	ENSMUST00000025278.7|ENSMUSG00000024414|Mrpl27	Mrpl27	chr11	+	94659963-94660089	126	94659812-94659963	151	94659963	1	day21	yes	0.12	0.0929	no		yes	ELAVL1;PTBP1;TARDBP	ELAVL1:1.83e-07;PTBP1:7.93e-05;TARDBP:1.75e-05	yes	25	0.2491	C	no	absent	constrained	69	<200
1532	ENSMUST00000021425.7|ENSMUSG00000021037|Ahsa1	Ahsa1	chr12	+	87273911-87273979	68	87273760-87273911	151	87273911	1	day60	yes	0.12	0.0793	no		yes	PTBP1	PTBP1:7.93e-05	yes	68	0.9699	C	no	absent	constrained	69	<200
3298	ENSMUST00000002840.8|ENSMUSG00000002763|Pex6	Pex6	chr17	+	46725472-46725541	69	46725321-46725472	151	46725472	1	day60	yes	0.12	0.0944	no		yes	PTBP1	PTBP1:8.11e-05	yes	26	0.2766	C	no	absent	constrained	48	<50
3304	ENSMUST00000037333.16|ENSMUSG00000034165|Ccnd3	Ccnd3	chr17	+	47599334-47599691	357	47598773-47599334	561	47599334	1	day60	yes	0.12	0.0479	no		yes	ELAVL1;HNRNPA2B1;NOVA2;PTBP1	ELAVL1:3.87e-05;HNRNPA2B1:2.99e-05;NOVA2:7.68e-05;PTBP1:7.86e-05	yes	321	0.6642	C	no	absent	ok_pending_P3	11	<50
4317	ENSMUST00000027512.12|ENSMUSG00000026289|Atg16l1	Atg16l1	chr1	+	87792094-87792428	334	87791306-87792094	788	87792094	1	day60	yes	0.12	0.0982	no		yes	ELAVL1;PTBP1	ELAVL1:1.83e-07;PTBP1:3.99e-05	yes	235	0.3348	C	no	absent	ok_pending_P3	284	<500
5434	ENSMUST00000120959.7|ENSMUSG00000078881|Gm14434	Gm14434	chr2	-	176474629-176475030	401	176475030-176475739	709	176475030	1	day60	yes	0.12	0.0937	no		yes	ELAVL1;PTBP1	ELAVL1:7.93e-05;PTBP1:9.66e-05	yes	383	0.2962	C	no	absent	ok_pending_P3	406486	>=500
7139	ENSMUST00000031646.7|ENSMUSG00000029641|Rasl11a	Rasl11a	chr5	+	146847623-146847726	103	146847472-146847623	151	146847623	1	day60	yes	0.12	0.0542	no		yes	ELAVL1	ELAVL1:9.66e-05	yes	101	0.6362	C	no	absent	constrained	50	<200
1577	ENSMUST00000054955.13|ENSMUSG00000058070|Eml1	Eml1	chr12	+	108538386-108539575	1189	108538225-108538386	161	108538386	1	day3	yes	0.115	0.0651	no		yes	ELAVL1;HNRNPA2B1;NOVA2;PTBP1;TARDBP	ELAVL1:3.87e-05;HNRNPA2B1:7.65e-05;NOVA2:5.74e-05;PTBP1:8.37e-06;TARDBP:1.47e-05	yes	897	0.4162	C	yes	absent	ok_pending_P3	117	<200
1129	ENSMUST00000107024.7|ENSMUSG00000034255|Arhgap27	Arhgap27	chr11	-	103331496-103332714	1218	103332714-103332865	151	103332714	1	day7	yes	0.115	0.067	no		yes	ELAVL1;NOVA1;NOVA2;PTBP1;TARDBP	ELAVL1:2.96e-05;NOVA1:2.96e-05;NOVA2:2.96e-05;PTBP1:1.21e-05;TARDBP:4.38e-06	yes	568	0.0524	C	yes	absent	ok_pending_P3	59	<200
5161	ENSMUST00000103203.7|ENSMUSG00000037902|Sirpa	Sirpa	chr2	+	129630533-129632228	1695	129630181-129630533	352	129630533	1	day7	yes	0.115	0.0387	no		yes	ELAVL1;HNRNPA2B1;NOVA2;PTBP1	ELAVL1:9.66e-05;HNRNPA2B1:2.76e-05;NOVA2:2.95e-05;PTBP1:4.03e-06	yes	1276	0.3209	C	yes	absent	ok_pending_P3	324	<500
1307	ENSMUST00000020999.6|ENSMUSG00000020668|Kif3c	Kif3c	chr12	+	3403900-3406494	2594	3402882-3403900	1018	3403900	1	day21	yes	0.115	0.0812	no		yes	ELAVL1;HNRNPA2B1;NOVA2;PTBP1;TARDBP	ELAVL1:6.00e-06;HNRNPA2B1:4.75e-05;NOVA2:5.35e-05;PTBP1:1.47e-05;TARDBP:1.47e-05	yes	2309	0.3115	C	yes	absent	ok_pending_P3	64	<200
8551	ENSMUST00000008094.9|ENSMUSG00000007950|Abhd8	Abhd8	chr8	-	71456704-71456978	274	71456978-71457185	207	71456978	1	day21	yes	0.115	0.0731	no		yes	ELAVL1;PTBP1;QKI	ELAVL1:3.87e-05;PTBP1:3.63e-06;QKI:9.54e-05	yes	223	0.3796	C	yes	absent	ok_pending_P3	235	<500
9487	ENSMUST00000088627.10|ENSMUSG00000067860|Zic3	Zic3	chrX	+	58035405-58036559	1154	58034546-58035405	859	58035405	1	day1	yes	0.115	0.0769	no		yes	ELAVL1;PTBP1;QKI	ELAVL1:7.84e-05;PTBP1:6.51e-05;QKI:6.57e-05	yes	1153	0.9288	C	no	absent	ok_pending_P3	45	<50
580	ENSMUST00000146179.7|ENSMUSG00000020282|Rhbdf1	Rhbdf1	chr11	-	32209586-32212622	3036	32212622-32214441	1819	32212622	1	day3	yes	0.115	0.0865	no		yes	ELAVL1;HNRNPA2B1;NOVA2;PTBP1;QKI;TARDBP	ELAVL1:7.93e-05;HNRNPA2B1:1.20e-05;NOVA2:2.16e-05;PTBP1:1.47e-05;QKI:1.11e-05;TARDBP:1.47e-05	yes	1851	0.3867	C	no	absent	ok_pending_P3	3054	>=500
7813	ENSMUST00000050735.11|ENSMUSG00000049421|Zfp260	Zfp260	chr7	+	30106756-30107622	866	30105897-30106756	859	30106756	1	day7	yes	0.115	0.0455	no		yes	ELAVL1;HNRNPA2B1;PTBP1;TARDBP	ELAVL1:7.93e-05;HNRNPA2B1:5.93e-05;PTBP1:1.79e-05;TARDBP:6.10e-07	yes	720	0.1678	C	no	absent	ok_pending_P3	240	<500
380	ENSMUST00000099276.3|ENSMUSG00000074748|Atxn7l3b	Atxn7l3b	chr10	-	112925429-112926883	1454	112926883-112928431	1548	112926883	1	day21	yes	0.115	0.036	no		yes	ELAVL1;HNRNPA2B1;PTBP1;QKI;TARDBP	ELAVL1:9.66e-05;HNRNPA2B1:4.86e-07;PTBP1:1.47e-05;QKI:3.75e-05;TARDBP:1.29e-05	yes	1060	0.331	C	no	absent	ok_pending_P3	76	<200
1331	ENSMUST00000020926.7|ENSMUSG00000020607|Lratd1	Lratd1	chr12	-	14146829-14147814	985	14147814-14149848	2034	14147814	1	day21	yes	0.115	0.0688	no		yes	ELAVL1;NOVA1;NOVA2;PTBP1	ELAVL1:2.96e-05;NOVA1:2.96e-05;NOVA2:1.27e-05;PTBP1:2.96e-05	yes	579	0.1757	C	no	absent	ok_pending_P3	15	<50
1531	ENSMUST00000072744.14|ENSMUSG00000021038|Vipas39	Vipas39	chr12	-	87238872-87239223	351	87239223-87239818	595	87239223	1	day21	yes	0.115	0.0735	no		yes	HNRNPA2B1;PTBP1	HNRNPA2B1:5.35e-05;PTBP1:1.47e-05	yes	253	0.1815	C	no	absent	ok_pending_P3	370	<500
1999	ENSMUST00000100819.11|ENSMUSG00000072680|Tmem254c	Tmem254c	chr14	-	26063918-26064197	279	26064197-26064542	345	26064197	1	day21	yes	0.115	0.0781	no		yes	HNRNPA2B1	HNRNPA2B1:1.86e-05	yes	279	0.2316	C	no	absent	ok_pending_P3	106005	>=500
8605	ENSMUST00000212005.1|ENSMUSG00000031708|Tecr	Tecr	chr8	-	83571699-83572231	532	83572231-83572550	319	83572231	1	day60	yes	0.115	0.099	no		yes	HNRNPA2B1;NOVA2;PTBP1;TARDBP	HNRNPA2B1:9.43e-05;NOVA2:1.17e-05;PTBP1:2.73e-05;TARDBP:3.58e-05	yes	316	0.3892	C	no	absent	ok_pending_P3	547	>=500
8058	ENSMUST00000054310.3|ENSMUSG00000044881|Coa4	Coa4	chr7	+	100539639-100540369	730	100539342-100539639	297	100539639	1	day1	yes	0.11	0.0538	no		yes	ELAVL1;HNRNPA2B1;NOVA1;NOVA2;PTBP1	ELAVL1:7.84e-05;HNRNPA2B1:5.35e-05;NOVA1:9.54e-05;NOVA2:2.08e-05;PTBP1:3.12e-05	yes	534	0.0726	C	no	absent	ok_pending_P3	0	<50
6994	ENSMUST00000031383.13|ENSMUSG00000029430|Ran	Ran	chr5	+	129023011-129024323	1312	129022815-129023011	196	129023011	1	day3	yes	0.11	0.0944	no		yes	ELAVL1;PTBP1;QKI;TARDBP	ELAVL1:8.86e-06;PTBP1:9.76e-06;QKI:7.93e-05;TARDBP:5.35e-05	yes	882	0.1976	C	no	absent	ok_pending_P3	31	<50
2530	ENSMUST00000058793.13|ENSMUSG00000041815|Poldip3	Poldip3	chr15	-	83125975-83127732	1757	83127732-83127883	151	83127732	1	day7	yes	0.11	0.0876	no		yes	ELAVL1;HNRNPA2B1;NOVA1;NOVA2;PTBP1;QKI;TARDBP	ELAVL1:9.05e-05;HNRNPA2B1:1.86e-05;NOVA1:1.34e-05;NOVA2:3.46e-05;PTBP1:9.29e-06;QKI:7.93e-05;TARDBP:4.38e-06	yes	885	0.0619	C	no	absent	ok_pending_P3	1723	>=500
2893	ENSMUST00000059524.6|ENSMUSG00000048087|Gm4737	Gm4737	chr16	-	46152984-46153522	538	46153522-46153716	194	46153522	1	day7	yes	0.11	0.0472	no		yes	ELAVL1;PTBP1	ELAVL1:2.01e-05;PTBP1:1.47e-05	yes	535	0.4928	C	no	absent	ok_pending_P3	138	<200
4022	ENSMUST00000156585.8|ENSMUSG00000025223|Ldb1	Ldb1	chr19	-	46031569-46032777	1208	46032777-46033113	336	46032777	1	day7	yes	0.11	0.0445	no		yes	ELAVL1;HNRNPA2B1;NOVA2;PTBP1;TARDBP	ELAVL1:9.05e-05;HNRNPA2B1:1.30e-05;NOVA2:5.35e-05;PTBP1:1.20e-05;TARDBP:4.38e-06	yes	1000	0.3854	C	no	absent	ok_pending_P3	214	<500
4926	ENSMUST00000028517.12|ENSMUSG00000027108|Ola1	Ola1	chr2	-	73092800-73093341	541	73093341-73093625	284	73093341	1	day7	yes	0.11	0.0564	no		yes	ELAVL1;PTBP1;QKI;TARDBP	ELAVL1:9.05e-05;PTBP1:7.40e-05;QKI:7.93e-05;TARDBP:5.30e-05	yes	506	0.7679	C	no	absent	ok_pending_P3	79	<200
7511	ENSMUST00000009256.3|ENSMUSG00000009112|Bcl2l13	Bcl2l13	chr6	+	120888800-120892842	4042	120887388-120888800	1412	120888800	1	day7	yes	0.11	0.094	no		yes	ELAVL1;HNRNPA2B1;NOVA1;NOVA2;PTBP1;QKI;TARDBP	ELAVL1:3.80e-06;HNRNPA2B1:1.86e-05;NOVA1:2.52e-06;NOVA2:7.64e-06;PTBP1:1.21e-05;QKI:7.24e-05;TARDBP:9.09e-07	yes	3160	0.1031	C	no	absent	ok_pending_P3	147	<200
4545	ENSMUST00000111332.1|ENSMUSG00000038370|Pcp4l1	Pcp4l1	chr1	-	171173261-171173975	714	171173975-171174385	410	171173975	1	day21	yes	0.11	0.0979	no		yes	ELAVL1;HNRNPA2B1;PTBP1;TARDBP	ELAVL1:1.83e-07;HNRNPA2B1:2.99e-05;PTBP1:5.23e-06;TARDBP:5.30e-05	yes	442	0.111	C	no	absent	ok_pending_P3	222	<500
6280	ENSMUST00000163946.1|ENSMUSG00000078570|1110065P20Rik	1110065P20Rik	chr4	-	124849484-124849675	191	124849675-124849869	194	124849675	1	day21	yes	0.11	0.0257	no		yes	NOVA1;PTBP1	NOVA1:1.47e-05;PTBP1:5.30e-05	yes	189	0.8021	C	no	absent	ok_pending_P3	207	<500
9114	ENSMUST00000034817.10|ENSMUSG00000032278|Paqr5	Paqr5	chr9	-	61953737-61954919	1182	61954919-61956048	1129	61954919	1	day21	yes	0.11	0.0486	no		yes	ELAVL1;HNRNPA2B1;PTBP1;QKI;TARDBP	ELAVL1:1.27e-05;HNRNPA2B1:1.98e-05;PTBP1:6.13e-07;QKI:1.11e-05;TARDBP:6.96e-05	yes	1085	0.1079	C	no	absent	ok_pending_P3	149	<200
3710	ENSMUST00000237263.1|ENSMUSG00000036299|BC031181	BC031181	chr18	+	75009735-75010152	417	75009340-75009735	395	75009735	1	day60	yes	0.11	0.0507	no		yes	ELAVL1;PTBP1	ELAVL1:7.93e-05;PTBP1:1.47e-05	yes	342	0.1764	C	no	absent	ok_pending_P3	12	<50
4006	ENSMUST00000237630.1|ENSMUSG00000057506|Bloc1s2	Bloc1s2	chr19	-	44139245-44139476	231	44139476-44139684	208	44139476	1	day60	yes	0.11	0.0302	no		yes	ELAVL1;PTBP1	ELAVL1:9.66e-05;PTBP1:4.03e-06	yes	214	0.5279	C	no	absent	ok_pending_P3	123	<200
6009	ENSMUST00000030128.5|ENSMUSG00000028419|Chmp5	Chmp5	chr4	+	40964915-40965303	388	40964642-40964915	273	40964915	1	day60	yes	0.11	0.0524	no		yes	ELAVL1;NOVA1;PTBP1;TARDBP	ELAVL1:7.93e-05;NOVA1:4.73e-05;PTBP1:6.51e-05;TARDBP:9.40e-05	yes	372	0.6662	C	no	absent	ok_pending_P3	13	<50
7205	ENSMUST00000004396.12|ENSMUSG00000004285|Atp6v1f	Atp6v1f	chr6	+	29470416-29470512	96	29470265-29470416	151	29470416	1	day60	yes	0.11	0.0612	no		yes	HNRNPA2B1;PTBP1;TARDBP	HNRNPA2B1:7.86e-05;PTBP1:9.76e-06;TARDBP:6.51e-05	yes	95	0.5328	C	no	absent	constrained	2	<50
7949	ENSMUST00000206882.1|ENSMUSG00000033429|Mcee	Mcee	chr7	+	64412035-64412121	86	64411884-64412035	151	64412035	1	day60	yes	0.11	0.0597	no		yes	HNRNPA2B1;QKI	HNRNPA2B1:4.79e-05;QKI:5.95e-05	yes	50	0.0247	C	no	absent	constrained	24	<50
8742	ENSMUST00000154271.1|ENSMUSG00000078931|Pdf	Pdf	chr8	-	107044697-107046585	1888	107046585-107047116	531	107046585	1	day60	yes	0.11	0.0497	no		yes	ELAVL1;HNRNPA2B1;NOVA2;PTBP1;TARDBP	ELAVL1:3.87e-05;HNRNPA2B1:4.43e-05;NOVA2:8.42e-06;PTBP1:1.29e-05;TARDBP:5.35e-05	yes	1463	0.2704	C	no	absent	ok_pending_P3	64	<200
4036	ENSMUST00000037636.3|ENSMUSG00000034336|Ina	Ina	chr19	+	47024225-47025327	1102	47023647-47024225	578	47024225	1	day21	yes	0.105	0.0392	no		yes	ELAVL1;HNRNPA2B1;PTBP1	ELAVL1:1.83e-07;HNRNPA2B1:7.65e-05;PTBP1:9.29e-06	yes	853	0.3123	C	yes	absent	ok_pending_P3	81	<200
7469	ENSMUST00000204268.2|ENSMUSG00000045009|Prrt3	Prrt3	chr6	-	113493638-113494108	470	113494108-113494293	185	113494108	1	day60	yes	0.105	0.0464	no		yes	ELAVL1;HNRNPA2B1;NOVA2;PTBP1;TARDBP	ELAVL1:1.27e-05;HNRNPA2B1:8.25e-06;NOVA2:2.56e-05;PTBP1:9.29e-06;TARDBP:6.51e-05	yes	258	0.1841	C	yes	absent	ok_pending_P3	186	<200
379	ENSMUST00000163048.7|ENSMUSG00000063334|Krr1	Krr1	chr10	+	111985898-111988432	2534	111984678-111985898	1220	111985898	1	day1	yes	0.105	0.0682	no		yes	ELAVL1;HNRNPA2B1;NOVA1;PTBP1;QKI;TARDBP	ELAVL1:7.84e-05;HNRNPA2B1:4.43e-05;NOVA1:2.54e-05;PTBP1:3.80e-06;QKI:3.39e-06;TARDBP:5.35e-05	yes	2036	0.0864	C	no	absent	ok_pending_P3	92	<200
6912	ENSMUST00000086471.11|ENSMUSG00000066900|Suds3	Suds3	chr5	-	117091679-117092606	927	117092606-117092935	329	117092606	1	day1	yes	0.105	0.0976	no		yes	ELAVL1;NOVA1;PTBP1;TARDBP	ELAVL1:9.66e-05;NOVA1:5.35e-05;PTBP1:3.80e-06;TARDBP:4.38e-06	yes	665	0.2056	C	no	absent	ok_pending_P3	63	<200
6401	ENSMUST00000030434.4|ENSMUSG00000028673|Fuca1	Fuca1	chr4	+	135939362-135940311	949	135939211-135939362	151	135939362	1	day3	yes	0.105	0.0603	no		yes	ELAVL1;HNRNPA2B1;NOVA2;PTBP1;QKI	ELAVL1:9.05e-05;HNRNPA2B1:1.86e-05;NOVA2:5.35e-05;PTBP1:3.70e-07;QKI:1.34e-05	yes	296	0.2147	C	no	absent	ok_pending_P3	111	<200
4877	ENSMUST00000169687.7|ENSMUSG00000026827|Gpd2	Gpd2	chr2	+	57368437-57370719	2282	57367474-57368437	963	57368437	1	day7	yes	0.105	0.0788	no		yes	ELAVL1;HNRNPA2B1;NOVA2;PTBP1;QKI;TARDBP	ELAVL1:8.86e-06;HNRNPA2B1:1.20e-05;NOVA2:5.35e-05;PTBP1:5.23e-06;QKI:9.18e-05;TARDBP:1.79e-05	yes	1807	0.3696	C	no	absent	ok_pending_P3	57	<200
4899	ENSMUST00000102715.3|ENSMUSG00000027030|Stk39	Stk39	chr2	-	68210444-68211770	1326	68211770-68211921	151	68211770	1	day7	yes	0.105	0.0253	no		yes	ELAVL1;NOVA1;NOVA2;PTBP1	ELAVL1:7.84e-05;NOVA1:4.73e-05;NOVA2:5.35e-05;PTBP1:5.47e-06	yes	1321	0.9268	C	no	absent	ok_pending_P3	15	<50
1845	ENSMUST00000022062.7|ENSMUSG00000021577|Sdha	Sdha	chr13	-	74322253-74322892	639	74322892-74323089	197	74322892	1	day21	yes	0.105	0.0817	no		yes	ELAVL1;PTBP1;TARDBP	ELAVL1:7.84e-05;PTBP1:5.73e-05;TARDBP:9.40e-05	yes	538	0.0863	C	no	absent	ok_pending_P3	46	<50
4243	ENSMUST00000113820.8|ENSMUSG00000006304|Arpc2	Arpc2	chr1	+	74267961-74268209	248	74267792-74267961	169	74267961	1	day21	yes	0.105	0.0392	no		yes	ELAVL1;PTBP1	ELAVL1:9.05e-05;PTBP1:2.99e-06	yes	248	0.9542	C	no	absent	ok_pending_P3	44	<50
8639	ENSMUST00000152871.7|ENSMUSG00000060038|Dhps	Dhps	chr8	+	85073767-85075156	1389	85073526-85073767	241	85073767	1	day21	yes	0.105	0.0861	no		yes	ELAVL1;HNRNPA2B1;NOVA2;PTBP1;QKI;TARDBP	ELAVL1:8.86e-06;HNRNPA2B1:7.51e-06;NOVA2:5.84e-06;PTBP1:5.23e-05;QKI:7.24e-05;TARDBP:9.40e-05	yes	782	0.3025	C	no	absent	ok_pending_P3	901	>=500
2356	ENSMUST00000227691.1|ENSMUSG00000022339|Ebag9	Ebag9	chr15	+	44640777-44641515	738	44640419-44640777	358	44640777	1	day60	yes	0.105	0.0369	no		yes	ELAVL1;PTBP1	ELAVL1:7.84e-05;PTBP1:7.93e-05	yes	655	0.4325	C	no	absent	ok_pending_P3	30	<50
8420	ENSMUST00000016138.10|ENSMUSG00000015994|Fnta	Fnta	chr8	-	25998721-25999194	473	25999194-25999450	256	25999194	1	day60	yes	0.105	0.0297	no		yes	HNRNPA2B1;PTBP1;TARDBP	HNRNPA2B1:9.75e-05;PTBP1:9.66e-05;TARDBP:8.29e-05	yes	354	0.2204	C	no	absent	ok_pending_P3	2	<50
9262	ENSMUST00000185533.1|ENSMUSG00000032565|Nudt16	Nudt16	chr9	-	105128902-105129875	973	105129875-105130333	458	105129875	1	day1	yes	0.1	0.063	no		yes	ELAVL1;HNRNPA2B1;NOVA1;NOVA2;PTBP1;QKI;TARDBP	ELAVL1:7.93e-05;HNRNPA2B1:7.65e-05;NOVA1:1.47e-05;NOVA2:5.35e-05;PTBP1:1.21e-05;QKI:7.93e-05;TARDBP:6.51e-05	yes	529	0.0585	C	no	absent	ok_pending_P3	587	>=500
8596	ENSMUST00000210812.1|ENSMUSG00000036977|Anapc10	Anapc10	chr8	+	79775310-79779059	3749	79775159-79775310	151	79775310	1	day3	yes	0.1	0.0725	no		yes	ELAVL1;HNRNPA2B1;NOVA1;NOVA2;PTBP1;QKI;TARDBP	ELAVL1:8.86e-06;HNRNPA2B1:1.86e-05;NOVA1:2.99e-05;NOVA2:1.94e-05;PTBP1:1.20e-05;QKI:7.93e-05;TARDBP:3.58e-05	yes	755	0.1994	C	no	absent	ok_pending_P3	5	<50
975	ENSMUST00000139129.8|ENSMUSG00000018379|Srsf1	Srsf1	chr11	+	88051296-88053755	2459	88049603-88051296	1693	88051296	1	day7	yes	0.1	0.0585	no		yes	ELAVL1;HNRNPA2B1;NOVA1;NOVA2;PTBP1;QKI;TARDBP	ELAVL1:2.01e-05;HNRNPA2B1:1.20e-05;NOVA1:2.96e-05;NOVA2:1.94e-05;PTBP1:1.20e-05;QKI:1.60e-06;TARDBP:6.51e-05	yes	1553	0.2356	C	no	absent	ok_pending_P3	35	<50
1396	ENSMUST00000021339.7|ENSMUSG00000020956|Dtd2	Dtd2	chr12	-	51997506-51999129	1623	51999129-51999550	421	51999129	1	day7	yes	0.1	0.0937	no		yes	ELAVL1;HNRNPA2B1;NOVA1;PTBP1;TARDBP	ELAVL1:3.87e-05;HNRNPA2B1:1.30e-05;NOVA1:2.99e-05;PTBP1:3.63e-06;TARDBP:4.38e-06	yes	1356	0.247	C	no	absent	ok_pending_P3	2	<50
4239	ENSMUST00000047328.10|ENSMUSG00000039323|Igfbp2	Igfbp2	chr1	+	72852310-72852474	164	72852159-72852310	151	72852310	1	day60	yes	0.1	0.0545	no		yes	ELAVL1;NOVA1;NOVA2;PTBP1	ELAVL1:2.96e-05;NOVA1:2.96e-05;NOVA2:2.96e-05;PTBP1:1.47e-05	yes	134	0.5259	C	no	absent	ok_pending_P3	53	<200
6640	ENSMUST00000154241.7|ENSMUSG00000107283|Mpv17	Mpv17	chr5	-	31140653-31141234	581	31141234-31141783	549	31141234	2	day21;day60	yes	0.15	0.0359	no		yes	ELAVL1;PTBP1;QKI	ELAVL1:1.83e-07;PTBP1:7.93e-05;QKI:2.99e-05	no	4	0.0058	D	no	absent	ok_pending_P3	601	>=500
6659	ENSMUST00000141416.4|ENSMUSG00000057406|Nsd2	Nsd2	chr5	+	33877169-33895495	18326	33868769-33877169	8400	33877169	4	day1;day7;day21;day60	yes	0.49	0.0714	no		no			yes	11707	0.1786	none	yes	absent	ok_pending_P3	77	<200
9172	ENSMUST00000149692.1|ENSMUSG00000089865|Gm44503	Gm44503	chr9	+	72997566-73016319	18753	72997415-72997566	151	72997566	4	day1;day7;day21;day60	yes	0.475	0.0297	no		no			yes	14680	0.2453	none	no	absent	ok_pending_P3	1574	>=500
3713	ENSMUST00000136800.1|ENSMUSG00000090000|Ier3ip1	Ier3ip1	chr18	+	76939770-76941605	1835	76939619-76939770	151	76939770	4	day1;day7;day21;day60	yes	0.41	0.0725	no		no			yes	1372	0.3026	none	no	absent	ok_pending_P3	808	>=500
6836	ENSMUST00000082223.12|ENSMUSG00000058558|Rpl5	Rpl5	chr5	+	107908144-107909005	861	107907993-107908144	151	107908144	4	day1;day7;day21;day60	yes	0.385	0.0639	no		no			yes	546	0.1493	none	no	absent	ok_pending_P3	5	<50
520	ENSMUST00000090749.12|ENSMUSG00000071866|Ppia	Ppia	chr11	+	6418391-6419815	1424	6418240-6418391	151	6418391	4	day1;day7;day21;day60	yes	0.3	0.0286	no		no			yes	1147	0.4614	none	no	absent	ok_pending_P3	699	>=500
5175	ENSMUST00000110240.9|ENSMUSG00000027316|Gfra4	Gfra4	chr2	-	131039631-131039912	281	131039912-131040178	266	131039912	4	day1;day7;day21;day60	yes	0.285	0.0302	no		no			yes	152	0.0566	none	no	absent	ok_pending_P3	167	<200
646	ENSMUST00000020653.5|ENSMUSG00000020386|Sar1b	Sar1b	chr11	+	51791672-51791925	253	51791440-51791672	232	51791672	4	day1;day7;day21;day60	yes	0.265	0.0603	no		no			yes	253	0.9284	none	no	absent	ok_pending_P3	40	<50
299	ENSMUST00000043604.5|ENSMUSG00000034781|Gna11	Gna11	chr10	-	81528723-81530646	1923	81530646-81530797	151	81530646	4	day1;day7;day21;day60	yes	0.23	0.0736	no		no			yes	1078	0.1565	none	yes	absent	ok_pending_P3	38	<50
7000	ENSMUST00000118268.8|ENSMUSG00000029446|Psph	Psph	chr5	-	129765557-129765719	162	129765719-129765870	151	129765719	4	day1;day7;day21;day60	yes	0.21	0.0271	no		no			yes	115	0.2133	none	no	absent	ok_pending_P3	110	<200
6070	ENSMUST00000107773.2|ENSMUSG00000028328|Tmod1	Tmod1	chr4	+	46114526-46116032	1506	46114375-46114526	151	46114526	4	day1;day3;day21;day60	yes	0.19	0.0297	no		no			yes	1215	0.3417	none	yes	absent	ok_pending_P3	1	<50
1598	ENSMUST00000054815.14|ENSMUSG00000021285|Ppp1r13b	Ppp1r13b	chr12	-	111828456-111828713	257	111828713-111829344	631	111828713	3	day1;day7;day21	yes	0.38	0.047	no		no			yes	156	0.1137	none	yes	absent	ok_pending_P3	223	<500
513	ENSMUST00000002818.8|ENSMUSG00000002741|Ykt6	Ykt6	chr11	+	5966192-5967780	1588	5966041-5966192	151	5966192	3	day3;day21;day60	yes	0.38	0.024	no		no			yes	648	0.0582	none	no	absent	ok_pending_P3	80	<200
4799	ENSMUST00000028200.8|ENSMUSG00000026849|Tor1a	Tor1a	chr2	-	30960626-30960798	172	30960798-30960949	151	30960798	3	day1;day7;day21	yes	0.305	0.0859	no		no			yes	134	0.5868	none	no	absent	ok_pending_P3	170	<200
6798	ENSMUST00000169390.7|ENSMUSG00000029326|Enoph1	Enoph1	chr5	+	100068498-100068760	262	100067932-100068498	566	100068498	3	day1;day7;day21	yes	0.275	0.0576	no		no			yes	210	0.3368	none	no	absent	ok_pending_P3	104	<200
3243	ENSMUST00000001566.9|ENSMUSG00000001525|Tubb5	Tubb5	chr17	-	35833920-35834833	913	35834833-35834984	151	35834833	3	day7;day21;day60	yes	0.245	0.0254	no		no			yes	547	0.2171	none	yes	absent	ok_pending_P3	72	<200
812	ENSMUST00000132198.7|ENSMUSG00000018442|Derl2	Derl2	chr11	-	71013121-71018216	5095	71018216-71018367	151	71018216	3	day1;day7;day60	yes	0.245	0.0314	no		no			yes	3587	0.1542	none	no	absent	ok_pending_P3	8241	>=500
6542	ENSMUST00000126346.1|ENSMUSG00000029068|Ccnl2	Ccnl2	chr4	+	155821114-155824303	3189	155818557-155821114	2557	155821114	3	day1;day7;day21	yes	0.24	0.057	no		no			yes	1392	0.3734	none	no	absent	ok_pending_P3	234	<500
2572	ENSMUST00000145259.7|ENSMUSG00000008690|Ncaph2	Ncaph2	chr15	+	89360529-89372826	12297	89360378-89360529	151	89360529	3	day1;day7;day21	yes	0.235	0.0334	no		no			yes	8131	0.2213	none	no	absent	ok_pending_P3	3719	>=500
3858	ENSMUST00000191089.1|ENSMUSG00000116347|Gm49416	Gm49416	chr19	+	8894944-8895064	120	8894793-8894944	151	8894944	3	day1;day7;day21	yes	0.235	0.0394	no		no			yes	112	0.6292	none	no	absent	constrained	299	<500
7958	ENSMUST00000205279.1|ENSMUSG00000075701|Selenos	Selenos	chr7	+	66080569-66089120	8551	66080418-66080569	151	66080569	3	day1;day21;day60	yes	0.15	0.0306	no		no			yes	6859	0.1299	none	no	absent	ok_pending_P3	2638	>=500
9032	ENSMUST00000214923.1|ENSMUSG00000042396|Rbm7	Rbm7	chr9	-	48488708-48494018	5310	48494018-48494366	348	48494018	3	day1;day7;day21	yes	0.15	0.0235	no		no			yes	3803	0.1921	none	no	direct	ok_pending_P3	532	>=500
3376	ENSMUST00000233357.1|ENSMUSG00000117098|Gm49909	Gm49909	chr17	-	70974118-70974175	57	70974175-70974326	151	70974175	3	day7;day21;day60	yes	0.13	0.0694	no		no			yes	57	0.7886	none	no	absent	constrained	28	<50
1968	ENSMUST00000022341.6|ENSMUSG00000021807|Rtraf	Rtraf	chr14	-	19811350-19811934	584	19811934-19812085	151	19811934	2	day3;day7	yes	0.84	0.052	no		no			yes	449	0.3758	none	no	absent	ok_pending_P3	37	<50
6831	ENSMUST00000112696.7|ENSMUSG00000049606|Zfp644	Zfp644	chr5	-	106616738-106618087	1349	106618087-106618238	151	106618087	2	day3;day21	yes	0.59	0.0235	no		no			yes	1347	0.9729	none	yes	direct	ok_pending_P3	103	<200
1475	ENSMUST00000021550.6|ENSMUSG00000021125|Arg2	Arg2	chr12	+	79156179-79156301	122	79156028-79156179	151	79156179	2	day21;day60	yes	0.58	0.0364	no		no			yes	116	0.5421	none	no	absent	constrained	107	<200
6943	ENSMUST00000136960.7|ENSMUSG00000042594|Sh2b3	Sh2b3	chr5	-	121815487-121817431	1944	121817431-121818586	1155	121817431	2	day7;day21	yes	0.535	0.057	no		no			yes	1263	0.3037	none	yes	absent	ok_pending_P3	17	<50
2318	ENSMUST00000227030.1|ENSMUSG00000022263|Trio	Trio	chr15	-	27732128-27747060	14932	27747060-27748035	975	27747060	2	day7;day21	yes	0.475	0.0318	no		no			yes	9247	0.187	none	yes	absent	ok_pending_P3	189	<200
4880	ENSMUST00000112599.7|ENSMUSG00000026836|Acvr1	Acvr1	chr2	-	58446433-58446748	315	58446748-58447541	793	58446748	2	day1;day3	yes	0.455	0.0253	no		no			yes	315	0.9988	none	no	absent	ok_pending_P3	255	<500
9209	ENSMUST00000034989.14|ENSMUSG00000032418|Me1	Me1	chr9	-	86581370-86582550	1180	86582550-86582739	189	86582550	2	day7;day21	yes	0.365	0.0626	no		no			yes	794	0.2832	none	no	absent	ok_pending_P3	144	<200
9277	ENSMUST00000055843.8|ENSMUSG00000074102|Rbm15b	Rbm15b	chr9	-	106880917-106884122	3205	106884122-106884306	184	106884122	2	day7;day60	yes	0.36	0.083	no		no			yes	1797	0.1164	none	no	absent	ok_pending_P3	48	<50
776	ENSMUST00000102589.11|ENSMUSG00000059796|Eif4a1	Eif4a1	chr11	-	69668481-69670132	1651	69670132-69670745	613	69670132	2	day1;day60	yes	0.35	0.0423	no		no			yes	977	0.3513	none	no	absent	ok_pending_P3	123	<200
9647	ENSMUST00000112685.7|ENSMUSG00000025265|Fgd1	Fgd1	chrX	+	151089075-151089521	446	151088905-151089075	170	151089075	2	day3;day7	yes	0.345	0.0253	no		no			yes	418	0.6423	none	no	absent	ok_pending_P3	23	<50
301	ENSMUST00000151858.7|ENSMUSG00000034758|Tle6	Tle6	chr10	-	81595992-81596069	77	81596069-81596220	151	81596069	2	day7;day60	yes	0.34	0.0959	no		no			yes	13	0.0011	none	no	absent	constrained	3358	>=500
5050	ENSMUST00000024005.7|ENSMUSG00000023236|Scg5	Scg5	chr2	-	113776361-113776621	260	113776621-113776803	182	113776621	2	day21;day60	yes	0.28	0.0824	no		no			yes	223	0.5238	none	yes	absent	ok_pending_P3	2	<50
2249	ENSMUST00000022718.10|ENSMUSG00000022122|Ednrb	Ednrb	chr14	-	103814624-103816917	2293	103816917-103817068	151	103816917	2	day3;day7	yes	0.28	0.0297	no		no			yes	1721	0.2756	none	no	absent	ok_pending_P3	1795	>=500
3100	ENSMUST00000152434.8|ENSMUSG00000025736|Jmjd8	Jmjd8	chr17	+	25831365-25831767	402	25830319-25831365	1046	25831365	2	day7;day21	yes	0.275	0.0474	no		no			yes	186	0.2417	none	no	absent	ok_pending_P3	381	<500
1184	ENSMUST00000045779.5|ENSMUSG00000034714|Ttyh2	Ttyh2	chr11	+	114720012-114720977	965	114719200-114720012	812	114720012	2	day7;day21	yes	0.265	0.0542	no		no			yes	702	0.1277	none	no	absent	ok_pending_P3	101	<200
1985	ENSMUST00000154460.7|ENSMUSG00000021824|Ap3m1	Ap3m1	chr14	-	21031441-21035122	3681	21035122-21036605	1483	21035122	2	day7;day21	yes	0.26	0.0423	no		no			yes	2862	0.3477	none	no	absent	ok_pending_P3	39	<50
8477	ENSMUST00000033915.8|ENSMUSG00000031517|Gpm6a	Gpm6a	chr8	+	55060236-55060871	635	55058926-55060236	1310	55060236	2	day1;day7	yes	0.255	0.0253	no		no			yes	635	0.9966	none	no	absent	ok_pending_P3	7	<50
7776	ENSMUST00000008528.7|ENSMUSG00000008384|Sertad1	Sertad1	chr7	+	27490114-27490316	202	27489963-27490114	151	27490114	2	day7;day60	yes	0.245	0.0248	no		no			yes	144	0.1662	none	no	absent	ok_pending_P3	163	<200
8115	ENSMUST00000033335.5|ENSMUSG00000031023|Akip1	Akip1	chr7	+	109712041-109712189	148	109711890-109712041	151	109712041	2	day7;day21	yes	0.245	0.0554	no		no			yes	108	0.3663	none	no	absent	constrained	90	<200
8206	ENSMUST00000202798.1|ENSMUSG00000107068|Gm42742	Gm42742	chr7	-	127015050-127015121	71	127015121-127015272	151	127015121	2	day7;day60	yes	0.24	0.0435	no		no			yes	36	0.0734	none	no	absent	constrained	25	<50
1079	ENSMUST00000107302.7|ENSMUSG00000017801|Mlx	Mlx	chr11	+	101091337-101092207	870	101091162-101091337	175	101091337	2	day1;day7	yes	0.225	0.0612	no		no			yes	456	0.1431	none	no	absent	ok_pending_P3	31	<50
8625	ENSMUST00000065539.5|ENSMUSG00000053226|Dand5	Dand5	chr8	-	84815403-84815755	352	84815755-84816290	535	84815755	2	day1;day7	yes	0.225	0.0569	no		no			yes	192	0.047	none	no	absent	ok_pending_P3	233	<500
8246	ENSMUST00000064821.13|ENSMUSG00000030786|Itgam	Itgam	chr7	+	128117912-128118491	579	128117374-128117912	538	128117912	2	day1;day3	yes	0.22	0.0365	no		no			yes	404	0.0776	none	yes	absent	ok_pending_P3	373	<500
6961	ENSMUST00000186469.6|ENSMUSG00000029449|Rhof	Rhof	chr5	-	123103043-123118367	15324	123118367-123119432	1065	123118367	2	day3;day7	yes	0.21	0.0313	no		no			yes	9204	0.1128	none	yes	absent	ok_pending_P3	149	<200
9543	ENSMUST00000026142.7|ENSMUSG00000025151|Maged1	Maged1	chrX	-	94535473-94535568	95	94535568-94535870	302	94535568	2	day7;day60	yes	0.21	0.0253	no		no			yes	93	0.8517	none	yes	absent	constrained	27	<50
8480	ENSMUST00000034022.3|ENSMUSG00000031609|Sap30	Sap30	chr8	-	57482706-57482779	73	57482779-57482930	151	57482779	2	day21;day60	yes	0.2	0.0257	no		no			yes	73	0.9882	none	no	absent	constrained	53	<200
3070	ENSMUST00000053024.7|ENSMUSG00000043445|Pgp	Pgp	chr17	+	24471715-24473110	1395	24471564-24471715	151	24471715	2	day7;day21	yes	0.195	0.0253	no		no			yes	861	0.1376	none	no	absent	ok_pending_P3	42	<50
9693	ENSMUST00000188484.1|ENSMUSG00000069045|Ddx3y	Ddx3y	chrY	-	1262312-1278896	16584	1278896-1282951	4055	1278896	2	day21;day60	yes	0.195	0.0253	no		no			yes	7650	0.5111	none	no	absent	ok_pending_P3	3550	>=500
4235	ENSMUST00000027153.5|ENSMUSG00000026003|Acadl	Acadl	chr1	-	66830838-66831099	261	66831099-66831436	337	66831099	2	day7;day21	yes	0.19	0.0297	no		no			yes	164	0.0838	none	no	absent	ok_pending_P3	43	<50
1815	ENSMUST00000059817.11|ENSMUSG00000044934|Zfp367	Zfp367	chr13	-	64133017-64134026	1009	64134026-64135316	1290	64134026	2	day1;day60	yes	0.175	0.028	no		no			yes	968	0.6553	none	no	absent	ok_pending_P3	357	<500
8926	ENSMUST00000214285.1|ENSMUSG00000032180|Tmed1	Tmed1	chr9	-	21507556-21508930	1374	21508930-21509102	172	21508930	2	day1;day21	yes	0.175	0.069	no		no			yes	866	0.2046	none	no	absent	ok_pending_P3	1338	>=500
2442	ENSMUST00000081291.12|ENSMUSG00000053929|Cyhr1	Cyhr1	chr15	-	76643394-76645908	2514	76645908-76646185	277	76645908	2	day7;day21	yes	0.175	0.0603	no		no			yes	1246	0.1412	none	no	absent	ok_pending_P3	106	<200
4521	ENSMUST00000135673.7|ENSMUSG00000040596|Pogk	Pogk	chr1	-	166384621-166391822	7201	166391822-166398702	6880	166391822	2	day21;day60	yes	0.175	0.0447	no		no			yes	4721	0.1153	none	no	absent	ok_pending_P3	709	>=500
6387	ENSMUST00000030636.10|ENSMUSG00000028832|Stmn1	Stmn1	chr4	+	134473615-134473843	228	134473400-134473615	215	134473615	2	day7;day60	yes	0.17	0.0392	no		no			yes	228	0.9803	none	no	absent	ok_pending_P3	67	<200
2875	ENSMUST00000023487.4|ENSMUSG00000022799|Arhgap31	Arhgap31	chr16	-	38598339-38601169	2830	38601169-38601427	258	38601169	2	day1;day60	yes	0.16	0.0253	no		no			yes	1938	0.1827	none	no	absent	ok_pending_P3	151	<200
8318	ENSMUST00000043870.8|ENSMUSG00000038489|Polr2l	Polr2l	chr7	-	141471859-141473147	1288	141473147-141473298	151	141473147	2	day1;day7	yes	0.15	0.0235	no		no			yes	1038	0.1136	none	no	absent	ok_pending_P3	55	<200
9146	ENSMUST00000034945.5|ENSMUSG00000032381|Ciao2a	Ciao2a	chr9	+	66138698-66138955	257	66138431-66138698	267	66138698	2	day1;day21	yes	0.135	0.0427	no		no			yes	254	0.7444	none	no	absent	ok_pending_P3	11	<50
3225	ENSMUST00000007257.9|ENSMUSG00000007041|Clic1	Clic1	chr17	+	35058639-35058749	110	35058488-35058639	151	35058639	2	day7;day60	yes	0.125	0.0626	no		no			yes	100	0.554	none	no	absent	constrained	11	<50
4752	ENSMUST00000167661.6|ENSMUSG00000015790|Surf1	Surf1	chr2	-	26913382-26915431	2049	26915431-26915719	288	26915431	2	day21;day60	yes	0.125	0.0401	no		no			yes	1350	0.2717	none	no	absent	ok_pending_P3	175	<200
3183	ENSMUST00000173019.7|ENSMUSG00000067288|Rps28	Rps28	chr17	-	33819026-33821768	2742	33821768-33823210	1442	33821768	2	day7;day21	yes	0.12	0.0835	no		no			yes	2233	0.317	none	no	absent	ok_pending_P3	398	<500
3792	ENSMUST00000126471.1|ENSMUSG00000024906|Mus81	Mus81	chr19	-	5485487-5486028	541	5486028-5487106	1078	5486028	2	day21;day60	yes	0.12	0.0266	no		no			yes	288	0.1459	none	no	absent	ok_pending_P3	76	<200
332	ENSMUST00000151273.7|ENSMUSG00000035311|Gnptab	Gnptab	chr10	+	88412117-88447320	35203	88411966-88412117	151	88412117	2	day7;day21	yes	0.11	0.0903	no		no			yes	24469	0.1642	none	no	absent	ok_pending_P3	18606	>=500
1594	ENSMUST00000001304.8|ENSMUSG00000001270|Ckb	Ckb	chr12	-	111669360-111669414	54	111669414-111669565	151	111669414	2	day21;day60	yes	0.105	0.0686	no		no			yes	53	0.9188	none	no	absent	constrained	18	<50
1964	ENSMUST00000132374.8|ENSMUSG00000021772|Nkiras1	Nkiras1	chr14	+	18280337-18284003	3666	18280186-18280337	151	18280337	1	day7	yes	0.74	0.0253	no		no			yes	2929	0.2837	none	no	absent	ok_pending_P3	8	<50
2067	ENSMUST00000160835.8|ENSMUSG00000035953|Pip4p1	Pip4p1	chr14	-	50926067-50927526	1459	50927526-50927896	370	50927526	1	day1	yes	0.635	0.0322	no		no			yes	1242	0.6737	none	no	absent	ok_pending_P3	183	<200
8527	ENSMUST00000076615.5|ENSMUSG00000003575|Crtc1	Crtc1	chr8	-	70382354-70385924	3570	70385924-70386126	202	70385924	1	day60	yes	0.555	0.0235	no		no			yes	2001	0.0962	none	yes	absent	ok_pending_P3	402	<500
911	ENSMUST00000021050.13|ENSMUSG00000020709|Adap2	Adap2	chr11	+	80178605-80178958	353	80178427-80178605	178	80178605	1	day3	yes	0.54	0.0639	no		no			yes	248	0.1715	none	no	absent	ok_pending_P3	918	>=500
4979	ENSMUST00000068726.12|ENSMUSG00000005506|Celf1	Celf1	chr2	+	91015012-91019497	4485	91013362-91015012	1650	91015012	1	day21	yes	0.53	0.0731	no		no			yes	3980	0.7439	none	yes	absent	ok_pending_P3	124	<200
3129	ENSMUST00000232437.1|ENSMUSG00000040276|Pacsin1	Pacsin1	chr17	+	27708683-27711482	2799	27708532-27708683	151	27708683	1	day21	yes	0.51	0.0999	no		no			yes	1753	0.1842	none	yes	absent	ok_pending_P3	1	<50
3015	ENSMUST00000097414.10|ENSMUSG00000062078|Qk	Qk	chr17	-	10206550-10210321	3771	10210321-10214171	3850	10210321	1	day21	yes	0.51	0.0876	yes	chr17:10209550-10209600(fdr=6.82e-04);chr17:10209600-10209650(fdr=1.96e-03);chr17:10209850-10209900(fdr=4.13e-04)	no			yes	3665	0.8763	none	no	absent	ok_pending_P3	62	<200
3682	ENSMUST00000025402.14|ENSMUSG00000024524|Gnal	Gnal	chr18	+	67224618-67226792	2174	67222712-67224618	1906	67224618	1	day21	yes	0.475	0.0298	no		no			yes	1242	0.1472	none	yes	absent	ok_pending_P3	399	<500
4035	ENSMUST00000235596.1|ENSMUSG00000025041|Nt5c2	Nt5c2	chr19	-	46887827-46909386	21559	46909386-46909537	151	46909386	1	day60	yes	0.455	0.0235	no		no			yes	15310	0.2255	none	no	direct	ok_pending_P3	10562	>=500
4144	ENSMUST00000027252.7|ENSMUSG00000026083|Eif5b	Eif5b	chr1	+	38051896-38055579	3683	38051710-38051896	186	38051896	1	day60	yes	0.44	0.057	no		no			yes	2259	0.3781	none	no	absent	ok_pending_P3	12	<50
6412	ENSMUST00000168936.1|ENSMUSG00000001089|Luzp1	Luzp1	chr4	+	136549158-136554780	5622	136545390-136549158	3768	136549158	1	day3	yes	0.435	0.0795	no		no			yes	3789	0.2152	none	yes	absent	ok_pending_P3	117	<200
7627	ENSMUST00000125782.7|ENSMUSG00000008373|Prpf31	Prpf31	chr7	+	3631219-3637057	5838	3630857-3631219	362	3631219	1	day7	yes	0.43	0.0707	no		no			yes	4064	0.1871	none	no	absent	ok_pending_P3	222	<500
8168	ENSMUST00000033157.9|ENSMUSG00000030869|Ndufab1	Ndufab1	chr7	-	122085402-122090843	5441	122090843-122091596	753	122090843	1	day21	yes	0.43	0.0313	no		no			yes	4509	0.0883	none	no	absent	ok_pending_P3	28	<50
3173	ENSMUST00000141815.2|ENSMUSG00000053390|Zfp952	Zfp952	chr17	+	33003143-33005457	2314	33002975-33003143	168	33003143	1	day1	yes	0.42	0.0409	no		no			yes	2020	0.3246	none	no	absent	ok_pending_P3	35	<50
345	ENSMUST00000020204.4|ENSMUSG00000020019|Ntn4	Ntn4	chr10	+	93746206-93747207	1001	93745850-93746206	356	93746206	1	day3	yes	0.39	0.0788	no		no			yes	898	0.5724	none	no	absent	ok_pending_P3	288	<500
3953	ENSMUST00000102826.3|ENSMUSG00000045932|Ifit2	Ifit2	chr19	+	34574837-34576419	1582	34574471-34574837	366	34574837	1	day3	yes	0.385	0.0392	no		no			yes	1128	0.1123	none	no	absent	ok_pending_P3	453	<500
2823	ENSMUST00000055389.8|ENSMUSG00000047434|Xxylt1	Xxylt1	chr16	-	30955143-30955854	711	30955854-30957340	1486	30955854	1	day3	yes	0.38	0.0505	no		no			yes	401	0.0768	none	no	absent	ok_pending_P3	246	<500
3917	ENSMUST00000096164.5|ENSMUSG00000071604|Fam189a2	Fam189a2	chr19	-	23972749-23973068	319	23973068-23973427	359	23973068	1	day3	yes	0.38	0.0322	no		no			yes	262	0.2805	none	no	absent	ok_pending_P3	157	<200
2138	ENSMUST00000041905.7|ENSMUSG00000114797|Gm49336	Gm49336	chr14	-	60218077-60219632	1555	60219632-60219991	359	60219632	1	day60	yes	0.38	0.0235	no		no			yes	1364	0.5931	none	no	absent	ok_pending_P3	86	<200
6224	ENSMUST00000030460.14|ENSMUSG00000034042|Gpbp1l1	Gpbp1l1	chr4	+	116593441-116593882	441	116592955-116593441	486	116593441	1	day3	yes	0.365	0.025	no		no			yes	412	0.6865	none	no	absent	ok_pending_P3	211	<500
6788	ENSMUST00000031331.12|ENSMUSG00000029385|Ccng2	Ccng2	chr5	+	93275752-93276231	479	93274994-93275752	758	93275752	1	day3	yes	0.365	0.0395	no		no			yes	462	0.762	none	no	absent	ok_pending_P3	30	<50
6094	ENSMUST00000107619.2|ENSMUSG00000003032|Klf4	Klf4	chr4	-	55527142-55527976	834	55527976-55528127	151	55527976	1	day1	yes	0.345	0.0791	no		no			yes	833	0.9211	none	no	absent	ok_pending_P3	312	<500
6381	ENSMUST00000030644.7|ENSMUSG00000028840|Zfp593	Zfp593	chr4	-	134243288-134244640	1352	134244640-134244791	151	134244640	1	day60	yes	0.34	0.0396	no		no			yes	923	0.2742	none	no	absent	ok_pending_P3	20	<50
1798	ENSMUST00000091579.5|ENSMUSG00000021552|Gkap1	Gkap1	chr13	-	58233345-58233462	117	58233462-58233613	151	58233462	1	day3	yes	0.335	0.0585	no		no			yes	117	0.9624	none	no	absent	constrained	24	<50
8572	ENSMUST00000075602.7|ENSMUSG00000070713|Gm10282	Gm10282	chr8	-	72304109-72304760	651	72304760-72304911	151	72304760	1	day3	yes	0.335	0.0722	no		no			yes	612	0.6889	none	no	absent	ok_pending_P3	5507	>=500
8394	ENSMUST00000033866.8|ENSMUSG00000031479|Vps36	Vps36	chr8	+	22218640-22220843	2203	22218489-22218640	151	22218640	1	day21	yes	0.335	0.0456	no		no			yes	1502	0.225	none	no	absent	ok_pending_P3	32	<50
3852	ENSMUST00000096259.5|ENSMUSG00000071658|Gng3	Gng3	chr19	-	8836932-8837922	990	8837922-8838145	223	8837922	1	day7	yes	0.325	0.0825	no		no			yes	682	0.1629	none	no	absent	ok_pending_P3	24	<50
1588	ENSMUST00000117269.7|ENSMUSG00000021277|Traf3	Traf3	chr12	+	111262306-111267153	4847	111262057-111262306	249	111262306	1	day21	yes	0.32	0.0812	no		no			yes	2976	0.3084	none	yes	absent	ok_pending_P3	13	<50
8653	ENSMUST00000034079.13|ENSMUSG00000031657|Heatr3	Heatr3	chr8	+	88171511-88172027	516	88170978-88171511	533	88171511	1	day3	yes	0.32	0.0798	no		no			yes	456	0.259	none	no	absent	ok_pending_P3	69	<200
8567	ENSMUST00000119003.1|ENSMUSG00000066880|Zfp617	Zfp617	chr8	+	71933705-71934629	924	71933504-71933705	201	71933705	1	day60	yes	0.31	0.028	no		no			yes	896	0.3659	none	no	absent	ok_pending_P3	890	>=500
6588	ENSMUST00000115217.7|ENSMUSG00000044968|Napepld	Napepld	chr5	-	21662900-21665047	2147	21665047-21665230	183	21665047	1	day21	yes	0.305	0.0801	no		no			yes	1317	0.1059	none	no	absent	ok_pending_P3	19	<50
6480	ENSMUST00000103221.9|ENSMUSG00000028991|Mtor	Mtor	chr4	+	148557427-148557683	256	148556857-148557427	570	148557427	1	day3	yes	0.3	0.0854	no		no			yes	169	0.4431	none	no	absent	ok_pending_P3	63	<200
553	ENSMUST00000062844.10|ENSMUSG00000051650|B3gnt2	B3gnt2	chr11	-	22834746-22835138	392	22835138-22835995	857	22835138	1	day3	yes	0.285	0.0286	no		no			yes	374	0.7478	none	no	absent	ok_pending_P3	14	<50
9606	ENSMUST00000033783.1|ENSMUSG00000031409|Tceal6	Tceal6	chrX	-	135208686-135208793	107	135208793-135208944	151	135208793	1	day3	yes	0.28	0.0551	no		no			yes	83	0.176	none	no	absent	constrained	649	>=500
3101	ENSMUST00000044911.9|ENSMUSG00000039615|Stub1	Stub1	chr17	-	25830504-25830736	232	25830736-25830887	151	25830736	1	day21	yes	0.275	0.0717	no		no			yes	163	0.4243	none	no	absent	ok_pending_P3	67	<200
473	ENSMUST00000219427.1|ENSMUSG00000025348|Itga7	Itga7	chr10	+	128957988-128958279	291	128957678-128957988	310	128957988	1	day1	yes	0.27	0.0861	no		no			yes	214	0.3105	none	no	absent	ok_pending_P3	9	<50
252	ENSMUST00000142997.7|ENSMUSG00000035478|Mbd3	Mbd3	chr10	-	80392538-80392760	222	80392760-80393102	342	80392760	1	day60	yes	0.27	0.095	no		no			yes	180	0.0461	none	no	absent	ok_pending_P3	180	<200
6574	ENSMUST00000004076.4|ENSMUSG00000003974|Grm3	Grm3	chr5	-	9485540-9485619	79	9485619-9485770	151	9485619	1	day60	yes	0.27	0.0643	no		no			yes	78	0.8941	none	no	absent	constrained	22	<50
3112	ENSMUST00000236967.1|ENSMUSG00000024177|Nme4	Nme4	chr17	-	26091733-26091880	147	26091880-26092031	151	26091880	1	day60	yes	0.26	0.0841	no		no			yes	103	0.188	none	no	absent	constrained	148	<200
4756	ENSMUST00000114006.7|ENSMUSG00000015488|Cacfd1	Cacfd1	chr2	+	27019224-27021089	1865	27018975-27019224	249	27019224	1	day60	yes	0.26	0.0538	no		no			yes	804	0.0244	none	no	absent	ok_pending_P3	38	<50
8452	ENSMUST00000128166.7|ENSMUSG00000039470|Zdhhc2	Zdhhc2	chr8	+	40494115-40510266	16151	40474772-40494115	19343	40494115	1	day21	yes	0.255	0.0998	no		no			yes	10634	0.1101	none	yes	absent	ok_pending_P3	139	<200
9178	ENSMUST00000169492.7|ENSMUSG00000007656|Arpp19	Arpp19	chr9	+	75057735-75060313	2578	75056802-75057735	933	75057735	1	day7	yes	0.255	0.0735	no		no			yes	1870	0.2967	none	no	absent	ok_pending_P3	39	<50
5053	ENSMUST00000028640.13|ENSMUSG00000057147|Dph6	Dph6	chr2	-	114516415-114518048	1633	114518048-114518272	224	114518048	1	day60	yes	0.23	0.0743	no		no			yes	1246	0.0748	none	no	absent	ok_pending_P3	69	<200
7870	ENSMUST00000107938.7|ENSMUSG00000038738|Shank1	Shank1	chr7	+	44358357-44360572	2215	44357334-44358357	1023	44358357	1	day21	yes	0.225	0.0961	no		no			yes	1565	0.3545	none	yes	absent	ok_pending_P3	133	<200
2960	ENSMUST00000144877.2|ENSMUSG00000058240|Cryzl1	Cryzl1	chr16	-	91694343-91694686	343	91694686-91695219	533	91694686	1	day3	yes	0.225	0.074	no		no			yes	273	0.0741	none	no	absent	ok_pending_P3	398	<500
3114	ENSMUST00000074370.9|ENSMUSG00000024182|Axin1	Axin1	chr17	+	26195534-26195811	277	26195058-26195534	476	26195534	1	day3	yes	0.22	0.0253	no		no			yes	224	0.5627	none	no	absent	ok_pending_P3	164	<200
6034	ENSMUST00000095114.4|ENSMUSG00000094686|Ccl21a	Ccl21a	chr4	-	42772859-42773104	245	42773104-42773255	151	42773104	1	day21	yes	0.22	0.0626	no		no			yes	217	0.2356	none	no	absent	ok_pending_P3	94872	>=500
6447	ENSMUST00000030757.9|ENSMUSG00000028920|Fbxo42	Fbxo42	chr4	+	141200722-141204062	3340	141200561-141200722	161	141200722	1	day60	yes	0.22	0.0495	no		no			yes	2389	0.3248	none	no	absent	ok_pending_P3	62	<200
8591	ENSMUST00000049245.9|ENSMUSG00000037070|Rbmxl1	Rbmxl1	chr8	-	78505268-78505397	129	78505397-78505548	151	78505397	1	day60	yes	0.22	0.0546	no		no			yes	129	0.9858	none	no	absent	constrained	74	<200
6840	ENSMUST00000031190.4|ENSMUSG00000029265|Dr1	Dr1	chr5	+	108278813-108280526	1713	108278662-108278813	151	108278813	1	day3	yes	0.215	0.0566	no		no			yes	1655	0.7926	none	no	absent	ok_pending_P3	123	<200
2447	ENSMUST00000228990.1|ENSMUSG00000116138|C030006K11Rik	C030006K11Rik	chr15	-	76721466-76722125	659	76722125-76723387	1262	76722125	1	day21	yes	0.215	0.0253	no		no			yes	359	0.1258	none	no	absent	ok_pending_P3	176	<200
2174	ENSMUST00000022639.7|ENSMUSG00000022055|Nefl	Nefl	chr14	+	68087608-68089095	1487	68087444-68087608	164	68087608	1	day3	yes	0.21	0.0667	no		no			yes	1138	0.3469	none	yes	absent	ok_pending_P3	53	<200
4020	ENSMUST00000239049.1|ENSMUSG00000025221|Kcnip2	Kcnip2	chr19	-	45792345-45792802	457	45792802-45793672	870	45792802	1	day3	yes	0.21	0.0509	no		no			yes	383	0.3708	none	no	absent	ok_pending_P3	303	<500
8711	ENSMUST00000014920.7|ENSMUSG00000014776|Nol3	Nol3	chr8	+	105280939-105281939	1000	105279899-105280939	1040	105280939	1	day7	yes	0.21	0.0982	no		no			yes	908	0.3451	none	no	absent	ok_pending_P3	123	<200
4588	ENSMUST00000027775.8|ENSMUSG00000026495|Efcab2	Efcab2	chr1	+	178481644-178484513	2869	178481425-178481644	219	178481644	1	day21	yes	0.21	0.0984	no		no			yes	1760	0.0559	none	no	absent	ok_pending_P3	31	<50
626	ENSMUST00000145353.7|ENSMUSG00000020362|Cnot6	Cnot6	chr11	-	49671502-49674914	3412	49674914-49675195	281	49674914	1	day1	yes	0.205	0.0732	no		no			yes	3202	0.6935	none	no	absent	ok_pending_P3	184	<200
5977	ENSMUST00000117632.7|ENSMUSG00000073988|Ttpa	Ttpa	chr4	+	20029627-20030785	1158	20028531-20029627	1096	20029627	1	day1	yes	0.205	0.0322	no		no			yes	923	0.2016	none	no	absent	ok_pending_P3	545	>=500
4764	ENSMUST00000113952.9|ENSMUSG00000026917|Wdr5	Wdr5	chr2	+	27535038-27536535	1497	27534854-27535038	184	27535038	1	day21	yes	0.2	0.0878	no		no			yes	640	0.1166	none	no	absent	ok_pending_P3	62	<200
1345	ENSMUST00000020980.11|ENSMUSG00000020649|Rrm2	Rrm2	chr12	+	24713698-24714146	448	24713229-24713698	469	24713698	1	day1	yes	0.195	0.0787	no		no			yes	366	0.123	none	no	absent	ok_pending_P3	24	<50
2557	ENSMUST00000109381.8|ENSMUSG00000022387|Brd1	Brd1	chr15	-	88687033-88687765	732	88687765-88688299	534	88687765	1	day3	yes	0.195	0.0478	no		no			yes	614	0.632	none	no	absent	ok_pending_P3	136	<200
732	ENSMUST00000072916.4|ENSMUSG00000014243|Zswim7	Zswim7	chr11	-	62267223-62267305	82	62267305-62267456	151	62267305	1	day7	yes	0.195	0.0937	no		no			yes	50	0.0907	none	no	absent	constrained	94	<200
3081	ENSMUST00000234579.1|ENSMUSG00000039183|Nubp2	Nubp2	chr17	-	24882610-24885418	2808	24885418-24885607	189	24885418	1	day60	yes	0.19	0.0297	no		no			yes	1330	0.1445	none	no	absent	ok_pending_P3	866	>=500
927	ENSMUST00000146053.7|ENSMUSG00000018841|Rad51d	Rad51d	chr11	-	82876433-82883492	7059	82883492-82883949	457	82883492	1	day1	yes	0.185	0.0585	no		no			yes	4550	0.1815	none	no	absent	ok_pending_P3	1016	>=500
3400	ENSMUST00000068958.8|ENSMUSG00000036533|Cdc42ep3	Cdc42ep3	chr17	-	79333726-79334250	524	79334250-79334727	477	79334250	1	day3	yes	0.18	0.0937	no		no			yes	501	0.7638	none	no	absent	ok_pending_P3	75	<200
6651	ENSMUST00000072311.12|ENSMUSG00000014932|Yes1	Yes1	chr5	+	32685238-32687057	1819	32684756-32685238	482	32685238	1	day3	yes	0.18	0.028	no		no			yes	1670	0.5858	none	no	absent	ok_pending_P3	304	<500
5688	ENSMUST00000060061.10|ENSMUSG00000047824|Pygo2	Pygo2	chr3	+	89433662-89435128	1466	89433511-89433662	151	89433662	1	day7	yes	0.18	0.0555	no		no			yes	947	0.2493	none	no	absent	ok_pending_P3	3	<50
2055	ENSMUST00000226299.1|ENSMUSG00000037526|Atg14	Atg14	chr14	-	47540892-47542470	1578	47542470-47542839	369	47542470	1	day1	yes	0.175	0.028	no		no			yes	1213	0.3996	none	no	absent	ok_pending_P3	24	<50
5919	ENSMUST00000106153.8|ENSMUSG00000036825|Ssx2ip	Ssx2ip	chr3	+	146439153-146440144	991	146438827-146439153	326	146439153	1	day3	yes	0.175	0.0552	no		no			yes	847	0.4459	none	no	absent	ok_pending_P3	5	<50
5468	ENSMUST00000103045.3|ENSMUSG00000027581|Stmn3	Stmn3	chr2	-	181306458-181306615	157	181306615-181306766	151	181306615	1	day60	yes	0.17	0.0661	no		no			yes	101	0.2026	none	yes	absent	ok_pending_P3	77	<200
165	ENSMUST00000048289.13|ENSMUSG00000037868|Egr2	Egr2	chr10	+	67541317-67542188	871	67540985-67541317	332	67541317	1	day3	yes	0.17	0.0479	no		no			yes	858	0.9217	none	no	absent	ok_pending_P3	67	<200
7295	ENSMUST00000127748.4|ENSMUSG00000043496|Tril	Tril	chr6	-	53815467-53817052	1585	53817052-53817808	756	53817052	1	day3	yes	0.17	0.094	no		no			yes	1247	0.3272	none	no	absent	ok_pending_P3	53	<200
2486	ENSMUST00000023064.8|ENSMUSG00000022428|Cby1	Cby1	chr15	+	79667394-79667660	266	79667065-79667394	329	79667394	1	day21	yes	0.17	0.0984	no		no			yes	98	0.0493	none	no	absent	ok_pending_P3	147	<200
5485	ENSMUST00000029002.8|ENSMUSG00000027500|Stmn2	Stmn2	chr3	+	8560473-8561606	1133	8560322-8560473	151	8560473	1	day60	yes	0.165	0.0288	no		no			yes	1103	0.8367	none	yes	absent	ok_pending_P3	8	<50
4312	ENSMUST00000027472.6|ENSMUSG00000026255|Efhd1	Efhd1	chr1	+	87310203-87310839	636	87309792-87310203	411	87310203	1	day21	yes	0.165	0.0514	no		no			yes	366	0.1342	none	no	absent	ok_pending_P3	260	<500
4362	ENSMUST00000112890.2|ENSMUSG00000026281|Dtymk	Dtymk	chr1	-	93800064-93800594	530	93800594-93800800	206	93800594	1	day21	yes	0.165	0.0935	no		no			no	0		none	no	absent	ok_pending_P3	68	<200
7606	ENSMUST00000032386.10|ENSMUSG00000030256|Bhlhe41	Bhlhe41	chr6	-	145858242-145861245	3003	145861245-145862854	1609	145861245	1	day7	yes	0.16	0.0731	no		no			yes	2281	0.1941	none	no	absent	ok_pending_P3	18	<50
3157	ENSMUST00000237323.1|ENSMUSG00000061613|U2af1	U2af1	chr17	-	31647081-31651535	4454	31651535-31651686	151	31651535	1	day21	yes	0.155	0.0448	no		no			yes	2553	0.1848	none	no	absent	ok_pending_P3	1132	>=500
5668	ENSMUST00000186583.6|ENSMUSG00000028053|Ash1l	Ash1l	chr3	+	89078045-89079375	1330	89077079-89078045	966	89078045	1	day1	yes	0.145	0.0948	no		no			yes	1304	0.8901	none	yes	absent	ok_pending_P3	130	<200
5619	ENSMUST00000118100.7|ENSMUSG00000062232|Rapgef2	Rapgef2	chr3	-	79062515-79064383	1868	79064383-79064538	155	79064383	1	day60	yes	0.145	0.0728	no		no			yes	1740	0.7794	none	yes	absent	ok_pending_P3	372	<500
8724	ENSMUST00000239468.1|ENSMUSG00000037415|Ranbp10	Ranbp10	chr8	-	105768307-105771438	3131	105771438-105771589	151	105771438	1	day1	yes	0.145	0.0725	no		no			yes	2726	0.4993	none	no	absent	ok_pending_P3	273	<500
3039	ENSMUST00000115576.2|ENSMUSG00000047786|Lix1	Lix1	chr17	+	17457789-17459387	1598	17457390-17457789	399	17457789	1	day3	yes	0.145	0.0339	no		no			yes	1134	0.1195	none	no	absent	ok_pending_P3	1509	>=500
1678	ENSMUST00000221725.1|ENSMUSG00000069255|Dusp22	Dusp22	chr13	+	30705800-30711231	5431	30705649-30705800	151	30705800	1	day21	yes	0.14	0.0253	no		no			yes	2864	0.103	none	no	absent	ok_pending_P3	4968	>=500
3427	ENSMUST00000024957.6|ENSMUSG00000024145|Pigf	Pigf	chr17	-	86997255-86997305	50	86997305-86997456	151	86997305	1	day21	yes	0.14	0.0732	no		no			yes	50	0.9999	none	no	absent	constrained	1	<50
5267	ENSMUST00000150545.7|ENSMUSG00000027472|Pdrg1	Pdrg1	chr2	-	153008889-153013930	5041	153013930-153014081	151	153013930	1	day60	yes	0.14	0.0853	no		no			yes	3095	0.1026	none	no	absent	ok_pending_P3	4429	>=500
870	ENSMUST00000037285.9|ENSMUSG00000011877|Git1	Git1	chr11	+	77507434-77507786	352	77506605-77507434	829	77507434	1	day3	yes	0.135	0.0539	no		no			yes	302	0.4678	none	yes	absent	ok_pending_P3	18	<50
4023	ENSMUST00000099392.9|ENSMUSG00000055491|Pprc1	Pprc1	chr19	+	46072732-46072915	183	46072581-46072732	151	46072732	1	day3	yes	0.135	0.0773	no		no			yes	182	0.9138	none	yes	absent	ok_pending_P3	10	<50
1350	ENSMUST00000074267.4|ENSMUSG00000061477|Rps7	Rps7	chr12	-	28630853-28630967	114	28630967-28631118	151	28630967	1	day1	yes	0.135	0.0519	no		no			yes	111	0.0516	none	no	absent	constrained	95	<200
9668	ENSMUST00000033665.8|ENSMUSG00000031303|Map3k15	Map3k15	chrX	+	160123147-160123351	204	160122996-160123147	151	160123147	1	day21	yes	0.135	0.0313	no		no			yes	130	0.048	none	no	absent	ok_pending_P3	180	<200
3299	ENSMUST00000129200.1|ENSMUSG00000023973|Cnpy3	Cnpy3	chr17	-	46735755-46737681	1926	46737681-46737832	151	46737681	1	day60	yes	0.135	0.0253	no		no			yes	1301	0.2191	none	no	absent	ok_pending_P3	447	<500
4267	ENSMUST00000186213.6|ENSMUSG00000026202|Tuba4a	Tuba4a	chr1	-	75214227-75215139	912	75215139-75215624	485	75215139	1	day7	yes	0.13	0.0841	no		no			yes	795	0.478	none	yes	absent	ok_pending_P3	106	<200
61	ENSMUST00000092629.3|ENSMUSG00000038916|Soga3	Soga3	chr10	+	29199280-29199630	350	29199052-29199280	228	29199280	1	day3	yes	0.13	0.0314	no		no			yes	192	0.0694	none	no	absent	ok_pending_P3	148	<200
7315	ENSMUST00000059539.4|ENSMUSG00000055430|Nap1l5	Nap1l5	chr6	-	58905232-58905913	681	58905913-58906499	586	58905913	1	day3	yes	0.13	0.0942	no		no			yes	659	0.8052	none	no	absent	ok_pending_P3	1	<50
1865	ENSMUST00000051955.8|ENSMUSG00000049517|Rps23	Rps23	chr13	+	90924831-90924950	119	90924680-90924831	151	90924831	1	day7	yes	0.13	0.0959	no		no			yes	85	0.072	none	no	absent	constrained	11	<50
8184	ENSMUST00000106392.9|ENSMUSG00000073838|Tufm	Tufm	chr7	+	126490528-126490731	203	126490352-126490528	176	126490528	1	day7	yes	0.13	0.0253	no		no			yes	148	0.1672	none	no	absent	ok_pending_P3	179	<200
3751	ENSMUST00000025749.14|ENSMUSG00000024830|Rps6kb2	Rps6kb2	chr19	-	4153990-4156861	2871	4156861-4157012	151	4156861	1	day21	yes	0.13	0.0596	no		no			yes	1630	0.1648	none	no	absent	ok_pending_P3	94	<200
9619	ENSMUST00000178632.7|ENSMUSG00000046432|Bex3	Bex3	chrX	+	136271813-136271978	165	136271662-136271813	151	136271813	1	day60	yes	0.13	0.0965	no		no			yes	147	0.554	none	no	absent	ok_pending_P3	81	<200
9066	ENSMUST00000034848.13|ENSMUSG00000032301|Psma4	Psma4	chr9	+	54957937-54958030	93	54957786-54957937	151	54957937	1	day1	yes	0.125	0.0631	no		no			yes	78	0.5739	none	no	absent	constrained	92	<200
2688	ENSMUST00000004173.11|ENSMUSG00000004071|Cdip1	Cdip1	chr16	-	4765460-4767489	2029	4767489-4768540	1051	4767489	1	day7	yes	0.125	0.0639	no		no			yes	1121	0.2464	none	no	absent	ok_pending_P3	173	<200
6561	ENSMUST00000054294.6|ENSMUSG00000044674|Fzd1	Fzd1	chr5	-	4753838-4755486	1648	4755486-4755654	168	4755486	1	day60	yes	0.125	0.0884	no		no			yes	1383	0.4856	none	no	absent	ok_pending_P3	174	<200
8899	ENSMUST00000208694.1|ENSMUSG00000057551|Zfp317	Zfp317	chr9	+	19648342-19649731	1389	19648045-19648342	297	19648342	1	day1	yes	0.12	0.0486	no		no			yes	996	0.0957	none	no	absent	ok_pending_P3	10	<50
2313	ENSMUST00000061875.7|ENSMUSG00000052253|Zfp622	Zfp622	chr15	+	25997442-25998481	1039	25997291-25997442	151	25997442	1	day7	yes	0.12	0.0937	no		no			yes	453	0.0252	none	no	absent	ok_pending_P3	53	<200
3197	ENSMUST00000237402.1|ENSMUSG00000037649|H2-DMa	H2-DMa	chr17	+	34137398-34139078	1680	34137213-34137398	185	34137398	1	day60	yes	0.12	0.045	no		no			yes	896	0.1696	none	no	absent	ok_pending_P3	216	<500
240	ENSMUST00000105371.8|ENSMUSG00000003068|Stk11	Stk11	chr10	+	80128100-80130470	2370	80124867-80128100	3233	80128100	1	day1	yes	0.115	0.094	no		no			yes	1714	0.1347	none	no	absent	ok_pending_P3	444	<500
1776	ENSMUST00000035242.8|ENSMUSG00000034789|Rab24	Rab24	chr13	-	55319884-55320001	117	55320001-55320152	151	55320001	1	day1	yes	0.115	0.0714	no		no			yes	116	0.7067	none	no	absent	constrained	3	<50
6872	ENSMUST00000145778.7|ENSMUSG00000025825|Iscu	Iscu	chr5	+	113775328-113778014	2686	113774365-113775328	963	113775328	1	day21	yes	0.115	0.075	no		no			yes	1978	0.1414	none	no	absent	ok_pending_P3	70	<200
3627	ENSMUST00000236911.1|ENSMUSG00000034484|Snx2	Snx2	chr18	+	53189772-53203093	13321	53189603-53189772	169	53189772	1	day60	yes	0.115	0.0464	no		no			yes	10592	0.1806	none	no	absent	ok_pending_P3	3208	>=500
5692	ENSMUST00000038356.12|ENSMUSG00000042572|Ube2q1	Ube2q1	chr3	+	89782601-89784000	1399	89782285-89782601	316	89782601	1	day60	yes	0.115	0.0832	no		no			yes	823	0.2894	none	no	absent	ok_pending_P3	32	<50
5731	ENSMUST00000065482.5|ENSMUSG00000053192|Mllt11	Mllt11	chr3	-	95219134-95220036	902	95220036-95220187	151	95220036	1	day60	yes	0.115	0.0984	no		no			yes	594	0.1969	none	no	absent	ok_pending_P3	474	<500
8446	ENSMUST00000037666.5|ENSMUSG00000070056|Mfhas1	Mfhas1	chr8	+	35676911-35679449	2538	35676760-35676911	151	35676911	1	day3	yes	0.11	0.0298	no		no			yes	1910	0.3746	none	no	absent	ok_pending_P3	32	<50
5423	ENSMUST00000109055.1|ENSMUSG00000078903|Gm14391	Gm14391	chr2	-	175196941-175197305	364	175197305-175197543	238	175197305	1	day7	yes	0.11	0.0478	no		no			yes	272	0.0056	none	no	absent	ok_pending_P3	7075	>=500
6791	ENSMUST00000117766.7|ENSMUSG00000029486|Mrpl1	Mrpl1	chr5	+	96264693-96266727	2034	96264334-96264693	359	96264693	1	day7	yes	0.11	0.0297	no		no			yes	1026	0.0815	none	no	absent	ok_pending_P3	216	<500
507	ENSMUST00000020776.4|ENSMUSG00000020482|Ccdc117	Ccdc117	chr11	-	5528886-5530236	1350	5530236-5531298	1062	5530236	1	day21	yes	0.11	0.0876	no		no			yes	1138	0.4904	none	no	absent	ok_pending_P3	328	<500
6966	ENSMUST00000182584.7|ENSMUSG00000029422|Rsrc2	Rsrc2	chr5	-	123729083-123739491	10408	123739491-123742835	3344	123739491	1	day21	yes	0.11	0.0926	no		no			yes	6171	0.2219	none	no	absent	ok_pending_P3	39	<50
6011	ENSMUST00000030138.8|ENSMUSG00000028430|Nol6	Nol6	chr4	-	41114426-41114751	325	41114751-41115359	608	41114751	1	day1	yes	0.105	0.0865	no		no			yes	223	0.327	none	no	absent	ok_pending_P3	293	<500
480	ENSMUST00000077078.11|ENSMUSG00000020448|Rnf185	Rnf185	chr11	-	3415981-3416838	857	3416838-3417992	1154	3416838	1	day3	yes	0.105	0.0314	no		no			yes	646	0.2494	none	no	absent	ok_pending_P3	97	<200
952	ENSMUST00000150596.7|ENSMUSG00000000805|Car4	Car4	chr11	+	84963563-84964563	1000	84963412-84963563	151	84963563	1	day21	yes	0.105	0.0825	no		no			yes	503	0.1592	none	no	absent	ok_pending_P3	1278	>=500
1447	ENSMUST00000078505.13|ENSMUSG00000021087|Rtn1	Rtn1	chr12	-	72211751-72212386	635	72212386-72212537	151	72212386	1	day1	yes	0.1	0.0568	no		no			yes	633	0.9397	none	yes	absent	ok_pending_P3	78	<200
7147	ENSMUST00000047257.14|ENSMUSG00000041298|Katnal1	Katnal1	chr5	-	148871583-148874349	2766	148874349-148876140	1791	148874349	1	day7	yes	0.1	0.0925	no		no			yes	2212	0.1262	none	yes	absent	ok_pending_P3	23	<50
7780	ENSMUST00000008088.8|ENSMUSG00000007944|Ttc9b	Ttc9b	chr7	+	27656174-27657346	1172	27656023-27656174	151	27656174	1	day21	yes	0.1	0.0446	no		no			yes	934	0.4282	none	yes	absent	ok_pending_P3	395	<500
5284	ENSMUST00000099173.10|ENSMUSG00000074656|Eif2s2	Eif2s2	chr2	-	154871409-154872554	1145	154872554-154872727	173	154872554	1	day21	yes	0.1	0.0829	no		no			yes	867	0.3861	none	no	absent	ok_pending_P3	2	<50
