seq_id	event_num	event_id	chrom	start	end	strand	gene_symbol	len	gc_pct
N0001	1	ENSMUST00000043374.6|ENSMUSG00000040653|Ppp1r14c	chr10	3464394	3464975	+	Ppp1r14c	581	43.55
N0002	100	ENSMUST00000063063.13|ENSMUSG00000044770|Scml4	chr10	42958289	42960780	+	Scml4	2491	45.16
N0003	1000	ENSMUST00000153485.2|ENSMUSG00000020868|Xylt2	chr11	94664586	94666197	-	Xylt2	1611	54.19
N0004	1001	ENSMUST00000001547.7|ENSMUSG00000001506|Col1a1	chr11	94951767	94953042	+	Col1a1	1275	46.04
N0005	1002	ENSMUST00000038696.11|ENSMUSG00000038976|Ppp1r9b	chr11	95005506	95006899	+	Ppp1r9b	1393	57.57
N0006	1003	ENSMUST00000055947.9|ENSMUSG00000047181|Samd14	chr11	95025741	95026087	+	Samd14	346	56.07
N0007	1004	ENSMUST00000038431.7|ENSMUSG00000038967|Pdk2	chr11	95026257	95026614	-	Pdk2	357	56.02
N0008	1005	ENSMUST00000092766.11|ENSMUSG00000038909|Kat7	chr11	95274258	95275471	-	Kat7	1213	48.31
N0009	1006	ENSMUST00000037502.6|ENSMUSG00000038893|Fam117a	chr11	95381306	95381872	+	Fam117a	566	45.94
N0010	1007	ENSMUST00000131193.2|ENSMUSG00000020873|Slc35b1	chr11	95387935	95391776	+	Slc35b1	3841	48.24
N0011	1008	ENSMUST00000107724.8|ENSMUSG00000057522|Spop	chr11	95492550	95493406	+	Spop	856	40.89
N0012	101	ENSMUST00000058714.9|ENSMUSG00000047139|Cd24a	chr10	43583328	43584265	+	Cd24a	937	38.42
N0013	1010	ENSMUST00000125172.7|ENSMUSG00000038845|Phb	chr11	95680391	95680773	+	Phb	382	57.59
N0014	1011	ENSMUST00000107717.7|ENSMUSG00000075595|Zfp652	chr11	95764358	95772353	+	Zfp652	7995	44.3
N0015	1013	ENSMUST00000100528.4|ENSMUSG00000014349|Ube2z	chr11	96047431	96048661	-	Ube2z	1230	43.5
N0016	1014	ENSMUST00000090541.11|ENSMUSG00000006057|Atp5g1	chr11	96068851	96072955	-	Atp5g1	4104	45.25
N0017	1015	ENSMUST00000021246.8|ENSMUSG00000020876|Snx11	chr11	96767554	96768097	-	Snx11	543	51.57
N0018	1016	ENSMUST00000167110.7|ENSMUSG00000038615|Nfe2l1	chr11	96817413	96819027	-	Nfe2l1	1614	51.36
N0019	1017	ENSMUST00000147710.1|ENSMUSG00000018672|Copz2	chr11	96856824	96861203	+	Copz2	4379	50.19
N0020	1018	ENSMUST00000134732.7|ENSMUSG00000018669|Cdk5rap3	chr11	96907425	96911551	-	Cdk5rap3	4126	53.83
N0021	1019	ENSMUST00000018803.11|ENSMUSG00000018659|Pnpo	chr11	96937824	96938226	-	Pnpo	402	49.75
N0022	102	ENSMUST00000020012.6|ENSMUSG00000019863|Qrsl1	chr10	43874187	43874334	-	Qrsl1	147	28.57
N0023	1020	ENSMUST00000107624.7|ENSMUSG00000018678|Sp2	chr11	96953340	96954215	-	Sp2	875	47.2
N0024	1021	ENSMUST00000001485.9|ENSMUSG00000001445|Mrpl10	chr11	97048847	97049213	+	Mrpl10	366	44.26
N0025	1022	ENSMUST00000090020.12|ENSMUSG00000038534|Osbpl7	chr11	97068264	97068904	+	Osbpl7	640	57.5
N0026	1023	ENSMUST00000019026.9|ENSMUSG00000018882|Mrpl45	chr11	97328933	97329920	+	Mrpl45	987	46.2
N0027	1024	ENSMUST00000052281.5|ENSMUSG00000043439|Epop	chr11	97627388	97627737	-	Epop	349	51.58
N0028	1025	ENSMUST00000044730.11|ENSMUSG00000038437|Mllt6	chr11	97681735	97685463	+	Mllt6	3728	53.3
N0029	1026	ENSMUST00000018685.8|ENSMUSG00000018541|Cwc25	chr11	97745614	97747064	-	Cwc25	1450	44.55
N0030	1027	ENSMUST00000103146.4|ENSMUSG00000071415|Rpl23	chr11	97777526	97777933	-	Rpl23	407	44.72
N0031	1028	ENSMUST00000043843.11|ENSMUSG00000038366|Lasp1	chr11	97836393	97838764	+	Lasp1	2371	54.83
N0032	1029	ENSMUST00000155954.2|ENSMUSG00000050538|B230217C12Rik	chr11	97843277	97844099	+	B230217C12Rik	822	44.28
N0033	1030	ENSMUST00000017561.14|ENSMUSG00000017417|Plxdc1	chr11	97923237	97923970	-	Plxdc1	733	54.71
N0034	1031	ENSMUST00000042971.15|ENSMUSG00000038352|Arl5c	chr11	97989577	97990023	-	Arl5c	446	46.86
N0035	1032	ENSMUST00000017552.12|ENSMUSG00000020882|Cacnb1	chr11	98001507	98002752	-	Cacnb1	1245	57.43
N0036	1033	ENSMUST00000017544.8|ENSMUSG00000017400|Stac2	chr11	98036622	98037817	-	Stac2	1195	53.97
N0037	1034	ENSMUST00000103143.9|ENSMUSG00000020883|Fbxl20	chr11	98082555	98088930	-	Fbxl20	6375	48.93
N0038	1035	ENSMUST00000041685.6|ENSMUSG00000038255|Neurod2	chr11	98325414	98326688	-	Neurod2	1274	50.47
N0039	1037	ENSMUST00000018311.4|ENSMUSG00000018167|Stard3	chr11	98380843	98381099	+	Stard3	256	56.64
N0040	1038	ENSMUST00000008021.2|ENSMUSG00000007877|Tcap	chr11	98384740	98384953	+	Tcap	213	61.5
N0041	1039	ENSMUST00000090827.11|ENSMUSG00000038208|Pgap3	chr11	98388676	98389106	-	Pgap3	430	56.28
N0042	104	ENSMUST00000039286.4|ENSMUSG00000038160|Atg5	chr10	44363267	44364291	+	Atg5	1024	38.28
N0043	1040	ENSMUST00000058295.5|ENSMUSG00000062312|Erbb2	chr11	98437019	98437716	+	Erbb2	697	50.07
N0044	1041	ENSMUST00000002655.7|ENSMUSG00000002580|Mien1	chr11	98437707	98437898	-	Mien1	191	50.26
N0045	1042	ENSMUST00000019456.4|ENSMUSG00000019312|Grb7	chr11	98455153	98455373	+	Grb7	220	52.73
N0046	1043	ENSMUST00000052919.7|ENSMUSG00000038150|Ormdl3	chr11	98581255	98582167	-	Ormdl3	912	54.39
N0047	1045	ENSMUST00000038886.2|ENSMUSG00000038067|Csf3	chr11	98703368	98703629	+	Csf3	261	57.85
N0048	1047	ENSMUST00000064941.6|ENSMUSG00000020889|Nr1d1	chr11	98767931	98768071	-	Nr1d1	140	53.57
N0049	1048	ENSMUST00000037915.8|ENSMUSG00000052915|Msl1	chr11	98806240	98807859	+	Msl1	1619	43.79
N0050	1049	ENSMUST00000017384.13|ENSMUSG00000078676|Casc3	chr11	98831714	98833814	+	Casc3	2100	47.38
N0051	105	ENSMUST00000099858.3|ENSMUSG00000019849|Prep	chr10	45158808	45167198	+	Prep	8390	44.39
N0052	1050	ENSMUST00000107479.2|ENSMUSG00000038020|Rapgefl1	chr11	98852861	98853697	+	Rapgefl1	836	51.32
N0053	1051	ENSMUST00000068133.9|ENSMUSG00000037992|Rara	chr11	98973959	98974942	+	Rara	983	56.77
N0054	1052	ENSMUST00000017637.12|ENSMUSG00000017493|Igfbp4	chr11	99052427	99054392	+	Igfbp4	1965	49.82
N0055	1053	ENSMUST00000103134.3|ENSMUSG00000037944|Ccr7	chr11	99144195	99144501	-	Ccr7	306	46.08
N0056	1054	ENSMUST00000103133.3|ENSMUSG00000037935|Smarce1	chr11	99209046	99209707	-	Smarce1	661	43.27
N0057	1055	ENSMUST00000103132.9|ENSMUSG00000035849|Krt222	chr11	99232760	99234368	-	Krt222	1608	38.31
N0058	1056	ENSMUST00000103131.4|ENSMUSG00000019761|Krt10	chr11	99385253	99385404	-	Krt10	151	29.14
N0059	1057	ENSMUST00000017741.3|ENSMUSG00000020912|Krt12	chr11	99415665	99415848	-	Krt12	183	41.53
N0060	1058	ENSMUST00000049385.13|ENSMUSG00000035530|Eif1	chr11	100321509	100322096	+	Eif1	587	49.06
N0061	1059	ENSMUST00000138603.8|ENSMUSG00000006930|Hap1	chr11	100347326	100347992	-	Hap1	666	54.5
N0062	106	ENSMUST00000037044.12|ENSMUSG00000038822|Hace1	chr10	45712009	45712345	+	Hace1	336	25.3
N0063	1060	ENSMUST00000001592.14|ENSMUSG00000001552|Jup	chr11	100370618	100372161	-	Jup	1543	51.59
N0064	1062	ENSMUST00000134815.1|ENSMUSG00000001555|Fkbp10	chr11	100421080	100422089	+	Fkbp10	1009	57.19
N0065	1063	ENSMUST00000107399.8|ENSMUSG00000017176|Nt5c3b	chr11	100422320	100422625	-	Nt5c3b	305	52.46
N0066	1066	ENSMUST00000239499.1|ENSMUSG00000014195|Dnajc7	chr11	100582817	100589897	-	Dnajc7	7080	47.73
N0067	1067	ENSMUST00000017981.9|ENSMUSG00000017837|Nkiras2	chr11	100627187	100627607	+	Nkiras2	420	55.0
N0068	1068	ENSMUST00000017974.12|ENSMUSG00000017830|Dhx58	chr11	100694883	100695008	-	Dhx58	125	37.6
N0069	1069	ENSMUST00000006973.11|ENSMUSG00000020918|Kat2a	chr11	100704745	100704983	-	Kat2a	238	52.52
N0070	107	ENSMUST00000219226.1|ENSMUSG00000038774|Ascc3	chr10	50618271	50618936	+	Ascc3	665	40.6
N0071	1070	ENSMUST00000107364.7|ENSMUSG00000019173|Rab5c	chr11	100715008	100715516	-	Rab5c	508	48.03
N0072	1073	ENSMUST00000004145.13|ENSMUSG00000004043|Stat5a	chr11	100884545	100885169	+	Stat5a	624	47.28
N0073	1074	ENSMUST00000103114.7|ENSMUSG00000004040|Stat3	chr11	100885097	100886959	-	Stat3	1862	51.18
N0074	1075	ENSMUST00000060792.5|ENSMUSG00000004044|Cavin1	chr11	100956732	100958475	-	Cavin1	1743	50.43
N0075	1076	ENSMUST00000044721.12|ENSMUSG00000019302|Atp6v0a1	chr11	101063350	101063719	+	Atp6v0a1	369	57.18
N0076	1077	ENSMUST00000001802.9|ENSMUSG00000001751|Naglu	chr11	101077593	101077672	+	Naglu	79	41.77
N0077	1078	ENSMUST00000001806.9|ENSMUSG00000001755|Coasy	chr11	101086458	101086619	+	Coasy	161	50.31
N0078	108	ENSMUST00000218123.1|ENSMUSG00000062593|Gm49339	chr10	51496059	51496481	+	Gm49339	422	42.89
N0079	1080	ENSMUST00000142545.1|ENSMUSG00000019303|Psmc3ip	chr11	101092486	101093633	-	Psmc3ip	1147	49.78
N0080	1081	ENSMUST00000107295.9|ENSMUSG00000017802|Retreg3	chr11	101096321	101096906	-	Retreg3	585	44.62
N0081	1082	ENSMUST00000139200.7|ENSMUSG00000035172|Plekhh3	chr11	101162678	101163419	-	Plekhh3	741	54.66
N0082	1083	ENSMUST00000107284.7|ENSMUSG00000006920|Ezh1	chr11	101191114	101192134	-	Ezh1	1020	50.69
N0083	1084	ENSMUST00000128260.8|ENSMUSG00000001240|Ramp2	chr11	101256953	101259546	+	Ramp2	2593	48.32
N0084	1085	ENSMUST00000144306.8|ENSMUSG00000078656|Vps25	chr11	101257048	101258916	+	Vps25	1868	46.79
N0085	1086	ENSMUST00000139487.7|ENSMUSG00000035112|Wnk4	chr11	101265463	101277409	+	Wnk4	11946	49.49
N0086	1087	ENSMUST00000017332.3|ENSMUSG00000017188|Coa3	chr11	101277967	101278163	-	Coa3	196	47.96
N0087	1088	ENSMUST00000041403.11|ENSMUSG00000035086|Becn1	chr11	101288261	101294969	-	Becn1	6708	45.66
N0088	1089	ENSMUST00000019470.13|ENSMUSG00000078652|Psme3	chr11	101322940	101323537	+	Psme3	597	45.56
N0089	109	ENSMUST00000219960.1|ENSMUSG00000112023|Lilr4b	chr10	51481869	51486703	+	Lilr4b	4834	40.44
N0090	1090	ENSMUST00000103105.9|ENSMUSG00000019326|Aoc3	chr11	101338016	101339430	+	Aoc3	1414	47.38
N0091	1091	ENSMUST00000107257.7|ENSMUSG00000097239|Gm27029	chr11	101406663	101406740	-	Gm27029	77	38.96
N0092	1092	ENSMUST00000107252.8|ENSMUSG00000097487|Ptges3l	chr11	101418811	101419020	-	Ptges3l	209	50.72
N0093	1093	ENSMUST00000040561.5|ENSMUSG00000035007|Rundc1	chr11	101435321	101435673	+	Rundc1	352	51.42
N0094	1094	ENSMUST00000131024.1|ENSMUSG00000010358|Ifi35	chr11	101457997	101458464	+	Ifi35	467	56.1
N0095	1096	ENSMUST00000123558.7|ENSMUSG00000017119|Nbr1	chr11	101578117	101581951	+	Nbr1	3834	42.51
N0096	1097	ENSMUST00000039581.13|ENSMUSG00000034947|Tmem106a	chr11	101590743	101591788	+	Tmem106a	1045	47.56
N0097	1098	ENSMUST00000039388.2|ENSMUSG00000034936|Arl4d	chr11	101667526	101667832	+	Arl4d	306	45.75
N0098	1099	ENSMUST00000039152.13|ENSMUSG00000034931|Dhx8	chr11	101767063	101767358	+	Dhx8	295	53.9
N0099	11	ENSMUST00000161123.7|ENSMUSG00000019795|Pcmt1	chr10	7629372	7637791	-	Pcmt1	8419	44.01
N0100	110	ENSMUST00000218617.1|ENSMUSG00000112148|Lilrb4a	chr10	51492163	51496609	+	Lilrb4a	4446	41.03
N0101	1100	ENSMUST00000164750.7|ENSMUSG00000017724|Etv4	chr11	101769741	101769973	-	Etv4	232	56.9
N0102	1101	ENSMUST00000057054.7|ENSMUSG00000001493|Meox1	chr11	101877509	101877893	-	Meox1	384	40.1
N0103	1104	ENSMUST00000021296.6|ENSMUSG00000020921|Tmem101	chr11	102152545	102152813	-	Tmem101	268	53.73
N0104	1105	ENSMUST00000107156.8|ENSMUSG00000020922|Lsm12	chr11	102162496	102163926	-	Lsm12	1430	41.61
N0105	1106	ENSMUST00000070334.9|ENSMUSG00000034793|G6pc3	chr11	102193954	102194081	+	G6pc3	127	55.12
N0106	1107	ENSMUST00000036376.12|ENSMUSG00000034757|Tmub2	chr11	102288942	102289237	+	Tmub2	295	52.54
N0107	1108	ENSMUST00000141516.7|ENSMUSG00000059995|Atxn7l3	chr11	102289299	102291506	-	Atxn7l3	2207	57.32
N0108	1109	ENSMUST00000174302.7|ENSMUSG00000020923|Ubtf	chr11	102304559	102306182	-	Ubtf	1623	49.54
N0109	111	ENSMUST00000218582.1|ENSMUSG00000019891|Dcbld1	chr10	52320195	52321378	+	Dcbld1	1183	42.01
N0110	1111	ENSMUST00000134669.7|ENSMUSG00000018677|Slc25a39	chr11	102403790	102404451	-	Slc25a39	661	57.49
N0111	1113	ENSMUST00000049057.4|ENSMUSG00000034685|Fam171a2	chr11	102436980	102437297	-	Fam171a2	317	58.04
N0112	1114	ENSMUST00000143842.1|ENSMUSG00000034621|Gpatch8	chr11	102475914	102477307	-	Gpatch8	1393	43.5
N0113	1115	ENSMUST00000107081.7|ENSMUSG00000078640|Gm11627	chr11	102576397	102576534	-	Gm11627	137	19.71
N0114	1116	ENSMUST00000057893.6|ENSMUSG00000050288|Fzd2	chr11	102606592	102608058	+	Fzd2	1466	45.57
N0115	1117	ENSMUST00000092569.12|ENSMUSG00000020925|Ccdc43	chr11	102684685	102685690	-	Ccdc43	1005	38.11
N0116	1119	ENSMUST00000138483.7|ENSMUSG00000020929|Eftud2	chr11	102862610	102870086	-	Eftud2	7476	45.79
N0117	112	ENSMUST00000105475.8|ENSMUSG00000019861|Gopc	chr10	52337023	52338453	-	Gopc	1430	35.94
N0118	1120	ENSMUST00000067444.9|ENSMUSG00000020932|Gfap	chr11	102887335	102887865	-	Gfap	530	51.51
N0119	1121	ENSMUST00000057849.5|ENSMUSG00000045532|C1ql1	chr11	102939263	102939449	-	C1ql1	186	56.99
N0120	1122	ENSMUST00000021313.8|ENSMUSG00000020935|Dcakd	chr11	102994046	102994358	-	Dcakd	312	54.49
N0121	1124	ENSMUST00000128650.7|ENSMUSG00000020937|Plcd3	chr11	103070303	103070581	-	Plcd3	278	50.36
N0122	1125	ENSMUST00000092559.12|ENSMUSG00000056938|Acbd4	chr11	103106234	103112200	+	Acbd4	5966	47.7
N0123	1126	ENSMUST00000053063.6|ENSMUSG00000048878|Hexim1	chr11	103118205	103119725	+	Hexim1	1520	39.61
N0124	1128	ENSMUST00000021324.2|ENSMUSG00000020941|Map3k14	chr11	103219761	103220201	-	Map3k14	440	53.41
N0125	113	ENSMUST00000023830.15|ENSMUSG00000023068|Nus1	chr10	52437881	52440183	+	Nus1	2302	35.4
N0126	1130	ENSMUST00000184350.1|ENSMUSG00000034247|Plekhm1	chr11	103366616	103380033	-	Plekhm1	13417	51.09
N0127	1131	ENSMUST00000057870.3|ENSMUSG00000046215|Rprml	chr11	103650357	103650579	+	Rprml	222	59.46
N0128	1132	ENSMUST00000021329.13|ENSMUSG00000020946|Gosr2	chr11	103676848	103678458	-	Gosr2	1610	46.58
N0129	1133	ENSMUST00000103075.10|ENSMUSG00000034187|Nsf	chr11	103821781	103822797	-	Nsf	1016	43.7
N0130	1134	ENSMUST00000057921.9|ENSMUSG00000062421|Arf2	chr11	103984886	103985337	+	Arf2	451	41.91
N0131	1135	ENSMUST00000106992.9|ENSMUSG00000018411|Mapt	chr11	104329950	104332090	+	Mapt	2140	48.5
N0132	1136	ENSMUST00000106977.7|ENSMUSG00000018412|Kansl1	chr11	104333228	104333962	-	Kansl1	734	34.06
N0133	1138	ENSMUST00000021030.7|ENSMUSG00000020691|Mettl2	chr11	105140010	105140394	+	Mettl2	384	42.19
N0134	1139	ENSMUST00000126175.7|ENSMUSG00000020694|Tlk2	chr11	105221449	105282176	+	Tlk2	60727	40.05
N0135	114	ENSMUST00000046221.7|ENSMUSG00000038583|Pln	chr10	53344280	53345987	+	Pln	1707	36.03
N0136	1140	ENSMUST00000100335.9|ENSMUSG00000020695|Mrc2	chr11	105350847	105351139	+	Mrc2	292	47.26
N0137	1141	ENSMUST00000100330.9|ENSMUSG00000053580|Tanc2	chr11	105924180	105929304	+	Tanc2	5124	44.07
N0138	1142	ENSMUST00000019734.10|ENSMUSG00000019590|Cyb561	chr11	105933701	105934298	-	Cyb561	597	47.07
N0139	1143	ENSMUST00000001963.13|ENSMUSG00000020681|Ace	chr11	105989182	105989964	+	Ace	782	54.35
N0140	1145	ENSMUST00000002048.7|ENSMUSG00000001983|Taco1	chr11	106073449	106073612	+	Taco1	163	54.6
N0141	1146	ENSMUST00000002044.9|ENSMUSG00000020700|Map3k3	chr11	106154387	106155446	+	Map3k3	1059	52.88
N0142	1147	ENSMUST00000045923.9|ENSMUSG00000040699|Limd2	chr11	106156255	106158192	-	Limd2	1937	50.59
N0143	1148	ENSMUST00000002043.9|ENSMUSG00000078622|Ccdc47	chr11	106197407	106199546	-	Ccdc47	2139	41.75
N0144	1149	ENSMUST00000021046.5|ENSMUSG00000020705|Ddx42	chr11	106248778	106249139	+	Ddx42	361	34.07
N0145	115	ENSMUST00000020004.7|ENSMUSG00000019857|Asf1a	chr10	53608025	53609225	+	Asf1a	1200	32.83
N0146	1150	ENSMUST00000021048.6|ENSMUSG00000020706|Ftsj3	chr11	106249141	106249275	-	Ftsj3	134	43.28
N0147	1151	ENSMUST00000133131.1|ENSMUSG00000020708|Psmc5	chr11	106262728	106263120	+	Psmc5	392	55.36
N0148	1152	ENSMUST00000106843.7|ENSMUSG00000078619|Smarcd2	chr11	106263178	106263559	-	Smarcd2	381	52.23
N0149	1153	ENSMUST00000044228.10|ENSMUSG00000040592|Cd79b	chr11	106311340	106311596	-	Cd79b	256	50.0
N0150	1154	ENSMUST00000001059.8|ENSMUSG00000020715|Ern1	chr11	106394649	106398393	-	Ern1	3744	46.74
N0151	1155	ENSMUST00000042780.13|ENSMUSG00000040548|Tex2	chr11	106502146	106502565	-	Tex2	419	33.17
N0152	1157	ENSMUST00000182023.1|ENSMUSG00000040528|Milr1	chr11	106761337	106768717	+	Milr1	7380	46.83
N0153	1158	ENSMUST00000133426.7|ENSMUSG00000020719|Ddx5	chr11	106781547	106783805	-	Ddx5	2258	40.35
N0154	1159	ENSMUST00000139297.7|ENSMUSG00000018363|Smurf2	chr11	106822024	106868534	-	Smurf2	46510	40.28
N0155	116	ENSMUST00000218317.1|ENSMUSG00000003746|Man1a	chr10	53907014	53933378	-	Man1a	26364	41.55
N0156	1160	ENSMUST00000145331.7|ENSMUSG00000018362|Kpna2	chr11	106988628	106991857	-	Kpna2	3229	41.78
N0157	1161	ENSMUST00000106767.2|ENSMUSG00000078607|1810010H24Rik	chr11	107030194	107030443	+	1810010H24Rik	249	41.77
N0158	1162	ENSMUST00000057892.14|ENSMUSG00000040481|Bptf	chr11	107033080	107035056	-	Bptf	1976	42.11
N0159	1163	ENSMUST00000106757.7|ENSMUSG00000018433|Nol11	chr11	107166662	107167076	-	Nol11	414	40.58
N0160	1164	ENSMUST00000103064.9|ENSMUSG00000040430|Pitpnc1	chr11	107207891	107212325	-	Pitpnc1	4434	42.87
N0161	1165	ENSMUST00000106746.7|ENSMUSG00000020721|Helz	chr11	107686880	107693826	+	Helz	6946	42.23
N0162	1166	ENSMUST00000021066.3|ENSMUSG00000020723|Cacng4	chr11	107732356	107734006	-	Cacng4	1650	49.64
N0163	1167	ENSMUST00000106742.7|ENSMUSG00000040373|Cacng5	chr11	107874604	107876637	-	Cacng5	2033	47.42
N0164	1168	ENSMUST00000059595.10|ENSMUSG00000050965|Prkca	chr11	107933386	107938436	-	Prkca	5050	44.48
N0165	1169	ENSMUST00000020930.13|ENSMUSG00000020611|Gna13	chr11	109398010	109401369	+	Gna13	3359	43.05
N0166	1170	ENSMUST00000092500.10|ENSMUSG00000020610|Amz2	chr11	109436872	109438148	+	Amz2	1276	52.12
N0167	1171	ENSMUST00000070152.11|ENSMUSG00000041920|Slc16a6	chr11	109450854	109452914	-	Slc16a6	2060	40.87
N0168	1172	ENSMUST00000106697.7|ENSMUSG00000020604|Arsg	chr11	109572995	109573330	+	Arsg	335	44.48
N0169	1173	ENSMUST00000047186.9|ENSMUSG00000041895|Wipi1	chr11	109575131	109576399	-	Wipi1	1268	45.35
N0170	1174	ENSMUST00000106677.7|ENSMUSG00000020612|Prkar1a	chr11	109668768	109669656	+	Prkar1a	888	34.8
N0171	1175	ENSMUST00000155559.7|ENSMUSG00000020614|Fam20a	chr11	109669748	109673095	-	Fam20a	3347	46.52
N0172	1176	ENSMUST00000100287.8|ENSMUSG00000041828|Abca8a	chr11	110025633	110025966	-	Abca8a	333	32.73
N0173	1177	ENSMUST00000044850.3|ENSMUSG00000041797|Abca9	chr11	110100748	110101400	-	Abca9	652	35.43
N0174	1178	ENSMUST00000106636.7|ENSMUSG00000051497|Kcnj16	chr11	111026600	111027968	+	Kcnj16	1368	40.57
N0175	1179	ENSMUST00000000579.2|ENSMUSG00000000567|Sox9	chr11	112785924	112787760	+	Sox9	1836	35.4
N0176	118	ENSMUST00000068581.8|ENSMUSG00000050953|Gja1	chr10	56388989	56390415	+	Gja1	1426	37.45
N0177	1181	ENSMUST00000152653.7|ENSMUSG00000018661|Cog1	chr11	113661307	113662400	+	Cog1	1093	52.33
N0178	1182	ENSMUST00000120194.1|ENSMUSG00000041629|Fam104a	chr11	113661318	113663099	-	Fam104a	1781	49.19
N0179	1185	ENSMUST00000069325.13|ENSMUSG00000034706|Dnaic2	chr11	114757582	114757889	+	Dnaic2	307	53.09
N0180	1187	ENSMUST00000122967.2|ENSMUSG00000051043|Gprc5c	chr11	114866820	114869096	+	Gprc5c	2276	55.32
N0181	1188	ENSMUST00000106582.8|ENSMUSG00000034652|Cd300a	chr11	114901755	114904654	+	Cd300a	2899	46.29
N0182	1189	ENSMUST00000149663.3|ENSMUSG00000063193|Cd300lb	chr11	114922780	114923592	-	Cd300lb	812	41.63
N0183	1190	ENSMUST00000045075.2|ENSMUSG00000034641|Cd300ld	chr11	114982273	114982954	-	Cd300ld	681	41.41
N0184	1191	ENSMUST00000141188.1|ENSMUSG00000044811|Cd300c2	chr11	114996721	115000628	-	Cd300c2	3907	49.45
N0185	1192	ENSMUST00000106561.7|ENSMUSG00000047798|Cd300lf	chr11	115116213	115116668	-	Cd300lf	455	41.76
N0186	1195	ENSMUST00000003351.12|ENSMUSG00000020734|Grin2c	chr11	115249168	115249400	-	Grin2c	232	48.28
N0187	1196	ENSMUST00000021078.2|ENSMUSG00000018861|Fdxr	chr11	115268023	115268175	-	Fdxr	152	53.29
N0188	1197	ENSMUST00000044152.12|ENSMUSG00000034586|Hid1	chr11	115347706	115347983	-	Hid1	277	57.04
N0189	1199	ENSMUST00000153983.7|ENSMUSG00000018858|Mrpl58	chr11	115410870	115412674	+	Mrpl58	1804	47.28
N0190	12	ENSMUST00000173400.7|ENSMUSG00000019794|Katna1	chr10	7748996	7752749	+	Katna1	3753	40.5
N0191	120	ENSMUST00000075992.11|ENSMUSG00000019876|Pkib	chr10	57736935	57741112	+	Pkib	4177	37.75
N0192	1200	ENSMUST00000106533.7|ENSMUSG00000016940|Kctd2	chr11	115429808	115431274	+	Kctd2	1466	53.75
N0193	1201	ENSMUST00000035240.6|ENSMUSG00000057219|Armc7	chr11	115489419	115490467	+	Armc7	1048	52.29
N0194	1202	ENSMUST00000106530.7|ENSMUSG00000020736|Nt5c	chr11	115490419	115490493	-	Nt5c	74	35.14
N0195	1203	ENSMUST00000021083.6|ENSMUSG00000020737|Jpt1	chr11	115497352	115497631	-	Jpt1	279	53.41
N0196	1204	ENSMUST00000021084.9|ENSMUSG00000020738|Sumo2	chr11	115523101	115530256	-	Sumo2	7155	40.95
N0197	1205	ENSMUST00000156173.7|ENSMUSG00000020740|Gga3	chr11	115584254	115586249	-	Gga3	1995	51.43
N0198	1206	ENSMUST00000058109.8|ENSMUSG00000046756|Mrps7	chr11	115607235	115608036	+	Mrps7	801	49.44
N0199	1208	ENSMUST00000021089.10|ENSMUSG00000020744|Slc25a19	chr11	115614177	115615152	-	Slc25a19	975	53.74
N0200	1209	ENSMUST00000106499.7|ENSMUSG00000059923|Grb2	chr11	115644044	115645582	-	Grb2	1538	48.76
N0201	121	ENSMUST00000020024.11|ENSMUSG00000019874|Fabp7	chr10	57788321	57788450	+	Fabp7	129	22.48
N0202	1210	ENSMUST00000093912.10|ENSMUSG00000020747|Tmem94	chr11	115798848	115799366	+	Tmem94	518	50.97
N0203	1211	ENSMUST00000041684.10|ENSMUSG00000034471|Caskin2	chr11	115799182	115799544	-	Caskin2	362	50.55
N0204	1212	ENSMUST00000154304.7|ENSMUSG00000020781|Tsen54	chr11	115822828	115823089	+	Tsen54	261	56.32
N0205	1213	ENSMUST00000103032.10|ENSMUSG00000020782|Llgl2	chr11	115855621	115855780	+	Llgl2	159	38.36
N0206	1214	ENSMUST00000152171.7|ENSMUSG00000048442|Smim5	chr11	115905996	115906269	+	Smim5	273	54.95
N0207	1215	ENSMUST00000140991.1|ENSMUSG00000020755|Sap30bp	chr11	115964557	115966725	+	Sap30bp	2168	54.57
N0208	1216	ENSMUST00000106454.7|ENSMUSG00000016559|H3f3b	chr11	116021911	116023043	-	H3f3b	1132	35.16
N0209	1218	ENSMUST00000074628.12|ENSMUSG00000034341|Wbp2	chr11	116078572	116078909	-	Wbp2	337	45.7
N0210	122	ENSMUST00000020022.7|ENSMUSG00000019872|Smpdl3a	chr10	57811663	57811830	+	Smpdl3a	167	33.53
N0211	1221	ENSMUST00000148601.1|ENSMUSG00000020777|Acox1	chr11	116171887	116173240	-	Acox1	1353	44.42
N0212	1223	ENSMUST00000106425.3|ENSMUSG00000020780|Srp68	chr11	116245165	116245453	-	Srp68	288	47.57
N0213	1224	ENSMUST00000106411.9|ENSMUSG00000020792|Exoc7	chr11	116288000	116288359	-	Exoc7	359	55.43
N0214	1225	ENSMUST00000149147.7|ENSMUSG00000052949|Rnf157	chr11	116336352	116338351	-	Rnf157	1999	52.43
N0215	1226	ENSMUST00000057676.6|ENSMUSG00000050628|Ubald2	chr11	116438880	116439077	+	Ubald2	197	48.73
N0216	1228	ENSMUST00000141798.3|ENSMUSG00000061878|Sphk1	chr11	116536534	116536675	+	Sphk1	141	51.06
N0217	1229	ENSMUST00000082152.4|ENSMUSG00000020802|Ube2o	chr11	116537739	116538204	-	Ube2o	465	43.87
N0218	123	ENSMUST00000162984.1|ENSMUSG00000038039|Gcc2	chr10	58258407	58269463	+	Gcc2	11056	39.75
N0219	1230	ENSMUST00000103029.9|ENSMUSG00000020806|Rhbdf2	chr11	116598164	116598500	-	Rhbdf2	336	48.21
N0220	1231	ENSMUST00000021166.5|ENSMUSG00000020810|Cygb	chr11	116645594	116646548	-	Cygb	954	55.87
N0221	1232	ENSMUST00000116318.2|ENSMUSG00000075410|Prcd	chr11	116659827	116668387	+	Prcd	8560	52.13
N0222	1233	ENSMUST00000079545.5|ENSMUSG00000057286|St6galnac2	chr11	116675302	116676894	-	St6galnac2	1592	49.06
N0223	1234	ENSMUST00000144398.1|ENSMUSG00000110170|St6galnac2	chr11	116677482	116679842	-	St6galnac2	2360	48.98
N0224	1235	ENSMUST00000047715.11|ENSMUSG00000020814|Mxra7	chr11	116807728	116810685	-	Mxra7	2957	53.36
N0225	1236	ENSMUST00000140349.7|ENSMUSG00000056962|Jmjd6	chr11	116837587	116838989	-	Jmjd6	1402	51.0
N0226	1237	ENSMUST00000092404.12|ENSMUSG00000034120|Srsf2	chr11	116849900	116851879	-	Srsf2	1979	37.04
N0227	1238	ENSMUST00000106365.8|ENSMUSG00000020818|Mfsd11	chr11	116859674	116875457	+	Mfsd11	15783	47.86
N0228	1239	ENSMUST00000103027.9|ENSMUSG00000043857|Mgat5b	chr11	116985920	116986948	+	Mgat5b	1028	57.39
N0229	124	ENSMUST00000020078.13|ENSMUSG00000019920|Lims1	chr10	58421716	58424691	+	Lims1	2975	36.34
N0230	1240	ENSMUST00000090433.5|ENSMUSG00000020823|Sec14l1	chr11	117157438	117159268	+	Sec14l1	1830	55.41
N0231	1241	ENSMUST00000093907.10|ENSMUSG00000059248|Septin9	chr11	117360703	117362325	+	Septin9	1622	55.43
N0232	1242	ENSMUST00000106344.7|ENSMUSG00000025571|Tnrc6c	chr11	117762418	117763439	+	Tnrc6c	1021	41.33
N0233	1243	ENSMUST00000131606.7|ENSMUSG00000025572|Tmc6	chr11	117765987	117775588	-	Tmc6	9601	53.03
N0234	1244	ENSMUST00000026649.13|ENSMUSG00000048277|Syngr2	chr11	117813983	117814283	+	Syngr2	300	55.33
N0235	1245	ENSMUST00000026661.3|ENSMUSG00000025574|Tk1	chr11	117815525	117815734	-	Tk1	209	48.33
N0236	1246	ENSMUST00000073388.12|ENSMUSG00000017718|Afmid	chr11	117838918	117839908	+	Afmid	990	49.7
N0237	1247	ENSMUST00000033230.7|ENSMUSG00000017713|Tha1	chr11	117867951	117868240	-	Tha1	289	48.79
N0238	1248	ENSMUST00000054002.3|ENSMUSG00000053113|Socs3	chr11	117966078	117966490	-	Socs3	412	43.45
N0239	1249	ENSMUST00000017859.9|ENSMUSG00000017715|Pgs1	chr11	118014835	118024011	+	Pgs1	9176	52.27
N0240	125	ENSMUST00000003310.6|ENSMUSG00000003226|Ranbp2	chr10	58494116	58494356	+	Ranbp2	240	27.5
N0241	1250	ENSMUST00000106302.8|ENSMUSG00000017132|Cyth1	chr11	118164165	118165867	-	Cyth1	1702	54.58
N0242	1251	ENSMUST00000017610.9|ENSMUSG00000017466|Timp2	chr11	118301068	118302622	-	Timp2	1554	46.27
N0243	1252	ENSMUST00000144529.1|ENSMUSG00000033880|Lgals3bp	chr11	118392750	118392869	-	Lgals3bp	119	47.06
N0244	1253	ENSMUST00000106288.7|ENSMUSG00000025575|Cant1	chr11	118406288	118407469	-	Cant1	1181	53.43
N0245	1254	ENSMUST00000017590.8|ENSMUSG00000017446|C1qtnf1	chr11	118449106	118449963	+	C1qtnf1	857	55.66
N0246	1255	ENSMUST00000026663.7|ENSMUSG00000025578|Cbx8	chr11	119036304	119038528	-	Cbx8	2224	52.47
N0247	1256	ENSMUST00000026665.7|ENSMUSG00000039989|Cbx4	chr11	119077572	119080411	-	Cbx4	2839	53.75
N0248	1257	ENSMUST00000036113.3|ENSMUSG00000039976|Tbc1d16	chr11	119143044	119147322	-	Tbc1d16	4278	54.04
N0249	1258	ENSMUST00000106250.7|ENSMUSG00000013483|Card14	chr11	119345072	119345375	+	Card14	303	56.11
N0250	1259	ENSMUST00000136523.7|ENSMUSG00000005043|Sgsh	chr11	119343424	119349976	-	Sgsh	6552	53.25
N0251	126	ENSMUST00000036576.9|ENSMUSG00000038010|Ccdc138	chr10	58576002	58576244	+	Ccdc138	242	29.34
N0252	1260	ENSMUST00000050880.7|ENSMUSG00000039908|Slc26a11	chr11	119380710	119381079	+	Slc26a11	369	36.31
N0253	1261	ENSMUST00000131035.9|ENSMUSG00000070327|Rnf213	chr11	119486306	119487418	+	Rnf213	1112	43.26
N0254	1262	ENSMUST00000143817.7|ENSMUSG00000039850|Endov	chr11	119502827	119509579	+	Endov	6752	55.26
N0255	1263	ENSMUST00000026670.4|ENSMUSG00000025582|Nptx1	chr11	119538718	119542324	-	Nptx1	3606	51.16
N0256	1264	ENSMUST00000147781.7|ENSMUSG00000025583|Rptor	chr11	119817253	119899576	+	Rptor	82323	49.15
N0257	1265	ENSMUST00000026434.12|ENSMUSG00000025371|Chmp6	chr11	119919154	119919548	+	Chmp6	394	51.52
N0258	1266	ENSMUST00000064307.9|ENSMUSG00000025375|Aatk	chr11	120007312	120007659	-	Aatk	347	45.82
N0259	1267	ENSMUST00000106227.7|ENSMUSG00000039781|Cep131	chr11	120064429	120064486	-	Cep131	57	50.88
N0260	1268	ENSMUST00000093901.11|ENSMUSG00000025377|Tepsin	chr11	120090530	120090878	-	Tepsin	348	50.86
N0261	1269	ENSMUST00000106223.3|ENSMUSG00000078572|Ndufaf8	chr11	120100351	120100705	+	Ndufaf8	354	46.05
N0262	127	ENSMUST00000003312.4|ENSMUSG00000003227|Edar	chr10	58600788	58601440	-	Edar	652	44.48
N0263	1270	ENSMUST00000103018.10|ENSMUSG00000061306|Slc38a10	chr11	120103959	120104666	-	Slc38a10	707	51.77
N0264	1271	ENSMUST00000131103.8|ENSMUSG00000062825|Actg1	chr11	120346444	120346910	-	Actg1	466	52.79
N0265	1272	ENSMUST00000044271.14|ENSMUSG00000039703|Nploc4	chr11	120380369	120381039	-	Nploc4	670	50.15
N0266	1273	ENSMUST00000058370.13|ENSMUSG00000049957|Ccdc137	chr11	120463344	120464358	+	Ccdc137	1014	47.83
N0267	1274	ENSMUST00000076921.6|ENSMUSG00000057594|Arl16	chr11	120465437	120465501	-	Arl16	64	48.44
N0268	1275	ENSMUST00000106205.8|ENSMUSG00000025793|Hgs	chr11	120483708	120483979	+	Hgs	271	58.3
N0269	1276	ENSMUST00000043627.7|ENSMUSG00000039640|Mrpl12	chr11	120488582	120489065	+	Mrpl12	483	49.28
N0270	1277	ENSMUST00000026899.3|ENSMUSG00000025792|Slc25a10	chr11	120498840	120499187	+	Slc25a10	347	59.65
N0271	1278	ENSMUST00000034913.4|ENSMUSG00000061111|Mcrip1	chr11	120542887	120543197	-	Mcrip1	310	56.13
N0272	128	ENSMUST00000153031.1|ENSMUSG00000037990|Sh3rf3	chr10	59136405	59138916	+	Sh3rf3	2511	46.79
N0273	1280	ENSMUST00000106197.9|ENSMUSG00000025132|Arhgdia	chr11	120578103	120578489	-	Arhgdia	386	60.62
N0274	1281	ENSMUST00000026125.2|ENSMUSG00000025134|Alyref	chr11	120592120	120594666	-	Alyref	2546	43.79
N0275	1282	ENSMUST00000026128.9|ENSMUSG00000025135|Anapc11	chr11	120605574	120608198	+	Anapc11	2624	50.95
N0276	1283	ENSMUST00000026129.15|ENSMUSG00000025137|Pcyt2	chr11	120610086	120610356	-	Pcyt2	270	58.52
N0277	1284	ENSMUST00000058162.13|ENSMUSG00000051510|Mafg	chr11	120625116	120628731	-	Mafg	3615	51.76
N0278	1285	ENSMUST00000170556.7|ENSMUSG00000025140|Pycr1	chr11	120635711	120639603	-	Pycr1	3892	47.2
N0279	1286	ENSMUST00000106177.7|ENSMUSG00000042988|Notum	chr11	120653787	120654050	-	Notum	263	36.88
N0280	1287	ENSMUST00000168947.1|ENSMUSG00000025142|Aspscr1	chr11	120709246	120709444	+	Aspscr1	198	58.59
N0281	1288	ENSMUST00000106154.7|ENSMUSG00000025144|Cenpx	chr11	120710941	120711119	-	Cenpx	178	48.88
N0282	1289	ENSMUST00000145781.7|ENSMUSG00000025145|Lrrc45	chr11	120720333	120721123	+	Lrrc45	790	56.96
N0283	129	ENSMUST00000165971.2|ENSMUSG00000019917|Septin10	chr10	59164119	59164581	-	Septin10	462	26.41
N0284	1290	ENSMUST00000018156.11|ENSMUSG00000018012|Rac3	chr11	120723757	120723969	+	Rac3	212	63.21
N0285	1291	ENSMUST00000026148.8|ENSMUSG00000025150|Cbr2	chr11	120729488	120729573	-	Cbr2	85	48.24
N0286	1292	ENSMUST00000105046.3|ENSMUSG00000078249|Hmga1b	chr11	120763981	120764419	+	Hmga1b	438	49.09
N0287	1293	ENSMUST00000026156.7|ENSMUSG00000025158|Rfng	chr11	120780747	120781080	-	Rfng	333	53.75
N0288	1294	ENSMUST00000153678.7|ENSMUSG00000025156|Gps1	chr11	120785294	120788783	+	Gps1	3489	54.77
N0289	1295	ENSMUST00000106135.7|ENSMUSG00000025155|Dus1l	chr11	120789200	120789271	-	Dus1l	71	40.85
N0290	1296	ENSMUST00000055655.8|ENSMUSG00000025153|Fasn	chr11	120805845	120807210	-	Fasn	1365	47.91
N0291	1297	ENSMUST00000168579.7|ENSMUSG00000025161|Slc16a3	chr11	120958602	120960868	+	Slc16a3	2266	54.24
N0292	1298	ENSMUST00000026169.6|ENSMUSG00000025169|Ogfod3	chr11	121177590	121177653	-	Ogfod3	63	53.97
N0293	1299	ENSMUST00000038831.14|ENSMUSG00000039307|Hexdc	chr11	121222568	121222655	+	Hexdc	87	37.93
N0294	13	ENSMUST00000039763.13|ENSMUSG00000040006|Ginm1	chr10	7767946	7768208	-	Ginm1	262	29.39
N0295	130	ENSMUST00000182161.1|ENSMUSG00000098188|Sowahc	chr10	59223730	59226434	+	Sowahc	2704	36.17
N0296	1300	ENSMUST00000106115.7|ENSMUSG00000039294|Cybc1	chr11	121222587	121223963	-	Cybc1	1376	49.56
N0297	1301	ENSMUST00000103015.3|ENSMUSG00000000056|Narf	chr11	121254347	121255856	+	Narf	1509	48.58
N0298	1302	ENSMUST00000106113.1|ENSMUSG00000039275|Foxk2	chr11	121308414	121309896	+	Foxk2	1482	46.42
N0299	1305	ENSMUST00000036742.13|ENSMUSG00000039208|Metrnl	chr11	121716204	121716306	+	Metrnl	102	42.16
N0300	1308	ENSMUST00000138740.2|ENSMUSG00000037486|Asxl2	chr12	3457265	3496409	+	Asxl2	39144	38.35
N0301	1309	ENSMUST00000174483.7|ENSMUSG00000020661|Dnmt3a	chr12	3895758	3907887	+	Dnmt3a	12129	50.83
N0302	131	ENSMUST00000009789.14|ENSMUSG00000019916|P4ha1	chr10	59371808	59373304	+	P4ha1	1496	40.51
N0303	1310	ENSMUST00000020986.14|ENSMUSG00000020657|Dnajc27	chr12	4109064	4110606	+	Dnajc27	1542	47.21
N0304	1311	ENSMUST00000124505.7|ENSMUSG00000020654|Adcy3	chr12	4213239	4213525	+	Adcy3	286	40.21
N0305	1312	ENSMUST00000140975.7|ENSMUSG00000020652|Cenpo	chr12	4211666	4212604	-	Cenpo	938	48.51
N0306	1313	ENSMUST00000179139.2|ENSMUSG00000096199|Ptrhd1	chr12	4236681	4239950	+	Ptrhd1	3269	47.9
N0307	1314	ENSMUST00000046207.8|ENSMUSG00000037361|Sf3b6	chr12	4827251	4827659	+	Sf3b6	408	47.3
N0308	1315	ENSMUST00000020964.6|ENSMUSG00000020635|Fkbp1b	chr12	4833173	4833416	-	Fkbp1b	243	44.44
N0309	1316	ENSMUST00000141360.1|ENSMUSG00000020634|Ubxn2a	chr12	4880389	4885677	-	Ubxn2a	5288	40.85
N0310	1317	ENSMUST00000218305.1|ENSMUSG00000037669|Ldah	chr12	8268598	8284943	+	Ldah	16345	43.96
N0311	1318	ENSMUST00000020927.9|ENSMUSG00000020605|Hs1bp3	chr12	8342727	8343824	+	Hs1bp3	1097	50.87
N0312	1319	ENSMUST00000067384.5|ENSMUSG00000054364|Rhob	chr12	8497660	8498834	-	Rhob	1174	45.32
N0313	132	ENSMUST00000165563.7|ENSMUSG00000020111|Micu1	chr10	59863822	59864132	+	Micu1	310	56.77
N0314	1320	ENSMUST00000020911.13|ENSMUSG00000020592|Sdc1	chr12	8792825	8793715	+	Sdc1	890	48.88
N0315	1322	ENSMUST00000160329.7|ENSMUSG00000066643|Wdr35	chr12	8986112	8991677	+	Wdr35	5565	41.83
N0316	1323	ENSMUST00000057021.8|ENSMUSG00000048387|Osr1	chr12	9580773	9581500	+	Osr1	727	55.98
N0317	1325	ENSMUST00000055673.1|ENSMUSG00000043673|Kcns3	chr12	11090201	11090963	-	Kcns3	762	38.71
N0318	1326	ENSMUST00000218022.1|ENSMUSG00000020608|Smc6	chr12	11279772	11319779	+	Smc6	40007	38.02
N0319	1327	ENSMUST00000220506.1|ENSMUSG00000054459|Vsnl1	chr12	11325241	11326158	-	Vsnl1	917	36.53
N0320	1328	ENSMUST00000069066.13|ENSMUSG00000020589|Fam49a	chr12	12376220	12380965	+	Fam49a	4745	39.2
N0321	1329	ENSMUST00000043396.14|ENSMUSG00000037169|Mycn	chr12	12936092	12936682	-	Mycn	590	35.08
N0322	1330	ENSMUST00000071103.9|ENSMUSG00000037149|Ddx1	chr12	13216972	13219349	-	Ddx1	2377	44.47
N0323	1333	ENSMUST00000067124.5|ENSMUSG00000020593|Lpin1	chr12	16535668	16537355	-	Lpin1	1687	43.51
N0324	1334	ENSMUST00000221049.1|ENSMUSG00000020591|Ntsr2	chr12	16659913	16660063	+	Ntsr2	150	48.67
N0325	1335	ENSMUST00000020904.7|ENSMUSG00000020580|Rock2	chr12	16986424	16987823	+	Rock2	1399	38.38
N0326	1336	ENSMUST00000057288.6|ENSMUSG00000020571|Pdia6	chr12	17284204	17284770	+	Pdia6	566	38.34
N0327	1337	ENSMUST00000046011.11|ENSMUSG00000061458|Nol10	chr12	17429382	17430095	+	Nol10	713	50.77
N0328	1338	ENSMUST00000222617.1|ENSMUSG00000011179|Odc1	chr12	17550077	17551077	+	Odc1	1000	44.1
N0329	1339	ENSMUST00000071858.4|ENSMUSG00000071379|Hpcal1	chr12	17791590	17791933	+	Hpcal1	343	48.4
N0330	134	ENSMUST00000020308.4|ENSMUSG00000020108|Ddit4	chr10	59949668	59950297	-	Ddit4	629	49.76
N0331	1340	ENSMUST00000232072.1|ENSMUSG00000062352|Itgb1bp1	chr12	21267419	21270737	-	Itgb1bp1	3318	43.97
N0332	1341	ENSMUST00000232526.1|ENSMUSG00000052593|Adam17	chr12	21324953	21353845	-	Adam17	28892	42.99
N0333	1342	ENSMUST00000221372.1|ENSMUSG00000059669|Taf1b	chr12	24509606	24558539	+	Taf1b	48933	43.17
N0334	1343	ENSMUST00000020982.6|ENSMUSG00000020653|Klf11	chr12	24660611	24662789	+	Klf11	2178	40.4
N0335	1344	ENSMUST00000156453.9|ENSMUSG00000062563|Cys1	chr12	24665832	24666564	-	Cys1	732	47.27
N0336	1346	ENSMUST00000222994.1|ENSMUSG00000020646|Mboat2	chr12	24924397	24960286	+	Mboat2	35889	46.3
N0337	1347	ENSMUST00000221761.1|ENSMUSG00000020644|Id2	chr12	25093798	25095169	-	Id2	1371	39.82
N0338	1348	ENSMUST00000020971.13|ENSMUSG00000020642|Rnf144a	chr12	26306793	26309851	-	Rnf144a	3058	43.75
N0339	1349	ENSMUST00000020969.4|ENSMUSG00000020638|Cmpk2	chr12	26478877	26479837	+	Cmpk2	960	37.29
N0340	135	ENSMUST00000182898.7|ENSMUSG00000020107|Anapc16	chr10	59987408	59988158	-	Anapc16	750	43.73
N0341	1351	ENSMUST00000223322.1|ENSMUSG00000020630|Rnaseh1	chr12	28658328	28659583	+	Rnaseh1	1255	49.0
N0342	1352	ENSMUST00000020957.12|ENSMUSG00000020629|Adi1	chr12	28681594	28682175	+	Adi1	581	44.58
N0343	1353	ENSMUST00000035657.8|ENSMUSG00000036613|Eipr1	chr12	28828922	28867491	+	Eipr1	38569	47.06
N0344	1354	ENSMUST00000049784.16|ENSMUSG00000061911|Myt1l	chr12	29920659	29923213	+	Myt1l	2554	39.35
N0345	1355	ENSMUST00000122328.7|ENSMUSG00000020674|Pxdn	chr12	30015718	30017658	+	Pxdn	1940	45.88
N0346	1356	ENSMUST00000057151.9|ENSMUSG00000043061|Tmem18	chr12	30589353	30591215	+	Tmem18	1862	41.14
N0347	1357	ENSMUST00000219697.1|ENSMUSG00000044573|Acp1	chr12	30895875	30904607	-	Acp1	8732	42.51
N0348	1358	ENSMUST00000110857.4|ENSMUSG00000020664|Dld	chr12	31331276	31331796	-	Dld	520	34.62
N0349	1359	ENSMUST00000064240.13|ENSMUSG00000020659|Cbll1	chr12	31484828	31487066	-	Cbll1	2238	34.23
N0350	136	ENSMUST00000121820.8|ENSMUSG00000058297|Spock2	chr10	60132163	60135198	+	Spock2	3035	54.04
N0351	1360	ENSMUST00000177962.8|ENSMUSG00000020650|Bcap29	chr12	31590966	31595574	-	Bcap29	4608	40.67
N0352	1361	ENSMUST00000020977.3|ENSMUSG00000020648|Dus4l	chr12	31640049	31640334	-	Dus4l	285	40.35
N0353	1362	ENSMUST00000036862.4|ENSMUSG00000035933|Cog5	chr12	31927507	31937630	+	Cog5	10123	38.25
N0354	1363	ENSMUST00000167458.8|ENSMUSG00000002996|Hbp1	chr12	31929382	31930456	-	Hbp1	1074	35.94
N0355	1364	ENSMUST00000003079.11|ENSMUSG00000002997|Prkar2b	chr12	31958475	31959873	-	Prkar2b	1398	36.55
N0356	1365	ENSMUST00000156904.7|ENSMUSG00000020573|Pik3cg	chr12	32173472	32175701	-	Pik3cg	2229	38.49
N0357	1366	ENSMUST00000172332.3|ENSMUSG00000090946|Ccdc71l	chr12	32380214	32382943	+	Ccdc71l	2729	35.62
N0358	1367	ENSMUST00000220200.1|ENSMUSG00000020572|Nampt	chr12	32830405	32839207	+	Nampt	8802	40.34
N0359	1368	ENSMUST00000144586.1|ENSMUSG00000020564|Atxn7l1	chr12	33326133	33328849	+	Atxn7l1	2716	48.82
N0360	1369	ENSMUST00000020877.8|ENSMUSG00000020561|Twistnb	chr12	33439176	33441392	+	Twistnb	2216	39.35
N0361	1370	ENSMUST00000049089.6|ENSMUSG00000035799|Twist1	chr12	33958746	33959829	+	Twist1	1083	43.86
N0362	1371	ENSMUST00000221272.1|ENSMUSG00000020590|Snx13	chr12	35086093	35122988	+	Snx13	36895	35.59
N0363	1372	ENSMUST00000110811.2|ENSMUSG00000019256|Ahr	chr12	35504859	35511017	-	Ahr	6158	39.67
N0364	1373	ENSMUST00000220641.1|ENSMUSG00000020577|Tspan13	chr12	36021800	36023869	-	Tspan13	2069	40.5
N0365	1374	ENSMUST00000020856.5|ENSMUSG00000020547|Bzw2	chr12	36091834	36092097	-	Bzw2	263	39.92
N0366	1375	ENSMUST00000041640.4|ENSMUSG00000036188|Ankmy2	chr12	36196998	36197291	+	Ankmy2	293	47.1
N0367	1376	ENSMUST00000041407.6|ENSMUSG00000036169|Sostdc1	chr12	36317611	36318452	+	Sostdc1	841	37.81
N0368	1377	ENSMUST00000040500.8|ENSMUSG00000036095|Dgkb	chr12	38630838	38634239	+	Dgkb	3401	34.52
N0369	1378	ENSMUST00000095767.10|ENSMUSG00000004151|Etv1	chr12	38866488	38870484	+	Etv1	3996	35.24
N0370	1379	ENSMUST00000078481.13|ENSMUSG00000002565|Scin	chr12	40059768	40060351	-	Scin	583	33.79
N0371	138	ENSMUST00000020301.13|ENSMUSG00000020101|Vsir	chr10	60369633	60372684	+	Vsir	3051	51.56
N0372	1380	ENSMUST00000171530.7|ENSMUSG00000001627|Ifrd1	chr12	40203918	40212938	-	Ifrd1	9020	39.67
N0373	1381	ENSMUST00000069692.9|ENSMUSG00000055917|Zfp277	chr12	40315045	40315568	-	Zfp277	523	33.84
N0374	1382	ENSMUST00000037488.7|ENSMUSG00000035954|Dock4	chr12	40844813	40846874	+	Dock4	2061	33.87
N0375	1383	ENSMUST00000043884.5|ENSMUSG00000036295|Lrrn3	chr12	41451667	41451957	-	Lrrn3	290	33.1
N0376	1384	ENSMUST00000015049.4|ENSMUSG00000014905|Dnajb9	chr12	44205558	44206093	-	Dnajb9	535	32.71
N0377	1385	ENSMUST00000043082.15|ENSMUSG00000036257|Pnpla8	chr12	44312175	44322532	+	Pnpla8	10357	38.48
N0378	1386	ENSMUST00000217907.1|ENSMUSG00000020598|Nrcam	chr12	44388095	44537346	+	Nrcam	149251	40.28
N0379	1387	ENSMUST00000053768.13|ENSMUSG00000046314|Stxbp6	chr12	44852483	44855682	-	Stxbp6	3199	37.64
N0380	1388	ENSMUST00000021333.4|ENSMUSG00000020950|Foxg1	chr12	49386636	49386861	+	Foxg1	225	32.0
N0381	1389	ENSMUST00000002765.8|ENSMUSG00000002688|Prkd1	chr12	50341230	50341576	-	Prkd1	346	39.31
N0382	139	ENSMUST00000150845.7|ENSMUSG00000020100|Slc29a3	chr10	60715228	60723763	-	Slc29a3	8535	50.83
N0383	1390	ENSMUST00000054308.12|ENSMUSG00000035293|G2e3	chr12	51373743	51376986	+	G2e3	3243	35.62
N0384	1391	ENSMUST00000164782.9|ENSMUSG00000020953|Coch	chr12	51605226	51605771	+	Coch	545	35.78
N0385	1392	ENSMUST00000013130.14|ENSMUSG00000020954|Strn3	chr12	51609631	51609878	-	Strn3	247	36.44
N0386	1393	ENSMUST00000021338.9|ENSMUSG00000020955|Ap4s1	chr12	51738829	51738932	+	Ap4s1	103	38.83
N0387	1394	ENSMUST00000042052.8|ENSMUSG00000035247|Hectd1	chr12	51743721	51744049	-	Hectd1	328	35.37
N0388	1395	ENSMUST00000040583.6|ENSMUSG00000035181|Heatr5a	chr12	51875870	51877001	-	Heatr5a	1131	37.93
N0389	1397	ENSMUST00000219443.1|ENSMUSG00000035133|Arhgap5	chr12	52569466	52571975	+	Arhgap5	2509	31.21
N0390	1398	ENSMUST00000039516.3|ENSMUSG00000035105|Egln3	chr12	54178980	54179883	-	Egln3	903	47.18
N0391	1399	ENSMUST00000161592.7|ENSMUSG00000054302|Eapp	chr12	54670339	54672474	-	Eapp	2135	41.64
N0392	14	ENSMUST00000146444.7|ENSMUSG00000015755|Tab2	chr10	7905652	7906403	-	Tab2	751	33.95
N0393	140	ENSMUST00000020298.7|ENSMUSG00000020098|Pcbd1	chr10	61094091	61094324	+	Pcbd1	233	43.35
N0394	1400	ENSMUST00000223450.1|ENSMUSG00000062929|Cfl2	chr12	54858808	54860481	-	Cfl2	1673	32.46
N0395	1401	ENSMUST00000220578.1|ENSMUSG00000073079|Srp54a	chr12	55113128	55115367	+	Srp54a	2239	38.95
N0396	1402	ENSMUST00000177768.2|ENSMUSG00000095595|Fam177a	chr12	55139428	55142104	+	Fam177a	2676	40.25
N0397	1403	ENSMUST00000110708.3|ENSMUSG00000112449|Srp54b	chr12	55188148	55189573	+	Srp54b	1425	39.51
N0398	1404	ENSMUST00000177978.2|ENSMUSG00000094103|Fam177a2	chr12	55214488	55217168	+	Fam177a2	2680	40.19
N0399	1405	ENSMUST00000218879.1|ENSMUSG00000079108|Srp54c	chr12	55262383	55263836	+	Srp54c	1453	39.57
N0400	1406	ENSMUST00000021410.9|ENSMUSG00000021022|Ppp2r3c	chr12	55278990	55281042	-	Ppp2r3c	2052	40.45
N0401	1407	ENSMUST00000162711.1|ENSMUSG00000021024|Psma6	chr12	55410282	55418441	+	Psma6	8159	40.78
N0402	1408	ENSMUST00000021413.8|ENSMUSG00000021025|Nfkbia	chr12	55489409	55489758	-	Nfkbia	349	39.54
N0403	1409	ENSMUST00000219419.1|ENSMUSG00000012076|Brms1l	chr12	55861549	55869736	+	Brms1l	8187	41.72
N0404	141	ENSMUST00000092486.10|ENSMUSG00000059901|Adamts14	chr10	61197111	61198329	-	Adamts14	1218	54.43
N0405	1410	ENSMUST00000218118.1|ENSMUSG00000021028|Mbip	chr12	56340510	56342235	-	Mbip	1725	35.65
N0406	1411	ENSMUST00000139049.1|ENSMUSG00000079104|Prps1l3	chr12	57239530	57239882	+	Prps1l3	352	41.48
N0407	1412	ENSMUST00000062254.3|ENSMUSG00000045930|Clec14a	chr12	58264719	58267094	-	Clec14a	2375	35.87
N0408	1413	ENSMUST00000021375.11|ENSMUSG00000020986|Sec23a	chr12	58958382	58959080	-	Sec23a	698	37.97
N0409	1414	ENSMUST00000021379.7|ENSMUSG00000060121|Gemin2	chr12	59027929	59028470	+	Gemin2	541	41.59
N0410	1415	ENSMUST00000021381.5|ENSMUSG00000020994|Pnn	chr12	59073015	59073998	+	Pnn	983	30.52
N0411	1416	ENSMUST00000176752.7|ENSMUSG00000021000|Mia2	chr12	59137884	59190222	+	Mia2	52338	41.31
N0412	1417	ENSMUST00000043204.7|ENSMUSG00000035329|Fbxo33	chr12	59200654	59201581	-	Fbxo33	927	37.43
N0413	1418	ENSMUST00000222508.1|ENSMUSG00000020948|Klhl28	chr12	64938832	64941321	-	Klhl28	2489	31.62
N0414	1419	ENSMUST00000221836.1|ENSMUSG00000035614|Togaram1	chr12	64976879	64982457	+	Togaram1	5578	37.02
N0415	142	ENSMUST00000020289.9|ENSMUSG00000020092|Pald1	chr10	61319655	61320286	-	Pald1	631	46.75
N0416	1420	ENSMUST00000129956.1|ENSMUSG00000035597|Prpf39	chr12	65044124	65063386	+	Prpf39	19262	35.52
N0417	1421	ENSMUST00000221166.1|ENSMUSG00000020949|Fkbp3	chr12	65062423	65068944	-	Fkbp3	6521	38.08
N0418	1423	ENSMUST00000060579.9|ENSMUSG00000043998|Mgat2	chr12	69186456	69186770	+	Mgat2	314	31.21
N0419	1424	ENSMUST00000021356.5|ENSMUSG00000020973|Dnaaf2	chr12	69189086	69189602	-	Dnaaf2	516	43.6
N0420	1425	ENSMUST00000222699.1|ENSMUSG00000113786|Gm49384	chr12	69189838	69192736	-	Gm49384	2898	39.79
N0421	1427	ENSMUST00000220484.1|ENSMUSG00000020982|Nemf	chr12	69351988	69353732	-	Nemf	1744	39.05
N0422	1428	ENSMUST00000050063.8|ENSMUSG00000044147|Arf6	chr12	69373483	69373783	+	Arf6	300	39.67
N0423	1429	ENSMUST00000238220.1|ENSMUSG00000049882|Vcpkmt	chr12	69577681	69582275	-	Vcpkmt	4594	41.79
N0424	143	ENSMUST00000020288.14|ENSMUSG00000020091|Eif4ebp2	chr10	61428490	61432758	-	Eif4ebp2	4268	50.56
N0425	1430	ENSMUST00000035773.13|ENSMUSG00000034801|Sos2	chr12	69583765	69584873	-	Sos2	1108	35.11
N0426	1431	ENSMUST00000223387.1|ENSMUSG00000020988|L2hgdh	chr12	69712720	69721311	-	L2hgdh	8591	41.68
N0427	1432	ENSMUST00000220916.1|ENSMUSG00000054894|Dmac2l	chr12	69743982	69744660	+	Dmac2l	678	35.99
N0428	1433	ENSMUST00000110567.7|ENSMUSG00000034761|Map4k5	chr12	69803749	69804808	-	Map4k5	1059	35.79
N0429	1434	ENSMUST00000021466.9|ENSMUSG00000021066|Atl1	chr12	69963847	69966417	+	Atl1	2570	38.25
N0430	1435	ENSMUST00000021467.7|ENSMUSG00000021067|Sav1	chr12	69965011	69965991	-	Sav1	980	38.06
N0431	1436	ENSMUST00000221579.1|ENSMUSG00000021068|Nin	chr12	70017573	70020833	-	Nin	3260	42.24
N0432	1437	ENSMUST00000167755.2|ENSMUSG00000021071|Trim9	chr12	70263731	70266295	-	Trim9	2564	41.69
N0433	1438	ENSMUST00000021471.12|ENSMUSG00000021072|Tmx1	chr12	70467346	70468040	+	Tmx1	694	46.97
N0434	1439	ENSMUST00000057859.8|ENSMUSG00000048285|Frmd6	chr12	70900372	70902234	+	Frmd6	1862	42.53
N0435	144	ENSMUST00000049242.8|ENSMUSG00000037151|Lrrc20	chr10	61582051	61582791	+	Lrrc20	740	50.0
N0436	1440	ENSMUST00000220582.1|ENSMUSG00000021076|Actr10	chr12	70943517	70953031	+	Actr10	9514	40.32
N0437	1441	ENSMUST00000162626.7|ENSMUSG00000060073|Psma3	chr12	70988489	70994921	+	Psma3	6432	39.23
N0438	1442	ENSMUST00000046305.11|ENSMUSG00000048118|Arid4a	chr12	71097752	71098592	+	Arid4a	840	29.52
N0439	1443	ENSMUST00000061273.11|ENSMUSG00000044548|Dact1	chr12	71319785	71320107	+	Dact1	322	28.88
N0440	1444	ENSMUST00000223272.1|ENSMUSG00000034574|Daam1	chr12	71990887	71992333	+	Daam1	1446	40.11
N0441	1445	ENSMUST00000019862.2|ENSMUSG00000019718|L3hypdh	chr12	72073427	72073724	-	L3hypdh	297	28.96
N0442	1446	ENSMUST00000117449.7|ENSMUSG00000005078|Jkamp	chr12	72101227	72101461	+	Jkamp	234	30.77
N0443	1448	ENSMUST00000044352.7|ENSMUSG00000034501|Pcnx4	chr12	72579825	72580119	+	Pcnx4	294	26.53
N0444	1449	ENSMUST00000220821.1|ENSMUSG00000021094|Dhrs7	chr12	72650409	72656299	-	Dhrs7	5890	44.07
N0445	145	ENSMUST00000020286.6|ENSMUSG00000020089|Ppa1	chr10	61673998	61674168	+	Ppa1	170	46.47
N0446	1450	ENSMUST00000021514.9|ENSMUSG00000021096|Ppm1a	chr12	72794422	72799819	+	Ppm1a	5397	39.8
N0447	1451	ENSMUST00000050029.7|ENSMUSG00000051367|Six1	chr12	73041826	73042606	-	Six1	780	34.36
N0448	1452	ENSMUST00000189644.6|ENSMUSG00000021103|Mnat1	chr12	73179392	73272851	+	Mnat1	93459	38.77
N0449	1453	ENSMUST00000116420.3|ENSMUSG00000034442|Trmt5	chr12	73280010	73280386	-	Trmt5	376	42.29
N0450	1454	ENSMUST00000042975.6|ENSMUSG00000034435|Tmem30b	chr12	73543401	73544476	-	Tmem30b	1075	34.98
N0451	1456	ENSMUST00000110451.3|ENSMUSG00000044912|Syt16	chr12	74162876	74267911	+	Syt16	105035	40.57
N0452	1457	ENSMUST00000172981.1|ENSMUSG00000046768|Rhoj	chr12	75394121	75400212	+	Rhoj	6091	43.95
N0453	1458	ENSMUST00000218012.1|ENSMUSG00000021051|Ppp2r5e	chr12	75459687	75493332	-	Ppp2r5e	33645	42.11
N0454	146	ENSMUST00000020285.9|ENSMUSG00000020088|Sar1a	chr10	61691590	61693297	+	Sar1a	1707	46.34
N0455	1460	ENSMUST00000132161.1|ENSMUSG00000063450|Syne2	chr12	76107675	76110926	+	Syne2	3251	47.74
N0456	1461	ENSMUST00000176102.7|ENSMUSG00000056459|Zbtb25	chr12	76347781	76348978	-	Zbtb25	1197	33.67
N0457	1462	ENSMUST00000042779.3|ENSMUSG00000033454|Zbtb1	chr12	76388310	76396950	+	Zbtb1	8640	39.78
N0458	1463	ENSMUST00000080449.6|ENSMUSG00000059970|Hspa2	chr12	76406698	76406938	+	Hspa2	240	37.5
N0459	1464	ENSMUST00000075249.5|ENSMUSG00000052609|Plekhg3	chr12	76578668	76579042	+	Plekhg3	374	50.0
N0460	1465	ENSMUST00000021458.12|ENSMUSG00000021061|Sptb	chr12	76580487	76583076	-	Sptb	2589	53.69
N0461	1466	ENSMUST00000110399.2|ENSMUSG00000090258|Churc1	chr12	76782998	76783147	+	Churc1	149	52.35
N0462	1467	ENSMUST00000021459.13|ENSMUSG00000021062|Rab15	chr12	76797959	76800094	-	Rab15	2135	52.37
N0463	1468	ENSMUST00000110395.10|ENSMUSG00000059436|Max	chr12	76937268	76937938	-	Max	670	42.54
N0464	1469	ENSMUST00000062804.7|ENSMUSG00000021065|Fut8	chr12	77475758	77476338	+	Fut8	580	29.48
N0465	147	ENSMUST00000020284.4|ENSMUSG00000020087|Tysnd1	chr10	61702510	61702773	+	Tysnd1	263	53.23
N0466	1470	ENSMUST00000052472.5|ENSMUSG00000047454|Gphn	chr12	78684392	78684772	+	Gphn	380	40.26
N0467	1471	ENSMUST00000219197.1|ENSMUSG00000021112|Mpp5	chr12	78819391	78840586	+	Mpp5	21195	37.53
N0468	1472	ENSMUST00000021536.8|ENSMUSG00000021114|Atp6v1d	chr12	78840724	78843163	-	Atp6v1d	2439	40.26
N0469	1473	ENSMUST00000071230.7|ENSMUSG00000021116|Eif2s1	chr12	78885168	78887010	+	Eif2s1	1842	37.51
N0470	1474	ENSMUST00000070174.13|ENSMUSG00000046157|Tmem229b	chr12	78961794	78963940	-	Tmem229b	2146	51.35
N0471	1476	ENSMUST00000162789.8|ENSMUSG00000021124|Vti1b	chr12	79156169	79164941	-	Vti1b	8772	41.35
N0472	1477	ENSMUST00000159500.1|ENSMUSG00000066441|Rdh11	chr12	79176164	79188430	-	Rdh11	12266	44.45
N0473	1478	ENSMUST00000021552.2|ENSMUSG00000021127|Zfp36l1	chr12	80107753	80109440	-	Zfp36l1	1687	38.0
N0474	1479	ENSMUST00000054145.7|ENSMUSG00000049106|Dcaf5	chr12	80335847	80337004	-	Dcaf5	1157	42.52
N0475	148	ENSMUST00000067857.10|ENSMUSG00000020085|Aifm2	chr10	61738516	61739260	+	Aifm2	744	43.41
N0476	1480	ENSMUST00000219267.1|ENSMUSG00000021130|Galnt16	chr12	80603778	80630972	+	Galnt16	27194	45.4
N0477	1481	ENSMUST00000219706.1|ENSMUSG00000048833|Slc39a9	chr12	80679940	80683342	+	Slc39a9	3402	45.15
N0478	1482	ENSMUST00000073251.7|ENSMUSG00000062961|Ccdc177	chr12	80754042	80755991	-	Ccdc177	1949	43.36
N0479	1483	ENSMUST00000068519.6|ENSMUSG00000021133|Susd6	chr12	80878154	80880835	+	Susd6	2681	47.03
N0480	1485	ENSMUST00000110347.8|ENSMUSG00000021136|Smoc1	chr12	81184713	81186414	+	Smoc1	1701	49.79
N0481	1486	ENSMUST00000085238.12|ENSMUSG00000079055|Slc8a3	chr12	81197914	81198304	-	Slc8a3	390	38.21
N0482	1487	ENSMUST00000171459.7|ENSMUSG00000021139|Gm20498	chr12	81474558	81499316	-	Gm20498	24758	39.22
N0483	1488	ENSMUST00000164431.1|ENSMUSG00000090935|Synj2bp	chr12	81499141	81504432	-	Synj2bp	5291	38.18
N0484	149	ENSMUST00000020283.4|ENSMUSG00000020086|Macroh2a2	chr10	61738664	61739023	-	Macroh2a2	359	38.44
N0485	1490	ENSMUST00000218362.1|ENSMUSG00000042734|Ttc9	chr12	81664737	81667557	+	Ttc9	2820	42.02
N0486	1491	ENSMUST00000223291.1|ENSMUSG00000021222|Dcaf4	chr12	83541775	83541920	+	Dcaf4	145	55.17
N0487	1492	ENSMUST00000221919.1|ENSMUSG00000042628|Zfyve1	chr12	83546557	83547251	-	Zfyve1	694	43.23
N0488	1493	ENSMUST00000182450.7|ENSMUSG00000010608|Rbm25	chr12	83668508	83682020	+	Rbm25	13512	37.34
N0489	1494	ENSMUST00000101225.1|ENSMUSG00000019969|Psen1	chr12	83734753	83735199	+	Psen1	446	48.43
N0490	1495	ENSMUST00000110298.8|ENSMUSG00000021224|Numb	chr12	83794035	83808083	-	Numb	14048	44.03
N0491	1496	ENSMUST00000053744.8|ENSMUSG00000046791|Riox1	chr12	83952683	83952951	+	Riox1	268	48.88
N0492	1497	ENSMUST00000021649.7|ENSMUSG00000021226|Acot2	chr12	83993539	83993873	+	Acot2	334	42.51
N0493	1498	ENSMUST00000168120.2|ENSMUSG00000072949|Acot1	chr12	84017527	84018371	+	Acot1	844	46.92
N0494	1499	ENSMUST00000222606.1|ENSMUSG00000042472|Zfp410	chr12	84325872	84343720	+	Zfp410	17848	43.25
N0495	15	ENSMUST00000061601.8|ENSMUSG00000047712|Ust	chr10	8204808	8206203	-	Ust	1395	41.94
N0496	150	ENSMUST00000125704.7|ENSMUSG00000020083|Fam241b	chr10	62107654	62108399	-	Fam241b	745	55.03
N0497	1500	ENSMUST00000152913.7|ENSMUSG00000021235|Coq6	chr12	84371593	84373792	+	Coq6	2199	51.07
N0498	1501	ENSMUST00000021662.11|ENSMUSG00000021236|Entpd5	chr12	84373856	84376933	-	Entpd5	3077	43.22
N0499	1502	ENSMUST00000183146.1|ENSMUSG00000098134|Rnf113a2	chr12	84418497	84418578	+	Rnf113a2	81	29.63
N0500	1504	ENSMUST00000137170.2|ENSMUSG00000085793|Lin52	chr12	84530657	84531573	+	Lin52	916	36.03
N0501	1505	ENSMUST00000095550.3|ENSMUSG00000071234|Syndig1l	chr12	84677276	84678324	-	Syndig1l	1048	53.53
N0502	1506	ENSMUST00000021668.9|ENSMUSG00000021242|Npc2	chr12	84754561	84756678	-	Npc2	2117	48.94
N0503	1508	ENSMUST00000002073.12|ENSMUSG00000002020|Ltbp2	chr12	84783211	84783521	-	Ltbp2	310	46.45
N0504	1509	ENSMUST00000163231.7|ENSMUSG00000042350|Arel1	chr12	84918147	84926233	-	Arel1	8086	45.37
N0505	151	ENSMUST00000047883.10|ENSMUSG00000037031|Tspan15	chr10	62185395	62187570	-	Tspan15	2175	47.36
N0506	1510	ENSMUST00000164558.7|ENSMUSG00000021244|Ylpm1	chr12	85065136	85070492	+	Ylpm1	5356	39.99
N0507	1511	ENSMUST00000223332.1|ENSMUSG00000004789|Dlst	chr12	85119344	85128337	+	Dlst	8993	43.81
N0508	1512	ENSMUST00000019379.8|ENSMUSG00000019235|Rps6kl1	chr12	85135639	85135925	-	Rps6kl1	286	50.35
N0509	1514	ENSMUST00000004910.11|ENSMUSG00000004788|Eif2b2	chr12	85226350	85226628	+	Eif2b2	278	46.4
N0510	1515	ENSMUST00000008966.12|ENSMUSG00000008822|Acyp1	chr12	85272397	85272463	-	Acyp1	66	37.88
N0511	1516	ENSMUST00000040992.7|ENSMUSG00000034290|Nek9	chr12	85299513	85301655	-	Nek9	2142	48.04
N0512	1517	ENSMUST00000040766.8|ENSMUSG00000021248|Tmed10	chr12	85342787	85343087	-	Tmed10	300	37.67
N0513	1518	ENSMUST00000021674.6|ENSMUSG00000021250|Fos	chr12	85476823	85477273	+	Fos	450	32.67
N0514	1519	ENSMUST00000177587.8|ENSMUSG00000034271|Jdp2	chr12	85639514	85639878	+	Jdp2	364	36.54
N0515	1520	ENSMUST00000040536.5|ENSMUSG00000034266|Batf	chr12	85708900	85709087	+	Batf	187	49.2
N0516	1521	ENSMUST00000040461.3|ENSMUSG00000034258|Flvcr2	chr12	85812413	85813585	+	Flvcr2	1172	46.59
N0517	1522	ENSMUST00000021676.11|ENSMUSG00000021252|Erg28	chr12	85815447	85815764	-	Erg28	317	49.84
N0518	1523	ENSMUST00000003687.7|ENSMUSG00000021253|Tgfb3	chr12	86056744	86057217	-	Tgfb3	473	48.2
N0519	1524	ENSMUST00000221368.1|ENSMUSG00000021254|Gpatch2l	chr12	86290054	86291784	+	Gpatch2l	1730	43.41
N0520	1525	ENSMUST00000021682.8|ENSMUSG00000021257|Angel1	chr12	86700501	86702115	-	Angel1	1614	53.53
N0521	1526	ENSMUST00000038422.7|ENSMUSG00000034168|Irf2bpl	chr12	86880700	86881331	-	Irf2bpl	631	35.66
N0522	1527	ENSMUST00000110176.1|ENSMUSG00000021032|Ngb	chr12	87098024	87099995	-	Ngb	1971	50.68
N0523	1528	ENSMUST00000222634.1|ENSMUSG00000034126|Pomt2	chr12	87108803	87111336	-	Pomt2	2533	52.74
N0524	1529	ENSMUST00000063117.9|ENSMUSG00000021033|Gstz1	chr12	87164315	87164723	+	Gstz1	408	47.3
N0525	153	ENSMUST00000162023.1|ENSMUSG00000020079|Supv3l1	chr10	62429254	62441084	-	Supv3l1	11830	44.87
N0526	1530	ENSMUST00000037418.6|ENSMUSG00000034111|Tmed8	chr12	87166236	87171177	-	Tmed8	4941	42.4
N0527	1533	ENSMUST00000021424.4|ENSMUSG00000021036|Sptlc2	chr12	87305057	87309752	-	Sptlc2	4695	43.11
N0528	1534	ENSMUST00000160113.7|ENSMUSG00000079036|Alkbh1	chr12	87428076	87441608	-	Alkbh1	13532	42.4
N0529	1535	ENSMUST00000161023.7|ENSMUSG00000021040|Slirp	chr12	87450969	87452206	+	Slirp	1237	39.85
N0530	1536	ENSMUST00000021428.8|ENSMUSG00000021039|Snw1	chr12	87449909	87450178	-	Snw1	269	43.49
N0531	1537	ENSMUST00000222695.1|ENSMUSG00000021044|Adck1	chr12	88461457	88461720	+	Adck1	263	44.49
N0532	1538	ENSMUST00000082432.4|ENSMUSG00000007682|Dio2	chr12	90724551	90728263	-	Dio2	3712	40.89
N0533	1539	ENSMUST00000021345.13|ENSMUSG00000020962|Gtf2a1	chr12	91555261	91559595	-	Gtf2a1	4334	37.68
N0534	154	ENSMUST00000219574.1|ENSMUSG00000020078|Vps26a	chr10	62455271	62469870	-	Vps26a	14599	41.69
N0535	1540	ENSMUST00000052969.14|ENSMUSG00000020961|Ston2	chr12	91633008	91638739	-	Ston2	5731	43.97
N0536	1542	ENSMUST00000057324.3|ENSMUSG00000047414|Flrt2	chr12	95783391	95785215	+	Flrt2	1824	38.49
N0537	1543	ENSMUST00000021390.8|ENSMUSG00000021003|Galc	chr12	98202293	98203616	-	Galc	1323	41.42
N0538	1544	ENSMUST00000075072.5|ENSMUSG00000021886|Gpr65	chr12	98276381	98276644	+	Gpr65	263	41.06
N0539	1545	ENSMUST00000221148.1|ENSMUSG00000021009|Ptpn21	chr12	98678478	98688189	-	Ptpn21	9711	48.12
N0540	1546	ENSMUST00000223451.1|ENSMUSG00000021012|Zc3h14	chr12	98783742	98784992	+	Zc3h14	1250	40.24
N0541	1547	ENSMUST00000079146.12|ENSMUSG00000021013|Ttc8	chr12	98982921	98983238	+	Ttc8	317	24.61
N0542	1548	ENSMUST00000222458.1|ENSMUSG00000033713|Foxn3	chr12	99196410	99209459	-	Foxn3	13049	48.23
N0543	1549	ENSMUST00000160413.7|ENSMUSG00000045404|Kcnk13	chr12	100062349	100062682	+	Kcnk13	333	42.34
N0544	155	ENSMUST00000160987.7|ENSMUSG00000020077|Srgn	chr10	62493832	62494569	-	Srgn	737	36.64
N0545	1550	ENSMUST00000021595.9|ENSMUSG00000021178|Psmc1	chr12	100123340	100123405	+	Psmc1	65	46.15
N0546	1551	ENSMUST00000110082.10|ENSMUSG00000001175|Calm1	chr12	100207106	100209814	+	Calm1	2708	43.87
N0547	1552	ENSMUST00000062957.7|ENSMUSG00000033530|Ttc7b	chr12	100300769	100301178	-	Ttc7b	409	38.39
N0548	1553	ENSMUST00000124957.1|ENSMUSG00000021185|Dglucy	chr12	100872123	100875399	+	Dglucy	3276	44.96
N0549	1554	ENSMUST00000021603.8|ENSMUSG00000021186|Fbln5	chr12	101746564	101750149	-	Fbln5	3585	44.41
N0550	1555	ENSMUST00000047357.9|ENSMUSG00000041781|Cpsf2	chr12	102003848	102006424	+	Cpsf2	2576	39.36
N0551	1556	ENSMUST00000110020.7|ENSMUSG00000021190|Lgmn	chr12	102394083	102394297	-	Lgmn	214	35.98
N0552	1557	ENSMUST00000021609.9|ENSMUSG00000021192|Golga5	chr12	102497675	102497907	+	Golga5	232	35.34
N0553	1559	ENSMUST00000046518.11|ENSMUSG00000057963|Itpk1	chr12	102568581	102569977	-	Itpk1	1396	56.81
N0554	156	ENSMUST00000045866.8|ENSMUSG00000020075|Ddx21	chr10	62580250	62582201	-	Ddx21	1951	41.0
N0555	1560	ENSMUST00000174651.1|ENSMUSG00000041716|Gm20604	chr12	102741731	102743223	-	Gm20604	1492	43.9
N0556	1561	ENSMUST00000057416.7|ENSMUSG00000046675|Tmem251	chr12	102745242	102747561	+	Tmem251	2319	39.33
N0557	1562	ENSMUST00000173969.1|ENSMUSG00000091931|Gon7	chr12	102753274	102753700	-	Gon7	426	33.8
N0558	1564	ENSMUST00000223554.1|ENSMUSG00000041702|Btbd7	chr12	102780796	102784962	-	Btbd7	4166	40.57
N0559	1565	ENSMUST00000191218.6|ENSMUSG00000096753|Fam181a	chr12	103316864	103317065	+	Fam181a	201	58.71
N0560	1566	ENSMUST00000179684.2|ENSMUSG00000021203|Otub2	chr12	103404580	103406350	+	Otub2	1770	50.68
N0561	1567	ENSMUST00000043315.14|ENSMUSG00000041481|Serpina3g	chr12	104241668	104241939	+	Serpina3g	271	52.4
N0562	1568	ENSMUST00000021506.5|ENSMUSG00000021091|Serpina3n	chr12	104414086	104414329	+	Serpina3n	243	54.32
N0563	1569	ENSMUST00000021522.4|ENSMUSG00000021102|Glrx5	chr12	105040699	105042906	+	Glrx5	2207	50.2
N0564	157	ENSMUST00000218304.1|ENSMUSG00000020076|Ddx50	chr10	62615894	62616089	-	Ddx50	195	28.21
N0565	1570	ENSMUST00000178224.1|ENSMUSG00000094910|D430019H16Rik	chr12	105488125	105493095	+	D430019H16Rik	4970	50.95
N0566	1571	ENSMUST00000041229.4|ENSMUSG00000041347|Bdkrb1	chr12	105605329	105605428	+	Bdkrb1	99	54.55
N0567	1572	ENSMUST00000221015.1|ENSMUSG00000041341|Atg2b	chr12	105616135	105616622	-	Atg2b	487	37.99
N0568	1573	ENSMUST00000051934.6|ENSMUSG00000044715|Gskip	chr12	105701676	105703023	+	Gskip	1347	50.04
N0569	1574	ENSMUST00000169938.7|ENSMUSG00000021111|Papola	chr12	105809662	105838944	+	Papola	29282	40.19
N0570	1575	ENSMUST00000066060.10|ENSMUSG00000048251|Bcl11b	chr12	107910402	107912767	-	Bcl11b	2365	44.9
N0571	1576	ENSMUST00000132682.7|ENSMUSG00000056770|Setd3	chr12	108107037	108157753	-	Setd3	50716	43.44
N0572	1578	ENSMUST00000077735.12|ENSMUSG00000021262|Evl	chr12	108688286	108688516	+	Evl	230	52.17
N0573	158	ENSMUST00000218229.1|ENSMUSG00000020074|Ccar1	chr10	62776863	62780440	-	Ccar1	3577	41.01
N0574	1580	ENSMUST00000021692.8|ENSMUSG00000021264|Yy1	chr12	108816363	108820148	+	Yy1	3785	48.08
N0575	1581	ENSMUST00000021693.3|ENSMUSG00000021265|Slc25a29	chr12	108825872	108826177	-	Slc25a29	305	56.07
N0576	1582	ENSMUST00000220495.1|ENSMUSG00000040877|Wdr25	chr12	108980894	108992884	+	Wdr25	11990	49.38
N0577	1583	ENSMUST00000209829.1|ENSMUSG00000040867|Begain	chr12	109032186	109032410	-	Begain	224	58.04
N0578	1584	ENSMUST00000018851.13|ENSMUSG00000018707|Dync1h1	chr12	110666839	110666945	+	Dync1h1	106	55.66
N0579	1585	ENSMUST00000094361.10|ENSMUSG00000021270|Hsp90aa1	chr12	110690604	110691226	-	Hsp90aa1	622	45.18
N0580	1586	ENSMUST00000084974.10|ENSMUSG00000056458|Mok	chr12	110807797	110807892	-	Mok	95	37.89
N0581	1587	ENSMUST00000084968.13|ENSMUSG00000037896|Rcor1	chr12	111113120	111115901	+	Rcor1	2781	43.4
N0582	1589	ENSMUST00000223050.1|ENSMUSG00000021280|Exoc3l4	chr12	111431022	111431678	+	Exoc3l4	656	53.2
N0583	159	ENSMUST00000044977.9|ENSMUSG00000071253|Slc25a16	chr10	62944619	62946498	+	Slc25a16	1879	37.95
N0584	1590	ENSMUST00000174692.7|ENSMUSG00000021281|Tnfaip2	chr12	111451472	111453825	+	Tnfaip2	2353	50.11
N0585	1592	ENSMUST00000222757.1|ENSMUSG00000021282|Eif5	chr12	111540302	111544921	+	Eif5	4619	38.67
N0586	1593	ENSMUST00000222870.1|ENSMUSG00000007411|Mark3	chr12	111618487	111627234	+	Mark3	8747	42.32
N0587	1595	ENSMUST00000084947.9|ENSMUSG00000060950|Trmt61a	chr12	111683515	111683902	+	Trmt61a	387	55.56
N0588	1596	ENSMUST00000054636.6|ENSMUSG00000049792|Bag5	chr12	111709487	111709829	-	Bag5	342	38.89
N0589	1599	ENSMUST00000223184.1|ENSMUSG00000037686|Aspg	chr12	112116651	112121818	+	Aspg	5167	56.86
N0590	16	ENSMUST00000100070.4|ENSMUSG00000060487|Samd5	chr10	9622935	9627735	-	Samd5	4800	39.27
N0591	160	ENSMUST00000140743.7|ENSMUSG00000020069|Hnrnph3	chr10	63015427	63017973	-	Hnrnph3	2546	39.28
N0592	1600	ENSMUST00000128402.2|ENSMUSG00000021294|Kif26a	chr12	112181091	112181747	+	Kif26a	656	46.8
N0593	1601	ENSMUST00000066791.6|ENSMUSG00000054013|Tmem179	chr12	112500188	112501594	-	Tmem179	1406	56.26
N0594	1602	ENSMUST00000180015.8|ENSMUSG00000011148|Adssl1	chr12	112641158	112641360	+	Adssl1	202	33.17
N0595	1603	ENSMUST00000001780.9|ENSMUSG00000001729|Akt1	chr12	112653820	112654128	-	Akt1	308	53.57
N0596	1604	ENSMUST00000101018.10|ENSMUSG00000072825|Cep170b	chr12	112745060	112746592	+	Cep170b	1532	56.07
N0597	1605	ENSMUST00000063888.4|ENSMUSG00000052160|Pld4	chr12	112768783	112768990	+	Pld4	207	49.76
N0598	1606	ENSMUST00000128258.1|ENSMUSG00000072812|Ahnak2	chr12	112772193	112772516	-	Ahnak2	323	52.63
N0599	1607	ENSMUST00000037014.10|ENSMUSG00000037594|Clba1	chr12	112815981	112816252	+	Clba1	271	52.03
N0600	1609	ENSMUST00000075827.4|ENSMUSG00000002799|Jag2	chr12	112907818	112908725	-	Jag2	907	55.68
N0601	161	ENSMUST00000043317.6|ENSMUSG00000036764|Dnajc12	chr10	63408591	63410576	+	Dnajc12	1985	41.51
N0602	1610	ENSMUST00000221397.1|ENSMUSG00000002804|Nudt14	chr12	112934290	112934661	-	Nudt14	371	48.52
N0603	1611	ENSMUST00000011302.8|ENSMUSG00000011158|Brf1	chr12	112960084	112960172	-	Brf1	88	42.05
N0604	1612	ENSMUST00000223287.1|ENSMUSG00000002803|Btbd6	chr12	112977464	112977768	+	Btbd6	304	56.25
N0605	1613	ENSMUST00000009099.12|ENSMUSG00000021144|Mta1	chr12	113137007	113137206	+	Mta1	199	45.23
N0606	1615	ENSMUST00000200553.1|ENSMUSG00000006360|Crip1	chr12	113153825	113153879	+	Crip1	54	55.56
N0607	1616	ENSMUST00000058491.7|ENSMUSG00000049036|Tmem121	chr12	113189290	113189523	+	Tmem121	233	57.51
N0608	1617	ENSMUST00000177715.7|ENSMUSG00000076617|Ighm	chr12	113418557	113418677	-	Ighm	120	36.67
N0609	1618	ENSMUST00000220720.1|ENSMUSG00000021171|Esyt2	chr12	116342252	116372221	+	Esyt2	29969	39.96
N0610	1619	ENSMUST00000084828.4|ENSMUSG00000042029|Ncapg2	chr12	116461066	116461611	+	Ncapg2	545	42.02
N0611	162	ENSMUST00000105439.1|ENSMUSG00000042846|Lrrtm3	chr10	63928471	63929555	-	Lrrtm3	1084	35.89
N0612	1620	ENSMUST00000109691.3|ENSMUSG00000041992|Rapgef5	chr12	117756993	117759737	+	Rapgef5	2744	43.7
N0613	1621	ENSMUST00000021592.15|ENSMUSG00000021175|Cdca7l	chr12	117878378	117878706	+	Cdca7l	328	53.96
N0614	1622	ENSMUST00000026360.8|ENSMUSG00000025321|Itgb8	chr12	119158021	119160480	-	Itgb8	2459	30.7
N0615	1623	ENSMUST00000223396.1|ENSMUSG00000021218|Gdi2	chr13	3565647	3567871	+	Gdi2	2224	35.79
N0616	1624	ENSMUST00000096069.4|ENSMUSG00000033799|Tasor2	chr13	3566034	3566262	-	Tasor2	228	26.32
N0617	1625	ENSMUST00000042288.7|ENSMUSG00000033781|Asb13	chr13	3651600	3653822	+	Asb13	2222	45.27
N0618	1626	ENSMUST00000099946.5|ENSMUSG00000021215|Net1	chr13	3882017	3882774	-	Net1	757	38.71
N0619	1627	ENSMUST00000147180.1|ENSMUSG00000033715|Akr1c14	chr13	4081155	4088996	+	Akr1c14	7841	38.92
N0620	1628	ENSMUST00000091848.6|ENSMUSG00000045410|Akr1e1	chr13	4590749	4592963	-	Akr1e1	2214	41.42
N0621	1629	ENSMUST00000176098.7|ENSMUSG00000021147|Wdr37	chr13	8819862	8835272	-	Wdr37	15410	41.55
N0622	163	ENSMUST00000051446.15|ENSMUSG00000037876|Jmjd1c	chr10	67255685	67256326	+	Jmjd1c	641	28.55
N0623	1630	ENSMUST00000021574.7|ENSMUSG00000021149|Gtpbp4	chr13	8972479	8987755	-	Gtpbp4	15276	40.29
N0624	1631	ENSMUST00000091829.3|ENSMUSG00000033499|Larp4b	chr13	9172835	9174451	+	Larp4b	1616	41.65
N0625	1632	ENSMUST00000174552.7|ENSMUSG00000048264|Dip2c	chr13	9666656	9668928	+	Dip2c	2272	40.18
N0626	1633	ENSMUST00000221290.1|ENSMUSG00000021311|Mtr	chr13	12216879	12241506	-	Mtr	24627	43.54
N0627	1634	ENSMUST00000222091.1|ENSMUSG00000050244|Heatr1	chr13	12438825	12440289	+	Heatr1	1464	42.62
N0628	1635	ENSMUST00000124888.7|ENSMUSG00000057554|Lgals8	chr13	12439414	12439895	-	Lgals8	481	34.51
N0629	1636	ENSMUST00000071973.7|ENSMUSG00000057069|Ero1lb	chr13	12607297	12609528	+	Ero1lb	2231	41.73
N0630	1637	ENSMUST00000222958.1|ENSMUSG00000021306|Gpr137b	chr13	13357643	13374256	-	Gpr137b	16613	47.78
N0631	1638	ENSMUST00000005532.8|ENSMUSG00000005397|Nid1	chr13	13510232	13512269	+	Nid1	2037	40.65
N0632	1639	ENSMUST00000110559.2|ENSMUSG00000019726|Lyst	chr13	13777384	13778803	+	Lyst	1419	42.28
N0633	164	ENSMUST00000159002.1|ENSMUSG00000075000|Nrbf2	chr10	67267840	67269977	-	Nrbf2	2137	48.76
N0634	1640	ENSMUST00000021734.8|ENSMUSG00000021303|Gng4	chr13	13825558	13827896	+	Gng4	2338	45.51
N0635	1641	ENSMUST00000223483.1|ENSMUSG00000039242|B3galnt2	chr13	13980816	13997501	+	B3galnt2	16685	41.82
N0636	1642	ENSMUST00000159893.7|ENSMUSG00000039233|Tbce	chr13	13997948	14019611	-	Tbce	21663	43.34
N0637	1643	ENSMUST00000170957.2|ENSMUSG00000021302|Ggps1	chr13	14050658	14051848	-	Ggps1	1190	37.14
N0638	1644	ENSMUST00000222928.1|ENSMUSG00000039219|Arid4b	chr13	14143160	14155094	+	Arid4b	11934	36.81
N0639	1645	ENSMUST00000221168.1|ENSMUSG00000015671|Psma2	chr13	14625613	14674236	+	Psma2	48623	40.37
N0640	1646	ENSMUST00000038690.5|ENSMUSG00000039182|AW209491	chr13	14638029	14639096	+	AW209491	1067	38.52
N0641	1648	ENSMUST00000009003.8|ENSMUSG00000008859|Rala	chr13	17880570	17882230	-	Rala	1660	39.94
N0642	1649	ENSMUST00000099735.5|ENSMUSG00000075054|Yae1d1	chr13	17981329	17989052	-	Yae1d1	7723	40.31
N0643	1651	ENSMUST00000003345.9|ENSMUSG00000021314|Amph	chr13	19150660	19150921	+	Amph	261	43.68
N0644	1652	ENSMUST00000197565.2|ENSMUSG00000003062|Stard3nl	chr13	19357675	19358844	-	Stard3nl	1169	47.56
N0645	1654	ENSMUST00000222464.1|ENSMUSG00000021319|Sfrp4	chr13	19630520	19632994	+	Sfrp4	2474	39.85
N0646	1655	ENSMUST00000072519.6|ENSMUSG00000041112|Elmo1	chr13	20606372	20608353	+	Elmo1	1981	42.15
N0647	1656	ENSMUST00000021757.4|ENSMUSG00000021322|Aoah	chr13	21023543	21024252	+	Aoah	709	41.33
N0648	1657	ENSMUST00000222544.1|ENSMUSG00000021326|Trim27	chr13	21192773	21194724	+	Trim27	1951	41.31
N0649	1658	ENSMUST00000225545.1|ENSMUSG00000036721|Zscan12	chr13	21369682	21372289	+	Zscan12	2607	42.73
N0650	1659	ENSMUST00000117721.7|ENSMUSG00000021327|Zkscan3	chr13	21389292	21392176	-	Zkscan3	2884	43.55
N0651	1660	ENSMUST00000062609.5|ENSMUSG00000054931|Zkscan4	chr13	21485077	21485507	+	Zkscan4	430	39.3
N0652	1661	ENSMUST00000102977.3|ENSMUSG00000060639|H4c9	chr13	22040635	22040825	-	H4c9	190	38.95
N0653	1662	ENSMUST00000050101.8|ENSMUSG00000046351|Zfp322a	chr13	23353102	23355578	-	Zfp322a	2476	36.83
N0654	1663	ENSMUST00000041782.3|ENSMUSG00000036376|Abt1	chr13	23418360	23421729	-	Abt1	3369	44.58
N0655	1664	ENSMUST00000079251.7|ENSMUSG00000058385|H2bc8	chr13	23571961	23572013	+	H2bc8	52	44.23
N0656	1665	ENSMUST00000091704.6|ENSMUSG00000047246|H2bc6	chr13	23583669	23584947	-	H2bc6	1278	40.06
N0657	1666	ENSMUST00000171127.3|ENSMUSG00000069270|H2ac6	chr13	23681466	23683085	-	H2ac6	1619	41.88
N0658	1667	ENSMUST00000018246.5|ENSMUSG00000018102|H2bc4	chr13	23684760	23692908	+	H2bc4	8148	38.64
N0659	1668	ENSMUST00000151243.1|ENSMUSG00000006611|Hfe	chr13	23702033	23704048	-	Hfe	2015	42.73
N0660	1670	ENSMUST00000019276.11|ENSMUSG00000019132|BC005537	chr13	24813870	24816197	+	BC005537	2327	40.52
N0661	1671	ENSMUST00000021773.12|ENSMUSG00000021340|Gpld1	chr13	24990548	24992501	+	Gpld1	1953	47.98
N0662	1672	ENSMUST00000021772.3|ENSMUSG00000021339|Mrs2	chr13	24987482	24990035	-	Mrs2	2553	44.38
N0663	1673	ENSMUST00000069614.6|ENSMUSG00000035910|Dcdc2a	chr13	25205831	25210706	+	Dcdc2a	4875	40.23
N0664	1674	ENSMUST00000057866.12|ENSMUSG00000048978|Nrsn1	chr13	25252039	25253192	-	Nrsn1	1153	40.85
N0665	1675	ENSMUST00000067230.5|ENSMUSG00000076431|Sox4	chr13	28948918	28951490	-	Sox4	2572	40.32
N0666	1676	ENSMUST00000047311.15|ENSMUSG00000038732|Mboat1	chr13	30246351	30246717	+	Mboat1	366	37.16
N0667	1677	ENSMUST00000042834.3|ENSMUSG00000038462|Uqcrfs1	chr13	30540307	30540582	-	Uqcrfs1	275	29.09
N0668	1679	ENSMUST00000102946.7|ENSMUSG00000021357|Exoc2	chr13	30813918	30814284	-	Exoc2	366	33.61
N0669	168	ENSMUST00000020099.12|ENSMUSG00000019942|Cdk1	chr10	69335145	69338349	-	Cdk1	3204	47.6
N0670	1680	ENSMUST00000170573.1|ENSMUSG00000090863|A530084C06Rik	chr13	31556133	31558374	-	A530084C06Rik	2241	53.68
N0671	1681	ENSMUST00000042118.10|ENSMUSG00000038415|Foxq1	chr13	31560386	31560976	+	Foxq1	590	38.64
N0672	1682	ENSMUST00000042054.2|ENSMUSG00000038402|Foxf2	chr13	31631065	31631403	+	Foxf2	338	38.17
N0673	1683	ENSMUST00000062292.4|ENSMUSG00000050295|Foxc1	chr13	31809428	31812476	+	Foxc1	3048	50.0
N0674	1684	ENSMUST00000179717.1|ENSMUSG00000038372|Gmds	chr13	32225231	32227141	-	Gmds	1910	33.09
N0675	1685	ENSMUST00000076352.7|ENSMUSG00000044734|Serpinb1a	chr13	32842091	32842669	-	Serpinb1a	578	40.14
N0676	1686	ENSMUST00000017184.9|ENSMUSG00000042842|Serpinb6b	chr13	32978423	32979062	+	Serpinb6b	639	36.46
N0677	1687	ENSMUST00000063191.13|ENSMUSG00000045827|Serpinb9	chr13	33016621	33017957	+	Serpinb9	1336	38.32
N0678	1688	ENSMUST00000058978.8|ENSMUSG00000046949|Nqo2	chr13	33987595	33988443	+	Nqo2	848	41.16
N0679	1689	ENSMUST00000167374.8|ENSMUSG00000021408|Ripk1	chr13	34034815	34037147	+	Ripk1	2332	42.75
N0680	169	ENSMUST00000046807.6|ENSMUSG00000037762|Slc16a9	chr10	70284872	70285968	+	Slc16a9	1096	40.15
N0681	1690	ENSMUST00000075774.4|ENSMUSG00000045136|Tubb2b	chr13	34126747	34127314	-	Tubb2b	567	35.98
N0682	1691	ENSMUST00000145038.7|ENSMUSG00000038267|Slc22a23	chr13	34204019	34298892	-	Slc22a23	94873	44.78
N0683	1692	ENSMUST00000125037.2|ENSMUSG00000021411|Pxdc1	chr13	34627840	34638120	-	Pxdc1	10280	47.19
N0684	1693	ENSMUST00000160905.1|ENSMUSG00000021415|4933417A18Rik	chr13	34953112	34955875	+	4933417A18Rik	2763	45.53
N0685	1694	ENSMUST00000225537.1|ENSMUSG00000050423|Ppp1r3g	chr13	35969998	35970388	+	Ppp1r3g	390	46.92
N0686	1695	ENSMUST00000053265.7|ENSMUSG00000046573|Lyrm4	chr13	35978394	35979621	-	Lyrm4	1227	45.48
N0687	1696	ENSMUST00000224323.1|ENSMUSG00000039114|Nrn1	chr13	36725360	36725848	-	Nrn1	488	40.16
N0688	1697	ENSMUST00000037491.9|ENSMUSG00000039109|F13a1	chr13	36867177	36868335	-	F13a1	1158	39.29
N0689	1698	ENSMUST00000021860.6|ENSMUSG00000021423|Ly86	chr13	37418797	37419036	+	Ly86	239	34.73
N0690	1699	ENSMUST00000021864.7|ENSMUSG00000021427|Ssr1	chr13	37971400	37978299	-	Ssr1	6899	44.34
N0691	170	ENSMUST00000173042.8|ENSMUSG00000043259|Fam13c	chr10	70557880	70558736	+	Fam13c	856	32.59
N0692	1700	ENSMUST00000171970.2|ENSMUSG00000039004|Bmp6	chr13	38499894	38500302	+	Bmp6	408	40.44
N0693	1702	ENSMUST00000035899.7|ENSMUSG00000038982|Bloc1s5	chr13	38598840	38602911	-	Bloc1s5	4071	43.23
N0694	1703	ENSMUST00000001757.8|ENSMUSG00000001707|Eef1e1	chr13	38644206	38645854	-	Eef1e1	1648	43.93
N0695	1704	ENSMUST00000225461.1|ENSMUSG00000021432|Slc35b3	chr13	38932304	38942942	-	Slc35b3	10638	43.27
N0696	1705	ENSMUST00000067778.7|ENSMUSG00000021360|Gcnt2	chr13	40958490	40960892	+	Gcnt2	2402	45.13
N0697	1706	ENSMUST00000046951.9|ENSMUSG00000038683|Pak1ip1	chr13	41012897	41013015	+	Pak1ip1	118	29.66
N0698	1707	ENSMUST00000021790.6|ENSMUSG00000021361|Tmem14c	chr13	41022345	41022586	+	Tmem14c	241	52.28
N0699	1708	ENSMUST00000021793.14|ENSMUSG00000021364|Elovl2	chr13	41182380	41184669	-	Elovl2	2289	42.07
N0700	1709	ENSMUST00000165561.3|ENSMUSG00000091264|Smim13	chr13	41272914	41276577	+	Smim13	3663	39.01
N0701	171	ENSMUST00000046513.9|ENSMUSG00000037747|Phyhipl	chr10	70557681	70558887	-	Phyhipl	1206	33.5
N0702	1710	ENSMUST00000021794.13|ENSMUSG00000021365|Nedd9	chr13	41309580	41310210	-	Nedd9	630	37.94
N0703	1711	ENSMUST00000129449.2|ENSMUSG00000087370|Tmem170b	chr13	41634734	41641355	+	Tmem170b	6621	39.81
N0704	1712	ENSMUST00000220801.1|ENSMUSG00000021366|Hivep1	chr13	42184896	42192537	+	Hivep1	7641	39.54
N0705	1713	ENSMUST00000021796.8|ENSMUSG00000021367|Edn1	chr13	42307113	42307990	+	Edn1	877	39.68
N0706	1714	ENSMUST00000148891.7|ENSMUSG00000054728|Phactr1	chr13	43135337	43138526	+	Phactr1	3189	50.17
N0707	1715	ENSMUST00000220645.1|ENSMUSG00000054021|Sirt5	chr13	43376967	43380553	+	Sirt5	3586	46.12
N0708	1716	ENSMUST00000222754.1|ENSMUSG00000063200|Nol7	chr13	43403689	43407097	+	Nol7	3408	38.73
N0709	1717	ENSMUST00000222239.1|ENSMUSG00000038546|Ranbp9	chr13	43419578	43425016	-	Ranbp9	5438	38.98
N0710	1718	ENSMUST00000021800.5|ENSMUSG00000021371|Mcur1	chr13	43538392	43540388	-	Mcur1	1996	41.53
N0711	1719	ENSMUST00000059986.2|ENSMUSG00000044164|Rnf182	chr13	43668866	43670945	+	Rnf182	2079	44.78
N0712	172	ENSMUST00000131445.7|ENSMUSG00000014329|Bicc1	chr10	70925101	70927590	-	Bicc1	2489	45.64
N0713	1720	ENSMUST00000015540.3|ENSMUSG00000015396|Cd83	chr13	43801894	43803132	+	Cd83	1238	44.83
N0714	1721	ENSMUST00000173003.1|ENSMUSG00000038518|Jarid2	chr13	44874498	44896481	+	Jarid2	21983	41.51
N0715	1722	ENSMUST00000222990.1|ENSMUSG00000057531|Dtnbp1	chr13	44922074	44970021	-	Dtnbp1	47947	43.81
N0716	1723	ENSMUST00000038275.10|ENSMUSG00000038175|Mylip	chr13	45410875	45412022	+	Mylip	1147	41.41
N0717	1724	ENSMUST00000000260.12|ENSMUSG00000000253|Gmpr	chr13	45546214	45546382	+	Gmpr	168	60.12
N0718	1725	ENSMUST00000037923.4|ENSMUSG00000038132|Rbm24	chr13	46429622	46431095	+	Rbm24	1473	39.31
N0719	1727	ENSMUST00000099547.3|ENSMUSG00000069237|Fam8a1	chr13	46675804	46678056	+	Fam8a1	2252	37.39
N0720	1728	ENSMUST00000021803.9|ENSMUSG00000021374|Nup153	chr13	46679904	46680295	-	Nup153	391	32.99
N0721	1729	ENSMUST00000056978.7|ENSMUSG00000021375|Kif13a	chr13	46749086	46750347	-	Kif13a	1261	42.74
N0722	173	ENSMUST00000092430.10|ENSMUSG00000003923|Tfam	chr10	71225463	71228152	-	Tfam	2689	41.5
N0723	1730	ENSMUST00000052747.3|ENSMUSG00000044231|Nhlrc1	chr13	47012556	47012950	-	Nhlrc1	394	44.92
N0724	1732	ENSMUST00000037025.15|ENSMUSG00000038080|Kdm1b	chr13	47084377	47085279	+	Kdm1b	902	32.93
N0725	1733	ENSMUST00000068891.11|ENSMUSG00000038068|Rnf144b	chr13	47246201	47247991	+	Rnf144b	1790	44.19
N0726	1734	ENSMUST00000021810.2|ENSMUSG00000021379|Id4	chr13	48264076	48266026	+	Id4	1950	36.72
N0727	1735	ENSMUST00000223025.1|ENSMUSG00000038042|Ptpdc1	chr13	48585969	48590246	-	Ptpdc1	4277	45.62
N0728	1737	ENSMUST00000060805.6|ENSMUSG00000038014|Fam120a	chr13	48879218	48880647	-	Fam120a	1429	34.92
N0729	1738	ENSMUST00000049022.14|ENSMUSG00000037966|Ninj1	chr13	49195196	49196244	+	Ninj1	1048	56.3
N0730	1739	ENSMUST00000048544.13|ENSMUSG00000037933|Bicd2	chr13	49383500	49387019	+	Bicd2	3519	47.37
N0731	174	ENSMUST00000020085.6|ENSMUSG00000019927|Ube2d1	chr10	71254979	71255399	-	Ube2d1	420	35.95
N0732	1740	ENSMUST00000222404.1|ENSMUSG00000113255|Tes3-ps	chr13	49494661	49496589	+	Tes3-ps	1928	33.82
N0733	1741	ENSMUST00000051504.7|ENSMUSG00000043631|Ecm2	chr13	49531579	49532789	+	Ecm2	1210	36.94
N0734	1742	ENSMUST00000021820.13|ENSMUSG00000021388|Aspn	chr13	49567259	49567565	+	Aspn	306	29.08
N0735	1743	ENSMUST00000221170.1|ENSMUSG00000048368|Omd	chr13	49592535	49592822	+	Omd	287	36.24
N0736	1744	ENSMUST00000021822.6|ENSMUSG00000021390|Ogn	chr13	49623518	49624501	+	Ogn	983	33.27
N0737	1745	ENSMUST00000171510.1|ENSMUSG00000037851|Iars	chr13	49709773	49711781	+	Iars	2008	44.27
N0738	1747	ENSMUST00000087978.4|ENSMUSG00000067586|S1pr3	chr13	51421853	51422797	+	S1pr3	944	47.99
N0739	1748	ENSMUST00000223543.2|ENSMUSG00000021448|Shc3	chr13	51431040	51431107	-	Shc3	67	56.72
N0740	1749	ENSMUST00000075853.5|ENSMUSG00000062248|Cks2	chr13	51650537	51650660	+	Cks2	123	29.27
N0741	1750	ENSMUST00000110040.8|ENSMUSG00000021451|Sema4d	chr13	51701245	51702402	-	Sema4d	1157	43.65
N0742	1751	ENSMUST00000021903.2|ENSMUSG00000021453|Gadd45g	chr13	51848212	51848468	+	Gadd45g	256	62.11
N0743	1752	ENSMUST00000057442.7|ENSMUSG00000047842|Diras2	chr13	52504379	52507305	-	Diras2	2926	45.49
N0744	1753	ENSMUST00000120135.7|ENSMUSG00000021457|Syk	chr13	52646783	52648792	+	Syk	2009	51.12
N0745	1754	ENSMUST00000071065.7|ENSMUSG00000056749|Nfil3	chr13	52967208	52967329	-	Nfil3	121	43.8
N0746	1755	ENSMUST00000130235.7|ENSMUSG00000021464|Ror2	chr13	53109311	53109687	-	Ror2	376	36.17
N0747	1756	ENSMUST00000021920.7|ENSMUSG00000021468|Sptlc1	chr13	53332747	53333457	-	Sptlc1	710	40.85
N0748	1757	ENSMUST00000021930.9|ENSMUSG00000021474|Sfxn1	chr13	54106751	54108342	+	Sfxn1	1591	40.85
N0749	1758	ENSMUST00000026985.8|ENSMUSG00000025867|Cplx2	chr13	54379857	54383917	+	Cplx2	4060	52.96
N0750	1759	ENSMUST00000026990.5|ENSMUSG00000025872|Thoc3	chr13	54458836	54459925	-	Thoc3	1089	47.57
N0751	176	ENSMUST00000141984.1|ENSMUSG00000060733|Ipmk	chr10	71383983	71433180	+	Ipmk	49197	44.63
N0752	1760	ENSMUST00000138869.1|ENSMUSG00000043183|Simc1	chr13	54537291	54539856	+	Simc1	2565	43.78
N0753	1762	ENSMUST00000142246.1|ENSMUSG00000025870|Arl10	chr13	54579292	54579537	+	Arl10	245	49.39
N0754	1763	ENSMUST00000149462.1|ENSMUSG00000025869|Nop16	chr13	54585238	54589662	-	Nop16	4424	45.16
N0755	1765	ENSMUST00000091609.10|ENSMUSG00000047547|Cltb	chr13	54592400	54593699	-	Cltb	1299	45.03
N0756	1766	ENSMUST00000153894.1|ENSMUSG00000025873|Faf2	chr13	54650341	54655521	+	Faf2	5180	46.25
N0757	1767	ENSMUST00000177950.7|ENSMUSG00000034928|Rnf44	chr13	54679398	54681600	-	Rnf44	2202	50.41
N0758	1769	ENSMUST00000036825.13|ENSMUSG00000034891|Sncb	chr13	54758859	54759091	-	Sncb	232	63.36
N0759	177	ENSMUST00000020081.10|ENSMUSG00000019923|Zwint	chr10	72657534	72674964	+	Zwint	17430	39.24
N0760	1770	ENSMUST00000026993.13|ENSMUSG00000025875|Tspan17	chr13	54796425	54796776	+	Tspan17	351	57.55
N0761	1771	ENSMUST00000026994.13|ENSMUSG00000025876|Unc5a	chr13	55005448	55006018	+	Unc5a	570	61.23
N0762	1772	ENSMUST00000132309.7|ENSMUSG00000025877|Hk3	chr13	55005991	55010696	-	Hk3	4705	52.31
N0763	1773	ENSMUST00000148702.7|ENSMUSG00000025878|Uimc1	chr13	55028194	55060173	-	Uimc1	31979	39.93
N0764	1774	ENSMUST00000162476.7|ENSMUSG00000021481|Zfp346	chr13	55122515	55132755	+	Zfp346	10240	45.0
N0765	1775	ENSMUST00000099490.2|ENSMUSG00000021488|Nsd1	chr13	55313925	55318325	+	Nsd1	4400	45.43
N0766	1778	ENSMUST00000021941.7|ENSMUSG00000021485|Mxd3	chr13	55325167	55325564	-	Mxd3	397	48.11
N0767	1779	ENSMUST00000021940.7|ENSMUSG00000021484|Lman2	chr13	55343832	55345583	-	Lman2	1751	47.63
N0768	178	ENSMUST00000037813.4|ENSMUSG00000040009|Gnaz	chr10	75015710	75016907	+	Gnaz	1197	45.03
N0769	1780	ENSMUST00000063771.13|ENSMUSG00000052087|Rgs14	chr13	55384464	55384687	+	Rgs14	223	49.78
N0770	1781	ENSMUST00000225925.1|ENSMUSG00000074886|Grk6	chr13	55460490	55460925	+	Grk6	435	51.72
N0771	1782	ENSMUST00000109923.8|ENSMUSG00000034675|Dbn1	chr13	55473428	55473952	-	Dbn1	524	49.43
N0772	1783	ENSMUST00000155098.7|ENSMUSG00000021493|Pdlim7	chr13	55495794	55498499	-	Pdlim7	2705	50.54
N0773	1785	ENSMUST00000100764.9|ENSMUSG00000021504|B4galt7	chr13	55609838	55610443	+	B4galt7	605	43.47
N0774	1786	ENSMUST00000021963.4|ENSMUSG00000021501|Caml	chr13	55632165	55632411	+	Caml	246	41.06
N0775	1787	ENSMUST00000172272.7|ENSMUSG00000021500|Ddx46	chr13	55678979	55681256	+	Ddx46	2277	40.58
N0776	1788	ENSMUST00000057844.9|ENSMUSG00000045767|B230219D22Rik	chr13	55700187	55703500	+	B230219D22Rik	3313	37.58
N0777	179	ENSMUST00000147802.8|ENSMUSG00000020175|Rab36	chr10	75052754	75054748	+	Rab36	1994	51.4
N0778	1790	ENSMUST00000016081.12|ENSMUSG00000015937|Macroh2a1	chr13	56073618	56073896	-	Macroh2a1	278	35.97
N0779	1791	ENSMUST00000169652.2|ENSMUSG00000049625|Tifab	chr13	56173703	56175183	-	Tifab	1480	49.12
N0780	1792	ENSMUST00000224801.1|ENSMUSG00000021508|Cxcl14	chr13	56288642	56289277	-	Cxcl14	635	50.71
N0781	1793	ENSMUST00000225600.1|ENSMUSG00000035493|Tgfbi	chr13	56637313	56639562	+	Tgfbi	2249	50.42
N0782	1795	ENSMUST00000185502.6|ENSMUSG00000056222|Spock1	chr13	57426093	57428977	-	Spock1	2884	44.52
N0783	1796	ENSMUST00000007980.6|ENSMUSG00000007836|Hnrnpa0	chr13	58125878	58127247	-	Hnrnpa0	1369	37.47
N0784	1797	ENSMUST00000058735.11|ENSMUSG00000005312|Ubqln1	chr13	58176155	58177637	-	Ubqln1	1482	39.47
N0785	1799	ENSMUST00000022032.6|ENSMUSG00000021550|2210016F16Rik	chr13	58379816	58381458	-	2210016F16Rik	1642	45.62
N0786	18	ENSMUST00000129456.7|ENSMUSG00000047648|Fbxo30	chr10	11295986	11298052	+	Fbxo30	2066	32.48
N0787	180	ENSMUST00000164107.2|ENSMUSG00000009681|Bcr	chr10	75182563	75184921	+	Bcr	2358	52.59
N0788	1800	ENSMUST00000225031.1|ENSMUSG00000021546|Hnrnpk	chr13	58394757	58396730	-	Hnrnpk	1973	37.91
N0789	1801	ENSMUST00000042450.9|ENSMUSG00000035367|Rmi1	chr13	58409948	58411148	+	Rmi1	1200	40.92
N0790	1802	ENSMUST00000223636.1|ENSMUSG00000055254|Ntrk2	chr13	58878329	58986149	+	Ntrk2	107820	45.1
N0791	1803	ENSMUST00000169745.7|ENSMUSG00000021557|Agtpbp1	chr13	59449879	59514068	-	Agtpbp1	64189	43.89
N0792	1804	ENSMUST00000164011.7|ENSMUSG00000021555|Naa35	chr13	59612815	59617944	+	Naa35	5129	40.98
N0793	1805	ENSMUST00000022039.6|ENSMUSG00000021556|Golm1	chr13	59634625	59635318	-	Golm1	693	42.42
N0794	1806	ENSMUST00000225581.1|ENSMUSG00000114763|Gm49354	chr13	59758934	59762609	-	Gm49354	3675	46.94
N0795	1807	ENSMUST00000065086.5|ENSMUSG00000052957|Gas1	chr13	60174404	60175399	-	Gas1	995	36.48
N0796	1808	ENSMUST00000224789.1|ENSMUSG00000021559|Dapk1	chr13	60716840	60721777	+	Dapk1	4937	45.72
N0797	1809	ENSMUST00000225802.1|ENSMUSG00000114432|Gm49391	chr13	60895349	60896540	-	Gm49391	1191	41.14
N0798	181	ENSMUST00000105421.9|ENSMUSG00000033444|Specc1l	chr10	75310027	75312743	+	Specc1l	2716	50.48
N0799	1810	ENSMUST00000224054.1|ENSMUSG00000044258|Ctla2a	chr13	60934816	60935329	-	Ctla2a	513	44.44
N0800	1811	ENSMUST00000223247.1|ENSMUSG00000113450|Gm49359	chr13	62453471	62454563	-	Gm49359	1092	35.35
N0801	1813	ENSMUST00000201563.3|ENSMUSG00000072066|6720489N17Rik	chr13	62603012	62603885	-	6720489N17Rik	873	35.85
N0802	1814	ENSMUST00000073029.12|ENSMUSG00000021461|Fancc	chr13	63304711	63312254	-	Fancc	7543	50.09
N0803	1816	ENSMUST00000222570.1|ENSMUSG00000021482|Prxl2c	chr13	64289796	64291327	-	Prxl2c	1531	39.39
N0804	1817	ENSMUST00000222517.1|ENSMUSG00000021477|Ctsl	chr13	64359336	64363937	-	Ctsl	4601	41.71
N0805	1818	ENSMUST00000155487.7|ENSMUSG00000038212|Mfsd14b	chr13	65064662	65065404	-	Mfsd14b	742	32.88
N0806	1819	ENSMUST00000130799.7|ENSMUSG00000021514|Zfp369	chr13	65304096	65304221	+	Zfp369	125	28.8
N0807	182	ENSMUST00000105420.2|ENSMUSG00000020178|Adora2a	chr10	75334316	75334784	+	Adora2a	468	55.34
N0808	1820	ENSMUST00000173910.1|ENSMUSG00000021519|Mterf3	chr13	66917073	66928057	-	Mterf3	10984	39.55
N0809	1821	ENSMUST00000224244.1|ENSMUSG00000021518|Ptdss1	chr13	66956593	66998126	+	Ptdss1	41533	42.33
N0810	1822	ENSMUST00000181071.7|ENSMUSG00000078994|Zfp429	chr13	67389308	67390122	-	Zfp429	814	40.54
N0811	1823	ENSMUST00000171518.7|ENSMUSG00000071291|Zfp58	chr13	67490166	67490442	-	Zfp58	276	44.2
N0812	1824	ENSMUST00000167914.1|ENSMUSG00000097565|Gm26965	chr13	67491151	67494549	-	Gm26965	3398	36.7
N0813	1825	ENSMUST00000181892.8|ENSMUSG00000095432|Zfp748	chr13	67538640	67539860	-	Zfp748	1220	36.48
N0814	1826	ENSMUST00000073157.14|ENSMUSG00000071281|Zfp65	chr13	67705308	67706302	-	Zfp65	994	34.0
N0815	1827	ENSMUST00000223101.1|ENSMUSG00000034617|Mtrr	chr13	68561362	68564319	-	Mtrr	2957	46.6
N0816	1828	ENSMUST00000223319.1|ENSMUSG00000021532|Fastkd3	chr13	68589389	68592336	+	Fastkd3	2947	46.05
N0817	1829	ENSMUST00000022007.7|ENSMUSG00000021534|1700001L19Rik	chr13	68613169	68614231	+	1700001L19Rik	1062	43.13
N0818	1830	ENSMUST00000022013.7|ENSMUSG00000021536|Adcy2	chr13	68620042	68620414	-	Adcy2	372	46.51
N0819	1832	ENSMUST00000022087.6|ENSMUSG00000021595|Nsun2	chr13	69634160	69635780	+	Nsun2	1620	48.64
N0820	1833	ENSMUST00000091514.5|ENSMUSG00000021594|Srd5a1	chr13	69573448	69574789	-	Srd5a1	1341	47.35
N0821	1834	ENSMUST00000065118.6|ENSMUSG00000052981|Ube2ql1	chr13	69702831	69703174	-	Ube2ql1	343	43.73
N0822	1835	ENSMUST00000022089.9|ENSMUSG00000021598|Med10	chr13	69815867	69816104	+	Med10	237	45.99
N0823	1836	ENSMUST00000147407.1|ENSMUSG00000021606|Ndufs6	chr13	73319878	73327415	-	Ndufs6	7537	46.92
N0824	1837	ENSMUST00000022098.9|ENSMUSG00000021607|Mrpl36	chr13	73331937	73332178	+	Mrpl36	241	44.4
N0825	1838	ENSMUST00000123766.7|ENSMUSG00000021608|Lpcat1	chr13	73489133	73516422	+	Lpcat1	27289	47.34
N0826	184	ENSMUST00000051129.9|ENSMUSG00000046807|Lrrc75b	chr10	75550124	75551873	-	Lrrc75b	1749	46.83
N0827	1840	ENSMUST00000022051.13|ENSMUSG00000021567|Nkd2	chr13	73818533	73819774	-	Nkd2	1241	49.4
N0828	1841	ENSMUST00000222156.1|ENSMUSG00000021569|Trip13	chr13	73912457	73919994	-	Trip13	7537	44.71
N0829	1842	ENSMUST00000022057.8|ENSMUSG00000021573|Tppp	chr13	74031563	74035753	+	Tppp	4190	45.63
N0830	1843	ENSMUST00000222213.1|ENSMUSG00000034152|Exoc3	chr13	74193269	74199455	-	Exoc3	6186	39.02
N0831	1844	ENSMUST00000022060.6|ENSMUSG00000021576|Pdcd6	chr13	74303508	74303758	-	Pdcd6	250	31.6
N0832	1847	ENSMUST00000022064.4|ENSMUSG00000021579|Lrrc14b	chr13	74359577	74360604	-	Lrrc14b	1027	42.75
N0833	1848	ENSMUST00000202645.3|ENSMUSG00000069208|Zfp825	chr13	74480053	74480269	-	Zfp825	216	47.69
N0834	1849	ENSMUST00000169114.2|ENSMUSG00000021583|Erap1	chr13	74691143	74693201	+	Erap1	2058	37.46
N0835	185	ENSMUST00000095541.10|ENSMUSG00000006342|Susd2	chr10	75636705	75637016	-	Susd2	311	52.09
N0836	1850	ENSMUST00000222588.1|ENSMUSG00000021585|Cast	chr13	74692367	74693492	-	Cast	1125	38.04
N0837	1851	ENSMUST00000220572.1|ENSMUSG00000001542|Ell2	chr13	75756534	75761942	+	Ell2	5408	37.39
N0838	1852	ENSMUST00000223120.1|ENSMUSG00000021591|Glrx	chr13	75847434	75850154	+	Glrx	2720	44.15
N0839	1853	ENSMUST00000220939.1|ENSMUSG00000021589|Rhobtb3	chr13	75877384	75902094	-	Rhobtb3	24710	39.92
N0840	1854	ENSMUST00000223579.2|ENSMUSG00000021592|Arsk	chr13	76074902	76091639	-	Arsk	16737	41.0
N0841	1855	ENSMUST00000125209.7|ENSMUSG00000021596|Mctp1	chr13	77030627	77031810	+	Mctp1	1183	31.53
N0842	1856	ENSMUST00000162921.7|ENSMUSG00000021597|Slf1	chr13	77100922	77105717	-	Slf1	4795	33.01
N0843	1857	ENSMUST00000091458.12|ENSMUSG00000069171|Nr2f1	chr13	78188972	78189584	-	Nr2f1	612	30.72
N0844	1858	ENSMUST00000159690.7|ENSMUSG00000074794|Arrdc3	chr13	80891662	80896035	+	Arrdc3	4373	36.84
N0845	1859	ENSMUST00000223862.1|ENSMUSG00000035762|Tmem161b	chr13	84284203	84295858	+	Tmem161b	11655	37.87
N0846	186	ENSMUST00000172820.1|ENSMUSG00000001666|Ddt	chr10	75771229	75771285	-	Ddt	56	44.64
N0847	1860	ENSMUST00000022030.10|ENSMUSG00000021548|Ccnh	chr13	85212926	85213723	+	Ccnh	797	30.24
N0848	1861	ENSMUST00000109552.2|ENSMUSG00000021549|Rasa1	chr13	85214779	85215402	-	Rasa1	623	29.53
N0849	1862	ENSMUST00000078764.8|ENSMUSG00000017778|Cox7c	chr13	86044815	86045604	-	Cox7c	789	32.07
N0850	1863	ENSMUST00000081769.12|ENSMUSG00000034488|Edil3	chr13	89322304	89323223	+	Edil3	919	28.29
N0851	1864	ENSMUST00000022108.8|ENSMUSG00000021613|Hapln1	chr13	89609048	89611652	+	Hapln1	2604	32.68
N0852	1866	ENSMUST00000224449.1|ENSMUSG00000021619|Atg10	chr13	90935868	91022504	-	Atg10	86636	40.25
N0853	1867	ENSMUST00000022121.12|ENSMUSG00000021621|Zcchc9	chr13	91796532	91796859	-	Zcchc9	327	31.8
N0854	1868	ENSMUST00000191550.6|ENSMUSG00000014850|Msh3	chr13	92211881	92349095	-	Msh3	137214	42.63
N0855	1869	ENSMUST00000022218.5|ENSMUSG00000021707|Dhfr	chr13	92385528	92389053	+	Dhfr	3525	41.67
N0856	187	ENSMUST00000174187.1|ENSMUSG00000001665|Gstt3	chr10	75776753	75778007	-	Gstt3	1254	53.11
N0857	1870	ENSMUST00000225299.1|ENSMUSG00000034334|Fam151b	chr13	92449624	92467944	-	Fam151b	18320	41.73
N0858	1871	ENSMUST00000022217.8|ENSMUSG00000021706|Zfyve16	chr13	92487107	92488060	-	Zfyve16	953	28.75
N0859	1872	ENSMUST00000049488.8|ENSMUSG00000021703|Serinc5	chr13	92708479	92711947	+	Serinc5	3468	44.78
N0860	1874	ENSMUST00000091403.5|ENSMUSG00000042082|Arsb	chr13	93941369	93943016	+	Arsb	1647	43.47
N0861	1875	ENSMUST00000054274.7|ENSMUSG00000045312|Lhfpl2	chr13	94193463	94195409	+	Lhfpl2	1946	43.78
N0862	1876	ENSMUST00000022197.14|ENSMUSG00000021687|Scamp1	chr13	94201309	94203772	-	Scamp1	2463	37.92
N0863	1877	ENSMUST00000022196.4|ENSMUSG00000021686|Ap3b1	chr13	94565990	94566317	+	Ap3b1	327	39.76
N0864	1878	ENSMUST00000056512.13|ENSMUSG00000042015|Wdr41	chr13	95022583	95023314	+	Wdr41	731	48.02
N0865	1879	ENSMUST00000221807.1|ENSMUSG00000041995|Zbed3	chr13	95337138	95337841	+	Zbed3	703	46.66
N0866	1880	ENSMUST00000022189.8|ENSMUSG00000021681|Aggf1	chr13	95350682	95351161	-	Aggf1	479	34.03
N0867	1881	ENSMUST00000059193.6|ENSMUSG00000048376|F2r	chr13	95601802	95603583	-	F2r	1781	38.35
N0868	1882	ENSMUST00000068603.7|ENSMUSG00000021676|Iqgap2	chr13	95627173	95627565	-	Iqgap2	392	33.42
N0869	1883	ENSMUST00000220449.1|ENSMUSG00000114133|Gm20075	chr13	96079215	96080525	-	Gm20075	1310	37.79
N0870	1884	ENSMUST00000099295.5|ENSMUSG00000021671|Poc5	chr13	96415405	96417737	+	Poc5	2332	44.17
N0871	1885	ENSMUST00000168855.1|ENSMUSG00000021670|Hmgcr	chr13	96650275	96652636	-	Hmgcr	2361	46.42
N0872	1886	ENSMUST00000071118.6|ENSMUSG00000057762|Gm6169	chr13	97098207	97098476	-	Gm6169	269	42.75
N0873	1887	ENSMUST00000073456.8|ENSMUSG00000060739|Nsa2	chr13	97129423	97131012	-	Nsa2	1589	34.3
N0874	1888	ENSMUST00000022169.9|ENSMUSG00000021665|Hexb	chr13	97176330	97176380	-	Hexb	50	56.0
N0875	1889	ENSMUST00000040972.3|ENSMUSG00000041747|Utp15	chr13	98246844	98248387	-	Utp15	1543	41.28
N0876	189	ENSMUST00000220440.1|ENSMUSG00000033318|Gstt2	chr10	75831113	75831636	-	Gstt2	523	36.71
N0877	1890	ENSMUST00000091356.10|ENSMUSG00000021661|Ankra2	chr13	98273032	98273918	+	Ankra2	886	38.37
N0878	1891	ENSMUST00000022163.14|ENSMUSG00000021660|Btf3	chr13	98309895	98310006	-	Btf3	111	32.43
N0879	1892	ENSMUST00000105098.5|ENSMUSG00000078302|Foxd1	chr13	98356448	98359305	+	Foxd1	2857	43.44
N0880	1893	ENSMUST00000099277.11|ENSMUSG00000041685|Fcho2	chr13	98723402	98755079	-	Fcho2	31677	37.96
N0881	1894	ENSMUST00000109399.8|ENSMUSG00000009470|Tnpo1	chr13	98839018	98846307	-	Tnpo1	7289	37.49
N0882	1895	ENSMUST00000056558.9|ENSMUSG00000050919|Zfp366	chr13	99246750	99250656	+	Zfp366	3906	45.65
N0883	1896	ENSMUST00000022153.7|ENSMUSG00000021650|Ptcd2	chr13	99319646	99319924	-	Ptcd2	278	50.36
N0884	1897	ENSMUST00000052249.6|ENSMUSG00000041632|Mrps27	chr13	99415272	99415562	+	Mrps27	290	52.76
N0885	1898	ENSMUST00000064762.5|ENSMUSG00000052727|Map1b	chr13	99421445	99425657	-	Map1b	4212	41.67
N0886	1899	ENSMUST00000129014.1|ENSMUSG00000021643|Serf1	chr13	100114185	100114571	+	Serf1	386	36.79
N0887	19	ENSMUST00000042861.6|ENSMUSG00000039232|Stx11	chr10	12938208	12940220	-	Stx11	2012	40.85
N0888	190	ENSMUST00000009236.5|ENSMUSG00000009092|Derl3	chr10	75895611	75895941	+	Derl3	330	55.45
N0889	1900	ENSMUST00000134842.7|ENSMUSG00000021639|Gtf2h2	chr13	100468807	100480474	-	Gtf2h2	11667	38.11
N0890	1901	ENSMUST00000069756.10|ENSMUSG00000021638|Ocln	chr13	100496506	100497986	-	Ocln	1480	34.8
N0891	1902	ENSMUST00000226050.1|ENSMUSG00000021635|Rad17	chr13	100617285	100636846	-	Rad17	19561	39.03
N0892	1903	ENSMUST00000190729.1|ENSMUSG00000078941|Ak6	chr13	100655727	100656058	+	Ak6	331	35.65
N0893	1904	ENSMUST00000190594.1|ENSMUSG00000052293|Taf9	chr13	100655993	100656060	+	Taf9	67	31.34
N0894	1905	ENSMUST00000057325.14|ENSMUSG00000048924|Ccdc125	chr13	100696635	100697240	+	Ccdc125	605	39.67
N0895	1906	ENSMUST00000091299.7|ENSMUSG00000069089|Cdk7	chr13	100702630	100703329	-	Cdk7	699	41.2
N0896	1907	ENSMUST00000109333.7|ENSMUSG00000061474|Mrps36	chr13	100735954	100736107	-	Mrps36	153	32.03
N0897	1908	ENSMUST00000072119.14|ENSMUSG00000041431|Ccnb1	chr13	100778649	100779026	-	Ccnb1	377	40.58
N0898	1909	ENSMUST00000225086.1|ENSMUSG00000021629|Slc30a5	chr13	100802656	100812574	-	Slc30a5	9918	39.74
N0899	191	ENSMUST00000140388.1|ENSMUSG00000000902|Smarcb1	chr10	75897527	75910127	-	Smarcb1	12600	46.78
N0900	1910	ENSMUST00000055518.12|ENSMUSG00000041417|Pik3r1	chr13	101680562	101683972	-	Pik3r1	3410	41.06
N0901	1911	ENSMUST00000239261.1|ENSMUSG00000034751|Mast4	chr13	102732490	102734853	-	Mast4	2363	42.36
N0902	1912	ENSMUST00000210836.1|ENSMUSG00000032621|Srek1	chr13	103752667	103758185	-	Srek1	5518	41.57
N0903	1913	ENSMUST00000022222.11|ENSMUSG00000021709|Erbin	chr13	103818786	103820550	-	Erbin	1764	33.79
N0904	1914	ENSMUST00000109315.4|ENSMUSG00000021710|Nln	chr13	104023056	104024797	-	Nln	1741	40.21
N0905	1915	ENSMUST00000044385.13|ENSMUSG00000042743|Sgtb	chr13	104140949	104141735	+	Sgtb	786	46.06
N0906	1916	ENSMUST00000144060.7|ENSMUSG00000021711|Trappc13	chr13	104142148	104143486	-	Trappc13	1338	38.12
N0907	1917	ENSMUST00000069187.11|ENSMUSG00000021712|Trim23	chr13	104202622	104203372	+	Trim23	750	28.4
N0908	1918	ENSMUST00000022228.12|ENSMUSG00000021715|Cwc27	chr13	104631139	104631427	-	Cwc27	288	33.68
N0909	1919	ENSMUST00000063551.6|ENSMUSG00000021719|Rgs7bp	chr13	104945903	104951342	-	Rgs7bp	5439	37.75
N0910	192	ENSMUST00000132869.1|ENSMUSG00000000901|Mmp11	chr10	75923221	75923570	-	Mmp11	349	46.7
N0911	1920	ENSMUST00000224052.1|ENSMUSG00000021692|Dimt1	chr13	106949918	106952409	+	Dimt1	2491	41.95
N0912	1921	ENSMUST00000022204.15|ENSMUSG00000021693|Kif2a	chr13	106958995	106960722	-	Kif2a	1727	33.82
N0913	1922	ENSMUST00000095458.5|ENSMUSG00000071180|Smim15	chr13	108048782	108049172	+	Smim15	390	30.77
N0914	1923	ENSMUST00000225550.1|ENSMUSG00000021696|Elovl7	chr13	108270787	108284073	+	Elovl7	13286	40.01
N0915	1924	ENSMUST00000167824.2|ENSMUSG00000021700|Rab3c	chr13	110054186	110060409	-	Rab3c	6223	40.59
N0916	1925	ENSMUST00000022212.8|ENSMUSG00000021701|Plk2	chr13	110400599	110400844	+	Plk2	245	37.55
N0917	1926	ENSMUST00000136471.8|ENSMUSG00000032745|Gpbp1	chr13	111426157	111448834	-	Gpbp1	22677	35.61
N0918	1927	ENSMUST00000184276.7|ENSMUSG00000021756|Il6st	chr13	112495372	112504545	+	Il6st	9173	43.81
N0919	1928	ENSMUST00000052514.5|ENSMUSG00000047789|Slc38a9	chr13	112732852	112738749	+	Slc38a9	5897	44.82
N0920	1929	ENSMUST00000016144.11|ENSMUSG00000021759|Plpp1	chr13	112867716	112867894	+	Plpp1	178	35.39
N0921	193	ENSMUST00000061617.6|ENSMUSG00000049764|Zfp280b	chr10	76040277	76043234	+	Zfp280b	2957	44.4
N0922	1930	ENSMUST00000022281.4|ENSMUSG00000016018|Mtrex	chr13	112867417	112867794	-	Mtrex	377	43.5
N0923	1931	ENSMUST00000224176.1|ENSMUSG00000042426|Dhx29	chr13	112940590	112941729	+	Dhx29	1139	38.19
N0924	1932	ENSMUST00000231962.1|ENSMUSG00000021760|Gpx8	chr13	113042752	113043004	-	Gpx8	252	37.3
N0925	1933	ENSMUST00000109241.4|ENSMUSG00000042364|Snx18	chr13	113592178	113593730	-	Snx18	1552	39.88
N0926	1934	ENSMUST00000225707.1|ENSMUSG00000021764|Ndufs4	chr13	114288647	114316681	-	Ndufs4	28034	39.74
N0927	1935	ENSMUST00000184245.7|ENSMUSG00000015536|Mocs2	chr13	114828808	114832275	+	Mocs2	3467	39.05
N0928	1936	ENSMUST00000061673.8|ENSMUSG00000042284|Itga1	chr13	114953095	114959388	-	Itga1	6293	40.43
N0929	1937	ENSMUST00000224495.1|ENSMUSG00000114470|Gm49395	chr13	115035272	115088525	-	Gm49395	53253	40.29
N0930	1938	ENSMUST00000226107.1|ENSMUSG00000021725|Parp8	chr13	116854960	116894635	-	Parp8	39675	39.35
N0931	1939	ENSMUST00000022242.8|ENSMUSG00000021728|Emb	chr13	117273858	117274415	+	Emb	557	34.47
N0932	194	ENSMUST00000128099.7|ENSMUSG00000020230|Prmt2	chr10	76207231	76217313	-	Prmt2	10082	48.49
N0933	1940	ENSMUST00000022245.9|ENSMUSG00000021731|Mrps30	chr13	118378380	118380204	-	Mrps30	1824	36.9
N0934	1941	ENSMUST00000223268.1|ENSMUSG00000116207|Nnt	chr13	119335527	119335885	-	Nnt	358	34.92
N0935	1942	ENSMUST00000132304.9|ENSMUSG00000025451|Paip1	chr13	119447929	119457319	+	Paip1	9390	36.84
N0936	1943	ENSMUST00000224188.1|ENSMUSG00000093930|Hmgcs1	chr13	119707792	119708260	+	Hmgcs1	468	36.11
N0937	1944	ENSMUST00000178142.1|ENSMUSG00000095930|Nim1k	chr13	119710093	119711897	-	Nim1k	1804	45.84
N0938	1945	ENSMUST00000112797.11|ENSMUSG00000096039|D830030K20Rik	chr14	3233885	3234351	+	D830030K20Rik	466	37.34
N0939	1946	ENSMUST00000180934.7|ENSMUSG00000093887|Gm3033	chr14	3855384	3856085	+	Gm3033	701	41.94
N0940	1947	ENSMUST00000052678.8|ENSMUSG00000025278|Flnb	chr14	7951188	7951588	+	Flnb	400	52.5
N0941	1948	ENSMUST00000166497.8|ENSMUSG00000025277|Abhd6	chr14	8055801	8056763	+	Abhd6	962	43.87
N0942	195	ENSMUST00000036387.7|ENSMUSG00000033208|S100b	chr10	76260865	76261159	+	S100b	294	45.92
N0943	1950	ENSMUST00000022268.9|ENSMUSG00000021748|Pdhb	chr14	8165995	8166187	-	Pdhb	192	39.06
N0944	1951	ENSMUST00000022272.13|ENSMUSG00000021752|Kctd6	chr14	8223234	8223563	+	Kctd6	329	38.3
N0945	1953	ENSMUST00000161302.7|ENSMUSG00000060579|Fhit	chr14	9550091	9550244	-	Fhit	153	41.18
N0946	1954	ENSMUST00000142917.7|ENSMUSG00000021745|Ptprg	chr14	12122192	12238564	+	Ptprg	116372	43.9
N0947	1955	ENSMUST00000223583.1|ENSMUSG00000056296|Synpr	chr14	13615257	13616340	+	Synpr	1083	42.75
N0948	1956	ENSMUST00000022257.3|ENSMUSG00000021738|Atxn7	chr14	14105565	14107302	+	Atxn7	1737	33.62
N0949	1957	ENSMUST00000163937.2|ENSMUSG00000045201|Lrrc3b	chr14	15357514	15357676	-	Lrrc3b	162	30.25
N0950	1958	ENSMUST00000022310.6|ENSMUSG00000021785|Ngly1	chr14	16311313	16311926	+	Ngly1	613	30.67
N0951	1959	ENSMUST00000017629.11|ENSMUSG00000017485|Top2b	chr14	16432267	16435462	+	Top2b	3195	43.54
N0952	196	ENSMUST00000162524.1|ENSMUSG00000020231|Dip2a	chr10	76259428	76264472	-	Dip2a	5044	46.39
N0953	1960	ENSMUST00000223576.1|ENSMUSG00000017491|Rarb	chr14	16435096	16508893	-	Rarb	73797	44.06
N0954	1961	ENSMUST00000022304.9|ENSMUSG00000021779|Thrb	chr14	18036433	18038090	+	Thrb	1657	37.48
N0955	1962	ENSMUST00000090543.5|ENSMUSG00000021775|Nr1d2	chr14	18204053	18206156	-	Nr1d2	2103	33.86
N0956	1963	ENSMUST00000080281.13|ENSMUSG00000012405|Rpl15	chr14	18267822	18268862	-	Rpl15	1040	36.73
N0957	1966	ENSMUST00000176555.7|ENSMUSG00000058317|Ube2e2	chr14	18573574	18586798	-	Ube2e2	13224	42.29
N0958	1967	ENSMUST00000022340.4|ENSMUSG00000021806|Nid2	chr14	19811527	19811787	+	Nid2	260	43.46
N0959	1969	ENSMUST00000160013.7|ENSMUSG00000043004|Gng2	chr14	19872558	19875579	-	Gng2	3021	40.28
N0960	197	ENSMUST00000049185.5|ENSMUSG00000033126|Ybey	chr10	76459566	76462190	-	Ybey	2624	47.64
N0961	1970	ENSMUST00000059666.5|ENSMUSG00000045107|Saysd1	chr14	20075635	20077139	-	Saysd1	1504	41.09
N0962	1971	ENSMUST00000024011.9|ENSMUSG00000023243|Kcnk5	chr14	20140056	20140962	-	Kcnk5	906	52.32
N0963	1972	ENSMUST00000223955.1|ENSMUSG00000021810|Ecd	chr14	20337008	20338128	-	Ecd	1120	40.98
N0964	1973	ENSMUST00000225834.1|ENSMUSG00000039599|Fam149b	chr14	20356581	20383489	+	Fam149b	26908	43.04
N0965	1974	ENSMUST00000022345.6|ENSMUSG00000021811|Dnajc9	chr14	20384637	20385104	-	Dnajc9	467	37.69
N0966	1975	ENSMUST00000061444.4|ENSMUSG00000049960|Mrps16	chr14	20389303	20391178	-	Mrps16	1875	44.05
N0967	1976	ENSMUST00000065504.16|ENSMUSG00000021814|Anxa7	chr14	20455259	20456312	-	Anxa7	1053	41.12
N0968	1977	ENSMUST00000159027.7|ENSMUSG00000021816|Ppp3cb	chr14	20499363	20500153	-	Ppp3cb	790	31.14
N0969	1978	ENSMUST00000035340.13|ENSMUSG00000034235|Usp54	chr14	20548911	20549550	-	Usp54	639	43.66
N0970	1979	ENSMUST00000224876.1|ENSMUSG00000039367|Sec24c	chr14	20683462	20683934	+	Sec24c	472	45.55
N0971	198	ENSMUST00000218881.1|ENSMUSG00000001150|Mcm3ap	chr10	76484825	76489367	+	Mcm3ap	4542	45.62
N0972	1981	ENSMUST00000226072.1|ENSMUSG00000063787|Chchd1	chr14	20703467	20704425	+	Chchd1	958	43.11
N0973	1982	ENSMUST00000224129.1|ENSMUSG00000021819|Zswim8	chr14	20711898	20712308	+	Zswim8	410	54.39
N0974	1983	ENSMUST00000225419.1|ENSMUSG00000039308|Ndst2	chr14	20723982	20726993	-	Ndst2	3011	48.65
N0975	1987	ENSMUST00000069648.13|ENSMUSG00000021767|Kat6b	chr14	21671815	21672478	+	Kat6b	663	33.79
N0976	1988	ENSMUST00000022293.13|ENSMUSG00000021771|Vdac2	chr14	21845406	21845879	+	Vdac2	473	36.58
N0977	1989	ENSMUST00000124549.8|ENSMUSG00000021773|Comtd1	chr14	21845854	21847126	-	Comtd1	1272	49.61
N0978	199	ENSMUST00000048678.6|ENSMUSG00000033105|Lss	chr10	76553655	76555479	+	Lss	1824	48.41
N0979	1990	ENSMUST00000043409.8|ENSMUSG00000039081|Zfp503	chr14	21983958	21984621	-	Zfp503	663	32.28
N0980	1991	ENSMUST00000223718.1|ENSMUSG00000025280|Polr3a	chr14	24448704	24469254	-	Polr3a	20550	47.59
N0981	1992	ENSMUST00000162645.7|ENSMUSG00000007817|Zmiz1	chr14	25664491	25666743	+	Zmiz1	2252	46.14
N0982	1995	ENSMUST00000022416.14|ENSMUSG00000021866|Anxa11	chr14	25886576	25886804	+	Anxa11	228	43.86
N0983	1996	ENSMUST00000052286.15|ENSMUSG00000095304|Plac9a	chr14	25887505	25888272	-	Plac9a	767	45.5
N0984	1997	ENSMUST00000185006.8|ENSMUSG00000072676|Tmem254a	chr14	25923299	25924346	-	Tmem254a	1047	43.36
N0985	1998	ENSMUST00000184915.7|ENSMUSG00000094800|Gm9780	chr14	26027281	26028048	-	Gm9780	767	46.15
N0986	2	ENSMUST00000045730.6|ENSMUSG00000038587|Akap12	chr10	4358079	4359470	+	Akap12	1391	41.77
N0987	20	ENSMUST00000105139.4|ENSMUSG00000078348|Sf3b5	chr10	13009031	13009183	+	Sf3b5	152	44.74
N0988	200	ENSMUST00000105413.7|ENSMUSG00000020241|Col6a2	chr10	76597834	76599277	-	Col6a2	1443	51.07
N0989	2000	ENSMUST00000184142.7|ENSMUSG00000072674|Plac9b	chr14	26167404	26167751	-	Plac9b	347	50.43
N0990	2001	ENSMUST00000037585.8|ENSMUSG00000040818|Dennd6a	chr14	26631555	26634322	+	Dennd6a	2767	40.91
N0991	2002	ENSMUST00000166075.7|ENSMUSG00000021877|Arf4	chr14	26647082	26656801	+	Arf4	9719	38.43
N0992	2003	ENSMUST00000052932.9|ENSMUSG00000043702|Pde12	chr14	26659957	26665194	-	Pde12	5237	36.49
N0993	2004	ENSMUST00000036570.4|ENSMUSG00000040760|Appl1	chr14	26918987	26922976	-	Appl1	3989	38.26
N0994	2005	ENSMUST00000224981.1|ENSMUSG00000021895|Arhgef3	chr14	27402127	27403911	+	Arhgef3	1784	43.5
N0995	2006	ENSMUST00000223689.1|ENSMUSG00000046753|Ccdc66	chr14	27481089	27482252	-	Ccdc66	1163	31.73
N0996	2007	ENSMUST00000063465.11|ENSMUSG00000021994|Wnt5a	chr14	28525255	28527448	+	Wnt5a	2193	39.49
N0997	2008	ENSMUST00000224797.1|ENSMUSG00000015971|Actr8	chr14	29994142	30006354	+	Actr8	12212	47.41
N0998	2009	ENSMUST00000112210.10|ENSMUSG00000021948|Prkcd	chr14	30595353	30595662	-	Prkcd	309	30.74
N0999	201	ENSMUST00000001147.4|ENSMUSG00000001119|Col6a1	chr10	76708791	76709118	-	Col6a1	327	46.79
N1000	2010	ENSMUST00000228686.1|ENSMUSG00000052395|Rft1	chr14	30677844	30691317	+	Rft1	13473	45.52
N1001	2011	ENSMUST00000054230.11|ENSMUSG00000006527|Sfmbt1	chr14	30818884	30822721	+	Sfmbt1	3837	40.37
N1002	2012	ENSMUST00000040715.7|ENSMUSG00000042485|Mustn1	chr14	30881249	30881610	+	Mustn1	361	50.14
N1003	2013	ENSMUST00000228328.1|ENSMUSG00000021918|Nek4	chr14	30988244	30988821	+	Nek4	577	45.23
N1004	2014	ENSMUST00000228767.1|ENSMUSG00000021917|Spcs1	chr14	30999825	31000558	-	Spcs1	733	38.2
N1005	2015	ENSMUST00000022476.8|ENSMUSG00000021916|Glt8d1	chr14	31011823	31011991	+	Glt8d1	168	43.45
N1006	2016	ENSMUST00000136237.7|ENSMUSG00000042323|Pbrm1	chr14	31074982	31118966	+	Pbrm1	43984	39.8
N1007	2017	ENSMUST00000170268.1|ENSMUSG00000091898|Tnnc1	chr14	31211457	31211636	+	Tnnc1	179	54.75
N1008	2018	ENSMUST00000100730.9|ENSMUSG00000021892|Sh3bp5	chr14	31373784	31374222	-	Sh3bp5	438	34.47
N1009	2019	ENSMUST00000055303.4|ENSMUSG00000021891|Mettl6	chr14	31476819	31479056	-	Mettl6	2237	45.46
N1010	202	ENSMUST00000001148.10|ENSMUSG00000001120|Pcbp3	chr10	76761856	76762140	-	Pcbp3	284	53.17
N1011	2020	ENSMUST00000022446.6|ENSMUSG00000021890|Eaf1	chr14	31506765	31509858	+	Eaf1	3093	43.74
N1012	2021	ENSMUST00000167175.7|ENSMUSG00000115022|Gm49387	chr14	31552904	31614203	-	Gm49387	61299	46.3
N1013	2022	ENSMUST00000090147.6|ENSMUSG00000021900|Btd	chr14	31668061	31668579	+	Btd	518	47.88
N1014	2023	ENSMUST00000227878.1|ENSMUSG00000014496|Ankrd28	chr14	31727643	31734919	-	Ankrd28	7276	36.21
N1015	2024	ENSMUST00000112001.8|ENSMUSG00000021905|Dph3	chr14	32080568	32084902	-	Dph3	4334	42.99
N1016	2025	ENSMUST00000164868.7|ENSMUSG00000021906|Oxnad1	chr14	32099726	32103202	+	Oxnad1	3476	42.69
N1017	2026	ENSMUST00000168334.7|ENSMUSG00000056234|Ncoa4	chr14	32172997	32179855	+	Ncoa4	6858	40.04
N1018	2027	ENSMUST00000163379.1|ENSMUSG00000013701|Timm23	chr14	32180506	32193318	-	Timm23	12812	40.25
N1019	2028	ENSMUST00000170129.7|ENSMUSG00000021911|Parg	chr14	32214650	32297220	+	Parg	82570	38.65
N1020	2029	ENSMUST00000039191.7|ENSMUSG00000041707|Tmem273	chr14	32817653	32817984	+	Tmem273	331	44.41
N1021	203	ENSMUST00000081654.12|ENSMUSG00000001435|Col18a1	chr10	77052177	77052529	-	Col18a1	352	49.72
N1022	2030	ENSMUST00000053175.12|ENSMUSG00000050666|Vstm4	chr14	32938780	32939491	+	Vstm4	711	43.46
N1023	2031	ENSMUST00000111956.8|ENSMUSG00000063506|Arhgap22	chr14	33369760	33369934	+	Arhgap22	174	56.9
N1024	2032	ENSMUST00000168727.2|ENSMUSG00000021943|Gdf10	chr14	33935027	33937983	+	Gdf10	2956	46.92
N1025	2033	ENSMUST00000035351.6|ENSMUSG00000041479|Syt15	chr14	34229046	34230420	+	Syt15	1374	46.8
N1026	2035	ENSMUST00000023826.4|ENSMUSG00000023064|Sncg	chr14	34370273	34370396	-	Sncg	123	44.72
N1027	2036	ENSMUST00000111908.2|ENSMUSG00000041445|Mmrn2	chr14	34403577	34404287	+	Mmrn2	710	42.54
N1028	2037	ENSMUST00000049005.14|ENSMUSG00000021796|Bmpr1a	chr14	34410733	34413416	-	Bmpr1a	2683	36.75
N1029	2038	ENSMUST00000048263.13|ENSMUSG00000041408|Wapl	chr14	34746083	34747983	+	Wapl	1900	34.53
N1030	204	ENSMUST00000126073.7|ENSMUSG00000020262|Adarb1	chr10	77290726	77321648	-	Adarb1	30922	47.02
N1031	2040	ENSMUST00000022337.10|ENSMUSG00000021803|Cdhr1	chr14	37077856	37079251	-	Cdhr1	1395	45.02
N1032	2041	ENSMUST00000165649.3|ENSMUSG00000041028|Ghitm	chr14	37120091	37121017	-	Ghitm	926	37.26
N1033	2042	ENSMUST00000047652.5|ENSMUSG00000037824|Tspan14	chr14	40906444	40906861	-	Tspan14	417	38.37
N1034	2043	ENSMUST00000022317.14|ENSMUSG00000021792|Prxl2a	chr14	40993739	40994173	-	Prxl2a	434	42.17
N1035	2044	ENSMUST00000095959.1|ENSMUSG00000071489|Ptgdr	chr14	44851234	44852961	-	Ptgdr	1727	38.56
N1036	2045	ENSMUST00000227315.1|ENSMUSG00000021831|Ero1l	chr14	45301908	45305180	-	Ero1l	3272	38.11
N1037	2046	ENSMUST00000228311.1|ENSMUSG00000053205|Styx	chr14	45378486	45422820	+	Styx	44334	42.79
N1038	2047	ENSMUST00000046191.8|ENSMUSG00000037722|Gnpnat1	chr14	45376333	45377641	-	Gnpnat1	1308	33.56
N1039	2049	ENSMUST00000149286.8|ENSMUSG00000037697|Ddhd1	chr14	45594725	45620671	-	Ddhd1	25946	42.75
N1040	205	ENSMUST00000045454.8|ENSMUSG00000032977|Fam207a	chr10	77486660	77487773	-	Fam207a	1113	52.56
N1041	2050	ENSMUST00000015903.11|ENSMUSG00000015759|Cnih1	chr14	46775566	46775971	-	Cnih1	405	31.36
N1042	2051	ENSMUST00000111817.7|ENSMUSG00000062014|Gmfb	chr14	46808148	46810536	-	Gmfb	2388	38.65
N1043	2052	ENSMUST00000089959.6|ENSMUSG00000037580|Gch1	chr14	47153894	47155649	-	Gch1	1755	44.05
N1044	2053	ENSMUST00000164235.2|ENSMUSG00000021840|Mapk1ip1l	chr14	47319571	47323204	+	Mapk1ip1l	3633	41.81
N1045	2054	ENSMUST00000142734.7|ENSMUSG00000050335|Lgals3	chr14	47385828	47386160	+	Lgals3	332	50.3
N1046	2056	ENSMUST00000189986.6|ENSMUSG00000021843|Ktn1	chr14	47667456	47736564	+	Ktn1	69108	39.68
N1047	2057	ENSMUST00000226828.1|ENSMUSG00000021846|Peli2	chr14	48240418	48258691	+	Peli2	18273	45.61
N1048	2058	ENSMUST00000153765.7|ENSMUSG00000036339|Tmem260	chr14	48474117	48512135	+	Tmem260	38018	43.12
N1049	2059	ENSMUST00000162175.8|ENSMUSG00000061244|Exoc5	chr14	49004089	49012558	-	Exoc5	8469	36.3
N1050	206	ENSMUST00000161789.7|ENSMUSG00000009291|Pttg1ip	chr10	77589742	77593899	+	Pttg1ip	4157	50.97
N1051	2060	ENSMUST00000227410.1|ENSMUSG00000036291|Ap5m1	chr14	49074194	49087365	+	Ap5m1	13171	39.03
N1052	2061	ENSMUST00000136995.1|ENSMUSG00000036282|Naa30	chr14	49180868	49187890	+	Naa30	7022	38.42
N1053	2062	ENSMUST00000036972.13|ENSMUSG00000036242|Armh4	chr14	49675951	49681913	-	Armh4	5962	38.8
N1054	2063	ENSMUST00000228440.1|ENSMUSG00000006288|Ttc5	chr14	50773276	50775261	-	Ttc5	1985	43.73
N1055	2064	ENSMUST00000227810.1|ENSMUSG00000036023|Parp2	chr14	50817470	50819471	+	Parp2	2001	40.53
N1056	2065	ENSMUST00000227271.1|ENSMUSG00000090799|Klhl33	chr14	50888581	50891240	-	Klhl33	2659	43.32
N1057	2066	ENSMUST00000160393.7|ENSMUSG00000006289|Osgep	chr14	50906477	50915710	-	Osgep	9233	45.79
N1058	2068	ENSMUST00000178092.1|ENSMUSG00000115338|Pnp	chr14	50951845	50965237	+	Pnp	13392	44.52
N1059	207	ENSMUST00000020501.14|ENSMUSG00000020265|Sumo3	chr10	77617207	77618331	+	Sumo3	1124	45.11
N1060	2070	ENSMUST00000080126.3|ENSMUSG00000035896|Rnase1	chr14	51144997	51145297	-	Rnase1	300	40.33
N1061	2071	ENSMUST00000168217.7|ENSMUSG00000004561|Mettl17	chr14	51885556	51889584	+	Mettl17	4028	44.76
N1062	2073	ENSMUST00000183208.7|ENSMUSG00000004562|Arhgef40	chr14	51998230	52005633	+	Arhgef40	7403	48.87
N1063	2074	ENSMUST00000226522.1|ENSMUSG00000049295|Zfp219	chr14	52006076	52006329	-	Zfp219	253	52.57
N1064	2076	ENSMUST00000022766.7|ENSMUSG00000016831|Tox4	chr14	52294288	52296401	+	Tox4	2113	40.8
N1065	2077	ENSMUST00000122962.2|ENSMUSG00000022160|Mettl3	chr14	52297204	52299700	-	Mettl3	2496	42.51
N1066	2078	ENSMUST00000135523.4|ENSMUSG00000049532|Sall2	chr14	52311171	52312573	-	Sall2	1402	46.5
N1067	2079	ENSMUST00000022781.7|ENSMUSG00000022174|Dad1	chr14	54235478	54242589	-	Dad1	7111	45.73
N1068	208	ENSMUST00000174113.7|ENSMUSG00000112241|Gm49325	chr10	77630894	77641543	+	Gm49325	10649	47.4
N1069	2080	ENSMUST00000239403.1|ENSMUSG00000040997|Abhd4	chr14	54268707	54269169	+	Abhd4	462	51.52
N1070	2081	ENSMUST00000000985.6|ENSMUSG00000000959|Oxa1l	chr14	54368599	54369673	+	Oxa1l	1074	48.79
N1071	2082	ENSMUST00000000984.8|ENSMUSG00000000958|Slc7a7	chr14	54369441	54369637	-	Slc7a7	196	47.45
N1072	2083	ENSMUST00000132227.8|ENSMUSG00000023110|Prmt5	chr14	54511205	54513290	-	Prmt5	2085	48.63
N1073	2084	ENSMUST00000022784.8|ENSMUSG00000022177|Haus4	chr14	54541784	54541925	-	Haus4	141	32.62
N1074	2085	ENSMUST00000054487.9|ENSMUSG00000022178|Ajuba	chr14	54567471	54568782	-	Ajuba	1311	48.82
N1075	2086	ENSMUST00000022786.5|ENSMUSG00000022179|4931414P19Rik	chr14	54583662	54584128	-	4931414P19Rik	466	47.21
N1076	2087	ENSMUST00000126166.7|ENSMUSG00000022185|Acin1	chr14	54642160	54642385	-	Acin1	225	42.22
N1077	2088	ENSMUST00000038539.7|ENSMUSG00000040822|1700123O20Rik	chr14	54690447	54690741	+	1700123O20Rik	294	39.46
N1078	2089	ENSMUST00000022787.7|ENSMUSG00000022180|Slc7a8	chr14	54722208	54723945	-	Slc7a8	1737	51.58
N1079	209	ENSMUST00000174510.7|ENSMUSG00000009293|Ube2g2	chr10	77645471	77645993	+	Ube2g2	522	48.28
N1080	2090	ENSMUST00000081162.5|ENSMUSG00000057156|Homez	chr14	54852735	54855771	-	Homez	3036	41.11
N1081	2091	ENSMUST00000172695.1|ENSMUSG00000022194|Pabpn1	chr14	54895923	54898056	+	Pabpn1	2133	46.46
N1082	2092	ENSMUST00000231305.1|ENSMUSG00000022199|Slc22a17	chr14	54906730	54907518	-	Slc22a17	788	56.98
N1083	2093	ENSMUST00000227587.1|ENSMUSG00000022203|Efs	chr14	54920005	54920827	-	Efs	822	57.54
N1084	2094	ENSMUST00000037814.7|ENSMUSG00000040759|Cmtm5	chr14	54939194	54939273	+	Cmtm5	79	54.43
N1085	2095	ENSMUST00000036328.8|ENSMUSG00000040721|Zfhx2	chr14	55060261	55061952	-	Zfhx2	1691	45.42
N1086	2096	ENSMUST00000050575.8|ENSMUSG00000045691|Thtpa	chr14	55097743	55098986	+	Thtpa	1243	50.12
N1087	2097	ENSMUST00000022819.12|ENSMUSG00000022208|Jph4	chr14	55106825	55108163	-	Jph4	1338	50.75
N1088	2098	ENSMUST00000022821.7|ENSMUSG00000022210|Dhrs4	chr14	55490081	55490340	+	Dhrs4	259	49.81
N1089	2099	ENSMUST00000226519.1|ENSMUSG00000040618|Pck2	chr14	55548907	55551242	+	Pck2	2335	44.15
N1090	21	ENSMUST00000121646.7|ENSMUSG00000019817|Plagl1	chr10	13129252	13131694	+	Plagl1	2442	35.67
N1091	210	ENSMUST00000057608.4|ENSMUSG00000051652|Lrrc3	chr10	77897574	77899979	-	Lrrc3	2405	51.89
N1092	2100	ENSMUST00000150019.7|ENSMUSG00000022214|Dcaf11	chr14	55567400	55570064	+	Dcaf11	2664	49.02
N1093	2101	ENSMUST00000174419.1|ENSMUSG00000022216|Psme1	chr14	55581204	55581529	+	Psme1	325	51.38
N1094	2102	ENSMUST00000227708.1|ENSMUSG00000047098|Rnf31	chr14	55603472	55603673	+	Rnf31	201	51.74
N1095	2103	ENSMUST00000134863.7|ENSMUSG00000002325|Irf9	chr14	55609272	55610030	+	Irf9	758	43.8
N1096	2104	ENSMUST00000148351.7|ENSMUSG00000002319|Ipo4	chr14	55625633	55634014	-	Ipo4	8381	54.22
N1097	2105	ENSMUST00000156420.8|ENSMUSG00000115232|Gm49378	chr14	55629075	55636070	-	Gm49378	6995	53.72
N1098	2106	ENSMUST00000149726.7|ENSMUSG00000002320|Tm9sf1	chr14	55636015	55637821	-	Tm9sf1	1806	44.02
N1099	2107	ENSMUST00000002400.6|ENSMUSG00000002329|Mdp1	chr14	55657878	55658159	-	Mdp1	281	48.75
N1100	2108	ENSMUST00000227250.1|ENSMUSG00000010376|Nedd8	chr14	55662263	55662431	-	Nedd8	168	48.81
N1101	2109	ENSMUST00000002397.6|ENSMUSG00000002326|Gmpr2	chr14	55678575	55679200	+	Gmpr2	625	45.76
N1102	211	ENSMUST00000105398.1|ENSMUSG00000020284|Cfap410	chr10	77985300	77986905	+	Cfap410	1605	54.58
N1103	2110	ENSMUST00000227061.1|ENSMUSG00000040472|Rabggta	chr14	55715415	55716048	-	Rabggta	633	45.97
N1104	2111	ENSMUST00000002403.9|ENSMUSG00000002332|Dhrs1	chr14	55739019	55739135	-	Dhrs1	116	28.45
N1105	2113	ENSMUST00000001497.8|ENSMUSG00000022219|Cideb	chr14	55754049	55754284	-	Cideb	235	45.11
N1106	2114	ENSMUST00000022830.13|ENSMUSG00000022221|Ripk3	chr14	55784994	55785048	-	Ripk3	54	59.26
N1107	2115	ENSMUST00000172271.8|ENSMUSG00000023411|Nfatc4	chr14	55832987	55833941	+	Nfatc4	954	53.04
N1108	2116	ENSMUST00000168479.2|ENSMUSG00000075592|Nynrin	chr14	55873108	55874736	+	Nynrin	1628	53.38
N1109	2117	ENSMUST00000226273.1|ENSMUSG00000022223|Sdr39u1	chr14	55898296	55899095	-	Sdr39u1	799	48.31
N1110	2118	ENSMUST00000161553.1|ENSMUSG00000054509|Parp4	chr14	56659580	56659794	+	Parp4	214	35.98
N1111	2119	ENSMUST00000116468.1|ENSMUSG00000079184|Mphosph8	chr14	56697320	56697430	+	Mphosph8	110	33.64
N1112	212	ENSMUST00000218383.1|ENSMUSG00000020277|Pfkl	chr10	77999892	78001310	-	Pfkl	1418	55.57
N1113	2120	ENSMUST00000168575.1|ENSMUSG00000021938|Pspc1	chr14	56748857	56764054	-	Pspc1	15197	40.28
N1114	2121	ENSMUST00000225699.1|ENSMUSG00000040123|Zmym5	chr14	56793327	56796603	-	Zmym5	3276	41.82
N1115	2122	ENSMUST00000022511.9|ENSMUSG00000021945|Zmym2	chr14	56960363	56962701	+	Zmym2	2338	36.44
N1116	2123	ENSMUST00000055698.7|ENSMUSG00000046352|Gjb2	chr14	57098599	57099246	-	Gjb2	647	39.72
N1117	2124	ENSMUST00000039380.8|ENSMUSG00000040055|Gjb6	chr14	57123302	57123700	-	Gjb6	398	35.18
N1118	2125	ENSMUST00000022517.8|ENSMUSG00000021947|Cryl1	chr14	57274992	57275260	-	Cryl1	268	41.79
N1119	2126	ENSMUST00000089494.5|ENSMUSG00000050222|Il17d	chr14	57542817	57543166	+	Il17d	349	43.27
N1120	2127	ENSMUST00000174694.7|ENSMUSG00000114942|Gm49361	chr14	57642076	57648353	-	Gm49361	6277	36.24
N1121	2128	ENSMUST00000128764.8|ENSMUSG00000021963|Sap18	chr14	57803214	57806638	+	Sap18	3424	43.14
N1122	2129	ENSMUST00000022538.4|ENSMUSG00000021967|Mrpl57	chr14	57826973	57829296	+	Mrpl57	2323	38.66
N1123	213	ENSMUST00000105393.2|ENSMUSG00000000732|Icosl	chr10	78078116	78079525	+	Icosl	1409	51.74
N1124	2130	ENSMUST00000089473.4|ENSMUSG00000021969|Zdhhc20	chr14	57832702	57835179	-	Zdhhc20	2477	37.71
N1125	2131	ENSMUST00000022543.9|ENSMUSG00000021973|Micu2	chr14	57916260	57916700	-	Micu2	440	40.68
N1126	2132	ENSMUST00000174009.7|ENSMUSG00000035469|Rcbtb1	chr14	59217845	59235525	+	Rcbtb1	17680	43.07
N1127	2133	ENSMUST00000166121.3|ENSMUSG00000091649|Phf11b	chr14	59320963	59321168	-	Phf11b	205	42.93
N1128	2134	ENSMUST00000095157.10|ENSMUSG00000068245|Phf11d	chr14	59347406	59348864	-	Phf11d	1458	39.85
N1129	2135	ENSMUST00000022553.5|ENSMUSG00000021981|Cab39l	chr14	59548383	59548903	+	Cab39l	520	40.38
N1130	2136	ENSMUST00000225839.1|ENSMUSG00000021982|Cdadc1	chr14	59559387	59560246	-	Cdadc1	859	44.94
N1131	2137	ENSMUST00000053949.6|ENSMUSG00000044461|Shisa2	chr14	59630389	59631660	+	Shisa2	1271	40.83
N1132	214	ENSMUST00000042556.10|ENSMUSG00000032834|Pwp2	chr10	78170908	78171252	-	Pwp2	344	51.74
N1133	2140	ENSMUST00000022561.8|ENSMUSG00000021986|Amer2	chr14	60380513	60388197	+	Amer2	7684	41.44
N1134	2141	ENSMUST00000022566.13|ENSMUSG00000021990|Spata13	chr14	60762181	60764556	+	Spata13	2375	44.67
N1135	2142	ENSMUST00000225506.1|ENSMUSG00000021993|Mipep	chr14	60903575	60905478	+	Mipep	1903	49.08
N1136	2143	ENSMUST00000111236.3|ENSMUSG00000060548|Tnfrsf19	chr14	60963874	60966146	-	Tnfrsf19	2272	42.65
N1137	2144	ENSMUST00000055159.7|ENSMUSG00000043157|Arl11	chr14	61311632	61311936	+	Arl11	304	50.66
N1138	2145	ENSMUST00000022494.9|ENSMUSG00000021928|Ebpl	chr14	61331741	61341015	-	Ebpl	9274	46.57
N1139	2146	ENSMUST00000022496.8|ENSMUSG00000021929|Kpna3	chr14	61365210	61367380	-	Kpna3	2170	35.25
N1140	2147	ENSMUST00000022497.14|ENSMUSG00000021930|Spryd7	chr14	61531992	61534176	-	Spryd7	2184	38.78
N1141	2148	ENSMUST00000169728.1|ENSMUSG00000021932|Rnaseh2b	chr14	62348717	62364100	+	Rnaseh2b	15383	43.81
N1142	2149	ENSMUST00000039064.7|ENSMUSG00000035184|Fam124a	chr14	62606803	62608486	+	Fam124a	1683	46.46
N1143	215	ENSMUST00000217980.1|ENSMUSG00000000374|Trappc10	chr10	78217186	78220188	-	Trappc10	3002	49.27
N1144	2150	ENSMUST00000053959.6|ENSMUSG00000035161|Ints6	chr14	62676329	62693119	-	Ints6	16790	38.77
N1145	2151	ENSMUST00000014691.9|ENSMUSG00000014547|Wdfy2	chr14	62956807	62961509	+	Wdfy2	4702	45.38
N1146	2152	ENSMUST00000006235.8|ENSMUSG00000021939|Ctsb	chr14	63142946	63145923	+	Ctsb	2977	47.33
N1147	2153	ENSMUST00000225449.1|ENSMUSG00000035078|Mtmr9	chr14	63519650	63520550	-	Mtmr9	900	41.78
N1148	2154	ENSMUST00000079652.6|ENSMUSG00000063060|Sox7	chr14	63949276	63950732	+	Sox7	1456	41.69
N1149	2155	ENSMUST00000067927.8|ENSMUSG00000054733|Msra	chr14	64122624	64122892	-	Msra	268	46.27
N1150	2156	ENSMUST00000224503.1|ENSMUSG00000060012|Kif13b	chr14	64806454	64809617	+	Kif13b	3163	51.88
N1151	2157	ENSMUST00000239450.1|ENSMUSG00000021975|Ints9	chr14	65039597	65039835	+	Ints9	238	46.64
N1152	2158	ENSMUST00000022550.7|ENSMUSG00000021978|Extl3	chr14	65052059	65054464	-	Extl3	2405	52.43
N1153	2159	ENSMUST00000131309.2|ENSMUSG00000007989|Fzd3	chr14	65192448	65201249	-	Fzd3	8801	38.59
N1154	2160	ENSMUST00000022610.14|ENSMUSG00000022032|Scara5	chr14	65764226	65764826	+	Scara5	600	39.33
N1155	2161	ENSMUST00000022612.9|ENSMUSG00000022033|Pbk	chr14	65817595	65817822	+	Pbk	227	40.53
N1156	2162	ENSMUST00000022614.6|ENSMUSG00000022035|Ccdc25	chr14	65866148	65866607	+	Ccdc25	459	44.23
N1157	2163	ENSMUST00000042046.4|ENSMUSG00000034463|Scara3	chr14	65919393	65920588	-	Scara3	1195	48.79
N1158	2164	ENSMUST00000138665.1|ENSMUSG00000022037|Clu	chr14	65973494	65975646	+	Clu	2152	47.86
N1159	2167	ENSMUST00000022623.12|ENSMUSG00000022043|Trim35	chr14	66309488	66311424	+	Trim35	1936	45.56
N1160	2168	ENSMUST00000089236.10|ENSMUSG00000046204|Pnma2	chr14	66917380	66921023	+	Pnma2	3643	43.81
N1161	2169	ENSMUST00000225251.1|ENSMUSG00000022052|Ppp2r2a	chr14	67015673	67038815	-	Ppp2r2a	23142	39.82
N1162	217	ENSMUST00000219374.1|ENSMUSG00000061032|Rrp1	chr10	78400383	78404924	-	Rrp1	4541	55.52
N1163	2170	ENSMUST00000176161.7|ENSMUSG00000022053|Ebf2	chr14	67429510	67430918	+	Ebf2	1408	38.42
N1164	2171	ENSMUST00000156700.1|ENSMUSG00000034327|Kctd9	chr14	67729733	67742161	+	Kctd9	12428	40.09
N1165	2172	ENSMUST00000039135.5|ENSMUSG00000044447|Dock5	chr14	67752134	67755817	-	Dock5	3683	45.32
N1166	2173	ENSMUST00000111089.7|ENSMUSG00000022054|Nefm	chr14	68082589	68084052	-	Nefm	1463	50.44
N1167	2175	ENSMUST00000022641.8|ENSMUSG00000022057|Adamdec1	chr14	68563379	68563713	-	Adamdec1	334	39.22
N1168	2176	ENSMUST00000014957.9|ENSMUSG00000014813|Stc1	chr14	69039706	69041804	+	Stc1	2098	41.18
N1169	2178	ENSMUST00000185072.7|ENSMUSG00000022066|Entpd4b	chr14	69584706	69585520	+	Entpd4b	814	46.93
N1170	2179	ENSMUST00000022660.13|ENSMUSG00000034205|Loxl2	chr14	69693587	69695834	+	Loxl2	2247	46.15
N1171	218	ENSMUST00000041616.14|ENSMUSG00000032788|Pdxk	chr10	78436743	78439285	-	Pdxk	2542	52.71
N1172	2180	ENSMUST00000036381.9|ENSMUSG00000034190|Chmp7	chr14	69716999	69717444	-	Chmp7	445	49.21
N1173	2181	ENSMUST00000022663.6|ENSMUSG00000022074|Tnfrsf10b	chr14	69783025	69784411	+	Tnfrsf10b	1386	47.33
N1174	2182	ENSMUST00000022665.3|ENSMUSG00000022075|Rhobtb2	chr14	69784989	69787268	-	Rhobtb2	2279	50.9
N1175	2183	ENSMUST00000225200.1|ENSMUSG00000033730|Egr3	chr14	70080053	70082550	+	Egr3	2497	45.69
N1176	2184	ENSMUST00000035612.6|ENSMUSG00000033712|Ccar2	chr14	70138167	70138463	-	Ccar2	296	40.2
N1177	2185	ENSMUST00000129767.1|ENSMUSG00000044551|9930012K11Rik	chr14	70154897	70155785	-	9930012K11Rik	888	47.64
N1178	2186	ENSMUST00000022681.10|ENSMUSG00000022090|Pdlim2	chr14	70164217	70164461	-	Pdlim2	244	44.26
N1179	2187	ENSMUST00000227653.1|ENSMUSG00000022091|Sorbs3	chr14	70180467	70180718	-	Sorbs3	251	53.78
N1180	2188	ENSMUST00000228911.1|ENSMUSG00000022092|Ppp3cc	chr14	70217864	70217935	-	Ppp3cc	71	35.21
N1181	2189	ENSMUST00000068044.13|ENSMUSG00000022094|Slc39a14	chr14	70303468	70305561	-	Slc39a14	2093	43.0
N1182	219	ENSMUST00000040580.6|ENSMUSG00000032714|Syde1	chr10	78584502	78584861	-	Syde1	359	47.63
N1183	2190	ENSMUST00000000793.12|ENSMUSG00000000776|Polr3d	chr14	70438756	70439050	-	Polr3d	294	37.41
N1184	2191	ENSMUST00000003561.9|ENSMUSG00000003469|Phyhip	chr14	70467679	70468832	+	Phyhip	1153	56.81
N1185	2192	ENSMUST00000226906.1|ENSMUSG00000022098|Bmp1	chr14	70474557	70507998	-	Bmp1	33441	50.48
N1186	2193	ENSMUST00000047331.7|ENSMUSG00000033595|Lgi3	chr14	70537325	70538324	+	Lgi3	999	54.85
N1187	2194	ENSMUST00000047218.4|ENSMUSG00000033589|Reep4	chr14	70548695	70548933	+	Reep4	238	46.22
N1188	2195	ENSMUST00000022691.13|ENSMUSG00000022096|Hr	chr14	70573249	70573548	+	Hr	299	58.53
N1189	2196	ENSMUST00000228554.1|ENSMUSG00000045211|Nudt18	chr14	70580107	70582688	+	Nudt18	2581	48.93
N1190	2197	ENSMUST00000022690.9|ENSMUSG00000022095|Fam160b2	chr14	70583295	70583894	-	Fam160b2	599	48.91
N1191	2198	ENSMUST00000227331.1|ENSMUSG00000022099|Dmtn	chr14	70605930	70612667	-	Dmtn	6737	45.98
N1192	2199	ENSMUST00000167242.7|ENSMUSG00000022100|Xpo7	chr14	70654245	70664722	-	Xpo7	10477	43.32
N1193	22	ENSMUST00000019950.5|ENSMUSG00000019814|Ltv1	chr10	13178139	13178737	-	Ltv1	598	39.3
N1194	220	ENSMUST00000039271.6|ENSMUSG00000060301|2610008E11Rik	chr10	79064373	79066076	-	2610008E11Rik	1703	40.63
N1195	2200	ENSMUST00000022698.7|ENSMUSG00000022102|Dok2	chr14	70778221	70778495	+	Dok2	274	52.55
N1196	2201	ENSMUST00000022699.9|ENSMUSG00000022103|Gfra2	chr14	70979415	70979838	+	Gfra2	423	42.32
N1197	2202	ENSMUST00000089017.11|ENSMUSG00000033487|Fndc3a	chr14	72537945	72540018	-	Fndc3a	2073	36.37
N1198	2203	ENSMUST00000163797.1|ENSMUSG00000022106|Rcbtb2	chr14	73174516	73182602	+	Rcbtb2	8086	45.26
N1199	2204	ENSMUST00000164624.1|ENSMUSG00000022105|Rb1	chr14	73280170	73282805	-	Rb1	2635	39.58
N1200	2205	ENSMUST00000044405.7|ENSMUSG00000033446|Lpar6	chr14	73239997	73243294	+	Lpar6	3297	34.06
N1201	2206	ENSMUST00000022704.8|ENSMUSG00000022108|Itm2b	chr14	73362225	73362628	-	Itm2b	403	31.76
N1202	2207	ENSMUST00000022705.6|ENSMUSG00000022109|Med4	chr14	73518276	73518545	+	Med4	269	49.81
N1203	2208	ENSMUST00000043813.2|ENSMUSG00000033405|Nudt15	chr14	73518876	73519914	-	Nudt15	1038	38.82
N1204	2209	ENSMUST00000160507.7|ENSMUSG00000022110|Sucla2	chr14	73595596	73596142	+	Sucla2	546	32.42
N1205	221	ENSMUST00000165233.2|ENSMUSG00000052151|Plpp2	chr10	79527449	79530433	-	Plpp2	2984	49.63
N1206	2210	ENSMUST00000022573.16|ENSMUSG00000021996|Esd	chr14	74749873	74750765	+	Esd	892	41.93
N1207	2211	ENSMUST00000088970.6|ENSMUSG00000068015|Lrch1	chr14	74754674	74756353	-	Lrch1	1679	41.22
N1208	2212	ENSMUST00000036072.7|ENSMUSG00000034959|Rubcnl	chr14	75052229	75052532	+	Rubcnl	303	33.66
N1209	2214	ENSMUST00000022577.5|ENSMUSG00000022000|Zc3h13	chr14	75344089	75344426	+	Zc3h13	337	43.92
N1210	2215	ENSMUST00000049168.8|ENSMUSG00000034893|Cog3	chr14	75702369	75703357	-	Cog3	988	42.21
N1211	2216	ENSMUST00000022580.7|ENSMUSG00000022003|Slc25a30	chr14	75760116	75762152	-	Slc25a30	2036	39.44
N1212	2217	ENSMUST00000142061.2|ENSMUSG00000060126|Tpt1	chr14	75847511	75848525	+	Tpt1	1014	44.97
N1213	2218	ENSMUST00000088922.4|ENSMUSG00000067995|Gtf2f2	chr14	75896936	75897384	-	Gtf2f2	448	42.86
N1214	2219	ENSMUST00000050120.3|ENSMUSG00000046523|Kctd4	chr14	75963929	75966206	+	Kctd4	2277	34.69
N1215	222	ENSMUST00000218964.1|ENSMUSG00000020307|Cdc34	chr10	79688083	79688394	+	Cdc34	311	57.88
N1216	2220	ENSMUST00000022585.4|ENSMUSG00000022008|Gpalpp1	chr14	76086235	76089934	-	Gpalpp1	3699	41.2
N1217	2221	ENSMUST00000022586.1|ENSMUSG00000022009|Nufip1	chr14	76135050	76137379	+	Nufip1	2329	41.78
N1218	2222	ENSMUST00000227076.1|ENSMUSG00000052584|Serp2	chr14	76532815	76539901	-	Serp2	7086	45.63
N1219	2223	ENSMUST00000022590.4|ENSMUSG00000022013|Dnajc15	chr14	77826346	77852790	-	Dnajc15	26444	40.16
N1220	2224	ENSMUST00000022591.15|ENSMUSG00000022014|Epsti1	chr14	78002289	78002657	+	Epsti1	368	32.88
N1221	2225	ENSMUST00000123853.8|ENSMUSG00000022016|Akap11	chr14	78492245	78495235	-	Akap11	2990	40.43
N1222	2226	ENSMUST00000227537.1|ENSMUSG00000034731|Dgkh	chr14	78570002	78604276	-	Dgkh	34274	42.04
N1223	2227	ENSMUST00000040990.6|ENSMUSG00000058997|Vwa8	chr14	79201479	79202310	+	Vwa8	831	44.52
N1224	2229	ENSMUST00000169500.1|ENSMUSG00000022020|Naa16	chr14	79369145	79381389	-	Naa16	12244	37.04
N1225	223	ENSMUST00000178383.7|ENSMUSG00000023175|Bsg	chr10	79711430	79711823	+	Bsg	393	53.44
N1226	2230	ENSMUST00000061222.8|ENSMUSG00000043881|Kbtbd7	chr14	79429435	79431036	+	Kbtbd7	1601	32.67
N1227	2231	ENSMUST00000040131.12|ENSMUSG00000036461|Elf1	chr14	79581324	79582494	+	Elf1	1170	35.9
N1228	2232	ENSMUST00000054908.9|ENSMUSG00000022024|Sugt1	chr14	79630546	79635196	+	Sugt1	4650	40.58
N1229	2233	ENSMUST00000039568.10|ENSMUSG00000036422|Pcdh8	chr14	79766774	79767023	-	Pcdh8	249	33.73
N1230	2234	ENSMUST00000071370.6|ENSMUSG00000035566|Pcdh17	chr14	84533975	84539002	+	Pcdh17	5027	35.71
N1231	2235	ENSMUST00000168889.2|ENSMUSG00000022021|Diaph3	chr14	86655366	86655824	-	Diaph3	458	36.9
N1232	2236	ENSMUST00000195826.5|ENSMUSG00000055421|Pcdh9	chr14	93013409	93013945	-	Pcdh9	536	29.29
N1233	2237	ENSMUST00000071533.12|ENSMUSG00000055639|Dach1	chr14	97786852	97789212	-	Dach1	2360	32.33
N1234	2238	ENSMUST00000042662.9|ENSMUSG00000033186|Mzt1	chr14	99034543	99035653	-	Mzt1	1110	36.04
N1235	2239	ENSMUST00000227022.1|ENSMUSG00000033166|Dis3	chr14	99076633	99097584	-	Dis3	20951	38.9
N1236	2240	ENSMUST00000022650.8|ENSMUSG00000022064|Pibf1	chr14	99254359	99254493	+	Pibf1	134	18.66
N1237	2241	ENSMUST00000228216.1|ENSMUSG00000072294|Klf12	chr14	99870631	99873928	-	Klf12	3297	41.83
N1238	2242	ENSMUST00000159664.7|ENSMUSG00000033083|Tbc1d4	chr14	101462962	101489406	-	Tbc1d4	26444	42.47
N1239	2244	ENSMUST00000184744.1|ENSMUSG00000098557|Kctd12	chr14	102976580	102981308	-	Kctd12	4728	38.39
N1240	2245	ENSMUST00000022722.6|ENSMUSG00000022126|Acod1	chr14	103055888	103056573	+	Acod1	685	37.37
N1241	2246	ENSMUST00000022721.7|ENSMUSG00000022125|Cln5	chr14	103077233	103077628	+	Cln5	395	40.0
N1242	2247	ENSMUST00000022720.14|ENSMUSG00000022124|Fbxl3	chr14	103080238	103081215	-	Fbxl3	977	34.9
N1243	2248	ENSMUST00000069443.13|ENSMUSG00000055717|Slain1	chr14	103704400	103704907	+	Slain1	507	32.54
N1244	225	ENSMUST00000162694.7|ENSMUSG00000020329|Polrmt	chr10	79736173	79737263	-	Polrmt	1090	57.06
N1245	2250	ENSMUST00000228210.1|ENSMUSG00000022120|Rnf219	chr14	104506282	104510222	-	Rnf219	3940	37.59
N1246	2251	ENSMUST00000181969.7|ENSMUSG00000053253|Ndfip2	chr14	105304982	105309298	+	Ndfip2	4316	35.82
N1247	2252	ENSMUST00000042767.8|ENSMUSG00000033214|Slitrk5	chr14	111682371	111683141	+	Slitrk5	770	34.68
N1248	2253	ENSMUST00000176912.7|ENSMUSG00000022112|Gpc5	chr14	116524831	116525179	+	Gpc5	348	35.63
N1249	2254	ENSMUST00000088483.9|ENSMUSG00000058571|Gpc6	chr14	117975341	117976544	+	Gpc6	1203	40.48
N1250	2255	ENSMUST00000227350.1|ENSMUSG00000022130|Tgds	chr14	118111910	118121647	-	Tgds	9737	44.21
N1251	2256	ENSMUST00000022728.3|ENSMUSG00000022131|Gpr180	chr14	118162974	118163261	+	Gpr180	287	42.51
N1252	2257	ENSMUST00000170662.1|ENSMUSG00000061517|Sox21	chr14	118233231	118233778	-	Sox21	547	31.44
N1253	2258	ENSMUST00000036554.13|ENSMUSG00000032849|Abcc4	chr14	118482691	118483970	-	Abcc4	1279	41.83
N1254	2259	ENSMUST00000100314.3|ENSMUSG00000022132|Cldn10	chr14	118874463	118875489	+	Cldn10	1026	46.69
N1255	2260	ENSMUST00000047208.11|ENSMUSG00000042156|Dzip1	chr14	118875519	118876403	-	Dzip1	884	44.46
N1256	2261	ENSMUST00000022734.8|ENSMUSG00000022136|Dnajc3	chr14	118979155	118981697	+	Dnajc3	2542	40.36
N1257	2262	ENSMUST00000088419.12|ENSMUSG00000022139|Mbnl2	chr14	120429410	120431697	+	Mbnl2	2287	32.05
N1258	2263	ENSMUST00000062117.13|ENSMUSG00000051615|Rap2a	chr14	120504044	120507194	+	Rap2a	3150	44.73
N1259	2264	ENSMUST00000032898.8|ENSMUSG00000030662|Ipo5	chr14	120947255	120947999	+	Ipo5	744	39.38
N1260	2265	ENSMUST00000026635.7|ENSMUSG00000025555|Farp1	chr14	121282639	121283744	+	Farp1	1105	48.96
N1261	2266	ENSMUST00000226998.1|ENSMUSG00000041765|Ubac2	chr14	121973860	121994308	+	Ubac2	20448	43.05
N1262	2267	ENSMUST00000049872.8|ENSMUSG00000051212|Gpr183	chr14	121952550	121953802	-	Gpr183	1252	39.7
N1263	2268	ENSMUST00000170007.1|ENSMUSG00000025544|Tm9sf2	chr14	122126259	122137478	+	Tm9sf2	11219	40.15
N1264	2269	ENSMUST00000039118.6|ENSMUSG00000041703|Zic5	chr14	122456794	122458290	-	Zic5	1496	32.89
N1265	227	ENSMUST00000020575.4|ENSMUSG00000020325|Fstl3	chr10	79782160	79782630	+	Fstl3	470	49.79
N1266	2270	ENSMUST00000038075.11|ENSMUSG00000041625|Ggact	chr14	122890859	122891134	-	Ggact	275	38.55
N1267	2271	ENSMUST00000128969.1|ENSMUSG00000041594|Tmtc4	chr14	122944746	122971739	-	Tmtc4	26993	43.19
N1268	2273	ENSMUST00000226261.1|ENSMUSG00000091119|Ccdc152	chr15	3280069	3280478	-	Ccdc152	409	35.94
N1269	2274	ENSMUST00000069451.10|ENSMUSG00000055737|Ghr	chr15	3317759	3319037	-	Ghr	1278	35.45
N1270	2275	ENSMUST00000022791.8|ENSMUSG00000022184|Fbxo4	chr15	3965444	3965554	-	Fbxo4	110	28.18
N1271	2276	ENSMUST00000046633.9|ENSMUSG00000041935|AW549877	chr15	3982034	3985966	-	AW549877	3932	36.62
N1272	2277	ENSMUST00000110690.8|ENSMUSG00000022186|Oxct1	chr15	4153917	4155344	+	Oxct1	1427	41.7
N1273	2278	ENSMUST00000061925.4|ENSMUSG00000049148|Plcxd3	chr15	4575256	4575553	+	Plcxd3	297	39.73
N1274	2279	ENSMUST00000162585.7|ENSMUSG00000022181|C6	chr15	4803820	4804045	+	C6	225	52.89
N1275	2280	ENSMUST00000118365.2|ENSMUSG00000041849|Card6	chr15	5095980	5097686	-	Card6	1706	36.64
N1276	2281	ENSMUST00000045356.8|ENSMUSG00000041841|Rpl37	chr15	5118784	5119140	+	Rpl37	356	45.79
N1277	2282	ENSMUST00000051186.8|ENSMUSG00000050697|Prkaa1	chr15	5179229	5181899	+	Prkaa1	2670	35.88
N1278	2283	ENSMUST00000081640.11|ENSMUSG00000022151|Ttc33	chr15	5212243	5218336	+	Ttc33	6093	42.36
N1279	2284	ENSMUST00000120563.1|ENSMUSG00000039942|Ptger4	chr15	5233398	5234010	-	Ptger4	612	35.62
N1280	2285	ENSMUST00000078019.12|ENSMUSG00000022150|Dab2	chr15	6437193	6440712	+	Dab2	3519	37.31
N1281	2286	ENSMUST00000022746.12|ENSMUSG00000022146|Osmr	chr15	6813576	6814666	-	Osmr	1090	38.9
N1282	2287	ENSMUST00000160207.7|ENSMUSG00000042961|Egflam	chr15	7206582	7318180	-	Egflam	111598	43.98
N1283	2288	ENSMUST00000022744.4|ENSMUSG00000022144|Gdnf	chr15	7835108	7837575	+	Gdnf	2467	47.79
N1284	2289	ENSMUST00000227371.1|ENSMUSG00000039828|Wdr70	chr15	8092226	8092526	-	Wdr70	300	45.33
N1285	229	ENSMUST00000006679.14|ENSMUSG00000057729|Prtn3	chr10	79883124	79883174	+	Prtn3	50	54.0
N1286	2290	ENSMUST00000052965.7|ENSMUSG00000022141|Nipbl	chr15	8290616	8290984	-	Nipbl	368	36.41
N1287	2291	ENSMUST00000005493.13|ENSMUSG00000005360|Slc1a3	chr15	8634123	8634932	-	Slc1a3	809	37.08
N1288	2292	ENSMUST00000227191.1|ENSMUSG00000048424|Ranbp3l	chr15	9065265	9067335	+	Ranbp3l	2070	33.67
N1289	2293	ENSMUST00000067760.10|ENSMUSG00000022253|Nadk2	chr15	9109795	9110487	+	Nadk2	692	30.64
N1290	2294	ENSMUST00000136591.7|ENSMUSG00000044224|Dnajc21	chr15	10446755	10446916	-	Dnajc21	161	32.92
N1291	2295	ENSMUST00000168761.1|ENSMUSG00000022247|Brix1	chr15	10479579	10483206	-	Brix1	3627	38.41
N1292	2296	ENSMUST00000168408.1|ENSMUSG00000022248|Rad1	chr15	10490514	10493363	+	Rad1	2849	40.93
N1293	2297	ENSMUST00000090339.10|ENSMUSG00000022246|Rai14	chr15	10568968	10570548	-	Rai14	1580	39.75
N1294	2298	ENSMUST00000070877.6|ENSMUSG00000022244|Amacr	chr15	10995432	10996626	+	Amacr	1194	41.29
N1295	2299	ENSMUST00000058007.6|ENSMUSG00000060735|Rxfp3	chr15	11033716	11034581	-	Rxfp3	865	41.62
N1296	23	ENSMUST00000105545.11|ENSMUSG00000062866|Phactr2	chr10	13207716	13213671	-	Phactr2	5955	40.59
N1297	230	ENSMUST00000105378.8|ENSMUSG00000013833|Med16	chr10	79894707	79895069	-	Med16	362	52.49
N1298	2300	ENSMUST00000061318.8|ENSMUSG00000047497|Adamts12	chr15	11345825	11349231	+	Adamts12	3406	40.34
N1299	2301	ENSMUST00000228814.1|ENSMUSG00000022241|Tars	chr15	11382300	11387051	-	Tars	4751	43.53
N1300	2302	ENSMUST00000066529.4|ENSMUSG00000022206|Npr3	chr15	11839895	11844615	-	Npr3	4720	39.75
N1301	2303	ENSMUST00000022816.14|ENSMUSG00000022205|Sub1	chr15	11981338	11984069	-	Sub1	2731	38.67
N1302	2304	ENSMUST00000157034.7|ENSMUSG00000022201|Zfr	chr15	12171911	12184463	+	Zfr	12552	39.08
N1303	2305	ENSMUST00000174418.7|ENSMUSG00000039458|Mtmr12	chr15	12238092	12272119	+	Mtmr12	34027	45.75
N1304	2306	ENSMUST00000075317.11|ENSMUSG00000022197|Pdzd2	chr15	12359710	12361927	-	Pdzd2	2217	43.75
N1305	2307	ENSMUST00000057256.4|ENSMUSG00000022195|6030458C11Rik	chr15	12808176	12809451	-	6030458C11Rik	1275	38.98
N1306	2308	ENSMUST00000036439.5|ENSMUSG00000039385|Cdh6	chr15	13028700	13033725	-	Cdh6	5025	37.37
N1307	2309	ENSMUST00000176146.7|ENSMUSG00000022321|Cdh10	chr15	19000015	19013682	+	Cdh10	13667	36.09
N1308	231	ENSMUST00000045628.14|ENSMUSG00000035781|R3hdm4	chr10	79910051	79910433	-	R3hdm4	382	52.62
N1309	2310	ENSMUST00000058845.8|ENSMUSG00000045763|Basp1	chr15	25363276	25364080	-	Basp1	804	39.05
N1310	2311	ENSMUST00000110457.7|ENSMUSG00000022272|Myo10	chr15	25812370	25813673	+	Myo10	1303	43.75
N1311	2312	ENSMUST00000022881.14|ENSMUSG00000022270|Retreg1	chr15	25972219	25973687	+	Retreg1	1468	36.24
N1312	2314	ENSMUST00000059204.10|ENSMUSG00000043556|Fbxl7	chr15	26540458	26542322	-	Fbxl7	1864	43.94
N1313	2315	ENSMUST00000022875.6|ENSMUSG00000022265|Ank	chr15	27594152	27594909	+	Ank	757	40.16
N1314	2316	ENSMUST00000228439.1|ENSMUSG00000046034|Otulin	chr15	27608636	27619450	-	Otulin	10814	43.7
N1315	2317	ENSMUST00000231473.1|ENSMUSG00000056069|Otulinl	chr15	27656994	27658044	-	Otulinl	1050	48.29
N1316	2319	ENSMUST00000226116.1|ENSMUSG00000022240|Ctnnd2	chr15	30619995	30646892	+	Ctnnd2	26897	41.32
N1317	232	ENSMUST00000045529.2|ENSMUSG00000035773|Kiss1r	chr10	79922152	79922273	+	Kiss1r	121	37.19
N1318	2321	ENSMUST00000090227.5|ENSMUSG00000039100|Marchf6	chr15	31455890	31459040	-	Marchf6	3150	39.14
N1319	2322	ENSMUST00000070918.13|ENSMUSG00000022235|Cmbl	chr15	31590011	31590119	+	Cmbl	108	35.19
N1320	2323	ENSMUST00000161061.2|ENSMUSG00000039065|Atpsckmt	chr15	31617364	31618609	+	Atpsckmt	1245	45.3
N1321	2324	ENSMUST00000022871.6|ENSMUSG00000022261|Sdc2	chr15	33033296	33034935	+	Sdc2	1639	37.22
N1322	2325	ENSMUST00000042167.9|ENSMUSG00000039007|Cpq	chr15	33594405	33594552	+	Cpq	147	29.93
N1323	2326	ENSMUST00000042021.4|ENSMUSG00000038984|Tspyl5	chr15	33683874	33685291	-	Tspyl5	1417	38.88
N1324	2327	ENSMUST00000168991.7|ENSMUSG00000022255|Mtdh	chr15	34118110	34134344	+	Mtdh	16234	36.89
N1325	2328	ENSMUST00000226437.1|ENSMUSG00000022257|Laptm4b	chr15	34273350	34284295	+	Laptm4b	10945	44.64
N1326	2329	ENSMUST00000226766.1|ENSMUSG00000022324|Matn2	chr15	34347280	34347848	+	Matn2	568	38.73
N1327	233	ENSMUST00000045247.8|ENSMUSG00000035754|Wdr18	chr10	79969058	79970203	+	Wdr18	1145	51.7
N1328	2330	ENSMUST00000022946.5|ENSMUSG00000022323|Rida	chr15	34484020	34484258	-	Rida	238	25.21
N1329	2331	ENSMUST00000228073.1|ENSMUSG00000038879|Nipal2	chr15	34600069	34624871	-	Nipal2	24802	41.11
N1330	2332	ENSMUST00000048646.8|ENSMUSG00000037646|Vps13b	chr15	35930412	35931229	+	Vps13b	817	36.84
N1331	2333	ENSMUST00000155638.7|ENSMUSG00000014313|Cox6c	chr15	35925885	35935151	-	Cox6c	9266	41.04
N1332	2334	ENSMUST00000057177.6|ENSMUSG00000045996|Polr2k	chr15	36176924	36177010	+	Polr2k	86	22.09
N1333	2335	ENSMUST00000047348.10|ENSMUSG00000037617|Spag1	chr15	36235046	36235621	+	Spag1	575	31.48
N1334	2336	ENSMUST00000228358.1|ENSMUSG00000022280|Rnf19a	chr15	36240350	36241446	-	Rnf19a	1096	37.5
N1335	2337	ENSMUST00000057486.8|ENSMUSG00000048307|Ankrd46	chr15	36477667	36478650	-	Ankrd46	983	43.85
N1336	2338	ENSMUST00000022894.13|ENSMUSG00000022285|Ywhaz	chr15	36770769	36771931	-	Ywhaz	1162	40.53
N1337	2339	ENSMUST00000078976.8|ENSMUSG00000062397|Zfp706	chr15	36997026	36999162	-	Zfp706	2136	41.1
N1338	234	ENSMUST00000052885.13|ENSMUSG00000013858|Tmem259	chr10	79977117	79977270	-	Tmem259	153	56.21
N1339	2340	ENSMUST00000168992.7|ENSMUSG00000051359|Ncald	chr15	37366174	37368344	-	Ncald	2170	45.21
N1340	2341	ENSMUST00000144498.7|ENSMUSG00000022292|Rrm2b	chr15	37931636	37943335	-	Rrm2b	11699	41.02
N1341	2342	ENSMUST00000228333.1|ENSMUSG00000037487|Ubr5	chr15	37972934	37973273	-	Ubr5	339	38.35
N1342	2344	ENSMUST00000226533.1|ENSMUSG00000022295|Atp6v1c1	chr15	38679487	38686857	+	Atp6v1c1	7370	43.65
N1343	2345	ENSMUST00000226440.1|ENSMUSG00000022296|Baalc	chr15	38949537	38952912	+	Baalc	3375	46.16
N1344	2346	ENSMUST00000179165.8|ENSMUSG00000022297|Fzd6	chr15	39036801	39038188	+	Fzd6	1387	38.86
N1345	2349	ENSMUST00000226410.1|ENSMUSG00000037386|Rims2	chr15	39682259	39684372	+	Rims2	2113	37.29
N1346	235	ENSMUST00000004784.10|ENSMUSG00000004665|Cnn2	chr10	79995126	79996062	+	Cnn2	936	47.65
N1347	2350	ENSMUST00000228575.1|ENSMUSG00000022305|Lrp12	chr15	39878383	39880119	-	Lrp12	1736	42.4
N1348	2351	ENSMUST00000053467.5|ENSMUSG00000022306|Zfpm2	chr15	41103988	41104592	+	Zfpm2	604	32.78
N1349	2352	ENSMUST00000110297.9|ENSMUSG00000022307|Oxr1	chr15	41859809	41861048	+	Oxr1	1239	33.25
N1350	2353	ENSMUST00000022921.6|ENSMUSG00000022309|Angpt1	chr15	42424722	42426385	-	Angpt1	1663	31.87
N1351	2354	ENSMUST00000022962.7|ENSMUSG00000022337|Emc2	chr15	43527631	43527763	+	Emc2	132	41.67
N1352	2355	ENSMUST00000226606.1|ENSMUSG00000038736|Nudcd1	chr15	44376367	44388429	-	Nudcd1	12062	38.63
N1353	2357	ENSMUST00000226214.1|ENSMUSG00000022340|Sybu	chr15	44671855	44718787	-	Sybu	46932	41.26
N1354	2358	ENSMUST00000165201.8|ENSMUSG00000038679|Trps1	chr15	50654751	50658594	-	Trps1	3843	36.12
N1355	2359	ENSMUST00000137116.2|ENSMUSG00000022313|Utp23	chr15	51882685	51884614	+	Utp23	1929	42.66
N1356	236	ENSMUST00000099501.9|ENSMUSG00000035697|Arhgap45	chr10	80031249	80031472	+	Arhgap45	223	53.36
N1357	2360	ENSMUST00000022927.10|ENSMUSG00000022314|Rad21	chr15	51962239	51962774	-	Rad21	535	34.58
N1358	2361	ENSMUST00000090025.4|ENSMUSG00000068522|Aard	chr15	52045265	52045722	+	Aard	457	36.98
N1359	2362	ENSMUST00000037115.8|ENSMUSG00000038622|Med30	chr15	52730310	52730564	+	Med30	254	22.83
N1360	2363	ENSMUST00000133362.7|ENSMUSG00000061731|Ext1	chr15	53068663	53105924	-	Ext1	37261	41.92
N1361	2364	ENSMUST00000132059.1|ENSMUSG00000058656|Samd12	chr15	53462193	53658327	-	Samd12	196134	39.91
N1362	2365	ENSMUST00000079772.3|ENSMUSG00000063727|Tnfrsf11b	chr15	54250618	54251683	-	Tnfrsf11b	1065	30.33
N1363	2366	ENSMUST00000025356.3|ENSMUSG00000024479|Mal2	chr15	54600890	54602847	+	Mal2	1957	36.69
N1364	2367	ENSMUST00000050027.8|ENSMUSG00000037362|Ccn3	chr15	54752665	54754039	+	Ccn3	1374	32.24
N1365	2368	ENSMUST00000041591.15|ENSMUSG00000022425|Enpp2	chr15	54838900	54839126	-	Enpp2	226	38.94
N1366	2369	ENSMUST00000041733.8|ENSMUSG00000037343|Taf2	chr15	55015130	55016193	-	Taf2	1063	35.0
N1367	237	ENSMUST00000004786.9|ENSMUSG00000004667|Polr2e	chr10	80035948	80036089	-	Polr2e	141	49.65
N1368	2370	ENSMUST00000226687.1|ENSMUSG00000022419|Deptor	chr15	55152025	55208885	+	Deptor	56860	43.75
N1369	2371	ENSMUST00000023053.11|ENSMUSG00000022371|Col14a1	chr15	55520496	55520803	+	Col14a1	307	38.11
N1370	2372	ENSMUST00000164542.7|ENSMUSG00000022370|Mrpl13	chr15	55534093	55543210	-	Mrpl13	9117	39.36
N1371	2373	ENSMUST00000169517.1|ENSMUSG00000022369|Mtbp	chr15	55563092	55569077	+	Mtbp	5985	38.5
N1372	2374	ENSMUST00000039769.12|ENSMUSG00000060429|Sntb1	chr15	55636387	55638641	-	Sntb1	2254	35.89
N1373	2375	ENSMUST00000050544.7|ENSMUSG00000022367|Has2	chr15	56665626	56667162	-	Has2	1536	35.09
N1374	2376	ENSMUST00000022993.6|ENSMUSG00000022365|Derl1	chr15	57869501	57870788	-	Derl1	1287	43.67
N1375	2377	ENSMUST00000189159.1|ENSMUSG00000101892|9130401M01Rik	chr15	58028811	58030956	-	9130401M01Rik	2145	47.97
N1376	2378	ENSMUST00000038194.4|ENSMUSG00000022360|Atad2	chr15	58094045	58094935	-	Atad2	890	37.75
N1377	2379	ENSMUST00000022986.7|ENSMUSG00000022358|Fbxo32	chr15	58175878	58180218	-	Fbxo32	4340	43.36
N1378	238	ENSMUST00000105372.7|ENSMUSG00000075706|Gpx4	chr10	80056366	80056439	+	Gpx4	73	69.86
N1379	2380	ENSMUST00000037270.4|ENSMUSG00000037119|Fam91a1	chr15	58455128	58457740	+	Fam91a1	2612	38.86
N1380	2381	ENSMUST00000072113.5|ENSMUSG00000062373|Tmem65	chr15	58782268	58783005	-	Tmem65	737	38.4
N1381	2382	ENSMUST00000036937.8|ENSMUSG00000037085|Trmt12	chr15	58874243	58877127	+	Trmt12	2884	41.57
N1382	2383	ENSMUST00000036904.6|ENSMUSG00000037075|Rnf139	chr15	58900282	58902390	+	Rnf139	2108	37.67
N1383	2384	ENSMUST00000228787.1|ENSMUSG00000115463|Gm49356	chr15	58936460	58937359	+	Gm49356	899	45.94
N1384	2385	ENSMUST00000022977.13|ENSMUSG00000022351|Sqle	chr15	59331065	59331192	+	Sqle	127	35.43
N1385	2386	ENSMUST00000227725.1|ENSMUSG00000022350|Washc5	chr15	59331996	59332154	-	Washc5	158	40.51
N1386	2387	ENSMUST00000067543.7|ENSMUSG00000032501|Trib1	chr15	59656358	59657099	+	Trib1	741	47.1
N1387	2388	ENSMUST00000100635.4|ENSMUSG00000072568|Lratd2	chr15	60818993	60820986	-	Lratd2	1993	35.78
N1388	2389	ENSMUST00000159327.1|ENSMUSG00000022346|Myc	chr15	61990112	61990374	+	Myc	262	19.47
N1389	239	ENSMUST00000219258.1|ENSMUSG00000035673|Sbno2	chr10	80070620	80080796	-	Sbno2	10176	55.23
N1390	2390	ENSMUST00000063838.10|ENSMUSG00000022378|Fam49b	chr15	63929096	63931094	-	Fam49b	1998	40.19
N1391	2391	ENSMUST00000177371.7|ENSMUSG00000022377|Asap1	chr15	64086856	64088765	-	Asap1	1909	42.9
N1392	2392	ENSMUST00000015146.15|ENSMUSG00000015002|Efr3a	chr15	65872332	65873816	+	Efr3a	1484	38.21
N1393	2393	ENSMUST00000164163.7|ENSMUSG00000022372|Sla	chr15	66780818	66781501	-	Sla	683	42.75
N1394	2394	ENSMUST00000147079.7|ENSMUSG00000005124|Ccn4	chr15	66906680	66920077	+	Ccn4	13397	46.53
N1395	2395	ENSMUST00000092640.5|ENSMUSG00000013846|St3gal1	chr15	67102874	67106464	-	St3gal1	3590	50.75
N1396	2396	ENSMUST00000162054.8|ENSMUSG00000022335|Zfat	chr15	68083763	68084023	-	Zfat	260	52.69
N1397	2397	ENSMUST00000229683.1|ENSMUSG00000022332|Khdrbs3	chr15	69093377	69101211	+	Khdrbs3	7834	44.06
N1398	2398	ENSMUST00000089765.8|ENSMUSG00000068391|Chrac1	chr15	73093834	73094075	+	Chrac1	241	50.21
N1399	2399	ENSMUST00000044113.11|ENSMUSG00000036698|Ago2	chr15	73095843	73106389	-	Ago2	10546	47.23
N1400	24	ENSMUST00000121465.2|ENSMUSG00000019810|Fuca2	chr10	13515422	13519035	+	Fuca2	3613	42.65
N1401	2400	ENSMUST00000226988.2|ENSMUSG00000022607|Ptk2	chr15	73205101	73205538	-	Ptk2	437	42.79
N1402	2402	ENSMUST00000165541.7|ENSMUSG00000059895|Ptp4a3	chr15	73757109	73758766	+	Ptp4a3	1657	49.49
N1403	2403	ENSMUST00000023268.13|ENSMUSG00000022602|Arc	chr15	74669082	74670564	-	Arc	1482	55.87
N1404	2404	ENSMUST00000050234.3|ENSMUSG00000046380|Jrk	chr15	74702300	74704759	-	Jrk	2459	51.77
N1405	2405	ENSMUST00000070923.2|ENSMUSG00000056665|Them6	chr15	74724126	74724639	+	Them6	513	59.84
N1406	2407	ENSMUST00000169343.7|ENSMUSG00000022587|Ly6e	chr15	74959096	74959905	+	Ly6e	809	52.41
N1407	2410	ENSMUST00000100542.9|ENSMUSG00000022584|Ly6c2	chr15	75108160	75108380	-	Ly6c2	220	47.27
N1408	2411	ENSMUST00000163116.7|ENSMUSG00000022577|Ly6h	chr15	75551267	75564893	-	Ly6h	13626	48.17
N1409	2412	ENSMUST00000054555.9|ENSMUSG00000047003|Zfp41	chr15	75619691	75629827	+	Zfp41	10136	47.38
N1410	2413	ENSMUST00000149407.7|ENSMUSG00000022580|Rhpn1	chr15	75713611	75714408	+	Rhpn1	797	58.09
N1411	2414	ENSMUST00000100538.3|ENSMUSG00000075600|Zc3h3	chr15	75754429	75754708	-	Zc3h3	279	55.91
N1412	2415	ENSMUST00000229571.1|ENSMUSG00000022574|Naprt	chr15	75890962	75891346	-	Naprt	384	57.03
N1413	2416	ENSMUST00000154584.8|ENSMUSG00000055762|Eef1d	chr15	75894204	75895404	-	Eef1d	1200	51.58
N1414	2417	ENSMUST00000192937.1|ENSMUSG00000103906|Tigd5	chr15	75911951	75914535	+	Tigd5	2584	50.89
N1415	2418	ENSMUST00000053918.8|ENSMUSG00000022571|Pycrl	chr15	75916476	75916733	-	Pycrl	257	50.19
N1416	2419	ENSMUST00000229085.1|ENSMUSG00000022570|Tsta3	chr15	75924675	75925586	-	Tsta3	911	54.34
N1417	242	ENSMUST00000042057.11|ENSMUSG00000035621|Midn	chr10	80156810	80158368	+	Midn	1558	52.57
N1418	2420	ENSMUST00000037260.7|ENSMUSG00000050846|Zfp623	chr15	75949097	75949400	+	Zfp623	303	49.5
N1419	2421	ENSMUST00000109966.7|ENSMUSG00000034429|Zfp707	chr15	75975492	75975749	+	Zfp707	257	50.97
N1420	2422	ENSMUST00000182172.1|ENSMUSG00000098176|Ccdc166	chr15	75979871	75980822	-	Ccdc166	951	45.32
N1421	2423	ENSMUST00000002603.11|ENSMUSG00000022568|Scrib	chr15	76047157	76047243	-	Scrib	86	39.53
N1422	2424	ENSMUST00000227316.1|ENSMUSG00000002524|Puf60	chr15	76070189	76070748	-	Puf60	559	51.16
N1423	2425	ENSMUST00000227605.1|ENSMUSG00000075590|Nrbp2	chr15	76085517	76090245	-	Nrbp2	4728	53.72
N1424	2427	ENSMUST00000170226.1|ENSMUSG00000063268|Parp10	chr15	76231173	76233136	-	Parp10	1963	59.55
N1425	2428	ENSMUST00000023225.7|ENSMUSG00000022564|Grina	chr15	76249637	76249904	+	Grina	267	60.3
N1426	2429	ENSMUST00000171192.1|ENSMUSG00000071724|Smpd5	chr15	76295984	76296252	+	Smpd5	268	58.96
N1427	243	ENSMUST00000105365.8|ENSMUSG00000045193|Cirbp	chr10	80171328	80171655	+	Cirbp	327	49.54
N1428	2430	ENSMUST00000230512.1|ENSMUSG00000034259|Exosc4	chr15	76329645	76330673	+	Exosc4	1028	50.88
N1429	2431	ENSMUST00000229013.1|ENSMUSG00000022551|Cyc1	chr15	76344969	76345153	+	Cyc1	184	55.43
N1430	2432	ENSMUST00000230314.1|ENSMUSG00000022552|Sharpin	chr15	76347039	76347481	-	Sharpin	442	51.58
N1431	2434	ENSMUST00000023213.7|ENSMUSG00000022554|Hgh1	chr15	76371017	76371437	+	Hgh1	420	50.0
N1432	2435	ENSMUST00000023217.10|ENSMUSG00000022557|Bop1	chr15	76452988	76453076	-	Bop1	88	53.41
N1433	2436	ENSMUST00000043089.8|ENSMUSG00000034161|Scx	chr15	76459268	76459449	+	Scx	181	46.41
N1434	2437	ENSMUST00000228757.1|ENSMUSG00000022556|Hsf1	chr15	76498691	76501913	+	Hsf1	3222	54.19
N1435	2438	ENSMUST00000023214.10|ENSMUSG00000022555|Dgat1	chr15	76502014	76502087	-	Dgat1	73	52.05
N1436	2439	ENSMUST00000023220.9|ENSMUSG00000022560|Slc52a2	chr15	76541281	76544608	+	Slc52a2	3327	50.29
N1437	244	ENSMUST00000003154.6|ENSMUSG00000003070|Efna2	chr10	80189447	80190010	+	Efna2	563	42.81
N1438	2440	ENSMUST00000161732.7|ENSMUSG00000022550|Adck5	chr15	76593631	76595808	+	Adck5	2177	58.66
N1439	2441	ENSMUST00000231042.1|ENSMUSG00000034022|Cpsf1	chr15	76595805	76598802	-	Cpsf1	2997	56.69
N1440	2443	ENSMUST00000230964.1|ENSMUSG00000004187|Kifc2	chr15	76662229	76668196	+	Kifc2	5967	53.23
N1441	2444	ENSMUST00000156920.1|ENSMUSG00000033819|Ppp1r16a	chr15	76692000	76693513	+	Ppp1r16a	1513	55.65
N1442	2445	ENSMUST00000229734.1|ENSMUSG00000022546|Gpt	chr15	76699166	76699575	+	Gpt	409	59.41
N1443	2448	ENSMUST00000036176.15|ENSMUSG00000033697|Arhgap39	chr15	76723984	76724333	-	Arhgap39	349	51.58
N1444	245	ENSMUST00000020365.14|ENSMUSG00000020156|Pwwp3a	chr10	80243791	80243903	+	Pwwp3a	112	38.39
N1445	2450	ENSMUST00000230214.1|ENSMUSG00000116024|Gm49527	chr15	76901039	76901283	+	Gm49527	244	50.82
N1446	2451	ENSMUST00000068407.5|ENSMUSG00000055041|Commd5	chr15	76901227	76901305	+	Commd5	78	44.87
N1447	2452	ENSMUST00000229055.1|ENSMUSG00000054967|Zfp647	chr15	76910370	76910558	-	Zfp647	188	31.91
N1448	2453	ENSMUST00000229229.1|ENSMUSG00000063236|1110038F14Rik	chr15	76950566	76950979	+	1110038F14Rik	413	45.28
N1449	2454	ENSMUST00000171751.9|ENSMUSG00000033565|Rbfox2	chr15	77078989	77082540	-	Rbfox2	3551	50.04
N1450	2455	ENSMUST00000089465.5|ENSMUSG00000050014|Apol10b	chr15	77583818	77584479	-	Apol10b	661	37.97
N1451	2456	ENSMUST00000109775.3|ENSMUSG00000068246|Apol9b	chr15	77736148	77736382	+	Apol9b	234	52.56
N1452	2457	ENSMUST00000005860.15|ENSMUSG00000005716|Pvalb	chr15	78191113	78191517	-	Pvalb	404	46.29
N1453	2458	ENSMUST00000096356.4|ENSMUSG00000071714|Csf2rb2	chr15	78282506	78284168	-	Csf2rb2	1662	47.77
N1454	2459	ENSMUST00000230264.2|ENSMUSG00000071713|Csf2rb	chr15	78349442	78351001	+	Csf2rb	1559	48.43
N1455	246	ENSMUST00000105362.7|ENSMUSG00000069565|Dazap1	chr10	80288090	80288408	+	Dazap1	318	55.03
N1456	2460	ENSMUST00000043865.7|ENSMUSG00000071711|Mpst	chr15	78413825	78414013	+	Mpst	188	54.26
N1457	2461	ENSMUST00000166142.9|ENSMUSG00000033287|Kctd17	chr15	78437776	78439303	+	Kctd17	1527	58.74
N1458	2462	ENSMUST00000229185.1|ENSMUSG00000022440|C1qtnf6	chr15	78523347	78524957	-	C1qtnf6	1610	54.97
N1459	2463	ENSMUST00000229248.1|ENSMUSG00000018008|Cyth4	chr15	78611597	78619118	+	Cyth4	7521	53.12
N1460	2464	ENSMUST00000018313.5|ENSMUSG00000018169|Mfng	chr15	78755881	78756145	-	Mfng	264	46.59
N1461	2465	ENSMUST00000164826.7|ENSMUSG00000033170|Card10	chr15	78775137	78776424	-	Card10	1287	57.34
N1462	2466	ENSMUST00000059619.2|ENSMUSG00000049521|Cdc42ep1	chr15	78850523	78850897	+	Cdc42ep1	374	58.82
N1463	2467	ENSMUST00000230192.1|ENSMUSG00000033128|Gga1	chr15	78891590	78894581	+	Gga1	2991	60.31
N1464	2468	ENSMUST00000134703.7|ENSMUSG00000116069|Gm49510	chr15	78918594	78919032	+	Gm49510	438	55.48
N1465	2469	ENSMUST00000151146.7|ENSMUSG00000022436|Sh3bp1	chr15	78908512	78912051	+	Sh3bp1	3539	55.21
N1466	247	ENSMUST00000105359.7|ENSMUSG00000020135|Apc2	chr10	80316284	80318263	+	Apc2	1979	59.22
N1467	2471	ENSMUST00000138880.8|ENSMUSG00000033099|Nol12	chr15	78940776	78943638	+	Nol12	2862	53.11
N1468	2472	ENSMUST00000109690.10|ENSMUSG00000033088|Triobp	chr15	79004751	79005869	+	Triobp	1118	54.03
N1469	2473	ENSMUST00000180086.2|ENSMUSG00000096210|H1f0	chr15	79030145	79030504	+	H1f0	359	39.83
N1470	2474	ENSMUST00000006544.8|ENSMUSG00000006378|Gcat	chr15	79037442	79038353	+	Gcat	911	55.1
N1471	2475	ENSMUST00000153003.2|ENSMUSG00000033055|Ankrd54	chr15	79053909	79057859	-	Ankrd54	3950	52.73
N1472	2476	ENSMUST00000229031.1|ENSMUSG00000033039|Micall1	chr15	79125674	79136896	+	Micall1	11222	54.3
N1473	2477	ENSMUST00000230532.1|ENSMUSG00000033006|Sox10	chr15	79154907	79155451	-	Sox10	544	54.41
N1474	2478	ENSMUST00000163571.7|ENSMUSG00000068206|Pick1	chr15	79249244	79249484	+	Pick1	240	59.58
N1475	2479	ENSMUST00000165408.7|ENSMUSG00000018126|Baiap2l2	chr15	79258194	79258423	-	Baiap2l2	229	48.03
N1476	248	ENSMUST00000020341.8|ENSMUSG00000020133|2310011J03Rik	chr10	80318253	80318904	-	2310011J03Rik	651	55.15
N1477	2480	ENSMUST00000174021.7|ENSMUSG00000042632|Pla2g6	chr15	79286227	79286507	-	Pla2g6	280	58.21
N1478	2481	ENSMUST00000096350.10|ENSMUSG00000042622|Maff	chr15	79358003	79359076	+	Maff	1073	50.79
N1479	2482	ENSMUST00000074991.9|ENSMUSG00000009035|Tmem184b	chr15	79360683	79362495	-	Tmem184b	1812	56.07
N1480	2483	ENSMUST00000117786.7|ENSMUSG00000022433|Csnk1e	chr15	79417855	79419787	-	Csnk1e	1932	48.03
N1481	2484	ENSMUST00000057801.7|ENSMUSG00000044216|Kcnj4	chr15	79483713	79484247	-	Kcnj4	534	55.24
N1482	2485	ENSMUST00000010974.8|ENSMUSG00000010830|Kdelr3	chr15	79527471	79527739	+	Kdelr3	268	49.25
N1483	2487	ENSMUST00000023062.4|ENSMUSG00000022427|Tomm22	chr15	79672658	79673400	+	Tomm22	742	40.57
N1484	2488	ENSMUST00000023061.6|ENSMUSG00000022426|Josd1	chr15	79674250	79675837	-	Josd1	1587	49.53
N1485	2489	ENSMUST00000231095.1|ENSMUSG00000042535|Gtpbp1	chr15	79713510	79716173	+	Gtpbp1	2663	51.11
N1486	249	ENSMUST00000105354.7|ENSMUSG00000035504|Reep6	chr10	80336038	80336441	+	Reep6	403	54.59
N1487	2490	ENSMUST00000023055.7|ENSMUSG00000022420|Dnal4	chr15	79761452	79761771	-	Dnal4	319	46.39
N1488	2491	ENSMUST00000023057.9|ENSMUSG00000022421|Nptxr	chr15	79786350	79789543	-	Nptxr	3193	54.09
N1489	2492	ENSMUST00000109627.7|ENSMUSG00000089715|Cbx6	chr15	79823895	79826335	-	Cbx6	2440	50.2
N1490	2493	ENSMUST00000177006.7|ENSMUSG00000009585|Apobec3	chr15	79898225	79907369	+	Apobec3	9144	50.49
N1491	2494	ENSMUST00000109616.8|ENSMUSG00000053411|Cbx7	chr15	79915806	79917457	-	Cbx7	1651	52.82
N1492	2495	ENSMUST00000000500.7|ENSMUSG00000000489|Pdgfb	chr15	79995873	79997431	-	Pdgfb	1558	54.49
N1493	2496	ENSMUST00000187832.6|ENSMUSG00000060036|Rpl3	chr15	80080416	80080885	-	Rpl3	469	47.55
N1494	2497	ENSMUST00000009727.11|ENSMUSG00000022415|Syngr1	chr15	80116224	80119501	+	Syngr1	3277	54.96
N1495	2499	ENSMUST00000044970.6|ENSMUSG00000042428|Mgat3	chr15	80212738	80215519	+	Mgat3	2781	49.66
N1496	25	ENSMUST00000019945.14|ENSMUSG00000019809|Pex3	chr10	13524115	13524413	-	Pex3	298	24.83
N1497	250	ENSMUST00000095446.9|ENSMUSG00000043822|Adamtsl5	chr10	80340840	80341006	-	Adamtsl5	166	40.96
N1498	2500	ENSMUST00000228788.2|ENSMUSG00000022412|Mief1	chr15	80248566	80252786	+	Mief1	4220	46.87
N1499	2501	ENSMUST00000067689.8|ENSMUSG00000047888|Tnrc6b	chr15	80929665	80941085	+	Tnrc6b	11420	43.81
N1500	2502	ENSMUST00000166711.7|ENSMUSG00000022407|Adsl	chr15	80960635	80969119	+	Adsl	8484	49.02
N1501	2503	ENSMUST00000134469.8|ENSMUSG00000042292|Mrtfa	chr15	81012280	81012908	-	Mrtfa	628	49.84
N1502	2504	ENSMUST00000166855.2|ENSMUSG00000050164|Mchr1	chr15	81238614	81238964	+	Mchr1	350	49.43
N1503	2505	ENSMUST00000230309.1|ENSMUSG00000022404|Slc25a17	chr15	81337943	81343966	-	Slc25a17	6023	42.82
N1504	2506	ENSMUST00000172107.7|ENSMUSG00000022403|St13	chr15	81363668	81365212	-	St13	1544	34.65
N1505	2507	ENSMUST00000023036.6|ENSMUSG00000022400|Rbx1	chr15	81475246	81476369	+	Rbx1	1123	45.77
N1506	2509	ENSMUST00000173598.7|ENSMUSG00000063765|Chadl	chr15	81678295	81681919	-	Chadl	3624	49.59
N1507	251	ENSMUST00000105350.2|ENSMUSG00000048696|Mex3d	chr10	80380354	80380687	-	Mex3d	333	29.13
N1508	2510	ENSMUST00000170134.8|ENSMUSG00000022391|Rangap1	chr15	81704247	81704735	-	Rangap1	488	52.66
N1509	2511	ENSMUST00000109553.9|ENSMUSG00000022389|Tef	chr15	81823829	81826863	+	Tef	3034	50.63
N1510	2512	ENSMUST00000050467.8|ENSMUSG00000048546|Tob2	chr15	81848271	81849901	-	Tob2	1630	46.38
N1511	2513	ENSMUST00000023117.9|ENSMUSG00000061360|Phf5a	chr15	81864519	81865486	-	Phf5a	967	40.95
N1512	2515	ENSMUST00000023113.6|ENSMUSG00000022476|Polr3h	chr15	81915028	81916268	-	Polr3h	1240	48.47
N1513	2516	ENSMUST00000038757.7|ENSMUSG00000042109|Csdc2	chr15	81949430	81950941	+	Csdc2	1511	56.06
N1514	2517	ENSMUST00000155781.1|ENSMUSG00000022474|Pmm1	chr15	81951443	81951848	-	Pmm1	405	55.56
N1515	2518	ENSMUST00000023110.6|ENSMUSG00000022472|Desi1	chr15	81994657	82002432	-	Desi1	7775	46.82
N1516	2519	ENSMUST00000080622.8|ENSMUSG00000063480|Snu13	chr15	82040524	82041544	-	Snu13	1020	42.65
N1517	2520	ENSMUST00000023100.7|ENSMUSG00000022463|Srebf2	chr15	82204395	82205379	+	Srebf2	984	54.27
N1518	2521	ENSMUST00000089157.10|ENSMUSG00000068101|Cenpm	chr15	82233778	82234207	-	Cenpm	429	46.15
N1519	2523	ENSMUST00000239048.1|ENSMUSG00000022456|Septin3	chr15	82291845	82294574	+	Septin3	2729	47.78
N1520	2524	ENSMUST00000230139.1|ENSMUSG00000022453|Naga	chr15	82330733	82334749	-	Naga	4016	50.32
N1521	2525	ENSMUST00000161178.1|ENSMUSG00000049687|Pheta2	chr15	82345112	82345743	+	Pheta2	631	47.07
N1522	2526	ENSMUST00000161892.1|ENSMUSG00000022452|Smdt1	chr15	82348084	82349091	+	Smdt1	1007	50.55
N1523	2527	ENSMUST00000023083.8|ENSMUSG00000061740|Cyp2d22	chr15	82370526	82370874	-	Cyp2d22	348	41.09
N1524	2528	ENSMUST00000100377.11|ENSMUSG00000058099|Nfam1	chr15	82997797	83014914	-	Nfam1	17117	51.38
N1525	2529	ENSMUST00000018184.9|ENSMUSG00000018040|Rrp7a	chr15	83113432	83116110	-	Rrp7a	2678	53.4
N1526	253	ENSMUST00000020372.5|ENSMUSG00000020163|Uqcr11	chr10	80402996	80404017	-	Uqcr11	1021	51.32
N1527	2531	ENSMUST00000049530.13|ENSMUSG00000047878|A4galt	chr15	83226721	83227040	-	A4galt	319	40.75
N1528	2532	ENSMUST00000067215.8|ENSMUSG00000054277|Arfgap3	chr15	83299738	83300070	-	Arfgap3	332	36.75
N1529	2533	ENSMUST00000171436.7|ENSMUSG00000016664|Pacsin2	chr15	83375606	83376358	-	Pacsin2	752	51.06
N1530	2534	ENSMUST00000061882.9|ENSMUSG00000048755|Mcat	chr15	83546796	83547120	-	Mcat	324	50.0
N1531	2535	ENSMUST00000047419.7|ENSMUSG00000041736|Tspo	chr15	83574106	83574203	+	Tspo	97	57.73
N1532	2536	ENSMUST00000136066.7|ENSMUSG00000016757|Ttll12	chr15	83575118	83580067	-	Ttll12	4949	53.59
N1533	2537	ENSMUST00000043634.11|ENSMUSG00000016763|Scube1	chr15	83605002	83606776	-	Scube1	1774	52.54
N1534	2538	ENSMUST00000123387.8|ENSMUSG00000041708|Mpped1	chr15	83852273	83858494	+	Mpped1	6221	52.82
N1535	2539	ENSMUST00000023071.7|ENSMUSG00000022437|Samm50	chr15	84214319	84217267	+	Samm50	2948	51.7
N1536	254	ENSMUST00000105344.7|ENSMUSG00000020167|Tcf3	chr10	80409513	80409859	-	Tcf3	346	37.28
N1537	2540	ENSMUST00000163667.1|ENSMUSG00000022439|Parvg	chr15	84342503	84342978	+	Parvg	475	49.26
N1538	2541	ENSMUST00000069476.4|ENSMUSG00000055745|Rtl6	chr15	84553397	84556313	-	Rtl6	2916	54.29
N1539	2542	ENSMUST00000171460.7|ENSMUSG00000036106|Prr5	chr15	84703358	84703673	+	Prr5	315	61.27
N1540	2543	ENSMUST00000165443.3|ENSMUSG00000016619|Nup50	chr15	84940374	84942963	+	Nup50	2589	46.93
N1541	2544	ENSMUST00000047144.12|ENSMUSG00000036046|5031439G07Rik	chr15	84943935	84948202	-	5031439G07Rik	4267	47.93
N1542	2545	ENSMUST00000023069.8|ENSMUSG00000022434|Fam118a	chr15	85061716	85062830	+	Fam118a	1114	39.95
N1543	2546	ENSMUST00000057410.13|ENSMUSG00000006369|Fbln1	chr15	85285459	85286535	+	Fbln1	1076	47.77
N1544	2547	ENSMUST00000109424.3|ENSMUSG00000022382|Wnt7b	chr15	85535436	85536701	-	Wnt7b	1265	56.21
N1545	2548	ENSMUST00000109422.7|ENSMUSG00000022383|Ppara	chr15	85801524	85802819	+	Ppara	1295	46.41
N1546	2549	ENSMUST00000071876.12|ENSMUSG00000064284|Cdpf1	chr15	85806971	85807206	-	Cdpf1	235	45.96
N1547	255	ENSMUST00000038558.8|ENSMUSG00000035397|Klf16	chr10	80567123	80568634	-	Klf16	1511	54.14
N1548	2550	ENSMUST00000124011.1|ENSMUSG00000035944|Ttc38	chr15	85841620	85844481	+	Ttc38	2861	52.67
N1549	2551	ENSMUST00000231074.1|ENSMUSG00000022385|Gtse1	chr15	85876381	85876573	+	Gtse1	192	33.85
N1550	2552	ENSMUST00000162339.7|ENSMUSG00000022386|Trmu	chr15	85892792	85896426	+	Trmu	3634	53.96
N1551	2553	ENSMUST00000123349.1|ENSMUSG00000035900|Gramd4	chr15	86130657	86137631	+	Gramd4	6974	55.06
N1552	2554	ENSMUST00000044332.15|ENSMUSG00000035891|Cerk	chr15	86139128	86141391	-	Cerk	2263	52.59
N1553	2555	ENSMUST00000063414.8|ENSMUSG00000051864|Tbc1d22a	chr15	86497089	86498503	+	Tbc1d22a	1414	54.46
N1554	2556	ENSMUST00000068088.7|ENSMUSG00000054863|Tafa5	chr15	87758096	87759364	+	Tafa5	1268	46.37
N1555	2558	ENSMUST00000162183.7|ENSMUSG00000035845|Alg12	chr15	88805243	88805531	-	Alg12	288	45.83
N1556	2559	ENSMUST00000024042.4|ENSMUSG00000023272|Creld2	chr15	88826584	88826683	+	Creld2	99	32.32
N1557	2560	ENSMUST00000042818.10|ENSMUSG00000035828|Pim3	chr15	88865282	88865726	+	Pim3	444	46.17
N1558	2561	ENSMUST00000042594.12|ENSMUSG00000035805|Mlc1	chr15	88955883	88956232	-	Mlc1	349	47.28
N1559	2562	ENSMUST00000162424.1|ENSMUSG00000058441|Panx2	chr15	89070157	89070907	+	Panx2	750	56.27
N1560	2563	ENSMUST00000169870.7|ENSMUSG00000015363|Trabd	chr15	89082117	89087071	+	Trabd	4954	54.76
N1561	2564	ENSMUST00000130700.7|ENSMUSG00000035757|Selenoo	chr15	89095750	89098180	+	Selenoo	2430	47.98
N1562	2565	ENSMUST00000109353.8|ENSMUSG00000051786|Tubgcp6	chr15	89098356	89099262	-	Tubgcp6	906	51.77
N1563	2566	ENSMUST00000109347.1|ENSMUSG00000062906|Hdac10	chr15	89123571	89123818	-	Hdac10	247	58.3
N1564	2567	ENSMUST00000088827.7|ENSMUSG00000022610|Mapk12	chr15	89130583	89130827	-	Mapk12	244	52.46
N1565	2568	ENSMUST00000088823.4|ENSMUSG00000053137|Mapk11	chr15	89142486	89143589	-	Mapk11	1103	52.67
N1566	2569	ENSMUST00000060808.9|ENSMUSG00000036606|Plxnb2	chr15	89155548	89155828	-	Plxnb2	280	55.0
N1567	257	ENSMUST00000038411.4|ENSMUSG00000113640|Adat3	chr10	80607527	80607654	+	Adat3	127	61.42
N1568	2570	ENSMUST00000124576.7|ENSMUSG00000036529|Sbf1	chr15	89288285	89299482	-	Sbf1	11197	51.53
N1569	2573	ENSMUST00000023285.4|ENSMUSG00000022615|Tymp	chr15	89371930	89373296	-	Tymp	1366	55.71
N1570	2574	ENSMUST00000052315.12|ENSMUSG00000116461|Gm44502	chr15	89416404	89427323	-	Gm44502	10919	52.99
N1571	2575	ENSMUST00000171666.7|ENSMUSG00000022617|Chkb	chr15	89426440	89426810	-	Chkb	370	57.57
N1572	2576	ENSMUST00000023291.5|ENSMUSG00000022619|Mapk8ip2	chr15	89462273	89464468	+	Mapk8ip2	2195	48.88
N1573	2577	ENSMUST00000165199.7|ENSMUSG00000022620|Arsa	chr15	89472475	89472801	-	Arsa	326	42.02
N1574	2578	ENSMUST00000229559.1|ENSMUSG00000022623|Shank3	chr15	89549882	89558323	+	Shank3	8441	53.54
N1575	2579	ENSMUST00000171580.7|ENSMUSG00000022621|Rabl2	chr15	89583382	89584234	-	Rabl2	852	54.46
N1576	258	ENSMUST00000218067.1|ENSMUSG00000035370|Gm49322	chr10	80612459	80615784	+	Gm49322	3325	53.11
N1577	2580	ENSMUST00000088649.10|ENSMUSG00000052560|Cpne8	chr15	90487481	90571859	-	Cpne8	84378	39.2
N1578	2581	ENSMUST00000109288.8|ENSMUSG00000022629|Kif21a	chr15	90933275	90933659	-	Kif21a	384	29.17
N1579	2582	ENSMUST00000069511.7|ENSMUSG00000055782|Abcd2	chr15	91145870	91147597	-	Abcd2	1727	35.73
N1580	2583	ENSMUST00000109283.1|ENSMUSG00000036298|Slc2a13	chr15	91267695	91272005	-	Slc2a13	4310	38.4
N1581	2584	ENSMUST00000060642.6|ENSMUSG00000036273|Lrrk2	chr15	91815746	91816120	+	Lrrk2	374	23.8
N1582	2585	ENSMUST00000169825.7|ENSMUSG00000055022|Cntn1	chr15	92339896	92341967	+	Cntn1	2071	34.38
N1583	2586	ENSMUST00000133736.1|ENSMUSG00000022634|Yaf2	chr15	93284280	93317405	-	Yaf2	33125	42.25
N1584	2587	ENSMUST00000161409.1|ENSMUSG00000022635|Zcrb1	chr15	93387800	93391050	-	Zcrb1	3250	42.98
N1585	2589	ENSMUST00000109255.2|ENSMUSG00000036158|Prickle1	chr15	93499113	93499989	-	Prickle1	876	41.67
N1586	259	ENSMUST00000079773.13|ENSMUSG00000003345|Csnk1g2	chr10	80640462	80640741	+	Csnk1g2	279	61.65
N1587	2590	ENSMUST00000049151.3|ENSMUSG00000033356|Pus7l	chr15	94522687	94522930	-	Pus7l	243	30.86
N1588	2591	ENSMUST00000109248.1|ENSMUSG00000059883|Irak4	chr15	94580050	94581815	+	Irak4	1765	45.84
N1589	2592	ENSMUST00000023087.12|ENSMUSG00000022451|Twf1	chr15	94577950	94579294	-	Twf1	1344	40.25
N1590	2593	ENSMUST00000054244.6|ENSMUSG00000045608|Dbx2	chr15	95623562	95624511	-	Dbx2	949	39.62
N1591	2594	ENSMUST00000096250.4|ENSMUSG00000033237|Arid2	chr15	96402242	96404992	+	Arid2	2750	37.49
N1592	2595	ENSMUST00000088454.12|ENSMUSG00000023169|Slc38a1	chr15	96571417	96576462	-	Slc38a1	5045	46.05
N1593	2596	ENSMUST00000023099.7|ENSMUSG00000022462|Slc38a2	chr15	96687391	96689978	-	Slc38a2	2587	39.08
N1594	2597	ENSMUST00000231039.1|ENSMUSG00000022464|Slc38a4	chr15	96994819	96996841	-	Slc38a4	2022	38.03
N1595	2598	ENSMUST00000229890.1|ENSMUSG00000048218|Amigo2	chr15	97244124	97244496	-	Amigo2	372	41.94
N1596	2599	ENSMUST00000023104.6|ENSMUSG00000022466|Rpap3	chr15	97675096	97675145	-	Rpap3	49	26.53
N1597	260	ENSMUST00000126980.7|ENSMUSG00000003344|Btbd2	chr10	80642616	80642942	-	Btbd2	326	52.76
N1598	2600	ENSMUST00000175894.7|ENSMUSG00000022469|Rapgef3	chr15	97745284	97757178	-	Rapgef3	11894	52.75
N1599	2601	ENSMUST00000023119.14|ENSMUSG00000022479|Vdr	chr15	97854424	97855727	-	Vdr	1303	45.43
N1600	2602	ENSMUST00000064200.8|ENSMUSG00000052369|Tmem106c	chr15	97970005	97970275	+	Tmem106c	270	53.33
N1601	2603	ENSMUST00000180716.7|ENSMUSG00000033075|Senp1	chr15	98041392	98076519	-	Senp1	35127	43.25
N1602	2604	ENSMUST00000230445.1|ENSMUSG00000033065|Pfkm	chr15	98132242	98132451	+	Pfkm	209	44.02
N1603	2605	ENSMUST00000143400.7|ENSMUSG00000048175|Asb8	chr15	98134636	98135000	-	Asb8	364	40.11
N1604	2606	ENSMUST00000031914.5|ENSMUSG00000029875|Ccdc184	chr15	98169111	98170134	+	Ccdc184	1023	51.12
N1605	2607	ENSMUST00000170618.7|ENSMUSG00000090129|Olfr287	chr15	98206970	98207184	-	Olfr287	214	48.6
N1606	2608	ENSMUST00000231066.1|ENSMUSG00000022992|Kansl2	chr15	98518819	98528862	-	Kansl2	10043	43.78
N1607	2609	ENSMUST00000228903.1|ENSMUSG00000022994|Adcy6	chr15	98591582	98598356	-	Adcy6	6774	54.07
N1608	261	ENSMUST00000200082.4|ENSMUSG00000020190|Mknk2	chr10	80665326	80666753	-	Mknk2	1427	56.97
N1609	2611	ENSMUST00000003451.10|ENSMUSG00000054855|Rnd1	chr15	98669204	98670016	-	Rnd1	812	47.04
N1610	2612	ENSMUST00000053183.11|ENSMUSG00000051853|Arf3	chr15	98736633	98737755	-	Arf3	1122	49.29
N1611	2613	ENSMUST00000075444.7|ENSMUSG00000059213|Ddn	chr15	98803776	98805128	-	Ddn	1352	52.51
N1612	2614	ENSMUST00000168846.2|ENSMUSG00000067713|Prkag1	chr15	98812796	98813089	-	Prkag1	293	46.76
N1613	2615	ENSMUST00000229348.1|ENSMUSG00000023755|Rhebl1	chr15	98877777	98877968	-	Rhebl1	191	45.03
N1614	2616	ENSMUST00000023737.5|ENSMUSG00000023000|Dhh	chr15	98891151	98893154	-	Dhh	2003	47.33
N1615	2617	ENSMUST00000023736.9|ENSMUSG00000022999|Lmbr1l	chr15	98903916	98904208	-	Lmbr1l	292	54.11
N1616	2618	ENSMUST00000097014.6|ENSMUSG00000072235|Tuba1a	chr15	98949836	98949885	-	Tuba1a	49	38.78
N1617	2619	ENSMUST00000063517.5|ENSMUSG00000051934|Spats2	chr15	99212973	99213215	+	Spats2	242	35.54
N1618	2621	ENSMUST00000229399.1|ENSMUSG00000037570|Mcrs1	chr15	99244358	99244559	-	Mcrs1	201	57.21
N1619	2622	ENSMUST00000140806.7|ENSMUSG00000023007|Prpf40b	chr15	99306599	99307077	+	Prpf40b	478	55.86
N1620	2623	ENSMUST00000023749.14|ENSMUSG00000023010|Tmbim6	chr15	99408646	99410049	+	Tmbim6	1403	53.81
N1621	2624	ENSMUST00000023747.13|ENSMUSG00000023009|Nckap5l	chr15	99422034	99422285	-	Nckap5l	251	50.2
N1622	2625	ENSMUST00000040313.5|ENSMUSG00000037525|Bcdin3d	chr15	99470078	99470282	-	Bcdin3d	204	43.63
N1623	2626	ENSMUST00000023750.8|ENSMUSG00000023011|Faim2	chr15	99497011	99498824	-	Faim2	1813	53.01
N1624	2627	ENSMUST00000168065.7|ENSMUSG00000023015|Racgap1	chr15	99628617	99631108	-	Racgap1	2491	43.8
N1625	2628	ENSMUST00000023758.8|ENSMUSG00000023017|Asic1	chr15	99700039	99701128	+	Asic1	1089	55.37
N1626	2629	ENSMUST00000023759.5|ENSMUSG00000023018|Smarcd1	chr15	99712573	99713991	+	Smarcd1	1418	56.21
N1627	263	ENSMUST00000218330.1|ENSMUSG00000055862|Izumo4	chr10	80704802	80705133	+	Izumo4	331	52.57
N1628	2630	ENSMUST00000023760.12|ENSMUSG00000023019|Gpd1	chr15	99723435	99725005	+	Gpd1	1570	55.86
N1629	2631	ENSMUST00000023761.3|ENSMUSG00000023020|Cox14	chr15	99727974	99729532	+	Cox14	1558	45.89
N1630	2632	ENSMUST00000176248.7|ENSMUSG00000023021|Cers5	chr15	99735310	99738554	-	Cers5	3244	46.27
N1631	2633	ENSMUST00000109024.8|ENSMUSG00000023022|Lima1	chr15	99778469	99779767	-	Lima1	1298	45.22
N1632	2634	ENSMUST00000100203.9|ENSMUSG00000023026|Dip2b	chr15	100216547	100219473	+	Dip2b	2926	44.02
N1633	2635	ENSMUST00000168103.1|ENSMUSG00000023027|Atf1	chr15	100252243	100260123	+	Atf1	7880	43.76
N1634	2636	ENSMUST00000231166.1|ENSMUSG00000054619|Mettl7a1	chr15	100305470	100313379	+	Mettl7a1	7909	43.8
N1635	2637	ENSMUST00000138843.7|ENSMUSG00000023030|Slc11a2	chr15	100392562	100395022	-	Slc11a2	2460	49.11
N1636	2638	ENSMUST00000229012.1|ENSMUSG00000037353|Letmd1	chr15	100475654	100479163	+	Letmd1	3509	50.61
N1637	2639	ENSMUST00000061457.6|ENSMUSG00000044636|Csrnp2	chr15	100479569	100481655	-	Csrnp2	2086	45.69
N1638	264	ENSMUST00000219356.1|ENSMUSG00000020198|Ap3d1	chr10	80722912	80727053	-	Ap3d1	4141	50.18
N1639	2640	ENSMUST00000229696.1|ENSMUSG00000009733|Tfcp2	chr15	100502746	100503283	-	Tfcp2	537	35.2
N1640	2642	ENSMUST00000230280.1|ENSMUSG00000053559|Smagp	chr15	100621361	100621610	-	Smagp	249	44.98
N1641	2643	ENSMUST00000183211.7|ENSMUSG00000098112|Bin2	chr15	100641076	100641386	-	Bin2	310	46.77
N1642	2644	ENSMUST00000230572.1|ENSMUSG00000023031|Cela1	chr15	100674420	100674551	-	Cela1	131	44.27
N1643	2645	ENSMUST00000159715.7|ENSMUSG00000037280|Galnt6	chr15	100691812	100693203	-	Galnt6	1391	51.4
N1644	2646	ENSMUST00000023776.12|ENSMUSG00000023032|Slc4a8	chr15	100816513	100823968	+	Slc4a8	7455	47.65
N1645	2647	ENSMUST00000108909.8|ENSMUSG00000023033|Scn8a	chr15	101041536	101045938	+	Scn8a	4402	47.36
N1646	2648	ENSMUST00000000542.13|ENSMUSG00000000530|Acvrl1	chr15	101144459	101145336	+	Acvrl1	877	53.59
N1647	265	ENSMUST00000219378.1|ENSMUSG00000035278|Plekhj1	chr10	80796425	80796590	-	Plekhj1	165	60.0
N1648	2650	ENSMUST00000228985.1|ENSMUSG00000023034|Nr4a1	chr15	101274513	101274795	+	Nr4a1	282	41.84
N1649	2651	ENSMUST00000048393.7|ENSMUSG00000037204|Atg101	chr15	101290820	101290945	+	Atg101	125	53.6
N1650	2652	ENSMUST00000023790.4|ENSMUSG00000046834|Krt1	chr15	101845425	101845658	-	Krt1	233	51.93
N1651	2653	ENSMUST00000169681.2|ENSMUSG00000058655|Eif4b	chr15	102095481	102097173	+	Eif4b	1692	45.27
N1652	2654	ENSMUST00000169627.8|ENSMUSG00000037003|Tns2	chr15	102116173	102116401	+	Tns2	228	53.51
N1653	2655	ENSMUST00000154032.1|ENSMUSG00000036966|Spryd3	chr15	102116527	102116870	-	Spryd3	343	54.23
N1654	2656	ENSMUST00000023807.6|ENSMUSG00000023046|Igfbp6	chr15	102149450	102149511	+	Igfbp6	61	54.1
N1655	2657	ENSMUST00000230322.1|ENSMUSG00000023044|Csad	chr15	102177593	102185997	-	Csad	8404	49.63
N1656	2658	ENSMUST00000119800.7|ENSMUSG00000046897|Zfp740	chr15	102212833	102215606	+	Zfp740	2773	50.34
N1657	2659	ENSMUST00000043172.14|ENSMUSG00000001288|Rarg	chr15	102234937	102235234	-	Rarg	297	50.84
N1658	2660	ENSMUST00000051341.5|ENSMUSG00000045665|Mfsd5	chr15	102281695	102281754	+	Mfsd5	59	52.54
N1659	2661	ENSMUST00000001335.6|ENSMUSG00000001289|Pfdn5	chr15	102328817	102331486	+	Pfdn5	2669	45.0
N1660	2662	ENSMUST00000229900.1|ENSMUSG00000036678|Aaas	chr15	102339763	102344088	-	Aaas	4325	45.2
N1661	2663	ENSMUST00000001326.6|ENSMUSG00000001280|Sp1	chr15	102432170	102436404	+	Sp1	4234	39.91
N1662	2665	ENSMUST00000077037.12|ENSMUSG00000056851|Pcbp2	chr15	102498765	102500061	+	Pcbp2	1296	40.97
N1663	2666	ENSMUST00000023812.9|ENSMUSG00000023050|Map3k12	chr15	102497645	102498488	-	Map3k12	843	37.01
N1664	2667	ENSMUST00000131184.7|ENSMUSG00000023051|Tarbp2	chr15	102521285	102523674	+	Tarbp2	2389	52.95
N1665	2668	ENSMUST00000183452.7|ENSMUSG00000099083|Atf7	chr15	102547774	102553753	-	Atf7	5979	42.82
N1666	2669	ENSMUST00000229398.1|ENSMUSG00000023055|Calcoco1	chr15	102711342	102717794	-	Calcoco1	6452	47.21
N1667	267	ENSMUST00000220091.1|ENSMUSG00000035206|Sppl2b	chr10	80866671	80868704	+	Sppl2b	2033	61.93
N1668	2670	ENSMUST00000229377.1|ENSMUSG00000036061|Smug1	chr15	103153289	103155221	-	Smug1	1932	44.31
N1669	2671	ENSMUST00000118152.7|ENSMUSG00000009575|Cbx5	chr15	103191543	103198442	-	Cbx5	6899	42.14
N1670	2672	ENSMUST00000230171.1|ENSMUSG00000046434|Hnrnpa1	chr15	103244827	103246692	+	Hnrnpa1	1865	40.21
N1671	2673	ENSMUST00000079824.5|ENSMUSG00000063234|Gpr84	chr15	103308234	103308309	-	Gpr84	75	53.33
N1672	2674	ENSMUST00000229373.1|ENSMUSG00000000552|Zfp385a	chr15	103313894	103314232	-	Zfp385a	338	61.83
N1673	2675	ENSMUST00000023133.7|ENSMUSG00000022490|Ppp1r1a	chr15	103530278	103530795	-	Ppp1r1a	517	47.39
N1674	2676	ENSMUST00000143537.8|ENSMUSG00000005982|Naa60	chr16	3902135	3903749	+	Naa60	1614	45.17
N1675	2677	ENSMUST00000006139.7|ENSMUSG00000005983|1700037C18Rik	chr16	3895180	3897165	-	1700037C18Rik	1985	44.99
N1676	2678	ENSMUST00000139294.1|ENSMUSG00000014232|Cluap1	chr16	3919564	3929867	+	Cluap1	10303	43.12
N1677	2679	ENSMUST00000180200.7|ENSMUSG00000049871|Nlrc3	chr16	3945006	3945935	-	Nlrc3	929	43.38
N1678	268	ENSMUST00000020440.6|ENSMUSG00000020219|Timm13	chr10	80899449	80900001	-	Timm13	552	53.99
N1679	2680	ENSMUST00000150354.2|ENSMUSG00000005981|Trap1	chr16	4056415	4060674	-	Trap1	4259	46.07
N1680	2681	ENSMUST00000023165.8|ENSMUSG00000022521|Crebbp	chr16	4081327	4083043	-	Crebbp	1716	44.29
N1681	2683	ENSMUST00000090500.9|ENSMUSG00000022519|Srl	chr16	4480215	4482201	-	Srl	1986	47.99
N1682	2684	ENSMUST00000014447.12|ENSMUSG00000014303|Glis2	chr16	4614324	4615957	+	Glis2	1633	52.91
N1683	2685	ENSMUST00000156889.7|ENSMUSG00000014301|Pam16	chr16	4616463	4616722	-	Pam16	259	52.12
N1684	2686	ENSMUST00000038770.3|ENSMUSG00000039646|Vasn	chr16	4650531	4650802	+	Vasn	271	41.7
N1685	2687	ENSMUST00000004172.14|ENSMUSG00000004070|Hmox2	chr16	4766253	4766742	+	Hmox2	489	46.42
N1686	2689	ENSMUST00000037843.6|ENSMUSG00000039568|Ubald1	chr16	4874777	4875366	-	Ubald1	589	54.67
N1687	269	ENSMUST00000057623.13|ENSMUSG00000062075|Lmnb2	chr10	80901202	80901656	-	Lmnb2	454	43.83
N1688	2690	ENSMUST00000070658.15|ENSMUSG00000022517|Mgrn1	chr16	4934383	4938296	+	Mgrn1	3913	52.77
N1689	2691	ENSMUST00000050881.9|ENSMUSG00000022516|Nudt16l1	chr16	4939828	4941016	+	Nudt16l1	1188	54.12
N1690	2692	ENSMUST00000231036.1|ENSMUSG00000022515|Anks3	chr16	4941435	4942100	-	Anks3	665	51.73
N1691	2694	ENSMUST00000115844.2|ENSMUSG00000022536|Glyr1	chr16	5013908	5015379	-	Glyr1	1471	47.79
N1692	2695	ENSMUST00000230703.1|ENSMUSG00000039473|Ubn1	chr16	5084253	5086289	+	Ubn1	2036	48.72
N1693	2696	ENSMUST00000147567.1|ENSMUSG00000023143|Nagpa	chr16	5195288	5195611	-	Nagpa	323	48.3
N1694	2697	ENSMUST00000049207.8|ENSMUSG00000039427|Alg1	chr16	5244774	5244912	+	Alg1	138	51.45
N1695	2698	ENSMUST00000064635.11|ENSMUSG00000022544|Eef2kmt	chr16	5244151	5244440	-	Eef2kmt	289	54.33
N1696	2699	ENSMUST00000056416.8|ENSMUSG00000008658|Rbfox1	chr16	7409961	7411526	+	Rbfox1	1565	37.51
N1697	27	ENSMUST00000191138.6|ENSMUSG00000015501|Hivep2	chr10	14149884	14151374	+	Hivep2	1490	37.38
N1698	270	ENSMUST00000015456.9|ENSMUSG00000015312|Gadd45b	chr10	80931946	80932204	+	Gadd45b	258	61.24
N1699	2700	ENSMUST00000065987.13|ENSMUSG00000057880|Abat	chr16	8619039	8621568	+	Abat	2529	47.53
N1700	2701	ENSMUST00000052505.9|ENSMUSG00000043140|Tmem186	chr16	8633228	8634258	-	Tmem186	1030	42.43
N1701	2702	ENSMUST00000230828.1|ENSMUSG00000022711|Pmm2	chr16	8655800	8662467	+	Pmm2	6667	51.48
N1702	2704	ENSMUST00000160326.7|ENSMUSG00000022710|Usp7	chr16	8689599	8709997	-	Usp7	20398	45.24
N1703	2706	ENSMUST00000078357.4|ENSMUSG00000022505|Emp2	chr16	10281748	10283831	-	Emp2	2083	48.78
N1704	2707	ENSMUST00000023146.4|ENSMUSG00000022503|Nubp1	chr16	10423447	10424428	+	Nubp1	981	53.82
N1705	2708	ENSMUST00000128288.7|ENSMUSG00000050908|Tvp23a	chr16	10423243	10427000	-	Tvp23a	3757	48.63
N1706	2709	ENSMUST00000184863.7|ENSMUSG00000038055|Dexi	chr16	10502530	10542254	-	Dexi	39724	50.27
N1707	271	ENSMUST00000099462.7|ENSMUSG00000048240|Gng7	chr10	80948623	80951472	-	Gng7	2849	54.26
N1708	2710	ENSMUST00000229866.1|ENSMUSG00000038037|Socs1	chr16	10782239	10783999	-	Socs1	1760	52.05
N1709	2711	ENSMUST00000023143.13|ENSMUSG00000022500|Litaf	chr16	10959274	10960525	-	Litaf	1251	45.24
N1710	2712	ENSMUST00000089011.5|ENSMUSG00000037972|Snn	chr16	11072829	11074985	+	Snn	2156	48.01
N1711	2713	ENSMUST00000147884.1|ENSMUSG00000022498|Txndc11	chr16	11105956	11128486	-	Txndc11	22530	41.44
N1712	2714	ENSMUST00000140755.7|ENSMUSG00000037965|Zc3h7a	chr16	11140808	11143905	-	Zc3h7a	3097	46.11
N1713	2715	ENSMUST00000230232.1|ENSMUSG00000005846|Rsl1d1	chr16	11199441	11201267	-	Rsl1d1	1826	41.4
N1714	2716	ENSMUST00000167571.7|ENSMUSG00000062203|Gspt1	chr16	11219291	11220537	-	Gspt1	1246	36.36
N1715	2717	ENSMUST00000096272.10|ENSMUSG00000065979|Cpped1	chr16	11803720	11805104	-	Cpped1	1384	43.21
N1716	2718	ENSMUST00000149359.1|ENSMUSG00000009569|Mrtfb	chr16	13412843	13417529	+	Mrtfb	4686	47.33
N1717	2719	ENSMUST00000127973.7|ENSMUSG00000022684|Bfar	chr16	13692643	13699289	+	Bfar	6646	45.67
N1718	272	ENSMUST00000055125.4|ENSMUSG00000043670|Diras1	chr10	81019588	81020740	-	Diras1	1152	58.68
N1719	2720	ENSMUST00000239037.1|ENSMUSG00000118559|A930007A09Rik	chr16	13756997	13758537	+	A930007A09Rik	1540	38.05
N1720	2721	ENSMUST00000023363.7|ENSMUSG00000022682|Rrn3	chr16	13813618	13814839	+	Rrn3	1221	45.13
N1721	2722	ENSMUST00000023361.11|ENSMUSG00000022680|Pdxdc1	chr16	13833147	13834665	-	Pdxdc1	1518	46.77
N1722	2723	ENSMUST00000118412.7|ENSMUSG00000044117|Bmerb1	chr16	14096089	14100228	+	Bmerb1	4139	42.76
N1723	2724	ENSMUST00000132316.7|ENSMUSG00000022678|Nde1	chr16	14183653	14192918	+	Nde1	9265	45.66
N1724	2725	ENSMUST00000120707.1|ENSMUSG00000022677|Fopnl	chr16	14299243	14304307	-	Fopnl	5064	44.19
N1725	2726	ENSMUST00000133454.7|ENSMUSG00000023088|Abcc1	chr16	14440147	14473902	+	Abcc1	33755	47.5
N1726	2727	ENSMUST00000023356.7|ENSMUSG00000022676|Snai2	chr16	14708973	14709385	+	Snai2	412	32.77
N1727	2728	ENSMUST00000229859.1|ENSMUSG00000022674|Ube2v2	chr16	15552076	15555856	-	Ube2v2	3780	35.0
N1728	2729	ENSMUST00000023353.3|ENSMUSG00000022673|Mcm4	chr16	15623896	15624350	-	Mcm4	454	28.19
N1729	273	ENSMUST00000117276.10|ENSMUSG00000046822|Slc39a3	chr10	81028537	81030808	-	Slc39a3	2271	56.41
N1730	2730	ENSMUST00000229680.1|ENSMUSG00000022671|Mzt2	chr16	15848445	15848517	-	Mzt2	72	29.17
N1731	2731	ENSMUST00000096232.5|ENSMUSG00000071637|Cebpd	chr16	15888288	15891031	+	Cebpd	2743	45.61
N1732	2732	ENSMUST00000040248.8|ENSMUSG00000041974|Spidr	chr16	15889223	15889481	-	Spidr	258	31.4
N1733	2733	ENSMUST00000023477.14|ENSMUSG00000022789|Dnm1l	chr16	16312229	16313715	-	Dnm1l	1486	36.14
N1734	2734	ENSMUST00000161861.7|ENSMUSG00000022788|Fgd4	chr16	16416916	16422166	-	Fgd4	5250	33.09
N1735	2735	ENSMUST00000027373.11|ENSMUSG00000026181|Ppm1f	chr16	16924558	16927364	+	Ppm1f	2806	50.5
N1736	2737	ENSMUST00000231394.1|ENSMUSG00000022773|Ypel1	chr16	17086166	17087045	+	Ypel1	879	44.25
N1737	2738	ENSMUST00000231451.1|ENSMUSG00000022771|Ppil2	chr16	17088650	17092684	-	Ppil2	4034	52.63
N1738	274	ENSMUST00000005067.5|ENSMUSG00000004937|Sgta	chr10	81044074	81046046	-	Sgta	1972	54.21
N1739	2740	ENSMUST00000164950.10|ENSMUSG00000055692|Tmem191c	chr16	17278402	17278661	+	Tmem191c	259	52.51
N1740	2741	ENSMUST00000231651.1|ENSMUSG00000041720|Pi4ka	chr16	17308218	17318279	-	Pi4ka	10061	45.19
N1741	2742	ENSMUST00000023450.14|ENSMUSG00000022766|Serpind1	chr16	17343344	17343575	+	Serpind1	231	51.52
N1742	2743	ENSMUST00000023449.10|ENSMUSG00000022765|Snap29	chr16	17429061	17430827	+	Snap29	1766	42.81
N1743	2744	ENSMUST00000006293.4|ENSMUSG00000006134|Crkl	chr16	17484088	17487434	+	Crkl	3346	44.38
N1744	2745	ENSMUST00000115685.9|ENSMUSG00000022763|Aifm3	chr16	17507314	17507485	+	Aifm3	171	56.73
N1745	2746	ENSMUST00000231994.1|ENSMUSG00000022761|Lztr1	chr16	17524457	17526333	+	Lztr1	1876	50.05
N1746	2747	ENSMUST00000232114.1|ENSMUSG00000022760|Thap7	chr16	17528185	17530141	-	Thap7	1956	52.1
N1747	2748	ENSMUST00000172164.9|ENSMUSG00000022756|Slc7a4	chr16	17572017	17573080	-	Slc7a4	1063	49.01
N1748	2749	ENSMUST00000231627.1|ENSMUSG00000005899|Smpd4	chr16	17626953	17642803	+	Smpd4	15850	49.32
N1749	275	ENSMUST00000005057.6|ENSMUSG00000004929|Thop1	chr10	81082167	81082559	+	Thop1	392	54.08
N1750	2750	ENSMUST00000182368.7|ENSMUSG00000041617|Ccdc74a	chr16	17648357	17649241	+	Ccdc74a	884	55.43
N1751	2751	ENSMUST00000232236.1|ENSMUSG00000012114|Med15	chr16	17651220	17651858	-	Med15	638	50.47
N1752	2753	ENSMUST00000232577.1|ENSMUSG00000012017|Scarf2	chr16	17806681	17808290	+	Scarf2	1609	65.38
N1753	2755	ENSMUST00000117945.7|ENSMUSG00000003166|Dgcr2	chr16	17840354	17841974	-	Dgcr2	1620	51.73
N1754	2756	ENSMUST00000232423.1|ENSMUSG00000003527|Ess2	chr16	17900708	17901881	-	Ess2	1173	52.77
N1755	2757	ENSMUST00000003622.15|ENSMUSG00000003528|Slc25a1	chr16	17925222	17925511	-	Slc25a1	289	60.9
N1756	2758	ENSMUST00000155387.7|ENSMUSG00000003531|Dgcr6	chr16	18071178	18071632	+	Dgcr6	454	53.52
N1757	2759	ENSMUST00000141635.7|ENSMUSG00000003526|Prodh	chr16	18072125	18077366	-	Prodh	5241	52.64
N1758	276	ENSMUST00000048223.13|ENSMUSG00000035027|Map2k2	chr10	81119703	81123845	+	Map2k2	4142	54.83
N1759	2761	ENSMUST00000115645.9|ENSMUSG00000005732|Ranbp1	chr16	18239783	18239938	-	Ranbp1	155	36.77
N1760	2762	ENSMUST00000232144.1|ENSMUSG00000116925|Gm49776	chr16	18245214	18255373	-	Gm49776	10159	49.37
N1761	2763	ENSMUST00000140206.7|ENSMUSG00000022721|Trmt2a	chr16	18253473	18254772	+	Trmt2a	1299	43.88
N1762	2764	ENSMUST00000009321.10|ENSMUSG00000022718|Dgcr8	chr16	18253947	18255187	-	Dgcr8	1240	42.5
N1763	2765	ENSMUST00000128580.7|ENSMUSG00000013539|Tango2	chr16	18300824	18303682	-	Tango2	2858	49.69
N1764	2766	ENSMUST00000165430.7|ENSMUSG00000000326|Comt	chr16	18406885	18407644	-	Comt	759	39.79
N1765	2767	ENSMUST00000115605.7|ENSMUSG00000075704|Txnrd2	chr16	18477857	18479071	+	Txnrd2	1214	54.45
N1766	2768	ENSMUST00000000904.14|ENSMUSG00000000884|Gnb1l	chr16	18548286	18564542	+	Gnb1l	16256	50.57
N1767	2769	ENSMUST00000232143.1|ENSMUSG00000009097|Tbx1	chr16	18581803	18582723	-	Tbx1	920	73.7
N1768	277	ENSMUST00000048128.14|ENSMUSG00000035011|Zbtb7a	chr10	81149000	81152222	+	Zbtb7a	3222	50.9
N1769	2770	ENSMUST00000167388.2|ENSMUSG00000050761|Gp1bb	chr16	18620316	18620573	-	Gp1bb	257	49.03
N1770	2771	ENSMUST00000231335.1|ENSMUSG00000116594|Gm49601	chr16	18620465	18620706	-	Gm49601	241	53.53
N1771	2772	ENSMUST00000232653.1|ENSMUSG00000072214|Septin5	chr16	18620501	18621927	-	Septin5	1426	64.66
N1772	2774	ENSMUST00000172013.8|ENSMUSG00000005262|Ufd1	chr16	18818084	18827714	+	Ufd1	9630	46.0
N1773	2775	ENSMUST00000055413.12|ENSMUSG00000071632|2510002D24Rik	chr16	18839652	18840160	+	2510002D24Rik	508	46.65
N1774	2776	ENSMUST00000190050.1|ENSMUSG00000099908|Gm28539	chr16	18896625	18956247	+	Gm28539	59622	42.64
N1775	2777	ENSMUST00000023391.15|ENSMUSG00000022706|Mrpl40	chr16	18872017	18872189	-	Mrpl40	172	43.02
N1776	2778	ENSMUST00000153397.7|ENSMUSG00000022702|Hira	chr16	18896659	18935080	+	Hira	38421	41.87
N1777	2779	ENSMUST00000164397.7|ENSMUSG00000022686|B3gnt5	chr16	19771281	19772753	+	B3gnt5	1472	33.97
N1778	278	ENSMUST00000005064.13|ENSMUSG00000004934|Pias4	chr10	81153265	81153593	-	Pias4	328	57.01
N1779	2780	ENSMUST00000058839.9|ENSMUSG00000043008|Klhl6	chr16	19946495	19946751	-	Klhl6	256	44.14
N1780	2781	ENSMUST00000023509.4|ENSMUSG00000062901|Klhl24	chr16	20125270	20129221	+	Klhl24	3951	39.71
N1781	2782	ENSMUST00000232338.1|ENSMUSG00000041215|Yeats2	chr16	20211749	20231322	+	Yeats2	19573	43.59
N1782	2784	ENSMUST00000148714.1|ENSMUSG00000003235|Eif2b5	chr16	20509133	20509323	+	Eif2b5	190	51.58
N1783	2786	ENSMUST00000007216.8|ENSMUSG00000022841|Ap2m1	chr16	20543770	20544909	+	Ap2m1	1139	44.69
N1784	2787	ENSMUST00000003319.5|ENSMUSG00000003234|Abcf3	chr16	20560704	20561379	+	Abcf3	675	49.93
N1785	2788	ENSMUST00000149236.7|ENSMUSG00000046613|Vwa5b2	chr16	20597624	20598462	+	Vwa5b2	838	56.56
N1786	2789	ENSMUST00000231362.1|ENSMUSG00000033809|Alg3	chr16	20605373	20608485	-	Alg3	3112	51.06
N1787	2790	ENSMUST00000120394.7|ENSMUSG00000115293|Gm49333	chr16	20645609	20645920	+	Gm49333	311	51.13
N1788	2791	ENSMUST00000052939.2|ENSMUSG00000051146|Camk2n2	chr16	20619214	20619962	-	Camk2n2	748	57.09
N1789	2792	ENSMUST00000172207.7|ENSMUSG00000006998|Psmd2	chr16	20660426	20663414	+	Psmd2	2988	46.15
N1790	2793	ENSMUST00000156226.7|ENSMUSG00000045983|Eif4g1	chr16	20682239	20692884	+	Eif4g1	10645	46.79
N1791	2794	ENSMUST00000056518.12|ENSMUSG00000050821|Fam131a	chr16	20702167	20703048	+	Fam131a	881	53.23
N1792	2795	ENSMUST00000131522.7|ENSMUSG00000022843|Clcn2	chr16	20705537	20707173	-	Clcn2	1636	48.72
N1793	2796	ENSMUST00000231656.1|ENSMUSG00000021018|Polr2h	chr16	20722092	20722265	+	Polr2h	173	47.4
N1794	2797	ENSMUST00000006112.6|ENSMUSG00000005958|Ephb3	chr16	21222983	21223304	+	Ephb3	321	57.94
N1795	2798	ENSMUST00000023559.6|ENSMUSG00000022853|Ehhadh	chr16	21761286	21761738	-	Ehhadh	452	33.85
N1796	2799	ENSMUST00000232635.1|ENSMUSG00000022856|Tmem41a	chr16	21934326	21937885	-	Tmem41a	3559	49.17
N1797	28	ENSMUST00000020018.11|ENSMUSG00000019868|Vta1	chr10	14655354	14684855	-	Vta1	29501	38.43
N1798	280	ENSMUST00000178422.8|ENSMUSG00000034974|Dapk3	chr10	81193092	81193197	+	Dapk3	105	53.33
N1799	2800	ENSMUST00000100052.10|ENSMUSG00000033581|Igf2bp2	chr16	22059008	22059919	-	Igf2bp2	911	40.61
N1800	2801	ENSMUST00000162413.8|ENSMUSG00000022858|Tra2b	chr16	22246461	22250864	-	Tra2b	4403	39.13
N1801	2802	ENSMUST00000170803.1|ENSMUSG00000013089|Etv5	chr16	22383578	22386660	-	Etv5	3082	46.17
N1802	2803	ENSMUST00000166487.9|ENSMUSG00000004460|Dnajb11	chr16	22872105	22879634	+	Dnajb11	7529	45.32
N1803	2804	ENSMUST00000160243.1|ENSMUSG00000060459|Kng2	chr16	22987388	23003868	-	Kng2	16480	41.13
N1804	2805	ENSMUST00000039492.13|ENSMUSG00000022875|Kng1	chr16	23081724	23082078	+	Kng1	354	46.33
N1805	2806	ENSMUST00000147117.7|ENSMUSG00000022884|Eif4a2	chr16	23110343	23114136	+	Eif4a2	3793	37.94
N1806	2807	ENSMUST00000178797.7|ENSMUSG00000022885|St6gal1	chr16	23358018	23360350	+	St6gal1	2332	47.86
N1807	2808	ENSMUST00000209422.1|ENSMUSG00000033355|Rtp4	chr16	23613617	23614222	+	Rtp4	605	50.25
N1808	2809	ENSMUST00000023151.5|ENSMUSG00000022508|Bcl6	chr16	23965051	23965337	-	Bcl6	286	43.71
N1809	281	ENSMUST00000146030.7|ENSMUSG00000034958|Atcay	chr10	81204507	81214665	-	Atcay	10158	51.3
N1810	2810	ENSMUST00000038053.13|ENSMUSG00000033306|Lpp	chr16	24980767	24992578	+	Lpp	11811	41.21
N1811	2811	ENSMUST00000039990.5|ENSMUSG00000038168|P3h2	chr16	25959287	25960209	-	P3h2	922	48.05
N1812	2812	ENSMUST00000023154.2|ENSMUSG00000022512|Cldn1	chr16	26356641	26358889	-	Cldn1	2248	37.59
N1813	2813	ENSMUST00000100026.9|ENSMUSG00000038127|Ccdc50	chr16	27446910	27452218	+	Ccdc50	5308	38.39
N1814	2814	ENSMUST00000100024.2|ENSMUSG00000022523|Fgf12	chr16	28160097	28162210	-	Fgf12	2113	33.7
N1815	2815	ENSMUST00000100023.2|ENSMUSG00000051065|Mb21d2	chr16	28826175	28827584	-	Mb21d2	1409	43.01
N1816	2816	ENSMUST00000089824.10|ENSMUSG00000022525|Plaat1	chr16	29228585	29230531	+	Plaat1	1946	40.9
N1817	2817	ENSMUST00000023171.7|ENSMUSG00000022528|Hes1	chr16	30067576	30067796	+	Hes1	220	28.64
N1818	2818	ENSMUST00000064606.7|ENSMUSG00000052316|Lrrc15	chr16	30269301	30272631	-	Lrrc15	3330	48.77
N1819	2819	ENSMUST00000061350.12|ENSMUSG00000022533|Atp13a3	chr16	30312422	30315555	-	Atp13a3	3133	34.41
N1820	282	ENSMUST00000117798.7|ENSMUSG00000034949|Zfr2	chr10	81251760	81252123	+	Zfr2	363	55.65
N1821	2820	ENSMUST00000089775.10|ENSMUSG00000022537|Tmem44	chr16	30511854	30537453	-	Tmem44	25599	47.66
N1822	2822	ENSMUST00000059078.3|ENSMUSG00000046546|Fam43a	chr16	30602325	30602797	+	Fam43a	472	37.08
N1823	2824	ENSMUST00000230698.1|ENSMUSG00000049076|Acap2	chr16	31092411	31139435	-	Acap2	47024	41.63
N1824	2825	ENSMUST00000060188.13|ENSMUSG00000047714|Ppp1r2	chr16	31251536	31253497	-	Ppp1r2	1961	38.96
N1825	2826	ENSMUST00000130560.7|ENSMUSG00000022548|Apod	chr16	31296191	31297192	-	Apod	1001	45.25
N1826	2827	ENSMUST00000132176.7|ENSMUSG00000022770|Dlg1	chr16	31838253	31873349	+	Dlg1	35096	38.31
N1827	2828	ENSMUST00000202722.1|ENSMUSG00000107002|0610012G03Rik	chr16	31947049	31947904	-	0610012G03Rik	855	46.9
N1828	283	ENSMUST00000128576.7|ENSMUSG00000004933|Matk	chr10	81262156	81263365	+	Matk	1209	58.73
N1829	2830	ENSMUST00000023467.8|ENSMUSG00000022781|Pak2	chr16	32016289	32018065	-	Pak2	1776	39.53
N1830	2831	ENSMUST00000115168.8|ENSMUSG00000035790|Cep19	chr16	32107734	32108069	+	Cep19	335	44.78
N1831	2832	ENSMUST00000099991.10|ENSMUSG00000052384|Nrros	chr16	32142784	32142883	-	Nrros	99	32.32
N1832	2833	ENSMUST00000042732.5|ENSMUSG00000035764|Fbxo45	chr16	32230111	32231714	-	Fbxo45	1603	40.3
N1833	2834	ENSMUST00000171474.1|ENSMUSG00000014074|Rnf168	chr16	32299812	32301434	+	Rnf168	1622	39.27
N1834	2835	ENSMUST00000115151.4|ENSMUSG00000053774|Ubxn7	chr16	32386541	32393747	+	Ubxn7	7206	38.59
N1835	2836	ENSMUST00000079791.10|ENSMUSG00000005615|Pcyt1a	chr16	32471787	32475070	+	Pcyt1a	3283	46.02
N1836	2837	ENSMUST00000023486.14|ENSMUSG00000022797|Tfrc	chr16	32631142	32632794	+	Tfrc	1652	36.08
N1837	2838	ENSMUST00000238799.1|ENSMUSG00000022791|Tnk2	chr16	32671633	32675716	+	Tnk2	4083	55.33
N1838	2839	ENSMUST00000115105.8|ENSMUSG00000035629|Rubcn	chr16	32821702	32823819	-	Rubcn	2117	51.16
N1839	284	ENSMUST00000161854.7|ENSMUSG00000034902|Pip5k1c	chr10	81315118	81319972	+	Pip5k1c	4854	59.37
N1840	2840	ENSMUST00000023489.10|ENSMUSG00000022800|Fyttd1	chr16	32907763	32908875	+	Fyttd1	1112	35.97
N1841	2841	ENSMUST00000164486.7|ENSMUSG00000022801|Lrch3	chr16	32955464	32973924	+	Lrch3	18460	40.49
N1842	2843	ENSMUST00000165418.8|ENSMUSG00000022811|Zfp148	chr16	33498326	33504363	+	Zfp148	6037	37.73
N1843	2844	ENSMUST00000152782.7|ENSMUSG00000075254|Heg1	chr16	33766958	33771576	+	Heg1	4618	46.58
N1844	2845	ENSMUST00000115028.10|ENSMUSG00000022817|Itgb5	chr16	33948973	33949338	+	Itgb5	365	47.95
N1845	2846	ENSMUST00000131990.1|ENSMUSG00000022814|Umps	chr16	33954793	33961568	-	Umps	6775	44.38
N1846	2847	ENSMUST00000114973.8|ENSMUSG00000061751|Kalrn	chr16	33969072	33975286	-	Kalrn	6214	40.05
N1847	2848	ENSMUST00000061156.9|ENSMUSG00000035376|Hacd2	chr16	35106545	35109177	+	Hacd2	2632	43.84
N1848	2849	ENSMUST00000114913.2|ENSMUSG00000022840|Adcy5	chr16	35304215	35305738	+	Adcy5	1523	50.82
N1849	285	ENSMUST00000050867.7|ENSMUSG00000034889|Cactin	chr10	81326102	81326242	+	Cactin	140	44.29
N1850	2850	ENSMUST00000154064.2|ENSMUSG00000034473|Sec22a	chr16	35314063	35318716	-	Sec22a	4653	39.54
N1851	2851	ENSMUST00000149892.1|ENSMUSG00000022848|Slc49a4	chr16	35697547	35735385	-	Slc49a4	37838	44.92
N1852	2852	ENSMUST00000023555.5|ENSMUSG00000022849|Hspbap1	chr16	35817412	35828477	+	Hspbap1	11065	45.43
N1853	2853	ENSMUST00000042665.8|ENSMUSG00000034422|Parp14	chr16	35832873	35834497	-	Parp14	1624	47.6
N1854	2854	ENSMUST00000081933.13|ENSMUSG00000049502|Dtx3l	chr16	35926510	35928384	-	Dtx3l	1874	40.23
N1855	2855	ENSMUST00000042203.9|ENSMUSG00000034379|Wdr5b	chr16	36042757	36043928	+	Wdr5b	1171	43.47
N1856	2856	ENSMUST00000004057.8|ENSMUSG00000003955|Fam162a	chr16	36043760	36043850	-	Fam162a	90	37.78
N1857	2857	ENSMUST00000164916.8|ENSMUSG00000075229|Ccdc58	chr16	36092032	36092120	+	Ccdc58	88	35.23
N1858	2858	ENSMUST00000089620.10|ENSMUSG00000022901|Cd86	chr16	36603868	36606405	-	Cd86	2537	42.81
N1859	2859	ENSMUST00000165380.7|ENSMUSG00000022899|Slc15a2	chr16	36751777	36756049	-	Slc15a2	4272	40.33
N1860	286	ENSMUST00000105325.3|ENSMUSG00000034881|Tbxa2r	chr10	81334879	81335172	+	Tbxa2r	293	59.73
N1861	2860	ENSMUST00000114812.8|ENSMUSG00000034243|Golgb1	chr16	36932105	36933085	+	Golgb1	980	49.8
N1862	2861	ENSMUST00000164050.7|ENSMUSG00000022831|Hcls1	chr16	36957423	36961530	+	Hcls1	4107	38.69
N1863	2862	ENSMUST00000023525.8|ENSMUSG00000022828|Gtf2e1	chr16	37509789	37511240	-	Gtf2e1	1451	40.11
N1864	2863	ENSMUST00000130028.1|ENSMUSG00000022827|Rabl3	chr16	37563823	37572382	+	Rabl3	8559	42.22
N1865	2864	ENSMUST00000023514.3|ENSMUSG00000022820|Ndufb4	chr16	37647169	37647508	-	Ndufb4	339	59.59
N1866	2865	ENSMUST00000114763.2|ENSMUSG00000022816|Fstl1	chr16	37835503	37836514	+	Fstl1	1011	43.92
N1867	2866	ENSMUST00000078717.6|ENSMUSG00000034158|Lrrc58	chr16	37883998	37888858	+	Lrrc58	4860	36.89
N1868	2867	ENSMUST00000023507.12|ENSMUSG00000022812|Gsk3b	chr16	38240717	38246084	+	Gsk3b	5367	41.76
N1869	2868	ENSMUST00000050273.8|ENSMUSG00000046516|Cox17	chr16	38349473	38352763	+	Cox17	3290	45.32
N1870	2869	ENSMUST00000119704.1|ENSMUSG00000095464|Gm21987	chr16	38352755	38362297	+	Gm21987	9542	43.81
N1871	287	ENSMUST00000105323.7|ENSMUSG00000020232|Hmg20b	chr10	81346047	81346283	-	Hmg20b	236	56.78
N1872	2870	ENSMUST00000002926.7|ENSMUSG00000002847|Pla1a	chr16	38396116	38396302	-	Pla1a	186	34.95
N1873	2871	ENSMUST00000002923.9|ENSMUSG00000002844|Adprh	chr16	38444029	38445541	-	Adprh	1512	47.75
N1874	2872	ENSMUST00000002925.5|ENSMUSG00000002846|Timmdc1	chr16	38498346	38498784	-	Timmdc1	438	41.55
N1875	2873	ENSMUST00000036210.6|ENSMUSG00000034064|Poglut1	chr16	38525136	38525639	-	Poglut1	503	44.14
N1876	2874	ENSMUST00000171687.7|ENSMUSG00000002845|Tmem39a	chr16	38591293	38592162	+	Tmem39a	869	43.04
N1877	2876	ENSMUST00000154902.1|ENSMUSG00000022793|B4galt4	chr16	38766068	38768848	+	B4galt4	2780	40.83
N1878	2877	ENSMUST00000099761.9|ENSMUSG00000061080|Lsamp	chr16	42175486	42181679	+	Lsamp	6193	41.14
N1879	2878	ENSMUST00000102817.4|ENSMUSG00000047261|Gap43	chr16	42248441	42248731	-	Gap43	290	33.45
N1880	2879	ENSMUST00000114694.8|ENSMUSG00000022708|Zbtb20	chr16	43618943	43642602	+	Zbtb20	23659	41.65
N1881	2880	ENSMUST00000114666.8|ENSMUSG00000052459|Atp6v1a	chr16	44085401	44086512	-	Atp6v1a	1111	38.07
N1882	2881	ENSMUST00000161326.7|ENSMUSG00000022698|Naa50	chr16	44160563	44163366	+	Naa50	2803	33.68
N1883	2882	ENSMUST00000050897.6|ENSMUSG00000043065|Spice1	chr16	44387142	44388497	+	Spice1	1355	40.07
N1884	2883	ENSMUST00000114634.2|ENSMUSG00000022687|Boc	chr16	44485048	44485265	-	Boc	217	42.86
N1885	2884	ENSMUST00000162512.7|ENSMUSG00000022668|Gtpbp8	chr16	44736767	44739083	-	Gtpbp8	2316	44.26
N1886	2885	ENSMUST00000114626.3|ENSMUSG00000062082|Cd200r4	chr16	44838867	44839150	+	Cd200r4	283	28.62
N1887	2886	ENSMUST00000099498.9|ENSMUSG00000022665|Ccdc80	chr16	45127658	45128077	+	Ccdc80	419	31.03
N1888	2887	ENSMUST00000023344.9|ENSMUSG00000022664|Slc35a5	chr16	45139572	45141073	-	Slc35a5	1501	36.44
N1889	2888	ENSMUST00000023343.3|ENSMUSG00000022663|Atg3	chr16	45187889	45188538	+	Atg3	649	38.06
N1890	2889	ENSMUST00000163230.7|ENSMUSG00000022661|Cd200	chr16	45382134	45392097	-	Cd200	9963	37.16
N1891	289	ENSMUST00000131736.7|ENSMUSG00000020234|4930404N11Rik	chr10	81363066	81363552	-	4930404N11Rik	486	57.0
N1892	2891	ENSMUST00000128348.2|ENSMUSG00000033157|Abhd10	chr16	45731550	45736892	-	Abhd10	5342	41.84
N1893	2892	ENSMUST00000036355.12|ENSMUSG00000033149|Phldb2	chr16	45746242	45747380	-	Phldb2	1138	34.89
N1894	2894	ENSMUST00000023335.12|ENSMUSG00000022656|Nectin3	chr16	46387705	46394453	-	Nectin3	6748	43.75
N1895	2895	ENSMUST00000121869.7|ENSMUSG00000064061|Dzip3	chr16	48924231	48925797	-	Dzip3	1566	31.29
N1896	2896	ENSMUST00000168680.1|ENSMUSG00000092009|Myh15	chr16	49198777	49199104	+	Myh15	327	40.67
N1897	2897	ENSMUST00000046777.10|ENSMUSG00000032965|Ift57	chr16	49764068	49765126	+	Ift57	1058	41.21
N1898	2898	ENSMUST00000084838.13|ENSMUSG00000055447|Cd47	chr16	49911443	49915010	+	Cd47	3567	40.26
N1899	2899	ENSMUST00000138166.7|ENSMUSG00000022641|Bbx	chr16	50191843	50196940	-	Bbx	5097	39.1
N1900	29	ENSMUST00000038107.8|ENSMUSG00000039910|Cited2	chr10	17725373	17725674	+	Cited2	301	33.89
N1901	290	ENSMUST00000140901.7|ENSMUSG00000020235|Fzr1	chr10	81366221	81367088	-	Fzr1	867	55.02
N1902	2900	ENSMUST00000114471.2|ENSMUSG00000022637|Cblb	chr16	52205225	52208048	+	Cblb	2823	39.39
N1903	2901	ENSMUST00000023312.13|ENSMUSG00000022636|Alcam	chr16	52248995	52253000	-	Alcam	4005	34.61
N1904	2902	ENSMUST00000114458.7|ENSMUSG00000035356|Nfkbiz	chr16	55811374	55812581	-	Nfkbiz	1207	35.54
N1905	2904	ENSMUST00000119981.7|ENSMUSG00000071533|Pcnp	chr16	56007244	56015692	-	Pcnp	8448	41.71
N1906	2905	ENSMUST00000059052.8|ENSMUSG00000044763|Trmt10c	chr16	56032608	56033858	-	Trmt10c	1250	38.0
N1907	2906	ENSMUST00000096012.10|ENSMUSG00000035258|Abi3bp	chr16	56689329	56690135	+	Abi3bp	806	30.15
N1908	2907	ENSMUST00000023435.5|ENSMUSG00000022754|Tmem45a	chr16	56805160	56806463	-	Tmem45a	1303	37.3
N1909	2908	ENSMUST00000166897.2|ENSMUSG00000022752|Tomm70a	chr16	57154368	57156705	+	Tomm70a	2337	37.74
N1910	2909	ENSMUST00000231934.1|ENSMUSG00000022751|Nit2	chr16	57157033	57159417	-	Nit2	2384	44.25
N1911	2910	ENSMUST00000228172.1|ENSMUSG00000022749|Tbc1d23	chr16	57198349	57212319	-	Tbc1d23	13970	42.87
N1912	2911	ENSMUST00000114371.4|ENSMUSG00000022748|Cmss1	chr16	57301999	57302050	-	Cmss1	51	50.98
N1913	2912	ENSMUST00000089332.4|ENSMUSG00000068196|Col8a1	chr16	57624257	57626762	-	Col8a1	2505	37.56
N1914	2913	ENSMUST00000046663.7|ENSMUSG00000035107|Dcbld2	chr16	58466564	58469727	+	Dcbld2	3163	42.27
N1915	2914	ENSMUST00000137035.7|ENSMUSG00000022747|St3gal6	chr16	58468124	58470178	-	St3gal6	2054	41.92
N1916	2915	ENSMUST00000060077.6|ENSMUSG00000022742|Cpox	chr16	58679125	58680386	+	Cpox	1261	34.02
N1917	2916	ENSMUST00000159944.7|ENSMUSG00000022744|Cldnd1	chr16	58731424	58732989	+	Cldnd1	1565	48.5
N1918	2917	ENSMUST00000044604.15|ENSMUSG00000022723|Crybg3	chr16	59490774	59491740	-	Crybg3	966	37.68
N1919	2918	ENSMUST00000023405.15|ENSMUSG00000022722|Arl6	chr16	59612948	59613521	-	Arl6	573	32.64
N1920	2919	ENSMUST00000143314.7|ENSMUSG00000050312|Nsun3	chr16	62732443	62770648	-	Nsun3	38205	40.6
N1921	292	ENSMUST00000144647.7|ENSMUSG00000113262|Gm48551	chr10	81390584	81391560	+	Gm48551	976	56.35
N1922	2920	ENSMUST00000089289.5|ENSMUSG00000022911|Arl13b	chr16	62793684	62795434	-	Arl13b	1750	33.71
N1923	2922	ENSMUST00000064405.7|ENSMUSG00000052504|Epha3	chr16	63543533	63545328	-	Epha3	1795	33.7
N1924	2923	ENSMUST00000076991.6|ENSMUSG00000059920|4930453N24Rik	chr16	64762135	64766163	-	4930453N24Rik	4028	37.59
N1925	2924	ENSMUST00000207826.1|ENSMUSG00000047141|Zfp654	chr16	64780346	64783062	-	Zfp654	2716	31.33
N1926	2925	ENSMUST00000067744.7|ENSMUSG00000054604|Cggbp1	chr16	64857246	64859507	+	Cggbp1	2261	36.13
N1927	2927	ENSMUST00000168064.2|ENSMUSG00000091243|Vgll3	chr16	65861676	65866368	+	Vgll3	4692	35.21
N1928	2929	ENSMUST00000232205.1|ENSMUSG00000022883|Robo1	chr16	73045625	73046095	+	Robo1	470	29.36
N1929	2930	ENSMUST00000117785.8|ENSMUSG00000052516|Robo2	chr16	73891838	73894603	-	Robo2	2765	35.26
N1930	2931	ENSMUST00000114239.8|ENSMUSG00000022876|Samsn1	chr16	75858792	75859111	-	Samsn1	319	27.59
N1931	2932	ENSMUST00000121927.7|ENSMUSG00000048490|Nrip1	chr16	76287399	76290943	-	Nrip1	3544	35.1
N1932	2933	ENSMUST00000239066.1|ENSMUSG00000022867|Usp25	chr16	77116263	77116780	+	Usp25	517	25.73
N1933	2934	ENSMUST00000231973.1|ENSMUSG00000022864|D16Ertd472e	chr16	78540337	78544072	-	D16Ertd472e	3735	40.56
N1934	2935	ENSMUST00000114195.7|ENSMUSG00000053062|Jam2	chr16	84823500	84825928	+	Jam2	2428	43.53
N1935	2936	ENSMUST00000009120.7|ENSMUSG00000008976|Gabpa	chr16	84861277	84863779	+	Gabpa	2502	35.93
N1936	2937	ENSMUST00000227723.1|ENSMUSG00000022892|App	chr16	84949684	84954733	-	App	5049	41.63
N1937	2938	ENSMUST00000023610.14|ENSMUSG00000022893|Adamts1	chr16	85793826	85794518	-	Adamts1	692	32.66
N1938	2939	ENSMUST00000023611.6|ENSMUSG00000022894|Adamts5	chr16	85856172	85862263	-	Adamts5	6091	35.59
N1939	294	ENSMUST00000105322.8|ENSMUSG00000078439|Smim24	chr10	81395124	81395392	+	Smim24	268	58.21
N1940	2940	ENSMUST00000039449.8|ENSMUSG00000052299|Ltn1	chr16	87376650	87377763	-	Ltn1	1113	36.93
N1941	2941	ENSMUST00000039101.11|ENSMUSG00000041079|Rwdd2b	chr16	87433406	87433786	-	Rwdd2b	380	45.53
N1942	2942	ENSMUST00000144759.7|ENSMUSG00000025616|Usp16	chr16	87479789	87483310	+	Usp16	3521	38.03
N1943	2943	ENSMUST00000177376.7|ENSMUSG00000025613|Cct8	chr16	87483987	87490320	-	Cct8	6333	41.24
N1944	2944	ENSMUST00000026703.5|ENSMUSG00000025612|Bach1	chr16	87730438	87733346	+	Bach1	2908	40.13
N1945	2945	ENSMUST00000163419.8|ENSMUSG00000022983|Scaf4	chr16	90228950	90229149	-	Scaf4	199	30.15
N1946	2946	ENSMUST00000065856.7|ENSMUSG00000053414|Hunk	chr16	90496896	90499553	+	Hunk	2657	49.12
N1947	2947	ENSMUST00000099554.4|ENSMUSG00000022978|Mis18a	chr16	90719311	90719593	-	Mis18a	282	31.56
N1948	2948	ENSMUST00000140920.1|ENSMUSG00000039929|Urb1	chr16	90751526	90751769	-	Urb1	243	30.04
N1949	2949	ENSMUST00000130868.7|ENSMUSG00000039903|Eva1c	chr16	90869766	90905109	+	Eva1c	35343	47.29
N1950	295	ENSMUST00000105321.9|ENSMUSG00000055053|Nfic	chr10	81396185	81399365	-	Nfic	3180	52.2
N1951	2950	ENSMUST00000125519.7|ENSMUSG00000022972|Cfap298	chr16	90925969	90927097	-	Cfap298	1128	54.52
N1952	2951	ENSMUST00000023698.11|ENSMUSG00000022974|Paxbp1	chr16	91014915	91027029	-	Paxbp1	12114	41.4
N1953	2952	ENSMUST00000035608.9|ENSMUSG00000039830|Olig2	chr16	91228269	91228677	+	Olig2	408	44.85
N1954	2954	ENSMUST00000089042.6|ENSMUSG00000022971|Ifnar2	chr16	91404963	91405366	+	Ifnar2	403	46.4
N1955	2955	ENSMUST00000161517.7|ENSMUSG00000093701|Gm21970	chr16	91412119	91419451	+	Gm21970	7332	45.16
N1956	2956	ENSMUST00000127644.1|ENSMUSG00000022965|Ifngr2	chr16	91558103	91560649	+	Ifngr2	2546	47.13
N1957	2957	ENSMUST00000049244.9|ENSMUSG00000039763|Dnajc28	chr16	91614253	91615905	-	Dnajc28	1652	42.49
N1958	2958	ENSMUST00000156713.7|ENSMUSG00000022962|Gart	chr16	91621392	91635993	-	Gart	14601	47.11
N1959	2959	ENSMUST00000144461.1|ENSMUSG00000022960|Donson	chr16	91679521	91686092	-	Donson	6571	42.92
N1960	296	ENSMUST00000118763.7|ENSMUSG00000034818|Celf5	chr10	81459226	81460738	-	Celf5	1512	49.6
N1961	2961	ENSMUST00000155452.7|ENSMUSG00000022956|Atp5o	chr16	91925220	91926396	-	Atp5o	1176	48.64
N1962	2962	ENSMUST00000047429.8|ENSMUSG00000039680|Mrps6	chr16	92112073	92112227	+	Mrps6	154	46.1
N1963	2963	ENSMUST00000047383.9|ENSMUSG00000039672|Kcne2	chr16	92297625	92298129	+	Kcne2	504	40.08
N1964	2964	ENSMUST00000063641.10|ENSMUSG00000051989|Smim11	chr16	92311104	92313041	+	Smim11	1937	53.33
N1965	2965	ENSMUST00000060005.14|ENSMUSG00000022951|Rcan1	chr16	92391952	92392591	-	Rcan1	639	48.04
N1966	2966	ENSMUST00000023670.3|ENSMUSG00000022949|Clic6	chr16	92539759	92541243	+	Clic6	1484	43.13
N1967	2967	ENSMUST00000023673.13|ENSMUSG00000022952|Runx1	chr16	92601465	92605370	-	Runx1	3905	39.97
N1968	2968	ENSMUST00000039659.8|ENSMUSG00000051483|Cbr1	chr16	93610379	93610505	+	Cbr1	126	37.3
N1969	2969	ENSMUST00000228910.1|ENSMUSG00000040820|Hlcs	chr16	94128881	94130612	-	Hlcs	1731	41.94
N1970	2970	ENSMUST00000023660.8|ENSMUSG00000022941|Ripply3	chr16	94336517	94336935	+	Ripply3	418	35.65
N1971	2972	ENSMUST00000023614.4|ENSMUSG00000022897|Dyrk1a	chr16	94692349	94695517	+	Dyrk1a	3168	43.28
N1972	2973	ENSMUST00000113856.7|ENSMUSG00000062609|Kcnj15	chr16	95297013	95300260	+	Kcnj15	3247	42.59
N1973	2974	ENSMUST00000233881.1|ENSMUSG00000040732|Erg	chr16	95359168	95360657	-	Erg	1489	46.14
N1974	2975	ENSMUST00000023612.16|ENSMUSG00000022895|Ets2	chr16	95719457	95721051	+	Ets2	1594	42.72
N1975	2976	ENSMUST00000233590.1|ENSMUSG00000022913|Psmg1	chr16	95980036	95987905	-	Psmg1	7869	44.64
N1976	2977	ENSMUST00000232694.1|ENSMUSG00000022914|Brwd1	chr16	96003859	96021176	-	Brwd1	17317	42.39
N1977	2978	ENSMUST00000050884.15|ENSMUSG00000040681|Hmgn1	chr16	96120617	96121789	-	Hmgn1	1172	44.03
N1978	2979	ENSMUST00000232832.1|ENSMUSG00000023147|Get1	chr16	96156617	96157852	+	Get1	1235	47.29
N1979	298	ENSMUST00000043709.7|ENSMUSG00000034792|Gna15	chr10	81502312	81502643	-	Gna15	331	50.76
N1980	2980	ENSMUST00000113804.7|ENSMUSG00000045275|Lca5l	chr16	96158406	96158696	-	Lca5l	290	40.69
N1981	2981	ENSMUST00000081093.9|ENSMUSG00000000159|Igsf5	chr16	96403658	96404031	+	Igsf5	373	48.26
N1982	2982	ENSMUST00000231664.1|ENSMUSG00000040605|Bace2	chr16	97413513	97424568	+	Bace2	11055	43.59
N1983	2983	ENSMUST00000024112.7|ENSMUSG00000023341|Mx2	chr16	97560717	97560899	+	Mx2	182	45.6
N1984	2984	ENSMUST00000170757.2|ENSMUSG00000045975|C2cd2	chr16	97855208	97858951	-	C2cd2	3743	42.08
N1985	2985	ENSMUST00000231268.1|ENSMUSG00000116673|A630089N07Rik	chr16	98062511	98063761	-	A630089N07Rik	1250	37.04
N1986	2987	ENSMUST00000041003.7|ENSMUSG00000036983|Tfb1m	chr17	3519255	3519403	-	Tfb1m	148	30.41
N1987	2988	ENSMUST00000115797.8|ENSMUSG00000069729|Arid1b	chr17	5344385	5347656	+	Arid1b	3271	44.91
N1988	2989	ENSMUST00000005053.13|ENSMUSG00000004945|Tmem242	chr17	5410869	5411186	-	Tmem242	317	50.79
N1989	2990	ENSMUST00000089185.5|ENSMUSG00000034265|Zdhhc14	chr17	5753450	5753811	+	Zdhhc14	361	49.86
N1990	2991	ENSMUST00000002436.10|ENSMUSG00000002365|Snx9	chr17	5930894	5931954	+	Snx9	1060	44.81
N1991	2992	ENSMUST00000134767.7|ENSMUSG00000023805|Synj2	chr17	5990361	6039390	+	Synj2	49029	48.11
N1992	2993	ENSMUST00000039487.9|ENSMUSG00000034345|Gtf2h5	chr17	6084929	6086517	+	Gtf2h5	1588	39.86
N1993	2994	ENSMUST00000149756.7|ENSMUSG00000034377|Tulp4	chr17	6236518	6240628	+	Tulp4	4110	40.54
N1994	2995	ENSMUST00000232383.1|ENSMUSG00000038141|Tmem181a	chr17	6305644	6308314	+	Tmem181a	2670	44.68
N1995	2996	ENSMUST00000169415.2|ENSMUSG00000092074|Dynlt1a	chr17	6307993	6310633	-	Dynlt1a	2640	47.88
N1996	2998	ENSMUST00000092966.4|ENSMUSG00000000579|Dynlt1c	chr17	6607719	6609679	+	Dynlt1c	1960	48.57
N1997	3	ENSMUST00000100077.4|ENSMUSG00000075327|Zbtb2	chr10	4367074	4368331	-	Zbtb2	1257	40.18
N1998	30	ENSMUST00000037879.7|ENSMUSG00000039879|Heca	chr10	17899034	17900826	-	Heca	1792	33.93
N1999	3001	ENSMUST00000231794.1|ENSMUSG00000023806|Rsph3b	chr17	6904412	6904745	-	Rsph3b	333	44.14
N2000	3002	ENSMUST00000063683.7|ENSMUSG00000052031|Tagap1	chr17	6955010	6955312	-	Tagap1	302	42.05
N2001	3003	ENSMUST00000179728.1|ENSMUSG00000094724|Rnaset2b	chr17	6998246	7011299	+	Rnaset2b	13053	45.78
N2002	3004	ENSMUST00000231550.1|ENSMUSG00000116876|Gm49721	chr17	6998246	7043950	+	Gm49721	45704	45.47
N2003	3005	ENSMUST00000024575.7|ENSMUSG00000023809|Rps6ka2	chr17	7301740	7303315	+	Rps6ka2	1575	50.16
N2004	3006	ENSMUST00000097425.9|ENSMUSG00000071984|Fndc1	chr17	7738568	7738853	-	Fndc1	285	32.63
N2005	3007	ENSMUST00000036370.7|ENSMUSG00000033450|Tagap	chr17	7934277	7934897	+	Tagap	620	43.87
N2006	3008	ENSMUST00000232223.1|ENSMUSG00000073471|Rsph3a	chr17	7979491	7979824	+	Rsph3a	333	38.44
N2007	3009	ENSMUST00000232307.1|ENSMUSG00000116988|Gm49673	chr17	8082694	8128537	-	Gm49673	45843	45.45
N2008	3010	ENSMUST00000231927.1|ENSMUSG00000095687|Rnaset2a	chr17	8115444	8128537	-	Rnaset2a	13093	45.81
N2009	3011	ENSMUST00000097419.9|ENSMUSG00000069135|Fgfr1op	chr17	8195341	8196804	+	Fgfr1op	1463	41.01
N2010	3013	ENSMUST00000145276.7|ENSMUSG00000073468|Sft2d1	chr17	8320795	8327440	+	Sft2d1	6645	45.79
N2011	3014	ENSMUST00000069742.7|ENSMUSG00000055945|Prr18	chr17	8343170	8344113	+	Prr18	943	47.72
N2012	3016	ENSMUST00000041463.6|ENSMUSG00000037196|Pacrg	chr17	10403011	10403169	-	Pacrg	158	43.04
N2013	3017	ENSMUST00000170858.7|ENSMUSG00000023827|Agpat4	chr17	12210803	12219079	+	Agpat4	8276	50.28
N2014	3018	ENSMUST00000233755.1|ENSMUSG00000014426|Map3k4	chr17	12227620	12227873	-	Map3k4	253	47.83
N2015	3019	ENSMUST00000046959.8|ENSMUSG00000040966|Slc22a2	chr17	12628258	12628488	+	Slc22a2	230	47.83
N2016	302	ENSMUST00000119324.7|ENSMUSG00000034748|Sirt6	chr10	81621784	81622264	-	Sirt6	480	56.46
N2017	3020	ENSMUST00000024599.13|ENSMUSG00000023830|Igf2r	chr17	12682405	12683447	-	Igf2r	1042	45.78
N2018	3022	ENSMUST00000151287.7|ENSMUSG00000068039|Tcp1	chr17	12924830	12925067	+	Tcp1	237	47.26
N2019	3023	ENSMUST00000160378.2|ENSMUSG00000062480|Acat3	chr17	12923812	12924259	-	Acat3	447	42.95
N2020	3024	ENSMUST00000007005.13|ENSMUSG00000023832|Acat2	chr17	12942889	12943319	-	Acat2	430	43.95
N2021	3025	ENSMUST00000159986.7|ENSMUSG00000060475|Wtap	chr17	12972684	12974475	-	Wtap	1791	35.9
N2022	3026	ENSMUST00000139666.7|ENSMUSG00000068036|Afdn	chr17	13905560	13906150	+	Afdn	590	42.88
N2023	3027	ENSMUST00000053218.6|ENSMUSG00000048826|Dact2	chr17	14195051	14195484	-	Dact2	433	45.03
N2024	3028	ENSMUST00000024660.8|ENSMUSG00000023886|Smoc2	chr17	14404441	14404790	+	Smoc2	349	40.69
N2025	3029	ENSMUST00000170872.2|ENSMUSG00000023885|Thbs2	chr17	14665499	14667313	-	Thbs2	1814	37.05
N2026	303	ENSMUST00000200889.3|ENSMUSG00000096795|Zfp433	chr10	81721676	81721976	+	Zfp433	300	35.0
N2027	3030	ENSMUST00000052691.8|ENSMUSG00000050088|1600012H06Rik	chr17	14944786	14945936	+	1600012H06Rik	1150	36.7
N2028	3032	ENSMUST00000014917.7|ENSMUSG00000014773|Dll1	chr17	15367353	15367660	-	Dll1	307	26.06
N2029	3033	ENSMUST00000162505.7|ENSMUSG00000014767|Tbp	chr17	15517189	15528379	+	Tbp	11190	42.13
N2030	3034	ENSMUST00000024627.13|ENSMUSG00000023852|Chd1	chr17	15771270	15772610	+	Chd1	1340	34.55
N2031	3035	ENSMUST00000170578.2|ENSMUSG00000048027|Rgmb	chr17	15803187	15804885	-	Rgmb	1698	42.52
N2032	3036	ENSMUST00000127027.1|ENSMUSG00000096696|Zfp960	chr17	17088814	17089628	+	Zfp960	814	36.24
N2033	3037	ENSMUST00000147630.1|ENSMUSG00000095990|Zfp97	chr17	17146029	17146831	+	Zfp97	802	36.16
N2034	3038	ENSMUST00000024620.7|ENSMUSG00000116564|Riok2	chr17	17393810	17394899	+	Riok2	1089	39.85
N2035	304	ENSMUST00000218939.1|ENSMUSG00000094622|Gm3055	chr10	81742820	81744293	-	Gm3055	1473	36.73
N2036	3040	ENSMUST00000139969.7|ENSMUSG00000080316|Spaca6	chr17	17838506	17843009	+	Spaca6	4503	43.57
N2037	3041	ENSMUST00000173658.7|ENSMUSG00000007564|Ppp2r1a	chr17	20957112	20958784	+	Ppp2r1a	1672	43.3
N2038	3042	ENSMUST00000088811.6|ENSMUSG00000067942|Zfp160	chr17	21027315	21028861	+	Zfp160	1546	33.57
N2039	3043	ENSMUST00000162659.1|ENSMUSG00000062743|Zfp677	chr17	21398835	21399265	+	Zfp677	430	27.91
N2040	3044	ENSMUST00000233281.1|ENSMUSG00000051341|Zfp52	chr17	21562214	21562601	+	Zfp52	387	39.79
N2041	3045	ENSMUST00000232827.1|ENSMUSG00000035868|Zfp983	chr17	21663058	21664966	+	Zfp983	1908	37.58
N2042	3046	ENSMUST00000073312.6|ENSMUSG00000067928|Zfp760	chr17	21724595	21725636	+	Zfp760	1041	37.08
N2043	3047	ENSMUST00000091879.11|ENSMUSG00000071267|Zfp942	chr17	21926959	21927898	-	Zfp942	939	33.97
N2044	3048	ENSMUST00000233465.1|ENSMUSG00000117284|Gm7072	chr17	22285870	22286811	-	Gm7072	941	33.79
N2045	3049	ENSMUST00000115535.2|ENSMUSG00000033972|Zfp944	chr17	22337988	22338396	-	Zfp944	408	36.76
N2046	305	ENSMUST00000220314.1|ENSMUSG00000112640|Gm32687	chr10	81880786	81881081	+	Gm32687	295	34.58
N2047	3050	ENSMUST00000149699.7|ENSMUSG00000044501|Zfp758	chr17	22376888	22377281	+	Zfp758	393	29.52
N2048	3051	ENSMUST00000120222.7|ENSMUSG00000071266|Zfp946	chr17	22456419	22456689	+	Zfp946	270	34.44
N2049	3052	ENSMUST00000095606.4|ENSMUSG00000071256|Zfp213	chr17	23556766	23557107	-	Zfp213	341	47.51
N2050	3053	ENSMUST00000115516.10|ENSMUSG00000062012|Zfp13	chr17	23575843	23575908	-	Zfp13	65	53.85
N2051	3054	ENSMUST00000180140.7|ENSMUSG00000023904|Hcfc1r1	chr17	23675167	23675227	+	Hcfc1r1	60	46.67
N2052	3055	ENSMUST00000024698.9|ENSMUSG00000023905|Tnfrsf12a	chr17	23675444	23675693	-	Tnfrsf12a	249	49.4
N2053	3056	ENSMUST00000024702.4|ENSMUSG00000023909|Paqr4	chr17	23736185	23736962	-	Paqr4	777	53.8
N2054	3057	ENSMUST00000227120.1|ENSMUSG00000040097|Flywch1	chr17	23752792	23753115	-	Flywch1	323	54.49
N2055	3058	ENSMUST00000186045.1|ENSMUSG00000039218|Srrm2	chr17	23812007	23812600	+	Srrm2	593	45.36
N2056	3059	ENSMUST00000233593.1|ENSMUSG00000055839|Elob	chr17	23824739	23826489	-	Elob	1750	44.63
N2057	306	ENSMUST00000219144.1|ENSMUSG00000096718|Zfp781	chr10	81901910	81903383	-	Zfp781	1473	36.52
N2058	3060	ENSMUST00000017090.5|ENSMUSG00000016946|Kctd5	chr17	24047733	24048777	-	Kctd5	1044	44.83
N2059	3061	ENSMUST00000102927.9|ENSMUSG00000024122|Pdpk1	chr17	24073679	24078877	-	Pdpk1	5198	44.54
N2060	3062	ENSMUST00000138685.2|ENSMUSG00000036820|Amdhd2	chr17	24155834	24155953	-	Amdhd2	119	54.62
N2061	3064	ENSMUST00000234420.1|ENSMUSG00000117406|Ntn3	chr17	24204394	24206368	-	Ntn3	1974	57.29
N2062	3065	ENSMUST00000124557.2|ENSMUSG00000024118|Tedc2	chr17	24215545	24219730	-	Tedc2	4185	50.92
N2063	3066	ENSMUST00000039013.14|ENSMUSG00000024130|Abca3	chr17	24409935	24410201	+	Abca3	266	48.5
N2064	3068	ENSMUST00000234023.1|ENSMUSG00000024132|Eci1	chr17	24439263	24439348	+	Eci1	85	37.65
N2065	3069	ENSMUST00000226654.1|ENSMUSG00000024137|E4f1	chr17	24443778	24444048	-	E4f1	270	47.41
N2066	307	ENSMUST00000209622.1|ENSMUSG00000061371|Zfp873	chr10	82060323	82061586	+	Zfp873	1263	42.83
N2067	3072	ENSMUST00000024958.8|ENSMUSG00000033597|Caskin1	chr17	24507364	24508671	+	Caskin1	1307	56.16
N2068	3073	ENSMUST00000176668.7|ENSMUSG00000052752|Traf7	chr17	24508849	24514703	-	Traf7	5854	55.38
N2069	3074	ENSMUST00000227107.1|ENSMUSG00000032855|Pkd1	chr17	24591507	24596507	+	Pkd1	5000	54.56
N2070	3075	ENSMUST00000226284.1|ENSMUSG00000002496|Tsc2	chr17	24595815	24596456	-	Tsc2	641	52.89
N2071	3076	ENSMUST00000019684.12|ENSMUSG00000002504|Slc9a3r2	chr17	24639285	24639915	-	Slc9a3r2	630	56.98
N2072	3077	ENSMUST00000234956.1|ENSMUSG00000041130|Zfp598	chr17	24681736	24682016	+	Zfp598	280	41.07
N2073	3079	ENSMUST00000234197.1|ENSMUSG00000040888|Gfer	chr17	24693186	24694131	-	Gfer	945	49.1
N2074	308	ENSMUST00000156218.1|ENSMUSG00000062931|Zfp938	chr10	82224853	82227378	-	Zfp938	2525	36.75
N2075	3080	ENSMUST00000049642.5|ENSMUSG00000045316|Fahd1	chr17	24848891	24849126	-	Fahd1	235	40.0
N2076	3082	ENSMUST00000068508.12|ENSMUSG00000024160|Spsb3	chr17	24891870	24892149	+	Spsb3	279	56.99
N2077	3083	ENSMUST00000119848.7|ENSMUSG00000073436|Eme2	chr17	24888485	24890282	-	Eme2	1797	50.97
N2078	3084	ENSMUST00000146923.7|ENSMUSG00000024163|Mapk8ip3	chr17	24892152	24895191	-	Mapk8ip3	3039	55.81
N2079	3085	ENSMUST00000154236.1|ENSMUSG00000038880|Mrps34	chr17	24896228	24897502	+	Mrps34	1274	59.18
N2080	3086	ENSMUST00000233067.1|ENSMUSG00000024165|Jpt2	chr17	24937418	24942468	-	Jpt2	5050	43.39
N2081	3088	ENSMUST00000115181.8|ENSMUSG00000024170|Telo2	chr17	25099569	25099827	-	Telo2	258	53.1
N2082	3089	ENSMUST00000233633.1|ENSMUSG00000036636|Clcn7	chr17	25153154	25162104	+	Clcn7	8950	50.92
N2083	309	ENSMUST00000176200.7|ENSMUSG00000063320|1190007I07Rik	chr10	82619850	82619973	-	1190007I07Rik	123	36.59
N2084	3090	ENSMUST00000088307.4|ENSMUSG00000067722|BC003965	chr17	25185377	25187662	+	BC003965	2285	42.71
N2085	3091	ENSMUST00000115154.10|ENSMUSG00000035521|Gnptg	chr17	25233330	25234473	-	Gnptg	1143	40.51
N2086	3092	ENSMUST00000182056.7|ENSMUSG00000047507|Baiap3	chr17	25242658	25243489	-	Baiap3	831	55.48
N2087	3093	ENSMUST00000172868.7|ENSMUSG00000015120|Ube2i	chr17	25266566	25267021	-	Ube2i	455	44.62
N2088	3094	ENSMUST00000025003.9|ENSMUSG00000024176|Sox8	chr17	25565891	25567109	-	Sox8	1218	43.02
N2089	3095	ENSMUST00000172002.7|ENSMUSG00000025739|Gng13	chr17	25719180	25719406	+	Gng13	226	60.18
N2090	3097	ENSMUST00000131458.7|ENSMUSG00000002280|Ciao3	chr17	25777457	25779513	+	Ciao3	2056	51.99
N2091	3098	ENSMUST00000165838.8|ENSMUSG00000002274|Metrn	chr17	25793220	25794826	-	Metrn	1606	52.99
N2092	3099	ENSMUST00000045692.8|ENSMUSG00000025738|Fbxl16	chr17	25820653	25821255	+	Fbxl16	602	46.51
N2093	31	ENSMUST00000020002.8|ENSMUSG00000078453|Abracl	chr10	18011259	18011448	-	Abracl	189	35.98
N2094	310	ENSMUST00000176195.7|ENSMUSG00000034674|Tdg	chr10	82644772	82648879	+	Tdg	4107	42.71
N2095	3102	ENSMUST00000026831.13|ENSMUSG00000025735|Rhbdl1	chr17	25834464	25834636	-	Rhbdl1	172	58.14
N2096	3104	ENSMUST00000043897.15|ENSMUSG00000025733|Rhot2	chr17	25838456	25839038	-	Rhot2	582	45.19
N2097	3105	ENSMUST00000079461.14|ENSMUSG00000073434|Wdr90	chr17	25844770	25844919	-	Wdr90	149	34.9
N2098	3106	ENSMUST00000237080.1|ENSMUSG00000025732|Mcrip2	chr17	25863697	25864250	-	Mcrip2	553	54.25
N2099	3107	ENSMUST00000110456.2|ENSMUSG00000025731|Mettl26	chr17	25876739	25877160	+	Mettl26	421	53.21
N2100	3108	ENSMUST00000123929.8|ENSMUSG00000025728|Pigq	chr17	25927491	25930520	-	Pigq	3029	50.74
N2101	3109	ENSMUST00000212099.1|ENSMUSG00000037326|Capn15	chr17	25958370	25962670	-	Capn15	4300	56.67
N2102	311	ENSMUST00000125505.1|ENSMUSG00000020251|Glt8d2	chr10	82654771	82662109	-	Glt8d2	7338	44.62
N2103	3110	ENSMUST00000118828.7|ENSMUSG00000037098|Rab11fip3	chr17	25989035	25989598	-	Rab11fip3	563	47.25
N2104	3111	ENSMUST00000137672.2|ENSMUSG00000036775|Decr2	chr17	26081207	26087229	-	Decr2	6022	45.05
N2105	3113	ENSMUST00000237950.1|ENSMUSG00000024181|Mrpl28	chr17	26125564	26126613	+	Mrpl28	1049	54.91
N2106	3115	ENSMUST00000025020.5|ENSMUSG00000024186|Rgs11	chr17	26210965	26211324	+	Rgs11	359	54.87
N2107	3116	ENSMUST00000114988.7|ENSMUSG00000024187|Fam234a	chr17	26211821	26212915	-	Fam234a	1094	50.27
N2108	3117	ENSMUST00000148894.1|ENSMUSG00000024188|Luc7l	chr17	26258086	26280723	+	Luc7l	22637	42.31
N2109	3119	ENSMUST00000236867.1|ENSMUSG00000015575|Atp6v0e	chr17	26695596	26699647	+	Atp6v0e	4051	45.79
N2110	312	ENSMUST00000162422.1|ENSMUSG00000020246|Hcfc2	chr10	82710142	82712230	+	Hcfc2	2088	42.67
N2111	3120	ENSMUST00000062519.13|ENSMUSG00000048249|Crebrf	chr17	26771814	26776635	+	Crebrf	4821	36.76
N2112	3121	ENSMUST00000236269.1|ENSMUSG00000024193|Phf1	chr17	26934726	26935364	+	Phf1	638	56.27
N2113	3122	ENSMUST00000236888.1|ENSMUSG00000024194|Cuta	chr17	26937972	26938417	-	Cuta	445	55.51
N2114	3123	ENSMUST00000237633.1|ENSMUSG00000079605|Zbtb9	chr17	26976025	27008376	+	Zbtb9	32351	47.76
N2115	3124	ENSMUST00000133257.8|ENSMUSG00000117819|Gm50253	chr17	26976025	27036378	+	Gm50253	60353	49.8
N2116	3125	ENSMUST00000049308.8|ENSMUSG00000042644|Itpr3	chr17	27121822	27122223	+	Itpr3	401	55.86
N2117	3127	ENSMUST00000232265.1|ENSMUSG00000046711|Hmga1	chr17	27563266	27563674	+	Hmga1	408	55.88
N2118	3128	ENSMUST00000080190.8|ENSMUSG00000062753|AI413582	chr17	27563768	27564140	-	AI413582	372	52.42
N2119	313	ENSMUST00000130911.7|ENSMUSG00000020248|Nfyb	chr10	82748700	82749683	-	Nfyb	983	39.67
N2120	3130	ENSMUST00000114863.9|ENSMUSG00000056692|Ilrun	chr17	27751234	27753811	-	Ilrun	2577	53.9
N2121	3131	ENSMUST00000232873.1|ENSMUSG00000024217|Snrpc	chr17	27851910	27851968	+	Snrpc	58	29.31
N2122	3132	ENSMUST00000161275.2|ENSMUSG00000024220|Zfp523	chr17	28197973	28202241	+	Zfp523	4268	54.43
N2123	3133	ENSMUST00000002327.5|ENSMUSG00000002257|Def6	chr17	28228437	28228608	+	Def6	171	47.37
N2124	3134	ENSMUST00000233381.1|ENSMUSG00000007570|Fance	chr17	28318519	28326571	+	Fance	8052	49.69
N2125	3135	ENSMUST00000129935.7|ENSMUSG00000037805|Rpl10a	chr17	28329522	28331032	+	Rpl10a	1510	48.34
N2126	3136	ENSMUST00000129375.7|ENSMUSG00000037446|Tulp1	chr17	28351853	28356098	-	Tulp1	4245	53.64
N2127	3137	ENSMUST00000079413.10|ENSMUSG00000024222|Fkbp5	chr17	28399093	28400898	-	Fkbp5	1805	51.19
N2128	3138	ENSMUST00000004987.16|ENSMUSG00000004865|Srpk1	chr17	28589589	28599470	-	Srpk1	9881	47.12
N2129	3139	ENSMUST00000232997.1|ENSMUSG00000063952|Brpf3	chr17	28817798	28838544	+	Brpf3	20746	51.33
N2130	314	ENSMUST00000219368.1|ENSMUSG00000020250|Txnrd1	chr10	82896357	82897712	+	Txnrd1	1355	45.31
N2131	3140	ENSMUST00000122163.8|ENSMUSG00000005936|Kctd20	chr17	28964158	28967931	+	Kctd20	3773	49.46
N2132	3141	ENSMUST00000037776.15|ENSMUSG00000071172|Srsf3	chr17	29039635	29042897	+	Srsf3	3262	38.07
N2133	3142	ENSMUST00000233296.1|ENSMUSG00000023067|Cdkn1a	chr17	29099541	29100727	+	Cdkn1a	1186	52.02
N2134	3143	ENSMUST00000234631.1|ENSMUSG00000052712|BC004004	chr17	29282995	29302015	+	BC004004	19020	48.28
N2135	3144	ENSMUST00000234416.1|ENSMUSG00000024012|Mtch1	chr17	29332075	29339790	-	Mtch1	7715	55.36
N2136	3145	ENSMUST00000024811.8|ENSMUSG00000024014|Pim1	chr17	29494936	29496112	+	Pim1	1176	46.94
N2137	3146	ENSMUST00000234778.1|ENSMUSG00000042203|Tbc1d22b	chr17	29573154	29606898	+	Tbc1d22b	33744	50.48
N2138	3147	ENSMUST00000172485.7|ENSMUSG00000090083|Rnf8	chr17	29627249	29641587	+	Rnf8	14338	49.87
N2139	3148	ENSMUST00000137079.8|ENSMUSG00000024018|Ccdc167	chr17	29687356	29702153	-	Ccdc167	14797	48.07
N2140	3149	ENSMUST00000167190.8|ENSMUSG00000043557|Mdga1	chr17	29829413	29839804	-	Mdga1	10391	52.03
N2141	315	ENSMUST00000039956.5|ENSMUSG00000034591|Slc41a2	chr10	83230847	83233053	-	Slc41a2	2206	41.7
N2142	3150	ENSMUST00000168787.7|ENSMUSG00000062202|Btbd9	chr17	30215523	30220224	-	Btbd9	4701	54.14
N2143	3151	ENSMUST00000236335.1|ENSMUSG00000024026|Glo1	chr17	30584935	30593063	-	Glo1	8128	46.08
N2144	3152	ENSMUST00000024829.7|ENSMUSG00000024030|Abcg1	chr17	31115599	31117988	+	Abcg1	2389	49.81
N2145	3153	ENSMUST00000172284.8|ENSMUSG00000024037|Wdr4	chr17	31494322	31503489	-	Wdr4	9167	54.4
N2146	3154	ENSMUST00000191598.2|ENSMUSG00000024038|Ndufv3	chr17	31527047	31527245	+	Ndufv3	198	52.53
N2147	3155	ENSMUST00000235401.1|ENSMUSG00000006705|Pknox1	chr17	31592275	31605166	+	Pknox1	12891	48.22
N2148	3156	ENSMUST00000236853.1|ENSMUSG00000024039|Cbs	chr17	31608893	31612827	-	Cbs	3934	45.65
N2149	3158	ENSMUST00000024839.5|ENSMUSG00000024042|Sik1	chr17	31844249	31845620	-	Sik1	1371	45.66
N2150	3159	ENSMUST00000087723.4|ENSMUSG00000038146|Notch3	chr17	32120819	32121671	-	Notch3	852	49.18
N2151	316	ENSMUST00000020488.8|ENSMUSG00000020255|D10Wsu102e	chr10	83368643	83488505	+	D10Wsu102e	119862	44.77
N2152	3160	ENSMUST00000125899.1|ENSMUSG00000024002|Brd4	chr17	32213644	32220160	-	Brd4	6516	44.14
N2153	3161	ENSMUST00000235764.1|ENSMUSG00000024045|Akap8	chr17	32304692	32316186	-	Akap8	11494	46.04
N2154	3162	ENSMUST00000235614.1|ENSMUSG00000002625|Akap8l	chr17	32321610	32332478	-	Akap8l	10868	42.49
N2155	3163	ENSMUST00000136375.7|ENSMUSG00000052142|Rasal3	chr17	32390660	32393522	-	Rasal3	2862	51.4
N2156	3164	ENSMUST00000237003.1|ENSMUSG00000091586|Cyp4f17	chr17	32529097	32530143	+	Cyp4f17	1046	45.89
N2157	3165	ENSMUST00000165515.7|ENSMUSG00000048440|Cyp4f16	chr17	32543004	32551798	+	Cyp4f16	8794	46.11
N2158	3166	ENSMUST00000168171.7|ENSMUSG00000073424|Cyp4f15	chr17	32703128	32703352	+	Cyp4f15	224	40.18
N2159	3167	ENSMUST00000159086.9|ENSMUSG00000024298|Zfp871	chr17	32765495	32773514	-	Zfp871	8019	38.8
N2160	3168	ENSMUST00000202988.3|ENSMUSG00000095253|Zfp799	chr17	32815448	32817442	-	Zfp799	1994	38.72
N2161	3169	ENSMUST00000228075.2|ENSMUSG00000095325|Zfp870	chr17	32879218	32882174	-	Zfp870	2956	44.42
N2162	317	ENSMUST00000217842.1|ENSMUSG00000034560|Washc4	chr10	83556157	83595434	+	Washc4	39277	40.64
N2163	3171	ENSMUST00000145683.1|ENSMUSG00000024055|Cyp4f13	chr17	32932635	32941002	-	Cyp4f13	8367	42.72
N2164	3172	ENSMUST00000039132.8|ENSMUSG00000053600|Zfp472	chr17	32978765	32979233	+	Zfp472	468	29.7
N2165	3174	ENSMUST00000087654.4|ENSMUSG00000067430|Zfp763	chr17	33016862	33018214	-	Zfp763	1352	35.28
N2166	3175	ENSMUST00000008830.9|ENSMUSG00000094441|Zfp955a	chr17	33239717	33240581	-	Zfp955a	864	34.14
N2167	3177	ENSMUST00000173931.7|ENSMUSG00000024299|Adamts10	chr17	33538712	33553768	+	Adamts10	15056	47.71
N2168	3178	ENSMUST00000173372.7|ENSMUSG00000024300|Myo1f	chr17	33602090	33607758	+	Myo1f	5668	48.48
N2169	3179	ENSMUST00000130946.7|ENSMUSG00000059208|Hnrnpm	chr17	33646238	33648705	-	Hnrnpm	2467	42.93
N2170	318	ENSMUST00000150459.2|ENSMUSG00000087651|1500009L16Rik	chr10	83759745	83762762	+	1500009L16Rik	3017	45.61
N2171	3180	ENSMUST00000057373.13|ENSMUSG00000077450|Rab11b	chr17	33742483	33746820	-	Rab11b	4337	44.48
N2172	3181	ENSMUST00000173869.7|ENSMUSG00000002289|Angptl4	chr17	33774907	33780471	-	Angptl4	5564	49.17
N2173	3182	ENSMUST00000234426.1|ENSMUSG00000042099|Kank3	chr17	33820037	33822181	+	Kank3	2144	46.18
N2174	3184	ENSMUST00000173132.7|ENSMUSG00000041881|Ndufa7	chr17	33829886	33838309	+	Ndufa7	8423	44.88
N2175	3185	ENSMUST00000002379.14|ENSMUSG00000002308|Cd320	chr17	33848593	33849774	+	Cd320	1181	47.5
N2176	3186	ENSMUST00000025161.9|ENSMUSG00000024308|Tapbp	chr17	33928445	33929292	+	Tapbp	847	49.94
N2177	3187	ENSMUST00000053429.10|ENSMUSG00000051390|Zbtb22	chr17	33919017	33919325	+	Zbtb22	308	50.32
N2178	3188	ENSMUST00000047503.15|ENSMUSG00000041354|Rgl2	chr17	33937452	33937687	+	Rgl2	235	54.04
N2179	3189	ENSMUST00000087543.4|ENSMUSG00000067370|B3galt4	chr17	33949908	33949998	-	B3galt4	90	56.67
N2180	319	ENSMUST00000053871.4|ENSMUSG00000046841|Ckap4	chr10	84526304	84526662	-	Ckap4	358	42.46
N2181	3190	ENSMUST00000025178.16|ENSMUSG00000024319|Vps52	chr17	33966382	33967035	+	Vps52	653	53.6
N2182	3191	ENSMUST00000172912.7|ENSMUSG00000061232|H2-K1	chr17	33996016	33996270	-	H2-K1	254	37.4
N2183	3192	ENSMUST00000025183.8|ENSMUSG00000024325|Ring1	chr17	34020791	34021233	-	Ring1	442	52.04
N2184	3194	ENSMUST00000025186.15|ENSMUSG00000024327|Slc39a7	chr17	34028268	34028538	-	Slc39a7	270	52.22
N2185	3195	ENSMUST00000174299.8|ENSMUSG00000039656|Rxrb	chr17	34038056	34038399	+	Rxrb	343	56.56
N2186	3196	ENSMUST00000154232.8|ENSMUSG00000024335|Brd2	chr17	34112029	34114889	-	Brd2	2860	47.62
N2187	3198	ENSMUST00000236519.1|ENSMUSG00000037548|H2-DMb2	chr17	34151243	34151555	+	H2-DMb2	312	48.4
N2188	3199	ENSMUST00000114232.3|ENSMUSG00000079547|H2-DMb1	chr17	34160087	34160230	+	H2-DMb1	143	53.85
N2189	32	ENSMUST00000155284.7|ENSMUSG00000019854|Reps1	chr10	18096364	18125144	+	Reps1	28780	40.06
N2190	320	ENSMUST00000020223.7|ENSMUSG00000020034|Tcp11l2	chr10	84614030	84614359	+	Tcp11l2	329	33.74
N2191	3200	ENSMUST00000237228.1|ENSMUSG00000096727|Psmb9	chr17	34182040	34183088	-	Psmb9	1048	46.09
N2192	3201	ENSMUST00000170086.7|ENSMUSG00000037321|Tap1	chr17	34196954	34197225	+	Tap1	271	47.97
N2193	3202	ENSMUST00000025197.5|ENSMUSG00000024339|Tap2	chr17	34216241	34216321	+	Tap2	80	45.0
N2194	3203	ENSMUST00000095342.10|ENSMUSG00000041538|H2-Ob	chr17	34244308	34245906	+	H2-Ob	1598	41.49
N2195	3204	ENSMUST00000040828.6|ENSMUSG00000073421|H2-Ab1	chr17	34269256	34269419	+	H2-Ab1	163	48.47
N2196	3205	ENSMUST00000040655.13|ENSMUSG00000036594|H2-Aa	chr17	34282743	34282893	-	H2-Aa	150	41.33
N2197	3206	ENSMUST00000236232.1|ENSMUSG00000060586|H2-Eb1	chr17	34309976	34316199	+	H2-Eb1	6223	49.75
N2198	3207	ENSMUST00000150924.1|ENSMUSG00000034786|Gpsm3	chr17	34590941	34591754	+	Gpsm3	813	55.6
N2199	3208	ENSMUST00000038149.12|ENSMUSG00000034673|Pbx2	chr17	34596232	34597400	+	Pbx2	1168	48.2
N2200	3209	ENSMUST00000015622.7|ENSMUSG00000015478|Rnf5	chr17	34601090	34601336	-	Rnf5	246	38.62
N2201	321	ENSMUST00000095388.4|ENSMUSG00000020037|Rfx4	chr10	84905981	84906538	+	Rfx4	557	35.19
N2202	3210	ENSMUST00000174228.7|ENSMUSG00000034254|Agpat1	chr17	34611449	34612891	+	Agpat1	1442	57.77
N2203	3211	ENSMUST00000171121.8|ENSMUSG00000015474|Ppt2	chr17	34616661	34616844	-	Ppt2	183	53.01
N2204	3212	ENSMUST00000015620.6|ENSMUSG00000015476|Prrt1	chr17	34632809	34633126	+	Prrt1	317	51.74
N2205	3213	ENSMUST00000174519.1|ENSMUSG00000015461|Atf6b	chr17	34648668	34649202	+	Atf6b	534	54.12
N2206	3214	ENSMUST00000173057.1|ENSMUSG00000073418|C4b	chr17	34734364	34735403	-	C4b	1039	52.17
N2207	3216	ENSMUST00000172966.1|ENSMUSG00000040356|Skiv2l	chr17	34846521	34846866	-	Skiv2l	345	57.1
N2208	3217	ENSMUST00000165953.2|ENSMUSG00000024369|Nelfe	chr17	34856306	34856372	+	Nelfe	66	50.0
N2209	3218	ENSMUST00000133127.1|ENSMUSG00000090231|Cfb	chr17	34856573	34857003	-	Cfb	430	52.33
N2210	3219	ENSMUST00000152417.7|ENSMUSG00000024371|C2	chr17	34862603	34862709	-	C2	106	40.57
N2211	322	ENSMUST00000038523.14|ENSMUSG00000035620|Ric8b	chr10	85015401	85016447	+	Ric8b	1046	45.7
N2212	3220	ENSMUST00000137071.7|ENSMUSG00000013787|Ehmt2	chr17	34908805	34914047	+	Ehmt2	5242	53.99
N2213	3222	ENSMUST00000172753.1|ENSMUSG00000090877|Hspa1b	chr17	34956435	34956930	-	Hspa1b	495	31.72
N2214	3224	ENSMUST00000173004.1|ENSMUSG00000007050|Lsm2	chr17	34985692	34985889	+	Lsm2	197	43.15
N2215	3227	ENSMUST00000173846.7|ENSMUSG00000007036|Abhd16a	chr17	35091727	35102956	+	Abhd16a	11229	55.14
N2216	3228	ENSMUST00000174805.1|ENSMUSG00000024393|Prrc2a	chr17	35149087	35149257	-	Prrc2a	170	46.47
N2217	3229	ENSMUST00000025263.14|ENSMUSG00000024401|Tnf	chr17	35199380	35199648	-	Tnf	268	45.52
N2218	323	ENSMUST00000216771.1|ENSMUSG00000060935|Tmem263	chr10	85117405	85120618	+	Tmem263	3213	39.15
N2219	3230	ENSMUST00000048994.6|ENSMUSG00000042419|Nfkbil1	chr17	35220174	35220241	-	Nfkbil1	67	46.27
N2220	3232	ENSMUST00000068056.11|ENSMUSG00000019432|Ddx39b	chr17	35253637	35253707	+	Ddx39b	70	32.86
N2221	3234	ENSMUST00000174699.7|ENSMUSG00000073409|H2-Q6	chr17	35428509	35430055	+	H2-Q6	1546	49.55
N2222	3235	ENSMUST00000076256.7|ENSMUSG00000060550|H2-Q7	chr17	35442999	35443773	+	H2-Q7	774	49.1
N2223	3236	ENSMUST00000174525.7|ENSMUSG00000067235|H2-Q10	chr17	35473800	35474563	+	H2-Q10	763	47.71
N2224	3237	ENSMUST00000161012.7|ENSMUSG00000050410|Tcf19	chr17	35512733	35512973	-	Tcf19	240	45.83
N2225	3238	ENSMUST00000044804.7|ENSMUSG00000039518|Cdsn	chr17	35556611	35557180	+	Cdsn	569	53.25
N2226	3239	ENSMUST00000164404.7|ENSMUSG00000038838|Vars2	chr17	35656556	35659026	-	Vars2	2470	56.84
N2227	324	ENSMUST00000105307.7|ENSMUSG00000020042|Btbd11	chr10	85658611	85660292	+	Btbd11	1681	43.66
N2228	3240	ENSMUST00000155957.7|ENSMUSG00000003534|Ddr1	chr17	35682430	35689666	-	Ddr1	7236	53.91
N2229	3241	ENSMUST00000003635.6|ENSMUSG00000003541|Ier3	chr17	35822583	35822923	+	Ier3	340	49.71
N2230	3242	ENSMUST00000173628.7|ENSMUSG00000059714|Flot1	chr17	35825890	35830024	+	Flot1	4134	47.63
N2231	3244	ENSMUST00000074259.14|ENSMUSG00000059791|Nrm	chr17	35865135	35865402	+	Nrm	267	50.94
N2232	3245	ENSMUST00000174366.7|ENSMUSG00000024422|Dhx16	chr17	35888202	35892625	+	Dhx16	4423	47.32
N2233	3246	ENSMUST00000154670.7|ENSMUSG00000050705|2310061I04Rik	chr17	35892682	35892824	-	2310061I04Rik	142	46.48
N2234	3247	ENSMUST00000174349.7|ENSMUSG00000024436|Mrps18b	chr17	35910850	35911318	-	Mrps18b	468	50.85
N2235	3249	ENSMUST00000172429.7|ENSMUSG00000038500|Prr3	chr17	35972540	35973320	-	Prr3	780	50.64
N2236	325	ENSMUST00000219256.1|ENSMUSG00000001785|Pwp1	chr10	85876582	85882099	+	Pwp1	5517	43.09
N2237	3251	ENSMUST00000113760.9|ENSMUSG00000053835|H2-T24	chr17	36005694	36006587	-	H2-T24	893	47.03
N2238	3252	ENSMUST00000102678.4|ENSMUSG00000067212|H2-T23	chr17	36029975	36030039	-	H2-T23	64	23.44
N2239	3253	ENSMUST00000173280.1|ENSMUSG00000056116|H2-T22	chr17	36038408	36041448	-	H2-T22	3040	49.54
N2240	3254	ENSMUST00000077535.4|ENSMUSG00000024446|Rpp21	chr17	36255644	36255845	-	Rpp21	201	41.29
N2241	3255	ENSMUST00000130367.7|ENSMUSG00000024457|Trim26	chr17	36858591	36859398	+	Trim26	807	48.2
N2242	3257	ENSMUST00000102665.10|ENSMUSG00000076439|Mog	chr17	37010742	37011200	-	Mog	458	45.63
N2243	3258	ENSMUST00000173823.7|ENSMUSG00000024462|Gabbr1	chr17	37051249	37074290	+	Gabbr1	23041	46.98
N2244	3259	ENSMUST00000038844.6|ENSMUSG00000035186|Ubd	chr17	37195861	37196095	+	Ubd	234	34.62
N2245	326	ENSMUST00000001834.3|ENSMUSG00000001783|Rtcb	chr10	85938636	85938852	-	Rtcb	216	46.3
N2246	3260	ENSMUST00000038580.6|ENSMUSG00000016206|H2-M3	chr17	37273912	37274484	+	H2-M3	572	43.53
N2247	3261	ENSMUST00000233871.1|ENSMUSG00000054951|9130008F23Rik	chr17	40875481	40879779	-	9130008F23Rik	4298	40.9
N2248	3262	ENSMUST00000087114.4|ENSMUSG00000023919|Cenpq	chr17	40923050	40923339	-	Cenpq	289	31.14
N2249	3263	ENSMUST00000169611.3|ENSMUSG00000023921|Mmut	chr17	40960844	40961988	+	Mmut	1144	32.17
N2250	3264	ENSMUST00000024709.8|ENSMUSG00000061665|Cd2ap	chr17	42792950	42796150	-	Cd2ap	3200	35.16
N2251	3265	ENSMUST00000024708.5|ENSMUSG00000023915|Tnfrsf21	chr17	43088120	43089189	+	Tnfrsf21	1069	39.2
N2252	3266	ENSMUST00000113599.1|ENSMUSG00000056492|Adgrf5	chr17	43456454	43459557	+	Adgrf5	3103	45.83
N2253	3267	ENSMUST00000024706.11|ENSMUSG00000023913|Pla2g7	chr17	43612127	43612201	+	Pla2g7	74	31.08
N2254	3268	ENSMUST00000024705.5|ENSMUSG00000023912|Slc25a27	chr17	43641890	43642507	-	Slc25a27	617	46.19
N2255	3269	ENSMUST00000044792.5|ENSMUSG00000039601|Rcan2	chr17	44038912	44039516	+	Rcan2	604	44.37
N2256	327	ENSMUST00000001837.13|ENSMUSG00000001786|Fbxo7	chr10	86029236	86048293	+	Fbxo7	19057	41.77
N2257	3270	ENSMUST00000126032.1|ENSMUSG00000023960|Enpp5	chr17	44081510	44086567	+	Enpp5	5057	44.37
N2258	3271	ENSMUST00000024757.13|ENSMUSG00000023961|Enpp4	chr17	44096307	44099164	-	Enpp4	2857	39.45
N2259	3272	ENSMUST00000024755.6|ENSMUSG00000023959|Clic5	chr17	44277707	44280172	+	Clic5	2465	39.84
N2260	3273	ENSMUST00000024727.9|ENSMUSG00000023932|Cdc5l	chr17	45391883	45392051	-	Cdc5l	168	32.14
N2261	3274	ENSMUST00000024733.8|ENSMUSG00000023938|Aars2	chr17	45520619	45520843	+	Aars2	224	52.68
N2262	3275	ENSMUST00000180252.2|ENSMUSG00000096847|Tmem151b	chr17	45541951	45544678	-	Tmem151b	2727	53.94
N2263	3276	ENSMUST00000024742.8|ENSMUSG00000023947|Nfkbie	chr17	45562623	45563169	+	Nfkbie	546	47.44
N2264	3277	ENSMUST00000223987.1|ENSMUSG00000037089|Slc35b2	chr17	45567421	45567671	+	Slc35b2	250	53.6
N2265	3278	ENSMUST00000163966.7|ENSMUSG00000023944|Hsp90ab1	chr17	45570662	45571007	-	Hsp90ab1	345	44.93
N2266	3279	ENSMUST00000163492.7|ENSMUSG00000023942|Slc29a1	chr17	45585199	45585446	-	Slc29a1	247	50.2
N2267	328	ENSMUST00000020234.13|ENSMUSG00000020044|Timp3	chr10	86348184	86349506	+	Timp3	1322	40.77
N2268	3280	ENSMUST00000113523.8|ENSMUSG00000036026|Tmem63b	chr17	45660170	45660319	-	Tmem63b	149	41.61
N2269	3282	ENSMUST00000024763.9|ENSMUSG00000023967|Mrps18a	chr17	46128797	46128910	+	Mrps18a	113	59.29
N2270	3283	ENSMUST00000171172.2|ENSMUSG00000034509|Mad2l1bp	chr17	46147386	46147603	-	Mad2l1bp	217	42.4
N2271	3284	ENSMUST00000233438.1|ENSMUSG00000023953|Polh	chr17	46172224	46190591	-	Polh	18367	43.67
N2272	3285	ENSMUST00000087031.6|ENSMUSG00000067150|Xpo5	chr17	46242419	46243598	+	Xpo5	1179	51.82
N2273	3286	ENSMUST00000095263.9|ENSMUSG00000071074|Yipf3	chr17	46251881	46252537	+	Yipf3	656	50.91
N2274	3287	ENSMUST00000233543.1|ENSMUSG00000071073|Lrrc73	chr17	46256870	46257210	+	Lrrc73	340	53.82
N2275	3288	ENSMUST00000180283.1|ENSMUSG00000012296|Tjap1	chr17	46257850	46258162	-	Tjap1	312	50.64
N2276	3289	ENSMUST00000171584.1|ENSMUSG00000032842|Abcc10	chr17	46303229	46323182	-	Abcc10	19953	53.01
N2277	3290	ENSMUST00000046497.7|ENSMUSG00000040658|Dnph1	chr17	46499368	46499624	+	Dnph1	256	52.73
N2278	3291	ENSMUST00000015749.6|ENSMUSG00000015605|Srf	chr17	46548328	46548611	-	Srf	283	48.76
N2279	3292	ENSMUST00000044442.9|ENSMUSG00000023972|Ptk7	chr17	46564470	46564844	-	Ptk7	374	46.79
N2280	3293	ENSMUST00000233974.1|ENSMUSG00000003546|Klc4	chr17	46630623	46630870	-	Klc4	247	51.82
N2281	3294	ENSMUST00000113429.7|ENSMUSG00000002767|Mrpl2	chr17	46650078	46650131	+	Mrpl2	53	52.83
N2282	3296	ENSMUST00000002845.7|ENSMUSG00000002768|Mea1	chr17	46683018	46683111	+	Mea1	93	49.46
N2283	33	ENSMUST00000037341.13|ENSMUSG00000039835|Nhsl1	chr10	18532121	18533892	+	Nhsl1	1771	40.88
N2284	330	ENSMUST00000095360.10|ENSMUSG00000020053|Igf1	chr10	87934094	87937042	+	Igf1	2948	35.96
N2285	3300	ENSMUST00000071430.6|ENSMUSG00000062619|2310039H08Rik	chr17	46773305	46773396	+	2310039H08Rik	91	45.05
N2286	3301	ENSMUST00000078286.5|ENSMUSG00000063888|Rpl7l1	chr17	46773906	46777914	-	Rpl7l1	4008	47.13
N2287	3302	ENSMUST00000040624.6|ENSMUSG00000036568|Bicral	chr17	46798119	46800899	-	Bicral	2780	45.04
N2288	3305	ENSMUST00000024783.8|ENSMUSG00000023988|Bysl	chr17	47599330	47601321	-	Bysl	1991	50.48
N2289	3307	ENSMUST00000132397.1|ENSMUSG00000023984|Gm20517	chr17	47673415	47683861	+	Gm20517	10446	47.44
N2290	3308	ENSMUST00000113302.9|ENSMUSG00000033475|Tomm6	chr17	47686645	47686868	-	Tomm6	223	35.87
N2291	3309	ENSMUST00000113296.7|ENSMUSG00000023266|Frs3	chr17	47704051	47704286	+	Frs3	235	38.3
N2292	331	ENSMUST00000219121.1|ENSMUSG00000035351|Nup37	chr10	88178303	88178383	+	Nup37	80	23.75
N2293	3311	ENSMUST00000113265.7|ENSMUSG00000023991|Foxp4	chr17	47867132	47867982	-	Foxp4	850	57.76
N2294	3312	ENSMUST00000048782.6|ENSMUSG00000042265|Trem1	chr17	48244796	48246924	+	Trem1	2128	49.34
N2295	3313	ENSMUST00000024791.14|ENSMUSG00000023992|Trem2	chr17	48352172	48352273	+	Trem2	101	54.46
N2296	3314	ENSMUST00000078800.12|ENSMUSG00000023994|Nfya	chr17	48386884	48389091	-	Nfya	2207	47.49
N2297	3315	ENSMUST00000046651.6|ENSMUSG00000040771|Oard1	chr17	48417023	48417266	+	Oard1	243	35.39
N2298	3316	ENSMUST00000174647.1|ENSMUSG00000064120|Mocs1	chr17	49435278	49454790	+	Mocs1	19512	44.6
N2299	3317	ENSMUST00000044503.13|ENSMUSG00000039316|Rftn1	chr17	49992256	49993532	-	Rftn1	1276	39.5
N2300	3318	ENSMUST00000043938.7|ENSMUSG00000038910|Plcl2	chr17	50688039	50688484	+	Plcl2	445	49.21
N2301	3319	ENSMUST00000024717.9|ENSMUSG00000023923|Tbc1d5	chr17	50733123	50734123	-	Tbc1d5	1000	49.0
N2302	3320	ENSMUST00000144331.7|ENSMUSG00000023927|Satb1	chr17	51736186	51739571	-	Satb1	3385	37.99
N2303	3321	ENSMUST00000017975.6|ENSMUSG00000017831|Rab5a	chr17	53507104	53507680	+	Rab5a	576	31.77
N2304	3322	ENSMUST00000054780.9|ENSMUSG00000003198|Zfp959	chr17	55898732	55898928	+	Zfp959	196	38.78
N2305	3323	ENSMUST00000003274.7|ENSMUSG00000003206|Ebi3	chr17	55956925	55957022	+	Ebi3	97	43.3
N2306	3324	ENSMUST00000233661.1|ENSMUSG00000003208|Yju2	chr17	55967782	55968281	+	Yju2	499	54.11
N2307	3325	ENSMUST00000043785.7|ENSMUSG00000038781|Stap2	chr17	55997076	55997148	-	Stap2	72	40.28
N2308	3327	ENSMUST00000002914.9|ENSMUSG00000002835|Chaf1a	chr17	56067698	56070276	+	Chaf1a	2578	53.84
N2309	3328	ENSMUST00000019722.11|ENSMUSG00000019578|Ubxn6	chr17	56067044	56068397	-	Ubxn6	1353	48.85
N2310	3329	ENSMUST00000041357.8|ENSMUSG00000037095|Lrg1	chr17	56119677	56119793	-	Lrg1	116	47.41
N2311	333	ENSMUST00000148899.7|ENSMUSG00000060002|Chpt1	chr10	88452744	88470998	-	Chpt1	18254	40.67
N2312	3330	ENSMUST00000001256.10|ENSMUSG00000001227|Sema6b	chr17	56123084	56123823	-	Sema6b	739	58.32
N2313	3332	ENSMUST00000019723.7|ENSMUSG00000019579|Mydgf	chr17	56175743	56176701	-	Mydgf	958	44.36
N2314	3333	ENSMUST00000038794.5|ENSMUSG00000001229|Dpp9	chr17	56186816	56187095	-	Dpp9	279	53.41
N2315	3334	ENSMUST00000060253.4|ENSMUSG00000043683|Fem1a	chr17	56259929	56263610	+	Fem1a	3681	50.39
N2316	3335	ENSMUST00000058136.8|ENSMUSG00000047123|Ticam1	chr17	56269318	56269669	-	Ticam1	351	48.72
N2317	3336	ENSMUST00000019726.7|ENSMUSG00000024197|Plin3	chr17	56277475	56279191	-	Plin3	1716	47.55
N2318	3337	ENSMUST00000001258.14|ENSMUSG00000001228|Uhrf1	chr17	56323109	56323486	+	Uhrf1	377	37.93
N2319	3338	ENSMUST00000141507.1|ENSMUSG00000024201|Kdm4b	chr17	56402492	56402870	+	Kdm4b	378	53.44
N2320	3339	ENSMUST00000223859.1|ENSMUSG00000013236|Ptprs	chr17	56412425	56413064	-	Ptprs	639	46.79
N2321	334	ENSMUST00000116234.8|ENSMUSG00000060904|Arl1	chr10	88743707	88744094	+	Arl1	387	41.34
N2322	3340	ENSMUST00000144255.7|ENSMUSG00000042625|Safb2	chr17	56562938	56575354	-	Safb2	12416	51.1
N2323	3341	ENSMUST00000182951.7|ENSMUSG00000071054|Safb	chr17	56600971	56601240	+	Safb	269	56.13
N2324	3342	ENSMUST00000052832.5|ENSMUSG00000049760|Micos13	chr17	56607451	56607595	-	Micos13	144	33.33
N2325	3343	ENSMUST00000002445.9|ENSMUSG00000002372|Ranbp3	chr17	56711430	56711764	+	Ranbp3	334	55.69
N2326	3344	ENSMUST00000067931.6|ENSMUSG00000054723|Vmac	chr17	56713935	56715335	-	Vmac	1400	50.5
N2327	3345	ENSMUST00000233832.1|ENSMUSG00000002379|Ndufa11	chr17	56721541	56722141	+	Ndufa11	600	56.83
N2328	3346	ENSMUST00000086801.6|ENSMUSG00000024206|Rfx2	chr17	56775896	56776671	-	Rfx2	775	50.84
N2329	3347	ENSMUST00000025053.9|ENSMUSG00000024212|Mllt1	chr17	56892610	56894313	-	Mllt1	1703	57.25
N2330	3349	ENSMUST00000171128.1|ENSMUSG00000046329|Slc25a23	chr17	57047194	57052681	-	Slc25a23	5487	48.62
N2331	335	ENSMUST00000099374.8|ENSMUSG00000074802|Gas2l3	chr10	89408822	89412678	-	Gas2l3	3856	36.64
N2332	3350	ENSMUST00000071135.5|ENSMUSG00000062591|Tubb4a	chr17	57080065	57080342	-	Tubb4a	277	53.07
N2333	3351	ENSMUST00000039490.8|ENSMUSG00000035678|Tnfsf9	chr17	57107652	57107757	+	Tnfsf9	105	21.9
N2334	3352	ENSMUST00000233568.1|ENSMUSG00000005823|Gpr108	chr17	57234634	57235109	-	Gpr108	475	53.05
N2335	3353	ENSMUST00000225664.1|ENSMUSG00000019487|Trip10	chr17	57251011	57253402	+	Trip10	2391	47.68
N2336	3354	ENSMUST00000005889.15|ENSMUSG00000034116|Vav1	chr17	57327852	57328031	+	Vav1	179	50.84
N2337	3355	ENSMUST00000086763.12|ENSMUSG00000004730|Adgre1	chr17	57483353	57483527	+	Adgre1	174	37.36
N2338	3356	ENSMUST00000025064.13|ENSMUSG00000024227|Pdzph1	chr17	58878807	58878929	-	Pdzph1	122	36.89
N2339	3357	ENSMUST00000025065.11|ENSMUSG00000024228|Nudt12	chr17	58999617	59000660	-	Nudt12	1043	32.12
N2340	3358	ENSMUST00000024761.12|ENSMUSG00000023965|Fbxl17	chr17	63057451	63059667	-	Fbxl17	2216	37.91
N2341	3359	ENSMUST00000172818.7|ENSMUSG00000024083|Pja2	chr17	64281004	64283071	-	Pja2	2067	35.9
N2342	336	ENSMUST00000058126.14|ENSMUSG00000047638|Nr1h4	chr10	89454233	89454561	-	Nr1h4	328	35.06
N2343	3360	ENSMUST00000086723.9|ENSMUSG00000024085|Man2a1	chr17	64752720	64755110	+	Man2a1	2390	36.99
N2344	3361	ENSMUST00000024897.9|ENSMUSG00000024091|Vapa	chr17	65578326	65580230	-	Vapa	1904	39.18
N2345	3362	ENSMUST00000070673.8|ENSMUSG00000056515|Rab31	chr17	65651728	65654257	-	Rab31	2529	46.07
N2346	3363	ENSMUST00000162109.7|ENSMUSG00000061950|Ppp4r1	chr17	65829607	65841921	+	Ppp4r1	12314	46.43
N2347	3364	ENSMUST00000024905.10|ENSMUSG00000024096|Ralbp1	chr17	65848417	65849801	-	Ralbp1	1384	45.59
N2348	3365	ENSMUST00000233580.1|ENSMUSG00000024098|Twsg1	chr17	65921971	65924080	-	Twsg1	2109	44.57
N2349	3366	ENSMUST00000143987.8|ENSMUSG00000024099|Ndufv2	chr17	66078637	66079345	-	Ndufv2	708	33.76
N2350	3367	ENSMUST00000072383.13|ENSMUSG00000024101|Washc1	chr17	66119316	66120503	+	Washc1	1187	53.75
N2351	3368	ENSMUST00000167962.1|ENSMUSG00000023460|Rab12	chr17	66494511	66495059	-	Rab12	548	36.86
N2352	3369	ENSMUST00000035471.8|ENSMUSG00000032796|Lama1	chr17	67822597	67822647	+	Lama1	50	40.0
N2353	337	ENSMUST00000174252.7|ENSMUSG00000069539|Scyl2	chr10	89638720	89639738	-	Scyl2	1018	35.66
N2354	3370	ENSMUST00000024840.11|ENSMUSG00000024043|Arhgap28	chr17	67842712	67844528	-	Arhgap28	1816	43.83
N2355	3371	ENSMUST00000225740.1|ENSMUSG00000024044|Epb41l3	chr17	69248795	69289989	+	Epb41l3	41194	44.17
N2356	3372	ENSMUST00000112676.3|ENSMUSG00000049672|Zbtb14	chr17	69390067	69391199	+	Zbtb14	1132	39.31
N2357	3373	ENSMUST00000133983.7|ENSMUSG00000003279|Dlgap1	chr17	70819626	70821413	+	Dlgap1	1787	34.02
N2358	3374	ENSMUST00000186358.5|ENSMUSG00000047407|Tgif1	chr17	70844210	70844676	-	Tgif1	466	35.62
N2359	3375	ENSMUST00000038446.9|ENSMUSG00000034868|Myl12b	chr17	70973132	70974157	-	Myl12b	1025	43.71
N2360	3377	ENSMUST00000148960.7|ENSMUSG00000024048|Myl12a	chr17	70993655	70994443	-	Myl12a	788	40.74
N2361	3378	ENSMUST00000233057.1|ENSMUSG00000024053|Emilin2	chr17	71252171	71252435	-	Emilin2	264	45.45
N2362	3379	ENSMUST00000127430.1|ENSMUSG00000024054|Smchd1	chr17	71344488	71345043	-	Smchd1	555	32.43
N2363	338	ENSMUST00000218776.1|ENSMUSG00000019951|Uhrf1bp1l	chr10	89806796	89818402	+	Uhrf1bp1l	11606	43.74
N2364	3380	ENSMUST00000167641.7|ENSMUSG00000052525|Spdya	chr17	71588984	71589533	+	Spdya	549	35.15
N2365	3381	ENSMUST00000234560.1|ENSMUSG00000041057|Wdr43	chr17	71648945	71657789	+	Wdr43	8844	42.09
N2366	3382	ENSMUST00000045174.6|ENSMUSG00000039770|Ypel5	chr17	72849359	72851195	+	Ypel5	1836	39.81
N2367	3383	ENSMUST00000067545.7|ENSMUSG00000054469|Lclat1	chr17	73241277	73243368	+	Lclat1	2091	44.76
N2368	3384	ENSMUST00000024860.8|ENSMUSG00000024065|Ehd3	chr17	73830785	73832094	+	Ehd3	1309	46.68
N2369	3385	ENSMUST00000233176.1|ENSMUSG00000058704|Memo1	chr17	74200717	74241834	-	Memo1	41117	38.85
N2370	3386	ENSMUST00000233187.1|ENSMUSG00000024067|Dpy30	chr17	74299483	74299616	-	Dpy30	133	24.06
N2371	3387	ENSMUST00000225549.1|ENSMUSG00000024068|Spast	chr17	74369285	74375644	+	Spast	6359	39.9
N2372	3388	ENSMUST00000234515.1|ENSMUSG00000024069|Slc30a6	chr17	74410481	74423667	+	Slc30a6	13186	44.3
N2373	3389	ENSMUST00000001927.11|ENSMUSG00000001870|Ltbp1	chr17	75391079	75391767	+	Ltbp1	688	41.72
N2374	339	ENSMUST00000159110.7|ENSMUSG00000019979|Apaf1	chr10	90989310	90990531	-	Apaf1	1221	38.57
N2375	3390	ENSMUST00000164192.8|ENSMUSG00000071042|Rasgrp3	chr17	75527779	75529054	+	Rasgrp3	1275	39.84
N2376	3391	ENSMUST00000234785.1|ENSMUSG00000002017|Fam98a	chr17	75537094	75538759	-	Fam98a	1665	44.32
N2377	3392	ENSMUST00000234059.1|ENSMUSG00000024074|Crim1	chr17	78315746	78344506	+	Crim1	28760	43.42
N2378	3393	ENSMUST00000145910.8|ENSMUSG00000024077|Strn	chr17	78649912	78652801	-	Strn	2889	38.94
N2379	3394	ENSMUST00000170759.2|ENSMUSG00000050668|Gpatch11	chr17	78845347	78848308	+	Gpatch11	2961	43.4
N2380	3395	ENSMUST00000024884.4|ENSMUSG00000024079|Eif2ak2	chr17	78852563	78853303	-	Eif2ak2	740	40.54
N2381	3396	ENSMUST00000180077.6|ENSMUSG00000062691|Cebpzos	chr17	78920183	78920306	+	Cebpzos	123	26.83
N2382	3397	ENSMUST00000233484.1|ENSMUSG00000024081|Cebpz	chr17	78919844	78932109	-	Cebpz	12265	40.29
N2383	3398	ENSMUST00000003191.13|ENSMUSG00000024070|Prkd3	chr17	78949404	78950795	-	Prkd3	1391	39.4
N2384	3399	ENSMUST00000040789.5|ENSMUSG00000024084|Qpct	chr17	79089983	79090378	+	Qpct	395	24.3
N2385	34	ENSMUST00000020000.6|ENSMUSG00000019853|Hebp2	chr10	18539497	18540928	-	Hebp2	1431	41.02
N2386	340	ENSMUST00000020149.5|ENSMUSG00000019975|Ikbip	chr10	91097561	91098657	+	Ikbip	1096	41.15
N2387	3401	ENSMUST00000225357.1|ENSMUSG00000036368|Rmdn2	chr17	79681852	79682249	+	Rmdn2	397	34.51
N2388	3402	ENSMUST00000024894.1|ENSMUSG00000024087|Cyp1b1	chr17	79706952	79709250	-	Cyp1b1	2298	37.77
N2389	3403	ENSMUST00000222193.1|ENSMUSG00000059811|Atl2	chr17	79849318	79864702	-	Atl2	15384	40.25
N2390	3404	ENSMUST00000184297.7|ENSMUSG00000024095|Hnrnpll	chr17	80029836	80044493	-	Hnrnpll	14657	37.34
N2391	3405	ENSMUST00000039205.10|ENSMUSG00000035473|Galm	chr17	80184709	80185101	+	Galm	392	42.09
N2392	3406	ENSMUST00000234503.1|ENSMUSG00000024097|Srsf7	chr17	80200829	80204121	-	Srsf7	3292	36.6
N2393	3407	ENSMUST00000069486.12|ENSMUSG00000055760|Gemin6	chr17	80228261	80228497	+	Gemin6	236	34.32
N2394	3408	ENSMUST00000038166.8|ENSMUSG00000035051|Dhx57	chr17	80238308	80238635	-	Dhx57	327	36.7
N2395	3409	ENSMUST00000068714.6|ENSMUSG00000024241|Sos1	chr17	80393750	80397265	-	Sos1	3515	36.22
N2396	341	ENSMUST00000163246.7|ENSMUSG00000061904|Slc25a3	chr10	91116790	91121921	-	Slc25a3	5131	41.04
N2397	3410	ENSMUST00000112389.8|ENSMUSG00000024242|Map4k3	chr17	80580511	80581699	-	Map4k3	1188	34.09
N2398	3412	ENSMUST00000170794.7|ENSMUSG00000024247|Pkdcc	chr17	83224780	83225070	+	Pkdcc	290	56.9
N2399	3413	ENSMUST00000234460.1|ENSMUSG00000032624|Eml4	chr17	83479303	83480361	+	Eml4	1058	42.53
N2400	3415	ENSMUST00000060366.6|ENSMUSG00000045817|Zfp36l2	chr17	84183930	84185604	-	Zfp36l2	1674	37.93
N2401	3416	ENSMUST00000047524.9|ENSMUSG00000024251|Thada	chr17	84190075	84191727	-	Thada	1652	47.28
N2402	3417	ENSMUST00000025101.9|ENSMUSG00000024253|Dync2li1	chr17	84655511	84655588	+	Dync2li1	77	23.38
N2403	3418	ENSMUST00000160011.1|ENSMUSG00000024120|Lrpprc	chr17	84731179	84739934	-	Lrpprc	8755	42.52
N2404	3419	ENSMUST00000112304.9|ENSMUSG00000061130|Ppm1b	chr17	85015766	85017197	+	Ppm1b	1431	35.36
N2405	342	ENSMUST00000072239.13|ENSMUSG00000019961|Tmpo	chr10	91147570	91149236	-	Tmpo	1666	35.83
N2406	3420	ENSMUST00000072406.4|ENSMUSG00000024127|Prepl	chr17	85063469	85064495	-	Prepl	1026	45.22
N2407	3421	ENSMUST00000095188.6|ENSMUSG00000071037|Camkmt	chr17	85458333	85458588	+	Camkmt	255	40.0
N2408	3422	ENSMUST00000163568.3|ENSMUSG00000024134|Six2	chr17	85684276	85684840	-	Six2	564	46.81
N2409	3423	ENSMUST00000234761.1|ENSMUSG00000024135|Srbd1	chr17	85984664	85984932	-	Srbd1	268	33.58
N2410	3424	ENSMUST00000097275.8|ENSMUSG00000045038|Prkce	chr17	86655314	86657919	+	Prkce	2605	41.11
N2411	3425	ENSMUST00000024954.10|ENSMUSG00000024140|Epas1	chr17	86831250	86833410	+	Epas1	2160	45.93
N2412	3426	ENSMUST00000024956.14|ENSMUSG00000024143|Rhoq	chr17	86998713	87000069	+	Rhoq	1356	39.01
N2413	343	ENSMUST00000129827.7|ENSMUSG00000008398|Elk3	chr10	93249322	93254595	-	Elk3	5273	45.33
N2414	3430	ENSMUST00000024963.10|ENSMUSG00000024150|Mcfd2	chr17	87254442	87254928	-	Mcfd2	486	43.42
N2415	3431	ENSMUST00000154255.7|ENSMUSG00000036918|Ttc7	chr17	87307131	87380086	+	Ttc7	72955	52.89
N2416	3432	ENSMUST00000238271.1|ENSMUSG00000036438|Calm2	chr17	87435625	87442565	-	Calm2	6940	39.09
N2417	3433	ENSMUST00000174703.1|ENSMUSG00000024151|Msh2	chr17	87712793	87717678	+	Msh2	4885	43.19
N2418	3434	ENSMUST00000135639.7|ENSMUSG00000005371|Fbxo11	chr17	87991417	87997330	-	Fbxo11	5913	37.93
N2419	3435	ENSMUST00000141052.1|ENSMUSG00000034998|Foxn2	chr17	88476008	88487251	+	Foxn2	11243	41.31
N2420	3437	ENSMUST00000086423.5|ENSMUSG00000066878|Gm10184	chr17	89908461	89908578	-	Gm10184	117	28.21
N2421	3438	ENSMUST00000072671.13|ENSMUSG00000024109|Nrxn1	chr17	90033630	90036928	-	Nrxn1	3298	33.84
N2422	3439	ENSMUST00000234990.1|ENSMUSG00000055660|Mettl4	chr17	94722589	94726033	-	Mettl4	3444	39.11
N2423	344	ENSMUST00000020203.6|ENSMUSG00000020018|Snrpf	chr10	93583028	93583315	-	Snrpf	287	26.13
N2424	3440	ENSMUST00000025075.2|ENSMUSG00000024232|Bambi	chr18	3512594	3516404	+	Bambi	3810	40.13
N2425	3441	ENSMUST00000173930.7|ENSMUSG00000024235|Map3k8	chr18	4331339	4339413	-	Map3k8	8074	44.04
N2426	3442	ENSMUST00000234422.1|ENSMUSG00000024234|Mtpap	chr18	4380887	4397328	+	Mtpap	16441	40.05
N2427	3444	ENSMUST00000125512.7|ENSMUSG00000024236|Svil	chr18	5106871	5119291	+	Svil	12420	47.13
N2428	3445	ENSMUST00000063989.6|ENSMUSG00000050945|Zfp438	chr18	5210028	5210490	-	Zfp438	462	30.74
N2429	3446	ENSMUST00000161295.7|ENSMUSG00000024238|Zeb1	chr18	5641534	5766570	+	Zeb1	125036	40.56
N2430	3447	ENSMUST00000182066.7|ENSMUSG00000041225|Arhgap12	chr18	6024426	6025360	-	Arhgap12	934	33.94
N2431	3448	ENSMUST00000025083.13|ENSMUSG00000006740|Kif5b	chr18	6201001	6208056	-	Kif5b	7055	37.17
N2432	3449	ENSMUST00000115870.8|ENSMUSG00000024240|Epc1	chr18	6435950	6437086	-	Epc1	1136	41.2
N2433	3450	ENSMUST00000079788.6|ENSMUSG00000061013|Mkx	chr18	6934517	6935262	-	Mkx	745	35.57
N2434	3451	ENSMUST00000167020.7|ENSMUSG00000024283|Wac	chr18	7926925	7929028	+	Wac	2103	34.62
N2435	3452	ENSMUST00000041080.6|ENSMUSG00000036904|Fzd8	chr18	9215451	9218136	+	Fzd8	2685	38.51
N2436	3453	ENSMUST00000234779.1|ENSMUSG00000024286|Ccny	chr18	9315950	9349270	-	Ccny	33320	40.31
N2437	3454	ENSMUST00000025137.8|ENSMUSG00000024287|Thoc1	chr18	9994225	9995489	+	Thoc1	1264	36.08
N2438	3455	ENSMUST00000092096.13|ENSMUSG00000047879|Usp14	chr18	9993065	9995735	-	Usp14	2670	36.67
N2439	3456	ENSMUST00000234610.1|ENSMUSG00000024290|Rock1	chr18	10065755	10072759	-	Rock1	7004	38.62
N2440	3457	ENSMUST00000002551.4|ENSMUSG00000002477|Snrpd1	chr18	10628018	10628230	+	Snrpd1	212	35.85
N2441	3458	ENSMUST00000117828.8|ENSMUSG00000002475|Abhd3	chr18	10644410	10644710	-	Abhd3	300	26.0
N2442	3459	ENSMUST00000124288.7|ENSMUSG00000024294|Mib1	chr18	10812273	10818704	+	Mib1	6431	36.79
N2443	346	ENSMUST00000047910.14|ENSMUSG00000036112|Metap2	chr10	93858488	93861094	-	Metap2	2606	38.53
N2444	3460	ENSMUST00000234616.1|ENSMUSG00000041238|Rbbp8	chr18	11677759	11720607	+	Rbbp8	42848	37.69
N2445	3461	ENSMUST00000171109.8|ENSMUSG00000040957|Cables1	chr18	11944977	11945626	+	Cables1	649	50.08
N2446	3462	ENSMUST00000234148.1|ENSMUSG00000024404|Riok3	chr18	12143215	12156701	+	Riok3	13486	43.55
N2447	3463	ENSMUST00000155431.7|ENSMUSG00000024410|Rmc1	chr18	12176295	12180571	+	Rmc1	4276	49.42
N2448	3464	ENSMUST00000025279.5|ENSMUSG00000024413|Npc1	chr18	12189692	12190771	-	Npc1	1079	44.02
N2449	3465	ENSMUST00000234405.1|ENSMUSG00000057766|Ankrd29	chr18	12260240	12268339	-	Ankrd29	8099	41.28
N2450	3466	ENSMUST00000234974.1|ENSMUSG00000024424|Ttc39c	chr18	12698059	12725017	+	Ttc39c	26958	46.71
N2451	3467	ENSMUST00000025288.8|ENSMUSG00000024420|Zfp521	chr18	13687012	13688435	-	Zfp521	1423	43.99
N2452	3468	ENSMUST00000234120.1|ENSMUSG00000037013|Ss18	chr18	14636581	14651021	-	Ss18	14440	41.87
N2453	347	ENSMUST00000119818.7|ENSMUSG00000036099|Vezt	chr10	93961521	93969926	-	Vezt	8405	40.94
N2454	3470	ENSMUST00000079081.7|ENSMUSG00000024411|Aqp4	chr18	15389495	15393045	-	Aqp4	3550	38.42
N2455	3471	ENSMUST00000025166.13|ENSMUSG00000024304|Cdh2	chr18	16588876	16589900	-	Cdh2	1024	31.64
N2456	3472	ENSMUST00000075312.4|ENSMUSG00000061808|Ttr	chr18	20673886	20674321	+	Ttr	435	38.62
N2457	3473	ENSMUST00000070080.5|ENSMUSG00000056124|B4galt6	chr18	20684598	20688124	-	B4galt6	3526	37.98
N2458	3474	ENSMUST00000225661.2|ENSMUSG00000033382|Trappc8	chr18	20817222	20817555	-	Trappc8	333	24.32
N2459	3476	ENSMUST00000052396.6|ENSMUSG00000024317|Rnf138	chr18	21027275	21028224	+	Rnf138	949	31.19
N2460	3477	ENSMUST00000092015.10|ENSMUSG00000041923|Nol4	chr18	22693180	22694792	-	Nol4	1612	34.86
N2461	3478	ENSMUST00000115832.3|ENSMUSG00000024302|Dtna	chr18	23653494	23659715	+	Dtna	6221	43.1
N2462	3479	ENSMUST00000165387.1|ENSMUSG00000024277|Mapre2	chr18	23853850	23890931	+	Mapre2	37081	46.19
N2463	348	ENSMUST00000020208.4|ENSMUSG00000020021|Fgd6	chr10	94141937	94145339	+	Fgd6	3402	42.42
N2464	3480	ENSMUST00000060762.5|ENSMUSG00000024276|Zfp397	chr18	23961410	23964673	+	Zfp397	3263	38.49
N2465	3481	ENSMUST00000074941.7|ENSMUSG00000063281|Zfp35	chr18	24004565	24005376	+	Zfp35	811	41.18
N2466	3482	ENSMUST00000066497.11|ENSMUSG00000051469|Zfp24	chr18	24009701	24012475	-	Zfp24	2774	39.33
N2467	3483	ENSMUST00000153360.7|ENSMUSG00000047989|Ino80c	chr18	24104756	24106056	-	Ino80c	1300	41.92
N2468	3484	ENSMUST00000171583.1|ENSMUSG00000000420|Galnt1	chr18	24254715	24267667	+	Galnt1	12952	41.41
N2469	3485	ENSMUST00000235029.1|ENSMUSG00000024273|2700062C07Rik	chr18	24473193	24477798	+	2700062C07Rik	4605	43.39
N2470	3486	ENSMUST00000046206.4|ENSMUSG00000040446|Rprd1a	chr18	24484959	24488033	-	Rprd1a	3074	41.54
N2471	3487	ENSMUST00000070726.9|ENSMUSG00000024270|Slc39a6	chr18	24579880	24580589	-	Slc39a6	709	39.92
N2472	3488	ENSMUST00000234266.1|ENSMUSG00000024271|Elp2	chr18	24638719	24639507	+	Elp2	788	46.45
N2473	3489	ENSMUST00000115817.2|ENSMUSG00000024269|Tpgs2	chr18	25136036	25138738	-	Tpgs2	2702	39.27
N2474	349	ENSMUST00000105290.8|ENSMUSG00000005897|Nr2c1	chr10	94195499	94197211	+	Nr2c1	1712	37.15
N2475	3490	ENSMUST00000160530.7|ENSMUSG00000033632|AW554918	chr18	25204017	25463896	+	AW554918	259879	39.12
N2476	3491	ENSMUST00000115816.2|ENSMUSG00000024268|Celf4	chr18	25477631	25486689	-	Celf4	9058	45.62
N2477	3492	ENSMUST00000131405.1|ENSMUSG00000033628|Pik3c3	chr18	30311352	30348120	+	Pik3c3	36768	43.04
N2478	3493	ENSMUST00000082070.12|ENSMUSG00000057455|Rit2	chr18	30973488	31153674	-	Rit2	180186	37.17
N2479	3494	ENSMUST00000025110.4|ENSMUSG00000024261|Syt4	chr18	31437807	31439347	-	Syt4	1540	36.82
N2480	3495	ENSMUST00000060396.6|ENSMUSG00000024259|Slc25a46	chr18	31580167	31581836	-	Slc25a46	1669	37.93
N2481	3496	ENSMUST00000235017.1|ENSMUSG00000024260|Sap130	chr18	31722841	31723061	+	Sap130	220	44.09
N2482	3497	ENSMUST00000025106.4|ENSMUSG00000024258|Polr2d	chr18	31796437	31796701	+	Polr2d	264	39.02
N2483	3498	ENSMUST00000234344.1|ENSMUSG00000024400|Wdr33	chr18	31834474	31835422	+	Wdr33	948	39.14
N2484	35	ENSMUST00000215836.1|ENSMUSG00000019852|Arfgef3	chr10	18581838	18588136	-	Arfgef3	6298	37.35
N2485	350	ENSMUST00000135292.2|ENSMUSG00000020022|Ndufa12	chr10	94203524	94221423	+	Ndufa12	17899	44.72
N2486	3500	ENSMUST00000225404.1|ENSMUSG00000024395|Lims2	chr18	31941899	31954584	+	Lims2	12685	51.2
N2487	3501	ENSMUST00000064016.5|ENSMUSG00000052229|Gpr17	chr18	31942996	31946840	-	Gpr17	3844	52.06
N2488	3502	ENSMUST00000025243.4|ENSMUSG00000024384|Iws1	chr18	32097429	32104328	+	Iws1	6899	38.82
N2489	3503	ENSMUST00000025241.6|ENSMUSG00000024382|Ercc3	chr18	32270037	32270151	+	Ercc3	114	41.23
N2490	3504	ENSMUST00000091967.12|ENSMUSG00000024381|Bin1	chr18	32435500	32435737	+	Bin1	237	62.87
N2491	3505	ENSMUST00000174459.1|ENSMUSG00000090523|Gypc	chr18	32528321	32528939	-	Gypc	618	42.72
N2492	3506	ENSMUST00000053663.10|ENSMUSG00000038299|Wdr36	chr18	32866150	32867594	+	Wdr36	1444	38.02
N2493	3507	ENSMUST00000234205.1|ENSMUSG00000038128|Camk4	chr18	33186142	33191228	+	Camk4	5086	38.91
N2494	3508	ENSMUST00000025236.8|ENSMUSG00000024378|Stard4	chr18	33199354	33201778	-	Stard4	2424	41.3
N2495	3509	ENSMUST00000168890.1|ENSMUSG00000042834|Nrep	chr18	33437018	33437556	-	Nrep	538	41.45
N2496	351	ENSMUST00000065060.11|ENSMUSG00000020023|Tmcc3	chr10	94588443	94590956	+	Tmcc3	2513	42.94
N2497	3510	ENSMUST00000163295.1|ENSMUSG00000005871|Apc	chr18	34269254	34276591	+	Apc	7337	41.15
N2498	3511	ENSMUST00000003876.9|ENSMUSG00000003778|Brd8	chr18	34598614	34599968	-	Brd8	1354	39.44
N2499	3512	ENSMUST00000133181.1|ENSMUSG00000024370|Cdc23	chr18	34631682	34633050	-	Cdc23	1368	43.2
N2500	3513	ENSMUST00000235929.1|ENSMUSG00000034300|Fam53c	chr18	34768952	34773760	+	Fam53c	4808	48.27
N2501	3514	ENSMUST00000225195.1|ENSMUSG00000038773|Kdm3b	chr18	34830282	34838660	+	Kdm3b	8378	44.96
N2502	3515	ENSMUST00000043484.7|ENSMUSG00000038555|Reep2	chr18	34846982	34847463	+	Reep2	481	57.8
N2503	3517	ENSMUST00000025218.7|ENSMUSG00000024360|Etf1	chr18	34902784	34904441	-	Etf1	1657	44.96
N2504	3518	ENSMUST00000025217.10|ENSMUSG00000024359|Hspa9	chr18	34937413	34937847	-	Hspa9	434	40.78
N2505	3519	ENSMUST00000237855.1|ENSMUSG00000037815|Ctnna1	chr18	35174419	35253905	+	Ctnna1	79486	40.22
N2506	352	ENSMUST00000020212.5|ENSMUSG00000020024|Cep83	chr10	94790196	94790853	+	Cep83	657	34.09
N2507	3520	ENSMUST00000091636.4|ENSMUSG00000071862|Lrrtm2	chr18	35209002	35211899	-	Lrrtm2	2897	36.59
N2508	3521	ENSMUST00000237018.1|ENSMUSG00000037236|Matr3	chr18	35582086	35590621	+	Matr3	8535	35.95
N2509	3522	ENSMUST00000235476.1|ENSMUSG00000037058|Paip2	chr18	35616784	35617187	+	Paip2	403	35.73
N2510	3523	ENSMUST00000235760.1|ENSMUSG00000024352|Spata24	chr18	35656798	35660091	-	Spata24	3293	47.56
N2511	3524	ENSMUST00000235930.1|ENSMUSG00000024350|Dnajc18	chr18	35675030	35680765	-	Dnajc18	5735	48.13
N2512	3525	ENSMUST00000235495.1|ENSMUSG00000024349|Sting1	chr18	35733678	35734199	-	Sting1	521	47.98
N2513	3526	ENSMUST00000170693.8|ENSMUSG00000091896|Ube2d2a	chr18	35806243	35807168	+	Ube2d2a	925	35.68
N2514	3527	ENSMUST00000060722.7|ENSMUSG00000046668|Cxxc5	chr18	35860842	35861688	+	Cxxc5	846	43.74
N2515	3528	ENSMUST00000176472.7|ENSMUSG00000024347|Psd2	chr18	36006797	36014580	+	Psd2	7783	47.62
N2516	3529	ENSMUST00000051301.5|ENSMUSG00000043991|Pura	chr18	36289661	36292535	+	Pura	2874	34.59
N2517	353	ENSMUST00000181244.1|ENSMUSG00000074785|Plxnc1	chr10	94854451	94864716	-	Plxnc1	10265	42.35
N2518	3530	ENSMUST00000237792.1|ENSMUSG00000024346|Pfdn1	chr18	36403675	36404209	-	Pfdn1	534	47.94
N2519	3531	ENSMUST00000025363.6|ENSMUSG00000024486|Hbegf	chr18	36504926	36506090	-	Hbegf	1164	43.38
N2520	3532	ENSMUST00000140061.7|ENSMUSG00000117942|Maskbp3	chr18	36665742	36665917	+	Maskbp3	175	52.57
N2521	3533	ENSMUST00000036765.7|ENSMUSG00000090264|Eif4ebp3	chr18	36665767	36665917	+	Eif4ebp3	150	51.33
N2522	3534	ENSMUST00000173482.7|ENSMUSG00000006050|Sra1	chr18	36667245	36669890	-	Sra1	2645	42.5
N2523	3535	ENSMUST00000237965.1|ENSMUSG00000117679|Apbb3	chr18	36676402	36676864	-	Apbb3	462	52.81
N2524	3536	ENSMUST00000186538.6|ENSMUSG00000033272|Slc35a4	chr18	36683546	36683861	+	Slc35a4	315	53.02
N2525	3537	ENSMUST00000061829.7|ENSMUSG00000051439|Cd14	chr18	36725066	36725151	-	Cd14	85	29.41
N2526	3538	ENSMUST00000237727.1|ENSMUSG00000006850|Tmco6	chr18	36737882	36739832	+	Tmco6	1950	49.28
N2527	3539	ENSMUST00000014438.4|ENSMUSG00000014294|Ndufa2	chr18	36742331	36742418	-	Ndufa2	87	32.18
N2528	354	ENSMUST00000220279.1|ENSMUSG00000045867|Cradd	chr10	95174745	95175451	-	Cradd	706	43.63
N2529	3540	ENSMUST00000007042.5|ENSMUSG00000024474|Ik	chr18	36757582	36757639	+	Ik	57	43.86
N2530	3541	ENSMUST00000049323.8|ENSMUSG00000042660|Wdr55	chr18	36763573	36763810	+	Wdr55	237	41.35
N2531	3542	ENSMUST00000152954.7|ENSMUSG00000019143|Hars2	chr18	36791645	36792562	+	Hars2	917	38.6
N2532	3543	ENSMUST00000001419.9|ENSMUSG00000001383|Zmat2	chr18	36798441	36799666	+	Zmat2	1225	44.9
N2533	3544	ENSMUST00000070797.6|ENSMUSG00000103442|Pcdha1	chr18	37186874	37187657	+	Pcdha1	783	34.48
N2534	3545	ENSMUST00000115662.8|ENSMUSG00000104148|Pcdha2	chr18	37186874	37187657	+	Pcdha2	783	34.48
N2535	3546	ENSMUST00000192503.1|ENSMUSG00000102312|Pcdha3	chr18	37186874	37187657	+	Pcdha3	783	34.48
N2536	3547	ENSMUST00000192512.5|ENSMUSG00000104252|Pcdha4	chr18	37186874	37187657	+	Pcdha4	783	34.48
N2537	3548	ENSMUST00000192168.1|ENSMUSG00000103092|Pcdha5	chr18	37186874	37187657	+	Pcdha5	783	34.48
N2538	3549	ENSMUST00000192631.1|ENSMUSG00000104318|Pcdha7	chr18	37186874	37187657	+	Pcdha7	783	34.48
N2539	355	ENSMUST00000099329.4|ENSMUSG00000074781|Ube2n	chr10	95542750	95545657	+	Ube2n	2907	38.97
N2540	3550	ENSMUST00000194038.1|ENSMUSG00000103800|Pcdha8	chr18	37186874	37187657	+	Pcdha8	783	34.48
N2541	3551	ENSMUST00000115659.5|ENSMUSG00000103770|Pcdha9	chr18	37186874	37187657	+	Pcdha9	783	34.48
N2542	3552	ENSMUST00000115658.5|ENSMUSG00000007440|Pcdha11	chr18	37186874	37187657	+	Pcdha11	783	34.48
N2543	3553	ENSMUST00000115657.9|ENSMUSG00000102206|Pcdha11	chr18	37186874	37187657	+	Pcdha11	783	34.48
N2544	3554	ENSMUST00000047614.3|ENSMUSG00000103310|Pcdha12	chr18	37186874	37187657	+	Pcdha12	783	34.48
N2545	3555	ENSMUST00000007584.3|ENSMUSG00000103255|Pcdhac1	chr18	37186874	37187657	+	Pcdhac1	783	34.48
N2546	3556	ENSMUST00000047479.2|ENSMUSG00000102697|Pcdhac2	chr18	37186874	37187657	+	Pcdhac2	783	34.48
N2547	3557	ENSMUST00000051754.1|ENSMUSG00000045498|Pcdhb3	chr18	37303659	37304585	+	Pcdhb3	926	34.23
N2548	3558	ENSMUST00000053037.4|ENSMUSG00000045062|Pcdhb7	chr18	37344567	37345202	+	Pcdhb7	635	32.91
N2549	3559	ENSMUST00000051163.2|ENSMUSG00000045876|Pcdhb8	chr18	37358074	37358604	+	Pcdhb8	530	37.92
N2550	3560	ENSMUST00000057228.1|ENSMUSG00000051242|Pcdhb9	chr18	37403651	37403909	+	Pcdhb9	258	30.62
N2551	3561	ENSMUST00000053073.5|ENSMUSG00000051486|Pcdhb11	chr18	37424549	37425836	+	Pcdhb11	1287	33.33
N2552	3562	ENSMUST00000055495.5|ENSMUSG00000043458|Pcdhb12	chr18	37438365	37438654	+	Pcdhb12	289	36.68
N2553	3563	ENSMUST00000052387.4|ENSMUSG00000044043|Pcdhb14	chr18	37450655	37456350	+	Pcdhb14	5695	34.28
N2554	3564	ENSMUST00000051442.6|ENSMUSG00000047910|Pcdhb16	chr18	37481260	37483038	+	Pcdhb16	1778	36.67
N2555	3565	ENSMUST00000053856.5|ENSMUSG00000046387|Pcdhb17	chr18	37488053	37489454	+	Pcdhb17	1401	34.12
N2556	3566	ENSMUST00000059571.6|ENSMUSG00000043313|Pcdhb19	chr18	37499707	37504128	+	Pcdhb19	4421	35.96
N2557	3567	ENSMUST00000052179.7|ENSMUSG00000046191|Pcdhb20	chr18	37507353	37507822	+	Pcdhb20	469	30.28
N2558	3568	ENSMUST00000061405.5|ENSMUSG00000044022|Pcdhb21	chr18	37516317	37518325	+	Pcdhb21	2008	32.92
N2559	3569	ENSMUST00000192409.1|ENSMUSG00000073591|Pcdhb22	chr18	37521024	37524479	+	Pcdhb22	3455	41.45
N2560	357	ENSMUST00000218291.1|ENSMUSG00000036499|Eea1	chr10	95990465	96026626	+	Eea1	36161	37.6
N2561	3570	ENSMUST00000066272.5|ENSMUSG00000051316|Taf7	chr18	37640490	37642211	-	Taf7	1721	34.34
N2562	3571	ENSMUST00000194190.1|ENSMUSG00000103144|Pcdhga1	chr18	37840277	37841873	+	Pcdhga1	1596	52.38
N2563	3572	ENSMUST00000193869.1|ENSMUSG00000103332|Pcdhga2	chr18	37840277	37841870	+	Pcdhga2	1593	52.48
N2564	3573	ENSMUST00000073447.7|ENSMUSG00000104346|Pcdhga3	chr18	37840277	37841873	+	Pcdhga3	1596	52.38
N2565	3574	ENSMUST00000192931.1|ENSMUSG00000103037|Pcdhgb1	chr18	37840277	37841870	+	Pcdhgb1	1593	52.48
N2566	3575	ENSMUST00000194418.1|ENSMUSG00000103677|Pcdhga4	chr18	37840277	37841873	+	Pcdhga4	1596	52.38
N2567	3576	ENSMUST00000195112.1|ENSMUSG00000102748|Pcdhgb2	chr18	37840277	37841873	+	Pcdhgb2	1596	52.38
N2568	3577	ENSMUST00000193414.1|ENSMUSG00000103567|Pcdhga5	chr18	37840277	37841873	+	Pcdhga5	1596	52.38
N2569	3578	ENSMUST00000195823.1|ENSMUSG00000103793|Pcdhga6	chr18	37840277	37841873	+	Pcdhga6	1596	52.38
N2570	3579	ENSMUST00000192511.1|ENSMUSG00000103472|Pcdhga7	chr18	37840277	37841873	+	Pcdhga7	1596	52.38
N2571	358	ENSMUST00000038377.8|ENSMUSG00000036478|Btg1	chr10	96619464	96622809	+	Btg1	3345	40.15
N2572	3580	ENSMUST00000195363.1|ENSMUSG00000103585|Pcdhgb4	chr18	37840277	37841870	+	Pcdhgb4	1593	52.48
N2573	3581	ENSMUST00000066149.8|ENSMUSG00000103897|Pcdhga8	chr18	37840277	37841873	+	Pcdhga8	1596	52.38
N2574	3582	ENSMUST00000192535.1|ENSMUSG00000103749|Pcdhgb5	chr18	37840277	37841873	+	Pcdhgb5	1596	52.38
N2575	3583	ENSMUST00000091935.6|ENSMUSG00000102440|Pcdhga9	chr18	37840277	37841870	+	Pcdhga9	1593	52.48
N2576	3584	ENSMUST00000003599.8|ENSMUSG00000103088|Pcdhgb6	chr18	37840277	37841873	+	Pcdhgb6	1596	52.38
N2577	3585	ENSMUST00000193404.1|ENSMUSG00000102222|Pcdhga10	chr18	37840277	37841873	+	Pcdhga10	1596	52.38
N2578	3586	ENSMUST00000194928.1|ENSMUSG00000104063|Pcdhgb7	chr18	37840277	37841873	+	Pcdhgb7	1596	52.38
N2579	3587	ENSMUST00000061279.9|ENSMUSG00000102742|Pcdhga11	chr18	37840277	37841873	+	Pcdhga11	1596	52.38
N2580	3588	ENSMUST00000195764.1|ENSMUSG00000103081|Pcdhgb8	chr18	37840277	37841870	+	Pcdhgb8	1593	52.48
N2581	3589	ENSMUST00000044851.7|ENSMUSG00000102428|Pcdhga12	chr18	37840277	37841873	+	Pcdhga12	1596	52.38
N2582	359	ENSMUST00000105287.10|ENSMUSG00000019929|Dcn	chr10	97517890	97518143	+	Dcn	253	31.62
N2583	3591	ENSMUST00000066140.12|ENSMUSG00000023036|Pcdhgc4	chr18	37840277	37841873	+	Pcdhgc4	1596	52.38
N2584	3592	ENSMUST00000193941.1|ENSMUSG00000102543|Pcdhgc5	chr18	37833483	37840200	+	Pcdhgc5	6717	51.05
N2585	3593	ENSMUST00000115634.7|ENSMUSG00000024456|Diaph1	chr18	37843600	37845067	-	Diaph1	1467	51.4
N2586	3594	ENSMUST00000236756.1|ENSMUSG00000024454|Hdac3	chr18	37937562	37940930	-	Hdac3	3368	42.9
N2587	3595	ENSMUST00000091932.11|ENSMUSG00000044024|Rell2	chr18	37958571	37959163	+	Rell2	592	57.94
N2588	3596	ENSMUST00000043437.13|ENSMUSG00000038524|Fchsd1	chr18	37957433	37958013	-	Fchsd1	580	52.93
N2589	3598	ENSMUST00000236649.1|ENSMUSG00000060450|Rnf14	chr18	38308395	38317842	+	Rnf14	9447	43.26
N2590	3599	ENSMUST00000235590.1|ENSMUSG00000052102|Gnpda1	chr18	38327549	38330387	-	Gnpda1	2838	46.51
N2591	36	ENSMUST00000019998.8|ENSMUSG00000019851|Perp	chr10	18856750	18857073	+	Perp	323	36.22
N2592	360	ENSMUST00000038160.5|ENSMUSG00000036446|Lum	chr10	97572419	97572703	+	Lum	284	32.75
N2593	3600	ENSMUST00000236480.1|ENSMUSG00000024425|Ndfip1	chr18	38460650	38464374	+	Ndfip1	3724	43.93
N2594	3601	ENSMUST00000025295.7|ENSMUSG00000024427|Spry4	chr18	38586246	38589249	-	Spry4	3003	46.92
N2595	3602	ENSMUST00000115567.7|ENSMUSG00000024431|Nr3c1	chr18	39410544	39412228	-	Nr3c1	1684	37.95
N2596	3603	ENSMUST00000025364.5|ENSMUSG00000024487|Yipf5	chr18	40203895	40205720	-	Yipf5	1825	37.26
N2597	3604	ENSMUST00000237587.1|ENSMUSG00000024493|Lars	chr18	42202346	42210019	-	Lars	7673	44.15
N2598	3605	ENSMUST00000091920.5|ENSMUSG00000024491|Rbm27	chr18	42338681	42341542	+	Rbm27	2861	37.08
N2599	3606	ENSMUST00000117687.7|ENSMUSG00000024500|Ppp2r2b	chr18	42645268	42645473	-	Ppp2r2b	205	29.76
N2600	3607	ENSMUST00000057110.10|ENSMUSG00000043424|Eif3j2	chr18	43475417	43476739	-	Eif3j2	1322	36.84
N2601	3608	ENSMUST00000089874.8|ENSMUSG00000071856|Mcc	chr18	44425059	44426219	-	Mcc	1160	39.4
N2602	3609	ENSMUST00000236405.1|ENSMUSG00000054477|Kcnn2	chr18	45683257	45685395	+	Kcnn2	2138	37.61
N2603	361	ENSMUST00000105285.3|ENSMUSG00000019936|Epyc	chr10	97681502	97682454	+	Epyc	952	30.99
N2604	3610	ENSMUST00000025354.4|ENSMUSG00000024477|Pggt1b	chr18	46240604	46259521	-	Pggt1b	18917	40.46
N2605	3611	ENSMUST00000036226.5|ENSMUSG00000033319|Fem1c	chr18	46501745	46504000	-	Fem1c	2255	35.34
N2606	3612	ENSMUST00000070084.10|ENSMUSG00000056130|Ticam2	chr18	46557290	46559228	-	Ticam2	1938	39.42
N2607	3613	ENSMUST00000036030.13|ENSMUSG00000033184|Tmed7	chr18	46560234	46586148	-	Tmed7	25914	42.95
N2608	3614	ENSMUST00000078079.10|ENSMUSG00000057561|Eif1a	chr18	46608931	46610211	+	Eif1a	1280	37.5
N2609	3615	ENSMUST00000234222.1|ENSMUSG00000033022|Cdo1	chr18	46715709	46720189	-	Cdo1	4480	43.1
N2610	3616	ENSMUST00000035648.5|ENSMUSG00000032905|Atg12	chr18	46730143	46732626	-	Atg12	2483	43.13
N2611	3617	ENSMUST00000225415.1|ENSMUSG00000024480|Ap3s1	chr18	46758114	46779206	+	Ap3s1	21092	38.28
N2612	3618	ENSMUST00000025358.3|ENSMUSG00000024481|Lvrn	chr18	46906571	46907242	+	Lvrn	671	39.94
N2613	3619	ENSMUST00000019791.13|ENSMUSG00000019647|Sema6a	chr18	47245253	47248111	-	Sema6a	2858	41.95
N2614	362	ENSMUST00000020107.7|ENSMUSG00000019943|Atp2b1	chr10	99023588	99026143	+	Atp2b1	2555	36.32
N2615	3620	ENSMUST00000076155.5|ENSMUSG00000059040|Eno1b	chr18	48048308	48048412	+	Eno1b	104	40.38
N2616	3621	ENSMUST00000237137.1|ENSMUSG00000024505|Dtwd2	chr18	49697578	49700229	-	Dtwd2	2651	37.42
N2617	3622	ENSMUST00000179937.1|ENSMUSG00000062210|Tnfaip8	chr18	50091624	50093229	+	Tnfaip8	1605	42.49
N2618	3624	ENSMUST00000235541.1|ENSMUSG00000073565|Prr16	chr18	51304880	51420044	+	Prr16	115164	36.41
N2619	3625	ENSMUST00000025409.8|ENSMUSG00000024529|Lox	chr18	52516066	52517528	-	Lox	1462	31.53
N2620	3626	ENSMUST00000178883.7|ENSMUSG00000024534|Sncaip	chr18	52885153	52915879	+	Sncaip	30726	41.46
N2621	3628	ENSMUST00000165032.8|ENSMUSG00000024535|Snx24	chr18	53390534	53390920	+	Snx24	386	30.83
N2622	3629	ENSMUST00000025419.8|ENSMUSG00000024538|Ppic	chr18	53406331	53406622	-	Ppic	291	33.68
N2623	363	ENSMUST00000161240.3|ENSMUSG00000090035|Galnt4	chr10	99110663	99113247	+	Galnt4	2584	41.18
N2624	3630	ENSMUST00000091900.10|ENSMUSG00000069378|Prdm6	chr18	53575532	53575857	+	Prdm6	325	52.0
N2625	3631	ENSMUST00000049811.7|ENSMUSG00000048799|Cep120	chr18	53681722	53682786	-	Cep120	1064	43.61
N2626	3633	ENSMUST00000237844.1|ENSMUSG00000052713|Zfp608	chr18	54888722	54897280	-	Zfp608	8558	41.52
N2627	3634	ENSMUST00000070166.5|ENSMUSG00000001700|Gramd3	chr18	56503321	56503792	+	Gramd3	471	38.22
N2628	3635	ENSMUST00000174704.7|ENSMUSG00000053644|Aldh7a1	chr18	56526749	56531489	-	Aldh7a1	4740	47.62
N2629	3636	ENSMUST00000008445.6|ENSMUSG00000008301|Phax	chr18	56587326	56587712	+	Phax	386	45.34
N2630	3637	ENSMUST00000025486.8|ENSMUSG00000024590|Lmnb1	chr18	56752796	56753424	+	Lmnb1	628	39.33
N2631	3639	ENSMUST00000075770.12|ENSMUSG00000024593|Megf10	chr18	57294646	57297467	+	Megf10	2821	37.26
N2632	364	ENSMUST00000220291.1|ENSMUSG00000019960|Dusp6	chr10	99267085	99267489	+	Dusp6	404	34.9
N2633	3640	ENSMUST00000025490.9|ENSMUSG00000024594|Prrc1	chr18	57389577	57392956	+	Prrc1	3379	42.97
N2634	3641	ENSMUST00000091892.3|ENSMUSG00000069372|Ctxn3	chr18	57477717	57478133	+	Ctxn3	416	38.22
N2635	3642	ENSMUST00000115366.2|ENSMUSG00000024597|Slc12a2	chr18	57944487	57946821	+	Slc12a2	2334	35.52
N2636	3643	ENSMUST00000025497.7|ENSMUSG00000024598|Fbn2	chr18	58008622	58009141	-	Fbn2	519	35.26
N2637	3644	ENSMUST00000025503.9|ENSMUSG00000024601|Isoc1	chr18	58678080	58680368	+	Isoc1	2288	39.38
N2638	3645	ENSMUST00000117064.7|ENSMUSG00000050875|Minar2	chr18	59072417	59076962	+	Minar2	4545	41.58
N2639	3646	ENSMUST00000238155.1|ENSMUSG00000058152|Chsy3	chr18	59411042	59535999	+	Chsy3	124957	38.38
N2640	3647	ENSMUST00000031549.5|ENSMUSG00000073555|Gm4951	chr18	60246957	60247820	+	Gm4951	863	38.12
N2641	3648	ENSMUST00000171297.1|ENSMUSG00000090942|F830016B08Rik	chr18	60301245	60303016	+	F830016B08Rik	1771	42.41
N2642	3649	ENSMUST00000066912.12|ENSMUSG00000054072|Iigp1	chr18	60391771	60392634	+	Iigp1	863	37.89
N2643	365	ENSMUST00000105283.8|ENSMUSG00000019966|Kitl	chr10	100089383	100100416	+	Kitl	11033	38.9
N2644	3650	ENSMUST00000042710.7|ENSMUSG00000038059|Smim3	chr18	60474190	60474598	-	Smim3	408	38.48
N2645	3652	ENSMUST00000025506.6|ENSMUSG00000024604|Rbm22	chr18	60572467	60572810	+	Rbm22	343	38.48
N2646	3653	ENSMUST00000155195.2|ENSMUSG00000043079|Synpo	chr18	60600205	60600776	-	Synpo	571	56.92
N2647	3654	ENSMUST00000235795.1|ENSMUSG00000054008|Ndst1	chr18	60684493	60686219	-	Ndst1	1726	50.58
N2648	3655	ENSMUST00000050487.15|ENSMUSG00000024610|Cd74	chr18	60812368	60812652	+	Cd74	284	56.34
N2649	3656	ENSMUST00000163446.8|ENSMUSG00000024613|Tcof1	chr18	60815996	60819364	-	Tcof1	3368	54.87
N2650	3657	ENSMUST00000040359.5|ENSMUSG00000036412|Arsi	chr18	60918247	60918561	+	Arsi	314	51.59
N2651	3658	ENSMUST00000102888.9|ENSMUSG00000024617|Camk2a	chr18	60985346	60988152	+	Camk2a	2806	50.43
N2652	3659	ENSMUST00000025522.10|ENSMUSG00000024620|Pdgfrb	chr18	61084183	61085061	+	Pdgfrb	878	51.37
N2653	366	ENSMUST00000058154.14|ENSMUSG00000036676|Tmtc3	chr10	100443901	100446702	-	Tmtc3	2801	32.67
N2654	3660	ENSMUST00000115268.3|ENSMUSG00000024621|Csf1r	chr18	61130925	61132149	+	Csf1r	1224	54.9
N2655	3661	ENSMUST00000236068.1|ENSMUSG00000024622|Hmgxb3	chr18	61131292	61155027	-	Hmgxb3	23735	46.48
N2656	3662	ENSMUST00000146409.7|ENSMUSG00000034320|Slc26a2	chr18	61192918	61197545	-	Slc26a2	4627	42.47
N2657	3663	ENSMUST00000075299.12|ENSMUSG00000033871|Ppargc1b	chr18	61298135	61298417	-	Ppargc1b	282	41.49
N2658	3665	ENSMUST00000154876.7|ENSMUSG00000033032|Afap1l1	chr18	61730260	61735567	-	Afap1l1	5307	45.83
N2659	3666	ENSMUST00000166783.2|ENSMUSG00000032735|Ablim3	chr18	61799391	61800707	-	Ablim3	1316	50.76
N2660	3667	ENSMUST00000053640.4|ENSMUSG00000045730|Adrb2	chr18	62177815	62178176	-	Adrb2	361	36.01
N2661	3668	ENSMUST00000048688.7|ENSMUSG00000042211|Fbxo38	chr18	62504154	62504429	-	Fbxo38	275	36.36
N2662	3669	ENSMUST00000236135.1|ENSMUSG00000071847|Apcdd1	chr18	62953648	62961179	+	Apcdd1	7531	44.16
N2663	3670	ENSMUST00000237157.1|ENSMUSG00000024581|Napg	chr18	62987024	62997361	+	Napg	10337	44.11
N2664	3671	ENSMUST00000237004.1|ENSMUSG00000024583|Txnl1	chr18	63661093	63664154	-	Txnl1	3061	34.86
N2665	3672	ENSMUST00000236956.1|ENSMUSG00000040560|Wdr7	chr18	63755231	63865303	+	Wdr7	110072	38.85
N2666	3673	ENSMUST00000025477.14|ENSMUSG00000056812|St8sia3	chr18	64272038	64279611	+	St8sia3	7573	42.24
N2667	3674	ENSMUST00000235215.1|ENSMUSG00000024588|Fech	chr18	64457261	64475056	-	Fech	17795	44.57
N2668	3675	ENSMUST00000237369.1|ENSMUSG00000024587|Nars	chr18	64500212	64511610	-	Nars	11398	44.1
N2669	3676	ENSMUST00000025482.9|ENSMUSG00000039529|Atp8b1	chr18	64528966	64531159	-	Atp8b1	2193	36.21
N2670	3677	ENSMUST00000163516.8|ENSMUSG00000024589|Nedd4l	chr18	65213107	65217828	+	Nedd4l	4721	43.13
N2671	3678	ENSMUST00000237756.1|ENSMUSG00000042439|Zfp532	chr18	65644370	65689443	+	Zfp532	45073	45.97
N2672	3679	ENSMUST00000126432.8|ENSMUSG00000024516|Sec11c	chr18	65815011	65817665	+	Sec11c	2654	41.18
N2673	368	ENSMUST00000054471.9|ENSMUSG00000046567|4930430F08Rik	chr10	100572264	100572782	-	4930430F08Rik	518	32.05
N2674	3680	ENSMUST00000048260.14|ENSMUSG00000041891|Lman1	chr18	65980737	65983702	-	Lman1	2965	41.92
N2675	3681	ENSMUST00000237161.1|ENSMUSG00000024521|Pmaip1	chr18	66464729	66465565	+	Pmaip1	836	36.96
N2676	3683	ENSMUST00000210564.2|ENSMUSG00000109901|Chmp1b	chr18	67206709	67207889	+	Chmp1b	1180	33.31
N2677	3684	ENSMUST00000073054.4|ENSMUSG00000062526|Mppe1	chr18	67225042	67225367	-	Mppe1	325	36.31
N2678	3685	ENSMUST00000025403.7|ENSMUSG00000024525|Impa2	chr18	67318755	67322472	+	Impa2	3717	46.33
N2679	3686	ENSMUST00000001513.7|ENSMUSG00000001473|Tubb6	chr18	67402534	67402749	+	Tubb6	215	46.05
N2680	3687	ENSMUST00000025408.9|ENSMUSG00000024527|Afg3l2	chr18	67404763	67405031	-	Afg3l2	268	31.72
N2681	3688	ENSMUST00000025411.8|ENSMUSG00000024530|Prelid3a	chr18	67478151	67479835	+	Prelid3a	1684	51.25
N2682	369	ENSMUST00000020049.8|ENSMUSG00000019897|Ccdc59	chr10	105847326	105847833	+	Ccdc59	507	37.08
N2683	3690	ENSMUST00000097542.3|ENSMUSG00000073542|Cep76	chr18	67617799	67618323	-	Cep76	524	35.11
N2684	3691	ENSMUST00000122412.1|ENSMUSG00000024539|Ptpn2	chr18	67671211	67672230	-	Ptpn2	1019	32.38
N2685	3693	ENSMUST00000063775.4|ENSMUSG00000024544|Ldlrad4	chr18	68254769	68255551	+	Ldlrad4	782	40.41
N2686	3694	ENSMUST00000042852.6|ENSMUSG00000038121|Fam210a	chr18	68260186	68266734	-	Fam210a	6548	43.31
N2687	3696	ENSMUST00000172148.3|ENSMUSG00000007480|Mc5r	chr18	68340347	68342446	+	Mc5r	2099	41.11
N2688	3697	ENSMUST00000209116.1|ENSMUSG00000053477|Tcf4	chr18	69643098	69657838	+	Tcf4	14740	41.89
N2689	3698	ENSMUST00000121693.7|ENSMUSG00000024511|Rab27b	chr18	69979130	69983857	-	Rab27b	4727	36.66
N2690	3699	ENSMUST00000114959.8|ENSMUSG00000079608|Stard6	chr18	70500785	70501066	+	Stard6	281	35.59
N2691	37	ENSMUST00000019997.10|ENSMUSG00000019850|Tnfaip3	chr10	19000909	19002132	-	Tnfaip3	1223	39.9
N2692	370	ENSMUST00000165067.8|ENSMUSG00000035948|Acss3	chr10	106933516	106934921	-	Acss3	1405	30.68
N2693	3700	ENSMUST00000091852.4|ENSMUSG00000037253|Mex3c	chr18	73590944	73592575	+	Mex3c	1631	34.64
N2694	3701	ENSMUST00000025393.13|ENSMUSG00000024515|Smad4	chr18	73639008	73639753	-	Smad4	745	34.36
N2695	3702	ENSMUST00000041138.2|ENSMUSG00000036941|Elac1	chr18	73735037	73737749	-	Elac1	2712	42.26
N2696	3703	ENSMUST00000025439.4|ENSMUSG00000024556|Me2	chr18	73769902	73770271	-	Me2	369	36.86
N2697	3704	ENSMUST00000179472.7|ENSMUSG00000064036|Mro	chr18	73878289	73879134	+	Mro	845	40.12
N2698	3705	ENSMUST00000162863.7|ENSMUSG00000024558|Mapk4	chr18	73928485	73934983	-	Mapk4	6498	50.18
N2699	3706	ENSMUST00000025444.7|ENSMUSG00000024560|Cxxc1	chr18	74221353	74221493	+	Cxxc1	140	50.71
N2700	3707	ENSMUST00000224332.1|ENSMUSG00000024561|Mbd1	chr18	74279428	74281234	+	Mbd1	1806	47.12
N2701	3708	ENSMUST00000074157.12|ENSMUSG00000025885|Myo5b	chr18	74770689	74771493	+	Myo5b	804	42.66
N2702	371	ENSMUST00000095313.4|ENSMUSG00000035873|Pawr	chr10	108413902	108414240	+	Pawr	338	36.09
N2703	3711	ENSMUST00000026999.9|ENSMUSG00000025880|Smad7	chr18	75394513	75395935	+	Smad7	1422	46.77
N2704	3712	ENSMUST00000168423.8|ENSMUSG00000024563|Smad2	chr18	76305148	76310963	+	Smad2	5815	42.18
N2705	3714	ENSMUST00000142456.1|ENSMUSG00000117732|Gm50364	chr18	76955186	76971449	+	Gm50364	16263	44.17
N2706	3715	ENSMUST00000097522.10|ENSMUSG00000025421|Hdhd2	chr18	76971225	76975307	+	Hdhd2	4082	44.86
N2707	3716	ENSMUST00000075290.7|ENSMUSG00000025425|St8sia5	chr18	77255236	77258771	+	St8sia5	3535	53.92
N2708	3717	ENSMUST00000026494.13|ENSMUSG00000025427|Rnf165	chr18	77456109	77461875	-	Rnf165	5766	51.28
N2709	3718	ENSMUST00000135678.1|ENSMUSG00000025428|Atp5a1	chr18	77782007	77782655	+	Atp5a1	648	44.29
N2710	3719	ENSMUST00000091813.11|ENSMUSG00000059336|Slc14a1	chr18	78100090	78101846	-	Slc14a1	1756	39.98
N2711	372	ENSMUST00000105276.7|ENSMUSG00000035864|Syt1	chr10	108497649	108498344	-	Syt1	695	43.88
N2712	3720	ENSMUST00000070219.8|ENSMUSG00000056214|Pard6g	chr18	80119129	80119639	+	Pard6g	510	41.18
N2713	3721	ENSMUST00000066743.10|ENSMUSG00000053950|Adnp2	chr18	80126310	80127262	-	Adnp2	952	39.29
N2714	3722	ENSMUST00000025462.6|ENSMUSG00000024570|Rbfa	chr18	80192264	80192331	-	Rbfa	67	28.36
N2715	3724	ENSMUST00000145963.8|ENSMUSG00000057130|Txnl4a	chr18	80223377	80225855	+	Txnl4a	2478	51.17
N2716	3725	ENSMUST00000077962.7|ENSMUSG00000059852|Kcng2	chr18	80294545	80295480	-	Kcng2	935	49.41
N2717	3726	ENSMUST00000036229.12|ENSMUSG00000033323|Ctdp1	chr18	80407958	80408346	-	Ctdp1	388	50.0
N2718	3727	ENSMUST00000236310.1|ENSMUSG00000033016|Nfatc1	chr18	80606204	80635401	-	Nfatc1	29197	49.72
N2719	3728	ENSMUST00000225235.1|ENSMUSG00000024566|Atp9b	chr18	80735074	80808508	-	Atp9b	73434	42.28
N2720	3729	ENSMUST00000143506.7|ENSMUSG00000041607|Mbp	chr18	82573043	82584217	+	Mbp	11174	49.21
N2721	3730	ENSMUST00000171238.7|ENSMUSG00000058881|Zfp516	chr18	83002415	83005314	+	Zfp516	2899	43.74
N2722	3731	ENSMUST00000060303.9|ENSMUSG00000046982|Tshz1	chr18	84011626	84012754	-	Tshz1	1128	32.89
N2723	3732	ENSMUST00000060223.3|ENSMUSG00000049090|Zadh2	chr18	84095794	84097528	+	Zadh2	1734	43.94
N2724	3733	ENSMUST00000025546.16|ENSMUSG00000024644|Cndp2	chr18	84667464	84667730	-	Cndp2	266	51.88
N2725	3734	ENSMUST00000025547.3|ENSMUSG00000024645|Timm21	chr18	84946190	84947457	-	Timm21	1267	39.38
N2726	3736	ENSMUST00000097495.4|ENSMUSG00000073514|Dok6	chr18	89292423	89300984	-	Dok6	8561	34.32
N2727	3737	ENSMUST00000154537.7|ENSMUSG00000024831|Ighmbp2	chr19	3264817	3274256	-	Ighmbp2	9439	53.0
N2728	3739	ENSMUST00000025846.15|ENSMUSG00000024908|Ppp6r3	chr19	3454927	3456851	-	Ppp6r3	1924	44.7
N2729	374	ENSMUST00000219502.1|ENSMUSG00000020186|Csrp2	chr10	110938848	110939328	+	Csrp2	480	50.0
N2730	3740	ENSMUST00000177330.7|ENSMUSG00000024913|Lrp5	chr19	3584830	3649403	-	Lrp5	64573	50.74
N2731	3742	ENSMUST00000135070.7|ENSMUSG00000001750|Tcirg1	chr19	3896049	3902343	-	Tcirg1	6294	51.3
N2732	3743	ENSMUST00000051803.7|ENSMUSG00000024885|Aldh3b1	chr19	3913490	3913713	-	Aldh3b1	223	47.09
N2733	3744	ENSMUST00000165711.2|ENSMUSG00000036908|Unc93b1	chr19	3947271	3949339	+	Unc93b1	2068	51.93
N2734	3745	ENSMUST00000143380.2|ENSMUSG00000075296|Aldh3b2	chr19	3981407	3981646	+	Aldh3b2	239	48.54
N2735	3746	ENSMUST00000155405.7|ENSMUSG00000024869|Gm49405	chr19	4002332	4005816	+	Gm49405	3484	55.74
N2736	3747	ENSMUST00000237129.1|ENSMUSG00000037916|Ndufv1	chr19	4007501	4009825	-	Ndufv1	2324	53.57
N2737	3748	ENSMUST00000174799.1|ENSMUSG00000024856|Cdk2ap2	chr19	4098159	4099010	+	Cdk2ap2	851	54.99
N2738	3749	ENSMUST00000145214.8|ENSMUSG00000024851|Pitpnm1	chr19	4111189	4112217	+	Pitpnm1	1028	56.52
N2739	375	ENSMUST00000220247.1|ENSMUSG00000035798|Zdhhc17	chr10	110942580	110967653	-	Zdhhc17	25073	39.32
N2740	3750	ENSMUST00000236397.1|ENSMUSG00000024835|Coro1b	chr19	4150826	4154035	+	Coro1b	3209	55.28
N2741	3753	ENSMUST00000237278.1|ENSMUSG00000024824|Rad9a	chr19	4197675	4200271	-	Rad9a	2596	50.12
N2742	3754	ENSMUST00000236364.1|ENSMUSG00000117873|Gm45928	chr19	4232943	4233263	+	Gm45928	320	50.62
N2743	3755	ENSMUST00000025773.4|ENSMUSG00000024854|Pold4	chr19	4233405	4233634	+	Pold4	229	55.46
N2744	3756	ENSMUST00000163858.7|ENSMUSG00000005986|Ankrd13d	chr19	4270181	4280536	-	Ankrd13d	10355	47.43
N2745	3757	ENSMUST00000025791.11|ENSMUSG00000024858|Grk2	chr19	4286000	4286279	-	Grk2	279	56.27
N2746	3758	ENSMUST00000235335.1|ENSMUSG00000054611|Kdm2a	chr19	4317705	4322386	-	Kdm2a	4681	46.14
N2747	3759	ENSMUST00000117462.1|ENSMUSG00000041845|Rhod	chr19	4425666	4425887	-	Rhod	221	50.68
N2748	376	ENSMUST00000105275.8|ENSMUSG00000020189|Osbpl8	chr10	111294656	111297249	+	Osbpl8	2593	32.82
N2749	3760	ENSMUST00000059295.9|ENSMUSG00000049303|Syt12	chr19	4445907	4447481	-	Syt12	1574	51.33
N2750	3762	ENSMUST00000113822.2|ENSMUSG00000045045|Lrfn4	chr19	4611784	4611928	-	Lrfn4	144	50.0
N2751	3763	ENSMUST00000225476.1|ENSMUSG00000024889|Rce1	chr19	4622590	4623727	-	Rce1	1137	54.62
N2752	3765	ENSMUST00000178353.1|ENSMUSG00000096370|Gm21992	chr19	4742912	4792397	-	Gm21992	49485	43.55
N2753	3766	ENSMUST00000182200.1|ENSMUSG00000033760|Rbm4b	chr19	4758428	4764130	+	Rbm4b	5702	39.74
N2754	3767	ENSMUST00000238136.1|ENSMUSG00000034108|Ccs	chr19	4825546	4833277	-	Ccs	7731	47.19
N2755	3768	ENSMUST00000119694.2|ENSMUSG00000083282|Ctsf	chr19	4860667	4860918	+	Ctsf	251	51.0
N2756	3769	ENSMUST00000162720.7|ENSMUSG00000006463|Zdhhc24	chr19	4880398	4885396	+	Zdhhc24	4998	49.98
N2757	377	ENSMUST00000218828.1|ENSMUSG00000058799|Nap1l1	chr10	111496722	111498150	+	Nap1l1	1428	38.17
N2758	3770	ENSMUST00000237362.1|ENSMUSG00000006464|Bbs1	chr19	4890662	4902743	-	Bbs1	12081	49.5
N2759	3771	ENSMUST00000235781.1|ENSMUSG00000063904|Dpp3	chr19	4907230	4914579	-	Dpp3	7349	48.84
N2760	3772	ENSMUST00000025834.14|ENSMUSG00000024901|Peli3	chr19	4929716	4932000	-	Peli3	2284	49.87
N2761	3773	ENSMUST00000025836.5|ENSMUSG00000024902|Mrpl11	chr19	4964927	4966999	+	Mrpl11	2072	48.31
N2762	3774	ENSMUST00000025826.6|ENSMUSG00000024891|Slc29a2	chr19	5031564	5031969	+	Slc29a2	405	53.83
N2763	3775	ENSMUST00000236560.1|ENSMUSG00000117789|Gm50388	chr19	5040897	5049912	+	Gm50388	9015	52.43
N2764	3776	ENSMUST00000116567.3|ENSMUSG00000080268|Brms1	chr19	5049663	5049917	+	Brms1	254	55.91
N2765	3777	ENSMUST00000225427.1|ENSMUSG00000024883|Rin1	chr19	5055574	5057071	+	Rin1	1497	52.3
N2766	3778	ENSMUST00000070630.7|ENSMUSG00000056481|Cd248	chr19	5070571	5070682	+	Cd248	111	55.86
N2767	3779	ENSMUST00000077066.7|ENSMUSG00000061451|Tmem151a	chr19	5079329	5080882	-	Tmem151a	1553	46.94
N2768	378	ENSMUST00000164773.1|ENSMUSG00000020205|Phlda1	chr10	111507770	111508645	+	Phlda1	875	45.26
N2769	3780	ENSMUST00000237603.1|ENSMUSG00000024875|Yif1a	chr19	5091696	5092501	+	Yif1a	805	57.39
N2770	3781	ENSMUST00000235638.1|ENSMUSG00000024873|Cnih2	chr19	5093126	5093671	-	Cnih2	545	61.65
N2771	3782	ENSMUST00000025804.6|ENSMUSG00000024870|Rab1b	chr19	5099204	5099555	-	Rab1b	351	52.14
N2772	3783	ENSMUST00000113728.7|ENSMUSG00000024862|Klc2	chr19	5107745	5108062	-	Klc2	317	58.36
N2773	3785	ENSMUST00000061169.6|ENSMUSG00000047658|Gal3st3	chr19	5308445	5308738	+	Gal3st3	293	49.49
N2774	3786	ENSMUST00000025762.15|ENSMUSG00000024844|Banf1	chr19	5364637	5364832	-	Banf1	195	44.1
N2775	3787	ENSMUST00000025759.8|ENSMUSG00000024841|Eif1ad	chr19	5370233	5371526	+	Eif1ad	1293	45.17
N2776	3788	ENSMUST00000054477.7|ENSMUSG00000047423|AI837181	chr19	5426926	5427313	+	AI837181	387	59.43
N2777	3789	ENSMUST00000025850.6|ENSMUSG00000024912|Fosl1	chr19	5455660	5455946	+	Fosl1	286	53.15
N2778	3790	ENSMUST00000236881.1|ENSMUSG00000095098|Ccdc85b	chr19	5453184	5456697	-	Ccdc85b	3513	51.15
N2779	3791	ENSMUST00000169943.7|ENSMUSG00000024909|Efemp2	chr19	5476272	5478320	+	Efemp2	2048	50.88
N2780	3793	ENSMUST00000209469.1|ENSMUSG00000056201|Cfl1	chr19	5493829	5495201	+	Cfl1	1372	48.47
N2781	3794	ENSMUST00000237111.1|ENSMUSG00000056185|Snx32	chr19	5495277	5495448	-	Snx32	171	54.97
N2782	3795	ENSMUST00000025864.10|ENSMUSG00000024925|Rnaseh2c	chr19	5602998	5603439	+	Rnaseh2c	441	53.51
N2783	3796	ENSMUST00000236883.1|ENSMUSG00000024926|Kat5	chr19	5603013	5603820	-	Kat5	807	51.67
N2784	3797	ENSMUST00000237838.1|ENSMUSG00000024927|Rela	chr19	5641676	5647423	+	Rela	5747	49.59
N2785	3798	ENSMUST00000169854.1|ENSMUSG00000056917|Sipa1	chr19	5651184	5651267	-	Sipa1	83	30.12
N2786	3799	ENSMUST00000113615.8|ENSMUSG00000054874|Pcnx3	chr19	5664634	5664894	-	Pcnx3	260	50.38
N2787	38	ENSMUST00000164591.2|ENSMUSG00000020009|Ifngr1	chr10	19601483	19610229	+	Ifngr1	8746	45.5
N2788	3800	ENSMUST00000237367.1|ENSMUSG00000024937|Ehbp1l1	chr19	5708325	5710132	-	Ehbp1l1	1807	49.53
N2789	3802	ENSMUST00000160852.7|ENSMUSG00000118125|Gm50387	chr19	5728087	5730220	-	Gm50387	2133	56.59
N2790	3803	ENSMUST00000081496.5|ENSMUSG00000024940|Ltbp3	chr19	5758296	5758532	+	Ltbp3	236	47.46
N2791	3804	ENSMUST00000025728.12|ENSMUSG00000024816|Frmd8	chr19	5849701	5851492	-	Frmd8	1791	51.7
N2792	3805	ENSMUST00000125114.7|ENSMUSG00000024818|Slc25a45	chr19	5884792	5885766	+	Slc25a45	974	53.18
N2793	3806	ENSMUST00000055458.5|ENSMUSG00000045664|Cdc42ep2	chr19	5915635	5917722	-	Cdc42ep2	2087	46.91
N2794	3807	ENSMUST00000025891.9|ENSMUSG00000024942|Capn1	chr19	5988544	5989182	-	Capn1	638	60.19
N2795	3808	ENSMUST00000138532.7|ENSMUSG00000024807|Syvn1	chr19	6053397	6053712	+	Syvn1	315	50.48
N2796	3809	ENSMUST00000007482.7|ENSMUSG00000007338|Mrpl49	chr19	6053621	6054141	-	Mrpl49	520	44.62
N2797	381	ENSMUST00000020339.9|ENSMUSG00000020130|Tbc1d15	chr10	115197871	115198676	-	Tbc1d15	805	38.76
N2798	3810	ENSMUST00000161090.7|ENSMUSG00000024799|Tm7sf2	chr19	6062900	6066310	-	Tm7sf2	3410	48.97
N2799	3811	ENSMUST00000160590.1|ENSMUSG00000024797|Vps51	chr19	6075902	6076121	-	Vps51	219	38.81
N2800	3812	ENSMUST00000160448.7|ENSMUSG00000024792|Zfpl1	chr19	6082214	6082398	-	Zfpl1	184	60.87
N2801	3813	ENSMUST00000025704.2|ENSMUSG00000024791|Cdca5	chr19	6090958	6091777	+	Cdca5	819	49.45
N2802	3814	ENSMUST00000025893.6|ENSMUSG00000024944|Arl2	chr19	6134382	6134518	-	Arl2	136	58.82
N2803	3815	ENSMUST00000045042.7|ENSMUSG00000039699|Batf2	chr19	6172220	6172476	+	Batf2	256	52.34
N2804	3817	ENSMUST00000045351.12|ENSMUSG00000024773|Atg2a	chr19	6262066	6262335	+	Atg2a	269	56.13
N2805	3819	ENSMUST00000113504.9|ENSMUSG00000024947|Men1	chr19	6340576	6340891	+	Men1	315	49.21
N2806	382	ENSMUST00000020343.8|ENSMUSG00000020132|Rab21	chr10	115287083	115290304	-	Rab21	3221	39.93
N2807	3820	ENSMUST00000124556.7|ENSMUSG00000024948|Map4k2	chr19	6346809	6355301	+	Map4k2	8492	52.4
N2808	3821	ENSMUST00000113485.8|ENSMUSG00000024949|Sf1	chr19	6374898	6377202	+	Sf1	2304	55.12
N2809	3822	ENSMUST00000035269.14|ENSMUSG00000032648|Pygm	chr19	6398342	6398459	+	Pygm	117	47.86
N2810	3823	ENSMUST00000127021.7|ENSMUSG00000032946|Rasgrp2	chr19	6403633	6415205	+	Rasgrp2	11572	50.86
N2811	3824	ENSMUST00000170516.8|ENSMUSG00000024952|Rps6ka4	chr19	6829084	6829343	-	Rps6ka4	259	54.83
N2812	3825	ENSMUST00000236028.1|ENSMUSG00000047810|Ccdc88b	chr19	6844622	6844803	-	Ccdc88b	181	55.8
N2813	3826	ENSMUST00000238095.1|ENSMUSG00000024953|Prdx5	chr19	6906705	6906813	-	Prdx5	108	46.3
N2814	3827	ENSMUST00000174786.1|ENSMUSG00000038812|Trmt112	chr19	6910885	6911028	+	Trmt112	143	46.15
N2815	3828	ENSMUST00000172975.2|ENSMUSG00000024955|Esrra	chr19	6910976	6911270	-	Esrra	294	50.0
N2816	3829	ENSMUST00000236348.1|ENSMUSG00000024958|Gpr137	chr19	6938056	6938755	-	Gpr137	699	59.08
N2817	383	ENSMUST00000218731.1|ENSMUSG00000069520|Tmem19	chr10	115339673	115340966	-	Tmem19	1293	44.16
N2818	3830	ENSMUST00000237334.1|ENSMUSG00000024959|Bad	chr19	6951011	6951889	+	Bad	878	55.13
N2819	3831	ENSMUST00000237808.1|ENSMUSG00000024960|Plcb3	chr19	6952324	6953831	-	Plcb3	1507	52.42
N2820	3832	ENSMUST00000238181.1|ENSMUSG00000056629|Fkbp2	chr19	6977746	6978389	-	Fkbp2	643	53.03
N2821	3833	ENSMUST00000025914.6|ENSMUSG00000024962|Vegfb	chr19	6982472	6985234	-	Vegfb	2762	46.78
N2822	3834	ENSMUST00000235481.1|ENSMUSG00000024963|Dnajc4	chr19	6989483	6989659	-	Dnajc4	176	60.8
N2823	3836	ENSMUST00000040261.6|ENSMUSG00000036278|Macrod1	chr19	7197854	7198057	+	Macrod1	203	55.17
N2824	3837	ENSMUST00000025679.10|ENSMUSG00000024767|Otub1	chr19	7198201	7198440	-	Otub1	239	61.51
N2825	3838	ENSMUST00000066646.11|ENSMUSG00000024968|Rcor2	chr19	7274907	7275225	+	Rcor2	318	52.52
N2826	384	ENSMUST00000218842.1|ENSMUSG00000020137|Thap2	chr10	115368403	115372307	-	Thap2	3904	38.37
N2827	3840	ENSMUST00000159348.2|ENSMUSG00000053080|2700081O15Rik	chr19	7423521	7425904	+	2700081O15Rik	2383	51.15
N2828	3841	ENSMUST00000088169.6|ENSMUSG00000024758|Rtn3	chr19	7425900	7427243	-	Rtn3	1343	45.2
N2829	3842	ENSMUST00000025925.10|ENSMUSG00000060675|Plaat3	chr19	7585814	7588545	+	Plaat3	2731	43.28
N2830	3843	ENSMUST00000010251.10|ENSMUSG00000063796|Slc22a8	chr19	8610507	8611835	+	Slc22a8	1328	45.93
N2831	3844	ENSMUST00000010250.3|ENSMUSG00000024650|Slc22a6	chr19	8626403	8628299	+	Slc22a6	1896	43.2
N2832	3845	ENSMUST00000163785.1|ENSMUSG00000032773|Chrm1	chr19	8680242	8683587	+	Chrm1	3345	49.0
N2833	3846	ENSMUST00000170157.7|ENSMUSG00000010095|Slc3a2	chr19	8706881	8707574	-	Slc3a2	693	46.75
N2834	3847	ENSMUST00000177322.7|ENSMUSG00000010110|Stx5a	chr19	8750027	8755586	+	Stx5a	5559	42.81
N2835	3848	ENSMUST00000184970.8|ENSMUSG00000010097|Nxf1	chr19	8769183	8770907	+	Nxf1	1724	45.3
N2836	3849	ENSMUST00000237634.1|ENSMUSG00000118346|Tmem179b	chr19	8772524	8773265	-	Tmem179b	741	45.75
N2837	385	ENSMUST00000036044.8|ENSMUSG00000034163|Zfc3h1	chr10	115432519	115432772	+	Zfc3h1	253	37.15
N2838	3850	ENSMUST00000096261.4|ENSMUSG00000071662|Polr2g	chr19	8793126	8793242	-	Polr2g	116	35.34
N2839	3851	ENSMUST00000096751.10|ENSMUSG00000071660|Ttc9c	chr19	8809074	8811392	-	Ttc9c	2318	39.6
N2840	3853	ENSMUST00000160897.7|ENSMUSG00000071657|Bscl2	chr19	8846563	8848638	+	Bscl2	2075	53.98
N2841	3854	ENSMUST00000096257.2|ENSMUSG00000071656|Lrrn4cl	chr19	8852654	8853909	+	Lrrn4cl	1255	42.23
N2842	3855	ENSMUST00000238036.1|ENSMUSG00000071655|Ubxn1	chr19	8875719	8875863	+	Ubxn1	144	42.36
N2843	3856	ENSMUST00000096253.6|ENSMUSG00000071654|Uqcc3	chr19	8880013	8880318	-	Uqcc3	305	40.66
N2844	3857	ENSMUST00000187504.6|ENSMUSG00000096740|Lbhd1	chr19	8890615	8892627	+	Lbhd1	2012	44.38
N2845	386	ENSMUST00000063470.10|ENSMUSG00000020151|Ptprr	chr10	116274326	116274932	+	Ptprr	606	33.0
N2846	3860	ENSMUST00000237071.1|ENSMUSG00000071649|B3gat3	chr19	8926467	8926818	+	B3gat3	351	45.58
N2847	3861	ENSMUST00000096242.4|ENSMUSG00000071648|Rom1	chr19	8927390	8927520	-	Rom1	130	46.15
N2848	3862	ENSMUST00000096241.5|ENSMUSG00000071647|Eml3	chr19	8941481	8941582	+	Eml3	101	51.49
N2849	3863	ENSMUST00000096240.2|ENSMUSG00000071646|Mta2	chr19	8951953	8952303	+	Mta2	350	41.14
N2850	3864	ENSMUST00000052248.7|ENSMUSG00000071644|Eef1g	chr19	8978250	8978479	+	Eef1g	229	44.98
N2851	3865	ENSMUST00000049948.5|ENSMUSG00000024654|Asrgl1	chr19	9109867	9112237	-	Asrgl1	2370	44.51
N2852	3866	ENSMUST00000238004.1|ENSMUSG00000024660|Incenp	chr19	9872341	9872562	-	Incenp	221	43.89
N2853	3867	ENSMUST00000117346.1|ENSMUSG00000037418|Best1	chr19	9985173	9985237	-	Best1	64	34.38
N2854	3868	ENSMUST00000144788.7|ENSMUSG00000024663|Rab3il1	chr19	10035245	10038380	+	Rab3il1	3135	47.78
N2855	3869	ENSMUST00000115995.3|ENSMUSG00000024664|Fads3	chr19	10058084	10060110	+	Fads3	2026	48.12
N2856	387	ENSMUST00000092167.6|ENSMUSG00000020154|Ptprb	chr10	116384096	116389535	+	Ptprb	5439	43.21
N2857	3870	ENSMUST00000025567.8|ENSMUSG00000024665|Fads2	chr19	10062764	10063137	-	Fads2	373	49.6
N2858	3871	ENSMUST00000235515.1|ENSMUSG00000010663|Fads1	chr19	10186883	10191500	+	Fads1	4617	49.51
N2859	3872	ENSMUST00000156291.1|ENSMUSG00000024742|Fen1	chr19	10199131	10199395	-	Fen1	264	39.02
N2860	3873	ENSMUST00000040372.13|ENSMUSG00000036372|Tmem258	chr19	10207438	10207824	+	Tmem258	386	48.7
N2861	3874	ENSMUST00000171400.3|ENSMUSG00000090291|Lrrc10b	chr19	10455370	10456193	-	Lrrc10b	823	53.22
N2862	3875	ENSMUST00000145210.7|ENSMUSG00000024667|Tmem216	chr19	10533864	10550694	-	Tmem216	16830	41.49
N2863	3876	ENSMUST00000235990.1|ENSMUSG00000024666|Tmem138	chr19	10570479	10574735	-	Tmem138	4256	46.88
N2864	3877	ENSMUST00000236747.1|ENSMUSG00000034445|Cyb561a3	chr19	10587978	10588753	+	Cyb561a3	775	54.32
N2865	3878	ENSMUST00000236121.1|ENSMUSG00000034371|Tkfc	chr19	10592196	10596864	-	Tkfc	4668	50.45
N2866	3879	ENSMUST00000025649.9|ENSMUSG00000024740|Ddb1	chr19	10629558	10629819	+	Ddb1	261	52.49
N2867	3880	ENSMUST00000237240.1|ENSMUSG00000048832|Vps37c	chr19	10711481	10714621	+	Vps37c	3140	54.94
N2868	3881	ENSMUST00000120524.1|ENSMUSG00000024736|Tmem132a	chr19	10857833	10859364	-	Tmem132a	1531	61.07
N2869	3882	ENSMUST00000038128.14|ENSMUSG00000034659|Tmem109	chr19	10870659	10871538	-	Tmem109	879	53.24
N2870	3883	ENSMUST00000179297.2|ENSMUSG00000024735|Prpf19	chr19	10905472	10909559	+	Prpf19	4087	49.18
N2871	3884	ENSMUST00000025639.6|ENSMUSG00000024732|Ccdc86	chr19	10941480	10942969	-	Ccdc86	1489	47.95
N2872	3885	ENSMUST00000025574.10|ENSMUSG00000024672|Ms4a7	chr19	11321038	11321368	-	Ms4a7	330	39.39
N2873	3886	ENSMUST00000165310.2|ENSMUSG00000079419|Ms4a6c	chr19	11481548	11482192	+	Ms4a6c	644	39.91
N2874	3887	ENSMUST00000163078.7|ENSMUSG00000024677|Ms4a6b	chr19	11529955	11531256	+	Ms4a6b	1301	31.74
N2875	3888	ENSMUST00000025581.6|ENSMUSG00000024678|Ms4a4d	chr19	11558165	11558467	+	Ms4a4d	302	31.46
N2876	3889	ENSMUST00000025582.10|ENSMUSG00000024679|Ms4a6d	chr19	11586603	11586838	-	Ms4a6d	235	40.0
N2877	389	ENSMUST00000169576.7|ENSMUSG00000020166|Cnot2	chr10	116485164	116498085	-	Cnot2	12921	37.57
N2878	3890	ENSMUST00000167199.2|ENSMUSG00000024683|Mrpl16	chr19	11774781	11774960	+	Mrpl16	179	43.58
N2879	3892	ENSMUST00000081035.8|ENSMUSG00000046805|Mpeg1	chr19	12463519	12465283	+	Mpeg1	1764	42.97
N2880	3893	ENSMUST00000045521.8|ENSMUSG00000039982|Dtx4	chr19	12466337	12468636	-	Dtx4	2299	45.15
N2881	3894	ENSMUST00000144662.7|ENSMUSG00000024691|Fam111a	chr19	12589420	12589768	+	Fam111a	348	37.93
N2882	3895	ENSMUST00000038627.8|ENSMUSG00000024695|Zfp91	chr19	12767019	12769890	-	Zfp91	2871	40.33
N2883	3896	ENSMUST00000235690.1|ENSMUSG00000024696|Lpxn	chr19	12833539	12833807	+	Lpxn	268	38.06
N2884	3897	ENSMUST00000052011.14|ENSMUSG00000024642|Tle4	chr19	14448149	14449585	-	Tle4	1436	34.96
N2885	3898	ENSMUST00000025542.9|ENSMUSG00000024640|Psat1	chr19	15904677	15905334	-	Psat1	657	45.81
N2886	3899	ENSMUST00000025541.5|ENSMUSG00000024639|Gnaq	chr19	16385889	16387463	+	Gnaq	1574	40.66
N2887	39	ENSMUST00000020182.15|ENSMUSG00000020003|Pex7	chr10	19853899	19860663	-	Pex7	6764	43.02
N2888	390	ENSMUST00000020375.6|ENSMUSG00000064181|Rab3ip	chr10	116905783	116906857	-	Rab3ip	1074	45.53
N2889	3900	ENSMUST00000087689.4|ENSMUSG00000039126|Prune2	chr19	17221242	17223932	+	Prune2	2690	41.75
N2890	3901	ENSMUST00000174236.7|ENSMUSG00000038843|Gcnt1	chr19	17326140	17328814	-	Gcnt1	2674	37.47
N2891	3902	ENSMUST00000025617.3|ENSMUSG00000024712|Rfk	chr19	17400333	17401349	+	Rfk	1016	38.58
N2892	3903	ENSMUST00000235736.1|ENSMUSG00000024726|Carnmt1	chr19	18693763	18704222	+	Carnmt1	10459	39.47
N2893	3904	ENSMUST00000062753.2|ENSMUSG00000047044|D030056L22Rik	chr19	18718098	18718428	+	D030056L22Rik	330	36.67
N2894	3905	ENSMUST00000040153.14|ENSMUSG00000036192|Rorb	chr19	18930604	18937040	-	Rorb	6436	39.98
N2895	3906	ENSMUST00000171423.8|ENSMUSG00000024659|Anxa1	chr19	20373429	20375224	-	Anxa1	1795	34.87
N2896	3907	ENSMUST00000225337.2|ENSMUSG00000053279|Aldh1a1	chr19	20643220	20643465	+	Aldh1a1	245	43.67
N2897	3908	ENSMUST00000237651.1|ENSMUSG00000024750|Zfand5	chr19	21281829	21286840	+	Zfand5	5011	36.82
N2898	3909	ENSMUST00000087600.9|ENSMUSG00000058624|Gda	chr19	21391306	21394335	-	Gda	3029	39.25
N2899	391	ENSMUST00000047672.8|ENSMUSG00000034024|Cct2	chr10	117051000	117051097	-	Cct2	97	26.8
N2900	3910	ENSMUST00000235332.1|ENSMUSG00000047368|Abhd17b	chr19	21681159	21685409	+	Abhd17b	4250	40.16
N2901	3911	ENSMUST00000025663.7|ENSMUSG00000024754|Cemip2	chr19	21856753	21858360	+	Cemip2	1607	41.13
N2902	3912	ENSMUST00000238159.1|ENSMUSG00000052387|Trpm3	chr19	22904844	22988332	+	Trpm3	83488	43.85
N2903	3913	ENSMUST00000036884.2|ENSMUSG00000033863|Klf9	chr19	23165138	23168134	+	Klf9	2996	39.85
N2904	3914	ENSMUST00000236349.1|ENSMUSG00000033207|Mamdc2	chr19	23302744	23359084	-	Mamdc2	56340	41.7
N2905	3915	ENSMUST00000237333.1|ENSMUSG00000074925|Ptar1	chr19	23720832	23731668	+	Ptar1	10836	38.14
N2906	3916	ENSMUST00000025830.8|ENSMUSG00000024897|Apba1	chr19	23945929	23949596	+	Apba1	3667	49.85
N2907	3918	ENSMUST00000233027.1|ENSMUSG00000024812|Tjp2	chr19	24094504	24094817	-	Tjp2	313	41.21
N2908	3919	ENSMUST00000123684.1|ENSMUSG00000059363|Fxn	chr19	24261500	24267231	-	Fxn	5731	47.69
N2909	392	ENSMUST00000020381.4|ENSMUSG00000020170|Frs2	chr10	117069426	117073545	-	Frs2	4119	42.87
N2910	3920	ENSMUST00000057243.5|ENSMUSG00000048572|Tmem252	chr19	24678105	24682233	+	Tmem252	4128	44.33
N2911	3921	ENSMUST00000073080.6|ENSMUSG00000058927|Gm10053	chr19	24876495	24876631	+	Gm10053	136	36.76
N2912	3922	ENSMUST00000049400.14|ENSMUSG00000032702|Kank1	chr19	25434050	25434496	+	Kank1	446	37.0
N2913	3923	ENSMUST00000208915.1|ENSMUSG00000024921|Smarca2	chr19	26752062	26778273	+	Smarca2	26211	46.01
N2914	3924	ENSMUST00000025866.13|ENSMUSG00000024924|Vldlr	chr19	27241460	27249763	+	Vldlr	8303	40.36
N2915	3925	ENSMUST00000235859.1|ENSMUSG00000041360|Pum3	chr19	27389976	27419918	-	Pum3	29942	42.35
N2916	3926	ENSMUST00000025875.4|ENSMUSG00000024935|Slc1a1	chr19	28912384	28913960	+	Slc1a1	1576	44.61
N2917	3927	ENSMUST00000045674.3|ENSMUSG00000040105|Plpp6	chr19	28965733	28966811	+	Plpp6	1078	40.72
N2918	3928	ENSMUST00000050148.4|ENSMUSG00000024780|Cdc37l1	chr19	29017333	29020237	+	Cdc37l1	2904	40.19
N2919	3929	ENSMUST00000025696.4|ENSMUSG00000024782|Ak3	chr19	29020832	29022350	-	Ak3	1518	45.52
N2920	393	ENSMUST00000218887.1|ENSMUSG00000020171|Yeats4	chr10	117215220	117220257	-	Yeats4	5037	47.87
N2921	3930	ENSMUST00000235900.1|ENSMUSG00000024785|Rcl1	chr19	29143603	29143929	+	Rcl1	326	43.25
N2922	3931	ENSMUST00000025705.6|ENSMUSG00000024789|Jak2	chr19	29312133	29313080	+	Jak2	947	35.59
N2923	3932	ENSMUST00000143467.7|ENSMUSG00000016495|Plgrkt	chr19	29348598	29348735	-	Plgrkt	137	35.04
N2924	3933	ENSMUST00000016640.7|ENSMUSG00000016496|Cd274	chr19	29386448	29388095	+	Cd274	1647	42.14
N2925	3934	ENSMUST00000160452.1|ENSMUSG00000038658|Ric1	chr19	29600118	29605185	+	Ric1	5067	40.12
N2926	3935	ENSMUST00000054083.12|ENSMUSG00000046324|Ermp1	chr19	29610201	29637189	-	Ermp1	26988	43.24
N2927	3936	ENSMUST00000099525.4|ENSMUSG00000074909|Ranbp6	chr19	29808399	29809409	-	Ranbp6	1010	35.05
N2928	3937	ENSMUST00000120388.8|ENSMUSG00000024810|Il33	chr19	29960210	29960718	+	Il33	508	35.83
N2929	3938	ENSMUST00000025739.13|ENSMUSG00000024817|Uhrf2	chr19	30093352	30093722	+	Uhrf2	370	39.19
N2930	3939	ENSMUST00000025778.8|ENSMUSG00000024827|Gldc	chr19	30098446	30098691	-	Gldc	245	39.59
N2931	394	ENSMUST00000092163.8|ENSMUSG00000069516|Lyz2	chr10	117277330	117277632	-	Lyz2	302	41.72
N2932	3940	ENSMUST00000065067.13|ENSMUSG00000052920|Prkg1	chr19	30564488	30568724	-	Prkg1	4236	37.44
N2933	3942	ENSMUST00000025827.9|ENSMUSG00000024896|Minpp1	chr19	32515003	32515364	+	Minpp1	361	37.95
N2934	3943	ENSMUST00000025833.6|ENSMUSG00000024899|Papss2	chr19	32665780	32667187	+	Papss2	1407	40.37
N2935	3944	ENSMUST00000236701.1|ENSMUSG00000013662|Atad1	chr19	32672821	32676694	-	Atad1	3873	38.73
N2936	3945	ENSMUST00000013807.7|ENSMUSG00000013663|Pten	chr19	32823186	32826160	+	Pten	2974	35.94
N2937	3946	ENSMUST00000096114.12|ENSMUSG00000071573|Rnls	chr19	33137746	33137973	-	Rnls	227	31.72
N2938	3947	ENSMUST00000112508.8|ENSMUSG00000024766|Lipo3	chr19	33555159	33555565	-	Lipo3	406	30.79
N2939	3948	ENSMUST00000239240.1|ENSMUSG00000024776|Stambpl1	chr19	34240221	34240333	+	Stambpl1	112	38.39
N2940	3949	ENSMUST00000039631.9|ENSMUSG00000035783|Acta2	chr19	34241089	34241518	-	Acta2	429	34.5
N2941	395	ENSMUST00000092162.6|ENSMUSG00000069515|Lyz1	chr10	117287796	117288224	-	Lyz1	428	44.16
N2942	3950	ENSMUST00000235709.1|ENSMUSG00000024778|Fas	chr19	34315356	34327772	+	Fas	12416	40.32
N2943	3951	ENSMUST00000050562.5|ENSMUSG00000050370|Ch25h	chr19	34473777	34474035	-	Ch25h	258	31.4
N2944	3952	ENSMUST00000178114.1|ENSMUSG00000024781|Lipa	chr19	34492317	34493111	-	Lipa	794	41.81
N2945	3954	ENSMUST00000102825.3|ENSMUSG00000074896|Ifit3	chr19	34588497	34588731	+	Ifit3	234	45.73
N2946	3955	ENSMUST00000076249.5|ENSMUSG00000062488|Ifit3b	chr19	34613001	34613401	+	Ifit3b	400	36.0
N2947	3956	ENSMUST00000102824.3|ENSMUSG00000034459|Ifit1	chr19	34649226	34650009	+	Ifit1	783	34.74
N2948	3957	ENSMUST00000009522.3|ENSMUSG00000009378|Slc16a12	chr19	34668402	34670261	-	Slc16a12	1859	35.02
N2949	396	ENSMUST00000069168.12|ENSMUSG00000055531|Cpsf6	chr10	117344672	117347460	-	Cpsf6	2788	34.0
N2950	3960	ENSMUST00000225920.1|ENSMUSG00000024805|Pcgf5	chr19	36455996	36460970	+	Pcgf5	4974	37.41
N2951	3961	ENSMUST00000139215.7|ENSMUSG00000041180|Hectd2	chr19	36585054	36621132	+	Hectd2	36078	36.79
N2952	3963	ENSMUST00000025729.11|ENSMUSG00000024811|Tnks2	chr19	36892681	36893477	+	Tnks2	796	35.18
N2953	3964	ENSMUST00000238948.1|ENSMUSG00000047632|Fgfbp3	chr19	36917549	36918111	-	Fgfbp3	562	31.49
N2954	3965	ENSMUST00000099494.3|ENSMUSG00000040565|Btaf1	chr19	37011622	37012752	+	Btaf1	1130	37.17
N2955	3966	ENSMUST00000079754.10|ENSMUSG00000039652|Cpeb3	chr19	37021290	37023060	-	Cpeb3	1770	33.84
N2956	3967	ENSMUST00000024078.14|ENSMUSG00000023307|Marchf5	chr19	37221755	37222151	+	Marchf5	396	35.61
N2957	3968	ENSMUST00000131070.1|ENSMUSG00000056999|Ide	chr19	37268742	37270591	-	Ide	1849	42.46
N2958	397	ENSMUST00000020399.5|ENSMUSG00000020183|Cpm	chr10	117684639	117687352	+	Cpm	2713	43.35
N2959	3970	ENSMUST00000238954.1|ENSMUSG00000053799|Exoc6	chr19	37683132	37684059	+	Exoc6	927	37.22
N2960	3971	ENSMUST00000224560.1|ENSMUSG00000048612|Myof	chr19	37899227	37901153	-	Myof	1926	43.82
N2961	3972	ENSMUST00000025951.13|ENSMUSG00000024990|Rbp4	chr19	38116628	38116723	-	Rbp4	95	38.95
N2962	3973	ENSMUST00000067167.5|ENSMUSG00000054237|Fra10ac1	chr19	38188480	38188609	-	Fra10ac1	129	27.13
N2963	3974	ENSMUST00000054098.3|ENSMUSG00000044026|Slc35g1	chr19	38404185	38405610	+	Slc35g1	1425	41.05
N2964	3975	ENSMUST00000025963.7|ENSMUSG00000024999|Noc3l	chr19	38788127	38789310	-	Noc3l	1183	39.31
N2965	3976	ENSMUST00000037302.5|ENSMUSG00000048720|Tbc1d12	chr19	38919354	38919923	+	Tbc1d12	569	34.45
N2966	3977	ENSMUST00000068439.12|ENSMUSG00000055044|Pdlim1	chr19	40221172	40222386	-	Pdlim1	1214	42.59
N2967	3978	ENSMUST00000239304.1|ENSMUSG00000025006|Sorbs1	chr19	40294752	40294900	-	Sorbs1	148	43.92
N2968	3979	ENSMUST00000176939.7|ENSMUSG00000025007|Aldh18a1	chr19	40550256	40550651	-	Aldh18a1	395	42.78
N2969	398	ENSMUST00000155285.7|ENSMUSG00000020184|Mdm2	chr10	117688894	117694830	-	Mdm2	5936	41.16
N2970	3980	ENSMUST00000025981.14|ENSMUSG00000025008|Tctn3	chr19	40596445	40597127	-	Tctn3	682	48.09
N2971	3981	ENSMUST00000156598.1|ENSMUSG00000048120|Entpd1	chr19	40727614	40739083	+	Entpd1	11469	44.27
N2972	3982	ENSMUST00000117695.7|ENSMUSG00000061132|Blnk	chr19	40928926	40929024	-	Blnk	98	31.63
N2973	3983	ENSMUST00000087176.7|ENSMUSG00000050121|Opalin	chr19	41062472	41063541	-	Opalin	1069	43.69
N2974	3984	ENSMUST00000059672.8|ENSMUSG00000025017|Pik3ap1	chr19	41272376	41273071	-	Pik3ap1	695	38.56
N2975	3985	ENSMUST00000026150.14|ENSMUSG00000025154|Arhgap19	chr19	41766587	41770037	-	Arhgap19	3450	46.17
N2976	3986	ENSMUST00000059231.3|ENSMUSG00000047604|Frat2	chr19	41845971	41846972	-	Frat2	1001	45.95
N2977	3988	ENSMUST00000112123.3|ENSMUSG00000034321|Exosc1	chr19	41922291	41923763	-	Exosc1	1472	41.58
N2978	3989	ENSMUST00000225968.1|ENSMUSG00000025157|Zdhhc16	chr19	41942006	41944095	+	Zdhhc16	2089	47.3
N2979	3990	ENSMUST00000163398.7|ENSMUSG00000025159|Mms19	chr19	41944210	41962799	-	Mms19	18589	45.66
N2980	3991	ENSMUST00000026170.2|ENSMUSG00000025171|Ubtd1	chr19	42034334	42034643	+	Ubtd1	309	60.52
N2981	3993	ENSMUST00000018965.3|ENSMUSG00000018821|Avpi1	chr19	42123272	42123540	-	Avpi1	268	45.15
N2982	3994	ENSMUST00000061111.9|ENSMUSG00000044345|Marveld1	chr19	42149559	42151703	+	Marveld1	2144	50.28
N2983	3995	ENSMUST00000169536.7|ENSMUSG00000018820|Zfyve27	chr19	42191470	42194590	+	Zfyve27	3120	49.94
N2984	3997	ENSMUST00000026188.9|ENSMUSG00000025184|R3hcc1l	chr19	42591172	42592343	+	R3hcc1l	1171	49.96
N2985	3998	ENSMUST00000165311.2|ENSMUSG00000025189|Cnnm1	chr19	43495538	43497210	+	Cnnm1	1672	47.79
N2986	3999	ENSMUST00000133325.7|ENSMUSG00000025190|Got1	chr19	43500020	43504518	-	Got1	4498	46.89
N2987	4	ENSMUST00000042251.10|ENSMUSG00000019763|Rmnd1	chr10	4401914	4403299	-	Rmnd1	1385	42.6
N2988	40	ENSMUST00000095806.9|ENSMUSG00000071369|Map3k5	chr10	20142138	20142753	+	Map3k5	615	43.58
N2989	400	ENSMUST00000218576.1|ENSMUSG00000052798|Nup107	chr10	117750620	117774401	-	Nup107	23781	45.38
N2990	4000	ENSMUST00000045562.5|ENSMUSG00000040018|Cox15	chr19	43733253	43735419	-	Cox15	2166	43.44
N2991	4001	ENSMUST00000112047.9|ENSMUSG00000025193|Cutc	chr19	43768437	43768638	+	Cutc	201	36.82
N2992	4002	ENSMUST00000212396.1|ENSMUSG00000025195|Dnmbp	chr19	43846820	43847934	-	Dnmbp	1114	51.17
N2993	4003	ENSMUST00000170801.7|ENSMUSG00000025198|Erlin1	chr19	44034943	44036736	-	Erlin1	1793	42.5
N2994	4004	ENSMUST00000119591.1|ENSMUSG00000025199|Chuk	chr19	44073335	44075313	-	Chuk	1978	36.05
N2995	4005	ENSMUST00000237415.1|ENSMUSG00000025200|Cwf19l1	chr19	44123157	44129195	-	Cwf19l1	6038	44.62
N2996	4007	ENSMUST00000026220.6|ENSMUSG00000025202|Scd3	chr19	44242174	44244016	+	Scd3	1842	46.58
N2997	4008	ENSMUST00000041331.3|ENSMUSG00000037071|Scd1	chr19	44394454	44397770	-	Scd1	3316	44.12
N2998	4009	ENSMUST00000168083.1|ENSMUSG00000025204|Ndufb8	chr19	44550252	44552697	-	Ndufb8	2445	48.71
N2999	401	ENSMUST00000064667.8|ENSMUSG00000052681|Rap1b	chr10	117813870	117817225	-	Rap1b	3355	39.97
N3000	4011	ENSMUST00000097715.3|ENSMUSG00000025208|Mrpl43	chr19	45004828	45005504	-	Mrpl43	676	42.6
N3001	4012	ENSMUST00000236685.1|ENSMUSG00000025209|Twnk	chr19	45012404	45012762	+	Twnk	358	55.59
N3002	4013	ENSMUST00000179108.8|ENSMUSG00000035342|Lzts2	chr19	45026784	45027111	+	Lzts2	327	46.48
N3003	4014	ENSMUST00000111954.10|ENSMUSG00000025212|Sfxn3	chr19	45055426	45056383	+	Sfxn3	957	47.13
N3004	4016	ENSMUST00000065601.12|ENSMUSG00000025217|Btrc	chr19	45527573	45530013	+	Btrc	2440	50.49
N3005	4017	ENSMUST00000026239.6|ENSMUSG00000025218|Poll	chr19	45552274	45552559	-	Poll	285	58.6
N3006	4019	ENSMUST00000026243.4|ENSMUSG00000025220|Oga	chr19	45750258	45751995	-	Oga	1737	39.49
N3007	402	ENSMUST00000020437.12|ENSMUSG00000020212|Mdm1	chr10	118168311	118168997	+	Mdm1	686	33.82
N3008	4021	ENSMUST00000045396.8|ENSMUSG00000039901|Armh3	chr19	45817363	45818329	-	Armh3	966	53.52
N3009	4024	ENSMUST00000237330.1|ENSMUSG00000025225|Nfkb2	chr19	46311899	46312385	+	Nfkb2	486	58.44
N3010	4025	ENSMUST00000224556.1|ENSMUSG00000037126|Psd	chr19	46312086	46312410	-	Psd	324	54.63
N3011	4026	ENSMUST00000235485.1|ENSMUSG00000036748|Cuedc2	chr19	46329811	46330101	-	Cuedc2	290	46.9
N3012	4027	ENSMUST00000142994.7|ENSMUSG00000025227|Mfsd13a	chr19	46372375	46375252	+	Mfsd13a	2877	52.55
N3013	4028	ENSMUST00000189008.2|ENSMUSG00000099655|2310034G01Rik	chr19	46348200	46348510	-	2310034G01Rik	310	44.52
N3014	403	ENSMUST00000004281.9|ENSMUSG00000028630|Dyrk2	chr10	118855602	118858142	-	Dyrk2	2540	37.24
N3015	4030	ENSMUST00000026008.8|ENSMUSG00000025034|Trim8	chr19	46516193	46516848	+	Trim8	655	43.36
N3016	4031	ENSMUST00000236845.1|ENSMUSG00000025036|Sfxn2	chr19	46590550	46598066	+	Sfxn2	7516	49.27
N3017	4032	ENSMUST00000074912.7|ENSMUSG00000062376|Borcs7	chr19	46701714	46703382	+	Borcs7	1668	41.61
N3018	4033	ENSMUST00000236063.1|ENSMUSG00000003559|As3mt	chr19	46725039	46741038	+	As3mt	15999	46.03
N3019	4034	ENSMUST00000099373.11|ENSMUSG00000064105|Cnnm2	chr19	46878304	46880192	+	Cnnm2	1888	51.38
N3020	4037	ENSMUST00000026027.6|ENSMUSG00000025049|Taf5	chr19	47082919	47083479	+	Taf5	560	38.04
N3021	4038	ENSMUST00000235771.1|ENSMUSG00000071528|Atp5md	chr19	47083463	47085809	-	Atp5md	2346	42.03
N3022	4039	ENSMUST00000072141.3|ENSMUSG00000025047|Pdcd11	chr19	47131018	47131865	+	Pdcd11	847	44.04
N3023	404	ENSMUST00000020315.12|ENSMUSG00000020114|Cand1	chr10	119199254	119202768	-	Cand1	3514	39.53
N3024	4040	ENSMUST00000049369.15|ENSMUSG00000042694|Stn1	chr19	47501032	47501306	-	Stn1	274	47.45
N3025	4041	ENSMUST00000026043.11|ENSMUSG00000025060|Slk	chr19	47642252	47645246	+	Slk	2994	39.85
N3026	4043	ENSMUST00000237472.1|ENSMUSG00000025068|Gsto1	chr19	47863537	47864789	+	Gsto1	1252	44.89
N3027	4044	ENSMUST00000095998.6|ENSMUSG00000117975|Itprip	chr19	47894601	47896262	-	Itprip	1661	54.43
N3028	4045	ENSMUST00000236456.1|ENSMUSG00000025027|Xpnpep1	chr19	52931925	52991218	-	Xpnpep1	59293	44.46
N3029	4046	ENSMUST00000111741.9|ENSMUSG00000025026|Add3	chr19	53246807	53247399	+	Add3	592	35.98
N3030	4047	ENSMUST00000025998.14|ENSMUSG00000025025|Mxi1	chr19	53373080	53375810	+	Mxi1	2730	41.36
N3031	4048	ENSMUST00000235830.1|ENSMUSG00000025024|Smndc1	chr19	53379389	53383556	-	Smndc1	4167	37.92
N3032	4049	ENSMUST00000038287.6|ENSMUSG00000034765|Dusp5	chr19	53541992	53542431	+	Dusp5	439	43.51
N3033	405	ENSMUST00000141206.7|ENSMUSG00000020225|Tmbim4	chr10	120222195	120224839	+	Tmbim4	2644	48.87
N3034	4051	ENSMUST00000025930.9|ENSMUSG00000024974|Smc3	chr19	53645019	53645833	+	Smc3	814	39.19
N3035	4052	ENSMUST00000237060.1|ENSMUSG00000024975|Pdcd4	chr19	53927349	53929435	+	Pdcd4	2086	36.96
N3036	4053	ENSMUST00000135402.3|ENSMUSG00000084957|Bbip1	chr19	53929860	53931146	-	Bbip1	1286	37.48
N3037	4054	ENSMUST00000237801.1|ENSMUSG00000024976|Shoc2	chr19	54026538	54029981	+	Shoc2	3443	36.31
N3038	4055	ENSMUST00000036700.6|ENSMUSG00000033717|Adra2a	chr19	54047806	54048982	+	Adra2a	1176	48.13
N3039	4056	ENSMUST00000236859.1|ENSMUSG00000024978|Gpam	chr19	55067267	55075461	-	Gpam	8194	47.56
N3040	4057	ENSMUST00000043150.5|ENSMUSG00000024981|Acsl5	chr19	55296588	55297720	+	Acsl5	1132	43.55
N3041	4058	ENSMUST00000226103.1|ENSMUSG00000024982|Zdhhc6	chr19	55279573	55298513	-	Zdhhc6	18940	42.88
N3042	4059	ENSMUST00000223690.1|ENSMUSG00000024983|Vti1a	chr19	55625270	55627309	+	Vti1a	2039	48.99
N3043	406	ENSMUST00000020444.15|ENSMUSG00000020224|Llph	chr10	120231564	120232582	+	Llph	1018	37.82
N3044	4060	ENSMUST00000026062.9|ENSMUSG00000025076|Casp7	chr19	56441307	56442344	+	Casp7	1037	44.74
N3045	4061	ENSMUST00000183143.7|ENSMUSG00000025077|Dclre1a	chr19	56529166	56544014	-	Dclre1a	14848	43.82
N3046	4062	ENSMUST00000071423.6|ENSMUSG00000025078|Nhlrc2	chr19	56598601	56603503	+	Nhlrc2	4902	45.39
N3047	4063	ENSMUST00000118592.7|ENSMUSG00000035173|Ccdc186	chr19	56787480	56790786	-	Ccdc186	3306	41.17
N3048	4064	ENSMUST00000118800.7|ENSMUSG00000025083|Afap1l2	chr19	56912360	56913113	-	Afap1l2	753	40.24
N3049	4065	ENSMUST00000079360.11|ENSMUSG00000025085|Ablim1	chr19	57032732	57035247	-	Ablim1	2515	45.13
N3050	4066	ENSMUST00000237170.1|ENSMUSG00000033478|Fam160b1	chr19	57380768	57389586	+	Fam160b1	8818	47.29
N3051	4067	ENSMUST00000026073.13|ENSMUSG00000025086|Trub1	chr19	57488717	57491005	+	Trub1	2288	42.18
N3052	4068	ENSMUST00000077282.6|ENSMUSG00000054843|Atrnl1	chr19	58131365	58133343	+	Atrnl1	1978	41.15
N3053	4069	ENSMUST00000066285.5|ENSMUSG00000025092|Hspa12a	chr19	58795749	58797598	-	Hspa12a	1849	44.67
N3054	407	ENSMUST00000092143.11|ENSMUSG00000051236|Msrb3	chr10	120781095	120782050	-	Msrb3	955	34.35
N3055	4070	ENSMUST00000163821.2|ENSMUSG00000041362|Shtn1	chr19	58973355	58974084	-	Shtn1	729	37.86
N3056	4072	ENSMUST00000174353.1|ENSMUSG00000043969|Emx2	chr19	59464136	59465353	+	Emx2	1217	42.65
N3057	4073	ENSMUST00000235293.1|ENSMUSG00000057858|Fam204a	chr19	60198914	60220039	-	Fam204a	21125	38.4
N3058	4074	ENSMUST00000081790.14|ENSMUSG00000033417|Cacul1	chr19	60524695	60527902	-	Cacul1	3207	40.1
N3059	4075	ENSMUST00000088237.5|ENSMUSG00000072437|Nanos1	chr19	60759100	60759914	+	Nanos1	814	38.94
N3060	4076	ENSMUST00000025955.7|ENSMUSG00000024991|Eif3a	chr19	60761116	60761932	-	Eif3a	816	33.09
N3061	4077	ENSMUST00000119633.7|ENSMUSG00000024993|Fam45a	chr19	60835854	60836227	+	Fam45a	373	34.05
N3062	4078	ENSMUST00000025961.6|ENSMUSG00000024997|Prdx3	chr19	60864050	60864345	-	Prdx3	295	31.19
N3063	4079	ENSMUST00000003313.9|ENSMUSG00000003228|Grk5	chr19	61092388	61095968	+	Grk5	3580	43.83
N3064	408	ENSMUST00000119944.7|ENSMUSG00000048661|Lemd3	chr10	120923412	120925042	-	Lemd3	1630	32.82
N3065	4080	ENSMUST00000143264.7|ENSMUSG00000074733|Zfp950	chr19	61122455	61126323	-	Zfp950	3868	33.84
N3066	4081	ENSMUST00000076046.6|ENSMUSG00000059326|Csf2ra	chr19	61224401	61224680	-	Csf2ra	279	41.58
N3067	4082	ENSMUST00000027035.9|ENSMUSG00000025902|Sox17	chr1	4490930	4491510	-	Sox17	580	30.34
N3068	4083	ENSMUST00000045689.13|ENSMUSG00000033845|Mrpl15	chr1	4774435	4782531	-	Mrpl15	8096	42.98
N3069	4084	ENSMUST00000119612.8|ENSMUSG00000025903|Lypla1	chr1	4841260	4845174	+	Lypla1	3914	40.52
N3070	4086	ENSMUST00000165720.2|ENSMUSG00000033813|Tcea1	chr1	4896903	4897909	+	Tcea1	1006	37.18
N3071	4087	ENSMUST00000170566.1|ENSMUSG00000002459|Rgs20	chr1	4910473	4916781	-	Rgs20	6308	44.04
N3072	4089	ENSMUST00000072079.8|ENSMUSG00000061024|Rrs1	chr1	9547079	9547455	+	Rrs1	376	39.89
N3073	409	ENSMUST00000020439.10|ENSMUSG00000020218|Wif1	chr10	121100316	121100650	+	Wif1	334	33.83
N3074	4090	ENSMUST00000027044.14|ENSMUSG00000025911|Adhfe1	chr1	9553819	9576901	+	Adhfe1	23082	42.98
N3075	4091	ENSMUST00000088666.3|ENSMUSG00000067879|Vxn	chr1	9625276	9627143	+	Vxn	1867	39.31
N3076	4092	ENSMUST00000057438.6|ENSMUSG00000045210|Vcpip1	chr1	9718621	9723385	-	Vcpip1	4764	33.69
N3077	4093	ENSMUST00000088615.10|ENSMUSG00000067851|Arfgef1	chr1	10137570	10138683	-	Arfgef1	1113	38.27
N3078	4094	ENSMUST00000177608.7|ENSMUSG00000016918|Sulf1	chr1	12860107	12861192	+	Sulf1	1085	37.97
N3079	4095	ENSMUST00000081713.10|ENSMUSG00000005886|Ncoa2	chr1	13139104	13142045	-	Ncoa2	2941	38.49
N3080	4096	ENSMUST00000027068.10|ENSMUSG00000025935|Tram1	chr1	13564697	13566069	-	Tram1	1372	34.55
N3081	4097	ENSMUST00000027071.6|ENSMUSG00000025937|Lactb2	chr1	13623329	13625325	-	Lactb2	1996	39.63
N3082	4099	ENSMUST00000027062.6|ENSMUSG00000025930|Msc	chr1	14753345	14753700	-	Msc	355	47.89
N3083	41	ENSMUST00000116259.4|ENSMUSG00000019996|Map7	chr10	20281119	20281590	+	Map7	471	37.15
N3084	410	ENSMUST00000219851.1|ENSMUSG00000034707|Gns	chr10	121371301	121376691	+	Gns	5390	46.7
N3085	4100	ENSMUST00000188371.6|ENSMUSG00000025925|Terf1	chr1	15843301	15844052	+	Terf1	751	35.02
N3086	4101	ENSMUST00000058437.13|ENSMUSG00000043716|Rpl7	chr1	16101294	16101579	-	Rpl7	285	48.42
N3087	4102	ENSMUST00000027053.7|ENSMUSG00000025921|Rdh10	chr1	16132275	16133734	+	Rdh10	1459	40.92
N3088	4104	ENSMUST00000065373.5|ENSMUSG00000025940|Tmem70	chr1	16677712	16678275	+	Tmem70	563	38.54
N3089	4105	ENSMUST00000189736.1|ENSMUSG00000025777|Gdap1	chr1	17157134	17161631	+	Gdap1	4497	40.49
N3090	4106	ENSMUST00000095075.4|ENSMUSG00000025776|Crispld1	chr1	17764770	17766344	+	Crispld1	1574	33.67
N3091	4107	ENSMUST00000053266.10|ENSMUSG00000041859|Mcm3	chr1	20802967	20803211	-	Mcm3	244	37.3
N3092	4108	ENSMUST00000189400.6|ENSMUSG00000025931|Paqr8	chr1	20937201	20939650	+	Paqr8	2449	40.87
N3093	4109	ENSMUST00000037998.5|ENSMUSG00000041779|Tram2	chr1	20996298	21001413	-	Tram2	5115	49.21
N3094	411	ENSMUST00000026902.8|ENSMUSG00000025795|Rassf3	chr10	121410349	121411992	-	Rassf3	1643	44.13
N3095	4110	ENSMUST00000027064.7|ENSMUSG00000025933|Tmem14a	chr1	21229893	21230164	+	Tmem14a	271	39.11
N3096	4111	ENSMUST00000081544.12|ENSMUSG00000041670|Rims1	chr1	22286250	22287117	-	Rims1	867	38.64
N3097	4112	ENSMUST00000027339.13|ENSMUSG00000026155|Smap1	chr1	23845624	23845972	-	Smap1	348	36.49
N3098	4113	ENSMUST00000027338.3|ENSMUSG00000026154|Sdhaf4	chr1	23995938	23996102	-	Sdhaf4	164	31.1
N3099	4114	ENSMUST00000188712.6|ENSMUSG00000026153|Fam135a	chr1	24011092	24053946	-	Fam135a	42854	37.51
N3100	4115	ENSMUST00000095062.9|ENSMUSG00000073725|Lmbrd1	chr1	24762956	24766301	+	Lmbrd1	3345	41.32
N3101	4116	ENSMUST00000126626.7|ENSMUSG00000033569|Adgrb3	chr1	25067475	25067714	-	Adgrb3	239	25.94
N3102	4117	ENSMUST00000191064.6|ENSMUSG00000048874|Phf3	chr1	30820225	30824209	-	Phf3	3984	38.25
N3103	4118	ENSMUST00000232841.1|ENSMUSG00000026064|Ptp4a1	chr1	30940301	30941802	-	Ptp4a1	1501	36.18
N3104	4119	ENSMUST00000233506.1|ENSMUSG00000117310|Ptp4a1	chr1	30940301	30946037	-	Ptp4a1	5736	37.99
N3105	412	ENSMUST00000219400.1|ENSMUSG00000020115|Tbk1	chr10	121546459	121571842	-	Tbk1	25383	45.53
N3106	4120	ENSMUST00000027312.10|ENSMUSG00000026134|Prim2	chr1	33453809	33453937	-	Prim2	128	32.03
N3107	4121	ENSMUST00000044691.8|ENSMUSG00000042215|Bag2	chr1	33745483	33745970	-	Bag2	487	42.51
N3108	4122	ENSMUST00000139143.7|ENSMUSG00000042197|Zfp451	chr1	33761544	33776268	-	Zfp451	14724	42.14
N3109	4123	ENSMUST00000129464.7|ENSMUSG00000042182|Bend6	chr1	33852051	33852821	-	Bend6	770	40.39
N3110	4124	ENSMUST00000042493.9|ENSMUSG00000042111|Ccdc115	chr1	34436669	34437005	-	Ccdc115	336	36.01
N3111	4125	ENSMUST00000027303.13|ENSMUSG00000026127|Imp4	chr1	34444802	34449356	+	Imp4	4554	45.41
N3112	4126	ENSMUST00000160855.1|ENSMUSG00000037509|Arhgef4	chr1	34807771	34808911	+	Arhgef4	1140	52.28
N3113	4127	ENSMUST00000167518.7|ENSMUSG00000037503|Fam168b	chr1	34813218	34817865	-	Fam168b	4647	48.83
N3114	4128	ENSMUST00000088174.3|ENSMUSG00000045216|Hs6st1	chr1	36104550	36106446	+	Hs6st1	1896	51.48
N3115	4129	ENSMUST00000174266.7|ENSMUSG00000037470|Uggt1	chr1	36143485	36209904	-	Uggt1	66419	43.52
N3116	413	ENSMUST00000039810.7|ENSMUSG00000034667|Xpot	chr10	121587379	121589788	-	Xpot	2409	42.55
N3117	4130	ENSMUST00000056946.7|ENSMUSG00000047180|Neurl3	chr1	36264596	36265499	-	Neurl3	903	45.51
N3118	4131	ENSMUST00000137906.1|ENSMUSG00000037447|Arid5a	chr1	36320401	36324029	+	Arid5a	3628	52.89
N3119	4132	ENSMUST00000188961.6|ENSMUSG00000010453|Kansl3	chr1	36337572	36365481	-	Kansl3	27909	44.83
N3120	4133	ENSMUST00000207088.1|ENSMUSG00000109510|Gm42417	chr1	36534051	36538409	-	Gm42417	4358	50.37
N3121	4134	ENSMUST00000207843.1|ENSMUSG00000079610|Ankrd39	chr1	36537506	36541858	-	Ankrd39	4352	49.45
N3122	4135	ENSMUST00000191677.5|ENSMUSG00000026121|Sema4c	chr1	36548638	36549102	-	Sema4c	464	51.72
N3123	4136	ENSMUST00000081180.6|ENSMUSG00000061518|Cox5b	chr1	36692659	36693386	+	Cox5b	727	45.12
N3124	4137	ENSMUST00000043951.9|ENSMUSG00000037351|Actr1b	chr1	36698113	36699397	-	Actr1b	1284	51.01
N3125	4138	ENSMUST00000027286.6|ENSMUSG00000026112|Coa5	chr1	37417083	37418138	-	Coa5	1055	43.51
N3126	4139	ENSMUST00000027285.12|ENSMUSG00000026111|Unc50	chr1	37438966	37439124	+	Unc50	158	29.11
N3127	414	ENSMUST00000020323.6|ENSMUSG00000020123|Avpr1a	chr10	122452835	122453452	+	Avpr1a	617	41.98
N3128	4140	ENSMUST00000042161.14|ENSMUSG00000026110|Mgat4a	chr1	37439339	37444510	-	Mgat4a	5171	44.25
N3129	4141	ENSMUST00000160023.5|ENSMUSG00000026090|2010300C02Rik	chr1	37611676	37611918	-	2010300C02Rik	242	42.98
N3130	4142	ENSMUST00000139725.7|ENSMUSG00000026088|Mitd1	chr1	37874800	37879056	-	Mitd1	4256	45.35
N3131	4143	ENSMUST00000027256.11|ENSMUSG00000026087|Mrpl30	chr1	37898412	37898535	+	Mrpl30	123	34.15
N3132	4145	ENSMUST00000193489.1|ENSMUSG00000026078|Pdcl3	chr1	38991466	38994917	+	Pdcl3	3451	47.35
N3133	4146	ENSMUST00000056815.8|ENSMUSG00000026077|Npas2	chr1	39362904	39363236	+	Npas2	332	33.73
N3134	4147	ENSMUST00000086535.11|ENSMUSG00000073702|Rpl31	chr1	39371481	39371911	+	Rpl31	430	39.53
N3135	4148	ENSMUST00000192531.5|ENSMUSG00000003134|Tbc1d8	chr1	39372295	39402682	-	Tbc1d8	30387	48.14
N3136	4149	ENSMUST00000161515.7|ENSMUSG00000003135|Cnot11	chr1	39546231	39546889	+	Cnot11	658	50.46
N3137	415	ENSMUST00000067918.11|ENSMUSG00000034613|Ppm1h	chr10	122942378	122945795	+	Ppm1h	3417	46.74
N3138	4150	ENSMUST00000195136.1|ENSMUSG00000048234|Rnf149	chr1	39552468	39555449	-	Rnf149	2981	40.62
N3139	4151	ENSMUST00000053355.5|ENSMUSG00000050967|Creg2	chr1	39618405	39621264	-	Creg2	2859	41.9
N3140	4152	ENSMUST00000168431.6|ENSMUSG00000026074|Map4k4	chr1	40024860	40026310	+	Map4k4	1450	44.21
N3141	4153	ENSMUST00000195770.1|ENSMUSG00000026073|Il1r2	chr1	40112221	40125219	+	Il1r2	12998	44.12
N3142	4154	ENSMUST00000027241.10|ENSMUSG00000026072|Il1r1	chr1	40315963	40317257	+	Il1r1	1294	40.19
N3143	4155	ENSMUST00000194296.5|ENSMUSG00000070942|Il1rl2	chr1	40365593	40367562	+	Il1rl2	1969	46.62
N3144	4156	ENSMUST00000027231.12|ENSMUSG00000026062|Slc9a2	chr1	40768433	40769273	+	Slc9a2	840	46.55
N3145	4157	ENSMUST00000239323.1|ENSMUSG00000045515|Pou3f3	chr1	42700055	42703176	+	Pou3f3	3121	36.3
N3146	4158	ENSMUST00000201108.3|ENSMUSG00000060679|Mrps9	chr1	42899549	42905683	+	Mrps9	6134	45.92
N3147	416	ENSMUST00000073792.10|ENSMUSG00000034602|Mon2	chr10	122992059	122995296	-	Mon2	3237	40.69
N3148	4160	ENSMUST00000010434.7|ENSMUSG00000010290|AI597479	chr1	43113743	43115947	+	AI597479	2204	40.52
N3149	4162	ENSMUST00000086421.8|ENSMUSG00000066877|Nck2	chr1	43569827	43570515	+	Nck2	688	36.92
N3150	4163	ENSMUST00000076997.12|ENSMUSG00000057363|Uxs1	chr1	43749511	43790351	-	Uxs1	40840	44.43
N3151	4164	ENSMUST00000188302.6|ENSMUSG00000041763|Tpp2	chr1	43983592	43990603	+	Tpp2	7011	33.3
N3152	4165	ENSMUST00000027215.11|ENSMUSG00000026049|Tex30	chr1	44086612	44086741	-	Tex30	129	24.03
N3153	4166	ENSMUST00000114709.2|ENSMUSG00000041684|Bivm	chr1	44144189	44144770	+	Bivm	581	33.73
N3154	4167	ENSMUST00000159555.7|ENSMUSG00000056870|Gulp1	chr1	44754516	44796826	+	Gulp1	42310	35.61
N3155	4168	ENSMUST00000087883.12|ENSMUSG00000026043|Col3a1	chr1	45348895	45349706	+	Col3a1	811	32.92
N3156	4169	ENSMUST00000086430.4|ENSMUSG00000026042|Col5a2	chr1	45374320	45375934	-	Col5a2	1614	33.15
N3157	417	ENSMUST00000220377.1|ENSMUSG00000020124|Usp15	chr10	123105005	123111953	-	Usp15	6948	42.06
N3158	4170	ENSMUST00000186651.1|ENSMUSG00000025995|Wdr75	chr1	45823506	45823616	+	Wdr75	110	32.73
N3159	4171	ENSMUST00000027137.10|ENSMUSG00000025993|Slc40a1	chr1	45908067	45908579	-	Slc40a1	512	34.18
N3160	4172	ENSMUST00000027131.5|ENSMUSG00000025986|Slc39a10	chr1	46807543	46809804	-	Slc39a10	2261	36.93
N3161	4173	ENSMUST00000081851.3|ENSMUSG00000026109|Tmeff2	chr1	51185629	51187270	+	Tmeff2	1641	33.46
N3162	4174	ENSMUST00000051572.7|ENSMUSG00000045954|Cavin2	chr1	51301769	51302960	+	Cavin2	1191	33.08
N3163	4175	ENSMUST00000189542.6|ENSMUSG00000026107|Nabp1	chr1	51465861	51469765	-	Nabp1	3904	37.3
N3164	4176	ENSMUST00000046390.13|ENSMUSG00000018417|Myo1b	chr1	51749764	51750615	-	Myo1b	851	33.14
N3165	4177	ENSMUST00000114510.7|ENSMUSG00000026103|Gls	chr1	52184103	52185369	-	Gls	1266	31.67
N3166	4178	ENSMUST00000186764.6|ENSMUSG00000002881|Nab1	chr1	52457293	52458074	-	Nab1	781	33.67
N3167	4179	ENSMUST00000156876.7|ENSMUSG00000041439|Mfsd6	chr1	52656285	52657609	-	Mfsd6	1324	41.09
N3168	418	ENSMUST00000238972.1|ENSMUSG00000044071|Tafa2	chr10	123739341	123741204	+	Tafa2	1863	34.78
N3169	4180	ENSMUST00000177279.7|ENSMUSG00000026102|Inpp1	chr1	52789667	52794393	-	Inpp1	4726	45.24
N3170	4181	ENSMUST00000159352.7|ENSMUSG00000041426|Hibch	chr1	52920630	52920981	+	Hibch	351	36.47
N3171	4182	ENSMUST00000050567.10|ENSMUSG00000043629|1700019D03Rik	chr1	52922323	52925051	-	1700019D03Rik	2728	37.28
N3172	4183	ENSMUST00000027266.3|ENSMUSG00000026097|Ormdl1	chr1	53309892	53310309	+	Ormdl1	417	32.13
N3173	4184	ENSMUST00000151296.7|ENSMUSG00000026096|Osgepl1	chr1	53318289	53326174	+	Osgepl1	7885	37.49
N3174	4186	ENSMUST00000041638.7|ENSMUSG00000041303|Gtf3c3	chr1	54396003	54397650	-	Gtf3c3	1647	36.43
N3175	4187	ENSMUST00000179030.7|ENSMUSG00000052331|Ankrd44	chr1	54645339	54647336	-	Ankrd44	1997	39.71
N3176	4188	ENSMUST00000191303.1|ENSMUSG00000025982|Sf3b1	chr1	55012251	55014482	-	Sf3b1	2231	40.7
N3177	4189	ENSMUST00000027125.6|ENSMUSG00000025981|Coq10b	chr1	55072320	55072702	+	Coq10b	382	34.29
N3178	419	ENSMUST00000211781.1|ENSMUSG00000020102|Slc16a7	chr10	125219269	125227731	-	Slc16a7	8462	35.65
N3179	4191	ENSMUST00000161122.1|ENSMUSG00000025979|Mob4	chr1	55148634	55153359	+	Mob4	4725	41.38
N3180	4192	ENSMUST00000132055.7|ENSMUSG00000025978|Rftn2	chr1	55171747	55206335	-	Rftn2	34588	44.91
N3181	4193	ENSMUST00000061334.9|ENSMUSG00000046994|Mars2	chr1	55239776	55248470	+	Mars2	8694	35.16
N3182	4194	ENSMUST00000042986.9|ENSMUSG00000038349|Plcl1	chr1	55752774	55754285	+	Plcl1	1511	37.13
N3183	4195	ENSMUST00000042734.2|ENSMUSG00000038323|1700066M21Rik	chr1	57383830	57385423	+	1700066M21Rik	1593	35.22
N3184	4196	ENSMUST00000079998.12|ENSMUSG00000048495|Tyw5	chr1	57388239	57393302	-	Tyw5	5063	36.12
N3185	4197	ENSMUST00000027114.5|ENSMUSG00000025971|Maip1	chr1	57415882	57417953	+	Maip1	2071	39.69
N3186	4199	ENSMUST00000161608.7|ENSMUSG00000054770|Kctd18	chr1	57955252	57963067	-	Kctd18	7815	42.5
N3187	42	ENSMUST00000186100.6|ENSMUSG00000037608|Bclaf1	chr10	20334645	20340266	+	Bclaf1	5621	37.54
N3188	420	ENSMUST00000074807.7|ENSMUSG00000020105|Lrig3	chr10	126015068	126015359	+	Lrig3	291	31.96
N3189	4200	ENSMUST00000001027.6|ENSMUSG00000063558|Aox1	chr1	58106226	58106413	+	Aox1	187	32.62
N3190	4201	ENSMUST00000188630.6|ENSMUSG00000051223|Bzw1	chr1	58401511	58405487	+	Bzw1	3976	40.9
N3191	4202	ENSMUST00000148330.7|ENSMUSG00000026034|Clk1	chr1	58411999	58414371	-	Clk1	2372	38.62
N3192	4205	ENSMUST00000187717.6|ENSMUSG00000038174|Fam126b	chr1	58527742	58552087	-	Fam126b	24345	37.83
N3193	4206	ENSMUST00000114313.7|ENSMUSG00000026031|Cflar	chr1	58754888	58758884	+	Cflar	3996	41.87
N3194	4207	ENSMUST00000027189.14|ENSMUSG00000026029|Casp8	chr1	58846902	58847503	+	Casp8	601	42.76
N3195	4208	ENSMUST00000027186.11|ENSMUSG00000026028|Trak2	chr1	58900448	58903140	-	Trak2	2692	42.01
N3196	4209	ENSMUST00000153990.7|ENSMUSG00000026027|Stradb	chr1	58985491	58995122	+	Stradb	9631	39.64
N3197	421	ENSMUST00000168520.2|ENSMUSG00000025436|Atp23	chr10	126887248	126887342	-	Atp23	94	25.53
N3198	4210	ENSMUST00000094917.9|ENSMUSG00000038079|Tmem237	chr1	59100589	59100988	-	Tmem237	399	25.81
N3199	4211	ENSMUST00000027178.12|ENSMUSG00000026024|Als2	chr1	59162925	59164028	-	Als2	1103	48.78
N3200	4212	ENSMUST00000114246.3|ENSMUSG00000041075|Fzd7	chr1	59485360	59486955	+	Fzd7	1595	39.81
N3201	4213	ENSMUST00000091374.8|ENSMUSG00000026021|Sumo1	chr1	59639433	59639730	-	Sumo1	297	38.72
N3202	4214	ENSMUST00000191142.6|ENSMUSG00000026020|Nop58	chr1	59711469	59719044	+	Nop58	7575	40.5
N3203	4215	ENSMUST00000087435.6|ENSMUSG00000067336|Bmpr2	chr1	59870633	59879014	+	Bmpr2	8381	35.46
N3204	4217	ENSMUST00000027172.12|ENSMUSG00000026018|Ica1l	chr1	59989067	59990793	-	Ica1l	1726	40.79
N3205	4218	ENSMUST00000027173.14|ENSMUSG00000026019|Wdr12	chr1	60069784	60077693	-	Wdr12	7909	39.11
N3206	4219	ENSMUST00000148443.2|ENSMUSG00000049439|Cyp20a1	chr1	60354674	60388060	+	Cyp20a1	33386	41.7
N3207	422	ENSMUST00000105255.2|ENSMUSG00000078429|Ctdsp2	chr10	126996634	126999975	+	Ctdsp2	3341	52.83
N3208	4220	ENSMUST00000052332.14|ENSMUSG00000026782|Abi2	chr1	60479357	60481158	+	Abi2	1801	36.54
N3209	4221	ENSMUST00000027165.2|ENSMUSG00000026012|Cd28	chr1	60770260	60773359	+	Cd28	3099	38.43
N3210	4222	ENSMUST00000114155.7|ENSMUSG00000025969|Nrp2	chr1	62796743	62799314	+	Nrp2	2571	43.25
N3211	4223	ENSMUST00000027108.12|ENSMUSG00000025967|Eef1b2	chr1	63178898	63179622	+	Eef1b2	724	41.16
N3212	4224	ENSMUST00000087374.9|ENSMUSG00000025964|Adam23	chr1	63592806	63596276	+	Adam23	3470	40.66
N3213	4225	ENSMUST00000114086.7|ENSMUSG00000025959|Klf7	chr1	64029446	64033072	-	Klf7	3626	43.0
N3214	4226	ENSMUST00000114079.8|ENSMUSG00000025956|Mettl21a	chr1	64606472	64607341	-	Mettl21a	869	38.55
N3215	4227	ENSMUST00000114077.7|ENSMUSG00000070871|Ccnyl1	chr1	64724156	64725644	+	Ccnyl1	1488	42.67
N3216	4228	ENSMUST00000139649.7|ENSMUSG00000051344|Plekhm3	chr1	64785982	64794155	-	Plekhm3	8173	46.75
N3217	423	ENSMUST00000139486.1|ENSMUSG00000006732|Mettl1	chr10	127045127	127045899	+	Mettl1	772	51.55
N3218	4230	ENSMUST00000190058.6|ENSMUSG00000025949|Pikfyve	chr1	65202923	65246898	+	Pikfyve	43975	38.39
N3219	4231	ENSMUST00000114015.7|ENSMUSG00000015222|Map2	chr1	66439155	66442583	+	Map2	3428	35.91
N3220	4232	ENSMUST00000061620.16|ENSMUSG00000055567|Unc80	chr1	66696490	66699148	+	Unc80	2658	33.78
N3221	4233	ENSMUST00000151016.1|ENSMUSG00000026005|Rpe	chr1	66701636	66715194	+	Rpe	13558	39.84
N3222	4234	ENSMUST00000129190.7|ENSMUSG00000026004|Kansl1l	chr1	66719247	66720520	-	Kansl1l	1273	33.15
N3223	4236	ENSMUST00000027149.11|ENSMUSG00000026000|Lancl1	chr1	67000516	67003332	-	Lancl1	2816	44.85
N3224	4237	ENSMUST00000187627.1|ENSMUSG00000026193|Fn1	chr1	71590096	71597181	-	Fn1	7085	42.4
N3225	4238	ENSMUST00000027379.9|ENSMUSG00000026187|Xrcc5	chr1	72394870	72394952	+	Xrcc5	82	29.27
N3226	424	ENSMUST00000040307.5|ENSMUSG00000040502|Marchf9	chr10	127055010	127056238	-	Marchf9	1228	51.06
N3227	4240	ENSMUST00000027377.8|ENSMUSG00000026185|Igfbp5	chr1	72857931	72862228	-	Igfbp5	4297	47.99
N3228	4241	ENSMUST00000169786.7|ENSMUSG00000055322|Tns1	chr1	73910230	73914110	-	Tns1	3880	51.86
N3229	4242	ENSMUST00000106899.3|ENSMUSG00000026180|Cxcr2	chr1	74159862	74161246	+	Cxcr2	1384	42.63
N3230	4245	ENSMUST00000087226.10|ENSMUSG00000026179|Pnkd	chr1	74352184	74353694	+	Pnkd	1510	54.64
N3231	4246	ENSMUST00000016309.15|ENSMUSG00000006301|Tmbim1	chr1	74288246	74288593	-	Tmbim1	347	45.82
N3232	4247	ENSMUST00000027368.5|ENSMUSG00000026177|Slc11a1	chr1	74385833	74386062	+	Slc11a1	229	52.4
N3233	4248	ENSMUST00000027367.13|ENSMUSG00000026176|Ctdsp1	chr1	74395732	74397285	+	Ctdsp1	1553	53.25
N3234	4249	ENSMUST00000027366.12|ENSMUSG00000026175|Vil1	chr1	74435201	74435559	+	Vil1	358	45.25
N3235	425	ENSMUST00000142558.7|ENSMUSG00000006728|Cdk4	chr10	127065002	127067002	+	Cdk4	2000	49.2
N3236	4250	ENSMUST00000087215.6|ENSMUSG00000026174|Cnot9	chr1	74529569	74530842	+	Cnot9	1273	45.48
N3237	4251	ENSMUST00000141412.7|ENSMUSG00000026173|Plcd4	chr1	74565367	74567794	+	Plcd4	2427	47.92
N3238	4252	ENSMUST00000127921.1|ENSMUSG00000026135|Zfp142	chr1	74566868	74569678	-	Zfp142	2810	45.02
N3239	4253	ENSMUST00000027358.10|ENSMUSG00000026172|Bcs1l	chr1	74592219	74592443	+	Bcs1l	224	47.77
N3240	4254	ENSMUST00000135140.7|ENSMUSG00000026171|Rnf25	chr1	74593747	74598361	-	Rnf25	4614	47.53
N3241	4255	ENSMUST00000189830.1|ENSMUSG00000033276|Stk36	chr1	74609261	74611256	+	Stk36	1995	51.08
N3242	4256	ENSMUST00000027356.6|ENSMUSG00000026170|Cyp27a1	chr1	74737807	74737892	+	Cyp27a1	85	35.29
N3243	4257	ENSMUST00000006716.7|ENSMUSG00000033227|Wnt6	chr1	74784748	74785322	+	Wnt6	574	47.56
N3244	4258	ENSMUST00000006718.14|ENSMUSG00000026167|Wnt10a	chr1	74803826	74804179	+	Wnt10a	353	51.84
N3245	4259	ENSMUST00000160379.3|ENSMUSG00000090071|Cdk5r2	chr1	74856576	74857732	+	Cdk5r2	1156	54.24
N3246	426	ENSMUST00000060991.5|ENSMUSG00000006736|Tspan31	chr10	127067279	127067704	-	Tspan31	425	43.53
N3247	4260	ENSMUST00000152855.1|ENSMUSG00000026162|Nhej1	chr1	74967138	74967499	-	Nhej1	361	48.48
N3248	4261	ENSMUST00000168720.7|ENSMUSG00000033159|Cnppd1	chr1	75134553	75135950	-	Cnppd1	1397	44.95
N3249	4262	ENSMUST00000188873.6|ENSMUSG00000049339|Retreg2	chr1	75144839	75147909	+	Retreg2	3070	51.37
N3250	4263	ENSMUST00000160439.7|ENSMUSG00000026197|Zfand2b	chr1	75171428	75171629	+	Zfand2b	201	55.22
N3251	4264	ENSMUST00000145459.8|ENSMUSG00000026199|Ankzf1	chr1	75196038	75199387	+	Ankzf1	3349	49.24
N3252	4265	ENSMUST00000189663.6|ENSMUSG00000026200|Glb1l	chr1	75199490	75202186	-	Glb1l	2696	46.77
N3253	4266	ENSMUST00000027401.10|ENSMUSG00000026201|Stk16	chr1	75214100	75215606	+	Stk16	1506	49.54
N3254	4268	ENSMUST00000185403.6|ENSMUSG00000026203|Dnajb2	chr1	75239630	75245055	+	Dnajb2	5425	51.48
N3255	427	ENSMUST00000218798.1|ENSMUSG00000040462|Os9	chr10	127098008	127098340	-	Os9	332	56.63
N3256	4270	ENSMUST00000186229.1|ENSMUSG00000033061|Resp18	chr1	75272310	75273879	-	Resp18	1569	46.08
N3257	4271	ENSMUST00000185419.6|ENSMUSG00000026209|Dnpep	chr1	75307939	75308590	-	Dnpep	651	47.77
N3258	4272	ENSMUST00000027409.9|ENSMUSG00000026208|Des	chr1	75367588	75368579	+	Des	991	50.25
N3259	4273	ENSMUST00000125306.1|ENSMUSG00000026207|Speg	chr1	75385164	75387895	+	Speg	2731	55.58
N3260	4274	ENSMUST00000188097.1|ENSMUSG00000033021|Gmppa	chr1	75440644	75442028	+	Gmppa	1384	56.29
N3261	4275	ENSMUST00000138683.1|ENSMUSG00000032997|Chpf	chr1	75474575	75477244	-	Chpf	2669	57.29
N3262	4276	ENSMUST00000155084.7|ENSMUSG00000026211|Obsl1	chr1	75490533	75490795	-	Obsl1	262	45.04
N3263	4277	ENSMUST00000050899.6|ENSMUSG00000051703|Tmem198	chr1	75485325	75485705	+	Tmem198	380	58.95
N3264	4278	ENSMUST00000027414.15|ENSMUSG00000026213|Stk11ip	chr1	75536754	75537335	+	Stk11ip	581	48.71
N3265	4279	ENSMUST00000027415.11|ENSMUSG00000006576|Slc4a3	chr1	75555141	75558890	+	Slc4a3	3749	54.81
N3266	428	ENSMUST00000217678.1|ENSMUSG00000006731|B4galnt1	chr10	127170168	127172330	+	B4galnt1	2162	56.61
N3267	4280	ENSMUST00000190149.6|ENSMUSG00000026235|Epha4	chr1	77373630	77506547	-	Epha4	132917	42.63
N3268	4282	ENSMUST00000189529.6|ENSMUSG00000026245|Farsb	chr1	78425084	78462305	-	Farsb	37221	41.84
N3269	4283	ENSMUST00000035779.14|ENSMUSG00000032883|Acsl3	chr1	78706766	78707743	+	Acsl3	977	37.15
N3270	4284	ENSMUST00000053760.11|ENSMUSG00000079470|Utp14b	chr1	78667331	78671512	+	Utp14b	4181	41.47
N3271	4285	ENSMUST00000057262.7|ENSMUSG00000047330|Kcne4	chr1	78818484	78820028	+	Kcne4	1544	46.24
N3272	4286	ENSMUST00000185234.1|ENSMUSG00000050711|Scg2	chr1	79434668	79434998	-	Scg2	330	29.09
N3273	4287	ENSMUST00000187005.6|ENSMUSG00000073643|Wdfy1	chr1	79705356	79719072	-	Wdfy1	13716	44.78
N3274	4288	ENSMUST00000027464.8|ENSMUSG00000026248|Mrpl44	chr1	79781286	79781445	+	Mrpl44	159	31.45
N3275	429	ENSMUST00000222911.2|ENSMUSG00000040441|Slc26a10	chr10	127171510	127172389	-	Slc26a10	879	55.4
N3276	4290	ENSMUST00000023262.5|ENSMUSG00000022591|Gm9747	chr1	82234544	82235933	+	Gm9747	1389	39.74
N3277	4291	ENSMUST00000027322.13|ENSMUSG00000026142|Rhbdd1	chr1	82443450	82445366	+	Rhbdd1	1916	43.79
N3278	4292	ENSMUST00000162003.7|ENSMUSG00000026150|Mff	chr1	82752125	82752394	+	Mff	269	37.92
N3279	4293	ENSMUST00000189220.6|ENSMUSG00000026159|Agfg1	chr1	82896041	82901182	+	Agfg1	5141	39.02
N3280	4294	ENSMUST00000045560.14|ENSMUSG00000038496|Slc19a3	chr1	83012522	83012893	-	Slc19a3	371	37.47
N3281	4295	ENSMUST00000177458.1|ENSMUSG00000045658|Pid1	chr1	84157128	84158685	-	Pid1	1557	38.99
N3282	4296	ENSMUST00000049126.12|ENSMUSG00000036766|Dner	chr1	84369838	84370123	-	Dner	285	34.04
N3283	4297	ENSMUST00000187733.1|ENSMUSG00000026219|Trip12	chr1	84724576	84730430	-	Trip12	5854	38.52
N3284	4298	ENSMUST00000097672.3|ENSMUSG00000073633|Fbxo36	chr1	84900333	84900487	+	Fbxo36	154	56.49
N3285	4299	ENSMUST00000093508.6|ENSMUSG00000070034|Sp110	chr1	85576898	85577143	-	Sp110	245	44.49
N3286	43	ENSMUST00000061324.5|ENSMUSG00000019977|Hbs1l	chr10	21310631	21311206	+	Hbs1l	575	29.04
N3287	430	ENSMUST00000038217.13|ENSMUSG00000040415|Dtx3	chr10	127190377	127190629	-	Dtx3	252	50.0
N3288	4300	ENSMUST00000113385.2|ENSMUSG00000070031|Sp140	chr1	85601304	85610782	+	Sp140	9478	42.15
N3289	4301	ENSMUST00000113360.7|ENSMUSG00000036707|Cab39	chr1	85849764	85851576	+	Cab39	1812	37.91
N3290	4303	ENSMUST00000027426.10|ENSMUSG00000026224|4933407L21Rik	chr1	85931673	85931754	+	4933407L21Rik	81	44.44
N3291	4304	ENSMUST00000165824.2|ENSMUSG00000026227|2810459M11Rik	chr1	86054477	86055456	+	2810459M11Rik	979	45.05
N3292	4305	ENSMUST00000139715.7|ENSMUSG00000026229|Psmd1	chr1	86076004	86132749	+	Psmd1	56745	40.18
N3293	4306	ENSMUST00000027431.6|ENSMUSG00000026228|Htr2b	chr1	86099025	86099194	-	Htr2b	169	22.49
N3294	4307	ENSMUST00000126579.1|ENSMUSG00000062590|Armc9	chr1	86259821	86269086	+	Armc9	9265	47.77
N3295	4308	ENSMUST00000113306.3|ENSMUSG00000079445|B3gnt7	chr1	86306795	86307305	+	B3gnt7	510	52.94
N3296	4309	ENSMUST00000027438.7|ENSMUSG00000026234|Ncl	chr1	86344718	86350471	-	Ncl	5753	41.63
N3297	431	ENSMUST00000013970.8|ENSMUSG00000025417|Pip4k2c	chr10	127197066	127198876	-	Pip4k2c	1810	53.09
N3298	4311	ENSMUST00000138280.7|ENSMUSG00000026240|Cops7b	chr1	86596925	86606326	+	Cops7b	9401	45.85
N3299	4313	ENSMUST00000172964.7|ENSMUSG00000048000|Gigyf2	chr1	87443838	87449145	+	Gigyf2	5307	41.0
N3300	4314	ENSMUST00000027477.14|ENSMUSG00000026259|Ngef	chr1	87476833	87477121	-	Ngef	288	51.04
N3301	4315	ENSMUST00000164128.1|ENSMUSG00000079434|Neu2	chr1	87597645	87597845	+	Neu2	200	49.5
N3302	4316	ENSMUST00000072999.12|ENSMUSG00000026288|Inpp5d	chr1	87718284	87720503	+	Inpp5d	2219	47.14
N3303	4318	ENSMUST00000190061.6|ENSMUSG00000070738|Dgkd	chr1	87944299	87945180	+	Dgkd	881	42.68
N3304	4319	ENSMUST00000113142.9|ENSMUSG00000090165|Ugt1a10	chr1	88218736	88219004	+	Ugt1a10	268	44.78
N3305	432	ENSMUST00000218298.1|ENSMUSG00000074657|Kif5a	chr10	127236944	127248029	-	Kif5a	11085	52.02
N3306	4320	ENSMUST00000073772.4|ENSMUSG00000090175|Ugt1a9	chr1	88218733	88218997	+	Ugt1a9	264	45.08
N3307	4321	ENSMUST00000113139.1|ENSMUSG00000089675|Ugt1a8	chr1	88218736	88219004	+	Ugt1a8	268	44.78
N3308	4322	ENSMUST00000126203.7|ENSMUSG00000090124|Ugt1a7c	chr1	88216369	88218427	+	Ugt1a7c	2058	42.08
N3309	4323	ENSMUST00000113138.7|ENSMUSG00000090145|Ugt1a6b	chr1	88218736	88219003	+	Ugt1a6b	267	44.94
N3310	4324	ENSMUST00000113134.7|ENSMUSG00000054545|Ugt1a6a	chr1	88218733	88218997	+	Ugt1a6a	264	45.08
N3311	4325	ENSMUST00000097659.4|ENSMUSG00000089943|Ugt1a5	chr1	88218733	88218997	+	Ugt1a5	264	45.08
N3312	4326	ENSMUST00000049289.8|ENSMUSG00000090171|Ugt1a2	chr1	88218733	88218997	+	Ugt1a2	264	45.08
N3313	4327	ENSMUST00000073049.6|ENSMUSG00000089960|Ugt1a1	chr1	88218733	88218997	+	Ugt1a1	264	45.08
N3314	4328	ENSMUST00000147393.1|ENSMUSG00000044783|Hjurp	chr1	88264977	88267841	-	Hjurp	2864	49.13
N3315	4329	ENSMUST00000066279.10|ENSMUSG00000036206|Sh3bp4	chr1	89153665	89155068	+	Sh3bp4	1403	47.18
N3316	433	ENSMUST00000026479.10|ENSMUSG00000025410|Dctn2	chr10	127281682	127281950	+	Dctn2	268	50.0
N3317	4330	ENSMUST00000027521.14|ENSMUSG00000055013|Agap1	chr1	89889614	89897617	+	Agap1	8003	49.94
N3318	4331	ENSMUST00000065587.4|ENSMUSG00000044337|Ackr3	chr1	90215482	90216751	+	Ackr3	1269	46.34
N3319	4332	ENSMUST00000036153.11|ENSMUSG00000034432|Cops8	chr1	90612885	90613341	+	Cops8	456	39.69
N3320	4333	ENSMUST00000097653.10|ENSMUSG00000048126|Col6a3	chr1	90766859	90767150	-	Col6a3	291	36.43
N3321	4334	ENSMUST00000097649.9|ENSMUSG00000026305|Lrrfip1	chr1	91116226	91117315	+	Lrrfip1	1089	34.34
N3322	4335	ENSMUST00000097648.5|ENSMUSG00000034353|Ramp1	chr1	91223544	91225196	+	Ramp1	1652	50.12
N3323	4336	ENSMUST00000171165.7|ENSMUSG00000034343|Ube2f	chr1	91285734	91290337	+	Ube2f	4603	47.75
N3324	4337	ENSMUST00000154045.7|ENSMUSG00000026307|Scly	chr1	91302940	91309851	+	Scly	6911	48.33
N3325	4338	ENSMUST00000187049.6|ENSMUSG00000026309|Ilkap	chr1	91373860	91387181	-	Ilkap	13321	46.48
N3326	434	ENSMUST00000026475.14|ENSMUSG00000025408|Ddit3	chr10	127296239	127296288	+	Ddit3	49	63.27
N3327	4340	ENSMUST00000047242.8|ENSMUSG00000034292|Traf3ip1	chr1	91527931	91529307	+	Traf3ip1	1376	42.88
N3328	4342	ENSMUST00000007949.3|ENSMUSG00000007805|Twist2	chr1	91802257	91848028	+	Twist2	45771	48.83
N3329	4343	ENSMUST00000097644.8|ENSMUSG00000026313|Hdac4	chr1	91928778	91932935	-	Hdac4	4157	47.75
N3330	4344	ENSMUST00000189503.6|ENSMUSG00000026260|Ndufa10	chr1	92439278	92469848	-	Ndufa10	30570	45.85
N3331	4345	ENSMUST00000148508.1|ENSMUSG00000073616|Cops9	chr1	92637144	92641587	-	Cops9	4443	52.91
N3332	4346	ENSMUST00000045970.7|ENSMUSG00000034220|Gpc1	chr1	92859815	92860779	+	Gpc1	964	50.21
N3333	4347	ENSMUST00000060913.7|ENSMUSG00000047067|Dusp28	chr1	92908193	92908435	+	Dusp28	242	48.35
N3334	4348	ENSMUST00000179531.1|ENSMUSG00000026269|Rnpepl1	chr1	92920397	92924384	+	Rnpepl1	3987	47.86
N3335	4349	ENSMUST00000152983.7|ENSMUSG00000026270|Capn10	chr1	92946982	92947929	+	Capn10	947	55.12
N3336	435	ENSMUST00000219026.1|ENSMUSG00000040345|Arhgap9	chr10	127329818	127329943	+	Arhgap9	125	51.2
N3337	4350	ENSMUST00000169198.2|ENSMUSG00000026271|Gpr35	chr1	92984876	92986391	+	Gpr35	1515	44.42
N3338	4351	ENSMUST00000186828.1|ENSMUSG00000014602|Kif1a	chr1	93042497	93046651	-	Kif1a	4154	53.15
N3339	4352	ENSMUST00000062202.13|ENSMUSG00000047793|Sned1	chr1	93297340	93301065	+	Sned1	3725	47.73
N3340	4353	ENSMUST00000027494.10|ENSMUSG00000026275|Ppp1r7	chr1	93367324	93373489	+	Ppp1r7	6165	46.93
N3341	4354	ENSMUST00000170883.7|ENSMUSG00000034088|Hdlbp	chr1	93405939	93407946	-	Hdlbp	2007	49.28
N3342	4355	ENSMUST00000027495.14|ENSMUSG00000026276|Septin2	chr1	93509492	93510260	+	Septin2	768	35.16
N3343	4356	ENSMUST00000179353.7|ENSMUSG00000116048|Septin2	chr1	93507212	93509733	+	Septin2	2521	36.97
N3344	4357	ENSMUST00000120301.7|ENSMUSG00000034066|Farp2	chr1	93621652	93621976	+	Farp2	324	45.06
N3345	4358	ENSMUST00000027498.13|ENSMUSG00000026277|Stk25	chr1	93619750	93622111	-	Stk25	2361	45.66
N3346	436	ENSMUST00000035735.10|ENSMUSG00000040280|Ndufa4l2	chr10	127516915	127517154	+	Ndufa4l2	239	63.18
N3347	4360	ENSMUST00000112905.3|ENSMUSG00000026279|Thap4	chr1	93705389	93725153	-	Thap4	19764	44.74
N3348	4361	ENSMUST00000185482.6|ENSMUSG00000026280|Atg4b	chr1	93780911	93784923	+	Atg4b	4012	46.88
N3349	4363	ENSMUST00000188402.1|ENSMUSG00000026283|Ing5	chr1	93811948	93822101	+	Ing5	10153	49.2
N3350	4364	ENSMUST00000186783.1|ENSMUSG00000073609|D2hgdh	chr1	93835455	93837976	+	D2hgdh	2521	48.95
N3351	4365	ENSMUST00000050890.7|ENSMUSG00000034000|Neu4	chr1	94025954	94028334	+	Neu4	2380	43.49
N3352	4366	ENSMUST00000027507.7|ENSMUSG00000026285|Pdcd1	chr1	94038304	94039095	-	Pdcd1	791	50.57
N3353	4367	ENSMUST00000053033.13|ENSMUSG00000044768|D1Ertd622e	chr1	97606317	97644070	-	D1Ertd622e	37753	41.29
N3354	4368	ENSMUST00000042509.12|ENSMUSG00000040648|Ppip5k2	chr1	97706047	97707337	-	Ppip5k2	1290	30.0
N3355	4369	ENSMUST00000138142.7|ENSMUSG00000026333|Gin1	chr1	97783223	97793006	+	Gin1	9783	37.05
N3356	4370	ENSMUST00000070699.14|ENSMUSG00000056536|Pign	chr1	105518421	105521229	-	Pign	2808	37.43
N3357	4371	ENSMUST00000027559.7|ENSMUSG00000026321|Tnfrsf11a	chr1	105845034	105847981	+	Tnfrsf11a	2947	40.28
N3358	4372	ENSMUST00000061047.6|ENSMUSG00000044340|Phlpp1	chr1	106393912	106394250	+	Phlpp1	338	44.08
N3359	4373	ENSMUST00000112751.1|ENSMUSG00000057329|Bcl2	chr1	106538177	106541942	-	Bcl2	3765	41.14
N3360	4374	ENSMUST00000010049.5|ENSMUSG00000009905|Kdsr	chr1	106720458	106724060	-	Kdsr	3602	38.78
N3361	4375	ENSMUST00000112736.7|ENSMUSG00000009907|Vps4b	chr1	106764070	106771381	-	Vps4b	7311	40.25
N3362	4376	ENSMUST00000112706.3|ENSMUSG00000026315|Serpinb8	chr1	107608232	107610484	+	Serpinb8	2252	36.41
N3363	4377	ENSMUST00000094626.4|ENSMUSG00000047216|Cdh19	chr1	110888325	110889549	-	Cdh19	1224	29.49
N3364	4378	ENSMUST00000035462.6|ENSMUSG00000038702|Dsel	chr1	111858705	111858973	-	Dsel	268	33.58
N3365	4379	ENSMUST00000027623.8|ENSMUSG00000026374|Tsn	chr1	118294777	118299614	-	Tsn	4837	44.2
N3366	438	ENSMUST00000095266.2|ENSMUSG00000040258|Nxph4	chr10	127525472	127525818	-	Nxph4	346	53.18
N3367	4380	ENSMUST00000027626.12|ENSMUSG00000026377|Nifk	chr1	118333382	118333822	+	Nifk	440	41.36
N3368	4381	ENSMUST00000190733.6|ENSMUSG00000064302|Clasp1	chr1	118471946	118607165	+	Clasp1	135219	44.34
N3369	4382	ENSMUST00000160991.7|ENSMUSG00000048402|Gli2	chr1	118848459	118867978	-	Gli2	19519	50.41
N3370	4383	ENSMUST00000038765.5|ENSMUSG00000037035|Inhbb	chr1	119415464	119417173	-	Inhbb	1709	48.98
N3371	4384	ENSMUST00000004565.14|ENSMUSG00000004451|Ralb	chr1	119470304	119471438	-	Ralb	1134	45.77
N3372	4385	ENSMUST00000183952.1|ENSMUSG00000098923|Tmem185b	chr1	119528010	119528983	+	Tmem185b	973	41.62
N3373	4386	ENSMUST00000037906.5|ENSMUSG00000036975|Tmem177	chr1	119907889	119909847	-	Tmem177	1958	46.63
N3374	4387	ENSMUST00000056089.7|ENSMUSG00000050777|Tmem37	chr1	120067376	120067561	-	Tmem37	185	47.57
N3375	4388	ENSMUST00000112641.7|ENSMUSG00000026389|Steap3	chr1	120224385	120226719	-	Steap3	2334	48.89
N3376	4389	ENSMUST00000003818.13|ENSMUSG00000003721|Insig2	chr1	121304352	121304772	-	Insig2	420	33.33
N3377	439	ENSMUST00000129727.1|ENSMUSG00000040249|Lrp1	chr10	127546394	127548314	-	Lrp1	1920	51.3
N3378	4390	ENSMUST00000036025.15|ENSMUSG00000026339|Ccdc93	chr1	121501454	121506460	+	Ccdc93	5006	47.18
N3379	4391	ENSMUST00000191578.6|ENSMUSG00000026341|Actr3	chr1	125393889	125411200	-	Actr3	17311	38.62
N3380	4392	ENSMUST00000189443.1|ENSMUSG00000026342|Slc35f5	chr1	125590058	125595148	+	Slc35f5	5090	42.83
N3381	4393	ENSMUST00000027581.6|ENSMUSG00000026343|Gpr39	chr1	125873571	125873862	+	Gpr39	291	47.77
N3382	4394	ENSMUST00000159417.1|ENSMUSG00000026344|Lypd1	chr1	125867621	125872430	-	Lypd1	4809	42.82
N3383	4395	ENSMUST00000027587.14|ENSMUSG00000026349|Ccnt2	chr1	127804556	127808061	+	Ccnt2	3505	39.37
N3384	4396	ENSMUST00000037649.5|ENSMUSG00000036104|Rab3gap1	chr1	127943195	127943868	+	Rab3gap1	673	45.62
N3385	4397	ENSMUST00000086614.11|ENSMUSG00000036086|Zranb3	chr1	127954183	127954797	-	Zranb3	614	41.37
N3386	4398	ENSMUST00000027592.5|ENSMUSG00000026353|Ubxn4	chr1	128277387	128279378	+	Ubxn4	1991	41.54
N3387	440	ENSMUST00000092074.11|ENSMUSG00000002147|Stat6	chr10	127660185	127660957	+	Stat6	772	47.8
N3388	4400	ENSMUST00000049813.5|ENSMUSG00000046404|Yod1	chr1	130721824	130724358	+	Yod1	2534	36.11
N3389	4401	ENSMUST00000016672.10|ENSMUSG00000016528|Mapkapk2	chr1	131053699	131054069	-	Mapkapk2	370	52.7
N3390	4402	ENSMUST00000112442.1|ENSMUSG00000026430|Rassf5	chr1	131176409	131180430	-	Rassf5	4021	48.92
N3391	4403	ENSMUST00000062108.9|ENSMUSG00000042349|Ikbke	chr1	131254596	131254884	-	Ikbke	288	50.69
N3392	4404	ENSMUST00000097588.8|ENSMUSG00000026425|Srgap2	chr1	131285250	131286629	-	Srgap2	1379	45.83
N3393	4405	ENSMUST00000064679.8|ENSMUSG00000052688|Rab7b	chr1	131712549	131715439	+	Rab7b	2890	47.58
N3394	4406	ENSMUST00000086559.6|ENSMUSG00000013275|Slc41a1	chr1	131847545	131848865	+	Slc41a1	1320	48.79
N3395	4407	ENSMUST00000125925.1|ENSMUSG00000026433|Rab29	chr1	131870861	131872502	+	Rab29	1641	44.55
N3396	4409	ENSMUST00000177943.7|ENSMUSG00000026435|Slc45a3	chr1	131982262	131982969	+	Slc45a3	707	44.84
N3397	441	ENSMUST00000026469.8|ENSMUSG00000025402|Nab2	chr10	127660917	127661215	-	Nab2	298	53.36
N3398	4410	ENSMUST00000146267.7|ENSMUSG00000059149|Mfsd4a	chr1	132026834	132057715	-	Mfsd4a	30881	48.26
N3399	4411	ENSMUST00000027697.11|ENSMUSG00000026437|Cdk18	chr1	132112236	132113841	-	Cdk18	1605	52.9
N3400	4412	ENSMUST00000046071.4|ENSMUSG00000042115|Klhdc8a	chr1	132305393	132307357	+	Klhdc8a	1964	50.1
N3401	4413	ENSMUST00000082125.5|ENSMUSG00000009772|Nuak2	chr1	132333065	132333488	+	Nuak2	423	43.97
N3402	4414	ENSMUST00000045473.15|ENSMUSG00000042066|Tmcc2	chr1	132356314	132356773	-	Tmcc2	459	49.46
N3403	4416	ENSMUST00000027700.14|ENSMUSG00000026439|Rbbp5	chr1	132504613	132505659	+	Rbbp5	1046	43.69
N3404	4417	ENSMUST00000094569.10|ENSMUSG00000026442|Nfasc	chr1	132564689	132569363	-	Nfasc	4674	51.95
N3405	4418	ENSMUST00000027706.3|ENSMUSG00000026443|Lrrn2	chr1	132939697	132940005	+	Lrrn2	308	49.35
N3406	4419	ENSMUST00000191212.6|ENSMUSG00000054387|Mdm4	chr1	132990401	133003701	-	Mdm4	13300	40.53
N3407	442	ENSMUST00000079692.5|ENSMUSG00000058396|Gpr182	chr10	127747275	127749735	-	Gpr182	2460	50.2
N3408	4420	ENSMUST00000052529.3|ENSMUSG00000046062|Ppp1r15b	chr1	133137767	133139783	+	Ppp1r15b	2016	42.21
N3409	4421	ENSMUST00000094557.6|ENSMUSG00000103421|Golt1a	chr1	133321976	133323026	+	Golt1a	1050	46.0
N3410	4422	ENSMUST00000183489.3|ENSMUSG00000098306|Gm28040	chr1	133321976	133329901	+	Gm28040	7925	50.17
N3411	4423	ENSMUST00000135222.8|ENSMUSG00000070644|Etnk2	chr1	133379732	133380336	+	Etnk2	604	56.79
N3412	4424	ENSMUST00000144386.7|ENSMUSG00000070643|Sox13	chr1	133382302	133384304	-	Sox13	2002	55.59
N3413	4425	ENSMUST00000191896.5|ENSMUSG00000102976|Zc3h11a	chr1	133619861	133621394	-	Zc3h11a	1533	39.27
N3414	4426	ENSMUST00000027736.12|ENSMUSG00000116275|Zc3h11a	chr1	133619870	133621394	-	Zc3h11a	1524	39.3
N3415	4427	ENSMUST00000048432.5|ENSMUSG00000041577|Prelp	chr1	133910303	133912457	-	Prelp	2154	52.0
N3416	4428	ENSMUST00000048183.7|ENSMUSG00000041559|Fmod	chr1	134047840	134048277	+	Fmod	437	55.84
N3417	4429	ENSMUST00000020692.6|ENSMUSG00000020423|Btg2	chr1	134075169	134077072	-	Btg2	1903	48.77
N3418	443	ENSMUST00000026461.7|ENSMUSG00000025395|Prim1	chr10	128029933	128030037	+	Prim1	104	34.62
N3419	4430	ENSMUST00000153856.7|ENSMUSG00000064246|Chil1	chr1	134189824	134190181	+	Chil1	357	46.22
N3420	4431	ENSMUST00000191577.1|ENSMUSG00000042451|Mybph	chr1	134200840	134201232	+	Mybph	392	57.91
N3421	4432	ENSMUST00000169927.1|ENSMUSG00000042429|Adora1	chr1	134199222	134201602	-	Adora1	2380	51.72
N3422	4433	ENSMUST00000172795.1|ENSMUSG00000026456|Cyb5r1	chr1	134408487	134410969	+	Cyb5r1	2482	46.09
N3423	4434	ENSMUST00000027727.14|ENSMUSG00000026457|Adipor1	chr1	134432146	134433351	+	Adipor1	1205	46.06
N3424	4437	ENSMUST00000047714.13|ENSMUSG00000042207|Kdm5b	chr1	134631863	134635285	+	Kdm5b	3422	45.47
N3425	4438	ENSMUST00000223886.1|ENSMUSG00000026429|Ube2t	chr1	134972189	134974141	+	Ube2t	1952	38.73
N3426	4439	ENSMUST00000049449.10|ENSMUSG00000031506|Ptpn7	chr1	135144676	135145317	+	Ptpn7	641	45.55
N3427	444	ENSMUST00000052798.13|ENSMUSG00000071072|Ptges3	chr10	128076855	128077272	+	Ptges3	417	36.69
N3428	4440	ENSMUST00000027684.10|ENSMUSG00000026426|Arl8a	chr1	135155419	135156269	+	Arl8a	850	47.41
N3429	4441	ENSMUST00000027682.8|ENSMUSG00000026424|Gpr37l1	chr1	135160233	135160495	-	Gpr37l1	262	47.71
N3430	4442	ENSMUST00000077340.13|ENSMUSG00000041926|Rnpep	chr1	135262711	135262822	-	Rnpep	111	34.23
N3431	4443	ENSMUST00000081104.9|ENSMUSG00000062580|Timm17a	chr1	135295212	135301704	-	Timm17a	6492	42.38
N3432	4445	ENSMUST00000161189.7|ENSMUSG00000041879|Ipo9	chr1	135384472	135426888	-	Ipo9	42416	43.1
N3433	4446	ENSMUST00000040599.14|ENSMUSG00000009418|Nav1	chr1	135434579	135439014	-	Nav1	4435	45.37
N3434	4447	ENSMUST00000097561.8|ENSMUSG00000026421|Csrp1	chr1	135751896	135752232	+	Csrp1	336	57.74
N3435	4448	ENSMUST00000038945.5|ENSMUSG00000041801|Phlda3	chr1	135766974	135769136	+	Phlda3	2162	51.48
N3436	4449	ENSMUST00000063719.14|ENSMUSG00000026411|Tmem9	chr1	136034781	136035342	+	Tmem9	561	50.27
N3437	445	ENSMUST00000026459.5|ENSMUSG00000025393|Atp5b	chr10	128090267	128090391	+	Atp5b	124	34.68
N3438	4450	ENSMUST00000120339.7|ENSMUSG00000041605|Inava	chr1	136213530	136213969	-	Inava	439	51.94
N3439	4452	ENSMUST00000047734.14|ENSMUSG00000041483|Zfp281	chr1	136628115	136630053	+	Zfp281	1938	32.77
N3440	4453	ENSMUST00000182283.7|ENSMUSG00000026395|Ptprc	chr1	138063406	138064357	-	Ptprc	951	34.38
N3441	4454	ENSMUST00000186017.6|ENSMUSG00000026393|Nek7	chr1	138482874	138485040	-	Nek7	2166	37.49
N3442	4455	ENSMUST00000193374.1|ENSMUSG00000079283|2310009B15Rik	chr1	138852032	138856073	-	2310009B15Rik	4041	40.24
N3443	4456	ENSMUST00000199011.1|ENSMUSG00000033964|Zbtb41	chr1	139429391	139449183	+	Zbtb41	19792	35.82
N3444	4457	ENSMUST00000123238.1|ENSMUSG00000026365|Cfh	chr1	140085878	140088657	-	Cfh	2779	30.41
N3445	4458	ENSMUST00000193606.1|ENSMUSG00000052726|Kcnt2	chr1	140553137	140574789	+	Kcnt2	21652	36.38
N3446	4459	ENSMUST00000129653.2|ENSMUSG00000018196|Glrx2	chr1	143746787	143749676	+	Glrx2	2889	42.23
N3447	446	ENSMUST00000238829.1|ENSMUSG00000040054|Baz2a	chr10	128126901	128129303	+	Baz2a	2402	48.33
N3448	4460	ENSMUST00000159879.1|ENSMUSG00000018199|Ro60	chr1	143750789	143755908	-	Ro60	5119	34.91
N3449	4461	ENSMUST00000185539.1|ENSMUSG00000018189|Uchl5	chr1	143803105	143806941	+	Uchl5	3836	33.21
N3450	4462	ENSMUST00000127206.7|ENSMUSG00000026360|Rgs2	chr1	143999337	144001131	-	Rgs2	1794	41.14
N3451	4463	ENSMUST00000070200.14|ENSMUSG00000056220|Pla2g4a	chr1	149829617	149829865	-	Pla2g4a	248	26.61
N3452	4464	ENSMUST00000035065.8|ENSMUSG00000032487|Ptgs2	chr1	150105930	150108227	+	Ptgs2	2297	33.48
N3453	4465	ENSMUST00000094477.3|ENSMUSG00000006010|Odr4	chr1	150362533	150372028	-	Odr4	9495	38.36
N3454	4466	ENSMUST00000006171.15|ENSMUSG00000006014|Prg4	chr1	150449411	150449835	-	Prg4	424	29.25
N3455	4467	ENSMUST00000074783.11|ENSMUSG00000066842|Hmcn1	chr1	150562523	150563378	-	Hmcn1	855	29.01
N3456	4468	ENSMUST00000186745.1|ENSMUSG00000023150|Ivns1abp	chr1	151356236	151363365	+	Ivns1abp	7129	40.29
N3457	4469	ENSMUST00000111883.8|ENSMUSG00000052748|Swt1	chr1	151368363	151384309	-	Swt1	15946	39.4
N3458	447	ENSMUST00000159440.7|ENSMUSG00000044005|Gls2	chr10	128200302	128210004	+	Gls2	9702	48.16
N3459	4470	ENSMUST00000189655.1|ENSMUSG00000053286|Trmt1l	chr1	151448497	151458161	+	Trmt1l	9664	40.83
N3460	4471	ENSMUST00000187048.6|ENSMUSG00000026484|Rnf2	chr1	151469404	151470686	-	Rnf2	1282	32.76
N3461	4472	ENSMUST00000097541.9|ENSMUSG00000026483|Fam129a	chr1	151715856	151719342	+	Fam129a	3486	49.68
N3462	4473	ENSMUST00000059498.11|ENSMUSG00000043019|Edem3	chr1	151819071	151822051	+	Edem3	2980	37.08
N3463	4474	ENSMUST00000015124.14|ENSMUSG00000014980|Tsen15	chr1	152370734	152371002	-	Tsen15	268	40.3
N3464	4476	ENSMUST00000186568.6|ENSMUSG00000026480|Ncf2	chr1	152836262	152836991	+	Ncf2	729	43.07
N3465	4477	ENSMUST00000073441.12|ENSMUSG00000042772|Smg7	chr1	152836994	152839123	-	Smg7	2129	46.97
N3466	4478	ENSMUST00000163011.1|ENSMUSG00000026478|Lamc1	chr1	153228814	153230721	-	Lamc1	1907	47.14
N3467	4479	ENSMUST00000041874.8|ENSMUSG00000042684|Npl	chr1	153503014	153503203	-	Npl	189	24.87
N3468	448	ENSMUST00000061995.9|ENSMUSG00000051346|Spryd4	chr10	128209907	128210296	-	Spryd4	389	38.05
N3469	4480	ENSMUST00000041776.11|ENSMUSG00000042671|Rgs8	chr1	153697543	153700323	+	Rgs8	2780	48.78
N3470	4481	ENSMUST00000027748.7|ENSMUSG00000026475|Rgs16	chr1	153745049	153745468	+	Rgs16	419	47.26
N3471	4482	ENSMUST00000086199.11|ENSMUSG00000026473|Glul	chr1	153908591	153909723	+	Glul	1132	43.99
N3472	4483	ENSMUST00000055322.5|ENSMUSG00000056708|Ier5	chr1	155096360	155097723	-	Ier5	1363	37.27
N3473	4484	ENSMUST00000194612.5|ENSMUSG00000026471|Mr1	chr1	155127276	155136574	-	Mr1	9298	43.6
N3474	4485	ENSMUST00000186156.6|ENSMUSG00000033722|BC034090	chr1	155212470	155212800	-	BC034090	330	57.58
N3475	4486	ENSMUST00000035560.8|ENSMUSG00000033701|Acbd6	chr1	155687251	155691330	+	Acbd6	4079	41.9
N3476	4487	ENSMUST00000035325.14|ENSMUSG00000033684|Qsox1	chr1	155778157	155778414	-	Qsox1	257	52.53
N3477	4488	ENSMUST00000111757.9|ENSMUSG00000050565|Tor1aip2	chr1	156065606	156068861	+	Tor1aip2	3255	41.14
N3478	4489	ENSMUST00000015628.3|ENSMUSG00000015484|Fam163a	chr1	156075965	156078486	-	Fam163a	2521	49.03
N3479	449	ENSMUST00000055539.10|ENSMUSG00000039994|Timeless	chr10	128252583	128252941	+	Timeless	358	41.34
N3480	4490	ENSMUST00000189661.6|ENSMUSG00000026600|Soat1	chr1	156424524	156430046	-	Soat1	5522	42.85
N3481	4491	ENSMUST00000122424.7|ENSMUSG00000033557|Fam20b	chr1	156678531	156680338	-	Fam20b	1807	43.33
N3482	4492	ENSMUST00000194220.1|ENSMUSG00000033488|Cryzl2	chr1	157488856	157492638	+	Cryzl2	3782	41.59
N3483	4493	ENSMUST00000195554.5|ENSMUSG00000040782|Cop1	chr1	159239729	159250142	+	Cop1	10413	35.36
N3484	4494	ENSMUST00000163892.7|ENSMUSG00000090394|4930523C07Rik	chr1	160075712	160080208	+	4930523C07Rik	4496	45.02
N3485	4495	ENSMUST00000078878.13|ENSMUSG00000058267|Mrps14	chr1	160197158	160199820	+	Mrps14	2662	39.67
N3486	4496	ENSMUST00000014370.10|ENSMUSG00000014226|Cacybp	chr1	160202366	160203181	-	Cacybp	815	34.11
N3487	4497	ENSMUST00000035430.3|ENSMUSG00000026709|Dars2	chr1	161040600	161041567	-	Dars2	967	39.19
N3488	4498	ENSMUST00000143486.6|ENSMUSG00000026708|Cenpl	chr1	161078494	161086724	+	Cenpl	8230	38.31
N3489	4499	ENSMUST00000111611.7|ENSMUSG00000026705|Klhl20	chr1	161088374	161090025	-	Klhl20	1651	40.7
N3490	45	ENSMUST00000179054.7|ENSMUSG00000097327|E030030I06Rik	chr10	22113049	22113566	-	E030030I06Rik	517	39.07
N3491	450	ENSMUST00000085708.2|ENSMUSG00000040033|Stat2	chr10	128292060	128292849	+	Stat2	789	46.26
N3492	4500	ENSMUST00000150721.3|ENSMUSG00000044835|Ankrd45	chr1	161155469	161164214	+	Ankrd45	8745	41.26
N3493	4501	ENSMUST00000192639.5|ENSMUSG00000026701|Prdx6	chr1	161241014	161243574	-	Prdx6	2560	43.95
N3494	4502	ENSMUST00000048377.10|ENSMUSG00000040297|Suco	chr1	161816113	161817015	-	Suco	902	34.7
N3495	4503	ENSMUST00000111594.2|ENSMUSG00000026698|Pigc	chr1	161971492	161973435	+	Pigc	1943	39.58
N3496	4504	ENSMUST00000159817.8|ENSMUSG00000026694|Eef1aknmt	chr1	162533678	162542235	-	Eef1aknmt	8557	44.82
N3497	4505	ENSMUST00000194810.5|ENSMUSG00000026696|Vamp4	chr1	162592777	162594729	+	Vamp4	1952	35.35
N3498	4506	ENSMUST00000111518.2|ENSMUSG00000040181|Fmo1	chr1	162840217	162840469	-	Fmo1	252	42.46
N3499	4507	ENSMUST00000045902.12|ENSMUSG00000040170|Fmo2	chr1	162874316	162876557	-	Fmo2	2241	39.71
N3500	4508	ENSMUST00000075805.12|ENSMUSG00000026586|Prrx1	chr1	163245118	163253845	-	Prrx1	8727	38.21
N3501	4509	ENSMUST00000186402.1|ENSMUSG00000040124|Gorab	chr1	163384911	163392409	-	Gorab	7498	39.3
N3502	451	ENSMUST00000005825.7|ENSMUSG00000005682|Pan2	chr10	128321076	128321353	+	Pan2	277	47.29
N3503	4510	ENSMUST00000162234.1|ENSMUSG00000026584|Scyl3	chr1	163936575	163955109	+	Scyl3	18534	42.52
N3504	4511	ENSMUST00000044021.11|ENSMUSG00000040918|Slc19a2	chr1	164263698	164265385	+	Slc19a2	1687	40.9
N3505	4512	ENSMUST00000027866.10|ENSMUSG00000026577|Blzf1	chr1	164289799	164291429	-	Blzf1	1630	38.1
N3506	4513	ENSMUST00000193808.5|ENSMUSG00000026575|Nme7	chr1	164437196	164437725	+	Nme7	529	40.83
N3507	4514	ENSMUST00000027863.12|ENSMUSG00000026576|Atp1b1	chr1	164437108	164437891	-	Atp1b1	783	40.49
N3508	4515	ENSMUST00000192185.5|ENSMUSG00000040848|Sft2d2	chr1	165175870	165184893	-	Sft2d2	9023	46.74
N3509	4516	ENSMUST00000027856.12|ENSMUSG00000026571|Dcaf6	chr1	165328697	165329790	-	Dcaf6	1093	40.44
N3510	4517	ENSMUST00000193575.1|ENSMUSG00000026568|Mpc2	chr1	165478355	165481108	+	Mpc2	2753	38.58
N3511	4518	ENSMUST00000097474.8|ENSMUSG00000040723|Rcsd1	chr1	165646515	165649128	-	Rcsd1	2613	44.78
N3512	4519	ENSMUST00000111427.8|ENSMUSG00000026565|Pou2f1	chr1	165865153	165875589	-	Pou2f1	10436	41.25
N3513	452	ENSMUST00000219037.1|ENSMUSG00000025381|Cnpy2	chr10	128327209	128327553	+	Cnpy2	344	45.06
N3514	4520	ENSMUST00000111416.6|ENSMUSG00000040612|Ildr2	chr1	166311752	166316823	+	Ildr2	5071	44.33
N3515	4522	ENSMUST00000165874.7|ENSMUSG00000060568|Fam78b	chr1	167079465	167091302	+	Fam78b	11837	43.22
N3516	4523	ENSMUST00000097473.9|ENSMUSG00000052428|Tmco1	chr1	167330594	167333978	+	Tmco1	3384	44.5
N3517	4525	ENSMUST00000028005.2|ENSMUSG00000026688|Mgst3	chr1	167371965	167372354	-	Mgst3	389	43.7
N3518	4526	ENSMUST00000015987.9|ENSMUSG00000015843|Rxrg	chr1	167639421	167639623	+	Rxrg	202	38.61
N3519	4527	ENSMUST00000188912.6|ENSMUSG00000052534|Pbx1	chr1	168119363	168153577	-	Pbx1	34214	43.42
N3520	4528	ENSMUST00000111368.7|ENSMUSG00000026683|Nuf2	chr1	169497933	169498457	-	Nuf2	524	37.4
N3521	4529	ENSMUST00000027997.8|ENSMUSG00000026678|Rgs5	chr1	169693246	169695813	+	Rgs5	2567	40.51
N3522	4530	ENSMUST00000027991.11|ENSMUSG00000038530|Rgs4	chr1	169741476	169742411	-	Rgs4	935	40.21
N3523	4531	ENSMUST00000094348.3|ENSMUSG00000070532|Ccdc190	chr1	169934348	169934653	+	Ccdc190	305	47.54
N3524	4532	ENSMUST00000027989.12|ENSMUSG00000026675|Hsd17b7	chr1	169949534	169952584	-	Hsd17b7	3050	39.74
N3525	4533	ENSMUST00000194690.5|ENSMUSG00000026674|Ddr2	chr1	169972306	169977706	-	Ddr2	5400	41.13
N3526	4535	ENSMUST00000123399.1|ENSMUSG00000026667|Uhmk1	chr1	170193419	170199838	-	Uhmk1	6419	41.86
N3527	4536	ENSMUST00000179801.2|ENSMUSG00000102752|Gm7694	chr1	170298198	170300799	-	Gm7694	2601	50.37
N3528	4537	ENSMUST00000160456.7|ENSMUSG00000038473|Nos1ap	chr1	170317458	170317731	-	Nos1ap	273	46.52
N3529	4538	ENSMUST00000046792.8|ENSMUSG00000038463|Olfml2b	chr1	170682572	170682789	+	Olfml2b	217	42.86
N3530	4539	ENSMUST00000027974.6|ENSMUSG00000026663|Atf6	chr1	170704673	170707555	-	Atf6	2882	41.71
N3531	454	ENSMUST00000218507.1|ENSMUSG00000039914|Coq10a	chr10	128363680	128364321	-	Coq10a	641	45.09
N3532	4540	ENSMUST00000170420.7|ENSMUSG00000026659|Dusp12	chr1	170873497	170879659	-	Dusp12	6162	41.17
N3533	4541	ENSMUST00000027966.13|ENSMUSG00000026656|Fcgr2b	chr1	170958616	170960724	-	Fcgr2b	2108	42.13
N3534	4542	ENSMUST00000078825.4|ENSMUSG00000059089|Fcgr4	chr1	171029519	171029761	+	Fcgr4	242	45.45
N3535	4543	ENSMUST00000164044.7|ENSMUSG00000059498|Fcgr3	chr1	171051174	171051431	-	Fcgr3	257	40.47
N3536	4544	ENSMUST00000111336.9|ENSMUSG00000058076|Sdhc	chr1	171127164	171129325	-	Sdhc	2161	46.23
N3537	4546	ENSMUST00000005817.8|ENSMUSG00000005674|Tomm40l	chr1	171216010	171219296	-	Tomm40l	3286	50.55
N3538	4547	ENSMUST00000193973.1|ENSMUSG00000058715|Fcer1g	chr1	171229578	171229740	-	Fcer1g	162	43.83
N3539	4548	ENSMUST00000013737.12|ENSMUSG00000013593|Ndufs2	chr1	171234852	171234901	-	Ndufs2	49	38.78
N3540	4549	ENSMUST00000111315.8|ENSMUSG00000006403|Adamts4	chr1	171259437	171260637	+	Adamts4	1200	45.58
N3541	455	ENSMUST00000164199.7|ENSMUSG00000025374|Nabp2	chr10	128401394	128401575	-	Nabp2	181	51.93
N3542	4550	ENSMUST00000111313.9|ENSMUSG00000052423|B4galt3	chr1	171276608	171276896	+	B4galt3	288	52.43
N3543	4551	ENSMUST00000149187.7|ENSMUSG00000053483|Usp21	chr1	171281957	171282496	-	Usp21	539	49.54
N3544	4552	ENSMUST00000111300.7|ENSMUSG00000013973|Dedd	chr1	171341491	171342331	+	Dedd	840	47.62
N3545	4553	ENSMUST00000111289.7|ENSMUSG00000013997|Nit1	chr1	171340570	171342382	-	Nit1	1812	47.63
N3546	4554	ENSMUST00000135941.7|ENSMUSG00000006412|Pfdn2	chr1	171358174	171359254	+	Pfdn2	1080	45.28
N3547	4555	ENSMUST00000061878.4|ENSMUSG00000045259|Klhdc9	chr1	171358445	171358665	-	Klhdc9	220	45.45
N3548	4556	ENSMUST00000056449.8|ENSMUSG00000048865|Arhgap30	chr1	171409877	171410240	+	Arhgap30	363	41.05
N3549	4557	ENSMUST00000001284.12|ENSMUSG00000026641|Usf1	chr1	171416286	171418121	+	Usf1	1835	52.53
N3550	4558	ENSMUST00000043839.4|ENSMUSG00000038235|F11r	chr1	171463768	171464603	+	F11r	835	45.87
N3551	4559	ENSMUST00000081527.1|ENSMUSG00000060244|Alyref2	chr1	171504461	171504750	+	Alyref2	289	29.07
N3552	456	ENSMUST00000171342.2|ENSMUSG00000025373|Rnf41	chr10	128439238	128441441	+	Rnf41	2203	47.16
N3553	4560	ENSMUST00000015499.13|ENSMUSG00000015355|Cd48	chr1	171705025	171705258	+	Cd48	233	34.33
N3554	4561	ENSMUST00000027837.12|ENSMUSG00000026556|Vangl2	chr1	172000959	172002826	-	Vangl2	1867	44.24
N3555	4562	ENSMUST00000111252.3|ENSMUSG00000003464|Pex19	chr1	172135099	172136493	+	Pex19	1394	40.46
N3556	4563	ENSMUST00000193638.5|ENSMUSG00000026554|Dcaf8	chr1	172189069	172194794	+	Dcaf8	5725	45.89
N3557	4566	ENSMUST00000085913.10|ENSMUSG00000007097|Atp1a2	chr1	172271708	172274195	-	Atp1a2	2487	46.44
N3558	4567	ENSMUST00000062387.7|ENSMUSG00000038026|Kcnj9	chr1	172320500	172321879	-	Kcnj9	1379	52.72
N3559	4568	ENSMUST00000056136.3|ENSMUSG00000044708|Kcnj10	chr1	172370208	172374085	+	Kcnj10	3877	46.94
N3560	4569	ENSMUST00000052455.3|ENSMUSG00000050229|Pigm	chr1	172378786	172384099	+	Pigm	5313	39.7
N3561	457	ENSMUST00000026433.8|ENSMUSG00000025369|Smarcc2	chr10	128489122	128490172	+	Smarcc2	1050	47.14
N3562	4570	ENSMUST00000027830.4|ENSMUSG00000026548|Slamf9	chr1	172478407	172478575	+	Slamf9	168	51.19
N3563	4571	ENSMUST00000111230.7|ENSMUSG00000026547|Tagln2	chr1	172506887	172507380	+	Tagln2	493	53.96
N3564	4572	ENSMUST00000065679.7|ENSMUSG00000053318|Slamf8	chr1	172581757	172582044	-	Slamf8	287	41.81
N3565	4573	ENSMUST00000027826.6|ENSMUSG00000026544|Dusp23	chr1	172630763	172631492	-	Dusp23	729	49.11
N3566	4575	ENSMUST00000042610.14|ENSMUSG00000073490|Ifi207	chr1	173723426	173723583	-	Ifi207	157	26.11
N3567	4576	ENSMUST00000111214.3|ENSMUSG00000073489|Ifi204	chr1	173747292	173747451	-	Ifi204	159	25.16
N3568	4577	ENSMUST00000009340.9|ENSMUSG00000026536|Ifi211	chr1	173896344	173896450	-	Ifi211	106	24.53
N3569	4578	ENSMUST00000042228.14|ENSMUSG00000039997|Ifi203	chr1	173920406	173922387	-	Ifi203	1981	37.3
N3570	4579	ENSMUST00000059226.6|ENSMUSG00000054203|Ifi205	chr1	174011997	174012095	-	Ifi205	98	28.57
N3571	458	ENSMUST00000220307.1|ENSMUSG00000090841|Myl6	chr10	128490996	128492058	-	Myl6	1062	54.43
N3572	4580	ENSMUST00000030039.12|ENSMUSG00000028354|Fmn2	chr1	174821647	174822729	+	Fmn2	1082	33.73
N3573	4581	ENSMUST00000027809.7|ENSMUSG00000026525|Opn3	chr1	175662420	175662657	-	Opn3	237	32.49
N3574	4582	ENSMUST00000195433.5|ENSMUSG00000057335|Cep170	chr1	176734339	176782250	-	Cep170	47911	35.49
N3575	4583	ENSMUST00000111160.8|ENSMUSG00000019699|Akt3	chr1	177022114	177025215	-	Akt3	3101	43.6
N3576	4584	ENSMUST00000193480.1|ENSMUSG00000063659|Zbtb18	chr1	177448046	177450764	+	Zbtb18	2718	40.99
N3577	4585	ENSMUST00000016105.8|ENSMUSG00000015961|Adss	chr1	177762961	177763543	-	Adss	582	36.43
N3578	4586	ENSMUST00000027783.13|ENSMUSG00000026502|Desi2	chr1	178252391	178257301	+	Desi2	4910	43.12
N3579	4587	ENSMUST00000189450.1|ENSMUSG00000039630|Hnrnpu	chr1	178323619	178328648	-	Hnrnpu	5029	34.86
N3580	4589	ENSMUST00000128302.7|ENSMUSG00000055067|Smyd3	chr1	178951959	178955261	-	Smyd3	3302	47.03
N3581	459	ENSMUST00000220429.1|ENSMUSG00000025366|Esyt1	chr10	128510255	128511465	-	Esyt1	1210	49.01
N3582	4590	ENSMUST00000027769.5|ENSMUSG00000026492|Tfb2m	chr1	179528054	179528877	-	Tfb2m	823	38.4
N3583	4592	ENSMUST00000134287.1|ENSMUSG00000038936|Sccpdh	chr1	179681707	179687189	+	Sccpdh	5482	41.75
N3584	4593	ENSMUST00000127250.1|ENSMUSG00000026491|Ahctf1	chr1	179760262	179762544	-	Ahctf1	2282	40.49
N3585	4594	ENSMUST00000134959.7|ENSMUSG00000026490|Cdc42bpa	chr1	180024804	180111891	+	Cdc42bpa	87087	38.06
N3586	4595	ENSMUST00000161632.2|ENSMUSG00000026489|Coq8a	chr1	180170129	180174165	-	Coq8a	4036	53.74
N3587	4596	ENSMUST00000111106.7|ENSMUSG00000010609|Psen2	chr1	180227003	180227240	-	Psen2	237	48.52
N3588	4597	ENSMUST00000136521.1|ENSMUSG00000053963|Stum	chr1	180432386	180437336	-	Stum	4950	52.18
N3589	4598	ENSMUST00000194608.1|ENSMUSG00000026496|Parp1	chr1	180577779	180579161	+	Parp1	1382	48.41
N3590	4599	ENSMUST00000027780.5|ENSMUSG00000026499|Acbd3	chr1	180752896	180754204	+	Acbd3	1308	35.93
N3591	46	ENSMUST00000042261.4|ENSMUSG00000037490|Slc2a12	chr10	22703476	22704285	+	Slc2a12	809	41.41
N3592	460	ENSMUST00000040572.9|ENSMUSG00000039810|Zc3h10	chr10	128541962	128543784	-	Zc3h10	1822	45.44
N3593	4600	ENSMUST00000161308.7|ENSMUSG00000060743|H3f3a	chr1	180800831	180802754	-	H3f3a	1923	41.08
N3594	4601	ENSMUST00000038091.7|ENSMUSG00000038806|Sde2	chr1	180866769	180868113	+	Sde2	1344	39.73
N3595	4602	ENSMUST00000027802.8|ENSMUSG00000026520|Pycr2	chr1	180907840	180908088	+	Pycr2	248	50.81
N3596	4603	ENSMUST00000037361.8|ENSMUSG00000038793|Lefty1	chr1	180938158	180938400	+	Lefty1	242	48.35
N3597	4604	ENSMUST00000036928.11|ENSMUSG00000038776|Ephx1	chr1	180989553	180989630	-	Ephx1	77	36.36
N3598	4605	ENSMUST00000027797.8|ENSMUSG00000026516|Nvl	chr1	181087137	181093088	-	Nvl	5951	46.38
N3599	4606	ENSMUST00000134115.7|ENSMUSG00000062169|Cnih4	chr1	181166356	181168994	+	Cnih4	2638	45.03
N3600	4607	ENSMUST00000036329.11|ENSMUSG00000038733|Wdr26	chr1	181177096	181203023	-	Wdr26	25927	41.44
N3601	4608	ENSMUST00000027795.13|ENSMUSG00000026514|Cnih3	chr1	181459829	181460641	+	Cnih3	812	43.97
N3602	4609	ENSMUST00000005003.11|ENSMUSG00000004880|Lbr	chr1	181815334	181816670	-	Lbr	1336	33.01
N3603	461	ENSMUST00000177163.7|ENSMUSG00000093674|Rpl41	chr10	128548113	128548233	-	Rpl41	120	49.17
N3604	4610	ENSMUST00000193703.5|ENSMUSG00000022995|Enah	chr1	181896383	181903027	-	Enah	6644	42.67
N3605	4611	ENSMUST00000027792.5|ENSMUSG00000026511|Srp9	chr1	182131692	182132407	+	Srp9	715	40.28
N3606	4613	ENSMUST00000051431.9|ENSMUSG00000047539|Fbxo28	chr1	182313101	182315559	-	Fbxo28	2458	44.14
N3607	4614	ENSMUST00000117245.1|ENSMUSG00000026510|Trp53bp2	chr1	182462139	182462432	+	Trp53bp2	293	33.79
N3608	4615	ENSMUST00000068505.9|ENSMUSG00000026509|Capn2	chr1	182467259	182467558	-	Capn2	299	47.49
N3609	4616	ENSMUST00000085724.4|ENSMUSG00000038576|Susd4	chr1	182895519	182896591	+	Susd4	1072	49.81
N3610	4617	ENSMUST00000194327.5|ENSMUSG00000046836|Brox	chr1	183277067	183291833	-	Brox	14766	42.42
N3611	4618	ENSMUST00000109158.8|ENSMUSG00000056050|Mia3	chr1	183326724	183327005	-	Mia3	281	40.21
N3612	4619	ENSMUST00000195798.1|ENSMUSG00000072258|Taf1a	chr1	183409826	183410198	+	Taf1a	372	47.58
N3613	462	ENSMUST00000026425.12|ENSMUSG00000025364|Pa2g4	chr10	128557765	128558757	-	Pa2g4	992	44.96
N3614	4620	ENSMUST00000048655.7|ENSMUSG00000039384|Dusp10	chr1	184074939	184075636	+	Dusp10	697	43.33
N3615	4621	ENSMUST00000048572.6|ENSMUSG00000039377|Hlx	chr1	184727139	184727360	-	Hlx	221	47.51
N3616	4622	ENSMUST00000048462.12|ENSMUSG00000026621|Mtarc1	chr1	184786766	184787509	-	Mtarc1	743	42.93
N3617	4623	ENSMUST00000068725.9|ENSMUSG00000073481|Mtarc2	chr1	184813067	184819072	-	Mtarc2	6005	48.36
N3618	4624	ENSMUST00000048308.5|ENSMUSG00000039349|C130074G19Rik	chr1	184871925	184874038	-	C130074G19Rik	2113	51.96
N3619	4625	ENSMUST00000027929.9|ENSMUSG00000026620|Mark1	chr1	184896788	184898375	-	Mark1	1587	45.37
N3620	4626	ENSMUST00000069652.7|ENSMUSG00000039318|Rab3gap2	chr1	185284456	185286759	+	Rab3gap2	2303	41.25
N3621	4627	ENSMUST00000027921.10|ENSMUSG00000026618|Iars2	chr1	185284725	185286885	-	Iars2	2160	40.88
N3622	4629	ENSMUST00000191900.5|ENSMUSG00000026615|Eprs	chr1	185374273	185381831	+	Eprs	7558	40.74
N3623	463	ENSMUST00000054764.8|ENSMUSG00000049858|Suox	chr10	128669893	128670185	-	Suox	292	43.15
N3624	4630	ENSMUST00000238677.1|ENSMUSG00000026614|Slc30a10	chr1	185456493	185468762	+	Slc30a10	12269	45.33
N3625	4631	ENSMUST00000045388.7|ENSMUSG00000039246|Lyplal1	chr1	186087730	186088086	-	Lyplal1	356	32.3
N3626	4632	ENSMUST00000045288.13|ENSMUSG00000039239|Tgfb2	chr1	186622791	186624411	-	Tgfb2	1620	41.11
N3627	4633	ENSMUST00000180044.7|ENSMUSG00000037624|Kcnk2	chr1	189207936	189256567	-	Kcnk2	48631	43.87
N3628	4634	ENSMUST00000027897.7|ENSMUSG00000026603|Smyd2	chr1	189880491	189880637	-	Smyd2	146	50.68
N3629	4635	ENSMUST00000123384.7|ENSMUSG00000026634|Angel2	chr1	190945660	190946962	+	Angel2	1302	42.17
N3630	4636	ENSMUST00000166139.6|ENSMUSG00000037568|Vash2	chr1	190947645	190949951	-	Vash2	2306	45.58
N3631	4637	ENSMUST00000192666.1|ENSMUSG00000066595|Flvcr1	chr1	191005848	191013274	-	Flvcr1	7426	41.7
N3632	4638	ENSMUST00000085633.11|ENSMUSG00000026632|Tatdn3	chr1	191045837	191046068	-	Tatdn3	231	41.56
N3633	4639	ENSMUST00000027943.5|ENSMUSG00000026630|Batf3	chr1	191108781	191108943	+	Batf3	162	59.26
N3634	464	ENSMUST00000000727.3|ENSMUSG00000000711|Rab5b	chr10	128677174	128679240	-	Rab5b	2066	47.0
N3635	4640	ENSMUST00000027941.13|ENSMUSG00000026628|Atf3	chr1	191170295	191170596	-	Atf3	301	41.53
N3636	4641	ENSMUST00000027940.5|ENSMUSG00000026627|Pacc1	chr1	191350140	191350914	+	Pacc1	774	44.83
N3637	4642	ENSMUST00000194877.5|ENSMUSG00000037461|Ints7	chr1	191583361	191621646	+	Ints7	38285	43.11
N3638	4643	ENSMUST00000110855.7|ENSMUSG00000026623|Lpgat1	chr1	191779792	191784255	+	Lpgat1	4463	40.42
N3639	4644	ENSMUST00000027931.7|ENSMUSG00000026622|Nek2	chr1	191831505	191833050	+	Nek2	1545	47.31
N3640	4645	ENSMUST00000044954.6|ENSMUSG00000037434|Slc30a1	chr1	191909961	191913247	+	Slc30a1	3286	39.44
N3641	4646	ENSMUST00000192628.1|ENSMUSG00000026637|Traf5	chr1	191997204	191997281	-	Traf5	77	33.77
N3642	4647	ENSMUST00000151152.2|ENSMUSG00000058248|Kcnh1	chr1	192505949	192510159	+	Kcnh1	4210	49.55
N3643	4648	ENSMUST00000044190.11|ENSMUSG00000037375|Hhat	chr1	192512827	192513434	-	Hhat	607	42.01
N3644	465	ENSMUST00000026415.8|ENSMUSG00000025358|Cdk2	chr10	128697938	128698334	-	Cdk2	396	31.06
N3645	4650	ENSMUST00000160822.2|ENSMUSG00000079144|A130010J15Rik	chr1	193176142	193177832	+	A130010J15Rik	1690	40.41
N3646	4651	ENSMUST00000016338.14|ENSMUSG00000016194|Hsd11b1	chr1	193221633	193221862	-	Hsd11b1	229	31.44
N3647	4652	ENSMUST00000009777.3|ENSMUSG00000009633|G0s2	chr1	193272160	193272314	-	G0s2	154	28.57
N3648	4653	ENSMUST00000194036.1|ENSMUSG00000016494|Cd34	chr1	194949624	194958550	+	Cd34	8926	38.15
N3649	4654	ENSMUST00000193094.5|ENSMUSG00000016481|Cr1l	chr1	195097381	195098680	-	Cr1l	1299	43.03
N3650	4655	ENSMUST00000091505.10|ENSMUSG00000050530|Fam171a1	chr2	3225760	3227252	+	Fam171a1	1492	50.47
N3651	4656	ENSMUST00000081932.12|ENSMUSG00000026643|Nmt2	chr2	3326239	3328877	+	Nmt2	2638	39.76
N3652	4657	ENSMUST00000127540.1|ENSMUSG00000026646|Suv39h2	chr2	3457602	3464266	-	Suv39h2	6664	36.61
N3653	4658	ENSMUST00000226435.1|ENSMUSG00000026655|Fam107b	chr2	3779765	3782142	+	Fam107b	2377	41.02
N3654	4659	ENSMUST00000176803.7|ENSMUSG00000026657|Frmd4a	chr2	4529945	4560260	+	Frmd4a	30315	46.87
N3655	466	ENSMUST00000219834.1|ENSMUSG00000025357|Dgka	chr10	128720135	128729598	-	Dgka	9463	45.8
N3656	4660	ENSMUST00000035721.13|ENSMUSG00000039449|Prpf18	chr2	4622057	4622790	-	Prpf18	733	36.83
N3657	4661	ENSMUST00000056914.6|ENSMUSG00000048186|Bend7	chr2	4800201	4800925	+	Bend7	724	41.71
N3658	4662	ENSMUST00000027973.13|ENSMUSG00000026662|Sephs1	chr2	4908302	4910557	+	Sephs1	2255	43.02
N3659	4663	ENSMUST00000027975.7|ENSMUSG00000026664|Phyh	chr2	4938508	4938730	+	Phyh	222	30.63
N3660	4664	ENSMUST00000114996.7|ENSMUSG00000026672|Optn	chr2	5020641	5020938	-	Optn	297	43.1
N3661	4665	ENSMUST00000027988.7|ENSMUSG00000026676|Ccdc3	chr2	5229583	5230878	+	Ccdc3	1295	46.02
N3662	4666	ENSMUST00000044009.13|ENSMUSG00000039145|Camk1d	chr2	5293456	5295983	-	Camk1d	2527	43.09
N3663	4667	ENSMUST00000043864.8|ENSMUSG00000039128|Cdc123	chr2	5794293	5794705	-	Cdc123	412	47.09
N3664	4668	ENSMUST00000026927.9|ENSMUSG00000025817|Nudt5	chr2	5868568	5871895	+	Nudt5	3327	41.63
N3665	4669	ENSMUST00000060092.12|ENSMUSG00000043241|Upf2	chr2	6055590	6056703	+	Upf2	1113	41.15
N3666	467	ENSMUST00000218218.1|ENSMUSG00000064030|Pym1	chr10	128766254	128766564	+	Pym1	310	46.45
N3667	4670	ENSMUST00000114942.8|ENSMUSG00000045319|Proser2	chr2	6097606	6100179	-	Proser2	2573	40.38
N3668	4671	ENSMUST00000042658.4|ENSMUSG00000039063|Echdc3	chr2	6188464	6189039	-	Echdc3	575	43.13
N3669	4673	ENSMUST00000002176.12|ENSMUSG00000002107|Celf2	chr2	6539693	6543564	-	Celf2	3871	42.57
N3670	4674	ENSMUST00000026888.10|ENSMUSG00000025782|Taf3	chr2	9914551	9915773	-	Taf3	1222	35.52
N3671	4675	ENSMUST00000114896.7|ENSMUSG00000025781|Atp5c1	chr2	10056029	10056651	-	Atp5c1	622	43.73
N3672	4676	ENSMUST00000042512.7|ENSMUSG00000037262|Kin	chr2	10092665	10092806	+	Kin	141	27.66
N3673	4677	ENSMUST00000026886.7|ENSMUSG00000025780|Itih5	chr2	10251731	10256529	+	Itih5	4798	43.02
N3674	4678	ENSMUST00000028118.8|ENSMUSG00000026778|Prkcq	chr2	11300576	11301222	+	Prkcq	646	45.05
N3675	4679	ENSMUST00000195779.5|ENSMUSG00000026773|Pfkfb3	chr2	11471825	11481870	-	Pfkfb3	10045	49.34
N3676	468	ENSMUST00000026411.7|ENSMUSG00000025355|Mmp19	chr10	128799280	128800824	+	Mmp19	1544	45.6
N3677	4680	ENSMUST00000148748.7|ENSMUSG00000023206|Il15ra	chr2	11730763	11733982	+	Il15ra	3219	41.01
N3678	4682	ENSMUST00000156067.7|ENSMUSG00000047909|Ankrd16	chr2	11784452	11790325	+	Ankrd16	5873	42.11
N3679	4683	ENSMUST00000129489.7|ENSMUSG00000026767|Mindy3	chr2	12347262	12403980	-	Mindy3	56718	39.07
N3680	4685	ENSMUST00000061545.6|ENSMUSG00000049630|C1ql3	chr2	13003456	13003954	-	C1ql3	498	35.94
N3681	4686	ENSMUST00000193675.1|ENSMUSG00000026728|Vim	chr2	13582644	13582825	+	Vim	181	31.49
N3682	4687	ENSMUST00000003509.9|ENSMUSG00000003418|St8sia6	chr2	13651020	13655175	-	St8sia6	4155	35.91
N3683	4688	ENSMUST00000131730.6|ENSMUSG00000063275|Hacd1	chr2	13850281	14035674	-	Hacd1	185393	39.88
N3684	4689	ENSMUST00000193636.5|ENSMUSG00000026718|Stam	chr2	14117564	14147540	+	Stam	29976	39.67
N3685	469	ENSMUST00000139227.1|ENSMUSG00000047090|Tmem198b	chr10	128800840	128801935	-	Tmem198b	1095	51.78
N3686	4690	ENSMUST00000082290.7|ENSMUSG00000036949|Slc39a12	chr2	14494746	14494977	+	Slc39a12	231	25.54
N3687	4691	ENSMUST00000114713.1|ENSMUSG00000026707|Nsun6	chr2	15036434	15038042	-	Nsun6	1608	36.32
N3688	4692	ENSMUST00000129509.2|ENSMUSG00000017418|Arl5b	chr2	15070018	15076605	+	Arl5b	6587	38.14
N3689	4693	ENSMUST00000028081.12|ENSMUSG00000026748|Plxdc2	chr2	16751521	16755839	+	Plxdc2	4318	36.85
N3690	4694	ENSMUST00000028080.11|ENSMUSG00000053702|Nebl	chr2	17343908	17347277	-	Nebl	3369	36.66
N3691	4695	ENSMUST00000066163.2|ENSMUSG00000054057|A930004D18Rik	chr2	18025192	18025911	-	A930004D18Rik	719	39.08
N3692	4696	ENSMUST00000114671.7|ENSMUSG00000026743|Mllt10	chr2	18210966	18212388	+	Mllt10	1422	37.13
N3693	4697	ENSMUST00000163130.7|ENSMUSG00000026740|Dnajc1	chr2	18217134	18308783	-	Dnajc1	91649	38.9
N3694	4699	ENSMUST00000028071.12|ENSMUSG00000026739|Bmi1	chr2	18685834	18686629	+	Bmi1	795	32.2
N3695	47	ENSMUST00000127698.7|ENSMUSG00000071359|Tbpl1	chr10	22703878	22705526	-	Tbpl1	1648	40.84
N3696	470	ENSMUST00000026410.1|ENSMUSG00000025354|Dnajc14	chr10	128817808	128819446	+	Dnajc14	1638	39.5
N3697	4700	ENSMUST00000006912.11|ENSMUSG00000026737|Pip4k2a	chr2	18842254	18844216	-	Pip4k2a	1962	42.1
N3698	4701	ENSMUST00000023856.8|ENSMUSG00000023094|Msrb2	chr2	19394657	19394976	+	Msrb2	319	42.32
N3699	4702	ENSMUST00000052168.5|ENSMUSG00000043415|Otud1	chr2	19659701	19660583	+	Otud1	882	32.77
N3700	4703	ENSMUST00000054591.9|ENSMUSG00000048550|Thnsl1	chr2	21214405	21215009	+	Thnsl1	604	38.08
N3701	4704	ENSMUST00000028123.3|ENSMUSG00000026787|Gad2	chr2	22690531	22693874	+	Gad2	3343	39.34
N3702	4705	ENSMUST00000126112.7|ENSMUSG00000058835|Abi1	chr2	22940072	22941373	-	Abi1	1301	31.9
N3703	4706	ENSMUST00000228050.1|ENSMUSG00000026781|Acbd5	chr2	23114308	23115558	+	Acbd5	1250	38.8
N3704	4707	ENSMUST00000028117.3|ENSMUSG00000026775|Yme1l1	chr2	23197316	23199260	+	Yme1l1	1944	33.59
N3705	4708	ENSMUST00000051416.11|ENSMUSG00000026986|Hnmt	chr2	24002909	24003230	-	Hnmt	321	37.07
N3706	4709	ENSMUST00000114487.8|ENSMUSG00000026981|Il1rn	chr2	24350619	24351494	+	Il1rn	875	43.66
N3707	471	ENSMUST00000026409.4|ENSMUSG00000025353|Ormdl2	chr10	128817901	128818620	-	Ormdl2	719	38.11
N3708	4710	ENSMUST00000102942.7|ENSMUSG00000026979|Psd4	chr2	24408561	24414954	+	Psd4	6393	47.74
N3709	4711	ENSMUST00000200655.4|ENSMUSG00000036893|Ehmt1	chr2	24823320	24884145	-	Ehmt1	60825	42.01
N3710	4713	ENSMUST00000028350.8|ENSMUSG00000026974|Zmynd19	chr2	24959275	24962075	+	Zmynd19	2800	46.21
N3711	4714	ENSMUST00000144520.7|ENSMUSG00000006476|Nsmf	chr2	25060725	25062628	+	Nsmf	1903	56.7
N3712	4715	ENSMUST00000104999.3|ENSMUSG00000078202|Nrarp	chr2	25181979	25183339	+	Nrarp	1360	44.34
N3713	4716	ENSMUST00000081869.6|ENSMUSG00000059555|Tor4a	chr2	25192965	25194460	-	Tor4a	1495	52.31
N3714	4718	ENSMUST00000228627.2|ENSMUSG00000115018|Ndor1	chr2	25244818	25245189	-	Ndor1	371	48.79
N3715	4719	ENSMUST00000148589.8|ENSMUSG00000006471|Ndor1	chr2	25247427	25254259	-	Ndor1	6832	50.89
N3716	472	ENSMUST00000153731.7|ENSMUSG00000090247|Bloc1s1	chr10	128917881	128917970	-	Bloc1s1	89	60.67
N3717	4720	ENSMUST00000228052.1|ENSMUSG00000115074|Ndor1	chr2	25244862	25245190	-	Ndor1	328	48.78
N3718	4721	ENSMUST00000104998.4|ENSMUSG00000078201|Tmem203	chr2	25256228	25256292	+	Tmem203	64	26.56
N3719	4722	ENSMUST00000114336.3|ENSMUSG00000048707|Tprn	chr2	25269573	25269885	+	Tprn	312	49.68
N3720	4723	ENSMUST00000028342.6|ENSMUSG00000026966|Ssna1	chr2	25271038	25271276	-	Ssna1	238	50.0
N3721	4724	ENSMUST00000028341.10|ENSMUSG00000026965|Anapc2	chr2	25285611	25285915	+	Anapc2	304	47.7
N3722	4725	ENSMUST00000042390.4|ENSMUSG00000036646|Man1b1	chr2	25351068	25352212	+	Man1b1	1144	52.01
N3723	4726	ENSMUST00000102925.3|ENSMUSG00000026956|Uap1l1	chr2	25359888	25361498	-	Uap1l1	1610	49.19
N3724	4727	ENSMUST00000028328.2|ENSMUSG00000015085|Entpd2	chr2	25401121	25401321	+	Entpd2	200	48.0
N3725	4728	ENSMUST00000071442.11|ENSMUSG00000015094|Npdc1	chr2	25409339	25409494	+	Npdc1	155	57.42
N3726	4729	ENSMUST00000102919.3|ENSMUSG00000026944|Abca2	chr2	25448264	25448540	+	Abca2	276	56.88
N3727	4730	ENSMUST00000114259.2|ENSMUSG00000015090|Ptgds	chr2	25466708	25467177	-	Ptgds	469	54.37
N3728	4731	ENSMUST00000015239.9|ENSMUSG00000015095|Fbxw5	chr2	25505253	25505471	+	Fbxw5	218	55.05
N3729	4733	ENSMUST00000114217.2|ENSMUSG00000029419|Ajm1	chr2	25575415	25576795	-	Ajm1	1380	56.74
N3730	4734	ENSMUST00000058137.8|ENSMUSG00000015087|Rabl6	chr2	25583017	25583265	-	Rabl6	248	57.26
N3731	4735	ENSMUST00000028308.10|ENSMUSG00000026939|Tmem141	chr2	25620066	25620290	-	Tmem141	224	49.55
N3732	4737	ENSMUST00000143977.7|ENSMUSG00000026933|Camsap1	chr2	25928530	25937945	-	Camsap1	9415	45.8
N3733	4738	ENSMUST00000036509.13|ENSMUSG00000036352|Ubac1	chr2	25998542	25998763	-	Ubac1	221	42.08
N3734	4739	ENSMUST00000114159.8|ENSMUSG00000026932|Nacc2	chr2	26055534	26059365	-	Nacc2	3831	50.61
N3735	474	ENSMUST00000132893.7|ENSMUSG00000023764|Sfi1	chr11	3131888	3144787	-	Sfi1	12899	50.39
N3736	4740	ENSMUST00000091263.11|ENSMUSG00000036327|Qsox2	chr2	26208636	26209327	-	Qsox2	691	41.97
N3737	4741	ENSMUST00000066936.8|ENSMUSG00000026930|Gpsm1	chr2	26347874	26348237	+	Gpsm1	363	51.79
N3738	4742	ENSMUST00000028295.8|ENSMUSG00000075467|Dnlz	chr2	26348120	26350256	-	Dnlz	2136	54.54
N3739	4744	ENSMUST00000076431.12|ENSMUSG00000026926|Pmpca	chr2	26395863	26397122	+	Pmpca	1259	44.0
N3740	4745	ENSMUST00000145701.7|ENSMUSG00000026925|Inpp5e	chr2	26396248	26397690	-	Inpp5e	1442	45.91
N3741	4746	ENSMUST00000156442.7|ENSMUSG00000026924|Sec16a	chr2	26409430	26410736	-	Sec16a	1306	47.01
N3742	4747	ENSMUST00000028288.4|ENSMUSG00000026923|Notch1	chr2	26457902	26459291	-	Notch1	1389	47.08
N3743	4748	ENSMUST00000139801.8|ENSMUSG00000026921|Egfl7	chr2	26592596	26593120	+	Egfl7	524	53.24
N3744	475	ENSMUST00000132159.1|ENSMUSG00000020457|Drg1	chr11	3259326	3262438	-	Drg1	3112	42.54
N3745	4750	ENSMUST00000047632.13|ENSMUSG00000036160|Surf6	chr2	26890434	26891036	-	Surf6	602	42.52
N3746	4753	ENSMUST00000015017.7|ENSMUSG00000014873|Surf2	chr2	26919961	26920183	+	Surf2	222	37.84
N3747	4754	ENSMUST00000153641.7|ENSMUSG00000014867|Surf4	chr2	26921961	26924344	-	Surf4	2383	44.86
N3748	4755	ENSMUST00000064244.10|ENSMUSG00000052406|Rexo4	chr2	26953562	26953918	-	Rexo4	356	48.88
N3749	4757	ENSMUST00000102890.10|ENSMUSG00000036067|Slc2a6	chr2	27021362	27021651	-	Slc2a6	289	53.29
N3750	4758	ENSMUST00000091233.6|ENSMUSG00000036040|Adamtsl2	chr2	27108702	27108981	+	Adamtsl2	279	56.27
N3751	4759	ENSMUST00000151224.2|ENSMUSG00000009216|Fam163b	chr2	27110379	27112010	-	Fam163b	1631	53.1
N3752	476	ENSMUST00000110049.7|ENSMUSG00000020454|Eif4enif1	chr11	3244325	3244588	+	Eif4enif1	263	32.32
N3753	4760	ENSMUST00000102886.9|ENSMUSG00000009614|Sardh	chr2	27188392	27188766	-	Sardh	374	51.6
N3754	4761	ENSMUST00000185188.7|ENSMUSG00000009621|Vav2	chr2	27262103	27267148	-	Vav2	5045	48.9
N3755	4762	ENSMUST00000209765.1|ENSMUSG00000109946|Brd3os	chr2	27443939	27444221	+	Brd3os	282	52.84
N3756	4763	ENSMUST00000028282.14|ENSMUSG00000026918|Brd3	chr2	27445578	27448059	-	Brd3	2481	45.3
N3757	4765	ENSMUST00000077257.11|ENSMUSG00000015846|Rxra	chr2	27759960	27762957	+	Rxra	2997	53.99
N3758	4766	ENSMUST00000028280.13|ENSMUSG00000026837|Col5a1	chr2	28037320	28039514	+	Col5a1	2194	47.22
N3759	4768	ENSMUST00000086370.10|ENSMUSG00000026831|1700007K13Rik	chr2	28462000	28462097	-	1700007K13Rik	97	44.33
N3760	4769	ENSMUST00000038600.3|ENSMUSG00000035772|Mrps2	chr2	28470407	28471178	+	Mrps2	771	42.41
N3761	477	ENSMUST00000134089.7|ENSMUSG00000020453|Patz1	chr11	3308667	3309083	+	Patz1	416	39.66
N3762	4770	ENSMUST00000137215.2|ENSMUSG00000026821|Ralgds	chr2	28544386	28545076	+	Ralgds	690	55.65
N3763	4771	ENSMUST00000133565.7|ENSMUSG00000026812|Tsc1	chr2	28676558	28688548	+	Tsc1	11990	49.3
N3764	4772	ENSMUST00000171404.7|ENSMUSG00000035666|Gtf3c4	chr2	28822298	28826235	-	Gtf3c4	3937	44.96
N3765	4773	ENSMUST00000113853.2|ENSMUSG00000026806|Ddx31	chr2	28905055	28905571	+	Ddx31	516	45.54
N3766	4774	ENSMUST00000100237.3|ENSMUSG00000026803|Ttf1	chr2	29086838	29087656	+	Ttf1	818	41.32
N3767	4775	ENSMUST00000102872.10|ENSMUSG00000039844|Rapgef1	chr2	29740246	29740978	+	Rapgef1	732	51.37
N3768	4776	ENSMUST00000156846.7|ENSMUSG00000039826|Trub2	chr2	29774683	29782003	-	Trub2	7320	49.34
N3769	4777	ENSMUST00000143616.7|ENSMUSG00000026798|Coq4	chr2	29796929	29797935	+	Coq4	1006	46.92
N3770	4778	ENSMUST00000080065.2|ENSMUSG00000059316|Slc27a4	chr2	29816263	29817522	+	Slc27a4	1259	52.03
N3771	4779	ENSMUST00000091142.3|ENSMUSG00000069020|Urm1	chr2	29843687	29845002	+	Urm1	1315	53.61
N3772	478	ENSMUST00000045153.10|ENSMUSG00000034614|Pik3ip1	chr11	3341945	3342971	+	Pik3ip1	1026	47.86
N3773	4780	ENSMUST00000047521.6|ENSMUSG00000039787|Cercam	chr2	29882376	29882840	+	Cercam	464	53.66
N3774	4781	ENSMUST00000184845.7|ENSMUSG00000026790|Odf2	chr2	29926829	29931095	+	Odf2	4266	45.26
N3775	4782	ENSMUST00000019859.8|ENSMUSG00000019715|Gle1	chr2	29959176	29960371	+	Gle1	1195	45.94
N3776	4783	ENSMUST00000113717.7|ENSMUSG00000057738|Sptan1	chr2	30031251	30031451	+	Sptan1	200	46.5
N3777	4784	ENSMUST00000102866.9|ENSMUSG00000054766|Set	chr2	30071265	30072577	+	Set	1312	41.08
N3778	4785	ENSMUST00000045246.7|ENSMUSG00000026785|Pkn3	chr2	30090883	30091019	+	Pkn3	136	49.26
N3779	4786	ENSMUST00000102865.10|ENSMUSG00000015335|Zdhhc12	chr2	30090943	30091096	-	Zdhhc12	153	42.48
N3780	4787	ENSMUST00000044751.13|ENSMUSG00000039686|Zer1	chr2	30097282	30098637	-	Zer1	1355	56.83
N3781	4789	ENSMUST00000044038.9|ENSMUSG00000039648|Kyat1	chr2	30185123	30185355	-	Kyat1	232	50.86
N3782	479	ENSMUST00000110029.8|ENSMUSG00000020451|Limk2	chr11	3344255	3344770	-	Limk2	515	49.13
N3783	4790	ENSMUST00000100215.10|ENSMUSG00000026860|Sh3glb2	chr2	30344808	30345073	-	Sh3glb2	265	53.96
N3784	4792	ENSMUST00000065134.3|ENSMUSG00000089762|Ier5l	chr2	30471536	30472642	-	Ier5l	1106	54.16
N3785	4793	ENSMUST00000102853.3|ENSMUSG00000047363|Cstad	chr2	30608658	30608943	+	Cstad	285	45.61
N3786	4794	ENSMUST00000050003.8|ENSMUSG00000044320|1700001O22Rik	chr2	30795300	30795546	-	1700001O22Rik	246	56.5
N3787	4795	ENSMUST00000138889.7|ENSMUSG00000026857|Ntmt1	chr2	30820711	30823017	+	Ntmt1	2306	53.38
N3788	4796	ENSMUST00000041659.6|ENSMUSG00000039476|Prrx2	chr2	30881078	30881251	+	Prrx2	173	53.18
N3789	4797	ENSMUST00000102852.5|ENSMUSG00000050737|Ptges	chr2	30889470	30891941	-	Ptges	2471	51.48
N3790	4798	ENSMUST00000156711.7|ENSMUSG00000026848|Tor1b	chr2	30955990	30959012	+	Tor1b	3022	50.4
N3791	48	ENSMUST00000218142.1|ENSMUSG00000061983|Rps12	chr10	23785182	23785575	-	Rps12	393	36.39
N3792	4801	ENSMUST00000102849.10|ENSMUSG00000026854|Usp20	chr2	31022474	31023586	+	Usp20	1112	48.65
N3793	4802	ENSMUST00000073879.11|ENSMUSG00000075415|Fnbp1	chr2	31026205	31029842	-	Fnbp1	3637	51.11
N3794	4803	ENSMUST00000056433.6|ENSMUSG00000000194|Gpr107	chr2	31216326	31218775	+	Gpr107	2449	51.25
N3795	4804	ENSMUST00000150670.1|ENSMUSG00000062661|Ncs1	chr2	31287403	31292319	+	Ncs1	4916	47.7
N3796	4805	ENSMUST00000102840.4|ENSMUSG00000076441|Ass1	chr2	31520565	31520672	+	Ass1	107	65.42
N3797	4806	ENSMUST00000154050.2|ENSMUSG00000026843|Fubp3	chr2	31595321	31598548	+	Fubp3	3227	48.74
N3798	4807	ENSMUST00000028187.6|ENSMUSG00000026840|Lamc3	chr2	31945562	31946539	+	Lamc3	977	52.2
N3799	4808	ENSMUST00000001920.12|ENSMUSG00000001864|Aif1l	chr2	31971668	31973442	+	Aif1l	1774	48.42
N3800	4809	ENSMUST00000138012.1|ENSMUSG00000001855|Nup214	chr2	32052300	32053975	+	Nup214	1675	52.0
N3801	481	ENSMUST00000110018.7|ENSMUSG00000034570|Inpp5j	chr11	3494381	3499596	-	Inpp5j	5215	49.24
N3802	4810	ENSMUST00000002625.14|ENSMUSG00000002550|Uck1	chr2	32255001	32255305	-	Uck1	304	48.68
N3803	4811	ENSMUST00000113397.8|ENSMUSG00000044627|Swi5	chr2	32278815	32280637	-	Swi5	1822	48.13
N3804	4812	ENSMUST00000239447.1|ENSMUSG00000002546|Golga2	chr2	32307607	32307921	+	Golga2	314	49.04
N3805	4813	ENSMUST00000131152.6|ENSMUSG00000039205|Ciz1	chr2	32367532	32370323	+	Ciz1	2791	44.54
N3806	4814	ENSMUST00000146423.1|ENSMUSG00000039195|1110008P14Rik	chr2	32377096	32379231	-	1110008P14Rik	2135	55.55
N3807	4815	ENSMUST00000050785.13|ENSMUSG00000026822|Lcn2	chr2	32384632	32384716	-	Lcn2	84	44.05
N3808	4816	ENSMUST00000028162.4|ENSMUSG00000026820|Ptges2	chr2	32402571	32405772	+	Ptges2	3201	51.92
N3809	4817	ENSMUST00000052119.13|ENSMUSG00000026819|Slc25a25	chr2	32414486	32415155	-	Slc25a25	669	48.13
N3810	4818	ENSMUST00000048431.2|ENSMUSG00000039164|Naif1	chr2	32456052	32456953	+	Naif1	901	49.94
N3811	4819	ENSMUST00000048375.5|ENSMUSG00000039157|Fam102a	chr2	32567588	32569756	+	Fam102a	2168	53.78
N3812	482	ENSMUST00000020718.9|ENSMUSG00000020439|Smtn	chr11	3517522	3520623	-	Smtn	3101	51.82
N3813	4820	ENSMUST00000102818.10|ENSMUSG00000079442|St6galnac4	chr2	32597515	32599698	+	St6galnac4	2183	53.23
N3814	4821	ENSMUST00000183538.7|ENSMUSG00000026811|St6galnac6	chr2	32618667	32620806	+	St6galnac6	2139	53.58
N3815	4822	ENSMUST00000113278.8|ENSMUSG00000026817|Ak1	chr2	32634136	32635058	+	Ak1	922	52.17
N3816	4823	ENSMUST00000167841.7|ENSMUSG00000026814|Eng	chr2	32681927	32682669	+	Eng	742	53.77
N3817	4824	ENSMUST00000146498.7|ENSMUSG00000009566|Fpgs	chr2	32686848	32687144	-	Fpgs	296	59.8
N3818	4825	ENSMUST00000123170.7|ENSMUSG00000009555|Cdk9	chr2	32707848	32709466	-	Cdk9	1618	51.36
N3819	4826	ENSMUST00000113242.4|ENSMUSG00000059013|Sh2d3c	chr2	32754809	32755512	+	Sh2d3c	703	52.06
N3820	4827	ENSMUST00000156617.7|ENSMUSG00000009563|Tor2a	chr2	32758975	32761730	+	Tor2a	2755	54.48
N3821	4828	ENSMUST00000066352.5|ENSMUSG00000053746|Ptrh1	chr2	32777452	32777597	+	Ptrh1	145	50.34
N3822	4829	ENSMUST00000028135.14|ENSMUSG00000026796|Fam129b	chr2	32924174	32925254	+	Fam129b	1080	55.74
N3823	483	ENSMUST00000096441.4|ENSMUSG00000034543|Morc2a	chr11	3689251	3690477	+	Morc2a	1226	46.82
N3824	4830	ENSMUST00000102811.9|ENSMUSG00000038900|Rpl12	chr2	32962744	32964043	+	Rpl12	1299	49.88
N3825	4831	ENSMUST00000194066.5|ENSMUSG00000026791|Slc2a8	chr2	32973584	32974837	-	Slc2a8	1253	55.71
N3826	4833	ENSMUST00000004208.6|ENSMUSG00000004105|Angptl2	chr2	33247317	33247717	+	Angptl2	400	47.75
N3827	4834	ENSMUST00000095035.2|ENSMUSG00000026788|Zbtb43	chr2	33450286	33452303	-	Zbtb43	2017	45.46
N3828	4835	ENSMUST00000041555.9|ENSMUSG00000038740|Mvb12b	chr2	33729952	33733296	-	Mvb12b	3344	55.35
N3829	4836	ENSMUST00000153278.7|ENSMUSG00000038718|Pbx3	chr2	34172880	34213251	-	Pbx3	40371	41.18
N3830	4837	ENSMUST00000138203.1|ENSMUSG00000026867|Gapvd1	chr2	34677893	34681521	-	Gapvd1	3628	47.08
N3831	4838	ENSMUST00000028222.12|ENSMUSG00000026864|Hspa5	chr2	34776310	34777547	+	Hspa5	1237	39.37
N3832	4839	ENSMUST00000047963.6|ENSMUSG00000070953|Rabepk	chr2	34779427	34784545	-	Rabepk	5118	45.76
N3833	484	ENSMUST00000102950.9|ENSMUSG00000020435|Osbp2	chr11	3703730	3704867	-	Osbp2	1137	49.87
N3834	4840	ENSMUST00000028225.11|ENSMUSG00000026869|Psmd5	chr2	34849733	34852314	-	Psmd5	2581	42.27
N3835	4841	ENSMUST00000028228.5|ENSMUSG00000026870|Cutal	chr2	34890579	34892132	+	Cutal	1553	45.59
N3836	4842	ENSMUST00000172159.7|ENSMUSG00000026875|Traf1	chr2	34941749	34943528	-	Traf1	1779	51.32
N3837	4843	ENSMUST00000028238.14|ENSMUSG00000026878|Rab14	chr2	35180204	35181750	-	Rab14	1546	37.0
N3838	4844	ENSMUST00000028239.7|ENSMUSG00000026879|Gsn	chr2	35307814	35307892	+	Gsn	78	39.74
N3839	4845	ENSMUST00000028241.6|ENSMUSG00000026880|Stom	chr2	35313985	35315072	-	Stom	1087	44.89
N3840	4846	ENSMUST00000079424.10|ENSMUSG00000035778|Ggta1	chr2	35400178	35401946	-	Ggta1	1768	44.17
N3841	4847	ENSMUST00000145698.7|ENSMUSG00000026883|Dab2ip	chr2	35661770	35730992	+	Dab2ip	69222	52.01
N3842	4848	ENSMUST00000161970.7|ENSMUSG00000026885|Ttll11	chr2	35751661	35902569	-	Ttll11	150908	47.24
N3843	4849	ENSMUST00000112961.9|ENSMUSG00000026890|Lhx6	chr2	36081952	36083785	-	Lhx6	1833	48.77
N3844	485	ENSMUST00000055931.4|ENSMUSG00000047205|Dusp18	chr11	3899088	3901296	+	Dusp18	2208	44.75
N3845	4850	ENSMUST00000200733.3|ENSMUSG00000026889|Rbm18	chr2	36117592	36127052	-	Rbm18	9460	43.2
N3846	4851	ENSMUST00000028250.8|ENSMUSG00000026887|Mrrf	chr2	36189386	36190647	+	Mrrf	1261	45.92
N3847	4852	ENSMUST00000062069.5|ENSMUSG00000047250|Ptgs1	chr2	36251619	36252272	+	Ptgs1	653	42.57
N3848	4853	ENSMUST00000125619.6|ENSMUSG00000075376|Rc3h2	chr2	37373137	37389548	-	Rc3h2	16411	35.2
N3849	4854	ENSMUST00000053098.5|ENSMUSG00000066798|Zbtb6	chr2	37425499	37428494	-	Zbtb6	2995	35.79
N3850	4855	ENSMUST00000183690.7|ENSMUSG00000026915|Strbp	chr2	37483227	37563435	-	Strbp	80208	39.1
N3851	4856	ENSMUST00000140552.7|ENSMUSG00000035392|Dennd1a	chr2	37816915	38126488	-	Dennd1a	309573	42.65
N3852	4857	ENSMUST00000054234.9|ENSMUSG00000026749|Nek6	chr2	38586340	38594606	+	Nek6	8266	46.09
N3853	4858	ENSMUST00000057279.5|ENSMUSG00000046618|Olfml2a	chr2	38961310	38963753	+	Olfml2a	2443	45.97
N3854	4859	ENSMUST00000090993.7|ENSMUSG00000026755|Arpc5l	chr2	39013899	39015393	+	Arpc5l	1494	43.91
N3855	486	ENSMUST00000109995.1|ENSMUSG00000048807|Slc35e4	chr11	3907020	3907270	-	Slc35e4	250	53.6
N3856	4860	ENSMUST00000153914.7|ENSMUSG00000026754|Golga1	chr2	39016502	39041193	-	Golga1	24691	43.6
N3857	4861	ENSMUST00000204257.2|ENSMUSG00000026753|Ppp6c	chr2	39196733	39199662	-	Ppp6c	2929	36.05
N3858	4862	ENSMUST00000176438.8|ENSMUSG00000026872|Zeb2	chr2	44983631	44987263	-	Zeb2	3632	33.59
N3859	4863	ENSMUST00000063886.3|ENSMUSG00000052155|Acvr2a	chr2	48900161	48903269	+	Acvr2a	3108	33.37
N3860	4864	ENSMUST00000028098.10|ENSMUSG00000026761|Orc4	chr2	48902823	48905262	-	Orc4	2439	35.34
N3861	4865	ENSMUST00000092123.10|ENSMUSG00000069495|Epc2	chr2	49551040	49551948	+	Epc2	908	36.89
N3862	4866	ENSMUST00000028102.13|ENSMUSG00000026764|Kif5c	chr2	49759064	49774778	+	Kif5c	15714	45.56
N3863	4868	ENSMUST00000112712.9|ENSMUSG00000050447|Lypd6	chr2	50192559	50193569	+	Lypd6	1010	40.59
N3864	4869	ENSMUST00000102769.10|ENSMUSG00000026766|Mmadhc	chr2	50279880	50280059	-	Mmadhc	179	35.75
N3865	4870	ENSMUST00000102767.7|ENSMUSG00000036249|Rbm43	chr2	51924447	51924736	-	Rbm43	289	44.29
N3866	4871	ENSMUST00000065927.5|ENSMUSG00000053475|Tnfaip6	chr2	52056286	52056686	+	Tnfaip6	400	26.75
N3867	4872	ENSMUST00000036541.7|ENSMUSG00000036093|Arl5a	chr2	52397950	52401766	-	Arl5a	3816	37.42
N3868	4873	ENSMUST00000178799.7|ENSMUSG00000017412|Cacnb4	chr2	52428319	52434197	-	Cacnb4	5878	35.68
N3869	4874	ENSMUST00000028336.6|ENSMUSG00000026960|Arl6ip6	chr2	53218240	53219220	+	Arl6ip6	980	31.43
N3870	4876	ENSMUST00000183542.7|ENSMUSG00000026826|Nr4a2	chr2	57106829	57107860	-	Nr4a2	1031	32.2
N3871	4878	ENSMUST00000090940.5|ENSMUSG00000026830|Ermn	chr2	58045112	58047034	-	Ermn	1922	34.03
N3872	4879	ENSMUST00000028175.6|ENSMUSG00000026832|Cytip	chr2	58129136	58132912	-	Cytip	3776	40.31
N3873	488	ENSMUST00000109985.7|ENSMUSG00000020430|Pes1	chr11	3979081	3980004	+	Pes1	923	44.42
N3874	4881	ENSMUST00000226455.1|ENSMUSG00000036641|Ccdc148	chr2	58821069	58821860	-	Ccdc148	791	40.83
N3875	4882	ENSMUST00000037526.10|ENSMUSG00000035168|Tanc1	chr2	59845487	59846149	+	Tanc1	662	43.2
N3876	4883	ENSMUST00000028368.13|ENSMUSG00000026988|Wdsub1	chr2	59852363	59852643	-	Wdsub1	280	33.93
N3877	4884	ENSMUST00000112550.7|ENSMUSG00000026987|Baz2b	chr2	59899362	59899756	-	Baz2b	394	33.5
N3878	4885	ENSMUST00000102748.10|ENSMUSG00000026977|Marchf7	chr2	60248891	60249211	+	Marchf7	320	33.12
N3879	4887	ENSMUST00000112525.4|ENSMUSG00000054580|Pla2r1	chr2	60417542	60419390	-	Pla2r1	1848	40.04
N3880	4888	ENSMUST00000028347.12|ENSMUSG00000026970|Rbms1	chr2	60750192	60752420	-	Rbms1	2228	37.84
N3881	4889	ENSMUST00000028278.13|ENSMUSG00000026914|Psmd14	chr2	61800228	61800376	+	Psmd14	148	39.19
N3882	489	ENSMUST00000078757.7|ENSMUSG00000049721|Gal3st1	chr11	3999214	3999326	+	Gal3st1	112	39.29
N3883	4890	ENSMUST00000047812.7|ENSMUSG00000035000|Dpp4	chr2	62330072	62332018	-	Dpp4	1946	36.49
N3884	4891	ENSMUST00000028259.11|ENSMUSG00000026896|Ifih1	chr2	62595797	62597636	-	Ifih1	1839	38.01
N3885	4892	ENSMUST00000028257.2|ENSMUSG00000026893|Gca	chr2	62692686	62694109	+	Gca	1423	30.57
N3886	4893	ENSMUST00000150643.7|ENSMUSG00000026888|Grb14	chr2	64912475	64912690	-	Grb14	215	31.63
N3887	4894	ENSMUST00000112429.8|ENSMUSG00000034903|Cobll1	chr2	65088338	65089261	-	Cobll1	923	32.83
N3888	4895	ENSMUST00000127623.7|ENSMUSG00000061171|Slc38a11	chr2	65316429	65316621	-	Slc38a11	192	25.52
N3889	4896	ENSMUST00000102718.9|ENSMUSG00000034848|Ttc21b	chr2	66184326	66184515	-	Ttc21b	189	21.69
N3890	4897	ENSMUST00000042792.6|ENSMUSG00000034810|Scn7a	chr2	66673424	66674849	-	Scn7a	1425	33.61
N3891	4898	ENSMUST00000112346.2|ENSMUSG00000034780|B3galt1	chr2	68120231	68122689	+	B3galt1	2458	38.08
N3892	49	ENSMUST00000127841.1|ENSMUSG00000037455|Slc18b1	chr10	23816503	23819081	+	Slc18b1	2578	44.84
N3893	490	ENSMUST00000004868.5|ENSMUSG00000004748|Mtfp1	chr11	4091479	4091990	-	Mtfp1	511	47.75
N3894	4900	ENSMUST00000028426.8|ENSMUSG00000027035|Cers6	chr2	69109572	69114282	+	Cers6	4710	43.14
N3895	4901	ENSMUST00000041865.7|ENSMUSG00000034738|Nostrin	chr2	69189281	69189330	+	Nostrin	49	44.9
N3896	4902	ENSMUST00000112320.7|ENSMUSG00000005233|Spc25	chr2	69193894	69194153	-	Spc25	259	39.0
N3897	4903	ENSMUST00000134659.7|ENSMUSG00000063145|Bbs5	chr2	69655655	69667318	+	Bbs5	11663	43.0
N3898	4904	ENSMUST00000090858.9|ENSMUSG00000042133|Ppig	chr2	69750530	69754012	+	Ppig	3482	32.97
N3899	4905	ENSMUST00000028494.8|ENSMUSG00000027088|Phospho2	chr2	69796850	69797223	+	Phospho2	373	45.84
N3900	4906	ENSMUST00000053087.3|ENSMUSG00000042155|Klhl23	chr2	69835870	69836651	+	Klhl23	781	40.85
N3901	4907	ENSMUST00000132186.7|ENSMUSG00000068882|Ssb	chr2	69870833	69871510	+	Ssb	677	32.79
N3902	4908	ENSMUST00000142127.7|ENSMUSG00000051730|Mettl5	chr2	69871213	69873764	-	Mettl5	2551	38.18
N3903	491	ENSMUST00000003681.7|ENSMUSG00000003585|Sec14l2	chr11	4097038	4098127	-	Sec14l2	1089	54.09
N3904	4910	ENSMUST00000100043.2|ENSMUSG00000075304|Sp5	chr2	70477516	70477729	+	Sp5	213	38.03
N3905	4911	ENSMUST00000038584.8|ENSMUSG00000041997|Tlk1	chr2	70712406	70713840	-	Tlk1	1434	38.7
N3906	4912	ENSMUST00000112167.8|ENSMUSG00000041966|Dcaf17	chr2	71075536	71090278	+	Dcaf17	14742	40.0
N3907	4913	ENSMUST00000028403.2|ENSMUSG00000027015|Cybrd1	chr2	71141037	71142926	+	Cybrd1	1889	40.44
N3908	4914	ENSMUST00000112140.7|ENSMUSG00000027012|Dync1i2	chr2	71263036	71263303	+	Dync1i2	267	35.96
N3909	4915	ENSMUST00000184169.7|ENSMUSG00000027010|Slc25a12	chr2	71274689	71323912	-	Slc25a12	49223	43.88
N3910	4916	ENSMUST00000112122.8|ENSMUSG00000027018|Hat1	chr2	71441483	71441622	+	Hat1	139	31.65
N3911	4917	ENSMUST00000037210.8|ENSMUSG00000041921|Metap1d	chr2	71525109	71525191	+	Metap1d	82	41.46
N3912	4918	ENSMUST00000037119.3|ENSMUSG00000041911|Dlx1	chr2	71533091	71533980	+	Dlx1	889	39.26
N3913	4919	ENSMUST00000024159.7|ENSMUSG00000023391|Dlx2	chr2	71543407	71543896	-	Dlx2	489	31.49
N3914	4920	ENSMUST00000028522.9|ENSMUSG00000027111|Itga6	chr2	71853789	71856758	+	Itga6	2969	43.04
N3915	4922	ENSMUST00000090826.11|ENSMUSG00000049044|Rapgef4	chr2	72256702	72257474	+	Rapgef4	772	32.9
N3916	4923	ENSMUST00000135469.7|ENSMUSG00000004085|Map3k20	chr2	72402922	72407502	+	Map3k20	4580	43.67
N3917	4924	ENSMUST00000102691.10|ENSMUSG00000055612|Cdca7	chr2	72486521	72486893	+	Cdca7	372	45.43
N3918	4927	ENSMUST00000090813.5|ENSMUSG00000068859|Sp9	chr2	73275135	73277471	+	Sp9	2336	38.48
N3919	4928	ENSMUST00000058615.9|ENSMUSG00000041777|Cir1	chr2	73283104	73284042	-	Cir1	938	36.67
N3920	4929	ENSMUST00000090811.10|ENSMUSG00000008226|Scrn3	chr2	73336200	73337818	+	Scrn3	1618	38.75
N3921	4930	ENSMUST00000076463.11|ENSMUSG00000041762|Gpr155	chr2	73341505	73342976	-	Gpr155	1471	37.32
N3922	4931	ENSMUST00000094681.10|ENSMUSG00000075284|Wipf1	chr2	73429609	73430939	-	Wipf1	1330	32.56
N3923	4932	ENSMUST00000124450.1|ENSMUSG00000056486|Chn1	chr2	73613083	73706870	-	Chn1	93787	40.73
N3924	4933	ENSMUST00000111993.8|ENSMUSG00000009207|Lnpk	chr2	74520290	74521524	-	Lnpk	1234	29.74
N3925	4934	ENSMUST00000028511.7|ENSMUSG00000027099|Mtx2	chr2	74876622	74878431	+	Mtx2	1809	41.35
N3926	4936	ENSMUST00000102672.4|ENSMUSG00000015839|Nfe2l2	chr2	75675512	75675743	-	Nfe2l2	231	26.84
N3927	4937	ENSMUST00000176973.1|ENSMUSG00000042410|Agps	chr2	75903090	75926148	+	Agps	23058	39.12
N3928	4938	ENSMUST00000099996.4|ENSMUSG00000075273|Ttc30b	chr2	75935848	75936159	-	Ttc30b	311	31.51
N3929	4939	ENSMUST00000099994.4|ENSMUSG00000075271|Ttc30a1	chr2	75978246	75979347	-	Ttc30a1	1101	31.43
N3930	494	ENSMUST00000002198.3|ENSMUSG00000002129|Sf3a1	chr11	4180409	4182541	+	Sf3a1	2132	44.98
N3931	4940	ENSMUST00000002808.6|ENSMUSG00000002731|Prkra	chr2	76629897	76630167	-	Prkra	270	38.89
N3932	4941	ENSMUST00000111920.1|ENSMUSG00000002733|Plekha3	chr2	76696354	76696828	+	Plekha3	474	33.97
N3933	4942	ENSMUST00000102660.7|ENSMUSG00000042272|Sestd1	chr2	77180339	77186692	-	Sestd1	6353	40.04
N3934	4943	ENSMUST00000111821.8|ENSMUSG00000027014|Cwc22	chr2	77895652	77895858	-	Cwc22	206	30.58
N3935	4944	ENSMUST00000028398.13|ENSMUSG00000027011|Ube2e3	chr2	78920437	78921293	+	Ube2e3	856	35.16
N3936	4945	ENSMUST00000156731.7|ENSMUSG00000075256|Cerkl	chr2	79330542	79331369	-	Cerkl	827	37.61
N3937	4946	ENSMUST00000111785.8|ENSMUSG00000027007|Itprid2	chr2	79670982	79672966	+	Itprid2	1984	30.54
N3938	4947	ENSMUST00000102655.9|ENSMUSG00000059173|Pde1a	chr2	79834452	79838779	-	Pde1a	4327	37.19
N3939	4948	ENSMUST00000028392.7|ENSMUSG00000027006|Dnajc10	chr2	80353323	80354043	+	Dnajc10	720	36.67
N3940	4949	ENSMUST00000028389.3|ENSMUSG00000027004|Frzb	chr2	80411969	80412486	-	Frzb	517	40.04
N3941	495	ENSMUST00000041042.12|ENSMUSG00000034412|Tbc1d10a	chr11	4215302	4215505	+	Tbc1d10a	203	51.72
N3942	4950	ENSMUST00000028386.11|ENSMUSG00000027002|Nckap1	chr2	80500511	80500795	-	Nckap1	284	44.01
N3943	4951	ENSMUST00000028384.4|ENSMUSG00000027001|Dusp19	chr2	80631179	80631661	+	Dusp19	482	31.74
N3944	4952	ENSMUST00000028382.12|ENSMUSG00000026999|Nup35	chr2	80658648	80658902	+	Nup35	254	37.4
N3945	4953	ENSMUST00000081591.6|ENSMUSG00000027091|Zc3h15	chr2	83664350	83664622	+	Zc3h15	272	40.81
N3946	4954	ENSMUST00000028499.10|ENSMUSG00000027087|Itgav	chr2	83803701	83806916	+	Itgav	3215	34.46
N3947	4955	ENSMUST00000051454.3|ENSMUSG00000048388|Fam171b	chr2	83881214	83883486	+	Fam171b	2272	39.17
N3948	4957	ENSMUST00000150261.7|ENSMUSG00000027082|Tfpi	chr2	84440139	84440963	-	Tfpi	824	34.95
N3949	4958	ENSMUST00000111696.7|ENSMUSG00000034101|Ctnnd1	chr2	84600070	84601001	-	Ctnnd1	931	38.99
N3950	4959	ENSMUST00000189772.1|ENSMUSG00000101645|Gm28635	chr2	84601438	84602743	-	Gm28635	1305	47.51
N3951	496	ENSMUST00000020699.3|ENSMUSG00000020424|Castor1	chr11	4222145	4222409	+	Castor1	264	52.65
N3952	4960	ENSMUST00000117299.8|ENSMUSG00000076437|Selenoh	chr2	84669214	84669867	-	Selenoh	653	40.89
N3953	4961	ENSMUST00000111664.7|ENSMUSG00000050043|Tmx2	chr2	84671315	84671831	-	Tmx2	516	45.74
N3954	4962	ENSMUST00000102645.3|ENSMUSG00000027080|Med19	chr2	84687746	84688215	+	Med19	469	40.72
N3955	4964	ENSMUST00000165219.7|ENSMUSG00000027079|Clp1	chr2	84722103	84723320	-	Clp1	1217	38.37
N3956	4965	ENSMUST00000111643.2|ENSMUSG00000034059|Ypel4	chr2	84737594	84738655	+	Ypel4	1061	51.84
N3957	4966	ENSMUST00000181711.1|ENSMUSG00000097187|Gm19426	chr2	84742168	84742322	-	Gm19426	154	55.84
N3958	4967	ENSMUST00000102642.8|ENSMUSG00000027078|Ube2l6	chr2	84809702	84810176	+	Ube2l6	474	45.57
N3959	4968	ENSMUST00000028470.9|ENSMUSG00000027076|Timm10	chr2	84830139	84830213	+	Timm10	74	54.05
N3960	4969	ENSMUST00000111625.1|ENSMUSG00000027075|Slc43a1	chr2	84863303	84863594	+	Slc43a1	291	51.55
N3961	497	ENSMUST00000075221.2|ENSMUSG00000058755|Osm	chr11	4240729	4241026	+	Osm	297	42.09
N3962	4970	ENSMUST00000090726.5|ENSMUSG00000027074|Slc43a3	chr2	84958226	84958509	+	Slc43a3	283	40.99
N3963	4971	ENSMUST00000077798.12|ENSMUSG00000027067|Ssrp1	chr2	85046878	85047109	+	Ssrp1	231	50.65
N3964	4972	ENSMUST00000057019.8|ENSMUSG00000044338|Aplnr	chr2	85138322	85139923	+	Aplnr	1601	48.41
N3965	4973	ENSMUST00000111493.7|ENSMUSG00000025314|Ptprj	chr2	90432888	90436177	-	Ptprj	3289	44.63
N3966	4974	ENSMUST00000057481.6|ENSMUSG00000051329|Nup160	chr2	90735926	90736328	+	Nup160	402	28.36
N3967	4975	ENSMUST00000238890.1|ENSMUSG00000008200|Fnbp4	chr2	90780344	90781021	+	Fnbp4	677	32.94
N3968	4976	ENSMUST00000111468.9|ENSMUSG00000027282|Mtch2	chr2	90849796	90865388	+	Mtch2	15592	40.89
N3969	4978	ENSMUST00000077874.14|ENSMUSG00000063235|Ptpmt1	chr2	90910712	90911032	-	Ptpmt1	320	38.44
N3970	498	ENSMUST00000109930.2|ENSMUSG00000020412|Ascc2	chr11	4683247	4685699	+	Ascc2	2452	50.69
N3971	4980	ENSMUST00000111445.9|ENSMUSG00000002104|Rapsn	chr2	91045666	91045729	+	Rapsn	63	66.67
N3972	4981	ENSMUST00000146506.1|ENSMUSG00000002102|Psmc3	chr2	91056852	91056996	+	Psmc3	144	54.17
N3973	4982	ENSMUST00000079976.9|ENSMUSG00000002105|Slc39a13	chr2	91061790	91062153	-	Slc39a13	363	49.86
N3974	4983	ENSMUST00000002180.7|ENSMUSG00000002111|Spi1	chr2	91115542	91115756	+	Spi1	214	59.35
N3975	4985	ENSMUST00000002172.13|ENSMUSG00000002103|Acp2	chr2	91211936	91214098	+	Acp2	2162	43.99
N3976	4986	ENSMUST00000111352.7|ENSMUSG00000002109|Ddb2	chr2	91211602	91211799	-	Ddb2	197	36.04
N3977	4987	ENSMUST00000080008.12|ENSMUSG00000027255|Arfgap2	chr2	91276581	91276931	+	Arfgap2	350	54.29
N3978	4988	ENSMUST00000064652.13|ENSMUSG00000040591|1110051M20Rik	chr2	91275067	91275764	-	1110051M20Rik	697	51.79
N3979	4989	ENSMUST00000111338.9|ENSMUSG00000040549|Ckap5	chr2	91620446	91620664	+	Ckap5	218	36.7
N3980	499	ENSMUST00000058407.5|ENSMUSG00000059534|Uqcr10	chr11	4701972	4702027	-	Uqcr10	55	43.64
N3981	4990	ENSMUST00000145582.7|ENSMUSG00000075040|Zfp408	chr2	91647667	91648697	-	Zfp408	1030	51.94
N3982	4991	ENSMUST00000111329.7|ENSMUSG00000027247|Arhgap1	chr2	91671155	91672326	+	Arhgap1	1171	51.15
N3983	4992	ENSMUST00000076803.11|ENSMUSG00000027244|Atg13	chr2	91674617	91675955	-	Atg13	1338	51.42
N3984	4993	ENSMUST00000099712.9|ENSMUSG00000040506|Ambra1	chr2	91918541	91918849	+	Ambra1	308	47.4
N3985	4994	ENSMUST00000111309.7|ENSMUSG00000027239|Mdk	chr2	91929804	91929941	-	Mdk	137	36.5
N3986	4995	ENSMUST00000128152.7|ENSMUSG00000040479|Dgkz	chr2	91932823	91936524	-	Dgkz	3701	56.63
N3987	4996	ENSMUST00000028663.4|ENSMUSG00000027230|Creb3l1	chr2	91982327	91982643	-	Creb3l1	316	46.2
N3988	4997	ENSMUST00000044036.14|ENSMUSG00000058318|Phf21a	chr2	92360696	92364666	+	Phf21a	3970	50.78
N3989	4998	ENSMUST00000111279.8|ENSMUSG00000027223|Mapk8ip1	chr2	92383675	92384200	-	Mapk8ip1	525	60.0
N3990	4999	ENSMUST00000067631.6|ENSMUSG00000049922|Slc35c1	chr2	92452763	92453483	-	Slc35c1	720	50.69
N3991	5	ENSMUST00000041639.6|ENSMUSG00000096054|Syne1	chr10	5336940	5338521	-	Syne1	1581	39.28
N3992	50	ENSMUST00000041416.7|ENSMUSG00000037440|Vnn1	chr10	23905023	23905343	+	Vnn1	320	43.12
N3993	500	ENSMUST00000009220.4|ENSMUSG00000009076|Zmat5	chr11	4737609	4737669	+	Zmat5	60	41.67
N3994	5001	ENSMUST00000028648.2|ENSMUSG00000027220|Syt13	chr2	92953890	92956058	+	Syt13	2168	46.26
N3995	5002	ENSMUST00000111266.7|ENSMUSG00000068735|Trp53i11	chr2	93200108	93201759	+	Trp53i11	1651	56.21
N3996	5003	ENSMUST00000111265.8|ENSMUSG00000027217|Tspan18	chr2	93201759	93203649	-	Tspan18	1890	50.69
N3997	5004	ENSMUST00000099696.7|ENSMUSG00000027215|Cd82	chr2	93419110	93419446	-	Cd82	336	57.14
N3998	5005	ENSMUST00000150666.7|ENSMUSG00000040272|Accs	chr2	93838010	93841802	-	Accs	3792	50.21
N3999	5006	ENSMUST00000148314.2|ENSMUSG00000087006|Gm13889	chr2	93955809	93956142	-	Gm13889	333	53.15
N4000	5007	ENSMUST00000183110.1|ENSMUSG00000098004|Gm27027	chr2	93956816	93956892	-	Gm27027	76	89.47
N4001	5008	ENSMUST00000111240.7|ENSMUSG00000040174|Alkbh3	chr2	93980549	93980736	-	Alkbh3	187	38.5
N4002	5009	ENSMUST00000028619.4|ENSMUSG00000027195|Hsd17b12	chr2	94032688	94033045	-	Hsd17b12	357	43.14
N4003	501	ENSMUST00000009219.2|ENSMUSG00000009075|Cabp7	chr11	4736891	4738672	-	Cabp7	1781	54.8
N4004	5010	ENSMUST00000055081.13|ENSMUSG00000027194|Ttc17	chr2	94300766	94301274	-	Ttc17	508	43.5
N4005	5011	ENSMUST00000028617.6|ENSMUSG00000027193|Api5	chr2	94411681	94413610	-	Api5	1929	39.35
N4006	5012	ENSMUST00000004949.7|ENSMUSG00000027164|Traf6	chr2	101698395	101701669	+	Traf6	3274	41.91
N4007	5013	ENSMUST00000171088.7|ENSMUSG00000032841|Prr5l	chr2	101714284	101716532	-	Prr5l	2248	42.22
N4008	5014	ENSMUST00000028584.7|ENSMUSG00000027163|Commd9	chr2	101901368	101901646	+	Commd9	278	55.4
N4009	5015	ENSMUST00000111222.1|ENSMUSG00000048058|Ldlrad3	chr2	101950202	101952701	-	Ldlrad3	2499	41.98
N4010	5016	ENSMUST00000102573.7|ENSMUSG00000027189|Trim44	chr2	102300118	102303945	-	Trim44	3827	42.23
N4011	5017	ENSMUST00000099678.4|ENSMUSG00000075012|Fjx1	chr2	102449365	102449754	-	Fjx1	389	35.48
N4012	5018	ENSMUST00000028612.7|ENSMUSG00000027188|Pamr1	chr2	102642784	102643041	+	Pamr1	257	46.69
N4013	5019	ENSMUST00000080210.9|ENSMUSG00000005089|Slc1a2	chr2	102784020	102790784	+	Slc1a2	6764	42.53
N4014	502	ENSMUST00000093369.4|ENSMUSG00000020396|Nefh	chr11	4938753	4939031	-	Nefh	278	47.12
N4015	5020	ENSMUST00000005218.14|ENSMUSG00000005087|Cd44	chr2	102811140	102812777	-	Cd44	1637	38.18
N4016	5022	ENSMUST00000076212.3|ENSMUSG00000032724|Abtb2	chr2	103718043	103718423	+	Abtb2	380	44.21
N4017	5023	ENSMUST00000028608.12|ENSMUSG00000027185|Nat10	chr2	103721255	103721509	-	Nat10	254	48.03
N4018	5024	ENSMUST00000028607.12|ENSMUSG00000027184|Caprin1	chr2	103762940	103765239	-	Caprin1	2299	35.67
N4019	5025	ENSMUST00000170926.7|ENSMUSG00000032698|Lmo2	chr2	103981560	103981878	+	Lmo2	318	34.91
N4020	5026	ENSMUST00000028603.9|ENSMUSG00000027180|Fbxo3	chr2	104061192	104063240	+	Fbxo3	2048	41.31
N4021	5027	ENSMUST00000040423.11|ENSMUSG00000032679|Cd59a	chr2	104114809	104115354	+	Cd59a	545	42.94
N4022	5028	ENSMUST00000028600.13|ENSMUSG00000027177|Hipk3	chr2	104426480	104429676	-	Hipk3	3196	36.36
N4023	5029	ENSMUST00000028599.7|ENSMUSG00000027176|Cstf3	chr2	104665142	104665429	+	Cstf3	287	32.75
N4024	5030	ENSMUST00000111118.7|ENSMUSG00000027175|Tcp11l1	chr2	104678016	104681210	-	Tcp11l1	3194	44.58
N4025	5031	ENSMUST00000006128.6|ENSMUSG00000005973|Rcn1	chr2	105386290	105387172	-	Rcn1	882	47.39
N4026	5033	ENSMUST00000122965.7|ENSMUSG00000027167|Elp4	chr2	105701026	105702574	-	Elp4	1548	34.88
N4027	5034	ENSMUST00000037499.5|ENSMUSG00000042670|Immp1l	chr2	105965480	105965558	+	Immp1l	78	17.95
N4028	5035	ENSMUST00000155811.1|ENSMUSG00000027166|Dnajc24	chr2	105966708	105966815	-	Dnajc24	107	28.97
N4029	5036	ENSMUST00000111063.7|ENSMUSG00000016386|Mpped2	chr2	106867249	106868356	+	Mpped2	1107	36.4
N4030	5037	ENSMUST00000028536.12|ENSMUSG00000027122|Arl14ep	chr2	106962526	106964667	-	Arl14ep	2141	37.32
N4031	5038	ENSMUST00000081631.9|ENSMUSG00000057234|Mettl15	chr2	109092296	109092610	-	Mettl15	314	28.34
N4032	5039	ENSMUST00000053317.11|ENSMUSG00000048482|Bdnf	chr2	109724401	109727007	+	Bdnf	2606	36.72
N4033	5040	ENSMUST00000028583.7|ENSMUSG00000027162|Lin7c	chr2	109897878	109901003	+	Lin7c	3125	35.65
N4034	5041	ENSMUST00000046548.13|ENSMUSG00000050199|Lgr4	chr2	110012675	110014257	+	Lgr4	1582	34.39
N4035	5042	ENSMUST00000099626.4|ENSMUSG00000074971|Fibin	chr2	110360916	110361493	-	Fibin	577	34.32
N4036	5043	ENSMUST00000028554.3|ENSMUSG00000027134|Lpcat4	chr2	112247035	112247111	+	Lpcat4	76	23.68
N4037	5044	ENSMUST00000028553.3|ENSMUSG00000027133|Nop10	chr2	112262601	112263269	+	Nop10	668	43.86
N4038	5045	ENSMUST00000028549.13|ENSMUSG00000027130|Slc12a6	chr2	112360655	112363156	+	Slc12a6	2501	41.5
N4039	5046	ENSMUST00000028551.3|ENSMUSG00000027131|Emc4	chr2	112363010	112363170	-	Emc4	160	35.0
N4040	5047	ENSMUST00000028552.3|ENSMUSG00000027132|Katnbl1	chr2	112413239	112414240	+	Katnbl1	1001	35.06
N4041	5048	ENSMUST00000069747.5|ENSMUSG00000055943|Emc7	chr2	112467281	112472162	+	Emc7	4881	41.65
N4042	5049	ENSMUST00000003705.11|ENSMUSG00000003604|Aven	chr2	112631101	112634573	+	Aven	3472	43.95
N4043	505	ENSMUST00000020662.14|ENSMUSG00000020393|Kremen1	chr11	5191551	5194804	-	Kremen1	3253	53.49
N4044	5051	ENSMUST00000110948.7|ENSMUSG00000041219|Arhgap11a	chr2	113831491	113833105	-	Arhgap11a	1614	44.49
N4045	5052	ENSMUST00000043160.12|ENSMUSG00000040383|Aqr	chr2	114101169	114101290	-	Aqr	121	27.27
N4046	5054	ENSMUST00000166472.7|ENSMUSG00000040282|BC052040	chr2	115777348	115778768	+	BC052040	1420	43.45
N4047	5055	ENSMUST00000110907.7|ENSMUSG00000027210|Meis2	chr2	115863063	115866697	-	Meis2	3634	37.64
N4048	5056	ENSMUST00000028829.12|ENSMUSG00000027351|Spred1	chr2	117180047	117182279	+	Spred1	2232	38.08
N4049	5057	ENSMUST00000174770.7|ENSMUSG00000027347|Rasgrp1	chr2	117282541	117284852	-	Rasgrp1	2311	42.02
N4050	5058	ENSMUST00000039559.8|ENSMUSG00000040152|Thbs1	chr2	118125177	118127133	+	Thbs1	1956	41.36
N4051	5059	ENSMUST00000039160.2|ENSMUSG00000040133|Gpr176	chr2	118277109	118279080	-	Gpr176	1971	45.66
N4052	506	ENSMUST00000063084.15|ENSMUSG00000020484|Xbp1	chr11	5525512	5525893	+	Xbp1	381	45.93
N4053	5060	ENSMUST00000009693.14|ENSMUSG00000009549|Srp14	chr2	118475849	118476051	-	Srp14	202	34.65
N4054	5061	ENSMUST00000090219.12|ENSMUSG00000040093|Bmf	chr2	118528756	118530669	-	Bmf	1913	52.06
N4055	5062	ENSMUST00000038341.7|ENSMUSG00000040084|Bub1b	chr2	118641467	118641591	+	Bub1b	124	46.77
N4056	5063	ENSMUST00000099557.9|ENSMUSG00000074923|Pak6	chr2	118697037	118698020	+	Pak6	983	50.36
N4057	5064	ENSMUST00000149978.1|ENSMUSG00000074918|Inafm2	chr2	118746721	118748810	+	Inafm2	2089	46.0
N4058	5065	ENSMUST00000059997.8|ENSMUSG00000045838|Ccdc9b	chr2	118754157	118756638	-	Ccdc9b	2481	50.46
N4059	5066	ENSMUST00000148877.1|ENSMUSG00000027331|Knstrn	chr2	118834547	118853957	+	Knstrn	19410	43.7
N4060	5067	ENSMUST00000028807.5|ENSMUSG00000027332|Ivd	chr2	118881223	118882909	+	Ivd	1686	48.1
N4061	5068	ENSMUST00000036578.6|ENSMUSG00000040007|Bahd1	chr2	118922720	118924528	+	Bahd1	1808	52.49
N4062	5069	ENSMUST00000099546.5|ENSMUSG00000074916|Chst14	chr2	118928263	118928585	+	Chst14	322	44.72
N4063	5070	ENSMUST00000036470.13|ENSMUSG00000039983|Ccdc32	chr2	119017778	119018471	-	Ccdc32	693	41.85
N4064	5071	ENSMUST00000152327.7|ENSMUSG00000027323|Rad51	chr2	119135831	119137037	+	Rad51	1206	43.62
N4065	5072	ENSMUST00000094695.11|ENSMUSG00000070730|Rmdn3	chr2	119137000	119137285	-	Rmdn3	285	44.91
N4066	5073	ENSMUST00000102519.4|ENSMUSG00000068580|Zfyve19	chr2	119216814	119217049	+	Zfyve19	235	51.91
N4067	5074	ENSMUST00000110817.2|ENSMUSG00000027315|Spint1	chr2	119249232	119249527	+	Spint1	295	48.14
N4068	5075	ENSMUST00000037360.7|ENSMUSG00000034226|Rhov	chr2	119269200	119269541	-	Rhov	341	59.53
N4069	5076	ENSMUST00000037280.4|ENSMUSG00000034216|Vps18	chr2	119298019	119298453	+	Vps18	434	48.85
N4070	5077	ENSMUST00000102517.3|ENSMUSG00000027314|Dll4	chr2	119335423	119335962	+	Dll4	539	46.57
N4071	5078	ENSMUST00000028780.3|ENSMUSG00000027313|Chac1	chr2	119354035	119354381	+	Chac1	346	52.02
N4072	5079	ENSMUST00000049920.13|ENSMUSG00000034154|Ino80	chr2	119373041	119374193	-	Ino80	1152	48.87
N4073	508	ENSMUST00000154330.1|ENSMUSG00000020477|Mrps24	chr11	5703982	5704300	-	Mrps24	318	47.17
N4074	5080	ENSMUST00000123818.1|ENSMUSG00000072980|Oip5	chr2	119609970	119610134	-	Oip5	164	38.41
N4075	5081	ENSMUST00000028771.7|ENSMUSG00000027306|Nusap1	chr2	119649523	119651244	+	Nusap1	1721	41.31
N4076	5082	ENSMUST00000110801.7|ENSMUSG00000027305|Ndufaf1	chr2	119655445	119655494	-	Ndufaf1	49	51.02
N4077	5083	ENSMUST00000028758.7|ENSMUSG00000027296|Itpka	chr2	119751044	119751263	+	Itpka	219	50.68
N4078	5084	ENSMUST00000136419.7|ENSMUSG00000034032|Rpap1	chr2	119763962	119767491	-	Rpap1	3529	46.9
N4079	5085	ENSMUST00000110783.7|ENSMUSG00000027298|Tyro3	chr2	119817745	119818104	+	Tyro3	359	52.65
N4080	5086	ENSMUST00000079934.11|ENSMUSG00000033943|Mga	chr2	119965143	119969581	+	Mga	4438	38.26
N4081	5087	ENSMUST00000066058.7|ENSMUSG00000033902|Mapkbp1	chr2	120025479	120027408	+	Mapkbp1	1929	51.43
N4082	5088	ENSMUST00000162393.7|ENSMUSG00000033852|Gm28042	chr2	120032500	120043033	+	Gm28042	10533	55.49
N4083	5089	ENSMUST00000156159.3|ENSMUSG00000074899|Sptbn5	chr2	120041492	120041706	-	Sptbn5	214	56.54
N4084	509	ENSMUST00000093362.11|ENSMUSG00000049680|Urgcp	chr11	5713416	5715204	-	Urgcp	1788	45.92
N4085	5090	ENSMUST00000028755.7|ENSMUSG00000027293|Ehd4	chr2	120089174	120089670	-	Ehd4	496	42.74
N4086	5091	ENSMUST00000028752.7|ENSMUSG00000027291|Vps39	chr2	120316460	120317011	-	Vps39	551	48.64
N4087	5092	ENSMUST00000135074.1|ENSMUSG00000062646|Ganc	chr2	120460620	120461700	+	Ganc	1080	45.65
N4088	5094	ENSMUST00000102496.7|ENSMUSG00000027286|Lrrc57	chr2	120604237	120604670	-	Lrrc57	433	33.03
N4089	5095	ENSMUST00000028741.13|ENSMUSG00000027285|Haus2	chr2	120616032	120619906	+	Haus2	3874	39.93
N4090	5096	ENSMUST00000110701.7|ENSMUSG00000027284|Cdan1	chr2	120716153	120718364	-	Cdan1	2211	43.01
N4091	5097	ENSMUST00000057135.13|ENSMUSG00000090100|Ttbk2	chr2	120732815	120736275	-	Ttbk2	3460	36.73
N4092	5098	ENSMUST00000028728.5|ENSMUSG00000027272|Ubr1	chr2	120860268	120862489	-	Ubr1	2221	36.83
N4093	5099	ENSMUST00000139428.7|ENSMUSG00000054484|Tmem62	chr2	120999243	121007852	+	Tmem62	8609	40.05
N4094	51	ENSMUST00000220041.1|ENSMUSG00000019998|Stx7	chr10	24188741	24190222	+	Stx7	1481	42.81
N4095	510	ENSMUST00000102928.4|ENSMUSG00000020476|Dbnl	chr11	5800244	5800962	+	Dbnl	718	51.53
N4096	5101	ENSMUST00000028702.9|ENSMUSG00000027259|Adal	chr2	121156242	121156680	+	Adal	438	44.75
N4097	5102	ENSMUST00000110658.7|ENSMUSG00000027263|Tubgcp4	chr2	121197320	121198770	+	Tubgcp4	1450	41.31
N4098	5103	ENSMUST00000094639.9|ENSMUSG00000027254|Map1a	chr2	121309358	121310832	+	Map1a	1474	44.37
N4099	5104	ENSMUST00000137087.1|ENSMUSG00000033526|Ppip5k1	chr2	121343530	121347263	-	Ppip5k1	3733	45.33
N4100	5105	ENSMUST00000126130.1|ENSMUSG00000000308|Ckmt1	chr2	121360120	121360985	+	Ckmt1	865	45.32
N4101	5106	ENSMUST00000135079.1|ENSMUSG00000027248|Pdia3	chr2	121432399	121433700	+	Pdia3	1301	42.04
N4102	5107	ENSMUST00000126764.1|ENSMUSG00000027245|Hypk	chr2	121458392	121458672	+	Hypk	280	38.57
N4103	5108	ENSMUST00000056732.3|ENSMUSG00000048222|Mfap1b	chr2	121460234	121461460	-	Mfap1b	1226	38.58
N4104	5109	ENSMUST00000089926.5|ENSMUSG00000068479|Mfap1a	chr2	121491910	121494039	-	Mfap1a	2129	40.82
N4105	511	ENSMUST00000020767.3|ENSMUSG00000020474|Polm	chr11	5827860	5828212	-	Polm	352	48.01
N4106	5110	ENSMUST00000145075.7|ENSMUSG00000027238|Frmd5	chr2	121568894	121591565	-	Frmd5	22671	47.41
N4107	5111	ENSMUST00000078752.9|ENSMUSG00000060227|Casc4	chr2	121933696	121936220	+	Casc4	2524	35.94
N4108	5112	ENSMUST00000036647.12|ENSMUSG00000033411|Ctdspl2	chr2	122012184	122013642	+	Ctdspl2	1458	31.76
N4109	5113	ENSMUST00000028668.7|ENSMUSG00000027236|Eif3j1	chr2	122052882	122056598	+	Eif3j1	3716	41.82
N4110	5114	ENSMUST00000036450.7|ENSMUSG00000033396|Spg11	chr2	122053519	122053713	-	Spg11	194	32.47
N4111	5115	ENSMUST00000102476.4|ENSMUSG00000060802|B2m	chr2	122151808	122153083	+	B2m	1275	43.92
N4112	5117	ENSMUST00000151130.7|ENSMUSG00000033256|Shf	chr2	122349127	122353649	-	Shf	4522	50.15
N4113	5118	ENSMUST00000028624.8|ENSMUSG00000027199|Gatm	chr2	122594466	122595095	-	Gatm	629	28.78
N4114	5119	ENSMUST00000047498.14|ENSMUSG00000033213|AA467197	chr2	122640970	122641191	+	AA467197	221	28.05
N4115	512	ENSMUST00000102923.9|ENSMUSG00000020473|Aebp1	chr11	5871997	5872088	+	Aebp1	91	60.44
N4116	5120	ENSMUST00000005952.10|ENSMUSG00000005802|Slc30a4	chr2	122681232	122685030	-	Slc30a4	3798	36.57
N4117	5121	ENSMUST00000005954.8|ENSMUSG00000005804|Bloc1s6	chr2	122747884	122749475	+	Bloc1s6	1591	41.11
N4118	5122	ENSMUST00000126403.8|ENSMUSG00000005803|Sqor	chr2	122808132	122809338	+	Sqor	1206	40.96
N4119	5123	ENSMUST00000103239.9|ENSMUSG00000027200|Sema6d	chr2	124665457	124667770	+	Sema6d	2313	41.33
N4120	5124	ENSMUST00000070353.3|ENSMUSG00000035183|Slc24a5	chr2	125088462	125088677	+	Slc24a5	215	34.42
N4121	5125	ENSMUST00000110501.7|ENSMUSG00000027201|Myef2	chr2	125086270	125087885	-	Myef2	1615	36.59
N4122	5127	ENSMUST00000028633.12|ENSMUSG00000027204|Fbn1	chr2	125300593	125301085	-	Fbn1	492	42.07
N4123	5128	ENSMUST00000164756.3|ENSMUSG00000091337|Eid1	chr2	125673990	125674785	+	Eid1	795	33.96
N4124	5129	ENSMUST00000053699.12|ENSMUSG00000035093|Secisbp2l	chr2	125736985	125740116	-	Secisbp2l	3131	39.09
N4125	5130	ENSMUST00000110463.7|ENSMUSG00000027206|Cops2	chr2	125830303	125831791	-	Cops2	1488	33.53
N4126	5131	ENSMUST00000064794.13|ENSMUSG00000027208|Fgf7	chr2	126090203	126091185	+	Fgf7	982	32.79
N4127	5132	ENSMUST00000110437.3|ENSMUSG00000023330|Dtwd1	chr2	126165122	126165279	+	Dtwd1	157	30.57
N4128	5133	ENSMUST00000028838.4|ENSMUSG00000027360|Hdc	chr2	126593666	126593812	-	Hdc	146	41.78
N4129	5134	ENSMUST00000110425.8|ENSMUSG00000027361|Gabpb1	chr2	126627441	126629142	-	Gabpb1	1701	45.56
N4130	5135	ENSMUST00000028841.13|ENSMUSG00000027363|Usp8	chr2	126759012	126759297	+	Usp8	285	32.98
N4131	5136	ENSMUST00000103224.9|ENSMUSG00000027365|Trpm7	chr2	126791564	126791927	-	Trpm7	363	28.37
N4132	5137	ENSMUST00000028844.10|ENSMUSG00000027366|Sppl2a	chr2	126890390	126893173	-	Sppl2a	2783	36.62
N4133	5138	ENSMUST00000103220.3|ENSMUSG00000003660|Snrnp200	chr2	127240360	127240451	+	Snrnp200	91	38.46
N4134	5139	ENSMUST00000003759.10|ENSMUSG00000003662|Ciao1	chr2	127240937	127242648	-	Ciao1	1711	37.11
N4135	514	ENSMUST00000109813.8|ENSMUSG00000057897|Camk2b	chr11	5969643	5972069	-	Camk2b	2426	53.75
N4136	5140	ENSMUST00000035871.14|ENSMUSG00000034850|Tmem127	chr2	127257743	127261107	+	Tmem127	3364	48.69
N4137	5141	ENSMUST00000110375.8|ENSMUSG00000027367|Stard7	chr2	127297601	127298932	+	Stard7	1331	44.85
N4138	5142	ENSMUST00000028846.6|ENSMUSG00000027368|Dusp2	chr2	127338004	127338376	+	Dusp2	372	44.09
N4139	5143	ENSMUST00000028850.14|ENSMUSG00000079056|Kcnip3	chr2	127456497	127456952	-	Kcnip3	455	57.36
N4140	5144	ENSMUST00000110366.7|ENSMUSG00000034800|Zfp661	chr2	127574661	127576052	-	Zfp661	1391	40.04
N4141	5145	ENSMUST00000028852.12|ENSMUSG00000027374|Mrps5	chr2	127604001	127606829	+	Mrps5	2828	42.72
N4142	5146	ENSMUST00000028854.14|ENSMUSG00000027375|Mal	chr2	127633225	127634516	-	Mal	1291	43.14
N4143	5147	ENSMUST00000028856.2|ENSMUSG00000027377|Mall	chr2	127704385	127705413	-	Mall	1028	49.9
N4144	5148	ENSMUST00000135091.1|ENSMUSG00000051319|Mtln	chr2	127791387	127792133	-	Mtln	746	35.39
N4145	5149	ENSMUST00000110341.8|ENSMUSG00000027381|Bcl2l11	chr2	128160080	128162547	+	Bcl2l11	2467	44.51
N4146	515	ENSMUST00000066496.9|ENSMUSG00000053838|Nudcd3	chr11	6105690	6107925	-	Nudcd3	2235	48.46
N4147	5150	ENSMUST00000014499.9|ENSMUSG00000014355|Anapc1	chr2	128610103	128610926	-	Anapc1	823	41.19
N4148	5151	ENSMUST00000014505.4|ENSMUSG00000014361|Mertk	chr2	128802493	128802894	+	Mertk	401	39.4
N4149	5152	ENSMUST00000110325.7|ENSMUSG00000014353|Tmem87b	chr2	128851624	128854261	+	Tmem87b	2637	41.94
N4150	5153	ENSMUST00000110324.7|ENSMUSG00000027386|Fbln7	chr2	128895737	128897034	+	Fbln7	1297	44.87
N4151	5154	ENSMUST00000035812.13|ENSMUSG00000027394|Ttl	chr2	129093558	129096283	+	Ttl	2725	48.26
N4152	5155	ENSMUST00000103205.10|ENSMUSG00000027395|Polr1b	chr2	129126369	129126594	+	Polr1b	225	47.11
N4153	5156	ENSMUST00000035481.4|ENSMUSG00000037938|Chchd5	chr2	129133834	129134134	+	Chchd5	300	46.67
N4154	5157	ENSMUST00000028880.9|ENSMUSG00000027397|Slc20a1	chr2	129211013	129211616	+	Slc20a1	603	42.79
N4155	5158	ENSMUST00000052708.6|ENSMUSG00000048327|Ckap2l	chr2	129268209	129268474	-	Ckap2l	265	45.28
N4156	5159	ENSMUST00000028882.1|ENSMUSG00000027399|Il1a	chr2	129299609	129300087	-	Il1a	478	38.28
N4157	516	ENSMUST00000004507.10|ENSMUSG00000004393|Ddx56	chr11	6258918	6259032	-	Ddx56	114	50.0
N4158	5160	ENSMUST00000028881.13|ENSMUSG00000027398|Il1b	chr2	129364569	129364774	-	Il1b	205	38.05
N4159	5162	ENSMUST00000147570.2|ENSMUSG00000027404|Snrpb	chr2	130171786	130173035	-	Snrpb	1249	47.8
N4160	5163	ENSMUST00000149955.8|ENSMUSG00000027405|Nop56	chr2	130277644	130278963	+	Nop56	1319	47.99
N4161	5164	ENSMUST00000028892.10|ENSMUSG00000027406|Idh3b	chr2	130279308	130279491	-	Idh3b	183	39.34
N4162	5165	ENSMUST00000126740.7|ENSMUSG00000053552|Ebf4	chr2	130370213	130370481	+	Ebf4	268	54.1
N4163	5166	ENSMUST00000089581.10|ENSMUSG00000037773|Pced1a	chr2	130417682	130418526	-	Pced1a	844	36.97
N4164	5167	ENSMUST00000028769.13|ENSMUSG00000027303|Ptpra	chr2	130553643	130556124	+	Ptpra	2481	48.85
N4165	5168	ENSMUST00000145614.1|ENSMUSG00000037740|Mrps26	chr2	130565240	130568695	+	Mrps26	3455	46.11
N4166	5169	ENSMUST00000140581.2|ENSMUSG00000027300|Ubox5	chr2	130599784	130604461	-	Ubox5	4677	45.16
N4167	517	ENSMUST00000004508.12|ENSMUSG00000004394|Tmed4	chr11	6270368	6270936	-	Tmed4	568	39.44
N4168	5170	ENSMUST00000110262.2|ENSMUSG00000079043|Fastkd5	chr2	130613839	130614096	-	Fastkd5	257	40.08
N4169	5171	ENSMUST00000089561.9|ENSMUSG00000037703|Lzts3	chr2	130632838	130633886	-	Lzts3	1048	47.52
N4170	5172	ENSMUST00000103193.4|ENSMUSG00000074797|Itpa	chr2	130681340	130681614	+	Itpa	274	37.96
N4171	5173	ENSMUST00000044766.14|ENSMUSG00000027309|4930402H24Rik	chr2	130706199	130708109	-	4930402H24Rik	1910	44.87
N4172	5174	ENSMUST00000028781.8|ENSMUSG00000027312|Atrn	chr2	131026358	131030333	+	Atrn	3975	45.31
N4173	5176	ENSMUST00000127862.1|ENSMUSG00000074793|Hspa12b	chr2	131143111	131145227	+	Hspa12b	2116	54.02
N4174	5177	ENSMUST00000184121.7|ENSMUSG00000027327|1700037H04Rik	chr2	131146793	131148155	-	1700037H04Rik	1362	55.36
N4175	5178	ENSMUST00000028801.7|ENSMUSG00000027329|Spef1	chr2	131170260	131171153	-	Spef1	893	46.47
N4176	5179	ENSMUST00000089510.4|ENSMUSG00000068267|Cenpb	chr2	131175181	131177434	-	Cenpb	2253	48.02
N4177	5180	ENSMUST00000079857.8|ENSMUSG00000027330|Cdc25b	chr2	131198098	131198497	+	Cdc25b	399	47.87
N4178	5181	ENSMUST00000110208.7|ENSMUSG00000068264|Ap5s1	chr2	131213232	131213514	+	Ap5s1	282	56.03
N4179	5182	ENSMUST00000184105.7|ENSMUSG00000037514|Pank2	chr2	131280410	131296488	+	Pank2	16078	41.96
N4180	5183	ENSMUST00000059372.10|ENSMUSG00000048911|Rnf24	chr2	131298063	131302545	-	Rnf24	4482	44.87
N4181	5184	ENSMUST00000183947.7|ENSMUSG00000027333|Smox	chr2	131521223	131525172	+	Smox	3949	48.54
N4182	5186	ENSMUST00000124100.7|ENSMUSG00000098754|Prn	chr2	131953703	131956130	+	Prn	2427	45.12
N4183	5187	ENSMUST00000110170.7|ENSMUSG00000027338|Prnd	chr2	131953703	131956130	+	Prnd	2427	45.12
N4184	5188	ENSMUST00000028814.14|ENSMUSG00000027339|Rassf2	chr2	131989414	131993082	-	Rassf2	3668	42.39
N4185	5189	ENSMUST00000028815.14|ENSMUSG00000027340|Slc23a2	chr2	132052495	132056159	-	Slc23a2	3664	45.01
N4186	519	ENSMUST00000109787.7|ENSMUSG00000041164|Zmiz2	chr11	6405819	6406158	+	Zmiz2	339	53.69
N4187	5190	ENSMUST00000110164.7|ENSMUSG00000027341|Tmem230	chr2	132239491	132240129	-	Tmem230	638	37.46
N4188	5191	ENSMUST00000028817.6|ENSMUSG00000027342|Pcna	chr2	132249161	132249457	-	Pcna	296	33.11
N4189	5193	ENSMUST00000149854.7|ENSMUSG00000027346|Gpcpd1	chr2	132529081	132553881	-	Gpcpd1	24800	38.53
N4190	5194	ENSMUST00000061891.10|ENSMUSG00000044991|Shld1	chr2	132750831	132751055	+	Shld1	224	54.02
N4191	5195	ENSMUST00000028826.3|ENSMUSG00000027350|Chgb	chr2	132794977	132795079	+	Chgb	102	43.14
N4192	5196	ENSMUST00000039554.6|ENSMUSG00000037376|Trmt6	chr2	132804206	132804570	-	Trmt6	364	37.91
N4193	5197	ENSMUST00000124834.7|ENSMUSG00000027357|Crls1	chr2	132861374	132866785	+	Crls1	5411	38.99
N4194	5198	ENSMUST00000028836.6|ENSMUSG00000027358|Bmp2	chr2	133562085	133562885	+	Bmp2	800	36.5
N4195	5199	ENSMUST00000038228.10|ENSMUSG00000034723|Tmx4	chr2	134594184	134597589	-	Tmx4	3405	38.09
N4196	52	ENSMUST00000095784.2|ENSMUSG00000020000|Moxd1	chr10	24302397	24302790	+	Moxd1	393	39.19
N4197	5200	ENSMUST00000184371.7|ENSMUSG00000039943|Plcb4	chr2	136002739	136013269	+	Plcb4	10530	40.23
N4198	5201	ENSMUST00000057503.6|ENSMUSG00000027270|Lamp5	chr2	136069588	136069917	+	Lamp5	329	49.54
N4199	5203	ENSMUST00000028730.12|ENSMUSG00000027274|Mkks	chr2	136873779	136874050	-	Mkks	271	34.69
N4200	5204	ENSMUST00000028735.7|ENSMUSG00000027276|Jag1	chr2	137081455	137082663	-	Jag1	1208	33.61
N4201	5205	ENSMUST00000091556.11|ENSMUSG00000062098|Btbd3	chr2	138284655	138287422	+	Btbd3	2767	40.12
N4202	5206	ENSMUST00000099307.3|ENSMUSG00000074766|Ism1	chr2	139757772	139758581	+	Ism1	809	37.33
N4203	5207	ENSMUST00000046656.8|ENSMUSG00000039033|Tasp1	chr2	139833479	139833858	-	Tasp1	379	31.4
N4204	5208	ENSMUST00000046030.7|ENSMUSG00000045624|Esf1	chr2	140119882	140120328	-	Esf1	446	26.01
N4205	5209	ENSMUST00000110057.2|ENSMUSG00000051379|Flrt3	chr2	140658197	140659564	-	Flrt3	1367	34.31
N4206	5210	ENSMUST00000230763.1|ENSMUSG00000038844|Kif16b	chr2	142617473	142618716	-	Kif16b	1243	39.18
N4207	5211	ENSMUST00000008477.12|ENSMUSG00000008333|Snrpb2	chr2	143071703	143072853	+	Snrpb2	1150	38.09
N4208	5212	ENSMUST00000028905.9|ENSMUSG00000027419|Pcsk2	chr2	143813959	143816285	+	Pcsk2	2326	40.58
N4209	5213	ENSMUST00000103172.3|ENSMUSG00000015932|Dstn	chr2	143942953	143943324	+	Dstn	371	40.97
N4210	5214	ENSMUST00000016072.11|ENSMUSG00000027422|Rrbp1	chr2	143947394	143947664	-	Rrbp1	270	56.67
N4211	5215	ENSMUST00000028909.4|ENSMUSG00000027423|Snx5	chr2	144250122	144250747	-	Snx5	625	41.6
N4212	5216	ENSMUST00000028910.8|ENSMUSG00000027424|Mgme1	chr2	144280281	144281227	+	Mgme1	946	43.97
N4213	5217	ENSMUST00000103171.9|ENSMUSG00000037279|Ovol2	chr2	144305174	144305388	-	Ovol2	214	32.71
N4214	5218	ENSMUST00000156410.1|ENSMUSG00000027425|Kat14	chr2	144389442	144393402	+	Kat14	3960	43.59
N4215	5219	ENSMUST00000183618.2|ENSMUSG00000098387|Pet117	chr2	144373485	144373721	+	Pet117	236	52.97
N4216	522	ENSMUST00000179343.2|ENSMUSG00000094483|Purb	chr11	6467598	6474763	-	Purb	7165	37.68
N4217	5220	ENSMUST00000028914.8|ENSMUSG00000027427|Polr3f	chr2	144539871	144541995	+	Polr3f	2124	39.69
N4218	5221	ENSMUST00000028915.5|ENSMUSG00000027428|Rbbp9	chr2	144542264	144543074	-	Rbbp9	810	36.79
N4219	5223	ENSMUST00000028917.6|ENSMUSG00000027430|Dtd1	chr2	144747201	144768758	+	Dtd1	21557	43.56
N4220	5225	ENSMUST00000147976.7|ENSMUSG00000001768|Rin2	chr2	145861174	145887616	+	Rin2	26442	44.97
N4221	5226	ENSMUST00000165635.1|ENSMUSG00000002728|Naa20	chr2	145912528	145915551	+	Naa20	3023	40.36
N4222	5227	ENSMUST00000001818.4|ENSMUSG00000001767|Crnkl1	chr2	145917478	145918275	-	Crnkl1	797	40.03
N4223	5228	ENSMUST00000028921.5|ENSMUSG00000027433|Xrn2	chr2	147077716	147078000	+	Xrn2	284	32.04
N4224	523	ENSMUST00000161501.7|ENSMUSG00000000378|Ccm2	chr11	6590911	6593133	+	Ccm2	2222	49.68
N4225	5230	ENSMUST00000099269.3|ENSMUSG00000027435|Cd93	chr2	148436639	148441094	-	Cd93	4455	43.61
N4226	5231	ENSMUST00000109961.7|ENSMUSG00000036992|Nxt1	chr2	148675911	148676027	+	Nxt1	116	40.52
N4227	5232	ENSMUST00000028928.7|ENSMUSG00000027439|Gzf1	chr2	148691264	148692949	+	Gzf1	1685	42.08
N4228	5233	ENSMUST00000136513.1|ENSMUSG00000027438|Napb	chr2	148693984	148706822	-	Napb	12838	42.11
N4229	5234	ENSMUST00000028938.6|ENSMUSG00000027447|Cst3	chr2	148871721	148871811	-	Cst3	90	44.44
N4230	5235	ENSMUST00000109935.7|ENSMUSG00000074736|Syndig1	chr2	150004030	150004392	+	Syndig1	362	40.88
N4231	5236	ENSMUST00000073782.3|ENSMUSG00000060336|Zfp937	chr2	150240096	150240725	+	Zfp937	629	37.84
N4232	5237	ENSMUST00000089200.2|ENSMUSG00000068129|Cst7	chr2	150578687	150578944	+	Cst7	257	48.25
N4233	5239	ENSMUST00000028944.3|ENSMUSG00000027452|Acss1	chr2	150618104	150619423	-	Acss1	1319	43.75
N4234	524	ENSMUST00000045374.7|ENSMUSG00000041046|Ramp3	chr11	6677156	6677475	+	Ramp3	319	55.8
N4235	5240	ENSMUST00000094467.5|ENSMUSG00000033068|Entpd6	chr2	150771218	150771675	+	Entpd6	457	51.64
N4236	5241	ENSMUST00000045441.7|ENSMUSG00000033059|Pygb	chr2	150831397	150831758	+	Pygb	361	54.29
N4237	5242	ENSMUST00000028948.4|ENSMUSG00000027454|Gins1	chr2	150931095	150931280	+	Gins1	185	36.76
N4238	5243	ENSMUST00000109896.7|ENSMUSG00000068115|Ninl	chr2	150934518	150934909	-	Ninl	391	37.85
N4239	5245	ENSMUST00000103160.4|ENSMUSG00000027455|Nsfl1c	chr2	151511217	151511414	+	Nsfl1c	197	34.01
N4240	5246	ENSMUST00000044011.11|ENSMUSG00000032966|Fkbp1a	chr2	151559734	151561692	+	Fkbp1a	1958	44.33
N4241	5247	ENSMUST00000028950.8|ENSMUSG00000027456|Sdcbp2	chr2	151589735	151590005	+	Sdcbp2	270	48.89
N4242	5248	ENSMUST00000094456.9|ENSMUSG00000027457|Snph	chr2	151590548	151593271	-	Snph	2723	54.54
N4243	5249	ENSMUST00000155939.7|ENSMUSG00000032869|Psmf1	chr2	151716061	151729490	-	Psmf1	13429	43.54
N4244	525	ENSMUST00000020706.4|ENSMUSG00000020431|Adcy1	chr11	7172855	7178506	+	Adcy1	5651	47.04
N4245	5250	ENSMUST00000028955.5|ENSMUSG00000027460|Angpt4	chr2	151945029	151945337	+	Angpt4	308	46.43
N4246	5251	ENSMUST00000109865.7|ENSMUSG00000027459|Fam110a	chr2	151969397	151969645	-	Fam110a	248	52.82
N4247	5252	ENSMUST00000109859.8|ENSMUSG00000027463|Slc52a3	chr2	152008820	152009257	+	Slc52a3	437	44.39
N4248	5253	ENSMUST00000064061.3|ENSMUSG00000060257|Scrt2	chr2	152094012	152095802	+	Scrt2	1790	56.7
N4249	5254	ENSMUST00000041500.7|ENSMUSG00000032802|Srxn1	chr2	152110380	152111376	+	Srxn1	996	47.39
N4250	5255	ENSMUST00000089112.5|ENSMUSG00000068079|Tcf15	chr2	152148918	152149097	+	Tcf15	179	50.28
N4251	5256	ENSMUST00000028963.13|ENSMUSG00000027465|Tbc1d20	chr2	152312145	152313996	+	Tbc1d20	1851	49.11
N4252	5257	ENSMUST00000109847.8|ENSMUSG00000027466|Rbck1	chr2	152316333	152316569	-	Rbck1	236	50.42
N4253	5258	ENSMUST00000040312.6|ENSMUSG00000032715|Trib3	chr2	152337421	152337746	-	Trib3	325	48.92
N4254	526	ENSMUST00000020702.10|ENSMUSG00000020427|Igfbp3	chr11	7206085	7208234	-	Igfbp3	2149	40.62
N4255	5260	ENSMUST00000182625.1|ENSMUSG00000051817|Sox12	chr2	152393610	152395143	-	Sox12	1533	49.51
N4256	5261	ENSMUST00000099207.4|ENSMUSG00000074682|Zcchc3	chr2	152411954	152413181	-	Zcchc3	1227	48.49
N4257	5262	ENSMUST00000125366.7|ENSMUSG00000019188|H13	chr2	152704914	152708670	+	H13	3756	55.48
N4258	5263	ENSMUST00000109824.1|ENSMUSG00000042745|Id1	chr2	152737220	152737410	+	Id1	190	34.21
N4259	5264	ENSMUST00000007803.11|ENSMUSG00000007659|Bcl2l1	chr2	152780667	152781996	-	Bcl2l1	1329	56.81
N4260	5265	ENSMUST00000164120.7|ENSMUSG00000027469|Tpx2	chr2	152893890	152895321	+	Tpx2	1431	45.14
N4261	5266	ENSMUST00000099200.2|ENSMUSG00000074676|Foxs1	chr2	152931897	152931993	-	Foxs1	96	56.25
N4262	5268	ENSMUST00000127898.8|ENSMUSG00000027474|Ccm2l	chr2	153072212	153081726	+	Ccm2l	9514	50.85
N4263	5269	ENSMUST00000109799.7|ENSMUSG00000003283|Hck	chr2	153151297	153151441	+	Hck	144	42.36
N4264	527	ENSMUST00000239091.1|ENSMUSG00000020422|Tns3	chr11	8431651	8433028	-	Tns3	1377	43.57
N4265	5270	ENSMUST00000089027.2|ENSMUSG00000068040|Tm9sf4	chr2	153208904	153210466	+	Tm9sf4	1562	51.22
N4266	5271	ENSMUST00000099194.3|ENSMUSG00000074671|Tspyl3	chr2	153222369	153223463	-	Tspyl3	1094	44.33
N4267	5272	ENSMUST00000170297.7|ENSMUSG00000046020|Pofut1	chr2	153248709	153265912	+	Pofut1	17203	46.18
N4268	5273	ENSMUST00000028977.6|ENSMUSG00000027475|Kif3b	chr2	153332002	153333390	+	Kif3b	1388	45.53
N4269	5274	ENSMUST00000227428.1|ENSMUSG00000042548|Asxl1	chr2	153402875	153404007	+	Asxl1	1132	44.88
N4270	5275	ENSMUST00000035346.13|ENSMUSG00000061411|Nol4l	chr2	153407461	153408987	-	Nol4l	1526	43.97
N4271	5276	ENSMUST00000071852.9|ENSMUSG00000056941|Commd7	chr2	153616932	153619051	-	Commd7	2119	45.02
N4272	5277	ENSMUST00000028981.8|ENSMUSG00000027479|Mapre1	chr2	153768122	153773310	+	Mapre1	5188	41.9
N4273	5278	ENSMUST00000028991.6|ENSMUSG00000027488|Snta1	chr2	154376312	154376586	-	Snta1	274	56.2
N4274	5279	ENSMUST00000109725.7|ENSMUSG00000038533|Cbfa2t2	chr2	154535452	154539356	+	Cbfa2t2	3904	45.57
N4275	528	ENSMUST00000129115.1|ENSMUSG00000020413|Hus1	chr11	8993136	8996688	-	Hus1	3552	43.3
N4276	5280	ENSMUST00000109716.8|ENSMUSG00000027489|Necab3	chr2	154544398	154544749	-	Necab3	351	51.57
N4277	5281	ENSMUST00000103145.10|ENSMUSG00000027490|E2f1	chr2	154559406	154560400	-	E2f1	994	52.31
N4278	5282	ENSMUST00000000896.10|ENSMUSG00000000876|Pxmp4	chr2	154585757	154587224	-	Pxmp4	1467	48.06
N4279	5283	ENSMUST00000116389.8|ENSMUSG00000027593|Raly	chr2	154866100	154867261	+	Raly	1161	45.99
N4280	5285	ENSMUST00000054607.15|ENSMUSG00000027597|Ahcy	chr2	155059309	155059978	-	Ahcy	669	43.05
N4281	5286	ENSMUST00000029126.14|ENSMUSG00000027598|Itch	chr2	155224720	155226855	+	Itch	2135	39.91
N4282	5287	ENSMUST00000109682.8|ENSMUSG00000047459|Dynlrb1	chr2	155250112	155250277	+	Dynlrb1	165	54.55
N4283	5289	ENSMUST00000077626.12|ENSMUSG00000038383|Pigu	chr2	155278242	155278387	-	Pigu	145	43.45
N4284	529	ENSMUST00000047689.10|ENSMUSG00000035455|Fignl1	chr11	11800287	11800597	-	Fignl1	310	28.39
N4285	5291	ENSMUST00000029131.10|ENSMUSG00000027603|Ggt7	chr2	155490378	155490633	-	Ggt7	255	49.41
N4286	5292	ENSMUST00000079691.12|ENSMUSG00000027610|Gss	chr2	155563180	155563409	-	Gss	229	49.78
N4287	5293	ENSMUST00000041059.11|ENSMUSG00000038324|Trpc4ap	chr2	155634270	155634566	-	Trpc4ap	296	50.0
N4288	5294	ENSMUST00000040833.4|ENSMUSG00000038312|Edem2	chr2	155701676	155701946	-	Edem2	270	46.67
N4289	5295	ENSMUST00000029140.11|ENSMUSG00000027611|Procr	chr2	155755155	155755471	+	Procr	316	37.03
N4290	5296	ENSMUST00000029141.5|ENSMUSG00000027612|Mmp24	chr2	155816271	155818366	+	Mmp24	2095	56.04
N4291	5297	ENSMUST00000124586.1|ENSMUSG00000074649|BC029722	chr2	155817729	155818776	-	BC029722	1047	54.63
N4292	5298	ENSMUST00000154841.7|ENSMUSG00000027613|Eif6	chr2	155820032	155822836	-	Eif6	2804	46.29
N4293	5299	ENSMUST00000131144.7|ENSMUSG00000038180|Spag4	chr2	156066302	156067528	+	Spag4	1226	58.73
N4294	53	ENSMUST00000039882.12|ENSMUSG00000037370|Enpp1	chr10	24641434	24661801	-	Enpp1	20367	40.65
N4295	530	ENSMUST00000066237.9|ENSMUSG00000020182|Ddc	chr11	11814100	11815079	-	Ddc	979	37.39
N4296	5300	ENSMUST00000109607.9|ENSMUSG00000074643|Cpne1	chr2	156071844	156072992	-	Cpne1	1148	37.98
N4297	5301	ENSMUST00000160165.7|ENSMUSG00000098950|Gm28036	chr2	156078928	156094926	-	Gm28036	15998	42.86
N4298	5302	ENSMUST00000059647.11|ENSMUSG00000089824|Rbm12	chr2	156091957	156094973	-	Rbm12	3016	35.01
N4299	5304	ENSMUST00000155837.7|ENSMUSG00000027620|Rbm39	chr2	156147939	156178681	-	Rbm39	30742	36.2
N4300	5305	ENSMUST00000037401.9|ENSMUSG00000038116|Phf20	chr2	156307584	156309952	+	Phf20	2368	42.36
N4301	5306	ENSMUST00000103137.9|ENSMUSG00000027624|Epb41l1	chr2	156540082	156543214	+	Epb41l1	3132	51.25
N4302	5307	ENSMUST00000029158.3|ENSMUSG00000027628|Aar2	chr2	156567959	156568972	+	Aar2	1013	50.64
N4303	5308	ENSMUST00000169464.8|ENSMUSG00000061689|Dlgap4	chr2	156763051	156764363	+	Dlgap4	1312	55.49
N4304	5309	ENSMUST00000088552.6|ENSMUSG00000067818|Myl9	chr2	156781404	156781658	+	Myl9	254	57.09
N4305	531	ENSMUST00000109654.7|ENSMUSG00000020176|Grb10	chr11	11930507	11933314	-	Grb10	2807	44.1
N4306	5310	ENSMUST00000081335.12|ENSMUSG00000062175|Tgif2	chr2	156853991	156855570	+	Tgif2	1579	49.59
N4307	5311	ENSMUST00000029165.3|ENSMUSG00000027637|Rab5if	chr2	156873312	156873563	+	Rab5if	251	41.83
N4308	5312	ENSMUST00000103129.8|ENSMUSG00000027635|Dsn1	chr2	156995264	156995589	-	Dsn1	325	36.62
N4309	5313	ENSMUST00000123932.7|ENSMUSG00000027639|Samhd1	chr2	157099400	157121784	-	Samhd1	22384	43.79
N4310	5314	ENSMUST00000029170.7|ENSMUSG00000027641|Rbl1	chr2	157145892	157147357	-	Rbl1	1465	34.95
N4311	5315	ENSMUST00000116380.8|ENSMUSG00000027642|Rpn2	chr2	157325887	157326319	+	Rpn2	432	42.82
N4312	5316	ENSMUST00000081202.5|ENSMUSG00000063019|Manbal	chr2	157396402	157396763	+	Manbal	361	53.19
N4313	5317	ENSMUST00000029175.13|ENSMUSG00000027646|Src	chr2	157470898	157471862	+	Src	964	56.33
N4314	5318	ENSMUST00000109528.8|ENSMUSG00000067787|Blcap	chr2	157556361	157557041	-	Blcap	680	46.47
N4315	532	ENSMUST00000172956.7|ENSMUSG00000020173|Cobl	chr11	12237110	12253088	-	Cobl	15978	44.04
N4316	5320	ENSMUST00000029178.6|ENSMUSG00000027649|Ctnnbl1	chr2	157891141	157891614	+	Ctnnbl1	473	57.29
N4317	5321	ENSMUST00000109523.1|ENSMUSG00000037843|Vstm2l	chr2	157944358	157944719	+	Vstm2l	361	69.81
N4318	5322	ENSMUST00000029179.10|ENSMUSG00000027650|Tti1	chr2	157981802	157982111	-	Tti1	309	43.04
N4319	5323	ENSMUST00000174718.1|ENSMUSG00000037820|Tgm2	chr2	158127344	158129274	-	Tgm2	1930	51.87
N4320	5324	ENSMUST00000016168.8|ENSMUSG00000016024|Lbp	chr2	158332136	158332852	+	Lbp	716	52.23
N4321	5325	ENSMUST00000109488.7|ENSMUSG00000044349|Snhg11	chr2	158381261	158386145	+	Snhg11	4884	42.38
N4322	5327	ENSMUST00000052927.10|ENSMUSG00000037754|Ppp1r16b	chr2	158763156	158766334	+	Ppp1r16b	3178	47.95
N4323	5328	ENSMUST00000029186.13|ENSMUSG00000027655|Dhx35	chr2	158857274	158858214	+	Dhx35	940	52.45
N4324	5329	ENSMUST00000099126.4|ENSMUSG00000074622|Mafb	chr2	160363702	160365273	-	Mafb	1571	41.95
N4325	533	ENSMUST00000109643.7|ENSMUSG00000078974|Sec61g	chr11	16500529	16501649	-	Sec61g	1120	40.8
N4326	5331	ENSMUST00000151590.7|ENSMUSG00000016933|Plcg1	chr2	160754941	160762502	+	Plcg1	7561	51.06
N4327	5332	ENSMUST00000103111.8|ENSMUSG00000035877|Zhx3	chr2	160765184	160771402	-	Zhx3	6218	46.93
N4328	5333	ENSMUST00000109455.8|ENSMUSG00000027412|Lpin3	chr2	160905664	160906002	+	Lpin3	338	46.45
N4329	5334	ENSMUST00000039782.13|ENSMUSG00000057133|Chd6	chr2	160946977	160947894	-	Chd6	917	37.4
N4330	5336	ENSMUST00000130411.6|ENSMUSG00000016921|Srsf6	chr2	162935113	162937121	+	Srsf6	2008	36.5
N4331	5337	ENSMUST00000018002.12|ENSMUSG00000017858|Ift52	chr2	163045760	163046141	+	Ift52	381	40.94
N4332	5338	ENSMUST00000018005.9|ENSMUSG00000017861|Mybl2	chr2	163083582	163084688	+	Mybl2	1106	52.44
N4333	5339	ENSMUST00000109428.8|ENSMUSG00000074607|Tox2	chr2	163323669	163324170	+	Tox2	501	43.11
N4334	534	ENSMUST00000020329.12|ENSMUSG00000020122|Egfr	chr11	16913683	16918158	+	Egfr	4475	39.26
N4335	5340	ENSMUST00000046908.9|ENSMUSG00000035399|Oser1	chr2	163405821	163406098	-	Oser1	277	38.27
N4336	5341	ENSMUST00000109420.9|ENSMUSG00000017943|Gdap1l1	chr2	163454785	163455324	+	Gdap1l1	539	52.13
N4337	5342	ENSMUST00000109418.1|ENSMUSG00000048486|Fitm2	chr2	163466378	163468935	-	Fitm2	2557	47.56
N4338	5343	ENSMUST00000109405.9|ENSMUSG00000017679|Ttpal	chr2	163613941	163619013	+	Ttpal	5072	46.75
N4339	5344	ENSMUST00000017851.3|ENSMUSG00000017707|Serinc3	chr2	163623271	163624856	-	Serinc3	1585	38.23
N4340	5347	ENSMUST00000018470.9|ENSMUSG00000018326|Ywhab	chr2	164017194	164018588	+	Ywhab	1394	43.97
N4341	5348	ENSMUST00000018466.3|ENSMUSG00000018322|Tomm34	chr2	164053539	164053822	-	Tomm34	283	44.88
N4342	5349	ENSMUST00000018353.13|ENSMUSG00000018209|Stk4	chr2	164151979	164155524	+	Stk4	3545	45.47
N4343	5350	ENSMUST00000109367.9|ENSMUSG00000017002|Slpi	chr2	164354069	164354728	-	Slpi	659	49.62
N4344	5351	ENSMUST00000017153.3|ENSMUSG00000017009|Sdc4	chr2	164424246	164425593	-	Sdc4	1347	45.06
N4345	5352	ENSMUST00000164863.1|ENSMUSG00000090996|Gm20458	chr2	164488705	164490760	+	Gm20458	2055	46.52
N4346	5353	ENSMUST00000109349.8|ENSMUSG00000017734|Dbndd2	chr2	164490610	164493319	+	Dbndd2	2709	44.15
N4347	5354	ENSMUST00000017443.13|ENSMUSG00000017299|Dnttip1	chr2	164768149	164768607	+	Dnttip1	458	46.72
N4348	5355	ENSMUST00000056181.6|ENSMUSG00000050373|Snx21	chr2	164792616	164793810	+	Snx21	1194	52.93
N4349	5356	ENSMUST00000134611.3|ENSMUSG00000017307|Acot8	chr2	164792764	164794984	-	Acot8	2220	50.09
N4350	5357	ENSMUST00000052107.4|ENSMUSG00000045822|Zswim3	chr2	164821837	164822130	+	Zswim3	293	48.12
N4351	5359	ENSMUST00000103092.8|ENSMUSG00000017760|Ctsa	chr2	164840537	164841032	+	Ctsa	495	46.87
N4352	536	ENSMUST00000058159.5|ENSMUSG00000044629|Cnrip1	chr11	17078892	17079371	+	Cnrip1	479	34.66
N4353	5360	ENSMUST00000041643.4|ENSMUSG00000039849|Pcif1	chr2	164891265	164894454	+	Pcif1	3189	55.16
N4354	5361	ENSMUST00000183830.7|ENSMUSG00000039834|Zfp335	chr2	164891881	164899870	-	Zfp335	7989	53.05
N4355	5362	ENSMUST00000017881.2|ENSMUSG00000017737|Mmp9	chr2	164955323	164955850	+	Mmp9	527	46.87
N4356	5363	ENSMUST00000202136.1|ENSMUSG00000017740|Slc12a5	chr2	164987632	164990275	+	Slc12a5	2643	54.79
N4357	5364	ENSMUST00000122070.1|ENSMUSG00000039804|Ncoa5	chr2	165000362	165000797	-	Ncoa5	435	47.13
N4358	5365	ENSMUST00000017799.11|ENSMUSG00000017652|Cd40	chr2	165071262	165072948	+	Cd40	1686	44.54
N4359	5366	ENSMUST00000138643.1|ENSMUSG00000053166|Cdh22	chr2	165112326	165135160	-	Cdh22	22834	52.97
N4360	5367	ENSMUST00000132270.7|ENSMUSG00000017664|Slc35c2	chr2	165276553	165280616	-	Slc35c2	4063	55.5
N4361	5368	ENSMUST00000126318.7|ENSMUSG00000017670|Elmo2	chr2	165308912	165311622	-	Elmo2	2710	53.8
N4362	5369	ENSMUST00000103084.3|ENSMUSG00000017667|Zfp334	chr2	165374263	165377603	-	Zfp334	3340	48.89
N4363	537	ENSMUST00000102880.4|ENSMUSG00000033953|Ppp3r1	chr11	17199277	17200375	+	Ppp3r1	1098	38.43
N4364	5370	ENSMUST00000029208.14|ENSMUSG00000018459|Slc13a3	chr2	165405027	165405839	-	Slc13a3	812	52.71
N4365	5371	ENSMUST00000039007.6|ENSMUSG00000039725|Trp53rka	chr2	165490109	165490582	-	Trp53rka	473	46.93
N4366	5372	ENSMUST00000029196.4|ENSMUSG00000027661|Slc2a10	chr2	165519460	165519917	+	Slc2a10	457	46.61
N4367	5373	ENSMUST00000063433.7|ENSMUSG00000017897|Eya2	chr2	165771369	165771727	+	Eya2	358	49.44
N4368	5374	ENSMUST00000088095.5|ENSMUSG00000027678|Ncoa3	chr2	166070779	166073242	+	Ncoa3	2463	44.74
N4369	5375	ENSMUST00000109249.8|ENSMUSG00000006800|Sulf2	chr2	166073088	166074168	-	Sulf2	1080	46.3
N4370	5376	ENSMUST00000036719.11|ENSMUSG00000039621|Prex1	chr2	166566341	166567184	-	Prex1	843	47.09
N4371	5377	ENSMUST00000151826.1|ENSMUSG00000042854|Trp53rkb	chr2	166796012	166799505	+	Trp53rkb	3493	47.92
N4372	5378	ENSMUST00000099078.9|ENSMUSG00000074582|Arfgef2	chr2	166894986	166898052	+	Arfgef2	3066	45.3
N4373	5379	ENSMUST00000169290.7|ENSMUSG00000002718|Cse1l	chr2	166930752	166946101	+	Cse1l	15349	42.66
N4374	538	ENSMUST00000046955.6|ENSMUSG00000078970|Wdr92	chr11	17233224	17233796	+	Wdr92	572	39.34
N4375	5380	ENSMUST00000109235.7|ENSMUSG00000039536|Stau1	chr2	166947548	166948458	-	Stau1	910	42.86
N4376	5381	ENSMUST00000048988.13|ENSMUSG00000039501|Znfx1	chr2	167035792	167036061	-	Znfx1	269	40.89
N4377	5382	ENSMUST00000207917.1|ENSMUSG00000050556|Kcnb1	chr2	167095968	167103720	-	Kcnb1	7752	48.25
N4378	5383	ENSMUST00000018113.7|ENSMUSG00000017969|Ptgis	chr2	167202906	167203175	-	Ptgis	269	50.19
N4379	5384	ENSMUST00000109221.8|ENSMUSG00000017929|B4galt5	chr2	167298443	167301169	-	B4galt5	2726	51.39
N4380	5385	ENSMUST00000047815.12|ENSMUSG00000039463|Slc9a8	chr2	167474629	167477000	+	Slc9a8	2371	55.63
N4381	5386	ENSMUST00000057627.15|ENSMUSG00000047030|Spata2	chr2	167481132	167482968	-	Spata2	1836	49.07
N4382	5387	ENSMUST00000127939.1|ENSMUSG00000006418|Rnf114	chr2	167511326	167516164	+	Rnf114	4838	49.77
N4383	5388	ENSMUST00000052631.7|ENSMUSG00000042821|Snai1	chr2	167542384	167542814	+	Snai1	430	48.14
N4384	539	ENSMUST00000020317.7|ENSMUSG00000020116|Pno1	chr11	17203197	17203590	-	Pno1	393	29.01
N4385	5391	ENSMUST00000006587.6|ENSMUSG00000090213|Tmem189	chr2	167642607	167643416	-	Tmem189	809	43.39
N4386	5392	ENSMUST00000070642.3|ENSMUSG00000056501|Cebpb	chr2	167690151	167690418	+	Cebpb	267	38.58
N4387	5393	ENSMUST00000029053.7|ENSMUSG00000027540|Ptpn1	chr2	167976786	167979385	+	Ptpn1	2599	55.02
N4388	5394	ENSMUST00000099073.2|ENSMUSG00000074577|Ripor3	chr2	167980165	167980415	-	Ripor3	250	52.4
N4389	5395	ENSMUST00000057793.10|ENSMUSG00000051149|Adnp	chr2	168180985	168181898	-	Adnp	913	37.79
N4390	5396	ENSMUST00000138667.1|ENSMUSG00000093752|Gm20716	chr2	168180985	168210383	-	Gm20716	29398	44.21
N4391	5397	ENSMUST00000099072.10|ENSMUSG00000078919|Dpm1	chr2	168210541	168217610	-	Dpm1	7069	44.79
N4392	5398	ENSMUST00000099071.4|ENSMUSG00000074576|Mocs3	chr2	168232165	168232594	+	Mocs3	429	46.62
N4393	54	ENSMUST00000020161.9|ENSMUSG00000019987|Arg1	chr10	24915220	24915382	-	Arg1	162	34.57
N4394	540	ENSMUST00000000594.8|ENSMUSG00000000581|C1d	chr11	17267019	17269176	+	C1d	2157	35.05
N4395	5400	ENSMUST00000185239.1|ENSMUSG00000047907|Tshz2	chr2	169888372	170071816	+	Tshz2	183444	46.85
N4396	5402	ENSMUST00000063682.11|ENSMUSG00000052033|Pfdn4	chr2	170518952	170519123	+	Pfdn4	171	24.56
N4397	5403	ENSMUST00000029075.4|ENSMUSG00000027560|Dok5	chr2	170879421	170879769	+	Dok5	348	44.54
N4398	5404	ENSMUST00000028995.4|ENSMUSG00000027495|Fam210b	chr2	172353576	172355749	+	Fam210b	2173	47.63
N4399	5406	ENSMUST00000116375.1|ENSMUSG00000027498|Cstf1	chr2	172380935	172382448	+	Cstf1	1513	52.21
N4400	5408	ENSMUST00000009143.7|ENSMUSG00000008999|Bmp7	chr2	172868011	172869853	-	Bmp7	1842	49.62
N4401	5409	ENSMUST00000029013.9|ENSMUSG00000027509|Rae1	chr2	173015517	173015739	+	Rae1	222	49.1
N4402	541	ENSMUST00000093299.12|ENSMUSG00000045671|Spred2	chr11	20022383	20024026	+	Spred2	1643	44.86
N4403	5410	ENSMUST00000029018.13|ENSMUSG00000027514|Zbp1	chr2	173206611	173206887	-	Zbp1	276	51.09
N4404	5411	ENSMUST00000036248.12|ENSMUSG00000038400|Pmepa1	chr2	173224457	173227522	-	Pmepa1	3065	50.08
N4405	5412	ENSMUST00000142820.7|ENSMUSG00000027519|Rab22a	chr2	173695425	173707315	+	Rab22a	11890	46.18
N4406	5413	ENSMUST00000067530.5|ENSMUSG00000054455|Vapb	chr2	173779095	173784339	+	Vapb	5244	47.86
N4407	5414	ENSMUST00000087908.9|ENSMUSG00000027522|Stx16	chr2	174097300	174099771	+	Stx16	2471	44.11
N4408	5415	ENSMUST00000109096.8|ENSMUSG00000027523|Gnas	chr2	174285583	174346744	+	Gnas	61161	47.7
N4409	5416	ENSMUST00000168292.1|ENSMUSG00000090625|Gm20721	chr2	174330318	174334126	-	Gm20721	3808	47.11
N4410	5418	ENSMUST00000016400.8|ENSMUSG00000016256|Ctsz	chr2	174427492	174427709	-	Ctsz	217	50.69
N4411	5419	ENSMUST00000016396.7|ENSMUSG00000016252|Atp5e	chr2	174461071	174462354	-	Atp5e	1283	49.1
N4412	542	ENSMUST00000000137.7|ENSMUSG00000020152|Actr2	chr11	20062303	20064540	-	Actr2	2237	36.61
N4413	5421	ENSMUST00000029030.8|ENSMUSG00000027524|Edn3	chr2	174782409	174784042	+	Edn3	1633	44.21
N4414	5422	ENSMUST00000109059.7|ENSMUSG00000090093|Gm14399	chr2	175132481	175132748	-	Gm14399	267	35.21
N4415	5424	ENSMUST00000109051.7|ENSMUSG00000078901|Gm14440	chr2	175284483	175286805	+	Gm14440	2322	35.96
N4416	5425	ENSMUST00000121393.8|ENSMUSG00000078899|Gm4631	chr2	175321954	175323768	-	Gm4631	1814	41.12
N4417	5426	ENSMUST00000131676.7|ENSMUSG00000078898|Zfp968	chr2	175381017	175381786	+	Zfp968	769	33.16
N4418	5427	ENSMUST00000152941.1|ENSMUSG00000078897|Gm4724	chr2	175423892	175424610	-	Gm4724	718	32.87
N4419	5428	ENSMUST00000109042.9|ENSMUSG00000078896|Zfp965	chr2	175478650	175479337	+	Zfp965	687	33.04
N4420	5429	ENSMUST00000109020.8|ENSMUSG00000078889|Gm14288	chr2	175789356	175791679	-	Gm14288	2323	36.07
N4421	543	ENSMUST00000020358.11|ENSMUSG00000020149|Rab1a	chr11	20225277	20226856	+	Rab1a	1579	40.72
N4422	5430	ENSMUST00000109011.7|ENSMUSG00000078887|Gm6710	chr2	175878860	175879656	+	Gm6710	796	31.53
N4423	5431	ENSMUST00000109007.7|ENSMUSG00000078886|Gm2026	chr2	175977100	175977635	+	Gm2026	535	30.28
N4424	5433	ENSMUST00000127687.7|ENSMUSG00000089951|Zfp968-ps	chr2	176432492	176433086	+	Zfp968-ps	594	33.67
N4425	5435	ENSMUST00000238250.1|ENSMUSG00000095199|Zfp967	chr2	176533421	176533785	+	Zfp967	364	42.31
N4426	5436	ENSMUST00000119149.7|ENSMUSG00000078880|Gm14308	chr2	176624193	176624580	-	Gm14308	387	27.39
N4427	5437	ENSMUST00000108980.8|ENSMUSG00000078878|Gm14305	chr2	176719501	176720203	+	Gm14305	702	32.91
N4428	5438	ENSMUST00000118012.8|ENSMUSG00000078877|Gm14295	chr2	176808012	176808618	+	Gm14295	606	32.18
N4429	5439	ENSMUST00000134982.7|ENSMUSG00000074527|Gm14296	chr2	176892508	176902600	-	Gm14296	10092	44.36
N4430	544	ENSMUST00000109594.7|ENSMUSG00000020142|Slc1a4	chr11	20302179	20303880	-	Slc1a4	1701	47.68
N4431	5440	ENSMUST00000156844.7|ENSMUSG00000078875|Gm14419	chr2	177010226	177010513	+	Gm14419	287	32.4
N4432	5441	ENSMUST00000108964.1|ENSMUSG00000078870|Gm14410	chr2	177194848	177195283	-	Gm14410	435	35.4
N4433	5442	ENSMUST00000108955.1|ENSMUSG00000078867|Gm14418	chr2	177388084	177388795	-	Gm14418	711	31.08
N4434	5443	ENSMUST00000099002.9|ENSMUSG00000078866|Zfp970	chr2	177477827	177478129	+	Zfp970	302	44.04
N4435	5444	ENSMUST00000108935.7|ENSMUSG00000074521|Gm14327	chr2	177905100	177905784	+	Gm14327	684	31.73
N4436	5445	ENSMUST00000108932.7|ENSMUSG00000078862|Gm14326	chr2	177935992	177936285	-	Gm14326	293	40.61
N4437	5446	ENSMUST00000108925.9|ENSMUSG00000074519|Zfp971	chr2	178031917	178032287	+	Zfp971	370	35.68
N4438	5447	ENSMUST00000108923.1|ENSMUSG00000078861|Zfp931	chr2	178068489	178069011	-	Zfp931	522	29.31
N4439	5448	ENSMUST00000108917.7|ENSMUSG00000027525|Phactr3	chr2	178335935	178338492	+	Phactr3	2557	36.25
N4440	5449	ENSMUST00000058678.4|ENSMUSG00000049999|Ppp1r3d	chr2	178411205	178412597	-	Ppp1r3d	1392	43.18
N4441	545	ENSMUST00000093292.10|ENSMUSG00000049800|Sertad2	chr11	20648900	20653021	+	Sertad2	4121	43.41
N4442	5450	ENSMUST00000094251.10|ENSMUSG00000070476|Fam217b	chr2	178421851	178424428	+	Fam217b	2577	44.97
N4443	5451	ENSMUST00000000314.12|ENSMUSG00000000305|Cdh4	chr2	179896209	179899373	+	Cdh4	3164	51.23
N4444	5452	ENSMUST00000041618.12|ENSMUSG00000039117|Taf4	chr2	179912151	179912685	-	Taf4	534	31.65
N4445	5453	ENSMUST00000041126.8|ENSMUSG00000039086|Ss18l1	chr2	180067506	180070201	+	Ss18l1	2695	41.63
N4446	5454	ENSMUST00000166724.1|ENSMUSG00000039059|Hrh3	chr2	180100278	180102708	-	Hrh3	2430	57.78
N4447	5455	ENSMUST00000040668.8|ENSMUSG00000039050|Osbpl2	chr2	180162254	180162680	+	Osbpl2	426	45.77
N4448	5456	ENSMUST00000108891.1|ENSMUSG00000038990|Cables2	chr2	180258539	180259039	-	Cables2	500	43.0
N4449	5458	ENSMUST00000029087.3|ENSMUSG00000049401|Ogfr	chr2	180595673	180595836	+	Ogfr	163	58.9
N4450	5459	ENSMUST00000132527.8|ENSMUSG00000027570|Col9a3	chr2	180621665	180622189	+	Col9a3	524	36.26
N4451	546	ENSMUST00000047028.8|ENSMUSG00000042363|Lgalsl	chr11	20823575	20824589	-	Lgalsl	1014	42.11
N4452	5460	ENSMUST00000029090.8|ENSMUSG00000027573|Gid8	chr2	180718319	180718733	+	Gid8	414	41.79
N4453	5461	ENSMUST00000037299.14|ENSMUSG00000038848|Ythdf1	chr2	180904376	180904827	-	Ythdf1	451	42.79
N4454	5462	ENSMUST00000103053.9|ENSMUSG00000027574|Nkain4	chr2	180934771	180934871	-	Nkain4	100	28.0
N4455	5463	ENSMUST00000029092.12|ENSMUSG00000027575|Arfgap1	chr2	180982126	180982526	+	Arfgap1	400	55.75
N4456	5464	ENSMUST00000149964.8|ENSMUSG00000016346|Kcnq2	chr2	181075578	181080904	-	Kcnq2	5326	50.83
N4457	5465	ENSMUST00000016488.12|ENSMUSG00000016344|Ppdpf	chr2	181188447	181188771	+	Ppdpf	324	54.01
N4458	5466	ENSMUST00000108831.7|ENSMUSG00000027580|Helz2	chr2	181227614	181228596	-	Helz2	982	48.27
N4459	5467	ENSMUST00000141110.7|ENSMUSG00000038705|Gmeb2	chr2	181253784	181264947	-	Gmeb2	11163	43.74
N4460	5469	ENSMUST00000183499.1|ENSMUSG00000038671|Arfrp1	chr2	181359714	181364013	-	Arfrp1	4299	47.48
N4461	547	ENSMUST00000093290.11|ENSMUSG00000020134|Peli1	chr11	21149003	21150323	+	Peli1	1320	34.39
N4462	5470	ENSMUST00000116366.8|ENSMUSG00000027582|Zgpat	chr2	181380661	181383628	+	Zgpat	2967	54.97
N4463	5471	ENSMUST00000108804.2|ENSMUSG00000090077|Lime1	chr2	181383431	181383628	+	Lime1	197	48.22
N4464	5472	ENSMUST00000029106.12|ENSMUSG00000027583|Zbtb46	chr2	181387761	181390915	-	Zbtb46	3154	45.21
N4465	5473	ENSMUST00000184588.7|ENSMUSG00000000827|Tpd52l2	chr2	181502171	181515115	+	Tpd52l2	12944	44.31
N4466	5474	ENSMUST00000072334.11|ENSMUSG00000000826|Dnajc5	chr2	181552538	181555133	+	Dnajc5	2595	46.9
N4467	5475	ENSMUST00000129469.7|ENSMUSG00000089917|Uckl1	chr2	181569162	181569467	-	Uckl1	305	40.33
N4468	5476	ENSMUST00000108789.8|ENSMUSG00000000823|Zfp512b	chr2	181582102	181584673	-	Zfp512b	2571	50.8
N4469	5477	ENSMUST00000183836.1|ENSMUSG00000038605|Samd10	chr2	181595220	181597171	-	Samd10	1951	50.74
N4470	5478	ENSMUST00000054491.5|ENSMUSG00000046470|Sox18	chr2	181669835	181670051	-	Sox18	216	32.41
N4471	5479	ENSMUST00000108779.7|ENSMUSG00000002458|Rgs19	chr2	181688421	181689376	-	Rgs19	955	47.75
N4472	548	ENSMUST00000006221.13|ENSMUSG00000020128|Vps54	chr11	21320169	21321136	+	Vps54	967	31.95
N4473	5480	ENSMUST00000108754.7|ENSMUSG00000027589|Pcmtd2	chr2	181855419	181857446	+	Pcmtd2	2027	33.65
N4474	5481	ENSMUST00000039551.8|ENSMUSG00000038628|Polr3k	chr2	181869448	181870830	+	Polr3k	1382	39.87
N4475	5482	ENSMUST00000165309.7|ENSMUSG00000040374|Pex2	chr3	5560187	5560663	-	Pex2	476	34.03
N4476	5483	ENSMUST00000028999.11|ENSMUSG00000027499|Pkia	chr3	7442418	7445366	+	Pkia	2948	36.64
N4477	5484	ENSMUST00000051064.8|ENSMUSG00000043542|Zc2hc1a	chr3	7551842	7553836	+	Zc2hc1a	1994	34.35
N4478	5486	ENSMUST00000042412.4|ENSMUSG00000040289|Hey1	chr3	8663358	8663658	-	Hey1	300	34.67
N4479	5487	ENSMUST00000041124.12|ENSMUSG00000040209|Zfp704	chr3	9427019	9430569	-	Zfp704	3550	43.55
N4480	5488	ENSMUST00000161949.7|ENSMUSG00000027508|Pag1	chr3	9687478	9693247	-	Pag1	5769	42.31
N4481	5489	ENSMUST00000029046.8|ENSMUSG00000027533|Fabp5	chr3	10016268	10016607	+	Fabp5	339	35.99
N4482	549	ENSMUST00000102875.10|ENSMUSG00000001891|Ugp2	chr11	21321137	21321814	-	Ugp2	677	38.55
N4483	5490	ENSMUST00000029041.5|ENSMUSG00000062515|Fabp4	chr3	10204087	10204371	-	Fabp4	284	31.69
N4484	5491	ENSMUST00000065938.14|ENSMUSG00000027531|Impa1	chr3	10311955	10314204	-	Impa1	2249	44.02
N4485	5492	ENSMUST00000192603.1|ENSMUSG00000103392|Gm38303	chr3	10321711	10322903	-	Gm38303	1192	44.04
N4486	5493	ENSMUST00000191826.1|ENSMUSG00000027536|Chmp4c	chr3	10419223	10428856	+	Chmp4c	9633	37.22
N4487	5494	ENSMUST00000099223.10|ENSMUSG00000027534|Snx16	chr3	10417816	10418978	-	Snx16	1162	33.48
N4488	5495	ENSMUST00000108372.3|ENSMUSG00000039717|Ralyl	chr3	14181791	14182287	+	Ralyl	496	36.9
N4489	5496	ENSMUST00000165436.1|ENSMUSG00000027550|Lrrcc1	chr3	14540114	14551473	+	Lrrcc1	11359	37.25
N4490	5497	ENSMUST00000029069.12|ENSMUSG00000027552|E2f5	chr3	14606035	14606309	+	E2f5	274	35.77
N4491	5498	ENSMUST00000186870.6|ENSMUSG00000078784|Rbis	chr3	14606288	14606682	-	Rbis	394	34.52
N4492	5499	ENSMUST00000029071.8|ENSMUSG00000027555|Car13	chr3	14661923	14663002	+	Car13	1079	34.48
N4493	55	ENSMUST00000100012.2|ENSMUSG00000039166|Akap7	chr10	25169089	25169987	-	Akap7	898	36.53
N4494	550	ENSMUST00000239073.1|ENSMUSG00000020321|Mdh1	chr11	21556691	21557294	-	Mdh1	603	28.86
N4495	5501	ENSMUST00000108345.8|ENSMUSG00000047213|Ythdf3	chr3	16214770	16217037	+	Ythdf3	2267	31.14
N4496	5502	ENSMUST00000026120.7|ENSMUSG00000025128|Bhlhe22	chr3	18056003	18057517	+	Bhlhe22	1514	35.87
N4497	5503	ENSMUST00000035625.6|ENSMUSG00000039519|Cyp7b1	chr3	18071949	18072308	-	Cyp7b1	359	32.59
N4498	5504	ENSMUST00000029125.9|ENSMUSG00000027599|Armc1	chr3	19131401	19133637	-	Armc1	2236	39.27
N4499	5505	ENSMUST00000172605.1|ENSMUSG00000003617|Cp	chr3	19983521	19987396	+	Cp	3875	40.49
N4500	5506	ENSMUST00000012580.12|ENSMUSG00000027615|Hps3	chr3	19995944	19996422	-	Hps3	478	33.89
N4501	5507	ENSMUST00000145853.7|ENSMUSG00000002428|Hltf	chr3	20106528	20118476	+	Hltf	11948	38.14
N4502	5508	ENSMUST00000118015.8|ENSMUSG00000019528|Gyg	chr3	20122083	20122346	-	Gyg	263	42.97
N4503	551	ENSMUST00000006071.13|ENSMUSG00000005917|Otx1	chr11	21994763	21995585	-	Otx1	822	42.34
N4504	5510	ENSMUST00000046383.11|ENSMUSG00000039304|Tnfsf10	chr3	27335910	27339665	+	Tnfsf10	3755	41.36
N4505	5511	ENSMUST00000195008.5|ENSMUSG00000039286|Fndc3b	chr3	27416161	27417670	-	Fndc3b	1509	35.79
N4506	5512	ENSMUST00000148827.7|ENSMUSG00000027695|Pld1	chr3	28132944	28133362	+	Pld1	418	35.89
N4507	5514	ENSMUST00000193168.1|ENSMUSG00000039221|Rpl22l1	chr3	28806910	28807422	+	Rpl22l1	512	37.3
N4508	5515	ENSMUST00000172754.7|ENSMUSG00000027684|Mecom	chr3	29977343	29986940	-	Mecom	9597	41.5
N4509	5516	ENSMUST00000195396.5|ENSMUSG00000037730|Mynn	chr3	30607830	30619873	+	Mynn	12043	39.91
N4510	5517	ENSMUST00000029256.8|ENSMUSG00000027706|Sec62	chr3	30819872	30821263	+	Sec62	1391	36.45
N4511	5518	ENSMUST00000166278.6|ENSMUSG00000037661|Gpr160	chr3	30896948	30897192	+	Gpr160	244	29.92
N4512	5519	ENSMUST00000108249.8|ENSMUSG00000037643|Prkci	chr3	31050779	31052959	+	Prkci	2180	38.76
N4513	552	ENSMUST00000059319.7|ENSMUSG00000049904|Tmem17	chr11	22518889	22519234	+	Tmem17	345	37.39
N4514	5520	ENSMUST00000029194.11|ENSMUSG00000027660|Skil	chr3	31119116	31122577	+	Skil	3461	38.51
N4515	5521	ENSMUST00000046174.7|ENSMUSG00000037625|Cldn11	chr3	31163456	31164324	+	Cldn11	868	39.86
N4516	5522	ENSMUST00000029199.10|ENSMUSG00000027663|Zmat3	chr3	32334791	32341165	-	Zmat3	6374	45.42
N4517	5523	ENSMUST00000029201.13|ENSMUSG00000027665|Pik3ca	chr3	32464199	32468486	+	Pik3ca	4287	39.05
N4518	5524	ENSMUST00000193789.1|ENSMUSG00000027667|Zfp639	chr3	32520408	32520517	+	Zfp639	109	45.87
N4519	5525	ENSMUST00000091257.10|ENSMUSG00000027668|Mfn1	chr3	32577500	32579239	+	Mfn1	1739	42.32
N4520	5526	ENSMUST00000184130.6|ENSMUSG00000027669|Gnb4	chr3	32585054	32596224	-	Gnb4	11170	44.46
N4521	5527	ENSMUST00000193231.5|ENSMUSG00000027671|Actl6a	chr3	32722826	32726773	+	Actl6a	3947	43.22
N4522	5528	ENSMUST00000043966.7|ENSMUSG00000037531|Mrpl47	chr3	32725396	32726521	-	Mrpl47	1125	42.67
N4523	5529	ENSMUST00000029217.11|ENSMUSG00000027673|Ndufb5	chr3	32748567	32751246	+	Ndufb5	2679	46.44
N4524	5530	ENSMUST00000108225.9|ENSMUSG00000027674|Pex5l	chr3	32949407	32949972	-	Pex5l	565	44.6
N4525	5531	ENSMUST00000099153.9|ENSMUSG00000027677|Ttc14	chr3	33809990	33814860	+	Ttc14	4870	35.17
N4526	5532	ENSMUST00000200086.4|ENSMUSG00000027680|Fxr1	chr3	34047059	34069371	+	Fxr1	22312	36.56
N4527	5533	ENSMUST00000011029.11|ENSMUSG00000027679|Dnajc19	chr3	34056019	34057250	-	Dnajc19	1231	36.15
N4528	5534	ENSMUST00000099151.5|ENSMUSG00000074637|Sox2	chr3	34652199	34652461	+	Sox2	262	29.77
N4529	5535	ENSMUST00000198599.1|ENSMUSG00000037400|Atp11b	chr3	35849684	35856274	+	Atp11b	6590	39.21
N4530	5536	ENSMUST00000197489.4|ENSMUSG00000027708|Dcun1d1	chr3	35895309	35916188	-	Dcun1d1	20879	39.72
N4531	5537	ENSMUST00000199113.4|ENSMUSG00000027709|Mccc1	chr3	35959311	35984937	-	Mccc1	25626	43.4
N4532	5538	ENSMUST00000011492.14|ENSMUSG00000027710|Acad9	chr3	36091332	36092853	+	Acad9	1521	43.33
N4533	5539	ENSMUST00000197653.4|ENSMUSG00000033883|Zfp267	chr3	36166641	36170342	+	Zfp267	3701	40.69
N4534	554	ENSMUST00000160826.1|ENSMUSG00000098650|Commd1b	chr11	22834743	22835818	-	Commd1b	1075	36.93
N4535	5540	ENSMUST00000029266.13|ENSMUSG00000027712|Anxa5	chr3	36448922	36449155	-	Anxa5	233	33.48
N4536	5541	ENSMUST00000155866.7|ENSMUSG00000027714|Exosc9	chr3	36561267	36563271	+	Exosc9	2004	41.12
N4537	5542	ENSMUST00000029271.4|ENSMUSG00000027716|Trpc3	chr3	36620481	36620775	-	Trpc3	294	30.27
N4538	5543	ENSMUST00000071400.12|ENSMUSG00000045031|Cetn4	chr3	37307748	37308809	-	Cetn4	1061	40.43
N4539	5544	ENSMUST00000108109.7|ENSMUSG00000037211|Spry1	chr3	37643841	37644598	+	Spry1	757	41.08
N4540	5545	ENSMUST00000061260.7|ENSMUSG00000046743|Fat4	chr3	39010990	39011985	+	Fat4	995	37.49
N4541	5546	ENSMUST00000204702.2|ENSMUSG00000025757|Hspa4l	chr3	40790263	40796103	+	Hspa4l	5840	35.63
N4542	5547	ENSMUST00000203895.2|ENSMUSG00000025758|Plk4	chr3	40805920	40816751	+	Plk4	10831	37.07
N4543	5548	ENSMUST00000204054.1|ENSMUSG00000025759|Mfsd8	chr3	40819507	40835168	-	Mfsd8	15661	40.26
N4544	555	ENSMUST00000159081.7|ENSMUSG00000051355|Commd1	chr11	22896135	22899801	-	Commd1	3666	43.51
N4545	5550	ENSMUST00000026865.14|ENSMUSG00000025764|Jade1	chr3	41615916	41616864	+	Jade1	948	32.59
N4546	5551	ENSMUST00000146125.7|ENSMUSG00000059834|Sclt1	chr3	41626941	41730290	-	Sclt1	103349	37.82
N4547	5552	ENSMUST00000191794.1|ENSMUSG00000037892|Pcdh18	chr3	49743297	49744522	-	Pcdh18	1225	35.35
N4548	5553	ENSMUST00000029297.5|ENSMUSG00000027737|Slc7a11	chr3	50364937	50371946	-	Slc7a11	7009	38.66
N4549	5554	ENSMUST00000023849.14|ENSMUSG00000023087|Noct	chr3	51250697	51251644	+	Noct	947	36.33
N4550	5555	ENSMUST00000038108.11|ENSMUSG00000037152|Ndufc1	chr3	51404676	51407204	-	Ndufc1	2528	41.65
N4551	5556	ENSMUST00000193266.5|ENSMUSG00000063273|Naa15	chr3	51473896	51476507	+	Naa15	2611	39.26
N4552	5557	ENSMUST00000054387.7|ENSMUSG00000027739|Rab33b	chr3	51495383	51496232	+	Rab33b	849	36.87
N4553	5558	ENSMUST00000118075.6|ENSMUSG00000061143|Maml3	chr3	51685906	51688174	-	Maml3	2268	41.62
N4554	5559	ENSMUST00000053764.6|ENSMUSG00000044167|Foxo1	chr3	52349699	52353221	+	Foxo1	3522	45.32
N4555	556	ENSMUST00000049506.7|ENSMUSG00000044068|Zrsr1	chr11	22974757	22976496	+	Zrsr1	1739	37.78
N4556	5560	ENSMUST00000036665.9|ENSMUSG00000027742|Cog6	chr3	52981874	52982359	-	Cog6	485	35.05
N4557	5562	ENSMUST00000130348.1|ENSMUSG00000042997|Nhlrc3	chr3	53448587	53458447	-	Nhlrc3	9860	47.75
N4558	5563	ENSMUST00000146598.7|ENSMUSG00000027746|Ufm1	chr3	53853375	53856772	-	Ufm1	3397	40.51
N4559	5564	ENSMUST00000107985.9|ENSMUSG00000027750|Postn	chr3	54390730	54391037	+	Postn	307	30.94
N4560	5565	ENSMUST00000199674.4|ENSMUSG00000027751|Supt20	chr3	54718391	54728766	+	Supt20	10375	40.48
N4561	5566	ENSMUST00000178832.1|ENSMUSG00000094487|Gm21958	chr3	54713175	54713688	-	Gm21958	513	27.29
N4562	5567	ENSMUST00000154787.7|ENSMUSG00000027752|Exosc8	chr3	54729852	54730986	-	Exosc8	1134	43.12
N4563	5568	ENSMUST00000141191.7|ENSMUSG00000036632|Alg5	chr3	54746617	54751318	+	Alg5	4701	46.97
N4564	5569	ENSMUST00000044373.5|ENSMUSG00000036615|Rfxap	chr3	54803114	54804316	-	Rfxap	1202	42.26
N4565	557	ENSMUST00000094363.3|ENSMUSG00000049811|Fam161a	chr11	23029049	23030788	+	Fam161a	1739	38.3
N4566	5570	ENSMUST00000044116.13|ENSMUSG00000036580|Spg20	chr3	55136831	55137322	+	Spg20	491	32.79
N4567	5571	ENSMUST00000070418.8|ENSMUSG00000027797|Dclk1	chr3	55536443	55539064	+	Dclk1	2621	40.82
N4568	5572	ENSMUST00000029374.7|ENSMUSG00000027799|Nbea	chr3	55625194	55626755	-	Nbea	1561	38.5
N4569	5573	ENSMUST00000171384.7|ENSMUSG00000027800|Tm4sf1	chr3	57285610	57287552	-	Tm4sf1	1942	40.22
N4570	5574	ENSMUST00000029380.13|ENSMUSG00000027803|Wwtr1	chr3	57455648	57458727	-	Wwtr1	3079	36.57
N4571	5575	ENSMUST00000041954.9|ENSMUSG00000036513|Commd2	chr3	57646358	57650041	-	Commd2	3683	40.43
N4572	5576	ENSMUST00000066882.9|ENSMUSG00000027805|Pfn2	chr3	57841894	57842237	-	Pfn2	343	32.36
N4573	5577	ENSMUST00000029385.8|ENSMUSG00000027808|Serp1	chr3	58519816	58522189	-	Serp1	2373	38.9
N4574	5578	ENSMUST00000154219.7|ENSMUSG00000027810|Eif2a	chr3	58548964	58557501	+	Eif2a	8537	43.17
N4575	5579	ENSMUST00000107924.1|ENSMUSG00000075700|Selenot	chr3	58590439	58593133	+	Selenot	2694	36.01
N4576	558	ENSMUST00000102869.7|ENSMUSG00000020290|Xpo1	chr11	23296870	23298249	+	Xpo1	1379	40.39
N4577	5580	ENSMUST00000070368.7|ENSMUSG00000036432|Siah2	chr3	58674937	58675332	-	Siah2	395	40.25
N4578	5581	ENSMUST00000085040.4|ENSMUSG00000050075|Gpr171	chr3	59096447	59097142	-	Gpr171	695	36.4
N4579	5582	ENSMUST00000197841.1|ENSMUSG00000036381|P2ry14	chr3	59113854	59114817	-	P2ry14	963	46.11
N4580	5583	ENSMUST00000040622.2|ENSMUSG00000036362|P2ry13	chr3	59207891	59208374	-	P2ry13	483	43.27
N4581	5584	ENSMUST00000196583.4|ENSMUSG00000036353|P2ry12	chr3	59216271	59216639	-	P2ry12	368	29.62
N4582	5585	ENSMUST00000039419.11|ENSMUSG00000036334|Igsf10	chr3	59316734	59318241	-	Igsf10	1507	37.36
N4583	5586	ENSMUST00000194069.5|ENSMUSG00000027763|Mbnl1	chr3	60625303	60629731	+	Mbnl1	4428	34.17
N4584	5587	ENSMUST00000193201.1|ENSMUSG00000027765|P2ry1	chr3	61004746	61008982	+	P2ry1	4236	36.83
N4585	5588	ENSMUST00000049064.3|ENSMUSG00000036894|Rap2b	chr3	61365801	61368430	+	Rap2b	2629	40.32
N4586	5589	ENSMUST00000079300.12|ENSMUSG00000036885|Arhgef26	chr3	62460494	62462221	+	Arhgef26	1727	38.04
N4587	559	ENSMUST00000109539.7|ENSMUSG00000020288|Ahsa2	chr11	23487881	23489977	-	Ahsa2	2096	41.56
N4588	5590	ENSMUST00000029336.5|ENSMUSG00000027770|Dhx36	chr3	62468012	62470250	-	Dhx36	2238	36.51
N4589	5591	ENSMUST00000194134.5|ENSMUSG00000027820|Mme	chr3	63383432	63386030	+	Mme	2598	34.87
N4590	5592	ENSMUST00000061706.6|ENSMUSG00000048581|E130311K13Rik	chr3	63914683	63915104	-	E130311K13Rik	421	33.49
N4591	5593	ENSMUST00000161659.7|ENSMUSG00000027822|Slc33a1	chr3	63933506	63942538	-	Slc33a1	9032	40.79
N4592	5594	ENSMUST00000049230.10|ENSMUSG00000027827|Kcnab1	chr3	65376765	65378219	+	Kcnab1	1454	35.21
N4593	5595	ENSMUST00000029414.11|ENSMUSG00000027828|Ssr3	chr3	65379654	65381496	-	Ssr3	1842	38.22
N4594	5596	ENSMUST00000047906.9|ENSMUSG00000034640|Tiparp	chr3	65553721	65555518	+	Tiparp	1797	36.84
N4595	5597	ENSMUST00000099075.3|ENSMUSG00000074579|Lekr1	chr3	65684476	65686179	+	Lekr1	1703	32.53
N4596	5598	ENSMUST00000129002.7|ENSMUSG00000027829|Ccnl1	chr3	65946150	65955097	-	Ccnl1	8947	36.27
N4597	5599	ENSMUST00000029421.5|ENSMUSG00000027832|Ptx3	chr3	66225499	66225805	+	Ptx3	306	28.76
N4598	56	ENSMUST00000218232.1|ENSMUSG00000049420|Tmem200a	chr10	25991185	25992745	-	Tmem200a	1560	37.12
N4599	560	ENSMUST00000043356.12|ENSMUSG00000042208|0610010F05Rik	chr11	23573250	23574007	-	0610010F05Rik	757	43.06
N4600	5600	ENSMUST00000161726.1|ENSMUSG00000034544|Rsrc1	chr3	67356754	67358396	+	Rsrc1	1642	43.42
N4601	5601	ENSMUST00000126628.6|ENSMUSG00000048416|Mlf1	chr3	67393008	67395299	+	Mlf1	2291	32.17
N4602	5602	ENSMUST00000077271.8|ENSMUSG00000027774|Gfm1	chr3	67474998	67476529	+	Gfm1	1531	41.41
N4603	5603	ENSMUST00000058981.2|ENSMUSG00000047557|Lxn	chr3	67457997	67458080	-	Lxn	83	43.37
N4604	5604	ENSMUST00000054825.4|ENSMUSG00000049404|Rarres1	chr3	67478971	67479169	-	Rarres1	198	28.28
N4605	5605	ENSMUST00000029344.9|ENSMUSG00000027775|Mfsd1	chr3	67602952	67604237	+	Mfsd1	1285	42.26
N4606	5606	ENSMUST00000182006.3|ENSMUSG00000102422|Iqschfp	chr3	68626027	68626466	+	Iqschfp	439	33.03
N4607	5607	ENSMUST00000182532.7|ENSMUSG00000027777|Schip1	chr3	68626027	68626481	+	Schip1	454	33.04
N4608	5608	ENSMUST00000054551.2|ENSMUSG00000046999|1110032F04Rik	chr3	68871113	68872163	+	1110032F04Rik	1050	34.95
N4609	5609	ENSMUST00000107812.7|ENSMUSG00000027778|Ift80	chr3	68892498	68893614	-	Ift80	1116	38.62
N4610	561	ENSMUST00000020523.3|ENSMUSG00000020283|Pex13	chr11	23646478	23648994	-	Pex13	2516	33.7
N4611	5610	ENSMUST00000107802.7|ENSMUSG00000034317|Trim59	chr3	69035287	69036025	-	Trim59	738	34.42
N4612	5611	ENSMUST00000029353.8|ENSMUSG00000027782|Kpna4	chr3	69067148	69072363	-	Kpna4	5215	38.41
N4613	5612	ENSMUST00000029355.8|ENSMUSG00000027784|Ppm1l	chr3	69555085	69560802	+	Ppm1l	5717	43.94
N4614	5613	ENSMUST00000061826.2|ENSMUSG00000043300|B3galnt1	chr3	69574157	69574540	-	B3galnt1	383	28.46
N4615	5614	ENSMUST00000029358.14|ENSMUSG00000027787|Nmd3	chr3	69749050	69756373	+	Nmd3	7323	37.99
N4616	5615	ENSMUST00000029367.5|ENSMUSG00000027792|Bche	chr3	73635807	73639042	-	Bche	3235	35.36
N4617	5616	ENSMUST00000161137.7|ENSMUSG00000027835|Pdcd10	chr3	75516489	75517212	-	Pdcd10	723	29.46
N4618	5617	ENSMUST00000029423.8|ENSMUSG00000027834|Serpini1	chr3	75642244	75643495	+	Serpini1	1251	31.57
N4619	5618	ENSMUST00000038563.13|ENSMUSG00000034109|Golim4	chr3	75875083	75876677	-	Golim4	1594	36.51
N4620	562	ENSMUST00000109525.7|ENSMUSG00000020280|Pus10	chr11	23731548	23732876	+	Pus10	1328	35.77
N4621	5620	ENSMUST00000133154.6|ENSMUSG00000061175|Fnip2	chr3	79455973	79459514	-	Fnip2	3541	44.2
N4622	5621	ENSMUST00000029386.13|ENSMUSG00000027809|Etfdh	chr3	79603787	79603853	-	Etfdh	66	36.36
N4623	5622	ENSMUST00000029388.9|ENSMUSG00000027811|4930579G24Rik	chr3	79631606	79632820	+	4930579G24Rik	1214	39.95
N4624	5623	ENSMUST00000029568.6|ENSMUSG00000027956|Tmem144	chr3	79812563	79813850	-	Tmem144	1287	37.53
N4625	5624	ENSMUST00000118853.7|ENSMUSG00000027955|Gask1b	chr3	79943175	79946280	+	Gask1b	3105	35.72
N4626	5625	ENSMUST00000029649.2|ENSMUSG00000028015|Ctso	chr3	81955338	81956725	+	Ctso	1387	35.33
N4627	5626	ENSMUST00000029635.13|ENSMUSG00000028005|Gucy1b1	chr3	82032005	82032460	-	Gucy1b1	455	34.51
N4628	5627	ENSMUST00000193924.5|ENSMUSG00000033910|Gucy1a1	chr3	82092426	82094228	-	Gucy1a1	1802	35.68
N4629	5628	ENSMUST00000029628.10|ENSMUSG00000027998|Plrg1	chr3	83070774	83072289	+	Plrg1	1515	43.43
N4630	5629	ENSMUST00000107692.7|ENSMUSG00000027993|Trim2	chr3	84160438	84163988	-	Trim2	3550	38.99
N4631	563	ENSMUST00000020513.9|ENSMUSG00000020273|Papolg	chr11	23862645	23863616	-	Papolg	971	31.51
N4632	5630	ENSMUST00000107689.6|ENSMUSG00000041842|Fhdc1	chr3	84442197	84444171	-	Fhdc1	1974	49.8
N4633	5632	ENSMUST00000154148.7|ENSMUSG00000102805|Gm37240	chr3	84496425	84497587	-	Gm37240	1162	35.03
N4634	5633	ENSMUST00000107682.1|ENSMUSG00000056498|Tmem154	chr3	84702883	84704575	+	Tmem154	1692	42.14
N4635	5634	ENSMUST00000107679.7|ENSMUSG00000028086|Fbxw7	chr3	84977689	84979198	+	Fbxw7	1509	39.96
N4636	5635	ENSMUST00000127348.7|ENSMUSG00000028085|Gatb	chr3	85654030	85655622	+	Gatb	1592	47.55
N4637	5636	ENSMUST00000238443.1|ENSMUSG00000028082|Sh3d19	chr3	86128285	86130526	+	Sh3d19	2241	40.29
N4638	5637	ENSMUST00000063869.10|ENSMUSG00000028076|Cd1d1	chr3	86995833	86996197	-	Cd1d1	364	34.62
N4639	5638	ENSMUST00000159976.7|ENSMUSG00000041734|Kirrel	chr3	87078592	87082932	-	Kirrel	4340	48.82
N4640	5639	ENSMUST00000090986.10|ENSMUSG00000015852|Fcrls	chr3	87250757	87251142	-	Fcrls	385	33.25
N4641	564	ENSMUST00000004120.8|ENSMUSG00000004018|Fancl	chr11	26471508	26471876	+	Fancl	368	41.03
N4642	5640	ENSMUST00000015998.7|ENSMUSG00000015854|Cd5l	chr3	87370712	87371073	+	Cd5l	361	47.92
N4643	5641	ENSMUST00000119109.7|ENSMUSG00000003382|Etv3	chr3	87536986	87540156	+	Etv3	3170	46.06
N4644	5642	ENSMUST00000152006.1|ENSMUSG00000041977|Arhgef11	chr3	87726151	87738034	+	Arhgef11	11883	51.6
N4645	5643	ENSMUST00000174267.7|ENSMUSG00000028073|Pear1	chr3	87747889	87751109	-	Pear1	3220	52.73
N4646	5644	ENSMUST00000005015.9|ENSMUSG00000004895|Prcc	chr3	87858902	87859108	-	Prcc	206	44.66
N4647	5646	ENSMUST00000019854.12|ENSMUSG00000019710|Mrpl24	chr3	87923494	87923672	+	Mrpl24	178	47.19
N4648	5647	ENSMUST00000055984.6|ENSMUSG00000048039|Isg20l2	chr3	87939499	87940686	+	Isg20l2	1187	43.89
N4649	5648	ENSMUST00000005019.5|ENSMUSG00000004885|Crabp2	chr3	87953185	87953376	+	Crabp2	191	50.26
N4650	5649	ENSMUST00000090973.11|ENSMUSG00000004891|Nes	chr3	87980238	87980451	+	Nes	213	55.87
N4651	565	ENSMUST00000093253.9|ENSMUSG00000032878|Ccdc85a	chr11	28385684	28387308	-	Ccdc85a	1624	32.14
N4652	5651	ENSMUST00000166021.7|ENSMUSG00000028069|Gpatch4	chr3	88055877	88055993	+	Gpatch4	116	50.86
N4653	5652	ENSMUST00000001455.12|ENSMUSG00000001419|Mef2d	chr3	88169747	88172086	+	Mef2d	2339	51.18
N4654	5653	ENSMUST00000177005.7|ENSMUSG00000001418|Glmp	chr3	88328516	88331313	+	Glmp	2797	50.7
N4655	5654	ENSMUST00000001456.10|ENSMUSG00000001420|Tmem79	chr3	88328654	88329300	-	Tmem79	646	49.85
N4656	5655	ENSMUST00000147991.1|ENSMUSG00000041423|Paqr6	chr3	88368262	88368541	+	Paqr6	279	48.39
N4657	5656	ENSMUST00000192909.1|ENSMUSG00000028066|Pmf1	chr3	88396067	88399134	-	Pmf1	3067	48.94
N4658	5657	ENSMUST00000168755.6|ENSMUSG00000050144|Slc25a44	chr3	88410497	88411794	-	Slc25a44	1297	47.65
N4659	5658	ENSMUST00000184487.7|ENSMUSG00000028064|Sema4a	chr3	88450034	88451268	-	Sema4a	1234	53.4
N4660	5659	ENSMUST00000029699.12|ENSMUSG00000028063|Lmna	chr3	88481147	88481428	-	Lmna	281	54.09
N4661	566	ENSMUST00000020759.11|ENSMUSG00000020467|Efemp1	chr11	28926488	28926743	+	Efemp1	255	34.51
N4662	5660	ENSMUST00000008748.7|ENSMUSG00000008604|Ubqln4	chr3	88568381	88569725	+	Ubqln4	1344	50.45
N4663	5661	ENSMUST00000195014.5|ENSMUSG00000041355|Ssr2	chr3	88588188	88588419	+	Ssr2	231	55.41
N4664	5662	ENSMUST00000176500.7|ENSMUSG00000028059|Arhgef2	chr3	88647743	88648052	+	Arhgef2	309	46.6
N4665	5663	ENSMUST00000198078.1|ENSMUSG00000028060|Khdc4	chr3	88709058	88712003	+	Khdc4	2945	41.46
N4666	5664	ENSMUST00000172333.7|ENSMUSG00000028057|Rit1	chr3	88717728	88729548	+	Rit1	11820	44.58
N4667	5665	ENSMUST00000107503.7|ENSMUSG00000068923|Syt11	chr3	88744699	88746736	-	Syt11	2037	48.55
N4668	5666	ENSMUST00000107498.8|ENSMUSG00000054199|Gon4l	chr3	88909910	88910103	+	Gon4l	193	52.85
N4669	5667	ENSMUST00000090938.10|ENSMUSG00000068921|Dap3	chr3	88920802	88923679	-	Dap3	2877	46.85
N4670	5669	ENSMUST00000166687.5|ENSMUSG00000041263|Rusc1	chr3	89083980	89084230	-	Rusc1	250	53.6
N4671	567	ENSMUST00000020756.8|ENSMUSG00000020464|Pnpt1	chr11	29161631	29161828	+	Pnpt1	197	24.37
N4672	5670	ENSMUST00000128318.7|ENSMUSG00000068917|Clk2	chr3	89170409	89176921	+	Clk2	6512	45.95
N4673	5672	ENSMUST00000127982.7|ENSMUSG00000032657|Fam189b	chr3	89184749	89189290	+	Fam189b	4541	54.59
N4674	5673	ENSMUST00000197738.4|ENSMUSG00000028048|Gba	chr3	89207987	89208681	+	Gba	694	55.48
N4675	5674	ENSMUST00000129055.1|ENSMUSG00000064068|Mtx1	chr3	89209088	89209954	-	Mtx1	866	60.28
N4676	5675	ENSMUST00000136881.7|ENSMUSG00000028047|Thbs3	chr3	89225428	89226703	+	Thbs3	1275	56.71
N4677	5676	ENSMUST00000143637.1|ENSMUSG00000042766|Trim46	chr3	89234867	89237616	-	Trim46	2749	54.82
N4678	5677	ENSMUST00000040888.11|ENSMUSG00000042747|Krtcap2	chr3	89249839	89249906	+	Krtcap2	67	43.28
N4679	5678	ENSMUST00000185119.7|ENSMUSG00000027953|Slc50a1	chr3	89268245	89268957	-	Slc50a1	712	49.58
N4680	5679	ENSMUST00000029566.8|ENSMUSG00000027954|Efna1	chr3	89271732	89272038	-	Efna1	306	48.69
N4681	568	ENSMUST00000020755.11|ENSMUSG00000020463|Ppp4r3b	chr11	29218938	29220797	+	Ppp4r3b	1859	34.86
N4682	5680	ENSMUST00000029673.9|ENSMUSG00000028039|Efna3	chr3	89313898	89314796	-	Efna3	898	46.77
N4683	5681	ENSMUST00000029674.7|ENSMUSG00000028040|Efna4	chr3	89333389	89333867	-	Efna4	478	49.37
N4684	5682	ENSMUST00000184651.7|ENSMUSG00000028041|Adam15	chr3	89338541	89339742	-	Adam15	1201	51.87
N4685	5683	ENSMUST00000107433.7|ENSMUSG00000028042|Zbtb7b	chr3	89377643	89379255	-	Zbtb7b	1612	58.93
N4686	5684	ENSMUST00000057431.5|ENSMUSG00000078173|Lenep	chr3	89400987	89402105	-	Lenep	1118	46.51
N4687	5685	ENSMUST00000050398.10|ENSMUSG00000042642|Flad1	chr3	89401003	89402082	-	Flad1	1079	46.34
N4688	5686	ENSMUST00000183484.1|ENSMUSG00000028044|Cks1b	chr3	89415843	89416193	-	Cks1b	350	52.29
N4689	5689	ENSMUST00000038942.9|ENSMUSG00000042613|Pbxip1	chr3	89448914	89450952	+	Pbxip1	2038	51.23
N4690	569	ENSMUST00000020754.9|ENSMUSG00000020462|Cfap36	chr11	29221531	29221735	-	Cfap36	204	38.24
N4691	5691	ENSMUST00000098924.8|ENSMUSG00000027951|Adar	chr3	89751323	89753446	+	Adar	2123	52.61
N4692	5693	ENSMUST00000050401.5|ENSMUSG00000046280|She	chr3	89855271	89858834	+	She	3563	43.78
N4693	5694	ENSMUST00000197679.4|ENSMUSG00000027947|Il6ra	chr3	89864058	89870308	-	Il6ra	6250	47.7
N4694	5695	ENSMUST00000069805.13|ENSMUSG00000060671|Atp8b2	chr3	89939480	89941004	-	Atp8b2	1524	45.54
N4695	5696	ENSMUST00000199163.1|ENSMUSG00000027944|Hax1	chr3	89995893	89997386	-	Hax1	1493	44.01
N4696	5697	ENSMUST00000161918.2|ENSMUSG00000027942|4933434E20Rik	chr3	90058800	90062445	+	4933434E20Rik	3645	40.96
N4697	5698	ENSMUST00000239082.1|ENSMUSG00000118504|4933434E20Rik	chr3	90062330	90066069	+	4933434E20Rik	3739	44.61
N4698	5699	ENSMUST00000029551.2|ENSMUSG00000118506|1700094D03Rik	chr3	90065846	90068347	+	1700094D03Rik	2501	44.22
N4699	57	ENSMUST00000105519.9|ENSMUSG00000039089|L3mbtl3	chr10	26274467	26275767	-	L3mbtl3	1300	40.23
N4700	570	ENSMUST00000133103.1|ENSMUSG00000032673|Prorsd1	chr11	29511756	29513152	-	Prorsd1	1396	36.1
N4701	5700	ENSMUST00000118566.7|ENSMUSG00000027940|Tpm3	chr3	90100345	90100896	+	Tpm3	551	44.83
N4702	5701	ENSMUST00000196205.4|ENSMUSG00000090733|Rps27	chr3	90212521	90212576	-	Rps27	55	36.36
N4703	5702	ENSMUST00000107373.7|ENSMUSG00000027935|Rab13	chr3	90225783	90226385	+	Rab13	602	45.85
N4704	5703	ENSMUST00000029546.14|ENSMUSG00000027937|Jtb	chr3	90235687	90235838	+	Jtb	151	41.72
N4705	5704	ENSMUST00000015467.8|ENSMUSG00000052310|Slc39a1	chr3	90252809	90253612	+	Slc39a1	803	47.07
N4706	5705	ENSMUST00000156358.7|ENSMUSG00000042404|Dennd4b	chr3	90269478	90275644	+	Dennd4b	6166	50.31
N4707	5706	ENSMUST00000199754.4|ENSMUSG00000042390|Gatad2b	chr3	90361436	90363407	+	Gatad2b	1971	45.76
N4708	5707	ENSMUST00000071488.7|ENSMUSG00000027933|Ints3	chr3	90391387	90391641	-	Ints3	254	46.85
N4709	5708	ENSMUST00000001042.9|ENSMUSG00000001016|Ilf2	chr3	90487859	90488379	+	Ilf2	520	36.35
N4710	5709	ENSMUST00000184877.7|ENSMUSG00000001018|Snapin	chr3	90488372	90490413	-	Snapin	2041	42.87
N4711	571	ENSMUST00000078830.10|ENSMUSG00000020458|Rtn4	chr11	29742806	29744331	+	Rtn4	1525	36.13
N4712	5711	ENSMUST00000107340.1|ENSMUSG00000044080|S100a1	chr3	90511036	90511182	-	S100a1	146	53.42
N4713	5713	ENSMUST00000107330.2|ENSMUSG00000105518|Gm42674	chr3	90605193	90605885	+	Gm42674	692	47.11
N4714	5714	ENSMUST00000200289.1|ENSMUSG00000001025|S100a6	chr3	90614470	90624181	+	S100a6	9711	46.18
N4715	5715	ENSMUST00000058150.7|ENSMUSG00000043165|Lor	chr3	92080270	92080368	-	Lor	98	36.73
N4716	5716	ENSMUST00000045756.13|ENSMUSG00000041959|S100a10	chr3	93564552	93564643	+	S100a10	91	36.26
N4717	5717	ENSMUST00000049822.9|ENSMUSG00000028145|Them4	chr3	94332097	94332540	+	Them4	443	40.86
N4718	5718	ENSMUST00000029785.3|ENSMUSG00000028139|Riiad1	chr3	94464982	94465664	-	Riiad1	682	46.63
N4719	5719	ENSMUST00000199462.4|ENSMUSG00000028136|Snx27	chr3	94501126	94561768	-	Snx27	60642	40.86
N4720	572	ENSMUST00000102838.9|ENSMUSG00000020315|Sptbn1	chr11	30106784	30107763	-	Sptbn1	979	34.63
N4721	5720	ENSMUST00000107270.8|ENSMUSG00000038902|Pogz	chr3	94880644	94882326	+	Pogz	1682	41.74
N4722	5721	ENSMUST00000005923.6|ENSMUSG00000005779|Psmb4	chr3	94884092	94884279	-	Psmb4	187	40.64
N4723	5722	ENSMUST00000140757.7|ENSMUSG00000068874|Selenbp1	chr3	94938110	94944745	+	Selenbp1	6635	48.18
N4724	5723	ENSMUST00000072287.11|ENSMUSG00000038861|Pi4kb	chr3	95006436	95006843	+	Pi4kb	407	45.21
N4725	5724	ENSMUST00000137799.1|ENSMUSG00000019338|Zfp687	chr3	95006836	95008584	-	Zfp687	1748	55.09
N4726	5725	ENSMUST00000117355.1|ENSMUSG00000005625|Psmd4	chr3	95032704	95033195	-	Psmd4	491	53.16
N4727	5726	ENSMUST00000009102.8|ENSMUSG00000008958|Vps72	chr3	95122926	95123051	+	Vps72	125	49.6
N4728	5727	ENSMUST00000172572.8|ENSMUSG00000092607|Scnm1	chr3	95129535	95129752	-	Scnm1	217	54.84
N4729	5728	ENSMUST00000066386.5|ENSMUSG00000053769|Lysmd1	chr3	95138814	95139518	+	Lysmd1	704	49.29
N4730	5729	ENSMUST00000013851.3|ENSMUSG00000013707|Tnfaip8l2	chr3	95139520	95139774	-	Tnfaip8l2	254	55.91
N4731	573	ENSMUST00000074613.3|ENSMUSG00000060923|Acyp2	chr11	30505990	30506176	-	Acyp2	186	18.82
N4732	5730	ENSMUST00000107209.7|ENSMUSG00000038766|Gabpb2	chr3	95181765	95187937	-	Gabpb2	6172	44.73
N4733	5732	ENSMUST00000053872.11|ENSMUSG00000046722|Cdc42se1	chr3	95233713	95236409	+	Cdc42se1	2696	50.52
N4734	5734	ENSMUST00000039537.13|ENSMUSG00000038712|Mindy1	chr3	95295922	95296166	+	Mindy1	244	50.41
N4735	5735	ENSMUST00000107183.7|ENSMUSG00000015702|Anxa9	chr3	95296095	95296599	-	Anxa9	504	46.63
N4736	5736	ENSMUST00000015858.11|ENSMUSG00000015714|Cers2	chr3	95323251	95323599	+	Cers2	348	44.54
N4737	5737	ENSMUST00000107171.9|ENSMUSG00000015697|Setdb1	chr3	95323524	95323803	-	Setdb1	279	32.97
N4738	5738	ENSMUST00000090804.11|ENSMUSG00000015522|Arnt	chr3	95496709	95497240	+	Arnt	531	40.49
N4739	5739	ENSMUST00000015664.4|ENSMUSG00000028111|Ctsk	chr3	95509112	95509362	+	Ctsk	250	44.4
N4740	574	ENSMUST00000137306.7|ENSMUSG00000020305|Asb3	chr11	31029121	31102704	+	Asb3	73583	39.19
N4741	5740	ENSMUST00000116304.2|ENSMUSG00000038642|Ctss	chr3	95556333	95556403	+	Ctss	70	34.29
N4742	5741	ENSMUST00000176541.1|ENSMUSG00000046519|Golph3l	chr3	95617287	95619241	+	Golph3l	1954	42.22
N4743	5742	ENSMUST00000037983.5|ENSMUSG00000038619|Ensa	chr3	95630258	95632102	+	Ensa	1844	43.76
N4744	5743	ENSMUST00000037947.14|ENSMUSG00000038612|Mcl1	chr3	95661747	95663176	+	Mcl1	1429	41.85
N4745	5744	ENSMUST00000117782.7|ENSMUSG00000015850|Adamtsl4	chr3	95676200	95676517	-	Adamtsl4	317	47.95
N4746	5745	ENSMUST00000199464.4|ENSMUSG00000028107|Tars2	chr3	95739975	95745784	-	Tars2	5809	48.77
N4747	5746	ENSMUST00000090476.9|ENSMUSG00000038543|BC028528	chr3	95883953	95884824	-	BC028528	871	45.12
N4748	5748	ENSMUST00000036181.14|ENSMUSG00000038526|Car14	chr3	95897767	95897962	-	Car14	195	36.92
N4749	5749	ENSMUST00000170213.1|ENSMUSG00000015749|Anp32e	chr3	95938170	95945547	+	Anp32e	7377	45.75
N4750	575	ENSMUST00000101394.4|ENSMUSG00000020309|Chac2	chr11	30976706	30977094	-	Chac2	388	24.48
N4751	5750	ENSMUST00000015891.5|ENSMUSG00000015747|Vps45	chr3	95999831	95999915	-	Vps45	84	48.81
N4752	5751	ENSMUST00000090785.8|ENSMUSG00000038495|Otud7b	chr3	96157013	96161129	+	Otud7b	4116	43.46
N4753	5752	ENSMUST00000129925.7|ENSMUSG00000045934|Mtmr11	chr3	96165354	96171718	+	Mtmr11	6364	45.87
N4754	5753	ENSMUST00000076372.4|ENSMUSG00000068856|Sf3b4	chr3	96177314	96177564	+	Sf3b4	250	33.6
N4755	5754	ENSMUST00000035371.8|ENSMUSG00000038486|Sv2a	chr3	96195001	96195521	+	Sv2a	520	44.81
N4756	5755	ENSMUST00000016087.3|ENSMUSG00000015943|Bola1	chr3	96196587	96196714	-	Bola1	127	48.82
N4757	5756	ENSMUST00000090781.7|ENSMUSG00000068854|H2bc21	chr3	96221776	96223738	+	H2bc21	1962	43.32
N4758	5757	ENSMUST00000167403.3|ENSMUSG00000081058|H3c15	chr3	96238107	96238382	-	H3c15	275	44.0
N4759	5758	ENSMUST00000177796.1|ENSMUSG00000093769|H3c14	chr3	96247509	96248509	+	H3c14	1000	36.1
N4760	5759	ENSMUST00000074519.12|ENSMUSG00000038393|Txnip	chr3	96560677	96561883	+	Txnip	1206	46.02
N4761	576	ENSMUST00000058060.13|ENSMUSG00000044502|Bod1	chr11	31665180	31666589	-	Bod1	1409	46.42
N4762	5760	ENSMUST00000091924.9|ENSMUSG00000028104|Polr3gl	chr3	96577871	96578153	-	Polr3gl	282	49.29
N4763	5761	ENSMUST00000058943.7|ENSMUSG00000049097|Ankrd34a	chr3	96599481	96599775	+	Ankrd34a	294	51.36
N4764	5762	ENSMUST00000062058.4|ENSMUSG00000049288|Lix1l	chr3	96624054	96626171	+	Lix1l	2117	44.64
N4765	5763	ENSMUST00000156015.1|ENSMUSG00000028102|Pex11b	chr3	96637332	96644033	+	Pex11b	6701	43.43
N4766	5764	ENSMUST00000176302.7|ENSMUSG00000028101|Pias3	chr3	96700579	96701691	+	Pias3	1112	47.57
N4767	5765	ENSMUST00000029741.8|ENSMUSG00000028099|Polr3c	chr3	96711489	96711764	-	Polr3c	275	48.0
N4768	5766	ENSMUST00000058865.13|ENSMUSG00000038298|Pdzk1	chr3	96870377	96870926	+	Pdzk1	549	42.44
N4769	5767	ENSMUST00000154750.1|ENSMUSG00000028096|Gpr89	chr3	96882518	96892777	-	Gpr89	10259	45.28
N4770	5768	ENSMUST00000029730.4|ENSMUSG00000028089|Chd1l	chr3	97560741	97560866	-	Chd1l	125	34.4
N4771	5769	ENSMUST00000107050.7|ENSMUSG00000028088|Fmo5	chr3	97652414	97655282	+	Fmo5	2868	40.13
N4772	577	ENSMUST00000109412.8|ENSMUSG00000020300|Cpeb4	chr11	31931995	31935634	+	Cpeb4	3639	34.16
N4773	5770	ENSMUST00000130924.7|ENSMUSG00000038205|Prkab2	chr3	97663988	97670933	+	Prkab2	6945	44.29
N4774	5771	ENSMUST00000130778.1|ENSMUSG00000027879|Sec22b	chr3	97907426	97921851	+	Sec22b	14425	41.54
N4775	5772	ENSMUST00000079812.7|ENSMUSG00000027878|Notch2	chr3	98147668	98150361	+	Notch2	2693	45.12
N4776	5773	ENSMUST00000090746.2|ENSMUSG00000027875|Hmgcs2	chr3	98303419	98310738	+	Hmgcs2	7319	46.45
N4777	5774	ENSMUST00000029462.9|ENSMUSG00000027868|Tbx15	chr3	99352771	99354259	+	Tbx15	1488	41.53
N4778	5775	ENSMUST00000197797.1|ENSMUSG00000027865|Gdap2	chr3	100202252	100206655	+	Gdap2	4403	41.31
N4779	5776	ENSMUST00000061455.8|ENSMUSG00000044468|Tent5c	chr3	100468056	100471786	-	Tent5c	3730	44.37
N4780	5777	ENSMUST00000008907.13|ENSMUSG00000008763|Man1a2	chr3	100562207	100566331	-	Man1a2	4124	39.57
N4781	5778	ENSMUST00000076941.11|ENSMUSG00000033222|Ttf2	chr3	100938859	100939216	-	Ttf2	357	38.38
N4782	5779	ENSMUST00000043983.10|ENSMUSG00000042035|Igsf3	chr3	101462180	101463059	+	Igsf3	879	42.55
N4783	578	ENSMUST00000020537.8|ENSMUSG00000020297|Nsg2	chr11	32057782	32059202	+	Nsg2	1420	48.17
N4784	5780	ENSMUST00000036493.7|ENSMUSG00000033161|Atp1a1	chr3	101576218	101576407	-	Atp1a1	189	39.68
N4785	5781	ENSMUST00000029454.11|ENSMUSG00000027861|Casq2	chr3	102146084	102146514	+	Casq2	430	44.65
N4786	5782	ENSMUST00000029453.12|ENSMUSG00000027860|Vangl1	chr3	102153582	102156912	-	Vangl1	3330	43.0
N4787	5783	ENSMUST00000029451.11|ENSMUSG00000027858|Tspan2	chr3	102771165	102772292	+	Tspan2	1127	37.44
N4788	5784	ENSMUST00000029447.11|ENSMUSG00000027854|Sike1	chr3	103003234	103008459	+	Sike1	5225	42.45
N4789	5785	ENSMUST00000198174.1|ENSMUSG00000068823|Csde1	chr3	103044942	103057786	+	Csde1	12844	37.39
N4790	5786	ENSMUST00000029440.9|ENSMUSG00000027848|Olfml3	chr3	103731664	103735586	-	Olfml3	3922	52.01
N4791	5787	ENSMUST00000137078.7|ENSMUSG00000008730|Hipk1	chr3	103745155	103749278	-	Hipk1	4123	42.69
N4792	5788	ENSMUST00000128716.1|ENSMUSG00000027845|Dclre1b	chr3	103804026	103807393	-	Dclre1b	3367	40.15
N4793	5789	ENSMUST00000199686.1|ENSMUSG00000032952|Ap4b1	chr3	103820517	103820684	+	Ap4b1	167	43.71
N4794	579	ENSMUST00000039601.9|ENSMUSG00000040767|Snrnp25	chr11	32208890	32208984	+	Snrnp25	94	53.19
N4795	5790	ENSMUST00000199710.1|ENSMUSG00000105053|Gm43064	chr3	103821908	103838648	+	Gm43064	16740	41.03
N4796	5792	ENSMUST00000046316.10|ENSMUSG00000032913|Lrig2	chr3	104453979	104457126	-	Lrig2	3147	42.23
N4797	5793	ENSMUST00000046212.1|ENSMUSG00000032902|Slc16a1	chr3	104657039	104658462	+	Slc16a1	1423	38.51
N4798	5794	ENSMUST00000002303.11|ENSMUSG00000002233|Rhoc	chr3	104794234	104794459	+	Rhoc	225	55.56
N4799	5795	ENSMUST00000094028.9|ENSMUSG00000070372|Capza1	chr3	104822778	104823326	-	Capza1	548	36.86
N4800	5796	ENSMUST00000183914.7|ENSMUSG00000045576|St7l	chr3	104895911	104927894	+	St7l	31983	39.01
N4801	5797	ENSMUST00000077548.11|ENSMUSG00000062127|Cttnbp2nl	chr3	105001914	105003907	-	Cttnbp2nl	1993	41.19
N4802	5798	ENSMUST00000200078.4|ENSMUSG00000027905|Ddx20	chr3	105679619	105682725	-	Ddx20	3106	37.06
N4803	5799	ENSMUST00000066610.7|ENSMUSG00000048458|Inka2	chr3	105719168	105720842	+	Inka2	1674	46.0
N4804	58	ENSMUST00000039557.8|ENSMUSG00000039031|Arhgap18	chr10	26918172	26918648	+	Arhgap18	476	40.13
N4805	5800	ENSMUST00000098758.3|ENSMUSG00000074342|I830077J02Rik	chr3	105924357	105925792	-	I830077J02Rik	1435	48.22
N4806	5801	ENSMUST00000130994.7|ENSMUSG00000000561|Wdr77	chr3	105960179	105970037	+	Wdr77	9858	43.63
N4807	5802	ENSMUST00000063062.8|ENSMUSG00000040809|Chil3	chr3	106147553	106147692	-	Chil3	139	38.85
N4808	5803	ENSMUST00000137530.1|ENSMUSG00000040774|Cept1	chr3	106531269	106533287	-	Cept1	2018	33.85
N4809	5804	ENSMUST00000067630.12|ENSMUSG00000027900|Dram2	chr3	106574262	106575890	+	Dram2	1628	31.02
N4810	5805	ENSMUST00000038845.9|ENSMUSG00000040747|Cd53	chr3	106759920	106760199	-	Cd53	279	30.11
N4811	5806	ENSMUST00000038695.5|ENSMUSG00000040724|Kcna2	chr3	107108646	107115005	+	Kcna2	6359	44.49
N4812	5807	ENSMUST00000199317.1|ENSMUSG00000087260|Lamtor5	chr3	107283885	107284082	+	Lamtor5	197	43.65
N4813	5808	ENSMUST00000061772.10|ENSMUSG00000048109|Rbm15	chr3	107325420	107326070	-	Rbm15	650	41.38
N4814	5809	ENSMUST00000009617.9|ENSMUSG00000027895|Kcnc4	chr3	107438302	107438571	-	Kcnc4	269	58.74
N4815	581	ENSMUST00000124640.7|ENSMUSG00000020289|Nprl3	chr11	32225627	32250108	-	Nprl3	24481	49.72
N4816	5810	ENSMUST00000014747.2|ENSMUSG00000014603|Alx3	chr3	107605458	107605776	+	Alx3	318	46.54
N4817	5811	ENSMUST00000064759.6|ENSMUSG00000014601|Strip1	chr3	107612531	107612815	-	Strip1	284	48.59
N4818	5812	ENSMUST00000138091.7|ENSMUSG00000027893|Ahcyl1	chr3	107663117	107670115	-	Ahcyl1	6998	42.2
N4819	5813	ENSMUST00000118593.7|ENSMUSG00000014599|Csf1	chr3	107741047	107746590	-	Csf1	5543	49.92
N4820	5814	ENSMUST00000037375.9|ENSMUSG00000040600|Eps8l3	chr3	107892742	107892900	+	Eps8l3	158	44.3
N4821	5815	ENSMUST00000004137.10|ENSMUSG00000004035|Gstm7	chr3	107926333	107926615	-	Gstm7	282	50.35
N4822	5818	ENSMUST00000029489.14|ENSMUSG00000027890|Gstm4	chr3	108040407	108040754	-	Gstm4	347	49.28
N4823	5819	ENSMUST00000102638.7|ENSMUSG00000027889|Ampd2	chr3	108074061	108074380	-	Ampd2	319	50.47
N4824	582	ENSMUST00000142964.7|ENSMUSG00000020287|Mpg	chr11	32230053	32232022	+	Mpg	1969	51.65
N4825	5820	ENSMUST00000000001.4|ENSMUSG00000000001|Gnai3	chr3	108107279	108109208	-	Gnai3	1929	37.69
N4826	5821	ENSMUST00000106656.1|ENSMUSG00000050947|Amigo1	chr3	108188813	108192286	+	Amigo1	3473	48.57
N4827	5822	ENSMUST00000106655.1|ENSMUSG00000048796|Cyb561d1	chr3	108195686	108198285	-	Cyb561d1	2599	53.14
N4828	5824	ENSMUST00000102629.7|ENSMUSG00000068744|Psrc1	chr3	108387802	108388231	+	Psrc1	429	43.12
N4829	5825	ENSMUST00000090558.9|ENSMUSG00000068740|Celsr2	chr3	108390850	108392482	-	Celsr2	1632	50.98
N4830	5826	ENSMUST00000090553.11|ENSMUSG00000068739|Sars	chr3	108424864	108426681	-	Sars	1817	52.23
N4831	5827	ENSMUST00000090546.5|ENSMUSG00000068732|Tmem167b	chr3	108556424	108557888	-	Tmem167b	1464	40.85
N4832	5828	ENSMUST00000143054.1|ENSMUSG00000048100|Taf13	chr3	108581888	108583222	+	Taf13	1334	39.88
N4833	5829	ENSMUST00000124731.2|ENSMUSG00000040389|Wdr47	chr3	108611511	108618656	+	Wdr47	7145	41.43
N4834	583	ENSMUST00000038753.5|ENSMUSG00000040711|Sh3pxd2b	chr11	32423709	32428173	+	Sh3pxd2b	4464	51.55
N4835	5830	ENSMUST00000106609.7|ENSMUSG00000027884|Clcc1	chr3	108677084	108678840	+	Clcc1	1756	40.55
N4836	5831	ENSMUST00000029482.15|ENSMUSG00000027883|Gpsm2	chr3	108678637	108679277	-	Gpsm2	640	35.16
N4837	5832	ENSMUST00000046924.9|ENSMUSG00000040339|Fam102b	chr3	108970996	108974117	-	Fam102b	3121	38.67
N4838	5833	ENSMUST00000140786.2|ENSMUSG00000040322|Slc25a24	chr3	109155164	109158540	+	Slc25a24	3376	41.35
N4839	5834	ENSMUST00000046864.13|ENSMUSG00000033721|Vav3	chr3	109683917	109685698	+	Vav3	1781	40.54
N4840	5835	ENSMUST00000168412.2|ENSMUSG00000049300|Prmt6	chr3	110246108	110248969	-	Prmt6	2861	40.41
N4841	5836	ENSMUST00000055676.3|ENSMUSG00000045092|S1pr1	chr3	115710432	115711239	-	S1pr1	807	34.45
N4842	5837	ENSMUST00000106505.7|ENSMUSG00000033554|Dph5	chr3	115900455	115901142	+	Dph5	687	37.41
N4843	5838	ENSMUST00000067485.3|ENSMUSG00000054414|Slc30a7	chr3	115938972	115946238	-	Slc30a7	7266	41.95
N4844	5839	ENSMUST00000029575.11|ENSMUSG00000027963|Extl2	chr3	116028170	116029017	+	Extl2	847	37.07
N4845	584	ENSMUST00000051053.4|ENSMUSG00000044949|Ubtd2	chr11	32516635	32516687	+	Ubtd2	52	34.62
N4846	5840	ENSMUST00000196449.4|ENSMUSG00000027962|Vcam1	chr3	116122279	116123535	-	Vcam1	1256	37.02
N4847	5841	ENSMUST00000090473.6|ENSMUSG00000068696|Gpr88	chr3	116249653	116250220	-	Gpr88	567	34.74
N4848	5842	ENSMUST00000197830.4|ENSMUSG00000033502|Cdc14a	chr3	116322209	116392738	-	Cdc14a	70529	43.38
N4849	5843	ENSMUST00000140677.7|ENSMUSG00000000339|Rtca	chr3	116494150	116506832	-	Rtca	12682	42.11
N4850	5844	ENSMUST00000199614.1|ENSMUSG00000000340|Dbt	chr3	116533436	116539179	+	Dbt	5743	47.48
N4851	5845	ENSMUST00000029570.8|ENSMUSG00000089911|Mfsd14a	chr3	116631163	116631629	-	Mfsd14a	466	29.18
N4852	5846	ENSMUST00000029569.8|ENSMUSG00000027957|Slc35a3	chr3	116669469	116673277	-	Slc35a3	3808	33.82
N4853	5847	ENSMUST00000199626.1|ENSMUSG00000033386|Frrs1	chr3	116885313	116890973	+	Frrs1	5660	42.03
N4854	5849	ENSMUST00000029639.11|ENSMUSG00000028007|Snx7	chr3	117781646	117782095	-	Snx7	449	22.94
N4855	585	ENSMUST00000102821.3|ENSMUSG00000020272|Stk10	chr11	32622774	32624587	+	Stk10	1813	51.9
N4856	5850	ENSMUST00000039177.11|ENSMUSG00000033308|Dpyd	chr3	119432619	119432924	+	Dpyd	305	27.54
N4857	5851	ENSMUST00000197833.4|ENSMUSG00000028134|Ptbp2	chr3	119720319	119724011	-	Ptbp2	3692	36.57
N4858	5852	ENSMUST00000128909.7|ENSMUSG00000028132|Tlcd4	chr3	121202007	121205202	-	Tlcd4	3195	36.06
N4859	5853	ENSMUST00000198235.1|ENSMUSG00000039887|Alg14	chr3	121298767	121320197	+	Alg14	21430	45.08
N4860	5854	ENSMUST00000029773.12|ENSMUSG00000053931|Cnn3	chr3	121457774	121458207	+	Cnn3	433	39.26
N4861	5855	ENSMUST00000029771.12|ENSMUSG00000028128|F3	chr3	121734709	121735048	+	F3	339	28.91
N4862	5856	ENSMUST00000197662.4|ENSMUSG00000028127|Abcd3	chr3	121759755	121768621	-	Abcd3	8866	40.57
N4863	5857	ENSMUST00000037958.13|ENSMUSG00000039831|Arhgap29	chr3	122015955	122016753	+	Arhgap29	798	38.1
N4864	5858	ENSMUST00000029769.13|ENSMUSG00000028124|Gclm	chr3	122266745	122270732	+	Gclm	3987	37.0
N4865	5859	ENSMUST00000029766.8|ENSMUSG00000028121|Bcar3	chr3	122529962	122530191	+	Bcar3	229	28.38
N4866	586	ENSMUST00000143290.1|ENSMUSG00000020271|Fbxw11	chr11	32652994	32720574	+	Fbxw11	67580	42.47
N4867	5861	ENSMUST00000051443.7|ENSMUSG00000050315|Synpo2	chr3	123106602	123111204	-	Synpo2	4602	43.63
N4868	5862	ENSMUST00000047923.11|ENSMUSG00000039234|Sec24d	chr3	123365312	123365641	+	Sec24d	329	28.88
N4869	5863	ENSMUST00000058994.5|ENSMUSG00000044528|Tram1l1	chr3	124322687	124324743	+	Tram1l1	2056	36.14
N4870	5864	ENSMUST00000057944.11|ENSMUSG00000032854|Ugt8a	chr3	125865270	125866718	-	Ugt8a	1448	33.49
N4871	5865	ENSMUST00000044443.14|ENSMUSG00000032826|Ank2	chr3	126921611	126923642	-	Ank2	2031	39.59
N4872	5866	ENSMUST00000029588.9|ENSMUSG00000027968|Larp7	chr3	127536713	127536805	-	Larp7	92	21.74
N4873	5867	ENSMUST00000054483.13|ENSMUSG00000046688|Tifa	chr3	127797639	127798389	+	Tifa	750	34.8
N4874	5868	ENSMUST00000196392.1|ENSMUSG00000074238|Ap1ar	chr3	127820782	127823150	-	Ap1ar	2368	43.62
N4875	5869	ENSMUST00000199273.1|ENSMUSG00000050549|Fam241a	chr3	127869057	127870080	-	Fam241a	1023	33.53
N4876	587	ENSMUST00000109363.7|ENSMUSG00000057967|Fgf18	chr11	33117429	33117616	-	Fgf18	187	46.52
N4877	5870	ENSMUST00000170918.7|ENSMUSG00000028024|Enpep	chr3	129270276	129283867	-	Enpep	13591	39.59
N4878	5871	ENSMUST00000071402.6|ENSMUSG00000041220|Elovl6	chr3	129634743	129638495	+	Elovl6	3752	41.47
N4879	5872	ENSMUST00000029643.14|ENSMUSG00000028010|Gar1	chr3	129824911	129825047	-	Gar1	136	32.35
N4880	5873	ENSMUST00000029626.8|ENSMUSG00000027997|Casp6	chr3	129913741	129914103	+	Casp6	362	30.66
N4881	5874	ENSMUST00000122961.1|ENSMUSG00000027994|Mcub	chr3	129926450	129933582	-	Mcub	7132	42.64
N4882	5875	ENSMUST00000001079.14|ENSMUSG00000001052|Sec24b	chr3	129982758	129983417	-	Sec24b	659	31.11
N4883	5876	ENSMUST00000072271.12|ENSMUSG00000019232|Etnppl	chr3	130635565	130637521	+	Etnppl	1956	42.23
N4884	5877	ENSMUST00000043937.8|ENSMUSG00000041084|Ostc	chr3	130695911	130696215	-	Ostc	304	34.21
N4885	5878	ENSMUST00000029610.8|ENSMUSG00000027984|Hadh	chr3	131233418	131233745	-	Hadh	327	39.76
N4886	5879	ENSMUST00000090246.4|ENSMUSG00000050931|Sgms2	chr3	131318984	131322883	-	Sgms2	3899	42.45
N4887	588	ENSMUST00000075641.9|ENSMUSG00000057113|Npm1	chr11	33152286	33152656	-	Npm1	370	33.51
N4888	5880	ENSMUST00000042744.15|ENSMUSG00000040998|Npnt	chr3	132881744	132883069	-	Npnt	1325	44.23
N4889	5881	ENSMUST00000029650.8|ENSMUSG00000028016|Ints12	chr3	133109572	133110988	+	Ints12	1416	35.31
N4890	5882	ENSMUST00000181904.2|ENSMUSG00000044365|Cxxc4	chr3	134258245	134262161	+	Cxxc4	3916	37.05
N4891	5883	ENSMUST00000120397.7|ENSMUSG00000028167|Bdh2	chr3	135304369	135304426	+	Bdh2	57	43.86
N4892	5884	ENSMUST00000145195.7|ENSMUSG00000037994|Slc9b2	chr3	135332552	135342535	+	Slc9b2	9983	41.07
N4893	5885	ENSMUST00000029815.7|ENSMUSG00000028165|Cisd2	chr3	135406411	135408452	-	Cisd2	2041	38.76
N4894	5886	ENSMUST00000180196.7|ENSMUSG00000053897|Slc39a8	chr3	135888068	135888572	+	Slc39a8	504	31.15
N4895	5887	ENSMUST00000070198.13|ENSMUSG00000028161|Ppp3ca	chr3	136935623	136937727	+	Ppp3ca	2104	34.93
N4896	5888	ENSMUST00000122064.7|ENSMUSG00000054690|Emcn	chr3	137427487	137432185	+	Emcn	4698	40.42
N4897	589	ENSMUST00000101368.8|ENSMUSG00000053519|Kcnip1	chr11	33629338	33630035	-	Kcnip1	697	41.61
N4898	5890	ENSMUST00000041045.13|ENSMUSG00000037894|H2az1	chr3	137866686	137866922	+	H2az1	236	34.75
N4899	5891	ENSMUST00000090178.9|ENSMUSG00000074212|Dnajb14	chr3	137908842	137916557	+	Dnajb14	7715	40.23
N4900	5893	ENSMUST00000029806.12|ENSMUSG00000028159|Dapp1	chr3	137931006	137932747	-	Dapp1	1741	42.33
N4901	5894	ENSMUST00000029805.12|ENSMUSG00000028158|Mttp	chr3	138089853	138090311	-	Mttp	458	34.93
N4902	5895	ENSMUST00000040321.12|ENSMUSG00000004127|Trmt10a	chr3	138158012	138159821	+	Trmt10a	1809	43.06
N4903	5896	ENSMUST00000159159.1|ENSMUSG00000074207|Adh1	chr3	138282834	138290698	+	Adh1	7864	41.66
N4904	5897	ENSMUST00000198126.1|ENSMUSG00000028138|Adh5	chr3	138451504	138454803	+	Adh5	3299	44.29
N4905	5898	ENSMUST00000029803.11|ENSMUSG00000028156|Eif4e	chr3	138556272	138559696	+	Eif4e	3424	39.16
N4906	5899	ENSMUST00000127772.1|ENSMUSG00000028152|Tspan5	chr3	138868506	138896861	+	Tspan5	28355	45.6
N4907	59	ENSMUST00000092639.11|ENSMUSG00000019899|Lama2	chr10	26981284	26981346	-	Lama2	62	22.58
N4908	590	ENSMUST00000020362.2|ENSMUSG00000020155|Kcnmb1	chr11	33970998	33973641	+	Kcnmb1	2643	44.15
N4909	5900	ENSMUST00000196106.4|ENSMUSG00000028149|Rap1gds1	chr3	138940762	139015499	-	Rap1gds1	74737	39.17
N4910	5901	ENSMUST00000131273.7|ENSMUSG00000052430|Bmpr1b	chr3	141840319	141870721	-	Bmpr1b	30402	39.46
N4911	5902	ENSMUST00000029941.15|ENSMUSG00000028273|Pdlim5	chr3	142239589	142242363	-	Pdlim5	2774	39.8
N4912	5903	ENSMUST00000045097.10|ENSMUSG00000040253|Gbp7	chr3	142547321	142550149	+	Gbp7	2828	36.49
N4913	5904	ENSMUST00000029935.13|ENSMUSG00000028268|Gbp3	chr3	142572927	142573209	+	Gbp3	282	32.98
N4914	5905	ENSMUST00000169572.1|ENSMUSG00000028270|Gbp2	chr3	142625736	142630585	+	Gbp2	4849	42.57
N4915	5906	ENSMUST00000029938.9|ENSMUSG00000028271|Gtf2b	chr3	142783477	142783606	+	Gtf2b	129	28.68
N4916	5907	ENSMUST00000173913.7|ENSMUSG00000004591|Pkn2	chr3	142793708	142839148	-	Pkn2	45440	37.19
N4917	5908	ENSMUST00000121796.7|ENSMUSG00000028266|Lmo4	chr3	144188529	144189148	-	Lmo4	619	36.51
N4918	5909	ENSMUST00000151086.2|ENSMUSG00000037072|Selenof	chr3	144590795	144595432	+	Selenof	4637	39.57
N4919	591	ENSMUST00000052413.11|ENSMUSG00000002699|Lcp2	chr11	34091121	34092295	+	Lcp2	1174	42.84
N4920	5910	ENSMUST00000199531.4|ENSMUSG00000037062|Sh3glb1	chr3	144683677	144691186	-	Sh3glb1	7509	42.32
N4921	5911	ENSMUST00000197940.4|ENSMUSG00000074182|Znhit6	chr3	145578530	145582636	+	Znhit6	4106	41.7
N4922	5912	ENSMUST00000029846.4|ENSMUSG00000028195|Ccn1	chr3	145646975	145647368	-	Ccn1	393	37.15
N4923	5913	ENSMUST00000029845.14|ENSMUSG00000028194|Ddah1	chr3	145893051	145894277	+	Ddah1	1226	43.47
N4924	5914	ENSMUST00000029842.8|ENSMUSG00000028191|Bcl10	chr3	145934009	145934356	+	Bcl10	347	37.18
N4925	5915	ENSMUST00000134575.7|ENSMUSG00000036873|2410004B18Rik	chr3	145939096	145944827	+	2410004B18Rik	5731	42.68
N4926	5916	ENSMUST00000039517.10|ENSMUSG00000036863|Syde2	chr3	146021123	146021720	+	Syde2	597	32.33
N4927	5917	ENSMUST00000039450.4|ENSMUSG00000036853|Mcoln3	chr3	146141236	146141806	+	Mcoln3	570	35.26
N4928	5918	ENSMUST00000011152.13|ENSMUSG00000011008|Mcoln2	chr3	146195185	146195513	+	Mcoln2	328	46.65
N4929	592	ENSMUST00000143540.7|ENSMUSG00000020143|Dock2	chr11	34437311	34514355	-	Dock2	77044	43.13
N4930	5920	ENSMUST00000090031.11|ENSMUSG00000068523|Gng5	chr3	146503533	146505572	+	Gng5	2039	36.44
N4931	5921	ENSMUST00000102515.9|ENSMUSG00000005034|Prkacb	chr3	146729573	146731438	-	Prkacb	1865	37.16
N4932	5922	ENSMUST00000029671.8|ENSMUSG00000028037|Ifi44	chr3	151730921	151732215	-	Ifi44	1294	33.54
N4933	5923	ENSMUST00000029670.6|ENSMUSG00000028036|Ptgfr	chr3	151796501	151801009	-	Ptgfr	4508	37.42
N4934	5924	ENSMUST00000050073.12|ENSMUSG00000028035|Dnajb4	chr3	152183954	152184314	-	Dnajb4	360	27.5
N4935	5925	ENSMUST00000196265.4|ENSMUSG00000054942|Miga1	chr3	152297172	152320547	-	Miga1	23375	44.68
N4936	5926	ENSMUST00000123237.7|ENSMUSG00000025437|Usp33	chr3	152360513	152371905	+	Usp33	11392	42.71
N4937	5927	ENSMUST00000106100.8|ENSMUSG00000039068|Zzz3	chr3	152459273	152462826	+	Zzz3	3553	41.18
N4938	5928	ENSMUST00000045262.10|ENSMUSG00000039058|Ak5	chr3	152462814	152463224	-	Ak5	410	43.9
N4939	5929	ENSMUST00000044278.5|ENSMUSG00000039037|St6galnac5	chr3	152817080	152820122	-	St6galnac5	3042	43.2
N4940	593	ENSMUST00000018990.7|ENSMUSG00000018846|Pank3	chr11	35786703	35791285	+	Pank3	4582	36.86
N4941	5930	ENSMUST00000200397.4|ENSMUSG00000052544|St6galnac3	chr3	153198265	153203625	-	St6galnac3	5360	44.35
N4942	5931	ENSMUST00000156310.1|ENSMUSG00000062908|Acadm	chr3	153936310	153937702	-	Acadm	1392	45.04
N4943	5932	ENSMUST00000170461.7|ENSMUSG00000047583|Tyw3	chr3	154576519	154579999	-	Tyw3	3480	45.95
N4944	5933	ENSMUST00000066568.5|ENSMUSG00000053870|Fpgt	chr3	155084917	155086388	-	Fpgt	1471	33.45
N4945	5934	ENSMUST00000074015.10|ENSMUSG00000040037|Negr1	chr3	157313105	157316445	+	Negr1	3340	36.98
N4946	5935	ENSMUST00000184802.7|ENSMUSG00000028180|Zranb2	chr3	157537748	157548336	+	Zranb2	10588	38.24
N4947	5936	ENSMUST00000118539.1|ENSMUSG00000028179|Cth	chr3	157894247	157894530	-	Cth	283	26.15
N4948	5937	ENSMUST00000199727.4|ENSMUSG00000039988|Ankrd13c	chr3	157988807	158007428	+	Ankrd13c	18621	38.84
N4949	5938	ENSMUST00000126716.8|ENSMUSG00000055436|Srsf11	chr3	158019390	158021375	-	Srsf11	1985	37.93
N4950	5939	ENSMUST00000200191.1|ENSMUSG00000028173|Wls	chr3	159848720	159934903	+	Wls	86183	36.94
N4951	594	ENSMUST00000018993.6|ENSMUSG00000018849|Wwc1	chr11	35838399	35839029	-	Wwc1	630	43.65
N4952	5940	ENSMUST00000052712.5|ENSMUSG00000028233|Tgs1	chr4	3615171	3616619	+	Tgs1	1448	38.54
N4953	5941	ENSMUST00000041377.12|ENSMUSG00000042228|Lyn	chr4	3790867	3791613	+	Lyn	746	38.34
N4954	5942	ENSMUST00000138502.1|ENSMUSG00000028234|Rps20	chr4	3831333	3834352	-	Rps20	3019	38.85
N4955	5943	ENSMUST00000070375.7|ENSMUSG00000045573|Penk	chr4	4133530	4133690	-	Penk	160	34.38
N4956	5944	ENSMUST00000084949.2|ENSMUSG00000066324|Impad1	chr4	4762483	4766444	-	Impad1	3961	35.52
N4957	5945	ENSMUST00000054857.12|ENSMUSG00000049119|Fam110b	chr4	5799850	5801101	+	Fam110b	1251	44.28
N4958	5947	ENSMUST00000029912.10|ENSMUSG00000028249|Sdcbp	chr4	6395412	6396284	+	Sdcbp	872	34.98
N4959	5948	ENSMUST00000029910.11|ENSMUSG00000028245|Nsmaf	chr4	6396206	6396433	-	Nsmaf	227	36.56
N4960	5949	ENSMUST00000066674.7|ENSMUSG00000041261|Car8	chr4	8143361	8169482	-	Car8	26121	41.17
N4961	595	ENSMUST00000141830.7|ENSMUSG00000042032|Mat2b	chr11	40680655	40684681	-	Mat2b	4026	40.06
N4962	5950	ENSMUST00000060232.7|ENSMUSG00000047187|Rab2a	chr4	8607373	8607778	+	Rab2a	405	38.52
N4963	5951	ENSMUST00000038841.13|ENSMUSG00000041216|Clvs1	chr4	9449877	9451691	+	Clvs1	1814	38.92
N4964	5953	ENSMUST00000101504.2|ENSMUSG00000059482|2610301B20Rik	chr4	10898466	10899425	+	2610301B20Rik	959	36.5
N4965	5954	ENSMUST00000054776.3|ENSMUSG00000049969|Plekhf2	chr4	10988661	10990377	-	Plekhf2	1716	37.18
N4966	5955	ENSMUST00000029865.3|ENSMUSG00000028211|Trp53inp1	chr4	11170107	11174379	+	Trp53inp1	4272	36.49
N4967	5956	ENSMUST00000029866.15|ENSMUSG00000028212|Ccne2	chr4	11203778	11204779	+	Ccne2	1001	29.27
N4968	5958	ENSMUST00000059914.12|ENSMUSG00000040720|Virma	chr4	11549847	11550684	+	Virma	837	36.56
N4969	5959	ENSMUST00000178725.1|ENSMUSG00000078773|Rad54b	chr4	11601813	11606144	+	Rad54b	4331	41.35
N4970	596	ENSMUST00000020578.10|ENSMUSG00000020328|Nudcd2	chr11	40739728	40740046	+	Nudcd2	318	31.76
N4971	5960	ENSMUST00000108304.8|ENSMUSG00000028214|Gem	chr4	11714319	11714752	+	Gem	433	26.79
N4972	5961	ENSMUST00000108297.2|ENSMUSG00000049225|Pdp1	chr4	11958183	11960001	-	Pdp1	1818	31.02
N4973	5962	ENSMUST00000131145.8|ENSMUSG00000049488|Tmem67	chr4	12039362	12068867	-	Tmem67	29505	40.69
N4974	5963	ENSMUST00000063839.5|ENSMUSG00000052137|Rbm12b2	chr4	12096032	12096243	+	Rbm12b2	211	32.23
N4975	5964	ENSMUST00000126012.2|ENSMUSG00000028218|Fam92a	chr4	12164120	12168222	-	Fam92a	4102	36.71
N4976	5965	ENSMUST00000183345.1|ENSMUSG00000055963|Triqk	chr4	12981265	12983553	+	Triqk	2288	33.83
N4977	5966	ENSMUST00000006761.9|ENSMUSG00000006586|Runx1t1	chr4	13890436	13893649	+	Runx1t1	3213	37.41
N4978	5967	ENSMUST00000042221.13|ENSMUSG00000040569|Slc26a7	chr4	14502429	14505271	-	Slc26a7	2842	32.27
N4979	5968	ENSMUST00000029875.3|ENSMUSG00000028221|Pip4p2	chr4	14914412	14915176	+	Pip4p2	764	34.03
N4980	5969	ENSMUST00000041606.13|ENSMUSG00000040536|Necab1	chr4	14952244	14955264	-	Necab1	3020	36.13
N4981	597	ENSMUST00000020576.7|ENSMUSG00000020326|Ccng1	chr11	40748551	40750719	-	Ccng1	2168	36.85
N4982	5971	ENSMUST00000029876.1|ENSMUSG00000028222|Calb1	chr4	15905409	15908064	+	Calb1	2655	32.88
N4983	5972	ENSMUST00000029877.8|ENSMUSG00000028223|Decr1	chr4	15917239	15918886	-	Decr1	1647	40.62
N4984	5973	ENSMUST00000037198.9|ENSMUSG00000041153|Osgin2	chr4	15997120	15997522	-	Osgin2	402	29.35
N4985	5974	ENSMUST00000029885.4|ENSMUSG00000028228|Cpne3	chr4	19519253	19522261	-	Cpne3	3008	36.0
N4986	5975	ENSMUST00000108246.8|ENSMUSG00000041058|Wwp1	chr4	19608302	19611565	-	Wwp1	3263	35.89
N4987	5976	ENSMUST00000029900.5|ENSMUSG00000028238|Atp6v0d2	chr4	19876840	19877794	-	Atp6v0d2	954	35.64
N4988	5978	ENSMUST00000098242.3|ENSMUSG00000073987|Ggh	chr4	20066009	20066750	+	Ggh	741	34.68
N4989	598	ENSMUST00000070725.10|ENSMUSG00000020436|Gabrg2	chr11	41910202	41911931	-	Gabrg2	1729	32.91
N4990	5980	ENSMUST00000029915.5|ENSMUSG00000028251|Tstd3	chr4	21757381	21757697	-	Tstd3	316	37.66
N4991	5981	ENSMUST00000137293.7|ENSMUSG00000040455|Usp45	chr4	21804388	21837870	+	Usp45	33482	39.91
N4992	5982	ENSMUST00000185001.7|ENSMUSG00000028248|Pnisr	chr4	21871608	21873755	+	Pnisr	2147	38.24
N4993	5983	ENSMUST00000029909.2|ENSMUSG00000028247|Coq3	chr4	21910847	21912162	+	Coq3	1315	40.46
N4994	5984	ENSMUST00000184455.7|ENSMUSG00000040410|Fbxl4	chr4	22390921	22434088	+	Fbxl4	43167	39.93
N4995	5985	ENSMUST00000029925.9|ENSMUSG00000028261|Ndufaf4	chr4	24903306	24905001	+	Ndufaf4	1695	39.94
N4996	5986	ENSMUST00000102994.9|ENSMUSG00000040359|Ufl1	chr4	25248604	25250321	-	Ufl1	1717	31.39
N4997	5987	ENSMUST00000084770.4|ENSMUSG00000055373|Fut9	chr4	25609331	25614872	-	Fut9	5541	33.26
N4998	5988	ENSMUST00000041374.7|ENSMUSG00000040520|Manea	chr4	26324505	26327053	-	Manea	2548	33.83
N4999	5989	ENSMUST00000029964.11|ENSMUSG00000028289|Epha7	chr4	28964506	28967499	+	Epha7	2993	36.25
N5000	599	ENSMUST00000205546.1|ENSMUSG00000010803|Gabra1	chr11	42130938	42131707	-	Gabra1	769	34.33
N5001	5990	ENSMUST00000108183.7|ENSMUSG00000028284|Map3k7	chr4	32020534	32023467	+	Map3k7	2933	42.65
N5002	5991	ENSMUST00000035719.10|ENSMUSG00000040183|Ankrd6	chr4	32804034	32805949	-	Ankrd6	1915	41.78
N5003	5992	ENSMUST00000098190.9|ENSMUSG00000028278|Rragd	chr4	33019109	33022180	+	Rragd	3071	42.69
N5004	5993	ENSMUST00000124992.7|ENSMUSG00000028277|Ube2j1	chr4	33050191	33052363	+	Ube2j1	2172	40.84
N5005	5994	ENSMUST00000067864.7|ENSMUSG00000054679|Srsf12	chr4	33232203	33233340	+	Srsf12	1137	37.12
N5006	5996	ENSMUST00000108153.8|ENSMUSG00000028274|Rngtt	chr4	33500689	33502614	+	Rngtt	1925	40.42
N5007	5997	ENSMUST00000084299.5|ENSMUSG00000028291|Akirin2	chr4	34566457	34566908	+	Akirin2	451	35.25
N5008	5998	ENSMUST00000029970.13|ENSMUSG00000028293|Slc35a1	chr4	34663256	34663957	-	Slc35a1	701	40.8
N5009	5999	ENSMUST00000108132.7|ENSMUSG00000028295|Smim8	chr4	34768663	34768840	-	Smim8	177	33.9
N5010	6	ENSMUST00000051809.9|ENSMUSG00000046916|Myct1	chr10	5604872	5606904	+	Myct1	2032	38.73
N5011	60	ENSMUST00000166468.1|ENSMUSG00000019889|Ptprk	chr10	28596003	28597397	+	Ptprk	1394	34.15
N5012	600	ENSMUST00000152115.7|ENSMUSG00000020415|Pttg1	chr11	43420277	43421101	-	Pttg1	824	44.42
N5013	6000	ENSMUST00000102975.9|ENSMUSG00000073910|Mob3b	chr4	34949073	34953677	-	Mob3b	4604	40.81
N5014	6002	ENSMUST00000037907.12|ENSMUSG00000040296|Ddx58	chr4	40204848	40205248	-	Ddx58	400	38.0
N5015	6003	ENSMUST00000042575.6|ENSMUSG00000036822|Topors	chr4	40259600	40259856	-	Topors	256	31.25
N5016	6004	ENSMUST00000129758.2|ENSMUSG00000028407|Smim27	chr4	40270290	40270940	+	Smim27	650	39.69
N5017	6005	ENSMUST00000129021.8|ENSMUSG00000028411|Aptx	chr4	40686241	40694851	-	Aptx	8610	44.7
N5018	6006	ENSMUST00000164233.7|ENSMUSG00000028410|Dnaja1	chr4	40733681	40737149	+	Dnaja1	3468	40.48
N5019	6007	ENSMUST00000030117.4|ENSMUSG00000028409|Smu1	chr4	40736541	40737148	-	Smu1	607	35.42
N5020	6008	ENSMUST00000030121.12|ENSMUSG00000028413|B4galt1	chr4	40804601	40806544	-	B4galt1	1943	47.61
N5021	601	ENSMUST00000020681.9|ENSMUSG00000020409|Slu7	chr11	43446823	43447981	+	Slu7	1158	43.26
N5022	6010	ENSMUST00000030133.14|ENSMUSG00000028423|Nfx1	chr4	41012437	41013871	+	Nfx1	1434	41.84
N5023	6012	ENSMUST00000040008.3|ENSMUSG00000036241|Ube2r2	chr4	41191090	41193380	+	Ube2r2	2290	47.16
N5024	6013	ENSMUST00000108068.7|ENSMUSG00000028433|Ubap2	chr4	41194312	41194624	-	Ubap2	312	50.0
N5025	6014	ENSMUST00000030145.8|ENSMUSG00000028436|Dcaf12	chr4	41291299	41292806	-	Dcaf12	1507	45.32
N5026	6015	ENSMUST00000072866.11|ENSMUSG00000028437|Ubap1	chr4	41389520	41390525	+	Ubap1	1005	42.49
N5027	6018	ENSMUST00000108049.8|ENSMUSG00000028439|Fam219a	chr4	41517690	41519180	-	Fam219a	1490	54.83
N5028	602	ENSMUST00000050574.6|ENSMUSG00000044707|Ccnjl	chr11	43586023	43586997	+	Ccnjl	974	45.48
N5029	6020	ENSMUST00000102961.9|ENSMUSG00000028444|Cntfr	chr4	41657497	41657761	-	Cntfr	264	48.48
N5030	6021	ENSMUST00000108041.7|ENSMUSG00000073889|Il11ra1	chr4	41769268	41769474	+	Il11ra1	206	51.46
N5031	6022	ENSMUST00000038434.3|ENSMUSG00000036114|Rpp25l	chr4	41712032	41712133	-	Rpp25l	101	46.53
N5032	6023	ENSMUST00000171641.1|ENSMUSG00000028447|Dctn3	chr4	41714797	41715021	-	Dctn3	224	47.32
N5033	6024	ENSMUST00000059354.14|ENSMUSG00000036078|Sigmar1	chr4	41738492	41738874	-	Sigmar1	382	52.36
N5034	6025	ENSMUST00000108038.1|ENSMUSG00000036073|Galt	chr4	41758601	41758695	+	Galt	94	54.26
N5035	6026	ENSMUST00000151142.7|ENSMUSG00000073888|Ccl27a	chr4	41769466	41771058	-	Ccl27a	1592	50.94
N5036	6027	ENSMUST00000098128.3|ENSMUSG00000094065|Ccl21d	chr4	41904531	41904743	+	Ccl21d	212	58.02
N5037	6028	ENSMUST00000098123.3|ENSMUSG00000073878|Gm13304	chr4	42115704	42115917	+	Gm13304	213	54.46
N5038	6029	ENSMUST00000098121.3|ENSMUSG00000073876|Gm13305	chr4	42158841	42159047	-	Gm13305	206	47.09
N5039	603	ENSMUST00000061070.5|ENSMUSG00000044950|Pwwp2a	chr11	43706624	43707191	+	Pwwp2a	567	35.1
N5040	6030	ENSMUST00000178864.2|ENSMUSG00000095675|Ccl21b	chr4	42256612	42256825	+	Ccl21b	213	58.69
N5041	6031	ENSMUST00000178168.2|ENSMUSG00000096596|Gm10591	chr4	42613036	42613253	+	Gm10591	217	53.0
N5042	6032	ENSMUST00000238770.1|ENSMUSG00000078735|Il11ra2	chr4	42656000	42656206	-	Il11ra2	206	47.09
N5043	6035	ENSMUST00000124380.1|ENSMUSG00000036062|Phf24	chr4	42934926	42940357	+	Phf24	5431	52.15
N5044	6036	ENSMUST00000037872.9|ENSMUSG00000036052|Dnajb5	chr4	42958480	42959425	+	Dnajb5	945	47.3
N5045	6037	ENSMUST00000030164.7|ENSMUSG00000028452|Vcp	chr4	42979962	42980380	-	Vcp	418	42.34
N5046	6038	ENSMUST00000030165.4|ENSMUSG00000028453|Fancg	chr4	43002342	43002690	-	Fancg	348	43.1
N5047	6039	ENSMUST00000149333.7|ENSMUSG00000028454|Pigo	chr4	43017634	43017760	-	Pigo	126	50.0
N5048	604	ENSMUST00000109278.7|ENSMUSG00000041278|Ttc1	chr11	43729511	43730194	-	Ttc1	683	45.39
N5049	6040	ENSMUST00000030169.14|ENSMUSG00000028455|Stoml2	chr4	43027689	43028016	-	Stoml2	327	51.68
N5050	6041	ENSMUST00000207569.1|ENSMUSG00000028456|Unc13b	chr4	43264149	43264871	+	Unc13b	722	43.77
N5051	6042	ENSMUST00000173682.7|ENSMUSG00000035969|Rusc2	chr4	43422859	43426649	+	Rusc2	3790	57.39
N5052	6043	ENSMUST00000138981.7|ENSMUSG00000028458|Tesk1	chr4	43445606	43447794	+	Tesk1	2188	57.13
N5053	6044	ENSMUST00000098104.9|ENSMUSG00000028459|Cd72	chr4	43446461	43448116	-	Cd72	1655	57.64
N5054	6045	ENSMUST00000030184.11|ENSMUSG00000028464|Tpm2	chr4	43514710	43515770	-	Tpm2	1060	53.4
N5055	6046	ENSMUST00000030187.13|ENSMUSG00000028465|Tln1	chr4	43531518	43531752	-	Tln1	234	52.14
N5056	6047	ENSMUST00000102944.10|ENSMUSG00000028466|Creb3	chr4	43566945	43567060	+	Creb3	115	38.26
N5057	6048	ENSMUST00000030189.13|ENSMUSG00000028467|Gba2	chr4	43566927	43567040	-	Gba2	113	38.94
N5058	6049	ENSMUST00000107886.8|ENSMUSG00000028468|Rgp1	chr4	43584096	43587487	+	Rgp1	3391	55.35
N5059	605	ENSMUST00000102795.3|ENSMUSG00000041231|Ublcp1	chr11	44454570	44454928	-	Ublcp1	358	36.31
N5060	6050	ENSMUST00000107874.8|ENSMUSG00000028469|Npr2	chr4	43651075	43651244	+	Npr2	169	49.7
N5061	6051	ENSMUST00000107865.8|ENSMUSG00000078716|Tmem8b	chr4	43690581	43692668	+	Tmem8b	2087	48.73
N5062	6052	ENSMUST00000095109.4|ENSMUSG00000071001|Hrct1	chr4	43727963	43728639	+	Hrct1	676	54.59
N5063	6053	ENSMUST00000131248.1|ENSMUSG00000028475|Spaar	chr4	43731878	43734534	+	Spaar	2656	48.98
N5064	6054	ENSMUST00000030198.6|ENSMUSG00000028476|Reck	chr4	43944121	43944806	+	Reck	685	29.64
N5065	6055	ENSMUST00000030202.13|ENSMUSG00000028480|Glipr2	chr4	43978455	43979118	+	Glipr2	663	52.19
N5066	6056	ENSMUST00000107846.9|ENSMUSG00000028478|Clta	chr4	44032720	44032846	+	Clta	126	47.62
N5067	6057	ENSMUST00000174522.7|ENSMUSG00000028479|Gne	chr4	44036809	44052770	-	Gne	15961	47.47
N5068	6058	ENSMUST00000098098.8|ENSMUSG00000035696|Rnf38	chr4	44126209	44129445	-	Rnf38	3236	40.57
N5069	6059	ENSMUST00000142714.7|ENSMUSG00000035649|Zcchc7	chr4	44895989	44909816	+	Zcchc7	13827	37.86
N5070	606	ENSMUST00000081265.11|ENSMUSG00000057098|Ebf1	chr11	45005008	45008091	+	Ebf1	3083	37.69
N5071	6060	ENSMUST00000055028.8|ENSMUSG00000049657|Zbtb5	chr4	44991241	44993207	-	Zbtb5	1966	47.0
N5072	6061	ENSMUST00000133157.7|ENSMUSG00000028318|Polr1e	chr4	45032248	45033692	+	Polr1e	1444	51.25
N5073	6062	ENSMUST00000052236.12|ENSMUSG00000048232|Fbxo10	chr4	45034246	45035336	-	Fbxo10	1090	54.77
N5074	6063	ENSMUST00000107809.8|ENSMUSG00000078713|Tomm5	chr4	45105211	45105394	-	Tomm5	183	36.07
N5075	6064	ENSMUST00000044673.8|ENSMUSG00000035601|Trmt10b	chr4	45315269	45316131	+	Trmt10b	862	41.18
N5076	6065	ENSMUST00000155551.7|ENSMUSG00000035572|Dcaf10	chr4	45374593	45379759	+	Dcaf10	5166	40.44
N5077	6066	ENSMUST00000107796.7|ENSMUSG00000045973|Slc25a51	chr4	45395922	45398633	-	Slc25a51	2711	45.0
N5078	6067	ENSMUST00000061986.11|ENSMUSG00000044813|Shb	chr4	45423277	45423767	-	Shb	490	47.14
N5079	6068	ENSMUST00000044384.4|ENSMUSG00000035561|Aldh1b1	chr4	45804335	45804604	+	Aldh1b1	269	49.44
N5080	6069	ENSMUST00000107777.8|ENSMUSG00000035517|Tdrd7	chr4	46034664	46034761	+	Tdrd7	97	21.65
N5081	607	ENSMUST00000109261.10|ENSMUSG00000006169|Clint1	chr11	45910282	45910625	+	Clint1	343	27.99
N5082	6071	ENSMUST00000107772.7|ENSMUSG00000035495|Tstd2	chr4	46114745	46116020	-	Tstd2	1275	44.55
N5083	6072	ENSMUST00000030014.8|ENSMUSG00000028330|Ncbp1	chr4	46172169	46172403	+	Ncbp1	234	43.59
N5084	6073	ENSMUST00000102926.4|ENSMUSG00000028333|Anp32b	chr4	46472382	46472657	+	Anp32b	275	36.0
N5085	6074	ENSMUST00000184112.7|ENSMUSG00000039853|Trim14	chr4	46493780	46499042	-	Trim14	5262	48.25
N5086	6075	ENSMUST00000030021.13|ENSMUSG00000028337|Coro2a	chr4	46536936	46538495	-	Coro2a	1559	46.5
N5087	6076	ENSMUST00000107749.3|ENSMUSG00000039809|Gabbr2	chr4	46662304	46662962	-	Gabbr2	658	38.75
N5088	6077	ENSMUST00000045041.11|ENSMUSG00000039774|Galnt12	chr4	47122728	47123070	+	Galnt12	342	36.55
N5089	6078	ENSMUST00000007757.14|ENSMUSG00000007613|Tgfbr1	chr4	47411163	47414931	+	Tgfbr1	3768	37.95
N5090	6079	ENSMUST00000044148.2|ENSMUSG00000039740|Alg2	chr4	47469832	47471410	-	Alg2	1578	43.16
N5091	608	ENSMUST00000129820.7|ENSMUSG00000044847|Lsm11	chr11	45928268	45932485	-	Lsm11	4217	47.71
N5092	6080	ENSMUST00000107720.8|ENSMUSG00000061455|Stx17	chr4	48182250	48186507	+	Stx17	4257	41.81
N5093	6081	ENSMUST00000030028.4|ENSMUSG00000028343|Erp44	chr4	48193322	48194459	-	Erp44	1137	40.19
N5094	6082	ENSMUST00000155905.7|ENSMUSG00000028345|Tex10	chr4	48430857	48458537	-	Tex10	27680	39.73
N5095	6083	ENSMUST00000107704.1|ENSMUSG00000039693|Msantd3	chr4	48561584	48561919	+	Msantd3	335	45.37
N5096	6084	ENSMUST00000030032.12|ENSMUSG00000028347|Tmeff1	chr4	48662797	48663131	+	Tmeff1	334	28.74
N5097	6085	ENSMUST00000057829.3|ENSMUSG00000044018|Mrpl50	chr4	49512595	49513554	-	Mrpl50	959	37.85
N5098	6086	ENSMUST00000042964.12|ENSMUSG00000039634|Zfp189	chr4	49531010	49531517	+	Zfp189	507	37.48
N5099	6087	ENSMUST00000042750.2|ENSMUSG00000039611|Tmem246	chr4	49584505	49585580	-	Tmem246	1075	44.37
N5100	6088	ENSMUST00000029989.10|ENSMUSG00000028309|Rnf20	chr4	49656541	49656887	+	Rnf20	346	33.24
N5101	6089	ENSMUST00000015391.9|ENSMUSG00000015247|Nipsnap3b	chr4	53021694	53022060	+	Nipsnap3b	366	24.04
N5102	609	ENSMUST00000093169.2|ENSMUSG00000069899|Gm12166	chr11	46051353	46051518	-	Gm12166	165	23.03
N5103	6090	ENSMUST00000030010.3|ENSMUSG00000015243|Abca1	chr4	53030786	53033794	-	Abca1	3008	37.43
N5104	6091	ENSMUST00000107651.8|ENSMUSG00000028412|Slc44a1	chr4	53565568	53567818	+	Slc44a1	2250	36.53
N5105	6092	ENSMUST00000030127.12|ENSMUSG00000028420|Tmem38b	chr4	53860375	53862019	+	Tmem38b	1644	35.4
N5106	6093	ENSMUST00000030134.8|ENSMUSG00000028426|Rad23b	chr4	55391135	55392237	+	Rad23b	1102	40.93
N5107	6095	ENSMUST00000030140.2|ENSMUSG00000028431|Elp1	chr4	56749679	56751192	-	Elp1	1513	41.71
N5108	6096	ENSMUST00000131520.7|ENSMUSG00000038827|Abitram	chr4	56803666	56809601	+	Abitram	5935	44.57
N5109	6097	ENSMUST00000045142.14|ENSMUSG00000038816|Ctnnal1	chr4	56810934	56811568	-	Ctnnal1	634	41.48
N5110	6098	ENSMUST00000068792.12|ENSMUSG00000055296|Tmem245	chr4	56866922	56879056	-	Tmem245	12134	41.12
N5111	6099	ENSMUST00000128276.1|ENSMUSG00000045589|Frrs1l	chr4	56960135	56972169	-	Frrs1l	12034	43.85
N5112	610	ENSMUST00000011400.7|ENSMUSG00000011256|Adam19	chr11	46144314	46147343	+	Adam19	3029	48.79
N5113	6100	ENSMUST00000095076.9|ENSMUSG00000028434|Epb41l4b	chr4	56991971	56995302	-	Epb41l4b	3331	40.95
N5114	6101	ENSMUST00000102903.7|ENSMUSG00000038729|Pakap	chr4	57893039	57896982	+	Pakap	3943	43.52
N5115	6102	ENSMUST00000030051.5|ENSMUSG00000028367|Txn1	chr4	57943372	57943756	-	Txn1	384	41.41
N5116	6103	ENSMUST00000042850.8|ENSMUSG00000028369|Svep1	chr4	58042441	58042964	-	Svep1	523	40.73
N5117	6104	ENSMUST00000107570.1|ENSMUSG00000038668|Lpar1	chr4	58435254	58436786	-	Lpar1	1532	39.43
N5118	6105	ENSMUST00000030069.6|ENSMUSG00000028378|Ptgr1	chr4	58965438	58966504	-	Ptgr1	1066	48.22
N5119	6106	ENSMUST00000150309.8|ENSMUSG00000070972|Dnajc25	chr4	59020529	59023740	+	Dnajc25	3211	40.14
N5120	6107	ENSMUST00000174664.1|ENSMUSG00000092345|Gm20503	chr4	59039500	59041888	+	Gm20503	2388	42.25
N5121	6108	ENSMUST00000041160.12|ENSMUSG00000038607|Gng10	chr4	59039500	59041903	+	Gng10	2403	42.24
N5122	6109	ENSMUST00000030074.7|ENSMUSG00000028381|Ugcg	chr4	59220541	59222833	+	Ugcg	2292	36.61
N5123	611	ENSMUST00000165599.8|ENSMUSG00000020340|Cyfip2	chr11	46193849	46196151	-	Cyfip2	2302	44.22
N5124	6110	ENSMUST00000174748.7|ENSMUSG00000028382|Ptbp3	chr4	59481447	59514249	-	Ptbp3	32802	38.73
N5125	6111	ENSMUST00000030078.11|ENSMUSG00000028383|Hsdl2	chr4	59618304	59618689	+	Hsdl2	385	32.47
N5126	6112	ENSMUST00000070150.10|ENSMUSG00000045071|E130308A19Rik	chr4	59753187	59761439	+	E130308A19Rik	8252	44.04
N5127	6113	ENSMUST00000095063.10|ENSMUSG00000038544|Inip	chr4	59769636	59771570	-	Inip	1934	46.33
N5128	6114	ENSMUST00000030080.6|ENSMUSG00000028385|Snx30	chr4	59899520	59904737	+	Snx30	5217	46.44
N5129	6115	ENSMUST00000068822.3|ENSMUSG00000028389|Zfp37	chr4	62189539	62190985	-	Zfp37	1446	34.65
N5130	6116	ENSMUST00000084530.8|ENSMUSG00000066152|Slc31a2	chr4	62297935	62298411	+	Slc31a2	476	44.96
N5131	6117	ENSMUST00000134727.7|ENSMUSG00000066149|Cdc26	chr4	62383653	62387866	-	Cdc26	4213	42.44
N5132	6118	ENSMUST00000084524.3|ENSMUSG00000066148|Prpf4	chr4	62424303	62426990	+	Prpf4	2687	42.76
N5133	6119	ENSMUST00000065870.13|ENSMUSG00000059810|Rgs3	chr4	62657480	62659840	+	Rgs3	2360	51.82
N5134	612	ENSMUST00000170928.7|ENSMUSG00000020397|Med7	chr11	46441429	46442721	+	Med7	1292	35.6
N5135	6120	ENSMUST00000035724.4|ENSMUSG00000039158|Akna	chr4	63367124	63367548	-	Akna	424	46.23
N5136	6122	ENSMUST00000077709.10|ENSMUSG00000045917|Tmem268	chr4	63584792	63586357	+	Tmem268	1565	49.07
N5137	6123	ENSMUST00000030047.2|ENSMUSG00000028362|Tnfsf8	chr4	63831307	63833341	-	Tnfsf8	2034	38.69
N5138	6124	ENSMUST00000030056.11|ENSMUSG00000028364|Tnc	chr4	63959784	63960066	-	Tnc	282	34.04
N5139	6125	ENSMUST00000050850.13|ENSMUSG00000051675|Trim32	chr4	65615323	65616238	+	Trim32	915	41.42
N5140	6126	ENSMUST00000048096.11|ENSMUSG00000039005|Tlr4	chr4	66841857	66842800	+	Tlr4	943	32.34
N5141	6127	ENSMUST00000030036.5|ENSMUSG00000028351|Brinp1	chr4	68761513	68761761	-	Brinp1	248	43.15
N5142	6128	ENSMUST00000076541.12|ENSMUSG00000039298|Cdk5rap2	chr4	70223022	70363943	-	Cdk5rap2	140921	44.13
N5143	613	ENSMUST00000020668.14|ENSMUSG00000020399|Havcr2	chr11	46480006	46481255	+	Havcr2	1249	46.92
N5144	6130	ENSMUST00000074216.13|ENSMUSG00000008305|Tle1	chr4	72117141	72117966	-	Tle1	825	35.03
N5145	6132	ENSMUST00000030103.8|ENSMUSG00000028398|Dmac1	chr4	75277353	75277556	-	Dmac1	203	29.56
N5146	6133	ENSMUST00000107289.8|ENSMUSG00000028399|Ptprd	chr4	75941237	75943086	-	Ptprd	1849	35.1
N5147	6134	ENSMUST00000055922.3|ENSMUSG00000048706|Lurap1l	chr4	80954178	80955628	+	Lurap1l	1450	36.55
N5148	6136	ENSMUST00000107245.8|ENSMUSG00000008575|Nfib	chr4	82290172	82296298	-	Nfib	6126	38.82
N5149	6137	ENSMUST00000173741.7|ENSMUSG00000028403|Zdhhc21	chr4	82804046	82820261	-	Zdhhc21	16215	38.75
N5150	6138	ENSMUST00000102823.9|ENSMUSG00000038172|Ttc39b	chr4	83220299	83226678	-	Ttc39b	6379	39.94
N5151	6139	ENSMUST00000137512.7|ENSMUSG00000028483|Snapc3	chr4	83435354	83454033	+	Snapc3	18679	42.95
N5152	614	ENSMUST00000020640.7|ENSMUSG00000020372|Rack1	chr11	48806193	48806434	+	Rack1	241	41.49
N5153	6140	ENSMUST00000030207.14|ENSMUSG00000028484|Psip1	chr4	83455679	83456450	-	Psip1	771	33.33
N5154	6141	ENSMUST00000176346.7|ENSMUSG00000028487|Bnc2	chr4	84390926	84546204	-	Bnc2	155278	39.52
N5155	6142	ENSMUST00000091064.7|ENSMUSG00000070934|Rraga	chr4	86577040	86577285	+	Rraga	245	36.33
N5156	6143	ENSMUST00000070607.8|ENSMUSG00000038047|Haus6	chr4	86578854	86581396	-	Haus6	2542	40.68
N5157	6144	ENSMUST00000000466.12|ENSMUSG00000028494|Plin2	chr4	86656564	86656840	-	Plin2	276	47.46
N5158	6145	ENSMUST00000082026.13|ENSMUSG00000038024|Dennd4c	chr4	86849104	86850603	+	Dennd4c	1499	34.42
N5159	6146	ENSMUST00000045224.13|ENSMUSG00000038007|Acer2	chr4	86918396	86920875	+	Acer2	2479	45.62
N5160	6147	ENSMUST00000107147.1|ENSMUSG00000038368|Focad	chr4	88410838	88411011	+	Focad	173	42.2
N5161	6148	ENSMUST00000151280.7|ENSMUSG00000028497|Hacd4	chr4	88410340	88414062	-	Hacd4	3722	41.19
N5162	6149	ENSMUST00000094993.2|ENSMUSG00000070923|Klhl9	chr4	88718291	88720000	-	Klhl9	1709	32.77
N5163	615	ENSMUST00000047145.13|ENSMUSG00000040365|Trim41	chr11	48806403	48806619	-	Trim41	216	43.52
N5164	6150	ENSMUST00000058030.9|ENSMUSG00000062937|Mtap	chr4	89179941	89181081	+	Mtap	1140	40.0
N5165	6151	ENSMUST00000097981.5|ENSMUSG00000073802|Cdkn2b	chr4	89306298	89306672	-	Cdkn2b	374	38.24
N5166	6152	ENSMUST00000066774.5|ENSMUSG00000054000|Tusc1	chr4	93334137	93334524	-	Tusc1	387	36.43
N5167	6153	ENSMUST00000030313.8|ENSMUSG00000028578|Caap1	chr4	94500080	94500605	-	Caap1	525	29.14
N5168	6154	ENSMUST00000073939.12|ENSMUSG00000006386|Tek	chr4	94874661	94874976	+	Tek	315	36.19
N5169	6155	ENSMUST00000107094.1|ENSMUSG00000052684|Jun	chr4	95049033	95049965	-	Jun	932	40.13
N5170	6156	ENSMUST00000131654.8|ENSMUSG00000028573|Fggy	chr4	95601220	95812169	+	Fggy	210949	41.1
N5171	6157	ENSMUST00000030303.5|ENSMUSG00000052914|Cyp2j6	chr4	96516137	96517816	-	Cyp2j6	1679	38.65
N5172	6158	ENSMUST00000055693.8|ENSMUSG00000015224|Cyp2j9	chr4	96568428	96568575	-	Cyp2j9	147	29.93
N5173	6159	ENSMUST00000092532.12|ENSMUSG00000028565|Nfia	chr4	98112625	98118874	+	Nfia	6249	40.44
N5174	616	ENSMUST00000104959.1|ENSMUSG00000078154|Gm12184	chr11	48825345	48825626	-	Gm12184	281	37.37
N5175	6160	ENSMUST00000125034.1|ENSMUSG00000028563|Tm2d1	chr4	98355369	98365436	-	Tm2d1	10067	41.64
N5176	6161	ENSMUST00000030289.8|ENSMUSG00000028560|Usp1	chr4	98935231	98935543	+	Usp1	312	33.97
N5177	6162	ENSMUST00000030279.14|ENSMUSG00000028550|Atg4c	chr4	99259098	99259787	+	Atg4c	689	34.83
N5178	6163	ENSMUST00000097961.8|ENSMUSG00000073792|Alg6	chr4	99762236	99763460	+	Alg6	1224	35.29
N5179	6164	ENSMUST00000058351.15|ENSMUSG00000025791|Pgm1	chr4	99987019	99987294	+	Pgm1	275	45.82
N5180	6165	ENSMUST00000039630.5|ENSMUSG00000035305|Ror1	chr4	100442393	100444765	+	Ror1	2372	39.29
N5181	6166	ENSMUST00000030257.14|ENSMUSG00000028532|Cachd1	chr4	101003510	101004544	+	Cachd1	1034	37.91
N5182	6167	ENSMUST00000038463.14|ENSMUSG00000035275|Raver2	chr4	101150742	101152370	+	Raver2	1628	43.98
N5183	6168	ENSMUST00000102781.9|ENSMUSG00000028530|Jak1	chr4	101152366	101153270	-	Jak1	904	42.59
N5184	6169	ENSMUST00000102780.7|ENSMUSG00000028527|Ak4	chr4	101464286	101466995	+	Ak4	2709	45.88
N5185	6170	ENSMUST00000106930.7|ENSMUSG00000028528|Dnajc6	chr4	101640721	101642799	+	Dnajc6	2078	38.35
N5186	6171	ENSMUST00000030254.14|ENSMUSG00000035212|Leprot	chr4	101658370	101659364	+	Leprot	994	45.07
N5187	6172	ENSMUST00000106921.8|ENSMUSG00000057722|Lepr	chr4	101811733	101813667	+	Lepr	1934	34.9
N5188	6173	ENSMUST00000106858.7|ENSMUSG00000028522|Mier1	chr4	103163040	103165754	+	Mier1	2714	35.81
N5189	6174	ENSMUST00000035780.3|ENSMUSG00000035069|Oma1	chr4	103366333	103366443	+	Oma1	110	26.36
N5190	6175	ENSMUST00000030243.7|ENSMUSG00000028518|Prkaa2	chr4	105029873	105034951	-	Prkaa2	5078	37.26
N5191	6176	ENSMUST00000064139.7|ENSMUSG00000028517|Plpp3	chr4	105232153	105232764	+	Plpp3	611	30.61
N5192	6177	ENSMUST00000094933.4|ENSMUSG00000028514|Usp24	chr4	106439059	106441322	+	Usp24	2263	44.28
N5193	6178	ENSMUST00000058905.7|ENSMUSG00000043572|Pars2	chr4	106655001	106655282	+	Pars2	281	52.67
N5194	6179	ENSMUST00000026480.12|ENSMUSG00000025413|Ttc4	chr4	106662255	106662566	-	Ttc4	311	43.09
N5195	618	ENSMUST00000097494.8|ENSMUSG00000069893|9930111J21Rik1	chr11	48946149	48947075	-	9930111J21Rik1	926	53.89
N5196	6180	ENSMUST00000140541.7|ENSMUSG00000034853|Acot11	chr4	106747390	106752826	-	Acot11	5436	51.89
N5197	6181	ENSMUST00000030367.14|ENSMUSG00000061887|Ssbp3	chr4	107048340	107049694	+	Ssbp3	1354	47.19
N5198	6182	ENSMUST00000127720.7|ENSMUSG00000028619|Tceanc2	chr4	107139269	107147514	-	Tceanc2	8245	46.73
N5199	6183	ENSMUST00000154007.7|ENSMUSG00000028618|Tmem59	chr4	107193380	107200506	+	Tmem59	7126	41.57
N5200	6184	ENSMUST00000030360.10|ENSMUSG00000028617|Lrrc42	chr4	107233513	107233582	-	Lrrc42	69	24.64
N5201	6185	ENSMUST00000075693.11|ENSMUSG00000057375|Yipf1	chr4	107350651	107359822	+	Yipf1	9171	48.62
N5202	6186	ENSMUST00000030357.14|ENSMUSG00000028614|Ndc1	chr4	107395832	107414333	+	Ndc1	18501	43.85
N5203	6187	ENSMUST00000238658.1|ENSMUSG00000028613|Lrp8	chr4	107857389	107864077	+	Lrp8	6688	47.19
N5204	6188	ENSMUST00000030345.14|ENSMUSG00000028607|Cpt2	chr4	107903980	107904083	-	Cpt2	103	36.89
N5205	6189	ENSMUST00000106709.8|ENSMUSG00000028600|Podn	chr4	108014790	108017584	-	Podn	2794	51.61
N5206	619	ENSMUST00000068063.3|ENSMUSG00000078922|Tgtp1	chr11	48985326	48986480	-	Tgtp1	1154	42.2
N5207	6191	ENSMUST00000130942.7|ENSMUSG00000028601|Echdc2	chr4	108174174	108179071	+	Echdc2	4897	45.76
N5208	6192	ENSMUST00000043616.6|ENSMUSG00000034636|Zyg11b	chr4	108229723	108233176	-	Zyg11b	3453	40.63
N5209	6193	ENSMUST00000131656.1|ENSMUSG00000048351|Coa7	chr4	108339903	108341544	+	Coa7	1641	44.91
N5210	6194	ENSMUST00000030332.6|ENSMUSG00000028597|Gpx7	chr4	108400389	108400632	-	Gpx7	243	46.91
N5211	6195	ENSMUST00000097925.8|ENSMUSG00000034610|Tut4	chr4	108559040	108559421	+	Tut4	381	23.36
N5212	6197	ENSMUST00000102742.10|ENSMUSG00000028568|Btf3l4	chr4	108814294	108816616	-	Btf3l4	2322	37.73
N5213	6198	ENSMUST00000030296.8|ENSMUSG00000028567|Txndc12	chr4	108861776	108862127	+	Txndc12	351	46.44
N5214	6199	ENSMUST00000102738.3|ENSMUSG00000073775|Kti12	chr4	108849155	108849413	+	Kti12	258	43.02
N5215	62	ENSMUST00000217011.1|ENSMUSG00000110723|Gm49353	chr10	29199280	29221940	+	Gm49353	22660	38.53
N5216	620	ENSMUST00000101295.8|ENSMUSG00000069892|9930111J21Rik2	chr11	49015873	49018130	-	9930111J21Rik2	2257	38.41
N5217	6200	ENSMUST00000106650.8|ENSMUSG00000003411|Rab3b	chr4	108941057	108943324	+	Rab3b	2267	46.63
N5218	6201	ENSMUST00000065977.10|ENSMUSG00000053510|Nrd1	chr4	109061278	109061777	+	Nrd1	499	43.89
N5219	6202	ENSMUST00000159545.7|ENSMUSG00000028559|Osbpl9	chr4	109061654	109133630	-	Osbpl9	71976	42.27
N5220	6203	ENSMUST00000176251.7|ENSMUSG00000028552|Eps15	chr4	109383011	109385687	+	Eps15	2676	36.66
N5221	6204	ENSMUST00000030284.9|ENSMUSG00000028557|Rnf11	chr4	109451097	109452737	-	Rnf11	1640	38.05
N5222	6205	ENSMUST00000063531.4|ENSMUSG00000028551|Cdkn2c	chr4	109660875	109661082	-	Cdkn2c	207	29.95
N5223	6206	ENSMUST00000102724.4|ENSMUSG00000010517|Faf1	chr4	109962030	109963960	+	Faf1	1930	42.44
N5224	6207	ENSMUST00000106598.7|ENSMUSG00000028546|Elavl4	chr4	110203721	110206183	-	Elavl4	2462	31.68
N5225	6208	ENSMUST00000030274.6|ENSMUSG00000028545|Bend5	chr4	111460055	111460298	+	Bend5	243	47.74
N5226	6209	ENSMUST00000084354.3|ENSMUSG00000034401|Spata6	chr4	111828813	111829184	+	Spata6	371	31.54
N5227	621	ENSMUST00000046745.6|ENSMUSG00000078921|Tgtp2	chr11	49057193	49058347	-	Tgtp2	1154	42.46
N5228	6210	ENSMUST00000094894.3|ENSMUSG00000070867|Trabd2b	chr4	114610376	114615098	+	Trabd2b	4722	49.07
N5229	6211	ENSMUST00000068654.4|ENSMUSG00000055210|Foxd2	chr4	114906281	114906696	-	Foxd2	415	51.57
N5230	6212	ENSMUST00000106548.8|ENSMUSG00000028716|Pdzk1ip1	chr4	115093696	115093899	+	Pdzk1ip1	203	53.2
N5231	6214	ENSMUST00000137401.2|ENSMUSG00000028710|Atpaf1	chr4	115811731	115822655	+	Atpaf1	10924	45.13
N5232	6215	ENSMUST00000030477.3|ENSMUSG00000028709|Mob3c	chr4	115834920	115836185	+	Mob3c	1265	47.59
N5233	6216	ENSMUST00000019677.11|ENSMUSG00000028708|Mknk1	chr4	115878772	115879250	+	Mknk1	478	43.51
N5234	6217	ENSMUST00000049095.5|ENSMUSG00000034171|Faah	chr4	115996668	115997928	-	Faah	1260	46.59
N5235	6218	ENSMUST00000030471.8|ENSMUSG00000028703|Lrrc41	chr4	116096784	116097043	+	Lrrc41	259	47.1
N5236	6219	ENSMUST00000120083.7|ENSMUSG00000028700|Pomgnt1	chr4	116159564	116159848	+	Pomgnt1	284	53.52
N5237	622	ENSMUST00000109202.2|ENSMUSG00000078920|Ifi47	chr11	49096818	49096974	+	Ifi47	156	35.26
N5238	6220	ENSMUST00000030469.4|ENSMUSG00000028701|Lurap1	chr4	116132405	116136829	-	Lurap1	4424	45.75
N5239	6221	ENSMUST00000030464.13|ENSMUSG00000028698|Pik3r3	chr4	116300120	116303056	+	Pik3r3	2936	42.37
N5240	6222	ENSMUST00000030461.4|ENSMUSG00000028696|Ipp	chr4	116538172	116538243	+	Ipp	71	22.54
N5241	6223	ENSMUST00000106478.8|ENSMUSG00000055900|Tmem69	chr4	116551632	116552885	-	Tmem69	1253	43.1
N5242	6225	ENSMUST00000030457.11|ENSMUSG00000028693|Nasp	chr4	116601051	116601348	-	Nasp	297	36.36
N5243	6226	ENSMUST00000135573.7|ENSMUSG00000028691|Prdx1	chr4	116699404	116700822	+	Prdx1	1418	40.34
N5244	6227	ENSMUST00000030453.4|ENSMUSG00000028690|Mmachc	chr4	116702278	116702934	-	Mmachc	656	39.79
N5245	6228	ENSMUST00000155391.7|ENSMUSG00000028689|Ccdc163	chr4	116711458	116715104	+	Ccdc163	3646	42.81
N5246	6229	ENSMUST00000106459.7|ENSMUSG00000033985|Tesk2	chr4	116805294	116805956	+	Tesk2	662	53.17
N5247	623	ENSMUST00000109197.7|ENSMUSG00000046311|Zfp62	chr11	49218239	49218816	+	Zfp62	577	30.68
N5248	6230	ENSMUST00000030446.14|ENSMUSG00000028684|Urod	chr4	116989964	116990138	-	Urod	174	50.0
N5249	6231	ENSMUST00000050067.9|ENSMUSG00000046861|Hectd3	chr4	117003957	117005277	+	Hectd3	1320	51.14
N5250	6232	ENSMUST00000076859.11|ENSMUSG00000028680|Plk3	chr4	117128654	117128838	-	Plk3	184	46.74
N5251	6233	ENSMUST00000065896.8|ENSMUSG00000028678|Kif2c	chr4	117159638	117159842	-	Kif2c	204	31.86
N5252	6236	ENSMUST00000149168.1|ENSMUSG00000028542|Slc6a9	chr4	117857495	117875196	+	Slc6a9	17701	53.85
N5253	6237	ENSMUST00000084325.9|ENSMUSG00000028541|B4galt2	chr4	117869259	117873307	-	B4galt2	4048	54.67
N5254	6238	ENSMUST00000036380.13|ENSMUSG00000033379|Atp6v0b	chr4	117884325	117884466	-	Atp6v0b	141	52.48
N5255	6239	ENSMUST00000183773.1|ENSMUSG00000028540|Dph2	chr4	117888915	117890894	-	Dph2	1979	53.56
N5256	624	ENSMUST00000101293.10|ENSMUSG00000020346|Mgat1	chr11	49262698	49263030	+	Mgat1	332	56.63
N5257	6240	ENSMUST00000030263.8|ENSMUSG00000028538|St3gal3	chr4	117932153	117932786	-	St3gal3	633	53.87
N5258	6241	ENSMUST00000049074.12|ENSMUSG00000033295|Ptprf	chr4	118208212	118209248	-	Ptprf	1036	48.55
N5259	6242	ENSMUST00000106393.7|ENSMUSG00000006395|Hyi	chr4	118361774	118362744	+	Hyi	970	55.98
N5260	6243	ENSMUST00000106384.9|ENSMUSG00000006392|Med8	chr4	118414968	118415782	+	Med8	814	48.65
N5261	6244	ENSMUST00000006557.12|ENSMUSG00000006390|Elovl1	chr4	118432410	118432953	+	Elovl1	543	50.28
N5262	6245	ENSMUST00000183942.1|ENSMUSG00000006398|Cdc20	chr4	118433104	118434625	-	Cdc20	1521	46.22
N5263	6246	ENSMUST00000030501.14|ENSMUSG00000028729|Ebna1bp2	chr4	118626018	118627776	+	Ebna1bp2	1758	46.64
N5264	6247	ENSMUST00000174372.2|ENSMUSG00000028645|Slc2a1	chr4	119133539	119137330	+	Slc2a1	3791	52.81
N5265	6248	ENSMUST00000106345.2|ENSMUSG00000028643|Svbp	chr4	119201107	119201298	+	Svbp	191	37.7
N5266	6249	ENSMUST00000141112.1|ENSMUSG00000078584|AU022252	chr4	119219841	119225645	-	AU022252	5804	47.78
N5267	625	ENSMUST00000020617.2|ENSMUSG00000020357|Flt4	chr11	49652168	49652739	+	Flt4	571	49.74
N5268	6251	ENSMUST00000056458.13|ENSMUSG00000060288|Ppih	chr4	119300009	119310630	-	Ppih	10621	44.72
N5269	6252	ENSMUST00000106316.1|ENSMUSG00000028636|Ppcs	chr4	119418529	119418765	-	Ppcs	236	41.53
N5270	6253	ENSMUST00000079611.12|ENSMUSG00000087385|Frg2f1	chr4	119530307	119530468	-	Frg2f1	161	35.4
N5271	6254	ENSMUST00000044564.14|ENSMUSG00000032998|Foxj3	chr4	119626757	119629119	+	Foxj3	2362	42.76
N5272	6255	ENSMUST00000106307.8|ENSMUSG00000028634|Hivep3	chr4	120134499	120138045	+	Hivep3	3546	47.77
N5273	6256	ENSMUST00000102656.3|ENSMUSG00000052135|Foxo6	chr4	120267078	120267370	-	Foxo6	292	58.22
N5274	6257	ENSMUST00000000087.12|ENSMUSG00000000085|Scmh1	chr4	120529874	120530184	+	Scmh1	310	52.9
N5275	6258	ENSMUST00000030381.7|ENSMUSG00000028633|Ctps	chr4	120539867	120541148	-	Ctps	1281	44.5
N5276	6259	ENSMUST00000094814.5|ENSMUSG00000070803|Cited4	chr4	120667549	120667820	+	Cited4	271	59.04
N5277	6260	ENSMUST00000030376.7|ENSMUSG00000028631|Kcnq4	chr4	120696137	120697191	-	Kcnq4	1054	53.32
N5278	6261	ENSMUST00000120779.7|ENSMUSG00000032897|Nfyc	chr4	120757437	120757982	-	Nfyc	545	46.97
N5279	6262	ENSMUST00000071093.8|ENSMUSG00000032890|Rims3	chr4	120891655	120896579	+	Rims3	4924	53.68
N5280	6263	ENSMUST00000144114.1|ENSMUSG00000028629|Exo5	chr4	120921195	120921396	-	Exo5	201	31.34
N5281	6265	ENSMUST00000030372.5|ENSMUSG00000028626|Col9a2	chr4	121055077	121055322	+	Col9a2	245	52.65
N5282	6266	ENSMUST00000058754.8|ENSMUSG00000043207|Zmpste24	chr4	121059236	121060761	-	Zmpste24	1525	40.79
N5283	6267	ENSMUST00000069533.11|ENSMUSG00000028656|Cap1	chr4	122859046	122859501	-	Cap1	455	41.54
N5284	6268	ENSMUST00000030408.11|ENSMUSG00000028655|Mfsd2a	chr4	122946849	122947072	-	Mfsd2a	223	40.81
N5285	6269	ENSMUST00000106252.8|ENSMUSG00000028654|Mycl	chr4	123000668	123002485	+	Mycl	1817	49.53
N5286	627	ENSMUST00000020629.4|ENSMUSG00000020363|Gfpt2	chr11	49838264	49838613	+	Gfpt2	349	49.86
N5287	6270	ENSMUST00000102649.3|ENSMUSG00000028653|Trit1	chr4	123054682	123054949	+	Trit1	267	45.69
N5288	6271	ENSMUST00000030404.4|ENSMUSG00000028651|Ppie	chr4	123127114	123127229	-	Ppie	115	44.35
N5289	6272	ENSMUST00000059667.8|ENSMUSG00000046093|Hpcal4	chr4	123191641	123194701	+	Hpcal4	3060	47.52
N5290	6273	ENSMUST00000040821.4|ENSMUSG00000032744|Heyl	chr4	123248484	123249875	+	Heyl	1391	50.83
N5291	6274	ENSMUST00000123765.7|ENSMUSG00000028649|Macf1	chr4	123349632	123350590	-	Macf1	958	38.31
N5292	6275	ENSMUST00000102636.3|ENSMUSG00000023075|Akirin1	chr4	123734558	123735544	-	Akirin1	986	41.38
N5293	6276	ENSMUST00000030400.13|ENSMUSG00000028647|Mycbp	chr4	123911329	123912269	+	Mycbp	940	40.0
N5294	6277	ENSMUST00000053491.8|ENSMUSG00000090125|Pou3f1	chr4	124659204	124660655	+	Pou3f1	1451	50.59
N5295	6278	ENSMUST00000030738.7|ENSMUSG00000028907|Utp11	chr4	124678159	124678754	-	Utp11	595	36.97
N5296	6279	ENSMUST00000030723.2|ENSMUSG00000028890|Mtf1	chr4	124844675	124849800	+	Mtf1	5125	46.77
N5297	6281	ENSMUST00000102628.10|ENSMUSG00000028889|Yrdc	chr4	124854753	124855242	+	Yrdc	489	37.01
N5298	6282	ENSMUST00000064444.7|ENSMUSG00000042763|Maneal	chr4	124855238	124856236	-	Maneal	998	44.69
N5299	6283	ENSMUST00000084296.9|ENSMUSG00000028873|Cdca8	chr4	124918464	124918717	-	Cdca8	253	49.01
N5300	6284	ENSMUST00000094769.12|ENSMUSG00000044730|9930104L06Rik	chr4	124942839	124944656	+	9930104L06Rik	1817	47.66
N5301	6285	ENSMUST00000030687.7|ENSMUSG00000028871|Rspo1	chr4	125008868	125009099	+	Rspo1	231	48.92
N5302	6286	ENSMUST00000036383.3|ENSMUSG00000042707|Dnali1	chr4	125055337	125055836	-	Dnali1	499	50.3
N5303	6287	ENSMUST00000052183.6|ENSMUSG00000050213|Snip1	chr4	125073662	125074042	+	Snip1	380	42.11
N5304	6288	ENSMUST00000154689.7|ENSMUSG00000028863|Meaf6	chr4	125109751	125113238	+	Meaf6	3487	49.67
N5305	6289	ENSMUST00000036188.7|ENSMUSG00000042677|Zc3h12a	chr4	125118422	125118863	-	Zc3h12a	441	47.17
N5306	629	ENSMUST00000063444.2|ENSMUSG00000020374|Rasgef1c	chr11	49980028	49980994	+	Rasgef1c	966	51.24
N5307	6290	ENSMUST00000106162.7|ENSMUSG00000028859|Csf3r	chr4	126044142	126044440	+	Csf3r	298	50.0
N5308	6291	ENSMUST00000035497.4|ENSMUSG00000042616|Oscp1	chr4	126089281	126092195	+	Oscp1	2914	46.47
N5309	6292	ENSMUST00000055575.7|ENSMUSG00000050188|Lsm10	chr4	126098369	126098584	+	Lsm10	215	47.44
N5310	6293	ENSMUST00000094761.10|ENSMUSG00000042608|Stk40	chr4	126139189	126141029	+	Stk40	1840	54.24
N5311	6294	ENSMUST00000106152.2|ENSMUSG00000050212|Eva1b	chr4	126149811	126149875	+	Eva1b	64	59.38
N5312	6297	ENSMUST00000070132.6|ENSMUSG00000056174|Col8a2	chr4	126312531	126314330	+	Col8a2	1799	51.75
N5313	6298	ENSMUST00000102617.4|ENSMUSG00000042558|Adprhl2	chr4	126316046	126316323	-	Adprhl2	277	56.68
N5314	6299	ENSMUST00000097886.3|ENSMUSG00000073755|5730409E04Rik	chr4	126613275	126614371	+	5730409E04Rik	1096	51.55
N5315	63	ENSMUST00000020034.5|ENSMUSG00000019883|Echdc1	chr10	29345668	29347469	+	Echdc1	1801	40.14
N5316	630	ENSMUST00000238748.1|ENSMUSG00000020376|Rnf130	chr11	50120695	50125719	+	Rnf130	5024	49.42
N5317	6300	ENSMUST00000030637.13|ENSMUSG00000028833|Ncdn	chr4	126743749	126744211	-	Ncdn	462	56.49
N5318	6301	ENSMUST00000047431.10|ENSMUSG00000028830|AU040320	chr4	126853501	126854336	+	AU040320	835	51.02
N5319	6302	ENSMUST00000135003.1|ENSMUSG00000042446|Zmym4	chr4	126861938	126862811	-	Zmym4	873	38.37
N5320	6303	ENSMUST00000030623.7|ENSMUSG00000028820|Sfpq	chr4	127030632	127031236	+	Sfpq	604	36.09
N5321	6304	ENSMUST00000106097.8|ENSMUSG00000070737|Tmem35b	chr4	127129338	127129644	+	Tmem35b	306	44.44
N5322	6307	ENSMUST00000053753.7|ENSMUSG00000050234|Gja4	chr4	127311420	127311682	-	Gja4	262	52.29
N5323	6308	ENSMUST00000106091.8|ENSMUSG00000042367|Gjb3	chr4	127325234	127325479	-	Gjb3	245	52.24
N5324	6309	ENSMUST00000046498.2|ENSMUSG00000042357|Gjb5	chr4	127354808	127355355	-	Gjb5	547	49.73
N5325	631	ENSMUST00000101270.4|ENSMUSG00000036644|Tbc1d9b	chr11	50171840	50172785	+	Tbc1d9b	945	47.72
N5326	6310	ENSMUST00000074829.3|ENSMUSG00000062545|Tlr12	chr4	128615442	128615586	-	Tlr12	144	41.67
N5327	6311	ENSMUST00000143632.7|ENSMUSG00000028796|Phc2	chr4	128748284	128752881	+	Phc2	4597	53.36
N5328	6312	ENSMUST00000106072.8|ENSMUSG00000028799|Zfp362	chr4	128773087	128773607	-	Zfp362	520	47.12
N5329	6313	ENSMUST00000030584.10|ENSMUSG00000028793|Rnf19b	chr4	129084400	129085735	+	Rnf19b	1335	49.29
N5330	6315	ENSMUST00000102600.3|ENSMUSG00000001334|Fndc5	chr4	129143044	129144593	+	Fndc5	1549	49.77
N5331	6316	ENSMUST00000133992.7|ENSMUSG00000028811|Yars	chr4	129200953	129210578	+	Yars	9625	46.63
N5332	6317	ENSMUST00000106051.7|ENSMUSG00000050390|C77080	chr4	129219577	129221306	-	C77080	1729	53.9
N5333	6318	ENSMUST00000102599.3|ENSMUSG00000001333|Sync	chr4	129308217	129308559	+	Sync	342	42.69
N5334	6319	ENSMUST00000102598.3|ENSMUSG00000057236|Rbbp4	chr4	129307099	129309642	-	Rbbp4	2543	40.94
N5335	632	ENSMUST00000015981.11|ENSMUSG00000015837|Sqstm1	chr11	50199365	50200367	-	Sqstm1	1002	50.5
N5336	6320	ENSMUST00000106047.3|ENSMUSG00000057572|Zbtb8os	chr4	129341823	129347033	+	Zbtb8os	5210	43.8
N5337	6321	ENSMUST00000030610.2|ENSMUSG00000028807|Zbtb8a	chr4	129353627	129353894	-	Zbtb8a	267	40.07
N5338	6322	ENSMUST00000048162.9|ENSMUSG00000040859|Bsdc1	chr4	129488136	129488498	+	Bsdc1	362	36.46
N5339	6323	ENSMUST00000062356.6|ENSMUSG00000047945|Marcksl1	chr4	129515628	129515985	+	Marcksl1	357	43.98
N5340	6324	ENSMUST00000102597.4|ENSMUSG00000028800|Hdac1	chr4	129516103	129516392	-	Hdac1	289	43.6
N5341	6325	ENSMUST00000167288.7|ENSMUSG00000000409|Lck	chr4	129548343	129548625	-	Lck	282	48.58
N5342	6326	ENSMUST00000174073.7|ENSMUSG00000028797|Tmem234	chr4	129608436	129624059	+	Tmem234	15623	51.55
N5343	6327	ENSMUST00000046675.11|ENSMUSG00000040795|Iqcc	chr4	129615125	129615820	-	Iqcc	695	40.14
N5344	6328	ENSMUST00000151838.7|ENSMUSG00000028795|Ccdc28b	chr4	129619275	129620586	-	Ccdc28b	1311	47.14
N5345	6329	ENSMUST00000046425.15|ENSMUSG00000053841|Txlna	chr4	129626077	129628318	-	Txlna	2241	49.75
N5346	633	ENSMUST00000151803.7|ENSMUSG00000036620|Mgat4b	chr11	50233657	50235103	+	Mgat4b	1446	56.36
N5347	6330	ENSMUST00000102590.10|ENSMUSG00000003731|Kpna6	chr4	129643979	129647700	-	Kpna6	3721	48.35
N5348	6331	ENSMUST00000129342.7|ENSMUSG00000028790|Khdrbs1	chr4	129703163	129715053	-	Khdrbs1	11890	43.57
N5349	6332	ENSMUST00000165853.1|ENSMUSG00000028788|Ptp4a2	chr4	129848183	129850003	+	Ptp4a2	1820	41.32
N5350	6333	ENSMUST00000120204.7|ENSMUSG00000028782|Adgrb2	chr4	130022486	130022633	+	Adgrb2	147	68.03
N5351	6335	ENSMUST00000030560.8|ENSMUSG00000028776|Tinagl1	chr4	130164453	130165779	-	Tinagl1	1326	50.3
N5352	6336	ENSMUST00000122374.7|ENSMUSG00000023232|Serinc2	chr4	130253494	130253758	-	Serinc2	264	56.44
N5353	6337	ENSMUST00000070532.7|ENSMUSG00000028773|Fabp3	chr4	130315373	130315463	+	Fabp3	90	40.0
N5354	6338	ENSMUST00000134159.2|ENSMUSG00000028772|Zcchc17	chr4	130315382	130316252	-	Zcchc17	870	48.62
N5355	6339	ENSMUST00000105994.3|ENSMUSG00000074088|Snrnp40	chr4	130389795	130390026	+	Snrnp40	231	29.87
N5356	634	ENSMUST00000179865.7|ENSMUSG00000020368|Canx	chr11	50293960	50295055	-	Canx	1095	36.62
N5357	6340	ENSMUST00000180884.7|ENSMUSG00000078532|Nkain1	chr4	130531601	130533847	-	Nkain1	2246	52.67
N5358	6341	ENSMUST00000030315.12|ENSMUSG00000028580|Pum1	chr4	130780074	130781564	+	Pum1	1490	37.99
N5359	6342	ENSMUST00000070478.3|ENSMUSG00000025743|Sdc3	chr4	130822997	130826319	+	Sdc3	3322	55.48
N5360	6344	ENSMUST00000105987.8|ENSMUSG00000028909|Ptpru	chr4	131768456	131768798	-	Ptpru	342	48.54
N5361	6345	ENSMUST00000134943.6|ENSMUSG00000028911|Srsf4	chr4	131892194	131897834	+	Srsf4	5640	45.78
N5362	6346	ENSMUST00000094666.3|ENSMUSG00000070720|Tmem200b	chr4	131922800	131923140	+	Tmem200b	340	58.24
N5363	6347	ENSMUST00000152796.7|ENSMUSG00000040025|Ythdf2	chr4	132184911	132186221	-	Ythdf2	1310	42.37
N5364	6348	ENSMUST00000030731.10|ENSMUSG00000028899|Taf12	chr4	132293012	132295766	+	Taf12	2754	50.84
N5365	6349	ENSMUST00000147652.7|ENSMUSG00000028898|Trnau1ap	chr4	132311864	132325207	-	Trnau1ap	13343	46.29
N5366	6350	ENSMUST00000084250.10|ENSMUSG00000028896|Rcc1	chr4	132331918	132332607	-	Rcc1	689	46.44
N5367	6351	ENSMUST00000102568.9|ENSMUSG00000066043|Phactr4	chr4	132355922	132358120	-	Phactr4	2198	46.77
N5368	6352	ENSMUST00000102567.3|ENSMUSG00000066042|Med18	chr4	132458730	132459109	-	Med18	379	36.68
N5369	6353	ENSMUST00000030724.8|ENSMUSG00000028893|Sesn2	chr4	132492031	132493091	-	Sesn2	1060	53.58
N5370	6354	ENSMUST00000139074.7|ENSMUSG00000054405|Dnajc8	chr4	132538288	132546646	+	Dnajc8	8358	43.6
N5371	6355	ENSMUST00000070690.7|ENSMUSG00000056529|Ptafr	chr4	132580806	132582683	+	Ptafr	1877	48.32
N5372	6356	ENSMUST00000081726.12|ENSMUSG00000028886|Eya3	chr4	132721910	132724765	+	Eya3	2855	51.73
N5373	6357	ENSMUST00000045550.4|ENSMUSG00000037752|Xkr8	chr4	132724896	132727421	-	Xkr8	2525	47.72
N5374	6358	ENSMUST00000030709.8|ENSMUSG00000028885|Smpdl3b	chr4	132732965	132733207	-	Smpdl3b	242	42.98
N5375	6359	ENSMUST00000102561.10|ENSMUSG00000028884|Rpa2	chr4	132778250	132778752	+	Rpa2	502	49.2
N5376	636	ENSMUST00000040523.8|ENSMUSG00000036545|Adamts2	chr11	50804177	50807573	+	Adamts2	3396	48.2
N5377	6360	ENSMUST00000045154.5|ENSMUSG00000037731|Themis2	chr4	132781842	132782254	-	Themis2	412	44.17
N5378	6361	ENSMUST00000030702.13|ENSMUSG00000028882|Ppp1r8	chr4	132826928	132827228	-	Ppp1r8	300	44.33
N5379	6362	ENSMUST00000030698.4|ENSMUSG00000028879|Stx12	chr4	132853500	132854399	-	Stx12	899	40.93
N5380	6363	ENSMUST00000030696.10|ENSMUSG00000028878|Fam76a	chr4	132899212	132901056	-	Fam76a	1844	45.07
N5381	6364	ENSMUST00000030693.12|ENSMUSG00000028874|Fgr	chr4	133000638	133001910	+	Fgr	1272	47.48
N5382	6365	ENSMUST00000084241.11|ENSMUSG00000028868|Wasf2	chr4	133196022	133199756	+	Wasf2	3734	53.7
N5383	6366	ENSMUST00000105910.1|ENSMUSG00000028865|Cd164l2	chr4	133224406	133224555	+	Cd164l2	149	62.42
N5384	6367	ENSMUST00000134781.7|ENSMUSG00000028857|Tmem222	chr4	133266886	133268195	-	Tmem222	1309	50.65
N5385	6368	ENSMUST00000030669.7|ENSMUSG00000028854|Slc9a1	chr4	133422475	133423702	+	Slc9a1	1227	59.82
N5386	6369	ENSMUST00000125541.1|ENSMUSG00000056596|Trnp1	chr4	133491099	133497627	-	Trnp1	6528	50.46
N5387	637	ENSMUST00000109135.8|ENSMUSG00000044807|Zfp354c	chr11	50811085	50814271	-	Zfp354c	3186	38.04
N5388	6370	ENSMUST00000030665.6|ENSMUSG00000028851|Nudc	chr4	133532541	133532599	-	Nudc	58	46.55
N5389	6371	ENSMUST00000030662.2|ENSMUSG00000028850|Gpatch3	chr4	133584012	133584243	+	Gpatch3	231	55.41
N5390	6372	ENSMUST00000030661.13|ENSMUSG00000028848|Gpn2	chr4	133591546	133591735	+	Gpn2	189	49.21
N5391	6373	ENSMUST00000084238.4|ENSMUSG00000037553|Zdhhc18	chr4	133605298	133607198	-	Zdhhc18	1900	57.58
N5392	6374	ENSMUST00000062118.10|ENSMUSG00000043257|Pigv	chr4	133660386	133661688	-	Pigv	1302	50.31
N5393	6375	ENSMUST00000145664.8|ENSMUSG00000007880|Arid1a	chr4	133679007	133680177	-	Arid1a	1170	39.06
N5394	6376	ENSMUST00000105894.10|ENSMUSG00000003644|Rps6ka1	chr4	133847289	133847608	-	Rps6ka1	319	56.11
N5395	638	ENSMUST00000109129.7|ENSMUSG00000049321|Zfp2	chr11	50898711	50899202	-	Zfp2	491	39.92
N5396	6380	ENSMUST00000137388.7|ENSMUSG00000037443|Cep85	chr4	134156096	134159425	-	Cep85	3329	43.29
N5397	6382	ENSMUST00000124452.7|ENSMUSG00000086322|E130218I03Rik	chr4	134244930	134245873	+	E130218I03Rik	943	61.72
N5398	6383	ENSMUST00000060050.5|ENSMUSG00000050105|Grrp1	chr4	134251109	134251201	-	Grrp1	92	40.22
N5399	6384	ENSMUST00000105877.8|ENSMUSG00000050890|Pdik1l	chr4	134275001	134276918	-	Pdik1l	1917	37.09
N5400	6385	ENSMUST00000030643.2|ENSMUSG00000028838|Extl1	chr4	134356371	134356923	-	Extl1	552	53.99
N5401	6386	ENSMUST00000105870.7|ENSMUSG00000037366|Pafah2	chr4	134426648	134427413	+	Pafah2	765	46.41
N5402	6388	ENSMUST00000095074.3|ENSMUSG00000037348|Paqr7	chr4	134508610	134510235	+	Paqr7	1625	46.34
N5403	6389	ENSMUST00000131613.7|ENSMUSG00000046671|Mtfr1l	chr4	134525563	134528986	-	Mtfr1l	3423	45.78
N5404	639	ENSMUST00000109122.7|ENSMUSG00000020364|Zfp354a	chr11	51071239	51072799	+	Zfp354a	1560	40.38
N5405	6391	ENSMUST00000054096.12|ENSMUSG00000037306|Man1c1	chr4	134561689	134563372	-	Man1c1	1683	48.19
N5406	6392	ENSMUST00000037828.7|ENSMUSG00000037295|Ldlrap1	chr4	134741553	134745614	-	Ldlrap1	4061	52.52
N5407	6393	ENSMUST00000030626.11|ENSMUSG00000028822|Tmem50a	chr4	134897848	134898189	-	Tmem50a	341	44.57
N5408	6394	ENSMUST00000078084.6|ENSMUSG00000037266|Rsrp1	chr4	134927224	134927671	+	Rsrp1	447	35.12
N5409	6396	ENSMUST00000037099.8|ENSMUSG00000037242|Clic4	chr4	135213968	135215598	-	Clic4	1630	43.37
N5410	6397	ENSMUST00000030606.13|ENSMUSG00000059713|Rcan3	chr4	135412307	135416220	-	Rcan3	3913	47.53
N5411	6398	ENSMUST00000105854.1|ENSMUSG00000037139|Myom3	chr4	135814905	135815564	+	Myom3	659	49.92
N5412	6399	ENSMUST00000126641.1|ENSMUSG00000028676|Srsf10	chr4	135868421	135869908	+	Srsf10	1487	35.44
N5413	64	ENSMUST00000160144.8|ENSMUSG00000038876|Rnf146	chr10	29344175	29346508	-	Rnf146	2333	37.16
N5414	640	ENSMUST00000126131.7|ENSMUSG00000020385|Clk4	chr11	51272022	51275259	+	Clk4	3237	37.07
N5415	6400	ENSMUST00000030436.11|ENSMUSG00000028675|Pnrc2	chr4	135870917	135871260	-	Pnrc2	343	34.4
N5416	6402	ENSMUST00000030432.7|ENSMUSG00000028672|Hmgcl	chr4	135962411	135962617	+	Hmgcl	206	47.09
N5417	6403	ENSMUST00000102541.9|ENSMUSG00000028671|Gale	chr4	135968007	135968178	+	Gale	171	57.89
N5418	6404	ENSMUST00000105852.7|ENSMUSG00000028670|Lypla2	chr4	135968223	135968546	-	Lypla2	323	60.37
N5419	6405	ENSMUST00000105851.8|ENSMUSG00000028669|Pithd1	chr4	135975459	135975848	-	Pithd1	389	42.16
N5420	6406	ENSMUST00000030427.5|ENSMUSG00000028668|Eloa	chr4	136003367	136005467	-	Eloa	2100	44.76
N5421	6407	ENSMUST00000102536.10|ENSMUSG00000059291|Rpl11	chr4	136049730	136049838	-	Rpl11	108	49.07
N5422	6408	ENSMUST00000008016.2|ENSMUSG00000007872|Id3	chr4	136144501	136145392	+	Id3	891	54.55
N5423	6409	ENSMUST00000047526.7|ENSMUSG00000036995|Asap3	chr4	136244632	136245216	+	Asap3	584	52.23
N5424	641	ENSMUST00000074669.9|ENSMUSG00000020358|Hnrnpab	chr11	51600099	51601086	-	Hnrnpab	987	43.57
N5425	6411	ENSMUST00000148843.9|ENSMUSG00000066037|Hnrnpr	chr4	136340503	136359447	+	Hnrnpr	18944	40.31
N5426	6413	ENSMUST00000116273.8|ENSMUSG00000036940|Kdm1a	chr4	136550539	136550699	-	Kdm1a	160	26.88
N5427	6414	ENSMUST00000046332.5|ENSMUSG00000036896|C1qc	chr4	136889803	136889894	-	C1qc	91	39.56
N5428	6415	ENSMUST00000046285.5|ENSMUSG00000036887|C1qa	chr4	136895916	136896005	-	C1qa	89	50.56
N5429	6416	ENSMUST00000045747.4|ENSMUSG00000036856|Wnt4	chr4	137296927	137299726	+	Wnt4	2799	52.05
N5430	6417	ENSMUST00000051477.12|ENSMUSG00000006699|Cdc42	chr4	137319695	137320680	-	Cdc42	985	41.83
N5431	6418	ENSMUST00000105840.7|ENSMUSG00000043411|Usp48	chr4	137656292	137658531	+	Usp48	2239	49.04
N5432	6419	ENSMUST00000097837.10|ENSMUSG00000041351|Rap1gap	chr4	137728684	137729861	+	Rap1gap	1177	61.0
N5433	642	ENSMUST00000127405.1|ENSMUSG00000001056|Nhp2	chr11	51623365	51623714	+	Nhp2	349	50.14
N5434	6420	ENSMUST00000030551.10|ENSMUSG00000028766|Alpl	chr4	137741732	137742095	-	Alpl	363	51.24
N5435	6421	ENSMUST00000102518.9|ENSMUSG00000057530|Ece1	chr4	137963206	137965229	+	Ece1	2023	52.79
N5436	6422	ENSMUST00000084215.11|ENSMUSG00000028760|Eif4g3	chr4	138206318	138208508	+	Eif4g3	2190	42.97
N5437	6423	ENSMUST00000105827.7|ENSMUSG00000028759|Hp1bp3	chr4	138242947	138244683	+	Hp1bp3	1736	43.43
N5438	6424	ENSMUST00000105824.7|ENSMUSG00000045349|Sh2d5	chr4	138259873	138261332	+	Sh2d5	1459	49.9
N5439	6425	ENSMUST00000105818.7|ENSMUSG00000028758|Kif17	chr4	138301725	138301967	+	Kif17	242	56.61
N5440	6428	ENSMUST00000030535.3|ENSMUSG00000028755|Cda	chr4	138338527	138338735	-	Cda	208	53.37
N5441	6429	ENSMUST00000105032.3|ENSMUSG00000078235|Fam43b	chr4	138394091	138394853	-	Fam43b	762	53.94
N5442	643	ENSMUST00000136020.7|ENSMUSG00000001054|Rmnd5b	chr11	51623670	51624228	-	Rmnd5b	558	48.57
N5443	6430	ENSMUST00000044058.10|ENSMUSG00000041241|Mul1	chr4	138439828	138442265	+	Mul1	2437	55.19
N5444	6431	ENSMUST00000050918.3|ENSMUSG00000046447|Camk2n1	chr4	138458038	138460123	+	Camk2n1	2085	52.37
N5445	6432	ENSMUST00000097830.3|ENSMUSG00000041161|Otud3	chr4	138895378	138895577	-	Otud3	199	53.77
N5446	6433	ENSMUST00000043042.9|ENSMUSG00000041143|Tmco4	chr4	139058859	139059171	+	Tmco4	312	53.53
N5447	6434	ENSMUST00000042844.6|ENSMUSG00000041120|Nbl1	chr4	139082283	139082600	-	Nbl1	317	57.1
N5448	6435	ENSMUST00000143971.1|ENSMUSG00000050608|Micos10	chr4	139101813	139103855	-	Micos10	2042	50.98
N5449	6436	ENSMUST00000102507.9|ENSMUSG00000028745|Capzb	chr4	139289111	139291758	+	Capzb	2647	55.12
N5450	6437	ENSMUST00000102503.9|ENSMUSG00000028741|Mrto4	chr4	139347434	139347507	-	Mrto4	73	41.1
N5451	6438	ENSMUST00000097822.9|ENSMUSG00000066036|Ubr4	chr4	139489379	139489588	+	Ubr4	209	49.28
N5452	6439	ENSMUST00000174078.1|ENSMUSG00000041025|Iffo2	chr4	139616841	139620382	+	Iffo2	3541	50.92
N5453	644	ENSMUST00000001080.15|ENSMUSG00000001053|N4bp3	chr11	51643062	51643344	-	N4bp3	282	50.0
N5454	6440	ENSMUST00000039818.9|ENSMUSG00000028737|Aldh4a1	chr4	139649037	139649690	+	Aldh4a1	653	50.23
N5455	6441	ENSMUST00000071169.8|ENSMUSG00000040945|Rcc2	chr4	140721369	140723220	+	Rcc2	1851	55.16
N5456	6442	ENSMUST00000030765.6|ENSMUSG00000028927|Padi2	chr4	140950103	140952586	+	Padi2	2483	49.94
N5457	6444	ENSMUST00000071977.8|ENSMUSG00000060572|Mfap2	chr4	141015740	141015984	+	Mfap2	244	57.38
N5458	6445	ENSMUST00000102491.9|ENSMUSG00000040860|Crocc	chr4	141016636	141016830	-	Crocc	194	47.94
N5459	6446	ENSMUST00000148204.7|ENSMUSG00000040842|Szrd1	chr4	141113000	141115492	-	Szrd1	2492	54.25
N5460	6448	ENSMUST00000006618.8|ENSMUSG00000028919|Arhgef19	chr4	141257114	141257564	+	Arhgef19	450	50.22
N5461	6449	ENSMUST00000006614.2|ENSMUSG00000006445|Epha2	chr4	141329073	141329384	+	Epha2	311	43.41
N5462	645	ENSMUST00000007921.8|ENSMUSG00000007777|0610009B22Rik	chr11	51685385	51685498	-	0610009B22Rik	113	22.12
N5463	6450	ENSMUST00000006381.10|ENSMUSG00000006219|Fblim1	chr4	141576061	141577293	-	Fblim1	1232	47.65
N5464	6451	ENSMUST00000038661.7|ENSMUSG00000040740|Slc25a34	chr4	141618823	141619438	-	Slc25a34	615	57.07
N5465	6452	ENSMUST00000084203.10|ENSMUSG00000028917|Plekhm2	chr4	141625733	141626297	-	Plekhm2	564	58.16
N5466	6453	ENSMUST00000102484.4|ENSMUSG00000078515|Ddi2	chr4	141677548	141683632	-	Ddi2	6084	45.71
N5467	6454	ENSMUST00000038014.10|ENSMUSG00000040697|Dnajc16	chr4	141760188	141762277	-	Dnajc16	2089	46.58
N5468	6455	ENSMUST00000030747.10|ENSMUSG00000028914|Casp9	chr4	141814054	141815976	+	Casp9	1922	47.61
N5469	6457	ENSMUST00000036572.3|ENSMUSG00000040616|Tmem51	chr4	142030991	142031288	-	Tmem51	297	51.52
N5470	6459	ENSMUST00000030317.13|ENSMUSG00000028583|Pdpn	chr4	143267430	143268271	-	Pdpn	841	43.52
N5471	6460	ENSMUST00000059790.10|ENSMUSG00000046862|Pramef8	chr4	143419617	143421091	+	Pramef8	1474	43.22
N5472	6461	ENSMUST00000084184.6|ENSMUSG00000066026|Dhrs3	chr4	144920079	144927639	+	Dhrs3	7560	47.14
N5473	6462	ENSMUST00000030336.10|ENSMUSG00000028599|Tnfrsf1b	chr4	145213462	145214402	-	Tnfrsf1b	940	47.77
N5474	6463	ENSMUST00000105733.2|ENSMUSG00000070605|Zfp992	chr4	146468302	146470292	+	Zfp992	1990	39.8
N5475	6464	ENSMUST00000084149.9|ENSMUSG00000067916|Zfp991	chr4	147180037	147180579	+	Zfp991	542	31.18
N5476	6465	ENSMUST00000105720.7|ENSMUSG00000066000|Zfp979	chr4	147611936	147612480	-	Zfp979	544	30.7
N5477	6466	ENSMUST00000105734.9|ENSMUSG00000078495|Zfp984	chr4	147753973	147754223	-	Zfp984	250	36.0
N5478	6467	ENSMUST00000105718.7|ENSMUSG00000059423|Zfp933	chr4	147822985	147825085	-	Zfp933	2100	42.33
N5479	6468	ENSMUST00000030886.14|ENSMUSG00000029022|Miip	chr4	147860777	147860865	-	Miip	88	52.27
N5480	6469	ENSMUST00000105716.8|ENSMUSG00000029020|Mfn2	chr4	147873598	147874204	-	Mfn2	606	45.87
N5481	6471	ENSMUST00000103232.1|ENSMUSG00000044496|2510039O18Rik	chr4	147946981	147947314	+	2510039O18Rik	333	48.05
N5482	6472	ENSMUST00000069604.14|ENSMUSG00000029009|Mthfr	chr4	148055950	148059551	+	Mthfr	3601	54.6
N5483	6473	ENSMUST00000030865.8|ENSMUSG00000029007|Agtrap	chr4	148077060	148079972	-	Agtrap	2912	51.06
N5484	6474	ENSMUST00000030862.4|ENSMUSG00000029005|Draxin	chr4	148098436	148102172	-	Draxin	3736	51.37
N5485	6475	ENSMUST00000105707.1|ENSMUSG00000029003|Mad2l2	chr4	148145549	148145696	+	Mad2l2	147	57.14
N5486	6476	ENSMUST00000105706.7|ENSMUSG00000055401|Fbxo6	chr4	148145715	148145767	-	Fbxo6	52	50.0
N5487	6477	ENSMUST00000172472.7|ENSMUSG00000029001|Fbxo44	chr4	148153571	148156145	-	Fbxo44	2574	46.74
N5488	648	ENSMUST00000020608.2|ENSMUSG00000020349|Ppp2ca	chr11	52122514	52127778	+	Ppp2ca	5264	42.48
N5489	6481	ENSMUST00000030840.3|ENSMUSG00000028989|Angptl7	chr4	148495182	148495729	-	Angptl7	547	39.31
N5490	6482	ENSMUST00000097781.10|ENSMUSG00000017264|Exosc10	chr4	148573384	148582393	+	Exosc10	9009	51.09
N5491	6483	ENSMUST00000006611.8|ENSMUSG00000006442|Srm	chr4	148594455	148594619	+	Srm	164	56.71
N5492	6484	ENSMUST00000084125.9|ENSMUSG00000041459|Tardbp	chr4	148612381	148616987	-	Tardbp	4606	39.73
N5493	6485	ENSMUST00000030816.3|ENSMUSG00000028974|Dffa	chr4	149119461	149120647	+	Dffa	1186	48.99
N5494	6486	ENSMUST00000084124.6|ENSMUSG00000028961|Pgd	chr4	149149990	149150278	-	Pgd	288	46.88
N5495	6487	ENSMUST00000238956.1|ENSMUSG00000063077|Kif1b	chr4	149176318	149180619	-	Kif1b	4301	44.43
N5496	6488	ENSMUST00000174343.7|ENSMUSG00000028960|Ube4b	chr4	149329675	149360277	-	Ube4b	30602	47.83
N5497	6489	ENSMUST00000030842.7|ENSMUSG00000028990|Lzic	chr4	149496379	149496668	+	Lzic	289	41.52
N5498	649	ENSMUST00000086844.9|ENSMUSG00000000782|Tcf7	chr11	52252370	52253734	-	Tcf7	1364	46.04
N5499	6490	ENSMUST00000030839.12|ENSMUSG00000028988|Ctnnbip1	chr4	149564639	149566437	+	Ctnnbip1	1798	54.0
N5500	6491	ENSMUST00000105691.7|ENSMUSG00000039953|Clstn1	chr4	149647712	149648899	+	Clstn1	1187	54.42
N5501	6492	ENSMUST00000038859.13|ENSMUSG00000039936|Pik3cd	chr4	149649167	149650491	-	Pik3cd	1324	54.46
N5502	6493	ENSMUST00000105686.2|ENSMUSG00000028982|Slc25a33	chr4	149744035	149744581	-	Slc25a33	546	50.92
N5503	6494	ENSMUST00000038562.8|ENSMUSG00000039911|Spsb1	chr4	149896282	149897044	-	Spsb1	762	42.78
N5504	6495	ENSMUST00000084117.12|ENSMUSG00000028980|H6pd	chr4	149979474	149981409	-	H6pd	1935	52.3
N5505	6496	ENSMUST00000094451.3|ENSMUSG00000047875|Gpr157	chr4	150104749	150105927	+	Gpr157	1178	45.84
N5506	6497	ENSMUST00000030826.3|ENSMUSG00000028976|Slc2a5	chr4	150143604	150144169	+	Slc2a5	565	51.68
N5507	6499	ENSMUST00000105682.8|ENSMUSG00000039852|Rere	chr4	150619637	150621966	+	Rere	2329	46.84
N5508	65	ENSMUST00000092623.4|ENSMUSG00000019880|Rspo3	chr10	29452417	29453306	-	Rspo3	889	41.28
N5509	650	ENSMUST00000109057.7|ENSMUSG00000036275|9530068E07Rik	chr11	52407263	52408728	+	9530068E07Rik	1465	45.39
N5510	6501	ENSMUST00000105672.9|ENSMUSG00000028965|Tnfrsf9	chr4	150945181	150946102	+	Tnfrsf9	921	43.65
N5511	6502	ENSMUST00000169423.8|ENSMUSG00000014592|Camta1	chr4	150917321	151047368	-	Camta1	130047	47.33
N5512	6503	ENSMUST00000030797.3|ENSMUSG00000028955|Vamp3	chr4	151047299	151048881	-	Vamp3	1582	43.17
N5513	6504	ENSMUST00000036680.7|ENSMUSG00000039759|Thap3	chr4	151982638	151982880	-	Thap3	242	53.31
N5514	6505	ENSMUST00000055688.9|ENSMUSG00000047777|Phf13	chr4	151989632	151991217	-	Phf13	1585	47.26
N5515	6506	ENSMUST00000097773.3|ENSMUSG00000073700|Klhl21	chr4	152016789	152017680	+	Klhl21	891	49.83
N5516	6507	ENSMUST00000155389.7|ENSMUSG00000028952|Zbtb48	chr4	152019773	152020505	-	Zbtb48	732	60.52
N5517	6508	ENSMUST00000131696.2|ENSMUSG00000028948|Nol9	chr4	152052058	152060042	+	Nol9	7984	49.15
N5518	6509	ENSMUST00000167926.7|ENSMUSG00000028937|Acot7	chr4	152271720	152271855	+	Acot7	135	52.59
N5519	651	ENSMUST00000060945.11|ENSMUSG00000049470|Aff4	chr11	53415930	53421830	+	Aff4	5900	40.98
N5520	6510	ENSMUST00000105650.7|ENSMUSG00000042804|Gpr153	chr4	152283818	152285337	+	Gpr153	1519	53.26
N5521	6511	ENSMUST00000151372.7|ENSMUSG00000039662|Icmt	chr4	152299318	152307120	+	Icmt	7802	52.11
N5522	6512	ENSMUST00000139685.7|ENSMUSG00000028936|Rpl22	chr4	152332572	152334071	+	Rpl22	1499	49.97
N5523	6513	ENSMUST00000159840.7|ENSMUSG00000028931|Kcnab2	chr4	152390741	152392886	-	Kcnab2	2145	57.48
N5524	6514	ENSMUST00000081393.9|ENSMUSG00000039577|Nphp4	chr4	152562926	152563183	+	Nphp4	257	35.41
N5525	6515	ENSMUST00000149177.1|ENSMUSG00000039546|Ajap1	chr4	153374230	153384805	-	Ajap1	10575	50.83
N5526	6516	ENSMUST00000147826.1|ENSMUSG00000047613|A430005L14Rik	chr4	153960992	153961803	+	A430005L14Rik	811	51.29
N5527	6517	ENSMUST00000047497.14|ENSMUSG00000039523|Cep104	chr4	154007078	154008732	+	Cep104	1654	47.04
N5528	6518	ENSMUST00000169622.7|ENSMUSG00000029028|Lrrc47	chr4	154020024	154021513	+	Lrrc47	1489	51.78
N5529	652	ENSMUST00000061326.4|ENSMUSG00000044894|Uqcrq	chr11	53427921	53428907	-	Uqcrq	986	45.54
N5530	6520	ENSMUST00000030897.14|ENSMUSG00000057751|Megf6	chr4	154274242	154275713	+	Megf6	1471	52.14
N5531	6521	ENSMUST00000070313.13|ENSMUSG00000039410|Prdm16	chr4	154316124	154320512	-	Prdm16	4388	48.09
N5532	6522	ENSMUST00000163732.7|ENSMUSG00000058183|Mmel1	chr4	154895373	154895528	+	Mmel1	155	64.52
N5533	6523	ENSMUST00000049621.6|ENSMUSG00000048001|Hes5	chr4	154962121	154962371	+	Hes5	250	53.2
N5534	6524	ENSMUST00000148934.7|ENSMUSG00000029056|Pank4	chr4	154979794	154980889	+	Pank4	1095	54.89
N5535	6525	ENSMUST00000103180.3|ENSMUSG00000029047|Pex10	chr4	155072115	155072433	+	Pex10	318	46.86
N5536	6526	ENSMUST00000030914.3|ENSMUSG00000029048|Rer1	chr4	155074109	155074623	-	Rer1	514	38.33
N5537	6527	ENSMUST00000132367.7|ENSMUSG00000029049|Morn1	chr4	155111589	155112181	+	Morn1	592	53.55
N5538	6528	ENSMUST00000084103.9|ENSMUSG00000029050|Ski	chr4	155154074	155155713	-	Ski	1639	48.44
N5539	6529	ENSMUST00000148406.7|ENSMUSG00000073684|Faap20	chr4	155251036	155256683	+	Faap20	5647	48.2
N5540	653	ENSMUST00000109013.8|ENSMUSG00000018387|Shroom1	chr11	53467243	53467766	+	Shroom1	523	48.95
N5541	6530	ENSMUST00000103178.10|ENSMUSG00000029053|Prkcz	chr4	155260128	155262204	-	Prkcz	2076	49.42
N5542	6531	ENSMUST00000030925.2|ENSMUSG00000029054|Gabrd	chr4	155384979	155385197	-	Gabrd	218	51.83
N5543	6535	ENSMUST00000105608.8|ENSMUSG00000042202|Slc35e2	chr4	155620687	155623340	+	Slc35e2	2653	40.82
N5544	6537	ENSMUST00000030905.8|ENSMUSG00000029038|Ssu72	chr4	155733722	155733879	+	Ssu72	157	36.94
N5545	6538	ENSMUST00000184913.7|ENSMUSG00000029036|Atad3a	chr4	155751517	155753566	-	Atad3a	2049	44.85
N5546	6539	ENSMUST00000042196.3|ENSMUSG00000042116|Vwa1	chr4	155768148	155769539	-	Vwa1	1391	50.61
N5547	654	ENSMUST00000104955.3|ENSMUSG00000044352|Sowaha	chr11	53476572	53477516	-	Sowaha	944	38.35
N5548	6540	ENSMUST00000097742.2|ENSMUSG00000073680|Tmem88b	chr4	155781590	155784119	-	Tmem88b	2529	42.7
N5549	6541	ENSMUST00000137487.8|ENSMUSG00000029066|Mrpl20	chr4	155808800	155809975	+	Mrpl20	1175	43.57
N5550	6543	ENSMUST00000030947.3|ENSMUSG00000029070|Mxra8	chr4	155843784	155844088	+	Mxra8	304	52.96
N5551	6544	ENSMUST00000030948.15|ENSMUSG00000029071|Dvl1	chr4	155858952	155859303	+	Dvl1	351	50.14
N5552	6545	ENSMUST00000030950.7|ENSMUSG00000029073|Cptp	chr4	155864722	155865501	-	Cptp	779	43.65
N5553	6546	ENSMUST00000156460.1|ENSMUSG00000029034|Ints11	chr4	155875461	155886919	+	Ints11	11458	41.92
N5554	6547	ENSMUST00000097737.4|ENSMUSG00000051557|Pusl1	chr4	155888861	155889006	-	Pusl1	145	42.76
N5555	6549	ENSMUST00000166489.7|ENSMUSG00000023286|Ube2j2	chr4	155957543	155959604	+	Ube2j2	2061	47.5
N5556	655	ENSMUST00000117061.7|ENSMUSG00000018398|Septin8	chr11	53541799	53544096	+	Septin8	2297	49.06
N5557	6551	ENSMUST00000050078.12|ENSMUSG00000029076|Sdf4	chr4	156010098	156013610	+	Sdf4	3512	46.98
N5558	6552	ENSMUST00000040274.12|ENSMUSG00000041954|Tnfrsf18	chr4	156028679	156028891	+	Tnfrsf18	212	58.49
N5559	6553	ENSMUST00000072554.12|ENSMUSG00000059939|9430015G10Rik	chr4	156125662	156127265	+	9430015G10Rik	1603	51.34
N5560	6554	ENSMUST00000105574.8|ENSMUSG00000041936|Agrn	chr4	156165289	156165598	-	Agrn	309	45.63
N5561	6555	ENSMUST00000105569.3|ENSMUSG00000078485|Plekhn1	chr4	156229043	156229532	-	Plekhn1	489	49.9
N5562	6557	ENSMUST00000176000.1|ENSMUSG00000040302|Rbm48	chr5	3584775	3590222	-	Rbm48	5447	39.71
N5563	6558	ENSMUST00000140871.1|ENSMUSG00000007415|Gatad1	chr5	3632931	3640108	-	Gatad1	7177	40.31
N5564	6559	ENSMUST00000043551.10|ENSMUSG00000040351|Ankib1	chr5	3689999	3692124	-	Ankib1	2125	34.64
N5565	656	ENSMUST00000132653.1|ENSMUSG00000018395|Kif3a	chr11	53579861	53586895	+	Kif3a	7034	43.33
N5566	6560	ENSMUST00000001507.4|ENSMUSG00000001467|Cyp51	chr5	4081144	4082457	-	Cyp51	1313	41.28
N5567	6562	ENSMUST00000115451.7|ENSMUSG00000028926|Cdk14	chr5	4803390	4888716	-	Cdk14	85326	40.91
N5568	6564	ENSMUST00000115426.8|ENSMUSG00000015653|Steap2	chr5	5664828	5671978	-	Steap2	7150	36.85
N5569	6565	ENSMUST00000115421.2|ENSMUSG00000012428|Steap4	chr5	7980800	7982213	+	Steap4	1413	40.13
N5570	6566	ENSMUST00000088786.10|ENSMUSG00000003161|Sri	chr5	8067716	8069379	+	Sri	1663	35.72
N5571	6567	ENSMUST00000168500.7|ENSMUSG00000002297|Dbf4	chr5	8397153	8397864	-	Dbf4	711	41.77
N5572	6568	ENSMUST00000196727.4|ENSMUSG00000054099|Slc25a40	chr5	8443785	8454789	+	Slc25a40	11004	36.63
N5573	6569	ENSMUST00000047753.4|ENSMUSG00000040584|Abcb1a	chr5	8747950	8748575	+	Abcb1a	625	40.64
N5574	657	ENSMUST00000128483.7|ENSMUSG00000020380|Rad50	chr11	53674754	53684125	-	Rad50	9371	41.65
N5575	6570	ENSMUST00000199955.4|ENSMUSG00000028970|Abcb1b	chr5	8812846	8849821	+	Abcb1b	36975	40.81
N5576	6572	ENSMUST00000196029.4|ENSMUSG00000079659|Tmem243	chr5	9153183	9158080	+	Tmem243	4897	40.74
N5577	6573	ENSMUST00000184888.7|ENSMUSG00000042508|Dmtf1	chr5	9118872	9130367	-	Dmtf1	11495	39.03
N5578	6575	ENSMUST00000030868.10|ENSMUSG00000040254|Sema3d	chr5	12585660	12588948	+	Sema3d	3288	32.39
N5579	6576	ENSMUST00000030714.7|ENSMUSG00000028883|Sema3a	chr5	13600701	13602565	+	Sema3a	1864	34.23
N5580	6577	ENSMUST00000196384.1|ENSMUSG00000106445|Gm21190	chr5	15524455	15524669	-	Gm21190	214	25.7
N5581	6578	ENSMUST00000167946.8|ENSMUSG00000040118|Cacna2d1	chr5	16370896	16374511	+	Cacna2d1	3615	34.72
N5582	6579	ENSMUST00000199581.4|ENSMUSG00000028864|Hgf	chr5	16619436	16620152	+	Hgf	716	28.49
N5583	658	ENSMUST00000020586.6|ENSMUSG00000020334|Slc22a4	chr11	53983122	53983401	-	Slc22a4	279	32.62
N5584	6580	ENSMUST00000170181.7|ENSMUSG00000028780|Sema3c	chr5	17670623	17682083	+	Sema3c	11460	35.24
N5585	6581	ENSMUST00000074694.6|ENSMUSG00000057614|Gnai1	chr5	18265134	18266870	-	Gnai1	1736	34.22
N5586	6582	ENSMUST00000199514.1|ENSMUSG00000040003|Magi2	chr5	20661451	20702353	+	Magi2	40902	44.42
N5587	6583	ENSMUST00000124431.7|ENSMUSG00000039987|Phtf2	chr5	20782387	20801901	-	Phtf2	19514	38.7
N5588	6584	ENSMUST00000115259.2|ENSMUSG00000045435|Tmem60	chr5	20886788	20886870	+	Tmem60	82	31.71
N5589	6585	ENSMUST00000035799.5|ENSMUSG00000039899|Fgl2	chr5	21376127	21378374	+	Fgl2	2247	33.56
N5590	6586	ENSMUST00000056045.4|ENSMUSG00000047221|Fam185a	chr5	21481503	21482124	+	Fam185a	621	40.26
N5591	6587	ENSMUST00000035651.5|ENSMUSG00000039883|Lrrc17	chr5	21575616	21575904	+	Lrrc17	288	47.57
N5592	6589	ENSMUST00000141022.1|ENSMUSG00000029017|Pmpcb	chr5	21756960	21757152	+	Pmpcb	192	29.17
N5593	659	ENSMUST00000093109.10|ENSMUSG00000020388|Pdlim4	chr11	54054947	54055020	-	Pdlim4	73	47.95
N5594	6590	ENSMUST00000030872.11|ENSMUSG00000029012|Orc5	chr5	22486488	22486771	-	Orc5	283	38.16
N5595	6591	ENSMUST00000196889.4|ENSMUSG00000029004|Kmt2e	chr5	23482553	23486400	+	Kmt2e	3847	37.77
N5596	6592	ENSMUST00000196929.4|ENSMUSG00000062604|Srpk2	chr5	23505451	23524147	-	Srpk2	18696	45.08
N5597	6593	ENSMUST00000151449.1|ENSMUSG00000057541|Pus7	chr5	23760265	23768694	-	Pus7	8429	42.33
N5598	6594	ENSMUST00000030851.6|ENSMUSG00000028998|Tomm7	chr5	23838943	23839664	-	Tomm7	721	41.05
N5599	6595	ENSMUST00000030849.12|ENSMUSG00000028995|Fam126a	chr5	23960930	23962086	-	Fam126a	1156	39.19
N5600	6596	ENSMUST00000115101.3|ENSMUSG00000048439|Nupl2	chr5	24178188	24182837	+	Nupl2	4649	43.34
N5601	6597	ENSMUST00000115098.6|ENSMUSG00000038319|Kcnh2	chr5	24319588	24319848	-	Kcnh2	260	46.92
N5602	6598	ENSMUST00000030834.6|ENSMUSG00000028978|Nos3	chr5	24384127	24384474	+	Nos3	347	42.36
N5603	6599	ENSMUST00000115077.7|ENSMUSG00000028973|Abcb8	chr5	24409730	24410054	+	Abcb8	324	52.78
N5604	66	ENSMUST00000215595.1|ENSMUSG00000019792|Trmt11	chr10	30534714	30590024	-	Trmt11	55310	40.16
N5605	660	ENSMUST00000093106.11|ENSMUSG00000020333|Acsl6	chr11	54361379	54364756	+	Acsl6	3377	38.91
N5606	6600	ENSMUST00000030814.10|ENSMUSG00000028969|Cdk5	chr5	24418240	24419227	-	Cdk5	987	51.06
N5607	6601	ENSMUST00000080067.12|ENSMUSG00000028962|Slc4a2	chr5	24440900	24440950	+	Slc4a2	50	34.0
N5608	6602	ENSMUST00000144389.7|ENSMUSG00000028959|Fastk	chr5	24441038	24443862	-	Fastk	2824	53.72
N5609	6603	ENSMUST00000030799.14|ENSMUSG00000028958|Tmub1	chr5	24445457	24445740	-	Tmub1	283	53.71
N5610	6604	ENSMUST00000199856.1|ENSMUSG00000023353|Agap3	chr5	24482845	24483184	+	Agap3	339	63.13
N5611	6606	ENSMUST00000088295.8|ENSMUSG00000038181|Chpf2	chr5	24592512	24594395	+	Chpf2	1883	57.73
N5612	6607	ENSMUST00000068825.7|ENSMUSG00000028954|Nub1	chr5	24709438	24710378	+	Nub1	940	50.53
N5613	6608	ENSMUST00000068693.11|ENSMUSG00000055235|Wdr86	chr5	24711737	24712407	-	Wdr86	670	48.66
N5614	6609	ENSMUST00000030787.8|ENSMUSG00000028945|Rheb	chr5	24802822	24803442	-	Rheb	620	42.58
N5615	661	ENSMUST00000046835.13|ENSMUSG00000035992|Fnip1	chr11	54516760	54518235	+	Fnip1	1475	32.07
N5616	6610	ENSMUST00000030784.13|ENSMUSG00000028944|Prkag2	chr5	24862743	24863521	-	Prkag2	778	43.57
N5617	6611	ENSMUST00000045737.13|ENSMUSG00000038072|Galnt11	chr5	25265636	25265918	+	Galnt11	282	31.21
N5618	6612	ENSMUST00000174734.7|ENSMUSG00000038056|Kmt2c	chr5	25271797	25272684	-	Kmt2c	887	33.6
N5619	6613	ENSMUST00000030773.11|ENSMUSG00000028933|Xrcc2	chr5	25689811	25691964	-	Xrcc2	2153	45.7
N5620	6614	ENSMUST00000128727.7|ENSMUSG00000056367|Actr3b	chr5	25850366	25850688	+	Actr3b	322	39.44
N5621	6615	ENSMUST00000059155.10|ENSMUSG00000045294|Insig1	chr5	28078023	28078662	+	Insig1	639	37.56
N5622	6616	ENSMUST00000059644.12|ENSMUSG00000048271|Rbm33	chr5	28415888	28419239	+	Rbm33	3351	45.6
N5623	6617	ENSMUST00000200149.1|ENSMUSG00000010721|Lmbr1	chr5	29235017	29252742	-	Lmbr1	17725	40.48
N5624	6618	ENSMUST00000001611.10|ENSMUSG00000001569|Nom1	chr5	29451399	29457843	+	Nom1	6444	45.27
N5625	6619	ENSMUST00000049453.8|ENSMUSG00000039000|Ube3c	chr5	29675203	29676092	+	Ube3c	889	43.31
N5626	662	ENSMUST00000102743.9|ENSMUSG00000037533|Rapgef6	chr11	54696919	54699285	+	Rapgef6	2366	39.94
N5627	6620	ENSMUST00000008733.14|ENSMUSG00000029131|Dnajb6	chr5	29785670	29786478	+	Dnajb6	808	45.79
N5628	6621	ENSMUST00000199183.4|ENSMUSG00000025746|Il6	chr5	30018461	30019981	+	Il6	1520	37.96
N5629	6622	ENSMUST00000141630.7|ENSMUSG00000025747|Tyms	chr5	30058201	30068452	-	Tyms	10251	41.42
N5630	6623	ENSMUST00000058045.4|ENSMUSG00000044576|Garem2	chr5	30117435	30118378	+	Garem2	943	51.22
N5631	6624	ENSMUST00000156859.2|ENSMUSG00000025745|Hadha	chr5	30118303	30119545	-	Hadha	1242	51.13
N5632	6625	ENSMUST00000197109.1|ENSMUSG00000059447|Hadhb	chr5	30168685	30176891	+	Hadhb	8206	42.37
N5633	6626	ENSMUST00000199129.4|ENSMUSG00000029182|Fam166c	chr5	30482223	30484044	+	Fam166c	1821	53.27
N5634	6627	ENSMUST00000066295.3|ENSMUSG00000049265|Kcnk3	chr5	30623224	30625271	+	Kcnk3	2047	52.52
N5635	6628	ENSMUST00000143867.7|ENSMUSG00000029175|Slc35f6	chr5	30656100	30658191	+	Slc35f6	2091	55.62
N5636	6629	ENSMUST00000031058.14|ENSMUSG00000029166|Mapre3	chr5	30865784	30866106	+	Mapre3	322	56.83
N5637	663	ENSMUST00000064104.12|ENSMUSG00000052298|Cdc42se2	chr11	54717455	54720110	-	Cdc42se2	2655	43.92
N5638	6630	ENSMUST00000201203.3|ENSMUSG00000038828|Tmem214	chr5	30877247	30879180	+	Tmem214	1933	48.32
N5639	6631	ENSMUST00000132253.4|ENSMUSG00000038803|Ost4	chr5	30905884	30906559	-	Ost4	675	48.0
N5640	6632	ENSMUST00000031055.7|ENSMUSG00000029163|Emilin1	chr5	30921100	30921277	+	Emilin1	177	59.89
N5641	6633	ENSMUST00000201621.3|ENSMUSG00000029162|Khk	chr5	30931195	30931248	+	Khk	53	62.26
N5642	6634	ENSMUST00000031051.7|ENSMUSG00000029161|Cgref1	chr5	30933142	30933342	-	Cgref1	200	50.5
N5643	6635	ENSMUST00000201821.3|ENSMUSG00000045302|Preb	chr5	30950852	30955214	-	Preb	4362	49.54
N5644	6636	ENSMUST00000202520.3|ENSMUSG00000006641|Slc5a6	chr5	31036035	31036360	-	Slc5a6	325	46.46
N5645	6637	ENSMUST00000200942.1|ENSMUSG00000013622|Atraid	chr5	31052884	31054618	+	Atraid	1734	44.98
N5646	6638	ENSMUST00000013773.11|ENSMUSG00000013629|Cad	chr5	31078343	31078479	+	Cad	136	47.06
N5647	6639	ENSMUST00000031037.13|ENSMUSG00000029151|Slc30a3	chr5	31086105	31086417	-	Slc30a3	312	52.24
N5648	664	ENSMUST00000148070.7|ENSMUSG00000020268|Lyrm7	chr11	54826865	54839977	-	Lyrm7	13112	46.64
N5649	6641	ENSMUST00000088010.11|ENSMUSG00000106864|Gtf3c2	chr5	31156004	31157102	-	Gtf3c2	1098	40.07
N5650	6642	ENSMUST00000200929.1|ENSMUSG00000029145|Eif2b4	chr5	31190397	31190478	-	Eif2b4	81	54.32
N5651	6643	ENSMUST00000114590.7|ENSMUSG00000043059|Zfp513	chr5	31198980	31199172	-	Zfp513	192	47.4
N5652	6644	ENSMUST00000202294.3|ENSMUSG00000029147|Ppm1g	chr5	31202663	31202923	-	Ppm1g	260	46.15
N5653	6646	ENSMUST00000172435.7|ENSMUSG00000038552|Fndc4	chr5	31292241	31292985	-	Fndc4	744	43.28
N5654	6648	ENSMUST00000202214.3|ENSMUSG00000029141|Slc4a1ap	chr5	31553947	31554460	+	Slc4a1ap	513	47.95
N5655	6649	ENSMUST00000031017.10|ENSMUSG00000029135|Fosl2	chr5	32153337	32157842	+	Fosl2	4505	49.01
N5656	665	ENSMUST00000117710.1|ENSMUSG00000020267|Hint1	chr11	54870255	54870307	+	Hint1	52	61.54
N5657	6650	ENSMUST00000201360.3|ENSMUSG00000014956|Ppp1cb	chr5	32492596	32517433	+	Ppp1cb	24837	39.79
N5658	6652	ENSMUST00000142957.5|ENSMUSG00000023452|Pisd	chr5	32736321	32764694	-	Pisd	28373	48.66
N5659	6654	ENSMUST00000046186.7|ENSMUSG00000037379|Spon2	chr5	33213926	33214201	-	Spon2	275	53.82
N5660	6655	ENSMUST00000201275.3|ENSMUSG00000037373|Ctbp1	chr5	33250382	33259124	-	Ctbp1	8742	46.51
N5661	6656	ENSMUST00000101354.9|ENSMUSG00000004642|Slbp	chr5	33640054	33640407	-	Slbp	353	33.43
N5662	6657	ENSMUST00000019439.8|ENSMUSG00000019295|Tmem129	chr5	33653215	33653587	-	Tmem129	372	40.32
N5663	666	ENSMUST00000082430.9|ENSMUSG00000018339|Gpx3	chr11	54910067	54910377	+	Gpx3	310	63.23
N5664	6660	ENSMUST00000030993.7|ENSMUSG00000029111|Nelfa	chr5	33897915	33898469	-	Nelfa	554	40.97
N5665	6661	ENSMUST00000142510.1|ENSMUSG00000070858|Gm1673	chr5	33984230	33985010	+	Gm1673	780	54.23
N5666	6662	ENSMUST00000056355.8|ENSMUSG00000048142|Nat8l	chr5	34002943	34005916	+	Nat8l	2973	54.83
N5667	6663	ENSMUST00000042701.12|ENSMUSG00000037235|Mxd4	chr5	34173886	34176810	-	Mxd4	2924	52.94
N5668	6664	ENSMUST00000182709.7|ENSMUSG00000029110|Rnf4	chr5	34351947	34353439	+	Rnf4	1492	44.3
N5669	6665	ENSMUST00000030991.13|ENSMUSG00000059866|Tnip2	chr5	34496086	34496361	-	Tnip2	275	43.64
N5670	6666	ENSMUST00000137150.7|ENSMUSG00000001082|Mfsd10	chr5	34633724	34634422	-	Mfsd10	698	59.03
N5671	6667	ENSMUST00000080036.2|ENSMUSG00000029104|Htt	chr5	34909222	34912534	+	Htt	3312	48.97
N5672	6668	ENSMUST00000114280.7|ENSMUSG00000029101|Rgs12	chr5	35032362	35033104	+	Rgs12	742	54.45
N5673	6669	ENSMUST00000101298.8|ENSMUSG00000044716|Dok7	chr5	35080116	35080964	+	Dok7	848	56.96
N5674	667	ENSMUST00000108889.9|ENSMUSG00000020400|Tnip1	chr11	54910784	54911079	-	Tnip1	295	51.19
N5675	6672	ENSMUST00000030980.11|ENSMUSG00000029097|Trmt44	chr5	35556202	35557434	-	Trmt44	1232	50.0
N5676	6673	ENSMUST00000068947.13|ENSMUSG00000029098|Acox3	chr5	35612392	35613801	+	Acox3	1409	49.25
N5677	6674	ENSMUST00000201028.1|ENSMUSG00000029096|Htra3	chr5	35653016	35663962	-	Htra3	10946	50.17
N5678	6675	ENSMUST00000127288.7|ENSMUSG00000036553|Sh3tc1	chr5	35697180	35705861	-	Sh3tc1	8681	53.9
N5679	6676	ENSMUST00000064571.10|ENSMUSG00000029094|Afap1	chr5	35999873	36003923	+	Afap1	4050	47.36
N5680	6677	ENSMUST00000037370.13|ENSMUSG00000029093|Sorcs2	chr5	36017179	36019176	-	Sorcs2	1997	53.83
N5681	6678	ENSMUST00000031099.3|ENSMUSG00000029198|Grpel1	chr5	36471564	36474080	+	Grpel1	2516	44.83
N5682	6679	ENSMUST00000031097.7|ENSMUSG00000029196|Tada2b	chr5	36473669	36475821	-	Tada2b	2152	46.84
N5683	668	ENSMUST00000108883.9|ENSMUSG00000018340|Anxa6	chr11	54979107	54979312	-	Anxa6	205	51.22
N5684	6680	ENSMUST00000031091.12|ENSMUSG00000029190|D5Ertd579e	chr5	36600484	36602475	-	D5Ertd579e	1991	47.41
N5685	6681	ENSMUST00000071949.4|ENSMUSG00000060708|Bloc1s4	chr5	36747377	36747796	-	Bloc1s4	419	32.7
N5686	6683	ENSMUST00000124711.1|ENSMUSG00000029119|Man2b2	chr5	36808811	36808904	-	Man2b2	93	46.24
N5687	6684	ENSMUST00000201156.1|ENSMUSG00000029120|Ppp2r2c	chr5	36927741	36931257	+	Ppp2r2c	3516	50.11
N5688	6686	ENSMUST00000031005.10|ENSMUSG00000029122|Evc	chr5	37299170	37299634	-	Evc	464	51.51
N5689	6688	ENSMUST00000063116.9|ENSMUSG00000048450|Msx1	chr5	37820484	37820905	-	Msx1	421	38.48
N5690	6689	ENSMUST00000114126.8|ENSMUSG00000029125|Stx18	chr5	38136593	38137765	+	Stx18	1172	49.06
N5691	669	ENSMUST00000055040.12|ENSMUSG00000049588|Ccdc69	chr11	55049730	55050052	-	Ccdc69	322	37.89
N5692	6690	ENSMUST00000031009.7|ENSMUSG00000029126|Nsg1	chr5	38137191	38137952	-	Nsg1	761	45.47
N5693	6691	ENSMUST00000138820.7|ENSMUSG00000029127|Zbtb49	chr5	38200633	38213307	-	Zbtb49	12674	49.13
N5694	6692	ENSMUST00000087511.9|ENSMUSG00000067365|Tmem128	chr5	38267426	38269634	+	Tmem128	2208	44.29
N5695	6694	ENSMUST00000117944.1|ENSMUSG00000051022|Hs3st1	chr5	39613934	39614161	-	Hs3st1	227	28.63
N5696	6695	ENSMUST00000050556.10|ENSMUSG00000061755|Bod1l	chr5	41787537	41788493	-	Bod1l	956	34.62
N5697	6696	ENSMUST00000169035.7|ENSMUSG00000039782|Cpeb2	chr5	43286843	43289724	+	Cpeb2	2881	32.52
N5698	6697	ENSMUST00000076939.9|ENSMUSG00000061535|C1qtnf7	chr5	43616409	43618803	+	C1qtnf7	2394	41.85
N5699	6698	ENSMUST00000087465.10|ENSMUSG00000039753|Fbxl5	chr5	43755904	43758033	-	Fbxl5	2129	38.75
N5700	6699	ENSMUST00000126976.5|ENSMUSG00000029082|Bst1	chr5	43821794	43826270	+	Bst1	4476	44.39
N5701	67	ENSMUST00000019924.8|ENSMUSG00000019789|Hey2	chr10	30832358	30832823	-	Hey2	465	30.97
N5702	670	ENSMUST00000000608.7|ENSMUSG00000000594|Gm2a	chr11	55110706	55113029	+	Gm2a	2323	46.75
N5703	6700	ENSMUST00000030964.5|ENSMUSG00000029084|Cd38	chr5	43910515	43912375	+	Cd38	1860	34.84
N5704	6701	ENSMUST00000199894.1|ENSMUSG00000048373|Fgfbp1	chr5	43978857	43979044	-	Fgfbp1	187	39.57
N5705	6702	ENSMUST00000198347.1|ENSMUSG00000029086|Prom1	chr5	44026794	44029573	-	Prom1	2779	46.31
N5706	6703	ENSMUST00000199374.4|ENSMUSG00000046985|Tapt1	chr5	44175158	44194226	-	Tapt1	19068	42.68
N5707	6705	ENSMUST00000046122.10|ENSMUSG00000039682|Lap3	chr5	45512348	45512691	+	Lap3	343	37.03
N5708	6706	ENSMUST00000156481.7|ENSMUSG00000015804|Med28	chr5	45525498	45529276	+	Med28	3778	43.81
N5709	6707	ENSMUST00000117396.2|ENSMUSG00000015880|Ncapg	chr5	45700178	45700546	+	Ncapg	368	30.71
N5710	6708	ENSMUST00000187615.6|ENSMUSG00000015882|Lcorl	chr5	45747275	45795192	-	Lcorl	47917	35.77
N5711	6709	ENSMUST00000033967.14|ENSMUSG00000031558|Slit2	chr5	48249987	48304396	+	Slit2	54409	37.62
N5712	671	ENSMUST00000039305.5|ENSMUSG00000020264|Slc36a2	chr11	55158469	55158809	-	Slc36a2	340	41.47
N5713	6711	ENSMUST00000166924.7|ENSMUSG00000029088|Kcnip4	chr5	48389501	48390291	-	Kcnip4	790	38.61
N5714	6712	ENSMUST00000030971.6|ENSMUSG00000029090|Adgra3	chr5	49959955	49960123	-	Adgra3	168	32.74
N5715	6713	ENSMUST00000031059.13|ENSMUSG00000029167|Ppargc1a	chr5	51457652	51489960	-	Ppargc1a	32308	38.43
N5716	6714	ENSMUST00000200186.4|ENSMUSG00000029169|Dhx15	chr5	52150692	52157380	-	Dhx15	6688	35.05
N5717	6715	ENSMUST00000101208.5|ENSMUSG00000072941|Sod3	chr5	52369248	52371418	+	Sod3	2170	47.47
N5718	6716	ENSMUST00000198008.4|ENSMUSG00000045790|Ccdc149	chr5	52374650	52376428	-	Ccdc149	1778	48.09
N5719	6717	ENSMUST00000150709.7|ENSMUSG00000029173|Sepsecs	chr5	52640086	52664167	-	Sepsecs	24081	40.79
N5720	6718	ENSMUST00000031081.10|ENSMUSG00000029186|Pi4k2b	chr5	52768261	52769340	+	Pi4k2b	1079	35.22
N5721	6719	ENSMUST00000037618.12|ENSMUSG00000039191|Rbpj	chr5	53655876	53657362	+	Rbpj	1486	39.1
N5722	672	ENSMUST00000108858.7|ENSMUSG00000018593|Sparc	chr11	55394499	55394806	-	Sparc	307	43.65
N5723	6720	ENSMUST00000201958.3|ENSMUSG00000039178|Tbc1d19	chr5	53838237	53903963	+	Tbc1d19	65726	40.14
N5724	6721	ENSMUST00000117661.8|ENSMUSG00000039156|Stim2	chr5	54119531	54121057	+	Stim2	1526	40.17
N5725	6722	ENSMUST00000076623.7|ENSMUSG00000037999|Arap2	chr5	62602444	62604094	-	Arap2	1650	36.12
N5726	6723	ENSMUST00000081747.7|ENSMUSG00000060512|0610040J01Rik	chr5	63899243	63899625	+	0610040J01Rik	382	41.88
N5727	6724	ENSMUST00000147348.5|ENSMUSG00000029174|Tbc1d1	chr5	64282045	64284739	+	Tbc1d1	2694	48.29
N5728	6725	ENSMUST00000165536.7|ENSMUSG00000029178|Klf3	chr5	64829891	64832901	+	Klf3	3010	38.54
N5729	6726	ENSMUST00000031080.14|ENSMUSG00000029185|Fam114a1	chr5	65040888	65041886	+	Fam114a1	998	39.58
N5730	6727	ENSMUST00000203581.2|ENSMUSG00000029191|Rfc1	chr5	65261849	65262765	-	Rfc1	916	44.32
N5731	6728	ENSMUST00000031101.9|ENSMUSG00000029199|Lias	chr5	65409047	65410693	+	Lias	1646	45.32
N5732	6729	ENSMUST00000031103.13|ENSMUSG00000029201|Ugdh	chr5	65413220	65413528	-	Ugdh	308	30.19
N5733	673	ENSMUST00000108857.1|ENSMUSG00000018585|Atox1	chr11	55446640	55450352	-	Atox1	3712	49.03
N5734	6730	ENSMUST00000139122.7|ENSMUSG00000037822|Smim14	chr5	65446843	65450021	-	Smim14	3178	41.5
N5735	6731	ENSMUST00000202601.3|ENSMUSG00000029203|Ube2k	chr5	65581550	65595145	+	Ube2k	13595	39.18
N5736	6732	ENSMUST00000031106.7|ENSMUSG00000029204|Rhoh	chr5	65893269	65896700	+	Rhoh	3431	45.06
N5737	6733	ENSMUST00000113726.7|ENSMUSG00000070780|Rbm47	chr5	66016548	66019042	-	Rbm47	2494	38.65
N5738	6735	ENSMUST00000201979.3|ENSMUSG00000037720|Tmem33	chr5	67268644	67286659	+	Tmem33	18015	42.2
N5739	6736	ENSMUST00000087241.6|ENSMUSG00000050010|Shisa3	chr5	67612189	67613992	+	Shisa3	1803	41.26
N5740	6737	ENSMUST00000200955.3|ENSMUSG00000037685|Atp8a1	chr5	67620576	67747176	-	Atp8a1	126600	42.87
N5741	6738	ENSMUST00000154728.7|ENSMUSG00000029208|Guf1	chr5	69564696	69571730	+	Guf1	7034	35.04
N5742	6739	ENSMUST00000031119.5|ENSMUSG00000001260|Gabrg1	chr5	70751046	70752164	-	Gabrg1	1118	29.96
N5743	674	ENSMUST00000018727.3|ENSMUSG00000018583|G3bp1	chr11	55500227	55504838	+	G3bp1	4611	46.74
N5744	6740	ENSMUST00000198625.4|ENSMUSG00000000560|Gabra2	chr5	70959480	71014415	-	Gabra2	54935	36.26
N5745	6741	ENSMUST00000031122.8|ENSMUSG00000029212|Gabrb1	chr5	72137091	72149037	+	Gabrb1	11946	40.01
N5746	6742	ENSMUST00000199767.4|ENSMUSG00000029213|Commd8	chr5	72157184	72159083	-	Commd8	1899	43.76
N5747	6743	ENSMUST00000135318.7|ENSMUSG00000072889|Nfxl1	chr5	72513303	72529011	-	Nfxl1	15708	38.28
N5748	6744	ENSMUST00000138842.7|ENSMUSG00000029217|Tec	chr5	72755737	72785878	-	Tec	30141	43.29
N5749	6745	ENSMUST00000144843.7|ENSMUSG00000036087|Slain2	chr5	72976255	72978829	+	Slain2	2574	36.91
N5750	6746	ENSMUST00000202697.3|ENSMUSG00000070733|Fryl	chr5	73019986	73021400	-	Fryl	1414	41.44
N5751	6747	ENSMUST00000201739.1|ENSMUSG00000029152|Ociad1	chr5	73306833	73313941	+	Ociad1	7108	40.11
N5752	6748	ENSMUST00000201908.3|ENSMUSG00000029153|Ociad2	chr5	73322212	73323652	-	Ociad2	1440	43.82
N5753	675	ENSMUST00000036315.15|ENSMUSG00000020524|Gria1	chr11	57327794	57330244	+	Gria1	2450	44.78
N5754	6750	ENSMUST00000119154.7|ENSMUSG00000054814|Usp46	chr5	73998452	74000387	-	Usp46	1935	37.31
N5755	6752	ENSMUST00000113536.7|ENSMUSG00000029227|Fip1l1	chr5	74596134	74598800	+	Fip1l1	2666	38.0
N5756	6753	ENSMUST00000075452.6|ENSMUSG00000029229|Chic2	chr5	74997987	75006532	-	Chic2	8545	40.04
N5757	6754	ENSMUST00000000476.14|ENSMUSG00000029231|Pdgfra	chr5	75195573	75198215	+	Pdgfra	2642	42.13
N5758	6755	ENSMUST00000144270.7|ENSMUSG00000005672|Kit	chr5	75654716	75656722	+	Kit	2006	45.11
N5759	6757	ENSMUST00000031143.12|ENSMUSG00000029233|Srd5a3	chr5	76155067	76155479	+	Srd5a3	412	40.05
N5760	6758	ENSMUST00000031144.13|ENSMUSG00000029234|Tmem165	chr5	76208916	76209245	+	Tmem165	329	33.74
N5761	6759	ENSMUST00000202651.3|ENSMUSG00000029238|Clock	chr5	76209867	76212312	-	Clock	2445	37.3
N5762	676	ENSMUST00000020831.12|ENSMUSG00000020523|Fam114a2	chr11	57482992	57483869	-	Fam114a2	877	43.44
N5763	6760	ENSMUST00000087133.10|ENSMUSG00000036435|Exoc1	chr5	76570031	76570294	+	Exoc1	263	44.49
N5764	6761	ENSMUST00000101087.9|ENSMUSG00000036323|Srp72	chr5	76999219	76999937	+	Srp72	718	39.97
N5765	6762	ENSMUST00000120827.8|ENSMUSG00000059325|Hopx	chr5	77086987	77087371	-	Hopx	384	32.29
N5766	6764	ENSMUST00000039373.13|ENSMUSG00000035898|Uba6	chr5	86109286	86110484	-	Uba6	1198	34.47
N5767	6765	ENSMUST00000031229.10|ENSMUSG00000029291|Rufy3	chr5	88641385	88642696	+	Rufy3	1311	44.24
N5768	6766	ENSMUST00000078945.11|ENSMUSG00000044221|Grsf1	chr5	88659447	88662412	-	Grsf1	2965	39.53
N5769	6767	ENSMUST00000113229.7|ENSMUSG00000006262|Mob1b	chr5	88757477	88764220	+	Mob1b	6743	36.93
N5770	6768	ENSMUST00000031311.9|ENSMUSG00000029366|Dck	chr5	88781394	88783281	+	Dck	1887	38.42
N5771	6769	ENSMUST00000148750.7|ENSMUSG00000060961|Slc4a4	chr5	89234988	89239653	+	Slc4a4	4665	39.7
N5772	677	ENSMUST00000108849.7|ENSMUSG00000020522|Mfap3	chr11	57530625	57533815	+	Mfap3	3190	44.29
N5773	6770	ENSMUST00000148480.1|ENSMUSG00000035505|Cox18	chr5	90218934	90222136	-	Cox18	3202	43.69
N5774	6771	ENSMUST00000014421.14|ENSMUSG00000055204|Ankrd17	chr5	90227165	90228901	-	Ankrd17	1736	35.6
N5775	6772	ENSMUST00000031318.5|ENSMUSG00000029371|Cxcl5	chr5	90760680	90761624	+	Cxcl5	944	30.08
N5776	6773	ENSMUST00000031319.7|ENSMUSG00000029372|Ppbp	chr5	90769733	90770063	+	Ppbp	330	35.15
N5777	6774	ENSMUST00000031326.9|ENSMUSG00000029379|Cxcl3	chr5	90787834	90788093	+	Cxcl3	259	28.57
N5778	6775	ENSMUST00000031327.8|ENSMUSG00000029380|Cxcl1	chr5	90892828	90893115	+	Cxcl1	287	42.16
N5779	6776	ENSMUST00000200681.3|ENSMUSG00000058427|Cxcl2	chr5	90904592	90905938	+	Cxcl2	1346	40.56
N5780	6777	ENSMUST00000071652.5|ENSMUSG00000029376|Mthfd2l	chr5	91021002	91021368	+	Mthfd2l	366	35.52
N5781	6778	ENSMUST00000040576.9|ENSMUSG00000034981|Parm1	chr5	91623764	91626894	+	Parm1	3130	43.55
N5782	6779	ENSMUST00000031345.14|ENSMUSG00000029397|Rchy1	chr5	91948903	91949396	-	Rchy1	493	37.93
N5783	678	ENSMUST00000066987.13|ENSMUSG00000020520|Galnt10	chr11	57785846	57787514	+	Galnt10	1668	54.56
N5784	6780	ENSMUST00000167918.7|ENSMUSG00000029405|G3bp2	chr5	92052145	92054632	-	G3bp2	2487	38.16
N5785	6781	ENSMUST00000201642.1|ENSMUSG00000029407|Uso1	chr5	92188124	92202796	+	Uso1	14672	43.74
N5786	6782	ENSMUST00000031364.4|ENSMUSG00000029415|Sdad1	chr5	92284009	92285152	-	Sdad1	1143	40.77
N5787	6783	ENSMUST00000113093.4|ENSMUSG00000029417|Cxcl9	chr5	92321346	92323180	-	Cxcl9	1834	42.2
N5788	6784	ENSMUST00000146470.1|ENSMUSG00000034826|Nup54	chr5	92428291	92430724	-	Nup54	2433	42.87
N5789	6786	ENSMUST00000074733.10|ENSMUSG00000058013|Septin11	chr5	93173017	93174958	+	Septin11	1941	42.66
N5790	6787	ENSMUST00000058550.14|ENSMUSG00000063015|Ccni	chr5	93181932	93182366	-	Ccni	434	35.94
N5791	6789	ENSMUST00000023840.6|ENSMUSG00000023078|Cxcl13	chr5	95960762	95961068	+	Cxcl13	306	35.95
N5792	679	ENSMUST00000178636.1|ENSMUSG00000037331|Larp1	chr11	58059299	58062034	+	Larp1	2735	50.6
N5793	6790	ENSMUST00000036646.13|ENSMUSG00000034724|Cnot6l	chr5	96075588	96131058	-	Cnot6l	55470	36.01
N5794	6792	ENSMUST00000198631.1|ENSMUSG00000029484|Anxa3	chr5	96825520	96825908	+	Anxa3	388	47.42
N5795	6793	ENSMUST00000035635.9|ENSMUSG00000034663|Bmp2k	chr5	97088571	97091867	+	Bmp2k	3296	39.38
N5796	6794	ENSMUST00000031281.13|ENSMUSG00000029338|Antxr2	chr5	97882782	97884918	-	Antxr2	2136	34.74
N5797	6795	ENSMUST00000112959.3|ENSMUSG00000035456|Prdm8	chr5	98187275	98188991	+	Prdm8	1716	41.38
N5798	6796	ENSMUST00000161490.7|ENSMUSG00000029334|Prkg2	chr5	98929772	98931528	-	Prkg2	1756	35.88
N5799	6797	ENSMUST00000172361.7|ENSMUSG00000000568|Hnrnpd	chr5	99955934	99961084	-	Hnrnpd	5150	38.49
N5800	68	ENSMUST00000159194.2|ENSMUSG00000000295|Hddc2	chr10	31326177	31328184	+	Hddc2	2007	46.14
N5801	680	ENSMUST00000020822.11|ENSMUSG00000020515|Cnot8	chr11	58118212	58118594	+	Cnot8	382	45.03
N5802	6800	ENSMUST00000139234.1|ENSMUSG00000035310|Lin54	chr5	100443551	100475635	-	Lin54	32084	42.7
N5803	6801	ENSMUST00000031264.11|ENSMUSG00000029322|Plac8	chr5	100553724	100556342	-	Plac8	2618	42.82
N5804	6802	ENSMUST00000135146.1|ENSMUSG00000029319|Coq2	chr5	100655254	100663471	-	Coq2	8217	46.26
N5805	6803	ENSMUST00000045617.14|ENSMUSG00000035273|Hpse	chr5	100679483	100679897	-	Hpse	414	38.65
N5806	6804	ENSMUST00000151201.1|ENSMUSG00000035266|Helq	chr5	100783179	100791776	-	Helq	8597	44.2
N5807	6805	ENSMUST00000198453.1|ENSMUSG00000016833|Mrps18c	chr5	100802093	100804468	+	Mrps18c	2375	39.45
N5808	6806	ENSMUST00000153302.7|ENSMUSG00000035234|Abraxas1	chr5	100805191	100815063	-	Abraxas1	9872	41.62
N5809	6807	ENSMUST00000092990.3|ENSMUSG00000029314|Gpat3	chr5	100897976	100899102	+	Gpat3	1126	38.81
N5810	6808	ENSMUST00000031273.8|ENSMUSG00000029330|Cds1	chr5	101821976	101823858	+	Cds1	1882	49.47
N5811	6809	ENSMUST00000053177.13|ENSMUSG00000043940|Wdfy3	chr5	101832955	101835993	-	Wdfy3	3038	41.11
N5812	681	ENSMUST00000172035.7|ENSMUSG00000037275|Gemin5	chr11	58120001	58121352	-	Gemin5	1351	44.86
N5813	6810	ENSMUST00000094559.8|ENSMUSG00000057315|Arhgap24	chr5	102897595	102897937	+	Arhgap24	342	30.99
N5814	6811	ENSMUST00000141573.7|ENSMUSG00000046709|Mapk10	chr5	102913128	102989619	-	Mapk10	76491	41.28
N5815	6812	ENSMUST00000196014.4|ENSMUSG00000034573|Ptpn13	chr5	103501912	103529740	+	Ptpn13	27828	43.02
N5816	6813	ENSMUST00000031263.1|ENSMUSG00000029321|Slc10a6	chr5	103605710	103606075	-	Slc10a6	365	46.03
N5817	6814	ENSMUST00000054979.9|ENSMUSG00000029313|Aff1	chr5	103851159	103855322	+	Aff1	4163	44.92
N5818	6815	ENSMUST00000131843.1|ENSMUSG00000029312|Klhl8	chr5	103862079	103867492	-	Klhl8	5413	44.78
N5819	6816	ENSMUST00000031250.13|ENSMUSG00000029310|Nudt9	chr5	104065263	104065379	+	Nudt9	116	28.45
N5820	6818	ENSMUST00000066708.6|ENSMUSG00000029307|Dmp1	chr5	104213119	104214102	+	Dmp1	983	42.83
N5821	6819	ENSMUST00000031243.14|ENSMUSG00000029304|Spp1	chr5	104440815	104441050	+	Spp1	235	28.94
N5822	682	ENSMUST00000168280.1|ENSMUSG00000078853|Igtp	chr11	58207206	58207575	+	Igtp	369	43.36
N5823	6820	ENSMUST00000086831.3|ENSMUSG00000034462|Pkd2	chr5	104504090	104505819	+	Pkd2	1729	38.06
N5824	6821	ENSMUST00000031235.12|ENSMUSG00000034438|Gbp8	chr5	105014152	105014455	-	Gbp8	303	31.02
N5825	6822	ENSMUST00000031238.12|ENSMUSG00000029298|Gbp9	chr5	105077629	105079523	-	Gbp9	1894	37.91
N5826	6823	ENSMUST00000196204.4|ENSMUSG00000079363|Gbp4	chr5	105115766	105125134	-	Gbp4	9368	40.6
N5827	6824	ENSMUST00000050011.9|ENSMUSG00000079362|Gm43302	chr5	105214906	105217156	-	Gm43302	2250	38.93
N5828	6825	ENSMUST00000065588.6|ENSMUSG00000105096|Gbp10	chr5	105215698	105216201	-	Gbp10	503	41.35
N5829	6826	ENSMUST00000200045.4|ENSMUSG00000104713|Gbp6	chr5	105270701	105280074	-	Gbp6	9373	40.37
N5830	6827	ENSMUST00000112707.2|ENSMUSG00000070639|Lrrc8b	chr5	105487247	105490074	+	Lrrc8b	2827	37.35
N5831	6828	ENSMUST00000067924.12|ENSMUSG00000054720|Lrrc8c	chr5	105608920	105613018	+	Lrrc8c	4098	41.85
N5832	6829	ENSMUST00000060531.15|ENSMUSG00000046079|Lrrc8d	chr5	105814482	105815215	+	Lrrc8d	733	38.34
N5833	683	ENSMUST00000209079.1|ENSMUSG00000069874|Irgm2	chr11	58221922	58222782	+	Irgm2	860	40.58
N5834	6830	ENSMUST00000138615.7|ENSMUSG00000029290|Zfp326	chr5	105891289	105915177	+	Zfp326	23888	39.45
N5835	6832	ENSMUST00000031224.14|ENSMUSG00000029287|Tgfbr3	chr5	107106569	107109464	-	Tgfbr3	2895	41.55
N5836	6833	ENSMUST00000031215.14|ENSMUSG00000029279|Brdt	chr5	107386030	107387058	+	Brdt	1028	42.51
N5837	6834	ENSMUST00000124546.7|ENSMUSG00000029276|Glmn	chr5	107549023	107575204	-	Glmn	26181	41.27
N5838	6835	ENSMUST00000112642.7|ENSMUSG00000011831|Evi5	chr5	107744794	107747664	-	Evi5	2870	38.08
N5839	6838	ENSMUST00000124195.7|ENSMUSG00000029267|Mtf2	chr5	108081322	108107458	+	Mtf2	26136	37.42
N5840	6839	ENSMUST00000002837.10|ENSMUSG00000063406|Tmed5	chr5	108121626	108124165	-	Tmed5	2539	31.47
N5841	684	ENSMUST00000116376.8|ENSMUSG00000013646|Sh3bp5l	chr11	58347152	58347728	+	Sh3bp5l	576	53.82
N5842	6841	ENSMUST00000119014.7|ENSMUSG00000029263|Pigg	chr5	108348304	108349355	+	Pigg	1051	36.44
N5843	6842	ENSMUST00000197216.2|ENSMUSG00000105867|Gm42517	chr5	108366072	108366392	-	Gm42517	320	45.62
N5844	6844	ENSMUST00000199048.4|ENSMUSG00000062234|Gak	chr5	108571430	108616837	-	Gak	45407	43.75
N5845	6846	ENSMUST00000140620.7|ENSMUSG00000033540|Idua	chr5	108681077	108684552	+	Idua	3475	50.82
N5846	6847	ENSMUST00000112560.7|ENSMUSG00000008090|Fgfrl1	chr5	108706624	108706924	+	Fgfrl1	300	47.67
N5847	6848	ENSMUST00000112544.7|ENSMUSG00000090015|Gm15446	chr5	109943703	109943936	+	Gm15446	233	45.06
N5848	6849	ENSMUST00000112540.7|ENSMUSG00000066613|Zfp932	chr5	110010217	110010411	+	Zfp932	194	46.91
N5849	685	ENSMUST00000094151.5|ENSMUSG00000020496|Rnf187	chr11	58932287	58933855	-	Rnf187	1568	54.15
N5850	6850	ENSMUST00000112512.7|ENSMUSG00000029502|Golga3	chr5	110223227	110226470	+	Golga3	3243	38.73
N5851	6851	ENSMUST00000086674.9|ENSMUSG00000029501|Ankle2	chr5	110254811	110256651	+	Ankle2	1840	38.91
N5852	6853	ENSMUST00000155266.1|ENSMUSG00000029499|Pxmp2	chr5	110274294	110277592	-	Pxmp2	3298	46.88
N5853	6854	ENSMUST00000196801.4|ENSMUSG00000043323|Fbrsl1	chr5	110362790	110378037	-	Fbrsl1	15247	51.39
N5854	6855	ENSMUST00000042147.5|ENSMUSG00000033294|Noc4l	chr5	110648417	110648715	-	Noc4l	298	46.64
N5855	6856	ENSMUST00000031478.5|ENSMUSG00000029504|Ddx51	chr5	110658009	110660496	+	Ddx51	2487	42.82
N5856	6857	ENSMUST00000112426.7|ENSMUSG00000029507|Pus1	chr5	110773666	110773783	-	Pus1	117	30.77
N5857	6859	ENSMUST00000144850.7|ENSMUSG00000043510|Hscb	chr5	110829079	110834647	-	Hscb	5568	43.91
N5858	686	ENSMUST00000078267.4|ENSMUSG00000056895|H2bu2	chr11	58949468	58949533	+	H2bu2	65	32.31
N5859	6860	ENSMUST00000199937.4|ENSMUSG00000029521|Chek2	chr5	110855892	110874133	+	Chek2	18241	44.22
N5860	6861	ENSMUST00000156290.8|ENSMUSG00000033209|Ttc28	chr5	111287122	111289780	+	Ttc28	2658	47.14
N5861	6862	ENSMUST00000086635.8|ENSMUSG00000050017|Pitpnb	chr5	111385715	111388359	+	Pitpnb	2644	46.86
N5862	6863	ENSMUST00000031287.11|ENSMUSG00000029344|Tpst2	chr5	112313431	112315361	+	Tpst2	1930	49.53
N5863	6864	ENSMUST00000031288.13|ENSMUSG00000029345|Tfip11	chr5	112337741	112338073	+	Tfip11	332	55.12
N5864	6865	ENSMUST00000031289.6|ENSMUSG00000029346|Srrd	chr5	112337391	112337586	-	Srrd	195	56.92
N5865	6866	ENSMUST00000112359.8|ENSMUSG00000042328|Hps4	chr5	112378278	112378414	+	Hps4	136	50.74
N5866	6867	ENSMUST00000031291.8|ENSMUSG00000029348|Asphd2	chr5	112384353	112385585	-	Asphd2	1232	51.7
N5867	6868	ENSMUST00000200332.4|ENSMUSG00000042249|Grk3	chr5	112912598	112969145	-	Grk3	56547	48.82
N5868	6869	ENSMUST00000048112.12|ENSMUSG00000042216|Sgsm1	chr5	113243219	113244856	-	Sgsm1	1637	52.29
N5869	687	ENSMUST00000108817.4|ENSMUSG00000078851|H2aw	chr11	58955419	58956830	+	H2aw	1411	39.48
N5870	6870	ENSMUST00000065698.6|ENSMUSG00000053334|Ficd	chr5	113739949	113740600	+	Ficd	651	46.24
N5871	6871	ENSMUST00000197041.1|ENSMUSG00000018974|Sart3	chr5	113742447	113753511	-	Sart3	11064	53.07
N5872	6873	ENSMUST00000067853.5|ENSMUSG00000054675|Tmem119	chr5	113793728	113794444	-	Tmem119	716	52.93
N5873	6875	ENSMUST00000164980.7|ENSMUSG00000004530|Coro1c	chr5	113842435	113848451	-	Coro1c	6016	53.81
N5874	6876	ENSMUST00000159510.1|ENSMUSG00000042121|Ssh1	chr5	113961392	113966179	-	Ssh1	4787	52.1
N5875	6878	ENSMUST00000031588.11|ENSMUSG00000029592|Usp30	chr5	114122761	114124720	+	Usp30	1959	52.32
N5876	6879	ENSMUST00000102582.7|ENSMUSG00000042010|Acacb	chr5	114249829	114250761	+	Acacb	932	54.18
N5877	688	ENSMUST00000108809.7|ENSMUSG00000020455|Trim11	chr11	58988990	58991455	+	Trim11	2465	53.79
N5878	6880	ENSMUST00000134532.8|ENSMUSG00000001098|Kctd10	chr5	114364461	114368793	-	Kctd10	4332	55.68
N5879	6881	ENSMUST00000031560.13|ENSMUSG00000029575|Mmab	chr5	114431033	114433075	-	Mmab	2042	52.15
N5880	6883	ENSMUST00000071968.8|ENSMUSG00000014158|Trpv4	chr5	114622151	114622432	-	Trpv4	281	57.3
N5881	6884	ENSMUST00000012028.13|ENSMUSG00000011884|Gltp	chr5	114669397	114669829	-	Gltp	432	38.66
N5882	6885	ENSMUST00000094441.10|ENSMUSG00000002486|Tchp	chr5	114721656	114722327	+	Tchp	671	53.65
N5883	6887	ENSMUST00000102578.10|ENSMUSG00000041870|Ankrd13a	chr5	114804650	114805822	+	Ankrd13a	1172	47.53
N5884	6888	ENSMUST00000112160.3|ENSMUSG00000072694|1500011B03Rik	chr5	114808195	114808541	-	1500011B03Rik	346	44.8
N5885	6889	ENSMUST00000144064.4|ENSMUSG00000029561|Oasl2	chr5	114901438	114912226	+	Oasl2	10788	46.74
N5886	689	ENSMUST00000054523.5|ENSMUSG00000049287|Iba57	chr11	59155368	59157602	-	Iba57	2234	51.97
N5887	6890	ENSMUST00000112143.3|ENSMUSG00000041827|Oasl1	chr5	114937646	114937915	+	Oasl1	269	52.79
N5888	6891	ENSMUST00000128590.2|ENSMUSG00000029550|Sppl3	chr5	115082384	115084885	+	Sppl3	2501	43.94
N5889	6892	ENSMUST00000100848.2|ENSMUSG00000072693|Gm10401	chr5	115097688	115097815	-	Gm10401	127	33.86
N5890	6893	ENSMUST00000031524.10|ENSMUSG00000029545|Acads	chr5	115110298	115110597	-	Acads	299	63.88
N5891	6894	ENSMUST00000060798.5|ENSMUSG00000046562|Unc119b	chr5	115122549	115125239	-	Unc119b	2690	53.16
N5892	6896	ENSMUST00000135455.1|ENSMUSG00000060152|Pop5	chr5	115242691	115245351	+	Pop5	2660	49.32
N5893	6897	ENSMUST00000139853.1|ENSMUSG00000041740|Rnf10	chr5	115241778	115242392	-	Rnf10	614	50.0
N5894	6898	ENSMUST00000040421.10|ENSMUSG00000041733|Coq5	chr5	115296481	115296972	+	Coq5	491	43.38
N5895	6899	ENSMUST00000009157.3|ENSMUSG00000009013|Dynll1	chr5	115297109	115298541	-	Dynll1	1432	47.35
N5896	69	ENSMUST00000214644.1|ENSMUSG00000000296|Tpd52l1	chr10	31332376	31332738	-	Tpd52l1	362	36.74
N5897	690	ENSMUST00000108793.8|ENSMUSG00000043448|Gjc2	chr11	59175567	59175838	-	Gjc2	271	46.13
N5898	6900	ENSMUST00000209604.1|ENSMUSG00000029538|Srsf9	chr5	115330658	115333080	+	Srsf9	2422	48.64
N5899	6901	ENSMUST00000139167.2|ENSMUSG00000029536|Gatc	chr5	115333238	115334155	-	Gatc	917	46.13
N5900	6903	ENSMUST00000040154.8|ENSMUSG00000041697|Cox6a1	chr5	115345641	115345694	-	Cox6a1	53	35.85
N5901	6904	ENSMUST00000112067.7|ENSMUSG00000029524|Sirt4	chr5	115478009	115478252	-	Sirt4	243	35.39
N5902	6905	ENSMUST00000067268.14|ENSMUSG00000029528|Pxn	chr5	115554421	115555987	+	Pxn	1566	52.17
N5903	6906	ENSMUST00000086519.11|ENSMUSG00000067274|Rplp0	chr5	115563592	115563727	+	Rplp0	135	37.04
N5904	6907	ENSMUST00000064454.11|ENSMUSG00000041638|Gcn1	chr5	115622425	115622654	+	Gcn1	229	62.88
N5905	6908	ENSMUST00000138885.1|ENSMUSG00000029518|Rab35	chr5	115640296	115646119	+	Rab35	5823	54.35
N5906	6909	ENSMUST00000141976.1|ENSMUSG00000041609|Bicdl1	chr5	115649266	115651065	-	Bicdl1	1799	55.25
N5907	691	ENSMUST00000170202.8|ENSMUSG00000020444|Guk1	chr11	59183874	59184003	-	Guk1	129	47.29
N5908	6910	ENSMUST00000133098.8|ENSMUSG00000029513|Prkab1	chr5	116014434	116017819	-	Prkab1	3385	52.29
N5909	6911	ENSMUST00000036991.4|ENSMUSG00000041548|Hspb8	chr5	116408490	116408830	-	Hspb8	340	46.76
N5910	6914	ENSMUST00000111967.7|ENSMUSG00000066894|Vsig10	chr5	117352965	117355005	+	Vsig10	2040	47.94
N5911	6915	ENSMUST00000031309.15|ENSMUSG00000029364|Wsb2	chr5	117378240	117378601	+	Wsb2	361	39.34
N5912	6917	ENSMUST00000202447.3|ENSMUSG00000032898|Fbxo21	chr5	118009690	118010201	+	Fbxo21	511	37.38
N5913	6918	ENSMUST00000124648.7|ENSMUSG00000029359|Tesc	chr5	118056760	118061845	+	Tesc	5085	55.63
N5914	6919	ENSMUST00000049474.8|ENSMUSG00000032867|Fbxw8	chr5	118064964	118066842	-	Fbxw8	1878	56.82
N5915	692	ENSMUST00000045697.11|ENSMUSG00000036860|Mrpl55	chr11	59205955	59206134	+	Mrpl55	179	44.13
N5916	6920	ENSMUST00000054836.6|ENSMUSG00000046607|Hrk	chr5	118170209	118189478	+	Hrk	19269	50.76
N5917	6921	ENSMUST00000049138.7|ENSMUSG00000032840|2410131K14Rik	chr5	118261904	118266093	+	2410131K14Rik	4189	49.37
N5918	6922	ENSMUST00000100816.7|ENSMUSG00000018076|Med13l	chr5	118763894	118765438	+	Med13l	1544	36.27
N5919	6923	ENSMUST00000121021.7|ENSMUSG00000018604|Tbx3	chr5	119683697	119684724	+	Tbx3	1027	39.63
N5920	6924	ENSMUST00000202777.1|ENSMUSG00000029594|Rbm19	chr5	120186391	120198979	+	Rbm19	12588	56.22
N5921	6926	ENSMUST00000068326.13|ENSMUSG00000032754|Slc8b1	chr5	120533774	120534024	+	Slc8b1	250	44.4
N5922	6927	ENSMUST00000031598.10|ENSMUSG00000029599|Ddx54	chr5	120627470	120628592	+	Ddx54	1122	56.06
N5923	6928	ENSMUST00000031606.9|ENSMUSG00000029602|Rasal1	chr5	120679334	120679597	+	Rasal1	263	53.23
N5924	6929	ENSMUST00000031607.6|ENSMUSG00000029603|Dtx1	chr5	120680201	120680525	-	Dtx1	324	53.7
N5925	693	ENSMUST00000020719.6|ENSMUSG00000020441|2310033P09Rik	chr11	59210516	59210738	+	2310033P09Rik	222	53.15
N5926	6930	ENSMUST00000080322.7|ENSMUSG00000052776|Oas1a	chr5	120896255	120896843	-	Oas1a	588	46.94
N5927	6931	ENSMUST00000079204.8|ENSMUSG00000029608|Rph3a	chr5	120940498	120941991	-	Rph3a	1493	52.38
N5928	6933	ENSMUST00000042614.12|ENSMUSG00000042744|Hectd4	chr5	121366753	121368577	+	Hectd4	1824	52.58
N5929	6934	ENSMUST00000173895.7|ENSMUSG00000042719|Naa25	chr5	121409204	121438820	+	Naa25	29616	46.78
N5930	6935	ENSMUST00000124247.7|ENSMUSG00000029452|Tmem116	chr5	121468033	121494445	+	Tmem116	26412	46.16
N5931	6936	ENSMUST00000200170.1|ENSMUSG00000072647|Adam1a	chr5	121518612	121524996	-	Adam1a	6384	46.68
N5932	6937	ENSMUST00000125946.7|ENSMUSG00000105340|Gm42878	chr5	121518612	121524996	-	Gm42878	6384	46.68
N5933	6938	ENSMUST00000151352.2|ENSMUSG00000029454|Mapkapk5	chr5	121533122	121534269	-	Mapkapk5	1147	47.34
N5934	6939	ENSMUST00000031411.14|ENSMUSG00000029455|Aldh2	chr5	121566026	121567842	-	Aldh2	1816	49.78
N5935	694	ENSMUST00000163300.7|ENSMUSG00000048076|Arf1	chr11	59211411	59211730	-	Arf1	319	39.81
N5936	6940	ENSMUST00000041252.12|ENSMUSG00000042647|Acad12	chr5	121596774	121598532	-	Acad12	1758	51.76
N5937	6941	ENSMUST00000140996.5|ENSMUSG00000029458|Brap	chr5	121665288	121687243	+	Brap	21955	46.44
N5938	6942	ENSMUST00000160462.1|ENSMUSG00000042605|Atxn2	chr5	121811632	121813455	+	Atxn2	1823	52.77
N5939	6944	ENSMUST00000198271.4|ENSMUSG00000044134|Pheta1	chr5	121854172	121854632	+	Pheta1	460	56.74
N5940	6945	ENSMUST00000111752.9|ENSMUSG00000042589|Cux2	chr5	121856365	121860393	-	Cux2	4028	48.51
N5941	6946	ENSMUST00000133568.5|ENSMUSG00000004455|Ppp1cc	chr5	122172955	122175265	+	Ppp1cc	2310	46.71
N5942	6947	ENSMUST00000072602.13|ENSMUSG00000064267|Hvcn1	chr5	122240881	122242297	+	Hvcn1	1416	54.03
N5943	6948	ENSMUST00000141281.3|ENSMUSG00000038593|Tctn1	chr5	122241286	122246423	-	Tctn1	5137	51.59
N5944	6949	ENSMUST00000053426.14|ENSMUSG00000038582|Pptc7	chr5	122321022	122324281	+	Pptc7	3259	43.66
N5945	695	ENSMUST00000000128.9|ENSMUSG00000000126|Wnt9a	chr11	59331928	59333552	+	Wnt9a	1624	51.17
N5946	6950	ENSMUST00000111729.9|ENSMUSG00000029462|Vps29	chr5	122362271	122363211	+	Vps29	940	39.89
N5947	6951	ENSMUST00000031419.5|ENSMUSG00000029463|Fam216a	chr5	122364579	122364646	-	Fam216a	67	22.39
N5948	6952	ENSMUST00000102525.10|ENSMUSG00000029465|Arpc3	chr5	122406079	122406179	+	Arpc3	100	36.0
N5949	6954	ENSMUST00000196452.4|ENSMUSG00000029469|Ift81	chr5	122602346	122609172	-	Ift81	6826	42.22
N5950	6955	ENSMUST00000100737.9|ENSMUSG00000029468|P2rx7	chr5	122681452	122684289	+	P2rx7	2837	47.9
N5951	6956	ENSMUST00000198560.1|ENSMUSG00000029470|P2rx4	chr5	122718573	122725366	+	P2rx4	6793	48.21
N5952	6957	ENSMUST00000199179.4|ENSMUSG00000029471|Camkk2	chr5	122746442	122758836	-	Camkk2	12394	48.41
N5953	6958	ENSMUST00000031434.7|ENSMUSG00000029474|Rnf34	chr5	122868747	122871291	+	Rnf34	2544	39.54
N5954	6959	ENSMUST00000121652.7|ENSMUSG00000049686|Orai1	chr5	123029886	123030456	+	Orai1	570	48.6
N5955	6960	ENSMUST00000161059.7|ENSMUSG00000054434|Tmem120b	chr5	123102349	123115127	+	Tmem120b	12778	49.51
N5956	6962	ENSMUST00000100729.8|ENSMUSG00000029440|Psmd9	chr5	123248690	123250131	+	Psmd9	1441	50.66
N5957	6963	ENSMUST00000139398.7|ENSMUSG00000029433|Diablo	chr5	123511704	123517736	-	Diablo	6032	46.05
N5958	6964	ENSMUST00000144121.1|ENSMUSG00000049550|Clip1	chr5	123617656	123647803	-	Clip1	30147	44.16
N5959	6965	ENSMUST00000196001.1|ENSMUSG00000029427|Zcchc8	chr5	123710743	123714065	-	Zcchc8	3322	45.85
N5960	6967	ENSMUST00000057145.6|ENSMUSG00000045502|Hcar2	chr5	123863569	123863873	-	Hcar2	304	47.37
N5961	6968	ENSMUST00000164267.1|ENSMUSG00000049241|Hcar1	chr5	123876735	123877968	-	Hcar1	1233	47.93
N5962	6969	ENSMUST00000023869.14|ENSMUSG00000023106|Denr	chr5	123927456	123928835	+	Denr	1379	39.52
N5963	697	ENSMUST00000147163.7|ENSMUSG00000036819|Jmjd4	chr11	59454059	59458567	+	Jmjd4	4508	47.72
N5964	6970	ENSMUST00000000939.14|ENSMUSG00000000915|Hip1r	chr5	124003017	124005558	+	Hip1r	2541	53.96
N5965	6971	ENSMUST00000040967.8|ENSMUSG00000066278|Vps37b	chr5	124004640	124006023	-	Vps37b	1383	55.39
N5966	6972	ENSMUST00000119269.5|ENSMUSG00000023707|Ogfod2	chr5	124115079	124115476	+	Ogfod2	397	52.39
N5967	6973	ENSMUST00000086123.10|ENSMUSG00000029406|Pitpnm2	chr5	124118689	124121114	-	Pitpnm2	2425	56.7
N5968	6975	ENSMUST00000199798.4|ENSMUSG00000049327|Kmt5a	chr5	124451373	124461511	+	Kmt5a	10138	49.82
N5969	6976	ENSMUST00000031347.7|ENSMUSG00000029401|Rilpl2	chr5	124463264	124463538	-	Rilpl2	274	40.15
N5970	6977	ENSMUST00000031349.8|ENSMUSG00000029402|Snrnp35	chr5	124491008	124491124	+	Snrnp35	116	45.69
N5971	6978	ENSMUST00000200202.1|ENSMUSG00000029392|Rilpl1	chr5	124493536	124501773	-	Rilpl1	8237	49.54
N5972	6979	ENSMUST00000200031.1|ENSMUSG00000029390|Tmed2	chr5	124543243	124549192	+	Tmed2	5949	44.53
N5973	698	ENSMUST00000057799.7|ENSMUSG00000054519|Zfp867	chr11	59461196	59462071	-	Zfp867	875	39.43
N5974	6980	ENSMUST00000198318.4|ENSMUSG00000029388|Eif2b1	chr5	124573080	124576749	-	Eif2b1	3669	49.82
N5975	6981	ENSMUST00000031333.3|ENSMUSG00000029387|Gtf2h3	chr5	124596604	124597680	+	Gtf2h3	1076	46.19
N5976	6982	ENSMUST00000100706.9|ENSMUSG00000029386|Tctn2	chr5	124627387	124627738	+	Tctn2	351	38.46
N5977	6983	ENSMUST00000036206.13|ENSMUSG00000037979|Ccdc92	chr5	124834417	124835144	-	Ccdc92	727	51.99
N5978	6984	ENSMUST00000111417.8|ENSMUSG00000079215|Zfp664	chr5	124886477	124888630	+	Zfp664	2153	45.66
N5979	6985	ENSMUST00000036109.7|ENSMUSG00000037962|Rflna	chr5	125012261	125012547	+	Rflna	286	48.95
N5980	6986	ENSMUST00000200297.4|ENSMUSG00000029478|Ncor2	chr5	125018134	125023500	-	Ncor2	5366	56.0
N5981	6987	ENSMUST00000169485.5|ENSMUSG00000029480|Dhx37	chr5	125413857	125414589	-	Dhx37	732	48.91
N5982	6989	ENSMUST00000031445.4|ENSMUSG00000029482|Aacs	chr5	125517009	125517410	+	Aacs	401	45.39
N5983	699	ENSMUST00000013262.14|ENSMUSG00000020472|Zkscan17	chr11	59485519	59486917	-	Zkscan17	1398	50.93
N5984	6990	ENSMUST00000031446.6|ENSMUSG00000070498|Tmem132b	chr5	125789088	125792583	+	Tmem132b	3495	42.78
N5985	6991	ENSMUST00000119026.7|ENSMUSG00000034324|Tmem132c	chr5	127564267	127565793	+	Tmem132c	1526	39.91
N5986	6992	ENSMUST00000153832.7|ENSMUSG00000029416|Slc15a4	chr5	127595666	127603692	-	Slc15a4	8026	48.95
N5987	6993	ENSMUST00000031378.13|ENSMUSG00000029428|Stx2	chr5	128984556	128987613	-	Stx2	3057	50.57
N5988	6995	ENSMUST00000196698.4|ENSMUSG00000029439|Sfswap	chr5	129504935	129569648	+	Sfswap	64713	47.11
N5989	6996	ENSMUST00000031390.9|ENSMUSG00000029436|Mmp17	chr5	129608020	129611099	+	Mmp17	3079	51.06
N5990	6997	ENSMUST00000049778.6|ENSMUSG00000051034|Zfp11	chr5	129654592	129655304	-	Zfp11	712	34.55
N5991	6998	ENSMUST00000119576.7|ENSMUSG00000034211|Mrps17	chr5	129718330	129722556	+	Mrps17	4226	43.14
N5992	6999	ENSMUST00000195946.4|ENSMUSG00000029432|Nipsnap2	chr5	129746467	129757373	+	Nipsnap2	10906	45.14
N5993	7	ENSMUST00000019908.8|ENSMUSG00000019774|Mtrf1l	chr10	5811886	5813057	-	Mtrf1l	1171	44.92
N5994	70	ENSMUST00000081989.7|ENSMUSG00000063760|Rnf217	chr10	31493192	31502083	-	Rnf217	8891	34.6
N5995	700	ENSMUST00000116371.7|ENSMUSG00000005417|Mprip	chr11	59776168	59780854	+	Mprip	4686	46.63
N5996	7001	ENSMUST00000137357.4|ENSMUSG00000025538|Sumf2	chr5	129854893	129863432	+	Sumf2	8539	49.57
N5997	7002	ENSMUST00000026617.12|ENSMUSG00000025537|Phkg1	chr5	129863420	129864242	-	Phkg1	822	41.36
N5998	7003	ENSMUST00000094280.3|ENSMUSG00000070493|Chchd2	chr5	129881155	129881237	-	Chchd2	82	37.8
N5999	7004	ENSMUST00000201801.3|ENSMUSG00000025534|Gusb	chr5	129989022	129997779	-	Gusb	8757	47.63
N6000	7006	ENSMUST00000118993.7|ENSMUSG00000034118|Tpst1	chr5	130134624	130135729	+	Tpst1	1105	49.59
N6001	7007	ENSMUST00000119797.7|ENSMUSG00000025340|Rabgef1	chr5	130213390	130214342	+	Rabgef1	952	42.75
N6002	7008	ENSMUST00000065329.12|ENSMUSG00000053094|Tmem248	chr5	130241446	130243765	+	Tmem248	2319	46.36
N6003	7009	ENSMUST00000111288.3|ENSMUSG00000060371|Caln1	chr5	130839998	130847412	+	Caln1	7414	46.6
N6004	701	ENSMUST00000102697.9|ENSMUSG00000032633|Flcn	chr11	59791407	59791993	-	Flcn	586	43.0
N6005	7010	ENSMUST00000016088.8|ENSMUSG00000015944|Castor2	chr5	134141597	134144343	+	Castor2	2746	52.69
N6006	7012	ENSMUST00000146354.7|ENSMUSG00000015950|Ncf1	chr5	134220052	134220688	-	Ncf1	636	46.7
N6007	7013	ENSMUST00000202321.3|ENSMUSG00000023079|Gtf2ird1	chr5	134360237	134383684	-	Gtf2ird1	23447	49.14
N6008	7014	ENSMUST00000036999.9|ENSMUSG00000063146|Clip2	chr5	134489382	134490531	-	Clip2	1149	57.35
N6009	7015	ENSMUST00000201258.3|ENSMUSG00000023104|Rfc2	chr5	134593385	134597955	+	Rfc2	4570	52.56
N6010	7016	ENSMUST00000077636.7|ENSMUSG00000040751|Lat2	chr5	134600021	134602438	-	Lat2	2417	48.12
N6011	7017	ENSMUST00000202622.3|ENSMUSG00000040731|Eif4h	chr5	134619720	134620210	-	Eif4h	490	44.08
N6012	7018	ENSMUST00000201856.1|ENSMUSG00000029675|Eln	chr5	134702837	134705287	-	Eln	2450	51.88
N6013	7019	ENSMUST00000047196.13|ENSMUSG00000040557|Mettl27	chr5	134941032	134942637	+	Mettl27	1605	48.22
N6014	702	ENSMUST00000019517.9|ENSMUSG00000019373|Cops3	chr11	59817794	59817906	-	Cops3	112	29.46
N6015	7020	ENSMUST00000150838.1|ENSMUSG00000007207|Stx1a	chr5	135049151	135051100	+	Stx1a	1949	58.95
N6016	7021	ENSMUST00000202478.3|ENSMUSG00000005378|Bud23	chr5	135053284	135056027	-	Bud23	2743	55.38
N6017	7022	ENSMUST00000071263.6|ENSMUSG00000061118|Dnajc30	chr5	135065196	135065862	+	Dnajc30	666	46.1
N6018	7023	ENSMUST00000067935.10|ENSMUSG00000043614|Vps37d	chr5	135072899	135073144	-	Vps37d	245	55.1
N6019	7026	ENSMUST00000062572.2|ENSMUSG00000049551|Fzd9	chr5	135248937	135249102	-	Fzd9	165	48.48
N6020	7027	ENSMUST00000202422.1|ENSMUSG00000000916|Nsun5	chr5	135371697	135374065	+	Nsun5	2368	45.31
N6021	7028	ENSMUST00000111171.5|ENSMUSG00000053293|Pom121	chr5	135376140	135377330	-	Pom121	1190	46.89
N6022	7029	ENSMUST00000060311.11|ENSMUSG00000039959|Hip1	chr5	135406530	135409207	-	Hip1	2677	46.36
N6023	703	ENSMUST00000102695.3|ENSMUSG00000032615|Nt5m	chr11	59876258	59876533	+	Nt5m	275	51.64
N6024	7031	ENSMUST00000043378.8|ENSMUSG00000039886|Tmem120a	chr5	135735484	135735543	-	Tmem120a	59	50.85
N6025	7032	ENSMUST00000138101.1|ENSMUSG00000019179|Mdh2	chr5	135786358	135790398	+	Mdh2	4040	51.86
N6026	7033	ENSMUST00000111155.1|ENSMUSG00000004951|Hspb1	chr5	135889421	135889561	+	Hspb1	140	51.43
N6027	7034	ENSMUST00000198270.1|ENSMUSG00000051391|Ywhag	chr5	135908408	135910846	-	Ywhag	2438	49.1
N6028	7035	ENSMUST00000041048.5|ENSMUSG00000039747|Orai2	chr5	136147458	136148523	-	Orai2	1065	50.14
N6029	7036	ENSMUST00000123921.7|ENSMUSG00000039737|Prkrip1	chr5	136181421	136191803	-	Prkrip1	10382	46.24
N6030	7037	ENSMUST00000196397.4|ENSMUSG00000005057|Sh2b2	chr5	136218146	136218528	-	Sh2b2	382	54.19
N6031	7038	ENSMUST00000057497.12|ENSMUSG00000004415|Col26a1	chr5	136741758	136742382	-	Col26a1	624	52.4
N6032	7039	ENSMUST00000200157.4|ENSMUSG00000007987|Ift22	chr5	136913159	136915404	+	Ift22	2245	50.82
N6033	7040	ENSMUST00000019198.6|ENSMUSG00000019054|Fis1	chr5	136966162	136966234	+	Fis1	72	50.0
N6034	7041	ENSMUST00000034953.13|ENSMUSG00000059518|Znhit1	chr5	136982193	136982310	-	Znhit1	117	55.56
N6035	7042	ENSMUST00000004968.10|ENSMUSG00000004846|Plod3	chr5	136996409	136996648	+	Plod3	239	49.79
N6036	7043	ENSMUST00000190827.6|ENSMUSG00000037428|Vgf	chr5	137033175	137033351	+	Vgf	176	48.86
N6037	7045	ENSMUST00000041388.10|ENSMUSG00000037411|Serpine1	chr5	137061503	137062599	-	Serpine1	1096	47.17
N6038	7046	ENSMUST00000052825.6|ENSMUSG00000051502|Ufsp1	chr5	137295591	137295665	+	Ufsp1	74	52.7
N6039	7047	ENSMUST00000198526.4|ENSMUSG00000037364|Srrt	chr5	137295716	137296466	-	Srrt	750	53.2
N6040	7048	ENSMUST00000024119.10|ENSMUSG00000023348|Trip6	chr5	137309653	137309894	-	Trip6	241	43.98
N6041	7049	ENSMUST00000039991.13|ENSMUSG00000037344|Slc12a9	chr5	137314557	137314783	-	Slc12a9	226	54.87
N6042	705	ENSMUST00000062405.7|ENSMUSG00000049892|Rasd1	chr11	59963180	59963498	-	Rasd1	318	38.36
N6043	7050	ENSMUST00000144296.7|ENSMUSG00000029710|Ephb4	chr5	137374300	137378669	+	Ephb4	4369	52.94
N6044	7051	ENSMUST00000111035.1|ENSMUSG00000029715|Pop7	chr5	137501437	137501498	-	Pop7	61	39.34
N6045	7052	ENSMUST00000031727.9|ENSMUSG00000029714|Gigyf1	chr5	137525920	137527935	+	Gigyf1	2015	54.89
N6046	7054	ENSMUST00000031725.9|ENSMUSG00000029712|Actl6b	chr5	137567418	137569557	+	Actl6b	2139	52.55
N6047	7055	ENSMUST00000031729.12|ENSMUSG00000029716|Tfr2	chr5	137587263	137587481	+	Tfr2	218	45.87
N6048	7056	ENSMUST00000111007.7|ENSMUSG00000037221|Mospd3	chr5	137596644	137596873	-	Mospd3	229	53.71
N6049	7057	ENSMUST00000177477.1|ENSMUSG00000093445|Lrch4	chr5	137634249	137637614	+	Lrch4	3365	52.81
N6050	7058	ENSMUST00000177545.1|ENSMUSG00000029720|Gm20605	chr5	137640943	137642899	+	Gm20605	1956	58.79
N6051	7059	ENSMUST00000031736.15|ENSMUSG00000029722|Agfg2	chr5	137650462	137651143	-	Agfg2	681	40.68
N6052	706	ENSMUST00000102692.9|ENSMUSG00000000301|Pemt	chr11	59970613	59970669	-	Pemt	56	51.79
N6053	7060	ENSMUST00000118326.7|ENSMUSG00000045348|Nyap1	chr5	137729898	137731077	-	Nyap1	1179	47.84
N6054	7061	ENSMUST00000100539.9|ENSMUSG00000029723|Tsc22d4	chr5	137759562	137761408	+	Tsc22d4	1846	52.76
N6055	7062	ENSMUST00000031740.15|ENSMUSG00000029726|Mepce	chr5	137781905	137782142	-	Mepce	237	53.16
N6056	7063	ENSMUST00000058897.10|ENSMUSG00000046245|Pilra	chr5	137821951	137823323	-	Pilra	1372	46.36
N6057	7064	ENSMUST00000019660.10|ENSMUSG00000029729|Zkscan1	chr5	138104169	138107822	+	Zkscan1	3653	41.17
N6058	7066	ENSMUST00000049393.14|ENSMUSG00000037007|Zfp113	chr5	138139701	138143464	-	Zfp113	3763	41.06
N6059	7067	ENSMUST00000019638.14|ENSMUSG00000019494|Cops6	chr5	138164024	138164646	+	Cops6	622	44.37
N6060	7068	ENSMUST00000143241.7|ENSMUSG00000019518|Ap4m1	chr5	138175024	138178681	+	Ap4m1	3657	49.3
N6061	7069	ENSMUST00000153117.7|ENSMUSG00000036980|Taf6	chr5	138178627	138181907	-	Taf6	3280	49.94
N6062	707	ENSMUST00000134660.7|ENSMUSG00000020538|Srebf1	chr11	60199088	60199754	-	Srebf1	666	45.65
N6063	7071	ENSMUST00000057773.4|ENSMUSG00000049285|Mblac1	chr5	138195335	138195621	+	Mblac1	286	45.45
N6064	7072	ENSMUST00000062067.7|ENSMUSG00000050552|Lamtor4	chr5	138259285	138259395	+	Lamtor4	110	53.64
N6065	7073	ENSMUST00000161647.7|ENSMUSG00000075593|Gal3st4	chr5	138264920	138265144	-	Gal3st4	224	35.71
N6066	7074	ENSMUST00000085856.11|ENSMUSG00000036898|Zfp157	chr5	138458417	138460694	+	Zfp157	2277	38.78
N6067	7075	ENSMUST00000110905.8|ENSMUSG00000058291|Zfp68	chr5	138603651	138604875	-	Zfp68	1224	33.99
N6068	7076	ENSMUST00000069862.10|ENSMUSG00000056014|A430033K04Rik	chr5	138648089	138648836	+	A430033K04Rik	747	48.59
N6069	7077	ENSMUST00000026973.13|ENSMUSG00000025855|Prkar1b	chr5	139017305	139017666	-	Prkar1b	361	54.02
N6070	7078	ENSMUST00000026975.10|ENSMUSG00000025857|Dnaaf5	chr5	139186239	139186510	+	Dnaaf5	271	46.13
N6071	7079	ENSMUST00000127310.1|ENSMUSG00000036817|Sun1	chr5	139246974	139248506	+	Sun1	1532	47.85
N6072	708	ENSMUST00000095254.11|ENSMUSG00000000538|Tom1l2	chr11	60226713	60229944	-	Tom1l2	3231	54.44
N6073	7080	ENSMUST00000026976.11|ENSMUSG00000025858|Get4	chr5	139269254	139270051	+	Get4	797	50.56
N6074	7081	ENSMUST00000110865.1|ENSMUSG00000056413|Adap1	chr5	139271875	139272180	-	Adap1	305	57.7
N6075	7083	ENSMUST00000051293.7|ENSMUSG00000044197|Gpr146	chr5	139393707	139396415	+	Gpr146	2708	50.04
N6076	7084	ENSMUST00000066211.4|ENSMUSG00000053647|Gper1	chr5	139427491	139427800	+	Gper1	309	52.1
N6077	7085	ENSMUST00000079996.12|ENSMUSG00000053581|Zfand2a	chr5	139471210	139472153	-	Zfand2a	943	47.3
N6078	7086	ENSMUST00000072607.8|ENSMUSG00000029547|Ints1	chr5	139751281	139751369	-	Ints1	88	55.68
N6079	7087	ENSMUST00000018287.9|ENSMUSG00000018143|Mafk	chr5	139801489	139802653	+	Mafk	1164	48.71
N6080	7088	ENSMUST00000031531.13|ENSMUSG00000029551|Psmg3	chr5	139823591	139823772	-	Psmg3	181	49.72
N6081	7089	ENSMUST00000110829.6|ENSMUSG00000029554|Mad1l1	chr5	140008688	140088629	-	Mad1l1	79941	51.52
N6082	709	ENSMUST00000145532.8|ENSMUSG00000042709|Atpaf2	chr11	60401477	60405713	-	Atpaf2	4236	45.99
N6083	7090	ENSMUST00000071881.9|ENSMUSG00000036639|Nudt1	chr5	140337913	140338137	+	Nudt1	224	50.45
N6084	7092	ENSMUST00000197880.4|ENSMUSG00000029560|Snx8	chr5	140340298	140355959	-	Snx8	15661	51.98
N6085	7093	ENSMUST00000100507.7|ENSMUSG00000056076|Eif3b	chr5	140442571	140443360	+	Eif3b	789	59.44
N6086	7094	ENSMUST00000043050.8|ENSMUSG00000036599|Chst12	chr5	140525056	140525724	+	Chst12	668	49.25
N6087	7095	ENSMUST00000031555.2|ENSMUSG00000029570|Lfng	chr5	140615075	140615545	+	Lfng	470	48.3
N6088	7096	ENSMUST00000197452.4|ENSMUSG00000036565|Ttyh3	chr5	140620577	140623367	-	Ttyh3	2790	59.18
N6089	7097	ENSMUST00000041783.13|ENSMUSG00000036555|Iqce	chr5	140661826	140663751	-	Iqce	1925	54.23
N6090	7098	ENSMUST00000153440.7|ENSMUSG00000000148|Brat1	chr5	140714946	140719173	+	Brat1	4227	55.33
N6091	7099	ENSMUST00000176035.1|ENSMUSG00000050022|Amz1	chr5	140752643	140761439	+	Amz1	8796	50.7
N6092	71	ENSMUST00000069125.7|ENSMUSG00000049872|Calhm5	chr10	34087814	34091683	-	Calhm5	3869	40.68
N6093	710	ENSMUST00000139477.7|ENSMUSG00000018415|Gid4	chr11	60445113	60450927	+	Gid4	5814	44.69
N6094	7100	ENSMUST00000000153.8|ENSMUSG00000000149|Gna12	chr5	140758407	140760400	-	Gna12	1993	54.74
N6095	7102	ENSMUST00000037048.8|ENSMUSG00000039533|Mmd2	chr5	142562357	142563643	-	Mmd2	1286	51.4
N6096	7103	ENSMUST00000036872.15|ENSMUSG00000029578|Wipi2	chr5	142669438	142670588	+	Wipi2	1150	50.7
N6097	7104	ENSMUST00000058418.7|ENSMUSG00000050822|Slc29a4	chr5	142721960	142722490	+	Slc29a4	530	56.42
N6098	7105	ENSMUST00000110766.7|ENSMUSG00000066640|Fbxl18	chr5	142866945	142871960	-	Fbxl18	5015	53.42
N6099	7106	ENSMUST00000100497.10|ENSMUSG00000029580|Actb	chr5	142903114	142903649	-	Actb	535	45.42
N6100	7107	ENSMUST00000031565.14|ENSMUSG00000029581|Fscn1	chr5	142972360	142973185	+	Fscn1	825	57.09
N6101	7108	ENSMUST00000197296.4|ENSMUSG00000045078|Rnf216	chr5	142992616	143087464	-	Rnf216	94848	44.62
N6102	7109	ENSMUST00000049861.10|ENSMUSG00000061898|Rbak	chr5	143172185	143172609	-	Rbak	424	40.33
N6103	711	ENSMUST00000018568.3|ENSMUSG00000020537|Drg2	chr11	60468464	60468754	+	Drg2	290	56.21
N6104	7110	ENSMUST00000075916.7|ENSMUSG00000029587|Zfp12	chr5	143240474	143247956	+	Zfp12	7482	49.43
N6105	7111	ENSMUST00000161448.7|ENSMUSG00000046658|Zfp316	chr5	143249696	143251897	-	Zfp316	2201	47.71
N6106	7112	ENSMUST00000046418.2|ENSMUSG00000039244|E130309D02Rik	chr5	143301206	143301566	-	E130309D02Rik	360	51.39
N6107	7113	ENSMUST00000159813.7|ENSMUSG00000001844|Zdhhc4	chr5	143316489	143320230	-	Zdhhc4	3741	48.12
N6108	7114	ENSMUST00000110731.3|ENSMUSG00000079111|Kdelr2	chr5	143421029	143421901	+	Kdelr2	872	39.22
N6109	7115	ENSMUST00000045593.11|ENSMUSG00000039206|Daglb	chr5	143504026	143505942	+	Daglb	1916	47.03
N6110	7116	ENSMUST00000080537.13|ENSMUSG00000001847|Rac1	chr5	143503633	143505681	-	Rac1	2048	48.05
N6111	7117	ENSMUST00000101434.4|ENSMUSG00000118332|Fam220a	chr5	143551769	143564525	+	Fam220a	12756	49.1
N6112	7118	ENSMUST00000200267.1|ENSMUSG00000083012|Fam220a	chr5	143564268	143564531	+	Fam220a	263	39.16
N6113	7119	ENSMUST00000116456.9|ENSMUSG00000018001|Cyth3	chr5	143708114	143710250	+	Cyth3	2136	46.11
N6114	712	ENSMUST00000044250.3|ENSMUSG00000042650|Alkbh5	chr11	60555677	60558512	+	Alkbh5	2835	43.7
N6115	7120	ENSMUST00000100487.5|ENSMUSG00000029613|Eif2ak1	chr5	143903190	143904251	+	Eif2ak1	1061	45.99
N6116	7121	ENSMUST00000148011.7|ENSMUSG00000079109|Pms2	chr5	143931321	143933968	+	Pms2	2647	48.85
N6117	7122	ENSMUST00000031621.10|ENSMUSG00000029617|Ccz1	chr5	143987908	143988045	-	Ccz1	137	31.39
N6118	7124	ENSMUST00000085701.6|ENSMUSG00000066621|Tecpr1	chr5	144194441	144195571	-	Tecpr1	1130	51.59
N6119	7125	ENSMUST00000055190.7|ENSMUSG00000038859|Baiap2l1	chr5	144264525	144265760	-	Baiap2l1	1235	45.83
N6120	7126	ENSMUST00000071782.7|ENSMUSG00000059991|Nptx2	chr5	144556784	144557478	+	Nptx2	694	50.29
N6121	7127	ENSMUST00000061446.7|ENSMUSG00000043388|Tmem130	chr5	144735914	144737165	-	Tmem130	1251	51.24
N6122	7128	ENSMUST00000100467.9|ENSMUSG00000045482|Trrap	chr5	144859360	144859778	+	Trrap	418	44.26
N6123	713	ENSMUST00000108719.3|ENSMUSG00000020536|Llgl1	chr11	60713813	60714186	+	Llgl1	373	50.67
N6124	7130	ENSMUST00000085679.12|ENSMUSG00000029622|Arpc1b	chr5	145128007	145129699	+	Arpc1b	1692	46.51
N6125	7131	ENSMUST00000031627.8|ENSMUSG00000029623|Pdap1	chr5	145128768	145129799	-	Pdap1	1031	50.24
N6126	7132	ENSMUST00000031628.9|ENSMUSG00000029624|Ptcd1	chr5	145147513	145147834	-	Ptcd1	321	50.16
N6127	7133	ENSMUST00000162360.7|ENSMUSG00000038690|Atp5j2	chr5	145183705	145184493	-	Atp5j2	788	50.63
N6128	7134	ENSMUST00000161859.7|ENSMUSG00000029634|Rnf6	chr5	146209191	146209534	-	Rnf6	343	30.32
N6129	7135	ENSMUST00000162494.7|ENSMUSG00000029635|Cdk8	chr5	146286294	146302874	+	Cdk8	16580	43.59
N6130	7136	ENSMUST00000016143.8|ENSMUSG00000029636|Wasf3	chr5	146470525	146473615	+	Wasf3	3090	44.82
N6131	7137	ENSMUST00000085614.5|ENSMUSG00000029640|Usp12	chr5	146734808	146736902	-	Usp12	2094	47.56
N6132	7138	ENSMUST00000035983.11|ENSMUSG00000041453|Rpl21	chr5	146836101	146837032	+	Rpl21	931	45.65
N6133	714	ENSMUST00000018743.4|ENSMUSG00000018599|Mief2	chr11	60732327	60732951	+	Mief2	624	50.8
N6134	7140	ENSMUST00000132102.1|ENSMUSG00000016503|Gtf3a	chr5	146955499	146955606	+	Gtf3a	107	66.36
N6135	7141	ENSMUST00000066675.9|ENSMUSG00000016510|Mtif3	chr5	146951572	146955123	-	Mtif3	3551	52.15
N6136	7142	ENSMUST00000016664.7|ENSMUSG00000016520|Lnx2	chr5	147016654	147017532	-	Lnx2	878	47.38
N6137	7143	ENSMUST00000110529.5|ENSMUSG00000029648|Flt1	chr5	147635158	147637504	-	Flt1	2346	41.65
N6138	7144	ENSMUST00000118527.7|ENSMUSG00000029650|Slc46a3	chr5	147878436	147878726	-	Slc46a3	290	37.93
N6139	7145	ENSMUST00000146425.1|ENSMUSG00000029651|Mtus2	chr5	148289096	148313552	+	Mtus2	24456	49.22
N6140	7148	ENSMUST00000085546.12|ENSMUSG00000066551|Hmgb1	chr5	149046701	149048439	-	Hmgb1	1738	37.17
N6141	7149	ENSMUST00000126168.7|ENSMUSG00000041264|Uspl1	chr5	149194440	149215430	+	Uspl1	20990	43.96
N6142	715	ENSMUST00000056907.6|ENSMUSG00000049323|Smcr8	chr11	60784503	60788287	+	Smcr8	3784	45.9
N6143	7150	ENSMUST00000071130.4|ENSMUSG00000060063|Alox5ap	chr5	149287926	149288153	+	Alox5ap	227	38.77
N6144	7152	ENSMUST00000201452.3|ENSMUSG00000029657|Hsph1	chr5	149614286	149617033	-	Hsph1	2747	48.45
N6145	7153	ENSMUST00000100404.5|ENSMUSG00000051950|B3glct	chr5	149759806	149762599	+	B3glct	2793	42.03
N6146	7154	ENSMUST00000087204.8|ENSMUSG00000056602|Fry	chr5	150496674	150497753	+	Fry	1079	38.74
N6147	7155	ENSMUST00000118316.7|ENSMUSG00000029655|N4bp2l2	chr5	150635971	150641784	-	N4bp2l2	5813	34.78
N6148	7156	ENSMUST00000016569.10|ENSMUSG00000034021|Pds5b	chr5	150808549	150810690	+	Pds5b	2141	32.98
N6149	7157	ENSMUST00000078856.7|ENSMUSG00000058488|Kl	chr5	150993260	150993817	+	Kl	557	31.06
N6150	7158	ENSMUST00000110483.8|ENSMUSG00000016128|Stard13	chr5	151037509	151039370	-	Stard13	1861	41.91
N6151	7159	ENSMUST00000120087.5|ENSMUSG00000047735|Samd9l	chr6	3372256	3372371	-	Samd9l	115	34.78
N6152	716	ENSMUST00000108718.1|ENSMUSG00000042569|Dhrs7b	chr11	60858071	60860195	+	Dhrs7b	2124	46.75
N6153	7160	ENSMUST00000031674.10|ENSMUSG00000029664|Tfpi2	chr6	3962594	3962938	-	Tfpi2	344	26.74
N6154	7161	ENSMUST00000031670.9|ENSMUSG00000032766|Gng11	chr6	4008308	4008445	+	Gng11	137	46.72
N6155	7162	ENSMUST00000049166.4|ENSMUSG00000032757|Bet1	chr6	4076898	4077255	-	Bet1	357	29.41
N6156	7163	ENSMUST00000031668.9|ENSMUSG00000029661|Col1a2	chr6	4540872	4541544	+	Col1a2	672	37.5
N6157	7165	ENSMUST00000057792.8|ENSMUSG00000032667|Pon2	chr6	5264146	5264793	-	Pon2	647	40.19
N6158	7166	ENSMUST00000019721.6|ENSMUSG00000019577|Pdk4	chr6	5483350	5485046	-	Pdk4	1696	38.92
N6159	7167	ENSMUST00000115556.7|ENSMUSG00000029757|Dync1i1	chr6	6027784	6028039	+	Dync1i1	255	38.04
N6160	7168	ENSMUST00000041111.9|ENSMUSG00000042541|Sem1	chr6	6557293	6558300	-	Sem1	1007	32.17
N6161	7169	ENSMUST00000040826.5|ENSMUSG00000042505|Sdhaf3	chr6	7039401	7042979	+	Sdhaf3	3578	39.41
N6162	717	ENSMUST00000168218.7|ENSMUSG00000043284|Tmem11	chr11	60864451	60864683	-	Tmem11	232	43.97
N6163	7170	ENSMUST00000185187.7|ENSMUSG00000061762|Tac1	chr6	7562740	7562977	+	Tac1	237	44.73
N6164	7171	ENSMUST00000040159.5|ENSMUSG00000042460|C1galt1	chr6	7871912	7875687	+	C1galt1	3775	35.15
N6165	7172	ENSMUST00000040017.7|ENSMUSG00000042447|Mios	chr6	8235902	8236274	+	Mios	372	43.82
N6166	7173	ENSMUST00000012627.4|ENSMUSG00000012483|Rpa3	chr6	8255935	8256016	-	Rpa3	81	27.16
N6167	7174	ENSMUST00000159335.7|ENSMUSG00000089862|Umad1	chr6	8458526	8459470	+	Umad1	944	37.08
N6168	7175	ENSMUST00000162564.6|ENSMUSG00000107705|Gm45062	chr6	8538001	8597480	+	Gm45062	59479	36.82
N6169	7176	ENSMUST00000064285.14|ENSMUSG00000029638|Glcci1	chr6	8593589	8597548	+	Glcci1	3959	40.14
N6170	7177	ENSMUST00000156695.7|ENSMUSG00000062995|Ica1	chr6	8630526	8653374	-	Ica1	22848	44.83
N6171	7178	ENSMUST00000160300.1|ENSMUSG00000046178|Nxph1	chr6	9248396	9249032	+	Nxph1	636	34.12
N6172	7179	ENSMUST00000204978.2|ENSMUSG00000029632|Ndufa4	chr6	11900291	11900386	-	Ndufa4	95	31.58
N6173	718	ENSMUST00000019075.3|ENSMUSG00000018931|Natd1	chr11	60902245	60903322	-	Natd1	1077	48.1
N6174	7180	ENSMUST00000031556.13|ENSMUSG00000029571|Tmem106b	chr6	13084904	13089269	+	Tmem106b	4365	37.27
N6175	7181	ENSMUST00000031554.8|ENSMUSG00000029569|Tmem168	chr6	13580686	13581504	-	Tmem168	818	30.93
N6176	7182	ENSMUST00000060442.13|ENSMUSG00000048216|Gpr85	chr6	13834457	13835267	-	Gpr85	810	36.67
N6177	7183	ENSMUST00000139231.1|ENSMUSG00000052419|2610001J05Rik	chr6	13867734	13870060	-	2610001J05Rik	2326	39.55
N6178	7184	ENSMUST00000076654.8|ENSMUSG00000029552|Tes	chr6	17105146	17105828	+	Tes	682	42.52
N6179	7185	ENSMUST00000000058.6|ENSMUSG00000000058|Cav2	chr6	17287953	17289115	+	Cav2	1162	28.49
N6180	7186	ENSMUST00000177234.1|ENSMUSG00000007655|Cav1	chr6	17308111	17339351	+	Cav1	31240	41.46
N6181	7187	ENSMUST00000130606.7|ENSMUSG00000015733|Capza2	chr6	17660895	17665588	+	Capza2	4693	37.89
N6182	7188	ENSMUST00000010941.5|ENSMUSG00000010797|Wnt2	chr6	17988939	17989546	-	Wnt2	607	38.39
N6183	7189	ENSMUST00000056398.10|ENSMUSG00000044155|Lsm8	chr6	18853839	18854053	+	Lsm8	214	25.23
N6184	719	ENSMUST00000130269.1|ENSMUSG00000018932|Map2k3	chr11	60946797	60952794	+	Map2k3	5997	48.87
N6185	7190	ENSMUST00000120965.7|ENSMUSG00000029669|Tspan12	chr6	21771394	21772359	-	Tspan12	965	31.19
N6186	7191	ENSMUST00000136200.7|ENSMUSG00000029670|Ing3	chr6	21952310	21974131	+	Ing3	21821	40.42
N6187	7192	ENSMUST00000153922.7|ENSMUSG00000062980|Cped1	chr6	22060080	22125009	+	Cped1	64929	40.42
N6188	7193	ENSMUST00000202579.3|ENSMUSG00000068748|Ptprz1	chr6	23003306	23004678	+	Ptprz1	1372	30.83
N6189	7194	ENSMUST00000031707.13|ENSMUSG00000029695|Aass	chr6	23072172	23072666	-	Aass	494	29.35
N6190	7195	ENSMUST00000031695.14|ENSMUSG00000029684|Wasl	chr6	24613804	24616136	-	Wasl	2332	37.09
N6191	7196	ENSMUST00000127247.3|ENSMUSG00000048022|Tmem229a	chr6	24951140	24953909	-	Tmem229a	2769	35.61
N6192	7198	ENSMUST00000020717.11|ENSMUSG00000020440|Arf5	chr6	28426386	28426602	+	Arf5	216	45.83
N6193	7199	ENSMUST00000164915.7|ENSMUSG00000001424|Snd1	chr6	28529088	28877723	+	Snd1	348635	43.01
N6194	72	ENSMUST00000048010.8|ENSMUSG00000039497|Dse	chr10	34151392	34151934	-	Dse	542	29.7
N6195	720	ENSMUST00000089184.10|ENSMUSG00000042529|Kcnj12	chr11	61070687	61071131	+	Kcnj12	444	48.87
N6196	7200	ENSMUST00000007993.15|ENSMUSG00000029701|Rbm28	chr6	29123575	29125241	-	Rbm28	1666	44.96
N6197	7201	ENSMUST00000162739.7|ENSMUSG00000003500|Impdh1	chr6	29200433	29200681	-	Impdh1	248	50.0
N6198	7202	ENSMUST00000054445.8|ENSMUSG00000043421|Hilpda	chr6	29275218	29275446	+	Hilpda	228	42.54
N6199	7203	ENSMUST00000174096.6|ENSMUSG00000029767|Calu	chr6	29361753	29375025	+	Calu	13272	40.8
N6200	7204	ENSMUST00000101617.8|ENSMUSG00000068699|Flnc	chr6	29461710	29461883	+	Flnc	173	50.29
N6201	7206	ENSMUST00000004392.11|ENSMUSG00000029771|Irf5	chr6	29537078	29537319	+	Irf5	241	50.21
N6202	7207	ENSMUST00000170350.7|ENSMUSG00000012535|Tnpo3	chr6	29541570	29599539	-	Tnpo3	57969	39.61
N6203	7208	ENSMUST00000046750.13|ENSMUSG00000001763|Tspan33	chr6	29718128	29718559	+	Tspan33	431	53.83
N6204	7209	ENSMUST00000001812.4|ENSMUSG00000001761|Smo	chr6	29760794	29761365	+	Smo	571	47.64
N6205	721	ENSMUST00000010286.7|ENSMUSG00000010142|Tnfrsf13b	chr11	61147881	61149372	+	Tnfrsf13b	1491	44.06
N6206	7210	ENSMUST00000115212.7|ENSMUSG00000058440|Nrf1	chr6	30152946	30153458	+	Nrf1	512	39.65
N6207	7213	ENSMUST00000151187.7|ENSMUSG00000029782|Tmem209	chr6	30479052	30481491	-	Tmem209	2439	45.43
N6208	7214	ENSMUST00000124665.2|ENSMUSG00000051855|Mest	chr6	30747317	30748465	+	Mest	1148	38.94
N6209	7215	ENSMUST00000048774.12|ENSMUSG00000025607|Copg2	chr6	30747553	30748616	-	Copg2	1063	39.79
N6210	7216	ENSMUST00000026699.14|ENSMUSG00000025609|Mkln1	chr6	31507894	31516811	+	Mkln1	8917	40.37
N6211	7217	ENSMUST00000026698.7|ENSMUSG00000025608|Podxl	chr6	31519487	31522873	-	Podxl	3386	48.41
N6212	7218	ENSMUST00000124436.7|ENSMUSG00000053768|Chchd3	chr6	32792223	32968114	-	Chchd3	175891	40.81
N6213	7219	ENSMUST00000052266.14|ENSMUSG00000029763|Exoc4	chr6	33972712	33973979	+	Exoc4	1267	45.07
N6214	722	ENSMUST00000060255.13|ENSMUSG00000010086|Rnf112	chr11	61448441	61449006	-	Rnf112	565	49.73
N6215	7220	ENSMUST00000102980.10|ENSMUSG00000001642|Akr1b3	chr6	34303933	34304148	-	Akr1b3	215	44.19
N6216	7221	ENSMUST00000038406.6|ENSMUSG00000029762|Akr1b8	chr6	34368316	34368463	+	Akr1b8	147	42.86
N6217	7222	ENSMUST00000139156.7|ENSMUSG00000061758|Akr1b10	chr6	34392495	34396947	+	Akr1b10	4452	43.1
N6218	7223	ENSMUST00000045372.5|ENSMUSG00000038871|Bpgm	chr6	34504906	34505613	+	Bpgm	707	49.22
N6219	7224	ENSMUST00000074949.3|ENSMUSG00000057137|Tmem140	chr6	34873628	34874946	+	Tmem140	1318	54.02
N6220	7225	ENSMUST00000055097.10|ENSMUSG00000046806|Cyren	chr6	34871770	34872534	-	Cyren	764	47.91
N6221	7226	ENSMUST00000146968.7|ENSMUSG00000058486|Wdr91	chr6	34880425	34884183	-	Wdr91	3758	49.31
N6222	7227	ENSMUST00000044163.9|ENSMUSG00000038784|Cnot4	chr6	35044954	35046109	-	Cnot4	1155	29.44
N6223	7228	ENSMUST00000152147.7|ENSMUSG00000073155|1810058I24Rik	chr6	35261528	35263496	+	1810058I24Rik	1968	44.36
N6224	7229	ENSMUST00000031868.4|ENSMUSG00000029843|Slc13a4	chr6	35267956	35268366	-	Slc13a4	410	40.98
N6225	723	ENSMUST00000064783.9|ENSMUSG00000042436|Mfap4	chr11	61488427	61488900	+	Mfap4	473	45.88
N6226	7230	ENSMUST00000051176.8|ENSMUSG00000047420|Fam180a	chr6	35312667	35313033	-	Fam180a	366	35.25
N6227	7231	ENSMUST00000031866.8|ENSMUSG00000029840|Mtpn	chr6	35508905	35510183	-	Mtpn	1278	35.52
N6228	7232	ENSMUST00000201321.1|ENSMUSG00000029838|Ptn	chr6	36739458	36741019	-	Ptn	1561	39.59
N6229	7233	ENSMUST00000041093.5|ENSMUSG00000038648|Creb3l2	chr6	37327254	37331314	-	Creb3l2	4060	45.39
N6230	7234	ENSMUST00000031859.13|ENSMUSG00000029833|Trim24	chr6	37966009	37966296	+	Trim24	287	39.02
N6231	7235	ENSMUST00000117556.7|ENSMUSG00000063455|D630045J12Rik	chr6	38123173	38127651	-	D630045J12Rik	4478	46.05
N6232	7236	ENSMUST00000114900.7|ENSMUSG00000029826|Zc3hav1	chr6	38305285	38306951	-	Zc3hav1	1666	39.92
N6233	7237	ENSMUST00000160583.7|ENSMUSG00000038538|Ubn2	chr6	38504666	38512763	+	Ubn2	8097	38.57
N6234	7238	ENSMUST00000162386.7|ENSMUSG00000029823|Luc7l2	chr6	38585213	38609468	+	Luc7l2	24255	37.19
N6235	724	ENSMUST00000101085.8|ENSMUSG00000001034|Mapk7	chr11	61488811	61488968	-	Mapk7	157	39.49
N6236	7240	ENSMUST00000161779.7|ENSMUSG00000061436|Hipk2	chr6	38694389	38697986	-	Hipk2	3597	48.99
N6237	7241	ENSMUST00000038398.6|ENSMUSG00000038507|Parp12	chr6	39086409	39086764	-	Parp12	355	45.92
N6238	7242	ENSMUST00000002305.8|ENSMUSG00000042599|Kdm7a	chr6	39136622	39140051	-	Kdm7a	3429	37.85
N6239	7243	ENSMUST00000031986.4|ENSMUSG00000029923|Rab19	chr6	39390025	39390380	+	Rab19	355	45.92
N6240	7244	ENSMUST00000114823.7|ENSMUSG00000029922|Mkrn1	chr6	39397803	39399076	-	Mkrn1	1273	46.19
N6241	7245	ENSMUST00000036877.9|ENSMUSG00000038456|Dennd2a	chr6	39462377	39462916	-	Dennd2a	539	46.2
N6242	7246	ENSMUST00000140364.7|ENSMUSG00000046947|Adck2	chr6	39587657	39588769	+	Adck2	1112	42.99
N6243	7247	ENSMUST00000126621.2|ENSMUSG00000107071|Gm42420	chr6	39593097	39596595	+	Gm42420	3498	44.57
N6244	7248	ENSMUST00000135671.7|ENSMUSG00000002416|Ndufb2	chr6	39598488	39603382	+	Ndufb2	4894	43.15
N6245	7249	ENSMUST00000031978.8|ENSMUSG00000029918|Mrps33	chr6	39801803	39802290	-	Mrps33	487	35.52
N6246	725	ENSMUST00000108711.7|ENSMUSG00000001036|Epn2	chr11	61517248	61518855	-	Epn2	1607	45.43
N6247	7250	ENSMUST00000101492.9|ENSMUSG00000037172|Dennd11	chr6	40401374	40406590	-	Dennd11	5216	44.48
N6248	7251	ENSMUST00000114779.8|ENSMUSG00000029911|Ssbp1	chr6	40481044	40484700	+	Ssbp1	3656	40.62
N6249	7252	ENSMUST00000101491.10|ENSMUSG00000029915|Clec5a	chr6	40574893	40577060	-	Clec5a	2167	36.23
N6250	7253	ENSMUST00000167082.1|ENSMUSG00000029869|Ephb6	chr6	41616277	41616757	+	Ephb6	480	55.83
N6251	7254	ENSMUST00000031895.12|ENSMUSG00000029863|Casp2	chr6	42280625	42282508	+	Casp2	1883	42.33
N6252	7255	ENSMUST00000031891.14|ENSMUSG00000029861|Fam131b	chr6	42315311	42317873	-	Fam131b	2562	49.96
N6253	7256	ENSMUST00000164375.3|ENSMUSG00000029860|Zyx	chr6	42358241	42360213	+	Zyx	1972	50.2
N6254	7257	ENSMUST00000045054.10|ENSMUSG00000036667|Tcaf1	chr6	42668001	42673226	-	Tcaf1	5225	36.84
N6255	7258	ENSMUST00000031750.13|ENSMUSG00000033542|Arhgef5	chr6	43289037	43289320	+	Arhgef5	283	49.12
N6256	7259	ENSMUST00000067888.13|ENSMUSG00000029735|Tpk1	chr6	43345000	43346219	-	Tpk1	1219	38.31
N6257	726	ENSMUST00000004959.2|ENSMUSG00000004837|Grap	chr11	61672400	61672784	+	Grap	384	53.39
N6258	7260	ENSMUST00000114641.7|ENSMUSG00000039419|Cntnap2	chr6	47299478	47304213	+	Cntnap2	4735	39.64
N6259	7262	ENSMUST00000077290.8|ENSMUSG00000025823|Pdia4	chr6	47796140	47796339	-	Pdia4	199	22.11
N6260	7263	ENSMUST00000114598.2|ENSMUSG00000062519|Zfp398	chr6	47869224	47873537	+	Zfp398	4313	42.29
N6261	7264	ENSMUST00000061890.7|ENSMUSG00000025821|Zfp282	chr6	47906797	47908485	+	Zfp282	1688	46.56
N6262	7265	ENSMUST00000009411.8|ENSMUSG00000052763|Zfp212	chr6	47932313	47932639	+	Zfp212	326	52.76
N6263	7266	ENSMUST00000114583.7|ENSMUSG00000071477|Zfp777	chr6	48024187	48024476	-	Zfp777	289	49.83
N6264	7267	ENSMUST00000073124.8|ENSMUSG00000057691|Zfp746	chr6	48062394	48063352	-	Zfp746	958	44.68
N6265	7268	ENSMUST00000114571.7|ENSMUSG00000042810|Krba1	chr6	48416706	48419545	+	Krba1	2839	47.62
N6266	7269	ENSMUST00000141449.1|ENSMUSG00000068551|Zfp467	chr6	48439397	48441946	-	Zfp467	2549	52.41
N6267	727	ENSMUST00000168115.7|ENSMUSG00000020528|Prpsap2	chr11	61729649	61729920	-	Prpsap2	271	31.37
N6268	7270	ENSMUST00000040361.7|ENSMUSG00000039347|Atp6v0e2	chr6	48540281	48541801	+	Atp6v0e2	1520	52.24
N6269	7271	ENSMUST00000114545.7|ENSMUSG00000073096|Lrrc61	chr6	48569172	48570722	+	Lrrc61	1550	51.23
N6270	7272	ENSMUST00000009425.6|ENSMUSG00000009281|Rarres2	chr6	48569695	48569758	-	Rarres2	63	42.86
N6271	7273	ENSMUST00000118229.1|ENSMUSG00000052751|Repin1	chr6	48598627	48599082	+	Repin1	455	44.84
N6272	7274	ENSMUST00000204095.2|ENSMUSG00000007216|Zfp775	chr6	48621352	48623227	+	Zfp775	1875	53.17
N6273	7275	ENSMUST00000154570.1|ENSMUSG00000053297|AI854703	chr6	48630004	48633689	+	AI854703	3685	51.67
N6274	7276	ENSMUST00000054050.4|ENSMUSG00000051124|Gimap9	chr6	48678504	48678699	+	Gimap9	195	47.18
N6275	7277	ENSMUST00000156770.7|ENSMUSG00000054435|Gimap4	chr6	48690948	48692057	+	Gimap4	1109	41.84
N6276	7278	ENSMUST00000204168.1|ENSMUSG00000090019|Gimap1	chr6	48743561	48743794	+	Gimap1	233	51.07
N6277	7279	ENSMUST00000055558.5|ENSMUSG00000043505|Gimap5	chr6	48753572	48754210	+	Gimap5	638	42.63
N6278	728	ENSMUST00000004920.3|ENSMUSG00000004798|Ulk2	chr11	61775648	61776616	-	Ulk2	968	35.23
N6279	7280	ENSMUST00000166247.7|ENSMUSG00000029810|Tmem176b	chr6	48833817	48833904	-	Tmem176b	87	44.83
N6280	7281	ENSMUST00000204482.2|ENSMUSG00000023367|Tmem176a	chr6	48845293	48847071	+	Tmem176a	1778	44.26
N6281	7282	ENSMUST00000031840.9|ENSMUSG00000029816|Gpnmb	chr6	49056585	49058182	+	Gpnmb	1597	45.84
N6282	7283	ENSMUST00000114500.2|ENSMUSG00000029815|Malsu1	chr6	49082997	49086751	+	Malsu1	3754	41.85
N6283	7284	ENSMUST00000114491.1|ENSMUSG00000050786|Ccdc126	chr6	49340435	49341578	+	Ccdc126	1143	32.81
N6284	7285	ENSMUST00000060561.14|ENSMUSG00000047115|Fam221a	chr6	49389063	49390539	+	Fam221a	1476	47.7
N6285	7286	ENSMUST00000114468.8|ENSMUSG00000029822|Osbpl3	chr6	50293329	50296916	-	Osbpl3	3587	41.59
N6286	7287	ENSMUST00000161401.1|ENSMUSG00000063694|Cycs	chr6	50562562	50564719	-	Cycs	2157	40.19
N6287	7288	ENSMUST00000069949.12|ENSMUSG00000004980|Hnrnpa2b1	chr6	51460931	51462875	-	Hnrnpa2b1	1944	33.69
N6288	7289	ENSMUST00000114445.7|ENSMUSG00000029836|Cbx3	chr6	51481920	51483704	+	Cbx3	1784	37.28
N6289	729	ENSMUST00000102650.9|ENSMUSG00000047804|Akap10	chr11	61871306	61872000	-	Akap10	694	34.87
N6290	7290	ENSMUST00000149024.1|ENSMUSG00000038301|Snx10	chr6	51580473	51589043	+	Snx10	8570	45.04
N6291	7291	ENSMUST00000204778.2|ENSMUSG00000059182|Skap2	chr6	51857421	51859197	-	Skap2	1776	40.2
N6292	7292	ENSMUST00000031788.8|ENSMUSG00000029776|Hibadh	chr6	52546227	52546520	-	Hibadh	293	34.47
N6293	7293	ENSMUST00000080723.10|ENSMUSG00000004535|Tax1bp1	chr6	52766300	52766780	+	Tax1bp1	480	31.88
N6294	7294	ENSMUST00000074541.5|ENSMUSG00000063568|Jazf1	chr6	52768796	52770029	-	Jazf1	1233	37.79
N6295	7296	ENSMUST00000133315.3|ENSMUSG00000004633|Chn2	chr6	54218704	54220570	+	Chn2	1866	49.46
N6296	7297	ENSMUST00000205108.1|ENSMUSG00000019124|Scrn1	chr6	54501172	54506061	-	Scrn1	4889	46.49
N6297	7298	ENSMUST00000190641.6|ENSMUSG00000038065|Mturn	chr6	54699259	54703851	+	Mturn	4592	47.3
N6298	7299	ENSMUST00000168172.3|ENSMUSG00000038058|Nod1	chr6	54923948	54924310	-	Nod1	362	46.96
N6299	73	ENSMUST00000061372.6|ENSMUSG00000047514|Tspyl1	chr10	34284678	34285275	+	Tspyl1	597	33.17
N6300	730	ENSMUST00000049836.13|ENSMUSG00000042331|Specc1	chr11	62139558	62141726	+	Specc1	2168	38.24
N6301	7300	ENSMUST00000131475.1|ENSMUSG00000002797|Ggct	chr6	54982579	54985709	-	Ggct	3130	46.87
N6302	7301	ENSMUST00000003569.5|ENSMUSG00000003477|Inmt	chr6	55170625	55170699	-	Inmt	74	37.84
N6303	7302	ENSMUST00000053094.7|ENSMUSG00000038022|Mindy4	chr6	55318526	55320222	+	Mindy4	1696	53.07
N6304	7303	ENSMUST00000004774.3|ENSMUSG00000004655|Aqp1	chr6	55346945	55348555	+	Aqp1	1610	52.67
N6305	7305	ENSMUST00000044767.9|ENSMUSG00000037984|Neurod6	chr6	55677821	55678453	-	Neurod6	632	31.17
N6306	7307	ENSMUST00000114323.7|ENSMUSG00000059486|Kbtbd2	chr6	56777523	56777991	-	Kbtbd2	468	39.53
N6307	7308	ENSMUST00000031795.7|ENSMUSG00000029781|Fkbp9	chr6	56878991	56879358	+	Fkbp9	367	41.96
N6308	7309	ENSMUST00000042766.5|ENSMUSG00000037826|Ppm1k	chr6	57506501	57509630	-	Ppm1k	3129	37.07
N6309	731	ENSMUST00000018644.2|ENSMUSG00000018500|Adora2b	chr11	62266052	62266453	+	Adora2b	401	33.67
N6310	7310	ENSMUST00000031817.9|ENSMUSG00000029798|Herc6	chr6	57663178	57664632	+	Herc6	1454	32.81
N6311	7311	ENSMUST00000053386.5|ENSMUSG00000043162|Pyurf	chr6	57686575	57689435	-	Pyurf	2860	39.62
N6312	7312	ENSMUST00000072954.7|ENSMUSG00000062190|Lancl2	chr6	57737994	57739439	+	Lancl2	1445	37.16
N6313	7313	ENSMUST00000031822.12|ENSMUSG00000029802|Abcg2	chr6	58692538	58695676	+	Abcg2	3138	36.65
N6314	7314	ENSMUST00000041401.10|ENSMUSG00000029804|Herc3	chr6	58919069	58920398	+	Herc3	1329	38.9
N6315	7316	ENSMUST00000089860.11|ENSMUSG00000037709|Fam13a	chr6	58932089	58933702	-	Fam13a	1613	40.24
N6316	7317	ENSMUST00000062626.3|ENSMUSG00000049232|Tigd2	chr6	59211879	59212033	+	Tigd2	154	34.42
N6317	7318	ENSMUST00000051065.5|ENSMUSG00000045441|Gprin3	chr6	59347225	59352699	-	Gprin3	5474	36.37
N6318	7320	ENSMUST00000204620.2|ENSMUSG00000029920|Smarcad1	chr6	65058217	65115598	+	Smarcad1	57381	37.7
N6319	7321	ENSMUST00000031982.4|ENSMUSG00000029919|Hpgds	chr6	65117292	65119165	-	Hpgds	1873	42.77
N6320	7322	ENSMUST00000054351.5|ENSMUSG00000049001|Ndnf	chr6	65704792	65712326	+	Ndnf	7534	39.09
N6321	7323	ENSMUST00000172638.1|ENSMUSG00000029913|Prdm5	chr6	65928126	65936134	+	Prdm5	8008	39.35
N6322	7324	ENSMUST00000116605.7|ENSMUSG00000029910|Mad2l1	chr6	66540905	66547220	+	Mad2l1	6315	39.33
N6323	7325	ENSMUST00000043148.12|ENSMUSG00000036402|Gng12	chr6	67017855	67021350	+	Gng12	3495	41.09
N6324	7326	ENSMUST00000043098.8|ENSMUSG00000036390|Gadd45a	chr6	67035095	67035363	-	Gadd45a	268	25.37
N6325	7327	ENSMUST00000042990.6|ENSMUSG00000036371|Serbp1	chr6	67284283	67297736	+	Serbp1	13453	38.21
N6326	7328	ENSMUST00000103410.2|ENSMUSG00000076609|Igkc	chr6	70726905	70726966	+	Igkc	61	55.74
N6327	7329	ENSMUST00000034093.14|ENSMUSG00000031668|Eif2ak3	chr6	70904797	70905245	+	Eif2ak3	448	33.71
N6328	733	ENSMUST00000050646.12|ENSMUSG00000042298|Ttc19	chr11	62314965	62316426	+	Ttc19	1461	41.27
N6329	7330	ENSMUST00000160918.7|ENSMUSG00000054474|Thnsl2	chr6	71128165	71128481	-	Thnsl2	316	39.56
N6330	7332	ENSMUST00000002292.14|ENSMUSG00000002222|Rmnd5a	chr6	71388633	71392946	-	Rmnd5a	4313	40.53
N6331	7333	ENSMUST00000065364.4|ENSMUSG00000053119|Chmp3	chr6	71581346	71582609	+	Chmp3	1263	39.59
N6332	7334	ENSMUST00000206916.1|ENSMUSG00000053470|Kdm3a	chr6	71600722	71607401	-	Kdm3a	6679	39.14
N6333	7336	ENSMUST00000207003.1|ENSMUSG00000052337|Immt	chr6	71875060	71877385	+	Immt	2325	44.34
N6334	7337	ENSMUST00000069994.10|ENSMUSG00000056091|St3gal5	chr6	72154239	72154571	+	St3gal5	332	49.4
N6335	7338	ENSMUST00000206425.1|ENSMUSG00000037621|Atoh8	chr6	72206176	72223736	-	Atoh8	17560	52.8
N6336	7339	ENSMUST00000206262.1|ENSMUSG00000056305|Usp39	chr6	72336259	72338369	-	Usp39	2110	47.06
N6337	734	ENSMUST00000069456.10|ENSMUSG00000018501|Ncor1	chr11	62401382	62402456	-	Ncor1	1074	35.01
N6338	7340	ENSMUST00000077783.4|ENSMUSG00000058706|0610030E20Rik	chr6	72349740	72353148	+	0610030E20Rik	3408	43.96
N6339	7341	ENSMUST00000132243.2|ENSMUSG00000055912|Tmem150a	chr6	72359494	72359762	+	Tmem150a	268	55.6
N6340	7342	ENSMUST00000206154.1|ENSMUSG00000073002|Vamp5	chr6	72368793	72369138	-	Vamp5	345	42.9
N6341	7343	ENSMUST00000059983.9|ENSMUSG00000050732|Vamp8	chr6	72385222	72385361	-	Vamp8	139	53.96
N6342	7344	ENSMUST00000207012.1|ENSMUSG00000053460|Ggcx	chr6	72418466	72430242	+	Ggcx	11776	47.96
N6343	7345	ENSMUST00000205335.1|ENSMUSG00000053907|Mat2a	chr6	72432798	72434828	-	Mat2a	2030	40.64
N6344	7346	ENSMUST00000070597.12|ENSMUSG00000056666|Retsat	chr6	72607562	72608425	+	Retsat	863	41.6
N6345	7348	ENSMUST00000069536.11|ENSMUSG00000055799|Tcf7l1	chr6	72626377	72627211	-	Tcf7l1	834	51.08
N6346	7349	ENSMUST00000068697.10|ENSMUSG00000055239|Kcmf1	chr6	72841113	72842672	-	Kcmf1	1559	42.21
N6347	735	ENSMUST00000014389.5|ENSMUSG00000014245|Pigl	chr11	62513678	62514417	+	Pigl	739	41.54
N6348	7350	ENSMUST00000114050.7|ENSMUSG00000079523|Tmsb10	chr6	72957346	72957469	-	Tmsb10	123	41.46
N6349	7351	ENSMUST00000204527.1|ENSMUSG00000063063|Ctnna2	chr6	76915736	76932332	-	Ctnna2	16596	37.99
N6350	7352	ENSMUST00000020400.4|ENSMUSG00000060780|Lrrtm1	chr6	77245333	77257791	+	Lrrtm1	12458	40.54
N6351	7353	ENSMUST00000032089.2|ENSMUSG00000030017|Reg3g	chr6	78466268	78466336	-	Reg3g	68	30.88
N6352	7354	ENSMUST00000152996.7|ENSMUSG00000035125|Gcfc2	chr6	81936085	81959256	+	Gcfc2	23171	42.1
N6353	7355	ENSMUST00000032124.8|ENSMUSG00000030045|Mrpl19	chr6	81957850	81961731	-	Mrpl19	3881	45.71
N6354	7356	ENSMUST00000042974.14|ENSMUSG00000035104|Eva1a	chr6	82092684	82093099	+	Eva1a	415	30.84
N6355	7358	ENSMUST00000000642.10|ENSMUSG00000000628|Hk2	chr6	82725024	82727161	-	Hk2	2137	46.0
N6356	7359	ENSMUST00000149918.1|ENSMUSG00000068335|Dok1	chr6	83030939	83032766	-	Dok1	1827	55.72
N6357	736	ENSMUST00000018651.13|ENSMUSG00000018507|Trpv2	chr11	62600345	62600515	+	Trpv2	170	47.65
N6358	7360	ENSMUST00000000707.8|ENSMUSG00000000693|Loxl3	chr6	83051114	83052562	+	Loxl3	1448	47.79
N6359	7361	ENSMUST00000122955.7|ENSMUSG00000068329|Htra2	chr6	83051279	83052346	-	Htra2	1067	49.2
N6360	7362	ENSMUST00000204343.2|ENSMUSG00000068328|Aup1	chr6	83057093	83057682	+	Aup1	589	55.52
N6361	7363	ENSMUST00000176027.7|ENSMUSG00000069678|Pcgf1	chr6	83080233	83080757	+	Pcgf1	524	49.62
N6362	7364	ENSMUST00000113938.4|ENSMUSG00000030037|Mrpl53	chr6	83109821	83109939	+	Mrpl53	118	42.37
N6363	7365	ENSMUST00000143814.2|ENSMUSG00000030034|Ino80b	chr6	83121764	83123993	-	Ino80b	2229	52.76
N6364	7366	ENSMUST00000213056.1|ENSMUSG00000034930|Rtkn	chr6	83152163	83152275	+	Rtkn	112	57.14
N6365	7367	ENSMUST00000203203.1|ENSMUSG00000030030|1700003E16Rik	chr6	83161437	83162891	+	1700003E16Rik	1454	60.59
N6366	7368	ENSMUST00000113913.7|ENSMUSG00000031865|Dctn1	chr6	83199959	83200117	+	Dctn1	158	59.49
N6367	7369	ENSMUST00000055261.10|ENSMUSG00000043131|Mob1a	chr6	83340414	83343776	+	Mob1a	3362	41.73
N6368	737	ENSMUST00000057194.8|ENSMUSG00000046417|Lrrc75a	chr11	62604883	62605248	-	Lrrc75a	365	46.85
N6369	7370	ENSMUST00000136501.1|ENSMUSG00000045160|Bola3	chr6	83358360	83360136	+	Bola3	1776	51.18
N6370	7371	ENSMUST00000145455.7|ENSMUSG00000014554|Dguok	chr6	83480218	83486983	-	Dguok	6765	48.35
N6371	7372	ENSMUST00000206400.1|ENSMUSG00000006906|Stambp	chr6	83543216	83543618	-	Stambp	402	39.8
N6372	7373	ENSMUST00000014892.7|ENSMUSG00000014748|Tex261	chr6	83768884	83770704	-	Tex261	1820	50.71
N6373	7374	ENSMUST00000058383.8|ENSMUSG00000045896|Paip2b	chr6	83805400	83806295	-	Paip2b	895	46.37
N6374	7375	ENSMUST00000113821.7|ENSMUSG00000033788|Dysf	chr6	84210979	84211060	+	Dysf	81	41.98
N6375	7376	ENSMUST00000162821.7|ENSMUSG00000033769|Exoc6b	chr6	84851948	85003047	-	Exoc6b	151099	38.74
N6376	7377	ENSMUST00000204757.2|ENSMUSG00000033735|Spr	chr6	85130175	85133862	-	Spr	3687	48.28
N6377	7378	ENSMUST00000045942.8|ENSMUSG00000033726|Emx1	chr6	85204258	85204358	+	Emx1	100	63.0
N6378	7379	ENSMUST00000045846.11|ENSMUSG00000033720|Sfxn5	chr6	85213048	85215520	-	Sfxn5	2472	51.21
N6379	738	ENSMUST00000129162.2|ENSMUSG00000048497|Mmgt2	chr11	62665347	62666354	+	Mmgt2	1007	44.79
N6380	7380	ENSMUST00000060837.9|ENSMUSG00000051343|Rab11fip5	chr6	85334961	85336874	-	Rab11fip5	1913	52.17
N6381	7381	ENSMUST00000045693.7|ENSMUSG00000033706|Smyd5	chr6	85446085	85446435	+	Smyd5	350	55.71
N6382	7382	ENSMUST00000032080.8|ENSMUSG00000030008|Pradc1	chr6	85446809	85447028	-	Pradc1	219	47.03
N6383	7383	ENSMUST00000204489.2|ENSMUSG00000030007|Cct7	chr6	85462197	85468282	+	Cct7	6085	45.9
N6384	7384	ENSMUST00000159062.7|ENSMUSG00000047013|Fbxo41	chr6	85469573	85472627	-	Fbxo41	3054	52.72
N6385	7385	ENSMUST00000095759.4|ENSMUSG00000071341|Egr4	chr6	85511120	85511365	-	Egr4	245	40.82
N6386	7386	ENSMUST00000095757.3|ENSMUSG00000068299|Nat8f4	chr6	85899050	85900679	-	Nat8f4	1629	45.86
N6387	7387	ENSMUST00000113753.7|ENSMUSG00000054226|Tprkb	chr6	85929010	85930284	+	Tprkb	1274	47.17
N6388	7388	ENSMUST00000032071.12|ENSMUSG00000030002|Dusp11	chr6	85942267	85944762	-	Dusp11	2495	41.68
N6389	7389	ENSMUST00000032066.12|ENSMUSG00000029999|Tgfa	chr6	86272171	86275719	+	Tgfa	3548	47.58
N6390	739	ENSMUST00000108705.7|ENSMUSG00000047342|Zfp286	chr11	62779604	62780395	-	Zfp286	791	47.03
N6391	7390	ENSMUST00000089558.6|ENSMUSG00000057278|Snrpg	chr6	86378931	86379328	+	Snrpg	397	38.54
N6392	7392	ENSMUST00000154438.7|ENSMUSG00000071337|Tia1	chr6	86420411	86427808	+	Tia1	7397	37.57
N6393	7393	ENSMUST00000204137.1|ENSMUSG00000107539|Gm44790	chr6	86443975	86445630	+	Gm44790	1655	49.37
N6394	7395	ENSMUST00000043400.7|ENSMUSG00000033508|Asprv1	chr6	86629370	86629710	+	Asprv1	340	55.29
N6395	7396	ENSMUST00000001185.13|ENSMUSG00000001157|Gmcl1	chr6	86691767	86692384	-	Gmcl1	617	33.87
N6396	7397	ENSMUST00000113658.7|ENSMUSG00000029992|Gfpt1	chr6	87089038	87092197	+	Gfpt1	3159	43.02
N6397	7398	ENSMUST00000113637.8|ENSMUSG00000030047|Arhgap25	chr6	87458544	87459554	-	Arhgap25	1010	41.19
N6398	7399	ENSMUST00000032132.8|ENSMUSG00000068263|Efcc1	chr6	87755196	87755908	+	Efcc1	712	54.35
N6399	74	ENSMUST00000105512.7|ENSMUSG00000039480|Nt5dc1	chr10	34303608	34304236	-	Nt5dc1	628	29.3
N6400	740	ENSMUST00000055006.11|ENSMUSG00000047821|Trim16	chr11	62841167	62842936	+	Trim16	1769	43.98
N6401	7400	ENSMUST00000032134.8|ENSMUSG00000030055|Rab43	chr6	87788852	87792382	-	Rab43	3530	54.16
N6402	7401	ENSMUST00000205070.2|ENSMUSG00000030056|Isy1	chr6	87822391	87827539	-	Isy1	5148	42.89
N6403	7402	ENSMUST00000204653.2|ENSMUSG00000030057|Cnbp	chr6	87842614	87843359	-	Cnbp	745	35.84
N6404	7403	ENSMUST00000113607.9|ENSMUSG00000030058|Copg1	chr6	87912450	87913595	+	Copg1	1145	48.03
N6405	7404	ENSMUST00000056403.6|ENSMUSG00000044927|H1f10	chr6	87980420	87980641	-	H1f10	221	65.16
N6406	7405	ENSMUST00000113600.9|ENSMUSG00000079477|Rab7	chr6	87999105	88000015	-	Rab7	910	41.65
N6407	7406	ENSMUST00000204838.1|ENSMUSG00000030062|Rpn1	chr6	88090295	88095562	+	Rpn1	5267	45.0
N6408	7407	ENSMUST00000170089.7|ENSMUSG00000015053|Gata2	chr6	88206303	88207032	+	Gata2	729	44.86
N6409	7408	ENSMUST00000205014.1|ENSMUSG00000033216|Eefsec	chr6	88298105	88355482	-	Eefsec	57377	46.66
N6410	7409	ENSMUST00000032168.6|ENSMUSG00000030082|Sec61a1	chr6	88503578	88503946	-	Sec61a1	368	53.8
N6411	741	ENSMUST00000014321.4|ENSMUSG00000014177|Tvp23b	chr11	62894791	62895185	+	Tvp23b	394	27.16
N6412	7410	ENSMUST00000203824.1|ENSMUSG00000033174|Mgll	chr6	88808177	88825874	+	Mgll	17697	53.07
N6413	7411	ENSMUST00000203137.2|ENSMUSG00000030083|Abtb1	chr6	88835923	88838117	-	Abtb1	2194	55.2
N6414	7412	ENSMUST00000038409.11|ENSMUSG00000033152|Podxl2	chr6	88842564	88842618	-	Podxl2	54	61.11
N6415	7413	ENSMUST00000205165.1|ENSMUSG00000002870|Mcm2	chr6	88889881	88891672	-	Mcm2	1791	50.25
N6416	7414	ENSMUST00000152585.7|ENSMUSG00000002871|Tpra1	chr6	88909760	88910648	+	Tpra1	888	56.98
N6417	7415	ENSMUST00000205121.1|ENSMUSG00000030084|Plxna1	chr6	89335410	89341782	-	Plxna1	6372	53.94
N6418	7416	ENSMUST00000204654.1|ENSMUSG00000030086|Chchd6	chr6	89569340	89574367	-	Chchd6	5027	43.98
N6419	7417	ENSMUST00000000828.12|ENSMUSG00000000811|Txnrd3	chr6	89675144	89675529	+	Txnrd3	385	42.6
N6420	7418	ENSMUST00000113539.7|ENSMUSG00000034430|Zxdc	chr6	90382924	90385084	+	Zxdc	2160	44.26
N6421	7419	ENSMUST00000205136.1|ENSMUSG00000030087|Klf15	chr6	90474880	90475221	+	Klf15	341	38.42
N6422	742	ENSMUST00000018361.9|ENSMUSG00000018217|Pmp22	chr11	63159188	63159547	+	Pmp22	359	44.29
N6423	7420	ENSMUST00000044019.15|ENSMUSG00000030089|Slc41a3	chr6	90646067	90646412	+	Slc41a3	345	52.17
N6424	7421	ENSMUST00000101153.9|ENSMUSG00000034312|Iqsec1	chr6	90656087	90660483	-	Iqsec1	4396	45.79
N6425	7422	ENSMUST00000041736.10|ENSMUSG00000034245|Hdac11	chr6	91173412	91174692	+	Hdac11	1280	55.86
N6426	7424	ENSMUST00000032180.6|ENSMUSG00000030093|Wnt7a	chr6	91363980	91365560	-	Wnt7a	1580	49.05
N6427	7425	ENSMUST00000040835.8|ENSMUSG00000034203|Chchd4	chr6	91462171	91464464	-	Chchd4	2293	42.39
N6428	7426	ENSMUST00000032183.5|ENSMUSG00000030095|Tmem43	chr6	91487637	91488463	+	Tmem43	826	44.92
N6429	7427	ENSMUST00000040607.5|ENSMUSG00000034192|Lsm3	chr6	91522469	91522625	+	Lsm3	156	45.51
N6430	7428	ENSMUST00000205663.1|ENSMUSG00000030096|Slc6a6	chr6	91726289	91745029	+	Slc6a6	18740	51.34
N6431	7429	ENSMUST00000089334.8|ENSMUSG00000034037|Fgd5	chr6	92074754	92076004	+	Fgd5	1250	45.36
N6432	743	ENSMUST00000049091.8|ENSMUSG00000042148|Cox10	chr11	63962626	63963973	-	Cox10	1347	52.26
N6433	7430	ENSMUST00000113460.7|ENSMUSG00000005893|Nr2c2	chr6	92168899	92173057	+	Nr2c2	4158	42.3
N6434	7431	ENSMUST00000140438.1|ENSMUSG00000014551|Mrps25	chr6	92169524	92174873	-	Mrps25	5349	43.93
N6435	7432	ENSMUST00000014694.10|ENSMUSG00000014550|Rbsn	chr6	92186711	92187691	-	Rbsn	980	43.78
N6436	7433	ENSMUST00000113447.7|ENSMUSG00000030020|Prickle2	chr6	92370907	92373847	-	Prickle2	2940	43.33
N6437	7434	ENSMUST00000204532.2|ENSMUSG00000045095|Magi1	chr6	93682066	93708003	-	Magi1	25937	42.22
N6438	7435	ENSMUST00000204764.2|ENSMUSG00000045100|Slc25a26	chr6	94510924	94604054	+	Slc25a26	93130	43.77
N6439	7436	ENSMUST00000204645.2|ENSMUSG00000030029|Lrig1	chr6	94604528	94604994	-	Lrig1	466	40.77
N6440	7437	ENSMUST00000204224.2|ENSMUSG00000061838|Suclg2	chr6	95473008	95474346	-	Suclg2	1338	40.13
N6441	7438	ENSMUST00000054344.10|ENSMUSG00000035245|Eogt	chr6	97110023	97111794	-	Eogt	1771	39.98
N6442	744	ENSMUST00000101049.8|ENSMUSG00000020549|Elac2	chr11	65001388	65001600	+	Elac2	212	52.36
N6443	7440	ENSMUST00000113355.8|ENSMUSG00000030064|Frmd4b	chr6	97286866	97287314	-	Frmd4b	448	34.38
N6444	7441	ENSMUST00000139462.1|ENSMUSG00000035158|Mitf	chr6	97996529	98018497	+	Mitf	21968	42.49
N6445	7442	ENSMUST00000155466.1|ENSMUSG00000030068|Gm20696	chr6	99257483	99632237	-	Gm20696	374754	44.83
N6446	7443	ENSMUST00000032151.2|ENSMUSG00000093661|Eif4e3	chr6	99625134	99626858	-	Eif4e3	1724	40.2
N6447	7444	ENSMUST00000101122.2|ENSMUSG00000072875|Gpr27	chr6	99694430	99695066	+	Gpr27	636	38.68
N6448	7445	ENSMUST00000101120.10|ENSMUSG00000030069|Prok2	chr6	99711298	99712204	-	Prok2	906	41.06
N6449	7446	ENSMUST00000101118.3|ENSMUSG00000072872|Rybp	chr6	100228564	100231993	-	Rybp	3429	39.08
N6450	7447	ENSMUST00000032157.8|ENSMUSG00000030074|Gxylt2	chr6	100806475	100810913	+	Gxylt2	4438	42.61
N6451	7448	ENSMUST00000063854.6|ENSMUSG00000052144|Ppp4r2	chr6	100867868	100869934	+	Ppp4r2	2066	37.08
N6452	7449	ENSMUST00000075994.10|ENSMUSG00000035357|Pdzrn3	chr6	101149608	101149914	-	Pdzrn3	306	39.54
N6453	745	ENSMUST00000047463.14|ENSMUSG00000033389|Arhgap44	chr11	65002038	65005349	-	Arhgap44	3311	50.65
N6454	7450	ENSMUST00000057578.15|ENSMUSG00000013736|Trnt1	chr6	106781110	106782474	+	Trnt1	1364	37.02
N6455	7451	ENSMUST00000013882.9|ENSMUSG00000005362|Crbn	chr6	106780200	106780520	-	Crbn	320	30.0
N6456	7452	ENSMUST00000049285.9|ENSMUSG00000034648|Lrrn1	chr6	107569585	107570214	+	Lrrn1	629	34.5
N6457	7454	ENSMUST00000032194.10|ENSMUSG00000030103|Bhlhe40	chr6	108666377	108666925	+	Bhlhe40	548	32.66
N6458	7455	ENSMUST00000032196.8|ENSMUSG00000030105|Arl8b	chr6	108823422	108825278	+	Arl8b	1856	42.89
N6459	7456	ENSMUST00000032376.5|ENSMUSG00000057604|Lmcd1	chr6	112330158	112330425	+	Lmcd1	267	40.07
N6460	7457	ENSMUST00000032398.14|ENSMUSG00000030264|Thumpd3	chr6	113068008	113068273	+	Thumpd3	265	34.72
N6461	7458	ENSMUST00000162280.1|ENSMUSG00000042873|Lhfpl4	chr6	113168089	113171649	-	Lhfpl4	3560	53.43
N6462	7459	ENSMUST00000129883.7|ENSMUSG00000030269|Mtmr14	chr6	113270701	113281387	+	Mtmr14	10686	49.05
N6463	746	ENSMUST00000140301.7|ENSMUSG00000033352|Map2k4	chr11	65696287	65719394	-	Map2k4	23107	38.91
N6464	7460	ENSMUST00000130191.7|ENSMUSG00000030270|Cpne9	chr6	113283453	113304824	+	Cpne9	21371	47.77
N6465	7461	ENSMUST00000113119.7|ENSMUSG00000001632|Brpf1	chr6	113324438	113324860	+	Brpf1	422	44.31
N6466	7462	ENSMUST00000136263.3|ENSMUSG00000030271|Ogg1	chr6	113329408	113334184	+	Ogg1	4776	46.78
N6467	7463	ENSMUST00000032410.13|ENSMUSG00000048930|Tada3	chr6	113366024	113366805	-	Tada3	781	44.56
N6468	7464	ENSMUST00000156898.4|ENSMUSG00000079426|Arpc4	chr6	113389480	113390448	+	Arpc4	968	53.2
N6469	7465	ENSMUST00000205017.2|ENSMUSG00000030276|Ttll3	chr6	113398097	113409899	+	Ttll3	11802	50.87
N6470	7466	ENSMUST00000060634.13|ENSMUSG00000051169|Rpusd3	chr6	113415328	113415558	-	Rpusd3	230	50.0
N6471	7467	ENSMUST00000204254.1|ENSMUSG00000051256|Jagn1	chr6	113447915	113448209	+	Jagn1	294	46.6
N6472	7468	ENSMUST00000032422.5|ENSMUSG00000030284|Creld1	chr6	113493083	113493338	+	Creld1	255	58.82
N6473	747	ENSMUST00000018491.7|ENSMUSG00000018347|Zkscan6	chr11	65828990	65829239	+	Zkscan6	249	46.18
N6474	7473	ENSMUST00000204744.2|ENSMUSG00000060477|Irak2	chr6	113665904	113673033	+	Irak2	7129	47.78
N6475	7474	ENSMUST00000032440.5|ENSMUSG00000030298|Sec13	chr6	113728061	113728201	-	Sec13	140	29.29
N6476	7475	ENSMUST00000032451.8|ENSMUSG00000030307|Slc6a11	chr6	114249250	114249952	+	Slc6a11	702	47.44
N6477	7476	ENSMUST00000032454.7|ENSMUSG00000030310|Slc6a1	chr6	114315557	114317532	+	Slc6a1	1975	48.0
N6478	7477	ENSMUST00000088987.2|ENSMUSG00000053004|Hrh1	chr6	114482321	114483296	+	Hrh1	975	44.82
N6479	7479	ENSMUST00000154621.2|ENSMUSG00000030316|Tamm41	chr6	115016202	115032127	-	Tamm41	15925	47.18
N6480	748	ENSMUST00000061786.5|ENSMUSG00000050270|Tmem220	chr11	67034645	67035312	+	Tmem220	667	41.08
N6481	7480	ENSMUST00000169345.3|ENSMUSG00000009394|Syn2	chr6	115274590	115276559	+	Syn2	1969	46.57
N6482	7481	ENSMUST00000032462.8|ENSMUSG00000030317|Timp4	chr6	115241891	115246012	-	Timp4	4121	45.94
N6483	7482	ENSMUST00000040234.8|ENSMUSG00000042389|Tsen2	chr6	115578180	115578628	+	Tsen2	448	42.86
N6484	7483	ENSMUST00000000449.8|ENSMUSG00000000439|Mkrn2	chr6	115620327	115622624	+	Mkrn2	2297	42.79
N6485	7484	ENSMUST00000203142.1|ENSMUSG00000000441|Raf1	chr6	115619593	115620149	-	Raf1	556	52.7
N6486	7485	ENSMUST00000112946.7|ENSMUSG00000059900|Tmem40	chr6	115729130	115729466	-	Tmem40	336	52.08
N6487	7486	ENSMUST00000075995.6|ENSMUSG00000030319|Cand2	chr6	115804243	115805557	+	Cand2	1314	44.82
N6488	7487	ENSMUST00000141305.7|ENSMUSG00000030323|Ift122	chr6	115881699	115926693	+	Ift122	44994	50.23
N6489	7488	ENSMUST00000015511.14|ENSMUSG00000030123|Plxnd1	chr6	115954810	115955285	-	Plxnd1	475	52.84
N6490	7489	ENSMUST00000203286.2|ENSMUSG00000024104|Washc2	chr6	116209154	116220549	+	Washc2	11395	42.48
N6491	749	ENSMUST00000146338.7|ENSMUSG00000020910|Adprm	chr11	67037904	67040218	-	Adprm	2314	44.08
N6492	7490	ENSMUST00000079012.12|ENSMUSG00000025702|Marchf8	chr6	116406474	116409540	+	Marchf8	3066	47.81
N6493	7491	ENSMUST00000079749.5|ENSMUSG00000059878|Zfp422	chr6	116624015	116625126	-	Zfp422	1111	38.88
N6494	7492	ENSMUST00000035842.6|ENSMUSG00000042129|Rassf4	chr6	116633007	116636958	-	Rassf4	3951	47.15
N6495	7494	ENSMUST00000073043.4|ENSMUSG00000061353|Cxcl12	chr6	117176327	117181367	+	Cxcl12	5040	50.36
N6496	7495	ENSMUST00000112858.7|ENSMUSG00000059689|Zfp637	chr6	117845200	117845413	+	Zfp637	213	53.52
N6497	7496	ENSMUST00000079405.14|ENSMUSG00000042097|Zfp239	chr6	117872602	117873291	+	Zfp239	689	41.8
N6498	7497	ENSMUST00000180341.1|ENSMUSG00000042079|Hnrnpf	chr6	117925350	117925622	+	Hnrnpf	272	31.62
N6499	7498	ENSMUST00000164960.3|ENSMUSG00000030134|Rasgef1a	chr6	118090428	118091546	+	Rasgef1a	1118	46.96
N6500	7499	ENSMUST00000049344.14|ENSMUSG00000042042|Csgalnact2	chr6	118107451	118108737	-	Csgalnact2	1286	28.93
N6501	75	ENSMUST00000047935.7|ENSMUSG00000039485|Tspyl4	chr10	34298927	34301320	+	Tspyl4	2393	45.84
N6502	750	ENSMUST00000092996.4|ENSMUSG00000069844|Sco1	chr11	67064681	67065572	+	Sco1	891	44.78
N6503	7500	ENSMUST00000032237.7|ENSMUSG00000030138|Bms1	chr6	118383380	118383502	-	Bms1	122	33.61
N6504	7501	ENSMUST00000161170.1|ENSMUSG00000072623|Zfp9	chr6	118461949	118463556	-	Zfp9	1607	39.02
N6505	7502	ENSMUST00000168793.7|ENSMUSG00000055003|Lrtm2	chr6	119315132	119316840	-	Lrtm2	1708	51.29
N6506	7503	ENSMUST00000117171.7|ENSMUSG00000030170|Wnt5b	chr6	119432530	119432824	-	Wnt5b	294	51.7
N6507	7504	ENSMUST00000032094.6|ENSMUSG00000030019|Fbxl14	chr6	119481577	119482630	+	Fbxl14	1053	39.03
N6508	7505	ENSMUST00000127146.7|ENSMUSG00000030177|Ccdc77	chr6	120324322	120338000	-	Ccdc77	13678	44.03
N6509	7506	ENSMUST00000132009.3|ENSMUSG00000030180|Kdm5a	chr6	120402721	120419446	+	Kdm5a	16725	37.97
N6510	7507	ENSMUST00000002976.4|ENSMUSG00000002897|Il17ra	chr6	120483535	120487559	+	Il17ra	4024	50.25
N6511	7508	ENSMUST00000075303.6|ENSMUSG00000058979|Hdhd5	chr6	120509493	120509753	-	Hdhd5	260	45.0
N6512	7509	ENSMUST00000112682.3|ENSMUSG00000004902|Slc25a18	chr6	120793994	120794336	+	Slc25a18	342	47.95
N6513	751	ENSMUST00000108682.8|ENSMUSG00000033066|Gas7	chr11	67684109	67688990	+	Gas7	4881	47.63
N6514	7513	ENSMUST00000203254.2|ENSMUSG00000051586|Mical3	chr6	121007239	121016716	-	Mical3	9477	51.17
N6515	7514	ENSMUST00000032198.10|ENSMUSG00000030107|Usp18	chr6	121270667	121270917	+	Usp18	250	45.2
N6516	7515	ENSMUST00000064580.13|ENSMUSG00000030108|Slc6a13	chr6	121337564	121337733	+	Slc6a13	169	55.62
N6517	7516	ENSMUST00000129815.7|ENSMUSG00000040797|Iqsec3	chr6	121372932	121412507	-	Iqsec3	39575	49.87
N6518	7517	ENSMUST00000007602.14|ENSMUSG00000007458|M6pr	chr6	122317297	122317680	+	M6pr	383	40.21
N6519	7518	ENSMUST00000160163.7|ENSMUSG00000040669|Phc1	chr6	122318302	122333973	-	Phc1	15671	44.2
N6520	7519	ENSMUST00000148517.7|ENSMUSG00000030116|Mfap5	chr6	122528579	122529290	+	Mfap5	711	44.02
N6521	752	ENSMUST00000021285.13|ENSMUSG00000020903|Stx8	chr11	68203921	68207148	+	Stx8	3227	52.37
N6522	7520	ENSMUST00000112586.7|ENSMUSG00000040613|Apobec1	chr6	122577791	122578148	-	Apobec1	357	33.89
N6523	7521	ENSMUST00000166135.7|ENSMUSG00000003153|Slc2a3	chr6	122729930	122737057	-	Slc2a3	7127	46.91
N6524	7522	ENSMUST00000003238.13|ENSMUSG00000003154|Foxj2	chr6	122843000	122845366	+	Foxj2	2366	47.42
N6525	7523	ENSMUST00000042081.8|ENSMUSG00000040552|C3ar1	chr6	122847137	122849596	-	C3ar1	2459	39.93
N6526	7524	ENSMUST00000032477.5|ENSMUSG00000030327|Necap1	chr6	122887536	122888941	+	Necap1	1405	42.92
N6527	7525	ENSMUST00000117173.7|ENSMUSG00000043832|Clec4a3	chr6	122969660	122969875	+	Clec4a3	215	37.67
N6528	7526	ENSMUST00000204826.2|ENSMUSG00000030144|Clec4d	chr6	123268227	123274923	+	Clec4d	6696	38.11
N6529	7527	ENSMUST00000176096.1|ENSMUSG00000030142|Clec4e	chr6	123283693	123285410	-	Clec4e	1717	43.27
N6530	7528	ENSMUST00000112532.7|ENSMUSG00000005069|Pex5	chr6	124396815	124397266	-	Pex5	451	41.02
N6531	7529	ENSMUST00000049124.9|ENSMUSG00000038527|C1rl	chr6	124509268	124510643	+	C1rl	1375	46.47
N6532	753	ENSMUST00000021283.7|ENSMUSG00000020901|Pik3r5	chr11	68496473	68497849	+	Pik3r5	1376	51.89
N6533	7530	ENSMUST00000068593.8|ENSMUSG00000055172|C1ra	chr6	124523128	124523443	+	C1ra	315	46.03
N6534	7531	ENSMUST00000160505.7|ENSMUSG00000038521|C1s1	chr6	124530344	124530666	-	C1s1	322	38.51
N6535	7532	ENSMUST00000128721.6|ENSMUSG00000004270|Lpcat3	chr6	124700851	124702290	+	Lpcat3	1439	53.86
N6536	7534	ENSMUST00000112484.9|ENSMUSG00000004266|Ptpn6	chr6	124720706	124720804	-	Ptpn6	98	53.06
N6537	7535	ENSMUST00000129411.6|ENSMUSG00000107478|Gm45234	chr6	124739188	124740518	-	Gm45234	1330	51.65
N6538	7536	ENSMUST00000088357.11|ENSMUSG00000004263|Atn1	chr6	124742543	124742767	-	Atn1	224	43.3
N6539	7539	ENSMUST00000024270.13|ENSMUSG00000023505|Cdca3	chr6	124833449	124833701	+	Cdca3	252	48.41
N6540	754	ENSMUST00000102613.7|ENSMUSG00000046207|Pik3r6	chr11	68552348	68552698	+	Pik3r6	350	51.14
N6541	7540	ENSMUST00000135127.7|ENSMUSG00000023191|P3h3	chr6	124841205	124854263	-	P3h3	13058	49.17
N6542	7541	ENSMUST00000024044.6|ENSMUSG00000023274|Cd4	chr6	124864691	124865881	-	Cd4	1190	50.25
N6543	7545	ENSMUST00000046064.16|ENSMUSG00000038346|Zfp384	chr6	125037399	125037870	+	Zfp384	471	35.46
N6544	7547	ENSMUST00000056889.14|ENSMUSG00000063870|Chd4	chr6	125130333	125130591	+	Chd4	258	41.09
N6545	7548	ENSMUST00000188762.6|ENSMUSG00000038252|Ncapd2	chr6	125184295	125185693	-	Ncapd2	1398	47.07
N6546	7549	ENSMUST00000032485.6|ENSMUSG00000030335|Mrpl51	chr6	125193567	125196269	+	Mrpl51	2702	43.12
N6547	755	ENSMUST00000102611.9|ENSMUSG00000020900|Myh10	chr11	68815219	68816632	+	Myh10	1413	45.72
N6548	7550	ENSMUST00000043422.7|ENSMUSG00000038213|Tapbpl	chr6	125223932	125224444	-	Tapbpl	512	44.34
N6549	7551	ENSMUST00000032489.7|ENSMUSG00000030339|Ltbr	chr6	125306570	125306858	-	Ltbr	288	50.0
N6550	7552	ENSMUST00000032492.8|ENSMUSG00000030342|Cd9	chr6	125460265	125460493	-	Cd9	228	28.51
N6551	7553	ENSMUST00000147101.1|ENSMUSG00000001930|Vwf	chr6	125667620	125686672	+	Vwf	19052	46.01
N6552	7554	ENSMUST00000205002.2|ENSMUSG00000000399|Ndufa9	chr6	126821720	126821870	-	Ndufa9	150	40.0
N6553	7555	ENSMUST00000032497.6|ENSMUSG00000030347|D6Wsu163e	chr6	126975427	126975967	+	D6Wsu163e	540	37.96
N6554	7556	ENSMUST00000000188.11|ENSMUSG00000000184|Ccnd2	chr6	127125161	127129683	-	Ccnd2	4522	44.8
N6555	7557	ENSMUST00000144115.7|ENSMUSG00000037997|Parp11	chr6	127474389	127478084	+	Parp11	3695	44.47
N6556	7558	ENSMUST00000032500.8|ENSMUSG00000030350|Prmt8	chr6	127689010	127689354	-	Prmt8	344	44.77
N6557	7559	ENSMUST00000032501.5|ENSMUSG00000030351|Tspan11	chr6	127950126	127953977	+	Tspan11	3851	52.64
N6558	7560	ENSMUST00000112173.7|ENSMUSG00000030352|Tspan9	chr6	127961395	127964086	-	Tspan9	2691	53.44
N6559	7561	ENSMUST00000112152.7|ENSMUSG00000048668|Rhno1	chr6	128356999	128357502	-	Rhno1	503	44.73
N6560	7562	ENSMUST00000073316.12|ENSMUSG00000001517|Foxm1	chr6	128374468	128376146	+	Foxm1	1678	50.24
N6561	7563	ENSMUST00000147155.7|ENSMUSG00000001520|Nrip2	chr6	128405180	128408107	+	Nrip2	2927	49.37
N6562	7564	ENSMUST00000032508.10|ENSMUSG00000030357|Fkbp4	chr6	128430102	128430419	-	Fkbp4	317	53.31
N6563	7565	ENSMUST00000065289.5|ENSMUSG00000053063|Clec12a	chr6	129364247	129365303	+	Clec12a	1056	39.2
N6564	7566	ENSMUST00000204952.1|ENSMUSG00000033082|Clec1a	chr6	129429976	129435116	-	Clec1a	5140	38.31
N6565	7567	ENSMUST00000195589.5|ENSMUSG00000079293|Clec7a	chr6	129461590	129462443	-	Clec7a	853	37.16
N6566	7568	ENSMUST00000032264.8|ENSMUSG00000030161|Gabarapl1	chr6	129541957	129542346	+	Gabarapl1	389	52.19
N6567	7569	ENSMUST00000032309.12|ENSMUSG00000030189|Ybx3	chr6	131364854	131367649	-	Ybx3	2795	42.97
N6568	7570	ENSMUST00000187237.1|ENSMUSG00000072704|Smim10l1	chr6	133107535	133110899	+	Smim10l1	3364	37.51
N6569	7571	ENSMUST00000111963.7|ENSMUSG00000030199|Etv6	chr6	134266678	134270158	+	Etv6	3480	45.75
N6570	7572	ENSMUST00000032322.14|ENSMUSG00000030201|Lrp6	chr6	134446475	134450637	-	Lrp6	4162	40.39
N6571	7573	ENSMUST00000062755.9|ENSMUSG00000042992|Borcs5	chr6	134710817	134711187	+	Borcs5	370	55.41
N6572	7574	ENSMUST00000067327.10|ENSMUSG00000003031|Cdkn1b	chr6	134923882	134925513	+	Cdkn1b	1631	35.32
N6573	7575	ENSMUST00000167323.2|ENSMUSG00000090698|Apold1	chr6	134984941	134986836	+	Apold1	1895	39.37
N6574	7576	ENSMUST00000111915.7|ENSMUSG00000030207|Fam234b	chr6	135234135	135236242	+	Fam234b	2107	49.07
N6575	7577	ENSMUST00000032335.12|ENSMUSG00000030213|Atf7ip	chr6	136607056	136610862	+	Atf7ip	3806	43.75
N6576	7578	ENSMUST00000074556.6|ENSMUSG00000060032|H2aj	chr6	136808877	136810074	+	H2aj	1197	49.29
N6577	7579	ENSMUST00000204272.2|ENSMUSG00000030216|Wbp11	chr6	136817175	136817877	-	Wbp11	702	45.58
N6578	758	ENSMUST00000018884.5|ENSMUSG00000018740|Slc25a35	chr11	68973557	68974365	+	Slc25a35	808	54.58
N6579	7580	ENSMUST00000068293.3|ENSMUSG00000043298|Smco3	chr6	136829926	136830780	-	Smco3	854	35.36
N6580	7581	ENSMUST00000032341.2|ENSMUSG00000030217|Art4	chr6	136848450	136848804	-	Art4	354	43.79
N6581	7582	ENSMUST00000032342.2|ENSMUSG00000030218|Mgp	chr6	136872434	136872495	-	Mgp	61	27.87
N6582	7584	ENSMUST00000032347.10|ENSMUSG00000030222|Rerg	chr6	137054824	137055841	-	Rerg	1017	35.3
N6583	7585	ENSMUST00000058210.12|ENSMUSG00000015766|Eps8	chr6	137477244	137477950	-	Eps8	706	38.1
N6584	7587	ENSMUST00000203507.1|ENSMUSG00000030225|Dera	chr6	137837662	137856814	+	Dera	19152	42.33
N6585	7588	ENSMUST00000160050.1|ENSMUSG00000030226|Lmo3	chr6	138364961	138377141	-	Lmo3	12180	38.4
N6586	7589	ENSMUST00000204145.2|ENSMUSG00000030231|Plekha5	chr6	140556070	140589315	+	Plekha5	33245	44.62
N6587	759	ENSMUST00000152979.7|ENSMUSG00000020898|Ctc1	chr11	69022920	69036473	+	Ctc1	13553	48.16
N6588	7590	ENSMUST00000032359.14|ENSMUSG00000030232|Aebp2	chr6	140652721	140655481	+	Aebp2	2760	37.97
N6589	7591	ENSMUST00000043259.9|ENSMUSG00000041741|Pde3a	chr6	141502319	141507448	+	Pde3a	5129	35.0
N6590	7592	ENSMUST00000204998.2|ENSMUSG00000030235|Slco1c1	chr6	141540209	141569704	+	Slco1c1	29495	39.88
N6591	7593	ENSMUST00000165990.7|ENSMUSG00000030237|Slco1a4	chr6	141805439	141806103	-	Slco1a4	664	37.35
N6592	7594	ENSMUST00000041852.7|ENSMUSG00000041671|Pyroxd1	chr6	142362869	142363257	+	Pyroxd1	388	52.84
N6593	7595	ENSMUST00000032372.6|ENSMUSG00000030245|Golt1b	chr6	142401896	142403858	+	Golt1b	1962	42.15
N6594	7597	ENSMUST00000032374.8|ENSMUSG00000030247|Kcnj8	chr6	142564838	142565576	-	Kcnj8	738	42.28
N6595	7598	ENSMUST00000144920.3|ENSMUSG00000030282|Cmas	chr6	142764709	142774664	+	Cmas	9955	47.07
N6596	7599	ENSMUST00000205119.2|ENSMUSG00000030279|C2cd5	chr6	143010924	143078262	-	C2cd5	67338	42.57
N6597	76	ENSMUST00000105511.1|ENSMUSG00000039462|Col10a1	chr10	34396713	34397085	+	Col10a1	372	33.87
N6598	760	ENSMUST00000108666.7|ENSMUSG00000020897|Aurkb	chr11	69051366	69051664	+	Aurkb	298	35.91
N6599	7600	ENSMUST00000032413.6|ENSMUSG00000030275|Etnk1	chr6	143204767	143208546	+	Etnk1	3779	42.18
N6600	7601	ENSMUST00000038815.13|ENSMUSG00000041540|Sox5	chr6	143828424	143833115	-	Sox5	4691	40.12
N6601	7602	ENSMUST00000032402.11|ENSMUSG00000030268|Bcat1	chr6	144993834	144999343	-	Bcat1	5509	44.82
N6602	7604	ENSMUST00000156486.1|ENSMUSG00000030265|Kras	chr6	145220296	145232094	-	Kras	11798	36.72
N6603	7605	ENSMUST00000111704.7|ENSMUSG00000030259|Rassf8	chr6	145818720	145821079	+	Rassf8	2359	43.62
N6604	7607	ENSMUST00000111702.7|ENSMUSG00000030255|Sspn	chr6	145962164	145965223	+	Sspn	3059	44.49
N6605	7608	ENSMUST00000139732.3|ENSMUSG00000030287|Itpr2	chr6	146373122	146425408	-	Itpr2	52286	46.21
N6606	7609	ENSMUST00000139979.7|ENSMUSG00000040250|Ints13	chr6	146549631	146549797	-	Ints13	166	31.33
N6607	761	ENSMUST00000051888.3|ENSMUSG00000045176|Borcs6	chr11	69061321	69061578	+	Borcs6	257	52.53
N6608	7610	ENSMUST00000067404.12|ENSMUSG00000040242|Fgfr1op2	chr6	146598049	146599198	+	Fgfr1op2	1149	33.42
N6609	7611	ENSMUST00000127529.1|ENSMUSG00000040234|Tm7sf3	chr6	146610890	146619839	-	Tm7sf3	8949	47.39
N6610	7612	ENSMUST00000204040.1|ENSMUSG00000030291|Med21	chr6	146650435	146650732	+	Med21	297	32.66
N6611	7613	ENSMUST00000001675.13|ENSMUSG00000001630|Stk38l	chr6	146776392	146778812	+	Stk38l	2420	41.28
N6612	7614	ENSMUST00000016631.13|ENSMUSG00000016487|Ppfibp1	chr6	147030549	147032025	+	Ppfibp1	1476	38.01
N6613	7615	ENSMUST00000036003.7|ENSMUSG00000040102|Klhl42	chr6	147108387	147112778	+	Klhl42	4391	43.93
N6614	7616	ENSMUST00000052296.8|ENSMUSG00000048776|Pthlh	chr6	147252100	147252353	-	Pthlh	253	26.48
N6615	7617	ENSMUST00000032441.13|ENSMUSG00000030301|Ccdc91	chr6	147632241	147632612	+	Ccdc91	371	43.67
N6616	7618	ENSMUST00000111607.3|ENSMUSG00000030303|Far2	chr6	148181970	148182758	+	Far2	788	35.66
N6617	7619	ENSMUST00000032446.11|ENSMUSG00000030304|Ergic2	chr6	148181215	148188032	-	Ergic2	6817	40.71
N6618	762	ENSMUST00000021273.12|ENSMUSG00000020894|Vamp2	chr11	69091397	69092384	+	Vamp2	987	54.31
N6619	7620	ENSMUST00000140797.3|ENSMUSG00000030306|Tmtc1	chr6	148246733	148262705	-	Tmtc1	15972	42.49
N6620	7621	ENSMUST00000204936.1|ENSMUSG00000040029|Ipo8	chr6	148801913	148816484	-	Ipo8	14571	39.98
N6621	7622	ENSMUST00000204119.2|ENSMUSG00000039985|Sinhcaf	chr6	148923003	148928480	-	Sinhcaf	5477	39.58
N6622	7623	ENSMUST00000203566.2|ENSMUSG00000068566|Myadm	chr7	3299125	3300442	+	Myadm	1317	46.47
N6623	7624	ENSMUST00000203081.1|ENSMUSG00000078816|Prkcg	chr7	3310995	3319012	+	Prkcg	8017	48.26
N6624	7625	ENSMUST00000134683.1|ENSMUSG00000035674|Ndufa3	chr7	3619507	3620085	+	Ndufa3	578	50.0
N6625	7626	ENSMUST00000153143.1|ENSMUSG00000006335|Tfpt	chr7	3624593	3628827	-	Tfpt	4234	45.32
N6626	7628	ENSMUST00000135977.7|ENSMUSG00000035632|Cnot3	chr7	3653644	3658741	+	Cnot3	5097	51.97
N6627	763	ENSMUST00000142392.7|ENSMUSG00000020893|Per1	chr11	69104813	69106296	+	Per1	1483	55.36
N6628	7630	ENSMUST00000145034.2|ENSMUSG00000019734|Tmc4	chr7	3665790	3665889	-	Tmc4	99	49.49
N6629	7631	ENSMUST00000127106.7|ENSMUSG00000035596|Mboat7	chr7	3677792	3688522	-	Mboat7	10730	48.29
N6630	7632	ENSMUST00000155060.7|ENSMUSG00000035585|Tsen34	chr7	3695621	3700602	+	Tsen34	4981	42.66
N6631	7633	ENSMUST00000108623.7|ENSMUSG00000006333|Rps9	chr7	3706168	3706895	+	Rps9	727	49.11
N6632	7634	ENSMUST00000032594.12|ENSMUSG00000030428|Ttyh1	chr7	4125743	4135330	+	Ttyh1	9587	51.15
N6633	7635	ENSMUST00000037472.12|ENSMUSG00000035545|Leng8	chr7	4145736	4148177	+	Leng8	2441	54.85
N6634	7636	ENSMUST00000119485.7|ENSMUSG00000008435|Rdh13	chr7	4424769	4425873	-	Rdh13	1104	45.65
N6635	7637	ENSMUST00000125220.2|ENSMUSG00000019254|Ppp1r12c	chr7	4489810	4497142	-	Ppp1r12c	7332	48.62
N6636	7638	ENSMUST00000094897.4|ENSMUSG00000055809|Dnaaf3	chr7	4522932	4523167	-	Dnaaf3	235	51.91
N6637	7639	ENSMUST00000065957.6|ENSMUSG00000004961|Syt5	chr7	4539764	4539948	-	Syt5	184	52.17
N6638	764	ENSMUST00000102602.7|ENSMUSG00000049299|Trappc1	chr11	69325715	69325793	+	Trappc1	78	46.15
N6639	7640	ENSMUST00000064099.7|ENSMUSG00000052296|Ppp6r1	chr7	4631494	4632084	-	Ppp6r1	590	47.46
N6640	7641	ENSMUST00000079970.5|ENSMUSG00000063802|Hspbp1	chr7	4660520	4660622	-	Hspbp1	102	45.1
N6641	7642	ENSMUST00000048248.8|ENSMUSG00000035390|Brsk1	chr7	4715655	4715997	+	Brsk1	342	53.8
N6642	7643	ENSMUST00000086364.10|ENSMUSG00000046456|Tmem150b	chr7	4706831	4708817	-	Tmem150b	1986	52.37
N6643	7644	ENSMUST00000160480.1|ENSMUSG00000059851|Kmt5c	chr7	4745983	4746898	+	Kmt5c	915	62.62
N6644	7645	ENSMUST00000183334.7|ENSMUSG00000051811|Cox6b2	chr7	4751794	4751910	-	Cox6b2	116	44.83
N6645	7646	ENSMUST00000094892.11|ENSMUSG00000004371|Il11	chr7	4772372	4773270	-	Il11	898	43.76
N6646	7647	ENSMUST00000168578.2|ENSMUSG00000030431|Tmem238	chr7	4784556	4788734	-	Tmem238	4178	46.39
N6647	7648	ENSMUST00000032597.11|ENSMUSG00000030432|Rpl28	chr7	4794655	4795066	+	Rpl28	411	48.42
N6648	7649	ENSMUST00000064547.12|ENSMUSG00000052605|Isoc2b	chr7	4844958	4845121	-	Isoc2b	163	52.15
N6649	765	ENSMUST00000018614.2|ENSMUSG00000018470|Kcnab3	chr11	69332782	69333042	+	Kcnab3	260	46.92
N6650	7650	ENSMUST00000047309.5|ENSMUSG00000035285|Nat14	chr7	4924695	4925006	+	Nat14	311	51.45
N6651	7651	ENSMUST00000162731.1|ENSMUSG00000051550|Zfp579	chr7	4992851	4993073	-	Zfp579	222	55.41
N6652	7652	ENSMUST00000167804.8|ENSMUSG00000061374|Fiz1	chr7	5007058	5007369	-	Fiz1	311	49.84
N6653	7653	ENSMUST00000076251.6|ENSMUSG00000074405|Zfp865	chr7	5032342	5036768	+	Zfp865	4426	50.2
N6654	7654	ENSMUST00000076791.3|ENSMUSG00000116184|4632433K11Rik	chr7	5035116	5035246	+	4632433K11Rik	130	47.69
N6655	7655	ENSMUST00000062428.4|ENSMUSG00000043290|Zfp784	chr7	5034438	5035049	-	Zfp784	611	45.66
N6656	7656	ENSMUST00000069324.6|ENSMUSG00000055633|Zfp580	chr7	5053483	5053723	+	Zfp580	240	49.58
N6657	7657	ENSMUST00000098845.9|ENSMUSG00000035203|Epn1	chr7	5098062	5098178	+	Epn1	116	58.62
N6658	7658	ENSMUST00000094870.2|ENSMUSG00000046792|Zfp787	chr7	6131490	6131741	-	Zfp787	251	46.61
N6659	7659	ENSMUST00000108567.8|ENSMUSG00000044876|Zfp444	chr7	6190261	6193811	+	Zfp444	3550	47.13
N6660	766	ENSMUST00000129321.1|ENSMUSG00000043419|Rnf227	chr11	69341379	69342641	+	Rnf227	1262	38.51
N6661	7660	ENSMUST00000207314.1|ENSMUSG00000055150|Zfp78	chr7	6379673	6382605	+	Zfp78	2932	41.78
N6662	7661	ENSMUST00000239104.1|ENSMUSG00000002265|Peg3	chr7	6703891	6706895	-	Peg3	3004	39.95
N6663	7662	ENSMUST00000056246.7|ENSMUSG00000062116|Zfp954	chr7	7114689	7114958	-	Zfp954	269	45.35
N6664	7663	ENSMUST00000074455.8|ENSMUSG00000066838|Zfp772	chr7	7202116	7203226	-	Zfp772	1110	40.0
N6665	7664	ENSMUST00000211433.1|ENSMUSG00000095730|Vmn2r29	chr7	7234378	7239979	-	Vmn2r29	5601	33.99
N6666	7665	ENSMUST00000211574.1|ENSMUSG00000000605|Clcn4	chr7	7291314	7293914	-	Clcn4	2600	43.77
N6667	7666	ENSMUST00000032551.7|ENSMUSG00000030393|Zik1	chr7	10487228	10489309	-	Zik1	2081	35.42
N6668	7667	ENSMUST00000004614.14|ENSMUSG00000058638|Zfp110	chr7	12850224	12850577	+	Zfp110	353	35.98
N6669	7668	ENSMUST00000144578.1|ENSMUSG00000060397|Zfp128	chr7	12891683	12893422	+	Zfp128	1739	37.95
N6670	7669	ENSMUST00000117189.1|ENSMUSG00000054715|Zscan22	chr7	12907914	12909083	+	Zscan22	1169	46.88
N6671	767	ENSMUST00000108661.7|ENSMUSG00000018474|Chd3	chr11	69343272	69344202	-	Chd3	930	54.3
N6672	7670	ENSMUST00000045810.14|ENSMUSG00000033961|Zfp446	chr7	12984055	12985714	+	Zfp446	1659	43.34
N6673	7671	ENSMUST00000210282.1|ENSMUSG00000049600|Zbtb45	chr7	13003897	13005853	-	Zbtb45	1956	47.24
N6674	7672	ENSMUST00000165394.8|ENSMUSG00000005575|Ube2m	chr7	13035119	13035439	-	Ube2m	320	56.88
N6675	7673	ENSMUST00000119558.7|ENSMUSG00000070814|Zswim9	chr7	13258966	13260992	-	Zswim9	2026	53.7
N6676	7674	ENSMUST00000044355.9|ENSMUSG00000041571|Selenow	chr7	15917207	15919714	-	Selenow	2507	52.61
N6677	7675	ENSMUST00000044158.12|ENSMUSG00000041560|Nop53	chr7	15936182	15937734	-	Nop53	1552	42.85
N6678	7676	ENSMUST00000098799.4|ENSMUSG00000074364|Ehd2	chr7	15946957	15949238	-	Ehd2	2281	52.08
N6679	7677	ENSMUST00000127637.7|ENSMUSG00000006024|Napa	chr7	16109307	16113535	+	Napa	4228	53.05
N6680	7678	ENSMUST00000006178.4|ENSMUSG00000006021|Kptn	chr7	16127391	16127516	+	Kptn	125	52.8
N6681	7679	ENSMUST00000176446.1|ENSMUSG00000041420|Meis3	chr7	16182519	16185515	+	Meis3	2996	50.5
N6682	768	ENSMUST00000108660.7|ENSMUSG00000044795|Cyb5d1	chr11	69393262	69393580	-	Cyb5d1	318	45.91
N6683	7680	ENSMUST00000050770.5|ENSMUSG00000049130|C5ar1	chr7	16246742	16247478	-	C5ar1	736	42.26
N6684	7681	ENSMUST00000169612.2|ENSMUSG00000091811|Inafm1	chr7	16272012	16272330	-	Inafm1	318	50.94
N6685	7682	ENSMUST00000002152.12|ENSMUSG00000002083|Bbc3	chr7	16317797	16318205	+	Bbc3	408	53.68
N6686	7683	ENSMUST00000210999.1|ENSMUSG00000052833|Sae1	chr7	16320741	16327246	-	Sae1	6505	47.53
N6687	7684	ENSMUST00000209289.1|ENSMUSG00000059273|Zc3h4	chr7	16435658	16437696	+	Zc3h4	2038	51.47
N6688	7685	ENSMUST00000209536.1|ENSMUSG00000019158|Tmem160	chr7	16454213	16455494	+	Tmem160	1281	52.85
N6689	7687	ENSMUST00000108496.8|ENSMUSG00000001918|Slc1a5	chr7	16797961	16798274	+	Slc1a5	313	44.41
N6690	7688	ENSMUST00000061390.8|ENSMUSG00000048920|Fkrp	chr7	16809245	16809741	-	Fkrp	496	41.33
N6691	7689	ENSMUST00000185011.7|ENSMUSG00000030374|Strn4	chr7	16833996	16837982	+	Strn4	3986	46.24
N6692	769	ENSMUST00000050140.5|ENSMUSG00000045377|Tmem88	chr11	69396518	69397390	-	Tmem88	872	51.95
N6693	7690	ENSMUST00000086104.5|ENSMUSG00000041187|Prkd2	chr7	16870186	16870464	+	Prkd2	278	47.12
N6694	7691	ENSMUST00000108493.2|ENSMUSG00000078794|Dact3	chr7	16887097	16887462	+	Dact3	365	46.85
N6695	7692	ENSMUST00000086101.5|ENSMUSG00000043017|Ptgir	chr7	16910309	16910905	+	Ptgir	596	41.95
N6696	7693	ENSMUST00000019514.9|ENSMUSG00000019370|Calm3	chr7	16915378	16916627	-	Calm3	1249	56.69
N6697	7694	ENSMUST00000094807.5|ENSMUSG00000070802|Pnmal2	chr7	16947239	16948828	+	Pnmal2	1589	56.51
N6698	7695	ENSMUST00000038163.7|ENSMUSG00000041141|Pnmal1	chr7	16962919	16964607	+	Pnmal1	1688	45.14
N6699	7696	ENSMUST00000094805.4|ENSMUSG00000041117|Ccdc8	chr7	16997230	16997516	+	Ccdc8	286	37.41
N6700	7697	ENSMUST00000003183.11|ENSMUSG00000003099|Ppp5c	chr7	17004639	17004889	-	Ppp5c	250	51.2
N6701	7698	ENSMUST00000135467.7|ENSMUSG00000074358|Ccdc61	chr7	18890883	18899488	-	Ccdc61	8605	50.66
N6702	7699	ENSMUST00000032571.9|ENSMUSG00000030411|Nova2	chr7	18961941	18965319	+	Nova2	3378	53.32
N6703	77	ENSMUST00000019913.14|ENSMUSG00000019779|Frk	chr10	34609659	34611278	+	Frk	1619	36.44
N6704	770	ENSMUST00000004036.5|ENSMUSG00000003934|Efnb3	chr11	69554091	69555502	-	Efnb3	1411	51.81
N6705	7700	ENSMUST00000131087.1|ENSMUSG00000048481|Mypop	chr7	19001406	19001766	+	Mypop	360	50.28
N6706	7701	ENSMUST00000053713.4|ENSMUSG00000044030|Irf2bp1	chr7	19006409	19006777	+	Irf2bp1	368	49.46
N6707	7702	ENSMUST00000032570.13|ENSMUSG00000030410|Dmwd	chr7	19082550	19082776	+	Dmwd	226	53.54
N6708	7703	ENSMUST00000154199.7|ENSMUSG00000030409|Dmpk	chr7	19092694	19093821	+	Dmpk	1127	60.51
N6709	7704	ENSMUST00000049454.5|ENSMUSG00000040841|Six5	chr7	19098138	19098549	+	Six5	411	49.39
N6710	7705	ENSMUST00000053109.4|ENSMUSG00000050428|Fbxo46	chr7	19137502	19140172	+	Fbxo46	2670	47.79
N6711	7707	ENSMUST00000049294.3|ENSMUSG00000040824|Snrpd2	chr7	19152798	19153542	+	Snrpd2	744	49.19
N6712	7708	ENSMUST00000148246.7|ENSMUSG00000040811|Eml2	chr7	19201927	19206478	+	Eml2	4551	49.15
N6713	7709	ENSMUST00000060225.5|ENSMUSG00000044317|Gpr4	chr7	19223400	19224174	+	Gpr4	774	47.42
N6714	771	ENSMUST00000108657.3|ENSMUSG00000059552|Trp53	chr11	69591620	69591873	+	Trp53	253	45.85
N6715	7710	ENSMUST00000063976.8|ENSMUSG00000052214|Opa3	chr7	19246424	19247868	+	Opa3	1444	51.94
N6716	7711	ENSMUST00000032561.8|ENSMUSG00000030403|Vasp	chr7	19256928	19257375	-	Vasp	447	45.64
N6717	7712	ENSMUST00000032559.16|ENSMUSG00000030401|Rtn2	chr7	19295962	19296160	+	Rtn2	198	60.1
N6718	7713	ENSMUST00000208505.1|ENSMUSG00000003545|Fosb	chr7	19302701	19304809	-	Fosb	2108	53.32
N6719	7714	ENSMUST00000177486.1|ENSMUSG00000003549|Ercc1	chr7	19354518	19356522	+	Ercc1	2004	52.25
N6720	7715	ENSMUST00000047036.9|ENSMUSG00000047649|Cd3eap	chr7	19356013	19356418	-	Cd3eap	405	52.35
N6721	7716	ENSMUST00000047621.13|ENSMUSG00000040734|Ppp1r13l	chr7	19378307	19378533	+	Ppp1r13l	226	53.54
N6722	7717	ENSMUST00000062831.15|ENSMUSG00000030400|Ercc2	chr7	19394721	19395694	+	Ercc2	973	60.95
N6723	7718	ENSMUST00000108458.9|ENSMUSG00000040714|Klc3	chr7	19394436	19394492	-	Klc3	56	57.14
N6724	7719	ENSMUST00000209058.1|ENSMUSG00000030397|Mark4	chr7	19425107	19451507	-	Mark4	26400	52.23
N6725	772	ENSMUST00000047889.12|ENSMUSG00000041329|Atp1b2	chr11	69599735	69601099	-	Atp1b2	1364	49.49
N6726	7720	ENSMUST00000137613.8|ENSMUSG00000011263|Exoc3l2	chr7	19496128	19496762	+	Exoc3l2	634	53.15
N6727	7721	ENSMUST00000077408.7|ENSMUSG00000057667|Bloc1s3	chr7	19504485	19506140	-	Bloc1s3	1655	49.67
N6728	7722	ENSMUST00000147114.1|ENSMUSG00000002043|Trappc6a	chr7	19515297	19516145	+	Trappc6a	848	58.49
N6729	7723	ENSMUST00000058444.9|ENSMUSG00000051403|Ppp1r37	chr7	19530799	19531056	-	Ppp1r37	257	59.14
N6730	7724	ENSMUST00000117222.1|ENSMUSG00000044709|Gemin7	chr7	19564945	19565122	-	Gemin7	177	51.98
N6731	7725	ENSMUST00000207663.1|ENSMUSG00000061028|Clasrp	chr7	19581042	19584283	-	Clasrp	3241	52.88
N6732	7726	ENSMUST00000208087.1|ENSMUSG00000002983|Relb	chr7	19606552	19611622	-	Relb	5070	48.76
N6733	7727	ENSMUST00000055242.10|ENSMUSG00000002981|Clptm1	chr7	19631570	19633436	-	Clptm1	1866	51.66
N6734	7728	ENSMUST00000174064.8|ENSMUSG00000002985|Apoe	chr7	19696108	19696231	-	Apoe	123	49.59
N6735	773	ENSMUST00000108656.8|ENSMUSG00000069835|Sat2	chr11	69623806	69623870	+	Sat2	64	53.12
N6736	7730	ENSMUST00000075447.13|ENSMUSG00000062300|Nectin2	chr7	19716643	19717352	-	Nectin2	709	50.35
N6737	7731	ENSMUST00000133427.1|ENSMUSG00000002980|Bcam	chr7	19766986	19768412	-	Bcam	1426	48.46
N6738	7732	ENSMUST00000135609.7|ENSMUSG00000053175|Bcl3	chr7	19808461	19808695	-	Bcl3	234	48.29
N6739	7733	ENSMUST00000172815.3|ENSMUSG00000092216|Gm19345	chr7	19858059	19858350	+	Gm19345	291	55.67
N6740	7734	ENSMUST00000043517.7|ENSMUSG00000040511|Pvr	chr7	19903577	19904978	-	Pvr	1401	44.18
N6741	7735	ENSMUST00000206184.1|ENSMUSG00000057101|Zfp180	chr7	24097993	24104558	+	Zfp180	6565	46.41
N6742	7736	ENSMUST00000056549.8|ENSMUSG00000047603|Zfp235	chr7	24142883	24143241	+	Zfp235	358	40.5
N6743	7737	ENSMUST00000086006.11|ENSMUSG00000087598|Zfp111	chr7	24193946	24197891	-	Zfp111	3945	39.44
N6744	7738	ENSMUST00000108438.9|ENSMUSG00000055305|Zfp93	chr7	24276679	24277794	+	Zfp93	1115	31.93
N6745	7739	ENSMUST00000108436.7|ENSMUSG00000074282|Zfp94	chr7	24301703	24302240	-	Zfp94	537	43.95
N6746	774	ENSMUST00000018909.3|ENSMUSG00000018765|Fxr2	chr11	69653010	69653297	+	Fxr2	287	54.36
N6747	7740	ENSMUST00000002280.10|ENSMUSG00000002210|Smg9	chr7	24422534	24422778	+	Smg9	244	57.79
N6748	7741	ENSMUST00000068023.7|ENSMUSG00000054793|Cadm4	chr7	24503814	24504539	+	Cadm4	725	54.62
N6749	7742	ENSMUST00000234781.1|ENSMUSG00000117477|Gm50092	chr7	24510482	24510545	-	Gm50092	63	44.44
N6750	7743	ENSMUST00000049020.8|ENSMUSG00000041037|Irgq	chr7	24534635	24538600	+	Irgq	3965	51.0
N6751	7744	ENSMUST00000170837.2|ENSMUSG00000091955|Gm9844	chr7	24862627	24862697	+	Gm9844	70	22.86
N6752	7745	ENSMUST00000129847.7|ENSMUSG00000040952|Rps19	chr7	24888465	24889806	+	Rps19	1341	52.05
N6753	7746	ENSMUST00000003469.7|ENSMUSG00000003379|Cd79a	chr7	24901713	24902197	+	Cd79a	484	54.13
N6754	7747	ENSMUST00000206508.1|ENSMUSG00000040940|Arhgef1	chr7	24926398	24926594	+	Arhgef1	196	59.18
N6755	7748	ENSMUST00000205328.1|ENSMUSG00000003378|Grik5	chr7	25009848	25065120	-	Grik5	55272	51.09
N6756	7749	ENSMUST00000179556.1|ENSMUSG00000045252|Zfp574	chr7	25082405	25083492	+	Zfp574	1087	48.76
N6757	7750	ENSMUST00000175774.8|ENSMUSG00000008496|Pou2f2	chr7	25087343	25092645	-	Pou2f2	5302	49.98
N6758	7752	ENSMUST00000071739.11|ENSMUSG00000057177|Gsk3a	chr7	25228257	25228662	-	Gsk3a	405	52.84
N6759	7753	ENSMUST00000169266.7|ENSMUSG00000005442|Cic	chr7	25293927	25294159	+	Cic	232	52.59
N6760	7754	ENSMUST00000128119.1|ENSMUSG00000045039|Megf8	chr7	25364738	25365917	+	Megf8	1179	54.45
N6761	7755	ENSMUST00000205923.1|ENSMUSG00000003123|Lipe	chr7	25383152	25383439	-	Lipe	287	54.7
N6762	7756	ENSMUST00000206940.1|ENSMUSG00000059479|B3gnt8	chr7	25631844	25635100	+	B3gnt8	3256	53.13
N6763	7757	ENSMUST00000205808.1|ENSMUSG00000060376|Bckdha	chr7	25629945	25630189	-	Bckdha	244	57.79
N6764	7758	ENSMUST00000079439.9|ENSMUSG00000061702|Tmem91	chr7	25669138	25669191	-	Tmem91	53	50.94
N6765	7759	ENSMUST00000205658.1|ENSMUSG00000063439|B9d2	chr7	25686442	25686558	+	B9d2	116	60.34
N6766	7760	ENSMUST00000169009.7|ENSMUSG00000002603|Tgfb1	chr7	25692537	25697213	+	Tgfb1	4676	49.59
N6767	7761	ENSMUST00000002683.2|ENSMUSG00000002608|Ccdc97	chr7	25711105	25712844	-	Ccdc97	1739	56.53
N6768	7763	ENSMUST00000002677.10|ENSMUSG00000002602|Axl	chr7	25757272	25758171	-	Axl	899	43.83
N6769	7764	ENSMUST00000003100.9|ENSMUSG00000052974|Cyp2f2	chr7	27133545	27133660	+	Cyp2f2	115	43.48
N6770	7765	ENSMUST00000080058.10|ENSMUSG00000058709|Egln2	chr7	27158657	27158916	-	Egln2	259	55.98
N6771	7766	ENSMUST00000153511.7|ENSMUSG00000053291|Rab4b	chr7	27168425	27172636	-	Rab4b	4211	50.63
N6772	7767	ENSMUST00000154724.1|ENSMUSG00000095538|Gm21983	chr7	27168429	27172636	-	Gm21983	4207	50.63
N6773	7768	ENSMUST00000003850.7|ENSMUSG00000003752|Itpkc	chr7	27207171	27207463	-	Itpkc	292	46.23
N6774	7769	ENSMUST00000128090.7|ENSMUSG00000003762|Coq8b	chr7	27250702	27257945	+	Coq8b	7243	51.1
N6775	777	ENSMUST00000005336.8|ENSMUSG00000005204|Senp3	chr11	69673114	69673319	-	Senp3	205	44.88
N6776	7770	ENSMUST00000079258.6|ENSMUSG00000063160|Numbl	chr7	27281837	27282141	+	Numbl	304	56.91
N6777	7771	ENSMUST00000038618.12|ENSMUSG00000040488|Ltbp4	chr7	27305135	27305247	-	Ltbp4	112	41.96
N6778	7772	ENSMUST00000126587.1|ENSMUSG00000092367|Gm20479	chr7	27352648	27356538	-	Gm20479	3890	50.9
N6779	7773	ENSMUST00000108362.7|ENSMUSG00000011751|Sptbn4	chr7	27356382	27356682	-	Sptbn4	300	58.67
N6780	7774	ENSMUST00000037399.15|ENSMUSG00000040466|Blvrb	chr7	27466025	27466144	+	Blvrb	119	47.9
N6781	7775	ENSMUST00000068641.7|ENSMUSG00000055200|Sertad3	chr7	27476985	27477364	+	Sertad3	379	49.6
N6782	7777	ENSMUST00000131106.7|ENSMUSG00000003363|Pld3	chr7	27539650	27541084	-	Pld3	1434	51.12
N6783	7779	ENSMUST00000108344.8|ENSMUSG00000004056|Akt2	chr7	27639233	27640826	+	Akt2	1593	52.67
N6784	778	ENSMUST00000180587.7|ENSMUSG00000018752|Tnfsfm13	chr11	69682576	69683086	-	Tnfsfm13	510	46.47
N6785	7781	ENSMUST00000036453.13|ENSMUSG00000040390|Map3k10	chr7	27656374	27656515	-	Map3k10	141	60.28
N6786	7782	ENSMUST00000205701.1|ENSMUSG00000078779|Zfp59	chr7	27855367	27856438	+	Zfp59	1071	41.64
N6787	7783	ENSMUST00000085901.12|ENSMUSG00000002409|Dyrk1b	chr7	28187071	28187294	+	Dyrk1b	223	63.23
N6788	7784	ENSMUST00000059596.7|ENSMUSG00000046058|Eid2	chr7	28268924	28269272	+	Eid2	348	38.22
N6789	7785	ENSMUST00000094651.3|ENSMUSG00000070705|Eid2b	chr7	28278618	28279489	+	Eid2b	871	39.27
N6790	7786	ENSMUST00000108315.3|ENSMUSG00000003436|Dll3	chr7	28293552	28293772	-	Dll3	220	48.18
N6791	7787	ENSMUST00000081946.4|ENSMUSG00000003438|Timm50	chr7	28305515	28305779	-	Timm50	264	56.06
N6792	7788	ENSMUST00000082134.5|ENSMUSG00000037563|Rps16	chr7	28352787	28353155	+	Rps16	368	44.29
N6793	7789	ENSMUST00000051241.6|ENSMUSG00000044786|Zfp36	chr7	28376783	28377126	-	Zfp36	343	35.86
N6794	779	ENSMUST00000018896.13|ENSMUSG00000089669|Tnfsf13	chr11	69682845	69683086	-	Tnfsf13	241	44.81
N6795	7790	ENSMUST00000003536.8|ENSMUSG00000003444|Med29	chr7	28386145	28386554	-	Med29	409	51.34
N6796	7791	ENSMUST00000207766.1|ENSMUSG00000109336|Samd4b	chr7	28401460	28403619	-	Samd4b	2159	51.09
N6797	7792	ENSMUST00000108288.8|ENSMUSG00000030600|Lrfn1	chr7	28468002	28468242	+	Lrfn1	240	52.5
N6798	7793	ENSMUST00000108283.7|ENSMUSG00000030602|Pak4	chr7	28558818	28559416	-	Pak4	598	51.51
N6799	7794	ENSMUST00000039998.10|ENSMUSG00000037463|Fbxo27	chr7	28698927	28699338	+	Fbxo27	411	45.01
N6800	7795	ENSMUST00000032818.12|ENSMUSG00000030598|Fbxo17	chr7	28737924	28738144	+	Fbxo17	220	44.09
N6801	7796	ENSMUST00000171183.1|ENSMUSG00000045948|Mrps12	chr7	28739640	28739720	-	Mrps12	80	41.25
N6802	7798	ENSMUST00000059857.7|ENSMUSG00000051735|Rinl	chr7	28798620	28798963	+	Rinl	343	49.56
N6803	7799	ENSMUST00000066880.5|ENSMUSG00000054083|Capn12	chr7	28893136	28893563	+	Capn12	427	50.12
N6804	78	ENSMUST00000080898.3|ENSMUSG00000063953|Amd2	chr10	35708674	35709670	-	Amd2	996	39.46
N6805	780	ENSMUST00000181810.7|ENSMUSG00000097328|Tnfsf12	chr11	69686249	69686493	-	Tnfsf12	244	38.93
N6806	7800	ENSMUST00000068045.13|ENSMUSG00000054808|Actn4	chr7	28893247	28893888	-	Actn4	641	44.93
N6807	7801	ENSMUST00000208707.1|ENSMUSG00000053565|Eif3k	chr7	28974643	28977200	-	Eif3k	2557	48.03
N6808	7802	ENSMUST00000085818.5|ENSMUSG00000046410|Kcnk6	chr7	29221925	29224090	-	Kcnk6	2165	45.08
N6809	7803	ENSMUST00000142519.2|ENSMUSG00000030588|Yif1b	chr7	29247540	29247597	+	Yif1b	57	56.14
N6810	7804	ENSMUST00000032808.5|ENSMUSG00000030587|2200002D01Rik	chr7	29246560	29247236	-	2200002D01Rik	676	52.66
N6811	7805	ENSMUST00000048187.5|ENSMUSG00000037166|Ppp1r14a	chr7	29293466	29293801	+	Ppp1r14a	335	59.1
N6812	7806	ENSMUST00000049977.12|ENSMUSG00000030584|Dpf1	chr7	29316735	29317588	+	Dpf1	853	54.4
N6813	7807	ENSMUST00000183330.7|ENSMUSG00000030583|Sipa1l3	chr7	29320371	29321928	-	Sipa1l3	1557	51.0
N6814	7808	ENSMUST00000032802.4|ENSMUSG00000046185|Zfp84	chr7	29778437	29779821	+	Zfp84	1384	44.0
N6815	7809	ENSMUST00000178162.2|ENSMUSG00000011427|Zfp790	chr7	29830397	29831005	+	Zfp790	608	41.12
N6816	781	ENSMUST00000058470.15|ENSMUSG00000005198|Polr2a	chr11	69733996	69734235	-	Polr2a	239	43.93
N6817	7810	ENSMUST00000057652.6|ENSMUSG00000058402|Zfp420	chr7	29876338	29876827	+	Zfp420	489	32.52
N6818	7811	ENSMUST00000162592.7|ENSMUSG00000062040|Zfp27	chr7	29893332	29893846	-	Zfp27	514	42.22
N6819	7812	ENSMUST00000207873.1|ENSMUSG00000053985|Zfp14	chr7	30036358	30037359	-	Zfp14	1001	40.86
N6820	7814	ENSMUST00000062181.8|ENSMUSG00000037029|Zfp146	chr7	30161268	30161480	-	Zfp146	212	41.51
N6821	7815	ENSMUST00000001845.12|ENSMUSG00000001794|Capns1	chr7	30186941	30187216	-	Capns1	275	52.0
N6822	7816	ENSMUST00000145027.7|ENSMUSG00000037020|Wdr62	chr7	30240137	30241230	-	Wdr62	1093	54.99
N6823	7817	ENSMUST00000014065.15|ENSMUSG00000013921|Clip3	chr7	30307008	30308367	+	Clip3	1359	50.77
N6824	7818	ENSMUST00000137550.1|ENSMUSG00000042831|Alkbh6	chr7	30312707	30314161	+	Alkbh6	1454	53.44
N6825	7819	ENSMUST00000098586.4|ENSMUSG00000074211|Sdhaf1	chr7	30321405	30321671	-	Sdhaf1	266	43.61
N6826	782	ENSMUST00000108639.7|ENSMUSG00000018750|Zbtb4	chr11	69781812	69784023	+	Zbtb4	2211	44.28
N6827	7820	ENSMUST00000108176.8|ENSMUSG00000036931|Nfkbid	chr7	30428445	30428746	+	Nfkbid	301	49.17
N6828	7822	ENSMUST00000045817.13|ENSMUSG00000036915|Kirrel2	chr7	30447535	30447846	-	Kirrel2	311	44.69
N6829	7824	ENSMUST00000108165.7|ENSMUSG00000036864|Proser3	chr7	30539133	30539347	-	Proser3	214	44.39
N6830	7825	ENSMUST00000044048.7|ENSMUSG00000036854|Hspb6	chr7	30555085	30555443	+	Hspb6	358	48.6
N6831	7826	ENSMUST00000164365.7|ENSMUSG00000078765|U2af1l4	chr7	30564798	30565179	+	U2af1l4	381	51.71
N6832	7827	ENSMUST00000108161.8|ENSMUSG00000109378|Gm49396	chr7	30564798	30567960	+	Gm49396	3162	53.04
N6833	7828	ENSMUST00000006470.13|ENSMUSG00000006307|Kmt2b	chr7	30568857	30569012	-	Kmt2b	155	45.16
N6834	7829	ENSMUST00000075738.5|ENSMUSG00000036751|Cox6b1	chr7	30616860	30616960	-	Cox6b1	100	46.0
N6835	783	ENSMUST00000045971.8|ENSMUSG00000041189|Chrnb1	chr11	69784035	69784299	-	Chrnb1	264	33.71
N6836	7830	ENSMUST00000132862.7|ENSMUSG00000078762|Haus5	chr7	30653710	30656833	-	Haus5	3123	50.14
N6837	7831	ENSMUST00000170699.7|ENSMUSG00000058239|Usf2	chr7	30946579	30954743	-	Usf2	8164	50.18
N6838	7832	ENSMUST00000206341.1|ENSMUSG00000036578|Fxyd7	chr7	31042512	31042699	-	Fxyd7	187	56.68
N6839	7833	ENSMUST00000206328.1|ENSMUSG00000036570|Fxyd1	chr7	31051677	31051747	-	Fxyd1	70	55.71
N6840	7834	ENSMUST00000164725.2|ENSMUSG00000036560|Lgi4	chr7	31061258	31064074	+	Lgi4	2816	51.92
N6841	7835	ENSMUST00000167369.7|ENSMUSG00000057092|Fxyd3	chr7	31068171	31068876	-	Fxyd3	705	48.65
N6842	7837	ENSMUST00000206233.1|ENSMUSG00000001248|Gramd1a	chr7	31132788	31138113	-	Gramd1a	5325	51.89
N6843	7838	ENSMUST00000140911.3|ENSMUSG00000036459|Wtip	chr7	34110225	34118674	-	Wtip	8449	46.64
N6844	7839	ENSMUST00000175991.7|ENSMUSG00000052997|Uba2	chr7	34151043	34154451	-	Uba2	3408	43.81
N6845	784	ENSMUST00000108633.8|ENSMUSG00000019461|Plscr3	chr11	69850848	69852058	+	Plscr3	1210	51.24
N6846	7840	ENSMUST00000205865.1|ENSMUSG00000036427|Gpi1	chr7	34202382	34207605	-	Gpi1	5223	49.72
N6847	7842	ENSMUST00000206388.1|ENSMUSG00000066568|Lsm14a	chr7	34345714	34371026	-	Lsm14a	25312	40.75
N6848	7843	ENSMUST00000108069.7|ENSMUSG00000030499|Kctd15	chr7	34639013	34639689	-	Kctd15	676	52.81
N6849	7844	ENSMUST00000130491.2|ENSMUSG00000056216|Cebpg	chr7	35046421	35050116	-	Cebpg	3695	40.57
N6850	7845	ENSMUST00000205391.1|ENSMUSG00000034957|Cebpa	chr7	35121017	35121928	+	Cebpa	911	51.92
N6851	7846	ENSMUST00000167441.1|ENSMUSG00000030495|Slc7a10	chr7	35197727	35197951	+	Slc7a10	224	55.36
N6852	7847	ENSMUST00000122409.7|ENSMUSG00000001802|Lrp3	chr7	35200877	35201254	-	Lrp3	377	48.81
N6853	7849	ENSMUST00000032704.11|ENSMUSG00000030493|Faap24	chr7	35392151	35392533	-	Faap24	382	42.93
N6854	785	ENSMUST00000050555.5|ENSMUSG00000046731|Kctd11	chr11	69878260	69878739	-	Kctd11	479	49.06
N6855	7850	ENSMUST00000040962.5|ENSMUSG00000034875|Nudt19	chr7	35547184	35547468	-	Nudt19	284	42.25
N6856	7851	ENSMUST00000206472.1|ENSMUSG00000034867|Ankrd27	chr7	35620662	35634619	+	Ankrd27	13957	49.76
N6857	7852	ENSMUST00000144416.1|ENSMUSG00000043671|Dpy19l3	chr7	35714159	35721524	-	Dpy19l3	7365	44.22
N6858	7853	ENSMUST00000061586.10|ENSMUSG00000044452|Zfp507	chr7	35772342	35775007	-	Zfp507	2665	42.78
N6859	7855	ENSMUST00000206169.1|ENSMUSG00000030421|Uri1	chr7	37969604	37982789	-	Uri1	13185	38.89
N6860	7857	ENSMUST00000098513.5|ENSMUSG00000074170|Plekhf1	chr7	38216971	38220900	-	Plekhf1	3929	51.92
N6861	7858	ENSMUST00000044705.11|ENSMUSG00000039257|Vstm2b	chr7	40929786	40930594	+	Vstm2b	808	39.23
N6862	7859	ENSMUST00000071804.9|ENSMUSG00000056383|AI987944	chr7	41372922	41374016	-	AI987944	1094	41.13
N6863	7860	ENSMUST00000098508.8|ENSMUSG00000074165|Zfp788	chr7	41650751	41651530	+	Zfp788	779	38.77
N6864	7861	ENSMUST00000174407.2|ENSMUSG00000092416|Zfp141	chr7	42473385	42473990	-	Zfp141	605	33.88
N6865	7862	ENSMUST00000145622.7|ENSMUSG00000012640|Zfp715	chr7	43296522	43301572	-	Zfp715	5050	38.75
N6866	7863	ENSMUST00000122423.7|ENSMUSG00000039013|Siglecf	chr7	43359186	43359531	+	Siglecf	345	32.75
N6867	7864	ENSMUST00000203042.1|ENSMUSG00000070604|Vsig10l	chr7	43468250	43470999	+	Vsig10l	2749	48.2
N6868	7865	ENSMUST00000205503.1|ENSMUSG00000004609|Cd33	chr7	43524215	43528440	-	Cd33	4225	38.04
N6869	7866	ENSMUST00000058104.7|ENSMUSG00000030469|Zfp719	chr7	43591839	43593235	+	Zfp719	1396	41.05
N6870	7867	ENSMUST00000038332.8|ENSMUSG00000038888|Ctu1	chr7	43677929	43678298	+	Ctu1	369	47.97
N6871	7868	ENSMUST00000055858.13|ENSMUSG00000045411|2410002F23Rik	chr7	44251927	44252319	+	2410002F23Rik	392	45.92
N6872	7869	ENSMUST00000004587.10|ENSMUSG00000004473|Clec11a	chr7	44302686	44304341	-	Clec11a	1655	46.89
N6873	787	ENSMUST00000142788.7|ENSMUSG00000018565|Elp5	chr11	69968221	69970560	-	Elp5	2339	46.73
N6874	7872	ENSMUST00000136679.7|ENSMUSG00000038695|Josd2	chr7	44470537	44471651	+	Josd2	1114	58.8
N6875	7874	ENSMUST00000107912.7|ENSMUSG00000060601|Nr1h2	chr7	44549615	44549836	-	Nr1h2	221	54.3
N6876	7875	ENSMUST00000107899.9|ENSMUSG00000030739|Myh14	chr7	44605802	44606006	-	Myh14	204	53.92
N6877	7876	ENSMUST00000147952.8|ENSMUSG00000002205|Vrk3	chr7	44769653	44777515	+	Vrk3	7862	49.19
N6878	7877	ENSMUST00000047356.10|ENSMUSG00000038539|Atf5	chr7	44812255	44812698	-	Atf5	443	51.69
N6879	7878	ENSMUST00000057195.16|ENSMUSG00000109511|Nup62	chr7	44830542	44830812	+	Nup62	270	48.52
N6880	7879	ENSMUST00000047085.15|ENSMUSG00000038520|Tbc1d17	chr7	44834622	44841080	-	Tbc1d17	6458	55.11
N6881	788	ENSMUST00000108593.7|ENSMUSG00000018559|Ctdnep1	chr11	69990313	69990601	+	Ctdnep1	288	45.14
N6882	7881	ENSMUST00000155050.4|ENSMUSG00000002963|Pnkp	chr7	44858749	44862641	+	Pnkp	3892	55.99
N6883	7882	ENSMUST00000207416.1|ENSMUSG00000038502|Ptov1	chr7	44863066	44863284	-	Ptov1	218	55.96
N6884	7883	ENSMUST00000208556.1|ENSMUSG00000002968|Med25	chr7	44885175	44891661	-	Med25	6486	52.37
N6885	7884	ENSMUST00000211735.1|ENSMUSG00000038406|Scaf1	chr7	45002947	45003031	-	Scaf1	84	54.76
N6886	7885	ENSMUST00000044111.9|ENSMUSG00000038387|Rras	chr7	45021512	45021647	+	Rras	135	52.59
N6887	7886	ENSMUST00000057293.7|ENSMUSG00000046574|Prr12	chr7	45027562	45027947	-	Prr12	385	53.51
N6888	7887	ENSMUST00000209920.1|ENSMUSG00000007837|Prrg2	chr7	45053902	45054424	-	Prrg2	522	61.69
N6889	7888	ENSMUST00000003513.10|ENSMUSG00000003421|Nosip	chr7	45077766	45078210	+	Nosip	444	47.97
N6890	7889	ENSMUST00000211352.1|ENSMUSG00000019539|Rcn3	chr7	45082912	45083107	-	Rcn3	195	53.33
N6891	7890	ENSMUST00000003512.8|ENSMUSG00000003420|Fcgrt	chr7	45092989	45093097	-	Fcgrt	108	42.59
N6892	7891	ENSMUST00000209812.1|ENSMUSG00000074129|Rpl13a	chr7	45125871	45126114	-	Rpl13a	243	53.09
N6893	7892	ENSMUST00000210818.1|ENSMUSG00000110206|Flt3l	chr7	45131187	45132227	-	Flt3l	1040	51.73
N6894	7893	ENSMUST00000209957.1|ENSMUSG00000007833|Aldh16a1	chr7	45147397	45147724	-	Aldh16a1	327	62.39
N6895	7894	ENSMUST00000085374.6|ENSMUSG00000070570|Slc17a7	chr7	45175589	45176142	+	Slc17a7	553	56.42
N6896	7895	ENSMUST00000033060.13|ENSMUSG00000030796|Tead2	chr7	45233357	45233644	+	Tead2	287	44.25
N6897	7896	ENSMUST00000209779.1|ENSMUSG00000030798|Cd37	chr7	45233636	45234264	-	Cd37	628	53.03
N6898	7897	ENSMUST00000211431.1|ENSMUSG00000038260|Trpm4	chr7	45302631	45326562	-	Trpm4	23931	50.05
N6899	7898	ENSMUST00000211067.1|ENSMUSG00000003863|Ppfia3	chr7	45339125	45339434	-	Ppfia3	309	55.34
N6900	7899	ENSMUST00000210865.1|ENSMUSG00000003872|Lin7b	chr7	45367890	45368276	-	Lin7b	386	53.63
N6901	79	ENSMUST00000092584.5|ENSMUSG00000069662|Marcks	chr10	37133374	37135045	-	Marcks	1671	34.11
N6902	790	ENSMUST00000018716.9|ENSMUSG00000018572|Phf23	chr11	69999696	70000009	+	Phf23	313	47.28
N6903	7900	ENSMUST00000209993.1|ENSMUSG00000063511|Snrnp70	chr7	45377145	45380716	-	Snrnp70	3571	47.19
N6904	7901	ENSMUST00000211440.1|ENSMUSG00000003868|Ruvbl2	chr7	45424948	45425080	-	Ruvbl2	132	60.61
N6905	7902	ENSMUST00000003964.16|ENSMUSG00000003865|Gys1	chr7	45456243	45456619	+	Gys1	376	53.19
N6906	7903	ENSMUST00000210106.1|ENSMUSG00000050708|Ftl1	chr7	45457944	45458527	-	Ftl1	583	52.14
N6907	7904	ENSMUST00000211365.1|ENSMUSG00000003873|Bax	chr7	45461696	45461772	-	Bax	76	63.16
N6908	7905	ENSMUST00000011526.6|ENSMUSG00000011382|Dhdh	chr7	45470986	45474566	-	Dhdh	3580	45.36
N6909	7906	ENSMUST00000211765.1|ENSMUSG00000030824|Nucb1	chr7	45490457	45493252	-	Nucb1	2795	48.73
N6910	7907	ENSMUST00000209410.1|ENSMUSG00000030826|Bcat2	chr7	45588528	45589706	+	Bcat2	1178	56.2
N6911	7908	ENSMUST00000057927.9|ENSMUSG00000044562|Rasip1	chr7	45639032	45639093	+	Rasip1	61	50.82
N6912	7909	ENSMUST00000183120.3|ENSMUSG00000070564|Ntn5	chr7	45694302	45694427	+	Ntn5	125	76.0
N6913	791	ENSMUST00000102575.8|ENSMUSG00000020888|Dvl2	chr11	70009740	70012301	+	Dvl2	2561	53.69
N6914	7910	ENSMUST00000209796.1|ENSMUSG00000003273|Car11	chr7	45703878	45704546	+	Car11	668	51.8
N6915	7911	ENSMUST00000080885.11|ENSMUSG00000059824|Dbp	chr7	45710028	45710203	+	Dbp	175	48.57
N6916	7913	ENSMUST00000107729.9|ENSMUSG00000003269|Cyth2	chr7	45806636	45807612	-	Cyth2	976	52.36
N6917	7914	ENSMUST00000071937.6|ENSMUSG00000058743|Kcnj14	chr7	45816459	45817467	-	Kcnj14	1008	47.52
N6918	7915	ENSMUST00000209484.1|ENSMUSG00000053801|Grwd1	chr7	45825229	45829981	-	Grwd1	4752	51.77
N6919	7916	ENSMUST00000002848.9|ENSMUSG00000002771|Grin2d	chr7	45831882	45832502	-	Grin2d	620	54.68
N6920	7918	ENSMUST00000002850.7|ENSMUSG00000030834|Abcc6	chr7	45976379	45976652	-	Abcc6	273	46.15
N6921	7919	ENSMUST00000033121.6|ENSMUSG00000030835|Nomo1	chr7	46083949	46084212	+	Nomo1	263	47.15
N6922	792	ENSMUST00000231221.1|ENSMUSG00000020886|Dlg4	chr11	70032575	70037296	+	Dlg4	4721	44.72
N6923	7920	ENSMUST00000143082.3|ENSMUSG00000006763|Saal1	chr7	46686107	46688239	-	Saal1	2132	44.23
N6924	7921	ENSMUST00000006952.8|ENSMUSG00000040017|Saa4	chr7	46727997	46728903	-	Saa4	906	47.46
N6925	7922	ENSMUST00000128088.3|ENSMUSG00000074115|Saa1	chr7	46740496	46740555	-	Saa1	59	45.76
N6926	7923	ENSMUST00000210769.1|ENSMUSG00000057465|Saa2	chr7	46754257	46754313	+	Saa2	56	46.43
N6927	7924	ENSMUST00000211347.1|ENSMUSG00000014418|Hps5	chr7	46760469	46783470	-	Hps5	23001	43.64
N6928	7925	ENSMUST00000209548.1|ENSMUSG00000063229|Ldha	chr7	46854144	46855438	+	Ldha	1294	47.37
N6929	7926	ENSMUST00000211076.1|ENSMUSG00000014402|Tsg101	chr7	46892496	46908835	-	Tsg101	16339	41.35
N6930	7927	ENSMUST00000207986.1|ENSMUSG00000043262|Uevld	chr7	46923538	46940091	-	Uevld	16553	42.31
N6931	7928	ENSMUST00000061639.9|ENSMUSG00000049516|Spty2d1	chr7	46990395	46992984	-	Spty2d1	2589	36.93
N6932	793	ENSMUST00000146411.8|ENSMUSG00000020884|Asgr1	chr11	70057791	70057894	+	Asgr1	103	47.57
N6933	7930	ENSMUST00000102626.9|ENSMUSG00000030854|Ptpn5	chr7	47077794	47078091	-	Ptpn5	297	45.12
N6934	7931	ENSMUST00000118927.7|ENSMUSG00000030471|Zdhhc13	chr7	48827191	48827440	+	Zdhhc13	249	25.3
N6935	7932	ENSMUST00000085272.6|ENSMUSG00000039745|Htatip2	chr7	49773731	49773975	+	Htatip2	244	52.87
N6936	7933	ENSMUST00000147401.7|ENSMUSG00000030505|Prmt3	chr7	49787375	49826894	+	Prmt3	39519	41.77
N6937	7934	ENSMUST00000169357.1|ENSMUSG00000092118|Fancf	chr7	51860576	51860966	-	Fancf	390	34.36
N6938	7935	ENSMUST00000082373.7|ENSMUSG00000063297|Luzp2	chr7	55266275	55268885	+	Luzp2	2610	34.83
N6939	7936	ENSMUST00000206191.1|ENSMUSG00000033790|Tubgcp5	chr7	55806829	55831446	+	Tubgcp5	24617	41.42
N6940	7937	ENSMUST00000032629.15|ENSMUSG00000030447|Cyfip1	chr7	55930368	55932602	+	Cyfip1	2234	38.85
N6941	7939	ENSMUST00000052204.5|ENSMUSG00000047037|Nipa1	chr7	55977566	55978701	-	Nipa1	1135	38.77
N6942	794	ENSMUST00000123716.1|ENSMUSG00000040938|Slc16a11	chr11	70216051	70216413	+	Slc16a11	362	57.46
N6943	7940	ENSMUST00000076226.12|ENSMUSG00000030451|Herc2	chr7	56231465	56231800	+	Herc2	335	28.66
N6944	7943	ENSMUST00000200758.3|ENSMUSG00000025326|Ube3a	chr7	59306470	59311536	+	Ube3a	5066	34.15
N6945	7944	ENSMUST00000179360.2|ENSMUSG00000000948|Gm38393	chr7	59974148	59983131	-	Gm38393	8983	31.45
N6946	7945	ENSMUST00000059305.16|ENSMUSG00000102252|Snrpn	chr7	59982494	59983091	-	Snrpn	597	31.32
N6947	7946	ENSMUST00000038775.5|ENSMUSG00000033585|Ndn	chr7	62349732	62350262	+	Ndn	530	42.45
N6948	7947	ENSMUST00000177511.1|ENSMUSG00000033510|Otud7a	chr7	63757692	63757925	+	Otud7a	233	65.67
N6949	7948	ENSMUST00000063694.9|ENSMUSG00000052040|Klf13	chr7	63886350	63891359	-	Klf13	5009	51.83
N6950	795	ENSMUST00000060010.2|ENSMUSG00000044367|Slc16a13	chr11	70216788	70217239	-	Slc16a13	451	49.89
N6951	7950	ENSMUST00000032732.14|ENSMUSG00000030519|Apba2	chr7	64753290	64753878	+	Apba2	588	47.96
N6952	7951	ENSMUST00000119118.7|ENSMUSG00000030518|Fam189a1	chr7	64756090	64758893	-	Fam189a1	2803	49.73
N6953	7952	ENSMUST00000094331.4|ENSMUSG00000070520|Nsmce3	chr7	64867051	64871867	-	Nsmce3	4816	41.84
N6954	7953	ENSMUST00000206612.1|ENSMUSG00000030516|Tjp1	chr7	65296707	65312333	-	Tjp1	15626	41.54
N6955	7954	ENSMUST00000032728.8|ENSMUSG00000030515|Tarsl2	chr7	65691582	65692091	+	Tarsl2	509	40.08
N6956	7955	ENSMUST00000206934.1|ENSMUSG00000078681|Tm2d3	chr7	65697914	65701900	+	Tm2d3	3986	47.62
N6957	7957	ENSMUST00000032723.8|ENSMUSG00000030512|Snrpa1	chr7	66070743	66074580	+	Snrpa1	3837	44.18
N6958	7959	ENSMUST00000036372.7|ENSMUSG00000032640|Chsy1	chr7	66172569	66173798	+	Chsy1	1229	41.01
N6959	796	ENSMUST00000000326.11|ENSMUSG00000000317|Bcl6b	chr11	70224127	70225878	-	Bcl6b	1751	46.32
N6960	7960	ENSMUST00000015278.14|ENSMUSG00000015134|Aldh1a3	chr7	66390889	66391558	-	Aldh1a3	669	38.12
N6961	7961	ENSMUST00000130161.8|ENSMUSG00000053091|Lins1	chr7	66710746	66717256	+	Lins1	6510	45.19
N6962	7962	ENSMUST00000187953.7|ENSMUSG00000030556|Lrrc28	chr7	67513411	67617992	-	Lrrc28	104581	42.69
N6963	7963	ENSMUST00000208764.1|ENSMUSG00000030555|Ttc23	chr7	67751976	67762912	+	Ttc23	10936	47.03
N6964	7964	ENSMUST00000208231.1|ENSMUSG00000030554|Synm	chr7	67730167	67733001	-	Synm	2834	43.75
N6965	7965	ENSMUST00000048068.14|ENSMUSG00000042659|Arrdc4	chr7	68736994	68738959	-	Arrdc4	1965	42.24
N6966	7966	ENSMUST00000032768.14|ENSMUSG00000030551|Nr2f2	chr7	70351943	70353577	-	Nr2f2	1634	39.05
N6967	7967	ENSMUST00000119206.2|ENSMUSG00000070509|Rgma	chr7	73418243	73419899	+	Rgma	1656	58.03
N6968	7968	ENSMUST00000107456.3|ENSMUSG00000078670|Fam174b	chr7	73775047	73776919	+	Fam174b	1872	49.31
N6969	7969	ENSMUST00000207750.1|ENSMUSG00000066406|Akap13	chr7	75752401	75754609	+	Akap13	2208	50.18
N6970	797	ENSMUST00000176116.7|ENSMUSG00000040904|Gm21988	chr11	70235205	70238180	-	Gm21988	2975	55.5
N6971	7970	ENSMUST00000171155.3|ENSMUSG00000055652|Klhl25	chr7	75867265	75874131	+	Klhl25	6866	53.36
N6972	7971	ENSMUST00000032841.6|ENSMUSG00000030612|Mrpl46	chr7	78775235	78775308	-	Mrpl46	73	38.36
N6973	7972	ENSMUST00000107425.7|ENSMUSG00000030609|Aen	chr7	78908201	78911209	+	Aen	3008	48.9
N6974	7973	ENSMUST00000205563.1|ENSMUSG00000030605|Mfge8	chr7	79134115	79134625	-	Mfge8	510	58.04
N6975	7974	ENSMUST00000037315.12|ENSMUSG00000039202|Abhd2	chr7	79361225	79365508	+	Abhd2	4283	47.89
N6976	7975	ENSMUST00000179243.2|ENSMUSG00000039194|Rlbp1	chr7	79374869	79375161	-	Rlbp1	292	46.92
N6977	7976	ENSMUST00000183846.7|ENSMUSG00000050382|Kif7	chr7	79698097	79698374	-	Kif7	277	37.18
N6978	7977	ENSMUST00000032761.7|ENSMUSG00000030545|Pex11a	chr7	79735956	79736508	-	Pex11a	552	42.39
N6979	7978	ENSMUST00000107392.7|ENSMUSG00000039062|Anpep	chr7	79821802	79822032	-	Anpep	230	46.09
N6980	7979	ENSMUST00000048731.5|ENSMUSG00000039043|Arpin	chr7	79925360	79926085	-	Arpin	725	44.41
N6981	798	ENSMUST00000125752.2|ENSMUSG00000093989|Rnasek	chr11	70238123	70238937	-	Rnasek	814	52.83
N6982	7980	ENSMUST00000134328.7|ENSMUSG00000030541|Idh2	chr7	80094849	80097803	-	Idh2	2954	50.54
N6983	7981	ENSMUST00000062915.8|ENSMUSG00000050973|Gdpgp1	chr7	80239584	80242061	+	Gdpgp1	2477	45.82
N6984	7982	ENSMUST00000117989.1|ENSMUSG00000047084|Ngrn	chr7	80265137	80265374	+	Ngrn	237	40.93
N6985	7983	ENSMUST00000135053.7|ENSMUSG00000030534|Vps33b	chr7	80276561	80291571	+	Vps33b	15010	47.14
N6986	7984	ENSMUST00000047362.10|ENSMUSG00000038930|Rccd1	chr7	80315589	80316750	-	Rccd1	1161	33.33
N6987	7985	ENSMUST00000206807.1|ENSMUSG00000038886|Man2a2	chr7	80351266	80358242	-	Man2a2	6976	52.28
N6988	7986	ENSMUST00000122232.7|ENSMUSG00000030530|Furin	chr7	80389193	80389917	-	Furin	724	52.21
N6989	7987	ENSMUST00000127326.1|ENSMUSG00000030527|Crtc3	chr7	80595781	80609774	-	Crtc3	13993	48.25
N6990	7988	ENSMUST00000026816.14|ENSMUSG00000025722|Wdr73	chr7	80890722	80891420	-	Wdr73	698	44.27
N6991	7989	ENSMUST00000026817.10|ENSMUSG00000025723|Nmb	chr7	80902227	80902319	-	Nmb	92	45.65
N6992	799	ENSMUST00000128748.7|ENSMUSG00000060216|Arrb2	chr11	70438028	70438747	+	Arrb2	719	57.16
N6993	7990	ENSMUST00000026818.11|ENSMUSG00000025724|Sec11a	chr7	80915376	80915671	-	Sec11a	295	36.95
N6994	7991	ENSMUST00000107353.2|ENSMUSG00000005621|Zfp592	chr7	81042495	81045164	+	Zfp592	2669	47.77
N6995	7993	ENSMUST00000098331.9|ENSMUSG00000025586|Cpeb1	chr7	81347025	81348176	-	Cpeb1	1151	40.4
N6996	7994	ENSMUST00000082090.14|ENSMUSG00000062444|Ap3b2	chr7	81460398	81460502	-	Ap3b2	104	42.31
N6997	7995	ENSMUST00000098326.2|ENSMUSG00000025813|Homer2	chr7	81600480	81609918	-	Homer2	9438	42.94
N6998	7996	ENSMUST00000042166.10|ENSMUSG00000038646|Ramac	chr7	81769137	81769491	+	Ramac	354	33.9
N6999	7997	ENSMUST00000152620.1|ENSMUSG00000025102|3110040N11Rik	chr7	81783103	81788423	-	3110040N11Rik	5320	42.24
N7000	7998	ENSMUST00000026093.8|ENSMUSG00000025103|Btbd1	chr7	81792073	81793278	-	Btbd1	1205	37.26
N7001	7999	ENSMUST00000126334.7|ENSMUSG00000038623|Tm6sf1	chr7	81876094	81884434	+	Tm6sf1	8340	41.88
N7002	8	ENSMUST00000131996.7|ENSMUSG00000019775|Rgs17	chr10	5825662	5832412	-	Rgs17	6750	35.16
N7003	80	ENSMUST00000063091.12|ENSMUSG00000019843|Fyn	chr10	39564241	39565381	+	Fyn	1140	36.84
N7004	800	ENSMUST00000019067.7|ENSMUSG00000018923|Med11	chr11	70453435	70453727	+	Med11	292	48.63
N7005	8000	ENSMUST00000107305.7|ENSMUSG00000025104|Hdgfl3	chr7	81881250	81885289	-	Hdgfl3	4039	37.14
N7006	8001	ENSMUST00000177883.7|ENSMUSG00000030638|Sh3gl3	chr7	82270938	82307419	+	Sh3gl3	36481	47.22
N7007	8002	ENSMUST00000117410.1|ENSMUSG00000046027|Stard5	chr7	83651105	83653127	+	Stard5	2022	49.9
N7008	8003	ENSMUST00000094216.4|ENSMUSG00000070462|Tlnrd1	chr7	83879872	83881676	-	Tlnrd1	1804	39.91
N7009	8004	ENSMUST00000064174.11|ENSMUSG00000052353|Cemip	chr7	83932856	83933637	-	Cemip	781	41.36
N7010	8005	ENSMUST00000117085.1|ENSMUSG00000038459|Abhd17c	chr7	84109355	84110001	-	Abhd17c	646	37.0
N7011	8006	ENSMUST00000208204.1|ENSMUSG00000015709|Arnt2	chr7	84309091	84343741	-	Arnt2	34650	45.31
N7012	8007	ENSMUST00000180387.2|ENSMUSG00000097789|Gm2115	chr7	84578175	84583531	+	Gm2115	5356	46.53
N7013	8008	ENSMUST00000209117.1|ENSMUSG00000030629|Zfand6	chr7	84613765	84615257	-	Zfand6	1492	37.67
N7014	8009	ENSMUST00000126887.7|ENSMUSG00000030562|Nox4	chr7	87295947	87398710	+	Nox4	102763	36.3
N7015	801	ENSMUST00000019064.8|ENSMUSG00000018920|Cxcl16	chr11	70453982	70454588	-	Cxcl16	606	39.6
N7016	8010	ENSMUST00000131108.8|ENSMUSG00000030560|Ctsc	chr7	88289027	88291397	+	Ctsc	2370	38.73
N7017	8011	ENSMUST00000041968.10|ENSMUSG00000039428|Tmem135	chr7	89139713	89140598	-	Tmem135	885	37.4
N7018	8012	ENSMUST00000058755.4|ENSMUSG00000049791|Fzd4	chr7	89408959	89413134	+	Fzd4	4175	44.07
N7019	8013	ENSMUST00000041761.6|ENSMUSG00000039405|Prss23	chr7	89507782	89509305	-	Prss23	1523	40.25
N7020	8014	ENSMUST00000207980.1|ENSMUSG00000030619|Eed	chr7	89954659	89955388	-	Eed	729	40.33
N7021	8015	ENSMUST00000207484.1|ENSMUSG00000039361|Picalm	chr7	90208825	90213465	+	Picalm	4640	40.45
N7022	8016	ENSMUST00000190837.6|ENSMUSG00000030616|Sytl2	chr7	90409923	90410439	+	Sytl2	516	35.85
N7023	8017	ENSMUST00000208379.1|ENSMUSG00000051451|Crebzf	chr7	90446506	90447994	+	Crebzf	1488	31.92
N7024	8018	ENSMUST00000136652.7|ENSMUSG00000030615|Tmem126a	chr7	90450699	90451500	-	Tmem126a	801	34.96
N7025	8019	ENSMUST00000032843.8|ENSMUSG00000030614|Tmem126b	chr7	90467437	90468816	-	Tmem126b	1379	46.63
N7026	802	ENSMUST00000014750.14|ENSMUSG00000014606|Slc25a11	chr11	70644195	70644489	-	Slc25a11	294	43.2
N7027	8020	ENSMUST00000231777.2|ENSMUSG00000052572|Dlg2	chr7	92446177	92449247	+	Dlg2	3070	44.89
N7028	8021	ENSMUST00000032842.12|ENSMUSG00000030613|Ccdc90b	chr7	92582030	92582294	+	Ccdc90b	264	27.65
N7029	8022	ENSMUST00000126305.7|ENSMUSG00000041343|Ankrd42	chr7	92584198	92619535	-	Ankrd42	35337	40.78
N7030	8023	ENSMUST00000208255.1|ENSMUSG00000041328|Pcf11	chr7	92668183	92668852	-	Pcf11	669	37.97
N7031	8024	ENSMUST00000032879.14|ENSMUSG00000030643|Rab30	chr7	92836418	92844535	+	Rab30	8117	36.41
N7032	8025	ENSMUST00000076052.7|ENSMUSG00000061119|Prcp	chr7	92933841	92934583	+	Prcp	742	36.93
N7033	8026	ENSMUST00000051179.9|ENSMUSG00000051515|Fam181b	chr7	93081528	93081867	+	Fam181b	339	43.07
N7034	8027	ENSMUST00000122835.7|ENSMUSG00000018995|Nars2	chr7	97035402	97062942	+	Nars2	27540	40.01
N7035	8028	ENSMUST00000004622.6|ENSMUSG00000004508|Gab2	chr7	97307872	97308946	+	Gab2	1074	45.34
N7036	8029	ENSMUST00000168435.6|ENSMUSG00000035713|Usp35	chr7	97309379	97309963	-	Usp35	584	48.46
N7037	803	ENSMUST00000141695.7|ENSMUSG00000040746|Rnf167	chr11	70650219	70651412	+	Rnf167	1193	50.71
N7038	8030	ENSMUST00000054107.5|ENSMUSG00000044952|Kctd21	chr7	97348516	97350213	+	Kctd21	1697	49.85
N7039	8031	ENSMUST00000098300.5|ENSMUSG00000035704|Alg8	chr7	97391937	97392185	+	Alg8	248	44.76
N7040	8032	ENSMUST00000043077.7|ENSMUSG00000035686|Thrsp	chr7	97412937	97416902	-	Thrsp	3965	46.18
N7041	8033	ENSMUST00000143321.2|ENSMUSG00000051727|Kctd14	chr7	97458418	97459553	+	Kctd14	1135	44.05
N7042	8034	ENSMUST00000026506.4|ENSMUSG00000025439|Clns1a	chr7	97716666	97718879	+	Clns1a	2213	42.48
N7043	8035	ENSMUST00000206389.1|ENSMUSG00000042797|Aqp11	chr7	97724005	97726437	-	Aqp11	2432	44.04
N7044	8036	ENSMUST00000156637.2|ENSMUSG00000030774|Pak1	chr7	97898683	97912381	+	Pak1	13698	41.22
N7045	8037	ENSMUST00000156992.7|ENSMUSG00000030761|Myo7a	chr7	98051062	98064112	-	Myo7a	13050	51.88
N7046	8038	ENSMUST00000040971.13|ENSMUSG00000035547|Capn5	chr7	98121558	98123615	-	Capn5	2057	52.11
N7047	8039	ENSMUST00000094161.10|ENSMUSG00000049580|Tsku	chr7	98350667	98351688	-	Tsku	1021	51.03
N7048	804	ENSMUST00000178254.1|ENSMUSG00000018293|Pfn1	chr11	70651938	70652770	-	Pfn1	832	47.48
N7049	8041	ENSMUST00000126356.7|ENSMUSG00000030753|Thap12	chr7	98710233	98715367	+	Thap12	5134	43.05
N7050	8042	ENSMUST00000163913.7|ENSMUSG00000015957|Wnt11	chr7	98847451	98853811	+	Wnt11	6360	52.8
N7051	8043	ENSMUST00000169437.8|ENSMUSG00000070436|Serpinh1	chr7	99345375	99345632	-	Serpinh1	257	37.35
N7052	8044	ENSMUST00000037528.9|ENSMUSG00000035314|Gdpd5	chr7	99460752	99461877	+	Gdpd5	1125	48.8
N7053	8045	ENSMUST00000153736.1|ENSMUSG00000035298|Klhl35	chr7	99471126	99471786	+	Klhl35	660	51.52
N7054	8046	ENSMUST00000032998.12|ENSMUSG00000030744|Rps3	chr7	99477895	99478881	-	Rps3	986	43.91
N7055	8047	ENSMUST00000098266.8|ENSMUSG00000018909|Arrb1	chr7	99601357	99606771	+	Arrb1	5414	51.68
N7056	8048	ENSMUST00000178124.2|ENSMUSG00000096606|Tpbgl	chr7	99624081	99625305	-	Tpbgl	1224	52.86
N7057	8049	ENSMUST00000032985.10|ENSMUSG00000030737|Slco2b1	chr7	99657803	99658653	-	Slco2b1	850	40.82
N7058	8050	ENSMUST00000036331.6|ENSMUSG00000035239|Neu3	chr7	99811438	99812721	-	Neu3	1283	39.75
N7059	8051	ENSMUST00000208465.1|ENSMUSG00000035227|Spcs2	chr7	99839427	99844584	-	Spcs2	5157	45.28
N7060	8052	ENSMUST00000127128.7|ENSMUSG00000030726|Pold3	chr7	100083392	100093371	-	Pold3	9979	44.61
N7061	8053	ENSMUST00000032967.3|ENSMUSG00000030725|Lipt2	chr7	100160733	100161365	+	Lipt2	632	40.51
N7062	8054	ENSMUST00000032963.9|ENSMUSG00000030718|Ppme1	chr7	100326736	100327100	-	Ppme1	364	51.65
N7063	8055	ENSMUST00000133464.7|ENSMUSG00000047248|C2cd3	chr7	100391180	100423354	+	C2cd3	32174	42.26
N7064	8056	ENSMUST00000032958.13|ENSMUSG00000032942|Ucp3	chr7	100485713	100486432	+	Ucp3	719	50.35
N7065	8057	ENSMUST00000126534.7|ENSMUSG00000033685|Ucp2	chr7	100499514	100502020	+	Ucp2	2506	53.55
N7066	8059	ENSMUST00000107053.10|ENSMUSG00000030706|Mrpl48	chr7	100549236	100565193	-	Mrpl48	15957	43.32
N7067	806	ENSMUST00000145823.7|ENSMUSG00000040712|Camta2	chr11	70669462	70680824	-	Camta2	11362	50.46
N7068	8060	ENSMUST00000107048.7|ENSMUSG00000030704|Rab6a	chr7	100639969	100641268	+	Rab6a	1299	33.41
N7069	8061	ENSMUST00000107046.7|ENSMUSG00000030701|Plekhb1	chr7	100642891	100644098	-	Plekhb1	1207	43.91
N7070	8062	ENSMUST00000049053.8|ENSMUSG00000029461|Fam168a	chr7	100839011	100841656	+	Fam168a	2645	44.42
N7071	8063	ENSMUST00000155413.8|ENSMUSG00000008318|Relt	chr7	100846529	100850064	-	Relt	3535	54.06
N7072	8064	ENSMUST00000107032.2|ENSMUSG00000032875|Arhgef17	chr7	100869751	100872312	-	Arhgef17	2561	49.32
N7073	8065	ENSMUST00000060174.5|ENSMUSG00000048779|P2ry6	chr7	100937629	100937912	-	P2ry6	283	49.12
N7074	8066	ENSMUST00000037540.4|ENSMUSG00000032860|P2ry2	chr7	100996567	100997240	-	P2ry2	673	49.63
N7075	8067	ENSMUST00000032931.8|ENSMUSG00000030691|Fchsd2	chr7	101282681	101284405	+	Fchsd2	1724	42.05
N7076	8068	ENSMUST00000207740.1|ENSMUSG00000047767|Atg16l2	chr7	101263033	101282449	-	Atg16l2	19416	41.38
N7077	8069	ENSMUST00000174140.1|ENSMUSG00000030688|Stard10	chr7	101344034	101346137	+	Stard10	2103	55.54
N7078	807	ENSMUST00000060444.5|ENSMUSG00000043602|Zfp3	chr11	70772858	70772928	+	Zfp3	70	44.29
N7079	8070	ENSMUST00000098243.3|ENSMUSG00000032812|Arap1	chr7	101411674	101412586	+	Arap1	912	55.37
N7080	8071	ENSMUST00000084894.14|ENSMUSG00000030653|Gm45837	chr7	101512516	101512819	+	Gm45837	303	57.1
N7081	8072	ENSMUST00000210364.1|ENSMUSG00000110195|Pde2a	chr7	101481531	101512819	+	Pde2a	31288	52.58
N7082	8074	ENSMUST00000106969.8|ENSMUSG00000078630|Tomt	chr7	101898369	101898899	-	Tomt	530	51.89
N7083	8075	ENSMUST00000033131.11|ENSMUSG00000030842|Lamtor1	chr7	101911634	101911903	+	Lamtor1	269	47.58
N7084	8076	ENSMUST00000163903.7|ENSMUSG00000064307|Lrrc51	chr7	101912988	101913109	-	Lrrc51	121	43.8
N7085	8077	ENSMUST00000084852.12|ENSMUSG00000066306|Numa1	chr7	102014665	102014964	+	Numa1	299	49.5
N7086	8078	ENSMUST00000209844.1|ENSMUSG00000070427|Il18bp	chr7	102014884	102015417	-	Il18bp	533	44.65
N7087	8079	ENSMUST00000096639.11|ENSMUSG00000070426|Rnf121	chr7	102019136	102019734	-	Rnf121	598	48.66
N7088	808	ENSMUST00000076270.12|ENSMUSG00000020817|Rabep1	chr11	70940910	70943105	+	Rabep1	2195	39.82
N7089	8080	ENSMUST00000142629.7|ENSMUSG00000099481|Xndc1	chr7	102080048	102083765	+	Xndc1	3717	46.87
N7090	8081	ENSMUST00000155078.7|ENSMUSG00000070425|Xntrpc	chr7	102083648	102096334	+	Xntrpc	12686	51.73
N7091	8082	ENSMUST00000210682.1|ENSMUSG00000063550|Nup98	chr7	102119397	102120299	-	Nup98	902	41.46
N7092	8083	ENSMUST00000119816.8|ENSMUSG00000030990|Pgap2	chr7	102236554	102237733	+	Pgap2	1179	51.06
N7093	8085	ENSMUST00000209255.1|ENSMUSG00000030987|Stim1	chr7	102436624	102437319	+	Stim1	695	47.91
N7094	8086	ENSMUST00000211720.1|ENSMUSG00000030978|Rrm1	chr7	102443162	102446727	+	Rrm1	3565	43.34
N7095	8087	ENSMUST00000033264.11|ENSMUSG00000030966|Trim21	chr7	102557920	102558757	-	Trim21	837	37.04
N7096	8088	ENSMUST00000210855.1|ENSMUSG00000073968|Trim68	chr7	102677588	102678581	-	Trim68	993	44.61
N7097	8089	ENSMUST00000106849.8|ENSMUSG00000056144|Trim34a	chr7	104261878	104262234	+	Trim34a	356	31.74
N7098	809	ENSMUST00000171254.7|ENSMUSG00000018449|Rpain	chr11	70975040	70977687	+	Rpain	2647	46.47
N7099	8090	ENSMUST00000098179.8|ENSMUSG00000060441|Trim5	chr7	104263385	104264858	-	Trim5	1473	35.98
N7100	8091	ENSMUST00000106837.7|ENSMUSG00000066258|Trim12a	chr7	104299896	104300688	-	Trim12a	792	46.21
N7101	8092	ENSMUST00000059037.14|ENSMUSG00000057143|Trim12c	chr7	104338753	104340201	-	Trim12c	1448	36.53
N7102	8093	ENSMUST00000076922.5|ENSMUSG00000030921|Trim30a	chr7	104409024	104410928	-	Trim30a	1904	37.24
N7103	8094	ENSMUST00000071069.12|ENSMUSG00000057596|Trim30d	chr7	104470013	104471853	-	Trim30d	1840	36.47
N7104	8095	ENSMUST00000137158.7|ENSMUSG00000044465|Fam160a2	chr7	105378609	105388770	-	Fam160a2	10161	43.96
N7105	8096	ENSMUST00000033189.5|ENSMUSG00000030898|Cckbr	chr7	105436005	105436339	+	Cckbr	334	49.4
N7106	8097	ENSMUST00000047040.3|ENSMUSG00000037060|Cavin3	chr7	105480082	105480672	-	Cavin3	590	44.07
N7107	8098	ENSMUST00000046983.9|ENSMUSG00000037049|Smpd1	chr7	105558181	105558389	+	Smpd1	208	52.88
N7108	8099	ENSMUST00000188001.6|ENSMUSG00000037032|Apbb1	chr7	105558486	105564971	-	Apbb1	6485	47.51
N7109	81	ENSMUST00000019987.6|ENSMUSG00000019842|Traf3ip2	chr10	39654688	39655307	+	Traf3ip2	619	40.39
N7110	810	ENSMUST00000078528.6|ENSMUSG00000018446|C1qbp	chr11	70977835	70977946	-	C1qbp	111	37.84
N7111	8100	ENSMUST00000057525.13|ENSMUSG00000036989|Trim3	chr7	105610469	105610835	-	Trim3	366	40.16
N7112	8101	ENSMUST00000033171.14|ENSMUSG00000030881|Arfip2	chr7	105635620	105637818	-	Arfip2	2198	53.91
N7113	8102	ENSMUST00000106783.7|ENSMUSG00000089847|Timm10b	chr7	105641352	105643637	+	Timm10b	2285	42.89
N7114	8103	ENSMUST00000142874.8|ENSMUSG00000110234|Gm45799	chr7	105641352	105684439	+	Gm45799	43087	41.83
N7115	8104	ENSMUST00000149695.7|ENSMUSG00000030890|Ilk	chr7	105742337	105742918	+	Ilk	581	48.54
N7116	8106	ENSMUST00000033184.5|ENSMUSG00000030894|Tpp1	chr7	105744810	105746244	-	Tpp1	1434	36.96
N7117	8107	ENSMUST00000124482.2|ENSMUSG00000030879|Mrpl17	chr7	105803205	105809689	-	Mrpl17	6484	41.24
N7118	8108	ENSMUST00000106766.8|ENSMUSG00000078606|Gm4070	chr7	105895138	105895592	-	Gm4070	454	27.53
N7119	8109	ENSMUST00000006667.10|ENSMUSG00000045868|Gvin1	chr7	106156555	106157009	-	Gvin1	454	27.97
N7120	811	ENSMUST00000049048.12|ENSMUSG00000040620|Dhx33	chr11	70986750	70999369	-	Dhx33	12619	44.81
N7121	8110	ENSMUST00000120990.1|ENSMUSG00000051041|Olfml1	chr7	107590806	107591094	+	Olfml1	288	46.18
N7122	8111	ENSMUST00000033342.6|ENSMUSG00000031029|Eif3f	chr7	108941686	108942951	+	Eif3f	1265	43.64
N7123	8113	ENSMUST00000036992.8|ENSMUSG00000036111|Lmo1	chr7	109138571	109138722	-	Lmo1	151	44.37
N7124	8116	ENSMUST00000033333.12|ENSMUSG00000031021|Tmem9b	chr7	109735833	109736333	-	Tmem9b	500	41.2
N7125	8117	ENSMUST00000041460.12|ENSMUSG00000034825|Nrip3	chr7	109758054	109760260	-	Nrip3	2206	43.93
N7126	8118	ENSMUST00000106722.1|ENSMUSG00000035901|Dennd5a	chr7	109893779	109894190	-	Dennd5a	411	39.66
N7127	8119	ENSMUST00000154831.8|ENSMUSG00000047554|Tmem41b	chr7	109976594	109980955	-	Tmem41b	4361	40.68
N7128	8120	ENSMUST00000169638.3|ENSMUSG00000061079|Zfp143	chr7	110094783	110095394	+	Zfp143	611	34.53
N7129	8121	ENSMUST00000033326.9|ENSMUSG00000031016|Wee1	chr7	110142378	110143286	+	Wee1	908	39.32
N7130	8122	ENSMUST00000033325.8|ENSMUSG00000031015|Swap70	chr7	110282247	110283506	+	Swap70	1259	44.88
N7131	8123	ENSMUST00000167652.1|ENSMUSG00000038371|Sbf2	chr7	110462875	110489130	-	Sbf2	26255	37.74
N7132	8124	ENSMUST00000033054.9|ENSMUSG00000030790|Adm	chr7	110629508	110629820	+	Adm	312	35.26
N7133	8125	ENSMUST00000005829.12|ENSMUSG00000005686|Ampd3	chr7	110811366	110812405	+	Ampd3	1039	41.48
N7134	8126	ENSMUST00000127935.7|ENSMUSG00000005611|Mrvi1	chr7	110868265	110871210	-	Mrvi1	2945	46.72
N7135	8127	ENSMUST00000005749.5|ENSMUSG00000005609|Ctr9	chr7	111056089	111056377	+	Ctr9	288	51.39
N7136	8128	ENSMUST00000162415.8|ENSMUSG00000005610|Eif4g2	chr7	111067749	111072103	-	Eif4g2	4354	41.85
N7137	8129	ENSMUST00000049430.14|ENSMUSG00000038296|Galnt18	chr7	111471660	111471788	-	Galnt18	128	33.59
N7138	8130	ENSMUST00000210309.1|ENSMUSG00000059263|Usp47	chr7	112110353	112111661	+	Usp47	1308	40.21
N7139	8131	ENSMUST00000033036.6|ENSMUSG00000030772|Dkk3	chr7	112116016	112117402	-	Dkk3	1386	43.72
N7140	8132	ENSMUST00000215412.1|ENSMUSG00000038244|Mical2	chr7	112354993	112412987	+	Mical2	57994	46.95
N7141	8133	ENSMUST00000047321.8|ENSMUSG00000055116|Arntl	chr7	113313845	113314126	+	Arntl	281	28.83
N7142	8134	ENSMUST00000135510.1|ENSMUSG00000038187|Btbd10	chr7	113315645	113328300	-	Btbd10	12655	39.66
N7143	8135	ENSMUST00000033018.14|ENSMUSG00000030759|Far1	chr7	113569534	113571511	+	Far1	1977	33.18
N7144	8136	ENSMUST00000033012.8|ENSMUSG00000030754|Copb1	chr7	114215558	114215729	-	Copb1	171	26.9
N7145	8137	ENSMUST00000033008.9|ENSMUSG00000030751|Psma1	chr7	114264605	114264751	-	Psma1	146	30.14
N7146	8138	ENSMUST00000032909.8|ENSMUSG00000030671|Pde3b	chr7	114537711	114539251	+	Pde3b	1540	31.82
N7147	8139	ENSMUST00000032906.10|ENSMUSG00000030669|Calca	chr7	114631477	114632291	-	Calca	814	35.38
N7148	814	ENSMUST00000238695.1|ENSMUSG00000018451|6330403K07Rik	chr11	71031940	71032488	-	6330403K07Rik	548	45.07
N7149	8140	ENSMUST00000151254.1|ENSMUSG00000030663|1110004F10Rik	chr7	116103380	116105210	+	1110004F10Rik	1830	42.02
N7150	8141	ENSMUST00000206385.1|ENSMUSG00000030660|Pik3c2a	chr7	116339604	116349990	-	Pik3c2a	10386	39.55
N7151	8142	ENSMUST00000032892.6|ENSMUSG00000030657|Xylt1	chr7	117668572	117673580	+	Xylt1	5008	45.09
N7152	8143	ENSMUST00000131374.7|ENSMUSG00000008683|Rps15a	chr7	118104371	118108951	-	Rps15a	4580	45.17
N7153	8144	ENSMUST00000179331.8|ENSMUSG00000030655|Smg1	chr7	118134046	118182334	-	Smg1	48288	39.49
N7154	8145	ENSMUST00000081574.7|ENSMUSG00000058420|Syt17	chr7	118380716	118381074	-	Syt17	358	43.3
N7155	8146	ENSMUST00000178344.2|ENSMUSG00000095115|Itpripl2	chr7	118485110	118486707	-	Itpripl2	1597	43.08
N7156	8147	ENSMUST00000044195.5|ENSMUSG00000042246|Tmc7	chr7	118535840	118537945	-	Tmc7	2105	40.9
N7157	8148	ENSMUST00000208040.1|ENSMUSG00000033917|Gde1	chr7	118691601	118698512	-	Gde1	6911	44.88
N7158	8149	ENSMUST00000059390.12|ENSMUSG00000030982|Vps35l	chr7	118841442	118842966	+	Vps35l	1524	45.93
N7159	815	ENSMUST00000021168.13|ENSMUSG00000020811|Wscd1	chr11	71789358	71789647	+	Wscd1	289	51.56
N7160	8150	ENSMUST00000116280.8|ENSMUSG00000030980|Knop1	chr7	118842221	118845633	-	Knop1	3412	45.72
N7161	8151	ENSMUST00000008878.9|ENSMUSG00000008734|Gprc5b	chr7	118972046	118974422	-	Gprc5b	2376	49.28
N7162	8152	ENSMUST00000033236.8|ENSMUSG00000030942|Thumpd1	chr7	119715092	119716523	-	Thumpd1	1431	45.21
N7163	8153	ENSMUST00000106529.7|ENSMUSG00000030935|Acsm3	chr7	119786544	119787513	+	Acsm3	969	34.06
N7164	8154	ENSMUST00000133758.8|ENSMUSG00000030924|Rexo5	chr7	119805299	119848938	+	Rexo5	43639	39.54
N7165	8155	ENSMUST00000059851.13|ENSMUSG00000048787|Dcun1d3	chr7	119852795	119856320	-	Dcun1d3	3525	39.8
N7166	8156	ENSMUST00000207270.1|ENSMUSG00000030922|Lyrm1	chr7	119916578	119956963	+	Lyrm1	40385	43.57
N7167	8157	ENSMUST00000118737.2|ENSMUSG00000030917|Tmem159	chr7	120120609	120120992	+	Tmem159	383	35.77
N7168	8158	ENSMUST00000033198.5|ENSMUSG00000030905|Crym	chr7	120186379	120186485	-	Crym	106	38.68
N7169	8159	ENSMUST00000033176.6|ENSMUSG00000030884|Uqcrc2	chr7	120659252	120659524	+	Uqcrc2	272	30.88
N7170	816	ENSMUST00000021164.3|ENSMUSG00000020808|Pimreg	chr11	72047130	72047370	+	Pimreg	240	47.92
N7171	8160	ENSMUST00000047875.15|ENSMUSG00000035064|Eef2k	chr7	120903808	120907450	+	Eef2k	3642	45.94
N7172	8161	ENSMUST00000033173.14|ENSMUSG00000030880|Polr3e	chr7	120946010	120947432	+	Polr3e	1422	43.18
N7173	8162	ENSMUST00000140247.2|ENSMUSG00000030878|Cdr2	chr7	120958661	120970271	-	Cdr2	11610	42.05
N7174	8163	ENSMUST00000033163.7|ENSMUSG00000030876|Mettl9	chr7	121076588	121076835	+	Mettl9	247	30.36
N7175	8164	ENSMUST00000047194.3|ENSMUSG00000035004|Igsf6	chr7	121064066	121064740	-	Igsf6	674	43.92
N7176	8165	ENSMUST00000084628.4|ENSMUSG00000046321|Hs3st2	chr7	121501352	121501770	+	Hs3st2	418	52.39
N7177	8166	ENSMUST00000124566.1|ENSMUSG00000030872|Gga2	chr7	121986721	121988979	-	Gga2	2258	46.72
N7178	8167	ENSMUST00000033159.3|ENSMUSG00000030871|Ears2	chr7	122038820	122038926	-	Ears2	106	33.02
N7179	8169	ENSMUST00000206470.1|ENSMUSG00000030867|Plk1	chr7	122162554	122164034	+	Plk1	1480	50.27
N7180	817	ENSMUST00000108508.2|ENSMUSG00000040543|Pitpnm3	chr11	72047527	72050906	-	Pitpnm3	3379	53.3
N7181	8170	ENSMUST00000033152.4|ENSMUSG00000030865|Chp2	chr7	122222323	122222824	+	Chp2	501	45.11
N7182	8171	ENSMUST00000143692.7|ENSMUSG00000052889|Prkcb	chr7	122628511	122634399	+	Prkcb	5888	44.24
N7183	8172	ENSMUST00000084615.9|ENSMUSG00000066189|Cacng3	chr7	122769130	122769393	+	Cacng3	263	46.77
N7184	8173	ENSMUST00000098062.8|ENSMUSG00000030779|Rbbp6	chr7	122979983	122984392	+	Rbbp6	4409	35.13
N7185	8174	ENSMUST00000206117.1|ENSMUSG00000030766|Arhgap17	chr7	123279279	123308214	-	Arhgap17	28935	46.46
N7186	8175	ENSMUST00000033025.6|ENSMUSG00000030763|Lcmt1	chr7	123430303	123430358	+	Lcmt1	55	52.73
N7187	8176	ENSMUST00000106437.1|ENSMUSG00000078591|Hs3st4	chr7	124397659	124398989	+	Hs3st4	1330	44.96
N7188	8177	ENSMUST00000033010.8|ENSMUSG00000030752|Kdm8	chr7	125461512	125462269	+	Kdm8	757	49.93
N7189	8178	ENSMUST00000206846.1|ENSMUSG00000030748|Il4ra	chr7	125572101	125577967	+	Il4ra	5866	55.47
N7190	8179	ENSMUST00000206234.1|ENSMUSG00000030745|Il21r	chr7	125629834	125631506	+	Il21r	1672	54.49
N7191	818	ENSMUST00000021158.3|ENSMUSG00000020803|Txndc17	chr11	72209632	72210015	+	Txndc17	383	33.68
N7192	8180	ENSMUST00000205444.1|ENSMUSG00000032777|Gtf3c1	chr7	125662269	125681079	-	Gtf3c1	18810	49.36
N7193	8181	ENSMUST00000073935.6|ENSMUSG00000046182|Gsg1l	chr7	125878419	125880806	-	Gsg1l	2387	51.49
N7194	8182	ENSMUST00000166538.1|ENSMUSG00000000131|Xpo6	chr7	126112898	126124283	-	Xpo6	11385	42.62
N7195	8183	ENSMUST00000056028.10|ENSMUSG00000042978|Sbk1	chr7	126294206	126295016	+	Sbk1	810	51.36
N7196	8185	ENSMUST00000167759.7|ENSMUSG00000032637|Atxn2l	chr7	126491714	126492520	-	Atxn2l	806	55.21
N7197	8186	ENSMUST00000205949.1|ENSMUSG00000030738|Eif3c	chr7	126563003	126563570	-	Eif3c	567	47.27
N7198	8187	ENSMUST00000039522.7|ENSMUSG00000042759|Apobr	chr7	126588831	126589112	+	Apobr	281	53.02
N7199	8188	ENSMUST00000191192.1|ENSMUSG00000030717|Nupr1	chr7	126623277	126624889	-	Nupr1	1612	47.7
N7200	8189	ENSMUST00000206359.1|ENSMUSG00000030714|Sgf29	chr7	126671956	126672318	+	Sgf29	362	55.52
N7201	819	ENSMUST00000124762.1|ENSMUSG00000053574|4930563E22Rik	chr11	72216001	72218444	+	4930563E22Rik	2443	40.77
N7202	8190	ENSMUST00000144897.1|ENSMUSG00000059772|Slx1b	chr7	126689467	126691121	-	Slx1b	1654	50.0
N7203	8191	ENSMUST00000106369.1|ENSMUSG00000047721|Bola2	chr7	126696432	126696697	+	Bola2	265	55.09
N7204	8192	ENSMUST00000057669.15|ENSMUSG00000063065|Mapk3	chr7	126764993	126765819	+	Mapk3	826	56.42
N7205	8193	ENSMUST00000038614.11|ENSMUSG00000042675|Ypel3	chr7	126780275	126780514	+	Ypel3	239	53.14
N7206	8194	ENSMUST00000205935.1|ENSMUSG00000030697|Ppp4c	chr7	126786288	126787219	-	Ppp4c	931	49.62
N7207	8195	ENSMUST00000098032.10|ENSMUSG00000058966|Fam57b	chr7	126830045	126830219	+	Fam57b	174	63.22
N7208	8196	ENSMUST00000064110.13|ENSMUSG00000052301|Doc2a	chr7	126852184	126852705	+	Doc2a	521	53.55
N7209	8197	ENSMUST00000205958.1|ENSMUSG00000030689|Ino80e	chr7	126852929	126857225	-	Ino80e	4296	53.19
N7210	8198	ENSMUST00000037248.9|ENSMUSG00000042606|Hirip3	chr7	126865045	126865377	+	Hirip3	332	44.28
N7211	8199	ENSMUST00000214525.1|ENSMUSG00000059981|Taok2	chr7	126865677	126866119	-	Taok2	442	51.13
N7212	82	ENSMUST00000045114.12|ENSMUSG00000038510|Rpf2	chr10	40223245	40223592	-	Rpf2	347	35.45
N7213	820	ENSMUST00000094041.3|ENSMUSG00000040483|Xaf1	chr11	72306771	72308749	+	Xaf1	1978	45.3
N7214	8200	ENSMUST00000120007.7|ENSMUSG00000060538|Tmem219	chr7	126886217	126888774	-	Tmem219	2557	43.02
N7215	8201	ENSMUST00000032924.5|ENSMUSG00000030685|Kctd13	chr7	126945391	126945631	+	Kctd13	240	44.58
N7216	8202	ENSMUST00000106335.7|ENSMUSG00000030683|Sez6l2	chr7	126970279	126970606	+	Sez6l2	327	56.88
N7217	8203	ENSMUST00000206794.1|ENSMUSG00000030682|Cdipt	chr7	126979029	126980499	+	Cdipt	1470	54.63
N7218	8204	ENSMUST00000172958.6|ENSMUSG00000092534|Pagr1b	chr7	127001479	127015121	-	Pagr1b	13642	49.3
N7219	8205	ENSMUST00000206416.1|ENSMUSG00000030680|Pagr1a	chr7	127015405	127016090	-	Pagr1a	685	49.93
N7220	8207	ENSMUST00000159916.4|ENSMUSG00000045114|Prrt2	chr7	127017530	127017878	-	Prrt2	348	44.54
N7221	8208	ENSMUST00000205568.1|ENSMUSG00000030678|Maz	chr7	127022129	127023355	-	Maz	1226	55.06
N7222	8209	ENSMUST00000056288.6|ENSMUSG00000045165|AI467606	chr7	127093547	127093986	+	AI467606	439	45.33
N7223	821	ENSMUST00000021148.12|ENSMUSG00000020794|Ube2g1	chr11	72684572	72686481	+	Ube2g1	1909	38.19
N7224	8210	ENSMUST00000032912.5|ENSMUSG00000030674|Qprt	chr7	127107113	127107480	-	Qprt	367	50.68
N7225	8211	ENSMUST00000166791.7|ENSMUSG00000042502|Cd2bp2	chr7	127191659	127192280	-	Cd2bp2	621	48.15
N7226	8212	ENSMUST00000120705.2|ENSMUSG00000042492|Tbc1d10b	chr7	127197458	127198044	-	Tbc1d10b	586	44.88
N7227	8213	ENSMUST00000106314.7|ENSMUSG00000000486|Septin1	chr7	127214461	127214609	-	Septin1	148	58.11
N7228	8214	ENSMUST00000106312.3|ENSMUSG00000045598|Zfp553	chr7	127237641	127238179	+	Zfp553	538	50.19
N7229	8215	ENSMUST00000082428.4|ENSMUSG00000049091|Sephs2	chr7	127271878	127272337	-	Sephs2	459	37.69
N7230	8216	ENSMUST00000060783.6|ENSMUSG00000047371|Zfp768	chr7	127342794	127343105	-	Zfp768	311	51.45
N7231	8217	ENSMUST00000067425.5|ENSMUSG00000054381|Zfp747	chr7	127372536	127373011	-	Zfp747	475	41.89
N7232	8218	ENSMUST00000164345.1|ENSMUSG00000030823|9130019O22Rik	chr7	127383275	127383885	-	9130019O22Rik	610	41.97
N7233	8219	ENSMUST00000165495.1|ENSMUSG00000078580|E430018J23Rik	chr7	127389672	127391060	-	E430018J23Rik	1388	49.57
N7234	822	ENSMUST00000127610.7|ENSMUSG00000020790|Ankfy1	chr11	72740648	72771221	+	Ankfy1	30573	44.55
N7235	8221	ENSMUST00000148483.7|ENSMUSG00000045251|Zfp688	chr7	127418966	127421404	-	Zfp688	2438	47.13
N7236	8222	ENSMUST00000053392.10|ENSMUSG00000048921|Zfp689	chr7	127442135	127443805	-	Zfp689	1670	44.31
N7237	8223	ENSMUST00000132819.2|ENSMUSG00000030822|Prr14	chr7	127474763	127475270	+	Prr14	507	49.7
N7238	8224	ENSMUST00000048896.7|ENSMUSG00000042423|Fbrs	chr7	127490431	127491513	+	Fbrs	1082	53.51
N7239	8225	ENSMUST00000098025.10|ENSMUSG00000053877|Srcap	chr7	127522152	127525323	+	Srcap	3171	40.08
N7240	8226	ENSMUST00000189629.4|ENSMUSG00000107023|Gm42715	chr7	127561016	127567054	+	Gm42715	6038	41.75
N7241	8227	ENSMUST00000084563.10|ENSMUSG00000106715|Tmem265	chr7	127565112	127565270	+	Tmem265	158	39.24
N7242	8228	ENSMUST00000154891.7|ENSMUSG00000030815|Phkg2	chr7	127579973	127583305	+	Phkg2	3332	48.08
N7243	8229	ENSMUST00000205694.1|ENSMUSG00000030816|Rnf40	chr7	127603434	127604799	+	Rnf40	1365	53.19
N7244	823	ENSMUST00000079681.5|ENSMUSG00000057778|Cyb5d2	chr11	72777231	72778026	-	Cyb5d2	795	45.66
N7245	8230	ENSMUST00000058038.11|ENSMUSG00000045639|Zfp629	chr7	127607030	127609883	-	Zfp629	2853	49.11
N7246	8231	ENSMUST00000106282.7|ENSMUSG00000030814|Bcl7c	chr7	127661455	127707069	-	Bcl7c	45614	46.46
N7247	8232	ENSMUST00000047393.6|ENSMUSG00000042340|Ctf1	chr7	127717893	127718192	+	Ctf1	299	42.47
N7248	8233	ENSMUST00000206893.1|ENSMUSG00000030811|Fbxl19	chr7	127768778	127769483	+	Fbxl19	705	58.72
N7249	8234	ENSMUST00000121504.1|ENSMUSG00000043964|Orai3	chr7	127774727	127775150	+	Orai3	423	45.15
N7250	8235	ENSMUST00000047075.13|ENSMUSG00000042308|Setd1a	chr7	127799904	127800122	+	Setd1a	218	57.34
N7251	8236	ENSMUST00000154987.7|ENSMUSG00000108815|Gm49388	chr7	127799627	127803802	+	Gm49388	4175	54.18
N7252	8237	ENSMUST00000106271.1|ENSMUSG00000042289|Hsd3b7	chr7	127803479	127803802	+	Hsd3b7	323	41.49
N7253	8238	ENSMUST00000106267.4|ENSMUSG00000030806|Stx1b	chr7	127803899	127807052	-	Stx1b	3153	52.14
N7254	8239	ENSMUST00000156537.7|ENSMUSG00000030805|Stx4a	chr7	127842758	127846618	+	Stx4a	3860	47.46
N7255	824	ENSMUST00000069395.6|ENSMUSG00000055670|Zzef1	chr11	72925612	72927120	+	Zzef1	1508	50.46
N7256	8240	ENSMUST00000054415.11|ENSMUSG00000049728|Zfp668	chr7	127863046	127865584	-	Zfp668	2538	41.84
N7257	8241	ENSMUST00000126662.1|ENSMUSG00000030804|Gm21974	chr7	127886226	127893140	-	Gm21974	6914	52.2
N7258	8242	ENSMUST00000033074.7|ENSMUSG00000096145|Vkorc1	chr7	127893062	127893140	-	Vkorc1	78	37.18
N7259	8243	ENSMUST00000071056.13|ENSMUSG00000030802|Bckdk	chr7	127908474	127910221	+	Bckdk	1747	49.34
N7260	8244	ENSMUST00000106251.9|ENSMUSG00000030795|Fus	chr7	127981978	127985701	+	Fus	3723	39.67
N7261	8245	ENSMUST00000033056.4|ENSMUSG00000030793|Pycard	chr7	127989707	127992334	-	Pycard	2627	43.05
N7262	8247	ENSMUST00000033053.7|ENSMUSG00000030789|Itgax	chr7	128150431	128150657	+	Itgax	226	49.12
N7263	8248	ENSMUST00000033049.8|ENSMUSG00000030785|Cox6a2	chr7	128205434	128205580	-	Cox6a2	146	30.14
N7264	8249	ENSMUST00000078816.4|ENSMUSG00000062944|9130023H24Rik	chr7	128234457	128236234	-	9130023H24Rik	1777	43.16
N7265	8250	ENSMUST00000044660.5|ENSMUSG00000042178|Armc5	chr7	128244965	128245100	+	Armc5	135	47.41
N7266	8251	ENSMUST00000168825.7|ENSMUSG00000030782|Tgfb1i1	chr7	128249494	128253711	+	Tgfb1i1	4217	48.83
N7267	8252	ENSMUST00000126263.7|ENSMUSG00000030780|BC017158	chr7	128272325	128273471	-	BC017158	1146	49.13
N7268	8253	ENSMUST00000033133.11|ENSMUSG00000030844|Rgs10	chr7	128373620	128373747	-	Rgs10	127	37.8
N7269	8255	ENSMUST00000202419.2|ENSMUSG00000042105|Inpp5f	chr7	128692382	128693651	+	Inpp5f	1269	45.78
N7270	8256	ENSMUST00000057557.13|ENSMUSG00000048170|Mcmbp	chr7	128696440	128698019	-	Mcmbp	1579	38.25
N7271	8257	ENSMUST00000042942.9|ENSMUSG00000055319|Sec23ip	chr7	128779865	128784836	+	Sec23ip	4971	42.87
N7272	8258	ENSMUST00000205630.1|ENSMUSG00000070366|Plpp4	chr7	129323582	129391307	+	Plpp4	67725	42.03
N7273	8259	ENSMUST00000148752.7|ENSMUSG00000042055|Wdr11	chr7	129625327	129632855	+	Wdr11	7528	43.96
N7274	826	ENSMUST00000092937.12|ENSMUSG00000020785|Camkk1	chr11	73040441	73042073	+	Camkk1	1632	52.39
N7275	8260	ENSMUST00000153166.7|ENSMUSG00000030849|Fgfr2	chr7	130162511	130196171	-	Fgfr2	33660	45.11
N7276	8261	ENSMUST00000161076.1|ENSMUSG00000040331|Nsmce4a	chr7	130536982	130542566	-	Nsmce4a	5584	43.05
N7277	8262	ENSMUST00000207789.1|ENSMUSG00000030852|Tacc2	chr7	130729828	130764401	+	Tacc2	34573	48.8
N7278	8264	ENSMUST00000141914.2|ENSMUSG00000063179|Pstk	chr7	131374263	131383951	+	Pstk	9688	40.9
N7279	8265	ENSMUST00000046306.14|ENSMUSG00000040167|Ikzf5	chr7	131388651	131390762	-	Ikzf5	2111	36.33
N7280	8266	ENSMUST00000015829.14|ENSMUSG00000030861|Acadsb	chr7	131446008	131448944	+	Acadsb	2936	43.36
N7281	8267	ENSMUST00000045840.4|ENSMUSG00000040125|Gpr26	chr7	131985196	131994405	+	Gpr26	9209	47.17
N7282	8268	ENSMUST00000033149.4|ENSMUSG00000030862|Cpxm2	chr7	132042815	132043148	-	Cpxm2	333	43.54
N7283	8269	ENSMUST00000077472.9|ENSMUSG00000030930|Chst15	chr7	132235779	132237529	-	Chst15	1750	49.94
N7284	827	ENSMUST00000021135.4|ENSMUSG00000020783|Ncbp3	chr11	73079900	73089317	+	Ncbp3	9417	45.47
N7285	8270	ENSMUST00000084500.7|ENSMUSG00000030934|Oat	chr7	132557477	132557853	-	Oat	376	28.99
N7286	8271	ENSMUST00000133969.7|ENSMUSG00000030946|Lhpp	chr7	132634167	132705777	+	Lhpp	71610	50.48
N7287	8272	ENSMUST00000097998.8|ENSMUSG00000030956|Fam53b	chr7	132712087	132715684	-	Fam53b	3597	53.93
N7288	8273	ENSMUST00000141920.2|ENSMUSG00000030960|Eef1akmt2	chr7	132831367	132837055	-	Eef1akmt2	5688	40.44
N7289	8274	ENSMUST00000147786.8|ENSMUSG00000030965|Abraxas2	chr7	132871745	132880881	+	Abraxas2	9136	43.41
N7290	8275	ENSMUST00000138370.1|ENSMUSG00000039990|Edrf1	chr7	133660300	133661881	+	Edrf1	1581	41.43
N7291	8278	ENSMUST00000033290.11|ENSMUSG00000030986|Dhx32	chr7	133720941	133721079	-	Dhx32	138	30.43
N7292	8279	ENSMUST00000067680.10|ENSMUSG00000054555|Adam12	chr7	133883198	133887793	-	Adam12	4595	45.51
N7293	828	ENSMUST00000006104.9|ENSMUSG00000005950|P2rx5	chr11	73172321	73172685	+	P2rx5	364	54.67
N7294	8280	ENSMUST00000084488.4|ENSMUSG00000058325|Dock1	chr7	135172734	135173639	+	Dock1	905	41.88
N7295	8281	ENSMUST00000211140.1|ENSMUSG00000041836|Ptpre	chr7	135683470	135686293	+	Ptpre	2823	46.01
N7296	8282	ENSMUST00000211769.1|ENSMUSG00000031068|Glrx3	chr7	137453614	137459542	+	Glrx3	5928	44.99
N7297	8283	ENSMUST00000148453.7|ENSMUSG00000041769|Ppp2r2d	chr7	138848722	138869784	+	Ppp2r2d	21062	41.65
N7298	8285	ENSMUST00000026551.14|ENSMUSG00000025478|Dpysl4	chr7	139101606	139102704	+	Dpysl4	1098	52.19
N7299	8286	ENSMUST00000016125.11|ENSMUSG00000015981|Stk32c	chr7	139103637	139103885	-	Stk32c	248	51.61
N7300	8287	ENSMUST00000106104.7|ENSMUSG00000015980|Lrrc27	chr7	139228935	139229008	+	Lrrc27	73	57.53
N7301	8288	ENSMUST00000106098.7|ENSMUSG00000025477|Inpp5a	chr7	139578785	139579652	+	Inpp5a	867	47.75
N7302	8289	ENSMUST00000097974.8|ENSMUSG00000041309|Nkx6-2	chr7	139579375	139580864	-	Nkx6-2	1489	48.09
N7303	829	ENSMUST00000054952.3|ENSMUSG00000047260|Emc6	chr11	73175518	73176222	-	Emc6	704	41.62
N7304	8290	ENSMUST00000173209.1|ENSMUSG00000025473|Adam8	chr7	139989418	139989896	-	Adam8	478	50.42
N7305	8291	ENSMUST00000210224.1|ENSMUSG00000025474|Tubgcp2	chr7	139995954	140004798	-	Tubgcp2	8844	47.42
N7306	8292	ENSMUST00000211789.1|ENSMUSG00000025470|Zfp511	chr7	140037733	140040599	+	Zfp511	2866	47.59
N7307	8293	ENSMUST00000026541.14|ENSMUSG00000025468|Caly	chr7	140069879	140070198	-	Caly	319	52.66
N7308	8294	ENSMUST00000211677.1|ENSMUSG00000025466|Fuom	chr7	140099657	140101011	-	Fuom	1354	48.97
N7309	8295	ENSMUST00000026538.12|ENSMUSG00000025465|Echs1	chr7	140105709	140105987	-	Echs1	278	40.65
N7310	8296	ENSMUST00000026537.12|ENSMUSG00000025464|Paox	chr7	140134301	140137224	+	Paox	2923	47.21
N7311	8297	ENSMUST00000211171.1|ENSMUSG00000039018|Mtg1	chr7	140144720	140146005	+	Mtg1	1285	45.14
N7312	8298	ENSMUST00000059241.7|ENSMUSG00000045733|Sprn	chr7	140150627	140153051	-	Sprn	2424	48.51
N7313	8299	ENSMUST00000026557.9|ENSMUSG00000025484|Bet1l	chr7	140853393	140853726	-	Bet1l	333	53.75
N7314	83	ENSMUST00000217537.1|ENSMUSG00000019837|Gtf3c6	chr10	40247702	40248790	-	Gtf3c6	1088	41.73
N7315	8300	ENSMUST00000210708.1|ENSMUSG00000025485|Ric8a	chr7	140858574	140863489	+	Ric8a	4915	52.13
N7316	8301	ENSMUST00000166889.7|ENSMUSG00000025487|Psmd13	chr7	140892178	140898288	+	Psmd13	6110	46.56
N7317	8302	ENSMUST00000163094.8|ENSMUSG00000062031|Pgghg	chr7	140943712	140946844	+	Pgghg	3132	55.46
N7318	8303	ENSMUST00000106042.8|ENSMUSG00000025491|Ifitm1	chr7	140969774	140969825	+	Ifitm1	51	47.06
N7319	8304	ENSMUST00000209887.1|ENSMUSG00000025494|Sigirr	chr7	141091802	141092154	-	Sigirr	352	58.81
N7320	8305	ENSMUST00000174058.7|ENSMUSG00000025495|Ptdss2	chr7	141135473	141143142	+	Ptdss2	7669	47.8
N7321	8306	ENSMUST00000026572.10|ENSMUSG00000025499|Hras	chr7	141189104	141191031	-	Hras	1927	53.09
N7322	8307	ENSMUST00000155123.7|ENSMUSG00000038611|Phrf1	chr7	141247396	141262742	+	Phrf1	15346	48.91
N7323	8308	ENSMUST00000209899.1|ENSMUSG00000025498|Irf7	chr7	141263204	141263658	-	Irf7	454	54.85
N7324	8309	ENSMUST00000211667.1|ENSMUSG00000038580|Sct	chr7	141278331	141278436	-	Sct	105	44.76
N7325	831	ENSMUST00000006103.8|ENSMUSG00000005949|Ctns	chr11	73183595	73184215	-	Ctns	620	46.77
N7326	8311	ENSMUST00000026577.12|ENSMUSG00000025504|Eps8l2	chr7	141362706	141363020	+	Eps8l2	314	52.23
N7327	8312	ENSMUST00000106008.2|ENSMUSG00000051007|Gatd1	chr7	141407793	141408558	-	Gatd1	765	46.41
N7328	8313	ENSMUST00000084436.9|ENSMUSG00000060240|Cend1	chr7	141426445	141426808	-	Cend1	363	55.1
N7329	8314	ENSMUST00000124266.7|ENSMUSG00000019082|Slc25a22	chr7	141429751	141431991	-	Slc25a22	2240	57.28
N7330	8315	ENSMUST00000084434.10|ENSMUSG00000025508|Rplp2	chr7	141451456	141451585	+	Rplp2	129	42.64
N7331	8316	ENSMUST00000116247.2|ENSMUSG00000048200|Cracr2b	chr7	141466301	141466613	+	Cracr2b	312	55.45
N7332	8317	ENSMUST00000106000.9|ENSMUSG00000025510|Cd151	chr7	141470845	141471473	+	Cd151	628	52.55
N7333	8319	ENSMUST00000026585.13|ENSMUSG00000025511|Tspan4	chr7	141493174	141493427	+	Tspan4	253	53.36
N7334	832	ENSMUST00000047488.14|ENSMUSG00000038807|Rap1gap2	chr11	74383486	74388662	-	Rap1gap2	5176	51.58
N7335	8320	ENSMUST00000209452.1|ENSMUSG00000025512|Chid1	chr7	141495348	141522520	-	Chid1	27172	49.62
N7336	8322	ENSMUST00000001950.11|ENSMUSG00000025139|Tollip	chr7	141881582	141883629	-	Tollip	2047	45.38
N7337	8323	ENSMUST00000210684.1|ENSMUSG00000025147|Mob2	chr7	142009032	142010155	-	Mob2	1123	54.5
N7338	8324	ENSMUST00000039926.9|ENSMUSG00000037887|Dusp8	chr7	142079489	142081704	-	Dusp8	2215	52.23
N7339	8326	ENSMUST00000105968.7|ENSMUSG00000018819|Lsp1	chr7	142490796	142494867	+	Lsp1	4071	54.41
N7340	8327	ENSMUST00000000033.11|ENSMUSG00000048583|Igf2	chr7	142650765	142653667	-	Igf2	2902	50.03
N7341	8328	ENSMUST00000037941.9|ENSMUSG00000037706|Cd81	chr7	143067665	143067934	+	Cd81	269	44.61
N7342	8329	ENSMUST00000105920.7|ENSMUSG00000045752|Tssc4	chr7	143070948	143071087	+	Tssc4	139	58.27
N7343	833	ENSMUST00000100866.2|ENSMUSG00000069814|Ccdc92b	chr11	74638724	74641516	+	Ccdc92b	2792	53.01
N7344	8330	ENSMUST00000009689.10|ENSMUSG00000009545|Kcnq1	chr7	143426718	143427042	+	Kcnq1	324	48.77
N7345	8331	ENSMUST00000167912.8|ENSMUSG00000037664|Cdkn1c	chr7	143458338	143458756	-	Cdkn1c	418	39.0
N7346	8332	ENSMUST00000145943.7|ENSMUSG00000000154|Slc22a18	chr7	143480522	143499334	+	Slc22a18	18812	51.23
N7347	8333	ENSMUST00000072727.6|ENSMUSG00000059119|Nap1l4	chr7	143513578	143518731	-	Nap1l4	5153	47.45
N7348	8334	ENSMUST00000208575.1|ENSMUSG00000010755|Cars	chr7	143557705	143559127	-	Cars	1422	52.95
N7349	8335	ENSMUST00000208124.1|ENSMUSG00000045362|Tnfrsf26	chr7	143607658	143608232	-	Tnfrsf26	574	37.46
N7350	8336	ENSMUST00000035742.13|ENSMUSG00000037613|Tnfrsf23	chr7	143665808	143670831	-	Tnfrsf23	5023	46.86
N7351	8337	ENSMUST00000119499.7|ENSMUSG00000037606|Osbpl5	chr7	143688761	143689101	-	Osbpl5	340	45.0
N7352	8338	ENSMUST00000054048.9|ENSMUSG00000048965|Mrgpre	chr7	143778362	143780616	-	Mrgpre	2254	52.09
N7353	8339	ENSMUST00000145471.1|ENSMUSG00000058454|Dhcr7	chr7	143843318	143847409	+	Dhcr7	4091	52.41
N7354	834	ENSMUST00000092915.11|ENSMUSG00000020741|Cluh	chr11	74669758	74670847	+	Cluh	1089	53.9
N7355	8340	ENSMUST00000105902.7|ENSMUSG00000037541|Shank2	chr7	144421283	144424494	+	Shank2	3211	48.46
N7356	8341	ENSMUST00000033407.12|ENSMUSG00000031078|Cttn	chr7	144435732	144436118	-	Cttn	386	44.3
N7357	8342	ENSMUST00000182958.7|ENSMUSG00000037519|Ppfia1	chr7	144476765	144481084	-	Ppfia1	4319	46.42
N7358	8343	ENSMUST00000033394.7|ENSMUSG00000031077|Fadd	chr7	144577317	144579854	-	Fadd	2537	48.4
N7359	8344	ENSMUST00000121758.7|ENSMUSG00000031075|Ano1	chr7	144588548	144589362	-	Ano1	814	40.54
N7360	8345	ENSMUST00000128057.7|ENSMUSG00000031072|LTO1	chr7	144929232	144930748	+	LTO1	1516	51.45
N7361	8346	ENSMUST00000093962.4|ENSMUSG00000070348|Ccnd1	chr7	144929930	144932313	-	Ccnd1	2383	47.67
N7362	8347	ENSMUST00000208328.1|ENSMUSG00000048677|Tpcn2	chr7	145186523	145254137	-	Tpcn2	67614	50.67
N7363	8348	ENSMUST00000208839.1|ENSMUSG00000005534|Insr	chr8	3122060	3151020	-	Insr	28960	40.4
N7364	8349	ENSMUST00000004686.12|ENSMUSG00000069633|Pex11g	chr8	3457104	3459024	-	Pex11g	1920	49.84
N7365	8351	ENSMUST00000004681.13|ENSMUSG00000004565|Pnpla6	chr8	3544176	3544267	+	Pnpla6	91	53.85
N7366	8352	ENSMUST00000207428.1|ENSMUSG00000087687|Pet100	chr8	3624008	3625848	+	Pet100	1840	51.79
N7367	8353	ENSMUST00000044857.3|ENSMUSG00000040236|Trappc5	chr8	3680653	3681255	+	Trappc5	602	46.18
N7368	8354	ENSMUST00000012847.2|ENSMUSG00000031494|Cd209a	chr8	3743396	3743874	-	Cd209a	478	36.61
N7369	8355	ENSMUST00000062686.10|ENSMUSG00000002948|Map2k7	chr8	4246231	4247897	+	Map2k7	1666	53.6
N7370	8356	ENSMUST00000011981.4|ENSMUSG00000011837|Snapc2	chr8	4255994	4256220	+	Snapc2	226	52.65
N7371	8358	ENSMUST00000003029.13|ENSMUSG00000002949|Timm44	chr8	4259730	4259946	-	Timm44	216	46.76
N7372	836	ENSMUST00000000291.8|ENSMUSG00000000282|Mnt	chr11	74843468	74845725	+	Mnt	2257	55.07
N7373	8360	ENSMUST00000155797.7|ENSMUSG00000023235|Ccl25	chr8	4354203	4359998	+	Ccl25	5795	44.11
N7374	8361	ENSMUST00000008350.15|ENSMUSG00000008206|Cers4	chr8	4524564	4531680	+	Cers4	7116	40.02
N7375	8362	ENSMUST00000001319.14|ENSMUSG00000001300|Efnb2	chr8	8617433	8619435	-	Efnb2	2002	39.41
N7376	8363	ENSMUST00000207817.1|ENSMUSG00000040459|Arglu1	chr8	8667199	8681383	-	Arglu1	14184	40.98
N7377	8364	ENSMUST00000139793.7|ENSMUSG00000040396|Abhd13	chr8	9989801	9992155	+	Abhd13	2354	36.49
N7378	8365	ENSMUST00000040514.7|ENSMUSG00000038894|Irs2	chr8	10984680	10986740	-	Irs2	2060	44.42
N7379	8366	ENSMUST00000209735.1|ENSMUSG00000031502|Col4a1	chr8	11198430	11202828	-	Col4a1	4398	46.29
N7380	8367	ENSMUST00000033899.13|ENSMUSG00000031503|Col4a2	chr8	11448994	11449287	+	Col4a2	293	51.19
N7381	8368	ENSMUST00000033900.6|ENSMUSG00000031504|Rab20	chr8	11453517	11453760	-	Rab20	243	37.04
N7382	8369	ENSMUST00000054399.5|ENSMUSG00000045969|Ing1	chr8	11562282	11563251	+	Ing1	969	39.32
N7383	837	ENSMUST00000057631.11|ENSMUSG00000038351|Sgsm2	chr11	74849260	74850658	-	Sgsm2	1398	55.65
N7384	8370	ENSMUST00000211174.1|ENSMUSG00000031508|Ankrd10	chr8	11611583	11619061	-	Ankrd10	7478	43.86
N7385	8371	ENSMUST00000180353.1|ENSMUSG00000096014|Sox1	chr8	12397979	12400126	+	Sox1	2147	41.78
N7386	8372	ENSMUST00000164774.7|ENSMUSG00000000759|Tubgcp3	chr8	12614276	12648573	-	Tubgcp3	34297	46.8
N7387	8373	ENSMUST00000033820.3|ENSMUSG00000031443|F7	chr8	13035554	13035809	+	F7	255	56.47
N7388	8374	ENSMUST00000168164.7|ENSMUSG00000038542|Pcid2	chr8	13077188	13094016	-	Pcid2	16828	47.77
N7389	8375	ENSMUST00000033824.7|ENSMUSG00000031447|Lamp1	chr8	13175060	13175338	+	Lamp1	278	47.12
N7390	8376	ENSMUST00000209895.1|ENSMUSG00000038515|Grtp1	chr8	13172021	13179597	-	Grtp1	7576	49.52
N7391	8377	ENSMUST00000203467.2|ENSMUSG00000038506|Dcun1d2	chr8	13255963	13278485	-	Dcun1d2	22522	45.76
N7392	8378	ENSMUST00000045229.6|ENSMUSG00000038497|Tmco3	chr8	13321186	13322924	+	Tmco3	1738	38.09
N7393	8379	ENSMUST00000210501.1|ENSMUSG00000038482|Tfdp1	chr8	13373102	13378448	+	Tfdp1	5346	46.05
N7394	8380	ENSMUST00000033828.6|ENSMUSG00000031451|Gas6	chr8	13465373	13465597	-	Gas6	224	41.96
N7395	8381	ENSMUST00000043962.8|ENSMUSG00000038416|Cdc16	chr8	13781779	13781938	+	Cdc16	159	38.36
N7396	8382	ENSMUST00000043767.8|ENSMUSG00000038398|Upf3a	chr8	13798622	13799193	+	Upf3a	571	42.91
N7397	8383	ENSMUST00000051870.7|ENSMUSG00000047710|Champ1	chr8	13880407	13881639	+	Champ1	1232	40.99
N7398	8384	ENSMUST00000033839.8|ENSMUSG00000031458|Coprs	chr8	13884793	13884883	-	Coprs	90	34.44
N7399	8385	ENSMUST00000043520.4|ENSMUSG00000038365|Fbxo25	chr8	13940236	13940522	+	Fbxo25	286	41.61
N7400	8386	ENSMUST00000062613.11|ENSMUSG00000050052|Tdrp	chr8	13952007	13952513	-	Tdrp	506	44.47
N7401	8387	ENSMUST00000110813.4|ENSMUSG00000051978|Erich1	chr8	14027560	14027931	-	Erich1	371	30.19
N7402	8388	ENSMUST00000133298.7|ENSMUSG00000047495|Dlgap2	chr8	14847108	14847680	+	Dlgap2	572	46.68
N7403	8389	ENSMUST00000027554.7|ENSMUSG00000026317|Cln8	chr8	14897756	14901720	+	Cln8	3964	47.81
N7404	839	ENSMUST00000065211.8|ENSMUSG00000001323|Srr	chr11	74906358	74908227	-	Srr	1869	44.68
N7405	8391	ENSMUST00000033846.6|ENSMUSG00000031465|Angpt2	chr8	18690262	18691534	-	Angpt2	1272	39.78
N7406	8392	ENSMUST00000149565.7|ENSMUSG00000031467|Agpat5	chr8	18883220	18891361	+	Agpat5	8141	41.79
N7407	8393	ENSMUST00000033865.15|ENSMUSG00000031478|Nek3	chr8	22128282	22128529	-	Nek3	247	40.89
N7408	8395	ENSMUST00000069828.9|ENSMUSG00000031480|Thsd1	chr8	22260171	22261334	+	Thsd1	1163	43.34
N7409	8396	ENSMUST00000033871.7|ENSMUSG00000031482|Slc25a15	chr8	22375550	22377582	-	Slc25a15	2032	43.7
N7410	8397	ENSMUST00000163774.2|ENSMUSG00000031534|Smim19	chr8	22462613	22463000	-	Smim19	387	44.44
N7411	8398	ENSMUST00000067786.8|ENSMUSG00000037656|Slc20a2	chr8	22569248	22569612	+	Slc20a2	364	47.25
N7412	8399	ENSMUST00000179233.1|ENSMUSG00000008892|Vdac3	chr8	22577074	22577315	-	Vdac3	241	43.15
N7413	84	ENSMUST00000099945.5|ENSMUSG00000075232|Amd1	chr10	40287457	40288864	-	Amd1	1407	39.52
N7414	840	ENSMUST00000130145.7|ENSMUSG00000038290|Smg6	chr11	74990244	75164448	+	Smg6	174204	42.84
N7415	8400	ENSMUST00000210950.1|ENSMUSG00000031536|Polb	chr8	22637211	22639933	-	Polb	2722	42.25
N7416	8401	ENSMUST00000135326.7|ENSMUSG00000031537|Ikbkb	chr8	22659212	22668683	-	Ikbkb	9471	48.64
N7417	8402	ENSMUST00000033941.6|ENSMUSG00000031538|Plat	chr8	22782500	22782844	+	Plat	344	36.05
N7418	8403	ENSMUST00000163739.2|ENSMUSG00000031539|Ap3m2	chr8	22787353	22788346	-	Ap3m2	993	47.23
N7419	8404	ENSMUST00000167004.2|ENSMUSG00000031545|Gpat4	chr8	23171264	23173957	-	Gpat4	2693	49.91
N7420	8405	ENSMUST00000033950.6|ENSMUSG00000031546|Gins4	chr8	23226615	23226930	-	Gins4	315	44.44
N7421	8406	ENSMUST00000051094.8|ENSMUSG00000015341|Golga7	chr8	23241345	23244597	-	Golga7	3252	41.82
N7422	8407	ENSMUST00000033952.7|ENSMUSG00000031548|Sfrp1	chr8	23447728	23449632	+	Sfrp1	1904	44.01
N7423	8408	ENSMUST00000052622.5|ENSMUSG00000056313|Tcim	chr8	24437179	24437941	-	Tcim	762	36.35
N7424	8409	ENSMUST00000211319.1|ENSMUSG00000031555|Adam9	chr8	24990271	24992073	-	Adam9	1802	39.07
N7425	841	ENSMUST00000055619.4|ENSMUSG00000043099|Hic1	chr11	75164564	75164863	-	Hic1	299	53.51
N7426	8410	ENSMUST00000084031.5|ENSMUSG00000037406|Htra4	chr8	25024928	25025213	-	Htra4	285	36.14
N7427	8412	ENSMUST00000210767.1|ENSMUSG00000065954|Tacc1	chr8	25171281	25200046	-	Tacc1	28765	46.97
N7428	8413	ENSMUST00000138104.8|ENSMUSG00000031565|Fgfr1	chr8	25564501	25572441	+	Fgfr1	7940	49.77
N7429	8414	ENSMUST00000124764.7|ENSMUSG00000031570|Plpp5	chr8	25722600	25724887	+	Plpp5	2287	45.56
N7430	8415	ENSMUST00000211009.1|ENSMUSG00000061313|Ddhd2	chr8	25734272	25739417	-	Ddhd2	5145	42.53
N7431	8417	ENSMUST00000139946.7|ENSMUSG00000031575|Ash2l	chr8	25816524	25822694	-	Ash2l	6170	43.7
N7432	8418	ENSMUST00000037609.7|ENSMUSG00000037260|Hgsnat	chr8	25944452	25944860	-	Hgsnat	408	40.93
N7433	8419	ENSMUST00000061850.4|ENSMUSG00000037251|Pomk	chr8	25980603	25981667	-	Pomk	1064	48.03
N7434	842	ENSMUST00000071562.2|ENSMUSG00000038268|Ovca2	chr11	75175941	75177745	-	Ovca2	1804	45.51
N7435	8421	ENSMUST00000037182.13|ENSMUSG00000037234|Hook3	chr8	26021420	26029093	-	Hook3	7673	37.5
N7436	8422	ENSMUST00000036807.12|ENSMUSG00000037214|Thap1	chr8	26162978	26164151	+	Thap1	1173	36.32
N7437	8423	ENSMUST00000154256.2|ENSMUSG00000085795|Zfp703	chr8	26980242	26981461	+	Zfp703	1219	50.62
N7438	8424	ENSMUST00000033873.8|ENSMUSG00000031483|Erlin2	chr8	27039141	27040328	+	Erlin2	1187	40.94
N7439	8425	ENSMUST00000179207.2|ENSMUSG00000031486|Adgra2	chr8	27117524	27122989	+	Adgra2	5465	54.91
N7440	8426	ENSMUST00000054212.6|ENSMUSG00000031488|Rab11fip1	chr8	27138772	27140992	-	Rab11fip1	2220	45.68
N7441	8427	ENSMUST00000033880.6|ENSMUSG00000031490|Eif4ebp1	chr8	27275366	27276674	+	Eif4ebp1	1308	41.28
N7442	8428	ENSMUST00000036631.13|ENSMUSG00000039661|Dusp26	chr8	31096682	31097047	+	Dusp26	365	49.04
N7443	8429	ENSMUST00000046941.7|ENSMUSG00000039328|Rnf122	chr8	31129404	31131482	+	Rnf122	2078	46.54
N7444	843	ENSMUST00000044949.10|ENSMUSG00000078789|Dph1	chr11	75177642	75178793	-	Dph1	1151	56.91
N7445	8430	ENSMUST00000098842.2|ENSMUSG00000031577|Tti2	chr8	31160577	31164702	+	Tti2	4125	42.86
N7446	8431	ENSMUST00000033983.5|ENSMUSG00000031578|Mak16	chr8	31159462	31159815	-	Mak16	353	43.34
N7447	8432	ENSMUST00000161502.1|ENSMUSG00000046152|Fut10	chr8	31261220	31261738	+	Fut10	518	40.54
N7448	8433	ENSMUST00000033991.12|ENSMUSG00000031583|Wrn	chr8	33234383	33235696	-	Wrn	1313	34.96
N7449	8434	ENSMUST00000078058.4|ENSMUSG00000049184|Purg	chr8	33416809	33417467	+	Purg	658	40.58
N7450	8435	ENSMUST00000009774.10|ENSMUSG00000009630|Ppp2cb	chr8	33619342	33619441	+	Ppp2cb	99	44.44
N7451	8436	ENSMUST00000095349.5|ENSMUSG00000052906|Ubxn8	chr8	33619585	33621057	-	Ubxn8	1472	39.06
N7452	8437	ENSMUST00000033992.8|ENSMUSG00000031584|Gsr	chr8	33697835	33698163	+	Gsr	328	35.37
N7453	8438	ENSMUST00000171010.7|ENSMUSG00000031585|Gtf2e2	chr8	33776798	33777173	+	Gtf2e2	375	36.8
N7454	8439	ENSMUST00000080152.4|ENSMUSG00000063412|Gm10131	chr8	34111001	34111095	-	Gm10131	94	23.4
N7455	844	ENSMUST00000102514.3|ENSMUSG00000045287|Rtn4rl1	chr11	75266649	75267769	+	Rtn4rl1	1120	48.75
N7456	8441	ENSMUST00000239436.1|ENSMUSG00000031532|Saraf	chr8	34170536	34170845	+	Saraf	309	44.98
N7457	8442	ENSMUST00000033930.4|ENSMUSG00000031530|Dusp4	chr8	34818931	34819894	+	Dusp4	963	44.44
N7458	8443	ENSMUST00000033929.5|ENSMUSG00000031529|Tnks	chr8	34826459	34831486	-	Tnks	5027	41.34
N7459	8444	ENSMUST00000070481.7|ENSMUSG00000046794|Ppp1r3b	chr8	35385748	35388139	+	Ppp1r3b	2391	44.17
N7460	8445	ENSMUST00000033927.7|ENSMUSG00000031527|Eri1	chr8	35465252	35467498	-	Eri1	2246	42.25
N7461	8447	ENSMUST00000110492.1|ENSMUSG00000050271|Prag1	chr8	36147565	36147787	+	Prag1	222	48.2
N7462	8448	ENSMUST00000239119.1|ENSMUSG00000039633|Lonrf1	chr8	36216063	36217288	-	Lonrf1	1225	41.14
N7463	8449	ENSMUST00000098825.4|ENSMUSG00000074384|AI429214	chr8	36994729	36995533	+	AI429214	804	38.18
N7464	845	ENSMUST00000092907.11|ENSMUSG00000000751|Rpa1	chr11	75298165	75300580	-	Rpa1	2415	47.25
N7465	8450	ENSMUST00000211241.1|ENSMUSG00000039530|Tusc3	chr8	39067779	39165114	+	Tusc3	97335	38.58
N7466	8451	ENSMUST00000170091.2|ENSMUSG00000025044|Msr1	chr8	39603453	39604909	-	Msr1	1456	37.09
N7467	8453	ENSMUST00000034012.9|ENSMUSG00000031601|Cnot7	chr8	40492539	40493288	-	Cnot7	749	32.18
N7468	8454	ENSMUST00000057784.14|ENSMUSG00000031596|Slc7a2	chr8	40917759	40922308	+	Slc7a2	4549	40.12
N7469	8455	ENSMUST00000034004.9|ENSMUSG00000031595|Pdgfrl	chr8	40990651	40990785	+	Pdgfrl	134	27.61
N7470	8456	ENSMUST00000059115.12|ENSMUSG00000045636|Mtus1	chr8	40990913	40993021	-	Mtus1	2108	41.84
N7471	8457	ENSMUST00000045218.8|ENSMUSG00000031592|Pcm1	chr8	41332156	41332344	+	Pcm1	188	37.23
N7472	8458	ENSMUST00000110417.7|ENSMUSG00000031591|Asah1	chr8	41346179	41354763	-	Asah1	8584	42.36
N7473	8459	ENSMUST00000116473.4|ENSMUSG00000031640|Gm45753	chr8	45269670	45306025	-	Gm45753	36355	40.87
N7474	846	ENSMUST00000044530.2|ENSMUSG00000018809|Smyd4	chr11	75405152	75405705	+	Smyd4	553	38.88
N7475	8460	ENSMUST00000095328.5|ENSMUSG00000079057|Cyp4v3	chr8	45304943	45306039	-	Cyp4v3	1096	39.87
N7476	8461	ENSMUST00000135912.7|ENSMUSG00000070044|Fam149a	chr8	45336716	45339144	-	Fam149a	2428	36.41
N7477	8462	ENSMUST00000130412.7|ENSMUSG00000031634|Ufsp2	chr8	45985468	45996857	+	Ufsp2	11389	38.34
N7478	8463	ENSMUST00000153674.7|ENSMUSG00000050914|Ankrd37	chr8	45996910	45999247	-	Ankrd37	2337	39.07
N7479	8464	ENSMUST00000110377.8|ENSMUSG00000038291|Snx25	chr8	46056075	46068017	-	Snx25	11942	41.05
N7480	8465	ENSMUST00000034048.12|ENSMUSG00000031631|Cfap97	chr8	46193293	46195590	+	Cfap97	2297	41.23
N7481	8466	ENSMUST00000034049.4|ENSMUSG00000031633|Slc25a4	chr8	46206796	46207302	-	Slc25a4	506	42.89
N7482	8467	ENSMUST00000034046.12|ENSMUSG00000018796|Acsl1	chr8	46535000	46536051	+	Acsl1	1051	43.39
N7483	8468	ENSMUST00000211115.1|ENSMUSG00000031628|Casp3	chr8	46638991	46639689	+	Casp3	698	46.85
N7484	8469	ENSMUST00000210284.1|ENSMUSG00000031627|Irf2	chr8	46837838	46847446	+	Irf2	9608	45.77
N7485	847	ENSMUST00000168902.7|ENSMUSG00000000753|Serpinf1	chr11	75410063	75414889	-	Serpinf1	4826	49.15
N7486	8470	ENSMUST00000175692.7|ENSMUSG00000031568|Rwdd4a	chr8	47543029	47551279	+	Rwdd4a	8250	43.21
N7487	8471	ENSMUST00000080353.2|ENSMUSG00000063049|Ing2	chr8	47667177	47668517	-	Ing2	1340	38.96
N7488	8472	ENSMUST00000038738.6|ENSMUSG00000038069|Cdkn2aip	chr8	47709343	47710746	-	Cdkn2aip	1403	28.94
N7489	8473	ENSMUST00000057561.8|ENSMUSG00000031563|Wwc2	chr8	47823958	47827786	-	Wwc2	3828	43.5
N7490	8474	ENSMUST00000033965.13|ENSMUSG00000031561|Tenm3	chr8	48227681	48228163	-	Tenm3	482	33.2
N7491	8475	ENSMUST00000033919.5|ENSMUSG00000031520|Vegfc	chr8	54186282	54187096	+	Vegfc	814	33.05
N7492	8476	ENSMUST00000067476.8|ENSMUSG00000054408|Spcs3	chr8	54520432	54523114	-	Spcs3	2682	38.4
N7493	8478	ENSMUST00000034026.9|ENSMUSG00000031613|Hpgd	chr8	56320581	56321043	+	Hpgd	462	37.01
N7494	8479	ENSMUST00000040218.12|ENSMUSG00000038206|Fbxo8	chr8	56592076	56593939	+	Fbxo8	1863	35.1
N7495	848	ENSMUST00000173320.7|ENSMUSG00000045374|Wdr81	chr11	75440943	75441249	-	Wdr81	306	55.23
N7496	8481	ENSMUST00000067925.7|ENSMUSG00000054717|Hmgb2	chr8	57514353	57515999	+	Hmgb2	1646	34.02
N7497	8482	ENSMUST00000034021.11|ENSMUSG00000031608|Galnt7	chr8	57523827	57524868	-	Galnt7	1041	30.84
N7498	8483	ENSMUST00000160719.7|ENSMUSG00000031647|Mfap3l	chr8	60672433	60676729	+	Mfap3l	4296	36.87
N7499	8484	ENSMUST00000149267.7|ENSMUSG00000038005|Hpf1	chr8	60896947	60907573	+	Hpf1	10626	41.25
N7500	8486	ENSMUST00000034065.13|ENSMUSG00000031644|Nek1	chr8	61130488	61131346	+	Nek1	858	34.27
N7501	8487	ENSMUST00000034060.6|ENSMUSG00000031642|Sh3rf1	chr8	61394077	61396071	+	Sh3rf1	1994	41.22
N7502	8488	ENSMUST00000034058.13|ENSMUSG00000031641|Cbr4	chr8	61503372	61506694	+	Cbr4	3322	41.3
N7503	8489	ENSMUST00000121200.8|ENSMUSG00000058056|Palld	chr8	61511432	61513203	-	Palld	1771	42.01
N7504	849	ENSMUST00000108435.1|ENSMUSG00000038217|Tlcd2	chr11	75470672	75470899	+	Tlcd2	227	45.81
N7505	8490	ENSMUST00000119068.7|ENSMUSG00000054162|Spock3	chr8	63355613	63357103	+	Spock3	1490	28.19
N7506	8491	ENSMUST00000066166.5|ENSMUSG00000053626|Tll1	chr8	64014930	64015595	-	Tll1	665	35.64
N7507	8493	ENSMUST00000034015.10|ENSMUSG00000031604|Msmo1	chr8	64718138	64718439	-	Msmo1	301	38.54
N7508	8494	ENSMUST00000209923.1|ENSMUSG00000025521|Tmem192	chr8	64959609	64968903	+	Tmem192	9294	43.93
N7509	8495	ENSMUST00000110255.7|ENSMUSG00000036469|Marchf1	chr8	66470218	66471637	+	Marchf1	1419	36.43
N7510	8496	ENSMUST00000143972.1|ENSMUSG00000025591|Tma16	chr8	66474329	66480339	-	Tma16	6010	42.13
N7511	8497	ENSMUST00000039303.6|ENSMUSG00000036437|Npy1r	chr8	66705937	66706792	+	Npy1r	855	40.47
N7512	8498	ENSMUST00000212916.1|ENSMUSG00000014907|Naf1	chr8	66879756	66883597	+	Naf1	3841	39.39
N7513	8499	ENSMUST00000026677.3|ENSMUSG00000025588|Nat1	chr8	67491994	67492104	+	Nat1	110	27.27
N7514	85	ENSMUST00000215000.1|ENSMUSG00000038481|Cdk19	chr10	40434458	40483818	+	Cdk19	49360	42.77
N7515	850	ENSMUST00000042972.6|ENSMUSG00000038195|Rilp	chr11	75512991	75513168	+	Rilp	177	52.54
N7516	8500	ENSMUST00000093470.6|ENSMUSG00000051147|Nat2	chr8	67502353	67502584	+	Nat2	231	27.71
N7517	8501	ENSMUST00000098696.9|ENSMUSG00000030465|Psd3	chr8	67689081	67696823	-	Psd3	7742	39.76
N7518	8502	ENSMUST00000078350.12|ENSMUSG00000036356|Csgalnact1	chr8	68356780	68358197	-	Csgalnact1	1417	37.26
N7519	8503	ENSMUST00000034328.12|ENSMUSG00000031864|Ints10	chr8	68827581	68829410	+	Ints10	1829	41.06
N7520	8504	ENSMUST00000006435.7|ENSMUSG00000006273|Atp6v1b2	chr8	69113377	69113711	+	Atp6v1b2	334	50.0
N7521	8505	ENSMUST00000212681.1|ENSMUSG00000059897|Zfp930	chr8	69229128	69230536	+	Zfp930	1408	36.22
N7522	8506	ENSMUST00000213012.1|ENSMUSG00000110444|Gm10033	chr8	69366509	69371193	-	Gm10033	4684	39.39
N7523	8507	ENSMUST00000121886.7|ENSMUSG00000060427|Zfp868	chr8	69610856	69611068	-	Zfp868	212	33.96
N7524	8508	ENSMUST00000238292.1|ENSMUSG00000054648|Zfp869	chr8	69702655	69705337	-	Zfp869	2682	43.48
N7525	8509	ENSMUST00000130458.7|ENSMUSG00000092260|Zfp963	chr8	69741638	69742163	-	Zfp963	525	36.76
N7526	851	ENSMUST00000123819.1|ENSMUSG00000038188|Scarf1	chr11	75515688	75526578	+	Scarf1	10890	48.76
N7527	8510	ENSMUST00000238316.1|ENSMUSG00000031862|Atp13a1	chr8	69800122	69803644	+	Atp13a1	3522	51.79
N7528	8511	ENSMUST00000036074.14|ENSMUSG00000036246|Gmip	chr8	69821403	69821870	+	Gmip	467	46.04
N7529	8512	ENSMUST00000156319.7|ENSMUSG00000031860|Pbx4	chr8	69865065	69872292	+	Pbx4	7227	53.76
N7530	8513	ENSMUST00000177851.8|ENSMUSG00000036180|Gatad2a	chr8	69907075	69908849	-	Gatad2a	1774	46.96
N7531	8514	ENSMUST00000212845.1|ENSMUSG00000031858|Mau2	chr8	70018641	70022135	-	Mau2	3494	51.12
N7532	8515	ENSMUST00000011450.7|ENSMUSG00000011306|Sugp1	chr8	70071980	70072347	+	Sugp1	367	52.59
N7533	8516	ENSMUST00000007738.10|ENSMUSG00000007594|Hapln4	chr8	70088669	70090862	+	Hapln4	2193	51.25
N7534	8517	ENSMUST00000002412.8|ENSMUSG00000002341|Ncan	chr8	70093084	70096171	-	Ncan	3087	48.59
N7535	8518	ENSMUST00000075724.8|ENSMUSG00000036120|Rfxank	chr8	70130805	70133096	-	Rfxank	2291	53.82
N7536	8519	ENSMUST00000211898.1|ENSMUSG00000071078|Nr2c2ap	chr8	70132770	70133748	+	Nr2c2ap	978	54.4
N7537	852	ENSMUST00000042561.13|ENSMUSG00000038178|Slc43a2	chr11	75573613	75577575	+	Slc43a2	3962	50.48
N7538	8520	ENSMUST00000182715.7|ENSMUSG00000002342|Tmem161a	chr8	70182659	70183667	+	Tmem161a	1008	50.2
N7539	8521	ENSMUST00000063788.7|ENSMUSG00000002346|Slc25a42	chr8	70184339	70185445	-	Slc25a42	1106	52.17
N7540	8522	ENSMUST00000019679.11|ENSMUSG00000002343|Armc6	chr8	70220171	70220443	-	Armc6	272	50.74
N7541	8523	ENSMUST00000140212.7|ENSMUSG00000003573|Homer3	chr8	70293687	70294361	+	Homer3	674	56.08
N7542	8524	ENSMUST00000008004.9|ENSMUSG00000057788|Ddx49	chr8	70292865	70293323	-	Ddx49	458	61.14
N7543	8525	ENSMUST00000168018.1|ENSMUSG00000055681|Cope	chr8	70310491	70312772	+	Cope	2281	51.47
N7544	8526	ENSMUST00000140239.3|ENSMUSG00000087408|Cers1	chr8	70330276	70331587	+	Cers1	1311	62.55
N7545	8528	ENSMUST00000209415.1|ENSMUSG00000055707|Klhl26	chr8	70450218	70451979	-	Klhl26	1761	55.31
N7546	8529	ENSMUST00000045286.8|ENSMUSG00000035964|Tmem59l	chr8	70483866	70484089	-	Tmem59l	223	45.74
N7547	853	ENSMUST00000102509.10|ENSMUSG00000017781|Pitpna	chr11	75612375	75626433	+	Pitpna	14058	45.18
N7548	8530	ENSMUST00000008032.13|ENSMUSG00000007888|Crlf1	chr8	70503982	70504081	+	Crlf1	99	46.46
N7549	8531	ENSMUST00000136913.1|ENSMUSG00000058833|Rex1bd	chr8	70504298	70504361	-	Rex1bd	63	49.21
N7550	8532	ENSMUST00000134893.1|ENSMUSG00000019428|Fkbp8	chr8	70534614	70535057	+	Fkbp8	443	60.72
N7551	8533	ENSMUST00000093454.7|ENSMUSG00000070002|Ell	chr8	70592021	70592858	+	Ell	837	52.21
N7552	8534	ENSMUST00000209285.1|ENSMUSG00000019139|Isyna1	chr8	70596165	70597191	+	Isyna1	1026	60.14
N7553	8535	ENSMUST00000211197.1|ENSMUSG00000070003|Ssbp4	chr8	70599429	70600309	-	Ssbp4	880	59.2
N7554	8536	ENSMUST00000070173.8|ENSMUSG00000056204|Pgpep1	chr8	70646434	70649970	-	Pgpep1	3536	52.55
N7555	8539	ENSMUST00000110093.8|ENSMUSG00000031840|Rab3a	chr8	70758418	70758677	+	Rab3a	259	52.9
N7556	854	ENSMUST00000150857.7|ENSMUSG00000006127|Inpp5k	chr11	75639565	75648865	+	Inpp5k	9300	49.12
N7557	8540	ENSMUST00000212617.1|ENSMUSG00000035559|Mpv17l2	chr8	70759415	70760091	-	Mpv17l2	676	50.44
N7558	8541	ENSMUST00000002989.10|ENSMUSG00000002910|Arrdc2	chr8	70835128	70835435	-	Arrdc2	307	50.16
N7559	8542	ENSMUST00000212243.1|ENSMUSG00000002908|Kcnn1	chr8	70844252	70846402	-	Kcnn1	2150	51.16
N7560	8543	ENSMUST00000007865.6|ENSMUSG00000007721|Ccdc124	chr8	70868226	70868292	-	Ccdc124	66	65.15
N7561	8544	ENSMUST00000000809.2|ENSMUSG00000000792|Slc5a5	chr8	70882888	70883189	-	Slc5a5	301	42.19
N7562	8545	ENSMUST00000213053.1|ENSMUSG00000045128|Rpl18a	chr8	70895414	70895915	-	Rpl18a	501	58.88
N7563	8546	ENSMUST00000123495.7|ENSMUSG00000035439|Haus8	chr8	71248560	71255352	-	Haus8	6792	45.04
N7564	8547	ENSMUST00000110052.1|ENSMUSG00000002396|Ocel1	chr8	71376273	71379361	+	Ocel1	3088	55.25
N7565	8549	ENSMUST00000212626.1|ENSMUSG00000034911|Ushbp1	chr8	71384271	71390002	-	Ushbp1	5731	51.18
N7566	855	ENSMUST00000102505.9|ENSMUSG00000017774|Myo1c	chr11	75673576	75673910	+	Myo1c	334	55.39
N7567	8550	ENSMUST00000002473.9|ENSMUSG00000031820|Babam1	chr8	71404546	71404619	+	Babam1	73	50.68
N7568	8552	ENSMUST00000048914.7|ENSMUSG00000034880|Mrpl34	chr8	71465611	71465747	+	Mrpl34	136	47.06
N7569	8553	ENSMUST00000124745.7|ENSMUSG00000074247|Dda1	chr8	71474955	71476098	+	Dda1	1143	55.47
N7570	8554	ENSMUST00000093450.5|ENSMUSG00000034863|Ano8	chr8	71476018	71476236	-	Ano8	218	49.08
N7571	8556	ENSMUST00000048452.5|ENSMUSG00000034845|Plvap	chr8	71497764	71498019	-	Plvap	255	47.84
N7572	8557	ENSMUST00000051672.8|ENSMUSG00000046718|Bst2	chr8	71534254	71534360	-	Bst2	106	37.74
N7573	8558	ENSMUST00000212326.1|ENSMUSG00000031813|Mvb12a	chr8	71544238	71545720	+	Mvb12a	1482	51.62
N7574	8559	ENSMUST00000052072.7|ENSMUSG00000043664|Tmem221	chr8	71554237	71554509	-	Tmem221	272	50.0
N7575	856	ENSMUST00000108425.7|ENSMUSG00000017776|Crk	chr11	75705794	75706908	+	Crk	1114	37.79
N7576	8561	ENSMUST00000047903.9|ENSMUSG00000034807|Colgalt1	chr8	71623949	71624911	+	Colgalt1	962	47.61
N7577	8562	ENSMUST00000175909.7|ENSMUSG00000034799|Unc13a	chr8	71634622	71639634	-	Unc13a	5012	53.55
N7578	8563	ENSMUST00000051995.13|ENSMUSG00000031805|Jak3	chr8	71688295	71690575	+	Jak3	2280	57.5
N7579	8564	ENSMUST00000034261.7|ENSMUSG00000079019|Insl3	chr8	71690513	71690575	+	Insl3	62	53.23
N7580	8565	ENSMUST00000034260.8|ENSMUSG00000031803|B3gnt3	chr8	71690755	71691606	-	B3gnt3	851	46.53
N7581	8566	ENSMUST00000188685.6|ENSMUSG00000056019|Zfp709	chr8	71891465	71895727	+	Zfp709	4262	39.56
N7582	8568	ENSMUST00000003575.10|ENSMUSG00000031799|Tpm4	chr8	72152775	72153142	+	Tpm4	367	40.05
N7583	8569	ENSMUST00000003121.8|ENSMUSG00000003037|Rab8a	chr8	72181002	72183904	+	Rab8a	2902	47.24
N7584	857	ENSMUST00000134745.7|ENSMUSG00000020849|Ywhae	chr11	75759489	75764623	+	Ywhae	5134	40.94
N7585	8570	ENSMUST00000003123.9|ENSMUSG00000003039|Fam32a	chr8	72223149	72224418	+	Fam32a	1269	43.18
N7586	8571	ENSMUST00000212708.1|ENSMUSG00000003033|Ap1m1	chr8	72246926	72249879	+	Ap1m1	2953	49.14
N7587	8573	ENSMUST00000067912.7|ENSMUSG00000055148|Klf2	chr8	72321165	72321656	+	Klf2	491	46.44
N7588	8574	ENSMUST00000212590.1|ENSMUSG00000006276|Eps15l1	chr8	72377417	72378078	-	Eps15l1	661	42.06
N7589	8576	ENSMUST00000079510.5|ENSMUSG00000052488|Cherp	chr8	72460488	72460802	-	Cherp	314	40.13
N7590	8577	ENSMUST00000152080.7|ENSMUSG00000019731|Slc35e1	chr8	72480640	72481787	-	Slc35e1	1147	44.9
N7591	8578	ENSMUST00000058534.6|ENSMUSG00000045248|Med26	chr8	72494560	72495000	-	Med26	440	40.91
N7592	858	ENSMUST00000121287.7|ENSMUSG00000020847|Rph3al	chr11	75830998	75831846	-	Rph3al	848	50.12
N7593	8580	ENSMUST00000211914.1|ENSMUSG00000031791|Tmem38a	chr8	72581399	72586181	+	Tmem38a	4782	51.11
N7594	8581	ENSMUST00000004494.15|ENSMUSG00000031622|Sin3b	chr8	72757824	72758201	+	Sin3b	377	47.48
N7595	8582	ENSMUST00000004497.10|ENSMUSG00000004383|Large1	chr8	72814598	72815675	-	Large1	1077	43.08
N7596	8583	ENSMUST00000145919.1|ENSMUSG00000034518|Hmgxb4	chr8	75001584	75031978	+	Hmgxb4	30394	41.86
N7597	8585	ENSMUST00000005548.7|ENSMUSG00000005413|Hmox1	chr8	75100349	75100589	+	Hmox1	240	40.42
N7598	8586	ENSMUST00000164309.2|ENSMUSG00000005410|Mcm5	chr8	75127569	75128439	+	Mcm5	870	42.76
N7599	8587	ENSMUST00000139848.7|ENSMUSG00000034472|Rasd2	chr8	75223581	75224113	+	Rasd2	532	52.82
N7600	8588	ENSMUST00000076316.5|ENSMUSG00000037148|Arhgap10	chr8	77250365	77250612	-	Arhgap10	247	53.85
N7601	8589	ENSMUST00000034030.14|ENSMUSG00000031617|Tmem184c	chr8	77595981	77596214	-	Tmem184c	233	25.75
N7602	859	ENSMUST00000021207.6|ENSMUSG00000020846|Rflnb	chr11	76019193	76021761	-	Rflnb	2568	45.72
N7603	8590	ENSMUST00000034029.7|ENSMUSG00000031616|Ednra	chr8	77663030	77663575	-	Ednra	545	40.73
N7604	8592	ENSMUST00000130325.7|ENSMUSG00000031683|Lsm6	chr8	78804864	78806902	-	Lsm6	2038	44.6
N7605	8593	ENSMUST00000210231.1|ENSMUSG00000037022|Mmaa	chr8	79267907	79278134	-	Mmaa	10227	45.24
N7606	8594	ENSMUST00000173078.7|ENSMUSG00000036990|Otud4	chr8	79674217	79677724	+	Otud4	3507	36.9
N7607	8597	ENSMUST00000043359.8|ENSMUSG00000031715|Smarca5	chr8	80698506	80700217	-	Smarca5	1711	36.41
N7608	8598	ENSMUST00000210676.1|ENSMUSG00000031714|Gab1	chr8	80764437	80766180	-	Gab1	1743	42.0
N7609	8599	ENSMUST00000042724.7|ENSMUSG00000038250|Usp38	chr8	80980732	80981089	-	Usp38	357	29.41
N7610	86	ENSMUST00000213856.1|ENSMUSG00000063428|Ddo	chr10	40649838	40681847	+	Ddo	32009	44.6
N7611	860	ENSMUST00000169734.7|ENSMUSG00000017288|Vps53	chr11	76062984	76113898	-	Vps53	50914	45.09
N7612	8600	ENSMUST00000211462.1|ENSMUSG00000031711|Zfp330	chr8	82764397	82769233	-	Zfp330	4836	40.8
N7613	8601	ENSMUST00000078525.6|ENSMUSG00000047747|Rnf150	chr8	83084162	83091268	+	Rnf150	7106	44.24
N7614	8602	ENSMUST00000093393.4|ENSMUSG00000031709|Tbc1d9	chr8	83271758	83272934	+	Tbc1d9	1176	40.48
N7615	8603	ENSMUST00000177594.7|ENSMUSG00000035151|Elmod2	chr8	83312631	83314804	-	Elmod2	2173	35.99
N7616	8604	ENSMUST00000081506.10|ENSMUSG00000063253|Scoc	chr8	83434494	83435361	-	Scoc	867	33.45
N7617	8606	ENSMUST00000005620.9|ENSMUSG00000005483|Dnajb1	chr8	83611567	83612653	+	Dnajb1	1086	47.42
N7618	8607	ENSMUST00000019577.9|ENSMUSG00000019433|Gipc1	chr8	83664478	83664694	+	Gipc1	216	62.04
N7619	8608	ENSMUST00000005616.15|ENSMUSG00000057672|Pkn1	chr8	83666535	83667946	-	Pkn1	1411	56.2
N7620	8609	ENSMUST00000019608.6|ENSMUSG00000019464|Ptger1	chr8	83670368	83672753	+	Ptger1	2385	55.97
N7621	861	ENSMUST00000170017.7|ENSMUSG00000017286|Glod4	chr11	76221606	76233021	-	Glod4	11415	42.44
N7622	8610	ENSMUST00000212949.1|ENSMUSG00000005481|Ddx39	chr8	83725346	83726892	+	Ddx39	1546	50.39
N7623	8611	ENSMUST00000005607.8|ENSMUSG00000005470|Asf1b	chr8	83969769	83970197	+	Asf1b	428	43.69
N7624	8612	ENSMUST00000005606.7|ENSMUSG00000005469|Prkaca	chr8	83995855	83996443	+	Prkaca	588	54.42
N7625	8613	ENSMUST00000095228.4|ENSMUSG00000079003|Samd1	chr8	84000145	84000409	+	Samd1	264	49.24
N7626	8614	ENSMUST00000005601.8|ENSMUSG00000005465|Il27ra	chr8	84030293	84030633	-	Il27ra	340	40.0
N7627	8615	ENSMUST00000005600.5|ENSMUSG00000031706|Rfx1	chr8	84096651	84096992	+	Rfx1	341	50.73
N7628	8616	ENSMUST00000093380.4|ENSMUSG00000012889|Podnl1	chr8	84132375	84132527	+	Podnl1	152	55.92
N7629	8617	ENSMUST00000117424.8|ENSMUSG00000036686|Cc2d1a	chr8	84132827	84133055	-	Cc2d1a	228	57.02
N7630	8618	ENSMUST00000039480.6|ENSMUSG00000035671|Zswim4	chr8	84210677	84211212	-	Zswim4	535	44.86
N7631	8619	ENSMUST00000019506.8|ENSMUSG00000019362|D8Ertd738e	chr8	84246237	84246404	-	D8Ertd738e	167	55.09
N7632	862	ENSMUST00000094014.9|ENSMUSG00000069808|Fam57a	chr11	76209088	76209416	+	Fam57a	328	43.29
N7633	8620	ENSMUST00000238701.1|ENSMUSG00000034656|Cacna1a	chr8	84639999	84640246	+	Cacna1a	247	28.74
N7634	8621	ENSMUST00000060427.5|ENSMUSG00000053560|Ier2	chr8	84661330	84661694	-	Ier2	364	52.75
N7635	8622	ENSMUST00000001975.5|ENSMUSG00000001910|Nacc1	chr8	84670478	84672095	-	Nacc1	1617	55.97
N7636	8623	ENSMUST00000131700.7|ENSMUSG00000001909|Trmt1	chr8	84691439	84696924	+	Trmt1	5485	47.16
N7637	8624	ENSMUST00000076715.12|ENSMUSG00000001911|Nfix	chr8	84708613	84713637	-	Nfix	5024	51.61
N7638	8626	ENSMUST00000036734.5|ENSMUSG00000033751|Gadd45gip1	chr8	84834574	84835482	+	Gadd45gip1	908	53.3
N7639	8627	ENSMUST00000003911.12|ENSMUSG00000003813|Rad23a	chr8	84834651	84835061	-	Rad23a	410	51.71
N7640	8628	ENSMUST00000003912.6|ENSMUSG00000003814|Calr	chr8	84841849	84842494	-	Calr	645	46.05
N7641	8629	ENSMUST00000156970.7|ENSMUSG00000003808|Farsa	chr8	84861479	84869256	+	Farsa	7777	48.4
N7642	863	ENSMUST00000021204.3|ENSMUSG00000020844|Nxn	chr11	76257197	76258125	-	Nxn	928	48.38
N7643	8630	ENSMUST00000003922.5|ENSMUSG00000003824|Syce2	chr8	84886123	84887456	+	Syce2	1333	44.19
N7644	8632	ENSMUST00000109744.7|ENSMUSG00000003812|Dnase2a	chr8	84911183	84911708	+	Dnase2a	525	47.62
N7645	8633	ENSMUST00000109738.9|ENSMUSG00000052926|Rnaseh2a	chr8	84956609	84957574	-	Rnaseh2a	965	45.8
N7646	8634	ENSMUST00000109734.7|ENSMUSG00000005161|Prdx2	chr8	84974233	84974834	+	Prdx2	601	43.43
N7647	8635	ENSMUST00000064922.6|ENSMUSG00000052837|Junb	chr8	84976909	84977199	-	Junb	290	47.93
N7648	8636	ENSMUST00000209834.1|ENSMUSG00000052456|Asna1	chr8	85018809	85019521	-	Asna1	712	50.7
N7649	8638	ENSMUST00000095220.3|ENSMUSG00000008167|Fbxw9	chr8	85066864	85067121	+	Fbxw9	257	46.69
N7650	864	ENSMUST00000130364.2|ENSMUSG00000017631|Abr	chr11	76454543	76459045	-	Abr	4502	49.6
N7651	8640	ENSMUST00000149050.1|ENSMUSG00000005150|Wdr83	chr8	85076123	85079580	-	Wdr83	3457	46.92
N7652	8642	ENSMUST00000209361.1|ENSMUSG00000005142|Man2b1	chr8	85084814	85087278	+	Man2b1	2464	47.73
N7653	8643	ENSMUST00000034131.9|ENSMUSG00000031696|Vps35	chr8	85260391	85260763	-	Vps35	372	31.72
N7654	8644	ENSMUST00000210146.1|ENSMUSG00000031697|Orc6	chr8	85306386	85308070	+	Orc6	1684	36.58
N7655	8645	ENSMUST00000209355.1|ENSMUSG00000036934|4921524J17Rik	chr8	85409817	85412090	-	4921524J17Rik	2273	35.55
N7656	8646	ENSMUST00000034138.6|ENSMUSG00000031701|Dnaja2	chr8	85537632	85538809	-	Dnaja2	1177	37.64
N7657	8647	ENSMUST00000109686.3|ENSMUSG00000036902|Neto2	chr8	85636587	85639677	-	Neto2	3090	32.75
N7658	8649	ENSMUST00000045296.5|ENSMUSG00000036840|Siah1a	chr8	86724006	86724603	-	Siah1a	597	33.0
N7659	865	ENSMUST00000010536.8|ENSMUSG00000010392|Gosr1	chr11	76726601	76729752	-	Gosr1	3151	45.19
N7660	8650	ENSMUST00000034074.7|ENSMUSG00000031652|N4bp1	chr8	86841138	86844501	-	N4bp1	3363	51.23
N7661	8652	ENSMUST00000127490.7|ENSMUSG00000036810|Cnep1r1	chr8	88129889	88135110	+	Cnep1r1	5221	40.87
N7662	8655	ENSMUST00000210688.1|ENSMUSG00000031659|Adcy7	chr8	88324602	88329961	+	Adcy7	5359	48.37
N7663	8656	ENSMUST00000034085.7|ENSMUSG00000031660|Brd7	chr8	88331058	88332339	-	Brd7	1281	41.69
N7664	8657	ENSMUST00000169179.2|ENSMUSG00000031661|Nkd1	chr8	88592740	88594884	+	Nkd1	2144	50.47
N7665	8658	ENSMUST00000034087.8|ENSMUSG00000031662|Snx20	chr8	88626562	88626977	-	Snx20	415	46.02
N7666	866	ENSMUST00000021201.5|ENSMUSG00000020841|Cpd	chr11	76778423	76779567	-	Cpd	1144	34.88
N7667	8660	ENSMUST00000034090.7|ENSMUSG00000031665|Sall1	chr8	89027234	89027828	-	Sall1	594	33.16
N7668	8661	ENSMUST00000209208.1|ENSMUSG00000110332|Gm19935	chr8	90816144	90816397	-	Gm19935	253	48.62
N7669	8663	ENSMUST00000211050.1|ENSMUSG00000031667|Aktip	chr8	91125816	91129599	-	Aktip	3783	45.33
N7670	8664	ENSMUST00000034187.8|ENSMUSG00000031740|Mmp2	chr8	92853130	92853420	+	Mmp2	290	50.0
N7671	8665	ENSMUST00000209265.1|ENSMUSG00000033192|Lpcat2	chr8	92890826	92918823	+	Lpcat2	27997	42.12
N7672	8667	ENSMUST00000034204.10|ENSMUSG00000031754|Nudt21	chr8	94015495	94019517	-	Nudt21	4022	40.88
N7673	8668	ENSMUST00000109556.8|ENSMUSG00000033009|Ogfod1	chr8	94065264	94067921	+	Ogfod1	2657	44.94
N7674	8669	ENSMUST00000034206.5|ENSMUSG00000031755|Bbs2	chr8	94067953	94068127	-	Bbs2	174	29.31
N7675	867	ENSMUST00000168124.1|ENSMUSG00000020840|Blmh	chr11	76951196	76986829	+	Blmh	35633	43.02
N7676	8670	ENSMUST00000211915.1|ENSMUSG00000031760|Mt3	chr8	94153879	94153985	+	Mt3	106	55.66
N7677	8671	ENSMUST00000211807.1|ENSMUSG00000031765|Mt1	chr8	94179888	94180325	+	Mt1	437	54.92
N7678	8672	ENSMUST00000212824.1|ENSMUSG00000032939|Nup93	chr8	94314843	94315066	+	Nup93	223	34.08
N7679	8673	ENSMUST00000159450.1|ENSMUSG00000031770|Herpud1	chr8	94389595	94392309	+	Herpud1	2714	47.31
N7680	8674	ENSMUST00000034226.7|ENSMUSG00000031774|Fam192a	chr8	94574137	94575162	-	Fam192a	1025	52.68
N7681	8675	ENSMUST00000034228.15|ENSMUSG00000031776|Arl2bp	chr8	94673987	94674425	+	Arl2bp	438	48.4
N7682	8676	ENSMUST00000034227.5|ENSMUSG00000031775|Pllp	chr8	94674893	94675680	-	Pllp	787	45.36
N7683	8677	ENSMUST00000162538.8|ENSMUSG00000031781|Ciapin1	chr8	94819803	94822758	-	Ciapin1	2955	49.24
N7684	8678	ENSMUST00000034234.14|ENSMUSG00000031782|Coq9	chr8	94854579	94854895	+	Coq9	316	51.58
N7685	8679	ENSMUST00000211939.1|ENSMUSG00000031783|Polr2c	chr8	94871160	94873535	+	Polr2c	2375	53.43
N7686	868	ENSMUST00000102494.7|ENSMUSG00000037958|Nsrp1	chr11	77044291	77045526	-	Nsrp1	1235	38.7
N7687	8680	ENSMUST00000212810.1|ENSMUSG00000040631|Dok4	chr8	94863827	94864263	-	Dok4	436	46.1
N7688	8682	ENSMUST00000179619.8|ENSMUSG00000031785|Adgrg1	chr8	95013834	95014217	+	Adgrg1	383	48.56
N7689	8683	ENSMUST00000169353.2|ENSMUSG00000031788|Kifc3	chr8	95099827	95100056	-	Kifc3	229	44.1
N7690	8684	ENSMUST00000057717.7|ENSMUSG00000046556|Zfp319	chr8	95323010	95326339	-	Zfp319	3329	49.53
N7691	8685	ENSMUST00000213059.1|ENSMUSG00000031792|Usb1	chr8	95333568	95338658	+	Usb1	5090	45.36
N7692	8686	ENSMUST00000034243.6|ENSMUSG00000031790|Mmp15	chr8	95373230	95375080	+	Mmp15	1850	55.51
N7693	8687	ENSMUST00000212684.1|ENSMUSG00000031796|Cfap20	chr8	95420401	95422057	-	Cfap20	1656	48.67
N7694	8688	ENSMUST00000034094.10|ENSMUSG00000031669|Gins3	chr8	95643959	95645060	+	Gins3	1101	43.96
N7695	8689	ENSMUST00000166358.7|ENSMUSG00000036564|Ndrg4	chr8	95706989	95714952	+	Ndrg4	7963	54.98
N7696	869	ENSMUST00000037912.11|ENSMUSG00000037926|Ssh2	chr11	77457157	77460220	+	Ssh2	3063	44.66
N7697	8690	ENSMUST00000141900.7|ENSMUSG00000031671|Setd6	chr8	95718353	95718519	+	Setd6	166	45.78
N7698	8691	ENSMUST00000213006.1|ENSMUSG00000036550|Cnot1	chr8	95720155	95736200	-	Cnot1	16045	40.5
N7699	8692	ENSMUST00000074053.5|ENSMUSG00000061104|Sap18b	chr8	95826030	95826134	+	Sap18b	104	27.88
N7700	8693	ENSMUST00000040481.3|ENSMUSG00000036534|Slc38a7	chr8	95835919	95836770	-	Slc38a7	851	53.11
N7701	8695	ENSMUST00000075190.4|ENSMUSG00000031673|Cdh11	chr8	102632094	102633704	-	Cdh11	1610	33.04
N7702	8696	ENSMUST00000034339.9|ENSMUSG00000031871|Cdh5	chr8	104143146	104144511	+	Cdh5	1365	49.3
N7703	8697	ENSMUST00000093245.12|ENSMUSG00000031872|Bean1	chr8	104218069	104219122	+	Bean1	1053	50.71
N7704	8698	ENSMUST00000212209.1|ENSMUSG00000035824|Tk2	chr8	104228212	104243300	-	Tk2	15088	49.52
N7705	8699	ENSMUST00000211829.1|ENSMUSG00000054400|Cklf	chr8	104261643	104263444	+	Cklf	1801	46.47
N7706	87	ENSMUST00000044166.8|ENSMUSG00000038446|Cdc40	chr10	40831620	40832015	-	Cdc40	395	33.92
N7707	8700	ENSMUST00000034343.4|ENSMUSG00000031875|Cmtm3	chr8	104347323	104347672	+	Cmtm3	349	43.27
N7708	8703	ENSMUST00000159416.7|ENSMUSG00000031883|Car7	chr8	104550111	104550343	+	Car7	232	55.6
N7709	8704	ENSMUST00000034351.7|ENSMUSG00000031880|Rrad	chr8	104628069	104628302	-	Rrad	233	50.21
N7710	8705	ENSMUST00000163140.1|ENSMUSG00000031879|Ciao2b	chr8	104639840	104640967	-	Ciao2b	1127	50.4
N7711	8706	ENSMUST00000109392.8|ENSMUSG00000031885|Cbfb	chr8	105216741	105217981	+	Cbfb	1240	32.66
N7712	8707	ENSMUST00000124113.7|ENSMUSG00000031889|D230025D16Rik	chr8	105241185	105253053	+	D230025D16Rik	11868	46.6
N7713	8708	ENSMUST00000136822.2|ENSMUSG00000069920|B3gnt9	chr8	105252637	105253089	-	B3gnt9	452	44.47
N7714	8709	ENSMUST00000034359.9|ENSMUSG00000031887|Tradd	chr8	105258285	105258811	-	Tradd	526	46.77
N7715	871	ENSMUST00000094004.4|ENSMUSG00000000686|Abhd15	chr11	77519380	77520045	+	Abhd15	665	49.92
N7716	8710	ENSMUST00000173102.1|ENSMUSG00000033249|Hsf4	chr8	105271112	105275843	+	Hsf4	4731	52.08
N7717	8712	ENSMUST00000212922.1|ENSMUSG00000014837|4931428F04Rik	chr8	105280408	105281340	-	4931428F04Rik	932	49.46
N7718	8713	ENSMUST00000212777.1|ENSMUSG00000043251|Exoc3l	chr8	105289925	105292334	-	Exoc3l	2409	53.22
N7719	8714	ENSMUST00000015003.9|ENSMUSG00000014859|E2f4	chr8	105305103	105305370	+	E2f4	267	40.07
N7720	8715	ENSMUST00000212046.1|ENSMUSG00000014791|Elmo3	chr8	105309034	105309977	+	Elmo3	943	57.05
N7721	8716	ENSMUST00000109372.2|ENSMUSG00000014856|Tmem208	chr8	105328953	105334801	+	Tmem208	5848	53.63
N7722	8717	ENSMUST00000073149.6|ENSMUSG00000014786|Slc9a5	chr8	105368623	105368743	+	Slc9a5	120	55.83
N7723	8718	ENSMUST00000014990.12|ENSMUSG00000014846|Tppp3	chr8	105467492	105467687	-	Tppp3	195	51.79
N7724	872	ENSMUST00000017435.10|ENSMUSG00000017291|Taok1	chr11	77529161	77537718	-	Taok1	8557	36.64
N7725	8720	ENSMUST00000043531.9|ENSMUSG00000038604|Ripor1	chr8	105622050	105622219	+	Ripor1	169	48.52
N7726	8721	ENSMUST00000005841.15|ENSMUSG00000005698|Ctcf	chr8	105682375	105682922	+	Ctcf	547	36.2
N7727	8723	ENSMUST00000013294.15|ENSMUSG00000013150|Gfod2	chr8	105713853	105716335	-	Gfod2	2482	48.11
N7728	8725	ENSMUST00000212431.1|ENSMUSG00000036672|Cenpt	chr8	105844672	105848750	-	Cenpt	4078	50.61
N7729	8726	ENSMUST00000040445.8|ENSMUSG00000036442|Thap11	chr8	105856642	105856950	+	Thap11	308	44.81
N7730	8729	ENSMUST00000049699.8|ENSMUSG00000048310|Pskh1	chr8	105930164	105931778	+	Pskh1	1614	54.89
N7731	873	ENSMUST00000100802.10|ENSMUSG00000037857|Nufip2	chr11	77710555	77712741	+	Nufip2	2186	34.13
N7732	8730	ENSMUST00000116429.8|ENSMUSG00000017765|Slc12a4	chr8	105943589	105943862	-	Slc12a4	273	51.65
N7733	8731	ENSMUST00000119736.7|ENSMUSG00000031901|Dus2	chr8	106033879	106053840	+	Dus2	19961	47.49
N7734	8732	ENSMUST00000212963.1|ENSMUSG00000031903|Pla2g15	chr8	106163081	106164712	+	Pla2g15	1631	54.69
N7735	8733	ENSMUST00000212377.1|ENSMUSG00000031904|Slc7a6	chr8	106179685	106197845	+	Slc7a6	18160	45.54
N7736	8734	ENSMUST00000035925.6|ENSMUSG00000033106|Slc7a6os	chr8	106200716	106200873	-	Slc7a6os	157	38.85
N7737	8735	ENSMUST00000071592.11|ENSMUSG00000060098|Prmt7	chr8	106252383	106252794	+	Prmt7	411	43.07
N7738	8736	ENSMUST00000067512.7|ENSMUSG00000031906|Smpd3	chr8	106252547	106254980	-	Smpd3	2433	51.54
N7739	8737	ENSMUST00000213045.1|ENSMUSG00000031907|Zfp90	chr8	106419610	106426598	+	Zfp90	6988	43.92
N7740	8738	ENSMUST00000177068.7|ENSMUSG00000046691|Chtf8	chr8	106883862	106886149	-	Chtf8	2287	53.96
N7741	8739	ENSMUST00000169312.1|ENSMUSG00000117748|Gm50241	chr8	106883889	106884182	-	Gm50241	293	51.19
N7742	874	ENSMUST00000151982.7|ENSMUSG00000000632|Sez6	chr11	77974636	77979048	+	Sez6	4412	53.49
N7743	8740	ENSMUST00000212524.1|ENSMUSG00000041308|Sntb2	chr8	107013926	107019714	+	Sntb2	5788	42.5
N7744	8745	ENSMUST00000003947.8|ENSMUSG00000003849|Nqo1	chr8	107388224	107388529	-	Nqo1	305	41.31
N7745	8746	ENSMUST00000169311.7|ENSMUSG00000003848|Nob1	chr8	107412485	107416021	-	Nob1	3536	50.25
N7746	8747	ENSMUST00000166615.2|ENSMUSG00000031930|Wwp2	chr8	107557137	107558595	+	Wwp2	1458	54.46
N7747	8748	ENSMUST00000044106.5|ENSMUSG00000039067|Psmd7	chr8	107580380	107580631	-	Psmd7	251	40.64
N7748	8749	ENSMUST00000042601.8|ENSMUSG00000037993|Dhx38	chr8	109548010	109548213	-	Dhx38	203	46.31
N7749	875	ENSMUST00000144028.1|ENSMUSG00000020834|Dhrs13	chr11	78034586	78037791	+	Dhrs13	3205	47.83
N7750	8750	ENSMUST00000034159.7|ENSMUSG00000031723|Txnl4b	chr8	109573010	109574051	+	Txnl4b	1041	53.03
N7751	8751	ENSMUST00000034164.5|ENSMUSG00000031729|Ist1	chr8	109671324	109671682	-	Ist1	358	41.62
N7752	8754	ENSMUST00000003754.7|ENSMUSG00000003657|Calb2	chr8	110142537	110142785	-	Calb2	248	50.4
N7753	8755	ENSMUST00000056972.5|ENSMUSG00000046441|Cmtr2	chr8	110224118	110224486	+	Cmtr2	368	29.35
N7754	8756	ENSMUST00000213003.1|ENSMUSG00000010936|Vac14	chr8	110637033	110720396	+	Vac14	83363	50.08
N7755	8757	ENSMUST00000052457.14|ENSMUSG00000033763|Mtss2	chr8	110739494	110741400	+	Mtss2	1906	53.78
N7756	8758	ENSMUST00000150680.1|ENSMUSG00000031750|Il34	chr8	110741839	110742112	-	Il34	273	54.58
N7757	8759	ENSMUST00000042012.6|ENSMUSG00000033732|Sf3b3	chr8	110810238	110810685	-	Sf3b3	447	39.82
N7758	876	ENSMUST00000148162.8|ENSMUSG00000061981|Flot2	chr11	78054971	78060434	+	Flot2	5463	53.12
N7759	8760	ENSMUST00000172542.1|ENSMUSG00000031753|Cog4	chr8	110868420	110881865	+	Cog4	13445	45.84
N7760	8761	ENSMUST00000034197.4|ENSMUSG00000031749|St3gal2	chr8	110971405	110972480	+	St3gal2	1075	43.53
N7761	8762	ENSMUST00000040416.7|ENSMUSG00000015023|Ddx19a	chr8	110974995	110975518	-	Ddx19a	523	40.15
N7762	8763	ENSMUST00000040241.14|ENSMUSG00000033658|Ddx19b	chr8	111003187	111008101	-	Ddx19b	4914	44.71
N7763	8764	ENSMUST00000034441.7|ENSMUSG00000031960|Aars	chr8	111055358	111057664	+	Aars	2306	58.2
N7764	8766	ENSMUST00000164283.7|ENSMUSG00000003316|Glg1	chr8	111157564	111177537	-	Glg1	19973	43.82
N7765	8767	ENSMUST00000038739.4|ENSMUSG00000033596|Rfwd3	chr8	111270943	111271706	-	Rfwd3	763	44.3
N7766	8768	ENSMUST00000056157.13|ENSMUSG00000012519|Mlkl	chr8	111311796	111311876	-	Mlkl	80	36.25
N7767	8769	ENSMUST00000038193.14|ENSMUSG00000031959|Wdr59	chr8	111448796	111450488	-	Wdr59	1692	41.43
N7768	877	ENSMUST00000021183.3|ENSMUSG00000020832|Eral1	chr11	78073375	78073717	-	Eral1	342	40.94
N7769	8770	ENSMUST00000070004.3|ENSMUSG00000031958|Ldhd	chr8	111626270	111626723	-	Ldhd	453	52.98
N7770	8771	ENSMUST00000166232.3|ENSMUSG00000031955|Bcar1	chr8	111710473	111710733	-	Bcar1	260	45.77
N7771	8772	ENSMUST00000034432.6|ENSMUSG00000031954|Cfdp1	chr8	111768490	111768548	-	Cfdp1	58	29.31
N7772	8773	ENSMUST00000211866.1|ENSMUSG00000031951|Tmem231	chr8	111912072	111918290	-	Tmem231	6218	47.3
N7773	8774	ENSMUST00000034428.7|ENSMUSG00000031950|Gabarapl2	chr8	111952705	111953612	+	Gabarapl2	907	42.78
N7774	8775	ENSMUST00000052138.10|ENSMUSG00000033430|Terf2ip	chr8	112018924	112020528	+	Terf2ip	1604	39.96
N7775	8776	ENSMUST00000035777.9|ENSMUSG00000078908|Mon1b	chr8	113643213	113645179	+	Mon1b	1966	44.25
N7776	8777	ENSMUST00000073521.11|ENSMUSG00000031767|Nudt7	chr8	114152164	114154739	+	Nudt7	2575	43.84
N7777	8778	ENSMUST00000109102.3|ENSMUSG00000031758|Cdyl2	chr8	116574399	116574811	-	Cdyl2	412	38.35
N7778	8779	ENSMUST00000034205.4|ENSMUSG00000031756|Cenpn	chr8	116941233	116941503	+	Cenpn	270	47.41
N7779	8780	ENSMUST00000109099.3|ENSMUSG00000047388|Atmin	chr8	116958235	116960445	+	Atmin	2210	47.92
N7780	8781	ENSMUST00000040484.5|ENSMUSG00000034424|Gcsh	chr8	116981809	116982187	-	Gcsh	378	41.01
N7781	8782	ENSMUST00000162997.2|ENSMUSG00000052557|Gan	chr8	117204951	117215997	+	Gan	11046	48.72
N7782	8783	ENSMUST00000081232.8|ENSMUSG00000034330|Plcg2	chr8	117634975	117635142	+	Plcg2	167	50.9
N7783	8784	ENSMUST00000037955.13|ENSMUSG00000034308|Sdr42e1	chr8	117661398	117662096	-	Sdr42e1	698	46.28
N7784	8785	ENSMUST00000034303.2|ENSMUSG00000031843|Mphosph6	chr8	117791644	117791936	-	Mphosph6	292	36.64
N7785	8786	ENSMUST00000117160.1|ENSMUSG00000031841|Cdh13	chr8	119324254	119324921	+	Cdh13	667	45.88
N7786	8787	ENSMUST00000034300.7|ENSMUSG00000031839|Hsbp1	chr8	119345879	119348922	+	Hsbp1	3043	46.3
N7787	8788	ENSMUST00000098367.4|ENSMUSG00000074064|Mlycd	chr8	119410802	119411102	+	Mlycd	300	46.0
N7788	8789	ENSMUST00000098365.3|ENSMUSG00000074063|Osgin1	chr8	119445401	119446256	+	Osgin1	855	60.0
N7789	8790	ENSMUST00000098363.9|ENSMUSG00000031837|Necab2	chr8	119472419	119472640	+	Necab2	221	60.18
N7790	8792	ENSMUST00000036049.5|ENSMUSG00000034189|Hsdl1	chr8	119561988	119563761	-	Hsdl1	1773	48.73
N7791	8793	ENSMUST00000147964.7|ENSMUSG00000031832|Taf1c	chr8	119597974	119601527	-	Taf1c	3553	60.37
N7792	8794	ENSMUST00000164382.1|ENSMUSG00000045246|Kcng4	chr8	119623853	119624800	-	Kcng4	947	53.12
N7793	8795	ENSMUST00000024107.6|ENSMUSG00000023336|Wfdc1	chr8	119686467	119688222	+	Wfdc1	1755	51.68
N7794	8797	ENSMUST00000034285.13|ENSMUSG00000031827|Cotl1	chr8	119809221	119809642	-	Cotl1	421	54.87
N7795	8799	ENSMUST00000127664.1|ENSMUSG00000092329|Galnt2l	chr8	124343707	124345722	+	Galnt2l	2015	51.56
N7796	88	ENSMUST00000105509.1|ENSMUSG00000019831|Wasf1	chr10	40938175	40938570	+	Wasf1	395	34.18
N7797	8800	ENSMUST00000132583.7|ENSMUSG00000031825|Crispld2	chr8	120051318	120052793	+	Crispld2	1475	49.22
N7798	8801	ENSMUST00000034280.8|ENSMUSG00000031823|Zdhhc7	chr8	120080889	120081417	-	Zdhhc7	528	52.08
N7799	8802	ENSMUST00000034281.12|ENSMUSG00000031824|6430548M08Rik	chr8	120163216	120165306	+	6430548M08Rik	2090	52.25
N7800	8803	ENSMUST00000034279.15|ENSMUSG00000031822|Gse1	chr8	120578751	120581390	+	Gse1	2639	52.52
N7801	8805	ENSMUST00000034277.13|ENSMUSG00000031819|Emc8	chr8	120653913	120657940	-	Emc8	4027	48.57
N7802	8806	ENSMUST00000047737.9|ENSMUSG00000041515|Irf8	chr8	120755380	120756694	+	Irf8	1314	50.76
N7803	8807	ENSMUST00000181504.1|ENSMUSG00000042812|Foxf1	chr8	121087772	121088144	+	Foxf1	372	34.41
N7804	8808	ENSMUST00000128052.7|ENSMUSG00000031816|Mthfsd	chr8	121097554	121101118	-	Mthfsd	3564	56.14
N7805	8809	ENSMUST00000054691.7|ENSMUSG00000046714|Foxc2	chr8	121118484	121118895	+	Foxc2	411	36.5
N7806	881	ENSMUST00000092880.13|ENSMUSG00000019437|Tlcd1	chr11	78180478	78181909	+	Tlcd1	1431	45.84
N7807	8810	ENSMUST00000059018.13|ENSMUSG00000052934|Fbxo31	chr8	121549439	121552074	-	Fbxo31	2635	56.51
N7808	8811	ENSMUST00000046386.4|ENSMUSG00000061410|Zcchc14	chr8	121598702	121602127	-	Zcchc14	3425	47.91
N7809	8812	ENSMUST00000167439.1|ENSMUSG00000025318|Jph3	chr8	121790681	121794276	+	Jph3	3595	54.16
N7810	8813	ENSMUST00000174665.7|ENSMUSG00000040263|Klhdc4	chr8	121796546	121804946	-	Klhdc4	8400	52.75
N7811	8814	ENSMUST00000045557.9|ENSMUSG00000040010|Slc7a5	chr8	121881149	121882433	-	Slc7a5	1284	53.27
N7812	8815	ENSMUST00000057653.7|ENSMUSG00000025317|Car5a	chr8	121916125	121916215	-	Car5a	90	42.22
N7813	8816	ENSMUST00000172681.7|ENSMUSG00000025316|Banp	chr8	121978755	121997181	+	Banp	18426	49.74
N7814	8817	ENSMUST00000093073.11|ENSMUSG00000017478|Zc3h18	chr8	122417013	122417360	+	Zc3h18	347	41.5
N7815	8819	ENSMUST00000151855.7|ENSMUSG00000049482|Ctu2	chr8	122482526	122484138	+	Ctu2	1612	57.94
N7816	882	ENSMUST00000156435.1|ENSMUSG00000002059|Rab34	chr11	78191989	78192193	+	Rab34	204	53.43
N7817	8820	ENSMUST00000128383.7|ENSMUSG00000014444|Piezo1	chr8	122481981	122484728	-	Piezo1	2747	56.93
N7818	8821	ENSMUST00000006760.2|ENSMUSG00000006585|Cdt1	chr8	122572829	122573128	+	Cdt1	299	45.82
N7819	8822	ENSMUST00000015171.10|ENSMUSG00000015027|Galns	chr8	122578241	122578539	-	Galns	298	48.32
N7820	8823	ENSMUST00000015157.9|ENSMUSG00000015013|Trappc2l	chr8	122615584	122616660	+	Trappc2l	1076	55.95
N7821	8824	ENSMUST00000127984.8|ENSMUSG00000006362|Cbfa2t3	chr8	122625140	122630137	-	Cbfa2t3	4997	53.45
N7822	8825	ENSMUST00000172906.7|ENSMUSG00000035569|Ankrd11	chr8	122883821	122893568	-	Ankrd11	9747	53.88
N7823	8826	ENSMUST00000153492.7|ENSMUSG00000000738|Spg7	chr8	123080847	123088962	+	Spg7	8115	49.06
N7824	8827	ENSMUST00000037900.8|ENSMUSG00000034796|Cpne7	chr8	123134900	123135182	+	Cpne7	282	56.74
N7825	8828	ENSMUST00000019422.5|ENSMUSG00000019278|Dpep1	chr8	123201434	123201812	+	Dpep1	378	48.15
N7826	883	ENSMUST00000060539.12|ENSMUSG00000044122|Proca1	chr11	78205210	78205467	+	Proca1	257	50.97
N7827	8830	ENSMUST00000166768.2|ENSMUSG00000033594|Spata2l	chr8	123232254	123232654	-	Spata2l	400	54.5
N7828	8831	ENSMUST00000155869.7|ENSMUSG00000001062|Vps9d1	chr8	123242357	123246724	-	Vps9d1	4367	56.68
N7829	8832	ENSMUST00000001092.14|ENSMUSG00000001065|Zfp276	chr8	123268188	123269745	+	Zfp276	1557	53.63
N7830	8833	ENSMUST00000211932.1|ENSMUSG00000001472|Tcf25	chr8	123401306	123403810	+	Tcf25	2504	51.92
N7831	8834	ENSMUST00000212743.1|ENSMUSG00000062380|Tubb3	chr8	123420851	123421094	+	Tubb3	243	58.02
N7832	8835	ENSMUST00000065534.9|ENSMUSG00000001482|Def8	chr8	123461714	123463270	+	Def8	1556	52.31
N7833	8837	ENSMUST00000177240.7|ENSMUSG00000031970|Dbndd1	chr8	123505686	123506068	-	Dbndd1	382	52.62
N7834	8838	ENSMUST00000045487.3|ENSMUSG00000039960|Rhou	chr8	123662194	123663884	+	Rhou	1690	45.92
N7835	8839	ENSMUST00000034452.11|ENSMUSG00000031971|Ccsap	chr8	123840830	123841494	-	Ccsap	664	43.98
N7836	884	ENSMUST00000002121.4|ENSMUSG00000002052|Supt6	chr11	78206745	78207213	-	Supt6	468	51.28
N7837	8840	ENSMUST00000034453.5|ENSMUSG00000031972|Acta1	chr8	123891768	123891860	-	Acta1	92	43.48
N7838	8841	ENSMUST00000075578.6|ENSMUSG00000031974|Abcb10	chr8	123952458	123953955	-	Abcb10	1497	43.49
N7839	8842	ENSMUST00000093039.5|ENSMUSG00000038697|Taf5l	chr8	123996317	123996685	-	Taf5l	368	39.13
N7840	8843	ENSMUST00000034458.8|ENSMUSG00000089704|Galnt2	chr8	124343707	124345722	+	Galnt2	2015	51.56
N7841	8844	ENSMUST00000052580.9|ENSMUSG00000050751|Pgbd5	chr8	124369048	124370342	-	Pgbd5	1294	50.7
N7842	8845	ENSMUST00000176159.1|ENSMUSG00000031979|Cog2	chr8	124529131	124529931	+	Cog2	800	45.62
N7843	8846	ENSMUST00000238882.1|ENSMUSG00000031980|Agt	chr8	124556533	124556781	-	Agt	248	43.55
N7844	8847	ENSMUST00000034464.7|ENSMUSG00000031983|2310022B05Rik	chr8	124635755	124636909	-	2310022B05Rik	1154	51.99
N7845	8848	ENSMUST00000117624.8|ENSMUSG00000037300|Ttc13	chr8	124671331	124671731	-	Ttc13	400	50.0
N7846	8849	ENSMUST00000212036.1|ENSMUSG00000031982|Arv1	chr8	124728576	124733956	+	Arv1	5380	51.69
N7847	885	ENSMUST00000002133.8|ENSMUSG00000002064|Sdf2	chr11	78255286	78255496	+	Sdf2	210	47.62
N7848	8850	ENSMUST00000034465.8|ENSMUSG00000031984|2810004N23Rik	chr8	124838487	124839534	-	2810004N23Rik	1047	47.95
N7849	8851	ENSMUST00000034466.9|ENSMUSG00000031985|Gnpat	chr8	124889713	124890057	+	Gnpat	344	38.66
N7850	8852	ENSMUST00000098312.3|ENSMUSG00000074030|Exoc8	chr8	124893107	124895325	-	Exoc8	2218	43.24
N7851	8855	ENSMUST00000053078.4|ENSMUSG00000050930|Map10	chr8	125672723	125673359	+	Map10	636	35.06
N7852	8856	ENSMUST00000065135.11|ENSMUSG00000031851|Ntpcr	chr8	125738487	125739179	+	Ntpcr	692	39.74
N7853	8857	ENSMUST00000047239.12|ENSMUSG00000060212|Pcnx2	chr8	125751507	125751841	-	Pcnx2	334	52.4
N7854	8858	ENSMUST00000046765.9|ENSMUSG00000033998|Kcnk1	chr8	126030013	126030685	+	Kcnk1	672	37.5
N7855	8859	ENSMUST00000059093.6|ENSMUSG00000051671|Coa6	chr8	126425246	126425433	+	Coa6	187	28.88
N7856	886	ENSMUST00000145145.1|ENSMUSG00000010277|2610507B11Rik	chr11	78273902	78274887	+	2610507B11Rik	985	45.28
N7857	8860	ENSMUST00000054960.7|ENSMUSG00000051495|Irf2bp2	chr8	126588295	126590776	-	Irf2bp2	2481	42.48
N7858	8861	ENSMUST00000179857.2|ENSMUSG00000093904|Tomm20	chr8	126930666	126934756	-	Tomm20	4090	44.18
N7859	8862	ENSMUST00000045994.7|ENSMUSG00000033931|Rbm34	chr8	126947171	126949086	-	Rbm34	1915	40.16
N7860	8863	ENSMUST00000026917.9|ENSMUSG00000025810|Nrp1	chr8	128503105	128503363	+	Nrp1	258	48.84
N7861	8864	ENSMUST00000124826.1|ENSMUSG00000025809|Itgb1	chr8	128713379	128732617	+	Itgb1	19238	38.55
N7862	8865	ENSMUST00000190157.6|ENSMUSG00000071302|2610044O15Rik8	chr8	129216353	129216932	-	2610044O15Rik8	579	32.82
N7863	8866	ENSMUST00000027027.6|ENSMUSG00000025898|Cwf19l2	chr9	3478108	3479236	+	Cwf19l2	1128	31.56
N7864	8867	ENSMUST00000212066.1|ENSMUSG00000025894|Aasdhppt	chr9	4294793	4308693	-	Aasdhppt	13900	35.27
N7865	8868	ENSMUST00000212075.1|ENSMUSG00000041124|Msantd4	chr9	4385462	4386870	+	Msantd4	1408	37.07
N7866	8869	ENSMUST00000238730.1|ENSMUSG00000025888|Casp1	chr9	5304380	5307203	+	Casp1	2823	35.1
N7867	887	ENSMUST00000045026.3|ENSMUSG00000002055|Spag5	chr11	78322347	78322457	+	Spag5	110	41.82
N7868	8870	ENSMUST00000159461.7|ENSMUSG00000033538|Casp4	chr9	5324958	5336089	+	Casp4	11131	37.91
N7869	8871	ENSMUST00000151788.7|ENSMUSG00000025887|Casp12	chr9	5353868	5372881	+	Casp12	19013	38.06
N7870	8872	ENSMUST00000214892.1|ENSMUSG00000032006|Pdgfd	chr9	6377063	6378850	+	Pdgfd	1787	33.24
N7871	8873	ENSMUST00000215683.1|ENSMUSG00000032002|Dcun1d5	chr9	7206964	7208205	+	Dcun1d5	1241	33.12
N7872	8874	ENSMUST00000015394.9|ENSMUSG00000050578|Mmp13	chr9	7282997	7283331	+	Mmp13	334	38.02
N7873	8875	ENSMUST00000127722.1|ENSMUSG00000049723|Mmp12	chr9	7348832	7358888	+	Mmp12	10056	38.92
N7874	8876	ENSMUST00000034497.7|ENSMUSG00000043613|Mmp3	chr9	7455838	7455975	+	Mmp3	137	50.36
N7875	8877	ENSMUST00000034488.3|ENSMUSG00000047562|Mmp10	chr9	7510139	7510240	+	Mmp10	101	47.52
N7876	8878	ENSMUST00000018765.3|ENSMUSG00000005800|Mmp8	chr9	7567838	7568485	+	Mmp8	647	36.32
N7877	8879	ENSMUST00000152878.2|ENSMUSG00000070323|Mmp27	chr9	7581624	7581885	+	Mmp27	261	31.03
N7878	888	ENSMUST00000017534.14|ENSMUSG00000017390|Aldoc	chr11	78326592	78327781	+	Aldoc	1189	46.85
N7879	8880	ENSMUST00000190341.6|ENSMUSG00000057367|Birc2	chr9	7818226	7818463	-	Birc2	237	33.76
N7880	8881	ENSMUST00000173264.7|ENSMUSG00000053110|Yap1	chr9	7934496	7936514	-	Yap1	2018	47.97
N7881	8882	ENSMUST00000065291.1|ENSMUSG00000053070|Cfap300	chr9	8021671	8021975	-	Cfap300	304	35.86
N7882	8883	ENSMUST00000093893.11|ENSMUSG00000050730|Arhgap42	chr9	8994328	8996962	-	Arhgap42	2634	38.19
N7883	8884	ENSMUST00000110582.3|ENSMUSG00000079083|Jrkl	chr9	13242606	13243282	-	Jrkl	676	25.74
N7884	8885	ENSMUST00000217444.1|ENSMUSG00000079084|Ccdc82	chr9	13290112	13292520	+	Ccdc82	2408	43.44
N7885	8886	ENSMUST00000159294.8|ENSMUSG00000031925|Maml2	chr9	13706826	13709388	+	Maml2	2562	38.99
N7886	8887	ENSMUST00000208222.1|ENSMUSG00000032009|Sesn3	chr9	14325884	14333101	+	Sesn3	7217	42.9
N7887	8888	ENSMUST00000167549.1|ENSMUSG00000037419|Endod1	chr9	14353989	14356153	-	Endod1	2164	44.55
N7888	8889	ENSMUST00000004200.8|ENSMUSG00000004096|Cwc15	chr9	14510477	14510577	+	Cwc15	100	34.0
N7889	889	ENSMUST00000048073.8|ENSMUSG00000041958|Pigs	chr11	78342481	78342782	+	Pigs	301	45.18
N7890	8890	ENSMUST00000013220.7|ENSMUSG00000013076|Amotl1	chr9	14541965	14543641	-	Amotl1	1676	46.18
N7891	8891	ENSMUST00000061498.6|ENSMUSG00000049307|Fut4	chr9	14748319	14750159	-	Fut4	1840	43.37
N7892	8892	ENSMUST00000115632.9|ENSMUSG00000031928|Mre11a	chr9	14833831	14837123	+	Mre11a	3292	45.08
N7893	8893	ENSMUST00000164273.8|ENSMUSG00000031934|Panx1	chr9	15002127	15005967	-	Panx1	3840	47.27
N7894	8894	ENSMUST00000034411.9|ENSMUSG00000031935|Med17	chr9	15260350	15261992	-	Med17	1642	44.03
N7895	8895	ENSMUST00000045620.9|ENSMUSG00000058173|Smco4	chr9	15544947	15545260	+	Smco4	313	47.92
N7896	8896	ENSMUST00000061568.8|ENSMUSG00000043885|Slc36a4	chr9	15742164	15743361	+	Slc36a4	1197	37.09
N7897	8897	ENSMUST00000216800.1|ENSMUSG00000001774|Chordc1	chr9	18305453	18309857	+	Chordc1	4404	36.35
N7898	8898	ENSMUST00000172171.7|ENSMUSG00000043943|Naalad2	chr9	18321950	18323246	-	Naalad2	1296	39.74
N7899	89	ENSMUST00000043814.4|ENSMUSG00000038417|Fig4	chr10	41188171	41188373	-	Fig4	202	34.65
N7900	890	ENSMUST00000002127.13|ENSMUSG00000002058|Unc119	chr11	78348894	78349164	+	Unc119	270	57.78
N7901	8900	ENSMUST00000168095.7|ENSMUSG00000059475|Zfp426	chr9	20468548	20472933	-	Zfp426	4385	41.14
N7902	8901	ENSMUST00000115557.9|ENSMUSG00000058192|Zfp846	chr9	20594979	20605409	+	Zfp846	10430	41.32
N7903	8902	ENSMUST00000131128.1|ENSMUSG00000066892|Fbxl12	chr9	20637748	20638039	-	Fbxl12	291	39.52
N7904	8903	ENSMUST00000034689.7|ENSMUSG00000032171|Pin1	chr9	20663530	20666584	+	Pin1	3054	50.92
N7905	8904	ENSMUST00000034692.8|ENSMUSG00000032172|Olfm2	chr9	20667689	20667896	-	Olfm2	207	44.44
N7906	8905	ENSMUST00000004201.7|ENSMUSG00000004098|Col5a3	chr9	20770049	20770371	-	Col5a3	322	48.45
N7907	8906	ENSMUST00000043911.7|ENSMUSG00000038884|Shfl	chr9	20874072	20874307	+	Shfl	235	46.38
N7908	8907	ENSMUST00000214331.1|ENSMUSG00000004100|Ppan	chr9	20891206	20891304	+	Ppan	98	62.24
N7909	8908	ENSMUST00000178110.2|ENSMUSG00000004099|Dnmt1	chr9	20907208	20907372	-	Dnmt1	164	39.02
N7910	8909	ENSMUST00000054197.6|ENSMUSG00000043895|S1pr2	chr9	20962360	20966203	-	S1pr2	3843	48.43
N7911	891	ENSMUST00000146431.2|ENSMUSG00000020829|Slc46a1	chr11	78470851	78471622	+	Slc46a1	771	54.09
N7912	8911	ENSMUST00000213826.1|ENSMUSG00000111692|Gm49373	chr9	21062399	21067620	-	Gm49373	5221	49.66
N7913	8912	ENSMUST00000217359.1|ENSMUSG00000111497|Gm38431	chr9	21067513	21073074	-	Gm38431	5561	48.07
N7914	8913	ENSMUST00000010348.6|ENSMUSG00000079677|Fdx2	chr9	21067519	21067620	-	Fdx2	101	43.56
N7915	8914	ENSMUST00000115487.2|ENSMUSG00000010205|Raver1	chr9	21074157	21075136	-	Raver1	979	51.79
N7916	8915	ENSMUST00000001036.10|ENSMUSG00000032175|Tyk2	chr9	21104068	21104380	-	Tyk2	312	46.47
N7917	8916	ENSMUST00000019615.10|ENSMUSG00000019471|Cdc37	chr9	21133221	21139574	-	Cdc37	6353	48.24
N7918	8917	ENSMUST00000039413.14|ENSMUSG00000032177|Pde4a	chr9	21211492	21213248	+	Pde4a	1756	52.22
N7919	8918	ENSMUST00000194542.5|ENSMUSG00000003308|Keap1	chr9	21229729	21230216	-	Keap1	487	50.92
N7920	8919	ENSMUST00000122088.1|ENSMUSG00000045087|S1pr5	chr9	21242911	21243417	-	S1pr5	506	39.13
N7921	892	ENSMUST00000108287.9|ENSMUSG00000050132|Sarm1	chr11	78472329	78473475	-	Sarm1	1146	50.44
N7922	8920	ENSMUST00000065005.4|ENSMUSG00000002820|Atg4d	chr9	21274248	21277772	+	Atg4d	3524	51.48
N7923	8922	ENSMUST00000215574.1|ENSMUSG00000057193|Slc44a2	chr9	21348626	21355027	+	Slc44a2	6401	49.01
N7924	8923	ENSMUST00000215169.1|ENSMUSG00000032178|Ilf3	chr9	21399841	21405360	+	Ilf3	5519	50.57
N7925	8924	ENSMUST00000214681.1|ENSMUSG00000002825|Qtrt1	chr9	21412545	21419321	+	Qtrt1	6776	49.28
N7926	8925	ENSMUST00000174828.1|ENSMUSG00000033335|Dnm2	chr9	21465778	21467700	+	Dnm2	1922	48.39
N7927	8927	ENSMUST00000076326.6|ENSMUSG00000057191|AB124611	chr9	21529083	21545331	+	AB124611	16248	46.55
N7928	8928	ENSMUST00000078572.8|ENSMUSG00000032182|Yipf2	chr9	21588681	21589498	-	Yipf2	817	52.75
N7929	8929	ENSMUST00000062125.10|ENSMUSG00000048429|Timm29	chr9	21594947	21595970	+	Timm29	1023	42.72
N7930	893	ENSMUST00000052566.7|ENSMUSG00000051232|Tmem199	chr11	78507054	78507336	-	Tmem199	282	34.75
N7931	8930	ENSMUST00000098948.9|ENSMUSG00000032187|Smarca4	chr9	21703197	21704230	+	Smarca4	1033	50.24
N7932	8931	ENSMUST00000034713.8|ENSMUSG00000032193|Ldlr	chr9	21748428	21749919	+	Ldlr	1491	50.7
N7933	8932	ENSMUST00000216008.1|ENSMUSG00000032194|Kank2	chr9	21768061	21774516	-	Kank2	6455	49.73
N7934	8933	ENSMUST00000215729.1|ENSMUSG00000032198|Dock6	chr9	21800179	21801170	-	Dock6	991	47.93
N7935	8935	ENSMUST00000214734.1|ENSMUSG00000006241|Ccdc159	chr9	21934517	21935864	+	Ccdc159	1347	47.88
N7936	8936	ENSMUST00000190387.6|ENSMUSG00000040563|Plppr2	chr9	21948588	21948907	+	Plppr2	319	55.8
N7937	8937	ENSMUST00000053583.6|ENSMUSG00000051238|Swsap1	chr9	21957758	21958264	+	Swsap1	506	51.19
N7938	8938	ENSMUST00000215851.1|ENSMUSG00000040146|Rgl3	chr9	21971527	21987498	-	Rgl3	15971	50.25
N7939	8939	ENSMUST00000216344.1|ENSMUSG00000003402|Prkcsh	chr9	22013310	22014222	+	Prkcsh	912	53.51
N7940	894	ENSMUST00000017759.8|ENSMUSG00000017615|Tnfaip1	chr11	78522849	78524582	-	Tnfaip1	1733	46.39
N7941	8940	ENSMUST00000003501.8|ENSMUSG00000003410|Elavl3	chr9	22015004	22016338	-	Elavl3	1334	47.0
N7942	8941	ENSMUST00000213738.1|ENSMUSG00000111842|Gm49318	chr9	22036379	22036617	-	Gm49318	238	52.52
N7943	8943	ENSMUST00000001384.5|ENSMUSG00000001349|Cnn1	chr9	22108529	22109630	+	Cnn1	1101	46.14
N7944	8945	ENSMUST00000069330.13|ENSMUSG00000001348|Acp5	chr9	22126726	22126871	-	Acp5	145	42.07
N7945	8946	ENSMUST00000213371.1|ENSMUSG00000057982|Zfp809	chr9	22236294	22239693	+	Zfp809	3399	39.78
N7946	8947	ENSMUST00000086278.6|ENSMUSG00000066829|Zfp810	chr9	22276747	22277521	-	Zfp810	774	38.24
N7947	8948	ENSMUST00000040912.8|ENSMUSG00000036777|Anln	chr9	22332011	22332542	-	Anln	531	35.4
N7948	8949	ENSMUST00000058868.8|ENSMUSG00000036411|9530077C05Rik	chr9	22444395	22444681	+	9530077C05Rik	286	41.96
N7949	895	ENSMUST00000128788.7|ENSMUSG00000001105|Ift20	chr11	78541590	78541737	+	Ift20	147	48.3
N7950	8950	ENSMUST00000127296.7|ENSMUSG00000035919|Bbs9	chr9	22655414	22888280	+	Bbs9	232866	42.27
N7951	8951	ENSMUST00000071982.6|ENSMUSG00000031963|Bmper	chr9	23484914	23485200	+	Bmper	286	36.01
N7952	8952	ENSMUST00000115277.8|ENSMUSG00000043067|Dpy19l1	chr9	24411775	24414118	-	Dpy19l1	2343	39.74
N7953	8953	ENSMUST00000008573.8|ENSMUSG00000008429|Herpud2	chr9	25108131	25108479	-	Herpud2	348	29.6
N7954	8954	ENSMUST00000115272.8|ENSMUSG00000001833|Septin7	chr9	25308198	25308571	+	Septin7	373	32.98
N7955	8955	ENSMUST00000040677.5|ENSMUSG00000036611|Eepd1	chr9	25603878	25604110	+	Eepd1	232	43.1
N7956	8956	ENSMUST00000128923.7|ENSMUSG00000031969|Acad8	chr9	26979198	26990119	-	Acad8	10921	41.71
N7957	8957	ENSMUST00000034470.10|ENSMUSG00000031988|Vps26b	chr9	27007770	27008955	-	Vps26b	1185	43.54
N7958	8958	ENSMUST00000086198.4|ENSMUSG00000035024|Ncapd3	chr9	27095031	27095311	+	Ncapd3	280	27.5
N7959	8959	ENSMUST00000034472.15|ENSMUSG00000031990|Jam3	chr9	27097383	27097820	-	Jam3	437	34.55
N7960	896	ENSMUST00000103242.4|ENSMUSG00000037278|Tmem97	chr11	78541816	78542123	-	Tmem97	307	50.49
N7961	8960	ENSMUST00000115243.8|ENSMUSG00000062257|Opcml	chr9	28920337	28925410	+	Opcml	5073	40.0
N7962	8961	ENSMUST00000075069.10|ENSMUSG00000059974|Ntm	chr9	28994749	28996154	-	Ntm	1405	41.35
N7963	8962	ENSMUST00000164099.2|ENSMUSG00000031993|Snx19	chr9	30465511	30466726	+	Snx19	1215	46.01
N7964	8963	ENSMUST00000065112.6|ENSMUSG00000033453|Adamts15	chr9	30899154	30901858	-	Adamts15	2704	49.19
N7965	8964	ENSMUST00000163037.1|ENSMUSG00000031994|Adamts8	chr9	30953548	30963838	+	Adamts8	10290	47.88
N7966	8965	ENSMUST00000115222.9|ENSMUSG00000047412|Zbtb44	chr9	31069703	31075885	+	Zbtb44	6182	36.96
N7967	8966	ENSMUST00000217641.1|ENSMUSG00000031996|Aplp2	chr9	31149556	31150722	-	Aplp2	1166	42.37
N7968	8967	ENSMUST00000016231.13|ENSMUSG00000016087|Fli1	chr9	32422203	32423627	-	Fli1	1424	33.22
N7969	8968	ENSMUST00000034534.12|ENSMUSG00000032035|Ets1	chr9	32754573	32757820	+	Ets1	3247	43.33
N7970	8969	ENSMUST00000187625.6|ENSMUSG00000032036|Kirrel3	chr9	35036077	35036716	+	Kirrel3	639	44.44
N7971	897	ENSMUST00000142739.7|ENSMUSG00000017376|Nlk	chr11	78567167	78568338	-	Nlk	1171	35.78
N7972	8970	ENSMUST00000034537.7|ENSMUSG00000032038|St3gal4	chr9	35046575	35046865	-	St3gal4	290	46.9
N7973	8971	ENSMUST00000175765.7|ENSMUSG00000032041|Tirap	chr9	35184550	35187057	-	Tirap	2507	41.72
N7974	8972	ENSMUST00000034541.11|ENSMUSG00000032042|Srpr	chr9	35216655	35217014	+	Srpr	359	46.24
N7975	8973	ENSMUST00000154691.7|ENSMUSG00000039048|Foxred1	chr9	35204205	35209037	-	Foxred1	4832	46.52
N7976	8974	ENSMUST00000144582.1|ENSMUSG00000032044|Rpusd4	chr9	35275763	35277731	+	Rpusd4	1968	43.9
N7977	8975	ENSMUST00000034612.6|ENSMUSG00000032101|Ddx25	chr9	35536646	35541849	-	Ddx25	5203	45.63
N7978	8977	ENSMUST00000175938.8|ENSMUSG00000035934|Pknox2	chr9	36892477	36936308	-	Pknox2	43831	45.84
N7979	8978	ENSMUST00000034632.9|ENSMUSG00000032121|Tmem218	chr9	37222986	37224700	+	Tmem218	1714	42.59
N7980	8979	ENSMUST00000115068.9|ENSMUSG00000032122|Slc37a2	chr9	37227584	37230760	-	Slc37a2	3176	47.67
N7981	898	ENSMUST00000059468.5|ENSMUSG00000049489|Ccnq	chr11	78750505	78750753	-	Ccnq	248	39.11
N7982	8980	ENSMUST00000215951.1|ENSMUSG00000046240|Hepacam	chr9	37381823	37384731	+	Hepacam	2908	48.04
N7983	8981	ENSMUST00000156972.2|ENSMUSG00000032125|Robo4	chr9	37404521	37414019	+	Robo4	9498	48.8
N7984	8982	ENSMUST00000214142.1|ENSMUSG00000001946|Esam	chr9	37537132	37537547	+	Esam	415	48.19
N7985	8983	ENSMUST00000065668.11|ENSMUSG00000053310|Nrgn	chr9	37544491	37544984	-	Nrgn	493	50.91
N7986	8984	ENSMUST00000215474.1|ENSMUSG00000001942|Siae	chr9	37647834	37649655	+	Siae	1821	42.61
N7987	8985	ENSMUST00000142736.8|ENSMUSG00000011114|Tbrg1	chr9	37649181	37652614	-	Tbrg1	3433	42.73
N7988	8986	ENSMUST00000168691.1|ENSMUSG00000025602|Zfp202	chr9	40208515	40213604	+	Zfp202	5089	43.76
N7989	8987	ENSMUST00000034522.7|ENSMUSG00000032024|Clmp	chr9	40782873	40785319	+	Clmp	2446	42.44
N7990	8988	ENSMUST00000044155.14|ENSMUSG00000032020|Ubash3b	chr9	41011097	41014120	-	Ubash3b	3023	43.04
N7991	8989	ENSMUST00000060989.8|ENSMUSG00000049313|Sorl1	chr9	41964719	41968454	-	Sorl1	3735	44.63
N7992	899	ENSMUST00000147875.8|ENSMUSG00000072640|Lyrm9	chr11	78841239	78846870	+	Lyrm9	5631	46.46
N7993	8990	ENSMUST00000052725.14|ENSMUSG00000032018|Sc5d	chr9	42251594	42254427	-	Sc5d	2833	41.93
N7994	8991	ENSMUST00000125995.7|ENSMUSG00000037287|Tbcel	chr9	42412315	42414230	-	Tbcel	1915	44.02
N7995	8992	ENSMUST00000114865.7|ENSMUSG00000032017|Grik4	chr9	42518134	42520594	-	Grik4	2460	46.71
N7996	8993	ENSMUST00000165665.8|ENSMUSG00000059495|Arhgef12	chr9	42963841	42969033	-	Arhgef12	5192	45.8
N7997	8994	ENSMUST00000061833.5|ENSMUSG00000048503|Tlcd5	chr9	43108649	43110428	-	Tlcd5	1779	43.4
N7998	8995	ENSMUST00000034512.6|ENSMUSG00000032014|Oaf	chr9	43221234	43222092	-	Oaf	858	44.06
N7999	8996	ENSMUST00000114840.1|ENSMUSG00000032011|Thy1	chr9	44047599	44048579	+	Thy1	980	55.51
N8000	8998	ENSMUST00000175816.1|ENSMUSG00000032010|Usp2	chr9	44090187	44092500	+	Usp2	2313	49.33
N8001	8999	ENSMUST00000065379.4|ENSMUSG00000053128|Rnf26	chr9	44095630	44107705	-	Rnf26	12075	52.26
N8002	9	ENSMUST00000150282.1|ENSMUSG00000015202|Cnksr3	chr10	7119062	7119935	-	Cnksr3	873	41.01
N8003	90	ENSMUST00000126436.1|ENSMUSG00000019823|Mical1	chr10	41486667	41487032	+	Mical1	365	53.97
N8004	900	ENSMUST00000018610.6|ENSMUSG00000020826|Nos2	chr11	78959900	78960254	+	Nos2	354	43.5
N8005	9000	ENSMUST00000114816.7|ENSMUSG00000079592|C1qtnf5	chr9	44108965	44109187	+	C1qtnf5	222	58.56
N8006	9001	ENSMUST00000149241.7|ENSMUSG00000032135|Mcam	chr9	44137305	44138934	+	Mcam	1629	46.22
N8007	9002	ENSMUST00000206720.1|ENSMUSG00000034342|Cbl	chr9	44142975	44149457	-	Cbl	6482	45.02
N8008	9004	ENSMUST00000162783.7|ENSMUSG00000032131|Abcg4	chr9	44275094	44277457	-	Abcg4	2363	47.82
N8009	9005	ENSMUST00000216508.1|ENSMUSG00000032119|Hinfp	chr9	44292439	44295846	-	Hinfp	3407	44.17
N8010	9006	ENSMUST00000215050.1|ENSMUSG00000032123|Dpagt1	chr9	44328166	44333894	+	Dpagt1	5728	45.27
N8011	9007	ENSMUST00000052686.3|ENSMUSG00000049932|H2ax	chr9	44335713	44336077	+	H2ax	364	53.02
N8012	9008	ENSMUST00000216852.1|ENSMUSG00000032126|Hmbs	chr9	44339509	44340687	-	Hmbs	1178	44.48
N8013	9009	ENSMUST00000162560.7|ENSMUSG00000032115|Hyou1	chr9	44389627	44391523	+	Hyou1	1896	47.63
N8014	901	ENSMUST00000108268.9|ENSMUSG00000001123|Lgals9	chr11	78962973	78963206	-	Lgals9	233	49.79
N8015	9010	ENSMUST00000213388.1|ENSMUSG00000032114|Slc37a4	chr9	44402700	44402968	+	Slc37a4	268	46.27
N8016	9011	ENSMUST00000217163.1|ENSMUSG00000032112|Trappc4	chr9	44403760	44403902	-	Trappc4	142	38.03
N8017	9012	ENSMUST00000080300.8|ENSMUSG00000009927|Rps25	chr9	44410196	44410427	+	Rps25	231	42.42
N8018	9013	ENSMUST00000214494.1|ENSMUSG00000043923|Ccdc84	chr9	44410312	44412916	-	Ccdc84	2604	45.05
N8019	9014	ENSMUST00000218183.1|ENSMUSG00000063382|Bcl9l	chr9	44510003	44511896	+	Bcl9l	1893	55.04
N8020	9015	ENSMUST00000170489.1|ENSMUSG00000032097|Ddx6	chr9	44638153	44640731	+	Ddx6	2578	41.47
N8021	9016	ENSMUST00000034607.9|ENSMUSG00000032096|Arcn1	chr9	44741563	44742380	-	Arcn1	817	36.23
N8022	9017	ENSMUST00000002099.10|ENSMUSG00000002031|Ift46	chr9	44790760	44793447	+	Ift46	2687	49.53
N8023	9018	ENSMUST00000132020.1|ENSMUSG00000002032|Tmem25	chr9	44793775	44798120	-	Tmem25	4345	50.54
N8024	9019	ENSMUST00000034600.4|ENSMUSG00000032092|Mpzl2	chr9	45049863	45054015	+	Mpzl2	4152	41.14
N8025	902	ENSMUST00000131848.7|ENSMUSG00000017677|Wsb1	chr11	79243399	79248337	-	Wsb1	4938	39.61
N8026	9020	ENSMUST00000050020.7|ENSMUSG00000048534|Jaml	chr9	45107592	45108534	+	Jaml	942	45.01
N8027	9021	ENSMUST00000170998.8|ENSMUSG00000070304|Scn2b	chr9	45126611	45130070	+	Scn2b	3459	49.55
N8028	9022	ENSMUST00000060125.6|ENSMUSG00000046480|Scn4b	chr9	45152059	45154152	+	Scn4b	2093	50.45
N8029	9023	ENSMUST00000217381.1|ENSMUSG00000066705|Fxyd6	chr9	45392852	45396159	+	Fxyd6	3307	49.92
N8030	9024	ENSMUST00000034591.10|ENSMUSG00000032086|Bace1	chr9	45861990	45864399	+	Bace1	2409	42.55
N8031	9025	ENSMUST00000034590.3|ENSMUSG00000032085|Tagln	chr9	45929618	45930165	-	Tagln	547	43.33
N8032	9026	ENSMUST00000160618.7|ENSMUSG00000034908|Sidt2	chr9	45943595	45944362	-	Sidt2	767	62.97
N8033	9027	ENSMUST00000172450.2|ENSMUSG00000003131|Pafah1b2	chr9	45962858	45965590	-	Pafah1b2	2732	43.63
N8034	9028	ENSMUST00000125239.8|ENSMUSG00000032078|Zpr1	chr9	46273680	46275789	+	Zpr1	2109	46.7
N8035	9029	ENSMUST00000124887.1|ENSMUSG00000032077|Bud13	chr9	46292250	46298783	+	Bud13	6533	45.91
N8036	903	ENSMUST00000164465.2|ENSMUSG00000049612|Omg	chr11	79500981	79501483	-	Omg	502	36.06
N8037	9030	ENSMUST00000114548.7|ENSMUSG00000032076|Cadm1	chr9	47850809	47853385	+	Cadm1	2576	38.9
N8038	9033	ENSMUST00000119426.1|ENSMUSG00000032271|Nnmt	chr9	48591876	48591971	-	Nnmt	95	46.32
N8039	9034	ENSMUST00000215856.1|ENSMUSG00000032267|Usp28	chr9	49042229	49042517	+	Usp28	288	32.64
N8040	9035	ENSMUST00000075764.7|ENSMUSG00000032259|Drd2	chr9	49407661	49408177	+	Drd2	516	52.33
N8041	9036	ENSMUST00000193547.5|ENSMUSG00000039542|Ncam1	chr9	49502135	49505294	-	Ncam1	3159	43.68
N8042	9038	ENSMUST00000119103.1|ENSMUSG00000032066|Bco2	chr9	50533086	50533257	-	Bco2	171	35.67
N8043	9039	ENSMUST00000213916.1|ENSMUSG00000039217|Il18	chr9	50581654	50581840	+	Il18	186	41.4
N8044	904	ENSMUST00000093983.10|ENSMUSG00000070354|Evi2	chr11	79513384	79523554	-	Evi2	10170	38.85
N8045	9040	ENSMUST00000000175.5|ENSMUSG00000000171|Sdhd	chr9	50596356	50596665	-	Sdhd	309	32.04
N8046	9041	ENSMUST00000044051.5|ENSMUSG00000039016|Timm8b	chr9	50605248	50605320	+	Timm8b	72	29.17
N8047	9042	ENSMUST00000131351.7|ENSMUSG00000059820|Nkapd1	chr9	50605239	50606149	-	Nkapd1	910	37.8
N8048	9045	ENSMUST00000042790.4|ENSMUSG00000038086|Hspb2	chr9	50751077	50751130	-	Hspb2	53	52.83
N8049	9046	ENSMUST00000042468.8|ENSMUSG00000037971|1110032A03Rik	chr9	50762827	50763707	-	1110032A03Rik	880	44.77
N8050	9047	ENSMUST00000176145.1|ENSMUSG00000037845|Fdxacb1	chr9	50770313	50771591	+	Fdxacb1	1278	40.3
N8051	9048	ENSMUST00000162073.7|ENSMUSG00000032059|Alg9	chr9	50808806	50843542	+	Alg9	34736	44.83
N8052	9049	ENSMUST00000098782.3|ENSMUSG00000060594|Layn	chr9	51056779	51057028	-	Layn	249	48.19
N8053	905	ENSMUST00000179322.1|ENSMUSG00000093938|Evi2b	chr11	79515055	79515263	-	Evi2b	208	23.56
N8054	9050	ENSMUST00000034554.8|ENSMUSG00000032053|Pou2af1	chr9	51238528	51240079	+	Pou2af1	1551	44.29
N8055	9051	ENSMUST00000215038.2|ENSMUSG00000079559|Colca2	chr9	51270257	51270402	-	Colca2	145	31.03
N8056	9052	ENSMUST00000065496.11|ENSMUSG00000053199|Arhgap20	chr9	51852062	51853856	+	Arhgap20	1794	36.29
N8057	9053	ENSMUST00000163153.8|ENSMUSG00000032050|Rdx	chr9	52086627	52088735	+	Rdx	2108	38.38
N8058	9054	ENSMUST00000065630.7|ENSMUSG00000053289|Ddx10	chr9	53098634	53098876	-	Ddx10	242	28.93
N8059	9055	ENSMUST00000037853.4|ENSMUSG00000034487|Poglut3	chr9	53400332	53401867	+	Poglut3	1535	38.44
N8060	9056	ENSMUST00000035850.7|ENSMUSG00000033054|Npat	chr9	53573745	53574342	+	Npat	597	31.49
N8061	9057	ENSMUST00000034547.5|ENSMUSG00000032047|Acat1	chr9	53580521	53582024	-	Acat1	1503	43.31
N8062	9059	ENSMUST00000048670.9|ENSMUSG00000042195|Slc35f2	chr9	53817419	53818154	+	Slc35f2	735	47.21
N8063	906	ENSMUST00000103236.3|ENSMUSG00000078771|Evi2a	chr11	79526559	79526882	-	Evi2a	323	33.13
N8064	9060	ENSMUST00000041901.6|ENSMUSG00000037493|Cib2	chr9	54544793	54545314	-	Cib2	521	53.17
N8065	9061	ENSMUST00000034822.11|ENSMUSG00000032281|Acsbg1	chr9	54604876	54605137	-	Acsbg1	261	45.21
N8066	9062	ENSMUST00000070070.7|ENSMUSG00000032285|Dnaja4	chr9	54715194	54716315	+	Dnaja4	1121	45.41
N8067	9063	ENSMUST00000034830.8|ENSMUSG00000032291|Crabp1	chr9	54773024	54773110	+	Crabp1	86	47.67
N8068	9064	ENSMUST00000034843.8|ENSMUSG00000032293|Ireb2	chr9	54909889	54912530	+	Ireb2	2641	34.49
N8069	9065	ENSMUST00000039742.7|ENSMUSG00000035878|Hykk	chr9	54947073	54949924	+	Hykk	2851	39.57
N8070	9067	ENSMUST00000059555.14|ENSMUSG00000032307|Ube2q2	chr9	55206937	55207529	+	Ube2q2	592	33.78
N8071	9068	ENSMUST00000153970.7|ENSMUSG00000032309|Fbxo22	chr9	55209559	55224431	+	Fbxo22	14872	43.85
N8072	9069	ENSMUST00000034866.8|ENSMUSG00000032314|Etfa	chr9	55454507	55454575	-	Etfa	68	27.94
N8073	907	ENSMUST00000017783.12|ENSMUSG00000017639|Rab11fip4	chr11	79692987	79698023	+	Rab11fip4	5036	51.81
N8074	9070	ENSMUST00000147842.1|ENSMUSG00000032320|Rcn2	chr9	56045328	56061882	+	Rcn2	16554	38.86
N8075	9073	ENSMUST00000053568.1|ENSMUSG00000049556|Lingo1	chr9	56618474	56619215	-	Lingo1	741	51.96
N8076	9074	ENSMUST00000035661.6|ENSMUSG00000032911|Cspg4	chr9	56899038	56899870	+	Cspg4	832	53.97
N8077	9075	ENSMUST00000050916.6|ENSMUSG00000032733|Snx33	chr9	56917192	56917542	-	Snx33	350	51.43
N8078	9076	ENSMUST00000034827.9|ENSMUSG00000032288|Imp3	chr9	56938209	56938398	+	Imp3	189	41.8
N8079	9077	ENSMUST00000068856.4|ENSMUSG00000055334|Snupn	chr9	56983121	56983206	+	Snupn	85	41.18
N8080	9078	ENSMUST00000034832.7|ENSMUSG00000032290|Ptpn9	chr9	57061394	57062807	+	Ptpn9	1413	42.68
N8081	9079	ENSMUST00000167715.7|ENSMUSG00000042557|Sin3a	chr9	57128011	57128366	+	Sin3a	355	34.65
N8082	908	ENSMUST00000108241.7|ENSMUSG00000035575|Utp6	chr11	79932320	79934942	-	Utp6	2622	42.18
N8083	9080	ENSMUST00000162915.7|ENSMUSG00000032295|Man2c1	chr9	57131721	57136796	+	Man2c1	5075	46.58
N8084	9081	ENSMUST00000190245.6|ENSMUSG00000032298|Neil1	chr9	57142799	57143074	-	Neil1	275	42.18
N8085	9082	ENSMUST00000034846.6|ENSMUSG00000032300|1700017B05Rik	chr9	57253116	57253403	-	1700017B05Rik	287	50.87
N8086	9083	ENSMUST00000213194.1|ENSMUSG00000063849|Ppcdc	chr9	57415087	57434778	-	Ppcdc	19691	49.8
N8087	9084	ENSMUST00000080514.8|ENSMUSG00000062309|Rpp25	chr9	57505212	57505448	+	Rpp25	236	50.85
N8088	9085	ENSMUST00000000090.7|ENSMUSG00000000088|Cox5a	chr9	57531930	57532426	+	Cox5a	496	40.73
N8089	9086	ENSMUST00000093833.5|ENSMUSG00000032305|Fam219b	chr9	57541381	57543182	+	Fam219b	1801	49.36
N8090	9088	ENSMUST00000045791.10|ENSMUSG00000040188|Scamp2	chr9	57588461	57588795	+	Scamp2	334	54.49
N8091	9089	ENSMUST00000045068.9|ENSMUSG00000039714|Cplx3	chr9	57599991	57601525	-	Cplx3	1534	48.83
N8092	909	ENSMUST00000178893.7|ENSMUSG00000017561|Crlf3	chr11	80047480	80059199	-	Crlf3	11719	44.33
N8093	9090	ENSMUST00000034863.7|ENSMUSG00000032312|Csk	chr9	57626645	57626987	-	Csk	342	52.63
N8094	9091	ENSMUST00000137245.7|ENSMUSG00000038957|Edc3	chr9	57727521	57751403	+	Edc3	23882	45.97
N8095	9092	ENSMUST00000215233.1|ENSMUSG00000032316|Clk3	chr9	57750710	57751489	-	Clk3	779	54.43
N8096	9093	ENSMUST00000043059.8|ENSMUSG00000038264|Sema7a	chr9	57961865	57962865	+	Sema7a	1000	57.0
N8097	9094	ENSMUST00000170397.7|ENSMUSG00000032327|Stra6	chr9	58153675	58153996	+	Stra6	321	52.65
N8098	9095	ENSMUST00000041477.14|ENSMUSG00000037206|Islr	chr9	58156267	58156546	-	Islr	279	48.03
N8099	9096	ENSMUST00000148301.1|ENSMUSG00000036986|Pml	chr9	58229847	58233087	-	Pml	3240	49.94
N8100	9097	ENSMUST00000216877.1|ENSMUSG00000032333|Stoml1	chr9	58257224	58262520	+	Stoml1	5296	52.89
N8101	9098	ENSMUST00000061799.9|ENSMUSG00000032334|Loxl1	chr9	58287737	58288738	-	Loxl1	1001	52.05
N8102	9099	ENSMUST00000165365.2|ENSMUSG00000035914|Cd276	chr9	58524297	58526190	-	Cd276	1893	50.92
N8103	91	ENSMUST00000155411.7|ENSMUSG00000019822|Smpd2	chr10	41487638	41487992	-	Smpd2	354	53.11
N8104	910	ENSMUST00000136996.1|ENSMUSG00000046909|Tefm	chr11	80136677	80137807	-	Tefm	1130	40.35
N8105	9100	ENSMUST00000175945.6|ENSMUSG00000032336|Nptn	chr9	58628073	58643806	+	Nptn	15733	39.05
N8106	9101	ENSMUST00000068664.6|ENSMUSG00000032340|Neo1	chr9	58874686	58876877	-	Neo1	2191	44.87
N8107	9102	ENSMUST00000217570.1|ENSMUSG00000025236|Adpgk	chr9	59315478	59316199	+	Adpgk	721	44.8
N8108	9103	ENSMUST00000026265.7|ENSMUSG00000025235|Bbs4	chr9	59321989	59322318	-	Bbs4	329	39.82
N8109	9104	ENSMUST00000171975.7|ENSMUSG00000025234|Arih1	chr9	59388257	59390368	-	Arih1	2111	38.09
N8110	9105	ENSMUST00000055345.8|ENSMUSG00000049526|Tmem202	chr9	59518684	59518903	-	Tmem202	219	48.86
N8111	9106	ENSMUST00000026262.7|ENSMUSG00000025232|Hexa	chr9	59565032	59565109	+	Hexa	77	67.53
N8112	9107	ENSMUST00000129357.7|ENSMUSG00000032297|Celf6	chr9	59603597	59607292	+	Celf6	3695	51.04
N8113	9108	ENSMUST00000167091.2|ENSMUSG00000025237|Parp6	chr9	59649603	59650280	+	Parp6	677	47.86
N8114	9110	ENSMUST00000051039.4|ENSMUSG00000051705|Senp8	chr9	59734258	59736609	-	Senp8	2351	36.88
N8115	9111	ENSMUST00000171654.7|ENSMUSG00000032289|Thsd4	chr9	59966930	59969955	-	Thsd4	3025	47.31
N8116	9112	ENSMUST00000038407.5|ENSMUSG00000034839|Larp6	chr9	60738318	60738801	+	Larp6	483	49.69
N8117	9113	ENSMUST00000178113.7|ENSMUSG00000032280|Tle3	chr9	61417498	61418497	+	Tle3	999	50.75
N8118	9115	ENSMUST00000034785.7|ENSMUSG00000032252|Glce	chr9	62057247	62059748	-	Glce	2501	41.1
N8119	9116	ENSMUST00000048043.11|ENSMUSG00000041729|Coro2b	chr9	62419491	62420946	-	Coro2b	1455	54.85
N8120	9117	ENSMUST00000034774.8|ENSMUSG00000032243|Itga11	chr9	62782997	62783982	+	Itga11	985	52.69
N8121	9118	ENSMUST00000034775.9|ENSMUSG00000032244|Fem1b	chr9	62791820	62795944	-	Fem1b	4124	41.13
N8122	9119	ENSMUST00000098651.5|ENSMUSG00000032405|Pias1	chr9	62878367	62881819	-	Pias1	3452	39.22
N8123	912	ENSMUST00000017839.2|ENSMUSG00000020707|Rnf135	chr11	80199455	80199757	+	Rnf135	302	48.68
N8124	9120	ENSMUST00000034920.10|ENSMUSG00000058444|Map2k5	chr9	63163767	63163937	-	Map2k5	170	48.24
N8125	9121	ENSMUST00000041551.8|ENSMUSG00000037257|Aagab	chr9	63641667	63644588	+	Aagab	2921	46.15
N8126	9122	ENSMUST00000034973.9|ENSMUSG00000032402|Smad3	chr9	63646766	63650113	-	Smad3	3347	49.93
N8127	9123	ENSMUST00000041029.5|ENSMUSG00000036867|Smad6	chr9	63953075	63953375	-	Smad6	300	29.33
N8128	9124	ENSMUST00000034966.8|ENSMUSG00000032399|Rpl4	chr9	64178592	64178666	+	Rpl4	74	29.73
N8129	9125	ENSMUST00000034965.7|ENSMUSG00000032398|Snapc5	chr9	64182515	64183132	+	Snapc5	617	41.33
N8130	9127	ENSMUST00000216594.1|ENSMUSG00000032397|Tipin	chr9	64304645	64305424	+	Tipin	779	38.13
N8131	9128	ENSMUST00000168844.8|ENSMUSG00000032396|Dis3l	chr9	64306755	64306894	-	Dis3l	139	47.48
N8132	9129	ENSMUST00000172298.7|ENSMUSG00000004771|Rab11a	chr9	64715298	64716700	-	Rab11a	1402	34.74
N8133	913	ENSMUST00000055056.15|ENSMUSG00000017686|Rhot1	chr11	80266610	80267907	+	Rhot1	1297	40.56
N8134	9130	ENSMUST00000038890.5|ENSMUSG00000053641|Dennd4a	chr9	64917479	64919667	+	Dennd4a	2188	39.95
N8135	9131	ENSMUST00000170517.8|ENSMUSG00000034263|Ints14	chr9	64986422	64986978	+	Ints14	556	41.01
N8136	9132	ENSMUST00000036615.6|ENSMUSG00000033629|Hacd3	chr9	64986982	64987336	-	Hacd3	354	44.63
N8137	9133	ENSMUST00000217434.1|ENSMUSG00000032393|Dpp8	chr9	65055005	65081533	+	Dpp8	26528	42.03
N8138	9134	ENSMUST00000035499.4|ENSMUSG00000032816|Igdcc4	chr9	65135689	65137940	+	Igdcc4	2251	46.02
N8139	9135	ENSMUST00000113824.7|ENSMUSG00000015357|Clpx	chr9	65330094	65330658	+	Clpx	564	32.27
N8140	9136	ENSMUST00000048184.3|ENSMUSG00000041837|Pdcd7	chr9	65359320	65359643	+	Pdcd7	323	34.98
N8141	9137	ENSMUST00000074792.6|ENSMUSG00000059183|Mtfmt	chr9	65452353	65453054	+	Mtfmt	701	46.5
N8142	9138	ENSMUST00000034955.7|ENSMUSG00000032388|Spg21	chr9	65487243	65488470	+	Spg21	1227	48.82
N8143	9139	ENSMUST00000068944.8|ENSMUSG00000050721|Plekho2	chr9	65554383	65555592	-	Plekho2	1209	54.92
N8144	914	ENSMUST00000017836.7|ENSMUSG00000017692|Rhbdl3	chr11	80354236	80355955	+	Rhbdl3	1719	49.74
N8145	9141	ENSMUST00000179395.7|ENSMUSG00000032386|Trip4	chr9	65828929	65831998	-	Trip4	3069	39.92
N8146	9142	ENSMUST00000045802.6|ENSMUSG00000040204|Pclaf	chr9	65901921	65903266	+	Pclaf	1345	39.33
N8147	9143	ENSMUST00000034947.6|ENSMUSG00000032383|Ppib	chr9	66066565	66066623	+	Ppib	58	44.83
N8148	9144	ENSMUST00000044711.6|ENSMUSG00000039452|Snx22	chr9	66065175	66066294	-	Snx22	1119	54.6
N8149	9147	ENSMUST00000042824.12|ENSMUSG00000038664|Herc1	chr9	66508554	66508775	+	Herc1	221	32.13
N8150	9148	ENSMUST00000139547.7|ENSMUSG00000032376|Usp3	chr9	66516233	66540061	-	Usp3	23828	41.79
N8151	9149	ENSMUST00000071889.12|ENSMUSG00000032373|Car12	chr9	66764982	66766845	+	Car12	1863	46.22
N8152	915	ENSMUST00000179332.7|ENSMUSG00000057181|5730455P16Rik	chr11	80360491	80362820	-	5730455P16Rik	2329	38.69
N8153	9150	ENSMUST00000169282.7|ENSMUSG00000053040|Aph1c	chr9	66814993	66819053	-	Aph1c	4060	42.24
N8154	9151	ENSMUST00000041139.8|ENSMUSG00000036943|Rab8b	chr9	66843663	66845744	-	Rab8b	2081	37.15
N8155	9153	ENSMUST00000139046.7|ENSMUSG00000032366|Tpm1	chr9	67022621	67033827	-	Tpm1	11206	46.78
N8156	9154	ENSMUST00000040025.13|ENSMUSG00000052698|Tln2	chr9	67217086	67220886	-	Tln2	3800	49.71
N8157	9155	ENSMUST00000034761.14|ENSMUSG00000032235|Ice2	chr9	69432512	69433122	+	Ice2	610	34.92
N8158	9156	ENSMUST00000034756.14|ENSMUSG00000032231|Anxa2	chr9	69491653	69491795	+	Anxa2	142	47.18
N8159	9157	ENSMUST00000034754.11|ENSMUSG00000011958|Bnip2	chr9	70007282	70008317	+	Bnip2	1035	39.03
N8160	9158	ENSMUST00000140265.7|ENSMUSG00000033543|Gtf2a2	chr9	70019515	70022738	+	Gtf2a2	3223	38.13
N8161	9159	ENSMUST00000034749.15|ENSMUSG00000032224|Fam81a	chr9	70088510	70090574	-	Fam81a	2064	42.73
N8162	916	ENSMUST00000178665.7|ENSMUSG00000017421|Zfp207	chr11	80395987	80405733	+	Zfp207	9746	35.82
N8163	9160	ENSMUST00000034742.7|ENSMUSG00000032218|Ccnb2	chr9	70407691	70407770	-	Ccnb2	79	30.38
N8164	9161	ENSMUST00000215848.1|ENSMUSG00000032217|Rnf111	chr9	70425428	70426015	-	Rnf111	587	33.05
N8165	9162	ENSMUST00000213808.1|ENSMUSG00000032212|Sltm	chr9	70559211	70579451	+	Sltm	20240	38.79
N8166	9163	ENSMUST00000049031.5|ENSMUSG00000042444|Mindy2	chr9	70599013	70604768	-	Mindy2	5755	37.72
N8167	9164	ENSMUST00000140205.7|ENSMUSG00000054693|Adam10	chr9	70767073	70778382	+	Adam10	11309	40.5
N8168	9165	ENSMUST00000034723.5|ENSMUSG00000013584|Aldh1a2	chr9	71293826	71296243	+	Aldh1a2	2417	46.26
N8169	9166	ENSMUST00000169804.1|ENSMUSG00000032199|Polr2m	chr9	71481471	71483166	-	Polr2m	1695	43.13
N8170	9167	ENSMUST00000093823.7|ENSMUSG00000041361|Myzap	chr9	71504346	71504772	-	Myzap	426	39.91
N8171	9168	ENSMUST00000121322.7|ENSMUSG00000032232|Cgnl1	chr9	71626508	71629111	-	Cgnl1	2603	48.56
N8172	9169	ENSMUST00000184312.7|ENSMUSG00000090626|Tex9	chr9	72450393	72480596	-	Tex9	30203	41.93
N8173	917	ENSMUST00000174743.7|ENSMUSG00000017428|Psmd11	chr11	80446087	80469882	+	Psmd11	23795	41.58
N8174	9170	ENSMUST00000038489.5|ENSMUSG00000034910|Pygo1	chr9	72949014	72952181	+	Pygo1	3167	42.06
N8175	9171	ENSMUST00000034734.8|ENSMUSG00000092192|Dnaaf4	chr9	72972595	72973064	+	Dnaaf4	469	40.3
N8176	9173	ENSMUST00000124008.1|ENSMUSG00000034563|Ccpg1	chr9	73005892	73013931	+	Ccpg1	8039	42.12
N8177	9174	ENSMUST00000183746.7|ENSMUSG00000079469|Pigb	chr9	73007418	73011929	-	Pigb	4511	41.54
N8178	9175	ENSMUST00000184146.7|ENSMUSG00000032202|Rab27a	chr9	73095831	73097629	+	Rab27a	1798	43.21
N8179	9176	ENSMUST00000113505.3|ENSMUSG00000032215|Rsl24d1	chr9	73115067	73122569	+	Rsl24d1	7502	45.48
N8180	9177	ENSMUST00000184666.7|ENSMUSG00000062151|Unc13c	chr9	73479421	73480715	-	Unc13c	1294	34.62
N8181	9179	ENSMUST00000123531.7|ENSMUSG00000034593|Myo5a	chr9	75123064	75176557	+	Myo5a	53493	38.74
N8182	918	ENSMUST00000041065.13|ENSMUSG00000035441|Myo1d	chr11	80482125	80484077	-	Myo1d	1952	55.74
N8183	9180	ENSMUST00000168937.7|ENSMUSG00000042688|Mapk6	chr9	75386901	75387903	-	Mapk6	1002	37.13
N8184	9182	ENSMUST00000098552.9|ENSMUSG00000032186|Tmod2	chr9	75565620	75573748	-	Tmod2	8128	41.68
N8185	9183	ENSMUST00000214961.1|ENSMUSG00000032184|Lysmd2	chr9	75635717	75637308	+	Lysmd2	1591	40.04
N8186	9184	ENSMUST00000215603.1|ENSMUSG00000032181|Scg3	chr9	75665753	75681963	-	Scg3	16210	42.62
N8187	9185	ENSMUST00000012281.7|ENSMUSG00000032179|Bmp5	chr9	75899497	75900310	+	Bmp5	813	39.73
N8188	9186	ENSMUST00000008052.12|ENSMUSG00000007908|Hmgcll1	chr9	76134422	76136350	+	Hmgcll1	1928	35.58
N8189	9187	ENSMUST00000183467.1|ENSMUSG00000032352|Lrrc1	chr9	77431088	77433939	-	Lrrc1	2851	42.97
N8190	9188	ENSMUST00000034905.8|ENSMUSG00000032350|Gclc	chr9	77793428	77794485	+	Gclc	1057	35.1
N8191	919	ENSMUST00000040865.8|ENSMUSG00000035413|Tmem98	chr11	80821692	80822033	+	Tmem98	341	44.87
N8192	9190	ENSMUST00000085311.12|ENSMUSG00000001366|Fbxo9	chr9	78081498	78081754	-	Fbxo9	256	39.06
N8193	9191	ENSMUST00000044551.7|ENSMUSG00000009828|Cilk1	chr9	78167902	78172107	+	Cilk1	4205	42.81
N8194	9192	ENSMUST00000148238.1|ENSMUSG00000032342|Mto1	chr9	78457606	78474152	+	Mto1	16546	44.11
N8195	9194	ENSMUST00000052441.11|ENSMUSG00000049624|Slc17a5	chr9	78536487	78538002	-	Slc17a5	1515	42.71
N8196	9195	ENSMUST00000071750.12|ENSMUSG00000032332|Col12a1	chr9	79598990	79601020	-	Col12a1	2030	44.24
N8197	9197	ENSMUST00000093811.10|ENSMUSG00000034898|Filip1	chr9	79815050	79815431	-	Filip1	381	33.86
N8198	9198	ENSMUST00000175999.7|ENSMUSG00000034252|Senp6	chr9	80092418	80144781	+	Senp6	52363	37.71
N8199	92	ENSMUST00000186388.1|ENSMUSG00000019818|Cd164	chr10	41523353	41526876	+	Cd164	3523	39.51
N8200	920	ENSMUST00000021045.12|ENSMUSG00000020704|Asic2	chr11	80880168	80880478	-	Asic2	310	41.61
N8201	9200	ENSMUST00000113245.8|ENSMUSG00000032251|Irak1bp1	chr9	82846945	82847687	+	Irak1bp1	742	40.7
N8202	9201	ENSMUST00000186089.6|ENSMUSG00000032253|Phip	chr9	82900655	82926396	-	Phip	25741	34.05
N8203	9202	ENSMUST00000185315.6|ENSMUSG00000066456|Hmgn3	chr9	83109947	83110817	-	Hmgn3	870	40.23
N8204	9205	ENSMUST00000034802.14|ENSMUSG00000032265|Tent5a	chr9	85320438	85324222	-	Tent5a	3784	38.35
N8205	9206	ENSMUST00000187521.6|ENSMUSG00000035941|Ibtk	chr9	85687541	85720743	-	Ibtk	33202	39.84
N8206	9207	ENSMUST00000006559.13|ENSMUSG00000035274|Tpbg	chr9	85845789	85847040	+	Tpbg	1251	33.57
N8207	9208	ENSMUST00000070064.10|ENSMUSG00000056131|Pgm3	chr9	86554376	86555108	-	Pgm3	732	39.34
N8208	921	ENSMUST00000000193.5|ENSMUSG00000035385|Ccl2	chr11	82037326	82037453	+	Ccl2	127	31.5
N8209	9210	ENSMUST00000036426.12|ENSMUSG00000033491|Prss35	chr9	86756853	86758443	+	Prss35	1590	41.7
N8210	9211	ENSMUST00000174294.2|ENSMUSG00000032872|Cyb5r4	chr9	87066880	87077381	+	Cyb5r4	10501	41.64
N8211	9212	ENSMUST00000093802.5|ENSMUSG00000056919|Cep162	chr9	87189576	87192567	-	Cep162	2991	45.47
N8212	9213	ENSMUST00000034991.7|ENSMUSG00000032419|Tbx18	chr9	87702799	87704404	-	Tbx18	1605	36.51
N8213	9214	ENSMUST00000034992.7|ENSMUSG00000032420|Nt5e	chr9	88371383	88372092	+	Nt5e	709	37.52
N8214	9215	ENSMUST00000173131.7|ENSMUSG00000092541|Gm20537	chr9	88407431	88452772	-	Gm20537	45341	39.29
N8215	9216	ENSMUST00000172828.7|ENSMUSG00000032423|Syncrip	chr9	88453937	88476782	-	Syncrip	22845	36.45
N8216	9217	ENSMUST00000162827.7|ENSMUSG00000032425|Zfp949	chr9	88570473	88571061	+	Zfp949	588	50.34
N8217	9218	ENSMUST00000058488.8|ENSMUSG00000032353|Tmed3	chr9	89699205	89699468	-	Tmed3	263	46.39
N8218	9219	ENSMUST00000123320.7|ENSMUSG00000032359|Ctsh	chr9	90064593	90076087	+	Ctsh	11494	49.0
N8219	922	ENSMUST00000021011.2|ENSMUSG00000035373|Ccl7	chr11	82047268	82047525	+	Ccl7	257	31.13
N8220	9220	ENSMUST00000190345.1|ENSMUSG00000062270|Morf4l1	chr9	90097885	90100349	-	Morf4l1	2464	41.48
N8221	9221	ENSMUST00000134996.7|ENSMUSG00000032363|Adamts7	chr9	90196077	90200100	+	Adamts7	4023	55.75
N8222	9222	ENSMUST00000144348.7|ENSMUSG00000037410|Tbc1d2b	chr9	90229052	90270276	-	Tbc1d2b	41224	46.49
N8223	9223	ENSMUST00000066384.6|ENSMUSG00000036972|Zic4	chr9	91387998	91389348	+	Zic4	1350	38.52
N8224	9224	ENSMUST00000093801.9|ENSMUSG00000032369|Plscr1	chr9	92271779	92272278	+	Plscr1	499	26.25
N8225	9225	ENSMUST00000180154.7|ENSMUSG00000032372|Plscr2	chr9	92297436	92297752	+	Plscr2	316	23.1
N8226	9226	ENSMUST00000034941.8|ENSMUSG00000032377|Plscr4	chr9	92491540	92492456	+	Plscr4	916	34.17
N8227	9227	ENSMUST00000070522.13|ENSMUSG00000032374|Plod2	chr9	92607902	92608428	+	Plod2	526	32.89
N8228	9228	ENSMUST00000113028.1|ENSMUSG00000045414|Dipk2a	chr9	94517863	94519337	-	Dipk2a	1474	33.99
N8229	9229	ENSMUST00000033463.9|ENSMUSG00000031129|Slc9a9	chr9	95229213	95230445	+	Slc9a9	1232	45.94
N8230	923	ENSMUST00000000342.2|ENSMUSG00000020676|Ccl11	chr11	82062678	82062955	+	Ccl11	277	33.57
N8231	9230	ENSMUST00000036267.7|ENSMUSG00000033350|Chst2	chr9	95399291	95404251	-	Chst2	4960	41.17
N8232	9231	ENSMUST00000191213.6|ENSMUSG00000032407|U2surp	chr9	95461353	95472042	-	U2surp	10689	38.4
N8233	9232	ENSMUST00000034982.15|ENSMUSG00000032411|Tfdp2	chr9	96318730	96323646	+	Tfdp2	4916	44.83
N8234	9233	ENSMUST00000034983.6|ENSMUSG00000032412|Atp1b3	chr9	96332654	96333168	-	Atp1b3	514	36.38
N8235	9234	ENSMUST00000057500.5|ENSMUSG00000051234|Rnf7	chr9	96470936	96471239	-	Rnf7	303	27.06
N8236	9235	ENSMUST00000128346.7|ENSMUSG00000032413|Rasa2	chr9	96546281	96611285	-	Rasa2	65004	39.45
N8237	9236	ENSMUST00000112951.8|ENSMUSG00000043587|Pxylp1	chr9	96823335	96823887	-	Pxylp1	552	38.77
N8238	9237	ENSMUST00000055433.4|ENSMUSG00000046997|Spsb4	chr9	96943481	96944324	-	Spsb4	843	49.47
N8239	9238	ENSMUST00000112935.7|ENSMUSG00000032456|Nmnat3	chr9	98410974	98411434	+	Nmnat3	460	43.91
N8240	9239	ENSMUST00000052068.10|ENSMUSG00000046402|Rbp1	chr9	98446497	98446575	+	Rbp1	78	50.0
N8241	924	ENSMUST00000056677.7|ENSMUSG00000046010|Zfp830	chr11	82765639	82765935	+	Zfp830	296	29.73
N8242	9240	ENSMUST00000035033.6|ENSMUSG00000032458|Copb2	chr9	98588288	98588382	+	Copb2	94	31.91
N8243	9241	ENSMUST00000051312.4|ENSMUSG00000050397|Foxl2	chr9	98957394	98958543	+	Foxl2	1149	45.87
N8244	9243	ENSMUST00000136965.7|ENSMUSG00000032462|Pik3cb	chr9	99038400	99064019	-	Pik3cb	25619	44.12
N8245	9244	ENSMUST00000191014.1|ENSMUSG00000056267|Cep70	chr9	99275747	99278050	+	Cep70	2303	38.78
N8246	9245	ENSMUST00000035045.14|ENSMUSG00000032470|Mras	chr9	99385419	99388157	-	Mras	2738	51.94
N8247	9246	ENSMUST00000035043.11|ENSMUSG00000032468|Armc8	chr9	99478371	99480385	-	Armc8	2014	43.0
N8248	9247	ENSMUST00000078367.11|ENSMUSG00000037784|Dzip1l	chr9	99668755	99669256	+	Dzip1l	501	40.32
N8249	9248	ENSMUST00000116522.7|ENSMUSG00000032475|Nck1	chr9	100492292	100495187	-	Nck1	2895	36.44
N8250	9249	ENSMUST00000149322.7|ENSMUSG00000032527|Pccb	chr9	100982031	100982292	-	Pccb	261	42.15
N8251	925	ENSMUST00000021039.11|ENSMUSG00000020697|Lig3	chr11	82801762	82804274	+	Lig3	2512	44.9
N8252	9250	ENSMUST00000085177.4|ENSMUSG00000066415|Msl2	chr9	101103650	101104800	+	Msl2	1150	33.48
N8253	9251	ENSMUST00000075941.11|ENSMUSG00000043154|Ppp2r3a	chr9	101105083	101107190	-	Ppp2r3a	2107	40.15
N8254	9252	ENSMUST00000190279.6|ENSMUSG00000035048|Anapc13	chr9	102634287	102634425	+	Anapc13	138	47.1
N8255	9253	ENSMUST00000176198.7|ENSMUSG00000032547|Ryk	chr9	102867707	102908305	+	Ryk	40598	43.29
N8256	9254	ENSMUST00000035155.7|ENSMUSG00000032549|Rab6b	chr9	103181394	103185276	+	Rab6b	3882	48.69
N8257	9255	ENSMUST00000035157.9|ENSMUSG00000032553|Srprb	chr9	103188031	103189341	-	Srprb	1310	47.56
N8258	9256	ENSMUST00000112645.7|ENSMUSG00000032554|Trf	chr9	103204000	103208895	-	Trf	4895	44.35
N8259	9257	ENSMUST00000185305.1|ENSMUSG00000032555|Topbp1	chr9	103345915	103346727	+	Topbp1	812	38.05
N8260	9258	ENSMUST00000049452.14|ENSMUSG00000042757|Tmem108	chr9	103482946	103484512	-	Tmem108	1566	44.0
N8261	9259	ENSMUST00000144195.2|ENSMUSG00000032557|Uba5	chr9	104047649	104056821	-	Uba5	9172	43.34
N8262	926	ENSMUST00000074515.10|ENSMUSG00000020696|Rffl	chr11	82802448	82804298	-	Rffl	1850	44.97
N8263	9261	ENSMUST00000142424.1|ENSMUSG00000032563|Mrpl3	chr9	105054696	105077466	+	Mrpl3	22770	43.75
N8264	9263	ENSMUST00000065778.12|ENSMUSG00000032571|Pik3r4	chr9	105687460	105687657	+	Pik3r4	197	43.15
N8265	9264	ENSMUST00000216761.1|ENSMUSG00000020257|Wdr82	chr9	106180741	106184715	+	Wdr82	3974	43.26
N8266	9265	ENSMUST00000215742.1|ENSMUSG00000020253|Ppm1m	chr9	106195786	106196592	-	Ppm1m	806	55.21
N8267	9266	ENSMUST00000133617.2|ENSMUSG00000032786|Alas1	chr9	106233926	106239531	-	Alas1	5605	50.17
N8268	9267	ENSMUST00000172306.2|ENSMUSG00000053716|Dusp7	chr9	106375067	106375724	+	Dusp7	657	50.38
N8269	9268	ENSMUST00000215506.1|ENSMUSG00000023262|Acy1	chr9	106433076	106434529	-	Acy1	1453	54.03
N8270	9269	ENSMUST00000048527.14|ENSMUSG00000042073|Abhd14b	chr9	106452597	106452923	+	Abhd14b	326	52.15
N8271	9270	ENSMUST00000185507.6|ENSMUSG00000023495|Pcbp4	chr9	106462677	106463549	+	Pcbp4	872	59.98
N8272	9271	ENSMUST00000164834.2|ENSMUSG00000091735|Gpr62	chr9	106463961	106464291	-	Gpr62	330	47.88
N8273	9272	ENSMUST00000067218.13|ENSMUSG00000023249|Parp3	chr9	106470321	106470852	-	Parp3	531	43.5
N8274	9273	ENSMUST00000185336.1|ENSMUSG00000041506|Rrp9	chr9	106484519	106485422	+	Rrp9	903	56.7
N8275	9274	ENSMUST00000023959.12|ENSMUSG00000023192|Grm2	chr9	106643116	106644670	-	Grm2	1554	49.36
N8276	9275	ENSMUST00000169068.7|ENSMUSG00000040813|Tex264	chr9	106658745	106658878	-	Tex264	133	45.11
N8277	9276	ENSMUST00000161758.2|ENSMUSG00000040325|Dcaf1	chr9	106880140	106880992	+	Dcaf1	852	39.2
N8278	9278	ENSMUST00000035194.7|ENSMUSG00000032577|Mapkapk3	chr9	107254926	107255811	-	Mapkapk3	885	51.3
N8279	9279	ENSMUST00000168260.1|ENSMUSG00000032578|Cish	chr9	107301741	107302784	+	Cish	1043	50.05
N8280	928	ENSMUST00000167196.1|ENSMUSG00000020692|Nle1	chr11	82900779	82902955	-	Nle1	2176	52.62
N8281	9280	ENSMUST00000035196.13|ENSMUSG00000032579|Hemk1	chr9	107327083	107327853	-	Hemk1	770	52.08
N8282	9281	ENSMUST00000010189.2|ENSMUSG00000010045|Tmem115	chr9	107538384	107538673	+	Tmem115	289	56.06
N8283	9282	ENSMUST00000194967.1|ENSMUSG00000037190|Cyb561d2	chr9	107540041	107540913	-	Cyb561d2	872	54.13
N8284	9283	ENSMUST00000195370.5|ENSMUSG00000010057|Nprl2	chr9	107544477	107544634	+	Nprl2	157	57.32
N8285	9284	ENSMUST00000156198.7|ENSMUSG00000010067|Rassf1	chr9	107558302	107562263	+	Rassf1	3961	45.47
N8286	9285	ENSMUST00000010198.4|ENSMUSG00000010054|Tusc2	chr9	107565666	107566112	+	Tusc2	446	44.84
N8287	9286	ENSMUST00000010195.13|ENSMUSG00000010051|Hyal1	chr9	107579876	107580978	+	Hyal1	1102	52.09
N8288	9287	ENSMUST00000093785.5|ENSMUSG00000079334|Naa80	chr9	107584000	107584050	+	Naa80	50	64.0
N8289	9288	ENSMUST00000123926.7|ENSMUSG00000057969|Sema3b	chr9	107597673	107598479	-	Sema3b	806	49.63
N8290	9289	ENSMUST00000192615.5|ENSMUSG00000032562|Gnai2	chr9	107614124	107614597	-	Gnai2	473	52.85
N8291	929	ENSMUST00000108160.7|ENSMUSG00000018845|Unc45b	chr11	82943011	82943403	+	Unc45b	392	42.35
N8292	9290	ENSMUST00000167868.7|ENSMUSG00000010064|Slc38a3	chr9	107650633	107651335	-	Slc38a3	702	56.13
N8293	9291	ENSMUST00000182371.7|ENSMUSG00000032580|Rbm5	chr9	107740499	107749707	-	Rbm5	9208	43.25
N8294	9292	ENSMUST00000181986.7|ENSMUSG00000032582|Rbm6	chr9	107773566	107791751	-	Rbm6	18185	40.46
N8295	9293	ENSMUST00000195617.5|ENSMUSG00000032584|Mst1r	chr9	107911922	107920381	+	Mst1r	8459	53.73
N8296	9294	ENSMUST00000035700.13|ENSMUSG00000032936|Camkv	chr9	107948882	107949691	+	Camkv	809	54.88
N8297	9295	ENSMUST00000049348.8|ENSMUSG00000032586|Traip	chr9	107971311	107972270	+	Traip	959	49.22
N8298	9296	ENSMUST00000177039.7|ENSMUSG00000032596|Uba7	chr9	107980182	107984060	+	Uba7	3878	54.67
N8299	9297	ENSMUST00000176356.7|ENSMUSG00000093456|Gm20662	chr9	108024450	108032146	+	Gm20662	7696	42.72
N8300	9298	ENSMUST00000176566.1|ENSMUSG00000032594|Ip6k1	chr9	108032209	108045607	+	Ip6k1	13398	44.55
N8301	93	ENSMUST00000105505.9|ENSMUSG00000019813|Cep57l1	chr10	41718839	41719383	-	Cep57l1	544	36.95
N8302	930	ENSMUST00000067443.9|ENSMUSG00000054404|Slfn5	chr11	82962578	82964840	+	Slfn5	2262	41.42
N8303	9300	ENSMUST00000159306.7|ENSMUSG00000041528|Rnf123	chr9	108052224	108056036	-	Rnf123	3812	55.8
N8304	9301	ENSMUST00000085060.2|ENSMUSG00000032593|Amigo3	chr9	108055386	108055701	+	Amigo3	315	53.02
N8305	9302	ENSMUST00000191899.5|ENSMUSG00000039952|Dag1	chr9	108204633	108206208	-	Dag1	1575	47.94
N8306	9303	ENSMUST00000035227.7|ENSMUSG00000032606|Nicn1	chr9	108295456	108296498	+	Nicn1	1042	48.27
N8307	9304	ENSMUST00000044725.8|ENSMUSG00000039461|Tcta	chr9	108302957	108303334	-	Tcta	377	48.01
N8308	9305	ENSMUST00000007959.13|ENSMUSG00000007815|Rhoa	chr9	108337274	108337934	+	Rhoa	660	38.33
N8309	9306	ENSMUST00000082429.6|ENSMUSG00000063856|Gpx1	chr9	108340284	108340343	+	Gpx1	59	49.15
N8310	9307	ENSMUST00000194224.5|ENSMUSG00000032612|Usp4	chr9	108384956	108385903	+	Usp4	947	47.94
N8311	9308	ENSMUST00000193286.5|ENSMUSG00000032609|Klhdc8b	chr9	108447635	108447902	-	Klhdc8b	267	50.19
N8312	9309	ENSMUST00000061209.6|ENSMUSG00000049305|Ccdc71	chr9	108464439	108465938	+	Ccdc71	1499	48.57
N8313	931	ENSMUST00000038211.12|ENSMUSG00000069793|Slfn9	chr11	82978389	82980534	-	Slfn9	2145	41.45
N8314	9310	ENSMUST00000166103.8|ENSMUSG00000006676|Usp19	chr9	108502121	108502337	+	Usp19	216	38.43
N8315	9311	ENSMUST00000208214.1|ENSMUSG00000032604|Qars	chr9	108509224	108515941	+	Qars	6717	47.94
N8316	9312	ENSMUST00000006851.14|ENSMUSG00000006673|Qrich1	chr9	108559837	108560163	+	Qrich1	326	31.29
N8317	9313	ENSMUST00000074208.5|ENSMUSG00000070283|Ndufaf3	chr9	108565536	108565810	-	Ndufaf3	274	43.07
N8318	9314	ENSMUST00000195249.5|ENSMUSG00000019039|Dalrd3	chr9	108571173	108571519	+	Dalrd3	346	50.0
N8319	9315	ENSMUST00000068700.6|ENSMUSG00000066357|Wdr6	chr9	108572310	108572550	-	Wdr6	240	47.92
N8320	9316	ENSMUST00000193552.5|ENSMUSG00000064145|Arih2	chr9	108609979	108619943	-	Arih2	9964	42.56
N8321	9317	ENSMUST00000035222.5|ENSMUSG00000032602|Slc25a20	chr9	108684349	108684641	+	Slc25a20	292	42.47
N8322	9318	ENSMUST00000035220.11|ENSMUSG00000032601|Prkar2a	chr9	108749280	108750436	+	Prkar2a	1156	38.15
N8323	9319	ENSMUST00000192028.5|ENSMUSG00000032599|Ip6k2	chr9	108797581	108797994	+	Ip6k2	413	44.55
N8324	932	ENSMUST00000215239.1|ENSMUSG00000035208|Slfn8	chr11	83002157	83003528	-	Slfn8	1371	41.94
N8325	9320	ENSMUST00000035218.8|ENSMUSG00000032598|Nckipsd	chr9	108818238	108818844	+	Nckipsd	606	51.49
N8326	9321	ENSMUST00000193874.1|ENSMUSG00000023259|Slc26a6	chr9	108859356	108862143	+	Slc26a6	2787	53.21
N8327	9322	ENSMUST00000195738.1|ENSMUSG00000025651|Uqcrc1	chr9	108944222	108944704	+	Uqcrc1	482	48.55
N8328	9323	ENSMUST00000112070.7|ENSMUSG00000025650|Col7a1	chr9	108984661	108984875	+	Col7a1	214	57.94
N8329	9324	ENSMUST00000112059.9|ENSMUSG00000025647|Shisa5	chr9	109057384	109057777	+	Shisa5	393	50.13
N8330	9325	ENSMUST00000160217.7|ENSMUSG00000025646|Atrip	chr9	109057932	109061109	-	Atrip	3177	56.15
N8331	9326	ENSMUST00000167504.2|ENSMUSG00000091537|Tma7	chr9	109077886	109078225	-	Tma7	339	34.22
N8332	9327	ENSMUST00000026735.8|ENSMUSG00000025645|Ccdc51	chr9	109092415	109092489	+	Ccdc51	74	33.78
N8333	9328	ENSMUST00000072093.12|ENSMUSG00000053646|Plxnb1	chr9	109118317	109119917	+	Plxnb1	1600	52.19
N8334	9329	ENSMUST00000197627.4|ENSMUSG00000032478|Nme6	chr9	109842209	109842724	+	Nme6	515	52.23
N8335	933	ENSMUST00000038038.7|ENSMUSG00000072620|Slfn2	chr11	83070481	83070678	+	Slfn2	197	58.88
N8336	9330	ENSMUST00000169851.7|ENSMUSG00000032479|Map4	chr9	110004940	110005739	+	Map4	799	31.91
N8337	9331	ENSMUST00000198443.1|ENSMUSG00000032480|Dhx30	chr9	110092959	110098693	-	Dhx30	5734	43.32
N8338	9332	ENSMUST00000198247.4|ENSMUSG00000054836|Elp6	chr9	110315954	110319572	+	Elp6	3618	48.59
N8339	9333	ENSMUST00000197336.4|ENSMUSG00000054792|Klhl18	chr9	110425927	110437300	-	Klhl18	11373	50.0
N8340	9334	ENSMUST00000035069.13|ENSMUSG00000032491|Nradd	chr9	110621134	110621272	-	Nradd	138	39.86
N8341	9335	ENSMUST00000200296.1|ENSMUSG00000019659|Ccdc12	chr9	110711402	110711587	+	Ccdc12	185	49.73
N8342	9336	ENSMUST00000050958.8|ENSMUSG00000049555|Tmie	chr9	110865710	110866217	-	Tmie	507	47.34
N8343	9337	ENSMUST00000130386.7|ENSMUSG00000044037|Als2cl	chr9	110898644	110900530	+	Als2cl	1886	52.81
N8344	9338	ENSMUST00000196598.1|ENSMUSG00000032495|Lrrc2	chr9	110966597	110979530	+	Lrrc2	12933	43.06
N8345	9339	ENSMUST00000111888.2|ENSMUSG00000043953|Ccrl2	chr9	111054485	111055025	-	Ccrl2	540	43.89
N8346	934	ENSMUST00000018877.8|ENSMUSG00000018733|Pex12	chr11	83294641	83295319	-	Pex12	678	33.78
N8347	9340	ENSMUST00000035078.12|ENSMUSG00000032497|Lrrfip2	chr9	111224208	111225668	+	Lrrfip2	1460	43.22
N8348	9341	ENSMUST00000060711.7|ENSMUSG00000046785|Epm2aip1	chr9	111275547	111279093	+	Epm2aip1	3546	38.01
N8349	9342	ENSMUST00000111879.4|ENSMUSG00000032500|Dclk3	chr9	111488836	111489118	+	Dclk3	282	35.46
N8350	9343	ENSMUST00000159246.7|ENSMUSG00000032503|Arpp21	chr9	112065736	112143262	-	Arpp21	77526	43.11
N8351	9345	ENSMUST00000215022.1|ENSMUSG00000033392|Clasp2	chr9	113842603	113918190	+	Clasp2	75587	40.83
N8352	9348	ENSMUST00000111820.3|ENSMUSG00000079260|Tmppe	chr9	114406130	114407276	+	Tmppe	1146	51.75
N8353	9349	ENSMUST00000217148.1|ENSMUSG00000056167|Cnot10	chr9	114585965	114614954	-	Cnot10	28989	45.78
N8354	935	ENSMUST00000018875.12|ENSMUSG00000035152|Ap2b1	chr11	83402908	83405035	+	Ap2b1	2127	50.54
N8355	9350	ENSMUST00000047404.6|ENSMUSG00000032435|Dync1li1	chr9	114723513	114724302	+	Dync1li1	789	41.44
N8356	9351	ENSMUST00000035007.9|ENSMUSG00000032434|Cmtm6	chr9	114746762	114749344	+	Cmtm6	2582	47.48
N8357	9352	ENSMUST00000035009.15|ENSMUSG00000032436|Cmtm7	chr9	114756835	114757090	-	Cmtm7	255	49.41
N8358	9354	ENSMUST00000146623.7|ENSMUSG00000050627|Gpd1l	chr9	114899340	114902257	-	Gpd1l	2917	44.87
N8359	9355	ENSMUST00000182199.7|ENSMUSG00000040875|Osbpl10	chr9	115109621	115232219	+	Osbpl10	122598	48.13
N8360	9356	ENSMUST00000035010.9|ENSMUSG00000032437|Stt3b	chr9	115242580	115243816	-	Stt3b	1236	42.39
N8361	9357	ENSMUST00000061101.11|ENSMUSG00000032440|Tgfbr2	chr9	116084292	116087928	-	Tgfbr2	3636	46.51
N8362	9358	ENSMUST00000111773.9|ENSMUSG00000039607|Rbms3	chr9	116572745	116577765	-	Rbms3	5020	39.6
N8363	9359	ENSMUST00000044220.10|ENSMUSG00000039163|Cmc1	chr9	118064521	118065079	-	Cmc1	558	39.78
N8364	936	ENSMUST00000175848.7|ENSMUSG00000020684|Rasl10b	chr11	83418839	83421037	+	Rasl10b	2198	58.92
N8365	9360	ENSMUST00000044165.13|ENSMUSG00000039115|Itga9	chr9	118898848	118901003	+	Itga9	2155	49.14
N8366	9361	ENSMUST00000073109.11|ENSMUSG00000047409|Ctdspl	chr9	119040797	119043998	+	Ctdspl	3201	48.61
N8367	9362	ENSMUST00000213464.1|ENSMUSG00000010660|Plcd1	chr9	119071526	119073762	-	Plcd1	2236	54.03
N8368	9363	ENSMUST00000035092.6|ENSMUSG00000032508|Myd88	chr9	119335933	119337207	-	Myd88	1274	51.02
N8369	9364	ENSMUST00000176546.1|ENSMUSG00000036138|Acaa1a	chr9	119349100	119349526	+	Acaa1a	426	54.46
N8370	9365	ENSMUST00000216838.1|ENSMUSG00000035769|Xylb	chr9	119364657	119393797	+	Xylb	29140	49.01
N8371	9366	ENSMUST00000215307.1|ENSMUSG00000032512|Wdr48	chr9	119925625	119926587	+	Wdr48	962	47.61
N8372	9367	ENSMUST00000177637.1|ENSMUSG00000052336|Cx3cr1	chr9	119901615	120049523	-	Cx3cr1	147908	49.96
N8373	9368	ENSMUST00000035099.8|ENSMUSG00000032513|Gorasp1	chr9	119925256	119926850	-	Gorasp1	1594	49.69
N8374	9369	ENSMUST00000035101.8|ENSMUSG00000032515|Csrnp1	chr9	119971162	119972091	-	Csrnp1	929	53.18
N8375	937	ENSMUST00000035938.2|ENSMUSG00000035042|Ccl5	chr11	83525777	83525828	-	Ccl5	51	39.22
N8376	9370	ENSMUST00000217356.1|ENSMUSG00000032518|Rpsa	chr9	120130363	120131559	+	Rpsa	1196	52.68
N8377	9371	ENSMUST00000174193.7|ENSMUSG00000032517|Mobp	chr9	120173375	120181484	+	Mobp	8109	48.46
N8378	9372	ENSMUST00000048121.12|ENSMUSG00000041794|Myrip	chr9	120473259	120474841	+	Myrip	1582	45.32
N8379	9374	ENSMUST00000047687.8|ENSMUSG00000041608|Entpd3	chr9	120567583	120568327	+	Entpd3	744	43.68
N8380	9375	ENSMUST00000216990.1|ENSMUSG00000025794|Rpl14	chr9	120573817	120574435	+	Rpl14	618	46.76
N8381	9376	ENSMUST00000163844.7|ENSMUSG00000006932|Ctnnb1	chr9	120951787	120959517	+	Ctnnb1	7730	48.28
N8382	9377	ENSMUST00000209211.1|ENSMUSG00000032536|Trak1	chr9	121392051	121431525	+	Trak1	39474	48.5
N8383	9378	ENSMUST00000182179.7|ENSMUSG00000032525|Nktr	chr9	121731629	121748193	+	Nktr	16564	38.95
N8384	9379	ENSMUST00000093772.3|ENSMUSG00000013419|Zfp651	chr9	121768992	121771742	+	Zfp651	2750	53.38
N8385	938	ENSMUST00000019266.5|ENSMUSG00000019122|Ccl9	chr11	83572918	83574845	-	Ccl9	1927	40.79
N8386	9380	ENSMUST00000155511.7|ENSMUSG00000079235|Ccdc13	chr9	121797632	121798964	-	Ccdc13	1332	52.18
N8387	9381	ENSMUST00000217610.1|ENSMUSG00000066235|Pomgnt2	chr9	121981605	121981822	-	Pomgnt2	217	45.16
N8388	9382	ENSMUST00000118886.8|ENSMUSG00000038145|Snrk	chr9	122167857	122169702	+	Snrk	1845	49.05
N8389	9383	ENSMUST00000035128.10|ENSMUSG00000032540|Abhd5	chr9	122368261	122379825	+	Abhd5	11564	43.13
N8390	9384	ENSMUST00000136274.2|ENSMUSG00000046603|Tcaim	chr9	122819026	122836327	+	Tcaim	17301	41.59
N8391	9385	ENSMUST00000216063.1|ENSMUSG00000047036|Zfp445	chr9	122848909	122851226	-	Zfp445	2317	40.22
N8392	9386	ENSMUST00000035154.3|ENSMUSG00000032551|1110059G10Rik	chr9	122945088	122947687	-	1110059G10Rik	2599	42.25
N8393	9388	ENSMUST00000140497.7|ENSMUSG00000025786|Zdhhc3	chr9	123066159	123088979	-	Zdhhc3	22820	47.99
N8394	9389	ENSMUST00000026890.5|ENSMUSG00000025784|Clec3b	chr9	123157295	123157432	+	Clec3b	137	65.69
N8395	939	ENSMUST00000019071.3|ENSMUSG00000018927|Ccl6	chr11	83587881	83588539	-	Ccl6	658	43.16
N8396	9390	ENSMUST00000068140.5|ENSMUSG00000054871|Tmem158	chr9	123259052	123259328	-	Tmem158	276	37.32
N8397	9392	ENSMUST00000217045.1|ENSMUSG00000025240|Sacm1l	chr9	123549013	123552754	+	Sacm1l	3741	39.67
N8398	9393	ENSMUST00000171647.8|ENSMUSG00000036814|Slc6a20a	chr9	123634769	123636343	-	Slc6a20a	1574	38.82
N8399	9394	ENSMUST00000166236.8|ENSMUSG00000029530|Ccr9	chr9	123781276	123784330	+	Ccr9	3054	41.52
N8400	9395	ENSMUST00000084715.13|ENSMUSG00000025241|Fyco1	chr9	123789499	123792525	-	Fyco1	3026	45.04
N8401	9396	ENSMUST00000026911.5|ENSMUSG00000025804|Ccr1	chr9	123962123	123963011	-	Ccr1	888	29.28
N8402	9397	ENSMUST00000177714.7|ENSMUSG00000074829|2010315B03Rik	chr9	124291803	124292114	-	2010315B03Rik	311	31.83
N8403	9398	ENSMUST00000217354.1|ENSMUSG00000093803|Ppp2r3d	chr9	124474341	124476649	-	Ppp2r3d	2308	44.28
N8404	9399	ENSMUST00000150787.7|ENSMUSG00000039556|Ppp1r3f	chrX	7557295	7559139	-	Ppp1r3f	1844	44.63
N8405	94	ENSMUST00000099931.10|ENSMUSG00000038332|Sesn1	chr10	41908015	41908424	+	Sesn1	409	38.88
N8406	940	ENSMUST00000001008.5|ENSMUSG00000000982|Ccl3	chr11	83647843	83648053	-	Ccl3	210	35.71
N8407	9400	ENSMUST00000033483.4|ENSMUSG00000031143|Ccdc22	chrX	7593808	7593905	-	Ccdc22	97	53.61
N8408	9401	ENSMUST00000129662.2|ENSMUSG00000031145|Prickle3	chrX	7667879	7668186	+	Prickle3	307	39.74
N8409	9402	ENSMUST00000033486.5|ENSMUSG00000031146|Plp2	chrX	7667940	7668189	-	Plp2	249	43.37
N8410	9403	ENSMUST00000115695.3|ENSMUSG00000031147|Magix	chrX	7674625	7674753	-	Magix	128	61.72
N8411	9405	ENSMUST00000209144.1|ENSMUSG00000039382|Wdr45	chrX	7726353	7727271	+	Wdr45	918	56.54
N8412	9406	ENSMUST00000207461.1|ENSMUSG00000109493|Gm45208	chrX	7729933	7730441	+	Gm45208	508	51.38
N8413	9408	ENSMUST00000115680.10|ENSMUSG00000000134|Tfe3	chrX	7766864	7775202	+	Tfe3	8338	49.84
N8414	9409	ENSMUST00000065932.13|ENSMUSG00000031153|Gripap1	chrX	7820319	7820567	+	Gripap1	248	47.18
N8415	941	ENSMUST00000019074.3|ENSMUSG00000018930|Ccl4	chr11	83664536	83664683	+	Ccl4	147	38.1
N8416	9410	ENSMUST00000009875.4|ENSMUSG00000009731|Kcnd1	chrX	7837507	7838280	+	Kcnd1	773	45.28
N8417	9411	ENSMUST00000033494.15|ENSMUSG00000031154|Otud5	chrX	7875042	7876626	+	Otud5	1584	47.22
N8418	9412	ENSMUST00000033495.14|ENSMUSG00000031155|Pim2	chrX	7883043	7883432	+	Pim2	389	47.56
N8419	9413	ENSMUST00000208640.1|ENSMUSG00000031156|Slc35a2	chrX	7889865	7892224	+	Slc35a2	2359	43.87
N8420	9415	ENSMUST00000041096.3|ENSMUSG00000039278|Pcsk1n	chrX	7923251	7924410	+	Pcsk1n	1159	45.82
N8421	9418	ENSMUST00000133292.7|ENSMUSG00000031166|Wdr13	chrX	8123302	8131352	-	Wdr13	8050	47.83
N8422	9419	ENSMUST00000040010.9|ENSMUSG00000031167|Rbm3	chrX	8138977	8142489	-	Rbm3	3512	39.75
N8423	942	ENSMUST00000001002.7|ENSMUSG00000000976|Heatr6	chr11	83782363	83783754	+	Heatr6	1391	44.5
N8424	9420	ENSMUST00000239441.1|ENSMUSG00000039201|Tbc1d25	chrX	8154471	8154556	-	Tbc1d25	85	32.94
N8425	9421	ENSMUST00000033509.14|ENSMUSG00000031168|Ebp	chrX	8185328	8185461	-	Ebp	133	44.36
N8426	9422	ENSMUST00000033513.9|ENSMUSG00000031171|Ftsj1	chrX	8238667	8244926	-	Ftsj1	6259	44.27
N8427	9424	ENSMUST00000064196.4|ENSMUSG00000052364|B630019K06Rik	chrX	8894610	8894964	+	B630019K06Rik	354	35.59
N8428	9425	ENSMUST00000164685.7|ENSMUSG00000015340|Cybb	chrX	9446924	9453585	-	Cybb	6661	38.57
N8429	9426	ENSMUST00000033519.2|ENSMUSG00000031176|Dynlt3	chrX	9654266	9655155	-	Dynlt3	889	35.66
N8430	9427	ENSMUST00000044789.9|ENSMUSG00000090084|Srpx	chrX	10037976	10038766	-	Srpx	790	36.08
N8431	9428	ENSMUST00000115533.7|ENSMUSG00000031174|Rpgr	chrX	10158371	10158638	-	Rpgr	267	31.09
N8432	9429	ENSMUST00000115524.7|ENSMUSG00000008035|Mid1ip1	chrX	10719336	10719690	+	Mid1ip1	354	41.24
N8433	943	ENSMUST00000049257.7|ENSMUSG00000020677|Ddx52	chr11	83962143	83963088	+	Ddx52	945	43.39
N8434	9430	ENSMUST00000115513.8|ENSMUSG00000040363|Bcor	chrX	12036739	12037115	-	Bcor	376	26.06
N8435	9432	ENSMUST00000096495.10|ENSMUSG00000064127|Med14	chrX	12675368	12677181	-	Med14	1813	33.54
N8436	9433	ENSMUST00000089302.10|ENSMUSG00000031010|Usp9x	chrX	13170719	13173328	+	Usp9x	2609	35.38
N8437	9435	ENSMUST00000156096.7|ENSMUSG00000031012|Cask	chrX	13517079	13521365	-	Cask	4286	45.61
N8438	9436	ENSMUST00000096492.3|ENSMUSG00000040229|Gpr34	chrX	13640639	13640858	+	Gpr34	219	28.77
N8439	9437	ENSMUST00000026013.5|ENSMUSG00000025037|Maoa	chrX	16685576	16687818	+	Maoa	2242	35.5
N8440	9438	ENSMUST00000040134.7|ENSMUSG00000040138|Ndp	chrX	16885520	16886028	-	Ndp	508	40.16
N8441	9439	ENSMUST00000026016.12|ENSMUSG00000025040|Fundc1	chrX	17556563	17557694	-	Fundc1	1131	32.36
N8442	944	ENSMUST00000092834.11|ENSMUSG00000034940|Synrg	chr11	84041238	84044578	+	Synrg	3340	46.35
N8443	9440	ENSMUST00000044138.7|ENSMUSG00000037347|Chst7	chrX	20061318	20097521	+	Chst7	36203	39.17
N8444	9441	ENSMUST00000115391.7|ENSMUSG00000060090|Rp2	chrX	20399863	20400857	+	Rp2	994	27.26
N8445	9442	ENSMUST00000115374.7|ENSMUSG00000031060|Rbm10	chrX	20650832	20650901	+	Rbm10	69	39.13
N8446	9443	ENSMUST00000089217.10|ENSMUSG00000001924|Uba1	chrX	20682661	20683179	+	Uba1	518	44.21
N8447	9444	ENSMUST00000115364.7|ENSMUSG00000031065|Cdk16	chrX	20699152	20699880	+	Cdk16	728	52.61
N8448	9446	ENSMUST00000115345.7|ENSMUSG00000037217|Syn1	chrX	20860510	20860920	-	Syn1	410	50.98
N8449	9447	ENSMUST00000009550.13|ENSMUSG00000009406|Elk1	chrX	20933394	20934372	-	Elk1	978	43.66
N8450	9448	ENSMUST00000123836.1|ENSMUSG00000001134|Uxt	chrX	20951661	20951821	-	Uxt	160	40.62
N8451	9449	ENSMUST00000115313.7|ENSMUSG00000036782|Klhl13	chrX	23219270	23219673	-	Klhl13	403	35.24
N8452	945	ENSMUST00000100705.10|ENSMUSG00000018648|Dusp14	chr11	84048040	84048287	-	Dusp14	247	38.46
N8453	9450	ENSMUST00000149483.1|ENSMUSG00000036769|Wdr44	chrX	23750108	23757029	+	Wdr44	6921	37.25
N8454	9451	ENSMUST00000033419.12|ENSMUSG00000031093|Dock11	chrX	36076377	36076562	+	Dock11	185	35.68
N8455	9452	ENSMUST00000033418.7|ENSMUSG00000017057|Il13ra1	chrX	36169240	36171259	+	Il13ra1	2019	38.68
N8456	9453	ENSMUST00000048067.9|ENSMUSG00000036699|Zcchc12	chrX	36198922	36199158	+	Zcchc12	236	31.78
N8457	9454	ENSMUST00000016383.9|ENSMUSG00000016239|Lonrf3	chrX	36362156	36362341	+	Lonrf3	185	32.97
N8458	9455	ENSMUST00000073339.6|ENSMUSG00000006373|Pgrmc1	chrX	36605750	36606079	+	Pgrmc1	329	35.56
N8459	9458	ENSMUST00000016452.10|ENSMUSG00000016308|Ube2a	chrX	36883874	36884222	+	Ube2a	348	31.61
N8460	9459	ENSMUST00000076265.12|ENSMUSG00000036572|Upf3b	chrX	37091677	37092363	-	Upf3b	686	37.03
N8461	946	ENSMUST00000018795.12|ENSMUSG00000018651|Tada2a	chr11	84078919	84079208	-	Tada2a	289	36.68
N8462	9460	ENSMUST00000016553.4|ENSMUSG00000016409|Nkap	chrX	37148168	37150746	+	Nkap	2578	37.16
N8463	9461	ENSMUST00000089054.10|ENSMUSG00000036502|Tmem255a	chrX	38197305	38199032	-	Tmem255a	1727	36.36
N8464	9462	ENSMUST00000061755.8|ENSMUSG00000016534|Lamp2	chrX	38419506	38421320	-	Lamp2	1814	34.56
N8465	9463	ENSMUST00000147129.7|ENSMUSG00000031095|Cul4b	chrX	38533569	38545448	-	Cul4b	11879	38.24
N8466	9464	ENSMUST00000058265.7|ENSMUSG00000048970|C1galt1c1	chrX	38630784	38631018	-	C1galt1c1	234	24.79
N8467	9465	ENSMUST00000139965.7|ENSMUSG00000001986|Gria3	chrX	41669684	41678598	+	Gria3	8914	39.24
N8468	9466	ENSMUST00000115073.8|ENSMUSG00000025862|Stag2	chrX	42275989	42277185	+	Stag2	1196	31.44
N8469	9467	ENSMUST00000001202.14|ENSMUSG00000001173|Ocrl	chrX	47964126	47965868	+	Ocrl	1742	44.43
N8470	9468	ENSMUST00000039026.7|ENSMUSG00000037010|Apln	chrX	48025145	48028150	-	Apln	3005	49.48
N8471	9469	ENSMUST00000033427.6|ENSMUSG00000031101|Sash3	chrX	48160888	48161565	+	Sash3	677	49.04
N8472	947	ENSMUST00000103201.7|ENSMUSG00000020532|Acaca	chr11	84399831	84401651	+	Acaca	1820	52.14
N8473	9470	ENSMUST00000037960.10|ENSMUSG00000036985|Zdhhc9	chrX	48171968	48172632	-	Zdhhc9	664	53.77
N8474	9471	ENSMUST00000114958.7|ENSMUSG00000031103|Elf4	chrX	48411045	48414514	-	Elf4	3469	48.66
N8475	9472	ENSMUST00000167659.7|ENSMUSG00000031109|Enox2	chrX	49009706	49010714	-	Enox2	1008	39.98
N8476	9473	ENSMUST00000053593.7|ENSMUSG00000050029|Rap2c	chrX	51003911	51014856	-	Rap2c	10945	37.03
N8477	9474	ENSMUST00000088172.11|ENSMUSG00000062184|Hs6st2	chrX	51387211	51387849	-	Hs6st2	638	31.66
N8478	9475	ENSMUST00000033450.2|ENSMUSG00000031119|Gpc4	chrX	52053020	52053288	-	Gpc4	268	35.82
N8479	9477	ENSMUST00000152743.7|ENSMUSG00000023074|Mospd1	chrX	53344597	53345242	-	Mospd1	645	36.59
N8480	9478	ENSMUST00000088779.4|ENSMUSG00000067925|Rtl8a	chrX	53642487	53642758	-	Rtl8a	271	46.86
N8481	9479	ENSMUST00000088778.4|ENSMUSG00000067924|Rtl8b	chrX	53669176	53669419	-	Rtl8b	243	46.5
N8482	948	ENSMUST00000018549.7|ENSMUSG00000018405|Mrm1	chr11	84813060	84814214	-	Mrm1	1154	50.43
N8483	9480	ENSMUST00000101560.3|ENSMUSG00000073176|Zfp449	chrX	56364530	56365674	+	Zfp449	1144	36.1
N8484	9481	ENSMUST00000068106.4|ENSMUSG00000054850|Smim10l2a	chrX	56375208	56377799	+	Smim10l2a	2591	53.69
N8485	9482	ENSMUST00000059899.2|ENSMUSG00000061273|Mmgt1	chrX	56585511	56588925	-	Mmgt1	3414	39.34
N8486	9483	ENSMUST00000077741.11|ENSMUSG00000060681|Slc9a6	chrX	56661610	56664230	+	Slc9a6	2620	39.08
N8487	9484	ENSMUST00000114769.8|ENSMUSG00000023092|Fhl1	chrX	56792984	56793338	+	Fhl1	354	42.66
N8488	9485	ENSMUST00000088652.5|ENSMUSG00000067873|Htatsf1	chrX	57067002	57067183	+	Htatsf1	181	32.04
N8489	9486	ENSMUST00000033468.10|ENSMUSG00000031133|Arhgef6	chrX	57231484	57233362	-	Arhgef6	1878	42.76
N8490	9488	ENSMUST00000033473.11|ENSMUSG00000031137|Fgf13	chrX	59062144	59062960	-	Fgf13	816	38.85
N8491	9489	ENSMUST00000088546.11|ENSMUSG00000000838|Fmr1	chrX	68715823	68717963	+	Fmr1	2140	31.31
N8492	949	ENSMUST00000151496.1|ENSMUSG00000034449|Dhrs11	chr11	84821991	84825367	-	Dhrs11	3376	51.98
N8493	9490	ENSMUST00000101509.8|ENSMUSG00000035847|Ids	chrX	70343068	70345785	-	Ids	2717	34.19
N8494	9491	ENSMUST00000053981.5|ENSMUSG00000045237|1110012L19Rik	chrX	70389240	70389417	+	1110012L19Rik	177	43.5
N8495	9492	ENSMUST00000101506.9|ENSMUSG00000073139|Tmem185a	chrX	70459752	70460091	-	Tmem185a	339	43.07
N8496	9493	ENSMUST00000171933.7|ENSMUSG00000031337|Mtm1	chrX	71314096	71315295	+	Mtm1	1199	30.53
N8497	9494	ENSMUST00000114601.7|ENSMUSG00000015214|Mtmr1	chrX	71417821	71419196	+	Mtmr1	1375	38.76
N8498	9495	ENSMUST00000080035.10|ENSMUSG00000035776|Cd99l2	chrX	71420059	71421277	-	Cd99l2	1218	49.1
N8499	9496	ENSMUST00000072699.12|ENSMUSG00000015217|Hmgb3	chrX	71560362	71560676	+	Hmgb3	314	39.49
N8500	9497	ENSMUST00000114577.7|ENSMUSG00000073131|Vma21	chrX	71821837	71824706	+	Vma21	2869	34.09
N8501	9498	ENSMUST00000048790.6|ENSMUSG00000033361|Prrg3	chrX	71967732	71972722	+	Prrg3	4990	45.89
N8502	9499	ENSMUST00000114551.9|ENSMUSG00000031347|Cetn2	chrX	72913531	72913913	-	Cetn2	382	33.25
N8503	95	ENSMUST00000161927.7|ENSMUSG00000071324|Armc2	chr10	41916806	41999977	-	Armc2	83171	46.12
N8504	950	ENSMUST00000172405.7|ENSMUSG00000020530|Ggnbp2	chr11	84832360	84832763	-	Ggnbp2	403	37.97
N8505	9500	ENSMUST00000033715.4|ENSMUSG00000031349|Nsdhl	chrX	72957925	72958514	+	Nsdhl	589	40.58
N8506	9501	ENSMUST00000101486.4|ENSMUSG00000073125|Xlr3b	chrX	73202556	73202920	+	Xlr3b	364	38.74
N8507	9502	ENSMUST00000105111.3|ENSMUSG00000078317|F8a	chrX	73229661	73230795	+	F8a	1134	38.54
N8508	9503	ENSMUST00000114499.7|ENSMUSG00000031365|Zfp275	chrX	73354531	73359080	+	Zfp275	4549	42.45
N8509	9505	ENSMUST00000002091.5|ENSMUSG00000002015|Bcap31	chrX	73686177	73686408	-	Bcap31	231	45.45
N8510	9506	ENSMUST00000002084.13|ENSMUSG00000031378|Abcd1	chrX	73737862	73738534	+	Abcd1	672	55.8
N8511	9507	ENSMUST00000114430.7|ENSMUSG00000031391|L1cam	chrX	73853777	73854422	-	L1cam	645	44.81
N8512	9509	ENSMUST00000165359.2|ENSMUSG00000031387|Renbp	chrX	73929141	73929680	-	Renbp	539	54.55
N8513	951	ENSMUST00000103195.4|ENSMUSG00000020526|Znhit3	chr11	84910949	84911260	-	Znhit3	311	29.9
N8514	9510	ENSMUST00000033761.12|ENSMUSG00000031386|Hcfc1	chrX	73942791	73944289	-	Hcfc1	1498	45.86
N8515	9511	ENSMUST00000114354.9|ENSMUSG00000031392|Irak1	chrX	74013913	74015113	-	Irak1	1200	40.5
N8516	9512	ENSMUST00000100750.9|ENSMUSG00000031393|Mecp2	chrX	74026591	74035201	-	Mecp2	8610	44.8
N8517	9513	ENSMUST00000144429.7|ENSMUSG00000031328|Flna	chrX	74223460	74234603	-	Flna	11143	51.16
N8518	9514	ENSMUST00000152288.1|ENSMUSG00000001964|Emd	chrX	74255876	74257323	+	Emd	1447	45.06
N8519	9515	ENSMUST00000239458.1|ENSMUSG00000019088|Dnase1l1	chrX	74273216	74273420	-	Dnase1l1	204	34.8
N8520	9516	ENSMUST00000124200.7|ENSMUSG00000009995|Taz	chrX	74289871	74290148	+	Taz	277	46.57
N8521	9518	ENSMUST00000155676.7|ENSMUSG00000015290|Ubl4a	chrX	74365717	74366553	-	Ubl4a	836	44.26
N8522	9519	ENSMUST00000114147.1|ENSMUSG00000032806|Slc10a3	chrX	74369216	74369302	-	Slc10a3	86	43.02
N8523	9520	ENSMUST00000149218.7|ENSMUSG00000031399|Fam3a	chrX	74386631	74387627	-	Fam3a	996	49.9
N8524	9522	ENSMUST00000004327.10|ENSMUSG00000031400|G6pdx	chrX	74409482	74409773	-	G6pdx	291	49.83
N8525	9523	ENSMUST00000153844.7|ENSMUSG00000031403|Dkc1	chrX	75104543	75108243	+	Dkc1	3700	41.65
N8526	9525	ENSMUST00000033543.13|ENSMUSG00000090110|Cmc4	chrX	75404845	75404921	-	Cmc4	76	23.68
N8527	9526	ENSMUST00000033544.13|ENSMUSG00000031201|Brcc3	chrX	75451127	75454001	+	Brcc3	2874	33.19
N8528	9527	ENSMUST00000033540.5|ENSMUSG00000031197|Vbp1	chrX	75534493	75534942	+	Vbp1	449	31.85
N8529	9528	ENSMUST00000033545.5|ENSMUSG00000031202|Rab39b	chrX	75572045	75574270	-	Rab39b	2225	33.75
N8530	9529	ENSMUST00000114059.9|ENSMUSG00000016382|Pls3	chrX	75785653	75786263	-	Pls3	610	33.28
N8531	953	ENSMUST00000000821.14|ENSMUSG00000000804|Usp32	chr11	84985646	85017629	-	Usp32	31983	39.34
N8532	9530	ENSMUST00000088217.11|ENSMUSG00000025246|Tbl1x	chrX	77659949	77662983	+	Tbl1x	3034	41.92
N8533	9531	ENSMUST00000036333.13|ENSMUSG00000035725|Prkx	chrX	77761410	77762255	-	Prkx	845	39.76
N8534	9532	ENSMUST00000177904.7|ENSMUSG00000047996|Prrg1	chrX	78449612	78452538	-	Prrg1	2926	29.63
N8535	9533	ENSMUST00000026760.2|ENSMUSG00000025666|Tmem47	chrX	81095629	81097872	+	Tmem47	2243	31.61
N8536	9534	ENSMUST00000114000.7|ENSMUSG00000045103|Dmd	chrX	85204900	85206141	+	Dmd	1241	38.36
N8537	9535	ENSMUST00000142152.1|ENSMUSG00000025059|Gk	chrX	85701936	85703397	-	Gk	1461	34.09
N8538	9537	ENSMUST00000006856.2|ENSMUSG00000006678|Pola1	chrX	93304766	93305443	-	Pola1	677	35.75
N8539	9538	ENSMUST00000113933.8|ENSMUSG00000035246|Pcyt1b	chrX	93746903	93749951	+	Pcyt1b	3048	47.67
N8540	9539	ENSMUST00000045748.6|ENSMUSG00000035232|Pdk3	chrX	93764606	93765007	-	Pdk3	401	41.9
N8541	954	ENSMUST00000018625.9|ENSMUSG00000018481|Appbp2	chr11	85187261	85191497	-	Appbp2	4236	39.87
N8542	9540	ENSMUST00000088102.11|ENSMUSG00000079509|Zfx	chrX	94074630	94076386	-	Zfx	1756	37.47
N8543	9541	ENSMUST00000050328.14|ENSMUSG00000035150|Eif2s3x	chrX	94188706	94190710	-	Eif2s3x	2004	43.96
N8544	9542	ENSMUST00000113897.8|ENSMUSG00000079508|Apoo	chrX	94412643	94417093	+	Apoo	4450	37.35
N8545	9545	ENSMUST00000096367.4|ENSMUSG00000071722|Spin4	chrX	95022509	95025022	-	Spin4	2513	26.58
N8546	9547	ENSMUST00000054697.6|ENSMUSG00000047694|Yipf6	chrX	98946086	98949017	+	Yipf6	2931	36.85
N8547	9548	ENSMUST00000036606.13|ENSMUSG00000031216|Stard8	chrX	99074056	99074728	+	Stard8	672	41.22
N8548	9549	ENSMUST00000052839.6|ENSMUSG00000031217|Efnb1	chrX	99147899	99148991	+	Efnb1	1092	53.57
N8549	955	ENSMUST00000020835.15|ENSMUSG00000020525|Ppm1d	chr11	85346674	85347066	+	Ppm1d	392	35.71
N8550	9550	ENSMUST00000113792.1|ENSMUSG00000034403|Pja1	chrX	99465733	99466260	-	Pja1	527	34.35
N8551	9552	ENSMUST00000015812.11|ENSMUSG00000015668|Pdzd11	chrX	100622885	100623165	-	Pdzd11	280	43.57
N8552	9553	ENSMUST00000019503.13|ENSMUSG00000019359|Gdpd2	chrX	100738632	100738894	+	Gdpd2	262	42.37
N8553	9554	ENSMUST00000113736.8|ENSMUSG00000000881|Dlg3	chrX	100816473	100818408	+	Dlg3	1935	46.82
N8554	9555	ENSMUST00000156473.7|ENSMUSG00000046032|Snx12	chrX	101097785	101102251	-	Snx12	4466	41.56
N8555	9556	ENSMUST00000033664.13|ENSMUSG00000031304|Il2rg	chrX	101264377	101264640	-	Il2rg	263	48.29
N8556	9557	ENSMUST00000117706.7|ENSMUSG00000079487|Med12	chrX	101297378	101297465	+	Med12	87	24.14
N8557	9558	ENSMUST00000118111.7|ENSMUSG00000031302|Nlgn3	chrX	101321035	101325963	+	Nlgn3	4928	45.17
N8558	9559	ENSMUST00000117901.7|ENSMUSG00000031310|Zmym3	chrX	101404383	101405462	-	Zmym3	1079	49.21
N8559	956	ENSMUST00000000095.6|ENSMUSG00000000093|Tbx2	chr11	85841421	85841948	+	Tbx2	527	48.39
N8560	9562	ENSMUST00000101339.7|ENSMUSG00000079481|Nhsl2	chrX	102085988	102092055	+	Nhsl2	6067	42.74
N8561	9563	ENSMUST00000154872.7|ENSMUSG00000067567|Hdac8	chrX	102405646	102498117	-	Hdac8	92471	40.64
N8562	9564	ENSMUST00000052012.13|ENSMUSG00000034055|Phka1	chrX	102513974	102515576	-	Phka1	1602	44.19
N8563	9565	ENSMUST00000121720.1|ENSMUSG00000082229|Nap1l2	chrX	103184175	103184418	-	Nap1l2	243	25.1
N8564	9566	ENSMUST00000116547.2|ENSMUSG00000031327|Chic1	chrX	103392158	103396092	+	Chic1	3934	37.16
N8565	9567	ENSMUST00000042664.9|ENSMUSG00000033965|Slc16a2	chrX	103697413	103698929	-	Slc16a2	1516	48.42
N8566	9568	ENSMUST00000121153.7|ENSMUSG00000056537|Rlim	chrX	103957162	103962342	-	Rlim	5180	38.19
N8567	9569	ENSMUST00000033695.5|ENSMUSG00000031333|Abcb7	chrX	104280656	104283860	-	Abcb7	3204	33.46
N8568	957	ENSMUST00000043624.8|ENSMUSG00000034297|Med13	chr11	86267032	86270544	-	Med13	3512	34.25
N8569	9570	ENSMUST00000033577.10|ENSMUSG00000031226|Pbdc1	chrX	105083374	105085186	+	Pbdc1	1812	36.87
N8570	9571	ENSMUST00000033578.6|ENSMUSG00000031227|Magee1	chrX	105123668	105123927	+	Magee1	259	32.05
N8571	9572	ENSMUST00000197302.4|ENSMUSG00000031229|Atrx	chrX	105856602	105867768	-	Atrx	11166	34.17
N8572	9573	ENSMUST00000238718.1|ENSMUSG00000031232|Magt1	chrX	105968083	105969696	-	Magt1	1613	38.69
N8573	9574	ENSMUST00000033582.4|ENSMUSG00000031231|Cox7b	chrX	106021971	106022450	+	Cox7b	479	39.25
N8574	9575	ENSMUST00000055941.6|ENSMUSG00000033792|Atp7a	chrX	106124763	106124926	+	Atp7a	163	39.26
N8575	9576	ENSMUST00000040065.3|ENSMUSG00000033777|Tlr13	chrX	106160242	106160493	+	Tlr13	251	53.39
N8576	9577	ENSMUST00000135949.1|ENSMUSG00000062070|Pgk1	chrX	106200336	106203661	+	Pgk1	3325	43.7
N8577	9579	ENSMUST00000101297.3|ENSMUSG00000073010|Gm5127	chrX	106709912	106710557	+	Gm5127	645	40.16
N8578	958	ENSMUST00000020827.6|ENSMUSG00000020521|Rnft1	chr11	86496365	86499025	+	Rnft1	2660	38.2
N8579	9580	ENSMUST00000060576.7|ENSMUSG00000049929|Lpar4	chrX	106932158	106933900	+	Lpar4	1742	27.84
N8580	9582	ENSMUST00000120722.1|ENSMUSG00000031242|2610002M06Rik	chrX	107782750	107787473	-	2610002M06Rik	4723	37.94
N8581	9583	ENSMUST00000033597.8|ENSMUSG00000031245|Hmgn5	chrX	109004533	109004847	-	Hmgn5	314	29.94
N8582	9584	ENSMUST00000033598.8|ENSMUSG00000031246|Sh3bgrl	chrX	109160319	109162471	+	Sh3bgrl	2152	33.55
N8583	9585	ENSMUST00000026599.9|ENSMUSG00000025525|Apool	chrX	112372434	112372755	+	Apool	321	31.46
N8584	9586	ENSMUST00000026607.14|ENSMUSG00000025531|Chm	chrX	113040592	113041717	-	Chm	1125	28.71
N8585	9587	ENSMUST00000113371.7|ENSMUSG00000025597|Klhl4	chrX	114560486	114560829	+	Klhl4	343	28.57
N8586	9588	ENSMUST00000079490.5|ENSMUSG00000055733|Nap1l3	chrX	122394564	122395011	-	Nap1l3	447	27.52
N8587	9589	ENSMUST00000113320.2|ENSMUSG00000034480|Diaph2	chrX	130461083	130465834	+	Diaph2	4751	37.84
N8588	9590	ENSMUST00000149154.7|ENSMUSG00000051323|Pcdh19	chrX	133582859	133587764	-	Pcdh19	4905	37.08
N8589	9591	ENSMUST00000087557.11|ENSMUSG00000067377|Tspan6	chrX	133891067	133892549	-	Tspan6	1482	38.12
N8590	9592	ENSMUST00000113304.1|ENSMUSG00000031253|Srpx2	chrX	133931678	133932446	+	Srpx2	768	46.09
N8591	9593	ENSMUST00000113297.8|ENSMUSG00000031255|Sytl4	chrX	133936384	133937076	-	Sytl4	692	41.91
N8592	9594	ENSMUST00000037687.7|ENSMUSG00000033578|Tmem35a	chrX	134305615	134305969	+	Tmem35a	354	42.37
N8593	9595	ENSMUST00000153424.7|ENSMUSG00000000223|Drp2	chrX	134453254	134456573	+	Drp2	3319	44.02
N8594	9596	ENSMUST00000054213.4|ENSMUSG00000048007|Timm8a1	chrX	134537255	134537550	-	Timm8a1	295	40.0
N8595	9597	ENSMUST00000033617.12|ENSMUSG00000031264|Btk	chrX	134542335	134542550	-	Btk	215	39.07
N8596	9598	ENSMUST00000170828.1|ENSMUSG00000079435|Rpl36a	chrX	134587626	134588062	+	Rpl36a	436	36.24
N8597	9599	ENSMUST00000033621.7|ENSMUSG00000031266|Gla	chrX	134588148	134589425	-	Gla	1277	45.81
N8598	960	ENSMUST00000108030.8|ENSMUSG00000020513|Tubd1	chr11	86567293	86567360	+	Tubd1	67	43.28
N8599	9600	ENSMUST00000113203.1|ENSMUSG00000045427|Hnrnph2	chrX	134606739	134607060	+	Hnrnph2	321	31.78
N8600	9601	ENSMUST00000124226.2|ENSMUSG00000049804|Armcx4	chrX	134696563	134696757	+	Armcx4	194	34.02
N8601	9602	ENSMUST00000051256.9|ENSMUSG00000033460|Armcx1	chrX	134721709	134721917	+	Armcx1	208	28.85
N8602	9603	ENSMUST00000113194.7|ENSMUSG00000050394|Armcx6	chrX	134748460	134748870	-	Armcx6	410	51.46
N8603	9604	ENSMUST00000086884.4|ENSMUSG00000049047|Armcx3	chrX	134759946	134761455	+	Armcx3	1509	37.84
N8604	9605	ENSMUST00000119010.7|ENSMUSG00000033436|Armcx2	chrX	134804144	134804363	-	Armcx2	219	41.55
N8605	9607	ENSMUST00000096321.2|ENSMUSG00000072969|Armcx5	chrX	135747145	135747322	+	Armcx5	177	27.68
N8606	9608	ENSMUST00000113144.7|ENSMUSG00000043384|Gprasp1	chrX	135803270	135803474	+	Gprasp1	204	40.2
N8607	9609	ENSMUST00000068755.13|ENSMUSG00000072964|Bhlhb9	chrX	135890835	135891081	+	Bhlhb9	246	31.71
N8608	961	ENSMUST00000018315.9|ENSMUSG00000018171|Vmp1	chr11	86583864	86584904	-	Vmp1	1040	39.81
N8609	9610	ENSMUST00000173804.7|ENSMUSG00000072966|Gprasp2	chrX	135844522	135844730	+	Gprasp2	208	37.98
N8610	9611	ENSMUST00000058119.8|ENSMUSG00000048040|Arxes2	chrX	135995079	135995355	+	Arxes2	276	36.23
N8611	9612	ENSMUST00000057625.2|ENSMUSG00000048355|Arxes1	chrX	136034632	136034946	+	Arxes1	314	35.99
N8612	9614	ENSMUST00000116527.1|ENSMUSG00000047844|Bex4	chrX	136140364	136140443	+	Bex4	79	21.52
N8613	9615	ENSMUST00000163584.7|ENSMUSG00000051579|Tceal8	chrX	136168983	136170288	-	Tceal8	1305	44.29
N8614	9616	ENSMUST00000066819.10|ENSMUSG00000054034|Tceal5	chrX	136200947	136201036	-	Tceal5	89	31.46
N8615	9618	ENSMUST00000048687.10|ENSMUSG00000042712|Tceal9	chrX	136246847	136247139	+	Tceal9	292	28.77
N8616	962	ENSMUST00000108022.7|ENSMUSG00000072582|Ptrh2	chr11	86690252	86692457	+	Ptrh2	2205	40.14
N8617	9620	ENSMUST00000060904.10|ENSMUSG00000044550|Tceal3	chrX	136668287	136668378	+	Tceal3	91	48.35
N8618	9621	ENSMUST00000055104.5|ENSMUSG00000049536|Tceal1	chrX	136709700	136711478	+	Tceal1	1778	36.0
N8619	9623	ENSMUST00000033800.12|ENSMUSG00000031425|Plp1	chrX	136837527	136839733	+	Plp1	2206	35.13
N8620	9624	ENSMUST00000127404.7|ENSMUSG00000072955|Tmsb15l	chrX	136954987	136955296	-	Tmsb15l	309	38.83
N8621	9625	ENSMUST00000033804.4|ENSMUSG00000031428|Zcchc18	chrX	136996149	136998472	+	Zcchc18	2323	42.01
N8622	9626	ENSMUST00000047852.7|ENSMUSG00000042595|Fam199x	chrX	137079002	137082503	+	Fam199x	3501	33.45
N8623	9627	ENSMUST00000113045.8|ENSMUSG00000042515|Pwwp3b	chrX	139236912	139238335	+	Pwwp3b	1423	31.13
N8624	9628	ENSMUST00000113026.1|ENSMUSG00000031438|Rnf128	chrX	139672089	139673145	+	Rnf128	1056	31.53
N8625	9629	ENSMUST00000096313.3|ENSMUSG00000042473|Tbc1d8b	chrX	139752735	139753405	+	Tbc1d8b	670	41.19
N8626	963	ENSMUST00000103186.10|ENSMUSG00000047126|Cltc	chr11	86694350	86694852	-	Cltc	502	33.07
N8627	9630	ENSMUST00000171896.1|ENSMUSG00000031434|Morc4	chrX	139858795	139864467	-	Morc4	5672	39.81
N8628	9631	ENSMUST00000033809.3|ENSMUSG00000031432|Prps1	chrX	140475825	140476140	+	Prps1	315	40.32
N8629	9633	ENSMUST00000112978.1|ENSMUSG00000031429|Psmd10	chrX	140948428	140949081	-	Psmd10	653	35.68
N8630	9634	ENSMUST00000112971.1|ENSMUSG00000079418|Atg4a	chrX	141163854	141164270	+	Atg4a	416	35.58
N8631	9635	ENSMUST00000101205.2|ENSMUSG00000031273|Col4a6	chrX	141165402	141165749	-	Col4a6	347	40.06
N8632	9636	ENSMUST00000112931.7|ENSMUSG00000031274|Col4a5	chrX	141688864	141689234	+	Col4a5	370	26.76
N8633	9637	ENSMUST00000112916.8|ENSMUSG00000042271|Nxt2	chrX	142237975	142239692	+	Nxt2	1717	33.26
N8634	9638	ENSMUST00000134825.2|ENSMUSG00000090122|Kcne1l	chrX	142304751	142305097	-	Kcne1l	346	43.35
N8635	9639	ENSMUST00000112907.7|ENSMUSG00000031278|Acsl4	chrX	142317992	142319406	-	Acsl4	1414	32.11
N8636	964	ENSMUST00000018569.13|ENSMUSG00000018425|Dhx40	chr11	86768845	86769865	-	Dhx40	1020	38.53
N8637	9640	ENSMUST00000112889.7|ENSMUSG00000047045|Tmem164	chrX	142838147	142843494	+	Tmem164	5347	46.06
N8638	9641	ENSMUST00000041317.2|ENSMUSG00000042225|Ammecr1	chrX	142851145	142853681	-	Ammecr1	2536	37.54
N8639	9642	ENSMUST00000074660.11|ENSMUSG00000031283|Chrdl1	chrX	143297173	143299148	-	Chrdl1	1975	35.34
N8640	9643	ENSMUST00000172330.2|ENSMUSG00000031284|Pak3	chrX	143791636	143797796	+	Pak3	6160	36.66
N8641	9644	ENSMUST00000163233.1|ENSMUSG00000041353|Tmem29	chrX	150408583	150409065	-	Tmem29	482	39.0
N8642	9645	ENSMUST00000112720.7|ENSMUSG00000025269|Apex2	chrX	150568861	150571619	-	Apex2	2758	43.29
N8643	9646	ENSMUST00000112699.8|ENSMUSG00000025268|Maged2	chrX	150806369	150806467	-	Maged2	98	33.67
N8644	9648	ENSMUST00000112683.8|ENSMUSG00000025264|Tsr2	chrX	151087093	151089688	-	Tsr2	2595	46.51
N8645	9649	ENSMUST00000046950.12|ENSMUSG00000041229|Phf8	chrX	151631579	151633859	+	Phf8	2280	44.52
N8646	965	ENSMUST00000018571.4|ENSMUSG00000018427|Ypel2	chr11	86936424	86940244	-	Ypel2	3820	44.58
N8647	9650	ENSMUST00000145518.7|ENSMUSG00000041133|Smc1a	chrX	152026770	152036212	+	Smc1a	9442	43.93
N8648	9651	ENSMUST00000112588.8|ENSMUSG00000025332|Kdm5c	chrX	152273445	152274535	+	Kdm5c	1090	42.75
N8649	9652	ENSMUST00000195280.2|ENSMUSG00000087403|Kantr	chrX	152294827	152297320	-	Kantr	2493	34.14
N8650	9653	ENSMUST00000178165.1|ENSMUSG00000041096|Tspyl2	chrX	152339300	152339632	-	Tspyl2	332	41.27
N8651	9654	ENSMUST00000101141.8|ENSMUSG00000045180|Shroom2	chrX	152609508	152612379	-	Shroom2	2871	38.63
N8652	9656	ENSMUST00000039720.10|ENSMUSG00000041658|Rragb	chrX	153171677	153171943	+	Rragb	266	33.46
N8653	9657	ENSMUST00000060714.9|ENSMUSG00000050148|Ubqln2	chrX	153500518	153501570	+	Ubqln2	1052	35.55
N8654	9658	ENSMUST00000039424.13|ENSMUSG00000041633|Kctd12b	chrX	153685153	153688378	-	Kctd12b	3225	36.47
N8655	9659	ENSMUST00000185492.6|ENSMUSG00000086316|Nbdy	chrX	153725841	153741920	+	Nbdy	16079	38.13
N8656	966	ENSMUST00000020804.7|ENSMUSG00000061666|Gdpd1	chr11	87033866	87034922	-	Gdpd1	1056	43.37
N8657	9660	ENSMUST00000049999.8|ENSMUSG00000046550|Spin2c	chrX	153834114	153834243	+	Spin2c	129	38.76
N8658	9661	ENSMUST00000152463.7|ENSMUSG00000025283|Sat1	chrX	155213131	155215068	-	Sat1	1937	40.01
N8659	9662	ENSMUST00000131332.7|ENSMUSG00000025287|Acot9	chrX	155273429	155297646	+	Acot9	24217	38.94
N8660	9663	ENSMUST00000135713.7|ENSMUSG00000057457|Phex	chrX	157162074	157165261	-	Phex	3187	36.74
N8661	9664	ENSMUST00000145477.7|ENSMUSG00000071708|Sms	chrX	157445695	157454738	-	Sms	9043	40.97
N8662	9665	ENSMUST00000026750.14|ENSMUSG00000025658|Cnksr2	chrX	157821435	157823472	-	Cnksr2	2037	35.35
N8663	9666	ENSMUST00000033671.12|ENSMUSG00000031309|Rps6ka3	chrX	159363935	159368244	+	Rps6ka3	4309	37.64
N8664	9667	ENSMUST00000087143.6|ENSMUSG00000067194|Eif1ax	chrX	159385593	159389928	+	Eif1ax	4335	38.29
N8665	9669	ENSMUST00000033662.8|ENSMUSG00000031299|Pdha1	chrX	160122208	160122593	-	Pdha1	385	35.84
N8666	9670	ENSMUST00000061514.7|ENSMUSG00000043518|Rai2	chrX	161779290	161779496	+	Rai2	206	32.52
N8667	9671	ENSMUST00000101102.1|ENSMUSG00000040855|Reps2	chrX	162411953	162417361	-	Reps2	5408	37.48
N8668	9672	ENSMUST00000033720.11|ENSMUSG00000031353|Rbbp7	chrX	162778623	162779092	+	Rbbp7	469	34.33
N8669	9673	ENSMUST00000033723.3|ENSMUSG00000031357|Syap1	chrX	162857056	162857735	-	Syap1	679	32.99
N8670	9674	ENSMUST00000033727.13|ENSMUSG00000031360|Ctps2	chrX	163029984	163032508	+	Ctps2	2524	39.82
N8671	9675	ENSMUST00000090840.9|ENSMUSG00000031370|Zrsr2	chrX	163950385	163952924	-	Zrsr2	2539	39.62
N8672	9676	ENSMUST00000033739.4|ENSMUSG00000031373|Car5b	chrX	163976821	163978890	-	Car5b	2069	42.68
N8673	9677	ENSMUST00000037928.8|ENSMUSG00000040749|Siah1b	chrX	164070704	164070944	-	Siah1b	240	37.08
N8674	9678	ENSMUST00000112265.8|ENSMUSG00000031377|Bmx	chrX	164192841	164193273	-	Bmx	432	44.91
N8675	9679	ENSMUST00000033749.8|ENSMUSG00000031379|Pir	chrX	164372713	164373011	+	Pir	298	26.17
N8676	968	ENSMUST00000020794.5|ENSMUSG00000020492|Ska2	chr11	87122681	87124635	+	Ska2	1954	40.69
N8677	9680	ENSMUST00000112247.8|ENSMUSG00000061778|Mospd2	chrX	164936317	164937128	-	Mospd2	811	32.18
N8678	9681	ENSMUST00000056410.10|ENSMUSG00000040621|Gemin8	chrX	166189701	166190512	+	Gemin8	811	42.29
N8679	9682	ENSMUST00000112192.7|ENSMUSG00000079317|Trappc2	chrX	166452771	166453138	+	Trappc2	367	35.15
N8680	9683	ENSMUST00000112091.8|ENSMUSG00000079316|Rab9	chrX	166457252	166457493	-	Rab9	241	30.29
N8681	9684	ENSMUST00000112188.7|ENSMUSG00000051224|Tceanc	chrX	166499811	166501008	-	Tceanc	1197	33.0
N8682	9685	ENSMUST00000112172.3|ENSMUSG00000049775|Tmsb4x	chrX	167207092	167207289	-	Tmsb4x	197	31.98
N8683	9686	ENSMUST00000112161.7|ENSMUSG00000044583|Tlr7	chrX	167304928	167305129	-	Tlr7	201	35.82
N8684	9687	ENSMUST00000026839.4|ENSMUSG00000025742|Prps2	chrX	167346321	167348651	-	Prps2	2330	37.38
N8685	9688	ENSMUST00000033725.15|ENSMUSG00000031358|Msl3	chrX	168654116	168654394	-	Msl3	278	37.05
N8686	9689	ENSMUST00000154638.8|ENSMUSG00000031352|Hccs	chrX	169250192	169311623	-	Hccs	61431	39.94
N8687	969	ENSMUST00000041282.12|ENSMUSG00000018548|Trim37	chr11	87219022	87220683	+	Trim37	1661	41.54
N8688	9690	ENSMUST00000171433.7|ENSMUSG00000035299|Mid1	chrX	169989375	170005736	+	Mid1	16361	56.22
N8689	9691	ENSMUST00000186726.6|ENSMUSG00000056673|Kdm5d	chrY	910849	956786	+	Kdm5d	45937	39.54
N8690	97	ENSMUST00000019938.10|ENSMUSG00000019803|Nr2e1	chr10	42561962	42562755	-	Nr2e1	793	44.26
N8691	970	ENSMUST00000107960.7|ENSMUSG00000020486|Septin4	chr11	87590175	87590539	+	Septin4	364	46.98
N8692	972	ENSMUST00000039627.11|ENSMUSG00000034156|Tspoap1	chr11	87782837	87785928	+	Tspoap1	3091	50.5
N8693	973	ENSMUST00000038196.6|ENSMUSG00000034121|Mks1	chr11	87863431	87863803	+	Mks1	372	50.0
N8694	974	ENSMUST00000178105.2|ENSMUSG00000020483|Dynll2	chr11	87979524	87981284	-	Dynll2	1760	50.91
N8695	977	ENSMUST00000154812.7|ENSMUSG00000018378|Cuedc1	chr11	88188850	88194140	+	Cuedc1	5290	52.65
N8696	978	ENSMUST00000024486.13|ENSMUSG00000023723|Mrps23	chr11	88211192	88211507	+	Mrps23	315	51.75
N8697	979	ENSMUST00000000287.8|ENSMUSG00000000278|Scpep1	chr11	88924019	88924382	-	Scpep1	363	41.32
N8698	98	ENSMUST00000040718.5|ENSMUSG00000038280|Ostm1	chr10	42700686	42702459	+	Ostm1	1773	37.62
N8699	981	ENSMUST00000107896.9|ENSMUSG00000000275|Trim25	chr11	89016869	89020293	+	Trim25	3424	46.9
N8700	982	ENSMUST00000020864.8|ENSMUSG00000020553|Pctp	chr11	89982664	89983638	-	Pctp	974	41.79
N8701	983	ENSMUST00000092788.3|ENSMUSG00000069763|Tmem100	chr11	90036162	90036508	+	Tmem100	346	31.21
N8702	984	ENSMUST00000004050.6|ENSMUSG00000003948|Mmd	chr11	90277011	90278589	+	Mmd	1578	37.26
N8703	985	ENSMUST00000004051.7|ENSMUSG00000003949|Hlf	chr11	90336535	90339771	-	Hlf	3236	40.54
N8704	986	ENSMUST00000143203.7|ENSMUSG00000020546|Stxbp4	chr11	90476491	90480126	-	Stxbp4	3635	44.04
N8705	987	ENSMUST00000020851.14|ENSMUSG00000020544|Cox11	chr11	90644700	90644931	+	Cox11	231	38.53
N8706	988	ENSMUST00000107863.3|ENSMUSG00000056158|Car10	chr11	93600774	93601749	+	Car10	975	41.54
N8707	989	ENSMUST00000135884.7|ENSMUSG00000037601|Nme1	chr11	93956978	93959236	-	Nme1	2258	47.52
N8708	99	ENSMUST00000019937.4|ENSMUSG00000019802|Sec63	chr10	42830140	42832514	+	Sec63	2374	42.42
N8709	991	ENSMUST00000041589.5|ENSMUSG00000037573|Tob1	chr11	94215097	94215495	+	Tob1	398	26.13
N8710	992	ENSMUST00000107822.9|ENSMUSG00000020863|Luc7l3	chr11	94292773	94296883	-	Luc7l3	4110	38.98
N8711	993	ENSMUST00000107818.8|ENSMUSG00000020864|Ankrd40	chr11	94339847	94341841	+	Ankrd40	1994	46.54
N8712	994	ENSMUST00000178136.7|ENSMUSG00000020865|Abcc3	chr11	94343294	94343488	-	Abcc3	194	45.36
N8713	995	ENSMUST00000107786.7|ENSMUSG00000020866|Cacna1g	chr11	94408390	94408965	-	Cacna1g	575	38.09
N8714	996	ENSMUST00000040487.3|ENSMUSG00000039096|Rsad1	chr11	94539797	94542121	-	Rsad1	2324	44.71
N8715	997	ENSMUST00000103164.3|ENSMUSG00000076435|Acsf2	chr11	94557101	94557761	-	Acsf2	660	46.67
N8716	998	ENSMUST00000021239.6|ENSMUSG00000020869|Lrrc59	chr11	94643777	94645216	+	Lrrc59	1439	47.05
