seq_id	event_num	event_id	gene_symbol	n_hits_any	n_hits_lt1e4	L3v2_frozen8	frozen8_families_hit	frozen8_best_p	all_families_lt1e4
E0001	10	ENSMUST00000130590.7|ENSMUSG00000019796|Lrp11	Lrp11	52	52	yes	ELAVL1;HNRNPA2B1;NOVA2;PTBP1	ELAVL1:9.66e-05;HNRNPA2B1:2.99e-05;NOVA2:2.52e-05;PTBP1:1.20e-05	ELAVL1;HNRNPA1;HNRNPA2B1;KHDRBS1;NOVA2;PABPN1;PTBP1;SRSF1
E0002	1009	ENSMUST00000058866.7|ENSMUSG00000046719|Nxph3	Nxph3	125	125	yes	ELAVL1;HNRNPA2B1;NOVA1;NOVA2;PTBP1;TARDBP	ELAVL1:2.96e-05;HNRNPA2B1:6.07e-05;NOVA1:2.96e-05;NOVA2:2.96e-05;PTBP1:2.52e-05;TARDBP:4.38e-06	ELAVL1;FUS;HNRNPA1;HNRNPA2B1;NOVA1;NOVA2;PTBP1;SRSF1;TARDBP
E0003	1012	ENSMUST00000059026.9|ENSMUSG00000018381|Abi3	Abi3	199	199	yes	ELAVL1;HNRNPA2B1;NOVA1;NOVA2;PTBP1;TARDBP	ELAVL1:2.96e-05;HNRNPA2B1:3.12e-06;NOVA1:2.96e-05;NOVA2:5.10e-06;PTBP1:9.76e-06;TARDBP:8.37e-06	ELAVL1;FUS;HNRNPA1;HNRNPA2B1;MBNL1;NOVA1;NOVA2;PABPN1;PTBP1;SRSF1;TARDBP
E0004	103	ENSMUST00000054418.11|ENSMUSG00000019864|Rtn4ip1	Rtn4ip1	58	58	yes	ELAVL1;HNRNPA2B1;PTBP1;TARDBP	ELAVL1:2.01e-05;HNRNPA2B1:4.43e-05;PTBP1:2.52e-05;TARDBP:2.85e-05	ELAVL1;HNRNPA1;HNRNPA2B1;MBNL1;PTBP1;SRSF1;TARDBP
E0005	1036	ENSMUST00000078694.12|ENSMUSG00000061718|Ppp1r1b	Ppp1r1b	23	23	yes	ELAVL1;PTBP1	ELAVL1:9.66e-05;PTBP1:1.83e-06	ELAVL1;HNRNPA1;MBNL1;PTBP1;SRSF1
E0006	1044	ENSMUST00000017365.14|ENSMUSG00000017221|Psmd3	Psmd3	8	8	yes	NOVA2	NOVA2:5.35e-05	HNRNPA1;NOVA2;SRSF1
E0007	1046	ENSMUST00000103139.10|ENSMUSG00000058756|Thra	Thra	19	19	yes	HNRNPA2B1;NOVA2	HNRNPA2B1:5.99e-06;NOVA2:8.03e-05	HNRNPA1;HNRNPA2B1;NOVA2;SRSF1
E0008	1061	ENSMUST00000066489.12|ENSMUSG00000006931|P3h4	P3h4	19	19	yes	ELAVL1;HNRNPA2B1;PTBP1;QKI	ELAVL1:9.66e-05;HNRNPA2B1:7.86e-05;PTBP1:3.71e-05;QKI:9.18e-05	ELAVL1;HNRNPA1;HNRNPA2B1;KHDRBS1;MBNL1;PTBP1;QKI;SRSF1
E0009	1064	ENSMUST00000107389.7|ENSMUSG00000020917|Acly	Acly	28	28	yes	PTBP1	PTBP1:1.79e-05	HNRNPA1;KHDRBS1;PTBP1;SRSF1;ZFP36
E0010	1065	ENSMUST00000103120.4|ENSMUSG00000006782|Cnp	Cnp	6	6	yes	PTBP1	PTBP1:3.71e-05	HNRNPA1;PTBP1;SRSF1
E0011	1071	ENSMUST00000017891.13|ENSMUSG00000017747|Ghdc	Ghdc	94	94	yes	ELAVL1;NOVA2;PTBP1;TARDBP	ELAVL1:3.80e-06;NOVA2:2.95e-05;PTBP1:3.71e-05;TARDBP:1.29e-06	ELAVL1;HNRNPA1;NOVA2;PTBP1;SRSF1;TARDBP;ZFP36
E0012	1072	ENSMUST00000107358.8|ENSMUSG00000020919|Stat5b	Stat5b	145	145	yes	ELAVL1;HNRNPA2B1;NOVA1;NOVA2;PTBP1;TARDBP	ELAVL1:8.86e-06;HNRNPA2B1:2.34e-06;NOVA1:2.96e-05;NOVA2:2.96e-05;PTBP1:4.84e-06;TARDBP:5.35e-05	ELAVL1;FUS;HNRNPA1;HNRNPA2B1;KHDRBS1;MBNL1;NOVA1;NOVA2;PABPN1;PTBP1;SRSF1;TARDBP;ZFP36
E0013	1095	ENSMUST00000001347.6|ENSMUSG00000001313|Rnd2	Rnd2	14	14	yes	PTBP1;QKI	PTBP1:7.34e-05;QKI:2.85e-05	HNRNPA1;MBNL1;PTBP1;QKI;SRSF1
E0014	1102	ENSMUST00000151678.7|ENSMUSG00000003518|Dusp3	Dusp3	213	213	yes	ELAVL1;HNRNPA2B1;NOVA1;NOVA2;PTBP1;QKI;TARDBP	ELAVL1:2.96e-05;HNRNPA2B1:1.86e-05;NOVA1:2.96e-05;NOVA2:1.07e-05;PTBP1:9.76e-06;QKI:7.93e-05;TARDBP:4.38e-06	ELAVL1;FUS;HNRNPA1;HNRNPA2B1;KHDRBS1;MBNL1;NOVA1;NOVA2;PTBP1;QKI;SRSF1;TARDBP;ZFP36
E0015	1103	ENSMUST00000017458.10|ENSMUSG00000017314|Mpp2	Mpp2	209	209	yes	ELAVL1;HNRNPA2B1;PTBP1;TARDBP	ELAVL1:9.05e-05;HNRNPA2B1:2.27e-05;PTBP1:1.20e-05;TARDBP:5.62e-08	ELAVL1;HNRNPA1;HNRNPA2B1;MBNL1;PTBP1;SRSF1;TARDBP;ZFP36
E0016	1110	ENSMUST00000006750.7|ENSMUSG00000006575|Rundc3a	Rundc3a	10	10	yes	PTBP1	PTBP1:1.47e-05	HNRNPA1;MBNL1;PTBP1;SRSF1
E0017	1112	ENSMUST00000239431.1|ENSMUSG00000034708|Grn	Grn	64	64	yes	PTBP1;TARDBP	PTBP1:9.66e-05;TARDBP:5.62e-08	KHDRBS1;MBNL1;PTBP1;SRSF1;TARDBP
E0018	1118	ENSMUST00000107075.8|ENSMUSG00000034520|Gjc1	Gjc1	5	5	yes	PTBP1	PTBP1:1.79e-05	PTBP1;SRSF1
E0019	1123	ENSMUST00000021314.7|ENSMUSG00000020936|Nmt1	Nmt1	157	157	yes	ELAVL1;HNRNPA2B1;NOVA2;PTBP1;QKI;TARDBP	ELAVL1:7.93e-05;HNRNPA2B1:8.36e-06;NOVA2:5.35e-05;PTBP1:3.71e-05;QKI:1.51e-05;TARDBP:9.40e-05	ELAVL1;HNRNPA1;HNRNPA2B1;KHDRBS1;MBNL1;NOVA2;PABPN1;PTBP1;QKI;SRSF1;TARDBP;ZFP36
E0020	1127	ENSMUST00000062530.4|ENSMUSG00000043372|Hexim2	Hexim2	96	96	yes	ELAVL1;HNRNPA2B1;PTBP1;TARDBP	ELAVL1:7.84e-05;HNRNPA2B1:2.99e-05;PTBP1:1.20e-05;TARDBP:5.62e-08	ELAVL1;HNRNPA1;HNRNPA2B1;PTBP1;SRSF1;TARDBP;ZFP36
E0021	1129	ENSMUST00000107024.7|ENSMUSG00000034255|Arhgap27	Arhgap27	70	70	yes	ELAVL1;NOVA1;NOVA2;PTBP1;TARDBP	ELAVL1:2.96e-05;NOVA1:2.96e-05;NOVA2:2.96e-05;PTBP1:1.21e-05;TARDBP:4.38e-06	ELAVL1;FUS;HNRNPA1;MBNL1;NOVA1;NOVA2;PTBP1;SRSF1;TARDBP;ZFP36
E0022	1137	ENSMUST00000093923.8|ENSMUSG00000020687|Cdc27	Cdc27	165	165	yes	ELAVL1;HNRNPA2B1;NOVA2;PTBP1;QKI;TARDBP	ELAVL1:6.00e-06;HNRNPA2B1:5.99e-06;NOVA2:5.35e-05;PTBP1:7.14e-06;QKI:1.11e-05;TARDBP:9.48e-07	ELAVL1;HNRNPA1;HNRNPA2B1;KHDRBS1;MBNL1;NOVA2;PABPN1;PTBP1;QKI;SRSF1;TARDBP;ZFP36
E0023	1144	ENSMUST00000058438.8|ENSMUSG00000049354|Dcaf7	Dcaf7	202	202	yes	ELAVL1;HNRNPA2B1;NOVA1;NOVA2;PTBP1;QKI;TARDBP	ELAVL1:7.84e-05;HNRNPA2B1:1.98e-05;NOVA1:9.54e-05;NOVA2:5.84e-06;PTBP1:3.80e-06;QKI:3.75e-05;TARDBP:1.79e-05	ELAVL1;HNRNPA1;HNRNPA2B1;KHDRBS1;MBNL1;NOVA1;NOVA2;PABPN1;PTBP1;QKI;SRSF1;TARDBP;ZFP36
E0024	1156	ENSMUST00000103069.9|ENSMUSG00000020717|Pecam1	Pecam1	28	28	yes	ELAVL1;HNRNPA2B1;PTBP1	ELAVL1:3.80e-06;HNRNPA2B1:7.51e-06;PTBP1:4.40e-05	ELAVL1;HNRNPA1;HNRNPA2B1;KHDRBS1;PTBP1;SRSF1;ZFP36
E0025	117	ENSMUST00000063138.7|ENSMUSG00000047669|Msl3l2	Msl3l2	16	16	yes	ELAVL1;PTBP1;QKI	ELAVL1:7.84e-05;PTBP1:1.20e-05;QKI:1.93e-05	ELAVL1;PTBP1;QKI;SRSF1
E0026	1180	ENSMUST00000071539.9|ENSMUSG00000041654|Slc39a11	Slc39a11	34	34	yes	ELAVL1;HNRNPA2B1;NOVA1;NOVA2;PTBP1;QKI	ELAVL1:9.66e-05;HNRNPA2B1:5.03e-06;NOVA1:5.35e-05;NOVA2:5.35e-05;PTBP1:1.21e-05;QKI:2.85e-05	ELAVL1;HNRNPA1;HNRNPA2B1;MBNL1;NOVA1;NOVA2;PTBP1;QKI;SRSF1
E0027	1183	ENSMUST00000106616.1|ENSMUSG00000041598|Cdc42ep4	Cdc42ep4	94	94	yes	ELAVL1;HNRNPA2B1;NOVA1;PTBP1;QKI;TARDBP	ELAVL1:9.66e-05;HNRNPA2B1:4.19e-05;NOVA1:1.47e-05;PTBP1:2.13e-05;QKI:7.24e-05;TARDBP:6.10e-07	ELAVL1;HNRNPA1;HNRNPA2B1;MBNL1;NOVA1;PTBP1;QKI;SRSF1;TARDBP;ZFP36
E0028	1186	ENSMUST00000000206.3|ENSMUSG00000000202|Btbd17	Btbd17	5	5	yes	PTBP1	PTBP1:9.76e-06	PTBP1;SRSF1
E0029	119	ENSMUST00000020027.10|ENSMUSG00000019877|Serinc1	Serinc1	24	24	yes	ELAVL1;PTBP1;QKI	ELAVL1:3.87e-05;PTBP1:7.93e-05;QKI:7.93e-05	ELAVL1;HNRNPA1;MBNL1;PTBP1;QKI;SRSF1;ZFP36
E0030	1193	ENSMUST00000021077.3|ENSMUSG00000020733|Slc9a3r1	Slc9a3r1	6	6	yes	ELAVL1;HNRNPA2B1	ELAVL1:9.05e-05;HNRNPA2B1:4.43e-05	ELAVL1;HNRNPA1;HNRNPA2B1;SRSF1
E0031	1194	ENSMUST00000100235.8|ENSMUSG00000045980|Tmem104	Tmem104	126	126	yes	HNRNPA2B1;NOVA2;PTBP1;QKI;TARDBP	HNRNPA2B1:1.30e-05;NOVA2:7.72e-07;PTBP1:8.37e-06;QKI:1.11e-05;TARDBP:5.62e-08	HNRNPA1;HNRNPA2B1;NOVA2;PTBP1;QKI;SRSF1;TARDBP;ZFP36
E0032	1198	ENSMUST00000053288.5|ENSMUSG00000050910|Cdr2l	Cdr2l	131	131	yes	ELAVL1;HNRNPA2B1;NOVA1;NOVA2;PTBP1;QKI;TARDBP	ELAVL1:7.93e-05;HNRNPA2B1:4.43e-05;NOVA1:5.35e-05;NOVA2:2.94e-05;PTBP1:9.76e-06;QKI:7.24e-05;TARDBP:6.51e-05	ELAVL1;HNRNPA1;HNRNPA2B1;MBNL1;NOVA1;NOVA2;PABPN1;PTBP1;QKI;SRSF1;TARDBP
E0033	1207	ENSMUST00000106507.8|ENSMUSG00000020743|Mif4gd	Mif4gd	15	15	yes	ELAVL1;NOVA1;PTBP1;QKI	ELAVL1:2.01e-05;NOVA1:5.35e-05;PTBP1:7.93e-05;QKI:7.24e-05	ELAVL1;HNRNPA1;NOVA1;PTBP1;QKI;SRSF1
E0034	1217	ENSMUST00000021116.11|ENSMUSG00000020770|Unk	Unk	33	33	yes	TARDBP	TARDBP:6.10e-07	SRSF1;TARDBP
E0035	1219	ENSMUST00000106441.7|ENSMUSG00000020773|Trim47	Trim47	4	4	yes	NOVA1	NOVA1:5.43e-05	NOVA1;SRSF1
E0036	1220	ENSMUST00000103031.7|ENSMUSG00000020776|Fbf1	Fbf1	29	29	yes	NOVA2;PTBP1;TARDBP	NOVA2:6.48e-05;PTBP1:1.47e-05;TARDBP:6.96e-05	HNRNPA1;MBNL1;NOVA2;PTBP1;SRSF1;TARDBP
E0037	1222	ENSMUST00000021130.6|ENSMUSG00000020778|Ten1	Ten1	27	27	yes	HNRNPA2B1;PTBP1;TARDBP	HNRNPA2B1:5.35e-05;PTBP1:7.93e-05;TARDBP:9.40e-05	HNRNPA1;HNRNPA2B1;MBNL1;PTBP1;SRSF1;TARDBP
E0038	1227	ENSMUST00000106391.7|ENSMUSG00000015869|Prpsap1	Prpsap1	23	23	yes	HNRNPA2B1;PTBP1	HNRNPA2B1:9.75e-05;PTBP1:5.73e-05	HNRNPA1;HNRNPA2B1;KHDRBS1;MBNL1;PTBP1;SRSF1
E0039	1279	ENSMUST00000026122.10|ENSMUSG00000025130|P4hb	P4hb	15	15	yes	HNRNPA2B1;NOVA2;PTBP1;TARDBP	HNRNPA2B1:4.43e-05;NOVA2:7.98e-05;PTBP1:3.99e-05;TARDBP:9.40e-05	HNRNPA1;HNRNPA2B1;MBNL1;NOVA2;PTBP1;SRSF1;TARDBP
E0040	1303	ENSMUST00000026173.12|ENSMUSG00000025173|Wdr45b	Wdr45b	7	7	yes	PTBP1;QKI;TARDBP	PTBP1:7.40e-05;QKI:4.72e-05;TARDBP:6.51e-05	KHDRBS1;PTBP1;QKI;TARDBP
E0041	1304	ENSMUST00000106107.2|ENSMUSG00000025170|Rab40b	Rab40b	13	13	yes	PTBP1	PTBP1:2.73e-05	HNRNPA1;KHDRBS1;PTBP1;SRSF1;ZFP36
E0042	1306	ENSMUST00000021001.9|ENSMUSG00000020671|Rab10	Rab10	88	88	yes	ELAVL1;HNRNPA2B1;NOVA2;PTBP1;TARDBP	ELAVL1:1.27e-05;HNRNPA2B1:4.43e-05;NOVA2:2.01e-05;PTBP1:1.29e-05;TARDBP:5.04e-05	ELAVL1;HNRNPA1;HNRNPA2B1;MBNL1;NOVA2;PTBP1;SRSF1;TARDBP;ZFP36
E0043	1307	ENSMUST00000020999.6|ENSMUSG00000020668|Kif3c	Kif3c	167	167	yes	ELAVL1;HNRNPA2B1;NOVA2;PTBP1;TARDBP	ELAVL1:6.00e-06;HNRNPA2B1:4.75e-05;NOVA2:5.35e-05;PTBP1:1.47e-05;TARDBP:1.47e-05	ELAVL1;HNRNPA1;HNRNPA2B1;KHDRBS1;MBNL1;NOVA2;PABPN1;PTBP1;SRSF1;TARDBP;ZFP36
E0044	1321	ENSMUST00000020909.3|ENSMUSG00000020585|Laptm4a	Laptm4a	27	27	yes	ELAVL1;NOVA1;NOVA2;PTBP1	ELAVL1:2.96e-05;NOVA1:2.96e-05;NOVA2:2.96e-05;PTBP1:2.52e-05	ELAVL1;FUS;HNRNPA1;NOVA1;NOVA2;PTBP1;SRSF1;ZFP36
E0045	1324	ENSMUST00000020947.6|ENSMUSG00000020621|Rdh14	Rdh14	3	3	yes	ELAVL1	ELAVL1:8.86e-06	ELAVL1;ZFP36
E0046	133	ENSMUST00000131810.7|ENSMUSG00000020109|Dnajb12	Dnajb12	629	629	yes	ELAVL1;HNRNPA2B1;NOVA1;NOVA2;PTBP1;QKI;TARDBP	ELAVL1:2.96e-05;HNRNPA2B1:1.95e-06;NOVA1:2.96e-05;NOVA2:2.96e-05;PTBP1:6.13e-07;QKI:5.30e-05;TARDBP:5.62e-08	ELAVL1;FUS;HNRNPA1;HNRNPA2B1;MBNL1;NOVA1;NOVA2;PTBP1;QKI;SRSF1;TARDBP;ZFP36
E0047	1331	ENSMUST00000020926.7|ENSMUSG00000020607|Lratd1	Lratd1	42	42	yes	ELAVL1;NOVA1;NOVA2;PTBP1	ELAVL1:2.96e-05;NOVA1:2.96e-05;NOVA2:1.27e-05;PTBP1:2.96e-05	ELAVL1;FUS;HNRNPA1;NOVA1;NOVA2;PTBP1;SRSF1;ZFP36
E0048	1332	ENSMUST00000020922.7|ENSMUSG00000020601|Trib2	Trib2	95	95	yes	ELAVL1;HNRNPA2B1;PTBP1;QKI;TARDBP	ELAVL1:3.87e-05;HNRNPA2B1:7.65e-05;PTBP1:9.29e-06;QKI:1.51e-05;TARDBP:8.37e-06	ELAVL1;HNRNPA1;HNRNPA2B1;KHDRBS1;MBNL1;PTBP1;QKI;SRSF1;TARDBP;ZFP36
E0049	137	ENSMUST00000179238.7|ENSMUSG00000004207|Psap	Psap	16	16	yes	ELAVL1;PTBP1;TARDBP	ELAVL1:9.66e-05;PTBP1:7.86e-05;TARDBP:1.29e-05	ELAVL1;HNRNPA1;PTBP1;SRSF1;TARDBP
E0050	1396	ENSMUST00000021339.7|ENSMUSG00000020956|Dtd2	Dtd2	103	103	yes	ELAVL1;HNRNPA2B1;NOVA1;PTBP1;TARDBP	ELAVL1:3.87e-05;HNRNPA2B1:1.30e-05;NOVA1:2.99e-05;PTBP1:3.63e-06;TARDBP:4.38e-06	ELAVL1;HNRNPA1;HNRNPA2B1;KHDRBS1;MBNL1;NOVA1;PTBP1;SRSF1;TARDBP;ZFP36
E0051	1422	ENSMUST00000223192.1|ENSMUSG00000113149|Gm49383	Gm49383	87	87	yes	ELAVL1;HNRNPA2B1;NOVA1;NOVA2;PTBP1;QKI;TARDBP	ELAVL1:7.84e-05;HNRNPA2B1:6.15e-06;NOVA1:9.54e-05;NOVA2:5.35e-05;PTBP1:1.47e-05;QKI:9.54e-05;TARDBP:6.51e-05	ELAVL1;HNRNPA1;HNRNPA2B1;KHDRBS1;MBNL1;NOVA1;NOVA2;PTBP1;QKI;SRSF1;TARDBP
E0052	1426	ENSMUST00000021362.4|ENSMUSG00000020978|Klhdc2	Klhdc2	8	8	yes	ELAVL1;NOVA2	ELAVL1:3.80e-06;NOVA2:6.23e-05	ELAVL1;HNRNPA1;NOVA2;ZFP36
E0053	1455	ENSMUST00000110461.7|ENSMUSG00000021109|Hif1a	Hif1a	20	20	yes	ELAVL1;HNRNPA2B1;NOVA1;PTBP1;QKI	ELAVL1:7.93e-05;HNRNPA2B1:8.25e-06;NOVA1:5.43e-05;PTBP1:9.66e-05;QKI:5.95e-05	ELAVL1;HNRNPA1;HNRNPA2B1;NOVA1;PTBP1;QKI;ZFP36
E0054	1459	ENSMUST00000062370.8|ENSMUSG00000045690|Wdr89	Wdr89	227	227	yes	ELAVL1;PTBP1;QKI;TARDBP	ELAVL1:6.00e-06;PTBP1:1.20e-05;QKI:4.24e-06;TARDBP:5.62e-08	ELAVL1;HNRNPA1;KHDRBS1;MBNL1;PTBP1;QKI;SRSF1;TARDBP;ZFP36
E0055	1475	ENSMUST00000021550.6|ENSMUSG00000021125|Arg2	Arg2	2	2	no			SRSF1
E0056	1484	ENSMUST00000094693.10|ENSMUSG00000021134|Srsf5	Srsf5	3	3	yes	ELAVL1	ELAVL1:9.05e-05	ELAVL1;HNRNPA1;KHDRBS1
E0057	1489	ENSMUST00000161598.7|ENSMUSG00000002679|Med6	Med6	7	7	yes	ELAVL1;HNRNPA2B1;PTBP1	ELAVL1:7.84e-05;HNRNPA2B1:5.35e-05;PTBP1:1.21e-05	ELAVL1;HNRNPA2B1;PTBP1;SRSF1;ZFP36
E0058	1503	ENSMUST00000085192.6|ENSMUSG00000021238|Aldh6a1	Aldh6a1	60	60	yes	ELAVL1;HNRNPA2B1;NOVA1;PTBP1;QKI;TARDBP	ELAVL1:9.66e-05;HNRNPA2B1:3.39e-05;NOVA1:1.47e-05;PTBP1:8.37e-06;QKI:2.85e-05;TARDBP:2.23e-05	ELAVL1;HNRNPA1;HNRNPA2B1;KHDRBS1;MBNL1;NOVA1;PABPN1;PTBP1;QKI;SRSF1;TARDBP;ZFP36
E0059	1507	ENSMUST00000021667.6|ENSMUSG00000021241|Isca2	Isca2	3	3	yes	PTBP1	PTBP1:2.52e-05	PTBP1;SRSF1
E0060	1513	ENSMUST00000223220.1|ENSMUSG00000004791|Pgf	Pgf	11	11	yes	HNRNPA2B1;PTBP1	HNRNPA2B1:1.20e-05;PTBP1:7.86e-05	HNRNPA1;HNRNPA2B1;PTBP1;SRSF1
E0061	152	ENSMUST00000099691.10|ENSMUSG00000037012|Hk1	Hk1	24	24	yes	ELAVL1;HNRNPA2B1;NOVA1;PTBP1	ELAVL1:9.05e-05;HNRNPA2B1:3.38e-05;NOVA1:9.54e-05;PTBP1:4.03e-06	ELAVL1;HNRNPA1;HNRNPA2B1;NOVA1;PTBP1;SRSF1
E0062	1531	ENSMUST00000072744.14|ENSMUSG00000021038|Vipas39	Vipas39	16	16	yes	HNRNPA2B1;PTBP1	HNRNPA2B1:5.35e-05;PTBP1:1.47e-05	HNRNPA1;HNRNPA2B1;MBNL1;PABPN1;PTBP1;SRSF1
E0063	1532	ENSMUST00000021425.7|ENSMUSG00000021037|Ahsa1	Ahsa1	2	2	yes	PTBP1	PTBP1:7.93e-05	PTBP1;SRSF1
E0064	1541	ENSMUST00000021347.11|ENSMUSG00000020964|Sel1l	Sel1l	162	162	yes	ELAVL1;HNRNPA2B1;NOVA2;PTBP1;TARDBP	ELAVL1:1.83e-07;HNRNPA2B1:3.39e-05;NOVA2:3.97e-05;PTBP1:1.18e-06;TARDBP:9.09e-07	ELAVL1;HNRNPA1;HNRNPA2B1;KHDRBS1;MBNL1;NOVA2;PTBP1;SRSF1;TARDBP;ZFP36
E0065	1558	ENSMUST00000021610.6|ENSMUSG00000021194|Chga	Chga	3	3	yes	PTBP1;TARDBP	PTBP1:7.93e-05;TARDBP:5.35e-05	PTBP1;SRSF1;TARDBP
E0066	1563	ENSMUST00000046404.7|ENSMUSG00000041712|Ubr7	Ubr7	52	52	yes	HNRNPA2B1;PTBP1;QKI;TARDBP	HNRNPA2B1:5.35e-05;PTBP1:1.85e-06;QKI:1.60e-06;TARDBP:8.37e-06	HNRNPA1;HNRNPA2B1;MBNL1;PTBP1;QKI;SRSF1;TARDBP
E0067	1577	ENSMUST00000054955.13|ENSMUSG00000058070|Eml1	Eml1	28	28	yes	ELAVL1;HNRNPA2B1;NOVA2;PTBP1;TARDBP	ELAVL1:3.87e-05;HNRNPA2B1:7.65e-05;NOVA2:5.74e-05;PTBP1:8.37e-06;TARDBP:1.47e-05	ELAVL1;HNRNPA1;HNRNPA2B1;KHDRBS1;MBNL1;NOVA2;PTBP1;SRSF1;TARDBP;ZFP36
E0068	1579	ENSMUST00000167978.8|ENSMUSG00000021263|Degs2	Degs2	26	26	yes	ELAVL1;NOVA2;PTBP1;TARDBP	ELAVL1:3.87e-05;NOVA2:6.23e-05;PTBP1:6.51e-05;TARDBP:6.41e-05	ELAVL1;HNRNPA1;MBNL1;NOVA2;PTBP1;SRSF1;TARDBP;ZFP36
E0069	1591	ENSMUST00000010673.6|ENSMUSG00000010529|Gm266	Gm266	6	6	yes	ELAVL1;PTBP1;TARDBP	ELAVL1:7.93e-05;PTBP1:7.93e-05;TARDBP:8.29e-05	ELAVL1;PTBP1;SRSF1;TARDBP
E0070	1594	ENSMUST00000001304.8|ENSMUSG00000001270|Ckb	Ckb	3	3	no			HNRNPA1;SRSF1
E0071	1597	ENSMUST00000021714.8|ENSMUSG00000021286|Zfyve21	Zfyve21	12	12	yes	PTBP1	PTBP1:9.30e-06	HNRNPA1;MBNL1;PTBP1;SRSF1;ZFP36
E0072	1598	ENSMUST00000054815.14|ENSMUSG00000021285|Ppp1r13b	Ppp1r13b	2	2	no			SRSF1;ZFP36
E0073	1608	ENSMUST00000062092.6|ENSMUSG00000047832|Cdca4	Cdca4	34	34	yes	ELAVL1;HNRNPA2B1;NOVA1;NOVA2;PTBP1	ELAVL1:2.96e-05;HNRNPA2B1:7.51e-06;NOVA1:2.96e-05;NOVA2:2.96e-05;PTBP1:2.96e-05	ELAVL1;FUS;HNRNPA1;HNRNPA2B1;NOVA1;NOVA2;PTBP1;SRSF1;ZFP36
E0074	1614	ENSMUST00000084882.8|ENSMUSG00000006356|Crip2	Crip2	12	12	yes	HNRNPA2B1;NOVA1;TARDBP	HNRNPA2B1:4.19e-05;NOVA1:5.35e-05;TARDBP:1.75e-05	HNRNPA1;HNRNPA2B1;NOVA1;SRSF1;TARDBP;ZFP36
E0075	1647	ENSMUST00000049744.3|ENSMUSG00000012429|Mplkip	Mplkip	75	75	yes	ELAVL1;HNRNPA2B1;NOVA2;PTBP1;QKI;TARDBP	ELAVL1:6.00e-06;HNRNPA2B1:5.99e-06;NOVA2:5.35e-05;PTBP1:3.71e-05;QKI:3.83e-05;TARDBP:6.51e-05	ELAVL1;HNRNPA1;HNRNPA2B1;NOVA2;PABPN1;PTBP1;QKI;SRSF1;TARDBP;ZFP36
E0076	1650	ENSMUST00000072961.5|ENSMUSG00000041236|Vps41	Vps41	7	7	yes	ELAVL1;NOVA1;TARDBP	ELAVL1:3.87e-05;NOVA1:5.43e-05;TARDBP:9.40e-05	ELAVL1;NOVA1;SRSF1;TARDBP
E0077	1653	ENSMUST00000002885.7|ENSMUSG00000002808|Epdr1	Epdr1	24	24	yes	ELAVL1;PTBP1	ELAVL1:7.84e-05;PTBP1:7.93e-05	ELAVL1;HNRNPA1;PTBP1;SRSF1
E0078	166	ENSMUST00000075686.6|ENSMUSG00000057134|Ado	Ado	160	160	yes	ELAVL1;HNRNPA2B1;PTBP1;QKI;TARDBP	ELAVL1:3.87e-05;HNRNPA2B1:3.12e-06;PTBP1:1.20e-05;QKI:5.43e-05;TARDBP:9.09e-07	ELAVL1;HNRNPA1;HNRNPA2B1;KHDRBS1;MBNL1;PABPN1;PTBP1;QKI;SRSF1;TARDBP;ZFP36
E0079	1669	ENSMUST00000040914.2|ENSMUSG00000036181|H1f2	H1f2	10	10	yes	ELAVL1;HNRNPA2B1;TARDBP	ELAVL1:9.66e-05;HNRNPA2B1:9.75e-05;TARDBP:6.51e-05	ELAVL1;HNRNPA1;HNRNPA2B1;MBNL1;SRSF1;TARDBP
E0080	167	ENSMUST00000064656.7|ENSMUSG00000037855|Zfp365	Zfp365	177	177	yes	ELAVL1;HNRNPA2B1;PTBP1;QKI;TARDBP	ELAVL1:6.00e-06;HNRNPA2B1:7.65e-05;PTBP1:1.20e-05;QKI:2.85e-05;TARDBP:5.62e-08	ELAVL1;HNRNPA1;HNRNPA2B1;KHDRBS1;PTBP1;QKI;SRSF1;TARDBP;ZFP36
E0081	17	ENSMUST00000038213.13|ENSMUSG00000019790|Stxbp5	Stxbp5	170	170	yes	ELAVL1;HNRNPA2B1;NOVA1;NOVA2;PTBP1;QKI;TARDBP	ELAVL1:1.27e-05;HNRNPA2B1:1.20e-05;NOVA1:5.43e-05;NOVA2:2.83e-05;PTBP1:1.79e-05;QKI:7.93e-05;TARDBP:1.79e-05	ELAVL1;HNRNPA1;HNRNPA2B1;KHDRBS1;MBNL1;NOVA1;NOVA2;PABPN1;PTBP1;QKI;SRSF1;TARDBP;ZFP36
E0082	1701	ENSMUST00000035988.15|ENSMUSG00000038991|Txndc5	Txndc5	17	17	yes	ELAVL1;PTBP1	ELAVL1:7.84e-05;PTBP1:8.11e-05	ELAVL1;MBNL1;PTBP1;SRSF1;ZFP36
E0083	1726	ENSMUST00000021802.15|ENSMUSG00000021373|Cap2	Cap2	142	142	yes	ELAVL1;HNRNPA2B1;PTBP1;TARDBP	ELAVL1:2.01e-05;HNRNPA2B1:9.75e-05;PTBP1:3.71e-05;TARDBP:5.62e-08	ELAVL1;HNRNPA1;HNRNPA2B1;KHDRBS1;MBNL1;PTBP1;SRSF1;TARDBP
E0084	1731	ENSMUST00000021806.10|ENSMUSG00000021376|Tpmt	Tpmt	18	18	yes	ELAVL1;PTBP1;QKI	ELAVL1:7.84e-05;PTBP1:9.66e-05;QKI:4.24e-05	ELAVL1;KHDRBS1;PTBP1;QKI;SRSF1;ZFP36
E0085	1736	ENSMUST00000035540.8|ENSMUSG00000038025|Phf2	Phf2	109	109	yes	ELAVL1;HNRNPA2B1;PTBP1;QKI;TARDBP	ELAVL1:7.84e-05;HNRNPA2B1:1.27e-06;PTBP1:1.47e-05;QKI:8.56e-07;TARDBP:1.47e-05	ELAVL1;HNRNPA1;HNRNPA2B1;MBNL1;PTBP1;QKI;SRSF1;TARDBP;ZFP36
E0086	1746	ENSMUST00000095797.5|ENSMUSG00000021395|Spin1	Spin1	158	158	yes	ELAVL1;HNRNPA2B1;NOVA2;PTBP1;TARDBP	ELAVL1:3.87e-05;HNRNPA2B1:3.12e-06;NOVA2:6.51e-06;PTBP1:3.80e-06;TARDBP:4.38e-06	ELAVL1;HNRNPA1;HNRNPA2B1;KHDRBS1;MBNL1;NOVA2;PTBP1;SRSF1;TARDBP;ZFP36
E0087	175	ENSMUST00000045887.8|ENSMUSG00000037710|Cisd1	Cisd1	15	15	yes	PTBP1;TARDBP	PTBP1:3.71e-05;TARDBP:6.51e-05	HNRNPA1;PTBP1;SRSF1;TARDBP
E0088	1761	ENSMUST00000026989.14|ENSMUSG00000025871|4833439L19Rik	4833439L19Rik	24	24	yes	ELAVL1;PTBP1;TARDBP	ELAVL1:6.00e-06;PTBP1:4.03e-06;TARDBP:6.41e-05	ELAVL1;HNRNPA1;PABPN1;PTBP1;SRSF1;TARDBP
E0089	1764	ENSMUST00000026986.6|ENSMUSG00000025868|Higd2a	Higd2a	4	4	yes	PTBP1	PTBP1:2.52e-05	HNRNPA1;PTBP1;SRSF1
E0090	1768	ENSMUST00000135343.1|ENSMUSG00000069227|Gprin1	Gprin1	7	7	yes	PTBP1;TARDBP	PTBP1:1.21e-05;TARDBP:6.41e-05	PTBP1;TARDBP
E0091	1776	ENSMUST00000035242.8|ENSMUSG00000034789|Rab24	Rab24	7	7	no			SRSF1
E0092	1777	ENSMUST00000021942.7|ENSMUSG00000021486|Prelid1	Prelid1	9	9	yes	HNRNPA2B1	HNRNPA2B1:8.37e-05	HNRNPA1;HNRNPA2B1;SRSF1
E0093	1784	ENSMUST00000109905.4|ENSMUSG00000058569|Tmed9	Tmed9	28	28	yes	ELAVL1;PTBP1;QKI;TARDBP	ELAVL1:7.93e-05;PTBP1:1.20e-05;QKI:6.39e-06;TARDBP:6.51e-05	ELAVL1;MBNL1;PTBP1;QKI;SRSF1;TARDBP;ZFP36
E0094	1789	ENSMUST00000021959.10|ENSMUSG00000021497|Txndc15	Txndc15	14	14	yes	PTBP1	PTBP1:1.47e-05	HNRNPA1;MBNL1;PTBP1;SRSF1;ZFP36
E0095	1794	ENSMUST00000069557.13|ENSMUSG00000021540|Smad5	Smad5	284	284	yes	ELAVL1;HNRNPA2B1;NOVA1;NOVA2;PTBP1;QKI;TARDBP	ELAVL1:8.86e-06;HNRNPA2B1:1.20e-05;NOVA1:2.96e-05;NOVA2:2.95e-05;PTBP1:4.03e-06;QKI:5.43e-05;TARDBP:3.13e-05	ELAVL1;FUS;HNRNPA1;HNRNPA2B1;KHDRBS1;MBNL1;NOVA1;NOVA2;PTBP1;QKI;SRSF1;TARDBP;ZFP36
E0096	1812	ENSMUST00000076195.6|ENSMUSG00000055228|Zfp935	Zfp935	47	47	yes	PTBP1;QKI	PTBP1:1.21e-05;QKI:3.83e-05	KHDRBS1;PABPN1;PTBP1;QKI;SRSF1
E0097	183	ENSMUST00000020397.10|ENSMUSG00000020180|Snrpd3	Snrpd3	71	71	yes	ELAVL1;HNRNPA2B1;PTBP1;QKI;TARDBP	ELAVL1:7.93e-05;HNRNPA2B1:4.43e-05;PTBP1:3.71e-05;QKI:1.60e-06;TARDBP:2.14e-05	ELAVL1;HNRNPA1;HNRNPA2B1;KHDRBS1;MBNL1;PABPN1;PTBP1;QKI;SRSF1;TARDBP;ZFP36
E0098	1831	ENSMUST00000198607.4|ENSMUSG00000034575|Tent4a	Tent4a	84	84	yes	ELAVL1;HNRNPA2B1;NOVA2;PTBP1;QKI;TARDBP	ELAVL1:2.01e-05;HNRNPA2B1:5.03e-06;NOVA2:5.35e-05;PTBP1:3.63e-06;QKI:6.39e-06;TARDBP:1.05e-05	ELAVL1;HNRNPA1;HNRNPA2B1;MBNL1;NOVA2;PTBP1;QKI;SRSF1;TARDBP;ZFP36
E0099	1839	ENSMUST00000022102.8|ENSMUSG00000021610|Clptm1l	Clptm1l	12	12	yes	ELAVL1;HNRNPA2B1;NOVA1;PTBP1;TARDBP	ELAVL1:9.66e-05;HNRNPA2B1:5.35e-05;NOVA1:5.35e-05;PTBP1:1.79e-05;TARDBP:2.85e-05	ELAVL1;HNRNPA2B1;NOVA1;PTBP1;TARDBP
E0100	1845	ENSMUST00000022062.7|ENSMUSG00000021577|Sdha	Sdha	30	30	yes	ELAVL1;PTBP1;TARDBP	ELAVL1:7.84e-05;PTBP1:5.73e-05;TARDBP:9.40e-05	ELAVL1;HNRNPA1;KHDRBS1;MBNL1;PTBP1;SRSF1;TARDBP
E0101	1846	ENSMUST00000022063.13|ENSMUSG00000021578|Ccdc127	Ccdc127	280	280	yes	ELAVL1;HNRNPA2B1;NOVA1;NOVA2;PTBP1;QKI;TARDBP	ELAVL1:3.80e-06;HNRNPA2B1:1.20e-05;NOVA1:1.47e-05;NOVA2:5.35e-05;PTBP1:6.13e-07;QKI:2.99e-05;TARDBP:2.11e-06	ELAVL1;HNRNPA1;HNRNPA2B1;KHDRBS1;MBNL1;NOVA1;NOVA2;PABPN1;PTBP1;QKI;SRSF1;TARDBP;ZFP36
E0102	1873	ENSMUST00000225868.1|ENSMUSG00000042167|Tent2	Tent2	39	39	yes	ELAVL1;HNRNPA2B1;PTBP1;QKI	ELAVL1:7.84e-05;HNRNPA2B1:1.86e-05;PTBP1:1.20e-05;QKI:7.93e-05	ELAVL1;HNRNPA1;HNRNPA2B1;KHDRBS1;MBNL1;PTBP1;QKI;SRSF1;ZFP36
E0103	188	ENSMUST00000001713.9|ENSMUSG00000001663|Gstt1	Gstt1	2	2	yes	PTBP1	PTBP1:9.66e-05	PTBP1
E0104	1949	ENSMUST00000023924.3|ENSMUSG00000023156|Rpp14	Rpp14	57	57	yes	ELAVL1;HNRNPA2B1;NOVA2;PTBP1;QKI;TARDBP	ELAVL1:7.93e-05;HNRNPA2B1:1.27e-06;NOVA2:5.35e-05;PTBP1:5.73e-05;QKI:7.93e-05;TARDBP:1.47e-05	ELAVL1;HNRNPA1;HNRNPA2B1;MBNL1;NOVA2;PABPN1;PTBP1;QKI;SRSF1;TARDBP;ZFP36
E0105	1952	ENSMUST00000121887.7|ENSMUSG00000021750|Fam107a	Fam107a	254	254	yes	ELAVL1;HNRNPA2B1;NOVA2;PTBP1;QKI;TARDBP	ELAVL1:3.80e-06;HNRNPA2B1:9.75e-05;NOVA2:6.22e-05;PTBP1:2.02e-05;QKI:7.93e-05;TARDBP:5.62e-08	ELAVL1;HNRNPA1;HNRNPA2B1;MBNL1;NOVA2;PTBP1;QKI;SRSF1;TARDBP;ZFP36
E0106	1965	ENSMUST00000022296.6|ENSMUSG00000021774|Ube2e1	Ube2e1	4	4	yes	ELAVL1;TARDBP	ELAVL1:7.93e-05;TARDBP:6.51e-05	ELAVL1;HNRNPA1;TARDBP
E0107	1980	ENSMUST00000048016.2|ENSMUSG00000039357|Fut11	Fut11	84	84	yes	ELAVL1;HNRNPA2B1;NOVA1;NOVA2;PTBP1;TARDBP	ELAVL1:6.00e-06;HNRNPA2B1:4.19e-05;NOVA1:2.96e-05;NOVA2:2.96e-05;PTBP1:2.96e-05;TARDBP:1.47e-05	ELAVL1;FUS;HNRNPA1;HNRNPA2B1;KHDRBS1;MBNL1;NOVA1;NOVA2;PABPN1;PTBP1;SRSF1;TARDBP;ZFP36
E0108	1984	ENSMUST00000022369.8|ENSMUSG00000021823|Vcl	Vcl	19	19	yes	PTBP1	PTBP1:1.83e-06	HNRNPA1;KHDRBS1;PTBP1;SRSF1;ZFP36
E0109	1986	ENSMUST00000045376.10|ENSMUSG00000039197|Adk	Adk	20	20	yes	ELAVL1;PTBP1;TARDBP	ELAVL1:7.84e-05;PTBP1:9.66e-05;TARDBP:7.15e-06	ELAVL1;HNRNPA1;PTBP1;SRSF1;TARDBP;ZFP36
E0110	1993	ENSMUST00000022419.6|ENSMUSG00000021868|Ppif	Ppif	10	10	yes	PTBP1	PTBP1:3.71e-05	MBNL1;PABPN1;PTBP1;SRSF1;ZFP36
E0111	1994	ENSMUST00000069180.7|ENSMUSG00000055538|Zcchc24	Zcchc24	179	179	yes	ELAVL1;HNRNPA2B1;NOVA2;PTBP1;QKI;TARDBP	ELAVL1:1.27e-05;HNRNPA2B1:8.71e-06;NOVA2:1.27e-05;PTBP1:4.03e-06;QKI:7.24e-05;TARDBP:1.47e-05	ELAVL1;HNRNPA1;HNRNPA2B1;KHDRBS1;MBNL1;NOVA2;PABPN1;PTBP1;QKI;SRSF1;TARDBP;ZFP36
E0112	1999	ENSMUST00000100819.11|ENSMUSG00000072680|Tmem254c	Tmem254c	16	16	yes	HNRNPA2B1	HNRNPA2B1:1.86e-05	HNRNPA1;HNRNPA2B1;MBNL1;SRSF1
E0113	2034	ENSMUST00000022322.16|ENSMUSG00000021794|Glud1	Glud1	20	20	yes	ELAVL1;HNRNPA2B1;PTBP1;QKI	ELAVL1:9.05e-05;HNRNPA2B1:7.65e-05;PTBP1:7.93e-05;QKI:7.93e-05	ELAVL1;HNRNPA1;HNRNPA2B1;KHDRBS1;MBNL1;PTBP1;QKI;SRSF1;ZFP36
E0114	2039	ENSMUST00000090024.10|ENSMUSG00000058690|Ccser2	Ccser2	185	185	yes	ELAVL1;HNRNPA2B1;NOVA1;NOVA2;PTBP1;QKI;TARDBP	ELAVL1:6.00e-06;HNRNPA2B1:1.27e-06;NOVA1:2.96e-05;NOVA2:2.96e-05;PTBP1:3.70e-07;QKI:1.93e-05;TARDBP:3.58e-05	ELAVL1;FUS;HNRNPA1;HNRNPA2B1;KHDRBS1;MBNL1;NOVA1;NOVA2;PTBP1;QKI;SRSF1;TARDBP;ZFP36
E0115	2048	ENSMUST00000045905.13|ENSMUSG00000037712|Fermt2	Fermt2	16	16	yes	ELAVL1;NOVA1;NOVA2;PTBP1	ELAVL1:9.05e-05;NOVA1:5.43e-05;NOVA2:2.95e-05;PTBP1:5.23e-05	ELAVL1;HNRNPA1;KHDRBS1;NOVA1;NOVA2;PTBP1;SRSF1;ZFP36
E0116	2069	ENSMUST00000169895.2|ENSMUSG00000021876|Rnase4	Rnase4	35	35	yes	ELAVL1;NOVA2;PTBP1;TARDBP	ELAVL1:3.87e-05;NOVA2:5.35e-05;PTBP1:7.93e-05;TARDBP:1.75e-05	ELAVL1;HNRNPA1;NOVA2;PTBP1;SRSF1;TARDBP
E0117	2072	ENSMUST00000004673.14|ENSMUSG00000004558|Ndrg2	Ndrg2	15	15	yes	HNRNPA2B1;PTBP1;QKI	HNRNPA2B1:4.43e-05;PTBP1:9.66e-05;QKI:2.85e-05	HNRNPA2B1;PTBP1;QKI;SRSF1;ZFP36
E0118	2075	ENSMUST00000111610.11|ENSMUSG00000060373|Hnrnpc	Hnrnpc	66	66	yes	ELAVL1;NOVA2;PTBP1	ELAVL1:8.86e-06;NOVA2:4.14e-06;PTBP1:2.52e-05	ELAVL1;HNRNPA1;KHDRBS1;NOVA2;PTBP1;SRSF1;ZFP36
E0119	2112	ENSMUST00000019441.8|ENSMUSG00000019297|Nop9	Nop9	80	80	yes	ELAVL1;HNRNPA2B1;NOVA2;PTBP1;QKI;TARDBP	ELAVL1:1.27e-05;HNRNPA2B1:4.79e-05;NOVA2:4.93e-05;PTBP1:3.71e-05;QKI:7.93e-05;TARDBP:6.51e-05	ELAVL1;HNRNPA1;HNRNPA2B1;MBNL1;NOVA2;PTBP1;QKI;SRSF1;TARDBP;ZFP36
E0120	2139	ENSMUST00000022563.8|ENSMUSG00000021987|Mtmr6	Mtmr6	30	30	yes	NOVA1;PTBP1;QKI;TARDBP	NOVA1:1.47e-05;PTBP1:1.83e-06;QKI:6.57e-05;TARDBP:2.14e-05	HNRNPA1;NOVA1;PTBP1;QKI;SRSF1;TARDBP;ZFP36
E0121	216	ENSMUST00000001240.11|ENSMUSG00000001211|Agpat3	Agpat3	134	134	yes	ELAVL1;HNRNPA2B1;NOVA1;NOVA2;PTBP1;TARDBP	ELAVL1:6.00e-06;HNRNPA2B1:2.76e-05;NOVA1:2.96e-05;NOVA2:2.96e-05;PTBP1:3.63e-06;TARDBP:4.38e-06	ELAVL1;FUS;HNRNPA1;HNRNPA2B1;MBNL1;NOVA1;NOVA2;PTBP1;SRSF1;TARDBP
E0122	2165	ENSMUST00000224698.1|ENSMUSG00000022040|Ephx2	Ephx2	8	8	yes	PTBP1;TARDBP	PTBP1:1.79e-05;TARDBP:9.40e-05	PTBP1;SRSF1;TARDBP
E0123	2166	ENSMUST00000022622.13|ENSMUSG00000059456|Ptk2b	Ptk2b	77	77	yes	ELAVL1;HNRNPA2B1;NOVA1;PTBP1	ELAVL1:7.84e-05;HNRNPA2B1:4.43e-05;NOVA1:5.35e-05;PTBP1:3.63e-06	ELAVL1;HNRNPA1;HNRNPA2B1;NOVA1;PTBP1;SRSF1;ZFP36
E0124	2177	ENSMUST00000184973.7|ENSMUSG00000095463|Entpd4	Entpd4	51	51	yes	ELAVL1;NOVA1;PTBP1;QKI;TARDBP	ELAVL1:7.84e-05;NOVA1:1.60e-06;PTBP1:3.80e-06;QKI:7.24e-05;TARDBP:3.58e-05	ELAVL1;HNRNPA1;MBNL1;NOVA1;PTBP1;QKI;SRSF1;TARDBP
E0125	2213	ENSMUST00000145303.7|ENSMUSG00000021998|Lcp1	Lcp1	51	51	yes	ELAVL1;HNRNPA2B1;NOVA1;PTBP1;TARDBP	ELAVL1:7.93e-05;HNRNPA2B1:4.43e-05;NOVA1:9.54e-05;PTBP1:1.47e-05;TARDBP:2.14e-05	ELAVL1;HNRNPA1;HNRNPA2B1;MBNL1;NOVA1;PTBP1;SRSF1;TARDBP;ZFP36
E0126	2228	ENSMUST00000022595.7|ENSMUSG00000022018|Rgcc	Rgcc	5	5	yes	ELAVL1	ELAVL1:9.66e-05	ELAVL1;KHDRBS1;SRSF1
E0127	224	ENSMUST00000099513.7|ENSMUSG00000020331|Hcn2	Hcn2	11	11	yes	HNRNPA2B1	HNRNPA2B1:1.20e-05	HNRNPA1;HNRNPA2B1;MBNL1;SRSF1
E0128	2243	ENSMUST00000100339.8|ENSMUSG00000075486|Commd6	Commd6	6	6	yes	ELAVL1	ELAVL1:7.84e-05	ELAVL1;HNRNPA1;SRSF1
E0129	226	ENSMUST00000047203.8|ENSMUSG00000035890|Rnf126	Rnf126	9	9	yes	ELAVL1;NOVA1	ELAVL1:9.05e-05;NOVA1:9.54e-05	ELAVL1;NOVA1;SRSF1
E0130	2272	ENSMUST00000082424.10|ENSMUSG00000064373|Selenop	Selenop	6	6	yes	PTBP1	PTBP1:2.31e-05	HNRNPA1;KHDRBS1;PTBP1
E0131	228	ENSMUST00000165704.7|ENSMUSG00000006498|Ptbp1	Ptbp1	153	153	yes	ELAVL1;NOVA1;NOVA2;PTBP1;TARDBP	ELAVL1:2.96e-05;NOVA1:2.96e-05;NOVA2:2.96e-05;PTBP1:8.37e-06;TARDBP:9.40e-05	ELAVL1;FUS;HNRNPA1;NOVA1;NOVA2;PTBP1;SRSF1;TARDBP;ZFP36
E0132	2320	ENSMUST00000044524.15|ENSMUSG00000039168|Dap	Dap	6	6	yes	TARDBP	TARDBP:9.40e-05	KHDRBS1;SRSF1;TARDBP
E0133	2343	ENSMUST00000074043.6|ENSMUSG00000037465|Klf10	Klf10	44	44	yes	ELAVL1;PTBP1	ELAVL1:7.84e-05;PTBP1:1.83e-06	ELAVL1;HNRNPA1;PABPN1;PTBP1;SRSF1;ZFP36
E0134	2347	ENSMUST00000067072.4|ENSMUSG00000054196|Cthrc1	Cthrc1	2	2	yes	PTBP1	PTBP1:9.66e-05	PTBP1
E0135	2348	ENSMUST00000022908.9|ENSMUSG00000022299|Slc25a32	Slc25a32	193	193	yes	ELAVL1;HNRNPA2B1;PTBP1;QKI;TARDBP	ELAVL1:3.87e-05;HNRNPA2B1:1.86e-05;PTBP1:1.83e-06;QKI:7.93e-05;TARDBP:5.62e-08	ELAVL1;HNRNPA1;HNRNPA2B1;KHDRBS1;MBNL1;PTBP1;QKI;SRSF1;TARDBP;ZFP36
E0136	2356	ENSMUST00000227691.1|ENSMUSG00000022339|Ebag9	Ebag9	35	35	yes	ELAVL1;PTBP1	ELAVL1:7.84e-05;PTBP1:7.93e-05	ELAVL1;PTBP1;SRSF1;ZFP36
E0137	2401	ENSMUST00000151288.7|ENSMUSG00000079020|Slc45a4	Slc45a4	129	129	yes	ELAVL1;HNRNPA2B1;NOVA1;NOVA2;PTBP1;QKI;TARDBP	ELAVL1:7.84e-05;HNRNPA2B1:1.86e-05;NOVA1:9.54e-05;NOVA2:5.35e-05;PTBP1:6.13e-07;QKI:1.51e-05;TARDBP:5.04e-05	ELAVL1;HNRNPA1;HNRNPA2B1;MBNL1;NOVA1;NOVA2;PTBP1;QKI;SRSF1;TARDBP;ZFP36
E0138	2406	ENSMUST00000023259.14|ENSMUSG00000022594|Lynx1	Lynx1	187	187	yes	ELAVL1;HNRNPA2B1;NOVA1;NOVA2;PTBP1;TARDBP	ELAVL1:2.96e-05;HNRNPA2B1:4.22e-06;NOVA1:1.34e-05;NOVA2:1.59e-05;PTBP1:4.03e-06;TARDBP:1.47e-05	ELAVL1;FUS;HNRNPA1;HNRNPA2B1;KHDRBS1;MBNL1;NOVA1;NOVA2;PTBP1;SRSF1;TARDBP
E0139	2408	ENSMUST00000189068.6|ENSMUSG00000075602|Ly6a	Ly6a	8	8	yes	PTBP1	PTBP1:9.66e-05	HNRNPA1;PTBP1;SRSF1
E0140	2409	ENSMUST00000065408.15|ENSMUSG00000079018|Ly6c1	Ly6c1	5	5	yes	NOVA2	NOVA2:5.35e-05	HNRNPA1;KHDRBS1;NOVA2;SRSF1
E0141	241	ENSMUST00000105366.1|ENSMUSG00000003072|Atp5d	Atp5d	3	3	yes	NOVA2	NOVA2:5.35e-05	NOVA2;SRSF1
E0142	2426	ENSMUST00000054449.13|ENSMUSG00000022565|Plec	Plec	29	29	yes	HNRNPA2B1;PTBP1;QKI	HNRNPA2B1:1.30e-05;PTBP1:5.47e-06;QKI:2.85e-05	HNRNPA1;HNRNPA2B1;KHDRBS1;PTBP1;QKI;SRSF1
E0143	2433	ENSMUST00000160172.7|ENSMUSG00000022553|Maf1	Maf1	4	4	yes	ELAVL1	ELAVL1:7.84e-05	ELAVL1;SRSF1
E0144	2446	ENSMUST00000127208.7|ENSMUSG00000033728|Lrrc14	Lrrc14	116	116	yes	ELAVL1;HNRNPA2B1;NOVA1;NOVA2;PTBP1;QKI;TARDBP	ELAVL1:7.93e-05;HNRNPA2B1:1.98e-05;NOVA1:5.35e-05;NOVA2:5.35e-05;PTBP1:1.83e-06;QKI:2.85e-05;TARDBP:6.51e-05	ELAVL1;HNRNPA1;HNRNPA2B1;KHDRBS1;MBNL1;NOVA1;NOVA2;PTBP1;QKI;SRSF1;TARDBP;ZFP36
E0145	2449	ENSMUST00000080406.6|ENSMUSG00000022526|Zfp251	Zfp251	16	16	yes	ELAVL1;HNRNPA2B1	ELAVL1:7.93e-05;HNRNPA2B1:9.75e-05	ELAVL1;HNRNPA2B1;MBNL1;SRSF1;ZFP36
E0146	2470	ENSMUST00000089378.4|ENSMUSG00000116165|Pdxp	Pdxp	26	26	yes	ELAVL1;HNRNPA2B1;NOVA2;QKI	ELAVL1:1.83e-07;HNRNPA2B1:5.35e-05;NOVA2:3.98e-05;QKI:5.30e-05	ELAVL1;HNRNPA1;HNRNPA2B1;NOVA2;QKI;SRSF1;ZFP36
E0147	2486	ENSMUST00000023064.8|ENSMUSG00000022428|Cby1	Cby1	12	12	no			HNRNPA1;MBNL1;SRSF1
E0148	2498	ENSMUST00000023050.8|ENSMUSG00000022414|Tab1	Tab1	81	81	yes	HNRNPA2B1;NOVA2;PTBP1	HNRNPA2B1:4.43e-05;NOVA2:1.80e-05;PTBP1:9.76e-06	HNRNPA1;HNRNPA2B1;MBNL1;NOVA2;PABPN1;PTBP1;SRSF1
E0149	2508	ENSMUST00000068387.10|ENSMUSG00000055024|Ep300	Ep300	41	41	yes	ELAVL1;NOVA2;PTBP1;TARDBP	ELAVL1:6.00e-06;NOVA2:1.76e-05;PTBP1:1.79e-05;TARDBP:2.14e-05	ELAVL1;NOVA2;PTBP1;SRSF1;TARDBP;ZFP36
E0150	2514	ENSMUST00000023116.6|ENSMUSG00000022477|Aco2	Aco2	13	13	yes	ELAVL1;PTBP1	ELAVL1:1.27e-05;PTBP1:7.93e-05	ELAVL1;HNRNPA1;PTBP1;SRSF1;ZFP36
E0151	252	ENSMUST00000142997.7|ENSMUSG00000035478|Mbd3	Mbd3	6	6	no			HNRNPA1;SRSF1
E0152	2522	ENSMUST00000143238.1|ENSMUSG00000068099|1500009C09Rik	1500009C09Rik	207	207	yes	HNRNPA2B1;PTBP1;TARDBP	HNRNPA2B1:5.93e-05;PTBP1:3.63e-06;TARDBP:2.85e-05	HNRNPA1;HNRNPA2B1;MBNL1;PTBP1;SRSF1;TARDBP
E0153	2530	ENSMUST00000058793.13|ENSMUSG00000041815|Poldip3	Poldip3	88	88	yes	ELAVL1;HNRNPA2B1;NOVA1;NOVA2;PTBP1;QKI;TARDBP	ELAVL1:9.05e-05;HNRNPA2B1:1.86e-05;NOVA1:1.34e-05;NOVA2:3.46e-05;PTBP1:9.29e-06;QKI:7.93e-05;TARDBP:4.38e-06	ELAVL1;HNRNPA1;HNRNPA2B1;MBNL1;NOVA1;NOVA2;PTBP1;QKI;SRSF1;TARDBP;ZFP36
E0154	256	ENSMUST00000191440.6|ENSMUSG00000003346|Abhd17a	Abhd17a	40	40	yes	HNRNPA2B1;PTBP1	HNRNPA2B1:3.12e-06;PTBP1:3.80e-06	HNRNPA1;HNRNPA2B1;PTBP1;SRSF1
E0155	2571	ENSMUST00000023283.5|ENSMUSG00000022614|Lmf2	Lmf2	17	17	yes	ELAVL1;PTBP1	ELAVL1:1.27e-05;PTBP1:5.70e-05	ELAVL1;HNRNPA1;PTBP1;SRSF1
E0156	2588	ENSMUST00000049122.15|ENSMUSG00000036167|Pphln1	Pphln1	104	104	yes	ELAVL1;HNRNPA2B1;NOVA1;NOVA2;PTBP1;QKI;TARDBP	ELAVL1:2.96e-05;HNRNPA2B1:8.25e-06;NOVA1:2.96e-05;NOVA2:2.96e-05;PTBP1:1.20e-05;QKI:5.30e-05;TARDBP:6.51e-05	ELAVL1;FUS;HNRNPA1;HNRNPA2B1;NOVA1;NOVA2;PTBP1;QKI;SRSF1;TARDBP;ZFP36
E0157	26	ENSMUST00000162610.7|ENSMUSG00000019806|Aig1	Aig1	9	9	yes	ELAVL1;NOVA1;NOVA2;PTBP1;QKI;TARDBP	ELAVL1:7.93e-05;NOVA1:5.35e-05;NOVA2:5.35e-05;PTBP1:5.42e-05;QKI:6.57e-05;TARDBP:5.30e-05	ELAVL1;NOVA1;NOVA2;PTBP1;QKI;SRSF1;TARDBP
E0158	2610	ENSMUST00000109150.8|ENSMUSG00000003352|Cacnb3	Cacnb3	18	18	yes	HNRNPA2B1;PTBP1;TARDBP	HNRNPA2B1:4.43e-05;PTBP1:1.21e-05;TARDBP:3.58e-05	HNRNPA1;HNRNPA2B1;PTBP1;SRSF1;TARDBP
E0159	262	ENSMUST00000003438.10|ENSMUSG00000003348|Mob3a	Mob3a	120	120	yes	ELAVL1;HNRNPA2B1;NOVA1;NOVA2;PTBP1;QKI;TARDBP	ELAVL1:3.87e-05;HNRNPA2B1:1.86e-05;NOVA1:9.54e-05;NOVA2:1.94e-05;PTBP1:9.76e-06;QKI:5.30e-05;TARDBP:8.37e-06	ELAVL1;HNRNPA1;HNRNPA2B1;MBNL1;NOVA1;NOVA2;PTBP1;QKI;SRSF1;TARDBP;ZFP36
E0160	2620	ENSMUST00000041415.4|ENSMUSG00000037579|Kcnh3	Kcnh3	10	10	yes	HNRNPA2B1	HNRNPA2B1:7.86e-05	HNRNPA1;HNRNPA2B1;SRSF1
E0161	2641	ENSMUST00000000356.9|ENSMUSG00000000346|Dazap2	Dazap2	4	4	yes	ELAVL1;NOVA2	ELAVL1:9.66e-05;NOVA2:5.35e-05	ELAVL1;MBNL1;NOVA2
E0162	2649	ENSMUST00000000543.5|ENSMUSG00000000531|Grasp	Grasp	134	134	yes	HNRNPA2B1;PTBP1;TARDBP	HNRNPA2B1:1.86e-05;PTBP1:3.63e-06;TARDBP:5.62e-08	HNRNPA1;HNRNPA2B1;PTBP1;SRSF1;TARDBP
E0163	266	ENSMUST00000179341.1|ENSMUSG00000035242|Oaz1	Oaz1	6	6	yes	ELAVL1;NOVA2	ELAVL1:7.84e-05;NOVA2:6.23e-05	ELAVL1;NOVA2;SRSF1
E0164	2664	ENSMUST00000023810.11|ENSMUSG00000023048|Prr13	Prr13	23	23	yes	ELAVL1;PTBP1	ELAVL1:9.05e-05;PTBP1:7.40e-05	ELAVL1;KHDRBS1;PTBP1;SRSF1;ZFP36
E0165	2682	ENSMUST00000117801.7|ENSMUSG00000005580|Adcy9	Adcy9	7	7	yes	PTBP1	PTBP1:7.93e-05	HNRNPA1;PTBP1;ZFP36
E0166	2693	ENSMUST00000202281.3|ENSMUSG00000022540|Rogdi	Rogdi	28	28	yes	PTBP1	PTBP1:2.02e-05	HNRNPA1;PTBP1;SRSF1
E0167	2703	ENSMUST00000008537.9|ENSMUSG00000008393|Carhsp1	Carhsp1	92	92	yes	ELAVL1;HNRNPA2B1;NOVA1;PTBP1;QKI;TARDBP	ELAVL1:7.93e-05;HNRNPA2B1:5.99e-06;NOVA1:5.35e-05;PTBP1:3.71e-05;QKI:1.51e-05;TARDBP:1.47e-05	ELAVL1;HNRNPA1;HNRNPA2B1;KHDRBS1;MBNL1;NOVA1;PABPN1;PTBP1;QKI;SRSF1;TARDBP;ZFP36
E0168	2705	ENSMUST00000023150.6|ENSMUSG00000022507|1810013L24Rik	1810013L24Rik	101	101	yes	ELAVL1;HNRNPA2B1;NOVA2;PTBP1;QKI;TARDBP	ELAVL1:1.27e-05;HNRNPA2B1:5.99e-06;NOVA2:5.76e-05;PTBP1:4.40e-05;QKI:3.75e-05;TARDBP:1.47e-05	ELAVL1;HNRNPA1;HNRNPA2B1;KHDRBS1;MBNL1;NOVA2;PABPN1;PTBP1;QKI;SRSF1;TARDBP;ZFP36
E0169	2736	ENSMUST00000069107.13|ENSMUSG00000063358|Mapk1	Mapk1	396	396	yes	ELAVL1;HNRNPA2B1;NOVA1;NOVA2;PTBP1;QKI;TARDBP	ELAVL1:6.68e-07;HNRNPA2B1:4.79e-05;NOVA1:1.47e-05;NOVA2:2.96e-05;PTBP1:9.29e-06;QKI:1.11e-05;TARDBP:7.15e-06	ELAVL1;FUS;HNRNPA1;HNRNPA2B1;KHDRBS1;MBNL1;NOVA1;NOVA2;PTBP1;QKI;SRSF1;TARDBP;ZFP36
E0170	2739	ENSMUST00000023453.9|ENSMUSG00000022769|Sdf2l1	Sdf2l1	13	13	yes	ELAVL1;HNRNPA2B1;NOVA1	ELAVL1:9.05e-05;HNRNPA2B1:5.93e-05;NOVA1:9.54e-05	ELAVL1;HNRNPA1;HNRNPA2B1;MBNL1;NOVA1;SRSF1
E0171	2752	ENSMUST00000120488.2|ENSMUSG00000022750|Klhl22	Klhl22	20	20	yes	HNRNPA2B1;PTBP1	HNRNPA2B1:7.86e-05;PTBP1:3.71e-05	HNRNPA1;HNRNPA2B1;PTBP1;SRSF1
E0172	2754	ENSMUST00000231909.1|ENSMUSG00000116652|B830017H08Rik	B830017H08Rik	4	4	yes	TARDBP	TARDBP:5.35e-05	MBNL1;SRSF1;TARDBP
E0173	2760	ENSMUST00000076957.6|ENSMUSG00000060166|Zdhhc8	Zdhhc8	109	109	yes	ELAVL1;HNRNPA2B1;NOVA2;PTBP1;TARDBP	ELAVL1:9.05e-05;HNRNPA2B1:1.86e-05;NOVA2:1.26e-05;PTBP1:3.63e-06;TARDBP:6.41e-05	ELAVL1;HNRNPA1;HNRNPA2B1;MBNL1;NOVA2;PABPN1;PTBP1;SRSF1;TARDBP;ZFP36
E0174	2773	ENSMUST00000043577.2|ENSMUSG00000041378|Cldn5	Cldn5	19	19	yes	PTBP1;QKI	PTBP1:9.66e-05;QKI:7.93e-05	HNRNPA1;PTBP1;QKI;SRSF1
E0175	2783	ENSMUST00000040880.8|ENSMUSG00000041205|Map6d1	Map6d1	129	129	yes	ELAVL1;HNRNPA2B1;NOVA1;NOVA2;PTBP1;QKI;TARDBP	ELAVL1:1.83e-07;HNRNPA2B1:1.95e-06;NOVA1:1.47e-05;NOVA2:2.82e-05;PTBP1:3.39e-05;QKI:9.54e-05;TARDBP:9.09e-07	ELAVL1;HNRNPA1;HNRNPA2B1;KHDRBS1;MBNL1;NOVA1;NOVA2;PTBP1;QKI;SRSF1;TARDBP;ZFP36
E0176	2785	ENSMUST00000171572.8|ENSMUSG00000003233|Dvl3	Dvl3	268	268	yes	ELAVL1;HNRNPA2B1;NOVA1;NOVA2;PTBP1;QKI;TARDBP	ELAVL1:7.84e-05;HNRNPA2B1:4.43e-05;NOVA1:1.60e-06;NOVA2:8.62e-05;PTBP1:4.03e-06;QKI:7.24e-05;TARDBP:5.62e-08	ELAVL1;HNRNPA1;HNRNPA2B1;NOVA1;NOVA2;PTBP1;QKI;SRSF1;TARDBP;ZFP36
E0177	279	ENSMUST00000047864.10|ENSMUSG00000034994|Eef2	Eef2	19	19	yes	ELAVL1;HNRNPA2B1;PTBP1	ELAVL1:3.87e-05;HNRNPA2B1:1.20e-05;PTBP1:3.12e-05	ELAVL1;HNRNPA1;HNRNPA2B1;PTBP1;SRSF1
E0178	2821	ENSMUST00000117363.8|ENSMUSG00000022538|Lsg1	Lsg1	36	36	yes	ELAVL1;HNRNPA2B1;NOVA1;PTBP1;QKI;TARDBP	ELAVL1:7.84e-05;HNRNPA2B1:1.98e-05;NOVA1:5.35e-05;PTBP1:4.40e-05;QKI:1.65e-05;TARDBP:1.75e-05	ELAVL1;HNRNPA1;HNRNPA2B1;KHDRBS1;MBNL1;NOVA1;PTBP1;QKI;SRSF1;TARDBP;ZFP36
E0179	2829	ENSMUST00000023460.6|ENSMUSG00000022774|Ncbp2	Ncbp2	20	20	yes	HNRNPA2B1;PTBP1;QKI;TARDBP	HNRNPA2B1:2.99e-05;PTBP1:1.70e-05;QKI:1.51e-05;TARDBP:6.51e-05	HNRNPA1;HNRNPA2B1;KHDRBS1;MBNL1;PTBP1;QKI;SRSF1;TARDBP
E0180	2842	ENSMUST00000039733.9|ENSMUSG00000022807|Osbpl11	Osbpl11	27	27	yes	ELAVL1;NOVA1;PTBP1	ELAVL1:3.87e-05;NOVA1:5.43e-05;PTBP1:7.93e-05	ELAVL1;HNRNPA1;MBNL1;NOVA1;PTBP1;SRSF1;ZFP36
E0181	288	ENSMUST00000044844.8|ENSMUSG00000034854|Mfsd12	Mfsd12	144	144	yes	ELAVL1;HNRNPA2B1;NOVA1;NOVA2;PTBP1;TARDBP	ELAVL1:2.96e-05;HNRNPA2B1:4.90e-06;NOVA1:2.96e-05;NOVA2:1.27e-05;PTBP1:3.63e-06;TARDBP:7.15e-06	ELAVL1;FUS;HNRNPA1;HNRNPA2B1;MBNL1;NOVA1;NOVA2;PTBP1;SRSF1;TARDBP;ZFP36
E0182	2890	ENSMUST00000096057.4|ENSMUSG00000022658|Tagln3	Tagln3	31	31	yes	ELAVL1;PTBP1	ELAVL1:1.83e-07;PTBP1:7.93e-05	ELAVL1;HNRNPA1;PTBP1;SRSF1;ZFP36
E0183	2893	ENSMUST00000059524.6|ENSMUSG00000048087|Gm4737	Gm4737	36	36	yes	ELAVL1;PTBP1	ELAVL1:2.01e-05;PTBP1:1.47e-05	ELAVL1;HNRNPA1;PTBP1;SRSF1;ZFP36
E0184	2903	ENSMUST00000050248.8|ENSMUSG00000022601|Zbtb11	Zbtb11	47	47	yes	ELAVL1;NOVA1;PTBP1;TARDBP	ELAVL1:3.80e-06;NOVA1:5.43e-05;PTBP1:1.79e-05;TARDBP:9.40e-05	ELAVL1;HNRNPA1;KHDRBS1;NOVA1;PABPN1;PTBP1;SRSF1;TARDBP;ZFP36
E0185	291	ENSMUST00000072751.12|ENSMUSG00000078440|Dohh	Dohh	11	11	yes	PTBP1;TARDBP	PTBP1:7.14e-05;TARDBP:5.04e-05	HNRNPA1;MBNL1;PTBP1;SRSF1;TARDBP
E0186	2921	ENSMUST00000023629.8|ENSMUSG00000022912|Pros1	Pros1	11	11	yes	HNRNPA2B1;NOVA2	HNRNPA2B1:4.75e-05;NOVA2:3.56e-05	HNRNPA2B1;NOVA2;SRSF1
E0187	2926	ENSMUST00000231259.1|ENSMUSG00000004843|Chmp2b	Chmp2b	24	24	yes	ELAVL1;PTBP1	ELAVL1:9.66e-05;PTBP1:1.01e-05	ELAVL1;KHDRBS1;PABPN1;PTBP1;SRSF1;ZFP36
E0188	2928	ENSMUST00000114292.7|ENSMUSG00000064115|Cadm2	Cadm2	541	541	yes	ELAVL1;HNRNPA2B1;NOVA1;NOVA2;PTBP1;QKI;TARDBP	ELAVL1:1.83e-07;HNRNPA2B1:9.75e-05;NOVA1:2.99e-05;NOVA2:5.35e-05;PTBP1:1.11e-06;QKI:3.39e-06;TARDBP:5.62e-08	ELAVL1;HNRNPA1;HNRNPA2B1;MBNL1;NOVA1;NOVA2;PABPN1;PTBP1;QKI;SRSF1;TARDBP;ZFP36
E0189	293	ENSMUST00000125635.1|ENSMUSG00000114004|Gm48552	Gm48552	2	2	yes	NOVA1	NOVA1:5.35e-05	NOVA1;SRSF1
E0190	2953	ENSMUST00000056882.6|ENSMUSG00000046160|Olig1	Olig1	7	7	yes	HNRNPA2B1;PTBP1	HNRNPA2B1:1.98e-05;PTBP1:9.66e-05	HNRNPA2B1;MBNL1;PTBP1;SRSF1
E0191	297	ENSMUST00000020463.13|ENSMUSG00000020238|Ncln	Ncln	30	30	yes	HNRNPA2B1;PTBP1	HNRNPA2B1:8.25e-06;PTBP1:1.21e-05	HNRNPA1;HNRNPA2B1;KHDRBS1;MBNL1;PTBP1;SRSF1
E0192	2971	ENSMUST00000143145.7|ENSMUSG00000040785|Ttc3	Ttc3	3466	3466	yes	ELAVL1;HNRNPA2B1;NOVA1;NOVA2;PTBP1;QKI;TARDBP	ELAVL1:1.83e-07;HNRNPA2B1:1.11e-06;NOVA1:2.82e-06;NOVA2:1.09e-05;PTBP1:3.04e-07;QKI:8.56e-07;TARDBP:5.62e-08	ELAVL1;FUS;HNRNPA1;HNRNPA2B1;KHDRBS1;MBNL1;NOVA1;NOVA2;PABPN1;PTBP1;QKI;SRSF1;TARDBP;ZFP36
E0193	2986	ENSMUST00000076734.7|ENSMUSG00000046201|Scaf8	Scaf8	21	21	yes	ELAVL1;PTBP1;QKI;TARDBP	ELAVL1:9.66e-05;PTBP1:9.66e-05;QKI:3.50e-05;TARDBP:1.29e-05	ELAVL1;PTBP1;QKI;SRSF1;TARDBP
E0194	2997	ENSMUST00000179569.2|ENSMUSG00000096255|Dynlt1b	Dynlt1b	5	5	yes	NOVA1;PTBP1;QKI	NOVA1:5.35e-05;PTBP1:2.85e-05;QKI:4.24e-05	NOVA1;PABPN1;PTBP1;QKI;SRSF1
E0195	2999	ENSMUST00000179554.2|ENSMUSG00000095677|Dynlt1f	Dynlt1f	5	5	yes	PTBP1;QKI	PTBP1:2.85e-05;QKI:4.24e-05	PABPN1;PTBP1;QKI;SRSF1;ZFP36
E0196	300	ENSMUST00000002518.8|ENSMUSG00000054452|Tle5	Tle5	25	25	yes	ELAVL1;NOVA2;PTBP1	ELAVL1:7.93e-05;NOVA2:2.51e-05;PTBP1:1.47e-05	ELAVL1;HNRNPA1;NOVA2;PTBP1;SRSF1
E0197	3000	ENSMUST00000064234.6|ENSMUSG00000052397|Ezr	Ezr	43	43	yes	ELAVL1;HNRNPA2B1;NOVA1;NOVA2;PTBP1;QKI;TARDBP	ELAVL1:2.96e-05;HNRNPA2B1:6.07e-05;NOVA1:2.96e-05;NOVA2:2.96e-05;PTBP1:1.47e-05;QKI:2.85e-05;TARDBP:5.30e-05	ELAVL1;FUS;HNRNPA1;HNRNPA2B1;KHDRBS1;MBNL1;NOVA1;NOVA2;PTBP1;QKI;SRSF1;TARDBP;ZFP36
E0198	3012	ENSMUST00000155364.7|ENSMUSG00000023861|Mpc1	Mpc1	4	4	yes	PTBP1	PTBP1:9.66e-05	PTBP1;SRSF1;ZFP36
E0199	3021	ENSMUST00000079121.3|ENSMUSG00000057388|Mrpl18	Mrpl18	18	18	yes	NOVA1;TARDBP	NOVA1:1.47e-05;TARDBP:1.47e-05	NOVA1;SRSF1;TARDBP
E0200	3031	ENSMUST00000168938.2|ENSMUSG00000023883|Phf10	Phf10	239	239	yes	ELAVL1;HNRNPA2B1;NOVA1;NOVA2;PTBP1;QKI;TARDBP	ELAVL1:8.86e-06;HNRNPA2B1:5.03e-06;NOVA1:1.47e-05;NOVA2:2.95e-05;PTBP1:3.63e-06;QKI:2.85e-05;TARDBP:7.15e-06	ELAVL1;HNRNPA1;HNRNPA2B1;KHDRBS1;MBNL1;NOVA1;NOVA2;PTBP1;QKI;SRSF1;TARDBP;ZFP36
E0201	3063	ENSMUST00000024932.11|ENSMUSG00000024121|Atp6v0c	Atp6v0c	21	21	yes	ELAVL1;HNRNPA2B1;NOVA1;PTBP1;TARDBP	ELAVL1:9.05e-05;HNRNPA2B1:8.37e-05;NOVA1:5.35e-05;PTBP1:3.39e-05;TARDBP:9.40e-05	ELAVL1;HNRNPA1;HNRNPA2B1;KHDRBS1;NOVA1;PTBP1;SRSF1;TARDBP;ZFP36
E0202	3067	ENSMUST00000088512.12|ENSMUSG00000034681|Rnps1	Rnps1	6	6	yes	ELAVL1	ELAVL1:9.66e-05	ELAVL1;KHDRBS1;SRSF1
E0203	3071	ENSMUST00000234941.1|ENSMUSG00000024142|Mlst8	Mlst8	94	94	yes	ELAVL1;HNRNPA2B1;NOVA2;PTBP1;QKI;TARDBP	ELAVL1:9.66e-05;HNRNPA2B1:1.68e-07;NOVA2:7.19e-05;PTBP1:1.47e-05;QKI:7.24e-05;TARDBP:1.75e-05	ELAVL1;HNRNPA1;HNRNPA2B1;KHDRBS1;MBNL1;NOVA2;PTBP1;QKI;SRSF1;TARDBP
E0204	3078	ENSMUST00000007236.4|ENSMUSG00000007021|Syngr3	Syngr3	8	8	yes	ELAVL1;NOVA2;TARDBP	ELAVL1:7.93e-05;NOVA2:5.35e-05;TARDBP:3.58e-05	ELAVL1;KHDRBS1;NOVA2;SRSF1;TARDBP
E0205	3087	ENSMUST00000024984.6|ENSMUSG00000024168|Tmem204	Tmem204	8	8	yes	PTBP1;TARDBP	PTBP1:3.71e-05;TARDBP:5.04e-05	HNRNPA1;PTBP1;SRSF1;TARDBP
E0206	3096	ENSMUST00000237183.1|ENSMUSG00000041199|Rpusd1	Rpusd1	7	7	yes	HNRNPA2B1;NOVA1;NOVA2;TARDBP	HNRNPA2B1:1.98e-05;NOVA1:9.54e-05;NOVA2:5.35e-05;TARDBP:8.29e-05	HNRNPA1;HNRNPA2B1;MBNL1;NOVA1;NOVA2;SRSF1;TARDBP
E0207	3103	ENSMUST00000176751.1|ENSMUSG00000093593|Gm20683	Gm20683	358	358	yes	ELAVL1;HNRNPA2B1;NOVA1;NOVA2;PTBP1;QKI;TARDBP	ELAVL1:2.96e-05;HNRNPA2B1:4.90e-06;NOVA1:1.34e-05;NOVA2:1.32e-05;PTBP1:8.37e-06;QKI:5.30e-05;TARDBP:4.38e-06	ELAVL1;FUS;HNRNPA1;HNRNPA2B1;MBNL1;NOVA1;NOVA2;PTBP1;QKI;SRSF1;TARDBP;ZFP36
E0208	3112	ENSMUST00000236967.1|ENSMUSG00000024177|Nme4	Nme4	6	6	no			HNRNPA1;SRSF1
E0209	3118	ENSMUST00000025025.6|ENSMUSG00000024190|Dusp1	Dusp1	28	28	yes	ELAVL1;PTBP1	ELAVL1:3.80e-06;PTBP1:7.93e-05	ELAVL1;PABPN1;PTBP1;SRSF1;ZFP36
E0210	3126	ENSMUST00000055117.8|ENSMUSG00000044857|Lemd2	Lemd2	28	28	yes	HNRNPA2B1;PTBP1;TARDBP	HNRNPA2B1:5.35e-05;PTBP1:4.94e-05;TARDBP:1.05e-05	HNRNPA1;HNRNPA2B1;MBNL1;PABPN1;PTBP1;SRSF1;TARDBP;ZFP36
E0211	3170	ENSMUST00000054174.8|ENSMUSG00000024292|Cyp4f14	Cyp4f14	10	10	yes	PTBP1	PTBP1:1.79e-05	PTBP1;SRSF1
E0212	3176	ENSMUST00000099414.4|ENSMUSG00000096910|Zfp955b	Zfp955b	158	158	yes	ELAVL1;HNRNPA2B1;NOVA1;NOVA2;PTBP1;QKI;TARDBP	ELAVL1:1.83e-07;HNRNPA2B1:7.51e-06;NOVA1:2.54e-05;NOVA2:5.35e-05;PTBP1:2.18e-06;QKI:7.93e-05;TARDBP:1.79e-05	ELAVL1;HNRNPA1;HNRNPA2B1;KHDRBS1;MBNL1;NOVA1;NOVA2;PABPN1;PTBP1;QKI;SRSF1;TARDBP;ZFP36
E0213	3193	ENSMUST00000237759.1|ENSMUSG00000073422|H2-Ke6	H2-Ke6	15	15	yes	NOVA2;PTBP1	NOVA2:3.32e-05;PTBP1:1.47e-05	NOVA2;PTBP1;SRSF1
E0214	3215	ENSMUST00000173063.7|ENSMUSG00000040482|Dxo	Dxo	138	138	yes	ELAVL1;HNRNPA2B1;NOVA1;NOVA2;PTBP1	ELAVL1:2.96e-05;HNRNPA2B1:7.17e-05;NOVA1:2.96e-05;NOVA2:2.96e-05;PTBP1:8.37e-06	ELAVL1;FUS;HNRNPA1;HNRNPA2B1;MBNL1;NOVA1;NOVA2;PABPN1;PTBP1;SRSF1
E0215	3221	ENSMUST00000007253.5|ENSMUSG00000007038|Neu1	Neu1	106	106	yes	ELAVL1;NOVA1;NOVA2;PTBP1;QKI	ELAVL1:2.96e-05;NOVA1:2.96e-05;NOVA2:1.94e-05;PTBP1:1.47e-05;QKI:7.24e-05	ELAVL1;FUS;HNRNPA1;MBNL1;NOVA1;NOVA2;PTBP1;QKI;SRSF1;ZFP36
E0216	3223	ENSMUST00000087328.3|ENSMUSG00000091971|Hspa1a	Hspa1a	16	16	yes	ELAVL1;NOVA2;QKI;TARDBP	ELAVL1:9.66e-05;NOVA2:3.15e-05;QKI:7.93e-05;TARDBP:6.51e-05	ELAVL1;HNRNPA1;MBNL1;NOVA2;QKI;SRSF1;TARDBP;ZFP36
E0217	3225	ENSMUST00000007257.9|ENSMUSG00000007041|Clic1	Clic1	3	3	no			HNRNPA1;SRSF1
E0218	3226	ENSMUST00000174493.7|ENSMUSG00000007039|Ddah2	Ddah2	4	4	yes	PTBP1	PTBP1:9.66e-05	PTBP1;SRSF1
E0219	3231	ENSMUST00000068261.8|ENSMUSG00000024403|Atp6v1g2	Atp6v1g2	12	12	yes	ELAVL1;NOVA1;PTBP1	ELAVL1:9.66e-05;NOVA1:9.54e-05;PTBP1:1.70e-05	ELAVL1;MBNL1;NOVA1;PTBP1;SRSF1;ZFP36
E0220	3233	ENSMUST00000172785.7|ENSMUSG00000073411|H2-D1	H2-D1	22	22	yes	ELAVL1;NOVA2;TARDBP	ELAVL1:8.86e-06;NOVA2:9.53e-05;TARDBP:6.41e-05	ELAVL1;HNRNPA1;NOVA2;SRSF1;TARDBP;ZFP36
E0221	3248	ENSMUST00000087211.8|ENSMUSG00000039220|Ppp1r10	Ppp1r10	22	22	yes	ELAVL1;HNRNPA2B1;PTBP1	ELAVL1:7.93e-05;HNRNPA2B1:1.98e-05;PTBP1:1.47e-05	ELAVL1;HNRNPA2B1;MBNL1;PTBP1;SRSF1
E0222	3250	ENSMUST00000087200.3|ENSMUSG00000024429|Gnl1	Gnl1	3	3	yes	ELAVL1;TARDBP	ELAVL1:9.05e-05;TARDBP:8.37e-06	ELAVL1;SRSF1;TARDBP
E0223	3256	ENSMUST00000040402.13|ENSMUSG00000036398|Ppp1r11	Ppp1r11	39	39	yes	ELAVL1;HNRNPA2B1;NOVA2;PTBP1;TARDBP	ELAVL1:8.86e-06;HNRNPA2B1:1.27e-06;NOVA2:1.94e-05;PTBP1:3.71e-05;TARDBP:1.79e-05	ELAVL1;HNRNPA1;HNRNPA2B1;KHDRBS1;MBNL1;NOVA2;PTBP1;SRSF1;TARDBP;ZFP36
E0224	3281	ENSMUST00000024747.13|ENSMUSG00000023951|Vegfa	Vegfa	167	167	yes	ELAVL1;NOVA1;PTBP1;TARDBP	ELAVL1:3.80e-06;NOVA1:5.35e-05;PTBP1:1.70e-05;TARDBP:5.62e-08	ELAVL1;HNRNPA1;MBNL1;NOVA1;PTBP1;SRSF1;TARDBP;ZFP36
E0225	329	ENSMUST00000020238.13|ENSMUSG00000020048|Hsp90b1	Hsp90b1	8	8	yes	ELAVL1	ELAVL1:2.01e-05	ELAVL1;SRSF1;ZFP36
E0226	3295	ENSMUST00000071841.6|ENSMUSG00000063576|Klhdc3	Klhdc3	8	8	yes	PTBP1	PTBP1:1.47e-05	PTBP1;SRSF1
E0227	3297	ENSMUST00000002839.8|ENSMUSG00000059409|Ppp2r5d	Ppp2r5d	24	24	yes	ELAVL1;NOVA2;PTBP1	ELAVL1:9.66e-05;NOVA2:2.87e-05;PTBP1:9.76e-06	ELAVL1;HNRNPA1;MBNL1;NOVA2;PTBP1;SRSF1
E0228	3298	ENSMUST00000002840.8|ENSMUSG00000002763|Pex6	Pex6	8	8	yes	PTBP1	PTBP1:8.11e-05	HNRNPA1;PTBP1;SRSF1
E0229	3303	ENSMUST00000119945.7|ENSMUSG00000034729|Mrps10	Mrps10	18	18	yes	ELAVL1;NOVA1;PTBP1	ELAVL1:3.80e-06;NOVA1:1.34e-05;PTBP1:9.66e-05	ELAVL1;HNRNPA1;NOVA1;PTBP1;SRSF1;ZFP36
E0230	3304	ENSMUST00000037333.16|ENSMUSG00000034165|Ccnd3	Ccnd3	29	29	yes	ELAVL1;HNRNPA2B1;NOVA2;PTBP1	ELAVL1:3.87e-05;HNRNPA2B1:2.99e-05;NOVA2:7.68e-05;PTBP1:7.86e-05	ELAVL1;HNRNPA1;HNRNPA2B1;NOVA2;PTBP1;SRSF1
E0231	3306	ENSMUST00000024778.2|ENSMUSG00000092558|Med20	Med20	13	13	yes	ELAVL1;PTBP1;QKI;TARDBP	ELAVL1:9.05e-05;PTBP1:1.47e-05;QKI:7.93e-05;TARDBP:6.51e-05	ELAVL1;HNRNPA1;PTBP1;QKI;SRSF1;TARDBP
E0232	3310	ENSMUST00000086932.9|ENSMUSG00000023990|Tfeb	Tfeb	19	19	yes	NOVA2;PTBP1	NOVA2:5.91e-05;PTBP1:6.67e-06	HNRNPA1;NOVA2;PTBP1;SRSF1
E0233	3326	ENSMUST00000003268.10|ENSMUSG00000003200|Sh3gl1	Sh3gl1	9	9	yes	PTBP1;TARDBP	PTBP1:1.79e-05;TARDBP:9.40e-05	PTBP1;SRSF1;TARDBP;ZFP36
E0234	3331	ENSMUST00000077788.6|ENSMUSG00000044469|Tnfaip8l1	Tnfaip8l1	48	48	yes	ELAVL1;HNRNPA2B1;NOVA2;PTBP1	ELAVL1:1.27e-05;HNRNPA2B1:5.93e-05;NOVA2:1.02e-05;PTBP1:1.11e-06	ELAVL1;HNRNPA1;HNRNPA2B1;KHDRBS1;MBNL1;NOVA2;PTBP1;SRSF1;ZFP36
E0235	3348	ENSMUST00000007814.9|ENSMUSG00000007670|Khsrp	Khsrp	71	71	yes	ELAVL1;HNRNPA2B1;NOVA1;NOVA2;PTBP1	ELAVL1:6.00e-06;HNRNPA2B1:2.76e-05;NOVA1:5.35e-05;NOVA2:2.14e-06;PTBP1:1.20e-05	ELAVL1;HNRNPA1;HNRNPA2B1;KHDRBS1;MBNL1;NOVA1;NOVA2;PTBP1;SRSF1;ZFP36
E0236	3376	ENSMUST00000233357.1|ENSMUSG00000117098|Gm49909	Gm49909	0	0	no			
E0237	3411	ENSMUST00000025092.4|ENSMUSG00000024245|Tmem178	Tmem178	22	22	yes	HNRNPA2B1;PTBP1	HNRNPA2B1:7.65e-05;PTBP1:7.14e-06	HNRNPA1;HNRNPA2B1;PABPN1;PTBP1;SRSF1
E0238	3414	ENSMUST00000025095.8|ENSMUSG00000024248|Cox7a2l	Cox7a2l	14	14	yes	ELAVL1;PTBP1;QKI	ELAVL1:7.93e-05;PTBP1:5.47e-06;QKI:1.11e-05	ELAVL1;MBNL1;PTBP1;QKI;SRSF1
E0239	3428	ENSMUST00000024959.9|ENSMUSG00000024146|Cript	Cript	16	16	yes	HNRNPA2B1;NOVA1;PTBP1;TARDBP	HNRNPA2B1:7.13e-07;NOVA1:1.47e-05;PTBP1:3.12e-05;TARDBP:3.58e-05	HNRNPA1;HNRNPA2B1;MBNL1;NOVA1;PTBP1;SRSF1;TARDBP
E0240	3429	ENSMUST00000041369.7|ENSMUSG00000037104|Socs5	Socs5	47	47	yes	ELAVL1;HNRNPA2B1;PTBP1;QKI;TARDBP	ELAVL1:7.93e-05;HNRNPA2B1:2.99e-05;PTBP1:1.47e-05;QKI:4.73e-05;TARDBP:5.04e-05	ELAVL1;HNRNPA1;HNRNPA2B1;MBNL1;PTBP1;QKI;SRSF1;TARDBP
E0241	3436	ENSMUST00000038551.7|ENSMUSG00000034709|Ppp1r21	Ppp1r21	14	14	yes	PTBP1;TARDBP	PTBP1:1.21e-05;TARDBP:6.51e-05	HNRNPA1;KHDRBS1;PTBP1;SRSF1;TARDBP
E0242	3443	ENSMUST00000037029.6|ENSMUSG00000033960|Jcad	Jcad	105	105	yes	ELAVL1;HNRNPA2B1;NOVA1;PTBP1;TARDBP	ELAVL1:7.84e-05;HNRNPA2B1:5.35e-05;NOVA1:1.47e-05;PTBP1:4.03e-06;TARDBP:7.15e-06	ELAVL1;HNRNPA1;HNRNPA2B1;NOVA1;PTBP1;SRSF1;TARDBP;ZFP36
E0243	3469	ENSMUST00000025992.6|ENSMUSG00000036225|Kctd1	Kctd1	8	8	yes	ELAVL1;HNRNPA2B1;TARDBP	ELAVL1:9.66e-05;HNRNPA2B1:1.86e-05;TARDBP:9.40e-05	ELAVL1;HNRNPA2B1;KHDRBS1;MBNL1;TARDBP;ZFP36
E0244	3475	ENSMUST00000050004.2|ENSMUSG00000033107|Rnf125	Rnf125	11	11	yes	PTBP1	PTBP1:3.99e-05	PTBP1;SRSF1;ZFP36
E0245	3499	ENSMUST00000054984.7|ENSMUSG00000044982|Sft2d3	Sft2d3	25	25	yes	HNRNPA2B1;PTBP1;TARDBP	HNRNPA2B1:3.12e-06;PTBP1:9.66e-05;TARDBP:9.40e-05	HNRNPA1;HNRNPA2B1;MBNL1;PTBP1;SRSF1;TARDBP;ZFP36
E0246	3516	ENSMUST00000064795.5|ENSMUSG00000038418|Egr1	Egr1	48	48	yes	ELAVL1;HNRNPA2B1;PTBP1;QKI;TARDBP	ELAVL1:7.84e-05;HNRNPA2B1:7.65e-05;PTBP1:3.63e-06;QKI:6.39e-06;TARDBP:6.51e-05	ELAVL1;HNRNPA1;HNRNPA2B1;PTBP1;QKI;SRSF1;TARDBP
E0247	356	ENSMUST00000020217.6|ENSMUSG00000020029|Nudt4	Nudt4	91	91	yes	ELAVL1;HNRNPA2B1;NOVA1;NOVA2;PTBP1;TARDBP	ELAVL1:9.05e-05;HNRNPA2B1:1.20e-05;NOVA1:1.47e-05;NOVA2:6.23e-05;PTBP1:1.47e-05;TARDBP:3.58e-05	ELAVL1;HNRNPA1;HNRNPA2B1;KHDRBS1;MBNL1;NOVA1;NOVA2;PTBP1;SRSF1;TARDBP;ZFP36
E0248	3590	ENSMUST00000192103.1|ENSMUSG00000102918|Pcdhgc3	Pcdhgc3	2866	2866	yes	ELAVL1;HNRNPA2B1;NOVA1;NOVA2;PTBP1;QKI;TARDBP	ELAVL1:3.80e-06;HNRNPA2B1:1.11e-06;NOVA1:3.56e-06;NOVA2:5.02e-06;PTBP1:6.13e-07;QKI:2.16e-06;TARDBP:5.62e-08	ELAVL1;FUS;HNRNPA1;HNRNPA2B1;KHDRBS1;MBNL1;NOVA1;NOVA2;PABPN1;PTBP1;QKI;SRSF1;TARDBP;ZFP36
E0249	3597	ENSMUST00000237272.1|ENSMUSG00000024451|Arap3	Arap3	13	13	yes	PTBP1	PTBP1:1.47e-05	HNRNPA1;PTBP1;SRSF1
E0250	3623	ENSMUST00000025385.6|ENSMUSG00000024507|Hsd17b4	Hsd17b4	3	3	yes	ELAVL1;PTBP1	ELAVL1:9.05e-05;PTBP1:9.66e-05	ELAVL1;PTBP1
E0251	3632	ENSMUST00000069597.7|ENSMUSG00000073563|Csnk1g3	Csnk1g3	103	103	yes	ELAVL1;HNRNPA2B1;NOVA1;NOVA2;PTBP1;QKI;TARDBP	ELAVL1:6.00e-06;HNRNPA2B1:1.86e-05;NOVA1:5.35e-05;NOVA2:2.04e-05;PTBP1:9.76e-06;QKI:6.39e-06;TARDBP:3.13e-05	ELAVL1;HNRNPA1;HNRNPA2B1;KHDRBS1;MBNL1;NOVA1;NOVA2;PABPN1;PTBP1;QKI;SRSF1;TARDBP;ZFP36
E0252	3638	ENSMUST00000025488.14|ENSMUSG00000024592|C330018D20Rik	C330018D20Rik	43	43	yes	ELAVL1;HNRNPA2B1;PTBP1;QKI;TARDBP	ELAVL1:7.84e-05;HNRNPA2B1:1.86e-05;PTBP1:1.79e-05;QKI:1.93e-05;TARDBP:6.51e-05	ELAVL1;HNRNPA1;HNRNPA2B1;PTBP1;QKI;SRSF1;TARDBP;ZFP36
E0253	3651	ENSMUST00000025505.6|ENSMUSG00000024603|Dctn4	Dctn4	70	70	yes	ELAVL1;HNRNPA2B1;NOVA1;PTBP1;QKI;TARDBP	ELAVL1:7.93e-05;HNRNPA2B1:1.20e-05;NOVA1:3.36e-05;PTBP1:8.19e-06;QKI:3.83e-05;TARDBP:5.35e-05	ELAVL1;HNRNPA2B1;MBNL1;NOVA1;PTBP1;QKI;SRSF1;TARDBP;ZFP36
E0254	3664	ENSMUST00000165123.7|ENSMUSG00000024576|Csnk1a1	Csnk1a1	206	206	yes	ELAVL1;HNRNPA2B1;NOVA1;NOVA2;PTBP1;QKI;TARDBP	ELAVL1:3.80e-06;HNRNPA2B1:7.86e-05;NOVA1:2.96e-05;NOVA2:2.96e-05;PTBP1:2.52e-05;QKI:5.30e-05;TARDBP:5.62e-08	ELAVL1;FUS;HNRNPA1;HNRNPA2B1;KHDRBS1;MBNL1;NOVA1;NOVA2;PTBP1;QKI;SRSF1;TARDBP;ZFP36
E0255	367	ENSMUST00000220346.1|ENSMUSG00000019971|Cep290	Cep290	14	14	yes	ELAVL1;NOVA1;PTBP1;TARDBP	ELAVL1:2.01e-05;NOVA1:5.76e-05;PTBP1:7.93e-05;TARDBP:6.51e-05	ELAVL1;HNRNPA1;NOVA1;PTBP1;TARDBP;ZFP36
E0256	3689	ENSMUST00000045105.12|ENSMUSG00000024533|Spire1	Spire1	51	51	yes	ELAVL1;HNRNPA2B1;NOVA1;PTBP1;QKI;TARDBP	ELAVL1:7.84e-05;HNRNPA2B1:2.99e-05;NOVA1:1.34e-05;PTBP1:1.79e-05;QKI:7.93e-05;TARDBP:5.04e-05	ELAVL1;HNRNPA1;HNRNPA2B1;KHDRBS1;MBNL1;NOVA1;PTBP1;QKI;SRSF1;TARDBP;ZFP36
E0257	3692	ENSMUST00000025421.8|ENSMUSG00000079614|Seh1l	Seh1l	115	115	yes	ELAVL1;HNRNPA2B1;NOVA1;NOVA2;PTBP1;QKI;TARDBP	ELAVL1:2.96e-05;HNRNPA2B1:4.43e-05;NOVA1:2.54e-05;NOVA2:2.96e-05;PTBP1:1.21e-05;QKI:2.85e-05;TARDBP:5.35e-05	ELAVL1;FUS;HNRNPA1;HNRNPA2B1;KHDRBS1;MBNL1;NOVA1;NOVA2;PTBP1;QKI;SRSF1;TARDBP;ZFP36
E0258	3695	ENSMUST00000009679.10|ENSMUSG00000009535|Rnmt	Rnmt	106	106	yes	ELAVL1;HNRNPA2B1;PTBP1;QKI;TARDBP	ELAVL1:9.05e-05;HNRNPA2B1:3.12e-06;PTBP1:3.80e-06;QKI:5.95e-05;TARDBP:5.30e-05	ELAVL1;HNRNPA1;HNRNPA2B1;MBNL1;PABPN1;PTBP1;QKI;SRSF1;TARDBP;ZFP36
E0259	3709	ENSMUST00000041053.10|ENSMUSG00000036880|Acaa2	Acaa2	3	3	yes	ELAVL1;PTBP1	ELAVL1:3.87e-05;PTBP1:7.93e-05	ELAVL1;PTBP1;SRSF1
E0260	3710	ENSMUST00000237263.1|ENSMUSG00000036299|BC031181	BC031181	13	13	yes	ELAVL1;PTBP1	ELAVL1:7.93e-05;PTBP1:1.47e-05	ELAVL1;MBNL1;PTBP1;SRSF1
E0261	3723	ENSMUST00000156400.8|ENSMUSG00000024571|Gm16286	Gm16286	28	28	yes	ELAVL1;PTBP1	ELAVL1:3.87e-05;PTBP1:2.02e-05	ELAVL1;HNRNPA1;PTBP1;SRSF1;ZFP36
E0262	373	ENSMUST00000032719.14|ENSMUSG00000020181|Nav3	Nav3	72	72	yes	ELAVL1;HNRNPA2B1;NOVA1;PTBP1;TARDBP	ELAVL1:8.86e-06;HNRNPA2B1:2.99e-05;NOVA1:1.47e-05;PTBP1:9.29e-06;TARDBP:3.13e-05	ELAVL1;HNRNPA1;HNRNPA2B1;KHDRBS1;MBNL1;NOVA1;PTBP1;SRSF1;TARDBP;ZFP36
E0263	3735	ENSMUST00000070116.11|ENSMUSG00000056153|Socs6	Socs6	178	178	yes	ELAVL1;HNRNPA2B1;NOVA1;PTBP1;QKI;TARDBP	ELAVL1:6.00e-06;HNRNPA2B1:5.93e-05;NOVA1:2.82e-06;PTBP1:1.47e-05;QKI:1.11e-05;TARDBP:5.62e-08	ELAVL1;HNRNPA1;HNRNPA2B1;KHDRBS1;NOVA1;PABPN1;PTBP1;QKI;SRSF1;TARDBP;ZFP36
E0264	3738	ENSMUST00000025835.5|ENSMUSG00000024900|Cpt1a	Cpt1a	25	25	yes	ELAVL1;PTBP1	ELAVL1:7.84e-05;PTBP1:1.47e-05	ELAVL1;MBNL1;PTBP1;SRSF1;ZFP36
E0265	3741	ENSMUST00000039048.1|ENSMUSG00000035372|1810055G02Rik	1810055G02Rik	4	4	yes	ELAVL1	ELAVL1:7.84e-05	ELAVL1;HNRNPA1;ZFP36
E0266	3752	ENSMUST00000046094.5|ENSMUSG00000040385|Ppp1ca	Ppp1ca	7	7	yes	ELAVL1;HNRNPA2B1;PTBP1	ELAVL1:9.05e-05;HNRNPA2B1:1.30e-05;PTBP1:5.70e-05	ELAVL1;HNRNPA2B1;MBNL1;PTBP1;SRSF1;ZFP36
E0267	3761	ENSMUST00000068004.12|ENSMUSG00000024892|Pcx	Pcx	18	18	yes	PTBP1;TARDBP	PTBP1:3.12e-05;TARDBP:8.29e-05	HNRNPA1;KHDRBS1;PTBP1;SRSF1;TARDBP
E0268	3764	ENSMUST00000008991.7|ENSMUSG00000067889|Sptbn2	Sptbn2	11	11	yes	PTBP1;TARDBP	PTBP1:5.30e-05;TARDBP:6.51e-05	MBNL1;PTBP1;SRSF1;TARDBP
E0269	3784	ENSMUST00000025774.10|ENSMUSG00000024853|Sf3b2	Sf3b2	36	36	yes	PTBP1;TARDBP	PTBP1:2.37e-05;TARDBP:5.62e-08	HNRNPA1;PTBP1;SRSF1;TARDBP
E0270	379	ENSMUST00000163048.7|ENSMUSG00000063334|Krr1	Krr1	92	92	yes	ELAVL1;HNRNPA2B1;NOVA1;PTBP1;QKI;TARDBP	ELAVL1:7.84e-05;HNRNPA2B1:4.43e-05;NOVA1:2.54e-05;PTBP1:3.80e-06;QKI:3.39e-06;TARDBP:5.35e-05	ELAVL1;HNRNPA1;HNRNPA2B1;MBNL1;NOVA1;PABPN1;PTBP1;QKI;SRSF1;TARDBP;ZFP36
E0271	380	ENSMUST00000099276.3|ENSMUSG00000074748|Atxn7l3b	Atxn7l3b	86	86	yes	ELAVL1;HNRNPA2B1;PTBP1;QKI;TARDBP	ELAVL1:9.66e-05;HNRNPA2B1:4.86e-07;PTBP1:1.47e-05;QKI:3.75e-05;TARDBP:1.29e-05	ELAVL1;HNRNPA1;HNRNPA2B1;KHDRBS1;MBNL1;PTBP1;QKI;SRSF1;TARDBP;ZFP36
E0272	3801	ENSMUST00000116558.2|ENSMUSG00000024939|Fam89b	Fam89b	16	16	yes	ELAVL1;HNRNPA2B1;PTBP1	ELAVL1:6.00e-06;HNRNPA2B1:4.43e-05;PTBP1:2.13e-05	ELAVL1;HNRNPA1;HNRNPA2B1;MBNL1;PTBP1;SRSF1;ZFP36
E0273	3816	ENSMUST00000025695.9|ENSMUSG00000024777|Ppp2r5b	Ppp2r5b	28	28	yes	ELAVL1;NOVA2;PTBP1	ELAVL1:8.86e-06;NOVA2:1.27e-05;PTBP1:3.63e-06	ELAVL1;HNRNPA1;NOVA2;PTBP1;SRSF1;ZFP36
E0274	3818	ENSMUST00000025684.3|ENSMUSG00000024772|Ehd1	Ehd1	99	99	yes	ELAVL1;HNRNPA2B1;NOVA1;NOVA2;PTBP1;QKI;TARDBP	ELAVL1:2.96e-05;HNRNPA2B1:4.43e-05;NOVA1:2.96e-05;NOVA2:1.27e-05;PTBP1:9.76e-06;QKI:7.24e-05;TARDBP:8.29e-05	ELAVL1;FUS;HNRNPA1;HNRNPA2B1;MBNL1;NOVA1;NOVA2;PABPN1;PTBP1;QKI;SRSF1;TARDBP
E0275	3835	ENSMUST00000025918.8|ENSMUSG00000024966|Stip1	Stip1	19	19	yes	PTBP1;QKI	PTBP1:1.79e-05;QKI:5.30e-05	HNRNPA1;PTBP1;QKI;SRSF1
E0276	3839	ENSMUST00000025924.3|ENSMUSG00000024970|Spindoc	Spindoc	53	53	yes	ELAVL1;HNRNPA2B1;PTBP1;TARDBP	ELAVL1:9.05e-05;HNRNPA2B1:5.35e-05;PTBP1:9.29e-06;TARDBP:6.51e-05	ELAVL1;HNRNPA1;HNRNPA2B1;KHDRBS1;MBNL1;PTBP1;SRSF1;TARDBP
E0277	3859	ENSMUST00000096246.4|ENSMUSG00000071650|Ganab	Ganab	35	35	yes	ELAVL1;HNRNPA2B1;NOVA2;PTBP1	ELAVL1:9.66e-05;HNRNPA2B1:4.75e-05;NOVA2:8.72e-05;PTBP1:9.29e-06	ELAVL1;HNRNPA1;HNRNPA2B1;NOVA2;PABPN1;PTBP1;SRSF1;ZFP36
E0278	388	ENSMUST00000068233.10|ENSMUSG00000054934|Kcnmb4	Kcnmb4	7	7	yes	NOVA2;PTBP1;QKI	NOVA2:7.13e-06;PTBP1:9.66e-05;QKI:3.75e-05	NOVA2;PTBP1;QKI;SRSF1;ZFP36
E0279	3891	ENSMUST00000025590.10|ENSMUSG00000024687|Osbp	Osbp	68	68	yes	ELAVL1;HNRNPA2B1;PTBP1;QKI;TARDBP	ELAVL1:7.93e-05;HNRNPA2B1:3.12e-06;PTBP1:1.21e-05;QKI:7.93e-05;TARDBP:6.51e-05	ELAVL1;HNRNPA1;HNRNPA2B1;MBNL1;PTBP1;QKI;SRSF1;TARDBP;ZFP36
E0280	3941	ENSMUST00000066039.7|ENSMUSG00000053536|Cstf2t	Cstf2t	21	21	yes	ELAVL1;PTBP1	ELAVL1:2.01e-05;PTBP1:1.47e-05	ELAVL1;HNRNPA1;PTBP1;SRSF1;ZFP36
E0281	3958	ENSMUST00000036584.12|ENSMUSG00000033610|Pank1	Pank1	386	386	yes	ELAVL1;HNRNPA2B1;NOVA1;NOVA2;PTBP1;QKI;TARDBP	ELAVL1:3.80e-06;HNRNPA2B1:5.35e-05;NOVA1:2.52e-06;NOVA2:2.96e-05;PTBP1:3.63e-06;QKI:9.54e-05;TARDBP:5.62e-08	ELAVL1;FUS;HNRNPA1;HNRNPA2B1;KHDRBS1;MBNL1;NOVA1;NOVA2;PTBP1;QKI;SRSF1;TARDBP;ZFP36
E0282	3959	ENSMUST00000025714.8|ENSMUSG00000024800|Rpp30	Rpp30	4	4	yes	ELAVL1;PTBP1;QKI	ELAVL1:7.84e-05;PTBP1:7.93e-05;QKI:7.93e-05	ELAVL1;PTBP1;QKI
E0283	3962	ENSMUST00000087321.3|ENSMUSG00000067279|Ppp1r3c	Ppp1r3c	55	55	yes	HNRNPA2B1;NOVA2;PTBP1	HNRNPA2B1:8.19e-07;NOVA2:5.35e-05;PTBP1:9.76e-06	HNRNPA1;HNRNPA2B1;KHDRBS1;MBNL1;NOVA2;PTBP1;SRSF1
E0284	3969	ENSMUST00000025944.8|ENSMUSG00000024986|Hhex	Hhex	12	12	yes	ELAVL1;HNRNPA2B1;QKI;TARDBP	ELAVL1:7.93e-05;HNRNPA2B1:5.35e-05;QKI:4.73e-05;TARDBP:6.51e-05	ELAVL1;HNRNPA1;HNRNPA2B1;QKI;SRSF1;TARDBP
E0285	3987	ENSMUST00000011896.7|ENSMUSG00000011752|Pgam1	Pgam1	5	5	yes	HNRNPA2B1;NOVA2	HNRNPA2B1:4.43e-05;NOVA2:5.34e-05	HNRNPA2B1;NOVA2;SRSF1
E0286	399	ENSMUST00000079041.6|ENSMUSG00000060181|Slc35e3	Slc35e3	55	55	yes	ELAVL1;HNRNPA2B1;NOVA1;PTBP1;QKI;TARDBP	ELAVL1:3.87e-05;HNRNPA2B1:5.99e-06;NOVA1:9.54e-05;PTBP1:1.20e-05;QKI:7.24e-05;TARDBP:1.75e-05	ELAVL1;HNRNPA1;HNRNPA2B1;NOVA1;PABPN1;PTBP1;QKI;SRSF1;TARDBP;ZFP36
E0287	3992	ENSMUST00000051772.9|ENSMUSG00000049670|Morn4	Morn4	7	7	yes	NOVA1;PTBP1	NOVA1:5.35e-05;PTBP1:1.47e-05	HNRNPA1;NOVA1;PTBP1;SRSF1;ZFP36
E0288	3996	ENSMUST00000122375.7|ENSMUSG00000042532|Golga7b	Golga7b	106	106	yes	ELAVL1;HNRNPA2B1;NOVA1;PTBP1;TARDBP	ELAVL1:3.87e-05;HNRNPA2B1:5.99e-06;NOVA1:1.34e-05;PTBP1:2.02e-05;TARDBP:5.62e-08	ELAVL1;HNRNPA1;HNRNPA2B1;MBNL1;NOVA1;PTBP1;SRSF1;TARDBP
E0289	4006	ENSMUST00000237630.1|ENSMUSG00000057506|Bloc1s2	Bloc1s2	18	18	yes	ELAVL1;PTBP1	ELAVL1:9.66e-05;PTBP1:4.03e-06	ELAVL1;HNRNPA1;MBNL1;PTBP1;SRSF1;ZFP36
E0290	4010	ENSMUST00000040455.4|ENSMUSG00000036450|Hif1an	Hif1an	203	203	yes	ELAVL1;HNRNPA2B1;NOVA1;NOVA2;PTBP1;QKI;TARDBP	ELAVL1:2.96e-05;HNRNPA2B1:1.86e-05;NOVA1:2.96e-05;NOVA2:1.00e-05;PTBP1:1.85e-06;QKI:9.18e-05;TARDBP:4.13e-05	ELAVL1;FUS;HNRNPA1;HNRNPA2B1;KHDRBS1;MBNL1;NOVA1;NOVA2;PTBP1;QKI;SRSF1;TARDBP
E0291	4015	ENSMUST00000111948.7|ENSMUSG00000025213|Kazald1	Kazald1	4	4	yes	PTBP1	PTBP1:7.14e-05	HNRNPA1;MBNL1;PTBP1;SRSF1
E0292	4018	ENSMUST00000160718.8|ENSMUSG00000040913|Fbxw4	Fbxw4	14	14	yes	ELAVL1;HNRNPA2B1;NOVA1;PTBP1	ELAVL1:9.05e-05;HNRNPA2B1:9.75e-05;NOVA1:9.54e-05;PTBP1:1.47e-05	ELAVL1;HNRNPA1;HNRNPA2B1;MBNL1;NOVA1;PTBP1;SRSF1;ZFP36
E0293	4022	ENSMUST00000156585.8|ENSMUSG00000025223|Ldb1	Ldb1	138	138	yes	ELAVL1;HNRNPA2B1;NOVA2;PTBP1;TARDBP	ELAVL1:9.05e-05;HNRNPA2B1:1.30e-05;NOVA2:5.35e-05;PTBP1:1.20e-05;TARDBP:4.38e-06	ELAVL1;HNRNPA1;HNRNPA2B1;KHDRBS1;MBNL1;NOVA2;PTBP1;SRSF1;TARDBP;ZFP36
E0294	4029	ENSMUST00000039922.12|ENSMUSG00000025231|Sufu	Sufu	200	200	yes	ELAVL1;HNRNPA2B1;NOVA1;NOVA2;PTBP1;QKI;TARDBP	ELAVL1:2.96e-05;HNRNPA2B1:1.86e-05;NOVA1:2.96e-05;NOVA2:2.96e-05;PTBP1:1.83e-06;QKI:5.30e-05;TARDBP:5.04e-05	ELAVL1;FUS;HNRNPA1;HNRNPA2B1;MBNL1;NOVA1;NOVA2;PABPN1;PTBP1;QKI;SRSF1;TARDBP
E0295	4036	ENSMUST00000037636.3|ENSMUSG00000034336|Ina	Ina	107	107	yes	ELAVL1;HNRNPA2B1;PTBP1	ELAVL1:1.83e-07;HNRNPA2B1:7.65e-05;PTBP1:9.29e-06	ELAVL1;HNRNPA1;HNRNPA2B1;KHDRBS1;MBNL1;PTBP1;SRSF1;ZFP36
E0296	4042	ENSMUST00000099353.5|ENSMUSG00000025066|Sfr1	Sfr1	9	9	yes	ELAVL1;NOVA1	ELAVL1:3.87e-05;NOVA1:5.58e-05	ELAVL1;HNRNPA1;KHDRBS1;NOVA1;SRSF1
E0297	4050	ENSMUST00000095978.4|ENSMUSG00000071497|Nutf2-ps1	Nutf2-ps1	19	19	yes	ELAVL1;NOVA2	ELAVL1:7.84e-05;NOVA2:5.35e-05	ELAVL1;HNRNPA1;NOVA2;SRSF1
E0298	4071	ENSMUST00000099274.3|ENSMUSG00000074746|Pdzd8	Pdzd8	41	41	yes	ELAVL1;HNRNPA2B1;PTBP1;QKI;TARDBP	ELAVL1:7.93e-05;HNRNPA2B1:8.37e-05;PTBP1:7.01e-05;QKI:1.34e-05;TARDBP:6.51e-05	ELAVL1;HNRNPA1;HNRNPA2B1;KHDRBS1;PTBP1;QKI;SRSF1;TARDBP;ZFP36
E0299	4085	ENSMUST00000155020.1|ENSMUSG00000104217|Gm37988	Gm37988	2606	2606	yes	ELAVL1;HNRNPA2B1;NOVA1;NOVA2;PTBP1;QKI;TARDBP	ELAVL1:1.83e-07;HNRNPA2B1:1.11e-06;NOVA1:3.56e-06;NOVA2:2.21e-06;PTBP1:9.09e-07;QKI:2.54e-05;TARDBP:5.62e-08	ELAVL1;FUS;HNRNPA1;HNRNPA2B1;KHDRBS1;MBNL1;NOVA1;NOVA2;PABPN1;PTBP1;QKI;SRSF1;TARDBP;ZFP36
E0300	4088	ENSMUST00000044369.12|ENSMUSG00000033793|Atp6v1h	Atp6v1h	6	6	yes	ELAVL1;PTBP1;QKI	ELAVL1:7.84e-05;PTBP1:7.93e-05;QKI:6.57e-05	ELAVL1;KHDRBS1;PTBP1;QKI;SRSF1
E0301	4098	ENSMUST00000027066.12|ENSMUSG00000025932|Eya1	Eya1	152	152	yes	ELAVL1;HNRNPA2B1;NOVA2;PTBP1;QKI;TARDBP	ELAVL1:6.00e-06;HNRNPA2B1:4.43e-05;NOVA2:7.21e-05;PTBP1:7.40e-05;QKI:1.51e-05;TARDBP:5.62e-08	ELAVL1;HNRNPA1;HNRNPA2B1;KHDRBS1;MBNL1;NOVA2;PTBP1;QKI;SRSF1;TARDBP;ZFP36
E0302	4103	ENSMUST00000188641.6|ENSMUSG00000079658|Eloc	Eloc	20	20	yes	ELAVL1;HNRNPA2B1;PTBP1;QKI;TARDBP	ELAVL1:7.84e-05;HNRNPA2B1:1.86e-05;PTBP1:3.70e-05;QKI:2.92e-05;TARDBP:1.79e-05	ELAVL1;HNRNPA1;HNRNPA2B1;PABPN1;PTBP1;QKI;SRSF1;TARDBP
E0303	4159	ENSMUST00000095014.7|ENSMUSG00000070939|Tgfbrap1	Tgfbrap1	56	56	yes	ELAVL1;HNRNPA2B1;NOVA1;PTBP1;TARDBP	ELAVL1:9.05e-05;HNRNPA2B1:4.19e-05;NOVA1:5.35e-05;PTBP1:1.21e-05;TARDBP:5.35e-05	ELAVL1;HNRNPA1;HNRNPA2B1;MBNL1;NOVA1;PTBP1;SRSF1;TARDBP
E0304	4161	ENSMUST00000008280.13|ENSMUSG00000008136|Fhl2	Fhl2	14	14	yes	ELAVL1;NOVA1;PTBP1	ELAVL1:9.05e-05;NOVA1:9.54e-05;PTBP1:1.47e-05	ELAVL1;HNRNPA1;NOVA1;PTBP1;SRSF1
E0305	4185	ENSMUST00000027263.13|ENSMUSG00000026094|Stk17b	Stk17b	39	39	yes	ELAVL1;HNRNPA2B1;PTBP1;TARDBP	ELAVL1:9.66e-05;HNRNPA2B1:5.99e-06;PTBP1:1.79e-05;TARDBP:1.47e-05	ELAVL1;HNRNPA1;HNRNPA2B1;KHDRBS1;PABPN1;PTBP1;SRSF1;TARDBP;ZFP36
E0306	4190	ENSMUST00000027123.14|ENSMUSG00000025980|Hspd1	Hspd1	8	8	yes	ELAVL1;NOVA2	ELAVL1:9.66e-05;NOVA2:5.35e-05	ELAVL1;HNRNPA1;MBNL1;NOVA2;SRSF1
E0307	4198	ENSMUST00000167085.7|ENSMUSG00000038305|Spats2l	Spats2l	65	65	yes	ELAVL1;NOVA1;NOVA2;PTBP1;TARDBP	ELAVL1:3.87e-05;NOVA1:9.54e-05;NOVA2:8.36e-05;PTBP1:1.47e-05;TARDBP:1.79e-05	ELAVL1;HNRNPA1;MBNL1;NOVA1;NOVA2;PABPN1;PTBP1;SRSF1;TARDBP;ZFP36
E0308	4203	ENSMUST00000087521.12|ENSMUSG00000026036|Nif3l1	Nif3l1	83	83	yes	ELAVL1;HNRNPA2B1;NOVA1;PTBP1;TARDBP	ELAVL1:3.80e-06;HNRNPA2B1:1.86e-05;NOVA1:5.35e-05;PTBP1:2.73e-05;TARDBP:9.09e-07	ELAVL1;HNRNPA1;HNRNPA2B1;NOVA1;PABPN1;PTBP1;SRSF1;TARDBP;ZFP36
E0309	4204	ENSMUST00000027198.11|ENSMUSG00000026037|Orc2	Orc2	44	44	yes	ELAVL1;HNRNPA2B1;PTBP1;TARDBP	ELAVL1:3.80e-06;HNRNPA2B1:1.86e-05;PTBP1:1.20e-05;TARDBP:1.05e-05	ELAVL1;HNRNPA1;HNRNPA2B1;PABPN1;PTBP1;SRSF1;TARDBP
E0310	4216	ENSMUST00000036540.11|ENSMUSG00000041040|Fam117b	Fam117b	157	157	yes	ELAVL1;HNRNPA2B1;NOVA1;NOVA2;PTBP1;QKI;TARDBP	ELAVL1:3.80e-06;HNRNPA2B1:1.98e-05;NOVA1:2.54e-05;NOVA2:2.95e-05;PTBP1:5.23e-06;QKI:3.83e-05;TARDBP:6.51e-05	ELAVL1;HNRNPA1;HNRNPA2B1;KHDRBS1;MBNL1;NOVA1;NOVA2;PABPN1;PTBP1;QKI;SRSF1;TARDBP;ZFP36
E0311	4229	ENSMUST00000097709.10|ENSMUSG00000025950|Idh1	Idh1	29	29	yes	ELAVL1;HNRNPA2B1;PTBP1	ELAVL1:7.84e-05;HNRNPA2B1:1.20e-05;PTBP1:1.79e-05	ELAVL1;HNRNPA1;HNRNPA2B1;KHDRBS1;MBNL1;PTBP1;SRSF1
E0312	4235	ENSMUST00000027153.5|ENSMUSG00000026003|Acadl	Acadl	3	3	no			HNRNPA1;SRSF1;ZFP36
E0313	4239	ENSMUST00000047328.10|ENSMUSG00000039323|Igfbp2	Igfbp2	23	23	yes	ELAVL1;NOVA1;NOVA2;PTBP1	ELAVL1:2.96e-05;NOVA1:2.96e-05;NOVA2:2.96e-05;PTBP1:1.47e-05	ELAVL1;FUS;HNRNPA1;NOVA1;NOVA2;PTBP1
E0314	4243	ENSMUST00000113820.8|ENSMUSG00000006304|Arpc2	Arpc2	13	13	yes	ELAVL1;PTBP1	ELAVL1:9.05e-05;PTBP1:2.99e-06	ELAVL1;KHDRBS1;PTBP1;SRSF1
E0315	4244	ENSMUST00000006462.13|ENSMUSG00000006299|Aamp	Aamp	25	25	yes	HNRNPA2B1;PTBP1;TARDBP	HNRNPA2B1:4.90e-06;PTBP1:1.21e-05;TARDBP:1.75e-05	HNRNPA1;HNRNPA2B1;PTBP1;SRSF1;TARDBP
E0316	4269	ENSMUST00000027404.11|ENSMUSG00000026204|Ptprn	Ptprn	22	22	yes	PTBP1;QKI	PTBP1:2.02e-05;QKI:2.51e-06	HNRNPA1;MBNL1;PTBP1;QKI;SRSF1
E0317	4281	ENSMUST00000036172.9|ENSMUSG00000032908|Sgpp2	Sgpp2	83	83	yes	ELAVL1;HNRNPA2B1;NOVA1;PTBP1;TARDBP	ELAVL1:7.84e-05;HNRNPA2B1:2.99e-05;NOVA1:9.54e-05;PTBP1:1.11e-06;TARDBP:5.35e-05	ELAVL1;HNRNPA1;HNRNPA2B1;MBNL1;NOVA1;PTBP1;SRSF1;TARDBP
E0318	4289	ENSMUST00000027467.10|ENSMUSG00000026249|Serpine2	Serpine2	15	15	yes	ELAVL1;PTBP1	ELAVL1:7.84e-05;PTBP1:3.70e-05	ELAVL1;HNRNPA1;MBNL1;PTBP1;SRSF1;ZFP36
E0319	4302	ENSMUST00000027425.15|ENSMUSG00000026223|Itm2c	Itm2c	23	23	yes	PTBP1;TARDBP	PTBP1:1.47e-05;TARDBP:1.79e-05	HNRNPA1;MBNL1;PTBP1;SRSF1;TARDBP
E0320	4310	ENSMUST00000045897.14|ENSMUSG00000026238|Ptma	Ptma	19	19	yes	ELAVL1;PTBP1;TARDBP	ELAVL1:2.01e-05;PTBP1:4.40e-05;TARDBP:2.85e-05	ELAVL1;KHDRBS1;PTBP1;SRSF1;TARDBP;ZFP36
E0321	4317	ENSMUST00000027512.12|ENSMUSG00000026289|Atg16l1	Atg16l1	27	27	yes	ELAVL1;PTBP1	ELAVL1:1.83e-07;PTBP1:3.99e-05	ELAVL1;HNRNPA1;KHDRBS1;PTBP1;SRSF1;ZFP36
E0322	4339	ENSMUST00000086851.1|ENSMUSG00000067071|Hes6	Hes6	21	21	yes	ELAVL1;HNRNPA2B1;TARDBP	ELAVL1:2.01e-05;HNRNPA2B1:8.71e-06;TARDBP:4.13e-05	ELAVL1;HNRNPA1;HNRNPA2B1;SRSF1;TARDBP;ZFP36
E0323	4341	ENSMUST00000027538.8|ENSMUSG00000026311|Asb1	Asb1	237	237	yes	ELAVL1;HNRNPA2B1;NOVA1;NOVA2;PTBP1;QKI;TARDBP	ELAVL1:1.83e-07;HNRNPA2B1:1.98e-05;NOVA1:1.02e-07;NOVA2:5.02e-05;PTBP1:5.23e-06;QKI:5.76e-05;TARDBP:1.05e-05	ELAVL1;HNRNPA1;HNRNPA2B1;KHDRBS1;MBNL1;NOVA1;NOVA2;PTBP1;QKI;SRSF1;TARDBP;ZFP36
E0324	4359	ENSMUST00000027499.12|ENSMUSG00000026278|Bok	Bok	20	20	yes	HNRNPA2B1;NOVA2;PTBP1	HNRNPA2B1:1.20e-05;NOVA2:6.23e-05;PTBP1:1.47e-05	HNRNPA1;HNRNPA2B1;NOVA2;PTBP1;SRSF1
E0325	437	ENSMUST00000219239.1|ENSMUSG00000025403|Shmt2	Shmt2	27	27	yes	HNRNPA2B1;PTBP1;QKI	HNRNPA2B1:1.86e-05;PTBP1:2.02e-05;QKI:6.57e-05	HNRNPA1;HNRNPA2B1;MBNL1;PTBP1;QKI;SRSF1
E0326	4399	ENSMUST00000027602.14|ENSMUSG00000026356|Dars	Dars	7	7	yes	PTBP1	PTBP1:1.20e-05	PTBP1;SRSF1
E0327	44	ENSMUST00000020145.11|ENSMUSG00000019970|Sgk1	Sgk1	46	46	yes	ELAVL1;PTBP1;TARDBP	ELAVL1:7.84e-05;PTBP1:1.79e-05;TARDBP:3.63e-05	ELAVL1;PTBP1;SRSF1;TARDBP;ZFP36
E0328	4408	ENSMUST00000062264.7|ENSMUSG00000026434|Nucks1	Nucks1	257	257	yes	ELAVL1;HNRNPA2B1;NOVA1;NOVA2;PTBP1;QKI;TARDBP	ELAVL1:1.83e-07;HNRNPA2B1:2.31e-05;NOVA1:1.34e-05;NOVA2:2.12e-05;PTBP1:3.70e-07;QKI:7.93e-05;TARDBP:7.15e-06	ELAVL1;HNRNPA1;HNRNPA2B1;KHDRBS1;MBNL1;NOVA1;NOVA2;PABPN1;PTBP1;QKI;SRSF1;TARDBP;ZFP36
E0329	4415	ENSMUST00000045110.13|ENSMUSG00000042046|Dstyk	Dstyk	67	67	yes	ELAVL1;HNRNPA2B1;NOVA1;NOVA2;PTBP1;TARDBP	ELAVL1:1.27e-05;HNRNPA2B1:5.93e-05;NOVA1:5.35e-05;NOVA2:4.10e-05;PTBP1:3.71e-05;TARDBP:6.51e-05	ELAVL1;HNRNPA1;HNRNPA2B1;KHDRBS1;NOVA1;NOVA2;PTBP1;SRSF1;TARDBP;ZFP36
E0330	4435	ENSMUST00000027725.10|ENSMUSG00000026455|Klhl12	Klhl12	20	20	yes	ELAVL1;HNRNPA2B1;PTBP1;QKI	ELAVL1:7.84e-05;HNRNPA2B1:7.65e-05;PTBP1:3.99e-05;QKI:7.93e-05	ELAVL1;HNRNPA1;HNRNPA2B1;MBNL1;PTBP1;QKI;SRSF1;ZFP36
E0331	4436	ENSMUST00000047978.8|ENSMUSG00000042229|Rabif	Rabif	66	66	yes	ELAVL1;HNRNPA2B1;NOVA2;PTBP1;TARDBP	ELAVL1:3.80e-06;HNRNPA2B1:5.93e-05;NOVA2:5.35e-05;PTBP1:5.47e-06;TARDBP:2.85e-05	ELAVL1;HNRNPA1;HNRNPA2B1;KHDRBS1;MBNL1;NOVA2;PTBP1;SRSF1;TARDBP;ZFP36
E0332	4444	ENSMUST00000041240.3|ENSMUSG00000041889|Shisa4	Shisa4	16	16	yes	HNRNPA2B1;PTBP1	HNRNPA2B1:2.99e-05;PTBP1:5.47e-06	HNRNPA2B1;MBNL1;PTBP1;SRSF1
E0333	4451	ENSMUST00000048309.11|ENSMUSG00000041570|Camsap2	Camsap2	99	99	yes	ELAVL1;HNRNPA2B1;NOVA1;NOVA2;PTBP1;QKI;TARDBP	ELAVL1:3.80e-06;HNRNPA2B1:4.43e-05;NOVA1:3.36e-05;NOVA2:3.63e-05;PTBP1:3.70e-05;QKI:4.72e-05;TARDBP:1.47e-05	ELAVL1;HNRNPA1;HNRNPA2B1;KHDRBS1;MBNL1;NOVA1;NOVA2;PTBP1;QKI;SRSF1;TARDBP;ZFP36
E0334	4475	ENSMUST00000077755.10|ENSMUSG00000008475|Arpc5	Arpc5	15	15	yes	ELAVL1;PTBP1	ELAVL1:7.93e-05;PTBP1:9.66e-05	ELAVL1;HNRNPA1;MBNL1;PTBP1;SRSF1
E0335	4524	ENSMUST00000028004.10|ENSMUSG00000026687|Aldh9a1	Aldh9a1	47	47	yes	ELAVL1;HNRNPA2B1;PTBP1;QKI	ELAVL1:1.83e-07;HNRNPA2B1:1.20e-05;PTBP1:7.14e-05;QKI:9.18e-05	ELAVL1;HNRNPA1;HNRNPA2B1;KHDRBS1;MBNL1;PTBP1;QKI;SRSF1;ZFP36
E0336	453	ENSMUST00000005826.8|ENSMUSG00000005683|Cs	Cs	22	22	yes	ELAVL1;HNRNPA2B1;PTBP1;TARDBP	ELAVL1:9.05e-05;HNRNPA2B1:9.75e-05;PTBP1:1.86e-05;TARDBP:3.63e-05	ELAVL1;HNRNPA1;HNRNPA2B1;PTBP1;SRSF1;TARDBP;ZFP36
E0337	4534	ENSMUST00000111350.9|ENSMUSG00000026670|Uap1	Uap1	9	9	yes	ELAVL1;PTBP1	ELAVL1:9.66e-05;PTBP1:7.93e-05	ELAVL1;PTBP1;SRSF1
E0338	4545	ENSMUST00000111332.1|ENSMUSG00000038370|Pcp4l1	Pcp4l1	67	67	yes	ELAVL1;HNRNPA2B1;PTBP1;TARDBP	ELAVL1:1.83e-07;HNRNPA2B1:2.99e-05;PTBP1:5.23e-06;TARDBP:5.30e-05	ELAVL1;HNRNPA1;HNRNPA2B1;MBNL1;PTBP1;SRSF1;TARDBP;ZFP36
E0339	4564	ENSMUST00000013842.11|ENSMUSG00000013698|Pea15a	Pea15a	74	74	yes	ELAVL1;HNRNPA2B1;NOVA1;NOVA2;PTBP1;QKI;TARDBP	ELAVL1:7.93e-05;HNRNPA2B1:4.43e-05;NOVA1:1.47e-05;NOVA2:6.23e-05;PTBP1:6.13e-07;QKI:1.68e-06;TARDBP:6.51e-05	ELAVL1;HNRNPA1;HNRNPA2B1;MBNL1;NOVA1;NOVA2;PTBP1;QKI;SRSF1;TARDBP
E0340	4565	ENSMUST00000139528.7|ENSMUSG00000038034|Igsf8	Igsf8	4	4	yes	PTBP1;TARDBP	PTBP1:5.70e-05;TARDBP:8.29e-05	PTBP1;SRSF1;TARDBP
E0341	4574	ENSMUST00000194046.1|ENSMUSG00000037872|Ackr1	Ackr1	22	22	yes	ELAVL1;HNRNPA2B1;PTBP1	ELAVL1:9.66e-05;HNRNPA2B1:5.35e-05;PTBP1:1.79e-05	ELAVL1;HNRNPA2B1;KHDRBS1;MBNL1;PTBP1;SRSF1;ZFP36
E0342	4591	ENSMUST00000040706.8|ENSMUSG00000038949|Cnst	Cnst	95	95	yes	ELAVL1;HNRNPA2B1;NOVA1;NOVA2;PTBP1;QKI;TARDBP	ELAVL1:3.80e-06;HNRNPA2B1:5.03e-06;NOVA1:1.34e-05;NOVA2:5.08e-05;PTBP1:8.37e-06;QKI:6.57e-05;TARDBP:3.58e-05	ELAVL1;HNRNPA1;HNRNPA2B1;NOVA1;NOVA2;PTBP1;QKI;SRSF1;TARDBP;ZFP36
E0343	4612	ENSMUST00000035295.5|ENSMUSG00000038633|Degs1	Degs1	15	15	yes	ELAVL1;HNRNPA2B1;PTBP1;QKI	ELAVL1:9.66e-05;HNRNPA2B1:7.17e-05;PTBP1:9.66e-05;QKI:7.93e-05	ELAVL1;HNRNPA2B1;MBNL1;PTBP1;QKI;SRSF1
E0344	4628	ENSMUST00000027916.12|ENSMUSG00000026617|Bpnt1	Bpnt1	11	11	yes	ELAVL1;PTBP1;QKI	ELAVL1:7.84e-05;PTBP1:7.93e-05;QKI:4.72e-05	ELAVL1;HNRNPA1;PTBP1;QKI;SRSF1;ZFP36
E0345	4649	ENSMUST00000155579.7|ENSMUSG00000016262|Sertad4	Sertad4	11	11	yes	ELAVL1;NOVA1;NOVA2;QKI;TARDBP	ELAVL1:7.93e-05;NOVA1:2.54e-05;NOVA2:5.35e-05;QKI:1.60e-06;TARDBP:3.58e-05	ELAVL1;NOVA1;NOVA2;QKI;SRSF1;TARDBP;ZFP36
E0346	4672	ENSMUST00000114937.7|ENSMUSG00000039046|Usp6nl	Usp6nl	176	176	yes	ELAVL1;HNRNPA2B1;NOVA1;NOVA2;PTBP1;TARDBP	ELAVL1:1.27e-05;HNRNPA2B1:1.86e-05;NOVA1:5.35e-05;NOVA2:5.35e-05;PTBP1:1.11e-06;TARDBP:1.05e-05	ELAVL1;HNRNPA1;HNRNPA2B1;KHDRBS1;MBNL1;NOVA1;NOVA2;PABPN1;PTBP1;SRSF1;TARDBP;ZFP36
E0347	4681	ENSMUST00000071564.13|ENSMUSG00000058594|Fbh1	Fbh1	6	6	yes	ELAVL1;PTBP1	ELAVL1:3.80e-06;PTBP1:9.66e-05	ELAVL1;KHDRBS1;PTBP1;SRSF1
E0348	4684	ENSMUST00000134794.7|ENSMUSG00000026730|Pter	Pter	65	65	yes	ELAVL1;HNRNPA2B1;NOVA1;PTBP1;QKI;TARDBP	ELAVL1:1.27e-05;HNRNPA2B1:7.17e-05;NOVA1:5.76e-05;PTBP1:1.79e-05;QKI:7.93e-05;TARDBP:1.29e-05	ELAVL1;HNRNPA1;HNRNPA2B1;KHDRBS1;NOVA1;PTBP1;QKI;SRSF1;TARDBP;ZFP36
E0349	4698	ENSMUST00000061158.4|ENSMUSG00000051154|Commd3	Commd3	2	2	yes	PTBP1	PTBP1:3.71e-05	PTBP1;SRSF1
E0350	4712	ENSMUST00000144963.7|ENSMUSG00000026972|Arrdc1	Arrdc1	17	17	yes	PTBP1	PTBP1:1.21e-05	HNRNPA1;MBNL1;PABPN1;PTBP1;SRSF1
E0351	4717	ENSMUST00000059849.14|ENSMUSG00000013465|Nelfb	Nelfb	4	4	yes	ELAVL1;PTBP1	ELAVL1:7.84e-05;PTBP1:7.14e-05	ELAVL1;MBNL1;PTBP1;SRSF1
E0352	4732	ENSMUST00000028311.12|ENSMUSG00000026942|Traf2	Traf2	74	74	yes	HNRNPA2B1;NOVA2;PTBP1;QKI;TARDBP	HNRNPA2B1:1.86e-05;NOVA2:8.03e-05;PTBP1:3.80e-06;QKI:9.18e-05;TARDBP:3.58e-05	HNRNPA1;HNRNPA2B1;KHDRBS1;NOVA2;PTBP1;QKI;SRSF1;TARDBP;ZFP36
E0353	4736	ENSMUST00000061483.8|ENSMUSG00000049086|Bmyc	Bmyc	4	4	yes	ELAVL1	ELAVL1:3.87e-05	ELAVL1;HNRNPA1
E0354	4743	ENSMUST00000114100.9|ENSMUSG00000026927|Entr1	Entr1	35	35	yes	ELAVL1;PTBP1;QKI;TARDBP	ELAVL1:2.01e-05;PTBP1:8.37e-06;QKI:6.39e-06;TARDBP:2.11e-06	ELAVL1;HNRNPA1;PTBP1;QKI;SRSF1;TARDBP
E0355	4749	ENSMUST00000028286.11|ENSMUSG00000026922|Agpat2	Agpat2	14	14	yes	ELAVL1;NOVA1;PTBP1	ELAVL1:7.93e-05;NOVA1:1.47e-05;PTBP1:1.20e-05	ELAVL1;NOVA1;PTBP1;SRSF1
E0356	4751	ENSMUST00000102899.9|ENSMUSG00000015776|Med22	Med22	95	95	yes	ELAVL1;HNRNPA2B1;NOVA2;PTBP1;QKI	ELAVL1:9.66e-05;HNRNPA2B1:1.86e-05;NOVA2:5.35e-05;PTBP1:1.20e-05;QKI:7.93e-05	ELAVL1;HNRNPA1;HNRNPA2B1;MBNL1;NOVA2;PTBP1;QKI;SRSF1
E0357	4767	ENSMUST00000100244.9|ENSMUSG00000026833|Olfm1	Olfm1	23	23	yes	ELAVL1;PTBP1	ELAVL1:3.80e-06;PTBP1:6.51e-05	ELAVL1;HNRNPA1;PTBP1;SRSF1;ZFP36
E0358	4788	ENSMUST00000100220.4|ENSMUSG00000039660|Spout1	Spout1	18	18	yes	HNRNPA2B1;PTBP1;TARDBP	HNRNPA2B1:1.27e-06;PTBP1:7.93e-05;TARDBP:5.04e-05	HNRNPA1;HNRNPA2B1;PTBP1;SRSF1;TARDBP
E0359	4791	ENSMUST00000077977.13|ENSMUSG00000026858|Miga2	Miga2	19	19	yes	ELAVL1;NOVA2;PTBP1	ELAVL1:8.86e-06;NOVA2:3.85e-05;PTBP1:3.12e-05	ELAVL1;HNRNPA1;NOVA2;PTBP1;SRSF1;ZFP36
E0360	4799	ENSMUST00000028200.8|ENSMUSG00000026849|Tor1a	Tor1a	3	3	no			SRSF1
E0361	4800	ENSMUST00000028205.9|ENSMUSG00000026851|BC005624	BC005624	358	358	yes	PTBP1;TARDBP	PTBP1:3.70e-07;TARDBP:1.47e-05	HNRNPA1;PABPN1;PTBP1;SRSF1;TARDBP;ZFP36
E0362	4832	ENSMUST00000131298.6|ENSMUSG00000038831|Ralgps1	Ralgps1	260	260	yes	ELAVL1;HNRNPA2B1;NOVA1;NOVA2;PTBP1;QKI;TARDBP	ELAVL1:1.27e-05;HNRNPA2B1:4.75e-05;NOVA1:2.96e-05;NOVA2:2.96e-05;PTBP1:8.37e-06;QKI:1.51e-05;TARDBP:5.62e-08	ELAVL1;FUS;HNRNPA1;HNRNPA2B1;MBNL1;NOVA1;NOVA2;PTBP1;QKI;SRSF1;TARDBP;ZFP36
E0363	4867	ENSMUST00000028103.12|ENSMUSG00000026765|Lypd6b	Lypd6b	26	26	yes	NOVA1;NOVA2;PTBP1;TARDBP	NOVA1:1.47e-05;NOVA2:8.01e-05;PTBP1:1.21e-05;TARDBP:3.13e-05	HNRNPA1;NOVA1;NOVA2;PTBP1;SRSF1;TARDBP;ZFP36
E0364	487	ENSMUST00000109992.7|ENSMUSG00000020432|Tcn2	Tcn2	10	10	yes	PTBP1	PTBP1:3.71e-05	PTBP1;SRSF1
E0365	4875	ENSMUST00000100089.2|ENSMUSG00000075334|Rprm	Rprm	18	18	yes	ELAVL1;HNRNPA2B1;PTBP1	ELAVL1:7.84e-05;HNRNPA2B1:4.43e-05;PTBP1:2.52e-05	ELAVL1;HNRNPA2B1;PTBP1;SRSF1;ZFP36
E0366	4877	ENSMUST00000169687.7|ENSMUSG00000026827|Gpd2	Gpd2	121	121	yes	ELAVL1;HNRNPA2B1;NOVA2;PTBP1;QKI;TARDBP	ELAVL1:8.86e-06;HNRNPA2B1:1.20e-05;NOVA2:5.35e-05;PTBP1:5.23e-06;QKI:9.18e-05;TARDBP:1.79e-05	ELAVL1;HNRNPA1;HNRNPA2B1;KHDRBS1;MBNL1;NOVA2;PTBP1;QKI;SRSF1;TARDBP;ZFP36
E0367	4886	ENSMUST00000028356.8|ENSMUSG00000060703|Cd302	Cd302	6	6	yes	PTBP1;QKI	PTBP1:7.93e-05;QKI:4.73e-05	PABPN1;PTBP1;QKI;SRSF1
E0368	4899	ENSMUST00000102715.3|ENSMUSG00000027030|Stk39	Stk39	43	43	yes	ELAVL1;NOVA1;NOVA2;PTBP1	ELAVL1:7.84e-05;NOVA1:4.73e-05;NOVA2:5.35e-05;PTBP1:5.47e-06	ELAVL1;HNRNPA1;KHDRBS1;MBNL1;NOVA1;NOVA2;PTBP1;SRSF1;ZFP36
E0369	4909	ENSMUST00000055758.15|ENSMUSG00000044308|Ubr3	Ubr3	103	103	yes	ELAVL1;NOVA1;PTBP1;QKI;TARDBP	ELAVL1:1.27e-05;NOVA1:1.47e-05;PTBP1:5.47e-06;QKI:1.93e-05;TARDBP:4.38e-06	ELAVL1;HNRNPA1;KHDRBS1;MBNL1;NOVA1;PTBP1;QKI;SRSF1;TARDBP;ZFP36
E0370	492	ENSMUST00000003677.10|ENSMUSG00000003581|Rnf215	Rnf215	16	16	yes	ELAVL1;HNRNPA2B1	ELAVL1:9.66e-05;HNRNPA2B1:1.20e-05	ELAVL1;HNRNPA2B1;KHDRBS1;MBNL1;SRSF1
E0371	4921	ENSMUST00000006669.5|ENSMUSG00000006494|Pdk1	Pdk1	78	78	yes	ELAVL1;HNRNPA2B1;NOVA1;NOVA2;PTBP1;QKI;TARDBP	ELAVL1:9.05e-05;HNRNPA2B1:4.43e-05;NOVA1:1.47e-05;NOVA2:4.68e-05;PTBP1:5.23e-06;QKI:3.36e-05;TARDBP:3.58e-05	ELAVL1;HNRNPA1;HNRNPA2B1;KHDRBS1;MBNL1;NOVA1;NOVA2;PTBP1;QKI;SRSF1;TARDBP;ZFP36
E0372	4925	ENSMUST00000102689.9|ENSMUSG00000027109|Sp3	Sp3	21	21	yes	ELAVL1;PTBP1	ELAVL1:6.00e-06;PTBP1:6.51e-05	ELAVL1;HNRNPA1;KHDRBS1;PTBP1;ZFP36
E0373	4926	ENSMUST00000028517.12|ENSMUSG00000027108|Ola1	Ola1	23	23	yes	ELAVL1;PTBP1;QKI;TARDBP	ELAVL1:9.05e-05;PTBP1:7.40e-05;QKI:7.93e-05;TARDBP:5.30e-05	ELAVL1;MBNL1;PTBP1;QKI;SRSF1;TARDBP
E0374	493	ENSMUST00000093381.10|ENSMUSG00000051427|Ccdc157	Ccdc157	136	136	yes	ELAVL1;HNRNPA2B1;NOVA1;NOVA2;PTBP1;QKI;TARDBP	ELAVL1:8.86e-06;HNRNPA2B1:8.71e-06;NOVA1:5.35e-05;NOVA2:5.35e-05;PTBP1:4.03e-06;QKI:6.39e-06;TARDBP:6.51e-05	ELAVL1;HNRNPA1;HNRNPA2B1;KHDRBS1;MBNL1;NOVA1;NOVA2;PTBP1;QKI;SRSF1;TARDBP;ZFP36
E0375	4935	ENSMUST00000111962.7|ENSMUSG00000059005|Hnrnpa3	Hnrnpa3	115	115	yes	ELAVL1;HNRNPA2B1;NOVA1;NOVA2;PTBP1;TARDBP	ELAVL1:6.00e-06;HNRNPA2B1:5.35e-05;NOVA1:2.96e-05;NOVA2:2.96e-05;PTBP1:1.47e-05;TARDBP:6.10e-07	ELAVL1;FUS;HNRNPA1;HNRNPA2B1;KHDRBS1;MBNL1;NOVA1;NOVA2;PABPN1;PTBP1;SRSF1;TARDBP;ZFP36
E0376	4956	ENSMUST00000074262.8|ENSMUSG00000059588|Calcrl	Calcrl	103	103	yes	ELAVL1;HNRNPA2B1;NOVA1;NOVA2;PTBP1;QKI;TARDBP	ELAVL1:3.80e-06;HNRNPA2B1:2.31e-05;NOVA1:2.99e-05;NOVA2:7.76e-05;PTBP1:7.14e-06;QKI:2.51e-06;TARDBP:3.58e-05	ELAVL1;HNRNPA1;HNRNPA2B1;KHDRBS1;MBNL1;NOVA1;NOVA2;PTBP1;QKI;SRSF1;TARDBP;ZFP36
E0377	4963	ENSMUST00000035840.5|ENSMUSG00000034075|Zdhhc5	Zdhhc5	24	24	yes	ELAVL1;PTBP1;TARDBP	ELAVL1:7.84e-05;PTBP1:4.03e-06;TARDBP:3.58e-05	ELAVL1;HNRNPA1;PTBP1;SRSF1;TARDBP;ZFP36
E0378	4977	ENSMUST00000111464.7|ENSMUSG00000005505|Kbtbd4	Kbtbd4	7	7	yes	HNRNPA2B1;PTBP1	HNRNPA2B1:9.75e-05;PTBP1:9.66e-05	HNRNPA1;HNRNPA2B1;PTBP1;SRSF1
E0379	4984	ENSMUST00000111356.7|ENSMUSG00000002108|Nr1h3	Nr1h3	2	2	yes	PTBP1	PTBP1:8.11e-05	PTBP1;SRSF1
E0380	5000	ENSMUST00000065797.6|ENSMUSG00000027221|Chst1	Chst1	22	22	yes	ELAVL1;HNRNPA2B1;PTBP1;QKI	ELAVL1:7.93e-05;HNRNPA2B1:7.17e-05;PTBP1:9.76e-06;QKI:7.24e-05	ELAVL1;HNRNPA1;HNRNPA2B1;PTBP1;QKI;SRSF1;ZFP36
E0381	5021	ENSMUST00000028610.9|ENSMUSG00000027187|Cat	Cat	16	16	yes	HNRNPA2B1;PTBP1;QKI	HNRNPA2B1:8.37e-05;PTBP1:1.79e-05;QKI:1.93e-05	HNRNPA1;HNRNPA2B1;KHDRBS1;MBNL1;PTBP1;QKI;SRSF1
E0382	503	ENSMUST00000009234.15|ENSMUSG00000009090|Ap1b1	Ap1b1	34	34	yes	PTBP1;QKI;TARDBP	PTBP1:3.71e-05;QKI:7.24e-05;TARDBP:9.09e-07	HNRNPA1;PTBP1;QKI;SRSF1;TARDBP;ZFP36
E0383	5032	ENSMUST00000111086.10|ENSMUSG00000027168|Pax6	Pax6	10	10	yes	ELAVL1;NOVA1;PTBP1;TARDBP	ELAVL1:3.87e-05;NOVA1:2.54e-05;PTBP1:9.66e-05;TARDBP:6.51e-05	ELAVL1;NOVA1;PTBP1;TARDBP
E0384	504	ENSMUST00000037218.1|ENSMUSG00000034209|Rasl10a	Rasl10a	7	7	yes	NOVA2;PTBP1	NOVA2:5.35e-05;PTBP1:2.85e-05	HNRNPA1;NOVA2;PTBP1;SRSF1
E0385	5050	ENSMUST00000024005.7|ENSMUSG00000023236|Scg5	Scg5	2	2	no			MBNL1
E0386	5093	ENSMUST00000055241.12|ENSMUSG00000027288|Zfp106	Zfp106	123	123	yes	ELAVL1;HNRNPA2B1;NOVA2;PTBP1;TARDBP	ELAVL1:3.87e-05;HNRNPA2B1:7.65e-05;NOVA2:2.53e-05;PTBP1:8.37e-06;TARDBP:5.35e-05	ELAVL1;HNRNPA1;HNRNPA2B1;KHDRBS1;MBNL1;NOVA2;PTBP1;SRSF1;TARDBP;ZFP36
E0387	5100	ENSMUST00000060455.14|ENSMUSG00000023572|Ccndbp1	Ccndbp1	11	11	yes	HNRNPA2B1;PTBP1	HNRNPA2B1:7.86e-05;PTBP1:7.93e-05	HNRNPA1;HNRNPA2B1;MBNL1;PTBP1;SRSF1
E0388	5116	ENSMUST00000110551.3|ENSMUSG00000027227|Sord	Sord	11	11	yes	ELAVL1;NOVA2;PTBP1	ELAVL1:9.05e-05;NOVA2:3.43e-06;PTBP1:7.14e-05	ELAVL1;NOVA2;PTBP1;SRSF1;ZFP36
E0389	5126	ENSMUST00000051605.8|ENSMUSG00000027203|Dut	Dut	36	36	yes	ELAVL1;PTBP1;QKI	ELAVL1:7.93e-05;PTBP1:1.20e-05;QKI:7.93e-05	ELAVL1;HNRNPA1;MBNL1;PTBP1;QKI;SRSF1;ZFP36
E0390	5161	ENSMUST00000103203.7|ENSMUSG00000037902|Sirpa	Sirpa	109	109	yes	ELAVL1;HNRNPA2B1;NOVA2;PTBP1	ELAVL1:9.66e-05;HNRNPA2B1:2.76e-05;NOVA2:2.95e-05;PTBP1:4.03e-06	ELAVL1;HNRNPA1;HNRNPA2B1;MBNL1;NOVA2;PABPN1;PTBP1;SRSF1;ZFP36
E0391	5175	ENSMUST00000110240.9|ENSMUSG00000027316|Gfra4	Gfra4	4	4	no			SRSF1
E0392	518	ENSMUST00000003461.14|ENSMUSG00000020456|Ogdh	Ogdh	53	53	yes	ELAVL1;HNRNPA2B1;NOVA1;NOVA2;PTBP1;TARDBP	ELAVL1:1.83e-07;HNRNPA2B1:2.34e-06;NOVA1:5.35e-05;NOVA2:3.12e-05;PTBP1:2.02e-05;TARDBP:6.51e-05	ELAVL1;HNRNPA1;HNRNPA2B1;MBNL1;NOVA1;NOVA2;PTBP1;SRSF1;TARDBP;ZFP36
E0393	5185	ENSMUST00000091288.12|ENSMUSG00000079037|Prnp	Prnp	13	13	yes	ELAVL1;PTBP1	ELAVL1:9.66e-05;PTBP1:7.93e-05	ELAVL1;MBNL1;PABPN1;PTBP1;SRSF1
E0394	5192	ENSMUST00000103181.10|ENSMUSG00000058793|Cds2	Cds2	449	449	yes	ELAVL1;HNRNPA2B1;NOVA1;NOVA2;PTBP1;QKI;TARDBP	ELAVL1:7.84e-05;HNRNPA2B1:4.22e-06;NOVA1:9.54e-05;NOVA2:8.00e-06;PTBP1:8.19e-06;QKI:1.34e-05;TARDBP:5.62e-08	ELAVL1;HNRNPA1;HNRNPA2B1;KHDRBS1;MBNL1;NOVA1;NOVA2;PABPN1;PTBP1;QKI;SRSF1;TARDBP;ZFP36
E0395	5202	ENSMUST00000028727.10|ENSMUSG00000027273|Snap25	Snap25	12	12	yes	ELAVL1;NOVA1;PTBP1;TARDBP	ELAVL1:3.87e-05;NOVA1:3.56e-06;PTBP1:6.22e-05;TARDBP:9.40e-05	ELAVL1;NOVA1;PTBP1;SRSF1;TARDBP
E0396	521	ENSMUST00000109737.8|ENSMUSG00000041126|H2az2	H2az2	24	24	yes	ELAVL1;PTBP1;QKI	ELAVL1:1.27e-05;PTBP1:3.39e-05;QKI:1.11e-05	ELAVL1;HNRNPA1;MBNL1;PABPN1;PTBP1;QKI;SRSF1;ZFP36
E0397	5222	ENSMUST00000028916.14|ENSMUSG00000027429|Sec23b	Sec23b	11	11	yes	ELAVL1	ELAVL1:3.87e-05	ELAVL1;HNRNPA1;SRSF1
E0398	5224	ENSMUST00000110007.7|ENSMUSG00000063873|Slc24a3	Slc24a3	13	13	yes	ELAVL1;HNRNPA2B1;NOVA1;PTBP1	ELAVL1:3.87e-05;HNRNPA2B1:7.65e-05;NOVA1:9.54e-05;PTBP1:2.13e-05	ELAVL1;HNRNPA2B1;MBNL1;NOVA1;PTBP1;SRSF1
E0399	5229	ENSMUST00000099270.4|ENSMUSG00000074743|Thbd	Thbd	80	80	yes	ELAVL1;NOVA1;NOVA2;PTBP1;QKI;TARDBP	ELAVL1:3.80e-06;NOVA1:2.96e-05;NOVA2:2.96e-05;PTBP1:6.67e-06;QKI:7.93e-05;TARDBP:5.04e-05	ELAVL1;FUS;HNRNPA1;MBNL1;NOVA1;NOVA2;PTBP1;QKI;SRSF1;TARDBP;ZFP36
E0400	5238	ENSMUST00000046399.6|ENSMUSG00000033096|Apmap	Apmap	10	10	yes	PTBP1	PTBP1:1.79e-05	HNRNPA1;KHDRBS1;PTBP1;SRSF1
E0401	5244	ENSMUST00000066640.4|ENSMUSG00000053916|Nanp	Nanp	5	5	yes	PTBP1	PTBP1:1.79e-05	HNRNPA1;KHDRBS1;MBNL1;PTBP1
E0402	5259	ENSMUST00000079278.4|ENSMUSG00000059361|Nrsn2	Nrsn2	46	46	yes	ELAVL1;HNRNPA2B1;NOVA2;PTBP1	ELAVL1:9.05e-05;HNRNPA2B1:1.98e-05;NOVA2:1.27e-05;PTBP1:4.03e-06	ELAVL1;HNRNPA1;HNRNPA2B1;NOVA2;PTBP1;SRSF1;ZFP36
E0403	5288	ENSMUST00000029128.3|ENSMUSG00000027602|Map1lc3a	Map1lc3a	13	13	yes	NOVA2;PTBP1;TARDBP	NOVA2:6.81e-05;PTBP1:5.70e-05;TARDBP:5.04e-05	HNRNPA1;NOVA2;PTBP1;SRSF1;TARDBP;ZFP36
E0404	5290	ENSMUST00000043237.13|ENSMUSG00000038375|Trp53inp2	Trp53inp2	164	164	yes	ELAVL1;HNRNPA2B1;NOVA2;PTBP1;QKI;TARDBP	ELAVL1:3.80e-06;HNRNPA2B1:1.30e-05;NOVA2:3.50e-06;PTBP1:5.47e-06;QKI:1.65e-05;TARDBP:9.48e-07	ELAVL1;HNRNPA1;HNRNPA2B1;MBNL1;NOVA2;PABPN1;PTBP1;QKI;SRSF1;TARDBP;ZFP36
E0405	5303	ENSMUST00000029147.15|ENSMUSG00000027618|Nfs1	Nfs1	13	13	yes	ELAVL1;PTBP1	ELAVL1:7.84e-05;PTBP1:7.93e-05	ELAVL1;PTBP1;SRSF1
E0406	5319	ENSMUST00000109526.1|ENSMUSG00000067786|Nnat	Nnat	8	8	yes	ELAVL1;PTBP1	ELAVL1:6.00e-06;PTBP1:6.22e-05	ELAVL1;PTBP1;SRSF1
E0407	5326	ENSMUST00000109486.8|ENSMUSG00000027652|Ralgapb	Ralgapb	164	164	yes	ELAVL1;HNRNPA2B1;NOVA2;PTBP1;TARDBP	ELAVL1:2.01e-05;HNRNPA2B1:1.98e-05;NOVA2:5.35e-05;PTBP1:1.29e-05;TARDBP:5.30e-05	ELAVL1;HNRNPA1;HNRNPA2B1;KHDRBS1;MBNL1;NOVA2;PTBP1;SRSF1;TARDBP;ZFP36
E0408	5330	ENSMUST00000109468.2|ENSMUSG00000070544|Top1	Top1	43	43	yes	ELAVL1;NOVA1;NOVA2;PTBP1;QKI;TARDBP	ELAVL1:2.01e-05;NOVA1:1.47e-05;NOVA2:5.35e-05;PTBP1:4.94e-05;QKI:3.50e-05;TARDBP:1.29e-05	ELAVL1;HNRNPA1;KHDRBS1;NOVA1;NOVA2;PTBP1;QKI;SRSF1;TARDBP;ZFP36
E0409	5335	ENSMUST00000109445.8|ENSMUSG00000053141|Ptprt	Ptprt	358	358	yes	ELAVL1;HNRNPA2B1;NOVA1;NOVA2;PTBP1;QKI;TARDBP	ELAVL1:8.86e-06;HNRNPA2B1:8.19e-07;NOVA1:2.96e-05;NOVA2:1.98e-05;PTBP1:2.99e-06;QKI:2.54e-05;TARDBP:5.62e-08	ELAVL1;FUS;HNRNPA1;HNRNPA2B1;KHDRBS1;MBNL1;NOVA1;NOVA2;PABPN1;PTBP1;QKI;SRSF1;TARDBP;ZFP36
E0410	5345	ENSMUST00000164399.7|ENSMUSG00000035268|Pkig	Pkig	17	17	yes	ELAVL1;PTBP1	ELAVL1:7.93e-05;PTBP1:1.21e-05	ELAVL1;PTBP1;SRSF1
E0411	5346	ENSMUST00000044734.2|ENSMUSG00000035226|Rims4	Rims4	330	330	yes	ELAVL1;HNRNPA2B1;NOVA1;NOVA2;PTBP1;QKI;TARDBP	ELAVL1:3.80e-06;HNRNPA2B1:8.71e-06;NOVA1:2.96e-05;NOVA2:5.91e-06;PTBP1:1.85e-06;QKI:9.54e-05;TARDBP:5.04e-05	ELAVL1;FUS;HNRNPA1;HNRNPA2B1;MBNL1;NOVA1;NOVA2;PTBP1;QKI;SRSF1;TARDBP;ZFP36
E0412	535	ENSMUST00000102881.9|ENSMUSG00000020120|Plek	Plek	125	125	yes	ELAVL1;HNRNPA2B1;NOVA1;NOVA2;PTBP1;QKI;TARDBP	ELAVL1:3.87e-05;HNRNPA2B1:7.17e-05;NOVA1:1.34e-05;NOVA2:1.89e-06;PTBP1:7.14e-06;QKI:6.57e-05;TARDBP:1.47e-05	ELAVL1;HNRNPA1;HNRNPA2B1;KHDRBS1;NOVA1;NOVA2;PABPN1;PTBP1;QKI;SRSF1;TARDBP;ZFP36
E0413	5358	ENSMUST00000017908.2|ENSMUSG00000017764|Zswim1	Zswim1	14	14	yes	HNRNPA2B1;PTBP1	HNRNPA2B1:7.51e-06;PTBP1:7.86e-05	HNRNPA1;HNRNPA2B1;PTBP1;SRSF1
E0414	5389	ENSMUST00000109207.9|ENSMUSG00000078923|Ube2v1	Ube2v1	18	18	yes	HNRNPA2B1;PTBP1	HNRNPA2B1:8.71e-06;PTBP1:3.71e-05	HNRNPA1;HNRNPA2B1;PTBP1;SRSF1
E0415	5390	ENSMUST00000125544.2|ENSMUSG00000089739|Gm20431	Gm20431	13	13	yes	HNRNPA2B1;NOVA2	HNRNPA2B1:8.71e-06;NOVA2:3.21e-05	HNRNPA1;HNRNPA2B1;NOVA2;SRSF1
E0416	5399	ENSMUST00000109175.8|ENSMUSG00000027546|Atp9a	Atp9a	7	7	yes	PTBP1;QKI	PTBP1:1.86e-05;QKI:7.24e-05	KHDRBS1;MBNL1;PTBP1;QKI;SRSF1
E0417	5401	ENSMUST00000154650.7|ENSMUSG00000013523|Bcas1	Bcas1	15	15	yes	ELAVL1;NOVA1;PTBP1	ELAVL1:9.05e-05;NOVA1:2.54e-05;PTBP1:1.79e-05	ELAVL1;HNRNPA1;NOVA1;PTBP1;SRSF1
E0418	5405	ENSMUST00000109140.9|ENSMUSG00000027496|Aurka	Aurka	11	11	yes	HNRNPA2B1;PTBP1	HNRNPA2B1:2.99e-05;PTBP1:9.66e-05	HNRNPA1;HNRNPA2B1;PTBP1;SRSF1
E0419	5407	ENSMUST00000029005.3|ENSMUSG00000027502|Rtf2	Rtf2	15	15	yes	ELAVL1;HNRNPA2B1;PTBP1	ELAVL1:7.93e-05;HNRNPA2B1:1.86e-05;PTBP1:9.76e-06	ELAVL1;HNRNPA1;HNRNPA2B1;MBNL1;PABPN1;PTBP1;SRSF1
E0420	5417	ENSMUST00000109075.7|ENSMUSG00000016253|Nelfcd	Nelfcd	64	64	yes	HNRNPA2B1;TARDBP	HNRNPA2B1:7.86e-05;TARDBP:5.62e-08	HNRNPA1;HNRNPA2B1;SRSF1;TARDBP
E0421	5420	ENSMUST00000016401.14|ENSMUSG00000016257|Prelid3b	Prelid3b	11	11	yes	ELAVL1;PTBP1	ELAVL1:9.05e-05;PTBP1:1.47e-05	ELAVL1;PTBP1;SRSF1;ZFP36
E0422	5432	ENSMUST00000099009.8|ENSMUSG00000078894|2210418O10Rik	2210418O10Rik	86	86	yes	HNRNPA2B1;NOVA1;NOVA2;PTBP1;TARDBP	HNRNPA2B1:4.75e-05;NOVA1:5.35e-05;NOVA2:3.15e-05;PTBP1:1.79e-05;TARDBP:2.14e-05	HNRNPA1;HNRNPA2B1;KHDRBS1;MBNL1;NOVA1;NOVA2;PTBP1;SRSF1;TARDBP;ZFP36
E0423	5434	ENSMUST00000120959.7|ENSMUSG00000078881|Gm14434	Gm14434	13	13	yes	ELAVL1;PTBP1	ELAVL1:7.93e-05;PTBP1:9.66e-05	ELAVL1;KHDRBS1;PTBP1;SRSF1
E0424	5457	ENSMUST00000029085.8|ENSMUSG00000027569|Mrgbp	Mrgbp	6	6	yes	ELAVL1;HNRNPA2B1;TARDBP	ELAVL1:9.66e-05;HNRNPA2B1:9.75e-05;TARDBP:1.79e-05	ELAVL1;HNRNPA1;HNRNPA2B1;TARDBP
E0425	5468	ENSMUST00000103045.3|ENSMUSG00000027581|Stmn3	Stmn3	2	2	no			SRSF1
E0426	5500	ENSMUST00000029078.8|ENSMUSG00000027562|Car2	Car2	6	6	yes	PTBP1;TARDBP	PTBP1:2.85e-05;TARDBP:6.51e-05	PTBP1;SRSF1;TARDBP
E0427	5509	ENSMUST00000193734.5|ENSMUSG00000027630|Tbl1xr1	Tbl1xr1	393	393	yes	ELAVL1;HNRNPA2B1;NOVA1;NOVA2;PTBP1;QKI;TARDBP	ELAVL1:1.27e-05;HNRNPA2B1:5.35e-05;NOVA1:1.34e-05;NOVA2:2.96e-05;PTBP1:1.18e-06;QKI:1.93e-05;TARDBP:5.62e-08	ELAVL1;FUS;HNRNPA1;HNRNPA2B1;KHDRBS1;MBNL1;NOVA1;NOVA2;PTBP1;QKI;SRSF1;TARDBP;ZFP36
E0428	5513	ENSMUST00000060500.8|ENSMUSG00000050192|Eif5a2	Eif5a2	71	71	yes	ELAVL1;NOVA1;NOVA2;PTBP1;QKI;TARDBP	ELAVL1:3.87e-05;NOVA1:5.35e-05;NOVA2:9.53e-05;PTBP1:1.79e-05;QKI:5.43e-05;TARDBP:3.63e-05	ELAVL1;HNRNPA1;KHDRBS1;MBNL1;NOVA1;NOVA2;PTBP1;QKI;SRSF1;TARDBP;ZFP36
E0429	5549	ENSMUST00000058578.7|ENSMUSG00000049940|Pgrmc2	Pgrmc2	70	70	yes	ELAVL1;PTBP1;TARDBP	ELAVL1:7.93e-05;PTBP1:2.85e-05;TARDBP:9.09e-07	ELAVL1;KHDRBS1;MBNL1;PTBP1;SRSF1;TARDBP;ZFP36
E0430	5561	ENSMUST00000059562.13|ENSMUSG00000048332|Lhfp	Lhfp	35	35	yes	ELAVL1;PTBP1;TARDBP	ELAVL1:9.66e-05;PTBP1:1.20e-05;TARDBP:3.13e-05	ELAVL1;HNRNPA1;PTBP1;SRSF1;TARDBP;ZFP36
E0431	5631	ENSMUST00000098990.9|ENSMUSG00000074513|Arfip1	Arfip1	20	20	yes	HNRNPA2B1;NOVA1;NOVA2;PTBP1;TARDBP	HNRNPA2B1:4.43e-05;NOVA1:9.54e-05;NOVA2:1.02e-05;PTBP1:7.93e-05;TARDBP:2.11e-06	HNRNPA1;HNRNPA2B1;KHDRBS1;NOVA1;NOVA2;PABPN1;PTBP1;SRSF1;TARDBP
E0432	5645	ENSMUST00000005017.14|ENSMUSG00000004897|Hdgf	Hdgf	40	40	yes	NOVA2;PTBP1	NOVA2:1.27e-05;PTBP1:2.73e-05	HNRNPA1;KHDRBS1;MBNL1;NOVA2;PTBP1;SRSF1;ZFP36
E0433	5650	ENSMUST00000090971.10|ENSMUSG00000004892|Bcan	Bcan	14	14	yes	HNRNPA2B1;PTBP1;TARDBP	HNRNPA2B1:6.07e-05;PTBP1:3.71e-05;TARDBP:6.51e-05	HNRNPA1;HNRNPA2B1;PTBP1;SRSF1;TARDBP
E0434	5671	ENSMUST00000029684.14|ENSMUSG00000028049|Scamp3	Scamp3	16	16	yes	PTBP1	PTBP1:7.93e-05	HNRNPA1;KHDRBS1;MBNL1;PABPN1;PTBP1;SRSF1
E0435	5687	ENSMUST00000191485.6|ENSMUSG00000042626|Shc1	Shc1	65	65	yes	ELAVL1;NOVA1;NOVA2;PTBP1	ELAVL1:2.01e-05;NOVA1:2.96e-05;NOVA2:2.96e-05;PTBP1:3.63e-06	ELAVL1;FUS;HNRNPA1;KHDRBS1;MBNL1;NOVA1;NOVA2;PTBP1;SRSF1;ZFP36
E0436	5690	ENSMUST00000029564.11|ENSMUSG00000027952|Pmvk	Pmvk	12	12	yes	ELAVL1;PTBP1;TARDBP	ELAVL1:1.27e-05;PTBP1:6.51e-05;TARDBP:6.51e-05	ELAVL1;HNRNPA1;PTBP1;SRSF1;TARDBP;ZFP36
E0437	5710	ENSMUST00000107343.7|ENSMUSG00000001017|Chtop	Chtop	28	28	yes	ELAVL1;NOVA1;NOVA2;PTBP1	ELAVL1:2.96e-05;NOVA1:2.96e-05;NOVA2:2.96e-05;PTBP1:7.14e-06	ELAVL1;FUS;HNRNPA1;MBNL1;NOVA1;NOVA2;PTBP1;SRSF1
E0438	5712	ENSMUST00000098910.2|ENSMUSG00000074457|S100a16	S100a16	20	20	yes	NOVA2;PTBP1;TARDBP	NOVA2:5.35e-05;PTBP1:5.73e-05;TARDBP:2.14e-05	HNRNPA1;MBNL1;NOVA2;PTBP1;SRSF1;TARDBP
E0439	5733	ENSMUST00000015855.7|ENSMUSG00000015711|Prune1	Prune1	15	15	yes	ELAVL1;PTBP1;TARDBP	ELAVL1:9.66e-05;PTBP1:2.13e-05;TARDBP:6.51e-05	ELAVL1;HNRNPA1;MBNL1;PTBP1;SRSF1;TARDBP
E0440	5747	ENSMUST00000015894.11|ENSMUSG00000015750|Aph1a	Aph1a	49	49	yes	ELAVL1;HNRNPA2B1;NOVA2;PTBP1;QKI	ELAVL1:2.01e-05;HNRNPA2B1:8.19e-07;NOVA2:5.35e-05;PTBP1:4.40e-05;QKI:9.54e-05	ELAVL1;HNRNPA1;HNRNPA2B1;KHDRBS1;NOVA2;PTBP1;QKI;SRSF1
E0441	5791	ENSMUST00000145727.7|ENSMUSG00000058388|Phtf1	Phtf1	795	795	yes	ELAVL1;HNRNPA2B1;NOVA1;NOVA2;PTBP1;QKI;TARDBP	ELAVL1:1.83e-07;HNRNPA2B1:1.68e-07;NOVA1:1.47e-05;NOVA2:8.17e-06;PTBP1:9.09e-07;QKI:1.34e-05;TARDBP:5.62e-08	ELAVL1;FUS;HNRNPA1;HNRNPA2B1;KHDRBS1;MBNL1;NOVA1;NOVA2;PABPN1;PTBP1;QKI;SRSF1;TARDBP;ZFP36
E0442	580	ENSMUST00000146179.7|ENSMUSG00000020282|Rhbdf1	Rhbdf1	144	144	yes	ELAVL1;HNRNPA2B1;NOVA2;PTBP1;QKI;TARDBP	ELAVL1:7.93e-05;HNRNPA2B1:1.20e-05;NOVA2:2.16e-05;PTBP1:1.47e-05;QKI:1.11e-05;TARDBP:1.47e-05	ELAVL1;HNRNPA1;HNRNPA2B1;MBNL1;NOVA2;PTBP1;QKI;SRSF1;TARDBP;ZFP36
E0443	5816	ENSMUST00000012348.8|ENSMUSG00000040562|Gstm2	Gstm2	28	28	yes	HNRNPA2B1;PTBP1;QKI;TARDBP	HNRNPA2B1:7.86e-05;PTBP1:7.14e-05;QKI:9.54e-05;TARDBP:1.75e-05	HNRNPA1;HNRNPA2B1;MBNL1;PTBP1;QKI;SRSF1;TARDBP
E0444	5817	ENSMUST00000004140.10|ENSMUSG00000058135|Gstm1	Gstm1	11	11	yes	HNRNPA2B1;PTBP1	HNRNPA2B1:2.99e-05;PTBP1:8.29e-05	HNRNPA1;HNRNPA2B1;PTBP1;SRSF1
E0445	5823	ENSMUST00000102632.6|ENSMUSG00000068747|Sort1	Sort1	239	239	yes	ELAVL1;HNRNPA2B1;NOVA1;NOVA2;PTBP1;QKI;TARDBP	ELAVL1:6.68e-07;HNRNPA2B1:8.19e-07;NOVA1:9.54e-05;NOVA2:5.35e-05;PTBP1:6.67e-06;QKI:5.30e-05;TARDBP:8.37e-06	ELAVL1;HNRNPA1;HNRNPA2B1;KHDRBS1;MBNL1;NOVA1;NOVA2;PTBP1;QKI;SRSF1;TARDBP;ZFP36
E0446	5848	ENSMUST00000061071.12|ENSMUSG00000044667|Plppr4	Plppr4	177	177	yes	ELAVL1;HNRNPA2B1;NOVA2;PTBP1;QKI;TARDBP	ELAVL1:6.00e-06;HNRNPA2B1:2.31e-05;NOVA2:4.27e-05;PTBP1:1.20e-05;QKI:5.95e-05;TARDBP:6.51e-05	ELAVL1;HNRNPA1;HNRNPA2B1;KHDRBS1;MBNL1;NOVA2;PTBP1;QKI;SRSF1;TARDBP;ZFP36
E0447	5860	ENSMUST00000106429.5|ENSMUSG00000054091|1810037I17Rik	1810037I17Rik	16	16	yes	ELAVL1;HNRNPA2B1;PTBP1	ELAVL1:7.84e-05;HNRNPA2B1:9.75e-05;PTBP1:3.80e-06	ELAVL1;HNRNPA1;HNRNPA2B1;PTBP1;SRSF1;ZFP36
E0448	5889	ENSMUST00000053855.7|ENSMUSG00000046818|Ddit4l	Ddit4l	147	147	yes	ELAVL1;HNRNPA2B1;NOVA1;NOVA2;PTBP1;QKI;TARDBP	ELAVL1:7.84e-05;HNRNPA2B1:2.99e-05;NOVA1:9.54e-05;NOVA2:1.89e-06;PTBP1:3.63e-06;QKI:2.54e-05;TARDBP:5.62e-08	ELAVL1;HNRNPA1;HNRNPA2B1;MBNL1;NOVA1;NOVA2;PABPN1;PTBP1;QKI;SRSF1;TARDBP;ZFP36
E0449	5892	ENSMUST00000168345.5|ENSMUSG00000091512|Lamtor3	Lamtor3	29	29	yes	ELAVL1;PTBP1	ELAVL1:1.27e-05;PTBP1:3.71e-05	ELAVL1;HNRNPA1;MBNL1;PTBP1;SRSF1;ZFP36
E0450	5946	ENSMUST00000029907.5|ENSMUSG00000028243|Ubxn2b	Ubxn2b	517	517	yes	ELAVL1;HNRNPA2B1;NOVA1;NOVA2;PTBP1;QKI;TARDBP	ELAVL1:2.96e-05;HNRNPA2B1:4.43e-05;NOVA1:1.34e-05;NOVA2:4.19e-06;PTBP1:5.23e-06;QKI:7.93e-05;TARDBP:5.62e-08	ELAVL1;FUS;HNRNPA1;HNRNPA2B1;KHDRBS1;MBNL1;NOVA1;NOVA2;PABPN1;PTBP1;QKI;SRSF1;TARDBP;ZFP36
E0451	5952	ENSMUST00000078139.12|ENSMUSG00000028207|Asph	Asph	198	198	yes	ELAVL1;NOVA1;PTBP1;QKI;TARDBP	ELAVL1:6.68e-07;NOVA1:1.47e-05;PTBP1:5.23e-06;QKI:2.54e-05;TARDBP:5.62e-08	ELAVL1;HNRNPA1;KHDRBS1;MBNL1;NOVA1;PTBP1;QKI;SRSF1;TARDBP;ZFP36
E0452	5957	ENSMUST00000044616.9|ENSMUSG00000040738|Ints8	Ints8	136	136	yes	ELAVL1;HNRNPA2B1;NOVA2;PTBP1;QKI;TARDBP	ELAVL1:3.80e-06;HNRNPA2B1:7.86e-05;NOVA2:9.85e-05;PTBP1:9.09e-07;QKI:7.93e-05;TARDBP:9.09e-07	ELAVL1;HNRNPA1;HNRNPA2B1;KHDRBS1;NOVA2;PABPN1;PTBP1;QKI;SRSF1;TARDBP;ZFP36
E0453	5970	ENSMUST00000062684.8|ENSMUSG00000043252|Tmem64	Tmem64	62	62	yes	ELAVL1;HNRNPA2B1;PTBP1;TARDBP	ELAVL1:3.87e-05;HNRNPA2B1:4.43e-05;PTBP1:3.39e-05;TARDBP:8.37e-06	ELAVL1;HNRNPA1;HNRNPA2B1;KHDRBS1;PTBP1;SRSF1;TARDBP;ZFP36
E0454	5979	ENSMUST00000065928.10|ENSMUSG00000028252|Ccnc	Ccnc	109	109	yes	ELAVL1;NOVA1;PTBP1;QKI;TARDBP	ELAVL1:8.86e-06;NOVA1:4.73e-05;PTBP1:3.80e-06;QKI:4.72e-05;TARDBP:2.85e-05	ELAVL1;HNRNPA1;KHDRBS1;NOVA1;PTBP1;QKI;SRSF1;TARDBP;ZFP36
E0455	5995	ENSMUST00000049357.9|ENSMUSG00000040128|Pnrc1	Pnrc1	11	11	yes	ELAVL1;PTBP1;TARDBP	ELAVL1:7.84e-05;PTBP1:2.13e-05;TARDBP:1.47e-05	ELAVL1;KHDRBS1;PTBP1;SRSF1;TARDBP
E0456	6001	ENSMUST00000102973.3|ENSMUSG00000028405|Aco1	Aco1	13	13	yes	ELAVL1;HNRNPA2B1;PTBP1;QKI;TARDBP	ELAVL1:9.66e-05;HNRNPA2B1:2.99e-05;PTBP1:1.47e-05;QKI:7.24e-05;TARDBP:6.51e-05	ELAVL1;HNRNPA2B1;PTBP1;QKI;SRSF1;TARDBP
E0457	6009	ENSMUST00000030128.5|ENSMUSG00000028419|Chmp5	Chmp5	10	10	yes	ELAVL1;NOVA1;PTBP1;TARDBP	ELAVL1:7.93e-05;NOVA1:4.73e-05;PTBP1:6.51e-05;TARDBP:9.40e-05	ELAVL1;KHDRBS1;NOVA1;PTBP1;SRSF1;TARDBP;ZFP36
E0458	6016	ENSMUST00000030154.6|ENSMUSG00000028443|Nudt2	Nudt2	8	8	yes	ELAVL1;HNRNPA2B1	ELAVL1:9.05e-05;HNRNPA2B1:4.43e-05	ELAVL1;HNRNPA2B1;SRSF1;ZFP36
E0459	6017	ENSMUST00000054920.4|ENSMUSG00000046312|Myorg	Myorg	228	228	yes	ELAVL1;HNRNPA2B1;NOVA1;NOVA2;PTBP1;TARDBP	ELAVL1:2.96e-05;HNRNPA2B1:7.65e-05;NOVA1:2.96e-05;NOVA2:2.96e-05;PTBP1:1.83e-06;TARDBP:5.62e-08	ELAVL1;FUS;HNRNPA1;HNRNPA2B1;KHDRBS1;MBNL1;NOVA1;NOVA2;PABPN1;PTBP1;SRSF1;TARDBP;ZFP36
E0460	6019	ENSMUST00000127306.1|ENSMUSG00000028445|Enho	Enho	20	20	yes	ELAVL1;HNRNPA2B1;PTBP1;QKI	ELAVL1:1.27e-05;HNRNPA2B1:2.99e-05;PTBP1:9.66e-05;QKI:9.18e-05	ELAVL1;HNRNPA1;HNRNPA2B1;PTBP1;QKI;SRSF1;ZFP36
E0461	6033	ENSMUST00000140546.2|ENSMUSG00000071005|Ccl19	Ccl19	6	6	yes	NOVA2;PTBP1;TARDBP	NOVA2:6.23e-05;PTBP1:5.73e-05;TARDBP:1.29e-05	NOVA2;PTBP1;SRSF1;TARDBP
E0462	6121	ENSMUST00000035301.6|ENSMUSG00000039105|Atp6v1g1	Atp6v1g1	31	31	yes	ELAVL1;HNRNPA2B1;PTBP1;QKI	ELAVL1:9.05e-05;HNRNPA2B1:7.86e-05;PTBP1:5.23e-06;QKI:7.93e-05	ELAVL1;HNRNPA1;HNRNPA2B1;MBNL1;PTBP1;QKI;SRSF1;ZFP36
E0463	6129	ENSMUST00000107359.8|ENSMUSG00000039270|Megf9	Megf9	248	248	yes	ELAVL1;HNRNPA2B1;NOVA1;NOVA2;PTBP1;QKI;TARDBP	ELAVL1:1.83e-07;HNRNPA2B1:1.20e-05;NOVA1:1.34e-05;NOVA2:2.96e-05;PTBP1:2.99e-06;QKI:4.73e-05;TARDBP:2.23e-05	ELAVL1;FUS;HNRNPA1;HNRNPA2B1;KHDRBS1;MBNL1;NOVA1;NOVA2;PABPN1;PTBP1;QKI;SRSF1;TARDBP;ZFP36
E0464	6131	ENSMUST00000077851.9|ENSMUSG00000028397|Kdm4c	Kdm4c	47	47	yes	ELAVL1;HNRNPA2B1;NOVA2;PTBP1;TARDBP	ELAVL1:6.00e-06;HNRNPA2B1:6.07e-05;NOVA2:5.35e-05;PTBP1:1.21e-05;TARDBP:6.51e-05	ELAVL1;HNRNPA1;HNRNPA2B1;MBNL1;NOVA2;PTBP1;SRSF1;TARDBP
E0465	6135	ENSMUST00000107262.7|ENSMUSG00000028402|Mpdz	Mpdz	14	14	yes	ELAVL1;QKI;TARDBP	ELAVL1:8.86e-06;QKI:7.93e-05;TARDBP:5.35e-05	ELAVL1;HNRNPA1;QKI;TARDBP;ZFP36
E0466	617	ENSMUST00000049519.3|ENSMUSG00000046879|Irgm1	Irgm1	69	69	yes	ELAVL1;NOVA2;PTBP1	ELAVL1:1.83e-07;NOVA2:6.23e-05;PTBP1:1.21e-05	ELAVL1;HNRNPA1;NOVA2;PTBP1;SRSF1;ZFP36
E0467	6190	ENSMUST00000030340.14|ENSMUSG00000028603|Scp2	Scp2	33	33	yes	ELAVL1;HNRNPA2B1;NOVA1;NOVA2;PTBP1;TARDBP	ELAVL1:2.96e-05;HNRNPA2B1:9.75e-05;NOVA1:2.96e-05;NOVA2:2.96e-05;PTBP1:1.85e-06;TARDBP:6.51e-05	ELAVL1;FUS;HNRNPA1;HNRNPA2B1;NOVA1;NOVA2;PTBP1;SRSF1;TARDBP;ZFP36
E0468	6196	ENSMUST00000079213.5|ENSMUSG00000063800|Prpf38a	Prpf38a	11	11	yes	ELAVL1;HNRNPA2B1;PTBP1	ELAVL1:9.66e-05;HNRNPA2B1:9.75e-05;PTBP1:1.79e-05	ELAVL1;HNRNPA2B1;PABPN1;PTBP1;SRSF1
E0469	6213	ENSMUST00000074425.12|ENSMUSG00000034210|Efcab14	Efcab14	201	201	yes	ELAVL1;HNRNPA2B1;NOVA2;PTBP1;QKI;TARDBP	ELAVL1:3.87e-05;HNRNPA2B1:1.20e-05;NOVA2:5.35e-05;PTBP1:2.85e-05;QKI:7.93e-05;TARDBP:5.62e-08	ELAVL1;HNRNPA1;HNRNPA2B1;KHDRBS1;NOVA2;PABPN1;PTBP1;QKI;SRSF1;TARDBP;ZFP36
E0470	6234	ENSMUST00000030439.14|ENSMUSG00000028677|Rnf220	Rnf220	15	15	yes	PTBP1;TARDBP	PTBP1:1.21e-05;TARDBP:3.13e-05	HNRNPA1;PTBP1;SRSF1;TARDBP
E0471	6235	ENSMUST00000037127.14|ENSMUSG00000033423|Eri3	Eri3	10	10	yes	HNRNPA2B1;PTBP1	HNRNPA2B1:1.98e-05;PTBP1:3.71e-05	HNRNPA1;HNRNPA2B1;PTBP1;SRSF1
E0472	6250	ENSMUST00000079644.12|ENSMUSG00000028639|Ybx1	Ybx1	32	32	yes	NOVA1;PTBP1;TARDBP	NOVA1:2.99e-05;PTBP1:1.86e-05;TARDBP:8.37e-06	NOVA1;PTBP1;SRSF1;TARDBP;ZFP36
E0473	6264	ENSMUST00000043200.7|ENSMUSG00000032870|Smap2	Smap2	66	66	yes	ELAVL1;NOVA1;PTBP1;TARDBP	ELAVL1:9.66e-05;NOVA1:2.54e-05;PTBP1:3.12e-05;TARDBP:2.14e-05	ELAVL1;HNRNPA1;MBNL1;NOVA1;PABPN1;PTBP1;SRSF1;TARDBP;ZFP36
E0474	628	ENSMUST00000109179.8|ENSMUSG00000020366|Mapk9	Mapk9	125	125	yes	ELAVL1;HNRNPA2B1;NOVA2;PTBP1;QKI;TARDBP	ELAVL1:6.00e-06;HNRNPA2B1:3.38e-05;NOVA2:5.35e-05;PTBP1:9.76e-06;QKI:4.24e-05;TARDBP:2.14e-05	ELAVL1;HNRNPA1;HNRNPA2B1;KHDRBS1;MBNL1;NOVA2;PTBP1;QKI;SRSF1;TARDBP;ZFP36
E0475	6280	ENSMUST00000163946.1|ENSMUSG00000078570|1110065P20Rik	1110065P20Rik	9	9	yes	NOVA1;PTBP1	NOVA1:1.47e-05;PTBP1:5.30e-05	KHDRBS1;NOVA1;PTBP1;ZFP36
E0476	6295	ENSMUST00000125981.7|ENSMUSG00000028849|Map7d1	Map7d1	12	12	yes	PTBP1	PTBP1:5.70e-05	HNRNPA1;PTBP1;SRSF1
E0477	6296	ENSMUST00000030660.8|ENSMUSG00000028847|Trappc3	Trappc3	19	19	yes	HNRNPA2B1;NOVA1;NOVA2;PTBP1;TARDBP	HNRNPA2B1:1.98e-05;NOVA1:9.54e-05;NOVA2:8.01e-05;PTBP1:6.51e-05;TARDBP:5.04e-05	HNRNPA1;HNRNPA2B1;NOVA1;NOVA2;PTBP1;SRSF1;TARDBP
E0478	6305	ENSMUST00000046659.13|ENSMUSG00000042388|Dlgap3	Dlgap3	45	45	yes	ELAVL1;HNRNPA2B1;NOVA1;NOVA2;PTBP1	ELAVL1:2.96e-05;HNRNPA2B1:1.23e-06;NOVA1:2.96e-05;NOVA2:2.96e-05;PTBP1:5.47e-06	ELAVL1;FUS;HNRNPA1;HNRNPA2B1;MBNL1;NOVA1;NOVA2;PTBP1;SRSF1
E0479	6306	ENSMUST00000142029.1|ENSMUSG00000042380|Smim12	Smim12	16	16	yes	HNRNPA2B1;PTBP1	HNRNPA2B1:9.43e-05;PTBP1:7.14e-05	HNRNPA1;HNRNPA2B1;PTBP1;SRSF1;ZFP36
E0480	6314	ENSMUST00000095807.9|ENSMUSG00000028785|Hpca	Hpca	149	149	yes	HNRNPA2B1;PTBP1;TARDBP	HNRNPA2B1:7.45e-05;PTBP1:3.71e-05;TARDBP:5.62e-08	HNRNPA1;HNRNPA2B1;PTBP1;SRSF1;TARDBP
E0481	6334	ENSMUST00000118199.7|ENSMUSG00000028779|Pef1	Pef1	18	18	yes	ELAVL1;PTBP1	ELAVL1:9.66e-05;PTBP1:1.85e-06	ELAVL1;HNRNPA1;KHDRBS1;PTBP1;SRSF1
E0482	6343	ENSMUST00000151698.7|ENSMUSG00000028581|Laptm5	Laptm5	15	15	yes	NOVA2;PTBP1	NOVA2:5.35e-05;PTBP1:1.79e-05	HNRNPA1;MBNL1;NOVA2;PTBP1;SRSF1
E0483	635	ENSMUST00000020643.3|ENSMUSG00000020375|Rufy1	Rufy1	17	17	yes	PTBP1;TARDBP	PTBP1:5.23e-06;TARDBP:5.35e-05	MBNL1;PTBP1;SRSF1;TARDBP;ZFP36
E0484	6377	ENSMUST00000102553.10|ENSMUSG00000003038|Hmgn2	Hmgn2	8	8	yes	PTBP1;TARDBP	PTBP1:5.30e-05;TARDBP:9.40e-05	HNRNPA1;MBNL1;PTBP1;SRSF1;TARDBP
E0485	6378	ENSMUST00000144668.7|ENSMUSG00000012117|Dhdds	Dhdds	91	91	yes	ELAVL1;HNRNPA2B1;NOVA2;PTBP1;QKI;TARDBP	ELAVL1:7.93e-05;HNRNPA2B1:1.20e-05;NOVA2:5.35e-05;PTBP1:3.80e-06;QKI:1.11e-05;TARDBP:5.04e-05	ELAVL1;HNRNPA1;HNRNPA2B1;KHDRBS1;MBNL1;NOVA2;PABPN1;PTBP1;QKI;SRSF1;TARDBP
E0486	6379	ENSMUST00000030651.8|ENSMUSG00000028843|Sh3bgrl3	Sh3bgrl3	7	7	yes	HNRNPA2B1	HNRNPA2B1:4.75e-05	HNRNPA2B1;SRSF1
E0487	6387	ENSMUST00000030636.10|ENSMUSG00000028832|Stmn1	Stmn1	1	1	no			SRSF1
E0488	6390	ENSMUST00000060435.6|ENSMUSG00000050989|Selenon	Selenon	65	65	yes	HNRNPA2B1;NOVA2;PTBP1;TARDBP	HNRNPA2B1:8.71e-06;NOVA2:2.17e-05;PTBP1:1.83e-06;TARDBP:8.29e-05	HNRNPA1;HNRNPA2B1;MBNL1;NOVA2;PABPN1;PTBP1;SRSF1;TARDBP;ZFP36
E0489	6395	ENSMUST00000030622.2|ENSMUSG00000028821|Syf2	Syf2	13	13	yes	NOVA1	NOVA1:5.35e-05	HNRNPA1;MBNL1;NOVA1;SRSF1
E0490	6401	ENSMUST00000030434.4|ENSMUSG00000028673|Fuca1	Fuca1	50	50	yes	ELAVL1;HNRNPA2B1;NOVA2;PTBP1;QKI	ELAVL1:9.05e-05;HNRNPA2B1:1.86e-05;NOVA2:5.35e-05;PTBP1:3.70e-07;QKI:1.34e-05	ELAVL1;HNRNPA1;HNRNPA2B1;MBNL1;NOVA2;PTBP1;QKI;SRSF1;ZFP36
E0491	6410	ENSMUST00000069195.4|ENSMUSG00000051351|Zfp46	Zfp46	333	333	yes	ELAVL1;HNRNPA2B1;NOVA1;NOVA2;PTBP1;QKI;TARDBP	ELAVL1:7.93e-05;HNRNPA2B1:1.86e-05;NOVA1:5.35e-05;NOVA2:3.12e-05;PTBP1:3.71e-05;QKI:3.75e-05;TARDBP:5.62e-08	ELAVL1;HNRNPA1;HNRNPA2B1;KHDRBS1;MBNL1;NOVA1;NOVA2;PABPN1;PTBP1;QKI;SRSF1;TARDBP;ZFP36
E0492	6426	ENSMUST00000030538.4|ENSMUSG00000028757|Ddost	Ddost	27	27	yes	ELAVL1;HNRNPA2B1;NOVA2;PTBP1;QKI;TARDBP	ELAVL1:1.27e-05;HNRNPA2B1:2.76e-05;NOVA2:9.76e-05;PTBP1:4.83e-05;QKI:9.54e-05;TARDBP:6.10e-07	ELAVL1;HNRNPA2B1;NOVA2;PTBP1;QKI;SRSF1;TARDBP;ZFP36
E0493	6427	ENSMUST00000105816.7|ENSMUSG00000028756|Pink1	Pink1	2	2	yes	PTBP1	PTBP1:1.79e-05	PTBP1
E0494	6443	ENSMUST00000127833.2|ENSMUSG00000036622|Atp13a2	Atp13a2	7	7	yes	NOVA1;PTBP1;QKI	NOVA1:5.35e-05;PTBP1:5.42e-05;QKI:1.11e-05	HNRNPA1;MBNL1;NOVA1;PTBP1;QKI;SRSF1
E0495	6456	ENSMUST00000036854.3|ENSMUSG00000040659|Efhd2	Efhd2	44	44	yes	ELAVL1;HNRNPA2B1;PTBP1;TARDBP	ELAVL1:9.66e-05;HNRNPA2B1:6.07e-05;PTBP1:8.19e-06;TARDBP:9.09e-07	ELAVL1;HNRNPA1;HNRNPA2B1;MBNL1;PTBP1;SRSF1;TARDBP;ZFP36
E0496	6458	ENSMUST00000129032.7|ENSMUSG00000040606|Kazn	Kazn	120	120	yes	ELAVL1;HNRNPA2B1;NOVA1;NOVA2;PTBP1;QKI	ELAVL1:3.80e-06;HNRNPA2B1:5.99e-06;NOVA1:5.35e-05;NOVA2:5.35e-05;PTBP1:1.01e-05;QKI:7.93e-05	ELAVL1;HNRNPA1;HNRNPA2B1;KHDRBS1;MBNL1;NOVA1;NOVA2;PTBP1;QKI;SRSF1;ZFP36
E0497	646	ENSMUST00000020653.5|ENSMUSG00000020386|Sar1b	Sar1b	4	4	no			KHDRBS1;SRSF1
E0498	647	ENSMUST00000020657.12|ENSMUSG00000020390|Ube2b	Ube2b	20	20	yes	ELAVL1;PTBP1;QKI	ELAVL1:3.87e-05;PTBP1:7.34e-05;QKI:5.30e-05	ELAVL1;HNRNPA1;KHDRBS1;MBNL1;PTBP1;QKI;SRSF1;ZFP36
E0499	6470	ENSMUST00000019199.13|ENSMUSG00000019055|Plod1	Plod1	15	15	yes	NOVA2;PTBP1	NOVA2:5.35e-05;PTBP1:1.29e-05	HNRNPA1;NOVA2;PTBP1;SRSF1
E0500	6478	ENSMUST00000047951.8|ENSMUSG00000041556|Fbxo2	Fbxo2	7	7	yes	PTBP1	PTBP1:1.47e-05	PTBP1;SRSF1
E0501	6479	ENSMUST00000051633.2|ENSMUSG00000047719|Ubiad1	Ubiad1	8	8	yes	PTBP1	PTBP1:5.30e-05	MBNL1;PTBP1;SRSF1
E0502	6498	ENSMUST00000080926.12|ENSMUSG00000063524|Eno1	Eno1	7	7	yes	PTBP1;TARDBP	PTBP1:2.52e-05;TARDBP:6.51e-05	KHDRBS1;MBNL1;PTBP1;SRSF1;TARDBP
E0503	6500	ENSMUST00000073600.8|ENSMUSG00000028967|Errfi1	Errfi1	7	7	yes	ELAVL1;HNRNPA2B1	ELAVL1:3.80e-06;HNRNPA2B1:6.07e-05	ELAVL1;HNRNPA2B1;MBNL1;SRSF1
E0504	6519	ENSMUST00000030896.14|ENSMUSG00000029030|Tprgl	Tprgl	14	14	yes	ELAVL1;TARDBP	ELAVL1:7.93e-05;TARDBP:1.05e-05	ELAVL1;HNRNPA1;KHDRBS1;MBNL1;SRSF1;TARDBP
E0505	6532	ENSMUST00000123952.8|ENSMUSG00000078490|Cfap74	Cfap74	85	85	yes	ELAVL1;HNRNPA2B1;PTBP1;QKI;TARDBP	ELAVL1:3.87e-05;HNRNPA2B1:2.99e-05;PTBP1:1.21e-05;QKI:9.54e-05;TARDBP:9.09e-07	ELAVL1;HNRNPA1;HNRNPA2B1;MBNL1;PTBP1;QKI;SRSF1;TARDBP;ZFP36
E0506	6533	ENSMUST00000165335.7|ENSMUSG00000029064|Gnb1	Gnb1	82	82	yes	ELAVL1;HNRNPA2B1;NOVA1;PTBP1;TARDBP	ELAVL1:3.87e-05;HNRNPA2B1:5.93e-05;NOVA1:5.35e-05;PTBP1:9.30e-06;TARDBP:2.14e-05	ELAVL1;HNRNPA1;HNRNPA2B1;KHDRBS1;MBNL1;NOVA1;PTBP1;SRSF1;TARDBP;ZFP36
E0507	6534	ENSMUST00000105613.9|ENSMUSG00000029063|Nadk	Nadk	71	71	yes	ELAVL1;HNRNPA2B1;NOVA1;PTBP1;QKI;TARDBP	ELAVL1:3.80e-06;HNRNPA2B1:1.30e-05;NOVA1:1.47e-05;PTBP1:1.21e-05;QKI:9.18e-05;TARDBP:5.04e-05	ELAVL1;HNRNPA1;HNRNPA2B1;MBNL1;NOVA1;PTBP1;QKI;SRSF1;TARDBP;ZFP36
E0508	6536	ENSMUST00000099265.2|ENSMUSG00000074738|Fndc10	Fndc10	42	42	yes	HNRNPA2B1;NOVA2;PTBP1;QKI;TARDBP	HNRNPA2B1:4.43e-05;NOVA2:1.42e-05;PTBP1:3.70e-05;QKI:9.18e-05;TARDBP:1.05e-05	HNRNPA2B1;NOVA2;PABPN1;PTBP1;QKI;SRSF1;TARDBP
E0509	6548	ENSMUST00000079031.5|ENSMUSG00000029033|Acap3	Acap3	34	34	yes	ELAVL1;HNRNPA2B1;PTBP1;TARDBP	ELAVL1:3.87e-05;HNRNPA2B1:1.73e-06;PTBP1:8.11e-05;TARDBP:3.58e-05	ELAVL1;HNRNPA1;HNRNPA2B1;MBNL1;PTBP1;SRSF1;TARDBP
E0510	6550	ENSMUST00000052185.4|ENSMUSG00000050796|B3galt6	B3galt6	76	76	yes	ELAVL1;HNRNPA2B1;NOVA1;PTBP1;TARDBP	ELAVL1:2.01e-05;HNRNPA2B1:1.11e-06;NOVA1:1.47e-05;PTBP1:3.12e-05;TARDBP:9.09e-07	ELAVL1;HNRNPA1;HNRNPA2B1;KHDRBS1;NOVA1;PTBP1;SRSF1;TARDBP;ZFP36
E0511	6556	ENSMUST00000179543.7|ENSMUSG00000095567|Noc2l	Noc2l	39	39	yes	ELAVL1;HNRNPA2B1;PTBP1	ELAVL1:7.93e-05;HNRNPA2B1:1.23e-06;PTBP1:5.23e-05	ELAVL1;HNRNPA1;HNRNPA2B1;PTBP1;SRSF1
E0512	6563	ENSMUST00000179804.7|ENSMUSG00000046798|Cldn12	Cldn12	59	59	yes	HNRNPA2B1;NOVA2;PTBP1;QKI;TARDBP	HNRNPA2B1:7.65e-05;NOVA2:5.35e-05;PTBP1:1.79e-05;QKI:1.11e-05;TARDBP:8.29e-05	HNRNPA1;HNRNPA2B1;KHDRBS1;NOVA2;PTBP1;QKI;SRSF1;TARDBP
E0513	6571	ENSMUST00000003720.4|ENSMUSG00000003623|Crot	Crot	4	4	yes	PTBP1;TARDBP	PTBP1:7.93e-05;TARDBP:6.51e-05	PTBP1;TARDBP;ZFP36
E0514	6574	ENSMUST00000004076.4|ENSMUSG00000003974|Grm3	Grm3	1	1	no			SRSF1
E0515	6605	ENSMUST00000030795.9|ENSMUSG00000028953|Abcf2	Abcf2	14	14	yes	HNRNPA2B1;NOVA2;PTBP1	HNRNPA2B1:2.27e-05;NOVA2:6.23e-05;PTBP1:6.51e-05	HNRNPA1;HNRNPA2B1;KHDRBS1;MBNL1;NOVA2;PTBP1;SRSF1;ZFP36
E0516	6640	ENSMUST00000154241.7|ENSMUSG00000107283|Mpv17	Mpv17	31	31	yes	ELAVL1;PTBP1;QKI	ELAVL1:1.83e-07;PTBP1:7.93e-05;QKI:2.99e-05	ELAVL1;HNRNPA1;PTBP1;QKI;SRSF1;ZFP36
E0517	6645	ENSMUST00000031034.11|ENSMUSG00000029148|Nrbp1	Nrbp1	42	42	yes	ELAVL1;HNRNPA2B1;PTBP1;TARDBP	ELAVL1:9.66e-05;HNRNPA2B1:2.99e-05;PTBP1:2.73e-05;TARDBP:6.51e-05	ELAVL1;HNRNPA1;HNRNPA2B1;MBNL1;PTBP1;SRSF1;TARDBP
E0518	6647	ENSMUST00000076264.7|ENSMUSG00000062761|Zfp512	Zfp512	78	78	yes	NOVA1;PTBP1;QKI;TARDBP	NOVA1:2.54e-05;PTBP1:1.21e-05;QKI:7.24e-05;TARDBP:6.10e-07	HNRNPA1;MBNL1;NOVA1;PTBP1;QKI;SRSF1;TARDBP
E0519	6653	ENSMUST00000019109.7|ENSMUSG00000018965|Ywhah	Ywhah	11	11	yes	ELAVL1;PTBP1	ELAVL1:3.87e-05;PTBP1:1.47e-05	ELAVL1;HNRNPA1;PTBP1;SRSF1
E0520	6658	ENSMUST00000169212.8|ENSMUSG00000054252|Fgfr3	Fgfr3	58	58	yes	ELAVL1;HNRNPA2B1;NOVA1;NOVA2;PTBP1;QKI;TARDBP	ELAVL1:2.96e-05;HNRNPA2B1:1.13e-07;NOVA1:2.96e-05;NOVA2:2.96e-05;PTBP1:2.96e-05;QKI:5.76e-05;TARDBP:6.51e-05	ELAVL1;FUS;HNRNPA1;HNRNPA2B1;KHDRBS1;NOVA1;NOVA2;PTBP1;QKI;SRSF1;TARDBP
E0521	6670	ENSMUST00000030986.14|ENSMUSG00000029103|Lrpap1	Lrpap1	54	54	yes	ELAVL1;HNRNPA2B1;NOVA1;PTBP1;QKI;TARDBP	ELAVL1:1.27e-05;HNRNPA2B1:1.86e-05;NOVA1:1.47e-05;PTBP1:1.47e-05;QKI:4.73e-05;TARDBP:7.15e-06	ELAVL1;HNRNPA1;HNRNPA2B1;MBNL1;NOVA1;PTBP1;QKI;SRSF1;TARDBP;ZFP36
E0522	6671	ENSMUST00000049545.6|ENSMUSG00000045318|Adra2c	Adra2c	16	16	yes	PTBP1	PTBP1:3.63e-06	PTBP1;SRSF1
E0523	6682	ENSMUST00000068795.3|ENSMUSG00000055302|Mrfap1	Mrfap1	9	9	yes	ELAVL1;NOVA1;PTBP1	ELAVL1:9.66e-05;NOVA1:5.43e-05;PTBP1:7.93e-05	ELAVL1;KHDRBS1;NOVA1;PTBP1;SRSF1
E0524	6685	ENSMUST00000114158.8|ENSMUSG00000029121|Crmp1	Crmp1	10	10	yes	TARDBP	TARDBP:8.29e-05	HNRNPA1;SRSF1;TARDBP
E0525	6687	ENSMUST00000056365.8|ENSMUSG00000050248|Evc2	Evc2	14	14	yes	PTBP1	PTBP1:1.47e-05	HNRNPA1;PTBP1;SRSF1
E0526	6693	ENSMUST00000005234.12|ENSMUSG00000005103|Wdr1	Wdr1	31	31	yes	ELAVL1;PTBP1;TARDBP	ELAVL1:6.00e-06;PTBP1:1.01e-05;TARDBP:6.41e-05	ELAVL1;PTBP1;SRSF1;TARDBP;ZFP36
E0527	6704	ENSMUST00000198258.4|ENSMUSG00000015806|Qdpr	Qdpr	13	13	yes	HNRNPA2B1;NOVA2	HNRNPA2B1:7.86e-05;NOVA2:9.53e-05	HNRNPA1;HNRNPA2B1;NOVA2;SRSF1
E0528	6710	ENSMUST00000195960.4|ENSMUSG00000029089|5730480H06Rik	5730480H06Rik	985	985	yes	ELAVL1;HNRNPA2B1;NOVA1;NOVA2;PTBP1;QKI;TARDBP	ELAVL1:3.80e-06;HNRNPA2B1:4.22e-06;NOVA1:1.02e-07;NOVA2:2.95e-05;PTBP1:5.23e-06;QKI:4.24e-06;TARDBP:5.62e-08	ELAVL1;HNRNPA1;HNRNPA2B1;KHDRBS1;MBNL1;NOVA1;NOVA2;PABPN1;PTBP1;QKI;SRSF1;TARDBP;ZFP36
E0529	6734	ENSMUST00000031131.10|ENSMUSG00000029223|Uchl1	Uchl1	19	19	yes	ELAVL1;PTBP1;TARDBP	ELAVL1:7.93e-05;PTBP1:3.70e-05;TARDBP:6.41e-05	ELAVL1;HNRNPA1;PTBP1;SRSF1;TARDBP
E0530	6749	ENSMUST00000081170.8|ENSMUSG00000029156|Sgcb	Sgcb	59	59	yes	ELAVL1;PTBP1;QKI;TARDBP	ELAVL1:7.84e-05;PTBP1:1.20e-05;QKI:8.56e-07;TARDBP:2.85e-05	ELAVL1;HNRNPA1;KHDRBS1;MBNL1;PABPN1;PTBP1;QKI;SRSF1;TARDBP;ZFP36
E0531	6751	ENSMUST00000051937.8|ENSMUSG00000049907|Rasl11b	Rasl11b	10	10	yes	HNRNPA2B1;PTBP1;QKI	HNRNPA2B1:1.98e-05;PTBP1:1.47e-05;QKI:7.93e-05	HNRNPA2B1;PTBP1;QKI;SRSF1
E0532	6756	ENSMUST00000113516.1|ENSMUSG00000062960|Kdr	Kdr	63	63	yes	ELAVL1;PTBP1;QKI;TARDBP	ELAVL1:3.87e-05;PTBP1:5.23e-06;QKI:2.85e-05;TARDBP:1.29e-05	ELAVL1;PTBP1;QKI;SRSF1;TARDBP;ZFP36
E0533	6763	ENSMUST00000046746.9|ENSMUSG00000036256|Igfbp7	Igfbp7	5	5	yes	ELAVL1	ELAVL1:1.27e-05	ELAVL1
E0534	6785	ENSMUST00000031377.8|ENSMUSG00000029426|Scarb2	Scarb2	76	76	yes	ELAVL1;HNRNPA2B1;NOVA2;PTBP1;QKI;TARDBP	ELAVL1:6.00e-06;HNRNPA2B1:2.99e-05;NOVA2:5.35e-05;PTBP1:3.70e-05;QKI:5.95e-05;TARDBP:5.35e-05	ELAVL1;HNRNPA1;HNRNPA2B1;KHDRBS1;MBNL1;NOVA2;PTBP1;QKI;SRSF1;TARDBP;ZFP36
E0535	6798	ENSMUST00000169390.7|ENSMUSG00000029326|Enoph1	Enoph1	3	3	no			HNRNPA1;SRSF1
E0536	6799	ENSMUST00000094578.10|ENSMUSG00000035325|Sec31a	Sec31a	10	10	yes	HNRNPA2B1;PTBP1	HNRNPA2B1:5.35e-05;PTBP1:1.29e-05	HNRNPA1;HNRNPA2B1;PTBP1;SRSF1
E0537	6817	ENSMUST00000031249.7|ENSMUSG00000029309|Sparcl1	Sparcl1	3	3	yes	NOVA2	NOVA2:5.35e-05	HNRNPA1;NOVA2;SRSF1
E0538	6837	ENSMUST00000031198.10|ENSMUSG00000029270|Dipk1a	Dipk1a	31	31	yes	ELAVL1;NOVA1;NOVA2;PTBP1;TARDBP	ELAVL1:7.84e-05;NOVA1:1.47e-05;NOVA2:2.38e-05;PTBP1:1.75e-05;TARDBP:5.04e-05	ELAVL1;HNRNPA1;NOVA1;NOVA2;PTBP1;SRSF1;TARDBP;ZFP36
E0539	6843	ENSMUST00000046892.9|ENSMUSG00000033615|Cplx1	Cplx1	8	8	yes	NOVA2;PTBP1;QKI	NOVA2:1.80e-05;PTBP1:1.75e-05;QKI:9.54e-05	NOVA2;PTBP1;QKI;SRSF1
E0540	6845	ENSMUST00000063272.12|ENSMUSG00000013495|Tmem175	Tmem175	55	55	yes	ELAVL1;HNRNPA2B1;NOVA1;NOVA2;PTBP1;QKI;TARDBP	ELAVL1:2.96e-05;HNRNPA2B1:9.80e-05;NOVA1:2.96e-05;NOVA2:2.96e-05;PTBP1:1.47e-05;QKI:8.56e-07;TARDBP:4.38e-06	ELAVL1;FUS;HNRNPA1;HNRNPA2B1;MBNL1;NOVA1;NOVA2;PABPN1;PTBP1;QKI;SRSF1;TARDBP;ZFP36
E0541	6852	ENSMUST00000112505.8|ENSMUSG00000029500|Pgam5	Pgam5	20	20	yes	ELAVL1;PTBP1;TARDBP	ELAVL1:1.27e-05;PTBP1:4.03e-06;TARDBP:6.51e-05	ELAVL1;HNRNPA1;KHDRBS1;PTBP1;SRSF1;TARDBP
E0542	6858	ENSMUST00000031490.10|ENSMUSG00000029512|Ulk1	Ulk1	168	168	yes	ELAVL1;HNRNPA2B1;NOVA2;PTBP1;TARDBP	ELAVL1:3.87e-05;HNRNPA2B1:7.51e-06;NOVA2:9.00e-05;PTBP1:5.47e-06;TARDBP:5.62e-08	ELAVL1;HNRNPA1;HNRNPA2B1;KHDRBS1;MBNL1;NOVA2;PABPN1;PTBP1;SRSF1;TARDBP;ZFP36
E0543	6874	ENSMUST00000100874.5|ENSMUSG00000048163|Selplg	Selplg	10	10	yes	PTBP1	PTBP1:1.47e-05	HNRNPA1;MBNL1;PTBP1;SRSF1
E0544	6877	ENSMUST00000058472.12|ENSMUSG00000042078|Svop	Svop	45	45	yes	HNRNPA2B1;PTBP1	HNRNPA2B1:4.43e-05;PTBP1:2.02e-05	HNRNPA1;HNRNPA2B1;PTBP1;SRSF1
E0545	6882	ENSMUST00000043760.14|ENSMUSG00000041939|Mvk	Mvk	7	7	yes	HNRNPA2B1	HNRNPA2B1:2.99e-05	HNRNPA1;HNRNPA2B1;SRSF1
E0546	6886	ENSMUST00000112185.8|ENSMUSG00000041890|Git2	Git2	168	168	yes	ELAVL1;HNRNPA2B1;NOVA2;PTBP1;QKI	ELAVL1:7.93e-05;HNRNPA2B1:2.99e-05;NOVA2:3.66e-05;PTBP1:9.09e-07;QKI:1.11e-05	ELAVL1;HNRNPA1;HNRNPA2B1;KHDRBS1;MBNL1;NOVA2;PTBP1;QKI;SRSF1;ZFP36
E0547	6895	ENSMUST00000112121.5|ENSMUSG00000048578|Mlec	Mlec	261	261	yes	ELAVL1;HNRNPA2B1;NOVA1;NOVA2;PTBP1;QKI;TARDBP	ELAVL1:7.84e-05;HNRNPA2B1:3.12e-06;NOVA1:1.47e-05;NOVA2:1.27e-05;PTBP1:9.09e-07;QKI:2.54e-05;TARDBP:5.04e-05	ELAVL1;HNRNPA1;HNRNPA2B1;KHDRBS1;MBNL1;NOVA1;NOVA2;PABPN1;PTBP1;QKI;SRSF1;TARDBP;ZFP36
E0548	6902	ENSMUST00000031508.4|ENSMUSG00000029535|Triap1	Triap1	9	9	yes	ELAVL1;PTBP1	ELAVL1:9.66e-05;PTBP1:1.21e-05	ELAVL1;HNRNPA1;KHDRBS1;PTBP1;SRSF1
E0549	6912	ENSMUST00000086471.11|ENSMUSG00000066900|Suds3	Suds3	63	63	yes	ELAVL1;NOVA1;PTBP1;TARDBP	ELAVL1:9.66e-05;NOVA1:5.35e-05;PTBP1:3.80e-06;TARDBP:4.38e-06	ELAVL1;HNRNPA1;MBNL1;NOVA1;PTBP1;SRSF1;TARDBP
E0550	6913	ENSMUST00000092889.11|ENSMUSG00000061288|Taok3	Taok3	116	116	yes	ELAVL1;HNRNPA2B1;NOVA1;NOVA2;PTBP1	ELAVL1:2.01e-05;HNRNPA2B1:4.75e-05;NOVA1:2.96e-05;NOVA2:2.96e-05;PTBP1:6.13e-07	ELAVL1;FUS;HNRNPA1;HNRNPA2B1;MBNL1;NOVA1;NOVA2;PABPN1;PTBP1;SRSF1;ZFP36
E0551	6916	ENSMUST00000086461.12|ENSMUSG00000029363|Rfc5	Rfc5	73	73	yes	ELAVL1;PTBP1;QKI;TARDBP	ELAVL1:7.84e-05;PTBP1:3.70e-07;QKI:4.72e-05;TARDBP:6.51e-05	ELAVL1;HNRNPA1;KHDRBS1;MBNL1;PTBP1;QKI;SRSF1;TARDBP;ZFP36
E0552	6925	ENSMUST00000031597.6|ENSMUSG00000029598|Plbd2	Plbd2	109	109	yes	ELAVL1;HNRNPA2B1;NOVA1;NOVA2;PTBP1;QKI;TARDBP	ELAVL1:6.00e-06;HNRNPA2B1:4.79e-05;NOVA1:9.54e-05;NOVA2:2.95e-05;PTBP1:6.67e-06;QKI:7.24e-05;TARDBP:5.04e-05	ELAVL1;HNRNPA1;HNRNPA2B1;MBNL1;NOVA1;NOVA2;PABPN1;PTBP1;QKI;SRSF1;TARDBP;ZFP36
E0553	6932	ENSMUST00000201155.1|ENSMUSG00000029614|Rpl6	Rpl6	9	9	yes	PTBP1	PTBP1:7.93e-05	HNRNPA1;MBNL1;PABPN1;PTBP1;SRSF1
E0554	6953	ENSMUST00000179939.7|ENSMUSG00000029467|Atp2a2	Atp2a2	130	130	yes	ELAVL1;HNRNPA2B1;NOVA1;NOVA2;PTBP1;QKI;TARDBP	ELAVL1:3.87e-05;HNRNPA2B1:7.86e-05;NOVA1:5.35e-05;NOVA2:6.89e-05;PTBP1:3.80e-06;QKI:7.24e-05;TARDBP:2.11e-06	ELAVL1;HNRNPA1;HNRNPA2B1;MBNL1;NOVA1;NOVA2;PTBP1;QKI;SRSF1;TARDBP;ZFP36
E0555	696	ENSMUST00000010038.9|ENSMUSG00000009894|Snap47	Snap47	22	22	yes	HNRNPA2B1;PTBP1;TARDBP	HNRNPA2B1:7.86e-05;PTBP1:7.93e-05;TARDBP:8.37e-06	HNRNPA1;HNRNPA2B1;KHDRBS1;PTBP1;SRSF1;TARDBP
E0556	6974	ENSMUST00000031341.10|ENSMUSG00000029394|Cdk2ap1	Cdk2ap1	6	6	yes	NOVA1;PTBP1	NOVA1:9.54e-05;PTBP1:9.66e-05	NOVA1;PTBP1;SRSF1
E0557	6988	ENSMUST00000049040.13|ENSMUSG00000037905|Bri3bp	Bri3bp	280	280	yes	ELAVL1;HNRNPA2B1;NOVA1;NOVA2;PTBP1;TARDBP	ELAVL1:8.86e-06;HNRNPA2B1:1.23e-06;NOVA1:2.96e-05;NOVA2:4.14e-06;PTBP1:3.80e-06;TARDBP:6.10e-07	ELAVL1;FUS;HNRNPA1;HNRNPA2B1;KHDRBS1;MBNL1;NOVA1;NOVA2;PABPN1;PTBP1;SRSF1;TARDBP;ZFP36
E0558	6994	ENSMUST00000031383.13|ENSMUSG00000029430|Ran	Ran	49	49	yes	ELAVL1;PTBP1;QKI;TARDBP	ELAVL1:8.86e-06;PTBP1:9.76e-06;QKI:7.93e-05;TARDBP:5.35e-05	ELAVL1;HNRNPA1;MBNL1;PABPN1;PTBP1;QKI;SRSF1;TARDBP;ZFP36
E0559	7000	ENSMUST00000118268.8|ENSMUSG00000029446|Psph	Psph	0	0	no			
E0560	7005	ENSMUST00000026608.10|ENSMUSG00000025532|Crcp	Crcp	15	15	yes	ELAVL1;PTBP1	ELAVL1:9.66e-05;PTBP1:7.34e-05	ELAVL1;PTBP1;SRSF1
E0561	7011	ENSMUST00000076228.2|ENSMUSG00000061979|Rcc1l	Rcc1l	12	12	yes	HNRNPA2B1	HNRNPA2B1:1.27e-06	HNRNPA1;HNRNPA2B1;KHDRBS1;MBNL1;SRSF1
E0562	7024	ENSMUST00000031692.11|ENSMUSG00000029681|Bcl7b	Bcl7b	21	21	yes	PTBP1	PTBP1:7.93e-05	HNRNPA1;PTBP1;SRSF1;ZFP36
E0563	7025	ENSMUST00000002825.5|ENSMUSG00000002748|Baz1b	Baz1b	146	146	yes	ELAVL1;HNRNPA2B1;NOVA2;PTBP1;TARDBP	ELAVL1:9.05e-05;HNRNPA2B1:1.86e-05;NOVA2:1.94e-05;PTBP1:6.13e-07;TARDBP:5.30e-05	ELAVL1;HNRNPA1;HNRNPA2B1;KHDRBS1;MBNL1;NOVA2;PTBP1;SRSF1;TARDBP
E0564	7030	ENSMUST00000122113.7|ENSMUSG00000005514|Por	Por	14	14	yes	HNRNPA2B1;PTBP1;TARDBP	HNRNPA2B1:2.76e-05;PTBP1:1.20e-05;TARDBP:3.58e-05	HNRNPA1;HNRNPA2B1;PTBP1;SRSF1;TARDBP
E0565	704	ENSMUST00000081980.6|ENSMUSG00000061650|Med9	Med9	66	66	yes	ELAVL1;HNRNPA2B1;PTBP1;TARDBP	ELAVL1:9.66e-05;HNRNPA2B1:3.12e-06;PTBP1:5.47e-06;TARDBP:9.40e-05	ELAVL1;HNRNPA1;HNRNPA2B1;MBNL1;PTBP1;SRSF1;TARDBP;ZFP36
E0566	7044	ENSMUST00000111080.7|ENSMUSG00000004849|Ap1s1	Ap1s1	27	27	yes	HNRNPA2B1;PTBP1	HNRNPA2B1:7.17e-05;PTBP1:5.23e-05	HNRNPA1;HNRNPA2B1;KHDRBS1;MBNL1;PABPN1;PTBP1;SRSF1
E0567	7053	ENSMUST00000031726.14|ENSMUSG00000029713|Gnb2	Gnb2	28	28	yes	HNRNPA2B1;PTBP1	HNRNPA2B1:4.90e-06;PTBP1:9.76e-06	HNRNPA1;HNRNPA2B1;PTBP1;SRSF1
E0568	7065	ENSMUST00000110961.8|ENSMUSG00000037017|Zscan21	Zscan21	10	10	yes	HNRNPA2B1;TARDBP	HNRNPA2B1:4.43e-05;TARDBP:8.29e-05	HNRNPA2B1;SRSF1;TARDBP
E0569	7070	ENSMUST00000110934.8|ENSMUSG00000036968|Cnpy4	Cnpy4	26	26	yes	ELAVL1;HNRNPA2B1;PTBP1	ELAVL1:9.05e-05;HNRNPA2B1:4.75e-05;PTBP1:3.99e-05	ELAVL1;HNRNPA1;HNRNPA2B1;KHDRBS1;PTBP1;SRSF1
E0570	7082	ENSMUST00000049630.12|ENSMUSG00000045438|Cox19	Cox19	279	279	yes	ELAVL1;HNRNPA2B1;NOVA1;NOVA2;PTBP1;QKI;TARDBP	ELAVL1:1.83e-07;HNRNPA2B1:1.68e-07;NOVA1:2.96e-05;NOVA2:2.96e-05;PTBP1:6.13e-07;QKI:2.85e-05;TARDBP:5.62e-08	ELAVL1;FUS;HNRNPA1;HNRNPA2B1;KHDRBS1;MBNL1;NOVA1;NOVA2;PTBP1;QKI;SRSF1;TARDBP;ZFP36
E0571	7091	ENSMUST00000031536.7|ENSMUSG00000029557|Mrm2	Mrm2	22	22	yes	ELAVL1;HNRNPA2B1;NOVA1;PTBP1;TARDBP	ELAVL1:9.66e-05;HNRNPA2B1:9.75e-05;NOVA1:9.54e-05;PTBP1:1.79e-05;TARDBP:3.13e-05	ELAVL1;HNRNPA2B1;NOVA1;PABPN1;PTBP1;SRSF1;TARDBP
E0572	7101	ENSMUST00000197173.4|ENSMUSG00000039623|Ap5z1	Ap5z1	198	198	yes	ELAVL1;HNRNPA2B1;NOVA1;NOVA2;PTBP1;QKI;TARDBP	ELAVL1:6.00e-06;HNRNPA2B1:8.71e-06;NOVA1:2.96e-05;NOVA2:2.96e-05;PTBP1:2.52e-05;QKI:5.30e-05;TARDBP:9.09e-07	ELAVL1;FUS;HNRNPA1;HNRNPA2B1;MBNL1;NOVA1;NOVA2;PTBP1;QKI;SRSF1;TARDBP;ZFP36
E0573	7123	ENSMUST00000041804.7|ENSMUSG00000038970|Lmtk2	Lmtk2	194	194	yes	ELAVL1;HNRNPA2B1;NOVA1;PTBP1;QKI;TARDBP	ELAVL1:2.01e-05;HNRNPA2B1:1.86e-05;NOVA1:5.35e-05;PTBP1:5.92e-06;QKI:2.85e-05;TARDBP:6.10e-07	ELAVL1;HNRNPA1;HNRNPA2B1;KHDRBS1;MBNL1;NOVA1;PTBP1;QKI;SRSF1;TARDBP;ZFP36
E0574	7129	ENSMUST00000110677.7|ENSMUSG00000038780|Smurf1	Smurf1	109	109	yes	ELAVL1;HNRNPA2B1;NOVA2;PTBP1;QKI;TARDBP	ELAVL1:9.66e-05;HNRNPA2B1:1.27e-06;NOVA2:2.95e-05;PTBP1:1.85e-06;QKI:7.93e-05;TARDBP:7.15e-06	ELAVL1;HNRNPA1;HNRNPA2B1;KHDRBS1;MBNL1;NOVA2;PABPN1;PTBP1;QKI;SRSF1;TARDBP;ZFP36
E0575	7139	ENSMUST00000031646.7|ENSMUSG00000029641|Rasl11a	Rasl11a	4	4	yes	ELAVL1	ELAVL1:9.66e-05	ELAVL1
E0576	7146	ENSMUST00000079324.13|ENSMUSG00000001687|Ubl3	Ubl3	36	36	yes	ELAVL1;HNRNPA2B1;PTBP1;QKI	ELAVL1:6.00e-06;HNRNPA2B1:1.30e-05;PTBP1:4.94e-05;QKI:2.52e-06	ELAVL1;HNRNPA1;HNRNPA2B1;PTBP1;QKI;SRSF1;ZFP36
E0577	7151	ENSMUST00000093110.11|ENSMUSG00000029659|Medag	Medag	55	55	yes	ELAVL1;PTBP1;QKI;TARDBP	ELAVL1:1.83e-07;PTBP1:4.03e-06;QKI:7.24e-05;TARDBP:6.41e-05	ELAVL1;HNRNPA1;PTBP1;QKI;SRSF1;TARDBP;ZFP36
E0578	7164	ENSMUST00000015333.11|ENSMUSG00000015189|Casd1	Casd1	33	33	yes	ELAVL1;PTBP1;TARDBP	ELAVL1:3.80e-06;PTBP1:1.20e-05;TARDBP:1.47e-05	ELAVL1;HNRNPA1;MBNL1;PTBP1;SRSF1;TARDBP;ZFP36
E0579	7197	ENSMUST00000090511.3|ENSMUSG00000029708|Gcc1	Gcc1	61	61	yes	ELAVL1;NOVA2;PTBP1;TARDBP	ELAVL1:9.05e-05;NOVA2:7.76e-05;PTBP1:5.47e-06;TARDBP:9.09e-07	ELAVL1;HNRNPA1;MBNL1;NOVA2;PTBP1;SRSF1;TARDBP;ZFP36
E0580	7205	ENSMUST00000004396.12|ENSMUSG00000004285|Atp6v1f	Atp6v1f	14	14	yes	HNRNPA2B1;PTBP1;TARDBP	HNRNPA2B1:7.86e-05;PTBP1:9.76e-06;TARDBP:6.51e-05	HNRNPA1;HNRNPA2B1;PTBP1;SRSF1;TARDBP
E0581	7211	ENSMUST00000102993.9|ENSMUSG00000039159|Ube2h	Ube2h	97	97	yes	ELAVL1;HNRNPA2B1;NOVA1;NOVA2;PTBP1	ELAVL1:7.84e-05;HNRNPA2B1:8.25e-06;NOVA1:9.54e-05;NOVA2:2.95e-05;PTBP1:1.47e-05	ELAVL1;HNRNPA1;HNRNPA2B1;KHDRBS1;MBNL1;NOVA1;NOVA2;PTBP1;SRSF1
E0582	7212	ENSMUST00000068259.9|ENSMUSG00000029775|Klhdc10	Klhdc10	240	240	yes	ELAVL1;HNRNPA2B1;NOVA1;NOVA2;PTBP1;QKI;TARDBP	ELAVL1:2.96e-05;HNRNPA2B1:5.35e-05;NOVA1:2.96e-05;NOVA2:2.96e-05;PTBP1:3.63e-06;QKI:3.50e-05;TARDBP:7.15e-06	ELAVL1;FUS;HNRNPA1;HNRNPA2B1;KHDRBS1;MBNL1;NOVA1;NOVA2;PTBP1;QKI;SRSF1;TARDBP;ZFP36
E0583	7239	ENSMUST00000114874.4|ENSMUSG00000079598|Clec2l	Clec2l	13	13	yes	HNRNPA2B1;PTBP1	HNRNPA2B1:4.79e-05;PTBP1:1.47e-05	HNRNPA1;HNRNPA2B1;MBNL1;PTBP1;SRSF1
E0584	7261	ENSMUST00000031697.8|ENSMUSG00000029686|Cul1	Cul1	22	22	yes	ELAVL1;HNRNPA2B1;PTBP1	ELAVL1:1.27e-05;HNRNPA2B1:2.99e-05;PTBP1:9.66e-05	ELAVL1;HNRNPA1;HNRNPA2B1;PTBP1;SRSF1;ZFP36
E0585	7304	ENSMUST00000070756.11|ENSMUSG00000029778|Adcyap1r1	Adcyap1r1	273	273	yes	ELAVL1;HNRNPA2B1;NOVA2;PTBP1;QKI;TARDBP	ELAVL1:9.66e-05;HNRNPA2B1:4.86e-07;NOVA2:1.69e-05;PTBP1:5.23e-06;QKI:1.11e-05;TARDBP:5.62e-08	ELAVL1;HNRNPA1;HNRNPA2B1;MBNL1;NOVA2;PABPN1;PTBP1;QKI;SRSF1;TARDBP
E0586	7306	ENSMUST00000031805.10|ENSMUSG00000029787|Avl9	Avl9	166	166	yes	ELAVL1;HNRNPA2B1;NOVA1;NOVA2;PTBP1;QKI;TARDBP	ELAVL1:3.87e-05;HNRNPA2B1:2.99e-05;NOVA1:1.34e-05;NOVA2:2.69e-05;PTBP1:5.23e-06;QKI:6.57e-05;TARDBP:9.09e-07	ELAVL1;HNRNPA1;HNRNPA2B1;MBNL1;NOVA1;NOVA2;PABPN1;PTBP1;QKI;SRSF1;TARDBP;ZFP36
E0587	7319	ENSMUST00000163779.7|ENSMUSG00000025889|Snca	Snca	4	4	yes	ELAVL1;PTBP1	ELAVL1:7.84e-05;PTBP1:3.70e-05	ELAVL1;KHDRBS1;PTBP1;SRSF1
E0588	732	ENSMUST00000072916.4|ENSMUSG00000014243|Zswim7	Zswim7	0	0	no			
E0589	7331	ENSMUST00000204436.2|ENSMUSG00000053012|Krcc1	Krcc1	6	6	yes	PTBP1	PTBP1:7.93e-05	PTBP1;SRSF1;ZFP36
E0590	7335	ENSMUST00000121469.1|ENSMUSG00000052852|Reep1	Reep1	156	156	yes	ELAVL1;HNRNPA2B1;NOVA1;NOVA2;PTBP1;QKI;TARDBP	ELAVL1:9.66e-05;HNRNPA2B1:8.71e-06;NOVA1:5.35e-05;NOVA2:3.63e-05;PTBP1:5.23e-06;QKI:9.18e-05;TARDBP:8.37e-06	ELAVL1;HNRNPA1;HNRNPA2B1;MBNL1;NOVA1;NOVA2;PABPN1;PTBP1;QKI;SRSF1;TARDBP;ZFP36
E0591	7347	ENSMUST00000070524.4|ENSMUSG00000056429|Tgoln1	Tgoln1	175	175	yes	ELAVL1;HNRNPA2B1;NOVA2;PTBP1;QKI;TARDBP	ELAVL1:3.80e-06;HNRNPA2B1:1.20e-05;NOVA2:3.12e-05;PTBP1:3.70e-07;QKI:1.93e-05;TARDBP:6.51e-05	ELAVL1;HNRNPA1;HNRNPA2B1;KHDRBS1;MBNL1;NOVA2;PTBP1;QKI;SRSF1;TARDBP;ZFP36
E0592	7357	ENSMUST00000095786.5|ENSMUSG00000030042|Pole4	Pole4	18	18	yes	ELAVL1;PTBP1;TARDBP	ELAVL1:8.86e-06;PTBP1:3.71e-05;TARDBP:5.35e-05	ELAVL1;MBNL1;PTBP1;SRSF1;TARDBP;ZFP36
E0593	7391	ENSMUST00000032065.14|ENSMUSG00000029998|Pcyox1	Pcyox1	133	133	yes	ELAVL1;HNRNPA2B1;NOVA1;NOVA2;PTBP1;TARDBP	ELAVL1:1.83e-07;HNRNPA2B1:5.35e-05;NOVA1:2.96e-05;NOVA2:2.96e-05;PTBP1:2.99e-06;TARDBP:6.51e-05	ELAVL1;FUS;HNRNPA1;HNRNPA2B1;MBNL1;NOVA1;NOVA2;PTBP1;SRSF1;TARDBP;ZFP36
E0594	7394	ENSMUST00000053015.6|ENSMUSG00000051695|Pcbp1	Pcbp1	4	4	yes	ELAVL1	ELAVL1:7.84e-05	ELAVL1;SRSF1
E0595	7423	ENSMUST00000041544.7|ENSMUSG00000064080|Fbln2	Fbln2	13	13	yes	ELAVL1;NOVA1;PTBP1	ELAVL1:9.05e-05;NOVA1:1.34e-05;PTBP1:9.66e-05	ELAVL1;KHDRBS1;NOVA1;PTBP1;SRSF1;ZFP36
E0596	7439	ENSMUST00000044681.6|ENSMUSG00000035199|Arl6ip5	Arl6ip5	5	5	yes	ELAVL1;QKI	ELAVL1:9.66e-05;QKI:7.93e-05	ELAVL1;HNRNPA1;KHDRBS1;QKI
E0597	7453	ENSMUST00000032191.15|ENSMUSG00000030101|Sumf1	Sumf1	74	74	yes	PTBP1;QKI;TARDBP	PTBP1:1.47e-05;QKI:4.72e-05;TARDBP:5.35e-05	HNRNPA1;KHDRBS1;PTBP1;QKI;SRSF1;TARDBP;ZFP36
E0598	7469	ENSMUST00000204268.2|ENSMUSG00000045009|Prrt3	Prrt3	33	33	yes	ELAVL1;HNRNPA2B1;NOVA2;PTBP1;TARDBP	ELAVL1:1.27e-05;HNRNPA2B1:8.25e-06;NOVA2:2.56e-05;PTBP1:9.29e-06;TARDBP:6.51e-05	ELAVL1;HNRNPA1;HNRNPA2B1;MBNL1;NOVA2;PTBP1;SRSF1;TARDBP
E0599	7470	ENSMUST00000032425.6|ENSMUSG00000030286|Emc3	Emc3	15	15	yes	HNRNPA2B1;NOVA1;PTBP1;QKI	HNRNPA2B1:2.99e-05;NOVA1:2.54e-05;PTBP1:3.99e-05;QKI:9.18e-05	HNRNPA1;HNRNPA2B1;NOVA1;PTBP1;QKI;SRSF1
E0600	7471	ENSMUST00000035725.6|ENSMUSG00000033940|Brk1	Brk1	16	16	yes	NOVA1;PTBP1	NOVA1:5.35e-05;PTBP1:9.66e-05	HNRNPA1;NOVA1;PTBP1;SRSF1
E0601	7472	ENSMUST00000035673.7|ENSMUSG00000033933|Vhl	Vhl	71	71	yes	ELAVL1;HNRNPA2B1;NOVA1;NOVA2;PTBP1;QKI;TARDBP	ELAVL1:6.68e-07;HNRNPA2B1:6.07e-05;NOVA1:5.35e-05;NOVA2:3.15e-05;PTBP1:3.99e-05;QKI:7.24e-05;TARDBP:8.37e-06	ELAVL1;HNRNPA1;HNRNPA2B1;NOVA1;NOVA2;PTBP1;QKI;SRSF1;TARDBP;ZFP36
E0602	7478	ENSMUST00000032457.16|ENSMUSG00000030314|Atg7	Atg7	53	53	yes	ELAVL1;HNRNPA2B1;NOVA1;NOVA2;PTBP1;TARDBP	ELAVL1:2.96e-05;HNRNPA2B1:2.27e-05;NOVA1:2.96e-05;NOVA2:2.96e-05;PTBP1:1.79e-05;TARDBP:1.47e-05	ELAVL1;FUS;HNRNPA1;HNRNPA2B1;MBNL1;NOVA1;NOVA2;PTBP1;SRSF1;TARDBP;ZFP36
E0603	7493	ENSMUST00000067354.9|ENSMUSG00000048489|Depp1	Depp1	4	4	yes	ELAVL1	ELAVL1:7.93e-05	ELAVL1;KHDRBS1;MBNL1
E0604	7510	ENSMUST00000019354.10|ENSMUSG00000019210|Atp6v1e1	Atp6v1e1	33	33	yes	ELAVL1;HNRNPA2B1;NOVA2;PTBP1;TARDBP	ELAVL1:6.00e-06;HNRNPA2B1:1.11e-06;NOVA2:9.94e-05;PTBP1:7.34e-05;TARDBP:5.35e-05	ELAVL1;HNRNPA1;HNRNPA2B1;NOVA2;PTBP1;SRSF1;TARDBP;ZFP36
E0605	7511	ENSMUST00000009256.3|ENSMUSG00000009112|Bcl2l13	Bcl2l13	173	173	yes	ELAVL1;HNRNPA2B1;NOVA1;NOVA2;PTBP1;QKI;TARDBP	ELAVL1:3.80e-06;HNRNPA2B1:1.86e-05;NOVA1:2.52e-06;NOVA2:7.64e-06;PTBP1:1.21e-05;QKI:7.24e-05;TARDBP:9.09e-07	ELAVL1;HNRNPA1;HNRNPA2B1;KHDRBS1;MBNL1;NOVA1;NOVA2;PABPN1;PTBP1;QKI;SRSF1;TARDBP;ZFP36
E0606	7512	ENSMUST00000160684.7|ENSMUSG00000004446|Bid	Bid	69	69	yes	ELAVL1;HNRNPA2B1;NOVA1;NOVA2;PTBP1;QKI;TARDBP	ELAVL1:3.80e-06;HNRNPA2B1:4.75e-05;NOVA1:5.76e-05;NOVA2:7.64e-06;PTBP1:1.21e-05;QKI:7.24e-05;TARDBP:9.09e-07	ELAVL1;HNRNPA1;HNRNPA2B1;KHDRBS1;MBNL1;NOVA1;NOVA2;PTBP1;QKI;SRSF1;TARDBP;ZFP36
E0607	7533	ENSMUST00000004375.15|ENSMUSG00000004264|Phb2	Phb2	7	7	yes	PTBP1	PTBP1:7.14e-05	MBNL1;PTBP1;SRSF1
E0608	7537	ENSMUST00000172132.9|ENSMUSG00000023456|Tpi1	Tpi1	16	16	yes	ELAVL1;HNRNPA2B1;PTBP1;TARDBP	ELAVL1:9.66e-05;HNRNPA2B1:7.86e-05;PTBP1:2.52e-05;TARDBP:2.85e-05	ELAVL1;HNRNPA1;HNRNPA2B1;PTBP1;SRSF1;TARDBP
E0609	7538	ENSMUST00000047510.9|ENSMUSG00000038429|Usp5	Usp5	46	46	yes	PTBP1;TARDBP	PTBP1:1.75e-05;TARDBP:5.62e-08	HNRNPA1;KHDRBS1;PTBP1;SRSF1;TARDBP
E0610	7542	ENSMUST00000032216.6|ENSMUSG00000030122|Ptms	Ptms	21	21	yes	ELAVL1;PTBP1	ELAVL1:7.84e-05;PTBP1:5.23e-05	ELAVL1;HNRNPA1;PTBP1;SRSF1;ZFP36
E0611	7543	ENSMUST00000180095.3|ENSMUSG00000030120|Mlf2	Mlf2	16	16	yes	PTBP1	PTBP1:7.14e-05	HNRNPA1;PTBP1;SRSF1
E0612	7544	ENSMUST00000032220.14|ENSMUSG00000030127|Cops7a	Cops7a	24	24	yes	ELAVL1;PTBP1;QKI	ELAVL1:3.87e-05;PTBP1:7.14e-06;QKI:3.75e-05	ELAVL1;HNRNPA1;PTBP1;QKI;SRSF1
E0613	7546	ENSMUST00000112417.8|ENSMUSG00000030330|Ing4	Ing4	12	12	yes	ELAVL1;PTBP1	ELAVL1:3.87e-05;PTBP1:7.86e-05	ELAVL1;KHDRBS1;PTBP1;SRSF1
E0614	756	ENSMUST00000018880.13|ENSMUSG00000018736|Ndel1	Ndel1	16	16	yes	ELAVL1;PTBP1	ELAVL1:3.80e-06;PTBP1:7.93e-05	ELAVL1;KHDRBS1;PTBP1;ZFP36
E0615	757	ENSMUST00000065040.12|ENSMUSG00000052921|Arhgef15	Arhgef15	108	108	yes	ELAVL1;NOVA1;NOVA2;PTBP1;QKI;TARDBP	ELAVL1:7.93e-05;NOVA1:1.47e-05;NOVA2:6.23e-05;PTBP1:1.47e-05;QKI:2.99e-05;TARDBP:5.62e-08	ELAVL1;HNRNPA1;MBNL1;NOVA1;NOVA2;PABPN1;PTBP1;QKI;SRSF1;TARDBP
E0616	7583	ENSMUST00000111892.7|ENSMUSG00000030220|Arhgdib	Arhgdib	33	33	yes	ELAVL1;HNRNPA2B1;NOVA1;PTBP1;TARDBP	ELAVL1:7.84e-05;HNRNPA2B1:4.75e-05;NOVA1:1.47e-05;PTBP1:1.20e-05;TARDBP:9.09e-07	ELAVL1;HNRNPA1;HNRNPA2B1;NOVA1;PABPN1;PTBP1;SRSF1;TARDBP;ZFP36
E0617	7586	ENSMUST00000064910.6|ENSMUSG00000030224|Strap	Strap	61	61	yes	ELAVL1;HNRNPA2B1;NOVA1;NOVA2;PTBP1;QKI	ELAVL1:3.80e-06;HNRNPA2B1:1.98e-05;NOVA1:5.43e-05;NOVA2:5.35e-05;PTBP1:5.23e-06;QKI:7.93e-05	ELAVL1;HNRNPA1;HNRNPA2B1;NOVA1;NOVA2;PTBP1;QKI;SRSF1
E0618	7596	ENSMUST00000130817.2|ENSMUSG00000030246|Ldhb	Ldhb	5	5	yes	PTBP1	PTBP1:7.93e-05	PTBP1;SRSF1
E0619	7603	ENSMUST00000039729.4|ENSMUSG00000040370|Etfrf1	Etfrf1	25	25	yes	ELAVL1;NOVA2	ELAVL1:1.83e-07;NOVA2:2.95e-05	ELAVL1;HNRNPA1;MBNL1;NOVA2;SRSF1;ZFP36
E0620	7629	ENSMUST00000019878.7|ENSMUSG00000078813|Leng1	Leng1	16	16	yes	HNRNPA2B1;NOVA2;PTBP1	HNRNPA2B1:5.35e-05;NOVA2:5.35e-05;PTBP1:5.92e-06	HNRNPA1;HNRNPA2B1;MBNL1;NOVA2;PTBP1;SRSF1
E0621	7686	ENSMUST00000075845.10|ENSMUSG00000058230|Arhgap35	Arhgap35	86	86	yes	ELAVL1;NOVA2;PTBP1;QKI;TARDBP	ELAVL1:7.84e-05;NOVA2:4.46e-05;PTBP1:1.47e-05;QKI:7.93e-05;TARDBP:7.15e-06	ELAVL1;MBNL1;NOVA2;PTBP1;QKI;SRSF1;TARDBP;ZFP36
E0622	7706	ENSMUST00000032566.2|ENSMUSG00000030407|Qpctl	Qpctl	43	43	yes	ELAVL1;HNRNPA2B1;PTBP1	ELAVL1:9.05e-05;HNRNPA2B1:1.86e-05;PTBP1:1.20e-05	ELAVL1;HNRNPA1;HNRNPA2B1;PTBP1;SRSF1;ZFP36
E0623	7729	ENSMUST00000093552.11|ENSMUSG00000002984|Tomm40	Tomm40	20	20	yes	ELAVL1;HNRNPA2B1;PTBP1	ELAVL1:9.66e-05;HNRNPA2B1:9.43e-05;PTBP1:4.40e-05	ELAVL1;HNRNPA1;HNRNPA2B1;MBNL1;PTBP1;SRSF1;ZFP36
E0624	775	ENSMUST00000148242.7|ENSMUSG00000018761|Mpdu1	Mpdu1	109	109	yes	HNRNPA2B1;NOVA1;PTBP1;TARDBP	HNRNPA2B1:1.38e-07;NOVA1:9.54e-05;PTBP1:3.80e-06;TARDBP:5.62e-08	HNRNPA1;HNRNPA2B1;MBNL1;NOVA1;PTBP1;SRSF1;TARDBP
E0625	7751	ENSMUST00000058702.6|ENSMUSG00000054499|Dedd2	Dedd2	21	21	yes	HNRNPA2B1;PTBP1	HNRNPA2B1:4.43e-05;PTBP1:1.20e-05	HNRNPA1;HNRNPA2B1;KHDRBS1;MBNL1;PTBP1;SRSF1
E0626	7762	ENSMUST00000206832.1|ENSMUSG00000040725|Hnrnpul1	Hnrnpul1	31	31	yes	ELAVL1;NOVA2;PTBP1	ELAVL1:9.05e-05;NOVA2:1.29e-05;PTBP1:7.86e-05	ELAVL1;HNRNPA1;KHDRBS1;NOVA2;PTBP1;SRSF1;ZFP36
E0627	7776	ENSMUST00000008528.7|ENSMUSG00000008384|Sertad1	Sertad1	2	2	no			HNRNPA1;SRSF1
E0628	7778	ENSMUST00000067386.13|ENSMUSG00000049643|2310022A10Rik	2310022A10Rik	29	29	yes	ELAVL1;NOVA2;PTBP1	ELAVL1:9.66e-05;NOVA2:9.72e-05;PTBP1:3.71e-05	ELAVL1;HNRNPA1;KHDRBS1;MBNL1;NOVA2;PTBP1;SRSF1
E0629	7797	ENSMUST00000170068.8|ENSMUSG00000015149|Sirt2	Sirt2	5	5	yes	ELAVL1;PTBP1	ELAVL1:9.66e-05;PTBP1:5.70e-05	ELAVL1;PTBP1;SRSF1
E0630	7813	ENSMUST00000050735.11|ENSMUSG00000049421|Zfp260	Zfp260	35	35	yes	ELAVL1;HNRNPA2B1;PTBP1;TARDBP	ELAVL1:7.93e-05;HNRNPA2B1:5.93e-05;PTBP1:1.79e-05;TARDBP:6.10e-07	ELAVL1;HNRNPA1;HNRNPA2B1;PTBP1;SRSF1;TARDBP
E0631	7821	ENSMUST00000006828.8|ENSMUSG00000006651|Aplp1	Aplp1	7	7	yes	NOVA2;PTBP1;QKI	NOVA2:1.27e-05;PTBP1:6.51e-05;QKI:7.93e-05	HNRNPA1;MBNL1;NOVA2;PTBP1;QKI;SRSF1
E0632	7823	ENSMUST00000208522.1|ENSMUSG00000036882|Arhgap33	Arhgap33	8	8	yes	PTBP1	PTBP1:5.23e-05	HNRNPA1;MBNL1;PTBP1;SRSF1
E0633	7836	ENSMUST00000211945.1|ENSMUSG00000019194|Scn1b	Scn1b	18	18	yes	PTBP1	PTBP1:2.73e-05	HNRNPA1;PTBP1;SRSF1
E0634	7841	ENSMUST00000108074.7|ENSMUSG00000066571|4931406P16Rik	4931406P16Rik	100	100	yes	ELAVL1;PTBP1;QKI;TARDBP	ELAVL1:7.84e-05;PTBP1:5.70e-05;QKI:2.85e-05;TARDBP:9.09e-07	ELAVL1;HNRNPA1;MBNL1;PABPN1;PTBP1;QKI;SRSF1;TARDBP;ZFP36
E0635	7848	ENSMUST00000032705.12|ENSMUSG00000030494|Rhpn2	Rhpn2	33	33	yes	ELAVL1;HNRNPA2B1;NOVA1;PTBP1	ELAVL1:7.93e-05;HNRNPA2B1:4.43e-05;NOVA1:9.54e-05;PTBP1:7.93e-05	ELAVL1;HNRNPA1;HNRNPA2B1;NOVA1;PTBP1;SRSF1
E0636	7854	ENSMUST00000021641.7|ENSMUSG00000021217|Tshz3	Tshz3	60	60	yes	ELAVL1;PTBP1;TARDBP	ELAVL1:3.87e-05;PTBP1:1.20e-05;TARDBP:6.51e-05	ELAVL1;PTBP1;SRSF1;TARDBP;ZFP36
E0637	7856	ENSMUST00000178207.7|ENSMUSG00000054676|1600014C10Rik	1600014C10Rik	114	114	yes	ELAVL1;HNRNPA2B1;PTBP1;TARDBP	ELAVL1:1.83e-07;HNRNPA2B1:1.34e-05;PTBP1:9.76e-06;TARDBP:2.85e-05	ELAVL1;HNRNPA1;HNRNPA2B1;MBNL1;PTBP1;SRSF1;TARDBP;ZFP36
E0638	786	ENSMUST00000164359.7|ENSMUSG00000078812|Eif5a	Eif5a	38	38	yes	ELAVL1;NOVA1;NOVA2;PTBP1	ELAVL1:2.96e-05;NOVA1:2.96e-05;NOVA2:2.96e-05;PTBP1:1.47e-05	ELAVL1;FUS;HNRNPA1;NOVA1;NOVA2;PTBP1;SRSF1
E0639	7871	ENSMUST00000058667.14|ENSMUSG00000047085|Lrrc4b	Lrrc4b	39	39	yes	HNRNPA2B1;PTBP1	HNRNPA2B1:8.25e-06;PTBP1:1.20e-05	HNRNPA1;HNRNPA2B1;KHDRBS1;PTBP1;SRSF1;ZFP36
E0640	7873	ENSMUST00000118515.8|ENSMUSG00000008140|Emc10	Emc10	8	8	yes	QKI;TARDBP	QKI:2.92e-05;TARDBP:6.51e-05	MBNL1;QKI;SRSF1;TARDBP
E0641	7880	ENSMUST00000054343.14|ENSMUSG00000011096|Akt1s1	Akt1s1	28	28	yes	ELAVL1;HNRNPA2B1;NOVA1;NOVA2;PTBP1	ELAVL1:2.96e-05;HNRNPA2B1:8.25e-06;NOVA1:2.96e-05;NOVA2:2.96e-05;PTBP1:4.84e-06	ELAVL1;FUS;HNRNPA1;HNRNPA2B1;KHDRBS1;NOVA1;NOVA2;PTBP1;SRSF1
E0642	789	ENSMUST00000018711.14|ENSMUSG00000018567|Gabarap	Gabarap	12	12	yes	ELAVL1;NOVA2;PTBP1	ELAVL1:7.93e-05;NOVA2:7.56e-05;PTBP1:1.47e-05	ELAVL1;HNRNPA1;NOVA2;PTBP1;SRSF1
E0643	7912	ENSMUST00000107737.10|ENSMUSG00000057342|Sphk2	Sphk2	66	66	yes	ELAVL1;HNRNPA2B1;PTBP1;QKI;TARDBP	ELAVL1:3.87e-05;HNRNPA2B1:4.43e-05;PTBP1:5.47e-06;QKI:9.18e-05;TARDBP:1.47e-05	ELAVL1;HNRNPA1;HNRNPA2B1;MBNL1;PABPN1;PTBP1;QKI;SRSF1;TARDBP;ZFP36
E0644	7917	ENSMUST00000211716.1|ENSMUSG00000002778|Kdelr1	Kdelr1	31	31	yes	ELAVL1;HNRNPA2B1;PTBP1;TARDBP	ELAVL1:7.93e-05;HNRNPA2B1:9.75e-05;PTBP1:1.70e-05;TARDBP:8.37e-06	ELAVL1;HNRNPA1;HNRNPA2B1;PTBP1;SRSF1;TARDBP
E0645	7929	ENSMUST00000010451.7|ENSMUSG00000010307|Tmem86a	Tmem86a	20	20	yes	ELAVL1;NOVA1;NOVA2;PTBP1	ELAVL1:2.96e-05;NOVA1:2.96e-05;NOVA2:2.96e-05;PTBP1:1.47e-05	ELAVL1;FUS;HNRNPA1;NOVA1;NOVA2;PTBP1;SRSF1
E0646	7938	ENSMUST00000119041.7|ENSMUSG00000030452|Nipa2	Nipa2	41	41	yes	ELAVL1;HNRNPA2B1;NOVA1;PTBP1;TARDBP	ELAVL1:3.87e-05;HNRNPA2B1:7.65e-05;NOVA1:1.47e-05;PTBP1:1.70e-05;TARDBP:9.09e-07	ELAVL1;HNRNPA1;HNRNPA2B1;NOVA1;PTBP1;SRSF1;TARDBP;ZFP36
E0647	7941	ENSMUST00000068456.7|ENSMUSG00000055078|Gabra5	Gabra5	7	7	yes	ELAVL1	ELAVL1:7.93e-05	ELAVL1;HNRNPA1;SRSF1
E0648	7942	ENSMUST00000168747.2|ENSMUSG00000025324|Atp10a	Atp10a	13	13	yes	NOVA2;PTBP1;QKI	NOVA2:9.87e-05;PTBP1:1.47e-05;QKI:7.93e-05	HNRNPA1;NOVA2;PABPN1;PTBP1;QKI;SRSF1
E0649	7949	ENSMUST00000206882.1|ENSMUSG00000033429|Mcee	Mcee	2	2	yes	HNRNPA2B1;QKI	HNRNPA2B1:4.79e-05;QKI:5.95e-05	HNRNPA2B1;QKI
E0650	7956	ENSMUST00000055576.11|ENSMUSG00000030513|Pcsk6	Pcsk6	20	20	yes	HNRNPA2B1;PTBP1	HNRNPA2B1:7.17e-05;PTBP1:2.37e-05	HNRNPA1;HNRNPA2B1;KHDRBS1;PTBP1;SRSF1
E0651	7992	ENSMUST00000026672.7|ENSMUSG00000025584|Pde8a	Pde8a	41	41	yes	ELAVL1;PTBP1;QKI;TARDBP	ELAVL1:6.68e-07;PTBP1:1.79e-05;QKI:1.34e-05;TARDBP:6.10e-07	ELAVL1;HNRNPA1;PTBP1;QKI;SRSF1;TARDBP;ZFP36
E0652	8040	ENSMUST00000205956.1|ENSMUSG00000090958|Lrrc32	Lrrc32	54	54	yes	ELAVL1;HNRNPA2B1;NOVA1;NOVA2;PTBP1	ELAVL1:2.96e-05;HNRNPA2B1:4.86e-07;NOVA1:2.96e-05;NOVA2:2.96e-05;PTBP1:1.20e-05	ELAVL1;FUS;HNRNPA1;HNRNPA2B1;KHDRBS1;MBNL1;NOVA1;NOVA2;PABPN1;PTBP1;SRSF1
E0653	805	ENSMUST00000018431.12|ENSMUSG00000018287|Spag7	Spag7	112	112	yes	TARDBP	TARDBP:5.62e-08	SRSF1;TARDBP
E0654	8058	ENSMUST00000054310.3|ENSMUSG00000044881|Coa4	Coa4	33	33	yes	ELAVL1;HNRNPA2B1;NOVA1;NOVA2;PTBP1	ELAVL1:7.84e-05;HNRNPA2B1:5.35e-05;NOVA1:9.54e-05;NOVA2:2.08e-05;PTBP1:3.12e-05	ELAVL1;HNRNPA1;HNRNPA2B1;NOVA1;NOVA2;PTBP1;SRSF1
E0655	8073	ENSMUST00000144207.8|ENSMUSG00000030649|Anapc15	Anapc15	94	94	yes	ELAVL1;HNRNPA2B1;NOVA2;PTBP1;QKI;TARDBP	ELAVL1:3.80e-06;HNRNPA2B1:5.35e-05;NOVA2:5.35e-05;PTBP1:1.20e-05;QKI:5.30e-05;TARDBP:1.05e-05	ELAVL1;HNRNPA1;HNRNPA2B1;KHDRBS1;MBNL1;NOVA2;PABPN1;PTBP1;QKI;SRSF1;TARDBP;ZFP36
E0656	8084	ENSMUST00000106923.1|ENSMUSG00000073982|Rhog	Rhog	17	17	yes	NOVA2;PTBP1	NOVA2:5.35e-05;PTBP1:2.02e-05	HNRNPA1;MBNL1;NOVA2;PTBP1;SRSF1
E0657	8105	ENSMUST00000141116.1|ENSMUSG00000043866|Taf10	Taf10	81	81	yes	ELAVL1;HNRNPA2B1;NOVA1;NOVA2;PTBP1;TARDBP	ELAVL1:3.87e-05;HNRNPA2B1:1.86e-05;NOVA1:5.35e-05;NOVA2:1.24e-05;PTBP1:1.20e-05;TARDBP:1.13e-05	ELAVL1;HNRNPA1;HNRNPA2B1;NOVA1;NOVA2;PABPN1;PTBP1;SRSF1;TARDBP;ZFP36
E0658	8112	ENSMUST00000033341.11|ENSMUSG00000031028|Tub	Tub	317	317	yes	ELAVL1;HNRNPA2B1;NOVA1;NOVA2;PTBP1;QKI;TARDBP	ELAVL1:3.80e-06;HNRNPA2B1:3.12e-06;NOVA1:5.35e-05;NOVA2:7.13e-06;PTBP1:5.47e-06;QKI:1.34e-05;TARDBP:5.62e-08	ELAVL1;HNRNPA1;HNRNPA2B1;KHDRBS1;MBNL1;NOVA1;NOVA2;PTBP1;QKI;SRSF1;TARDBP;ZFP36
E0659	8114	ENSMUST00000079282.7|ENSMUSG00000031024|Denn2b	Denn2b	14	14	yes	PTBP1	PTBP1:7.93e-05	HNRNPA1;PTBP1;SRSF1
E0660	8115	ENSMUST00000033335.5|ENSMUSG00000031023|Akip1	Akip1	2	2	no			SRSF1
E0661	813	ENSMUST00000048807.11|ENSMUSG00000040599|Mis12	Mis12	79	79	yes	ELAVL1;NOVA2;PTBP1;TARDBP	ELAVL1:8.86e-06;NOVA2:1.14e-05;PTBP1:2.02e-05;TARDBP:2.11e-06	ELAVL1;HNRNPA1;KHDRBS1;MBNL1;NOVA2;PTBP1;SRSF1;TARDBP;ZFP36
E0662	8184	ENSMUST00000106392.9|ENSMUSG00000073838|Tufm	Tufm	6	6	no			HNRNPA1;SRSF1
E0663	8206	ENSMUST00000202798.1|ENSMUSG00000107068|Gm42742	Gm42742	1	1	no			KHDRBS1
E0664	8220	ENSMUST00000059199.6|ENSMUSG00000045757|Zfp764	Zfp764	104	104	yes	ELAVL1;PTBP1;TARDBP	ELAVL1:1.27e-05;PTBP1:7.14e-06;TARDBP:5.62e-08	ELAVL1;HNRNPA1;PTBP1;SRSF1;TARDBP;ZFP36
E0665	825	ENSMUST00000163326.7|ENSMUSG00000020788|Atp2a3	Atp2a3	67	67	yes	HNRNPA2B1;PTBP1;QKI	HNRNPA2B1:8.71e-06;PTBP1:3.63e-06;QKI:6.57e-05	HNRNPA1;HNRNPA2B1;PTBP1;QKI;SRSF1;ZFP36
E0666	8254	ENSMUST00000033136.8|ENSMUSG00000030847|Bag3	Bag3	9	9	yes	HNRNPA2B1;NOVA2;PTBP1	HNRNPA2B1:6.07e-05;NOVA2:4.19e-05;PTBP1:7.40e-05	HNRNPA1;HNRNPA2B1;NOVA2;PTBP1;SRSF1
E0667	8263	ENSMUST00000006367.7|ENSMUSG00000006205|Htra1	Htra1	17	17	yes	NOVA2;PTBP1	NOVA2:5.35e-05;PTBP1:7.14e-05	HNRNPA1;NOVA2;PTBP1;SRSF1
E0668	8276	ENSMUST00000106146.7|ENSMUSG00000030979|Uros	Uros	29	29	yes	ELAVL1;NOVA2	ELAVL1:1.83e-07;NOVA2:1.94e-05	ELAVL1;HNRNPA1;NOVA2;SRSF1;ZFP36
E0669	8277	ENSMUST00000033282.4|ENSMUSG00000030983|Bccip	Bccip	12	12	yes	ELAVL1;NOVA1;PTBP1;TARDBP	ELAVL1:1.27e-05;NOVA1:2.54e-05;PTBP1:7.93e-05;TARDBP:1.75e-05	ELAVL1;NOVA1;PTBP1;TARDBP;ZFP36
E0670	8284	ENSMUST00000106112.1|ENSMUSG00000078566|Bnip3	Bnip3	27	27	yes	ELAVL1;HNRNPA2B1;PTBP1;TARDBP	ELAVL1:9.66e-05;HNRNPA2B1:6.07e-05;PTBP1:3.70e-07;TARDBP:9.40e-05	ELAVL1;HNRNPA1;HNRNPA2B1;KHDRBS1;PABPN1;PTBP1;SRSF1;TARDBP
E0671	830	ENSMUST00000040687.11|ENSMUSG00000040158|Tax1bp3	Tax1bp3	3	3	yes	PTBP1	PTBP1:7.93e-05	MBNL1;PTBP1
E0672	8310	ENSMUST00000145184.7|ENSMUSG00000025505|Tmem80	Tmem80	17	17	yes	HNRNPA2B1;PTBP1;TARDBP	HNRNPA2B1:5.35e-05;PTBP1:8.85e-05;TARDBP:9.40e-05	HNRNPA1;HNRNPA2B1;KHDRBS1;PABPN1;PTBP1;TARDBP;ZFP36
E0673	8321	ENSMUST00000003038.11|ENSMUSG00000002957|Ap2a2	Ap2a2	49	49	yes	ELAVL1;HNRNPA2B1;NOVA2;PTBP1;TARDBP	ELAVL1:9.66e-05;HNRNPA2B1:8.71e-06;NOVA2:9.53e-05;PTBP1:1.47e-05;TARDBP:1.05e-05	ELAVL1;HNRNPA1;HNRNPA2B1;MBNL1;NOVA2;PTBP1;SRSF1;TARDBP;ZFP36
E0674	8325	ENSMUST00000151120.8|ENSMUSG00000007891|Ctsd	Ctsd	20	20	yes	HNRNPA2B1;NOVA1;NOVA2;PTBP1;TARDBP	HNRNPA2B1:1.20e-05;NOVA1:9.54e-05;NOVA2:1.99e-05;PTBP1:2.52e-05;TARDBP:6.51e-05	HNRNPA1;HNRNPA2B1;NOVA1;NOVA2;PTBP1;SRSF1;TARDBP
E0675	835	ENSMUST00000021091.14|ENSMUSG00000020745|Pafah1b1	Pafah1b1	108	108	yes	ELAVL1;HNRNPA2B1;NOVA1;NOVA2;PTBP1;QKI;TARDBP	ELAVL1:3.80e-06;HNRNPA2B1:7.17e-05;NOVA1:5.35e-05;NOVA2:9.17e-05;PTBP1:1.20e-05;QKI:2.85e-05;TARDBP:1.47e-05	ELAVL1;HNRNPA1;HNRNPA2B1;MBNL1;NOVA1;NOVA2;PTBP1;QKI;SRSF1;TARDBP;ZFP36
E0676	8350	ENSMUST00000161842.1|ENSMUSG00000004567|Mcoln1	Mcoln1	12	12	yes	ELAVL1;PTBP1	ELAVL1:8.86e-06;PTBP1:1.21e-05	ELAVL1;HNRNPA1;MBNL1;PTBP1;SRSF1;ZFP36
E0677	8357	ENSMUST00000053252.8|ENSMUSG00000048644|Ctxn1	Ctxn1	10	10	yes	PTBP1;QKI	PTBP1:7.14e-05;QKI:1.11e-05	KHDRBS1;PTBP1;QKI;SRSF1;ZFP36
E0678	8359	ENSMUST00000098950.5|ENSMUSG00000040028|Elavl1	Elavl1	213	213	yes	ELAVL1;HNRNPA2B1;NOVA2;PTBP1;QKI;TARDBP	ELAVL1:1.83e-07;HNRNPA2B1:5.35e-05;NOVA2:6.23e-05;PTBP1:9.76e-06;QKI:2.85e-05;TARDBP:3.58e-05	ELAVL1;HNRNPA1;HNRNPA2B1;KHDRBS1;MBNL1;NOVA2;PABPN1;PTBP1;QKI;SRSF1;TARDBP;ZFP36
E0679	838	ENSMUST00000128230.7|ENSMUSG00000038335|Tsr1	Tsr1	453	453	yes	ELAVL1;HNRNPA2B1;NOVA1;NOVA2;PTBP1;QKI;TARDBP	ELAVL1:3.80e-06;HNRNPA2B1:1.86e-05;NOVA1:1.47e-05;NOVA2:7.13e-06;PTBP1:5.47e-06;QKI:1.51e-05;TARDBP:4.38e-06	ELAVL1;FUS;HNRNPA1;HNRNPA2B1;KHDRBS1;MBNL1;NOVA1;NOVA2;PABPN1;PTBP1;QKI;SRSF1;TARDBP;ZFP36
E0680	8390	ENSMUST00000084207.11|ENSMUSG00000071176|Arhgef10	Arhgef10	41	41	yes	ELAVL1;HNRNPA2B1;NOVA1;NOVA2;PTBP1;TARDBP	ELAVL1:2.96e-05;HNRNPA2B1:7.17e-05;NOVA1:2.96e-05;NOVA2:2.96e-05;PTBP1:1.75e-05;TARDBP:6.41e-05	ELAVL1;FUS;HNRNPA1;HNRNPA2B1;MBNL1;NOVA1;NOVA2;PABPN1;PTBP1;SRSF1;TARDBP;ZFP36
E0681	8411	ENSMUST00000064883.13|ENSMUSG00000031557|Plekha2	Plekha2	126	126	yes	ELAVL1;HNRNPA2B1;NOVA1;PTBP1;TARDBP	ELAVL1:6.00e-06;HNRNPA2B1:4.43e-05;NOVA1:1.34e-05;PTBP1:1.85e-06;TARDBP:2.11e-06	ELAVL1;HNRNPA1;HNRNPA2B1;KHDRBS1;NOVA1;PTBP1;SRSF1;TARDBP;ZFP36
E0682	8416	ENSMUST00000038498.9|ENSMUSG00000037316|Bag4	Bag4	132	132	yes	ELAVL1;HNRNPA2B1;NOVA1;NOVA2;PTBP1;QKI;TARDBP	ELAVL1:7.84e-05;HNRNPA2B1:1.20e-05;NOVA1:1.47e-05;NOVA2:5.35e-05;PTBP1:8.19e-06;QKI:1.11e-05;TARDBP:8.37e-06	ELAVL1;HNRNPA1;HNRNPA2B1;KHDRBS1;MBNL1;NOVA1;NOVA2;PTBP1;QKI;SRSF1;TARDBP;ZFP36
E0683	8420	ENSMUST00000016138.10|ENSMUSG00000015994|Fnta	Fnta	17	17	yes	HNRNPA2B1;PTBP1;TARDBP	HNRNPA2B1:9.75e-05;PTBP1:9.66e-05;TARDBP:8.29e-05	HNRNPA1;HNRNPA2B1;PTBP1;SRSF1;TARDBP;ZFP36
E0684	8440	ENSMUST00000033910.8|ENSMUSG00000031513|Leprotl1	Leprotl1	85	85	yes	ELAVL1;HNRNPA2B1;NOVA1;NOVA2;PTBP1;QKI;TARDBP	ELAVL1:7.93e-05;HNRNPA2B1:1.20e-05;NOVA1:1.34e-05;NOVA2:6.23e-05;PTBP1:1.47e-05;QKI:7.93e-05;TARDBP:2.85e-05	ELAVL1;HNRNPA1;HNRNPA2B1;KHDRBS1;MBNL1;NOVA1;NOVA2;PTBP1;QKI;SRSF1;TARDBP;ZFP36
E0685	8480	ENSMUST00000034022.3|ENSMUSG00000031609|Sap30	Sap30	0	0	no			
E0686	8485	ENSMUST00000056508.11|ENSMUSG00000004319|Clcn3	Clcn3	65	65	yes	ELAVL1;HNRNPA2B1;NOVA1;PTBP1;QKI	ELAVL1:2.01e-05;HNRNPA2B1:8.37e-05;NOVA1:5.43e-05;PTBP1:1.85e-06;QKI:4.73e-05	ELAVL1;HNRNPA1;HNRNPA2B1;KHDRBS1;MBNL1;NOVA1;PTBP1;QKI;SRSF1;ZFP36
E0687	8492	ENSMUST00000048967.8|ENSMUSG00000037852|Cpe	Cpe	5	5	yes	ELAVL1;PTBP1;TARDBP	ELAVL1:9.05e-05;PTBP1:7.93e-05;TARDBP:9.40e-05	ELAVL1;PTBP1;SRSF1;TARDBP
E0688	8537	ENSMUST00000034311.14|ENSMUSG00000031848|Lsm4	Lsm4	3	3	yes	PTBP1	PTBP1:5.30e-05	PTBP1;SRSF1
E0689	8538	ENSMUST00000095267.5|ENSMUSG00000071076|Jund	Jund	104	104	yes	ELAVL1;NOVA1;NOVA2;PTBP1;TARDBP	ELAVL1:2.96e-05;NOVA1:2.96e-05;NOVA2:2.96e-05;PTBP1:2.52e-05;TARDBP:1.29e-05	ELAVL1;FUS;HNRNPA1;NOVA1;NOVA2;PTBP1;SRSF1;TARDBP;ZFP36
E0690	8548	ENSMUST00000002466.8|ENSMUSG00000002393|Nr2f6	Nr2f6	9	9	yes	NOVA2	NOVA2:2.78e-05	NOVA2;SRSF1
E0691	8551	ENSMUST00000008094.9|ENSMUSG00000007950|Abhd8	Abhd8	19	19	yes	ELAVL1;PTBP1;QKI	ELAVL1:3.87e-05;PTBP1:3.63e-06;QKI:9.54e-05	ELAVL1;HNRNPA1;MBNL1;PTBP1;QKI;SRSF1
E0692	8555	ENSMUST00000150969.7|ENSMUSG00000007610|Gtpbp3	Gtpbp3	578	578	yes	ELAVL1;HNRNPA2B1;NOVA1;NOVA2;PTBP1;QKI;TARDBP	ELAVL1:1.27e-05;HNRNPA2B1:7.13e-07;NOVA1:2.54e-05;NOVA2:4.53e-07;PTBP1:3.63e-06;QKI:4.72e-05;TARDBP:5.62e-08	ELAVL1;FUS;HNRNPA1;HNRNPA2B1;KHDRBS1;MBNL1;NOVA1;NOVA2;PABPN1;PTBP1;QKI;SRSF1;TARDBP;ZFP36
E0693	8560	ENSMUST00000034267.4|ENSMUSG00000031808|Slc27a1	Slc27a1	17	17	yes	ELAVL1;NOVA2;PTBP1;TARDBP	ELAVL1:7.93e-05;NOVA2:1.13e-05;PTBP1:7.93e-05;TARDBP:8.29e-05	ELAVL1;HNRNPA1;NOVA2;PTBP1;SRSF1;TARDBP
E0694	8575	ENSMUST00000064853.12|ENSMUSG00000052794|1700030K09Rik	1700030K09Rik	33	33	yes	ELAVL1;HNRNPA2B1;PTBP1;TARDBP	ELAVL1:9.66e-05;HNRNPA2B1:5.99e-06;PTBP1:1.47e-05;TARDBP:1.75e-05	ELAVL1;HNRNPA1;HNRNPA2B1;PTBP1;SRSF1;TARDBP;ZFP36
E0695	8579	ENSMUST00000167290.7|ENSMUSG00000044600|Smim7	Smim7	120	120	yes	ELAVL1;HNRNPA2B1;NOVA2;PTBP1;QKI;TARDBP	ELAVL1:1.83e-07;HNRNPA2B1:4.43e-05;NOVA2:2.25e-05;PTBP1:9.76e-06;QKI:1.60e-06;TARDBP:9.09e-07	ELAVL1;HNRNPA1;HNRNPA2B1;MBNL1;NOVA2;PABPN1;PTBP1;QKI;SRSF1;TARDBP;ZFP36
E0696	8584	ENSMUST00000165630.2|ENSMUSG00000042870|Tom1	Tom1	9	9	yes	PTBP1	PTBP1:1.21e-05	HNRNPA1;PTBP1;SRSF1
E0697	8591	ENSMUST00000049245.9|ENSMUSG00000037070|Rbmxl1	Rbmxl1	0	0	no			
E0698	8595	ENSMUST00000080536.7|ENSMUSG00000058355|Abce1	Abce1	17	17	yes	ELAVL1;NOVA1;PTBP1	ELAVL1:9.66e-05;NOVA1:2.54e-05;PTBP1:9.66e-05	ELAVL1;HNRNPA1;NOVA1;PTBP1;SRSF1;ZFP36
E0699	8596	ENSMUST00000210812.1|ENSMUSG00000036977|Anapc10	Anapc10	153	153	yes	ELAVL1;HNRNPA2B1;NOVA1;NOVA2;PTBP1;QKI;TARDBP	ELAVL1:8.86e-06;HNRNPA2B1:1.86e-05;NOVA1:2.99e-05;NOVA2:1.94e-05;PTBP1:1.20e-05;QKI:7.93e-05;TARDBP:3.58e-05	ELAVL1;HNRNPA1;HNRNPA2B1;KHDRBS1;NOVA1;NOVA2;PTBP1;QKI;SRSF1;TARDBP;ZFP36
E0700	8605	ENSMUST00000212005.1|ENSMUSG00000031708|Tecr	Tecr	24	24	yes	HNRNPA2B1;NOVA2;PTBP1;TARDBP	HNRNPA2B1:9.43e-05;NOVA2:1.17e-05;PTBP1:2.73e-05;TARDBP:3.58e-05	HNRNPA1;HNRNPA2B1;NOVA2;PTBP1;SRSF1;TARDBP
E0701	8625	ENSMUST00000065539.5|ENSMUSG00000053226|Dand5	Dand5	9	9	no			HNRNPA1;MBNL1;SRSF1
E0702	8631	ENSMUST00000003907.13|ENSMUSG00000003809|Gcdh	Gcdh	16	16	yes	HNRNPA2B1;PTBP1;TARDBP	HNRNPA2B1:7.86e-05;PTBP1:1.21e-05;TARDBP:5.35e-05	HNRNPA1;HNRNPA2B1;MBNL1;PTBP1;SRSF1;TARDBP
E0703	8637	ENSMUST00000047281.9|ENSMUSG00000041203|Trir	Trir	11	11	yes	PTBP1	PTBP1:7.93e-05	HNRNPA1;PTBP1;SRSF1
E0704	8639	ENSMUST00000152871.7|ENSMUSG00000060038|Dhps	Dhps	83	83	yes	ELAVL1;HNRNPA2B1;NOVA2;PTBP1;QKI;TARDBP	ELAVL1:8.86e-06;HNRNPA2B1:7.51e-06;NOVA2:5.84e-06;PTBP1:5.23e-05;QKI:7.24e-05;TARDBP:9.40e-05	ELAVL1;HNRNPA1;HNRNPA2B1;NOVA2;PABPN1;PTBP1;QKI;SRSF1;TARDBP;ZFP36
E0705	8641	ENSMUST00000140621.1|ENSMUSG00000059355|Wdr83os	Wdr83os	53	53	yes	ELAVL1;NOVA1;NOVA2;PTBP1	ELAVL1:2.96e-05;NOVA1:2.96e-05;NOVA2:2.96e-05;PTBP1:2.52e-05	ELAVL1;FUS;HNRNPA1;KHDRBS1;NOVA1;NOVA2;PTBP1;SRSF1
E0706	8648	ENSMUST00000034140.8|ENSMUSG00000031703|Itfg1	Itfg1	27	27	yes	ELAVL1;NOVA2;PTBP1;QKI;TARDBP	ELAVL1:9.66e-05;NOVA2:5.35e-05;PTBP1:1.21e-05;QKI:1.93e-05;TARDBP:6.51e-05	ELAVL1;HNRNPA1;MBNL1;NOVA2;PTBP1;QKI;SRSF1;TARDBP
E0707	8651	ENSMUST00000165770.8|ENSMUSG00000045333|Zfp423	Zfp423	81	81	yes	ELAVL1;HNRNPA2B1;NOVA1;NOVA2;PTBP1	ELAVL1:2.96e-05;HNRNPA2B1:7.65e-05;NOVA1:2.96e-05;NOVA2:2.96e-05;PTBP1:9.29e-06	ELAVL1;FUS;HNRNPA1;HNRNPA2B1;KHDRBS1;MBNL1;NOVA1;NOVA2;PTBP1;SRSF1;ZFP36
E0708	8654	ENSMUST00000119033.7|ENSMUSG00000036779|Tent4b	Tent4b	134	134	yes	ELAVL1;NOVA2;PTBP1;QKI;TARDBP	ELAVL1:6.00e-06;NOVA2:2.95e-05;PTBP1:3.63e-06;QKI:5.95e-05;TARDBP:5.62e-08	ELAVL1;HNRNPA1;KHDRBS1;MBNL1;NOVA2;PABPN1;PTBP1;QKI;SRSF1;TARDBP;ZFP36
E0709	8659	ENSMUST00000043526.14|ENSMUSG00000036712|Cyld	Cyld	188	188	yes	ELAVL1;HNRNPA2B1;NOVA1;NOVA2;PTBP1;QKI;TARDBP	ELAVL1:3.87e-05;HNRNPA2B1:2.76e-05;NOVA1:1.47e-05;NOVA2:3.80e-05;PTBP1:1.79e-05;QKI:1.34e-05;TARDBP:1.47e-05	ELAVL1;HNRNPA1;HNRNPA2B1;KHDRBS1;MBNL1;NOVA1;NOVA2;PTBP1;QKI;SRSF1;TARDBP;ZFP36
E0710	8662	ENSMUST00000034091.7|ENSMUSG00000031666|Rbl2	Rbl2	41	41	yes	ELAVL1;NOVA1;NOVA2;PTBP1;QKI	ELAVL1:2.96e-05;NOVA1:2.96e-05;NOVA2:2.96e-05;PTBP1:1.47e-05;QKI:1.60e-06	ELAVL1;FUS;HNRNPA1;NOVA1;NOVA2;PTBP1;QKI;SRSF1;ZFP36
E0711	8666	ENSMUST00000053766.13|ENSMUSG00000031751|Amfr	Amfr	34	34	yes	ELAVL1;PTBP1;QKI;TARDBP	ELAVL1:9.05e-05;PTBP1:1.79e-05;QKI:7.93e-05;TARDBP:1.47e-05	ELAVL1;HNRNPA1;PTBP1;QKI;SRSF1;TARDBP;ZFP36
E0712	8681	ENSMUST00000077955.5|ENSMUSG00000063605|Ccdc102a	Ccdc102a	3	3	yes	HNRNPA2B1	HNRNPA2B1:7.65e-05	HNRNPA2B1;SRSF1
E0713	8694	ENSMUST00000034097.7|ENSMUSG00000031672|Got2	Got2	21	21	yes	NOVA1;PTBP1;QKI	NOVA1:2.99e-05;PTBP1:1.47e-05;QKI:1.93e-05	HNRNPA1;NOVA1;PTBP1;QKI;SRSF1
E0714	8701	ENSMUST00000179802.1|ENSMUSG00000096188|Cmtm4	Cmtm4	342	342	yes	ELAVL1;HNRNPA2B1;NOVA1;NOVA2;PTBP1;QKI;TARDBP	ELAVL1:2.96e-05;HNRNPA2B1:1.30e-05;NOVA1:2.96e-05;NOVA2:2.64e-05;PTBP1:5.23e-06;QKI:1.11e-05;TARDBP:8.37e-06	ELAVL1;FUS;HNRNPA1;HNRNPA2B1;KHDRBS1;MBNL1;NOVA1;NOVA2;PABPN1;PTBP1;QKI;SRSF1;TARDBP;ZFP36
E0715	8702	ENSMUST00000041769.7|ENSMUSG00000035770|Dync1li2	Dync1li2	32	32	yes	ELAVL1;PTBP1;TARDBP	ELAVL1:7.93e-05;PTBP1:5.73e-05;TARDBP:1.79e-05	ELAVL1;KHDRBS1;MBNL1;PTBP1;SRSF1;TARDBP;ZFP36
E0716	8719	ENSMUST00000013304.7|ENSMUSG00000013160|Atp6v0d1	Atp6v0d1	15	15	yes	HNRNPA2B1;PTBP1	HNRNPA2B1:8.45e-05;PTBP1:1.86e-05	HNRNPA1;HNRNPA2B1;PTBP1;SRSF1
E0717	8722	ENSMUST00000211870.1|ENSMUSG00000038000|Acd	Acd	177	177	yes	ELAVL1;HNRNPA2B1;NOVA2;PTBP1;QKI;TARDBP	ELAVL1:9.66e-05;HNRNPA2B1:8.25e-06;NOVA2:6.51e-06;PTBP1:6.67e-06;QKI:2.85e-05;TARDBP:4.13e-05	ELAVL1;HNRNPA1;HNRNPA2B1;MBNL1;NOVA2;PABPN1;PTBP1;QKI;SRSF1;TARDBP;ZFP36
E0718	8727	ENSMUST00000008594.8|ENSMUSG00000008450|Nutf2	Nutf2	20	20	yes	ELAVL1;NOVA2	ELAVL1:7.84e-05;NOVA2:5.35e-05	ELAVL1;HNRNPA1;NOVA2;SRSF1
E0719	8728	ENSMUST00000136048.7|ENSMUSG00000036270|Edc4	Edc4	103	103	yes	ELAVL1;HNRNPA2B1;NOVA1;NOVA2;PTBP1;QKI;TARDBP	ELAVL1:7.93e-05;HNRNPA2B1:8.71e-06;NOVA1:5.35e-05;NOVA2:2.87e-06;PTBP1:1.20e-05;QKI:7.24e-05;TARDBP:1.47e-05	ELAVL1;HNRNPA1;HNRNPA2B1;KHDRBS1;MBNL1;NOVA1;NOVA2;PTBP1;QKI;SRSF1;TARDBP;ZFP36
E0720	8741	ENSMUST00000034388.9|ENSMUSG00000031913|Vps4a	Vps4a	17	17	yes	ELAVL1;PTBP1	ELAVL1:3.87e-05;PTBP1:7.93e-05	ELAVL1;HNRNPA1;MBNL1;PTBP1;SRSF1;ZFP36
E0721	8742	ENSMUST00000154271.1|ENSMUSG00000078931|Pdf	Pdf	66	66	yes	ELAVL1;HNRNPA2B1;NOVA2;PTBP1;TARDBP	ELAVL1:3.87e-05;HNRNPA2B1:4.43e-05;NOVA2:8.42e-06;PTBP1:1.29e-05;TARDBP:5.35e-05	ELAVL1;HNRNPA1;HNRNPA2B1;MBNL1;NOVA2;PTBP1;SRSF1;TARDBP;ZFP36
E0722	8743	ENSMUST00000034392.12|ENSMUSG00000031917|Nip7	Nip7	105	105	yes	ELAVL1;HNRNPA2B1;PTBP1;QKI;TARDBP	ELAVL1:1.83e-07;HNRNPA2B1:1.98e-05;PTBP1:3.71e-05;QKI:1.93e-05;TARDBP:1.05e-05	ELAVL1;HNRNPA1;HNRNPA2B1;PABPN1;PTBP1;QKI;SRSF1;TARDBP;ZFP36
E0723	8744	ENSMUST00000034400.4|ENSMUSG00000031924|Cyb5b	Cyb5b	196	196	yes	ELAVL1;HNRNPA2B1;NOVA1;NOVA2;PTBP1;QKI;TARDBP	ELAVL1:6.00e-06;HNRNPA2B1:8.71e-06;NOVA1:5.35e-05;NOVA2:5.35e-05;PTBP1:9.76e-06;QKI:7.24e-05;TARDBP:5.62e-08	ELAVL1;HNRNPA1;HNRNPA2B1;KHDRBS1;MBNL1;NOVA1;NOVA2;PTBP1;QKI;SRSF1;TARDBP;ZFP36
E0724	8752	ENSMUST00000212964.1|ENSMUSG00000031728|Zfp821	Zfp821	8	8	yes	ELAVL1	ELAVL1:6.00e-06	ELAVL1;HNRNPA1;SRSF1
E0725	8753	ENSMUST00000093157.12|ENSMUSG00000031731|Ap1g1	Ap1g1	124	124	yes	ELAVL1;HNRNPA2B1;NOVA1;NOVA2;PTBP1;QKI;TARDBP	ELAVL1:7.84e-05;HNRNPA2B1:1.86e-05;NOVA1:1.34e-05;NOVA2:4.90e-05;PTBP1:1.21e-05;QKI:9.18e-05;TARDBP:4.13e-05	ELAVL1;HNRNPA1;HNRNPA2B1;KHDRBS1;NOVA1;NOVA2;PTBP1;QKI;SRSF1;TARDBP;ZFP36
E0726	8765	ENSMUST00000210390.1|ENSMUSG00000109941|Exosc6	Exosc6	7	7	yes	PTBP1	PTBP1:5.73e-05	MBNL1;PTBP1;SRSF1
E0727	878	ENSMUST00000073705.11|ENSMUSG00000037750|Fam222b	Fam222b	51	51	yes	ELAVL1;HNRNPA2B1;NOVA1;PTBP1;TARDBP	ELAVL1:9.66e-05;HNRNPA2B1:5.93e-05;NOVA1:1.34e-05;PTBP1:7.34e-05;TARDBP:2.72e-05	ELAVL1;HNRNPA1;HNRNPA2B1;NOVA1;PABPN1;PTBP1;SRSF1;TARDBP;ZFP36
E0728	879	ENSMUST00000017530.3|ENSMUSG00000017386|Traf4	Traf4	22	22	yes	ELAVL1;PTBP1	ELAVL1:8.86e-06;PTBP1:7.40e-05	ELAVL1;HNRNPA1;PTBP1;SRSF1;ZFP36
E0729	8791	ENSMUST00000098362.10|ENSMUSG00000031835|Mbtps1	Mbtps1	13	13	yes	ELAVL1;PTBP1;QKI	ELAVL1:6.00e-06;PTBP1:6.51e-05;QKI:2.85e-05	ELAVL1;HNRNPA1;PTBP1;QKI;SRSF1;ZFP36
E0730	8796	ENSMUST00000049156.6|ENSMUSG00000034105|Meak7	Meak7	93	93	yes	ELAVL1;HNRNPA2B1;NOVA1;NOVA2;PTBP1;QKI;TARDBP	ELAVL1:2.96e-05;HNRNPA2B1:3.12e-06;NOVA1:2.96e-05;NOVA2:2.96e-05;PTBP1:7.14e-06;QKI:2.85e-05;TARDBP:6.10e-07	ELAVL1;FUS;HNRNPA1;HNRNPA2B1;NOVA1;NOVA2;PABPN1;PTBP1;QKI;SRSF1;TARDBP
E0731	8798	ENSMUST00000108988.8|ENSMUSG00000031826|Usp10	Usp10	21	21	yes	ELAVL1;PTBP1;QKI	ELAVL1:1.27e-05;PTBP1:5.30e-05;QKI:9.54e-05	ELAVL1;HNRNPA1;PTBP1;QKI;SRSF1
E0732	880	ENSMUST00000017549.12|ENSMUSG00000017405|Nek8	Nek8	33	33	yes	ELAVL1;HNRNPA2B1;PTBP1;QKI;TARDBP	ELAVL1:7.84e-05;HNRNPA2B1:1.98e-05;PTBP1:1.21e-05;QKI:7.24e-05;TARDBP:4.38e-06	ELAVL1;HNRNPA1;HNRNPA2B1;PTBP1;QKI;SRSF1;TARDBP
E0733	8804	ENSMUST00000034278.5|ENSMUSG00000031821|Gins2	Gins2	151	151	yes	ELAVL1;HNRNPA2B1;NOVA2;PTBP1;QKI;TARDBP	ELAVL1:7.84e-05;HNRNPA2B1:1.86e-05;NOVA2:1.94e-05;PTBP1:3.80e-06;QKI:9.18e-05;TARDBP:1.47e-05	ELAVL1;HNRNPA1;HNRNPA2B1;MBNL1;NOVA2;PTBP1;QKI;SRSF1;TARDBP;ZFP36
E0734	8818	ENSMUST00000014614.3|ENSMUSG00000014470|Rnf166	Rnf166	47	47	yes	ELAVL1;PTBP1;TARDBP	ELAVL1:9.05e-05;PTBP1:6.13e-07;TARDBP:1.75e-05	ELAVL1;HNRNPA1;PTBP1;SRSF1;TARDBP
E0735	8829	ENSMUST00000000759.8|ENSMUSG00000000743|Chmp1a	Chmp1a	18	18	yes	ELAVL1;HNRNPA2B1;PTBP1;TARDBP	ELAVL1:3.80e-06;HNRNPA2B1:5.35e-05;PTBP1:2.31e-05;TARDBP:6.41e-05	ELAVL1;HNRNPA1;HNRNPA2B1;PTBP1;SRSF1;TARDBP;ZFP36
E0736	8836	ENSMUST00000098320.5|ENSMUSG00000031967|Afg3l1	Afg3l1	208	208	yes	ELAVL1;HNRNPA2B1;NOVA1;NOVA2;PTBP1;QKI;TARDBP	ELAVL1:2.01e-05;HNRNPA2B1:8.25e-06;NOVA1:2.96e-05;NOVA2:2.96e-05;PTBP1:1.47e-05;QKI:6.39e-06;TARDBP:5.62e-08	ELAVL1;FUS;HNRNPA1;HNRNPA2B1;MBNL1;NOVA1;NOVA2;PTBP1;QKI;SRSF1;TARDBP;ZFP36
E0737	8853	ENSMUST00000034469.6|ENSMUSG00000031987|Egln1	Egln1	52	52	yes	ELAVL1;HNRNPA2B1;PTBP1;QKI;TARDBP	ELAVL1:3.87e-05;HNRNPA2B1:5.03e-06;PTBP1:5.70e-05;QKI:3.50e-05;TARDBP:2.85e-05	ELAVL1;HNRNPA1;HNRNPA2B1;KHDRBS1;PTBP1;QKI;SRSF1;TARDBP;ZFP36
E0738	8854	ENSMUST00000108775.1|ENSMUSG00000001995|Sipa1l2	Sipa1l2	21	21	yes	ELAVL1;NOVA1;PTBP1	ELAVL1:3.87e-05;NOVA1:1.47e-05;PTBP1:9.66e-05	ELAVL1;HNRNPA1;NOVA1;PTBP1;SRSF1;ZFP36
E0739	8910	ENSMUST00000086399.5|ENSMUSG00000037405|Icam1	Icam1	16	16	yes	NOVA1;PTBP1	NOVA1:5.35e-05;PTBP1:9.29e-06	HNRNPA1;MBNL1;NOVA1;PTBP1;SRSF1
E0740	8921	ENSMUST00000038671.9|ENSMUSG00000035047|Kri1	Kri1	34	34	yes	ELAVL1;HNRNPA2B1;PTBP1	ELAVL1:6.00e-06;HNRNPA2B1:7.51e-06;PTBP1:5.23e-05	ELAVL1;HNRNPA1;HNRNPA2B1;PTBP1;SRSF1;ZFP36
E0741	8934	ENSMUST00000115351.9|ENSMUSG00000019066|Rab3d	Rab3d	126	126	yes	ELAVL1;HNRNPA2B1;NOVA2;PTBP1;TARDBP	ELAVL1:7.93e-05;HNRNPA2B1:5.03e-06;NOVA2:1.94e-05;PTBP1:4.03e-06;TARDBP:6.51e-05	ELAVL1;HNRNPA1;HNRNPA2B1;MBNL1;NOVA2;PTBP1;SRSF1;TARDBP;ZFP36
E0742	8942	ENSMUST00000043922.6|ENSMUSG00000038895|Zfp653	Zfp653	8	8	yes	PTBP1;TARDBP	PTBP1:7.14e-05;TARDBP:3.58e-05	HNRNPA1;PTBP1;SRSF1;TARDBP
E0743	8944	ENSMUST00000166335.1|ENSMUSG00000013822|Elof1	Elof1	9	9	yes	ELAVL1;HNRNPA2B1;NOVA1;TARDBP	ELAVL1:7.93e-05;HNRNPA2B1:8.71e-06;NOVA1:1.02e-07;TARDBP:9.40e-05	ELAVL1;HNRNPA2B1;NOVA1;SRSF1;TARDBP
E0744	8976	ENSMUST00000239021.1|ENSMUSG00000062762|Ei24	Ei24	13	13	yes	ELAVL1;NOVA1;NOVA2;PTBP1	ELAVL1:2.96e-05;NOVA1:2.96e-05;NOVA2:2.96e-05;PTBP1:8.37e-06	ELAVL1;FUS;HNRNPA1;NOVA1;NOVA2;PTBP1;SRSF1
E0745	8997	ENSMUST00000162126.7|ENSMUSG00000111409|Gm49380	Gm49380	3522	3522	yes	ELAVL1;HNRNPA2B1;NOVA1;NOVA2;PTBP1;QKI;TARDBP	ELAVL1:1.83e-07;HNRNPA2B1:8.19e-07;NOVA1:1.47e-05;NOVA2:1.89e-06;PTBP1:3.70e-07;QKI:6.39e-06;TARDBP:5.62e-08	ELAVL1;FUS;HNRNPA1;HNRNPA2B1;KHDRBS1;MBNL1;NOVA1;NOVA2;PABPN1;PTBP1;QKI;SRSF1;TARDBP;ZFP36
E0746	9003	ENSMUST00000034621.15|ENSMUSG00000032109|Nlrx1	Nlrx1	27	27	yes	HNRNPA2B1;PTBP1	HNRNPA2B1:1.34e-05;PTBP1:3.71e-05	HNRNPA1;HNRNPA2B1;MBNL1;PTBP1;SRSF1
E0747	9031	ENSMUST00000034524.4|ENSMUSG00000032026|Rexo2	Rexo2	21	21	yes	ELAVL1;HNRNPA2B1;TARDBP	ELAVL1:8.86e-06;HNRNPA2B1:8.37e-05;TARDBP:4.13e-05	ELAVL1;HNRNPA1;HNRNPA2B1;KHDRBS1;SRSF1;TARDBP;ZFP36
E0748	9037	ENSMUST00000034570.6|ENSMUSG00000032067|Pts	Pts	23	23	yes	ELAVL1	ELAVL1:3.80e-06	ELAVL1;HNRNPA1;SRSF1;ZFP36
E0749	9043	ENSMUST00000034567.3|ENSMUSG00000000168|Dlat	Dlat	49	49	yes	ELAVL1;HNRNPA2B1;NOVA1;PTBP1;QKI	ELAVL1:3.80e-06;HNRNPA2B1:7.65e-05;NOVA1:5.35e-05;PTBP1:9.09e-07;QKI:3.75e-05	ELAVL1;HNRNPA1;HNRNPA2B1;KHDRBS1;MBNL1;NOVA1;PTBP1;QKI;SRSF1;ZFP36
E0750	9044	ENSMUST00000034566.14|ENSMUSG00000032064|Dixdc1	Dixdc1	69	69	yes	ELAVL1;NOVA1;PTBP1;QKI;TARDBP	ELAVL1:3.80e-06;NOVA1:4.73e-05;PTBP1:9.76e-06;QKI:2.99e-05;TARDBP:2.11e-06	ELAVL1;HNRNPA1;NOVA1;PTBP1;QKI;SRSF1;TARDBP;ZFP36
E0751	9058	ENSMUST00000166367.7|ENSMUSG00000032030|Cul5	Cul5	137	137	yes	ELAVL1;HNRNPA2B1;NOVA1;NOVA2;PTBP1;QKI;TARDBP	ELAVL1:6.00e-06;HNRNPA2B1:4.19e-05;NOVA1:5.35e-05;NOVA2:5.35e-05;PTBP1:4.03e-06;QKI:4.16e-05;TARDBP:1.79e-05	ELAVL1;HNRNPA1;HNRNPA2B1;KHDRBS1;MBNL1;NOVA1;NOVA2;PABPN1;PTBP1;QKI;SRSF1;TARDBP;ZFP36
E0752	9066	ENSMUST00000034848.13|ENSMUSG00000032301|Psma4	Psma4	1	1	no			SRSF1
E0753	9071	ENSMUST00000034876.9|ENSMUSG00000032324|Tspan3	Tspan3	24	24	yes	ELAVL1;PTBP1;TARDBP	ELAVL1:7.84e-05;PTBP1:7.93e-05;TARDBP:9.48e-07	ELAVL1;KHDRBS1;PTBP1;SRSF1;TARDBP
E0754	9072	ENSMUST00000034879.4|ENSMUSG00000032329|Hmg20a	Hmg20a	625	625	yes	ELAVL1;HNRNPA2B1;NOVA1;NOVA2;PTBP1;QKI;TARDBP	ELAVL1:3.80e-06;HNRNPA2B1:1.20e-05;NOVA1:1.02e-07;NOVA2:5.35e-05;PTBP1:6.13e-07;QKI:6.39e-06;TARDBP:5.62e-08	ELAVL1;HNRNPA1;HNRNPA2B1;KHDRBS1;MBNL1;NOVA1;NOVA2;PABPN1;PTBP1;QKI;SRSF1;TARDBP;ZFP36
E0755	9087	ENSMUST00000034856.14|ENSMUSG00000032306|Mpi	Mpi	39	39	yes	PTBP1	PTBP1:1.47e-05	HNRNPA1;PTBP1;SRSF1
E0756	9109	ENSMUST00000034834.15|ENSMUSG00000032294|Pkm	Pkm	16	16	yes	HNRNPA2B1;PTBP1;TARDBP	HNRNPA2B1:1.86e-05;PTBP1:3.71e-05;TARDBP:5.04e-05	HNRNPA1;HNRNPA2B1;PTBP1;SRSF1;TARDBP
E0757	9114	ENSMUST00000034817.10|ENSMUSG00000032278|Paqr5	Paqr5	43	43	yes	ELAVL1;HNRNPA2B1;PTBP1;QKI;TARDBP	ELAVL1:1.27e-05;HNRNPA2B1:1.98e-05;PTBP1:6.13e-07;QKI:1.11e-05;TARDBP:6.96e-05	ELAVL1;HNRNPA1;HNRNPA2B1;MBNL1;PTBP1;QKI;SRSF1;TARDBP;ZFP36
E0758	9126	ENSMUST00000005066.8|ENSMUSG00000004936|Map2k1	Map2k1	21	21	yes	ELAVL1;HNRNPA2B1;PTBP1	ELAVL1:2.01e-05;HNRNPA2B1:2.31e-05;PTBP1:6.22e-05	ELAVL1;HNRNPA1;HNRNPA2B1;KHDRBS1;MBNL1;PTBP1;SRSF1;ZFP36
E0759	9140	ENSMUST00000153700.8|ENSMUSG00000040652|Oaz2	Oaz2	50	50	yes	HNRNPA2B1;NOVA2;PTBP1;TARDBP	HNRNPA2B1:8.71e-06;NOVA2:5.35e-05;PTBP1:1.83e-06;TARDBP:4.13e-05	HNRNPA1;HNRNPA2B1;KHDRBS1;MBNL1;NOVA2;PTBP1;SRSF1;TARDBP
E0760	9145	ENSMUST00000034946.14|ENSMUSG00000032382|Snx1	Snx1	7	7	yes	ELAVL1;QKI	ELAVL1:6.00e-06;QKI:5.30e-05	ELAVL1;QKI;SRSF1
E0761	9146	ENSMUST00000034945.5|ENSMUSG00000032381|Ciao2a	Ciao2a	2	2	no			SRSF1
E0762	9152	ENSMUST00000215172.1|ENSMUSG00000032370|Lactb	Lactb	13	13	yes	ELAVL1;PTBP1	ELAVL1:1.27e-05;PTBP1:5.70e-05	ELAVL1;HNRNPA1;KHDRBS1;PTBP1;SRSF1
E0763	9181	ENSMUST00000072232.8|ENSMUSG00000058587|Tmod3	Tmod3	23	23	yes	ELAVL1;PTBP1;QKI	ELAVL1:3.80e-06;PTBP1:7.93e-05;QKI:5.76e-05	ELAVL1;HNRNPA1;KHDRBS1;PTBP1;QKI;SRSF1;ZFP36
E0764	9189	ENSMUST00000034904.13|ENSMUSG00000032349|Elovl5	Elovl5	126	126	yes	ELAVL1;HNRNPA2B1;NOVA2;PTBP1;QKI;TARDBP	ELAVL1:6.00e-06;HNRNPA2B1:1.86e-05;NOVA2:5.35e-05;PTBP1:1.21e-05;QKI:2.54e-05;TARDBP:5.62e-08	ELAVL1;HNRNPA1;HNRNPA2B1;KHDRBS1;NOVA2;PABPN1;PTBP1;QKI;SRSF1;TARDBP;ZFP36
E0765	9193	ENSMUST00000042235.14|ENSMUSG00000037742|Eef1a1	Eef1a1	6	6	yes	TARDBP	TARDBP:1.47e-05	TARDBP
E0766	9196	ENSMUST00000034878.11|ENSMUSG00000032328|Tmem30a	Tmem30a	60	60	yes	ELAVL1;HNRNPA2B1;NOVA1;NOVA2;PTBP1;QKI;TARDBP	ELAVL1:8.86e-06;HNRNPA2B1:4.43e-05;NOVA1:1.47e-05;NOVA2:3.77e-05;PTBP1:2.99e-06;QKI:6.39e-06;TARDBP:3.63e-05	ELAVL1;HNRNPA1;HNRNPA2B1;NOVA1;NOVA2;PTBP1;QKI;SRSF1;TARDBP;ZFP36
E0767	9199	ENSMUST00000035889.14|ENSMUSG00000033577|Myo6	Myo6	94	94	yes	ELAVL1;NOVA1;NOVA2;PTBP1;TARDBP	ELAVL1:1.27e-05;NOVA1:9.54e-05;NOVA2:5.35e-05;PTBP1:8.37e-06;TARDBP:1.79e-05	ELAVL1;HNRNPA1;KHDRBS1;MBNL1;NOVA1;NOVA2;PABPN1;PTBP1;SRSF1;TARDBP;ZFP36
E0768	9203	ENSMUST00000113215.9|ENSMUSG00000032261|Sh3bgrl2	Sh3bgrl2	60	60	yes	ELAVL1;HNRNPA2B1;NOVA2;PTBP1;QKI;TARDBP	ELAVL1:7.93e-05;HNRNPA2B1:1.98e-05;NOVA2:5.35e-05;PTBP1:1.47e-05;QKI:1.11e-05;TARDBP:1.47e-05	ELAVL1;HNRNPA2B1;KHDRBS1;MBNL1;NOVA2;PTBP1;QKI;SRSF1;TARDBP;ZFP36
E0769	9204	ENSMUST00000034796.13|ENSMUSG00000032262|Elovl4	Elovl4	50	50	yes	ELAVL1;HNRNPA2B1;NOVA1;PTBP1;TARDBP	ELAVL1:2.01e-05;HNRNPA2B1:8.37e-05;NOVA1:5.35e-05;PTBP1:5.70e-05;TARDBP:6.51e-05	ELAVL1;HNRNPA1;HNRNPA2B1;MBNL1;NOVA1;PTBP1;SRSF1;TARDBP;ZFP36
E0770	9242	ENSMUST00000035038.7|ENSMUSG00000032463|Faim	Faim	2	2	yes	ELAVL1;QKI	ELAVL1:7.84e-05;QKI:7.93e-05	ELAVL1;QKI
E0771	9260	ENSMUST00000047799.12|ENSMUSG00000090150|Acad11	Acad11	14	14	yes	PTBP1;QKI	PTBP1:7.14e-06;QKI:5.95e-05	HNRNPA1;PABPN1;PTBP1;QKI;SRSF1;ZFP36
E0772	9262	ENSMUST00000185533.1|ENSMUSG00000032565|Nudt16	Nudt16	53	53	yes	ELAVL1;HNRNPA2B1;NOVA1;NOVA2;PTBP1;QKI;TARDBP	ELAVL1:7.93e-05;HNRNPA2B1:7.65e-05;NOVA1:1.47e-05;NOVA2:5.35e-05;PTBP1:1.21e-05;QKI:7.93e-05;TARDBP:6.51e-05	ELAVL1;HNRNPA1;HNRNPA2B1;MBNL1;NOVA1;NOVA2;PTBP1;QKI;SRSF1;TARDBP;ZFP36
E0773	9299	ENSMUST00000112295.8|ENSMUSG00000070284|Gmppb	Gmppb	65	65	yes	HNRNPA2B1;NOVA2;PTBP1;QKI;TARDBP	HNRNPA2B1:2.76e-05;NOVA2:5.35e-05;PTBP1:4.03e-06;QKI:7.24e-05;TARDBP:5.30e-05	HNRNPA1;HNRNPA2B1;MBNL1;NOVA2;PTBP1;QKI;SRSF1;TARDBP
E0774	9344	ENSMUST00000035086.12|ENSMUSG00000032504|Pdcd6ip	Pdcd6ip	143	143	yes	ELAVL1;HNRNPA2B1;NOVA1;PTBP1;QKI;TARDBP	ELAVL1:2.01e-05;HNRNPA2B1:4.43e-05;NOVA1:4.73e-05;PTBP1:9.30e-06;QKI:8.56e-07;TARDBP:4.38e-06	ELAVL1;HNRNPA1;HNRNPA2B1;KHDRBS1;MBNL1;NOVA1;PTBP1;QKI;SRSF1;TARDBP;ZFP36
E0775	9346	ENSMUST00000084885.11|ENSMUSG00000009741|Ubp1	Ubp1	53	53	yes	ELAVL1;PTBP1;TARDBP	ELAVL1:9.66e-05;PTBP1:2.02e-05;TARDBP:6.41e-05	ELAVL1;HNRNPA1;KHDRBS1;MBNL1;PABPN1;PTBP1;SRSF1;TARDBP;ZFP36
E0776	9347	ENSMUST00000084881.4|ENSMUSG00000032431|Crtap	Crtap	13	13	yes	PTBP1	PTBP1:5.70e-05	PABPN1;PTBP1;SRSF1
E0777	9353	ENSMUST00000047013.3|ENSMUSG00000041012|Cmtm8	Cmtm8	11	11	yes	ELAVL1	ELAVL1:7.84e-05	ELAVL1;HNRNPA1;MBNL1;SRSF1;ZFP36
E0778	9373	ENSMUST00000007139.5|ENSMUSG00000006941|Eif1b	Eif1b	11	11	yes	NOVA2;PTBP1;QKI;TARDBP	NOVA2:4.35e-05;PTBP1:9.66e-05;QKI:7.93e-05;TARDBP:2.72e-05	NOVA2;PTBP1;QKI;SRSF1;TARDBP;ZFP36
E0779	9387	ENSMUST00000084733.6|ENSMUSG00000066233|Tmem42	Tmem42	16	16	yes	ELAVL1;NOVA2;PTBP1;QKI	ELAVL1:9.66e-05;NOVA2:5.35e-05;PTBP1:9.66e-05;QKI:3.75e-05	ELAVL1;NOVA2;PTBP1;QKI;SRSF1
E0780	9391	ENSMUST00000026269.3|ENSMUSG00000025239|Limd1	Limd1	46	46	yes	ELAVL1;HNRNPA2B1;NOVA1;PTBP1;QKI	ELAVL1:3.87e-05;HNRNPA2B1:8.37e-05;NOVA1:2.54e-05;PTBP1:4.03e-06;QKI:1.51e-05	ELAVL1;HNRNPA1;HNRNPA2B1;NOVA1;PABPN1;PTBP1;QKI;SRSF1;ZFP36
E0781	9404	ENSMUST00000049896.12|ENSMUSG00000031148|Gpkow	Gpkow	78	78	yes	ELAVL1;HNRNPA2B1;PTBP1;TARDBP	ELAVL1:9.66e-05;HNRNPA2B1:8.45e-05;PTBP1:4.03e-06;TARDBP:1.29e-05	ELAVL1;HNRNPA1;HNRNPA2B1;KHDRBS1;PABPN1;PTBP1;SRSF1;TARDBP;ZFP36
E0782	9407	ENSMUST00000033489.7|ENSMUSG00000031149|Praf2	Praf2	16	16	yes	PTBP1	PTBP1:1.21e-05	HNRNPA1;PTBP1;SRSF1
E0783	9414	ENSMUST00000033498.9|ENSMUSG00000031158|Timm17b	Timm17b	121	121	yes	ELAVL1;NOVA1;NOVA2;PTBP1;QKI;TARDBP	ELAVL1:7.93e-05;NOVA1:1.47e-05;NOVA2:5.35e-05;PTBP1:1.11e-06;QKI:9.54e-05;TARDBP:3.13e-05	ELAVL1;HNRNPA1;MBNL1;NOVA1;NOVA2;PABPN1;PTBP1;QKI;SRSF1;TARDBP;ZFP36
E0784	9416	ENSMUST00000115642.7|ENSMUSG00000031161|Hdac6	Hdac6	19	19	yes	ELAVL1;PTBP1	ELAVL1:2.01e-05;PTBP1:5.73e-05	ELAVL1;MBNL1;PTBP1;SRSF1;ZFP36
E0785	9417	ENSMUST00000115638.9|ENSMUSG00000039231|Suv39h1	Suv39h1	33	33	yes	ELAVL1;HNRNPA2B1;PTBP1;QKI;TARDBP	ELAVL1:1.27e-05;HNRNPA2B1:7.86e-05;PTBP1:7.34e-05;QKI:1.11e-05;TARDBP:1.05e-05	ELAVL1;HNRNPA1;HNRNPA2B1;PTBP1;QKI;TARDBP
E0786	9423	ENSMUST00000115591.7|ENSMUSG00000031170|Slc38a5	Slc38a5	10	10	yes	PTBP1	PTBP1:3.70e-05	HNRNPA1;KHDRBS1;PTBP1;SRSF1
E0787	9431	ENSMUST00000033313.2|ENSMUSG00000031007|Atp6ap2	Atp6ap2	13	13	yes	ELAVL1;PTBP1;QKI;TARDBP	ELAVL1:3.87e-05;PTBP1:7.01e-05;QKI:1.65e-05;TARDBP:1.47e-05	ELAVL1;PTBP1;QKI;TARDBP
E0788	9434	ENSMUST00000000804.6|ENSMUSG00000000787|Ddx3x	Ddx3x	41	41	yes	ELAVL1;PTBP1;QKI;TARDBP	ELAVL1:7.84e-05;PTBP1:9.66e-05;QKI:7.24e-05;TARDBP:8.37e-06	ELAVL1;HNRNPA1;KHDRBS1;MBNL1;PTBP1;QKI;SRSF1;TARDBP;ZFP36
E0789	9445	ENSMUST00000033383.2|ENSMUSG00000031066|Usp11	Usp11	16	16	yes	ELAVL1;NOVA2;PTBP1	ELAVL1:9.66e-05;NOVA2:5.86e-05;PTBP1:1.79e-05	ELAVL1;NOVA2;PTBP1;SRSF1;ZFP36
E0790	9456	ENSMUST00000016463.3|ENSMUSG00000016319|Slc25a5	Slc25a5	4	4	yes	NOVA1;PTBP1	NOVA1:1.47e-05;PTBP1:7.93e-05	NOVA1;PTBP1
E0791	9457	ENSMUST00000115248.9|ENSMUSG00000006423|C330007P06Rik	C330007P06Rik	22	22	yes	ELAVL1;PTBP1;TARDBP	ELAVL1:8.86e-06;PTBP1:8.19e-06;TARDBP:6.51e-05	ELAVL1;HNRNPA1;KHDRBS1;MBNL1;PABPN1;PTBP1;SRSF1;TARDBP;ZFP36
E0792	9476	ENSMUST00000026723.8|ENSMUSG00000025630|Hprt	Hprt	6	6	yes	ELAVL1;PTBP1;TARDBP	ELAVL1:7.84e-05;PTBP1:7.93e-05;TARDBP:6.51e-05	ELAVL1;PTBP1;SRSF1;TARDBP
E0793	9487	ENSMUST00000088627.10|ENSMUSG00000067860|Zic3	Zic3	37	37	yes	ELAVL1;PTBP1;QKI	ELAVL1:7.84e-05;PTBP1:6.51e-05;QKI:6.57e-05	ELAVL1;HNRNPA1;PTBP1;QKI;SRSF1;ZFP36
E0794	9504	ENSMUST00000033741.14|ENSMUSG00000031375|Bgn	Bgn	175	175	yes	ELAVL1;HNRNPA2B1;PTBP1;TARDBP	ELAVL1:9.66e-05;HNRNPA2B1:4.43e-05;PTBP1:3.63e-06;TARDBP:5.62e-08	ELAVL1;HNRNPA1;HNRNPA2B1;MBNL1;PTBP1;SRSF1;TARDBP
E0795	9508	ENSMUST00000114387.7|ENSMUSG00000031388|Naa10	Naa10	4	4	yes	PTBP1	PTBP1:7.14e-05	MBNL1;PTBP1;SRSF1
E0796	9517	ENSMUST00000015435.10|ENSMUSG00000015291|Gdi1	Gdi1	259	259	yes	ELAVL1;PTBP1;TARDBP	ELAVL1:7.84e-05;PTBP1:3.63e-06;TARDBP:5.62e-08	ELAVL1;HNRNPA1;MBNL1;PTBP1;SRSF1;TARDBP;ZFP36
E0797	9521	ENSMUST00000114133.8|ENSMUSG00000004221|Ikbkg	Ikbkg	152	152	yes	ELAVL1;HNRNPA2B1;NOVA1;NOVA2;PTBP1;QKI;TARDBP	ELAVL1:1.83e-07;HNRNPA2B1:5.93e-05;NOVA1:5.35e-05;NOVA2:2.68e-05;PTBP1:4.03e-06;QKI:3.39e-06;TARDBP:1.47e-05	ELAVL1;HNRNPA1;HNRNPA2B1;KHDRBS1;MBNL1;NOVA1;NOVA2;PABPN1;PTBP1;QKI;SRSF1;TARDBP;ZFP36
E0798	9524	ENSMUST00000033541.4|ENSMUSG00000031198|Fundc2	Fundc2	44	44	yes	ELAVL1;HNRNPA2B1;NOVA2;PTBP1;QKI;TARDBP	ELAVL1:3.87e-05;HNRNPA2B1:9.75e-05;NOVA2:9.53e-05;PTBP1:9.29e-06;QKI:1.11e-05;TARDBP:5.35e-05	ELAVL1;HNRNPA1;HNRNPA2B1;NOVA2;PABPN1;PTBP1;QKI;SRSF1;TARDBP;ZFP36
E0799	9536	ENSMUST00000046565.12|ENSMUSG00000035277|Arx	Arx	26	26	yes	ELAVL1;HNRNPA2B1;PTBP1	ELAVL1:2.01e-05;HNRNPA2B1:1.98e-05;PTBP1:2.31e-05	ELAVL1;HNRNPA2B1;MBNL1;PTBP1;SRSF1;ZFP36
E0800	9543	ENSMUST00000026142.7|ENSMUSG00000025151|Maged1	Maged1	3	3	no			HNRNPA1;ZFP36
E0801	9544	ENSMUST00000101388.3|ENSMUSG00000073062|Zxdb	Zxdb	142	142	yes	ELAVL1;HNRNPA2B1;NOVA1;PTBP1;QKI;TARDBP	ELAVL1:1.27e-05;HNRNPA2B1:1.20e-05;NOVA1:5.35e-05;PTBP1:2.99e-06;QKI:2.54e-05;TARDBP:2.11e-06	ELAVL1;HNRNPA1;HNRNPA2B1;KHDRBS1;NOVA1;PTBP1;QKI;SRSF1;TARDBP;ZFP36
E0802	9546	ENSMUST00000117399.1|ENSMUSG00000031207|Msn	Msn	47	47	yes	ELAVL1;NOVA1;NOVA2;PTBP1;QKI;TARDBP	ELAVL1:2.96e-05;NOVA1:2.96e-05;NOVA2:2.49e-05;PTBP1:9.29e-06;QKI:5.95e-05;TARDBP:4.38e-06	ELAVL1;FUS;HNRNPA1;KHDRBS1;NOVA1;NOVA2;PTBP1;QKI;SRSF1;TARDBP;ZFP36
E0803	9551	ENSMUST00000033570.5|ENSMUSG00000031221|Igbp1	Igbp1	7	7	yes	ELAVL1;PTBP1	ELAVL1:9.05e-05;PTBP1:5.23e-06	ELAVL1;PTBP1
E0804	9560	ENSMUST00000033673.6|ENSMUSG00000031311|Nono	Nono	6	6	yes	PTBP1;QKI	PTBP1:4.03e-06;QKI:9.18e-05	PTBP1;QKI;SRSF1
E0805	9561	ENSMUST00000044475.4|ENSMUSG00000034160|Ogt	Ogt	49	49	yes	ELAVL1;HNRNPA2B1;NOVA1;PTBP1;QKI	ELAVL1:3.87e-05;HNRNPA2B1:5.35e-05;NOVA1:5.35e-05;PTBP1:1.47e-05;QKI:4.73e-05	ELAVL1;HNRNPA1;HNRNPA2B1;KHDRBS1;MBNL1;NOVA1;PTBP1;QKI;SRSF1;ZFP36
E0806	9578	ENSMUST00000055497.14|ENSMUSG00000047242|Taf9b	Taf9b	42	42	yes	ELAVL1;NOVA2;PTBP1;TARDBP	ELAVL1:7.84e-05;NOVA2:9.46e-05;PTBP1:3.99e-05;TARDBP:8.37e-06	ELAVL1;HNRNPA1;MBNL1;NOVA2;PTBP1;SRSF1;TARDBP
E0807	9581	ENSMUST00000033591.5|ENSMUSG00000031239|Itm2a	Itm2a	10	10	yes	ELAVL1;PTBP1	ELAVL1:7.84e-05;PTBP1:7.93e-05	ELAVL1;HNRNPA1;PTBP1;SRSF1
E0808	959	ENSMUST00000154617.7|ENSMUSG00000020516|Rps6kb1	Rps6kb1	111	111	yes	ELAVL1;HNRNPA2B1;NOVA1;PTBP1;QKI;TARDBP	ELAVL1:6.00e-06;HNRNPA2B1:5.35e-05;NOVA1:3.36e-05;PTBP1:1.47e-05;QKI:3.36e-05;TARDBP:2.85e-05	ELAVL1;HNRNPA1;HNRNPA2B1;KHDRBS1;NOVA1;PABPN1;PTBP1;QKI;SRSF1;TARDBP;ZFP36
E0809	96	ENSMUST00000105499.1|ENSMUSG00000019804|Snx3	Snx3	7	7	yes	ELAVL1;PTBP1	ELAVL1:9.66e-05;PTBP1:1.70e-05	ELAVL1;KHDRBS1;PTBP1;SRSF1
E0810	9613	ENSMUST00000049130.7|ENSMUSG00000042750|Bex2	Bex2	8	8	yes	ELAVL1;PTBP1	ELAVL1:3.87e-05;PTBP1:9.66e-05	ELAVL1;KHDRBS1;PTBP1;ZFP36
E0811	9617	ENSMUST00000058125.8|ENSMUSG00000050071|Bex1	Bex1	6	6	yes	ELAVL1;PTBP1	ELAVL1:7.84e-05;PTBP1:7.93e-05	ELAVL1;KHDRBS1;PTBP1;SRSF1
E0812	9619	ENSMUST00000178632.7|ENSMUSG00000046432|Bex3	Bex3	1	1	no			SRSF1
E0813	9622	ENSMUST00000033797.12|ENSMUSG00000031422|Morf4l2	Morf4l2	11	11	yes	ELAVL1;PTBP1;TARDBP	ELAVL1:9.05e-05;PTBP1:7.34e-05;TARDBP:6.51e-05	ELAVL1;PTBP1;SRSF1;TARDBP;ZFP36
E0814	9632	ENSMUST00000055738.11|ENSMUSG00000031431|Tsc22d3	Tsc22d3	59	59	yes	ELAVL1;NOVA2;PTBP1;TARDBP	ELAVL1:7.93e-05;NOVA2:8.72e-05;PTBP1:3.63e-06;TARDBP:7.15e-06	ELAVL1;HNRNPA1;MBNL1;NOVA2;PTBP1;SRSF1;TARDBP;ZFP36
E0815	9655	ENSMUST00000051484.4|ENSMUSG00000047238|Mageh1	Mageh1	15	15	yes	ELAVL1;PTBP1	ELAVL1:3.87e-05;PTBP1:7.93e-05	ELAVL1;KHDRBS1;PTBP1;SRSF1;ZFP36
E0816	9668	ENSMUST00000033665.8|ENSMUSG00000031303|Map3k15	Map3k15	1	1	no			SRSF1
E0817	967	ENSMUST00000143280.1|ENSMUSG00000020495|Smg8	Smg8	7	7	yes	ELAVL1	ELAVL1:1.27e-05	ELAVL1;KHDRBS1;SRSF1;ZFP36
E0818	9692	ENSMUST00000091197.3|ENSMUSG00000069049|Eif2s3y	Eif2s3y	3	3	yes	PTBP1	PTBP1:9.66e-05	PTBP1;ZFP36
E0819	971	ENSMUST00000103179.9|ENSMUSG00000018401|Mtmr4	Mtmr4	73	73	yes	ELAVL1;HNRNPA2B1;NOVA1;PTBP1;TARDBP	ELAVL1:7.84e-05;HNRNPA2B1:5.03e-06;NOVA1:2.54e-05;PTBP1:5.73e-05;TARDBP:5.62e-08	ELAVL1;HNRNPA1;HNRNPA2B1;KHDRBS1;MBNL1;NOVA1;PTBP1;SRSF1;TARDBP
E0820	975	ENSMUST00000139129.8|ENSMUSG00000018379|Srsf1	Srsf1	105	105	yes	ELAVL1;HNRNPA2B1;NOVA1;NOVA2;PTBP1;QKI;TARDBP	ELAVL1:2.01e-05;HNRNPA2B1:1.20e-05;NOVA1:2.96e-05;NOVA2:1.94e-05;PTBP1:1.20e-05;QKI:1.60e-06;TARDBP:6.51e-05	ELAVL1;FUS;HNRNPA1;HNRNPA2B1;KHDRBS1;NOVA1;NOVA2;PTBP1;QKI;SRSF1;TARDBP;ZFP36
E0821	976	ENSMUST00000018521.10|ENSMUSG00000018377|Vezf1	Vezf1	101	101	yes	ELAVL1;HNRNPA2B1;NOVA1;NOVA2;PTBP1;QKI;TARDBP	ELAVL1:3.87e-05;HNRNPA2B1:5.03e-06;NOVA1:9.54e-05;NOVA2:3.68e-05;PTBP1:1.21e-05;QKI:7.93e-05;TARDBP:5.04e-05	ELAVL1;HNRNPA1;HNRNPA2B1;KHDRBS1;MBNL1;NOVA1;NOVA2;PABPN1;PTBP1;QKI;SRSF1;TARDBP;ZFP36
E0822	980	ENSMUST00000107898.7|ENSMUSG00000033983|Coil	Coil	33	33	yes	HNRNPA2B1;NOVA2;PTBP1	HNRNPA2B1:1.73e-06;NOVA2:5.35e-05;PTBP1:1.20e-05	HNRNPA1;HNRNPA2B1;NOVA2;PTBP1;SRSF1
E0823	990	ENSMUST00000041956.13|ENSMUSG00000020859|Spag9	Spag9	139	139	yes	ELAVL1;HNRNPA2B1;NOVA2;PTBP1;QKI;TARDBP	ELAVL1:3.87e-05;HNRNPA2B1:3.12e-06;NOVA2:3.56e-05;PTBP1:1.20e-05;QKI:1.93e-05;TARDBP:2.85e-05	ELAVL1;HNRNPA1;HNRNPA2B1;KHDRBS1;MBNL1;NOVA2;PTBP1;QKI;SRSF1;TARDBP;ZFP36
E0824	999	ENSMUST00000025278.7|ENSMUSG00000024414|Mrpl27	Mrpl27	20	20	yes	ELAVL1;PTBP1;TARDBP	ELAVL1:1.83e-07;PTBP1:7.93e-05;TARDBP:1.75e-05	ELAVL1;HNRNPA1;PTBP1;SRSF1;TARDBP;ZFP36
