event_id	gene_symbol	chrom	strand	distal_peak_count	distal_peak_count_fdr05	distal_min_fdr	distal_overlap_bp	distal_peaks	shared_peak_count	shared_peaks	L2v2_distal_qki
ENSMUST00000043374.6|ENSMUSG00000040653|Ppp1r14c	Ppp1r14c	chr10	+	0	0		0		0		no
ENSMUST00000045730.6|ENSMUSG00000038587|Akap12	Akap12	chr10	+	0	0		0		0		no
ENSMUST00000100077.4|ENSMUSG00000075327|Zbtb2	Zbtb2	chr10	-	0	0		0		0		no
ENSMUST00000042251.10|ENSMUSG00000019763|Rmnd1	Rmnd1	chr10	-	0	0		0		0		no
ENSMUST00000041639.6|ENSMUSG00000096054|Syne1	Syne1	chr10	-	0	0		0		0		no
ENSMUST00000051809.9|ENSMUSG00000046916|Myct1	Myct1	chr10	+	0	0		0		0		no
ENSMUST00000019908.8|ENSMUSG00000019774|Mtrf1l	Mtrf1l	chr10	-	0	0		0		0		no
ENSMUST00000131996.7|ENSMUSG00000019775|Rgs17	Rgs17	chr10	-	0	0		0		0		no
ENSMUST00000150282.1|ENSMUSG00000015202|Cnksr3	Cnksr3	chr10	-	0	0		0		0		no
ENSMUST00000130590.7|ENSMUSG00000019796|Lrp11	Lrp11	chr10	+	0	0		0		0		no
ENSMUST00000161123.7|ENSMUSG00000019795|Pcmt1	Pcmt1	chr10	-	0	0		0		0		no
ENSMUST00000173400.7|ENSMUSG00000019794|Katna1	Katna1	chr10	+	0	0		0		0		no
ENSMUST00000039763.13|ENSMUSG00000040006|Ginm1	Ginm1	chr10	-	0	0		0		0		no
ENSMUST00000146444.7|ENSMUSG00000015755|Tab2	Tab2	chr10	-	0	0		0		0		no
ENSMUST00000061601.8|ENSMUSG00000047712|Ust	Ust	chr10	-	0	0		0		0		no
ENSMUST00000100070.4|ENSMUSG00000060487|Samd5	Samd5	chr10	-	0	0		0		0		no
ENSMUST00000038213.13|ENSMUSG00000019790|Stxbp5	Stxbp5	chr10	-	0	0		0		0		no
ENSMUST00000129456.7|ENSMUSG00000047648|Fbxo30	Fbxo30	chr10	+	0	0		0		0		no
ENSMUST00000042861.6|ENSMUSG00000039232|Stx11	Stx11	chr10	-	0	0		0		0		no
ENSMUST00000105139.4|ENSMUSG00000078348|Sf3b5	Sf3b5	chr10	+	0	0		0		0		no
ENSMUST00000121646.7|ENSMUSG00000019817|Plagl1	Plagl1	chr10	+	0	0		0		0		no
ENSMUST00000019950.5|ENSMUSG00000019814|Ltv1	Ltv1	chr10	-	0	0		0		0		no
ENSMUST00000105545.11|ENSMUSG00000062866|Phactr2	Phactr2	chr10	-	0	0		0		0		no
ENSMUST00000121465.2|ENSMUSG00000019810|Fuca2	Fuca2	chr10	+	0	0		0		0		no
ENSMUST00000019945.14|ENSMUSG00000019809|Pex3	Pex3	chr10	-	0	0		0		0		no
ENSMUST00000162610.7|ENSMUSG00000019806|Aig1	Aig1	chr10	-	0	0		0		0		no
ENSMUST00000191138.6|ENSMUSG00000015501|Hivep2	Hivep2	chr10	+	0	0		0		0		no
ENSMUST00000020018.11|ENSMUSG00000019868|Vta1	Vta1	chr10	-	0	0		0		0		no
ENSMUST00000038107.8|ENSMUSG00000039910|Cited2	Cited2	chr10	+	0	0		0		0		no
ENSMUST00000037879.7|ENSMUSG00000039879|Heca	Heca	chr10	-	0	0		0		0		no
ENSMUST00000020002.8|ENSMUSG00000078453|Abracl	Abracl	chr10	-	0	0		0		0		no
ENSMUST00000155284.7|ENSMUSG00000019854|Reps1	Reps1	chr10	+	0	0		0		0		no
ENSMUST00000037341.13|ENSMUSG00000039835|Nhsl1	Nhsl1	chr10	+	0	0		0		0		no
ENSMUST00000020000.6|ENSMUSG00000019853|Hebp2	Hebp2	chr10	-	0	0		0		0		no
ENSMUST00000215836.1|ENSMUSG00000019852|Arfgef3	Arfgef3	chr10	-	0	0		0		0		no
ENSMUST00000019998.8|ENSMUSG00000019851|Perp	Perp	chr10	+	0	0		0		0		no
ENSMUST00000019997.10|ENSMUSG00000019850|Tnfaip3	Tnfaip3	chr10	-	0	0		0		0		no
ENSMUST00000164591.2|ENSMUSG00000020009|Ifngr1	Ifngr1	chr10	+	0	0		0		0		no
ENSMUST00000020182.15|ENSMUSG00000020003|Pex7	Pex7	chr10	-	0	0		0		0		no
ENSMUST00000095806.9|ENSMUSG00000071369|Map3k5	Map3k5	chr10	+	0	0		0		0		no
ENSMUST00000116259.4|ENSMUSG00000019996|Map7	Map7	chr10	+	0	0		0		0		no
ENSMUST00000186100.6|ENSMUSG00000037608|Bclaf1	Bclaf1	chr10	+	0	0		0		0		no
ENSMUST00000061324.5|ENSMUSG00000019977|Hbs1l	Hbs1l	chr10	+	0	0		0		0		no
ENSMUST00000020145.11|ENSMUSG00000019970|Sgk1	Sgk1	chr10	+	0	0		0		0		no
ENSMUST00000179054.7|ENSMUSG00000097327|E030030I06Rik	E030030I06Rik	chr10	-	0	0		0		0		no
ENSMUST00000042261.4|ENSMUSG00000037490|Slc2a12	Slc2a12	chr10	+	0	0		0		0		no
ENSMUST00000127698.7|ENSMUSG00000071359|Tbpl1	Tbpl1	chr10	-	0	0		0		0		no
ENSMUST00000218142.1|ENSMUSG00000061983|Rps12	Rps12	chr10	-	0	0		0		0		no
ENSMUST00000127841.1|ENSMUSG00000037455|Slc18b1	Slc18b1	chr10	+	0	0		0		0		no
ENSMUST00000041416.7|ENSMUSG00000037440|Vnn1	Vnn1	chr10	+	0	0		0		0		no
ENSMUST00000220041.1|ENSMUSG00000019998|Stx7	Stx7	chr10	+	0	0		0		0		no
ENSMUST00000095784.2|ENSMUSG00000020000|Moxd1	Moxd1	chr10	+	0	0		0		0		no
ENSMUST00000039882.12|ENSMUSG00000037370|Enpp1	Enpp1	chr10	-	0	0		0		0		no
ENSMUST00000020161.9|ENSMUSG00000019987|Arg1	Arg1	chr10	-	0	0		0		0		no
ENSMUST00000100012.2|ENSMUSG00000039166|Akap7	Akap7	chr10	-	0	0		0		0		no
ENSMUST00000218232.1|ENSMUSG00000049420|Tmem200a	Tmem200a	chr10	-	0	0		0		0		no
ENSMUST00000105519.9|ENSMUSG00000039089|L3mbtl3	L3mbtl3	chr10	-	0	0		0		0		no
ENSMUST00000039557.8|ENSMUSG00000039031|Arhgap18	Arhgap18	chr10	+	0	0		0		0		no
ENSMUST00000092639.11|ENSMUSG00000019899|Lama2	Lama2	chr10	-	0	0		0		0		no
ENSMUST00000166468.1|ENSMUSG00000019889|Ptprk	Ptprk	chr10	+	0	0		0		0		no
ENSMUST00000092629.3|ENSMUSG00000038916|Soga3	Soga3	chr10	+	0	0		0		0		no
ENSMUST00000217011.1|ENSMUSG00000110723|Gm49353	Gm49353	chr10	+	0	0		0		0		no
ENSMUST00000020034.5|ENSMUSG00000019883|Echdc1	Echdc1	chr10	+	0	0		0		0		no
ENSMUST00000160144.8|ENSMUSG00000038876|Rnf146	Rnf146	chr10	-	0	0		0		0		no
ENSMUST00000092623.4|ENSMUSG00000019880|Rspo3	Rspo3	chr10	-	0	0		0		0		no
ENSMUST00000215595.1|ENSMUSG00000019792|Trmt11	Trmt11	chr10	-	0	0		0		0		no
ENSMUST00000019924.8|ENSMUSG00000019789|Hey2	Hey2	chr10	-	0	0		0		0		no
ENSMUST00000159194.2|ENSMUSG00000000295|Hddc2	Hddc2	chr10	+	0	0		0		0		no
ENSMUST00000214644.1|ENSMUSG00000000296|Tpd52l1	Tpd52l1	chr10	-	0	0		0		0		no
ENSMUST00000081989.7|ENSMUSG00000063760|Rnf217	Rnf217	chr10	-	0	0		0		0		no
ENSMUST00000069125.7|ENSMUSG00000049872|Calhm5	Calhm5	chr10	-	0	0		0		0		no
ENSMUST00000048010.8|ENSMUSG00000039497|Dse	Dse	chr10	-	0	0		0		0		no
ENSMUST00000061372.6|ENSMUSG00000047514|Tspyl1	Tspyl1	chr10	+	0	0		0		0		no
ENSMUST00000105512.7|ENSMUSG00000039480|Nt5dc1	Nt5dc1	chr10	-	0	0		0		0		no
ENSMUST00000047935.7|ENSMUSG00000039485|Tspyl4	Tspyl4	chr10	+	0	0		0		0		no
ENSMUST00000105511.1|ENSMUSG00000039462|Col10a1	Col10a1	chr10	+	0	0		0		0		no
ENSMUST00000019913.14|ENSMUSG00000019779|Frk	Frk	chr10	+	0	0		0		0		no
ENSMUST00000080898.3|ENSMUSG00000063953|Amd2	Amd2	chr10	-	0	0		0		0		no
ENSMUST00000092584.5|ENSMUSG00000069662|Marcks	Marcks	chr10	-	0	0		0		0		no
ENSMUST00000063091.12|ENSMUSG00000019843|Fyn	Fyn	chr10	+	0	0		0		0		no
ENSMUST00000019987.6|ENSMUSG00000019842|Traf3ip2	Traf3ip2	chr10	+	0	0		0		0		no
ENSMUST00000045114.12|ENSMUSG00000038510|Rpf2	Rpf2	chr10	-	0	0		0		0		no
ENSMUST00000217537.1|ENSMUSG00000019837|Gtf3c6	Gtf3c6	chr10	-	0	0		0		0		no
ENSMUST00000099945.5|ENSMUSG00000075232|Amd1	Amd1	chr10	-	0	0		0		0		no
ENSMUST00000215000.1|ENSMUSG00000038481|Cdk19	Cdk19	chr10	+	0	0		0		0		no
ENSMUST00000213856.1|ENSMUSG00000063428|Ddo	Ddo	chr10	+	0	0		0		0		no
ENSMUST00000044166.8|ENSMUSG00000038446|Cdc40	Cdc40	chr10	-	0	0		0		0		no
ENSMUST00000105509.1|ENSMUSG00000019831|Wasf1	Wasf1	chr10	+	0	0		0		0		no
ENSMUST00000043814.4|ENSMUSG00000038417|Fig4	Fig4	chr10	-	0	0		0		0		no
ENSMUST00000126436.1|ENSMUSG00000019823|Mical1	Mical1	chr10	+	0	0		0		0		no
ENSMUST00000155411.7|ENSMUSG00000019822|Smpd2	Smpd2	chr10	-	0	0		0		0		no
ENSMUST00000186388.1|ENSMUSG00000019818|Cd164	Cd164	chr10	+	0	0		0		0		no
ENSMUST00000105505.9|ENSMUSG00000019813|Cep57l1	Cep57l1	chr10	-	0	0		0		0		no
ENSMUST00000099931.10|ENSMUSG00000038332|Sesn1	Sesn1	chr10	+	0	0		0		0		no
ENSMUST00000161927.7|ENSMUSG00000071324|Armc2	Armc2	chr10	-	0	0		0		0		no
ENSMUST00000105499.1|ENSMUSG00000019804|Snx3	Snx3	chr10	+	0	0		0		0		no
ENSMUST00000019938.10|ENSMUSG00000019803|Nr2e1	Nr2e1	chr10	-	0	0		0		0		no
ENSMUST00000040718.5|ENSMUSG00000038280|Ostm1	Ostm1	chr10	+	0	0		0		0		no
ENSMUST00000019937.4|ENSMUSG00000019802|Sec63	Sec63	chr10	+	0	0		0		0		no
ENSMUST00000063063.13|ENSMUSG00000044770|Scml4	Scml4	chr10	+	0	0		0		0		no
ENSMUST00000058714.9|ENSMUSG00000047139|Cd24a	Cd24a	chr10	+	0	0		0		0		no
ENSMUST00000020012.6|ENSMUSG00000019863|Qrsl1	Qrsl1	chr10	-	0	0		0		0		no
ENSMUST00000054418.11|ENSMUSG00000019864|Rtn4ip1	Rtn4ip1	chr10	+	0	0		0		0		no
ENSMUST00000039286.4|ENSMUSG00000038160|Atg5	Atg5	chr10	+	0	0		0		0		no
ENSMUST00000099858.3|ENSMUSG00000019849|Prep	Prep	chr10	+	0	0		0		0		no
ENSMUST00000037044.12|ENSMUSG00000038822|Hace1	Hace1	chr10	+	0	0		0		0		no
ENSMUST00000219226.1|ENSMUSG00000038774|Ascc3	Ascc3	chr10	+	0	0		0		0		no
ENSMUST00000218123.1|ENSMUSG00000062593|Gm49339	Gm49339	chr10	+	0	0		0		0		no
ENSMUST00000219960.1|ENSMUSG00000112023|Lilr4b	Lilr4b	chr10	+	0	0		0		0		no
ENSMUST00000218617.1|ENSMUSG00000112148|Lilrb4a	Lilrb4a	chr10	+	0	0		0		0		no
ENSMUST00000218582.1|ENSMUSG00000019891|Dcbld1	Dcbld1	chr10	+	0	0		0		0		no
ENSMUST00000105475.8|ENSMUSG00000019861|Gopc	Gopc	chr10	-	0	0		0		0		no
ENSMUST00000023830.15|ENSMUSG00000023068|Nus1	Nus1	chr10	+	0	0		0		0		no
ENSMUST00000046221.7|ENSMUSG00000038583|Pln	Pln	chr10	+	0	0		0		0		no
ENSMUST00000020004.7|ENSMUSG00000019857|Asf1a	Asf1a	chr10	+	0	0		0		0		no
ENSMUST00000218317.1|ENSMUSG00000003746|Man1a	Man1a	chr10	-	0	0		0		0		no
ENSMUST00000063138.7|ENSMUSG00000047669|Msl3l2	Msl3l2	chr10	+	0	0		0		0		no
ENSMUST00000068581.8|ENSMUSG00000050953|Gja1	Gja1	chr10	+	0	0		0		0		no
ENSMUST00000020027.10|ENSMUSG00000019877|Serinc1	Serinc1	chr10	-	0	0		0		0		no
ENSMUST00000075992.11|ENSMUSG00000019876|Pkib	Pkib	chr10	+	0	0		0		0		no
ENSMUST00000020024.11|ENSMUSG00000019874|Fabp7	Fabp7	chr10	+	0	0		0		0		no
ENSMUST00000020022.7|ENSMUSG00000019872|Smpdl3a	Smpdl3a	chr10	+	0	0		0		0		no
ENSMUST00000162984.1|ENSMUSG00000038039|Gcc2	Gcc2	chr10	+	0	0		0		0		no
ENSMUST00000020078.13|ENSMUSG00000019920|Lims1	Lims1	chr10	+	0	0		0		0		no
ENSMUST00000003310.6|ENSMUSG00000003226|Ranbp2	Ranbp2	chr10	+	0	0		0		0		no
ENSMUST00000036576.9|ENSMUSG00000038010|Ccdc138	Ccdc138	chr10	+	0	0		0		0		no
ENSMUST00000003312.4|ENSMUSG00000003227|Edar	Edar	chr10	-	0	0		0		0		no
ENSMUST00000153031.1|ENSMUSG00000037990|Sh3rf3	Sh3rf3	chr10	+	0	0		0		0		no
ENSMUST00000165971.2|ENSMUSG00000019917|Septin10	Septin10	chr10	-	0	0		0		0		no
ENSMUST00000182161.1|ENSMUSG00000098188|Sowahc	Sowahc	chr10	+	0	0		0		0		no
ENSMUST00000009789.14|ENSMUSG00000019916|P4ha1	P4ha1	chr10	+	0	0		0		0		no
ENSMUST00000165563.7|ENSMUSG00000020111|Micu1	Micu1	chr10	+	0	0		0		0		no
ENSMUST00000131810.7|ENSMUSG00000020109|Dnajb12	Dnajb12	chr10	+	0	0		0		0		no
ENSMUST00000020308.4|ENSMUSG00000020108|Ddit4	Ddit4	chr10	-	0	0		0		0		no
ENSMUST00000182898.7|ENSMUSG00000020107|Anapc16	Anapc16	chr10	-	0	0		0		0		no
ENSMUST00000121820.8|ENSMUSG00000058297|Spock2	Spock2	chr10	+	0	0		0		0		no
ENSMUST00000179238.7|ENSMUSG00000004207|Psap	Psap	chr10	+	0	0		0		0		no
ENSMUST00000020301.13|ENSMUSG00000020101|Vsir	Vsir	chr10	+	0	0		0		0		no
ENSMUST00000150845.7|ENSMUSG00000020100|Slc29a3	Slc29a3	chr10	-	0	0		0		0		no
ENSMUST00000020298.7|ENSMUSG00000020098|Pcbd1	Pcbd1	chr10	+	0	0		0		0		no
ENSMUST00000092486.10|ENSMUSG00000059901|Adamts14	Adamts14	chr10	-	0	0		0		0		no
ENSMUST00000020289.9|ENSMUSG00000020092|Pald1	Pald1	chr10	-	0	0		0		0		no
ENSMUST00000020288.14|ENSMUSG00000020091|Eif4ebp2	Eif4ebp2	chr10	-	0	0		0		0		no
ENSMUST00000049242.8|ENSMUSG00000037151|Lrrc20	Lrrc20	chr10	+	0	0		0		0		no
ENSMUST00000020286.6|ENSMUSG00000020089|Ppa1	Ppa1	chr10	+	0	0		0		0		no
ENSMUST00000020285.9|ENSMUSG00000020088|Sar1a	Sar1a	chr10	+	0	0		0		0		no
ENSMUST00000020284.4|ENSMUSG00000020087|Tysnd1	Tysnd1	chr10	+	0	0		0		0		no
ENSMUST00000067857.10|ENSMUSG00000020085|Aifm2	Aifm2	chr10	+	0	0		0		0		no
ENSMUST00000020283.4|ENSMUSG00000020086|Macroh2a2	Macroh2a2	chr10	-	0	0		0		0		no
ENSMUST00000125704.7|ENSMUSG00000020083|Fam241b	Fam241b	chr10	-	0	0		0		0		no
ENSMUST00000047883.10|ENSMUSG00000037031|Tspan15	Tspan15	chr10	-	0	0		0		0		no
ENSMUST00000099691.10|ENSMUSG00000037012|Hk1	Hk1	chr10	-	0	0		0		0		no
ENSMUST00000162023.1|ENSMUSG00000020079|Supv3l1	Supv3l1	chr10	-	0	0		0		0		no
ENSMUST00000219574.1|ENSMUSG00000020078|Vps26a	Vps26a	chr10	-	0	0		0		0		no
ENSMUST00000160987.7|ENSMUSG00000020077|Srgn	Srgn	chr10	-	0	0		0		0		no
ENSMUST00000045866.8|ENSMUSG00000020075|Ddx21	Ddx21	chr10	-	0	0		0		0		no
ENSMUST00000218304.1|ENSMUSG00000020076|Ddx50	Ddx50	chr10	-	0	0		0		0		no
ENSMUST00000218229.1|ENSMUSG00000020074|Ccar1	Ccar1	chr10	-	0	0		0		0		no
ENSMUST00000044977.9|ENSMUSG00000071253|Slc25a16	Slc25a16	chr10	+	0	0		0		0		no
ENSMUST00000140743.7|ENSMUSG00000020069|Hnrnph3	Hnrnph3	chr10	-	0	0		0		0		no
ENSMUST00000043317.6|ENSMUSG00000036764|Dnajc12	Dnajc12	chr10	+	0	0		0		0		no
ENSMUST00000105439.1|ENSMUSG00000042846|Lrrtm3	Lrrtm3	chr10	-	0	0		0		0		no
ENSMUST00000051446.15|ENSMUSG00000037876|Jmjd1c	Jmjd1c	chr10	+	0	0		0		0		no
ENSMUST00000159002.1|ENSMUSG00000075000|Nrbf2	Nrbf2	chr10	-	0	0		0		0		no
ENSMUST00000048289.13|ENSMUSG00000037868|Egr2	Egr2	chr10	+	0	0		0		0		no
ENSMUST00000075686.6|ENSMUSG00000057134|Ado	Ado	chr10	-	0	0		0		0		no
ENSMUST00000064656.7|ENSMUSG00000037855|Zfp365	Zfp365	chr10	-	0	0		0		0		no
ENSMUST00000020099.12|ENSMUSG00000019942|Cdk1	Cdk1	chr10	-	0	0		0		0		no
ENSMUST00000046807.6|ENSMUSG00000037762|Slc16a9	Slc16a9	chr10	+	0	0		0		0		no
ENSMUST00000173042.8|ENSMUSG00000043259|Fam13c	Fam13c	chr10	+	0	0		0		0		no
ENSMUST00000046513.9|ENSMUSG00000037747|Phyhipl	Phyhipl	chr10	-	0	0		0		0		no
ENSMUST00000131445.7|ENSMUSG00000014329|Bicc1	Bicc1	chr10	-	0	0		0		0		no
ENSMUST00000092430.10|ENSMUSG00000003923|Tfam	Tfam	chr10	-	0	0		0		0		no
ENSMUST00000020085.6|ENSMUSG00000019927|Ube2d1	Ube2d1	chr10	-	0	0		0		0		no
ENSMUST00000045887.8|ENSMUSG00000037710|Cisd1	Cisd1	chr10	-	0	0		0		0		no
ENSMUST00000141984.1|ENSMUSG00000060733|Ipmk	Ipmk	chr10	+	0	0		0		0		no
ENSMUST00000020081.10|ENSMUSG00000019923|Zwint	Zwint	chr10	+	0	0		0		0		no
ENSMUST00000037813.4|ENSMUSG00000040009|Gnaz	Gnaz	chr10	+	0	0		0		0		no
ENSMUST00000147802.8|ENSMUSG00000020175|Rab36	Rab36	chr10	+	0	0		0		0		no
ENSMUST00000164107.2|ENSMUSG00000009681|Bcr	Bcr	chr10	+	0	0		0		0		no
ENSMUST00000105421.9|ENSMUSG00000033444|Specc1l	Specc1l	chr10	+	0	0		0		0		no
ENSMUST00000105420.2|ENSMUSG00000020178|Adora2a	Adora2a	chr10	+	0	0		0		0		no
ENSMUST00000020397.10|ENSMUSG00000020180|Snrpd3	Snrpd3	chr10	+	0	0		0		0		no
ENSMUST00000051129.9|ENSMUSG00000046807|Lrrc75b	Lrrc75b	chr10	-	0	0		0		0		no
ENSMUST00000095541.10|ENSMUSG00000006342|Susd2	Susd2	chr10	-	0	0		0		0		no
ENSMUST00000172820.1|ENSMUSG00000001666|Ddt	Ddt	chr10	-	0	0		0		0		no
ENSMUST00000174187.1|ENSMUSG00000001665|Gstt3	Gstt3	chr10	-	0	0		0		0		no
ENSMUST00000001713.9|ENSMUSG00000001663|Gstt1	Gstt1	chr10	-	0	0		0		0		no
ENSMUST00000220440.1|ENSMUSG00000033318|Gstt2	Gstt2	chr10	-	0	0		0		0		no
ENSMUST00000009236.5|ENSMUSG00000009092|Derl3	Derl3	chr10	+	0	0		0		0		no
ENSMUST00000140388.1|ENSMUSG00000000902|Smarcb1	Smarcb1	chr10	-	0	0		0		0		no
ENSMUST00000132869.1|ENSMUSG00000000901|Mmp11	Mmp11	chr10	-	0	0		0		0		no
ENSMUST00000061617.6|ENSMUSG00000049764|Zfp280b	Zfp280b	chr10	+	0	0		0		0		no
ENSMUST00000128099.7|ENSMUSG00000020230|Prmt2	Prmt2	chr10	-	0	0		0		0		no
ENSMUST00000036387.7|ENSMUSG00000033208|S100b	S100b	chr10	+	0	0		0		0		no
ENSMUST00000162524.1|ENSMUSG00000020231|Dip2a	Dip2a	chr10	-	0	0		0		0		no
ENSMUST00000049185.5|ENSMUSG00000033126|Ybey	Ybey	chr10	-	0	0		0		0		no
ENSMUST00000218881.1|ENSMUSG00000001150|Mcm3ap	Mcm3ap	chr10	+	0	0		0		0		no
ENSMUST00000048678.6|ENSMUSG00000033105|Lss	Lss	chr10	+	0	0		0		0		no
ENSMUST00000105413.7|ENSMUSG00000020241|Col6a2	Col6a2	chr10	-	0	0		0		0		no
ENSMUST00000001147.4|ENSMUSG00000001119|Col6a1	Col6a1	chr10	-	0	0		0		0		no
ENSMUST00000001148.10|ENSMUSG00000001120|Pcbp3	Pcbp3	chr10	-	0	0		0		0		no
ENSMUST00000081654.12|ENSMUSG00000001435|Col18a1	Col18a1	chr10	-	0	0		0		0		no
ENSMUST00000126073.7|ENSMUSG00000020262|Adarb1	Adarb1	chr10	-	0	0		0		0		no
ENSMUST00000045454.8|ENSMUSG00000032977|Fam207a	Fam207a	chr10	-	0	0		0		0		no
ENSMUST00000161789.7|ENSMUSG00000009291|Pttg1ip	Pttg1ip	chr10	+	0	0		0		0		no
ENSMUST00000020501.14|ENSMUSG00000020265|Sumo3	Sumo3	chr10	+	0	0		0		0		no
ENSMUST00000174113.7|ENSMUSG00000112241|Gm49325	Gm49325	chr10	+	0	0		0		0		no
ENSMUST00000174510.7|ENSMUSG00000009293|Ube2g2	Ube2g2	chr10	+	0	0		0		0		no
ENSMUST00000057608.4|ENSMUSG00000051652|Lrrc3	Lrrc3	chr10	-	0	0		0		0		no
ENSMUST00000105398.1|ENSMUSG00000020284|Cfap410	Cfap410	chr10	+	0	0		0		0		no
ENSMUST00000218383.1|ENSMUSG00000020277|Pfkl	Pfkl	chr10	-	0	0		0		0		no
ENSMUST00000105393.2|ENSMUSG00000000732|Icosl	Icosl	chr10	+	0	0		0		0		no
ENSMUST00000042556.10|ENSMUSG00000032834|Pwp2	Pwp2	chr10	-	0	0		0		0		no
ENSMUST00000217980.1|ENSMUSG00000000374|Trappc10	Trappc10	chr10	-	0	0		0		0		no
ENSMUST00000001240.11|ENSMUSG00000001211|Agpat3	Agpat3	chr10	-	0	0		0		1	chr10:78273550-78273600(fdr=1.51e-04)	no
ENSMUST00000219374.1|ENSMUSG00000061032|Rrp1	Rrp1	chr10	-	0	0		0		0		no
ENSMUST00000041616.14|ENSMUSG00000032788|Pdxk	Pdxk	chr10	-	0	0		0		0		no
ENSMUST00000040580.6|ENSMUSG00000032714|Syde1	Syde1	chr10	-	0	0		0		0		no
ENSMUST00000039271.6|ENSMUSG00000060301|2610008E11Rik	2610008E11Rik	chr10	-	0	0		0		0		no
ENSMUST00000165233.2|ENSMUSG00000052151|Plpp2	Plpp2	chr10	-	0	0		0		0		no
ENSMUST00000218964.1|ENSMUSG00000020307|Cdc34	Cdc34	chr10	+	0	0		0		0		no
ENSMUST00000178383.7|ENSMUSG00000023175|Bsg	Bsg	chr10	+	0	0		0		0		no
ENSMUST00000099513.7|ENSMUSG00000020331|Hcn2	Hcn2	chr10	+	0	0		0		0		no
ENSMUST00000162694.7|ENSMUSG00000020329|Polrmt	Polrmt	chr10	-	0	0		0		0		no
ENSMUST00000047203.8|ENSMUSG00000035890|Rnf126	Rnf126	chr10	-	0	0		0		0		no
ENSMUST00000020575.4|ENSMUSG00000020325|Fstl3	Fstl3	chr10	+	0	0		0		0		no
ENSMUST00000165704.7|ENSMUSG00000006498|Ptbp1	Ptbp1	chr10	+	0	0		0		0		no
ENSMUST00000006679.14|ENSMUSG00000057729|Prtn3	Prtn3	chr10	+	0	0		0		0		no
ENSMUST00000105378.8|ENSMUSG00000013833|Med16	Med16	chr10	-	0	0		0		0		no
ENSMUST00000045628.14|ENSMUSG00000035781|R3hdm4	R3hdm4	chr10	-	0	0		0		0		no
ENSMUST00000045529.2|ENSMUSG00000035773|Kiss1r	Kiss1r	chr10	+	0	0		0		0		no
ENSMUST00000045247.8|ENSMUSG00000035754|Wdr18	Wdr18	chr10	+	0	0		0		0		no
ENSMUST00000052885.13|ENSMUSG00000013858|Tmem259	Tmem259	chr10	-	0	0		0		0		no
ENSMUST00000004784.10|ENSMUSG00000004665|Cnn2	Cnn2	chr10	+	0	0		0		0		no
ENSMUST00000099501.9|ENSMUSG00000035697|Arhgap45	Arhgap45	chr10	+	0	0		0		0		no
ENSMUST00000004786.9|ENSMUSG00000004667|Polr2e	Polr2e	chr10	-	0	0		0		0		no
ENSMUST00000105372.7|ENSMUSG00000075706|Gpx4	Gpx4	chr10	+	0	0		0		0		no
ENSMUST00000219258.1|ENSMUSG00000035673|Sbno2	Sbno2	chr10	-	0	0		0		0		no
ENSMUST00000105371.8|ENSMUSG00000003068|Stk11	Stk11	chr10	+	0	0		0		0		no
ENSMUST00000105366.1|ENSMUSG00000003072|Atp5d	Atp5d	chr10	+	0	0		0		0		no
ENSMUST00000042057.11|ENSMUSG00000035621|Midn	Midn	chr10	+	0	0		0		0		no
ENSMUST00000105365.8|ENSMUSG00000045193|Cirbp	Cirbp	chr10	+	0	0		0		0		no
ENSMUST00000003154.6|ENSMUSG00000003070|Efna2	Efna2	chr10	+	0	0		0		0		no
ENSMUST00000020365.14|ENSMUSG00000020156|Pwwp3a	Pwwp3a	chr10	+	0	0		0		0		no
ENSMUST00000105362.7|ENSMUSG00000069565|Dazap1	Dazap1	chr10	+	0	0		0		0		no
ENSMUST00000105359.7|ENSMUSG00000020135|Apc2	Apc2	chr10	+	0	0		0		0		no
ENSMUST00000020341.8|ENSMUSG00000020133|2310011J03Rik	2310011J03Rik	chr10	-	0	0		0		0		no
ENSMUST00000105354.7|ENSMUSG00000035504|Reep6	Reep6	chr10	+	0	0		0		0		no
ENSMUST00000095446.9|ENSMUSG00000043822|Adamtsl5	Adamtsl5	chr10	-	0	0		0		0		no
ENSMUST00000105350.2|ENSMUSG00000048696|Mex3d	Mex3d	chr10	-	0	0		0		0		no
ENSMUST00000142997.7|ENSMUSG00000035478|Mbd3	Mbd3	chr10	-	0	0		0		0		no
ENSMUST00000020372.5|ENSMUSG00000020163|Uqcr11	Uqcr11	chr10	-	0	0		0		0		no
ENSMUST00000105344.7|ENSMUSG00000020167|Tcf3	Tcf3	chr10	-	0	0		0		0		no
ENSMUST00000038558.8|ENSMUSG00000035397|Klf16	Klf16	chr10	-	0	0		0		0		no
ENSMUST00000191440.6|ENSMUSG00000003346|Abhd17a	Abhd17a	chr10	-	0	0		0		0		no
ENSMUST00000038411.4|ENSMUSG00000113640|Adat3	Adat3	chr10	+	0	0		0		0		no
ENSMUST00000218067.1|ENSMUSG00000035370|Gm49322	Gm49322	chr10	+	0	0		0		0		no
ENSMUST00000079773.13|ENSMUSG00000003345|Csnk1g2	Csnk1g2	chr10	+	0	0		0		0		no
ENSMUST00000126980.7|ENSMUSG00000003344|Btbd2	Btbd2	chr10	-	0	0		0		0		no
ENSMUST00000200082.4|ENSMUSG00000020190|Mknk2	Mknk2	chr10	-	0	0		0		0		no
ENSMUST00000003438.10|ENSMUSG00000003348|Mob3a	Mob3a	chr10	-	0	0		0		0		no
ENSMUST00000218330.1|ENSMUSG00000055862|Izumo4	Izumo4	chr10	+	0	0		0		0		no
ENSMUST00000219356.1|ENSMUSG00000020198|Ap3d1	Ap3d1	chr10	-	0	0		0		0		no
ENSMUST00000219378.1|ENSMUSG00000035278|Plekhj1	Plekhj1	chr10	-	0	0		0		0		no
ENSMUST00000179341.1|ENSMUSG00000035242|Oaz1	Oaz1	chr10	+	0	0		0		0		no
ENSMUST00000220091.1|ENSMUSG00000035206|Sppl2b	Sppl2b	chr10	+	0	0		0		0		no
ENSMUST00000020440.6|ENSMUSG00000020219|Timm13	Timm13	chr10	-	0	0		0		0		no
ENSMUST00000057623.13|ENSMUSG00000062075|Lmnb2	Lmnb2	chr10	-	0	0		0		0		no
ENSMUST00000015456.9|ENSMUSG00000015312|Gadd45b	Gadd45b	chr10	+	0	0		0		0		no
ENSMUST00000099462.7|ENSMUSG00000048240|Gng7	Gng7	chr10	-	0	0		0		0		no
ENSMUST00000055125.4|ENSMUSG00000043670|Diras1	Diras1	chr10	-	0	0		0		0		no
ENSMUST00000117276.10|ENSMUSG00000046822|Slc39a3	Slc39a3	chr10	-	0	0		0		0		no
ENSMUST00000005067.5|ENSMUSG00000004937|Sgta	Sgta	chr10	-	0	0		0		0		no
ENSMUST00000005057.6|ENSMUSG00000004929|Thop1	Thop1	chr10	+	0	0		0		0		no
ENSMUST00000048223.13|ENSMUSG00000035027|Map2k2	Map2k2	chr10	+	0	0		0		0		no
ENSMUST00000048128.14|ENSMUSG00000035011|Zbtb7a	Zbtb7a	chr10	+	0	0		0		0		no
ENSMUST00000005064.13|ENSMUSG00000004934|Pias4	Pias4	chr10	-	0	0		0		0		no
ENSMUST00000047864.10|ENSMUSG00000034994|Eef2	Eef2	chr10	+	0	0		0		0		no
ENSMUST00000178422.8|ENSMUSG00000034974|Dapk3	Dapk3	chr10	+	0	0		0		0		no
ENSMUST00000146030.7|ENSMUSG00000034958|Atcay	Atcay	chr10	-	0	0		0		0		no
ENSMUST00000117798.7|ENSMUSG00000034949|Zfr2	Zfr2	chr10	+	0	0		0		0		no
ENSMUST00000128576.7|ENSMUSG00000004933|Matk	Matk	chr10	+	0	0		0		0		no
ENSMUST00000161854.7|ENSMUSG00000034902|Pip5k1c	Pip5k1c	chr10	+	0	0		0		0		no
ENSMUST00000050867.7|ENSMUSG00000034889|Cactin	Cactin	chr10	+	0	0		0		0		no
ENSMUST00000105325.3|ENSMUSG00000034881|Tbxa2r	Tbxa2r	chr10	+	0	0		0		0		no
ENSMUST00000105323.7|ENSMUSG00000020232|Hmg20b	Hmg20b	chr10	-	0	0		0		0		no
ENSMUST00000044844.8|ENSMUSG00000034854|Mfsd12	Mfsd12	chr10	+	0	0		0		0		no
ENSMUST00000131736.7|ENSMUSG00000020234|4930404N11Rik	4930404N11Rik	chr10	-	0	0		0		0		no
ENSMUST00000140901.7|ENSMUSG00000020235|Fzr1	Fzr1	chr10	-	0	0		0		0		no
ENSMUST00000072751.12|ENSMUSG00000078440|Dohh	Dohh	chr10	+	0	0		0		0		no
ENSMUST00000144647.7|ENSMUSG00000113262|Gm48551	Gm48551	chr10	+	0	0		0		0		no
ENSMUST00000125635.1|ENSMUSG00000114004|Gm48552	Gm48552	chr10	+	0	0		0		0		no
ENSMUST00000105322.8|ENSMUSG00000078439|Smim24	Smim24	chr10	+	0	0		0		0		no
ENSMUST00000105321.9|ENSMUSG00000055053|Nfic	Nfic	chr10	-	0	0		0		0		no
ENSMUST00000118763.7|ENSMUSG00000034818|Celf5	Celf5	chr10	-	0	0		0		0		no
ENSMUST00000020463.13|ENSMUSG00000020238|Ncln	Ncln	chr10	-	0	0		0		0		no
ENSMUST00000043709.7|ENSMUSG00000034792|Gna15	Gna15	chr10	-	0	0		0		0		no
ENSMUST00000043604.5|ENSMUSG00000034781|Gna11	Gna11	chr10	-	0	0		0		0		no
ENSMUST00000002518.8|ENSMUSG00000054452|Tle5	Tle5	chr10	+	0	0		0		0		no
ENSMUST00000151858.7|ENSMUSG00000034758|Tle6	Tle6	chr10	-	0	0		0		0		no
ENSMUST00000119324.7|ENSMUSG00000034748|Sirt6	Sirt6	chr10	-	0	0		0		0		no
ENSMUST00000200889.3|ENSMUSG00000096795|Zfp433	Zfp433	chr10	+	0	0		0		0		no
ENSMUST00000218939.1|ENSMUSG00000094622|Gm3055	Gm3055	chr10	-	0	0		0		0		no
ENSMUST00000220314.1|ENSMUSG00000112640|Gm32687	Gm32687	chr10	+	0	0		0		0		no
ENSMUST00000219144.1|ENSMUSG00000096718|Zfp781	Zfp781	chr10	-	0	0		0		0		no
ENSMUST00000209622.1|ENSMUSG00000061371|Zfp873	Zfp873	chr10	+	0	0		0		0		no
ENSMUST00000156218.1|ENSMUSG00000062931|Zfp938	Zfp938	chr10	-	0	0		0		0		no
ENSMUST00000176200.7|ENSMUSG00000063320|1190007I07Rik	1190007I07Rik	chr10	-	0	0		0		0		no
ENSMUST00000176195.7|ENSMUSG00000034674|Tdg	Tdg	chr10	+	0	0		0		0		no
ENSMUST00000125505.1|ENSMUSG00000020251|Glt8d2	Glt8d2	chr10	-	0	0		0		0		no
ENSMUST00000162422.1|ENSMUSG00000020246|Hcfc2	Hcfc2	chr10	+	0	0		0		0		no
ENSMUST00000130911.7|ENSMUSG00000020248|Nfyb	Nfyb	chr10	-	0	0		0		0		no
ENSMUST00000219368.1|ENSMUSG00000020250|Txnrd1	Txnrd1	chr10	+	0	0		0		0		no
ENSMUST00000039956.5|ENSMUSG00000034591|Slc41a2	Slc41a2	chr10	-	0	0		0		0		no
ENSMUST00000020488.8|ENSMUSG00000020255|D10Wsu102e	D10Wsu102e	chr10	+	0	0		0		0		no
ENSMUST00000217842.1|ENSMUSG00000034560|Washc4	Washc4	chr10	+	0	0		0		0		no
ENSMUST00000150459.2|ENSMUSG00000087651|1500009L16Rik	1500009L16Rik	chr10	+	0	0		0		0		no
ENSMUST00000053871.4|ENSMUSG00000046841|Ckap4	Ckap4	chr10	-	0	0		0		0		no
ENSMUST00000020223.7|ENSMUSG00000020034|Tcp11l2	Tcp11l2	chr10	+	0	0		0		0		no
ENSMUST00000095388.4|ENSMUSG00000020037|Rfx4	Rfx4	chr10	+	0	0		0		0		no
ENSMUST00000038523.14|ENSMUSG00000035620|Ric8b	Ric8b	chr10	+	0	0		0		0		no
ENSMUST00000216771.1|ENSMUSG00000060935|Tmem263	Tmem263	chr10	+	0	0		0		0		no
ENSMUST00000105307.7|ENSMUSG00000020042|Btbd11	Btbd11	chr10	+	0	0		0		0		no
ENSMUST00000219256.1|ENSMUSG00000001785|Pwp1	Pwp1	chr10	+	0	0		0		0		no
ENSMUST00000001834.3|ENSMUSG00000001783|Rtcb	Rtcb	chr10	-	0	0		0		0		no
ENSMUST00000001837.13|ENSMUSG00000001786|Fbxo7	Fbxo7	chr10	+	0	0		0		0		no
ENSMUST00000020234.13|ENSMUSG00000020044|Timp3	Timp3	chr10	+	0	0		0		0		no
ENSMUST00000020238.13|ENSMUSG00000020048|Hsp90b1	Hsp90b1	chr10	-	0	0		0		0		no
ENSMUST00000095360.10|ENSMUSG00000020053|Igf1	Igf1	chr10	+	0	0		0		0		no
ENSMUST00000219121.1|ENSMUSG00000035351|Nup37	Nup37	chr10	+	0	0		0		0		no
ENSMUST00000151273.7|ENSMUSG00000035311|Gnptab	Gnptab	chr10	+	0	0		0		0		no
ENSMUST00000148899.7|ENSMUSG00000060002|Chpt1	Chpt1	chr10	-	0	0		0		0		no
ENSMUST00000116234.8|ENSMUSG00000060904|Arl1	Arl1	chr10	+	0	0		0		0		no
ENSMUST00000099374.8|ENSMUSG00000074802|Gas2l3	Gas2l3	chr10	-	0	0		0		0		no
ENSMUST00000058126.14|ENSMUSG00000047638|Nr1h4	Nr1h4	chr10	-	0	0		0		0		no
ENSMUST00000174252.7|ENSMUSG00000069539|Scyl2	Scyl2	chr10	-	0	0		0		0		no
ENSMUST00000218776.1|ENSMUSG00000019951|Uhrf1bp1l	Uhrf1bp1l	chr10	+	0	0		0		0		no
ENSMUST00000159110.7|ENSMUSG00000019979|Apaf1	Apaf1	chr10	-	0	0		0		0		no
ENSMUST00000020149.5|ENSMUSG00000019975|Ikbip	Ikbip	chr10	+	0	0		0		0		no
ENSMUST00000163246.7|ENSMUSG00000061904|Slc25a3	Slc25a3	chr10	-	0	0		0		0		no
ENSMUST00000072239.13|ENSMUSG00000019961|Tmpo	Tmpo	chr10	-	0	0		0		0		no
ENSMUST00000129827.7|ENSMUSG00000008398|Elk3	Elk3	chr10	-	0	0		0		0		no
ENSMUST00000020203.6|ENSMUSG00000020018|Snrpf	Snrpf	chr10	-	0	0		0		0		no
ENSMUST00000020204.4|ENSMUSG00000020019|Ntn4	Ntn4	chr10	+	0	0		0		0		no
ENSMUST00000047910.14|ENSMUSG00000036112|Metap2	Metap2	chr10	-	0	0		0		0		no
ENSMUST00000119818.7|ENSMUSG00000036099|Vezt	Vezt	chr10	-	0	0		0		0		no
ENSMUST00000020208.4|ENSMUSG00000020021|Fgd6	Fgd6	chr10	+	0	0		0		0		no
ENSMUST00000105290.8|ENSMUSG00000005897|Nr2c1	Nr2c1	chr10	+	0	0		0		0		no
ENSMUST00000135292.2|ENSMUSG00000020022|Ndufa12	Ndufa12	chr10	+	0	0		0		0		no
ENSMUST00000065060.11|ENSMUSG00000020023|Tmcc3	Tmcc3	chr10	+	0	0		0		0		no
ENSMUST00000020212.5|ENSMUSG00000020024|Cep83	Cep83	chr10	+	0	0		0		0		no
ENSMUST00000181244.1|ENSMUSG00000074785|Plxnc1	Plxnc1	chr10	-	0	0		0		0		no
ENSMUST00000220279.1|ENSMUSG00000045867|Cradd	Cradd	chr10	-	0	0		0		0		no
ENSMUST00000099329.4|ENSMUSG00000074781|Ube2n	Ube2n	chr10	+	0	0		0		0		no
ENSMUST00000020217.6|ENSMUSG00000020029|Nudt4	Nudt4	chr10	-	0	0		0		0		no
ENSMUST00000218291.1|ENSMUSG00000036499|Eea1	Eea1	chr10	+	0	0		0		0		no
ENSMUST00000038377.8|ENSMUSG00000036478|Btg1	Btg1	chr10	+	0	0		0		0		no
ENSMUST00000105287.10|ENSMUSG00000019929|Dcn	Dcn	chr10	+	0	0		0		0		no
ENSMUST00000038160.5|ENSMUSG00000036446|Lum	Lum	chr10	+	0	0		0		0		no
ENSMUST00000105285.3|ENSMUSG00000019936|Epyc	Epyc	chr10	+	0	0		0		0		no
ENSMUST00000020107.7|ENSMUSG00000019943|Atp2b1	Atp2b1	chr10	+	0	0		0		0		no
ENSMUST00000161240.3|ENSMUSG00000090035|Galnt4	Galnt4	chr10	+	0	0		0		0		no
ENSMUST00000220291.1|ENSMUSG00000019960|Dusp6	Dusp6	chr10	+	0	0		0		0		no
ENSMUST00000105283.8|ENSMUSG00000019966|Kitl	Kitl	chr10	+	0	0		0		0		no
ENSMUST00000058154.14|ENSMUSG00000036676|Tmtc3	Tmtc3	chr10	-	0	0		0		0		no
ENSMUST00000220346.1|ENSMUSG00000019971|Cep290	Cep290	chr10	+	0	0		0		0		no
ENSMUST00000054471.9|ENSMUSG00000046567|4930430F08Rik	4930430F08Rik	chr10	-	0	0		0		0		no
ENSMUST00000020049.8|ENSMUSG00000019897|Ccdc59	Ccdc59	chr10	+	0	0		0		0		no
ENSMUST00000165067.8|ENSMUSG00000035948|Acss3	Acss3	chr10	-	0	0		0		0		no
ENSMUST00000095313.4|ENSMUSG00000035873|Pawr	Pawr	chr10	+	0	0		0		0		no
ENSMUST00000105276.7|ENSMUSG00000035864|Syt1	Syt1	chr10	-	0	0		0		0		no
ENSMUST00000032719.14|ENSMUSG00000020181|Nav3	Nav3	chr10	-	0	0		0		0		no
ENSMUST00000219502.1|ENSMUSG00000020186|Csrp2	Csrp2	chr10	+	0	0		0		0		no
ENSMUST00000220247.1|ENSMUSG00000035798|Zdhhc17	Zdhhc17	chr10	-	0	0		0		0		no
ENSMUST00000105275.8|ENSMUSG00000020189|Osbpl8	Osbpl8	chr10	+	0	0		0		0		no
ENSMUST00000218828.1|ENSMUSG00000058799|Nap1l1	Nap1l1	chr10	+	0	0		0		0		no
ENSMUST00000164773.1|ENSMUSG00000020205|Phlda1	Phlda1	chr10	+	0	0		0		0		no
ENSMUST00000163048.7|ENSMUSG00000063334|Krr1	Krr1	chr10	+	0	0		0		0		no
ENSMUST00000099276.3|ENSMUSG00000074748|Atxn7l3b	Atxn7l3b	chr10	-	0	0		0		0		no
ENSMUST00000020339.9|ENSMUSG00000020130|Tbc1d15	Tbc1d15	chr10	-	0	0		0		0		no
ENSMUST00000020343.8|ENSMUSG00000020132|Rab21	Rab21	chr10	-	0	0		0		0		no
ENSMUST00000218731.1|ENSMUSG00000069520|Tmem19	Tmem19	chr10	-	0	0		0		0		no
ENSMUST00000218842.1|ENSMUSG00000020137|Thap2	Thap2	chr10	-	0	0		0		0		no
ENSMUST00000036044.8|ENSMUSG00000034163|Zfc3h1	Zfc3h1	chr10	+	0	0		0		0		no
ENSMUST00000063470.10|ENSMUSG00000020151|Ptprr	Ptprr	chr10	+	0	0		0		0		no
ENSMUST00000092167.6|ENSMUSG00000020154|Ptprb	Ptprb	chr10	+	0	0		0		0		no
ENSMUST00000068233.10|ENSMUSG00000054934|Kcnmb4	Kcnmb4	chr10	-	0	0		0		0		no
ENSMUST00000169576.7|ENSMUSG00000020166|Cnot2	Cnot2	chr10	-	0	0		0		0		no
ENSMUST00000020375.6|ENSMUSG00000064181|Rab3ip	Rab3ip	chr10	-	0	0		0		0		no
ENSMUST00000047672.8|ENSMUSG00000034024|Cct2	Cct2	chr10	-	0	0		0		0		no
ENSMUST00000020381.4|ENSMUSG00000020170|Frs2	Frs2	chr10	-	0	0		0		0		no
ENSMUST00000218887.1|ENSMUSG00000020171|Yeats4	Yeats4	chr10	-	0	0		0		0		no
ENSMUST00000092163.8|ENSMUSG00000069516|Lyz2	Lyz2	chr10	-	0	0		0		0		no
ENSMUST00000092162.6|ENSMUSG00000069515|Lyz1	Lyz1	chr10	-	0	0		0		0		no
ENSMUST00000069168.12|ENSMUSG00000055531|Cpsf6	Cpsf6	chr10	-	0	0		0		0		no
ENSMUST00000020399.5|ENSMUSG00000020183|Cpm	Cpm	chr10	+	0	0		0		0		no
ENSMUST00000155285.7|ENSMUSG00000020184|Mdm2	Mdm2	chr10	-	0	0		0		0		no
ENSMUST00000079041.6|ENSMUSG00000060181|Slc35e3	Slc35e3	chr10	-	0	0		0		0		no
ENSMUST00000218576.1|ENSMUSG00000052798|Nup107	Nup107	chr10	-	0	0		0		0		no
ENSMUST00000064667.8|ENSMUSG00000052681|Rap1b	Rap1b	chr10	-	0	0		0		0		no
ENSMUST00000020437.12|ENSMUSG00000020212|Mdm1	Mdm1	chr10	+	0	0		0		0		no
ENSMUST00000004281.9|ENSMUSG00000028630|Dyrk2	Dyrk2	chr10	-	0	0		0		0		no
ENSMUST00000020315.12|ENSMUSG00000020114|Cand1	Cand1	chr10	-	0	0		0		0		no
ENSMUST00000141206.7|ENSMUSG00000020225|Tmbim4	Tmbim4	chr10	+	0	0		0		0		no
ENSMUST00000020444.15|ENSMUSG00000020224|Llph	Llph	chr10	+	0	0		0		0		no
ENSMUST00000092143.11|ENSMUSG00000051236|Msrb3	Msrb3	chr10	-	0	0		0		0		no
ENSMUST00000119944.7|ENSMUSG00000048661|Lemd3	Lemd3	chr10	-	0	0		0		0		no
ENSMUST00000020439.10|ENSMUSG00000020218|Wif1	Wif1	chr10	+	0	0		0		0		no
ENSMUST00000219851.1|ENSMUSG00000034707|Gns	Gns	chr10	+	0	0		0		0		no
ENSMUST00000026902.8|ENSMUSG00000025795|Rassf3	Rassf3	chr10	-	0	0		0		0		no
ENSMUST00000219400.1|ENSMUSG00000020115|Tbk1	Tbk1	chr10	-	0	0		0		0		no
ENSMUST00000039810.7|ENSMUSG00000034667|Xpot	Xpot	chr10	-	0	0		0		0		no
ENSMUST00000020323.6|ENSMUSG00000020123|Avpr1a	Avpr1a	chr10	+	0	0		0		0		no
ENSMUST00000067918.11|ENSMUSG00000034613|Ppm1h	Ppm1h	chr10	+	0	0		0		0		no
ENSMUST00000073792.10|ENSMUSG00000034602|Mon2	Mon2	chr10	-	0	0		0		0		no
ENSMUST00000220377.1|ENSMUSG00000020124|Usp15	Usp15	chr10	-	0	0		0		0		no
ENSMUST00000238972.1|ENSMUSG00000044071|Tafa2	Tafa2	chr10	+	0	0		0		0		no
ENSMUST00000211781.1|ENSMUSG00000020102|Slc16a7	Slc16a7	chr10	-	0	0		0		0		no
ENSMUST00000074807.7|ENSMUSG00000020105|Lrig3	Lrig3	chr10	+	0	0		0		0		no
ENSMUST00000168520.2|ENSMUSG00000025436|Atp23	Atp23	chr10	-	0	0		0		0		no
ENSMUST00000105255.2|ENSMUSG00000078429|Ctdsp2	Ctdsp2	chr10	+	0	0		0		0		no
ENSMUST00000139486.1|ENSMUSG00000006732|Mettl1	Mettl1	chr10	+	0	0		0		0		no
ENSMUST00000040307.5|ENSMUSG00000040502|Marchf9	Marchf9	chr10	-	0	0		0		0		no
ENSMUST00000142558.7|ENSMUSG00000006728|Cdk4	Cdk4	chr10	+	0	0		0		0		no
ENSMUST00000060991.5|ENSMUSG00000006736|Tspan31	Tspan31	chr10	-	0	0		0		0		no
ENSMUST00000218798.1|ENSMUSG00000040462|Os9	Os9	chr10	-	0	0		0		0		no
ENSMUST00000217678.1|ENSMUSG00000006731|B4galnt1	B4galnt1	chr10	+	0	0		0		0		no
ENSMUST00000222911.2|ENSMUSG00000040441|Slc26a10	Slc26a10	chr10	-	0	0		0		0		no
ENSMUST00000038217.13|ENSMUSG00000040415|Dtx3	Dtx3	chr10	-	0	0		0		0		no
ENSMUST00000013970.8|ENSMUSG00000025417|Pip4k2c	Pip4k2c	chr10	-	0	0		0		0		no
ENSMUST00000218298.1|ENSMUSG00000074657|Kif5a	Kif5a	chr10	-	0	0		0		0		no
ENSMUST00000026479.10|ENSMUSG00000025410|Dctn2	Dctn2	chr10	+	0	0		0		0		no
ENSMUST00000026475.14|ENSMUSG00000025408|Ddit3	Ddit3	chr10	+	0	0		0		0		no
ENSMUST00000219026.1|ENSMUSG00000040345|Arhgap9	Arhgap9	chr10	+	0	0		0		0		no
ENSMUST00000035735.10|ENSMUSG00000040280|Ndufa4l2	Ndufa4l2	chr10	+	0	0		0		0		no
ENSMUST00000219239.1|ENSMUSG00000025403|Shmt2	Shmt2	chr10	-	0	0		0		0		no
ENSMUST00000095266.2|ENSMUSG00000040258|Nxph4	Nxph4	chr10	-	0	0		0		0		no
ENSMUST00000129727.1|ENSMUSG00000040249|Lrp1	Lrp1	chr10	-	0	0		0		0		no
ENSMUST00000092074.11|ENSMUSG00000002147|Stat6	Stat6	chr10	+	0	0		0		0		no
ENSMUST00000026469.8|ENSMUSG00000025402|Nab2	Nab2	chr10	-	0	0		0		0		no
ENSMUST00000079692.5|ENSMUSG00000058396|Gpr182	Gpr182	chr10	-	0	0		0		0		no
ENSMUST00000026461.7|ENSMUSG00000025395|Prim1	Prim1	chr10	+	0	0		0		0		no
ENSMUST00000052798.13|ENSMUSG00000071072|Ptges3	Ptges3	chr10	+	0	0		0		0		no
ENSMUST00000026459.5|ENSMUSG00000025393|Atp5b	Atp5b	chr10	+	0	0		0		0		no
ENSMUST00000238829.1|ENSMUSG00000040054|Baz2a	Baz2a	chr10	+	0	0		0		0		no
ENSMUST00000159440.7|ENSMUSG00000044005|Gls2	Gls2	chr10	+	0	0		0		0		no
ENSMUST00000061995.9|ENSMUSG00000051346|Spryd4	Spryd4	chr10	-	0	0		0		0		no
ENSMUST00000055539.10|ENSMUSG00000039994|Timeless	Timeless	chr10	+	0	0		0		0		no
ENSMUST00000085708.2|ENSMUSG00000040033|Stat2	Stat2	chr10	+	0	0		0		0		no
ENSMUST00000005825.7|ENSMUSG00000005682|Pan2	Pan2	chr10	+	0	0		0		0		no
ENSMUST00000219037.1|ENSMUSG00000025381|Cnpy2	Cnpy2	chr10	+	0	0		0		0		no
ENSMUST00000005826.8|ENSMUSG00000005683|Cs	Cs	chr10	+	0	0		0		0		no
ENSMUST00000218507.1|ENSMUSG00000039914|Coq10a	Coq10a	chr10	-	0	0		0		0		no
ENSMUST00000164199.7|ENSMUSG00000025374|Nabp2	Nabp2	chr10	-	0	0		0		0		no
ENSMUST00000171342.2|ENSMUSG00000025373|Rnf41	Rnf41	chr10	+	0	0		0		0		no
ENSMUST00000026433.8|ENSMUSG00000025369|Smarcc2	Smarcc2	chr10	+	0	0		0		0		no
ENSMUST00000220307.1|ENSMUSG00000090841|Myl6	Myl6	chr10	-	0	0		0		0		no
ENSMUST00000220429.1|ENSMUSG00000025366|Esyt1	Esyt1	chr10	-	0	0		0		0		no
ENSMUST00000040572.9|ENSMUSG00000039810|Zc3h10	Zc3h10	chr10	-	0	0		0		0		no
ENSMUST00000177163.7|ENSMUSG00000093674|Rpl41	Rpl41	chr10	-	0	0		0		0		no
ENSMUST00000026425.12|ENSMUSG00000025364|Pa2g4	Pa2g4	chr10	-	0	0		0		0		no
ENSMUST00000054764.8|ENSMUSG00000049858|Suox	Suox	chr10	-	0	0		0		0		no
ENSMUST00000000727.3|ENSMUSG00000000711|Rab5b	Rab5b	chr10	-	0	0		0		0		no
ENSMUST00000026415.8|ENSMUSG00000025358|Cdk2	Cdk2	chr10	-	0	0		0		0		no
ENSMUST00000219834.1|ENSMUSG00000025357|Dgka	Dgka	chr10	-	0	0		0		0		no
ENSMUST00000218218.1|ENSMUSG00000064030|Pym1	Pym1	chr10	+	0	0		0		0		no
ENSMUST00000026411.7|ENSMUSG00000025355|Mmp19	Mmp19	chr10	+	0	0		0		0		no
ENSMUST00000139227.1|ENSMUSG00000047090|Tmem198b	Tmem198b	chr10	-	0	0		0		0		no
ENSMUST00000026410.1|ENSMUSG00000025354|Dnajc14	Dnajc14	chr10	+	0	0		0		0		no
ENSMUST00000026409.4|ENSMUSG00000025353|Ormdl2	Ormdl2	chr10	-	0	0		0		0		no
ENSMUST00000153731.7|ENSMUSG00000090247|Bloc1s1	Bloc1s1	chr10	-	0	0		0		0		no
ENSMUST00000219427.1|ENSMUSG00000025348|Itga7	Itga7	chr10	+	0	0		0		0		no
ENSMUST00000132893.7|ENSMUSG00000023764|Sfi1	Sfi1	chr11	-	0	0		0		0		no
ENSMUST00000132159.1|ENSMUSG00000020457|Drg1	Drg1	chr11	-	0	0		0		0		no
ENSMUST00000110049.7|ENSMUSG00000020454|Eif4enif1	Eif4enif1	chr11	+	0	0		0		0		no
ENSMUST00000134089.7|ENSMUSG00000020453|Patz1	Patz1	chr11	+	0	0		0		0		no
ENSMUST00000045153.10|ENSMUSG00000034614|Pik3ip1	Pik3ip1	chr11	+	0	0		0		0		no
ENSMUST00000110029.8|ENSMUSG00000020451|Limk2	Limk2	chr11	-	0	0		0		0		no
ENSMUST00000077078.11|ENSMUSG00000020448|Rnf185	Rnf185	chr11	-	0	0		0		0		no
ENSMUST00000110018.7|ENSMUSG00000034570|Inpp5j	Inpp5j	chr11	-	0	0		0		0		no
ENSMUST00000020718.9|ENSMUSG00000020439|Smtn	Smtn	chr11	-	0	0		0		0		no
ENSMUST00000096441.4|ENSMUSG00000034543|Morc2a	Morc2a	chr11	+	0	0		0		0		no
ENSMUST00000102950.9|ENSMUSG00000020435|Osbp2	Osbp2	chr11	-	0	0		0		0		no
ENSMUST00000055931.4|ENSMUSG00000047205|Dusp18	Dusp18	chr11	+	0	0		0		0		no
ENSMUST00000109995.1|ENSMUSG00000048807|Slc35e4	Slc35e4	chr11	-	0	0		0		0		no
ENSMUST00000109992.7|ENSMUSG00000020432|Tcn2	Tcn2	chr11	-	0	0		0		0		no
ENSMUST00000109985.7|ENSMUSG00000020430|Pes1	Pes1	chr11	+	0	0		0		0		no
ENSMUST00000078757.7|ENSMUSG00000049721|Gal3st1	Gal3st1	chr11	+	0	0		0		0		no
ENSMUST00000004868.5|ENSMUSG00000004748|Mtfp1	Mtfp1	chr11	-	0	0		0		0		no
ENSMUST00000003681.7|ENSMUSG00000003585|Sec14l2	Sec14l2	chr11	-	0	0		0		0		no
ENSMUST00000003677.10|ENSMUSG00000003581|Rnf215	Rnf215	chr11	+	0	0		0		0		no
ENSMUST00000093381.10|ENSMUSG00000051427|Ccdc157	Ccdc157	chr11	-	0	0		0		0		no
ENSMUST00000002198.3|ENSMUSG00000002129|Sf3a1	Sf3a1	chr11	+	0	0		0		0		no
ENSMUST00000041042.12|ENSMUSG00000034412|Tbc1d10a	Tbc1d10a	chr11	+	0	0		0		0		no
ENSMUST00000020699.3|ENSMUSG00000020424|Castor1	Castor1	chr11	+	0	0		0		0		no
ENSMUST00000075221.2|ENSMUSG00000058755|Osm	Osm	chr11	+	0	0		0		0		no
ENSMUST00000109930.2|ENSMUSG00000020412|Ascc2	Ascc2	chr11	+	0	0		0		0		no
ENSMUST00000058407.5|ENSMUSG00000059534|Uqcr10	Uqcr10	chr11	-	0	0		0		0		no
ENSMUST00000009220.4|ENSMUSG00000009076|Zmat5	Zmat5	chr11	+	0	0		0		0		no
ENSMUST00000009219.2|ENSMUSG00000009075|Cabp7	Cabp7	chr11	-	0	0		0		0		no
ENSMUST00000093369.4|ENSMUSG00000020396|Nefh	Nefh	chr11	-	0	0		0		0		no
ENSMUST00000009234.15|ENSMUSG00000009090|Ap1b1	Ap1b1	chr11	+	0	0		0		0		no
ENSMUST00000037218.1|ENSMUSG00000034209|Rasl10a	Rasl10a	chr11	+	0	0		0		0		no
ENSMUST00000020662.14|ENSMUSG00000020393|Kremen1	Kremen1	chr11	-	0	0		0		0		no
ENSMUST00000063084.15|ENSMUSG00000020484|Xbp1	Xbp1	chr11	+	0	0		0		0		no
ENSMUST00000020776.4|ENSMUSG00000020482|Ccdc117	Ccdc117	chr11	-	0	0		0		0		no
ENSMUST00000154330.1|ENSMUSG00000020477|Mrps24	Mrps24	chr11	-	0	0		0		0		no
ENSMUST00000093362.11|ENSMUSG00000049680|Urgcp	Urgcp	chr11	-	0	0		0		0		no
ENSMUST00000102928.4|ENSMUSG00000020476|Dbnl	Dbnl	chr11	+	0	0		0		0		no
ENSMUST00000020767.3|ENSMUSG00000020474|Polm	Polm	chr11	-	0	0		0		0		no
ENSMUST00000102923.9|ENSMUSG00000020473|Aebp1	Aebp1	chr11	+	0	0		0		0		no
ENSMUST00000002818.8|ENSMUSG00000002741|Ykt6	Ykt6	chr11	+	0	0		0		0		no
ENSMUST00000109813.8|ENSMUSG00000057897|Camk2b	Camk2b	chr11	-	0	0		0		0		no
ENSMUST00000066496.9|ENSMUSG00000053838|Nudcd3	Nudcd3	chr11	-	0	0		0		0		no
ENSMUST00000004507.10|ENSMUSG00000004393|Ddx56	Ddx56	chr11	-	0	0		0		0		no
ENSMUST00000004508.12|ENSMUSG00000004394|Tmed4	Tmed4	chr11	-	0	0		0		0		no
ENSMUST00000003461.14|ENSMUSG00000020456|Ogdh	Ogdh	chr11	+	0	0		0		0		no
ENSMUST00000109787.7|ENSMUSG00000041164|Zmiz2	Zmiz2	chr11	+	0	0		0		0		no
ENSMUST00000090749.12|ENSMUSG00000071866|Ppia	Ppia	chr11	+	0	0		0		0		no
ENSMUST00000109737.8|ENSMUSG00000041126|H2az2	H2az2	chr11	-	0	0		0		0		no
ENSMUST00000179343.2|ENSMUSG00000094483|Purb	Purb	chr11	-	0	0		0		0		no
ENSMUST00000161501.7|ENSMUSG00000000378|Ccm2	Ccm2	chr11	+	0	0		0		0		no
ENSMUST00000045374.7|ENSMUSG00000041046|Ramp3	Ramp3	chr11	+	0	0		0		0		no
ENSMUST00000020706.4|ENSMUSG00000020431|Adcy1	Adcy1	chr11	+	0	0		0		0		no
ENSMUST00000020702.10|ENSMUSG00000020427|Igfbp3	Igfbp3	chr11	-	0	0		0		0		no
ENSMUST00000239091.1|ENSMUSG00000020422|Tns3	Tns3	chr11	-	0	0		0		0		no
ENSMUST00000129115.1|ENSMUSG00000020413|Hus1	Hus1	chr11	-	0	0		0		0		no
ENSMUST00000047689.10|ENSMUSG00000035455|Fignl1	Fignl1	chr11	-	0	0		0		0		no
ENSMUST00000066237.9|ENSMUSG00000020182|Ddc	Ddc	chr11	-	0	0		0		0		no
ENSMUST00000109654.7|ENSMUSG00000020176|Grb10	Grb10	chr11	-	0	0		0		0		no
ENSMUST00000172956.7|ENSMUSG00000020173|Cobl	Cobl	chr11	-	0	0		0		0		no
ENSMUST00000109643.7|ENSMUSG00000078974|Sec61g	Sec61g	chr11	-	0	0		0		0		no
ENSMUST00000020329.12|ENSMUSG00000020122|Egfr	Egfr	chr11	+	0	0		0		0		no
ENSMUST00000102881.9|ENSMUSG00000020120|Plek	Plek	chr11	-	0	0		0		0		no
ENSMUST00000058159.5|ENSMUSG00000044629|Cnrip1	Cnrip1	chr11	+	0	0		0		0		no
ENSMUST00000102880.4|ENSMUSG00000033953|Ppp3r1	Ppp3r1	chr11	+	0	0		0		0		no
ENSMUST00000046955.6|ENSMUSG00000078970|Wdr92	Wdr92	chr11	+	0	0		0		0		no
ENSMUST00000020317.7|ENSMUSG00000020116|Pno1	Pno1	chr11	-	0	0		0		0		no
ENSMUST00000000594.8|ENSMUSG00000000581|C1d	C1d	chr11	+	0	0		0		0		no
ENSMUST00000093299.12|ENSMUSG00000045671|Spred2	Spred2	chr11	+	0	0		0		0		no
ENSMUST00000000137.7|ENSMUSG00000020152|Actr2	Actr2	chr11	-	0	0		0		0		no
ENSMUST00000020358.11|ENSMUSG00000020149|Rab1a	Rab1a	chr11	+	0	0		0		0		no
ENSMUST00000109594.7|ENSMUSG00000020142|Slc1a4	Slc1a4	chr11	-	0	0		0		0		no
ENSMUST00000093292.10|ENSMUSG00000049800|Sertad2	Sertad2	chr11	+	0	0		0		0		no
ENSMUST00000047028.8|ENSMUSG00000042363|Lgalsl	Lgalsl	chr11	-	0	0		0		0		no
ENSMUST00000093290.11|ENSMUSG00000020134|Peli1	Peli1	chr11	+	0	0		0		0		no
ENSMUST00000006221.13|ENSMUSG00000020128|Vps54	Vps54	chr11	+	0	0		0		0		no
ENSMUST00000102875.10|ENSMUSG00000001891|Ugp2	Ugp2	chr11	-	0	0		0		0		no
ENSMUST00000239073.1|ENSMUSG00000020321|Mdh1	Mdh1	chr11	-	0	0		0		0		no
ENSMUST00000006071.13|ENSMUSG00000005917|Otx1	Otx1	chr11	-	0	0		0		0		no
ENSMUST00000059319.7|ENSMUSG00000049904|Tmem17	Tmem17	chr11	+	0	0		0		0		no
ENSMUST00000062844.10|ENSMUSG00000051650|B3gnt2	B3gnt2	chr11	-	0	0		0		0		no
ENSMUST00000160826.1|ENSMUSG00000098650|Commd1b	Commd1b	chr11	-	0	0		0		0		no
ENSMUST00000159081.7|ENSMUSG00000051355|Commd1	Commd1	chr11	-	0	0		0		0		no
ENSMUST00000049506.7|ENSMUSG00000044068|Zrsr1	Zrsr1	chr11	+	0	0		0		0		no
ENSMUST00000094363.3|ENSMUSG00000049811|Fam161a	Fam161a	chr11	+	0	0		0		0		no
ENSMUST00000102869.7|ENSMUSG00000020290|Xpo1	Xpo1	chr11	+	0	0		0		0		no
ENSMUST00000109539.7|ENSMUSG00000020288|Ahsa2	Ahsa2	chr11	-	0	0		0		0		no
ENSMUST00000043356.12|ENSMUSG00000042208|0610010F05Rik	0610010F05Rik	chr11	-	0	0		0		0		no
ENSMUST00000020523.3|ENSMUSG00000020283|Pex13	Pex13	chr11	-	0	0		0		0		no
ENSMUST00000109525.7|ENSMUSG00000020280|Pus10	Pus10	chr11	+	0	0		0		0		no
ENSMUST00000020513.9|ENSMUSG00000020273|Papolg	Papolg	chr11	-	0	0		0		0		no
ENSMUST00000004120.8|ENSMUSG00000004018|Fancl	Fancl	chr11	+	0	0		0		0		no
ENSMUST00000093253.9|ENSMUSG00000032878|Ccdc85a	Ccdc85a	chr11	-	0	0		0		0		no
ENSMUST00000020759.11|ENSMUSG00000020467|Efemp1	Efemp1	chr11	+	0	0		0		0		no
ENSMUST00000020756.8|ENSMUSG00000020464|Pnpt1	Pnpt1	chr11	+	0	0		0		0		no
ENSMUST00000020755.11|ENSMUSG00000020463|Ppp4r3b	Ppp4r3b	chr11	+	0	0		0		0		no
ENSMUST00000020754.9|ENSMUSG00000020462|Cfap36	Cfap36	chr11	-	0	0		0		0		no
ENSMUST00000133103.1|ENSMUSG00000032673|Prorsd1	Prorsd1	chr11	-	0	0		0		0		no
ENSMUST00000078830.10|ENSMUSG00000020458|Rtn4	Rtn4	chr11	+	0	0		0		0		no
ENSMUST00000102838.9|ENSMUSG00000020315|Sptbn1	Sptbn1	chr11	-	0	0		0		0		no
ENSMUST00000074613.3|ENSMUSG00000060923|Acyp2	Acyp2	chr11	-	0	0		0		0		no
ENSMUST00000137306.7|ENSMUSG00000020305|Asb3	Asb3	chr11	+	0	0		0		0		no
ENSMUST00000101394.4|ENSMUSG00000020309|Chac2	Chac2	chr11	-	0	0		0		0		no
ENSMUST00000058060.13|ENSMUSG00000044502|Bod1	Bod1	chr11	-	0	0		0		0		no
ENSMUST00000109412.8|ENSMUSG00000020300|Cpeb4	Cpeb4	chr11	+	0	0		0		0		no
ENSMUST00000020537.8|ENSMUSG00000020297|Nsg2	Nsg2	chr11	+	0	0		0		0		no
ENSMUST00000039601.9|ENSMUSG00000040767|Snrnp25	Snrnp25	chr11	+	0	0		0		0		no
ENSMUST00000146179.7|ENSMUSG00000020282|Rhbdf1	Rhbdf1	chr11	-	0	0		0		0		no
ENSMUST00000124640.7|ENSMUSG00000020289|Nprl3	Nprl3	chr11	-	0	0		0		0		no
ENSMUST00000142964.7|ENSMUSG00000020287|Mpg	Mpg	chr11	+	0	0		0		0		no
ENSMUST00000038753.5|ENSMUSG00000040711|Sh3pxd2b	Sh3pxd2b	chr11	+	0	0		0		0		no
ENSMUST00000051053.4|ENSMUSG00000044949|Ubtd2	Ubtd2	chr11	+	0	0		0		0		no
ENSMUST00000102821.3|ENSMUSG00000020272|Stk10	Stk10	chr11	+	0	0		0		0		no
ENSMUST00000143290.1|ENSMUSG00000020271|Fbxw11	Fbxw11	chr11	+	0	0		0		0		no
ENSMUST00000109363.7|ENSMUSG00000057967|Fgf18	Fgf18	chr11	-	0	0		0		0		no
ENSMUST00000075641.9|ENSMUSG00000057113|Npm1	Npm1	chr11	-	0	0		0		0		no
ENSMUST00000101368.8|ENSMUSG00000053519|Kcnip1	Kcnip1	chr11	-	0	0		0		0		no
ENSMUST00000020362.2|ENSMUSG00000020155|Kcnmb1	Kcnmb1	chr11	+	0	0		0		0		no
ENSMUST00000052413.11|ENSMUSG00000002699|Lcp2	Lcp2	chr11	+	0	0		0		0		no
ENSMUST00000143540.7|ENSMUSG00000020143|Dock2	Dock2	chr11	-	0	0		0		0		no
ENSMUST00000018990.7|ENSMUSG00000018846|Pank3	Pank3	chr11	+	0	0		0		0		no
ENSMUST00000018993.6|ENSMUSG00000018849|Wwc1	Wwc1	chr11	-	0	0		0		0		no
ENSMUST00000141830.7|ENSMUSG00000042032|Mat2b	Mat2b	chr11	-	0	0		0		0		no
ENSMUST00000020578.10|ENSMUSG00000020328|Nudcd2	Nudcd2	chr11	+	0	0		0		0		no
ENSMUST00000020576.7|ENSMUSG00000020326|Ccng1	Ccng1	chr11	-	0	0		0		0		no
ENSMUST00000070725.10|ENSMUSG00000020436|Gabrg2	Gabrg2	chr11	-	0	0		0		0		no
ENSMUST00000205546.1|ENSMUSG00000010803|Gabra1	Gabra1	chr11	-	0	0		0		0		no
ENSMUST00000152115.7|ENSMUSG00000020415|Pttg1	Pttg1	chr11	-	0	0		0		0		no
ENSMUST00000020681.9|ENSMUSG00000020409|Slu7	Slu7	chr11	+	0	0		0		0		no
ENSMUST00000050574.6|ENSMUSG00000044707|Ccnjl	Ccnjl	chr11	+	0	0		0		0		no
ENSMUST00000061070.5|ENSMUSG00000044950|Pwwp2a	Pwwp2a	chr11	+	0	0		0		0		no
ENSMUST00000109278.7|ENSMUSG00000041278|Ttc1	Ttc1	chr11	-	0	0		0		0		no
ENSMUST00000102795.3|ENSMUSG00000041231|Ublcp1	Ublcp1	chr11	-	0	0		0		0		no
ENSMUST00000081265.11|ENSMUSG00000057098|Ebf1	Ebf1	chr11	+	0	0		0		0		no
ENSMUST00000109261.10|ENSMUSG00000006169|Clint1	Clint1	chr11	+	0	0		0		0		no
ENSMUST00000129820.7|ENSMUSG00000044847|Lsm11	Lsm11	chr11	-	0	0		0		0		no
ENSMUST00000093169.2|ENSMUSG00000069899|Gm12166	Gm12166	chr11	-	0	0		0		0		no
ENSMUST00000011400.7|ENSMUSG00000011256|Adam19	Adam19	chr11	+	0	0		0		0		no
ENSMUST00000165599.8|ENSMUSG00000020340|Cyfip2	Cyfip2	chr11	-	0	0		0		0		no
ENSMUST00000170928.7|ENSMUSG00000020397|Med7	Med7	chr11	+	0	0		0		0		no
ENSMUST00000020668.14|ENSMUSG00000020399|Havcr2	Havcr2	chr11	+	0	0		0		0		no
ENSMUST00000020640.7|ENSMUSG00000020372|Rack1	Rack1	chr11	+	0	0		0		0		no
ENSMUST00000047145.13|ENSMUSG00000040365|Trim41	Trim41	chr11	-	0	0		0		0		no
ENSMUST00000104959.1|ENSMUSG00000078154|Gm12184	Gm12184	chr11	-	0	0		0		0		no
ENSMUST00000049519.3|ENSMUSG00000046879|Irgm1	Irgm1	chr11	-	0	0		0		0		no
ENSMUST00000097494.8|ENSMUSG00000069893|9930111J21Rik1	9930111J21Rik1	chr11	-	0	0		0		0		no
ENSMUST00000068063.3|ENSMUSG00000078922|Tgtp1	Tgtp1	chr11	-	0	0		0		0		no
ENSMUST00000101295.8|ENSMUSG00000069892|9930111J21Rik2	9930111J21Rik2	chr11	-	0	0		0		0		no
ENSMUST00000046745.6|ENSMUSG00000078921|Tgtp2	Tgtp2	chr11	-	0	0		0		0		no
ENSMUST00000109202.2|ENSMUSG00000078920|Ifi47	Ifi47	chr11	+	0	0		0		0		no
ENSMUST00000109197.7|ENSMUSG00000046311|Zfp62	Zfp62	chr11	+	0	0		0		0		no
ENSMUST00000101293.10|ENSMUSG00000020346|Mgat1	Mgat1	chr11	+	0	0		0		0		no
ENSMUST00000020617.2|ENSMUSG00000020357|Flt4	Flt4	chr11	+	0	0		0		0		no
ENSMUST00000145353.7|ENSMUSG00000020362|Cnot6	Cnot6	chr11	-	0	0		0		0		no
ENSMUST00000020629.4|ENSMUSG00000020363|Gfpt2	Gfpt2	chr11	+	0	0		0		0		no
ENSMUST00000109179.8|ENSMUSG00000020366|Mapk9	Mapk9	chr11	+	0	0		0		0		no
ENSMUST00000063444.2|ENSMUSG00000020374|Rasgef1c	Rasgef1c	chr11	+	0	0		0		0		no
ENSMUST00000238748.1|ENSMUSG00000020376|Rnf130	Rnf130	chr11	+	0	0		0		0		no
ENSMUST00000101270.4|ENSMUSG00000036644|Tbc1d9b	Tbc1d9b	chr11	+	0	0		0		0		no
ENSMUST00000015981.11|ENSMUSG00000015837|Sqstm1	Sqstm1	chr11	-	0	0		0		0		no
ENSMUST00000151803.7|ENSMUSG00000036620|Mgat4b	Mgat4b	chr11	+	0	0		0		0		no
ENSMUST00000179865.7|ENSMUSG00000020368|Canx	Canx	chr11	-	0	0		0		0		no
ENSMUST00000020643.3|ENSMUSG00000020375|Rufy1	Rufy1	chr11	-	0	0		0		0		no
ENSMUST00000040523.8|ENSMUSG00000036545|Adamts2	Adamts2	chr11	+	0	0		0		0		no
ENSMUST00000109135.8|ENSMUSG00000044807|Zfp354c	Zfp354c	chr11	-	0	0		0		0		no
ENSMUST00000109129.7|ENSMUSG00000049321|Zfp2	Zfp2	chr11	-	0	0		0		0		no
ENSMUST00000109122.7|ENSMUSG00000020364|Zfp354a	Zfp354a	chr11	+	0	0		0		0		no
ENSMUST00000126131.7|ENSMUSG00000020385|Clk4	Clk4	chr11	+	0	0		0		0		no
ENSMUST00000074669.9|ENSMUSG00000020358|Hnrnpab	Hnrnpab	chr11	-	0	0		0		0		no
ENSMUST00000127405.1|ENSMUSG00000001056|Nhp2	Nhp2	chr11	+	0	0		0		0		no
ENSMUST00000136020.7|ENSMUSG00000001054|Rmnd5b	Rmnd5b	chr11	-	0	0		0		0		no
ENSMUST00000001080.15|ENSMUSG00000001053|N4bp3	N4bp3	chr11	-	0	0		0		0		no
ENSMUST00000007921.8|ENSMUSG00000007777|0610009B22Rik	0610009B22Rik	chr11	-	0	0		0		0		no
ENSMUST00000020653.5|ENSMUSG00000020386|Sar1b	Sar1b	chr11	+	0	0		0		0		no
ENSMUST00000020657.12|ENSMUSG00000020390|Ube2b	Ube2b	chr11	-	0	0		0		0		no
ENSMUST00000020608.2|ENSMUSG00000020349|Ppp2ca	Ppp2ca	chr11	+	0	0		0		0		no
ENSMUST00000086844.9|ENSMUSG00000000782|Tcf7	Tcf7	chr11	-	0	0		0		0		no
ENSMUST00000109057.7|ENSMUSG00000036275|9530068E07Rik	9530068E07Rik	chr11	+	0	0		0		0		no
ENSMUST00000060945.11|ENSMUSG00000049470|Aff4	Aff4	chr11	+	0	0		0		0		no
ENSMUST00000061326.4|ENSMUSG00000044894|Uqcrq	Uqcrq	chr11	-	0	0		0		0		no
ENSMUST00000109013.8|ENSMUSG00000018387|Shroom1	Shroom1	chr11	+	0	0		0		0		no
ENSMUST00000104955.3|ENSMUSG00000044352|Sowaha	Sowaha	chr11	-	0	0		0		0		no
ENSMUST00000117061.7|ENSMUSG00000018398|Septin8	Septin8	chr11	+	0	0		0		0		no
ENSMUST00000132653.1|ENSMUSG00000018395|Kif3a	Kif3a	chr11	+	0	0		0		0		no
ENSMUST00000128483.7|ENSMUSG00000020380|Rad50	Rad50	chr11	-	0	0		0		0		no
ENSMUST00000020586.6|ENSMUSG00000020334|Slc22a4	Slc22a4	chr11	-	0	0		0		0		no
ENSMUST00000093109.10|ENSMUSG00000020388|Pdlim4	Pdlim4	chr11	-	0	0		0		0		no
ENSMUST00000093106.11|ENSMUSG00000020333|Acsl6	Acsl6	chr11	+	0	0		0		0		no
ENSMUST00000046835.13|ENSMUSG00000035992|Fnip1	Fnip1	chr11	+	0	0		0		0		no
ENSMUST00000102743.9|ENSMUSG00000037533|Rapgef6	Rapgef6	chr11	+	0	0		0		0		no
ENSMUST00000064104.12|ENSMUSG00000052298|Cdc42se2	Cdc42se2	chr11	-	0	0		0		0		no
ENSMUST00000148070.7|ENSMUSG00000020268|Lyrm7	Lyrm7	chr11	-	0	0		0		0		no
ENSMUST00000117710.1|ENSMUSG00000020267|Hint1	Hint1	chr11	+	0	0		0		0		no
ENSMUST00000082430.9|ENSMUSG00000018339|Gpx3	Gpx3	chr11	+	0	0		0		0		no
ENSMUST00000108889.9|ENSMUSG00000020400|Tnip1	Tnip1	chr11	-	0	0		0		0		no
ENSMUST00000108883.9|ENSMUSG00000018340|Anxa6	Anxa6	chr11	-	0	0		0		0		no
ENSMUST00000055040.12|ENSMUSG00000049588|Ccdc69	Ccdc69	chr11	-	0	0		0		0		no
ENSMUST00000000608.7|ENSMUSG00000000594|Gm2a	Gm2a	chr11	+	0	0		0		1	chr11:55109950-55110000(fdr=6.48e-05)	no
ENSMUST00000039305.5|ENSMUSG00000020264|Slc36a2	Slc36a2	chr11	-	0	0		0		0		no
ENSMUST00000108858.7|ENSMUSG00000018593|Sparc	Sparc	chr11	-	3	3	6.81535470573012e-07	150	chr11:55394600-55394650(fdr=3.46e-04);chr11:55394650-55394700(fdr=6.82e-07);chr11:55394750-55394800(fdr=1.47e-02)	8	chr11:55395000-55395050(fdr=2.02e-04);chr11:55395050-55395100(fdr=4.56e-04);chr11:55395100-55395150(fdr=3.10e-04);chr11:55395150-55395200(fdr=6.77e-08);chr11:55395300-55395350(fdr=1.02e-05);chr11:55395350-55395400(fdr=1.40e-07)	yes
ENSMUST00000108857.1|ENSMUSG00000018585|Atox1	Atox1	chr11	-	0	0		0		0		no
ENSMUST00000018727.3|ENSMUSG00000018583|G3bp1	G3bp1	chr11	+	0	0		0		0		no
ENSMUST00000036315.15|ENSMUSG00000020524|Gria1	Gria1	chr11	+	0	0		0		0		no
ENSMUST00000020831.12|ENSMUSG00000020523|Fam114a2	Fam114a2	chr11	-	0	0		0		0		no
ENSMUST00000108849.7|ENSMUSG00000020522|Mfap3	Mfap3	chr11	+	0	0		0		0		no
ENSMUST00000066987.13|ENSMUSG00000020520|Galnt10	Galnt10	chr11	+	0	0		0		0		no
ENSMUST00000178636.1|ENSMUSG00000037331|Larp1	Larp1	chr11	+	0	0		0		0		no
ENSMUST00000020822.11|ENSMUSG00000020515|Cnot8	Cnot8	chr11	+	0	0		0		0		no
ENSMUST00000172035.7|ENSMUSG00000037275|Gemin5	Gemin5	chr11	-	0	0		0		0		no
ENSMUST00000168280.1|ENSMUSG00000078853|Igtp	Igtp	chr11	+	0	0		0		0		no
ENSMUST00000209079.1|ENSMUSG00000069874|Irgm2	Irgm2	chr11	+	0	0		0		0		no
ENSMUST00000116376.8|ENSMUSG00000013646|Sh3bp5l	Sh3bp5l	chr11	+	0	0		0		0		no
ENSMUST00000094151.5|ENSMUSG00000020496|Rnf187	Rnf187	chr11	-	0	0		0		0		no
ENSMUST00000078267.4|ENSMUSG00000056895|H2bu2	H2bu2	chr11	+	0	0		0		0		no
ENSMUST00000108817.4|ENSMUSG00000078851|H2aw	H2aw	chr11	+	0	0		0		0		no
ENSMUST00000108809.7|ENSMUSG00000020455|Trim11	Trim11	chr11	+	0	0		0		0		no
ENSMUST00000054523.5|ENSMUSG00000049287|Iba57	Iba57	chr11	-	0	0		0		0		no
ENSMUST00000108793.8|ENSMUSG00000043448|Gjc2	Gjc2	chr11	-	0	0		0		0		no
ENSMUST00000170202.8|ENSMUSG00000020444|Guk1	Guk1	chr11	-	0	0		0		0		no
ENSMUST00000045697.11|ENSMUSG00000036860|Mrpl55	Mrpl55	chr11	+	0	0		0		0		no
ENSMUST00000020719.6|ENSMUSG00000020441|2310033P09Rik	2310033P09Rik	chr11	+	0	0		0		0		no
ENSMUST00000163300.7|ENSMUSG00000048076|Arf1	Arf1	chr11	-	0	0		0		0		no
ENSMUST00000000128.9|ENSMUSG00000000126|Wnt9a	Wnt9a	chr11	+	0	0		0		0		no
ENSMUST00000010038.9|ENSMUSG00000009894|Snap47	Snap47	chr11	-	0	0		0		0		no
ENSMUST00000147163.7|ENSMUSG00000036819|Jmjd4	Jmjd4	chr11	+	0	0		0		0		no
ENSMUST00000057799.7|ENSMUSG00000054519|Zfp867	Zfp867	chr11	-	0	0		0		0		no
ENSMUST00000013262.14|ENSMUSG00000020472|Zkscan17	Zkscan17	chr11	-	0	0		0		0		no
ENSMUST00000116371.7|ENSMUSG00000005417|Mprip	Mprip	chr11	+	0	0		0		0		no
ENSMUST00000102697.9|ENSMUSG00000032633|Flcn	Flcn	chr11	-	0	0		0		0		no
ENSMUST00000019517.9|ENSMUSG00000019373|Cops3	Cops3	chr11	-	0	0		0		0		no
ENSMUST00000102695.3|ENSMUSG00000032615|Nt5m	Nt5m	chr11	+	0	0		0		0		no
ENSMUST00000081980.6|ENSMUSG00000061650|Med9	Med9	chr11	+	0	0		0		0		no
ENSMUST00000062405.7|ENSMUSG00000049892|Rasd1	Rasd1	chr11	-	0	0		0		0		no
ENSMUST00000102692.9|ENSMUSG00000000301|Pemt	Pemt	chr11	-	0	0		0		0		no
ENSMUST00000134660.7|ENSMUSG00000020538|Srebf1	Srebf1	chr11	-	0	0		0		0		no
ENSMUST00000095254.11|ENSMUSG00000000538|Tom1l2	Tom1l2	chr11	-	0	0		0		0		no
ENSMUST00000145532.8|ENSMUSG00000042709|Atpaf2	Atpaf2	chr11	-	0	0		0		0		no
ENSMUST00000139477.7|ENSMUSG00000018415|Gid4	Gid4	chr11	+	0	0		0		0		no
ENSMUST00000018568.3|ENSMUSG00000020537|Drg2	Drg2	chr11	+	0	0		0		0		no
ENSMUST00000044250.3|ENSMUSG00000042650|Alkbh5	Alkbh5	chr11	+	0	0		0		0		no
ENSMUST00000108719.3|ENSMUSG00000020536|Llgl1	Llgl1	chr11	+	0	0		0		0		no
ENSMUST00000018743.4|ENSMUSG00000018599|Mief2	Mief2	chr11	+	0	0		0		0		no
ENSMUST00000056907.6|ENSMUSG00000049323|Smcr8	Smcr8	chr11	+	0	0		0		0		no
ENSMUST00000108718.1|ENSMUSG00000042569|Dhrs7b	Dhrs7b	chr11	+	0	0		0		0		no
ENSMUST00000168218.7|ENSMUSG00000043284|Tmem11	Tmem11	chr11	-	0	0		0		0		no
ENSMUST00000019075.3|ENSMUSG00000018931|Natd1	Natd1	chr11	-	0	0		0		0		no
ENSMUST00000130269.1|ENSMUSG00000018932|Map2k3	Map2k3	chr11	+	0	0		0		0		no
ENSMUST00000089184.10|ENSMUSG00000042529|Kcnj12	Kcnj12	chr11	+	0	0		0		0		no
ENSMUST00000010286.7|ENSMUSG00000010142|Tnfrsf13b	Tnfrsf13b	chr11	+	0	0		0		0		no
ENSMUST00000060255.13|ENSMUSG00000010086|Rnf112	Rnf112	chr11	-	0	0		0		0		no
ENSMUST00000064783.9|ENSMUSG00000042436|Mfap4	Mfap4	chr11	+	0	0		0		0		no
ENSMUST00000101085.8|ENSMUSG00000001034|Mapk7	Mapk7	chr11	-	0	0		0		0		no
ENSMUST00000108711.7|ENSMUSG00000001036|Epn2	Epn2	chr11	-	0	0		0		0		no
ENSMUST00000004959.2|ENSMUSG00000004837|Grap	Grap	chr11	+	0	0		0		0		no
ENSMUST00000168115.7|ENSMUSG00000020528|Prpsap2	Prpsap2	chr11	-	0	0		0		0		no
ENSMUST00000004920.3|ENSMUSG00000004798|Ulk2	Ulk2	chr11	-	0	0		0		0		no
ENSMUST00000102650.9|ENSMUSG00000047804|Akap10	Akap10	chr11	-	0	0		0		0		no
ENSMUST00000049836.13|ENSMUSG00000042331|Specc1	Specc1	chr11	+	0	0		0		0		no
ENSMUST00000018644.2|ENSMUSG00000018500|Adora2b	Adora2b	chr11	+	0	0		0		0		no
ENSMUST00000072916.4|ENSMUSG00000014243|Zswim7	Zswim7	chr11	-	0	0		0		0		no
ENSMUST00000050646.12|ENSMUSG00000042298|Ttc19	Ttc19	chr11	+	0	0		0		0		no
ENSMUST00000069456.10|ENSMUSG00000018501|Ncor1	Ncor1	chr11	-	0	0		0		0		no
ENSMUST00000014389.5|ENSMUSG00000014245|Pigl	Pigl	chr11	+	0	0		0		0		no
ENSMUST00000018651.13|ENSMUSG00000018507|Trpv2	Trpv2	chr11	+	0	0		0		0		no
ENSMUST00000057194.8|ENSMUSG00000046417|Lrrc75a	Lrrc75a	chr11	-	0	0		0		0		no
ENSMUST00000129162.2|ENSMUSG00000048497|Mmgt2	Mmgt2	chr11	+	0	0		0		0		no
ENSMUST00000108705.7|ENSMUSG00000047342|Zfp286	Zfp286	chr11	-	0	0		0		0		no
ENSMUST00000055006.11|ENSMUSG00000047821|Trim16	Trim16	chr11	+	0	0		0		0		no
ENSMUST00000014321.4|ENSMUSG00000014177|Tvp23b	Tvp23b	chr11	+	0	0		0		0		no
ENSMUST00000018361.9|ENSMUSG00000018217|Pmp22	Pmp22	chr11	+	0	0		0		0		no
ENSMUST00000049091.8|ENSMUSG00000042148|Cox10	Cox10	chr11	-	0	0		0		0		no
ENSMUST00000101049.8|ENSMUSG00000020549|Elac2	Elac2	chr11	+	0	0		0		0		no
ENSMUST00000047463.14|ENSMUSG00000033389|Arhgap44	Arhgap44	chr11	-	0	0		0		0		no
ENSMUST00000140301.7|ENSMUSG00000033352|Map2k4	Map2k4	chr11	-	0	0		0		0		no
ENSMUST00000018491.7|ENSMUSG00000018347|Zkscan6	Zkscan6	chr11	+	0	0		0		0		no
ENSMUST00000061786.5|ENSMUSG00000050270|Tmem220	Tmem220	chr11	+	0	0		0		0		no
ENSMUST00000146338.7|ENSMUSG00000020910|Adprm	Adprm	chr11	-	0	0		0		0		no
ENSMUST00000092996.4|ENSMUSG00000069844|Sco1	Sco1	chr11	+	0	0		0		0		no
ENSMUST00000108682.8|ENSMUSG00000033066|Gas7	Gas7	chr11	+	0	0		0		0		no
ENSMUST00000021285.13|ENSMUSG00000020903|Stx8	Stx8	chr11	+	0	0		0		0		no
ENSMUST00000021283.7|ENSMUSG00000020901|Pik3r5	Pik3r5	chr11	+	0	0		0		0		no
ENSMUST00000102613.7|ENSMUSG00000046207|Pik3r6	Pik3r6	chr11	+	0	0		0		0		no
ENSMUST00000102611.9|ENSMUSG00000020900|Myh10	Myh10	chr11	+	0	0		0		0		no
ENSMUST00000018880.13|ENSMUSG00000018736|Ndel1	Ndel1	chr11	-	0	0		0		0		no
ENSMUST00000065040.12|ENSMUSG00000052921|Arhgef15	Arhgef15	chr11	-	0	0		0		0		no
ENSMUST00000018884.5|ENSMUSG00000018740|Slc25a35	Slc25a35	chr11	+	0	0		0		0		no
ENSMUST00000152979.7|ENSMUSG00000020898|Ctc1	Ctc1	chr11	+	0	0		0		0		no
ENSMUST00000108666.7|ENSMUSG00000020897|Aurkb	Aurkb	chr11	+	0	0		0		0		no
ENSMUST00000051888.3|ENSMUSG00000045176|Borcs6	Borcs6	chr11	+	0	0		0		0		no
ENSMUST00000021273.12|ENSMUSG00000020894|Vamp2	Vamp2	chr11	+	0	0		0		0		no
ENSMUST00000142392.7|ENSMUSG00000020893|Per1	Per1	chr11	+	0	0		0		0		no
ENSMUST00000102602.7|ENSMUSG00000049299|Trappc1	Trappc1	chr11	+	0	0		0		0		no
ENSMUST00000018614.2|ENSMUSG00000018470|Kcnab3	Kcnab3	chr11	+	0	0		0		0		no
ENSMUST00000129321.1|ENSMUSG00000043419|Rnf227	Rnf227	chr11	+	0	0		0		0		no
ENSMUST00000108661.7|ENSMUSG00000018474|Chd3	Chd3	chr11	-	0	0		0		0		no
ENSMUST00000108660.7|ENSMUSG00000044795|Cyb5d1	Cyb5d1	chr11	-	0	0		0		0		no
ENSMUST00000050140.5|ENSMUSG00000045377|Tmem88	Tmem88	chr11	-	0	0		0		0		no
ENSMUST00000004036.5|ENSMUSG00000003934|Efnb3	Efnb3	chr11	-	0	0		0		0		no
ENSMUST00000108657.3|ENSMUSG00000059552|Trp53	Trp53	chr11	+	0	0		0		0		no
ENSMUST00000047889.12|ENSMUSG00000041329|Atp1b2	Atp1b2	chr11	-	0	0		0		0		no
ENSMUST00000108656.8|ENSMUSG00000069835|Sat2	Sat2	chr11	+	0	0		0		0		no
ENSMUST00000018909.3|ENSMUSG00000018765|Fxr2	Fxr2	chr11	+	0	0		0		0		no
ENSMUST00000148242.7|ENSMUSG00000018761|Mpdu1	Mpdu1	chr11	-	0	0		0		0		no
ENSMUST00000102589.11|ENSMUSG00000059796|Eif4a1	Eif4a1	chr11	-	0	0		0		0		no
ENSMUST00000005336.8|ENSMUSG00000005204|Senp3	Senp3	chr11	-	0	0		0		0		no
ENSMUST00000180587.7|ENSMUSG00000018752|Tnfsfm13	Tnfsfm13	chr11	-	0	0		0		0		no
ENSMUST00000018896.13|ENSMUSG00000089669|Tnfsf13	Tnfsf13	chr11	-	0	0		0		0		no
ENSMUST00000181810.7|ENSMUSG00000097328|Tnfsf12	Tnfsf12	chr11	-	0	0		0		0		no
ENSMUST00000058470.15|ENSMUSG00000005198|Polr2a	Polr2a	chr11	-	0	0		0		0		no
ENSMUST00000108639.7|ENSMUSG00000018750|Zbtb4	Zbtb4	chr11	+	0	0		0		0		no
ENSMUST00000045971.8|ENSMUSG00000041189|Chrnb1	Chrnb1	chr11	-	0	0		0		0		no
ENSMUST00000108633.8|ENSMUSG00000019461|Plscr3	Plscr3	chr11	+	0	0		0		0		no
ENSMUST00000050555.5|ENSMUSG00000046731|Kctd11	Kctd11	chr11	-	0	0		0		0		no
ENSMUST00000164359.7|ENSMUSG00000078812|Eif5a	Eif5a	chr11	-	0	0		0		0		no
ENSMUST00000142788.7|ENSMUSG00000018565|Elp5	Elp5	chr11	-	0	0		0		0		no
ENSMUST00000108593.7|ENSMUSG00000018559|Ctdnep1	Ctdnep1	chr11	+	0	0		0		0		no
ENSMUST00000018711.14|ENSMUSG00000018567|Gabarap	Gabarap	chr11	+	0	0		0		0		no
ENSMUST00000018716.9|ENSMUSG00000018572|Phf23	Phf23	chr11	+	0	0		0		0		no
ENSMUST00000102575.8|ENSMUSG00000020888|Dvl2	Dvl2	chr11	+	0	0		0		0		no
ENSMUST00000231221.1|ENSMUSG00000020886|Dlg4	Dlg4	chr11	+	0	0		0		0		no
ENSMUST00000146411.8|ENSMUSG00000020884|Asgr1	Asgr1	chr11	+	0	0		0		0		no
ENSMUST00000123716.1|ENSMUSG00000040938|Slc16a11	Slc16a11	chr11	+	0	0		0		0		no
ENSMUST00000060010.2|ENSMUSG00000044367|Slc16a13	Slc16a13	chr11	-	0	0		0		0		no
ENSMUST00000000326.11|ENSMUSG00000000317|Bcl6b	Bcl6b	chr11	-	0	0		0		0		no
ENSMUST00000176116.7|ENSMUSG00000040904|Gm21988	Gm21988	chr11	-	0	0		0		0		no
ENSMUST00000125752.2|ENSMUSG00000093989|Rnasek	Rnasek	chr11	-	0	0		0		0		no
ENSMUST00000128748.7|ENSMUSG00000060216|Arrb2	Arrb2	chr11	+	0	0		0		0		no
ENSMUST00000019067.7|ENSMUSG00000018923|Med11	Med11	chr11	+	0	0		0		0		no
ENSMUST00000019064.8|ENSMUSG00000018920|Cxcl16	Cxcl16	chr11	-	0	0		0		0		no
ENSMUST00000014750.14|ENSMUSG00000014606|Slc25a11	Slc25a11	chr11	-	0	0		0		0		no
ENSMUST00000141695.7|ENSMUSG00000040746|Rnf167	Rnf167	chr11	+	0	0		0		0		no
ENSMUST00000178254.1|ENSMUSG00000018293|Pfn1	Pfn1	chr11	-	0	0		0		0		no
ENSMUST00000018431.12|ENSMUSG00000018287|Spag7	Spag7	chr11	-	0	0		0		0		no
ENSMUST00000145823.7|ENSMUSG00000040712|Camta2	Camta2	chr11	-	0	0		0		0		no
ENSMUST00000060444.5|ENSMUSG00000043602|Zfp3	Zfp3	chr11	+	0	0		0		0		no
ENSMUST00000076270.12|ENSMUSG00000020817|Rabep1	Rabep1	chr11	+	0	0		0		0		no
ENSMUST00000171254.7|ENSMUSG00000018449|Rpain	Rpain	chr11	+	0	0		0		0		no
ENSMUST00000078528.6|ENSMUSG00000018446|C1qbp	C1qbp	chr11	-	0	0		0		0		no
ENSMUST00000049048.12|ENSMUSG00000040620|Dhx33	Dhx33	chr11	-	0	0		0		0		no
ENSMUST00000132198.7|ENSMUSG00000018442|Derl2	Derl2	chr11	-	0	0		0		0		no
ENSMUST00000048807.11|ENSMUSG00000040599|Mis12	Mis12	chr11	+	0	0		0		0		no
ENSMUST00000238695.1|ENSMUSG00000018451|6330403K07Rik	6330403K07Rik	chr11	-	0	0		0		0		no
ENSMUST00000021168.13|ENSMUSG00000020811|Wscd1	Wscd1	chr11	+	0	0		0		0		no
ENSMUST00000021164.3|ENSMUSG00000020808|Pimreg	Pimreg	chr11	+	0	0		0		0		no
ENSMUST00000108508.2|ENSMUSG00000040543|Pitpnm3	Pitpnm3	chr11	-	0	0		0		0		no
ENSMUST00000021158.3|ENSMUSG00000020803|Txndc17	Txndc17	chr11	+	0	0		0		0		no
ENSMUST00000124762.1|ENSMUSG00000053574|4930563E22Rik	4930563E22Rik	chr11	+	0	0		0		0		no
ENSMUST00000094041.3|ENSMUSG00000040483|Xaf1	Xaf1	chr11	+	0	0		0		0		no
ENSMUST00000021148.12|ENSMUSG00000020794|Ube2g1	Ube2g1	chr11	+	0	0		0		0		no
ENSMUST00000127610.7|ENSMUSG00000020790|Ankfy1	Ankfy1	chr11	+	0	0		0		0		no
ENSMUST00000079681.5|ENSMUSG00000057778|Cyb5d2	Cyb5d2	chr11	-	0	0		0		0		no
ENSMUST00000069395.6|ENSMUSG00000055670|Zzef1	Zzef1	chr11	+	0	0		0		0		no
ENSMUST00000163326.7|ENSMUSG00000020788|Atp2a3	Atp2a3	chr11	+	0	0		0		0		no
ENSMUST00000092937.12|ENSMUSG00000020785|Camkk1	Camkk1	chr11	+	0	0		0		0		no
ENSMUST00000021135.4|ENSMUSG00000020783|Ncbp3	Ncbp3	chr11	+	0	0		0		0		no
ENSMUST00000006104.9|ENSMUSG00000005950|P2rx5	P2rx5	chr11	+	0	0		0		0		no
ENSMUST00000054952.3|ENSMUSG00000047260|Emc6	Emc6	chr11	-	0	0		0		0		no
ENSMUST00000040687.11|ENSMUSG00000040158|Tax1bp3	Tax1bp3	chr11	+	0	0		0		0		no
ENSMUST00000006103.8|ENSMUSG00000005949|Ctns	Ctns	chr11	-	0	0		0		0		no
ENSMUST00000047488.14|ENSMUSG00000038807|Rap1gap2	Rap1gap2	chr11	-	0	0		0		0		no
ENSMUST00000100866.2|ENSMUSG00000069814|Ccdc92b	Ccdc92b	chr11	+	0	0		0		0		no
ENSMUST00000092915.11|ENSMUSG00000020741|Cluh	Cluh	chr11	+	0	0		0		0		no
ENSMUST00000021091.14|ENSMUSG00000020745|Pafah1b1	Pafah1b1	chr11	-	0	0		0		0		no
ENSMUST00000000291.8|ENSMUSG00000000282|Mnt	Mnt	chr11	+	0	0		0		0		no
ENSMUST00000057631.11|ENSMUSG00000038351|Sgsm2	Sgsm2	chr11	-	0	0		0		0		no
ENSMUST00000128230.7|ENSMUSG00000038335|Tsr1	Tsr1	chr11	+	0	0		0		0		no
ENSMUST00000065211.8|ENSMUSG00000001323|Srr	Srr	chr11	-	0	0		0		0		no
ENSMUST00000130145.7|ENSMUSG00000038290|Smg6	Smg6	chr11	+	0	0		0		0		no
ENSMUST00000055619.4|ENSMUSG00000043099|Hic1	Hic1	chr11	-	0	0		0		0		no
ENSMUST00000071562.2|ENSMUSG00000038268|Ovca2	Ovca2	chr11	-	0	0		0		0		no
ENSMUST00000044949.10|ENSMUSG00000078789|Dph1	Dph1	chr11	-	0	0		0		0		no
ENSMUST00000102514.3|ENSMUSG00000045287|Rtn4rl1	Rtn4rl1	chr11	+	0	0		0		0		no
ENSMUST00000092907.11|ENSMUSG00000000751|Rpa1	Rpa1	chr11	-	0	0		0		0		no
ENSMUST00000044530.2|ENSMUSG00000018809|Smyd4	Smyd4	chr11	+	0	0		0		0		no
ENSMUST00000168902.7|ENSMUSG00000000753|Serpinf1	Serpinf1	chr11	-	0	0		0		0		no
ENSMUST00000173320.7|ENSMUSG00000045374|Wdr81	Wdr81	chr11	-	0	0		0		0		no
ENSMUST00000108435.1|ENSMUSG00000038217|Tlcd2	Tlcd2	chr11	+	0	0		0		0		no
ENSMUST00000042972.6|ENSMUSG00000038195|Rilp	Rilp	chr11	+	0	0		0		0		no
ENSMUST00000123819.1|ENSMUSG00000038188|Scarf1	Scarf1	chr11	+	0	0		0		0		no
ENSMUST00000042561.13|ENSMUSG00000038178|Slc43a2	Slc43a2	chr11	+	0	0		0		0		no
ENSMUST00000102509.10|ENSMUSG00000017781|Pitpna	Pitpna	chr11	+	0	0		0		0		no
ENSMUST00000150857.7|ENSMUSG00000006127|Inpp5k	Inpp5k	chr11	+	0	0		0		0		no
ENSMUST00000102505.9|ENSMUSG00000017774|Myo1c	Myo1c	chr11	+	0	0		0		0		no
ENSMUST00000108425.7|ENSMUSG00000017776|Crk	Crk	chr11	+	0	0		0		0		no
ENSMUST00000134745.7|ENSMUSG00000020849|Ywhae	Ywhae	chr11	+	0	0		0		0		no
ENSMUST00000121287.7|ENSMUSG00000020847|Rph3al	Rph3al	chr11	-	0	0		0		0		no
ENSMUST00000021207.6|ENSMUSG00000020846|Rflnb	Rflnb	chr11	-	0	0		0		0		no
ENSMUST00000169734.7|ENSMUSG00000017288|Vps53	Vps53	chr11	-	0	0		0		0		no
ENSMUST00000170017.7|ENSMUSG00000017286|Glod4	Glod4	chr11	-	0	0		0		0		no
ENSMUST00000094014.9|ENSMUSG00000069808|Fam57a	Fam57a	chr11	+	0	0		0		0		no
ENSMUST00000021204.3|ENSMUSG00000020844|Nxn	Nxn	chr11	-	0	0		0		0		no
ENSMUST00000130364.2|ENSMUSG00000017631|Abr	Abr	chr11	-	0	0		0		0		no
ENSMUST00000010536.8|ENSMUSG00000010392|Gosr1	Gosr1	chr11	-	0	0		0		0		no
ENSMUST00000021201.5|ENSMUSG00000020841|Cpd	Cpd	chr11	-	0	0		0		0		no
ENSMUST00000168124.1|ENSMUSG00000020840|Blmh	Blmh	chr11	+	0	0		0		0		no
ENSMUST00000102494.7|ENSMUSG00000037958|Nsrp1	Nsrp1	chr11	-	0	0		0		0		no
ENSMUST00000037912.11|ENSMUSG00000037926|Ssh2	Ssh2	chr11	+	0	0		0		0		no
ENSMUST00000037285.9|ENSMUSG00000011877|Git1	Git1	chr11	+	0	0		0		0		no
ENSMUST00000094004.4|ENSMUSG00000000686|Abhd15	Abhd15	chr11	+	0	0		0		0		no
ENSMUST00000017435.10|ENSMUSG00000017291|Taok1	Taok1	chr11	-	0	0		0		0		no
ENSMUST00000100802.10|ENSMUSG00000037857|Nufip2	Nufip2	chr11	+	0	0		0		0		no
ENSMUST00000151982.7|ENSMUSG00000000632|Sez6	Sez6	chr11	+	0	0		0		0		no
ENSMUST00000144028.1|ENSMUSG00000020834|Dhrs13	Dhrs13	chr11	+	0	0		0		0		no
ENSMUST00000148162.8|ENSMUSG00000061981|Flot2	Flot2	chr11	+	0	0		0		0		no
ENSMUST00000021183.3|ENSMUSG00000020832|Eral1	Eral1	chr11	-	0	0		0		0		no
ENSMUST00000073705.11|ENSMUSG00000037750|Fam222b	Fam222b	chr11	+	0	0		0		0		no
ENSMUST00000017530.3|ENSMUSG00000017386|Traf4	Traf4	chr11	-	0	0		0		0		no
ENSMUST00000017549.12|ENSMUSG00000017405|Nek8	Nek8	chr11	-	0	0		0		0		no
ENSMUST00000092880.13|ENSMUSG00000019437|Tlcd1	Tlcd1	chr11	+	0	0		0		0		no
ENSMUST00000156435.1|ENSMUSG00000002059|Rab34	Rab34	chr11	+	0	0		0		0		no
ENSMUST00000060539.12|ENSMUSG00000044122|Proca1	Proca1	chr11	+	0	0		0		0		no
ENSMUST00000002121.4|ENSMUSG00000002052|Supt6	Supt6	chr11	-	0	0		0		0		no
ENSMUST00000002133.8|ENSMUSG00000002064|Sdf2	Sdf2	chr11	+	0	0		0		0		no
ENSMUST00000145145.1|ENSMUSG00000010277|2610507B11Rik	2610507B11Rik	chr11	+	0	0		0		0		no
ENSMUST00000045026.3|ENSMUSG00000002055|Spag5	Spag5	chr11	+	0	0		0		0		no
ENSMUST00000017534.14|ENSMUSG00000017390|Aldoc	Aldoc	chr11	+	0	0		0		0		no
ENSMUST00000048073.8|ENSMUSG00000041958|Pigs	Pigs	chr11	+	0	0		0		0		no
ENSMUST00000002127.13|ENSMUSG00000002058|Unc119	Unc119	chr11	+	0	0		0		0		no
ENSMUST00000146431.2|ENSMUSG00000020829|Slc46a1	Slc46a1	chr11	+	0	0		0		0		no
ENSMUST00000108287.9|ENSMUSG00000050132|Sarm1	Sarm1	chr11	-	0	0		0		0		no
ENSMUST00000052566.7|ENSMUSG00000051232|Tmem199	Tmem199	chr11	-	0	0		0		0		no
ENSMUST00000017759.8|ENSMUSG00000017615|Tnfaip1	Tnfaip1	chr11	-	0	0		0		0		no
ENSMUST00000128788.7|ENSMUSG00000001105|Ift20	Ift20	chr11	+	0	0		0		0		no
ENSMUST00000103242.4|ENSMUSG00000037278|Tmem97	Tmem97	chr11	-	0	0		0		0		no
ENSMUST00000142739.7|ENSMUSG00000017376|Nlk	Nlk	chr11	-	0	0		0		0		no
ENSMUST00000059468.5|ENSMUSG00000049489|Ccnq	Ccnq	chr11	-	0	0		0		0		no
ENSMUST00000147875.8|ENSMUSG00000072640|Lyrm9	Lyrm9	chr11	+	0	0		0		0		no
ENSMUST00000018610.6|ENSMUSG00000020826|Nos2	Nos2	chr11	+	0	0		0		0		no
ENSMUST00000108268.9|ENSMUSG00000001123|Lgals9	Lgals9	chr11	-	0	0		0		0		no
ENSMUST00000131848.7|ENSMUSG00000017677|Wsb1	Wsb1	chr11	-	0	0		0		0		no
ENSMUST00000164465.2|ENSMUSG00000049612|Omg	Omg	chr11	-	0	0		0		0		no
ENSMUST00000093983.10|ENSMUSG00000070354|Evi2	Evi2	chr11	-	0	0		0		0		no
ENSMUST00000179322.1|ENSMUSG00000093938|Evi2b	Evi2b	chr11	-	0	0		0		0		no
ENSMUST00000103236.3|ENSMUSG00000078771|Evi2a	Evi2a	chr11	-	0	0		0		0		no
ENSMUST00000017783.12|ENSMUSG00000017639|Rab11fip4	Rab11fip4	chr11	+	0	0		0		0		no
ENSMUST00000108241.7|ENSMUSG00000035575|Utp6	Utp6	chr11	-	0	0		0		0		no
ENSMUST00000178893.7|ENSMUSG00000017561|Crlf3	Crlf3	chr11	-	0	0		0		0		no
ENSMUST00000136996.1|ENSMUSG00000046909|Tefm	Tefm	chr11	-	0	0		0		0		no
ENSMUST00000021050.13|ENSMUSG00000020709|Adap2	Adap2	chr11	+	0	0		0		0		no
ENSMUST00000017839.2|ENSMUSG00000020707|Rnf135	Rnf135	chr11	+	0	0		0		0		no
ENSMUST00000055056.15|ENSMUSG00000017686|Rhot1	Rhot1	chr11	+	0	0		0		0		no
ENSMUST00000017836.7|ENSMUSG00000017692|Rhbdl3	Rhbdl3	chr11	+	0	0		0		0		no
ENSMUST00000179332.7|ENSMUSG00000057181|5730455P16Rik	5730455P16Rik	chr11	-	0	0		0		0		no
ENSMUST00000178665.7|ENSMUSG00000017421|Zfp207	Zfp207	chr11	+	0	0		0		0		no
ENSMUST00000174743.7|ENSMUSG00000017428|Psmd11	Psmd11	chr11	+	0	0		0		0		no
ENSMUST00000041065.13|ENSMUSG00000035441|Myo1d	Myo1d	chr11	-	0	0		0		0		no
ENSMUST00000040865.8|ENSMUSG00000035413|Tmem98	Tmem98	chr11	+	0	0		0		0		no
ENSMUST00000021045.12|ENSMUSG00000020704|Asic2	Asic2	chr11	-	0	0		0		0		no
ENSMUST00000000193.5|ENSMUSG00000035385|Ccl2	Ccl2	chr11	+	0	0		0		0		no
ENSMUST00000021011.2|ENSMUSG00000035373|Ccl7	Ccl7	chr11	+	0	0		0		0		no
ENSMUST00000000342.2|ENSMUSG00000020676|Ccl11	Ccl11	chr11	+	0	0		0		0		no
ENSMUST00000056677.7|ENSMUSG00000046010|Zfp830	Zfp830	chr11	+	0	0		0		0		no
ENSMUST00000021039.11|ENSMUSG00000020697|Lig3	Lig3	chr11	+	0	0		0		0		no
ENSMUST00000074515.10|ENSMUSG00000020696|Rffl	Rffl	chr11	-	0	0		0		0		no
ENSMUST00000146053.7|ENSMUSG00000018841|Rad51d	Rad51d	chr11	-	0	0		0		0		no
ENSMUST00000167196.1|ENSMUSG00000020692|Nle1	Nle1	chr11	-	0	0		0		0		no
ENSMUST00000108160.7|ENSMUSG00000018845|Unc45b	Unc45b	chr11	+	0	0		0		0		no
ENSMUST00000067443.9|ENSMUSG00000054404|Slfn5	Slfn5	chr11	+	0	0		0		0		no
ENSMUST00000038211.12|ENSMUSG00000069793|Slfn9	Slfn9	chr11	-	0	0		0		0		no
ENSMUST00000215239.1|ENSMUSG00000035208|Slfn8	Slfn8	chr11	-	0	0		0		0		no
ENSMUST00000038038.7|ENSMUSG00000072620|Slfn2	Slfn2	chr11	+	0	0		0		0		no
ENSMUST00000018877.8|ENSMUSG00000018733|Pex12	Pex12	chr11	-	0	0		0		0		no
ENSMUST00000018875.12|ENSMUSG00000035152|Ap2b1	Ap2b1	chr11	+	0	0		0		0		no
ENSMUST00000175848.7|ENSMUSG00000020684|Rasl10b	Rasl10b	chr11	+	0	0		0		0		no
ENSMUST00000035938.2|ENSMUSG00000035042|Ccl5	Ccl5	chr11	-	0	0		0		0		no
ENSMUST00000019266.5|ENSMUSG00000019122|Ccl9	Ccl9	chr11	-	0	0		0		0		no
ENSMUST00000019071.3|ENSMUSG00000018927|Ccl6	Ccl6	chr11	-	0	0		0		0		no
ENSMUST00000001008.5|ENSMUSG00000000982|Ccl3	Ccl3	chr11	-	0	0		0		0		no
ENSMUST00000019074.3|ENSMUSG00000018930|Ccl4	Ccl4	chr11	+	0	0		0		0		no
ENSMUST00000001002.7|ENSMUSG00000000976|Heatr6	Heatr6	chr11	+	0	0		0		0		no
ENSMUST00000049257.7|ENSMUSG00000020677|Ddx52	Ddx52	chr11	+	0	0		0		0		no
ENSMUST00000092834.11|ENSMUSG00000034940|Synrg	Synrg	chr11	+	0	0		0		0		no
ENSMUST00000100705.10|ENSMUSG00000018648|Dusp14	Dusp14	chr11	-	0	0		0		0		no
ENSMUST00000018795.12|ENSMUSG00000018651|Tada2a	Tada2a	chr11	-	0	0		0		0		no
ENSMUST00000103201.7|ENSMUSG00000020532|Acaca	Acaca	chr11	+	0	0		0		0		no
ENSMUST00000018549.7|ENSMUSG00000018405|Mrm1	Mrm1	chr11	-	0	0		0		0		no
ENSMUST00000151496.1|ENSMUSG00000034449|Dhrs11	Dhrs11	chr11	-	0	0		0		0		no
ENSMUST00000172405.7|ENSMUSG00000020530|Ggnbp2	Ggnbp2	chr11	-	0	0		0		0		no
ENSMUST00000103195.4|ENSMUSG00000020526|Znhit3	Znhit3	chr11	-	0	0		0		0		no
ENSMUST00000150596.7|ENSMUSG00000000805|Car4	Car4	chr11	+	0	0		0		0		no
ENSMUST00000000821.14|ENSMUSG00000000804|Usp32	Usp32	chr11	-	0	0		0		0		no
ENSMUST00000018625.9|ENSMUSG00000018481|Appbp2	Appbp2	chr11	-	0	0		0		0		no
ENSMUST00000020835.15|ENSMUSG00000020525|Ppm1d	Ppm1d	chr11	+	0	0		0		0		no
ENSMUST00000000095.6|ENSMUSG00000000093|Tbx2	Tbx2	chr11	+	0	0		0		0		no
ENSMUST00000043624.8|ENSMUSG00000034297|Med13	Med13	chr11	-	0	0		0		0		no
ENSMUST00000020827.6|ENSMUSG00000020521|Rnft1	Rnft1	chr11	+	0	0		0		0		no
ENSMUST00000154617.7|ENSMUSG00000020516|Rps6kb1	Rps6kb1	chr11	-	0	0		0		0		no
ENSMUST00000108030.8|ENSMUSG00000020513|Tubd1	Tubd1	chr11	+	0	0		0		0		no
ENSMUST00000018315.9|ENSMUSG00000018171|Vmp1	Vmp1	chr11	-	0	0		0		0		no
ENSMUST00000108022.7|ENSMUSG00000072582|Ptrh2	Ptrh2	chr11	+	0	0		0		0		no
ENSMUST00000103186.10|ENSMUSG00000047126|Cltc	Cltc	chr11	-	0	0		0		0		no
ENSMUST00000018569.13|ENSMUSG00000018425|Dhx40	Dhx40	chr11	-	0	0		0		0		no
ENSMUST00000018571.4|ENSMUSG00000018427|Ypel2	Ypel2	chr11	-	0	0		0		0		no
ENSMUST00000020804.7|ENSMUSG00000061666|Gdpd1	Gdpd1	chr11	-	0	0		0		0		no
ENSMUST00000143280.1|ENSMUSG00000020495|Smg8	Smg8	chr11	-	0	0		0		0		no
ENSMUST00000020794.5|ENSMUSG00000020492|Ska2	Ska2	chr11	+	0	0		0		0		no
ENSMUST00000041282.12|ENSMUSG00000018548|Trim37	Trim37	chr11	+	0	0		0		0		no
ENSMUST00000107960.7|ENSMUSG00000020486|Septin4	Septin4	chr11	+	0	0		0		0		no
ENSMUST00000103179.9|ENSMUSG00000018401|Mtmr4	Mtmr4	chr11	+	0	0		0		0		no
ENSMUST00000039627.11|ENSMUSG00000034156|Tspoap1	Tspoap1	chr11	+	0	0		0		0		no
ENSMUST00000038196.6|ENSMUSG00000034121|Mks1	Mks1	chr11	+	0	0		0		0		no
ENSMUST00000178105.2|ENSMUSG00000020483|Dynll2	Dynll2	chr11	-	0	0		0		0		no
ENSMUST00000139129.8|ENSMUSG00000018379|Srsf1	Srsf1	chr11	+	0	0		0		0		no
ENSMUST00000018521.10|ENSMUSG00000018377|Vezf1	Vezf1	chr11	+	0	0		0		0		no
ENSMUST00000154812.7|ENSMUSG00000018378|Cuedc1	Cuedc1	chr11	+	0	0		0		0		no
ENSMUST00000024486.13|ENSMUSG00000023723|Mrps23	Mrps23	chr11	+	0	0		0		0		no
ENSMUST00000000287.8|ENSMUSG00000000278|Scpep1	Scpep1	chr11	-	0	0		0		0		no
ENSMUST00000107898.7|ENSMUSG00000033983|Coil	Coil	chr11	+	0	0		0		0		no
ENSMUST00000107896.9|ENSMUSG00000000275|Trim25	Trim25	chr11	+	0	0		0		0		no
ENSMUST00000020864.8|ENSMUSG00000020553|Pctp	Pctp	chr11	-	0	0		0		0		no
ENSMUST00000092788.3|ENSMUSG00000069763|Tmem100	Tmem100	chr11	+	0	0		0		0		no
ENSMUST00000004050.6|ENSMUSG00000003948|Mmd	Mmd	chr11	+	0	0		0		0		no
ENSMUST00000004051.7|ENSMUSG00000003949|Hlf	Hlf	chr11	-	0	0		0		0		no
ENSMUST00000143203.7|ENSMUSG00000020546|Stxbp4	Stxbp4	chr11	-	0	0		0		0		no
ENSMUST00000020851.14|ENSMUSG00000020544|Cox11	Cox11	chr11	+	0	0		0		0		no
ENSMUST00000107863.3|ENSMUSG00000056158|Car10	Car10	chr11	+	0	0		0		0		no
ENSMUST00000135884.7|ENSMUSG00000037601|Nme1	Nme1	chr11	-	0	0		0		0		no
ENSMUST00000041956.13|ENSMUSG00000020859|Spag9	Spag9	chr11	+	0	0		0		0		no
ENSMUST00000041589.5|ENSMUSG00000037573|Tob1	Tob1	chr11	+	0	0		0		0		no
ENSMUST00000107822.9|ENSMUSG00000020863|Luc7l3	Luc7l3	chr11	-	0	0		0		0		no
ENSMUST00000107818.8|ENSMUSG00000020864|Ankrd40	Ankrd40	chr11	+	0	0		0		0		no
ENSMUST00000178136.7|ENSMUSG00000020865|Abcc3	Abcc3	chr11	-	0	0		0		0		no
ENSMUST00000107786.7|ENSMUSG00000020866|Cacna1g	Cacna1g	chr11	-	0	0		0		0		no
ENSMUST00000040487.3|ENSMUSG00000039096|Rsad1	Rsad1	chr11	-	0	0		0		0		no
ENSMUST00000103164.3|ENSMUSG00000076435|Acsf2	Acsf2	chr11	-	0	0		0		0		no
ENSMUST00000021239.6|ENSMUSG00000020869|Lrrc59	Lrrc59	chr11	+	0	0		0		0		no
ENSMUST00000025278.7|ENSMUSG00000024414|Mrpl27	Mrpl27	chr11	+	0	0		0		0		no
ENSMUST00000153485.2|ENSMUSG00000020868|Xylt2	Xylt2	chr11	-	0	0		0		0		no
ENSMUST00000001547.7|ENSMUSG00000001506|Col1a1	Col1a1	chr11	+	0	0		0		0		no
ENSMUST00000038696.11|ENSMUSG00000038976|Ppp1r9b	Ppp1r9b	chr11	+	0	0		0		0		no
ENSMUST00000055947.9|ENSMUSG00000047181|Samd14	Samd14	chr11	+	0	0		0		0		no
ENSMUST00000038431.7|ENSMUSG00000038967|Pdk2	Pdk2	chr11	-	0	0		0		0		no
ENSMUST00000092766.11|ENSMUSG00000038909|Kat7	Kat7	chr11	-	0	0		0		0		no
ENSMUST00000037502.6|ENSMUSG00000038893|Fam117a	Fam117a	chr11	+	0	0		0		0		no
ENSMUST00000131193.2|ENSMUSG00000020873|Slc35b1	Slc35b1	chr11	+	0	0		0		0		no
ENSMUST00000107724.8|ENSMUSG00000057522|Spop	Spop	chr11	+	0	0		0		0		no
ENSMUST00000058866.7|ENSMUSG00000046719|Nxph3	Nxph3	chr11	-	0	0		0		0		no
ENSMUST00000125172.7|ENSMUSG00000038845|Phb	Phb	chr11	+	0	0		0		0		no
ENSMUST00000107717.7|ENSMUSG00000075595|Zfp652	Zfp652	chr11	+	0	0		0		0		no
ENSMUST00000059026.9|ENSMUSG00000018381|Abi3	Abi3	chr11	-	0	0		0		0		no
ENSMUST00000100528.4|ENSMUSG00000014349|Ube2z	Ube2z	chr11	-	0	0		0		0		no
ENSMUST00000090541.11|ENSMUSG00000006057|Atp5g1	Atp5g1	chr11	-	0	0		0		0		no
ENSMUST00000021246.8|ENSMUSG00000020876|Snx11	Snx11	chr11	-	0	0		0		0		no
ENSMUST00000167110.7|ENSMUSG00000038615|Nfe2l1	Nfe2l1	chr11	-	0	0		0		0		no
ENSMUST00000147710.1|ENSMUSG00000018672|Copz2	Copz2	chr11	+	0	0		0		0		no
ENSMUST00000134732.7|ENSMUSG00000018669|Cdk5rap3	Cdk5rap3	chr11	-	0	0		0		0		no
ENSMUST00000018803.11|ENSMUSG00000018659|Pnpo	Pnpo	chr11	-	0	0		0		0		no
ENSMUST00000107624.7|ENSMUSG00000018678|Sp2	Sp2	chr11	-	0	0		0		0		no
ENSMUST00000001485.9|ENSMUSG00000001445|Mrpl10	Mrpl10	chr11	+	0	0		0		0		no
ENSMUST00000090020.12|ENSMUSG00000038534|Osbpl7	Osbpl7	chr11	+	0	0		0		0		no
ENSMUST00000019026.9|ENSMUSG00000018882|Mrpl45	Mrpl45	chr11	+	0	0		0		0		no
ENSMUST00000052281.5|ENSMUSG00000043439|Epop	Epop	chr11	-	0	0		0		0		no
ENSMUST00000044730.11|ENSMUSG00000038437|Mllt6	Mllt6	chr11	+	0	0		0		0		no
ENSMUST00000018685.8|ENSMUSG00000018541|Cwc25	Cwc25	chr11	-	0	0		0		0		no
ENSMUST00000103146.4|ENSMUSG00000071415|Rpl23	Rpl23	chr11	-	0	0		0		0		no
ENSMUST00000043843.11|ENSMUSG00000038366|Lasp1	Lasp1	chr11	+	0	0		0		0		no
ENSMUST00000155954.2|ENSMUSG00000050538|B230217C12Rik	B230217C12Rik	chr11	+	0	0		0		0		no
ENSMUST00000017561.14|ENSMUSG00000017417|Plxdc1	Plxdc1	chr11	-	0	0		0		0		no
ENSMUST00000042971.15|ENSMUSG00000038352|Arl5c	Arl5c	chr11	-	0	0		0		0		no
ENSMUST00000017552.12|ENSMUSG00000020882|Cacnb1	Cacnb1	chr11	-	0	0		0		0		no
ENSMUST00000017544.8|ENSMUSG00000017400|Stac2	Stac2	chr11	-	0	0		0		0		no
ENSMUST00000103143.9|ENSMUSG00000020883|Fbxl20	Fbxl20	chr11	-	0	0		0		0		no
ENSMUST00000041685.6|ENSMUSG00000038255|Neurod2	Neurod2	chr11	-	0	0		0		0		no
ENSMUST00000078694.12|ENSMUSG00000061718|Ppp1r1b	Ppp1r1b	chr11	+	0	0		0		0		no
ENSMUST00000018311.4|ENSMUSG00000018167|Stard3	Stard3	chr11	+	0	0		0		0		no
ENSMUST00000008021.2|ENSMUSG00000007877|Tcap	Tcap	chr11	+	0	0		0		0		no
ENSMUST00000090827.11|ENSMUSG00000038208|Pgap3	Pgap3	chr11	-	0	0		0		0		no
ENSMUST00000058295.5|ENSMUSG00000062312|Erbb2	Erbb2	chr11	+	0	0		0		0		no
ENSMUST00000002655.7|ENSMUSG00000002580|Mien1	Mien1	chr11	-	0	0		0		0		no
ENSMUST00000019456.4|ENSMUSG00000019312|Grb7	Grb7	chr11	+	0	0		0		0		no
ENSMUST00000052919.7|ENSMUSG00000038150|Ormdl3	Ormdl3	chr11	-	0	0		0		0		no
ENSMUST00000017365.14|ENSMUSG00000017221|Psmd3	Psmd3	chr11	+	0	0		0		0		no
ENSMUST00000038886.2|ENSMUSG00000038067|Csf3	Csf3	chr11	+	0	0		0		0		no
ENSMUST00000103139.10|ENSMUSG00000058756|Thra	Thra	chr11	+	0	0		0		0		no
ENSMUST00000064941.6|ENSMUSG00000020889|Nr1d1	Nr1d1	chr11	-	0	0		0		0		no
ENSMUST00000037915.8|ENSMUSG00000052915|Msl1	Msl1	chr11	+	0	0		0		0		no
ENSMUST00000017384.13|ENSMUSG00000078676|Casc3	Casc3	chr11	+	0	0		0		0		no
ENSMUST00000107479.2|ENSMUSG00000038020|Rapgefl1	Rapgefl1	chr11	+	0	0		0		0		no
ENSMUST00000068133.9|ENSMUSG00000037992|Rara	Rara	chr11	+	0	0		0		0		no
ENSMUST00000017637.12|ENSMUSG00000017493|Igfbp4	Igfbp4	chr11	+	0	0		0		0		no
ENSMUST00000103134.3|ENSMUSG00000037944|Ccr7	Ccr7	chr11	-	0	0		0		0		no
ENSMUST00000103133.3|ENSMUSG00000037935|Smarce1	Smarce1	chr11	-	0	0		0		0		no
ENSMUST00000103132.9|ENSMUSG00000035849|Krt222	Krt222	chr11	-	0	0		0		0		no
ENSMUST00000103131.4|ENSMUSG00000019761|Krt10	Krt10	chr11	-	0	0		0		0		no
ENSMUST00000017741.3|ENSMUSG00000020912|Krt12	Krt12	chr11	-	0	0		0		0		no
ENSMUST00000049385.13|ENSMUSG00000035530|Eif1	Eif1	chr11	+	0	0		0		0		no
ENSMUST00000138603.8|ENSMUSG00000006930|Hap1	Hap1	chr11	-	0	0		0		0		no
ENSMUST00000001592.14|ENSMUSG00000001552|Jup	Jup	chr11	-	0	0		0		0		no
ENSMUST00000066489.12|ENSMUSG00000006931|P3h4	P3h4	chr11	-	0	0		0		0		no
ENSMUST00000134815.1|ENSMUSG00000001555|Fkbp10	Fkbp10	chr11	+	0	0		0		0		no
ENSMUST00000107399.8|ENSMUSG00000017176|Nt5c3b	Nt5c3b	chr11	-	0	0		0		0		no
ENSMUST00000107389.7|ENSMUSG00000020917|Acly	Acly	chr11	-	0	0		0		0		no
ENSMUST00000103120.4|ENSMUSG00000006782|Cnp	Cnp	chr11	+	1	1	0.0290518689748937	50	chr11:100581650-100581700(fdr=2.91e-02)	4	chr11:100580900-100580950(fdr=3.14e-06);chr11:100580950-100581000(fdr=6.82e-07);chr11:100581000-100581050(fdr=4.34e-08);chr11:100581100-100581150(fdr=2.50e-02)	yes
ENSMUST00000239499.1|ENSMUSG00000014195|Dnajc7	Dnajc7	chr11	-	0	0		0		0		no
ENSMUST00000017981.9|ENSMUSG00000017837|Nkiras2	Nkiras2	chr11	+	0	0		0		0		no
ENSMUST00000017974.12|ENSMUSG00000017830|Dhx58	Dhx58	chr11	-	0	0		0		0		no
ENSMUST00000006973.11|ENSMUSG00000020918|Kat2a	Kat2a	chr11	-	0	0		0		0		no
ENSMUST00000107364.7|ENSMUSG00000019173|Rab5c	Rab5c	chr11	-	0	0		0		0		no
ENSMUST00000017891.13|ENSMUSG00000017747|Ghdc	Ghdc	chr11	-	0	0		0		0		no
ENSMUST00000107358.8|ENSMUSG00000020919|Stat5b	Stat5b	chr11	-	0	0		0		0		no
ENSMUST00000004145.13|ENSMUSG00000004043|Stat5a	Stat5a	chr11	+	0	0		0		0		no
ENSMUST00000103114.7|ENSMUSG00000004040|Stat3	Stat3	chr11	-	0	0		0		0		no
ENSMUST00000060792.5|ENSMUSG00000004044|Cavin1	Cavin1	chr11	-	0	0		0		0		no
ENSMUST00000044721.12|ENSMUSG00000019302|Atp6v0a1	Atp6v0a1	chr11	+	0	0		0		0		no
ENSMUST00000001802.9|ENSMUSG00000001751|Naglu	Naglu	chr11	+	0	0		0		0		no
ENSMUST00000001806.9|ENSMUSG00000001755|Coasy	Coasy	chr11	+	0	0		0		0		no
ENSMUST00000107302.7|ENSMUSG00000017801|Mlx	Mlx	chr11	+	0	0		0		0		no
ENSMUST00000142545.1|ENSMUSG00000019303|Psmc3ip	Psmc3ip	chr11	-	0	0		0		0		no
ENSMUST00000107295.9|ENSMUSG00000017802|Retreg3	Retreg3	chr11	-	0	0		0		0		no
ENSMUST00000139200.7|ENSMUSG00000035172|Plekhh3	Plekhh3	chr11	-	0	0		0		0		no
ENSMUST00000107284.7|ENSMUSG00000006920|Ezh1	Ezh1	chr11	-	0	0		0		0		no
ENSMUST00000128260.8|ENSMUSG00000001240|Ramp2	Ramp2	chr11	+	0	0		0		0		no
ENSMUST00000144306.8|ENSMUSG00000078656|Vps25	Vps25	chr11	+	0	0		0		0		no
ENSMUST00000139487.7|ENSMUSG00000035112|Wnk4	Wnk4	chr11	+	0	0		0		0		no
ENSMUST00000017332.3|ENSMUSG00000017188|Coa3	Coa3	chr11	-	0	0		0		0		no
ENSMUST00000041403.11|ENSMUSG00000035086|Becn1	Becn1	chr11	-	0	0		0		0		no
ENSMUST00000019470.13|ENSMUSG00000078652|Psme3	Psme3	chr11	+	0	0		0		0		no
ENSMUST00000103105.9|ENSMUSG00000019326|Aoc3	Aoc3	chr11	+	0	0		0		0		no
ENSMUST00000107257.7|ENSMUSG00000097239|Gm27029	Gm27029	chr11	-	0	0		0		0		no
ENSMUST00000107252.8|ENSMUSG00000097487|Ptges3l	Ptges3l	chr11	-	0	0		0		0		no
ENSMUST00000040561.5|ENSMUSG00000035007|Rundc1	Rundc1	chr11	+	0	0		0		0		no
ENSMUST00000131024.1|ENSMUSG00000010358|Ifi35	Ifi35	chr11	+	0	0		0		0		no
ENSMUST00000001347.6|ENSMUSG00000001313|Rnd2	Rnd2	chr11	+	0	0		0		0		no
ENSMUST00000123558.7|ENSMUSG00000017119|Nbr1	Nbr1	chr11	+	0	0		0		0		no
ENSMUST00000039581.13|ENSMUSG00000034947|Tmem106a	Tmem106a	chr11	+	0	0		0		0		no
ENSMUST00000039388.2|ENSMUSG00000034936|Arl4d	Arl4d	chr11	+	0	0		0		0		no
ENSMUST00000039152.13|ENSMUSG00000034931|Dhx8	Dhx8	chr11	+	0	0		0		0		no
ENSMUST00000164750.7|ENSMUSG00000017724|Etv4	Etv4	chr11	-	0	0		0		0		no
ENSMUST00000057054.7|ENSMUSG00000001493|Meox1	Meox1	chr11	-	0	0		0		0		no
ENSMUST00000151678.7|ENSMUSG00000003518|Dusp3	Dusp3	chr11	-	0	0		0		0		no
ENSMUST00000017458.10|ENSMUSG00000017314|Mpp2	Mpp2	chr11	-	0	0		0		0		no
ENSMUST00000021296.6|ENSMUSG00000020921|Tmem101	Tmem101	chr11	-	0	0		0		0		no
ENSMUST00000107156.8|ENSMUSG00000020922|Lsm12	Lsm12	chr11	-	0	0		0		0		no
ENSMUST00000070334.9|ENSMUSG00000034793|G6pc3	G6pc3	chr11	+	0	0		0		0		no
ENSMUST00000036376.12|ENSMUSG00000034757|Tmub2	Tmub2	chr11	+	0	0		0		0		no
ENSMUST00000141516.7|ENSMUSG00000059995|Atxn7l3	Atxn7l3	chr11	-	0	0		0		0		no
ENSMUST00000174302.7|ENSMUSG00000020923|Ubtf	Ubtf	chr11	-	0	0		0		0		no
ENSMUST00000006750.7|ENSMUSG00000006575|Rundc3a	Rundc3a	chr11	+	0	0		0		0		no
ENSMUST00000134669.7|ENSMUSG00000018677|Slc25a39	Slc25a39	chr11	-	0	0		0		0		no
ENSMUST00000239431.1|ENSMUSG00000034708|Grn	Grn	chr11	+	0	0		0		0		no
ENSMUST00000049057.4|ENSMUSG00000034685|Fam171a2	Fam171a2	chr11	-	0	0		0		0		no
ENSMUST00000143842.1|ENSMUSG00000034621|Gpatch8	Gpatch8	chr11	-	0	0		0		0		no
ENSMUST00000107081.7|ENSMUSG00000078640|Gm11627	Gm11627	chr11	-	0	0		0		0		no
ENSMUST00000057893.6|ENSMUSG00000050288|Fzd2	Fzd2	chr11	+	0	0		0		0		no
ENSMUST00000092569.12|ENSMUSG00000020925|Ccdc43	Ccdc43	chr11	-	0	0		0		0		no
ENSMUST00000107075.8|ENSMUSG00000034520|Gjc1	Gjc1	chr11	-	0	0		0		0		no
ENSMUST00000138483.7|ENSMUSG00000020929|Eftud2	Eftud2	chr11	-	0	0		0		0		no
ENSMUST00000067444.9|ENSMUSG00000020932|Gfap	Gfap	chr11	-	1	1	8.8041842482235e-08	50	chr11:102887350-102887400(fdr=8.80e-08)	2	chr11:102888400-102888450(fdr=6.67e-04);chr11:102888450-102888500(fdr=1.36e-08)	yes
ENSMUST00000057849.5|ENSMUSG00000045532|C1ql1	C1ql1	chr11	-	0	0		0		0		no
ENSMUST00000021313.8|ENSMUSG00000020935|Dcakd	Dcakd	chr11	-	0	0		0		0		no
ENSMUST00000021314.7|ENSMUSG00000020936|Nmt1	Nmt1	chr11	+	0	0		0		0		no
ENSMUST00000128650.7|ENSMUSG00000020937|Plcd3	Plcd3	chr11	-	0	0		0		0		no
ENSMUST00000092559.12|ENSMUSG00000056938|Acbd4	Acbd4	chr11	+	0	0		0		0		no
ENSMUST00000053063.6|ENSMUSG00000048878|Hexim1	Hexim1	chr11	+	0	0		0		0		no
ENSMUST00000062530.4|ENSMUSG00000043372|Hexim2	Hexim2	chr11	+	0	0		0		0		no
ENSMUST00000021324.2|ENSMUSG00000020941|Map3k14	Map3k14	chr11	-	0	0		0		0		no
ENSMUST00000107024.7|ENSMUSG00000034255|Arhgap27	Arhgap27	chr11	-	0	0		0		0		no
ENSMUST00000184350.1|ENSMUSG00000034247|Plekhm1	Plekhm1	chr11	-	0	0		0		0		no
ENSMUST00000057870.3|ENSMUSG00000046215|Rprml	Rprml	chr11	+	0	0		0		0		no
ENSMUST00000021329.13|ENSMUSG00000020946|Gosr2	Gosr2	chr11	-	0	0		0		0		no
ENSMUST00000103075.10|ENSMUSG00000034187|Nsf	Nsf	chr11	-	0	0		0		0		no
ENSMUST00000057921.9|ENSMUSG00000062421|Arf2	Arf2	chr11	+	0	0		0		0		no
ENSMUST00000106992.9|ENSMUSG00000018411|Mapt	Mapt	chr11	+	0	0		0		0		no
ENSMUST00000106977.7|ENSMUSG00000018412|Kansl1	Kansl1	chr11	-	0	0		0		0		no
ENSMUST00000093923.8|ENSMUSG00000020687|Cdc27	Cdc27	chr11	-	0	0		0		0		no
ENSMUST00000021030.7|ENSMUSG00000020691|Mettl2	Mettl2	chr11	+	0	0		0		0		no
ENSMUST00000126175.7|ENSMUSG00000020694|Tlk2	Tlk2	chr11	+	0	0		0		0		no
ENSMUST00000100335.9|ENSMUSG00000020695|Mrc2	Mrc2	chr11	+	0	0		0		0		no
ENSMUST00000100330.9|ENSMUSG00000053580|Tanc2	Tanc2	chr11	+	0	0		0		0		no
ENSMUST00000019734.10|ENSMUSG00000019590|Cyb561	Cyb561	chr11	-	0	0		0		0		no
ENSMUST00000001963.13|ENSMUSG00000020681|Ace	Ace	chr11	+	0	0		0		0		no
ENSMUST00000058438.8|ENSMUSG00000049354|Dcaf7	Dcaf7	chr11	+	0	0		0		0		no
ENSMUST00000002048.7|ENSMUSG00000001983|Taco1	Taco1	chr11	+	0	0		0		0		no
ENSMUST00000002044.9|ENSMUSG00000020700|Map3k3	Map3k3	chr11	+	0	0		0		0		no
ENSMUST00000045923.9|ENSMUSG00000040699|Limd2	Limd2	chr11	-	0	0		0		0		no
ENSMUST00000002043.9|ENSMUSG00000078622|Ccdc47	Ccdc47	chr11	-	0	0		0		0		no
ENSMUST00000021046.5|ENSMUSG00000020705|Ddx42	Ddx42	chr11	+	0	0		0		0		no
ENSMUST00000021048.6|ENSMUSG00000020706|Ftsj3	Ftsj3	chr11	-	0	0		0		0		no
ENSMUST00000133131.1|ENSMUSG00000020708|Psmc5	Psmc5	chr11	+	0	0		0		0		no
ENSMUST00000106843.7|ENSMUSG00000078619|Smarcd2	Smarcd2	chr11	-	0	0		0		0		no
ENSMUST00000044228.10|ENSMUSG00000040592|Cd79b	Cd79b	chr11	-	0	0		0		0		no
ENSMUST00000001059.8|ENSMUSG00000020715|Ern1	Ern1	chr11	-	0	0		0		0		no
ENSMUST00000042780.13|ENSMUSG00000040548|Tex2	Tex2	chr11	-	0	0		0		0		no
ENSMUST00000103069.9|ENSMUSG00000020717|Pecam1	Pecam1	chr11	-	0	0		0		0		no
ENSMUST00000182023.1|ENSMUSG00000040528|Milr1	Milr1	chr11	+	0	0		0		0		no
ENSMUST00000133426.7|ENSMUSG00000020719|Ddx5	Ddx5	chr11	-	0	0		0		0		no
ENSMUST00000139297.7|ENSMUSG00000018363|Smurf2	Smurf2	chr11	-	0	0		0		0		no
ENSMUST00000145331.7|ENSMUSG00000018362|Kpna2	Kpna2	chr11	-	0	0		0		0		no
ENSMUST00000106767.2|ENSMUSG00000078607|1810010H24Rik	1810010H24Rik	chr11	+	0	0		0		0		no
ENSMUST00000057892.14|ENSMUSG00000040481|Bptf	Bptf	chr11	-	0	0		0		0		no
ENSMUST00000106757.7|ENSMUSG00000018433|Nol11	Nol11	chr11	-	0	0		0		0		no
ENSMUST00000103064.9|ENSMUSG00000040430|Pitpnc1	Pitpnc1	chr11	-	0	0		0		0		no
ENSMUST00000106746.7|ENSMUSG00000020721|Helz	Helz	chr11	+	0	0		0		0		no
ENSMUST00000021066.3|ENSMUSG00000020723|Cacng4	Cacng4	chr11	-	0	0		0		0		no
ENSMUST00000106742.7|ENSMUSG00000040373|Cacng5	Cacng5	chr11	-	0	0		0		0		no
ENSMUST00000059595.10|ENSMUSG00000050965|Prkca	Prkca	chr11	-	0	0		0		0		no
ENSMUST00000020930.13|ENSMUSG00000020611|Gna13	Gna13	chr11	+	0	0		0		0		no
ENSMUST00000092500.10|ENSMUSG00000020610|Amz2	Amz2	chr11	+	0	0		0		0		no
ENSMUST00000070152.11|ENSMUSG00000041920|Slc16a6	Slc16a6	chr11	-	0	0		0		0		no
ENSMUST00000106697.7|ENSMUSG00000020604|Arsg	Arsg	chr11	+	0	0		0		0		no
ENSMUST00000047186.9|ENSMUSG00000041895|Wipi1	Wipi1	chr11	-	0	0		0		0		no
ENSMUST00000106677.7|ENSMUSG00000020612|Prkar1a	Prkar1a	chr11	+	0	0		0		0		no
ENSMUST00000155559.7|ENSMUSG00000020614|Fam20a	Fam20a	chr11	-	0	0		0		0		no
ENSMUST00000100287.8|ENSMUSG00000041828|Abca8a	Abca8a	chr11	-	0	0		0		0		no
ENSMUST00000044850.3|ENSMUSG00000041797|Abca9	Abca9	chr11	-	0	0		0		0		no
ENSMUST00000106636.7|ENSMUSG00000051497|Kcnj16	Kcnj16	chr11	+	0	0		0		0		no
ENSMUST00000000579.2|ENSMUSG00000000567|Sox9	Sox9	chr11	+	0	0		0		0		no
ENSMUST00000071539.9|ENSMUSG00000041654|Slc39a11	Slc39a11	chr11	-	0	0		0		0		no
ENSMUST00000152653.7|ENSMUSG00000018661|Cog1	Cog1	chr11	+	0	0		0		0		no
ENSMUST00000120194.1|ENSMUSG00000041629|Fam104a	Fam104a	chr11	-	0	0		0		0		no
ENSMUST00000106616.1|ENSMUSG00000041598|Cdc42ep4	Cdc42ep4	chr11	-	0	0		0		0		no
ENSMUST00000045779.5|ENSMUSG00000034714|Ttyh2	Ttyh2	chr11	+	0	0		0		0		no
ENSMUST00000069325.13|ENSMUSG00000034706|Dnaic2	Dnaic2	chr11	+	0	0		0		0		no
ENSMUST00000000206.3|ENSMUSG00000000202|Btbd17	Btbd17	chr11	-	0	0		0		0		no
ENSMUST00000122967.2|ENSMUSG00000051043|Gprc5c	Gprc5c	chr11	+	0	0		0		0		no
ENSMUST00000106582.8|ENSMUSG00000034652|Cd300a	Cd300a	chr11	+	0	0		0		0		no
ENSMUST00000149663.3|ENSMUSG00000063193|Cd300lb	Cd300lb	chr11	-	0	0		0		0		no
ENSMUST00000045075.2|ENSMUSG00000034641|Cd300ld	Cd300ld	chr11	-	0	0		0		0		no
ENSMUST00000141188.1|ENSMUSG00000044811|Cd300c2	Cd300c2	chr11	-	0	0		0		0		no
ENSMUST00000106561.7|ENSMUSG00000047798|Cd300lf	Cd300lf	chr11	-	0	0		0		0		no
ENSMUST00000021077.3|ENSMUSG00000020733|Slc9a3r1	Slc9a3r1	chr11	+	0	0		0		0		no
ENSMUST00000100235.8|ENSMUSG00000045980|Tmem104	Tmem104	chr11	+	0	0		0		0		no
ENSMUST00000003351.12|ENSMUSG00000020734|Grin2c	Grin2c	chr11	-	0	0		0		0		no
ENSMUST00000021078.2|ENSMUSG00000018861|Fdxr	Fdxr	chr11	-	0	0		0		0		no
ENSMUST00000044152.12|ENSMUSG00000034586|Hid1	Hid1	chr11	-	0	0		0		0		no
ENSMUST00000053288.5|ENSMUSG00000050910|Cdr2l	Cdr2l	chr11	+	0	0		0		0		no
ENSMUST00000153983.7|ENSMUSG00000018858|Mrpl58	Mrpl58	chr11	+	0	0		0		0		no
ENSMUST00000106533.7|ENSMUSG00000016940|Kctd2	Kctd2	chr11	+	0	0		0		0		no
ENSMUST00000035240.6|ENSMUSG00000057219|Armc7	Armc7	chr11	+	0	0		0		0		no
ENSMUST00000106530.7|ENSMUSG00000020736|Nt5c	Nt5c	chr11	-	0	0		0		0		no
ENSMUST00000021083.6|ENSMUSG00000020737|Jpt1	Jpt1	chr11	-	0	0		0		0		no
ENSMUST00000021084.9|ENSMUSG00000020738|Sumo2	Sumo2	chr11	-	0	0		0		0		no
ENSMUST00000156173.7|ENSMUSG00000020740|Gga3	Gga3	chr11	-	0	0		0		0		no
ENSMUST00000058109.8|ENSMUSG00000046756|Mrps7	Mrps7	chr11	+	0	0		0		0		no
ENSMUST00000106507.8|ENSMUSG00000020743|Mif4gd	Mif4gd	chr11	-	0	0		0		0		no
ENSMUST00000021089.10|ENSMUSG00000020744|Slc25a19	Slc25a19	chr11	-	0	0		0		0		no
ENSMUST00000106499.7|ENSMUSG00000059923|Grb2	Grb2	chr11	-	0	0		0		0		no
ENSMUST00000093912.10|ENSMUSG00000020747|Tmem94	Tmem94	chr11	+	0	0		0		0		no
ENSMUST00000041684.10|ENSMUSG00000034471|Caskin2	Caskin2	chr11	-	0	0		0		0		no
ENSMUST00000154304.7|ENSMUSG00000020781|Tsen54	Tsen54	chr11	+	0	0		0		0		no
ENSMUST00000103032.10|ENSMUSG00000020782|Llgl2	Llgl2	chr11	+	0	0		0		0		no
ENSMUST00000152171.7|ENSMUSG00000048442|Smim5	Smim5	chr11	+	0	0		0		0		no
ENSMUST00000140991.1|ENSMUSG00000020755|Sap30bp	Sap30bp	chr11	+	0	0		0		0		no
ENSMUST00000106454.7|ENSMUSG00000016559|H3f3b	H3f3b	chr11	-	4	4	1.03942284473484e-06	200	chr11:116022500-116022550(fdr=1.04e-06);chr11:116022550-116022600(fdr=4.68e-04);chr11:116022600-116022650(fdr=6.53e-06);chr11:116022650-116022700(fdr=1.76e-05)	0		yes
ENSMUST00000021116.11|ENSMUSG00000020770|Unk	Unk	chr11	+	0	0		0		0		no
ENSMUST00000074628.12|ENSMUSG00000034341|Wbp2	Wbp2	chr11	-	0	0		0		0		no
ENSMUST00000106441.7|ENSMUSG00000020773|Trim47	Trim47	chr11	-	0	0		0		0		no
ENSMUST00000103031.7|ENSMUSG00000020776|Fbf1	Fbf1	chr11	-	0	0		0		0		no
ENSMUST00000148601.1|ENSMUSG00000020777|Acox1	Acox1	chr11	-	0	0		0		0		no
ENSMUST00000021130.6|ENSMUSG00000020778|Ten1	Ten1	chr11	+	0	0		0		0		no
ENSMUST00000106425.3|ENSMUSG00000020780|Srp68	Srp68	chr11	-	0	0		0		0		no
ENSMUST00000106411.9|ENSMUSG00000020792|Exoc7	Exoc7	chr11	-	0	0		0		0		no
ENSMUST00000149147.7|ENSMUSG00000052949|Rnf157	Rnf157	chr11	-	0	0		0		0		no
ENSMUST00000057676.6|ENSMUSG00000050628|Ubald2	Ubald2	chr11	+	0	0		0		0		no
ENSMUST00000106391.7|ENSMUSG00000015869|Prpsap1	Prpsap1	chr11	-	0	0		0		0		no
ENSMUST00000141798.3|ENSMUSG00000061878|Sphk1	Sphk1	chr11	+	0	0		0		0		no
ENSMUST00000082152.4|ENSMUSG00000020802|Ube2o	Ube2o	chr11	-	0	0		0		0		no
ENSMUST00000103029.9|ENSMUSG00000020806|Rhbdf2	Rhbdf2	chr11	-	0	0		0		0		no
ENSMUST00000021166.5|ENSMUSG00000020810|Cygb	Cygb	chr11	-	0	0		0		0		no
ENSMUST00000116318.2|ENSMUSG00000075410|Prcd	Prcd	chr11	+	0	0		0		0		no
ENSMUST00000079545.5|ENSMUSG00000057286|St6galnac2	St6galnac2	chr11	-	0	0		0		0		no
ENSMUST00000144398.1|ENSMUSG00000110170|St6galnac2	St6galnac2	chr11	-	0	0		0		0		no
ENSMUST00000047715.11|ENSMUSG00000020814|Mxra7	Mxra7	chr11	-	0	0		0		0		no
ENSMUST00000140349.7|ENSMUSG00000056962|Jmjd6	Jmjd6	chr11	-	0	0		0		0		no
ENSMUST00000092404.12|ENSMUSG00000034120|Srsf2	Srsf2	chr11	-	0	0		0		0		no
ENSMUST00000106365.8|ENSMUSG00000020818|Mfsd11	Mfsd11	chr11	+	0	0		0		0		no
ENSMUST00000103027.9|ENSMUSG00000043857|Mgat5b	Mgat5b	chr11	+	0	0		0		0		no
ENSMUST00000090433.5|ENSMUSG00000020823|Sec14l1	Sec14l1	chr11	+	0	0		0		0		no
ENSMUST00000093907.10|ENSMUSG00000059248|Septin9	Septin9	chr11	+	0	0		0		0		no
ENSMUST00000106344.7|ENSMUSG00000025571|Tnrc6c	Tnrc6c	chr11	+	0	0		0		0		no
ENSMUST00000131606.7|ENSMUSG00000025572|Tmc6	Tmc6	chr11	-	0	0		0		0		no
ENSMUST00000026649.13|ENSMUSG00000048277|Syngr2	Syngr2	chr11	+	0	0		0		0		no
ENSMUST00000026661.3|ENSMUSG00000025574|Tk1	Tk1	chr11	-	0	0		0		0		no
ENSMUST00000073388.12|ENSMUSG00000017718|Afmid	Afmid	chr11	+	0	0		0		0		no
ENSMUST00000033230.7|ENSMUSG00000017713|Tha1	Tha1	chr11	-	0	0		0		0		no
ENSMUST00000054002.3|ENSMUSG00000053113|Socs3	Socs3	chr11	-	0	0		0		0		no
ENSMUST00000017859.9|ENSMUSG00000017715|Pgs1	Pgs1	chr11	+	0	0		0		0		no
ENSMUST00000106302.8|ENSMUSG00000017132|Cyth1	Cyth1	chr11	-	0	0		0		0		no
ENSMUST00000017610.9|ENSMUSG00000017466|Timp2	Timp2	chr11	-	0	0		0		0		no
ENSMUST00000144529.1|ENSMUSG00000033880|Lgals3bp	Lgals3bp	chr11	-	0	0		0		0		no
ENSMUST00000106288.7|ENSMUSG00000025575|Cant1	Cant1	chr11	-	0	0		0		0		no
ENSMUST00000017590.8|ENSMUSG00000017446|C1qtnf1	C1qtnf1	chr11	+	0	0		0		0		no
ENSMUST00000026663.7|ENSMUSG00000025578|Cbx8	Cbx8	chr11	-	0	0		0		0		no
ENSMUST00000026665.7|ENSMUSG00000039989|Cbx4	Cbx4	chr11	-	0	0		0		0		no
ENSMUST00000036113.3|ENSMUSG00000039976|Tbc1d16	Tbc1d16	chr11	-	0	0		0		0		no
ENSMUST00000106250.7|ENSMUSG00000013483|Card14	Card14	chr11	+	0	0		0		0		no
ENSMUST00000136523.7|ENSMUSG00000005043|Sgsh	Sgsh	chr11	-	0	0		0		0		no
ENSMUST00000050880.7|ENSMUSG00000039908|Slc26a11	Slc26a11	chr11	+	0	0		0		0		no
ENSMUST00000131035.9|ENSMUSG00000070327|Rnf213	Rnf213	chr11	+	0	0		0		0		no
ENSMUST00000143817.7|ENSMUSG00000039850|Endov	Endov	chr11	+	0	0		0		0		no
ENSMUST00000026670.4|ENSMUSG00000025582|Nptx1	Nptx1	chr11	-	0	0		0		0		no
ENSMUST00000147781.7|ENSMUSG00000025583|Rptor	Rptor	chr11	+	0	0		0		0		no
ENSMUST00000026434.12|ENSMUSG00000025371|Chmp6	Chmp6	chr11	+	0	0		0		0		no
ENSMUST00000064307.9|ENSMUSG00000025375|Aatk	Aatk	chr11	-	0	0		0		0		no
ENSMUST00000106227.7|ENSMUSG00000039781|Cep131	Cep131	chr11	-	0	0		0		0		no
ENSMUST00000093901.11|ENSMUSG00000025377|Tepsin	Tepsin	chr11	-	0	0		0		0		no
ENSMUST00000106223.3|ENSMUSG00000078572|Ndufaf8	Ndufaf8	chr11	+	0	0		0		0		no
ENSMUST00000103018.10|ENSMUSG00000061306|Slc38a10	Slc38a10	chr11	-	0	0		0		0		no
ENSMUST00000131103.8|ENSMUSG00000062825|Actg1	Actg1	chr11	-	0	0		0		0		no
ENSMUST00000044271.14|ENSMUSG00000039703|Nploc4	Nploc4	chr11	-	0	0		0		0		no
ENSMUST00000058370.13|ENSMUSG00000049957|Ccdc137	Ccdc137	chr11	+	0	0		0		0		no
ENSMUST00000076921.6|ENSMUSG00000057594|Arl16	Arl16	chr11	-	0	0		0		0		no
ENSMUST00000106205.8|ENSMUSG00000025793|Hgs	Hgs	chr11	+	0	0		0		0		no
ENSMUST00000043627.7|ENSMUSG00000039640|Mrpl12	Mrpl12	chr11	+	0	0		0		0		no
ENSMUST00000026899.3|ENSMUSG00000025792|Slc25a10	Slc25a10	chr11	+	0	0		0		0		no
ENSMUST00000034913.4|ENSMUSG00000061111|Mcrip1	Mcrip1	chr11	-	0	0		0		0		no
ENSMUST00000026122.10|ENSMUSG00000025130|P4hb	P4hb	chr11	-	0	0		0		0		no
ENSMUST00000106197.9|ENSMUSG00000025132|Arhgdia	Arhgdia	chr11	-	0	0		0		7	chr11:120578600-120578650(fdr=1.47e-02);chr11:120578650-120578700(fdr=1.39e-03);chr11:120578700-120578750(fdr=1.17e-05);chr11:120578750-120578800(fdr=1.09e-03);chr11:120579000-120579050(fdr=3.15e-02);chr11:120579050-120579100(fdr=5.66e-03)	no
ENSMUST00000026125.2|ENSMUSG00000025134|Alyref	Alyref	chr11	-	0	0		0		0		no
ENSMUST00000026128.9|ENSMUSG00000025135|Anapc11	Anapc11	chr11	+	0	0		0		0		no
ENSMUST00000026129.15|ENSMUSG00000025137|Pcyt2	Pcyt2	chr11	-	0	0		0		0		no
ENSMUST00000058162.13|ENSMUSG00000051510|Mafg	Mafg	chr11	-	0	0		0		0		no
ENSMUST00000170556.7|ENSMUSG00000025140|Pycr1	Pycr1	chr11	-	0	0		0		0		no
ENSMUST00000106177.7|ENSMUSG00000042988|Notum	Notum	chr11	-	0	0		0		0		no
ENSMUST00000168947.1|ENSMUSG00000025142|Aspscr1	Aspscr1	chr11	+	0	0		0		0		no
ENSMUST00000106154.7|ENSMUSG00000025144|Cenpx	Cenpx	chr11	-	0	0		0		0		no
ENSMUST00000145781.7|ENSMUSG00000025145|Lrrc45	Lrrc45	chr11	+	0	0		0		0		no
ENSMUST00000018156.11|ENSMUSG00000018012|Rac3	Rac3	chr11	+	0	0		0		0		no
ENSMUST00000026148.8|ENSMUSG00000025150|Cbr2	Cbr2	chr11	-	0	0		0		0		no
ENSMUST00000105046.3|ENSMUSG00000078249|Hmga1b	Hmga1b	chr11	+	0	0		0		0		no
ENSMUST00000026156.7|ENSMUSG00000025158|Rfng	Rfng	chr11	-	0	0		0		0		no
ENSMUST00000153678.7|ENSMUSG00000025156|Gps1	Gps1	chr11	+	0	0		0		0		no
ENSMUST00000106135.7|ENSMUSG00000025155|Dus1l	Dus1l	chr11	-	0	0		0		0		no
ENSMUST00000055655.8|ENSMUSG00000025153|Fasn	Fasn	chr11	-	0	0		0		0		no
ENSMUST00000168579.7|ENSMUSG00000025161|Slc16a3	Slc16a3	chr11	+	0	0		0		0		no
ENSMUST00000026169.6|ENSMUSG00000025169|Ogfod3	Ogfod3	chr11	-	0	0		0		0		no
ENSMUST00000038831.14|ENSMUSG00000039307|Hexdc	Hexdc	chr11	+	0	0		0		0		no
ENSMUST00000106115.7|ENSMUSG00000039294|Cybc1	Cybc1	chr11	-	0	0		0		0		no
ENSMUST00000103015.3|ENSMUSG00000000056|Narf	Narf	chr11	+	0	0		0		0		no
ENSMUST00000106113.1|ENSMUSG00000039275|Foxk2	Foxk2	chr11	+	0	0		0		0		no
ENSMUST00000026173.12|ENSMUSG00000025173|Wdr45b	Wdr45b	chr11	-	0	0		0		0		no
ENSMUST00000106107.2|ENSMUSG00000025170|Rab40b	Rab40b	chr11	-	0	0		0		0		no
ENSMUST00000036742.13|ENSMUSG00000039208|Metrnl	Metrnl	chr11	+	0	0		0		0		no
ENSMUST00000021001.9|ENSMUSG00000020671|Rab10	Rab10	chr12	-	0	0		0		0		no
ENSMUST00000020999.6|ENSMUSG00000020668|Kif3c	Kif3c	chr12	+	0	0		0		0		no
ENSMUST00000138740.2|ENSMUSG00000037486|Asxl2	Asxl2	chr12	+	0	0		0		0		no
ENSMUST00000174483.7|ENSMUSG00000020661|Dnmt3a	Dnmt3a	chr12	+	0	0		0		0		no
ENSMUST00000020986.14|ENSMUSG00000020657|Dnajc27	Dnajc27	chr12	+	0	0		0		0		no
ENSMUST00000124505.7|ENSMUSG00000020654|Adcy3	Adcy3	chr12	+	0	0		0		0		no
ENSMUST00000140975.7|ENSMUSG00000020652|Cenpo	Cenpo	chr12	-	0	0		0		0		no
ENSMUST00000179139.2|ENSMUSG00000096199|Ptrhd1	Ptrhd1	chr12	+	0	0		0		0		no
ENSMUST00000046207.8|ENSMUSG00000037361|Sf3b6	Sf3b6	chr12	+	0	0		0		0		no
ENSMUST00000020964.6|ENSMUSG00000020635|Fkbp1b	Fkbp1b	chr12	-	0	0		0		0		no
ENSMUST00000141360.1|ENSMUSG00000020634|Ubxn2a	Ubxn2a	chr12	-	0	0		0		0		no
ENSMUST00000218305.1|ENSMUSG00000037669|Ldah	Ldah	chr12	+	0	0		0		0		no
ENSMUST00000020927.9|ENSMUSG00000020605|Hs1bp3	Hs1bp3	chr12	+	0	0		0		0		no
ENSMUST00000067384.5|ENSMUSG00000054364|Rhob	Rhob	chr12	-	0	0		0		0		no
ENSMUST00000020911.13|ENSMUSG00000020592|Sdc1	Sdc1	chr12	+	0	0		0		0		no
ENSMUST00000020909.3|ENSMUSG00000020585|Laptm4a	Laptm4a	chr12	+	0	0		0		0		no
ENSMUST00000160329.7|ENSMUSG00000066643|Wdr35	Wdr35	chr12	+	0	0		0		0		no
ENSMUST00000057021.8|ENSMUSG00000048387|Osr1	Osr1	chr12	+	0	0		0		0		no
ENSMUST00000020947.6|ENSMUSG00000020621|Rdh14	Rdh14	chr12	+	0	0		0		0		no
ENSMUST00000055673.1|ENSMUSG00000043673|Kcns3	Kcns3	chr12	-	0	0		0		0		no
ENSMUST00000218022.1|ENSMUSG00000020608|Smc6	Smc6	chr12	+	0	0		0		0		no
ENSMUST00000220506.1|ENSMUSG00000054459|Vsnl1	Vsnl1	chr12	-	0	0		0		0		no
ENSMUST00000069066.13|ENSMUSG00000020589|Fam49a	Fam49a	chr12	+	0	0		0		0		no
ENSMUST00000043396.14|ENSMUSG00000037169|Mycn	Mycn	chr12	-	0	0		0		0		no
ENSMUST00000071103.9|ENSMUSG00000037149|Ddx1	Ddx1	chr12	-	0	0		0		0		no
ENSMUST00000020926.7|ENSMUSG00000020607|Lratd1	Lratd1	chr12	-	0	0		0		0		no
ENSMUST00000020922.7|ENSMUSG00000020601|Trib2	Trib2	chr12	-	0	0		0		0		no
ENSMUST00000067124.5|ENSMUSG00000020593|Lpin1	Lpin1	chr12	-	0	0		0		0		no
ENSMUST00000221049.1|ENSMUSG00000020591|Ntsr2	Ntsr2	chr12	+	1	1	0.0078154132265009	13	chr12:16660050-16660100(fdr=7.82e-03)	0		yes
ENSMUST00000020904.7|ENSMUSG00000020580|Rock2	Rock2	chr12	+	0	0		0		0		no
ENSMUST00000057288.6|ENSMUSG00000020571|Pdia6	Pdia6	chr12	+	0	0		0		0		no
ENSMUST00000046011.11|ENSMUSG00000061458|Nol10	Nol10	chr12	+	0	0		0		0		no
ENSMUST00000222617.1|ENSMUSG00000011179|Odc1	Odc1	chr12	+	0	0		0		0		no
ENSMUST00000071858.4|ENSMUSG00000071379|Hpcal1	Hpcal1	chr12	+	0	0		0		0		no
ENSMUST00000232072.1|ENSMUSG00000062352|Itgb1bp1	Itgb1bp1	chr12	-	0	0		0		0		no
ENSMUST00000232526.1|ENSMUSG00000052593|Adam17	Adam17	chr12	-	0	0		0		0		no
ENSMUST00000221372.1|ENSMUSG00000059669|Taf1b	Taf1b	chr12	+	0	0		0		0		no
ENSMUST00000020982.6|ENSMUSG00000020653|Klf11	Klf11	chr12	+	0	0		0		0		no
ENSMUST00000156453.9|ENSMUSG00000062563|Cys1	Cys1	chr12	-	0	0		0		0		no
ENSMUST00000020980.11|ENSMUSG00000020649|Rrm2	Rrm2	chr12	+	0	0		0		0		no
ENSMUST00000222994.1|ENSMUSG00000020646|Mboat2	Mboat2	chr12	+	0	0		0		0		no
ENSMUST00000221761.1|ENSMUSG00000020644|Id2	Id2	chr12	-	0	0		0		0		no
ENSMUST00000020971.13|ENSMUSG00000020642|Rnf144a	Rnf144a	chr12	-	0	0		0		0		no
ENSMUST00000020969.4|ENSMUSG00000020638|Cmpk2	Cmpk2	chr12	+	0	0		0		0		no
ENSMUST00000074267.4|ENSMUSG00000061477|Rps7	Rps7	chr12	-	0	0		0		0		no
ENSMUST00000223322.1|ENSMUSG00000020630|Rnaseh1	Rnaseh1	chr12	+	0	0		0		0		no
ENSMUST00000020957.12|ENSMUSG00000020629|Adi1	Adi1	chr12	+	0	0		0		0		no
ENSMUST00000035657.8|ENSMUSG00000036613|Eipr1	Eipr1	chr12	+	0	0		0		0		no
ENSMUST00000049784.16|ENSMUSG00000061911|Myt1l	Myt1l	chr12	+	0	0		0		0		no
ENSMUST00000122328.7|ENSMUSG00000020674|Pxdn	Pxdn	chr12	+	0	0		0		0		no
ENSMUST00000057151.9|ENSMUSG00000043061|Tmem18	Tmem18	chr12	+	0	0		0		0		no
ENSMUST00000219697.1|ENSMUSG00000044573|Acp1	Acp1	chr12	-	0	0		0		0		no
ENSMUST00000110857.4|ENSMUSG00000020664|Dld	Dld	chr12	-	0	0		0		0		no
ENSMUST00000064240.13|ENSMUSG00000020659|Cbll1	Cbll1	chr12	-	0	0		0		0		no
ENSMUST00000177962.8|ENSMUSG00000020650|Bcap29	Bcap29	chr12	-	0	0		0		0		no
ENSMUST00000020977.3|ENSMUSG00000020648|Dus4l	Dus4l	chr12	-	0	0		0		0		no
ENSMUST00000036862.4|ENSMUSG00000035933|Cog5	Cog5	chr12	+	0	0		0		0		no
ENSMUST00000167458.8|ENSMUSG00000002996|Hbp1	Hbp1	chr12	-	0	0		0		0		no
ENSMUST00000003079.11|ENSMUSG00000002997|Prkar2b	Prkar2b	chr12	-	0	0		0		0		no
ENSMUST00000156904.7|ENSMUSG00000020573|Pik3cg	Pik3cg	chr12	-	0	0		0		0		no
ENSMUST00000172332.3|ENSMUSG00000090946|Ccdc71l	Ccdc71l	chr12	+	0	0		0		0		no
ENSMUST00000220200.1|ENSMUSG00000020572|Nampt	Nampt	chr12	+	0	0		0		0		no
ENSMUST00000144586.1|ENSMUSG00000020564|Atxn7l1	Atxn7l1	chr12	+	0	0		0		0		no
ENSMUST00000020877.8|ENSMUSG00000020561|Twistnb	Twistnb	chr12	+	0	0		0		0		no
ENSMUST00000049089.6|ENSMUSG00000035799|Twist1	Twist1	chr12	+	0	0		0		0		no
ENSMUST00000221272.1|ENSMUSG00000020590|Snx13	Snx13	chr12	+	0	0		0		0		no
ENSMUST00000110811.2|ENSMUSG00000019256|Ahr	Ahr	chr12	-	0	0		0		0		no
ENSMUST00000220641.1|ENSMUSG00000020577|Tspan13	Tspan13	chr12	-	0	0		0		0		no
ENSMUST00000020856.5|ENSMUSG00000020547|Bzw2	Bzw2	chr12	-	0	0		0		0		no
ENSMUST00000041640.4|ENSMUSG00000036188|Ankmy2	Ankmy2	chr12	+	0	0		0		0		no
ENSMUST00000041407.6|ENSMUSG00000036169|Sostdc1	Sostdc1	chr12	+	0	0		0		0		no
ENSMUST00000040500.8|ENSMUSG00000036095|Dgkb	Dgkb	chr12	+	0	0		0		0		no
ENSMUST00000095767.10|ENSMUSG00000004151|Etv1	Etv1	chr12	+	0	0		0		0		no
ENSMUST00000078481.13|ENSMUSG00000002565|Scin	Scin	chr12	-	0	0		0		0		no
ENSMUST00000171530.7|ENSMUSG00000001627|Ifrd1	Ifrd1	chr12	-	0	0		0		0		no
ENSMUST00000069692.9|ENSMUSG00000055917|Zfp277	Zfp277	chr12	-	0	0		0		0		no
ENSMUST00000037488.7|ENSMUSG00000035954|Dock4	Dock4	chr12	+	0	0		0		0		no
ENSMUST00000043884.5|ENSMUSG00000036295|Lrrn3	Lrrn3	chr12	-	0	0		0		0		no
ENSMUST00000015049.4|ENSMUSG00000014905|Dnajb9	Dnajb9	chr12	-	0	0		0		0		no
ENSMUST00000043082.15|ENSMUSG00000036257|Pnpla8	Pnpla8	chr12	+	0	0		0		0		no
ENSMUST00000217907.1|ENSMUSG00000020598|Nrcam	Nrcam	chr12	+	0	0		0		0		no
ENSMUST00000053768.13|ENSMUSG00000046314|Stxbp6	Stxbp6	chr12	-	0	0		0		0		no
ENSMUST00000021333.4|ENSMUSG00000020950|Foxg1	Foxg1	chr12	+	0	0		0		0		no
ENSMUST00000002765.8|ENSMUSG00000002688|Prkd1	Prkd1	chr12	-	0	0		0		0		no
ENSMUST00000054308.12|ENSMUSG00000035293|G2e3	G2e3	chr12	+	0	0		0		0		no
ENSMUST00000164782.9|ENSMUSG00000020953|Coch	Coch	chr12	+	0	0		0		0		no
ENSMUST00000013130.14|ENSMUSG00000020954|Strn3	Strn3	chr12	-	0	0		0		0		no
ENSMUST00000021338.9|ENSMUSG00000020955|Ap4s1	Ap4s1	chr12	+	0	0		0		0		no
ENSMUST00000042052.8|ENSMUSG00000035247|Hectd1	Hectd1	chr12	-	0	0		0		0		no
ENSMUST00000040583.6|ENSMUSG00000035181|Heatr5a	Heatr5a	chr12	-	0	0		0		0		no
ENSMUST00000021339.7|ENSMUSG00000020956|Dtd2	Dtd2	chr12	-	0	0		0		0		no
ENSMUST00000219443.1|ENSMUSG00000035133|Arhgap5	Arhgap5	chr12	+	0	0		0		0		no
ENSMUST00000039516.3|ENSMUSG00000035105|Egln3	Egln3	chr12	-	0	0		0		0		no
ENSMUST00000161592.7|ENSMUSG00000054302|Eapp	Eapp	chr12	-	0	0		0		0		no
ENSMUST00000223450.1|ENSMUSG00000062929|Cfl2	Cfl2	chr12	-	0	0		0		0		no
ENSMUST00000220578.1|ENSMUSG00000073079|Srp54a	Srp54a	chr12	+	0	0		0		0		no
ENSMUST00000177768.2|ENSMUSG00000095595|Fam177a	Fam177a	chr12	+	0	0		0		0		no
ENSMUST00000110708.3|ENSMUSG00000112449|Srp54b	Srp54b	chr12	+	0	0		0		0		no
ENSMUST00000177978.2|ENSMUSG00000094103|Fam177a2	Fam177a2	chr12	+	0	0		0		0		no
ENSMUST00000218879.1|ENSMUSG00000079108|Srp54c	Srp54c	chr12	+	0	0		0		0		no
ENSMUST00000021410.9|ENSMUSG00000021022|Ppp2r3c	Ppp2r3c	chr12	-	0	0		0		0		no
ENSMUST00000162711.1|ENSMUSG00000021024|Psma6	Psma6	chr12	+	0	0		0		0		no
ENSMUST00000021413.8|ENSMUSG00000021025|Nfkbia	Nfkbia	chr12	-	0	0		0		0		no
ENSMUST00000219419.1|ENSMUSG00000012076|Brms1l	Brms1l	chr12	+	0	0		0		0		no
ENSMUST00000218118.1|ENSMUSG00000021028|Mbip	Mbip	chr12	-	0	0		0		0		no
ENSMUST00000139049.1|ENSMUSG00000079104|Prps1l3	Prps1l3	chr12	+	0	0		0		0		no
ENSMUST00000062254.3|ENSMUSG00000045930|Clec14a	Clec14a	chr12	-	0	0		0		0		no
ENSMUST00000021375.11|ENSMUSG00000020986|Sec23a	Sec23a	chr12	-	0	0		0		0		no
ENSMUST00000021379.7|ENSMUSG00000060121|Gemin2	Gemin2	chr12	+	0	0		0		0		no
ENSMUST00000021381.5|ENSMUSG00000020994|Pnn	Pnn	chr12	+	0	0		0		0		no
ENSMUST00000176752.7|ENSMUSG00000021000|Mia2	Mia2	chr12	+	0	0		0		0		no
ENSMUST00000043204.7|ENSMUSG00000035329|Fbxo33	Fbxo33	chr12	-	0	0		0		0		no
ENSMUST00000222508.1|ENSMUSG00000020948|Klhl28	Klhl28	chr12	-	0	0		0		0		no
ENSMUST00000221836.1|ENSMUSG00000035614|Togaram1	Togaram1	chr12	+	0	0		0		0		no
ENSMUST00000129956.1|ENSMUSG00000035597|Prpf39	Prpf39	chr12	+	0	0		0		0		no
ENSMUST00000221166.1|ENSMUSG00000020949|Fkbp3	Fkbp3	chr12	-	0	0		0		0		no
ENSMUST00000223192.1|ENSMUSG00000113149|Gm49383	Gm49383	chr12	-	0	0		0		0		no
ENSMUST00000060579.9|ENSMUSG00000043998|Mgat2	Mgat2	chr12	+	0	0		0		0		no
ENSMUST00000021356.5|ENSMUSG00000020973|Dnaaf2	Dnaaf2	chr12	-	0	0		0		0		no
ENSMUST00000222699.1|ENSMUSG00000113786|Gm49384	Gm49384	chr12	-	0	0		0		0		no
ENSMUST00000021362.4|ENSMUSG00000020978|Klhdc2	Klhdc2	chr12	+	0	0		0		0		no
ENSMUST00000220484.1|ENSMUSG00000020982|Nemf	Nemf	chr12	-	0	0		0		0		no
ENSMUST00000050063.8|ENSMUSG00000044147|Arf6	Arf6	chr12	+	0	0		0		0		no
ENSMUST00000238220.1|ENSMUSG00000049882|Vcpkmt	Vcpkmt	chr12	-	0	0		0		0		no
ENSMUST00000035773.13|ENSMUSG00000034801|Sos2	Sos2	chr12	-	0	0		0		0		no
ENSMUST00000223387.1|ENSMUSG00000020988|L2hgdh	L2hgdh	chr12	-	0	0		0		0		no
ENSMUST00000220916.1|ENSMUSG00000054894|Dmac2l	Dmac2l	chr12	+	0	0		0		0		no
ENSMUST00000110567.7|ENSMUSG00000034761|Map4k5	Map4k5	chr12	-	0	0		0		0		no
ENSMUST00000021466.9|ENSMUSG00000021066|Atl1	Atl1	chr12	+	0	0		0		0		no
ENSMUST00000021467.7|ENSMUSG00000021067|Sav1	Sav1	chr12	-	0	0		0		0		no
ENSMUST00000221579.1|ENSMUSG00000021068|Nin	Nin	chr12	-	0	0		0		0		no
ENSMUST00000167755.2|ENSMUSG00000021071|Trim9	Trim9	chr12	-	0	0		0		0		no
ENSMUST00000021471.12|ENSMUSG00000021072|Tmx1	Tmx1	chr12	+	0	0		0		0		no
ENSMUST00000057859.8|ENSMUSG00000048285|Frmd6	Frmd6	chr12	+	0	0		0		0		no
ENSMUST00000220582.1|ENSMUSG00000021076|Actr10	Actr10	chr12	+	0	0		0		0		no
ENSMUST00000162626.7|ENSMUSG00000060073|Psma3	Psma3	chr12	+	0	0		0		0		no
ENSMUST00000046305.11|ENSMUSG00000048118|Arid4a	Arid4a	chr12	+	0	0		0		0		no
ENSMUST00000061273.11|ENSMUSG00000044548|Dact1	Dact1	chr12	+	0	0		0		0		no
ENSMUST00000223272.1|ENSMUSG00000034574|Daam1	Daam1	chr12	+	0	0		0		0		no
ENSMUST00000019862.2|ENSMUSG00000019718|L3hypdh	L3hypdh	chr12	-	0	0		0		0		no
ENSMUST00000117449.7|ENSMUSG00000005078|Jkamp	Jkamp	chr12	+	0	0		0		0		no
ENSMUST00000078505.13|ENSMUSG00000021087|Rtn1	Rtn1	chr12	-	0	0		0		0		no
ENSMUST00000044352.7|ENSMUSG00000034501|Pcnx4	Pcnx4	chr12	+	0	0		0		0		no
ENSMUST00000220821.1|ENSMUSG00000021094|Dhrs7	Dhrs7	chr12	-	0	0		0		0		no
ENSMUST00000021514.9|ENSMUSG00000021096|Ppm1a	Ppm1a	chr12	+	0	0		0		0		no
ENSMUST00000050029.7|ENSMUSG00000051367|Six1	Six1	chr12	-	0	0		0		0		no
ENSMUST00000189644.6|ENSMUSG00000021103|Mnat1	Mnat1	chr12	+	0	0		0		0		no
ENSMUST00000116420.3|ENSMUSG00000034442|Trmt5	Trmt5	chr12	-	0	0		0		0		no
ENSMUST00000042975.6|ENSMUSG00000034435|Tmem30b	Tmem30b	chr12	-	0	0		0		0		no
ENSMUST00000110461.7|ENSMUSG00000021109|Hif1a	Hif1a	chr12	+	0	0		0		0		no
ENSMUST00000110451.3|ENSMUSG00000044912|Syt16	Syt16	chr12	+	0	0		0		0		no
ENSMUST00000172981.1|ENSMUSG00000046768|Rhoj	Rhoj	chr12	+	0	0		0		0		no
ENSMUST00000218012.1|ENSMUSG00000021051|Ppp2r5e	Ppp2r5e	chr12	-	0	0		0		0		no
ENSMUST00000062370.8|ENSMUSG00000045690|Wdr89	Wdr89	chr12	-	0	0		0		0		no
ENSMUST00000132161.1|ENSMUSG00000063450|Syne2	Syne2	chr12	+	0	0		0		0		no
ENSMUST00000176102.7|ENSMUSG00000056459|Zbtb25	Zbtb25	chr12	-	0	0		0		0		no
ENSMUST00000042779.3|ENSMUSG00000033454|Zbtb1	Zbtb1	chr12	+	0	0		0		0		no
ENSMUST00000080449.6|ENSMUSG00000059970|Hspa2	Hspa2	chr12	+	0	0		0		0		no
ENSMUST00000075249.5|ENSMUSG00000052609|Plekhg3	Plekhg3	chr12	+	0	0		0		0		no
ENSMUST00000021458.12|ENSMUSG00000021061|Sptb	Sptb	chr12	-	0	0		0		0		no
ENSMUST00000110399.2|ENSMUSG00000090258|Churc1	Churc1	chr12	+	0	0		0		0		no
ENSMUST00000021459.13|ENSMUSG00000021062|Rab15	Rab15	chr12	-	0	0		0		0		no
ENSMUST00000110395.10|ENSMUSG00000059436|Max	Max	chr12	-	0	0		0		0		no
ENSMUST00000062804.7|ENSMUSG00000021065|Fut8	Fut8	chr12	+	0	0		0		0		no
ENSMUST00000052472.5|ENSMUSG00000047454|Gphn	Gphn	chr12	+	0	0		0		0		no
ENSMUST00000219197.1|ENSMUSG00000021112|Mpp5	Mpp5	chr12	+	0	0		0		0		no
ENSMUST00000021536.8|ENSMUSG00000021114|Atp6v1d	Atp6v1d	chr12	-	0	0		0		0		no
ENSMUST00000071230.7|ENSMUSG00000021116|Eif2s1	Eif2s1	chr12	+	0	0		0		0		no
ENSMUST00000070174.13|ENSMUSG00000046157|Tmem229b	Tmem229b	chr12	-	0	0		0		0		no
ENSMUST00000021550.6|ENSMUSG00000021125|Arg2	Arg2	chr12	+	0	0		0		0		no
ENSMUST00000162789.8|ENSMUSG00000021124|Vti1b	Vti1b	chr12	-	0	0		0		0		no
ENSMUST00000159500.1|ENSMUSG00000066441|Rdh11	Rdh11	chr12	-	0	0		0		0		no
ENSMUST00000021552.2|ENSMUSG00000021127|Zfp36l1	Zfp36l1	chr12	-	0	0		0		0		no
ENSMUST00000054145.7|ENSMUSG00000049106|Dcaf5	Dcaf5	chr12	-	0	0		0		0		no
ENSMUST00000219267.1|ENSMUSG00000021130|Galnt16	Galnt16	chr12	+	0	0		0		0		no
ENSMUST00000219706.1|ENSMUSG00000048833|Slc39a9	Slc39a9	chr12	+	0	0		0		0		no
ENSMUST00000073251.7|ENSMUSG00000062961|Ccdc177	Ccdc177	chr12	-	0	0		0		0		no
ENSMUST00000068519.6|ENSMUSG00000021133|Susd6	Susd6	chr12	+	0	0		0		0		no
ENSMUST00000094693.10|ENSMUSG00000021134|Srsf5	Srsf5	chr12	+	0	0		0		0		no
ENSMUST00000110347.8|ENSMUSG00000021136|Smoc1	Smoc1	chr12	+	0	0		0		0		no
ENSMUST00000085238.12|ENSMUSG00000079055|Slc8a3	Slc8a3	chr12	-	0	0		0		0		no
ENSMUST00000171459.7|ENSMUSG00000021139|Gm20498	Gm20498	chr12	-	0	0		0		0		no
ENSMUST00000164431.1|ENSMUSG00000090935|Synj2bp	Synj2bp	chr12	-	0	0		0		0		no
ENSMUST00000161598.7|ENSMUSG00000002679|Med6	Med6	chr12	-	0	0		0		0		no
ENSMUST00000218362.1|ENSMUSG00000042734|Ttc9	Ttc9	chr12	+	0	0		0		0		no
ENSMUST00000223291.1|ENSMUSG00000021222|Dcaf4	Dcaf4	chr12	+	0	0		0		0		no
ENSMUST00000221919.1|ENSMUSG00000042628|Zfyve1	Zfyve1	chr12	-	0	0		0		0		no
ENSMUST00000182450.7|ENSMUSG00000010608|Rbm25	Rbm25	chr12	+	0	0		0		0		no
ENSMUST00000101225.1|ENSMUSG00000019969|Psen1	Psen1	chr12	+	0	0		0		0		no
ENSMUST00000110298.8|ENSMUSG00000021224|Numb	Numb	chr12	-	0	0		0		0		no
ENSMUST00000053744.8|ENSMUSG00000046791|Riox1	Riox1	chr12	+	0	0		0		0		no
ENSMUST00000021649.7|ENSMUSG00000021226|Acot2	Acot2	chr12	+	0	0		0		0		no
ENSMUST00000168120.2|ENSMUSG00000072949|Acot1	Acot1	chr12	+	0	0		0		0		no
ENSMUST00000222606.1|ENSMUSG00000042472|Zfp410	Zfp410	chr12	+	0	0		0		0		no
ENSMUST00000152913.7|ENSMUSG00000021235|Coq6	Coq6	chr12	+	0	0		0		0		no
ENSMUST00000021662.11|ENSMUSG00000021236|Entpd5	Entpd5	chr12	-	0	0		0		0		no
ENSMUST00000183146.1|ENSMUSG00000098134|Rnf113a2	Rnf113a2	chr12	+	0	0		0		0		no
ENSMUST00000085192.6|ENSMUSG00000021238|Aldh6a1	Aldh6a1	chr12	-	0	0		0		0		no
ENSMUST00000137170.2|ENSMUSG00000085793|Lin52	Lin52	chr12	+	0	0		0		0		no
ENSMUST00000095550.3|ENSMUSG00000071234|Syndig1l	Syndig1l	chr12	-	0	0		0		0		no
ENSMUST00000021668.9|ENSMUSG00000021242|Npc2	Npc2	chr12	-	0	0		0		0		no
ENSMUST00000021667.6|ENSMUSG00000021241|Isca2	Isca2	chr12	+	0	0		0		0		no
ENSMUST00000002073.12|ENSMUSG00000002020|Ltbp2	Ltbp2	chr12	-	0	0		0		0		no
ENSMUST00000163231.7|ENSMUSG00000042350|Arel1	Arel1	chr12	-	0	0		0		0		no
ENSMUST00000164558.7|ENSMUSG00000021244|Ylpm1	Ylpm1	chr12	+	0	0		0		0		no
ENSMUST00000223332.1|ENSMUSG00000004789|Dlst	Dlst	chr12	+	0	0		0		0		no
ENSMUST00000019379.8|ENSMUSG00000019235|Rps6kl1	Rps6kl1	chr12	-	0	0		0		0		no
ENSMUST00000223220.1|ENSMUSG00000004791|Pgf	Pgf	chr12	-	0	0		0		0		no
ENSMUST00000004910.11|ENSMUSG00000004788|Eif2b2	Eif2b2	chr12	+	0	0		0		0		no
ENSMUST00000008966.12|ENSMUSG00000008822|Acyp1	Acyp1	chr12	-	0	0		0		0		no
ENSMUST00000040992.7|ENSMUSG00000034290|Nek9	Nek9	chr12	-	0	0		0		0		no
ENSMUST00000040766.8|ENSMUSG00000021248|Tmed10	Tmed10	chr12	-	0	0		0		0		no
ENSMUST00000021674.6|ENSMUSG00000021250|Fos	Fos	chr12	+	0	0		0		0		no
ENSMUST00000177587.8|ENSMUSG00000034271|Jdp2	Jdp2	chr12	+	0	0		0		0		no
ENSMUST00000040536.5|ENSMUSG00000034266|Batf	Batf	chr12	+	0	0		0		0		no
ENSMUST00000040461.3|ENSMUSG00000034258|Flvcr2	Flvcr2	chr12	+	0	0		0		0		no
ENSMUST00000021676.11|ENSMUSG00000021252|Erg28	Erg28	chr12	-	0	0		0		0		no
ENSMUST00000003687.7|ENSMUSG00000021253|Tgfb3	Tgfb3	chr12	-	0	0		0		0		no
ENSMUST00000221368.1|ENSMUSG00000021254|Gpatch2l	Gpatch2l	chr12	+	0	0		0		0		no
ENSMUST00000021682.8|ENSMUSG00000021257|Angel1	Angel1	chr12	-	0	0		0		0		no
ENSMUST00000038422.7|ENSMUSG00000034168|Irf2bpl	Irf2bpl	chr12	-	0	0		0		0		no
ENSMUST00000110176.1|ENSMUSG00000021032|Ngb	Ngb	chr12	-	0	0		0		0		no
ENSMUST00000222634.1|ENSMUSG00000034126|Pomt2	Pomt2	chr12	-	0	0		0		0		no
ENSMUST00000063117.9|ENSMUSG00000021033|Gstz1	Gstz1	chr12	+	0	0		0		0		no
ENSMUST00000037418.6|ENSMUSG00000034111|Tmed8	Tmed8	chr12	-	0	0		0		0		no
ENSMUST00000072744.14|ENSMUSG00000021038|Vipas39	Vipas39	chr12	-	0	0		0		0		no
ENSMUST00000021425.7|ENSMUSG00000021037|Ahsa1	Ahsa1	chr12	+	0	0		0		0		no
ENSMUST00000021424.4|ENSMUSG00000021036|Sptlc2	Sptlc2	chr12	-	0	0		0		0		no
ENSMUST00000160113.7|ENSMUSG00000079036|Alkbh1	Alkbh1	chr12	-	0	0		0		0		no
ENSMUST00000161023.7|ENSMUSG00000021040|Slirp	Slirp	chr12	+	0	0		0		0		no
ENSMUST00000021428.8|ENSMUSG00000021039|Snw1	Snw1	chr12	-	0	0		0		0		no
ENSMUST00000222695.1|ENSMUSG00000021044|Adck1	Adck1	chr12	+	0	0		0		0		no
ENSMUST00000082432.4|ENSMUSG00000007682|Dio2	Dio2	chr12	-	0	0		0		0		no
ENSMUST00000021345.13|ENSMUSG00000020962|Gtf2a1	Gtf2a1	chr12	-	0	0		0		0		no
ENSMUST00000052969.14|ENSMUSG00000020961|Ston2	Ston2	chr12	-	0	0		0		0		no
ENSMUST00000021347.11|ENSMUSG00000020964|Sel1l	Sel1l	chr12	-	0	0		0		0		no
ENSMUST00000057324.3|ENSMUSG00000047414|Flrt2	Flrt2	chr12	+	0	0		0		0		no
ENSMUST00000021390.8|ENSMUSG00000021003|Galc	Galc	chr12	-	0	0		0		0		no
ENSMUST00000075072.5|ENSMUSG00000021886|Gpr65	Gpr65	chr12	+	0	0		0		0		no
ENSMUST00000221148.1|ENSMUSG00000021009|Ptpn21	Ptpn21	chr12	-	0	0		0		0		no
ENSMUST00000223451.1|ENSMUSG00000021012|Zc3h14	Zc3h14	chr12	+	0	0		0		0		no
ENSMUST00000079146.12|ENSMUSG00000021013|Ttc8	Ttc8	chr12	+	0	0		0		0		no
ENSMUST00000222458.1|ENSMUSG00000033713|Foxn3	Foxn3	chr12	-	0	0		0		0		no
ENSMUST00000160413.7|ENSMUSG00000045404|Kcnk13	Kcnk13	chr12	+	0	0		0		0		no
ENSMUST00000021595.9|ENSMUSG00000021178|Psmc1	Psmc1	chr12	+	0	0		0		0		no
ENSMUST00000110082.10|ENSMUSG00000001175|Calm1	Calm1	chr12	+	0	0		0		0		no
ENSMUST00000062957.7|ENSMUSG00000033530|Ttc7b	Ttc7b	chr12	-	0	0		0		0		no
ENSMUST00000124957.1|ENSMUSG00000021185|Dglucy	Dglucy	chr12	+	0	0		0		0		no
ENSMUST00000021603.8|ENSMUSG00000021186|Fbln5	Fbln5	chr12	-	0	0		0		0		no
ENSMUST00000047357.9|ENSMUSG00000041781|Cpsf2	Cpsf2	chr12	+	0	0		0		0		no
ENSMUST00000110020.7|ENSMUSG00000021190|Lgmn	Lgmn	chr12	-	0	0		0		0		no
ENSMUST00000021609.9|ENSMUSG00000021192|Golga5	Golga5	chr12	+	0	0		0		0		no
ENSMUST00000021610.6|ENSMUSG00000021194|Chga	Chga	chr12	+	0	0		0		0		no
ENSMUST00000046518.11|ENSMUSG00000057963|Itpk1	Itpk1	chr12	-	0	0		0		0		no
ENSMUST00000174651.1|ENSMUSG00000041716|Gm20604	Gm20604	chr12	-	0	0		0		0		no
ENSMUST00000057416.7|ENSMUSG00000046675|Tmem251	Tmem251	chr12	+	0	0		0		0		no
ENSMUST00000173969.1|ENSMUSG00000091931|Gon7	Gon7	chr12	-	0	0		0		0		no
ENSMUST00000046404.7|ENSMUSG00000041712|Ubr7	Ubr7	chr12	+	0	0		0		0		no
ENSMUST00000223554.1|ENSMUSG00000041702|Btbd7	Btbd7	chr12	-	0	0		0		0		no
ENSMUST00000191218.6|ENSMUSG00000096753|Fam181a	Fam181a	chr12	+	0	0		0		0		no
ENSMUST00000179684.2|ENSMUSG00000021203|Otub2	Otub2	chr12	+	0	0		0		0		no
ENSMUST00000043315.14|ENSMUSG00000041481|Serpina3g	Serpina3g	chr12	+	0	0		0		0		no
ENSMUST00000021506.5|ENSMUSG00000021091|Serpina3n	Serpina3n	chr12	+	0	0		0		0		no
ENSMUST00000021522.4|ENSMUSG00000021102|Glrx5	Glrx5	chr12	+	0	0		0		0		no
ENSMUST00000178224.1|ENSMUSG00000094910|D430019H16Rik	D430019H16Rik	chr12	+	0	0		0		0		no
ENSMUST00000041229.4|ENSMUSG00000041347|Bdkrb1	Bdkrb1	chr12	+	0	0		0		0		no
ENSMUST00000221015.1|ENSMUSG00000041341|Atg2b	Atg2b	chr12	-	0	0		0		0		no
ENSMUST00000051934.6|ENSMUSG00000044715|Gskip	Gskip	chr12	+	0	0		0		0		no
ENSMUST00000169938.7|ENSMUSG00000021111|Papola	Papola	chr12	+	0	0		0		0		no
ENSMUST00000066060.10|ENSMUSG00000048251|Bcl11b	Bcl11b	chr12	-	0	0		0		0		no
ENSMUST00000132682.7|ENSMUSG00000056770|Setd3	Setd3	chr12	-	0	0		0		0		no
ENSMUST00000054955.13|ENSMUSG00000058070|Eml1	Eml1	chr12	+	0	0		0		0		no
ENSMUST00000077735.12|ENSMUSG00000021262|Evl	Evl	chr12	+	0	0		0		0		no
ENSMUST00000167978.8|ENSMUSG00000021263|Degs2	Degs2	chr12	-	0	0		0		0		no
ENSMUST00000021692.8|ENSMUSG00000021264|Yy1	Yy1	chr12	+	0	0		0		0		no
ENSMUST00000021693.3|ENSMUSG00000021265|Slc25a29	Slc25a29	chr12	-	0	0		0		0		no
ENSMUST00000220495.1|ENSMUSG00000040877|Wdr25	Wdr25	chr12	+	0	0		0		0		no
ENSMUST00000209829.1|ENSMUSG00000040867|Begain	Begain	chr12	-	0	0		0		0		no
ENSMUST00000018851.13|ENSMUSG00000018707|Dync1h1	Dync1h1	chr12	+	0	0		0		0		no
ENSMUST00000094361.10|ENSMUSG00000021270|Hsp90aa1	Hsp90aa1	chr12	-	0	0		0		0		no
ENSMUST00000084974.10|ENSMUSG00000056458|Mok	Mok	chr12	-	0	0		0		0		no
ENSMUST00000084968.13|ENSMUSG00000037896|Rcor1	Rcor1	chr12	+	0	0		0		0		no
ENSMUST00000117269.7|ENSMUSG00000021277|Traf3	Traf3	chr12	+	0	0		0		0		no
ENSMUST00000223050.1|ENSMUSG00000021280|Exoc3l4	Exoc3l4	chr12	+	0	0		0		0		no
ENSMUST00000174692.7|ENSMUSG00000021281|Tnfaip2	Tnfaip2	chr12	+	0	0		0		0		no
ENSMUST00000010673.6|ENSMUSG00000010529|Gm266	Gm266	chr12	-	0	0		0		0		no
ENSMUST00000222757.1|ENSMUSG00000021282|Eif5	Eif5	chr12	+	0	0		0		0		no
ENSMUST00000222870.1|ENSMUSG00000007411|Mark3	Mark3	chr12	+	0	0		0		0		no
ENSMUST00000001304.8|ENSMUSG00000001270|Ckb	Ckb	chr12	-	0	0		0		0		no
ENSMUST00000084947.9|ENSMUSG00000060950|Trmt61a	Trmt61a	chr12	+	0	0		0		0		no
ENSMUST00000054636.6|ENSMUSG00000049792|Bag5	Bag5	chr12	-	0	0		0		0		no
ENSMUST00000021714.8|ENSMUSG00000021286|Zfyve21	Zfyve21	chr12	+	0	0		0		0		no
ENSMUST00000054815.14|ENSMUSG00000021285|Ppp1r13b	Ppp1r13b	chr12	-	0	0		0		0		no
ENSMUST00000223184.1|ENSMUSG00000037686|Aspg	Aspg	chr12	+	0	0		0		0		no
ENSMUST00000128402.2|ENSMUSG00000021294|Kif26a	Kif26a	chr12	+	0	0		0		0		no
ENSMUST00000066791.6|ENSMUSG00000054013|Tmem179	Tmem179	chr12	-	0	0		0		0		no
ENSMUST00000180015.8|ENSMUSG00000011148|Adssl1	Adssl1	chr12	+	0	0		0		0		no
ENSMUST00000001780.9|ENSMUSG00000001729|Akt1	Akt1	chr12	-	0	0		0		0		no
ENSMUST00000101018.10|ENSMUSG00000072825|Cep170b	Cep170b	chr12	+	0	0		0		0		no
ENSMUST00000063888.4|ENSMUSG00000052160|Pld4	Pld4	chr12	+	0	0		0		0		no
ENSMUST00000128258.1|ENSMUSG00000072812|Ahnak2	Ahnak2	chr12	-	0	0		0		0		no
ENSMUST00000037014.10|ENSMUSG00000037594|Clba1	Clba1	chr12	+	0	0		0		0		no
ENSMUST00000062092.6|ENSMUSG00000047832|Cdca4	Cdca4	chr12	-	0	0		0		0		no
ENSMUST00000075827.4|ENSMUSG00000002799|Jag2	Jag2	chr12	-	0	0		0		0		no
ENSMUST00000221397.1|ENSMUSG00000002804|Nudt14	Nudt14	chr12	-	0	0		0		0		no
ENSMUST00000011302.8|ENSMUSG00000011158|Brf1	Brf1	chr12	-	0	0		0		0		no
ENSMUST00000223287.1|ENSMUSG00000002803|Btbd6	Btbd6	chr12	+	0	0		0		0		no
ENSMUST00000009099.12|ENSMUSG00000021144|Mta1	Mta1	chr12	+	0	0		0		0		no
ENSMUST00000084882.8|ENSMUSG00000006356|Crip2	Crip2	chr12	+	0	0		0		0		no
ENSMUST00000200553.1|ENSMUSG00000006360|Crip1	Crip1	chr12	+	0	0		0		0		no
ENSMUST00000058491.7|ENSMUSG00000049036|Tmem121	Tmem121	chr12	+	0	0		0		0		no
ENSMUST00000177715.7|ENSMUSG00000076617|Ighm	Ighm	chr12	-	0	0		0		0		no
ENSMUST00000220720.1|ENSMUSG00000021171|Esyt2	Esyt2	chr12	+	0	0		0		0		no
ENSMUST00000084828.4|ENSMUSG00000042029|Ncapg2	Ncapg2	chr12	+	0	0		0		0		no
ENSMUST00000109691.3|ENSMUSG00000041992|Rapgef5	Rapgef5	chr12	+	0	0		0		0		no
ENSMUST00000021592.15|ENSMUSG00000021175|Cdca7l	Cdca7l	chr12	+	0	0		0		0		no
ENSMUST00000026360.8|ENSMUSG00000025321|Itgb8	Itgb8	chr12	-	0	0		0		0		no
ENSMUST00000223396.1|ENSMUSG00000021218|Gdi2	Gdi2	chr13	+	0	0		0		0		no
ENSMUST00000096069.4|ENSMUSG00000033799|Tasor2	Tasor2	chr13	-	0	0		0		0		no
ENSMUST00000042288.7|ENSMUSG00000033781|Asb13	Asb13	chr13	+	0	0		0		0		no
ENSMUST00000099946.5|ENSMUSG00000021215|Net1	Net1	chr13	-	0	0		0		0		no
ENSMUST00000147180.1|ENSMUSG00000033715|Akr1c14	Akr1c14	chr13	+	0	0		0		0		no
ENSMUST00000091848.6|ENSMUSG00000045410|Akr1e1	Akr1e1	chr13	-	0	0		0		0		no
ENSMUST00000176098.7|ENSMUSG00000021147|Wdr37	Wdr37	chr13	-	0	0		0		0		no
ENSMUST00000021574.7|ENSMUSG00000021149|Gtpbp4	Gtpbp4	chr13	-	0	0		0		0		no
ENSMUST00000091829.3|ENSMUSG00000033499|Larp4b	Larp4b	chr13	+	0	0		0		0		no
ENSMUST00000174552.7|ENSMUSG00000048264|Dip2c	Dip2c	chr13	+	0	0		0		0		no
ENSMUST00000221290.1|ENSMUSG00000021311|Mtr	Mtr	chr13	-	0	0		0		0		no
ENSMUST00000222091.1|ENSMUSG00000050244|Heatr1	Heatr1	chr13	+	0	0		0		0		no
ENSMUST00000124888.7|ENSMUSG00000057554|Lgals8	Lgals8	chr13	-	0	0		0		0		no
ENSMUST00000071973.7|ENSMUSG00000057069|Ero1lb	Ero1lb	chr13	+	0	0		0		0		no
ENSMUST00000222958.1|ENSMUSG00000021306|Gpr137b	Gpr137b	chr13	-	0	0		0		0		no
ENSMUST00000005532.8|ENSMUSG00000005397|Nid1	Nid1	chr13	+	0	0		0		0		no
ENSMUST00000110559.2|ENSMUSG00000019726|Lyst	Lyst	chr13	+	0	0		0		0		no
ENSMUST00000021734.8|ENSMUSG00000021303|Gng4	Gng4	chr13	+	0	0		0		0		no
ENSMUST00000223483.1|ENSMUSG00000039242|B3galnt2	B3galnt2	chr13	+	0	0		0		0		no
ENSMUST00000159893.7|ENSMUSG00000039233|Tbce	Tbce	chr13	-	0	0		0		0		no
ENSMUST00000170957.2|ENSMUSG00000021302|Ggps1	Ggps1	chr13	-	0	0		0		0		no
ENSMUST00000222928.1|ENSMUSG00000039219|Arid4b	Arid4b	chr13	+	0	0		0		0		no
ENSMUST00000221168.1|ENSMUSG00000015671|Psma2	Psma2	chr13	+	0	0		0		0		no
ENSMUST00000038690.5|ENSMUSG00000039182|AW209491	AW209491	chr13	+	0	0		0		0		no
ENSMUST00000049744.3|ENSMUSG00000012429|Mplkip	Mplkip	chr13	+	0	0		0		0		no
ENSMUST00000009003.8|ENSMUSG00000008859|Rala	Rala	chr13	-	0	0		0		0		no
ENSMUST00000099735.5|ENSMUSG00000075054|Yae1d1	Yae1d1	chr13	-	0	0		0		0		no
ENSMUST00000072961.5|ENSMUSG00000041236|Vps41	Vps41	chr13	+	0	0		0		0		no
ENSMUST00000003345.9|ENSMUSG00000021314|Amph	Amph	chr13	+	0	0		0		0		no
ENSMUST00000197565.2|ENSMUSG00000003062|Stard3nl	Stard3nl	chr13	-	0	0		0		0		no
ENSMUST00000002885.7|ENSMUSG00000002808|Epdr1	Epdr1	chr13	-	0	0		0		0		no
ENSMUST00000222464.1|ENSMUSG00000021319|Sfrp4	Sfrp4	chr13	+	0	0		0		0		no
ENSMUST00000072519.6|ENSMUSG00000041112|Elmo1	Elmo1	chr13	+	0	0		0		0		no
ENSMUST00000021757.4|ENSMUSG00000021322|Aoah	Aoah	chr13	+	0	0		0		0		no
ENSMUST00000222544.1|ENSMUSG00000021326|Trim27	Trim27	chr13	+	0	0		0		0		no
ENSMUST00000225545.1|ENSMUSG00000036721|Zscan12	Zscan12	chr13	+	0	0		0		0		no
ENSMUST00000117721.7|ENSMUSG00000021327|Zkscan3	Zkscan3	chr13	-	0	0		0		0		no
ENSMUST00000062609.5|ENSMUSG00000054931|Zkscan4	Zkscan4	chr13	+	0	0		0		0		no
ENSMUST00000102977.3|ENSMUSG00000060639|H4c9	H4c9	chr13	-	0	0		0		0		no
ENSMUST00000050101.8|ENSMUSG00000046351|Zfp322a	Zfp322a	chr13	-	0	0		0		0		no
ENSMUST00000041782.3|ENSMUSG00000036376|Abt1	Abt1	chr13	-	0	0		0		0		no
ENSMUST00000079251.7|ENSMUSG00000058385|H2bc8	H2bc8	chr13	+	0	0		0		0		no
ENSMUST00000091704.6|ENSMUSG00000047246|H2bc6	H2bc6	chr13	-	0	0		0		0		no
ENSMUST00000171127.3|ENSMUSG00000069270|H2ac6	H2ac6	chr13	-	0	0		0		0		no
ENSMUST00000018246.5|ENSMUSG00000018102|H2bc4	H2bc4	chr13	+	0	0		0		0		no
ENSMUST00000151243.1|ENSMUSG00000006611|Hfe	Hfe	chr13	-	0	0		0		0		no
ENSMUST00000040914.2|ENSMUSG00000036181|H1f2	H1f2	chr13	+	0	0		0		0		no
ENSMUST00000019276.11|ENSMUSG00000019132|BC005537	BC005537	chr13	+	0	0		0		0		no
ENSMUST00000021773.12|ENSMUSG00000021340|Gpld1	Gpld1	chr13	+	0	0		0		0		no
ENSMUST00000021772.3|ENSMUSG00000021339|Mrs2	Mrs2	chr13	-	0	0		0		0		no
ENSMUST00000069614.6|ENSMUSG00000035910|Dcdc2a	Dcdc2a	chr13	+	0	0		0		0		no
ENSMUST00000057866.12|ENSMUSG00000048978|Nrsn1	Nrsn1	chr13	-	0	0		0		0		no
ENSMUST00000067230.5|ENSMUSG00000076431|Sox4	Sox4	chr13	-	0	0		0		0		no
ENSMUST00000047311.15|ENSMUSG00000038732|Mboat1	Mboat1	chr13	+	0	0		0		0		no
ENSMUST00000042834.3|ENSMUSG00000038462|Uqcrfs1	Uqcrfs1	chr13	-	0	0		0		0		no
ENSMUST00000221725.1|ENSMUSG00000069255|Dusp22	Dusp22	chr13	+	0	0		0		0		no
ENSMUST00000102946.7|ENSMUSG00000021357|Exoc2	Exoc2	chr13	-	0	0		0		0		no
ENSMUST00000170573.1|ENSMUSG00000090863|A530084C06Rik	A530084C06Rik	chr13	-	0	0		0		0		no
ENSMUST00000042118.10|ENSMUSG00000038415|Foxq1	Foxq1	chr13	+	0	0		0		0		no
ENSMUST00000042054.2|ENSMUSG00000038402|Foxf2	Foxf2	chr13	+	0	0		0		0		no
ENSMUST00000062292.4|ENSMUSG00000050295|Foxc1	Foxc1	chr13	+	0	0		0		0		no
ENSMUST00000179717.1|ENSMUSG00000038372|Gmds	Gmds	chr13	-	0	0		0		0		no
ENSMUST00000076352.7|ENSMUSG00000044734|Serpinb1a	Serpinb1a	chr13	-	0	0		0		0		no
ENSMUST00000017184.9|ENSMUSG00000042842|Serpinb6b	Serpinb6b	chr13	+	0	0		0		0		no
ENSMUST00000063191.13|ENSMUSG00000045827|Serpinb9	Serpinb9	chr13	+	0	0		0		0		no
ENSMUST00000058978.8|ENSMUSG00000046949|Nqo2	Nqo2	chr13	+	0	0		0		0		no
ENSMUST00000167374.8|ENSMUSG00000021408|Ripk1	Ripk1	chr13	+	0	0		0		0		no
ENSMUST00000075774.4|ENSMUSG00000045136|Tubb2b	Tubb2b	chr13	-	0	0		0		0		no
ENSMUST00000145038.7|ENSMUSG00000038267|Slc22a23	Slc22a23	chr13	-	0	0		0		0		no
ENSMUST00000125037.2|ENSMUSG00000021411|Pxdc1	Pxdc1	chr13	-	0	0		0		0		no
ENSMUST00000160905.1|ENSMUSG00000021415|4933417A18Rik	4933417A18Rik	chr13	+	0	0		0		0		no
ENSMUST00000225537.1|ENSMUSG00000050423|Ppp1r3g	Ppp1r3g	chr13	+	0	0		0		0		no
ENSMUST00000053265.7|ENSMUSG00000046573|Lyrm4	Lyrm4	chr13	-	0	0		0		0		no
ENSMUST00000224323.1|ENSMUSG00000039114|Nrn1	Nrn1	chr13	-	0	0		0		0		no
ENSMUST00000037491.9|ENSMUSG00000039109|F13a1	F13a1	chr13	-	0	0		0		0		no
ENSMUST00000021860.6|ENSMUSG00000021423|Ly86	Ly86	chr13	+	0	0		0		0		no
ENSMUST00000021864.7|ENSMUSG00000021427|Ssr1	Ssr1	chr13	-	0	0		0		0		no
ENSMUST00000171970.2|ENSMUSG00000039004|Bmp6	Bmp6	chr13	+	0	0		0		0		no
ENSMUST00000035988.15|ENSMUSG00000038991|Txndc5	Txndc5	chr13	-	0	0		0		0		no
ENSMUST00000035899.7|ENSMUSG00000038982|Bloc1s5	Bloc1s5	chr13	-	0	0		0		0		no
ENSMUST00000001757.8|ENSMUSG00000001707|Eef1e1	Eef1e1	chr13	-	0	0		0		0		no
ENSMUST00000225461.1|ENSMUSG00000021432|Slc35b3	Slc35b3	chr13	-	0	0		0		0		no
ENSMUST00000067778.7|ENSMUSG00000021360|Gcnt2	Gcnt2	chr13	+	0	0		0		0		no
ENSMUST00000046951.9|ENSMUSG00000038683|Pak1ip1	Pak1ip1	chr13	+	0	0		0		0		no
ENSMUST00000021790.6|ENSMUSG00000021361|Tmem14c	Tmem14c	chr13	+	0	0		0		0		no
ENSMUST00000021793.14|ENSMUSG00000021364|Elovl2	Elovl2	chr13	-	0	0		0		0		no
ENSMUST00000165561.3|ENSMUSG00000091264|Smim13	Smim13	chr13	+	0	0		0		0		no
ENSMUST00000021794.13|ENSMUSG00000021365|Nedd9	Nedd9	chr13	-	0	0		0		0		no
ENSMUST00000129449.2|ENSMUSG00000087370|Tmem170b	Tmem170b	chr13	+	0	0		0		0		no
ENSMUST00000220801.1|ENSMUSG00000021366|Hivep1	Hivep1	chr13	+	0	0		0		0		no
ENSMUST00000021796.8|ENSMUSG00000021367|Edn1	Edn1	chr13	+	0	0		0		0		no
ENSMUST00000148891.7|ENSMUSG00000054728|Phactr1	Phactr1	chr13	+	0	0		0		0		no
ENSMUST00000220645.1|ENSMUSG00000054021|Sirt5	Sirt5	chr13	+	0	0		0		0		no
ENSMUST00000222754.1|ENSMUSG00000063200|Nol7	Nol7	chr13	+	0	0		0		0		no
ENSMUST00000222239.1|ENSMUSG00000038546|Ranbp9	Ranbp9	chr13	-	0	0		0		0		no
ENSMUST00000021800.5|ENSMUSG00000021371|Mcur1	Mcur1	chr13	-	0	0		0		0		no
ENSMUST00000059986.2|ENSMUSG00000044164|Rnf182	Rnf182	chr13	+	0	0		0		0		no
ENSMUST00000015540.3|ENSMUSG00000015396|Cd83	Cd83	chr13	+	0	0		0		0		no
ENSMUST00000173003.1|ENSMUSG00000038518|Jarid2	Jarid2	chr13	+	0	0		0		0		no
ENSMUST00000222990.1|ENSMUSG00000057531|Dtnbp1	Dtnbp1	chr13	-	0	0		0		0		no
ENSMUST00000038275.10|ENSMUSG00000038175|Mylip	Mylip	chr13	+	0	0		0		0		no
ENSMUST00000000260.12|ENSMUSG00000000253|Gmpr	Gmpr	chr13	+	0	0		0		0		no
ENSMUST00000037923.4|ENSMUSG00000038132|Rbm24	Rbm24	chr13	+	0	0		0		0		no
ENSMUST00000021802.15|ENSMUSG00000021373|Cap2	Cap2	chr13	+	0	0		0		0		no
ENSMUST00000099547.3|ENSMUSG00000069237|Fam8a1	Fam8a1	chr13	+	0	0		0		0		no
ENSMUST00000021803.9|ENSMUSG00000021374|Nup153	Nup153	chr13	-	0	0		0		0		no
ENSMUST00000056978.7|ENSMUSG00000021375|Kif13a	Kif13a	chr13	-	0	0		0		0		no
ENSMUST00000052747.3|ENSMUSG00000044231|Nhlrc1	Nhlrc1	chr13	-	0	0		0		0		no
ENSMUST00000021806.10|ENSMUSG00000021376|Tpmt	Tpmt	chr13	-	0	0		0		0		no
ENSMUST00000037025.15|ENSMUSG00000038080|Kdm1b	Kdm1b	chr13	+	0	0		0		0		no
ENSMUST00000068891.11|ENSMUSG00000038068|Rnf144b	Rnf144b	chr13	+	0	0		0		0		no
ENSMUST00000021810.2|ENSMUSG00000021379|Id4	Id4	chr13	+	0	0		0		0		no
ENSMUST00000223025.1|ENSMUSG00000038042|Ptpdc1	Ptpdc1	chr13	-	0	0		0		0		no
ENSMUST00000035540.8|ENSMUSG00000038025|Phf2	Phf2	chr13	-	0	0		0		0		no
ENSMUST00000060805.6|ENSMUSG00000038014|Fam120a	Fam120a	chr13	-	0	0		0		0		no
ENSMUST00000049022.14|ENSMUSG00000037966|Ninj1	Ninj1	chr13	+	0	0		0		0		no
ENSMUST00000048544.13|ENSMUSG00000037933|Bicd2	Bicd2	chr13	+	0	0		0		0		no
ENSMUST00000222404.1|ENSMUSG00000113255|Tes3-ps	Tes3-ps	chr13	+	0	0		0		0		no
ENSMUST00000051504.7|ENSMUSG00000043631|Ecm2	Ecm2	chr13	+	0	0		0		0		no
ENSMUST00000021820.13|ENSMUSG00000021388|Aspn	Aspn	chr13	+	0	0		0		0		no
ENSMUST00000221170.1|ENSMUSG00000048368|Omd	Omd	chr13	+	0	0		0		0		no
ENSMUST00000021822.6|ENSMUSG00000021390|Ogn	Ogn	chr13	+	0	0		0		0		no
ENSMUST00000171510.1|ENSMUSG00000037851|Iars	Iars	chr13	+	0	0		0		0		no
ENSMUST00000095797.5|ENSMUSG00000021395|Spin1	Spin1	chr13	+	0	0		0		0		no
ENSMUST00000087978.4|ENSMUSG00000067586|S1pr3	S1pr3	chr13	+	0	0		0		0		no
ENSMUST00000223543.2|ENSMUSG00000021448|Shc3	Shc3	chr13	-	0	0		0		0		no
ENSMUST00000075853.5|ENSMUSG00000062248|Cks2	Cks2	chr13	+	0	0		0		0		no
ENSMUST00000110040.8|ENSMUSG00000021451|Sema4d	Sema4d	chr13	-	0	0		0		0		no
ENSMUST00000021903.2|ENSMUSG00000021453|Gadd45g	Gadd45g	chr13	+	0	0		0		0		no
ENSMUST00000057442.7|ENSMUSG00000047842|Diras2	Diras2	chr13	-	0	0		0		0		no
ENSMUST00000120135.7|ENSMUSG00000021457|Syk	Syk	chr13	+	0	0		0		0		no
ENSMUST00000071065.7|ENSMUSG00000056749|Nfil3	Nfil3	chr13	-	0	0		0		0		no
ENSMUST00000130235.7|ENSMUSG00000021464|Ror2	Ror2	chr13	-	0	0		0		0		no
ENSMUST00000021920.7|ENSMUSG00000021468|Sptlc1	Sptlc1	chr13	-	0	0		0		0		no
ENSMUST00000021930.9|ENSMUSG00000021474|Sfxn1	Sfxn1	chr13	+	0	0		0		0		no
ENSMUST00000026985.8|ENSMUSG00000025867|Cplx2	Cplx2	chr13	+	0	0		0		0		no
ENSMUST00000026990.5|ENSMUSG00000025872|Thoc3	Thoc3	chr13	-	0	0		0		0		no
ENSMUST00000138869.1|ENSMUSG00000043183|Simc1	Simc1	chr13	+	0	0		0		0		no
ENSMUST00000026989.14|ENSMUSG00000025871|4833439L19Rik	4833439L19Rik	chr13	-	0	0		0		0		no
ENSMUST00000142246.1|ENSMUSG00000025870|Arl10	Arl10	chr13	+	0	0		0		0		no
ENSMUST00000149462.1|ENSMUSG00000025869|Nop16	Nop16	chr13	-	0	0		0		0		no
ENSMUST00000026986.6|ENSMUSG00000025868|Higd2a	Higd2a	chr13	+	0	0		0		0		no
ENSMUST00000091609.10|ENSMUSG00000047547|Cltb	Cltb	chr13	-	0	0		0		0		no
ENSMUST00000153894.1|ENSMUSG00000025873|Faf2	Faf2	chr13	+	0	0		0		0		no
ENSMUST00000177950.7|ENSMUSG00000034928|Rnf44	Rnf44	chr13	-	0	0		0		0		no
ENSMUST00000135343.1|ENSMUSG00000069227|Gprin1	Gprin1	chr13	-	0	0		0		0		no
ENSMUST00000036825.13|ENSMUSG00000034891|Sncb	Sncb	chr13	-	0	0		0		0		no
ENSMUST00000026993.13|ENSMUSG00000025875|Tspan17	Tspan17	chr13	+	0	0		0		0		no
ENSMUST00000026994.13|ENSMUSG00000025876|Unc5a	Unc5a	chr13	+	0	0		0		0		no
ENSMUST00000132309.7|ENSMUSG00000025877|Hk3	Hk3	chr13	-	0	0		0		0		no
ENSMUST00000148702.7|ENSMUSG00000025878|Uimc1	Uimc1	chr13	-	0	0		0		0		no
ENSMUST00000162476.7|ENSMUSG00000021481|Zfp346	Zfp346	chr13	+	0	0		0		0		no
ENSMUST00000099490.2|ENSMUSG00000021488|Nsd1	Nsd1	chr13	+	0	0		0		0		no
ENSMUST00000035242.8|ENSMUSG00000034789|Rab24	Rab24	chr13	-	0	0		0		0		no
ENSMUST00000021942.7|ENSMUSG00000021486|Prelid1	Prelid1	chr13	+	0	0		0		0		no
ENSMUST00000021941.7|ENSMUSG00000021485|Mxd3	Mxd3	chr13	-	0	0		0		0		no
ENSMUST00000021940.7|ENSMUSG00000021484|Lman2	Lman2	chr13	-	0	0		0		0		no
ENSMUST00000063771.13|ENSMUSG00000052087|Rgs14	Rgs14	chr13	+	0	0		0		0		no
ENSMUST00000225925.1|ENSMUSG00000074886|Grk6	Grk6	chr13	+	0	0		0		0		no
ENSMUST00000109923.8|ENSMUSG00000034675|Dbn1	Dbn1	chr13	-	0	0		0		0		no
ENSMUST00000155098.7|ENSMUSG00000021493|Pdlim7	Pdlim7	chr13	-	0	0		0		0		no
ENSMUST00000109905.4|ENSMUSG00000058569|Tmed9	Tmed9	chr13	+	0	0		0		0		no
ENSMUST00000100764.9|ENSMUSG00000021504|B4galt7	B4galt7	chr13	+	0	0		0		0		no
ENSMUST00000021963.4|ENSMUSG00000021501|Caml	Caml	chr13	+	0	0		0		0		no
ENSMUST00000172272.7|ENSMUSG00000021500|Ddx46	Ddx46	chr13	+	0	0		0		0		no
ENSMUST00000057844.9|ENSMUSG00000045767|B230219D22Rik	B230219D22Rik	chr13	+	0	0		0		0		no
ENSMUST00000021959.10|ENSMUSG00000021497|Txndc15	Txndc15	chr13	+	0	0		0		0		no
ENSMUST00000016081.12|ENSMUSG00000015937|Macroh2a1	Macroh2a1	chr13	-	0	0		0		0		no
ENSMUST00000169652.2|ENSMUSG00000049625|Tifab	Tifab	chr13	-	0	0		0		0		no
ENSMUST00000224801.1|ENSMUSG00000021508|Cxcl14	Cxcl14	chr13	-	0	0		0		0		no
ENSMUST00000225600.1|ENSMUSG00000035493|Tgfbi	Tgfbi	chr13	+	0	0		0		0		no
ENSMUST00000069557.13|ENSMUSG00000021540|Smad5	Smad5	chr13	+	0	0		0		0		no
ENSMUST00000185502.6|ENSMUSG00000056222|Spock1	Spock1	chr13	-	0	0		0		0		no
ENSMUST00000007980.6|ENSMUSG00000007836|Hnrnpa0	Hnrnpa0	chr13	-	0	0		0		0		no
ENSMUST00000058735.11|ENSMUSG00000005312|Ubqln1	Ubqln1	chr13	-	0	0		0		0		no
ENSMUST00000091579.5|ENSMUSG00000021552|Gkap1	Gkap1	chr13	-	0	0		0		0		no
ENSMUST00000022032.6|ENSMUSG00000021550|2210016F16Rik	2210016F16Rik	chr13	-	0	0		0		0		no
ENSMUST00000225031.1|ENSMUSG00000021546|Hnrnpk	Hnrnpk	chr13	-	0	0		0		0		no
ENSMUST00000042450.9|ENSMUSG00000035367|Rmi1	Rmi1	chr13	+	0	0		0		0		no
ENSMUST00000223636.1|ENSMUSG00000055254|Ntrk2	Ntrk2	chr13	+	8	8	1.28143473578015e-08	400	chr13:58932750-58932800(fdr=6.06e-05);chr13:58932800-58932850(fdr=9.40e-07);chr13:58932850-58932900(fdr=1.28e-08);chr13:58932950-58933000(fdr=7.65e-05);chr13:58935600-58935650(fdr=3.26e-02);chr13:58935850-58935900(fdr=2.26e-04)	0		yes
ENSMUST00000169745.7|ENSMUSG00000021557|Agtpbp1	Agtpbp1	chr13	-	0	0		0		0		no
ENSMUST00000164011.7|ENSMUSG00000021555|Naa35	Naa35	chr13	+	0	0		0		0		no
ENSMUST00000022039.6|ENSMUSG00000021556|Golm1	Golm1	chr13	-	0	0		0		0		no
ENSMUST00000225581.1|ENSMUSG00000114763|Gm49354	Gm49354	chr13	-	0	0		0		0		no
ENSMUST00000065086.5|ENSMUSG00000052957|Gas1	Gas1	chr13	-	0	0		0		0		no
ENSMUST00000224789.1|ENSMUSG00000021559|Dapk1	Dapk1	chr13	+	0	0		0		0		no
ENSMUST00000225802.1|ENSMUSG00000114432|Gm49391	Gm49391	chr13	-	0	0		0		0		no
ENSMUST00000224054.1|ENSMUSG00000044258|Ctla2a	Ctla2a	chr13	-	0	0		0		0		no
ENSMUST00000223247.1|ENSMUSG00000113450|Gm49359	Gm49359	chr13	-	0	0		0		0		no
ENSMUST00000076195.6|ENSMUSG00000055228|Zfp935	Zfp935	chr13	-	0	0		0		0		no
ENSMUST00000201563.3|ENSMUSG00000072066|6720489N17Rik	6720489N17Rik	chr13	-	0	0		0		0		no
ENSMUST00000073029.12|ENSMUSG00000021461|Fancc	Fancc	chr13	-	0	0		0		0		no
ENSMUST00000059817.11|ENSMUSG00000044934|Zfp367	Zfp367	chr13	-	0	0		0		0		no
ENSMUST00000222570.1|ENSMUSG00000021482|Prxl2c	Prxl2c	chr13	-	0	0		0		0		no
ENSMUST00000222517.1|ENSMUSG00000021477|Ctsl	Ctsl	chr13	-	0	0		0		0		no
ENSMUST00000155487.7|ENSMUSG00000038212|Mfsd14b	Mfsd14b	chr13	-	0	0		0		0		no
ENSMUST00000130799.7|ENSMUSG00000021514|Zfp369	Zfp369	chr13	+	0	0		0		0		no
ENSMUST00000173910.1|ENSMUSG00000021519|Mterf3	Mterf3	chr13	-	0	0		0		0		no
ENSMUST00000224244.1|ENSMUSG00000021518|Ptdss1	Ptdss1	chr13	+	0	0		0		0		no
ENSMUST00000181071.7|ENSMUSG00000078994|Zfp429	Zfp429	chr13	-	0	0		0		0		no
ENSMUST00000171518.7|ENSMUSG00000071291|Zfp58	Zfp58	chr13	-	0	0		0		0		no
ENSMUST00000167914.1|ENSMUSG00000097565|Gm26965	Gm26965	chr13	-	0	0		0		0		no
ENSMUST00000181892.8|ENSMUSG00000095432|Zfp748	Zfp748	chr13	-	0	0		0		0		no
ENSMUST00000073157.14|ENSMUSG00000071281|Zfp65	Zfp65	chr13	-	0	0		0		0		no
ENSMUST00000223101.1|ENSMUSG00000034617|Mtrr	Mtrr	chr13	-	0	0		0		0		no
ENSMUST00000223319.1|ENSMUSG00000021532|Fastkd3	Fastkd3	chr13	+	0	0		0		0		no
ENSMUST00000022007.7|ENSMUSG00000021534|1700001L19Rik	1700001L19Rik	chr13	+	0	0		0		0		no
ENSMUST00000022013.7|ENSMUSG00000021536|Adcy2	Adcy2	chr13	-	0	0		0		0		no
ENSMUST00000198607.4|ENSMUSG00000034575|Tent4a	Tent4a	chr13	-	0	0		0		0		no
ENSMUST00000022087.6|ENSMUSG00000021595|Nsun2	Nsun2	chr13	+	0	0		0		0		no
ENSMUST00000091514.5|ENSMUSG00000021594|Srd5a1	Srd5a1	chr13	-	0	0		0		0		no
ENSMUST00000065118.6|ENSMUSG00000052981|Ube2ql1	Ube2ql1	chr13	-	0	0		0		0		no
ENSMUST00000022089.9|ENSMUSG00000021598|Med10	Med10	chr13	+	0	0		0		0		no
ENSMUST00000147407.1|ENSMUSG00000021606|Ndufs6	Ndufs6	chr13	-	0	0		0		0		no
ENSMUST00000022098.9|ENSMUSG00000021607|Mrpl36	Mrpl36	chr13	+	0	0		0		0		no
ENSMUST00000123766.7|ENSMUSG00000021608|Lpcat1	Lpcat1	chr13	+	0	0		0		0		no
ENSMUST00000022102.8|ENSMUSG00000021610|Clptm1l	Clptm1l	chr13	+	0	0		0		0		no
ENSMUST00000022051.13|ENSMUSG00000021567|Nkd2	Nkd2	chr13	-	0	0		0		0		no
ENSMUST00000222156.1|ENSMUSG00000021569|Trip13	Trip13	chr13	-	0	0		0		0		no
ENSMUST00000022057.8|ENSMUSG00000021573|Tppp	Tppp	chr13	+	0	0		0		0		no
ENSMUST00000222213.1|ENSMUSG00000034152|Exoc3	Exoc3	chr13	-	0	0		0		0		no
ENSMUST00000022060.6|ENSMUSG00000021576|Pdcd6	Pdcd6	chr13	-	0	0		0		0		no
ENSMUST00000022062.7|ENSMUSG00000021577|Sdha	Sdha	chr13	-	0	0		0		0		no
ENSMUST00000022063.13|ENSMUSG00000021578|Ccdc127	Ccdc127	chr13	+	0	0		0		0		no
ENSMUST00000022064.4|ENSMUSG00000021579|Lrrc14b	Lrrc14b	chr13	-	0	0		0		0		no
ENSMUST00000202645.3|ENSMUSG00000069208|Zfp825	Zfp825	chr13	-	0	0		0		0		no
ENSMUST00000169114.2|ENSMUSG00000021583|Erap1	Erap1	chr13	+	0	0		0		0		no
ENSMUST00000222588.1|ENSMUSG00000021585|Cast	Cast	chr13	-	0	0		0		0		no
ENSMUST00000220572.1|ENSMUSG00000001542|Ell2	Ell2	chr13	+	0	0		0		0		no
ENSMUST00000223120.1|ENSMUSG00000021591|Glrx	Glrx	chr13	+	0	0		0		0		no
ENSMUST00000220939.1|ENSMUSG00000021589|Rhobtb3	Rhobtb3	chr13	-	0	0		0		0		no
ENSMUST00000223579.2|ENSMUSG00000021592|Arsk	Arsk	chr13	-	0	0		0		0		no
ENSMUST00000125209.7|ENSMUSG00000021596|Mctp1	Mctp1	chr13	+	0	0		0		0		no
ENSMUST00000162921.7|ENSMUSG00000021597|Slf1	Slf1	chr13	-	0	0		0		0		no
ENSMUST00000091458.12|ENSMUSG00000069171|Nr2f1	Nr2f1	chr13	-	0	0		0		0		no
ENSMUST00000159690.7|ENSMUSG00000074794|Arrdc3	Arrdc3	chr13	+	0	0		0		0		no
ENSMUST00000223862.1|ENSMUSG00000035762|Tmem161b	Tmem161b	chr13	+	0	0		0		0		no
ENSMUST00000022030.10|ENSMUSG00000021548|Ccnh	Ccnh	chr13	+	0	0		0		0		no
ENSMUST00000109552.2|ENSMUSG00000021549|Rasa1	Rasa1	chr13	-	0	0		0		0		no
ENSMUST00000078764.8|ENSMUSG00000017778|Cox7c	Cox7c	chr13	-	0	0		0		0		no
ENSMUST00000081769.12|ENSMUSG00000034488|Edil3	Edil3	chr13	+	0	0		0		0		no
ENSMUST00000022108.8|ENSMUSG00000021613|Hapln1	Hapln1	chr13	+	0	0		0		0		no
ENSMUST00000051955.8|ENSMUSG00000049517|Rps23	Rps23	chr13	+	0	0		0		0		no
ENSMUST00000224449.1|ENSMUSG00000021619|Atg10	Atg10	chr13	-	0	0		0		0		no
ENSMUST00000022121.12|ENSMUSG00000021621|Zcchc9	Zcchc9	chr13	-	0	0		0		0		no
ENSMUST00000191550.6|ENSMUSG00000014850|Msh3	Msh3	chr13	-	0	0		0		0		no
ENSMUST00000022218.5|ENSMUSG00000021707|Dhfr	Dhfr	chr13	+	0	0		0		0		no
ENSMUST00000225299.1|ENSMUSG00000034334|Fam151b	Fam151b	chr13	-	0	0		0		0		no
ENSMUST00000022217.8|ENSMUSG00000021706|Zfyve16	Zfyve16	chr13	-	0	0		0		0		no
ENSMUST00000049488.8|ENSMUSG00000021703|Serinc5	Serinc5	chr13	+	0	0		0		0		no
ENSMUST00000225868.1|ENSMUSG00000042167|Tent2	Tent2	chr13	-	0	0		0		0		no
ENSMUST00000091403.5|ENSMUSG00000042082|Arsb	Arsb	chr13	+	0	0		0		2	chr13:93941250-93941300(fdr=7.70e-03);chr13:93941300-93941350(fdr=1.03e-06)	no
ENSMUST00000054274.7|ENSMUSG00000045312|Lhfpl2	Lhfpl2	chr13	+	0	0		0		0		no
ENSMUST00000022197.14|ENSMUSG00000021687|Scamp1	Scamp1	chr13	-	0	0		0		0		no
ENSMUST00000022196.4|ENSMUSG00000021686|Ap3b1	Ap3b1	chr13	+	0	0		0		0		no
ENSMUST00000056512.13|ENSMUSG00000042015|Wdr41	Wdr41	chr13	+	0	0		0		0		no
ENSMUST00000221807.1|ENSMUSG00000041995|Zbed3	Zbed3	chr13	+	0	0		0		0		no
ENSMUST00000022189.8|ENSMUSG00000021681|Aggf1	Aggf1	chr13	-	0	0		0		0		no
ENSMUST00000059193.6|ENSMUSG00000048376|F2r	F2r	chr13	-	0	0		0		0		no
ENSMUST00000068603.7|ENSMUSG00000021676|Iqgap2	Iqgap2	chr13	-	0	0		0		0		no
ENSMUST00000220449.1|ENSMUSG00000114133|Gm20075	Gm20075	chr13	-	0	0		0		0		no
ENSMUST00000099295.5|ENSMUSG00000021671|Poc5	Poc5	chr13	+	0	0		0		0		no
ENSMUST00000168855.1|ENSMUSG00000021670|Hmgcr	Hmgcr	chr13	-	0	0		0		0		no
ENSMUST00000071118.6|ENSMUSG00000057762|Gm6169	Gm6169	chr13	-	0	0		0		0		no
ENSMUST00000073456.8|ENSMUSG00000060739|Nsa2	Nsa2	chr13	-	0	0		0		0		no
ENSMUST00000022169.9|ENSMUSG00000021665|Hexb	Hexb	chr13	-	0	0		0		0		no
ENSMUST00000040972.3|ENSMUSG00000041747|Utp15	Utp15	chr13	-	0	0		0		0		no
ENSMUST00000091356.10|ENSMUSG00000021661|Ankra2	Ankra2	chr13	+	0	0		0		0		no
ENSMUST00000022163.14|ENSMUSG00000021660|Btf3	Btf3	chr13	-	0	0		0		0		no
ENSMUST00000105098.5|ENSMUSG00000078302|Foxd1	Foxd1	chr13	+	0	0		0		0		no
ENSMUST00000099277.11|ENSMUSG00000041685|Fcho2	Fcho2	chr13	-	0	0		0		0		no
ENSMUST00000109399.8|ENSMUSG00000009470|Tnpo1	Tnpo1	chr13	-	0	0		0		0		no
ENSMUST00000056558.9|ENSMUSG00000050919|Zfp366	Zfp366	chr13	+	0	0		0		0		no
ENSMUST00000022153.7|ENSMUSG00000021650|Ptcd2	Ptcd2	chr13	-	0	0		0		0		no
ENSMUST00000052249.6|ENSMUSG00000041632|Mrps27	Mrps27	chr13	+	0	0		0		0		no
ENSMUST00000064762.5|ENSMUSG00000052727|Map1b	Map1b	chr13	-	0	0		0		0		no
ENSMUST00000129014.1|ENSMUSG00000021643|Serf1	Serf1	chr13	+	0	0		0		0		no
ENSMUST00000134842.7|ENSMUSG00000021639|Gtf2h2	Gtf2h2	chr13	-	0	0		0		0		no
ENSMUST00000069756.10|ENSMUSG00000021638|Ocln	Ocln	chr13	-	0	0		0		0		no
ENSMUST00000226050.1|ENSMUSG00000021635|Rad17	Rad17	chr13	-	0	0		0		0		no
ENSMUST00000190729.1|ENSMUSG00000078941|Ak6	Ak6	chr13	+	0	0		0		0		no
ENSMUST00000190594.1|ENSMUSG00000052293|Taf9	Taf9	chr13	+	0	0		0		0		no
ENSMUST00000057325.14|ENSMUSG00000048924|Ccdc125	Ccdc125	chr13	+	0	0		0		0		no
ENSMUST00000091299.7|ENSMUSG00000069089|Cdk7	Cdk7	chr13	-	0	0		0		0		no
ENSMUST00000109333.7|ENSMUSG00000061474|Mrps36	Mrps36	chr13	-	0	0		0		0		no
ENSMUST00000072119.14|ENSMUSG00000041431|Ccnb1	Ccnb1	chr13	-	0	0		0		0		no
ENSMUST00000225086.1|ENSMUSG00000021629|Slc30a5	Slc30a5	chr13	-	0	0		0		0		no
ENSMUST00000055518.12|ENSMUSG00000041417|Pik3r1	Pik3r1	chr13	-	0	0		0		0		no
ENSMUST00000239261.1|ENSMUSG00000034751|Mast4	Mast4	chr13	-	0	0		0		0		no
ENSMUST00000210836.1|ENSMUSG00000032621|Srek1	Srek1	chr13	-	0	0		0		0		no
ENSMUST00000022222.11|ENSMUSG00000021709|Erbin	Erbin	chr13	-	0	0		0		0		no
ENSMUST00000109315.4|ENSMUSG00000021710|Nln	Nln	chr13	-	0	0		0		0		no
ENSMUST00000044385.13|ENSMUSG00000042743|Sgtb	Sgtb	chr13	+	0	0		0		0		no
ENSMUST00000144060.7|ENSMUSG00000021711|Trappc13	Trappc13	chr13	-	0	0		0		0		no
ENSMUST00000069187.11|ENSMUSG00000021712|Trim23	Trim23	chr13	+	0	0		0		0		no
ENSMUST00000022228.12|ENSMUSG00000021715|Cwc27	Cwc27	chr13	-	0	0		0		0		no
ENSMUST00000063551.6|ENSMUSG00000021719|Rgs7bp	Rgs7bp	chr13	-	0	0		0		0		no
ENSMUST00000224052.1|ENSMUSG00000021692|Dimt1	Dimt1	chr13	+	0	0		0		0		no
ENSMUST00000022204.15|ENSMUSG00000021693|Kif2a	Kif2a	chr13	-	0	0		0		0		no
ENSMUST00000095458.5|ENSMUSG00000071180|Smim15	Smim15	chr13	+	0	0		0		0		no
ENSMUST00000225550.1|ENSMUSG00000021696|Elovl7	Elovl7	chr13	+	0	0		0		0		no
ENSMUST00000167824.2|ENSMUSG00000021700|Rab3c	Rab3c	chr13	-	0	0		0		0		no
ENSMUST00000022212.8|ENSMUSG00000021701|Plk2	Plk2	chr13	+	0	0		0		0		no
ENSMUST00000136471.8|ENSMUSG00000032745|Gpbp1	Gpbp1	chr13	-	0	0		0		0		no
ENSMUST00000184276.7|ENSMUSG00000021756|Il6st	Il6st	chr13	+	0	0		0		0		no
ENSMUST00000052514.5|ENSMUSG00000047789|Slc38a9	Slc38a9	chr13	+	0	0		0		0		no
ENSMUST00000016144.11|ENSMUSG00000021759|Plpp1	Plpp1	chr13	+	0	0		0		0		no
ENSMUST00000022281.4|ENSMUSG00000016018|Mtrex	Mtrex	chr13	-	0	0		0		0		no
ENSMUST00000224176.1|ENSMUSG00000042426|Dhx29	Dhx29	chr13	+	0	0		0		0		no
ENSMUST00000231962.1|ENSMUSG00000021760|Gpx8	Gpx8	chr13	-	0	0		0		0		no
ENSMUST00000109241.4|ENSMUSG00000042364|Snx18	Snx18	chr13	-	0	0		0		0		no
ENSMUST00000225707.1|ENSMUSG00000021764|Ndufs4	Ndufs4	chr13	-	0	0		0		0		no
ENSMUST00000184245.7|ENSMUSG00000015536|Mocs2	Mocs2	chr13	+	0	0		0		0		no
ENSMUST00000061673.8|ENSMUSG00000042284|Itga1	Itga1	chr13	-	0	0		0		0		no
ENSMUST00000224495.1|ENSMUSG00000114470|Gm49395	Gm49395	chr13	-	0	0		0		0		no
ENSMUST00000226107.1|ENSMUSG00000021725|Parp8	Parp8	chr13	-	0	0		0		0		no
ENSMUST00000022242.8|ENSMUSG00000021728|Emb	Emb	chr13	+	0	0		0		0		no
ENSMUST00000022245.9|ENSMUSG00000021731|Mrps30	Mrps30	chr13	-	0	0		0		0		no
ENSMUST00000223268.1|ENSMUSG00000116207|Nnt	Nnt	chr13	-	0	0		0		0		no
ENSMUST00000132304.9|ENSMUSG00000025451|Paip1	Paip1	chr13	+	0	0		0		0		no
ENSMUST00000224188.1|ENSMUSG00000093930|Hmgcs1	Hmgcs1	chr13	+	0	0		0		1	chr13:119707500-119707550(fdr=1.80e-03)	no
ENSMUST00000178142.1|ENSMUSG00000095930|Nim1k	Nim1k	chr13	-	0	0		0		0		no
ENSMUST00000112797.11|ENSMUSG00000096039|D830030K20Rik	D830030K20Rik	chr14	+	0	0		0		0		no
ENSMUST00000180934.7|ENSMUSG00000093887|Gm3033	Gm3033	chr14	+	0	0		0		0		no
ENSMUST00000052678.8|ENSMUSG00000025278|Flnb	Flnb	chr14	+	0	0		0		0		no
ENSMUST00000166497.8|ENSMUSG00000025277|Abhd6	Abhd6	chr14	+	0	0		0		0		no
ENSMUST00000023924.3|ENSMUSG00000023156|Rpp14	Rpp14	chr14	+	0	0		0		0		no
ENSMUST00000022268.9|ENSMUSG00000021748|Pdhb	Pdhb	chr14	-	0	0		0		0		no
ENSMUST00000022272.13|ENSMUSG00000021752|Kctd6	Kctd6	chr14	+	0	0		0		0		no
ENSMUST00000121887.7|ENSMUSG00000021750|Fam107a	Fam107a	chr14	-	5	5	7.07722160912715e-08	250	chr14:8296700-8296750(fdr=3.59e-05);chr14:8296750-8296800(fdr=1.42e-03);chr14:8296900-8296950(fdr=9.99e-06);chr14:8296950-8297000(fdr=7.08e-08);chr14:8297750-8297800(fdr=6.72e-03)	5	chr14:8297900-8297950(fdr=9.63e-03);chr14:8297950-8298000(fdr=1.16e-02);chr14:8298000-8298050(fdr=9.88e-08);chr14:8298050-8298100(fdr=5.91e-03);chr14:8298400-8298450(fdr=9.25e-02)	yes
ENSMUST00000161302.7|ENSMUSG00000060579|Fhit	Fhit	chr14	-	0	0		0		0		no
ENSMUST00000142917.7|ENSMUSG00000021745|Ptprg	Ptprg	chr14	+	0	0		0		0		no
ENSMUST00000223583.1|ENSMUSG00000056296|Synpr	Synpr	chr14	+	0	0		0		0		no
ENSMUST00000022257.3|ENSMUSG00000021738|Atxn7	Atxn7	chr14	+	0	0		0		0		no
ENSMUST00000163937.2|ENSMUSG00000045201|Lrrc3b	Lrrc3b	chr14	-	0	0		0		0		no
ENSMUST00000022310.6|ENSMUSG00000021785|Ngly1	Ngly1	chr14	+	0	0		0		0		no
ENSMUST00000017629.11|ENSMUSG00000017485|Top2b	Top2b	chr14	+	0	0		0		0		no
ENSMUST00000223576.1|ENSMUSG00000017491|Rarb	Rarb	chr14	-	0	0		0		0		no
ENSMUST00000022304.9|ENSMUSG00000021779|Thrb	Thrb	chr14	+	0	0		0		0		no
ENSMUST00000090543.5|ENSMUSG00000021775|Nr1d2	Nr1d2	chr14	-	0	0		0		0		no
ENSMUST00000080281.13|ENSMUSG00000012405|Rpl15	Rpl15	chr14	-	0	0		0		0		no
ENSMUST00000132374.8|ENSMUSG00000021772|Nkiras1	Nkiras1	chr14	+	0	0		0		0		no
ENSMUST00000022296.6|ENSMUSG00000021774|Ube2e1	Ube2e1	chr14	-	0	0		0		0		no
ENSMUST00000176555.7|ENSMUSG00000058317|Ube2e2	Ube2e2	chr14	-	0	0		0		0		no
ENSMUST00000022340.4|ENSMUSG00000021806|Nid2	Nid2	chr14	+	0	0		0		0		no
ENSMUST00000022341.6|ENSMUSG00000021807|Rtraf	Rtraf	chr14	-	0	0		0		0		no
ENSMUST00000160013.7|ENSMUSG00000043004|Gng2	Gng2	chr14	-	0	0		0		0		no
ENSMUST00000059666.5|ENSMUSG00000045107|Saysd1	Saysd1	chr14	-	0	0		0		0		no
ENSMUST00000024011.9|ENSMUSG00000023243|Kcnk5	Kcnk5	chr14	-	0	0		0		0		no
ENSMUST00000223955.1|ENSMUSG00000021810|Ecd	Ecd	chr14	-	0	0		0		0		no
ENSMUST00000225834.1|ENSMUSG00000039599|Fam149b	Fam149b	chr14	+	0	0		0		0		no
ENSMUST00000022345.6|ENSMUSG00000021811|Dnajc9	Dnajc9	chr14	-	0	0		0		0		no
ENSMUST00000061444.4|ENSMUSG00000049960|Mrps16	Mrps16	chr14	-	0	0		0		0		no
ENSMUST00000065504.16|ENSMUSG00000021814|Anxa7	Anxa7	chr14	-	0	0		0		0		no
ENSMUST00000159027.7|ENSMUSG00000021816|Ppp3cb	Ppp3cb	chr14	-	0	0		0		0		no
ENSMUST00000035340.13|ENSMUSG00000034235|Usp54	Usp54	chr14	-	0	0		0		0		no
ENSMUST00000224876.1|ENSMUSG00000039367|Sec24c	Sec24c	chr14	+	0	0		0		0		no
ENSMUST00000048016.2|ENSMUSG00000039357|Fut11	Fut11	chr14	+	0	0		0		0		no
ENSMUST00000226072.1|ENSMUSG00000063787|Chchd1	Chchd1	chr14	+	0	0		0		0		no
ENSMUST00000224129.1|ENSMUSG00000021819|Zswim8	Zswim8	chr14	+	0	0		0		0		no
ENSMUST00000225419.1|ENSMUSG00000039308|Ndst2	Ndst2	chr14	-	0	0		0		0		no
ENSMUST00000022369.8|ENSMUSG00000021823|Vcl	Vcl	chr14	+	0	0		0		0		no
ENSMUST00000154460.7|ENSMUSG00000021824|Ap3m1	Ap3m1	chr14	-	0	0		0		0		no
ENSMUST00000045376.10|ENSMUSG00000039197|Adk	Adk	chr14	+	0	0		0		0		no
ENSMUST00000069648.13|ENSMUSG00000021767|Kat6b	Kat6b	chr14	+	0	0		0		0		no
ENSMUST00000022293.13|ENSMUSG00000021771|Vdac2	Vdac2	chr14	+	0	0		0		0		no
ENSMUST00000124549.8|ENSMUSG00000021773|Comtd1	Comtd1	chr14	-	0	0		0		0		no
ENSMUST00000043409.8|ENSMUSG00000039081|Zfp503	Zfp503	chr14	-	0	0		0		0		no
ENSMUST00000223718.1|ENSMUSG00000025280|Polr3a	Polr3a	chr14	-	0	0		0		0		no
ENSMUST00000162645.7|ENSMUSG00000007817|Zmiz1	Zmiz1	chr14	+	0	0		0		0		no
ENSMUST00000022419.6|ENSMUSG00000021868|Ppif	Ppif	chr14	+	0	0		0		0		no
ENSMUST00000069180.7|ENSMUSG00000055538|Zcchc24	Zcchc24	chr14	-	0	0		0		0		no
ENSMUST00000022416.14|ENSMUSG00000021866|Anxa11	Anxa11	chr14	+	0	0		0		0		no
ENSMUST00000052286.15|ENSMUSG00000095304|Plac9a	Plac9a	chr14	-	0	0		0		0		no
ENSMUST00000185006.8|ENSMUSG00000072676|Tmem254a	Tmem254a	chr14	-	0	0		0		0		no
ENSMUST00000184915.7|ENSMUSG00000094800|Gm9780	Gm9780	chr14	-	0	0		0		0		no
ENSMUST00000100819.11|ENSMUSG00000072680|Tmem254c	Tmem254c	chr14	-	0	0		0		0		no
ENSMUST00000184142.7|ENSMUSG00000072674|Plac9b	Plac9b	chr14	-	0	0		0		0		no
ENSMUST00000037585.8|ENSMUSG00000040818|Dennd6a	Dennd6a	chr14	+	0	0		0		0		no
ENSMUST00000166075.7|ENSMUSG00000021877|Arf4	Arf4	chr14	+	0	0		0		0		no
ENSMUST00000052932.9|ENSMUSG00000043702|Pde12	Pde12	chr14	-	0	0		0		0		no
ENSMUST00000036570.4|ENSMUSG00000040760|Appl1	Appl1	chr14	-	0	0		0		0		no
ENSMUST00000224981.1|ENSMUSG00000021895|Arhgef3	Arhgef3	chr14	+	0	0		0		0		no
ENSMUST00000223689.1|ENSMUSG00000046753|Ccdc66	Ccdc66	chr14	-	0	0		0		0		no
ENSMUST00000063465.11|ENSMUSG00000021994|Wnt5a	Wnt5a	chr14	+	0	0		0		0		no
ENSMUST00000224797.1|ENSMUSG00000015971|Actr8	Actr8	chr14	+	0	0		0		0		no
ENSMUST00000112210.10|ENSMUSG00000021948|Prkcd	Prkcd	chr14	-	0	0		0		0		no
ENSMUST00000228686.1|ENSMUSG00000052395|Rft1	Rft1	chr14	+	0	0		0		0		no
ENSMUST00000054230.11|ENSMUSG00000006527|Sfmbt1	Sfmbt1	chr14	+	0	0		0		0		no
ENSMUST00000040715.7|ENSMUSG00000042485|Mustn1	Mustn1	chr14	+	0	0		0		0		no
ENSMUST00000228328.1|ENSMUSG00000021918|Nek4	Nek4	chr14	+	0	0		0		0		no
ENSMUST00000228767.1|ENSMUSG00000021917|Spcs1	Spcs1	chr14	-	0	0		0		0		no
ENSMUST00000022476.8|ENSMUSG00000021916|Glt8d1	Glt8d1	chr14	+	0	0		0		0		no
ENSMUST00000136237.7|ENSMUSG00000042323|Pbrm1	Pbrm1	chr14	+	0	0		0		0		no
ENSMUST00000170268.1|ENSMUSG00000091898|Tnnc1	Tnnc1	chr14	+	0	0		0		0		no
ENSMUST00000100730.9|ENSMUSG00000021892|Sh3bp5	Sh3bp5	chr14	-	0	0		0		0		no
ENSMUST00000055303.4|ENSMUSG00000021891|Mettl6	Mettl6	chr14	-	0	0		0		0		no
ENSMUST00000022446.6|ENSMUSG00000021890|Eaf1	Eaf1	chr14	+	0	0		0		0		no
ENSMUST00000167175.7|ENSMUSG00000115022|Gm49387	Gm49387	chr14	-	0	0		0		0		no
ENSMUST00000090147.6|ENSMUSG00000021900|Btd	Btd	chr14	+	0	0		0		0		no
ENSMUST00000227878.1|ENSMUSG00000014496|Ankrd28	Ankrd28	chr14	-	0	0		0		0		no
ENSMUST00000112001.8|ENSMUSG00000021905|Dph3	Dph3	chr14	-	0	0		0		0		no
ENSMUST00000164868.7|ENSMUSG00000021906|Oxnad1	Oxnad1	chr14	+	0	0		0		0		no
ENSMUST00000168334.7|ENSMUSG00000056234|Ncoa4	Ncoa4	chr14	+	0	0		0		0		no
ENSMUST00000163379.1|ENSMUSG00000013701|Timm23	Timm23	chr14	-	0	0		0		0		no
ENSMUST00000170129.7|ENSMUSG00000021911|Parg	Parg	chr14	+	0	0		0		0		no
ENSMUST00000039191.7|ENSMUSG00000041707|Tmem273	Tmem273	chr14	+	0	0		0		0		no
ENSMUST00000053175.12|ENSMUSG00000050666|Vstm4	Vstm4	chr14	+	0	0		0		0		no
ENSMUST00000111956.8|ENSMUSG00000063506|Arhgap22	Arhgap22	chr14	+	0	0		0		0		no
ENSMUST00000168727.2|ENSMUSG00000021943|Gdf10	Gdf10	chr14	+	0	0		0		0		no
ENSMUST00000035351.6|ENSMUSG00000041479|Syt15	Syt15	chr14	+	0	0		0		0		no
ENSMUST00000022322.16|ENSMUSG00000021794|Glud1	Glud1	chr14	+	0	0		0		0		no
ENSMUST00000023826.4|ENSMUSG00000023064|Sncg	Sncg	chr14	-	0	0		0		0		no
ENSMUST00000111908.2|ENSMUSG00000041445|Mmrn2	Mmrn2	chr14	+	0	0		0		0		no
ENSMUST00000049005.14|ENSMUSG00000021796|Bmpr1a	Bmpr1a	chr14	-	0	0		0		0		no
ENSMUST00000048263.13|ENSMUSG00000041408|Wapl	Wapl	chr14	+	0	0		0		0		no
ENSMUST00000090024.10|ENSMUSG00000058690|Ccser2	Ccser2	chr14	-	0	0		0		0		no
ENSMUST00000022337.10|ENSMUSG00000021803|Cdhr1	Cdhr1	chr14	-	0	0		0		0		no
ENSMUST00000165649.3|ENSMUSG00000041028|Ghitm	Ghitm	chr14	-	0	0		0		0		no
ENSMUST00000047652.5|ENSMUSG00000037824|Tspan14	Tspan14	chr14	-	0	0		0		0		no
ENSMUST00000022317.14|ENSMUSG00000021792|Prxl2a	Prxl2a	chr14	-	0	0		0		0		no
ENSMUST00000095959.1|ENSMUSG00000071489|Ptgdr	Ptgdr	chr14	-	0	0		0		0		no
ENSMUST00000227315.1|ENSMUSG00000021831|Ero1l	Ero1l	chr14	-	0	0		0		0		no
ENSMUST00000228311.1|ENSMUSG00000053205|Styx	Styx	chr14	+	0	0		0		0		no
ENSMUST00000046191.8|ENSMUSG00000037722|Gnpnat1	Gnpnat1	chr14	-	0	0		0		0		no
ENSMUST00000045905.13|ENSMUSG00000037712|Fermt2	Fermt2	chr14	-	0	0		0		0		no
ENSMUST00000149286.8|ENSMUSG00000037697|Ddhd1	Ddhd1	chr14	-	0	0		0		0		no
ENSMUST00000015903.11|ENSMUSG00000015759|Cnih1	Cnih1	chr14	-	0	0		0		0		no
ENSMUST00000111817.7|ENSMUSG00000062014|Gmfb	Gmfb	chr14	-	0	0		0		0		no
ENSMUST00000089959.6|ENSMUSG00000037580|Gch1	Gch1	chr14	-	0	0		0		0		no
ENSMUST00000164235.2|ENSMUSG00000021840|Mapk1ip1l	Mapk1ip1l	chr14	+	0	0		0		0		no
ENSMUST00000142734.7|ENSMUSG00000050335|Lgals3	Lgals3	chr14	+	0	0		0		0		no
ENSMUST00000226299.1|ENSMUSG00000037526|Atg14	Atg14	chr14	-	0	0		0		0		no
ENSMUST00000189986.6|ENSMUSG00000021843|Ktn1	Ktn1	chr14	+	0	0		0		0		no
ENSMUST00000226828.1|ENSMUSG00000021846|Peli2	Peli2	chr14	+	0	0		0		0		no
ENSMUST00000153765.7|ENSMUSG00000036339|Tmem260	Tmem260	chr14	+	0	0		0		0		no
ENSMUST00000162175.8|ENSMUSG00000061244|Exoc5	Exoc5	chr14	-	0	0		0		0		no
ENSMUST00000227410.1|ENSMUSG00000036291|Ap5m1	Ap5m1	chr14	+	0	0		0		0		no
ENSMUST00000136995.1|ENSMUSG00000036282|Naa30	Naa30	chr14	+	0	0		0		0		no
ENSMUST00000036972.13|ENSMUSG00000036242|Armh4	Armh4	chr14	-	0	0		0		0		no
ENSMUST00000228440.1|ENSMUSG00000006288|Ttc5	Ttc5	chr14	-	0	0		0		0		no
ENSMUST00000227810.1|ENSMUSG00000036023|Parp2	Parp2	chr14	+	0	0		0		0		no
ENSMUST00000227271.1|ENSMUSG00000090799|Klhl33	Klhl33	chr14	-	0	0		0		0		no
ENSMUST00000160393.7|ENSMUSG00000006289|Osgep	Osgep	chr14	-	0	0		0		0		no
ENSMUST00000160835.8|ENSMUSG00000035953|Pip4p1	Pip4p1	chr14	-	0	0		0		0		no
ENSMUST00000178092.1|ENSMUSG00000115338|Pnp	Pnp	chr14	+	0	0		0		0		no
ENSMUST00000169895.2|ENSMUSG00000021876|Rnase4	Rnase4	chr14	+	0	0		0		0		no
ENSMUST00000080126.3|ENSMUSG00000035896|Rnase1	Rnase1	chr14	-	0	0		0		0		no
ENSMUST00000168217.7|ENSMUSG00000004561|Mettl17	Mettl17	chr14	+	0	0		0		0		no
ENSMUST00000004673.14|ENSMUSG00000004558|Ndrg2	Ndrg2	chr14	-	0	0		0		2	chr14:51905900-51905950(fdr=6.48e-04);chr14:51905950-51906000(fdr=1.11e-03)	no
ENSMUST00000183208.7|ENSMUSG00000004562|Arhgef40	Arhgef40	chr14	+	0	0		0		0		no
ENSMUST00000226522.1|ENSMUSG00000049295|Zfp219	Zfp219	chr14	-	0	0		0		0		no
ENSMUST00000111610.11|ENSMUSG00000060373|Hnrnpc	Hnrnpc	chr14	-	0	0		0		0		no
ENSMUST00000022766.7|ENSMUSG00000016831|Tox4	Tox4	chr14	+	0	0		0		0		no
ENSMUST00000122962.2|ENSMUSG00000022160|Mettl3	Mettl3	chr14	-	0	0		0		0		no
ENSMUST00000135523.4|ENSMUSG00000049532|Sall2	Sall2	chr14	-	0	0		0		0		no
ENSMUST00000022781.7|ENSMUSG00000022174|Dad1	Dad1	chr14	-	0	0		0		0		no
ENSMUST00000239403.1|ENSMUSG00000040997|Abhd4	Abhd4	chr14	+	0	0		0		0		no
ENSMUST00000000985.6|ENSMUSG00000000959|Oxa1l	Oxa1l	chr14	+	0	0		0		0		no
ENSMUST00000000984.8|ENSMUSG00000000958|Slc7a7	Slc7a7	chr14	-	0	0		0		0		no
ENSMUST00000132227.8|ENSMUSG00000023110|Prmt5	Prmt5	chr14	-	0	0		0		0		no
ENSMUST00000022784.8|ENSMUSG00000022177|Haus4	Haus4	chr14	-	0	0		0		0		no
ENSMUST00000054487.9|ENSMUSG00000022178|Ajuba	Ajuba	chr14	-	0	0		0		0		no
ENSMUST00000022786.5|ENSMUSG00000022179|4931414P19Rik	4931414P19Rik	chr14	-	0	0		0		0		no
ENSMUST00000126166.7|ENSMUSG00000022185|Acin1	Acin1	chr14	-	0	0		0		0		no
ENSMUST00000038539.7|ENSMUSG00000040822|1700123O20Rik	1700123O20Rik	chr14	+	0	0		0		0		no
ENSMUST00000022787.7|ENSMUSG00000022180|Slc7a8	Slc7a8	chr14	-	0	0		0		0		no
ENSMUST00000081162.5|ENSMUSG00000057156|Homez	Homez	chr14	-	0	0		0		0		no
ENSMUST00000172695.1|ENSMUSG00000022194|Pabpn1	Pabpn1	chr14	+	0	0		0		0		no
ENSMUST00000231305.1|ENSMUSG00000022199|Slc22a17	Slc22a17	chr14	-	0	0		0		0		no
ENSMUST00000227587.1|ENSMUSG00000022203|Efs	Efs	chr14	-	0	0		0		0		no
ENSMUST00000037814.7|ENSMUSG00000040759|Cmtm5	Cmtm5	chr14	+	0	0		0		0		no
ENSMUST00000036328.8|ENSMUSG00000040721|Zfhx2	Zfhx2	chr14	-	0	0		0		0		no
ENSMUST00000050575.8|ENSMUSG00000045691|Thtpa	Thtpa	chr14	+	0	0		0		0		no
ENSMUST00000022819.12|ENSMUSG00000022208|Jph4	Jph4	chr14	-	0	0		0		0		no
ENSMUST00000022821.7|ENSMUSG00000022210|Dhrs4	Dhrs4	chr14	+	0	0		0		0		no
ENSMUST00000226519.1|ENSMUSG00000040618|Pck2	Pck2	chr14	+	0	0		0		0		no
ENSMUST00000150019.7|ENSMUSG00000022214|Dcaf11	Dcaf11	chr14	+	0	0		0		0		no
ENSMUST00000174419.1|ENSMUSG00000022216|Psme1	Psme1	chr14	+	0	0		0		0		no
ENSMUST00000227708.1|ENSMUSG00000047098|Rnf31	Rnf31	chr14	+	0	0		0		0		no
ENSMUST00000134863.7|ENSMUSG00000002325|Irf9	Irf9	chr14	+	0	0		0		0		no
ENSMUST00000148351.7|ENSMUSG00000002319|Ipo4	Ipo4	chr14	-	0	0		0		0		no
ENSMUST00000156420.8|ENSMUSG00000115232|Gm49378	Gm49378	chr14	-	0	0		0		0		no
ENSMUST00000149726.7|ENSMUSG00000002320|Tm9sf1	Tm9sf1	chr14	-	0	0		0		0		no
ENSMUST00000002400.6|ENSMUSG00000002329|Mdp1	Mdp1	chr14	-	0	0		0		0		no
ENSMUST00000227250.1|ENSMUSG00000010376|Nedd8	Nedd8	chr14	-	0	0		0		0		no
ENSMUST00000002397.6|ENSMUSG00000002326|Gmpr2	Gmpr2	chr14	+	0	0		0		0		no
ENSMUST00000227061.1|ENSMUSG00000040472|Rabggta	Rabggta	chr14	-	0	0		0		0		no
ENSMUST00000002403.9|ENSMUSG00000002332|Dhrs1	Dhrs1	chr14	-	0	0		0		0		no
ENSMUST00000019441.8|ENSMUSG00000019297|Nop9	Nop9	chr14	+	0	0		0		0		no
ENSMUST00000001497.8|ENSMUSG00000022219|Cideb	Cideb	chr14	-	0	0		0		0		no
ENSMUST00000022830.13|ENSMUSG00000022221|Ripk3	Ripk3	chr14	-	0	0		0		0		no
ENSMUST00000172271.8|ENSMUSG00000023411|Nfatc4	Nfatc4	chr14	+	0	0		0		0		no
ENSMUST00000168479.2|ENSMUSG00000075592|Nynrin	Nynrin	chr14	+	0	0		0		0		no
ENSMUST00000226273.1|ENSMUSG00000022223|Sdr39u1	Sdr39u1	chr14	-	0	0		0		0		no
ENSMUST00000161553.1|ENSMUSG00000054509|Parp4	Parp4	chr14	+	0	0		0		0		no
ENSMUST00000116468.1|ENSMUSG00000079184|Mphosph8	Mphosph8	chr14	+	0	0		0		0		no
ENSMUST00000168575.1|ENSMUSG00000021938|Pspc1	Pspc1	chr14	-	0	0		0		0		no
ENSMUST00000225699.1|ENSMUSG00000040123|Zmym5	Zmym5	chr14	-	0	0		0		0		no
ENSMUST00000022511.9|ENSMUSG00000021945|Zmym2	Zmym2	chr14	+	0	0		0		0		no
ENSMUST00000055698.7|ENSMUSG00000046352|Gjb2	Gjb2	chr14	-	0	0		0		0		no
ENSMUST00000039380.8|ENSMUSG00000040055|Gjb6	Gjb6	chr14	-	0	0		0		0		no
ENSMUST00000022517.8|ENSMUSG00000021947|Cryl1	Cryl1	chr14	-	0	0		0		0		no
ENSMUST00000089494.5|ENSMUSG00000050222|Il17d	Il17d	chr14	+	0	0		0		0		no
ENSMUST00000174694.7|ENSMUSG00000114942|Gm49361	Gm49361	chr14	-	0	0		0		0		no
ENSMUST00000128764.8|ENSMUSG00000021963|Sap18	Sap18	chr14	+	0	0		0		0		no
ENSMUST00000022538.4|ENSMUSG00000021967|Mrpl57	Mrpl57	chr14	+	0	0		0		0		no
ENSMUST00000089473.4|ENSMUSG00000021969|Zdhhc20	Zdhhc20	chr14	-	0	0		0		0		no
ENSMUST00000022543.9|ENSMUSG00000021973|Micu2	Micu2	chr14	-	0	0		0		0		no
ENSMUST00000174009.7|ENSMUSG00000035469|Rcbtb1	Rcbtb1	chr14	+	0	0		0		0		no
ENSMUST00000166121.3|ENSMUSG00000091649|Phf11b	Phf11b	chr14	-	0	0		0		0		no
ENSMUST00000095157.10|ENSMUSG00000068245|Phf11d	Phf11d	chr14	-	0	0		0		0		no
ENSMUST00000022553.5|ENSMUSG00000021981|Cab39l	Cab39l	chr14	+	0	0		0		0		no
ENSMUST00000225839.1|ENSMUSG00000021982|Cdadc1	Cdadc1	chr14	-	0	0		0		0		no
ENSMUST00000053949.6|ENSMUSG00000044461|Shisa2	Shisa2	chr14	+	0	0		0		0		no
ENSMUST00000041905.7|ENSMUSG00000114797|Gm49336	Gm49336	chr14	-	0	0		0		0		no
ENSMUST00000022563.8|ENSMUSG00000021987|Mtmr6	Mtmr6	chr14	+	0	0		0		0		no
ENSMUST00000022561.8|ENSMUSG00000021986|Amer2	Amer2	chr14	+	0	0		0		0		no
ENSMUST00000022566.13|ENSMUSG00000021990|Spata13	Spata13	chr14	+	0	0		0		0		no
ENSMUST00000225506.1|ENSMUSG00000021993|Mipep	Mipep	chr14	+	0	0		0		0		no
ENSMUST00000111236.3|ENSMUSG00000060548|Tnfrsf19	Tnfrsf19	chr14	-	0	0		0		0		no
ENSMUST00000055159.7|ENSMUSG00000043157|Arl11	Arl11	chr14	+	0	0		0		0		no
ENSMUST00000022494.9|ENSMUSG00000021928|Ebpl	Ebpl	chr14	-	0	0		0		0		no
ENSMUST00000022496.8|ENSMUSG00000021929|Kpna3	Kpna3	chr14	-	0	0		0		0		no
ENSMUST00000022497.14|ENSMUSG00000021930|Spryd7	Spryd7	chr14	-	0	0		0		0		no
ENSMUST00000169728.1|ENSMUSG00000021932|Rnaseh2b	Rnaseh2b	chr14	+	0	0		0		0		no
ENSMUST00000039064.7|ENSMUSG00000035184|Fam124a	Fam124a	chr14	+	0	0		0		0		no
ENSMUST00000053959.6|ENSMUSG00000035161|Ints6	Ints6	chr14	-	0	0		0		0		no
ENSMUST00000014691.9|ENSMUSG00000014547|Wdfy2	Wdfy2	chr14	+	0	0		0		0		no
ENSMUST00000006235.8|ENSMUSG00000021939|Ctsb	Ctsb	chr14	+	0	0		0		0		no
ENSMUST00000225449.1|ENSMUSG00000035078|Mtmr9	Mtmr9	chr14	-	0	0		0		0		no
ENSMUST00000079652.6|ENSMUSG00000063060|Sox7	Sox7	chr14	+	0	0		0		0		no
ENSMUST00000067927.8|ENSMUSG00000054733|Msra	Msra	chr14	-	0	0		0		0		no
ENSMUST00000224503.1|ENSMUSG00000060012|Kif13b	Kif13b	chr14	+	0	0		0		0		no
ENSMUST00000239450.1|ENSMUSG00000021975|Ints9	Ints9	chr14	+	0	0		0		0		no
ENSMUST00000022550.7|ENSMUSG00000021978|Extl3	Extl3	chr14	-	0	0		0		0		no
ENSMUST00000131309.2|ENSMUSG00000007989|Fzd3	Fzd3	chr14	-	0	0		0		0		no
ENSMUST00000022610.14|ENSMUSG00000022032|Scara5	Scara5	chr14	+	0	0		0		0		no
ENSMUST00000022612.9|ENSMUSG00000022033|Pbk	Pbk	chr14	+	0	0		0		0		no
ENSMUST00000022614.6|ENSMUSG00000022035|Ccdc25	Ccdc25	chr14	+	0	0		0		0		no
ENSMUST00000042046.4|ENSMUSG00000034463|Scara3	Scara3	chr14	-	0	0		0		0		no
ENSMUST00000138665.1|ENSMUSG00000022037|Clu	Clu	chr14	+	0	0		0		0		no
ENSMUST00000224698.1|ENSMUSG00000022040|Ephx2	Ephx2	chr14	-	0	0		0		0		no
ENSMUST00000022622.13|ENSMUSG00000059456|Ptk2b	Ptk2b	chr14	-	0	0		0		0		no
ENSMUST00000022623.12|ENSMUSG00000022043|Trim35	Trim35	chr14	+	0	0		0		0		no
ENSMUST00000089236.10|ENSMUSG00000046204|Pnma2	Pnma2	chr14	+	0	0		0		0		no
ENSMUST00000225251.1|ENSMUSG00000022052|Ppp2r2a	Ppp2r2a	chr14	-	0	0		0		0		no
ENSMUST00000176161.7|ENSMUSG00000022053|Ebf2	Ebf2	chr14	+	0	0		0		0		no
ENSMUST00000156700.1|ENSMUSG00000034327|Kctd9	Kctd9	chr14	+	0	0		0		0		no
ENSMUST00000039135.5|ENSMUSG00000044447|Dock5	Dock5	chr14	-	0	0		0		0		no
ENSMUST00000111089.7|ENSMUSG00000022054|Nefm	Nefm	chr14	-	0	0		0		0		no
ENSMUST00000022639.7|ENSMUSG00000022055|Nefl	Nefl	chr14	+	0	0		0		0		no
ENSMUST00000022641.8|ENSMUSG00000022057|Adamdec1	Adamdec1	chr14	-	0	0		0		0		no
ENSMUST00000014957.9|ENSMUSG00000014813|Stc1	Stc1	chr14	+	0	0		0		0		no
ENSMUST00000184973.7|ENSMUSG00000095463|Entpd4	Entpd4	chr14	+	0	0		0		0		no
ENSMUST00000185072.7|ENSMUSG00000022066|Entpd4b	Entpd4b	chr14	+	0	0		0		0		no
ENSMUST00000022660.13|ENSMUSG00000034205|Loxl2	Loxl2	chr14	+	0	0		0		0		no
ENSMUST00000036381.9|ENSMUSG00000034190|Chmp7	Chmp7	chr14	-	0	0		0		0		no
ENSMUST00000022663.6|ENSMUSG00000022074|Tnfrsf10b	Tnfrsf10b	chr14	+	0	0		0		0		no
ENSMUST00000022665.3|ENSMUSG00000022075|Rhobtb2	Rhobtb2	chr14	-	0	0		0		0		no
ENSMUST00000225200.1|ENSMUSG00000033730|Egr3	Egr3	chr14	+	0	0		0		0		no
ENSMUST00000035612.6|ENSMUSG00000033712|Ccar2	Ccar2	chr14	-	0	0		0		0		no
ENSMUST00000129767.1|ENSMUSG00000044551|9930012K11Rik	9930012K11Rik	chr14	-	0	0		0		0		no
ENSMUST00000022681.10|ENSMUSG00000022090|Pdlim2	Pdlim2	chr14	-	0	0		0		0		no
ENSMUST00000227653.1|ENSMUSG00000022091|Sorbs3	Sorbs3	chr14	-	0	0		0		0		no
ENSMUST00000228911.1|ENSMUSG00000022092|Ppp3cc	Ppp3cc	chr14	-	0	0		0		0		no
ENSMUST00000068044.13|ENSMUSG00000022094|Slc39a14	Slc39a14	chr14	-	0	0		0		0		no
ENSMUST00000000793.12|ENSMUSG00000000776|Polr3d	Polr3d	chr14	-	0	0		0		0		no
ENSMUST00000003561.9|ENSMUSG00000003469|Phyhip	Phyhip	chr14	+	0	0		0		0		no
ENSMUST00000226906.1|ENSMUSG00000022098|Bmp1	Bmp1	chr14	-	0	0		0		0		no
ENSMUST00000047331.7|ENSMUSG00000033595|Lgi3	Lgi3	chr14	+	0	0		0		0		no
ENSMUST00000047218.4|ENSMUSG00000033589|Reep4	Reep4	chr14	+	0	0		0		0		no
ENSMUST00000022691.13|ENSMUSG00000022096|Hr	Hr	chr14	+	0	0		0		0		no
ENSMUST00000228554.1|ENSMUSG00000045211|Nudt18	Nudt18	chr14	+	0	0		0		0		no
ENSMUST00000022690.9|ENSMUSG00000022095|Fam160b2	Fam160b2	chr14	-	0	0		0		0		no
ENSMUST00000227331.1|ENSMUSG00000022099|Dmtn	Dmtn	chr14	-	0	0		0		0		no
ENSMUST00000167242.7|ENSMUSG00000022100|Xpo7	Xpo7	chr14	-	0	0		0		0		no
ENSMUST00000022698.7|ENSMUSG00000022102|Dok2	Dok2	chr14	+	0	0		0		0		no
ENSMUST00000022699.9|ENSMUSG00000022103|Gfra2	Gfra2	chr14	+	0	0		0		0		no
ENSMUST00000089017.11|ENSMUSG00000033487|Fndc3a	Fndc3a	chr14	-	0	0		0		0		no
ENSMUST00000163797.1|ENSMUSG00000022106|Rcbtb2	Rcbtb2	chr14	+	0	0		0		0		no
ENSMUST00000164624.1|ENSMUSG00000022105|Rb1	Rb1	chr14	-	0	0		0		0		no
ENSMUST00000044405.7|ENSMUSG00000033446|Lpar6	Lpar6	chr14	+	0	0		0		0		no
ENSMUST00000022704.8|ENSMUSG00000022108|Itm2b	Itm2b	chr14	-	0	0		0		1	chr14:73362900-73362950(fdr=3.69e-02)	no
ENSMUST00000022705.6|ENSMUSG00000022109|Med4	Med4	chr14	+	0	0		0		0		no
ENSMUST00000043813.2|ENSMUSG00000033405|Nudt15	Nudt15	chr14	-	0	0		0		0		no
ENSMUST00000160507.7|ENSMUSG00000022110|Sucla2	Sucla2	chr14	+	0	0		0		0		no
ENSMUST00000022573.16|ENSMUSG00000021996|Esd	Esd	chr14	+	0	0		0		0		no
ENSMUST00000088970.6|ENSMUSG00000068015|Lrch1	Lrch1	chr14	-	0	0		0		0		no
ENSMUST00000036072.7|ENSMUSG00000034959|Rubcnl	Rubcnl	chr14	+	0	0		0		0		no
ENSMUST00000145303.7|ENSMUSG00000021998|Lcp1	Lcp1	chr14	+	0	0		0		0		no
ENSMUST00000022577.5|ENSMUSG00000022000|Zc3h13	Zc3h13	chr14	+	0	0		0		0		no
ENSMUST00000049168.8|ENSMUSG00000034893|Cog3	Cog3	chr14	-	0	0		0		0		no
ENSMUST00000022580.7|ENSMUSG00000022003|Slc25a30	Slc25a30	chr14	-	0	0		0		0		no
ENSMUST00000142061.2|ENSMUSG00000060126|Tpt1	Tpt1	chr14	+	0	0		0		0		no
ENSMUST00000088922.4|ENSMUSG00000067995|Gtf2f2	Gtf2f2	chr14	-	0	0		0		0		no
ENSMUST00000050120.3|ENSMUSG00000046523|Kctd4	Kctd4	chr14	+	0	0		0		0		no
ENSMUST00000022585.4|ENSMUSG00000022008|Gpalpp1	Gpalpp1	chr14	-	0	0		0		0		no
ENSMUST00000022586.1|ENSMUSG00000022009|Nufip1	Nufip1	chr14	+	0	0		0		0		no
ENSMUST00000227076.1|ENSMUSG00000052584|Serp2	Serp2	chr14	-	0	0		0		0		no
ENSMUST00000022590.4|ENSMUSG00000022013|Dnajc15	Dnajc15	chr14	-	0	0		0		0		no
ENSMUST00000022591.15|ENSMUSG00000022014|Epsti1	Epsti1	chr14	+	0	0		0		0		no
ENSMUST00000123853.8|ENSMUSG00000022016|Akap11	Akap11	chr14	-	0	0		0		0		no
ENSMUST00000227537.1|ENSMUSG00000034731|Dgkh	Dgkh	chr14	-	0	0		0		0		no
ENSMUST00000040990.6|ENSMUSG00000058997|Vwa8	Vwa8	chr14	+	0	0		0		0		no
ENSMUST00000022595.7|ENSMUSG00000022018|Rgcc	Rgcc	chr14	-	0	0		0		0		no
ENSMUST00000169500.1|ENSMUSG00000022020|Naa16	Naa16	chr14	-	0	0		0		0		no
ENSMUST00000061222.8|ENSMUSG00000043881|Kbtbd7	Kbtbd7	chr14	+	0	0		0		0		no
ENSMUST00000040131.12|ENSMUSG00000036461|Elf1	Elf1	chr14	+	0	0		0		0		no
ENSMUST00000054908.9|ENSMUSG00000022024|Sugt1	Sugt1	chr14	+	0	0		0		0		no
ENSMUST00000039568.10|ENSMUSG00000036422|Pcdh8	Pcdh8	chr14	-	0	0		0		0		no
ENSMUST00000071370.6|ENSMUSG00000035566|Pcdh17	Pcdh17	chr14	+	0	0		0		0		no
ENSMUST00000168889.2|ENSMUSG00000022021|Diaph3	Diaph3	chr14	-	0	0		0		0		no
ENSMUST00000195826.5|ENSMUSG00000055421|Pcdh9	Pcdh9	chr14	-	0	0		0		0		no
ENSMUST00000071533.12|ENSMUSG00000055639|Dach1	Dach1	chr14	-	0	0		0		0		no
ENSMUST00000042662.9|ENSMUSG00000033186|Mzt1	Mzt1	chr14	-	0	0		0		0		no
ENSMUST00000227022.1|ENSMUSG00000033166|Dis3	Dis3	chr14	-	0	0		0		0		no
ENSMUST00000022650.8|ENSMUSG00000022064|Pibf1	Pibf1	chr14	+	0	0		0		0		no
ENSMUST00000228216.1|ENSMUSG00000072294|Klf12	Klf12	chr14	-	0	0		0		0		no
ENSMUST00000159664.7|ENSMUSG00000033083|Tbc1d4	Tbc1d4	chr14	-	0	0		0		0		no
ENSMUST00000100339.8|ENSMUSG00000075486|Commd6	Commd6	chr14	-	0	0		0		0		no
ENSMUST00000184744.1|ENSMUSG00000098557|Kctd12	Kctd12	chr14	-	0	0		0		0		no
ENSMUST00000022722.6|ENSMUSG00000022126|Acod1	Acod1	chr14	+	0	0		0		0		no
ENSMUST00000022721.7|ENSMUSG00000022125|Cln5	Cln5	chr14	+	0	0		0		0		no
ENSMUST00000022720.14|ENSMUSG00000022124|Fbxl3	Fbxl3	chr14	-	0	0		0		0		no
ENSMUST00000069443.13|ENSMUSG00000055717|Slain1	Slain1	chr14	+	0	0		0		0		no
ENSMUST00000022718.10|ENSMUSG00000022122|Ednrb	Ednrb	chr14	-	0	0		0		0		no
ENSMUST00000228210.1|ENSMUSG00000022120|Rnf219	Rnf219	chr14	-	0	0		0		0		no
ENSMUST00000181969.7|ENSMUSG00000053253|Ndfip2	Ndfip2	chr14	+	0	0		0		0		no
ENSMUST00000042767.8|ENSMUSG00000033214|Slitrk5	Slitrk5	chr14	+	0	0		0		0		no
ENSMUST00000176912.7|ENSMUSG00000022112|Gpc5	Gpc5	chr14	+	0	0		0		0		no
ENSMUST00000088483.9|ENSMUSG00000058571|Gpc6	Gpc6	chr14	+	0	0		0		0		no
ENSMUST00000227350.1|ENSMUSG00000022130|Tgds	Tgds	chr14	-	0	0		0		0		no
ENSMUST00000022728.3|ENSMUSG00000022131|Gpr180	Gpr180	chr14	+	0	0		0		0		no
ENSMUST00000170662.1|ENSMUSG00000061517|Sox21	Sox21	chr14	-	0	0		0		0		no
ENSMUST00000036554.13|ENSMUSG00000032849|Abcc4	Abcc4	chr14	-	0	0		0		0		no
ENSMUST00000100314.3|ENSMUSG00000022132|Cldn10	Cldn10	chr14	+	0	0		0		0		no
ENSMUST00000047208.11|ENSMUSG00000042156|Dzip1	Dzip1	chr14	-	0	0		0		0		no
ENSMUST00000022734.8|ENSMUSG00000022136|Dnajc3	Dnajc3	chr14	+	0	0		0		0		no
ENSMUST00000088419.12|ENSMUSG00000022139|Mbnl2	Mbnl2	chr14	+	0	0		0		0		no
ENSMUST00000062117.13|ENSMUSG00000051615|Rap2a	Rap2a	chr14	+	0	0		0		0		no
ENSMUST00000032898.8|ENSMUSG00000030662|Ipo5	Ipo5	chr14	+	0	0		0		0		no
ENSMUST00000026635.7|ENSMUSG00000025555|Farp1	Farp1	chr14	+	0	0		0		0		no
ENSMUST00000226998.1|ENSMUSG00000041765|Ubac2	Ubac2	chr14	+	0	0		0		0		no
ENSMUST00000049872.8|ENSMUSG00000051212|Gpr183	Gpr183	chr14	-	0	0		0		0		no
ENSMUST00000170007.1|ENSMUSG00000025544|Tm9sf2	Tm9sf2	chr14	+	0	0		0		0		no
ENSMUST00000039118.6|ENSMUSG00000041703|Zic5	Zic5	chr14	-	0	0		0		0		no
ENSMUST00000038075.11|ENSMUSG00000041625|Ggact	Ggact	chr14	-	0	0		0		0		no
ENSMUST00000128969.1|ENSMUSG00000041594|Tmtc4	Tmtc4	chr14	-	0	0		0		0		no
ENSMUST00000082424.10|ENSMUSG00000064373|Selenop	Selenop	chr15	+	0	0		0		0		no
ENSMUST00000226261.1|ENSMUSG00000091119|Ccdc152	Ccdc152	chr15	-	0	0		0		0		no
ENSMUST00000069451.10|ENSMUSG00000055737|Ghr	Ghr	chr15	-	0	0		0		0		no
ENSMUST00000022791.8|ENSMUSG00000022184|Fbxo4	Fbxo4	chr15	-	0	0		0		0		no
ENSMUST00000046633.9|ENSMUSG00000041935|AW549877	AW549877	chr15	-	0	0		0		0		no
ENSMUST00000110690.8|ENSMUSG00000022186|Oxct1	Oxct1	chr15	+	0	0		0		0		no
ENSMUST00000061925.4|ENSMUSG00000049148|Plcxd3	Plcxd3	chr15	+	0	0		0		0		no
ENSMUST00000162585.7|ENSMUSG00000022181|C6	C6	chr15	+	0	0		0		0		no
ENSMUST00000118365.2|ENSMUSG00000041849|Card6	Card6	chr15	-	0	0		0		0		no
ENSMUST00000045356.8|ENSMUSG00000041841|Rpl37	Rpl37	chr15	+	0	0		0		0		no
ENSMUST00000051186.8|ENSMUSG00000050697|Prkaa1	Prkaa1	chr15	+	0	0		0		0		no
ENSMUST00000081640.11|ENSMUSG00000022151|Ttc33	Ttc33	chr15	+	0	0		0		0		no
ENSMUST00000120563.1|ENSMUSG00000039942|Ptger4	Ptger4	chr15	-	0	0		0		0		no
ENSMUST00000078019.12|ENSMUSG00000022150|Dab2	Dab2	chr15	+	0	0		0		0		no
ENSMUST00000022746.12|ENSMUSG00000022146|Osmr	Osmr	chr15	-	0	0		0		0		no
ENSMUST00000160207.7|ENSMUSG00000042961|Egflam	Egflam	chr15	-	0	0		0		0		no
ENSMUST00000022744.4|ENSMUSG00000022144|Gdnf	Gdnf	chr15	+	0	0		0		0		no
ENSMUST00000227371.1|ENSMUSG00000039828|Wdr70	Wdr70	chr15	-	0	0		0		0		no
ENSMUST00000052965.7|ENSMUSG00000022141|Nipbl	Nipbl	chr15	-	0	0		0		0		no
ENSMUST00000005493.13|ENSMUSG00000005360|Slc1a3	Slc1a3	chr15	-	4	4	1.44239160501296e-05	200	chr15:8634300-8634350(fdr=1.65e-03);chr15:8634400-8634450(fdr=9.54e-04);chr15:8634600-8634650(fdr=1.59e-03);chr15:8634350-8634400(fdr=1.44e-05)	0		yes
ENSMUST00000227191.1|ENSMUSG00000048424|Ranbp3l	Ranbp3l	chr15	+	0	0		0		0		no
ENSMUST00000067760.10|ENSMUSG00000022253|Nadk2	Nadk2	chr15	+	0	0		0		0		no
ENSMUST00000136591.7|ENSMUSG00000044224|Dnajc21	Dnajc21	chr15	-	0	0		0		0		no
ENSMUST00000168761.1|ENSMUSG00000022247|Brix1	Brix1	chr15	-	0	0		0		0		no
ENSMUST00000168408.1|ENSMUSG00000022248|Rad1	Rad1	chr15	+	0	0		0		0		no
ENSMUST00000090339.10|ENSMUSG00000022246|Rai14	Rai14	chr15	-	0	0		0		0		no
ENSMUST00000070877.6|ENSMUSG00000022244|Amacr	Amacr	chr15	+	0	0		0		0		no
ENSMUST00000058007.6|ENSMUSG00000060735|Rxfp3	Rxfp3	chr15	-	0	0		0		0		no
ENSMUST00000061318.8|ENSMUSG00000047497|Adamts12	Adamts12	chr15	+	0	0		0		0		no
ENSMUST00000228814.1|ENSMUSG00000022241|Tars	Tars	chr15	-	0	0		0		0		no
ENSMUST00000066529.4|ENSMUSG00000022206|Npr3	Npr3	chr15	-	0	0		0		0		no
ENSMUST00000022816.14|ENSMUSG00000022205|Sub1	Sub1	chr15	-	0	0		0		0		no
ENSMUST00000157034.7|ENSMUSG00000022201|Zfr	Zfr	chr15	+	0	0		0		0		no
ENSMUST00000174418.7|ENSMUSG00000039458|Mtmr12	Mtmr12	chr15	+	0	0		0		0		no
ENSMUST00000075317.11|ENSMUSG00000022197|Pdzd2	Pdzd2	chr15	-	0	0		0		0		no
ENSMUST00000057256.4|ENSMUSG00000022195|6030458C11Rik	6030458C11Rik	chr15	-	0	0		0		0		no
ENSMUST00000036439.5|ENSMUSG00000039385|Cdh6	Cdh6	chr15	-	0	0		0		0		no
ENSMUST00000176146.7|ENSMUSG00000022321|Cdh10	Cdh10	chr15	+	0	0		0		0		no
ENSMUST00000058845.8|ENSMUSG00000045763|Basp1	Basp1	chr15	-	0	0		0		0		no
ENSMUST00000110457.7|ENSMUSG00000022272|Myo10	Myo10	chr15	+	0	0		0		0		no
ENSMUST00000022881.14|ENSMUSG00000022270|Retreg1	Retreg1	chr15	+	0	0		0		0		no
ENSMUST00000061875.7|ENSMUSG00000052253|Zfp622	Zfp622	chr15	+	0	0		0		0		no
ENSMUST00000059204.10|ENSMUSG00000043556|Fbxl7	Fbxl7	chr15	-	0	0		0		0		no
ENSMUST00000022875.6|ENSMUSG00000022265|Ank	Ank	chr15	+	0	0		0		0		no
ENSMUST00000228439.1|ENSMUSG00000046034|Otulin	Otulin	chr15	-	0	0		0		0		no
ENSMUST00000231473.1|ENSMUSG00000056069|Otulinl	Otulinl	chr15	-	0	0		0		0		no
ENSMUST00000227030.1|ENSMUSG00000022263|Trio	Trio	chr15	-	0	0		0		0		no
ENSMUST00000226116.1|ENSMUSG00000022240|Ctnnd2	Ctnnd2	chr15	+	0	0		0		0		no
ENSMUST00000044524.15|ENSMUSG00000039168|Dap	Dap	chr15	+	0	0		0		0		no
ENSMUST00000090227.5|ENSMUSG00000039100|Marchf6	Marchf6	chr15	-	0	0		0		0		no
ENSMUST00000070918.13|ENSMUSG00000022235|Cmbl	Cmbl	chr15	+	0	0		0		0		no
ENSMUST00000161061.2|ENSMUSG00000039065|Atpsckmt	Atpsckmt	chr15	+	0	0		0		0		no
ENSMUST00000022871.6|ENSMUSG00000022261|Sdc2	Sdc2	chr15	+	0	0		0		0		no
ENSMUST00000042167.9|ENSMUSG00000039007|Cpq	Cpq	chr15	+	0	0		0		0		no
ENSMUST00000042021.4|ENSMUSG00000038984|Tspyl5	Tspyl5	chr15	-	0	0		0		0		no
ENSMUST00000168991.7|ENSMUSG00000022255|Mtdh	Mtdh	chr15	+	0	0		0		0		no
ENSMUST00000226437.1|ENSMUSG00000022257|Laptm4b	Laptm4b	chr15	+	0	0		0		0		no
ENSMUST00000226766.1|ENSMUSG00000022324|Matn2	Matn2	chr15	+	0	0		0		0		no
ENSMUST00000022946.5|ENSMUSG00000022323|Rida	Rida	chr15	-	0	0		0		0		no
ENSMUST00000228073.1|ENSMUSG00000038879|Nipal2	Nipal2	chr15	-	0	0		0		0		no
ENSMUST00000048646.8|ENSMUSG00000037646|Vps13b	Vps13b	chr15	+	0	0		0		0		no
ENSMUST00000155638.7|ENSMUSG00000014313|Cox6c	Cox6c	chr15	-	0	0		0		0		no
ENSMUST00000057177.6|ENSMUSG00000045996|Polr2k	Polr2k	chr15	+	0	0		0		0		no
ENSMUST00000047348.10|ENSMUSG00000037617|Spag1	Spag1	chr15	+	0	0		0		0		no
ENSMUST00000228358.1|ENSMUSG00000022280|Rnf19a	Rnf19a	chr15	-	0	0		0		0		no
ENSMUST00000057486.8|ENSMUSG00000048307|Ankrd46	Ankrd46	chr15	-	0	0		0		0		no
ENSMUST00000022894.13|ENSMUSG00000022285|Ywhaz	Ywhaz	chr15	-	0	0		0		0		no
ENSMUST00000078976.8|ENSMUSG00000062397|Zfp706	Zfp706	chr15	-	0	0		0		0		no
ENSMUST00000168992.7|ENSMUSG00000051359|Ncald	Ncald	chr15	-	0	0		0		0		no
ENSMUST00000144498.7|ENSMUSG00000022292|Rrm2b	Rrm2b	chr15	-	0	0		0		0		no
ENSMUST00000228333.1|ENSMUSG00000037487|Ubr5	Ubr5	chr15	-	0	0		0		0		no
ENSMUST00000074043.6|ENSMUSG00000037465|Klf10	Klf10	chr15	-	0	0		0		0		no
ENSMUST00000226533.1|ENSMUSG00000022295|Atp6v1c1	Atp6v1c1	chr15	+	0	0		0		0		no
ENSMUST00000226440.1|ENSMUSG00000022296|Baalc	Baalc	chr15	+	0	0		0		0		no
ENSMUST00000179165.8|ENSMUSG00000022297|Fzd6	Fzd6	chr15	+	0	0		0		0		no
ENSMUST00000067072.4|ENSMUSG00000054196|Cthrc1	Cthrc1	chr15	+	0	0		0		0		no
ENSMUST00000022908.9|ENSMUSG00000022299|Slc25a32	Slc25a32	chr15	-	0	0		0		0		no
ENSMUST00000226410.1|ENSMUSG00000037386|Rims2	Rims2	chr15	+	0	0		0		0		no
ENSMUST00000228575.1|ENSMUSG00000022305|Lrp12	Lrp12	chr15	-	0	0		0		0		no
ENSMUST00000053467.5|ENSMUSG00000022306|Zfpm2	Zfpm2	chr15	+	0	0		0		0		no
ENSMUST00000110297.9|ENSMUSG00000022307|Oxr1	Oxr1	chr15	+	0	0		0		0		no
ENSMUST00000022921.6|ENSMUSG00000022309|Angpt1	Angpt1	chr15	-	0	0		0		0		no
ENSMUST00000022962.7|ENSMUSG00000022337|Emc2	Emc2	chr15	+	0	0		0		0		no
ENSMUST00000226606.1|ENSMUSG00000038736|Nudcd1	Nudcd1	chr15	-	0	0		0		0		no
ENSMUST00000227691.1|ENSMUSG00000022339|Ebag9	Ebag9	chr15	+	0	0		0		0		no
ENSMUST00000226214.1|ENSMUSG00000022340|Sybu	Sybu	chr15	-	0	0		0		0		no
ENSMUST00000165201.8|ENSMUSG00000038679|Trps1	Trps1	chr15	-	0	0		0		0		no
ENSMUST00000137116.2|ENSMUSG00000022313|Utp23	Utp23	chr15	+	0	0		0		0		no
ENSMUST00000022927.10|ENSMUSG00000022314|Rad21	Rad21	chr15	-	0	0		0		0		no
ENSMUST00000090025.4|ENSMUSG00000068522|Aard	Aard	chr15	+	0	0		0		0		no
ENSMUST00000037115.8|ENSMUSG00000038622|Med30	Med30	chr15	+	0	0		0		0		no
ENSMUST00000133362.7|ENSMUSG00000061731|Ext1	Ext1	chr15	-	0	0		0		0		no
ENSMUST00000132059.1|ENSMUSG00000058656|Samd12	Samd12	chr15	-	0	0		0		0		no
ENSMUST00000079772.3|ENSMUSG00000063727|Tnfrsf11b	Tnfrsf11b	chr15	-	0	0		0		0		no
ENSMUST00000025356.3|ENSMUSG00000024479|Mal2	Mal2	chr15	+	0	0		0		0		no
ENSMUST00000050027.8|ENSMUSG00000037362|Ccn3	Ccn3	chr15	+	0	0		0		0		no
ENSMUST00000041591.15|ENSMUSG00000022425|Enpp2	Enpp2	chr15	-	0	0		0		0		no
ENSMUST00000041733.8|ENSMUSG00000037343|Taf2	Taf2	chr15	-	0	0		0		0		no
ENSMUST00000226687.1|ENSMUSG00000022419|Deptor	Deptor	chr15	+	0	0		0		0		no
ENSMUST00000023053.11|ENSMUSG00000022371|Col14a1	Col14a1	chr15	+	0	0		0		0		no
ENSMUST00000164542.7|ENSMUSG00000022370|Mrpl13	Mrpl13	chr15	-	0	0		0		0		no
ENSMUST00000169517.1|ENSMUSG00000022369|Mtbp	Mtbp	chr15	+	0	0		0		0		no
ENSMUST00000039769.12|ENSMUSG00000060429|Sntb1	Sntb1	chr15	-	0	0		0		0		no
ENSMUST00000050544.7|ENSMUSG00000022367|Has2	Has2	chr15	-	0	0		0		0		no
ENSMUST00000022993.6|ENSMUSG00000022365|Derl1	Derl1	chr15	-	0	0		0		0		no
ENSMUST00000189159.1|ENSMUSG00000101892|9130401M01Rik	9130401M01Rik	chr15	-	0	0		0		0		no
ENSMUST00000038194.4|ENSMUSG00000022360|Atad2	Atad2	chr15	-	0	0		0		0		no
ENSMUST00000022986.7|ENSMUSG00000022358|Fbxo32	Fbxo32	chr15	-	0	0		0		0		no
ENSMUST00000037270.4|ENSMUSG00000037119|Fam91a1	Fam91a1	chr15	+	0	0		0		0		no
ENSMUST00000072113.5|ENSMUSG00000062373|Tmem65	Tmem65	chr15	-	0	0		0		0		no
ENSMUST00000036937.8|ENSMUSG00000037085|Trmt12	Trmt12	chr15	+	0	0		0		0		no
ENSMUST00000036904.6|ENSMUSG00000037075|Rnf139	Rnf139	chr15	+	0	0		0		0		no
ENSMUST00000228787.1|ENSMUSG00000115463|Gm49356	Gm49356	chr15	+	0	0		0		0		no
ENSMUST00000022977.13|ENSMUSG00000022351|Sqle	Sqle	chr15	+	0	0		0		0		no
ENSMUST00000227725.1|ENSMUSG00000022350|Washc5	Washc5	chr15	-	0	0		0		0		no
ENSMUST00000067543.7|ENSMUSG00000032501|Trib1	Trib1	chr15	+	0	0		0		0		no
ENSMUST00000100635.4|ENSMUSG00000072568|Lratd2	Lratd2	chr15	-	0	0		0		0		no
ENSMUST00000159327.1|ENSMUSG00000022346|Myc	Myc	chr15	+	0	0		0		0		no
ENSMUST00000063838.10|ENSMUSG00000022378|Fam49b	Fam49b	chr15	-	0	0		0		1	chr15:63931200-63931250(fdr=5.28e-04)	no
ENSMUST00000177371.7|ENSMUSG00000022377|Asap1	Asap1	chr15	-	0	0		0		0		no
ENSMUST00000015146.15|ENSMUSG00000015002|Efr3a	Efr3a	chr15	+	0	0		0		0		no
ENSMUST00000164163.7|ENSMUSG00000022372|Sla	Sla	chr15	-	0	0		0		0		no
ENSMUST00000147079.7|ENSMUSG00000005124|Ccn4	Ccn4	chr15	+	0	0		0		0		no
ENSMUST00000092640.5|ENSMUSG00000013846|St3gal1	St3gal1	chr15	-	0	0		0		0		no
ENSMUST00000162054.8|ENSMUSG00000022335|Zfat	Zfat	chr15	-	0	0		0		0		no
ENSMUST00000229683.1|ENSMUSG00000022332|Khdrbs3	Khdrbs3	chr15	+	0	0		0		0		no
ENSMUST00000089765.8|ENSMUSG00000068391|Chrac1	Chrac1	chr15	+	0	0		0		0		no
ENSMUST00000044113.11|ENSMUSG00000036698|Ago2	Ago2	chr15	-	0	0		0		0		no
ENSMUST00000226988.2|ENSMUSG00000022607|Ptk2	Ptk2	chr15	-	0	0		0		0		no
ENSMUST00000151288.7|ENSMUSG00000079020|Slc45a4	Slc45a4	chr15	-	0	0		0		0		no
ENSMUST00000165541.7|ENSMUSG00000059895|Ptp4a3	Ptp4a3	chr15	+	0	0		0		0		no
ENSMUST00000023268.13|ENSMUSG00000022602|Arc	Arc	chr15	-	0	0		0		0		no
ENSMUST00000050234.3|ENSMUSG00000046380|Jrk	Jrk	chr15	-	0	0		0		0		no
ENSMUST00000070923.2|ENSMUSG00000056665|Them6	Them6	chr15	+	0	0		0		0		no
ENSMUST00000023259.14|ENSMUSG00000022594|Lynx1	Lynx1	chr15	-	0	0		0		0		no
ENSMUST00000169343.7|ENSMUSG00000022587|Ly6e	Ly6e	chr15	+	0	0		0		0		no
ENSMUST00000189068.6|ENSMUSG00000075602|Ly6a	Ly6a	chr15	-	0	0		0		0		no
ENSMUST00000065408.15|ENSMUSG00000079018|Ly6c1	Ly6c1	chr15	-	0	0		0		0		no
ENSMUST00000100542.9|ENSMUSG00000022584|Ly6c2	Ly6c2	chr15	-	0	0		0		0		no
ENSMUST00000163116.7|ENSMUSG00000022577|Ly6h	Ly6h	chr15	-	0	0		0		0		no
ENSMUST00000054555.9|ENSMUSG00000047003|Zfp41	Zfp41	chr15	+	0	0		0		0		no
ENSMUST00000149407.7|ENSMUSG00000022580|Rhpn1	Rhpn1	chr15	+	0	0		0		0		no
ENSMUST00000100538.3|ENSMUSG00000075600|Zc3h3	Zc3h3	chr15	-	0	0		0		0		no
ENSMUST00000229571.1|ENSMUSG00000022574|Naprt	Naprt	chr15	-	0	0		0		0		no
ENSMUST00000154584.8|ENSMUSG00000055762|Eef1d	Eef1d	chr15	-	0	0		0		0		no
ENSMUST00000192937.1|ENSMUSG00000103906|Tigd5	Tigd5	chr15	+	0	0		0		0		no
ENSMUST00000053918.8|ENSMUSG00000022571|Pycrl	Pycrl	chr15	-	0	0		0		0		no
ENSMUST00000229085.1|ENSMUSG00000022570|Tsta3	Tsta3	chr15	-	0	0		0		0		no
ENSMUST00000037260.7|ENSMUSG00000050846|Zfp623	Zfp623	chr15	+	0	0		0		0		no
ENSMUST00000109966.7|ENSMUSG00000034429|Zfp707	Zfp707	chr15	+	0	0		0		0		no
ENSMUST00000182172.1|ENSMUSG00000098176|Ccdc166	Ccdc166	chr15	-	0	0		0		0		no
ENSMUST00000002603.11|ENSMUSG00000022568|Scrib	Scrib	chr15	-	0	0		0		0		no
ENSMUST00000227316.1|ENSMUSG00000002524|Puf60	Puf60	chr15	-	0	0		0		0		no
ENSMUST00000227605.1|ENSMUSG00000075590|Nrbp2	Nrbp2	chr15	-	0	0		0		0		no
ENSMUST00000054449.13|ENSMUSG00000022565|Plec	Plec	chr15	-	1	1	0.0015729021960538	50	chr15:76171050-76171100(fdr=1.57e-03)	0		yes
ENSMUST00000170226.1|ENSMUSG00000063268|Parp10	Parp10	chr15	-	0	0		0		0		no
ENSMUST00000023225.7|ENSMUSG00000022564|Grina	Grina	chr15	+	0	0		0		0		no
ENSMUST00000171192.1|ENSMUSG00000071724|Smpd5	Smpd5	chr15	+	0	0		0		0		no
ENSMUST00000230512.1|ENSMUSG00000034259|Exosc4	Exosc4	chr15	+	0	0		0		0		no
ENSMUST00000229013.1|ENSMUSG00000022551|Cyc1	Cyc1	chr15	+	0	0		0		0		no
ENSMUST00000230314.1|ENSMUSG00000022552|Sharpin	Sharpin	chr15	-	0	0		0		0		no
ENSMUST00000160172.7|ENSMUSG00000022553|Maf1	Maf1	chr15	+	0	0		0		0		no
ENSMUST00000023213.7|ENSMUSG00000022554|Hgh1	Hgh1	chr15	+	0	0		0		0		no
ENSMUST00000023217.10|ENSMUSG00000022557|Bop1	Bop1	chr15	-	0	0		0		0		no
ENSMUST00000043089.8|ENSMUSG00000034161|Scx	Scx	chr15	+	0	0		0		0		no
ENSMUST00000228757.1|ENSMUSG00000022556|Hsf1	Hsf1	chr15	+	0	0		0		0		no
ENSMUST00000023214.10|ENSMUSG00000022555|Dgat1	Dgat1	chr15	-	0	0		0		0		no
ENSMUST00000023220.9|ENSMUSG00000022560|Slc52a2	Slc52a2	chr15	+	0	0		0		0		no
ENSMUST00000161732.7|ENSMUSG00000022550|Adck5	Adck5	chr15	+	0	0		0		0		no
ENSMUST00000231042.1|ENSMUSG00000034022|Cpsf1	Cpsf1	chr15	-	0	0		0		0		no
ENSMUST00000081291.12|ENSMUSG00000053929|Cyhr1	Cyhr1	chr15	-	0	0		0		0		no
ENSMUST00000230964.1|ENSMUSG00000004187|Kifc2	Kifc2	chr15	+	0	0		0		0		no
ENSMUST00000156920.1|ENSMUSG00000033819|Ppp1r16a	Ppp1r16a	chr15	+	0	0		0		0		no
ENSMUST00000229734.1|ENSMUSG00000022546|Gpt	Gpt	chr15	+	0	0		0		0		no
ENSMUST00000127208.7|ENSMUSG00000033728|Lrrc14	Lrrc14	chr15	+	0	0		0		0		no
ENSMUST00000228990.1|ENSMUSG00000116138|C030006K11Rik	C030006K11Rik	chr15	-	0	0		0		0		no
ENSMUST00000036176.15|ENSMUSG00000033697|Arhgap39	Arhgap39	chr15	-	0	0		0		0		no
ENSMUST00000080406.6|ENSMUSG00000022526|Zfp251	Zfp251	chr15	-	0	0		0		0		no
ENSMUST00000230214.1|ENSMUSG00000116024|Gm49527	Gm49527	chr15	+	0	0		0		0		no
ENSMUST00000068407.5|ENSMUSG00000055041|Commd5	Commd5	chr15	+	0	0		0		0		no
ENSMUST00000229055.1|ENSMUSG00000054967|Zfp647	Zfp647	chr15	-	0	0		0		0		no
ENSMUST00000229229.1|ENSMUSG00000063236|1110038F14Rik	1110038F14Rik	chr15	+	0	0		0		0		no
ENSMUST00000171751.9|ENSMUSG00000033565|Rbfox2	Rbfox2	chr15	-	0	0		0		0		no
ENSMUST00000089465.5|ENSMUSG00000050014|Apol10b	Apol10b	chr15	-	0	0		0		0		no
ENSMUST00000109775.3|ENSMUSG00000068246|Apol9b	Apol9b	chr15	+	0	0		0		0		no
ENSMUST00000005860.15|ENSMUSG00000005716|Pvalb	Pvalb	chr15	-	0	0		0		0		no
ENSMUST00000096356.4|ENSMUSG00000071714|Csf2rb2	Csf2rb2	chr15	-	0	0		0		0		no
ENSMUST00000230264.2|ENSMUSG00000071713|Csf2rb	Csf2rb	chr15	+	0	0		0		0		no
ENSMUST00000043865.7|ENSMUSG00000071711|Mpst	Mpst	chr15	+	0	0		0		0		no
ENSMUST00000166142.9|ENSMUSG00000033287|Kctd17	Kctd17	chr15	+	0	0		0		0		no
ENSMUST00000229185.1|ENSMUSG00000022440|C1qtnf6	C1qtnf6	chr15	-	0	0		0		0		no
ENSMUST00000229248.1|ENSMUSG00000018008|Cyth4	Cyth4	chr15	+	0	0		0		0		no
ENSMUST00000018313.5|ENSMUSG00000018169|Mfng	Mfng	chr15	-	0	0		0		0		no
ENSMUST00000164826.7|ENSMUSG00000033170|Card10	Card10	chr15	-	0	0		0		0		no
ENSMUST00000059619.2|ENSMUSG00000049521|Cdc42ep1	Cdc42ep1	chr15	+	0	0		0		0		no
ENSMUST00000230192.1|ENSMUSG00000033128|Gga1	Gga1	chr15	+	0	0		0		0		no
ENSMUST00000134703.7|ENSMUSG00000116069|Gm49510	Gm49510	chr15	+	0	0		0		0		no
ENSMUST00000151146.7|ENSMUSG00000022436|Sh3bp1	Sh3bp1	chr15	+	0	0		0		0		no
ENSMUST00000089378.4|ENSMUSG00000116165|Pdxp	Pdxp	chr15	+	0	0		0		0		no
ENSMUST00000138880.8|ENSMUSG00000033099|Nol12	Nol12	chr15	+	0	0		0		0		no
ENSMUST00000109690.10|ENSMUSG00000033088|Triobp	Triobp	chr15	+	0	0		0		0		no
ENSMUST00000180086.2|ENSMUSG00000096210|H1f0	H1f0	chr15	+	0	0		0		0		no
ENSMUST00000006544.8|ENSMUSG00000006378|Gcat	Gcat	chr15	+	0	0		0		0		no
ENSMUST00000153003.2|ENSMUSG00000033055|Ankrd54	Ankrd54	chr15	-	0	0		0		0		no
ENSMUST00000229031.1|ENSMUSG00000033039|Micall1	Micall1	chr15	+	0	0		0		0		no
ENSMUST00000230532.1|ENSMUSG00000033006|Sox10	Sox10	chr15	-	0	0		0		0		no
ENSMUST00000163571.7|ENSMUSG00000068206|Pick1	Pick1	chr15	+	0	0		0		0		no
ENSMUST00000165408.7|ENSMUSG00000018126|Baiap2l2	Baiap2l2	chr15	-	0	0		0		0		no
ENSMUST00000174021.7|ENSMUSG00000042632|Pla2g6	Pla2g6	chr15	-	0	0		0		0		no
ENSMUST00000096350.10|ENSMUSG00000042622|Maff	Maff	chr15	+	0	0		0		0		no
ENSMUST00000074991.9|ENSMUSG00000009035|Tmem184b	Tmem184b	chr15	-	0	0		0		0		no
ENSMUST00000117786.7|ENSMUSG00000022433|Csnk1e	Csnk1e	chr15	-	0	0		0		0		no
ENSMUST00000057801.7|ENSMUSG00000044216|Kcnj4	Kcnj4	chr15	-	0	0		0		0		no
ENSMUST00000010974.8|ENSMUSG00000010830|Kdelr3	Kdelr3	chr15	+	0	0		0		0		no
ENSMUST00000023064.8|ENSMUSG00000022428|Cby1	Cby1	chr15	+	0	0		0		0		no
ENSMUST00000023062.4|ENSMUSG00000022427|Tomm22	Tomm22	chr15	+	0	0		0		0		no
ENSMUST00000023061.6|ENSMUSG00000022426|Josd1	Josd1	chr15	-	0	0		0		0		no
ENSMUST00000231095.1|ENSMUSG00000042535|Gtpbp1	Gtpbp1	chr15	+	0	0		0		0		no
ENSMUST00000023055.7|ENSMUSG00000022420|Dnal4	Dnal4	chr15	-	0	0		0		0		no
ENSMUST00000023057.9|ENSMUSG00000022421|Nptxr	Nptxr	chr15	-	0	0		0		0		no
ENSMUST00000109627.7|ENSMUSG00000089715|Cbx6	Cbx6	chr15	-	0	0		0		0		no
ENSMUST00000177006.7|ENSMUSG00000009585|Apobec3	Apobec3	chr15	+	0	0		0		0		no
ENSMUST00000109616.8|ENSMUSG00000053411|Cbx7	Cbx7	chr15	-	0	0		0		0		no
ENSMUST00000000500.7|ENSMUSG00000000489|Pdgfb	Pdgfb	chr15	-	0	0		0		0		no
ENSMUST00000187832.6|ENSMUSG00000060036|Rpl3	Rpl3	chr15	-	0	0		0		0		no
ENSMUST00000009727.11|ENSMUSG00000022415|Syngr1	Syngr1	chr15	+	0	0		0		0		no
ENSMUST00000023050.8|ENSMUSG00000022414|Tab1	Tab1	chr15	+	0	0		0		0		no
ENSMUST00000044970.6|ENSMUSG00000042428|Mgat3	Mgat3	chr15	+	0	0		0		0		no
ENSMUST00000228788.2|ENSMUSG00000022412|Mief1	Mief1	chr15	+	0	0		0		0		no
ENSMUST00000067689.8|ENSMUSG00000047888|Tnrc6b	Tnrc6b	chr15	+	0	0		0		0		no
ENSMUST00000166711.7|ENSMUSG00000022407|Adsl	Adsl	chr15	+	0	0		0		0		no
ENSMUST00000134469.8|ENSMUSG00000042292|Mrtfa	Mrtfa	chr15	-	0	0		0		0		no
ENSMUST00000166855.2|ENSMUSG00000050164|Mchr1	Mchr1	chr15	+	0	0		0		0		no
ENSMUST00000230309.1|ENSMUSG00000022404|Slc25a17	Slc25a17	chr15	-	0	0		0		0		no
ENSMUST00000172107.7|ENSMUSG00000022403|St13	St13	chr15	-	0	0		0		0		no
ENSMUST00000023036.6|ENSMUSG00000022400|Rbx1	Rbx1	chr15	+	0	0		0		0		no
ENSMUST00000068387.10|ENSMUSG00000055024|Ep300	Ep300	chr15	+	0	0		0		0		no
ENSMUST00000173598.7|ENSMUSG00000063765|Chadl	Chadl	chr15	-	0	0		0		0		no
ENSMUST00000170134.8|ENSMUSG00000022391|Rangap1	Rangap1	chr15	-	0	0		0		0		no
ENSMUST00000109553.9|ENSMUSG00000022389|Tef	Tef	chr15	+	0	0		0		0		no
ENSMUST00000050467.8|ENSMUSG00000048546|Tob2	Tob2	chr15	-	0	0		0		0		no
ENSMUST00000023117.9|ENSMUSG00000061360|Phf5a	Phf5a	chr15	-	0	0		0		0		no
ENSMUST00000023116.6|ENSMUSG00000022477|Aco2	Aco2	chr15	+	0	0		0		0		no
ENSMUST00000023113.6|ENSMUSG00000022476|Polr3h	Polr3h	chr15	-	0	0		0		0		no
ENSMUST00000038757.7|ENSMUSG00000042109|Csdc2	Csdc2	chr15	+	0	0		0		0		no
ENSMUST00000155781.1|ENSMUSG00000022474|Pmm1	Pmm1	chr15	-	0	0		0		0		no
ENSMUST00000023110.6|ENSMUSG00000022472|Desi1	Desi1	chr15	-	0	0		0		0		no
ENSMUST00000080622.8|ENSMUSG00000063480|Snu13	Snu13	chr15	-	0	0		0		0		no
ENSMUST00000023100.7|ENSMUSG00000022463|Srebf2	Srebf2	chr15	+	0	0		0		0		no
ENSMUST00000089157.10|ENSMUSG00000068101|Cenpm	Cenpm	chr15	-	0	0		0		0		no
ENSMUST00000143238.1|ENSMUSG00000068099|1500009C09Rik	1500009C09Rik	chr15	+	0	0		0		0		no
ENSMUST00000239048.1|ENSMUSG00000022456|Septin3	Septin3	chr15	+	0	0		0		0		no
ENSMUST00000230139.1|ENSMUSG00000022453|Naga	Naga	chr15	-	0	0		0		0		no
ENSMUST00000161178.1|ENSMUSG00000049687|Pheta2	Pheta2	chr15	+	0	0		0		0		no
ENSMUST00000161892.1|ENSMUSG00000022452|Smdt1	Smdt1	chr15	+	0	0		0		0		no
ENSMUST00000023083.8|ENSMUSG00000061740|Cyp2d22	Cyp2d22	chr15	-	0	0		0		0		no
ENSMUST00000100377.11|ENSMUSG00000058099|Nfam1	Nfam1	chr15	-	0	0		0		0		no
ENSMUST00000018184.9|ENSMUSG00000018040|Rrp7a	Rrp7a	chr15	-	0	0		0		0		no
ENSMUST00000058793.13|ENSMUSG00000041815|Poldip3	Poldip3	chr15	-	0	0		0		0		no
ENSMUST00000049530.13|ENSMUSG00000047878|A4galt	A4galt	chr15	-	0	0		0		0		no
ENSMUST00000067215.8|ENSMUSG00000054277|Arfgap3	Arfgap3	chr15	-	0	0		0		0		no
ENSMUST00000171436.7|ENSMUSG00000016664|Pacsin2	Pacsin2	chr15	-	0	0		0		0		no
ENSMUST00000061882.9|ENSMUSG00000048755|Mcat	Mcat	chr15	-	0	0		0		0		no
ENSMUST00000047419.7|ENSMUSG00000041736|Tspo	Tspo	chr15	+	0	0		0		0		no
ENSMUST00000136066.7|ENSMUSG00000016757|Ttll12	Ttll12	chr15	-	0	0		0		0		no
ENSMUST00000043634.11|ENSMUSG00000016763|Scube1	Scube1	chr15	-	0	0		0		0		no
ENSMUST00000123387.8|ENSMUSG00000041708|Mpped1	Mpped1	chr15	+	0	0		0		0		no
ENSMUST00000023071.7|ENSMUSG00000022437|Samm50	Samm50	chr15	+	0	0		0		0		no
ENSMUST00000163667.1|ENSMUSG00000022439|Parvg	Parvg	chr15	+	0	0		0		0		no
ENSMUST00000069476.4|ENSMUSG00000055745|Rtl6	Rtl6	chr15	-	0	0		0		0		no
ENSMUST00000171460.7|ENSMUSG00000036106|Prr5	Prr5	chr15	+	0	0		0		0		no
ENSMUST00000165443.3|ENSMUSG00000016619|Nup50	Nup50	chr15	+	0	0		0		0		no
ENSMUST00000047144.12|ENSMUSG00000036046|5031439G07Rik	5031439G07Rik	chr15	-	0	0		0		0		no
ENSMUST00000023069.8|ENSMUSG00000022434|Fam118a	Fam118a	chr15	+	0	0		0		0		no
ENSMUST00000057410.13|ENSMUSG00000006369|Fbln1	Fbln1	chr15	+	0	0		0		0		no
ENSMUST00000109424.3|ENSMUSG00000022382|Wnt7b	Wnt7b	chr15	-	0	0		0		0		no
ENSMUST00000109422.7|ENSMUSG00000022383|Ppara	Ppara	chr15	+	0	0		0		0		no
ENSMUST00000071876.12|ENSMUSG00000064284|Cdpf1	Cdpf1	chr15	-	0	0		0		0		no
ENSMUST00000124011.1|ENSMUSG00000035944|Ttc38	Ttc38	chr15	+	0	0		0		0		no
ENSMUST00000231074.1|ENSMUSG00000022385|Gtse1	Gtse1	chr15	+	0	0		0		0		no
ENSMUST00000162339.7|ENSMUSG00000022386|Trmu	Trmu	chr15	+	0	0		0		0		no
ENSMUST00000123349.1|ENSMUSG00000035900|Gramd4	Gramd4	chr15	+	0	0		0		0		no
ENSMUST00000044332.15|ENSMUSG00000035891|Cerk	Cerk	chr15	-	0	0		0		0		no
ENSMUST00000063414.8|ENSMUSG00000051864|Tbc1d22a	Tbc1d22a	chr15	+	0	0		0		0		no
ENSMUST00000068088.7|ENSMUSG00000054863|Tafa5	Tafa5	chr15	+	0	0		0		0		no
ENSMUST00000109381.8|ENSMUSG00000022387|Brd1	Brd1	chr15	-	0	0		0		0		no
ENSMUST00000162183.7|ENSMUSG00000035845|Alg12	Alg12	chr15	-	0	0		0		0		no
ENSMUST00000024042.4|ENSMUSG00000023272|Creld2	Creld2	chr15	+	0	0		0		0		no
ENSMUST00000042818.10|ENSMUSG00000035828|Pim3	Pim3	chr15	+	0	0		0		0		no
ENSMUST00000042594.12|ENSMUSG00000035805|Mlc1	Mlc1	chr15	-	0	0		0		0		no
ENSMUST00000162424.1|ENSMUSG00000058441|Panx2	Panx2	chr15	+	0	0		0		0		no
ENSMUST00000169870.7|ENSMUSG00000015363|Trabd	Trabd	chr15	+	0	0		0		0		no
ENSMUST00000130700.7|ENSMUSG00000035757|Selenoo	Selenoo	chr15	+	0	0		0		0		no
ENSMUST00000109353.8|ENSMUSG00000051786|Tubgcp6	Tubgcp6	chr15	-	0	0		0		0		no
ENSMUST00000109347.1|ENSMUSG00000062906|Hdac10	Hdac10	chr15	-	0	0		0		0		no
ENSMUST00000088827.7|ENSMUSG00000022610|Mapk12	Mapk12	chr15	-	0	0		0		0		no
ENSMUST00000088823.4|ENSMUSG00000053137|Mapk11	Mapk11	chr15	-	0	0		0		0		no
ENSMUST00000060808.9|ENSMUSG00000036606|Plxnb2	Plxnb2	chr15	-	0	0		0		0		no
ENSMUST00000124576.7|ENSMUSG00000036529|Sbf1	Sbf1	chr15	-	0	0		0		0		no
ENSMUST00000023283.5|ENSMUSG00000022614|Lmf2	Lmf2	chr15	-	0	0		0		0		no
ENSMUST00000145259.7|ENSMUSG00000008690|Ncaph2	Ncaph2	chr15	+	0	0		0		0		no
ENSMUST00000023285.4|ENSMUSG00000022615|Tymp	Tymp	chr15	-	0	0		0		0		no
ENSMUST00000052315.12|ENSMUSG00000116461|Gm44502	Gm44502	chr15	-	0	0		0		0		no
ENSMUST00000171666.7|ENSMUSG00000022617|Chkb	Chkb	chr15	-	0	0		0		0		no
ENSMUST00000023291.5|ENSMUSG00000022619|Mapk8ip2	Mapk8ip2	chr15	+	0	0		0		0		no
ENSMUST00000165199.7|ENSMUSG00000022620|Arsa	Arsa	chr15	-	0	0		0		0		no
ENSMUST00000229559.1|ENSMUSG00000022623|Shank3	Shank3	chr15	+	0	0		0		0		no
ENSMUST00000171580.7|ENSMUSG00000022621|Rabl2	Rabl2	chr15	-	0	0		0		0		no
ENSMUST00000088649.10|ENSMUSG00000052560|Cpne8	Cpne8	chr15	-	0	0		0		0		no
ENSMUST00000109288.8|ENSMUSG00000022629|Kif21a	Kif21a	chr15	-	0	0		0		0		no
ENSMUST00000069511.7|ENSMUSG00000055782|Abcd2	Abcd2	chr15	-	0	0		0		0		no
ENSMUST00000109283.1|ENSMUSG00000036298|Slc2a13	Slc2a13	chr15	-	0	0		0		0		no
ENSMUST00000060642.6|ENSMUSG00000036273|Lrrk2	Lrrk2	chr15	+	0	0		0		0		no
ENSMUST00000169825.7|ENSMUSG00000055022|Cntn1	Cntn1	chr15	+	0	0		0		0		no
ENSMUST00000133736.1|ENSMUSG00000022634|Yaf2	Yaf2	chr15	-	0	0		0		0		no
ENSMUST00000161409.1|ENSMUSG00000022635|Zcrb1	Zcrb1	chr15	-	0	0		0		0		no
ENSMUST00000049122.15|ENSMUSG00000036167|Pphln1	Pphln1	chr15	+	0	0		0		0		no
ENSMUST00000109255.2|ENSMUSG00000036158|Prickle1	Prickle1	chr15	-	0	0		0		0		no
ENSMUST00000049151.3|ENSMUSG00000033356|Pus7l	Pus7l	chr15	-	0	0		0		0		no
ENSMUST00000109248.1|ENSMUSG00000059883|Irak4	Irak4	chr15	+	0	0		0		0		no
ENSMUST00000023087.12|ENSMUSG00000022451|Twf1	Twf1	chr15	-	0	0		0		0		no
ENSMUST00000054244.6|ENSMUSG00000045608|Dbx2	Dbx2	chr15	-	0	0		0		0		no
ENSMUST00000096250.4|ENSMUSG00000033237|Arid2	Arid2	chr15	+	0	0		0		0		no
ENSMUST00000088454.12|ENSMUSG00000023169|Slc38a1	Slc38a1	chr15	-	0	0		0		0		no
ENSMUST00000023099.7|ENSMUSG00000022462|Slc38a2	Slc38a2	chr15	-	0	0		0		0		no
ENSMUST00000231039.1|ENSMUSG00000022464|Slc38a4	Slc38a4	chr15	-	0	0		0		0		no
ENSMUST00000229890.1|ENSMUSG00000048218|Amigo2	Amigo2	chr15	-	0	0		0		0		no
ENSMUST00000023104.6|ENSMUSG00000022466|Rpap3	Rpap3	chr15	-	0	0		0		0		no
ENSMUST00000175894.7|ENSMUSG00000022469|Rapgef3	Rapgef3	chr15	-	0	0		0		0		no
ENSMUST00000023119.14|ENSMUSG00000022479|Vdr	Vdr	chr15	-	0	0		0		0		no
ENSMUST00000064200.8|ENSMUSG00000052369|Tmem106c	Tmem106c	chr15	+	0	0		0		0		no
ENSMUST00000180716.7|ENSMUSG00000033075|Senp1	Senp1	chr15	-	0	0		0		0		no
ENSMUST00000230445.1|ENSMUSG00000033065|Pfkm	Pfkm	chr15	+	0	0		0		0		no
ENSMUST00000143400.7|ENSMUSG00000048175|Asb8	Asb8	chr15	-	0	0		0		0		no
ENSMUST00000031914.5|ENSMUSG00000029875|Ccdc184	Ccdc184	chr15	+	0	0		0		0		no
ENSMUST00000170618.7|ENSMUSG00000090129|Olfr287	Olfr287	chr15	-	0	0		0		0		no
ENSMUST00000231066.1|ENSMUSG00000022992|Kansl2	Kansl2	chr15	-	0	0		0		0		no
ENSMUST00000228903.1|ENSMUSG00000022994|Adcy6	Adcy6	chr15	-	0	0		0		0		no
ENSMUST00000109150.8|ENSMUSG00000003352|Cacnb3	Cacnb3	chr15	+	0	0		0		0		no
ENSMUST00000003451.10|ENSMUSG00000054855|Rnd1	Rnd1	chr15	-	0	0		0		0		no
ENSMUST00000053183.11|ENSMUSG00000051853|Arf3	Arf3	chr15	-	0	0		0		0		no
ENSMUST00000075444.7|ENSMUSG00000059213|Ddn	Ddn	chr15	-	0	0		0		0		no
ENSMUST00000168846.2|ENSMUSG00000067713|Prkag1	Prkag1	chr15	-	0	0		0		0		no
ENSMUST00000229348.1|ENSMUSG00000023755|Rhebl1	Rhebl1	chr15	-	0	0		0		0		no
ENSMUST00000023737.5|ENSMUSG00000023000|Dhh	Dhh	chr15	-	0	0		0		0		no
ENSMUST00000023736.9|ENSMUSG00000022999|Lmbr1l	Lmbr1l	chr15	-	0	0		0		0		no
ENSMUST00000097014.6|ENSMUSG00000072235|Tuba1a	Tuba1a	chr15	-	0	0		0		0		no
ENSMUST00000063517.5|ENSMUSG00000051934|Spats2	Spats2	chr15	+	0	0		0		0		no
ENSMUST00000041415.4|ENSMUSG00000037579|Kcnh3	Kcnh3	chr15	+	0	0		0		0		no
ENSMUST00000229399.1|ENSMUSG00000037570|Mcrs1	Mcrs1	chr15	-	0	0		0		0		no
ENSMUST00000140806.7|ENSMUSG00000023007|Prpf40b	Prpf40b	chr15	+	0	0		0		0		no
ENSMUST00000023749.14|ENSMUSG00000023010|Tmbim6	Tmbim6	chr15	+	0	0		0		0		no
ENSMUST00000023747.13|ENSMUSG00000023009|Nckap5l	Nckap5l	chr15	-	0	0		0		0		no
ENSMUST00000040313.5|ENSMUSG00000037525|Bcdin3d	Bcdin3d	chr15	-	0	0		0		0		no
ENSMUST00000023750.8|ENSMUSG00000023011|Faim2	Faim2	chr15	-	0	0		0		0		no
ENSMUST00000168065.7|ENSMUSG00000023015|Racgap1	Racgap1	chr15	-	0	0		0		0		no
ENSMUST00000023758.8|ENSMUSG00000023017|Asic1	Asic1	chr15	+	0	0		0		0		no
ENSMUST00000023759.5|ENSMUSG00000023018|Smarcd1	Smarcd1	chr15	+	0	0		0		0		no
ENSMUST00000023760.12|ENSMUSG00000023019|Gpd1	Gpd1	chr15	+	0	0		0		0		no
ENSMUST00000023761.3|ENSMUSG00000023020|Cox14	Cox14	chr15	+	0	0		0		0		no
ENSMUST00000176248.7|ENSMUSG00000023021|Cers5	Cers5	chr15	-	0	0		0		0		no
ENSMUST00000109024.8|ENSMUSG00000023022|Lima1	Lima1	chr15	-	0	0		0		0		no
ENSMUST00000100203.9|ENSMUSG00000023026|Dip2b	Dip2b	chr15	+	0	0		0		0		no
ENSMUST00000168103.1|ENSMUSG00000023027|Atf1	Atf1	chr15	+	0	0		0		0		no
ENSMUST00000231166.1|ENSMUSG00000054619|Mettl7a1	Mettl7a1	chr15	+	0	0		0		0		no
ENSMUST00000138843.7|ENSMUSG00000023030|Slc11a2	Slc11a2	chr15	-	0	0		0		0		no
ENSMUST00000229012.1|ENSMUSG00000037353|Letmd1	Letmd1	chr15	+	0	0		0		0		no
ENSMUST00000061457.6|ENSMUSG00000044636|Csrnp2	Csrnp2	chr15	-	0	0		0		0		no
ENSMUST00000229696.1|ENSMUSG00000009733|Tfcp2	Tfcp2	chr15	-	0	0		0		0		no
ENSMUST00000000356.9|ENSMUSG00000000346|Dazap2	Dazap2	chr15	+	0	0		0		0		no
ENSMUST00000230280.1|ENSMUSG00000053559|Smagp	Smagp	chr15	-	0	0		0		0		no
ENSMUST00000183211.7|ENSMUSG00000098112|Bin2	Bin2	chr15	-	0	0		0		0		no
ENSMUST00000230572.1|ENSMUSG00000023031|Cela1	Cela1	chr15	-	0	0		0		0		no
ENSMUST00000159715.7|ENSMUSG00000037280|Galnt6	Galnt6	chr15	-	0	0		0		0		no
ENSMUST00000023776.12|ENSMUSG00000023032|Slc4a8	Slc4a8	chr15	+	0	0		0		0		no
ENSMUST00000108909.8|ENSMUSG00000023033|Scn8a	Scn8a	chr15	+	0	0		0		0		no
ENSMUST00000000542.13|ENSMUSG00000000530|Acvrl1	Acvrl1	chr15	+	0	0		0		0		no
ENSMUST00000000543.5|ENSMUSG00000000531|Grasp	Grasp	chr15	+	0	0		0		0		no
ENSMUST00000228985.1|ENSMUSG00000023034|Nr4a1	Nr4a1	chr15	+	0	0		0		0		no
ENSMUST00000048393.7|ENSMUSG00000037204|Atg101	Atg101	chr15	+	0	0		0		0		no
ENSMUST00000023790.4|ENSMUSG00000046834|Krt1	Krt1	chr15	-	0	0		0		0		no
ENSMUST00000169681.2|ENSMUSG00000058655|Eif4b	Eif4b	chr15	+	0	0		0		0		no
ENSMUST00000169627.8|ENSMUSG00000037003|Tns2	Tns2	chr15	+	0	0		0		0		no
ENSMUST00000154032.1|ENSMUSG00000036966|Spryd3	Spryd3	chr15	-	0	0		0		0		no
ENSMUST00000023807.6|ENSMUSG00000023046|Igfbp6	Igfbp6	chr15	+	0	0		0		0		no
ENSMUST00000230322.1|ENSMUSG00000023044|Csad	Csad	chr15	-	0	0		0		0		no
ENSMUST00000119800.7|ENSMUSG00000046897|Zfp740	Zfp740	chr15	+	0	0		0		0		no
ENSMUST00000043172.14|ENSMUSG00000001288|Rarg	Rarg	chr15	-	0	0		0		0		no
ENSMUST00000051341.5|ENSMUSG00000045665|Mfsd5	Mfsd5	chr15	+	0	0		0		0		no
ENSMUST00000001335.6|ENSMUSG00000001289|Pfdn5	Pfdn5	chr15	+	0	0		0		0		no
ENSMUST00000229900.1|ENSMUSG00000036678|Aaas	Aaas	chr15	-	0	0		0		0		no
ENSMUST00000001326.6|ENSMUSG00000001280|Sp1	Sp1	chr15	+	0	0		0		0		no
ENSMUST00000023810.11|ENSMUSG00000023048|Prr13	Prr13	chr15	+	0	0		0		0		no
ENSMUST00000077037.12|ENSMUSG00000056851|Pcbp2	Pcbp2	chr15	+	0	0		0		0		no
ENSMUST00000023812.9|ENSMUSG00000023050|Map3k12	Map3k12	chr15	-	0	0		0		0		no
ENSMUST00000131184.7|ENSMUSG00000023051|Tarbp2	Tarbp2	chr15	+	0	0		0		0		no
ENSMUST00000183452.7|ENSMUSG00000099083|Atf7	Atf7	chr15	-	0	0		0		0		no
ENSMUST00000229398.1|ENSMUSG00000023055|Calcoco1	Calcoco1	chr15	-	0	0		0		0		no
ENSMUST00000229377.1|ENSMUSG00000036061|Smug1	Smug1	chr15	-	0	0		0		0		no
ENSMUST00000118152.7|ENSMUSG00000009575|Cbx5	Cbx5	chr15	-	0	0		0		0		no
ENSMUST00000230171.1|ENSMUSG00000046434|Hnrnpa1	Hnrnpa1	chr15	+	0	0		0		0		no
ENSMUST00000079824.5|ENSMUSG00000063234|Gpr84	Gpr84	chr15	-	0	0		0		0		no
ENSMUST00000229373.1|ENSMUSG00000000552|Zfp385a	Zfp385a	chr15	-	0	0		0		0		no
ENSMUST00000023133.7|ENSMUSG00000022490|Ppp1r1a	Ppp1r1a	chr15	-	0	0		0		0		no
ENSMUST00000143537.8|ENSMUSG00000005982|Naa60	Naa60	chr16	+	0	0		0		0		no
ENSMUST00000006139.7|ENSMUSG00000005983|1700037C18Rik	1700037C18Rik	chr16	-	0	0		0		0		no
ENSMUST00000139294.1|ENSMUSG00000014232|Cluap1	Cluap1	chr16	+	0	0		0		0		no
ENSMUST00000180200.7|ENSMUSG00000049871|Nlrc3	Nlrc3	chr16	-	0	0		0		0		no
ENSMUST00000150354.2|ENSMUSG00000005981|Trap1	Trap1	chr16	-	0	0		0		0		no
ENSMUST00000023165.8|ENSMUSG00000022521|Crebbp	Crebbp	chr16	-	0	0		0		0		no
ENSMUST00000117801.7|ENSMUSG00000005580|Adcy9	Adcy9	chr16	-	0	0		0		0		no
ENSMUST00000090500.9|ENSMUSG00000022519|Srl	Srl	chr16	-	0	0		0		0		no
ENSMUST00000014447.12|ENSMUSG00000014303|Glis2	Glis2	chr16	+	0	0		0		0		no
ENSMUST00000156889.7|ENSMUSG00000014301|Pam16	Pam16	chr16	-	0	0		0		0		no
ENSMUST00000038770.3|ENSMUSG00000039646|Vasn	Vasn	chr16	+	0	0		0		0		no
ENSMUST00000004172.14|ENSMUSG00000004070|Hmox2	Hmox2	chr16	+	0	0		0		0		no
ENSMUST00000004173.11|ENSMUSG00000004071|Cdip1	Cdip1	chr16	-	0	0		0		0		no
ENSMUST00000037843.6|ENSMUSG00000039568|Ubald1	Ubald1	chr16	-	0	0		0		0		no
ENSMUST00000070658.15|ENSMUSG00000022517|Mgrn1	Mgrn1	chr16	+	0	0		0		0		no
ENSMUST00000050881.9|ENSMUSG00000022516|Nudt16l1	Nudt16l1	chr16	+	0	0		0		0		no
ENSMUST00000231036.1|ENSMUSG00000022515|Anks3	Anks3	chr16	-	0	0		0		0		no
ENSMUST00000202281.3|ENSMUSG00000022540|Rogdi	Rogdi	chr16	-	0	0		0		0		no
ENSMUST00000115844.2|ENSMUSG00000022536|Glyr1	Glyr1	chr16	-	0	0		0		0		no
ENSMUST00000230703.1|ENSMUSG00000039473|Ubn1	Ubn1	chr16	+	0	0		0		0		no
ENSMUST00000147567.1|ENSMUSG00000023143|Nagpa	Nagpa	chr16	-	0	0		0		0		no
ENSMUST00000049207.8|ENSMUSG00000039427|Alg1	Alg1	chr16	+	0	0		0		0		no
ENSMUST00000064635.11|ENSMUSG00000022544|Eef2kmt	Eef2kmt	chr16	-	0	0		0		0		no
ENSMUST00000056416.8|ENSMUSG00000008658|Rbfox1	Rbfox1	chr16	+	0	0		0		0		no
ENSMUST00000065987.13|ENSMUSG00000057880|Abat	Abat	chr16	+	0	0		0		0		no
ENSMUST00000052505.9|ENSMUSG00000043140|Tmem186	Tmem186	chr16	-	0	0		0		0		no
ENSMUST00000230828.1|ENSMUSG00000022711|Pmm2	Pmm2	chr16	+	0	0		0		0		no
ENSMUST00000008537.9|ENSMUSG00000008393|Carhsp1	Carhsp1	chr16	-	0	0		0		0		no
ENSMUST00000160326.7|ENSMUSG00000022710|Usp7	Usp7	chr16	-	0	0		0		0		no
ENSMUST00000023150.6|ENSMUSG00000022507|1810013L24Rik	1810013L24Rik	chr16	+	0	0		0		0		no
ENSMUST00000078357.4|ENSMUSG00000022505|Emp2	Emp2	chr16	-	0	0		0		0		no
ENSMUST00000023146.4|ENSMUSG00000022503|Nubp1	Nubp1	chr16	+	0	0		0		0		no
ENSMUST00000128288.7|ENSMUSG00000050908|Tvp23a	Tvp23a	chr16	-	0	0		0		0		no
ENSMUST00000184863.7|ENSMUSG00000038055|Dexi	Dexi	chr16	-	0	0		0		0		no
ENSMUST00000229866.1|ENSMUSG00000038037|Socs1	Socs1	chr16	-	0	0		0		0		no
ENSMUST00000023143.13|ENSMUSG00000022500|Litaf	Litaf	chr16	-	0	0		0		0		no
ENSMUST00000089011.5|ENSMUSG00000037972|Snn	Snn	chr16	+	0	0		0		0		no
ENSMUST00000147884.1|ENSMUSG00000022498|Txndc11	Txndc11	chr16	-	0	0		0		0		no
ENSMUST00000140755.7|ENSMUSG00000037965|Zc3h7a	Zc3h7a	chr16	-	0	0		0		0		no
ENSMUST00000230232.1|ENSMUSG00000005846|Rsl1d1	Rsl1d1	chr16	-	0	0		0		0		no
ENSMUST00000167571.7|ENSMUSG00000062203|Gspt1	Gspt1	chr16	-	0	0		0		0		no
ENSMUST00000096272.10|ENSMUSG00000065979|Cpped1	Cpped1	chr16	-	0	0		0		0		no
ENSMUST00000149359.1|ENSMUSG00000009569|Mrtfb	Mrtfb	chr16	+	0	0		0		0		no
ENSMUST00000127973.7|ENSMUSG00000022684|Bfar	Bfar	chr16	+	0	0		0		0		no
ENSMUST00000239037.1|ENSMUSG00000118559|A930007A09Rik	A930007A09Rik	chr16	+	0	0		0		0		no
ENSMUST00000023363.7|ENSMUSG00000022682|Rrn3	Rrn3	chr16	+	0	0		0		0		no
ENSMUST00000023361.11|ENSMUSG00000022680|Pdxdc1	Pdxdc1	chr16	-	0	0		0		0		no
ENSMUST00000118412.7|ENSMUSG00000044117|Bmerb1	Bmerb1	chr16	+	0	0		0		0		no
ENSMUST00000132316.7|ENSMUSG00000022678|Nde1	Nde1	chr16	+	0	0		0		0		no
ENSMUST00000120707.1|ENSMUSG00000022677|Fopnl	Fopnl	chr16	-	0	0		0		0		no
ENSMUST00000133454.7|ENSMUSG00000023088|Abcc1	Abcc1	chr16	+	0	0		0		0		no
ENSMUST00000023356.7|ENSMUSG00000022676|Snai2	Snai2	chr16	+	0	0		0		0		no
ENSMUST00000229859.1|ENSMUSG00000022674|Ube2v2	Ube2v2	chr16	-	0	0		0		0		no
ENSMUST00000023353.3|ENSMUSG00000022673|Mcm4	Mcm4	chr16	-	0	0		0		0		no
ENSMUST00000229680.1|ENSMUSG00000022671|Mzt2	Mzt2	chr16	-	0	0		0		0		no
ENSMUST00000096232.5|ENSMUSG00000071637|Cebpd	Cebpd	chr16	+	0	0		0		0		no
ENSMUST00000040248.8|ENSMUSG00000041974|Spidr	Spidr	chr16	-	0	0		0		0		no
ENSMUST00000023477.14|ENSMUSG00000022789|Dnm1l	Dnm1l	chr16	-	0	0		0		0		no
ENSMUST00000161861.7|ENSMUSG00000022788|Fgd4	Fgd4	chr16	-	0	0		0		0		no
ENSMUST00000027373.11|ENSMUSG00000026181|Ppm1f	Ppm1f	chr16	+	0	0		0		0		no
ENSMUST00000069107.13|ENSMUSG00000063358|Mapk1	Mapk1	chr16	+	0	0		0		0		no
ENSMUST00000231394.1|ENSMUSG00000022773|Ypel1	Ypel1	chr16	+	0	0		0		0		no
ENSMUST00000231451.1|ENSMUSG00000022771|Ppil2	Ppil2	chr16	-	0	0		0		0		no
ENSMUST00000023453.9|ENSMUSG00000022769|Sdf2l1	Sdf2l1	chr16	-	0	0		0		0		no
ENSMUST00000164950.10|ENSMUSG00000055692|Tmem191c	Tmem191c	chr16	+	0	0		0		0		no
ENSMUST00000231651.1|ENSMUSG00000041720|Pi4ka	Pi4ka	chr16	-	0	0		0		0		no
ENSMUST00000023450.14|ENSMUSG00000022766|Serpind1	Serpind1	chr16	+	0	0		0		0		no
ENSMUST00000023449.10|ENSMUSG00000022765|Snap29	Snap29	chr16	+	0	0		0		0		no
ENSMUST00000006293.4|ENSMUSG00000006134|Crkl	Crkl	chr16	+	0	0		0		0		no
ENSMUST00000115685.9|ENSMUSG00000022763|Aifm3	Aifm3	chr16	+	0	0		0		0		no
ENSMUST00000231994.1|ENSMUSG00000022761|Lztr1	Lztr1	chr16	+	0	0		0		0		no
ENSMUST00000232114.1|ENSMUSG00000022760|Thap7	Thap7	chr16	-	0	0		0		0		no
ENSMUST00000172164.9|ENSMUSG00000022756|Slc7a4	Slc7a4	chr16	-	0	0		0		0		no
ENSMUST00000231627.1|ENSMUSG00000005899|Smpd4	Smpd4	chr16	+	0	0		0		0		no
ENSMUST00000182368.7|ENSMUSG00000041617|Ccdc74a	Ccdc74a	chr16	+	0	0		0		0		no
ENSMUST00000232236.1|ENSMUSG00000012114|Med15	Med15	chr16	-	0	0		0		0		no
ENSMUST00000120488.2|ENSMUSG00000022750|Klhl22	Klhl22	chr16	+	0	0		0		0		no
ENSMUST00000232577.1|ENSMUSG00000012017|Scarf2	Scarf2	chr16	+	0	0		0		0		no
ENSMUST00000231909.1|ENSMUSG00000116652|B830017H08Rik	B830017H08Rik	chr16	+	0	0		0		0		no
ENSMUST00000117945.7|ENSMUSG00000003166|Dgcr2	Dgcr2	chr16	-	0	0		0		0		no
ENSMUST00000232423.1|ENSMUSG00000003527|Ess2	Ess2	chr16	-	0	0		0		0		no
ENSMUST00000003622.15|ENSMUSG00000003528|Slc25a1	Slc25a1	chr16	-	0	0		0		0		no
ENSMUST00000155387.7|ENSMUSG00000003531|Dgcr6	Dgcr6	chr16	+	0	0		0		0		no
ENSMUST00000141635.7|ENSMUSG00000003526|Prodh	Prodh	chr16	-	0	0		0		0		no
ENSMUST00000076957.6|ENSMUSG00000060166|Zdhhc8	Zdhhc8	chr16	-	0	0		0		0		no
ENSMUST00000115645.9|ENSMUSG00000005732|Ranbp1	Ranbp1	chr16	-	0	0		0		0		no
ENSMUST00000232144.1|ENSMUSG00000116925|Gm49776	Gm49776	chr16	-	0	0		0		0		no
ENSMUST00000140206.7|ENSMUSG00000022721|Trmt2a	Trmt2a	chr16	+	0	0		0		0		no
ENSMUST00000009321.10|ENSMUSG00000022718|Dgcr8	Dgcr8	chr16	-	0	0		0		0		no
ENSMUST00000128580.7|ENSMUSG00000013539|Tango2	Tango2	chr16	-	0	0		0		0		no
ENSMUST00000165430.7|ENSMUSG00000000326|Comt	Comt	chr16	-	0	0		0		0		no
ENSMUST00000115605.7|ENSMUSG00000075704|Txnrd2	Txnrd2	chr16	+	0	0		0		0		no
ENSMUST00000000904.14|ENSMUSG00000000884|Gnb1l	Gnb1l	chr16	+	0	0		0		0		no
ENSMUST00000232143.1|ENSMUSG00000009097|Tbx1	Tbx1	chr16	-	0	0		0		0		no
ENSMUST00000167388.2|ENSMUSG00000050761|Gp1bb	Gp1bb	chr16	-	0	0		0		0		no
ENSMUST00000231335.1|ENSMUSG00000116594|Gm49601	Gm49601	chr16	-	0	0		0		0		no
ENSMUST00000232653.1|ENSMUSG00000072214|Septin5	Septin5	chr16	-	0	0		0		0		no
ENSMUST00000043577.2|ENSMUSG00000041378|Cldn5	Cldn5	chr16	+	0	0		0		0		no
ENSMUST00000172013.8|ENSMUSG00000005262|Ufd1	Ufd1	chr16	+	0	0		0		0		no
ENSMUST00000055413.12|ENSMUSG00000071632|2510002D24Rik	2510002D24Rik	chr16	+	0	0		0		0		no
ENSMUST00000190050.1|ENSMUSG00000099908|Gm28539	Gm28539	chr16	+	0	0		0		0		no
ENSMUST00000023391.15|ENSMUSG00000022706|Mrpl40	Mrpl40	chr16	-	0	0		0		0		no
ENSMUST00000153397.7|ENSMUSG00000022702|Hira	Hira	chr16	+	0	0		0		0		no
ENSMUST00000164397.7|ENSMUSG00000022686|B3gnt5	B3gnt5	chr16	+	0	0		0		0		no
ENSMUST00000058839.9|ENSMUSG00000043008|Klhl6	Klhl6	chr16	-	0	0		0		0		no
ENSMUST00000023509.4|ENSMUSG00000062901|Klhl24	Klhl24	chr16	+	0	0		0		0		no
ENSMUST00000232338.1|ENSMUSG00000041215|Yeats2	Yeats2	chr16	+	0	0		0		0		no
ENSMUST00000040880.8|ENSMUSG00000041205|Map6d1	Map6d1	chr16	-	0	0		0		0		no
ENSMUST00000148714.1|ENSMUSG00000003235|Eif2b5	Eif2b5	chr16	+	0	0		0		0		no
ENSMUST00000171572.8|ENSMUSG00000003233|Dvl3	Dvl3	chr16	+	0	0		0		0		no
ENSMUST00000007216.8|ENSMUSG00000022841|Ap2m1	Ap2m1	chr16	+	0	0		0		0		no
ENSMUST00000003319.5|ENSMUSG00000003234|Abcf3	Abcf3	chr16	+	0	0		0		0		no
ENSMUST00000149236.7|ENSMUSG00000046613|Vwa5b2	Vwa5b2	chr16	+	0	0		0		0		no
ENSMUST00000231362.1|ENSMUSG00000033809|Alg3	Alg3	chr16	-	0	0		0		0		no
ENSMUST00000120394.7|ENSMUSG00000115293|Gm49333	Gm49333	chr16	+	0	0		0		0		no
ENSMUST00000052939.2|ENSMUSG00000051146|Camk2n2	Camk2n2	chr16	-	0	0		0		0		no
ENSMUST00000172207.7|ENSMUSG00000006998|Psmd2	Psmd2	chr16	+	0	0		0		0		no
ENSMUST00000156226.7|ENSMUSG00000045983|Eif4g1	Eif4g1	chr16	+	0	0		0		0		no
ENSMUST00000056518.12|ENSMUSG00000050821|Fam131a	Fam131a	chr16	+	0	0		0		0		no
ENSMUST00000131522.7|ENSMUSG00000022843|Clcn2	Clcn2	chr16	-	0	0		0		0		no
ENSMUST00000231656.1|ENSMUSG00000021018|Polr2h	Polr2h	chr16	+	0	0		0		0		no
ENSMUST00000006112.6|ENSMUSG00000005958|Ephb3	Ephb3	chr16	+	0	0		0		0		no
ENSMUST00000023559.6|ENSMUSG00000022853|Ehhadh	Ehhadh	chr16	-	0	0		0		0		no
ENSMUST00000232635.1|ENSMUSG00000022856|Tmem41a	Tmem41a	chr16	-	0	0		0		0		no
ENSMUST00000100052.10|ENSMUSG00000033581|Igf2bp2	Igf2bp2	chr16	-	0	0		0		0		no
ENSMUST00000162413.8|ENSMUSG00000022858|Tra2b	Tra2b	chr16	-	0	0		0		0		no
ENSMUST00000170803.1|ENSMUSG00000013089|Etv5	Etv5	chr16	-	0	0		0		0		no
ENSMUST00000166487.9|ENSMUSG00000004460|Dnajb11	Dnajb11	chr16	+	0	0		0		0		no
ENSMUST00000160243.1|ENSMUSG00000060459|Kng2	Kng2	chr16	-	0	0		0		0		no
ENSMUST00000039492.13|ENSMUSG00000022875|Kng1	Kng1	chr16	+	0	0		0		0		no
ENSMUST00000147117.7|ENSMUSG00000022884|Eif4a2	Eif4a2	chr16	+	0	0		0		0		no
ENSMUST00000178797.7|ENSMUSG00000022885|St6gal1	St6gal1	chr16	+	0	0		0		0		no
ENSMUST00000209422.1|ENSMUSG00000033355|Rtp4	Rtp4	chr16	+	0	0		0		0		no
ENSMUST00000023151.5|ENSMUSG00000022508|Bcl6	Bcl6	chr16	-	0	0		0		0		no
ENSMUST00000038053.13|ENSMUSG00000033306|Lpp	Lpp	chr16	+	0	0		0		0		no
ENSMUST00000039990.5|ENSMUSG00000038168|P3h2	P3h2	chr16	-	0	0		0		0		no
ENSMUST00000023154.2|ENSMUSG00000022512|Cldn1	Cldn1	chr16	-	0	0		0		0		no
ENSMUST00000100026.9|ENSMUSG00000038127|Ccdc50	Ccdc50	chr16	+	0	0		0		0		no
ENSMUST00000100024.2|ENSMUSG00000022523|Fgf12	Fgf12	chr16	-	0	0		0		0		no
ENSMUST00000100023.2|ENSMUSG00000051065|Mb21d2	Mb21d2	chr16	-	0	0		0		0		no
ENSMUST00000089824.10|ENSMUSG00000022525|Plaat1	Plaat1	chr16	+	0	0		0		0		no
ENSMUST00000023171.7|ENSMUSG00000022528|Hes1	Hes1	chr16	+	0	0		0		0		no
ENSMUST00000064606.7|ENSMUSG00000052316|Lrrc15	Lrrc15	chr16	-	0	0		0		0		no
ENSMUST00000061350.12|ENSMUSG00000022533|Atp13a3	Atp13a3	chr16	-	0	0		0		0		no
ENSMUST00000089775.10|ENSMUSG00000022537|Tmem44	Tmem44	chr16	-	0	0		0		0		no
ENSMUST00000117363.8|ENSMUSG00000022538|Lsg1	Lsg1	chr16	-	0	0		0		0		no
ENSMUST00000059078.3|ENSMUSG00000046546|Fam43a	Fam43a	chr16	+	0	0		0		0		no
ENSMUST00000055389.8|ENSMUSG00000047434|Xxylt1	Xxylt1	chr16	-	0	0		0		0		no
ENSMUST00000230698.1|ENSMUSG00000049076|Acap2	Acap2	chr16	-	0	0		0		0		no
ENSMUST00000060188.13|ENSMUSG00000047714|Ppp1r2	Ppp1r2	chr16	-	0	0		0		0		no
ENSMUST00000130560.7|ENSMUSG00000022548|Apod	Apod	chr16	-	0	0		0		0		no
ENSMUST00000132176.7|ENSMUSG00000022770|Dlg1	Dlg1	chr16	+	0	0		0		0		no
ENSMUST00000202722.1|ENSMUSG00000107002|0610012G03Rik	0610012G03Rik	chr16	-	0	0		0		0		no
ENSMUST00000023460.6|ENSMUSG00000022774|Ncbp2	Ncbp2	chr16	+	0	0		0		0		no
ENSMUST00000023467.8|ENSMUSG00000022781|Pak2	Pak2	chr16	-	0	0		0		0		no
ENSMUST00000115168.8|ENSMUSG00000035790|Cep19	Cep19	chr16	+	0	0		0		0		no
ENSMUST00000099991.10|ENSMUSG00000052384|Nrros	Nrros	chr16	-	0	0		0		0		no
ENSMUST00000042732.5|ENSMUSG00000035764|Fbxo45	Fbxo45	chr16	-	0	0		0		0		no
ENSMUST00000171474.1|ENSMUSG00000014074|Rnf168	Rnf168	chr16	+	0	0		0		0		no
ENSMUST00000115151.4|ENSMUSG00000053774|Ubxn7	Ubxn7	chr16	+	0	0		0		0		no
ENSMUST00000079791.10|ENSMUSG00000005615|Pcyt1a	Pcyt1a	chr16	+	0	0		0		0		no
ENSMUST00000023486.14|ENSMUSG00000022797|Tfrc	Tfrc	chr16	+	0	0		0		0		no
ENSMUST00000238799.1|ENSMUSG00000022791|Tnk2	Tnk2	chr16	+	0	0		0		0		no
ENSMUST00000115105.8|ENSMUSG00000035629|Rubcn	Rubcn	chr16	-	0	0		0		0		no
ENSMUST00000023489.10|ENSMUSG00000022800|Fyttd1	Fyttd1	chr16	+	0	0		0		0		no
ENSMUST00000164486.7|ENSMUSG00000022801|Lrch3	Lrch3	chr16	+	0	0		0		0		no
ENSMUST00000039733.9|ENSMUSG00000022807|Osbpl11	Osbpl11	chr16	+	0	0		0		0		no
ENSMUST00000165418.8|ENSMUSG00000022811|Zfp148	Zfp148	chr16	+	0	0		0		0		no
ENSMUST00000152782.7|ENSMUSG00000075254|Heg1	Heg1	chr16	+	0	0		0		0		no
ENSMUST00000115028.10|ENSMUSG00000022817|Itgb5	Itgb5	chr16	+	0	0		0		0		no
ENSMUST00000131990.1|ENSMUSG00000022814|Umps	Umps	chr16	-	0	0		0		0		no
ENSMUST00000114973.8|ENSMUSG00000061751|Kalrn	Kalrn	chr16	-	0	0		0		0		no
ENSMUST00000061156.9|ENSMUSG00000035376|Hacd2	Hacd2	chr16	+	0	0		0		0		no
ENSMUST00000114913.2|ENSMUSG00000022840|Adcy5	Adcy5	chr16	+	0	0		0		0		no
ENSMUST00000154064.2|ENSMUSG00000034473|Sec22a	Sec22a	chr16	-	0	0		0		0		no
ENSMUST00000149892.1|ENSMUSG00000022848|Slc49a4	Slc49a4	chr16	-	0	0		0		0		no
ENSMUST00000023555.5|ENSMUSG00000022849|Hspbap1	Hspbap1	chr16	+	0	0		0		0		no
ENSMUST00000042665.8|ENSMUSG00000034422|Parp14	Parp14	chr16	-	0	0		0		0		no
ENSMUST00000081933.13|ENSMUSG00000049502|Dtx3l	Dtx3l	chr16	-	0	0		0		0		no
ENSMUST00000042203.9|ENSMUSG00000034379|Wdr5b	Wdr5b	chr16	+	0	0		0		0		no
ENSMUST00000004057.8|ENSMUSG00000003955|Fam162a	Fam162a	chr16	-	0	0		0		0		no
ENSMUST00000164916.8|ENSMUSG00000075229|Ccdc58	Ccdc58	chr16	+	0	0		0		0		no
ENSMUST00000089620.10|ENSMUSG00000022901|Cd86	Cd86	chr16	-	0	0		0		0		no
ENSMUST00000165380.7|ENSMUSG00000022899|Slc15a2	Slc15a2	chr16	-	0	0		0		0		no
ENSMUST00000114812.8|ENSMUSG00000034243|Golgb1	Golgb1	chr16	+	0	0		0		0		no
ENSMUST00000164050.7|ENSMUSG00000022831|Hcls1	Hcls1	chr16	+	0	0		0		0		no
ENSMUST00000023525.8|ENSMUSG00000022828|Gtf2e1	Gtf2e1	chr16	-	0	0		0		0		no
ENSMUST00000130028.1|ENSMUSG00000022827|Rabl3	Rabl3	chr16	+	0	0		0		0		no
ENSMUST00000023514.3|ENSMUSG00000022820|Ndufb4	Ndufb4	chr16	-	0	0		0		0		no
ENSMUST00000114763.2|ENSMUSG00000022816|Fstl1	Fstl1	chr16	+	0	0		0		0		no
ENSMUST00000078717.6|ENSMUSG00000034158|Lrrc58	Lrrc58	chr16	+	1	1	0.014812050615308	50	chr16:37884350-37884400(fdr=1.48e-02)	1	chr16:37882250-37882300(fdr=3.09e-03)	yes
ENSMUST00000023507.12|ENSMUSG00000022812|Gsk3b	Gsk3b	chr16	+	0	0		0		0		no
ENSMUST00000050273.8|ENSMUSG00000046516|Cox17	Cox17	chr16	+	0	0		0		0		no
ENSMUST00000119704.1|ENSMUSG00000095464|Gm21987	Gm21987	chr16	+	0	0		0		0		no
ENSMUST00000002926.7|ENSMUSG00000002847|Pla1a	Pla1a	chr16	-	0	0		0		0		no
ENSMUST00000002923.9|ENSMUSG00000002844|Adprh	Adprh	chr16	-	0	0		0		0		no
ENSMUST00000002925.5|ENSMUSG00000002846|Timmdc1	Timmdc1	chr16	-	0	0		0		0		no
ENSMUST00000036210.6|ENSMUSG00000034064|Poglut1	Poglut1	chr16	-	0	0		0		0		no
ENSMUST00000171687.7|ENSMUSG00000002845|Tmem39a	Tmem39a	chr16	+	0	0		0		0		no
ENSMUST00000023487.4|ENSMUSG00000022799|Arhgap31	Arhgap31	chr16	-	0	0		0		0		no
ENSMUST00000154902.1|ENSMUSG00000022793|B4galt4	B4galt4	chr16	+	0	0		0		0		no
ENSMUST00000099761.9|ENSMUSG00000061080|Lsamp	Lsamp	chr16	+	0	0		0		0		no
ENSMUST00000102817.4|ENSMUSG00000047261|Gap43	Gap43	chr16	-	0	0		0		0		no
ENSMUST00000114694.8|ENSMUSG00000022708|Zbtb20	Zbtb20	chr16	+	0	0		0		0		no
ENSMUST00000114666.8|ENSMUSG00000052459|Atp6v1a	Atp6v1a	chr16	-	0	0		0		0		no
ENSMUST00000161326.7|ENSMUSG00000022698|Naa50	Naa50	chr16	+	0	0		0		0		no
ENSMUST00000050897.6|ENSMUSG00000043065|Spice1	Spice1	chr16	+	0	0		0		0		no
ENSMUST00000114634.2|ENSMUSG00000022687|Boc	Boc	chr16	-	0	0		0		0		no
ENSMUST00000162512.7|ENSMUSG00000022668|Gtpbp8	Gtpbp8	chr16	-	0	0		0		0		no
ENSMUST00000114626.3|ENSMUSG00000062082|Cd200r4	Cd200r4	chr16	+	0	0		0		0		no
ENSMUST00000099498.9|ENSMUSG00000022665|Ccdc80	Ccdc80	chr16	+	0	0		0		0		no
ENSMUST00000023344.9|ENSMUSG00000022664|Slc35a5	Slc35a5	chr16	-	0	0		0		0		no
ENSMUST00000023343.3|ENSMUSG00000022663|Atg3	Atg3	chr16	+	0	0		0		0		no
ENSMUST00000163230.7|ENSMUSG00000022661|Cd200	Cd200	chr16	-	0	0		0		0		no
ENSMUST00000096057.4|ENSMUSG00000022658|Tagln3	Tagln3	chr16	-	0	0		0		0		no
ENSMUST00000128348.2|ENSMUSG00000033157|Abhd10	Abhd10	chr16	-	0	0		0		0		no
ENSMUST00000036355.12|ENSMUSG00000033149|Phldb2	Phldb2	chr16	-	0	0		0		0		no
ENSMUST00000059524.6|ENSMUSG00000048087|Gm4737	Gm4737	chr16	-	0	0		0		0		no
ENSMUST00000023335.12|ENSMUSG00000022656|Nectin3	Nectin3	chr16	-	0	0		0		0		no
ENSMUST00000121869.7|ENSMUSG00000064061|Dzip3	Dzip3	chr16	-	0	0		0		0		no
ENSMUST00000168680.1|ENSMUSG00000092009|Myh15	Myh15	chr16	+	0	0		0		0		no
ENSMUST00000046777.10|ENSMUSG00000032965|Ift57	Ift57	chr16	+	0	0		0		0		no
ENSMUST00000084838.13|ENSMUSG00000055447|Cd47	Cd47	chr16	+	0	0		0		0		no
ENSMUST00000138166.7|ENSMUSG00000022641|Bbx	Bbx	chr16	-	0	0		0		0		no
ENSMUST00000114471.2|ENSMUSG00000022637|Cblb	Cblb	chr16	+	0	0		0		0		no
ENSMUST00000023312.13|ENSMUSG00000022636|Alcam	Alcam	chr16	-	0	0		0		0		no
ENSMUST00000114458.7|ENSMUSG00000035356|Nfkbiz	Nfkbiz	chr16	-	0	0		0		0		no
ENSMUST00000050248.8|ENSMUSG00000022601|Zbtb11	Zbtb11	chr16	+	0	0		0		0		no
ENSMUST00000119981.7|ENSMUSG00000071533|Pcnp	Pcnp	chr16	-	0	0		0		0		no
ENSMUST00000059052.8|ENSMUSG00000044763|Trmt10c	Trmt10c	chr16	-	0	0		0		0		no
ENSMUST00000096012.10|ENSMUSG00000035258|Abi3bp	Abi3bp	chr16	+	0	0		0		0		no
ENSMUST00000023435.5|ENSMUSG00000022754|Tmem45a	Tmem45a	chr16	-	0	0		0		0		no
ENSMUST00000166897.2|ENSMUSG00000022752|Tomm70a	Tomm70a	chr16	+	0	0		0		0		no
ENSMUST00000231934.1|ENSMUSG00000022751|Nit2	Nit2	chr16	-	0	0		0		0		no
ENSMUST00000228172.1|ENSMUSG00000022749|Tbc1d23	Tbc1d23	chr16	-	0	0		0		0		no
ENSMUST00000114371.4|ENSMUSG00000022748|Cmss1	Cmss1	chr16	-	0	0		0		0		no
ENSMUST00000089332.4|ENSMUSG00000068196|Col8a1	Col8a1	chr16	-	0	0		0		0		no
ENSMUST00000046663.7|ENSMUSG00000035107|Dcbld2	Dcbld2	chr16	+	0	0		0		0		no
ENSMUST00000137035.7|ENSMUSG00000022747|St3gal6	St3gal6	chr16	-	0	0		0		0		no
ENSMUST00000060077.6|ENSMUSG00000022742|Cpox	Cpox	chr16	+	0	0		0		0		no
ENSMUST00000159944.7|ENSMUSG00000022744|Cldnd1	Cldnd1	chr16	+	0	0		0		0		no
ENSMUST00000044604.15|ENSMUSG00000022723|Crybg3	Crybg3	chr16	-	0	0		0		0		no
ENSMUST00000023405.15|ENSMUSG00000022722|Arl6	Arl6	chr16	-	0	0		0		0		no
ENSMUST00000143314.7|ENSMUSG00000050312|Nsun3	Nsun3	chr16	-	0	0		0		0		no
ENSMUST00000089289.5|ENSMUSG00000022911|Arl13b	Arl13b	chr16	-	0	0		0		0		no
ENSMUST00000023629.8|ENSMUSG00000022912|Pros1	Pros1	chr16	+	0	0		0		0		no
ENSMUST00000064405.7|ENSMUSG00000052504|Epha3	Epha3	chr16	-	0	0		0		0		no
ENSMUST00000076991.6|ENSMUSG00000059920|4930453N24Rik	4930453N24Rik	chr16	-	0	0		0		0		no
ENSMUST00000207826.1|ENSMUSG00000047141|Zfp654	Zfp654	chr16	-	0	0		0		0		no
ENSMUST00000067744.7|ENSMUSG00000054604|Cggbp1	Cggbp1	chr16	+	0	0		0		0		no
ENSMUST00000231259.1|ENSMUSG00000004843|Chmp2b	Chmp2b	chr16	-	0	0		0		0		no
ENSMUST00000168064.2|ENSMUSG00000091243|Vgll3	Vgll3	chr16	+	0	0		0		0		no
ENSMUST00000114292.7|ENSMUSG00000064115|Cadm2	Cadm2	chr16	-	0	0		0		0		no
ENSMUST00000232205.1|ENSMUSG00000022883|Robo1	Robo1	chr16	+	0	0		0		0		no
ENSMUST00000117785.8|ENSMUSG00000052516|Robo2	Robo2	chr16	-	0	0		0		0		no
ENSMUST00000114239.8|ENSMUSG00000022876|Samsn1	Samsn1	chr16	-	0	0		0		0		no
ENSMUST00000121927.7|ENSMUSG00000048490|Nrip1	Nrip1	chr16	-	0	0		0		0		no
ENSMUST00000239066.1|ENSMUSG00000022867|Usp25	Usp25	chr16	+	0	0		0		0		no
ENSMUST00000231973.1|ENSMUSG00000022864|D16Ertd472e	D16Ertd472e	chr16	-	0	0		0		0		no
ENSMUST00000114195.7|ENSMUSG00000053062|Jam2	Jam2	chr16	+	0	0		0		0		no
ENSMUST00000009120.7|ENSMUSG00000008976|Gabpa	Gabpa	chr16	+	0	0		0		0		no
ENSMUST00000227723.1|ENSMUSG00000022892|App	App	chr16	-	0	0		0		0		no
ENSMUST00000023610.14|ENSMUSG00000022893|Adamts1	Adamts1	chr16	-	0	0		0		0		no
ENSMUST00000023611.6|ENSMUSG00000022894|Adamts5	Adamts5	chr16	-	0	0		0		0		no
ENSMUST00000039449.8|ENSMUSG00000052299|Ltn1	Ltn1	chr16	-	0	0		0		0		no
ENSMUST00000039101.11|ENSMUSG00000041079|Rwdd2b	Rwdd2b	chr16	-	0	0		0		0		no
ENSMUST00000144759.7|ENSMUSG00000025616|Usp16	Usp16	chr16	+	0	0		0		0		no
ENSMUST00000177376.7|ENSMUSG00000025613|Cct8	Cct8	chr16	-	0	0		0		0		no
ENSMUST00000026703.5|ENSMUSG00000025612|Bach1	Bach1	chr16	+	0	0		0		0		no
ENSMUST00000163419.8|ENSMUSG00000022983|Scaf4	Scaf4	chr16	-	0	0		0		0		no
ENSMUST00000065856.7|ENSMUSG00000053414|Hunk	Hunk	chr16	+	0	0		0		0		no
ENSMUST00000099554.4|ENSMUSG00000022978|Mis18a	Mis18a	chr16	-	0	0		0		0		no
ENSMUST00000140920.1|ENSMUSG00000039929|Urb1	Urb1	chr16	-	0	0		0		0		no
ENSMUST00000130868.7|ENSMUSG00000039903|Eva1c	Eva1c	chr16	+	0	0		0		0		no
ENSMUST00000125519.7|ENSMUSG00000022972|Cfap298	Cfap298	chr16	-	0	0		0		0		no
ENSMUST00000023698.11|ENSMUSG00000022974|Paxbp1	Paxbp1	chr16	-	0	0		0		0		no
ENSMUST00000035608.9|ENSMUSG00000039830|Olig2	Olig2	chr16	+	0	0		0		0		no
ENSMUST00000056882.6|ENSMUSG00000046160|Olig1	Olig1	chr16	+	0	0		0		1	chr16:91271550-91271600(fdr=5.55e-04)	no
ENSMUST00000089042.6|ENSMUSG00000022971|Ifnar2	Ifnar2	chr16	+	0	0		0		0		no
ENSMUST00000161517.7|ENSMUSG00000093701|Gm21970	Gm21970	chr16	+	0	0		0		0		no
ENSMUST00000127644.1|ENSMUSG00000022965|Ifngr2	Ifngr2	chr16	+	0	0		0		0		no
ENSMUST00000049244.9|ENSMUSG00000039763|Dnajc28	Dnajc28	chr16	-	0	0		0		0		no
ENSMUST00000156713.7|ENSMUSG00000022962|Gart	Gart	chr16	-	0	0		0		0		no
ENSMUST00000144461.1|ENSMUSG00000022960|Donson	Donson	chr16	-	0	0		0		0		no
ENSMUST00000144877.2|ENSMUSG00000058240|Cryzl1	Cryzl1	chr16	-	0	0		0		0		no
ENSMUST00000155452.7|ENSMUSG00000022956|Atp5o	Atp5o	chr16	-	0	0		0		0		no
ENSMUST00000047429.8|ENSMUSG00000039680|Mrps6	Mrps6	chr16	+	0	0		0		0		no
ENSMUST00000047383.9|ENSMUSG00000039672|Kcne2	Kcne2	chr16	+	0	0		0		0		no
ENSMUST00000063641.10|ENSMUSG00000051989|Smim11	Smim11	chr16	+	0	0		0		0		no
ENSMUST00000060005.14|ENSMUSG00000022951|Rcan1	Rcan1	chr16	-	0	0		0		0		no
ENSMUST00000023670.3|ENSMUSG00000022949|Clic6	Clic6	chr16	+	0	0		0		0		no
ENSMUST00000023673.13|ENSMUSG00000022952|Runx1	Runx1	chr16	-	0	0		0		0		no
ENSMUST00000039659.8|ENSMUSG00000051483|Cbr1	Cbr1	chr16	+	0	0		0		0		no
ENSMUST00000228910.1|ENSMUSG00000040820|Hlcs	Hlcs	chr16	-	0	0		0		0		no
ENSMUST00000023660.8|ENSMUSG00000022941|Ripply3	Ripply3	chr16	+	0	0		0		0		no
ENSMUST00000143145.7|ENSMUSG00000040785|Ttc3	Ttc3	chr16	+	0	0		0		0		no
ENSMUST00000023614.4|ENSMUSG00000022897|Dyrk1a	Dyrk1a	chr16	+	0	0		0		0		no
ENSMUST00000113856.7|ENSMUSG00000062609|Kcnj15	Kcnj15	chr16	+	0	0		0		0		no
ENSMUST00000233881.1|ENSMUSG00000040732|Erg	Erg	chr16	-	0	0		0		0		no
ENSMUST00000023612.16|ENSMUSG00000022895|Ets2	Ets2	chr16	+	0	0		0		0		no
ENSMUST00000233590.1|ENSMUSG00000022913|Psmg1	Psmg1	chr16	-	0	0		0		0		no
ENSMUST00000232694.1|ENSMUSG00000022914|Brwd1	Brwd1	chr16	-	0	0		0		0		no
ENSMUST00000050884.15|ENSMUSG00000040681|Hmgn1	Hmgn1	chr16	-	0	0		0		0		no
ENSMUST00000232832.1|ENSMUSG00000023147|Get1	Get1	chr16	+	0	0		0		0		no
ENSMUST00000113804.7|ENSMUSG00000045275|Lca5l	Lca5l	chr16	-	0	0		0		0		no
ENSMUST00000081093.9|ENSMUSG00000000159|Igsf5	Igsf5	chr16	+	0	0		0		0		no
ENSMUST00000231664.1|ENSMUSG00000040605|Bace2	Bace2	chr16	+	0	0		0		0		no
ENSMUST00000024112.7|ENSMUSG00000023341|Mx2	Mx2	chr16	+	0	0		0		0		no
ENSMUST00000170757.2|ENSMUSG00000045975|C2cd2	C2cd2	chr16	-	0	0		0		0		no
ENSMUST00000231268.1|ENSMUSG00000116673|A630089N07Rik	A630089N07Rik	chr16	-	0	0		0		0		no
ENSMUST00000076734.7|ENSMUSG00000046201|Scaf8	Scaf8	chr17	+	0	0		0		0		no
ENSMUST00000041003.7|ENSMUSG00000036983|Tfb1m	Tfb1m	chr17	-	0	0		0		0		no
ENSMUST00000115797.8|ENSMUSG00000069729|Arid1b	Arid1b	chr17	+	0	0		0		0		no
ENSMUST00000005053.13|ENSMUSG00000004945|Tmem242	Tmem242	chr17	-	0	0		0		0		no
ENSMUST00000089185.5|ENSMUSG00000034265|Zdhhc14	Zdhhc14	chr17	+	0	0		0		0		no
ENSMUST00000002436.10|ENSMUSG00000002365|Snx9	Snx9	chr17	+	0	0		0		0		no
ENSMUST00000134767.7|ENSMUSG00000023805|Synj2	Synj2	chr17	+	0	0		0		0		no
ENSMUST00000039487.9|ENSMUSG00000034345|Gtf2h5	Gtf2h5	chr17	+	0	0		0		0		no
ENSMUST00000149756.7|ENSMUSG00000034377|Tulp4	Tulp4	chr17	+	0	0		0		0		no
ENSMUST00000232383.1|ENSMUSG00000038141|Tmem181a	Tmem181a	chr17	+	0	0		0		0		no
ENSMUST00000169415.2|ENSMUSG00000092074|Dynlt1a	Dynlt1a	chr17	-	0	0		0		0		no
ENSMUST00000179569.2|ENSMUSG00000096255|Dynlt1b	Dynlt1b	chr17	+	0	0		0		0		no
ENSMUST00000092966.4|ENSMUSG00000000579|Dynlt1c	Dynlt1c	chr17	+	0	0		0		0		no
ENSMUST00000179554.2|ENSMUSG00000095677|Dynlt1f	Dynlt1f	chr17	-	0	0		0		0		no
ENSMUST00000064234.6|ENSMUSG00000052397|Ezr	Ezr	chr17	-	0	0		0		0		no
ENSMUST00000231794.1|ENSMUSG00000023806|Rsph3b	Rsph3b	chr17	-	0	0		0		0		no
ENSMUST00000063683.7|ENSMUSG00000052031|Tagap1	Tagap1	chr17	-	0	0		0		0		no
ENSMUST00000179728.1|ENSMUSG00000094724|Rnaset2b	Rnaset2b	chr17	+	0	0		0		0		no
ENSMUST00000231550.1|ENSMUSG00000116876|Gm49721	Gm49721	chr17	+	0	0		0		0		no
ENSMUST00000024575.7|ENSMUSG00000023809|Rps6ka2	Rps6ka2	chr17	+	0	0		0		0		no
ENSMUST00000097425.9|ENSMUSG00000071984|Fndc1	Fndc1	chr17	-	0	0		0		0		no
ENSMUST00000036370.7|ENSMUSG00000033450|Tagap	Tagap	chr17	+	0	0		0		0		no
ENSMUST00000232223.1|ENSMUSG00000073471|Rsph3a	Rsph3a	chr17	+	0	0		0		0		no
ENSMUST00000232307.1|ENSMUSG00000116988|Gm49673	Gm49673	chr17	-	0	0		0		0		no
ENSMUST00000231927.1|ENSMUSG00000095687|Rnaset2a	Rnaset2a	chr17	-	0	0		0		0		no
ENSMUST00000097419.9|ENSMUSG00000069135|Fgfr1op	Fgfr1op	chr17	+	0	0		0		0		no
ENSMUST00000155364.7|ENSMUSG00000023861|Mpc1	Mpc1	chr17	+	0	0		0		0		no
ENSMUST00000145276.7|ENSMUSG00000073468|Sft2d1	Sft2d1	chr17	+	0	0		0		0		no
ENSMUST00000069742.7|ENSMUSG00000055945|Prr18	Prr18	chr17	+	0	0		0		0		no
ENSMUST00000097414.10|ENSMUSG00000062078|Qk	Qk	chr17	-	3	3	0.0004134957744408	150	chr17:10209550-10209600(fdr=6.82e-04);chr17:10209600-10209650(fdr=1.96e-03);chr17:10209850-10209900(fdr=4.13e-04)	18	chr17:10210900-10210950(fdr=1.41e-03);chr17:10211450-10211500(fdr=8.71e-06);chr17:10211650-10211700(fdr=1.88e-11);chr17:10211800-10211850(fdr=6.97e-07);chr17:10211850-10211900(fdr=1.84e-13);chr17:10211900-10211950(fdr=2.95e-11)	yes
ENSMUST00000041463.6|ENSMUSG00000037196|Pacrg	Pacrg	chr17	-	0	0		0		0		no
ENSMUST00000170858.7|ENSMUSG00000023827|Agpat4	Agpat4	chr17	+	0	0		0		0		no
ENSMUST00000233755.1|ENSMUSG00000014426|Map3k4	Map3k4	chr17	-	0	0		0		0		no
ENSMUST00000046959.8|ENSMUSG00000040966|Slc22a2	Slc22a2	chr17	+	0	0		0		0		no
ENSMUST00000024599.13|ENSMUSG00000023830|Igf2r	Igf2r	chr17	-	0	0		0		0		no
ENSMUST00000079121.3|ENSMUSG00000057388|Mrpl18	Mrpl18	chr17	-	0	0		0		0		no
ENSMUST00000151287.7|ENSMUSG00000068039|Tcp1	Tcp1	chr17	+	0	0		0		0		no
ENSMUST00000160378.2|ENSMUSG00000062480|Acat3	Acat3	chr17	-	0	0		0		0		no
ENSMUST00000007005.13|ENSMUSG00000023832|Acat2	Acat2	chr17	-	0	0		0		0		no
ENSMUST00000159986.7|ENSMUSG00000060475|Wtap	Wtap	chr17	-	0	0		0		0		no
ENSMUST00000139666.7|ENSMUSG00000068036|Afdn	Afdn	chr17	+	0	0		0		0		no
ENSMUST00000053218.6|ENSMUSG00000048826|Dact2	Dact2	chr17	-	0	0		0		0		no
ENSMUST00000024660.8|ENSMUSG00000023886|Smoc2	Smoc2	chr17	+	0	0		0		0		no
ENSMUST00000170872.2|ENSMUSG00000023885|Thbs2	Thbs2	chr17	-	0	0		0		0		no
ENSMUST00000052691.8|ENSMUSG00000050088|1600012H06Rik	1600012H06Rik	chr17	+	0	0		0		0		no
ENSMUST00000168938.2|ENSMUSG00000023883|Phf10	Phf10	chr17	-	0	0		0		0		no
ENSMUST00000014917.7|ENSMUSG00000014773|Dll1	Dll1	chr17	-	0	0		0		0		no
ENSMUST00000162505.7|ENSMUSG00000014767|Tbp	Tbp	chr17	+	0	0		0		0		no
ENSMUST00000024627.13|ENSMUSG00000023852|Chd1	Chd1	chr17	+	0	0		0		0		no
ENSMUST00000170578.2|ENSMUSG00000048027|Rgmb	Rgmb	chr17	-	0	0		0		0		no
ENSMUST00000127027.1|ENSMUSG00000096696|Zfp960	Zfp960	chr17	+	0	0		0		0		no
ENSMUST00000147630.1|ENSMUSG00000095990|Zfp97	Zfp97	chr17	+	0	0		0		0		no
ENSMUST00000024620.7|ENSMUSG00000116564|Riok2	Riok2	chr17	+	0	0		0		0		no
ENSMUST00000115576.2|ENSMUSG00000047786|Lix1	Lix1	chr17	+	0	0		0		0		no
ENSMUST00000139969.7|ENSMUSG00000080316|Spaca6	Spaca6	chr17	+	0	0		0		0		no
ENSMUST00000173658.7|ENSMUSG00000007564|Ppp2r1a	Ppp2r1a	chr17	+	0	0		0		0		no
ENSMUST00000088811.6|ENSMUSG00000067942|Zfp160	Zfp160	chr17	+	0	0		0		0		no
ENSMUST00000162659.1|ENSMUSG00000062743|Zfp677	Zfp677	chr17	+	0	0		0		0		no
ENSMUST00000233281.1|ENSMUSG00000051341|Zfp52	Zfp52	chr17	+	0	0		0		0		no
ENSMUST00000232827.1|ENSMUSG00000035868|Zfp983	Zfp983	chr17	+	0	0		0		0		no
ENSMUST00000073312.6|ENSMUSG00000067928|Zfp760	Zfp760	chr17	+	0	0		0		0		no
ENSMUST00000091879.11|ENSMUSG00000071267|Zfp942	Zfp942	chr17	-	0	0		0		0		no
ENSMUST00000233465.1|ENSMUSG00000117284|Gm7072	Gm7072	chr17	-	0	0		0		0		no
ENSMUST00000115535.2|ENSMUSG00000033972|Zfp944	Zfp944	chr17	-	0	0		0		0		no
ENSMUST00000149699.7|ENSMUSG00000044501|Zfp758	Zfp758	chr17	+	0	0		0		0		no
ENSMUST00000120222.7|ENSMUSG00000071266|Zfp946	Zfp946	chr17	+	0	0		0		0		no
ENSMUST00000095606.4|ENSMUSG00000071256|Zfp213	Zfp213	chr17	-	0	0		0		0		no
ENSMUST00000115516.10|ENSMUSG00000062012|Zfp13	Zfp13	chr17	-	0	0		0		0		no
ENSMUST00000180140.7|ENSMUSG00000023904|Hcfc1r1	Hcfc1r1	chr17	+	0	0		0		0		no
ENSMUST00000024698.9|ENSMUSG00000023905|Tnfrsf12a	Tnfrsf12a	chr17	-	0	0		0		0		no
ENSMUST00000024702.4|ENSMUSG00000023909|Paqr4	Paqr4	chr17	-	0	0		0		0		no
ENSMUST00000227120.1|ENSMUSG00000040097|Flywch1	Flywch1	chr17	-	0	0		0		0		no
ENSMUST00000186045.1|ENSMUSG00000039218|Srrm2	Srrm2	chr17	+	0	0		0		0		no
ENSMUST00000233593.1|ENSMUSG00000055839|Elob	Elob	chr17	-	0	0		0		0		no
ENSMUST00000017090.5|ENSMUSG00000016946|Kctd5	Kctd5	chr17	-	0	0		0		0		no
ENSMUST00000102927.9|ENSMUSG00000024122|Pdpk1	Pdpk1	chr17	-	0	0		0		0		no
ENSMUST00000138685.2|ENSMUSG00000036820|Amdhd2	Amdhd2	chr17	-	0	0		0		0		no
ENSMUST00000024932.11|ENSMUSG00000024121|Atp6v0c	Atp6v0c	chr17	-	0	0		0		0		no
ENSMUST00000234420.1|ENSMUSG00000117406|Ntn3	Ntn3	chr17	-	0	0		0		0		no
ENSMUST00000124557.2|ENSMUSG00000024118|Tedc2	Tedc2	chr17	-	0	0		0		0		no
ENSMUST00000039013.14|ENSMUSG00000024130|Abca3	Abca3	chr17	+	0	0		0		0		no
ENSMUST00000088512.12|ENSMUSG00000034681|Rnps1	Rnps1	chr17	+	0	0		0		0		no
ENSMUST00000234023.1|ENSMUSG00000024132|Eci1	Eci1	chr17	+	0	0		0		0		no
ENSMUST00000226654.1|ENSMUSG00000024137|E4f1	E4f1	chr17	-	0	0		0		0		no
ENSMUST00000053024.7|ENSMUSG00000043445|Pgp	Pgp	chr17	+	0	0		0		0		no
ENSMUST00000234941.1|ENSMUSG00000024142|Mlst8	Mlst8	chr17	-	0	0		0		0		no
ENSMUST00000024958.8|ENSMUSG00000033597|Caskin1	Caskin1	chr17	+	0	0		0		0		no
ENSMUST00000176668.7|ENSMUSG00000052752|Traf7	Traf7	chr17	-	0	0		0		0		no
ENSMUST00000227107.1|ENSMUSG00000032855|Pkd1	Pkd1	chr17	+	0	0		0		0		no
ENSMUST00000226284.1|ENSMUSG00000002496|Tsc2	Tsc2	chr17	-	0	0		0		0		no
ENSMUST00000019684.12|ENSMUSG00000002504|Slc9a3r2	Slc9a3r2	chr17	-	0	0		0		0		no
ENSMUST00000234956.1|ENSMUSG00000041130|Zfp598	Zfp598	chr17	+	0	0		0		0		no
ENSMUST00000007236.4|ENSMUSG00000007021|Syngr3	Syngr3	chr17	-	0	0		0		0		no
ENSMUST00000234197.1|ENSMUSG00000040888|Gfer	Gfer	chr17	-	0	0		0		0		no
ENSMUST00000049642.5|ENSMUSG00000045316|Fahd1	Fahd1	chr17	-	0	0		0		0		no
ENSMUST00000234579.1|ENSMUSG00000039183|Nubp2	Nubp2	chr17	-	0	0		0		0		no
ENSMUST00000068508.12|ENSMUSG00000024160|Spsb3	Spsb3	chr17	+	0	0		0		0		no
ENSMUST00000119848.7|ENSMUSG00000073436|Eme2	Eme2	chr17	-	0	0		0		0		no
ENSMUST00000146923.7|ENSMUSG00000024163|Mapk8ip3	Mapk8ip3	chr17	-	0	0		0		0		no
ENSMUST00000154236.1|ENSMUSG00000038880|Mrps34	Mrps34	chr17	+	0	0		0		0		no
ENSMUST00000233067.1|ENSMUSG00000024165|Jpt2	Jpt2	chr17	-	0	0		0		0		no
ENSMUST00000024984.6|ENSMUSG00000024168|Tmem204	Tmem204	chr17	-	0	0		0		0		no
ENSMUST00000115181.8|ENSMUSG00000024170|Telo2	Telo2	chr17	-	0	0		0		0		no
ENSMUST00000233633.1|ENSMUSG00000036636|Clcn7	Clcn7	chr17	+	0	0		0		0		no
ENSMUST00000088307.4|ENSMUSG00000067722|BC003965	BC003965	chr17	+	0	0		0		0		no
ENSMUST00000115154.10|ENSMUSG00000035521|Gnptg	Gnptg	chr17	-	0	0		0		0		no
ENSMUST00000182056.7|ENSMUSG00000047507|Baiap3	Baiap3	chr17	-	0	0		0		0		no
ENSMUST00000172868.7|ENSMUSG00000015120|Ube2i	Ube2i	chr17	-	0	0		0		0		no
ENSMUST00000025003.9|ENSMUSG00000024176|Sox8	Sox8	chr17	-	0	0		0		0		no
ENSMUST00000172002.7|ENSMUSG00000025739|Gng13	Gng13	chr17	+	0	0		0		0		no
ENSMUST00000237183.1|ENSMUSG00000041199|Rpusd1	Rpusd1	chr17	+	0	0		0		0		no
ENSMUST00000131458.7|ENSMUSG00000002280|Ciao3	Ciao3	chr17	+	0	0		0		0		no
ENSMUST00000165838.8|ENSMUSG00000002274|Metrn	Metrn	chr17	-	0	0		0		0		no
ENSMUST00000045692.8|ENSMUSG00000025738|Fbxl16	Fbxl16	chr17	+	0	0		0		0		no
ENSMUST00000152434.8|ENSMUSG00000025736|Jmjd8	Jmjd8	chr17	+	0	0		0		0		no
ENSMUST00000044911.9|ENSMUSG00000039615|Stub1	Stub1	chr17	-	0	0		0		0		no
ENSMUST00000026831.13|ENSMUSG00000025735|Rhbdl1	Rhbdl1	chr17	-	0	0		0		0		no
ENSMUST00000176751.1|ENSMUSG00000093593|Gm20683	Gm20683	chr17	-	0	0		0		0		no
ENSMUST00000043897.15|ENSMUSG00000025733|Rhot2	Rhot2	chr17	-	0	0		0		0		no
ENSMUST00000079461.14|ENSMUSG00000073434|Wdr90	Wdr90	chr17	-	0	0		0		0		no
ENSMUST00000237080.1|ENSMUSG00000025732|Mcrip2	Mcrip2	chr17	-	0	0		0		0		no
ENSMUST00000110456.2|ENSMUSG00000025731|Mettl26	Mettl26	chr17	+	0	0		0		0		no
ENSMUST00000123929.8|ENSMUSG00000025728|Pigq	Pigq	chr17	-	0	0		0		0		no
ENSMUST00000212099.1|ENSMUSG00000037326|Capn15	Capn15	chr17	-	0	0		0		0		no
ENSMUST00000118828.7|ENSMUSG00000037098|Rab11fip3	Rab11fip3	chr17	-	0	0		0		0		no
ENSMUST00000137672.2|ENSMUSG00000036775|Decr2	Decr2	chr17	-	0	0		0		0		no
ENSMUST00000236967.1|ENSMUSG00000024177|Nme4	Nme4	chr17	-	0	0		0		0		no
ENSMUST00000237950.1|ENSMUSG00000024181|Mrpl28	Mrpl28	chr17	+	0	0		0		0		no
ENSMUST00000074370.9|ENSMUSG00000024182|Axin1	Axin1	chr17	+	0	0		0		0		no
ENSMUST00000025020.5|ENSMUSG00000024186|Rgs11	Rgs11	chr17	+	0	0		0		0		no
ENSMUST00000114988.7|ENSMUSG00000024187|Fam234a	Fam234a	chr17	-	0	0		0		0		no
ENSMUST00000148894.1|ENSMUSG00000024188|Luc7l	Luc7l	chr17	+	0	0		0		0		no
ENSMUST00000025025.6|ENSMUSG00000024190|Dusp1	Dusp1	chr17	-	0	0		0		0		no
ENSMUST00000236867.1|ENSMUSG00000015575|Atp6v0e	Atp6v0e	chr17	+	0	0		0		0		no
ENSMUST00000062519.13|ENSMUSG00000048249|Crebrf	Crebrf	chr17	+	0	0		0		0		no
ENSMUST00000236269.1|ENSMUSG00000024193|Phf1	Phf1	chr17	+	0	0		0		0		no
ENSMUST00000236888.1|ENSMUSG00000024194|Cuta	Cuta	chr17	-	0	0		0		0		no
ENSMUST00000237633.1|ENSMUSG00000079605|Zbtb9	Zbtb9	chr17	+	0	0		0		0		no
ENSMUST00000133257.8|ENSMUSG00000117819|Gm50253	Gm50253	chr17	+	0	0		0		0		no
ENSMUST00000049308.8|ENSMUSG00000042644|Itpr3	Itpr3	chr17	+	0	0		0		0		no
ENSMUST00000055117.8|ENSMUSG00000044857|Lemd2	Lemd2	chr17	-	0	0		0		0		no
ENSMUST00000232265.1|ENSMUSG00000046711|Hmga1	Hmga1	chr17	+	0	0		0		0		no
ENSMUST00000080190.8|ENSMUSG00000062753|AI413582	AI413582	chr17	-	0	0		0		0		no
ENSMUST00000232437.1|ENSMUSG00000040276|Pacsin1	Pacsin1	chr17	+	0	0		0		0		no
ENSMUST00000114863.9|ENSMUSG00000056692|Ilrun	Ilrun	chr17	-	0	0		0		0		no
ENSMUST00000232873.1|ENSMUSG00000024217|Snrpc	Snrpc	chr17	+	0	0		0		0		no
ENSMUST00000161275.2|ENSMUSG00000024220|Zfp523	Zfp523	chr17	+	0	0		0		0		no
ENSMUST00000002327.5|ENSMUSG00000002257|Def6	Def6	chr17	+	0	0		0		0		no
ENSMUST00000233381.1|ENSMUSG00000007570|Fance	Fance	chr17	+	0	0		0		0		no
ENSMUST00000129935.7|ENSMUSG00000037805|Rpl10a	Rpl10a	chr17	+	0	0		0		0		no
ENSMUST00000129375.7|ENSMUSG00000037446|Tulp1	Tulp1	chr17	-	0	0		0		0		no
ENSMUST00000079413.10|ENSMUSG00000024222|Fkbp5	Fkbp5	chr17	-	0	0		0		0		no
ENSMUST00000004987.16|ENSMUSG00000004865|Srpk1	Srpk1	chr17	-	0	0		0		0		no
ENSMUST00000232997.1|ENSMUSG00000063952|Brpf3	Brpf3	chr17	+	0	0		0		0		no
ENSMUST00000122163.8|ENSMUSG00000005936|Kctd20	Kctd20	chr17	+	0	0		0		0		no
ENSMUST00000037776.15|ENSMUSG00000071172|Srsf3	Srsf3	chr17	+	0	0		0		0		no
ENSMUST00000233296.1|ENSMUSG00000023067|Cdkn1a	Cdkn1a	chr17	+	0	0		0		0		no
ENSMUST00000234631.1|ENSMUSG00000052712|BC004004	BC004004	chr17	+	0	0		0		0		no
ENSMUST00000234416.1|ENSMUSG00000024012|Mtch1	Mtch1	chr17	-	0	0		0		0		no
ENSMUST00000024811.8|ENSMUSG00000024014|Pim1	Pim1	chr17	+	0	0		0		0		no
ENSMUST00000234778.1|ENSMUSG00000042203|Tbc1d22b	Tbc1d22b	chr17	+	0	0		0		0		no
ENSMUST00000172485.7|ENSMUSG00000090083|Rnf8	Rnf8	chr17	+	0	0		0		0		no
ENSMUST00000137079.8|ENSMUSG00000024018|Ccdc167	Ccdc167	chr17	-	0	0		0		0		no
ENSMUST00000167190.8|ENSMUSG00000043557|Mdga1	Mdga1	chr17	-	0	0		0		0		no
ENSMUST00000168787.7|ENSMUSG00000062202|Btbd9	Btbd9	chr17	-	0	0		0		0		no
ENSMUST00000236335.1|ENSMUSG00000024026|Glo1	Glo1	chr17	-	0	0		0		0		no
ENSMUST00000024829.7|ENSMUSG00000024030|Abcg1	Abcg1	chr17	+	0	0		0		0		no
ENSMUST00000172284.8|ENSMUSG00000024037|Wdr4	Wdr4	chr17	-	0	0		0		0		no
ENSMUST00000191598.2|ENSMUSG00000024038|Ndufv3	Ndufv3	chr17	+	0	0		0		0		no
ENSMUST00000235401.1|ENSMUSG00000006705|Pknox1	Pknox1	chr17	+	0	0		0		0		no
ENSMUST00000236853.1|ENSMUSG00000024039|Cbs	Cbs	chr17	-	0	0		0		0		no
ENSMUST00000237323.1|ENSMUSG00000061613|U2af1	U2af1	chr17	-	0	0		0		0		no
ENSMUST00000024839.5|ENSMUSG00000024042|Sik1	Sik1	chr17	-	0	0		0		0		no
ENSMUST00000087723.4|ENSMUSG00000038146|Notch3	Notch3	chr17	-	0	0		0		0		no
ENSMUST00000125899.1|ENSMUSG00000024002|Brd4	Brd4	chr17	-	0	0		0		0		no
ENSMUST00000235764.1|ENSMUSG00000024045|Akap8	Akap8	chr17	-	0	0		0		0		no
ENSMUST00000235614.1|ENSMUSG00000002625|Akap8l	Akap8l	chr17	-	0	0		0		0		no
ENSMUST00000136375.7|ENSMUSG00000052142|Rasal3	Rasal3	chr17	-	0	0		0		0		no
ENSMUST00000237003.1|ENSMUSG00000091586|Cyp4f17	Cyp4f17	chr17	+	0	0		0		0		no
ENSMUST00000165515.7|ENSMUSG00000048440|Cyp4f16	Cyp4f16	chr17	+	0	0		0		0		no
ENSMUST00000168171.7|ENSMUSG00000073424|Cyp4f15	Cyp4f15	chr17	+	0	0		0		0		no
ENSMUST00000159086.9|ENSMUSG00000024298|Zfp871	Zfp871	chr17	-	0	0		0		0		no
ENSMUST00000202988.3|ENSMUSG00000095253|Zfp799	Zfp799	chr17	-	0	0		0		0		no
ENSMUST00000228075.2|ENSMUSG00000095325|Zfp870	Zfp870	chr17	-	0	0		0		0		no
ENSMUST00000054174.8|ENSMUSG00000024292|Cyp4f14	Cyp4f14	chr17	-	0	0		0		0		no
ENSMUST00000145683.1|ENSMUSG00000024055|Cyp4f13	Cyp4f13	chr17	-	0	0		0		0		no
ENSMUST00000039132.8|ENSMUSG00000053600|Zfp472	Zfp472	chr17	+	0	0		0		0		no
ENSMUST00000141815.2|ENSMUSG00000053390|Zfp952	Zfp952	chr17	+	0	0		0		0		no
ENSMUST00000087654.4|ENSMUSG00000067430|Zfp763	Zfp763	chr17	-	0	0		0		0		no
ENSMUST00000008830.9|ENSMUSG00000094441|Zfp955a	Zfp955a	chr17	-	0	0		0		0		no
ENSMUST00000099414.4|ENSMUSG00000096910|Zfp955b	Zfp955b	chr17	+	0	0		0		0		no
ENSMUST00000173931.7|ENSMUSG00000024299|Adamts10	Adamts10	chr17	+	0	0		0		0		no
ENSMUST00000173372.7|ENSMUSG00000024300|Myo1f	Myo1f	chr17	+	0	0		0		0		no
ENSMUST00000130946.7|ENSMUSG00000059208|Hnrnpm	Hnrnpm	chr17	-	0	0		0		0		no
ENSMUST00000057373.13|ENSMUSG00000077450|Rab11b	Rab11b	chr17	-	0	0		0		0		no
ENSMUST00000173869.7|ENSMUSG00000002289|Angptl4	Angptl4	chr17	-	0	0		0		0		no
ENSMUST00000234426.1|ENSMUSG00000042099|Kank3	Kank3	chr17	+	0	0		0		0		no
ENSMUST00000173019.7|ENSMUSG00000067288|Rps28	Rps28	chr17	-	0	0		0		0		no
ENSMUST00000173132.7|ENSMUSG00000041881|Ndufa7	Ndufa7	chr17	+	0	0		0		0		no
ENSMUST00000002379.14|ENSMUSG00000002308|Cd320	Cd320	chr17	+	0	0		0		0		no
ENSMUST00000025161.9|ENSMUSG00000024308|Tapbp	Tapbp	chr17	+	0	0		0		0		no
ENSMUST00000053429.10|ENSMUSG00000051390|Zbtb22	Zbtb22	chr17	+	0	0		0		0		no
ENSMUST00000047503.15|ENSMUSG00000041354|Rgl2	Rgl2	chr17	+	0	0		0		0		no
ENSMUST00000087543.4|ENSMUSG00000067370|B3galt4	B3galt4	chr17	-	0	0		0		0		no
ENSMUST00000025178.16|ENSMUSG00000024319|Vps52	Vps52	chr17	+	0	0		0		0		no
ENSMUST00000172912.7|ENSMUSG00000061232|H2-K1	H2-K1	chr17	-	0	0		0		0		no
ENSMUST00000025183.8|ENSMUSG00000024325|Ring1	Ring1	chr17	-	0	0		0		0		no
ENSMUST00000237759.1|ENSMUSG00000073422|H2-Ke6	H2-Ke6	chr17	-	0	0		0		0		no
ENSMUST00000025186.15|ENSMUSG00000024327|Slc39a7	Slc39a7	chr17	-	0	0		0		0		no
ENSMUST00000174299.8|ENSMUSG00000039656|Rxrb	Rxrb	chr17	+	0	0		0		0		no
ENSMUST00000154232.8|ENSMUSG00000024335|Brd2	Brd2	chr17	-	0	0		0		0		no
ENSMUST00000237402.1|ENSMUSG00000037649|H2-DMa	H2-DMa	chr17	+	0	0		0		0		no
ENSMUST00000236519.1|ENSMUSG00000037548|H2-DMb2	H2-DMb2	chr17	+	0	0		0		0		no
ENSMUST00000114232.3|ENSMUSG00000079547|H2-DMb1	H2-DMb1	chr17	+	0	0		0		0		no
ENSMUST00000237228.1|ENSMUSG00000096727|Psmb9	Psmb9	chr17	-	0	0		0		0		no
ENSMUST00000170086.7|ENSMUSG00000037321|Tap1	Tap1	chr17	+	0	0		0		0		no
ENSMUST00000025197.5|ENSMUSG00000024339|Tap2	Tap2	chr17	+	0	0		0		0		no
ENSMUST00000095342.10|ENSMUSG00000041538|H2-Ob	H2-Ob	chr17	+	0	0		0		0		no
ENSMUST00000040828.6|ENSMUSG00000073421|H2-Ab1	H2-Ab1	chr17	+	0	0		0		0		no
ENSMUST00000040655.13|ENSMUSG00000036594|H2-Aa	H2-Aa	chr17	-	0	0		0		0		no
ENSMUST00000236232.1|ENSMUSG00000060586|H2-Eb1	H2-Eb1	chr17	+	0	0		0		0		no
ENSMUST00000150924.1|ENSMUSG00000034786|Gpsm3	Gpsm3	chr17	+	0	0		0		0		no
ENSMUST00000038149.12|ENSMUSG00000034673|Pbx2	Pbx2	chr17	+	0	0		0		0		no
ENSMUST00000015622.7|ENSMUSG00000015478|Rnf5	Rnf5	chr17	-	0	0		0		0		no
ENSMUST00000174228.7|ENSMUSG00000034254|Agpat1	Agpat1	chr17	+	0	0		0		0		no
ENSMUST00000171121.8|ENSMUSG00000015474|Ppt2	Ppt2	chr17	-	0	0		0		0		no
ENSMUST00000015620.6|ENSMUSG00000015476|Prrt1	Prrt1	chr17	+	0	0		0		0		no
ENSMUST00000174519.1|ENSMUSG00000015461|Atf6b	Atf6b	chr17	+	0	0		0		0		no
ENSMUST00000173057.1|ENSMUSG00000073418|C4b	C4b	chr17	-	0	0		0		0		no
ENSMUST00000173063.7|ENSMUSG00000040482|Dxo	Dxo	chr17	+	0	0		0		0		no
ENSMUST00000172966.1|ENSMUSG00000040356|Skiv2l	Skiv2l	chr17	-	0	0		0		0		no
ENSMUST00000165953.2|ENSMUSG00000024369|Nelfe	Nelfe	chr17	+	0	0		0		0		no
ENSMUST00000133127.1|ENSMUSG00000090231|Cfb	Cfb	chr17	-	0	0		0		0		no
ENSMUST00000152417.7|ENSMUSG00000024371|C2	C2	chr17	-	0	0		0		0		no
ENSMUST00000137071.7|ENSMUSG00000013787|Ehmt2	Ehmt2	chr17	+	0	0		0		0		no
ENSMUST00000007253.5|ENSMUSG00000007038|Neu1	Neu1	chr17	+	0	0		0		0		no
ENSMUST00000172753.1|ENSMUSG00000090877|Hspa1b	Hspa1b	chr17	-	0	0		0		0		no
ENSMUST00000087328.3|ENSMUSG00000091971|Hspa1a	Hspa1a	chr17	-	0	0		0		0		no
ENSMUST00000173004.1|ENSMUSG00000007050|Lsm2	Lsm2	chr17	+	0	0		0		0		no
ENSMUST00000007257.9|ENSMUSG00000007041|Clic1	Clic1	chr17	+	0	0		0		0		no
ENSMUST00000174493.7|ENSMUSG00000007039|Ddah2	Ddah2	chr17	+	0	0		0		0		no
ENSMUST00000173846.7|ENSMUSG00000007036|Abhd16a	Abhd16a	chr17	+	0	0		0		0		no
ENSMUST00000174805.1|ENSMUSG00000024393|Prrc2a	Prrc2a	chr17	-	0	0		0		0		no
ENSMUST00000025263.14|ENSMUSG00000024401|Tnf	Tnf	chr17	-	0	0		0		0		no
ENSMUST00000048994.6|ENSMUSG00000042419|Nfkbil1	Nfkbil1	chr17	-	0	0		0		0		no
ENSMUST00000068261.8|ENSMUSG00000024403|Atp6v1g2	Atp6v1g2	chr17	+	0	0		0		0		no
ENSMUST00000068056.11|ENSMUSG00000019432|Ddx39b	Ddx39b	chr17	+	0	0		0		0		no
ENSMUST00000172785.7|ENSMUSG00000073411|H2-D1	H2-D1	chr17	+	0	0		0		0		no
ENSMUST00000174699.7|ENSMUSG00000073409|H2-Q6	H2-Q6	chr17	+	0	0		0		0		no
ENSMUST00000076256.7|ENSMUSG00000060550|H2-Q7	H2-Q7	chr17	+	0	0		0		0		no
ENSMUST00000174525.7|ENSMUSG00000067235|H2-Q10	H2-Q10	chr17	+	0	0		0		0		no
ENSMUST00000161012.7|ENSMUSG00000050410|Tcf19	Tcf19	chr17	-	0	0		0		0		no
ENSMUST00000044804.7|ENSMUSG00000039518|Cdsn	Cdsn	chr17	+	0	0		0		0		no
ENSMUST00000164404.7|ENSMUSG00000038838|Vars2	Vars2	chr17	-	0	0		0		0		no
ENSMUST00000155957.7|ENSMUSG00000003534|Ddr1	Ddr1	chr17	-	0	0		0		0		no
ENSMUST00000003635.6|ENSMUSG00000003541|Ier3	Ier3	chr17	+	0	0		0		0		no
ENSMUST00000173628.7|ENSMUSG00000059714|Flot1	Flot1	chr17	+	0	0		0		0		no
ENSMUST00000001566.9|ENSMUSG00000001525|Tubb5	Tubb5	chr17	-	0	0		0		0		no
ENSMUST00000074259.14|ENSMUSG00000059791|Nrm	Nrm	chr17	+	0	0		0		0		no
ENSMUST00000174366.7|ENSMUSG00000024422|Dhx16	Dhx16	chr17	+	0	0		0		0		no
ENSMUST00000154670.7|ENSMUSG00000050705|2310061I04Rik	2310061I04Rik	chr17	-	0	0		0		0		no
ENSMUST00000174349.7|ENSMUSG00000024436|Mrps18b	Mrps18b	chr17	-	0	0		0		0		no
ENSMUST00000087211.8|ENSMUSG00000039220|Ppp1r10	Ppp1r10	chr17	+	0	0		0		0		no
ENSMUST00000172429.7|ENSMUSG00000038500|Prr3	Prr3	chr17	-	0	0		0		0		no
ENSMUST00000087200.3|ENSMUSG00000024429|Gnl1	Gnl1	chr17	+	0	0		0		0		no
ENSMUST00000113760.9|ENSMUSG00000053835|H2-T24	H2-T24	chr17	-	0	0		0		0		no
ENSMUST00000102678.4|ENSMUSG00000067212|H2-T23	H2-T23	chr17	-	0	0		0		0		no
ENSMUST00000173280.1|ENSMUSG00000056116|H2-T22	H2-T22	chr17	-	0	0		0		0		no
ENSMUST00000077535.4|ENSMUSG00000024446|Rpp21	Rpp21	chr17	-	0	0		0		0		no
ENSMUST00000130367.7|ENSMUSG00000024457|Trim26	Trim26	chr17	+	0	0		0		0		no
ENSMUST00000040402.13|ENSMUSG00000036398|Ppp1r11	Ppp1r11	chr17	-	0	0		0		0		no
ENSMUST00000102665.10|ENSMUSG00000076439|Mog	Mog	chr17	-	0	0		0		0		no
ENSMUST00000173823.7|ENSMUSG00000024462|Gabbr1	Gabbr1	chr17	+	0	0		0		0		no
ENSMUST00000038844.6|ENSMUSG00000035186|Ubd	Ubd	chr17	+	0	0		0		0		no
ENSMUST00000038580.6|ENSMUSG00000016206|H2-M3	H2-M3	chr17	+	0	0		0		0		no
ENSMUST00000233871.1|ENSMUSG00000054951|9130008F23Rik	9130008F23Rik	chr17	-	0	0		0		0		no
ENSMUST00000087114.4|ENSMUSG00000023919|Cenpq	Cenpq	chr17	-	0	0		0		0		no
ENSMUST00000169611.3|ENSMUSG00000023921|Mmut	Mmut	chr17	+	0	0		0		0		no
ENSMUST00000024709.8|ENSMUSG00000061665|Cd2ap	Cd2ap	chr17	-	0	0		0		0		no
ENSMUST00000024708.5|ENSMUSG00000023915|Tnfrsf21	Tnfrsf21	chr17	+	0	0		0		0		no
ENSMUST00000113599.1|ENSMUSG00000056492|Adgrf5	Adgrf5	chr17	+	0	0		0		0		no
ENSMUST00000024706.11|ENSMUSG00000023913|Pla2g7	Pla2g7	chr17	+	0	0		0		0		no
ENSMUST00000024705.5|ENSMUSG00000023912|Slc25a27	Slc25a27	chr17	-	0	0		0		0		no
ENSMUST00000044792.5|ENSMUSG00000039601|Rcan2	Rcan2	chr17	+	0	0		0		0		no
ENSMUST00000126032.1|ENSMUSG00000023960|Enpp5	Enpp5	chr17	+	0	0		0		0		no
ENSMUST00000024757.13|ENSMUSG00000023961|Enpp4	Enpp4	chr17	-	0	0		0		0		no
ENSMUST00000024755.6|ENSMUSG00000023959|Clic5	Clic5	chr17	+	0	0		0		0		no
ENSMUST00000024727.9|ENSMUSG00000023932|Cdc5l	Cdc5l	chr17	-	0	0		0		0		no
ENSMUST00000024733.8|ENSMUSG00000023938|Aars2	Aars2	chr17	+	0	0		0		0		no
ENSMUST00000180252.2|ENSMUSG00000096847|Tmem151b	Tmem151b	chr17	-	0	0		0		0		no
ENSMUST00000024742.8|ENSMUSG00000023947|Nfkbie	Nfkbie	chr17	+	0	0		0		0		no
ENSMUST00000223987.1|ENSMUSG00000037089|Slc35b2	Slc35b2	chr17	+	0	0		0		0		no
ENSMUST00000163966.7|ENSMUSG00000023944|Hsp90ab1	Hsp90ab1	chr17	-	0	0		0		0		no
ENSMUST00000163492.7|ENSMUSG00000023942|Slc29a1	Slc29a1	chr17	-	0	0		0		0		no
ENSMUST00000113523.8|ENSMUSG00000036026|Tmem63b	Tmem63b	chr17	-	0	0		0		0		no
ENSMUST00000024747.13|ENSMUSG00000023951|Vegfa	Vegfa	chr17	-	0	0		0		0		no
ENSMUST00000024763.9|ENSMUSG00000023967|Mrps18a	Mrps18a	chr17	+	0	0		0		0		no
ENSMUST00000171172.2|ENSMUSG00000034509|Mad2l1bp	Mad2l1bp	chr17	-	0	0		0		0		no
ENSMUST00000233438.1|ENSMUSG00000023953|Polh	Polh	chr17	-	0	0		0		0		no
ENSMUST00000087031.6|ENSMUSG00000067150|Xpo5	Xpo5	chr17	+	0	0		0		0		no
ENSMUST00000095263.9|ENSMUSG00000071074|Yipf3	Yipf3	chr17	+	0	0		0		0		no
ENSMUST00000233543.1|ENSMUSG00000071073|Lrrc73	Lrrc73	chr17	+	0	0		0		0		no
ENSMUST00000180283.1|ENSMUSG00000012296|Tjap1	Tjap1	chr17	-	0	0		0		0		no
ENSMUST00000171584.1|ENSMUSG00000032842|Abcc10	Abcc10	chr17	-	0	0		0		0		no
ENSMUST00000046497.7|ENSMUSG00000040658|Dnph1	Dnph1	chr17	+	0	0		0		0		no
ENSMUST00000015749.6|ENSMUSG00000015605|Srf	Srf	chr17	-	0	0		0		0		no
ENSMUST00000044442.9|ENSMUSG00000023972|Ptk7	Ptk7	chr17	-	0	0		0		0		no
ENSMUST00000233974.1|ENSMUSG00000003546|Klc4	Klc4	chr17	-	0	0		0		0		no
ENSMUST00000113429.7|ENSMUSG00000002767|Mrpl2	Mrpl2	chr17	+	0	0		0		0		no
ENSMUST00000071841.6|ENSMUSG00000063576|Klhdc3	Klhdc3	chr17	-	0	0		0		0		no
ENSMUST00000002845.7|ENSMUSG00000002768|Mea1	Mea1	chr17	+	0	0		0		0		no
ENSMUST00000002839.8|ENSMUSG00000059409|Ppp2r5d	Ppp2r5d	chr17	-	0	0		0		0		no
ENSMUST00000002840.8|ENSMUSG00000002763|Pex6	Pex6	chr17	+	0	0		0		0		no
ENSMUST00000129200.1|ENSMUSG00000023973|Cnpy3	Cnpy3	chr17	-	0	0		0		0		no
ENSMUST00000071430.6|ENSMUSG00000062619|2310039H08Rik	2310039H08Rik	chr17	+	0	0		0		0		no
ENSMUST00000078286.5|ENSMUSG00000063888|Rpl7l1	Rpl7l1	chr17	-	0	0		0		0		no
ENSMUST00000040624.6|ENSMUSG00000036568|Bicral	Bicral	chr17	-	0	0		0		0		no
ENSMUST00000119945.7|ENSMUSG00000034729|Mrps10	Mrps10	chr17	+	0	0		0		0		no
ENSMUST00000037333.16|ENSMUSG00000034165|Ccnd3	Ccnd3	chr17	+	0	0		0		0		no
ENSMUST00000024783.8|ENSMUSG00000023988|Bysl	Bysl	chr17	-	0	0		0		0		no
ENSMUST00000024778.2|ENSMUSG00000092558|Med20	Med20	chr17	+	0	0		0		0		no
ENSMUST00000132397.1|ENSMUSG00000023984|Gm20517	Gm20517	chr17	+	0	0		0		0		no
ENSMUST00000113302.9|ENSMUSG00000033475|Tomm6	Tomm6	chr17	-	0	0		0		0		no
ENSMUST00000113296.7|ENSMUSG00000023266|Frs3	Frs3	chr17	+	0	0		0		0		no
ENSMUST00000086932.9|ENSMUSG00000023990|Tfeb	Tfeb	chr17	+	0	0		0		0		no
ENSMUST00000113265.7|ENSMUSG00000023991|Foxp4	Foxp4	chr17	-	0	0		0		0		no
ENSMUST00000048782.6|ENSMUSG00000042265|Trem1	Trem1	chr17	+	0	0		0		0		no
ENSMUST00000024791.14|ENSMUSG00000023992|Trem2	Trem2	chr17	+	0	0		0		0		no
ENSMUST00000078800.12|ENSMUSG00000023994|Nfya	Nfya	chr17	-	0	0		0		0		no
ENSMUST00000046651.6|ENSMUSG00000040771|Oard1	Oard1	chr17	+	0	0		0		0		no
ENSMUST00000174647.1|ENSMUSG00000064120|Mocs1	Mocs1	chr17	+	0	0		0		0		no
ENSMUST00000044503.13|ENSMUSG00000039316|Rftn1	Rftn1	chr17	-	0	0		0		0		no
ENSMUST00000043938.7|ENSMUSG00000038910|Plcl2	Plcl2	chr17	+	0	0		0		0		no
ENSMUST00000024717.9|ENSMUSG00000023923|Tbc1d5	Tbc1d5	chr17	-	0	0		0		0		no
ENSMUST00000144331.7|ENSMUSG00000023927|Satb1	Satb1	chr17	-	0	0		0		0		no
ENSMUST00000017975.6|ENSMUSG00000017831|Rab5a	Rab5a	chr17	+	0	0		0		0		no
ENSMUST00000054780.9|ENSMUSG00000003198|Zfp959	Zfp959	chr17	+	0	0		0		0		no
ENSMUST00000003274.7|ENSMUSG00000003206|Ebi3	Ebi3	chr17	+	0	0		0		0		no
ENSMUST00000233661.1|ENSMUSG00000003208|Yju2	Yju2	chr17	+	0	0		0		0		no
ENSMUST00000043785.7|ENSMUSG00000038781|Stap2	Stap2	chr17	-	0	0		0		0		no
ENSMUST00000003268.10|ENSMUSG00000003200|Sh3gl1	Sh3gl1	chr17	-	0	0		0		0		no
ENSMUST00000002914.9|ENSMUSG00000002835|Chaf1a	Chaf1a	chr17	+	0	0		0		0		no
ENSMUST00000019722.11|ENSMUSG00000019578|Ubxn6	Ubxn6	chr17	-	0	0		0		0		no
ENSMUST00000041357.8|ENSMUSG00000037095|Lrg1	Lrg1	chr17	-	0	0		0		0		no
ENSMUST00000001256.10|ENSMUSG00000001227|Sema6b	Sema6b	chr17	-	0	0		0		0		no
ENSMUST00000077788.6|ENSMUSG00000044469|Tnfaip8l1	Tnfaip8l1	chr17	+	0	0		0		0		no
ENSMUST00000019723.7|ENSMUSG00000019579|Mydgf	Mydgf	chr17	-	0	0		0		0		no
ENSMUST00000038794.5|ENSMUSG00000001229|Dpp9	Dpp9	chr17	-	0	0		0		0		no
ENSMUST00000060253.4|ENSMUSG00000043683|Fem1a	Fem1a	chr17	+	0	0		0		0		no
ENSMUST00000058136.8|ENSMUSG00000047123|Ticam1	Ticam1	chr17	-	0	0		0		0		no
ENSMUST00000019726.7|ENSMUSG00000024197|Plin3	Plin3	chr17	-	0	0		0		0		no
ENSMUST00000001258.14|ENSMUSG00000001228|Uhrf1	Uhrf1	chr17	+	0	0		0		0		no
ENSMUST00000141507.1|ENSMUSG00000024201|Kdm4b	Kdm4b	chr17	+	0	0		0		0		no
ENSMUST00000223859.1|ENSMUSG00000013236|Ptprs	Ptprs	chr17	-	0	0		0		0		no
ENSMUST00000144255.7|ENSMUSG00000042625|Safb2	Safb2	chr17	-	0	0		0		0		no
ENSMUST00000182951.7|ENSMUSG00000071054|Safb	Safb	chr17	+	0	0		0		0		no
ENSMUST00000052832.5|ENSMUSG00000049760|Micos13	Micos13	chr17	-	0	0		0		0		no
ENSMUST00000002445.9|ENSMUSG00000002372|Ranbp3	Ranbp3	chr17	+	0	0		0		0		no
ENSMUST00000067931.6|ENSMUSG00000054723|Vmac	Vmac	chr17	-	0	0		0		0		no
ENSMUST00000233832.1|ENSMUSG00000002379|Ndufa11	Ndufa11	chr17	+	0	0		0		0		no
ENSMUST00000086801.6|ENSMUSG00000024206|Rfx2	Rfx2	chr17	-	0	0		0		0		no
ENSMUST00000025053.9|ENSMUSG00000024212|Mllt1	Mllt1	chr17	-	0	0		0		0		no
ENSMUST00000007814.9|ENSMUSG00000007670|Khsrp	Khsrp	chr17	-	0	0		0		0		no
ENSMUST00000171128.1|ENSMUSG00000046329|Slc25a23	Slc25a23	chr17	-	0	0		0		0		no
ENSMUST00000071135.5|ENSMUSG00000062591|Tubb4a	Tubb4a	chr17	-	1	1	0.0167351142371636	50	chr17:57080250-57080300(fdr=1.67e-02)	0		yes
ENSMUST00000039490.8|ENSMUSG00000035678|Tnfsf9	Tnfsf9	chr17	+	0	0		0		0		no
ENSMUST00000233568.1|ENSMUSG00000005823|Gpr108	Gpr108	chr17	-	0	0		0		0		no
ENSMUST00000225664.1|ENSMUSG00000019487|Trip10	Trip10	chr17	+	0	0		0		0		no
ENSMUST00000005889.15|ENSMUSG00000034116|Vav1	Vav1	chr17	+	0	0		0		0		no
ENSMUST00000086763.12|ENSMUSG00000004730|Adgre1	Adgre1	chr17	+	0	0		0		0		no
ENSMUST00000025064.13|ENSMUSG00000024227|Pdzph1	Pdzph1	chr17	-	0	0		0		0		no
ENSMUST00000025065.11|ENSMUSG00000024228|Nudt12	Nudt12	chr17	-	0	0		0		0		no
ENSMUST00000024761.12|ENSMUSG00000023965|Fbxl17	Fbxl17	chr17	-	0	0		0		0		no
ENSMUST00000172818.7|ENSMUSG00000024083|Pja2	Pja2	chr17	-	0	0		0		0		no
ENSMUST00000086723.9|ENSMUSG00000024085|Man2a1	Man2a1	chr17	+	0	0		0		0		no
ENSMUST00000024897.9|ENSMUSG00000024091|Vapa	Vapa	chr17	-	0	0		0		0		no
ENSMUST00000070673.8|ENSMUSG00000056515|Rab31	Rab31	chr17	-	0	0		0		0		no
ENSMUST00000162109.7|ENSMUSG00000061950|Ppp4r1	Ppp4r1	chr17	+	0	0		0		0		no
ENSMUST00000024905.10|ENSMUSG00000024096|Ralbp1	Ralbp1	chr17	-	0	0		0		0		no
ENSMUST00000233580.1|ENSMUSG00000024098|Twsg1	Twsg1	chr17	-	0	0		0		0		no
ENSMUST00000143987.8|ENSMUSG00000024099|Ndufv2	Ndufv2	chr17	-	0	0		0		0		no
ENSMUST00000072383.13|ENSMUSG00000024101|Washc1	Washc1	chr17	+	0	0		0		0		no
ENSMUST00000167962.1|ENSMUSG00000023460|Rab12	Rab12	chr17	-	0	0		0		0		no
ENSMUST00000035471.8|ENSMUSG00000032796|Lama1	Lama1	chr17	+	0	0		0		0		no
ENSMUST00000024840.11|ENSMUSG00000024043|Arhgap28	Arhgap28	chr17	-	0	0		0		0		no
ENSMUST00000225740.1|ENSMUSG00000024044|Epb41l3	Epb41l3	chr17	+	0	0		0		0		no
ENSMUST00000112676.3|ENSMUSG00000049672|Zbtb14	Zbtb14	chr17	+	0	0		0		0		no
ENSMUST00000133983.7|ENSMUSG00000003279|Dlgap1	Dlgap1	chr17	+	0	0		0		0		no
ENSMUST00000186358.5|ENSMUSG00000047407|Tgif1	Tgif1	chr17	-	0	0		0		0		no
ENSMUST00000038446.9|ENSMUSG00000034868|Myl12b	Myl12b	chr17	-	0	0		0		0		no
ENSMUST00000233357.1|ENSMUSG00000117098|Gm49909	Gm49909	chr17	-	0	0		0		0		no
ENSMUST00000148960.7|ENSMUSG00000024048|Myl12a	Myl12a	chr17	-	0	0		0		0		no
ENSMUST00000233057.1|ENSMUSG00000024053|Emilin2	Emilin2	chr17	-	0	0		0		0		no
ENSMUST00000127430.1|ENSMUSG00000024054|Smchd1	Smchd1	chr17	-	0	0		0		0		no
ENSMUST00000167641.7|ENSMUSG00000052525|Spdya	Spdya	chr17	+	0	0		0		0		no
ENSMUST00000234560.1|ENSMUSG00000041057|Wdr43	Wdr43	chr17	+	0	0		0		0		no
ENSMUST00000045174.6|ENSMUSG00000039770|Ypel5	Ypel5	chr17	+	0	0		0		0		no
ENSMUST00000067545.7|ENSMUSG00000054469|Lclat1	Lclat1	chr17	+	0	0		0		0		no
ENSMUST00000024860.8|ENSMUSG00000024065|Ehd3	Ehd3	chr17	+	0	0		0		0		no
ENSMUST00000233176.1|ENSMUSG00000058704|Memo1	Memo1	chr17	-	0	0		0		0		no
ENSMUST00000233187.1|ENSMUSG00000024067|Dpy30	Dpy30	chr17	-	0	0		0		0		no
ENSMUST00000225549.1|ENSMUSG00000024068|Spast	Spast	chr17	+	0	0		0		0		no
ENSMUST00000234515.1|ENSMUSG00000024069|Slc30a6	Slc30a6	chr17	+	0	0		0		0		no
ENSMUST00000001927.11|ENSMUSG00000001870|Ltbp1	Ltbp1	chr17	+	0	0		0		0		no
ENSMUST00000164192.8|ENSMUSG00000071042|Rasgrp3	Rasgrp3	chr17	+	0	0		0		0		no
ENSMUST00000234785.1|ENSMUSG00000002017|Fam98a	Fam98a	chr17	-	0	0		0		0		no
ENSMUST00000234059.1|ENSMUSG00000024074|Crim1	Crim1	chr17	+	0	0		0		0		no
ENSMUST00000145910.8|ENSMUSG00000024077|Strn	Strn	chr17	-	0	0		0		0		no
ENSMUST00000170759.2|ENSMUSG00000050668|Gpatch11	Gpatch11	chr17	+	0	0		0		0		no
ENSMUST00000024884.4|ENSMUSG00000024079|Eif2ak2	Eif2ak2	chr17	-	0	0		0		0		no
ENSMUST00000180077.6|ENSMUSG00000062691|Cebpzos	Cebpzos	chr17	+	0	0		0		0		no
ENSMUST00000233484.1|ENSMUSG00000024081|Cebpz	Cebpz	chr17	-	0	0		0		0		no
ENSMUST00000003191.13|ENSMUSG00000024070|Prkd3	Prkd3	chr17	-	0	0		0		0		no
ENSMUST00000040789.5|ENSMUSG00000024084|Qpct	Qpct	chr17	+	0	0		0		0		no
ENSMUST00000068958.8|ENSMUSG00000036533|Cdc42ep3	Cdc42ep3	chr17	-	0	0		0		0		no
ENSMUST00000225357.1|ENSMUSG00000036368|Rmdn2	Rmdn2	chr17	+	0	0		0		0		no
ENSMUST00000024894.1|ENSMUSG00000024087|Cyp1b1	Cyp1b1	chr17	-	0	0		0		0		no
ENSMUST00000222193.1|ENSMUSG00000059811|Atl2	Atl2	chr17	-	0	0		0		0		no
ENSMUST00000184297.7|ENSMUSG00000024095|Hnrnpll	Hnrnpll	chr17	-	0	0		0		0		no
ENSMUST00000039205.10|ENSMUSG00000035473|Galm	Galm	chr17	+	0	0		0		0		no
ENSMUST00000234503.1|ENSMUSG00000024097|Srsf7	Srsf7	chr17	-	0	0		0		0		no
ENSMUST00000069486.12|ENSMUSG00000055760|Gemin6	Gemin6	chr17	+	0	0		0		0		no
ENSMUST00000038166.8|ENSMUSG00000035051|Dhx57	Dhx57	chr17	-	0	0		0		0		no
ENSMUST00000068714.6|ENSMUSG00000024241|Sos1	Sos1	chr17	-	0	0		0		0		no
ENSMUST00000112389.8|ENSMUSG00000024242|Map4k3	Map4k3	chr17	-	0	0		0		0		no
ENSMUST00000025092.4|ENSMUSG00000024245|Tmem178	Tmem178	chr17	+	0	0		0		0		no
ENSMUST00000170794.7|ENSMUSG00000024247|Pkdcc	Pkdcc	chr17	+	0	0		0		0		no
ENSMUST00000234460.1|ENSMUSG00000032624|Eml4	Eml4	chr17	+	0	0		0		0		no
ENSMUST00000025095.8|ENSMUSG00000024248|Cox7a2l	Cox7a2l	chr17	-	0	0		0		0		no
ENSMUST00000060366.6|ENSMUSG00000045817|Zfp36l2	Zfp36l2	chr17	-	0	0		0		0		no
ENSMUST00000047524.9|ENSMUSG00000024251|Thada	Thada	chr17	-	0	0		0		0		no
ENSMUST00000025101.9|ENSMUSG00000024253|Dync2li1	Dync2li1	chr17	+	0	0		0		0		no
ENSMUST00000160011.1|ENSMUSG00000024120|Lrpprc	Lrpprc	chr17	-	0	0		0		0		no
ENSMUST00000112304.9|ENSMUSG00000061130|Ppm1b	Ppm1b	chr17	+	0	0		0		0		no
ENSMUST00000072406.4|ENSMUSG00000024127|Prepl	Prepl	chr17	-	0	0		0		0		no
ENSMUST00000095188.6|ENSMUSG00000071037|Camkmt	Camkmt	chr17	+	0	0		0		0		no
ENSMUST00000163568.3|ENSMUSG00000024134|Six2	Six2	chr17	-	0	0		0		0		no
ENSMUST00000234761.1|ENSMUSG00000024135|Srbd1	Srbd1	chr17	-	0	0		0		0		no
ENSMUST00000097275.8|ENSMUSG00000045038|Prkce	Prkce	chr17	+	0	0		0		0		no
ENSMUST00000024954.10|ENSMUSG00000024140|Epas1	Epas1	chr17	+	0	0		0		0		no
ENSMUST00000024956.14|ENSMUSG00000024143|Rhoq	Rhoq	chr17	+	0	0		0		0		no
ENSMUST00000024957.6|ENSMUSG00000024145|Pigf	Pigf	chr17	-	0	0		0		0		no
ENSMUST00000024959.9|ENSMUSG00000024146|Cript	Cript	chr17	+	0	0		0		0		no
ENSMUST00000041369.7|ENSMUSG00000037104|Socs5	Socs5	chr17	+	0	0		0		0		no
ENSMUST00000024963.10|ENSMUSG00000024150|Mcfd2	Mcfd2	chr17	-	0	0		0		0		no
ENSMUST00000154255.7|ENSMUSG00000036918|Ttc7	Ttc7	chr17	+	0	0		0		0		no
ENSMUST00000238271.1|ENSMUSG00000036438|Calm2	Calm2	chr17	-	0	0		0		0		no
ENSMUST00000174703.1|ENSMUSG00000024151|Msh2	Msh2	chr17	+	0	0		0		0		no
ENSMUST00000135639.7|ENSMUSG00000005371|Fbxo11	Fbxo11	chr17	-	0	0		0		0		no
ENSMUST00000141052.1|ENSMUSG00000034998|Foxn2	Foxn2	chr17	+	0	0		0		0		no
ENSMUST00000038551.7|ENSMUSG00000034709|Ppp1r21	Ppp1r21	chr17	+	0	0		0		0		no
ENSMUST00000086423.5|ENSMUSG00000066878|Gm10184	Gm10184	chr17	-	0	0		0		0		no
ENSMUST00000072671.13|ENSMUSG00000024109|Nrxn1	Nrxn1	chr17	-	0	0		0		0		no
ENSMUST00000234990.1|ENSMUSG00000055660|Mettl4	Mettl4	chr17	-	0	0		0		0		no
ENSMUST00000025075.2|ENSMUSG00000024232|Bambi	Bambi	chr18	+	0	0		0		0		no
ENSMUST00000173930.7|ENSMUSG00000024235|Map3k8	Map3k8	chr18	-	0	0		0		0		no
ENSMUST00000234422.1|ENSMUSG00000024234|Mtpap	Mtpap	chr18	+	0	0		0		0		no
ENSMUST00000037029.6|ENSMUSG00000033960|Jcad	Jcad	chr18	+	0	0		0		0		no
ENSMUST00000125512.7|ENSMUSG00000024236|Svil	Svil	chr18	+	0	0		0		0		no
ENSMUST00000063989.6|ENSMUSG00000050945|Zfp438	Zfp438	chr18	-	0	0		0		0		no
ENSMUST00000161295.7|ENSMUSG00000024238|Zeb1	Zeb1	chr18	+	0	0		0		0		no
ENSMUST00000182066.7|ENSMUSG00000041225|Arhgap12	Arhgap12	chr18	-	0	0		0		0		no
ENSMUST00000025083.13|ENSMUSG00000006740|Kif5b	Kif5b	chr18	-	0	0		0		0		no
ENSMUST00000115870.8|ENSMUSG00000024240|Epc1	Epc1	chr18	-	0	0		0		0		no
ENSMUST00000079788.6|ENSMUSG00000061013|Mkx	Mkx	chr18	-	0	0		0		0		no
ENSMUST00000167020.7|ENSMUSG00000024283|Wac	Wac	chr18	+	0	0		0		0		no
ENSMUST00000041080.6|ENSMUSG00000036904|Fzd8	Fzd8	chr18	+	0	0		0		0		no
ENSMUST00000234779.1|ENSMUSG00000024286|Ccny	Ccny	chr18	-	0	0		0		0		no
ENSMUST00000025137.8|ENSMUSG00000024287|Thoc1	Thoc1	chr18	+	0	0		0		0		no
ENSMUST00000092096.13|ENSMUSG00000047879|Usp14	Usp14	chr18	-	0	0		0		0		no
ENSMUST00000234610.1|ENSMUSG00000024290|Rock1	Rock1	chr18	-	0	0		0		0		no
ENSMUST00000002551.4|ENSMUSG00000002477|Snrpd1	Snrpd1	chr18	+	0	0		0		0		no
ENSMUST00000117828.8|ENSMUSG00000002475|Abhd3	Abhd3	chr18	-	0	0		0		0		no
ENSMUST00000124288.7|ENSMUSG00000024294|Mib1	Mib1	chr18	+	0	0		0		0		no
ENSMUST00000234616.1|ENSMUSG00000041238|Rbbp8	Rbbp8	chr18	+	0	0		0		0		no
ENSMUST00000171109.8|ENSMUSG00000040957|Cables1	Cables1	chr18	+	0	0		0		0		no
ENSMUST00000234148.1|ENSMUSG00000024404|Riok3	Riok3	chr18	+	0	0		0		0		no
ENSMUST00000155431.7|ENSMUSG00000024410|Rmc1	Rmc1	chr18	+	0	0		0		0		no
ENSMUST00000025279.5|ENSMUSG00000024413|Npc1	Npc1	chr18	-	0	0		0		0		no
ENSMUST00000234405.1|ENSMUSG00000057766|Ankrd29	Ankrd29	chr18	-	0	0		0		0		no
ENSMUST00000234974.1|ENSMUSG00000024424|Ttc39c	Ttc39c	chr18	+	0	0		0		0		no
ENSMUST00000025288.8|ENSMUSG00000024420|Zfp521	Zfp521	chr18	-	0	0		0		0		no
ENSMUST00000234120.1|ENSMUSG00000037013|Ss18	Ss18	chr18	-	0	0		0		0		no
ENSMUST00000025992.6|ENSMUSG00000036225|Kctd1	Kctd1	chr18	-	0	0		0		0		no
ENSMUST00000079081.7|ENSMUSG00000024411|Aqp4	Aqp4	chr18	-	0	0		0		0		no
ENSMUST00000025166.13|ENSMUSG00000024304|Cdh2	Cdh2	chr18	-	0	0		0		0		no
ENSMUST00000075312.4|ENSMUSG00000061808|Ttr	Ttr	chr18	+	0	0		0		0		no
ENSMUST00000070080.5|ENSMUSG00000056124|B4galt6	B4galt6	chr18	-	0	0		0		0		no
ENSMUST00000225661.2|ENSMUSG00000033382|Trappc8	Trappc8	chr18	-	0	0		0		0		no
ENSMUST00000050004.2|ENSMUSG00000033107|Rnf125	Rnf125	chr18	+	0	0		0		0		no
ENSMUST00000052396.6|ENSMUSG00000024317|Rnf138	Rnf138	chr18	+	0	0		0		0		no
ENSMUST00000092015.10|ENSMUSG00000041923|Nol4	Nol4	chr18	-	0	0		0		0		no
ENSMUST00000115832.3|ENSMUSG00000024302|Dtna	Dtna	chr18	+	0	0		0		0		no
ENSMUST00000165387.1|ENSMUSG00000024277|Mapre2	Mapre2	chr18	+	0	0		0		0		no
ENSMUST00000060762.5|ENSMUSG00000024276|Zfp397	Zfp397	chr18	+	0	0		0		0		no
ENSMUST00000074941.7|ENSMUSG00000063281|Zfp35	Zfp35	chr18	+	0	0		0		0		no
ENSMUST00000066497.11|ENSMUSG00000051469|Zfp24	Zfp24	chr18	-	0	0		0		0		no
ENSMUST00000153360.7|ENSMUSG00000047989|Ino80c	Ino80c	chr18	-	0	0		0		0		no
ENSMUST00000171583.1|ENSMUSG00000000420|Galnt1	Galnt1	chr18	+	0	0		0		0		no
ENSMUST00000235029.1|ENSMUSG00000024273|2700062C07Rik	2700062C07Rik	chr18	+	0	0		0		0		no
ENSMUST00000046206.4|ENSMUSG00000040446|Rprd1a	Rprd1a	chr18	-	0	0		0		0		no
ENSMUST00000070726.9|ENSMUSG00000024270|Slc39a6	Slc39a6	chr18	-	0	0		0		0		no
ENSMUST00000234266.1|ENSMUSG00000024271|Elp2	Elp2	chr18	+	0	0		0		0		no
ENSMUST00000115817.2|ENSMUSG00000024269|Tpgs2	Tpgs2	chr18	-	0	0		0		0		no
ENSMUST00000160530.7|ENSMUSG00000033632|AW554918	AW554918	chr18	+	0	0		0		0		no
ENSMUST00000115816.2|ENSMUSG00000024268|Celf4	Celf4	chr18	-	0	0		0		0		no
ENSMUST00000131405.1|ENSMUSG00000033628|Pik3c3	Pik3c3	chr18	+	0	0		0		0		no
ENSMUST00000082070.12|ENSMUSG00000057455|Rit2	Rit2	chr18	-	0	0		0		0		no
ENSMUST00000025110.4|ENSMUSG00000024261|Syt4	Syt4	chr18	-	0	0		0		0		no
ENSMUST00000060396.6|ENSMUSG00000024259|Slc25a46	Slc25a46	chr18	-	0	0		0		0		no
ENSMUST00000235017.1|ENSMUSG00000024260|Sap130	Sap130	chr18	+	0	0		0		0		no
ENSMUST00000025106.4|ENSMUSG00000024258|Polr2d	Polr2d	chr18	+	0	0		0		0		no
ENSMUST00000234344.1|ENSMUSG00000024400|Wdr33	Wdr33	chr18	+	0	0		0		0		no
ENSMUST00000054984.7|ENSMUSG00000044982|Sft2d3	Sft2d3	chr18	-	0	0		0		0		no
ENSMUST00000225404.1|ENSMUSG00000024395|Lims2	Lims2	chr18	+	0	0		0		0		no
ENSMUST00000064016.5|ENSMUSG00000052229|Gpr17	Gpr17	chr18	-	0	0		0		0		no
ENSMUST00000025243.4|ENSMUSG00000024384|Iws1	Iws1	chr18	+	0	0		0		0		no
ENSMUST00000025241.6|ENSMUSG00000024382|Ercc3	Ercc3	chr18	+	0	0		0		0		no
ENSMUST00000091967.12|ENSMUSG00000024381|Bin1	Bin1	chr18	+	0	0		0		0		no
ENSMUST00000174459.1|ENSMUSG00000090523|Gypc	Gypc	chr18	-	0	0		0		0		no
ENSMUST00000053663.10|ENSMUSG00000038299|Wdr36	Wdr36	chr18	+	0	0		0		0		no
ENSMUST00000234205.1|ENSMUSG00000038128|Camk4	Camk4	chr18	+	0	0		0		0		no
ENSMUST00000025236.8|ENSMUSG00000024378|Stard4	Stard4	chr18	-	0	0		0		0		no
ENSMUST00000168890.1|ENSMUSG00000042834|Nrep	Nrep	chr18	-	0	0		0		0		no
ENSMUST00000163295.1|ENSMUSG00000005871|Apc	Apc	chr18	+	0	0		0		0		no
ENSMUST00000003876.9|ENSMUSG00000003778|Brd8	Brd8	chr18	-	0	0		0		0		no
ENSMUST00000133181.1|ENSMUSG00000024370|Cdc23	Cdc23	chr18	-	0	0		0		0		no
ENSMUST00000235929.1|ENSMUSG00000034300|Fam53c	Fam53c	chr18	+	0	0		0		0		no
ENSMUST00000225195.1|ENSMUSG00000038773|Kdm3b	Kdm3b	chr18	+	0	0		0		0		no
ENSMUST00000043484.7|ENSMUSG00000038555|Reep2	Reep2	chr18	+	0	0		0		0		no
ENSMUST00000064795.5|ENSMUSG00000038418|Egr1	Egr1	chr18	+	0	0		0		0		no
ENSMUST00000025218.7|ENSMUSG00000024360|Etf1	Etf1	chr18	-	0	0		0		0		no
ENSMUST00000025217.10|ENSMUSG00000024359|Hspa9	Hspa9	chr18	-	0	0		0		0		no
ENSMUST00000237855.1|ENSMUSG00000037815|Ctnna1	Ctnna1	chr18	+	0	0		0		0		no
ENSMUST00000091636.4|ENSMUSG00000071862|Lrrtm2	Lrrtm2	chr18	-	0	0		0		0		no
ENSMUST00000237018.1|ENSMUSG00000037236|Matr3	Matr3	chr18	+	0	0		0		0		no
ENSMUST00000235476.1|ENSMUSG00000037058|Paip2	Paip2	chr18	+	0	0		0		0		no
ENSMUST00000235760.1|ENSMUSG00000024352|Spata24	Spata24	chr18	-	0	0		0		0		no
ENSMUST00000235930.1|ENSMUSG00000024350|Dnajc18	Dnajc18	chr18	-	0	0		0		0		no
ENSMUST00000235495.1|ENSMUSG00000024349|Sting1	Sting1	chr18	-	0	0		0		0		no
ENSMUST00000170693.8|ENSMUSG00000091896|Ube2d2a	Ube2d2a	chr18	+	0	0		0		0		no
ENSMUST00000060722.7|ENSMUSG00000046668|Cxxc5	Cxxc5	chr18	+	0	0		0		0		no
ENSMUST00000176472.7|ENSMUSG00000024347|Psd2	Psd2	chr18	+	0	0		0		0		no
ENSMUST00000051301.5|ENSMUSG00000043991|Pura	Pura	chr18	+	0	0		0		0		no
ENSMUST00000237792.1|ENSMUSG00000024346|Pfdn1	Pfdn1	chr18	-	0	0		0		0		no
ENSMUST00000025363.6|ENSMUSG00000024486|Hbegf	Hbegf	chr18	-	0	0		0		0		no
ENSMUST00000140061.7|ENSMUSG00000117942|Maskbp3	Maskbp3	chr18	+	0	0		0		0		no
ENSMUST00000036765.7|ENSMUSG00000090264|Eif4ebp3	Eif4ebp3	chr18	+	0	0		0		0		no
ENSMUST00000173482.7|ENSMUSG00000006050|Sra1	Sra1	chr18	-	0	0		0		0		no
ENSMUST00000237965.1|ENSMUSG00000117679|Apbb3	Apbb3	chr18	-	0	0		0		0		no
ENSMUST00000186538.6|ENSMUSG00000033272|Slc35a4	Slc35a4	chr18	+	0	0		0		0		no
ENSMUST00000061829.7|ENSMUSG00000051439|Cd14	Cd14	chr18	-	0	0		0		0		no
ENSMUST00000237727.1|ENSMUSG00000006850|Tmco6	Tmco6	chr18	+	0	0		0		0		no
ENSMUST00000014438.4|ENSMUSG00000014294|Ndufa2	Ndufa2	chr18	-	0	0		0		0		no
ENSMUST00000007042.5|ENSMUSG00000024474|Ik	Ik	chr18	+	0	0		0		0		no
ENSMUST00000049323.8|ENSMUSG00000042660|Wdr55	Wdr55	chr18	+	0	0		0		0		no
ENSMUST00000152954.7|ENSMUSG00000019143|Hars2	Hars2	chr18	+	0	0		0		0		no
ENSMUST00000001419.9|ENSMUSG00000001383|Zmat2	Zmat2	chr18	+	0	0		0		0		no
ENSMUST00000070797.6|ENSMUSG00000103442|Pcdha1	Pcdha1	chr18	+	0	0		0		0		no
ENSMUST00000115662.8|ENSMUSG00000104148|Pcdha2	Pcdha2	chr18	+	0	0		0		0		no
ENSMUST00000192503.1|ENSMUSG00000102312|Pcdha3	Pcdha3	chr18	+	0	0		0		0		no
ENSMUST00000192512.5|ENSMUSG00000104252|Pcdha4	Pcdha4	chr18	+	0	0		0		0		no
ENSMUST00000192168.1|ENSMUSG00000103092|Pcdha5	Pcdha5	chr18	+	0	0		0		0		no
ENSMUST00000192631.1|ENSMUSG00000104318|Pcdha7	Pcdha7	chr18	+	0	0		0		0		no
ENSMUST00000194038.1|ENSMUSG00000103800|Pcdha8	Pcdha8	chr18	+	0	0		0		0		no
ENSMUST00000115659.5|ENSMUSG00000103770|Pcdha9	Pcdha9	chr18	+	0	0		0		0		no
ENSMUST00000115658.5|ENSMUSG00000007440|Pcdha11	Pcdha11	chr18	+	0	0		0		0		no
ENSMUST00000115657.9|ENSMUSG00000102206|Pcdha11	Pcdha11	chr18	+	0	0		0		0		no
ENSMUST00000047614.3|ENSMUSG00000103310|Pcdha12	Pcdha12	chr18	+	0	0		0		0		no
ENSMUST00000007584.3|ENSMUSG00000103255|Pcdhac1	Pcdhac1	chr18	+	0	0		0		0		no
ENSMUST00000047479.2|ENSMUSG00000102697|Pcdhac2	Pcdhac2	chr18	+	0	0		0		0		no
ENSMUST00000051754.1|ENSMUSG00000045498|Pcdhb3	Pcdhb3	chr18	+	0	0		0		0		no
ENSMUST00000053037.4|ENSMUSG00000045062|Pcdhb7	Pcdhb7	chr18	+	0	0		0		0		no
ENSMUST00000051163.2|ENSMUSG00000045876|Pcdhb8	Pcdhb8	chr18	+	0	0		0		0		no
ENSMUST00000057228.1|ENSMUSG00000051242|Pcdhb9	Pcdhb9	chr18	+	0	0		0		0		no
ENSMUST00000053073.5|ENSMUSG00000051486|Pcdhb11	Pcdhb11	chr18	+	0	0		0		0		no
ENSMUST00000055495.5|ENSMUSG00000043458|Pcdhb12	Pcdhb12	chr18	+	0	0		0		0		no
ENSMUST00000052387.4|ENSMUSG00000044043|Pcdhb14	Pcdhb14	chr18	+	0	0		0		0		no
ENSMUST00000051442.6|ENSMUSG00000047910|Pcdhb16	Pcdhb16	chr18	+	0	0		0		0		no
ENSMUST00000053856.5|ENSMUSG00000046387|Pcdhb17	Pcdhb17	chr18	+	0	0		0		0		no
ENSMUST00000059571.6|ENSMUSG00000043313|Pcdhb19	Pcdhb19	chr18	+	0	0		0		0		no
ENSMUST00000052179.7|ENSMUSG00000046191|Pcdhb20	Pcdhb20	chr18	+	0	0		0		0		no
ENSMUST00000061405.5|ENSMUSG00000044022|Pcdhb21	Pcdhb21	chr18	+	0	0		0		0		no
ENSMUST00000192409.1|ENSMUSG00000073591|Pcdhb22	Pcdhb22	chr18	+	0	0		0		0		no
ENSMUST00000066272.5|ENSMUSG00000051316|Taf7	Taf7	chr18	-	0	0		0		0		no
ENSMUST00000194190.1|ENSMUSG00000103144|Pcdhga1	Pcdhga1	chr18	+	0	0		0		0		no
ENSMUST00000193869.1|ENSMUSG00000103332|Pcdhga2	Pcdhga2	chr18	+	0	0		0		0		no
ENSMUST00000073447.7|ENSMUSG00000104346|Pcdhga3	Pcdhga3	chr18	+	0	0		0		0		no
ENSMUST00000192931.1|ENSMUSG00000103037|Pcdhgb1	Pcdhgb1	chr18	+	0	0		0		0		no
ENSMUST00000194418.1|ENSMUSG00000103677|Pcdhga4	Pcdhga4	chr18	+	0	0		0		0		no
ENSMUST00000195112.1|ENSMUSG00000102748|Pcdhgb2	Pcdhgb2	chr18	+	0	0		0		0		no
ENSMUST00000193414.1|ENSMUSG00000103567|Pcdhga5	Pcdhga5	chr18	+	0	0		0		0		no
ENSMUST00000195823.1|ENSMUSG00000103793|Pcdhga6	Pcdhga6	chr18	+	0	0		0		0		no
ENSMUST00000192511.1|ENSMUSG00000103472|Pcdhga7	Pcdhga7	chr18	+	0	0		0		0		no
ENSMUST00000195363.1|ENSMUSG00000103585|Pcdhgb4	Pcdhgb4	chr18	+	0	0		0		0		no
ENSMUST00000066149.8|ENSMUSG00000103897|Pcdhga8	Pcdhga8	chr18	+	0	0		0		0		no
ENSMUST00000192535.1|ENSMUSG00000103749|Pcdhgb5	Pcdhgb5	chr18	+	0	0		0		0		no
ENSMUST00000091935.6|ENSMUSG00000102440|Pcdhga9	Pcdhga9	chr18	+	0	0		0		0		no
ENSMUST00000003599.8|ENSMUSG00000103088|Pcdhgb6	Pcdhgb6	chr18	+	0	0		0		0		no
ENSMUST00000193404.1|ENSMUSG00000102222|Pcdhga10	Pcdhga10	chr18	+	0	0		0		0		no
ENSMUST00000194928.1|ENSMUSG00000104063|Pcdhgb7	Pcdhgb7	chr18	+	0	0		0		0		no
ENSMUST00000061279.9|ENSMUSG00000102742|Pcdhga11	Pcdhga11	chr18	+	0	0		0		0		no
ENSMUST00000195764.1|ENSMUSG00000103081|Pcdhgb8	Pcdhgb8	chr18	+	0	0		0		0		no
ENSMUST00000044851.7|ENSMUSG00000102428|Pcdhga12	Pcdhga12	chr18	+	0	0		0		0		no
ENSMUST00000192103.1|ENSMUSG00000102918|Pcdhgc3	Pcdhgc3	chr18	+	0	0		0		0		no
ENSMUST00000066140.12|ENSMUSG00000023036|Pcdhgc4	Pcdhgc4	chr18	+	0	0		0		0		no
ENSMUST00000193941.1|ENSMUSG00000102543|Pcdhgc5	Pcdhgc5	chr18	+	0	0		0		0		no
ENSMUST00000115634.7|ENSMUSG00000024456|Diaph1	Diaph1	chr18	-	0	0		0		0		no
ENSMUST00000236756.1|ENSMUSG00000024454|Hdac3	Hdac3	chr18	-	0	0		0		0		no
ENSMUST00000091932.11|ENSMUSG00000044024|Rell2	Rell2	chr18	+	0	0		0		0		no
ENSMUST00000043437.13|ENSMUSG00000038524|Fchsd1	Fchsd1	chr18	-	0	0		0		0		no
ENSMUST00000237272.1|ENSMUSG00000024451|Arap3	Arap3	chr18	-	0	0		0		0		no
ENSMUST00000236649.1|ENSMUSG00000060450|Rnf14	Rnf14	chr18	+	0	0		0		0		no
ENSMUST00000235590.1|ENSMUSG00000052102|Gnpda1	Gnpda1	chr18	-	0	0		0		0		no
ENSMUST00000236480.1|ENSMUSG00000024425|Ndfip1	Ndfip1	chr18	+	0	0		0		0		no
ENSMUST00000025295.7|ENSMUSG00000024427|Spry4	Spry4	chr18	-	0	0		0		0		no
ENSMUST00000115567.7|ENSMUSG00000024431|Nr3c1	Nr3c1	chr18	-	0	0		0		0		no
ENSMUST00000025364.5|ENSMUSG00000024487|Yipf5	Yipf5	chr18	-	0	0		0		0		no
ENSMUST00000237587.1|ENSMUSG00000024493|Lars	Lars	chr18	-	0	0		0		0		no
ENSMUST00000091920.5|ENSMUSG00000024491|Rbm27	Rbm27	chr18	+	0	0		0		0		no
ENSMUST00000117687.7|ENSMUSG00000024500|Ppp2r2b	Ppp2r2b	chr18	-	0	0		0		0		no
ENSMUST00000057110.10|ENSMUSG00000043424|Eif3j2	Eif3j2	chr18	-	0	0		0		0		no
ENSMUST00000089874.8|ENSMUSG00000071856|Mcc	Mcc	chr18	-	0	0		0		0		no
ENSMUST00000236405.1|ENSMUSG00000054477|Kcnn2	Kcnn2	chr18	+	0	0		0		0		no
ENSMUST00000025354.4|ENSMUSG00000024477|Pggt1b	Pggt1b	chr18	-	0	0		0		0		no
ENSMUST00000036226.5|ENSMUSG00000033319|Fem1c	Fem1c	chr18	-	0	0		0		0		no
ENSMUST00000070084.10|ENSMUSG00000056130|Ticam2	Ticam2	chr18	-	0	0		0		0		no
ENSMUST00000036030.13|ENSMUSG00000033184|Tmed7	Tmed7	chr18	-	0	0		0		0		no
ENSMUST00000078079.10|ENSMUSG00000057561|Eif1a	Eif1a	chr18	+	0	0		0		0		no
ENSMUST00000234222.1|ENSMUSG00000033022|Cdo1	Cdo1	chr18	-	0	0		0		0		no
ENSMUST00000035648.5|ENSMUSG00000032905|Atg12	Atg12	chr18	-	0	0		0		0		no
ENSMUST00000225415.1|ENSMUSG00000024480|Ap3s1	Ap3s1	chr18	+	0	0		0		0		no
ENSMUST00000025358.3|ENSMUSG00000024481|Lvrn	Lvrn	chr18	+	0	0		0		0		no
ENSMUST00000019791.13|ENSMUSG00000019647|Sema6a	Sema6a	chr18	-	0	0		0		0		no
ENSMUST00000076155.5|ENSMUSG00000059040|Eno1b	Eno1b	chr18	+	0	0		0		0		no
ENSMUST00000237137.1|ENSMUSG00000024505|Dtwd2	Dtwd2	chr18	-	0	0		0		0		no
ENSMUST00000179937.1|ENSMUSG00000062210|Tnfaip8	Tnfaip8	chr18	+	0	0		0		0		no
ENSMUST00000025385.6|ENSMUSG00000024507|Hsd17b4	Hsd17b4	chr18	+	0	0		0		0		no
ENSMUST00000235541.1|ENSMUSG00000073565|Prr16	Prr16	chr18	+	0	0		0		0		no
ENSMUST00000025409.8|ENSMUSG00000024529|Lox	Lox	chr18	-	0	0		0		0		no
ENSMUST00000178883.7|ENSMUSG00000024534|Sncaip	Sncaip	chr18	+	0	0		0		0		no
ENSMUST00000236911.1|ENSMUSG00000034484|Snx2	Snx2	chr18	+	0	0		0		0		no
ENSMUST00000165032.8|ENSMUSG00000024535|Snx24	Snx24	chr18	+	0	0		0		0		no
ENSMUST00000025419.8|ENSMUSG00000024538|Ppic	Ppic	chr18	-	0	0		0		0		no
ENSMUST00000091900.10|ENSMUSG00000069378|Prdm6	Prdm6	chr18	+	0	0		0		0		no
ENSMUST00000049811.7|ENSMUSG00000048799|Cep120	Cep120	chr18	-	0	0		0		0		no
ENSMUST00000069597.7|ENSMUSG00000073563|Csnk1g3	Csnk1g3	chr18	+	0	0		0		0		no
ENSMUST00000237844.1|ENSMUSG00000052713|Zfp608	Zfp608	chr18	-	0	0		0		0		no
ENSMUST00000070166.5|ENSMUSG00000001700|Gramd3	Gramd3	chr18	+	0	0		0		0		no
ENSMUST00000174704.7|ENSMUSG00000053644|Aldh7a1	Aldh7a1	chr18	-	0	0		0		0		no
ENSMUST00000008445.6|ENSMUSG00000008301|Phax	Phax	chr18	+	0	0		0		0		no
ENSMUST00000025486.8|ENSMUSG00000024590|Lmnb1	Lmnb1	chr18	+	0	0		0		0		no
ENSMUST00000025488.14|ENSMUSG00000024592|C330018D20Rik	C330018D20Rik	chr18	-	0	0		0		0		no
ENSMUST00000075770.12|ENSMUSG00000024593|Megf10	Megf10	chr18	+	0	0		0		0		no
ENSMUST00000025490.9|ENSMUSG00000024594|Prrc1	Prrc1	chr18	+	0	0		0		0		no
ENSMUST00000091892.3|ENSMUSG00000069372|Ctxn3	Ctxn3	chr18	+	0	0		0		0		no
ENSMUST00000115366.2|ENSMUSG00000024597|Slc12a2	Slc12a2	chr18	+	0	0		0		0		no
ENSMUST00000025497.7|ENSMUSG00000024598|Fbn2	Fbn2	chr18	-	0	0		0		0		no
ENSMUST00000025503.9|ENSMUSG00000024601|Isoc1	Isoc1	chr18	+	0	0		0		0		no
ENSMUST00000117064.7|ENSMUSG00000050875|Minar2	Minar2	chr18	+	0	0		0		0		no
ENSMUST00000238155.1|ENSMUSG00000058152|Chsy3	Chsy3	chr18	+	0	0		0		0		no
ENSMUST00000031549.5|ENSMUSG00000073555|Gm4951	Gm4951	chr18	+	0	0		0		0		no
ENSMUST00000171297.1|ENSMUSG00000090942|F830016B08Rik	F830016B08Rik	chr18	+	0	0		0		0		no
ENSMUST00000066912.12|ENSMUSG00000054072|Iigp1	Iigp1	chr18	+	0	0		0		0		no
ENSMUST00000042710.7|ENSMUSG00000038059|Smim3	Smim3	chr18	-	0	0		0		0		no
ENSMUST00000025505.6|ENSMUSG00000024603|Dctn4	Dctn4	chr18	+	0	0		0		0		no
ENSMUST00000025506.6|ENSMUSG00000024604|Rbm22	Rbm22	chr18	+	0	0		0		0		no
ENSMUST00000155195.2|ENSMUSG00000043079|Synpo	Synpo	chr18	-	0	0		0		0		no
ENSMUST00000235795.1|ENSMUSG00000054008|Ndst1	Ndst1	chr18	-	0	0		0		0		no
ENSMUST00000050487.15|ENSMUSG00000024610|Cd74	Cd74	chr18	+	0	0		0		0		no
ENSMUST00000163446.8|ENSMUSG00000024613|Tcof1	Tcof1	chr18	-	0	0		0		0		no
ENSMUST00000040359.5|ENSMUSG00000036412|Arsi	Arsi	chr18	+	0	0		0		0		no
ENSMUST00000102888.9|ENSMUSG00000024617|Camk2a	Camk2a	chr18	+	0	0		0		0		no
ENSMUST00000025522.10|ENSMUSG00000024620|Pdgfrb	Pdgfrb	chr18	+	0	0		0		0		no
ENSMUST00000115268.3|ENSMUSG00000024621|Csf1r	Csf1r	chr18	+	0	0		0		0		no
ENSMUST00000236068.1|ENSMUSG00000024622|Hmgxb3	Hmgxb3	chr18	-	0	0		0		0		no
ENSMUST00000146409.7|ENSMUSG00000034320|Slc26a2	Slc26a2	chr18	-	0	0		0		0		no
ENSMUST00000075299.12|ENSMUSG00000033871|Ppargc1b	Ppargc1b	chr18	-	0	0		0		0		no
ENSMUST00000165123.7|ENSMUSG00000024576|Csnk1a1	Csnk1a1	chr18	+	0	0		0		0		no
ENSMUST00000154876.7|ENSMUSG00000033032|Afap1l1	Afap1l1	chr18	-	0	0		0		0		no
ENSMUST00000166783.2|ENSMUSG00000032735|Ablim3	Ablim3	chr18	-	0	0		0		0		no
ENSMUST00000053640.4|ENSMUSG00000045730|Adrb2	Adrb2	chr18	-	0	0		0		0		no
ENSMUST00000048688.7|ENSMUSG00000042211|Fbxo38	Fbxo38	chr18	-	0	0		0		0		no
ENSMUST00000236135.1|ENSMUSG00000071847|Apcdd1	Apcdd1	chr18	+	0	0		0		0		no
ENSMUST00000237157.1|ENSMUSG00000024581|Napg	Napg	chr18	+	0	0		0		0		no
ENSMUST00000237004.1|ENSMUSG00000024583|Txnl1	Txnl1	chr18	-	0	0		0		0		no
ENSMUST00000236956.1|ENSMUSG00000040560|Wdr7	Wdr7	chr18	+	0	0		0		0		no
ENSMUST00000025477.14|ENSMUSG00000056812|St8sia3	St8sia3	chr18	+	0	0		0		0		no
ENSMUST00000235215.1|ENSMUSG00000024588|Fech	Fech	chr18	-	0	0		0		0		no
ENSMUST00000237369.1|ENSMUSG00000024587|Nars	Nars	chr18	-	0	0		0		0		no
ENSMUST00000025482.9|ENSMUSG00000039529|Atp8b1	Atp8b1	chr18	-	0	0		0		0		no
ENSMUST00000163516.8|ENSMUSG00000024589|Nedd4l	Nedd4l	chr18	+	0	0		0		0		no
ENSMUST00000237756.1|ENSMUSG00000042439|Zfp532	Zfp532	chr18	+	0	0		0		0		no
ENSMUST00000126432.8|ENSMUSG00000024516|Sec11c	Sec11c	chr18	+	0	0		0		0		no
ENSMUST00000048260.14|ENSMUSG00000041891|Lman1	Lman1	chr18	-	0	0		0		0		no
ENSMUST00000237161.1|ENSMUSG00000024521|Pmaip1	Pmaip1	chr18	+	0	0		0		0		no
ENSMUST00000025402.14|ENSMUSG00000024524|Gnal	Gnal	chr18	+	0	0		0		0		no
ENSMUST00000210564.2|ENSMUSG00000109901|Chmp1b	Chmp1b	chr18	+	0	0		0		0		no
ENSMUST00000073054.4|ENSMUSG00000062526|Mppe1	Mppe1	chr18	-	0	0		0		0		no
ENSMUST00000025403.7|ENSMUSG00000024525|Impa2	Impa2	chr18	+	0	0		0		0		no
ENSMUST00000001513.7|ENSMUSG00000001473|Tubb6	Tubb6	chr18	+	0	0		0		0		no
ENSMUST00000025408.9|ENSMUSG00000024527|Afg3l2	Afg3l2	chr18	-	0	0		0		0		no
ENSMUST00000025411.8|ENSMUSG00000024530|Prelid3a	Prelid3a	chr18	+	0	0		0		0		no
ENSMUST00000045105.12|ENSMUSG00000024533|Spire1	Spire1	chr18	-	0	0		0		0		no
ENSMUST00000097542.3|ENSMUSG00000073542|Cep76	Cep76	chr18	-	0	0		0		0		no
ENSMUST00000122412.1|ENSMUSG00000024539|Ptpn2	Ptpn2	chr18	-	0	0		0		0		no
ENSMUST00000025421.8|ENSMUSG00000079614|Seh1l	Seh1l	chr18	+	0	0		0		0		no
ENSMUST00000063775.4|ENSMUSG00000024544|Ldlrad4	Ldlrad4	chr18	+	0	0		0		0		no
ENSMUST00000042852.6|ENSMUSG00000038121|Fam210a	Fam210a	chr18	-	0	0		0		0		no
ENSMUST00000009679.10|ENSMUSG00000009535|Rnmt	Rnmt	chr18	+	0	0		0		0		no
ENSMUST00000172148.3|ENSMUSG00000007480|Mc5r	Mc5r	chr18	+	0	0		0		0		no
ENSMUST00000209116.1|ENSMUSG00000053477|Tcf4	Tcf4	chr18	+	0	0		0		0		no
ENSMUST00000121693.7|ENSMUSG00000024511|Rab27b	Rab27b	chr18	-	0	0		0		0		no
ENSMUST00000114959.8|ENSMUSG00000079608|Stard6	Stard6	chr18	+	0	0		0		0		no
ENSMUST00000091852.4|ENSMUSG00000037253|Mex3c	Mex3c	chr18	+	0	0		0		0		no
ENSMUST00000025393.13|ENSMUSG00000024515|Smad4	Smad4	chr18	-	0	0		0		0		no
ENSMUST00000041138.2|ENSMUSG00000036941|Elac1	Elac1	chr18	-	0	0		0		0		no
ENSMUST00000025439.4|ENSMUSG00000024556|Me2	Me2	chr18	-	0	0		0		0		no
ENSMUST00000179472.7|ENSMUSG00000064036|Mro	Mro	chr18	+	0	0		0		0		no
ENSMUST00000162863.7|ENSMUSG00000024558|Mapk4	Mapk4	chr18	-	0	0		0		0		no
ENSMUST00000025444.7|ENSMUSG00000024560|Cxxc1	Cxxc1	chr18	+	0	0		0		0		no
ENSMUST00000224332.1|ENSMUSG00000024561|Mbd1	Mbd1	chr18	+	0	0		0		0		no
ENSMUST00000074157.12|ENSMUSG00000025885|Myo5b	Myo5b	chr18	+	0	0		0		0		no
ENSMUST00000041053.10|ENSMUSG00000036880|Acaa2	Acaa2	chr18	+	0	0		0		0		no
ENSMUST00000237263.1|ENSMUSG00000036299|BC031181	BC031181	chr18	+	0	0		0		0		no
ENSMUST00000026999.9|ENSMUSG00000025880|Smad7	Smad7	chr18	+	0	0		0		0		no
ENSMUST00000168423.8|ENSMUSG00000024563|Smad2	Smad2	chr18	+	0	0		0		0		no
ENSMUST00000136800.1|ENSMUSG00000090000|Ier3ip1	Ier3ip1	chr18	+	0	0		0		0		no
ENSMUST00000142456.1|ENSMUSG00000117732|Gm50364	Gm50364	chr18	+	0	0		0		0		no
ENSMUST00000097522.10|ENSMUSG00000025421|Hdhd2	Hdhd2	chr18	+	0	0		0		0		no
ENSMUST00000075290.7|ENSMUSG00000025425|St8sia5	St8sia5	chr18	+	0	0		0		0		no
ENSMUST00000026494.13|ENSMUSG00000025427|Rnf165	Rnf165	chr18	-	0	0		0		0		no
ENSMUST00000135678.1|ENSMUSG00000025428|Atp5a1	Atp5a1	chr18	+	0	0		0		0		no
ENSMUST00000091813.11|ENSMUSG00000059336|Slc14a1	Slc14a1	chr18	-	0	0		0		0		no
ENSMUST00000070219.8|ENSMUSG00000056214|Pard6g	Pard6g	chr18	+	0	0		0		0		no
ENSMUST00000066743.10|ENSMUSG00000053950|Adnp2	Adnp2	chr18	-	0	0		0		0		no
ENSMUST00000025462.6|ENSMUSG00000024570|Rbfa	Rbfa	chr18	-	0	0		0		0		no
ENSMUST00000156400.8|ENSMUSG00000024571|Gm16286	Gm16286	chr18	+	0	0		0		0		no
ENSMUST00000145963.8|ENSMUSG00000057130|Txnl4a	Txnl4a	chr18	+	0	0		0		0		no
ENSMUST00000077962.7|ENSMUSG00000059852|Kcng2	Kcng2	chr18	-	0	0		0		0		no
ENSMUST00000036229.12|ENSMUSG00000033323|Ctdp1	Ctdp1	chr18	-	0	0		0		0		no
ENSMUST00000236310.1|ENSMUSG00000033016|Nfatc1	Nfatc1	chr18	-	0	0		0		0		no
ENSMUST00000225235.1|ENSMUSG00000024566|Atp9b	Atp9b	chr18	-	0	0		0		0		no
ENSMUST00000143506.7|ENSMUSG00000041607|Mbp	Mbp	chr18	+	6	6	1.58938649150906e-07	267	chr18:82575150-82575200(fdr=4.41e-05);chr18:82575200-82575250(fdr=4.54e-03);chr18:82575600-82575650(fdr=2.09e-04);chr18:82584100-82584150(fdr=9.02e-05);chr18:82584150-82584200(fdr=2.52e-02);chr18:82584200-82584250(fdr=1.59e-07)	1	chr18:82572850-82572900(fdr=7.70e-02)	yes
ENSMUST00000171238.7|ENSMUSG00000058881|Zfp516	Zfp516	chr18	+	0	0		0		0		no
ENSMUST00000060303.9|ENSMUSG00000046982|Tshz1	Tshz1	chr18	-	0	0		0		0		no
ENSMUST00000060223.3|ENSMUSG00000049090|Zadh2	Zadh2	chr18	+	0	0		0		0		no
ENSMUST00000025546.16|ENSMUSG00000024644|Cndp2	Cndp2	chr18	-	0	0		0		0		no
ENSMUST00000025547.3|ENSMUSG00000024645|Timm21	Timm21	chr18	-	0	0		0		0		no
ENSMUST00000070116.11|ENSMUSG00000056153|Socs6	Socs6	chr18	-	0	0		0		0		no
ENSMUST00000097495.4|ENSMUSG00000073514|Dok6	Dok6	chr18	-	0	0		0		0		no
ENSMUST00000154537.7|ENSMUSG00000024831|Ighmbp2	Ighmbp2	chr19	-	0	0		0		0		no
ENSMUST00000025835.5|ENSMUSG00000024900|Cpt1a	Cpt1a	chr19	+	0	0		0		0		no
ENSMUST00000025846.15|ENSMUSG00000024908|Ppp6r3	Ppp6r3	chr19	-	0	0		0		0		no
ENSMUST00000177330.7|ENSMUSG00000024913|Lrp5	Lrp5	chr19	-	0	0		0		0		no
ENSMUST00000039048.1|ENSMUSG00000035372|1810055G02Rik	1810055G02Rik	chr19	+	0	0		0		0		no
ENSMUST00000135070.7|ENSMUSG00000001750|Tcirg1	Tcirg1	chr19	-	0	0		0		0		no
ENSMUST00000051803.7|ENSMUSG00000024885|Aldh3b1	Aldh3b1	chr19	-	0	0		0		0		no
ENSMUST00000165711.2|ENSMUSG00000036908|Unc93b1	Unc93b1	chr19	+	0	0		0		0		no
ENSMUST00000143380.2|ENSMUSG00000075296|Aldh3b2	Aldh3b2	chr19	+	0	0		0		0		no
ENSMUST00000155405.7|ENSMUSG00000024869|Gm49405	Gm49405	chr19	+	0	0		0		0		no
ENSMUST00000237129.1|ENSMUSG00000037916|Ndufv1	Ndufv1	chr19	-	0	0		0		0		no
ENSMUST00000174799.1|ENSMUSG00000024856|Cdk2ap2	Cdk2ap2	chr19	+	0	0		0		0		no
ENSMUST00000145214.8|ENSMUSG00000024851|Pitpnm1	Pitpnm1	chr19	+	0	0		0		0		no
ENSMUST00000236397.1|ENSMUSG00000024835|Coro1b	Coro1b	chr19	+	0	0		0		0		no
ENSMUST00000025749.14|ENSMUSG00000024830|Rps6kb2	Rps6kb2	chr19	-	0	0		0		0		no
ENSMUST00000046094.5|ENSMUSG00000040385|Ppp1ca	Ppp1ca	chr19	+	0	0		0		0		no
ENSMUST00000237278.1|ENSMUSG00000024824|Rad9a	Rad9a	chr19	-	0	0		0		0		no
ENSMUST00000236364.1|ENSMUSG00000117873|Gm45928	Gm45928	chr19	+	0	0		0		0		no
ENSMUST00000025773.4|ENSMUSG00000024854|Pold4	Pold4	chr19	+	0	0		0		0		no
ENSMUST00000163858.7|ENSMUSG00000005986|Ankrd13d	Ankrd13d	chr19	-	0	0		0		0		no
ENSMUST00000025791.11|ENSMUSG00000024858|Grk2	Grk2	chr19	-	0	0		0		0		no
ENSMUST00000235335.1|ENSMUSG00000054611|Kdm2a	Kdm2a	chr19	-	0	0		0		0		no
ENSMUST00000117462.1|ENSMUSG00000041845|Rhod	Rhod	chr19	-	0	0		0		0		no
ENSMUST00000059295.9|ENSMUSG00000049303|Syt12	Syt12	chr19	-	0	0		0		0		no
ENSMUST00000068004.12|ENSMUSG00000024892|Pcx	Pcx	chr19	+	0	0		0		0		no
ENSMUST00000113822.2|ENSMUSG00000045045|Lrfn4	Lrfn4	chr19	-	0	0		0		0		no
ENSMUST00000225476.1|ENSMUSG00000024889|Rce1	Rce1	chr19	-	0	0		0		0		no
ENSMUST00000008991.7|ENSMUSG00000067889|Sptbn2	Sptbn2	chr19	+	0	0		0		0		no
ENSMUST00000178353.1|ENSMUSG00000096370|Gm21992	Gm21992	chr19	-	0	0		0		0		no
ENSMUST00000182200.1|ENSMUSG00000033760|Rbm4b	Rbm4b	chr19	+	0	0		0		0		no
ENSMUST00000238136.1|ENSMUSG00000034108|Ccs	Ccs	chr19	-	0	0		0		0		no
ENSMUST00000119694.2|ENSMUSG00000083282|Ctsf	Ctsf	chr19	+	0	0		0		0		no
ENSMUST00000162720.7|ENSMUSG00000006463|Zdhhc24	Zdhhc24	chr19	+	0	0		0		0		no
ENSMUST00000237362.1|ENSMUSG00000006464|Bbs1	Bbs1	chr19	-	0	0		0		0		no
ENSMUST00000235781.1|ENSMUSG00000063904|Dpp3	Dpp3	chr19	-	0	0		0		0		no
ENSMUST00000025834.14|ENSMUSG00000024901|Peli3	Peli3	chr19	-	0	0		0		0		no
ENSMUST00000025836.5|ENSMUSG00000024902|Mrpl11	Mrpl11	chr19	+	0	0		0		0		no
ENSMUST00000025826.6|ENSMUSG00000024891|Slc29a2	Slc29a2	chr19	+	0	0		0		0		no
ENSMUST00000236560.1|ENSMUSG00000117789|Gm50388	Gm50388	chr19	+	0	0		0		0		no
ENSMUST00000116567.3|ENSMUSG00000080268|Brms1	Brms1	chr19	+	0	0		0		0		no
ENSMUST00000225427.1|ENSMUSG00000024883|Rin1	Rin1	chr19	+	0	0		0		0		no
ENSMUST00000070630.7|ENSMUSG00000056481|Cd248	Cd248	chr19	+	0	0		0		0		no
ENSMUST00000077066.7|ENSMUSG00000061451|Tmem151a	Tmem151a	chr19	-	0	0		0		0		no
ENSMUST00000237603.1|ENSMUSG00000024875|Yif1a	Yif1a	chr19	+	0	0		0		0		no
ENSMUST00000235638.1|ENSMUSG00000024873|Cnih2	Cnih2	chr19	-	0	0		0		0		no
ENSMUST00000025804.6|ENSMUSG00000024870|Rab1b	Rab1b	chr19	-	0	0		0		0		no
ENSMUST00000113728.7|ENSMUSG00000024862|Klc2	Klc2	chr19	-	0	0		0		0		no
ENSMUST00000025774.10|ENSMUSG00000024853|Sf3b2	Sf3b2	chr19	-	0	0		0		0		no
ENSMUST00000061169.6|ENSMUSG00000047658|Gal3st3	Gal3st3	chr19	+	0	0		0		0		no
ENSMUST00000025762.15|ENSMUSG00000024844|Banf1	Banf1	chr19	-	0	0		0		0		no
ENSMUST00000025759.8|ENSMUSG00000024841|Eif1ad	Eif1ad	chr19	+	0	0		0		0		no
ENSMUST00000054477.7|ENSMUSG00000047423|AI837181	AI837181	chr19	+	0	0		0		0		no
ENSMUST00000025850.6|ENSMUSG00000024912|Fosl1	Fosl1	chr19	+	0	0		0		0		no
ENSMUST00000236881.1|ENSMUSG00000095098|Ccdc85b	Ccdc85b	chr19	-	0	0		0		0		no
ENSMUST00000169943.7|ENSMUSG00000024909|Efemp2	Efemp2	chr19	+	0	0		0		0		no
ENSMUST00000126471.1|ENSMUSG00000024906|Mus81	Mus81	chr19	-	0	0		0		0		no
ENSMUST00000209469.1|ENSMUSG00000056201|Cfl1	Cfl1	chr19	+	0	0		0		0		no
ENSMUST00000237111.1|ENSMUSG00000056185|Snx32	Snx32	chr19	-	0	0		0		0		no
ENSMUST00000025864.10|ENSMUSG00000024925|Rnaseh2c	Rnaseh2c	chr19	+	0	0		0		0		no
ENSMUST00000236883.1|ENSMUSG00000024926|Kat5	Kat5	chr19	-	0	0		0		0		no
ENSMUST00000237838.1|ENSMUSG00000024927|Rela	Rela	chr19	+	0	0		0		0		no
ENSMUST00000169854.1|ENSMUSG00000056917|Sipa1	Sipa1	chr19	-	0	0		0		0		no
ENSMUST00000113615.8|ENSMUSG00000054874|Pcnx3	Pcnx3	chr19	-	0	0		0		0		no
ENSMUST00000237367.1|ENSMUSG00000024937|Ehbp1l1	Ehbp1l1	chr19	-	0	0		0		0		no
ENSMUST00000116558.2|ENSMUSG00000024939|Fam89b	Fam89b	chr19	-	0	0		0		0		no
ENSMUST00000160852.7|ENSMUSG00000118125|Gm50387	Gm50387	chr19	-	0	0		0		0		no
ENSMUST00000081496.5|ENSMUSG00000024940|Ltbp3	Ltbp3	chr19	+	0	0		0		0		no
ENSMUST00000025728.12|ENSMUSG00000024816|Frmd8	Frmd8	chr19	-	0	0		0		0		no
ENSMUST00000125114.7|ENSMUSG00000024818|Slc25a45	Slc25a45	chr19	+	0	0		0		0		no
ENSMUST00000055458.5|ENSMUSG00000045664|Cdc42ep2	Cdc42ep2	chr19	-	0	0		0		0		no
ENSMUST00000025891.9|ENSMUSG00000024942|Capn1	Capn1	chr19	-	0	0		0		0		no
ENSMUST00000138532.7|ENSMUSG00000024807|Syvn1	Syvn1	chr19	+	0	0		0		0		no
ENSMUST00000007482.7|ENSMUSG00000007338|Mrpl49	Mrpl49	chr19	-	0	0		0		0		no
ENSMUST00000161090.7|ENSMUSG00000024799|Tm7sf2	Tm7sf2	chr19	-	0	0		0		0		no
ENSMUST00000160590.1|ENSMUSG00000024797|Vps51	Vps51	chr19	-	0	0		0		0		no
ENSMUST00000160448.7|ENSMUSG00000024792|Zfpl1	Zfpl1	chr19	-	0	0		0		0		no
ENSMUST00000025704.2|ENSMUSG00000024791|Cdca5	Cdca5	chr19	+	0	0		0		0		no
ENSMUST00000025893.6|ENSMUSG00000024944|Arl2	Arl2	chr19	-	0	0		0		0		no
ENSMUST00000045042.7|ENSMUSG00000039699|Batf2	Batf2	chr19	+	0	0		0		0		no
ENSMUST00000025695.9|ENSMUSG00000024777|Ppp2r5b	Ppp2r5b	chr19	-	0	0		0		0		no
ENSMUST00000045351.12|ENSMUSG00000024773|Atg2a	Atg2a	chr19	+	0	0		0		0		no
ENSMUST00000025684.3|ENSMUSG00000024772|Ehd1	Ehd1	chr19	+	0	0		0		0		no
ENSMUST00000113504.9|ENSMUSG00000024947|Men1	Men1	chr19	+	0	0		0		0		no
ENSMUST00000124556.7|ENSMUSG00000024948|Map4k2	Map4k2	chr19	+	0	0		0		0		no
ENSMUST00000113485.8|ENSMUSG00000024949|Sf1	Sf1	chr19	+	0	0		0		0		no
ENSMUST00000035269.14|ENSMUSG00000032648|Pygm	Pygm	chr19	+	0	0		0		0		no
ENSMUST00000127021.7|ENSMUSG00000032946|Rasgrp2	Rasgrp2	chr19	+	0	0		0		0		no
ENSMUST00000170516.8|ENSMUSG00000024952|Rps6ka4	Rps6ka4	chr19	-	0	0		0		0		no
ENSMUST00000236028.1|ENSMUSG00000047810|Ccdc88b	Ccdc88b	chr19	-	0	0		0		0		no
ENSMUST00000238095.1|ENSMUSG00000024953|Prdx5	Prdx5	chr19	-	0	0		0		0		no
ENSMUST00000174786.1|ENSMUSG00000038812|Trmt112	Trmt112	chr19	+	0	0		0		0		no
ENSMUST00000172975.2|ENSMUSG00000024955|Esrra	Esrra	chr19	-	0	0		0		0		no
ENSMUST00000236348.1|ENSMUSG00000024958|Gpr137	Gpr137	chr19	-	0	0		0		0		no
ENSMUST00000237334.1|ENSMUSG00000024959|Bad	Bad	chr19	+	0	0		0		0		no
ENSMUST00000237808.1|ENSMUSG00000024960|Plcb3	Plcb3	chr19	-	0	0		0		0		no
ENSMUST00000238181.1|ENSMUSG00000056629|Fkbp2	Fkbp2	chr19	-	0	0		0		0		no
ENSMUST00000025914.6|ENSMUSG00000024962|Vegfb	Vegfb	chr19	-	0	0		0		0		no
ENSMUST00000235481.1|ENSMUSG00000024963|Dnajc4	Dnajc4	chr19	-	0	0		0		0		no
ENSMUST00000025918.8|ENSMUSG00000024966|Stip1	Stip1	chr19	-	0	0		0		0		no
ENSMUST00000040261.6|ENSMUSG00000036278|Macrod1	Macrod1	chr19	+	0	0		0		0		no
ENSMUST00000025679.10|ENSMUSG00000024767|Otub1	Otub1	chr19	-	0	0		0		0		no
ENSMUST00000066646.11|ENSMUSG00000024968|Rcor2	Rcor2	chr19	+	0	0		0		0		no
ENSMUST00000025924.3|ENSMUSG00000024970|Spindoc	Spindoc	chr19	-	0	0		0		0		no
ENSMUST00000159348.2|ENSMUSG00000053080|2700081O15Rik	2700081O15Rik	chr19	+	0	0		0		0		no
ENSMUST00000088169.6|ENSMUSG00000024758|Rtn3	Rtn3	chr19	-	0	0		0		0		no
ENSMUST00000025925.10|ENSMUSG00000060675|Plaat3	Plaat3	chr19	+	0	0		0		0		no
ENSMUST00000010251.10|ENSMUSG00000063796|Slc22a8	Slc22a8	chr19	+	0	0		0		0		no
ENSMUST00000010250.3|ENSMUSG00000024650|Slc22a6	Slc22a6	chr19	+	0	0		0		0		no
ENSMUST00000163785.1|ENSMUSG00000032773|Chrm1	Chrm1	chr19	+	0	0		0		0		no
ENSMUST00000170157.7|ENSMUSG00000010095|Slc3a2	Slc3a2	chr19	-	0	0		0		0		no
ENSMUST00000177322.7|ENSMUSG00000010110|Stx5a	Stx5a	chr19	+	0	0		0		0		no
ENSMUST00000184970.8|ENSMUSG00000010097|Nxf1	Nxf1	chr19	+	0	0		0		0		no
ENSMUST00000237634.1|ENSMUSG00000118346|Tmem179b	Tmem179b	chr19	-	0	0		0		0		no
ENSMUST00000096261.4|ENSMUSG00000071662|Polr2g	Polr2g	chr19	-	0	0		0		0		no
ENSMUST00000096751.10|ENSMUSG00000071660|Ttc9c	Ttc9c	chr19	-	0	0		0		0		no
ENSMUST00000096259.5|ENSMUSG00000071658|Gng3	Gng3	chr19	-	0	0		0		0		no
ENSMUST00000160897.7|ENSMUSG00000071657|Bscl2	Bscl2	chr19	+	0	0		0		0		no
ENSMUST00000096257.2|ENSMUSG00000071656|Lrrn4cl	Lrrn4cl	chr19	+	0	0		0		0		no
ENSMUST00000238036.1|ENSMUSG00000071655|Ubxn1	Ubxn1	chr19	+	0	0		0		0		no
ENSMUST00000096253.6|ENSMUSG00000071654|Uqcc3	Uqcc3	chr19	-	0	0		0		0		no
ENSMUST00000187504.6|ENSMUSG00000096740|Lbhd1	Lbhd1	chr19	+	0	0		0		0		no
ENSMUST00000191089.1|ENSMUSG00000116347|Gm49416	Gm49416	chr19	+	0	0		0		0		no
ENSMUST00000096246.4|ENSMUSG00000071650|Ganab	Ganab	chr19	+	0	0		0		0		no
ENSMUST00000237071.1|ENSMUSG00000071649|B3gat3	B3gat3	chr19	+	0	0		0		0		no
ENSMUST00000096242.4|ENSMUSG00000071648|Rom1	Rom1	chr19	-	0	0		0		0		no
ENSMUST00000096241.5|ENSMUSG00000071647|Eml3	Eml3	chr19	+	0	0		0		0		no
ENSMUST00000096240.2|ENSMUSG00000071646|Mta2	Mta2	chr19	+	0	0		0		0		no
ENSMUST00000052248.7|ENSMUSG00000071644|Eef1g	Eef1g	chr19	+	0	0		0		0		no
ENSMUST00000049948.5|ENSMUSG00000024654|Asrgl1	Asrgl1	chr19	-	0	0		0		0		no
ENSMUST00000238004.1|ENSMUSG00000024660|Incenp	Incenp	chr19	-	0	0		0		0		no
ENSMUST00000117346.1|ENSMUSG00000037418|Best1	Best1	chr19	-	0	0		0		0		no
ENSMUST00000144788.7|ENSMUSG00000024663|Rab3il1	Rab3il1	chr19	+	0	0		0		0		no
ENSMUST00000115995.3|ENSMUSG00000024664|Fads3	Fads3	chr19	+	0	0		0		0		no
ENSMUST00000025567.8|ENSMUSG00000024665|Fads2	Fads2	chr19	-	0	0		0		0		no
ENSMUST00000235515.1|ENSMUSG00000010663|Fads1	Fads1	chr19	+	0	0		0		0		no
ENSMUST00000156291.1|ENSMUSG00000024742|Fen1	Fen1	chr19	-	0	0		0		0		no
ENSMUST00000040372.13|ENSMUSG00000036372|Tmem258	Tmem258	chr19	+	0	0		0		0		no
ENSMUST00000171400.3|ENSMUSG00000090291|Lrrc10b	Lrrc10b	chr19	-	0	0		0		0		no
ENSMUST00000145210.7|ENSMUSG00000024667|Tmem216	Tmem216	chr19	-	0	0		0		0		no
ENSMUST00000235990.1|ENSMUSG00000024666|Tmem138	Tmem138	chr19	-	0	0		0		0		no
ENSMUST00000236747.1|ENSMUSG00000034445|Cyb561a3	Cyb561a3	chr19	+	0	0		0		0		no
ENSMUST00000236121.1|ENSMUSG00000034371|Tkfc	Tkfc	chr19	-	0	0		0		0		no
ENSMUST00000025649.9|ENSMUSG00000024740|Ddb1	Ddb1	chr19	+	0	0		0		0		no
ENSMUST00000237240.1|ENSMUSG00000048832|Vps37c	Vps37c	chr19	+	0	0		0		0		no
ENSMUST00000120524.1|ENSMUSG00000024736|Tmem132a	Tmem132a	chr19	-	0	0		0		0		no
ENSMUST00000038128.14|ENSMUSG00000034659|Tmem109	Tmem109	chr19	-	0	0		0		0		no
ENSMUST00000179297.2|ENSMUSG00000024735|Prpf19	Prpf19	chr19	+	0	0		0		0		no
ENSMUST00000025639.6|ENSMUSG00000024732|Ccdc86	Ccdc86	chr19	-	0	0		0		0		no
ENSMUST00000025574.10|ENSMUSG00000024672|Ms4a7	Ms4a7	chr19	-	0	0		0		0		no
ENSMUST00000165310.2|ENSMUSG00000079419|Ms4a6c	Ms4a6c	chr19	+	0	0		0		0		no
ENSMUST00000163078.7|ENSMUSG00000024677|Ms4a6b	Ms4a6b	chr19	+	0	0		0		0		no
ENSMUST00000025581.6|ENSMUSG00000024678|Ms4a4d	Ms4a4d	chr19	+	0	0		0		0		no
ENSMUST00000025582.10|ENSMUSG00000024679|Ms4a6d	Ms4a6d	chr19	-	0	0		0		0		no
ENSMUST00000167199.2|ENSMUSG00000024683|Mrpl16	Mrpl16	chr19	+	0	0		0		0		no
ENSMUST00000025590.10|ENSMUSG00000024687|Osbp	Osbp	chr19	+	0	0		0		0		no
ENSMUST00000081035.8|ENSMUSG00000046805|Mpeg1	Mpeg1	chr19	+	0	0		0		0		no
ENSMUST00000045521.8|ENSMUSG00000039982|Dtx4	Dtx4	chr19	-	0	0		0		0		no
ENSMUST00000144662.7|ENSMUSG00000024691|Fam111a	Fam111a	chr19	+	0	0		0		0		no
ENSMUST00000038627.8|ENSMUSG00000024695|Zfp91	Zfp91	chr19	-	0	0		0		0		no
ENSMUST00000235690.1|ENSMUSG00000024696|Lpxn	Lpxn	chr19	+	0	0		0		0		no
ENSMUST00000052011.14|ENSMUSG00000024642|Tle4	Tle4	chr19	-	0	0		0		0		no
ENSMUST00000025542.9|ENSMUSG00000024640|Psat1	Psat1	chr19	-	0	0		0		0		no
ENSMUST00000025541.5|ENSMUSG00000024639|Gnaq	Gnaq	chr19	+	0	0		0		0		no
ENSMUST00000087689.4|ENSMUSG00000039126|Prune2	Prune2	chr19	+	0	0		0		0		no
ENSMUST00000174236.7|ENSMUSG00000038843|Gcnt1	Gcnt1	chr19	-	0	0		0		0		no
ENSMUST00000025617.3|ENSMUSG00000024712|Rfk	Rfk	chr19	+	0	0		0		0		no
ENSMUST00000235736.1|ENSMUSG00000024726|Carnmt1	Carnmt1	chr19	+	0	0		0		0		no
ENSMUST00000062753.2|ENSMUSG00000047044|D030056L22Rik	D030056L22Rik	chr19	+	0	0		0		0		no
ENSMUST00000040153.14|ENSMUSG00000036192|Rorb	Rorb	chr19	-	0	0		0		0		no
ENSMUST00000171423.8|ENSMUSG00000024659|Anxa1	Anxa1	chr19	-	0	0		0		0		no
ENSMUST00000225337.2|ENSMUSG00000053279|Aldh1a1	Aldh1a1	chr19	+	0	0		0		0		no
ENSMUST00000237651.1|ENSMUSG00000024750|Zfand5	Zfand5	chr19	+	0	0		0		0		no
ENSMUST00000087600.9|ENSMUSG00000058624|Gda	Gda	chr19	-	0	0		0		0		no
ENSMUST00000235332.1|ENSMUSG00000047368|Abhd17b	Abhd17b	chr19	+	0	0		0		0		no
ENSMUST00000025663.7|ENSMUSG00000024754|Cemip2	Cemip2	chr19	+	0	0		0		0		no
ENSMUST00000238159.1|ENSMUSG00000052387|Trpm3	Trpm3	chr19	+	0	0		0		0		no
ENSMUST00000036884.2|ENSMUSG00000033863|Klf9	Klf9	chr19	+	0	0		0		0		no
ENSMUST00000236349.1|ENSMUSG00000033207|Mamdc2	Mamdc2	chr19	-	0	0		0		0		no
ENSMUST00000237333.1|ENSMUSG00000074925|Ptar1	Ptar1	chr19	+	0	0		0		0		no
ENSMUST00000025830.8|ENSMUSG00000024897|Apba1	Apba1	chr19	+	0	0		0		0		no
ENSMUST00000096164.5|ENSMUSG00000071604|Fam189a2	Fam189a2	chr19	-	0	0		0		0		no
ENSMUST00000233027.1|ENSMUSG00000024812|Tjp2	Tjp2	chr19	-	0	0		0		0		no
ENSMUST00000123684.1|ENSMUSG00000059363|Fxn	Fxn	chr19	-	0	0		0		0		no
ENSMUST00000057243.5|ENSMUSG00000048572|Tmem252	Tmem252	chr19	+	0	0		0		0		no
ENSMUST00000073080.6|ENSMUSG00000058927|Gm10053	Gm10053	chr19	+	0	0		0		0		no
ENSMUST00000049400.14|ENSMUSG00000032702|Kank1	Kank1	chr19	+	0	0		0		0		no
ENSMUST00000208915.1|ENSMUSG00000024921|Smarca2	Smarca2	chr19	+	0	0		0		0		no
ENSMUST00000025866.13|ENSMUSG00000024924|Vldlr	Vldlr	chr19	+	0	0		0		0		no
ENSMUST00000235859.1|ENSMUSG00000041360|Pum3	Pum3	chr19	-	0	0		0		0		no
ENSMUST00000025875.4|ENSMUSG00000024935|Slc1a1	Slc1a1	chr19	+	0	0		0		0		no
ENSMUST00000045674.3|ENSMUSG00000040105|Plpp6	Plpp6	chr19	+	0	0		0		0		no
ENSMUST00000050148.4|ENSMUSG00000024780|Cdc37l1	Cdc37l1	chr19	+	0	0		0		0		no
ENSMUST00000025696.4|ENSMUSG00000024782|Ak3	Ak3	chr19	-	0	0		0		0		no
ENSMUST00000235900.1|ENSMUSG00000024785|Rcl1	Rcl1	chr19	+	0	0		0		0		no
ENSMUST00000025705.6|ENSMUSG00000024789|Jak2	Jak2	chr19	+	0	0		0		0		no
ENSMUST00000143467.7|ENSMUSG00000016495|Plgrkt	Plgrkt	chr19	-	0	0		0		0		no
ENSMUST00000016640.7|ENSMUSG00000016496|Cd274	Cd274	chr19	+	0	0		0		0		no
ENSMUST00000160452.1|ENSMUSG00000038658|Ric1	Ric1	chr19	+	0	0		0		0		no
ENSMUST00000054083.12|ENSMUSG00000046324|Ermp1	Ermp1	chr19	-	0	0		0		0		no
ENSMUST00000099525.4|ENSMUSG00000074909|Ranbp6	Ranbp6	chr19	-	0	0		0		0		no
ENSMUST00000120388.8|ENSMUSG00000024810|Il33	Il33	chr19	+	0	0		0		0		no
ENSMUST00000025739.13|ENSMUSG00000024817|Uhrf2	Uhrf2	chr19	+	0	0		0		0		no
ENSMUST00000025778.8|ENSMUSG00000024827|Gldc	Gldc	chr19	-	0	0		0		0		no
ENSMUST00000065067.13|ENSMUSG00000052920|Prkg1	Prkg1	chr19	-	0	0		0		0		no
ENSMUST00000066039.7|ENSMUSG00000053536|Cstf2t	Cstf2t	chr19	+	0	0		0		0		no
ENSMUST00000025827.9|ENSMUSG00000024896|Minpp1	Minpp1	chr19	+	0	0		0		0		no
ENSMUST00000025833.6|ENSMUSG00000024899|Papss2	Papss2	chr19	+	0	0		0		0		no
ENSMUST00000236701.1|ENSMUSG00000013662|Atad1	Atad1	chr19	-	0	0		0		0		no
ENSMUST00000013807.7|ENSMUSG00000013663|Pten	Pten	chr19	+	0	0		0		0		no
ENSMUST00000096114.12|ENSMUSG00000071573|Rnls	Rnls	chr19	-	0	0		0		0		no
ENSMUST00000112508.8|ENSMUSG00000024766|Lipo3	Lipo3	chr19	-	0	0		0		0		no
ENSMUST00000239240.1|ENSMUSG00000024776|Stambpl1	Stambpl1	chr19	+	0	0		0		0		no
ENSMUST00000039631.9|ENSMUSG00000035783|Acta2	Acta2	chr19	-	0	0		0		0		no
ENSMUST00000235709.1|ENSMUSG00000024778|Fas	Fas	chr19	+	0	0		0		0		no
ENSMUST00000050562.5|ENSMUSG00000050370|Ch25h	Ch25h	chr19	-	0	0		0		0		no
ENSMUST00000178114.1|ENSMUSG00000024781|Lipa	Lipa	chr19	-	0	0		0		0		no
ENSMUST00000102826.3|ENSMUSG00000045932|Ifit2	Ifit2	chr19	+	0	0		0		0		no
ENSMUST00000102825.3|ENSMUSG00000074896|Ifit3	Ifit3	chr19	+	0	0		0		0		no
ENSMUST00000076249.5|ENSMUSG00000062488|Ifit3b	Ifit3b	chr19	+	0	0		0		0		no
ENSMUST00000102824.3|ENSMUSG00000034459|Ifit1	Ifit1	chr19	+	0	0		0		0		no
ENSMUST00000009522.3|ENSMUSG00000009378|Slc16a12	Slc16a12	chr19	-	0	0		0		0		no
ENSMUST00000036584.12|ENSMUSG00000033610|Pank1	Pank1	chr19	-	0	0		0		0		no
ENSMUST00000025714.8|ENSMUSG00000024800|Rpp30	Rpp30	chr19	+	0	0		0		0		no
ENSMUST00000225920.1|ENSMUSG00000024805|Pcgf5	Pcgf5	chr19	+	0	0		0		0		no
ENSMUST00000139215.7|ENSMUSG00000041180|Hectd2	Hectd2	chr19	+	0	0		0		0		no
ENSMUST00000087321.3|ENSMUSG00000067279|Ppp1r3c	Ppp1r3c	chr19	-	0	0		0		0		no
ENSMUST00000025729.11|ENSMUSG00000024811|Tnks2	Tnks2	chr19	+	0	0		0		0		no
ENSMUST00000238948.1|ENSMUSG00000047632|Fgfbp3	Fgfbp3	chr19	-	0	0		0		0		no
ENSMUST00000099494.3|ENSMUSG00000040565|Btaf1	Btaf1	chr19	+	0	0		0		0		no
ENSMUST00000079754.10|ENSMUSG00000039652|Cpeb3	Cpeb3	chr19	-	0	0		0		0		no
ENSMUST00000024078.14|ENSMUSG00000023307|Marchf5	Marchf5	chr19	+	0	0		0		0		no
ENSMUST00000131070.1|ENSMUSG00000056999|Ide	Ide	chr19	-	0	0		0		0		no
ENSMUST00000025944.8|ENSMUSG00000024986|Hhex	Hhex	chr19	+	0	0		0		0		no
ENSMUST00000238954.1|ENSMUSG00000053799|Exoc6	Exoc6	chr19	+	0	0		0		0		no
ENSMUST00000224560.1|ENSMUSG00000048612|Myof	Myof	chr19	-	0	0		0		0		no
ENSMUST00000025951.13|ENSMUSG00000024990|Rbp4	Rbp4	chr19	-	0	0		0		0		no
ENSMUST00000067167.5|ENSMUSG00000054237|Fra10ac1	Fra10ac1	chr19	-	0	0		0		0		no
ENSMUST00000054098.3|ENSMUSG00000044026|Slc35g1	Slc35g1	chr19	+	0	0		0		0		no
ENSMUST00000025963.7|ENSMUSG00000024999|Noc3l	Noc3l	chr19	-	0	0		0		0		no
ENSMUST00000037302.5|ENSMUSG00000048720|Tbc1d12	Tbc1d12	chr19	+	0	0		0		0		no
ENSMUST00000068439.12|ENSMUSG00000055044|Pdlim1	Pdlim1	chr19	-	0	0		0		0		no
ENSMUST00000239304.1|ENSMUSG00000025006|Sorbs1	Sorbs1	chr19	-	0	0		0		0		no
ENSMUST00000176939.7|ENSMUSG00000025007|Aldh18a1	Aldh18a1	chr19	-	0	0		0		0		no
ENSMUST00000025981.14|ENSMUSG00000025008|Tctn3	Tctn3	chr19	-	0	0		0		0		no
ENSMUST00000156598.1|ENSMUSG00000048120|Entpd1	Entpd1	chr19	+	0	0		0		0		no
ENSMUST00000117695.7|ENSMUSG00000061132|Blnk	Blnk	chr19	-	0	0		0		0		no
ENSMUST00000087176.7|ENSMUSG00000050121|Opalin	Opalin	chr19	-	0	0		0		0		no
ENSMUST00000059672.8|ENSMUSG00000025017|Pik3ap1	Pik3ap1	chr19	-	0	0		0		0		no
ENSMUST00000026150.14|ENSMUSG00000025154|Arhgap19	Arhgap19	chr19	-	0	0		0		0		no
ENSMUST00000059231.3|ENSMUSG00000047604|Frat2	Frat2	chr19	-	0	0		0		0		no
ENSMUST00000011896.7|ENSMUSG00000011752|Pgam1	Pgam1	chr19	+	0	0		0		0		no
ENSMUST00000112123.3|ENSMUSG00000034321|Exosc1	Exosc1	chr19	-	0	0		0		0		no
ENSMUST00000225968.1|ENSMUSG00000025157|Zdhhc16	Zdhhc16	chr19	+	0	0		0		0		no
ENSMUST00000163398.7|ENSMUSG00000025159|Mms19	Mms19	chr19	-	0	0		0		0		no
ENSMUST00000026170.2|ENSMUSG00000025171|Ubtd1	Ubtd1	chr19	+	0	0		0		0		no
ENSMUST00000051772.9|ENSMUSG00000049670|Morn4	Morn4	chr19	-	0	0		0		0		no
ENSMUST00000018965.3|ENSMUSG00000018821|Avpi1	Avpi1	chr19	-	0	0		0		0		no
ENSMUST00000061111.9|ENSMUSG00000044345|Marveld1	Marveld1	chr19	+	0	0		0		0		no
ENSMUST00000169536.7|ENSMUSG00000018820|Zfyve27	Zfyve27	chr19	+	0	0		0		0		no
ENSMUST00000122375.7|ENSMUSG00000042532|Golga7b	Golga7b	chr19	+	0	0		0		0		no
ENSMUST00000026188.9|ENSMUSG00000025184|R3hcc1l	R3hcc1l	chr19	+	0	0		0		0		no
ENSMUST00000165311.2|ENSMUSG00000025189|Cnnm1	Cnnm1	chr19	+	0	0		0		0		no
ENSMUST00000133325.7|ENSMUSG00000025190|Got1	Got1	chr19	-	0	0		0		0		no
ENSMUST00000045562.5|ENSMUSG00000040018|Cox15	Cox15	chr19	-	0	0		0		0		no
ENSMUST00000112047.9|ENSMUSG00000025193|Cutc	Cutc	chr19	+	0	0		0		0		no
ENSMUST00000212396.1|ENSMUSG00000025195|Dnmbp	Dnmbp	chr19	-	0	0		0		0		no
ENSMUST00000170801.7|ENSMUSG00000025198|Erlin1	Erlin1	chr19	-	0	0		0		0		no
ENSMUST00000119591.1|ENSMUSG00000025199|Chuk	Chuk	chr19	-	0	0		0		0		no
ENSMUST00000237415.1|ENSMUSG00000025200|Cwf19l1	Cwf19l1	chr19	-	0	0		0		0		no
ENSMUST00000237630.1|ENSMUSG00000057506|Bloc1s2	Bloc1s2	chr19	-	0	0		0		0		no
ENSMUST00000026220.6|ENSMUSG00000025202|Scd3	Scd3	chr19	+	0	0		0		0		no
ENSMUST00000041331.3|ENSMUSG00000037071|Scd1	Scd1	chr19	-	3	3	1.6061225213913e-05	150	chr19:44394950-44395000(fdr=7.19e-04);chr19:44395800-44395850(fdr=1.66e-02);chr19:44396300-44396350(fdr=1.61e-05)	0		yes
ENSMUST00000168083.1|ENSMUSG00000025204|Ndufb8	Ndufb8	chr19	-	0	0		0		0		no
ENSMUST00000040455.4|ENSMUSG00000036450|Hif1an	Hif1an	chr19	+	0	0		0		0		no
ENSMUST00000097715.3|ENSMUSG00000025208|Mrpl43	Mrpl43	chr19	-	0	0		0		0		no
ENSMUST00000236685.1|ENSMUSG00000025209|Twnk	Twnk	chr19	+	0	0		0		0		no
ENSMUST00000179108.8|ENSMUSG00000035342|Lzts2	Lzts2	chr19	+	0	0		0		0		no
ENSMUST00000111954.10|ENSMUSG00000025212|Sfxn3	Sfxn3	chr19	+	0	0		0		0		no
ENSMUST00000111948.7|ENSMUSG00000025213|Kazald1	Kazald1	chr19	+	0	0		0		0		no
ENSMUST00000065601.12|ENSMUSG00000025217|Btrc	Btrc	chr19	+	0	0		0		0		no
ENSMUST00000026239.6|ENSMUSG00000025218|Poll	Poll	chr19	-	0	0		0		0		no
ENSMUST00000160718.8|ENSMUSG00000040913|Fbxw4	Fbxw4	chr19	-	0	0		0		0		no
ENSMUST00000026243.4|ENSMUSG00000025220|Oga	Oga	chr19	-	0	0		0		0		no
ENSMUST00000239049.1|ENSMUSG00000025221|Kcnip2	Kcnip2	chr19	-	0	0		0		0		no
ENSMUST00000045396.8|ENSMUSG00000039901|Armh3	Armh3	chr19	-	0	0		0		0		no
ENSMUST00000156585.8|ENSMUSG00000025223|Ldb1	Ldb1	chr19	-	0	0		0		0		no
ENSMUST00000099392.9|ENSMUSG00000055491|Pprc1	Pprc1	chr19	+	0	0		0		0		no
ENSMUST00000237330.1|ENSMUSG00000025225|Nfkb2	Nfkb2	chr19	+	0	0		0		0		no
ENSMUST00000224556.1|ENSMUSG00000037126|Psd	Psd	chr19	-	0	0		0		0		no
ENSMUST00000235485.1|ENSMUSG00000036748|Cuedc2	Cuedc2	chr19	-	0	0		0		0		no
ENSMUST00000142994.7|ENSMUSG00000025227|Mfsd13a	Mfsd13a	chr19	+	0	0		0		0		no
ENSMUST00000189008.2|ENSMUSG00000099655|2310034G01Rik	2310034G01Rik	chr19	-	0	0		0		0		no
ENSMUST00000039922.12|ENSMUSG00000025231|Sufu	Sufu	chr19	+	0	0		0		0		no
ENSMUST00000026008.8|ENSMUSG00000025034|Trim8	Trim8	chr19	+	0	0		0		0		no
ENSMUST00000236845.1|ENSMUSG00000025036|Sfxn2	Sfxn2	chr19	+	0	0		0		0		no
ENSMUST00000074912.7|ENSMUSG00000062376|Borcs7	Borcs7	chr19	+	0	0		0		0		no
ENSMUST00000236063.1|ENSMUSG00000003559|As3mt	As3mt	chr19	+	0	0		0		0		no
ENSMUST00000099373.11|ENSMUSG00000064105|Cnnm2	Cnnm2	chr19	+	0	0		0		0		no
ENSMUST00000235596.1|ENSMUSG00000025041|Nt5c2	Nt5c2	chr19	-	0	0		0		0		no
ENSMUST00000037636.3|ENSMUSG00000034336|Ina	Ina	chr19	+	0	0		0		0		no
ENSMUST00000026027.6|ENSMUSG00000025049|Taf5	Taf5	chr19	+	0	0		0		0		no
ENSMUST00000235771.1|ENSMUSG00000071528|Atp5md	Atp5md	chr19	-	0	0		0		0		no
ENSMUST00000072141.3|ENSMUSG00000025047|Pdcd11	Pdcd11	chr19	+	0	0		0		0		no
ENSMUST00000049369.15|ENSMUSG00000042694|Stn1	Stn1	chr19	-	0	0		0		0		no
ENSMUST00000026043.11|ENSMUSG00000025060|Slk	Slk	chr19	+	0	0		0		0		no
ENSMUST00000099353.5|ENSMUSG00000025066|Sfr1	Sfr1	chr19	+	0	0		0		0		no
ENSMUST00000237472.1|ENSMUSG00000025068|Gsto1	Gsto1	chr19	+	0	0		0		0		no
ENSMUST00000095998.6|ENSMUSG00000117975|Itprip	Itprip	chr19	-	0	0		0		0		no
ENSMUST00000236456.1|ENSMUSG00000025027|Xpnpep1	Xpnpep1	chr19	-	0	0		0		0		no
ENSMUST00000111741.9|ENSMUSG00000025026|Add3	Add3	chr19	+	0	0		0		0		no
ENSMUST00000025998.14|ENSMUSG00000025025|Mxi1	Mxi1	chr19	+	0	0		0		0		no
ENSMUST00000235830.1|ENSMUSG00000025024|Smndc1	Smndc1	chr19	-	0	0		0		0		no
ENSMUST00000038287.6|ENSMUSG00000034765|Dusp5	Dusp5	chr19	+	0	0		0		0		no
ENSMUST00000095978.4|ENSMUSG00000071497|Nutf2-ps1	Nutf2-ps1	chr19	-	0	0		0		0		no
ENSMUST00000025930.9|ENSMUSG00000024974|Smc3	Smc3	chr19	+	0	0		0		0		no
ENSMUST00000237060.1|ENSMUSG00000024975|Pdcd4	Pdcd4	chr19	+	0	0		0		0		no
ENSMUST00000135402.3|ENSMUSG00000084957|Bbip1	Bbip1	chr19	-	0	0		0		0		no
ENSMUST00000237801.1|ENSMUSG00000024976|Shoc2	Shoc2	chr19	+	0	0		0		0		no
ENSMUST00000036700.6|ENSMUSG00000033717|Adra2a	Adra2a	chr19	+	0	0		0		0		no
ENSMUST00000236859.1|ENSMUSG00000024978|Gpam	Gpam	chr19	-	0	0		0		0		no
ENSMUST00000043150.5|ENSMUSG00000024981|Acsl5	Acsl5	chr19	+	0	0		0		0		no
ENSMUST00000226103.1|ENSMUSG00000024982|Zdhhc6	Zdhhc6	chr19	-	0	0		0		0		no
ENSMUST00000223690.1|ENSMUSG00000024983|Vti1a	Vti1a	chr19	+	0	0		0		0		no
ENSMUST00000026062.9|ENSMUSG00000025076|Casp7	Casp7	chr19	+	0	0		0		0		no
ENSMUST00000183143.7|ENSMUSG00000025077|Dclre1a	Dclre1a	chr19	-	0	0		0		0		no
ENSMUST00000071423.6|ENSMUSG00000025078|Nhlrc2	Nhlrc2	chr19	+	0	0		0		0		no
ENSMUST00000118592.7|ENSMUSG00000035173|Ccdc186	Ccdc186	chr19	-	0	0		0		0		no
ENSMUST00000118800.7|ENSMUSG00000025083|Afap1l2	Afap1l2	chr19	-	0	0		0		0		no
ENSMUST00000079360.11|ENSMUSG00000025085|Ablim1	Ablim1	chr19	-	0	0		0		0		no
ENSMUST00000237170.1|ENSMUSG00000033478|Fam160b1	Fam160b1	chr19	+	0	0		0		0		no
ENSMUST00000026073.13|ENSMUSG00000025086|Trub1	Trub1	chr19	+	0	0		0		0		no
ENSMUST00000077282.6|ENSMUSG00000054843|Atrnl1	Atrnl1	chr19	+	0	0		0		0		no
ENSMUST00000066285.5|ENSMUSG00000025092|Hspa12a	Hspa12a	chr19	-	0	0		0		0		no
ENSMUST00000163821.2|ENSMUSG00000041362|Shtn1	Shtn1	chr19	-	0	0		0		0		no
ENSMUST00000099274.3|ENSMUSG00000074746|Pdzd8	Pdzd8	chr19	-	0	0		0		0		no
ENSMUST00000174353.1|ENSMUSG00000043969|Emx2	Emx2	chr19	+	0	0		0		0		no
ENSMUST00000235293.1|ENSMUSG00000057858|Fam204a	Fam204a	chr19	-	0	0		0		0		no
ENSMUST00000081790.14|ENSMUSG00000033417|Cacul1	Cacul1	chr19	-	0	0		0		0		no
ENSMUST00000088237.5|ENSMUSG00000072437|Nanos1	Nanos1	chr19	+	0	0		0		0		no
ENSMUST00000025955.7|ENSMUSG00000024991|Eif3a	Eif3a	chr19	-	0	0		0		0		no
ENSMUST00000119633.7|ENSMUSG00000024993|Fam45a	Fam45a	chr19	+	0	0		0		0		no
ENSMUST00000025961.6|ENSMUSG00000024997|Prdx3	Prdx3	chr19	-	0	0		0		0		no
ENSMUST00000003313.9|ENSMUSG00000003228|Grk5	Grk5	chr19	+	0	0		0		0		no
ENSMUST00000143264.7|ENSMUSG00000074733|Zfp950	Zfp950	chr19	-	0	0		0		0		no
ENSMUST00000076046.6|ENSMUSG00000059326|Csf2ra	Csf2ra	chr19	-	0	0		0		0		no
ENSMUST00000027035.9|ENSMUSG00000025902|Sox17	Sox17	chr1	-	0	0		0		0		no
ENSMUST00000045689.13|ENSMUSG00000033845|Mrpl15	Mrpl15	chr1	-	0	0		0		0		no
ENSMUST00000119612.8|ENSMUSG00000025903|Lypla1	Lypla1	chr1	+	0	0		0		0		no
ENSMUST00000155020.1|ENSMUSG00000104217|Gm37988	Gm37988	chr1	+	0	0		0		0		no
ENSMUST00000165720.2|ENSMUSG00000033813|Tcea1	Tcea1	chr1	+	0	0		0		0		no
ENSMUST00000170566.1|ENSMUSG00000002459|Rgs20	Rgs20	chr1	-	0	0		0		0		no
ENSMUST00000044369.12|ENSMUSG00000033793|Atp6v1h	Atp6v1h	chr1	+	0	0		0		0		no
ENSMUST00000072079.8|ENSMUSG00000061024|Rrs1	Rrs1	chr1	+	0	0		0		0		no
ENSMUST00000027044.14|ENSMUSG00000025911|Adhfe1	Adhfe1	chr1	+	0	0		0		0		no
ENSMUST00000088666.3|ENSMUSG00000067879|Vxn	Vxn	chr1	+	0	0		0		0		no
ENSMUST00000057438.6|ENSMUSG00000045210|Vcpip1	Vcpip1	chr1	-	0	0		0		0		no
ENSMUST00000088615.10|ENSMUSG00000067851|Arfgef1	Arfgef1	chr1	-	0	0		0		0		no
ENSMUST00000177608.7|ENSMUSG00000016918|Sulf1	Sulf1	chr1	+	0	0		0		0		no
ENSMUST00000081713.10|ENSMUSG00000005886|Ncoa2	Ncoa2	chr1	-	0	0		0		0		no
ENSMUST00000027068.10|ENSMUSG00000025935|Tram1	Tram1	chr1	-	0	0		0		0		no
ENSMUST00000027071.6|ENSMUSG00000025937|Lactb2	Lactb2	chr1	-	0	0		0		0		no
ENSMUST00000027066.12|ENSMUSG00000025932|Eya1	Eya1	chr1	-	0	0		0		0		no
ENSMUST00000027062.6|ENSMUSG00000025930|Msc	Msc	chr1	-	0	0		0		0		no
ENSMUST00000188371.6|ENSMUSG00000025925|Terf1	Terf1	chr1	+	0	0		0		0		no
ENSMUST00000058437.13|ENSMUSG00000043716|Rpl7	Rpl7	chr1	-	0	0		0		0		no
ENSMUST00000027053.7|ENSMUSG00000025921|Rdh10	Rdh10	chr1	+	0	0		0		0		no
ENSMUST00000188641.6|ENSMUSG00000079658|Eloc	Eloc	chr1	-	0	0		0		0		no
ENSMUST00000065373.5|ENSMUSG00000025940|Tmem70	Tmem70	chr1	+	0	0		0		0		no
ENSMUST00000189736.1|ENSMUSG00000025777|Gdap1	Gdap1	chr1	+	0	0		0		0		no
ENSMUST00000095075.4|ENSMUSG00000025776|Crispld1	Crispld1	chr1	+	0	0		0		0		no
ENSMUST00000053266.10|ENSMUSG00000041859|Mcm3	Mcm3	chr1	-	0	0		0		0		no
ENSMUST00000189400.6|ENSMUSG00000025931|Paqr8	Paqr8	chr1	+	0	0		0		0		no
ENSMUST00000037998.5|ENSMUSG00000041779|Tram2	Tram2	chr1	-	0	0		0		0		no
ENSMUST00000027064.7|ENSMUSG00000025933|Tmem14a	Tmem14a	chr1	+	0	0		0		0		no
ENSMUST00000081544.12|ENSMUSG00000041670|Rims1	Rims1	chr1	-	0	0		0		0		no
ENSMUST00000027339.13|ENSMUSG00000026155|Smap1	Smap1	chr1	-	0	0		0		0		no
ENSMUST00000027338.3|ENSMUSG00000026154|Sdhaf4	Sdhaf4	chr1	-	0	0		0		0		no
ENSMUST00000188712.6|ENSMUSG00000026153|Fam135a	Fam135a	chr1	-	0	0		0		0		no
ENSMUST00000095062.9|ENSMUSG00000073725|Lmbrd1	Lmbrd1	chr1	+	0	0		0		0		no
ENSMUST00000126626.7|ENSMUSG00000033569|Adgrb3	Adgrb3	chr1	-	0	0		0		0		no
ENSMUST00000191064.6|ENSMUSG00000048874|Phf3	Phf3	chr1	-	0	0		0		0		no
ENSMUST00000232841.1|ENSMUSG00000026064|Ptp4a1	Ptp4a1	chr1	-	0	0		0		0		no
ENSMUST00000233506.1|ENSMUSG00000117310|Ptp4a1	Ptp4a1	chr1	-	0	0		0		0		no
ENSMUST00000027312.10|ENSMUSG00000026134|Prim2	Prim2	chr1	-	0	0		0		0		no
ENSMUST00000044691.8|ENSMUSG00000042215|Bag2	Bag2	chr1	-	0	0		0		0		no
ENSMUST00000139143.7|ENSMUSG00000042197|Zfp451	Zfp451	chr1	-	0	0		0		0		no
ENSMUST00000129464.7|ENSMUSG00000042182|Bend6	Bend6	chr1	-	0	0		0		0		no
ENSMUST00000042493.9|ENSMUSG00000042111|Ccdc115	Ccdc115	chr1	-	0	0		0		0		no
ENSMUST00000027303.13|ENSMUSG00000026127|Imp4	Imp4	chr1	+	0	0		0		0		no
ENSMUST00000160855.1|ENSMUSG00000037509|Arhgef4	Arhgef4	chr1	+	0	0		0		0		no
ENSMUST00000167518.7|ENSMUSG00000037503|Fam168b	Fam168b	chr1	-	0	0		0		0		no
ENSMUST00000088174.3|ENSMUSG00000045216|Hs6st1	Hs6st1	chr1	+	0	0		0		0		no
ENSMUST00000174266.7|ENSMUSG00000037470|Uggt1	Uggt1	chr1	-	0	0		0		0		no
ENSMUST00000056946.7|ENSMUSG00000047180|Neurl3	Neurl3	chr1	-	0	0		0		0		no
ENSMUST00000137906.1|ENSMUSG00000037447|Arid5a	Arid5a	chr1	+	0	0		0		0		no
ENSMUST00000188961.6|ENSMUSG00000010453|Kansl3	Kansl3	chr1	-	0	0		0		0		no
ENSMUST00000207088.1|ENSMUSG00000109510|Gm42417	Gm42417	chr1	-	0	0		0		0		no
ENSMUST00000207843.1|ENSMUSG00000079610|Ankrd39	Ankrd39	chr1	-	0	0		0		0		no
ENSMUST00000191677.5|ENSMUSG00000026121|Sema4c	Sema4c	chr1	-	0	0		0		0		no
ENSMUST00000081180.6|ENSMUSG00000061518|Cox5b	Cox5b	chr1	+	0	0		0		0		no
ENSMUST00000043951.9|ENSMUSG00000037351|Actr1b	Actr1b	chr1	-	0	0		0		0		no
ENSMUST00000027286.6|ENSMUSG00000026112|Coa5	Coa5	chr1	-	0	0		0		0		no
ENSMUST00000027285.12|ENSMUSG00000026111|Unc50	Unc50	chr1	+	0	0		0		0		no
ENSMUST00000042161.14|ENSMUSG00000026110|Mgat4a	Mgat4a	chr1	-	0	0		0		0		no
ENSMUST00000160023.5|ENSMUSG00000026090|2010300C02Rik	2010300C02Rik	chr1	-	0	0		0		0		no
ENSMUST00000139725.7|ENSMUSG00000026088|Mitd1	Mitd1	chr1	-	0	0		0		0		no
ENSMUST00000027256.11|ENSMUSG00000026087|Mrpl30	Mrpl30	chr1	+	0	0		0		0		no
ENSMUST00000027252.7|ENSMUSG00000026083|Eif5b	Eif5b	chr1	+	0	0		0		0		no
ENSMUST00000193489.1|ENSMUSG00000026078|Pdcl3	Pdcl3	chr1	+	0	0		0		0		no
ENSMUST00000056815.8|ENSMUSG00000026077|Npas2	Npas2	chr1	+	0	0		0		0		no
ENSMUST00000086535.11|ENSMUSG00000073702|Rpl31	Rpl31	chr1	+	0	0		0		0		no
ENSMUST00000192531.5|ENSMUSG00000003134|Tbc1d8	Tbc1d8	chr1	-	0	0		0		0		no
ENSMUST00000161515.7|ENSMUSG00000003135|Cnot11	Cnot11	chr1	+	0	0		0		0		no
ENSMUST00000195136.1|ENSMUSG00000048234|Rnf149	Rnf149	chr1	-	0	0		0		0		no
ENSMUST00000053355.5|ENSMUSG00000050967|Creg2	Creg2	chr1	-	0	0		0		0		no
ENSMUST00000168431.6|ENSMUSG00000026074|Map4k4	Map4k4	chr1	+	0	0		0		0		no
ENSMUST00000195770.1|ENSMUSG00000026073|Il1r2	Il1r2	chr1	+	0	0		0		0		no
ENSMUST00000027241.10|ENSMUSG00000026072|Il1r1	Il1r1	chr1	+	0	0		0		0		no
ENSMUST00000194296.5|ENSMUSG00000070942|Il1rl2	Il1rl2	chr1	+	0	0		0		0		no
ENSMUST00000027231.12|ENSMUSG00000026062|Slc9a2	Slc9a2	chr1	+	0	0		0		0		no
ENSMUST00000239323.1|ENSMUSG00000045515|Pou3f3	Pou3f3	chr1	+	0	0		0		0		no
ENSMUST00000201108.3|ENSMUSG00000060679|Mrps9	Mrps9	chr1	+	0	0		0		0		no
ENSMUST00000095014.7|ENSMUSG00000070939|Tgfbrap1	Tgfbrap1	chr1	-	0	0		0		0		no
ENSMUST00000010434.7|ENSMUSG00000010290|AI597479	AI597479	chr1	+	0	0		0		0		no
ENSMUST00000008280.13|ENSMUSG00000008136|Fhl2	Fhl2	chr1	-	0	0		0		0		no
ENSMUST00000086421.8|ENSMUSG00000066877|Nck2	Nck2	chr1	+	0	0		0		0		no
ENSMUST00000076997.12|ENSMUSG00000057363|Uxs1	Uxs1	chr1	-	0	0		0		0		no
ENSMUST00000188302.6|ENSMUSG00000041763|Tpp2	Tpp2	chr1	+	0	0		0		0		no
ENSMUST00000027215.11|ENSMUSG00000026049|Tex30	Tex30	chr1	-	0	0		0		0		no
ENSMUST00000114709.2|ENSMUSG00000041684|Bivm	Bivm	chr1	+	0	0		0		0		no
ENSMUST00000159555.7|ENSMUSG00000056870|Gulp1	Gulp1	chr1	+	0	0		0		0		no
ENSMUST00000087883.12|ENSMUSG00000026043|Col3a1	Col3a1	chr1	+	0	0		0		0		no
ENSMUST00000086430.4|ENSMUSG00000026042|Col5a2	Col5a2	chr1	-	0	0		0		0		no
ENSMUST00000186651.1|ENSMUSG00000025995|Wdr75	Wdr75	chr1	+	0	0		0		0		no
ENSMUST00000027137.10|ENSMUSG00000025993|Slc40a1	Slc40a1	chr1	-	0	0		0		0		no
ENSMUST00000027131.5|ENSMUSG00000025986|Slc39a10	Slc39a10	chr1	-	0	0		0		0		no
ENSMUST00000081851.3|ENSMUSG00000026109|Tmeff2	Tmeff2	chr1	+	0	0		0		0		no
ENSMUST00000051572.7|ENSMUSG00000045954|Cavin2	Cavin2	chr1	+	0	0		0		0		no
ENSMUST00000189542.6|ENSMUSG00000026107|Nabp1	Nabp1	chr1	-	0	0		0		0		no
ENSMUST00000046390.13|ENSMUSG00000018417|Myo1b	Myo1b	chr1	-	0	0		0		0		no
ENSMUST00000114510.7|ENSMUSG00000026103|Gls	Gls	chr1	-	0	0		0		0		no
ENSMUST00000186764.6|ENSMUSG00000002881|Nab1	Nab1	chr1	-	0	0		0		0		no
ENSMUST00000156876.7|ENSMUSG00000041439|Mfsd6	Mfsd6	chr1	-	0	0		0		0		no
ENSMUST00000177279.7|ENSMUSG00000026102|Inpp1	Inpp1	chr1	-	0	0		0		0		no
ENSMUST00000159352.7|ENSMUSG00000041426|Hibch	Hibch	chr1	+	0	0		0		0		no
ENSMUST00000050567.10|ENSMUSG00000043629|1700019D03Rik	1700019D03Rik	chr1	-	0	0		0		0		no
ENSMUST00000027266.3|ENSMUSG00000026097|Ormdl1	Ormdl1	chr1	+	0	0		0		0		no
ENSMUST00000151296.7|ENSMUSG00000026096|Osgepl1	Osgepl1	chr1	+	0	0		0		0		no
ENSMUST00000027263.13|ENSMUSG00000026094|Stk17b	Stk17b	chr1	-	0	0		0		0		no
ENSMUST00000041638.7|ENSMUSG00000041303|Gtf3c3	Gtf3c3	chr1	-	0	0		0		0		no
ENSMUST00000179030.7|ENSMUSG00000052331|Ankrd44	Ankrd44	chr1	-	0	0		0		0		no
ENSMUST00000191303.1|ENSMUSG00000025982|Sf3b1	Sf3b1	chr1	-	0	0		0		0		no
ENSMUST00000027125.6|ENSMUSG00000025981|Coq10b	Coq10b	chr1	+	0	0		0		0		no
ENSMUST00000027123.14|ENSMUSG00000025980|Hspd1	Hspd1	chr1	-	0	0		0		0		no
ENSMUST00000161122.1|ENSMUSG00000025979|Mob4	Mob4	chr1	+	0	0		0		0		no
ENSMUST00000132055.7|ENSMUSG00000025978|Rftn2	Rftn2	chr1	-	0	0		0		0		no
ENSMUST00000061334.9|ENSMUSG00000046994|Mars2	Mars2	chr1	+	0	0		0		0		no
ENSMUST00000042986.9|ENSMUSG00000038349|Plcl1	Plcl1	chr1	+	0	0		0		0		no
ENSMUST00000042734.2|ENSMUSG00000038323|1700066M21Rik	1700066M21Rik	chr1	+	0	0		0		0		no
ENSMUST00000079998.12|ENSMUSG00000048495|Tyw5	Tyw5	chr1	-	0	0		0		0		no
ENSMUST00000027114.5|ENSMUSG00000025971|Maip1	Maip1	chr1	+	0	0		0		0		no
ENSMUST00000167085.7|ENSMUSG00000038305|Spats2l	Spats2l	chr1	+	0	0		0		0		no
ENSMUST00000161608.7|ENSMUSG00000054770|Kctd18	Kctd18	chr1	-	0	0		0		0		no
ENSMUST00000001027.6|ENSMUSG00000063558|Aox1	Aox1	chr1	+	0	0		0		0		no
ENSMUST00000188630.6|ENSMUSG00000051223|Bzw1	Bzw1	chr1	+	0	0		0		0		no
ENSMUST00000148330.7|ENSMUSG00000026034|Clk1	Clk1	chr1	-	0	0		0		0		no
ENSMUST00000087521.12|ENSMUSG00000026036|Nif3l1	Nif3l1	chr1	+	0	0		0		0		no
ENSMUST00000027198.11|ENSMUSG00000026037|Orc2	Orc2	chr1	-	0	0		0		0		no
ENSMUST00000187717.6|ENSMUSG00000038174|Fam126b	Fam126b	chr1	-	0	0		0		0		no
ENSMUST00000114313.7|ENSMUSG00000026031|Cflar	Cflar	chr1	+	0	0		0		0		no
ENSMUST00000027189.14|ENSMUSG00000026029|Casp8	Casp8	chr1	+	0	0		0		0		no
ENSMUST00000027186.11|ENSMUSG00000026028|Trak2	Trak2	chr1	-	0	0		0		0		no
ENSMUST00000153990.7|ENSMUSG00000026027|Stradb	Stradb	chr1	+	0	0		0		0		no
ENSMUST00000094917.9|ENSMUSG00000038079|Tmem237	Tmem237	chr1	-	0	0		0		0		no
ENSMUST00000027178.12|ENSMUSG00000026024|Als2	Als2	chr1	-	0	0		0		0		no
ENSMUST00000114246.3|ENSMUSG00000041075|Fzd7	Fzd7	chr1	+	0	0		0		0		no
ENSMUST00000091374.8|ENSMUSG00000026021|Sumo1	Sumo1	chr1	-	0	0		0		0		no
ENSMUST00000191142.6|ENSMUSG00000026020|Nop58	Nop58	chr1	+	0	0		0		0		no
ENSMUST00000087435.6|ENSMUSG00000067336|Bmpr2	Bmpr2	chr1	+	0	0		0		0		no
ENSMUST00000036540.11|ENSMUSG00000041040|Fam117b	Fam117b	chr1	+	0	0		0		0		no
ENSMUST00000027172.12|ENSMUSG00000026018|Ica1l	Ica1l	chr1	-	0	0		0		0		no
ENSMUST00000027173.14|ENSMUSG00000026019|Wdr12	Wdr12	chr1	-	0	0		0		0		no
ENSMUST00000148443.2|ENSMUSG00000049439|Cyp20a1	Cyp20a1	chr1	+	0	0		0		0		no
ENSMUST00000052332.14|ENSMUSG00000026782|Abi2	Abi2	chr1	+	0	0		0		0		no
ENSMUST00000027165.2|ENSMUSG00000026012|Cd28	Cd28	chr1	+	0	0		0		0		no
ENSMUST00000114155.7|ENSMUSG00000025969|Nrp2	Nrp2	chr1	+	0	0		0		0		no
ENSMUST00000027108.12|ENSMUSG00000025967|Eef1b2	Eef1b2	chr1	+	0	0		0		0		no
ENSMUST00000087374.9|ENSMUSG00000025964|Adam23	Adam23	chr1	+	0	0		0		0		no
ENSMUST00000114086.7|ENSMUSG00000025959|Klf7	Klf7	chr1	-	0	0		0		0		no
ENSMUST00000114079.8|ENSMUSG00000025956|Mettl21a	Mettl21a	chr1	-	0	0		0		0		no
ENSMUST00000114077.7|ENSMUSG00000070871|Ccnyl1	Ccnyl1	chr1	+	0	0		0		0		no
ENSMUST00000139649.7|ENSMUSG00000051344|Plekhm3	Plekhm3	chr1	-	0	0		0		0		no
ENSMUST00000097709.10|ENSMUSG00000025950|Idh1	Idh1	chr1	-	0	0		0		0		no
ENSMUST00000190058.6|ENSMUSG00000025949|Pikfyve	Pikfyve	chr1	+	0	0		0		0		no
ENSMUST00000114015.7|ENSMUSG00000015222|Map2	Map2	chr1	+	0	0		0		0		no
ENSMUST00000061620.16|ENSMUSG00000055567|Unc80	Unc80	chr1	+	0	0		0		0		no
ENSMUST00000151016.1|ENSMUSG00000026005|Rpe	Rpe	chr1	+	0	0		0		0		no
ENSMUST00000129190.7|ENSMUSG00000026004|Kansl1l	Kansl1l	chr1	-	0	0		0		0		no
ENSMUST00000027153.5|ENSMUSG00000026003|Acadl	Acadl	chr1	-	0	0		0		0		no
ENSMUST00000027149.11|ENSMUSG00000026000|Lancl1	Lancl1	chr1	-	0	0		0		0		no
ENSMUST00000187627.1|ENSMUSG00000026193|Fn1	Fn1	chr1	-	0	0		0		0		no
ENSMUST00000027379.9|ENSMUSG00000026187|Xrcc5	Xrcc5	chr1	+	0	0		0		0		no
ENSMUST00000047328.10|ENSMUSG00000039323|Igfbp2	Igfbp2	chr1	+	0	0		0		0		no
ENSMUST00000027377.8|ENSMUSG00000026185|Igfbp5	Igfbp5	chr1	-	0	0		0		0		no
ENSMUST00000169786.7|ENSMUSG00000055322|Tns1	Tns1	chr1	-	0	0		0		0		no
ENSMUST00000106899.3|ENSMUSG00000026180|Cxcr2	Cxcr2	chr1	+	0	0		0		0		no
ENSMUST00000113820.8|ENSMUSG00000006304|Arpc2	Arpc2	chr1	+	0	0		0		0		no
ENSMUST00000006462.13|ENSMUSG00000006299|Aamp	Aamp	chr1	-	0	0		0		0		no
ENSMUST00000087226.10|ENSMUSG00000026179|Pnkd	Pnkd	chr1	+	0	0		0		0		no
ENSMUST00000016309.15|ENSMUSG00000006301|Tmbim1	Tmbim1	chr1	-	0	0		0		0		no
ENSMUST00000027368.5|ENSMUSG00000026177|Slc11a1	Slc11a1	chr1	+	0	0		0		0		no
ENSMUST00000027367.13|ENSMUSG00000026176|Ctdsp1	Ctdsp1	chr1	+	0	0		0		0		no
ENSMUST00000027366.12|ENSMUSG00000026175|Vil1	Vil1	chr1	+	0	0		0		0		no
ENSMUST00000087215.6|ENSMUSG00000026174|Cnot9	Cnot9	chr1	+	0	0		0		0		no
ENSMUST00000141412.7|ENSMUSG00000026173|Plcd4	Plcd4	chr1	+	0	0		0		0		no
ENSMUST00000127921.1|ENSMUSG00000026135|Zfp142	Zfp142	chr1	-	0	0		0		0		no
ENSMUST00000027358.10|ENSMUSG00000026172|Bcs1l	Bcs1l	chr1	+	0	0		0		0		no
ENSMUST00000135140.7|ENSMUSG00000026171|Rnf25	Rnf25	chr1	-	0	0		0		0		no
ENSMUST00000189830.1|ENSMUSG00000033276|Stk36	Stk36	chr1	+	0	0		0		0		no
ENSMUST00000027356.6|ENSMUSG00000026170|Cyp27a1	Cyp27a1	chr1	+	0	0		0		0		no
ENSMUST00000006716.7|ENSMUSG00000033227|Wnt6	Wnt6	chr1	+	0	0		0		0		no
ENSMUST00000006718.14|ENSMUSG00000026167|Wnt10a	Wnt10a	chr1	+	0	0		0		0		no
ENSMUST00000160379.3|ENSMUSG00000090071|Cdk5r2	Cdk5r2	chr1	+	0	0		0		0		no
ENSMUST00000152855.1|ENSMUSG00000026162|Nhej1	Nhej1	chr1	-	0	0		0		0		no
ENSMUST00000168720.7|ENSMUSG00000033159|Cnppd1	Cnppd1	chr1	-	0	0		0		0		no
ENSMUST00000188873.6|ENSMUSG00000049339|Retreg2	Retreg2	chr1	+	0	0		0		0		no
ENSMUST00000160439.7|ENSMUSG00000026197|Zfand2b	Zfand2b	chr1	+	0	0		0		0		no
ENSMUST00000145459.8|ENSMUSG00000026199|Ankzf1	Ankzf1	chr1	+	0	0		0		0		no
ENSMUST00000189663.6|ENSMUSG00000026200|Glb1l	Glb1l	chr1	-	0	0		0		0		no
ENSMUST00000027401.10|ENSMUSG00000026201|Stk16	Stk16	chr1	+	0	0		0		0		no
ENSMUST00000186213.6|ENSMUSG00000026202|Tuba4a	Tuba4a	chr1	-	0	0		0		0		no
ENSMUST00000185403.6|ENSMUSG00000026203|Dnajb2	Dnajb2	chr1	+	0	0		0		0		no
ENSMUST00000027404.11|ENSMUSG00000026204|Ptprn	Ptprn	chr1	-	0	0		0		0		no
ENSMUST00000186229.1|ENSMUSG00000033061|Resp18	Resp18	chr1	-	0	0		0		0		no
ENSMUST00000185419.6|ENSMUSG00000026209|Dnpep	Dnpep	chr1	-	0	0		0		0		no
ENSMUST00000027409.9|ENSMUSG00000026208|Des	Des	chr1	+	0	0		0		0		no
ENSMUST00000125306.1|ENSMUSG00000026207|Speg	Speg	chr1	+	0	0		0		0		no
ENSMUST00000188097.1|ENSMUSG00000033021|Gmppa	Gmppa	chr1	+	0	0		0		0		no
ENSMUST00000138683.1|ENSMUSG00000032997|Chpf	Chpf	chr1	-	0	0		0		0		no
ENSMUST00000155084.7|ENSMUSG00000026211|Obsl1	Obsl1	chr1	-	0	0		0		0		no
ENSMUST00000050899.6|ENSMUSG00000051703|Tmem198	Tmem198	chr1	+	0	0		0		0		no
ENSMUST00000027414.15|ENSMUSG00000026213|Stk11ip	Stk11ip	chr1	+	0	0		0		0		no
ENSMUST00000027415.11|ENSMUSG00000006576|Slc4a3	Slc4a3	chr1	+	0	0		0		0		no
ENSMUST00000190149.6|ENSMUSG00000026235|Epha4	Epha4	chr1	-	0	0		0		0		no
ENSMUST00000036172.9|ENSMUSG00000032908|Sgpp2	Sgpp2	chr1	+	0	0		0		0		no
ENSMUST00000189529.6|ENSMUSG00000026245|Farsb	Farsb	chr1	-	0	0		0		0		no
ENSMUST00000035779.14|ENSMUSG00000032883|Acsl3	Acsl3	chr1	+	0	0		0		0		no
ENSMUST00000053760.11|ENSMUSG00000079470|Utp14b	Utp14b	chr1	+	0	0		0		0		no
ENSMUST00000057262.7|ENSMUSG00000047330|Kcne4	Kcne4	chr1	+	0	0		0		0		no
ENSMUST00000185234.1|ENSMUSG00000050711|Scg2	Scg2	chr1	-	0	0		0		0		no
ENSMUST00000187005.6|ENSMUSG00000073643|Wdfy1	Wdfy1	chr1	-	0	0		0		0		no
ENSMUST00000027464.8|ENSMUSG00000026248|Mrpl44	Mrpl44	chr1	+	0	0		0		0		no
ENSMUST00000027467.10|ENSMUSG00000026249|Serpine2	Serpine2	chr1	-	0	0		0		0		no
ENSMUST00000023262.5|ENSMUSG00000022591|Gm9747	Gm9747	chr1	+	0	0		0		0		no
ENSMUST00000027322.13|ENSMUSG00000026142|Rhbdd1	Rhbdd1	chr1	+	0	0		0		0		no
ENSMUST00000162003.7|ENSMUSG00000026150|Mff	Mff	chr1	+	0	0		0		0		no
ENSMUST00000189220.6|ENSMUSG00000026159|Agfg1	Agfg1	chr1	+	0	0		0		0		no
ENSMUST00000045560.14|ENSMUSG00000038496|Slc19a3	Slc19a3	chr1	-	0	0		0		0		no
ENSMUST00000177458.1|ENSMUSG00000045658|Pid1	Pid1	chr1	-	0	0		0		0		no
ENSMUST00000049126.12|ENSMUSG00000036766|Dner	Dner	chr1	-	0	0		0		0		no
ENSMUST00000187733.1|ENSMUSG00000026219|Trip12	Trip12	chr1	-	0	0		0		0		no
ENSMUST00000097672.3|ENSMUSG00000073633|Fbxo36	Fbxo36	chr1	+	0	0		0		0		no
ENSMUST00000093508.6|ENSMUSG00000070034|Sp110	Sp110	chr1	-	0	0		0		0		no
ENSMUST00000113385.2|ENSMUSG00000070031|Sp140	Sp140	chr1	+	0	0		0		0		no
ENSMUST00000113360.7|ENSMUSG00000036707|Cab39	Cab39	chr1	+	0	0		0		0		no
ENSMUST00000027425.15|ENSMUSG00000026223|Itm2c	Itm2c	chr1	+	0	0		0		0		no
ENSMUST00000027426.10|ENSMUSG00000026224|4933407L21Rik	4933407L21Rik	chr1	+	0	0		0		0		no
ENSMUST00000165824.2|ENSMUSG00000026227|2810459M11Rik	2810459M11Rik	chr1	+	0	0		0		0		no
ENSMUST00000139715.7|ENSMUSG00000026229|Psmd1	Psmd1	chr1	+	0	0		0		0		no
ENSMUST00000027431.6|ENSMUSG00000026228|Htr2b	Htr2b	chr1	-	0	0		0		0		no
ENSMUST00000126579.1|ENSMUSG00000062590|Armc9	Armc9	chr1	+	0	0		0		0		no
ENSMUST00000113306.3|ENSMUSG00000079445|B3gnt7	B3gnt7	chr1	+	0	0		0		0		no
ENSMUST00000027438.7|ENSMUSG00000026234|Ncl	Ncl	chr1	-	0	0		0		0		no
ENSMUST00000045897.14|ENSMUSG00000026238|Ptma	Ptma	chr1	+	0	0		0		0		no
ENSMUST00000138280.7|ENSMUSG00000026240|Cops7b	Cops7b	chr1	+	0	0		0		0		no
ENSMUST00000027472.6|ENSMUSG00000026255|Efhd1	Efhd1	chr1	+	0	0		0		0		no
ENSMUST00000172964.7|ENSMUSG00000048000|Gigyf2	Gigyf2	chr1	+	0	0		0		0		no
ENSMUST00000027477.14|ENSMUSG00000026259|Ngef	Ngef	chr1	-	0	0		0		0		no
ENSMUST00000164128.1|ENSMUSG00000079434|Neu2	Neu2	chr1	+	0	0		0		0		no
ENSMUST00000072999.12|ENSMUSG00000026288|Inpp5d	Inpp5d	chr1	+	0	0		0		0		no
ENSMUST00000027512.12|ENSMUSG00000026289|Atg16l1	Atg16l1	chr1	+	0	0		0		0		no
ENSMUST00000190061.6|ENSMUSG00000070738|Dgkd	Dgkd	chr1	+	0	0		0		0		no
ENSMUST00000113142.9|ENSMUSG00000090165|Ugt1a10	Ugt1a10	chr1	+	0	0		0		0		no
ENSMUST00000073772.4|ENSMUSG00000090175|Ugt1a9	Ugt1a9	chr1	+	0	0		0		0		no
ENSMUST00000113139.1|ENSMUSG00000089675|Ugt1a8	Ugt1a8	chr1	+	0	0		0		0		no
ENSMUST00000126203.7|ENSMUSG00000090124|Ugt1a7c	Ugt1a7c	chr1	+	0	0		0		0		no
ENSMUST00000113138.7|ENSMUSG00000090145|Ugt1a6b	Ugt1a6b	chr1	+	0	0		0		0		no
ENSMUST00000113134.7|ENSMUSG00000054545|Ugt1a6a	Ugt1a6a	chr1	+	0	0		0		0		no
ENSMUST00000097659.4|ENSMUSG00000089943|Ugt1a5	Ugt1a5	chr1	+	0	0		0		0		no
ENSMUST00000049289.8|ENSMUSG00000090171|Ugt1a2	Ugt1a2	chr1	+	0	0		0		0		no
ENSMUST00000073049.6|ENSMUSG00000089960|Ugt1a1	Ugt1a1	chr1	+	0	0		0		0		no
ENSMUST00000147393.1|ENSMUSG00000044783|Hjurp	Hjurp	chr1	-	0	0		0		0		no
ENSMUST00000066279.10|ENSMUSG00000036206|Sh3bp4	Sh3bp4	chr1	+	0	0		0		0		no
ENSMUST00000027521.14|ENSMUSG00000055013|Agap1	Agap1	chr1	+	0	0		0		0		no
ENSMUST00000065587.4|ENSMUSG00000044337|Ackr3	Ackr3	chr1	+	0	0		0		0		no
ENSMUST00000036153.11|ENSMUSG00000034432|Cops8	Cops8	chr1	+	0	0		0		0		no
ENSMUST00000097653.10|ENSMUSG00000048126|Col6a3	Col6a3	chr1	-	0	0		0		0		no
ENSMUST00000097649.9|ENSMUSG00000026305|Lrrfip1	Lrrfip1	chr1	+	0	0		0		0		no
ENSMUST00000097648.5|ENSMUSG00000034353|Ramp1	Ramp1	chr1	+	0	0		0		0		no
ENSMUST00000171165.7|ENSMUSG00000034343|Ube2f	Ube2f	chr1	+	0	0		0		0		no
ENSMUST00000154045.7|ENSMUSG00000026307|Scly	Scly	chr1	+	0	0		0		0		no
ENSMUST00000187049.6|ENSMUSG00000026309|Ilkap	Ilkap	chr1	-	0	0		0		0		no
ENSMUST00000086851.1|ENSMUSG00000067071|Hes6	Hes6	chr1	-	0	0		0		0		no
ENSMUST00000047242.8|ENSMUSG00000034292|Traf3ip1	Traf3ip1	chr1	+	0	0		0		0		no
ENSMUST00000027538.8|ENSMUSG00000026311|Asb1	Asb1	chr1	+	0	0		0		0		no
ENSMUST00000007949.3|ENSMUSG00000007805|Twist2	Twist2	chr1	+	0	0		0		0		no
ENSMUST00000097644.8|ENSMUSG00000026313|Hdac4	Hdac4	chr1	-	0	0		0		0		no
ENSMUST00000189503.6|ENSMUSG00000026260|Ndufa10	Ndufa10	chr1	-	0	0		0		0		no
ENSMUST00000148508.1|ENSMUSG00000073616|Cops9	Cops9	chr1	-	0	0		0		0		no
ENSMUST00000045970.7|ENSMUSG00000034220|Gpc1	Gpc1	chr1	+	0	0		0		0		no
ENSMUST00000060913.7|ENSMUSG00000047067|Dusp28	Dusp28	chr1	+	0	0		0		0		no
ENSMUST00000179531.1|ENSMUSG00000026269|Rnpepl1	Rnpepl1	chr1	+	0	0		0		0		no
ENSMUST00000152983.7|ENSMUSG00000026270|Capn10	Capn10	chr1	+	0	0		0		0		no
ENSMUST00000169198.2|ENSMUSG00000026271|Gpr35	Gpr35	chr1	+	0	0		0		0		no
ENSMUST00000186828.1|ENSMUSG00000014602|Kif1a	Kif1a	chr1	-	0	0		0		0		no
ENSMUST00000062202.13|ENSMUSG00000047793|Sned1	Sned1	chr1	+	0	0		0		0		no
ENSMUST00000027494.10|ENSMUSG00000026275|Ppp1r7	Ppp1r7	chr1	+	0	0		0		0		no
ENSMUST00000170883.7|ENSMUSG00000034088|Hdlbp	Hdlbp	chr1	-	0	0		0		0		no
ENSMUST00000027495.14|ENSMUSG00000026276|Septin2	Septin2	chr1	+	0	0		0		0		no
ENSMUST00000179353.7|ENSMUSG00000116048|Septin2	Septin2	chr1	+	0	0		0		0		no
ENSMUST00000120301.7|ENSMUSG00000034066|Farp2	Farp2	chr1	+	0	0		0		0		no
ENSMUST00000027498.13|ENSMUSG00000026277|Stk25	Stk25	chr1	-	0	0		0		0		no
ENSMUST00000027499.12|ENSMUSG00000026278|Bok	Bok	chr1	+	0	0		0		0		no
ENSMUST00000112905.3|ENSMUSG00000026279|Thap4	Thap4	chr1	-	0	0		0		0		no
ENSMUST00000185482.6|ENSMUSG00000026280|Atg4b	Atg4b	chr1	+	0	0		0		0		no
ENSMUST00000112890.2|ENSMUSG00000026281|Dtymk	Dtymk	chr1	-	0	0		0		0		no
ENSMUST00000188402.1|ENSMUSG00000026283|Ing5	Ing5	chr1	+	0	0		0		0		no
ENSMUST00000186783.1|ENSMUSG00000073609|D2hgdh	D2hgdh	chr1	+	0	0		0		0		no
ENSMUST00000050890.7|ENSMUSG00000034000|Neu4	Neu4	chr1	+	0	0		0		0		no
ENSMUST00000027507.7|ENSMUSG00000026285|Pdcd1	Pdcd1	chr1	-	0	0		0		0		no
ENSMUST00000053033.13|ENSMUSG00000044768|D1Ertd622e	D1Ertd622e	chr1	-	0	0		0		0		no
ENSMUST00000042509.12|ENSMUSG00000040648|Ppip5k2	Ppip5k2	chr1	-	0	0		0		0		no
ENSMUST00000138142.7|ENSMUSG00000026333|Gin1	Gin1	chr1	+	0	0		0		0		no
ENSMUST00000070699.14|ENSMUSG00000056536|Pign	Pign	chr1	-	0	0		0		0		no
ENSMUST00000027559.7|ENSMUSG00000026321|Tnfrsf11a	Tnfrsf11a	chr1	+	0	0		0		0		no
ENSMUST00000061047.6|ENSMUSG00000044340|Phlpp1	Phlpp1	chr1	+	0	0		0		0		no
ENSMUST00000112751.1|ENSMUSG00000057329|Bcl2	Bcl2	chr1	-	0	0		0		0		no
ENSMUST00000010049.5|ENSMUSG00000009905|Kdsr	Kdsr	chr1	-	0	0		0		0		no
ENSMUST00000112736.7|ENSMUSG00000009907|Vps4b	Vps4b	chr1	-	0	0		0		0		no
ENSMUST00000112706.3|ENSMUSG00000026315|Serpinb8	Serpinb8	chr1	+	0	0		0		0		no
ENSMUST00000094626.4|ENSMUSG00000047216|Cdh19	Cdh19	chr1	-	0	0		0		0		no
ENSMUST00000035462.6|ENSMUSG00000038702|Dsel	Dsel	chr1	-	0	0		0		0		no
ENSMUST00000027623.8|ENSMUSG00000026374|Tsn	Tsn	chr1	-	0	0		0		0		no
ENSMUST00000027626.12|ENSMUSG00000026377|Nifk	Nifk	chr1	+	0	0		0		0		no
ENSMUST00000190733.6|ENSMUSG00000064302|Clasp1	Clasp1	chr1	+	0	0		0		0		no
ENSMUST00000160991.7|ENSMUSG00000048402|Gli2	Gli2	chr1	-	0	0		0		0		no
ENSMUST00000038765.5|ENSMUSG00000037035|Inhbb	Inhbb	chr1	-	0	0		0		0		no
ENSMUST00000004565.14|ENSMUSG00000004451|Ralb	Ralb	chr1	-	0	0		0		0		no
ENSMUST00000183952.1|ENSMUSG00000098923|Tmem185b	Tmem185b	chr1	+	0	0		0		0		no
ENSMUST00000037906.5|ENSMUSG00000036975|Tmem177	Tmem177	chr1	-	0	0		0		0		no
ENSMUST00000056089.7|ENSMUSG00000050777|Tmem37	Tmem37	chr1	-	0	0		0		0		no
ENSMUST00000112641.7|ENSMUSG00000026389|Steap3	Steap3	chr1	-	0	0		0		0		no
ENSMUST00000003818.13|ENSMUSG00000003721|Insig2	Insig2	chr1	-	0	0		0		0		no
ENSMUST00000036025.15|ENSMUSG00000026339|Ccdc93	Ccdc93	chr1	+	0	0		0		0		no
ENSMUST00000191578.6|ENSMUSG00000026341|Actr3	Actr3	chr1	-	0	0		0		0		no
ENSMUST00000189443.1|ENSMUSG00000026342|Slc35f5	Slc35f5	chr1	+	0	0		0		0		no
ENSMUST00000027581.6|ENSMUSG00000026343|Gpr39	Gpr39	chr1	+	0	0		0		0		no
ENSMUST00000159417.1|ENSMUSG00000026344|Lypd1	Lypd1	chr1	-	0	0		0		0		no
ENSMUST00000027587.14|ENSMUSG00000026349|Ccnt2	Ccnt2	chr1	+	0	0		0		0		no
ENSMUST00000037649.5|ENSMUSG00000036104|Rab3gap1	Rab3gap1	chr1	+	0	0		0		0		no
ENSMUST00000086614.11|ENSMUSG00000036086|Zranb3	Zranb3	chr1	-	0	0		0		0		no
ENSMUST00000027592.5|ENSMUSG00000026353|Ubxn4	Ubxn4	chr1	+	0	0		0		0		no
ENSMUST00000027602.14|ENSMUSG00000026356|Dars	Dars	chr1	-	0	0		0		0		no
ENSMUST00000049813.5|ENSMUSG00000046404|Yod1	Yod1	chr1	+	0	0		0		0		no
ENSMUST00000016672.10|ENSMUSG00000016528|Mapkapk2	Mapkapk2	chr1	-	0	0		0		0		no
ENSMUST00000112442.1|ENSMUSG00000026430|Rassf5	Rassf5	chr1	-	0	0		0		0		no
ENSMUST00000062108.9|ENSMUSG00000042349|Ikbke	Ikbke	chr1	-	0	0		0		0		no
ENSMUST00000097588.8|ENSMUSG00000026425|Srgap2	Srgap2	chr1	-	0	0		0		0		no
ENSMUST00000064679.8|ENSMUSG00000052688|Rab7b	Rab7b	chr1	+	0	0		0		0		no
ENSMUST00000086559.6|ENSMUSG00000013275|Slc41a1	Slc41a1	chr1	+	0	0		0		0		no
ENSMUST00000125925.1|ENSMUSG00000026433|Rab29	Rab29	chr1	+	0	0		0		0		no
ENSMUST00000062264.7|ENSMUSG00000026434|Nucks1	Nucks1	chr1	+	0	0		0		0		no
ENSMUST00000177943.7|ENSMUSG00000026435|Slc45a3	Slc45a3	chr1	+	0	0		0		0		no
ENSMUST00000146267.7|ENSMUSG00000059149|Mfsd4a	Mfsd4a	chr1	-	0	0		0		0		no
ENSMUST00000027697.11|ENSMUSG00000026437|Cdk18	Cdk18	chr1	-	0	0		0		0		no
ENSMUST00000046071.4|ENSMUSG00000042115|Klhdc8a	Klhdc8a	chr1	+	0	0		0		0		no
ENSMUST00000082125.5|ENSMUSG00000009772|Nuak2	Nuak2	chr1	+	0	0		0		0		no
ENSMUST00000045473.15|ENSMUSG00000042066|Tmcc2	Tmcc2	chr1	-	0	0		0		0		no
ENSMUST00000045110.13|ENSMUSG00000042046|Dstyk	Dstyk	chr1	+	0	0		0		0		no
ENSMUST00000027700.14|ENSMUSG00000026439|Rbbp5	Rbbp5	chr1	+	0	0		0		0		no
ENSMUST00000094569.10|ENSMUSG00000026442|Nfasc	Nfasc	chr1	-	0	0		0		0		no
ENSMUST00000027706.3|ENSMUSG00000026443|Lrrn2	Lrrn2	chr1	+	0	0		0		0		no
ENSMUST00000191212.6|ENSMUSG00000054387|Mdm4	Mdm4	chr1	-	0	0		0		0		no
ENSMUST00000052529.3|ENSMUSG00000046062|Ppp1r15b	Ppp1r15b	chr1	+	0	0		0		0		no
ENSMUST00000094557.6|ENSMUSG00000103421|Golt1a	Golt1a	chr1	+	0	0		0		0		no
ENSMUST00000183489.3|ENSMUSG00000098306|Gm28040	Gm28040	chr1	+	0	0		0		0		no
ENSMUST00000135222.8|ENSMUSG00000070644|Etnk2	Etnk2	chr1	+	0	0		0		0		no
ENSMUST00000144386.7|ENSMUSG00000070643|Sox13	Sox13	chr1	-	0	0		0		0		no
ENSMUST00000191896.5|ENSMUSG00000102976|Zc3h11a	Zc3h11a	chr1	-	0	0		0		0		no
ENSMUST00000027736.12|ENSMUSG00000116275|Zc3h11a	Zc3h11a	chr1	-	0	0		0		0		no
ENSMUST00000048432.5|ENSMUSG00000041577|Prelp	Prelp	chr1	-	0	0		0		0		no
ENSMUST00000048183.7|ENSMUSG00000041559|Fmod	Fmod	chr1	+	0	0		0		0		no
ENSMUST00000020692.6|ENSMUSG00000020423|Btg2	Btg2	chr1	-	0	0		0		0		no
ENSMUST00000153856.7|ENSMUSG00000064246|Chil1	Chil1	chr1	+	0	0		0		0		no
ENSMUST00000191577.1|ENSMUSG00000042451|Mybph	Mybph	chr1	+	0	0		0		0		no
ENSMUST00000169927.1|ENSMUSG00000042429|Adora1	Adora1	chr1	-	0	0		0		0		no
ENSMUST00000172795.1|ENSMUSG00000026456|Cyb5r1	Cyb5r1	chr1	+	0	0		0		0		no
ENSMUST00000027727.14|ENSMUSG00000026457|Adipor1	Adipor1	chr1	+	0	0		0		0		no
ENSMUST00000027725.10|ENSMUSG00000026455|Klhl12	Klhl12	chr1	+	0	0		0		0		no
ENSMUST00000047978.8|ENSMUSG00000042229|Rabif	Rabif	chr1	+	0	0		0		0		no
ENSMUST00000047714.13|ENSMUSG00000042207|Kdm5b	Kdm5b	chr1	+	0	0		0		0		no
ENSMUST00000223886.1|ENSMUSG00000026429|Ube2t	Ube2t	chr1	+	0	0		0		0		no
ENSMUST00000049449.10|ENSMUSG00000031506|Ptpn7	Ptpn7	chr1	+	0	0		0		0		no
ENSMUST00000027684.10|ENSMUSG00000026426|Arl8a	Arl8a	chr1	+	0	0		0		0		no
ENSMUST00000027682.8|ENSMUSG00000026424|Gpr37l1	Gpr37l1	chr1	-	0	0		0		0		no
ENSMUST00000077340.13|ENSMUSG00000041926|Rnpep	Rnpep	chr1	-	0	0		0		0		no
ENSMUST00000081104.9|ENSMUSG00000062580|Timm17a	Timm17a	chr1	-	0	0		0		0		no
ENSMUST00000041240.3|ENSMUSG00000041889|Shisa4	Shisa4	chr1	-	0	0		0		0		no
ENSMUST00000161189.7|ENSMUSG00000041879|Ipo9	Ipo9	chr1	-	0	0		0		0		no
ENSMUST00000040599.14|ENSMUSG00000009418|Nav1	Nav1	chr1	-	0	0		0		0		no
ENSMUST00000097561.8|ENSMUSG00000026421|Csrp1	Csrp1	chr1	+	0	0		0		0		no
ENSMUST00000038945.5|ENSMUSG00000041801|Phlda3	Phlda3	chr1	+	0	0		0		0		no
ENSMUST00000063719.14|ENSMUSG00000026411|Tmem9	Tmem9	chr1	+	0	0		0		0		no
ENSMUST00000120339.7|ENSMUSG00000041605|Inava	Inava	chr1	-	0	0		0		0		no
ENSMUST00000048309.11|ENSMUSG00000041570|Camsap2	Camsap2	chr1	-	0	0		0		0		no
ENSMUST00000047734.14|ENSMUSG00000041483|Zfp281	Zfp281	chr1	+	0	0		0		0		no
ENSMUST00000182283.7|ENSMUSG00000026395|Ptprc	Ptprc	chr1	-	0	0		0		0		no
ENSMUST00000186017.6|ENSMUSG00000026393|Nek7	Nek7	chr1	-	0	0		0		0		no
ENSMUST00000193374.1|ENSMUSG00000079283|2310009B15Rik	2310009B15Rik	chr1	-	0	0		0		0		no
ENSMUST00000199011.1|ENSMUSG00000033964|Zbtb41	Zbtb41	chr1	+	0	0		0		0		no
ENSMUST00000123238.1|ENSMUSG00000026365|Cfh	Cfh	chr1	-	0	0		0		0		no
ENSMUST00000193606.1|ENSMUSG00000052726|Kcnt2	Kcnt2	chr1	+	0	0		0		0		no
ENSMUST00000129653.2|ENSMUSG00000018196|Glrx2	Glrx2	chr1	+	0	0		0		0		no
ENSMUST00000159879.1|ENSMUSG00000018199|Ro60	Ro60	chr1	-	0	0		0		0		no
ENSMUST00000185539.1|ENSMUSG00000018189|Uchl5	Uchl5	chr1	+	0	0		0		0		no
ENSMUST00000127206.7|ENSMUSG00000026360|Rgs2	Rgs2	chr1	-	0	0		0		0		no
ENSMUST00000070200.14|ENSMUSG00000056220|Pla2g4a	Pla2g4a	chr1	-	0	0		0		0		no
ENSMUST00000035065.8|ENSMUSG00000032487|Ptgs2	Ptgs2	chr1	+	0	0		0		0		no
ENSMUST00000094477.3|ENSMUSG00000006010|Odr4	Odr4	chr1	-	0	0		0		0		no
ENSMUST00000006171.15|ENSMUSG00000006014|Prg4	Prg4	chr1	-	0	0		0		0		no
ENSMUST00000074783.11|ENSMUSG00000066842|Hmcn1	Hmcn1	chr1	-	0	0		0		0		no
ENSMUST00000186745.1|ENSMUSG00000023150|Ivns1abp	Ivns1abp	chr1	+	0	0		0		0		no
ENSMUST00000111883.8|ENSMUSG00000052748|Swt1	Swt1	chr1	-	0	0		0		0		no
ENSMUST00000189655.1|ENSMUSG00000053286|Trmt1l	Trmt1l	chr1	+	0	0		0		0		no
ENSMUST00000187048.6|ENSMUSG00000026484|Rnf2	Rnf2	chr1	-	0	0		0		0		no
ENSMUST00000097541.9|ENSMUSG00000026483|Fam129a	Fam129a	chr1	+	0	0		0		0		no
ENSMUST00000059498.11|ENSMUSG00000043019|Edem3	Edem3	chr1	+	0	0		0		0		no
ENSMUST00000015124.14|ENSMUSG00000014980|Tsen15	Tsen15	chr1	-	0	0		0		0		no
ENSMUST00000077755.10|ENSMUSG00000008475|Arpc5	Arpc5	chr1	+	0	0		0		0		no
ENSMUST00000186568.6|ENSMUSG00000026480|Ncf2	Ncf2	chr1	+	0	0		0		0		no
ENSMUST00000073441.12|ENSMUSG00000042772|Smg7	Smg7	chr1	-	0	0		0		0		no
ENSMUST00000163011.1|ENSMUSG00000026478|Lamc1	Lamc1	chr1	-	0	0		0		0		no
ENSMUST00000041874.8|ENSMUSG00000042684|Npl	Npl	chr1	-	0	0		0		0		no
ENSMUST00000041776.11|ENSMUSG00000042671|Rgs8	Rgs8	chr1	+	0	0		0		0		no
ENSMUST00000027748.7|ENSMUSG00000026475|Rgs16	Rgs16	chr1	+	0	0		0		0		no
ENSMUST00000086199.11|ENSMUSG00000026473|Glul	Glul	chr1	+	2	1	0.0001281775062342	100	chr1:153909300-153909350(fdr=5.43e-02);chr1:153909500-153909550(fdr=1.28e-04)	2	chr1:153908300-153908350(fdr=5.74e-03);chr1:153908400-153908450(fdr=4.43e-06)	yes
ENSMUST00000055322.5|ENSMUSG00000056708|Ier5	Ier5	chr1	-	0	0		0		0		no
ENSMUST00000194612.5|ENSMUSG00000026471|Mr1	Mr1	chr1	-	0	0		0		0		no
ENSMUST00000186156.6|ENSMUSG00000033722|BC034090	BC034090	chr1	-	0	0		0		0		no
ENSMUST00000035560.8|ENSMUSG00000033701|Acbd6	Acbd6	chr1	+	0	0		0		0		no
ENSMUST00000035325.14|ENSMUSG00000033684|Qsox1	Qsox1	chr1	-	0	0		0		0		no
ENSMUST00000111757.9|ENSMUSG00000050565|Tor1aip2	Tor1aip2	chr1	+	0	0		0		0		no
ENSMUST00000015628.3|ENSMUSG00000015484|Fam163a	Fam163a	chr1	-	0	0		0		0		no
ENSMUST00000189661.6|ENSMUSG00000026600|Soat1	Soat1	chr1	-	0	0		0		0		no
ENSMUST00000122424.7|ENSMUSG00000033557|Fam20b	Fam20b	chr1	-	0	0		0		0		no
ENSMUST00000194220.1|ENSMUSG00000033488|Cryzl2	Cryzl2	chr1	+	0	0		0		0		no
ENSMUST00000195554.5|ENSMUSG00000040782|Cop1	Cop1	chr1	+	0	0		0		0		no
ENSMUST00000163892.7|ENSMUSG00000090394|4930523C07Rik	4930523C07Rik	chr1	+	0	0		0		0		no
ENSMUST00000078878.13|ENSMUSG00000058267|Mrps14	Mrps14	chr1	+	0	0		0		0		no
ENSMUST00000014370.10|ENSMUSG00000014226|Cacybp	Cacybp	chr1	-	0	0		0		0		no
ENSMUST00000035430.3|ENSMUSG00000026709|Dars2	Dars2	chr1	-	0	0		0		0		no
ENSMUST00000143486.6|ENSMUSG00000026708|Cenpl	Cenpl	chr1	+	0	0		0		0		no
ENSMUST00000111611.7|ENSMUSG00000026705|Klhl20	Klhl20	chr1	-	0	0		0		0		no
ENSMUST00000150721.3|ENSMUSG00000044835|Ankrd45	Ankrd45	chr1	+	0	0		0		0		no
ENSMUST00000192639.5|ENSMUSG00000026701|Prdx6	Prdx6	chr1	-	0	0		0		0		no
ENSMUST00000048377.10|ENSMUSG00000040297|Suco	Suco	chr1	-	0	0		0		0		no
ENSMUST00000111594.2|ENSMUSG00000026698|Pigc	Pigc	chr1	+	0	0		0		0		no
ENSMUST00000159817.8|ENSMUSG00000026694|Eef1aknmt	Eef1aknmt	chr1	-	0	0		0		0		no
ENSMUST00000194810.5|ENSMUSG00000026696|Vamp4	Vamp4	chr1	+	0	0		0		0		no
ENSMUST00000111518.2|ENSMUSG00000040181|Fmo1	Fmo1	chr1	-	0	0		0		0		no
ENSMUST00000045902.12|ENSMUSG00000040170|Fmo2	Fmo2	chr1	-	0	0		0		0		no
ENSMUST00000075805.12|ENSMUSG00000026586|Prrx1	Prrx1	chr1	-	0	0		0		0		no
ENSMUST00000186402.1|ENSMUSG00000040124|Gorab	Gorab	chr1	-	0	0		0		0		no
ENSMUST00000162234.1|ENSMUSG00000026584|Scyl3	Scyl3	chr1	+	0	0		0		0		no
ENSMUST00000044021.11|ENSMUSG00000040918|Slc19a2	Slc19a2	chr1	+	0	0		0		0		no
ENSMUST00000027866.10|ENSMUSG00000026577|Blzf1	Blzf1	chr1	-	0	0		0		0		no
ENSMUST00000193808.5|ENSMUSG00000026575|Nme7	Nme7	chr1	+	0	0		0		0		no
ENSMUST00000027863.12|ENSMUSG00000026576|Atp1b1	Atp1b1	chr1	-	0	0		0		0		no
ENSMUST00000192185.5|ENSMUSG00000040848|Sft2d2	Sft2d2	chr1	-	0	0		0		0		no
ENSMUST00000027856.12|ENSMUSG00000026571|Dcaf6	Dcaf6	chr1	-	0	0		0		0		no
ENSMUST00000193575.1|ENSMUSG00000026568|Mpc2	Mpc2	chr1	+	0	0		0		0		no
ENSMUST00000097474.8|ENSMUSG00000040723|Rcsd1	Rcsd1	chr1	-	0	0		0		0		no
ENSMUST00000111427.8|ENSMUSG00000026565|Pou2f1	Pou2f1	chr1	-	0	0		0		0		no
ENSMUST00000111416.6|ENSMUSG00000040612|Ildr2	Ildr2	chr1	+	0	0		0		0		no
ENSMUST00000135673.7|ENSMUSG00000040596|Pogk	Pogk	chr1	-	0	0		0		0		no
ENSMUST00000165874.7|ENSMUSG00000060568|Fam78b	Fam78b	chr1	+	0	0		0		0		no
ENSMUST00000097473.9|ENSMUSG00000052428|Tmco1	Tmco1	chr1	+	0	0		0		0		no
ENSMUST00000028004.10|ENSMUSG00000026687|Aldh9a1	Aldh9a1	chr1	+	0	0		0		0		no
ENSMUST00000028005.2|ENSMUSG00000026688|Mgst3	Mgst3	chr1	-	0	0		0		0		no
ENSMUST00000015987.9|ENSMUSG00000015843|Rxrg	Rxrg	chr1	+	0	0		0		0		no
ENSMUST00000188912.6|ENSMUSG00000052534|Pbx1	Pbx1	chr1	-	0	0		0		0		no
ENSMUST00000111368.7|ENSMUSG00000026683|Nuf2	Nuf2	chr1	-	0	0		0		0		no
ENSMUST00000027997.8|ENSMUSG00000026678|Rgs5	Rgs5	chr1	+	0	0		0		0		no
ENSMUST00000027991.11|ENSMUSG00000038530|Rgs4	Rgs4	chr1	-	0	0		0		0		no
ENSMUST00000094348.3|ENSMUSG00000070532|Ccdc190	Ccdc190	chr1	+	0	0		0		0		no
ENSMUST00000027989.12|ENSMUSG00000026675|Hsd17b7	Hsd17b7	chr1	-	0	0		0		0		no
ENSMUST00000194690.5|ENSMUSG00000026674|Ddr2	Ddr2	chr1	-	0	0		0		0		no
ENSMUST00000111350.9|ENSMUSG00000026670|Uap1	Uap1	chr1	-	0	0		0		0		no
ENSMUST00000123399.1|ENSMUSG00000026667|Uhmk1	Uhmk1	chr1	-	0	0		0		0		no
ENSMUST00000179801.2|ENSMUSG00000102752|Gm7694	Gm7694	chr1	-	0	0		0		0		no
ENSMUST00000160456.7|ENSMUSG00000038473|Nos1ap	Nos1ap	chr1	-	0	0		0		0		no
ENSMUST00000046792.8|ENSMUSG00000038463|Olfml2b	Olfml2b	chr1	+	0	0		0		0		no
ENSMUST00000027974.6|ENSMUSG00000026663|Atf6	Atf6	chr1	-	0	0		0		0		no
ENSMUST00000170420.7|ENSMUSG00000026659|Dusp12	Dusp12	chr1	-	0	0		0		0		no
ENSMUST00000027966.13|ENSMUSG00000026656|Fcgr2b	Fcgr2b	chr1	-	0	0		0		0		no
ENSMUST00000078825.4|ENSMUSG00000059089|Fcgr4	Fcgr4	chr1	+	0	0		0		0		no
ENSMUST00000164044.7|ENSMUSG00000059498|Fcgr3	Fcgr3	chr1	-	0	0		0		0		no
ENSMUST00000111336.9|ENSMUSG00000058076|Sdhc	Sdhc	chr1	-	0	0		0		0		no
ENSMUST00000111332.1|ENSMUSG00000038370|Pcp4l1	Pcp4l1	chr1	-	0	0		0		0		no
ENSMUST00000005817.8|ENSMUSG00000005674|Tomm40l	Tomm40l	chr1	-	0	0		0		0		no
ENSMUST00000193973.1|ENSMUSG00000058715|Fcer1g	Fcer1g	chr1	-	0	0		0		0		no
ENSMUST00000013737.12|ENSMUSG00000013593|Ndufs2	Ndufs2	chr1	-	0	0		0		0		no
ENSMUST00000111315.8|ENSMUSG00000006403|Adamts4	Adamts4	chr1	+	0	0		0		0		no
ENSMUST00000111313.9|ENSMUSG00000052423|B4galt3	B4galt3	chr1	+	0	0		0		0		no
ENSMUST00000149187.7|ENSMUSG00000053483|Usp21	Usp21	chr1	-	0	0		0		0		no
ENSMUST00000111300.7|ENSMUSG00000013973|Dedd	Dedd	chr1	+	0	0		0		0		no
ENSMUST00000111289.7|ENSMUSG00000013997|Nit1	Nit1	chr1	-	0	0		0		0		no
ENSMUST00000135941.7|ENSMUSG00000006412|Pfdn2	Pfdn2	chr1	+	0	0		0		0		no
ENSMUST00000061878.4|ENSMUSG00000045259|Klhdc9	Klhdc9	chr1	-	0	0		0		0		no
ENSMUST00000056449.8|ENSMUSG00000048865|Arhgap30	Arhgap30	chr1	+	0	0		0		0		no
ENSMUST00000001284.12|ENSMUSG00000026641|Usf1	Usf1	chr1	+	0	0		0		0		no
ENSMUST00000043839.4|ENSMUSG00000038235|F11r	F11r	chr1	+	0	0		0		0		no
ENSMUST00000081527.1|ENSMUSG00000060244|Alyref2	Alyref2	chr1	+	0	0		0		0		no
ENSMUST00000015499.13|ENSMUSG00000015355|Cd48	Cd48	chr1	+	0	0		0		0		no
ENSMUST00000027837.12|ENSMUSG00000026556|Vangl2	Vangl2	chr1	-	0	0		0		0		no
ENSMUST00000111252.3|ENSMUSG00000003464|Pex19	Pex19	chr1	+	0	0		0		0		no
ENSMUST00000193638.5|ENSMUSG00000026554|Dcaf8	Dcaf8	chr1	+	0	0		0		0		no
ENSMUST00000013842.11|ENSMUSG00000013698|Pea15a	Pea15a	chr1	-	3	3	1.14687118121538e-07	150	chr1:172196800-172196850(fdr=1.15e-07);chr1:172196850-172196900(fdr=1.41e-03);chr1:172196950-172197000(fdr=3.58e-02)	2	chr1:172197850-172197900(fdr=2.48e-03);chr1:172198450-172198500(fdr=1.71e-05)	yes
ENSMUST00000139528.7|ENSMUSG00000038034|Igsf8	Igsf8	chr1	+	0	0		0		0		no
ENSMUST00000085913.10|ENSMUSG00000007097|Atp1a2	Atp1a2	chr1	-	0	0		0		0		no
ENSMUST00000062387.7|ENSMUSG00000038026|Kcnj9	Kcnj9	chr1	-	0	0		0		0		no
ENSMUST00000056136.3|ENSMUSG00000044708|Kcnj10	Kcnj10	chr1	+	0	0		0		0		no
ENSMUST00000052455.3|ENSMUSG00000050229|Pigm	Pigm	chr1	+	0	0		0		0		no
ENSMUST00000027830.4|ENSMUSG00000026548|Slamf9	Slamf9	chr1	+	0	0		0		0		no
ENSMUST00000111230.7|ENSMUSG00000026547|Tagln2	Tagln2	chr1	+	0	0		0		0		no
ENSMUST00000065679.7|ENSMUSG00000053318|Slamf8	Slamf8	chr1	-	0	0		0		0		no
ENSMUST00000027826.6|ENSMUSG00000026544|Dusp23	Dusp23	chr1	-	0	0		0		0		no
ENSMUST00000194046.1|ENSMUSG00000037872|Ackr1	Ackr1	chr1	-	0	0		0		0		no
ENSMUST00000042610.14|ENSMUSG00000073490|Ifi207	Ifi207	chr1	-	0	0		0		0		no
ENSMUST00000111214.3|ENSMUSG00000073489|Ifi204	Ifi204	chr1	-	0	0		0		0		no
ENSMUST00000009340.9|ENSMUSG00000026536|Ifi211	Ifi211	chr1	-	0	0		0		0		no
ENSMUST00000042228.14|ENSMUSG00000039997|Ifi203	Ifi203	chr1	-	0	0		0		0		no
ENSMUST00000059226.6|ENSMUSG00000054203|Ifi205	Ifi205	chr1	-	0	0		0		0		no
ENSMUST00000030039.12|ENSMUSG00000028354|Fmn2	Fmn2	chr1	+	0	0		0		0		no
ENSMUST00000027809.7|ENSMUSG00000026525|Opn3	Opn3	chr1	-	0	0		0		0		no
ENSMUST00000195433.5|ENSMUSG00000057335|Cep170	Cep170	chr1	-	0	0		0		0		no
ENSMUST00000111160.8|ENSMUSG00000019699|Akt3	Akt3	chr1	-	0	0		0		0		no
ENSMUST00000193480.1|ENSMUSG00000063659|Zbtb18	Zbtb18	chr1	+	0	0		0		0		no
ENSMUST00000016105.8|ENSMUSG00000015961|Adss	Adss	chr1	-	0	0		0		0		no
ENSMUST00000027783.13|ENSMUSG00000026502|Desi2	Desi2	chr1	+	0	0		0		0		no
ENSMUST00000189450.1|ENSMUSG00000039630|Hnrnpu	Hnrnpu	chr1	-	0	0		0		0		no
ENSMUST00000027775.8|ENSMUSG00000026495|Efcab2	Efcab2	chr1	+	0	0		0		0		no
ENSMUST00000128302.7|ENSMUSG00000055067|Smyd3	Smyd3	chr1	-	0	0		0		0		no
ENSMUST00000027769.5|ENSMUSG00000026492|Tfb2m	Tfb2m	chr1	-	0	0		0		0		no
ENSMUST00000040706.8|ENSMUSG00000038949|Cnst	Cnst	chr1	+	0	0		0		0		no
ENSMUST00000134287.1|ENSMUSG00000038936|Sccpdh	Sccpdh	chr1	+	0	0		0		0		no
ENSMUST00000127250.1|ENSMUSG00000026491|Ahctf1	Ahctf1	chr1	-	0	0		0		0		no
ENSMUST00000134959.7|ENSMUSG00000026490|Cdc42bpa	Cdc42bpa	chr1	+	0	0		0		0		no
ENSMUST00000161632.2|ENSMUSG00000026489|Coq8a	Coq8a	chr1	-	0	0		0		0		no
ENSMUST00000111106.7|ENSMUSG00000010609|Psen2	Psen2	chr1	-	0	0		0		0		no
ENSMUST00000136521.1|ENSMUSG00000053963|Stum	Stum	chr1	-	0	0		0		0		no
ENSMUST00000194608.1|ENSMUSG00000026496|Parp1	Parp1	chr1	+	0	0		0		0		no
ENSMUST00000027780.5|ENSMUSG00000026499|Acbd3	Acbd3	chr1	+	0	0		0		0		no
ENSMUST00000161308.7|ENSMUSG00000060743|H3f3a	H3f3a	chr1	-	0	0		0		0		no
ENSMUST00000038091.7|ENSMUSG00000038806|Sde2	Sde2	chr1	+	0	0		0		0		no
ENSMUST00000027802.8|ENSMUSG00000026520|Pycr2	Pycr2	chr1	+	0	0		0		0		no
ENSMUST00000037361.8|ENSMUSG00000038793|Lefty1	Lefty1	chr1	+	0	0		0		0		no
ENSMUST00000036928.11|ENSMUSG00000038776|Ephx1	Ephx1	chr1	-	0	0		0		0		no
ENSMUST00000027797.8|ENSMUSG00000026516|Nvl	Nvl	chr1	-	0	0		0		0		no
ENSMUST00000134115.7|ENSMUSG00000062169|Cnih4	Cnih4	chr1	+	0	0		0		0		no
ENSMUST00000036329.11|ENSMUSG00000038733|Wdr26	Wdr26	chr1	-	0	0		0		0		no
ENSMUST00000027795.13|ENSMUSG00000026514|Cnih3	Cnih3	chr1	+	0	0		0		0		no
ENSMUST00000005003.11|ENSMUSG00000004880|Lbr	Lbr	chr1	-	0	0		0		0		no
ENSMUST00000193703.5|ENSMUSG00000022995|Enah	Enah	chr1	-	0	0		0		0		no
ENSMUST00000027792.5|ENSMUSG00000026511|Srp9	Srp9	chr1	+	0	0		0		0		no
ENSMUST00000035295.5|ENSMUSG00000038633|Degs1	Degs1	chr1	-	0	0		0		0		no
ENSMUST00000051431.9|ENSMUSG00000047539|Fbxo28	Fbxo28	chr1	-	0	0		0		0		no
ENSMUST00000117245.1|ENSMUSG00000026510|Trp53bp2	Trp53bp2	chr1	+	0	0		0		0		no
ENSMUST00000068505.9|ENSMUSG00000026509|Capn2	Capn2	chr1	-	0	0		0		0		no
ENSMUST00000085724.4|ENSMUSG00000038576|Susd4	Susd4	chr1	+	0	0		0		0		no
ENSMUST00000194327.5|ENSMUSG00000046836|Brox	Brox	chr1	-	0	0		0		0		no
ENSMUST00000109158.8|ENSMUSG00000056050|Mia3	Mia3	chr1	-	0	0		0		0		no
ENSMUST00000195798.1|ENSMUSG00000072258|Taf1a	Taf1a	chr1	+	0	0		0		0		no
ENSMUST00000048655.7|ENSMUSG00000039384|Dusp10	Dusp10	chr1	+	0	0		0		0		no
ENSMUST00000048572.6|ENSMUSG00000039377|Hlx	Hlx	chr1	-	0	0		0		0		no
ENSMUST00000048462.12|ENSMUSG00000026621|Mtarc1	Mtarc1	chr1	-	0	0		0		0		no
ENSMUST00000068725.9|ENSMUSG00000073481|Mtarc2	Mtarc2	chr1	-	0	0		0		0		no
ENSMUST00000048308.5|ENSMUSG00000039349|C130074G19Rik	C130074G19Rik	chr1	-	0	0		0		0		no
ENSMUST00000027929.9|ENSMUSG00000026620|Mark1	Mark1	chr1	-	0	0		0		0		no
ENSMUST00000069652.7|ENSMUSG00000039318|Rab3gap2	Rab3gap2	chr1	+	0	0		0		0		no
ENSMUST00000027921.10|ENSMUSG00000026618|Iars2	Iars2	chr1	-	0	0		0		0		no
ENSMUST00000027916.12|ENSMUSG00000026617|Bpnt1	Bpnt1	chr1	+	0	0		0		0		no
ENSMUST00000191900.5|ENSMUSG00000026615|Eprs	Eprs	chr1	+	0	0		0		0		no
ENSMUST00000238677.1|ENSMUSG00000026614|Slc30a10	Slc30a10	chr1	+	0	0		0		0		no
ENSMUST00000045388.7|ENSMUSG00000039246|Lyplal1	Lyplal1	chr1	-	0	0		0		0		no
ENSMUST00000045288.13|ENSMUSG00000039239|Tgfb2	Tgfb2	chr1	-	0	0		0		0		no
ENSMUST00000180044.7|ENSMUSG00000037624|Kcnk2	Kcnk2	chr1	-	0	0		0		0		no
ENSMUST00000027897.7|ENSMUSG00000026603|Smyd2	Smyd2	chr1	-	0	0		0		0		no
ENSMUST00000123384.7|ENSMUSG00000026634|Angel2	Angel2	chr1	+	0	0		0		0		no
ENSMUST00000166139.6|ENSMUSG00000037568|Vash2	Vash2	chr1	-	0	0		0		0		no
ENSMUST00000192666.1|ENSMUSG00000066595|Flvcr1	Flvcr1	chr1	-	0	0		0		0		no
ENSMUST00000085633.11|ENSMUSG00000026632|Tatdn3	Tatdn3	chr1	-	0	0		0		0		no
ENSMUST00000027943.5|ENSMUSG00000026630|Batf3	Batf3	chr1	+	0	0		0		0		no
ENSMUST00000027941.13|ENSMUSG00000026628|Atf3	Atf3	chr1	-	0	0		0		0		no
ENSMUST00000027940.5|ENSMUSG00000026627|Pacc1	Pacc1	chr1	+	0	0		0		0		no
ENSMUST00000194877.5|ENSMUSG00000037461|Ints7	Ints7	chr1	+	0	0		0		0		no
ENSMUST00000110855.7|ENSMUSG00000026623|Lpgat1	Lpgat1	chr1	+	0	0		0		0		no
ENSMUST00000027931.7|ENSMUSG00000026622|Nek2	Nek2	chr1	+	0	0		0		0		no
ENSMUST00000044954.6|ENSMUSG00000037434|Slc30a1	Slc30a1	chr1	+	0	0		0		0		no
ENSMUST00000192628.1|ENSMUSG00000026637|Traf5	Traf5	chr1	-	0	0		0		0		no
ENSMUST00000151152.2|ENSMUSG00000058248|Kcnh1	Kcnh1	chr1	+	0	0		0		0		no
ENSMUST00000044190.11|ENSMUSG00000037375|Hhat	Hhat	chr1	-	0	0		0		0		no
ENSMUST00000155579.7|ENSMUSG00000016262|Sertad4	Sertad4	chr1	-	0	0		0		0		no
ENSMUST00000160822.2|ENSMUSG00000079144|A130010J15Rik	A130010J15Rik	chr1	+	0	0		0		0		no
ENSMUST00000016338.14|ENSMUSG00000016194|Hsd11b1	Hsd11b1	chr1	-	0	0		0		0		no
ENSMUST00000009777.3|ENSMUSG00000009633|G0s2	G0s2	chr1	-	0	0		0		0		no
ENSMUST00000194036.1|ENSMUSG00000016494|Cd34	Cd34	chr1	+	0	0		0		0		no
ENSMUST00000193094.5|ENSMUSG00000016481|Cr1l	Cr1l	chr1	-	0	0		0		0		no
ENSMUST00000091505.10|ENSMUSG00000050530|Fam171a1	Fam171a1	chr2	+	0	0		0		0		no
ENSMUST00000081932.12|ENSMUSG00000026643|Nmt2	Nmt2	chr2	+	0	0		0		0		no
ENSMUST00000127540.1|ENSMUSG00000026646|Suv39h2	Suv39h2	chr2	-	0	0		0		0		no
ENSMUST00000226435.1|ENSMUSG00000026655|Fam107b	Fam107b	chr2	+	0	0		0		0		no
ENSMUST00000176803.7|ENSMUSG00000026657|Frmd4a	Frmd4a	chr2	+	0	0		0		0		no
ENSMUST00000035721.13|ENSMUSG00000039449|Prpf18	Prpf18	chr2	-	0	0		0		0		no
ENSMUST00000056914.6|ENSMUSG00000048186|Bend7	Bend7	chr2	+	0	0		0		0		no
ENSMUST00000027973.13|ENSMUSG00000026662|Sephs1	Sephs1	chr2	+	0	0		0		0		no
ENSMUST00000027975.7|ENSMUSG00000026664|Phyh	Phyh	chr2	+	0	0		0		0		no
ENSMUST00000114996.7|ENSMUSG00000026672|Optn	Optn	chr2	-	0	0		0		0		no
ENSMUST00000027988.7|ENSMUSG00000026676|Ccdc3	Ccdc3	chr2	+	0	0		0		0		no
ENSMUST00000044009.13|ENSMUSG00000039145|Camk1d	Camk1d	chr2	-	0	0		0		0		no
ENSMUST00000043864.8|ENSMUSG00000039128|Cdc123	Cdc123	chr2	-	0	0		0		0		no
ENSMUST00000026927.9|ENSMUSG00000025817|Nudt5	Nudt5	chr2	+	0	0		0		0		no
ENSMUST00000060092.12|ENSMUSG00000043241|Upf2	Upf2	chr2	+	0	0		0		0		no
ENSMUST00000114942.8|ENSMUSG00000045319|Proser2	Proser2	chr2	-	0	0		0		0		no
ENSMUST00000042658.4|ENSMUSG00000039063|Echdc3	Echdc3	chr2	-	0	0		0		0		no
ENSMUST00000114937.7|ENSMUSG00000039046|Usp6nl	Usp6nl	chr2	+	0	0		0		0		no
ENSMUST00000002176.12|ENSMUSG00000002107|Celf2	Celf2	chr2	-	0	0		0		0		no
ENSMUST00000026888.10|ENSMUSG00000025782|Taf3	Taf3	chr2	-	0	0		0		0		no
ENSMUST00000114896.7|ENSMUSG00000025781|Atp5c1	Atp5c1	chr2	-	0	0		0		0		no
ENSMUST00000042512.7|ENSMUSG00000037262|Kin	Kin	chr2	+	0	0		0		0		no
ENSMUST00000026886.7|ENSMUSG00000025780|Itih5	Itih5	chr2	+	0	0		0		0		no
ENSMUST00000028118.8|ENSMUSG00000026778|Prkcq	Prkcq	chr2	+	0	0		0		0		no
ENSMUST00000195779.5|ENSMUSG00000026773|Pfkfb3	Pfkfb3	chr2	-	0	0		0		0		no
ENSMUST00000148748.7|ENSMUSG00000023206|Il15ra	Il15ra	chr2	+	0	0		0		0		no
ENSMUST00000071564.13|ENSMUSG00000058594|Fbh1	Fbh1	chr2	-	0	0		0		0		no
ENSMUST00000156067.7|ENSMUSG00000047909|Ankrd16	Ankrd16	chr2	+	0	0		0		0		no
ENSMUST00000129489.7|ENSMUSG00000026767|Mindy3	Mindy3	chr2	-	0	0		0		0		no
ENSMUST00000134794.7|ENSMUSG00000026730|Pter	Pter	chr2	+	0	0		0		0		no
ENSMUST00000061545.6|ENSMUSG00000049630|C1ql3	C1ql3	chr2	-	0	0		0		0		no
ENSMUST00000193675.1|ENSMUSG00000026728|Vim	Vim	chr2	+	0	0		0		0		no
ENSMUST00000003509.9|ENSMUSG00000003418|St8sia6	St8sia6	chr2	-	0	0		0		0		no
ENSMUST00000131730.6|ENSMUSG00000063275|Hacd1	Hacd1	chr2	-	0	0		0		0		no
ENSMUST00000193636.5|ENSMUSG00000026718|Stam	Stam	chr2	+	0	0		0		0		no
ENSMUST00000082290.7|ENSMUSG00000036949|Slc39a12	Slc39a12	chr2	+	0	0		0		0		no
ENSMUST00000114713.1|ENSMUSG00000026707|Nsun6	Nsun6	chr2	-	0	0		0		0		no
ENSMUST00000129509.2|ENSMUSG00000017418|Arl5b	Arl5b	chr2	+	0	0		0		0		no
ENSMUST00000028081.12|ENSMUSG00000026748|Plxdc2	Plxdc2	chr2	+	0	0		0		0		no
ENSMUST00000028080.11|ENSMUSG00000053702|Nebl	Nebl	chr2	-	0	0		0		0		no
ENSMUST00000066163.2|ENSMUSG00000054057|A930004D18Rik	A930004D18Rik	chr2	-	0	0		0		0		no
ENSMUST00000114671.7|ENSMUSG00000026743|Mllt10	Mllt10	chr2	+	0	0		0		0		no
ENSMUST00000163130.7|ENSMUSG00000026740|Dnajc1	Dnajc1	chr2	-	0	0		0		0		no
ENSMUST00000061158.4|ENSMUSG00000051154|Commd3	Commd3	chr2	+	0	0		0		0		no
ENSMUST00000028071.12|ENSMUSG00000026739|Bmi1	Bmi1	chr2	+	0	0		0		0		no
ENSMUST00000006912.11|ENSMUSG00000026737|Pip4k2a	Pip4k2a	chr2	-	0	0		0		0		no
ENSMUST00000023856.8|ENSMUSG00000023094|Msrb2	Msrb2	chr2	+	0	0		0		0		no
ENSMUST00000052168.5|ENSMUSG00000043415|Otud1	Otud1	chr2	+	0	0		0		0		no
ENSMUST00000054591.9|ENSMUSG00000048550|Thnsl1	Thnsl1	chr2	+	0	0		0		0		no
ENSMUST00000028123.3|ENSMUSG00000026787|Gad2	Gad2	chr2	+	0	0		0		0		no
ENSMUST00000126112.7|ENSMUSG00000058835|Abi1	Abi1	chr2	-	0	0		0		0		no
ENSMUST00000228050.1|ENSMUSG00000026781|Acbd5	Acbd5	chr2	+	0	0		0		0		no
ENSMUST00000028117.3|ENSMUSG00000026775|Yme1l1	Yme1l1	chr2	+	0	0		0		0		no
ENSMUST00000051416.11|ENSMUSG00000026986|Hnmt	Hnmt	chr2	-	0	0		0		0		no
ENSMUST00000114487.8|ENSMUSG00000026981|Il1rn	Il1rn	chr2	+	0	0		0		0		no
ENSMUST00000102942.7|ENSMUSG00000026979|Psd4	Psd4	chr2	+	0	0		0		0		no
ENSMUST00000200655.4|ENSMUSG00000036893|Ehmt1	Ehmt1	chr2	-	0	0		0		0		no
ENSMUST00000144963.7|ENSMUSG00000026972|Arrdc1	Arrdc1	chr2	-	0	0		0		0		no
ENSMUST00000028350.8|ENSMUSG00000026974|Zmynd19	Zmynd19	chr2	+	0	0		0		0		no
ENSMUST00000144520.7|ENSMUSG00000006476|Nsmf	Nsmf	chr2	+	0	0		0		0		no
ENSMUST00000104999.3|ENSMUSG00000078202|Nrarp	Nrarp	chr2	+	0	0		0		0		no
ENSMUST00000081869.6|ENSMUSG00000059555|Tor4a	Tor4a	chr2	-	0	0		0		0		no
ENSMUST00000059849.14|ENSMUSG00000013465|Nelfb	Nelfb	chr2	-	0	0		0		0		no
ENSMUST00000228627.2|ENSMUSG00000115018|Ndor1	Ndor1	chr2	-	0	0		0		0		no
ENSMUST00000148589.8|ENSMUSG00000006471|Ndor1	Ndor1	chr2	-	0	0		0		0		no
ENSMUST00000228052.1|ENSMUSG00000115074|Ndor1	Ndor1	chr2	-	0	0		0		0		no
ENSMUST00000104998.4|ENSMUSG00000078201|Tmem203	Tmem203	chr2	+	0	0		0		0		no
ENSMUST00000114336.3|ENSMUSG00000048707|Tprn	Tprn	chr2	+	0	0		0		0		no
ENSMUST00000028342.6|ENSMUSG00000026966|Ssna1	Ssna1	chr2	-	0	0		0		0		no
ENSMUST00000028341.10|ENSMUSG00000026965|Anapc2	Anapc2	chr2	+	0	0		0		0		no
ENSMUST00000042390.4|ENSMUSG00000036646|Man1b1	Man1b1	chr2	+	0	0		0		0		no
ENSMUST00000102925.3|ENSMUSG00000026956|Uap1l1	Uap1l1	chr2	-	0	0		0		0		no
ENSMUST00000028328.2|ENSMUSG00000015085|Entpd2	Entpd2	chr2	+	0	0		0		0		no
ENSMUST00000071442.11|ENSMUSG00000015094|Npdc1	Npdc1	chr2	+	0	0		0		0		no
ENSMUST00000102919.3|ENSMUSG00000026944|Abca2	Abca2	chr2	+	0	0		0		0		no
ENSMUST00000114259.2|ENSMUSG00000015090|Ptgds	Ptgds	chr2	-	0	0		0		0		no
ENSMUST00000015239.9|ENSMUSG00000015095|Fbxw5	Fbxw5	chr2	+	0	0		0		0		no
ENSMUST00000028311.12|ENSMUSG00000026942|Traf2	Traf2	chr2	-	0	0		0		0		no
ENSMUST00000114217.2|ENSMUSG00000029419|Ajm1	Ajm1	chr2	-	0	0		0		0		no
ENSMUST00000058137.8|ENSMUSG00000015087|Rabl6	Rabl6	chr2	-	0	0		0		0		no
ENSMUST00000028308.10|ENSMUSG00000026939|Tmem141	Tmem141	chr2	-	0	0		0		0		no
ENSMUST00000061483.8|ENSMUSG00000049086|Bmyc	Bmyc	chr2	+	0	0		0		0		no
ENSMUST00000143977.7|ENSMUSG00000026933|Camsap1	Camsap1	chr2	-	0	0		0		0		no
ENSMUST00000036509.13|ENSMUSG00000036352|Ubac1	Ubac1	chr2	-	0	0		0		0		no
ENSMUST00000114159.8|ENSMUSG00000026932|Nacc2	Nacc2	chr2	-	0	0		0		0		no
ENSMUST00000091263.11|ENSMUSG00000036327|Qsox2	Qsox2	chr2	-	0	0		0		0		no
ENSMUST00000066936.8|ENSMUSG00000026930|Gpsm1	Gpsm1	chr2	+	0	0		0		0		no
ENSMUST00000028295.8|ENSMUSG00000075467|Dnlz	Dnlz	chr2	-	0	0		0		0		no
ENSMUST00000114100.9|ENSMUSG00000026927|Entr1	Entr1	chr2	-	0	0		0		0		no
ENSMUST00000076431.12|ENSMUSG00000026926|Pmpca	Pmpca	chr2	+	0	0		0		0		no
ENSMUST00000145701.7|ENSMUSG00000026925|Inpp5e	Inpp5e	chr2	-	0	0		0		0		no
ENSMUST00000156442.7|ENSMUSG00000026924|Sec16a	Sec16a	chr2	-	0	0		0		0		no
ENSMUST00000028288.4|ENSMUSG00000026923|Notch1	Notch1	chr2	-	0	0		0		0		no
ENSMUST00000139801.8|ENSMUSG00000026921|Egfl7	Egfl7	chr2	+	0	0		0		0		no
ENSMUST00000028286.11|ENSMUSG00000026922|Agpat2	Agpat2	chr2	-	0	0		0		0		no
ENSMUST00000047632.13|ENSMUSG00000036160|Surf6	Surf6	chr2	-	0	0		0		0		no
ENSMUST00000102899.9|ENSMUSG00000015776|Med22	Med22	chr2	-	0	0		0		0		no
ENSMUST00000167661.6|ENSMUSG00000015790|Surf1	Surf1	chr2	-	0	0		0		0		no
ENSMUST00000015017.7|ENSMUSG00000014873|Surf2	Surf2	chr2	+	0	0		0		0		no
ENSMUST00000153641.7|ENSMUSG00000014867|Surf4	Surf4	chr2	-	0	0		0		0		no
ENSMUST00000064244.10|ENSMUSG00000052406|Rexo4	Rexo4	chr2	-	0	0		0		0		no
ENSMUST00000114006.7|ENSMUSG00000015488|Cacfd1	Cacfd1	chr2	+	0	0		0		0		no
ENSMUST00000102890.10|ENSMUSG00000036067|Slc2a6	Slc2a6	chr2	-	0	0		0		0		no
ENSMUST00000091233.6|ENSMUSG00000036040|Adamtsl2	Adamtsl2	chr2	+	0	0		0		0		no
ENSMUST00000151224.2|ENSMUSG00000009216|Fam163b	Fam163b	chr2	-	0	0		0		0		no
ENSMUST00000102886.9|ENSMUSG00000009614|Sardh	Sardh	chr2	-	0	0		0		0		no
ENSMUST00000185188.7|ENSMUSG00000009621|Vav2	Vav2	chr2	-	0	0		0		0		no
ENSMUST00000209765.1|ENSMUSG00000109946|Brd3os	Brd3os	chr2	+	0	0		0		0		no
ENSMUST00000028282.14|ENSMUSG00000026918|Brd3	Brd3	chr2	-	0	0		0		0		no
ENSMUST00000113952.9|ENSMUSG00000026917|Wdr5	Wdr5	chr2	+	0	0		0		0		no
ENSMUST00000077257.11|ENSMUSG00000015846|Rxra	Rxra	chr2	+	0	0		0		0		no
ENSMUST00000028280.13|ENSMUSG00000026837|Col5a1	Col5a1	chr2	+	0	0		0		0		no
ENSMUST00000100244.9|ENSMUSG00000026833|Olfm1	Olfm1	chr2	+	0	0		0		0		no
ENSMUST00000086370.10|ENSMUSG00000026831|1700007K13Rik	1700007K13Rik	chr2	-	0	0		0		0		no
ENSMUST00000038600.3|ENSMUSG00000035772|Mrps2	Mrps2	chr2	+	0	0		0		0		no
ENSMUST00000137215.2|ENSMUSG00000026821|Ralgds	Ralgds	chr2	+	0	0		0		0		no
ENSMUST00000133565.7|ENSMUSG00000026812|Tsc1	Tsc1	chr2	+	0	0		0		0		no
ENSMUST00000171404.7|ENSMUSG00000035666|Gtf3c4	Gtf3c4	chr2	-	0	0		0		0		no
ENSMUST00000113853.2|ENSMUSG00000026806|Ddx31	Ddx31	chr2	+	0	0		0		0		no
ENSMUST00000100237.3|ENSMUSG00000026803|Ttf1	Ttf1	chr2	+	0	0		0		0		no
ENSMUST00000102872.10|ENSMUSG00000039844|Rapgef1	Rapgef1	chr2	+	0	0		0		0		no
ENSMUST00000156846.7|ENSMUSG00000039826|Trub2	Trub2	chr2	-	0	0		0		0		no
ENSMUST00000143616.7|ENSMUSG00000026798|Coq4	Coq4	chr2	+	0	0		0		0		no
ENSMUST00000080065.2|ENSMUSG00000059316|Slc27a4	Slc27a4	chr2	+	0	0		0		0		no
ENSMUST00000091142.3|ENSMUSG00000069020|Urm1	Urm1	chr2	+	0	0		0		0		no
ENSMUST00000047521.6|ENSMUSG00000039787|Cercam	Cercam	chr2	+	0	0		0		0		no
ENSMUST00000184845.7|ENSMUSG00000026790|Odf2	Odf2	chr2	+	0	0		0		0		no
ENSMUST00000019859.8|ENSMUSG00000019715|Gle1	Gle1	chr2	+	0	0		0		0		no
ENSMUST00000113717.7|ENSMUSG00000057738|Sptan1	Sptan1	chr2	+	0	0		0		0		no
ENSMUST00000102866.9|ENSMUSG00000054766|Set	Set	chr2	+	0	0		0		0		no
ENSMUST00000045246.7|ENSMUSG00000026785|Pkn3	Pkn3	chr2	+	0	0		0		0		no
ENSMUST00000102865.10|ENSMUSG00000015335|Zdhhc12	Zdhhc12	chr2	-	0	0		0		0		no
ENSMUST00000044751.13|ENSMUSG00000039686|Zer1	Zer1	chr2	-	0	0		0		0		no
ENSMUST00000100220.4|ENSMUSG00000039660|Spout1	Spout1	chr2	-	0	0		0		0		no
ENSMUST00000044038.9|ENSMUSG00000039648|Kyat1	Kyat1	chr2	-	0	0		0		0		no
ENSMUST00000100215.10|ENSMUSG00000026860|Sh3glb2	Sh3glb2	chr2	-	0	0		0		0		no
ENSMUST00000077977.13|ENSMUSG00000026858|Miga2	Miga2	chr2	+	0	0		0		0		no
ENSMUST00000065134.3|ENSMUSG00000089762|Ier5l	Ier5l	chr2	-	0	0		0		0		no
ENSMUST00000102853.3|ENSMUSG00000047363|Cstad	Cstad	chr2	+	0	0		0		0		no
ENSMUST00000050003.8|ENSMUSG00000044320|1700001O22Rik	1700001O22Rik	chr2	-	0	0		0		0		no
ENSMUST00000138889.7|ENSMUSG00000026857|Ntmt1	Ntmt1	chr2	+	0	0		0		0		no
ENSMUST00000041659.6|ENSMUSG00000039476|Prrx2	Prrx2	chr2	+	0	0		0		0		no
ENSMUST00000102852.5|ENSMUSG00000050737|Ptges	Ptges	chr2	-	0	0		0		0		no
ENSMUST00000156711.7|ENSMUSG00000026848|Tor1b	Tor1b	chr2	+	0	0		0		0		no
ENSMUST00000028200.8|ENSMUSG00000026849|Tor1a	Tor1a	chr2	-	0	0		0		0		no
ENSMUST00000028205.9|ENSMUSG00000026851|BC005624	BC005624	chr2	-	0	0		0		0		no
ENSMUST00000102849.10|ENSMUSG00000026854|Usp20	Usp20	chr2	+	0	0		0		0		no
ENSMUST00000073879.11|ENSMUSG00000075415|Fnbp1	Fnbp1	chr2	-	0	0		0		0		no
ENSMUST00000056433.6|ENSMUSG00000000194|Gpr107	Gpr107	chr2	+	0	0		0		0		no
ENSMUST00000150670.1|ENSMUSG00000062661|Ncs1	Ncs1	chr2	+	0	0		0		0		no
ENSMUST00000102840.4|ENSMUSG00000076441|Ass1	Ass1	chr2	+	0	0		0		0		no
ENSMUST00000154050.2|ENSMUSG00000026843|Fubp3	Fubp3	chr2	+	0	0		0		0		no
ENSMUST00000028187.6|ENSMUSG00000026840|Lamc3	Lamc3	chr2	+	0	0		0		0		no
ENSMUST00000001920.12|ENSMUSG00000001864|Aif1l	Aif1l	chr2	+	0	0		0		0		no
ENSMUST00000138012.1|ENSMUSG00000001855|Nup214	Nup214	chr2	+	0	0		0		0		no
ENSMUST00000002625.14|ENSMUSG00000002550|Uck1	Uck1	chr2	-	0	0		0		0		no
ENSMUST00000113397.8|ENSMUSG00000044627|Swi5	Swi5	chr2	-	0	0		0		0		no
ENSMUST00000239447.1|ENSMUSG00000002546|Golga2	Golga2	chr2	+	0	0		0		0		no
ENSMUST00000131152.6|ENSMUSG00000039205|Ciz1	Ciz1	chr2	+	0	0		0		0		no
ENSMUST00000146423.1|ENSMUSG00000039195|1110008P14Rik	1110008P14Rik	chr2	-	0	0		0		0		no
ENSMUST00000050785.13|ENSMUSG00000026822|Lcn2	Lcn2	chr2	-	0	0		0		0		no
ENSMUST00000028162.4|ENSMUSG00000026820|Ptges2	Ptges2	chr2	+	0	0		0		0		no
ENSMUST00000052119.13|ENSMUSG00000026819|Slc25a25	Slc25a25	chr2	-	0	0		0		0		no
ENSMUST00000048431.2|ENSMUSG00000039164|Naif1	Naif1	chr2	+	0	0		0		0		no
ENSMUST00000048375.5|ENSMUSG00000039157|Fam102a	Fam102a	chr2	+	0	0		0		0		no
ENSMUST00000102818.10|ENSMUSG00000079442|St6galnac4	St6galnac4	chr2	+	0	0		0		0		no
ENSMUST00000183538.7|ENSMUSG00000026811|St6galnac6	St6galnac6	chr2	+	0	0		0		0		no
ENSMUST00000113278.8|ENSMUSG00000026817|Ak1	Ak1	chr2	+	0	0		0		0		no
ENSMUST00000167841.7|ENSMUSG00000026814|Eng	Eng	chr2	+	0	0		0		0		no
ENSMUST00000146498.7|ENSMUSG00000009566|Fpgs	Fpgs	chr2	-	0	0		0		0		no
ENSMUST00000123170.7|ENSMUSG00000009555|Cdk9	Cdk9	chr2	-	0	0		0		0		no
ENSMUST00000113242.4|ENSMUSG00000059013|Sh2d3c	Sh2d3c	chr2	+	0	0		0		0		no
ENSMUST00000156617.7|ENSMUSG00000009563|Tor2a	Tor2a	chr2	+	0	0		0		0		no
ENSMUST00000066352.5|ENSMUSG00000053746|Ptrh1	Ptrh1	chr2	+	0	0		0		0		no
ENSMUST00000028135.14|ENSMUSG00000026796|Fam129b	Fam129b	chr2	+	0	0		0		0		no
ENSMUST00000102811.9|ENSMUSG00000038900|Rpl12	Rpl12	chr2	+	0	0		0		0		no
ENSMUST00000194066.5|ENSMUSG00000026791|Slc2a8	Slc2a8	chr2	-	0	0		0		0		no
ENSMUST00000131298.6|ENSMUSG00000038831|Ralgps1	Ralgps1	chr2	-	0	0		0		0		no
ENSMUST00000004208.6|ENSMUSG00000004105|Angptl2	Angptl2	chr2	+	0	0		0		0		no
ENSMUST00000095035.2|ENSMUSG00000026788|Zbtb43	Zbtb43	chr2	-	0	0		0		0		no
ENSMUST00000041555.9|ENSMUSG00000038740|Mvb12b	Mvb12b	chr2	-	0	0		0		0		no
ENSMUST00000153278.7|ENSMUSG00000038718|Pbx3	Pbx3	chr2	-	0	0		0		0		no
ENSMUST00000138203.1|ENSMUSG00000026867|Gapvd1	Gapvd1	chr2	-	0	0		0		0		no
ENSMUST00000028222.12|ENSMUSG00000026864|Hspa5	Hspa5	chr2	+	0	0		0		0		no
ENSMUST00000047963.6|ENSMUSG00000070953|Rabepk	Rabepk	chr2	-	0	0		0		0		no
ENSMUST00000028225.11|ENSMUSG00000026869|Psmd5	Psmd5	chr2	-	0	0		0		0		no
ENSMUST00000028228.5|ENSMUSG00000026870|Cutal	Cutal	chr2	+	0	0		0		0		no
ENSMUST00000172159.7|ENSMUSG00000026875|Traf1	Traf1	chr2	-	0	0		0		0		no
ENSMUST00000028238.14|ENSMUSG00000026878|Rab14	Rab14	chr2	-	0	0		0		0		no
ENSMUST00000028239.7|ENSMUSG00000026879|Gsn	Gsn	chr2	+	0	0		0		0		no
ENSMUST00000028241.6|ENSMUSG00000026880|Stom	Stom	chr2	-	0	0		0		0		no
ENSMUST00000079424.10|ENSMUSG00000035778|Ggta1	Ggta1	chr2	-	0	0		0		0		no
ENSMUST00000145698.7|ENSMUSG00000026883|Dab2ip	Dab2ip	chr2	+	0	0		0		0		no
ENSMUST00000161970.7|ENSMUSG00000026885|Ttll11	Ttll11	chr2	-	0	0		0		0		no
ENSMUST00000112961.9|ENSMUSG00000026890|Lhx6	Lhx6	chr2	-	0	0		0		0		no
ENSMUST00000200733.3|ENSMUSG00000026889|Rbm18	Rbm18	chr2	-	0	0		0		0		no
ENSMUST00000028250.8|ENSMUSG00000026887|Mrrf	Mrrf	chr2	+	0	0		0		0		no
ENSMUST00000062069.5|ENSMUSG00000047250|Ptgs1	Ptgs1	chr2	+	0	0		0		0		no
ENSMUST00000125619.6|ENSMUSG00000075376|Rc3h2	Rc3h2	chr2	-	0	0		0		0		no
ENSMUST00000053098.5|ENSMUSG00000066798|Zbtb6	Zbtb6	chr2	-	0	0		0		0		no
ENSMUST00000183690.7|ENSMUSG00000026915|Strbp	Strbp	chr2	-	0	0		0		0		no
ENSMUST00000140552.7|ENSMUSG00000035392|Dennd1a	Dennd1a	chr2	-	0	0		0		0		no
ENSMUST00000054234.9|ENSMUSG00000026749|Nek6	Nek6	chr2	+	0	0		0		0		no
ENSMUST00000057279.5|ENSMUSG00000046618|Olfml2a	Olfml2a	chr2	+	0	0		0		0		no
ENSMUST00000090993.7|ENSMUSG00000026755|Arpc5l	Arpc5l	chr2	+	0	0		0		0		no
ENSMUST00000153914.7|ENSMUSG00000026754|Golga1	Golga1	chr2	-	0	0		0		0		no
ENSMUST00000204257.2|ENSMUSG00000026753|Ppp6c	Ppp6c	chr2	-	0	0		0		0		no
ENSMUST00000176438.8|ENSMUSG00000026872|Zeb2	Zeb2	chr2	-	0	0		0		0		no
ENSMUST00000063886.3|ENSMUSG00000052155|Acvr2a	Acvr2a	chr2	+	0	0		0		0		no
ENSMUST00000028098.10|ENSMUSG00000026761|Orc4	Orc4	chr2	-	0	0		0		0		no
ENSMUST00000092123.10|ENSMUSG00000069495|Epc2	Epc2	chr2	+	0	0		0		0		no
ENSMUST00000028102.13|ENSMUSG00000026764|Kif5c	Kif5c	chr2	+	0	0		0		0		no
ENSMUST00000028103.12|ENSMUSG00000026765|Lypd6b	Lypd6b	chr2	+	0	0		0		0		no
ENSMUST00000112712.9|ENSMUSG00000050447|Lypd6	Lypd6	chr2	+	0	0		0		0		no
ENSMUST00000102769.10|ENSMUSG00000026766|Mmadhc	Mmadhc	chr2	-	0	0		0		0		no
ENSMUST00000102767.7|ENSMUSG00000036249|Rbm43	Rbm43	chr2	-	0	0		0		0		no
ENSMUST00000065927.5|ENSMUSG00000053475|Tnfaip6	Tnfaip6	chr2	+	0	0		0		0		no
ENSMUST00000036541.7|ENSMUSG00000036093|Arl5a	Arl5a	chr2	-	0	0		0		0		no
ENSMUST00000178799.7|ENSMUSG00000017412|Cacnb4	Cacnb4	chr2	-	0	0		0		0		no
ENSMUST00000028336.6|ENSMUSG00000026960|Arl6ip6	Arl6ip6	chr2	+	0	0		0		0		no
ENSMUST00000100089.2|ENSMUSG00000075334|Rprm	Rprm	chr2	-	0	0		0		0		no
ENSMUST00000183542.7|ENSMUSG00000026826|Nr4a2	Nr4a2	chr2	-	0	0		0		0		no
ENSMUST00000169687.7|ENSMUSG00000026827|Gpd2	Gpd2	chr2	+	0	0		0		0		no
ENSMUST00000090940.5|ENSMUSG00000026830|Ermn	Ermn	chr2	-	0	0		0		0		no
ENSMUST00000028175.6|ENSMUSG00000026832|Cytip	Cytip	chr2	-	0	0		0		0		no
ENSMUST00000112599.7|ENSMUSG00000026836|Acvr1	Acvr1	chr2	-	0	0		0		0		no
ENSMUST00000226455.1|ENSMUSG00000036641|Ccdc148	Ccdc148	chr2	-	0	0		0		0		no
ENSMUST00000037526.10|ENSMUSG00000035168|Tanc1	Tanc1	chr2	+	0	0		0		0		no
ENSMUST00000028368.13|ENSMUSG00000026988|Wdsub1	Wdsub1	chr2	-	0	0		0		0		no
ENSMUST00000112550.7|ENSMUSG00000026987|Baz2b	Baz2b	chr2	-	0	0		0		0		no
ENSMUST00000102748.10|ENSMUSG00000026977|Marchf7	Marchf7	chr2	+	0	0		0		0		no
ENSMUST00000028356.8|ENSMUSG00000060703|Cd302	Cd302	chr2	-	0	0		0		0		no
ENSMUST00000112525.4|ENSMUSG00000054580|Pla2r1	Pla2r1	chr2	-	0	0		0		0		no
ENSMUST00000028347.12|ENSMUSG00000026970|Rbms1	Rbms1	chr2	-	0	0		0		0		no
ENSMUST00000028278.13|ENSMUSG00000026914|Psmd14	Psmd14	chr2	+	0	0		0		0		no
ENSMUST00000047812.7|ENSMUSG00000035000|Dpp4	Dpp4	chr2	-	0	0		0		0		no
ENSMUST00000028259.11|ENSMUSG00000026896|Ifih1	Ifih1	chr2	-	0	0		0		0		no
ENSMUST00000028257.2|ENSMUSG00000026893|Gca	Gca	chr2	+	0	0		0		0		no
ENSMUST00000150643.7|ENSMUSG00000026888|Grb14	Grb14	chr2	-	0	0		0		0		no
ENSMUST00000112429.8|ENSMUSG00000034903|Cobll1	Cobll1	chr2	-	0	0		0		0		no
ENSMUST00000127623.7|ENSMUSG00000061171|Slc38a11	Slc38a11	chr2	-	0	0		0		0		no
ENSMUST00000102718.9|ENSMUSG00000034848|Ttc21b	Ttc21b	chr2	-	0	0		0		0		no
ENSMUST00000042792.6|ENSMUSG00000034810|Scn7a	Scn7a	chr2	-	0	0		0		0		no
ENSMUST00000112346.2|ENSMUSG00000034780|B3galt1	B3galt1	chr2	+	0	0		0		0		no
ENSMUST00000102715.3|ENSMUSG00000027030|Stk39	Stk39	chr2	-	0	0		0		0		no
ENSMUST00000028426.8|ENSMUSG00000027035|Cers6	Cers6	chr2	+	0	0		0		0		no
ENSMUST00000041865.7|ENSMUSG00000034738|Nostrin	Nostrin	chr2	+	0	0		0		0		no
ENSMUST00000112320.7|ENSMUSG00000005233|Spc25	Spc25	chr2	-	0	0		0		0		no
ENSMUST00000134659.7|ENSMUSG00000063145|Bbs5	Bbs5	chr2	+	0	0		0		0		no
ENSMUST00000090858.9|ENSMUSG00000042133|Ppig	Ppig	chr2	+	0	0		0		0		no
ENSMUST00000028494.8|ENSMUSG00000027088|Phospho2	Phospho2	chr2	+	0	0		0		0		no
ENSMUST00000053087.3|ENSMUSG00000042155|Klhl23	Klhl23	chr2	+	0	0		0		0		no
ENSMUST00000132186.7|ENSMUSG00000068882|Ssb	Ssb	chr2	+	0	0		0		0		no
ENSMUST00000142127.7|ENSMUSG00000051730|Mettl5	Mettl5	chr2	-	0	0		0		0		no
ENSMUST00000055758.15|ENSMUSG00000044308|Ubr3	Ubr3	chr2	+	0	0		0		0		no
ENSMUST00000100043.2|ENSMUSG00000075304|Sp5	Sp5	chr2	+	0	0		0		0		no
ENSMUST00000038584.8|ENSMUSG00000041997|Tlk1	Tlk1	chr2	-	0	0		0		0		no
ENSMUST00000112167.8|ENSMUSG00000041966|Dcaf17	Dcaf17	chr2	+	0	0		0		0		no
ENSMUST00000028403.2|ENSMUSG00000027015|Cybrd1	Cybrd1	chr2	+	0	0		0		0		no
ENSMUST00000112140.7|ENSMUSG00000027012|Dync1i2	Dync1i2	chr2	+	0	0		0		0		no
ENSMUST00000184169.7|ENSMUSG00000027010|Slc25a12	Slc25a12	chr2	-	0	0		0		0		no
ENSMUST00000112122.8|ENSMUSG00000027018|Hat1	Hat1	chr2	+	0	0		0		0		no
ENSMUST00000037210.8|ENSMUSG00000041921|Metap1d	Metap1d	chr2	+	0	0		0		0		no
ENSMUST00000037119.3|ENSMUSG00000041911|Dlx1	Dlx1	chr2	+	0	0		0		0		no
ENSMUST00000024159.7|ENSMUSG00000023391|Dlx2	Dlx2	chr2	-	0	0		0		0		no
ENSMUST00000028522.9|ENSMUSG00000027111|Itga6	Itga6	chr2	+	0	0		0		0		no
ENSMUST00000006669.5|ENSMUSG00000006494|Pdk1	Pdk1	chr2	+	0	0		0		0		no
ENSMUST00000090826.11|ENSMUSG00000049044|Rapgef4	Rapgef4	chr2	+	0	0		0		0		no
ENSMUST00000135469.7|ENSMUSG00000004085|Map3k20	Map3k20	chr2	+	0	0		0		0		no
ENSMUST00000102691.10|ENSMUSG00000055612|Cdca7	Cdca7	chr2	+	0	0		0		0		no
ENSMUST00000102689.9|ENSMUSG00000027109|Sp3	Sp3	chr2	-	0	0		0		0		no
ENSMUST00000028517.12|ENSMUSG00000027108|Ola1	Ola1	chr2	-	0	0		0		0		no
ENSMUST00000090813.5|ENSMUSG00000068859|Sp9	Sp9	chr2	+	0	0		0		0		no
ENSMUST00000058615.9|ENSMUSG00000041777|Cir1	Cir1	chr2	-	0	0		0		0		no
ENSMUST00000090811.10|ENSMUSG00000008226|Scrn3	Scrn3	chr2	+	0	0		0		0		no
ENSMUST00000076463.11|ENSMUSG00000041762|Gpr155	Gpr155	chr2	-	0	0		0		0		no
ENSMUST00000094681.10|ENSMUSG00000075284|Wipf1	Wipf1	chr2	-	0	0		0		0		no
ENSMUST00000124450.1|ENSMUSG00000056486|Chn1	Chn1	chr2	-	0	0		0		0		no
ENSMUST00000111993.8|ENSMUSG00000009207|Lnpk	Lnpk	chr2	-	0	0		0		0		no
ENSMUST00000028511.7|ENSMUSG00000027099|Mtx2	Mtx2	chr2	+	0	0		0		0		no
ENSMUST00000111962.7|ENSMUSG00000059005|Hnrnpa3	Hnrnpa3	chr2	+	0	0		0		0		no
ENSMUST00000102672.4|ENSMUSG00000015839|Nfe2l2	Nfe2l2	chr2	-	0	0		0		0		no
ENSMUST00000176973.1|ENSMUSG00000042410|Agps	Agps	chr2	+	0	0		0		0		no
ENSMUST00000099996.4|ENSMUSG00000075273|Ttc30b	Ttc30b	chr2	-	0	0		0		0		no
ENSMUST00000099994.4|ENSMUSG00000075271|Ttc30a1	Ttc30a1	chr2	-	0	0		0		0		no
ENSMUST00000002808.6|ENSMUSG00000002731|Prkra	Prkra	chr2	-	0	0		0		0		no
ENSMUST00000111920.1|ENSMUSG00000002733|Plekha3	Plekha3	chr2	+	0	0		0		0		no
ENSMUST00000102660.7|ENSMUSG00000042272|Sestd1	Sestd1	chr2	-	0	0		0		0		no
ENSMUST00000111821.8|ENSMUSG00000027014|Cwc22	Cwc22	chr2	-	0	0		0		0		no
ENSMUST00000028398.13|ENSMUSG00000027011|Ube2e3	Ube2e3	chr2	+	0	0		0		0		no
ENSMUST00000156731.7|ENSMUSG00000075256|Cerkl	Cerkl	chr2	-	0	0		0		0		no
ENSMUST00000111785.8|ENSMUSG00000027007|Itprid2	Itprid2	chr2	+	0	0		0		0		no
ENSMUST00000102655.9|ENSMUSG00000059173|Pde1a	Pde1a	chr2	-	0	0		0		0		no
ENSMUST00000028392.7|ENSMUSG00000027006|Dnajc10	Dnajc10	chr2	+	0	0		0		0		no
ENSMUST00000028389.3|ENSMUSG00000027004|Frzb	Frzb	chr2	-	0	0		0		0		no
ENSMUST00000028386.11|ENSMUSG00000027002|Nckap1	Nckap1	chr2	-	0	0		0		0		no
ENSMUST00000028384.4|ENSMUSG00000027001|Dusp19	Dusp19	chr2	+	0	0		0		0		no
ENSMUST00000028382.12|ENSMUSG00000026999|Nup35	Nup35	chr2	+	0	0		0		0		no
ENSMUST00000081591.6|ENSMUSG00000027091|Zc3h15	Zc3h15	chr2	+	0	0		0		0		no
ENSMUST00000028499.10|ENSMUSG00000027087|Itgav	Itgav	chr2	+	0	0		0		0		no
ENSMUST00000051454.3|ENSMUSG00000048388|Fam171b	Fam171b	chr2	+	0	0		0		0		no
ENSMUST00000074262.8|ENSMUSG00000059588|Calcrl	Calcrl	chr2	-	0	0		0		0		no
ENSMUST00000150261.7|ENSMUSG00000027082|Tfpi	Tfpi	chr2	-	0	0		0		0		no
ENSMUST00000111696.7|ENSMUSG00000034101|Ctnnd1	Ctnnd1	chr2	-	0	0		0		0		no
ENSMUST00000189772.1|ENSMUSG00000101645|Gm28635	Gm28635	chr2	-	0	0		0		0		no
ENSMUST00000117299.8|ENSMUSG00000076437|Selenoh	Selenoh	chr2	-	0	0		0		0		no
ENSMUST00000111664.7|ENSMUSG00000050043|Tmx2	Tmx2	chr2	-	0	0		0		0		no
ENSMUST00000102645.3|ENSMUSG00000027080|Med19	Med19	chr2	+	0	0		0		0		no
ENSMUST00000035840.5|ENSMUSG00000034075|Zdhhc5	Zdhhc5	chr2	-	0	0		0		0		no
ENSMUST00000165219.7|ENSMUSG00000027079|Clp1	Clp1	chr2	-	0	0		0		0		no
ENSMUST00000111643.2|ENSMUSG00000034059|Ypel4	Ypel4	chr2	+	0	0		0		0		no
ENSMUST00000181711.1|ENSMUSG00000097187|Gm19426	Gm19426	chr2	-	0	0		0		0		no
ENSMUST00000102642.8|ENSMUSG00000027078|Ube2l6	Ube2l6	chr2	+	0	0		0		0		no
ENSMUST00000028470.9|ENSMUSG00000027076|Timm10	Timm10	chr2	+	0	0		0		0		no
ENSMUST00000111625.1|ENSMUSG00000027075|Slc43a1	Slc43a1	chr2	+	0	0		0		0		no
ENSMUST00000090726.5|ENSMUSG00000027074|Slc43a3	Slc43a3	chr2	+	0	0		0		0		no
ENSMUST00000077798.12|ENSMUSG00000027067|Ssrp1	Ssrp1	chr2	+	0	0		0		0		no
ENSMUST00000057019.8|ENSMUSG00000044338|Aplnr	Aplnr	chr2	+	0	0		0		0		no
ENSMUST00000111493.7|ENSMUSG00000025314|Ptprj	Ptprj	chr2	-	0	0		0		0		no
ENSMUST00000057481.6|ENSMUSG00000051329|Nup160	Nup160	chr2	+	0	0		0		0		no
ENSMUST00000238890.1|ENSMUSG00000008200|Fnbp4	Fnbp4	chr2	+	0	0		0		0		no
ENSMUST00000111468.9|ENSMUSG00000027282|Mtch2	Mtch2	chr2	+	0	0		0		0		no
ENSMUST00000111464.7|ENSMUSG00000005505|Kbtbd4	Kbtbd4	chr2	+	0	0		0		0		no
ENSMUST00000077874.14|ENSMUSG00000063235|Ptpmt1	Ptpmt1	chr2	-	0	0		0		0		no
ENSMUST00000068726.12|ENSMUSG00000005506|Celf1	Celf1	chr2	+	0	0		0		0		no
ENSMUST00000111445.9|ENSMUSG00000002104|Rapsn	Rapsn	chr2	+	0	0		0		0		no
ENSMUST00000146506.1|ENSMUSG00000002102|Psmc3	Psmc3	chr2	+	0	0		0		0		no
ENSMUST00000079976.9|ENSMUSG00000002105|Slc39a13	Slc39a13	chr2	-	0	0		0		0		no
ENSMUST00000002180.7|ENSMUSG00000002111|Spi1	Spi1	chr2	+	0	0		0		0		no
ENSMUST00000111356.7|ENSMUSG00000002108|Nr1h3	Nr1h3	chr2	-	0	0		0		0		no
ENSMUST00000002172.13|ENSMUSG00000002103|Acp2	Acp2	chr2	+	0	0		0		0		no
ENSMUST00000111352.7|ENSMUSG00000002109|Ddb2	Ddb2	chr2	-	0	0		0		0		no
ENSMUST00000080008.12|ENSMUSG00000027255|Arfgap2	Arfgap2	chr2	+	0	0		0		0		no
ENSMUST00000064652.13|ENSMUSG00000040591|1110051M20Rik	1110051M20Rik	chr2	-	0	0		0		0		no
ENSMUST00000111338.9|ENSMUSG00000040549|Ckap5	Ckap5	chr2	+	0	0		0		0		no
ENSMUST00000145582.7|ENSMUSG00000075040|Zfp408	Zfp408	chr2	-	0	0		0		0		no
ENSMUST00000111329.7|ENSMUSG00000027247|Arhgap1	Arhgap1	chr2	+	0	0		0		0		no
ENSMUST00000076803.11|ENSMUSG00000027244|Atg13	Atg13	chr2	-	0	0		0		0		no
ENSMUST00000099712.9|ENSMUSG00000040506|Ambra1	Ambra1	chr2	+	0	0		0		0		no
ENSMUST00000111309.7|ENSMUSG00000027239|Mdk	Mdk	chr2	-	0	0		0		0		no
ENSMUST00000128152.7|ENSMUSG00000040479|Dgkz	Dgkz	chr2	-	0	0		0		0		no
ENSMUST00000028663.4|ENSMUSG00000027230|Creb3l1	Creb3l1	chr2	-	0	0		0		0		no
ENSMUST00000044036.14|ENSMUSG00000058318|Phf21a	Phf21a	chr2	+	0	0		0		0		no
ENSMUST00000111279.8|ENSMUSG00000027223|Mapk8ip1	Mapk8ip1	chr2	-	0	0		0		0		no
ENSMUST00000067631.6|ENSMUSG00000049922|Slc35c1	Slc35c1	chr2	-	0	0		0		0		no
ENSMUST00000065797.6|ENSMUSG00000027221|Chst1	Chst1	chr2	+	0	0		0		0		no
ENSMUST00000028648.2|ENSMUSG00000027220|Syt13	Syt13	chr2	+	0	0		0		0		no
ENSMUST00000111266.7|ENSMUSG00000068735|Trp53i11	Trp53i11	chr2	+	0	0		0		0		no
ENSMUST00000111265.8|ENSMUSG00000027217|Tspan18	Tspan18	chr2	-	0	0		0		0		no
ENSMUST00000099696.7|ENSMUSG00000027215|Cd82	Cd82	chr2	-	0	0		0		0		no
ENSMUST00000150666.7|ENSMUSG00000040272|Accs	Accs	chr2	-	0	0		0		0		no
ENSMUST00000148314.2|ENSMUSG00000087006|Gm13889	Gm13889	chr2	-	0	0		0		0		no
ENSMUST00000183110.1|ENSMUSG00000098004|Gm27027	Gm27027	chr2	-	0	0		0		0		no
ENSMUST00000111240.7|ENSMUSG00000040174|Alkbh3	Alkbh3	chr2	-	0	0		0		0		no
ENSMUST00000028619.4|ENSMUSG00000027195|Hsd17b12	Hsd17b12	chr2	-	0	0		0		0		no
ENSMUST00000055081.13|ENSMUSG00000027194|Ttc17	Ttc17	chr2	-	0	0		0		0		no
ENSMUST00000028617.6|ENSMUSG00000027193|Api5	Api5	chr2	-	0	0		0		0		no
ENSMUST00000004949.7|ENSMUSG00000027164|Traf6	Traf6	chr2	+	0	0		0		0		no
ENSMUST00000171088.7|ENSMUSG00000032841|Prr5l	Prr5l	chr2	-	0	0		0		0		no
ENSMUST00000028584.7|ENSMUSG00000027163|Commd9	Commd9	chr2	+	0	0		0		0		no
ENSMUST00000111222.1|ENSMUSG00000048058|Ldlrad3	Ldlrad3	chr2	-	0	0		0		0		no
ENSMUST00000102573.7|ENSMUSG00000027189|Trim44	Trim44	chr2	-	0	0		0		0		no
ENSMUST00000099678.4|ENSMUSG00000075012|Fjx1	Fjx1	chr2	-	0	0		0		0		no
ENSMUST00000028612.7|ENSMUSG00000027188|Pamr1	Pamr1	chr2	+	0	0		0		0		no
ENSMUST00000080210.9|ENSMUSG00000005089|Slc1a2	Slc1a2	chr2	+	6	6	5.26988835483987e-05	300	chr2:102787600-102787650(fdr=4.17e-02);chr2:102787750-102787800(fdr=3.24e-02);chr2:102789900-102789950(fdr=4.47e-02);chr2:102790100-102790150(fdr=4.74e-03);chr2:102790200-102790250(fdr=1.11e-03);chr2:102790450-102790500(fdr=5.27e-05)	3	chr2:102781850-102781900(fdr=1.63e-06);chr2:102782050-102782100(fdr=2.34e-04);chr2:102783400-102783450(fdr=6.55e-02)	yes
ENSMUST00000005218.14|ENSMUSG00000005087|Cd44	Cd44	chr2	-	0	0		0		0		no
ENSMUST00000028610.9|ENSMUSG00000027187|Cat	Cat	chr2	-	0	0		0		0		no
ENSMUST00000076212.3|ENSMUSG00000032724|Abtb2	Abtb2	chr2	+	0	0		0		0		no
ENSMUST00000028608.12|ENSMUSG00000027185|Nat10	Nat10	chr2	-	0	0		0		0		no
ENSMUST00000028607.12|ENSMUSG00000027184|Caprin1	Caprin1	chr2	-	0	0		0		0		no
ENSMUST00000170926.7|ENSMUSG00000032698|Lmo2	Lmo2	chr2	+	0	0		0		0		no
ENSMUST00000028603.9|ENSMUSG00000027180|Fbxo3	Fbxo3	chr2	+	0	0		0		0		no
ENSMUST00000040423.11|ENSMUSG00000032679|Cd59a	Cd59a	chr2	+	0	0		0		0		no
ENSMUST00000028600.13|ENSMUSG00000027177|Hipk3	Hipk3	chr2	-	0	0		0		0		no
ENSMUST00000028599.7|ENSMUSG00000027176|Cstf3	Cstf3	chr2	+	0	0		0		0		no
ENSMUST00000111118.7|ENSMUSG00000027175|Tcp11l1	Tcp11l1	chr2	-	0	0		0		0		no
ENSMUST00000006128.6|ENSMUSG00000005973|Rcn1	Rcn1	chr2	-	0	0		0		0		no
ENSMUST00000111086.10|ENSMUSG00000027168|Pax6	Pax6	chr2	+	0	0		0		0		no
ENSMUST00000122965.7|ENSMUSG00000027167|Elp4	Elp4	chr2	-	0	0		0		0		no
ENSMUST00000037499.5|ENSMUSG00000042670|Immp1l	Immp1l	chr2	+	0	0		0		0		no
ENSMUST00000155811.1|ENSMUSG00000027166|Dnajc24	Dnajc24	chr2	-	0	0		0		0		no
ENSMUST00000111063.7|ENSMUSG00000016386|Mpped2	Mpped2	chr2	+	0	0		0		0		no
ENSMUST00000028536.12|ENSMUSG00000027122|Arl14ep	Arl14ep	chr2	-	0	0		0		0		no
ENSMUST00000081631.9|ENSMUSG00000057234|Mettl15	Mettl15	chr2	-	0	0		0		0		no
ENSMUST00000053317.11|ENSMUSG00000048482|Bdnf	Bdnf	chr2	+	0	0		0		0		no
ENSMUST00000028583.7|ENSMUSG00000027162|Lin7c	Lin7c	chr2	+	0	0		0		0		no
ENSMUST00000046548.13|ENSMUSG00000050199|Lgr4	Lgr4	chr2	+	0	0		0		0		no
ENSMUST00000099626.4|ENSMUSG00000074971|Fibin	Fibin	chr2	-	0	0		0		0		no
ENSMUST00000028554.3|ENSMUSG00000027134|Lpcat4	Lpcat4	chr2	+	0	0		0		0		no
ENSMUST00000028553.3|ENSMUSG00000027133|Nop10	Nop10	chr2	+	0	0		0		0		no
ENSMUST00000028549.13|ENSMUSG00000027130|Slc12a6	Slc12a6	chr2	+	0	0		0		0		no
ENSMUST00000028551.3|ENSMUSG00000027131|Emc4	Emc4	chr2	-	0	0		0		0		no
ENSMUST00000028552.3|ENSMUSG00000027132|Katnbl1	Katnbl1	chr2	+	0	0		0		0		no
ENSMUST00000069747.5|ENSMUSG00000055943|Emc7	Emc7	chr2	+	0	0		0		0		no
ENSMUST00000003705.11|ENSMUSG00000003604|Aven	Aven	chr2	+	0	0		0		0		no
ENSMUST00000024005.7|ENSMUSG00000023236|Scg5	Scg5	chr2	-	0	0		0		0		no
ENSMUST00000110948.7|ENSMUSG00000041219|Arhgap11a	Arhgap11a	chr2	-	0	0		0		0		no
ENSMUST00000043160.12|ENSMUSG00000040383|Aqr	Aqr	chr2	-	0	0		0		0		no
ENSMUST00000028640.13|ENSMUSG00000057147|Dph6	Dph6	chr2	-	0	0		0		0		no
ENSMUST00000166472.7|ENSMUSG00000040282|BC052040	BC052040	chr2	+	0	0		0		0		no
ENSMUST00000110907.7|ENSMUSG00000027210|Meis2	Meis2	chr2	-	0	0		0		0		no
ENSMUST00000028829.12|ENSMUSG00000027351|Spred1	Spred1	chr2	+	0	0		0		0		no
ENSMUST00000174770.7|ENSMUSG00000027347|Rasgrp1	Rasgrp1	chr2	-	0	0		0		0		no
ENSMUST00000039559.8|ENSMUSG00000040152|Thbs1	Thbs1	chr2	+	0	0		0		0		no
ENSMUST00000039160.2|ENSMUSG00000040133|Gpr176	Gpr176	chr2	-	0	0		0		0		no
ENSMUST00000009693.14|ENSMUSG00000009549|Srp14	Srp14	chr2	-	0	0		0		0		no
ENSMUST00000090219.12|ENSMUSG00000040093|Bmf	Bmf	chr2	-	0	0		0		0		no
ENSMUST00000038341.7|ENSMUSG00000040084|Bub1b	Bub1b	chr2	+	0	0		0		0		no
ENSMUST00000099557.9|ENSMUSG00000074923|Pak6	Pak6	chr2	+	0	0		0		0		no
ENSMUST00000149978.1|ENSMUSG00000074918|Inafm2	Inafm2	chr2	+	0	0		0		0		no
ENSMUST00000059997.8|ENSMUSG00000045838|Ccdc9b	Ccdc9b	chr2	-	0	0		0		0		no
ENSMUST00000148877.1|ENSMUSG00000027331|Knstrn	Knstrn	chr2	+	0	0		0		0		no
ENSMUST00000028807.5|ENSMUSG00000027332|Ivd	Ivd	chr2	+	0	0		0		0		no
ENSMUST00000036578.6|ENSMUSG00000040007|Bahd1	Bahd1	chr2	+	0	0		0		0		no
ENSMUST00000099546.5|ENSMUSG00000074916|Chst14	Chst14	chr2	+	0	0		0		0		no
ENSMUST00000036470.13|ENSMUSG00000039983|Ccdc32	Ccdc32	chr2	-	0	0		0		0		no
ENSMUST00000152327.7|ENSMUSG00000027323|Rad51	Rad51	chr2	+	0	0		0		0		no
ENSMUST00000094695.11|ENSMUSG00000070730|Rmdn3	Rmdn3	chr2	-	0	0		0		0		no
ENSMUST00000102519.4|ENSMUSG00000068580|Zfyve19	Zfyve19	chr2	+	0	0		0		0		no
ENSMUST00000110817.2|ENSMUSG00000027315|Spint1	Spint1	chr2	+	0	0		0		0		no
ENSMUST00000037360.7|ENSMUSG00000034226|Rhov	Rhov	chr2	-	0	0		0		0		no
ENSMUST00000037280.4|ENSMUSG00000034216|Vps18	Vps18	chr2	+	0	0		0		0		no
ENSMUST00000102517.3|ENSMUSG00000027314|Dll4	Dll4	chr2	+	0	0		0		0		no
ENSMUST00000028780.3|ENSMUSG00000027313|Chac1	Chac1	chr2	+	0	0		0		0		no
ENSMUST00000049920.13|ENSMUSG00000034154|Ino80	Ino80	chr2	-	0	0		0		0		no
ENSMUST00000123818.1|ENSMUSG00000072980|Oip5	Oip5	chr2	-	0	0		0		0		no
ENSMUST00000028771.7|ENSMUSG00000027306|Nusap1	Nusap1	chr2	+	0	0		0		0		no
ENSMUST00000110801.7|ENSMUSG00000027305|Ndufaf1	Ndufaf1	chr2	-	0	0		0		0		no
ENSMUST00000028758.7|ENSMUSG00000027296|Itpka	Itpka	chr2	+	0	0		0		0		no
ENSMUST00000136419.7|ENSMUSG00000034032|Rpap1	Rpap1	chr2	-	0	0		0		0		no
ENSMUST00000110783.7|ENSMUSG00000027298|Tyro3	Tyro3	chr2	+	0	0		0		0		no
ENSMUST00000079934.11|ENSMUSG00000033943|Mga	Mga	chr2	+	0	0		0		0		no
ENSMUST00000066058.7|ENSMUSG00000033902|Mapkbp1	Mapkbp1	chr2	+	0	0		0		0		no
ENSMUST00000162393.7|ENSMUSG00000033852|Gm28042	Gm28042	chr2	+	0	0		0		0		no
ENSMUST00000156159.3|ENSMUSG00000074899|Sptbn5	Sptbn5	chr2	-	0	0		0		0		no
ENSMUST00000028755.7|ENSMUSG00000027293|Ehd4	Ehd4	chr2	-	0	0		0		0		no
ENSMUST00000028752.7|ENSMUSG00000027291|Vps39	Vps39	chr2	-	0	0		0		0		no
ENSMUST00000135074.1|ENSMUSG00000062646|Ganc	Ganc	chr2	+	0	0		0		0		no
ENSMUST00000055241.12|ENSMUSG00000027288|Zfp106	Zfp106	chr2	-	0	0		0		0		no
ENSMUST00000102496.7|ENSMUSG00000027286|Lrrc57	Lrrc57	chr2	-	0	0		0		0		no
ENSMUST00000028741.13|ENSMUSG00000027285|Haus2	Haus2	chr2	+	0	0		0		0		no
ENSMUST00000110701.7|ENSMUSG00000027284|Cdan1	Cdan1	chr2	-	0	0		0		0		no
ENSMUST00000057135.13|ENSMUSG00000090100|Ttbk2	Ttbk2	chr2	-	0	0		0		0		no
ENSMUST00000028728.5|ENSMUSG00000027272|Ubr1	Ubr1	chr2	-	0	0		0		0		no
ENSMUST00000139428.7|ENSMUSG00000054484|Tmem62	Tmem62	chr2	+	0	0		0		0		no
ENSMUST00000060455.14|ENSMUSG00000023572|Ccndbp1	Ccndbp1	chr2	+	0	0		0		0		no
ENSMUST00000028702.9|ENSMUSG00000027259|Adal	Adal	chr2	+	0	0		0		0		no
ENSMUST00000110658.7|ENSMUSG00000027263|Tubgcp4	Tubgcp4	chr2	+	0	0		0		0		no
ENSMUST00000094639.9|ENSMUSG00000027254|Map1a	Map1a	chr2	+	0	0		0		0		no
ENSMUST00000137087.1|ENSMUSG00000033526|Ppip5k1	Ppip5k1	chr2	-	0	0		0		0		no
ENSMUST00000126130.1|ENSMUSG00000000308|Ckmt1	Ckmt1	chr2	+	0	0		0		0		no
ENSMUST00000135079.1|ENSMUSG00000027248|Pdia3	Pdia3	chr2	+	0	0		0		0		no
ENSMUST00000126764.1|ENSMUSG00000027245|Hypk	Hypk	chr2	+	0	0		0		0		no
ENSMUST00000056732.3|ENSMUSG00000048222|Mfap1b	Mfap1b	chr2	-	0	0		0		0		no
ENSMUST00000089926.5|ENSMUSG00000068479|Mfap1a	Mfap1a	chr2	-	0	0		0		0		no
ENSMUST00000145075.7|ENSMUSG00000027238|Frmd5	Frmd5	chr2	-	0	0		0		0		no
ENSMUST00000078752.9|ENSMUSG00000060227|Casc4	Casc4	chr2	+	0	0		0		0		no
ENSMUST00000036647.12|ENSMUSG00000033411|Ctdspl2	Ctdspl2	chr2	+	0	0		0		0		no
ENSMUST00000028668.7|ENSMUSG00000027236|Eif3j1	Eif3j1	chr2	+	0	0		0		0		no
ENSMUST00000036450.7|ENSMUSG00000033396|Spg11	Spg11	chr2	-	0	0		0		0		no
ENSMUST00000102476.4|ENSMUSG00000060802|B2m	B2m	chr2	+	0	0		0		0		no
ENSMUST00000110551.3|ENSMUSG00000027227|Sord	Sord	chr2	+	0	0		0		0		no
ENSMUST00000151130.7|ENSMUSG00000033256|Shf	Shf	chr2	-	0	0		0		0		no
ENSMUST00000028624.8|ENSMUSG00000027199|Gatm	Gatm	chr2	-	0	0		0		0		no
ENSMUST00000047498.14|ENSMUSG00000033213|AA467197	AA467197	chr2	+	0	0		0		0		no
ENSMUST00000005952.10|ENSMUSG00000005802|Slc30a4	Slc30a4	chr2	-	0	0		0		0		no
ENSMUST00000005954.8|ENSMUSG00000005804|Bloc1s6	Bloc1s6	chr2	+	0	0		0		0		no
ENSMUST00000126403.8|ENSMUSG00000005803|Sqor	Sqor	chr2	+	0	0		0		0		no
ENSMUST00000103239.9|ENSMUSG00000027200|Sema6d	Sema6d	chr2	+	0	0		0		0		no
ENSMUST00000070353.3|ENSMUSG00000035183|Slc24a5	Slc24a5	chr2	+	0	0		0		0		no
ENSMUST00000110501.7|ENSMUSG00000027201|Myef2	Myef2	chr2	-	0	0		0		0		no
ENSMUST00000051605.8|ENSMUSG00000027203|Dut	Dut	chr2	+	0	0		0		0		no
ENSMUST00000028633.12|ENSMUSG00000027204|Fbn1	Fbn1	chr2	-	0	0		0		0		no
ENSMUST00000164756.3|ENSMUSG00000091337|Eid1	Eid1	chr2	+	0	0		0		0		no
ENSMUST00000053699.12|ENSMUSG00000035093|Secisbp2l	Secisbp2l	chr2	-	0	0		0		0		no
ENSMUST00000110463.7|ENSMUSG00000027206|Cops2	Cops2	chr2	-	0	0		0		0		no
ENSMUST00000064794.13|ENSMUSG00000027208|Fgf7	Fgf7	chr2	+	0	0		0		0		no
ENSMUST00000110437.3|ENSMUSG00000023330|Dtwd1	Dtwd1	chr2	+	0	0		0		0		no
ENSMUST00000028838.4|ENSMUSG00000027360|Hdc	Hdc	chr2	-	0	0		0		0		no
ENSMUST00000110425.8|ENSMUSG00000027361|Gabpb1	Gabpb1	chr2	-	0	0		0		0		no
ENSMUST00000028841.13|ENSMUSG00000027363|Usp8	Usp8	chr2	+	0	0		0		0		no
ENSMUST00000103224.9|ENSMUSG00000027365|Trpm7	Trpm7	chr2	-	0	0		0		0		no
ENSMUST00000028844.10|ENSMUSG00000027366|Sppl2a	Sppl2a	chr2	-	0	0		0		0		no
ENSMUST00000103220.3|ENSMUSG00000003660|Snrnp200	Snrnp200	chr2	+	0	0		0		0		no
ENSMUST00000003759.10|ENSMUSG00000003662|Ciao1	Ciao1	chr2	-	0	0		0		0		no
ENSMUST00000035871.14|ENSMUSG00000034850|Tmem127	Tmem127	chr2	+	0	0		0		0		no
ENSMUST00000110375.8|ENSMUSG00000027367|Stard7	Stard7	chr2	+	0	0		0		0		no
ENSMUST00000028846.6|ENSMUSG00000027368|Dusp2	Dusp2	chr2	+	0	0		0		0		no
ENSMUST00000028850.14|ENSMUSG00000079056|Kcnip3	Kcnip3	chr2	-	0	0		0		0		no
ENSMUST00000110366.7|ENSMUSG00000034800|Zfp661	Zfp661	chr2	-	0	0		0		0		no
ENSMUST00000028852.12|ENSMUSG00000027374|Mrps5	Mrps5	chr2	+	0	0		0		0		no
ENSMUST00000028854.14|ENSMUSG00000027375|Mal	Mal	chr2	-	7	7	1.16502307694991e-07	350	chr2:127633250-127633300(fdr=4.73e-06);chr2:127633300-127633350(fdr=2.65e-05);chr2:127633350-127633400(fdr=2.53e-07);chr2:127633400-127633450(fdr=1.07e-04);chr2:127633500-127633550(fdr=1.17e-07);chr2:127633600-127633650(fdr=1.08e-04)	0		yes
ENSMUST00000028856.2|ENSMUSG00000027377|Mall	Mall	chr2	-	0	0		0		0		no
ENSMUST00000135091.1|ENSMUSG00000051319|Mtln	Mtln	chr2	-	0	0		0		0		no
ENSMUST00000110341.8|ENSMUSG00000027381|Bcl2l11	Bcl2l11	chr2	+	0	0		0		0		no
ENSMUST00000014499.9|ENSMUSG00000014355|Anapc1	Anapc1	chr2	-	0	0		0		0		no
ENSMUST00000014505.4|ENSMUSG00000014361|Mertk	Mertk	chr2	+	0	0		0		0		no
ENSMUST00000110325.7|ENSMUSG00000014353|Tmem87b	Tmem87b	chr2	+	0	0		0		0		no
ENSMUST00000110324.7|ENSMUSG00000027386|Fbln7	Fbln7	chr2	+	0	0		0		0		no
ENSMUST00000035812.13|ENSMUSG00000027394|Ttl	Ttl	chr2	+	0	0		0		0		no
ENSMUST00000103205.10|ENSMUSG00000027395|Polr1b	Polr1b	chr2	+	0	0		0		0		no
ENSMUST00000035481.4|ENSMUSG00000037938|Chchd5	Chchd5	chr2	+	0	0		0		0		no
ENSMUST00000028880.9|ENSMUSG00000027397|Slc20a1	Slc20a1	chr2	+	0	0		0		0		no
ENSMUST00000052708.6|ENSMUSG00000048327|Ckap2l	Ckap2l	chr2	-	0	0		0		0		no
ENSMUST00000028882.1|ENSMUSG00000027399|Il1a	Il1a	chr2	-	0	0		0		0		no
ENSMUST00000028881.13|ENSMUSG00000027398|Il1b	Il1b	chr2	-	0	0		0		0		no
ENSMUST00000103203.7|ENSMUSG00000037902|Sirpa	Sirpa	chr2	+	0	0		0		0		no
ENSMUST00000147570.2|ENSMUSG00000027404|Snrpb	Snrpb	chr2	-	0	0		0		0		no
ENSMUST00000149955.8|ENSMUSG00000027405|Nop56	Nop56	chr2	+	0	0		0		0		no
ENSMUST00000028892.10|ENSMUSG00000027406|Idh3b	Idh3b	chr2	-	0	0		0		0		no
ENSMUST00000126740.7|ENSMUSG00000053552|Ebf4	Ebf4	chr2	+	0	0		0		0		no
ENSMUST00000089581.10|ENSMUSG00000037773|Pced1a	Pced1a	chr2	-	0	0		0		0		no
ENSMUST00000028769.13|ENSMUSG00000027303|Ptpra	Ptpra	chr2	+	0	0		0		0		no
ENSMUST00000145614.1|ENSMUSG00000037740|Mrps26	Mrps26	chr2	+	0	0		0		0		no
ENSMUST00000140581.2|ENSMUSG00000027300|Ubox5	Ubox5	chr2	-	0	0		0		0		no
ENSMUST00000110262.2|ENSMUSG00000079043|Fastkd5	Fastkd5	chr2	-	0	0		0		0		no
ENSMUST00000089561.9|ENSMUSG00000037703|Lzts3	Lzts3	chr2	-	0	0		0		0		no
ENSMUST00000103193.4|ENSMUSG00000074797|Itpa	Itpa	chr2	+	0	0		0		0		no
ENSMUST00000044766.14|ENSMUSG00000027309|4930402H24Rik	4930402H24Rik	chr2	-	0	0		0		0		no
ENSMUST00000028781.8|ENSMUSG00000027312|Atrn	Atrn	chr2	+	0	0		0		0		no
ENSMUST00000110240.9|ENSMUSG00000027316|Gfra4	Gfra4	chr2	-	0	0		0		0		no
ENSMUST00000127862.1|ENSMUSG00000074793|Hspa12b	Hspa12b	chr2	+	0	0		0		0		no
ENSMUST00000184121.7|ENSMUSG00000027327|1700037H04Rik	1700037H04Rik	chr2	-	0	0		0		0		no
ENSMUST00000028801.7|ENSMUSG00000027329|Spef1	Spef1	chr2	-	0	0		0		0		no
ENSMUST00000089510.4|ENSMUSG00000068267|Cenpb	Cenpb	chr2	-	0	0		0		0		no
ENSMUST00000079857.8|ENSMUSG00000027330|Cdc25b	Cdc25b	chr2	+	0	0		0		0		no
ENSMUST00000110208.7|ENSMUSG00000068264|Ap5s1	Ap5s1	chr2	+	0	0		0		0		no
ENSMUST00000184105.7|ENSMUSG00000037514|Pank2	Pank2	chr2	+	0	0		0		0		no
ENSMUST00000059372.10|ENSMUSG00000048911|Rnf24	Rnf24	chr2	-	0	0		0		0		no
ENSMUST00000183947.7|ENSMUSG00000027333|Smox	Smox	chr2	+	0	0		0		0		no
ENSMUST00000091288.12|ENSMUSG00000079037|Prnp	Prnp	chr2	+	0	0		0		0		no
ENSMUST00000124100.7|ENSMUSG00000098754|Prn	Prn	chr2	+	0	0		0		0		no
ENSMUST00000110170.7|ENSMUSG00000027338|Prnd	Prnd	chr2	+	0	0		0		0		no
ENSMUST00000028814.14|ENSMUSG00000027339|Rassf2	Rassf2	chr2	-	0	0		0		0		no
ENSMUST00000028815.14|ENSMUSG00000027340|Slc23a2	Slc23a2	chr2	-	0	0		0		0		no
ENSMUST00000110164.7|ENSMUSG00000027341|Tmem230	Tmem230	chr2	-	0	0		0		0		no
ENSMUST00000028817.6|ENSMUSG00000027342|Pcna	Pcna	chr2	-	0	0		0		0		no
ENSMUST00000103181.10|ENSMUSG00000058793|Cds2	Cds2	chr2	+	0	0		0		0		no
ENSMUST00000149854.7|ENSMUSG00000027346|Gpcpd1	Gpcpd1	chr2	-	0	0		0		0		no
ENSMUST00000061891.10|ENSMUSG00000044991|Shld1	Shld1	chr2	+	0	0		0		0		no
ENSMUST00000028826.3|ENSMUSG00000027350|Chgb	Chgb	chr2	+	0	0		0		0		no
ENSMUST00000039554.6|ENSMUSG00000037376|Trmt6	Trmt6	chr2	-	0	0		0		0		no
ENSMUST00000124834.7|ENSMUSG00000027357|Crls1	Crls1	chr2	+	0	0		0		0		no
ENSMUST00000028836.6|ENSMUSG00000027358|Bmp2	Bmp2	chr2	+	0	0		0		0		no
ENSMUST00000038228.10|ENSMUSG00000034723|Tmx4	Tmx4	chr2	-	0	0		0		0		no
ENSMUST00000184371.7|ENSMUSG00000039943|Plcb4	Plcb4	chr2	+	0	0		0		0		no
ENSMUST00000057503.6|ENSMUSG00000027270|Lamp5	Lamp5	chr2	+	0	0		0		0		no
ENSMUST00000028727.10|ENSMUSG00000027273|Snap25	Snap25	chr2	+	0	0		0		0		no
ENSMUST00000028730.12|ENSMUSG00000027274|Mkks	Mkks	chr2	-	0	0		0		0		no
ENSMUST00000028735.7|ENSMUSG00000027276|Jag1	Jag1	chr2	-	0	0		0		0		no
ENSMUST00000091556.11|ENSMUSG00000062098|Btbd3	Btbd3	chr2	+	0	0		0		0		no
ENSMUST00000099307.3|ENSMUSG00000074766|Ism1	Ism1	chr2	+	0	0		0		0		no
ENSMUST00000046656.8|ENSMUSG00000039033|Tasp1	Tasp1	chr2	-	0	0		0		0		no
ENSMUST00000046030.7|ENSMUSG00000045624|Esf1	Esf1	chr2	-	0	0		0		0		no
ENSMUST00000110057.2|ENSMUSG00000051379|Flrt3	Flrt3	chr2	-	0	0		0		0		no
ENSMUST00000230763.1|ENSMUSG00000038844|Kif16b	Kif16b	chr2	-	0	0		0		0		no
ENSMUST00000008477.12|ENSMUSG00000008333|Snrpb2	Snrpb2	chr2	+	0	0		0		0		no
ENSMUST00000028905.9|ENSMUSG00000027419|Pcsk2	Pcsk2	chr2	+	0	0		0		0		no
ENSMUST00000103172.3|ENSMUSG00000015932|Dstn	Dstn	chr2	+	0	0		0		0		no
ENSMUST00000016072.11|ENSMUSG00000027422|Rrbp1	Rrbp1	chr2	-	0	0		0		0		no
ENSMUST00000028909.4|ENSMUSG00000027423|Snx5	Snx5	chr2	-	0	0		0		0		no
ENSMUST00000028910.8|ENSMUSG00000027424|Mgme1	Mgme1	chr2	+	0	0		0		0		no
ENSMUST00000103171.9|ENSMUSG00000037279|Ovol2	Ovol2	chr2	-	0	0		0		0		no
ENSMUST00000156410.1|ENSMUSG00000027425|Kat14	Kat14	chr2	+	0	0		0		0		no
ENSMUST00000183618.2|ENSMUSG00000098387|Pet117	Pet117	chr2	+	0	0		0		0		no
ENSMUST00000028914.8|ENSMUSG00000027427|Polr3f	Polr3f	chr2	+	0	0		0		0		no
ENSMUST00000028915.5|ENSMUSG00000027428|Rbbp9	Rbbp9	chr2	-	0	0		0		0		no
ENSMUST00000028916.14|ENSMUSG00000027429|Sec23b	Sec23b	chr2	+	0	0		0		0		no
ENSMUST00000028917.6|ENSMUSG00000027430|Dtd1	Dtd1	chr2	+	0	0		0		0		no
ENSMUST00000110007.7|ENSMUSG00000063873|Slc24a3	Slc24a3	chr2	+	0	0		0		0		no
ENSMUST00000147976.7|ENSMUSG00000001768|Rin2	Rin2	chr2	+	0	0		0		0		no
ENSMUST00000165635.1|ENSMUSG00000002728|Naa20	Naa20	chr2	+	0	0		0		0		no
ENSMUST00000001818.4|ENSMUSG00000001767|Crnkl1	Crnkl1	chr2	-	0	0		0		0		no
ENSMUST00000028921.5|ENSMUSG00000027433|Xrn2	Xrn2	chr2	+	0	0		0		0		no
ENSMUST00000099270.4|ENSMUSG00000074743|Thbd	Thbd	chr2	-	0	0		0		0		no
ENSMUST00000099269.3|ENSMUSG00000027435|Cd93	Cd93	chr2	-	0	0		0		0		no
ENSMUST00000109961.7|ENSMUSG00000036992|Nxt1	Nxt1	chr2	+	0	0		0		0		no
ENSMUST00000028928.7|ENSMUSG00000027439|Gzf1	Gzf1	chr2	+	0	0		0		0		no
ENSMUST00000136513.1|ENSMUSG00000027438|Napb	Napb	chr2	-	0	0		0		0		no
ENSMUST00000028938.6|ENSMUSG00000027447|Cst3	Cst3	chr2	-	0	0		0		0		no
ENSMUST00000109935.7|ENSMUSG00000074736|Syndig1	Syndig1	chr2	+	0	0		0		0		no
ENSMUST00000073782.3|ENSMUSG00000060336|Zfp937	Zfp937	chr2	+	0	0		0		0		no
ENSMUST00000089200.2|ENSMUSG00000068129|Cst7	Cst7	chr2	+	0	0		0		0		no
ENSMUST00000046399.6|ENSMUSG00000033096|Apmap	Apmap	chr2	-	0	0		0		0		no
ENSMUST00000028944.3|ENSMUSG00000027452|Acss1	Acss1	chr2	-	0	0		0		0		no
ENSMUST00000094467.5|ENSMUSG00000033068|Entpd6	Entpd6	chr2	+	0	0		0		0		no
ENSMUST00000045441.7|ENSMUSG00000033059|Pygb	Pygb	chr2	+	0	0		0		0		no
ENSMUST00000028948.4|ENSMUSG00000027454|Gins1	Gins1	chr2	+	0	0		0		0		no
ENSMUST00000109896.7|ENSMUSG00000068115|Ninl	Ninl	chr2	-	0	0		0		0		no
ENSMUST00000066640.4|ENSMUSG00000053916|Nanp	Nanp	chr2	-	0	0		0		0		no
ENSMUST00000103160.4|ENSMUSG00000027455|Nsfl1c	Nsfl1c	chr2	+	0	0		0		0		no
ENSMUST00000044011.11|ENSMUSG00000032966|Fkbp1a	Fkbp1a	chr2	+	0	0		0		0		no
ENSMUST00000028950.8|ENSMUSG00000027456|Sdcbp2	Sdcbp2	chr2	+	0	0		0		0		no
ENSMUST00000094456.9|ENSMUSG00000027457|Snph	Snph	chr2	-	0	0		0		0		no
ENSMUST00000155939.7|ENSMUSG00000032869|Psmf1	Psmf1	chr2	-	0	0		0		0		no
ENSMUST00000028955.5|ENSMUSG00000027460|Angpt4	Angpt4	chr2	+	0	0		0		0		no
ENSMUST00000109865.7|ENSMUSG00000027459|Fam110a	Fam110a	chr2	-	0	0		0		0		no
ENSMUST00000109859.8|ENSMUSG00000027463|Slc52a3	Slc52a3	chr2	+	0	0		0		0		no
ENSMUST00000064061.3|ENSMUSG00000060257|Scrt2	Scrt2	chr2	+	0	0		0		0		no
ENSMUST00000041500.7|ENSMUSG00000032802|Srxn1	Srxn1	chr2	+	0	0		0		0		no
ENSMUST00000089112.5|ENSMUSG00000068079|Tcf15	Tcf15	chr2	+	0	0		0		0		no
ENSMUST00000028963.13|ENSMUSG00000027465|Tbc1d20	Tbc1d20	chr2	+	0	0		0		0		no
ENSMUST00000109847.8|ENSMUSG00000027466|Rbck1	Rbck1	chr2	-	0	0		0		0		no
ENSMUST00000040312.6|ENSMUSG00000032715|Trib3	Trib3	chr2	-	0	0		0		0		no
ENSMUST00000079278.4|ENSMUSG00000059361|Nrsn2	Nrsn2	chr2	-	0	0		0		0		no
ENSMUST00000182625.1|ENSMUSG00000051817|Sox12	Sox12	chr2	-	0	0		0		0		no
ENSMUST00000099207.4|ENSMUSG00000074682|Zcchc3	Zcchc3	chr2	-	0	0		0		0		no
ENSMUST00000125366.7|ENSMUSG00000019188|H13	H13	chr2	+	0	0		0		0		no
ENSMUST00000109824.1|ENSMUSG00000042745|Id1	Id1	chr2	+	0	0		0		0		no
ENSMUST00000007803.11|ENSMUSG00000007659|Bcl2l1	Bcl2l1	chr2	-	0	0		0		0		no
ENSMUST00000164120.7|ENSMUSG00000027469|Tpx2	Tpx2	chr2	+	0	0		0		0		no
ENSMUST00000099200.2|ENSMUSG00000074676|Foxs1	Foxs1	chr2	-	0	0		0		0		no
ENSMUST00000150545.7|ENSMUSG00000027472|Pdrg1	Pdrg1	chr2	-	0	0		0		0		no
ENSMUST00000127898.8|ENSMUSG00000027474|Ccm2l	Ccm2l	chr2	+	0	0		0		0		no
ENSMUST00000109799.7|ENSMUSG00000003283|Hck	Hck	chr2	+	0	0		0		0		no
ENSMUST00000089027.2|ENSMUSG00000068040|Tm9sf4	Tm9sf4	chr2	+	0	0		0		0		no
ENSMUST00000099194.3|ENSMUSG00000074671|Tspyl3	Tspyl3	chr2	-	0	0		0		0		no
ENSMUST00000170297.7|ENSMUSG00000046020|Pofut1	Pofut1	chr2	+	0	0		0		0		no
ENSMUST00000028977.6|ENSMUSG00000027475|Kif3b	Kif3b	chr2	+	0	0		0		0		no
ENSMUST00000227428.1|ENSMUSG00000042548|Asxl1	Asxl1	chr2	+	0	0		0		0		no
ENSMUST00000035346.13|ENSMUSG00000061411|Nol4l	Nol4l	chr2	-	0	0		0		0		no
ENSMUST00000071852.9|ENSMUSG00000056941|Commd7	Commd7	chr2	-	0	0		0		0		no
ENSMUST00000028981.8|ENSMUSG00000027479|Mapre1	Mapre1	chr2	+	0	0		0		0		no
ENSMUST00000028991.6|ENSMUSG00000027488|Snta1	Snta1	chr2	-	0	0		0		0		no
ENSMUST00000109725.7|ENSMUSG00000038533|Cbfa2t2	Cbfa2t2	chr2	+	0	0		0		0		no
ENSMUST00000109716.8|ENSMUSG00000027489|Necab3	Necab3	chr2	-	0	0		0		0		no
ENSMUST00000103145.10|ENSMUSG00000027490|E2f1	E2f1	chr2	-	0	0		0		0		no
ENSMUST00000000896.10|ENSMUSG00000000876|Pxmp4	Pxmp4	chr2	-	0	0		0		0		no
ENSMUST00000116389.8|ENSMUSG00000027593|Raly	Raly	chr2	+	0	0		0		0		no
ENSMUST00000099173.10|ENSMUSG00000074656|Eif2s2	Eif2s2	chr2	-	0	0		0		0		no
ENSMUST00000054607.15|ENSMUSG00000027597|Ahcy	Ahcy	chr2	-	0	0		0		0		no
ENSMUST00000029126.14|ENSMUSG00000027598|Itch	Itch	chr2	+	0	0		0		0		no
ENSMUST00000109682.8|ENSMUSG00000047459|Dynlrb1	Dynlrb1	chr2	+	0	0		0		0		no
ENSMUST00000029128.3|ENSMUSG00000027602|Map1lc3a	Map1lc3a	chr2	+	0	0		0		0		no
ENSMUST00000077626.12|ENSMUSG00000038383|Pigu	Pigu	chr2	-	0	0		0		0		no
ENSMUST00000043237.13|ENSMUSG00000038375|Trp53inp2	Trp53inp2	chr2	+	0	0		0		0		no
ENSMUST00000029131.10|ENSMUSG00000027603|Ggt7	Ggt7	chr2	-	0	0		0		0		no
ENSMUST00000079691.12|ENSMUSG00000027610|Gss	Gss	chr2	-	0	0		0		0		no
ENSMUST00000041059.11|ENSMUSG00000038324|Trpc4ap	Trpc4ap	chr2	-	0	0		0		0		no
ENSMUST00000040833.4|ENSMUSG00000038312|Edem2	Edem2	chr2	-	0	0		0		0		no
ENSMUST00000029140.11|ENSMUSG00000027611|Procr	Procr	chr2	+	0	0		0		0		no
ENSMUST00000029141.5|ENSMUSG00000027612|Mmp24	Mmp24	chr2	+	0	0		0		0		no
ENSMUST00000124586.1|ENSMUSG00000074649|BC029722	BC029722	chr2	-	0	0		0		0		no
ENSMUST00000154841.7|ENSMUSG00000027613|Eif6	Eif6	chr2	-	0	0		0		0		no
ENSMUST00000131144.7|ENSMUSG00000038180|Spag4	Spag4	chr2	+	0	0		0		0		no
ENSMUST00000109607.9|ENSMUSG00000074643|Cpne1	Cpne1	chr2	-	0	0		0		0		no
ENSMUST00000160165.7|ENSMUSG00000098950|Gm28036	Gm28036	chr2	-	0	0		0		0		no
ENSMUST00000059647.11|ENSMUSG00000089824|Rbm12	Rbm12	chr2	-	0	0		0		0		no
ENSMUST00000029147.15|ENSMUSG00000027618|Nfs1	Nfs1	chr2	-	0	0		0		0		no
ENSMUST00000155837.7|ENSMUSG00000027620|Rbm39	Rbm39	chr2	-	0	0		0		0		no
ENSMUST00000037401.9|ENSMUSG00000038116|Phf20	Phf20	chr2	+	0	0		0		0		no
ENSMUST00000103137.9|ENSMUSG00000027624|Epb41l1	Epb41l1	chr2	+	0	0		0		0		no
ENSMUST00000029158.3|ENSMUSG00000027628|Aar2	Aar2	chr2	+	0	0		0		0		no
ENSMUST00000169464.8|ENSMUSG00000061689|Dlgap4	Dlgap4	chr2	+	0	0		0		0		no
ENSMUST00000088552.6|ENSMUSG00000067818|Myl9	Myl9	chr2	+	0	0		0		0		no
ENSMUST00000081335.12|ENSMUSG00000062175|Tgif2	Tgif2	chr2	+	0	0		0		0		no
ENSMUST00000029165.3|ENSMUSG00000027637|Rab5if	Rab5if	chr2	+	0	0		0		0		no
ENSMUST00000103129.8|ENSMUSG00000027635|Dsn1	Dsn1	chr2	-	0	0		0		0		no
ENSMUST00000123932.7|ENSMUSG00000027639|Samhd1	Samhd1	chr2	-	0	0		0		0		no
ENSMUST00000029170.7|ENSMUSG00000027641|Rbl1	Rbl1	chr2	-	0	0		0		0		no
ENSMUST00000116380.8|ENSMUSG00000027642|Rpn2	Rpn2	chr2	+	0	0		0		0		no
ENSMUST00000081202.5|ENSMUSG00000063019|Manbal	Manbal	chr2	+	0	0		0		0		no
ENSMUST00000029175.13|ENSMUSG00000027646|Src	Src	chr2	+	0	0		0		0		no
ENSMUST00000109528.8|ENSMUSG00000067787|Blcap	Blcap	chr2	-	0	0		0		0		no
ENSMUST00000109526.1|ENSMUSG00000067786|Nnat	Nnat	chr2	+	0	0		0		0		no
ENSMUST00000029178.6|ENSMUSG00000027649|Ctnnbl1	Ctnnbl1	chr2	+	0	0		0		0		no
ENSMUST00000109523.1|ENSMUSG00000037843|Vstm2l	Vstm2l	chr2	+	0	0		0		0		no
ENSMUST00000029179.10|ENSMUSG00000027650|Tti1	Tti1	chr2	-	0	0		0		0		no
ENSMUST00000174718.1|ENSMUSG00000037820|Tgm2	Tgm2	chr2	-	0	0		0		0		no
ENSMUST00000016168.8|ENSMUSG00000016024|Lbp	Lbp	chr2	+	0	0		0		0		no
ENSMUST00000109488.7|ENSMUSG00000044349|Snhg11	Snhg11	chr2	+	0	0		0		0		no
ENSMUST00000109486.8|ENSMUSG00000027652|Ralgapb	Ralgapb	chr2	+	0	0		0		0		no
ENSMUST00000052927.10|ENSMUSG00000037754|Ppp1r16b	Ppp1r16b	chr2	+	0	0		0		0		no
ENSMUST00000029186.13|ENSMUSG00000027655|Dhx35	Dhx35	chr2	+	0	0		0		0		no
ENSMUST00000099126.4|ENSMUSG00000074622|Mafb	Mafb	chr2	-	0	0		0		0		no
ENSMUST00000109468.2|ENSMUSG00000070544|Top1	Top1	chr2	+	0	0		0		0		no
ENSMUST00000151590.7|ENSMUSG00000016933|Plcg1	Plcg1	chr2	+	0	0		0		0		no
ENSMUST00000103111.8|ENSMUSG00000035877|Zhx3	Zhx3	chr2	-	0	0		0		0		no
ENSMUST00000109455.8|ENSMUSG00000027412|Lpin3	Lpin3	chr2	+	0	0		0		0		no
ENSMUST00000039782.13|ENSMUSG00000057133|Chd6	Chd6	chr2	-	0	0		0		0		no
ENSMUST00000109445.8|ENSMUSG00000053141|Ptprt	Ptprt	chr2	-	0	0		0		0		no
ENSMUST00000130411.6|ENSMUSG00000016921|Srsf6	Srsf6	chr2	+	0	0		0		0		no
ENSMUST00000018002.12|ENSMUSG00000017858|Ift52	Ift52	chr2	+	0	0		0		0		no
ENSMUST00000018005.9|ENSMUSG00000017861|Mybl2	Mybl2	chr2	+	0	0		0		0		no
ENSMUST00000109428.8|ENSMUSG00000074607|Tox2	Tox2	chr2	+	0	0		0		0		no
ENSMUST00000046908.9|ENSMUSG00000035399|Oser1	Oser1	chr2	-	0	0		0		0		no
ENSMUST00000109420.9|ENSMUSG00000017943|Gdap1l1	Gdap1l1	chr2	+	0	0		0		0		no
ENSMUST00000109418.1|ENSMUSG00000048486|Fitm2	Fitm2	chr2	-	0	0		0		0		no
ENSMUST00000109405.9|ENSMUSG00000017679|Ttpal	Ttpal	chr2	+	0	0		0		0		no
ENSMUST00000017851.3|ENSMUSG00000017707|Serinc3	Serinc3	chr2	-	0	0		0		0		no
ENSMUST00000164399.7|ENSMUSG00000035268|Pkig	Pkig	chr2	+	0	0		0		0		no
ENSMUST00000044734.2|ENSMUSG00000035226|Rims4	Rims4	chr2	-	0	0		0		0		no
ENSMUST00000018470.9|ENSMUSG00000018326|Ywhab	Ywhab	chr2	+	0	0		0		0		no
ENSMUST00000018466.3|ENSMUSG00000018322|Tomm34	Tomm34	chr2	-	0	0		0		0		no
ENSMUST00000018353.13|ENSMUSG00000018209|Stk4	Stk4	chr2	+	0	0		0		0		no
ENSMUST00000109367.9|ENSMUSG00000017002|Slpi	Slpi	chr2	-	0	0		0		0		no
ENSMUST00000017153.3|ENSMUSG00000017009|Sdc4	Sdc4	chr2	-	0	0		0		0		no
ENSMUST00000164863.1|ENSMUSG00000090996|Gm20458	Gm20458	chr2	+	0	0		0		0		no
ENSMUST00000109349.8|ENSMUSG00000017734|Dbndd2	Dbndd2	chr2	+	0	0		0		0		no
ENSMUST00000017443.13|ENSMUSG00000017299|Dnttip1	Dnttip1	chr2	+	0	0		0		0		no
ENSMUST00000056181.6|ENSMUSG00000050373|Snx21	Snx21	chr2	+	0	0		0		0		no
ENSMUST00000134611.3|ENSMUSG00000017307|Acot8	Acot8	chr2	-	0	0		0		0		no
ENSMUST00000052107.4|ENSMUSG00000045822|Zswim3	Zswim3	chr2	+	0	0		0		0		no
ENSMUST00000017908.2|ENSMUSG00000017764|Zswim1	Zswim1	chr2	+	0	0		0		0		no
ENSMUST00000103092.8|ENSMUSG00000017760|Ctsa	Ctsa	chr2	+	0	0		0		0		no
ENSMUST00000041643.4|ENSMUSG00000039849|Pcif1	Pcif1	chr2	+	0	0		0		0		no
ENSMUST00000183830.7|ENSMUSG00000039834|Zfp335	Zfp335	chr2	-	0	0		0		0		no
ENSMUST00000017881.2|ENSMUSG00000017737|Mmp9	Mmp9	chr2	+	0	0		0		0		no
ENSMUST00000202136.1|ENSMUSG00000017740|Slc12a5	Slc12a5	chr2	+	0	0		0		0		no
ENSMUST00000122070.1|ENSMUSG00000039804|Ncoa5	Ncoa5	chr2	-	0	0		0		0		no
ENSMUST00000017799.11|ENSMUSG00000017652|Cd40	Cd40	chr2	+	0	0		0		0		no
ENSMUST00000138643.1|ENSMUSG00000053166|Cdh22	Cdh22	chr2	-	0	0		0		0		no
ENSMUST00000132270.7|ENSMUSG00000017664|Slc35c2	Slc35c2	chr2	-	0	0		0		0		no
ENSMUST00000126318.7|ENSMUSG00000017670|Elmo2	Elmo2	chr2	-	0	0		0		0		no
ENSMUST00000103084.3|ENSMUSG00000017667|Zfp334	Zfp334	chr2	-	0	0		0		0		no
ENSMUST00000029208.14|ENSMUSG00000018459|Slc13a3	Slc13a3	chr2	-	0	0		0		0		no
ENSMUST00000039007.6|ENSMUSG00000039725|Trp53rka	Trp53rka	chr2	-	0	0		0		0		no
ENSMUST00000029196.4|ENSMUSG00000027661|Slc2a10	Slc2a10	chr2	+	0	0		0		0		no
ENSMUST00000063433.7|ENSMUSG00000017897|Eya2	Eya2	chr2	+	0	0		0		0		no
ENSMUST00000088095.5|ENSMUSG00000027678|Ncoa3	Ncoa3	chr2	+	0	0		0		0		no
ENSMUST00000109249.8|ENSMUSG00000006800|Sulf2	Sulf2	chr2	-	0	0		0		0		no
ENSMUST00000036719.11|ENSMUSG00000039621|Prex1	Prex1	chr2	-	0	0		0		0		no
ENSMUST00000151826.1|ENSMUSG00000042854|Trp53rkb	Trp53rkb	chr2	+	0	0		0		0		no
ENSMUST00000099078.9|ENSMUSG00000074582|Arfgef2	Arfgef2	chr2	+	0	0		0		0		no
ENSMUST00000169290.7|ENSMUSG00000002718|Cse1l	Cse1l	chr2	+	0	0		0		0		no
ENSMUST00000109235.7|ENSMUSG00000039536|Stau1	Stau1	chr2	-	0	0		0		0		no
ENSMUST00000048988.13|ENSMUSG00000039501|Znfx1	Znfx1	chr2	-	0	0		0		0		no
ENSMUST00000207917.1|ENSMUSG00000050556|Kcnb1	Kcnb1	chr2	-	0	0		0		0		no
ENSMUST00000018113.7|ENSMUSG00000017969|Ptgis	Ptgis	chr2	-	0	0		0		0		no
ENSMUST00000109221.8|ENSMUSG00000017929|B4galt5	B4galt5	chr2	-	0	0		0		0		no
ENSMUST00000047815.12|ENSMUSG00000039463|Slc9a8	Slc9a8	chr2	+	0	0		0		0		no
ENSMUST00000057627.15|ENSMUSG00000047030|Spata2	Spata2	chr2	-	0	0		0		0		no
ENSMUST00000127939.1|ENSMUSG00000006418|Rnf114	Rnf114	chr2	+	0	0		0		0		no
ENSMUST00000052631.7|ENSMUSG00000042821|Snai1	Snai1	chr2	+	0	0		0		0		no
ENSMUST00000109207.9|ENSMUSG00000078923|Ube2v1	Ube2v1	chr2	-	0	0		0		0		no
ENSMUST00000125544.2|ENSMUSG00000089739|Gm20431	Gm20431	chr2	-	0	0		0		0		no
ENSMUST00000006587.6|ENSMUSG00000090213|Tmem189	Tmem189	chr2	-	0	0		0		0		no
ENSMUST00000070642.3|ENSMUSG00000056501|Cebpb	Cebpb	chr2	+	0	0		0		0		no
ENSMUST00000029053.7|ENSMUSG00000027540|Ptpn1	Ptpn1	chr2	+	0	0		0		0		no
ENSMUST00000099073.2|ENSMUSG00000074577|Ripor3	Ripor3	chr2	-	0	0		0		0		no
ENSMUST00000057793.10|ENSMUSG00000051149|Adnp	Adnp	chr2	-	0	0		0		0		no
ENSMUST00000138667.1|ENSMUSG00000093752|Gm20716	Gm20716	chr2	-	0	0		0		0		no
ENSMUST00000099072.10|ENSMUSG00000078919|Dpm1	Dpm1	chr2	-	0	0		0		0		no
ENSMUST00000099071.4|ENSMUSG00000074576|Mocs3	Mocs3	chr2	+	0	0		0		0		no
ENSMUST00000109175.8|ENSMUSG00000027546|Atp9a	Atp9a	chr2	-	0	0		0		0		no
ENSMUST00000185239.1|ENSMUSG00000047907|Tshz2	Tshz2	chr2	+	0	0		0		0		no
ENSMUST00000154650.7|ENSMUSG00000013523|Bcas1	Bcas1	chr2	-	0	0		0		0		no
ENSMUST00000063682.11|ENSMUSG00000052033|Pfdn4	Pfdn4	chr2	+	0	0		0		0		no
ENSMUST00000029075.4|ENSMUSG00000027560|Dok5	Dok5	chr2	+	0	0		0		0		no
ENSMUST00000028995.4|ENSMUSG00000027495|Fam210b	Fam210b	chr2	+	0	0		0		0		no
ENSMUST00000109140.9|ENSMUSG00000027496|Aurka	Aurka	chr2	-	0	0		0		0		no
ENSMUST00000116375.1|ENSMUSG00000027498|Cstf1	Cstf1	chr2	+	0	0		0		0		no
ENSMUST00000029005.3|ENSMUSG00000027502|Rtf2	Rtf2	chr2	+	0	0		0		0		no
ENSMUST00000009143.7|ENSMUSG00000008999|Bmp7	Bmp7	chr2	-	0	0		0		0		no
ENSMUST00000029013.9|ENSMUSG00000027509|Rae1	Rae1	chr2	+	0	0		0		0		no
ENSMUST00000029018.13|ENSMUSG00000027514|Zbp1	Zbp1	chr2	-	0	0		0		0		no
ENSMUST00000036248.12|ENSMUSG00000038400|Pmepa1	Pmepa1	chr2	-	0	0		0		0		no
ENSMUST00000142820.7|ENSMUSG00000027519|Rab22a	Rab22a	chr2	+	1	1	0.0009617427733903	50	chr2:173702200-173702250(fdr=9.62e-04)	0		yes
ENSMUST00000067530.5|ENSMUSG00000054455|Vapb	Vapb	chr2	+	0	0		0		0		no
ENSMUST00000087908.9|ENSMUSG00000027522|Stx16	Stx16	chr2	+	0	0		0		0		no
ENSMUST00000109096.8|ENSMUSG00000027523|Gnas	Gnas	chr2	+	3	3	1.3680882632554902e-09	150	chr2:174337800-174337850(fdr=1.37e-09);chr2:174337950-174338000(fdr=1.25e-04);chr2:174338000-174338050(fdr=3.71e-08)	0		yes
ENSMUST00000168292.1|ENSMUSG00000090625|Gm20721	Gm20721	chr2	-	0	0		0		0		no
ENSMUST00000109075.7|ENSMUSG00000016253|Nelfcd	Nelfcd	chr2	+	0	0		0		0		no
ENSMUST00000016400.8|ENSMUSG00000016256|Ctsz	Ctsz	chr2	-	0	0		0		0		no
ENSMUST00000016396.7|ENSMUSG00000016252|Atp5e	Atp5e	chr2	-	0	0		0		0		no
ENSMUST00000016401.14|ENSMUSG00000016257|Prelid3b	Prelid3b	chr2	-	0	0		0		0		no
ENSMUST00000029030.8|ENSMUSG00000027524|Edn3	Edn3	chr2	+	0	0		0		0		no
ENSMUST00000109059.7|ENSMUSG00000090093|Gm14399	Gm14399	chr2	-	0	0		0		0		no
ENSMUST00000109055.1|ENSMUSG00000078903|Gm14391	Gm14391	chr2	-	0	0		0		0		no
ENSMUST00000109051.7|ENSMUSG00000078901|Gm14440	Gm14440	chr2	+	0	0		0		0		no
ENSMUST00000121393.8|ENSMUSG00000078899|Gm4631	Gm4631	chr2	-	0	0		0		0		no
ENSMUST00000131676.7|ENSMUSG00000078898|Zfp968	Zfp968	chr2	+	0	0		0		0		no
ENSMUST00000152941.1|ENSMUSG00000078897|Gm4724	Gm4724	chr2	-	0	0		0		0		no
ENSMUST00000109042.9|ENSMUSG00000078896|Zfp965	Zfp965	chr2	+	0	0		0		0		no
ENSMUST00000109020.8|ENSMUSG00000078889|Gm14288	Gm14288	chr2	-	0	0		0		0		no
ENSMUST00000109011.7|ENSMUSG00000078887|Gm6710	Gm6710	chr2	+	0	0		0		0		no
ENSMUST00000109007.7|ENSMUSG00000078886|Gm2026	Gm2026	chr2	+	0	0		0		0		no
ENSMUST00000099009.8|ENSMUSG00000078894|2210418O10Rik	2210418O10Rik	chr2	+	0	0		0		0		no
ENSMUST00000127687.7|ENSMUSG00000089951|Zfp968-ps	Zfp968-ps	chr2	+	0	0		0		0		no
ENSMUST00000120959.7|ENSMUSG00000078881|Gm14434	Gm14434	chr2	-	0	0		0		0		no
ENSMUST00000238250.1|ENSMUSG00000095199|Zfp967	Zfp967	chr2	+	0	0		0		0		no
ENSMUST00000119149.7|ENSMUSG00000078880|Gm14308	Gm14308	chr2	-	0	0		0		0		no
ENSMUST00000108980.8|ENSMUSG00000078878|Gm14305	Gm14305	chr2	+	0	0		0		0		no
ENSMUST00000118012.8|ENSMUSG00000078877|Gm14295	Gm14295	chr2	+	0	0		0		0		no
ENSMUST00000134982.7|ENSMUSG00000074527|Gm14296	Gm14296	chr2	-	0	0		0		0		no
ENSMUST00000156844.7|ENSMUSG00000078875|Gm14419	Gm14419	chr2	+	0	0		0		0		no
ENSMUST00000108964.1|ENSMUSG00000078870|Gm14410	Gm14410	chr2	-	0	0		0		0		no
ENSMUST00000108955.1|ENSMUSG00000078867|Gm14418	Gm14418	chr2	-	0	0		0		0		no
ENSMUST00000099002.9|ENSMUSG00000078866|Zfp970	Zfp970	chr2	+	0	0		0		0		no
ENSMUST00000108935.7|ENSMUSG00000074521|Gm14327	Gm14327	chr2	+	0	0		0		0		no
ENSMUST00000108932.7|ENSMUSG00000078862|Gm14326	Gm14326	chr2	-	0	0		0		0		no
ENSMUST00000108925.9|ENSMUSG00000074519|Zfp971	Zfp971	chr2	+	0	0		0		0		no
ENSMUST00000108923.1|ENSMUSG00000078861|Zfp931	Zfp931	chr2	-	0	0		0		0		no
ENSMUST00000108917.7|ENSMUSG00000027525|Phactr3	Phactr3	chr2	+	0	0		0		0		no
ENSMUST00000058678.4|ENSMUSG00000049999|Ppp1r3d	Ppp1r3d	chr2	-	0	0		0		0		no
ENSMUST00000094251.10|ENSMUSG00000070476|Fam217b	Fam217b	chr2	+	0	0		0		0		no
ENSMUST00000000314.12|ENSMUSG00000000305|Cdh4	Cdh4	chr2	+	0	0		0		0		no
ENSMUST00000041618.12|ENSMUSG00000039117|Taf4	Taf4	chr2	-	0	0		0		0		no
ENSMUST00000041126.8|ENSMUSG00000039086|Ss18l1	Ss18l1	chr2	+	0	0		0		0		no
ENSMUST00000166724.1|ENSMUSG00000039059|Hrh3	Hrh3	chr2	-	0	0		0		0		no
ENSMUST00000040668.8|ENSMUSG00000039050|Osbpl2	Osbpl2	chr2	+	0	0		0		0		no
ENSMUST00000108891.1|ENSMUSG00000038990|Cables2	Cables2	chr2	-	0	0		0		0		no
ENSMUST00000029085.8|ENSMUSG00000027569|Mrgbp	Mrgbp	chr2	+	0	0		0		0		no
ENSMUST00000029087.3|ENSMUSG00000049401|Ogfr	Ogfr	chr2	+	0	0		0		0		no
ENSMUST00000132527.8|ENSMUSG00000027570|Col9a3	Col9a3	chr2	+	0	0		0		0		no
ENSMUST00000029090.8|ENSMUSG00000027573|Gid8	Gid8	chr2	+	0	0		0		0		no
ENSMUST00000037299.14|ENSMUSG00000038848|Ythdf1	Ythdf1	chr2	-	0	0		0		0		no
ENSMUST00000103053.9|ENSMUSG00000027574|Nkain4	Nkain4	chr2	-	0	0		0		0		no
ENSMUST00000029092.12|ENSMUSG00000027575|Arfgap1	Arfgap1	chr2	+	0	0		0		0		no
ENSMUST00000149964.8|ENSMUSG00000016346|Kcnq2	Kcnq2	chr2	-	0	0		0		0		no
ENSMUST00000016488.12|ENSMUSG00000016344|Ppdpf	Ppdpf	chr2	+	0	0		0		0		no
ENSMUST00000108831.7|ENSMUSG00000027580|Helz2	Helz2	chr2	-	0	0		0		0		no
ENSMUST00000141110.7|ENSMUSG00000038705|Gmeb2	Gmeb2	chr2	-	0	0		0		0		no
ENSMUST00000103045.3|ENSMUSG00000027581|Stmn3	Stmn3	chr2	-	0	0		0		0		no
ENSMUST00000183499.1|ENSMUSG00000038671|Arfrp1	Arfrp1	chr2	-	0	0		0		0		no
ENSMUST00000116366.8|ENSMUSG00000027582|Zgpat	Zgpat	chr2	+	0	0		0		0		no
ENSMUST00000108804.2|ENSMUSG00000090077|Lime1	Lime1	chr2	+	0	0		0		0		no
ENSMUST00000029106.12|ENSMUSG00000027583|Zbtb46	Zbtb46	chr2	-	0	0		0		0		no
ENSMUST00000184588.7|ENSMUSG00000000827|Tpd52l2	Tpd52l2	chr2	+	0	0		0		0		no
ENSMUST00000072334.11|ENSMUSG00000000826|Dnajc5	Dnajc5	chr2	+	0	0		0		0		no
ENSMUST00000129469.7|ENSMUSG00000089917|Uckl1	Uckl1	chr2	-	0	0		0		0		no
ENSMUST00000108789.8|ENSMUSG00000000823|Zfp512b	Zfp512b	chr2	-	0	0		0		0		no
ENSMUST00000183836.1|ENSMUSG00000038605|Samd10	Samd10	chr2	-	0	0		0		0		no
ENSMUST00000054491.5|ENSMUSG00000046470|Sox18	Sox18	chr2	-	0	0		0		0		no
ENSMUST00000108779.7|ENSMUSG00000002458|Rgs19	Rgs19	chr2	-	0	0		0		0		no
ENSMUST00000108754.7|ENSMUSG00000027589|Pcmtd2	Pcmtd2	chr2	+	0	0		0		0		no
ENSMUST00000039551.8|ENSMUSG00000038628|Polr3k	Polr3k	chr2	+	0	0		0		0		no
ENSMUST00000165309.7|ENSMUSG00000040374|Pex2	Pex2	chr3	-	0	0		0		0		no
ENSMUST00000028999.11|ENSMUSG00000027499|Pkia	Pkia	chr3	+	0	0		0		0		no
ENSMUST00000051064.8|ENSMUSG00000043542|Zc2hc1a	Zc2hc1a	chr3	+	0	0		0		0		no
ENSMUST00000029002.8|ENSMUSG00000027500|Stmn2	Stmn2	chr3	+	0	0		0		0		no
ENSMUST00000042412.4|ENSMUSG00000040289|Hey1	Hey1	chr3	-	0	0		0		0		no
ENSMUST00000041124.12|ENSMUSG00000040209|Zfp704	Zfp704	chr3	-	0	0		0		0		no
ENSMUST00000161949.7|ENSMUSG00000027508|Pag1	Pag1	chr3	-	0	0		0		0		no
ENSMUST00000029046.8|ENSMUSG00000027533|Fabp5	Fabp5	chr3	+	0	0		0		0		no
ENSMUST00000029041.5|ENSMUSG00000062515|Fabp4	Fabp4	chr3	-	0	0		0		0		no
ENSMUST00000065938.14|ENSMUSG00000027531|Impa1	Impa1	chr3	-	0	0		0		0		no
ENSMUST00000192603.1|ENSMUSG00000103392|Gm38303	Gm38303	chr3	-	0	0		0		0		no
ENSMUST00000191826.1|ENSMUSG00000027536|Chmp4c	Chmp4c	chr3	+	0	0		0		0		no
ENSMUST00000099223.10|ENSMUSG00000027534|Snx16	Snx16	chr3	-	0	0		0		0		no
ENSMUST00000108372.3|ENSMUSG00000039717|Ralyl	Ralyl	chr3	+	0	0		0		0		no
ENSMUST00000165436.1|ENSMUSG00000027550|Lrrcc1	Lrrcc1	chr3	+	0	0		0		0		no
ENSMUST00000029069.12|ENSMUSG00000027552|E2f5	E2f5	chr3	+	0	0		0		0		no
ENSMUST00000186870.6|ENSMUSG00000078784|Rbis	Rbis	chr3	-	0	0		0		0		no
ENSMUST00000029071.8|ENSMUSG00000027555|Car13	Car13	chr3	+	0	0		0		0		no
ENSMUST00000029078.8|ENSMUSG00000027562|Car2	Car2	chr3	+	0	0		0		0		no
ENSMUST00000108345.8|ENSMUSG00000047213|Ythdf3	Ythdf3	chr3	+	0	0		0		0		no
ENSMUST00000026120.7|ENSMUSG00000025128|Bhlhe22	Bhlhe22	chr3	+	0	0		0		0		no
ENSMUST00000035625.6|ENSMUSG00000039519|Cyp7b1	Cyp7b1	chr3	-	0	0		0		0		no
ENSMUST00000029125.9|ENSMUSG00000027599|Armc1	Armc1	chr3	-	0	0		0		0		no
ENSMUST00000172605.1|ENSMUSG00000003617|Cp	Cp	chr3	+	0	0		0		0		no
ENSMUST00000012580.12|ENSMUSG00000027615|Hps3	Hps3	chr3	-	0	0		0		0		no
ENSMUST00000145853.7|ENSMUSG00000002428|Hltf	Hltf	chr3	+	0	0		0		0		no
ENSMUST00000118015.8|ENSMUSG00000019528|Gyg	Gyg	chr3	-	0	0		0		0		no
ENSMUST00000193734.5|ENSMUSG00000027630|Tbl1xr1	Tbl1xr1	chr3	+	0	0		0		0		no
ENSMUST00000046383.11|ENSMUSG00000039304|Tnfsf10	Tnfsf10	chr3	+	0	0		0		0		no
ENSMUST00000195008.5|ENSMUSG00000039286|Fndc3b	Fndc3b	chr3	-	0	0		0		0		no
ENSMUST00000148827.7|ENSMUSG00000027695|Pld1	Pld1	chr3	+	0	0		0		0		no
ENSMUST00000060500.8|ENSMUSG00000050192|Eif5a2	Eif5a2	chr3	+	0	0		0		0		no
ENSMUST00000193168.1|ENSMUSG00000039221|Rpl22l1	Rpl22l1	chr3	+	0	0		0		0		no
ENSMUST00000172754.7|ENSMUSG00000027684|Mecom	Mecom	chr3	-	0	0		0		0		no
ENSMUST00000195396.5|ENSMUSG00000037730|Mynn	Mynn	chr3	+	0	0		0		0		no
ENSMUST00000029256.8|ENSMUSG00000027706|Sec62	Sec62	chr3	+	0	0		0		0		no
ENSMUST00000166278.6|ENSMUSG00000037661|Gpr160	Gpr160	chr3	+	0	0		0		0		no
ENSMUST00000108249.8|ENSMUSG00000037643|Prkci	Prkci	chr3	+	0	0		0		0		no
ENSMUST00000029194.11|ENSMUSG00000027660|Skil	Skil	chr3	+	0	0		0		0		no
ENSMUST00000046174.7|ENSMUSG00000037625|Cldn11	Cldn11	chr3	+	2	2	0.001592577233961	100	chr3:31164100-31164150(fdr=1.10e-02);chr3:31164150-31164200(fdr=1.59e-03)	0		yes
ENSMUST00000029199.10|ENSMUSG00000027663|Zmat3	Zmat3	chr3	-	0	0		0		0		no
ENSMUST00000029201.13|ENSMUSG00000027665|Pik3ca	Pik3ca	chr3	+	0	0		0		0		no
ENSMUST00000193789.1|ENSMUSG00000027667|Zfp639	Zfp639	chr3	+	0	0		0		0		no
ENSMUST00000091257.10|ENSMUSG00000027668|Mfn1	Mfn1	chr3	+	0	0		0		0		no
ENSMUST00000184130.6|ENSMUSG00000027669|Gnb4	Gnb4	chr3	-	0	0		0		0		no
ENSMUST00000193231.5|ENSMUSG00000027671|Actl6a	Actl6a	chr3	+	0	0		0		0		no
ENSMUST00000043966.7|ENSMUSG00000037531|Mrpl47	Mrpl47	chr3	-	0	0		0		0		no
ENSMUST00000029217.11|ENSMUSG00000027673|Ndufb5	Ndufb5	chr3	+	0	0		0		0		no
ENSMUST00000108225.9|ENSMUSG00000027674|Pex5l	Pex5l	chr3	-	0	0		0		0		no
ENSMUST00000099153.9|ENSMUSG00000027677|Ttc14	Ttc14	chr3	+	0	0		0		0		no
ENSMUST00000200086.4|ENSMUSG00000027680|Fxr1	Fxr1	chr3	+	0	0		0		0		no
ENSMUST00000011029.11|ENSMUSG00000027679|Dnajc19	Dnajc19	chr3	-	0	0		0		0		no
ENSMUST00000099151.5|ENSMUSG00000074637|Sox2	Sox2	chr3	+	0	0		0		0		no
ENSMUST00000198599.1|ENSMUSG00000037400|Atp11b	Atp11b	chr3	+	0	0		0		0		no
ENSMUST00000197489.4|ENSMUSG00000027708|Dcun1d1	Dcun1d1	chr3	-	0	0		0		0		no
ENSMUST00000199113.4|ENSMUSG00000027709|Mccc1	Mccc1	chr3	-	0	0		0		0		no
ENSMUST00000011492.14|ENSMUSG00000027710|Acad9	Acad9	chr3	+	0	0		0		0		no
ENSMUST00000197653.4|ENSMUSG00000033883|Zfp267	Zfp267	chr3	+	0	0		0		0		no
ENSMUST00000029266.13|ENSMUSG00000027712|Anxa5	Anxa5	chr3	-	0	0		0		0		no
ENSMUST00000155866.7|ENSMUSG00000027714|Exosc9	Exosc9	chr3	+	0	0		0		0		no
ENSMUST00000029271.4|ENSMUSG00000027716|Trpc3	Trpc3	chr3	-	0	0		0		0		no
ENSMUST00000071400.12|ENSMUSG00000045031|Cetn4	Cetn4	chr3	-	0	0		0		0		no
ENSMUST00000108109.7|ENSMUSG00000037211|Spry1	Spry1	chr3	+	0	0		0		0		no
ENSMUST00000061260.7|ENSMUSG00000046743|Fat4	Fat4	chr3	+	0	0		0		0		no
ENSMUST00000204702.2|ENSMUSG00000025757|Hspa4l	Hspa4l	chr3	+	0	0		0		0		no
ENSMUST00000203895.2|ENSMUSG00000025758|Plk4	Plk4	chr3	+	0	0		0		0		no
ENSMUST00000204054.1|ENSMUSG00000025759|Mfsd8	Mfsd8	chr3	-	0	0		0		0		no
ENSMUST00000058578.7|ENSMUSG00000049940|Pgrmc2	Pgrmc2	chr3	-	0	0		0		0		no
ENSMUST00000026865.14|ENSMUSG00000025764|Jade1	Jade1	chr3	+	0	0		0		0		no
ENSMUST00000146125.7|ENSMUSG00000059834|Sclt1	Sclt1	chr3	-	0	0		0		0		no
ENSMUST00000191794.1|ENSMUSG00000037892|Pcdh18	Pcdh18	chr3	-	0	0		0		0		no
ENSMUST00000029297.5|ENSMUSG00000027737|Slc7a11	Slc7a11	chr3	-	0	0		0		0		no
ENSMUST00000023849.14|ENSMUSG00000023087|Noct	Noct	chr3	+	0	0		0		0		no
ENSMUST00000038108.11|ENSMUSG00000037152|Ndufc1	Ndufc1	chr3	-	0	0		0		0		no
ENSMUST00000193266.5|ENSMUSG00000063273|Naa15	Naa15	chr3	+	0	0		0		0		no
ENSMUST00000054387.7|ENSMUSG00000027739|Rab33b	Rab33b	chr3	+	0	0		0		0		no
ENSMUST00000118075.6|ENSMUSG00000061143|Maml3	Maml3	chr3	-	0	0		0		0		no
ENSMUST00000053764.6|ENSMUSG00000044167|Foxo1	Foxo1	chr3	+	0	0		0		0		no
ENSMUST00000036665.9|ENSMUSG00000027742|Cog6	Cog6	chr3	-	0	0		0		0		no
ENSMUST00000059562.13|ENSMUSG00000048332|Lhfp	Lhfp	chr3	+	0	0		0		0		no
ENSMUST00000130348.1|ENSMUSG00000042997|Nhlrc3	Nhlrc3	chr3	-	0	0		0		0		no
ENSMUST00000146598.7|ENSMUSG00000027746|Ufm1	Ufm1	chr3	-	0	0		0		0		no
ENSMUST00000107985.9|ENSMUSG00000027750|Postn	Postn	chr3	+	0	0		0		0		no
ENSMUST00000199674.4|ENSMUSG00000027751|Supt20	Supt20	chr3	+	0	0		0		0		no
ENSMUST00000178832.1|ENSMUSG00000094487|Gm21958	Gm21958	chr3	-	0	0		0		0		no
ENSMUST00000154787.7|ENSMUSG00000027752|Exosc8	Exosc8	chr3	-	0	0		0		0		no
ENSMUST00000141191.7|ENSMUSG00000036632|Alg5	Alg5	chr3	+	0	0		0		0		no
ENSMUST00000044373.5|ENSMUSG00000036615|Rfxap	Rfxap	chr3	-	0	0		0		0		no
ENSMUST00000044116.13|ENSMUSG00000036580|Spg20	Spg20	chr3	+	0	0		0		0		no
ENSMUST00000070418.8|ENSMUSG00000027797|Dclk1	Dclk1	chr3	+	0	0		0		0		no
ENSMUST00000029374.7|ENSMUSG00000027799|Nbea	Nbea	chr3	-	0	0		0		0		no
ENSMUST00000171384.7|ENSMUSG00000027800|Tm4sf1	Tm4sf1	chr3	-	0	0		0		0		no
ENSMUST00000029380.13|ENSMUSG00000027803|Wwtr1	Wwtr1	chr3	-	0	0		0		0		no
ENSMUST00000041954.9|ENSMUSG00000036513|Commd2	Commd2	chr3	-	0	0		0		0		no
ENSMUST00000066882.9|ENSMUSG00000027805|Pfn2	Pfn2	chr3	-	0	0		0		0		no
ENSMUST00000029385.8|ENSMUSG00000027808|Serp1	Serp1	chr3	-	0	0		0		0		no
ENSMUST00000154219.7|ENSMUSG00000027810|Eif2a	Eif2a	chr3	+	0	0		0		0		no
ENSMUST00000107924.1|ENSMUSG00000075700|Selenot	Selenot	chr3	+	0	0		0		0		no
ENSMUST00000070368.7|ENSMUSG00000036432|Siah2	Siah2	chr3	-	0	0		0		0		no
ENSMUST00000085040.4|ENSMUSG00000050075|Gpr171	Gpr171	chr3	-	0	0		0		0		no
ENSMUST00000197841.1|ENSMUSG00000036381|P2ry14	P2ry14	chr3	-	0	0		0		0		no
ENSMUST00000040622.2|ENSMUSG00000036362|P2ry13	P2ry13	chr3	-	0	0		0		0		no
ENSMUST00000196583.4|ENSMUSG00000036353|P2ry12	P2ry12	chr3	-	0	0		0		0		no
ENSMUST00000039419.11|ENSMUSG00000036334|Igsf10	Igsf10	chr3	-	0	0		0		0		no
ENSMUST00000194069.5|ENSMUSG00000027763|Mbnl1	Mbnl1	chr3	+	0	0		0		0		no
ENSMUST00000193201.1|ENSMUSG00000027765|P2ry1	P2ry1	chr3	+	0	0		0		0		no
ENSMUST00000049064.3|ENSMUSG00000036894|Rap2b	Rap2b	chr3	+	0	0		0		0		no
ENSMUST00000079300.12|ENSMUSG00000036885|Arhgef26	Arhgef26	chr3	+	0	0		0		0		no
ENSMUST00000029336.5|ENSMUSG00000027770|Dhx36	Dhx36	chr3	-	0	0		0		0		no
ENSMUST00000194134.5|ENSMUSG00000027820|Mme	Mme	chr3	+	0	0		0		0		no
ENSMUST00000061706.6|ENSMUSG00000048581|E130311K13Rik	E130311K13Rik	chr3	-	0	0		0		0		no
ENSMUST00000161659.7|ENSMUSG00000027822|Slc33a1	Slc33a1	chr3	-	0	0		0		0		no
ENSMUST00000049230.10|ENSMUSG00000027827|Kcnab1	Kcnab1	chr3	+	0	0		0		0		no
ENSMUST00000029414.11|ENSMUSG00000027828|Ssr3	Ssr3	chr3	-	0	0		0		0		no
ENSMUST00000047906.9|ENSMUSG00000034640|Tiparp	Tiparp	chr3	+	0	0		0		0		no
ENSMUST00000099075.3|ENSMUSG00000074579|Lekr1	Lekr1	chr3	+	0	0		0		0		no
ENSMUST00000129002.7|ENSMUSG00000027829|Ccnl1	Ccnl1	chr3	-	0	0		0		0		no
ENSMUST00000029421.5|ENSMUSG00000027832|Ptx3	Ptx3	chr3	+	0	0		0		0		no
ENSMUST00000161726.1|ENSMUSG00000034544|Rsrc1	Rsrc1	chr3	+	0	0		0		0		no
ENSMUST00000126628.6|ENSMUSG00000048416|Mlf1	Mlf1	chr3	+	0	0		0		0		no
ENSMUST00000077271.8|ENSMUSG00000027774|Gfm1	Gfm1	chr3	+	0	0		0		0		no
ENSMUST00000058981.2|ENSMUSG00000047557|Lxn	Lxn	chr3	-	0	0		0		0		no
ENSMUST00000054825.4|ENSMUSG00000049404|Rarres1	Rarres1	chr3	-	0	0		0		0		no
ENSMUST00000029344.9|ENSMUSG00000027775|Mfsd1	Mfsd1	chr3	+	0	0		0		0		no
ENSMUST00000182006.3|ENSMUSG00000102422|Iqschfp	Iqschfp	chr3	+	0	0		0		0		no
ENSMUST00000182532.7|ENSMUSG00000027777|Schip1	Schip1	chr3	+	0	0		0		0		no
ENSMUST00000054551.2|ENSMUSG00000046999|1110032F04Rik	1110032F04Rik	chr3	+	0	0		0		0		no
ENSMUST00000107812.7|ENSMUSG00000027778|Ift80	Ift80	chr3	-	0	0		0		0		no
ENSMUST00000107802.7|ENSMUSG00000034317|Trim59	Trim59	chr3	-	0	0		0		0		no
ENSMUST00000029353.8|ENSMUSG00000027782|Kpna4	Kpna4	chr3	-	0	0		0		0		no
ENSMUST00000029355.8|ENSMUSG00000027784|Ppm1l	Ppm1l	chr3	+	0	0		0		0		no
ENSMUST00000061826.2|ENSMUSG00000043300|B3galnt1	B3galnt1	chr3	-	0	0		0		0		no
ENSMUST00000029358.14|ENSMUSG00000027787|Nmd3	Nmd3	chr3	+	0	0		0		0		no
ENSMUST00000029367.5|ENSMUSG00000027792|Bche	Bche	chr3	-	0	0		0		0		no
ENSMUST00000161137.7|ENSMUSG00000027835|Pdcd10	Pdcd10	chr3	-	0	0		0		0		no
ENSMUST00000029423.8|ENSMUSG00000027834|Serpini1	Serpini1	chr3	+	0	0		0		0		no
ENSMUST00000038563.13|ENSMUSG00000034109|Golim4	Golim4	chr3	-	0	0		0		0		no
ENSMUST00000118100.7|ENSMUSG00000062232|Rapgef2	Rapgef2	chr3	-	0	0		0		0		no
ENSMUST00000133154.6|ENSMUSG00000061175|Fnip2	Fnip2	chr3	-	0	0		0		0		no
ENSMUST00000029386.13|ENSMUSG00000027809|Etfdh	Etfdh	chr3	-	0	0		0		0		no
ENSMUST00000029388.9|ENSMUSG00000027811|4930579G24Rik	4930579G24Rik	chr3	+	0	0		0		0		no
ENSMUST00000029568.6|ENSMUSG00000027956|Tmem144	Tmem144	chr3	-	0	0		0		0		no
ENSMUST00000118853.7|ENSMUSG00000027955|Gask1b	Gask1b	chr3	+	0	0		0		0		no
ENSMUST00000029649.2|ENSMUSG00000028015|Ctso	Ctso	chr3	+	0	0		0		0		no
ENSMUST00000029635.13|ENSMUSG00000028005|Gucy1b1	Gucy1b1	chr3	-	0	0		0		0		no
ENSMUST00000193924.5|ENSMUSG00000033910|Gucy1a1	Gucy1a1	chr3	-	0	0		0		0		no
ENSMUST00000029628.10|ENSMUSG00000027998|Plrg1	Plrg1	chr3	+	0	0		0		0		no
ENSMUST00000107692.7|ENSMUSG00000027993|Trim2	Trim2	chr3	-	0	0		0		0		no
ENSMUST00000107689.6|ENSMUSG00000041842|Fhdc1	Fhdc1	chr3	-	0	0		0		0		no
ENSMUST00000098990.9|ENSMUSG00000074513|Arfip1	Arfip1	chr3	-	0	0		0		0		no
ENSMUST00000154148.7|ENSMUSG00000102805|Gm37240	Gm37240	chr3	-	0	0		0		0		no
ENSMUST00000107682.1|ENSMUSG00000056498|Tmem154	Tmem154	chr3	+	0	0		0		0		no
ENSMUST00000107679.7|ENSMUSG00000028086|Fbxw7	Fbxw7	chr3	+	0	0		0		0		no
ENSMUST00000127348.7|ENSMUSG00000028085|Gatb	Gatb	chr3	+	0	0		0		0		no
ENSMUST00000238443.1|ENSMUSG00000028082|Sh3d19	Sh3d19	chr3	+	0	0		0		0		no
ENSMUST00000063869.10|ENSMUSG00000028076|Cd1d1	Cd1d1	chr3	-	0	0		0		0		no
ENSMUST00000159976.7|ENSMUSG00000041734|Kirrel	Kirrel	chr3	-	0	0		0		0		no
ENSMUST00000090986.10|ENSMUSG00000015852|Fcrls	Fcrls	chr3	-	0	0		0		0		no
ENSMUST00000015998.7|ENSMUSG00000015854|Cd5l	Cd5l	chr3	+	0	0		0		0		no
ENSMUST00000119109.7|ENSMUSG00000003382|Etv3	Etv3	chr3	+	0	0		0		0		no
ENSMUST00000152006.1|ENSMUSG00000041977|Arhgef11	Arhgef11	chr3	+	0	0		0		0		no
ENSMUST00000174267.7|ENSMUSG00000028073|Pear1	Pear1	chr3	-	0	0		0		0		no
ENSMUST00000005015.9|ENSMUSG00000004895|Prcc	Prcc	chr3	-	0	0		0		0		no
ENSMUST00000005017.14|ENSMUSG00000004897|Hdgf	Hdgf	chr3	+	0	0		0		0		no
ENSMUST00000019854.12|ENSMUSG00000019710|Mrpl24	Mrpl24	chr3	+	0	0		0		0		no
ENSMUST00000055984.6|ENSMUSG00000048039|Isg20l2	Isg20l2	chr3	+	0	0		0		0		no
ENSMUST00000005019.5|ENSMUSG00000004885|Crabp2	Crabp2	chr3	+	0	0		0		0		no
ENSMUST00000090973.11|ENSMUSG00000004891|Nes	Nes	chr3	+	0	0		0		0		no
ENSMUST00000090971.10|ENSMUSG00000004892|Bcan	Bcan	chr3	-	0	0		0		0		no
ENSMUST00000166021.7|ENSMUSG00000028069|Gpatch4	Gpatch4	chr3	+	0	0		0		0		no
ENSMUST00000001455.12|ENSMUSG00000001419|Mef2d	Mef2d	chr3	+	0	0		0		0		no
ENSMUST00000177005.7|ENSMUSG00000001418|Glmp	Glmp	chr3	+	0	0		0		0		no
ENSMUST00000001456.10|ENSMUSG00000001420|Tmem79	Tmem79	chr3	-	0	0		0		0		no
ENSMUST00000147991.1|ENSMUSG00000041423|Paqr6	Paqr6	chr3	+	0	0		0		0		no
ENSMUST00000192909.1|ENSMUSG00000028066|Pmf1	Pmf1	chr3	-	0	0		0		0		no
ENSMUST00000168755.6|ENSMUSG00000050144|Slc25a44	Slc25a44	chr3	-	0	0		0		0		no
ENSMUST00000184487.7|ENSMUSG00000028064|Sema4a	Sema4a	chr3	-	0	0		0		0		no
ENSMUST00000029699.12|ENSMUSG00000028063|Lmna	Lmna	chr3	-	0	0		0		0		no
ENSMUST00000008748.7|ENSMUSG00000008604|Ubqln4	Ubqln4	chr3	+	0	0		0		0		no
ENSMUST00000195014.5|ENSMUSG00000041355|Ssr2	Ssr2	chr3	+	0	0		0		0		no
ENSMUST00000176500.7|ENSMUSG00000028059|Arhgef2	Arhgef2	chr3	+	0	0		0		0		no
ENSMUST00000198078.1|ENSMUSG00000028060|Khdc4	Khdc4	chr3	+	0	0		0		0		no
ENSMUST00000172333.7|ENSMUSG00000028057|Rit1	Rit1	chr3	+	0	0		0		0		no
ENSMUST00000107503.7|ENSMUSG00000068923|Syt11	Syt11	chr3	-	0	0		0		2	chr3:88747450-88747500(fdr=3.49e-03);chr3:88747600-88747650(fdr=1.62e-03)	no
ENSMUST00000107498.8|ENSMUSG00000054199|Gon4l	Gon4l	chr3	+	0	0		0		0		no
ENSMUST00000090938.10|ENSMUSG00000068921|Dap3	Dap3	chr3	-	0	0		0		0		no
ENSMUST00000186583.6|ENSMUSG00000028053|Ash1l	Ash1l	chr3	+	0	0		0		0		no
ENSMUST00000166687.5|ENSMUSG00000041263|Rusc1	Rusc1	chr3	-	0	0		0		0		no
ENSMUST00000128318.7|ENSMUSG00000068917|Clk2	Clk2	chr3	+	0	0		0		0		no
ENSMUST00000029684.14|ENSMUSG00000028049|Scamp3	Scamp3	chr3	+	0	0		0		0		no
ENSMUST00000127982.7|ENSMUSG00000032657|Fam189b	Fam189b	chr3	+	0	0		0		0		no
ENSMUST00000197738.4|ENSMUSG00000028048|Gba	Gba	chr3	+	0	0		0		0		no
ENSMUST00000129055.1|ENSMUSG00000064068|Mtx1	Mtx1	chr3	-	0	0		0		0		no
ENSMUST00000136881.7|ENSMUSG00000028047|Thbs3	Thbs3	chr3	+	0	0		0		0		no
ENSMUST00000143637.1|ENSMUSG00000042766|Trim46	Trim46	chr3	-	0	0		0		0		no
ENSMUST00000040888.11|ENSMUSG00000042747|Krtcap2	Krtcap2	chr3	+	0	0		0		0		no
ENSMUST00000185119.7|ENSMUSG00000027953|Slc50a1	Slc50a1	chr3	-	0	0		0		0		no
ENSMUST00000029566.8|ENSMUSG00000027954|Efna1	Efna1	chr3	-	0	0		0		0		no
ENSMUST00000029673.9|ENSMUSG00000028039|Efna3	Efna3	chr3	-	0	0		0		0		no
ENSMUST00000029674.7|ENSMUSG00000028040|Efna4	Efna4	chr3	-	0	0		0		0		no
ENSMUST00000184651.7|ENSMUSG00000028041|Adam15	Adam15	chr3	-	0	0		0		0		no
ENSMUST00000107433.7|ENSMUSG00000028042|Zbtb7b	Zbtb7b	chr3	-	0	0		0		0		no
ENSMUST00000057431.5|ENSMUSG00000078173|Lenep	Lenep	chr3	-	0	0		0		0		no
ENSMUST00000050398.10|ENSMUSG00000042642|Flad1	Flad1	chr3	-	0	0		0		0		no
ENSMUST00000183484.1|ENSMUSG00000028044|Cks1b	Cks1b	chr3	-	0	0		0		0		no
ENSMUST00000191485.6|ENSMUSG00000042626|Shc1	Shc1	chr3	+	0	0		0		0		no
ENSMUST00000060061.10|ENSMUSG00000047824|Pygo2	Pygo2	chr3	+	0	0		0		0		no
ENSMUST00000038942.9|ENSMUSG00000042613|Pbxip1	Pbxip1	chr3	+	0	0		0		0		no
ENSMUST00000029564.11|ENSMUSG00000027952|Pmvk	Pmvk	chr3	+	0	0		0		0		no
ENSMUST00000098924.8|ENSMUSG00000027951|Adar	Adar	chr3	+	0	0		0		0		no
ENSMUST00000038356.12|ENSMUSG00000042572|Ube2q1	Ube2q1	chr3	+	0	0		0		0		no
ENSMUST00000050401.5|ENSMUSG00000046280|She	She	chr3	+	0	0		0		0		no
ENSMUST00000197679.4|ENSMUSG00000027947|Il6ra	Il6ra	chr3	-	0	0		0		0		no
ENSMUST00000069805.13|ENSMUSG00000060671|Atp8b2	Atp8b2	chr3	-	0	0		0		0		no
ENSMUST00000199163.1|ENSMUSG00000027944|Hax1	Hax1	chr3	-	0	0		0		0		no
ENSMUST00000161918.2|ENSMUSG00000027942|4933434E20Rik	4933434E20Rik	chr3	+	0	0		0		0		no
ENSMUST00000239082.1|ENSMUSG00000118504|4933434E20Rik	4933434E20Rik	chr3	+	0	0		0		0		no
ENSMUST00000029551.2|ENSMUSG00000118506|1700094D03Rik	1700094D03Rik	chr3	+	0	0		0		0		no
ENSMUST00000118566.7|ENSMUSG00000027940|Tpm3	Tpm3	chr3	+	0	0		0		0		no
ENSMUST00000196205.4|ENSMUSG00000090733|Rps27	Rps27	chr3	-	0	0		0		0		no
ENSMUST00000107373.7|ENSMUSG00000027935|Rab13	Rab13	chr3	+	0	0		0		0		no
ENSMUST00000029546.14|ENSMUSG00000027937|Jtb	Jtb	chr3	+	0	0		0		0		no
ENSMUST00000015467.8|ENSMUSG00000052310|Slc39a1	Slc39a1	chr3	+	0	0		0		0		no
ENSMUST00000156358.7|ENSMUSG00000042404|Dennd4b	Dennd4b	chr3	+	0	0		0		0		no
ENSMUST00000199754.4|ENSMUSG00000042390|Gatad2b	Gatad2b	chr3	+	0	0		0		1	chr3:90358400-90358450(fdr=7.76e-06)	no
ENSMUST00000071488.7|ENSMUSG00000027933|Ints3	Ints3	chr3	-	0	0		0		0		no
ENSMUST00000001042.9|ENSMUSG00000001016|Ilf2	Ilf2	chr3	+	0	0		0		0		no
ENSMUST00000184877.7|ENSMUSG00000001018|Snapin	Snapin	chr3	-	0	0		0		0		no
ENSMUST00000107343.7|ENSMUSG00000001017|Chtop	Chtop	chr3	-	0	0		0		0		no
ENSMUST00000107340.1|ENSMUSG00000044080|S100a1	S100a1	chr3	-	0	0		0		0		no
ENSMUST00000098910.2|ENSMUSG00000074457|S100a16	S100a16	chr3	+	0	0		0		0		no
ENSMUST00000107330.2|ENSMUSG00000105518|Gm42674	Gm42674	chr3	+	0	0		0		0		no
ENSMUST00000200289.1|ENSMUSG00000001025|S100a6	S100a6	chr3	+	0	0		0		0		no
ENSMUST00000058150.7|ENSMUSG00000043165|Lor	Lor	chr3	-	0	0		0		0		no
ENSMUST00000045756.13|ENSMUSG00000041959|S100a10	S100a10	chr3	+	0	0		0		0		no
ENSMUST00000049822.9|ENSMUSG00000028145|Them4	Them4	chr3	+	0	0		0		0		no
ENSMUST00000029785.3|ENSMUSG00000028139|Riiad1	Riiad1	chr3	-	0	0		0		0		no
ENSMUST00000199462.4|ENSMUSG00000028136|Snx27	Snx27	chr3	-	0	0		0		0		no
ENSMUST00000107270.8|ENSMUSG00000038902|Pogz	Pogz	chr3	+	0	0		0		0		no
ENSMUST00000005923.6|ENSMUSG00000005779|Psmb4	Psmb4	chr3	-	0	0		0		0		no
ENSMUST00000140757.7|ENSMUSG00000068874|Selenbp1	Selenbp1	chr3	+	0	0		0		0		no
ENSMUST00000072287.11|ENSMUSG00000038861|Pi4kb	Pi4kb	chr3	+	0	0		0		0		no
ENSMUST00000137799.1|ENSMUSG00000019338|Zfp687	Zfp687	chr3	-	0	0		0		0		no
ENSMUST00000117355.1|ENSMUSG00000005625|Psmd4	Psmd4	chr3	-	0	0		0		0		no
ENSMUST00000009102.8|ENSMUSG00000008958|Vps72	Vps72	chr3	+	0	0		0		0		no
ENSMUST00000172572.8|ENSMUSG00000092607|Scnm1	Scnm1	chr3	-	0	0		0		0		no
ENSMUST00000066386.5|ENSMUSG00000053769|Lysmd1	Lysmd1	chr3	+	0	0		0		0		no
ENSMUST00000013851.3|ENSMUSG00000013707|Tnfaip8l2	Tnfaip8l2	chr3	-	0	0		0		0		no
ENSMUST00000107209.7|ENSMUSG00000038766|Gabpb2	Gabpb2	chr3	-	0	0		0		0		no
ENSMUST00000065482.5|ENSMUSG00000053192|Mllt11	Mllt11	chr3	-	0	0		0		0		no
ENSMUST00000053872.11|ENSMUSG00000046722|Cdc42se1	Cdc42se1	chr3	+	0	0		0		0		no
ENSMUST00000015855.7|ENSMUSG00000015711|Prune1	Prune1	chr3	-	0	0		0		0		no
ENSMUST00000039537.13|ENSMUSG00000038712|Mindy1	Mindy1	chr3	+	0	0		0		0		no
ENSMUST00000107183.7|ENSMUSG00000015702|Anxa9	Anxa9	chr3	-	0	0		0		0		no
ENSMUST00000015858.11|ENSMUSG00000015714|Cers2	Cers2	chr3	+	0	0		0		0		no
ENSMUST00000107171.9|ENSMUSG00000015697|Setdb1	Setdb1	chr3	-	0	0		0		0		no
ENSMUST00000090804.11|ENSMUSG00000015522|Arnt	Arnt	chr3	+	0	0		0		0		no
ENSMUST00000015664.4|ENSMUSG00000028111|Ctsk	Ctsk	chr3	+	0	0		0		0		no
ENSMUST00000116304.2|ENSMUSG00000038642|Ctss	Ctss	chr3	+	0	0		0		0		no
ENSMUST00000176541.1|ENSMUSG00000046519|Golph3l	Golph3l	chr3	+	0	0		0		0		no
ENSMUST00000037983.5|ENSMUSG00000038619|Ensa	Ensa	chr3	+	0	0		0		0		no
ENSMUST00000037947.14|ENSMUSG00000038612|Mcl1	Mcl1	chr3	+	0	0		0		0		no
ENSMUST00000117782.7|ENSMUSG00000015850|Adamtsl4	Adamtsl4	chr3	-	0	0		0		0		no
ENSMUST00000199464.4|ENSMUSG00000028107|Tars2	Tars2	chr3	-	0	0		0		0		no
ENSMUST00000090476.9|ENSMUSG00000038543|BC028528	BC028528	chr3	-	0	0		0		0		no
ENSMUST00000015894.11|ENSMUSG00000015750|Aph1a	Aph1a	chr3	+	0	0		0		0		no
ENSMUST00000036181.14|ENSMUSG00000038526|Car14	Car14	chr3	-	0	0		0		0		no
ENSMUST00000170213.1|ENSMUSG00000015749|Anp32e	Anp32e	chr3	+	0	0		0		0		no
ENSMUST00000015891.5|ENSMUSG00000015747|Vps45	Vps45	chr3	-	0	0		0		0		no
ENSMUST00000090785.8|ENSMUSG00000038495|Otud7b	Otud7b	chr3	+	0	0		0		0		no
ENSMUST00000129925.7|ENSMUSG00000045934|Mtmr11	Mtmr11	chr3	+	0	0		0		0		no
ENSMUST00000076372.4|ENSMUSG00000068856|Sf3b4	Sf3b4	chr3	+	0	0		0		0		no
ENSMUST00000035371.8|ENSMUSG00000038486|Sv2a	Sv2a	chr3	+	0	0		0		0		no
ENSMUST00000016087.3|ENSMUSG00000015943|Bola1	Bola1	chr3	-	0	0		0		0		no
ENSMUST00000090781.7|ENSMUSG00000068854|H2bc21	H2bc21	chr3	+	0	0		0		0		no
ENSMUST00000167403.3|ENSMUSG00000081058|H3c15	H3c15	chr3	-	0	0		0		0		no
ENSMUST00000177796.1|ENSMUSG00000093769|H3c14	H3c14	chr3	+	0	0		0		0		no
ENSMUST00000074519.12|ENSMUSG00000038393|Txnip	Txnip	chr3	+	0	0		0		0		no
ENSMUST00000091924.9|ENSMUSG00000028104|Polr3gl	Polr3gl	chr3	-	0	0		0		0		no
ENSMUST00000058943.7|ENSMUSG00000049097|Ankrd34a	Ankrd34a	chr3	+	0	0		0		0		no
ENSMUST00000062058.4|ENSMUSG00000049288|Lix1l	Lix1l	chr3	+	0	0		0		0		no
ENSMUST00000156015.1|ENSMUSG00000028102|Pex11b	Pex11b	chr3	+	0	0		0		0		no
ENSMUST00000176302.7|ENSMUSG00000028101|Pias3	Pias3	chr3	+	0	0		0		0		no
ENSMUST00000029741.8|ENSMUSG00000028099|Polr3c	Polr3c	chr3	-	0	0		0		0		no
ENSMUST00000058865.13|ENSMUSG00000038298|Pdzk1	Pdzk1	chr3	+	0	0		0		0		no
ENSMUST00000154750.1|ENSMUSG00000028096|Gpr89	Gpr89	chr3	-	0	0		0		0		no
ENSMUST00000029730.4|ENSMUSG00000028089|Chd1l	Chd1l	chr3	-	0	0		0		0		no
ENSMUST00000107050.7|ENSMUSG00000028088|Fmo5	Fmo5	chr3	+	0	0		0		0		no
ENSMUST00000130924.7|ENSMUSG00000038205|Prkab2	Prkab2	chr3	+	0	0		0		0		no
ENSMUST00000130778.1|ENSMUSG00000027879|Sec22b	Sec22b	chr3	+	0	0		0		0		no
ENSMUST00000079812.7|ENSMUSG00000027878|Notch2	Notch2	chr3	+	0	0		0		0		no
ENSMUST00000090746.2|ENSMUSG00000027875|Hmgcs2	Hmgcs2	chr3	+	0	0		0		0		no
ENSMUST00000029462.9|ENSMUSG00000027868|Tbx15	Tbx15	chr3	+	0	0		0		0		no
ENSMUST00000197797.1|ENSMUSG00000027865|Gdap2	Gdap2	chr3	+	0	0		0		0		no
ENSMUST00000061455.8|ENSMUSG00000044468|Tent5c	Tent5c	chr3	-	0	0		0		0		no
ENSMUST00000008907.13|ENSMUSG00000008763|Man1a2	Man1a2	chr3	-	0	0		0		0		no
ENSMUST00000076941.11|ENSMUSG00000033222|Ttf2	Ttf2	chr3	-	0	0		0		0		no
ENSMUST00000043983.10|ENSMUSG00000042035|Igsf3	Igsf3	chr3	+	0	0		0		0		no
ENSMUST00000036493.7|ENSMUSG00000033161|Atp1a1	Atp1a1	chr3	-	0	0		0		0		no
ENSMUST00000029454.11|ENSMUSG00000027861|Casq2	Casq2	chr3	+	0	0		0		0		no
ENSMUST00000029453.12|ENSMUSG00000027860|Vangl1	Vangl1	chr3	-	0	0		0		0		no
ENSMUST00000029451.11|ENSMUSG00000027858|Tspan2	Tspan2	chr3	+	1	1	0.0022671661757487	50	chr3:102771450-102771500(fdr=2.27e-03)	2	chr3:102769600-102769650(fdr=1.88e-04);chr3:102769750-102769800(fdr=1.27e-04)	yes
ENSMUST00000029447.11|ENSMUSG00000027854|Sike1	Sike1	chr3	+	0	0		0		0		no
ENSMUST00000198174.1|ENSMUSG00000068823|Csde1	Csde1	chr3	+	0	0		0		0		no
ENSMUST00000029440.9|ENSMUSG00000027848|Olfml3	Olfml3	chr3	-	0	0		0		0		no
ENSMUST00000137078.7|ENSMUSG00000008730|Hipk1	Hipk1	chr3	-	0	0		0		0		no
ENSMUST00000128716.1|ENSMUSG00000027845|Dclre1b	Dclre1b	chr3	-	0	0		0		0		no
ENSMUST00000199686.1|ENSMUSG00000032952|Ap4b1	Ap4b1	chr3	+	0	0		0		0		no
ENSMUST00000199710.1|ENSMUSG00000105053|Gm43064	Gm43064	chr3	+	0	0		0		0		no
ENSMUST00000145727.7|ENSMUSG00000058388|Phtf1	Phtf1	chr3	+	0	0		0		0		no
ENSMUST00000046316.10|ENSMUSG00000032913|Lrig2	Lrig2	chr3	-	0	0		0		0		no
ENSMUST00000046212.1|ENSMUSG00000032902|Slc16a1	Slc16a1	chr3	+	0	0		0		0		no
ENSMUST00000002303.11|ENSMUSG00000002233|Rhoc	Rhoc	chr3	+	0	0		0		0		no
ENSMUST00000094028.9|ENSMUSG00000070372|Capza1	Capza1	chr3	-	0	0		0		0		no
ENSMUST00000183914.7|ENSMUSG00000045576|St7l	St7l	chr3	+	0	0		0		0		no
ENSMUST00000077548.11|ENSMUSG00000062127|Cttnbp2nl	Cttnbp2nl	chr3	-	0	0		0		0		no
ENSMUST00000200078.4|ENSMUSG00000027905|Ddx20	Ddx20	chr3	-	0	0		0		0		no
ENSMUST00000066610.7|ENSMUSG00000048458|Inka2	Inka2	chr3	+	0	0		0		0		no
ENSMUST00000098758.3|ENSMUSG00000074342|I830077J02Rik	I830077J02Rik	chr3	-	0	0		0		0		no
ENSMUST00000130994.7|ENSMUSG00000000561|Wdr77	Wdr77	chr3	+	0	0		0		0		no
ENSMUST00000063062.8|ENSMUSG00000040809|Chil3	Chil3	chr3	-	0	0		0		0		no
ENSMUST00000137530.1|ENSMUSG00000040774|Cept1	Cept1	chr3	-	0	0		0		0		no
ENSMUST00000067630.12|ENSMUSG00000027900|Dram2	Dram2	chr3	+	0	0		0		0		no
ENSMUST00000038845.9|ENSMUSG00000040747|Cd53	Cd53	chr3	-	0	0		0		0		no
ENSMUST00000038695.5|ENSMUSG00000040724|Kcna2	Kcna2	chr3	+	0	0		0		0		no
ENSMUST00000199317.1|ENSMUSG00000087260|Lamtor5	Lamtor5	chr3	+	0	0		0		0		no
ENSMUST00000061772.10|ENSMUSG00000048109|Rbm15	Rbm15	chr3	-	0	0		0		0		no
ENSMUST00000009617.9|ENSMUSG00000027895|Kcnc4	Kcnc4	chr3	-	0	0		0		0		no
ENSMUST00000014747.2|ENSMUSG00000014603|Alx3	Alx3	chr3	+	0	0		0		0		no
ENSMUST00000064759.6|ENSMUSG00000014601|Strip1	Strip1	chr3	-	0	0		0		0		no
ENSMUST00000138091.7|ENSMUSG00000027893|Ahcyl1	Ahcyl1	chr3	-	0	0		0		0		no
ENSMUST00000118593.7|ENSMUSG00000014599|Csf1	Csf1	chr3	-	0	0		0		0		no
ENSMUST00000037375.9|ENSMUSG00000040600|Eps8l3	Eps8l3	chr3	+	0	0		0		0		no
ENSMUST00000004137.10|ENSMUSG00000004035|Gstm7	Gstm7	chr3	-	0	0		0		0		no
ENSMUST00000012348.8|ENSMUSG00000040562|Gstm2	Gstm2	chr3	-	0	0		0		0		no
ENSMUST00000004140.10|ENSMUSG00000058135|Gstm1	Gstm1	chr3	-	0	0		0		0		no
ENSMUST00000029489.14|ENSMUSG00000027890|Gstm4	Gstm4	chr3	-	0	0		0		0		no
ENSMUST00000102638.7|ENSMUSG00000027889|Ampd2	Ampd2	chr3	-	0	0		0		0		no
ENSMUST00000000001.4|ENSMUSG00000000001|Gnai3	Gnai3	chr3	-	0	0		0		0		no
ENSMUST00000106656.1|ENSMUSG00000050947|Amigo1	Amigo1	chr3	+	0	0		0		0		no
ENSMUST00000106655.1|ENSMUSG00000048796|Cyb561d1	Cyb561d1	chr3	-	0	0		0		0		no
ENSMUST00000102632.6|ENSMUSG00000068747|Sort1	Sort1	chr3	+	0	0		0		0		no
ENSMUST00000102629.7|ENSMUSG00000068744|Psrc1	Psrc1	chr3	+	0	0		0		0		no
ENSMUST00000090558.9|ENSMUSG00000068740|Celsr2	Celsr2	chr3	-	0	0		0		0		no
ENSMUST00000090553.11|ENSMUSG00000068739|Sars	Sars	chr3	-	0	0		0		0		no
ENSMUST00000090546.5|ENSMUSG00000068732|Tmem167b	Tmem167b	chr3	-	0	0		0		0		no
ENSMUST00000143054.1|ENSMUSG00000048100|Taf13	Taf13	chr3	+	0	0		0		0		no
ENSMUST00000124731.2|ENSMUSG00000040389|Wdr47	Wdr47	chr3	+	0	0		0		0		no
ENSMUST00000106609.7|ENSMUSG00000027884|Clcc1	Clcc1	chr3	+	0	0		0		0		no
ENSMUST00000029482.15|ENSMUSG00000027883|Gpsm2	Gpsm2	chr3	-	0	0		0		0		no
ENSMUST00000046924.9|ENSMUSG00000040339|Fam102b	Fam102b	chr3	-	0	0		0		0		no
ENSMUST00000140786.2|ENSMUSG00000040322|Slc25a24	Slc25a24	chr3	+	0	0		0		0		no
ENSMUST00000046864.13|ENSMUSG00000033721|Vav3	Vav3	chr3	+	0	0		0		0		no
ENSMUST00000168412.2|ENSMUSG00000049300|Prmt6	Prmt6	chr3	-	0	0		0		0		no
ENSMUST00000055676.3|ENSMUSG00000045092|S1pr1	S1pr1	chr3	-	0	0		0		0		no
ENSMUST00000106505.7|ENSMUSG00000033554|Dph5	Dph5	chr3	+	0	0		0		0		no
ENSMUST00000067485.3|ENSMUSG00000054414|Slc30a7	Slc30a7	chr3	-	0	0		0		0		no
ENSMUST00000029575.11|ENSMUSG00000027963|Extl2	Extl2	chr3	+	0	0		0		0		no
ENSMUST00000196449.4|ENSMUSG00000027962|Vcam1	Vcam1	chr3	-	0	0		0		0		no
ENSMUST00000090473.6|ENSMUSG00000068696|Gpr88	Gpr88	chr3	-	0	0		0		0		no
ENSMUST00000197830.4|ENSMUSG00000033502|Cdc14a	Cdc14a	chr3	-	0	0		0		0		no
ENSMUST00000140677.7|ENSMUSG00000000339|Rtca	Rtca	chr3	-	0	0		0		0		no
ENSMUST00000199614.1|ENSMUSG00000000340|Dbt	Dbt	chr3	+	0	0		0		0		no
ENSMUST00000029570.8|ENSMUSG00000089911|Mfsd14a	Mfsd14a	chr3	-	0	0		0		0		no
ENSMUST00000029569.8|ENSMUSG00000027957|Slc35a3	Slc35a3	chr3	-	0	0		0		0		no
ENSMUST00000199626.1|ENSMUSG00000033386|Frrs1	Frrs1	chr3	+	0	0		0		0		no
ENSMUST00000061071.12|ENSMUSG00000044667|Plppr4	Plppr4	chr3	-	0	0		0		0		no
ENSMUST00000029639.11|ENSMUSG00000028007|Snx7	Snx7	chr3	-	0	0		0		0		no
ENSMUST00000039177.11|ENSMUSG00000033308|Dpyd	Dpyd	chr3	+	0	0		0		0		no
ENSMUST00000197833.4|ENSMUSG00000028134|Ptbp2	Ptbp2	chr3	-	0	0		0		0		no
ENSMUST00000128909.7|ENSMUSG00000028132|Tlcd4	Tlcd4	chr3	-	0	0		0		0		no
ENSMUST00000198235.1|ENSMUSG00000039887|Alg14	Alg14	chr3	+	0	0		0		0		no
ENSMUST00000029773.12|ENSMUSG00000053931|Cnn3	Cnn3	chr3	+	0	0		0		0		no
ENSMUST00000029771.12|ENSMUSG00000028128|F3	F3	chr3	+	0	0		0		0		no
ENSMUST00000197662.4|ENSMUSG00000028127|Abcd3	Abcd3	chr3	-	0	0		0		0		no
ENSMUST00000037958.13|ENSMUSG00000039831|Arhgap29	Arhgap29	chr3	+	0	0		0		0		no
ENSMUST00000029769.13|ENSMUSG00000028124|Gclm	Gclm	chr3	+	0	0		0		0		no
ENSMUST00000029766.8|ENSMUSG00000028121|Bcar3	Bcar3	chr3	+	0	0		0		0		no
ENSMUST00000106429.5|ENSMUSG00000054091|1810037I17Rik	1810037I17Rik	chr3	+	0	0		0		0		no
ENSMUST00000051443.7|ENSMUSG00000050315|Synpo2	Synpo2	chr3	-	0	0		0		0		no
ENSMUST00000047923.11|ENSMUSG00000039234|Sec24d	Sec24d	chr3	+	0	0		0		0		no
ENSMUST00000058994.5|ENSMUSG00000044528|Tram1l1	Tram1l1	chr3	+	0	0		0		0		no
ENSMUST00000057944.11|ENSMUSG00000032854|Ugt8a	Ugt8a	chr3	-	0	0		0		0		no
ENSMUST00000044443.14|ENSMUSG00000032826|Ank2	Ank2	chr3	-	0	0		0		0		no
ENSMUST00000029588.9|ENSMUSG00000027968|Larp7	Larp7	chr3	-	0	0		0		0		no
ENSMUST00000054483.13|ENSMUSG00000046688|Tifa	Tifa	chr3	+	0	0		0		0		no
ENSMUST00000196392.1|ENSMUSG00000074238|Ap1ar	Ap1ar	chr3	-	0	0		0		0		no
ENSMUST00000199273.1|ENSMUSG00000050549|Fam241a	Fam241a	chr3	-	0	0		0		0		no
ENSMUST00000170918.7|ENSMUSG00000028024|Enpep	Enpep	chr3	-	0	0		0		0		no
ENSMUST00000071402.6|ENSMUSG00000041220|Elovl6	Elovl6	chr3	+	0	0		0		0		no
ENSMUST00000029643.14|ENSMUSG00000028010|Gar1	Gar1	chr3	-	0	0		0		0		no
ENSMUST00000029626.8|ENSMUSG00000027997|Casp6	Casp6	chr3	+	0	0		0		0		no
ENSMUST00000122961.1|ENSMUSG00000027994|Mcub	Mcub	chr3	-	0	0		0		0		no
ENSMUST00000001079.14|ENSMUSG00000001052|Sec24b	Sec24b	chr3	-	0	0		0		0		no
ENSMUST00000072271.12|ENSMUSG00000019232|Etnppl	Etnppl	chr3	+	0	0		0		0		no
ENSMUST00000043937.8|ENSMUSG00000041084|Ostc	Ostc	chr3	-	0	0		0		0		no
ENSMUST00000029610.8|ENSMUSG00000027984|Hadh	Hadh	chr3	-	0	0		0		0		no
ENSMUST00000090246.4|ENSMUSG00000050931|Sgms2	Sgms2	chr3	-	0	0		0		0		no
ENSMUST00000042744.15|ENSMUSG00000040998|Npnt	Npnt	chr3	-	0	0		0		0		no
ENSMUST00000029650.8|ENSMUSG00000028016|Ints12	Ints12	chr3	+	0	0		0		0		no
ENSMUST00000181904.2|ENSMUSG00000044365|Cxxc4	Cxxc4	chr3	+	0	0		0		0		no
ENSMUST00000120397.7|ENSMUSG00000028167|Bdh2	Bdh2	chr3	+	0	0		0		0		no
ENSMUST00000145195.7|ENSMUSG00000037994|Slc9b2	Slc9b2	chr3	+	0	0		0		0		no
ENSMUST00000029815.7|ENSMUSG00000028165|Cisd2	Cisd2	chr3	-	0	0		0		0		no
ENSMUST00000180196.7|ENSMUSG00000053897|Slc39a8	Slc39a8	chr3	+	0	0		0		0		no
ENSMUST00000070198.13|ENSMUSG00000028161|Ppp3ca	Ppp3ca	chr3	+	0	0		0		0		no
ENSMUST00000122064.7|ENSMUSG00000054690|Emcn	Emcn	chr3	+	0	0		0		0		no
ENSMUST00000053855.7|ENSMUSG00000046818|Ddit4l	Ddit4l	chr3	+	0	0		0		0		no
ENSMUST00000041045.13|ENSMUSG00000037894|H2az1	H2az1	chr3	+	0	0		0		0		no
ENSMUST00000090178.9|ENSMUSG00000074212|Dnajb14	Dnajb14	chr3	+	0	0		0		0		no
ENSMUST00000168345.5|ENSMUSG00000091512|Lamtor3	Lamtor3	chr3	+	0	0		0		0		no
ENSMUST00000029806.12|ENSMUSG00000028159|Dapp1	Dapp1	chr3	-	0	0		0		0		no
ENSMUST00000029805.12|ENSMUSG00000028158|Mttp	Mttp	chr3	-	0	0		0		0		no
ENSMUST00000040321.12|ENSMUSG00000004127|Trmt10a	Trmt10a	chr3	+	0	0		0		0		no
ENSMUST00000159159.1|ENSMUSG00000074207|Adh1	Adh1	chr3	+	0	0		0		0		no
ENSMUST00000198126.1|ENSMUSG00000028138|Adh5	Adh5	chr3	+	0	0		0		0		no
ENSMUST00000029803.11|ENSMUSG00000028156|Eif4e	Eif4e	chr3	+	0	0		0		0		no
ENSMUST00000127772.1|ENSMUSG00000028152|Tspan5	Tspan5	chr3	+	0	0		0		0		no
ENSMUST00000196106.4|ENSMUSG00000028149|Rap1gds1	Rap1gds1	chr3	-	0	0		0		0		no
ENSMUST00000131273.7|ENSMUSG00000052430|Bmpr1b	Bmpr1b	chr3	-	0	0		0		0		no
ENSMUST00000029941.15|ENSMUSG00000028273|Pdlim5	Pdlim5	chr3	-	0	0		0		0		no
ENSMUST00000045097.10|ENSMUSG00000040253|Gbp7	Gbp7	chr3	+	0	0		0		0		no
ENSMUST00000029935.13|ENSMUSG00000028268|Gbp3	Gbp3	chr3	+	0	0		0		0		no
ENSMUST00000169572.1|ENSMUSG00000028270|Gbp2	Gbp2	chr3	+	0	0		0		0		no
ENSMUST00000029938.9|ENSMUSG00000028271|Gtf2b	Gtf2b	chr3	+	0	0		0		0		no
ENSMUST00000173913.7|ENSMUSG00000004591|Pkn2	Pkn2	chr3	-	0	0		0		0		no
ENSMUST00000121796.7|ENSMUSG00000028266|Lmo4	Lmo4	chr3	-	0	0		0		0		no
ENSMUST00000151086.2|ENSMUSG00000037072|Selenof	Selenof	chr3	+	0	0		0		0		no
ENSMUST00000199531.4|ENSMUSG00000037062|Sh3glb1	Sh3glb1	chr3	-	0	0		0		0		no
ENSMUST00000197940.4|ENSMUSG00000074182|Znhit6	Znhit6	chr3	+	0	0		0		0		no
ENSMUST00000029846.4|ENSMUSG00000028195|Ccn1	Ccn1	chr3	-	0	0		0		0		no
ENSMUST00000029845.14|ENSMUSG00000028194|Ddah1	Ddah1	chr3	+	0	0		0		1	chr3:145891700-145891750(fdr=2.38e-05)	no
ENSMUST00000029842.8|ENSMUSG00000028191|Bcl10	Bcl10	chr3	+	0	0		0		0		no
ENSMUST00000134575.7|ENSMUSG00000036873|2410004B18Rik	2410004B18Rik	chr3	+	0	0		0		0		no
ENSMUST00000039517.10|ENSMUSG00000036863|Syde2	Syde2	chr3	+	0	0		0		0		no
ENSMUST00000039450.4|ENSMUSG00000036853|Mcoln3	Mcoln3	chr3	+	0	0		0		0		no
ENSMUST00000011152.13|ENSMUSG00000011008|Mcoln2	Mcoln2	chr3	+	0	0		0		0		no
ENSMUST00000106153.8|ENSMUSG00000036825|Ssx2ip	Ssx2ip	chr3	+	0	0		0		0		no
ENSMUST00000090031.11|ENSMUSG00000068523|Gng5	Gng5	chr3	+	0	0		0		0		no
ENSMUST00000102515.9|ENSMUSG00000005034|Prkacb	Prkacb	chr3	-	0	0		0		0		no
ENSMUST00000029671.8|ENSMUSG00000028037|Ifi44	Ifi44	chr3	-	0	0		0		0		no
ENSMUST00000029670.6|ENSMUSG00000028036|Ptgfr	Ptgfr	chr3	-	0	0		0		0		no
ENSMUST00000050073.12|ENSMUSG00000028035|Dnajb4	Dnajb4	chr3	-	0	0		0		0		no
ENSMUST00000196265.4|ENSMUSG00000054942|Miga1	Miga1	chr3	-	0	0		0		0		no
ENSMUST00000123237.7|ENSMUSG00000025437|Usp33	Usp33	chr3	+	0	0		0		0		no
ENSMUST00000106100.8|ENSMUSG00000039068|Zzz3	Zzz3	chr3	+	0	0		0		0		no
ENSMUST00000045262.10|ENSMUSG00000039058|Ak5	Ak5	chr3	-	0	0		0		0		no
ENSMUST00000044278.5|ENSMUSG00000039037|St6galnac5	St6galnac5	chr3	-	0	0		0		0		no
ENSMUST00000200397.4|ENSMUSG00000052544|St6galnac3	St6galnac3	chr3	-	0	0		0		0		no
ENSMUST00000156310.1|ENSMUSG00000062908|Acadm	Acadm	chr3	-	0	0		0		0		no
ENSMUST00000170461.7|ENSMUSG00000047583|Tyw3	Tyw3	chr3	-	0	0		0		0		no
ENSMUST00000066568.5|ENSMUSG00000053870|Fpgt	Fpgt	chr3	-	0	0		0		0		no
ENSMUST00000074015.10|ENSMUSG00000040037|Negr1	Negr1	chr3	+	0	0		0		0		no
ENSMUST00000184802.7|ENSMUSG00000028180|Zranb2	Zranb2	chr3	+	0	0		0		0		no
ENSMUST00000118539.1|ENSMUSG00000028179|Cth	Cth	chr3	-	0	0		0		0		no
ENSMUST00000199727.4|ENSMUSG00000039988|Ankrd13c	Ankrd13c	chr3	+	0	0		0		0		no
ENSMUST00000126716.8|ENSMUSG00000055436|Srsf11	Srsf11	chr3	-	0	0		0		0		no
ENSMUST00000200191.1|ENSMUSG00000028173|Wls	Wls	chr3	+	0	0		0		0		no
ENSMUST00000052712.5|ENSMUSG00000028233|Tgs1	Tgs1	chr4	+	0	0		0		0		no
ENSMUST00000041377.12|ENSMUSG00000042228|Lyn	Lyn	chr4	+	0	0		0		0		no
ENSMUST00000138502.1|ENSMUSG00000028234|Rps20	Rps20	chr4	-	0	0		0		0		no
ENSMUST00000070375.7|ENSMUSG00000045573|Penk	Penk	chr4	-	0	0		0		0		no
ENSMUST00000084949.2|ENSMUSG00000066324|Impad1	Impad1	chr4	-	0	0		0		0		no
ENSMUST00000054857.12|ENSMUSG00000049119|Fam110b	Fam110b	chr4	+	0	0		0		0		no
ENSMUST00000029907.5|ENSMUSG00000028243|Ubxn2b	Ubxn2b	chr4	+	0	0		0		0		no
ENSMUST00000029912.10|ENSMUSG00000028249|Sdcbp	Sdcbp	chr4	+	0	0		0		0		no
ENSMUST00000029910.11|ENSMUSG00000028245|Nsmaf	Nsmaf	chr4	-	0	0		0		0		no
ENSMUST00000066674.7|ENSMUSG00000041261|Car8	Car8	chr4	-	0	0		0		0		no
ENSMUST00000060232.7|ENSMUSG00000047187|Rab2a	Rab2a	chr4	+	0	0		0		0		no
ENSMUST00000038841.13|ENSMUSG00000041216|Clvs1	Clvs1	chr4	+	0	0		0		0		no
ENSMUST00000078139.12|ENSMUSG00000028207|Asph	Asph	chr4	-	0	0		0		0		no
ENSMUST00000101504.2|ENSMUSG00000059482|2610301B20Rik	2610301B20Rik	chr4	+	0	0		0		0		no
ENSMUST00000054776.3|ENSMUSG00000049969|Plekhf2	Plekhf2	chr4	-	0	0		0		0		no
ENSMUST00000029865.3|ENSMUSG00000028211|Trp53inp1	Trp53inp1	chr4	+	0	0		0		0		no
ENSMUST00000029866.15|ENSMUSG00000028212|Ccne2	Ccne2	chr4	+	0	0		0		0		no
ENSMUST00000044616.9|ENSMUSG00000040738|Ints8	Ints8	chr4	-	0	0		0		0		no
ENSMUST00000059914.12|ENSMUSG00000040720|Virma	Virma	chr4	+	0	0		0		0		no
ENSMUST00000178725.1|ENSMUSG00000078773|Rad54b	Rad54b	chr4	+	0	0		0		0		no
ENSMUST00000108304.8|ENSMUSG00000028214|Gem	Gem	chr4	+	0	0		0		0		no
ENSMUST00000108297.2|ENSMUSG00000049225|Pdp1	Pdp1	chr4	-	0	0		0		0		no
ENSMUST00000131145.8|ENSMUSG00000049488|Tmem67	Tmem67	chr4	-	0	0		0		0		no
ENSMUST00000063839.5|ENSMUSG00000052137|Rbm12b2	Rbm12b2	chr4	+	0	0		0		0		no
ENSMUST00000126012.2|ENSMUSG00000028218|Fam92a	Fam92a	chr4	-	0	0		0		0		no
ENSMUST00000183345.1|ENSMUSG00000055963|Triqk	Triqk	chr4	+	0	0		0		0		no
ENSMUST00000006761.9|ENSMUSG00000006586|Runx1t1	Runx1t1	chr4	+	0	0		0		0		no
ENSMUST00000042221.13|ENSMUSG00000040569|Slc26a7	Slc26a7	chr4	-	0	0		0		0		no
ENSMUST00000029875.3|ENSMUSG00000028221|Pip4p2	Pip4p2	chr4	+	0	0		0		0		no
ENSMUST00000041606.13|ENSMUSG00000040536|Necab1	Necab1	chr4	-	0	0		0		0		no
ENSMUST00000062684.8|ENSMUSG00000043252|Tmem64	Tmem64	chr4	+	0	0		0		0		no
ENSMUST00000029876.1|ENSMUSG00000028222|Calb1	Calb1	chr4	+	0	0		0		0		no
ENSMUST00000029877.8|ENSMUSG00000028223|Decr1	Decr1	chr4	-	0	0		0		0		no
ENSMUST00000037198.9|ENSMUSG00000041153|Osgin2	Osgin2	chr4	-	0	0		0		0		no
ENSMUST00000029885.4|ENSMUSG00000028228|Cpne3	Cpne3	chr4	-	0	0		0		0		no
ENSMUST00000108246.8|ENSMUSG00000041058|Wwp1	Wwp1	chr4	-	0	0		0		0		no
ENSMUST00000029900.5|ENSMUSG00000028238|Atp6v0d2	Atp6v0d2	chr4	-	0	0		0		0		no
ENSMUST00000117632.7|ENSMUSG00000073988|Ttpa	Ttpa	chr4	+	0	0		0		0		no
ENSMUST00000098242.3|ENSMUSG00000073987|Ggh	Ggh	chr4	+	0	0		0		0		no
ENSMUST00000065928.10|ENSMUSG00000028252|Ccnc	Ccnc	chr4	+	0	0		0		0		no
ENSMUST00000029915.5|ENSMUSG00000028251|Tstd3	Tstd3	chr4	-	0	0		0		0		no
ENSMUST00000137293.7|ENSMUSG00000040455|Usp45	Usp45	chr4	+	0	0		0		0		no
ENSMUST00000185001.7|ENSMUSG00000028248|Pnisr	Pnisr	chr4	+	0	0		0		0		no
ENSMUST00000029909.2|ENSMUSG00000028247|Coq3	Coq3	chr4	+	0	0		0		0		no
ENSMUST00000184455.7|ENSMUSG00000040410|Fbxl4	Fbxl4	chr4	+	0	0		0		0		no
ENSMUST00000029925.9|ENSMUSG00000028261|Ndufaf4	Ndufaf4	chr4	+	0	0		0		0		no
ENSMUST00000102994.9|ENSMUSG00000040359|Ufl1	Ufl1	chr4	-	0	0		0		0		no
ENSMUST00000084770.4|ENSMUSG00000055373|Fut9	Fut9	chr4	-	0	0		0		0		no
ENSMUST00000041374.7|ENSMUSG00000040520|Manea	Manea	chr4	-	0	0		0		0		no
ENSMUST00000029964.11|ENSMUSG00000028289|Epha7	Epha7	chr4	+	0	0		0		0		no
ENSMUST00000108183.7|ENSMUSG00000028284|Map3k7	Map3k7	chr4	+	0	0		0		0		no
ENSMUST00000035719.10|ENSMUSG00000040183|Ankrd6	Ankrd6	chr4	-	0	0		0		0		no
ENSMUST00000098190.9|ENSMUSG00000028278|Rragd	Rragd	chr4	+	0	0		0		0		no
ENSMUST00000124992.7|ENSMUSG00000028277|Ube2j1	Ube2j1	chr4	+	0	0		0		0		no
ENSMUST00000067864.7|ENSMUSG00000054679|Srsf12	Srsf12	chr4	+	0	0		0		0		no
ENSMUST00000049357.9|ENSMUSG00000040128|Pnrc1	Pnrc1	chr4	-	0	0		0		0		no
ENSMUST00000108153.8|ENSMUSG00000028274|Rngtt	Rngtt	chr4	+	0	0		0		0		no
ENSMUST00000084299.5|ENSMUSG00000028291|Akirin2	Akirin2	chr4	+	0	0		0		0		no
ENSMUST00000029970.13|ENSMUSG00000028293|Slc35a1	Slc35a1	chr4	-	0	0		0		0		no
ENSMUST00000108132.7|ENSMUSG00000028295|Smim8	Smim8	chr4	-	0	0		0		0		no
ENSMUST00000102975.9|ENSMUSG00000073910|Mob3b	Mob3b	chr4	-	0	0		0		0		no
ENSMUST00000102973.3|ENSMUSG00000028405|Aco1	Aco1	chr4	+	0	0		0		0		no
ENSMUST00000037907.12|ENSMUSG00000040296|Ddx58	Ddx58	chr4	-	0	0		0		0		no
ENSMUST00000042575.6|ENSMUSG00000036822|Topors	Topors	chr4	-	0	0		0		0		no
ENSMUST00000129758.2|ENSMUSG00000028407|Smim27	Smim27	chr4	+	0	0		0		0		no
ENSMUST00000129021.8|ENSMUSG00000028411|Aptx	Aptx	chr4	-	0	0		0		0		no
ENSMUST00000164233.7|ENSMUSG00000028410|Dnaja1	Dnaja1	chr4	+	0	0		0		0		no
ENSMUST00000030117.4|ENSMUSG00000028409|Smu1	Smu1	chr4	-	0	0		0		0		no
ENSMUST00000030121.12|ENSMUSG00000028413|B4galt1	B4galt1	chr4	-	0	0		0		0		no
ENSMUST00000030128.5|ENSMUSG00000028419|Chmp5	Chmp5	chr4	+	0	0		0		0		no
ENSMUST00000030133.14|ENSMUSG00000028423|Nfx1	Nfx1	chr4	+	0	0		0		0		no
ENSMUST00000030138.8|ENSMUSG00000028430|Nol6	Nol6	chr4	-	0	0		0		0		no
ENSMUST00000040008.3|ENSMUSG00000036241|Ube2r2	Ube2r2	chr4	+	0	0		0		0		no
ENSMUST00000108068.7|ENSMUSG00000028433|Ubap2	Ubap2	chr4	-	0	0		0		0		no
ENSMUST00000030145.8|ENSMUSG00000028436|Dcaf12	Dcaf12	chr4	-	0	0		0		0		no
ENSMUST00000072866.11|ENSMUSG00000028437|Ubap1	Ubap1	chr4	+	0	0		0		0		no
ENSMUST00000030154.6|ENSMUSG00000028443|Nudt2	Nudt2	chr4	+	0	0		0		0		no
ENSMUST00000054920.4|ENSMUSG00000046312|Myorg	Myorg	chr4	-	0	0		0		0		no
ENSMUST00000108049.8|ENSMUSG00000028439|Fam219a	Fam219a	chr4	-	0	0		0		0		no
ENSMUST00000127306.1|ENSMUSG00000028445|Enho	Enho	chr4	-	0	0		0		0		no
ENSMUST00000102961.9|ENSMUSG00000028444|Cntfr	Cntfr	chr4	-	0	0		0		0		no
ENSMUST00000108041.7|ENSMUSG00000073889|Il11ra1	Il11ra1	chr4	+	0	0		0		0		no
ENSMUST00000038434.3|ENSMUSG00000036114|Rpp25l	Rpp25l	chr4	-	0	0		0		0		no
ENSMUST00000171641.1|ENSMUSG00000028447|Dctn3	Dctn3	chr4	-	0	0		0		0		no
ENSMUST00000059354.14|ENSMUSG00000036078|Sigmar1	Sigmar1	chr4	-	0	0		0		0		no
ENSMUST00000108038.1|ENSMUSG00000036073|Galt	Galt	chr4	+	0	0		0		0		no
ENSMUST00000151142.7|ENSMUSG00000073888|Ccl27a	Ccl27a	chr4	-	0	0		0		0		no
ENSMUST00000098128.3|ENSMUSG00000094065|Ccl21d	Ccl21d	chr4	+	0	0		0		0		no
ENSMUST00000098123.3|ENSMUSG00000073878|Gm13304	Gm13304	chr4	+	0	0		0		0		no
ENSMUST00000098121.3|ENSMUSG00000073876|Gm13305	Gm13305	chr4	-	0	0		0		0		no
ENSMUST00000178864.2|ENSMUSG00000095675|Ccl21b	Ccl21b	chr4	+	0	0		0		0		no
ENSMUST00000178168.2|ENSMUSG00000096596|Gm10591	Gm10591	chr4	+	0	0		0		0		no
ENSMUST00000238770.1|ENSMUSG00000078735|Il11ra2	Il11ra2	chr4	-	0	0		0		0		no
ENSMUST00000140546.2|ENSMUSG00000071005|Ccl19	Ccl19	chr4	-	0	0		0		0		no
ENSMUST00000095114.4|ENSMUSG00000094686|Ccl21a	Ccl21a	chr4	-	0	0		0		0		no
ENSMUST00000124380.1|ENSMUSG00000036062|Phf24	Phf24	chr4	+	0	0		0		0		no
ENSMUST00000037872.9|ENSMUSG00000036052|Dnajb5	Dnajb5	chr4	+	0	0		0		0		no
ENSMUST00000030164.7|ENSMUSG00000028452|Vcp	Vcp	chr4	-	0	0		0		0		no
ENSMUST00000030165.4|ENSMUSG00000028453|Fancg	Fancg	chr4	-	0	0		0		0		no
ENSMUST00000149333.7|ENSMUSG00000028454|Pigo	Pigo	chr4	-	0	0		0		0		no
ENSMUST00000030169.14|ENSMUSG00000028455|Stoml2	Stoml2	chr4	-	0	0		0		0		no
ENSMUST00000207569.1|ENSMUSG00000028456|Unc13b	Unc13b	chr4	+	0	0		0		0		no
ENSMUST00000173682.7|ENSMUSG00000035969|Rusc2	Rusc2	chr4	+	0	0		0		0		no
ENSMUST00000138981.7|ENSMUSG00000028458|Tesk1	Tesk1	chr4	+	0	0		0		0		no
ENSMUST00000098104.9|ENSMUSG00000028459|Cd72	Cd72	chr4	-	0	0		0		0		no
ENSMUST00000030184.11|ENSMUSG00000028464|Tpm2	Tpm2	chr4	-	0	0		0		0		no
ENSMUST00000030187.13|ENSMUSG00000028465|Tln1	Tln1	chr4	-	0	0		0		0		no
ENSMUST00000102944.10|ENSMUSG00000028466|Creb3	Creb3	chr4	+	0	0		0		0		no
ENSMUST00000030189.13|ENSMUSG00000028467|Gba2	Gba2	chr4	-	0	0		0		0		no
ENSMUST00000107886.8|ENSMUSG00000028468|Rgp1	Rgp1	chr4	+	0	0		0		0		no
ENSMUST00000107874.8|ENSMUSG00000028469|Npr2	Npr2	chr4	+	0	0		0		0		no
ENSMUST00000107865.8|ENSMUSG00000078716|Tmem8b	Tmem8b	chr4	+	0	0		0		0		no
ENSMUST00000095109.4|ENSMUSG00000071001|Hrct1	Hrct1	chr4	+	0	0		0		0		no
ENSMUST00000131248.1|ENSMUSG00000028475|Spaar	Spaar	chr4	+	0	0		0		0		no
ENSMUST00000030198.6|ENSMUSG00000028476|Reck	Reck	chr4	+	0	0		0		0		no
ENSMUST00000030202.13|ENSMUSG00000028480|Glipr2	Glipr2	chr4	+	0	0		0		0		no
ENSMUST00000107846.9|ENSMUSG00000028478|Clta	Clta	chr4	+	0	0		0		0		no
ENSMUST00000174522.7|ENSMUSG00000028479|Gne	Gne	chr4	-	0	0		0		0		no
ENSMUST00000098098.8|ENSMUSG00000035696|Rnf38	Rnf38	chr4	-	0	0		0		0		no
ENSMUST00000142714.7|ENSMUSG00000035649|Zcchc7	Zcchc7	chr4	+	0	0		0		0		no
ENSMUST00000055028.8|ENSMUSG00000049657|Zbtb5	Zbtb5	chr4	-	0	0		0		0		no
ENSMUST00000133157.7|ENSMUSG00000028318|Polr1e	Polr1e	chr4	+	0	0		0		0		no
ENSMUST00000052236.12|ENSMUSG00000048232|Fbxo10	Fbxo10	chr4	-	0	0		0		0		no
ENSMUST00000107809.8|ENSMUSG00000078713|Tomm5	Tomm5	chr4	-	0	0		0		0		no
ENSMUST00000044673.8|ENSMUSG00000035601|Trmt10b	Trmt10b	chr4	+	0	0		0		0		no
ENSMUST00000155551.7|ENSMUSG00000035572|Dcaf10	Dcaf10	chr4	+	0	0		0		0		no
ENSMUST00000107796.7|ENSMUSG00000045973|Slc25a51	Slc25a51	chr4	-	0	0		0		0		no
ENSMUST00000061986.11|ENSMUSG00000044813|Shb	Shb	chr4	-	0	0		0		0		no
ENSMUST00000044384.4|ENSMUSG00000035561|Aldh1b1	Aldh1b1	chr4	+	0	0		0		0		no
ENSMUST00000107777.8|ENSMUSG00000035517|Tdrd7	Tdrd7	chr4	+	0	0		0		0		no
ENSMUST00000107773.2|ENSMUSG00000028328|Tmod1	Tmod1	chr4	+	0	0		0		0		no
ENSMUST00000107772.7|ENSMUSG00000035495|Tstd2	Tstd2	chr4	-	0	0		0		0		no
ENSMUST00000030014.8|ENSMUSG00000028330|Ncbp1	Ncbp1	chr4	+	0	0		0		0		no
ENSMUST00000102926.4|ENSMUSG00000028333|Anp32b	Anp32b	chr4	+	0	0		0		0		no
ENSMUST00000184112.7|ENSMUSG00000039853|Trim14	Trim14	chr4	-	0	0		0		0		no
ENSMUST00000030021.13|ENSMUSG00000028337|Coro2a	Coro2a	chr4	-	0	0		0		0		no
ENSMUST00000107749.3|ENSMUSG00000039809|Gabbr2	Gabbr2	chr4	-	0	0		0		0		no
ENSMUST00000045041.11|ENSMUSG00000039774|Galnt12	Galnt12	chr4	+	0	0		0		0		no
ENSMUST00000007757.14|ENSMUSG00000007613|Tgfbr1	Tgfbr1	chr4	+	0	0		0		0		no
ENSMUST00000044148.2|ENSMUSG00000039740|Alg2	Alg2	chr4	-	0	0		0		0		no
ENSMUST00000107720.8|ENSMUSG00000061455|Stx17	Stx17	chr4	+	0	0		0		0		no
ENSMUST00000030028.4|ENSMUSG00000028343|Erp44	Erp44	chr4	-	0	0		0		0		no
ENSMUST00000155905.7|ENSMUSG00000028345|Tex10	Tex10	chr4	-	0	0		0		0		no
ENSMUST00000107704.1|ENSMUSG00000039693|Msantd3	Msantd3	chr4	+	0	0		0		0		no
ENSMUST00000030032.12|ENSMUSG00000028347|Tmeff1	Tmeff1	chr4	+	0	0		0		0		no
ENSMUST00000057829.3|ENSMUSG00000044018|Mrpl50	Mrpl50	chr4	-	0	0		0		0		no
ENSMUST00000042964.12|ENSMUSG00000039634|Zfp189	Zfp189	chr4	+	0	0		0		0		no
ENSMUST00000042750.2|ENSMUSG00000039611|Tmem246	Tmem246	chr4	-	0	0		0		0		no
ENSMUST00000029989.10|ENSMUSG00000028309|Rnf20	Rnf20	chr4	+	0	0		0		0		no
ENSMUST00000015391.9|ENSMUSG00000015247|Nipsnap3b	Nipsnap3b	chr4	+	0	0		0		0		no
ENSMUST00000030010.3|ENSMUSG00000015243|Abca1	Abca1	chr4	-	0	0		0		0		no
ENSMUST00000107651.8|ENSMUSG00000028412|Slc44a1	Slc44a1	chr4	+	0	0		0		0		no
ENSMUST00000030127.12|ENSMUSG00000028420|Tmem38b	Tmem38b	chr4	+	0	0		0		0		no
ENSMUST00000030134.8|ENSMUSG00000028426|Rad23b	Rad23b	chr4	+	0	0		0		0		no
ENSMUST00000107619.2|ENSMUSG00000003032|Klf4	Klf4	chr4	-	0	0		0		0		no
ENSMUST00000030140.2|ENSMUSG00000028431|Elp1	Elp1	chr4	-	0	0		0		0		no
ENSMUST00000131520.7|ENSMUSG00000038827|Abitram	Abitram	chr4	+	0	0		0		0		no
ENSMUST00000045142.14|ENSMUSG00000038816|Ctnnal1	Ctnnal1	chr4	-	0	0		0		0		no
ENSMUST00000068792.12|ENSMUSG00000055296|Tmem245	Tmem245	chr4	-	0	0		0		0		no
ENSMUST00000128276.1|ENSMUSG00000045589|Frrs1l	Frrs1l	chr4	-	0	0		0		0		no
ENSMUST00000095076.9|ENSMUSG00000028434|Epb41l4b	Epb41l4b	chr4	-	1	1	0.0019803043025541	50	chr4:56992550-56992600(fdr=1.98e-03)	0		yes
ENSMUST00000102903.7|ENSMUSG00000038729|Pakap	Pakap	chr4	+	0	0		0		0		no
ENSMUST00000030051.5|ENSMUSG00000028367|Txn1	Txn1	chr4	-	0	0		0		0		no
ENSMUST00000042850.8|ENSMUSG00000028369|Svep1	Svep1	chr4	-	0	0		0		0		no
ENSMUST00000107570.1|ENSMUSG00000038668|Lpar1	Lpar1	chr4	-	0	0		0		0		no
ENSMUST00000030069.6|ENSMUSG00000028378|Ptgr1	Ptgr1	chr4	-	0	0		0		0		no
ENSMUST00000150309.8|ENSMUSG00000070972|Dnajc25	Dnajc25	chr4	+	0	0		0		0		no
ENSMUST00000174664.1|ENSMUSG00000092345|Gm20503	Gm20503	chr4	+	0	0		0		0		no
ENSMUST00000041160.12|ENSMUSG00000038607|Gng10	Gng10	chr4	+	0	0		0		0		no
ENSMUST00000030074.7|ENSMUSG00000028381|Ugcg	Ugcg	chr4	+	0	0		0		0		no
ENSMUST00000174748.7|ENSMUSG00000028382|Ptbp3	Ptbp3	chr4	-	0	0		0		0		no
ENSMUST00000030078.11|ENSMUSG00000028383|Hsdl2	Hsdl2	chr4	+	0	0		0		0		no
ENSMUST00000070150.10|ENSMUSG00000045071|E130308A19Rik	E130308A19Rik	chr4	+	0	0		0		0		no
ENSMUST00000095063.10|ENSMUSG00000038544|Inip	Inip	chr4	-	0	0		0		0		no
ENSMUST00000030080.6|ENSMUSG00000028385|Snx30	Snx30	chr4	+	0	0		0		0		no
ENSMUST00000068822.3|ENSMUSG00000028389|Zfp37	Zfp37	chr4	-	0	0		0		0		no
ENSMUST00000084530.8|ENSMUSG00000066152|Slc31a2	Slc31a2	chr4	+	0	0		0		0		no
ENSMUST00000134727.7|ENSMUSG00000066149|Cdc26	Cdc26	chr4	-	0	0		0		0		no
ENSMUST00000084524.3|ENSMUSG00000066148|Prpf4	Prpf4	chr4	+	0	0		0		0		no
ENSMUST00000065870.13|ENSMUSG00000059810|Rgs3	Rgs3	chr4	+	0	0		0		0		no
ENSMUST00000035724.4|ENSMUSG00000039158|Akna	Akna	chr4	-	0	0		0		0		no
ENSMUST00000035301.6|ENSMUSG00000039105|Atp6v1g1	Atp6v1g1	chr4	+	0	0		0		0		no
ENSMUST00000077709.10|ENSMUSG00000045917|Tmem268	Tmem268	chr4	+	0	0		0		0		no
ENSMUST00000030047.2|ENSMUSG00000028362|Tnfsf8	Tnfsf8	chr4	-	0	0		0		0		no
ENSMUST00000030056.11|ENSMUSG00000028364|Tnc	Tnc	chr4	-	0	0		0		0		no
ENSMUST00000050850.13|ENSMUSG00000051675|Trim32	Trim32	chr4	+	0	0		0		0		no
ENSMUST00000048096.11|ENSMUSG00000039005|Tlr4	Tlr4	chr4	+	0	0		0		0		no
ENSMUST00000030036.5|ENSMUSG00000028351|Brinp1	Brinp1	chr4	-	0	0		0		0		no
ENSMUST00000076541.12|ENSMUSG00000039298|Cdk5rap2	Cdk5rap2	chr4	-	0	0		0		0		no
ENSMUST00000107359.8|ENSMUSG00000039270|Megf9	Megf9	chr4	-	0	0		0		0		no
ENSMUST00000074216.13|ENSMUSG00000008305|Tle1	Tle1	chr4	-	0	0		0		0		no
ENSMUST00000077851.9|ENSMUSG00000028397|Kdm4c	Kdm4c	chr4	+	0	0		0		0		no
ENSMUST00000030103.8|ENSMUSG00000028398|Dmac1	Dmac1	chr4	-	0	0		0		0		no
ENSMUST00000107289.8|ENSMUSG00000028399|Ptprd	Ptprd	chr4	-	0	0		0		0		no
ENSMUST00000055922.3|ENSMUSG00000048706|Lurap1l	Lurap1l	chr4	+	0	0		0		0		no
ENSMUST00000107262.7|ENSMUSG00000028402|Mpdz	Mpdz	chr4	-	0	0		0		0		no
ENSMUST00000107245.8|ENSMUSG00000008575|Nfib	Nfib	chr4	-	0	0		0		0		no
ENSMUST00000173741.7|ENSMUSG00000028403|Zdhhc21	Zdhhc21	chr4	-	0	0		0		0		no
ENSMUST00000102823.9|ENSMUSG00000038172|Ttc39b	Ttc39b	chr4	-	0	0		0		0		no
ENSMUST00000137512.7|ENSMUSG00000028483|Snapc3	Snapc3	chr4	+	0	0		0		0		no
ENSMUST00000030207.14|ENSMUSG00000028484|Psip1	Psip1	chr4	-	0	0		0		0		no
ENSMUST00000176346.7|ENSMUSG00000028487|Bnc2	Bnc2	chr4	-	0	0		0		0		no
ENSMUST00000091064.7|ENSMUSG00000070934|Rraga	Rraga	chr4	+	0	0		0		0		no
ENSMUST00000070607.8|ENSMUSG00000038047|Haus6	Haus6	chr4	-	0	0		0		0		no
ENSMUST00000000466.12|ENSMUSG00000028494|Plin2	Plin2	chr4	-	0	0		0		0		no
ENSMUST00000082026.13|ENSMUSG00000038024|Dennd4c	Dennd4c	chr4	+	0	0		0		0		no
ENSMUST00000045224.13|ENSMUSG00000038007|Acer2	Acer2	chr4	+	0	0		0		0		no
ENSMUST00000107147.1|ENSMUSG00000038368|Focad	Focad	chr4	+	0	0		0		0		no
ENSMUST00000151280.7|ENSMUSG00000028497|Hacd4	Hacd4	chr4	-	0	0		0		0		no
ENSMUST00000094993.2|ENSMUSG00000070923|Klhl9	Klhl9	chr4	-	0	0		0		0		no
ENSMUST00000058030.9|ENSMUSG00000062937|Mtap	Mtap	chr4	+	0	0		0		0		no
ENSMUST00000097981.5|ENSMUSG00000073802|Cdkn2b	Cdkn2b	chr4	-	0	0		0		0		no
ENSMUST00000066774.5|ENSMUSG00000054000|Tusc1	Tusc1	chr4	-	0	0		0		0		no
ENSMUST00000030313.8|ENSMUSG00000028578|Caap1	Caap1	chr4	-	0	0		0		0		no
ENSMUST00000073939.12|ENSMUSG00000006386|Tek	Tek	chr4	+	0	0		0		0		no
ENSMUST00000107094.1|ENSMUSG00000052684|Jun	Jun	chr4	-	0	0		0		0		no
ENSMUST00000131654.8|ENSMUSG00000028573|Fggy	Fggy	chr4	+	0	0		0		0		no
ENSMUST00000030303.5|ENSMUSG00000052914|Cyp2j6	Cyp2j6	chr4	-	0	0		0		0		no
ENSMUST00000055693.8|ENSMUSG00000015224|Cyp2j9	Cyp2j9	chr4	-	0	0		0		0		no
ENSMUST00000092532.12|ENSMUSG00000028565|Nfia	Nfia	chr4	+	0	0		0		0		no
ENSMUST00000125034.1|ENSMUSG00000028563|Tm2d1	Tm2d1	chr4	-	0	0		0		0		no
ENSMUST00000030289.8|ENSMUSG00000028560|Usp1	Usp1	chr4	+	0	0		0		0		no
ENSMUST00000030279.14|ENSMUSG00000028550|Atg4c	Atg4c	chr4	+	0	0		0		0		no
ENSMUST00000097961.8|ENSMUSG00000073792|Alg6	Alg6	chr4	+	0	0		0		0		no
ENSMUST00000058351.15|ENSMUSG00000025791|Pgm1	Pgm1	chr4	+	0	0		0		0		no
ENSMUST00000039630.5|ENSMUSG00000035305|Ror1	Ror1	chr4	+	0	0		0		0		no
ENSMUST00000030257.14|ENSMUSG00000028532|Cachd1	Cachd1	chr4	+	0	0		0		0		no
ENSMUST00000038463.14|ENSMUSG00000035275|Raver2	Raver2	chr4	+	0	0		0		0		no
ENSMUST00000102781.9|ENSMUSG00000028530|Jak1	Jak1	chr4	-	0	0		0		0		no
ENSMUST00000102780.7|ENSMUSG00000028527|Ak4	Ak4	chr4	+	0	0		0		0		no
ENSMUST00000106930.7|ENSMUSG00000028528|Dnajc6	Dnajc6	chr4	+	0	0		0		0		no
ENSMUST00000030254.14|ENSMUSG00000035212|Leprot	Leprot	chr4	+	0	0		0		0		no
ENSMUST00000106921.8|ENSMUSG00000057722|Lepr	Lepr	chr4	+	0	0		0		0		no
ENSMUST00000106858.7|ENSMUSG00000028522|Mier1	Mier1	chr4	+	0	0		0		0		no
ENSMUST00000035780.3|ENSMUSG00000035069|Oma1	Oma1	chr4	+	0	0		0		0		no
ENSMUST00000030243.7|ENSMUSG00000028518|Prkaa2	Prkaa2	chr4	-	0	0		0		0		no
ENSMUST00000064139.7|ENSMUSG00000028517|Plpp3	Plpp3	chr4	+	0	0		0		0		no
ENSMUST00000094933.4|ENSMUSG00000028514|Usp24	Usp24	chr4	+	0	0		0		0		no
ENSMUST00000058905.7|ENSMUSG00000043572|Pars2	Pars2	chr4	+	0	0		0		0		no
ENSMUST00000026480.12|ENSMUSG00000025413|Ttc4	Ttc4	chr4	-	0	0		0		0		no
ENSMUST00000140541.7|ENSMUSG00000034853|Acot11	Acot11	chr4	-	0	0		0		0		no
ENSMUST00000030367.14|ENSMUSG00000061887|Ssbp3	Ssbp3	chr4	+	0	0		0		0		no
ENSMUST00000127720.7|ENSMUSG00000028619|Tceanc2	Tceanc2	chr4	-	0	0		0		0		no
ENSMUST00000154007.7|ENSMUSG00000028618|Tmem59	Tmem59	chr4	+	0	0		0		0		no
ENSMUST00000030360.10|ENSMUSG00000028617|Lrrc42	Lrrc42	chr4	-	0	0		0		0		no
ENSMUST00000075693.11|ENSMUSG00000057375|Yipf1	Yipf1	chr4	+	0	0		0		0		no
ENSMUST00000030357.14|ENSMUSG00000028614|Ndc1	Ndc1	chr4	+	0	0		0		0		no
ENSMUST00000238658.1|ENSMUSG00000028613|Lrp8	Lrp8	chr4	+	0	0		0		0		no
ENSMUST00000030345.14|ENSMUSG00000028607|Cpt2	Cpt2	chr4	-	0	0		0		0		no
ENSMUST00000106709.8|ENSMUSG00000028600|Podn	Podn	chr4	-	0	0		0		0		no
ENSMUST00000030340.14|ENSMUSG00000028603|Scp2	Scp2	chr4	-	0	0		0		0		no
ENSMUST00000130942.7|ENSMUSG00000028601|Echdc2	Echdc2	chr4	+	0	0		0		0		no
ENSMUST00000043616.6|ENSMUSG00000034636|Zyg11b	Zyg11b	chr4	-	0	0		0		0		no
ENSMUST00000131656.1|ENSMUSG00000048351|Coa7	Coa7	chr4	+	0	0		0		0		no
ENSMUST00000030332.6|ENSMUSG00000028597|Gpx7	Gpx7	chr4	-	0	0		0		0		no
ENSMUST00000097925.8|ENSMUSG00000034610|Tut4	Tut4	chr4	+	0	0		0		0		no
ENSMUST00000079213.5|ENSMUSG00000063800|Prpf38a	Prpf38a	chr4	-	0	0		0		0		no
ENSMUST00000102742.10|ENSMUSG00000028568|Btf3l4	Btf3l4	chr4	-	0	0		0		0		no
ENSMUST00000030296.8|ENSMUSG00000028567|Txndc12	Txndc12	chr4	+	0	0		0		0		no
ENSMUST00000102738.3|ENSMUSG00000073775|Kti12	Kti12	chr4	+	0	0		0		0		no
ENSMUST00000106650.8|ENSMUSG00000003411|Rab3b	Rab3b	chr4	+	0	0		0		0		no
ENSMUST00000065977.10|ENSMUSG00000053510|Nrd1	Nrd1	chr4	+	0	0		0		0		no
ENSMUST00000159545.7|ENSMUSG00000028559|Osbpl9	Osbpl9	chr4	-	0	0		0		0		no
ENSMUST00000176251.7|ENSMUSG00000028552|Eps15	Eps15	chr4	+	0	0		0		0		no
ENSMUST00000030284.9|ENSMUSG00000028557|Rnf11	Rnf11	chr4	-	0	0		0		0		no
ENSMUST00000063531.4|ENSMUSG00000028551|Cdkn2c	Cdkn2c	chr4	-	0	0		0		0		no
ENSMUST00000102724.4|ENSMUSG00000010517|Faf1	Faf1	chr4	+	0	0		0		0		no
ENSMUST00000106598.7|ENSMUSG00000028546|Elavl4	Elavl4	chr4	-	0	0		0		0		no
ENSMUST00000030274.6|ENSMUSG00000028545|Bend5	Bend5	chr4	+	0	0		0		0		no
ENSMUST00000084354.3|ENSMUSG00000034401|Spata6	Spata6	chr4	+	0	0		0		0		no
ENSMUST00000094894.3|ENSMUSG00000070867|Trabd2b	Trabd2b	chr4	+	0	0		0		0		no
ENSMUST00000068654.4|ENSMUSG00000055210|Foxd2	Foxd2	chr4	-	0	0		0		0		no
ENSMUST00000106548.8|ENSMUSG00000028716|Pdzk1ip1	Pdzk1ip1	chr4	+	0	0		0		0		no
ENSMUST00000074425.12|ENSMUSG00000034210|Efcab14	Efcab14	chr4	+	0	0		0		0		no
ENSMUST00000137401.2|ENSMUSG00000028710|Atpaf1	Atpaf1	chr4	+	0	0		0		0		no
ENSMUST00000030477.3|ENSMUSG00000028709|Mob3c	Mob3c	chr4	+	0	0		0		0		no
ENSMUST00000019677.11|ENSMUSG00000028708|Mknk1	Mknk1	chr4	+	0	0		0		0		no
ENSMUST00000049095.5|ENSMUSG00000034171|Faah	Faah	chr4	-	0	0		0		0		no
ENSMUST00000030471.8|ENSMUSG00000028703|Lrrc41	Lrrc41	chr4	+	0	0		0		0		no
ENSMUST00000120083.7|ENSMUSG00000028700|Pomgnt1	Pomgnt1	chr4	+	0	0		0		0		no
ENSMUST00000030469.4|ENSMUSG00000028701|Lurap1	Lurap1	chr4	-	0	0		0		0		no
ENSMUST00000030464.13|ENSMUSG00000028698|Pik3r3	Pik3r3	chr4	+	0	0		0		0		no
ENSMUST00000030461.4|ENSMUSG00000028696|Ipp	Ipp	chr4	+	0	0		0		0		no
ENSMUST00000106478.8|ENSMUSG00000055900|Tmem69	Tmem69	chr4	-	0	0		0		0		no
ENSMUST00000030460.14|ENSMUSG00000034042|Gpbp1l1	Gpbp1l1	chr4	+	0	0		0		0		no
ENSMUST00000030457.11|ENSMUSG00000028693|Nasp	Nasp	chr4	-	0	0		0		0		no
ENSMUST00000135573.7|ENSMUSG00000028691|Prdx1	Prdx1	chr4	+	0	0		0		0		no
ENSMUST00000030453.4|ENSMUSG00000028690|Mmachc	Mmachc	chr4	-	0	0		0		0		no
ENSMUST00000155391.7|ENSMUSG00000028689|Ccdc163	Ccdc163	chr4	+	0	0		0		0		no
ENSMUST00000106459.7|ENSMUSG00000033985|Tesk2	Tesk2	chr4	+	0	0		0		0		no
ENSMUST00000030446.14|ENSMUSG00000028684|Urod	Urod	chr4	-	0	0		0		0		no
ENSMUST00000050067.9|ENSMUSG00000046861|Hectd3	Hectd3	chr4	+	0	0		0		0		no
ENSMUST00000076859.11|ENSMUSG00000028680|Plk3	Plk3	chr4	-	0	0		0		0		no
ENSMUST00000065896.8|ENSMUSG00000028678|Kif2c	Kif2c	chr4	-	0	0		0		0		no
ENSMUST00000030439.14|ENSMUSG00000028677|Rnf220	Rnf220	chr4	-	0	0		0		0		no
ENSMUST00000037127.14|ENSMUSG00000033423|Eri3	Eri3	chr4	+	0	0		0		0		no
ENSMUST00000149168.1|ENSMUSG00000028542|Slc6a9	Slc6a9	chr4	+	0	0		0		0		no
ENSMUST00000084325.9|ENSMUSG00000028541|B4galt2	B4galt2	chr4	-	0	0		0		0		no
ENSMUST00000036380.13|ENSMUSG00000033379|Atp6v0b	Atp6v0b	chr4	-	0	0		0		0		no
ENSMUST00000183773.1|ENSMUSG00000028540|Dph2	Dph2	chr4	-	0	0		0		0		no
ENSMUST00000030263.8|ENSMUSG00000028538|St3gal3	St3gal3	chr4	-	0	0		0		0		no
ENSMUST00000049074.12|ENSMUSG00000033295|Ptprf	Ptprf	chr4	-	0	0		0		0		no
ENSMUST00000106393.7|ENSMUSG00000006395|Hyi	Hyi	chr4	+	0	0		0		0		no
ENSMUST00000106384.9|ENSMUSG00000006392|Med8	Med8	chr4	+	0	0		0		0		no
ENSMUST00000006557.12|ENSMUSG00000006390|Elovl1	Elovl1	chr4	+	0	0		0		0		no
ENSMUST00000183942.1|ENSMUSG00000006398|Cdc20	Cdc20	chr4	-	0	0		0		0		no
ENSMUST00000030501.14|ENSMUSG00000028729|Ebna1bp2	Ebna1bp2	chr4	+	0	0		0		0		no
ENSMUST00000174372.2|ENSMUSG00000028645|Slc2a1	Slc2a1	chr4	+	0	0		0		0		no
ENSMUST00000106345.2|ENSMUSG00000028643|Svbp	Svbp	chr4	+	0	0		0		0		no
ENSMUST00000141112.1|ENSMUSG00000078584|AU022252	AU022252	chr4	-	0	0		0		0		no
ENSMUST00000079644.12|ENSMUSG00000028639|Ybx1	Ybx1	chr4	-	0	0		0		0		no
ENSMUST00000056458.13|ENSMUSG00000060288|Ppih	Ppih	chr4	-	0	0		0		0		no
ENSMUST00000106316.1|ENSMUSG00000028636|Ppcs	Ppcs	chr4	-	0	0		0		0		no
ENSMUST00000079611.12|ENSMUSG00000087385|Frg2f1	Frg2f1	chr4	-	0	0		0		0		no
ENSMUST00000044564.14|ENSMUSG00000032998|Foxj3	Foxj3	chr4	+	0	0		0		0		no
ENSMUST00000106307.8|ENSMUSG00000028634|Hivep3	Hivep3	chr4	+	0	0		0		0		no
ENSMUST00000102656.3|ENSMUSG00000052135|Foxo6	Foxo6	chr4	-	0	0		0		0		no
ENSMUST00000000087.12|ENSMUSG00000000085|Scmh1	Scmh1	chr4	+	0	0		0		0		no
ENSMUST00000030381.7|ENSMUSG00000028633|Ctps	Ctps	chr4	-	0	0		0		0		no
ENSMUST00000094814.5|ENSMUSG00000070803|Cited4	Cited4	chr4	+	0	0		0		0		no
ENSMUST00000030376.7|ENSMUSG00000028631|Kcnq4	Kcnq4	chr4	-	0	0		0		0		no
ENSMUST00000120779.7|ENSMUSG00000032897|Nfyc	Nfyc	chr4	-	0	0		0		0		no
ENSMUST00000071093.8|ENSMUSG00000032890|Rims3	Rims3	chr4	+	0	0		0		0		no
ENSMUST00000144114.1|ENSMUSG00000028629|Exo5	Exo5	chr4	-	0	0		0		0		no
ENSMUST00000043200.7|ENSMUSG00000032870|Smap2	Smap2	chr4	-	0	0		0		0		no
ENSMUST00000030372.5|ENSMUSG00000028626|Col9a2	Col9a2	chr4	+	0	0		0		0		no
ENSMUST00000058754.8|ENSMUSG00000043207|Zmpste24	Zmpste24	chr4	-	0	0		0		0		no
ENSMUST00000069533.11|ENSMUSG00000028656|Cap1	Cap1	chr4	-	0	0		0		0		no
ENSMUST00000030408.11|ENSMUSG00000028655|Mfsd2a	Mfsd2a	chr4	-	0	0		0		0		no
ENSMUST00000106252.8|ENSMUSG00000028654|Mycl	Mycl	chr4	+	0	0		0		0		no
ENSMUST00000102649.3|ENSMUSG00000028653|Trit1	Trit1	chr4	+	0	0		0		0		no
ENSMUST00000030404.4|ENSMUSG00000028651|Ppie	Ppie	chr4	-	0	0		0		0		no
ENSMUST00000059667.8|ENSMUSG00000046093|Hpcal4	Hpcal4	chr4	+	0	0		0		0		no
ENSMUST00000040821.4|ENSMUSG00000032744|Heyl	Heyl	chr4	+	0	0		0		0		no
ENSMUST00000123765.7|ENSMUSG00000028649|Macf1	Macf1	chr4	-	0	0		0		0		no
ENSMUST00000102636.3|ENSMUSG00000023075|Akirin1	Akirin1	chr4	-	0	0		0		0		no
ENSMUST00000030400.13|ENSMUSG00000028647|Mycbp	Mycbp	chr4	+	0	0		0		0		no
ENSMUST00000053491.8|ENSMUSG00000090125|Pou3f1	Pou3f1	chr4	+	0	0		0		0		no
ENSMUST00000030738.7|ENSMUSG00000028907|Utp11	Utp11	chr4	-	0	0		0		0		no
ENSMUST00000030723.2|ENSMUSG00000028890|Mtf1	Mtf1	chr4	+	0	0		0		0		no
ENSMUST00000163946.1|ENSMUSG00000078570|1110065P20Rik	1110065P20Rik	chr4	-	0	0		0		0		no
ENSMUST00000102628.10|ENSMUSG00000028889|Yrdc	Yrdc	chr4	+	0	0		0		0		no
ENSMUST00000064444.7|ENSMUSG00000042763|Maneal	Maneal	chr4	-	0	0		0		0		no
ENSMUST00000084296.9|ENSMUSG00000028873|Cdca8	Cdca8	chr4	-	0	0		0		0		no
ENSMUST00000094769.12|ENSMUSG00000044730|9930104L06Rik	9930104L06Rik	chr4	+	0	0		0		0		no
ENSMUST00000030687.7|ENSMUSG00000028871|Rspo1	Rspo1	chr4	+	0	0		0		0		no
ENSMUST00000036383.3|ENSMUSG00000042707|Dnali1	Dnali1	chr4	-	0	0		0		0		no
ENSMUST00000052183.6|ENSMUSG00000050213|Snip1	Snip1	chr4	+	0	0		0		0		no
ENSMUST00000154689.7|ENSMUSG00000028863|Meaf6	Meaf6	chr4	+	0	0		0		0		no
ENSMUST00000036188.7|ENSMUSG00000042677|Zc3h12a	Zc3h12a	chr4	-	0	0		0		0		no
ENSMUST00000106162.7|ENSMUSG00000028859|Csf3r	Csf3r	chr4	+	0	0		0		0		no
ENSMUST00000035497.4|ENSMUSG00000042616|Oscp1	Oscp1	chr4	+	0	0		0		0		no
ENSMUST00000055575.7|ENSMUSG00000050188|Lsm10	Lsm10	chr4	+	0	0		0		0		no
ENSMUST00000094761.10|ENSMUSG00000042608|Stk40	Stk40	chr4	+	0	0		0		0		no
ENSMUST00000106152.2|ENSMUSG00000050212|Eva1b	Eva1b	chr4	+	0	0		0		0		no
ENSMUST00000125981.7|ENSMUSG00000028849|Map7d1	Map7d1	chr4	-	0	0		0		0		no
ENSMUST00000030660.8|ENSMUSG00000028847|Trappc3	Trappc3	chr4	+	0	0		0		0		no
ENSMUST00000070132.6|ENSMUSG00000056174|Col8a2	Col8a2	chr4	+	0	0		0		0		no
ENSMUST00000102617.4|ENSMUSG00000042558|Adprhl2	Adprhl2	chr4	-	0	0		0		0		no
ENSMUST00000097886.3|ENSMUSG00000073755|5730409E04Rik	5730409E04Rik	chr4	+	0	0		0		0		no
ENSMUST00000030637.13|ENSMUSG00000028833|Ncdn	Ncdn	chr4	-	0	0		0		0		no
ENSMUST00000047431.10|ENSMUSG00000028830|AU040320	AU040320	chr4	+	0	0		0		0		no
ENSMUST00000135003.1|ENSMUSG00000042446|Zmym4	Zmym4	chr4	-	0	0		0		0		no
ENSMUST00000030623.7|ENSMUSG00000028820|Sfpq	Sfpq	chr4	+	0	0		0		0		no
ENSMUST00000106097.8|ENSMUSG00000070737|Tmem35b	Tmem35b	chr4	+	0	0		0		0		no
ENSMUST00000046659.13|ENSMUSG00000042388|Dlgap3	Dlgap3	chr4	+	0	0		0		0		no
ENSMUST00000142029.1|ENSMUSG00000042380|Smim12	Smim12	chr4	+	0	0		0		0		no
ENSMUST00000053753.7|ENSMUSG00000050234|Gja4	Gja4	chr4	-	0	0		0		0		no
ENSMUST00000106091.8|ENSMUSG00000042367|Gjb3	Gjb3	chr4	-	0	0		0		0		no
ENSMUST00000046498.2|ENSMUSG00000042357|Gjb5	Gjb5	chr4	-	0	0		0		0		no
ENSMUST00000074829.3|ENSMUSG00000062545|Tlr12	Tlr12	chr4	-	0	0		0		0		no
ENSMUST00000143632.7|ENSMUSG00000028796|Phc2	Phc2	chr4	+	0	0		0		0		no
ENSMUST00000106072.8|ENSMUSG00000028799|Zfp362	Zfp362	chr4	-	0	0		0		0		no
ENSMUST00000030584.10|ENSMUSG00000028793|Rnf19b	Rnf19b	chr4	+	0	0		0		0		no
ENSMUST00000095807.9|ENSMUSG00000028785|Hpca	Hpca	chr4	-	0	0		0		0		no
ENSMUST00000102600.3|ENSMUSG00000001334|Fndc5	Fndc5	chr4	+	0	0		0		0		no
ENSMUST00000133992.7|ENSMUSG00000028811|Yars	Yars	chr4	+	0	0		0		0		no
ENSMUST00000106051.7|ENSMUSG00000050390|C77080	C77080	chr4	-	0	0		0		0		no
ENSMUST00000102599.3|ENSMUSG00000001333|Sync	Sync	chr4	+	0	0		0		0		no
ENSMUST00000102598.3|ENSMUSG00000057236|Rbbp4	Rbbp4	chr4	-	0	0		0		0		no
ENSMUST00000106047.3|ENSMUSG00000057572|Zbtb8os	Zbtb8os	chr4	+	0	0		0		0		no
ENSMUST00000030610.2|ENSMUSG00000028807|Zbtb8a	Zbtb8a	chr4	-	0	0		0		0		no
ENSMUST00000048162.9|ENSMUSG00000040859|Bsdc1	Bsdc1	chr4	+	0	0		0		0		no
ENSMUST00000062356.6|ENSMUSG00000047945|Marcksl1	Marcksl1	chr4	+	0	0		0		0		no
ENSMUST00000102597.4|ENSMUSG00000028800|Hdac1	Hdac1	chr4	-	0	0		0		0		no
ENSMUST00000167288.7|ENSMUSG00000000409|Lck	Lck	chr4	-	0	0		0		0		no
ENSMUST00000174073.7|ENSMUSG00000028797|Tmem234	Tmem234	chr4	+	0	0		0		0		no
ENSMUST00000046675.11|ENSMUSG00000040795|Iqcc	Iqcc	chr4	-	0	0		0		0		no
ENSMUST00000151838.7|ENSMUSG00000028795|Ccdc28b	Ccdc28b	chr4	-	0	0		0		0		no
ENSMUST00000046425.15|ENSMUSG00000053841|Txlna	Txlna	chr4	-	0	0		0		0		no
ENSMUST00000102590.10|ENSMUSG00000003731|Kpna6	Kpna6	chr4	-	0	0		0		0		no
ENSMUST00000129342.7|ENSMUSG00000028790|Khdrbs1	Khdrbs1	chr4	-	0	0		0		0		no
ENSMUST00000165853.1|ENSMUSG00000028788|Ptp4a2	Ptp4a2	chr4	+	0	0		0		0		no
ENSMUST00000120204.7|ENSMUSG00000028782|Adgrb2	Adgrb2	chr4	+	0	0		0		0		no
ENSMUST00000118199.7|ENSMUSG00000028779|Pef1	Pef1	chr4	+	0	0		0		0		no
ENSMUST00000030560.8|ENSMUSG00000028776|Tinagl1	Tinagl1	chr4	-	0	0		0		0		no
ENSMUST00000122374.7|ENSMUSG00000023232|Serinc2	Serinc2	chr4	-	0	0		0		0		no
ENSMUST00000070532.7|ENSMUSG00000028773|Fabp3	Fabp3	chr4	+	0	0		0		0		no
ENSMUST00000134159.2|ENSMUSG00000028772|Zcchc17	Zcchc17	chr4	-	0	0		0		0		no
ENSMUST00000105994.3|ENSMUSG00000074088|Snrnp40	Snrnp40	chr4	+	0	0		0		0		no
ENSMUST00000180884.7|ENSMUSG00000078532|Nkain1	Nkain1	chr4	-	0	0		0		0		no
ENSMUST00000030315.12|ENSMUSG00000028580|Pum1	Pum1	chr4	+	0	0		0		0		no
ENSMUST00000070478.3|ENSMUSG00000025743|Sdc3	Sdc3	chr4	+	0	0		0		0		no
ENSMUST00000151698.7|ENSMUSG00000028581|Laptm5	Laptm5	chr4	+	0	0		0		0		no
ENSMUST00000105987.8|ENSMUSG00000028909|Ptpru	Ptpru	chr4	-	0	0		0		0		no
ENSMUST00000134943.6|ENSMUSG00000028911|Srsf4	Srsf4	chr4	+	0	0		0		0		no
ENSMUST00000094666.3|ENSMUSG00000070720|Tmem200b	Tmem200b	chr4	+	0	0		0		0		no
ENSMUST00000152796.7|ENSMUSG00000040025|Ythdf2	Ythdf2	chr4	-	0	0		0		0		no
ENSMUST00000030731.10|ENSMUSG00000028899|Taf12	Taf12	chr4	+	0	0		0		0		no
ENSMUST00000147652.7|ENSMUSG00000028898|Trnau1ap	Trnau1ap	chr4	-	0	0		0		0		no
ENSMUST00000084250.10|ENSMUSG00000028896|Rcc1	Rcc1	chr4	-	0	0		0		0		no
ENSMUST00000102568.9|ENSMUSG00000066043|Phactr4	Phactr4	chr4	-	0	0		0		0		no
ENSMUST00000102567.3|ENSMUSG00000066042|Med18	Med18	chr4	-	0	0		0		0		no
ENSMUST00000030724.8|ENSMUSG00000028893|Sesn2	Sesn2	chr4	-	0	0		0		0		no
ENSMUST00000139074.7|ENSMUSG00000054405|Dnajc8	Dnajc8	chr4	+	0	0		0		0		no
ENSMUST00000070690.7|ENSMUSG00000056529|Ptafr	Ptafr	chr4	+	0	0		0		0		no
ENSMUST00000081726.12|ENSMUSG00000028886|Eya3	Eya3	chr4	+	0	0		0		0		no
ENSMUST00000045550.4|ENSMUSG00000037752|Xkr8	Xkr8	chr4	-	0	0		0		0		no
ENSMUST00000030709.8|ENSMUSG00000028885|Smpdl3b	Smpdl3b	chr4	-	0	0		0		0		no
ENSMUST00000102561.10|ENSMUSG00000028884|Rpa2	Rpa2	chr4	+	0	0		0		0		no
ENSMUST00000045154.5|ENSMUSG00000037731|Themis2	Themis2	chr4	-	0	0		0		0		no
ENSMUST00000030702.13|ENSMUSG00000028882|Ppp1r8	Ppp1r8	chr4	-	0	0		0		0		no
ENSMUST00000030698.4|ENSMUSG00000028879|Stx12	Stx12	chr4	-	0	0		0		0		no
ENSMUST00000030696.10|ENSMUSG00000028878|Fam76a	Fam76a	chr4	-	0	0		0		0		no
ENSMUST00000030693.12|ENSMUSG00000028874|Fgr	Fgr	chr4	+	0	0		0		0		no
ENSMUST00000084241.11|ENSMUSG00000028868|Wasf2	Wasf2	chr4	+	0	0		0		0		no
ENSMUST00000105910.1|ENSMUSG00000028865|Cd164l2	Cd164l2	chr4	+	0	0		0		0		no
ENSMUST00000134781.7|ENSMUSG00000028857|Tmem222	Tmem222	chr4	-	0	0		0		0		no
ENSMUST00000030669.7|ENSMUSG00000028854|Slc9a1	Slc9a1	chr4	+	0	0		0		0		no
ENSMUST00000125541.1|ENSMUSG00000056596|Trnp1	Trnp1	chr4	-	0	0		0		0		no
ENSMUST00000030665.6|ENSMUSG00000028851|Nudc	Nudc	chr4	-	0	0		0		0		no
ENSMUST00000030662.2|ENSMUSG00000028850|Gpatch3	Gpatch3	chr4	+	0	0		0		0		no
ENSMUST00000030661.13|ENSMUSG00000028848|Gpn2	Gpn2	chr4	+	0	0		0		0		no
ENSMUST00000084238.4|ENSMUSG00000037553|Zdhhc18	Zdhhc18	chr4	-	0	0		0		0		no
ENSMUST00000062118.10|ENSMUSG00000043257|Pigv	Pigv	chr4	-	0	0		0		0		no
ENSMUST00000145664.8|ENSMUSG00000007880|Arid1a	Arid1a	chr4	-	0	0		0		0		no
ENSMUST00000105894.10|ENSMUSG00000003644|Rps6ka1	Rps6ka1	chr4	-	0	0		0		0		no
ENSMUST00000102553.10|ENSMUSG00000003038|Hmgn2	Hmgn2	chr4	-	0	0		0		0		no
ENSMUST00000144668.7|ENSMUSG00000012117|Dhdds	Dhdds	chr4	-	0	0		0		0		no
ENSMUST00000030651.8|ENSMUSG00000028843|Sh3bgrl3	Sh3bgrl3	chr4	-	0	0		0		0		no
ENSMUST00000137388.7|ENSMUSG00000037443|Cep85	Cep85	chr4	-	0	0		0		0		no
ENSMUST00000030644.7|ENSMUSG00000028840|Zfp593	Zfp593	chr4	-	0	0		0		0		no
ENSMUST00000124452.7|ENSMUSG00000086322|E130218I03Rik	E130218I03Rik	chr4	+	0	0		0		0		no
ENSMUST00000060050.5|ENSMUSG00000050105|Grrp1	Grrp1	chr4	-	0	0		0		0		no
ENSMUST00000105877.8|ENSMUSG00000050890|Pdik1l	Pdik1l	chr4	-	0	0		0		0		no
ENSMUST00000030643.2|ENSMUSG00000028838|Extl1	Extl1	chr4	-	0	0		0		0		no
ENSMUST00000105870.7|ENSMUSG00000037366|Pafah2	Pafah2	chr4	+	0	0		0		0		no
ENSMUST00000030636.10|ENSMUSG00000028832|Stmn1	Stmn1	chr4	+	0	0		0		0		no
ENSMUST00000095074.3|ENSMUSG00000037348|Paqr7	Paqr7	chr4	+	0	0		0		0		no
ENSMUST00000131613.7|ENSMUSG00000046671|Mtfr1l	Mtfr1l	chr4	-	0	0		0		0		no
ENSMUST00000060435.6|ENSMUSG00000050989|Selenon	Selenon	chr4	-	0	0		0		0		no
ENSMUST00000054096.12|ENSMUSG00000037306|Man1c1	Man1c1	chr4	-	0	0		0		0		no
ENSMUST00000037828.7|ENSMUSG00000037295|Ldlrap1	Ldlrap1	chr4	-	0	0		0		0		no
ENSMUST00000030626.11|ENSMUSG00000028822|Tmem50a	Tmem50a	chr4	-	0	0		0		0		no
ENSMUST00000078084.6|ENSMUSG00000037266|Rsrp1	Rsrp1	chr4	+	0	0		0		0		no
ENSMUST00000030622.2|ENSMUSG00000028821|Syf2	Syf2	chr4	+	0	0		0		0		no
ENSMUST00000037099.8|ENSMUSG00000037242|Clic4	Clic4	chr4	-	0	0		0		0		no
ENSMUST00000030606.13|ENSMUSG00000059713|Rcan3	Rcan3	chr4	-	0	0		0		0		no
ENSMUST00000105854.1|ENSMUSG00000037139|Myom3	Myom3	chr4	+	0	0		0		0		no
ENSMUST00000126641.1|ENSMUSG00000028676|Srsf10	Srsf10	chr4	+	0	0		0		0		no
ENSMUST00000030436.11|ENSMUSG00000028675|Pnrc2	Pnrc2	chr4	-	0	0		0		0		no
ENSMUST00000030434.4|ENSMUSG00000028673|Fuca1	Fuca1	chr4	+	0	0		0		0		no
ENSMUST00000030432.7|ENSMUSG00000028672|Hmgcl	Hmgcl	chr4	+	0	0		0		0		no
ENSMUST00000102541.9|ENSMUSG00000028671|Gale	Gale	chr4	+	0	0		0		0		no
ENSMUST00000105852.7|ENSMUSG00000028670|Lypla2	Lypla2	chr4	-	0	0		0		0		no
ENSMUST00000105851.8|ENSMUSG00000028669|Pithd1	Pithd1	chr4	-	0	0		0		0		no
ENSMUST00000030427.5|ENSMUSG00000028668|Eloa	Eloa	chr4	-	0	0		0		0		no
ENSMUST00000102536.10|ENSMUSG00000059291|Rpl11	Rpl11	chr4	-	0	0		0		0		no
ENSMUST00000008016.2|ENSMUSG00000007872|Id3	Id3	chr4	+	0	0		0		0		no
ENSMUST00000047526.7|ENSMUSG00000036995|Asap3	Asap3	chr4	+	0	0		0		0		no
ENSMUST00000069195.4|ENSMUSG00000051351|Zfp46	Zfp46	chr4	+	0	0		0		0		no
ENSMUST00000148843.9|ENSMUSG00000066037|Hnrnpr	Hnrnpr	chr4	+	0	0		0		0		no
ENSMUST00000168936.1|ENSMUSG00000001089|Luzp1	Luzp1	chr4	+	0	0		0		0		no
ENSMUST00000116273.8|ENSMUSG00000036940|Kdm1a	Kdm1a	chr4	-	0	0		0		0		no
ENSMUST00000046332.5|ENSMUSG00000036896|C1qc	C1qc	chr4	-	0	0		0		0		no
ENSMUST00000046285.5|ENSMUSG00000036887|C1qa	C1qa	chr4	-	0	0		0		0		no
ENSMUST00000045747.4|ENSMUSG00000036856|Wnt4	Wnt4	chr4	+	0	0		0		0		no
ENSMUST00000051477.12|ENSMUSG00000006699|Cdc42	Cdc42	chr4	-	0	0		0		0		no
ENSMUST00000105840.7|ENSMUSG00000043411|Usp48	Usp48	chr4	+	0	0		0		0		no
ENSMUST00000097837.10|ENSMUSG00000041351|Rap1gap	Rap1gap	chr4	+	0	0		0		0		no
ENSMUST00000030551.10|ENSMUSG00000028766|Alpl	Alpl	chr4	-	0	0		0		0		no
ENSMUST00000102518.9|ENSMUSG00000057530|Ece1	Ece1	chr4	+	0	0		0		0		no
ENSMUST00000084215.11|ENSMUSG00000028760|Eif4g3	Eif4g3	chr4	+	0	0		0		0		no
ENSMUST00000105827.7|ENSMUSG00000028759|Hp1bp3	Hp1bp3	chr4	+	0	0		0		0		no
ENSMUST00000105824.7|ENSMUSG00000045349|Sh2d5	Sh2d5	chr4	+	0	0		0		0		no
ENSMUST00000105818.7|ENSMUSG00000028758|Kif17	Kif17	chr4	+	0	0		0		0		no
ENSMUST00000030538.4|ENSMUSG00000028757|Ddost	Ddost	chr4	+	0	0		0		0		no
ENSMUST00000105816.7|ENSMUSG00000028756|Pink1	Pink1	chr4	-	0	0		0		0		no
ENSMUST00000030535.3|ENSMUSG00000028755|Cda	Cda	chr4	-	0	0		0		0		no
ENSMUST00000105032.3|ENSMUSG00000078235|Fam43b	Fam43b	chr4	-	0	0		0		0		no
ENSMUST00000044058.10|ENSMUSG00000041241|Mul1	Mul1	chr4	+	0	0		0		0		no
ENSMUST00000050918.3|ENSMUSG00000046447|Camk2n1	Camk2n1	chr4	+	0	0		0		0		no
ENSMUST00000097830.3|ENSMUSG00000041161|Otud3	Otud3	chr4	-	0	0		0		0		no
ENSMUST00000043042.9|ENSMUSG00000041143|Tmco4	Tmco4	chr4	+	0	0		0		0		no
ENSMUST00000042844.6|ENSMUSG00000041120|Nbl1	Nbl1	chr4	-	0	0		0		0		no
ENSMUST00000143971.1|ENSMUSG00000050608|Micos10	Micos10	chr4	-	0	0		0		0		no
ENSMUST00000102507.9|ENSMUSG00000028745|Capzb	Capzb	chr4	+	0	0		0		0		no
ENSMUST00000102503.9|ENSMUSG00000028741|Mrto4	Mrto4	chr4	-	0	0		0		0		no
ENSMUST00000097822.9|ENSMUSG00000066036|Ubr4	Ubr4	chr4	+	0	0		0		0		no
ENSMUST00000174078.1|ENSMUSG00000041025|Iffo2	Iffo2	chr4	+	0	0		0		0		no
ENSMUST00000039818.9|ENSMUSG00000028737|Aldh4a1	Aldh4a1	chr4	+	0	0		0		0		no
ENSMUST00000071169.8|ENSMUSG00000040945|Rcc2	Rcc2	chr4	+	0	0		0		0		no
ENSMUST00000030765.6|ENSMUSG00000028927|Padi2	Padi2	chr4	+	0	0		0		0		no
ENSMUST00000127833.2|ENSMUSG00000036622|Atp13a2	Atp13a2	chr4	+	0	0		0		0		no
ENSMUST00000071977.8|ENSMUSG00000060572|Mfap2	Mfap2	chr4	+	0	0		0		0		no
ENSMUST00000102491.9|ENSMUSG00000040860|Crocc	Crocc	chr4	-	0	0		0		0		no
ENSMUST00000148204.7|ENSMUSG00000040842|Szrd1	Szrd1	chr4	-	0	0		0		0		no
ENSMUST00000030757.9|ENSMUSG00000028920|Fbxo42	Fbxo42	chr4	+	0	0		0		0		no
ENSMUST00000006618.8|ENSMUSG00000028919|Arhgef19	Arhgef19	chr4	+	0	0		0		0		no
ENSMUST00000006614.2|ENSMUSG00000006445|Epha2	Epha2	chr4	+	0	0		0		0		no
ENSMUST00000006381.10|ENSMUSG00000006219|Fblim1	Fblim1	chr4	-	0	0		0		0		no
ENSMUST00000038661.7|ENSMUSG00000040740|Slc25a34	Slc25a34	chr4	-	0	0		0		0		no
ENSMUST00000084203.10|ENSMUSG00000028917|Plekhm2	Plekhm2	chr4	-	0	0		0		0		no
ENSMUST00000102484.4|ENSMUSG00000078515|Ddi2	Ddi2	chr4	-	0	0		0		0		no
ENSMUST00000038014.10|ENSMUSG00000040697|Dnajc16	Dnajc16	chr4	-	0	0		0		0		no
ENSMUST00000030747.10|ENSMUSG00000028914|Casp9	Casp9	chr4	+	0	0		0		0		no
ENSMUST00000036854.3|ENSMUSG00000040659|Efhd2	Efhd2	chr4	-	0	0		0		0		no
ENSMUST00000036572.3|ENSMUSG00000040616|Tmem51	Tmem51	chr4	-	0	0		0		0		no
ENSMUST00000129032.7|ENSMUSG00000040606|Kazn	Kazn	chr4	-	1	1	9.32373906327302e-07	50	chr4:142139850-142139900(fdr=9.32e-07)	0		yes
ENSMUST00000030317.13|ENSMUSG00000028583|Pdpn	Pdpn	chr4	-	0	0		0		0		no
ENSMUST00000059790.10|ENSMUSG00000046862|Pramef8	Pramef8	chr4	+	0	0		0		0		no
ENSMUST00000084184.6|ENSMUSG00000066026|Dhrs3	Dhrs3	chr4	+	0	0		0		0		no
ENSMUST00000030336.10|ENSMUSG00000028599|Tnfrsf1b	Tnfrsf1b	chr4	-	0	0		0		0		no
ENSMUST00000105733.2|ENSMUSG00000070605|Zfp992	Zfp992	chr4	+	0	0		0		0		no
ENSMUST00000084149.9|ENSMUSG00000067916|Zfp991	Zfp991	chr4	+	0	0		0		0		no
ENSMUST00000105720.7|ENSMUSG00000066000|Zfp979	Zfp979	chr4	-	0	0		0		0		no
ENSMUST00000105734.9|ENSMUSG00000078495|Zfp984	Zfp984	chr4	-	0	0		0		0		no
ENSMUST00000105718.7|ENSMUSG00000059423|Zfp933	Zfp933	chr4	-	0	0		0		0		no
ENSMUST00000030886.14|ENSMUSG00000029022|Miip	Miip	chr4	-	0	0		0		0		no
ENSMUST00000105716.8|ENSMUSG00000029020|Mfn2	Mfn2	chr4	-	0	0		0		0		no
ENSMUST00000019199.13|ENSMUSG00000019055|Plod1	Plod1	chr4	-	0	0		0		0		no
ENSMUST00000103232.1|ENSMUSG00000044496|2510039O18Rik	2510039O18Rik	chr4	+	0	0		0		0		no
ENSMUST00000069604.14|ENSMUSG00000029009|Mthfr	Mthfr	chr4	+	0	0		0		0		no
ENSMUST00000030865.8|ENSMUSG00000029007|Agtrap	Agtrap	chr4	-	0	0		0		0		no
ENSMUST00000030862.4|ENSMUSG00000029005|Draxin	Draxin	chr4	-	0	0		0		0		no
ENSMUST00000105707.1|ENSMUSG00000029003|Mad2l2	Mad2l2	chr4	+	0	0		0		0		no
ENSMUST00000105706.7|ENSMUSG00000055401|Fbxo6	Fbxo6	chr4	-	0	0		0		0		no
ENSMUST00000172472.7|ENSMUSG00000029001|Fbxo44	Fbxo44	chr4	-	0	0		0		0		no
ENSMUST00000047951.8|ENSMUSG00000041556|Fbxo2	Fbxo2	chr4	+	0	0		0		0		no
ENSMUST00000051633.2|ENSMUSG00000047719|Ubiad1	Ubiad1	chr4	-	0	0		0		0		no
ENSMUST00000103221.9|ENSMUSG00000028991|Mtor	Mtor	chr4	+	0	0		0		0		no
ENSMUST00000030840.3|ENSMUSG00000028989|Angptl7	Angptl7	chr4	-	0	0		0		0		no
ENSMUST00000097781.10|ENSMUSG00000017264|Exosc10	Exosc10	chr4	+	0	0		0		0		no
ENSMUST00000006611.8|ENSMUSG00000006442|Srm	Srm	chr4	+	0	0		0		0		no
ENSMUST00000084125.9|ENSMUSG00000041459|Tardbp	Tardbp	chr4	-	0	0		0		0		no
ENSMUST00000030816.3|ENSMUSG00000028974|Dffa	Dffa	chr4	+	0	0		0		0		no
ENSMUST00000084124.6|ENSMUSG00000028961|Pgd	Pgd	chr4	-	0	0		0		0		no
ENSMUST00000238956.1|ENSMUSG00000063077|Kif1b	Kif1b	chr4	-	0	0		0		0		no
ENSMUST00000174343.7|ENSMUSG00000028960|Ube4b	Ube4b	chr4	-	0	0		0		0		no
ENSMUST00000030842.7|ENSMUSG00000028990|Lzic	Lzic	chr4	+	0	0		0		0		no
ENSMUST00000030839.12|ENSMUSG00000028988|Ctnnbip1	Ctnnbip1	chr4	+	0	0		0		0		no
ENSMUST00000105691.7|ENSMUSG00000039953|Clstn1	Clstn1	chr4	+	0	0		0		0		no
ENSMUST00000038859.13|ENSMUSG00000039936|Pik3cd	Pik3cd	chr4	-	0	0		0		0		no
ENSMUST00000105686.2|ENSMUSG00000028982|Slc25a33	Slc25a33	chr4	-	0	0		0		0		no
ENSMUST00000038562.8|ENSMUSG00000039911|Spsb1	Spsb1	chr4	-	0	0		0		0		no
ENSMUST00000084117.12|ENSMUSG00000028980|H6pd	H6pd	chr4	-	0	0		0		0		no
ENSMUST00000094451.3|ENSMUSG00000047875|Gpr157	Gpr157	chr4	+	0	0		0		0		no
ENSMUST00000030826.3|ENSMUSG00000028976|Slc2a5	Slc2a5	chr4	+	0	0		0		0		no
ENSMUST00000080926.12|ENSMUSG00000063524|Eno1	Eno1	chr4	+	0	0		0		0		no
ENSMUST00000105682.8|ENSMUSG00000039852|Rere	Rere	chr4	+	0	0		0		0		no
ENSMUST00000073600.8|ENSMUSG00000028967|Errfi1	Errfi1	chr4	+	0	0		0		0		no
ENSMUST00000105672.9|ENSMUSG00000028965|Tnfrsf9	Tnfrsf9	chr4	+	0	0		0		0		no
ENSMUST00000169423.8|ENSMUSG00000014592|Camta1	Camta1	chr4	-	0	0		0		0		no
ENSMUST00000030797.3|ENSMUSG00000028955|Vamp3	Vamp3	chr4	-	0	0		0		0		no
ENSMUST00000036680.7|ENSMUSG00000039759|Thap3	Thap3	chr4	-	0	0		0		0		no
ENSMUST00000055688.9|ENSMUSG00000047777|Phf13	Phf13	chr4	-	0	0		0		0		no
ENSMUST00000097773.3|ENSMUSG00000073700|Klhl21	Klhl21	chr4	+	0	0		0		0		no
ENSMUST00000155389.7|ENSMUSG00000028952|Zbtb48	Zbtb48	chr4	-	0	0		0		0		no
ENSMUST00000131696.2|ENSMUSG00000028948|Nol9	Nol9	chr4	+	0	0		0		0		no
ENSMUST00000167926.7|ENSMUSG00000028937|Acot7	Acot7	chr4	+	0	0		0		0		no
ENSMUST00000105650.7|ENSMUSG00000042804|Gpr153	Gpr153	chr4	+	0	0		0		0		no
ENSMUST00000151372.7|ENSMUSG00000039662|Icmt	Icmt	chr4	+	0	0		0		0		no
ENSMUST00000139685.7|ENSMUSG00000028936|Rpl22	Rpl22	chr4	+	0	0		0		0		no
ENSMUST00000159840.7|ENSMUSG00000028931|Kcnab2	Kcnab2	chr4	-	0	0		0		0		no
ENSMUST00000081393.9|ENSMUSG00000039577|Nphp4	Nphp4	chr4	+	0	0		0		0		no
ENSMUST00000149177.1|ENSMUSG00000039546|Ajap1	Ajap1	chr4	-	0	0		0		0		no
ENSMUST00000147826.1|ENSMUSG00000047613|A430005L14Rik	A430005L14Rik	chr4	+	0	0		0		0		no
ENSMUST00000047497.14|ENSMUSG00000039523|Cep104	Cep104	chr4	+	0	0		0		0		no
ENSMUST00000169622.7|ENSMUSG00000029028|Lrrc47	Lrrc47	chr4	+	0	0		0		0		no
ENSMUST00000030896.14|ENSMUSG00000029030|Tprgl	Tprgl	chr4	-	0	0		0		0		no
ENSMUST00000030897.14|ENSMUSG00000057751|Megf6	Megf6	chr4	+	0	0		0		0		no
ENSMUST00000070313.13|ENSMUSG00000039410|Prdm16	Prdm16	chr4	-	0	0		0		0		no
ENSMUST00000163732.7|ENSMUSG00000058183|Mmel1	Mmel1	chr4	+	0	0		0		0		no
ENSMUST00000049621.6|ENSMUSG00000048001|Hes5	Hes5	chr4	+	0	0		0		0		no
ENSMUST00000148934.7|ENSMUSG00000029056|Pank4	Pank4	chr4	+	0	0		0		0		no
ENSMUST00000103180.3|ENSMUSG00000029047|Pex10	Pex10	chr4	+	0	0		0		0		no
ENSMUST00000030914.3|ENSMUSG00000029048|Rer1	Rer1	chr4	-	0	0		0		0		no
ENSMUST00000132367.7|ENSMUSG00000029049|Morn1	Morn1	chr4	+	0	0		0		0		no
ENSMUST00000084103.9|ENSMUSG00000029050|Ski	Ski	chr4	-	0	0		0		0		no
ENSMUST00000148406.7|ENSMUSG00000073684|Faap20	Faap20	chr4	+	0	0		0		0		no
ENSMUST00000103178.10|ENSMUSG00000029053|Prkcz	Prkcz	chr4	-	0	0		0		0		no
ENSMUST00000030925.2|ENSMUSG00000029054|Gabrd	Gabrd	chr4	-	0	0		0		0		no
ENSMUST00000123952.8|ENSMUSG00000078490|Cfap74	Cfap74	chr4	+	0	0		0		0		no
ENSMUST00000165335.7|ENSMUSG00000029064|Gnb1	Gnb1	chr4	+	0	0		0		0		no
ENSMUST00000105613.9|ENSMUSG00000029063|Nadk	Nadk	chr4	+	0	0		0		0		no
ENSMUST00000105608.8|ENSMUSG00000042202|Slc35e2	Slc35e2	chr4	+	0	0		0		0		no
ENSMUST00000099265.2|ENSMUSG00000074738|Fndc10	Fndc10	chr4	+	0	0		0		0		no
ENSMUST00000030905.8|ENSMUSG00000029038|Ssu72	Ssu72	chr4	+	0	0		0		0		no
ENSMUST00000184913.7|ENSMUSG00000029036|Atad3a	Atad3a	chr4	-	0	0		0		0		no
ENSMUST00000042196.3|ENSMUSG00000042116|Vwa1	Vwa1	chr4	-	0	0		0		0		no
ENSMUST00000097742.2|ENSMUSG00000073680|Tmem88b	Tmem88b	chr4	-	0	0		0		0		no
ENSMUST00000137487.8|ENSMUSG00000029066|Mrpl20	Mrpl20	chr4	+	0	0		0		0		no
ENSMUST00000126346.1|ENSMUSG00000029068|Ccnl2	Ccnl2	chr4	+	0	0		0		0		no
ENSMUST00000030947.3|ENSMUSG00000029070|Mxra8	Mxra8	chr4	+	0	0		0		0		no
ENSMUST00000030948.15|ENSMUSG00000029071|Dvl1	Dvl1	chr4	+	0	0		0		0		no
ENSMUST00000030950.7|ENSMUSG00000029073|Cptp	Cptp	chr4	-	0	0		0		0		no
ENSMUST00000156460.1|ENSMUSG00000029034|Ints11	Ints11	chr4	+	0	0		0		0		no
ENSMUST00000097737.4|ENSMUSG00000051557|Pusl1	Pusl1	chr4	-	0	0		0		0		no
ENSMUST00000079031.5|ENSMUSG00000029033|Acap3	Acap3	chr4	+	0	0		0		0		no
ENSMUST00000166489.7|ENSMUSG00000023286|Ube2j2	Ube2j2	chr4	+	0	0		0		0		no
ENSMUST00000052185.4|ENSMUSG00000050796|B3galt6	B3galt6	chr4	-	0	0		0		0		no
ENSMUST00000050078.12|ENSMUSG00000029076|Sdf4	Sdf4	chr4	+	0	0		0		0		no
ENSMUST00000040274.12|ENSMUSG00000041954|Tnfrsf18	Tnfrsf18	chr4	+	0	0		0		0		no
ENSMUST00000072554.12|ENSMUSG00000059939|9430015G10Rik	9430015G10Rik	chr4	+	0	0		0		0		no
ENSMUST00000105574.8|ENSMUSG00000041936|Agrn	Agrn	chr4	-	0	0		0		0		no
ENSMUST00000105569.3|ENSMUSG00000078485|Plekhn1	Plekhn1	chr4	-	0	0		0		0		no
ENSMUST00000179543.7|ENSMUSG00000095567|Noc2l	Noc2l	chr4	+	0	0		0		0		no
ENSMUST00000176000.1|ENSMUSG00000040302|Rbm48	Rbm48	chr5	-	0	0		0		0		no
ENSMUST00000140871.1|ENSMUSG00000007415|Gatad1	Gatad1	chr5	-	0	0		0		0		no
ENSMUST00000043551.10|ENSMUSG00000040351|Ankib1	Ankib1	chr5	-	0	0		0		0		no
ENSMUST00000001507.4|ENSMUSG00000001467|Cyp51	Cyp51	chr5	-	0	0		0		0		no
ENSMUST00000054294.6|ENSMUSG00000044674|Fzd1	Fzd1	chr5	-	0	0		0		0		no
ENSMUST00000115451.7|ENSMUSG00000028926|Cdk14	Cdk14	chr5	-	0	0		0		0		no
ENSMUST00000179804.7|ENSMUSG00000046798|Cldn12	Cldn12	chr5	-	0	0		0		0		no
ENSMUST00000115426.8|ENSMUSG00000015653|Steap2	Steap2	chr5	-	0	0		0		0		no
ENSMUST00000115421.2|ENSMUSG00000012428|Steap4	Steap4	chr5	+	0	0		0		0		no
ENSMUST00000088786.10|ENSMUSG00000003161|Sri	Sri	chr5	+	0	0		0		0		no
ENSMUST00000168500.7|ENSMUSG00000002297|Dbf4	Dbf4	chr5	-	0	0		0		0		no
ENSMUST00000196727.4|ENSMUSG00000054099|Slc25a40	Slc25a40	chr5	+	0	0		0		0		no
ENSMUST00000047753.4|ENSMUSG00000040584|Abcb1a	Abcb1a	chr5	+	0	0		0		0		no
ENSMUST00000199955.4|ENSMUSG00000028970|Abcb1b	Abcb1b	chr5	+	0	0		0		0		no
ENSMUST00000003720.4|ENSMUSG00000003623|Crot	Crot	chr5	-	0	0		0		0		no
ENSMUST00000196029.4|ENSMUSG00000079659|Tmem243	Tmem243	chr5	+	0	0		0		0		no
ENSMUST00000184888.7|ENSMUSG00000042508|Dmtf1	Dmtf1	chr5	-	0	0		0		0		no
ENSMUST00000004076.4|ENSMUSG00000003974|Grm3	Grm3	chr5	-	0	0		0		0		no
ENSMUST00000030868.10|ENSMUSG00000040254|Sema3d	Sema3d	chr5	+	0	0		0		0		no
ENSMUST00000030714.7|ENSMUSG00000028883|Sema3a	Sema3a	chr5	+	0	0		0		0		no
ENSMUST00000196384.1|ENSMUSG00000106445|Gm21190	Gm21190	chr5	-	0	0		0		0		no
ENSMUST00000167946.8|ENSMUSG00000040118|Cacna2d1	Cacna2d1	chr5	+	0	0		0		0		no
ENSMUST00000199581.4|ENSMUSG00000028864|Hgf	Hgf	chr5	+	0	0		0		0		no
ENSMUST00000170181.7|ENSMUSG00000028780|Sema3c	Sema3c	chr5	+	0	0		0		0		no
ENSMUST00000074694.6|ENSMUSG00000057614|Gnai1	Gnai1	chr5	-	0	0		0		0		no
ENSMUST00000199514.1|ENSMUSG00000040003|Magi2	Magi2	chr5	+	0	0		0		0		no
ENSMUST00000124431.7|ENSMUSG00000039987|Phtf2	Phtf2	chr5	-	0	0		0		0		no
ENSMUST00000115259.2|ENSMUSG00000045435|Tmem60	Tmem60	chr5	+	0	0		0		0		no
ENSMUST00000035799.5|ENSMUSG00000039899|Fgl2	Fgl2	chr5	+	0	0		0		0		no
ENSMUST00000056045.4|ENSMUSG00000047221|Fam185a	Fam185a	chr5	+	0	0		0		0		no
ENSMUST00000035651.5|ENSMUSG00000039883|Lrrc17	Lrrc17	chr5	+	0	0		0		0		no
ENSMUST00000115217.7|ENSMUSG00000044968|Napepld	Napepld	chr5	-	0	0		0		0		no
ENSMUST00000141022.1|ENSMUSG00000029017|Pmpcb	Pmpcb	chr5	+	0	0		0		0		no
ENSMUST00000030872.11|ENSMUSG00000029012|Orc5	Orc5	chr5	-	0	0		0		0		no
ENSMUST00000196889.4|ENSMUSG00000029004|Kmt2e	Kmt2e	chr5	+	0	0		0		0		no
ENSMUST00000196929.4|ENSMUSG00000062604|Srpk2	Srpk2	chr5	-	0	0		0		0		no
ENSMUST00000151449.1|ENSMUSG00000057541|Pus7	Pus7	chr5	-	0	0		0		0		no
ENSMUST00000030851.6|ENSMUSG00000028998|Tomm7	Tomm7	chr5	-	0	0		0		0		no
ENSMUST00000030849.12|ENSMUSG00000028995|Fam126a	Fam126a	chr5	-	0	0		0		0		no
ENSMUST00000115101.3|ENSMUSG00000048439|Nupl2	Nupl2	chr5	+	0	0		0		0		no
ENSMUST00000115098.6|ENSMUSG00000038319|Kcnh2	Kcnh2	chr5	-	0	0		0		0		no
ENSMUST00000030834.6|ENSMUSG00000028978|Nos3	Nos3	chr5	+	0	0		0		0		no
ENSMUST00000115077.7|ENSMUSG00000028973|Abcb8	Abcb8	chr5	+	0	0		0		0		no
ENSMUST00000030814.10|ENSMUSG00000028969|Cdk5	Cdk5	chr5	-	0	0		0		0		no
ENSMUST00000080067.12|ENSMUSG00000028962|Slc4a2	Slc4a2	chr5	+	0	0		0		0		no
ENSMUST00000144389.7|ENSMUSG00000028959|Fastk	Fastk	chr5	-	0	0		0		0		no
ENSMUST00000030799.14|ENSMUSG00000028958|Tmub1	Tmub1	chr5	-	0	0		0		0		no
ENSMUST00000199856.1|ENSMUSG00000023353|Agap3	Agap3	chr5	+	0	0		0		0		no
ENSMUST00000030795.9|ENSMUSG00000028953|Abcf2	Abcf2	chr5	-	0	0		0		0		no
ENSMUST00000088295.8|ENSMUSG00000038181|Chpf2	Chpf2	chr5	+	0	0		0		0		no
ENSMUST00000068825.7|ENSMUSG00000028954|Nub1	Nub1	chr5	+	0	0		0		0		no
ENSMUST00000068693.11|ENSMUSG00000055235|Wdr86	Wdr86	chr5	-	0	0		0		0		no
ENSMUST00000030787.8|ENSMUSG00000028945|Rheb	Rheb	chr5	-	0	0		0		0		no
ENSMUST00000030784.13|ENSMUSG00000028944|Prkag2	Prkag2	chr5	-	0	0		0		0		no
ENSMUST00000045737.13|ENSMUSG00000038072|Galnt11	Galnt11	chr5	+	0	0		0		0		no
ENSMUST00000174734.7|ENSMUSG00000038056|Kmt2c	Kmt2c	chr5	-	0	0		0		0		no
ENSMUST00000030773.11|ENSMUSG00000028933|Xrcc2	Xrcc2	chr5	-	0	0		0		0		no
ENSMUST00000128727.7|ENSMUSG00000056367|Actr3b	Actr3b	chr5	+	0	0		0		0		no
ENSMUST00000059155.10|ENSMUSG00000045294|Insig1	Insig1	chr5	+	0	0		0		0		no
ENSMUST00000059644.12|ENSMUSG00000048271|Rbm33	Rbm33	chr5	+	0	0		0		0		no
ENSMUST00000200149.1|ENSMUSG00000010721|Lmbr1	Lmbr1	chr5	-	0	0		0		0		no
ENSMUST00000001611.10|ENSMUSG00000001569|Nom1	Nom1	chr5	+	0	0		0		0		no
ENSMUST00000049453.8|ENSMUSG00000039000|Ube3c	Ube3c	chr5	+	0	0		0		0		no
ENSMUST00000008733.14|ENSMUSG00000029131|Dnajb6	Dnajb6	chr5	+	0	0		0		0		no
ENSMUST00000199183.4|ENSMUSG00000025746|Il6	Il6	chr5	+	0	0		0		0		no
ENSMUST00000141630.7|ENSMUSG00000025747|Tyms	Tyms	chr5	-	0	0		0		0		no
ENSMUST00000058045.4|ENSMUSG00000044576|Garem2	Garem2	chr5	+	0	0		0		0		no
ENSMUST00000156859.2|ENSMUSG00000025745|Hadha	Hadha	chr5	-	0	0		0		0		no
ENSMUST00000197109.1|ENSMUSG00000059447|Hadhb	Hadhb	chr5	+	0	0		0		0		no
ENSMUST00000199129.4|ENSMUSG00000029182|Fam166c	Fam166c	chr5	+	0	0		0		0		no
ENSMUST00000066295.3|ENSMUSG00000049265|Kcnk3	Kcnk3	chr5	+	0	0		0		0		no
ENSMUST00000143867.7|ENSMUSG00000029175|Slc35f6	Slc35f6	chr5	+	0	0		0		0		no
ENSMUST00000031058.14|ENSMUSG00000029166|Mapre3	Mapre3	chr5	+	0	0		0		0		no
ENSMUST00000201203.3|ENSMUSG00000038828|Tmem214	Tmem214	chr5	+	0	0		0		0		no
ENSMUST00000132253.4|ENSMUSG00000038803|Ost4	Ost4	chr5	-	0	0		0		0		no
ENSMUST00000031055.7|ENSMUSG00000029163|Emilin1	Emilin1	chr5	+	0	0		0		0		no
ENSMUST00000201621.3|ENSMUSG00000029162|Khk	Khk	chr5	+	0	0		0		0		no
ENSMUST00000031051.7|ENSMUSG00000029161|Cgref1	Cgref1	chr5	-	0	0		0		0		no
ENSMUST00000201821.3|ENSMUSG00000045302|Preb	Preb	chr5	-	0	0		0		0		no
ENSMUST00000202520.3|ENSMUSG00000006641|Slc5a6	Slc5a6	chr5	-	0	0		0		0		no
ENSMUST00000200942.1|ENSMUSG00000013622|Atraid	Atraid	chr5	+	0	0		0		0		no
ENSMUST00000013773.11|ENSMUSG00000013629|Cad	Cad	chr5	+	0	0		0		0		no
ENSMUST00000031037.13|ENSMUSG00000029151|Slc30a3	Slc30a3	chr5	-	0	0		0		0		no
ENSMUST00000154241.7|ENSMUSG00000107283|Mpv17	Mpv17	chr5	-	0	0		0		0		no
ENSMUST00000088010.11|ENSMUSG00000106864|Gtf3c2	Gtf3c2	chr5	-	0	0		0		0		no
ENSMUST00000200929.1|ENSMUSG00000029145|Eif2b4	Eif2b4	chr5	-	0	0		0		0		no
ENSMUST00000114590.7|ENSMUSG00000043059|Zfp513	Zfp513	chr5	-	0	0		0		0		no
ENSMUST00000202294.3|ENSMUSG00000029147|Ppm1g	Ppm1g	chr5	-	0	0		0		0		no
ENSMUST00000031034.11|ENSMUSG00000029148|Nrbp1	Nrbp1	chr5	+	0	0		0		0		no
ENSMUST00000172435.7|ENSMUSG00000038552|Fndc4	Fndc4	chr5	-	0	0		0		0		no
ENSMUST00000076264.7|ENSMUSG00000062761|Zfp512	Zfp512	chr5	+	0	0		0		0		no
ENSMUST00000202214.3|ENSMUSG00000029141|Slc4a1ap	Slc4a1ap	chr5	+	0	0		0		0		no
ENSMUST00000031017.10|ENSMUSG00000029135|Fosl2	Fosl2	chr5	+	0	0		0		0		no
ENSMUST00000201360.3|ENSMUSG00000014956|Ppp1cb	Ppp1cb	chr5	+	0	0		0		0		no
ENSMUST00000072311.12|ENSMUSG00000014932|Yes1	Yes1	chr5	+	0	0		0		0		no
ENSMUST00000142957.5|ENSMUSG00000023452|Pisd	Pisd	chr5	-	0	0		0		0		no
ENSMUST00000019109.7|ENSMUSG00000018965|Ywhah	Ywhah	chr5	+	0	0		0		0		no
ENSMUST00000046186.7|ENSMUSG00000037379|Spon2	Spon2	chr5	-	0	0		0		0		no
ENSMUST00000201275.3|ENSMUSG00000037373|Ctbp1	Ctbp1	chr5	-	0	0		0		0		no
ENSMUST00000101354.9|ENSMUSG00000004642|Slbp	Slbp	chr5	-	0	0		0		0		no
ENSMUST00000019439.8|ENSMUSG00000019295|Tmem129	Tmem129	chr5	-	0	0		0		0		no
ENSMUST00000169212.8|ENSMUSG00000054252|Fgfr3	Fgfr3	chr5	+	0	0		0		0		no
ENSMUST00000141416.4|ENSMUSG00000057406|Nsd2	Nsd2	chr5	+	0	0		0		0		no
ENSMUST00000030993.7|ENSMUSG00000029111|Nelfa	Nelfa	chr5	-	0	0		0		0		no
ENSMUST00000142510.1|ENSMUSG00000070858|Gm1673	Gm1673	chr5	+	0	0		0		0		no
ENSMUST00000056355.8|ENSMUSG00000048142|Nat8l	Nat8l	chr5	+	0	0		0		0		no
ENSMUST00000042701.12|ENSMUSG00000037235|Mxd4	Mxd4	chr5	-	0	0		0		0		no
ENSMUST00000182709.7|ENSMUSG00000029110|Rnf4	Rnf4	chr5	+	0	0		0		0		no
ENSMUST00000030991.13|ENSMUSG00000059866|Tnip2	Tnip2	chr5	-	0	0		0		0		no
ENSMUST00000137150.7|ENSMUSG00000001082|Mfsd10	Mfsd10	chr5	-	0	0		0		0		no
ENSMUST00000080036.2|ENSMUSG00000029104|Htt	Htt	chr5	+	0	0		0		0		no
ENSMUST00000114280.7|ENSMUSG00000029101|Rgs12	Rgs12	chr5	+	0	0		0		0		no
ENSMUST00000101298.8|ENSMUSG00000044716|Dok7	Dok7	chr5	+	0	0		0		0		no
ENSMUST00000030986.14|ENSMUSG00000029103|Lrpap1	Lrpap1	chr5	-	0	0		0		0		no
ENSMUST00000049545.6|ENSMUSG00000045318|Adra2c	Adra2c	chr5	+	0	0		0		0		no
ENSMUST00000030980.11|ENSMUSG00000029097|Trmt44	Trmt44	chr5	-	0	0		0		0		no
ENSMUST00000068947.13|ENSMUSG00000029098|Acox3	Acox3	chr5	+	0	0		0		0		no
ENSMUST00000201028.1|ENSMUSG00000029096|Htra3	Htra3	chr5	-	0	0		0		0		no
ENSMUST00000127288.7|ENSMUSG00000036553|Sh3tc1	Sh3tc1	chr5	-	0	0		0		0		no
ENSMUST00000064571.10|ENSMUSG00000029094|Afap1	Afap1	chr5	+	0	0		0		0		no
ENSMUST00000037370.13|ENSMUSG00000029093|Sorcs2	Sorcs2	chr5	-	0	0		0		0		no
ENSMUST00000031099.3|ENSMUSG00000029198|Grpel1	Grpel1	chr5	+	0	0		0		0		no
ENSMUST00000031097.7|ENSMUSG00000029196|Tada2b	Tada2b	chr5	-	0	0		0		0		no
ENSMUST00000031091.12|ENSMUSG00000029190|D5Ertd579e	D5Ertd579e	chr5	-	0	0		0		0		no
ENSMUST00000071949.4|ENSMUSG00000060708|Bloc1s4	Bloc1s4	chr5	-	0	0		0		0		no
ENSMUST00000068795.3|ENSMUSG00000055302|Mrfap1	Mrfap1	chr5	-	0	0		0		0		no
ENSMUST00000124711.1|ENSMUSG00000029119|Man2b2	Man2b2	chr5	-	0	0		0		0		no
ENSMUST00000201156.1|ENSMUSG00000029120|Ppp2r2c	Ppp2r2c	chr5	+	0	0		0		0		no
ENSMUST00000114158.8|ENSMUSG00000029121|Crmp1	Crmp1	chr5	+	0	0		0		0		no
ENSMUST00000031005.10|ENSMUSG00000029122|Evc	Evc	chr5	-	0	0		0		0		no
ENSMUST00000056365.8|ENSMUSG00000050248|Evc2	Evc2	chr5	+	0	0		0		0		no
ENSMUST00000063116.9|ENSMUSG00000048450|Msx1	Msx1	chr5	-	0	0		0		0		no
ENSMUST00000114126.8|ENSMUSG00000029125|Stx18	Stx18	chr5	+	0	0		0		0		no
ENSMUST00000031009.7|ENSMUSG00000029126|Nsg1	Nsg1	chr5	-	0	0		0		0		no
ENSMUST00000138820.7|ENSMUSG00000029127|Zbtb49	Zbtb49	chr5	-	0	0		0		0		no
ENSMUST00000087511.9|ENSMUSG00000067365|Tmem128	Tmem128	chr5	+	0	0		0		0		no
ENSMUST00000005234.12|ENSMUSG00000005103|Wdr1	Wdr1	chr5	-	0	0		0		0		no
ENSMUST00000117944.1|ENSMUSG00000051022|Hs3st1	Hs3st1	chr5	-	0	0		0		0		no
ENSMUST00000050556.10|ENSMUSG00000061755|Bod1l	Bod1l	chr5	-	0	0		0		0		no
ENSMUST00000169035.7|ENSMUSG00000039782|Cpeb2	Cpeb2	chr5	+	0	0		0		0		no
ENSMUST00000076939.9|ENSMUSG00000061535|C1qtnf7	C1qtnf7	chr5	+	0	0		0		0		no
ENSMUST00000087465.10|ENSMUSG00000039753|Fbxl5	Fbxl5	chr5	-	0	0		0		0		no
ENSMUST00000126976.5|ENSMUSG00000029082|Bst1	Bst1	chr5	+	0	0		0		0		no
ENSMUST00000030964.5|ENSMUSG00000029084|Cd38	Cd38	chr5	+	0	0		0		0		no
ENSMUST00000199894.1|ENSMUSG00000048373|Fgfbp1	Fgfbp1	chr5	-	0	0		0		0		no
ENSMUST00000198347.1|ENSMUSG00000029086|Prom1	Prom1	chr5	-	0	0		0		0		no
ENSMUST00000199374.4|ENSMUSG00000046985|Tapt1	Tapt1	chr5	-	0	0		0		0		no
ENSMUST00000198258.4|ENSMUSG00000015806|Qdpr	Qdpr	chr5	-	0	0		0		0		no
ENSMUST00000046122.10|ENSMUSG00000039682|Lap3	Lap3	chr5	+	0	0		0		0		no
ENSMUST00000156481.7|ENSMUSG00000015804|Med28	Med28	chr5	+	0	0		0		0		no
ENSMUST00000117396.2|ENSMUSG00000015880|Ncapg	Ncapg	chr5	+	0	0		0		0		no
ENSMUST00000187615.6|ENSMUSG00000015882|Lcorl	Lcorl	chr5	-	0	0		0		0		no
ENSMUST00000033967.14|ENSMUSG00000031558|Slit2	Slit2	chr5	+	0	0		0		0		no
ENSMUST00000195960.4|ENSMUSG00000029089|5730480H06Rik	5730480H06Rik	chr5	+	0	0		0		0		no
ENSMUST00000166924.7|ENSMUSG00000029088|Kcnip4	Kcnip4	chr5	-	0	0		0		0		no
ENSMUST00000030971.6|ENSMUSG00000029090|Adgra3	Adgra3	chr5	-	0	0		0		0		no
ENSMUST00000031059.13|ENSMUSG00000029167|Ppargc1a	Ppargc1a	chr5	-	0	0		0		0		no
ENSMUST00000200186.4|ENSMUSG00000029169|Dhx15	Dhx15	chr5	-	0	0		0		0		no
ENSMUST00000101208.5|ENSMUSG00000072941|Sod3	Sod3	chr5	+	0	0		0		0		no
ENSMUST00000198008.4|ENSMUSG00000045790|Ccdc149	Ccdc149	chr5	-	0	0		0		0		no
ENSMUST00000150709.7|ENSMUSG00000029173|Sepsecs	Sepsecs	chr5	-	0	0		0		0		no
ENSMUST00000031081.10|ENSMUSG00000029186|Pi4k2b	Pi4k2b	chr5	+	0	0		0		0		no
ENSMUST00000037618.12|ENSMUSG00000039191|Rbpj	Rbpj	chr5	+	0	0		0		0		no
ENSMUST00000201958.3|ENSMUSG00000039178|Tbc1d19	Tbc1d19	chr5	+	0	0		0		0		no
ENSMUST00000117661.8|ENSMUSG00000039156|Stim2	Stim2	chr5	+	0	0		0		0		no
ENSMUST00000076623.7|ENSMUSG00000037999|Arap2	Arap2	chr5	-	0	0		0		0		no
ENSMUST00000081747.7|ENSMUSG00000060512|0610040J01Rik	0610040J01Rik	chr5	+	0	0		0		0		no
ENSMUST00000147348.5|ENSMUSG00000029174|Tbc1d1	Tbc1d1	chr5	+	0	0		0		0		no
ENSMUST00000165536.7|ENSMUSG00000029178|Klf3	Klf3	chr5	+	0	0		0		0		no
ENSMUST00000031080.14|ENSMUSG00000029185|Fam114a1	Fam114a1	chr5	+	0	0		0		0		no
ENSMUST00000203581.2|ENSMUSG00000029191|Rfc1	Rfc1	chr5	-	0	0		0		0		no
ENSMUST00000031101.9|ENSMUSG00000029199|Lias	Lias	chr5	+	0	0		0		0		no
ENSMUST00000031103.13|ENSMUSG00000029201|Ugdh	Ugdh	chr5	-	0	0		0		0		no
ENSMUST00000139122.7|ENSMUSG00000037822|Smim14	Smim14	chr5	-	0	0		0		0		no
ENSMUST00000202601.3|ENSMUSG00000029203|Ube2k	Ube2k	chr5	+	0	0		0		0		no
ENSMUST00000031106.7|ENSMUSG00000029204|Rhoh	Rhoh	chr5	+	0	0		0		0		no
ENSMUST00000113726.7|ENSMUSG00000070780|Rbm47	Rbm47	chr5	-	0	0		0		0		no
ENSMUST00000031131.10|ENSMUSG00000029223|Uchl1	Uchl1	chr5	+	0	0		0		0		no
ENSMUST00000201979.3|ENSMUSG00000037720|Tmem33	Tmem33	chr5	+	0	0		0		0		no
ENSMUST00000087241.6|ENSMUSG00000050010|Shisa3	Shisa3	chr5	+	0	0		0		0		no
ENSMUST00000200955.3|ENSMUSG00000037685|Atp8a1	Atp8a1	chr5	-	0	0		0		0		no
ENSMUST00000154728.7|ENSMUSG00000029208|Guf1	Guf1	chr5	+	0	0		0		0		no
ENSMUST00000031119.5|ENSMUSG00000001260|Gabrg1	Gabrg1	chr5	-	0	0		0		0		no
ENSMUST00000198625.4|ENSMUSG00000000560|Gabra2	Gabra2	chr5	-	0	0		0		0		no
ENSMUST00000031122.8|ENSMUSG00000029212|Gabrb1	Gabrb1	chr5	+	0	0		0		0		no
ENSMUST00000199767.4|ENSMUSG00000029213|Commd8	Commd8	chr5	-	0	0		0		0		no
ENSMUST00000135318.7|ENSMUSG00000072889|Nfxl1	Nfxl1	chr5	-	0	0		0		0		no
ENSMUST00000138842.7|ENSMUSG00000029217|Tec	Tec	chr5	-	0	0		0		0		no
ENSMUST00000144843.7|ENSMUSG00000036087|Slain2	Slain2	chr5	+	0	0		0		0		no
ENSMUST00000202697.3|ENSMUSG00000070733|Fryl	Fryl	chr5	-	0	0		0		0		no
ENSMUST00000201739.1|ENSMUSG00000029152|Ociad1	Ociad1	chr5	+	0	0		0		0		no
ENSMUST00000201908.3|ENSMUSG00000029153|Ociad2	Ociad2	chr5	-	0	0		0		0		no
ENSMUST00000081170.8|ENSMUSG00000029156|Sgcb	Sgcb	chr5	-	0	0		0		0		no
ENSMUST00000119154.7|ENSMUSG00000054814|Usp46	Usp46	chr5	-	0	0		0		0		no
ENSMUST00000051937.8|ENSMUSG00000049907|Rasl11b	Rasl11b	chr5	+	0	0		0		0		no
ENSMUST00000113536.7|ENSMUSG00000029227|Fip1l1	Fip1l1	chr5	+	0	0		0		0		no
ENSMUST00000075452.6|ENSMUSG00000029229|Chic2	Chic2	chr5	-	0	0		0		0		no
ENSMUST00000000476.14|ENSMUSG00000029231|Pdgfra	Pdgfra	chr5	+	0	0		0		0		no
ENSMUST00000144270.7|ENSMUSG00000005672|Kit	Kit	chr5	+	0	0		0		0		no
ENSMUST00000113516.1|ENSMUSG00000062960|Kdr	Kdr	chr5	-	0	0		0		0		no
ENSMUST00000031143.12|ENSMUSG00000029233|Srd5a3	Srd5a3	chr5	+	0	0		0		0		no
ENSMUST00000031144.13|ENSMUSG00000029234|Tmem165	Tmem165	chr5	+	0	0		0		0		no
ENSMUST00000202651.3|ENSMUSG00000029238|Clock	Clock	chr5	-	0	0		0		0		no
ENSMUST00000087133.10|ENSMUSG00000036435|Exoc1	Exoc1	chr5	+	0	0		0		0		no
ENSMUST00000101087.9|ENSMUSG00000036323|Srp72	Srp72	chr5	+	0	0		0		0		no
ENSMUST00000120827.8|ENSMUSG00000059325|Hopx	Hopx	chr5	-	0	0		0		0		no
ENSMUST00000046746.9|ENSMUSG00000036256|Igfbp7	Igfbp7	chr5	-	0	0		0		1	chr5:77349350-77349400(fdr=1.78e-05)	no
ENSMUST00000039373.13|ENSMUSG00000035898|Uba6	Uba6	chr5	-	0	0		0		0		no
ENSMUST00000031229.10|ENSMUSG00000029291|Rufy3	Rufy3	chr5	+	0	0		0		0		no
ENSMUST00000078945.11|ENSMUSG00000044221|Grsf1	Grsf1	chr5	-	0	0		0		0		no
ENSMUST00000113229.7|ENSMUSG00000006262|Mob1b	Mob1b	chr5	+	0	0		0		0		no
ENSMUST00000031311.9|ENSMUSG00000029366|Dck	Dck	chr5	+	0	0		0		0		no
ENSMUST00000148750.7|ENSMUSG00000060961|Slc4a4	Slc4a4	chr5	+	0	0		0		0		no
ENSMUST00000148480.1|ENSMUSG00000035505|Cox18	Cox18	chr5	-	0	0		0		0		no
ENSMUST00000014421.14|ENSMUSG00000055204|Ankrd17	Ankrd17	chr5	-	0	0		0		0		no
ENSMUST00000031318.5|ENSMUSG00000029371|Cxcl5	Cxcl5	chr5	+	0	0		0		0		no
ENSMUST00000031319.7|ENSMUSG00000029372|Ppbp	Ppbp	chr5	+	0	0		0		0		no
ENSMUST00000031326.9|ENSMUSG00000029379|Cxcl3	Cxcl3	chr5	+	0	0		0		0		no
ENSMUST00000031327.8|ENSMUSG00000029380|Cxcl1	Cxcl1	chr5	+	0	0		0		0		no
ENSMUST00000200681.3|ENSMUSG00000058427|Cxcl2	Cxcl2	chr5	+	0	0		0		0		no
ENSMUST00000071652.5|ENSMUSG00000029376|Mthfd2l	Mthfd2l	chr5	+	0	0		0		0		no
ENSMUST00000040576.9|ENSMUSG00000034981|Parm1	Parm1	chr5	+	0	0		0		0		no
ENSMUST00000031345.14|ENSMUSG00000029397|Rchy1	Rchy1	chr5	-	0	0		0		0		no
ENSMUST00000167918.7|ENSMUSG00000029405|G3bp2	G3bp2	chr5	-	0	0		0		0		no
ENSMUST00000201642.1|ENSMUSG00000029407|Uso1	Uso1	chr5	+	0	0		0		0		no
ENSMUST00000031364.4|ENSMUSG00000029415|Sdad1	Sdad1	chr5	-	0	0		0		0		no
ENSMUST00000113093.4|ENSMUSG00000029417|Cxcl9	Cxcl9	chr5	-	0	0		0		0		no
ENSMUST00000146470.1|ENSMUSG00000034826|Nup54	Nup54	chr5	-	0	0		0		0		no
ENSMUST00000031377.8|ENSMUSG00000029426|Scarb2	Scarb2	chr5	-	0	0		0		0		no
ENSMUST00000074733.10|ENSMUSG00000058013|Septin11	Septin11	chr5	+	0	0		0		0		no
ENSMUST00000058550.14|ENSMUSG00000063015|Ccni	Ccni	chr5	-	0	0		0		0		no
ENSMUST00000031331.12|ENSMUSG00000029385|Ccng2	Ccng2	chr5	+	0	0		0		0		no
ENSMUST00000023840.6|ENSMUSG00000023078|Cxcl13	Cxcl13	chr5	+	0	0		0		0		no
ENSMUST00000036646.13|ENSMUSG00000034724|Cnot6l	Cnot6l	chr5	-	0	0		0		0		no
ENSMUST00000117766.7|ENSMUSG00000029486|Mrpl1	Mrpl1	chr5	+	0	0		0		0		no
ENSMUST00000198631.1|ENSMUSG00000029484|Anxa3	Anxa3	chr5	+	0	0		0		0		no
ENSMUST00000035635.9|ENSMUSG00000034663|Bmp2k	Bmp2k	chr5	+	0	0		0		0		no
ENSMUST00000031281.13|ENSMUSG00000029338|Antxr2	Antxr2	chr5	-	0	0		0		0		no
ENSMUST00000112959.3|ENSMUSG00000035456|Prdm8	Prdm8	chr5	+	0	0		0		0		no
ENSMUST00000161490.7|ENSMUSG00000029334|Prkg2	Prkg2	chr5	-	0	0		0		0		no
ENSMUST00000172361.7|ENSMUSG00000000568|Hnrnpd	Hnrnpd	chr5	-	0	0		0		0		no
ENSMUST00000169390.7|ENSMUSG00000029326|Enoph1	Enoph1	chr5	+	0	0		0		0		no
ENSMUST00000094578.10|ENSMUSG00000035325|Sec31a	Sec31a	chr5	-	0	0		0		0		no
ENSMUST00000139234.1|ENSMUSG00000035310|Lin54	Lin54	chr5	-	0	0		0		0		no
ENSMUST00000031264.11|ENSMUSG00000029322|Plac8	Plac8	chr5	-	0	0		0		0		no
ENSMUST00000135146.1|ENSMUSG00000029319|Coq2	Coq2	chr5	-	0	0		0		0		no
ENSMUST00000045617.14|ENSMUSG00000035273|Hpse	Hpse	chr5	-	0	0		0		0		no
ENSMUST00000151201.1|ENSMUSG00000035266|Helq	Helq	chr5	-	0	0		0		0		no
ENSMUST00000198453.1|ENSMUSG00000016833|Mrps18c	Mrps18c	chr5	+	0	0		0		0		no
ENSMUST00000153302.7|ENSMUSG00000035234|Abraxas1	Abraxas1	chr5	-	0	0		0		0		no
ENSMUST00000092990.3|ENSMUSG00000029314|Gpat3	Gpat3	chr5	+	0	0		0		0		no
ENSMUST00000031273.8|ENSMUSG00000029330|Cds1	Cds1	chr5	+	0	0		0		0		no
ENSMUST00000053177.13|ENSMUSG00000043940|Wdfy3	Wdfy3	chr5	-	0	0		0		0		no
ENSMUST00000094559.8|ENSMUSG00000057315|Arhgap24	Arhgap24	chr5	+	0	0		0		0		no
ENSMUST00000141573.7|ENSMUSG00000046709|Mapk10	Mapk10	chr5	-	0	0		0		0		no
ENSMUST00000196014.4|ENSMUSG00000034573|Ptpn13	Ptpn13	chr5	+	0	0		0		0		no
ENSMUST00000031263.1|ENSMUSG00000029321|Slc10a6	Slc10a6	chr5	-	0	0		0		0		no
ENSMUST00000054979.9|ENSMUSG00000029313|Aff1	Aff1	chr5	+	0	0		0		0		no
ENSMUST00000131843.1|ENSMUSG00000029312|Klhl8	Klhl8	chr5	-	0	0		0		0		no
ENSMUST00000031250.13|ENSMUSG00000029310|Nudt9	Nudt9	chr5	+	0	0		0		0		no
ENSMUST00000031249.7|ENSMUSG00000029309|Sparcl1	Sparcl1	chr5	-	0	0		0		1	chr5:104079450-104079500(fdr=8.01e-02)	no
ENSMUST00000066708.6|ENSMUSG00000029307|Dmp1	Dmp1	chr5	+	0	0		0		0		no
ENSMUST00000031243.14|ENSMUSG00000029304|Spp1	Spp1	chr5	+	0	0		0		0		no
ENSMUST00000086831.3|ENSMUSG00000034462|Pkd2	Pkd2	chr5	+	0	0		0		0		no
ENSMUST00000031235.12|ENSMUSG00000034438|Gbp8	Gbp8	chr5	-	0	0		0		0		no
ENSMUST00000031238.12|ENSMUSG00000029298|Gbp9	Gbp9	chr5	-	0	0		0		0		no
ENSMUST00000196204.4|ENSMUSG00000079363|Gbp4	Gbp4	chr5	-	0	0		0		0		no
ENSMUST00000050011.9|ENSMUSG00000079362|Gm43302	Gm43302	chr5	-	0	0		0		0		no
ENSMUST00000065588.6|ENSMUSG00000105096|Gbp10	Gbp10	chr5	-	0	0		0		0		no
ENSMUST00000200045.4|ENSMUSG00000104713|Gbp6	Gbp6	chr5	-	0	0		0		0		no
ENSMUST00000112707.2|ENSMUSG00000070639|Lrrc8b	Lrrc8b	chr5	+	0	0		0		0		no
ENSMUST00000067924.12|ENSMUSG00000054720|Lrrc8c	Lrrc8c	chr5	+	0	0		0		0		no
ENSMUST00000060531.15|ENSMUSG00000046079|Lrrc8d	Lrrc8d	chr5	+	0	0		0		0		no
ENSMUST00000138615.7|ENSMUSG00000029290|Zfp326	Zfp326	chr5	+	0	0		0		0		no
ENSMUST00000112696.7|ENSMUSG00000049606|Zfp644	Zfp644	chr5	-	0	0		0		0		no
ENSMUST00000031224.14|ENSMUSG00000029287|Tgfbr3	Tgfbr3	chr5	-	0	0		0		0		no
ENSMUST00000031215.14|ENSMUSG00000029279|Brdt	Brdt	chr5	+	0	0		0		0		no
ENSMUST00000124546.7|ENSMUSG00000029276|Glmn	Glmn	chr5	-	0	0		0		0		no
ENSMUST00000112642.7|ENSMUSG00000011831|Evi5	Evi5	chr5	-	0	0		0		0		no
ENSMUST00000082223.12|ENSMUSG00000058558|Rpl5	Rpl5	chr5	+	0	0		0		0		no
ENSMUST00000031198.10|ENSMUSG00000029270|Dipk1a	Dipk1a	chr5	-	0	0		0		0		no
ENSMUST00000124195.7|ENSMUSG00000029267|Mtf2	Mtf2	chr5	+	0	0		0		0		no
ENSMUST00000002837.10|ENSMUSG00000063406|Tmed5	Tmed5	chr5	-	0	0		0		0		no
ENSMUST00000031190.4|ENSMUSG00000029265|Dr1	Dr1	chr5	+	0	0		0		0		no
ENSMUST00000119014.7|ENSMUSG00000029263|Pigg	Pigg	chr5	+	0	0		0		0		no
ENSMUST00000197216.2|ENSMUSG00000105867|Gm42517	Gm42517	chr5	-	0	0		0		0		no
ENSMUST00000046892.9|ENSMUSG00000033615|Cplx1	Cplx1	chr5	-	0	0		0		0		no
ENSMUST00000199048.4|ENSMUSG00000062234|Gak	Gak	chr5	-	0	0		0		0		no
ENSMUST00000063272.12|ENSMUSG00000013495|Tmem175	Tmem175	chr5	+	0	0		0		0		no
ENSMUST00000140620.7|ENSMUSG00000033540|Idua	Idua	chr5	+	0	0		0		0		no
ENSMUST00000112560.7|ENSMUSG00000008090|Fgfrl1	Fgfrl1	chr5	+	0	0		0		0		no
ENSMUST00000112544.7|ENSMUSG00000090015|Gm15446	Gm15446	chr5	+	0	0		0		0		no
ENSMUST00000112540.7|ENSMUSG00000066613|Zfp932	Zfp932	chr5	+	0	0		0		0		no
ENSMUST00000112512.7|ENSMUSG00000029502|Golga3	Golga3	chr5	+	0	0		0		0		no
ENSMUST00000086674.9|ENSMUSG00000029501|Ankle2	Ankle2	chr5	+	0	0		0		0		no
ENSMUST00000112505.8|ENSMUSG00000029500|Pgam5	Pgam5	chr5	-	0	0		0		0		no
ENSMUST00000155266.1|ENSMUSG00000029499|Pxmp2	Pxmp2	chr5	-	0	0		0		0		no
ENSMUST00000196801.4|ENSMUSG00000043323|Fbrsl1	Fbrsl1	chr5	-	0	0		0		0		no
ENSMUST00000042147.5|ENSMUSG00000033294|Noc4l	Noc4l	chr5	-	0	0		0		0		no
ENSMUST00000031478.5|ENSMUSG00000029504|Ddx51	Ddx51	chr5	+	0	0		0		0		no
ENSMUST00000112426.7|ENSMUSG00000029507|Pus1	Pus1	chr5	-	0	0		0		0		no
ENSMUST00000031490.10|ENSMUSG00000029512|Ulk1	Ulk1	chr5	-	0	0		0		0		no
ENSMUST00000144850.7|ENSMUSG00000043510|Hscb	Hscb	chr5	-	0	0		0		0		no
ENSMUST00000199937.4|ENSMUSG00000029521|Chek2	Chek2	chr5	+	0	0		0		0		no
ENSMUST00000156290.8|ENSMUSG00000033209|Ttc28	Ttc28	chr5	+	0	0		0		0		no
ENSMUST00000086635.8|ENSMUSG00000050017|Pitpnb	Pitpnb	chr5	+	0	0		0		0		no
ENSMUST00000031287.11|ENSMUSG00000029344|Tpst2	Tpst2	chr5	+	0	0		0		0		no
ENSMUST00000031288.13|ENSMUSG00000029345|Tfip11	Tfip11	chr5	+	0	0		0		0		no
ENSMUST00000031289.6|ENSMUSG00000029346|Srrd	Srrd	chr5	-	0	0		0		0		no
ENSMUST00000112359.8|ENSMUSG00000042328|Hps4	Hps4	chr5	+	0	0		0		0		no
ENSMUST00000031291.8|ENSMUSG00000029348|Asphd2	Asphd2	chr5	-	0	0		0		0		no
ENSMUST00000200332.4|ENSMUSG00000042249|Grk3	Grk3	chr5	-	0	0		0		0		no
ENSMUST00000048112.12|ENSMUSG00000042216|Sgsm1	Sgsm1	chr5	-	0	0		0		0		no
ENSMUST00000065698.6|ENSMUSG00000053334|Ficd	Ficd	chr5	+	0	0		0		0		no
ENSMUST00000197041.1|ENSMUSG00000018974|Sart3	Sart3	chr5	-	0	0		0		0		no
ENSMUST00000145778.7|ENSMUSG00000025825|Iscu	Iscu	chr5	+	0	0		0		0		no
ENSMUST00000067853.5|ENSMUSG00000054675|Tmem119	Tmem119	chr5	-	0	0		0		0		no
ENSMUST00000100874.5|ENSMUSG00000048163|Selplg	Selplg	chr5	-	0	0		0		0		no
ENSMUST00000164980.7|ENSMUSG00000004530|Coro1c	Coro1c	chr5	-	0	0		0		0		no
ENSMUST00000159510.1|ENSMUSG00000042121|Ssh1	Ssh1	chr5	-	0	0		0		0		no
ENSMUST00000058472.12|ENSMUSG00000042078|Svop	Svop	chr5	-	0	0		0		0		no
ENSMUST00000031588.11|ENSMUSG00000029592|Usp30	Usp30	chr5	+	0	0		0		0		no
ENSMUST00000102582.7|ENSMUSG00000042010|Acacb	Acacb	chr5	+	0	0		0		0		no
ENSMUST00000134532.8|ENSMUSG00000001098|Kctd10	Kctd10	chr5	-	0	0		0		0		no
ENSMUST00000031560.13|ENSMUSG00000029575|Mmab	Mmab	chr5	-	0	0		0		0		no
ENSMUST00000043760.14|ENSMUSG00000041939|Mvk	Mvk	chr5	+	0	0		0		0		no
ENSMUST00000071968.8|ENSMUSG00000014158|Trpv4	Trpv4	chr5	-	0	0		0		0		no
ENSMUST00000012028.13|ENSMUSG00000011884|Gltp	Gltp	chr5	-	0	0		0		0		no
ENSMUST00000094441.10|ENSMUSG00000002486|Tchp	Tchp	chr5	+	0	0		0		0		no
ENSMUST00000112185.8|ENSMUSG00000041890|Git2	Git2	chr5	-	0	0		0		0		no
ENSMUST00000102578.10|ENSMUSG00000041870|Ankrd13a	Ankrd13a	chr5	+	0	0		0		0		no
ENSMUST00000112160.3|ENSMUSG00000072694|1500011B03Rik	1500011B03Rik	chr5	-	0	0		0		0		no
ENSMUST00000144064.4|ENSMUSG00000029561|Oasl2	Oasl2	chr5	+	0	0		0		0		no
ENSMUST00000112143.3|ENSMUSG00000041827|Oasl1	Oasl1	chr5	+	0	0		0		0		no
ENSMUST00000128590.2|ENSMUSG00000029550|Sppl3	Sppl3	chr5	+	0	0		0		0		no
ENSMUST00000100848.2|ENSMUSG00000072693|Gm10401	Gm10401	chr5	-	0	0		0		0		no
ENSMUST00000031524.10|ENSMUSG00000029545|Acads	Acads	chr5	-	0	0		0		0		no
ENSMUST00000060798.5|ENSMUSG00000046562|Unc119b	Unc119b	chr5	-	0	0		0		0		no
ENSMUST00000112121.5|ENSMUSG00000048578|Mlec	Mlec	chr5	-	0	0		0		0		no
ENSMUST00000135455.1|ENSMUSG00000060152|Pop5	Pop5	chr5	+	0	0		0		0		no
ENSMUST00000139853.1|ENSMUSG00000041740|Rnf10	Rnf10	chr5	-	0	0		0		0		no
ENSMUST00000040421.10|ENSMUSG00000041733|Coq5	Coq5	chr5	+	0	0		0		0		no
ENSMUST00000009157.3|ENSMUSG00000009013|Dynll1	Dynll1	chr5	-	0	0		0		0		no
ENSMUST00000209604.1|ENSMUSG00000029538|Srsf9	Srsf9	chr5	+	0	0		0		0		no
ENSMUST00000139167.2|ENSMUSG00000029536|Gatc	Gatc	chr5	-	0	0		0		0		no
ENSMUST00000031508.4|ENSMUSG00000029535|Triap1	Triap1	chr5	+	0	0		0		0		no
ENSMUST00000040154.8|ENSMUSG00000041697|Cox6a1	Cox6a1	chr5	-	0	0		0		0		no
ENSMUST00000112067.7|ENSMUSG00000029524|Sirt4	Sirt4	chr5	-	0	0		0		0		no
ENSMUST00000067268.14|ENSMUSG00000029528|Pxn	Pxn	chr5	+	0	0		0		0		no
ENSMUST00000086519.11|ENSMUSG00000067274|Rplp0	Rplp0	chr5	+	0	0		0		0		no
ENSMUST00000064454.11|ENSMUSG00000041638|Gcn1	Gcn1	chr5	+	0	0		0		0		no
ENSMUST00000138885.1|ENSMUSG00000029518|Rab35	Rab35	chr5	+	0	0		0		0		no
ENSMUST00000141976.1|ENSMUSG00000041609|Bicdl1	Bicdl1	chr5	-	0	0		0		0		no
ENSMUST00000133098.8|ENSMUSG00000029513|Prkab1	Prkab1	chr5	-	0	0		0		0		no
ENSMUST00000036991.4|ENSMUSG00000041548|Hspb8	Hspb8	chr5	-	0	0		0		0		no
ENSMUST00000086471.11|ENSMUSG00000066900|Suds3	Suds3	chr5	-	0	0		0		0		no
ENSMUST00000092889.11|ENSMUSG00000061288|Taok3	Taok3	chr5	+	0	0		0		0		no
ENSMUST00000111967.7|ENSMUSG00000066894|Vsig10	Vsig10	chr5	+	0	0		0		0		no
ENSMUST00000031309.15|ENSMUSG00000029364|Wsb2	Wsb2	chr5	+	0	0		0		0		no
ENSMUST00000086461.12|ENSMUSG00000029363|Rfc5	Rfc5	chr5	-	0	0		0		0		no
ENSMUST00000202447.3|ENSMUSG00000032898|Fbxo21	Fbxo21	chr5	+	0	0		0		0		no
ENSMUST00000124648.7|ENSMUSG00000029359|Tesc	Tesc	chr5	+	0	0		0		0		no
ENSMUST00000049474.8|ENSMUSG00000032867|Fbxw8	Fbxw8	chr5	-	0	0		0		0		no
ENSMUST00000054836.6|ENSMUSG00000046607|Hrk	Hrk	chr5	+	0	0		0		0		no
ENSMUST00000049138.7|ENSMUSG00000032840|2410131K14Rik	2410131K14Rik	chr5	+	0	0		0		0		no
ENSMUST00000100816.7|ENSMUSG00000018076|Med13l	Med13l	chr5	+	0	0		0		0		no
ENSMUST00000121021.7|ENSMUSG00000018604|Tbx3	Tbx3	chr5	+	0	0		0		0		no
ENSMUST00000202777.1|ENSMUSG00000029594|Rbm19	Rbm19	chr5	+	0	0		0		0		no
ENSMUST00000031597.6|ENSMUSG00000029598|Plbd2	Plbd2	chr5	-	0	0		0		0		no
ENSMUST00000068326.13|ENSMUSG00000032754|Slc8b1	Slc8b1	chr5	+	0	0		0		0		no
ENSMUST00000031598.10|ENSMUSG00000029599|Ddx54	Ddx54	chr5	+	0	0		0		0		no
ENSMUST00000031606.9|ENSMUSG00000029602|Rasal1	Rasal1	chr5	+	0	0		0		0		no
ENSMUST00000031607.6|ENSMUSG00000029603|Dtx1	Dtx1	chr5	-	0	0		0		0		no
ENSMUST00000080322.7|ENSMUSG00000052776|Oas1a	Oas1a	chr5	-	0	0		0		0		no
ENSMUST00000079204.8|ENSMUSG00000029608|Rph3a	Rph3a	chr5	-	0	0		0		0		no
ENSMUST00000201155.1|ENSMUSG00000029614|Rpl6	Rpl6	chr5	+	0	0		0		0		no
ENSMUST00000042614.12|ENSMUSG00000042744|Hectd4	Hectd4	chr5	+	0	0		0		0		no
ENSMUST00000173895.7|ENSMUSG00000042719|Naa25	Naa25	chr5	+	0	0		0		0		no
ENSMUST00000124247.7|ENSMUSG00000029452|Tmem116	Tmem116	chr5	+	0	0		0		0		no
ENSMUST00000200170.1|ENSMUSG00000072647|Adam1a	Adam1a	chr5	-	0	0		0		0		no
ENSMUST00000125946.7|ENSMUSG00000105340|Gm42878	Gm42878	chr5	-	0	0		0		0		no
ENSMUST00000151352.2|ENSMUSG00000029454|Mapkapk5	Mapkapk5	chr5	-	0	0		0		0		no
ENSMUST00000031411.14|ENSMUSG00000029455|Aldh2	Aldh2	chr5	-	0	0		0		0		no
ENSMUST00000041252.12|ENSMUSG00000042647|Acad12	Acad12	chr5	-	0	0		0		0		no
ENSMUST00000140996.5|ENSMUSG00000029458|Brap	Brap	chr5	+	0	0		0		0		no
ENSMUST00000160462.1|ENSMUSG00000042605|Atxn2	Atxn2	chr5	+	0	0		0		0		no
ENSMUST00000136960.7|ENSMUSG00000042594|Sh2b3	Sh2b3	chr5	-	0	0		0		0		no
ENSMUST00000198271.4|ENSMUSG00000044134|Pheta1	Pheta1	chr5	+	0	0		0		0		no
ENSMUST00000111752.9|ENSMUSG00000042589|Cux2	Cux2	chr5	-	0	0		0		0		no
ENSMUST00000133568.5|ENSMUSG00000004455|Ppp1cc	Ppp1cc	chr5	+	0	0		0		0		no
ENSMUST00000072602.13|ENSMUSG00000064267|Hvcn1	Hvcn1	chr5	+	0	0		0		0		no
ENSMUST00000141281.3|ENSMUSG00000038593|Tctn1	Tctn1	chr5	-	0	0		0		0		no
ENSMUST00000053426.14|ENSMUSG00000038582|Pptc7	Pptc7	chr5	+	0	0		0		0		no
ENSMUST00000111729.9|ENSMUSG00000029462|Vps29	Vps29	chr5	+	0	0		0		0		no
ENSMUST00000031419.5|ENSMUSG00000029463|Fam216a	Fam216a	chr5	-	0	0		0		0		no
ENSMUST00000102525.10|ENSMUSG00000029465|Arpc3	Arpc3	chr5	+	0	0		0		0		no
ENSMUST00000179939.7|ENSMUSG00000029467|Atp2a2	Atp2a2	chr5	-	1	1	1.04156605028874e-05	50	chr5:122454200-122454250(fdr=1.04e-05)	2	chr5:122456550-122456600(fdr=5.50e-03);chr5:122456600-122456650(fdr=7.09e-02)	yes
ENSMUST00000196452.4|ENSMUSG00000029469|Ift81	Ift81	chr5	-	0	0		0		0		no
ENSMUST00000100737.9|ENSMUSG00000029468|P2rx7	P2rx7	chr5	+	0	0		0		0		no
ENSMUST00000198560.1|ENSMUSG00000029470|P2rx4	P2rx4	chr5	+	0	0		0		0		no
ENSMUST00000199179.4|ENSMUSG00000029471|Camkk2	Camkk2	chr5	-	0	0		0		0		no
ENSMUST00000031434.7|ENSMUSG00000029474|Rnf34	Rnf34	chr5	+	0	0		0		0		no
ENSMUST00000121652.7|ENSMUSG00000049686|Orai1	Orai1	chr5	+	0	0		0		0		no
ENSMUST00000161059.7|ENSMUSG00000054434|Tmem120b	Tmem120b	chr5	+	0	0		0		0		no
ENSMUST00000186469.6|ENSMUSG00000029449|Rhof	Rhof	chr5	-	0	0		0		0		no
ENSMUST00000100729.8|ENSMUSG00000029440|Psmd9	Psmd9	chr5	+	0	0		0		0		no
ENSMUST00000139398.7|ENSMUSG00000029433|Diablo	Diablo	chr5	-	0	0		0		0		no
ENSMUST00000144121.1|ENSMUSG00000049550|Clip1	Clip1	chr5	-	0	0		0		0		no
ENSMUST00000196001.1|ENSMUSG00000029427|Zcchc8	Zcchc8	chr5	-	0	0		0		0		no
ENSMUST00000182584.7|ENSMUSG00000029422|Rsrc2	Rsrc2	chr5	-	0	0		0		0		no
ENSMUST00000057145.6|ENSMUSG00000045502|Hcar2	Hcar2	chr5	-	0	0		0		0		no
ENSMUST00000164267.1|ENSMUSG00000049241|Hcar1	Hcar1	chr5	-	0	0		0		0		no
ENSMUST00000023869.14|ENSMUSG00000023106|Denr	Denr	chr5	+	0	0		0		0		no
ENSMUST00000000939.14|ENSMUSG00000000915|Hip1r	Hip1r	chr5	+	0	0		0		0		no
ENSMUST00000040967.8|ENSMUSG00000066278|Vps37b	Vps37b	chr5	-	0	0		0		0		no
ENSMUST00000119269.5|ENSMUSG00000023707|Ogfod2	Ogfod2	chr5	+	0	0		0		0		no
ENSMUST00000086123.10|ENSMUSG00000029406|Pitpnm2	Pitpnm2	chr5	-	0	0		0		0		no
ENSMUST00000031341.10|ENSMUSG00000029394|Cdk2ap1	Cdk2ap1	chr5	-	0	0		0		0		no
ENSMUST00000199798.4|ENSMUSG00000049327|Kmt5a	Kmt5a	chr5	+	0	0		0		0		no
ENSMUST00000031347.7|ENSMUSG00000029401|Rilpl2	Rilpl2	chr5	-	0	0		0		0		no
ENSMUST00000031349.8|ENSMUSG00000029402|Snrnp35	Snrnp35	chr5	+	0	0		0		0		no
ENSMUST00000200202.1|ENSMUSG00000029392|Rilpl1	Rilpl1	chr5	-	0	0		0		0		no
ENSMUST00000200031.1|ENSMUSG00000029390|Tmed2	Tmed2	chr5	+	0	0		0		0		no
ENSMUST00000198318.4|ENSMUSG00000029388|Eif2b1	Eif2b1	chr5	-	0	0		0		0		no
ENSMUST00000031333.3|ENSMUSG00000029387|Gtf2h3	Gtf2h3	chr5	+	0	0		0		0		no
ENSMUST00000100706.9|ENSMUSG00000029386|Tctn2	Tctn2	chr5	+	0	0		0		0		no
ENSMUST00000036206.13|ENSMUSG00000037979|Ccdc92	Ccdc92	chr5	-	0	0		0		0		no
ENSMUST00000111417.8|ENSMUSG00000079215|Zfp664	Zfp664	chr5	+	0	0		0		0		no
ENSMUST00000036109.7|ENSMUSG00000037962|Rflna	Rflna	chr5	+	0	0		0		0		no
ENSMUST00000200297.4|ENSMUSG00000029478|Ncor2	Ncor2	chr5	-	0	0		0		0		no
ENSMUST00000169485.5|ENSMUSG00000029480|Dhx37	Dhx37	chr5	-	0	0		0		0		no
ENSMUST00000049040.13|ENSMUSG00000037905|Bri3bp	Bri3bp	chr5	+	0	0		0		0		no
ENSMUST00000031445.4|ENSMUSG00000029482|Aacs	Aacs	chr5	+	0	0		0		0		no
ENSMUST00000031446.6|ENSMUSG00000070498|Tmem132b	Tmem132b	chr5	+	0	0		0		0		no
ENSMUST00000119026.7|ENSMUSG00000034324|Tmem132c	Tmem132c	chr5	+	0	0		0		0		no
ENSMUST00000153832.7|ENSMUSG00000029416|Slc15a4	Slc15a4	chr5	-	0	0		0		0		no
ENSMUST00000031378.13|ENSMUSG00000029428|Stx2	Stx2	chr5	-	0	0		0		0		no
ENSMUST00000031383.13|ENSMUSG00000029430|Ran	Ran	chr5	+	0	0		0		0		no
ENSMUST00000196698.4|ENSMUSG00000029439|Sfswap	Sfswap	chr5	+	0	0		0		0		no
ENSMUST00000031390.9|ENSMUSG00000029436|Mmp17	Mmp17	chr5	+	0	0		0		0		no
ENSMUST00000049778.6|ENSMUSG00000051034|Zfp11	Zfp11	chr5	-	0	0		0		0		no
ENSMUST00000119576.7|ENSMUSG00000034211|Mrps17	Mrps17	chr5	+	0	0		0		0		no
ENSMUST00000195946.4|ENSMUSG00000029432|Nipsnap2	Nipsnap2	chr5	+	0	0		0		0		no
ENSMUST00000118268.8|ENSMUSG00000029446|Psph	Psph	chr5	-	0	0		0		0		no
ENSMUST00000137357.4|ENSMUSG00000025538|Sumf2	Sumf2	chr5	+	0	0		0		0		no
ENSMUST00000026617.12|ENSMUSG00000025537|Phkg1	Phkg1	chr5	-	0	0		0		0		no
ENSMUST00000094280.3|ENSMUSG00000070493|Chchd2	Chchd2	chr5	-	0	0		0		0		no
ENSMUST00000201801.3|ENSMUSG00000025534|Gusb	Gusb	chr5	-	0	0		0		0		no
ENSMUST00000026608.10|ENSMUSG00000025532|Crcp	Crcp	chr5	+	0	0		0		0		no
ENSMUST00000118993.7|ENSMUSG00000034118|Tpst1	Tpst1	chr5	+	0	0		0		0		no
ENSMUST00000119797.7|ENSMUSG00000025340|Rabgef1	Rabgef1	chr5	+	0	0		0		0		no
ENSMUST00000065329.12|ENSMUSG00000053094|Tmem248	Tmem248	chr5	+	0	0		0		0		no
ENSMUST00000111288.3|ENSMUSG00000060371|Caln1	Caln1	chr5	+	0	0		0		0		no
ENSMUST00000016088.8|ENSMUSG00000015944|Castor2	Castor2	chr5	+	0	0		0		0		no
ENSMUST00000076228.2|ENSMUSG00000061979|Rcc1l	Rcc1l	chr5	-	0	0		0		0		no
ENSMUST00000146354.7|ENSMUSG00000015950|Ncf1	Ncf1	chr5	-	0	0		0		0		no
ENSMUST00000202321.3|ENSMUSG00000023079|Gtf2ird1	Gtf2ird1	chr5	-	0	0		0		0		no
ENSMUST00000036999.9|ENSMUSG00000063146|Clip2	Clip2	chr5	-	0	0		0		0		no
ENSMUST00000201258.3|ENSMUSG00000023104|Rfc2	Rfc2	chr5	+	0	0		0		0		no
ENSMUST00000077636.7|ENSMUSG00000040751|Lat2	Lat2	chr5	-	0	0		0		0		no
ENSMUST00000202622.3|ENSMUSG00000040731|Eif4h	Eif4h	chr5	-	0	0		0		0		no
ENSMUST00000201856.1|ENSMUSG00000029675|Eln	Eln	chr5	-	0	0		0		0		no
ENSMUST00000047196.13|ENSMUSG00000040557|Mettl27	Mettl27	chr5	+	0	0		0		0		no
ENSMUST00000150838.1|ENSMUSG00000007207|Stx1a	Stx1a	chr5	+	0	0		0		0		no
ENSMUST00000202478.3|ENSMUSG00000005378|Bud23	Bud23	chr5	-	0	0		0		0		no
ENSMUST00000071263.6|ENSMUSG00000061118|Dnajc30	Dnajc30	chr5	+	0	0		0		0		no
ENSMUST00000067935.10|ENSMUSG00000043614|Vps37d	Vps37d	chr5	-	0	0		0		0		no
ENSMUST00000031692.11|ENSMUSG00000029681|Bcl7b	Bcl7b	chr5	+	0	0		0		0		no
ENSMUST00000002825.5|ENSMUSG00000002748|Baz1b	Baz1b	chr5	+	0	0		0		0		no
ENSMUST00000062572.2|ENSMUSG00000049551|Fzd9	Fzd9	chr5	-	0	0		0		0		no
ENSMUST00000202422.1|ENSMUSG00000000916|Nsun5	Nsun5	chr5	+	0	0		0		0		no
ENSMUST00000111171.5|ENSMUSG00000053293|Pom121	Pom121	chr5	-	0	0		0		0		no
ENSMUST00000060311.11|ENSMUSG00000039959|Hip1	Hip1	chr5	-	0	0		0		0		no
ENSMUST00000122113.7|ENSMUSG00000005514|Por	Por	chr5	+	0	0		0		0		no
ENSMUST00000043378.8|ENSMUSG00000039886|Tmem120a	Tmem120a	chr5	-	0	0		0		0		no
ENSMUST00000138101.1|ENSMUSG00000019179|Mdh2	Mdh2	chr5	+	0	0		0		0		no
ENSMUST00000111155.1|ENSMUSG00000004951|Hspb1	Hspb1	chr5	+	0	0		0		0		no
ENSMUST00000198270.1|ENSMUSG00000051391|Ywhag	Ywhag	chr5	-	0	0		0		0		no
ENSMUST00000041048.5|ENSMUSG00000039747|Orai2	Orai2	chr5	-	0	0		0		0		no
ENSMUST00000123921.7|ENSMUSG00000039737|Prkrip1	Prkrip1	chr5	-	0	0		0		0		no
ENSMUST00000196397.4|ENSMUSG00000005057|Sh2b2	Sh2b2	chr5	-	0	0		0		0		no
ENSMUST00000057497.12|ENSMUSG00000004415|Col26a1	Col26a1	chr5	-	0	0		0		0		no
ENSMUST00000200157.4|ENSMUSG00000007987|Ift22	Ift22	chr5	+	0	0		0		0		no
ENSMUST00000019198.6|ENSMUSG00000019054|Fis1	Fis1	chr5	+	0	0		0		0		no
ENSMUST00000034953.13|ENSMUSG00000059518|Znhit1	Znhit1	chr5	-	0	0		0		0		no
ENSMUST00000004968.10|ENSMUSG00000004846|Plod3	Plod3	chr5	+	0	0		0		0		no
ENSMUST00000190827.6|ENSMUSG00000037428|Vgf	Vgf	chr5	+	0	0		0		0		no
ENSMUST00000111080.7|ENSMUSG00000004849|Ap1s1	Ap1s1	chr5	-	0	0		0		0		no
ENSMUST00000041388.10|ENSMUSG00000037411|Serpine1	Serpine1	chr5	-	0	0		0		0		no
ENSMUST00000052825.6|ENSMUSG00000051502|Ufsp1	Ufsp1	chr5	+	0	0		0		0		no
ENSMUST00000198526.4|ENSMUSG00000037364|Srrt	Srrt	chr5	-	0	0		0		0		no
ENSMUST00000024119.10|ENSMUSG00000023348|Trip6	Trip6	chr5	-	0	0		0		0		no
ENSMUST00000039991.13|ENSMUSG00000037344|Slc12a9	Slc12a9	chr5	-	0	0		0		0		no
ENSMUST00000144296.7|ENSMUSG00000029710|Ephb4	Ephb4	chr5	+	0	0		0		0		no
ENSMUST00000111035.1|ENSMUSG00000029715|Pop7	Pop7	chr5	-	0	0		0		0		no
ENSMUST00000031727.9|ENSMUSG00000029714|Gigyf1	Gigyf1	chr5	+	0	0		0		0		no
ENSMUST00000031726.14|ENSMUSG00000029713|Gnb2	Gnb2	chr5	-	0	0		0		0		no
ENSMUST00000031725.9|ENSMUSG00000029712|Actl6b	Actl6b	chr5	+	0	0		0		0		no
ENSMUST00000031729.12|ENSMUSG00000029716|Tfr2	Tfr2	chr5	+	0	0		0		0		no
ENSMUST00000111007.7|ENSMUSG00000037221|Mospd3	Mospd3	chr5	-	0	0		0		0		no
ENSMUST00000177477.1|ENSMUSG00000093445|Lrch4	Lrch4	chr5	+	0	0		0		0		no
ENSMUST00000177545.1|ENSMUSG00000029720|Gm20605	Gm20605	chr5	+	0	0		0		0		no
ENSMUST00000031736.15|ENSMUSG00000029722|Agfg2	Agfg2	chr5	-	0	0		0		0		no
ENSMUST00000118326.7|ENSMUSG00000045348|Nyap1	Nyap1	chr5	-	0	0		0		0		no
ENSMUST00000100539.9|ENSMUSG00000029723|Tsc22d4	Tsc22d4	chr5	+	0	0		0		0		no
ENSMUST00000031740.15|ENSMUSG00000029726|Mepce	Mepce	chr5	-	0	0		0		0		no
ENSMUST00000058897.10|ENSMUSG00000046245|Pilra	Pilra	chr5	-	0	0		0		0		no
ENSMUST00000019660.10|ENSMUSG00000029729|Zkscan1	Zkscan1	chr5	+	0	0		0		0		no
ENSMUST00000110961.8|ENSMUSG00000037017|Zscan21	Zscan21	chr5	+	0	0		0		0		no
ENSMUST00000049393.14|ENSMUSG00000037007|Zfp113	Zfp113	chr5	-	0	0		0		0		no
ENSMUST00000019638.14|ENSMUSG00000019494|Cops6	Cops6	chr5	+	0	0		0		0		no
ENSMUST00000143241.7|ENSMUSG00000019518|Ap4m1	Ap4m1	chr5	+	0	0		0		0		no
ENSMUST00000153117.7|ENSMUSG00000036980|Taf6	Taf6	chr5	-	0	0		0		0		no
ENSMUST00000110934.8|ENSMUSG00000036968|Cnpy4	Cnpy4	chr5	+	0	0		0		0		no
ENSMUST00000057773.4|ENSMUSG00000049285|Mblac1	Mblac1	chr5	+	0	0		0		0		no
ENSMUST00000062067.7|ENSMUSG00000050552|Lamtor4	Lamtor4	chr5	+	0	0		0		0		no
ENSMUST00000161647.7|ENSMUSG00000075593|Gal3st4	Gal3st4	chr5	-	0	0		0		0		no
ENSMUST00000085856.11|ENSMUSG00000036898|Zfp157	Zfp157	chr5	+	0	0		0		0		no
ENSMUST00000110905.8|ENSMUSG00000058291|Zfp68	Zfp68	chr5	-	0	0		0		0		no
ENSMUST00000069862.10|ENSMUSG00000056014|A430033K04Rik	A430033K04Rik	chr5	+	0	0		0		0		no
ENSMUST00000026973.13|ENSMUSG00000025855|Prkar1b	Prkar1b	chr5	-	0	0		0		0		no
ENSMUST00000026975.10|ENSMUSG00000025857|Dnaaf5	Dnaaf5	chr5	+	0	0		0		0		no
ENSMUST00000127310.1|ENSMUSG00000036817|Sun1	Sun1	chr5	+	0	0		0		0		no
ENSMUST00000026976.11|ENSMUSG00000025858|Get4	Get4	chr5	+	0	0		0		0		no
ENSMUST00000110865.1|ENSMUSG00000056413|Adap1	Adap1	chr5	-	0	0		0		0		no
ENSMUST00000049630.12|ENSMUSG00000045438|Cox19	Cox19	chr5	-	0	0		0		0		no
ENSMUST00000051293.7|ENSMUSG00000044197|Gpr146	Gpr146	chr5	+	0	0		0		0		no
ENSMUST00000066211.4|ENSMUSG00000053647|Gper1	Gper1	chr5	+	0	0		0		0		no
ENSMUST00000079996.12|ENSMUSG00000053581|Zfand2a	Zfand2a	chr5	-	0	0		0		0		no
ENSMUST00000072607.8|ENSMUSG00000029547|Ints1	Ints1	chr5	-	0	0		0		0		no
ENSMUST00000018287.9|ENSMUSG00000018143|Mafk	Mafk	chr5	+	0	0		0		0		no
ENSMUST00000031531.13|ENSMUSG00000029551|Psmg3	Psmg3	chr5	-	0	0		0		0		no
ENSMUST00000110829.6|ENSMUSG00000029554|Mad1l1	Mad1l1	chr5	-	0	0		0		0		no
ENSMUST00000071881.9|ENSMUSG00000036639|Nudt1	Nudt1	chr5	+	0	0		0		0		no
ENSMUST00000031536.7|ENSMUSG00000029557|Mrm2	Mrm2	chr5	-	0	0		0		0		no
ENSMUST00000197880.4|ENSMUSG00000029560|Snx8	Snx8	chr5	-	0	0		0		0		no
ENSMUST00000100507.7|ENSMUSG00000056076|Eif3b	Eif3b	chr5	+	0	0		0		0		no
ENSMUST00000043050.8|ENSMUSG00000036599|Chst12	Chst12	chr5	+	0	0		0		0		no
ENSMUST00000031555.2|ENSMUSG00000029570|Lfng	Lfng	chr5	+	0	0		0		0		no
ENSMUST00000197452.4|ENSMUSG00000036565|Ttyh3	Ttyh3	chr5	-	0	0		0		0		no
ENSMUST00000041783.13|ENSMUSG00000036555|Iqce	Iqce	chr5	-	0	0		0		0		no
ENSMUST00000153440.7|ENSMUSG00000000148|Brat1	Brat1	chr5	+	0	0		0		0		no
ENSMUST00000176035.1|ENSMUSG00000050022|Amz1	Amz1	chr5	+	0	0		0		0		no
ENSMUST00000000153.8|ENSMUSG00000000149|Gna12	Gna12	chr5	-	0	0		0		0		no
ENSMUST00000197173.4|ENSMUSG00000039623|Ap5z1	Ap5z1	chr5	+	0	0		0		0		no
ENSMUST00000037048.8|ENSMUSG00000039533|Mmd2	Mmd2	chr5	-	0	0		0		1	chr5:142564150-142564200(fdr=3.37e-03)	no
ENSMUST00000036872.15|ENSMUSG00000029578|Wipi2	Wipi2	chr5	+	0	0		0		0		no
ENSMUST00000058418.7|ENSMUSG00000050822|Slc29a4	Slc29a4	chr5	+	0	0		0		0		no
ENSMUST00000110766.7|ENSMUSG00000066640|Fbxl18	Fbxl18	chr5	-	0	0		0		0		no
ENSMUST00000100497.10|ENSMUSG00000029580|Actb	Actb	chr5	-	0	0		0		0		no
ENSMUST00000031565.14|ENSMUSG00000029581|Fscn1	Fscn1	chr5	+	0	0		0		0		no
ENSMUST00000197296.4|ENSMUSG00000045078|Rnf216	Rnf216	chr5	-	0	0		0		0		no
ENSMUST00000049861.10|ENSMUSG00000061898|Rbak	Rbak	chr5	-	0	0		0		0		no
ENSMUST00000075916.7|ENSMUSG00000029587|Zfp12	Zfp12	chr5	+	0	0		0		0		no
ENSMUST00000161448.7|ENSMUSG00000046658|Zfp316	Zfp316	chr5	-	0	0		0		0		no
ENSMUST00000046418.2|ENSMUSG00000039244|E130309D02Rik	E130309D02Rik	chr5	-	0	0		0		0		no
ENSMUST00000159813.7|ENSMUSG00000001844|Zdhhc4	Zdhhc4	chr5	-	0	0		0		0		no
ENSMUST00000110731.3|ENSMUSG00000079111|Kdelr2	Kdelr2	chr5	+	0	0		0		0		no
ENSMUST00000045593.11|ENSMUSG00000039206|Daglb	Daglb	chr5	+	0	0		0		0		no
ENSMUST00000080537.13|ENSMUSG00000001847|Rac1	Rac1	chr5	-	0	0		0		0		no
ENSMUST00000101434.4|ENSMUSG00000118332|Fam220a	Fam220a	chr5	+	0	0		0		0		no
ENSMUST00000200267.1|ENSMUSG00000083012|Fam220a	Fam220a	chr5	+	0	0		0		0		no
ENSMUST00000116456.9|ENSMUSG00000018001|Cyth3	Cyth3	chr5	+	0	0		0		0		no
ENSMUST00000100487.5|ENSMUSG00000029613|Eif2ak1	Eif2ak1	chr5	+	0	0		0		0		no
ENSMUST00000148011.7|ENSMUSG00000079109|Pms2	Pms2	chr5	+	0	0		0		0		no
ENSMUST00000031621.10|ENSMUSG00000029617|Ccz1	Ccz1	chr5	-	0	0		0		0		no
ENSMUST00000041804.7|ENSMUSG00000038970|Lmtk2	Lmtk2	chr5	+	0	0		0		0		no
ENSMUST00000085701.6|ENSMUSG00000066621|Tecpr1	Tecpr1	chr5	-	0	0		0		0		no
ENSMUST00000055190.7|ENSMUSG00000038859|Baiap2l1	Baiap2l1	chr5	-	0	0		0		0		no
ENSMUST00000071782.7|ENSMUSG00000059991|Nptx2	Nptx2	chr5	+	0	0		0		0		no
ENSMUST00000061446.7|ENSMUSG00000043388|Tmem130	Tmem130	chr5	-	0	0		0		0		no
ENSMUST00000100467.9|ENSMUSG00000045482|Trrap	Trrap	chr5	+	0	0		0		0		no
ENSMUST00000110677.7|ENSMUSG00000038780|Smurf1	Smurf1	chr5	-	0	0		0		0		no
ENSMUST00000085679.12|ENSMUSG00000029622|Arpc1b	Arpc1b	chr5	+	0	0		0		0		no
ENSMUST00000031627.8|ENSMUSG00000029623|Pdap1	Pdap1	chr5	-	0	0		0		0		no
ENSMUST00000031628.9|ENSMUSG00000029624|Ptcd1	Ptcd1	chr5	-	0	0		0		0		no
ENSMUST00000162360.7|ENSMUSG00000038690|Atp5j2	Atp5j2	chr5	-	0	0		0		0		no
ENSMUST00000161859.7|ENSMUSG00000029634|Rnf6	Rnf6	chr5	-	0	0		0		0		no
ENSMUST00000162494.7|ENSMUSG00000029635|Cdk8	Cdk8	chr5	+	0	0		0		0		no
ENSMUST00000016143.8|ENSMUSG00000029636|Wasf3	Wasf3	chr5	+	0	0		0		0		no
ENSMUST00000085614.5|ENSMUSG00000029640|Usp12	Usp12	chr5	-	0	0		0		0		no
ENSMUST00000035983.11|ENSMUSG00000041453|Rpl21	Rpl21	chr5	+	0	0		0		0		no
ENSMUST00000031646.7|ENSMUSG00000029641|Rasl11a	Rasl11a	chr5	+	0	0		0		0		no
ENSMUST00000132102.1|ENSMUSG00000016503|Gtf3a	Gtf3a	chr5	+	0	0		0		0		no
ENSMUST00000066675.9|ENSMUSG00000016510|Mtif3	Mtif3	chr5	-	0	0		0		0		no
ENSMUST00000016664.7|ENSMUSG00000016520|Lnx2	Lnx2	chr5	-	0	0		0		0		no
ENSMUST00000110529.5|ENSMUSG00000029648|Flt1	Flt1	chr5	-	0	0		0		0		no
ENSMUST00000118527.7|ENSMUSG00000029650|Slc46a3	Slc46a3	chr5	-	0	0		0		0		no
ENSMUST00000146425.1|ENSMUSG00000029651|Mtus2	Mtus2	chr5	+	0	0		0		0		no
ENSMUST00000079324.13|ENSMUSG00000001687|Ubl3	Ubl3	chr5	-	0	0		0		0		no
ENSMUST00000047257.14|ENSMUSG00000041298|Katnal1	Katnal1	chr5	-	0	0		0		0		no
ENSMUST00000085546.12|ENSMUSG00000066551|Hmgb1	Hmgb1	chr5	-	0	0		0		0		no
ENSMUST00000126168.7|ENSMUSG00000041264|Uspl1	Uspl1	chr5	+	0	0		0		0		no
ENSMUST00000071130.4|ENSMUSG00000060063|Alox5ap	Alox5ap	chr5	+	0	0		0		0		no
ENSMUST00000093110.11|ENSMUSG00000029659|Medag	Medag	chr5	+	0	0		0		0		no
ENSMUST00000201452.3|ENSMUSG00000029657|Hsph1	Hsph1	chr5	-	0	0		0		0		no
ENSMUST00000100404.5|ENSMUSG00000051950|B3glct	B3glct	chr5	+	0	0		0		0		no
ENSMUST00000087204.8|ENSMUSG00000056602|Fry	Fry	chr5	+	0	0		0		0		no
ENSMUST00000118316.7|ENSMUSG00000029655|N4bp2l2	N4bp2l2	chr5	-	0	0		0		0		no
ENSMUST00000016569.10|ENSMUSG00000034021|Pds5b	Pds5b	chr5	+	0	0		0		0		no
ENSMUST00000078856.7|ENSMUSG00000058488|Kl	Kl	chr5	+	0	0		0		0		no
ENSMUST00000110483.8|ENSMUSG00000016128|Stard13	Stard13	chr5	-	0	0		0		0		no
ENSMUST00000120087.5|ENSMUSG00000047735|Samd9l	Samd9l	chr6	-	0	0		0		0		no
ENSMUST00000031674.10|ENSMUSG00000029664|Tfpi2	Tfpi2	chr6	-	0	0		0		0		no
ENSMUST00000031670.9|ENSMUSG00000032766|Gng11	Gng11	chr6	+	0	0		0		0		no
ENSMUST00000049166.4|ENSMUSG00000032757|Bet1	Bet1	chr6	-	0	0		0		0		no
ENSMUST00000031668.9|ENSMUSG00000029661|Col1a2	Col1a2	chr6	+	0	0		0		0		no
ENSMUST00000015333.11|ENSMUSG00000015189|Casd1	Casd1	chr6	+	0	0		0		0		no
ENSMUST00000057792.8|ENSMUSG00000032667|Pon2	Pon2	chr6	-	0	0		0		0		no
ENSMUST00000019721.6|ENSMUSG00000019577|Pdk4	Pdk4	chr6	-	0	0		0		0		no
ENSMUST00000115556.7|ENSMUSG00000029757|Dync1i1	Dync1i1	chr6	+	0	0		0		0		no
ENSMUST00000041111.9|ENSMUSG00000042541|Sem1	Sem1	chr6	-	0	0		0		0		no
ENSMUST00000040826.5|ENSMUSG00000042505|Sdhaf3	Sdhaf3	chr6	+	0	0		0		0		no
ENSMUST00000185187.7|ENSMUSG00000061762|Tac1	Tac1	chr6	+	0	0		0		0		no
ENSMUST00000040159.5|ENSMUSG00000042460|C1galt1	C1galt1	chr6	+	0	0		0		0		no
ENSMUST00000040017.7|ENSMUSG00000042447|Mios	Mios	chr6	+	0	0		0		0		no
ENSMUST00000012627.4|ENSMUSG00000012483|Rpa3	Rpa3	chr6	-	0	0		0		0		no
ENSMUST00000159335.7|ENSMUSG00000089862|Umad1	Umad1	chr6	+	0	0		0		0		no
ENSMUST00000162564.6|ENSMUSG00000107705|Gm45062	Gm45062	chr6	+	0	0		0		0		no
ENSMUST00000064285.14|ENSMUSG00000029638|Glcci1	Glcci1	chr6	+	0	0		0		0		no
ENSMUST00000156695.7|ENSMUSG00000062995|Ica1	Ica1	chr6	-	0	0		0		0		no
ENSMUST00000160300.1|ENSMUSG00000046178|Nxph1	Nxph1	chr6	+	0	0		0		0		no
ENSMUST00000204978.2|ENSMUSG00000029632|Ndufa4	Ndufa4	chr6	-	0	0		0		0		no
ENSMUST00000031556.13|ENSMUSG00000029571|Tmem106b	Tmem106b	chr6	+	0	0		0		0		no
ENSMUST00000031554.8|ENSMUSG00000029569|Tmem168	Tmem168	chr6	-	0	0		0		0		no
ENSMUST00000060442.13|ENSMUSG00000048216|Gpr85	Gpr85	chr6	-	0	0		0		0		no
ENSMUST00000139231.1|ENSMUSG00000052419|2610001J05Rik	2610001J05Rik	chr6	-	0	0		0		0		no
ENSMUST00000076654.8|ENSMUSG00000029552|Tes	Tes	chr6	+	0	0		0		0		no
ENSMUST00000000058.6|ENSMUSG00000000058|Cav2	Cav2	chr6	+	0	0		0		0		no
ENSMUST00000177234.1|ENSMUSG00000007655|Cav1	Cav1	chr6	+	0	0		0		0		no
ENSMUST00000130606.7|ENSMUSG00000015733|Capza2	Capza2	chr6	+	0	0		0		0		no
ENSMUST00000010941.5|ENSMUSG00000010797|Wnt2	Wnt2	chr6	-	0	0		0		0		no
ENSMUST00000056398.10|ENSMUSG00000044155|Lsm8	Lsm8	chr6	+	0	0		0		0		no
ENSMUST00000120965.7|ENSMUSG00000029669|Tspan12	Tspan12	chr6	-	0	0		0		0		no
ENSMUST00000136200.7|ENSMUSG00000029670|Ing3	Ing3	chr6	+	0	0		0		0		no
ENSMUST00000153922.7|ENSMUSG00000062980|Cped1	Cped1	chr6	+	0	0		0		0		no
ENSMUST00000202579.3|ENSMUSG00000068748|Ptprz1	Ptprz1	chr6	+	1	1	0.0001294148606417	50	chr6:23004250-23004300(fdr=1.29e-04)	0		yes
ENSMUST00000031707.13|ENSMUSG00000029695|Aass	Aass	chr6	-	0	0		0		0		no
ENSMUST00000031695.14|ENSMUSG00000029684|Wasl	Wasl	chr6	-	0	0		0		0		no
ENSMUST00000127247.3|ENSMUSG00000048022|Tmem229a	Tmem229a	chr6	-	0	0		0		1	chr6:24954100-24954150(fdr=9.83e-04)	no
ENSMUST00000090511.3|ENSMUSG00000029708|Gcc1	Gcc1	chr6	-	0	0		0		0		no
ENSMUST00000020717.11|ENSMUSG00000020440|Arf5	Arf5	chr6	+	0	0		0		0		no
ENSMUST00000164915.7|ENSMUSG00000001424|Snd1	Snd1	chr6	+	0	0		0		0		no
ENSMUST00000007993.15|ENSMUSG00000029701|Rbm28	Rbm28	chr6	-	0	0		0		0		no
ENSMUST00000162739.7|ENSMUSG00000003500|Impdh1	Impdh1	chr6	-	0	0		0		0		no
ENSMUST00000054445.8|ENSMUSG00000043421|Hilpda	Hilpda	chr6	+	0	0		0		0		no
ENSMUST00000174096.6|ENSMUSG00000029767|Calu	Calu	chr6	+	0	0		0		0		no
ENSMUST00000101617.8|ENSMUSG00000068699|Flnc	Flnc	chr6	+	0	0		0		0		no
ENSMUST00000004396.12|ENSMUSG00000004285|Atp6v1f	Atp6v1f	chr6	+	0	0		0		0		no
ENSMUST00000004392.11|ENSMUSG00000029771|Irf5	Irf5	chr6	+	0	0		0		0		no
ENSMUST00000170350.7|ENSMUSG00000012535|Tnpo3	Tnpo3	chr6	-	0	0		0		0		no
ENSMUST00000046750.13|ENSMUSG00000001763|Tspan33	Tspan33	chr6	+	0	0		0		0		no
ENSMUST00000001812.4|ENSMUSG00000001761|Smo	Smo	chr6	+	0	0		0		0		no
ENSMUST00000115212.7|ENSMUSG00000058440|Nrf1	Nrf1	chr6	+	0	0		0		0		no
ENSMUST00000102993.9|ENSMUSG00000039159|Ube2h	Ube2h	chr6	-	0	0		0		0		no
ENSMUST00000068259.9|ENSMUSG00000029775|Klhdc10	Klhdc10	chr6	+	0	0		0		0		no
ENSMUST00000151187.7|ENSMUSG00000029782|Tmem209	Tmem209	chr6	-	0	0		0		0		no
ENSMUST00000124665.2|ENSMUSG00000051855|Mest	Mest	chr6	+	0	0		0		0		no
ENSMUST00000048774.12|ENSMUSG00000025607|Copg2	Copg2	chr6	-	0	0		0		0		no
ENSMUST00000026699.14|ENSMUSG00000025609|Mkln1	Mkln1	chr6	+	0	0		0		0		no
ENSMUST00000026698.7|ENSMUSG00000025608|Podxl	Podxl	chr6	-	0	0		0		0		no
ENSMUST00000124436.7|ENSMUSG00000053768|Chchd3	Chchd3	chr6	-	0	0		0		0		no
ENSMUST00000052266.14|ENSMUSG00000029763|Exoc4	Exoc4	chr6	+	0	0		0		0		no
ENSMUST00000102980.10|ENSMUSG00000001642|Akr1b3	Akr1b3	chr6	-	0	0		0		0		no
ENSMUST00000038406.6|ENSMUSG00000029762|Akr1b8	Akr1b8	chr6	+	0	0		0		0		no
ENSMUST00000139156.7|ENSMUSG00000061758|Akr1b10	Akr1b10	chr6	+	0	0		0		0		no
ENSMUST00000045372.5|ENSMUSG00000038871|Bpgm	Bpgm	chr6	+	0	0		0		0		no
ENSMUST00000074949.3|ENSMUSG00000057137|Tmem140	Tmem140	chr6	+	0	0		0		0		no
ENSMUST00000055097.10|ENSMUSG00000046806|Cyren	Cyren	chr6	-	0	0		0		0		no
ENSMUST00000146968.7|ENSMUSG00000058486|Wdr91	Wdr91	chr6	-	0	0		0		0		no
ENSMUST00000044163.9|ENSMUSG00000038784|Cnot4	Cnot4	chr6	-	0	0		0		0		no
ENSMUST00000152147.7|ENSMUSG00000073155|1810058I24Rik	1810058I24Rik	chr6	+	0	0		0		0		no
ENSMUST00000031868.4|ENSMUSG00000029843|Slc13a4	Slc13a4	chr6	-	0	0		0		0		no
ENSMUST00000051176.8|ENSMUSG00000047420|Fam180a	Fam180a	chr6	-	0	0		0		0		no
ENSMUST00000031866.8|ENSMUSG00000029840|Mtpn	Mtpn	chr6	-	1	1	7.83879189842737e-07	50	chr6:35509600-35509650(fdr=7.84e-07)	0		yes
ENSMUST00000201321.1|ENSMUSG00000029838|Ptn	Ptn	chr6	-	0	0		0		0		no
ENSMUST00000041093.5|ENSMUSG00000038648|Creb3l2	Creb3l2	chr6	-	0	0		0		0		no
ENSMUST00000031859.13|ENSMUSG00000029833|Trim24	Trim24	chr6	+	0	0		0		0		no
ENSMUST00000117556.7|ENSMUSG00000063455|D630045J12Rik	D630045J12Rik	chr6	-	0	0		0		0		no
ENSMUST00000114900.7|ENSMUSG00000029826|Zc3hav1	Zc3hav1	chr6	-	0	0		0		0		no
ENSMUST00000160583.7|ENSMUSG00000038538|Ubn2	Ubn2	chr6	+	0	0		0		0		no
ENSMUST00000162386.7|ENSMUSG00000029823|Luc7l2	Luc7l2	chr6	+	0	0		0		0		no
ENSMUST00000114874.4|ENSMUSG00000079598|Clec2l	Clec2l	chr6	+	0	0		0		0		no
ENSMUST00000161779.7|ENSMUSG00000061436|Hipk2	Hipk2	chr6	-	2	2	6.90808920613231e-05	100	chr6:38694750-38694800(fdr=5.14e-03);chr6:38694800-38694850(fdr=6.91e-05)	0		yes
ENSMUST00000038398.6|ENSMUSG00000038507|Parp12	Parp12	chr6	-	0	0		0		0		no
ENSMUST00000002305.8|ENSMUSG00000042599|Kdm7a	Kdm7a	chr6	-	0	0		0		0		no
ENSMUST00000031986.4|ENSMUSG00000029923|Rab19	Rab19	chr6	+	0	0		0		0		no
ENSMUST00000114823.7|ENSMUSG00000029922|Mkrn1	Mkrn1	chr6	-	0	0		0		0		no
ENSMUST00000036877.9|ENSMUSG00000038456|Dennd2a	Dennd2a	chr6	-	0	0		0		0		no
ENSMUST00000140364.7|ENSMUSG00000046947|Adck2	Adck2	chr6	+	0	0		0		0		no
ENSMUST00000126621.2|ENSMUSG00000107071|Gm42420	Gm42420	chr6	+	0	0		0		0		no
ENSMUST00000135671.7|ENSMUSG00000002416|Ndufb2	Ndufb2	chr6	+	0	0		0		0		no
ENSMUST00000031978.8|ENSMUSG00000029918|Mrps33	Mrps33	chr6	-	0	0		0		0		no
ENSMUST00000101492.9|ENSMUSG00000037172|Dennd11	Dennd11	chr6	-	0	0		0		0		no
ENSMUST00000114779.8|ENSMUSG00000029911|Ssbp1	Ssbp1	chr6	+	0	0		0		0		no
ENSMUST00000101491.10|ENSMUSG00000029915|Clec5a	Clec5a	chr6	-	0	0		0		0		no
ENSMUST00000167082.1|ENSMUSG00000029869|Ephb6	Ephb6	chr6	+	0	0		0		0		no
ENSMUST00000031895.12|ENSMUSG00000029863|Casp2	Casp2	chr6	+	0	0		0		0		no
ENSMUST00000031891.14|ENSMUSG00000029861|Fam131b	Fam131b	chr6	-	0	0		0		0		no
ENSMUST00000164375.3|ENSMUSG00000029860|Zyx	Zyx	chr6	+	0	0		0		0		no
ENSMUST00000045054.10|ENSMUSG00000036667|Tcaf1	Tcaf1	chr6	-	0	0		0		0		no
ENSMUST00000031750.13|ENSMUSG00000033542|Arhgef5	Arhgef5	chr6	+	0	0		0		0		no
ENSMUST00000067888.13|ENSMUSG00000029735|Tpk1	Tpk1	chr6	-	0	0		0		0		no
ENSMUST00000114641.7|ENSMUSG00000039419|Cntnap2	Cntnap2	chr6	+	0	0		0		0		no
ENSMUST00000031697.8|ENSMUSG00000029686|Cul1	Cul1	chr6	+	0	0		0		0		no
ENSMUST00000077290.8|ENSMUSG00000025823|Pdia4	Pdia4	chr6	-	0	0		0		0		no
ENSMUST00000114598.2|ENSMUSG00000062519|Zfp398	Zfp398	chr6	+	0	0		0		0		no
ENSMUST00000061890.7|ENSMUSG00000025821|Zfp282	Zfp282	chr6	+	0	0		0		0		no
ENSMUST00000009411.8|ENSMUSG00000052763|Zfp212	Zfp212	chr6	+	0	0		0		0		no
ENSMUST00000114583.7|ENSMUSG00000071477|Zfp777	Zfp777	chr6	-	0	0		0		0		no
ENSMUST00000073124.8|ENSMUSG00000057691|Zfp746	Zfp746	chr6	-	0	0		0		0		no
ENSMUST00000114571.7|ENSMUSG00000042810|Krba1	Krba1	chr6	+	0	0		0		0		no
ENSMUST00000141449.1|ENSMUSG00000068551|Zfp467	Zfp467	chr6	-	0	0		0		0		no
ENSMUST00000040361.7|ENSMUSG00000039347|Atp6v0e2	Atp6v0e2	chr6	+	0	0		0		0		no
ENSMUST00000114545.7|ENSMUSG00000073096|Lrrc61	Lrrc61	chr6	+	0	0		0		0		no
ENSMUST00000009425.6|ENSMUSG00000009281|Rarres2	Rarres2	chr6	-	0	0		0		0		no
ENSMUST00000118229.1|ENSMUSG00000052751|Repin1	Repin1	chr6	+	0	0		0		0		no
ENSMUST00000204095.2|ENSMUSG00000007216|Zfp775	Zfp775	chr6	+	0	0		0		0		no
ENSMUST00000154570.1|ENSMUSG00000053297|AI854703	AI854703	chr6	+	0	0		0		0		no
ENSMUST00000054050.4|ENSMUSG00000051124|Gimap9	Gimap9	chr6	+	0	0		0		0		no
ENSMUST00000156770.7|ENSMUSG00000054435|Gimap4	Gimap4	chr6	+	0	0		0		0		no
ENSMUST00000204168.1|ENSMUSG00000090019|Gimap1	Gimap1	chr6	+	0	0		0		0		no
ENSMUST00000055558.5|ENSMUSG00000043505|Gimap5	Gimap5	chr6	+	0	0		0		0		no
ENSMUST00000166247.7|ENSMUSG00000029810|Tmem176b	Tmem176b	chr6	-	0	0		0		0		no
ENSMUST00000204482.2|ENSMUSG00000023367|Tmem176a	Tmem176a	chr6	+	0	0		0		0		no
ENSMUST00000031840.9|ENSMUSG00000029816|Gpnmb	Gpnmb	chr6	+	0	0		0		0		no
ENSMUST00000114500.2|ENSMUSG00000029815|Malsu1	Malsu1	chr6	+	0	0		0		0		no
ENSMUST00000114491.1|ENSMUSG00000050786|Ccdc126	Ccdc126	chr6	+	0	0		0		0		no
ENSMUST00000060561.14|ENSMUSG00000047115|Fam221a	Fam221a	chr6	+	0	0		0		0		no
ENSMUST00000114468.8|ENSMUSG00000029822|Osbpl3	Osbpl3	chr6	-	0	0		0		0		no
ENSMUST00000161401.1|ENSMUSG00000063694|Cycs	Cycs	chr6	-	0	0		0		0		no
ENSMUST00000069949.12|ENSMUSG00000004980|Hnrnpa2b1	Hnrnpa2b1	chr6	-	0	0		0		0		no
ENSMUST00000114445.7|ENSMUSG00000029836|Cbx3	Cbx3	chr6	+	0	0		0		0		no
ENSMUST00000149024.1|ENSMUSG00000038301|Snx10	Snx10	chr6	+	0	0		0		0		no
ENSMUST00000204778.2|ENSMUSG00000059182|Skap2	Skap2	chr6	-	0	0		0		0		no
ENSMUST00000031788.8|ENSMUSG00000029776|Hibadh	Hibadh	chr6	-	0	0		0		0		no
ENSMUST00000080723.10|ENSMUSG00000004535|Tax1bp1	Tax1bp1	chr6	+	0	0		0		0		no
ENSMUST00000074541.5|ENSMUSG00000063568|Jazf1	Jazf1	chr6	-	0	0		0		0		no
ENSMUST00000127748.4|ENSMUSG00000043496|Tril	Tril	chr6	-	0	0		0		0		no
ENSMUST00000133315.3|ENSMUSG00000004633|Chn2	Chn2	chr6	+	0	0		0		0		no
ENSMUST00000205108.1|ENSMUSG00000019124|Scrn1	Scrn1	chr6	-	0	0		0		0		no
ENSMUST00000190641.6|ENSMUSG00000038065|Mturn	Mturn	chr6	+	0	0		0		0		no
ENSMUST00000168172.3|ENSMUSG00000038058|Nod1	Nod1	chr6	-	0	0		0		0		no
ENSMUST00000131475.1|ENSMUSG00000002797|Ggct	Ggct	chr6	-	0	0		0		0		no
ENSMUST00000003569.5|ENSMUSG00000003477|Inmt	Inmt	chr6	-	0	0		0		0		no
ENSMUST00000053094.7|ENSMUSG00000038022|Mindy4	Mindy4	chr6	+	0	0		0		0		no
ENSMUST00000004774.3|ENSMUSG00000004655|Aqp1	Aqp1	chr6	+	0	0		0		0		no
ENSMUST00000070756.11|ENSMUSG00000029778|Adcyap1r1	Adcyap1r1	chr6	+	0	0		0		0		no
ENSMUST00000044767.9|ENSMUSG00000037984|Neurod6	Neurod6	chr6	-	0	0		0		0		no
ENSMUST00000031805.10|ENSMUSG00000029787|Avl9	Avl9	chr6	+	0	0		0		0		no
ENSMUST00000114323.7|ENSMUSG00000059486|Kbtbd2	Kbtbd2	chr6	-	0	0		0		0		no
ENSMUST00000031795.7|ENSMUSG00000029781|Fkbp9	Fkbp9	chr6	+	0	0		0		0		no
ENSMUST00000042766.5|ENSMUSG00000037826|Ppm1k	Ppm1k	chr6	-	0	0		0		0		no
ENSMUST00000031817.9|ENSMUSG00000029798|Herc6	Herc6	chr6	+	0	0		0		0		no
ENSMUST00000053386.5|ENSMUSG00000043162|Pyurf	Pyurf	chr6	-	0	0		0		0		no
ENSMUST00000072954.7|ENSMUSG00000062190|Lancl2	Lancl2	chr6	+	0	0		0		0		no
ENSMUST00000031822.12|ENSMUSG00000029802|Abcg2	Abcg2	chr6	+	0	0		0		0		no
ENSMUST00000041401.10|ENSMUSG00000029804|Herc3	Herc3	chr6	+	0	0		0		0		no
ENSMUST00000059539.4|ENSMUSG00000055430|Nap1l5	Nap1l5	chr6	-	0	0		0		0		no
ENSMUST00000089860.11|ENSMUSG00000037709|Fam13a	Fam13a	chr6	-	0	0		0		0		no
ENSMUST00000062626.3|ENSMUSG00000049232|Tigd2	Tigd2	chr6	+	0	0		0		0		no
ENSMUST00000051065.5|ENSMUSG00000045441|Gprin3	Gprin3	chr6	-	0	0		0		0		no
ENSMUST00000163779.7|ENSMUSG00000025889|Snca	Snca	chr6	-	0	0		0		0		no
ENSMUST00000204620.2|ENSMUSG00000029920|Smarcad1	Smarcad1	chr6	+	0	0		0		0		no
ENSMUST00000031982.4|ENSMUSG00000029919|Hpgds	Hpgds	chr6	-	0	0		0		0		no
ENSMUST00000054351.5|ENSMUSG00000049001|Ndnf	Ndnf	chr6	+	0	0		0		0		no
ENSMUST00000172638.1|ENSMUSG00000029913|Prdm5	Prdm5	chr6	+	0	0		0		0		no
ENSMUST00000116605.7|ENSMUSG00000029910|Mad2l1	Mad2l1	chr6	+	0	0		0		0		no
ENSMUST00000043148.12|ENSMUSG00000036402|Gng12	Gng12	chr6	+	0	0		0		0		no
ENSMUST00000043098.8|ENSMUSG00000036390|Gadd45a	Gadd45a	chr6	-	0	0		0		0		no
ENSMUST00000042990.6|ENSMUSG00000036371|Serbp1	Serbp1	chr6	+	0	0		0		0		no
ENSMUST00000103410.2|ENSMUSG00000076609|Igkc	Igkc	chr6	+	0	0		0		0		no
ENSMUST00000034093.14|ENSMUSG00000031668|Eif2ak3	Eif2ak3	chr6	+	0	0		0		0		no
ENSMUST00000160918.7|ENSMUSG00000054474|Thnsl2	Thnsl2	chr6	-	0	0		0		0		no
ENSMUST00000204436.2|ENSMUSG00000053012|Krcc1	Krcc1	chr6	+	0	0		0		0		no
ENSMUST00000002292.14|ENSMUSG00000002222|Rmnd5a	Rmnd5a	chr6	-	0	0		0		0		no
ENSMUST00000065364.4|ENSMUSG00000053119|Chmp3	Chmp3	chr6	+	0	0		0		0		no
ENSMUST00000206916.1|ENSMUSG00000053470|Kdm3a	Kdm3a	chr6	-	0	0		0		0		no
ENSMUST00000121469.1|ENSMUSG00000052852|Reep1	Reep1	chr6	+	0	0		0		0		no
ENSMUST00000207003.1|ENSMUSG00000052337|Immt	Immt	chr6	+	0	0		0		0		no
ENSMUST00000069994.10|ENSMUSG00000056091|St3gal5	St3gal5	chr6	+	0	0		0		0		no
ENSMUST00000206425.1|ENSMUSG00000037621|Atoh8	Atoh8	chr6	-	0	0		0		0		no
ENSMUST00000206262.1|ENSMUSG00000056305|Usp39	Usp39	chr6	-	0	0		0		0		no
ENSMUST00000077783.4|ENSMUSG00000058706|0610030E20Rik	0610030E20Rik	chr6	+	0	0		0		0		no
ENSMUST00000132243.2|ENSMUSG00000055912|Tmem150a	Tmem150a	chr6	+	0	0		0		0		no
ENSMUST00000206154.1|ENSMUSG00000073002|Vamp5	Vamp5	chr6	-	0	0		0		0		no
ENSMUST00000059983.9|ENSMUSG00000050732|Vamp8	Vamp8	chr6	-	0	0		0		0		no
ENSMUST00000207012.1|ENSMUSG00000053460|Ggcx	Ggcx	chr6	+	0	0		0		0		no
ENSMUST00000205335.1|ENSMUSG00000053907|Mat2a	Mat2a	chr6	-	0	0		0		0		no
ENSMUST00000070597.12|ENSMUSG00000056666|Retsat	Retsat	chr6	+	0	0		0		0		no
ENSMUST00000070524.4|ENSMUSG00000056429|Tgoln1	Tgoln1	chr6	-	0	0		0		0		no
ENSMUST00000069536.11|ENSMUSG00000055799|Tcf7l1	Tcf7l1	chr6	-	0	0		0		0		no
ENSMUST00000068697.10|ENSMUSG00000055239|Kcmf1	Kcmf1	chr6	-	0	0		0		0		no
ENSMUST00000114050.7|ENSMUSG00000079523|Tmsb10	Tmsb10	chr6	-	0	0		0		0		no
ENSMUST00000204527.1|ENSMUSG00000063063|Ctnna2	Ctnna2	chr6	-	0	0		0		0		no
ENSMUST00000020400.4|ENSMUSG00000060780|Lrrtm1	Lrrtm1	chr6	+	0	0		0		0		no
ENSMUST00000032089.2|ENSMUSG00000030017|Reg3g	Reg3g	chr6	-	0	0		0		0		no
ENSMUST00000152996.7|ENSMUSG00000035125|Gcfc2	Gcfc2	chr6	+	0	0		0		0		no
ENSMUST00000032124.8|ENSMUSG00000030045|Mrpl19	Mrpl19	chr6	-	0	0		0		0		no
ENSMUST00000042974.14|ENSMUSG00000035104|Eva1a	Eva1a	chr6	+	0	0		0		0		no
ENSMUST00000095786.5|ENSMUSG00000030042|Pole4	Pole4	chr6	-	0	0		0		0		no
ENSMUST00000000642.10|ENSMUSG00000000628|Hk2	Hk2	chr6	-	0	0		0		0		no
ENSMUST00000149918.1|ENSMUSG00000068335|Dok1	Dok1	chr6	-	0	0		0		0		no
ENSMUST00000000707.8|ENSMUSG00000000693|Loxl3	Loxl3	chr6	+	0	0		0		0		no
ENSMUST00000122955.7|ENSMUSG00000068329|Htra2	Htra2	chr6	-	0	0		0		0		no
ENSMUST00000204343.2|ENSMUSG00000068328|Aup1	Aup1	chr6	+	0	0		0		0		no
ENSMUST00000176027.7|ENSMUSG00000069678|Pcgf1	Pcgf1	chr6	+	0	0		0		0		no
ENSMUST00000113938.4|ENSMUSG00000030037|Mrpl53	Mrpl53	chr6	+	0	0		0		0		no
ENSMUST00000143814.2|ENSMUSG00000030034|Ino80b	Ino80b	chr6	-	0	0		0		0		no
ENSMUST00000213056.1|ENSMUSG00000034930|Rtkn	Rtkn	chr6	+	0	0		0		0		no
ENSMUST00000203203.1|ENSMUSG00000030030|1700003E16Rik	1700003E16Rik	chr6	+	0	0		0		0		no
ENSMUST00000113913.7|ENSMUSG00000031865|Dctn1	Dctn1	chr6	+	0	0		0		0		no
ENSMUST00000055261.10|ENSMUSG00000043131|Mob1a	Mob1a	chr6	+	0	0		0		0		no
ENSMUST00000136501.1|ENSMUSG00000045160|Bola3	Bola3	chr6	+	0	0		0		0		no
ENSMUST00000145455.7|ENSMUSG00000014554|Dguok	Dguok	chr6	-	0	0		0		0		no
ENSMUST00000206400.1|ENSMUSG00000006906|Stambp	Stambp	chr6	-	0	0		0		0		no
ENSMUST00000014892.7|ENSMUSG00000014748|Tex261	Tex261	chr6	-	0	0		0		0		no
ENSMUST00000058383.8|ENSMUSG00000045896|Paip2b	Paip2b	chr6	-	0	0		0		0		no
ENSMUST00000113821.7|ENSMUSG00000033788|Dysf	Dysf	chr6	+	0	0		0		0		no
ENSMUST00000162821.7|ENSMUSG00000033769|Exoc6b	Exoc6b	chr6	-	0	0		0		0		no
ENSMUST00000204757.2|ENSMUSG00000033735|Spr	Spr	chr6	-	0	0		0		0		no
ENSMUST00000045942.8|ENSMUSG00000033726|Emx1	Emx1	chr6	+	0	0		0		0		no
ENSMUST00000045846.11|ENSMUSG00000033720|Sfxn5	Sfxn5	chr6	-	1	1	4.75746603970778e-06	50	chr6:85215450-85215500(fdr=4.76e-06)	0		yes
ENSMUST00000060837.9|ENSMUSG00000051343|Rab11fip5	Rab11fip5	chr6	-	0	0		0		0		no
ENSMUST00000045693.7|ENSMUSG00000033706|Smyd5	Smyd5	chr6	+	0	0		0		0		no
ENSMUST00000032080.8|ENSMUSG00000030008|Pradc1	Pradc1	chr6	-	0	0		0		0		no
ENSMUST00000204489.2|ENSMUSG00000030007|Cct7	Cct7	chr6	+	0	0		0		0		no
ENSMUST00000159062.7|ENSMUSG00000047013|Fbxo41	Fbxo41	chr6	-	0	0		0		0		no
ENSMUST00000095759.4|ENSMUSG00000071341|Egr4	Egr4	chr6	-	0	0		0		0		no
ENSMUST00000095757.3|ENSMUSG00000068299|Nat8f4	Nat8f4	chr6	-	0	0		0		0		no
ENSMUST00000113753.7|ENSMUSG00000054226|Tprkb	Tprkb	chr6	+	0	0		0		0		no
ENSMUST00000032071.12|ENSMUSG00000030002|Dusp11	Dusp11	chr6	-	0	0		0		0		no
ENSMUST00000032066.12|ENSMUSG00000029999|Tgfa	Tgfa	chr6	+	0	0		0		0		no
ENSMUST00000089558.6|ENSMUSG00000057278|Snrpg	Snrpg	chr6	+	0	0		0		0		no
ENSMUST00000032065.14|ENSMUSG00000029998|Pcyox1	Pcyox1	chr6	-	0	0		0		0		no
ENSMUST00000154438.7|ENSMUSG00000071337|Tia1	Tia1	chr6	+	0	0		0		0		no
ENSMUST00000204137.1|ENSMUSG00000107539|Gm44790	Gm44790	chr6	+	0	0		0		0		no
ENSMUST00000053015.6|ENSMUSG00000051695|Pcbp1	Pcbp1	chr6	-	0	0		0		0		no
ENSMUST00000043400.7|ENSMUSG00000033508|Asprv1	Asprv1	chr6	+	0	0		0		0		no
ENSMUST00000001185.13|ENSMUSG00000001157|Gmcl1	Gmcl1	chr6	-	0	0		0		0		no
ENSMUST00000113658.7|ENSMUSG00000029992|Gfpt1	Gfpt1	chr6	+	0	0		0		0		no
ENSMUST00000113637.8|ENSMUSG00000030047|Arhgap25	Arhgap25	chr6	-	0	0		0		0		no
ENSMUST00000032132.8|ENSMUSG00000068263|Efcc1	Efcc1	chr6	+	0	0		0		0		no
ENSMUST00000032134.8|ENSMUSG00000030055|Rab43	Rab43	chr6	-	0	0		0		0		no
ENSMUST00000205070.2|ENSMUSG00000030056|Isy1	Isy1	chr6	-	0	0		0		0		no
ENSMUST00000204653.2|ENSMUSG00000030057|Cnbp	Cnbp	chr6	-	0	0		0		0		no
ENSMUST00000113607.9|ENSMUSG00000030058|Copg1	Copg1	chr6	+	0	0		0		0		no
ENSMUST00000056403.6|ENSMUSG00000044927|H1f10	H1f10	chr6	-	0	0		0		0		no
ENSMUST00000113600.9|ENSMUSG00000079477|Rab7	Rab7	chr6	-	0	0		0		0		no
ENSMUST00000204838.1|ENSMUSG00000030062|Rpn1	Rpn1	chr6	+	0	0		0		0		no
ENSMUST00000170089.7|ENSMUSG00000015053|Gata2	Gata2	chr6	+	0	0		0		0		no
ENSMUST00000205014.1|ENSMUSG00000033216|Eefsec	Eefsec	chr6	-	0	0		0		0		no
ENSMUST00000032168.6|ENSMUSG00000030082|Sec61a1	Sec61a1	chr6	-	0	0		0		0		no
ENSMUST00000203824.1|ENSMUSG00000033174|Mgll	Mgll	chr6	+	0	0		0		0		no
ENSMUST00000203137.2|ENSMUSG00000030083|Abtb1	Abtb1	chr6	-	0	0		0		0		no
ENSMUST00000038409.11|ENSMUSG00000033152|Podxl2	Podxl2	chr6	-	0	0		0		0		no
ENSMUST00000205165.1|ENSMUSG00000002870|Mcm2	Mcm2	chr6	-	0	0		0		0		no
ENSMUST00000152585.7|ENSMUSG00000002871|Tpra1	Tpra1	chr6	+	0	0		0		0		no
ENSMUST00000205121.1|ENSMUSG00000030084|Plxna1	Plxna1	chr6	-	0	0		0		0		no
ENSMUST00000204654.1|ENSMUSG00000030086|Chchd6	Chchd6	chr6	-	0	0		0		0		no
ENSMUST00000000828.12|ENSMUSG00000000811|Txnrd3	Txnrd3	chr6	+	0	0		0		0		no
ENSMUST00000113539.7|ENSMUSG00000034430|Zxdc	Zxdc	chr6	+	0	0		0		0		no
ENSMUST00000205136.1|ENSMUSG00000030087|Klf15	Klf15	chr6	+	0	0		0		0		no
ENSMUST00000044019.15|ENSMUSG00000030089|Slc41a3	Slc41a3	chr6	+	0	0		0		0		no
ENSMUST00000101153.9|ENSMUSG00000034312|Iqsec1	Iqsec1	chr6	-	0	0		0		0		no
ENSMUST00000041736.10|ENSMUSG00000034245|Hdac11	Hdac11	chr6	+	0	0		0		0		no
ENSMUST00000041544.7|ENSMUSG00000064080|Fbln2	Fbln2	chr6	+	0	0		0		0		no
ENSMUST00000032180.6|ENSMUSG00000030093|Wnt7a	Wnt7a	chr6	-	0	0		0		0		no
ENSMUST00000040835.8|ENSMUSG00000034203|Chchd4	Chchd4	chr6	-	0	0		0		0		no
ENSMUST00000032183.5|ENSMUSG00000030095|Tmem43	Tmem43	chr6	+	0	0		0		0		no
ENSMUST00000040607.5|ENSMUSG00000034192|Lsm3	Lsm3	chr6	+	0	0		0		0		no
ENSMUST00000205663.1|ENSMUSG00000030096|Slc6a6	Slc6a6	chr6	+	0	0		0		0		no
ENSMUST00000089334.8|ENSMUSG00000034037|Fgd5	Fgd5	chr6	+	0	0		0		0		no
ENSMUST00000113460.7|ENSMUSG00000005893|Nr2c2	Nr2c2	chr6	+	0	0		0		0		no
ENSMUST00000140438.1|ENSMUSG00000014551|Mrps25	Mrps25	chr6	-	0	0		0		0		no
ENSMUST00000014694.10|ENSMUSG00000014550|Rbsn	Rbsn	chr6	-	0	0		0		0		no
ENSMUST00000113447.7|ENSMUSG00000030020|Prickle2	Prickle2	chr6	-	0	0		0		0		no
ENSMUST00000204532.2|ENSMUSG00000045095|Magi1	Magi1	chr6	-	0	0		0		0		no
ENSMUST00000204764.2|ENSMUSG00000045100|Slc25a26	Slc25a26	chr6	+	0	0		0		0		no
ENSMUST00000204645.2|ENSMUSG00000030029|Lrig1	Lrig1	chr6	-	0	0		0		0		no
ENSMUST00000204224.2|ENSMUSG00000061838|Suclg2	Suclg2	chr6	-	0	0		0		0		no
ENSMUST00000054344.10|ENSMUSG00000035245|Eogt	Eogt	chr6	-	0	0		0		0		no
ENSMUST00000044681.6|ENSMUSG00000035199|Arl6ip5	Arl6ip5	chr6	+	0	0		0		0		no
ENSMUST00000113355.8|ENSMUSG00000030064|Frmd4b	Frmd4b	chr6	-	0	0		0		0		no
ENSMUST00000139462.1|ENSMUSG00000035158|Mitf	Mitf	chr6	+	0	0		0		0		no
ENSMUST00000155466.1|ENSMUSG00000030068|Gm20696	Gm20696	chr6	-	0	0		0		0		no
ENSMUST00000032151.2|ENSMUSG00000093661|Eif4e3	Eif4e3	chr6	-	0	0		0		0		no
ENSMUST00000101122.2|ENSMUSG00000072875|Gpr27	Gpr27	chr6	+	0	0		0		0		no
ENSMUST00000101120.10|ENSMUSG00000030069|Prok2	Prok2	chr6	-	0	0		0		0		no
ENSMUST00000101118.3|ENSMUSG00000072872|Rybp	Rybp	chr6	-	0	0		0		0		no
ENSMUST00000032157.8|ENSMUSG00000030074|Gxylt2	Gxylt2	chr6	+	0	0		0		0		no
ENSMUST00000063854.6|ENSMUSG00000052144|Ppp4r2	Ppp4r2	chr6	+	0	0		0		0		no
ENSMUST00000075994.10|ENSMUSG00000035357|Pdzrn3	Pdzrn3	chr6	-	0	0		0		0		no
ENSMUST00000057578.15|ENSMUSG00000013736|Trnt1	Trnt1	chr6	+	0	0		0		0		no
ENSMUST00000013882.9|ENSMUSG00000005362|Crbn	Crbn	chr6	-	0	0		0		0		no
ENSMUST00000049285.9|ENSMUSG00000034648|Lrrn1	Lrrn1	chr6	+	0	0		0		0		no
ENSMUST00000032191.15|ENSMUSG00000030101|Sumf1	Sumf1	chr6	-	0	0		0		0		no
ENSMUST00000032194.10|ENSMUSG00000030103|Bhlhe40	Bhlhe40	chr6	+	0	0		0		0		no
ENSMUST00000032196.8|ENSMUSG00000030105|Arl8b	Arl8b	chr6	+	0	0		0		0		no
ENSMUST00000032376.5|ENSMUSG00000057604|Lmcd1	Lmcd1	chr6	+	0	0		0		0		no
ENSMUST00000032398.14|ENSMUSG00000030264|Thumpd3	Thumpd3	chr6	+	0	0		0		0		no
ENSMUST00000162280.1|ENSMUSG00000042873|Lhfpl4	Lhfpl4	chr6	-	0	0		0		0		no
ENSMUST00000129883.7|ENSMUSG00000030269|Mtmr14	Mtmr14	chr6	+	0	0		0		0		no
ENSMUST00000130191.7|ENSMUSG00000030270|Cpne9	Cpne9	chr6	+	0	0		0		0		no
ENSMUST00000113119.7|ENSMUSG00000001632|Brpf1	Brpf1	chr6	+	0	0		0		0		no
ENSMUST00000136263.3|ENSMUSG00000030271|Ogg1	Ogg1	chr6	+	0	0		0		0		no
ENSMUST00000032410.13|ENSMUSG00000048930|Tada3	Tada3	chr6	-	0	0		0		0		no
ENSMUST00000156898.4|ENSMUSG00000079426|Arpc4	Arpc4	chr6	+	0	0		0		0		no
ENSMUST00000205017.2|ENSMUSG00000030276|Ttll3	Ttll3	chr6	+	0	0		0		0		no
ENSMUST00000060634.13|ENSMUSG00000051169|Rpusd3	Rpusd3	chr6	-	0	0		0		0		no
ENSMUST00000204254.1|ENSMUSG00000051256|Jagn1	Jagn1	chr6	+	0	0		0		0		no
ENSMUST00000032422.5|ENSMUSG00000030284|Creld1	Creld1	chr6	+	0	0		0		0		no
ENSMUST00000204268.2|ENSMUSG00000045009|Prrt3	Prrt3	chr6	-	0	0		0		0		no
ENSMUST00000032425.6|ENSMUSG00000030286|Emc3	Emc3	chr6	-	0	0		0		0		no
ENSMUST00000035725.6|ENSMUSG00000033940|Brk1	Brk1	chr6	+	0	0		0		0		no
ENSMUST00000035673.7|ENSMUSG00000033933|Vhl	Vhl	chr6	+	0	0		0		0		no
ENSMUST00000204744.2|ENSMUSG00000060477|Irak2	Irak2	chr6	+	0	0		0		0		no
ENSMUST00000032440.5|ENSMUSG00000030298|Sec13	Sec13	chr6	-	0	0		0		0		no
ENSMUST00000032451.8|ENSMUSG00000030307|Slc6a11	Slc6a11	chr6	+	1	0	0.0523869193359895	50	chr6:114249750-114249800(fdr=5.24e-02)	1	chr6:114247800-114247850(fdr=2.12e-05)	yes_rawfdr
ENSMUST00000032454.7|ENSMUSG00000030310|Slc6a1	Slc6a1	chr6	+	0	0		0		0		no
ENSMUST00000088987.2|ENSMUSG00000053004|Hrh1	Hrh1	chr6	+	0	0		0		0		no
ENSMUST00000032457.16|ENSMUSG00000030314|Atg7	Atg7	chr6	+	0	0		0		0		no
ENSMUST00000154621.2|ENSMUSG00000030316|Tamm41	Tamm41	chr6	-	0	0		0		0		no
ENSMUST00000169345.3|ENSMUSG00000009394|Syn2	Syn2	chr6	+	0	0		0		0		no
ENSMUST00000032462.8|ENSMUSG00000030317|Timp4	Timp4	chr6	-	0	0		0		0		no
ENSMUST00000040234.8|ENSMUSG00000042389|Tsen2	Tsen2	chr6	+	0	0		0		0		no
ENSMUST00000000449.8|ENSMUSG00000000439|Mkrn2	Mkrn2	chr6	+	0	0		0		0		no
ENSMUST00000203142.1|ENSMUSG00000000441|Raf1	Raf1	chr6	-	0	0		0		0		no
ENSMUST00000112946.7|ENSMUSG00000059900|Tmem40	Tmem40	chr6	-	0	0		0		0		no
ENSMUST00000075995.6|ENSMUSG00000030319|Cand2	Cand2	chr6	+	0	0		0		0		no
ENSMUST00000141305.7|ENSMUSG00000030323|Ift122	Ift122	chr6	+	0	0		0		0		no
ENSMUST00000015511.14|ENSMUSG00000030123|Plxnd1	Plxnd1	chr6	-	0	0		0		0		no
ENSMUST00000203286.2|ENSMUSG00000024104|Washc2	Washc2	chr6	+	0	0		0		0		no
ENSMUST00000079012.12|ENSMUSG00000025702|Marchf8	Marchf8	chr6	+	0	0		0		0		no
ENSMUST00000079749.5|ENSMUSG00000059878|Zfp422	Zfp422	chr6	-	0	0		0		0		no
ENSMUST00000035842.6|ENSMUSG00000042129|Rassf4	Rassf4	chr6	-	0	0		0		0		no
ENSMUST00000067354.9|ENSMUSG00000048489|Depp1	Depp1	chr6	+	0	0		0		0		no
ENSMUST00000073043.4|ENSMUSG00000061353|Cxcl12	Cxcl12	chr6	+	0	0		0		0		no
ENSMUST00000112858.7|ENSMUSG00000059689|Zfp637	Zfp637	chr6	+	0	0		0		0		no
ENSMUST00000079405.14|ENSMUSG00000042097|Zfp239	Zfp239	chr6	+	0	0		0		0		no
ENSMUST00000180341.1|ENSMUSG00000042079|Hnrnpf	Hnrnpf	chr6	+	0	0		0		0		no
ENSMUST00000164960.3|ENSMUSG00000030134|Rasgef1a	Rasgef1a	chr6	+	0	0		0		0		no
ENSMUST00000049344.14|ENSMUSG00000042042|Csgalnact2	Csgalnact2	chr6	-	0	0		0		0		no
ENSMUST00000032237.7|ENSMUSG00000030138|Bms1	Bms1	chr6	-	0	0		0		0		no
ENSMUST00000161170.1|ENSMUSG00000072623|Zfp9	Zfp9	chr6	-	0	0		0		0		no
ENSMUST00000168793.7|ENSMUSG00000055003|Lrtm2	Lrtm2	chr6	-	0	0		0		0		no
ENSMUST00000117171.7|ENSMUSG00000030170|Wnt5b	Wnt5b	chr6	-	0	0		0		0		no
ENSMUST00000032094.6|ENSMUSG00000030019|Fbxl14	Fbxl14	chr6	+	0	0		0		0		no
ENSMUST00000127146.7|ENSMUSG00000030177|Ccdc77	Ccdc77	chr6	-	0	0		0		0		no
ENSMUST00000132009.3|ENSMUSG00000030180|Kdm5a	Kdm5a	chr6	+	0	0		0		0		no
ENSMUST00000002976.4|ENSMUSG00000002897|Il17ra	Il17ra	chr6	+	0	0		0		0		no
ENSMUST00000075303.6|ENSMUSG00000058979|Hdhd5	Hdhd5	chr6	-	0	0		0		0		no
ENSMUST00000112682.3|ENSMUSG00000004902|Slc25a18	Slc25a18	chr6	+	0	0		0		0		no
ENSMUST00000019354.10|ENSMUSG00000019210|Atp6v1e1	Atp6v1e1	chr6	-	0	0		0		0		no
ENSMUST00000009256.3|ENSMUSG00000009112|Bcl2l13	Bcl2l13	chr6	+	0	0		0		0		no
ENSMUST00000160684.7|ENSMUSG00000004446|Bid	Bid	chr6	-	0	0		0		0		no
ENSMUST00000203254.2|ENSMUSG00000051586|Mical3	Mical3	chr6	-	0	0		0		0		no
ENSMUST00000032198.10|ENSMUSG00000030107|Usp18	Usp18	chr6	+	0	0		0		0		no
ENSMUST00000064580.13|ENSMUSG00000030108|Slc6a13	Slc6a13	chr6	+	0	0		0		0		no
ENSMUST00000129815.7|ENSMUSG00000040797|Iqsec3	Iqsec3	chr6	-	0	0		0		0		no
ENSMUST00000007602.14|ENSMUSG00000007458|M6pr	M6pr	chr6	+	0	0		0		0		no
ENSMUST00000160163.7|ENSMUSG00000040669|Phc1	Phc1	chr6	-	0	0		0		0		no
ENSMUST00000148517.7|ENSMUSG00000030116|Mfap5	Mfap5	chr6	+	0	0		0		0		no
ENSMUST00000112586.7|ENSMUSG00000040613|Apobec1	Apobec1	chr6	-	0	0		0		0		no
ENSMUST00000166135.7|ENSMUSG00000003153|Slc2a3	Slc2a3	chr6	-	0	0		0		0		no
ENSMUST00000003238.13|ENSMUSG00000003154|Foxj2	Foxj2	chr6	+	0	0		0		0		no
ENSMUST00000042081.8|ENSMUSG00000040552|C3ar1	C3ar1	chr6	-	0	0		0		0		no
ENSMUST00000032477.5|ENSMUSG00000030327|Necap1	Necap1	chr6	+	0	0		0		0		no
ENSMUST00000117173.7|ENSMUSG00000043832|Clec4a3	Clec4a3	chr6	+	0	0		0		0		no
ENSMUST00000204826.2|ENSMUSG00000030144|Clec4d	Clec4d	chr6	+	0	0		0		0		no
ENSMUST00000176096.1|ENSMUSG00000030142|Clec4e	Clec4e	chr6	-	0	0		0		0		no
ENSMUST00000112532.7|ENSMUSG00000005069|Pex5	Pex5	chr6	-	0	0		0		0		no
ENSMUST00000049124.9|ENSMUSG00000038527|C1rl	C1rl	chr6	+	0	0		0		0		no
ENSMUST00000068593.8|ENSMUSG00000055172|C1ra	C1ra	chr6	+	0	0		0		0		no
ENSMUST00000160505.7|ENSMUSG00000038521|C1s1	C1s1	chr6	-	0	0		0		0		no
ENSMUST00000128721.6|ENSMUSG00000004270|Lpcat3	Lpcat3	chr6	+	0	0		0		0		no
ENSMUST00000004375.15|ENSMUSG00000004264|Phb2	Phb2	chr6	+	0	0		0		0		no
ENSMUST00000112484.9|ENSMUSG00000004266|Ptpn6	Ptpn6	chr6	-	0	0		0		0		no
ENSMUST00000129411.6|ENSMUSG00000107478|Gm45234	Gm45234	chr6	-	0	0		0		0		no
ENSMUST00000088357.11|ENSMUSG00000004263|Atn1	Atn1	chr6	-	0	0		0		0		no
ENSMUST00000172132.9|ENSMUSG00000023456|Tpi1	Tpi1	chr6	-	0	0		0		0		no
ENSMUST00000047510.9|ENSMUSG00000038429|Usp5	Usp5	chr6	-	0	0		0		0		no
ENSMUST00000024270.13|ENSMUSG00000023505|Cdca3	Cdca3	chr6	+	0	0		0		0		no
ENSMUST00000135127.7|ENSMUSG00000023191|P3h3	P3h3	chr6	-	0	0		0		0		no
ENSMUST00000024044.6|ENSMUSG00000023274|Cd4	Cd4	chr6	-	0	0		0		0		no
ENSMUST00000032216.6|ENSMUSG00000030122|Ptms	Ptms	chr6	-	0	0		0		0		no
ENSMUST00000180095.3|ENSMUSG00000030120|Mlf2	Mlf2	chr6	+	0	0		0		0		no
ENSMUST00000032220.14|ENSMUSG00000030127|Cops7a	Cops7a	chr6	-	0	0		0		0		no
ENSMUST00000046064.16|ENSMUSG00000038346|Zfp384	Zfp384	chr6	+	0	0		0		0		no
ENSMUST00000112417.8|ENSMUSG00000030330|Ing4	Ing4	chr6	+	0	0		0		0		no
ENSMUST00000056889.14|ENSMUSG00000063870|Chd4	Chd4	chr6	+	0	0		0		0		no
ENSMUST00000188762.6|ENSMUSG00000038252|Ncapd2	Ncapd2	chr6	-	0	0		0		0		no
ENSMUST00000032485.6|ENSMUSG00000030335|Mrpl51	Mrpl51	chr6	+	0	0		0		0		no
ENSMUST00000043422.7|ENSMUSG00000038213|Tapbpl	Tapbpl	chr6	-	0	0		0		0		no
ENSMUST00000032489.7|ENSMUSG00000030339|Ltbr	Ltbr	chr6	-	0	0		0		0		no
ENSMUST00000032492.8|ENSMUSG00000030342|Cd9	Cd9	chr6	-	1	1	0.0055887998673729	43	chr6:125460450-125460500(fdr=5.59e-03)	1	chr6:125460450-125460500(fdr=5.59e-03)	yes
ENSMUST00000147101.1|ENSMUSG00000001930|Vwf	Vwf	chr6	+	0	0		0		0		no
ENSMUST00000205002.2|ENSMUSG00000000399|Ndufa9	Ndufa9	chr6	-	0	0		0		0		no
ENSMUST00000032497.6|ENSMUSG00000030347|D6Wsu163e	D6Wsu163e	chr6	+	0	0		0		0		no
ENSMUST00000000188.11|ENSMUSG00000000184|Ccnd2	Ccnd2	chr6	-	0	0		0		0		no
ENSMUST00000144115.7|ENSMUSG00000037997|Parp11	Parp11	chr6	+	0	0		0		0		no
ENSMUST00000032500.8|ENSMUSG00000030350|Prmt8	Prmt8	chr6	-	0	0		0		0		no
ENSMUST00000032501.5|ENSMUSG00000030351|Tspan11	Tspan11	chr6	+	0	0		0		0		no
ENSMUST00000112173.7|ENSMUSG00000030352|Tspan9	Tspan9	chr6	-	0	0		0		0		no
ENSMUST00000112152.7|ENSMUSG00000048668|Rhno1	Rhno1	chr6	-	0	0		0		0		no
ENSMUST00000073316.12|ENSMUSG00000001517|Foxm1	Foxm1	chr6	+	0	0		0		0		no
ENSMUST00000147155.7|ENSMUSG00000001520|Nrip2	Nrip2	chr6	+	0	0		0		0		no
ENSMUST00000032508.10|ENSMUSG00000030357|Fkbp4	Fkbp4	chr6	-	0	0		0		0		no
ENSMUST00000065289.5|ENSMUSG00000053063|Clec12a	Clec12a	chr6	+	0	0		0		0		no
ENSMUST00000204952.1|ENSMUSG00000033082|Clec1a	Clec1a	chr6	-	0	0		0		0		no
ENSMUST00000195589.5|ENSMUSG00000079293|Clec7a	Clec7a	chr6	-	0	0		0		0		no
ENSMUST00000032264.8|ENSMUSG00000030161|Gabarapl1	Gabarapl1	chr6	+	0	0		0		0		no
ENSMUST00000032309.12|ENSMUSG00000030189|Ybx3	Ybx3	chr6	-	0	0		0		0		no
ENSMUST00000187237.1|ENSMUSG00000072704|Smim10l1	Smim10l1	chr6	+	0	0		0		0		no
ENSMUST00000111963.7|ENSMUSG00000030199|Etv6	Etv6	chr6	+	0	0		0		0		no
ENSMUST00000032322.14|ENSMUSG00000030201|Lrp6	Lrp6	chr6	-	0	0		0		0		no
ENSMUST00000062755.9|ENSMUSG00000042992|Borcs5	Borcs5	chr6	+	0	0		0		0		no
ENSMUST00000067327.10|ENSMUSG00000003031|Cdkn1b	Cdkn1b	chr6	+	0	0		0		0		no
ENSMUST00000167323.2|ENSMUSG00000090698|Apold1	Apold1	chr6	+	0	0		0		0		no
ENSMUST00000111915.7|ENSMUSG00000030207|Fam234b	Fam234b	chr6	+	0	0		0		0		no
ENSMUST00000032335.12|ENSMUSG00000030213|Atf7ip	Atf7ip	chr6	+	0	0		0		0		no
ENSMUST00000074556.6|ENSMUSG00000060032|H2aj	H2aj	chr6	+	0	0		0		0		no
ENSMUST00000204272.2|ENSMUSG00000030216|Wbp11	Wbp11	chr6	-	0	0		0		0		no
ENSMUST00000068293.3|ENSMUSG00000043298|Smco3	Smco3	chr6	-	0	0		0		0		no
ENSMUST00000032341.2|ENSMUSG00000030217|Art4	Art4	chr6	-	0	0		0		0		no
ENSMUST00000032342.2|ENSMUSG00000030218|Mgp	Mgp	chr6	-	0	0		0		0		no
ENSMUST00000111892.7|ENSMUSG00000030220|Arhgdib	Arhgdib	chr6	-	0	0		0		0		no
ENSMUST00000032347.10|ENSMUSG00000030222|Rerg	Rerg	chr6	-	0	0		0		0		no
ENSMUST00000058210.12|ENSMUSG00000015766|Eps8	Eps8	chr6	-	0	0		0		0		no
ENSMUST00000064910.6|ENSMUSG00000030224|Strap	Strap	chr6	+	0	0		0		0		no
ENSMUST00000203507.1|ENSMUSG00000030225|Dera	Dera	chr6	+	0	0		0		0		no
ENSMUST00000160050.1|ENSMUSG00000030226|Lmo3	Lmo3	chr6	-	0	0		0		0		no
ENSMUST00000204145.2|ENSMUSG00000030231|Plekha5	Plekha5	chr6	+	0	0		0		0		no
ENSMUST00000032359.14|ENSMUSG00000030232|Aebp2	Aebp2	chr6	+	0	0		0		0		no
ENSMUST00000043259.9|ENSMUSG00000041741|Pde3a	Pde3a	chr6	+	0	0		0		0		no
ENSMUST00000204998.2|ENSMUSG00000030235|Slco1c1	Slco1c1	chr6	+	0	0		0		0		no
ENSMUST00000165990.7|ENSMUSG00000030237|Slco1a4	Slco1a4	chr6	-	0	0		0		0		no
ENSMUST00000041852.7|ENSMUSG00000041671|Pyroxd1	Pyroxd1	chr6	+	0	0		0		0		no
ENSMUST00000032372.6|ENSMUSG00000030245|Golt1b	Golt1b	chr6	+	0	0		0		0		no
ENSMUST00000130817.2|ENSMUSG00000030246|Ldhb	Ldhb	chr6	-	0	0		0		0		no
ENSMUST00000032374.8|ENSMUSG00000030247|Kcnj8	Kcnj8	chr6	-	0	0		0		0		no
ENSMUST00000144920.3|ENSMUSG00000030282|Cmas	Cmas	chr6	+	0	0		0		0		no
ENSMUST00000205119.2|ENSMUSG00000030279|C2cd5	C2cd5	chr6	-	0	0		0		0		no
ENSMUST00000032413.6|ENSMUSG00000030275|Etnk1	Etnk1	chr6	+	0	0		0		0		no
ENSMUST00000038815.13|ENSMUSG00000041540|Sox5	Sox5	chr6	-	0	0		0		0		no
ENSMUST00000032402.11|ENSMUSG00000030268|Bcat1	Bcat1	chr6	-	0	0		0		0		no
ENSMUST00000039729.4|ENSMUSG00000040370|Etfrf1	Etfrf1	chr6	+	0	0		0		0		no
ENSMUST00000156486.1|ENSMUSG00000030265|Kras	Kras	chr6	-	0	0		0		0		no
ENSMUST00000111704.7|ENSMUSG00000030259|Rassf8	Rassf8	chr6	+	0	0		0		0		no
ENSMUST00000032386.10|ENSMUSG00000030256|Bhlhe41	Bhlhe41	chr6	-	0	0		0		0		no
ENSMUST00000111702.7|ENSMUSG00000030255|Sspn	Sspn	chr6	+	0	0		0		0		no
ENSMUST00000139732.3|ENSMUSG00000030287|Itpr2	Itpr2	chr6	-	0	0		0		0		no
ENSMUST00000139979.7|ENSMUSG00000040250|Ints13	Ints13	chr6	-	0	0		0		0		no
ENSMUST00000067404.12|ENSMUSG00000040242|Fgfr1op2	Fgfr1op2	chr6	+	0	0		0		0		no
ENSMUST00000127529.1|ENSMUSG00000040234|Tm7sf3	Tm7sf3	chr6	-	0	0		0		0		no
ENSMUST00000204040.1|ENSMUSG00000030291|Med21	Med21	chr6	+	0	0		0		0		no
ENSMUST00000001675.13|ENSMUSG00000001630|Stk38l	Stk38l	chr6	+	0	0		0		0		no
ENSMUST00000016631.13|ENSMUSG00000016487|Ppfibp1	Ppfibp1	chr6	+	0	0		0		0		no
ENSMUST00000036003.7|ENSMUSG00000040102|Klhl42	Klhl42	chr6	+	0	0		0		0		no
ENSMUST00000052296.8|ENSMUSG00000048776|Pthlh	Pthlh	chr6	-	0	0		0		0		no
ENSMUST00000032441.13|ENSMUSG00000030301|Ccdc91	Ccdc91	chr6	+	0	0		0		0		no
ENSMUST00000111607.3|ENSMUSG00000030303|Far2	Far2	chr6	+	0	0		0		0		no
ENSMUST00000032446.11|ENSMUSG00000030304|Ergic2	Ergic2	chr6	-	0	0		0		0		no
ENSMUST00000140797.3|ENSMUSG00000030306|Tmtc1	Tmtc1	chr6	-	0	0		0		0		no
ENSMUST00000204936.1|ENSMUSG00000040029|Ipo8	Ipo8	chr6	-	0	0		0		0		no
ENSMUST00000204119.2|ENSMUSG00000039985|Sinhcaf	Sinhcaf	chr6	-	0	0		0		0		no
ENSMUST00000203566.2|ENSMUSG00000068566|Myadm	Myadm	chr7	+	0	0		0		0		no
ENSMUST00000203081.1|ENSMUSG00000078816|Prkcg	Prkcg	chr7	+	0	0		0		0		no
ENSMUST00000134683.1|ENSMUSG00000035674|Ndufa3	Ndufa3	chr7	+	0	0		0		0		no
ENSMUST00000153143.1|ENSMUSG00000006335|Tfpt	Tfpt	chr7	-	0	0		0		0		no
ENSMUST00000125782.7|ENSMUSG00000008373|Prpf31	Prpf31	chr7	+	0	0		0		0		no
ENSMUST00000135977.7|ENSMUSG00000035632|Cnot3	Cnot3	chr7	+	0	0		0		0		no
ENSMUST00000019878.7|ENSMUSG00000078813|Leng1	Leng1	chr7	-	0	0		0		0		no
ENSMUST00000145034.2|ENSMUSG00000019734|Tmc4	Tmc4	chr7	-	0	0		0		0		no
ENSMUST00000127106.7|ENSMUSG00000035596|Mboat7	Mboat7	chr7	-	0	0		0		0		no
ENSMUST00000155060.7|ENSMUSG00000035585|Tsen34	Tsen34	chr7	+	0	0		0		0		no
ENSMUST00000108623.7|ENSMUSG00000006333|Rps9	Rps9	chr7	+	0	0		0		0		no
ENSMUST00000032594.12|ENSMUSG00000030428|Ttyh1	Ttyh1	chr7	+	2	1	0.0068739434670537	100	chr7:4133900-4133950(fdr=6.87e-03);chr7:4134000-4134050(fdr=6.35e-02)	0		yes
ENSMUST00000037472.12|ENSMUSG00000035545|Leng8	Leng8	chr7	+	0	0		0		0		no
ENSMUST00000119485.7|ENSMUSG00000008435|Rdh13	Rdh13	chr7	-	0	0		0		0		no
ENSMUST00000125220.2|ENSMUSG00000019254|Ppp1r12c	Ppp1r12c	chr7	-	0	0		0		0		no
ENSMUST00000094897.4|ENSMUSG00000055809|Dnaaf3	Dnaaf3	chr7	-	0	0		0		0		no
ENSMUST00000065957.6|ENSMUSG00000004961|Syt5	Syt5	chr7	-	0	0		0		0		no
ENSMUST00000064099.7|ENSMUSG00000052296|Ppp6r1	Ppp6r1	chr7	-	0	0		0		0		no
ENSMUST00000079970.5|ENSMUSG00000063802|Hspbp1	Hspbp1	chr7	-	0	0		0		0		no
ENSMUST00000048248.8|ENSMUSG00000035390|Brsk1	Brsk1	chr7	+	0	0		0		0		no
ENSMUST00000086364.10|ENSMUSG00000046456|Tmem150b	Tmem150b	chr7	-	0	0		0		0		no
ENSMUST00000160480.1|ENSMUSG00000059851|Kmt5c	Kmt5c	chr7	+	0	0		0		0		no
ENSMUST00000183334.7|ENSMUSG00000051811|Cox6b2	Cox6b2	chr7	-	0	0		0		0		no
ENSMUST00000094892.11|ENSMUSG00000004371|Il11	Il11	chr7	-	0	0		0		0		no
ENSMUST00000168578.2|ENSMUSG00000030431|Tmem238	Tmem238	chr7	-	0	0		0		0		no
ENSMUST00000032597.11|ENSMUSG00000030432|Rpl28	Rpl28	chr7	+	0	0		0		0		no
ENSMUST00000064547.12|ENSMUSG00000052605|Isoc2b	Isoc2b	chr7	-	0	0		0		0		no
ENSMUST00000047309.5|ENSMUSG00000035285|Nat14	Nat14	chr7	+	0	0		0		0		no
ENSMUST00000162731.1|ENSMUSG00000051550|Zfp579	Zfp579	chr7	-	0	0		0		0		no
ENSMUST00000167804.8|ENSMUSG00000061374|Fiz1	Fiz1	chr7	-	0	0		0		0		no
ENSMUST00000076251.6|ENSMUSG00000074405|Zfp865	Zfp865	chr7	+	0	0		0		0		no
ENSMUST00000076791.3|ENSMUSG00000116184|4632433K11Rik	4632433K11Rik	chr7	+	0	0		0		0		no
ENSMUST00000062428.4|ENSMUSG00000043290|Zfp784	Zfp784	chr7	-	0	0		0		0		no
ENSMUST00000069324.6|ENSMUSG00000055633|Zfp580	Zfp580	chr7	+	0	0		0		0		no
ENSMUST00000098845.9|ENSMUSG00000035203|Epn1	Epn1	chr7	+	0	0		0		0		no
ENSMUST00000094870.2|ENSMUSG00000046792|Zfp787	Zfp787	chr7	-	0	0		0		0		no
ENSMUST00000108567.8|ENSMUSG00000044876|Zfp444	Zfp444	chr7	+	0	0		0		0		no
ENSMUST00000207314.1|ENSMUSG00000055150|Zfp78	Zfp78	chr7	+	0	0		0		0		no
ENSMUST00000239104.1|ENSMUSG00000002265|Peg3	Peg3	chr7	-	0	0		0		0		no
ENSMUST00000056246.7|ENSMUSG00000062116|Zfp954	Zfp954	chr7	-	0	0		0		0		no
ENSMUST00000074455.8|ENSMUSG00000066838|Zfp772	Zfp772	chr7	-	0	0		0		0		no
ENSMUST00000211433.1|ENSMUSG00000095730|Vmn2r29	Vmn2r29	chr7	-	0	0		0		0		no
ENSMUST00000211574.1|ENSMUSG00000000605|Clcn4	Clcn4	chr7	-	0	0		0		0		no
ENSMUST00000032551.7|ENSMUSG00000030393|Zik1	Zik1	chr7	-	0	0		0		0		no
ENSMUST00000004614.14|ENSMUSG00000058638|Zfp110	Zfp110	chr7	+	0	0		0		0		no
ENSMUST00000144578.1|ENSMUSG00000060397|Zfp128	Zfp128	chr7	+	0	0		0		0		no
ENSMUST00000117189.1|ENSMUSG00000054715|Zscan22	Zscan22	chr7	+	0	0		0		0		no
ENSMUST00000045810.14|ENSMUSG00000033961|Zfp446	Zfp446	chr7	+	0	0		0		0		no
ENSMUST00000210282.1|ENSMUSG00000049600|Zbtb45	Zbtb45	chr7	-	0	0		0		0		no
ENSMUST00000165394.8|ENSMUSG00000005575|Ube2m	Ube2m	chr7	-	0	0		0		0		no
ENSMUST00000119558.7|ENSMUSG00000070814|Zswim9	Zswim9	chr7	-	0	0		0		0		no
ENSMUST00000044355.9|ENSMUSG00000041571|Selenow	Selenow	chr7	-	0	0		0		0		no
ENSMUST00000044158.12|ENSMUSG00000041560|Nop53	Nop53	chr7	-	0	0		0		0		no
ENSMUST00000098799.4|ENSMUSG00000074364|Ehd2	Ehd2	chr7	-	0	0		0		0		no
ENSMUST00000127637.7|ENSMUSG00000006024|Napa	Napa	chr7	+	0	0		0		0		no
ENSMUST00000006178.4|ENSMUSG00000006021|Kptn	Kptn	chr7	+	0	0		0		0		no
ENSMUST00000176446.1|ENSMUSG00000041420|Meis3	Meis3	chr7	+	0	0		0		0		no
ENSMUST00000050770.5|ENSMUSG00000049130|C5ar1	C5ar1	chr7	-	0	0		0		0		no
ENSMUST00000169612.2|ENSMUSG00000091811|Inafm1	Inafm1	chr7	-	0	0		0		0		no
ENSMUST00000002152.12|ENSMUSG00000002083|Bbc3	Bbc3	chr7	+	0	0		0		0		no
ENSMUST00000210999.1|ENSMUSG00000052833|Sae1	Sae1	chr7	-	0	0		0		0		no
ENSMUST00000209289.1|ENSMUSG00000059273|Zc3h4	Zc3h4	chr7	+	0	0		0		0		no
ENSMUST00000209536.1|ENSMUSG00000019158|Tmem160	Tmem160	chr7	+	0	0		0		0		no
ENSMUST00000075845.10|ENSMUSG00000058230|Arhgap35	Arhgap35	chr7	-	0	0		0		0		no
ENSMUST00000108496.8|ENSMUSG00000001918|Slc1a5	Slc1a5	chr7	+	0	0		0		0		no
ENSMUST00000061390.8|ENSMUSG00000048920|Fkrp	Fkrp	chr7	-	0	0		0		0		no
ENSMUST00000185011.7|ENSMUSG00000030374|Strn4	Strn4	chr7	+	0	0		0		0		no
ENSMUST00000086104.5|ENSMUSG00000041187|Prkd2	Prkd2	chr7	+	0	0		0		0		no
ENSMUST00000108493.2|ENSMUSG00000078794|Dact3	Dact3	chr7	+	0	0		0		0		no
ENSMUST00000086101.5|ENSMUSG00000043017|Ptgir	Ptgir	chr7	+	0	0		0		0		no
ENSMUST00000019514.9|ENSMUSG00000019370|Calm3	Calm3	chr7	-	0	0		0		0		no
ENSMUST00000094807.5|ENSMUSG00000070802|Pnmal2	Pnmal2	chr7	+	0	0		0		0		no
ENSMUST00000038163.7|ENSMUSG00000041141|Pnmal1	Pnmal1	chr7	+	0	0		0		0		no
ENSMUST00000094805.4|ENSMUSG00000041117|Ccdc8	Ccdc8	chr7	+	0	0		0		0		no
ENSMUST00000003183.11|ENSMUSG00000003099|Ppp5c	Ppp5c	chr7	-	0	0		0		0		no
ENSMUST00000135467.7|ENSMUSG00000074358|Ccdc61	Ccdc61	chr7	-	0	0		0		0		no
ENSMUST00000032571.9|ENSMUSG00000030411|Nova2	Nova2	chr7	+	0	0		0		0		no
ENSMUST00000131087.1|ENSMUSG00000048481|Mypop	Mypop	chr7	+	0	0		0		0		no
ENSMUST00000053713.4|ENSMUSG00000044030|Irf2bp1	Irf2bp1	chr7	+	0	0		0		0		no
ENSMUST00000032570.13|ENSMUSG00000030410|Dmwd	Dmwd	chr7	+	0	0		0		2	chr7:19082350-19082400(fdr=3.03e-03);chr7:19082400-19082450(fdr=3.10e-04)	no
ENSMUST00000154199.7|ENSMUSG00000030409|Dmpk	Dmpk	chr7	+	0	0		0		0		no
ENSMUST00000049454.5|ENSMUSG00000040841|Six5	Six5	chr7	+	0	0		0		0		no
ENSMUST00000053109.4|ENSMUSG00000050428|Fbxo46	Fbxo46	chr7	+	0	0		0		0		no
ENSMUST00000032566.2|ENSMUSG00000030407|Qpctl	Qpctl	chr7	-	0	0		0		0		no
ENSMUST00000049294.3|ENSMUSG00000040824|Snrpd2	Snrpd2	chr7	+	0	0		0		0		no
ENSMUST00000148246.7|ENSMUSG00000040811|Eml2	Eml2	chr7	+	0	0		0		0		no
ENSMUST00000060225.5|ENSMUSG00000044317|Gpr4	Gpr4	chr7	+	0	0		0		0		no
ENSMUST00000063976.8|ENSMUSG00000052214|Opa3	Opa3	chr7	+	0	0		0		0		no
ENSMUST00000032561.8|ENSMUSG00000030403|Vasp	Vasp	chr7	-	0	0		0		0		no
ENSMUST00000032559.16|ENSMUSG00000030401|Rtn2	Rtn2	chr7	+	0	0		0		0		no
ENSMUST00000208505.1|ENSMUSG00000003545|Fosb	Fosb	chr7	-	0	0		0		0		no
ENSMUST00000177486.1|ENSMUSG00000003549|Ercc1	Ercc1	chr7	+	0	0		0		0		no
ENSMUST00000047036.9|ENSMUSG00000047649|Cd3eap	Cd3eap	chr7	-	0	0		0		0		no
ENSMUST00000047621.13|ENSMUSG00000040734|Ppp1r13l	Ppp1r13l	chr7	+	0	0		0		0		no
ENSMUST00000062831.15|ENSMUSG00000030400|Ercc2	Ercc2	chr7	+	0	0		0		0		no
ENSMUST00000108458.9|ENSMUSG00000040714|Klc3	Klc3	chr7	-	0	0		0		0		no
ENSMUST00000209058.1|ENSMUSG00000030397|Mark4	Mark4	chr7	-	0	0		0		0		no
ENSMUST00000137613.8|ENSMUSG00000011263|Exoc3l2	Exoc3l2	chr7	+	0	0		0		0		no
ENSMUST00000077408.7|ENSMUSG00000057667|Bloc1s3	Bloc1s3	chr7	-	0	0		0		0		no
ENSMUST00000147114.1|ENSMUSG00000002043|Trappc6a	Trappc6a	chr7	+	0	0		0		0		no
ENSMUST00000058444.9|ENSMUSG00000051403|Ppp1r37	Ppp1r37	chr7	-	0	0		0		0		no
ENSMUST00000117222.1|ENSMUSG00000044709|Gemin7	Gemin7	chr7	-	0	0		0		0		no
ENSMUST00000207663.1|ENSMUSG00000061028|Clasrp	Clasrp	chr7	-	0	0		0		0		no
ENSMUST00000208087.1|ENSMUSG00000002983|Relb	Relb	chr7	-	0	0		0		0		no
ENSMUST00000055242.10|ENSMUSG00000002981|Clptm1	Clptm1	chr7	-	0	0		0		0		no
ENSMUST00000174064.8|ENSMUSG00000002985|Apoe	Apoe	chr7	-	0	0		0		0		no
ENSMUST00000093552.11|ENSMUSG00000002984|Tomm40	Tomm40	chr7	-	0	0		0		0		no
ENSMUST00000075447.13|ENSMUSG00000062300|Nectin2	Nectin2	chr7	-	0	0		0		0		no
ENSMUST00000133427.1|ENSMUSG00000002980|Bcam	Bcam	chr7	-	0	0		0		0		no
ENSMUST00000135609.7|ENSMUSG00000053175|Bcl3	Bcl3	chr7	-	0	0		0		0		no
ENSMUST00000172815.3|ENSMUSG00000092216|Gm19345	Gm19345	chr7	+	0	0		0		0		no
ENSMUST00000043517.7|ENSMUSG00000040511|Pvr	Pvr	chr7	-	0	0		0		0		no
ENSMUST00000206184.1|ENSMUSG00000057101|Zfp180	Zfp180	chr7	+	0	0		0		0		no
ENSMUST00000056549.8|ENSMUSG00000047603|Zfp235	Zfp235	chr7	+	0	0		0		0		no
ENSMUST00000086006.11|ENSMUSG00000087598|Zfp111	Zfp111	chr7	-	0	0		0		0		no
ENSMUST00000108438.9|ENSMUSG00000055305|Zfp93	Zfp93	chr7	+	0	0		0		0		no
ENSMUST00000108436.7|ENSMUSG00000074282|Zfp94	Zfp94	chr7	-	0	0		0		0		no
ENSMUST00000002280.10|ENSMUSG00000002210|Smg9	Smg9	chr7	+	0	0		0		0		no
ENSMUST00000068023.7|ENSMUSG00000054793|Cadm4	Cadm4	chr7	+	0	0		0		0		no
ENSMUST00000234781.1|ENSMUSG00000117477|Gm50092	Gm50092	chr7	-	0	0		0		0		no
ENSMUST00000049020.8|ENSMUSG00000041037|Irgq	Irgq	chr7	+	0	0		0		0		no
ENSMUST00000170837.2|ENSMUSG00000091955|Gm9844	Gm9844	chr7	+	0	0		0		0		no
ENSMUST00000129847.7|ENSMUSG00000040952|Rps19	Rps19	chr7	+	0	0		0		0		no
ENSMUST00000003469.7|ENSMUSG00000003379|Cd79a	Cd79a	chr7	+	0	0		0		0		no
ENSMUST00000206508.1|ENSMUSG00000040940|Arhgef1	Arhgef1	chr7	+	0	0		0		0		no
ENSMUST00000205328.1|ENSMUSG00000003378|Grik5	Grik5	chr7	-	0	0		0		0		no
ENSMUST00000179556.1|ENSMUSG00000045252|Zfp574	Zfp574	chr7	+	0	0		0		0		no
ENSMUST00000175774.8|ENSMUSG00000008496|Pou2f2	Pou2f2	chr7	-	0	0		0		0		no
ENSMUST00000058702.6|ENSMUSG00000054499|Dedd2	Dedd2	chr7	-	0	0		0		0		no
ENSMUST00000071739.11|ENSMUSG00000057177|Gsk3a	Gsk3a	chr7	-	0	0		0		0		no
ENSMUST00000169266.7|ENSMUSG00000005442|Cic	Cic	chr7	+	0	0		0		0		no
ENSMUST00000128119.1|ENSMUSG00000045039|Megf8	Megf8	chr7	+	0	0		0		0		no
ENSMUST00000205923.1|ENSMUSG00000003123|Lipe	Lipe	chr7	-	0	0		0		0		no
ENSMUST00000206940.1|ENSMUSG00000059479|B3gnt8	B3gnt8	chr7	+	0	0		0		0		no
ENSMUST00000205808.1|ENSMUSG00000060376|Bckdha	Bckdha	chr7	-	0	0		0		0		no
ENSMUST00000079439.9|ENSMUSG00000061702|Tmem91	Tmem91	chr7	-	0	0		0		0		no
ENSMUST00000205658.1|ENSMUSG00000063439|B9d2	B9d2	chr7	+	0	0		0		0		no
ENSMUST00000169009.7|ENSMUSG00000002603|Tgfb1	Tgfb1	chr7	+	0	0		0		0		no
ENSMUST00000002683.2|ENSMUSG00000002608|Ccdc97	Ccdc97	chr7	-	0	0		0		0		no
ENSMUST00000206832.1|ENSMUSG00000040725|Hnrnpul1	Hnrnpul1	chr7	-	0	0		0		0		no
ENSMUST00000002677.10|ENSMUSG00000002602|Axl	Axl	chr7	-	0	0		0		0		no
ENSMUST00000003100.9|ENSMUSG00000052974|Cyp2f2	Cyp2f2	chr7	+	0	0		0		0		no
ENSMUST00000080058.10|ENSMUSG00000058709|Egln2	Egln2	chr7	-	0	0		0		0		no
ENSMUST00000153511.7|ENSMUSG00000053291|Rab4b	Rab4b	chr7	-	0	0		0		0		no
ENSMUST00000154724.1|ENSMUSG00000095538|Gm21983	Gm21983	chr7	-	0	0		0		0		no
ENSMUST00000003850.7|ENSMUSG00000003752|Itpkc	Itpkc	chr7	-	0	0		0		0		no
ENSMUST00000128090.7|ENSMUSG00000003762|Coq8b	Coq8b	chr7	+	0	0		0		0		no
ENSMUST00000079258.6|ENSMUSG00000063160|Numbl	Numbl	chr7	+	0	0		0		0		no
ENSMUST00000038618.12|ENSMUSG00000040488|Ltbp4	Ltbp4	chr7	-	0	0		0		0		no
ENSMUST00000126587.1|ENSMUSG00000092367|Gm20479	Gm20479	chr7	-	0	0		0		0		no
ENSMUST00000108362.7|ENSMUSG00000011751|Sptbn4	Sptbn4	chr7	-	0	0		0		0		no
ENSMUST00000037399.15|ENSMUSG00000040466|Blvrb	Blvrb	chr7	+	0	0		0		0		no
ENSMUST00000068641.7|ENSMUSG00000055200|Sertad3	Sertad3	chr7	+	0	0		0		0		no
ENSMUST00000008528.7|ENSMUSG00000008384|Sertad1	Sertad1	chr7	+	0	0		0		0		no
ENSMUST00000131106.7|ENSMUSG00000003363|Pld3	Pld3	chr7	-	0	0		0		0		no
ENSMUST00000067386.13|ENSMUSG00000049643|2310022A10Rik	2310022A10Rik	chr7	+	0	0		0		0		no
ENSMUST00000108344.8|ENSMUSG00000004056|Akt2	Akt2	chr7	+	0	0		0		0		no
ENSMUST00000008088.8|ENSMUSG00000007944|Ttc9b	Ttc9b	chr7	+	0	0		0		0		no
ENSMUST00000036453.13|ENSMUSG00000040390|Map3k10	Map3k10	chr7	-	0	0		0		0		no
ENSMUST00000205701.1|ENSMUSG00000078779|Zfp59	Zfp59	chr7	+	0	0		0		0		no
ENSMUST00000085901.12|ENSMUSG00000002409|Dyrk1b	Dyrk1b	chr7	+	0	0		0		0		no
ENSMUST00000059596.7|ENSMUSG00000046058|Eid2	Eid2	chr7	+	0	0		0		0		no
ENSMUST00000094651.3|ENSMUSG00000070705|Eid2b	Eid2b	chr7	+	0	0		0		0		no
ENSMUST00000108315.3|ENSMUSG00000003436|Dll3	Dll3	chr7	-	0	0		0		0		no
ENSMUST00000081946.4|ENSMUSG00000003438|Timm50	Timm50	chr7	-	0	0		0		0		no
ENSMUST00000082134.5|ENSMUSG00000037563|Rps16	Rps16	chr7	+	0	0		0		0		no
ENSMUST00000051241.6|ENSMUSG00000044786|Zfp36	Zfp36	chr7	-	0	0		0		0		no
ENSMUST00000003536.8|ENSMUSG00000003444|Med29	Med29	chr7	-	0	0		0		0		no
ENSMUST00000207766.1|ENSMUSG00000109336|Samd4b	Samd4b	chr7	-	0	0		0		0		no
ENSMUST00000108288.8|ENSMUSG00000030600|Lrfn1	Lrfn1	chr7	+	0	0		0		0		no
ENSMUST00000108283.7|ENSMUSG00000030602|Pak4	Pak4	chr7	-	0	0		0		0		no
ENSMUST00000039998.10|ENSMUSG00000037463|Fbxo27	Fbxo27	chr7	+	0	0		0		0		no
ENSMUST00000032818.12|ENSMUSG00000030598|Fbxo17	Fbxo17	chr7	+	0	0		0		0		no
ENSMUST00000171183.1|ENSMUSG00000045948|Mrps12	Mrps12	chr7	-	0	0		0		0		no
ENSMUST00000170068.8|ENSMUSG00000015149|Sirt2	Sirt2	chr7	+	3	3	5.3742166033004497e-11	118	chr7:28788350-28788400(fdr=5.37e-11);chr7:28788400-28788450(fdr=2.03e-04);chr7:28788500-28788550(fdr=9.08e-03)	7	chr7:28788050-28788100(fdr=1.05e-03);chr7:28788100-28788150(fdr=1.35e-04);chr7:28788150-28788200(fdr=5.62e-05);chr7:28788200-28788250(fdr=8.76e-04);chr7:28788250-28788300(fdr=3.32e-08);chr7:28788300-28788350(fdr=2.13e-08)	yes
ENSMUST00000059857.7|ENSMUSG00000051735|Rinl	Rinl	chr7	+	0	0		0		0		no
ENSMUST00000066880.5|ENSMUSG00000054083|Capn12	Capn12	chr7	+	0	0		0		0		no
ENSMUST00000068045.13|ENSMUSG00000054808|Actn4	Actn4	chr7	-	0	0		0		0		no
ENSMUST00000208707.1|ENSMUSG00000053565|Eif3k	Eif3k	chr7	-	0	0		0		0		no
ENSMUST00000085818.5|ENSMUSG00000046410|Kcnk6	Kcnk6	chr7	-	0	0		0		0		no
ENSMUST00000142519.2|ENSMUSG00000030588|Yif1b	Yif1b	chr7	+	0	0		0		0		no
ENSMUST00000032808.5|ENSMUSG00000030587|2200002D01Rik	2200002D01Rik	chr7	-	0	0		0		0		no
ENSMUST00000048187.5|ENSMUSG00000037166|Ppp1r14a	Ppp1r14a	chr7	+	0	0		0		0		no
ENSMUST00000049977.12|ENSMUSG00000030584|Dpf1	Dpf1	chr7	+	0	0		0		0		no
ENSMUST00000183330.7|ENSMUSG00000030583|Sipa1l3	Sipa1l3	chr7	-	0	0		0		0		no
ENSMUST00000032802.4|ENSMUSG00000046185|Zfp84	Zfp84	chr7	+	0	0		0		0		no
ENSMUST00000178162.2|ENSMUSG00000011427|Zfp790	Zfp790	chr7	+	0	0		0		0		no
ENSMUST00000057652.6|ENSMUSG00000058402|Zfp420	Zfp420	chr7	+	0	0		0		0		no
ENSMUST00000162592.7|ENSMUSG00000062040|Zfp27	Zfp27	chr7	-	0	0		0		0		no
ENSMUST00000207873.1|ENSMUSG00000053985|Zfp14	Zfp14	chr7	-	0	0		0		0		no
ENSMUST00000050735.11|ENSMUSG00000049421|Zfp260	Zfp260	chr7	+	0	0		0		0		no
ENSMUST00000062181.8|ENSMUSG00000037029|Zfp146	Zfp146	chr7	-	0	0		0		0		no
ENSMUST00000001845.12|ENSMUSG00000001794|Capns1	Capns1	chr7	-	0	0		0		0		no
ENSMUST00000145027.7|ENSMUSG00000037020|Wdr62	Wdr62	chr7	-	0	0		0		0		no
ENSMUST00000014065.15|ENSMUSG00000013921|Clip3	Clip3	chr7	+	0	0		0		0		no
ENSMUST00000137550.1|ENSMUSG00000042831|Alkbh6	Alkbh6	chr7	+	0	0		0		0		no
ENSMUST00000098586.4|ENSMUSG00000074211|Sdhaf1	Sdhaf1	chr7	-	0	0		0		0		no
ENSMUST00000108176.8|ENSMUSG00000036931|Nfkbid	Nfkbid	chr7	+	0	0		0		0		no
ENSMUST00000006828.8|ENSMUSG00000006651|Aplp1	Aplp1	chr7	-	1	1	0.0202224495443354	50	chr7:30435000-30435050(fdr=2.02e-02)	0		yes
ENSMUST00000045817.13|ENSMUSG00000036915|Kirrel2	Kirrel2	chr7	-	0	0		0		0		no
ENSMUST00000208522.1|ENSMUSG00000036882|Arhgap33	Arhgap33	chr7	-	0	0		0		0		no
ENSMUST00000108165.7|ENSMUSG00000036864|Proser3	Proser3	chr7	-	0	0		0		0		no
ENSMUST00000044048.7|ENSMUSG00000036854|Hspb6	Hspb6	chr7	+	0	0		0		0		no
ENSMUST00000164365.7|ENSMUSG00000078765|U2af1l4	U2af1l4	chr7	+	0	0		0		0		no
ENSMUST00000108161.8|ENSMUSG00000109378|Gm49396	Gm49396	chr7	+	0	0		0		0		no
ENSMUST00000006470.13|ENSMUSG00000006307|Kmt2b	Kmt2b	chr7	-	0	0		0		0		no
ENSMUST00000075738.5|ENSMUSG00000036751|Cox6b1	Cox6b1	chr7	-	0	0		0		0		no
ENSMUST00000132862.7|ENSMUSG00000078762|Haus5	Haus5	chr7	-	0	0		0		0		no
ENSMUST00000170699.7|ENSMUSG00000058239|Usf2	Usf2	chr7	-	0	0		0		0		no
ENSMUST00000206341.1|ENSMUSG00000036578|Fxyd7	Fxyd7	chr7	-	0	0		0		0		no
ENSMUST00000206328.1|ENSMUSG00000036570|Fxyd1	Fxyd1	chr7	-	0	0		0		0		no
ENSMUST00000164725.2|ENSMUSG00000036560|Lgi4	Lgi4	chr7	+	0	0		0		0		no
ENSMUST00000167369.7|ENSMUSG00000057092|Fxyd3	Fxyd3	chr7	-	0	0		0		0		no
ENSMUST00000211945.1|ENSMUSG00000019194|Scn1b	Scn1b	chr7	-	0	0		0		0		no
ENSMUST00000206233.1|ENSMUSG00000001248|Gramd1a	Gramd1a	chr7	-	0	0		0		0		no
ENSMUST00000140911.3|ENSMUSG00000036459|Wtip	Wtip	chr7	-	0	0		0		0		no
ENSMUST00000175991.7|ENSMUSG00000052997|Uba2	Uba2	chr7	-	0	0		0		0		no
ENSMUST00000205865.1|ENSMUSG00000036427|Gpi1	Gpi1	chr7	-	0	0		0		0		no
ENSMUST00000108074.7|ENSMUSG00000066571|4931406P16Rik	4931406P16Rik	chr7	-	0	0		0		0		no
ENSMUST00000206388.1|ENSMUSG00000066568|Lsm14a	Lsm14a	chr7	-	0	0		0		0		no
ENSMUST00000108069.7|ENSMUSG00000030499|Kctd15	Kctd15	chr7	-	0	0		0		0		no
ENSMUST00000130491.2|ENSMUSG00000056216|Cebpg	Cebpg	chr7	-	0	0		0		0		no
ENSMUST00000205391.1|ENSMUSG00000034957|Cebpa	Cebpa	chr7	+	0	0		0		0		no
ENSMUST00000167441.1|ENSMUSG00000030495|Slc7a10	Slc7a10	chr7	+	0	0		0		0		no
ENSMUST00000122409.7|ENSMUSG00000001802|Lrp3	Lrp3	chr7	-	0	0		0		0		no
ENSMUST00000032705.12|ENSMUSG00000030494|Rhpn2	Rhpn2	chr7	+	0	0		0		0		no
ENSMUST00000032704.11|ENSMUSG00000030493|Faap24	Faap24	chr7	-	0	0		0		0		no
ENSMUST00000040962.5|ENSMUSG00000034875|Nudt19	Nudt19	chr7	-	0	0		0		0		no
ENSMUST00000206472.1|ENSMUSG00000034867|Ankrd27	Ankrd27	chr7	+	0	0		0		0		no
ENSMUST00000144416.1|ENSMUSG00000043671|Dpy19l3	Dpy19l3	chr7	-	0	0		0		0		no
ENSMUST00000061586.10|ENSMUSG00000044452|Zfp507	Zfp507	chr7	-	0	0		0		0		no
ENSMUST00000021641.7|ENSMUSG00000021217|Tshz3	Tshz3	chr7	+	0	0		0		0		no
ENSMUST00000206169.1|ENSMUSG00000030421|Uri1	Uri1	chr7	-	0	0		0		0		no
ENSMUST00000178207.7|ENSMUSG00000054676|1600014C10Rik	1600014C10Rik	chr7	+	0	0		0		0		no
ENSMUST00000098513.5|ENSMUSG00000074170|Plekhf1	Plekhf1	chr7	-	0	0		0		0		no
ENSMUST00000044705.11|ENSMUSG00000039257|Vstm2b	Vstm2b	chr7	+	0	0		0		0		no
ENSMUST00000071804.9|ENSMUSG00000056383|AI987944	AI987944	chr7	-	0	0		0		0		no
ENSMUST00000098508.8|ENSMUSG00000074165|Zfp788	Zfp788	chr7	+	0	0		0		0		no
ENSMUST00000174407.2|ENSMUSG00000092416|Zfp141	Zfp141	chr7	-	0	0		0		0		no
ENSMUST00000145622.7|ENSMUSG00000012640|Zfp715	Zfp715	chr7	-	0	0		0		0		no
ENSMUST00000122423.7|ENSMUSG00000039013|Siglecf	Siglecf	chr7	+	0	0		0		0		no
ENSMUST00000203042.1|ENSMUSG00000070604|Vsig10l	Vsig10l	chr7	+	0	0		0		0		no
ENSMUST00000205503.1|ENSMUSG00000004609|Cd33	Cd33	chr7	-	0	0		0		0		no
ENSMUST00000058104.7|ENSMUSG00000030469|Zfp719	Zfp719	chr7	+	0	0		0		0		no
ENSMUST00000038332.8|ENSMUSG00000038888|Ctu1	Ctu1	chr7	+	0	0		0		0		no
ENSMUST00000055858.13|ENSMUSG00000045411|2410002F23Rik	2410002F23Rik	chr7	+	0	0		0		0		no
ENSMUST00000004587.10|ENSMUSG00000004473|Clec11a	Clec11a	chr7	-	0	0		0		0		no
ENSMUST00000107938.7|ENSMUSG00000038738|Shank1	Shank1	chr7	+	0	0		0		0		no
ENSMUST00000058667.14|ENSMUSG00000047085|Lrrc4b	Lrrc4b	chr7	+	0	0		0		0		no
ENSMUST00000136679.7|ENSMUSG00000038695|Josd2	Josd2	chr7	+	0	0		0		0		no
ENSMUST00000118515.8|ENSMUSG00000008140|Emc10	Emc10	chr7	-	0	0		0		0		no
ENSMUST00000107912.7|ENSMUSG00000060601|Nr1h2	Nr1h2	chr7	-	0	0		0		0		no
ENSMUST00000107899.9|ENSMUSG00000030739|Myh14	Myh14	chr7	-	0	0		0		0		no
ENSMUST00000147952.8|ENSMUSG00000002205|Vrk3	Vrk3	chr7	+	0	0		0		0		no
ENSMUST00000047356.10|ENSMUSG00000038539|Atf5	Atf5	chr7	-	0	0		0		0		no
ENSMUST00000057195.16|ENSMUSG00000109511|Nup62	Nup62	chr7	+	0	0		0		0		no
ENSMUST00000047085.15|ENSMUSG00000038520|Tbc1d17	Tbc1d17	chr7	-	0	0		0		0		no
ENSMUST00000054343.14|ENSMUSG00000011096|Akt1s1	Akt1s1	chr7	+	0	0		0		0		no
ENSMUST00000155050.4|ENSMUSG00000002963|Pnkp	Pnkp	chr7	+	0	0		0		0		no
ENSMUST00000207416.1|ENSMUSG00000038502|Ptov1	Ptov1	chr7	-	0	0		0		0		no
ENSMUST00000208556.1|ENSMUSG00000002968|Med25	Med25	chr7	-	0	0		0		0		no
ENSMUST00000211735.1|ENSMUSG00000038406|Scaf1	Scaf1	chr7	-	0	0		0		0		no
ENSMUST00000044111.9|ENSMUSG00000038387|Rras	Rras	chr7	+	0	0		0		0		no
ENSMUST00000057293.7|ENSMUSG00000046574|Prr12	Prr12	chr7	-	0	0		0		0		no
ENSMUST00000209920.1|ENSMUSG00000007837|Prrg2	Prrg2	chr7	-	0	0		0		0		no
ENSMUST00000003513.10|ENSMUSG00000003421|Nosip	Nosip	chr7	+	0	0		0		0		no
ENSMUST00000211352.1|ENSMUSG00000019539|Rcn3	Rcn3	chr7	-	0	0		0		0		no
ENSMUST00000003512.8|ENSMUSG00000003420|Fcgrt	Fcgrt	chr7	-	0	0		0		0		no
ENSMUST00000209812.1|ENSMUSG00000074129|Rpl13a	Rpl13a	chr7	-	0	0		0		0		no
ENSMUST00000210818.1|ENSMUSG00000110206|Flt3l	Flt3l	chr7	-	0	0		0		0		no
ENSMUST00000209957.1|ENSMUSG00000007833|Aldh16a1	Aldh16a1	chr7	-	0	0		0		0		no
ENSMUST00000085374.6|ENSMUSG00000070570|Slc17a7	Slc17a7	chr7	+	0	0		0		0		no
ENSMUST00000033060.13|ENSMUSG00000030796|Tead2	Tead2	chr7	+	0	0		0		0		no
ENSMUST00000209779.1|ENSMUSG00000030798|Cd37	Cd37	chr7	-	0	0		0		0		no
ENSMUST00000211431.1|ENSMUSG00000038260|Trpm4	Trpm4	chr7	-	0	0		0		0		no
ENSMUST00000211067.1|ENSMUSG00000003863|Ppfia3	Ppfia3	chr7	-	0	0		0		0		no
ENSMUST00000210865.1|ENSMUSG00000003872|Lin7b	Lin7b	chr7	-	0	0		0		0		no
ENSMUST00000209993.1|ENSMUSG00000063511|Snrnp70	Snrnp70	chr7	-	0	0		0		0		no
ENSMUST00000211440.1|ENSMUSG00000003868|Ruvbl2	Ruvbl2	chr7	-	0	0		0		0		no
ENSMUST00000003964.16|ENSMUSG00000003865|Gys1	Gys1	chr7	+	0	0		0		0		no
ENSMUST00000210106.1|ENSMUSG00000050708|Ftl1	Ftl1	chr7	-	0	0		0		0		no
ENSMUST00000211365.1|ENSMUSG00000003873|Bax	Bax	chr7	-	0	0		0		0		no
ENSMUST00000011526.6|ENSMUSG00000011382|Dhdh	Dhdh	chr7	-	0	0		0		0		no
ENSMUST00000211765.1|ENSMUSG00000030824|Nucb1	Nucb1	chr7	-	0	0		0		0		no
ENSMUST00000209410.1|ENSMUSG00000030826|Bcat2	Bcat2	chr7	+	0	0		0		0		no
ENSMUST00000057927.9|ENSMUSG00000044562|Rasip1	Rasip1	chr7	+	0	0		0		0		no
ENSMUST00000183120.3|ENSMUSG00000070564|Ntn5	Ntn5	chr7	+	0	0		0		0		no
ENSMUST00000209796.1|ENSMUSG00000003273|Car11	Car11	chr7	+	0	0		0		0		no
ENSMUST00000080885.11|ENSMUSG00000059824|Dbp	Dbp	chr7	+	0	0		0		0		no
ENSMUST00000107737.10|ENSMUSG00000057342|Sphk2	Sphk2	chr7	-	0	0		0		0		no
ENSMUST00000107729.9|ENSMUSG00000003269|Cyth2	Cyth2	chr7	-	0	0		0		0		no
ENSMUST00000071937.6|ENSMUSG00000058743|Kcnj14	Kcnj14	chr7	-	0	0		0		0		no
ENSMUST00000209484.1|ENSMUSG00000053801|Grwd1	Grwd1	chr7	-	0	0		0		0		no
ENSMUST00000002848.9|ENSMUSG00000002771|Grin2d	Grin2d	chr7	-	0	0		0		0		no
ENSMUST00000211716.1|ENSMUSG00000002778|Kdelr1	Kdelr1	chr7	+	0	0		0		0		no
ENSMUST00000002850.7|ENSMUSG00000030834|Abcc6	Abcc6	chr7	-	0	0		0		0		no
ENSMUST00000033121.6|ENSMUSG00000030835|Nomo1	Nomo1	chr7	+	0	0		0		0		no
ENSMUST00000143082.3|ENSMUSG00000006763|Saal1	Saal1	chr7	-	0	0		0		0		no
ENSMUST00000006952.8|ENSMUSG00000040017|Saa4	Saa4	chr7	-	0	0		0		0		no
ENSMUST00000128088.3|ENSMUSG00000074115|Saa1	Saa1	chr7	-	0	0		0		0		no
ENSMUST00000210769.1|ENSMUSG00000057465|Saa2	Saa2	chr7	+	0	0		0		0		no
ENSMUST00000211347.1|ENSMUSG00000014418|Hps5	Hps5	chr7	-	0	0		0		0		no
ENSMUST00000209548.1|ENSMUSG00000063229|Ldha	Ldha	chr7	+	0	0		0		0		no
ENSMUST00000211076.1|ENSMUSG00000014402|Tsg101	Tsg101	chr7	-	0	0		0		0		no
ENSMUST00000207986.1|ENSMUSG00000043262|Uevld	Uevld	chr7	-	0	0		0		0		no
ENSMUST00000061639.9|ENSMUSG00000049516|Spty2d1	Spty2d1	chr7	-	0	0		0		0		no
ENSMUST00000010451.7|ENSMUSG00000010307|Tmem86a	Tmem86a	chr7	+	0	0		0		0		no
ENSMUST00000102626.9|ENSMUSG00000030854|Ptpn5	Ptpn5	chr7	-	0	0		0		0		no
ENSMUST00000118927.7|ENSMUSG00000030471|Zdhhc13	Zdhhc13	chr7	+	0	0		0		0		no
ENSMUST00000085272.6|ENSMUSG00000039745|Htatip2	Htatip2	chr7	+	0	0		0		0		no
ENSMUST00000147401.7|ENSMUSG00000030505|Prmt3	Prmt3	chr7	+	0	0		0		0		no
ENSMUST00000169357.1|ENSMUSG00000092118|Fancf	Fancf	chr7	-	0	0		0		0		no
ENSMUST00000082373.7|ENSMUSG00000063297|Luzp2	Luzp2	chr7	+	1	1	0.0102635655612846	50	chr7:55266800-55266850(fdr=1.03e-02)	0		yes
ENSMUST00000206191.1|ENSMUSG00000033790|Tubgcp5	Tubgcp5	chr7	+	0	0		0		0		no
ENSMUST00000032629.15|ENSMUSG00000030447|Cyfip1	Cyfip1	chr7	+	0	0		0		0		no
ENSMUST00000119041.7|ENSMUSG00000030452|Nipa2	Nipa2	chr7	-	0	0		0		0		no
ENSMUST00000052204.5|ENSMUSG00000047037|Nipa1	Nipa1	chr7	-	0	0		0		0		no
ENSMUST00000076226.12|ENSMUSG00000030451|Herc2	Herc2	chr7	+	0	0		0		0		no
ENSMUST00000068456.7|ENSMUSG00000055078|Gabra5	Gabra5	chr7	-	0	0		0		0		no
ENSMUST00000168747.2|ENSMUSG00000025324|Atp10a	Atp10a	chr7	+	0	0		0		0		no
ENSMUST00000200758.3|ENSMUSG00000025326|Ube3a	Ube3a	chr7	+	0	0		0		0		no
ENSMUST00000179360.2|ENSMUSG00000000948|Gm38393	Gm38393	chr7	-	0	0		0		0		no
ENSMUST00000059305.16|ENSMUSG00000102252|Snrpn	Snrpn	chr7	-	0	0		0		0		no
ENSMUST00000038775.5|ENSMUSG00000033585|Ndn	Ndn	chr7	+	0	0		0		0		no
ENSMUST00000177511.1|ENSMUSG00000033510|Otud7a	Otud7a	chr7	+	0	0		0		0		no
ENSMUST00000063694.9|ENSMUSG00000052040|Klf13	Klf13	chr7	-	0	0		0		0		no
ENSMUST00000206882.1|ENSMUSG00000033429|Mcee	Mcee	chr7	+	0	0		0		0		no
ENSMUST00000032732.14|ENSMUSG00000030519|Apba2	Apba2	chr7	+	0	0		0		0		no
ENSMUST00000119118.7|ENSMUSG00000030518|Fam189a1	Fam189a1	chr7	-	0	0		0		0		no
ENSMUST00000094331.4|ENSMUSG00000070520|Nsmce3	Nsmce3	chr7	-	0	0		0		0		no
ENSMUST00000206612.1|ENSMUSG00000030516|Tjp1	Tjp1	chr7	-	0	0		0		0		no
ENSMUST00000032728.8|ENSMUSG00000030515|Tarsl2	Tarsl2	chr7	+	0	0		0		0		no
ENSMUST00000206934.1|ENSMUSG00000078681|Tm2d3	Tm2d3	chr7	+	0	0		0		0		no
ENSMUST00000055576.11|ENSMUSG00000030513|Pcsk6	Pcsk6	chr7	+	0	0		0		0		no
ENSMUST00000032723.8|ENSMUSG00000030512|Snrpa1	Snrpa1	chr7	+	0	0		0		0		no
ENSMUST00000205279.1|ENSMUSG00000075701|Selenos	Selenos	chr7	+	0	0		0		0		no
ENSMUST00000036372.7|ENSMUSG00000032640|Chsy1	Chsy1	chr7	+	0	0		0		0		no
ENSMUST00000015278.14|ENSMUSG00000015134|Aldh1a3	Aldh1a3	chr7	-	0	0		0		0		no
ENSMUST00000130161.8|ENSMUSG00000053091|Lins1	Lins1	chr7	+	0	0		0		0		no
ENSMUST00000187953.7|ENSMUSG00000030556|Lrrc28	Lrrc28	chr7	-	0	0		0		0		no
ENSMUST00000208764.1|ENSMUSG00000030555|Ttc23	Ttc23	chr7	+	0	0		0		0		no
ENSMUST00000208231.1|ENSMUSG00000030554|Synm	Synm	chr7	-	0	0		0		0		no
ENSMUST00000048068.14|ENSMUSG00000042659|Arrdc4	Arrdc4	chr7	-	0	0		0		0		no
ENSMUST00000032768.14|ENSMUSG00000030551|Nr2f2	Nr2f2	chr7	-	0	0		0		0		no
ENSMUST00000119206.2|ENSMUSG00000070509|Rgma	Rgma	chr7	+	0	0		0		0		no
ENSMUST00000107456.3|ENSMUSG00000078670|Fam174b	Fam174b	chr7	+	0	0		0		0		no
ENSMUST00000207750.1|ENSMUSG00000066406|Akap13	Akap13	chr7	+	0	0		0		0		no
ENSMUST00000171155.3|ENSMUSG00000055652|Klhl25	Klhl25	chr7	+	0	0		0		0		no
ENSMUST00000032841.6|ENSMUSG00000030612|Mrpl46	Mrpl46	chr7	-	0	0		0		0		no
ENSMUST00000107425.7|ENSMUSG00000030609|Aen	Aen	chr7	+	0	0		0		0		no
ENSMUST00000205563.1|ENSMUSG00000030605|Mfge8	Mfge8	chr7	-	0	0		0		0		no
ENSMUST00000037315.12|ENSMUSG00000039202|Abhd2	Abhd2	chr7	+	0	0		0		0		no
ENSMUST00000179243.2|ENSMUSG00000039194|Rlbp1	Rlbp1	chr7	-	0	0		0		0		no
ENSMUST00000183846.7|ENSMUSG00000050382|Kif7	Kif7	chr7	-	0	0		0		0		no
ENSMUST00000032761.7|ENSMUSG00000030545|Pex11a	Pex11a	chr7	-	0	0		0		0		no
ENSMUST00000107392.7|ENSMUSG00000039062|Anpep	Anpep	chr7	-	0	0		0		0		no
ENSMUST00000048731.5|ENSMUSG00000039043|Arpin	Arpin	chr7	-	0	0		0		0		no
ENSMUST00000134328.7|ENSMUSG00000030541|Idh2	Idh2	chr7	-	0	0		0		0		no
ENSMUST00000062915.8|ENSMUSG00000050973|Gdpgp1	Gdpgp1	chr7	+	0	0		0		0		no
ENSMUST00000117989.1|ENSMUSG00000047084|Ngrn	Ngrn	chr7	+	0	0		0		0		no
ENSMUST00000135053.7|ENSMUSG00000030534|Vps33b	Vps33b	chr7	+	0	0		0		0		no
ENSMUST00000047362.10|ENSMUSG00000038930|Rccd1	Rccd1	chr7	-	0	0		0		0		no
ENSMUST00000206807.1|ENSMUSG00000038886|Man2a2	Man2a2	chr7	-	0	0		0		0		no
ENSMUST00000122232.7|ENSMUSG00000030530|Furin	Furin	chr7	-	0	0		0		0		no
ENSMUST00000127326.1|ENSMUSG00000030527|Crtc3	Crtc3	chr7	-	0	0		0		0		no
ENSMUST00000026816.14|ENSMUSG00000025722|Wdr73	Wdr73	chr7	-	0	0		0		0		no
ENSMUST00000026817.10|ENSMUSG00000025723|Nmb	Nmb	chr7	-	0	0		0		0		no
ENSMUST00000026818.11|ENSMUSG00000025724|Sec11a	Sec11a	chr7	-	0	0		0		0		no
ENSMUST00000107353.2|ENSMUSG00000005621|Zfp592	Zfp592	chr7	+	0	0		0		0		no
ENSMUST00000026672.7|ENSMUSG00000025584|Pde8a	Pde8a	chr7	+	0	0		0		0		no
ENSMUST00000098331.9|ENSMUSG00000025586|Cpeb1	Cpeb1	chr7	-	0	0		0		0		no
ENSMUST00000082090.14|ENSMUSG00000062444|Ap3b2	Ap3b2	chr7	-	0	0		0		0		no
ENSMUST00000098326.2|ENSMUSG00000025813|Homer2	Homer2	chr7	-	0	0		0		0		no
ENSMUST00000042166.10|ENSMUSG00000038646|Ramac	Ramac	chr7	+	0	0		0		0		no
ENSMUST00000152620.1|ENSMUSG00000025102|3110040N11Rik	3110040N11Rik	chr7	-	0	0		0		0		no
ENSMUST00000026093.8|ENSMUSG00000025103|Btbd1	Btbd1	chr7	-	0	0		0		0		no
ENSMUST00000126334.7|ENSMUSG00000038623|Tm6sf1	Tm6sf1	chr7	+	0	0		0		0		no
ENSMUST00000107305.7|ENSMUSG00000025104|Hdgfl3	Hdgfl3	chr7	-	0	0		0		0		no
ENSMUST00000177883.7|ENSMUSG00000030638|Sh3gl3	Sh3gl3	chr7	+	0	0		0		0		no
ENSMUST00000117410.1|ENSMUSG00000046027|Stard5	Stard5	chr7	+	0	0		0		0		no
ENSMUST00000094216.4|ENSMUSG00000070462|Tlnrd1	Tlnrd1	chr7	-	0	0		0		0		no
ENSMUST00000064174.11|ENSMUSG00000052353|Cemip	Cemip	chr7	-	0	0		0		0		no
ENSMUST00000117085.1|ENSMUSG00000038459|Abhd17c	Abhd17c	chr7	-	0	0		0		0		no
ENSMUST00000208204.1|ENSMUSG00000015709|Arnt2	Arnt2	chr7	-	0	0		0		0		no
ENSMUST00000180387.2|ENSMUSG00000097789|Gm2115	Gm2115	chr7	+	0	0		0		0		no
ENSMUST00000209117.1|ENSMUSG00000030629|Zfand6	Zfand6	chr7	-	0	0		0		0		no
ENSMUST00000126887.7|ENSMUSG00000030562|Nox4	Nox4	chr7	+	0	0		0		0		no
ENSMUST00000131108.8|ENSMUSG00000030560|Ctsc	Ctsc	chr7	+	0	0		0		0		no
ENSMUST00000041968.10|ENSMUSG00000039428|Tmem135	Tmem135	chr7	-	0	0		0		0		no
ENSMUST00000058755.4|ENSMUSG00000049791|Fzd4	Fzd4	chr7	+	0	0		0		0		no
ENSMUST00000041761.6|ENSMUSG00000039405|Prss23	Prss23	chr7	-	0	0		0		0		no
ENSMUST00000207980.1|ENSMUSG00000030619|Eed	Eed	chr7	-	0	0		0		0		no
ENSMUST00000207484.1|ENSMUSG00000039361|Picalm	Picalm	chr7	+	0	0		0		1	chr7:90207850-90207900(fdr=7.76e-04)	no
ENSMUST00000190837.6|ENSMUSG00000030616|Sytl2	Sytl2	chr7	+	0	0		0		0		no
ENSMUST00000208379.1|ENSMUSG00000051451|Crebzf	Crebzf	chr7	+	0	0		0		0		no
ENSMUST00000136652.7|ENSMUSG00000030615|Tmem126a	Tmem126a	chr7	-	0	0		0		0		no
ENSMUST00000032843.8|ENSMUSG00000030614|Tmem126b	Tmem126b	chr7	-	0	0		0		0		no
ENSMUST00000231777.2|ENSMUSG00000052572|Dlg2	Dlg2	chr7	+	0	0		0		0		no
ENSMUST00000032842.12|ENSMUSG00000030613|Ccdc90b	Ccdc90b	chr7	+	0	0		0		0		no
ENSMUST00000126305.7|ENSMUSG00000041343|Ankrd42	Ankrd42	chr7	-	0	0		0		0		no
ENSMUST00000208255.1|ENSMUSG00000041328|Pcf11	Pcf11	chr7	-	0	0		0		0		no
ENSMUST00000032879.14|ENSMUSG00000030643|Rab30	Rab30	chr7	+	0	0		0		0		no
ENSMUST00000076052.7|ENSMUSG00000061119|Prcp	Prcp	chr7	+	0	0		0		0		no
ENSMUST00000051179.9|ENSMUSG00000051515|Fam181b	Fam181b	chr7	+	0	0		0		0		no
ENSMUST00000122835.7|ENSMUSG00000018995|Nars2	Nars2	chr7	+	0	0		0		0		no
ENSMUST00000004622.6|ENSMUSG00000004508|Gab2	Gab2	chr7	+	0	0		0		0		no
ENSMUST00000168435.6|ENSMUSG00000035713|Usp35	Usp35	chr7	-	0	0		0		0		no
ENSMUST00000054107.5|ENSMUSG00000044952|Kctd21	Kctd21	chr7	+	0	0		0		0		no
ENSMUST00000098300.5|ENSMUSG00000035704|Alg8	Alg8	chr7	+	0	0		0		0		no
ENSMUST00000043077.7|ENSMUSG00000035686|Thrsp	Thrsp	chr7	-	0	0		0		0		no
ENSMUST00000143321.2|ENSMUSG00000051727|Kctd14	Kctd14	chr7	+	0	0		0		0		no
ENSMUST00000026506.4|ENSMUSG00000025439|Clns1a	Clns1a	chr7	+	0	0		0		0		no
ENSMUST00000206389.1|ENSMUSG00000042797|Aqp11	Aqp11	chr7	-	0	0		0		0		no
ENSMUST00000156637.2|ENSMUSG00000030774|Pak1	Pak1	chr7	+	0	0		0		0		no
ENSMUST00000156992.7|ENSMUSG00000030761|Myo7a	Myo7a	chr7	-	0	0		0		0		no
ENSMUST00000040971.13|ENSMUSG00000035547|Capn5	Capn5	chr7	-	0	0		0		0		no
ENSMUST00000094161.10|ENSMUSG00000049580|Tsku	Tsku	chr7	-	0	0		0		0		no
ENSMUST00000205956.1|ENSMUSG00000090958|Lrrc32	Lrrc32	chr7	+	0	0		0		0		no
ENSMUST00000126356.7|ENSMUSG00000030753|Thap12	Thap12	chr7	+	0	0		0		0		no
ENSMUST00000163913.7|ENSMUSG00000015957|Wnt11	Wnt11	chr7	+	0	0		0		0		no
ENSMUST00000169437.8|ENSMUSG00000070436|Serpinh1	Serpinh1	chr7	-	0	0		0		0		no
ENSMUST00000037528.9|ENSMUSG00000035314|Gdpd5	Gdpd5	chr7	+	0	0		0		0		no
ENSMUST00000153736.1|ENSMUSG00000035298|Klhl35	Klhl35	chr7	+	0	0		0		0		no
ENSMUST00000032998.12|ENSMUSG00000030744|Rps3	Rps3	chr7	-	0	0		0		0		no
ENSMUST00000098266.8|ENSMUSG00000018909|Arrb1	Arrb1	chr7	+	0	0		0		0		no
ENSMUST00000178124.2|ENSMUSG00000096606|Tpbgl	Tpbgl	chr7	-	0	0		0		0		no
ENSMUST00000032985.10|ENSMUSG00000030737|Slco2b1	Slco2b1	chr7	-	0	0		0		0		no
ENSMUST00000036331.6|ENSMUSG00000035239|Neu3	Neu3	chr7	-	0	0		0		0		no
ENSMUST00000208465.1|ENSMUSG00000035227|Spcs2	Spcs2	chr7	-	0	0		0		0		no
ENSMUST00000127128.7|ENSMUSG00000030726|Pold3	Pold3	chr7	-	0	0		0		0		no
ENSMUST00000032967.3|ENSMUSG00000030725|Lipt2	Lipt2	chr7	+	0	0		0		0		no
ENSMUST00000032963.9|ENSMUSG00000030718|Ppme1	Ppme1	chr7	-	0	0		0		0		no
ENSMUST00000133464.7|ENSMUSG00000047248|C2cd3	C2cd3	chr7	+	0	0		0		0		no
ENSMUST00000032958.13|ENSMUSG00000032942|Ucp3	Ucp3	chr7	+	0	0		0		0		no
ENSMUST00000126534.7|ENSMUSG00000033685|Ucp2	Ucp2	chr7	+	0	0		0		0		no
ENSMUST00000054310.3|ENSMUSG00000044881|Coa4	Coa4	chr7	+	0	0		0		0		no
ENSMUST00000107053.10|ENSMUSG00000030706|Mrpl48	Mrpl48	chr7	-	0	0		0		0		no
ENSMUST00000107048.7|ENSMUSG00000030704|Rab6a	Rab6a	chr7	+	0	0		0		0		no
ENSMUST00000107046.7|ENSMUSG00000030701|Plekhb1	Plekhb1	chr7	-	0	0		0		0		no
ENSMUST00000049053.8|ENSMUSG00000029461|Fam168a	Fam168a	chr7	+	0	0		0		0		no
ENSMUST00000155413.8|ENSMUSG00000008318|Relt	Relt	chr7	-	0	0		0		0		no
ENSMUST00000107032.2|ENSMUSG00000032875|Arhgef17	Arhgef17	chr7	-	0	0		0		0		no
ENSMUST00000060174.5|ENSMUSG00000048779|P2ry6	P2ry6	chr7	-	0	0		0		0		no
ENSMUST00000037540.4|ENSMUSG00000032860|P2ry2	P2ry2	chr7	-	0	0		0		0		no
ENSMUST00000032931.8|ENSMUSG00000030691|Fchsd2	Fchsd2	chr7	+	0	0		0		0		no
ENSMUST00000207740.1|ENSMUSG00000047767|Atg16l2	Atg16l2	chr7	-	0	0		0		0		no
ENSMUST00000174140.1|ENSMUSG00000030688|Stard10	Stard10	chr7	+	0	0		0		0		no
ENSMUST00000098243.3|ENSMUSG00000032812|Arap1	Arap1	chr7	+	0	0		0		0		no
ENSMUST00000084894.14|ENSMUSG00000030653|Gm45837	Gm45837	chr7	+	0	0		0		0		no
ENSMUST00000210364.1|ENSMUSG00000110195|Pde2a	Pde2a	chr7	+	0	0		0		0		no
ENSMUST00000144207.8|ENSMUSG00000030649|Anapc15	Anapc15	chr7	+	0	0		0		0		no
ENSMUST00000106969.8|ENSMUSG00000078630|Tomt	Tomt	chr7	-	0	0		0		0		no
ENSMUST00000033131.11|ENSMUSG00000030842|Lamtor1	Lamtor1	chr7	+	0	0		0		0		no
ENSMUST00000163903.7|ENSMUSG00000064307|Lrrc51	Lrrc51	chr7	-	0	0		0		0		no
ENSMUST00000084852.12|ENSMUSG00000066306|Numa1	Numa1	chr7	+	0	0		0		0		no
ENSMUST00000209844.1|ENSMUSG00000070427|Il18bp	Il18bp	chr7	-	0	0		0		0		no
ENSMUST00000096639.11|ENSMUSG00000070426|Rnf121	Rnf121	chr7	-	0	0		0		0		no
ENSMUST00000142629.7|ENSMUSG00000099481|Xndc1	Xndc1	chr7	+	0	0		0		0		no
ENSMUST00000155078.7|ENSMUSG00000070425|Xntrpc	Xntrpc	chr7	+	0	0		0		0		no
ENSMUST00000210682.1|ENSMUSG00000063550|Nup98	Nup98	chr7	-	0	0		0		0		no
ENSMUST00000119816.8|ENSMUSG00000030990|Pgap2	Pgap2	chr7	+	0	0		0		0		no
ENSMUST00000106923.1|ENSMUSG00000073982|Rhog	Rhog	chr7	-	0	0		0		0		no
ENSMUST00000209255.1|ENSMUSG00000030987|Stim1	Stim1	chr7	+	0	0		0		0		no
ENSMUST00000211720.1|ENSMUSG00000030978|Rrm1	Rrm1	chr7	+	0	0		0		0		no
ENSMUST00000033264.11|ENSMUSG00000030966|Trim21	Trim21	chr7	-	0	0		0		0		no
ENSMUST00000210855.1|ENSMUSG00000073968|Trim68	Trim68	chr7	-	0	0		0		0		no
ENSMUST00000106849.8|ENSMUSG00000056144|Trim34a	Trim34a	chr7	+	0	0		0		0		no
ENSMUST00000098179.8|ENSMUSG00000060441|Trim5	Trim5	chr7	-	0	0		0		0		no
ENSMUST00000106837.7|ENSMUSG00000066258|Trim12a	Trim12a	chr7	-	0	0		0		0		no
ENSMUST00000059037.14|ENSMUSG00000057143|Trim12c	Trim12c	chr7	-	0	0		0		0		no
ENSMUST00000076922.5|ENSMUSG00000030921|Trim30a	Trim30a	chr7	-	0	0		0		0		no
ENSMUST00000071069.12|ENSMUSG00000057596|Trim30d	Trim30d	chr7	-	0	0		0		0		no
ENSMUST00000137158.7|ENSMUSG00000044465|Fam160a2	Fam160a2	chr7	-	0	0		0		0		no
ENSMUST00000033189.5|ENSMUSG00000030898|Cckbr	Cckbr	chr7	+	0	0		0		0		no
ENSMUST00000047040.3|ENSMUSG00000037060|Cavin3	Cavin3	chr7	-	0	0		0		0		no
ENSMUST00000046983.9|ENSMUSG00000037049|Smpd1	Smpd1	chr7	+	0	0		0		0		no
ENSMUST00000188001.6|ENSMUSG00000037032|Apbb1	Apbb1	chr7	-	0	0		0		0		no
ENSMUST00000057525.13|ENSMUSG00000036989|Trim3	Trim3	chr7	-	0	0		0		0		no
ENSMUST00000033171.14|ENSMUSG00000030881|Arfip2	Arfip2	chr7	-	0	0		0		0		no
ENSMUST00000106783.7|ENSMUSG00000089847|Timm10b	Timm10b	chr7	+	0	0		0		0		no
ENSMUST00000142874.8|ENSMUSG00000110234|Gm45799	Gm45799	chr7	+	0	0		0		0		no
ENSMUST00000149695.7|ENSMUSG00000030890|Ilk	Ilk	chr7	+	0	0		0		0		no
ENSMUST00000141116.1|ENSMUSG00000043866|Taf10	Taf10	chr7	-	0	0		0		0		no
ENSMUST00000033184.5|ENSMUSG00000030894|Tpp1	Tpp1	chr7	-	0	0		0		0		no
ENSMUST00000124482.2|ENSMUSG00000030879|Mrpl17	Mrpl17	chr7	-	0	0		0		0		no
ENSMUST00000106766.8|ENSMUSG00000078606|Gm4070	Gm4070	chr7	-	0	0		0		0		no
ENSMUST00000006667.10|ENSMUSG00000045868|Gvin1	Gvin1	chr7	-	0	0		0		0		no
ENSMUST00000120990.1|ENSMUSG00000051041|Olfml1	Olfml1	chr7	+	0	0		0		0		no
ENSMUST00000033342.6|ENSMUSG00000031029|Eif3f	Eif3f	chr7	+	0	0		0		0		no
ENSMUST00000033341.11|ENSMUSG00000031028|Tub	Tub	chr7	+	0	0		0		0		no
ENSMUST00000036992.8|ENSMUSG00000036111|Lmo1	Lmo1	chr7	-	0	0		0		0		no
ENSMUST00000079282.7|ENSMUSG00000031024|Denn2b	Denn2b	chr7	-	0	0		0		0		no
ENSMUST00000033335.5|ENSMUSG00000031023|Akip1	Akip1	chr7	+	0	0		0		0		no
ENSMUST00000033333.12|ENSMUSG00000031021|Tmem9b	Tmem9b	chr7	-	0	0		0		0		no
ENSMUST00000041460.12|ENSMUSG00000034825|Nrip3	Nrip3	chr7	-	0	0		0		0		no
ENSMUST00000106722.1|ENSMUSG00000035901|Dennd5a	Dennd5a	chr7	-	0	0		0		0		no
ENSMUST00000154831.8|ENSMUSG00000047554|Tmem41b	Tmem41b	chr7	-	0	0		0		0		no
ENSMUST00000169638.3|ENSMUSG00000061079|Zfp143	Zfp143	chr7	+	0	0		0		0		no
ENSMUST00000033326.9|ENSMUSG00000031016|Wee1	Wee1	chr7	+	0	0		0		0		no
ENSMUST00000033325.8|ENSMUSG00000031015|Swap70	Swap70	chr7	+	0	0		0		0		no
ENSMUST00000167652.1|ENSMUSG00000038371|Sbf2	Sbf2	chr7	-	0	0		0		0		no
ENSMUST00000033054.9|ENSMUSG00000030790|Adm	Adm	chr7	+	0	0		0		0		no
ENSMUST00000005829.12|ENSMUSG00000005686|Ampd3	Ampd3	chr7	+	0	0		0		0		no
ENSMUST00000127935.7|ENSMUSG00000005611|Mrvi1	Mrvi1	chr7	-	0	0		0		0		no
ENSMUST00000005749.5|ENSMUSG00000005609|Ctr9	Ctr9	chr7	+	0	0		0		0		no
ENSMUST00000162415.8|ENSMUSG00000005610|Eif4g2	Eif4g2	chr7	-	0	0		0		0		no
ENSMUST00000049430.14|ENSMUSG00000038296|Galnt18	Galnt18	chr7	-	0	0		0		0		no
ENSMUST00000210309.1|ENSMUSG00000059263|Usp47	Usp47	chr7	+	0	0		0		0		no
ENSMUST00000033036.6|ENSMUSG00000030772|Dkk3	Dkk3	chr7	-	0	0		0		0		no
ENSMUST00000215412.1|ENSMUSG00000038244|Mical2	Mical2	chr7	+	0	0		0		0		no
ENSMUST00000047321.8|ENSMUSG00000055116|Arntl	Arntl	chr7	+	0	0		0		0		no
ENSMUST00000135510.1|ENSMUSG00000038187|Btbd10	Btbd10	chr7	-	0	0		0		0		no
ENSMUST00000033018.14|ENSMUSG00000030759|Far1	Far1	chr7	+	0	0		0		0		no
ENSMUST00000033012.8|ENSMUSG00000030754|Copb1	Copb1	chr7	-	0	0		0		0		no
ENSMUST00000033008.9|ENSMUSG00000030751|Psma1	Psma1	chr7	-	0	0		0		0		no
ENSMUST00000032909.8|ENSMUSG00000030671|Pde3b	Pde3b	chr7	+	0	0		0		0		no
ENSMUST00000032906.10|ENSMUSG00000030669|Calca	Calca	chr7	-	0	0		0		0		no
ENSMUST00000151254.1|ENSMUSG00000030663|1110004F10Rik	1110004F10Rik	chr7	+	0	0		0		0		no
ENSMUST00000206385.1|ENSMUSG00000030660|Pik3c2a	Pik3c2a	chr7	-	0	0		0		0		no
ENSMUST00000032892.6|ENSMUSG00000030657|Xylt1	Xylt1	chr7	+	0	0		0		0		no
ENSMUST00000131374.7|ENSMUSG00000008683|Rps15a	Rps15a	chr7	-	0	0		0		0		no
ENSMUST00000179331.8|ENSMUSG00000030655|Smg1	Smg1	chr7	-	0	0		0		0		no
ENSMUST00000081574.7|ENSMUSG00000058420|Syt17	Syt17	chr7	-	0	0		0		0		no
ENSMUST00000178344.2|ENSMUSG00000095115|Itpripl2	Itpripl2	chr7	-	0	0		0		0		no
ENSMUST00000044195.5|ENSMUSG00000042246|Tmc7	Tmc7	chr7	-	0	0		0		0		no
ENSMUST00000208040.1|ENSMUSG00000033917|Gde1	Gde1	chr7	-	0	0		0		0		no
ENSMUST00000059390.12|ENSMUSG00000030982|Vps35l	Vps35l	chr7	+	0	0		0		0		no
ENSMUST00000116280.8|ENSMUSG00000030980|Knop1	Knop1	chr7	-	0	0		0		0		no
ENSMUST00000008878.9|ENSMUSG00000008734|Gprc5b	Gprc5b	chr7	-	0	0		0		0		no
ENSMUST00000033236.8|ENSMUSG00000030942|Thumpd1	Thumpd1	chr7	-	0	0		0		0		no
ENSMUST00000106529.7|ENSMUSG00000030935|Acsm3	Acsm3	chr7	+	0	0		0		0		no
ENSMUST00000133758.8|ENSMUSG00000030924|Rexo5	Rexo5	chr7	+	0	0		0		0		no
ENSMUST00000059851.13|ENSMUSG00000048787|Dcun1d3	Dcun1d3	chr7	-	0	0		0		0		no
ENSMUST00000207270.1|ENSMUSG00000030922|Lyrm1	Lyrm1	chr7	+	0	0		0		0		no
ENSMUST00000118737.2|ENSMUSG00000030917|Tmem159	Tmem159	chr7	+	0	0		0		0		no
ENSMUST00000033198.5|ENSMUSG00000030905|Crym	Crym	chr7	-	0	0		0		0		no
ENSMUST00000033176.6|ENSMUSG00000030884|Uqcrc2	Uqcrc2	chr7	+	0	0		0		0		no
ENSMUST00000047875.15|ENSMUSG00000035064|Eef2k	Eef2k	chr7	+	0	0		0		0		no
ENSMUST00000033173.14|ENSMUSG00000030880|Polr3e	Polr3e	chr7	+	0	0		0		0		no
ENSMUST00000140247.2|ENSMUSG00000030878|Cdr2	Cdr2	chr7	-	0	0		0		0		no
ENSMUST00000033163.7|ENSMUSG00000030876|Mettl9	Mettl9	chr7	+	0	0		0		0		no
ENSMUST00000047194.3|ENSMUSG00000035004|Igsf6	Igsf6	chr7	-	0	0		0		0		no
ENSMUST00000084628.4|ENSMUSG00000046321|Hs3st2	Hs3st2	chr7	+	0	0		0		0		no
ENSMUST00000124566.1|ENSMUSG00000030872|Gga2	Gga2	chr7	-	0	0		0		0		no
ENSMUST00000033159.3|ENSMUSG00000030871|Ears2	Ears2	chr7	-	0	0		0		0		no
ENSMUST00000033157.9|ENSMUSG00000030869|Ndufab1	Ndufab1	chr7	-	0	0		0		0		no
ENSMUST00000206470.1|ENSMUSG00000030867|Plk1	Plk1	chr7	+	0	0		0		0		no
ENSMUST00000033152.4|ENSMUSG00000030865|Chp2	Chp2	chr7	+	0	0		0		0		no
ENSMUST00000143692.7|ENSMUSG00000052889|Prkcb	Prkcb	chr7	+	0	0		0		0		no
ENSMUST00000084615.9|ENSMUSG00000066189|Cacng3	Cacng3	chr7	+	0	0		0		0		no
ENSMUST00000098062.8|ENSMUSG00000030779|Rbbp6	Rbbp6	chr7	+	0	0		0		0		no
ENSMUST00000206117.1|ENSMUSG00000030766|Arhgap17	Arhgap17	chr7	-	0	0		0		0		no
ENSMUST00000033025.6|ENSMUSG00000030763|Lcmt1	Lcmt1	chr7	+	0	0		0		0		no
ENSMUST00000106437.1|ENSMUSG00000078591|Hs3st4	Hs3st4	chr7	+	0	0		0		0		no
ENSMUST00000033010.8|ENSMUSG00000030752|Kdm8	Kdm8	chr7	+	0	0		0		0		no
ENSMUST00000206846.1|ENSMUSG00000030748|Il4ra	Il4ra	chr7	+	0	0		0		0		no
ENSMUST00000206234.1|ENSMUSG00000030745|Il21r	Il21r	chr7	+	0	0		0		0		no
ENSMUST00000205444.1|ENSMUSG00000032777|Gtf3c1	Gtf3c1	chr7	-	0	0		0		0		no
ENSMUST00000073935.6|ENSMUSG00000046182|Gsg1l	Gsg1l	chr7	-	0	0		0		0		no
ENSMUST00000166538.1|ENSMUSG00000000131|Xpo6	Xpo6	chr7	-	0	0		0		0		no
ENSMUST00000056028.10|ENSMUSG00000042978|Sbk1	Sbk1	chr7	+	0	0		0		0		no
ENSMUST00000106392.9|ENSMUSG00000073838|Tufm	Tufm	chr7	+	0	0		0		0		no
ENSMUST00000167759.7|ENSMUSG00000032637|Atxn2l	Atxn2l	chr7	-	0	0		0		0		no
ENSMUST00000205949.1|ENSMUSG00000030738|Eif3c	Eif3c	chr7	-	0	0		0		0		no
ENSMUST00000039522.7|ENSMUSG00000042759|Apobr	Apobr	chr7	+	0	0		0		0		no
ENSMUST00000191192.1|ENSMUSG00000030717|Nupr1	Nupr1	chr7	-	0	0		0		0		no
ENSMUST00000206359.1|ENSMUSG00000030714|Sgf29	Sgf29	chr7	+	0	0		0		0		no
ENSMUST00000144897.1|ENSMUSG00000059772|Slx1b	Slx1b	chr7	-	0	0		0		0		no
ENSMUST00000106369.1|ENSMUSG00000047721|Bola2	Bola2	chr7	+	0	0		0		0		no
ENSMUST00000057669.15|ENSMUSG00000063065|Mapk3	Mapk3	chr7	+	0	0		0		0		no
ENSMUST00000038614.11|ENSMUSG00000042675|Ypel3	Ypel3	chr7	+	0	0		0		0		no
ENSMUST00000205935.1|ENSMUSG00000030697|Ppp4c	Ppp4c	chr7	-	0	0		0		0		no
ENSMUST00000098032.10|ENSMUSG00000058966|Fam57b	Fam57b	chr7	+	0	0		0		0		no
ENSMUST00000064110.13|ENSMUSG00000052301|Doc2a	Doc2a	chr7	+	0	0		0		0		no
ENSMUST00000205958.1|ENSMUSG00000030689|Ino80e	Ino80e	chr7	-	0	0		0		0		no
ENSMUST00000037248.9|ENSMUSG00000042606|Hirip3	Hirip3	chr7	+	0	0		0		0		no
ENSMUST00000214525.1|ENSMUSG00000059981|Taok2	Taok2	chr7	-	0	0		0		0		no
ENSMUST00000120007.7|ENSMUSG00000060538|Tmem219	Tmem219	chr7	-	0	0		0		0		no
ENSMUST00000032924.5|ENSMUSG00000030685|Kctd13	Kctd13	chr7	+	0	0		0		0		no
ENSMUST00000106335.7|ENSMUSG00000030683|Sez6l2	Sez6l2	chr7	+	0	0		0		0		no
ENSMUST00000206794.1|ENSMUSG00000030682|Cdipt	Cdipt	chr7	+	0	0		0		0		no
ENSMUST00000172958.6|ENSMUSG00000092534|Pagr1b	Pagr1b	chr7	-	0	0		0		0		no
ENSMUST00000206416.1|ENSMUSG00000030680|Pagr1a	Pagr1a	chr7	-	0	0		0		0		no
ENSMUST00000202798.1|ENSMUSG00000107068|Gm42742	Gm42742	chr7	-	0	0		0		0		no
ENSMUST00000159916.4|ENSMUSG00000045114|Prrt2	Prrt2	chr7	-	0	0		0		1	chr7:127018250-127018300(fdr=6.87e-02)	no
ENSMUST00000205568.1|ENSMUSG00000030678|Maz	Maz	chr7	-	0	0		0		0		no
ENSMUST00000056288.6|ENSMUSG00000045165|AI467606	AI467606	chr7	+	0	0		0		0		no
ENSMUST00000032912.5|ENSMUSG00000030674|Qprt	Qprt	chr7	-	0	0		0		0		no
ENSMUST00000166791.7|ENSMUSG00000042502|Cd2bp2	Cd2bp2	chr7	-	0	0		0		0		no
ENSMUST00000120705.2|ENSMUSG00000042492|Tbc1d10b	Tbc1d10b	chr7	-	0	0		0		0		no
ENSMUST00000106314.7|ENSMUSG00000000486|Septin1	Septin1	chr7	-	0	0		0		0		no
ENSMUST00000106312.3|ENSMUSG00000045598|Zfp553	Zfp553	chr7	+	0	0		0		0		no
ENSMUST00000082428.4|ENSMUSG00000049091|Sephs2	Sephs2	chr7	-	0	0		0		0		no
ENSMUST00000060783.6|ENSMUSG00000047371|Zfp768	Zfp768	chr7	-	0	0		0		0		no
ENSMUST00000067425.5|ENSMUSG00000054381|Zfp747	Zfp747	chr7	-	0	0		0		0		no
ENSMUST00000164345.1|ENSMUSG00000030823|9130019O22Rik	9130019O22Rik	chr7	-	0	0		0		0		no
ENSMUST00000165495.1|ENSMUSG00000078580|E430018J23Rik	E430018J23Rik	chr7	-	0	0		0		0		no
ENSMUST00000059199.6|ENSMUSG00000045757|Zfp764	Zfp764	chr7	-	0	0		0		0		no
ENSMUST00000148483.7|ENSMUSG00000045251|Zfp688	Zfp688	chr7	-	0	0		0		0		no
ENSMUST00000053392.10|ENSMUSG00000048921|Zfp689	Zfp689	chr7	-	0	0		0		0		no
ENSMUST00000132819.2|ENSMUSG00000030822|Prr14	Prr14	chr7	+	0	0		0		0		no
ENSMUST00000048896.7|ENSMUSG00000042423|Fbrs	Fbrs	chr7	+	0	0		0		0		no
ENSMUST00000098025.10|ENSMUSG00000053877|Srcap	Srcap	chr7	+	0	0		0		0		no
ENSMUST00000189629.4|ENSMUSG00000107023|Gm42715	Gm42715	chr7	+	0	0		0		0		no
ENSMUST00000084563.10|ENSMUSG00000106715|Tmem265	Tmem265	chr7	+	0	0		0		0		no
ENSMUST00000154891.7|ENSMUSG00000030815|Phkg2	Phkg2	chr7	+	0	0		0		0		no
ENSMUST00000205694.1|ENSMUSG00000030816|Rnf40	Rnf40	chr7	+	0	0		0		0		no
ENSMUST00000058038.11|ENSMUSG00000045639|Zfp629	Zfp629	chr7	-	0	0		0		0		no
ENSMUST00000106282.7|ENSMUSG00000030814|Bcl7c	Bcl7c	chr7	-	0	0		0		0		no
ENSMUST00000047393.6|ENSMUSG00000042340|Ctf1	Ctf1	chr7	+	0	0		0		0		no
ENSMUST00000206893.1|ENSMUSG00000030811|Fbxl19	Fbxl19	chr7	+	0	0		0		0		no
ENSMUST00000121504.1|ENSMUSG00000043964|Orai3	Orai3	chr7	+	0	0		0		0		no
ENSMUST00000047075.13|ENSMUSG00000042308|Setd1a	Setd1a	chr7	+	0	0		0		0		no
ENSMUST00000154987.7|ENSMUSG00000108815|Gm49388	Gm49388	chr7	+	0	0		0		0		no
ENSMUST00000106271.1|ENSMUSG00000042289|Hsd3b7	Hsd3b7	chr7	+	0	0		0		0		no
ENSMUST00000106267.4|ENSMUSG00000030806|Stx1b	Stx1b	chr7	-	0	0		0		0		no
ENSMUST00000156537.7|ENSMUSG00000030805|Stx4a	Stx4a	chr7	+	0	0		0		0		no
ENSMUST00000054415.11|ENSMUSG00000049728|Zfp668	Zfp668	chr7	-	0	0		0		0		no
ENSMUST00000126662.1|ENSMUSG00000030804|Gm21974	Gm21974	chr7	-	0	0		0		0		no
ENSMUST00000033074.7|ENSMUSG00000096145|Vkorc1	Vkorc1	chr7	-	0	0		0		0		no
ENSMUST00000071056.13|ENSMUSG00000030802|Bckdk	Bckdk	chr7	+	0	0		0		0		no
ENSMUST00000106251.9|ENSMUSG00000030795|Fus	Fus	chr7	+	0	0		0		0		no
ENSMUST00000033056.4|ENSMUSG00000030793|Pycard	Pycard	chr7	-	0	0		0		0		no
ENSMUST00000064821.13|ENSMUSG00000030786|Itgam	Itgam	chr7	+	0	0		0		0		no
ENSMUST00000033053.7|ENSMUSG00000030789|Itgax	Itgax	chr7	+	0	0		0		0		no
ENSMUST00000033049.8|ENSMUSG00000030785|Cox6a2	Cox6a2	chr7	-	0	0		0		0		no
ENSMUST00000078816.4|ENSMUSG00000062944|9130023H24Rik	9130023H24Rik	chr7	-	0	0		0		0		no
ENSMUST00000044660.5|ENSMUSG00000042178|Armc5	Armc5	chr7	+	0	0		0		0		no
ENSMUST00000168825.7|ENSMUSG00000030782|Tgfb1i1	Tgfb1i1	chr7	+	0	0		0		0		no
ENSMUST00000126263.7|ENSMUSG00000030780|BC017158	BC017158	chr7	-	0	0		0		0		no
ENSMUST00000033133.11|ENSMUSG00000030844|Rgs10	Rgs10	chr7	-	0	0		0		0		no
ENSMUST00000033136.8|ENSMUSG00000030847|Bag3	Bag3	chr7	+	0	0		0		0		no
ENSMUST00000202419.2|ENSMUSG00000042105|Inpp5f	Inpp5f	chr7	+	0	0		0		0		no
ENSMUST00000057557.13|ENSMUSG00000048170|Mcmbp	Mcmbp	chr7	-	0	0		0		0		no
ENSMUST00000042942.9|ENSMUSG00000055319|Sec23ip	Sec23ip	chr7	+	0	0		0		0		no
ENSMUST00000205630.1|ENSMUSG00000070366|Plpp4	Plpp4	chr7	+	0	0		0		0		no
ENSMUST00000148752.7|ENSMUSG00000042055|Wdr11	Wdr11	chr7	+	0	0		0		0		no
ENSMUST00000153166.7|ENSMUSG00000030849|Fgfr2	Fgfr2	chr7	-	0	0		0		0		no
ENSMUST00000161076.1|ENSMUSG00000040331|Nsmce4a	Nsmce4a	chr7	-	0	0		0		0		no
ENSMUST00000207789.1|ENSMUSG00000030852|Tacc2	Tacc2	chr7	+	0	0		0		0		no
ENSMUST00000006367.7|ENSMUSG00000006205|Htra1	Htra1	chr7	+	0	0		0		0		no
ENSMUST00000141914.2|ENSMUSG00000063179|Pstk	Pstk	chr7	+	0	0		0		0		no
ENSMUST00000046306.14|ENSMUSG00000040167|Ikzf5	Ikzf5	chr7	-	0	0		0		0		no
ENSMUST00000015829.14|ENSMUSG00000030861|Acadsb	Acadsb	chr7	+	0	0		0		0		no
ENSMUST00000045840.4|ENSMUSG00000040125|Gpr26	Gpr26	chr7	+	0	0		0		0		no
ENSMUST00000033149.4|ENSMUSG00000030862|Cpxm2	Cpxm2	chr7	-	0	0		0		0		no
ENSMUST00000077472.9|ENSMUSG00000030930|Chst15	Chst15	chr7	-	0	0		0		0		no
ENSMUST00000084500.7|ENSMUSG00000030934|Oat	Oat	chr7	-	0	0		0		0		no
ENSMUST00000133969.7|ENSMUSG00000030946|Lhpp	Lhpp	chr7	+	0	0		0		0		no
ENSMUST00000097998.8|ENSMUSG00000030956|Fam53b	Fam53b	chr7	-	0	0		0		0		no
ENSMUST00000141920.2|ENSMUSG00000030960|Eef1akmt2	Eef1akmt2	chr7	-	0	0		0		0		no
ENSMUST00000147786.8|ENSMUSG00000030965|Abraxas2	Abraxas2	chr7	+	0	0		0		0		no
ENSMUST00000138370.1|ENSMUSG00000039990|Edrf1	Edrf1	chr7	+	0	0		0		0		no
ENSMUST00000106146.7|ENSMUSG00000030979|Uros	Uros	chr7	-	0	0		0		0		no
ENSMUST00000033282.4|ENSMUSG00000030983|Bccip	Bccip	chr7	+	0	0		0		0		no
ENSMUST00000033290.11|ENSMUSG00000030986|Dhx32	Dhx32	chr7	-	0	0		0		0		no
ENSMUST00000067680.10|ENSMUSG00000054555|Adam12	Adam12	chr7	-	0	0		0		0		no
ENSMUST00000084488.4|ENSMUSG00000058325|Dock1	Dock1	chr7	+	0	0		0		0		no
ENSMUST00000211140.1|ENSMUSG00000041836|Ptpre	Ptpre	chr7	+	0	0		0		0		no
ENSMUST00000211769.1|ENSMUSG00000031068|Glrx3	Glrx3	chr7	+	0	0		0		0		no
ENSMUST00000148453.7|ENSMUSG00000041769|Ppp2r2d	Ppp2r2d	chr7	+	0	0		0		0		no
ENSMUST00000106112.1|ENSMUSG00000078566|Bnip3	Bnip3	chr7	-	0	0		0		0		no
ENSMUST00000026551.14|ENSMUSG00000025478|Dpysl4	Dpysl4	chr7	+	0	0		0		0		no
ENSMUST00000016125.11|ENSMUSG00000015981|Stk32c	Stk32c	chr7	-	0	0		0		0		no
ENSMUST00000106104.7|ENSMUSG00000015980|Lrrc27	Lrrc27	chr7	+	0	0		0		0		no
ENSMUST00000106098.7|ENSMUSG00000025477|Inpp5a	Inpp5a	chr7	+	0	0		0		0		no
ENSMUST00000097974.8|ENSMUSG00000041309|Nkx6-2	Nkx6-2	chr7	-	0	0		0		0		no
ENSMUST00000173209.1|ENSMUSG00000025473|Adam8	Adam8	chr7	-	0	0		0		0		no
ENSMUST00000210224.1|ENSMUSG00000025474|Tubgcp2	Tubgcp2	chr7	-	0	0		0		0		no
ENSMUST00000211789.1|ENSMUSG00000025470|Zfp511	Zfp511	chr7	+	0	0		0		0		no
ENSMUST00000026541.14|ENSMUSG00000025468|Caly	Caly	chr7	-	0	0		0		0		no
ENSMUST00000211677.1|ENSMUSG00000025466|Fuom	Fuom	chr7	-	0	0		0		0		no
ENSMUST00000026538.12|ENSMUSG00000025465|Echs1	Echs1	chr7	-	0	0		0		0		no
ENSMUST00000026537.12|ENSMUSG00000025464|Paox	Paox	chr7	+	0	0		0		0		no
ENSMUST00000211171.1|ENSMUSG00000039018|Mtg1	Mtg1	chr7	+	0	0		0		0		no
ENSMUST00000059241.7|ENSMUSG00000045733|Sprn	Sprn	chr7	-	0	0		0		0		no
ENSMUST00000026557.9|ENSMUSG00000025484|Bet1l	Bet1l	chr7	-	0	0		0		0		no
ENSMUST00000210708.1|ENSMUSG00000025485|Ric8a	Ric8a	chr7	+	0	0		0		0		no
ENSMUST00000166889.7|ENSMUSG00000025487|Psmd13	Psmd13	chr7	+	0	0		0		0		no
ENSMUST00000163094.8|ENSMUSG00000062031|Pgghg	Pgghg	chr7	+	0	0		0		0		no
ENSMUST00000106042.8|ENSMUSG00000025491|Ifitm1	Ifitm1	chr7	+	0	0		0		0		no
ENSMUST00000209887.1|ENSMUSG00000025494|Sigirr	Sigirr	chr7	-	0	0		0		0		no
ENSMUST00000174058.7|ENSMUSG00000025495|Ptdss2	Ptdss2	chr7	+	0	0		0		0		no
ENSMUST00000026572.10|ENSMUSG00000025499|Hras	Hras	chr7	-	0	0		0		0		no
ENSMUST00000155123.7|ENSMUSG00000038611|Phrf1	Phrf1	chr7	+	0	0		0		0		no
ENSMUST00000209899.1|ENSMUSG00000025498|Irf7	Irf7	chr7	-	0	0		0		0		no
ENSMUST00000211667.1|ENSMUSG00000038580|Sct	Sct	chr7	-	0	0		0		0		no
ENSMUST00000145184.7|ENSMUSG00000025505|Tmem80	Tmem80	chr7	+	0	0		0		0		no
ENSMUST00000026577.12|ENSMUSG00000025504|Eps8l2	Eps8l2	chr7	+	0	0		0		0		no
ENSMUST00000106008.2|ENSMUSG00000051007|Gatd1	Gatd1	chr7	-	0	0		0		0		no
ENSMUST00000084436.9|ENSMUSG00000060240|Cend1	Cend1	chr7	-	0	0		0		0		no
ENSMUST00000124266.7|ENSMUSG00000019082|Slc25a22	Slc25a22	chr7	-	0	0		0		0		no
ENSMUST00000084434.10|ENSMUSG00000025508|Rplp2	Rplp2	chr7	+	0	0		0		0		no
ENSMUST00000116247.2|ENSMUSG00000048200|Cracr2b	Cracr2b	chr7	+	0	0		0		0		no
ENSMUST00000106000.9|ENSMUSG00000025510|Cd151	Cd151	chr7	+	0	0		0		0		no
ENSMUST00000043870.8|ENSMUSG00000038489|Polr2l	Polr2l	chr7	-	0	0		0		0		no
ENSMUST00000026585.13|ENSMUSG00000025511|Tspan4	Tspan4	chr7	+	0	0		0		0		no
ENSMUST00000209452.1|ENSMUSG00000025512|Chid1	Chid1	chr7	-	0	0		0		0		no
ENSMUST00000003038.11|ENSMUSG00000002957|Ap2a2	Ap2a2	chr7	+	0	0		0		0		no
ENSMUST00000001950.11|ENSMUSG00000025139|Tollip	Tollip	chr7	-	0	0		0		0		no
ENSMUST00000210684.1|ENSMUSG00000025147|Mob2	Mob2	chr7	-	0	0		0		0		no
ENSMUST00000039926.9|ENSMUSG00000037887|Dusp8	Dusp8	chr7	-	0	0		0		0		no
ENSMUST00000151120.8|ENSMUSG00000007891|Ctsd	Ctsd	chr7	-	0	0		0		0		no
ENSMUST00000105968.7|ENSMUSG00000018819|Lsp1	Lsp1	chr7	+	0	0		0		0		no
ENSMUST00000000033.11|ENSMUSG00000048583|Igf2	Igf2	chr7	-	3	3	4.88917853292664e-07	150	chr7:142650900-142650950(fdr=2.26e-05);chr7:142651550-142651600(fdr=4.94e-07);chr7:142651600-142651650(fdr=4.89e-07)	0		yes
ENSMUST00000037941.9|ENSMUSG00000037706|Cd81	Cd81	chr7	+	0	0		0		0		no
ENSMUST00000105920.7|ENSMUSG00000045752|Tssc4	Tssc4	chr7	+	0	0		0		0		no
ENSMUST00000009689.10|ENSMUSG00000009545|Kcnq1	Kcnq1	chr7	+	0	0		0		0		no
ENSMUST00000167912.8|ENSMUSG00000037664|Cdkn1c	Cdkn1c	chr7	-	0	0		0		0		no
ENSMUST00000145943.7|ENSMUSG00000000154|Slc22a18	Slc22a18	chr7	+	0	0		0		0		no
ENSMUST00000072727.6|ENSMUSG00000059119|Nap1l4	Nap1l4	chr7	-	0	0		0		0		no
ENSMUST00000208575.1|ENSMUSG00000010755|Cars	Cars	chr7	-	0	0		0		0		no
ENSMUST00000208124.1|ENSMUSG00000045362|Tnfrsf26	Tnfrsf26	chr7	-	0	0		0		0		no
ENSMUST00000035742.13|ENSMUSG00000037613|Tnfrsf23	Tnfrsf23	chr7	-	0	0		0		0		no
ENSMUST00000119499.7|ENSMUSG00000037606|Osbpl5	Osbpl5	chr7	-	0	0		0		0		no
ENSMUST00000054048.9|ENSMUSG00000048965|Mrgpre	Mrgpre	chr7	-	0	0		0		0		no
ENSMUST00000145471.1|ENSMUSG00000058454|Dhcr7	Dhcr7	chr7	+	0	0		0		0		no
ENSMUST00000105902.7|ENSMUSG00000037541|Shank2	Shank2	chr7	+	0	0		0		0		no
ENSMUST00000033407.12|ENSMUSG00000031078|Cttn	Cttn	chr7	-	0	0		0		0		no
ENSMUST00000182958.7|ENSMUSG00000037519|Ppfia1	Ppfia1	chr7	-	0	0		0		0		no
ENSMUST00000033394.7|ENSMUSG00000031077|Fadd	Fadd	chr7	-	0	0		0		0		no
ENSMUST00000121758.7|ENSMUSG00000031075|Ano1	Ano1	chr7	-	0	0		0		0		no
ENSMUST00000128057.7|ENSMUSG00000031072|LTO1	LTO1	chr7	+	0	0		0		0		no
ENSMUST00000093962.4|ENSMUSG00000070348|Ccnd1	Ccnd1	chr7	-	0	0		0		0		no
ENSMUST00000208328.1|ENSMUSG00000048677|Tpcn2	Tpcn2	chr7	-	0	0		0		0		no
ENSMUST00000208839.1|ENSMUSG00000005534|Insr	Insr	chr8	-	0	0		0		0		no
ENSMUST00000004686.12|ENSMUSG00000069633|Pex11g	Pex11g	chr8	-	0	0		0		0		no
ENSMUST00000161842.1|ENSMUSG00000004567|Mcoln1	Mcoln1	chr8	+	0	0		0		0		no
ENSMUST00000004681.13|ENSMUSG00000004565|Pnpla6	Pnpla6	chr8	+	0	0		0		0		no
ENSMUST00000207428.1|ENSMUSG00000087687|Pet100	Pet100	chr8	+	0	0		0		0		no
ENSMUST00000044857.3|ENSMUSG00000040236|Trappc5	Trappc5	chr8	+	0	0		0		0		no
ENSMUST00000012847.2|ENSMUSG00000031494|Cd209a	Cd209a	chr8	-	0	0		0		0		no
ENSMUST00000062686.10|ENSMUSG00000002948|Map2k7	Map2k7	chr8	+	0	0		0		0		no
ENSMUST00000011981.4|ENSMUSG00000011837|Snapc2	Snapc2	chr8	+	0	0		0		0		no
ENSMUST00000053252.8|ENSMUSG00000048644|Ctxn1	Ctxn1	chr8	-	0	0		0		0		no
ENSMUST00000003029.13|ENSMUSG00000002949|Timm44	Timm44	chr8	-	0	0		0		0		no
ENSMUST00000098950.5|ENSMUSG00000040028|Elavl1	Elavl1	chr8	-	0	0		0		0		no
ENSMUST00000155797.7|ENSMUSG00000023235|Ccl25	Ccl25	chr8	+	0	0		0		0		no
ENSMUST00000008350.15|ENSMUSG00000008206|Cers4	Cers4	chr8	+	0	0		0		0		no
ENSMUST00000001319.14|ENSMUSG00000001300|Efnb2	Efnb2	chr8	-	0	0		0		0		no
ENSMUST00000207817.1|ENSMUSG00000040459|Arglu1	Arglu1	chr8	-	0	0		0		0		no
ENSMUST00000139793.7|ENSMUSG00000040396|Abhd13	Abhd13	chr8	+	0	0		0		0		no
ENSMUST00000040514.7|ENSMUSG00000038894|Irs2	Irs2	chr8	-	0	0		0		0		no
ENSMUST00000209735.1|ENSMUSG00000031502|Col4a1	Col4a1	chr8	-	0	0		0		0		no
ENSMUST00000033899.13|ENSMUSG00000031503|Col4a2	Col4a2	chr8	+	0	0		0		0		no
ENSMUST00000033900.6|ENSMUSG00000031504|Rab20	Rab20	chr8	-	0	0		0		0		no
ENSMUST00000054399.5|ENSMUSG00000045969|Ing1	Ing1	chr8	+	0	0		0		0		no
ENSMUST00000211174.1|ENSMUSG00000031508|Ankrd10	Ankrd10	chr8	-	0	0		0		0		no
ENSMUST00000180353.1|ENSMUSG00000096014|Sox1	Sox1	chr8	+	0	0		0		0		no
ENSMUST00000164774.7|ENSMUSG00000000759|Tubgcp3	Tubgcp3	chr8	-	0	0		0		0		no
ENSMUST00000033820.3|ENSMUSG00000031443|F7	F7	chr8	+	0	0		0		0		no
ENSMUST00000168164.7|ENSMUSG00000038542|Pcid2	Pcid2	chr8	-	0	0		0		0		no
ENSMUST00000033824.7|ENSMUSG00000031447|Lamp1	Lamp1	chr8	+	1	1	0.0133685410720408	50	chr8:13175250-13175300(fdr=1.34e-02)	0		yes
ENSMUST00000209895.1|ENSMUSG00000038515|Grtp1	Grtp1	chr8	-	1	1	0.0133685410720408	50	chr8:13175250-13175300(fdr=1.34e-02)	0		yes
ENSMUST00000203467.2|ENSMUSG00000038506|Dcun1d2	Dcun1d2	chr8	-	0	0		0		0		no
ENSMUST00000045229.6|ENSMUSG00000038497|Tmco3	Tmco3	chr8	+	0	0		0		0		no
ENSMUST00000210501.1|ENSMUSG00000038482|Tfdp1	Tfdp1	chr8	+	0	0		0		0		no
ENSMUST00000033828.6|ENSMUSG00000031451|Gas6	Gas6	chr8	-	0	0		0		0		no
ENSMUST00000043962.8|ENSMUSG00000038416|Cdc16	Cdc16	chr8	+	0	0		0		0		no
ENSMUST00000043767.8|ENSMUSG00000038398|Upf3a	Upf3a	chr8	+	0	0		0		0		no
ENSMUST00000051870.7|ENSMUSG00000047710|Champ1	Champ1	chr8	+	0	0		0		0		no
ENSMUST00000033839.8|ENSMUSG00000031458|Coprs	Coprs	chr8	-	0	0		0		0		no
ENSMUST00000043520.4|ENSMUSG00000038365|Fbxo25	Fbxo25	chr8	+	0	0		0		0		no
ENSMUST00000062613.11|ENSMUSG00000050052|Tdrp	Tdrp	chr8	-	0	0		0		0		no
ENSMUST00000110813.4|ENSMUSG00000051978|Erich1	Erich1	chr8	-	0	0		0		0		no
ENSMUST00000133298.7|ENSMUSG00000047495|Dlgap2	Dlgap2	chr8	+	0	0		0		0		no
ENSMUST00000027554.7|ENSMUSG00000026317|Cln8	Cln8	chr8	+	0	0		0		0		no
ENSMUST00000084207.11|ENSMUSG00000071176|Arhgef10	Arhgef10	chr8	+	0	0		0		0		no
ENSMUST00000033846.6|ENSMUSG00000031465|Angpt2	Angpt2	chr8	-	0	0		0		0		no
ENSMUST00000149565.7|ENSMUSG00000031467|Agpat5	Agpat5	chr8	+	0	0		0		0		no
ENSMUST00000033865.15|ENSMUSG00000031478|Nek3	Nek3	chr8	-	0	0		0		0		no
ENSMUST00000033866.8|ENSMUSG00000031479|Vps36	Vps36	chr8	+	0	0		0		0		no
ENSMUST00000069828.9|ENSMUSG00000031480|Thsd1	Thsd1	chr8	+	0	0		0		0		no
ENSMUST00000033871.7|ENSMUSG00000031482|Slc25a15	Slc25a15	chr8	-	0	0		0		0		no
ENSMUST00000163774.2|ENSMUSG00000031534|Smim19	Smim19	chr8	-	0	0		0		0		no
ENSMUST00000067786.8|ENSMUSG00000037656|Slc20a2	Slc20a2	chr8	+	0	0		0		0		no
ENSMUST00000179233.1|ENSMUSG00000008892|Vdac3	Vdac3	chr8	-	0	0		0		0		no
ENSMUST00000210950.1|ENSMUSG00000031536|Polb	Polb	chr8	-	0	0		0		0		no
ENSMUST00000135326.7|ENSMUSG00000031537|Ikbkb	Ikbkb	chr8	-	0	0		0		0		no
ENSMUST00000033941.6|ENSMUSG00000031538|Plat	Plat	chr8	+	0	0		0		0		no
ENSMUST00000163739.2|ENSMUSG00000031539|Ap3m2	Ap3m2	chr8	-	0	0		0		0		no
ENSMUST00000167004.2|ENSMUSG00000031545|Gpat4	Gpat4	chr8	-	0	0		0		0		no
ENSMUST00000033950.6|ENSMUSG00000031546|Gins4	Gins4	chr8	-	0	0		0		0		no
ENSMUST00000051094.8|ENSMUSG00000015341|Golga7	Golga7	chr8	-	0	0		0		0		no
ENSMUST00000033952.7|ENSMUSG00000031548|Sfrp1	Sfrp1	chr8	+	0	0		0		0		no
ENSMUST00000052622.5|ENSMUSG00000056313|Tcim	Tcim	chr8	-	0	0		0		0		no
ENSMUST00000211319.1|ENSMUSG00000031555|Adam9	Adam9	chr8	-	0	0		0		0		no
ENSMUST00000084031.5|ENSMUSG00000037406|Htra4	Htra4	chr8	-	0	0		0		0		no
ENSMUST00000064883.13|ENSMUSG00000031557|Plekha2	Plekha2	chr8	-	0	0		0		0		no
ENSMUST00000210767.1|ENSMUSG00000065954|Tacc1	Tacc1	chr8	-	0	0		0		0		no
ENSMUST00000138104.8|ENSMUSG00000031565|Fgfr1	Fgfr1	chr8	+	0	0		0		0		no
ENSMUST00000124764.7|ENSMUSG00000031570|Plpp5	Plpp5	chr8	+	0	0		0		0		no
ENSMUST00000211009.1|ENSMUSG00000061313|Ddhd2	Ddhd2	chr8	-	0	0		0		0		no
ENSMUST00000038498.9|ENSMUSG00000037316|Bag4	Bag4	chr8	-	0	0		0		0		no
ENSMUST00000139946.7|ENSMUSG00000031575|Ash2l	Ash2l	chr8	-	0	0		0		0		no
ENSMUST00000037609.7|ENSMUSG00000037260|Hgsnat	Hgsnat	chr8	-	0	0		0		0		no
ENSMUST00000061850.4|ENSMUSG00000037251|Pomk	Pomk	chr8	-	0	0		0		0		no
ENSMUST00000016138.10|ENSMUSG00000015994|Fnta	Fnta	chr8	-	0	0		0		0		no
ENSMUST00000037182.13|ENSMUSG00000037234|Hook3	Hook3	chr8	-	0	0		0		0		no
ENSMUST00000036807.12|ENSMUSG00000037214|Thap1	Thap1	chr8	+	0	0		0		0		no
ENSMUST00000154256.2|ENSMUSG00000085795|Zfp703	Zfp703	chr8	+	0	0		0		0		no
ENSMUST00000033873.8|ENSMUSG00000031483|Erlin2	Erlin2	chr8	+	0	0		0		0		no
ENSMUST00000179207.2|ENSMUSG00000031486|Adgra2	Adgra2	chr8	+	0	0		0		0		no
ENSMUST00000054212.6|ENSMUSG00000031488|Rab11fip1	Rab11fip1	chr8	-	0	0		0		0		no
ENSMUST00000033880.6|ENSMUSG00000031490|Eif4ebp1	Eif4ebp1	chr8	+	0	0		0		0		no
ENSMUST00000036631.13|ENSMUSG00000039661|Dusp26	Dusp26	chr8	+	0	0		0		0		no
ENSMUST00000046941.7|ENSMUSG00000039328|Rnf122	Rnf122	chr8	+	0	0		0		0		no
ENSMUST00000098842.2|ENSMUSG00000031577|Tti2	Tti2	chr8	+	0	0		0		0		no
ENSMUST00000033983.5|ENSMUSG00000031578|Mak16	Mak16	chr8	-	0	0		0		0		no
ENSMUST00000161502.1|ENSMUSG00000046152|Fut10	Fut10	chr8	+	0	0		0		0		no
ENSMUST00000033991.12|ENSMUSG00000031583|Wrn	Wrn	chr8	-	0	0		0		0		no
ENSMUST00000078058.4|ENSMUSG00000049184|Purg	Purg	chr8	+	0	0		0		0		no
ENSMUST00000009774.10|ENSMUSG00000009630|Ppp2cb	Ppp2cb	chr8	+	0	0		0		0		no
ENSMUST00000095349.5|ENSMUSG00000052906|Ubxn8	Ubxn8	chr8	-	0	0		0		0		no
ENSMUST00000033992.8|ENSMUSG00000031584|Gsr	Gsr	chr8	+	0	0		0		0		no
ENSMUST00000171010.7|ENSMUSG00000031585|Gtf2e2	Gtf2e2	chr8	+	0	0		0		0		no
ENSMUST00000080152.4|ENSMUSG00000063412|Gm10131	Gm10131	chr8	-	0	0		0		0		no
ENSMUST00000033910.8|ENSMUSG00000031513|Leprotl1	Leprotl1	chr8	-	0	0		0		0		no
ENSMUST00000239436.1|ENSMUSG00000031532|Saraf	Saraf	chr8	+	0	0		0		0		no
ENSMUST00000033930.4|ENSMUSG00000031530|Dusp4	Dusp4	chr8	+	0	0		0		0		no
ENSMUST00000033929.5|ENSMUSG00000031529|Tnks	Tnks	chr8	-	0	0		0		0		no
ENSMUST00000070481.7|ENSMUSG00000046794|Ppp1r3b	Ppp1r3b	chr8	+	0	0		0		0		no
ENSMUST00000033927.7|ENSMUSG00000031527|Eri1	Eri1	chr8	-	0	0		0		0		no
ENSMUST00000037666.5|ENSMUSG00000070056|Mfhas1	Mfhas1	chr8	+	0	0		0		0		no
ENSMUST00000110492.1|ENSMUSG00000050271|Prag1	Prag1	chr8	+	0	0		0		0		no
ENSMUST00000239119.1|ENSMUSG00000039633|Lonrf1	Lonrf1	chr8	-	0	0		0		0		no
ENSMUST00000098825.4|ENSMUSG00000074384|AI429214	AI429214	chr8	+	0	0		0		0		no
ENSMUST00000211241.1|ENSMUSG00000039530|Tusc3	Tusc3	chr8	+	0	0		0		0		no
ENSMUST00000170091.2|ENSMUSG00000025044|Msr1	Msr1	chr8	-	0	0		0		0		no
ENSMUST00000128166.7|ENSMUSG00000039470|Zdhhc2	Zdhhc2	chr8	+	0	0		0		0		no
ENSMUST00000034012.9|ENSMUSG00000031601|Cnot7	Cnot7	chr8	-	0	0		0		0		no
ENSMUST00000057784.14|ENSMUSG00000031596|Slc7a2	Slc7a2	chr8	+	0	0		0		0		no
ENSMUST00000034004.9|ENSMUSG00000031595|Pdgfrl	Pdgfrl	chr8	+	0	0		0		0		no
ENSMUST00000059115.12|ENSMUSG00000045636|Mtus1	Mtus1	chr8	-	0	0		0		0		no
ENSMUST00000045218.8|ENSMUSG00000031592|Pcm1	Pcm1	chr8	+	0	0		0		0		no
ENSMUST00000110417.7|ENSMUSG00000031591|Asah1	Asah1	chr8	-	0	0		0		0		no
ENSMUST00000116473.4|ENSMUSG00000031640|Gm45753	Gm45753	chr8	-	0	0		0		0		no
ENSMUST00000095328.5|ENSMUSG00000079057|Cyp4v3	Cyp4v3	chr8	-	0	0		0		0		no
ENSMUST00000135912.7|ENSMUSG00000070044|Fam149a	Fam149a	chr8	-	0	0		0		0		no
ENSMUST00000130412.7|ENSMUSG00000031634|Ufsp2	Ufsp2	chr8	+	0	0		0		0		no
ENSMUST00000153674.7|ENSMUSG00000050914|Ankrd37	Ankrd37	chr8	-	0	0		0		0		no
ENSMUST00000110377.8|ENSMUSG00000038291|Snx25	Snx25	chr8	-	0	0		0		0		no
ENSMUST00000034048.12|ENSMUSG00000031631|Cfap97	Cfap97	chr8	+	0	0		0		0		no
ENSMUST00000034049.4|ENSMUSG00000031633|Slc25a4	Slc25a4	chr8	-	0	0		0		0		no
ENSMUST00000034046.12|ENSMUSG00000018796|Acsl1	Acsl1	chr8	+	0	0		0		0		no
ENSMUST00000211115.1|ENSMUSG00000031628|Casp3	Casp3	chr8	+	0	0		0		0		no
ENSMUST00000210284.1|ENSMUSG00000031627|Irf2	Irf2	chr8	+	0	0		0		0		no
ENSMUST00000175692.7|ENSMUSG00000031568|Rwdd4a	Rwdd4a	chr8	+	0	0		0		0		no
ENSMUST00000080353.2|ENSMUSG00000063049|Ing2	Ing2	chr8	-	0	0		0		0		no
ENSMUST00000038738.6|ENSMUSG00000038069|Cdkn2aip	Cdkn2aip	chr8	-	0	0		0		0		no
ENSMUST00000057561.8|ENSMUSG00000031563|Wwc2	Wwc2	chr8	-	0	0		0		0		no
ENSMUST00000033965.13|ENSMUSG00000031561|Tenm3	Tenm3	chr8	-	0	0		0		0		no
ENSMUST00000033919.5|ENSMUSG00000031520|Vegfc	Vegfc	chr8	+	0	0		0		0		no
ENSMUST00000067476.8|ENSMUSG00000054408|Spcs3	Spcs3	chr8	-	0	0		0		0		no
ENSMUST00000033915.8|ENSMUSG00000031517|Gpm6a	Gpm6a	chr8	+	0	0		0		5	chr8:55059200-55059250(fdr=4.15e-05);chr8:55059250-55059300(fdr=2.60e-04);chr8:55059300-55059350(fdr=1.50e-06);chr8:55059350-55059400(fdr=1.76e-06);chr8:55059850-55059900(fdr=4.84e-02)	no
ENSMUST00000034026.9|ENSMUSG00000031613|Hpgd	Hpgd	chr8	+	0	0		0		0		no
ENSMUST00000040218.12|ENSMUSG00000038206|Fbxo8	Fbxo8	chr8	+	0	0		0		0		no
ENSMUST00000034022.3|ENSMUSG00000031609|Sap30	Sap30	chr8	-	0	0		0		0		no
ENSMUST00000067925.7|ENSMUSG00000054717|Hmgb2	Hmgb2	chr8	+	0	0		0		0		no
ENSMUST00000034021.11|ENSMUSG00000031608|Galnt7	Galnt7	chr8	-	0	0		0		0		no
ENSMUST00000160719.7|ENSMUSG00000031647|Mfap3l	Mfap3l	chr8	+	0	0		0		0		no
ENSMUST00000149267.7|ENSMUSG00000038005|Hpf1	Hpf1	chr8	+	0	0		0		0		no
ENSMUST00000056508.11|ENSMUSG00000004319|Clcn3	Clcn3	chr8	-	0	0		0		0		no
ENSMUST00000034065.13|ENSMUSG00000031644|Nek1	Nek1	chr8	+	0	0		0		0		no
ENSMUST00000034060.6|ENSMUSG00000031642|Sh3rf1	Sh3rf1	chr8	+	0	0		0		0		no
ENSMUST00000034058.13|ENSMUSG00000031641|Cbr4	Cbr4	chr8	+	0	0		0		0		no
ENSMUST00000121200.8|ENSMUSG00000058056|Palld	Palld	chr8	-	0	0		0		0		no
ENSMUST00000119068.7|ENSMUSG00000054162|Spock3	Spock3	chr8	+	0	0		0		0		no
ENSMUST00000066166.5|ENSMUSG00000053626|Tll1	Tll1	chr8	-	0	0		0		0		no
ENSMUST00000048967.8|ENSMUSG00000037852|Cpe	Cpe	chr8	-	0	0		0		3	chr8:64592850-64592900(fdr=2.87e-05);chr8:64592950-64593000(fdr=1.50e-06);chr8:64593000-64593050(fdr=1.02e-04)	no
ENSMUST00000034015.10|ENSMUSG00000031604|Msmo1	Msmo1	chr8	-	0	0		0		0		no
ENSMUST00000209923.1|ENSMUSG00000025521|Tmem192	Tmem192	chr8	+	0	0		0		0		no
ENSMUST00000110255.7|ENSMUSG00000036469|Marchf1	Marchf1	chr8	+	0	0		0		0		no
ENSMUST00000143972.1|ENSMUSG00000025591|Tma16	Tma16	chr8	-	0	0		0		0		no
ENSMUST00000039303.6|ENSMUSG00000036437|Npy1r	Npy1r	chr8	+	0	0		0		0		no
ENSMUST00000212916.1|ENSMUSG00000014907|Naf1	Naf1	chr8	+	0	0		0		0		no
ENSMUST00000026677.3|ENSMUSG00000025588|Nat1	Nat1	chr8	+	0	0		0		0		no
ENSMUST00000093470.6|ENSMUSG00000051147|Nat2	Nat2	chr8	+	0	0		0		0		no
ENSMUST00000098696.9|ENSMUSG00000030465|Psd3	Psd3	chr8	-	0	0		0		0		no
ENSMUST00000078350.12|ENSMUSG00000036356|Csgalnact1	Csgalnact1	chr8	-	0	0		0		0		no
ENSMUST00000034328.12|ENSMUSG00000031864|Ints10	Ints10	chr8	+	0	0		0		0		no
ENSMUST00000006435.7|ENSMUSG00000006273|Atp6v1b2	Atp6v1b2	chr8	+	0	0		0		0		no
ENSMUST00000212681.1|ENSMUSG00000059897|Zfp930	Zfp930	chr8	+	0	0		0		0		no
ENSMUST00000213012.1|ENSMUSG00000110444|Gm10033	Gm10033	chr8	-	0	0		0		0		no
ENSMUST00000121886.7|ENSMUSG00000060427|Zfp868	Zfp868	chr8	-	0	0		0		0		no
ENSMUST00000238292.1|ENSMUSG00000054648|Zfp869	Zfp869	chr8	-	0	0		0		0		no
ENSMUST00000130458.7|ENSMUSG00000092260|Zfp963	Zfp963	chr8	-	0	0		0		0		no
ENSMUST00000238316.1|ENSMUSG00000031862|Atp13a1	Atp13a1	chr8	+	0	0		0		0		no
ENSMUST00000036074.14|ENSMUSG00000036246|Gmip	Gmip	chr8	+	0	0		0		0		no
ENSMUST00000156319.7|ENSMUSG00000031860|Pbx4	Pbx4	chr8	+	0	0		0		0		no
ENSMUST00000177851.8|ENSMUSG00000036180|Gatad2a	Gatad2a	chr8	-	0	0		0		0		no
ENSMUST00000212845.1|ENSMUSG00000031858|Mau2	Mau2	chr8	-	0	0		0		0		no
ENSMUST00000011450.7|ENSMUSG00000011306|Sugp1	Sugp1	chr8	+	0	0		0		0		no
ENSMUST00000007738.10|ENSMUSG00000007594|Hapln4	Hapln4	chr8	+	0	0		0		0		no
ENSMUST00000002412.8|ENSMUSG00000002341|Ncan	Ncan	chr8	-	0	0		0		0		no
ENSMUST00000075724.8|ENSMUSG00000036120|Rfxank	Rfxank	chr8	-	0	0		0		0		no
ENSMUST00000211898.1|ENSMUSG00000071078|Nr2c2ap	Nr2c2ap	chr8	+	0	0		0		0		no
ENSMUST00000182715.7|ENSMUSG00000002342|Tmem161a	Tmem161a	chr8	+	0	0		0		0		no
ENSMUST00000063788.7|ENSMUSG00000002346|Slc25a42	Slc25a42	chr8	-	0	0		0		0		no
ENSMUST00000019679.11|ENSMUSG00000002343|Armc6	Armc6	chr8	-	0	0		0		0		no
ENSMUST00000140212.7|ENSMUSG00000003573|Homer3	Homer3	chr8	+	0	0		0		0		no
ENSMUST00000008004.9|ENSMUSG00000057788|Ddx49	Ddx49	chr8	-	0	0		0		0		no
ENSMUST00000168018.1|ENSMUSG00000055681|Cope	Cope	chr8	+	0	0		0		0		no
ENSMUST00000140239.3|ENSMUSG00000087408|Cers1	Cers1	chr8	+	0	0		0		0		no
ENSMUST00000076615.5|ENSMUSG00000003575|Crtc1	Crtc1	chr8	-	0	0		0		0		no
ENSMUST00000209415.1|ENSMUSG00000055707|Klhl26	Klhl26	chr8	-	0	0		0		0		no
ENSMUST00000045286.8|ENSMUSG00000035964|Tmem59l	Tmem59l	chr8	-	0	0		0		0		no
ENSMUST00000008032.13|ENSMUSG00000007888|Crlf1	Crlf1	chr8	+	0	0		0		0		no
ENSMUST00000136913.1|ENSMUSG00000058833|Rex1bd	Rex1bd	chr8	-	0	0		0		0		no
ENSMUST00000134893.1|ENSMUSG00000019428|Fkbp8	Fkbp8	chr8	+	0	0		0		0		no
ENSMUST00000093454.7|ENSMUSG00000070002|Ell	Ell	chr8	+	0	0		0		0		no
ENSMUST00000209285.1|ENSMUSG00000019139|Isyna1	Isyna1	chr8	+	0	0		0		0		no
ENSMUST00000211197.1|ENSMUSG00000070003|Ssbp4	Ssbp4	chr8	-	0	0		0		0		no
ENSMUST00000070173.8|ENSMUSG00000056204|Pgpep1	Pgpep1	chr8	-	0	0		0		0		no
ENSMUST00000034311.14|ENSMUSG00000031848|Lsm4	Lsm4	chr8	+	0	0		0		0		no
ENSMUST00000095267.5|ENSMUSG00000071076|Jund	Jund	chr8	+	0	0		0		0		no
ENSMUST00000110093.8|ENSMUSG00000031840|Rab3a	Rab3a	chr8	+	0	0		0		0		no
ENSMUST00000212617.1|ENSMUSG00000035559|Mpv17l2	Mpv17l2	chr8	-	0	0		0		0		no
ENSMUST00000002989.10|ENSMUSG00000002910|Arrdc2	Arrdc2	chr8	-	0	0		0		0		no
ENSMUST00000212243.1|ENSMUSG00000002908|Kcnn1	Kcnn1	chr8	-	0	0		0		0		no
ENSMUST00000007865.6|ENSMUSG00000007721|Ccdc124	Ccdc124	chr8	-	0	0		0		0		no
ENSMUST00000000809.2|ENSMUSG00000000792|Slc5a5	Slc5a5	chr8	-	0	0		0		0		no
ENSMUST00000213053.1|ENSMUSG00000045128|Rpl18a	Rpl18a	chr8	-	0	0		0		0		no
ENSMUST00000123495.7|ENSMUSG00000035439|Haus8	Haus8	chr8	-	0	0		0		0		no
ENSMUST00000110052.1|ENSMUSG00000002396|Ocel1	Ocel1	chr8	+	0	0		0		0		no
ENSMUST00000002466.8|ENSMUSG00000002393|Nr2f6	Nr2f6	chr8	-	0	0		0		0		no
ENSMUST00000212626.1|ENSMUSG00000034911|Ushbp1	Ushbp1	chr8	-	0	0		0		0		no
ENSMUST00000002473.9|ENSMUSG00000031820|Babam1	Babam1	chr8	+	0	0		0		0		no
ENSMUST00000008094.9|ENSMUSG00000007950|Abhd8	Abhd8	chr8	-	0	0		0		0		no
ENSMUST00000048914.7|ENSMUSG00000034880|Mrpl34	Mrpl34	chr8	+	0	0		0		0		no
ENSMUST00000124745.7|ENSMUSG00000074247|Dda1	Dda1	chr8	+	0	0		0		0		no
ENSMUST00000093450.5|ENSMUSG00000034863|Ano8	Ano8	chr8	-	0	0		0		0		no
ENSMUST00000150969.7|ENSMUSG00000007610|Gtpbp3	Gtpbp3	chr8	+	0	0		0		0		no
ENSMUST00000048452.5|ENSMUSG00000034845|Plvap	Plvap	chr8	-	0	0		0		0		no
ENSMUST00000051672.8|ENSMUSG00000046718|Bst2	Bst2	chr8	-	0	0		0		0		no
ENSMUST00000212326.1|ENSMUSG00000031813|Mvb12a	Mvb12a	chr8	+	0	0		0		0		no
ENSMUST00000052072.7|ENSMUSG00000043664|Tmem221	Tmem221	chr8	-	0	0		0		0		no
ENSMUST00000034267.4|ENSMUSG00000031808|Slc27a1	Slc27a1	chr8	+	0	0		0		0		no
ENSMUST00000047903.9|ENSMUSG00000034807|Colgalt1	Colgalt1	chr8	+	0	0		0		0		no
ENSMUST00000175909.7|ENSMUSG00000034799|Unc13a	Unc13a	chr8	-	0	0		0		0		no
ENSMUST00000051995.13|ENSMUSG00000031805|Jak3	Jak3	chr8	+	0	0		0		0		no
ENSMUST00000034261.7|ENSMUSG00000079019|Insl3	Insl3	chr8	+	0	0		0		0		no
ENSMUST00000034260.8|ENSMUSG00000031803|B3gnt3	B3gnt3	chr8	-	0	0		0		0		no
ENSMUST00000188685.6|ENSMUSG00000056019|Zfp709	Zfp709	chr8	+	0	0		0		0		no
ENSMUST00000119003.1|ENSMUSG00000066880|Zfp617	Zfp617	chr8	+	0	0		0		0		no
ENSMUST00000003575.10|ENSMUSG00000031799|Tpm4	Tpm4	chr8	+	0	0		0		0		no
ENSMUST00000003121.8|ENSMUSG00000003037|Rab8a	Rab8a	chr8	+	0	0		0		0		no
ENSMUST00000003123.9|ENSMUSG00000003039|Fam32a	Fam32a	chr8	+	0	0		0		0		no
ENSMUST00000212708.1|ENSMUSG00000003033|Ap1m1	Ap1m1	chr8	+	0	0		0		0		no
ENSMUST00000075602.7|ENSMUSG00000070713|Gm10282	Gm10282	chr8	-	0	0		0		0		no
ENSMUST00000067912.7|ENSMUSG00000055148|Klf2	Klf2	chr8	+	0	0		0		0		no
ENSMUST00000212590.1|ENSMUSG00000006276|Eps15l1	Eps15l1	chr8	-	0	0		0		0		no
ENSMUST00000064853.12|ENSMUSG00000052794|1700030K09Rik	1700030K09Rik	chr8	+	0	0		0		0		no
ENSMUST00000079510.5|ENSMUSG00000052488|Cherp	Cherp	chr8	-	0	0		0		0		no
ENSMUST00000152080.7|ENSMUSG00000019731|Slc35e1	Slc35e1	chr8	-	0	0		0		0		no
ENSMUST00000058534.6|ENSMUSG00000045248|Med26	Med26	chr8	-	0	0		0		0		no
ENSMUST00000167290.7|ENSMUSG00000044600|Smim7	Smim7	chr8	-	0	0		0		0		no
ENSMUST00000211914.1|ENSMUSG00000031791|Tmem38a	Tmem38a	chr8	+	0	0		0		0		no
ENSMUST00000004494.15|ENSMUSG00000031622|Sin3b	Sin3b	chr8	+	0	0		0		0		no
ENSMUST00000004497.10|ENSMUSG00000004383|Large1	Large1	chr8	-	0	0		0		0		no
ENSMUST00000145919.1|ENSMUSG00000034518|Hmgxb4	Hmgxb4	chr8	+	0	0		0		0		no
ENSMUST00000165630.2|ENSMUSG00000042870|Tom1	Tom1	chr8	+	0	0		0		0		no
ENSMUST00000005548.7|ENSMUSG00000005413|Hmox1	Hmox1	chr8	+	0	0		0		0		no
ENSMUST00000164309.2|ENSMUSG00000005410|Mcm5	Mcm5	chr8	+	0	0		0		0		no
ENSMUST00000139848.7|ENSMUSG00000034472|Rasd2	Rasd2	chr8	+	0	0		0		0		no
ENSMUST00000076316.5|ENSMUSG00000037148|Arhgap10	Arhgap10	chr8	-	0	0		0		0		no
ENSMUST00000034030.14|ENSMUSG00000031617|Tmem184c	Tmem184c	chr8	-	0	0		0		0		no
ENSMUST00000034029.7|ENSMUSG00000031616|Ednra	Ednra	chr8	-	0	0		0		0		no
ENSMUST00000049245.9|ENSMUSG00000037070|Rbmxl1	Rbmxl1	chr8	-	0	0		0		0		no
ENSMUST00000130325.7|ENSMUSG00000031683|Lsm6	Lsm6	chr8	-	0	0		0		0		no
ENSMUST00000210231.1|ENSMUSG00000037022|Mmaa	Mmaa	chr8	-	0	0		0		0		no
ENSMUST00000173078.7|ENSMUSG00000036990|Otud4	Otud4	chr8	+	0	0		0		0		no
ENSMUST00000080536.7|ENSMUSG00000058355|Abce1	Abce1	chr8	-	0	0		0		0		no
ENSMUST00000210812.1|ENSMUSG00000036977|Anapc10	Anapc10	chr8	+	0	0		0		0		no
ENSMUST00000043359.8|ENSMUSG00000031715|Smarca5	Smarca5	chr8	-	0	0		0		0		no
ENSMUST00000210676.1|ENSMUSG00000031714|Gab1	Gab1	chr8	-	0	0		0		0		no
ENSMUST00000042724.7|ENSMUSG00000038250|Usp38	Usp38	chr8	-	0	0		0		0		no
ENSMUST00000211462.1|ENSMUSG00000031711|Zfp330	Zfp330	chr8	-	0	0		0		0		no
ENSMUST00000078525.6|ENSMUSG00000047747|Rnf150	Rnf150	chr8	+	0	0		0		0		no
ENSMUST00000093393.4|ENSMUSG00000031709|Tbc1d9	Tbc1d9	chr8	+	0	0		0		0		no
ENSMUST00000177594.7|ENSMUSG00000035151|Elmod2	Elmod2	chr8	-	0	0		0		0		no
ENSMUST00000081506.10|ENSMUSG00000063253|Scoc	Scoc	chr8	-	0	0		0		0		no
ENSMUST00000212005.1|ENSMUSG00000031708|Tecr	Tecr	chr8	-	0	0		0		0		no
ENSMUST00000005620.9|ENSMUSG00000005483|Dnajb1	Dnajb1	chr8	+	0	0		0		0		no
ENSMUST00000019577.9|ENSMUSG00000019433|Gipc1	Gipc1	chr8	+	0	0		0		0		no
ENSMUST00000005616.15|ENSMUSG00000057672|Pkn1	Pkn1	chr8	-	0	0		0		0		no
ENSMUST00000019608.6|ENSMUSG00000019464|Ptger1	Ptger1	chr8	+	0	0		0		0		no
ENSMUST00000212949.1|ENSMUSG00000005481|Ddx39	Ddx39	chr8	+	0	0		0		0		no
ENSMUST00000005607.8|ENSMUSG00000005470|Asf1b	Asf1b	chr8	+	0	0		0		0		no
ENSMUST00000005606.7|ENSMUSG00000005469|Prkaca	Prkaca	chr8	+	0	0		0		0		no
ENSMUST00000095228.4|ENSMUSG00000079003|Samd1	Samd1	chr8	+	0	0		0		0		no
ENSMUST00000005601.8|ENSMUSG00000005465|Il27ra	Il27ra	chr8	-	0	0		0		0		no
ENSMUST00000005600.5|ENSMUSG00000031706|Rfx1	Rfx1	chr8	+	0	0		0		0		no
ENSMUST00000093380.4|ENSMUSG00000012889|Podnl1	Podnl1	chr8	+	0	0		0		0		no
ENSMUST00000117424.8|ENSMUSG00000036686|Cc2d1a	Cc2d1a	chr8	-	0	0		0		0		no
ENSMUST00000039480.6|ENSMUSG00000035671|Zswim4	Zswim4	chr8	-	0	0		0		0		no
ENSMUST00000019506.8|ENSMUSG00000019362|D8Ertd738e	D8Ertd738e	chr8	-	0	0		0		0		no
ENSMUST00000238701.1|ENSMUSG00000034656|Cacna1a	Cacna1a	chr8	+	0	0		0		0		no
ENSMUST00000060427.5|ENSMUSG00000053560|Ier2	Ier2	chr8	-	0	0		0		0		no
ENSMUST00000001975.5|ENSMUSG00000001910|Nacc1	Nacc1	chr8	-	0	0		0		0		no
ENSMUST00000131700.7|ENSMUSG00000001909|Trmt1	Trmt1	chr8	+	0	0		0		0		no
ENSMUST00000076715.12|ENSMUSG00000001911|Nfix	Nfix	chr8	-	0	0		0		0		no
ENSMUST00000065539.5|ENSMUSG00000053226|Dand5	Dand5	chr8	-	0	0		0		0		no
ENSMUST00000036734.5|ENSMUSG00000033751|Gadd45gip1	Gadd45gip1	chr8	+	0	0		0		0		no
ENSMUST00000003911.12|ENSMUSG00000003813|Rad23a	Rad23a	chr8	-	0	0		0		0		no
ENSMUST00000003912.6|ENSMUSG00000003814|Calr	Calr	chr8	-	0	0		0		0		no
ENSMUST00000156970.7|ENSMUSG00000003808|Farsa	Farsa	chr8	+	0	0		0		0		no
ENSMUST00000003922.5|ENSMUSG00000003824|Syce2	Syce2	chr8	+	0	0		0		0		no
ENSMUST00000003907.13|ENSMUSG00000003809|Gcdh	Gcdh	chr8	-	0	0		0		0		no
ENSMUST00000109744.7|ENSMUSG00000003812|Dnase2a	Dnase2a	chr8	+	0	0		0		0		no
ENSMUST00000109738.9|ENSMUSG00000052926|Rnaseh2a	Rnaseh2a	chr8	-	0	0		0		0		no
ENSMUST00000109734.7|ENSMUSG00000005161|Prdx2	Prdx2	chr8	+	0	0		0		0		no
ENSMUST00000064922.6|ENSMUSG00000052837|Junb	Junb	chr8	-	0	0		0		0		no
ENSMUST00000209834.1|ENSMUSG00000052456|Asna1	Asna1	chr8	-	0	0		0		0		no
ENSMUST00000047281.9|ENSMUSG00000041203|Trir	Trir	chr8	+	0	0		0		0		no
ENSMUST00000095220.3|ENSMUSG00000008167|Fbxw9	Fbxw9	chr8	+	0	0		0		0		no
ENSMUST00000152871.7|ENSMUSG00000060038|Dhps	Dhps	chr8	+	0	0		0		0		no
ENSMUST00000149050.1|ENSMUSG00000005150|Wdr83	Wdr83	chr8	-	0	0		0		0		no
ENSMUST00000140621.1|ENSMUSG00000059355|Wdr83os	Wdr83os	chr8	+	0	0		0		0		no
ENSMUST00000209361.1|ENSMUSG00000005142|Man2b1	Man2b1	chr8	+	0	0		0		0		no
ENSMUST00000034131.9|ENSMUSG00000031696|Vps35	Vps35	chr8	-	0	0		0		0		no
ENSMUST00000210146.1|ENSMUSG00000031697|Orc6	Orc6	chr8	+	0	0		0		0		no
ENSMUST00000209355.1|ENSMUSG00000036934|4921524J17Rik	4921524J17Rik	chr8	-	0	0		0		0		no
ENSMUST00000034138.6|ENSMUSG00000031701|Dnaja2	Dnaja2	chr8	-	0	0		0		0		no
ENSMUST00000109686.3|ENSMUSG00000036902|Neto2	Neto2	chr8	-	0	0		0		0		no
ENSMUST00000034140.8|ENSMUSG00000031703|Itfg1	Itfg1	chr8	-	0	0		0		0		no
ENSMUST00000045296.5|ENSMUSG00000036840|Siah1a	Siah1a	chr8	-	0	0		0		0		no
ENSMUST00000034074.7|ENSMUSG00000031652|N4bp1	N4bp1	chr8	-	0	0		0		0		no
ENSMUST00000165770.8|ENSMUSG00000045333|Zfp423	Zfp423	chr8	-	0	0		0		0		no
ENSMUST00000127490.7|ENSMUSG00000036810|Cnep1r1	Cnep1r1	chr8	+	0	0		0		0		no
ENSMUST00000034079.13|ENSMUSG00000031657|Heatr3	Heatr3	chr8	+	0	0		0		0		no
ENSMUST00000119033.7|ENSMUSG00000036779|Tent4b	Tent4b	chr8	+	0	0		0		0		no
ENSMUST00000210688.1|ENSMUSG00000031659|Adcy7	Adcy7	chr8	+	0	0		0		0		no
ENSMUST00000034085.7|ENSMUSG00000031660|Brd7	Brd7	chr8	-	0	0		0		0		no
ENSMUST00000169179.2|ENSMUSG00000031661|Nkd1	Nkd1	chr8	+	0	0		0		0		no
ENSMUST00000034087.8|ENSMUSG00000031662|Snx20	Snx20	chr8	-	0	0		0		0		no
ENSMUST00000043526.14|ENSMUSG00000036712|Cyld	Cyld	chr8	+	0	0		0		0		no
ENSMUST00000034090.7|ENSMUSG00000031665|Sall1	Sall1	chr8	-	0	0		0		0		no
ENSMUST00000209208.1|ENSMUSG00000110332|Gm19935	Gm19935	chr8	-	0	0		0		0		no
ENSMUST00000034091.7|ENSMUSG00000031666|Rbl2	Rbl2	chr8	+	0	0		0		0		no
ENSMUST00000211050.1|ENSMUSG00000031667|Aktip	Aktip	chr8	-	0	0		0		0		no
ENSMUST00000034187.8|ENSMUSG00000031740|Mmp2	Mmp2	chr8	+	0	0		0		0		no
ENSMUST00000209265.1|ENSMUSG00000033192|Lpcat2	Lpcat2	chr8	+	0	0		0		0		no
ENSMUST00000053766.13|ENSMUSG00000031751|Amfr	Amfr	chr8	-	0	0		0		0		no
ENSMUST00000034204.10|ENSMUSG00000031754|Nudt21	Nudt21	chr8	-	0	0		0		0		no
ENSMUST00000109556.8|ENSMUSG00000033009|Ogfod1	Ogfod1	chr8	+	0	0		0		0		no
ENSMUST00000034206.5|ENSMUSG00000031755|Bbs2	Bbs2	chr8	-	0	0		0		0		no
ENSMUST00000211915.1|ENSMUSG00000031760|Mt3	Mt3	chr8	+	0	0		0		0		no
ENSMUST00000211807.1|ENSMUSG00000031765|Mt1	Mt1	chr8	+	0	0		0		0		no
ENSMUST00000212824.1|ENSMUSG00000032939|Nup93	Nup93	chr8	+	0	0		0		0		no
ENSMUST00000159450.1|ENSMUSG00000031770|Herpud1	Herpud1	chr8	+	0	0		0		0		no
ENSMUST00000034226.7|ENSMUSG00000031774|Fam192a	Fam192a	chr8	-	0	0		0		0		no
ENSMUST00000034228.15|ENSMUSG00000031776|Arl2bp	Arl2bp	chr8	+	0	0		0		0		no
ENSMUST00000034227.5|ENSMUSG00000031775|Pllp	Pllp	chr8	-	0	0		0		0		no
ENSMUST00000162538.8|ENSMUSG00000031781|Ciapin1	Ciapin1	chr8	-	0	0		0		0		no
ENSMUST00000034234.14|ENSMUSG00000031782|Coq9	Coq9	chr8	+	0	0		0		0		no
ENSMUST00000211939.1|ENSMUSG00000031783|Polr2c	Polr2c	chr8	+	0	0		0		0		no
ENSMUST00000212810.1|ENSMUSG00000040631|Dok4	Dok4	chr8	-	0	0		0		0		no
ENSMUST00000077955.5|ENSMUSG00000063605|Ccdc102a	Ccdc102a	chr8	-	0	0		0		0		no
ENSMUST00000179619.8|ENSMUSG00000031785|Adgrg1	Adgrg1	chr8	+	0	0		0		0		no
ENSMUST00000169353.2|ENSMUSG00000031788|Kifc3	Kifc3	chr8	-	0	0		0		0		no
ENSMUST00000057717.7|ENSMUSG00000046556|Zfp319	Zfp319	chr8	-	0	0		0		0		no
ENSMUST00000213059.1|ENSMUSG00000031792|Usb1	Usb1	chr8	+	0	0		0		0		no
ENSMUST00000034243.6|ENSMUSG00000031790|Mmp15	Mmp15	chr8	+	0	0		0		0		no
ENSMUST00000212684.1|ENSMUSG00000031796|Cfap20	Cfap20	chr8	-	0	0		0		0		no
ENSMUST00000034094.10|ENSMUSG00000031669|Gins3	Gins3	chr8	+	0	0		0		0		no
ENSMUST00000166358.7|ENSMUSG00000036564|Ndrg4	Ndrg4	chr8	+	0	0		0		0		no
ENSMUST00000141900.7|ENSMUSG00000031671|Setd6	Setd6	chr8	+	0	0		0		0		no
ENSMUST00000213006.1|ENSMUSG00000036550|Cnot1	Cnot1	chr8	-	0	0		0		0		no
ENSMUST00000074053.5|ENSMUSG00000061104|Sap18b	Sap18b	chr8	+	0	0		0		0		no
ENSMUST00000040481.3|ENSMUSG00000036534|Slc38a7	Slc38a7	chr8	-	0	0		0		0		no
ENSMUST00000034097.7|ENSMUSG00000031672|Got2	Got2	chr8	-	0	0		0		0		no
ENSMUST00000075190.4|ENSMUSG00000031673|Cdh11	Cdh11	chr8	-	0	0		0		0		no
ENSMUST00000034339.9|ENSMUSG00000031871|Cdh5	Cdh5	chr8	+	0	0		0		0		no
ENSMUST00000093245.12|ENSMUSG00000031872|Bean1	Bean1	chr8	+	0	0		0		0		no
ENSMUST00000212209.1|ENSMUSG00000035824|Tk2	Tk2	chr8	-	0	0		0		0		no
ENSMUST00000211829.1|ENSMUSG00000054400|Cklf	Cklf	chr8	+	0	0		0		0		no
ENSMUST00000034343.4|ENSMUSG00000031875|Cmtm3	Cmtm3	chr8	+	0	0		0		0		no
ENSMUST00000179802.1|ENSMUSG00000096188|Cmtm4	Cmtm4	chr8	-	0	0		0		0		no
ENSMUST00000041769.7|ENSMUSG00000035770|Dync1li2	Dync1li2	chr8	-	0	0		0		0		no
ENSMUST00000159416.7|ENSMUSG00000031883|Car7	Car7	chr8	+	0	0		0		0		no
ENSMUST00000034351.7|ENSMUSG00000031880|Rrad	Rrad	chr8	-	0	0		0		0		no
ENSMUST00000163140.1|ENSMUSG00000031879|Ciao2b	Ciao2b	chr8	-	0	0		0		0		no
ENSMUST00000109392.8|ENSMUSG00000031885|Cbfb	Cbfb	chr8	+	0	0		0		0		no
ENSMUST00000124113.7|ENSMUSG00000031889|D230025D16Rik	D230025D16Rik	chr8	+	0	0		0		0		no
ENSMUST00000136822.2|ENSMUSG00000069920|B3gnt9	B3gnt9	chr8	-	0	0		0		0		no
ENSMUST00000034359.9|ENSMUSG00000031887|Tradd	Tradd	chr8	-	0	0		0		0		no
ENSMUST00000173102.1|ENSMUSG00000033249|Hsf4	Hsf4	chr8	+	0	0		0		0		no
ENSMUST00000014920.7|ENSMUSG00000014776|Nol3	Nol3	chr8	+	0	0		0		0		no
ENSMUST00000212922.1|ENSMUSG00000014837|4931428F04Rik	4931428F04Rik	chr8	-	0	0		0		0		no
ENSMUST00000212777.1|ENSMUSG00000043251|Exoc3l	Exoc3l	chr8	-	0	0		0		0		no
ENSMUST00000015003.9|ENSMUSG00000014859|E2f4	E2f4	chr8	+	0	0		0		0		no
ENSMUST00000212046.1|ENSMUSG00000014791|Elmo3	Elmo3	chr8	+	0	0		0		0		no
ENSMUST00000109372.2|ENSMUSG00000014856|Tmem208	Tmem208	chr8	+	0	0		0		0		no
ENSMUST00000073149.6|ENSMUSG00000014786|Slc9a5	Slc9a5	chr8	+	0	0		0		0		no
ENSMUST00000014990.12|ENSMUSG00000014846|Tppp3	Tppp3	chr8	-	0	0		0		0		no
ENSMUST00000013304.7|ENSMUSG00000013160|Atp6v0d1	Atp6v0d1	chr8	-	0	0		0		0		no
ENSMUST00000043531.9|ENSMUSG00000038604|Ripor1	Ripor1	chr8	+	0	0		0		0		no
ENSMUST00000005841.15|ENSMUSG00000005698|Ctcf	Ctcf	chr8	+	0	0		0		0		no
ENSMUST00000211870.1|ENSMUSG00000038000|Acd	Acd	chr8	-	0	0		0		0		no
ENSMUST00000013294.15|ENSMUSG00000013150|Gfod2	Gfod2	chr8	-	0	0		0		0		no
ENSMUST00000239468.1|ENSMUSG00000037415|Ranbp10	Ranbp10	chr8	-	0	0		0		0		no
ENSMUST00000212431.1|ENSMUSG00000036672|Cenpt	Cenpt	chr8	-	0	0		0		0		no
ENSMUST00000040445.8|ENSMUSG00000036442|Thap11	Thap11	chr8	+	0	0		0		0		no
ENSMUST00000008594.8|ENSMUSG00000008450|Nutf2	Nutf2	chr8	+	0	0		0		0		no
ENSMUST00000136048.7|ENSMUSG00000036270|Edc4	Edc4	chr8	+	0	0		0		0		no
ENSMUST00000049699.8|ENSMUSG00000048310|Pskh1	Pskh1	chr8	+	0	0		0		0		no
ENSMUST00000116429.8|ENSMUSG00000017765|Slc12a4	Slc12a4	chr8	-	0	0		0		0		no
ENSMUST00000119736.7|ENSMUSG00000031901|Dus2	Dus2	chr8	+	0	0		0		0		no
ENSMUST00000212963.1|ENSMUSG00000031903|Pla2g15	Pla2g15	chr8	+	0	0		0		0		no
ENSMUST00000212377.1|ENSMUSG00000031904|Slc7a6	Slc7a6	chr8	+	0	0		0		0		no
ENSMUST00000035925.6|ENSMUSG00000033106|Slc7a6os	Slc7a6os	chr8	-	0	0		0		0		no
ENSMUST00000071592.11|ENSMUSG00000060098|Prmt7	Prmt7	chr8	+	0	0		0		0		no
ENSMUST00000067512.7|ENSMUSG00000031906|Smpd3	Smpd3	chr8	-	0	0		0		0		no
ENSMUST00000213045.1|ENSMUSG00000031907|Zfp90	Zfp90	chr8	+	0	0		0		0		no
ENSMUST00000177068.7|ENSMUSG00000046691|Chtf8	Chtf8	chr8	-	0	0		0		0		no
ENSMUST00000169312.1|ENSMUSG00000117748|Gm50241	Gm50241	chr8	-	0	0		0		0		no
ENSMUST00000212524.1|ENSMUSG00000041308|Sntb2	Sntb2	chr8	+	0	0		0		0		no
ENSMUST00000034388.9|ENSMUSG00000031913|Vps4a	Vps4a	chr8	+	0	0		0		0		no
ENSMUST00000154271.1|ENSMUSG00000078931|Pdf	Pdf	chr8	-	0	0		0		0		no
ENSMUST00000034392.12|ENSMUSG00000031917|Nip7	Nip7	chr8	+	0	0		0		0		no
ENSMUST00000034400.4|ENSMUSG00000031924|Cyb5b	Cyb5b	chr8	+	0	0		0		0		no
ENSMUST00000003947.8|ENSMUSG00000003849|Nqo1	Nqo1	chr8	-	0	0		0		0		no
ENSMUST00000169311.7|ENSMUSG00000003848|Nob1	Nob1	chr8	-	0	0		0		0		no
ENSMUST00000166615.2|ENSMUSG00000031930|Wwp2	Wwp2	chr8	+	0	0		0		0		no
ENSMUST00000044106.5|ENSMUSG00000039067|Psmd7	Psmd7	chr8	-	0	0		0		0		no
ENSMUST00000042601.8|ENSMUSG00000037993|Dhx38	Dhx38	chr8	-	0	0		0		0		no
ENSMUST00000034159.7|ENSMUSG00000031723|Txnl4b	Txnl4b	chr8	+	0	0		0		0		no
ENSMUST00000034164.5|ENSMUSG00000031729|Ist1	Ist1	chr8	-	0	0		0		0		no
ENSMUST00000212964.1|ENSMUSG00000031728|Zfp821	Zfp821	chr8	+	0	0		0		0		no
ENSMUST00000093157.12|ENSMUSG00000031731|Ap1g1	Ap1g1	chr8	+	0	0		0		0		no
ENSMUST00000003754.7|ENSMUSG00000003657|Calb2	Calb2	chr8	-	0	0		0		0		no
ENSMUST00000056972.5|ENSMUSG00000046441|Cmtr2	Cmtr2	chr8	+	0	0		0		0		no
ENSMUST00000213003.1|ENSMUSG00000010936|Vac14	Vac14	chr8	+	0	0		0		0		no
ENSMUST00000052457.14|ENSMUSG00000033763|Mtss2	Mtss2	chr8	+	0	0		0		0		no
ENSMUST00000150680.1|ENSMUSG00000031750|Il34	Il34	chr8	-	0	0		0		0		no
ENSMUST00000042012.6|ENSMUSG00000033732|Sf3b3	Sf3b3	chr8	-	0	0		0		0		no
ENSMUST00000172542.1|ENSMUSG00000031753|Cog4	Cog4	chr8	+	0	0		0		0		no
ENSMUST00000034197.4|ENSMUSG00000031749|St3gal2	St3gal2	chr8	+	0	0		0		0		no
ENSMUST00000040416.7|ENSMUSG00000015023|Ddx19a	Ddx19a	chr8	-	0	0		0		0		no
ENSMUST00000040241.14|ENSMUSG00000033658|Ddx19b	Ddx19b	chr8	-	0	0		0		0		no
ENSMUST00000034441.7|ENSMUSG00000031960|Aars	Aars	chr8	+	0	0		0		0		no
ENSMUST00000210390.1|ENSMUSG00000109941|Exosc6	Exosc6	chr8	+	0	0		0		0		no
ENSMUST00000164283.7|ENSMUSG00000003316|Glg1	Glg1	chr8	-	0	0		0		0		no
ENSMUST00000038739.4|ENSMUSG00000033596|Rfwd3	Rfwd3	chr8	-	0	0		0		0		no
ENSMUST00000056157.13|ENSMUSG00000012519|Mlkl	Mlkl	chr8	-	0	0		0		0		no
ENSMUST00000038193.14|ENSMUSG00000031959|Wdr59	Wdr59	chr8	-	0	0		0		0		no
ENSMUST00000070004.3|ENSMUSG00000031958|Ldhd	Ldhd	chr8	-	0	0		0		0		no
ENSMUST00000166232.3|ENSMUSG00000031955|Bcar1	Bcar1	chr8	-	0	0		0		0		no
ENSMUST00000034432.6|ENSMUSG00000031954|Cfdp1	Cfdp1	chr8	-	0	0		0		0		no
ENSMUST00000211866.1|ENSMUSG00000031951|Tmem231	Tmem231	chr8	-	0	0		0		0		no
ENSMUST00000034428.7|ENSMUSG00000031950|Gabarapl2	Gabarapl2	chr8	+	0	0		0		0		no
ENSMUST00000052138.10|ENSMUSG00000033430|Terf2ip	Terf2ip	chr8	+	0	0		0		0		no
ENSMUST00000035777.9|ENSMUSG00000078908|Mon1b	Mon1b	chr8	+	0	0		0		0		no
ENSMUST00000073521.11|ENSMUSG00000031767|Nudt7	Nudt7	chr8	+	0	0		0		0		no
ENSMUST00000109102.3|ENSMUSG00000031758|Cdyl2	Cdyl2	chr8	-	0	0		0		0		no
ENSMUST00000034205.4|ENSMUSG00000031756|Cenpn	Cenpn	chr8	+	0	0		0		0		no
ENSMUST00000109099.3|ENSMUSG00000047388|Atmin	Atmin	chr8	+	0	0		0		0		no
ENSMUST00000040484.5|ENSMUSG00000034424|Gcsh	Gcsh	chr8	-	0	0		0		0		no
ENSMUST00000162997.2|ENSMUSG00000052557|Gan	Gan	chr8	+	0	0		0		0		no
ENSMUST00000081232.8|ENSMUSG00000034330|Plcg2	Plcg2	chr8	+	0	0		0		0		no
ENSMUST00000037955.13|ENSMUSG00000034308|Sdr42e1	Sdr42e1	chr8	-	0	0		0		0		no
ENSMUST00000034303.2|ENSMUSG00000031843|Mphosph6	Mphosph6	chr8	-	0	0		0		0		no
ENSMUST00000117160.1|ENSMUSG00000031841|Cdh13	Cdh13	chr8	+	0	0		0		0		no
ENSMUST00000034300.7|ENSMUSG00000031839|Hsbp1	Hsbp1	chr8	+	0	0		0		0		no
ENSMUST00000098367.4|ENSMUSG00000074064|Mlycd	Mlycd	chr8	+	0	0		0		0		no
ENSMUST00000098365.3|ENSMUSG00000074063|Osgin1	Osgin1	chr8	+	0	0		0		0		no
ENSMUST00000098363.9|ENSMUSG00000031837|Necab2	Necab2	chr8	+	0	0		0		0		no
ENSMUST00000098362.10|ENSMUSG00000031835|Mbtps1	Mbtps1	chr8	-	0	0		0		0		no
ENSMUST00000036049.5|ENSMUSG00000034189|Hsdl1	Hsdl1	chr8	-	0	0		0		0		no
ENSMUST00000147964.7|ENSMUSG00000031832|Taf1c	Taf1c	chr8	-	0	0		0		0		no
ENSMUST00000164382.1|ENSMUSG00000045246|Kcng4	Kcng4	chr8	-	0	0		0		0		no
ENSMUST00000024107.6|ENSMUSG00000023336|Wfdc1	Wfdc1	chr8	+	0	0		0		0		no
ENSMUST00000049156.6|ENSMUSG00000034105|Meak7	Meak7	chr8	-	0	0		0		0		no
ENSMUST00000034285.13|ENSMUSG00000031827|Cotl1	Cotl1	chr8	-	0	0		0		0		no
ENSMUST00000108988.8|ENSMUSG00000031826|Usp10	Usp10	chr8	+	0	0		0		0		no
ENSMUST00000127664.1|ENSMUSG00000092329|Galnt2l	Galnt2l	chr8	+	0	0		0		0		no
ENSMUST00000132583.7|ENSMUSG00000031825|Crispld2	Crispld2	chr8	+	0	0		0		0		no
ENSMUST00000034280.8|ENSMUSG00000031823|Zdhhc7	Zdhhc7	chr8	-	0	0		0		0		no
ENSMUST00000034281.12|ENSMUSG00000031824|6430548M08Rik	6430548M08Rik	chr8	+	0	0		0		0		no
ENSMUST00000034279.15|ENSMUSG00000031822|Gse1	Gse1	chr8	+	0	0		0		0		no
ENSMUST00000034278.5|ENSMUSG00000031821|Gins2	Gins2	chr8	-	0	0		0		0		no
ENSMUST00000034277.13|ENSMUSG00000031819|Emc8	Emc8	chr8	-	0	0		0		0		no
ENSMUST00000047737.9|ENSMUSG00000041515|Irf8	Irf8	chr8	+	0	0		0		0		no
ENSMUST00000181504.1|ENSMUSG00000042812|Foxf1	Foxf1	chr8	+	0	0		0		0		no
ENSMUST00000128052.7|ENSMUSG00000031816|Mthfsd	Mthfsd	chr8	-	0	0		0		0		no
ENSMUST00000054691.7|ENSMUSG00000046714|Foxc2	Foxc2	chr8	+	0	0		0		0		no
ENSMUST00000059018.13|ENSMUSG00000052934|Fbxo31	Fbxo31	chr8	-	0	0		0		0		no
ENSMUST00000046386.4|ENSMUSG00000061410|Zcchc14	Zcchc14	chr8	-	0	0		0		0		no
ENSMUST00000167439.1|ENSMUSG00000025318|Jph3	Jph3	chr8	+	0	0		0		0		no
ENSMUST00000174665.7|ENSMUSG00000040263|Klhdc4	Klhdc4	chr8	-	0	0		0		0		no
ENSMUST00000045557.9|ENSMUSG00000040010|Slc7a5	Slc7a5	chr8	-	0	0		0		0		no
ENSMUST00000057653.7|ENSMUSG00000025317|Car5a	Car5a	chr8	-	0	0		0		0		no
ENSMUST00000172681.7|ENSMUSG00000025316|Banp	Banp	chr8	+	0	0		0		0		no
ENSMUST00000093073.11|ENSMUSG00000017478|Zc3h18	Zc3h18	chr8	+	0	0		0		0		no
ENSMUST00000014614.3|ENSMUSG00000014470|Rnf166	Rnf166	chr8	-	0	0		0		0		no
ENSMUST00000151855.7|ENSMUSG00000049482|Ctu2	Ctu2	chr8	+	0	0		0		0		no
ENSMUST00000128383.7|ENSMUSG00000014444|Piezo1	Piezo1	chr8	-	0	0		0		0		no
ENSMUST00000006760.2|ENSMUSG00000006585|Cdt1	Cdt1	chr8	+	0	0		0		0		no
ENSMUST00000015171.10|ENSMUSG00000015027|Galns	Galns	chr8	-	0	0		0		0		no
ENSMUST00000015157.9|ENSMUSG00000015013|Trappc2l	Trappc2l	chr8	+	0	0		0		0		no
ENSMUST00000127984.8|ENSMUSG00000006362|Cbfa2t3	Cbfa2t3	chr8	-	0	0		0		0		no
ENSMUST00000172906.7|ENSMUSG00000035569|Ankrd11	Ankrd11	chr8	-	0	0		0		0		no
ENSMUST00000153492.7|ENSMUSG00000000738|Spg7	Spg7	chr8	+	0	0		0		0		no
ENSMUST00000037900.8|ENSMUSG00000034796|Cpne7	Cpne7	chr8	+	0	0		0		0		no
ENSMUST00000019422.5|ENSMUSG00000019278|Dpep1	Dpep1	chr8	+	0	0		0		0		no
ENSMUST00000000759.8|ENSMUSG00000000743|Chmp1a	Chmp1a	chr8	-	0	0		0		0		no
ENSMUST00000166768.2|ENSMUSG00000033594|Spata2l	Spata2l	chr8	-	0	0		0		0		no
ENSMUST00000155869.7|ENSMUSG00000001062|Vps9d1	Vps9d1	chr8	-	0	0		0		0		no
ENSMUST00000001092.14|ENSMUSG00000001065|Zfp276	Zfp276	chr8	+	0	0		0		0		no
ENSMUST00000211932.1|ENSMUSG00000001472|Tcf25	Tcf25	chr8	+	0	0		0		0		no
ENSMUST00000212743.1|ENSMUSG00000062380|Tubb3	Tubb3	chr8	+	0	0		0		0		no
ENSMUST00000065534.9|ENSMUSG00000001482|Def8	Def8	chr8	+	0	0		0		0		no
ENSMUST00000098320.5|ENSMUSG00000031967|Afg3l1	Afg3l1	chr8	+	0	0		0		0		no
ENSMUST00000177240.7|ENSMUSG00000031970|Dbndd1	Dbndd1	chr8	-	0	0		0		0		no
ENSMUST00000045487.3|ENSMUSG00000039960|Rhou	Rhou	chr8	+	0	0		0		0		no
ENSMUST00000034452.11|ENSMUSG00000031971|Ccsap	Ccsap	chr8	-	0	0		0		0		no
ENSMUST00000034453.5|ENSMUSG00000031972|Acta1	Acta1	chr8	-	0	0		0		0		no
ENSMUST00000075578.6|ENSMUSG00000031974|Abcb10	Abcb10	chr8	-	0	0		0		0		no
ENSMUST00000093039.5|ENSMUSG00000038697|Taf5l	Taf5l	chr8	-	0	0		0		0		no
ENSMUST00000034458.8|ENSMUSG00000089704|Galnt2	Galnt2	chr8	+	0	0		0		0		no
ENSMUST00000052580.9|ENSMUSG00000050751|Pgbd5	Pgbd5	chr8	-	0	0		0		0		no
ENSMUST00000176159.1|ENSMUSG00000031979|Cog2	Cog2	chr8	+	0	0		0		0		no
ENSMUST00000238882.1|ENSMUSG00000031980|Agt	Agt	chr8	-	0	0		0		0		no
ENSMUST00000034464.7|ENSMUSG00000031983|2310022B05Rik	2310022B05Rik	chr8	-	0	0		0		0		no
ENSMUST00000117624.8|ENSMUSG00000037300|Ttc13	Ttc13	chr8	-	0	0		0		0		no
ENSMUST00000212036.1|ENSMUSG00000031982|Arv1	Arv1	chr8	+	0	0		0		0		no
ENSMUST00000034465.8|ENSMUSG00000031984|2810004N23Rik	2810004N23Rik	chr8	-	0	0		0		0		no
ENSMUST00000034466.9|ENSMUSG00000031985|Gnpat	Gnpat	chr8	+	0	0		0		0		no
ENSMUST00000098312.3|ENSMUSG00000074030|Exoc8	Exoc8	chr8	-	0	0		0		0		no
ENSMUST00000034469.6|ENSMUSG00000031987|Egln1	Egln1	chr8	-	0	0		0		0		no
ENSMUST00000108775.1|ENSMUSG00000001995|Sipa1l2	Sipa1l2	chr8	-	0	0		0		0		no
ENSMUST00000053078.4|ENSMUSG00000050930|Map10	Map10	chr8	+	0	0		0		0		no
ENSMUST00000065135.11|ENSMUSG00000031851|Ntpcr	Ntpcr	chr8	+	0	0		0		0		no
ENSMUST00000047239.12|ENSMUSG00000060212|Pcnx2	Pcnx2	chr8	-	0	0		0		0		no
ENSMUST00000046765.9|ENSMUSG00000033998|Kcnk1	Kcnk1	chr8	+	0	0		0		0		no
ENSMUST00000059093.6|ENSMUSG00000051671|Coa6	Coa6	chr8	+	0	0		0		0		no
ENSMUST00000054960.7|ENSMUSG00000051495|Irf2bp2	Irf2bp2	chr8	-	0	0		0		0		no
ENSMUST00000179857.2|ENSMUSG00000093904|Tomm20	Tomm20	chr8	-	0	0		0		0		no
ENSMUST00000045994.7|ENSMUSG00000033931|Rbm34	Rbm34	chr8	-	0	0		0		0		no
ENSMUST00000026917.9|ENSMUSG00000025810|Nrp1	Nrp1	chr8	+	0	0		0		0		no
ENSMUST00000124826.1|ENSMUSG00000025809|Itgb1	Itgb1	chr8	+	0	0		0		0		no
ENSMUST00000190157.6|ENSMUSG00000071302|2610044O15Rik8	2610044O15Rik8	chr8	-	0	0		0		0		no
ENSMUST00000027027.6|ENSMUSG00000025898|Cwf19l2	Cwf19l2	chr9	+	0	0		0		0		no
ENSMUST00000212066.1|ENSMUSG00000025894|Aasdhppt	Aasdhppt	chr9	-	0	0		0		0		no
ENSMUST00000212075.1|ENSMUSG00000041124|Msantd4	Msantd4	chr9	+	0	0		0		0		no
ENSMUST00000238730.1|ENSMUSG00000025888|Casp1	Casp1	chr9	+	0	0		0		0		no
ENSMUST00000159461.7|ENSMUSG00000033538|Casp4	Casp4	chr9	+	0	0		0		0		no
ENSMUST00000151788.7|ENSMUSG00000025887|Casp12	Casp12	chr9	+	0	0		0		0		no
ENSMUST00000214892.1|ENSMUSG00000032006|Pdgfd	Pdgfd	chr9	+	0	0		0		0		no
ENSMUST00000215683.1|ENSMUSG00000032002|Dcun1d5	Dcun1d5	chr9	+	0	0		0		0		no
ENSMUST00000015394.9|ENSMUSG00000050578|Mmp13	Mmp13	chr9	+	0	0		0		0		no
ENSMUST00000127722.1|ENSMUSG00000049723|Mmp12	Mmp12	chr9	+	0	0		0		0		no
ENSMUST00000034497.7|ENSMUSG00000043613|Mmp3	Mmp3	chr9	+	0	0		0		0		no
ENSMUST00000034488.3|ENSMUSG00000047562|Mmp10	Mmp10	chr9	+	0	0		0		0		no
ENSMUST00000018765.3|ENSMUSG00000005800|Mmp8	Mmp8	chr9	+	0	0		0		0		no
ENSMUST00000152878.2|ENSMUSG00000070323|Mmp27	Mmp27	chr9	+	0	0		0		0		no
ENSMUST00000190341.6|ENSMUSG00000057367|Birc2	Birc2	chr9	-	0	0		0		0		no
ENSMUST00000173264.7|ENSMUSG00000053110|Yap1	Yap1	chr9	-	0	0		0		0		no
ENSMUST00000065291.1|ENSMUSG00000053070|Cfap300	Cfap300	chr9	-	0	0		0		0		no
ENSMUST00000093893.11|ENSMUSG00000050730|Arhgap42	Arhgap42	chr9	-	0	0		0		0		no
ENSMUST00000110582.3|ENSMUSG00000079083|Jrkl	Jrkl	chr9	-	0	0		0		0		no
ENSMUST00000217444.1|ENSMUSG00000079084|Ccdc82	Ccdc82	chr9	+	0	0		0		0		no
ENSMUST00000159294.8|ENSMUSG00000031925|Maml2	Maml2	chr9	+	0	0		0		0		no
ENSMUST00000208222.1|ENSMUSG00000032009|Sesn3	Sesn3	chr9	+	0	0		0		0		no
ENSMUST00000167549.1|ENSMUSG00000037419|Endod1	Endod1	chr9	-	0	0		0		0		no
ENSMUST00000004200.8|ENSMUSG00000004096|Cwc15	Cwc15	chr9	+	0	0		0		0		no
ENSMUST00000013220.7|ENSMUSG00000013076|Amotl1	Amotl1	chr9	-	0	0		0		0		no
ENSMUST00000061498.6|ENSMUSG00000049307|Fut4	Fut4	chr9	-	0	0		0		0		no
ENSMUST00000115632.9|ENSMUSG00000031928|Mre11a	Mre11a	chr9	+	0	0		0		0		no
ENSMUST00000164273.8|ENSMUSG00000031934|Panx1	Panx1	chr9	-	0	0		0		0		no
ENSMUST00000034411.9|ENSMUSG00000031935|Med17	Med17	chr9	-	0	0		0		0		no
ENSMUST00000045620.9|ENSMUSG00000058173|Smco4	Smco4	chr9	+	0	0		0		0		no
ENSMUST00000061568.8|ENSMUSG00000043885|Slc36a4	Slc36a4	chr9	+	0	0		0		0		no
ENSMUST00000216800.1|ENSMUSG00000001774|Chordc1	Chordc1	chr9	+	0	0		0		0		no
ENSMUST00000172171.7|ENSMUSG00000043943|Naalad2	Naalad2	chr9	-	0	0		0		0		no
ENSMUST00000208694.1|ENSMUSG00000057551|Zfp317	Zfp317	chr9	+	0	0		0		0		no
ENSMUST00000168095.7|ENSMUSG00000059475|Zfp426	Zfp426	chr9	-	0	0		0		0		no
ENSMUST00000115557.9|ENSMUSG00000058192|Zfp846	Zfp846	chr9	+	0	0		0		0		no
ENSMUST00000131128.1|ENSMUSG00000066892|Fbxl12	Fbxl12	chr9	-	0	0		0		0		no
ENSMUST00000034689.7|ENSMUSG00000032171|Pin1	Pin1	chr9	+	0	0		0		0		no
ENSMUST00000034692.8|ENSMUSG00000032172|Olfm2	Olfm2	chr9	-	0	0		0		0		no
ENSMUST00000004201.7|ENSMUSG00000004098|Col5a3	Col5a3	chr9	-	0	0		0		0		no
ENSMUST00000043911.7|ENSMUSG00000038884|Shfl	Shfl	chr9	+	0	0		0		0		no
ENSMUST00000214331.1|ENSMUSG00000004100|Ppan	Ppan	chr9	+	0	0		0		0		no
ENSMUST00000178110.2|ENSMUSG00000004099|Dnmt1	Dnmt1	chr9	-	0	0		0		0		no
ENSMUST00000054197.6|ENSMUSG00000043895|S1pr2	S1pr2	chr9	-	0	0		0		0		no
ENSMUST00000086399.5|ENSMUSG00000037405|Icam1	Icam1	chr9	+	0	0		0		0		no
ENSMUST00000213826.1|ENSMUSG00000111692|Gm49373	Gm49373	chr9	-	0	0		0		0		no
ENSMUST00000217359.1|ENSMUSG00000111497|Gm38431	Gm38431	chr9	-	0	0		0		0		no
ENSMUST00000010348.6|ENSMUSG00000079677|Fdx2	Fdx2	chr9	-	0	0		0		0		no
ENSMUST00000115487.2|ENSMUSG00000010205|Raver1	Raver1	chr9	-	0	0		0		0		no
ENSMUST00000001036.10|ENSMUSG00000032175|Tyk2	Tyk2	chr9	-	0	0		0		0		no
ENSMUST00000019615.10|ENSMUSG00000019471|Cdc37	Cdc37	chr9	-	0	0		0		0		no
ENSMUST00000039413.14|ENSMUSG00000032177|Pde4a	Pde4a	chr9	+	0	0		0		0		no
ENSMUST00000194542.5|ENSMUSG00000003308|Keap1	Keap1	chr9	-	0	0		0		0		no
ENSMUST00000122088.1|ENSMUSG00000045087|S1pr5	S1pr5	chr9	-	0	0		0		0		no
ENSMUST00000065005.4|ENSMUSG00000002820|Atg4d	Atg4d	chr9	+	0	0		0		0		no
ENSMUST00000038671.9|ENSMUSG00000035047|Kri1	Kri1	chr9	-	0	0		0		0		no
ENSMUST00000215574.1|ENSMUSG00000057193|Slc44a2	Slc44a2	chr9	+	0	0		0		0		no
ENSMUST00000215169.1|ENSMUSG00000032178|Ilf3	Ilf3	chr9	+	0	0		0		0		no
ENSMUST00000214681.1|ENSMUSG00000002825|Qtrt1	Qtrt1	chr9	+	0	0		0		0		no
ENSMUST00000174828.1|ENSMUSG00000033335|Dnm2	Dnm2	chr9	+	0	0		0		0		no
ENSMUST00000214285.1|ENSMUSG00000032180|Tmed1	Tmed1	chr9	-	0	0		0		0		no
ENSMUST00000076326.6|ENSMUSG00000057191|AB124611	AB124611	chr9	+	0	0		0		0		no
ENSMUST00000078572.8|ENSMUSG00000032182|Yipf2	Yipf2	chr9	-	0	0		0		0		no
ENSMUST00000062125.10|ENSMUSG00000048429|Timm29	Timm29	chr9	+	0	0		0		0		no
ENSMUST00000098948.9|ENSMUSG00000032187|Smarca4	Smarca4	chr9	+	0	0		0		0		no
ENSMUST00000034713.8|ENSMUSG00000032193|Ldlr	Ldlr	chr9	+	0	0		0		0		no
ENSMUST00000216008.1|ENSMUSG00000032194|Kank2	Kank2	chr9	-	0	0		0		0		no
ENSMUST00000215729.1|ENSMUSG00000032198|Dock6	Dock6	chr9	-	0	0		0		0		no
ENSMUST00000115351.9|ENSMUSG00000019066|Rab3d	Rab3d	chr9	-	0	0		0		0		no
ENSMUST00000214734.1|ENSMUSG00000006241|Ccdc159	Ccdc159	chr9	+	0	0		0		0		no
ENSMUST00000190387.6|ENSMUSG00000040563|Plppr2	Plppr2	chr9	+	0	0		0		0		no
ENSMUST00000053583.6|ENSMUSG00000051238|Swsap1	Swsap1	chr9	+	0	0		0		0		no
ENSMUST00000215851.1|ENSMUSG00000040146|Rgl3	Rgl3	chr9	-	0	0		0		0		no
ENSMUST00000216344.1|ENSMUSG00000003402|Prkcsh	Prkcsh	chr9	+	0	0		0		0		no
ENSMUST00000003501.8|ENSMUSG00000003410|Elavl3	Elavl3	chr9	-	0	0		0		0		no
ENSMUST00000213738.1|ENSMUSG00000111842|Gm49318	Gm49318	chr9	-	0	0		0		0		no
ENSMUST00000043922.6|ENSMUSG00000038895|Zfp653	Zfp653	chr9	-	0	0		0		0		no
ENSMUST00000001384.5|ENSMUSG00000001349|Cnn1	Cnn1	chr9	+	0	0		0		0		no
ENSMUST00000166335.1|ENSMUSG00000013822|Elof1	Elof1	chr9	-	0	0		0		0		no
ENSMUST00000069330.13|ENSMUSG00000001348|Acp5	Acp5	chr9	-	0	0		0		0		no
ENSMUST00000213371.1|ENSMUSG00000057982|Zfp809	Zfp809	chr9	+	0	0		0		0		no
ENSMUST00000086278.6|ENSMUSG00000066829|Zfp810	Zfp810	chr9	-	0	0		0		0		no
ENSMUST00000040912.8|ENSMUSG00000036777|Anln	Anln	chr9	-	0	0		0		0		no
ENSMUST00000058868.8|ENSMUSG00000036411|9530077C05Rik	9530077C05Rik	chr9	+	0	0		0		0		no
ENSMUST00000127296.7|ENSMUSG00000035919|Bbs9	Bbs9	chr9	+	0	0		0		0		no
ENSMUST00000071982.6|ENSMUSG00000031963|Bmper	Bmper	chr9	+	0	0		0		0		no
ENSMUST00000115277.8|ENSMUSG00000043067|Dpy19l1	Dpy19l1	chr9	-	0	0		0		0		no
ENSMUST00000008573.8|ENSMUSG00000008429|Herpud2	Herpud2	chr9	-	0	0		0		0		no
ENSMUST00000115272.8|ENSMUSG00000001833|Septin7	Septin7	chr9	+	0	0		0		0		no
ENSMUST00000040677.5|ENSMUSG00000036611|Eepd1	Eepd1	chr9	+	0	0		0		0		no
ENSMUST00000128923.7|ENSMUSG00000031969|Acad8	Acad8	chr9	-	0	0		0		0		no
ENSMUST00000034470.10|ENSMUSG00000031988|Vps26b	Vps26b	chr9	-	0	0		0		0		no
ENSMUST00000086198.4|ENSMUSG00000035024|Ncapd3	Ncapd3	chr9	+	0	0		0		0		no
ENSMUST00000034472.15|ENSMUSG00000031990|Jam3	Jam3	chr9	-	0	0		0		0		no
ENSMUST00000115243.8|ENSMUSG00000062257|Opcml	Opcml	chr9	+	1	1	0.0004685516375634	50	chr9:28921150-28921200(fdr=4.69e-04)	0		yes
ENSMUST00000075069.10|ENSMUSG00000059974|Ntm	Ntm	chr9	-	0	0		0		0		no
ENSMUST00000164099.2|ENSMUSG00000031993|Snx19	Snx19	chr9	+	0	0		0		0		no
ENSMUST00000065112.6|ENSMUSG00000033453|Adamts15	Adamts15	chr9	-	0	0		0		0		no
ENSMUST00000163037.1|ENSMUSG00000031994|Adamts8	Adamts8	chr9	+	0	0		0		0		no
ENSMUST00000115222.9|ENSMUSG00000047412|Zbtb44	Zbtb44	chr9	+	0	0		0		0		no
ENSMUST00000217641.1|ENSMUSG00000031996|Aplp2	Aplp2	chr9	-	0	0		0		0		no
ENSMUST00000016231.13|ENSMUSG00000016087|Fli1	Fli1	chr9	-	0	0		0		0		no
ENSMUST00000034534.12|ENSMUSG00000032035|Ets1	Ets1	chr9	+	0	0		0		0		no
ENSMUST00000187625.6|ENSMUSG00000032036|Kirrel3	Kirrel3	chr9	+	0	0		0		0		no
ENSMUST00000034537.7|ENSMUSG00000032038|St3gal4	St3gal4	chr9	-	0	0		0		0		no
ENSMUST00000175765.7|ENSMUSG00000032041|Tirap	Tirap	chr9	-	0	0		0		0		no
ENSMUST00000034541.11|ENSMUSG00000032042|Srpr	Srpr	chr9	+	0	0		0		0		no
ENSMUST00000154691.7|ENSMUSG00000039048|Foxred1	Foxred1	chr9	-	0	0		0		0		no
ENSMUST00000144582.1|ENSMUSG00000032044|Rpusd4	Rpusd4	chr9	+	0	0		0		0		no
ENSMUST00000034612.6|ENSMUSG00000032101|Ddx25	Ddx25	chr9	-	0	0		0		0		no
ENSMUST00000239021.1|ENSMUSG00000062762|Ei24	Ei24	chr9	-	0	0		0		0		no
ENSMUST00000175938.8|ENSMUSG00000035934|Pknox2	Pknox2	chr9	-	0	0		0		0		no
ENSMUST00000034632.9|ENSMUSG00000032121|Tmem218	Tmem218	chr9	+	0	0		0		0		no
ENSMUST00000115068.9|ENSMUSG00000032122|Slc37a2	Slc37a2	chr9	-	0	0		0		0		no
ENSMUST00000215951.1|ENSMUSG00000046240|Hepacam	Hepacam	chr9	+	0	0		0		0		no
ENSMUST00000156972.2|ENSMUSG00000032125|Robo4	Robo4	chr9	+	0	0		0		0		no
ENSMUST00000214142.1|ENSMUSG00000001946|Esam	Esam	chr9	+	0	0		0		0		no
ENSMUST00000065668.11|ENSMUSG00000053310|Nrgn	Nrgn	chr9	-	0	0		0		0		no
ENSMUST00000215474.1|ENSMUSG00000001942|Siae	Siae	chr9	+	0	0		0		0		no
ENSMUST00000142736.8|ENSMUSG00000011114|Tbrg1	Tbrg1	chr9	-	0	0		0		0		no
ENSMUST00000168691.1|ENSMUSG00000025602|Zfp202	Zfp202	chr9	+	0	0		0		0		no
ENSMUST00000034522.7|ENSMUSG00000032024|Clmp	Clmp	chr9	+	0	0		0		0		no
ENSMUST00000044155.14|ENSMUSG00000032020|Ubash3b	Ubash3b	chr9	-	0	0		0		0		no
ENSMUST00000060989.8|ENSMUSG00000049313|Sorl1	Sorl1	chr9	-	0	0		0		0		no
ENSMUST00000052725.14|ENSMUSG00000032018|Sc5d	Sc5d	chr9	-	0	0		0		0		no
ENSMUST00000125995.7|ENSMUSG00000037287|Tbcel	Tbcel	chr9	-	0	0		0		0		no
ENSMUST00000114865.7|ENSMUSG00000032017|Grik4	Grik4	chr9	-	0	0		0		0		no
ENSMUST00000165665.8|ENSMUSG00000059495|Arhgef12	Arhgef12	chr9	-	0	0		0		0		no
ENSMUST00000061833.5|ENSMUSG00000048503|Tlcd5	Tlcd5	chr9	-	0	0		0		0		no
ENSMUST00000034512.6|ENSMUSG00000032014|Oaf	Oaf	chr9	-	0	0		0		0		no
ENSMUST00000114840.1|ENSMUSG00000032011|Thy1	Thy1	chr9	+	0	0		0		0		no
ENSMUST00000162126.7|ENSMUSG00000111409|Gm49380	Gm49380	chr9	-	0	0		0		0		no
ENSMUST00000175816.1|ENSMUSG00000032010|Usp2	Usp2	chr9	+	0	0		0		0		no
ENSMUST00000065379.4|ENSMUSG00000053128|Rnf26	Rnf26	chr9	-	0	0		0		0		no
ENSMUST00000114816.7|ENSMUSG00000079592|C1qtnf5	C1qtnf5	chr9	+	0	0		0		0		no
ENSMUST00000149241.7|ENSMUSG00000032135|Mcam	Mcam	chr9	+	0	0		0		0		no
ENSMUST00000206720.1|ENSMUSG00000034342|Cbl	Cbl	chr9	-	0	0		0		0		no
ENSMUST00000034621.15|ENSMUSG00000032109|Nlrx1	Nlrx1	chr9	-	0	0		0		0		no
ENSMUST00000162783.7|ENSMUSG00000032131|Abcg4	Abcg4	chr9	-	0	0		0		0		no
ENSMUST00000216508.1|ENSMUSG00000032119|Hinfp	Hinfp	chr9	-	0	0		0		0		no
ENSMUST00000215050.1|ENSMUSG00000032123|Dpagt1	Dpagt1	chr9	+	0	0		0		0		no
ENSMUST00000052686.3|ENSMUSG00000049932|H2ax	H2ax	chr9	+	0	0		0		0		no
ENSMUST00000216852.1|ENSMUSG00000032126|Hmbs	Hmbs	chr9	-	0	0		0		0		no
ENSMUST00000162560.7|ENSMUSG00000032115|Hyou1	Hyou1	chr9	+	0	0		0		0		no
ENSMUST00000213388.1|ENSMUSG00000032114|Slc37a4	Slc37a4	chr9	+	0	0		0		0		no
ENSMUST00000217163.1|ENSMUSG00000032112|Trappc4	Trappc4	chr9	-	0	0		0		0		no
ENSMUST00000080300.8|ENSMUSG00000009927|Rps25	Rps25	chr9	+	0	0		0		0		no
ENSMUST00000214494.1|ENSMUSG00000043923|Ccdc84	Ccdc84	chr9	-	0	0		0		0		no
ENSMUST00000218183.1|ENSMUSG00000063382|Bcl9l	Bcl9l	chr9	+	0	0		0		0		no
ENSMUST00000170489.1|ENSMUSG00000032097|Ddx6	Ddx6	chr9	+	0	0		0		0		no
ENSMUST00000034607.9|ENSMUSG00000032096|Arcn1	Arcn1	chr9	-	0	0		0		0		no
ENSMUST00000002099.10|ENSMUSG00000002031|Ift46	Ift46	chr9	+	0	0		0		0		no
ENSMUST00000132020.1|ENSMUSG00000002032|Tmem25	Tmem25	chr9	-	0	0		0		0		no
ENSMUST00000034600.4|ENSMUSG00000032092|Mpzl2	Mpzl2	chr9	+	0	0		0		0		no
ENSMUST00000050020.7|ENSMUSG00000048534|Jaml	Jaml	chr9	+	0	0		0		0		no
ENSMUST00000170998.8|ENSMUSG00000070304|Scn2b	Scn2b	chr9	+	0	0		0		0		no
ENSMUST00000060125.6|ENSMUSG00000046480|Scn4b	Scn4b	chr9	+	0	0		0		0		no
ENSMUST00000217381.1|ENSMUSG00000066705|Fxyd6	Fxyd6	chr9	+	1	1	0.0010932836254173	50	chr9:45395100-45395150(fdr=1.09e-03)	0		yes
ENSMUST00000034591.10|ENSMUSG00000032086|Bace1	Bace1	chr9	+	0	0		0		0		no
ENSMUST00000034590.3|ENSMUSG00000032085|Tagln	Tagln	chr9	-	0	0		0		0		no
ENSMUST00000160618.7|ENSMUSG00000034908|Sidt2	Sidt2	chr9	-	0	0		0		0		no
ENSMUST00000172450.2|ENSMUSG00000003131|Pafah1b2	Pafah1b2	chr9	-	0	0		0		0		no
ENSMUST00000125239.8|ENSMUSG00000032078|Zpr1	Zpr1	chr9	+	0	0		0		0		no
ENSMUST00000124887.1|ENSMUSG00000032077|Bud13	Bud13	chr9	+	0	0		0		0		no
ENSMUST00000114548.7|ENSMUSG00000032076|Cadm1	Cadm1	chr9	+	0	0		0		0		no
ENSMUST00000034524.4|ENSMUSG00000032026|Rexo2	Rexo2	chr9	-	0	0		0		0		no
ENSMUST00000214923.1|ENSMUSG00000042396|Rbm7	Rbm7	chr9	-	0	0		0		0		no
ENSMUST00000119426.1|ENSMUSG00000032271|Nnmt	Nnmt	chr9	-	0	0		0		0		no
ENSMUST00000215856.1|ENSMUSG00000032267|Usp28	Usp28	chr9	+	0	0		0		0		no
ENSMUST00000075764.7|ENSMUSG00000032259|Drd2	Drd2	chr9	+	0	0		0		0		no
ENSMUST00000193547.5|ENSMUSG00000039542|Ncam1	Ncam1	chr9	-	0	0		0		0		no
ENSMUST00000034570.6|ENSMUSG00000032067|Pts	Pts	chr9	-	0	0		0		0		no
ENSMUST00000119103.1|ENSMUSG00000032066|Bco2	Bco2	chr9	-	0	0		0		0		no
ENSMUST00000213916.1|ENSMUSG00000039217|Il18	Il18	chr9	+	0	0		0		0		no
ENSMUST00000000175.5|ENSMUSG00000000171|Sdhd	Sdhd	chr9	-	0	0		0		0		no
ENSMUST00000044051.5|ENSMUSG00000039016|Timm8b	Timm8b	chr9	+	0	0		0		0		no
ENSMUST00000131351.7|ENSMUSG00000059820|Nkapd1	Nkapd1	chr9	-	0	0		0		0		no
ENSMUST00000034567.3|ENSMUSG00000000168|Dlat	Dlat	chr9	-	0	0		0		0		no
ENSMUST00000034566.14|ENSMUSG00000032064|Dixdc1	Dixdc1	chr9	-	0	0		0		0		no
ENSMUST00000042790.4|ENSMUSG00000038086|Hspb2	Hspb2	chr9	-	0	0		0		0		no
ENSMUST00000042468.8|ENSMUSG00000037971|1110032A03Rik	1110032A03Rik	chr9	-	0	0		0		0		no
ENSMUST00000176145.1|ENSMUSG00000037845|Fdxacb1	Fdxacb1	chr9	+	0	0		0		0		no
ENSMUST00000162073.7|ENSMUSG00000032059|Alg9	Alg9	chr9	+	0	0		0		0		no
ENSMUST00000098782.3|ENSMUSG00000060594|Layn	Layn	chr9	-	0	0		0		0		no
ENSMUST00000034554.8|ENSMUSG00000032053|Pou2af1	Pou2af1	chr9	+	0	0		0		0		no
ENSMUST00000215038.2|ENSMUSG00000079559|Colca2	Colca2	chr9	-	0	0		0		0		no
ENSMUST00000065496.11|ENSMUSG00000053199|Arhgap20	Arhgap20	chr9	+	0	0		0		0		no
ENSMUST00000163153.8|ENSMUSG00000032050|Rdx	Rdx	chr9	+	0	0		0		0		no
ENSMUST00000065630.7|ENSMUSG00000053289|Ddx10	Ddx10	chr9	-	0	0		0		0		no
ENSMUST00000037853.4|ENSMUSG00000034487|Poglut3	Poglut3	chr9	+	0	0		0		0		no
ENSMUST00000035850.7|ENSMUSG00000033054|Npat	Npat	chr9	+	0	0		0		0		no
ENSMUST00000034547.5|ENSMUSG00000032047|Acat1	Acat1	chr9	-	0	0		0		0		no
ENSMUST00000166367.7|ENSMUSG00000032030|Cul5	Cul5	chr9	-	0	0		0		0		no
ENSMUST00000048670.9|ENSMUSG00000042195|Slc35f2	Slc35f2	chr9	+	0	0		0		0		no
ENSMUST00000041901.6|ENSMUSG00000037493|Cib2	Cib2	chr9	-	0	0		0		0		no
ENSMUST00000034822.11|ENSMUSG00000032281|Acsbg1	Acsbg1	chr9	-	0	0		0		0		no
ENSMUST00000070070.7|ENSMUSG00000032285|Dnaja4	Dnaja4	chr9	+	0	0		0		0		no
ENSMUST00000034830.8|ENSMUSG00000032291|Crabp1	Crabp1	chr9	+	0	0		0		0		no
ENSMUST00000034843.8|ENSMUSG00000032293|Ireb2	Ireb2	chr9	+	0	0		0		0		no
ENSMUST00000039742.7|ENSMUSG00000035878|Hykk	Hykk	chr9	+	0	0		0		0		no
ENSMUST00000034848.13|ENSMUSG00000032301|Psma4	Psma4	chr9	+	0	0		0		0		no
ENSMUST00000059555.14|ENSMUSG00000032307|Ube2q2	Ube2q2	chr9	+	0	0		0		0		no
ENSMUST00000153970.7|ENSMUSG00000032309|Fbxo22	Fbxo22	chr9	+	0	0		0		0		no
ENSMUST00000034866.8|ENSMUSG00000032314|Etfa	Etfa	chr9	-	0	0		0		0		no
ENSMUST00000147842.1|ENSMUSG00000032320|Rcn2	Rcn2	chr9	+	0	0		0		0		no
ENSMUST00000034876.9|ENSMUSG00000032324|Tspan3	Tspan3	chr9	-	0	0		0		0		no
ENSMUST00000034879.4|ENSMUSG00000032329|Hmg20a	Hmg20a	chr9	+	0	0		0		0		no
ENSMUST00000053568.1|ENSMUSG00000049556|Lingo1	Lingo1	chr9	-	0	0		0		0		no
ENSMUST00000035661.6|ENSMUSG00000032911|Cspg4	Cspg4	chr9	+	0	0		0		0		no
ENSMUST00000050916.6|ENSMUSG00000032733|Snx33	Snx33	chr9	-	0	0		0		0		no
ENSMUST00000034827.9|ENSMUSG00000032288|Imp3	Imp3	chr9	+	0	0		0		0		no
ENSMUST00000068856.4|ENSMUSG00000055334|Snupn	Snupn	chr9	+	0	0		0		0		no
ENSMUST00000034832.7|ENSMUSG00000032290|Ptpn9	Ptpn9	chr9	+	0	0		0		0		no
ENSMUST00000167715.7|ENSMUSG00000042557|Sin3a	Sin3a	chr9	+	0	0		0		0		no
ENSMUST00000162915.7|ENSMUSG00000032295|Man2c1	Man2c1	chr9	+	0	0		0		0		no
ENSMUST00000190245.6|ENSMUSG00000032298|Neil1	Neil1	chr9	-	0	0		0		0		no
ENSMUST00000034846.6|ENSMUSG00000032300|1700017B05Rik	1700017B05Rik	chr9	-	0	0		0		0		no
ENSMUST00000213194.1|ENSMUSG00000063849|Ppcdc	Ppcdc	chr9	-	0	0		0		0		no
ENSMUST00000080514.8|ENSMUSG00000062309|Rpp25	Rpp25	chr9	+	0	0		0		0		no
ENSMUST00000000090.7|ENSMUSG00000000088|Cox5a	Cox5a	chr9	+	0	0		0		0		no
ENSMUST00000093833.5|ENSMUSG00000032305|Fam219b	Fam219b	chr9	+	0	0		0		0		no
ENSMUST00000034856.14|ENSMUSG00000032306|Mpi	Mpi	chr9	-	0	0		0		0		no
ENSMUST00000045791.10|ENSMUSG00000040188|Scamp2	Scamp2	chr9	+	0	0		0		0		no
ENSMUST00000045068.9|ENSMUSG00000039714|Cplx3	Cplx3	chr9	-	0	0		0		0		no
ENSMUST00000034863.7|ENSMUSG00000032312|Csk	Csk	chr9	-	0	0		0		0		no
ENSMUST00000137245.7|ENSMUSG00000038957|Edc3	Edc3	chr9	+	0	0		0		0		no
ENSMUST00000215233.1|ENSMUSG00000032316|Clk3	Clk3	chr9	-	0	0		0		0		no
ENSMUST00000043059.8|ENSMUSG00000038264|Sema7a	Sema7a	chr9	+	0	0		0		0		no
ENSMUST00000170397.7|ENSMUSG00000032327|Stra6	Stra6	chr9	+	0	0		0		0		no
ENSMUST00000041477.14|ENSMUSG00000037206|Islr	Islr	chr9	-	0	0		0		0		no
ENSMUST00000148301.1|ENSMUSG00000036986|Pml	Pml	chr9	-	0	0		0		0		no
ENSMUST00000216877.1|ENSMUSG00000032333|Stoml1	Stoml1	chr9	+	0	0		0		0		no
ENSMUST00000061799.9|ENSMUSG00000032334|Loxl1	Loxl1	chr9	-	0	0		0		0		no
ENSMUST00000165365.2|ENSMUSG00000035914|Cd276	Cd276	chr9	-	0	0		0		0		no
ENSMUST00000175945.6|ENSMUSG00000032336|Nptn	Nptn	chr9	+	0	0		0		0		no
ENSMUST00000068664.6|ENSMUSG00000032340|Neo1	Neo1	chr9	-	0	0		0		0		no
ENSMUST00000217570.1|ENSMUSG00000025236|Adpgk	Adpgk	chr9	+	0	0		0		0		no
ENSMUST00000026265.7|ENSMUSG00000025235|Bbs4	Bbs4	chr9	-	0	0		0		0		no
ENSMUST00000171975.7|ENSMUSG00000025234|Arih1	Arih1	chr9	-	0	0		0		0		no
ENSMUST00000055345.8|ENSMUSG00000049526|Tmem202	Tmem202	chr9	-	0	0		0		0		no
ENSMUST00000026262.7|ENSMUSG00000025232|Hexa	Hexa	chr9	+	0	0		0		0		no
ENSMUST00000129357.7|ENSMUSG00000032297|Celf6	Celf6	chr9	+	0	0		0		0		no
ENSMUST00000167091.2|ENSMUSG00000025237|Parp6	Parp6	chr9	+	0	0		0		0		no
ENSMUST00000034834.15|ENSMUSG00000032294|Pkm	Pkm	chr9	+	0	0		0		0		no
ENSMUST00000051039.4|ENSMUSG00000051705|Senp8	Senp8	chr9	-	0	0		0		0		no
ENSMUST00000171654.7|ENSMUSG00000032289|Thsd4	Thsd4	chr9	-	0	0		0		0		no
ENSMUST00000038407.5|ENSMUSG00000034839|Larp6	Larp6	chr9	+	0	0		0		0		no
ENSMUST00000178113.7|ENSMUSG00000032280|Tle3	Tle3	chr9	+	0	0		0		0		no
ENSMUST00000034817.10|ENSMUSG00000032278|Paqr5	Paqr5	chr9	-	0	0		0		0		no
ENSMUST00000034785.7|ENSMUSG00000032252|Glce	Glce	chr9	-	0	0		0		0		no
ENSMUST00000048043.11|ENSMUSG00000041729|Coro2b	Coro2b	chr9	-	0	0		0		0		no
ENSMUST00000034774.8|ENSMUSG00000032243|Itga11	Itga11	chr9	+	0	0		0		0		no
ENSMUST00000034775.9|ENSMUSG00000032244|Fem1b	Fem1b	chr9	-	0	0		0		0		no
ENSMUST00000098651.5|ENSMUSG00000032405|Pias1	Pias1	chr9	-	0	0		0		0		no
ENSMUST00000034920.10|ENSMUSG00000058444|Map2k5	Map2k5	chr9	-	0	0		0		0		no
ENSMUST00000041551.8|ENSMUSG00000037257|Aagab	Aagab	chr9	+	0	0		0		0		no
ENSMUST00000034973.9|ENSMUSG00000032402|Smad3	Smad3	chr9	-	0	0		0		0		no
ENSMUST00000041029.5|ENSMUSG00000036867|Smad6	Smad6	chr9	-	0	0		0		0		no
ENSMUST00000034966.8|ENSMUSG00000032399|Rpl4	Rpl4	chr9	+	0	0		0		0		no
ENSMUST00000034965.7|ENSMUSG00000032398|Snapc5	Snapc5	chr9	+	0	0		0		0		no
ENSMUST00000005066.8|ENSMUSG00000004936|Map2k1	Map2k1	chr9	-	0	0		0		0		no
ENSMUST00000216594.1|ENSMUSG00000032397|Tipin	Tipin	chr9	+	0	0		0		0		no
ENSMUST00000168844.8|ENSMUSG00000032396|Dis3l	Dis3l	chr9	-	0	0		0		0		no
ENSMUST00000172298.7|ENSMUSG00000004771|Rab11a	Rab11a	chr9	-	0	0		0		0		no
ENSMUST00000038890.5|ENSMUSG00000053641|Dennd4a	Dennd4a	chr9	+	0	0		0		0		no
ENSMUST00000170517.8|ENSMUSG00000034263|Ints14	Ints14	chr9	+	0	0		0		0		no
ENSMUST00000036615.6|ENSMUSG00000033629|Hacd3	Hacd3	chr9	-	0	0		0		0		no
ENSMUST00000217434.1|ENSMUSG00000032393|Dpp8	Dpp8	chr9	+	0	0		0		0		no
ENSMUST00000035499.4|ENSMUSG00000032816|Igdcc4	Igdcc4	chr9	+	0	0		0		0		no
ENSMUST00000113824.7|ENSMUSG00000015357|Clpx	Clpx	chr9	+	0	0		0		0		no
ENSMUST00000048184.3|ENSMUSG00000041837|Pdcd7	Pdcd7	chr9	+	0	0		0		0		no
ENSMUST00000074792.6|ENSMUSG00000059183|Mtfmt	Mtfmt	chr9	+	0	0		0		0		no
ENSMUST00000034955.7|ENSMUSG00000032388|Spg21	Spg21	chr9	+	0	0		0		0		no
ENSMUST00000068944.8|ENSMUSG00000050721|Plekho2	Plekho2	chr9	-	0	0		0		0		no
ENSMUST00000153700.8|ENSMUSG00000040652|Oaz2	Oaz2	chr9	+	0	0		0		0		no
ENSMUST00000179395.7|ENSMUSG00000032386|Trip4	Trip4	chr9	-	0	0		0		0		no
ENSMUST00000045802.6|ENSMUSG00000040204|Pclaf	Pclaf	chr9	+	0	0		0		0		no
ENSMUST00000034947.6|ENSMUSG00000032383|Ppib	Ppib	chr9	+	0	0		0		0		no
ENSMUST00000044711.6|ENSMUSG00000039452|Snx22	Snx22	chr9	-	0	0		0		0		no
ENSMUST00000034946.14|ENSMUSG00000032382|Snx1	Snx1	chr9	-	0	0		0		0		no
ENSMUST00000034945.5|ENSMUSG00000032381|Ciao2a	Ciao2a	chr9	+	0	0		0		0		no
ENSMUST00000042824.12|ENSMUSG00000038664|Herc1	Herc1	chr9	+	0	0		0		0		no
ENSMUST00000139547.7|ENSMUSG00000032376|Usp3	Usp3	chr9	-	0	0		0		0		no
ENSMUST00000071889.12|ENSMUSG00000032373|Car12	Car12	chr9	+	0	0		0		0		no
ENSMUST00000169282.7|ENSMUSG00000053040|Aph1c	Aph1c	chr9	-	0	0		0		0		no
ENSMUST00000041139.8|ENSMUSG00000036943|Rab8b	Rab8b	chr9	-	0	0		0		0		no
ENSMUST00000215172.1|ENSMUSG00000032370|Lactb	Lactb	chr9	-	0	0		0		0		no
ENSMUST00000139046.7|ENSMUSG00000032366|Tpm1	Tpm1	chr9	-	0	0		0		0		no
ENSMUST00000040025.13|ENSMUSG00000052698|Tln2	Tln2	chr9	-	0	0		0		0		no
ENSMUST00000034761.14|ENSMUSG00000032235|Ice2	Ice2	chr9	+	0	0		0		0		no
ENSMUST00000034756.14|ENSMUSG00000032231|Anxa2	Anxa2	chr9	+	0	0		0		0		no
ENSMUST00000034754.11|ENSMUSG00000011958|Bnip2	Bnip2	chr9	+	0	0		0		0		no
ENSMUST00000140265.7|ENSMUSG00000033543|Gtf2a2	Gtf2a2	chr9	+	0	0		0		0		no
ENSMUST00000034749.15|ENSMUSG00000032224|Fam81a	Fam81a	chr9	-	0	0		0		0		no
ENSMUST00000034742.7|ENSMUSG00000032218|Ccnb2	Ccnb2	chr9	-	0	0		0		0		no
ENSMUST00000215848.1|ENSMUSG00000032217|Rnf111	Rnf111	chr9	-	0	0		0		0		no
ENSMUST00000213808.1|ENSMUSG00000032212|Sltm	Sltm	chr9	+	0	0		0		0		no
ENSMUST00000049031.5|ENSMUSG00000042444|Mindy2	Mindy2	chr9	-	0	0		0		0		no
ENSMUST00000140205.7|ENSMUSG00000054693|Adam10	Adam10	chr9	+	0	0		0		0		no
ENSMUST00000034723.5|ENSMUSG00000013584|Aldh1a2	Aldh1a2	chr9	+	0	0		0		0		no
ENSMUST00000169804.1|ENSMUSG00000032199|Polr2m	Polr2m	chr9	-	0	0		0		0		no
ENSMUST00000093823.7|ENSMUSG00000041361|Myzap	Myzap	chr9	-	0	0		0		0		no
ENSMUST00000121322.7|ENSMUSG00000032232|Cgnl1	Cgnl1	chr9	-	0	0		0		0		no
ENSMUST00000184312.7|ENSMUSG00000090626|Tex9	Tex9	chr9	-	0	0		0		0		no
ENSMUST00000038489.5|ENSMUSG00000034910|Pygo1	Pygo1	chr9	+	0	0		0		0		no
ENSMUST00000034734.8|ENSMUSG00000092192|Dnaaf4	Dnaaf4	chr9	+	0	0		0		0		no
ENSMUST00000149692.1|ENSMUSG00000089865|Gm44503	Gm44503	chr9	+	0	0		0		0		no
ENSMUST00000124008.1|ENSMUSG00000034563|Ccpg1	Ccpg1	chr9	+	0	0		0		0		no
ENSMUST00000183746.7|ENSMUSG00000079469|Pigb	Pigb	chr9	-	0	0		0		0		no
ENSMUST00000184146.7|ENSMUSG00000032202|Rab27a	Rab27a	chr9	+	0	0		0		0		no
ENSMUST00000113505.3|ENSMUSG00000032215|Rsl24d1	Rsl24d1	chr9	+	0	0		0		0		no
ENSMUST00000184666.7|ENSMUSG00000062151|Unc13c	Unc13c	chr9	-	0	0		0		0		no
ENSMUST00000169492.7|ENSMUSG00000007656|Arpp19	Arpp19	chr9	+	0	0		0		0		no
ENSMUST00000123531.7|ENSMUSG00000034593|Myo5a	Myo5a	chr9	+	0	0		0		0		no
ENSMUST00000168937.7|ENSMUSG00000042688|Mapk6	Mapk6	chr9	-	0	0		0		0		no
ENSMUST00000072232.8|ENSMUSG00000058587|Tmod3	Tmod3	chr9	-	0	0		0		0		no
ENSMUST00000098552.9|ENSMUSG00000032186|Tmod2	Tmod2	chr9	-	0	0		0		0		no
ENSMUST00000214961.1|ENSMUSG00000032184|Lysmd2	Lysmd2	chr9	+	0	0		0		0		no
ENSMUST00000215603.1|ENSMUSG00000032181|Scg3	Scg3	chr9	-	0	0		0		0		no
ENSMUST00000012281.7|ENSMUSG00000032179|Bmp5	Bmp5	chr9	+	0	0		0		0		no
ENSMUST00000008052.12|ENSMUSG00000007908|Hmgcll1	Hmgcll1	chr9	+	0	0		0		0		no
ENSMUST00000183467.1|ENSMUSG00000032352|Lrrc1	Lrrc1	chr9	-	0	0		0		0		no
ENSMUST00000034905.8|ENSMUSG00000032350|Gclc	Gclc	chr9	+	0	0		0		0		no
ENSMUST00000034904.13|ENSMUSG00000032349|Elovl5	Elovl5	chr9	+	0	0		0		0		no
ENSMUST00000085311.12|ENSMUSG00000001366|Fbxo9	Fbxo9	chr9	-	0	0		0		0		no
ENSMUST00000044551.7|ENSMUSG00000009828|Cilk1	Cilk1	chr9	+	0	0		0		0		no
ENSMUST00000148238.1|ENSMUSG00000032342|Mto1	Mto1	chr9	+	0	0		0		0		no
ENSMUST00000042235.14|ENSMUSG00000037742|Eef1a1	Eef1a1	chr9	-	0	0		0		0		no
ENSMUST00000052441.11|ENSMUSG00000049624|Slc17a5	Slc17a5	chr9	-	0	0		0		0		no
ENSMUST00000071750.12|ENSMUSG00000032332|Col12a1	Col12a1	chr9	-	0	0		0		0		no
ENSMUST00000034878.11|ENSMUSG00000032328|Tmem30a	Tmem30a	chr9	-	0	0		0		0		no
ENSMUST00000093811.10|ENSMUSG00000034898|Filip1	Filip1	chr9	-	0	0		0		0		no
ENSMUST00000175999.7|ENSMUSG00000034252|Senp6	Senp6	chr9	+	0	0		0		0		no
ENSMUST00000035889.14|ENSMUSG00000033577|Myo6	Myo6	chr9	+	0	0		0		0		no
ENSMUST00000113245.8|ENSMUSG00000032251|Irak1bp1	Irak1bp1	chr9	+	0	0		0		0		no
ENSMUST00000186089.6|ENSMUSG00000032253|Phip	Phip	chr9	-	0	0		0		0		no
ENSMUST00000185315.6|ENSMUSG00000066456|Hmgn3	Hmgn3	chr9	-	0	0		0		0		no
ENSMUST00000113215.9|ENSMUSG00000032261|Sh3bgrl2	Sh3bgrl2	chr9	+	0	0		0		0		no
ENSMUST00000034796.13|ENSMUSG00000032262|Elovl4	Elovl4	chr9	-	0	0		0		0		no
ENSMUST00000034802.14|ENSMUSG00000032265|Tent5a	Tent5a	chr9	-	0	0		0		0		no
ENSMUST00000187521.6|ENSMUSG00000035941|Ibtk	Ibtk	chr9	-	0	0		0		0		no
ENSMUST00000006559.13|ENSMUSG00000035274|Tpbg	Tpbg	chr9	+	0	0		0		0		no
ENSMUST00000070064.10|ENSMUSG00000056131|Pgm3	Pgm3	chr9	-	0	0		0		0		no
ENSMUST00000034989.14|ENSMUSG00000032418|Me1	Me1	chr9	-	0	0		0		0		no
ENSMUST00000036426.12|ENSMUSG00000033491|Prss35	Prss35	chr9	+	0	0		0		0		no
ENSMUST00000174294.2|ENSMUSG00000032872|Cyb5r4	Cyb5r4	chr9	+	0	0		0		0		no
ENSMUST00000093802.5|ENSMUSG00000056919|Cep162	Cep162	chr9	-	0	0		0		0		no
ENSMUST00000034991.7|ENSMUSG00000032419|Tbx18	Tbx18	chr9	-	0	0		0		0		no
ENSMUST00000034992.7|ENSMUSG00000032420|Nt5e	Nt5e	chr9	+	0	0		0		0		no
ENSMUST00000173131.7|ENSMUSG00000092541|Gm20537	Gm20537	chr9	-	0	0		0		0		no
ENSMUST00000172828.7|ENSMUSG00000032423|Syncrip	Syncrip	chr9	-	0	0		0		0		no
ENSMUST00000162827.7|ENSMUSG00000032425|Zfp949	Zfp949	chr9	+	0	0		0		0		no
ENSMUST00000058488.8|ENSMUSG00000032353|Tmed3	Tmed3	chr9	-	0	0		0		0		no
ENSMUST00000123320.7|ENSMUSG00000032359|Ctsh	Ctsh	chr9	+	0	0		0		0		no
ENSMUST00000190345.1|ENSMUSG00000062270|Morf4l1	Morf4l1	chr9	-	0	0		0		0		no
ENSMUST00000134996.7|ENSMUSG00000032363|Adamts7	Adamts7	chr9	+	0	0		0		0		no
ENSMUST00000144348.7|ENSMUSG00000037410|Tbc1d2b	Tbc1d2b	chr9	-	0	0		0		0		no
ENSMUST00000066384.6|ENSMUSG00000036972|Zic4	Zic4	chr9	+	0	0		0		0		no
ENSMUST00000093801.9|ENSMUSG00000032369|Plscr1	Plscr1	chr9	+	0	0		0		0		no
ENSMUST00000180154.7|ENSMUSG00000032372|Plscr2	Plscr2	chr9	+	0	0		0		0		no
ENSMUST00000034941.8|ENSMUSG00000032377|Plscr4	Plscr4	chr9	+	0	0		0		0		no
ENSMUST00000070522.13|ENSMUSG00000032374|Plod2	Plod2	chr9	+	0	0		0		0		no
ENSMUST00000113028.1|ENSMUSG00000045414|Dipk2a	Dipk2a	chr9	-	0	0		0		0		no
ENSMUST00000033463.9|ENSMUSG00000031129|Slc9a9	Slc9a9	chr9	+	0	0		0		0		no
ENSMUST00000036267.7|ENSMUSG00000033350|Chst2	Chst2	chr9	-	0	0		0		0		no
ENSMUST00000191213.6|ENSMUSG00000032407|U2surp	U2surp	chr9	-	0	0		0		0		no
ENSMUST00000034982.15|ENSMUSG00000032411|Tfdp2	Tfdp2	chr9	+	0	0		0		0		no
ENSMUST00000034983.6|ENSMUSG00000032412|Atp1b3	Atp1b3	chr9	-	0	0		0		0		no
ENSMUST00000057500.5|ENSMUSG00000051234|Rnf7	Rnf7	chr9	-	0	0		0		0		no
ENSMUST00000128346.7|ENSMUSG00000032413|Rasa2	Rasa2	chr9	-	0	0		0		0		no
ENSMUST00000112951.8|ENSMUSG00000043587|Pxylp1	Pxylp1	chr9	-	0	0		0		0		no
ENSMUST00000055433.4|ENSMUSG00000046997|Spsb4	Spsb4	chr9	-	0	0		0		0		no
ENSMUST00000112935.7|ENSMUSG00000032456|Nmnat3	Nmnat3	chr9	+	0	0		0		0		no
ENSMUST00000052068.10|ENSMUSG00000046402|Rbp1	Rbp1	chr9	+	0	0		0		0		no
ENSMUST00000035033.6|ENSMUSG00000032458|Copb2	Copb2	chr9	+	0	0		0		0		no
ENSMUST00000051312.4|ENSMUSG00000050397|Foxl2	Foxl2	chr9	+	0	0		0		0		no
ENSMUST00000035038.7|ENSMUSG00000032463|Faim	Faim	chr9	+	0	0		0		0		no
ENSMUST00000136965.7|ENSMUSG00000032462|Pik3cb	Pik3cb	chr9	-	0	0		0		0		no
ENSMUST00000191014.1|ENSMUSG00000056267|Cep70	Cep70	chr9	+	0	0		0		0		no
ENSMUST00000035045.14|ENSMUSG00000032470|Mras	Mras	chr9	-	0	0		0		0		no
ENSMUST00000035043.11|ENSMUSG00000032468|Armc8	Armc8	chr9	-	0	0		0		0		no
ENSMUST00000078367.11|ENSMUSG00000037784|Dzip1l	Dzip1l	chr9	+	0	0		0		0		no
ENSMUST00000116522.7|ENSMUSG00000032475|Nck1	Nck1	chr9	-	0	0		0		0		no
ENSMUST00000149322.7|ENSMUSG00000032527|Pccb	Pccb	chr9	-	0	0		0		0		no
ENSMUST00000085177.4|ENSMUSG00000066415|Msl2	Msl2	chr9	+	0	0		0		0		no
ENSMUST00000075941.11|ENSMUSG00000043154|Ppp2r3a	Ppp2r3a	chr9	-	0	0		0		0		no
ENSMUST00000190279.6|ENSMUSG00000035048|Anapc13	Anapc13	chr9	+	0	0		0		0		no
ENSMUST00000176198.7|ENSMUSG00000032547|Ryk	Ryk	chr9	+	0	0		0		0		no
ENSMUST00000035155.7|ENSMUSG00000032549|Rab6b	Rab6b	chr9	+	0	0		0		0		no
ENSMUST00000035157.9|ENSMUSG00000032553|Srprb	Srprb	chr9	-	0	0		0		0		no
ENSMUST00000112645.7|ENSMUSG00000032554|Trf	Trf	chr9	-	0	0		0		0		no
ENSMUST00000185305.1|ENSMUSG00000032555|Topbp1	Topbp1	chr9	+	0	0		0		0		no
ENSMUST00000049452.14|ENSMUSG00000042757|Tmem108	Tmem108	chr9	-	0	0		0		0		no
ENSMUST00000144195.2|ENSMUSG00000032557|Uba5	Uba5	chr9	-	0	0		0		0		no
ENSMUST00000047799.12|ENSMUSG00000090150|Acad11	Acad11	chr9	+	0	0		0		0		no
ENSMUST00000142424.1|ENSMUSG00000032563|Mrpl3	Mrpl3	chr9	+	0	0		0		0		no
ENSMUST00000185533.1|ENSMUSG00000032565|Nudt16	Nudt16	chr9	-	0	0		0		0		no
ENSMUST00000065778.12|ENSMUSG00000032571|Pik3r4	Pik3r4	chr9	+	0	0		0		0		no
ENSMUST00000216761.1|ENSMUSG00000020257|Wdr82	Wdr82	chr9	+	0	0		0		0		no
ENSMUST00000215742.1|ENSMUSG00000020253|Ppm1m	Ppm1m	chr9	-	0	0		0		0		no
ENSMUST00000133617.2|ENSMUSG00000032786|Alas1	Alas1	chr9	-	0	0		0		0		no
ENSMUST00000172306.2|ENSMUSG00000053716|Dusp7	Dusp7	chr9	+	0	0		0		0		no
ENSMUST00000215506.1|ENSMUSG00000023262|Acy1	Acy1	chr9	-	0	0		0		0		no
ENSMUST00000048527.14|ENSMUSG00000042073|Abhd14b	Abhd14b	chr9	+	0	0		0		0		no
ENSMUST00000185507.6|ENSMUSG00000023495|Pcbp4	Pcbp4	chr9	+	0	0		0		0		no
ENSMUST00000164834.2|ENSMUSG00000091735|Gpr62	Gpr62	chr9	-	0	0		0		0		no
ENSMUST00000067218.13|ENSMUSG00000023249|Parp3	Parp3	chr9	-	0	0		0		0		no
ENSMUST00000185336.1|ENSMUSG00000041506|Rrp9	Rrp9	chr9	+	0	0		0		0		no
ENSMUST00000023959.12|ENSMUSG00000023192|Grm2	Grm2	chr9	-	0	0		0		0		no
ENSMUST00000169068.7|ENSMUSG00000040813|Tex264	Tex264	chr9	-	0	0		0		0		no
ENSMUST00000161758.2|ENSMUSG00000040325|Dcaf1	Dcaf1	chr9	+	0	0		0		0		no
ENSMUST00000055843.8|ENSMUSG00000074102|Rbm15b	Rbm15b	chr9	-	0	0		0		0		no
ENSMUST00000035194.7|ENSMUSG00000032577|Mapkapk3	Mapkapk3	chr9	-	0	0		0		0		no
ENSMUST00000168260.1|ENSMUSG00000032578|Cish	Cish	chr9	+	0	0		0		0		no
ENSMUST00000035196.13|ENSMUSG00000032579|Hemk1	Hemk1	chr9	-	0	0		0		0		no
ENSMUST00000010189.2|ENSMUSG00000010045|Tmem115	Tmem115	chr9	+	0	0		0		0		no
ENSMUST00000194967.1|ENSMUSG00000037190|Cyb561d2	Cyb561d2	chr9	-	0	0		0		0		no
ENSMUST00000195370.5|ENSMUSG00000010057|Nprl2	Nprl2	chr9	+	0	0		0		0		no
ENSMUST00000156198.7|ENSMUSG00000010067|Rassf1	Rassf1	chr9	+	0	0		0		0		no
ENSMUST00000010198.4|ENSMUSG00000010054|Tusc2	Tusc2	chr9	+	0	0		0		0		no
ENSMUST00000010195.13|ENSMUSG00000010051|Hyal1	Hyal1	chr9	+	0	0		0		0		no
ENSMUST00000093785.5|ENSMUSG00000079334|Naa80	Naa80	chr9	+	0	0		0		0		no
ENSMUST00000123926.7|ENSMUSG00000057969|Sema3b	Sema3b	chr9	-	0	0		0		0		no
ENSMUST00000192615.5|ENSMUSG00000032562|Gnai2	Gnai2	chr9	-	0	0		0		0		no
ENSMUST00000167868.7|ENSMUSG00000010064|Slc38a3	Slc38a3	chr9	-	0	0		0		0		no
ENSMUST00000182371.7|ENSMUSG00000032580|Rbm5	Rbm5	chr9	-	0	0		0		0		no
ENSMUST00000181986.7|ENSMUSG00000032582|Rbm6	Rbm6	chr9	-	0	0		0		0		no
ENSMUST00000195617.5|ENSMUSG00000032584|Mst1r	Mst1r	chr9	+	0	0		0		0		no
ENSMUST00000035700.13|ENSMUSG00000032936|Camkv	Camkv	chr9	+	0	0		0		0		no
ENSMUST00000049348.8|ENSMUSG00000032586|Traip	Traip	chr9	+	0	0		0		0		no
ENSMUST00000177039.7|ENSMUSG00000032596|Uba7	Uba7	chr9	+	0	0		0		0		no
ENSMUST00000176356.7|ENSMUSG00000093456|Gm20662	Gm20662	chr9	+	0	0		0		0		no
ENSMUST00000176566.1|ENSMUSG00000032594|Ip6k1	Ip6k1	chr9	+	0	0		0		0		no
ENSMUST00000112295.8|ENSMUSG00000070284|Gmppb	Gmppb	chr9	+	0	0		0		0		no
ENSMUST00000159306.7|ENSMUSG00000041528|Rnf123	Rnf123	chr9	-	0	0		0		0		no
ENSMUST00000085060.2|ENSMUSG00000032593|Amigo3	Amigo3	chr9	+	0	0		0		0		no
ENSMUST00000191899.5|ENSMUSG00000039952|Dag1	Dag1	chr9	-	0	0		0		0		no
ENSMUST00000035227.7|ENSMUSG00000032606|Nicn1	Nicn1	chr9	+	0	0		0		0		no
ENSMUST00000044725.8|ENSMUSG00000039461|Tcta	Tcta	chr9	-	0	0		0		0		no
ENSMUST00000007959.13|ENSMUSG00000007815|Rhoa	Rhoa	chr9	+	0	0		0		0		no
ENSMUST00000082429.6|ENSMUSG00000063856|Gpx1	Gpx1	chr9	+	0	0		0		0		no
ENSMUST00000194224.5|ENSMUSG00000032612|Usp4	Usp4	chr9	+	0	0		0		0		no
ENSMUST00000193286.5|ENSMUSG00000032609|Klhdc8b	Klhdc8b	chr9	-	0	0		0		0		no
ENSMUST00000061209.6|ENSMUSG00000049305|Ccdc71	Ccdc71	chr9	+	0	0		0		0		no
ENSMUST00000166103.8|ENSMUSG00000006676|Usp19	Usp19	chr9	+	0	0		0		0		no
ENSMUST00000208214.1|ENSMUSG00000032604|Qars	Qars	chr9	+	0	0		0		0		no
ENSMUST00000006851.14|ENSMUSG00000006673|Qrich1	Qrich1	chr9	+	0	0		0		0		no
ENSMUST00000074208.5|ENSMUSG00000070283|Ndufaf3	Ndufaf3	chr9	-	0	0		0		0		no
ENSMUST00000195249.5|ENSMUSG00000019039|Dalrd3	Dalrd3	chr9	+	0	0		0		0		no
ENSMUST00000068700.6|ENSMUSG00000066357|Wdr6	Wdr6	chr9	-	0	0		0		0		no
ENSMUST00000193552.5|ENSMUSG00000064145|Arih2	Arih2	chr9	-	0	0		0		0		no
ENSMUST00000035222.5|ENSMUSG00000032602|Slc25a20	Slc25a20	chr9	+	0	0		0		0		no
ENSMUST00000035220.11|ENSMUSG00000032601|Prkar2a	Prkar2a	chr9	+	0	0		0		0		no
ENSMUST00000192028.5|ENSMUSG00000032599|Ip6k2	Ip6k2	chr9	+	0	0		0		0		no
ENSMUST00000035218.8|ENSMUSG00000032598|Nckipsd	Nckipsd	chr9	+	0	0		0		0		no
ENSMUST00000193874.1|ENSMUSG00000023259|Slc26a6	Slc26a6	chr9	+	0	0		0		0		no
ENSMUST00000195738.1|ENSMUSG00000025651|Uqcrc1	Uqcrc1	chr9	+	0	0		0		0		no
ENSMUST00000112070.7|ENSMUSG00000025650|Col7a1	Col7a1	chr9	+	0	0		0		0		no
ENSMUST00000112059.9|ENSMUSG00000025647|Shisa5	Shisa5	chr9	+	0	0		0		0		no
ENSMUST00000160217.7|ENSMUSG00000025646|Atrip	Atrip	chr9	-	0	0		0		0		no
ENSMUST00000167504.2|ENSMUSG00000091537|Tma7	Tma7	chr9	-	0	0		0		0		no
ENSMUST00000026735.8|ENSMUSG00000025645|Ccdc51	Ccdc51	chr9	+	0	0		0		0		no
ENSMUST00000072093.12|ENSMUSG00000053646|Plxnb1	Plxnb1	chr9	+	0	0		0		0		no
ENSMUST00000197627.4|ENSMUSG00000032478|Nme6	Nme6	chr9	+	0	0		0		0		no
ENSMUST00000169851.7|ENSMUSG00000032479|Map4	Map4	chr9	+	0	0		0		0		no
ENSMUST00000198443.1|ENSMUSG00000032480|Dhx30	Dhx30	chr9	-	0	0		0		0		no
ENSMUST00000198247.4|ENSMUSG00000054836|Elp6	Elp6	chr9	+	0	0		0		0		no
ENSMUST00000197336.4|ENSMUSG00000054792|Klhl18	Klhl18	chr9	-	0	0		0		0		no
ENSMUST00000035069.13|ENSMUSG00000032491|Nradd	Nradd	chr9	-	0	0		0		0		no
ENSMUST00000200296.1|ENSMUSG00000019659|Ccdc12	Ccdc12	chr9	+	0	0		0		0		no
ENSMUST00000050958.8|ENSMUSG00000049555|Tmie	Tmie	chr9	-	0	0		0		0		no
ENSMUST00000130386.7|ENSMUSG00000044037|Als2cl	Als2cl	chr9	+	0	0		0		0		no
ENSMUST00000196598.1|ENSMUSG00000032495|Lrrc2	Lrrc2	chr9	+	0	0		0		0		no
ENSMUST00000111888.2|ENSMUSG00000043953|Ccrl2	Ccrl2	chr9	-	0	0		0		0		no
ENSMUST00000035078.12|ENSMUSG00000032497|Lrrfip2	Lrrfip2	chr9	+	0	0		0		0		no
ENSMUST00000060711.7|ENSMUSG00000046785|Epm2aip1	Epm2aip1	chr9	+	0	0		0		0		no
ENSMUST00000111879.4|ENSMUSG00000032500|Dclk3	Dclk3	chr9	+	0	0		0		0		no
ENSMUST00000159246.7|ENSMUSG00000032503|Arpp21	Arpp21	chr9	-	0	0		0		0		no
ENSMUST00000035086.12|ENSMUSG00000032504|Pdcd6ip	Pdcd6ip	chr9	-	0	0		0		0		no
ENSMUST00000215022.1|ENSMUSG00000033392|Clasp2	Clasp2	chr9	+	0	0		0		0		no
ENSMUST00000084885.11|ENSMUSG00000009741|Ubp1	Ubp1	chr9	+	0	0		0		0		no
ENSMUST00000084881.4|ENSMUSG00000032431|Crtap	Crtap	chr9	-	0	0		0		0		no
ENSMUST00000111820.3|ENSMUSG00000079260|Tmppe	Tmppe	chr9	+	0	0		0		0		no
ENSMUST00000217148.1|ENSMUSG00000056167|Cnot10	Cnot10	chr9	-	0	0		0		0		no
ENSMUST00000047404.6|ENSMUSG00000032435|Dync1li1	Dync1li1	chr9	+	0	0		0		0		no
ENSMUST00000035007.9|ENSMUSG00000032434|Cmtm6	Cmtm6	chr9	+	0	0		0		0		no
ENSMUST00000035009.15|ENSMUSG00000032436|Cmtm7	Cmtm7	chr9	-	0	0		0		0		no
ENSMUST00000047013.3|ENSMUSG00000041012|Cmtm8	Cmtm8	chr9	-	0	0		0		0		no
ENSMUST00000146623.7|ENSMUSG00000050627|Gpd1l	Gpd1l	chr9	-	0	0		0		0		no
ENSMUST00000182199.7|ENSMUSG00000040875|Osbpl10	Osbpl10	chr9	+	0	0		0		0		no
ENSMUST00000035010.9|ENSMUSG00000032437|Stt3b	Stt3b	chr9	-	0	0		0		0		no
ENSMUST00000061101.11|ENSMUSG00000032440|Tgfbr2	Tgfbr2	chr9	-	0	0		0		0		no
ENSMUST00000111773.9|ENSMUSG00000039607|Rbms3	Rbms3	chr9	-	0	0		0		0		no
ENSMUST00000044220.10|ENSMUSG00000039163|Cmc1	Cmc1	chr9	-	0	0		0		0		no
ENSMUST00000044165.13|ENSMUSG00000039115|Itga9	Itga9	chr9	+	0	0		0		0		no
ENSMUST00000073109.11|ENSMUSG00000047409|Ctdspl	Ctdspl	chr9	+	0	0		0		0		no
ENSMUST00000213464.1|ENSMUSG00000010660|Plcd1	Plcd1	chr9	-	0	0		0		0		no
ENSMUST00000035092.6|ENSMUSG00000032508|Myd88	Myd88	chr9	-	0	0		0		0		no
ENSMUST00000176546.1|ENSMUSG00000036138|Acaa1a	Acaa1a	chr9	+	0	0		0		0		no
ENSMUST00000216838.1|ENSMUSG00000035769|Xylb	Xylb	chr9	+	0	0		0		0		no
ENSMUST00000215307.1|ENSMUSG00000032512|Wdr48	Wdr48	chr9	+	0	0		0		0		no
ENSMUST00000177637.1|ENSMUSG00000052336|Cx3cr1	Cx3cr1	chr9	-	0	0		0		0		no
ENSMUST00000035099.8|ENSMUSG00000032513|Gorasp1	Gorasp1	chr9	-	0	0		0		0		no
ENSMUST00000035101.8|ENSMUSG00000032515|Csrnp1	Csrnp1	chr9	-	0	0		0		0		no
ENSMUST00000217356.1|ENSMUSG00000032518|Rpsa	Rpsa	chr9	+	0	0		0		0		no
ENSMUST00000174193.7|ENSMUSG00000032517|Mobp	Mobp	chr9	+	15	14	1.78100065298493e-07	750	chr9:120179350-120179400(fdr=7.17e-02);chr9:120179800-120179850(fdr=5.53e-05);chr9:120179850-120179900(fdr=1.65e-03);chr9:120180100-120180150(fdr=1.64e-04);chr9:120180250-120180300(fdr=5.62e-05);chr9:120180300-120180350(fdr=6.59e-05)	0		yes
ENSMUST00000048121.12|ENSMUSG00000041794|Myrip	Myrip	chr9	+	0	0		0		0		no
ENSMUST00000007139.5|ENSMUSG00000006941|Eif1b	Eif1b	chr9	+	0	0		0		0		no
ENSMUST00000047687.8|ENSMUSG00000041608|Entpd3	Entpd3	chr9	+	0	0		0		0		no
ENSMUST00000216990.1|ENSMUSG00000025794|Rpl14	Rpl14	chr9	+	0	0		0		0		no
ENSMUST00000163844.7|ENSMUSG00000006932|Ctnnb1	Ctnnb1	chr9	+	0	0		0		0		no
ENSMUST00000209211.1|ENSMUSG00000032536|Trak1	Trak1	chr9	+	0	0		0		0		no
ENSMUST00000182179.7|ENSMUSG00000032525|Nktr	Nktr	chr9	+	0	0		0		0		no
ENSMUST00000093772.3|ENSMUSG00000013419|Zfp651	Zfp651	chr9	+	0	0		0		0		no
ENSMUST00000155511.7|ENSMUSG00000079235|Ccdc13	Ccdc13	chr9	-	0	0		0		0		no
ENSMUST00000217610.1|ENSMUSG00000066235|Pomgnt2	Pomgnt2	chr9	-	0	0		0		0		no
ENSMUST00000118886.8|ENSMUSG00000038145|Snrk	Snrk	chr9	+	0	0		0		0		no
ENSMUST00000035128.10|ENSMUSG00000032540|Abhd5	Abhd5	chr9	+	0	0		0		0		no
ENSMUST00000136274.2|ENSMUSG00000046603|Tcaim	Tcaim	chr9	+	0	0		0		0		no
ENSMUST00000216063.1|ENSMUSG00000047036|Zfp445	Zfp445	chr9	-	0	0		0		0		no
ENSMUST00000035154.3|ENSMUSG00000032551|1110059G10Rik	1110059G10Rik	chr9	-	0	0		0		0		no
ENSMUST00000084733.6|ENSMUSG00000066233|Tmem42	Tmem42	chr9	+	0	0		0		0		no
ENSMUST00000140497.7|ENSMUSG00000025786|Zdhhc3	Zdhhc3	chr9	-	0	0		0		0		no
ENSMUST00000026890.5|ENSMUSG00000025784|Clec3b	Clec3b	chr9	+	0	0		0		0		no
ENSMUST00000068140.5|ENSMUSG00000054871|Tmem158	Tmem158	chr9	-	0	0		0		0		no
ENSMUST00000026269.3|ENSMUSG00000025239|Limd1	Limd1	chr9	+	0	0		0		0		no
ENSMUST00000217045.1|ENSMUSG00000025240|Sacm1l	Sacm1l	chr9	+	0	0		0		0		no
ENSMUST00000171647.8|ENSMUSG00000036814|Slc6a20a	Slc6a20a	chr9	-	0	0		0		0		no
ENSMUST00000166236.8|ENSMUSG00000029530|Ccr9	Ccr9	chr9	+	0	0		0		0		no
ENSMUST00000084715.13|ENSMUSG00000025241|Fyco1	Fyco1	chr9	-	0	0		0		0		no
ENSMUST00000026911.5|ENSMUSG00000025804|Ccr1	Ccr1	chr9	-	0	0		0		0		no
ENSMUST00000177714.7|ENSMUSG00000074829|2010315B03Rik	2010315B03Rik	chr9	-	0	0		0		0		no
ENSMUST00000217354.1|ENSMUSG00000093803|Ppp2r3d	Ppp2r3d	chr9	-	0	0		0		0		no
ENSMUST00000150787.7|ENSMUSG00000039556|Ppp1r3f	Ppp1r3f	chrX	-	0	0		0		0		no
ENSMUST00000033483.4|ENSMUSG00000031143|Ccdc22	Ccdc22	chrX	-	0	0		0		0		no
ENSMUST00000129662.2|ENSMUSG00000031145|Prickle3	Prickle3	chrX	+	0	0		0		0		no
ENSMUST00000033486.5|ENSMUSG00000031146|Plp2	Plp2	chrX	-	0	0		0		0		no
ENSMUST00000115695.3|ENSMUSG00000031147|Magix	Magix	chrX	-	0	0		0		0		no
ENSMUST00000049896.12|ENSMUSG00000031148|Gpkow	Gpkow	chrX	+	0	0		0		0		no
ENSMUST00000209144.1|ENSMUSG00000039382|Wdr45	Wdr45	chrX	+	0	0		0		0		no
ENSMUST00000207461.1|ENSMUSG00000109493|Gm45208	Gm45208	chrX	+	0	0		0		0		no
ENSMUST00000033489.7|ENSMUSG00000031149|Praf2	Praf2	chrX	+	0	0		0		0		no
ENSMUST00000115680.10|ENSMUSG00000000134|Tfe3	Tfe3	chrX	+	0	0		0		0		no
ENSMUST00000065932.13|ENSMUSG00000031153|Gripap1	Gripap1	chrX	+	0	0		0		0		no
ENSMUST00000009875.4|ENSMUSG00000009731|Kcnd1	Kcnd1	chrX	+	0	0		0		0		no
ENSMUST00000033494.15|ENSMUSG00000031154|Otud5	Otud5	chrX	+	0	0		0		0		no
ENSMUST00000033495.14|ENSMUSG00000031155|Pim2	Pim2	chrX	+	0	0		0		0		no
ENSMUST00000208640.1|ENSMUSG00000031156|Slc35a2	Slc35a2	chrX	+	0	0		0		0		no
ENSMUST00000033498.9|ENSMUSG00000031158|Timm17b	Timm17b	chrX	+	0	0		0		0		no
ENSMUST00000041096.3|ENSMUSG00000039278|Pcsk1n	Pcsk1n	chrX	+	0	0		0		0		no
ENSMUST00000115642.7|ENSMUSG00000031161|Hdac6	Hdac6	chrX	-	0	0		0		0		no
ENSMUST00000115638.9|ENSMUSG00000039231|Suv39h1	Suv39h1	chrX	-	0	0		0		0		no
ENSMUST00000133292.7|ENSMUSG00000031166|Wdr13	Wdr13	chrX	-	0	0		0		0		no
ENSMUST00000040010.9|ENSMUSG00000031167|Rbm3	Rbm3	chrX	-	0	0		0		0		no
ENSMUST00000239441.1|ENSMUSG00000039201|Tbc1d25	Tbc1d25	chrX	-	0	0		0		0		no
ENSMUST00000033509.14|ENSMUSG00000031168|Ebp	Ebp	chrX	-	0	0		0		0		no
ENSMUST00000033513.9|ENSMUSG00000031171|Ftsj1	Ftsj1	chrX	-	0	0		0		0		no
ENSMUST00000115591.7|ENSMUSG00000031170|Slc38a5	Slc38a5	chrX	+	0	0		0		0		no
ENSMUST00000064196.4|ENSMUSG00000052364|B630019K06Rik	B630019K06Rik	chrX	+	0	0		0		0		no
ENSMUST00000164685.7|ENSMUSG00000015340|Cybb	Cybb	chrX	-	0	0		0		0		no
ENSMUST00000033519.2|ENSMUSG00000031176|Dynlt3	Dynlt3	chrX	-	0	0		0		0		no
ENSMUST00000044789.9|ENSMUSG00000090084|Srpx	Srpx	chrX	-	0	0		0		0		no
ENSMUST00000115533.7|ENSMUSG00000031174|Rpgr	Rpgr	chrX	-	0	0		0		0		no
ENSMUST00000115524.7|ENSMUSG00000008035|Mid1ip1	Mid1ip1	chrX	+	0	0		0		0		no
ENSMUST00000115513.8|ENSMUSG00000040363|Bcor	Bcor	chrX	-	0	0		0		0		no
ENSMUST00000033313.2|ENSMUSG00000031007|Atp6ap2	Atp6ap2	chrX	+	0	0		0		0		no
ENSMUST00000096495.10|ENSMUSG00000064127|Med14	Med14	chrX	-	0	0		0		0		no
ENSMUST00000089302.10|ENSMUSG00000031010|Usp9x	Usp9x	chrX	+	0	0		0		0		no
ENSMUST00000000804.6|ENSMUSG00000000787|Ddx3x	Ddx3x	chrX	+	0	0		0		0		no
ENSMUST00000156096.7|ENSMUSG00000031012|Cask	Cask	chrX	-	0	0		0		0		no
ENSMUST00000096492.3|ENSMUSG00000040229|Gpr34	Gpr34	chrX	+	0	0		0		0		no
ENSMUST00000026013.5|ENSMUSG00000025037|Maoa	Maoa	chrX	+	0	0		0		0		no
ENSMUST00000040134.7|ENSMUSG00000040138|Ndp	Ndp	chrX	-	0	0		0		0		no
ENSMUST00000026016.12|ENSMUSG00000025040|Fundc1	Fundc1	chrX	-	0	0		0		0		no
ENSMUST00000044138.7|ENSMUSG00000037347|Chst7	Chst7	chrX	+	0	0		0		0		no
ENSMUST00000115391.7|ENSMUSG00000060090|Rp2	Rp2	chrX	+	0	0		0		0		no
ENSMUST00000115374.7|ENSMUSG00000031060|Rbm10	Rbm10	chrX	+	0	0		0		0		no
ENSMUST00000089217.10|ENSMUSG00000001924|Uba1	Uba1	chrX	+	0	0		0		0		no
ENSMUST00000115364.7|ENSMUSG00000031065|Cdk16	Cdk16	chrX	+	0	0		0		0		no
ENSMUST00000033383.2|ENSMUSG00000031066|Usp11	Usp11	chrX	+	0	0		0		0		no
ENSMUST00000115345.7|ENSMUSG00000037217|Syn1	Syn1	chrX	-	0	0		0		0		no
ENSMUST00000009550.13|ENSMUSG00000009406|Elk1	Elk1	chrX	-	0	0		0		0		no
ENSMUST00000123836.1|ENSMUSG00000001134|Uxt	Uxt	chrX	-	0	0		0		0		no
ENSMUST00000115313.7|ENSMUSG00000036782|Klhl13	Klhl13	chrX	-	0	0		0		0		no
ENSMUST00000149483.1|ENSMUSG00000036769|Wdr44	Wdr44	chrX	+	0	0		0		0		no
ENSMUST00000033419.12|ENSMUSG00000031093|Dock11	Dock11	chrX	+	0	0		0		0		no
ENSMUST00000033418.7|ENSMUSG00000017057|Il13ra1	Il13ra1	chrX	+	0	0		0		0		no
ENSMUST00000048067.9|ENSMUSG00000036699|Zcchc12	Zcchc12	chrX	+	0	0		0		0		no
ENSMUST00000016383.9|ENSMUSG00000016239|Lonrf3	Lonrf3	chrX	+	0	0		0		0		no
ENSMUST00000073339.6|ENSMUSG00000006373|Pgrmc1	Pgrmc1	chrX	+	0	0		0		0		no
ENSMUST00000016463.3|ENSMUSG00000016319|Slc25a5	Slc25a5	chrX	+	0	0		0		0		no
ENSMUST00000115248.9|ENSMUSG00000006423|C330007P06Rik	C330007P06Rik	chrX	-	0	0		0		0		no
ENSMUST00000016452.10|ENSMUSG00000016308|Ube2a	Ube2a	chrX	+	0	0		0		0		no
ENSMUST00000076265.12|ENSMUSG00000036572|Upf3b	Upf3b	chrX	-	0	0		0		0		no
ENSMUST00000016553.4|ENSMUSG00000016409|Nkap	Nkap	chrX	+	0	0		0		0		no
ENSMUST00000089054.10|ENSMUSG00000036502|Tmem255a	Tmem255a	chrX	-	0	0		0		0		no
ENSMUST00000061755.8|ENSMUSG00000016534|Lamp2	Lamp2	chrX	-	0	0		0		0		no
ENSMUST00000147129.7|ENSMUSG00000031095|Cul4b	Cul4b	chrX	-	0	0		0		0		no
ENSMUST00000058265.7|ENSMUSG00000048970|C1galt1c1	C1galt1c1	chrX	-	0	0		0		0		no
ENSMUST00000139965.7|ENSMUSG00000001986|Gria3	Gria3	chrX	+	0	0		0		0		no
ENSMUST00000115073.8|ENSMUSG00000025862|Stag2	Stag2	chrX	+	0	0		0		0		no
ENSMUST00000001202.14|ENSMUSG00000001173|Ocrl	Ocrl	chrX	+	0	0		0		0		no
ENSMUST00000039026.7|ENSMUSG00000037010|Apln	Apln	chrX	-	0	0		0		0		no
ENSMUST00000033427.6|ENSMUSG00000031101|Sash3	Sash3	chrX	+	0	0		0		0		no
ENSMUST00000037960.10|ENSMUSG00000036985|Zdhhc9	Zdhhc9	chrX	-	0	0		0		0		no
ENSMUST00000114958.7|ENSMUSG00000031103|Elf4	Elf4	chrX	-	0	0		0		0		no
ENSMUST00000167659.7|ENSMUSG00000031109|Enox2	Enox2	chrX	-	0	0		0		0		no
ENSMUST00000053593.7|ENSMUSG00000050029|Rap2c	Rap2c	chrX	-	0	0		0		0		no
ENSMUST00000088172.11|ENSMUSG00000062184|Hs6st2	Hs6st2	chrX	-	0	0		0		0		no
ENSMUST00000033450.2|ENSMUSG00000031119|Gpc4	Gpc4	chrX	-	0	0		0		0		no
ENSMUST00000026723.8|ENSMUSG00000025630|Hprt	Hprt	chrX	+	0	0		0		0		no
ENSMUST00000152743.7|ENSMUSG00000023074|Mospd1	Mospd1	chrX	-	0	0		0		0		no
ENSMUST00000088779.4|ENSMUSG00000067925|Rtl8a	Rtl8a	chrX	-	0	0		0		0		no
ENSMUST00000088778.4|ENSMUSG00000067924|Rtl8b	Rtl8b	chrX	-	0	0		0		0		no
ENSMUST00000101560.3|ENSMUSG00000073176|Zfp449	Zfp449	chrX	+	0	0		0		0		no
ENSMUST00000068106.4|ENSMUSG00000054850|Smim10l2a	Smim10l2a	chrX	+	0	0		0		0		no
ENSMUST00000059899.2|ENSMUSG00000061273|Mmgt1	Mmgt1	chrX	-	0	0		0		0		no
ENSMUST00000077741.11|ENSMUSG00000060681|Slc9a6	Slc9a6	chrX	+	0	0		0		0		no
ENSMUST00000114769.8|ENSMUSG00000023092|Fhl1	Fhl1	chrX	+	0	0		0		1	chrX:56792600-56792650(fdr=4.26e-07)	no
ENSMUST00000088652.5|ENSMUSG00000067873|Htatsf1	Htatsf1	chrX	+	0	0		0		0		no
ENSMUST00000033468.10|ENSMUSG00000031133|Arhgef6	Arhgef6	chrX	-	0	0		0		0		no
ENSMUST00000088627.10|ENSMUSG00000067860|Zic3	Zic3	chrX	+	0	0		0		0		no
ENSMUST00000033473.11|ENSMUSG00000031137|Fgf13	Fgf13	chrX	-	0	0		0		0		no
ENSMUST00000088546.11|ENSMUSG00000000838|Fmr1	Fmr1	chrX	+	0	0		0		0		no
ENSMUST00000101509.8|ENSMUSG00000035847|Ids	Ids	chrX	-	2	1	0.0046030544819659	100	chrX:70344150-70344200(fdr=4.60e-03);chrX:70344450-70344500(fdr=5.16e-02)	0		yes
ENSMUST00000053981.5|ENSMUSG00000045237|1110012L19Rik	1110012L19Rik	chrX	+	0	0		0		0		no
ENSMUST00000101506.9|ENSMUSG00000073139|Tmem185a	Tmem185a	chrX	-	0	0		0		0		no
ENSMUST00000171933.7|ENSMUSG00000031337|Mtm1	Mtm1	chrX	+	0	0		0		0		no
ENSMUST00000114601.7|ENSMUSG00000015214|Mtmr1	Mtmr1	chrX	+	0	0		0		0		no
ENSMUST00000080035.10|ENSMUSG00000035776|Cd99l2	Cd99l2	chrX	-	0	0		0		0		no
ENSMUST00000072699.12|ENSMUSG00000015217|Hmgb3	Hmgb3	chrX	+	0	0		0		0		no
ENSMUST00000114577.7|ENSMUSG00000073131|Vma21	Vma21	chrX	+	0	0		0		0		no
ENSMUST00000048790.6|ENSMUSG00000033361|Prrg3	Prrg3	chrX	+	0	0		0		0		no
ENSMUST00000114551.9|ENSMUSG00000031347|Cetn2	Cetn2	chrX	-	0	0		0		0		no
ENSMUST00000033715.4|ENSMUSG00000031349|Nsdhl	Nsdhl	chrX	+	0	0		0		0		no
ENSMUST00000101486.4|ENSMUSG00000073125|Xlr3b	Xlr3b	chrX	+	0	0		0		0		no
ENSMUST00000105111.3|ENSMUSG00000078317|F8a	F8a	chrX	+	0	0		0		0		no
ENSMUST00000114499.7|ENSMUSG00000031365|Zfp275	Zfp275	chrX	+	0	0		0		0		no
ENSMUST00000033741.14|ENSMUSG00000031375|Bgn	Bgn	chrX	+	0	0		0		0		no
ENSMUST00000002091.5|ENSMUSG00000002015|Bcap31	Bcap31	chrX	-	0	0		0		0		no
ENSMUST00000002084.13|ENSMUSG00000031378|Abcd1	Abcd1	chrX	+	0	0		0		0		no
ENSMUST00000114430.7|ENSMUSG00000031391|L1cam	L1cam	chrX	-	0	0		0		0		no
ENSMUST00000114387.7|ENSMUSG00000031388|Naa10	Naa10	chrX	-	0	0		0		0		no
ENSMUST00000165359.2|ENSMUSG00000031387|Renbp	Renbp	chrX	-	0	0		0		0		no
ENSMUST00000033761.12|ENSMUSG00000031386|Hcfc1	Hcfc1	chrX	-	0	0		0		0		no
ENSMUST00000114354.9|ENSMUSG00000031392|Irak1	Irak1	chrX	-	0	0		0		0		no
ENSMUST00000100750.9|ENSMUSG00000031393|Mecp2	Mecp2	chrX	-	0	0		0		0		no
ENSMUST00000144429.7|ENSMUSG00000031328|Flna	Flna	chrX	-	0	0		0		0		no
ENSMUST00000152288.1|ENSMUSG00000001964|Emd	Emd	chrX	+	0	0		0		0		no
ENSMUST00000239458.1|ENSMUSG00000019088|Dnase1l1	Dnase1l1	chrX	-	0	0		0		0		no
ENSMUST00000124200.7|ENSMUSG00000009995|Taz	Taz	chrX	+	0	0		0		0		no
ENSMUST00000015435.10|ENSMUSG00000015291|Gdi1	Gdi1	chrX	+	0	0		0		0		no
ENSMUST00000155676.7|ENSMUSG00000015290|Ubl4a	Ubl4a	chrX	-	0	0		0		0		no
ENSMUST00000114147.1|ENSMUSG00000032806|Slc10a3	Slc10a3	chrX	-	0	0		0		0		no
ENSMUST00000149218.7|ENSMUSG00000031399|Fam3a	Fam3a	chrX	-	0	0		0		0		no
ENSMUST00000114133.8|ENSMUSG00000004221|Ikbkg	Ikbkg	chrX	+	0	0		0		0		no
ENSMUST00000004327.10|ENSMUSG00000031400|G6pdx	G6pdx	chrX	-	0	0		0		0		no
ENSMUST00000153844.7|ENSMUSG00000031403|Dkc1	Dkc1	chrX	+	0	0		0		0		no
ENSMUST00000033541.4|ENSMUSG00000031198|Fundc2	Fundc2	chrX	+	0	0		0		0		no
ENSMUST00000033543.13|ENSMUSG00000090110|Cmc4	Cmc4	chrX	-	0	0		0		0		no
ENSMUST00000033544.13|ENSMUSG00000031201|Brcc3	Brcc3	chrX	+	0	0		0		0		no
ENSMUST00000033540.5|ENSMUSG00000031197|Vbp1	Vbp1	chrX	+	0	0		0		0		no
ENSMUST00000033545.5|ENSMUSG00000031202|Rab39b	Rab39b	chrX	-	0	0		0		0		no
ENSMUST00000114059.9|ENSMUSG00000016382|Pls3	Pls3	chrX	-	0	0		0		0		no
ENSMUST00000088217.11|ENSMUSG00000025246|Tbl1x	Tbl1x	chrX	+	0	0		0		0		no
ENSMUST00000036333.13|ENSMUSG00000035725|Prkx	Prkx	chrX	-	0	0		0		0		no
ENSMUST00000177904.7|ENSMUSG00000047996|Prrg1	Prrg1	chrX	-	0	0		0		0		no
ENSMUST00000026760.2|ENSMUSG00000025666|Tmem47	Tmem47	chrX	+	0	0		0		0		no
ENSMUST00000114000.7|ENSMUSG00000045103|Dmd	Dmd	chrX	+	0	0		0		0		no
ENSMUST00000142152.1|ENSMUSG00000025059|Gk	Gk	chrX	-	0	0		0		0		no
ENSMUST00000046565.12|ENSMUSG00000035277|Arx	Arx	chrX	+	0	0		0		0		no
ENSMUST00000006856.2|ENSMUSG00000006678|Pola1	Pola1	chrX	-	0	0		0		0		no
ENSMUST00000113933.8|ENSMUSG00000035246|Pcyt1b	Pcyt1b	chrX	+	0	0		0		0		no
ENSMUST00000045748.6|ENSMUSG00000035232|Pdk3	Pdk3	chrX	-	0	0		0		0		no
ENSMUST00000088102.11|ENSMUSG00000079509|Zfx	Zfx	chrX	-	0	0		0		0		no
ENSMUST00000050328.14|ENSMUSG00000035150|Eif2s3x	Eif2s3x	chrX	-	0	0		0		0		no
ENSMUST00000113897.8|ENSMUSG00000079508|Apoo	Apoo	chrX	+	0	0		0		0		no
ENSMUST00000026142.7|ENSMUSG00000025151|Maged1	Maged1	chrX	-	0	0		0		0		no
ENSMUST00000101388.3|ENSMUSG00000073062|Zxdb	Zxdb	chrX	+	0	0		0		0		no
ENSMUST00000096367.4|ENSMUSG00000071722|Spin4	Spin4	chrX	-	0	0		0		0		no
ENSMUST00000117399.1|ENSMUSG00000031207|Msn	Msn	chrX	+	0	0		0		0		no
ENSMUST00000054697.6|ENSMUSG00000047694|Yipf6	Yipf6	chrX	+	0	0		0		0		no
ENSMUST00000036606.13|ENSMUSG00000031216|Stard8	Stard8	chrX	+	0	0		0		0		no
ENSMUST00000052839.6|ENSMUSG00000031217|Efnb1	Efnb1	chrX	+	0	0		0		0		no
ENSMUST00000113792.1|ENSMUSG00000034403|Pja1	Pja1	chrX	-	0	0		0		0		no
ENSMUST00000033570.5|ENSMUSG00000031221|Igbp1	Igbp1	chrX	+	0	0		0		0		no
ENSMUST00000015812.11|ENSMUSG00000015668|Pdzd11	Pdzd11	chrX	-	0	0		0		0		no
ENSMUST00000019503.13|ENSMUSG00000019359|Gdpd2	Gdpd2	chrX	+	0	0		0		0		no
ENSMUST00000113736.8|ENSMUSG00000000881|Dlg3	Dlg3	chrX	+	0	0		0		0		no
ENSMUST00000156473.7|ENSMUSG00000046032|Snx12	Snx12	chrX	-	0	0		0		0		no
ENSMUST00000033664.13|ENSMUSG00000031304|Il2rg	Il2rg	chrX	-	0	0		0		0		no
ENSMUST00000117706.7|ENSMUSG00000079487|Med12	Med12	chrX	+	0	0		0		0		no
ENSMUST00000118111.7|ENSMUSG00000031302|Nlgn3	Nlgn3	chrX	+	0	0		0		0		no
ENSMUST00000117901.7|ENSMUSG00000031310|Zmym3	Zmym3	chrX	-	0	0		0		0		no
ENSMUST00000033673.6|ENSMUSG00000031311|Nono	Nono	chrX	+	0	0		0		0		no
ENSMUST00000044475.4|ENSMUSG00000034160|Ogt	Ogt	chrX	+	0	0		0		0		no
ENSMUST00000101339.7|ENSMUSG00000079481|Nhsl2	Nhsl2	chrX	+	0	0		0		0		no
ENSMUST00000154872.7|ENSMUSG00000067567|Hdac8	Hdac8	chrX	-	0	0		0		0		no
ENSMUST00000052012.13|ENSMUSG00000034055|Phka1	Phka1	chrX	-	0	0		0		0		no
ENSMUST00000121720.1|ENSMUSG00000082229|Nap1l2	Nap1l2	chrX	-	0	0		0		0		no
ENSMUST00000116547.2|ENSMUSG00000031327|Chic1	Chic1	chrX	+	0	0		0		0		no
ENSMUST00000042664.9|ENSMUSG00000033965|Slc16a2	Slc16a2	chrX	-	0	0		0		0		no
ENSMUST00000121153.7|ENSMUSG00000056537|Rlim	Rlim	chrX	-	0	0		0		0		no
ENSMUST00000033695.5|ENSMUSG00000031333|Abcb7	Abcb7	chrX	-	0	0		0		0		no
ENSMUST00000033577.10|ENSMUSG00000031226|Pbdc1	Pbdc1	chrX	+	0	0		0		0		no
ENSMUST00000033578.6|ENSMUSG00000031227|Magee1	Magee1	chrX	+	0	0		0		0		no
ENSMUST00000197302.4|ENSMUSG00000031229|Atrx	Atrx	chrX	-	0	0		0		0		no
ENSMUST00000238718.1|ENSMUSG00000031232|Magt1	Magt1	chrX	-	0	0		0		0		no
ENSMUST00000033582.4|ENSMUSG00000031231|Cox7b	Cox7b	chrX	+	0	0		0		0		no
ENSMUST00000055941.6|ENSMUSG00000033792|Atp7a	Atp7a	chrX	+	0	0		0		0		no
ENSMUST00000040065.3|ENSMUSG00000033777|Tlr13	Tlr13	chrX	+	0	0		0		0		no
ENSMUST00000135949.1|ENSMUSG00000062070|Pgk1	Pgk1	chrX	+	0	0		0		0		no
ENSMUST00000055497.14|ENSMUSG00000047242|Taf9b	Taf9b	chrX	-	0	0		0		0		no
ENSMUST00000101297.3|ENSMUSG00000073010|Gm5127	Gm5127	chrX	+	0	0		0		0		no
ENSMUST00000060576.7|ENSMUSG00000049929|Lpar4	Lpar4	chrX	+	0	0		0		0		no
ENSMUST00000033591.5|ENSMUSG00000031239|Itm2a	Itm2a	chrX	-	0	0		0		0		no
ENSMUST00000120722.1|ENSMUSG00000031242|2610002M06Rik	2610002M06Rik	chrX	-	0	0		0		0		no
ENSMUST00000033597.8|ENSMUSG00000031245|Hmgn5	Hmgn5	chrX	-	0	0		0		0		no
ENSMUST00000033598.8|ENSMUSG00000031246|Sh3bgrl	Sh3bgrl	chrX	+	0	0		0		0		no
ENSMUST00000026599.9|ENSMUSG00000025525|Apool	Apool	chrX	+	0	0		0		0		no
ENSMUST00000026607.14|ENSMUSG00000025531|Chm	Chm	chrX	-	0	0		0		0		no
ENSMUST00000113371.7|ENSMUSG00000025597|Klhl4	Klhl4	chrX	+	0	0		0		0		no
ENSMUST00000079490.5|ENSMUSG00000055733|Nap1l3	Nap1l3	chrX	-	0	0		0		0		no
ENSMUST00000113320.2|ENSMUSG00000034480|Diaph2	Diaph2	chrX	+	0	0		0		0		no
ENSMUST00000149154.7|ENSMUSG00000051323|Pcdh19	Pcdh19	chrX	-	0	0		0		0		no
ENSMUST00000087557.11|ENSMUSG00000067377|Tspan6	Tspan6	chrX	-	0	0		0		0		no
ENSMUST00000113304.1|ENSMUSG00000031253|Srpx2	Srpx2	chrX	+	0	0		0		0		no
ENSMUST00000113297.8|ENSMUSG00000031255|Sytl4	Sytl4	chrX	-	0	0		0		0		no
ENSMUST00000037687.7|ENSMUSG00000033578|Tmem35a	Tmem35a	chrX	+	0	0		0		0		no
ENSMUST00000153424.7|ENSMUSG00000000223|Drp2	Drp2	chrX	+	0	0		0		0		no
ENSMUST00000054213.4|ENSMUSG00000048007|Timm8a1	Timm8a1	chrX	-	0	0		0		0		no
ENSMUST00000033617.12|ENSMUSG00000031264|Btk	Btk	chrX	-	0	0		0		0		no
ENSMUST00000170828.1|ENSMUSG00000079435|Rpl36a	Rpl36a	chrX	+	0	0		0		0		no
ENSMUST00000033621.7|ENSMUSG00000031266|Gla	Gla	chrX	-	0	0		0		0		no
ENSMUST00000113203.1|ENSMUSG00000045427|Hnrnph2	Hnrnph2	chrX	+	0	0		0		0		no
ENSMUST00000124226.2|ENSMUSG00000049804|Armcx4	Armcx4	chrX	+	0	0		0		0		no
ENSMUST00000051256.9|ENSMUSG00000033460|Armcx1	Armcx1	chrX	+	0	0		0		0		no
ENSMUST00000113194.7|ENSMUSG00000050394|Armcx6	Armcx6	chrX	-	0	0		0		0		no
ENSMUST00000086884.4|ENSMUSG00000049047|Armcx3	Armcx3	chrX	+	0	0		0		0		no
ENSMUST00000119010.7|ENSMUSG00000033436|Armcx2	Armcx2	chrX	-	0	0		0		0		no
ENSMUST00000033783.1|ENSMUSG00000031409|Tceal6	Tceal6	chrX	-	0	0		0		0		no
ENSMUST00000096321.2|ENSMUSG00000072969|Armcx5	Armcx5	chrX	+	0	0		0		0		no
ENSMUST00000113144.7|ENSMUSG00000043384|Gprasp1	Gprasp1	chrX	+	0	0		0		0		no
ENSMUST00000068755.13|ENSMUSG00000072964|Bhlhb9	Bhlhb9	chrX	+	0	0		0		0		no
ENSMUST00000173804.7|ENSMUSG00000072966|Gprasp2	Gprasp2	chrX	+	0	0		0		0		no
ENSMUST00000058119.8|ENSMUSG00000048040|Arxes2	Arxes2	chrX	+	0	0		0		0		no
ENSMUST00000057625.2|ENSMUSG00000048355|Arxes1	Arxes1	chrX	+	0	0		0		0		no
ENSMUST00000049130.7|ENSMUSG00000042750|Bex2	Bex2	chrX	-	0	0		0		0		no
ENSMUST00000116527.1|ENSMUSG00000047844|Bex4	Bex4	chrX	+	0	0		0		0		no
ENSMUST00000163584.7|ENSMUSG00000051579|Tceal8	Tceal8	chrX	-	0	0		0		0		no
ENSMUST00000066819.10|ENSMUSG00000054034|Tceal5	Tceal5	chrX	-	0	0		0		0		no
ENSMUST00000058125.8|ENSMUSG00000050071|Bex1	Bex1	chrX	-	0	0		0		0		no
ENSMUST00000048687.10|ENSMUSG00000042712|Tceal9	Tceal9	chrX	+	0	0		0		0		no
ENSMUST00000178632.7|ENSMUSG00000046432|Bex3	Bex3	chrX	+	0	0		0		0		no
ENSMUST00000060904.10|ENSMUSG00000044550|Tceal3	Tceal3	chrX	+	0	0		0		0		no
ENSMUST00000055104.5|ENSMUSG00000049536|Tceal1	Tceal1	chrX	+	0	0		0		0		no
ENSMUST00000033797.12|ENSMUSG00000031422|Morf4l2	Morf4l2	chrX	-	0	0		0		0		no
ENSMUST00000033800.12|ENSMUSG00000031425|Plp1	Plp1	chrX	+	5	5	1.11129170858839e-08	250	chrX:136837950-136838000(fdr=6.16e-05);chrX:136838100-136838150(fdr=1.06e-02);chrX:136838150-136838200(fdr=4.12e-05);chrX:136838200-136838250(fdr=1.11e-08);chrX:136838250-136838300(fdr=7.80e-04)	17	chrX:136836100-136836150(fdr=1.38e-07);chrX:136836150-136836200(fdr=5.53e-08);chrX:136836200-136836250(fdr=6.61e-07);chrX:136836250-136836300(fdr=2.65e-05);chrX:136836300-136836350(fdr=2.61e-06);chrX:136836350-136836400(fdr=8.55e-06)	yes
ENSMUST00000127404.7|ENSMUSG00000072955|Tmsb15l	Tmsb15l	chrX	-	0	0		0		0		no
ENSMUST00000033804.4|ENSMUSG00000031428|Zcchc18	Zcchc18	chrX	+	0	0		0		0		no
ENSMUST00000047852.7|ENSMUSG00000042595|Fam199x	Fam199x	chrX	+	0	0		0		0		no
ENSMUST00000113045.8|ENSMUSG00000042515|Pwwp3b	Pwwp3b	chrX	+	0	0		0		0		no
ENSMUST00000113026.1|ENSMUSG00000031438|Rnf128	Rnf128	chrX	+	0	0		0		0		no
ENSMUST00000096313.3|ENSMUSG00000042473|Tbc1d8b	Tbc1d8b	chrX	+	0	0		0		0		no
ENSMUST00000171896.1|ENSMUSG00000031434|Morc4	Morc4	chrX	-	0	0		0		0		no
ENSMUST00000033809.3|ENSMUSG00000031432|Prps1	Prps1	chrX	+	0	0		0		0		no
ENSMUST00000055738.11|ENSMUSG00000031431|Tsc22d3	Tsc22d3	chrX	-	0	0		0		0		no
ENSMUST00000112978.1|ENSMUSG00000031429|Psmd10	Psmd10	chrX	-	0	0		0		0		no
ENSMUST00000112971.1|ENSMUSG00000079418|Atg4a	Atg4a	chrX	+	0	0		0		0		no
ENSMUST00000101205.2|ENSMUSG00000031273|Col4a6	Col4a6	chrX	-	0	0		0		0		no
ENSMUST00000112931.7|ENSMUSG00000031274|Col4a5	Col4a5	chrX	+	0	0		0		0		no
ENSMUST00000112916.8|ENSMUSG00000042271|Nxt2	Nxt2	chrX	+	0	0		0		0		no
ENSMUST00000134825.2|ENSMUSG00000090122|Kcne1l	Kcne1l	chrX	-	0	0		0		0		no
ENSMUST00000112907.7|ENSMUSG00000031278|Acsl4	Acsl4	chrX	-	0	0		0		0		no
ENSMUST00000112889.7|ENSMUSG00000047045|Tmem164	Tmem164	chrX	+	0	0		0		0		no
ENSMUST00000041317.2|ENSMUSG00000042225|Ammecr1	Ammecr1	chrX	-	0	0		0		0		no
ENSMUST00000074660.11|ENSMUSG00000031283|Chrdl1	Chrdl1	chrX	-	0	0		0		0		no
ENSMUST00000172330.2|ENSMUSG00000031284|Pak3	Pak3	chrX	+	0	0		0		0		no
ENSMUST00000163233.1|ENSMUSG00000041353|Tmem29	Tmem29	chrX	-	0	0		0		0		no
ENSMUST00000112720.7|ENSMUSG00000025269|Apex2	Apex2	chrX	-	0	0		0		0		no
ENSMUST00000112699.8|ENSMUSG00000025268|Maged2	Maged2	chrX	-	0	0		0		0		no
ENSMUST00000112685.7|ENSMUSG00000025265|Fgd1	Fgd1	chrX	+	0	0		0		0		no
ENSMUST00000112683.8|ENSMUSG00000025264|Tsr2	Tsr2	chrX	-	0	0		0		0		no
ENSMUST00000046950.12|ENSMUSG00000041229|Phf8	Phf8	chrX	+	0	0		0		0		no
ENSMUST00000145518.7|ENSMUSG00000041133|Smc1a	Smc1a	chrX	+	0	0		0		0		no
ENSMUST00000112588.8|ENSMUSG00000025332|Kdm5c	Kdm5c	chrX	+	0	0		0		0		no
ENSMUST00000195280.2|ENSMUSG00000087403|Kantr	Kantr	chrX	-	0	0		0		0		no
ENSMUST00000178165.1|ENSMUSG00000041096|Tspyl2	Tspyl2	chrX	-	0	0		0		0		no
ENSMUST00000101141.8|ENSMUSG00000045180|Shroom2	Shroom2	chrX	-	0	0		0		0		no
ENSMUST00000051484.4|ENSMUSG00000047238|Mageh1	Mageh1	chrX	-	0	0		0		0		no
ENSMUST00000039720.10|ENSMUSG00000041658|Rragb	Rragb	chrX	+	0	0		0		0		no
ENSMUST00000060714.9|ENSMUSG00000050148|Ubqln2	Ubqln2	chrX	+	0	0		0		0		no
ENSMUST00000039424.13|ENSMUSG00000041633|Kctd12b	Kctd12b	chrX	-	0	0		0		0		no
ENSMUST00000185492.6|ENSMUSG00000086316|Nbdy	Nbdy	chrX	+	0	0		0		0		no
ENSMUST00000049999.8|ENSMUSG00000046550|Spin2c	Spin2c	chrX	+	0	0		0		0		no
ENSMUST00000152463.7|ENSMUSG00000025283|Sat1	Sat1	chrX	-	0	0		0		0		no
ENSMUST00000131332.7|ENSMUSG00000025287|Acot9	Acot9	chrX	+	0	0		0		0		no
ENSMUST00000135713.7|ENSMUSG00000057457|Phex	Phex	chrX	-	0	0		0		0		no
ENSMUST00000145477.7|ENSMUSG00000071708|Sms	Sms	chrX	-	0	0		0		0		no
ENSMUST00000026750.14|ENSMUSG00000025658|Cnksr2	Cnksr2	chrX	-	0	0		0		0		no
ENSMUST00000033671.12|ENSMUSG00000031309|Rps6ka3	Rps6ka3	chrX	+	0	0		0		0		no
ENSMUST00000087143.6|ENSMUSG00000067194|Eif1ax	Eif1ax	chrX	+	0	0		0		0		no
ENSMUST00000033665.8|ENSMUSG00000031303|Map3k15	Map3k15	chrX	+	0	0		0		0		no
ENSMUST00000033662.8|ENSMUSG00000031299|Pdha1	Pdha1	chrX	-	0	0		0		0		no
ENSMUST00000061514.7|ENSMUSG00000043518|Rai2	Rai2	chrX	+	0	0		0		0		no
ENSMUST00000101102.1|ENSMUSG00000040855|Reps2	Reps2	chrX	-	0	0		0		0		no
ENSMUST00000033720.11|ENSMUSG00000031353|Rbbp7	Rbbp7	chrX	+	0	0		0		0		no
ENSMUST00000033723.3|ENSMUSG00000031357|Syap1	Syap1	chrX	-	0	0		0		0		no
ENSMUST00000033727.13|ENSMUSG00000031360|Ctps2	Ctps2	chrX	+	0	0		0		0		no
ENSMUST00000090840.9|ENSMUSG00000031370|Zrsr2	Zrsr2	chrX	-	0	0		0		0		no
ENSMUST00000033739.4|ENSMUSG00000031373|Car5b	Car5b	chrX	-	0	0		0		0		no
ENSMUST00000037928.8|ENSMUSG00000040749|Siah1b	Siah1b	chrX	-	0	0		0		0		no
ENSMUST00000112265.8|ENSMUSG00000031377|Bmx	Bmx	chrX	-	0	0		0		0		no
ENSMUST00000033749.8|ENSMUSG00000031379|Pir	Pir	chrX	+	0	0		0		0		no
ENSMUST00000112247.8|ENSMUSG00000061778|Mospd2	Mospd2	chrX	-	0	0		0		0		no
ENSMUST00000056410.10|ENSMUSG00000040621|Gemin8	Gemin8	chrX	+	0	0		0		0		no
ENSMUST00000112192.7|ENSMUSG00000079317|Trappc2	Trappc2	chrX	+	0	0		0		0		no
ENSMUST00000112091.8|ENSMUSG00000079316|Rab9	Rab9	chrX	-	0	0		0		0		no
ENSMUST00000112188.7|ENSMUSG00000051224|Tceanc	Tceanc	chrX	-	0	0		0		0		no
ENSMUST00000112172.3|ENSMUSG00000049775|Tmsb4x	Tmsb4x	chrX	-	0	0		0		0		no
ENSMUST00000112161.7|ENSMUSG00000044583|Tlr7	Tlr7	chrX	-	0	0		0		0		no
ENSMUST00000026839.4|ENSMUSG00000025742|Prps2	Prps2	chrX	-	0	0		0		0		no
ENSMUST00000033725.15|ENSMUSG00000031358|Msl3	Msl3	chrX	-	0	0		0		0		no
ENSMUST00000154638.8|ENSMUSG00000031352|Hccs	Hccs	chrX	-	0	0		0		0		no
ENSMUST00000171433.7|ENSMUSG00000035299|Mid1	Mid1	chrX	+	0	0		0		0		no
ENSMUST00000186726.6|ENSMUSG00000056673|Kdm5d	Kdm5d	chrY	+	0	0		0		0		no
ENSMUST00000091197.3|ENSMUSG00000069049|Eif2s3y	Eif2s3y	chrY	+	0	0		0		0		no
ENSMUST00000188484.1|ENSMUSG00000069045|Ddx3y	Ddx3y	chrY	-	0	0		0		0		no
