Unnamed: 0	baseMean	log2FoldChange	lfcSE	stat	pvalue	padj	symbol
ENSMUSG00000002459.18	1.3631929500186717	-3.285901287509263	2.86532225488107	-1.146782454194022	0.2514715425360351	0.9995150899006424	Rgs20
ENSMUSG00000090031.4	3.144894880712124	-0.7235817106826693	1.4534451630532397	-0.4978390166180383	0.618597513249874	0.9995150899006424	4732440D04Rik
ENSMUSG00000079671.10	29.2804060179555	-0.2933235580553594	0.5513050263982887	-0.5320531176210402	0.5946892067855278	0.9995150899006424	ENSMUSG00000079671.10
ENSMUSG00000097893.10	25.037239831704717	0.7241752529252736	0.5950219254529531	1.2170564174992444	0.2235827511702153	0.9995150899006424	1700034P13Rik
ENSMUSG00000056763.17	2.0347234853006584	0.1268950942560133	1.7271074134980793	0.0734726128000344	0.9414300369774814	0.9995150899006424	Cspp1
ENSMUSG00000102457.2	4.085462808720368	-0.7552792090984701	1.285907333132574	-0.5873511952517986	0.5569678644078505	0.9995150899006424	ENSMUSG00000102457.2
ENSMUSG00000101640.2	2.1935662358046457	0.006458180072854	1.9331076798519755	0.0033408279011899	0.997334409955842	0.9995150899006424	Gm28376
ENSMUSG00000026156.9	34.70571168470001	0.0020821544023865	0.5135960798593702	0.0040540698888446	0.9967653290878404	0.9995150899006424	B3gat2
ENSMUSG00000026155.14	10.237146806278822	-1.0303758138238142	0.8605686595268517	-1.1973197053101188	0.2311819667286869	0.9995150899006424	Smap1
ENSMUSG00000102495.2	3.0238701409603217	-0.3827805772289622	1.6205827358722449	-0.2361993428388206	0.8132779894317365	0.9995150899006424	ENSMUSG00000102495.2
ENSMUSG00000121274.1	4.583053187207514	-0.3022090589939724	1.2000792663560975	-0.2518242481695357	0.8011769138552738	0.9995150899006424	ENSMUSG00000121274.1
ENSMUSG00000042182.17	27.1048993326655	-0.9196701540333216	0.7011373983997501	-1.3116832109260503	0.1896270438322649	0.9995150899006424	Bend6
ENSMUSG00000026131.22	46.47919442553784	-1.5978039965819646	0.6813009693187264	-2.34522489844643	0.0190156056243133	0.9995150899006424	Dst
ENSMUSG00000096992.4	1538.2595038497311	-1.814350169638776	0.9347046971076172	-1.9410945245628528	0.0522468130912051	0.9995150899006424	ENSMUSG00000096992.4
ENSMUSG00000103001.2	1125.80716914223	-1.831610989275804	1.1296296937258512	-1.62142602965279	0.1049263020789786	0.9995150899006424	ENSMUSG00000103001.2
ENSMUSG00000101711.2	3.2427397090436805	-0.3203525688714059	1.580318577224793	-0.2027139169837382	0.8393586448378411	0.9995150899006424	Gm28306
ENSMUSG00000037509.22	3.5975253345280542	0.0235858421211747	1.3956961372671328	0.0168989807246708	0.986517205915589	0.9995150899006424	Arhgef4
ENSMUSG00000104002.3	138.44217583684585	-0.1422960971665156	0.4011796870766334	-0.3546941725873929	0.7228187170671494	0.9995150899006424	Gm38336
ENSMUSG00000037503.13	9.118394029274905	-0.4129244886183306	0.9204683073736014	-0.4486026138113759	0.6537183479086509	0.9995150899006424	Fam168b
ENSMUSG00000104358.2	3.097361675503688	-1.113777858242606	1.5390215875078268	-0.7236921608397788	0.4692547468845182	0.9995150899006424	ENSMUSG00000104358.2
ENSMUSG00000104523.2	13.512360869355836	-0.3930938579300471	0.7726048888484495	-0.5087902802633633	0.6108992330788741	0.9995150899006424	Gm37335
ENSMUSG00000037432.16	7.867273780991707	1.1179352390690565	0.9407601087081106	1.1883318911175451	0.2347026780861361	0.9995150899006424	Fer1l5
ENSMUSG00000026121.14	2.454498194709174	-0.2151904863427832	1.8439692633998188	-0.1166996059066764	0.907098102583665	0.9995150899006424	Sema4c
ENSMUSG00000087589.4	3.1289329787539573	-1.943834952101046	1.6698546879189249	-1.1640743150672423	0.2443938965393439	0.9995150899006424	ENSMUSG00000087589.4
ENSMUSG00000026083.13	8.536983212847908	-0.2241683946713905	0.9228368591116892	-0.242912268249853	0.8080733614864728	0.9995150899006424	Eif5b
ENSMUSG00000026082.12	1.9802462827683036	0.2427414244533806	2.030029097985205	0.1195753423900674	0.9048195534722422	0.9995150899006424	Rev1
ENSMUSG00000097083.2	15.8181764354487	0.8004110414318364	0.7131711205981763	1.1223267716736582	0.2617235272975923	0.9995150899006424	D930019O06Rik
ENSMUSG00000026074.16	3.108654671861736	3.305026490917911	1.798151666970279	1.838013195230955	0.0660604609554489	0.9995150899006424	Map4k4
ENSMUSG00000103270.3	3.285746662265918	-0.8744056300049886	1.488447932354254	-0.5874613488306274	0.5568939016905463	0.9995150899006424	Gm37915
ENSMUSG00000060424.16	11.394551149287317	-0.8935657290005427	0.8108247075033018	-1.1020455108626594	0.2704418864428187	0.9995150899006424	Pantr1
ENSMUSG00000045515.5	4.89101942321689	-1.978148431122584	1.353397773565843	-1.4616164366154452	0.1438463476761726	0.9995150899006424	Pou3f3
ENSMUSG00000101337.7	1.645612497144958	-0.8985286394102845	2.042141497969859	-0.4399933306793545	0.6599419377155702	0.9995150899006424	Dnah7c
ENSMUSG00000026103.15	1.45174917835873	-0.74444359367538	2.146109234635915	-0.3468805695725334	0.7286810446178261	0.9995150899006424	Gls
ENSMUSG00000103030.2	10.874097612076564	-0.1013879486101929	0.8588669979464478	-0.1180484857988624	0.9060292403199472	0.9995150899006424	ENSMUSG00000103030.2
ENSMUSG00000025980.15	1.7293715961875673	1.7109395516123471	2.1734647712388666	0.7871945173682839	0.431168006224407	0.9995150899006424	Hspd1
ENSMUSG00000073676.5	1.4559954452717008	0.2510645927667008	2.093186101539078	0.1199437510989099	0.9045277062625038	0.9995150899006424	Hspe1
ENSMUSG00000025978.15	3.713636095212138	-0.0338617488624163	1.3366386837458053	-0.0253335095521266	0.97978894574485	0.9995150899006424	Rftn2
ENSMUSG00000097649.4	27.99514209011797	-0.6882404638441294	0.5829207940378209	-1.1806757811413315	0.2377315461746612	0.9995150899006424	Gm10561
ENSMUSG00000038331.16	2.0298104419483827	2.904694556726223	1.9742485408961836	1.4712912262848508	0.1412123750428452	0.9995150899006424	Satb2
ENSMUSG00000087022.6	1.752432276772079	0.8054351817006887	1.851218474585204	0.4350838071023248	0.6635015966723639	0.9995150899006424	ENSMUSG00000087022.6
ENSMUSG00000048495.17	11.175219744775015	-0.6505127697705162	0.9309545161653596	-0.6987589172992096	0.4847027069267855	0.9995150899006424	Tyw5
ENSMUSG00000026036.18	15.128074555540424	0.372027553054976	0.7443812845314642	0.4997809063525034	0.6172293564541682	0.9995150899006424	Nif3l1
ENSMUSG00000085054.3	2.025994855455614	1.003215900998608	1.8910174527306487	0.5305164685550382	0.5957538938561	0.9995150899006424	Gm15834
ENSMUSG00000097573.4	2.6473350156076765	0.4453787228077616	1.6893450709098454	0.2636398746929128	0.7920574296503677	0.9995150899006424	G730003C15Rik
ENSMUSG00000101586.2	3.678950383879452	-0.4738421251682851	1.358948037635234	-0.3486830342629133	0.7273272825438252	0.9995150899006424	Gm29017
ENSMUSG00000026018.13	10.210247870184796	-0.101678488656018	0.83532439608946	-0.121723355778931	0.9031181155417736	0.9995150899006424	Ica1l
ENSMUSG00000026782.16	1.4251528963546771	-1.1274431290280915	2.376763143980812	-0.474360742206626	0.6352426828587305	0.9995150899006424	Abi2
ENSMUSG00000084799.9	19.24596512144532	-0.3596909453660055	0.6592071185831121	-0.5456417796869651	0.5853121993587799	0.9995150899006424	Ino80dos
ENSMUSG00000025968.17	2.1706002456082367	0.7381216518169484	1.9285164368649228	0.3827406589372242	0.7019120643055279	0.9995150899006424	Ndufs1
ENSMUSG00000025961.2	2.829238446696176	-1.26613234186205	1.972144576764276	-0.6420078714205683	0.5208680721654809	0.9995150899006424	4933402D24Rik
ENSMUSG00000086836.2	3.349555714847197	-2.818231122440322	1.7360427552766828	-1.6233650432135611	0.104511392790799	0.9995150899006424	Gm13748
ENSMUSG00000102140.2	3.6426401554020686	-1.2442462017158848	1.487349414215267	-0.8365527224632386	0.4028440297144061	0.9995150899006424	ENSMUSG00000102140.2
ENSMUSG00000015222.19	7.443871291018861	-1.7052669072883977	1.1100851923654935	-1.5361585930667394	0.1244994886624843	0.9995150899006424	Map2
ENSMUSG00000073656.5	80.80432039094319	-0.1171743998854472	0.407781360501263	-0.2873461399545365	0.7738472969614716	0.9995150899006424	Gm10558
ENSMUSG00000026004.16	2.786377920911462	-0.3505654991835542	1.5857739058545728	-0.2210690300107029	0.8250386841499915	0.9995150899006424	Kansl1l
ENSMUSG00000102776.2	2.475698395121348	-0.2719343613691288	1.7664665057562825	-0.153942551688918	0.8776550325792343	0.9995150899006424	ENSMUSG00000102776.2
ENSMUSG00000073652.11	5.616762620427417	-0.3178554704108735	1.2588133939344732	-0.2525040422531596	0.8006514900498487	0.9995150899006424	Apol7d
ENSMUSG00000026185.9	2.6518222854458986	2.9255721035674083	2.09463171244536	1.39669999560542	0.1625038055274271	0.9995150899006424	Igfbp5
ENSMUSG00000101503.2	51.04775701366172	-0.1349000492810626	0.4451502752082681	-0.3030438411342063	0.7618564511045282	0.9995150899006424	Gm28364
ENSMUSG00000006301.18	2.126075269266676	0.4550791399134424	1.6660958472635965	0.2731410324687301	0.7847448061489262	0.9995150899006424	Tmbim1
ENSMUSG00000033364.14	2.2880262729640117	-2.1484054314163057	1.9803546395439997	-1.0848589381500893	0.2779841368055727	0.9995150899006424	Usp37
ENSMUSG00000026173.17	90.1641963329655	-0.568653576642193	0.4045815498439266	-1.4055351185973743	0.1598622139594926	0.9995150899006424	Plcd4
ENSMUSG00000026135.18	10.685667570879646	-0.1397346604048886	0.895632896984142	-0.1560177846028391	0.8760190027991165	0.9995150899006424	Zfp142
ENSMUSG00000121256.1	3.4708225081400674	-0.4913596603029698	1.512256201705766	-0.324918264344848	0.7452429333007793	0.9995150899006424	ENSMUSG00000121256.1
ENSMUSG00000026199.19	10.620540034197411	0.2521751597326957	0.8143757989774395	0.3096545354728569	0.7568236798542434	0.9995150899006424	Ankzf1
ENSMUSG00000026200.14	2.167067779015602	-0.1054920117917425	1.7997297884506052	-0.0586154724274253	0.95325838665754	0.9995150899006424	Glb1l
ENSMUSG00000026201.13	24.7142158965096	-0.0444127830989769	0.5777611691320984	-0.0768704881390575	0.938726575112318	0.9995150899006424	Stk16
ENSMUSG00000026202.14	2.467898437949019	0.9555171948588452	1.6997943328126677	0.5621369458725872	0.5740227178209977	0.9995150899006424	Tuba4a
ENSMUSG00000101840.2	38.158435535928845	0.3494762565733103	0.5105240329377547	0.684544182106937	0.4936316000680939	0.9995150899006424	Gm28294
ENSMUSG00000100556.2	3.918855636097643	0.622337072117969	1.4033627694834512	0.4434612957183112	0.6574321084924429	0.9995150899006424	Gm28902
ENSMUSG00000102605.2	3.0125944760513037	2.117668416703078	1.6037878417807416	1.3204168042275195	0.1866958961361663	0.9995150899006424	ENSMUSG00000102605.2
ENSMUSG00000026211.19	3.6141431448680654	-0.9740148376299468	1.5544562732424223	-0.6265951988461279	0.530924616282115	0.9995150899006424	Obsl1
ENSMUSG00000026245.17	2.346902324600299	0.9484339642728123	2.1673081098273568	0.437609198236407	0.6616696021938437	0.9995150899006424	Farsb
ENSMUSG00000004364.15	7.470443968426356	0.2260861669181183	0.9645189076558188	0.2344030429300775	0.8146720965303447	0.9995150899006424	Cul3
ENSMUSG00000097564.3	28.967643656369106	-0.5029556211178863	0.558289063037471	-0.900887469264518	0.367648154355492	0.9995150899006424	ENSMUSG00000097564.3
ENSMUSG00000093254.3	7.310338936147389	-0.1882403354548749	0.9965042615690326	-0.1889006828314849	0.8501706583892294	0.9995150899006424	ENSMUSG00000093254.3
ENSMUSG00000070031.12	1.615509994021517	0.239216949549725	1.8967569741621144	0.1261189244633716	0.8996377875270138	0.9995150899006424	Sp140
ENSMUSG00000036707.17	2.1333970768788326	0.4046890229600069	1.697524468642652	0.2383995226198995	0.8115712376481677	0.9995150899006424	Cab39
ENSMUSG00000079445.4	3.45470959870308	2.921107050026557	1.56062488487206	1.8717547556381744	0.0612405403569092	0.9995150899006424	B3gnt7
ENSMUSG00000026234.13	2.8036316821762344	-0.5390650165878493	1.8045530608674576	-0.2987249465131926	0.7651499211237422	0.9995150899006424	Ncl
ENSMUSG00000026238.15	3.406898607532882	0.0603780552056609	1.504996873397637	0.0401183924517751	0.9679987385492552	0.9995150899006424	Ptma
ENSMUSG00000089821.2	29.67494235337412	0.5140277272069625	0.5737660190567078	0.8958838797251235	0.3703147846111683	0.9995150899006424	Efhd1os
ENSMUSG00000048000.16	5.135302415772665	0.1413626139706804	1.2283039055065548	0.1150876532566118	0.9083756461484386	0.9995150899006424	Gigyf2
ENSMUSG00000079434.9	33.85858911514942	-0.0609849659421447	0.5074916606575252	-0.1201693952234216	0.9043489611313758	0.9995150899006424	Neu2
ENSMUSG00000101942.2	2.014861662206516	-2.1691337057642026	2.074225453855091	-1.0457559961636371	0.295673702278575	0.9995150899006424	Gm19582
ENSMUSG00000092220.2	4.988888791996077	-2.9836404139678625	1.5063307192388302	-1.980733962244053	0.0476211159780394	0.9995150899006424	ENSMUSG00000092220.2
ENSMUSG00000079429.11	2.0695568719181576	-3.9419913841085368	2.579785721089673	-1.52803054605771	0.1265049540463439	0.9995150899006424	Mroh2a
ENSMUSG00000090322.2	2.786135555238546	1.9136093038059785	1.6174601835750153	1.1830951532769078	0.2367714384870911	0.9995150899006424	Gm17090
ENSMUSG00000034292.14	1.5211804945713223	1.5275523725773683	2.0905097019491072	0.730708100112207	0.4649574668796498	0.9995150899006424	Traf3ip1
ENSMUSG00000034212.15	6.246773206354187	0.5085124692599996	1.0645298188419203	0.4776873886099307	0.6328727217486676	0.9995150899006424	Ankmy1
ENSMUSG00000100632.2	7.148049940673591	0.6547790246296915	1.0216464593156152	0.6409056857773653	0.521583961542706	0.9995150899006424	9430060I03Rik
ENSMUSG00000014602.16	13.294211898836664	-2.280864747396917	1.0075245414247838	-2.2638304613120868	0.0235845442297774	0.9995150899006424	Kif1a
ENSMUSG00000026273.14	3.9889537287495416	0.0234018233823443	1.2731305765903007	0.0183813222403464	0.9853346526194392	0.9995150899006424	Mterf4
ENSMUSG00000034066.14	1.6023224240225868	-0.492836164796354	2.004764931899531	-0.2458323950875316	0.8058119787693557	0.9995150899006424	Farp2
ENSMUSG00000026277.15	5.764448885217597	-0.9289971114024188	1.1307524513617684	-0.8215742625926876	0.4113192423925669	0.9995150899006424	Stk25
ENSMUSG00000100927.2	29.937162579444387	-0.4812108903686679	0.5448099388863484	-0.8832637880144331	0.3770937641754621	0.9995150899006424	Gm28536
ENSMUSG00000101952.2	5.395390036647687	0.8505518820167741	1.1452167721312343	0.7426994632936674	0.4576636547699648	0.9995150899006424	Gm10550
ENSMUSG00000118489.2	10.579514811954324	0.5310977405424427	0.8207892959362186	0.6470573424531025	0.5175948319778488	0.9995150899006424	ENSMUSG00000118489.2
ENSMUSG00000097482.4	6.510444585612323	1.8465872978536289	1.0435626490382202	1.7695030572007355	0.0768099610389793	0.9995150899006424	Gm17634
ENSMUSG00000044340.8	6.834057515584898	-1.3726876098428968	1.0421722494430472	-1.3171408186856657	0.1877914268913296	0.9995150899006424	Phlpp1
ENSMUSG00000054006.15	10.597098081632907	-1.744752095610084	0.8723868332783316	-1.999975273644952	0.0455029339619933	0.9995150899006424	D630008O14Rik
ENSMUSG00000098447.3	4.837125286064227	0.7900020378380722	1.1494957253931215	0.6872596568968498	0.4919191167022234	0.9995150899006424	Gm27184
ENSMUSG00000026385.17	1.235440218377875	-1.0260737668246247	3.345504415210703	-0.3067022605498494	0.7590700089923019	0.9995150899006424	Dbi
ENSMUSG00000085857.2	1.535198912027959	-0.9092029962273772	2.311614775538221	-0.3933194258181208	0.6940835723172845	0.9995150899006424	Gm15392
ENSMUSG00000026343.7	14.307408224974912	-0.4713823336912311	0.7814305754779581	-0.6032299585960179	0.5463557203956748	0.9995150899006424	Gpr39
ENSMUSG00000026347.14	4.03575817962473	1.2868669604842	1.3162579782564894	0.9776707771137536	0.328237179471149	0.9995150899006424	Tmem163
ENSMUSG00000026409.15	4.580932679419035	-0.9730478878694276	1.4617006265806836	-0.6656957451989688	0.5056055936523837	0.9995150899006424	Pfkfb2
ENSMUSG00000103975.2	17.58973644422969	0.3326548982487295	0.6806467229732139	0.4887335632729121	0.6250303386720779	0.9995150899006424	ENSMUSG00000103975.2
ENSMUSG00000026436.16	4.164729189086009	1.0542772872689985	1.350832023523154	0.7804651273511412	0.4351171462008176	0.9995150899006424	Elk4
ENSMUSG00000059149.18	32.9301678781627	0.225215396082834	0.5509552803087762	0.4087725522053529	0.6827065846092832	0.9995150899006424	Mfsd4
ENSMUSG00000099874.2	2.426943662365149	2.009836786339147	1.7899948652651358	1.122817067992789	0.2615151949283107	0.9995150899006424	Gm29629
ENSMUSG00000090079.2	15.186093008240524	0.2356498015135357	0.7391905675843132	0.3187943838131526	0.7498824373257849	0.9995150899006424	Gm15849
ENSMUSG00000097760.3	2.429954090343488	-0.628855555610254	1.5965386212993922	-0.3938868419596643	0.6936645853174694	0.9995150899006424	ENSMUSG00000097760.3
ENSMUSG00000102425.2	37.36870765601511	0.8576949747552471	0.5041377765128939	1.701310662906275	0.0888846667632184	0.9995150899006424	ENSMUSG00000102425.2
ENSMUSG00000101693.2	1.9916460854192028	1.5396579051002408	2.0807983487147794	0.7399361432842456	0.4593387421315528	0.9995150899006424	Gm19461
ENSMUSG00000090208.2	10.765409917107098	0.0498180861463618	0.9020867648890364	0.0552253819536858	0.955958907913076	0.9995150899006424	Gm15851
ENSMUSG00000042451.13	98.40333488097512	-0.3305519464519035	0.3654981592611317	-0.9043874451245576	0.3657899930848939	0.9995150899006424	Mybph
ENSMUSG00000101168.2	15.95694770967979	0.6084277747090058	0.6859947822279059	0.8869277004309191	0.375117826949257	0.9995150899006424	Gm28892
ENSMUSG00000026426.11	1.1811430914926484	-0.7372586176962087	2.695869458636316	-0.2734771208354967	0.7844864771818182	0.9995150899006424	Arl8a
ENSMUSG00000026424.9	4.252331762676128	-0.3765476403684817	1.325499017625638	-0.2840799090466247	0.7763491432269881	0.9995150899006424	Gpr37l1
ENSMUSG00000097680.2	6.325650087559066	0.5999780741752387	1.0818908577096733	0.5545643258742127	0.5791926956338693	0.9995150899006424	Gm26642
ENSMUSG00000048096.8	1.6749494628986423	-1.3031309452945308	2.3616678620634044	-0.5517841717827235	0.5810962329561355	0.9995150899006424	Lmod1
ENSMUSG00000054412.6	8.96763862375283	-0.2594707205280778	0.9228911251182974	-0.2811498707334719	0.7785954517879566	0.9995150899006424	Gm4793
ENSMUSG00000026421.15	1.6057949969323708	-2.816382485919679	2.857278487172793	-0.9856870790030762	0.3242866919446815	0.9995150899006424	Csrp1
ENSMUSG00000102717.2	1.677655235042647	1.7012022410818877	2.384131885478612	0.7135520695996953	0.4755042046314582	0.9995150899006424	Gm37759
ENSMUSG00000097433.2	18.03348129141603	0.0677755460346236	0.6589417779913884	0.1028551357620998	0.9180779452535784	0.9995150899006424	Gm26781
ENSMUSG00000052759.8	1.832499106113104	0.9166231993872944	2.087721077025667	0.4390544357070862	0.6606220933309292	0.9995150899006424	Gpr25
ENSMUSG00000097403.3	2.292786421857848	-1.5019222786933186	1.808664799038371	-0.8304038866084301	0.4063104689018326	0.9995150899006424	ENSMUSG00000097403.3
ENSMUSG00000099510.3	10.389955028435962	-0.2885051428817478	0.8345581011069167	-0.3456980915997206	0.7295696186247818	0.9995150899006424	Gm28501
ENSMUSG00000102451.2	1.7118399340606574	-0.8317868480181039	2.01414247294106	-0.4129731929060237	0.6796262542862224	0.9995150899006424	ENSMUSG00000102451.2
ENSMUSG00000026361.10	9.38534226395918	-0.2557983275012087	0.8692529012034772	-0.294273769057379	0.768548714970728	0.9995150899006424	Cdc73
ENSMUSG00000006010.15	13.83316309500042	-0.4474620964407129	0.8025912490295247	-0.5575217733581994	0.5771709869865068	0.9995150899006424	BC003331
ENSMUSG00000006005.19	3.162151776803802	-0.563343379395647	1.5488055785123709	-0.363727628058222	0.7160614102531568	0.9995150899006424	Tpr
ENSMUSG00000006014.18	13.209350992693995	-0.4307351409151616	0.8062982599768894	-0.5342131594423973	0.5931940656315651	0.9995150899006424	Prg4
ENSMUSG00000100954.7	14.85978454791983	-0.6679196493119014	0.7317221198469626	-0.9128050542623952	0.3613450796352221	0.9995150899006424	Gm10138
ENSMUSG00000023150.15	1.3626432207167367	-0.6846205672592739	2.1924828795665854	-0.3122581132285106	0.7548443703802151	0.9995150899006424	Ivns1abp
ENSMUSG00000100685.2	5.738367535810227	-0.2890429318569656	1.1132410997517992	-0.2596409097017786	0.7951407768334419	0.9995150899006424	Gm28610
ENSMUSG00000100945.2	1.718086641562574	1.737106601087384	2.050178758618015	0.8472951901317782	0.3968306069365684	0.9995150899006424	Gm29529
ENSMUSG00000099568.2	5.833102647507325	-0.3980744525912581	1.3648293553408797	-0.2916660980609075	0.7705419324997629	0.9995150899006424	Gm28513
ENSMUSG00000045968.8	2278.2275721353967	-0.9390921592350852	0.2741699669025904	-3.425218924758212	0.0006143041993588	0.2265553887235517	Teddm2
ENSMUSG00000026473.17	14.514061538960796	-2.1561554199443456	1.0048484353551252	-2.145751880662813	0.0318927795822005	0.9995150899006424	Glul
ENSMUSG00000102299.2	4.338576854604213	0.1133693693877419	1.2495527511665876	0.0907279578888525	0.9277087550594508	0.9995150899006424	ENSMUSG00000102299.2
ENSMUSG00000026466.17	1.4518470035737394	-0.9400690206880828	2.3372521452716257	-0.4022112131076178	0.6875285906279514	0.9995150899006424	Tor1aip1
ENSMUSG00000050565.17	82.38907019238815	-0.400334603992328	0.4157706665035444	-0.9628736133767511	0.3356109528695334	0.9995150899006424	Tor1aip2
ENSMUSG00000102961.2	10.270294960166714	-0.8578983147111175	0.9410701944246368	-0.9116198980625776	0.3619688440120183	0.9995150899006424	ENSMUSG00000102961.2
ENSMUSG00000121798.1	4.42969065557151	0.266234312716507	1.3816111034478589	0.1926984460765478	0.8471951404975502	0.9995150899006424	ENSMUSG00000121798.1
ENSMUSG00000026587.16	1.5620100663843923	-2.0778856829948245	2.302632498493831	-0.9023957076754476	0.3668467004291542	0.9995150899006424	Astn1
ENSMUSG00000103719.2	11.86146850125694	-1.3465026798712865	0.9268476739780837	-1.4527766726672782	0.146285770781824	0.9995150899006424	Gm38039
ENSMUSG00000026729.10	1.4951339418692042	-0.7392318733752253	2.119476255236392	-0.3487804458997236	0.7272541445917922	0.9995150899006424	4930562F07Rik
ENSMUSG00000104302.2	2.5928904106691086	-0.3450582706191143	1.6962954941824593	-0.2034187273399658	0.8388077634988214	0.9995150899006424	Gm36975
ENSMUSG00000026715.13	5.722621639286985	-1.9367057995924823	1.2292455009396934	-1.5755240089241516	0.1151355411150302	0.9995150899006424	Serpinc1
ENSMUSG00000026701.16	1.977932208896526	-1.6152999180559444	2.017376235463733	-0.8006934401527913	0.4233091411098451	0.9995150899006424	Prdx6
ENSMUSG00000066752.5	13.509065122365898	0.1515500295560882	0.7610261392792583	0.1991390594015812	0.8421539680734795	0.9995150899006424	ENSMUSG00000066752.5
ENSMUSG00000091060.3	10.952262862452535	0.2912304582407621	0.882297590201209	0.3300818924081461	0.7413380849404649	0.9995150899006424	7420461P10Rik
ENSMUSG00000040225.16	1.2632072265957126	-0.0025651089259713	2.456457124283053	-0.0010442311003983	0.9991668242785005	0.9996229156794292	Prrc2c
ENSMUSG00000041406.15	3.8752855779020456	0.6337394451343252	1.383000572293822	0.4582351286255908	0.6467835246003345	0.9995150899006424	BC055324
ENSMUSG00000026575.16	77.8519257522015	0.5561749580058923	0.4025676083628827	1.3815690742424185	0.1671040551150401	0.9995150899006424	Nme7
ENSMUSG00000026576.13	2.9497406537478343	-0.2568773134221344	1.5224506931704878	-0.1687261955835102	0.8660120130865974	0.9995150899006424	Atp1b1
ENSMUSG00000005763.16	9.31593530624022	-0.9320557932847936	0.9355628105366168	-0.9962514358070604	0.3191279935504272	0.9995150899006424	Cd247
ENSMUSG00000091393.2	42.83486819674937	-0.4790735228402194	0.5212051646078855	-0.9191649572402788	0.3580092973075583	0.9995150899006424	5330438I03Rik
ENSMUSG00000103400.3	3.484781588443824	0.4983361085206675	1.39079108619388	0.3583112614594354	0.7201103914210064	0.9995150899006424	Gm15853
ENSMUSG00000026563.14	2.143267052637508	-0.745059777800958	1.8069388386874208	-0.4123325935825127	0.680095661949592	0.9995150899006424	Tada1
ENSMUSG00000040596.17	5.679886317273073	-0.5171920201209195	1.0759508845776138	-0.4806836701695297	0.6307413388587776	0.9995150899006424	Pogk
ENSMUSG00002075501.1	3.185232433207748	0.5061581081087213	1.708849966249312	0.296198097027598	0.7670788020244186	0.9995150899006424	ENSMUSG00002075501.1
ENSMUSG00000089990.2	48.75820326325303	-0.8778187952684542	0.460807900517917	-1.9049560441169635	0.0567857851333411	0.9995150899006424	ENSMUSG00000089990.2
ENSMUSG00000097503.4	1.6474276430487802	-0.22695090703039	2.057933355897328	-0.1102809798869467	0.9121865411001469	0.9995150899006424	3110045C21Rik
ENSMUSG00000044306.5	24.631210731244565	-0.1283493211412751	0.5758410689938716	-0.2228901828164692	0.823620977184345	0.9995150899006424	4930500M09Rik
ENSMUSG00000096968.2	2.0477288954413706	1.3859492235589128	1.853727304255504	0.7476553969816717	0.4546680412022899	0.9995150899006424	Gm26620
ENSMUSG00000005677.15	43.36720707010756	-0.1946099188371518	0.4682865948990855	-0.4155786669039495	0.6777183397959033	0.9995150899006424	Nr1i3
ENSMUSG00000013593.13	8.742651637893808	-0.1410384277775755	0.9002528770585225	-0.1566653452287796	0.8755086002594588	0.9995150899006424	Ndufs2
ENSMUSG00000006403.14	4.694662496028624	2.4706979821198605	1.4589447575086754	1.6934828885083186	0.090363589248641	0.9995150899006424	Adamts4
ENSMUSG00000062729.13	13.256352112181377	0.009906076087352	0.7540756651214384	0.0131367136555942	0.9895187204601184	0.9995150899006424	Ppox
ENSMUSG00000013973.13	4.4550498507936425	0.5913549945744467	1.2359878476226345	0.4784472563479413	0.6323319058971235	0.9995150899006424	Dedd
ENSMUSG00000013997.11	35.74770055510207	-0.0163930210565968	0.4945943923051926	-0.0331443730694007	0.9735594575796715	0.9995150899006424	Nit1
ENSMUSG00000006412.11	2.20716212947451	2.4979999240946107	1.86658204898543	1.3382749102577	0.1808068374959923	0.9995150899006424	Pfdn2
ENSMUSG00000045259.5	11.006012376680566	0.4710240961100381	0.8007795777833796	0.5882069288203747	0.5563934072103887	0.9995150899006424	Klhdc9
ENSMUSG00000091993.3	2.752652346898365	0.0689527720890784	1.729200942316072	0.0398755115161595	0.9681923745502662	0.9995150899006424	B930036N10Rik
ENSMUSG00000026556.17	1.23590027909823	-0.2452368278703168	2.504261645408394	-0.0979277977283095	0.9219896266737396	0.9995150899006424	Vangl2
ENSMUSG00000003458.13	2.540003240843677	-0.3923867363269579	1.712072487477157	-0.2291881559904999	0.8187226777567456	0.9995150899006424	Ncstn
ENSMUSG00000026553.18	4.530173123399694	0.7523108804114381	1.185436635560851	0.6346276619462723	0.525671282620841	0.9995150899006424	Copa
ENSMUSG00000103380.2	11.638656267985413	0.0153181428568627	0.7916062178810349	0.0193507106321956	0.9845613302536724	0.9995150899006424	Gm37756
ENSMUSG00000026554.16	109.3376632511169	-0.817667254821228	0.3620936062275064	-2.258165404631533	0.0239353492244762	0.9995150899006424	Dcaf8
ENSMUSG00000013698.13	5.801147792040674	-0.1722374823008358	1.1473784702729817	-0.1501139220956948	0.8806747362034817	0.9995150899006424	Pea15a
ENSMUSG00000038034.16	1559.4262391546918	-0.6617692778447543	0.2779164465272704	-2.381180696982676	0.0172572444589242	0.9995150899006424	Igsf8
ENSMUSG00000007097.15	39.83545388744019	-1.3067543593553586	0.5056267793209586	-2.584424743306298	0.0097541588946016	0.9995150899006424	Atp1a2
ENSMUSG00000102413.2	6.223069353926927	0.8941370894676784	1.2259810295460414	0.7293237561748906	0.4658036439132702	0.9995150899006424	Gm36937
ENSMUSG00000044708.6	3.3155794211606517	0.3599390470104305	1.4456151328505038	0.2489867730567351	0.8033710128576874	0.9995150899006424	Kcnj10
ENSMUSG00000028354.14	3.62387498294974	1.4724089789041768	1.5788971131247382	0.9325553683420102	0.3510495865096342	0.9995150899006424	Fmn2
ENSMUSG00000103435.2	1.9947574734394573	0.2115017122443268	1.9499880590167489	0.1084630807180292	0.9136283650189208	0.9995150899006424	Gm36992
ENSMUSG00000026504.18	8.055448475442857	-0.3104629645782751	0.958437479620136	-0.3239261518668103	0.7459939442356558	0.9995150899006424	Sdccag8
ENSMUSG00000039630.11	16.79263578151905	-0.4852916840106949	0.6852796417329393	-0.7081659142587199	0.4788422306898237	0.9995150899006424	Hnrnpu
ENSMUSG00000089713.2	6.221043421761806	0.8264001761777003	1.0734770196856949	0.7698349950888221	0.4413977780854856	0.9995150899006424	Gm16564
ENSMUSG00000073486.3	7.316210968187974	0.2844168621108804	1.0270821551162297	0.2769173436556245	0.7818435748647329	0.9995150899006424	Gm10518
ENSMUSG00000103636.2	15.27977966366418	-0.9982877114605344	0.7100306524859554	-1.4059783306049325	0.159730559481611	0.9995150899006424	ENSMUSG00000103636.2
ENSMUSG00000026489.14	6.423829019078735	0.2148624991230141	1.0101470198375413	0.2127041855328839	0.8315577018885645	0.9995150899006424	Adck3
ENSMUSG00000121653.1	7.272329673188113	-2.228975388101551	1.1289676262732251	-1.9743483659132923	0.0483421448814401	0.9995150899006424	ENSMUSG00000121653.1
ENSMUSG00000038855.11	5.48903656129209	-1.3428424999430937	1.147969047730142	-1.1697549708315496	0.2420995893509561	0.9995150899006424	Itpkb
ENSMUSG00000085563.3	20.44431536448318	-0.9604248498096448	0.6915167637770164	-1.3888670530037062	0.1648731808130542	0.9995150899006424	2210411M09Rik
ENSMUSG00000103178.2	2.0102152282560417	-0.4158571252423765	2.0279056175827925	-0.205067297825264	0.8375195460056404	0.9995150899006424	ENSMUSG00000103178.2
ENSMUSG00000038733.15	2.4672528851764373	2.696589997215826	1.773208222741713	1.520740746987058	0.1283249090218835	0.9995150899006424	Wdr26
ENSMUSG00000047369.18	2.365962877903991	2.0059326939381505	1.835694275713775	1.0927378924021438	0.2745088975801594	0.9995150899006424	Dnah14
ENSMUSG00000022995.18	2.2062062756131056	-0.7094814497312191	1.8461734185220176	-0.3842983777218531	0.7007573102479483	0.9995150899006424	Enah
ENSMUSG00000026509.16	164.96382080664614	-1.196209931435258	0.3407790128432695	-3.5102218339526	0.0004477329938218	0.2064049101518694	Capn2
ENSMUSG00000102234.2	114.79509238374688	-0.5051784143926109	0.3617530245230729	-1.3964732293769395	0.1625720366786017	0.9995150899006424	Gm37885
ENSMUSG00000042901.11	7.417437832185919	0.0614115938719242	1.0256964839621827	0.0598730665768651	0.952256731158238	0.9995150899006424	Aida
ENSMUSG00000039318.13	2.220192095475954	-1.62758453965179	1.8154756642055672	-0.8965058423760275	0.3699826613814648	0.9995150899006424	Rab3gap2
ENSMUSG00000103613.2	4.299132881357308	1.5961350400680956	1.2746206368190096	1.2522432117931726	0.2104812546442865	0.9995150899006424	Gm34882
ENSMUSG00000026618.12	9.900054847819757	-0.0042370311516264	0.898076279101136	-0.0047178967424317	0.9962356769944852	0.9995150899006424	Iars2
ENSMUSG00000097615.3	5.733994817279167	-0.2368588519952908	1.1076613112707014	-0.2138368918235196	0.8306742547740961	0.9995150899006424	Gm2061
ENSMUSG00000039239.15	1.2681315614083248	0.2516647265351388	2.6355897331660625	0.0954870643819138	0.9239279644390728	0.9995150899006424	Tgfb2
ENSMUSG00000100393.2	2.2371413158067672	3.5358434345674845	2.0711883332288945	1.707156890486755	0.0877928953009319	0.9995150899006424	Gm29491
ENSMUSG00000104507.2	10.778553382458083	-0.7200289345594921	0.8370234212797513	-0.8602255519428804	0.3896647221002878	0.9995150899006424	A430027H14Rik
ENSMUSG00000104435.2	12.710437451693116	0.2995178908609558	0.797968950892515	0.3753503072092593	0.7073999567308601	0.9995150899006424	Gm37422
ENSMUSG00000097845.3	5.387205802166206	1.430388416541159	1.1305345445841075	1.2652319412914168	0.2057881955351321	0.9995150899006424	A230020J21Rik
ENSMUSG00000026626.12	2.5429207505131544	1.421350032688981	1.934863110332512	0.7345997890490134	0.4625832665174919	0.9995150899006424	Ppp2r5a
ENSMUSG00000055833.15	11.374059020522902	-0.3523084771422723	0.9369731599359664	-0.3760070108799589	0.7069116839204932	0.9995150899006424	1700034H15Rik
ENSMUSG00000097089.3	3.2328088884736093	-0.6392390364649985	1.5032419745011998	-0.4252402788826519	0.6706615242868679	0.9995150899006424	Gm26879
ENSMUSG00000097316.3	2.2177967068875	-1.720270975127506	1.8543621403494317	-0.9276887926558632	0.3535690236439807	0.9995150899006424	Gm10516
ENSMUSG00000121086.1	20.2808228597541	0.8357529528216676	0.6832194860089077	1.22325690343494	0.2212326791889682	0.9995150899006424	ENSMUSG00000121086.1
ENSMUSG00000026640.13	2.6364898491648603	0.7138657997616141	1.8003033388958305	0.3965252878992299	0.6917175564161681	0.9995150899006424	Plxna2
ENSMUSG00000086018.8	7.251994524973219	-1.1255880586477185	1.1280505101038218	-0.9978170734075756	0.3183680695515563	0.9995150899006424	Gm13179
ENSMUSG00000086430.2	1.202943377281796	0.2457125580143902	2.426308704870503	0.1012701135354927	0.9193360401432412	0.9995150899006424	4930551O13Rik
ENSMUSG00000025817.14	3.064284591722977	0.6420053718192875	1.6894490048368394	0.3800087306460546	0.70393893433612	0.9995150899006424	Nudt5
ENSMUSG00000056718.3	2.573817235591064	-0.8417590440698044	1.5982890317183334	-0.5266625919123167	0.5984279174913809	0.9995150899006424	Gm13199
ENSMUSG00000118578.2	4.001437100275958	-1.1485728302816365	1.361394326239527	-0.8436738776885089	0.3988516686145911	0.9995150899006424	ENSMUSG00000118578.2
ENSMUSG00000025782.13	1.2805790856136725	-0.7334556356280824	2.215285106922695	-0.3310885959265726	0.7405775654524391	0.9995150899006424	Taf3
ENSMUSG00000103570.2	3.169103930761152	1.4399799177715356	1.4666185390803754	0.9818367076380042	0.3261803008805485	0.9995150899006424	ENSMUSG00000103570.2
ENSMUSG00000025781.15	1.023280750710798	-2.5683950106361646	3.274561399704416	-0.7843477941406155	0.4328360623498379	0.9995150899006424	Atp5c1
ENSMUSG00000026730.13	8.935897288332848	0.5884152502600023	1.0024518129590132	0.586976094664473	0.5572197619165834	0.9995150899006424	Pter
ENSMUSG00000104459.2	1.68810432040341	0.4910765620254654	2.017589460427889	0.2433976642212029	0.8076973530942341	0.9995150899006424	ENSMUSG00000104459.2
ENSMUSG00000102900.2	15.40565382266348	1.0449013816120931	0.7399027359883508	1.4122145125147156	0.1578868086292442	0.9995150899006424	ENSMUSG00000102900.2
ENSMUSG00000104106.2	1.9173587968421264	0.229015737389497	2.131918380355581	0.1074223757812434	0.9144539039086887	0.9995150899006424	Gm10848
ENSMUSG00000054057.3	2.8962974849666536	0.5107333706009095	1.529573716948072	0.333905692116602	0.7384507243839995	0.9995150899006424	A930004D18Rik
ENSMUSG00000026743.17	1.8154916817119544	-0.917629029981806	1.975450762533124	-0.4645162751640181	0.6422779018454041	0.9995150899006424	Mllt10
ENSMUSG00000026740.13	10.361640359714174	-0.1007130805668188	0.8730924150840694	-0.1153521423698558	0.908166010519636	0.9995150899006424	Dnajc1
ENSMUSG00000086418.2	7.597920868003001	0.2833532932939246	1.0355916888192702	0.2736148777101426	0.7843805994141814	0.9995150899006424	Gm13362
ENSMUSG00000036591.17	5.741473787259213	-1.012478603580161	1.1171186511120483	-0.9063304086564824	0.3647609949678025	0.9995150899006424	Arhgap21
ENSMUSG00000120769.1	15.358942882198455	-0.7496583294474098	0.7757167281914517	-0.9664073265445804	0.3338403993863484	0.9995150899006424	ENSMUSG00000120769.1
ENSMUSG00000085680.2	20.000684232375832	0.1030358685683185	0.6630339248216521	0.1554005982364083	0.8765055125705452	0.9995150899006424	Gm13327
ENSMUSG00000026781.18	1.7349984398601788	-0.9435716093950712	1.971703602302	-0.4785565174671458	0.6322541583326478	0.9995150899006424	Acbd5
ENSMUSG00000103217.2	155.2658708246152	-1.984206615624653	0.3483986683841595	-5.695218712595021	1.2321386857635484e-08	2.272063736547983e-05	Gm38287
ENSMUSG00000026969.4	26.922780023913205	-0.1802128669448323	0.5653956385472759	-0.3187376319489662	0.7499254756624247	0.9995150899006424	Fam166a
ENSMUSG00000036731.8	13.811592632082847	0.9907171527742205	0.7344980107545206	1.348835719454837	0.1773897388198586	0.9995150899006424	Cysrt1
ENSMUSG00000006471.19	7.891362961208306	0.544172868402385	0.9725268853588962	0.5595453211574364	0.5757896097825947	0.9995150899006424	Ndor1
ENSMUSG00000026961.7	2.324791540355226	-2.2709911484455705	2.267161848543424	-1.0016890280262112	0.3164938074899904	0.9995150899006424	Lrrc26
ENSMUSG00000085830.2	189.2958057897083	-0.0843030551187966	0.4004565235413127	-0.210517372456038	0.8332638941911574	0.9995150899006424	Grin1os
ENSMUSG00000026944.19	3.055138348491024	-2.0590526418647843	2.009179587668376	-1.02482259649785	0.305446902306339	0.9995150899006424	Abca2
ENSMUSG00000015087.15	5.207825295539888	1.765032089087753	1.5787805126703935	1.1179717984372184	0.2635790382479313	0.9995150899006424	Rabl6
ENSMUSG00000087612.2	58.41459035069329	-0.2736944156540566	0.4390202356334236	-0.6234209574854042	0.5330079294694026	0.9995150899006424	A230005M16Rik
ENSMUSG00000049086.9	1.705113943916024	-1.501613125771168	2.207990239509519	-0.6800814147189053	0.4964529116889679	0.9995150899006424	Bmyc
ENSMUSG00000087515.2	74.32087277457786	-0.7588649991002536	0.398922856298228	-1.9022850837429557	0.05713389466588	0.9995150899006424	Gm13554
ENSMUSG00000087595.2	27.121585221470017	-0.531598546153347	0.571999335291503	-0.9293691676799468	0.3526978007292715	0.9995150899006424	1810012K08Rik
ENSMUSG00000086779.2	4.672501107816674	0.5857640101494994	1.201652288743739	0.4874654803527926	0.6259284998628987	0.9995150899006424	ENSMUSG00000086779.2
ENSMUSG00000085767.2	32.5573434388964	-0.1447296941807609	0.5188393092234778	-0.2789489763167156	0.7802839819980532	0.9995150899006424	Gm13563
ENSMUSG00000026925.17	11.120348860452788	0.2322686607925703	0.7917763172744089	0.2933513616473477	0.7692535985867532	0.9995150899006424	Inpp5e
ENSMUSG00000086714.3	18.58917635696122	-0.7610320502068308	0.660099196867642	-1.152905584218469	0.2489491397745467	0.9995150899006424	ENSMUSG00000086714.3
ENSMUSG00000085543.2	2.509375564279033	-1.9595984379120115	1.757886491273763	-1.1147468551806712	0.2649589161741807	0.9995150899006424	ENSMUSG00000085543.2
ENSMUSG00000062647.17	1.0110153863636675	-0.7136568354216198	2.913080812150315	-0.2449835351099745	0.8064691800474155	0.9995150899006424	Rpl7a
ENSMUSG00000015790.17	12.76685180201956	0.8839117051157228	0.7864799397792508	1.1238833445183851	0.2610625179528011	0.9995150899006424	Surf1
ENSMUSG00000014873.16	3.472878656969141	0.3195082463048644	1.4280936732067064	0.2237305943575999	0.8229669384632009	0.9995150899006424	Surf2
ENSMUSG00000015488.15	3.645528087404292	-0.5355429012569656	1.7786926976269493	-0.3010879293379134	0.7633474452059673	0.9995150899006424	Cacfd1
ENSMUSG00000091192.2	12.755989995580665	-1.4319519085491716	0.7945220597955677	-1.8022808692279937	0.0715012268627046	0.9995150899006424	Sardhos
ENSMUSG00000026821.17	1.2048787051498957	-1.230108526009376	2.6815859805760245	-0.4587242530799402	0.6464321953598168	0.9995150899006424	Ralgds
ENSMUSG00000086994.2	4.316509959413263	0.8435298574870703	1.2866428992018557	0.6556052639083759	0.5120781377454487	0.9995150899006424	Gm13402
ENSMUSG00000039826.14	2.7501949804159693	-1.3639308907845709	1.6820387666446268	-0.8108795812746781	0.4174348272488155	0.9995150899006424	Trub2
ENSMUSG00000026798.11	8.206264725911957	1.3732286775870963	1.0272103029206736	1.3368525156753066	0.1812707831529427	0.9995150899006424	Coq4
ENSMUSG00002075873.1	7.442211862268536	-1.5724606502267169	1.1622838551082222	-1.3529058700383498	0.1760857038743617	0.9995150899006424	ENSMUSG00002075873.1
ENSMUSG00000057738.15	6.187339466014007	-1.948050342278368	3.289611545304437	-0.5921824858193359	0.5537283962089146	0.9995150899006424	Sptan1
ENSMUSG00000015337.6	7.397210556292797	-0.1922480586106139	0.971415067755373	-0.1979051643236677	0.843119263549093	0.9995150899006424	Endog
ENSMUSG00000039660.17	7.72583591413169	-0.5141985524785622	0.96363963167166	-0.5336004618101516	0.5936179886804238	0.9995150899006424	D2Wsu81e
ENSMUSG00000100747.6	69.65953627111391	-0.0671951785968786	0.4113855093897707	-0.1633387104386653	0.8702517566270906	0.9995150899006424	1700084E18Rik
ENSMUSG00000084892.2	4.199943520818651	-0.0427662575633261	1.2884890264500264	-0.0331910141921451	0.973522263811922	0.9995150899006424	ENSMUSG00000084892.2
ENSMUSG00000026853.16	3.236186573628187	0.0422874053166588	1.663232423506675	0.0254248322236901	0.9797161042576464	0.9995150899006424	Crat
ENSMUSG00000087435.2	9.887820818621751	-2.476247182211249	1.0106995796083984	-2.450032860576321	0.0142843177892264	0.9995150899006424	Gm16323
ENSMUSG00000026848.15	3.466234917256628	0.0346290676893658	1.4906704292397193	0.0232305323900653	0.9814663838496376	0.9995150899006424	Tor1b
ENSMUSG00000087549.2	1.7595942812752856	-1.103781345190144	2.0006966886187185	-0.5516984915650531	0.5811549436192787	0.9995150899006424	Gm13427
ENSMUSG00000086356.2	1.879602763983881	-0.4991845674666234	2.1541331070019214	-0.2317333900324193	0.81674509569988	0.9995150899006424	Gm13441
ENSMUSG00000086192.2	6.763260869714972	0.5277824475682534	1.1157381226170957	0.4730343410067205	0.6361886791031164	0.9995150899006424	Gm13609
ENSMUSG00000039262.17	7.044832320401249	-1.1771813638958732	1.035200863809783	-1.137152609749154	0.2554744940710738	0.9995150899006424	Prrc2b
ENSMUSG00000086216.2	87.58356233786368	-0.1654799635145699	0.4143024359416929	-0.3994182731232089	0.6895850318860699	0.9995150899006424	Gm13610
ENSMUSG00000026825.18	4.038487374546922	0.6550506603045202	1.2937768334753137	0.5063088496838655	0.6126398514170548	0.9995150899006424	Dnm1
ENSMUSG00000039205.17	3.3057137133114267	0.0222885317176626	1.4814874332588186	0.0150446984681029	0.98799652018925	0.9995150899006424	Ciz1
ENSMUSG00000039195.5	12.196352315372046	1.044278818835105	0.7813467866991303	1.3365113117656178	0.1813822056946334	0.9995150899006424	1110008P14Rik
ENSMUSG00000039164.3	5.2515594065271705	1.0267057818196992	1.2021218683764667	0.8540779506875814	0.3930618000418592	0.9995150899006424	Naif1
ENSMUSG00000039021.16	6.433296826055545	0.0611357486093649	1.1557430215419129	0.0528973547491567	0.9578136920517843	0.9995150899006424	Ttc16
ENSMUSG00000038987.9	2.3005389098902067	-1.529003169905788	1.7812635651447837	-0.8583812074893638	0.3906820010493872	0.9995150899006424	Cfap157
ENSMUSG00000026864.14	1.8094352907016853	1.8102984137942573	1.938014175178056	0.9340996763493412	0.3502524788905717	0.9995150899006424	Hspa5
ENSMUSG00000026883.18	1.4593814844268114	1.4057497121274438	2.2681677479826425	0.6197732567962613	0.5354070778819292	0.9995150899006424	Dab2ip
ENSMUSG00000026885.14	2.8107659959918023	1.524181116957439	1.6154553235599587	0.9434993928514348	0.3454255257111165	0.9995150899006424	Ttll11
ENSMUSG00000026889.13	2.8325989942751124	1.2390423938043529	1.6164746981538225	0.7665089934407661	0.4433735027075417	0.9995150899006424	Rbm18
ENSMUSG00000026887.10	5.418483232359258	0.7156602231715506	1.1474411990931777	0.6237009998744482	0.5328239663168945	0.9995150899006424	Mrrf
ENSMUSG00000106933.2	2.136374792363009	-0.6647992722098026	1.7045870834277717	-0.390006048193766	0.6965320745639616	0.9995150899006424	ENSMUSG00000106933.2
ENSMUSG00000026915.17	5.464846844436454	0.3073053178215792	1.1173657298315665	0.2750266180688241	0.7832957883098882	0.9995150899006424	Strbp
ENSMUSG00000000247.12	2.127212347270856	1.553391125091949	1.86889611722122	0.8311810971075365	0.4058713317497554	0.9995150899006424	Lhx2
ENSMUSG00000026749.12	51.396938278771245	-0.1501189943613529	0.4811983051022992	-0.3119690837843636	0.7550640191480678	0.9995150899006424	Nek6
ENSMUSG00000026750.7	2.093013139498875	-1.0600029876715928	2.1254275476404207	-0.498724592540627	0.6179734171031761	0.9995150899006424	Psmb7
ENSMUSG00000035295.11	49.08143130758631	-0.1515604817085081	0.4437290441404521	-0.3415608775443042	0.7326813834553849	0.9995150899006424	Wdr38
ENSMUSG00000026872.19	6.442982260890537	0.4450564896808132	1.0636523679984036	0.4184228823918542	0.6756379592655826	0.9995150899006424	Zeb2
ENSMUSG00000052248.18	13.109213393130398	0.4462590544398808	0.752228227983483	0.5932495456015772	0.553014159268211	0.9995150899006424	Zeb2os
ENSMUSG00000052155.6	5.699774385840462	0.6218425411688572	1.0914448394044605	0.5697425272615346	0.5688523414368887	0.9995150899006424	Acvr2a
ENSMUSG00000026761.13	7.686102551195208	-0.5391227827328674	0.9602572775176892	-0.5614357686791248	0.5745005059097548	0.9995150899006424	Orc4
ENSMUSG00000026764.16	2.2291985112827617	-0.2109843045161514	1.9459033354240407	-0.1084248640080443	0.9136586787704029	0.9995150899006424	Kif5c
ENSMUSG00000085315.9	28.031210987038158	0.56530384088754	0.5615060872046496	1.0067635129332202	0.3140484325058768	0.9995150899006424	ENSMUSG00000085315.9
ENSMUSG00000017412.17	1.8268968183012249	-2.829954848865316	2.253016624184137	-1.256073665186603	0.209089263111871	0.9995150899006424	Cacnb4
ENSMUSG00000026824.12	1.3631929500186717	-3.285901287509263	2.86532225488107	-1.146782454194022	0.2514715425360351	0.9995150899006424	Kcnj3
ENSMUSG00000054181.12	8.127379802838393	-1.185109865969287	1.037829806970907	-1.1419115716364352	0.2534907781974301	0.9995150899006424	ENSMUSG00000054181.12
ENSMUSG00000086603.2	3.7850394074289646	0.6785229776381402	1.4146651448560434	0.4796350430385324	0.6314869239008566	0.9995150899006424	Gm13620
ENSMUSG00000059742.11	2.3611426379602007	0.8111889520341883	1.7691761054310255	0.4585122699453132	0.6465844493339363	0.9995150899006424	Kcnh7
ENSMUSG00000086881.3	4.033681137487498	-0.3851094274490728	1.4428738376562724	-0.2669044357160319	0.7895427412967824	0.9995150899006424	Gm13594
ENSMUSG00000075316.14	2.464697693479033	-1.0991041926484884	1.951967062425889	-0.5630751736571469	0.5733836960058847	0.9995150899006424	Scn9a
ENSMUSG00000051730.16	4.818854332040807	0.8679317173907468	1.220224851654336	0.7112883467453042	0.476905571373065	0.9995150899006424	Mettl5
ENSMUSG00000044308.19	2.319358345368272	0.7774941239447617	1.724062312221651	0.4509663707820814	0.6520137867257437	0.9995150899006424	Ubr3
ENSMUSG00000097025.3	19.299032449384608	-0.6122102715065965	0.7320247151609217	-0.8363245923629964	0.4029723218424919	0.9995150899006424	Gm26558
ENSMUSG00000014959.13	2.446456119755766	0.7733569506766282	1.8539594208777488	0.4171380139002643	0.6765774613054378	0.9995150899006424	Gorasp2
ENSMUSG00000084946.4	8.514317788765405	1.358883343779434	1.033250250666673	1.315154138992617	0.1884581045795194	0.9995150899006424	Dlx1as
ENSMUSG00000041911.4	3.441348222710834	0.3409148025771063	1.5015561530078625	0.227040994700197	0.8203918652468424	0.9995150899006424	Dlx1
ENSMUSG00000085001.2	37.92221616912931	0.5524584434899412	0.4858339862481622	1.1371342045382298	0.2554821869486452	0.9995150899006424	Rapgef4os2
ENSMUSG00000027109.17	12.811151108634254	-0.3508287859874012	0.7675954201731743	-0.4570490870154645	0.647635763694963	0.9995150899006424	Sp3
ENSMUSG00000063714.17	4.713023003868877	1.2663443787364113	1.2560478757908824	1.008197540192523	0.3133596385534575	0.9995150899006424	Sp3os
ENSMUSG00000068859.6	2.328248847120252	2.6231008091065644	1.9818569943504611	1.3235570561266787	0.1856501953680849	0.9995150899006424	Sp9
ENSMUSG00000085519.2	4.686367993562535	-0.4075600030488302	1.3900275713237469	-0.2932028194668857	0.7693671291274798	0.9995150899006424	Gm13703
ENSMUSG00000086546.2	5.555167108708222	-0.7616360397570281	1.1957877537048065	-0.6369324634721477	0.5241688358822905	0.9995150899006424	Gm13709
ENSMUSG00000086544.2	72.1215018114198	-0.0355511749231865	0.4349840100202981	-0.0817298431763678	0.9348615463171432	0.9995150899006424	Chn1os3
ENSMUSG00000085838.2	44.25369784313987	0.7860712718986504	0.4629516777937666	1.6979553366017297	0.0895161918522595	0.9995150899006424	Chn1os1
ENSMUSG00000015839.7	1.080749044398755	0.3443426339767177	3.1297571637723376	0.1100221569783634	0.9123918028591418	0.9995150899006424	Nfe2l2
ENSMUSG00000051747.17	1.747231091713146	-0.5177624849114606	2.427494894654026	-0.2132908646076694	0.8311000986075154	0.9995150899006424	Ttn
ENSMUSG00000027002.14	1.1916552878298967	-0.403251950117211	2.733504603065892	-0.147521957586947	0.8827200496857321	0.9995150899006424	Nckap1
ENSMUSG00000027087.12	1.9946291348417504	-2.0346822896595462	1.976578582431056	-1.0293961028136949	0.3032935797070739	0.9995150899006424	Itgav
ENSMUSG00000050043.17	3.988807416212392	-0.4734037576298555	1.4177323213182018	-0.3339161776249035	0.738442811798973	0.9995150899006424	Tmx2
ENSMUSG00000034075.11	2.47152370795014	-1.0362352820619585	1.6063380162734713	-0.6450916753286527	0.5188677782452805	0.9995150899006424	Zdhhc5
ENSMUSG00000027071.15	7.393639222452562	-0.2922312300051998	0.979341521972683	-0.2983956295619528	0.7654012243254595	0.9995150899006424	P2rx3
ENSMUSG00000085135.8	2.877857928574812	2.1623856135828023	1.9461034440413536	1.111136008830193	0.2665098103503442	0.9995150899006424	Gm13713
ENSMUSG00000086905.2	6.863021183222287	1.2164006446758375	1.0489027529898656	1.1596886758172047	0.246175582383204	0.9995150899006424	Gm13716
ENSMUSG00000005510.10	5.561750872271158	-0.7819675592758867	1.2072480167032165	-0.647727350516842	0.5171613110987416	0.9995150899006424	Ndufs3
ENSMUSG00000005505.13	16.20868012913954	-0.4462803612260899	0.7240672850458728	-0.6163520579414331	0.5376621876597766	0.9995150899006424	Kbtbd4
ENSMUSG00000063235.19	17.002032208687222	-0.2868546452861217	0.667108533335624	-0.4299969659386808	0.6671978482510873	0.9995150899006424	ENSMUSG00000063235.19
ENSMUSG00000002102.16	3.2079025486025774	-1.3053706289728717	1.519042156393132	-0.8593379870854871	0.3901540720566191	0.9995150899006424	Psmc3
ENSMUSG00000002103.17	2.471185518806577	1.291846111162675	1.641643685051391	0.7869223528382373	0.431327321472127	0.9995150899006424	Acp2
ENSMUSG00000002109.15	13.998005098608887	-0.1127619443344905	0.7493003964769304	-0.1504896365525442	0.8803783264614362	0.9995150899006424	Ddb2
ENSMUSG00000040591.19	34.99760690221151	-0.2994577857745211	0.5051959806707836	-0.5927556774638435	0.5533446739714003	0.9995150899006424	1110051M20Rik
ENSMUSG00000095332.3	2.2531847297130825	-1.6019091574775433	2.169397509409208	-0.7384120017330487	0.4602641236103543	0.9995150899006424	Gm9821
ENSMUSG00000058318.17	1.1934084558397784	-1.726748744606045	2.749243050839236	-0.6280815165028558	0.5299505407463403	0.9995150899006424	Phf21a
ENSMUSG00000044916.11	32.34004163205103	0.2622301928928933	0.5292143445194889	0.4955084751736852	0.6202412410185197	0.9995150899006424	1700029I15Rik
ENSMUSG00000084781.2	24.07398183152465	-0.5302505997394167	0.6352417834280006	-0.834722484528627	0.4038739789141328	0.9995150899006424	ENSMUSG00000084781.2
ENSMUSG00000049922.9	2.1168203328978854	-0.5671993567796019	1.720515684809526	-0.3296682278385594	0.741650663331924	0.9995150899006424	Slc35c1
ENSMUSG00000045464.7	11.18510572516242	-0.5232156671704374	0.8729575315225687	-0.5993598179488422	0.5489329662409146	0.9995150899006424	ENSMUSG00000045464.7
ENSMUSG00000027189.17	3.886619446881401	-2.193881225337895	1.467552239803988	-1.4949254723844916	0.1349338935917813	0.9995150899006424	Trim44
ENSMUSG00000075012.5	1.8947961085101284	-1.5805018245374258	2.117892858410676	-0.7462614637283763	0.4555094855459293	0.9995150899006424	Fjx1
ENSMUSG00000005089.16	54.58315018738031	-0.7274468359075451	0.5294647910463872	-1.3739286317223922	0.1694638398575657	0.9995150899006424	Slc1a2
ENSMUSG00000087185.2	1192.1540639076457	-0.4381604332502885	0.2829507592321593	-1.5485395212909845	0.1214924541270645	0.9995150899006424	Gm13872
ENSMUSG00000121264.1	20.39587691794152	1.4540877933582546	0.6343864824014919	2.292116609820807	0.021898915187515	0.9995150899006424	ENSMUSG00000121264.1
ENSMUSG00000046085.8	11.312692581407555	-1.105954250052663	0.8324111411195306	-1.328615386580767	0.1839748931095705	0.9995150899006424	4931422A03Rik
ENSMUSG00000087473.8	12.235110357175277	1.6022064273602112	0.8473770693661953	1.89078331864538	0.0586532748581628	0.9995150899006424	Gm13883
ENSMUSG00000027176.9	11.872689294289628	-1.1915763859324715	0.9003294806900025	-1.3234892464248316	0.1856727300865159	0.9995150899006424	Cstf3
ENSMUSG00000045106.13	8.111644262060048	-1.413083519192578	0.982577837755836	-1.4381390103607443	0.150394615932819	0.9995150899006424	Ccdc73
ENSMUSG00000027168.22	3.3092546486693397	-1.729587211322025	1.723910059150009	-1.0032931835056496	0.3157194240469462	0.9995150899006424	Pax6
ENSMUSG00000050808.14	1.645677609865805	1.7913547008026802	2.3880644481543096	0.7501282899576621	0.4531774426541464	0.9995150899006424	Muc15
ENSMUSG00000027130.16	3.284268260291268	0.7730745107151341	1.4983821082890667	0.5159394966333869	0.6058966672857877	0.9995150899006424	Slc12a6
ENSMUSG00002075416.1	3.479377019859949	1.3103118850431548	1.416654906108326	0.9249337149035788	0.3550003878753892	0.9995150899006424	ENSMUSG00002075416.1
ENSMUSG00000003604.15	6.519513406345294	0.446697126657002	1.055389954191028	0.4232531538538302	0.6721105693455711	0.9995150899006424	Aven
ENSMUSG00000101859.2	4.149894432925636	5.907202045363007	2.300605081892277	2.5676732142590324	0.0102383623555358	0.9995150899006424	Gm29233
ENSMUSG00000027323.11	14.32990217180894	0.6941021123949486	0.7176856662747931	0.9671394386315988	0.3334743321999911	0.9995150899006424	Rad51
ENSMUSG00000068580.12	1.3857985916893514	-0.1044021585263835	2.376426705167338	-0.0439324126005527	0.9649582787154678	0.9995150899006424	Zfyve19
ENSMUSG00000034154.16	2.624894593451045	-3.2165412527716084	2.1088729225304936	-1.5252418571110458	0.1271987839849952	0.9995150899006424	Ino80
ENSMUSG00000027306.16	1.5262788326087229	-1.9396239295114288	2.5754672967214405	-0.7531153402648763	0.4513806069239209	0.9995150899006424	Nusap1
ENSMUSG00000027297.16	2.5950921505719067	0.887145502058595	1.8272449437910632	0.4855098956891878	0.6273146948855024	0.9995150899006424	Ltk
ENSMUSG00000087458.2	5.602003024094654	0.5698572599538079	1.1185517973358312	0.5094598759852651	0.6104299160109452	0.9995150899006424	Gm13999
ENSMUSG00000062646.13	6.080712940473969	0.0744831720976105	1.0524813122310734	0.0707691160232759	0.9435815120184088	0.9995150899006424	Ganc
ENSMUSG00000027288.17	1.293306594892247	-1.9128485190026727	2.537220722466412	-0.7539149046296644	0.4509003202556015	0.9995150899006424	Zfp106
ENSMUSG00000027286.17	3.661882868563979	-0.4491407698268929	1.4708206603478444	-0.3053674604493743	0.7600863017503341	0.9995150899006424	Lrrc57
ENSMUSG00000033705.18	12.817593896412022	0.0693538944091381	0.7541254379327188	0.0919659925532518	0.9267250590633578	0.9995150899006424	Stard9
ENSMUSG00000087519.10	4.304757838050302	-1.2504656634745046	1.3940170273157904	-0.8970232349903954	0.3697065188028845	0.9995150899006424	ENSMUSG00000087519.10
ENSMUSG00000054484.15	1.7611620396996674	-1.9523385438711216	2.1853512205162704	-0.8933751817750827	0.3716562887416805	0.9995150899006424	Tmem62
ENSMUSG00002075710.1	3.15360542171735	-0.3683348007296027	1.507183032059566	-0.244386244334421	0.8069316942856251	0.9995150899006424	ENSMUSG00002075710.1
ENSMUSG00000074890.5	3.140561144329038	-0.3412481859192214	1.457591674831053	-0.2341178203825669	0.8148935116730649	0.9995150899006424	Lcmt2
ENSMUSG00000050619.15	1.2359034139251366	-1.2809669761414435	2.491312169970918	-0.5141736116339033	0.6071306154345519	0.9995150899006424	Zscan29
ENSMUSG00000027263.13	10.80583784289282	0.2681946516500822	0.9616473457493272	0.2788908562328551	0.7803285859190088	0.9995150899006424	Tubgcp4
ENSMUSG00000043909.17	10.107985807055115	-0.2116936991242699	0.8498980636141444	-0.2490812818469713	0.8032979081677787	0.9995150899006424	Trp53bp1
ENSMUSG00000027254.14	7.399687341929025	-1.565980043818138	1.1045785079384864	-1.4177172854293367	0.1562733214354254	0.9995150899006424	Map1a
ENSMUSG00000033526.17	4.494872570044226	0.5383920333965101	1.1933762840189408	0.4511502705444789	0.6518812482903902	0.9995150899006424	Ppip5k1
ENSMUSG00000046110.16	20.52549679777202	-0.2714169261314343	0.6773417180060604	-0.4007090053901064	0.6886343798372005	0.9995150899006424	Serinc4
ENSMUSG00000080374.3	108.89715723289392	-0.5266086730334661	0.3615814933897223	-1.4564038333285854	0.1452810165037236	0.9995150899006424	ENSMUSG00000080374.3
ENSMUSG00000084407.2	1.5367035594758562	-1.3096446194676847	2.1568819825084384	-0.6071934533685414	0.5437225363375413	0.9995150899006424	ENSMUSG00000084407.2
ENSMUSG00000027236.9	2.1367749594005137	-1.9772498965904128	1.9622163893432287	-1.0076614930589871	0.3136169969841528	0.9995150899006424	Eif3j1
ENSMUSG00000033396.14	4.825393761290679	-0.2511265654621142	1.2539431876039295	-0.2002694922263376	0.841269820871836	0.9995150899006424	Spg11
ENSMUSG00000087017.8	7.220689518857271	0.1506758795875034	1.006265771239223	0.1497376576785923	0.8809715965764465	0.9995150899006424	ENSMUSG00000087017.8
ENSMUSG00000035183.15	5.5907580028818105	0.2268003533320363	1.1596942054592627	0.1955691011168058	0.8449474469585679	0.9995150899006424	Slc24a5
ENSMUSG00000053615.2	2.1212518944959795	-0.3557564038609515	1.8121907090240317	-0.1963128947132427	0.8443652692396658	0.9995150899006424	Gm9913
ENSMUSG00000035109.15	50.12053647420325	0.3998793677515547	0.4566883946436941	0.8756065896168403	0.3812439418253436	0.9995150899006424	Shc4
ENSMUSG00000003662.11	2.584280829705797	-0.3673022722757376	1.67599524992551	-0.2191547215256502	0.8265295250693157	0.9995150899006424	Ciao1
ENSMUSG00000074807.4	5.952101852506196	1.1486296605117865	1.112677472895154	1.0323114186207851	0.3019262536026367	0.9995150899006424	Gm10762
ENSMUSG00000042851.18	2.666091225208881	0.7997514485469048	1.559147780023255	0.51294140221588	0.6079923110173866	0.9995150899006424	Zc3h6
ENSMUSG00000027394.14	2.858944753972819	1.0344870423092207	1.6078236463784124	0.6434082771698129	0.5199592139899237	0.9995150899006424	Ttl
ENSMUSG00000103009.3	16.137253181228687	-0.1762998913818515	0.6979670670625825	-0.2525905586402743	0.8005846266038624	0.9995150899006424	ENSMUSG00000103009.3
ENSMUSG00000027397.15	4.691936945432288	-2.778572379264579	1.5115734566733952	-1.838198710752397	0.0660331297131163	0.9995150899006424	Slc20a1
ENSMUSG00000087528.2	37.240142727576	-0.3547569538550192	0.4938985961720589	-0.7182789273031926	0.4725853206604341	0.9995150899006424	ENSMUSG00000087528.2
ENSMUSG00000037902.19	1.7299844364659869	1.6600198700794573	2.03625241790173	0.8152328539847904	0.4149390353264665	0.9995150899006424	Sirpa
ENSMUSG00000121238.1	5.1724868748922725	0.9495527704500436	1.1295723983454715	0.8406302879221289	0.4005550854427048	0.9995150899006424	ENSMUSG00000121238.1
ENSMUSG00000037885.19	3.273142469778527	-0.9043692484089848	1.4317181966953032	-0.6316670770103034	0.5276044455697497	0.9995150899006424	Stk35
ENSMUSG00000037773.15	3.7663571096724495	-3.0478801753291176	1.823643031435492	-1.6713140251631151	0.0946596676105483	0.9995150899006424	Pced1a
ENSMUSG00000060029.15	59.34486870483213	-0.3374196217855104	0.4240320658552785	-0.7957408152728507	0.4261826982955674	0.9995150899006424	ENSMUSG00000060029.15
ENSMUSG00000080989.2	1.2525972050434548	-1.1752602946232378	2.3049899106749843	-0.5098765461750239	0.6101379542621761	0.9995150899006424	ENSMUSG00000080989.2
ENSMUSG00000068267.6	1.6742029500841449	-1.9783115843453496	2.266584451165283	-0.8728161808964462	0.3827632785551902	0.9995150899006424	Cenpb
ENSMUSG00000048911.16	8.904662732641096	-0.5250352929678808	0.8881402508681148	-0.5911625922309948	0.5544114844162589	0.9995150899006424	Rnf24
ENSMUSG00000086329.2	3.323482604539985	-1.207864560643175	1.6141743554820571	-0.7482863028650075	0.454287484517563	0.9995150899006424	ENSMUSG00000086329.2
ENSMUSG00000027333.19	1.1626310196436018	-0.3544910818972573	2.554413662243111	-0.1387759105492599	0.8896272303603606	0.9995150899006424	Smox
ENSMUSG00000087524.2	3.020651307650519	0.8997798399585546	1.707358188887344	0.5270012149851963	0.598192744747128	0.9995150899006424	Gm14285
ENSMUSG00000079037.10	1.4688207797652846	0.3752285733759028	2.759349896931561	0.1359844120505205	0.8918336038712578	0.9995150899006424	Prnp
ENSMUSG00000087377.3	38.011100179498776	0.610664946542751	0.5291954890303807	1.153949644698678	0.2485208141422339	0.9995150899006424	AV099323
ENSMUSG00000027350.9	2.0136887368812677	0.0305807332744483	2.523965581932408	0.0121161451223257	0.990332951393051	0.9995150899006424	Chgb
ENSMUSG00000085631.2	25.13544585218449	-1.2206686969998353	0.6454900633671323	-1.8910727930223168	0.0586146277873256	0.9995150899006424	9630028H03Rik
ENSMUSG00000074766.11	3.838650227314393	-0.8348115795036724	1.4054643295102305	-0.5939756434761909	0.5525284037267777	0.9995150899006424	Ism1
ENSMUSG00000086171.8	28.752295673678905	-0.2604505674908021	0.6481852227779504	-0.4018150342499013	0.687820156844001	0.9995150899006424	Pcsk2os1
ENSMUSG00000087115.8	44.89733663640903	-0.7112877338598804	0.5626788714789452	-1.2641095479386522	0.2061907100826492	0.9995150899006424	Pcsk2os2
ENSMUSG00000027422.16	12.296679559996944	-0.5906889332875814	0.8028476249244775	-0.7357422690801964	0.4618875605950527	0.9995150899006424	Rrbp1
ENSMUSG00000027424.12	2.2635410116653603	-2.0236074635999697	2.067463237415738	-0.978787640320712	0.3276849179083942	0.9995150899006424	Mgme1
ENSMUSG00000002728.15	2.437820293319208	0.2129160703524964	1.6523996642815224	0.1288526468232333	0.8974742465719364	0.9995150899006424	Naa20
ENSMUSG00000068154.6	2.1163874533662184	2.9610161931256407	2.080962469194945	1.4229070619765471	0.1547630987777469	0.9995150899006424	Insm1
ENSMUSG00000027434.12	1.7279893298154116	-1.3721060829498637	2.340535792626212	-0.5862358897790169	0.5577170066655052	0.9995150899006424	Nkx2-2
ENSMUSG00000086509.3	9.516661011050576	0.5263350136727527	0.9614870710299004	0.5474176715751019	0.5840918173232299	0.9995150899006424	Nkx2-2os
ENSMUSG00000074743.5	5.271148977643008	1.9674471020309627	1.3690315491477445	1.437108665067468	0.1506871194837098	0.9995150899006424	Thbd
ENSMUSG00000027447.7	15.98036908201935	-0.7704454906458587	0.7448074311497236	-1.0344224002391582	0.3009387368952881	0.9995150899006424	Cst3
ENSMUSG00000074737.3	2.072175174592047	0.6262107626991517	1.7013951491109114	0.368057216471075	0.7128305713648427	0.9995150899006424	C530025M09Rik
ENSMUSG00000086407.2	9.060393159409388	-0.9611243568978292	0.941969450745577	-1.0203349547451788	0.3075696309372669	0.9995150899006424	ENSMUSG00000086407.2
ENSMUSG00000087406.2	5.8675425497020575	0.3814969551772694	1.104669238289172	0.3453494873887345	0.7298316469242233	0.9995150899006424	ENSMUSG00000087406.2
ENSMUSG00000033059.8	3.38066978007217	0.1045832322314657	1.3831791381534295	0.0756107646122297	0.9397287720608782	0.9995150899006424	Pygb
ENSMUSG00000032046.16	2.8333308834352646	-0.6196579767013483	1.6134604562047594	-0.384055261049862	0.7009374898586735	0.9995150899006424	Abhd12
ENSMUSG00000087433.3	1.7248810766220632	0.2683049660419561	2.141152833812104	0.1253086476616741	0.9002792063042415	0.9995150899006424	Gm14167
ENSMUSG00000027456.9	4.95101571200046	-0.9573819959077852	1.2468386540897654	-0.7678475420756881	0.4425777658365849	0.9995150899006424	Sdcbp2
ENSMUSG00000120026.1	3.4036947282359886	-0.5994407129242086	1.3987788827406922	-0.42854572679114	0.6682538495416015	0.9995150899006424	ENSMUSG00000120026.1
ENSMUSG00000074698.11	1.62473441700761	0.5373520202247395	2.043445871333448	0.2629636672852465	0.7925785831187339	0.9995150899006424	Csnk2a1
ENSMUSG00000068062.4	9.168206527062967	0.3142243334895758	0.8975779055166576	0.350080290031988	0.7262784423765483	0.9995150899006424	ENSMUSG00000068062.4
ENSMUSG00000074682.5	2.882075881216549	-1.3735591855514138	1.840388078644068	-0.7463421446216948	0.4554607588407303	0.9995150899006424	Zcchc3
ENSMUSG00000073236.6	10.27256283110816	0.1928592304650565	0.8721113370189412	0.221140607028788	0.8249829530119086	0.9995150899006424	ENSMUSG00000073236.6
ENSMUSG00000042548.15	2.0827578175885133	-1.2638971610630891	2.0591059502939206	-0.613808707066617	0.5393417428572916	0.9995150899006424	Asxl1
ENSMUSG00000038523.11	2.806239744005604	0.7725183237373002	1.5305479983558423	0.5047331573836045	0.6137462691836459	0.9995150899006424	1700003F12Rik
ENSMUSG00000038467.16	1.8722280862397591	2.5269905288784056	2.149125756124195	1.17582255095005	0.2396657929394268	0.9995150899006424	Chmp4b
ENSMUSG00000047459.15	1.7721984737626766	-0.0058059280067374	2.194416236586272	-0.0026457733541788	0.9978889807522142	0.9995150899006424	Dynlrb1
ENSMUSG00000038375.16	1.413652133661862	-2.864807897545965	2.998208503436687	-0.9555065614223256	0.3393215888107446	0.9995150899006424	Trp53inp2
ENSMUSG00000027603.16	10.04227256438776	-1.1240637924258128	0.8841458581395797	-1.2713556050480954	0.203602168797145	0.9995150899006424	Ggt7
ENSMUSG00000027605.19	2.0540926500806584	0.2695379462295165	1.708350050539094	0.1577767660348416	0.8746327073375066	0.9995150899006424	Acss2
ENSMUSG00000086529.2	10.82654861783322	0.3268639154385632	0.8724766442798347	0.3746391580583401	0.7079288466345113	0.9995150899006424	Acss2os
ENSMUSG00000074652.4	4.092328626154518	-0.423154231155176	1.3860932479316992	-0.3052855439463386	0.760148685011164	0.9995150899006424	Myh7b
ENSMUSG00000027612.8	22.90541624555219	-0.5122489207376676	0.615651203802083	-0.8320440495757453	0.4053840811769925	0.9995150899006424	Mmp24
ENSMUSG00000074649.7	3.97622308464406	0.5858669522593888	1.2491696348682075	0.4690051182049427	0.6390659776009702	0.9995150899006424	BC029722
ENSMUSG00000086754.3	34.58559777317924	0.7956296693262909	0.5145346237890946	1.5463092910389171	0.1220298891693519	0.9995150899006424	Gm16098
ENSMUSG00000074646.12	20.286236785923304	-0.9765240225868056	0.6623607343924448	-1.474308442336228	0.1403985631391331	0.9995150899006424	6430550D23Rik
ENSMUSG00000067847.14	22.432123028394496	0.4358415142139293	0.6424543510304263	0.6784007509870349	0.4975176330728225	0.9995150899006424	Romo1
ENSMUSG00000046229.11	3.590615182780841	-0.4605207391298721	1.4397748999398297	-0.3198560685764962	0.7490774418720525	0.9995150899006424	Scand1
ENSMUSG00000038085.14	34.67000257814413	0.466495570607458	0.5475404958488365	0.8519836873147861	0.394223146054344	0.9995150899006424	Cnbd2
ENSMUSG00000061689.16	2.5481191128770284	-2.61638832049119	2.033784218181205	-1.2864630854648895	0.1982814939404861	0.9995150899006424	Dlgap4
ENSMUSG00000062175.14	2.504612083191188	0.0802114882769733	1.6002551651340948	0.050124186457634	0.9600234259542398	0.9995150899006424	Tgif2
ENSMUSG00000085741.10	3.764576563242407	-1.6190892259010363	1.51708220643153	-1.0672389531938724	0.2858639467870317	0.9995150899006424	ENSMUSG00000085741.10
ENSMUSG00000027636.12	34.47636380312528	-0.8242790688787037	0.5686139784167065	-1.449628570816868	0.1471621242766151	0.9995150899006424	Sla2
ENSMUSG00000055485.7	3.657860763583733	-1.1165764877310067	1.45500726116848	-0.7674026910589518	0.4428421290369022	0.9995150899006424	Soga1
ENSMUSG00000074627.12	29.71895822768556	-0.2181799695651962	0.5299663523391919	-0.4116864563234678	0.6805692532266857	0.9995150899006424	Mroh8
ENSMUSG00000027646.16	1.4378478080394643	-2.405954587099627	2.419445244756535	-0.994424069862236	0.3200164546455393	0.9995150899006424	Src
ENSMUSG00000067786.17	1.7563355301020651	-1.5651191531857958	2.2435283236704047	-0.6976150631453879	0.4854179588055494	0.9995150899006424	Nnat
ENSMUSG00002075463.1	78.54528219457829	-1.5139970397866105	0.4179151758815536	-3.622737644291029	0.0002915014427001	0.1535796172397109	ENSMUSG00002075463.1
ENSMUSG00000027651.17	4.0568761296047855	1.7158723810932015	1.3580998178989518	1.2634361322187213	0.2064324858253708	0.9995150899006424	Rprd1b
ENSMUSG00000092283.2	9.373796657454353	1.183753100870249	0.884983288819643	1.3375993827511634	0.1810270657738932	0.9995150899006424	ENSMUSG00000092283.2
ENSMUSG00000087563.2	22.36025617095813	0.9539180743543908	0.606207809945053	1.5735826208521706	0.115583973676766	0.9995150899006424	Gm14205
ENSMUSG00000016933.18	5.593778986650132	-0.2006570670360963	1.2304321314064268	-0.1630785330733669	0.870456601646464	0.9995150899006424	Plcg1
ENSMUSG00000098889.2	7.086279983964382	-2.5678357487074783	1.2068786289615057	-2.127666931112243	0.0333647085583183	0.9995150899006424	Gm27206
ENSMUSG00000035877.18	9.0917934793614	-0.0420704099290453	0.8795935595117607	-0.0478293746857327	0.9618522257264271	0.9995150899006424	Zhx3
ENSMUSG00000053353.6	5.170747197454193	1.9152579190519297	1.1746054414135765	1.630554270842656	0.1029844049331326	0.9995150899006424	2310001K24Rik
ENSMUSG00000058812.3	38.79782708643962	0.1903028682457058	0.5066576958783812	0.3756044165396165	0.7072110068821156	0.9995150899006424	0610039K10Rik
ENSMUSG00000017007.10	3.024401978789543	-0.9995502967036036	1.6974643007940815	-0.5888490828561223	0.5559625166079321	0.9995150899006424	Rbpjl
ENSMUSG00000017009.4	2.469274746799209	-2.649790840123459	1.993702080510728	-1.3290806414991854	0.1838213662397989	0.9995150899006424	Sdc4
ENSMUSG00000017734.16	8.036802664139737	-0.2533682572326269	1.0011801233730064	-0.2530696038780929	0.8002144270671925	0.9995150899006424	Dbndd2
ENSMUSG00000086453.8	10.270520073499243	0.1506538291479313	0.862044938082092	0.174763312784031	0.8612656167859181	0.9995150899006424	Gm11457
ENSMUSG00000050373.14	1.9183105801611824	0.0069095001568142	1.803664568703074	0.0038308121569314	0.996943461600496	0.9995150899006424	Snx21
ENSMUSG00000017307.17	5.189156619648808	-1.2088718134777814	1.25816089069566	-0.9608245037797782	0.3366404157432282	0.9995150899006424	Acot8
ENSMUSG00000017767.4	1.348741850397471	-2.19665284335321	2.4858818366656967	-0.8836513509827852	0.3768844495841185	0.9995150899006424	Spata25
ENSMUSG00000039873.5	6.383942122687117	-0.1434937014790749	1.1015878376751245	-0.1302607895362343	0.8963601011138445	0.9995150899006424	Neurl2
ENSMUSG00000017760.17	15.976519831768236	-0.9378834285864583	0.7101897161265005	-1.3206097008864608	0.1866315365673191	0.9995150899006424	Ctsa
ENSMUSG00000017754.14	7.359560081744482	-0.4644667977431274	0.996429725458704	-0.4661310134332968	0.6411217253960622	0.9995150899006424	Pltp
ENSMUSG00000039849.7	16.175275708588362	-0.4581464827087239	0.6895218845122915	-0.6644408147143543	0.506408217492937	0.9995150899006424	Pcif1
ENSMUSG00000039834.18	24.537275259491537	-0.4174474954573905	0.5831672359980176	-0.7158281015959025	0.474097498131076	0.9995150899006424	Zfp335
ENSMUSG00000085436.3	2.49556021821549	2.010975989186776	1.9392246761620364	1.037000000003478	0.2997358571562348	0.9995150899006424	Zfp335os
ENSMUSG00000006800.15	2.017931868967331	-0.1586420128553252	2.056993600158047	-0.0771232408516663	0.9385255045352012	0.9995150899006424	Sulf2
ENSMUSG00000002718.15	1.4744424043999	-0.4790230023238323	2.128481890483398	-0.2250538303687619	0.8219373976342476	0.9995150899006424	Cse1l
ENSMUSG00000085151.8	8.55057502042669	0.1117960249407605	0.981513181009878	0.1139017051464695	0.909315713854458	0.9995150899006424	ENSMUSG00000085151.8
ENSMUSG00000017969.14	1.9500764678125508	2.422301265916612	2.031672476968518	1.1922695677459565	0.2331555631506554	0.9995150899006424	Ptgis
ENSMUSG00000006418.18	4.837961467460303	-1.1614282033287222	1.2660346932231734	-0.91737470508953	0.3589463229423744	0.9995150899006424	Rnf114
ENSMUSG00000120653.1	1.2711092768925016	-1.4724218972083267	2.4454058178046587	-0.6021176062017306	0.5470958557616596	0.9995150899006424	ENSMUSG00000120653.1
ENSMUSG00000090213.2	41.032495873738405	1.2352558551177495	0.512688269152148	2.409370234198139	0.0159800777685276	0.9995150899006424	Tmem189
ENSMUSG00000056501.4	2.159895533667876	0.8494285383163869	1.8299126382322983	0.464190760022805	0.6425110806419856	0.9995150899006424	Cebpb
ENSMUSG00000086411.2	17.39921150548582	-1.0604261414847005	0.6839488806512953	-1.5504464902039192	0.1210343873952698	0.9995150899006424	Gm14236
ENSMUSG00000086999.2	4.548200578667652	2.61308849817672	1.3347834586492853	1.957687204800243	0.0502667275522046	0.9995150899006424	Bcas1os2
ENSMUSG00000086970.2	11.63254669471133	1.7776508193971812	0.8221333802962444	2.162241385645513	0.0305995750767809	0.9995150899006424	Bcas1os1
ENSMUSG00000085495.2	1.9677822480646237	-1.0947776555849171	1.9102921692135484	-0.5730943534337096	0.5665808102439378	0.9995150899006424	Gm16796
ENSMUSG00000092596.2	3.006720671931475	-2.411807673435144	1.8075662448068712	-1.334284527808735	0.1821106263166362	0.9995150899006424	ENSMUSG00000092596.2
ENSMUSG00000087442.2	3.160847492954314	-3.0997304576880618	1.835126787598496	-1.6891097000139514	0.0911984093106538	0.9995150899006424	Gm14453
ENSMUSG00000098588.3	7.319715499830479	-1.4112120434056754	1.0694188205244066	-1.31960651554053	0.1869664263705929	0.9995150899006424	ENSMUSG00000098588.3
ENSMUSG00000086537.9	5.440591193909271	-1.391967440694934	1.305571316683611	-1.0661749556744131	0.286344561111913	0.9995150899006424	Nespas
ENSMUSG00000027523.21	4.456263727577581	-0.3523750269549195	1.4062083550168452	-0.2505852178290453	0.8021348116131304	0.9995150899006424	Gnas
ENSMUSG00000016256.11	1.1229967299050492	-1.6324716466793836	2.821672125670406	-0.5785476036807508	0.5628944679213377	0.9995150899006424	Ctsz
ENSMUSG00000027525.19	1.0958750770926908	-3.110010077571334	3.044573323259065	-1.02149291456125	0.3070209643350431	0.9995150899006424	Phactr3
ENSMUSG00000049999.5	2.4473879272553885	0.4644311844145596	1.579038354033989	0.2941228015317497	0.768664067981167	0.9995150899006424	Ppp1r3d
ENSMUSG00000070476.11	1.5073993062163342	-2.273820663168797	2.401616297033289	-0.9467876554542216	0.3437469933791143	0.9995150899006424	Fam217b
ENSMUSG00000085704.3	2.5917176002442357	0.2614186768544596	1.584507486647214	0.1649841853430534	0.8689564297405701	0.9995150899006424	ENSMUSG00000085704.3
ENSMUSG00000090589.2	19.170708287438583	0.2875221229136495	0.6621483041572732	0.4342261712496319	0.664124210045937	0.9995150899006424	Gm17180
ENSMUSG00000121095.1	9.913253906646126	0.2175102237380991	0.8375236595548218	0.2597063632252667	0.7950902838808369	0.9995150899006424	ENSMUSG00000121095.1
ENSMUSG00000087293.2	51.57489482213452	-1.2728658400934345	0.5166460931986868	-2.463709407367816	0.013750754473002	0.9995150899006424	Gm14341
ENSMUSG00000016356.19	6.111423064702204	-1.1560256053840627	1.22955386880703	-0.940199233812905	0.3471153747391258	0.9995150899006424	Col20a1
ENSMUSG00000016344.15	1.810083978301174	-0.2536114298891466	2.080231921461813	-0.1219149784563106	0.9029663530252764	0.9995150899006424	Ppdpf
ENSMUSG00000027582.17	2.655650608613396	-0.6562748225039555	1.6783904612014224	-0.3910143900807099	0.6957865992199962	0.9995150899006424	Zgpat
ENSMUSG00000010492.11	8.808060028311088	-0.8663260231033744	0.9233860022936756	-0.9382057134843228	0.3481387027479343	0.9995150899006424	Uckl1os
ENSMUSG00000027506.16	2.2514621899862743	-0.6059599473685748	1.6632351974947102	-0.3643260726332134	0.715614532633901	0.9995150899006424	Tpd52
ENSMUSG00000069114.9	2.3006576466400914	3.786285457710966	2.176221467550165	1.7398438137701564	0.0818864467589429	0.9995150899006424	Zbtb10
ENSMUSG00000097365.8	24.87440524788304	0.1016441574246295	0.6115274506436045	0.1662135646039335	0.8679888849224778	0.9995150899006424	C030034L19Rik
ENSMUSG00000027536.7	3.2168000739054428	3.569646915481675	1.7475958631856758	2.042604351886368	0.0410916199647155	0.9995150899006424	Chmp4c
ENSMUSG00000027562.13	0.8824572988413393	-0.8852029031286122	3.744747032075233	-0.2363852339147346	0.8131337531915719	0.9995150899006424	Car2
ENSMUSG00000025128.8	5.833585280570769	1.4942599006380617	1.1582302202993997	1.2901233920936714	0.1970078192197009	0.9995150899006424	Bhlhe22
ENSMUSG00000063887.14	1.9085121841442705	-0.2199051517050424	1.9084648873775691	-0.115226197327222	0.9082658345053832	0.9995150899006424	Nlgn1
ENSMUSG00000074664.4	6.186698919634846	0.393259889942121	1.0977182526886389	0.3582521188646636	0.7201546468100799	0.9995150899006424	A830092H15Rik
ENSMUSG00000120615.1	24.24472444573004	-0.190510426598486	0.5766091643381777	-0.3303978472439833	0.7410993679436322	0.9995150899006424	ENSMUSG00000120615.1
ENSMUSG00000027692.17	3.640121450022432	-0.6446840706853174	1.335250370202864	-0.4828188668372141	0.6292243533957972	0.9995150899006424	Tnik
ENSMUSG00000104444.2	4.2522093816003865	1.368604862046747	1.3137281210326357	1.04177176398643	0.2975175080752943	0.9995150899006424	Gm33051
ENSMUSG00000097786.4	11.763651375668038	0.3024638958316449	0.8084924727168354	0.3741084871393468	0.7083236046067611	0.9995150899006424	4933429H19Rik
ENSMUSG00000027663.14	2.169863334641561	-1.1483429943557395	1.80585151459696	-0.6359011164946378	0.5248408749180236	0.9995150899006424	Zmat3
ENSMUSG00000027669.15	2.0184215073549425	1.176211290186188	2.274277733461525	0.5171801459780182	0.605030410172203	0.9995150899006424	Gnb4
ENSMUSG00000037531.9	27.147977190812277	-0.6046381883189084	0.6307308591035727	-0.9586310541048386	0.3377446426135744	0.9995150899006424	Mrpl47
ENSMUSG00000104283.2	31.37944381956147	0.994735853352059	0.5870678491226305	1.6944137800063246	0.0901866828162432	0.9995150899006424	Gm37459
ENSMUSG00000087625.2	3.0388497462167336	-0.1920923215646195	1.532201681512282	-0.1253701284122235	0.9002305355757008	0.9995150899006424	4930419G24Rik
ENSMUSG00000027680.16	3.250912636651721	-2.6015534796468835	1.754633642759457	-1.4826761645556403	0.1381604703432748	0.9995150899006424	Fxr1
ENSMUSG00000027679.14	9.115212748311786	0.3095108834453882	0.8864601033133588	0.3491537659602688	0.7269738739414628	0.9995150899006424	Dnajc19
ENSMUSG00000074637.8	2.094802039929451	-0.163176036767188	1.7585235725476047	-0.0927914981149737	0.9260692053909922	0.9995150899006424	Sox2
ENSMUSG00000085655.6	2.833947170808069	-2.7717648091139626	2.087858603369249	-1.3275634684461246	0.1843223596904758	0.9995150899006424	Gm15952
ENSMUSG00000106096.2	1.90254546171558	-0.3508564428082298	2.049562765859638	-0.1711859956926334	0.864077518773368	0.9995150899006424	ENSMUSG00000106096.2
ENSMUSG00000086392.10	9.223254682699611	-0.1903940183245016	0.8925796725153609	-0.213307589436757	0.8310870542618933	0.9995150899006424	Mccc1os
ENSMUSG00000027715.10	3.419202839127612	-0.6264148387827393	1.45635457782327	-0.4301252238441861	0.6671045524131269	0.9995150899006424	Ccna2
ENSMUSG00000086090.2	5.529999181241912	0.979139531623382	1.095594808605764	0.8937058882831136	0.3714792740731982	0.9995150899006424	Gm12531
ENSMUSG00000027718.9	3.287013014583247	3.122520625386602	1.620558270496777	1.9268178640866789	0.0540023323847607	0.9995150899006424	Il21
ENSMUSG00000050174.16	18.39519661194323	-0.0005507304926803	0.677978373522523	-0.0008123127730741	0.9993518682510996	0.9996229156794292	Nudt6
ENSMUSG00000104605.2	3.54407243077196	0.7799627834557361	1.4770854738304606	0.528041739814212	0.5974703659375074	0.9995150899006424	ENSMUSG00000104605.2
ENSMUSG00000058174.8	1.2911891071659305	0.1144882936159601	2.365287220597676	0.0484035480422671	0.9613946316924632	0.9995150899006424	Gm5148
ENSMUSG00000086181.2	10.622328180730914	-0.9973943993250416	0.9050631584406124	-1.1020163510395369	0.2704545631268408	0.9995150899006424	C230034O21Rik
ENSMUSG00000046743.7	1.4984221558093056	-0.2422454301631151	2.12510707465005	-0.1139921056462562	0.909244051433562	0.9995150899006424	Fat4
ENSMUSG00000105910.2	2.9708996546738504	1.8765136595453704	1.9139648976767936	0.9804326410704384	0.3268726040846929	0.9995150899006424	Gm43539
ENSMUSG00000103843.2	2.079399156989194	-0.0587565616656858	1.7031094057991925	-0.0344995814512068	0.9724787761045084	0.9995150899006424	Gm31266
ENSMUSG00000049100.16	3.9171373796933886	-0.4183294862612641	1.4342566155917211	-0.2916699018248396	0.7705390239208343	0.9995150899006424	Pcdh10
ENSMUSG00000100799.3	16.366352776877704	-0.3576920258999561	0.6815486206508884	-0.5248224632284565	0.5997066143097731	0.9995150899006424	1700027H10Rik
ENSMUSG00000063273.12	1.828129522408949	1.7998322466982917	1.9537856255536752	0.9212025225071684	0.3569447015446881	0.9995150899006424	Naa15
ENSMUSG00000102775.2	12.993795651545254	-0.7239037568846458	0.7906907577731681	-0.915533348237666	0.3599117037391657	0.9995150899006424	ENSMUSG00000102775.2
ENSMUSG00000097885.8	3.621397640647911	-0.3058221743809313	1.4510858092370835	-0.2107540246305068	0.8330792157067111	0.9995150899006424	ENSMUSG00000097885.8
ENSMUSG00000092405.2	57.32260032032397	0.4195393667302877	0.4250880784625695	0.9869469128554486	0.3236686643145662	0.9995150899006424	Gm20402
ENSMUSG00000104850.2	12.586323286887485	-0.8433657887693686	0.7635571907825851	-1.1045220959873172	0.2693667239859325	0.9995150899006424	Gm42901
ENSMUSG00000085174.2	2.5821633419794803	0.2239301517345255	1.6421801355895698	0.1363615031514986	0.8915355053888576	0.9995150899006424	Gm16206
ENSMUSG00000036615.8	1.9486930683578512	-0.8482296374611266	1.9336485838124284	-0.4386679381983341	0.6609021619087498	0.9995150899006424	Rfxap
ENSMUSG00000105975.5	10.317925678458312	0.8181205582114757	0.8525416456226252	0.9596253302253508	0.3372438159026517	0.9995150899006424	Gm42609
ENSMUSG00000027799.13	4.497731236646669	-0.1217222455114785	1.28844204611016	-0.0944724257322719	0.9247338855389512	0.9995150899006424	Nbea
ENSMUSG00000104677.2	2.9399727711136188	0.3882066143197799	1.559963528068412	0.2488562119144333	0.8034720076881916	0.9995150899006424	Gm43376
ENSMUSG00000027805.17	1.645671340211992	2.422330639481805	2.454681450456299	0.9868207701783543	0.3237305106231209	0.9995150899006424	Pfn2
ENSMUSG00000027806.10	2.616225857288852	0.8350561053461327	1.6461747864889893	0.5072706204710894	0.6119649498482278	0.9995150899006424	Tsc22d2
ENSMUSG00000027808.9	1.7638993912552898	2.3356744249949117	2.2022748169700805	1.0605735519458757	0.288883747343957	0.9995150899006424	Serp1
ENSMUSG00000075700.11	2.1802522141876257	2.3732282514679697	2.058794490011333	1.1527271240437915	0.2490224046525457	0.9995150899006424	Selt
ENSMUSG00000056476.14	1.8941485539931844	0.0542522241792746	1.896786508132884	0.028602177391423	0.9771818754889762	0.9995150899006424	Med12l
ENSMUSG00000036334.13	7.80779752907807	1.0867656722877972	1.028997514686795	1.0561402304441772	0.2909041527127907	0.9995150899006424	Igsf10
ENSMUSG00000102564.2	4.040814515587624	-0.1284893185018648	1.3078560417603973	-0.0982442366737212	0.9217383565558622	0.9995150899006424	Gm37035
ENSMUSG00000036894.4	4.125448663273911	-1.0785004922980417	1.3763332853754822	-0.7836041631470188	0.4332724122332317	0.9995150899006424	Rap2b
ENSMUSG00000103502.2	1618.853864440786	0.5208183799621534	0.284412955262767	1.8312048390375653	0.0670699747298892	0.9995150899006424	9330121J05Rik
ENSMUSG00000036885.15	40.70282825707391	-0.9657260443712158	0.4996154077850362	-1.93293887522926	0.053243728142933	0.9995150899006424	Arhgef26
ENSMUSG00000097724.3	21.722665591585123	0.1552892700931853	0.6193050500318741	0.2507476244303078	0.8020092376548438	0.9995150899006424	Gm26850
ENSMUSG00000027827.18	3.620200356829032	0.8343532202963369	1.4722348299075436	0.5667256359834486	0.5709006007725655	0.9995150899006424	Kcnab1
ENSMUSG00000104093.3	2.8120051671204425	1.477041685004381	1.7626369927687624	0.8379727028673293	0.4020460345420203	0.9995150899006424	A330015K06Rik
ENSMUSG00000121725.1	13.425584611028874	0.5072909534479293	0.7914538010778335	0.6409609161736037	0.521548076364125	0.9995150899006424	ENSMUSG00000121725.1
ENSMUSG00000027829.16	3.129501105533842	0.8991736941860156	1.6935623226042318	0.5309362886647917	0.5954629298098829	0.9995150899006424	Ccnl1
ENSMUSG00000103041.2	9.264167567344373	1.610570159022942	0.9237169401183658	1.7435754277891258	0.0812331511257597	0.9995150899006424	Gm37305
ENSMUSG00000027774.17	26.17463835429993	0.2279655532438093	0.6060963421397104	0.3761209850549821	0.706826954027317	0.9995150899006424	Gfm1
ENSMUSG00000091272.3	2.196402545657822	1.6228052486581634	1.9363724869265104	0.838064607721186	0.4019944188952437	0.9995150899006424	Gm17641
ENSMUSG00000104448.2	5.489057472826967	0.0506282618264812	1.1006057114506558	0.0460003626182809	0.9633099608894256	0.9995150899006424	Gm37256
ENSMUSG00000102545.2	6.986168432506929	1.429266753955966	0.9885958863991527	1.4457543002347566	0.1482461281699582	0.9995150899006424	6430573P05Rik
ENSMUSG00000085106.2	3.417975041926036	-0.021079708942503	1.492274809118034	-0.0141258894231161	0.9887295457420866	0.9995150899006424	Gm16000
ENSMUSG00000074517.3	3.341126094630639	-0.6808335113005115	1.681133844167159	-0.4049847153233651	0.6854887461266395	0.9995150899006424	Gm10710
ENSMUSG00000023084.12	20.93704308316121	0.3599234212608664	0.6287451851617474	0.5724472007976883	0.5670190462685554	0.9995150899006424	Lrrc71
ENSMUSG00000019710.14	3.729281031693463	1.4628033892448702	1.4425207268903593	1.0140605690971485	0.310553851624214	0.9995150899006424	Mrpl24
ENSMUSG00000004896.17	18.52155854420658	0.2699178076996605	0.6571460306053503	0.4107425064274031	0.6812613550097775	0.9995150899006424	Rrnad1
ENSMUSG00000004892.14	1.7768449077131512	0.3675758784250028	2.392860621487615	0.1536135766221456	0.8779144314087125	0.9995150899006424	Bcan
ENSMUSG00000096935.7	7.839915211209548	0.3965504565721323	1.0047511808108789	0.3946752829412935	0.6930825463487446	0.9995150899006424	1700113A16Rik
ENSMUSG00000097280.2	161.92457504733113	-1.1785922510055946	0.3522079460575832	-3.3462965960822024	0.0008189874183172	0.2745507909628959	AI849053
ENSMUSG00000097428.2	3.5644536671524416	-0.9221745661606788	1.520500876087597	-0.6064939393744564	0.5441868056498491	0.9995150899006424	ENSMUSG00000097428.2
ENSMUSG00000093390.2	2.512257144160714	1.7353838838459597	1.9228259775292955	0.9025173906147314	0.3667820875641778	0.9995150899006424	Gm20652
ENSMUSG00000105512.2	6.894187297764159	0.8850186739081822	1.0275859656482345	0.8612599855330682	0.3890948688461066	0.9995150899006424	Gm43714
ENSMUSG00000078684.9	7.551889290315931	0.03761466928493	0.9789485335645058	0.0384235411722505	0.9693499916973372	0.9995150899006424	ENSMUSG00000078684.9
ENSMUSG00000098912.9	9.560802710038436	0.1122973306474517	0.9177783419126384	0.1223577911126401	0.9026156650832436	0.9995150899006424	ENSMUSG00000098912.9
ENSMUSG00000054199.19	4.356518285616449	-1.4263198035241198	1.3964176467646765	-1.021413476712159	0.3070585829977336	0.9995150899006424	Gon4l
ENSMUSG00000106218.2	3.304360827239425	-0.4170998493018822	1.4755853385535476	-0.282667385209145	0.7774318198383294	0.9995150899006424	Gm43713
ENSMUSG00000068922.15	22.0840845828104	-0.2365421019868395	0.6247094178036676	-0.3786434064312114	0.7049526843784353	0.9995150899006424	Msto1
ENSMUSG00000068921.15	23.332094511915876	0.0156077574901076	0.6232335409675998	0.0250431924216977	0.9800205118295884	0.9995150899006424	Dap3
ENSMUSG00000086718.2	15.17247771096556	0.4955880767202185	0.7002476230347839	0.7077326083199011	0.4791113235701004	0.9995150899006424	Gm16069
ENSMUSG00000064068.16	13.67959417546168	-0.1541567719334121	0.7400657536408342	-0.2083014531817222	0.8349935970576858	0.9995150899006424	Mtx1
ENSMUSG00000105692.2	10.390081053021827	0.6428467163480531	0.8568569208940991	0.7502381093885148	0.4531113102596547	0.9995150899006424	ENSMUSG00000105692.2
ENSMUSG00000028047.12	1.22867943152799	-0.9566544984274296	2.480275532391083	-0.3857049291234096	0.699715211887632	0.9995150899006424	Thbs3
ENSMUSG00000086389.2	8.25098440141936	0.7628696821222075	0.9316343460289492	0.8188509637648144	0.4128714499226225	0.9995150899006424	Gm15998
ENSMUSG00000097004.2	46.26771234811554	-0.0618512860901572	0.4714998081512458	-0.1311798754122012	0.8956330154714222	0.9995150899006424	4731419I09Rik
ENSMUSG00000042672.16	7.242745431226019	0.8792734467908616	0.987840318980835	0.8900967392159261	0.3734139437238345	0.9995150899006424	Dcst1
ENSMUSG00000028042.16	2.5398505437523395	-0.4188850380114757	1.688680443614106	-0.2480546509527758	0.8040921224745249	0.9995150899006424	Zbtb7b
ENSMUSG00000027950.8	38.78752768734943	0.1629823665092923	0.4963618442371559	0.3283539385662796	0.7426440656715946	0.9995150899006424	Chrnb2
ENSMUSG00000042572.13	1.4606387443952686	1.1621809107456895	2.508511022646555	0.4632951182010568	0.643152844520056	0.9995150899006424	Ube2q1
ENSMUSG00000105552.2	12.120639377238293	-0.2780229324581721	0.8088696472023456	-0.3437178455388651	0.7310584891886962	0.9995150899006424	Gm19710
ENSMUSG00000105350.3	8.355008183790927	-0.4367051624976231	1.032482226424765	-0.422966276145815	0.672319866231231	0.9995150899006424	4930537H20Rik
ENSMUSG00000001018.16	1.6360856174359946	2.4140229684696384	2.408565303638481	1.0022659401523857	0.3162151678960727	0.9995150899006424	Snapin
ENSMUSG00000120231.1	41.50094520858131	0.4404805011668649	0.4784102166666672	0.9207171707910454	0.3571981090642943	0.9995150899006424	ENSMUSG00000120231.1
ENSMUSG00000043165.8	2.428922879287372	3.674744660054647	2.206696598053142	1.6652695541818887	0.0958589898310649	0.9995150899006424	Lor
ENSMUSG00000052415.6	2.523942265823212	1.2345824491345423	1.869518853335283	0.6603744310639107	0.5090135762848849	0.9995150899006424	Tchh
ENSMUSG00000105391.2	1.0941546215769715	-2.0476685644190438	3.2367080731871805	-0.6326392489276019	0.5269692502946528	0.9995150899006424	Gm43401
ENSMUSG00000028141.14	27.859094084905013	-0.0874606347567401	0.5442581832055032	-0.1606969586412564	0.8723320849557492	0.9995150899006424	Oaz3
ENSMUSG00000028139.6	3.1041272867929943	2.7203029707180204	1.6306148952089514	1.6682681966850508	0.0952624983035435	0.9995150899006424	Riiad1
ENSMUSG00000087660.2	6.624675956333555	1.040422921075266	1.0339035676866344	1.0063055720014766	0.3142686009614909	0.9995150899006424	B230398E01Rik
ENSMUSG00000038861.15	3.30644560247158	-1.0196977942958636	1.6013465825105215	-0.636775202465681	0.5242712806837337	0.9995150899006424	Pi4kb
ENSMUSG00000084846.2	7.950144338005225	0.6709522446062713	0.9577677568657372	0.7005375152760832	0.4835916850880511	0.9995150899006424	A730011C13Rik
ENSMUSG00000086288.2	8.068371750051826	-0.5215615285649552	0.9795393699398848	-0.5324559120037858	0.5944102693744862	0.9995150899006424	Gm15265
ENSMUSG00000038766.17	1.3045946843441467	-0.9469394853421108	2.5908410682881726	-0.3654950112272904	0.7147419300885156	0.9995150899006424	Gabpb2
ENSMUSG00000097167.3	11.961852516792804	-0.0354451422471615	0.7788467687017359	-0.0455097763405314	0.9637009825808543	0.9995150899006424	Gm16740
ENSMUSG00000038712.17	6.013994929455216	-1.0405677320708888	1.1052576751976704	-0.941470713501074	0.3464636905801387	0.9995150899006424	Fam63a
ENSMUSG00000120920.1	8.467993047700785	-0.1641985178952508	0.9186562577188764	-0.1787377123005438	0.8581436558497368	0.9995150899006424	ENSMUSG00000120920.1
ENSMUSG00000015714.12	1.293984662791889	-1.782856940362272	2.4477388078321862	-0.7283689479684478	0.4663877663521361	0.9995150899006424	Cers2
ENSMUSG00000103900.2	2.637660575378645	2.539322700542157	1.729171299544468	1.4685200368587628	0.141963017642017	0.9995150899006424	ENSMUSG00000103900.2
ENSMUSG00000038612.17	1.3960115810310114	1.1546188202368184	2.342081507083273	0.4929883169073525	0.6220208424289859	0.9995150899006424	Mcl1
ENSMUSG00000015750.16	4.134350147848095	-1.763541899316144	1.4886033187758605	-1.18469566544187	0.236137796896427	0.9995150899006424	Aph1a
ENSMUSG00000038526.15	1.5668060625992977	-2.74464152616656	2.3665503054529946	-1.159764708927746	0.2461446162367665	0.9995150899006424	Car14
ENSMUSG00000097204.4	16.405815395630025	0.0463166340942001	0.7101991820137376	0.0652164002257387	0.9480017034346164	0.9995150899006424	Gm17690
ENSMUSG00000086556.3	3.2576214890850825	-0.4656713092776738	1.6287695701939195	-0.285903738502575	0.7749518503051971	0.9995150899006424	Gm15444
ENSMUSG00002075180.1	15.787286350473712	0.7320014571835156	0.6863673338429085	1.0664864440519128	0.2862038033949012	0.9995150899006424	ENSMUSG00002075180.1
ENSMUSG00000093577.2	3.899844636280642	0.2990177382713958	1.3143898856037164	0.2274954650416022	0.8200384951745942	0.9995150899006424	Gm20632
ENSMUSG00000093553.2	2.7094855905671777	-1.2233201602130537	1.659822549413647	-0.7370186413271748	0.4611110131981749	0.9995150899006424	Gm20633
ENSMUSG00000093656.2	72.87020046853257	1.0829705721120029	0.4139953191410744	2.615900523607046	0.0088992480214146	0.9995150899006424	Gm20628
ENSMUSG00000074398.7	23.884170617973076	1.5472823384302008	0.6029113060034882	2.566351506470587	0.0102774619769159	0.9995150899006424	Gm15441
ENSMUSG00000087610.2	4.773324899615328	0.368616969436672	1.2880921082763244	0.2861728342780868	0.7747457491582316	0.9995150899006424	Gm16253
ENSMUSG00000121819.1	8.700811652610485	-0.4018414219920176	0.9688083938518482	-0.4147790466537471	0.6783036598575054	0.9995150899006424	ENSMUSG00000121819.1
ENSMUSG00000038298.15	13.439878927467658	0.4603858012180811	0.770497218102684	0.5975177981197145	0.5501617277462754	0.9995150899006424	Pdzk1
ENSMUSG00000057123.15	5.882107364266619	0.1174702723172081	1.1049425527199404	0.1063134658250257	0.9153336479568795	0.9995150899006424	Gja5
ENSMUSG00000105004.2	1.4587878660707532	-1.1773718726289213	2.1605978531713914	-0.5449287431720525	0.585802526722113	0.9995150899006424	ENSMUSG00000105004.2
ENSMUSG00000027867.11	2.4087991599598197	0.7557453724209529	1.7903858845344316	0.4221131203888347	0.672942451660065	0.9995150899006424	Spag17
ENSMUSG00000106137.2	5.469180580819539	0.0740371123362505	1.1900083617312491	0.0622156236184255	0.9503911207446096	0.9995150899006424	Gm42538
ENSMUSG00000027857.11	2.3337116197744625	-1.6085636321274503	2.0040640632505773	-0.8026508042454351	0.4221765950913465	0.9995150899006424	Tshb
ENSMUSG00000068823.11	1.6000734628716564	-1.1483388142422504	2.10082316802692	-0.5466137425173024	0.5846441257118565	0.9995150899006424	Csde1
ENSMUSG00000085754.8	102.03488103347554	-0.1064072535058438	0.3608973880256101	-0.2948407415414516	0.7681155418693387	0.9995150899006424	Gm15886
ENSMUSG00000084997.8	4.830385920248167	-0.1914677552554354	1.1581616222675757	-0.1653204108771614	0.8686917943036112	0.9995150899006424	ENSMUSG00000084997.8
ENSMUSG00000089998.3	11.831362351129656	-0.1429222057222432	0.7952641908858967	-0.1797166367607132	0.8573750318537533	0.9995150899006424	Phtf1os
ENSMUSG00000045576.17	6.193753297030135	0.0611613112491023	1.0995639597419842	0.0556232411104616	0.9556419494357852	0.9995150899006424	St7l
ENSMUSG00000027840.6	4.96352614981519	-0.0842862452409418	1.406321079197793	-0.0599338561354859	0.9522083150547116	0.9995150899006424	Wnt2b
ENSMUSG00000105355.2	2.0233510612055503	-0.3480558851193802	1.874323089587909	-0.1856968454653697	0.8526825022502099	0.9995150899006424	Gm42956
ENSMUSG00000074346.7	5.103064027444957	-0.7825477264014219	1.2377630702560285	-0.6322273989314883	0.5272382961643692	0.9995150899006424	Kcnd3os
ENSMUSG00000000563.18	9.61042260975666	0.4268414558034269	0.9384381740337217	0.4548423834558214	0.6492226360868304	0.9995150899006424	Atp5f1
ENSMUSG00000120721.1	10.65530504281805	-0.3819856075825056	0.9038649032750368	-0.4226136076292271	0.6725771968068721	0.9995150899006424	ENSMUSG00000120721.1
ENSMUSG00000040724.6	1.8597072926801343	-2.831268416154201	2.256784252733145	-1.2545587433647276	0.2096389882640147	0.9995150899006424	Kcna2
ENSMUSG00000027893.15	2.8775433595765385	-1.1509689956350044	1.7216051693432135	-0.6685441099564631	0.5037863351147407	0.9995150899006424	Ahcyl1
ENSMUSG00000040600.10	91.87794680200784	-1.3314895261612112	0.3885212216769991	-3.427070265078487	0.0006101311712333	0.2265553887235517	Eps8l3
ENSMUSG00000086968.10	86.92295909315753	-0.6402804879905213	0.3932190539374463	-1.6283048381790215	0.1034602641148049	0.9995150899006424	4933431E20Rik
ENSMUSG00000058135.13	1.903277350875733	-2.3524433724976705	2.404194009409601	-0.9784748499042144	0.327839524297291	0.9995150899006424	Gstm1
ENSMUSG00000056411.3	1.4674625597549114	2.2691730590588204	2.3558440739813817	0.9632102073818124	0.3354420436753895	0.9995150899006424	Gm12500
ENSMUSG00000009108.16	1.3758666380367357	-1.439733069241835	2.3904504999763	-0.602285246758345	0.5469842795900699	0.9995150899006424	Gnat2
ENSMUSG00000048796.8	1.6152026303924985	-1.9429866174269803	2.2889243486344477	-0.8488644976781997	0.3959566958354267	0.9995150899006424	Cyb561d1
ENSMUSG00000120830.1	2.5420279251615074	1.397868866754488	1.5967002377911848	0.8754735758593282	0.3813162817360206	0.9995150899006424	ENSMUSG00000120830.1
ENSMUSG00000084863.2	65.2640624265564	-0.1602700301237004	0.4206254967538791	-0.3810278534243951	0.7031825806995321	0.9995150899006424	Gm12523
ENSMUSG00000068747.15	1.2165311143182305	-0.3739717340484745	2.536750544125711	-0.1474215645343888	0.8827992854443023	0.9995150899006424	Sort1
ENSMUSG00000120945.1	32.093086917243305	0.6294199594361342	0.5672372492218166	1.109623813139255	0.2671611653902729	0.9995150899006424	ENSMUSG00000120945.1
ENSMUSG00000105810.2	8.527289242194012	-0.0959730294846548	0.9239308329711444	-0.1038746906800676	0.917268792345476	0.9995150899006424	ENSMUSG00000105810.2
ENSMUSG00000027883.16	2.518014525542497	-0.2283356118908261	1.802835836412182	-0.1266535794768958	0.8992145880699309	0.9995150899006424	Gpsm2
ENSMUSG00000105509.2	18.28117689895873	0.716749356634765	0.6529452239748361	1.0977174352720096	0.2723278939987769	0.9995150899006424	C130013H08Rik
ENSMUSG00000121018.1	1.7480669609773762	0.5911271850787139	2.1376597440078022	0.2765300636528974	0.782140972056145	0.9995150899006424	ENSMUSG00000121018.1
ENSMUSG00000045092.9	1.300841075745319	0.9005736335726993	2.849885380799193	0.3160034574162949	0.7519998838662649	0.9995150899006424	S1pr1
ENSMUSG00000033554.18	9.69057741820238	-0.8380174563202384	0.8623187615834144	-0.9718186518190174	0.3311407750985655	0.9995150899006424	Dph5
ENSMUSG00000104723.2	1.7838225532466752	-1.103757597436284	2.1834551588993665	-0.5055096244764032	0.6132009402930318	0.9995150899006424	ENSMUSG00000104723.2
ENSMUSG00000105645.2	3.167524880876433	-0.9543501619249888	1.453971212984344	-0.6563748672617393	0.5115829572136184	0.9995150899006424	ENSMUSG00000105645.2
ENSMUSG00000104653.2	11.829448132163536	0.4402830347552213	0.7835805238973035	0.5618861384728918	0.5741935984901163	0.9995150899006424	Gm43109
ENSMUSG00000027961.8	2.8635489884816843	2.04315049519266	1.8472375183270584	1.106057274671981	0.2687017299413715	0.9995150899006424	Lrrc39
ENSMUSG00000033439.13	1.7492642447962548	-2.00418071660455	2.186663442223165	-0.9165474109572684	0.3593798525727493	0.9995150899006424	Trmt13
ENSMUSG00000105339.2	6.950463953703456	-0.7640847383722394	1.0055258474117346	-0.7598857258011074	0.4473228946507867	0.9995150899006424	Gm42457
ENSMUSG00000080907.2	1.5339080038498971	1.6755194033990704	2.347736639414535	0.7136743428840902	0.4754285752146587	0.9995150899006424	4930455H04Rik
ENSMUSG00002076381.1	8.174193543293926	0.1669249329948951	1.0280789480495236	0.1623658701616115	0.8710177458407948	0.9995150899006424	ENSMUSG00002076381.1
ENSMUSG00000105813.2	166.7605201498409	0.4210952530302586	0.3318774618807589	1.2688275083336478	0.2045025916966297	0.9995150899006424	ENSMUSG00000105813.2
ENSMUSG00000053931.12	3.9080235368237504	1.0745733721013162	1.4367023440977762	0.7479443299552276	0.4544937371739619	0.9995150899006424	Cnn3
ENSMUSG00000057359.8	1.4747875021939745	0.2983950755139894	2.51971432547134	0.1184241691598	0.9057315763030328	0.9995150899006424	ENSMUSG00000057359.8
ENSMUSG00000104574.2	9.266403859689932	-1.1069056036424765	0.9040248752247736	-1.22441940921953	0.2207940511017039	0.9995150899006424	Gm42836
ENSMUSG00000032826.20	14.18174934752394	-1.829539548929293	1.0454161603106542	-1.7500586066946102	0.0801082013892656	0.9995150899006424	Ank2
ENSMUSG00000097456.8	20.707070281359467	-0.3045626114113655	0.6727513531466206	-0.4527120012272775	0.6507561366022632	0.9995150899006424	Gm16958
ENSMUSG00000120996.1	12.787026107087271	0.6599356590125978	0.8194137406731546	0.8053753876160968	0.4206030902194912	0.9995150899006424	ENSMUSG00000120996.1
ENSMUSG00000105447.2	12.177857247971543	-0.1691739952148858	0.843641951427512	-0.2005281919997334	0.841067511714357	0.9995150899006424	Gm43653
ENSMUSG00000106086.2	4.126028905958543	-1.1328304524292026	1.3466353681787662	-0.8412302834146407	0.4002189383254886	0.9995150899006424	Gm43352
ENSMUSG00000097761.2	4.3930331456016924	-1.8467533457972083	1.312458188522401	-1.4070949931565673	0.1593992225895294	0.9995150899006424	4930534D22Rik
ENSMUSG00000028029.12	4.749458748248908	0.5927664446182445	1.3667106336739083	0.4337175917222548	0.6644935304019709	0.9995150899006424	Aimp1
ENSMUSG00000028013.17	2.714982650427689	0.0559124941864236	1.67327028505776	0.0334151001698411	0.9733435681929664	0.9995150899006424	Ppa2
ENSMUSG00000097911.3	1.6955463099798436	-1.6371274815836263	2.096012336721878	-0.7810676745080907	0.4347626929420475	0.9995150899006424	Gm26691
ENSMUSG00000097032.4	21.22737528422102	0.4433279149011147	0.6180553934404988	0.7172947920303112	0.4731922200335305	0.9995150899006424	4930539J05Rik
ENSMUSG00000078578.10	2.498635758914676	0.7839898610749167	1.9573027917669383	0.4005460291441043	0.6887543882566942	0.9995150899006424	Ube2d3
ENSMUSG00002076447.1	1.783544767284913	-3.790135749243992	2.660671565620851	-1.4245034216989452	0.1543007952826663	0.9995150899006424	ENSMUSG00002076447.1
ENSMUSG00000028158.15	1.429763597884458	-0.7609475835834303	2.3276842551165	-0.3269118575299831	0.7437345524110246	0.9995150899006424	Mttp
ENSMUSG00000104776.2	2.557837244793081	-0.5559690816447961	1.672349323848788	-0.3324479363948164	0.7395510468085185	0.9995150899006424	Gm43691
ENSMUSG00000028149.13	1.4626696983669127	2.2468895493716063	2.486368259963339	0.9036833302419714	0.3661633407937803	0.9995150899006424	Rap1gds1
ENSMUSG00000098871.3	5.100319384424009	2.999735372857175	1.4201348480439122	2.112289109015949	0.0346616594244296	0.9995150899006424	ENSMUSG00000098871.3
ENSMUSG00000086561.2	2.519212942443921	-3.3616715048926875	2.067373890390384	-1.6260587988067805	0.1039371476612092	0.9995150899006424	Gm15540
ENSMUSG00000106550.2	3.129341302424892	-0.1757416074686571	1.426577555893814	-0.1231910643361743	0.9019558012987186	0.9995150899006424	ENSMUSG00000106550.2
ENSMUSG00000028188.14	4.156463131204632	-1.7781644554630474	1.3935567760175305	-1.2759899604124052	0.2019590680851087	0.9995150899006424	Spata1
ENSMUSG00000104786.2	3.490074510882321	0.6496500138568233	1.502723323785582	0.4323151198720061	0.6655123995008981	0.9995150899006424	Gm43573
ENSMUSG00000104822.2	4.184267758822781	0.6772505838048279	1.2471017762570236	0.5430595936103044	0.5870887719072813	0.9995150899006424	ENSMUSG00000104822.2
ENSMUSG00000105710.2	1.6953915286774173	1.170521966179796	2.374086908176344	0.4930409085482607	0.621983682383719	0.9995150899006424	ENSMUSG00000105710.2
ENSMUSG00000104548.2	10.44184161535272	0.206208374883242	0.8365282996562656	0.2465049598058717	0.8052913655092409	0.9995150899006424	ENSMUSG00000104548.2
ENSMUSG00000039068.17	3.675766035143052	1.6390335941027916	1.6070005145772688	1.0199334594077272	0.3077600196174751	0.9995150899006424	Zzz3
ENSMUSG00000097745.2	5.863305260237582	2.525366959031524	1.148741545977598	2.198376969888728	0.0279222534718323	0.9995150899006424	AI115009
ENSMUSG00000039047.18	5.567336022507395	0.9317585735464364	1.149309908724643	0.8107113377108032	0.4175314608696887	0.9995150899006424	Pigk
ENSMUSG00000028199.19	2.781219689191211	-1.3854565067302338	1.6480621447339998	-0.8406579273464527	0.4005395967452645	0.9995150899006424	Cryz
ENSMUSG00000085084.9	1.38413300804996	-2.261212941398937	2.494590016184465	-0.906446721396535	0.3646994528901638	0.9995150899006424	4930570G19Rik
ENSMUSG00000063052.10	21.53912546740977	-0.7660070495200194	0.7220339849441838	-1.0609016548981902	0.2887345971286676	0.9995150899006424	Lrrc40
ENSMUSG00000106043.2	6.939985290675437	-0.1589597906575956	0.997752235886188	-0.1593178997152635	0.8734184189399228	0.9995150899006424	ENSMUSG00000106043.2
ENSMUSG00000045573.10	10.488762915998178	0.9203015312777724	0.8700942236820952	1.0577032995153193	0.2901907305267469	0.9995150899006424	Penk
ENSMUSG00000085996.2	6.849560095171046	-0.1524950536920515	1.0256066607116143	-0.1486876592496418	0.88180009947932	0.9995150899006424	ENSMUSG00000085996.2
ENSMUSG00000086052.2	4.184270893649686	0.4142231136903052	1.350322369065717	0.3067586845775981	0.7590270579056919	0.9995150899006424	Gm11802
ENSMUSG00000041216.16	3.7166169455232207	-1.049391341269833	1.3357761283668872	-0.7856042034175392	0.4320994011283637	0.9995150899006424	Clvs1
ENSMUSG00000028207.19	9.170592180676508	-0.0671643062119815	0.9858091573403552	-0.068131144564721	0.945681238172448	0.9995150899006424	Asph
ENSMUSG00000028212.17	3.008558813581262	0.3957084607435922	1.710751821494156	0.2313067598536787	0.8170764954707654	0.9995150899006424	Ccne2
ENSMUSG00000028229.12	2.3452472940729048	-1.650713996822175	2.083005939337648	-0.7924672540045983	0.4280882781325995	0.9995150899006424	Rmdn1
ENSMUSG00000078772.3	1.22867943152799	-0.9566544984274296	2.480275532391083	-0.3857049291234096	0.699715211887632	0.9995150899006424	Gm12353
ENSMUSG00000028252.21	3.5423131080086403	1.5891058849777813	1.436854248390722	1.1059617819675038	0.2687430616496671	0.9995150899006424	Ccnc
ENSMUSG00000095139.3	5.126401870543269	-2.0909061670583866	1.3497839715752706	-1.5490672663849951	0.121365550738393	0.9995150899006424	Pou3f2
ENSMUSG00000120708.1	14.287442816646529	-1.3901447674673448	0.7994213675399572	-1.7389387173190136	0.0820455429895412	0.9995150899006424	ENSMUSG00000120708.1
ENSMUSG00000085885.2	3.233700580742711	-0.0935416614645678	1.4610346914470629	-0.0640242576115155	0.9489509116486896	0.9995150899006424	ENSMUSG00000085885.2
ENSMUSG00000086150.2	3.630714752277745	-0.4790483230651693	1.471185365674908	-0.3256206418593658	0.7447113927180997	0.9995150899006424	Bach2os
ENSMUSG00000040128.10	2.1769020223535835	-1.0816576491525451	1.8354707546183493	-0.5893080270720276	0.5556546611013677	0.9995150899006424	Pnrc1
ENSMUSG00000040044.12	14.435944171341792	0.2795750083688759	0.7410469073446548	0.3772703260724194	0.7059727220266299	0.9995150899006424	Orc3
ENSMUSG00000036822.7	4.107940111793341	-0.8754964223703413	1.3556895096421733	-0.6457942000314097	0.5184126446885686	0.9995150899006424	Topors
ENSMUSG00000028407.5	24.29644906420184	0.1921691137029011	0.6029506371657954	0.3187145047332618	0.7499430146381207	0.9995150899006424	Toporsos
ENSMUSG00000028410.14	6.03240897872215	-0.3422771628983679	1.0901297749522083	-0.3139783636433317	0.7535374717261376	0.9995150899006424	Dnaja1
ENSMUSG00000028438.17	1.970398663758896	-0.1244193091729589	2.0688639813075285	-0.0601389507947862	0.952044967840142	0.9995150899006424	Kif24
ENSMUSG00000028443.7	1.23583830120429	-3.269993160050082	2.917236752577028	-1.120921418928867	0.2623213127875632	0.9995150899006424	Nudt2
ENSMUSG00000036162.4	40.6160253070634	0.1016908539905515	0.4784810862052125	0.2125284717041836	0.8316947678791475	0.9995150899006424	Fam219aos
ENSMUSG00000087623.2	30.899179863794146	0.5726541963043965	0.5209863722748147	1.0991730816373977	0.2716925776950213	0.9995150899006424	ENSMUSG00000087623.2
ENSMUSG00000036078.17	5.465061716788834	0.088199307469657	1.1438131943544572	0.0771098881399376	0.938536126825537	0.9995150899006424	Sigmar1
ENSMUSG00000036073.19	4.321606410606678	-0.836530650949152	1.2503583584849234	-0.6690327179183957	0.5034746073915749	0.9995150899006424	Galt
ENSMUSG00000050141.14	14.555964881226169	1.43564652339734	0.7320033343087928	1.961256808690598	0.0498490729435617	0.9995150899006424	Fam205c
ENSMUSG00000028451.13	46.75116456654027	0.6899831799781603	0.4769218225652238	1.446742730846203	0.1479689917843632	0.9995150899006424	1700022I11Rik
ENSMUSG00000036002.13	3.661671328405608	-0.2205976206286118	1.457256639036255	-0.1513787034619395	0.8796769880332578	0.9995150899006424	Fam214b
ENSMUSG00000028459.12	47.64829710843756	-0.0941214915459048	0.4723618575807881	-0.199257179713769	0.8420615731162958	0.9995150899006424	Cd72
ENSMUSG00000028461.13	493942.18045586353	-0.7053174400973478	0.9927947736287388	-0.710436294421011	0.4774336229441321	0.9995150899006424	Ccdc107
ENSMUSG00000028465.17	2.134967970130121	0.2893793464443643	1.7856861342770387	0.1620549887741184	0.8712625513316753	0.9995150899006424	Tln1
ENSMUSG00000028466.17	4.014078075799859	-0.1783665755129678	1.3517588990434937	-0.1319514712565829	0.8950226763404604	0.9995150899006424	Creb3
ENSMUSG00000028467.16	4.510523973546467	0.4943791969785955	1.1885118768533214	0.4159648772610529	0.6774357043905898	0.9995150899006424	Gba2
ENSMUSG00000028468.16	2.254483794524574	0.8984123556955217	1.860981430225716	0.482762665496643	0.6292642625527648	0.9995150899006424	Rgp1
ENSMUSG00000078719.3	19.66808234931032	-0.2473486200925561	0.6583222631192707	-0.3757257409472465	0.707120799205152	0.9995150899006424	Msmp
ENSMUSG00000086043.2	16.917028604577606	-0.4065005840409666	0.6725351806527957	-0.6044302153032309	0.5455576522751775	0.9995150899006424	Gm12473
ENSMUSG00000043633.7	3.27083655254018	0.3783185115718837	1.4563369561469277	0.2597740241192614	0.7950380889938637	0.9995150899006424	Fam221b
ENSMUSG00000070997.5	2.774790821831077	-1.7183114453984836	1.6642776727555362	-1.0324668013802552	0.3018534921368423	0.9995150899006424	1700055D18Rik
ENSMUSG00000035601.10	2.3624011459115777	0.2401970951282691	1.7983685127046354	0.1335638905104202	0.8937474394812164	0.9995150899006424	Trmt10b
ENSMUSG00000028322.12	4.635473746824947	1.2301166749163357	1.312398868882731	0.9373039737252714	0.3486022195027799	0.9995150899006424	Exosc3
ENSMUSG00000028328.14	4.150779216544229	0.9002652067540335	1.2350652724070854	0.728921156530827	0.4660498924887357	0.9995150899006424	Tmod1
ENSMUSG00000035495.16	4.372411742659758	0.4443859814886484	1.2459842209360987	0.3566545819936504	0.7213504105488586	0.9995150899006424	Tstd2
ENSMUSG00000028329.14	5.096881184816599	1.371385895561768	1.244211171682138	1.1022131345338215	0.2703690231095302	0.9995150899006424	Xpa
ENSMUSG00000028333.11	4.046822304375378	-0.922638440247221	1.3167763249626927	-0.7006796999280508	0.483502927491891	0.9995150899006424	Anp32b
ENSMUSG00000085990.3	3.819689386205327	-0.1667862121305072	1.4128130232658676	-0.1180525726928558	0.9060260020929712	0.9995150899006424	ENSMUSG00000085990.3
ENSMUSG00000028344.13	2.881057539962254	2.552652814768219	1.6397078915266237	1.556772903246573	0.1195244127255895	0.9995150899006424	Invs
ENSMUSG00000039579.16	2.1618897046030097	-0.3484467942270297	2.0147539019436325	-0.1729475713589055	0.8626926384782923	0.9995150899006424	Grin3a
ENSMUSG00000084970.2	16.90926159224254	-0.2910874345213589	0.7078285371932433	-0.4112400379837886	0.6808965325913348	0.9995150899006424	1700060J05Rik
ENSMUSG00000066152.12	1.6718412097052944	0.1805970966442172	2.054949301239007	0.0878839670328257	0.9299688997471058	0.9995150899006424	Slc31a2
ENSMUSG00000008575.18	1.0771808453854266	-3.129465207008198	3.036777929194159	-1.0305215856987722	0.3027652246607937	0.9995150899006424	Nfib
ENSMUSG00000028483.14	38.22155622490299	0.7118653824922583	0.4856457552009781	1.465812013939383	0.142699507175076	0.9995150899006424	Snapc3
ENSMUSG00000028484.17	1.6550517924834314	-2.821527990066234	2.3329919664325343	-1.209403217268998	0.2265079732288765	0.9995150899006424	Psip1
ENSMUSG00000037996.18	2.1305036960378643	1.2928901695247053	1.827827262645918	0.7073371734554112	0.4793569696782159	0.9995150899006424	Slc24a2
ENSMUSG00000028497.13	5.325520933997279	-0.473640407217799	1.1867490573862427	-0.3991074644381593	0.6898140224476864	0.9995150899006424	Hacd4
ENSMUSG00000087366.9	37.266224453828485	1.5912981767497891	0.4977857034953759	3.1967534735849865	0.0013898365482725	0.3942859376945505	Junos
ENSMUSG00000044125.8	3.864786136466243	2.6105590861573176	1.6811042075396263	1.552883559775269	0.1204509550946937	0.9995150899006424	ENSMUSG00000044125.8
ENSMUSG00000048747.15	8.55992610794671	-0.8127550294784158	0.9865430367383232	-0.8238414333808692	0.4100296616214657	0.9995150899006424	E130114P18Rik
ENSMUSG00000028549.18	70.69843901678344	-1.3825576640350388	0.4161660984818501	-3.322129479259674	0.0008933322916363	0.2745507909628959	Itgb3bp
ENSMUSG00000085181.2	15.04566701212017	0.6283522678285092	0.7158407920578312	0.877782147650711	0.3800619543856011	0.9995150899006424	Gm12709
ENSMUSG00000035126.21	3.9090070813727937	-0.6459516976665886	1.301193091801293	-0.496430315943633	0.6195908405309194	0.9995150899006424	Wdr78
ENSMUSG00000028517.9	8.192493893166231	-0.3209206883963132	0.9901361429669376	-0.324117739440029	0.7458488971322348	0.9995150899006424	Plpp3
ENSMUSG00000120027.1	1.453017729787524	2.889497840241202	2.5126258520691493	1.1499912881425216	0.2501474594671202	0.9995150899006424	ENSMUSG00000120027.1
ENSMUSG00000085023.2	35.35340729154232	-0.1076147263544495	0.4989665996634518	-0.2156752103788802	0.8292409257070968	0.9995150899006424	Gm12744
ENSMUSG00000034871.3	210.89792400991652	-0.8847649195497349	0.3185546493737959	-2.777435273002533	0.0054789751490366	0.9995150899006424	Fam151a
ENSMUSG00000085304.2	2.413165608837067	-0.3825001548228821	1.8816777107015064	-0.2032761256869448	0.8389192149029555	0.9995150899006424	Gm12802
ENSMUSG00000028619.16	56.57858766943864	-0.2605860141450076	0.4279832961191796	-0.6088695902571926	0.5426108822419249	0.9995150899006424	Tceanc2
ENSMUSG00000028582.15	3.9730223401740736	0.1029975451951048	1.3107106701558806	0.0785814501554759	0.9373655425373004	0.9995150899006424	Cc2d1b
ENSMUSG00000102912.2	3.4997907713674903	-0.4476493597324186	1.4915088306483082	-0.3001318869415212	0.7640765574675078	0.9995150899006424	ENSMUSG00000102912.2
ENSMUSG00000091985.2	2.1793300085358256	-0.1184927407962024	1.8211024552883064	-0.0650664878585556	0.9481210626839274	0.9995150899006424	Gm17354
ENSMUSG00000028559.18	7.866480865066159	0.7435965372233065	0.9237500161692188	0.8049759396021374	0.4208335642866861	0.9995150899006424	Osbpl9
ENSMUSG00000100081.2	2.272900240270076	-0.6313318200037081	1.906699198271616	-0.3311124379639943	0.7405595569289671	0.9995150899006424	Gm29434
ENSMUSG00000028702.16	24.66105740774332	-0.469345602510714	0.6166241373291693	-0.7611534711301216	0.446565405769205	0.9995150899006424	Rad54l
ENSMUSG00000028700.15	16.116729492230732	-0.728687085286573	0.689143530885392	-1.0573807235052712	0.2903378654326785	0.9995150899006424	Pomgnt1
ENSMUSG00000028701.5	2.342631699193699	-1.1216796114113552	1.9733743626204845	-0.5684069037574065	0.5697587037110955	0.9995150899006424	Lurap1
ENSMUSG00000087299.2	2.0980933886964586	0.0329069176518095	1.730894088379653	0.0190115142646392	0.9848319200155244	0.9995150899006424	Gm12953
ENSMUSG00000085408.3	11.4745566397311	-0.3230761659561856	0.8007988259855722	-0.4034423571470201	0.6866228318560104	0.9995150899006424	ENSMUSG00000085408.3
ENSMUSG00000034035.19	1.16628680302742	-3.333123492000205	2.9530302013710448	-1.1287129709857655	0.2590189357146167	0.9995150899006424	Ccdc17
ENSMUSG00000033985.18	7.41254612740074	0.1079392876568564	0.9425530288919298	0.1145179998877626	0.9088271784172494	0.9995150899006424	Tesk2
ENSMUSG00000086890.2	9.885305871652616	0.0712604626842675	0.8717926432793655	0.0817401514380893	0.9348533489417826	0.9995150899006424	1700021J08Rik
ENSMUSG00000091237.2	14.272459879196106	-0.8592843295777234	0.7267471374569686	-1.1823704357261435	0.237058748615255	0.9995150899006424	ENSMUSG00000091237.2
ENSMUSG00000078588.11	78.40089024587333	-1.0597318969922895	0.4158140853271904	-2.548571427440755	0.0108165134173355	0.9995150899006424	Ccdc24
ENSMUSG00000085278.2	21.30382593953914	0.3800634461120038	0.6226615815309032	0.6103852516122209	0.5416066355775815	0.9995150899006424	Gm12841
ENSMUSG00000085505.2	33.367194861917746	-0.728721826410697	0.5764815853415892	-1.2640851762487766	0.2061994566365651	0.9995150899006424	Gm12868
ENSMUSG00000085626.2	4.791342114038767	0.3356142180676945	1.157357659568291	0.2899831485047438	0.7718291295186915	0.9995150899006424	ENSMUSG00000085626.2
ENSMUSG00000032998.17	3.100845539873808	-0.3815960457876006	1.5347675414113482	-0.2486344254040522	0.8036435769051969	0.9995150899006424	Foxj3
ENSMUSG00000083558.2	2151.8121056009827	-0.0465121643537646	0.3266195389805479	-0.1424047210982521	0.8867603334951144	0.9995150899006424	ENSMUSG00000083558.2
ENSMUSG00000083365.2	237.19760122705145	0.0011718791058674	0.3411059280069883	0.0034355284081825	0.9972588503171448	0.9995150899006424	ENSMUSG00000083365.2
ENSMUSG00000028657.15	3.846404602326368	1.0947727738523505	1.303424430915605	0.8399204034278501	0.4009530168255841	0.9995150899006424	Ppt1
ENSMUSG00000028656.15	12.80583363033502	0.3032916352372473	0.7528394842901092	0.4028636137798171	0.6870485602693548	0.9995150899006424	Cap1
ENSMUSG00000002384.3	3.9130129843572106	1.993930438227897	1.433153886489588	1.3912884422425096	0.1641379771723961	0.9995150899006424	Bmp8b
ENSMUSG00000120655.1	5.654075971861087	0.8861637887187789	1.160818622552092	0.7633955654247888	0.4452275238300004	0.9995150899006424	ENSMUSG00000120655.1
ENSMUSG00000028649.23	8.25004263277342	-1.0314357480872025	1.2118680223124398	-0.8511122738588783	0.3947069879600787	0.9995150899006424	Macf1
ENSMUSG00000028647.14	2.9800558301121907	-0.7087340934538792	1.6519277947294648	-0.4290345472212047	0.6678980834916439	0.9995150899006424	Mycbp
ENSMUSG00000085875.4	20.2599759175344	0.1488738428547741	0.6189148924648905	0.24054008825328	0.8099115893982074	0.9995150899006424	Gm12905
ENSMUSG00000086589.2	6.416358782284693	-0.7566081794001792	1.2196512682173444	-0.6203479626648083	0.5350287241957108	0.9995150899006424	ENSMUSG00000086589.2
ENSMUSG00000028890.14	11.807729161091066	0.1721145160010331	0.7969188935925632	0.2159749472435387	0.8290072759140461	0.9995150899006424	Mtf1
ENSMUSG00000078570.11	5.814715356026202	0.9001894037391505	1.1027373860959622	0.8163225579266018	0.4143156758735669	0.9995150899006424	1110065P20Rik
ENSMUSG00000028889.18	1.5565065395029645	-0.983980049017768	2.060486007521256	-0.4775475520949964	0.6329722681034137	0.9995150899006424	Yrdc
ENSMUSG00000085263.2	2.0229458723615226	-2.173556394015562	2.111024496230635	-1.029621587952476	0.3031876772271978	0.9995150899006424	1700125G02Rik
ENSMUSG00000028873.17	1.5026715575491825	0.6905042971602872	2.093816485209896	0.329782625190797	0.741564216708578	0.9995150899006424	Cdca8
ENSMUSG00000043962.17	2.724907498062693	-1.4196852077160418	1.7843494746624078	-0.7956318130923545	0.4262460700455623	0.9995150899006424	Thrap3
ENSMUSG00000028849.18	13.271618187758648	0.0544428670701463	0.7719534483552034	0.0705261012644576	0.94377492646534	0.9995150899006424	Map7d1
ENSMUSG00000028847.9	3.432359895743845	-1.3301344889549045	1.523382616339907	-0.8731453770627224	0.382583843245871	0.9995150899006424	Trappc3
ENSMUSG00000028833.14	1.1095911527268325	-0.632626212558452	2.5480447387514755	-0.2482790835409093	0.8039184813555034	0.9995150899006424	Ncdn
ENSMUSG00000028830.15	6.507429448094939	0.2425757863237638	1.0486414288293875	0.2313238631002347	0.8170632093018462	0.9995150899006424	AU040320
ENSMUSG00000028820.15	2.830135160771801	1.367435929214579	1.5433900670235092	0.8859950303112518	0.3756202052044131	0.9995150899006424	Sfpq
ENSMUSG00000041000.9	2.068851113330877	1.2731540499249066	1.8517580286137325	0.6875380207629062	0.4917437500053334	0.9995150899006424	Trim62
ENSMUSG00000028786.16	4.683055421128804	-0.3288247503224479	1.2840180611198022	-0.2560904400641197	0.7978810036340869	0.9995150899006424	Tmem54
ENSMUSG00000050390.13	2.416711451101128	1.1525520632561814	1.9076662987322968	0.6041685928100149	0.5457315595684253	0.9995150899006424	C77080
ENSMUSG00000001333.10	2.342419025952783	-0.6456975581250208	1.709170601356726	-0.3777841472422186	0.7055909511928746	0.9995150899006424	Sync
ENSMUSG00000028797.21	7.742343359949067	-0.7680169317913607	0.9840696720119492	-0.7804497523240762	0.4351261928670132	0.9995150899006424	Tmem234
ENSMUSG00000078552.11	3.60167597533748	-1.859369092210762	1.5431521887789073	-1.2049162135343736	0.2282356487938297	0.9995150899006424	Dcdc2b
ENSMUSG00000028788.15	2.127433489277049	-0.8310443862127092	1.81793478809591	-0.4571365219778527	0.6475729208578143	0.9995150899006424	Ptp4a2
ENSMUSG00000028782.15	1.0958750770926908	-3.110010077571334	3.044573323259065	-1.02149291456125	0.3070209643350431	0.9995150899006424	Adgrb2
ENSMUSG00000025743.15	4.480787989250925	0.0184789565310664	1.2769719818730998	0.0144709177596527	0.9884542811002776	0.9995150899006424	Sdc3
ENSMUSG00000087451.2	2.717557064047455	-1.184456467345406	1.960932495978411	-0.6040271502331442	0.5458255915867913	0.9995150899006424	Gm12970
ENSMUSG00000097224.2	64.44512255381251	-0.9491165064917088	0.4390319462512158	-2.161839279797239	0.030630566634324	0.9995150899006424	Gm26716
ENSMUSG00000028911.17	3.147417557282468	0.3474607036127233	1.5798970069446978	0.2199261737223391	0.8259286516304872	0.9995150899006424	Srsf4
ENSMUSG00000085667.2	75.44302368203833	-0.0755866092363293	0.4039461815200491	-0.1871204944973041	0.8515661596726511	0.9995150899006424	ENSMUSG00000085667.2
ENSMUSG00000099937.2	120.02655632661232	0.7520798209957168	0.552903977403081	1.3602358668645127	0.1737552958946614	0.9995150899006424	Gm28872
ENSMUSG00000091021.2	40.31364485189008	0.1182494862513072	0.5063556126279589	0.2335305135408662	0.8153494780970152	0.9995150899006424	Gm17300
ENSMUSG00000087352.3	33.76577586687493	-0.0773937862873378	0.528540664236333	-0.1464291993486651	0.8835825779867085	0.9995150899006424	Gm12999
ENSMUSG00000028862.7	3.628218321180647	0.654309077021871	1.336163481209215	0.4896923813766619	0.6243515937865209	0.9995150899006424	Map3k6
ENSMUSG00000007880.17	1.1633090875432437	-0.7586196533115417	2.697904556589623	-0.281188469569324	0.7785658479885058	0.9995150899006424	Arid1a
ENSMUSG00000085009.2	1.5334458589184523	1.0576549355351117	2.1087885999813425	0.501546212619164	0.6159867629293024	0.9995150899006424	Gm12977
ENSMUSG00000012126.17	10.915626687420472	1.4211060133115554	0.8335010128175641	1.70498414693901	0.0881973811173736	0.9995150899006424	Ubxn11
ENSMUSG00000086322.8	12.775649173498204	-0.0926261790494827	0.7551131844305656	-0.1226652917195885	0.9023721494444112	0.9995150899006424	E130218I03Rik
ENSMUSG00000028836.15	3.1498486782916166	-0.1325991849486922	1.5119799484805951	-0.0876990366717115	0.9301158852996366	0.9995150899006424	Slc30a2
ENSMUSG00000028838.12	5.221048579732795	0.7089754262597727	1.1539368902706186	0.61439705432548	0.5389529818357958	0.9995150899006424	Extl1
ENSMUSG00000037242.9	2.43770344354894	0.0149993117449354	1.7135304462898864	0.0087534550538111	0.9930158425501504	0.9995150899006424	Clic4
ENSMUSG00000103955.2	9.900601130162936	0.7782190526993823	0.9058936647834877	0.8590622530574601	0.390306171259407	0.9995150899006424	ENSMUSG00000103955.2
ENSMUSG00000085714.2	9.968881038757765	-0.5344641927478075	0.8992948125309972	-0.5943147734207412	0.5523015993814224	0.9995150899006424	Gm13008
ENSMUSG00000028760.18	2.465625233069204	-0.4409367236068117	1.869829884013352	-0.235816491851332	0.8135750703696574	0.9995150899006424	Eif4g3
ENSMUSG00000028759.14	3.2383417956551903	0.4315502077927843	1.39979320433248	0.3082956871465723	0.7578573474912083	0.9995150899006424	Hp1bp3
ENSMUSG00000028756.13	2.0034502559634326	-1.0973231451243417	2.0914264511619023	-0.5246768991157773	0.5998078189046052	0.9995150899006424	Pink1
ENSMUSG00000046109.7	7.381405192303196	1.4474912950750174	1.0320467364079708	1.402544326735626	0.1607527634755674	0.9995150899006424	AB041806
ENSMUSG00000046447.4	2.168422864199069	-0.5034505895384241	2.218405982320784	-0.2269424954451933	0.8204684574285871	0.9995150899006424	Camk2n1
ENSMUSG00000028927.7	3.102102799842266	-1.030348561217192	1.5400331448962996	-0.6690431076966021	0.5034679799076012	0.9995150899006424	Padi2
ENSMUSG00000087698.2	6.695694565024739	-0.8938001713921057	1.0272930390859425	-0.8700537601105376	0.384271025592835	0.9995150899006424	Gm13031
ENSMUSG00000060572.18	6.361898405196132	0.2952430419215657	1.4699739379379575	0.2008491676632887	0.8408165159720881	0.9995150899006424	Mfap2
ENSMUSG00000097620.9	39.1809111954213	-0.3444815011630378	0.4836731932323289	-0.7122195440704703	0.4763288363120884	0.9995150899006424	4921514A10Rik
ENSMUSG00000028919.12	1.9894055930335497	-1.693609545547818	2.115543086861541	-0.800555448889641	0.423389050971421	0.9995150899006424	Arhgef19
ENSMUSG00000073731.13	5.113521466806255	-0.6021899621795358	1.191466172763352	-0.5054192690866619	0.6132643877530997	0.9995150899006424	AI507597
ENSMUSG00000028917.15	2.764428072857884	-1.3498710028398464	1.6231187425119031	-0.831652649608873	0.4056050347886212	0.9995150899006424	Plekhm2
ENSMUSG00000040659.4	3.0765098408395866	0.5640491014881686	1.6130235020079948	0.3496843665241108	0.7265755875593878	0.9995150899006424	Efhd2
ENSMUSG00000073728.11	3.283453481702299	-0.5903297823445186	1.668895245509155	-0.3537248871270034	0.7235450696722466	0.9995150899006424	Tmem51os1
ENSMUSG00000041556.9	3.383285260051001	-0.98953080343095	1.5186612658715029	-0.6515809849559148	0.5146715177014485	0.9995150899006424	Fbxo2
ENSMUSG00000028979.18	7.5775072468089375	-0.1713578578920725	0.9676316353806336	-0.1770899706319194	0.859437719695929	0.9995150899006424	Masp2
ENSMUSG00000028977.18	6.369621560775088	-0.354811303219742	1.0555473060108185	-0.3361396511546831	0.7367655589619755	0.9995150899006424	Casz1
ENSMUSG00000086740.2	31.902662081527662	0.0161842585809747	0.6052146261662102	0.0267413540275711	0.9786660291705468	0.9995150899006424	Gm17029
ENSMUSG00000063077.16	25.249336853450675	-1.4480252836695373	0.7109875621336177	-2.036639402416728	0.0416861911773308	0.9995150899006424	Kif1b
ENSMUSG00000085286.2	7.140132936363892	1.215529410603262	1.020970680319345	1.1905625049125423	0.2338253785451786	0.9995150899006424	Ube4bos3
ENSMUSG00000085819.8	20.65404547704865	0.2798571374682218	0.6515591195602112	0.4295191780250417	0.6675454403205816	0.9995150899006424	Ube4bos1
ENSMUSG00000086949.2	24.477877105000942	-0.5944746017223012	0.6322603296497753	-0.94023707299744	0.3470959693900629	0.9995150899006424	Gm13066
ENSMUSG00000039953.14	5.288371586528385	-1.689863788024315	1.2848209376760695	-1.3152523736738524	0.1884250986189877	0.9995150899006424	Clstn1
ENSMUSG00000085403.2	40.50220622023578	-0.7187487250423098	0.4853307623455128	-1.4809461522050067	0.138620923196378	0.9995150899006424	Gm13068
ENSMUSG00000086767.2	8.700776543637753	0.4921584412750037	0.8873434851746788	0.5546425363996665	0.5791391882104726	0.9995150899006424	Gm13070
ENSMUSG00000028955.4	1.4726892363900186	-0.3102652538946995	2.121007021119365	-0.1462820494252567	0.8836987359034184	0.9995150899006424	Vamp3
ENSMUSG00000108391.2	12.086579063854002	0.7361766353032945	0.7832867628290774	0.9398558359959636	0.3472915135451598	0.9995150899006424	ENSMUSG00000108391.2
ENSMUSG00000028950.4	3.0732890057854214	0.1421521869872703	1.6286324115657862	0.0872831622272601	0.9304464375337212	0.9995150899006424	Tas1r1
ENSMUSG00000028943.19	3.4187374444688863	-0.9545587613551456	1.545441691350437	-0.6176608064203534	0.5367989528544345	0.9995150899006424	Espn
ENSMUSG00000085179.2	9.505392666275556	0.5692934502961331	0.9420102287708884	0.6043389263818643	0.5456183312785146	0.9995150899006424	ENSMUSG00000085179.2
ENSMUSG00000029028.15	13.455883356548012	-0.99437941431455	0.7882861164048618	-1.261444789678167	0.2071486397486358	0.9995150899006424	Lrrc47
ENSMUSG00000078350.12	19.5416297329612	-0.2931608660639762	0.7286030054850537	-0.4023602206647635	0.6874189411436924	0.9995150899006424	Smim1
ENSMUSG00000029029.15	2.345638794978029	1.0790127089857635	1.9427362025356871	0.5554087619191019	0.5786151008268683	0.9995150899006424	Wrap73
ENSMUSG00000039410.17	1.1459372285252838	-0.4856836861398942	2.7662226665284964	-0.1755764971550207	0.8606266680438738	0.9995150899006424	Prdm16
ENSMUSG00000097871.2	4.924933426877648	-1.097775711732906	1.1806275993588562	-0.9298238600631196	0.3524622903663856	0.9995150899006424	B230104I21Rik
ENSMUSG00000120023.1	1.695364150121626	-2.015208873286229	2.2093060103087687	-0.9121456529259098	0.3616920486100807	0.9995150899006424	ENSMUSG00000120023.1
ENSMUSG00000085069.3	1.23590027909823	-0.2452368278703168	2.504261645408394	-0.0979277977283095	0.9219896266737396	0.9995150899006424	Gm13111
ENSMUSG00000098424.2	7.982266176910755	-2.0170353461812645	1.0263455801323833	-1.965259445966628	0.0493842167682321	0.9995150899006424	Gm27202
ENSMUSG00000092483.2	55.678792181443015	-2.013497179475665	0.4616252160392548	-4.361757351020541	1.2902191682818402e-05	0.0153208038029448	ENSMUSG00000092483.2
ENSMUSG00000084803.9	2.6158533809389866	-1.928259334482438	1.716917132661599	-1.1230940025004073	0.2613975730421732	0.9995150899006424	ENSMUSG00000084803.9
ENSMUSG00000029064.16	4.519721215343871	-1.457945781615665	1.3182305607466525	-1.1059869381194418	0.2687321729940158	0.9995150899006424	Gnb1
ENSMUSG00000029063.17	0.9880748877434332	-2.517067795012317	3.324493281319311	-0.7571282544488792	0.4489730281097013	0.9995150899006424	Nadk
ENSMUSG00000120844.1	1.9876440711587655	1.17607086058586	2.020173834586433	0.5821631982609174	0.5604567595440986	0.9995150899006424	ENSMUSG00000120844.1
ENSMUSG00000086682.3	12.394613926732234	0.0716295148462685	0.7610824678083072	0.094115313222942	0.9250175561825352	0.9995150899006424	ENSMUSG00000086682.3
ENSMUSG00000096221.4	11.489352525014525	0.8666099827689877	0.8219556077002061	1.0543269912029951	0.2917332353531604	0.9995150899006424	1500002C15Rik
ENSMUSG00000042116.4	4.124191403305453	-0.673929381943484	1.3743762004626872	-0.4903529191764263	0.6238841860912381	0.9995150899006424	Vwa1
ENSMUSG00000029068.17	2.28842330517461	-3.038104118708938	2.170210144994164	-1.399912412038378	0.1615395487227218	0.9995150899006424	Ccnl2
ENSMUSG00000073679.3	1.6244871444285451	-0.9602257124227676	2.1328807902069755	-0.4502013037163633	0.6525652963162019	0.9995150899006424	Mxra8os
ENSMUSG00000029071.17	1.6551442837600696	0.7589024324680796	1.9061398470666624	0.3981357577913007	0.690530117544633	0.9995150899006424	Dvl1
ENSMUSG00000029034.10	3.443036277999868	-0.7976968221510254	1.5406579768944677	-0.5177637308956512	0.6046231264673725	0.9995150899006424	Cpsf3l
ENSMUSG00000051557.16	6.344778446780917	-0.5259741693805916	1.0746380019721595	-0.4894431133231206	0.6245280193751737	0.9995150899006424	Pusl1
ENSMUSG00000029033.17	1.827210451584056	0.1270729617418052	2.0487698200515863	0.0620240304684913	0.9505436952935884	0.9995150899006424	Acap3
ENSMUSG00000041954.19	2.5975662249197367	0.5813867813579228	1.6321817120459374	0.3562022396569774	0.7216891147993163	0.9995150899006424	Tnfrsf18
ENSMUSG00000096351.3	13.516331039919558	0.4712411211351777	0.7405167552339879	0.6363679387460657	0.5245366328561815	0.9995150899006424	Samd11
ENSMUSG00000005907.15	17.56533072933345	-0.8310467274743706	0.6688912189194064	-1.2424243344335215	0.2140800418573111	0.9995150899006424	Pex1
ENSMUSG00000104950.2	2.0732175622081246	-0.2390034176397045	1.871302266371781	-0.1277203698914457	0.8983702692732438	0.9995150899006424	4833413G10Rik
ENSMUSG00000040407.19	1.878529862985106	-0.5179676185661176	1.8851427530383584	-0.2747630744309888	0.7834982688976782	0.9995150899006424	Akap9
ENSMUSG00000040537.18	2.0857987589495504	-1.0845690446658065	1.8494555632201737	-0.5864261170878918	0.5575891977445981	0.9995150899006424	Adam22
ENSMUSG00000042508.17	4.81390700148223	-0.6886019889254644	1.1952815814242144	-0.5761002257769037	0.5645474388601672	0.9995150899006424	Dmtf1
ENSMUSG00000056004.17	54.246268084698265	-1.139120914237137	0.4768290224646456	-2.3889504635209087	0.0168965804051578	0.9995150899006424	9330182L06Rik
ENSMUSG00000003974.7	2.5148726241395454	-0.511938248211743	1.9291585976634087	-0.2653686684090157	0.7907254701479373	0.9995150899006424	Grm3
ENSMUSG00000061601.16	1.9649267987558137	-1.6876717669477834	2.3525047476214325	-0.7173935647331434	0.4731312892458696	0.9995150899006424	Pclo
ENSMUSG00000097976.2	51.13688521558812	0.389706428974227	0.4757036910251669	0.819220948516058	0.4126603650085916	0.9995150899006424	Gm26918
ENSMUSG00000098233.2	44.17201454889715	-0.7079208389953355	0.5473617195475871	-1.2933327518417912	0.1958959976876835	0.9995150899006424	Gm26954
ENSMUSG00000040003.19	1.8148768396891728	-0.5899322727807027	2.0814476037990914	-0.2834240322475324	0.7768518082577771	0.9995150899006424	Magi2
ENSMUSG00000039968.10	11.97043296548343	-0.0568210036695381	0.8090262090118049	-0.0702338231278599	0.9440075538220324	0.9995150899006424	Rsbn1l
ENSMUSG00000101013.2	7.433447515415902	-1.0710337098608254	1.0048659965782163	-1.0658473005434794	0.286492674839824	0.9995150899006424	A630072M18Rik
ENSMUSG00000073152.5	32.81089375803225	-0.746868252342669	0.6956411873810555	-1.0736400688902172	0.2829840316550045	0.9995150899006424	Gm10475
ENSMUSG00000105076.2	10.312769645849526	0.0784600016691296	0.8302525900577982	0.0945013633304866	0.92471089951248	0.9995150899006424	A930003O13Rik
ENSMUSG00000073147.5	7.124972106964704	2.1936533209153355	1.0169285441137907	2.15713614649986	0.0309950579247796	0.9995150899006424	5031425E22Rik
ENSMUSG00000120367.1	9.299251117105351	-0.8692753922400089	0.8924186037561121	-0.974066865685346	0.3300233400832387	0.9995150899006424	ENSMUSG00000120367.1
ENSMUSG00000029004.16	9.616473110298587	-1.239263776482106	0.962300130373135	-1.287814204079529	0.1978106466188213	0.9995150899006424	Kmt2e
ENSMUSG00000062604.12	5.1795392504075695	-1.0386976931404526	1.244367632100022	-0.8347193115169058	0.4038757658643279	0.9995150899006424	Srpk2
ENSMUSG00000086697.3	2.815992672626909	0.8947333432054476	1.536420561478482	0.5823492379875824	0.5603314662013792	0.9995150899006424	ENSMUSG00000086697.3
ENSMUSG00000086769.8	2.0069901252924254	-0.6317651038663417	1.868164030520295	-0.3381743217111354	0.7352318254071488	0.9995150899006424	Gm15587
ENSMUSG00000028962.15	2.301852928714608	-0.5686624811011942	1.8078226842594527	-0.3145565580366296	0.7530983675232823	0.9995150899006424	Slc4a2
ENSMUSG00000028959.15	14.586154427603232	-0.4935172794635143	0.7318932112022227	-0.6743023051858247	0.5001191387963395	0.9995150899006424	Fastk
ENSMUSG00000038181.17	16.28645033082256	-0.3878651092002746	0.7151799520847865	-0.5423321893596539	0.5875896844861795	0.9995150899006424	Chpf2
ENSMUSG00000028949.14	28.25042966003366	0.0690954274209541	0.5608686671090849	0.1231935949945223	0.9019537973893484	0.9995150899006424	Smarcd3
ENSMUSG00000097275.2	30.19545725438581	0.5577931555530669	0.5651462151978125	0.9869891022057504	0.3236479810778836	0.9995150899006424	Gm26648
ENSMUSG00000087314.2	3.8141615008302696	1.0918363895753866	1.426102253936177	0.7656087679279765	0.4439091258550418	0.9995150899006424	Prkag2os2
ENSMUSG00000054116.2	5.623800175056895	0.6851509017377105	1.1091946536204187	0.6177012298980827	0.5367723011134745	0.9995150899006424	E130116L18Rik
ENSMUSG00000106457.2	4.829558290084095	-0.4178502925280521	1.2124521012276177	-0.3446324123690951	0.7303707354055591	0.9995150899006424	ENSMUSG00000106457.2
ENSMUSG00000029130.13	3.626095811647807	-0.378372174735863	1.5364120816525608	-0.2462699813769278	0.8054732458441929	0.9995150899006424	Rnf32
ENSMUSG00000086815.6	13.416941137593469	-0.9163210746777346	0.7660155925266454	-1.196217261916716	0.2316117863045895	0.9995150899006424	3110082J24Rik
ENSMUSG00000044576.7	6.538458555093109	-0.9108402447459524	1.0959682146343588	-0.83108271990336	0.4059269008688453	0.9995150899006424	Gareml
ENSMUSG00000025745.13	1.9632042590290049	-0.4437892406102609	1.9144475713371691	-0.2318106002246334	0.816685123507763	0.9995150899006424	Hadha
ENSMUSG00000053214.9	3.905719803148134	0.7496650397422809	1.5553667081389468	0.4819860395747332	0.6298158635288855	0.9995150899006424	ENSMUSG00000053214.9
ENSMUSG00000107086.2	11.668523562113911	1.5992873801840672	0.814627404287965	1.9632133313535456	0.049621390949616	0.9995150899006424	ENSMUSG00000107086.2
ENSMUSG00000029165.18	44.12205033528005	-0.565356191483131	0.4677092384406689	-1.2087770456876468	0.2267485125580498	0.9995150899006424	Agbl5
ENSMUSG00000006638.17	11.87255208602074	1.1171466848290392	0.8104576849158934	1.378414574408006	0.1680753261276415	0.9995150899006424	ENSMUSG00000006638.17
ENSMUSG00000045302.14	8.987149518215064	0.1312317161459252	0.9135875685762112	0.1436443759304261	0.8857812970853647	0.9995150899006424	Preb
ENSMUSG00000006641.13	17.98646969874103	-0.3562847118174072	0.6877654495664477	-0.5180322914476169	0.6044357394896622	0.9995150899006424	Slc5a6
ENSMUSG00000029145.13	16.868976606852808	0.1980304489755716	0.6930854987444379	0.285722972612058	0.7750903082705787	0.9995150899006424	Eif2b4
ENSMUSG00000029146.15	3.19117415814611	-1.2307588675524377	1.6122449839194155	-0.7633820417046212	0.4452355867244727	0.9995150899006424	Snx17
ENSMUSG00000055424.5	6.423389869893255	0.9652144224487992	1.0289446991188345	0.9380624860358262	0.3482122990490796	0.9995150899006424	Gm9970
ENSMUSG00000029148.16	2.8312765066854326	1.4437851060120814	1.5465397183618754	0.933558374783524	0.3505317454868492	0.9995150899006424	Nrbp1
ENSMUSG00000029149.15	1.7180835067356677	1.2711428100813338	2.011284506603367	0.6320054700903673	0.5273833028497936	0.9995150899006424	Krtcap3
ENSMUSG00000107142.3	3.165285209441477	0.5416110853159145	1.4621639142279352	0.3704174887956394	0.7110714449339663	0.9995150899006424	4930566F21Rik
ENSMUSG00000053134.14	2.2956258665379305	0.1033438954082446	1.7373508231520465	0.0594836080491501	0.9525669212389096	0.9995150899006424	Supt7l
ENSMUSG00000107355.3	1.4048877713961243	-0.6209951743514567	2.3244270901505817	-0.2671605304304155	0.7893455640950864	0.9995150899006424	AI839979
ENSMUSG00000107352.2	3.7071471368020497	-1.0786360230122276	1.338213896184508	-0.8060266195767476	0.4202275004607128	0.9995150899006424	Gm43660
ENSMUSG00000106894.2	6.939156642329195	-0.5221899480487958	1.0455588182504083	-0.4994362238966194	0.6174721054231519	0.9995150899006424	Gm17130
ENSMUSG00000107277.2	6.025157503004468	0.7035240334833561	1.1012136561273564	0.6388624310721341	0.5229124299706477	0.9995150899006424	ENSMUSG00000107277.2
ENSMUSG00000106834.2	4.411120691919605	0.647270214382226	1.3218247263731535	0.4896793057867949	0.6243608478213827	0.9995150899006424	ENSMUSG00000106834.2
ENSMUSG00000106896.2	185.46954034988013	-0.8561030705918741	0.3422878472102812	-2.5011202634545637	0.0123801129741316	0.9995150899006424	ENSMUSG00000106896.2
ENSMUSG00000054252.19	15.718210247031314	-2.306965558076949	0.7646772828187968	-3.0169139451519755	0.0025536229465867	0.5539859662948179	Fgfr3
ENSMUSG00000048142.10	13.0272507275682	-0.6522847844022372	0.7732353969030951	-0.8435785363871336	0.3989049623696356	0.9995150899006424	Nat8l
ENSMUSG00000106702.2	44.03102345903667	-0.5282903425268375	0.4823753825940369	-1.0951851226028302	0.2734355421463337	0.9995150899006424	Gm42846
ENSMUSG00000106888.2	1.853439164144392	1.2947708936669498	2.075280708485948	0.6239015706995943	0.53269222871871	0.9995150899006424	Gm42848
ENSMUSG00000085166.2	3.827435604583872	-0.0621239092339181	1.3280885732738728	-0.0467769322649741	0.9626910142895152	0.9995150899006424	Gm15522
ENSMUSG00000107040.2	12.428074154739551	-0.4750752272949671	0.7643802106858844	-0.6215169108952708	0.5342595713244529	0.9995150899006424	Gm43791
ENSMUSG00000055061.6	6.188883719193474	-0.2496810367977636	1.0958566084168222	-0.2278409737917047	0.8197698718273289	0.9995150899006424	4931431C16Rik
ENSMUSG00000029198.4	2.5794197207700456	-2.117311228985578	2.0812002893444084	-1.0173510160584038	0.3089864755308046	0.9995150899006424	Grpel1
ENSMUSG00000107168.2	11.13332960346174	-0.7040613192312916	0.8349455905053091	-0.8432421552225859	0.3990930265097722	0.9995150899006424	ENSMUSG00000107168.2
ENSMUSG00000107081.2	6.097778074859608	1.1848514207120808	1.1147647825225406	1.0628712346213027	0.287840349507808	0.9995150899006424	Gm43701
ENSMUSG00000063646.19	2.0994789872626227	0.6274262697733501	1.834628809842337	0.3419908519954342	0.7323577767000209	0.9995150899006424	Jakmip1
ENSMUSG00000029125.15	8.99911474266478	1.3354289759956652	0.8997553567800619	1.4842134208289024	0.1377523104451695	0.9995150899006424	Stx18
ENSMUSG00000107276.2	3.698196231868268	0.249259999525695	1.3539576199116188	0.1840973423835568	0.8539370913191643	0.9995150899006424	ENSMUSG00000107276.2
ENSMUSG00000029126.8	1.823919102817048	-0.6495053527435356	1.95253288483566	-0.33264758703319	0.7394003177862838	0.9995150899006424	Nsg1
ENSMUSG00000085720.9	7.919612584262869	0.2616919132914114	0.9932332741601836	0.2634747748585868	0.7921846636314404	0.9995150899006424	Gm7854
ENSMUSG00000104784.2	4.325823099852392	-0.1089464490492106	1.2311614370812762	-0.0884907907020632	0.9294866035806386	0.9995150899006424	Gm42984
ENSMUSG00000105255.2	55.96932245658424	-0.2297051527701556	0.4421696567591155	-0.5194955132239978	0.603415240932244	0.9995150899006424	Gm42413
ENSMUSG00000097825.6	1.4141121943822172	-1.2793047070321522	2.215277452012848	-0.5774918648992472	0.5636072325682792	0.9995150899006424	9630001P10Rik
ENSMUSG00000015880.14	1.203738492318809	-1.9487003679057968	2.732745568392913	-0.7130924995157153	0.4757885204776393	0.9995150899006424	Ncapg
ENSMUSG00000029089.9	1.8744951362305065	-0.0454170711885839	2.0607561581038145	-0.0220390321339008	0.9824168199507656	0.9995150899006424	Pacrgl
ENSMUSG00000106464.2	3.569776084791469	-0.2804651266310971	1.4464513228873015	-0.1938987660305449	0.8462551499282229	0.9995150899006424	C130083M11Rik
ENSMUSG00000097216.4	137.30950633639813	-0.277250615133435	0.3446144884749197	-0.804523966361364	0.4210944338114463	0.9995150899006424	ENSMUSG00000097216.4
ENSMUSG00000029108.15	4.148226026591186	0.1594824232485326	1.3291409235283589	0.1199891000460418	0.9044917824766237	0.9995150899006424	Pcdh7
ENSMUSG00000104868.2	4.587670043490731	-0.3295463989446299	1.313765202244345	-0.2508411688646158	0.8019369107426826	0.9995150899006424	ENSMUSG00000104868.2
ENSMUSG00000090061.10	3.3151204110561125	-0.0805745578198143	1.3931119052184808	-0.0578378215834555	0.9538778113227036	0.9995150899006424	Nwd2
ENSMUSG00000087552.3	5.7696025368965485	1.309688507793263	1.1753583862395087	1.114288648574275	0.2651553752075345	0.9995150899006424	Gm15819
ENSMUSG00000097640.9	13.78440191090767	0.358186321240649	0.7336244536694272	0.4882420691527936	0.6253783894709101	0.9995150899006424	ENSMUSG00000097640.9
ENSMUSG00000029202.13	2.471344682918829	-2.0445059383598774	1.98665829621492	-1.0291180633605546	0.3034241989563927	0.9995150899006424	Pds5a
ENSMUSG00000106767.2	5.882222833062504	0.6201837155820161	1.0920410801430576	0.567912441078473	0.5700944237548891	0.9995150899006424	ENSMUSG00000106767.2
ENSMUSG00000106696.2	2.837913140380334	-0.1352742867507526	1.6511834024853536	-0.0819256580142087	0.9347058308733712	0.9995150899006424	ENSMUSG00000106696.2
ENSMUSG00000037795.15	3.940918460746244	-0.5195972886145602	1.391308989876056	-0.3734593051546718	0.70880662772529	0.9995150899006424	N4bp2
ENSMUSG00000087601.4	35.40675337009874	0.9320273930935326	0.5103125971358573	1.8263852358820072	0.0677922542007477	0.9995150899006424	Uchl1os
ENSMUSG00000107319.2	24.91241096548328	-0.0215240502635051	0.59111396127264	-0.0364126914159918	0.9709532946044824	0.9995150899006424	Gm42670
ENSMUSG00000050010.9	23.27219383100913	-0.1631128929635338	0.6323577582999195	-0.2579440053081018	0.7964501223590662	0.9995150899006424	Shisa3
ENSMUSG00000087261.3	15.94052208794241	-0.9718232585519296	0.8077349181463195	-1.2031462757388012	0.2289197205154041	0.9995150899006424	Gm15477
ENSMUSG00000029208.17	7.831176241168343	0.2420387388877392	0.9545671030174336	0.2535586425748832	0.799836551015451	0.9995150899006424	Guf1
ENSMUSG00000029212.12	4.512295230396165	-1.165065395415272	1.299306908613866	-0.896682213949123	0.3698885140226494	0.9995150899006424	Gabrb1
ENSMUSG00000052154.6	10.443233814066891	0.1445504862429748	0.8492167699846873	0.1702162408375206	0.864840079758888	0.9995150899006424	ENSMUSG00000052154.6
ENSMUSG00000063656.7	8.178954758352313	-0.2283177310227582	0.9964347368356814	-0.2291346563727929	0.8187642580227745	0.9995150899006424	Gm10135
ENSMUSG00000107292.2	12.064538169738176	-0.8505065412243478	0.7842230905056762	-1.0845211668989894	0.2781337871128567	0.9995150899006424	ENSMUSG00000107292.2
ENSMUSG00000087250.3	1.800583656197305	-1.9382249830383924	2.181979904366717	-0.8882872748550493	0.3743862429017932	0.9995150899006424	Usp46os1
ENSMUSG00000086234.4	11.12816268738239	-0.4707612096377847	0.8551865119007662	-0.5504778233597898	0.5819916834799451	0.9995150899006424	ENSMUSG00000086234.4
ENSMUSG00000029227.16	1.69342568742662	-0.0482861107593675	1.8680428699311036	-0.0258485024817168	0.9793781753706442	0.9995150899006424	Fip1l1
ENSMUSG00000029228.16	2.473257539137285	0.4118607226086115	1.872280676777776	0.2199780875362289	0.8258882203362193	0.9995150899006424	Lnx1
ENSMUSG00000103529.2	2.696317045123506	-0.7059321304534013	1.8661180810821287	-0.3782891005718371	0.7052158413857337	0.9995150899006424	ENSMUSG00000103529.2
ENSMUSG00000036377.21	3.434293024500479	-0.0485406510213688	1.3790455087470694	-0.0351987303634892	0.971921274628492	0.9995150899006424	C530008M17Rik
ENSMUSG00000029246.15	4.104440160327766	-0.8579707097156164	1.388930808379769	-0.6177202669414943	0.5367597499659542	0.9995150899006424	Ppat
ENSMUSG00000087541.2	102.93938220386175	-0.0747446833690325	0.4185156062352275	-0.1785947339966627	0.8582559296726011	0.9995150899006424	Hopxos
ENSMUSG00000029250.6	1.4518470035737394	-0.9400690206880828	2.3372521452716257	-0.4022112131076178	0.6875285906279514	0.9995150899006424	Polr2b
ENSMUSG00000037605.18	1.4808681369331282	0.9106768471126826	2.143923039895689	0.4247712395296573	0.6710034455088321	0.9995150899006424	Adgrl3
ENSMUSG00000087431.2	63.57106516974935	-0.7101793488195204	0.4314318581604937	-1.646098533027971	0.099743474427319	0.9995150899006424	Gm16054
ENSMUSG00000029245.17	1.7706969611416856	0.6628002919243189	2.086316150478904	0.3176892877774906	0.7507206377058118	0.9995150899006424	Epha5
ENSMUSG00000060961.17	3.944055979339371	0.0740665117873026	1.6161452246186503	0.0458291189795641	0.9634464495986224	0.9995150899006424	Slc4a4
ENSMUSG00000055204.17	2.475835087583957	0.9560295604509512	1.7453696816216342	0.547751900653332	0.58386226965424	0.9995150899006424	Ankrd17
ENSMUSG00000121865.1	12.707044239602396	0.4309293145911417	0.7547357920739441	0.5709671107646662	0.568021937408838	0.9995150899006424	ENSMUSG00000121865.1
ENSMUSG00000106698.2	2.7473341147020616	0.032776550940477	1.5524370020919978	0.0211129668362122	0.9831555411615476	0.9995150899006424	Gm43599
ENSMUSG00000034842.17	1.3449721547031883	1.1294828479847303	2.6488972777714337	0.426397375792158	0.6698183132661532	0.9995150899006424	Art3
ENSMUSG00000107374.2	2.3044693444088806	-0.0994316701441849	1.9389602317135888	-0.0512809228976865	0.9591016694232744	0.9995150899006424	ENSMUSG00000107374.2
ENSMUSG00000034663.14	5.177008105071947	0.0229796627493067	1.2062832604460163	0.0190499723429886	0.9848012404646702	0.9995150899006424	Bmp2k
ENSMUSG00000055725.12	24.058793063545988	0.3935976626875094	0.6035107263211884	0.6521800616316417	0.5142850206935079	0.9995150899006424	Paqr3
ENSMUSG00000045238.11	5.687489045673897	0.1878714364799645	1.1078460594884991	0.1695826192374653	0.8653383923902428	0.9995150899006424	A730035I17Rik
ENSMUSG00000000568.16	3.019566917959935	0.95871979163543	1.6957092933827909	0.5653798061829739	0.5718154568938102	0.9995150899006424	Hnrnpd
ENSMUSG00000091623.3	80.3394750616651	0.4088792313527022	0.3965680530314013	1.0310443017968625	0.3025200452104775	0.9995150899006424	Gm17092
ENSMUSG00000086259.8	1.854514264254632	-0.4442388637662715	1.878242407926884	-0.2365183864933609	0.8130304415986308	0.9995150899006424	Tmem150cos
ENSMUSG00000092354.8	48.0689733698203	-0.3530864416069263	0.4839744629832703	-0.7295559344814678	0.4656616657818535	0.9995150899006424	Gm20548
ENSMUSG00000106451.2	12.32194946568734	-1.6390002959843295	0.8836334910162438	-1.8548417558272472	0.0636188273060556	0.9995150899006424	ENSMUSG00000106451.2
ENSMUSG00000104580.2	1.3157849485810371	-0.6842118039687479	2.198108774905191	-0.3112729505382459	0.7555931289035067	0.9995150899006424	Gm42620
ENSMUSG00000106035.2	26.866826013160782	-0.5294098311307934	0.585802481685231	-0.9037343604414108	0.3661362747102963	0.9995150899006424	ENSMUSG00000106035.2
ENSMUSG00000029310.14	1.7094772579663655	-1.420157570918589	2.2071889447891686	-0.6434236517319285	0.5199492404963749	0.9995150899006424	Nudt9
ENSMUSG00000029309.8	23.84734089595297	-1.5686043899377882	0.6879860294249891	-2.2799945389135443	0.0226080123716253	0.9995150899006424	Sparcl1
ENSMUSG00000097877.3	13.528239194061578	-1.3909966688376154	0.7802607518396336	-1.7827330998746762	0.0746297605281979	0.9995150899006424	Gm26703
ENSMUSG00000034462.10	6.329861640233513	1.4359823105323073	1.1540016105035804	1.2443503522544277	0.2133706468289548	0.9995150899006424	Pkd2
ENSMUSG00000090558.2	3.9925829545282654	2.174862875166037	1.470984187249571	1.4785086706013957	0.1392716780428879	0.9995150899006424	Gm17202
ENSMUSG00000029276.14	2.428449442895591	-0.316016830423087	1.6910957546076422	-0.1868710447424707	0.8517617422043565	0.9995150899006424	Glmn
ENSMUSG00000033773.15	2.229820641277156	1.3940866580691254	2.3469218396381293	0.5940064277062074	0.5525078138709584	0.9995150899006424	Rpap2
ENSMUSG00000104748.2	10.18585666041318	0.5448985089088774	0.9212799496486888	0.591458122057973	0.5542135067070055	0.9995150899006424	ENSMUSG00000104748.2
ENSMUSG00000058558.13	2.750401186635969	1.1107993067813746	1.5633499259481816	0.7105250643790882	0.4773785936572591	0.9995150899006424	Rpl5
ENSMUSG00000029270.11	6.898843333562456	-0.0513782858627537	0.9869143741895428	-0.0520595172250336	0.9584812697741216	0.9995150899006424	Fam69a
ENSMUSG00000063406.12	2.0977860250674394	-1.1758817973665443	1.9186678424107717	-0.6128636605954006	0.5399664931817887	0.9995150899006424	Tmed5
ENSMUSG00000105867.3	5.848688202618365	0.9434399582008378	1.1062589084318502	0.8528202132520566	0.3937590128340108	0.9995150899006424	Gm42517
ENSMUSG00000072769.8	2.5203509561635435	-0.8070437890085623	1.7412899246373068	-0.4634746790811768	0.6430241604695031	0.9995150899006424	Gm10419
ENSMUSG00000120483.1	4.366911235704862	0.8093997047220289	1.374406337720795	0.5889085945749293	0.555922592004876	0.9995150899006424	ENSMUSG00000120483.1
ENSMUSG00000013495.16	6.6767558832978375	-0.2284239138208848	1.0218895012935991	-0.2235309331700985	0.8231223109157251	0.9995150899006424	Tmem175
ENSMUSG00000004815.13	5.221932297322467	-0.4341292969006458	1.2378558973512652	-0.3507106908240171	0.7258054042798705	0.9995150899006424	Dgkq
ENSMUSG00000033540.19	10.465470114214613	-0.1237213823499127	0.829078826502366	-0.149227526255683	0.8813741003606669	0.9995150899006424	Idua
ENSMUSG00000064247.15	12.298448057711497	0.3375540969106885	0.8005585805488866	0.4216482155237802	0.673281807687375	0.9995150899006424	Plcxd1
ENSMUSG00000033434.16	6.754315298719561	0.9110222849445336	1.025647816949169	0.8882408463115598	0.3744112114399396	0.9995150899006424	Gtpbp6
ENSMUSG00000014668.16	3.7611693004205726	0.410989982015038	1.4266668804360525	0.2880770470324658	0.7732877620173869	0.9995150899006424	Chfr
ENSMUSG00000086247.9	5.445477679656453	-0.0934987850799517	1.1843647227430587	-0.0789442502672682	0.9370769664241214	0.9995150899006424	ENSMUSG00000086247.9
ENSMUSG00000104970.2	5.494594647917997	0.5407616763517332	1.1009099926216963	0.4911951748788913	0.6232884113199761	0.9995150899006424	Gm43137
ENSMUSG00000087439.2	10.184325585538035	-0.3227494290624303	0.841143605771191	-0.3837031237567597	0.7011984971028873	0.9995150899006424	Gm15788
ENSMUSG00000105482.2	29.40802371068321	0.8293188492719633	0.5598569329850565	1.4813049556253317	0.13852532854569	0.9995150899006424	Gm42596
ENSMUSG00000086401.2	3.6318812105820784	1.845824164686304	1.5243707553287968	1.210876132485349	0.2259428812404309	0.9995150899006424	Gm15559
ENSMUSG00000104559.2	27.353091026409857	0.0875369115094773	0.6092670327117525	0.1436757723782692	0.885756503516505	0.9995150899006424	Gm43118
ENSMUSG00000097986.3	5.609080579054276	0.3390570198990562	1.2742956548613855	0.2660740610748907	0.7901821714120201	0.9995150899006424	Gm26953
ENSMUSG00000029345.14	8.2758720470937	0.1561649561319888	0.9665601108750054	0.1615677642548441	0.8716462441265216	0.9995150899006424	Tfip11
ENSMUSG00000029346.13	4.621283789540084	0.3588855399928473	1.291144737806338	0.2779591857397769	0.7810436896223463	0.9995150899006424	Srrd
ENSMUSG00000058153.16	48.83327055571224	0.4088147599076759	0.5064095135168029	0.8072809633228015	0.4195046291172684	0.9995150899006424	Sez6l
ENSMUSG00000097962.8	9.26909016469772	0.2462280500407132	0.9748471844560715	0.2525811778161921	0.8005918764224876	0.9995150899006424	1700034G24Rik
ENSMUSG00000090458.2	12.31274939770116	0.5621338472720687	0.7997231448815969	0.7029105645745635	0.4821114869348107	0.9995150899006424	Gm17122
ENSMUSG00000029592.12	14.111207966068688	1.1711971647503556	0.7736311085330497	1.513896160369205	0.1300521781273113	0.9995150899006424	Usp30
ENSMUSG00000066952.12	35.05809310244949	0.9228164806045022	0.5692118343184761	1.6212180158014475	0.104970890346755	0.9995150899006424	Myo1h
ENSMUSG00000107340.2	6.152494062979032	0.8475317100540498	1.0936215856469842	0.7749771229621916	0.4383531778107927	0.9995150899006424	Gm42789
ENSMUSG00000092183.2	4.05917702517224	0.6907273654660719	1.373976186667747	0.5027214970452051	0.6151600935249271	0.9995150899006424	4930515G01Rik
ENSMUSG00000029536.9	1.684601431478031	-2.0697290724244337	2.3894663164863004	-0.866188846498561	0.386386608806901	0.9995150899006424	Gatc
ENSMUSG00000029516.20	28.02347887278189	-1.1183413990708964	0.7244495643880231	-1.5437118800887295	0.1226581469883381	0.9995150899006424	Cit
ENSMUSG00000029363.15	36.32413247978559	-0.0379917874118854	0.4966379077003321	-0.0764979612365986	0.93902293592182	0.9995150899006424	Rfc5
ENSMUSG00000098072.2	5.384358739155946	-0.5085772042924714	1.3436071016974338	-0.3785163115392624	0.7050470787341421	0.9995150899006424	Gm26995
ENSMUSG00000029360.4	46.20652328260033	0.2870483585519349	0.4675965396736761	0.6138804165494013	0.5392943520121556	0.9995150899006424	Gm9754
ENSMUSG00000097368.3	4.967155505907393	0.0778537271101809	1.1468060020090272	0.0678874430145928	0.9458752347144724	0.9995150899006424	Gm10390
ENSMUSG00000029599.14	2.4221498652617086	-0.0358105019938614	1.8672784235594744	-0.0191779123788075	0.9846991777310964	0.9995150899006424	Ddx54
ENSMUSG00000107191.2	19.245459099243508	0.0283964474324717	0.6361402998580581	0.0446386550872627	0.9643953310504512	0.9995150899006424	Gm43579
ENSMUSG00000029603.16	6.721989326021364	0.7925138747321132	1.06256499836634	0.7458497842019813	0.4557581624165376	0.9995150899006424	Dtx1
ENSMUSG00000104985.2	2.438228616990142	1.988609196009525	1.6458899525909476	1.208227313666428	0.2269598383159764	0.9995150899006424	Gm42917
ENSMUSG00000042719.18	1.8154399446625331	-0.2781083253040863	2.3435737331773008	-0.1186684768509676	0.9055380118611924	0.9995150899006424	Naa25
ENSMUSG00000029616.10	10.492478790431951	0.8535853638625949	0.863246535253203	0.988808328795928	0.3227569284896678	0.9995150899006424	Erp29
ENSMUSG00000029452.19	19.259799131105364	-0.0782775436369021	0.6662900520809703	-0.1174826839938915	0.9064775651858346	0.9995150899006424	Tmem116
ENSMUSG00000042605.17	3.0576691816947985	0.7854596148744385	1.4295333803124834	0.5494517481660651	0.5826954694536004	0.9995150899006424	Atxn2
ENSMUSG00000064267.14	4.615054037795439	-0.8126316677352927	1.2874370961430774	-0.6312010661878443	0.5279090649325939	0.9995150899006424	Hvcn1
ENSMUSG00000038593.19	2.684767368076329	2.551123303469394	1.6423480871476892	1.5533389805933282	0.1203421722964935	0.9995150899006424	Tctn1
ENSMUSG00000038569.14	14.902359754692943	-0.410903401502093	0.7203766090108683	-0.5704008103015651	0.5684058801146441	0.9995150899006424	Rad9b
ENSMUSG00000029462.19	7.4990388041753695	0.0934456687146305	0.96010191273211	0.0973289058957473	0.9224652013829444	0.9995150899006424	Vps29
ENSMUSG00000029463.6	3.938395784175899	-1.353802238247802	1.3423685662724956	-1.0085175355432046	0.3132060737497529	0.9995150899006424	Fam216a
ENSMUSG00000029464.11	23.823867100483465	0.0226748528855746	0.5952594192838941	0.0380923882109296	0.969614020234941	0.9995150899006424	Gpn3
ENSMUSG00000120495.1	33.965988825329326	0.3894229930610309	0.5024889085350986	0.7749882364494616	0.4383466107326234	0.9995150899006424	ENSMUSG00000120495.1
ENSMUSG00000029467.16	5.425630810575221	-0.9459777258907052	1.1280483648054536	-0.8385967795395468	0.4016956184713384	0.9995150899006424	Atp2a2
ENSMUSG00000106375.2	46.62946872308242	-0.6851303710961959	0.4703586902774637	-1.4566125496523492	0.1452233615240378	0.9995150899006424	ENSMUSG00000106375.2
ENSMUSG00000029474.8	1.3193531475943656	0.4046311449225045	2.357740984122208	0.1716181495963389	0.8637377378428548	0.9995150899006424	Rnf34
ENSMUSG00000105881.3	2.878039152717588	0.3955109538722525	1.7127970828781314	0.230915242573655	0.8173806488607035	0.9995150899006424	4932422M17Rik
ENSMUSG00000086700.3	2.9176439796892595	0.1027654145290573	1.4802516302553417	0.0694242873499355	0.9446518970465156	0.9995150899006424	Gm15747
ENSMUSG00000086753.2	8.980420377830422	0.5185170934128588	0.9459364772987566	0.5481521284532246	0.5835874495211197	0.9995150899006424	ENSMUSG00000086753.2
ENSMUSG00000029431.6	1.6521360548931954	1.30559945783159	2.420752207095431	0.5393362666384303	0.5896548488597038	0.9995150899006424	B3gnt4
ENSMUSG00000000915.16	7.753733345158325	-0.2296172450540046	0.9831183985636028	-0.2335601138067294	0.8153264958905699	0.9995150899006424	Hip1r
ENSMUSG00000102725.3	7.801813144841788	-0.337523604752969	0.9323662132767556	-0.3620075459049065	0.7173463915338776	0.9995150899006424	ENSMUSG00000102725.3
ENSMUSG00000106261.2	8.729801321322997	-1.6145642654026748	0.9487401582750024	-1.70179817025799	0.0887932096348011	0.9995150899006424	Gm34086
ENSMUSG00000029406.16	4.318750961297868	-2.1713290046583444	1.4754283168883204	-1.471660113747633	0.1411126835895719	0.9995150899006424	Pitpnm2
ENSMUSG00000103864.2	9.57906844502386	0.0985749294162523	0.9221102869692724	0.1069014529056405	0.9148671605458916	0.9995150899006424	ENSMUSG00000103864.2
ENSMUSG00000029392.13	3.522913429845943	0.1751133207574575	1.393944352201571	0.1256243267393613	0.9000293055529605	0.9995150899006424	Rilpl1
ENSMUSG00000106662.2	5.103256543048071	-0.6542310979148025	1.2272866605593171	-0.533071138911138	0.5939843366952432	0.9995150899006424	ENSMUSG00000106662.2
ENSMUSG00000106082.5	24.532188216543812	-0.8367064664725492	0.5904527099648768	-1.4170592366699797	0.1564656091868114	0.9995150899006424	4930404A12Rik
ENSMUSG00000038011.16	3.956110541876469	1.9930785674979623	1.491731481995778	1.33608400141253	0.1815218185832319	0.9995150899006424	Dnah10
ENSMUSG00000029478.17	3.8494538975523063	-0.6621381676541789	1.395053679263201	-0.4746327524858312	0.63504875719284	0.9995150899006424	Ncor2
ENSMUSG00000105604.2	3.5276240253887194	1.2765174224636957	1.5006613138953009	0.8506365897780162	0.3949712573326555	0.9995150899006424	Gm42838
ENSMUSG00000106663.2	37.924502689778784	-0.0913461935472962	0.5348306267514382	-0.1707946197885732	0.8643852597019633	0.9995150899006424	Gm42839
ENSMUSG00000072612.4	107.72085178391308	0.4885427097200785	0.360212717683197	1.3562616913202556	0.1750159196554633	0.9995150899006424	Gm10382
ENSMUSG00000105362.2	5.637666125087315	-1.139139852730813	1.1785765392467331	-0.9665387141159916	0.333774684524118	0.9995150899006424	ENSMUSG00000105362.2
ENSMUSG00000105271.2	2.918956111534044	-1.057582364484568	1.811761267137584	-0.5837316337794607	0.5594008807796497	0.9995150899006424	Gm42875
ENSMUSG00000029446.15	14.57405116496379	-0.027322999958048	0.7434391123894645	-0.0367521690784199	0.9706826118047084	0.9995150899006424	Psph
ENSMUSG00000029447.14	1.5275473840375169	0.1748730209671472	2.0948495172562454	0.0834776052058332	0.9334717836874756	0.9995150899006424	ENSMUSG00000029447.14
ENSMUSG00000025538.16	6.423744684435527	0.4360791748172866	1.0801246536020506	0.4037304151544262	0.686410971039456	0.9995150899006424	Sumf2
ENSMUSG00000107143.2	14.053412860793577	0.1305194579341303	0.7156785223368509	0.1823716289654117	0.8552910892276353	0.9995150899006424	Gm42469
ENSMUSG00000061979.9	2.169098732987246	1.3279910402390356	1.828953877894811	0.7260932362972429	0.4677816151512916	0.9995150899006424	Wbscr16
ENSMUSG00000104195.2	6.96221701078186	1.265028331503082	1.0020201124196366	1.262477984047989	0.2067768434891477	0.9995150899006424	ENSMUSG00000104195.2
ENSMUSG00000106969.2	3.0404091507762137	0.5780577145366367	1.631693500569907	0.3542685647364144	0.7231376237421412	0.9995150899006424	Gm42882
ENSMUSG00000107090.2	33.7589377943113	0.1146919942454064	0.5176290325046289	0.2215717957133342	0.8246472405137214	0.9995150899006424	Gm42884
ENSMUSG00000085957.5	2.7246196649941683	1.322932318662744	1.6615628321759135	0.7961975876231457	0.4259171995046399	0.9995150899006424	Syna
ENSMUSG00000107335.2	12.766167761184851	0.2813615701185689	0.7585088348421916	0.3709403993654291	0.7106819239832876	0.9995150899006424	ENSMUSG00000107335.2
ENSMUSG00000121867.1	5.250035425885883	-1.424982060409271	1.2119634657757554	-1.1757632145265748	0.2396895098314339	0.9995150899006424	ENSMUSG00000121867.1
ENSMUSG00000005378.18	17.63633959942037	-0.4912987872017393	0.7034901111899873	-0.6983734090742	0.4849437013590865	0.9995150899006424	Wbscr22
ENSMUSG00000000916.16	7.496758378377564	-0.5762439326359946	1.0171672538039882	-0.5665183680274463	0.571041450115479	0.9995150899006424	Nsun5
ENSMUSG00000039917.11	1.4424942419899394	-2.5244635796979265	2.4516296959793067	-1.02970835434	0.3031469326409871	0.9995150899006424	Rhbdd2
ENSMUSG00000029703.11	4.106074279455915	-0.0463041697097992	1.2788802422736776	-0.0362068066885423	0.971117458597124	0.9995150899006424	Lrwd1
ENSMUSG00000086220.2	8.49865647491284	0.4583153530160692	0.9855512796727836	0.465034506543623	0.6419067458756498	0.9995150899006424	Gm16599
ENSMUSG00000059518.15	14.823439292936444	-0.4209678976538977	0.735246738074527	-0.5725532339746702	0.5669472320538307	0.9995150899006424	Znhit1
ENSMUSG00000004846.11	7.765322331218326	1.2808803528867905	0.955674976190925	1.3402886805638152	0.1801515101105446	0.9995150899006424	Plod3
ENSMUSG00000037428.15	2.515739121551217	0.8261492779289035	1.7835923362547308	0.4631940052308644	0.6432253128250347	0.9995150899006424	Vgf
ENSMUSG00000037364.14	1.3866588194472111	-0.6801890482472194	2.2072245058764723	-0.3081648678855717	0.7579568837888698	0.9995150899006424	Srrt
ENSMUSG00000029730.17	4.29183876443279	-0.7479095486324586	1.2509979780422886	-0.5978503257078617	0.5499398074361597	0.9995150899006424	Mcm7
ENSMUSG00000019518.12	16.148217605704097	0.029561023585302	0.6864883848632849	0.0430612144897239	0.9656527369566802	0.9995150899006424	Ap4m1
ENSMUSG00000036980.14	9.655981817216498	0.1855099538818415	0.8917705856920417	0.2080243022793581	0.8352099919371204	0.9995150899006424	Taf6
ENSMUSG00000085227.3	4.203996336413067	-1.2916038788279829	1.291767943130659	-0.999872992433704	0.3173719759917971	0.9995150899006424	6330418K02Rik
ENSMUSG00002075951.1	1.3177202764491365	-2.2338680595866327	2.497466778947284	-0.8944535632735177	0.3710792647945734	0.9995150899006424	ENSMUSG00002075951.1
ENSMUSG00000104686.2	5.575428080657699	-0.4857266234840873	1.2757284403180105	-0.3807445284852367	0.7033928241049952	0.9995150899006424	ENSMUSG00000104686.2
ENSMUSG00000025854.16	2.9311747606382768	1.508072075094933	1.5783237417907547	0.9554896978131276	0.3393301127476128	0.9995150899006424	Fam20c
ENSMUSG00000025856.16	6.394835149374764	0.642443093806641	1.0401711783621357	0.6176320851518291	0.5368178895763076	0.9995150899006424	Pdgfa
ENSMUSG00000075585.4	5.53220425333872	0.1646698687318196	1.102596172945686	0.1493473973267012	0.8812795169563461	0.9995150899006424	6330403L08Rik
ENSMUSG00000086873.2	2.7075471278721714	0.3709089648900044	1.62710536806789	0.2279563279484728	0.8196801919178486	0.9995150899006424	ENSMUSG00000086873.2
ENSMUSG00000087606.2	2.751452043017324	-0.6479181129197079	1.6937980798531296	-0.3825238206527482	0.7020728635684802	0.9995150899006424	Gm16121
ENSMUSG00000029570.6	1.1459372285252838	-0.4856836861398942	2.7662226665284964	-0.1755764971550207	0.8606266680438738	0.9995150899006424	Lfng
ENSMUSG00000036565.8	2.701791945601853	0.3001733736431354	1.806016325915757	0.1662074530200771	0.8679936943672426	0.9995150899006424	Ttyh3
ENSMUSG00000050022.17	86.20308582566894	-0.6824587181861846	0.3801998456231465	-1.794999987618713	0.0726537019090764	0.9995150899006424	Amz1
ENSMUSG00000039533.9	1.5201299503218155	-3.7058843488309097	2.7621151745516177	-1.3416834978405623	0.1796986399026627	0.9995150899006424	Mmd2
ENSMUSG00000029578.16	2.4663033009688458	-1.62325443417471	1.9243876638257476	-0.8435173768198169	0.3989391515207953	0.9995150899006424	Wipi2
ENSMUSG00000039477.17	2.2996755473054407	-1.0363448439267149	1.7396922984479566	-0.5957058296178446	0.5513717630737224	0.9995150899006424	Tnrc18
ENSMUSG00000029580.15	3.8841954318898657	-1.0406291385426285	1.4639487524264396	-0.7108371360799514	0.477185165182606	0.9995150899006424	Actb
ENSMUSG00000046658.17	1.5690518889233218	-1.63168828053051	2.111562353006703	-0.7727398048213497	0.4396763843571586	0.9995150899006424	Zfp316
ENSMUSG00000105609.2	6.643105156980503	-0.02993087384696	1.0769831408312014	-0.027791404258993	0.9778285217238916	0.9995150899006424	ENSMUSG00000105609.2
ENSMUSG00000093720.2	6.1485827861427085	1.3106817232277534	1.188152667386536	1.103125683428151	0.269972588777232	0.9995150899006424	Gm20635
ENSMUSG00000045345.8	8.278180920154197	2.231742969540023	1.1920585354506248	1.8721756551127533	0.0611823059812045	0.9995150899006424	ENSMUSG00000045345.8
ENSMUSG00000039206.14	50.68347113299146	-0.2332235147589178	0.4404023526590075	-0.5295691845213575	0.596410664525075	0.9995150899006424	Daglb
ENSMUSG00000001847.15	6.124289465690482	-0.9721678692404424	1.1714585955609258	-0.829878130498451	0.4066076908121823	0.9995150899006424	Rac1
ENSMUSG00000029613.16	6.239588403472118	-0.2995805987197996	1.0549731616547393	-0.2839698767785746	0.7764334656015475	0.9995150899006424	Eif2ak1
ENSMUSG00000029607.15	12.423367432507652	0.3869989859075885	0.76701429952304	0.5045525046250635	0.6138731760117784	0.9995150899006424	Ankrd61
ENSMUSG00000029610.14	5.195731914446466	-0.3736194030265145	1.1563551451489822	-0.323100912893312	0.7466188189223657	0.9995150899006424	Aimp2
ENSMUSG00000038770.18	19.80774626975268	0.3282157549990732	0.6195263074983131	0.5297850164336515	0.5962609950068694	0.9995150899006424	Kpna7
ENSMUSG00000029622.17	7.843447563037439	1.612012227414875	0.981967010203396	1.6416154622964136	0.1006697211888037	0.9995150899006424	Arpc1b
ENSMUSG00000038722.18	3.8558470324917473	0.2918237900007415	1.2706827461768675	0.2296590481603361	0.8183567191710956	0.9995150899006424	Bud31
ENSMUSG00000029624.11	8.465770332023103	-0.0522515289969131	0.929001478814013	-0.0562448286558368	0.9551467695581938	0.9995150899006424	Ptcd1
ENSMUSG00000041453.13	1.6808772031793566	1.2924073009207175	2.189923892534292	0.5901608294821049	0.5550828302923889	0.9995150899006424	Rpl21
ENSMUSG00000016503.19	5.9416111921031485	0.0809017199870346	1.1081546180824622	0.073005805026582	0.9418014980969216	0.9995150899006424	Gtf3a
ENSMUSG00000016510.12	16.549795372421155	-0.2911719387309915	0.7185919707911288	-0.4051978738510365	0.685332067723396	0.9995150899006424	Mtif3
ENSMUSG00000029647.16	2.3914873919918134	0.910797799428284	1.7073016606279374	0.5334720983597572	0.5937068204065394	0.9995150899006424	Pan3
ENSMUSG00000107317.2	2.1782580432524923	-0.059247534924356	1.754516305775767	-0.0337685860936809	0.9730616863176488	0.9995150899006424	Gm19719
ENSMUSG00000106893.2	1.925140862541741	-1.1308320977066295	2.045012271483289	-0.5529708126819279	0.5802833964576801	0.9995150899006424	ENSMUSG00000106893.2
ENSMUSG00000032827.16	6.657007857613785	-1.1334340676321388	1.385239308068689	-0.8182225706635349	0.4132301093795596	0.9995150899006424	Ppp1r9a
ENSMUSG00000087305.10	2.7989671593859424	0.5065390683511822	1.596080616019899	0.3173643381587606	0.7509671636297213	0.9995150899006424	ENSMUSG00000087305.10
ENSMUSG00000107724.2	9.106566681030708	-0.739696325969498	0.9835186463432432	-0.7520918171909753	0.4519958445050788	0.9995150899006424	ENSMUSG00000107724.2
ENSMUSG00000097700.2	1.523115822439422	0.1180389527420001	2.2215396485020715	0.0531338492300107	0.9576252617495876	0.9995150899006424	Gm26738
ENSMUSG00000084947.2	4.295696353000065	-0.7068193668698298	1.4149822796319027	-0.4995252428558354	0.6174094081775083	0.9995150899006424	Gm15594
ENSMUSG00000068748.8	2.228621600792138	-1.8681881272363527	2.233253871519583	-0.8365319102593441	0.4028557327313168	0.9995150899006424	Ptprz1
ENSMUSG00000017978.20	3.775966745818767	0.3544517557762748	1.3631100863672374	0.26003164331423	0.7948393650968015	0.9995150899006424	Cadps2
ENSMUSG00000043340.4	6.160441892803277	-1.181426731886057	1.0864752812413467	-1.0873940275348224	0.2768627095338416	0.9995150899006424	6530409C15Rik
ENSMUSG00002075963.1	10.475287512930723	1.0905264532642371	0.8633280261019759	1.2631658191244963	0.2065295939327552	0.9995150899006424	ENSMUSG00002075963.1
ENSMUSG00000029771.13	10.01135352519348	0.1242600008166244	0.8592075332275012	0.1446216379759356	0.8850096122077585	0.9995150899006424	Irf5
ENSMUSG00000107012.2	3.623210784807371	-0.6703407137311825	1.4579780408185612	-0.4597742181047042	0.6456782907756812	0.9995150899006424	ENSMUSG00000107012.2
ENSMUSG00000039159.17	1.565945834841438	-2.696650300903883	2.3816135896706903	-1.13227868391394	0.2575172888727732	0.9995150899006424	Ube2h
ENSMUSG00000051855.16	8.617110248003629	-0.9193079697005412	0.9404605787870604	-0.977508244828507	0.3283175980059368	0.9995150899006424	Mest
ENSMUSG00000025607.16	52.9557239241611	-0.3495912382999335	0.4713818275852258	-0.7416307075111577	0.4583111131734273	0.9995150899006424	Copg2
ENSMUSG00000044471.14	5.473419444996151	1.1074714234489482	1.1617179316428206	0.9533049230658248	0.3404355978543962	0.9995150899006424	Lncpint
ENSMUSG00000086720.2	7.228459029700527	0.1771200119186566	1.0227388263813246	0.1731820552323668	0.8625083283633929	0.9995150899006424	Plxna4os3
ENSMUSG00000087356.2	6.216454256166227	-1.05357698493037	1.061626106354432	-0.9924181203006562	0.3209936032404288	0.9995150899006424	Gm13856
ENSMUSG00000046806.14	1.6448142472810388	1.247205499035046	2.04784999044184	0.6090316697298475	0.5425034473509567	0.9995150899006424	3110062M04Rik
ENSMUSG00000120276.1	8.891240132651983	-0.5753782163718238	0.9380357324684386	-0.6133862458072014	0.5396209783428478	0.9995150899006424	ENSMUSG00000120276.1
ENSMUSG00000038538.18	3.625947003280448	1.177531615287151	1.6125029179940915	0.7302508430508562	0.4652368696170862	0.9995150899006424	Ubn2
ENSMUSG00000029823.17	0.8824572988413393	-0.8852029031286122	3.744747032075233	-0.2363852339147346	0.8131337531915719	0.9995150899006424	Luc7l2
ENSMUSG00000061436.16	2.1196179727349334	-3.0641183653572543	2.650854689330995	-1.1558982760124643	0.247722767904475	0.9995150899006424	Hipk2
ENSMUSG00000073144.6	9.995849682211308	0.2508570662191374	0.8323135894082557	0.3013972971383147	0.7631115551223054	0.9995150899006424	4930599N23Rik
ENSMUSG00000068601.3	19.807417485089832	0.5778721139480383	0.6280595326212072	0.9200913033455416	0.3575250486057653	0.9995150899006424	Gm10244
ENSMUSG00000086582.2	29.944214270085315	-0.4007146683282755	0.5454504618502174	-0.73464905863131	0.4625532520647435	0.9995150899006424	Gm16272
ENSMUSG00000057716.8	3.0330733402796923	1.4604872245427134	1.5741576535153723	0.9277896793127344	0.353516678651412	0.9995150899006424	Tmem178b
ENSMUSG00000097406.2	16.145317824895837	0.4934839318817661	0.7159762438246895	0.68924623706174	0.490668324450912	0.9995150899006424	Gm26833
ENSMUSG00000097484.2	12.817845322000164	0.0156216424855597	0.7847345475011307	0.0199069131533771	0.9841176303399212	0.9995150899006424	Gm26807
ENSMUSG00000029868.15	2.812486451507521	3.265185259724103	1.89668620692912	1.7215210654221436	0.085156312972821	0.9995150899006424	Trpv6
ENSMUSG00000029862.17	4.801603590702566	1.467300400415528	1.3383009878934369	1.0963904336087684	0.2729079486251275	0.9995150899006424	Clcn1
ENSMUSG00000029686.16	2.403240761202064	0.607382752350756	1.6324209664347402	0.3720748292502634	0.709837136457474	0.9995150899006424	Cul1
ENSMUSG00002075679.1	1.5265893310646474	0.1058405519328281	2.2446535101585523	0.0471522894085119	0.9623918527301852	0.9995150899006424	ENSMUSG00002075679.1
ENSMUSG00000073096.12	3.3170526040973063	-0.5050998647949803	1.4305062031317803	-0.3530916983716496	0.7240196963205738	0.9995150899006424	Lrrc61
ENSMUSG00000009281.7	11.827651189999903	-0.1218801155981638	0.7730019767918063	-0.1576711564231743	0.8747159299927731	0.9995150899006424	Rarres2
ENSMUSG00000107640.2	3.1330929092793576	-0.8575577803403425	1.5429188912853145	-0.5558022428683609	0.5783460520852317	0.9995150899006424	Gm44119
ENSMUSG00000023367.15	30.915496781291026	-0.1376927042481796	0.5395535848406592	-0.2551974597459917	0.7985705929611293	0.9995150899006424	Tmem176a
ENSMUSG00000029814.11	8.371995650599361	0.271018046719652	0.923302922411148	0.2935310179804319	0.7691162941611325	0.9995150899006424	Igf2bp3
ENSMUSG00000029821.16	18.940463179611296	-0.7591979686141784	0.6559330963632674	-1.1574320198560637	0.2470958983133818	0.9995150899006424	Dfna5
ENSMUSG00000108170.2	18.92385923539921	0.1969679442894487	0.6661760250087013	0.2956695181080346	0.7674824779328331	0.9995150899006424	ENSMUSG00000108170.2
ENSMUSG00000043496.8	3.762592633151794	0.1784605838113552	1.3538589390951443	0.1318162318525074	0.8951296474231677	0.9995150899006424	Tril
ENSMUSG00000108175.2	85.91880693050149	-0.3579062510494178	0.3881528822344512	-0.9220754693075706	0.3564892114190745	0.9995150899006424	Gm43938
ENSMUSG00000108255.2	138.12328687087322	-0.54185537915224	0.3565514096299901	-1.5197117849416115	0.1285834283872687	0.9995150899006424	Gm16499
ENSMUSG00000073067.11	14.251765826718517	1.5044807177058404	0.7947344229341412	1.8930609701682888	0.0583497617917709	0.9995150899006424	ENSMUSG00000073067.11
ENSMUSG00000019124.11	9.424502162548064	1.5783320042972526	0.9056809703640332	1.7427019623288005	0.0813856887137262	0.9995150899006424	Scrn1
ENSMUSG00000101651.2	13.84817761199809	-0.5525978586087175	0.7769855795256917	-0.7112073546410592	0.4769557517255901	0.9995150899006424	Gm28402
ENSMUSG00000108080.2	4.919443275667646	-0.2240409178093413	1.188806672269243	-0.1884586645040297	0.8505171158268466	0.9995150899006424	ENSMUSG00000108080.2
ENSMUSG00000029780.15	1.5660414609449826	0.7818342438881435	2.054402135341405	0.38056533842057	0.7035258051518645	0.9995150899006424	Nt5c3
ENSMUSG00000108242.2	13.384081013054212	-0.7893050203120928	0.8365963718368246	-0.9434717229039624	0.3454396722931687	0.9995150899006424	ENSMUSG00000108242.2
ENSMUSG00000071424.11	2.417614011427689	-1.0292664551484074	2.181487089634896	-0.4718187240432718	0.6370561849059542	0.9995150899006424	Grid2
ENSMUSG00000085689.2	2.049846383167688	-1.1407890725887977	1.8897373994730395	-0.6036759778934951	0.5460590881567923	0.9995150899006424	Gm16838
ENSMUSG00000053442.5	12.72172158550304	0.5424049990379664	0.8359411790959519	0.6488554608884837	0.5164318055182135	0.9995150899006424	ENSMUSG00000053442.5
ENSMUSG00000087231.9	15.93792088257856	1.9419153611552176	0.7859248594926759	2.470866441874288	0.0134786147414966	0.9995150899006424	ENSMUSG00000087231.9
ENSMUSG00000018341.13	7.2020086628214335	0.3428906544961861	1.0263771813427762	0.3340786026123392	0.7383202460273035	0.9995150899006424	Il12rb2
ENSMUSG00000105776.2	7.83200625226225	-1.0602963343583145	1.0329818237373565	-1.0264423922989596	0.304683104564861	0.9995150899006424	ENSMUSG00000105776.2
ENSMUSG00000107406.2	12.106837280162043	0.0213492848821881	0.7637211067938939	0.027954294692486	0.9776986044379444	0.9995150899006424	Gm44195
ENSMUSG00000108466.2	19.03895103392339	0.0492022052827682	0.6372948850188446	0.0772047704122297	0.9384606467361816	0.9995150899006424	ENSMUSG00000108466.2
ENSMUSG00000097133.2	2.650108099583992	1.572959496597661	1.650048421920741	0.9532808102483776	0.3404478116798732	0.9995150899006424	Gm26628
ENSMUSG00000108435.2	2.205281870849841	-0.4973891055802105	1.806216239038838	-0.2753762782272911	0.7830271670501631	0.9995150899006424	RP23-60P18.10
ENSMUSG00000058706.6	1.915488893962352	-0.8141966976762807	2.22286464288286	-0.3662826255674926	0.714154192914314	0.9995150899006424	0610030E20Rik
ENSMUSG00000055912.9	2.4649746586257284	-0.0684931023583503	1.8232309728751197	-0.0375668817485812	0.9700330138088152	0.9995150899006424	Tmem150a
ENSMUSG00000053907.11	7.31980874486856	-0.1551854028608549	0.9731453931391204	-0.1594678492596735	0.8733002867242352	0.9995150899006424	Mat2a
ENSMUSG00000108591.2	44.29162490364941	1.0137565764464926	0.4766296330008184	2.1269272958627647	0.0334261244965481	0.9995150899006424	ENSMUSG00000108591.2
ENSMUSG00000056666.14	4.394884023926207	-1.743116567044119	1.3645859298290843	-1.277395969678836	0.2014624869428114	0.9995150899006424	Retsat
ENSMUSG00000108368.2	15.787546248456474	-0.7987762206694159	0.7016041891111018	-1.138499788151816	0.2549118472854766	0.9995150899006424	ENSMUSG00000108368.2
ENSMUSG00000092386.2	43.83844190146584	0.2995345905094768	0.4714159092311917	0.6353934702754783	0.5251718257055487	0.9995150899006424	ENSMUSG00000092386.2
ENSMUSG00000072999.10	7.182330775294098	-1.6297525055305182	1.052409005061251	-1.548592322654694	0.1214797526605755	0.9995150899006424	Gm15401
ENSMUSG00000086739.2	7.976519659821453	0.8465206197931193	1.0043515043681168	0.8428529415363438	0.399310694860154	0.9995150899006424	Gm4409
ENSMUSG00000035125.11	2.665541495906947	2.628461151060548	1.7129412033268292	1.5344724885802388	0.1249134563878908	0.9995150899006424	Gcfc2
ENSMUSG00000000693.11	5.241273147831233	-1.2609267454382362	1.1673096604230269	-1.0801990150422325	0.2800535669106513	0.9995150899006424	Loxl3
ENSMUSG00000068329.13	24.147037434176173	-0.3463989926297909	0.5785071717732101	-0.59878080952398	0.5493190610837759	0.9995150899006424	Htra2
ENSMUSG00000107499.2	1.2618848539064085	0.1235970779652854	2.3826965842381145	0.0518727725480861	0.958630069417505	0.9995150899006424	Ccdc142
ENSMUSG00000087578.2	1.7866800867665749	-0.2999538239057749	1.9902651456054417	-0.1507104842629038	0.8802041024615658	0.9995150899006424	Ccdc142os
ENSMUSG00000108109.2	3.2548586459532864	-0.8542760674275375	1.526363009612687	-0.5596807981112627	0.5756971820747667	0.9995150899006424	Gm44287
ENSMUSG00000030032.15	23.94266088182808	0.7088252123102746	0.6024259193486813	1.1766180530157602	0.2393479888879326	0.9995150899006424	Wdr54
ENSMUSG00000031865.17	2.056374208825376	0.8264707499736128	2.017292996857663	0.4096929654051277	0.6820311910363717	0.9995150899006424	Dctn1
ENSMUSG00000030016.16	4.573278099068412	-1.6484235350467007	1.3962881574099877	-1.180575460945258	0.2377714166965215	0.9995150899006424	Zfp638
ENSMUSG00000033720.13	3.849169644569629	-0.38131496764333	1.316631215396494	-0.2896141024033824	0.7721114770217562	0.9995150899006424	Sfxn5
ENSMUSG00000030007.9	1.920431202714406	-1.6851495793313391	2.007428363419355	-0.8394568942230836	0.4012129686635594	0.9995150899006424	Cct7
ENSMUSG00000090256.2	1.228614318807143	-1.7106659936366049	2.7205435159101024	-0.6287956739645593	0.52948283255759	0.9995150899006424	ENSMUSG00000090256.2
ENSMUSG00000057103.12	42.46470275499613	-1.072986394594468	0.4913345405281207	-2.183820403591303	0.0289754476920912	0.9995150899006424	Cml1
ENSMUSG00000054226.14	8.230678916967797	-0.8214063366451526	0.9775433202422554	-0.840276149032036	0.4007535711354499	0.9995150899006424	Tprkb
ENSMUSG00000107230.3	2.232976363610474	-0.3284493188918744	2.1553984429065998	-0.152384502258874	0.8788836797330482	0.9995150899006424	Gm19265
ENSMUSG00000107842.2	27.16976143724589	-0.1156557467160711	0.7100278985199714	-0.1628890173993889	0.8706058181841148	0.9995150899006424	Gm44089
ENSMUSG00000107745.2	7.613673985444231	1.6022506380562185	0.9866227541782248	1.6239749501730891	0.1043811548666059	0.9995150899006424	ENSMUSG00000107745.2
ENSMUSG00000097048.9	1.437698245775034	-1.4786951158903243	2.5226487419251358	-0.5861676623126977	0.5577628504488104	0.9995150899006424	1600020E01Rik
ENSMUSG00000057230.15	1.179207763624549	1.3812731802726856	2.719619937150178	0.5078919893932264	0.6115290928395068	0.9995150899006424	Aak1
ENSMUSG00000097763.2	23.136394311246534	0.3179287590440741	0.613377580301246	0.5183247142615334	0.6042317323662054	0.9995150899006424	Gm26636
ENSMUSG00000084950.8	90.36781684457844	0.062663036834325	0.3769823371949041	0.1662227395070966	0.867981664840914	0.9995150899006424	Gm5577
ENSMUSG00000107659.2	34.39119347636816	0.8097487503252978	0.505644103498592	1.60142033640377	0.1092838514617668	0.9995150899006424	Gm44170
ENSMUSG00000097730.4	46.81595535997344	-0.5311494445415568	0.4654674318232544	-1.1411097924961653	0.2538242367310258	0.9995150899006424	Gm26588
ENSMUSG00000085828.2	43.917475469888366	0.3075265306871445	0.4659506096383008	0.6599981292563718	0.5092550298512463	0.9995150899006424	Gm15612
ENSMUSG00000097816.2	48.17859837285905	-0.1538243918890706	0.4914084037566197	-0.3130275972351002	0.7542596954508218	0.9995150899006424	Gm26811
ENSMUSG00000048794.15	3.6124478687966737	1.6881763645306287	1.5090354721377828	1.1187121811915164	0.2632629468081875	0.9995150899006424	Cfap100
ENSMUSG00000089781.3	51.76291809278784	-0.2493334371841396	0.4457475961317343	-0.5593601386701651	0.575915959895123	0.9995150899006424	Gm15756
ENSMUSG00000034312.16	2.6957336676119668	-0.9412561583101038	1.6206348823685823	-0.5807947049334417	0.5613788242147549	0.9995150899006424	Iqsec1
ENSMUSG00000107999.2	163.51334450561697	-0.0310774065739763	0.3355611146276471	-0.0926132535006659	0.9262108142333556	0.9995150899006424	Gm44123
ENSMUSG00000085624.2	14.479679778203831	-0.3292045860282664	0.7803504492609302	-0.4218676190166303	0.6731216464177059	0.9995150899006424	Gm14573
ENSMUSG00000108158.2	28.812140525273445	0.1493636425380807	0.6130220721373173	0.2436513289273917	0.807500871276734	0.9995150899006424	ENSMUSG00000108158.2
ENSMUSG00000005893.15	5.205325154859197	-1.1163572426898138	1.1668861092416658	-0.9566976878448836	0.3387198655030503	0.9995150899006424	Nr2c2
ENSMUSG00000014551.9	52.29490423395932	-0.2717280294262019	0.4561456603033809	-0.5957045151881453	0.5513726413265255	0.9995150899006424	Mrps25
ENSMUSG00000045095.17	1.3313731262064177	-1.2280019725406304	2.626414543891345	-0.4675583202951655	0.6401004768283454	0.9995150899006424	Magi1
ENSMUSG00000045100.12	2.9334386758021176	-0.7661033813901159	1.670243795039601	-0.4586775796834808	0.6464657166148196	0.9995150899006424	Slc25a26
ENSMUSG00002075637.1	2.124721332578857	-0.4778495201061815	2.5008657520269586	-0.1910736390863376	0.8484679000870048	0.9995150899006424	ENSMUSG00002075637.1
ENSMUSG00000107502.2	3.406552261755888	-0.8595595836561055	1.5270331457125093	-0.5628951709853276	0.5735062686893603	0.9995150899006424	ENSMUSG00000107502.2
ENSMUSG00000121036.1	15.01331303741822	-0.4323034818421761	0.7129110502914644	-0.6063918937228348	0.5442545500918591	0.9995150899006424	ENSMUSG00000121036.1
ENSMUSG00000013736.17	10.350733330277794	0.0633019745660606	0.8331705808825494	0.0759772080514496	0.9394372311155408	0.9995150899006424	Trnt1
ENSMUSG00000005362.15	3.824158682104107	2.274082245237447	1.491714568363096	1.5244754549342958	0.1273899837528071	0.9995150899006424	Crbn
ENSMUSG00000108219.2	17.323171999211677	0.57188509871311	0.6621812617858386	0.863638299233644	0.3877866179741619	0.9995150899006424	ENSMUSG00000108219.2
ENSMUSG00000107458.2	18.419447160875144	0.6034717575399142	0.6825400374798715	0.8841558361442072	0.3766120951483815	0.9995150899006424	Gm44040
ENSMUSG00000087341.5	46.18261950539064	0.1581364718364175	0.4740124805574261	0.3336124644871233	0.738672011335596	0.9995150899006424	0610040F04Rik
ENSMUSG00000092448.2	2.057536893306106	-2.419657292295138	2.088722658458978	-1.158438762798847	0.2466850282297483	0.9995150899006424	Gm20387
ENSMUSG00000030257.17	2.4099068576638465	-0.7688614357681337	1.9168114645887129	-0.4011147940066745	0.6883356093010585	0.9995150899006424	Srgap3
ENSMUSG00000108103.2	40.2513035793912	-0.6770672899708386	0.5142192726062991	-1.3166898364955308	0.1879426117794649	0.9995150899006424	Gm44081
ENSMUSG00000086429.11	6.112261689607867	1.032376521243096	1.2761632191744328	0.808969029769526	0.4185329606728585	0.9995150899006424	Gt(ROSA)26Sor
ENSMUSG00000085012.3	3.614131656176257	0.1295922729015647	1.3571524982436318	0.0954883648442436	0.9239269315399454	0.9995150899006424	Gm15492
ENSMUSG00000107944.2	5.273002252446092	-0.6070621900800596	1.1885523058241465	-0.5107576562725362	0.6095207627066677	0.9995150899006424	ENSMUSG00000107944.2
ENSMUSG00000030281.17	2.416143324321244	-2.2155755586516848	2.0579438710560063	-1.0765966894494514	0.2816604838625995	0.9995150899006424	Il17rc
ENSMUSG00000121097.1	6.924497137376531	-0.4448317973056176	1.010424926483966	-0.4402423036548837	0.659761623466415	0.9995150899006424	ENSMUSG00000121097.1
ENSMUSG00000107846.2	21.744705617854866	-0.6298611810847297	0.609760652458229	-1.0329646207007064	0.301620455663566	0.9995150899006424	ENSMUSG00000107846.2
ENSMUSG00000064177.9	1.943252652452908	0.8324200381655413	2.0915739986808246	0.3979873715635002	0.6906394945483048	0.9995150899006424	Ghrl
ENSMUSG00000030298.11	1.7257413043799232	0.6500339822491961	2.1886206185487453	0.2970062407070933	0.7664617446165534	0.9995150899006424	Sec13
ENSMUSG00000030307.9	1.6775290955564042	-2.466170905201471	2.853483345834013	-0.8642667947587622	0.3874413466518207	0.9995150899006424	Slc6a11
ENSMUSG00000030310.12	1.7404988319147	0.1258721355789855	2.2329678399321806	0.0563698828653119	0.9550471487852394	0.9995150899006424	Slc6a1
ENSMUSG00000030314.17	8.258256544409427	-1.0503453042035962	0.9677239732182538	-1.085376960033942	0.277754732572849	0.9995150899006424	Atg7
ENSMUSG00000009394.14	10.208174914138644	-0.3724642538538782	0.8395754042435277	-0.4436340702351508	0.657307169101617	0.9995150899006424	Syn2
ENSMUSG00000030317.9	21.199119128072077	0.6631695891063726	0.627441978702789	1.0569416959914748	0.29053819739887	0.9995150899006424	Timp4
ENSMUSG00000068011.5	2.680730639577367	3.378937718760543	2.0867090780060145	1.6192663147798911	0.1053899750931867	0.9995150899006424	Mkrn2os
ENSMUSG00000000439.10	35.9586617207681	0.0848529779881128	0.4934105075427462	0.1719723773429402	0.8634592451297421	0.9995150899006424	Mkrn2
ENSMUSG00000000441.18	15.413831345861547	-0.2467181694133608	0.7326420464394037	-0.3367513107013122	0.7363043797636177	0.9995150899006424	Raf1
ENSMUSG00000107994.2	6.644539224642089	-0.4168815412054644	1.0323401495112332	-0.4038218811918136	0.6863437047786631	0.9995150899006424	ENSMUSG00000107994.2
ENSMUSG00000030319.9	13.219833314780878	0.1089963829622844	0.7810731753495456	0.1395469546288111	0.8890179544531298	0.9995150899006424	Cand2
ENSMUSG00000107577.2	24.835403083740754	-0.4033518116017425	0.5866687954331549	-0.6875290022949592	0.4917494310319092	0.9995150899006424	ENSMUSG00000107577.2
ENSMUSG00000099869.7	6.452322894650201	-0.8970544267971484	1.082966735032367	-0.8283305458780669	0.4074833284057968	0.9995150899006424	1700030F04Rik
ENSMUSG00000042079.14	1.7999003692596671	-0.1561376389999269	2.105986556908233	-0.074139902976945	0.940899064628607	0.9995150899006424	Hnrnpf
ENSMUSG00000042087.6	5.326633653507829	0.3773588205418615	1.1219062653897622	0.3363550344473413	0.7366031533951984	0.9995150899006424	ENSMUSG00000042087.6
ENSMUSG00000107608.2	21.47596294875655	-0.2234402682416224	0.6164117330315179	-0.3624854237325131	0.716989314160571	0.9995150899006424	ENSMUSG00000107608.2
ENSMUSG00000030145.15	3.1911340429155906	-0.6902322093979915	1.63798360896539	-0.4213914019774393	0.673469296558844	0.9995150899006424	Zfp248
ENSMUSG00002076900.1	2.7263728330040493	1.6593096474747662	1.7774652645544262	0.9335257799767586	0.3505485662027521	0.9995150899006424	ENSMUSG00002076900.1
ENSMUSG00000030172.16	3.823615750181653	-0.2263704228722931	1.3933150414683748	-0.162468943587753	0.870936582753868	0.9995150899006424	Erc1
ENSMUSG00000108282.2	850.0221557976259	-0.1769317771662498	0.327667456585947	-0.5399736031455438	0.5892152367823346	0.9995150899006424	Gm44317
ENSMUSG00000030177.15	2.212914176917922	1.6283428744448325	1.8917067720520824	0.8607797458368464	0.3893593622695038	0.9995150899006424	Ccdc77
ENSMUSG00000004902.8	1.744157750125425	-2.8869382779698887	2.2933576127982698	-1.258826038232805	0.2080931732159434	0.9995150899006424	Slc25a18
ENSMUSG00000019210.11	6.768563657441863	-0.5368597489177543	1.041901048259393	-0.5152694200803771	0.606364764791129	0.9995150899006424	Atp6v1e1
ENSMUSG00000004446.13	2.169580214741428	-1.4053007945473657	1.8283841991742635	-0.7686025700626973	0.4421292793339068	0.9995150899006424	Bid
ENSMUSG00000108232.2	21.06885528191369	-0.2938771154763074	0.73000700819945	-0.4025675263051931	0.6872664030607301	0.9995150899006424	Gm43916
ENSMUSG00000108171.2	15.08056935582946	-0.7663647840433011	0.80940142171488	-0.946829055994988	0.3437258932415762	0.9995150899006424	Gm43915
ENSMUSG00000086527.2	1.869702274842508	1.341209222071751	1.924479053875258	0.6969206650345212	0.4858524444229669	0.9995150899006424	Gm15856
ENSMUSG00000007458.15	2.757353652725167	-0.9998235783248202	1.6742795425779566	-0.5971664545248824	0.5503962532836675	0.9995150899006424	M6pr
ENSMUSG00000097635.4	6.331092769629097	-0.3355582032730265	1.0503302091165077	-0.3194787699720487	0.7493634876728748	0.9995150899006424	Gm26826
ENSMUSG00000008845.10	2.5172744797489157	-2.021790790000187	1.8181981286719384	-1.11197495922898	0.266148917015798	0.9995150899006424	Cd163
ENSMUSG00000004270.14	1.9336006838735191	0.8408410552048735	1.8611126335402708	0.4517948242634824	0.6514167986795969	0.9995150899006424	Lpcat3
ENSMUSG00000004268.12	8.277558215403117	-1.405295675983251	1.0583868078033654	-1.3277713456197355	0.1842536558107779	0.9995150899006424	Emg1
ENSMUSG00000087327.2	13.260293411943891	-0.9452917004536954	0.7816018779586418	-1.2094286453386889	0.2264982090656486	0.9995150899006424	Gm15884
ENSMUSG00000030122.14	9.555535394076488	-0.5450430912633396	0.8639669308002116	-0.6308610570991614	0.5281313767307636	0.9995150899006424	Ptms
ENSMUSG00000030120.15	1.45814564549218	-1.991202401573198	2.582521443619992	-0.7710303457469356	0.4406889448893955	0.9995150899006424	Mlf2
ENSMUSG00000108034.2	2.3960167788049174	1.3362371967763242	1.7601530917441417	0.7591596452853101	0.4477570629282804	0.9995150899006424	Gm43989
ENSMUSG00000063870.13	2.031832303571155	-1.7898475627649617	2.0133602190897024	-0.8889852624455858	0.3740110002988001	0.9995150899006424	Chd4
ENSMUSG00000057666.19	2.196056314781203	0.2433357666063666	1.8007291969284802	0.1351317938429757	0.8925076728698064	0.9995150899006424	Gapdh
ENSMUSG00000101162.4	28.92093871655646	0.1149724464342689	0.5503918062132874	0.2088920022724954	0.8345325477006235	0.9995150899006424	ENSMUSG00000101162.4
ENSMUSG00000038077.8	3.8028977698719992	0.1429332562289684	1.4779953954223393	0.0967075111814709	0.922958674733144	0.9995150899006424	Kcna6
ENSMUSG00000097596.2	54.02594780369643	0.4125236908122133	0.4897309308050073	0.8423476339019823	0.3995933954758451	0.9995150899006424	Gm26673
ENSMUSG00000107368.2	22.242306990947963	-0.2911370652506257	0.6336491284996761	-0.4594610047676796	0.6459031487586377	0.9995150899006424	Gm42574
ENSMUSG00000097525.3	1.6458924822181853	-0.8636841739231824	2.0098236875745625	-0.4297313138773226	0.6673911020737349	0.9995150899006424	Platr31
ENSMUSG00000107379.2	5.645023665255796	0.1044386737886934	1.1359067858050402	0.0919429966382986	0.9267433297403072	0.9995150899006424	Gm43126
ENSMUSG00000107219.2	6.613570962455316	1.8829104789891375	1.0819476922834192	1.740297144139482	0.0818068552686997	0.9995150899006424	Gm42738
ENSMUSG00000106905.2	1.9383966800884245	0.2062833843446658	1.8906056832639384	0.1091096817124439	0.9131154958429868	0.9995150899006424	ENSMUSG00000106905.2
ENSMUSG00000107810.2	14.328256304042128	-1.2467856851156418	0.7954650758930152	-1.5673669692110106	0.117028940029787	0.9995150899006424	ENSMUSG00000107810.2
ENSMUSG00000097253.3	3.1508310897581158	-0.7372866531081745	1.4734154674690214	-0.5003929097979799	0.6167984448000721	0.9995150899006424	Gm26770
ENSMUSG00000001520.13	3.1479153521678795	1.1861458744634656	1.5809543454837494	0.7502720605765006	0.4530908662247819	0.9995150899006424	Nrip2
ENSMUSG00000097675.4	120.62490697644422	-0.0152969997541287	0.3554642816947477	-0.0430338589328784	0.9656745433191948	0.9995150899006424	ENSMUSG00000097675.4
ENSMUSG00000092134.2	6.681443186375906	0.1296842310344502	1.0476562183679734	0.1237851012200078	0.901485428583748	0.9995150899006424	Gm17089
ENSMUSG00000086239.2	21.35523424994033	-0.6613193249458797	0.77788975869816	-0.850145303433012	0.3952443069176544	0.9995150899006424	Gm14329
ENSMUSG00002076613.1	13.058356423243907	-0.1769178422433039	0.90414456955246	-0.1956742850658008	0.8448651128522758	0.9995150899006424	ENSMUSG00002076613.1
ENSMUSG00000097496.2	2.7401976017750287	0.6244021841146552	1.8215207563893825	0.3427916931083151	0.7317551756926213	0.9995150899006424	Gm26653
ENSMUSG00000107702.2	1.5638934598359675	0.2217444964367403	2.42401404956469	0.0914782224453533	0.927112609643435	0.9995150899006424	ENSMUSG00000107702.2
ENSMUSG00002076169.1	33.58702039526917	0.2984970003540027	0.5117535484342237	0.5832827173691184	0.5597029949615713	0.9995150899006424	ENSMUSG00002076169.1
ENSMUSG00000047515.9	7.006307417979239	0.2886072260478778	1.0070414697698036	0.2865892167418385	0.774426872040805	0.9995150899006424	BC049715
ENSMUSG00000064330.10	2.8020373661467577	2.808728450887837	1.7238949252494198	1.629292139415898	0.1032511894045674	0.9995150899006424	Pde6h
ENSMUSG00000030232.20	3.3356297886671995	-0.2352072401621984	1.503738735759143	-0.1564149639621121	0.8757059428107217	0.9995150899006424	Aebp2
ENSMUSG00000041671.14	4.142012031583431	-1.1035775282511116	1.2765468186469633	-0.8645021961833056	0.3873120744057525	0.9995150899006424	Pyroxd1
ENSMUSG00000030243.17	4.355342225464294	-0.4717162949498597	1.235022657207594	-0.3819495069154584	0.7024988178540714	0.9995150899006424	Recql
ENSMUSG00000072683.4	4.4089757107371215	0.0841059398740191	1.3450034953433898	0.0625321347975726	0.9501390721373368	0.9995150899006424	ENSMUSG00000072683.4
ENSMUSG00000107802.2	19.00754580343588	0.3936789771699874	0.6383717009541443	0.6166924012790259	0.5374376342152506	0.9995150899006424	1700126G02Rik
ENSMUSG00000087302.2	4.143675416111359	0.1492182419243013	1.2534164918844657	0.1190492090142815	0.9052363698039146	0.9995150899006424	Sox5os1
ENSMUSG00000097419.2	5.567032945014546	1.7099067555590557	1.2630577767287334	1.3537834824845798	0.1758054648608746	0.9995150899006424	Gm26666
ENSMUSG00000040370.14	2.3275889829608016	-0.8196421145226628	1.793075966621158	-0.4571151082166265	0.6475883115112475	0.9995150899006424	Lyrm5
ENSMUSG00000030265.15	1.3564943384298296	-1.0952389515911114	2.3664104650594275	-0.4628271247793044	0.6434882868600738	0.9995150899006424	Kras
ENSMUSG00000030259.13	7.995147530960581	1.0410347013442325	0.9734459158280564	1.0694325020190585	0.2848748283867357	0.9995150899006424	Rassf8
ENSMUSG00000030256.12	1.5498942643016926	-0.631816220400837	2.082159396238289	-0.3034427727014084	0.7615524533602784	0.9995150899006424	Bhlhe41
ENSMUSG00000108126.2	87.67310668659839	-0.11525046545242	0.3992861713038044	-0.2886412646751283	0.7728559142213743	0.9995150899006424	ENSMUSG00000108126.2
ENSMUSG00000085414.2	1.518009327768592	-0.862401402579014	2.2824493673110657	-0.3778403214240856	0.7055492180811864	0.9995150899006424	Sspnos
ENSMUSG00000030287.16	2.106885244418363	-0.4986061989792498	2.0011170545739536	-0.2491639346332017	0.8032339757760975	0.9995150899006424	Itpr2
ENSMUSG00000040234.17	7.494431434839598	-0.2892507633332475	0.99570907540919	-0.290497265192023	0.7714358426835045	0.9995150899006424	Tm7sf3
ENSMUSG00000107969.2	2.231115750311044	0.0637864391819019	1.755539831344606	0.0363343730760278	0.9710157422748938	0.9995150899006424	Gm44085
ENSMUSG00000072660.7	7.832257610932397	-0.2450933455679286	0.938819485562671	-0.2610654650196514	0.7940420233011571	0.9995150899006424	Gm6288
ENSMUSG00000030303.16	7.3188020896731745	-0.1962286431713018	0.9694464583667904	-0.202413079626785	0.83959380396802	0.9995150899006424	Far2
ENSMUSG00000107585.2	10.749366685019154	0.4611625095611408	0.8428236658054192	0.5471636930370775	0.5842662772147995	0.9995150899006424	3300002P13Rik
ENSMUSG00000085039.3	5.95244110767868	-0.3391066134418607	1.0756830393824213	-0.3152477086898674	0.7525735845595602	0.9995150899006424	ENSMUSG00000085039.3
ENSMUSG00000035632.17	5.147419598829747	-0.0770382386130076	1.1750204642661966	-0.0655633165173155	0.9477254954244808	0.9995150899006424	Cnot3
ENSMUSG00000078813.4	4.957353975063573	0.3653815232679365	1.1871295724911115	0.3077857141585715	0.7582453927039539	0.9995150899006424	Leng1
ENSMUSG00000035585.17	14.663989971807853	-0.3012010169321223	0.7679253512567721	-0.3922269481521641	0.694890534415419	0.9995150899006424	Tsen34
ENSMUSG00000086155.9	583.4772593873707	-0.7903392763218584	0.3200592638823784	-2.4693529152535567	0.0135357651157808	0.9995150899006424	9430041J12Rik
ENSMUSG00000075719.4	2.394318680038466	-1.2329338558731546	1.7609132567441887	-0.700167286009742	0.4838228391341291	0.9995150899006424	ENSMUSG00000075719.4
ENSMUSG00000030428.17	8.010463766061521	-2.9989778369678066	1.1774077233300548	-2.547102229366915	0.0108621607370765	0.9995150899006424	Ttyh1
ENSMUSG00000085886.2	181.1365339837969	-0.9487398836749628	0.3342763453574833	-2.838190308262336	0.0045370122900839	0.929583406990544	D030047H15Rik
ENSMUSG00000043432.8	5.144824158910361	-0.4935388946209935	1.3042519525701242	-0.3784076333168902	0.7051277984892779	0.9995150899006424	Leng9
ENSMUSG00000120885.1	2.0959727661432352	1.7501145764214388	1.816728308165226	0.963333134930306	0.3353803699721631	0.9995150899006424	ENSMUSG00000120885.1
ENSMUSG00000006154.14	6.450636087344087	-0.6525910900646898	1.148803834257331	-0.5680613788049997	0.569993291172027	0.9995150899006424	Eps8l1
ENSMUSG00000108477.3	21.88690329073407	0.1942964854630538	0.6071544189639804	0.3200116467810481	0.7489595015987155	0.9995150899006424	ENSMUSG00000108477.3
ENSMUSG00000046456.15	129.5311393183366	-0.1659377973623949	0.3581197559778892	-0.4633584006257397	0.6431074913333299	0.9995150899006424	Tmem150b
ENSMUSG00000013091.6	1.4204790838484112	-1.1937508934948562	2.5541982966135923	-0.4673681346814596	0.6402365167278177	0.9995150899006424	Tmem190
ENSMUSG00000030432.13	1.3386603344804249	-0.8220032211974414	2.366316397044604	-0.347376716919207	0.728308322763219	0.9995150899006424	Rpl28
ENSMUSG00000060860.9	2.731154402931712	-2.2779330535181224	1.760660470350973	-1.2937946252999226	0.195736369689226	0.9995150899006424	Ube2s
ENSMUSG00000110221.2	2.191349987147877	-2.1483329599408054	1.905288240057239	-1.127563228898251	0.259504423340764	0.9995150899006424	ENSMUSG00000110221.2
ENSMUSG00000074405.9	4.363587486711169	0.0934607458177763	1.2768064152858911	0.0731988378965416	0.9416478911332352	0.9995150899006424	Zfp865
ENSMUSG00000043290.7	2.531175850068181	-1.6357576944343044	1.731682996233456	-0.9446057378817044	0.3448601965687317	0.9995150899006424	Zfp784
ENSMUSG00000086604.3	2.383106994767749	3.49137321187102	2.184450758890809	1.598284235824946	0.1099797341335061	0.9995150899006424	Gm15510
ENSMUSG00000109274.3	25.674267458273903	0.6784139796978508	0.5683601322415082	1.193634002832518	0.2326211669753954	0.9995150899006424	ENSMUSG00000109274.3
ENSMUSG00000002265.18	14.41044470706492	-1.593797916289771	0.8248381846903344	-1.932255254269204	0.0533280083128748	0.9995150899006424	Peg3
ENSMUSG00000121878.1	16.10947090673046	0.0220831843199408	0.7524493334033625	0.0293484004033303	0.9765867255693332	0.9995150899006424	ENSMUSG00000121878.1
ENSMUSG00000110243.2	47.74138888855209	-0.3135366473544918	0.4495215452194878	-0.6974896991898383	0.4854963836002156	0.9995150899006424	ENSMUSG00000110243.2
ENSMUSG00000005566.15	2.1788046377275205	-1.1583158165266332	1.7359128338546372	-0.6672661172476986	0.50460216504872	0.9995150899006424	Trim28
ENSMUSG00000005575.17	2.1394808464448927	-0.0810517685940029	1.658518039946577	-0.0488699951654512	0.9610229006694024	0.9995150899006424	Ube2m
ENSMUSG00000056394.21	1.2807612454718902	-0.8125573304958749	2.6469295840785616	-0.3069810906128578	0.7588577652715445	0.9995150899006424	Lig1
ENSMUSG00000109984.2	1.5532803034568037	0.0743403701579869	2.097628227658292	0.0354402029767579	0.9717287274943168	0.9995150899006424	ENSMUSG00000109984.2
ENSMUSG00000120378.1	2.381653148653832	1.2441682082230732	1.6092098570148237	0.7731547273337465	0.439430815670192	0.9995150899006424	ENSMUSG00000120378.1
ENSMUSG00000001988.10	1.892792533094276	-0.3372576463090215	1.9480837535486428	-0.1731227652274552	0.8625549310647826	0.9995150899006424	Npas1
ENSMUSG00000108348.3	1.3746631993287888	-1.6315675296431875	2.644720463652538	-0.616914926195974	0.537290841080674	0.9995150899006424	ENSMUSG00000108348.3
ENSMUSG00000074355.3	18.19823507165731	-0.0990617748137963	0.6606597729283984	-0.1499437060844516	0.8808090290192875	0.9995150899006424	ENSMUSG00000074355.3
ENSMUSG00000086533.4	7.723893183527234	-0.6742915980085802	1.0574764505489938	-0.6376421883045419	0.5237066263127617	0.9995150899006424	Mypopos
ENSMUSG00000050428.8	3.657673269787145	0.4746596897990561	1.4429900225571255	0.3289417683969225	0.7421997028337494	0.9995150899006424	Fbxo46
ENSMUSG00000003549.10	2.850335173009507	0.5828446580068923	1.4695115504970642	0.3966247545381622	0.69164419522434	0.9995150899006424	Ercc1
ENSMUSG00000047649.10	1.7373906936217267	-0.359563555597478	2.045602800181209	-0.1757738870740821	0.8604715852983864	0.9995150899006424	Cd3eap
ENSMUSG00000030400.18	1.6509338641681683	-1.0211753444335652	2.0243241852699683	-0.5044524744920632	0.6139434511958898	0.9995150899006424	Ercc2
ENSMUSG00000097231.3	12.897005338653912	0.293453290206314	0.7685599904157412	0.3818222310109778	0.7025932278960696	0.9995150899006424	Gm26852
ENSMUSG00000040714.15	11.927222825967725	-0.2614402559248124	0.7859573937226231	-0.3326392219386371	0.739406632929712	0.9995150899006424	Klc3
ENSMUSG00000060621.7	1.720945308165018	0.2690896340871798	2.3582775835951746	0.114104308991885	0.9091551064549136	0.9995150899006424	Nkpd1
ENSMUSG00000002985.17	20.439599837370206	-0.4154884705717743	0.8085427857479268	-0.5138732023778245	0.6073406441675255	0.9995150899006424	Apoe
ENSMUSG00000092381.2	22.041345650246075	0.8302803074973757	0.641651667970301	1.2939735824637573	0.1956745459710474	0.9995150899006424	Gm20512
ENSMUSG00000087206.2	3.127321639913584	-0.0159495047006918	1.6239803397151833	-0.0098212424809829	0.9921639082307862	0.9995150899006424	Gm16175
ENSMUSG00000064264.15	1.224430029788113	-1.2481530789813535	2.7157789652925506	-0.4595930283475406	0.6458083641870309	0.9995150899006424	Zfp428
ENSMUSG00000117477.2	14.756317159238217	-0.9504532057706788	0.7352181343566343	-1.292749949105091	0.1960975561469901	0.9995150899006424	ENSMUSG00000117477.2
ENSMUSG00000045252.12	19.129446790987373	-0.0421734196981794	0.6306433757280009	-0.0668736425709623	0.9466822962354856	0.9995150899006424	Zfp574
ENSMUSG00000108523.2	3.505868073912635	0.3878214611044628	1.491003758691661	0.2601076347686554	0.7947807488779354	0.9995150899006424	RP23-474C17.2
ENSMUSG00000057177.13	7.585238511174573	0.0538498041330968	0.9775757731455952	0.0550850436481477	0.9560707114921688	0.9995150899006424	Gsk3a
ENSMUSG00000090330.4	60.363790257232495	-0.0547971591303618	0.441713869710822	-0.1240557811015443	0.901271109193497	0.9995150899006424	9130221H12Rik
ENSMUSG00000005442.14	2.380290660734007	2.445808647025044	2.1340366011264518	1.1460949853128215	0.2517558522963981	0.9995150899006424	Cic
ENSMUSG00000053714.10	11.903670735051987	-0.3735579366316475	0.7958848214407379	-0.469361805336883	0.6388110445158995	0.9995150899006424	4732471J01Rik
ENSMUSG00000059479.8	89.79015476877355	-0.7185088989426441	0.3766740242913336	-1.9075084890561045	0.0564547728072364	0.9995150899006424	B3gnt8
ENSMUSG00000078787.10	2.621691764769969	-3.377299704392684	2.0571721631588797	-1.6417195239540332	0.100648143579854	0.9995150899006424	Cyp2t4
ENSMUSG00000061479.16	5.849953816587355	0.880144771044387	1.219676577648685	0.7216214422524586	0.4705272524285754	0.9995150899006424	Snrpa
ENSMUSG00000078786.10	21.579366681715467	-0.2296118213437547	0.6340456171653323	-0.3621376997609333	0.7172491325251247	0.9995150899006424	BC024978
ENSMUSG00000003752.10	6.983771469206335	-0.8087748051442272	1.0369315425086405	-0.7799693345112875	0.435408925402473	0.9995150899006424	Itpkc
ENSMUSG00000084974.2	4.509764705830523	0.5423106515712088	1.2418993272160457	0.4366784325319683	0.6623445725991959	0.9995150899006424	Gm15567
ENSMUSG00000011751.18	1.4581129329980176	-1.0951595927378477	2.527688771825453	-0.4332652045397751	0.6648221134631656	0.9995150899006424	Sptbn4
ENSMUSG00000108416.2	22.024180819923444	-1.057150111997569	0.7862830032479345	-1.344490606601887	0.1787897919435866	0.9995150899006424	ENSMUSG00000108416.2
ENSMUSG00000040424.16	23.454723165915627	0.2787845403345568	0.6262995173653149	0.4451297384154686	0.6562259988893089	0.9995150899006424	Hipk4
ENSMUSG00000007944.9	32.006176403723984	0.1530881142592829	0.5396547330799912	0.2836778867583678	0.776657242657537	0.9995150899006424	Ttc9b
ENSMUSG00000109168.2	21.99340690760833	0.7022855642269292	0.6322949076764397	1.1106930574653708	0.2667004915796656	0.9995150899006424	RP23-89A16.3
ENSMUSG00000109455.2	2.937179414599125	-0.7070449957760929	1.8858577717467444	-0.3749195757860383	0.7077202798637032	0.9995150899006424	RP23-466P2.3
ENSMUSG00000003437.15	1.5053387745774345	-3.064831857798088	2.9369627941481973	-1.043537856150124	0.2966992574317876	0.9995150899006424	Paf1
ENSMUSG00000054083.9	7.101283405917457	-0.3935649944876596	1.0858902302239706	-0.3624353397179794	0.7170267347760696	0.9995150899006424	Capn12
ENSMUSG00000030589.17	4.009864521381052	-0.6565223694000106	1.3800715718053174	-0.4757161750250329	0.6342765958271237	0.9995150899006424	Rasgrp4
ENSMUSG00000099098.6	3.746256055732297	-0.8296172189559382	1.3726239515528418	-0.6044024060758935	0.5455761364877494	0.9995150899006424	1110035H17Rik
ENSMUSG00000030587.6	11.73867325868814	0.7646682297303639	0.7787727642873515	0.9818887675535306	0.3261546500306232	0.9995150899006424	2200002D01Rik
ENSMUSG00000109351.2	2.0816176047574264	-1.0628335908350406	1.8329915356527904	-0.5798355148740658	0.5620255452589047	0.9995150899006424	RP23-51L15.5
ENSMUSG00000050855.17	1.405073066081248	-1.72775301219997	2.4089505117583374	-0.717222294010038	0.4732369452734359	0.9995150899006424	Zfp940
ENSMUSG00000083669.6	1.5227513878226115	1.402241145932046	2.2177810312289763	0.6322721342579969	0.5272090688920965	0.9995150899006424	ENSMUSG00000083669.6
ENSMUSG00000097817.3	14.72341230673868	-1.4118889570141615	0.7767591665877939	-1.8176662957405625	0.0691151521372823	0.9995150899006424	Gm26810
ENSMUSG00000006095.13	2.306502497491989	-0.5034436111482117	1.6314864399035771	-0.3085797091748833	0.7576412578046358	0.9995150899006424	Tbcb
ENSMUSG00000019738.16	3.389957428935124	0.3990266708583683	1.3711889223780849	0.2910077993966922	0.7710453544810084	0.9995150899006424	Polr2i
ENSMUSG00000013921.16	1.5490309017169268	-0.5125857748521266	2.484090822897197	-0.2063474371095246	0.8365195262961582	0.9995150899006424	Clip3
ENSMUSG00000121129.1	11.10831645729786	-0.1172878467895035	0.8312846778749954	-0.1410922754998027	0.8877970458662519	0.9995150899006424	ENSMUSG00000121129.1
ENSMUSG00000006651.9	1.2525972050434548	-1.1752602946232378	2.3049899106749843	-0.5098765461750239	0.6101379542621761	0.9995150899006424	Aplp1
ENSMUSG00000006649.18	2.503002207791923	-0.147676830089684	1.7779240728527892	-0.0830613817229705	0.933802732616451	0.9995150899006424	Nphs1
ENSMUSG00000087009.2	2.079435004310263	-0.4526554454440132	1.8614773112288612	-0.2431700041217214	0.8078737027770738	0.9995150899006424	Nphs1os
ENSMUSG00000036835.8	6.556815533372252	0.5541078803142487	1.0024900061125122	0.5527315753131405	0.580447228645385	0.9995150899006424	Psenen
ENSMUSG00000061099.13	6.379798900162782	-0.1432581180923021	1.030579996138996	-0.1390072761251041	0.8894443993570869	0.9995150899006424	Gapdhs
ENSMUSG00000108546.2	23.281619354741423	-0.1745905501474583	0.6314205454696223	-0.276504385864742	0.7821606914794312	0.9995150899006424	RP24-63G4.13
ENSMUSG00000090357.2	28.26032428966852	-0.5400866582179051	0.5702712145453787	-0.9470698229937194	0.3436032006854986	0.9995150899006424	Gm17077
ENSMUSG00000097750.3	8.979080246659867	0.4891972929469252	0.8720373389586427	0.5609820486942771	0.5748097748193953	0.9995150899006424	Gm4673
ENSMUSG00000057092.13	136.5099787320618	-0.402621626296926	0.353217624439857	-1.1398684506058137	0.2543411107623051	0.9995150899006424	Fxyd3
ENSMUSG00000097149.2	4.695480588584884	0.1284599610716372	1.212633177273089	0.1059347241022316	0.9156341432175152	0.9995150899006424	G630030J09Rik
ENSMUSG00000085105.3	21.47116225746434	0.0944106307055052	0.6037316352001777	0.1563784721570897	0.8757347051364409	0.9995150899006424	Gm12758
ENSMUSG00000056216.10	3.676581438131347	-1.3446232288272937	1.517376839176514	-0.8861498304910371	0.3755367940877552	0.9995150899006424	Cebpg
ENSMUSG00000108333.2	4.198646342986777	-0.5559752519337134	1.3726112379161404	-0.4050493224707815	0.6854412563575524	0.9995150899006424	RP23-338G5.2
ENSMUSG00000108624.2	11.30831401662556	-0.1918092557023391	0.8209272615377837	-0.2336495140178884	0.8152570848398834	0.9995150899006424	RP23-435E16.3
ENSMUSG00000030495.13	4.305616817960872	0.4234186500633597	1.226500219564631	0.3452250911244516	0.7299251569951275	0.9995150899006424	Slc7a10
ENSMUSG00000001802.17	26.04796340404729	-1.1942964674763874	0.5787101814974803	-2.0637211952725725	0.0390441585567543	0.9995150899006424	Lrp3
ENSMUSG00000097509.2	19.93963552818313	-0.4769812245367872	0.6443801250775202	-0.7402171575037413	0.4591682383982175	0.9995150899006424	B230322F03Rik
ENSMUSG00000044997.4	2.511157997688693	-0.5028580906974986	1.5839152362537656	-0.3174779048699887	0.750881002340912	0.9995150899006424	E130304I02Rik
ENSMUSG00000108332.2	4.610480316669272	-2.3713609664837447	1.5403022634798678	-1.5395426097254057	0.1236718838953584	0.9995150899006424	RP23-89C10.2
ENSMUSG00000097178.9	2.0008871338040035	1.2262701519189716	2.46521574213179	0.4974291421888119	0.6188864591998179	0.9995150899006424	ENSMUSG00000097178.9
ENSMUSG00000012777.15	1.4570705453819404	-0.9949870769246708	2.1200489615233358	-0.4693226878164809	0.6388390006888982	0.9995150899006424	Acpt
ENSMUSG00000038738.16	3.213771445816258	-1.4526207474142503	1.5699031994661778	-0.9252931950888388	0.3548134174871945	0.9995150899006424	Shank1
ENSMUSG00000008028.16	6.236752914434008	-1.1784542707496857	1.2653518482133723	-0.9313253640982284	0.3516852854674803	0.9995150899006424	1700008O03Rik
ENSMUSG00000047085.15	1.9559170507549977	-0.9959651292848996	2.0869936618583904	-0.4772247982765935	0.6332020543983101	0.9995150899006424	Lrrc4b
ENSMUSG00000108832.2	39.935843243062095	0.4561785022037065	0.4862841381284919	0.9380904422656068	0.3481979331829361	0.9995150899006424	RP24-325H17.1
ENSMUSG00000070574.4	6.146938178278202	0.6680701150917598	1.062562471399073	0.6287349055459429	0.529522622173674	0.9995150899006424	2310016G11Rik
ENSMUSG00000048012.20	4.375451436037875	0.4107077929866777	1.2183924865020552	0.3370898930654107	0.7360491361897958	0.9995150899006424	Zfp473
ENSMUSG00000038539.16	3.3546376536572944	0.9718119064002282	1.4669666901117462	0.6624635126010942	0.5076742114062862	0.9995150899006424	Atf5
ENSMUSG00000074141.14	1.6360856174359946	2.4140229684696384	2.408565303638481	1.0022659401523857	0.3162151678960727	0.9995150899006424	Il4i1
ENSMUSG00000120971.1	38.12848022701075	0.2737836869504168	0.4851732591302761	0.5643008591223737	0.5725493968445541	0.9995150899006424	ENSMUSG00000120971.1
ENSMUSG00000038502.18	2.6373469420958133	0.793453885113329	1.84529458562898	0.4299876514528846	0.667204623883825	0.9995150899006424	Ptov1
ENSMUSG00000109198.2	9.817657103750058	-0.1197922065661995	0.8421963448197447	-0.14223786092522	0.8868921271060898	0.9995150899006424	ENSMUSG00000109198.2
ENSMUSG00000011658.17	50.87694426119278	0.4186157612931347	0.4438609422271626	0.9431236711043892	0.3456176493579164	0.9995150899006424	Fuz
ENSMUSG00000060279.16	1.9759349031344864	-2.097559695138588	1.9632288907093745	-1.0684234044562555	0.2853295643168293	0.9995150899006424	Ap2a1
ENSMUSG00000109111.2	8.299278007426283	0.753868129606275	0.9107016316247816	0.8277882716222874	0.4077904179351802	0.9995150899006424	RP24-308M10.2
ENSMUSG00000087138.3	1.71279485220662	0.250652104337552	2.11574693821845	0.118469794194107	0.9056954272639316	0.9995150899006424	Gm15545
ENSMUSG00000003190.13	2.7338634248029976	-0.1463919917905637	1.5161421837963205	-0.0965555825536149	0.923079331596321	0.9995150899006424	Bcl2l12
ENSMUSG00000007837.12	11.339876851110551	0.0469719144579388	0.7944912695315809	0.0591220020399126	0.9528549341984216	0.9995150899006424	Prrg2
ENSMUSG00000109947.2	3.3437108639952995	-0.3625315236607218	1.4858369238984284	-0.2439914622053802	0.807237432303313	0.9995150899006424	ENSMUSG00000109947.2
ENSMUSG00000110279.2	76.02847273936794	-0.0483291520140904	0.3965997056074138	-0.1218587692597293	0.9030108695661871	0.9995150899006424	ENSMUSG00000110279.2
ENSMUSG00000007833.16	4.67367716796883	0.0848678020718892	1.1915348146882838	0.0712256167639477	0.943218193958678	0.9995150899006424	Aldh16a1
ENSMUSG00000110070.2	3.67393638048526	0.392002386618316	1.405381377388315	0.2789295439126937	0.7802988952032456	0.9995150899006424	ENSMUSG00000110070.2
ENSMUSG00000003868.15	9.692735660155911	-0.2188848856338845	0.9025133268570524	-0.2425281479179235	0.8083709488854043	0.9995150899006424	Ruvbl2
ENSMUSG00000003865.17	2.5247784472192896	-2.101336218472975	1.8609060902040204	-1.1292005703751529	0.2588132331837285	0.9995150899006424	Gys1
ENSMUSG00000110350.2	160.9902985235491	1.15489695203726	0.3687856436857626	3.13162123258066	0.0017384399544848	0.4274244368093484	ENSMUSG00000110350.2
ENSMUSG00000023467.19	2.2343083381476005	-1.814586190045658	1.8237252064902592	-0.9949888193615588	0.3197417022092498	0.9995150899006424	Tulp2
ENSMUSG00000109644.3	3.098929548828446	-0.5750552980213856	1.508885107944155	-0.3811127136146862	0.7031196139722315	0.9995150899006424	ENSMUSG00000109644.3
ENSMUSG00000044562.13	7.960137630555082	-0.0935051643255987	0.9319953950685824	-0.1003279252455083	0.920083988196016	0.9995150899006424	Rasip1
ENSMUSG00000110357.3	2.8832466074303333	0.1268319998778107	1.6224331650934327	0.0781739442995833	0.937689688012202	0.9995150899006424	ENSMUSG00000110357.3
ENSMUSG00000057342.16	42.8695243924741	-0.2964890677178805	0.4887323800367449	-0.6066491188809492	0.5440837955860769	0.9995150899006424	Sphk2
ENSMUSG00000059070.17	4.772628545508765	1.4303679479871698	1.1979892344049212	1.1939739581196476	0.2324881550514375	0.9995150899006424	Rpl18
ENSMUSG00000003271.18	4.075816994894416	-0.2057361517416508	1.41944620893554	-0.1449411400351232	0.8847573443282795	0.9995150899006424	Sult2b1
ENSMUSG00000110197.2	14.197255094641909	0.1922834935310865	0.743769200322771	0.2585257542899624	0.7960011752607538	0.9995150899006424	ENSMUSG00000110197.2
ENSMUSG00000110020.2	7.639493620436561	0.0378311771888028	1.0938790616276877	0.0345844239238935	0.9724111219782716	0.9995150899006424	ENSMUSG00000110020.2
ENSMUSG00000002771.13	2.3802675500876678	1.4929285548991953	1.7551741189799028	0.8505871518700816	0.3949987290184543	0.9995150899006424	Grin2d
ENSMUSG00000014418.17	5.495302490716369	-1.9543394063890196	1.2152187826311864	-1.608220210485467	0.1077869583186912	0.9995150899006424	Hps5
ENSMUSG00000109118.3	2.0049346154600487	3.7996059940572255	2.2219226996692347	1.7100531870991067	0.0872560382291307	0.9995150899006424	RP23-218K15.3
ENSMUSG00000092118.2	5.012252568300156	-1.859486834851929	1.3448697175392232	-1.3826520224236494	0.1667715895448775	0.9995150899006424	Fancf
ENSMUSG00000030498.16	1.5980761571096165	-2.170618795686373	2.2696725498042274	-0.9563576895149926	0.3388915531367944	0.9995150899006424	Gas2
ENSMUSG00000063297.8	1.7977229878504992	-1.4819939384158942	2.1759092754423115	-0.6810917877606085	0.4958134130750994	0.9995150899006424	Luzp2
ENSMUSG00000030447.16	9.993317601160244	0.2066329892846533	0.8359474400832282	0.2471841881160383	0.8047656817450272	0.9995150899006424	Cyfip1
ENSMUSG00000108701.2	8.52819073367804	-0.8626078129815378	0.9900454330310526	-0.8712810384273367	0.3836007211388245	0.9995150899006424	ENSMUSG00000108701.2
ENSMUSG00000030452.17	1.209190084783713	1.2630783467378046	2.966528609247093	0.4257765601183177	0.6702706685052875	0.9995150899006424	Nipa2
ENSMUSG00000087178.9	40.3851816574738	0.0261446999268441	0.5150399874693601	0.0507624661442418	0.9595147999740856	0.9995150899006424	ENSMUSG00000087178.9
ENSMUSG00000055048.9	3.269432750233823	0.8115812528825703	1.519015302625259	0.5342811566677069	0.5931470271730049	0.9995150899006424	Gm9962
ENSMUSG00000109536.2	43.4464454811579	0.1245730648906846	0.4848810967900185	0.2569146657095439	0.7972446488941459	0.9995150899006424	ENSMUSG00000109536.2
ENSMUSG00000025326.13	11.219440577594805	0.4251935439347703	0.8119517970579356	0.5236684560283463	0.6005091590804539	0.9995150899006424	Ube3a
ENSMUSG00000108880.2	13.86072693247352	-0.9369954039101208	0.773193532868098	-1.2118510619642835	0.2255693980781645	0.9995150899006424	ENSMUSG00000108880.2
ENSMUSG00000100826.7	28.02024281956535	-0.3928893756080982	0.5526985379131814	-0.7108565495605017	0.4771731337244952	0.9995150899006424	ENSMUSG00000100826.7
ENSMUSG00000108472.2	3.582103427032539	0.2511661954788368	1.3699169461034064	0.1833441043219841	0.8545280306169332	0.9995150899006424	ENSMUSG00000108472.2
ENSMUSG00000092187.2	8.972329704283846	-1.0382180682164237	0.9111659058446064	-1.1394391093398586	0.2545200516249514	0.9995150899006424	Gm20457
ENSMUSG00000097634.3	8.548462045823678	-0.9330099797209186	0.9780674997552375	-0.9539320956420752	0.3401180157888267	0.9995150899006424	Gm26827
ENSMUSG00000043831.13	20.115389942906276	0.3547983505876358	0.6357285522205887	0.5580972403210953	0.5767779849729191	0.9995150899006424	Lysmd4
ENSMUSG00000030555.17	3.869343213966985	-0.4098078562160719	1.4417894174126615	-0.2842355834123721	0.77622984788777	0.9995150899006424	Ttc23
ENSMUSG00000108871.2	16.205259671513286	0.5764651714499544	0.7269134311363441	0.7930313937779327	0.4277595322881289	0.9995150899006424	ENSMUSG00000108871.2
ENSMUSG00000030551.15	1.7721984737626766	-0.0058059280067374	2.194416236586272	-0.0026457733541788	0.9978889807522142	0.9995150899006424	Nr2f2
ENSMUSG00000108530.2	3.203474121831389	-1.581677536337362	1.5272232137459951	-1.035655771927275	0.3003627628468025	0.9995150899006424	RP23-259N3.1
ENSMUSG00000097756.3	21.85620587424064	-1.1095321158487843	0.6220029121175529	-1.783805339546534	0.0744553016449239	0.9995150899006424	A730056A06Rik
ENSMUSG00000070509.16	2.253521473642254	2.0793404256088928	2.026916285578945	1.0258639887611212	0.3049556990395969	0.9995150899006424	Rgma
ENSMUSG00000091890.3	4.522731445955107	-1.661392081091238	1.385026234239877	-1.199538348097092	0.2303186828323159	0.9995150899006424	ENSMUSG00000091890.3
ENSMUSG00000078670.4	2.5194356591622533	2.3457132997576453	1.7758595733504143	1.3208889570767806	0.1865383923645069	0.9995150899006424	Fam174b
ENSMUSG00000097247.3	4.410925156254331	-2.150507265801051	1.4790833718395895	-1.453945941618144	0.1459612942636738	0.9995150899006424	ENSMUSG00000097247.3
ENSMUSG00000059146.13	1.3129893929550782	0.7225418073049537	2.311699956569636	0.3125586455333691	0.7546160010019635	0.9995150899006424	Ntrk3
ENSMUSG00000030612.7	4.750411582183781	1.185842022021876	1.1810022371137785	1.0040980319562522	0.3153313639523383	0.9995150899006424	Mrpl46
ENSMUSG00000030605.16	1.5121108528876557	-0.7175299258198532	2.479669989290206	-0.2893650884669708	0.7723020081142575	0.9995150899006424	Mfge8
ENSMUSG00000039187.17	7.253423391823527	0.283613652810074	0.9593469789989046	0.2956319861516944	0.7675111435014514	0.9995150899006424	Fanci
ENSMUSG00000039133.9	2.2818720567387336	-0.4190871754073477	1.9257006368919496	-0.2176284139801437	0.8277186439138569	0.9995150899006424	9330171B17Rik
ENSMUSG00000097685.3	6.409092600445935	1.4843627700336708	1.0840236737360602	1.3693084440839305	0.1709028795964225	0.9995150899006424	Gm26646
ENSMUSG00000108655.2	3.0584044030489608	-2.274150192016158	1.6615492136625594	-1.3686926473897456	0.1710953696112206	0.9995150899006424	RP24-259P13.2
ENSMUSG00000030533.17	11.059478968239937	-0.745326437142984	0.8813756618017353	-0.845639912065832	0.3977536530991048	0.9995150899006424	Unc45a
ENSMUSG00000030532.7	26.700200427511376	-0.7793195520175524	0.5782239259768879	-1.3477815721667363	0.1777286466030574	0.9995150899006424	Hddc3
ENSMUSG00000038886.11	2.1000614290587203	-1.3528821031453029	2.042969081620851	-0.662213694429459	0.5078342789337466	0.9995150899006424	Man2a2
ENSMUSG00000108321.2	6.600384525538931	0.97568137912953	1.065862167099159	0.9153916981451136	0.3599860350825039	0.9995150899006424	RP23-362F15.1
ENSMUSG00000025722.17	1.3811552925657835	-0.4417318449207935	2.145453234715141	-0.2058920874028949	0.8368752063745537	0.9995150899006424	Wdr73
ENSMUSG00000025586.18	1.871917587783834	-0.0569221816302061	2.0844004180209192	-0.0273086596692645	0.978213550028318	0.9995150899006424	Cpeb1
ENSMUSG00000109194.2	13.64768739435624	-0.6539365699726887	0.7492689395223955	-0.872766153084533	0.3827905517822111	0.9995150899006424	RP24-225H21.4
ENSMUSG00000038623.10	6.561053643651792	-0.233543324860168	1.0122702568347266	-0.2307124241607532	0.8175382208129951	0.9995150899006424	Tm6sf1
ENSMUSG00000025104.14	1.747636280557174	2.0149583391628494	1.9899549411014024	1.0125648061395842	0.3112680773418783	0.9995150899006424	Hdgfrp3
ENSMUSG00000038540.15	2.5809029471841165	2.2105629281573616	1.702829686017992	1.2981703022377336	0.1942288206899118	0.9995150899006424	Tmc3
ENSMUSG00000046027.18	2.9028770476737638	0.7083745164959945	1.6356366801410134	0.433087937618838	0.6649508855792184	0.9995150899006424	Stard5
ENSMUSG00000109341.2	38.983988598406754	-0.286506179766802	0.4952541269988811	-0.5785033665503394	0.5629243251587501	0.9995150899006424	RP24-118K20.1
ENSMUSG00000109513.2	3.9472592196395664	-2.897336495559321	1.64479554778494	-1.7615177153544634	0.0781508172881883	0.9995150899006424	ENSMUSG00000109513.2
ENSMUSG00000085236.4	6.077278299096343	-0.1181260600822494	1.0854117777711498	-0.1088306415145196	0.9133368197444688	0.9995150899006424	2610206C17Rik
ENSMUSG00000109327.2	5.670632316619724	-0.2350624250131652	1.1033158598348625	-0.2130508892062405	0.8312872698920556	0.9995150899006424	RP24-72H18.4
ENSMUSG00000030623.5	16.12717074419357	1.3725397645187691	0.7104935738712027	1.9318116517793888	0.0533827574115589	0.9995150899006424	Prss23os
ENSMUSG00000092071.2	10.046664303844734	0.7053545540448283	1.0021922350730248	0.7038116334970731	0.4815500878898811	0.9995150899006424	A230065N10Rik
ENSMUSG00000097585.4	2.321296808063277	-0.905016184478869	1.7588528858409138	-0.5145491085493359	0.6068681353803198	0.9995150899006424	ENSMUSG00000097585.4
ENSMUSG00000120734.1	1.1333267663840798	-2.040388584733502	2.7923467639682653	-0.7307074504721831	0.4649578637700294	0.9995150899006424	ENSMUSG00000120734.1
ENSMUSG00000041343.20	2.957956534694557	-0.6729189326616772	1.6983522730855505	-0.3962187016943926	0.6919436959548058	0.9995150899006424	Ankrd42
ENSMUSG00000054061.10	110.9099721104353	-0.7141175039475538	0.3697917819555456	-1.9311340564983164	0.053466476347318	0.9995150899006424	Gm9934
ENSMUSG00000051515.12	2.3292526796205766	-3.149871121659006	2.129017476625274	-1.47949519261434	0.1390080152523675	0.9995150899006424	Fam181b
ENSMUSG00000085560.3	26.530891162046505	-0.9125954627852384	0.6339064931230273	-1.4396373482297236	0.149970027274873	0.9995150899006424	ENSMUSG00000085560.3
ENSMUSG00000086993.2	18.45860958625607	0.3548505079935624	0.6397490686387861	0.5546713944399932	0.5791194456818739	0.9995150899006424	Rsf1os2
ENSMUSG00000109130.2	2.852317524758637	2.002358588925042	1.7283440265838557	1.1585416781187872	0.2466430536006932	0.9995150899006424	RP23-16L19.4
ENSMUSG00000121235.1	7.022426170037818	0.1111611790782478	1.1443527509870806	0.0971389101676593	0.9226160811111652	0.9995150899006424	ENSMUSG00000121235.1
ENSMUSG00000097974.3	4.053189193841572	-1.6156201172627096	1.441217202569513	-1.1210108472076643	0.26228324520527	0.9995150899006424	Gm10605
ENSMUSG00000099137.2	5.714109883538684	-1.5676187473292844	1.2062075562886294	-1.299626037953765	0.1937291710271015	0.9995150899006424	Gm10603
ENSMUSG00000030706.18	160.55803476089588	0.3202113627004871	0.3257466850580228	0.9830072795474504	0.3256038559113242	0.9995150899006424	Mrpl48
ENSMUSG00000030704.15	17.532208702253453	0.0746745522562639	0.6524587352007012	0.1144509962508103	0.9088802903804104	0.9995150899006424	Rab6a
ENSMUSG00000032875.9	3.777492189901165	1.8347285217233211	1.4473272251297629	1.2676666961466334	0.2049170028170881	0.9995150899006424	Arhgef17
ENSMUSG00000047767.18	3.585938235447669	-0.7122390862930178	1.3816510879420256	-0.5154985166000923	0.6062047059144858	0.9995150899006424	Atg16l2
ENSMUSG00000030688.16	2.117677425828838	-0.3251586691931509	1.9972905788193276	-0.162799881319905	0.8706760017145753	0.9995150899006424	Stard10
ENSMUSG00000032737.14	3.886752692385256	1.1316007838657829	1.3181921604349924	0.8584490318106308	0.3906445628618793	0.9995150899006424	Inppl1
ENSMUSG00000073985.4	22.98537449652112	-0.8169231038741126	0.630749014564212	-1.2951635040421416	0.1952638318044889	0.9995150899006424	ENSMUSG00000073985.4
ENSMUSG00000078630.9	16.546024743825043	0.7831923520287095	0.6928270045435827	1.1304298863821818	0.2582951267760096	0.9995150899006424	Tomt
ENSMUSG00000030842.13	5.297780368619791	-1.8517019642547488	1.2840325272930353	-1.4420989538002278	0.1492744601695551	0.9995150899006424	Lamtor1
ENSMUSG00000064307.14	7.142185738401584	-1.773049765285554	1.084546272634117	-1.634830905812085	0.1020844999981282	0.9995150899006424	Lrrc51
ENSMUSG00000066306.14	2.0682120275792104	-0.4227905186057251	1.8011168725289206	-0.2347379701196688	0.8144121151159478	0.9995150899006424	Numa1
ENSMUSG00000070427.5	2.290337212008883	-0.2818709379759093	1.7831488597650944	-0.1580748216461535	0.8743978405598508	0.9995150899006424	Il18bp
ENSMUSG00000078611.4	13.397913722864798	-0.2217820383759735	0.8284145751747478	-0.2677186580513631	0.7889158868583369	0.9995150899006424	Gm5901
ENSMUSG00000109735.2	28.637642138084576	-0.7330434411847572	0.5796957881117214	-1.264531252801654	0.2060394105840286	0.9995150899006424	ENSMUSG00000109735.2
ENSMUSG00000089847.9	10.35912690580618	0.2491790255552179	0.8208824472863838	0.3035501933059193	0.761470601944465	0.9995150899006424	Timm10b
ENSMUSG00000030888.15	15.541438931687566	-0.3941187875787776	0.7017852277199446	-0.5615945904977859	0.5743922668892352	0.9995150899006424	Rrp8
ENSMUSG00000030890.17	6.176761762357337	-0.3978305911135792	1.093607444132934	-0.3637782398500395	0.7160236130489239	0.9995150899006424	Ilk
ENSMUSG00000043866.12	130.91196318964847	-0.4242978533612336	0.3641249893425297	-1.1652533217435943	0.2439164676021123	0.9995150899006424	Taf10
ENSMUSG00000121844.1	14.82740243994928	-0.2866491049400228	0.7229691192723204	-0.396488725864999	0.6917445233146031	0.9995150899006424	ENSMUSG00000121844.1
ENSMUSG00000031028.15	2.1482757220933286	-0.8943258501939363	1.8281471110116965	-0.48919796706022	0.6247015486600006	0.9995150899006424	Tub
ENSMUSG00000046364.15	1.3716823490177057	-0.4855090581603879	2.2086190196101465	-0.2198247202661903	0.8260076665092935	0.9995150899006424	Rpl27a
ENSMUSG00000031016.10	2.2702489129701764	2.2764101976641755	1.866067013888176	1.219897345980625	0.2225037920665487	0.9995150899006424	Wee1
ENSMUSG00000109799.2	9.288720140475338	0.3775903078273753	1.030165180037927	0.3665337512315004	0.7139668324024024	0.9995150899006424	ENSMUSG00000109799.2
ENSMUSG00000110062.2	8.496129594673056	-0.6251881830145704	0.9338582651046232	-0.6694679550162018	0.5031970156242461	0.9995150899006424	ENSMUSG00000110062.2
ENSMUSG00000030788.17	16.044749265893937	0.0034769780712544	0.7163539954476092	0.0048537149137863	0.9961273110135792	0.9995150899006424	Rnf141
ENSMUSG00000005610.18	1.4989201480618195	-0.7717870836590563	2.5444730295102835	-0.3033190270472612	0.7616467473021472	0.9995150899006424	Eif4g2
ENSMUSG00000109959.2	1.7867779119815843	0.6213164077439082	1.8217308128220877	0.3410582965226414	0.7330596955057154	0.9995150899006424	ENSMUSG00000109959.2
ENSMUSG00000084984.9	4.05768084648962	-0.5152335144400009	1.36924945271136	-0.3762890052062799	0.7067020522724041	0.9995150899006424	Far1os
ENSMUSG00000108738.2	5.615836261766542	0.1740307581609632	1.106365421555195	0.1572995275976103	0.8750087925469799	0.9995150899006424	RP23-335G1.1
ENSMUSG00000109357.2	20.702048923211297	0.2304407896758971	0.6197016454719575	0.3718576372350862	0.7099988474962351	0.9995150899006424	ENSMUSG00000109357.2
ENSMUSG00000030982.20	1.8609758441089284	0.0236613894916693	2.052934585606002	0.0115256421990108	0.990804071635032	0.9995150899006424	9030624J02Rik
ENSMUSG00000108979.2	3.5468324513443275	-0.0705084969928245	1.4815347213374008	-0.0475915251781447	0.9620417863059132	0.9995150899006424	ENSMUSG00000108979.2
ENSMUSG00000030980.19	1.496704835120493	-0.2434605017429296	2.104354752205381	-0.1156936592975975	0.9078953316544704	0.9995150899006424	Knop1
ENSMUSG00000073856.12	34.52091506184761	-1.1452879900398214	0.512030996036976	-2.2367551943224844	0.0253023444237822	0.9995150899006424	Iqck
ENSMUSG00000008734.10	1.3126757596722467	-1.289172664305066	2.6537943877480656	-0.4857846825876444	0.6271198355615111	0.9995150899006424	Gprc5b
ENSMUSG00000030935.16	1.7749432280546562	1.555215002989261	2.1022481035506284	0.739786612418655	0.4594294835628789	0.9995150899006424	Acsm3
ENSMUSG00000109445.2	1.9134557408792436	-0.5456119882050332	1.9192662788645347	-0.2842815477005228	0.7761946258509882	0.9995150899006424	ENSMUSG00000109445.2
ENSMUSG00000030887.5	19.69769710102577	-0.0523179509579675	0.6586249499357253	-0.0794351185193837	0.9366865363442272	0.9995150899006424	Pdzd9
ENSMUSG00000108935.2	2.133848980965757	-1.807187724143935	1.9393894249351415	-0.9318333393533752	0.3514226619963371	0.9995150899006424	RP23-17C12.5
ENSMUSG00000085118.3	9.91635180409458	-0.3464361988558737	0.846960300939426	-0.4090347546061082	0.6825141561829041	0.9995150899006424	Gm15774
ENSMUSG00000053358.3	33.6042725664087	0.1705533117221168	0.5088811702584514	0.3351535126275079	0.7375092875269631	0.9995150899006424	ENSMUSG00000053358.3
ENSMUSG00000030876.8	1.6482847359797332	-0.006624584303238	2.1927824919212213	-0.0030210859160198	0.9975895258574664	0.9995150899006424	Mettl9
ENSMUSG00000108351.2	2.9317896026610586	0.5578978927259644	1.6243627276951644	0.3434564726300849	0.7312550812316814	0.9995150899006424	RP23-11L1.4
ENSMUSG00000046321.9	2.0478817898998103	-1.570504609532876	1.961041830326683	-0.8008521721697548	0.423217231328733	0.9995150899006424	Hs3st2
ENSMUSG00000053081.4	7.298131578503493	0.6215421784333282	1.1229346500559876	0.5534980850420272	0.5799223915008804	0.9995150899006424	1700069B07Rik
ENSMUSG00000108573.2	38.0621333033487	-0.1468182959034392	0.5378083606537954	-0.2729937030449977	0.7848580560408623	0.9995150899006424	ENSMUSG00000108573.2
ENSMUSG00000030779.17	17.717937703545996	-0.8935151112972349	0.7562374711470715	-1.1815271596393375	0.2373933706326209	0.9995150899006424	Rbbp6
ENSMUSG00000108452.2	14.864234774094584	0.0119363224320176	0.7766847562098425	0.0153682975448956	0.9877383553335474	0.9995150899006424	ENSMUSG00000108452.2
ENSMUSG00000030763.8	2.6136010875940467	-0.2846910857769157	1.7695636481961594	-0.1608820830305377	0.8721862741420892	0.9995150899006424	Lcmt1
ENSMUSG00000098129.2	4.588221659772284	0.8199789069922317	1.1740466526459994	0.6984210594563768	0.4849139099534796	0.9995150899006424	Gm27040
ENSMUSG00000046182.9	1.93798835641749	-1.807486589266432	2.2120610859921923	-0.8171051878776244	0.4138683184662892	0.9995150899006424	Gsg1l
ENSMUSG00000108420.2	2.1365927995422958	-2.363859680486846	2.0379488186187262	-1.1599210239681166	0.2460809620964759	0.9995150899006424	ENSMUSG00000108420.2
ENSMUSG00000120896.1	1.4951370766961103	-1.3972647075212452	2.3149450047014954	-0.6035844068362297	0.546119982433733	0.9995150899006424	ENSMUSG00000120896.1
ENSMUSG00000066175.4	4.964431644923572	0.0290926550813297	1.3453395904952117	0.0216247669264092	0.9827472769989786	0.9995150899006424	2510046G10Rik
ENSMUSG00000030714.15	4.04423953689071	0.3839102452244716	1.360185233228261	0.2822485025170431	0.7777529698388124	0.9995150899006424	Sgf29
ENSMUSG00000059772.13	1.5045417726964352	-2.416872188937733	2.394336032246429	-1.0094122781379855	0.3127769524497075	0.9995150899006424	Slx1b
ENSMUSG00000047721.9	3.6543301839707154	0.6654467634036024	1.3718372644662082	0.4850770427660985	0.6276216961193147	0.9995150899006424	Bola2
ENSMUSG00000030695.17	2.150729953748817	1.801128158751394	2.0059409041415948	0.8978969196114743	0.369240507070276	0.9995150899006424	Aldoa
ENSMUSG00000058966.14	319.7783554220588	0.3204220345847386	0.3544783220182743	0.9039256131668892	0.3660348466229806	0.9995150899006424	Fam57b
ENSMUSG00000052301.15	10.928732928105354	-0.9658110059546422	0.8719938701856125	-1.1075892147602595	0.2680392633923726	0.9995150899006424	Doc2a
ENSMUSG00000030689.16	8.913716287093676	-0.6499567805484838	1.0820761923034266	-0.6006571304049434	0.5480683778197428	0.9995150899006424	Ino80e
ENSMUSG00000093768.2	10.792580287042346	-0.4287291978540158	0.8956548963958982	-0.4786767755965112	0.6321685902617278	0.9995150899006424	ENSMUSG00000093768.2
ENSMUSG00000042492.13	3.170910920031544	-0.4823847201443156	1.4201042947769895	-0.3396826007205818	0.7340955660693693	0.9995150899006424	Tbc1d10b
ENSMUSG00000108806.2	18.686407460939435	-0.4434129947833121	0.6665312359940156	-0.6652546359992246	0.5058876403048262	0.9995150899006424	ENSMUSG00000108806.2
ENSMUSG00000048921.12	1.6185235568267624	-2.625701979795068	2.3316675289144824	-1.1261047929150836	0.2601211655499589	0.9995150899006424	Zfp689
ENSMUSG00000086502.3	2.323718327224604	2.4139221850921757	1.8152626339150144	1.3297922515410452	0.1835867296013295	0.9995150899006424	ENSMUSG00000086502.3
ENSMUSG00000101225.2	13.00189102284712	0.5119656309889211	0.7844735221662863	0.652623213560035	0.513999216379746	0.9995150899006424	1700008J07Rik
ENSMUSG00000053877.14	5.077146961836195	-2.73478914478981	1.4932391370865796	-1.8314475403622128	0.0670337709902924	0.9995150899006424	Srcap
ENSMUSG00000101845.2	12.304768038061404	-0.7272622208830314	0.794262211290595	-0.9156449980181034	0.3598531219494808	0.9995150899006424	Gm28198
ENSMUSG00000057176.5	24.580387670465893	-0.5393406943315417	0.5862502369337537	-0.919983754978827	0.3575812484951727	0.9995150899006424	Ccdc189
ENSMUSG00000108677.2	13.534309781693972	-0.4504218238535937	0.7432280263288488	-0.6060344980240291	0.5444918453053517	0.9995150899006424	RP24-159C12.10
ENSMUSG00000076454.3	7.611095059652521	-0.8206937609599099	1.1125712515968704	-0.7376550129099331	0.4607241162074758	0.9995150899006424	ENSMUSG00000076454.3
ENSMUSG00000042308.15	3.7560628057497434	-0.2943056346508301	1.5829538201455788	-0.1859218070074614	0.852506080831754	0.9995150899006424	Setd1a
ENSMUSG00000108402.2	13.309011049531737	-0.0620992501594916	0.7795318573290999	-0.0796622351936475	0.9365058959074752	0.9995150899006424	ENSMUSG00000108402.2
ENSMUSG00000030805.15	38.916188068176936	0.4503228506600786	0.482603450130506	0.9331115443503398	0.3507623791900284	0.9995150899006424	Stx4a
ENSMUSG00000049728.15	9.584494237274455	-0.190543985356304	0.8589174110910223	-0.2218420338158816	0.8244368563736553	0.9995150899006424	Zfp668
ENSMUSG00000049739.11	2.8845637610816417	1.6247743741798748	1.5056073758396396	1.0791487875607535	0.280521405273208	0.9995150899006424	Zfp646
ENSMUSG00000108353.2	2.707541793933801	1.2476062197663111	1.806401831252068	0.6906581903216741	0.4897803696065839	0.9995150899006424	ENSMUSG00000108353.2
ENSMUSG00000062944.5	5.422532913126768	0.0261592252962218	1.1128746833179313	0.0235059937011331	0.9812466575249286	0.9995150899006424	9130023H24Rik
ENSMUSG00000042178.7	2.710560690677417	-2.1695391948950657	1.8855389543409533	-1.1506201926511657	0.2498885220408478	0.9995150899006424	Armc5
ENSMUSG00000030781.14	4.736245047677106	-1.269999730192232	1.2739479897921329	-0.996900768609443	0.3188126785749656	0.9995150899006424	Slc5a2
ENSMUSG00000042105.19	2.6934258633940025	-3.3805375138210967	2.047952800980072	-1.650691125402549	0.0988016608716171	0.9995150899006424	Inpp5f
ENSMUSG00000108720.2	6.516163411878355	-0.8454730206227823	1.050079485653722	-0.8051514501270702	0.4207322888518454	0.9995150899006424	RP23-172P1.4
ENSMUSG00000006205.14	2.783552049269908	-3.4054726108288107	2.0636486841868145	-1.650219166142005	0.0988981181538048	0.9995150899006424	Htra1
ENSMUSG00000063179.14	35.561012422888346	-0.2347001385451434	0.4966270567364488	-0.4725883041642144	0.6365069283664395	0.9995150899006424	Pstk
ENSMUSG00000109570.2	2.5752059689841347	-0.1684306850157667	1.5344772135131768	-0.1097642138524465	0.912596372714256	0.9995150899006424	ENSMUSG00000109570.2
ENSMUSG00000109270.2	1.8752933860944256	-0.7385912344159916	2.1239837270037065	-0.3477386502663646	0.7280364672994544	0.9995150899006424	RP23-218E6.2
ENSMUSG00000097595.3	3.147423826936281	-0.3424564173945514	1.4956506063796893	-0.2289681934629689	0.8188936373860716	0.9995150899006424	1500002F19Rik
ENSMUSG00000030967.16	9.144500491072977	0.1272070686789441	0.8793353381964497	0.1446627505495807	0.8849771504741588	0.9995150899006424	Zranb1
ENSMUSG00000097471.10	1.9707091622148207	1.9254295674369863	2.251561115098107	0.8551531444231261	0.3924663717822187	0.9995150899006424	5830432E09Rik
ENSMUSG00000109847.2	1.8207183583470616	-1.5854404309280303	2.040009687653095	-0.7771729911498516	0.4370567147704023	0.9995150899006424	ENSMUSG00000109847.2
ENSMUSG00000041769.14	2.0880738506733527	1.8883386214256528	1.8700677408353632	1.009770170454963	0.3126054146621481	0.9995150899006424	Ppp2r2d
ENSMUSG00000109881.2	28.565216082761182	0.5335608733225282	0.5427217678410371	0.983120458656097	0.3255481563117399	0.9995150899006424	ENSMUSG00000109881.2
ENSMUSG00000025477.15	3.93355118573848	-0.6613140271893416	1.384351914159185	-0.4777065863278013	0.6328590558599614	0.9995150899006424	Inpp5a
ENSMUSG00000041309.18	7.303074396890126	-1.9879827860912795	1.0664183993486689	-1.8641677481422585	0.0622981509886774	0.9995150899006424	Nkx6-2
ENSMUSG00000025474.10	2.125582610952533	-0.8057508143826964	1.8570881193884117	-0.4338786113434679	0.664376592331964	0.9995150899006424	Tubgcp2
ENSMUSG00000039018.16	5.734930695321137	0.4830157388304355	1.3721270515335338	0.3520196896421518	0.7248234961996067	0.9995150899006424	Mtg1
ENSMUSG00000025484.10	9.119094272105444	-0.0960415672256351	0.873869037970774	-0.1099038449155434	0.9124856332171528	0.9995150899006424	Bet1l
ENSMUSG00000025485.14	10.995989080246956	-0.9324445280462982	0.8936778700758988	-1.0433787825216114	0.2967728963144143	0.9995150899006424	Ric8
ENSMUSG00000025486.18	2.5972115252778405	0.9836103091324124	1.8872863997756717	0.5211770239266957	0.6022434582346061	0.9995150899006424	Sirt3
ENSMUSG00000120837.1	11.44266837100399	-0.0559696575435366	0.7930627620841578	-0.07057405822012	0.9437367574586948	0.9995150899006424	ENSMUSG00000120837.1
ENSMUSG00000086844.3	2.1158916602251696	-0.4697892151367146	1.861332422307212	-0.2523940428407668	0.8007365042591896	0.9995150899006424	ENSMUSG00000086844.3
ENSMUSG00000048200.13	2.8293362719111848	-0.7519851773656722	1.6473091703779217	-0.4564930438608277	0.6480354718392629	0.9995150899006424	Cracr2b
ENSMUSG00000073787.5	8.347815160035418	-0.6570987214185637	0.9470354565236622	-0.6938480675587522	0.4877774945798875	0.9995150899006424	ENSMUSG00000073787.5
ENSMUSG00000038489.9	1.6432433540297502	-0.0058119298404862	2.048917088168476	-0.0028365861527766	0.9977367347384348	0.9995150899006424	Polr2l
ENSMUSG00000025511.16	9.690948828523323	-0.1842472750434739	0.9233368227232974	-0.1995450311404818	0.8418364217959168	0.9995150899006424	Tspan4
ENSMUSG00000025512.16	8.139084569961758	0.455378360968708	0.9693156786130956	0.4697936606372311	0.6385024440045652	0.9995150899006424	Chid1
ENSMUSG00000097170.2	32.919118294464035	0.3367009358200236	0.6065274374812463	0.5551289439077262	0.5788064665404484	0.9995150899006424	Gm16982
ENSMUSG00000059277.14	184.71563900540116	-0.5802852905036677	0.3219693702402529	-1.8022996723901408	0.071498270059778	0.9995150899006424	ENSMUSG00000059277.14
ENSMUSG00000037706.18	8.441945559283228	-1.3621279275741898	1.0429035875997326	-1.306091899356833	0.1915213074063996	0.9995150899006424	Cd81
ENSMUSG00000009246.15	8.119087941248994	-0.4742753053668312	0.9862507519144924	-0.4808871419830874	0.6305967117408533	0.9995150899006424	Trpm5
ENSMUSG00000108934.2	4.329929962878723	1.746970575624949	1.489102623706801	1.1731700339606153	0.2407276262841652	0.9995150899006424	RP23-124B2.7
ENSMUSG00000073778.3	2.6521443874940074	-0.1354117190384544	1.691285283820078	-0.0800643867323212	0.9361860470557326	0.9995150899006424	Faddos
ENSMUSG00000031072.15	14.849746935654276	1.8470006607874097	0.7416728400961439	2.490317240884783	0.0127629116761846	0.9995150899006424	Oraov1
ENSMUSG00000070348.6	2.446618616062028	-2.957246297434961	2.102214840919527	-1.406728865134182	0.159507803012595	0.9995150899006424	Ccnd1
ENSMUSG00000069633.13	2.3927182091199213	0.6252313141468365	1.9227113761651635	0.3251820953979357	0.7450432587524225	0.9995150899006424	Pex11g
ENSMUSG00000108955.2	1.5782763119094143	-2.178850623301431	2.294754514842386	-0.949491812395926	0.3423705342736117	0.9995150899006424	ENSMUSG00000108955.2
ENSMUSG00000019470.13	3.16559268783524	-0.0796532558188939	1.6020574949596675	-0.0497193490679928	0.9603460372011836	0.9995150899006424	Xab2
ENSMUSG00000087687.4	3.2540973122529704	2.554276130044423	2.0559293540444115	1.2423948931025608	0.2140908989364811	0.9995150899006424	Pet100
ENSMUSG00000004630.19	3.6597054871548114	-1.1358790731549948	1.4898170723296085	-0.7624285519690244	0.4458042707961177	0.9995150899006424	Pcp2
ENSMUSG00000108888.2	6.978975472991429	-0.6991714571441209	1.0702119359764282	-0.6533018682007302	0.513561688265311	0.9995150899006424	RP23-316J6.5
ENSMUSG00000005540.11	2.9169995599992213	1.192222637037968	1.761495110755965	0.6768242669298766	0.4985174594102478	0.9995150899006424	Fcer2a
ENSMUSG00000086805.10	25.72088083862474	-0.0028957732490086	0.5706336865812638	-0.0050746622870401	0.9959510226882332	0.9995150899006424	4932443L11Rik
ENSMUSG00000011832.17	2.7733775325772734	1.317399553487236	1.5170414861885793	0.8684004791438338	0.3851751326540726	0.9995150899006424	Evi5l
ENSMUSG00000038894.8	1.7758003209856092	2.722415482130942	2.202637800874705	1.235979642703773	0.2164661307868819	0.9995150899006424	Irs2
ENSMUSG00000096938.8	13.048782319608828	-0.8512320271488012	0.8547405580624086	-0.9958952095106368	0.3193010631474057	0.9995150899006424	9530052E02Rik
ENSMUSG00000084783.2	2.463436165601124	3.545266247265767	2.1717626548918214	1.6324372459762928	0.1025874082162424	0.9995150899006424	Gm15419
ENSMUSG00000096957.3	1.4958446073626337	0.2188701448502646	2.263755252820931	0.0966845442224923	0.92297691424466	0.9995150899006424	E230013L22Rik
ENSMUSG00000031505.12	1.7180215288417269	-0.559627989849766	1.869410450424417	-0.2993606833227621	0.7646648575386124	0.9995150899006424	Carkd
ENSMUSG00000096014.2	1.2006324382369251	-3.262349319598448	2.944562516211154	-1.107923265896965	0.2678949567076927	0.9995150899006424	Sox1
ENSMUSG00000084780.8	22.610416109583703	-0.186951350018806	0.6131605453562059	-0.3048978794129678	0.7604439308987302	0.9995150899006424	Gm15350
ENSMUSG00000085465.2	6.678566007395137	-1.1438362611780146	1.087992611557041	-1.051327232398256	0.2931083238788419	0.9995150899006424	Gm15347
ENSMUSG00000031442.22	1.5729549448862048	-0.919773340244944	2.289131978074444	-0.4018000486886005	0.6878311863181193	0.9995150899006424	Mcf2l
ENSMUSG00000086770.2	8.254189925975732	-0.4547061137527562	1.181559525330039	-0.3848355533554228	0.7003592561713005	0.9995150899006424	Gm15351
ENSMUSG00000031445.6	4.6240974340058605	-0.759243238435261	1.236893125056928	-0.6138309147771494	0.5393270661629455	0.9995150899006424	Proz
ENSMUSG00000091443.2	6.227326173951894	-0.2954047608380275	1.0654425546554285	-0.2772601484212009	0.7815803573757397	0.9995150899006424	Gm17023
ENSMUSG00000031447.8	2.126041621057072	-0.9757411104956404	1.95135803351296	-0.500031820782293	0.6170526716419888	0.9995150899006424	Lamp1
ENSMUSG00000038515.11	171.11845300445114	-0.6612996766832603	0.3252591134860249	-2.033147264024852	0.0420376471162367	0.9995150899006424	Grtp1
ENSMUSG00000038457.18	10.966702273201212	-0.0634499924913839	0.8064420491642539	-0.0786789237455308	0.9372880099163032	0.9995150899006424	Tmem255b
ENSMUSG00000031451.7	1.6581251340711525	-0.7702134498363569	2.427818376025094	-0.3172450861408242	0.751057641614425	0.9995150899006424	Gas6
ENSMUSG00000090024.2	10.988957795271295	-0.7234677972823931	0.8120067261521552	-0.8909628134617551	0.3729491202819026	0.9995150899006424	Gm16350
ENSMUSG00000055675.7	2.385798455524886	1.7631565253973067	1.928086121795908	0.9144594245380604	0.3604754891350453	0.9995150899006424	Kbtbd11
ENSMUSG00000102615.2	99.73754176773052	-0.4385085636800376	0.3817834898730174	-1.148579169376568	0.2507295505480168	0.9995150899006424	ENSMUSG00000102615.2
ENSMUSG00000110530.2	9.73220492761189	-1.2004195888890294	0.8985144908770705	-1.3360047067435263	0.1815477348877893	0.9995150899006424	ENSMUSG00000110530.2
ENSMUSG00000031534.16	7.663383194581168	-1.217740303521914	1.0040343786063752	-1.2128472186501895	0.2251882385455895	0.9995150899006424	Smim19
ENSMUSG00000037656.10	2.799113586823467	1.0535417600048975	1.5532833815311369	0.6782675798452031	0.4976020506051214	0.9995150899006424	Slc20a2
ENSMUSG00000031540.15	3.275727124242812	0.5840883867665978	1.453766825809843	0.4017758394240578	0.6878490046402945	0.9995150899006424	Kat6a
ENSMUSG00000086741.2	16.56050893499025	-0.1963166544021656	0.698786705670737	-0.2809393092470602	0.7787569498789811	0.9995150899006424	Gm15816
ENSMUSG00000110256.2	42.13473681696277	-0.4361287511076152	0.4689106959609371	-0.9300891510138364	0.3523249274776453	0.9995150899006424	ENSMUSG00000110256.2
ENSMUSG00000097654.2	2.40815380455434	-1.438542906676113	1.7462041831426296	-0.8238113964926936	0.4100467310643395	0.9995150899006424	Gm26714
ENSMUSG00000086289.4	4.753719441449121	2.061996786877656	1.2399114364247918	1.6630194111470546	0.0963085499787924	0.9995150899006424	ENSMUSG00000086289.4
ENSMUSG00000110148.3	3.217064796327627	-0.0208649376459347	1.831338654880781	-0.0113932710317268	0.9909096816110928	0.9995150899006424	ENSMUSG00000110148.3
ENSMUSG00000065954.12	2.851008219102626	-1.9289863593166108	1.7088604550431827	-1.1288144410058722	0.2589761194398474	0.9995150899006424	Tacc1
ENSMUSG00000031565.20	1.559644058096091	0.028899354853256	2.2710766429265874	0.0127249579811693	0.9898472264879224	0.9995150899006424	Fgfr1
ENSMUSG00000086134.2	29.613856389652867	0.0940578047848378	0.5615951556597973	0.1674832908313335	0.866989793817792	0.9995150899006424	ENSMUSG00000086134.2
ENSMUSG00000037363.10	3.3365450856684897	-1.45491765779238	1.4495963795761224	-1.003670868864762	0.3155372828807886	0.9995150899006424	Letm2
ENSMUSG00000043794.10	2.818848319302821	2.3375225774313084	1.8650879921153116	1.2533041804532663	0.2100950276335512	0.9995150899006424	ENSMUSG00000043794.10
ENSMUSG00000091514.4	28.931284527863465	0.2272752307596177	0.534570128940798	0.4251551264376534	0.6707235938178824	0.9995150899006424	Gm17484
ENSMUSG00000031574.9	4.762933820957798	-0.0168593832150042	1.1801979559347968	-0.0142852164166396	0.9886024340200452	0.9995150899006424	Star
ENSMUSG00000110183.2	8.769021870985519	-0.7375737373266	0.9399559403652296	-0.7846896919870607	0.4326355279476099	0.9995150899006424	ENSMUSG00000110183.2
ENSMUSG00000085437.9	4.112184179594848	0.5729463519635797	1.2993514643350568	0.4409479403302054	0.6592506860649303	0.9995150899006424	1700047A11Rik
ENSMUSG00000109954.2	68.53013776626337	0.2693897732280045	0.4021657097552948	0.669847693857141	0.5029548863925514	0.9995150899006424	ENSMUSG00000109954.2
ENSMUSG00000091154.4	9.421795454688615	0.5468178680559721	0.8806726534103027	0.620909330996578	0.5346592813923925	0.9995150899006424	Proscos
ENSMUSG00000031485.16	1.4344100318349329	-1.4127900678442968	2.542868378423421	-0.555589144853902	0.578491753877703	0.9995150899006424	Prosc
ENSMUSG00000031486.16	2.0598141841413726	-1.3038281300209784	1.914629084947794	-0.6809820974053206	0.4958828184583489	0.9995150899006424	Adgra2
ENSMUSG00000031577.11	13.796503512738902	0.6127311550181233	0.7214966142329352	0.8492502153590189	0.3957420766658286	0.9995150899006424	Tti2
ENSMUSG00000031578.6	1.6458893473912788	0.1519011192077305	2.0669511761559325	0.0734904244280374	0.9414158636708172	0.9995150899006424	Mak16
ENSMUSG00000009630.11	1.631626677282109	-0.0158394755908969	2.025298189123355	-0.0078208116098464	0.9937599587757387	0.9995150899006424	Ppp2cb
ENSMUSG00000052906.8	5.887770055260298	-1.0270510537002693	1.140718755632194	-0.9003543148819979	0.3679317248301065	0.9995150899006424	Ubxn8
ENSMUSG00000097357.4	22.692763889770216	-0.5863875796897343	0.6228522731298424	-0.9414553096886482	0.3464715809845139	0.9995150899006424	Gm16793
ENSMUSG00000121133.1	24.330311627396284	-0.0280333745400667	0.5766080204802934	-0.0486177325745762	0.961223938124574	0.9995150899006424	ENSMUSG00000121133.1
ENSMUSG00000031603.15	6.775115529461334	1.2174231821644397	0.9941781926605284	1.2245522896720191	0.2207439533705597	0.9995150899006424	Fgf20
ENSMUSG00000039478.16	4.024496335646078	2.02321859042328	1.3117323232577172	1.5424020240643082	0.1229759300241303	0.9995150899006424	Micu3
ENSMUSG00000039470.17	8.332833861537148	0.5013917604820893	0.9084208069785176	0.5519377766673572	0.5809909852160517	0.9995150899006424	Zdhhc2
ENSMUSG00000031600.12	7.377520339944874	0.7711274969263178	1.166055426621118	0.6613129010177639	0.5084116696801411	0.9995150899006424	Vps37a
ENSMUSG00000084960.2	3.200496406347213	-0.5729739240621863	1.531787101986792	-0.3740558484393915	0.7083627660042215	0.9995150899006424	ENSMUSG00000084960.2
ENSMUSG00000086773.2	7.601172726074445	-1.027763071934984	1.045044067643129	-0.9834638593307184	0.3253791941448642	0.9995150899006424	Gm16192
ENSMUSG00000097491.2	47.024260790332704	-0.8086077984662388	0.4942904515504354	-1.6358960524725643	0.1018613443168777	0.9995150899006424	Gm2366
ENSMUSG00000109785.2	1.9878620783380525	0.3301929474999572	1.88661846397662	0.1750184013380085	0.8610651745722329	0.9995150899006424	ENSMUSG00000109785.2
ENSMUSG00000085440.2	25.122138857505234	-1.176236910552657	0.677440706330306	-1.7362949990477072	0.0825116870382782	0.9995150899006424	Sorbs2os
ENSMUSG00000031631.16	5.038541174543343	0.1689137215637192	1.1805859271100474	0.1430761774174308	0.8862300190224427	0.9995150899006424	Cfap97
ENSMUSG00000038143.17	8.347090064625402	1.0349334274411446	0.9102526706882612	1.1369737884521776	0.2555492433267435	0.9995150899006424	Stox2
ENSMUSG00000097706.2	6.990278319089136	-0.2195142073507008	0.9856917551899206	-0.222700662955637	0.8237684853554013	0.9995150899006424	E030037K01Rik
ENSMUSG00000031561.17	1.816348774642907	-2.255675482097721	2.233863874162335	-1.0097640721029006	0.3126083370832253	0.9995150899006424	Tenm3
ENSMUSG00000031519.5	13.385871717997674	0.1705807696104293	0.745905145303276	0.2286896272059811	0.8191101574564257	0.9995150899006424	Asb5
ENSMUSG00000096917.4	9.549291821401477	-0.7957596771511218	0.8669912217903254	-0.9178405238150954	0.3587023631719501	0.9995150899006424	2500002B13Rik
ENSMUSG00000031608.14	1.577446597534253	-0.4752186482075698	2.0537149650158275	-0.231394646434739	0.8170082238477427	0.9995150899006424	Galnt7
ENSMUSG00000110419.3	1.7413927078821638	-0.1277344115698696	1.987448339091734	-0.0642705569032523	0.948754797157106	0.9995150899006424	ENSMUSG00000110419.3
ENSMUSG00000096914.5	2.2864857781950456	-1.0586751263130152	1.9927115847917096	-0.5312736345755096	0.5952291730121296	0.9995150899006424	Galntl6
ENSMUSG00000049946.8	2.176257602663546	-0.3656909386322939	1.7620704296389107	-0.2075348025148078	0.8355922157931719	0.9995150899006424	BC030500
ENSMUSG00000037852.9	13.8192742780657	-1.414027623961737	0.9779558734246618	-1.4459012542253205	0.1482049001048641	0.9995150899006424	Cpe
ENSMUSG00000110378.2	4.159935391982569	0.2707391788893064	1.2878578250496089	0.2102244313178572	0.8334925121666024	0.9995150899006424	ENSMUSG00000110378.2
ENSMUSG00000087266.3	5.5654993442987175	-1.3969990736678803	1.1511036247772275	-1.2136171267276137	0.2248939638604515	0.9995150899006424	Gm15991
ENSMUSG00000047654.7	2.515404264601663	0.1301785170806772	1.5615759966938827	0.0833635489763462	0.9335624712951884	0.9995150899006424	Tssk6
ENSMUSG00000002341.9	2.4792403486614294	-0.0325452839871236	1.8984633872618728	-0.0171429610944792	0.986322565942814	0.9995150899006424	Ncan
ENSMUSG00000036120.11	11.520842761575588	0.7823388958697343	0.8677462469796572	0.9015756606182992	0.3672823252108156	0.9995150899006424	Rfxank
ENSMUSG00000071078.7	19.67419948859396	0.5124665387902898	0.6640444626912225	0.7717352791609441	0.4402712311903111	0.9995150899006424	Nr2c2ap
ENSMUSG00000002343.12	2.8055435872661456	1.0831237120340271	1.6234487872779717	0.6671745487272778	0.5046606462121579	0.9995150899006424	Armc6
ENSMUSG00000036054.16	2.5137386809622715	-0.153204173817259	1.601836350457876	-0.0956428375304796	0.9238042416996762	0.9995150899006424	Sugp2
ENSMUSG00000003573.16	14.260536083217568	0.5012632527569478	0.7219199391201101	0.6943474277326336	0.4874643545635494	0.9995150899006424	Homer3
ENSMUSG00000057788.14	21.1434199258978	1.1674143688665746	0.6546028645244408	1.783393309338302	0.0745223016071314	0.9995150899006424	Ddx49
ENSMUSG00000087408.11	1.5570665096494185	0.3030549172171546	2.705986769627517	0.1119942346424962	0.9108279779012116	0.9995150899006424	Cers1
ENSMUSG00000058301.9	4.613525031853913	0.5422774717892427	1.2316049438458192	0.4403014736981511	0.6597187735211714	0.9995150899006424	Upf1
ENSMUSG00000055553.17	37.61683477218741	0.2389911253472333	0.5075248777485195	0.470895390207166	0.6377154401218769	0.9995150899006424	Kxd1
ENSMUSG00000019428.17	1.8005805213703985	-0.8829454457277551	2.197167096087989	-0.4018563027362922	0.6877897833031592	0.9995150899006424	Fkbp8
ENSMUSG00000071076.9	8.773678233648665	0.7905705533543755	0.8875318579046492	0.8907517474593115	0.3730623667064171	0.9995150899006424	Jund
ENSMUSG00000080058.3	271.27181089742004	0.550179111594044	0.3085893918668546	1.782884072150564	0.0746051763852665	0.9995150899006424	Gm11175
ENSMUSG00000110575.3	4.827399735998713	1.3606915199336365	1.2673914331042355	1.0736158414775456	0.2829948945722497	0.9995150899006424	ENSMUSG00000110575.3
ENSMUSG00000035439.14	2.9040542409084638	-0.3272976102455356	1.6630070509897792	-0.1968107170987257	0.843975664115753	0.9995150899006424	Haus8
ENSMUSG00000120986.1	13.715809598786214	0.4095044617142254	0.7535035040914935	0.5434672294032249	0.5868081480499365	0.9995150899006424	ENSMUSG00000120986.1
ENSMUSG00000002396.9	36.16362383069674	-0.0455256090587827	0.4971255982980708	-0.0915776801972006	0.9270335855399404	0.9995150899006424	Ocel1
ENSMUSG00000002393.15	6.307901551335415	0.0097135139046138	1.0904230507543806	0.008908023264818	0.9928925197696892	0.9995150899006424	Nr2f6
ENSMUSG00000034863.10	3.4422866303584647	-0.0138067107239207	1.3707660618246045	-0.0100722589422318	0.991963635979872	0.9995150899006424	Ano8
ENSMUSG00000034807.10	3.161161126237145	-0.5057889047745286	1.4418255114349503	-0.350797583177143	0.7257402104750116	0.9995150899006424	Colgalt1
ENSMUSG00000034799.17	6.541220332195986	-1.2426862144248725	1.1797552224092829	-1.0533424144434576	0.2921840862704247	0.9995150899006424	Unc13a
ENSMUSG00000097472.2	17.059556751732174	1.1055664545935888	0.6651537846466932	1.6621215726538	0.0964884009529914	0.9995150899006424	Gm26586
ENSMUSG00000052794.14	4.730128680517259	-1.3649920759990803	1.3715134950404977	-0.9952450930559564	0.3196170751488201	0.9995150899006424	1700030K09Rik
ENSMUSG00000110593.2	11.060075588431436	-0.2657893299709131	0.9767614379813616	-0.2721128411049996	0.7855352561962639	0.9995150899006424	ENSMUSG00000110593.2
ENSMUSG00000074235.5	3.720928325157038	0.0817999262715476	1.317751903316985	0.0620753618838603	0.9505028175186646	0.9995150899006424	ENSMUSG00000074235.5
ENSMUSG00000036990.14	2.1274281553386785	2.004117241101669	1.9286100182571095	1.03915110993398	0.2987344639976096	0.9995150899006424	Otud4
ENSMUSG00000031714.11	1.2911891071659305	0.1144882936159601	2.365287220597676	0.0484035480422671	0.9613946316924632	0.9995150899006424	Gab1
ENSMUSG00000109587.2	9.951196055140192	1.0218855950895855	0.8399398387947571	1.2166176050845563	0.223749741267932	0.9995150899006424	ENSMUSG00000109587.2
ENSMUSG00000037982.19	19.272943102461586	0.1027054296569137	0.64570760037479	0.1590587281260126	0.8736226043663522	0.9995150899006424	Gm9725
ENSMUSG00000109876.2	7.71777563543809	0.7041017970029526	0.9365596724595	0.7517959802325359	0.4521737597560641	0.9995150899006424	ENSMUSG00000109876.2
ENSMUSG00000074228.4	18.563760516967783	0.926100644827976	0.6933541282172461	1.3356820232817657	0.1816532275872396	0.9995150899006424	Gm10645
ENSMUSG00000057672.17	3.5947758670676837	1.6123058292193648	1.4799264468433158	1.089449974124332	0.2759555039370057	0.9995150899006424	Pkn1
ENSMUSG00000019464.7	44.74530636794776	-0.0623344807391663	0.4678786720464364	-0.1332278739411736	0.894013167123758	0.9995150899006424	Ptger1
ENSMUSG00000005481.19	8.046505103558909	-0.8265461653209898	1.0093413901500228	-0.8188965333108322	0.4128454479818008	0.9995150899006424	Ddx39
ENSMUSG00000013033.17	2.352933421401496	-2.5150393083446336	2.073168259766337	-1.2131380540372054	0.2250770429794852	0.9995150899006424	Adgrl1
ENSMUSG00002075713.1	41.08185883021065	-0.2750794676755773	0.499260532628356	-0.5509737896312813	0.5816516421711684	0.9995150899006424	ENSMUSG00002075713.1
ENSMUSG00002076814.1	42.54864009031054	-0.764671089512831	0.4918035852356726	-1.5548302461975751	0.1199865035810792	0.9995150899006424	ENSMUSG00002076814.1
ENSMUSG00000074219.4	225.7220772695468	-0.5165793600074433	0.3135417142330091	-1.6475618284830398	0.0994426188589978	0.9995150899006424	Gm10644
ENSMUSG00000120736.1	3.614472980146728	-1.26510899340811	1.3984084944737882	-0.904677709272756	0.3656361534974784	0.9995150899006424	ENSMUSG00000120736.1
ENSMUSG00000086067.2	22.888476628660182	0.2644840275539206	0.6634738640877871	0.3986351865081539	0.6901620310223977	0.9995150899006424	Gm16183
ENSMUSG00000001910.6	1.6706704834915096	-1.970216912456279	2.279101304627141	-0.8644709686472689	0.3873292217000218	0.9995150899006424	Nacc1
ENSMUSG00000001909.17	1.5262788326087229	-1.9396239295114288	2.5754672967214405	-0.7531153402648763	0.4513806069239209	0.9995150899006424	Trmt1
ENSMUSG00000001911.17	6.178773576873347	0.676520892507369	1.0662341409716465	0.6344956201560604	0.5257574242570121	0.9995150899006424	Nfix
ENSMUSG00000034041.6	18.05972370732837	-0.3046332537471724	0.653194543365871	-0.4663744620054787	0.6409474880277284	0.9995150899006424	Lyl1
ENSMUSG00000074203.5	64.91475102056145	0.111092539907858	0.4204988884440335	0.2641922320387868	0.7916317964274038	0.9995150899006424	G430095P16Rik
ENSMUSG00000053226.8	10.833556709695818	-0.1698544831146025	0.8706323573025452	-0.1950932350376429	0.8453199584824802	0.9995150899006424	Dand5
ENSMUSG00000033751.6	22.908827266784524	0.0443850959490366	0.6065444807435674	0.0731769843072755	0.9416652811377624	0.9995150899006424	Gadd45gip1
ENSMUSG00000003813.16	15.501022263586725	-0.6293092990557282	0.7023001909497286	-0.8960688138283233	0.3702160118961543	0.9995150899006424	Rad23a
ENSMUSG00000119989.1	9.148839956128638	-1.1750072469458448	0.9942571484896128	-1.18179411506451	0.2372874034535096	0.9995150899006424	ENSMUSG00000119989.1
ENSMUSG00000003812.14	28.146190757417877	0.4116712119899675	0.5681449652427327	0.7245883307512656	0.4687046199112876	0.9995150899006424	Dnase2a
ENSMUSG00000052926.17	64.5579063294381	-0.1821091608518621	0.4182216310805812	-0.4354369724524702	0.6632452785852523	0.9995150899006424	Rnaseh2a
ENSMUSG00000052837.8	2.802042700085129	-0.4031073132649352	1.6569148638924591	-0.2432878852435104	0.8077823886816733	0.9995150899006424	Junb
ENSMUSG00000031691.15	1.539017633347634	0.9898270072274764	2.2477169390392118	0.4403699549688755	0.6596691819360592	0.9995150899006424	Tnpo2
ENSMUSG00000087026.9	30.78289057216459	0.2845380914060146	0.5447616416047669	0.5223166788465836	0.6014498582685361	0.9995150899006424	ENSMUSG00000087026.9
ENSMUSG00000121028.1	5.958547987891081	0.1215056667998485	1.0672747086710588	0.1138466655423176	0.9093593452941252	0.9995150899006424	ENSMUSG00000121028.1
ENSMUSG00000005150.17	21.409425537481244	0.0495243353686732	0.6135633392115385	0.0807159297234327	0.935667868065641	0.9995150899006424	Wdr83
ENSMUSG00000031700.12	28.56127055134065	-1.385438388477195	0.5834009029932755	-2.374762159895327	0.0175602612084611	0.9995150899006424	Gpt2
ENSMUSG00000031703.9	1.8702520041444424	0.0647536568307283	2.118526895445218	0.0305654164551543	0.9756161229262778	0.9995150899006424	Itfg1
ENSMUSG00000109754.3	40.76465673037011	-0.0260750973647566	0.4949625685669429	-0.0526809480568428	0.957986119191764	0.9995150899006424	ENSMUSG00000109754.3
ENSMUSG00000074178.4	8.379690379820323	-0.0374856999472771	1.0283770689927665	-0.0364513183709864	0.970922495200133	0.9995150899006424	Gm10638
ENSMUSG00000110166.2	6.812571798794021	-0.7687169819441717	1.0915103096245384	-0.7042690986662303	0.4812652064842	0.9995150899006424	ENSMUSG00000110166.2
ENSMUSG00000031666.16	5.7335748717893305	-1.2410029622657546	1.178686444269489	-1.0528694618481738	0.2924008239455711	0.9995150899006424	Rbl2
ENSMUSG00000031667.17	5.1811029228765	-0.6249288927880519	1.3055919052491949	-0.4786556122747814	0.6321836483844441	0.9995150899006424	Aktip
ENSMUSG00000109727.2	18.19919635733692	-0.6546694536024531	0.6615234581339712	-0.989639060494012	0.3223505708067705	0.9995150899006424	ENSMUSG00000109727.2
ENSMUSG00000110138.2	17.37715967544318	-0.5058804052086375	0.6944907028690435	-0.7284192619408311	0.466356975658774	0.9995150899006424	ENSMUSG00000110138.2
ENSMUSG00000046413.17	4.634985553787359	-0.7022277023229039	1.2675185970888585	-0.5540176719582086	0.579566751548457	0.9995150899006424	Irx3os
ENSMUSG00000031736.13	2.170255147814163	-0.5379056516556401	1.9799923656939853	-0.2716705685211593	0.7858753333408615	0.9995150899006424	Crnde
ENSMUSG00000097520.4	77.01310043984755	-0.134679044347538	0.4014192739459363	-0.3355071694083048	0.737242537412049	0.9995150899006424	Gm26843
ENSMUSG00000031748.17	8.052901143660138	1.1837740013997728	1.0115518985153562	1.170255330583814	0.241898232246841	0.9995150899006424	Gnao1
ENSMUSG00000031760.10	1.9817184150891407	-1.3466081313396616	2.388877496339222	-0.5636991153389987	0.5729589195669784	0.9995150899006424	Mt3
ENSMUSG00000110588.2	5114.795719497062	0.0524041871426615	0.2647193884067973	0.1979612730977282	0.8430753636479433	0.9995150899006424	ENSMUSG00000110588.2
ENSMUSG00000031762.8	5.667804261279808	-1.3747458408160391	1.395780569913435	-0.984929773668722	0.3246585673324952	0.9995150899006424	Mt2
ENSMUSG00000031765.9	7.800157899926746	-0.0286815235437081	1.3559994425038369	-0.0211515747312904	0.9831247433956324	0.9995150899006424	Mt1
ENSMUSG00000031774.9	1.2733551032165258	0.4520654640694252	2.366767011386292	0.1910054778922391	0.8485213014351671	0.9995150899006424	Fam192a
ENSMUSG00000031776.18	1.2125953458611851	0.9400536806933733	2.919777800247555	0.3219606918765085	0.7474824735363617	0.9995150899006424	Arl2bp
ENSMUSG00000031775.6	1.546173368197027	-0.5869609841785833	2.255154575599545	-0.2602752780361127	0.7946514408769558	0.9995150899006424	Pllp
ENSMUSG00000110702.2	17.554393647215207	-0.5678464633303513	0.7215184049608646	-0.7870159089859273	0.4312725532462065	0.9995150899006424	ENSMUSG00000110702.2
ENSMUSG00000031783.11	2.667479958601952	1.398548411715586	1.536606510275619	0.9101539023576896	0.3627413510444829	0.9995150899006424	Polr2c
ENSMUSG00000031787.9	132.2272010501606	-0.1134577572155546	0.4457186797972959	-0.2545501509318681	0.7990705648051698	0.9995150899006424	Katnb1
ENSMUSG00000110516.2	3.473382918875468	-0.8104147769743538	1.4673803097410971	-0.5522868009025843	0.5807518722705042	0.9995150899006424	ENSMUSG00000110516.2
ENSMUSG00000110428.2	51.0136386456206	0.3980517746091845	0.4710211559258941	0.8450825819632826	0.3980647326072744	0.9995150899006424	ENSMUSG00000110428.2
ENSMUSG00000090206.9	3.0794043547631	0.4330455216010273	1.4097267341849362	0.3071840173701478	0.7587033100987166	0.9995150899006424	Tepp
ENSMUSG00000031796.8	1.581564525849516	-1.874511008232974	2.309210609036158	-0.8117540257687351	0.4169327871576213	0.9995150899006424	Cfap20
ENSMUSG00000074136.10	5.921106836162956	-0.456722459716027	1.1510212826172794	-0.3967975802128496	0.6915167352744367	0.9995150899006424	ENSMUSG00000074136.10
ENSMUSG00000110711.2	29.54275607137517	0.5995097857418974	0.5874909554764342	1.0204578983785657	0.3075113467865591	0.9995150899006424	ENSMUSG00000110711.2
ENSMUSG00000089819.2	1.6363880741588648	-0.3665861181941655	2.400201051810986	-0.1527314213605443	0.87861008079811	0.9995150899006424	Gm15679
ENSMUSG00000110630.2	37.39444366604391	0.4254767517331076	0.4913463963152399	0.865940515538306	0.3865227832868817	0.9995150899006424	ENSMUSG00000110630.2
ENSMUSG00000069920.11	2.7044959456666158	-0.8797027712910036	1.5819908235568314	-0.5560732453005921	0.5781607841541502	0.9995150899006424	B3gnt9
ENSMUSG00000014776.8	9.330708081012936	0.5140548020771876	0.8568316977489984	0.5999483952655724	0.5485406279668472	0.9995150899006424	Nol3
ENSMUSG00000014837.16	11.657206074135146	0.5825675707288955	0.7844738112998783	0.7426220765274207	0.4577105188700114	0.9995150899006424	4931428F04Rik
ENSMUSG00000043251.7	5.79638524666827	1.7298477779499255	1.1372514824499869	1.521077619721634	0.1282403600007104	0.9995150899006424	Exoc3l
ENSMUSG00000014791.11	1.303519584233907	0.196376194409704	2.221581345141064	0.088394780069255	0.9295629099587684	0.9995150899006424	Elmo3
ENSMUSG00000005698.16	4.079375904327401	-0.5492248109261803	1.4135225536081122	-0.3885504405460293	0.6976087341126642	0.9995150899006424	Ctcf
ENSMUSG00000050357.10	1.212962915304902	-2.350555651173309	2.551656484762697	-0.9211881243457856	0.3569522173543142	0.9995150899006424	Rltpr
ENSMUSG00000038000.11	12.156113803505072	-0.0649857940950069	0.7881225796593251	-0.0824564550898894	0.9342837441730292	0.9995150899006424	Acd
ENSMUSG00000087436.2	26.637619496318536	-0.0451552400478285	0.5623777434755801	-0.0802934336781578	0.936003880519568	0.9995150899006424	Gm16156
ENSMUSG00000045538.7	2.5580499180339964	0.4871229812824605	1.7363431291279854	0.2805453444718039	0.7790591417096926	0.9995150899006424	Ddx28
ENSMUSG00000031910.15	10.479378887270236	-0.0841090137130757	0.8256484392722315	-0.1018702509596138	0.9188596633846804	0.9995150899006424	Has3
ENSMUSG00000031913.10	4.724116508919678	-0.1178839870670351	1.274193510337243	-0.0925165495748244	0.9262876429524088	0.9995150899006424	Vps4a
ENSMUSG00000078931.5	10.54335529423702	-0.6831971015510736	0.9024030571614862	-0.7570864217814974	0.4489980882973452	0.9995150899006424	Pdf
ENSMUSG00000048827.13	9.446752710658371	-0.7195495948495507	0.9410633862979294	-0.76461331439129	0.4445018384547107	0.9995150899006424	Pkd1l3
ENSMUSG00000078143.5	31.37458704193065	0.4334850675063172	0.5327977951436556	0.8136014665553165	0.4158732974733407	0.9995150899006424	Gm17344
ENSMUSG00000033763.15	5.349902198306939	-4.795695088085787	2.0745542148884573	-2.311674987170021	0.0207956007976567	0.9995150899006424	Mtss1l
ENSMUSG00000031753.17	4.949844788419573	0.2108486979240536	1.256792171218692	0.1677673546610311	0.8667663056471137	0.9995150899006424	Cog4
ENSMUSG00000031749.13	2.4002854024671554	-0.1031898652049365	1.6844844533865644	-0.0612590190413921	0.9511529275420504	0.9995150899006424	St3gal2
ENSMUSG00000015023.8	1.6835506898614214	-2.8878370003438927	2.8454303520318978	-1.0149034216499844	0.3101518670063826	0.9995150899006424	Ddx19a
ENSMUSG00000084808.8	7.464400314090816	-0.0540163017182479	0.9954531351816308	-0.0542630283728947	0.956725605218172	0.9995150899006424	ENSMUSG00000084808.8
ENSMUSG00000031958.17	27.24973101680869	-0.3433958999862962	0.5888334852218513	-0.5831799797474443	0.5597721470057985	0.9995150899006424	Ldhd
ENSMUSG00000110455.2	6.237550031215382	-0.4679598248233399	1.1059652930321542	-0.4231234269028139	0.6722052108718735	0.9995150899006424	ENSMUSG00000110455.2
ENSMUSG00000004637.16	6.496323321134153	1.0527303305218791	1.0733020918695542	0.9808332048325352	0.3266750008525096	0.9995150899006424	Wwox
ENSMUSG00000086717.2	6.986266257721938	1.6600390003833638	1.005342756972119	1.651216949513868	0.0986942833549622	0.9995150899006424	Gm15655
ENSMUSG00000031831.7	2.41509780187826	-2.1902274207228203	1.8380181458981304	-1.191624481842417	0.2334085211062262	0.9995150899006424	Dnaaf1
ENSMUSG00000031822.21	1.805472143688848	0.996783620261502	1.958277940247688	0.5090102889763576	0.6107450121702533	0.9995150899006424	Gse1
ENSMUSG00000031821.12	55.104387860269945	-0.046301622175562	0.4482578859415641	-0.1032923761693687	0.9177309261906714	0.9995150899006424	Gins2
ENSMUSG00000031819.14	224.83691234913272	-0.0247349452660126	0.3636292097365322	-0.0680224377022251	0.9457677729466192	0.9995150899006424	Emc8
ENSMUSG00000092418.3	4.817917172376097	1.8571811596027916	1.3256567325853037	1.4009517803156368	0.1612284930075845	0.9995150899006424	Gm20406
ENSMUSG00000098184.2	1.9922936399361468	0.5549908208916504	1.732345529465169	0.320369586466387	0.7486881780209309	0.9995150899006424	Gm27011
ENSMUSG00000017478.16	4.273471541679784	0.7965539018319825	1.257387828847119	0.63349897585881	0.5264078494349154	0.9995150899006424	Zc3h18
ENSMUSG00000110656.2	4.161198921604838	-0.512717361863335	1.2769733691719378	-0.4015098311688442	0.6880448014632993	0.9995150899006424	ENSMUSG00000110656.2
ENSMUSG00000121195.1	8.59375119678733	0.3206561140832361	0.8941684584257144	0.3586081694804889	0.7198882344168663	0.9995150899006424	ENSMUSG00000121195.1
ENSMUSG00000049482.17	5.087479623643182	1.4782531007401387	1.158395744022458	1.2761209702022869	0.2019127597520363	0.9995150899006424	Ctu2
ENSMUSG00000110440.2	51.469874572729815	-0.2617162904150946	0.4445776871981401	-0.5886851678601056	0.5560724894295599	0.9995150899006424	ENSMUSG00000110440.2
ENSMUSG00000035569.18	1.7349984398601788	-0.9435716093950712	1.971703602302	-0.4785565174671458	0.6322541583326478	0.9995150899006424	Ankrd11
ENSMUSG00000033594.12	3.83112723528876	-1.007906950076509	1.3932354736598087	-0.7234290033032946	0.4694163577755644	0.9995150899006424	Spata2l
ENSMUSG00000032815.17	2.826937748495824	-1.3644853370302317	1.6177271481314428	-0.8434582671164799	0.3989721964421971	0.9995150899006424	Fanca
ENSMUSG00000031970.18	5.94109104033284	-1.2073222762165012	1.152471377316841	-1.047594152860753	0.294825632550914	0.9995150899006424	Dbndd1
ENSMUSG00000039960.6	35.96173516105138	-1.3007572547862605	0.5694749489885788	-2.284134283863552	0.0223636402574243	0.9995150899006424	Rhou
ENSMUSG00000110615.2	10.736613996296253	0.0664418201428164	0.8161374485912967	0.0814100863249188	0.9351158280104576	0.9995150899006424	ENSMUSG00000110615.2
ENSMUSG00000089745.2	13.105749601117742	-0.3597419393650614	0.7756488307995929	-0.4637948580341626	0.6427947276841655	0.9995150899006424	1810008B01Rik
ENSMUSG00000031983.8	1.5774129493246487	-1.3951470351588322	2.4938154954676763	-0.5594427645888029	0.5758595825682777	0.9995150899006424	2310022B05Rik
ENSMUSG00000036913.16	5.567187087320274	-0.9779771350166724	1.2157499547410922	-0.8044229252921861	0.4211527655849173	0.9995150899006424	Trim67
ENSMUSG00000090118.2	11.95251024408099	0.2128769419074461	0.8238592963309026	0.2583899251431694	0.7961059912407942	0.9995150899006424	ENSMUSG00000090118.2
ENSMUSG00000031984.9	6.962756499239274	0.3015773831162116	1.0156757459112111	0.2969228952549734	0.7665253761218399	0.9995150899006424	2810004N23Rik
ENSMUSG00000110706.2	4.301497002665992	-0.5920183473761574	1.2647457420300272	-0.4680927776249449	0.6397182439082826	0.9995150899006424	ENSMUSG00000110706.2
ENSMUSG00000100812.2	5.020648212626529	-0.1539491173879175	1.356398549943801	-0.1134984384894071	0.90963540098827	0.9995150899006424	A730098A19Rik
ENSMUSG00000033998.10	5.617339858598622	-1.4463907447734852	1.2453781621257285	-1.1614068632010133	0.2454764792363059	0.9995150899006424	Kcnk1
ENSMUSG00000110698.2	59.73008781453628	-0.6145947117051808	0.4242094374646112	-1.4488001855367776	0.1473933919692449	0.9995150899006424	ENSMUSG00000110698.2
ENSMUSG00000090290.3	2.240457220434508	-1.2450548105803276	1.781622811088279	-0.6988318755414922	0.4846571055276809	0.9995150899006424	Gm17296
ENSMUSG00000097060.2	25.37567704732801	-0.1793665248428111	0.5674851223510539	-0.3160726471554131	0.7519473676924446	0.9995150899006424	Gm26759
ENSMUSG00000051495.9	1.857589804953817	-1.1357642106889811	1.9182943992600805	-0.5920698153146176	0.5538038386223827	0.9995150899006424	Irf2bp2
ENSMUSG00000092185.2	12.09626707712156	0.2146838280326965	0.7773322290268337	0.2761802740399248	0.7824096072818092	0.9995150899006424	ENSMUSG00000092185.2
ENSMUSG00000031870.17	4.241597473068512	-1.1396734974432552	1.4812208235976454	-0.7694149847793612	0.4416469957300164	0.9995150899006424	Pgr
ENSMUSG00000089702.2	12.98692875253345	-0.481740566451915	0.7870687828690603	-0.6120692078471864	0.5404919692114826	0.9995150899006424	ENSMUSG00000089702.2
ENSMUSG00000084786.10	6.506631312995764	-0.3322002387391322	1.074904453698052	-0.3090509464317928	0.7572827727813926	0.9995150899006424	Ubl5
ENSMUSG00000032172.9	1.6247375518345166	1.4367466976913066	2.4287448847782462	0.5915593303750744	0.5541457144287276	0.9995150899006424	Olfm2
ENSMUSG00000038742.8	7.7318860318588	1.616083310170746	0.9932082300872171	1.6271344328558692	0.1037085494260366	0.9995150899006424	Angptl6
ENSMUSG00000110790.2	15.215220568707291	0.3474665812192196	0.7884825317629472	0.4406775891944344	0.6594464231419762	0.9995150899006424	ENSMUSG00000110790.2
ENSMUSG00000097535.2	63.68011722293377	-0.5272496512440339	0.4697402120124155	-1.1224281800045215	0.2616804283622604	0.9995150899006424	Gm26592
ENSMUSG00000086016.2	15.23373165431616	-0.3003630329931835	0.7235985830394479	-0.4150962149919091	0.6780714701613784	0.9995150899006424	1700084C06Rik
ENSMUSG00000097439.8	24.479103703046505	-0.5076269570189571	0.5730402174351752	-0.885848744248709	0.3756990391660445	0.9995150899006424	ENSMUSG00000097439.8
ENSMUSG00000111623.2	1.5947552306753523	-0.2114773846489524	2.2443981207298536	-0.0942245418474073	0.9249307899242204	0.9995150899006424	ENSMUSG00000111623.2
ENSMUSG00000002820.7	13.64905941357655	0.3123205535078521	0.7818269586726531	0.3994752931493874	0.6895430250518924	0.9995150899006424	Atg4d
ENSMUSG00000035047.10	2.169642192635368	0.4920844232149429	1.7415457217726371	0.2825561322122932	0.777517111850186	0.9995150899006424	Kri1
ENSMUSG00000033335.19	4.735939571027706	0.329736952608428	1.2918707988379028	0.2552398838220057	0.7985378281078774	0.9995150899006424	Dnm2
ENSMUSG00000032180.12	2.836007390179491	-0.0943247715496493	1.482714044085902	-0.0636162933276867	0.9492757578220696	0.9995150899006424	Tmed1
ENSMUSG00000032185.17	5.7848532168313165	-0.4417314119645443	1.1577202622309497	-0.3815528037086603	0.702793097378978	0.9995150899006424	Carm1
ENSMUSG00000032182.16	17.397772412388363	-0.0238418649858904	0.6528126864868662	-0.0365217549833417	0.9708663323109864	0.9995150899006424	Yipf2
ENSMUSG00000096981.3	7.85467085190034	-0.2954493937441084	0.9409775152162152	-0.3139813533973985	0.7535352009808374	0.9995150899006424	Gm16845
ENSMUSG00000120169.1	1.7478542877364605	0.3963128207571147	2.056843724385561	0.1926800835953177	0.8472095221547676	0.9995150899006424	ENSMUSG00000120169.1
ENSMUSG00000111004.2	2.0603393575825746	1.637425297004972	1.9983991943064212	0.8193684733611337	0.4125762164881442	0.9995150899006424	ENSMUSG00000111004.2
ENSMUSG00000035443.11	11.715035340748155	-1.5738958213906162	0.8956532456964009	-1.7572602220258338	0.0788734646093735	0.9995150899006424	Thyn1
ENSMUSG00000035024.18	2.077681836300381	-0.3542005093328871	1.7835728065825538	-0.198590440505515	0.8425831320446119	0.9995150899006424	Ncapd3
ENSMUSG00000111390.2	15.956295445623804	-0.2539826652048083	0.7075614332222786	-0.3589549306668052	0.7196288054688283	0.9995150899006424	ENSMUSG00000111390.2
ENSMUSG00000059974.11	2.982282434513853	1.4828989031207898	1.512927567831562	0.9801519482166542	0.32701111971594	0.9995150899006424	Ntm
ENSMUSG00000070315.14	17.5107142236079	-0.3863576537704993	0.7306138128925632	-0.5288124135524841	0.5969355855570101	0.9995150899006424	ENSMUSG00000070315.14
ENSMUSG00000110774.2	3.5009614975812746	1.2522191598528118	1.4610413095944526	0.8570730694811057	0.3914045034508571	0.9995150899006424	ENSMUSG00000110774.2
ENSMUSG00000050471.18	3.4037386172901125	1.9552626256497725	1.4758529257883697	1.3248356875433995	0.1852256553542892	0.9995150899006424	Fam118b
ENSMUSG00000050555.10	9.67677858263717	0.4151105004928977	0.8509089145813953	0.4878436379963317	0.6256605991832886	0.9995150899006424	Hyls1
ENSMUSG00000096993.5	9.927791342790528	0.5331124813760897	0.8540392086995408	0.6242248317707434	0.5324799412221792	0.9995150899006424	Gm26787
ENSMUSG00000035934.17	3.3454404943266183	3.4019132520222968	1.78142949735738	1.9096535995776347	0.0561778289766676	0.9995150899006424	Pknox2
ENSMUSG00000111681.2	1.5866678856934398	-0.2947522475114941	2.0878622097528883	-0.1411741857937933	0.8877323385661344	0.9995150899006424	ENSMUSG00000111681.2
ENSMUSG00000046240.9	1.0992611162478017	-0.7952079944581251	2.837160430736405	-0.2802830554956397	0.7792603497584804	0.9995150899006424	Hepacam
ENSMUSG00000042138.10	1.5436506916266826	-2.1698812277730286	2.4226727831335526	-0.8956559230283024	0.3704365580760606	0.9995150899006424	Msantd2
ENSMUSG00000001943.9	6.089510753582207	1.0899614343765138	1.131361392353796	0.9634069553220748	0.3353433372194302	0.9995150899006424	Vsig2
ENSMUSG00000120926.1	157.46225040570715	1.568658783331124	0.3762401868700224	4.169301520874057	3.055345589132053e-05	0.0221133286153479	ENSMUSG00000120926.1
ENSMUSG00000001942.9	11.401661330645029	0.648175835491398	0.8880391646030946	0.7298955511507169	0.4654540318983253	0.9995150899006424	Siae
ENSMUSG00000011114.19	2.3803877320519446	-0.7224286867593345	1.7994658768487533	-0.4014684001813141	0.6880752988495794	0.9995150899006424	Tbrg1
ENSMUSG00000087047.9	11.20496229678492	-0.3090741846974419	0.8459640292257161	-0.3653514499668829	0.7148490772707068	0.9995150899006424	ENSMUSG00000087047.9
ENSMUSG00000087135.8	5.581206258673983	0.1430096156551909	1.1431142617011032	0.1251052676417264	0.9004402130886019	0.9995150899006424	ENSMUSG00000087135.8
ENSMUSG00000049313.9	1.5576436175071446	0.2216537060673751	2.1010199403719367	0.1054981448810697	0.915980541946626	0.9995150899006424	Sorl1
ENSMUSG00000086360.2	78.43810605968288	-0.7893184586289086	0.4273704292245985	-1.846918749294405	0.0647589169381528	0.9995150899006424	Gm16214
ENSMUSG00002076491.1	12.110334520203589	0.5054002510727913	0.7634385418556511	0.662005156098539	0.5079679172564444	0.9995150899006424	ENSMUSG00002076491.1
ENSMUSG00000059495.15	2.2193644653118825	-1.3986838848045844	2.072485859428173	-0.6748822330640655	0.4997505892993178	0.9995150899006424	Arhgef12
ENSMUSG00000111133.2	56.49059541571392	-0.2495205117640445	0.4366237490497515	-0.5714771867244735	0.5676762202696641	0.9995150899006424	ENSMUSG00000111133.2
ENSMUSG00000092258.3	54.46428121480299	-0.6097338516881761	0.4358766385209668	-1.3988679314338757	0.1618525906943451	0.9995150899006424	ENSMUSG00000092258.3
ENSMUSG00000111632.2	5.005008297951728	0.2445181137817382	1.1682601678011364	0.20930107909265	0.8342132094391511	0.9995150899006424	ENSMUSG00000111632.2
ENSMUSG00000097467.3	9.98043330869925	0.0158990184446378	0.8501833702895486	0.0187006932859944	0.9850798751900826	0.9995150899006424	Gm26737
ENSMUSG00000111685.2	3.785797542062364	1.1066117178133714	1.3246211051275525	0.8354175496145457	0.4034826520562087	0.9995150899006424	ENSMUSG00000111685.2
ENSMUSG00002075808.1	13.0828402548769	0.4092347343969404	0.7359248987710115	0.5560821968116028	0.5781546650250808	0.9995150899006424	ENSMUSG00002075808.1
ENSMUSG00000009927.10	12.105434429119862	0.7170575356967939	0.8079673562904909	0.8874833000542512	0.3748187533250999	0.9995150899006424	Rps25
ENSMUSG00000043923.9	2.413652112397772	0.2118996503645503	1.952426108763664	0.1085314570489593	0.9135741287667448	0.9995150899006424	Ccdc84
ENSMUSG00000060380.4	7.341189724164569	0.6259760664384504	0.9840020807802892	0.6361531938449428	0.5246765773273427	0.9995150899006424	C030014I23Rik
ENSMUSG00000111312.2	23.01750721418087	-0.264425645294531	0.6036830749915054	-0.4380206373986082	0.6613713233234129	0.9995150899006424	ENSMUSG00000111312.2
ENSMUSG00000120036.1	2.771377091988327	1.6694130525494055	1.6192010402682062	1.031010363155944	0.3025359600850966	0.9995150899006424	ENSMUSG00000120036.1
ENSMUSG00000002028.14	1.9030929919060504	0.5022563578983105	2.118489685970416	0.2370822766919642	0.812592961600784	0.9995150899006424	Kmt2a
ENSMUSG00000110773.2	10.373273040954912	-0.5087174609232414	0.973055425915218	-0.5228041973505895	0.6011105183952926	0.9995150899006424	ENSMUSG00000110773.2
ENSMUSG00000111082.3	151.98995900740434	-0.1979548365200087	0.3426888476966314	-0.5776518198667795	0.5634992136530517	0.9995150899006424	ENSMUSG00000111082.3
ENSMUSG00000110899.2	2.3530584278051943	0.780938930138112	1.76536671350817	0.442366407026116	0.6582240838312474	0.9995150899006424	ENSMUSG00000110899.2
ENSMUSG00000097074.3	2.3161576008982845	-0.7010147589404815	1.7697975610280945	-0.3960988388599962	0.692032114859742	0.9995150899006424	4833428L15Rik
ENSMUSG00000032086.13	61.48378335653869	-0.1804021459449558	0.4234607319422288	-0.4260185947290326	0.6700942965746496	0.9995150899006424	Bace1
ENSMUSG00000089810.2	6.259051307376045	-0.8154604690215925	1.1346603488039926	-0.7186824408565453	0.4723366047124866	0.9995150899006424	Gm16536
ENSMUSG00000111128.2	31.49316559525373	-0.2953492392381358	0.5372578667196083	-0.5497346014521493	0.5825014204630847	0.9995150899006424	ENSMUSG00000111128.2
ENSMUSG00000042790.17	13.674175622220154	0.4358652872194636	0.727708448811224	0.5989559251805968	0.549202276200687	0.9995150899006424	Rnf214
ENSMUSG00000035382.10	2.6590366477685063	0.4209212739866658	1.7906534774710918	0.2350657339806054	0.8141577138987557	0.9995150899006424	Pcsk7
ENSMUSG00000032085.6	2.0937627871402795	-0.3529372339485744	1.855919480193925	-0.190168397775369	0.8491771741342078	0.9995150899006424	Tagln
ENSMUSG00000111521.2	7.7138694446483	0.6386450498357762	0.973114038681394	0.6562900384225925	0.5116375257834076	0.9995150899006424	ENSMUSG00000111521.2
ENSMUSG00000034908.17	3.29394960917081	1.5243604512733624	1.6878801728344297	0.9031212498417636	0.3664615471438103	0.9995150899006424	Sidt2
ENSMUSG00000111329.2	21.81169212149005	0.5795822290486469	0.6112810497790958	0.9481436227380118	0.343056343220991	0.9995150899006424	ENSMUSG00000111329.2
ENSMUSG00000034135.16	1.2290764637385876	-1.3389955068965114	2.8146882787460776	-0.4757171573873266	0.6342758958724025	0.9995150899006424	Sik3
ENSMUSG00000099696.8	1.579133404840368	-2.621617411238627	2.377940331622533	-1.1024740092825736	0.2702556517979484	0.9995150899006424	2900052N01Rik
ENSMUSG00000039542.17	7.95926297650998	-0.7228651577859178	1.0385749827538633	-0.6960163394935471	0.4864185971342603	0.9995150899006424	Ncam1
ENSMUSG00000079564.4	234.3086677571401	-0.6537301110269371	0.3110184299897019	-2.1019015209117438	0.0355619033006547	0.9995150899006424	Gm11149
ENSMUSG00000111654.2	2.959243174963167	-0.5988268249997724	1.7034078333181266	-0.3515463609400557	0.7251784980735978	0.9995150899006424	ENSMUSG00000111654.2
ENSMUSG00000059820.15	4.026711648587404	1.671256069908792	1.381942390054314	1.209352923780786	0.2265272863863574	0.9995150899006424	AU019823
ENSMUSG00000037971.11	4.592220654106189	1.3553703454210193	1.254792156942095	1.0801552575241078	0.2800730487119948	0.9995150899006424	1110032A03Rik
ENSMUSG00000032058.15	16.76117766535084	-0.5761617965674316	0.8130222527198138	-0.7086666996382819	0.478531334383821	0.9995150899006424	Ppp2r1b
ENSMUSG00000074354.12	3.183392092446496	-0.2225137154269818	1.7028021979440733	-0.1306750224398583	0.8960323920914318	0.9995150899006424	Arhgap20os
ENSMUSG00000099311.3	4.428578887325135	-0.4769816115953066	1.3498579669700073	-0.353356888848073	0.7238209014899997	0.9995150899006424	ENSMUSG00000099311.3
ENSMUSG00000098362.3	1.3115386816680668	-2.3737906925214536	2.483874202183104	-0.955680722652984	0.3392335647208296	0.9995150899006424	ENSMUSG00000098362.3
ENSMUSG00000033054.8	1.4825266145549068	-0.9021019996020492	2.307333585019452	-0.3909716416642217	0.6958181975108284	0.9995150899006424	Npat
ENSMUSG00000086914.3	6.8305127357204105	-0.1400572210053594	1.075823527758858	-0.130186055046709	0.8964192271440006	0.9995150899006424	Gm16124
ENSMUSG00000032281.12	1.1293604845443364	-2.4222445391722047	3.1893974654271404	-0.7594677569757852	0.4475727947207354	0.9995150899006424	Acsbg1
ENSMUSG00000061559.16	15.304273835493335	-0.1400447067087684	0.7208461694910775	-0.1942782144595996	0.8459580429807929	0.9995150899006424	Wdr61
ENSMUSG00000044820.7	5.7783195449226925	1.0269685833496591	1.2104807389013488	0.848397294022003	0.396216749159704	0.9995150899006424	AY074887
ENSMUSG00000032307.17	1.9140674480751187	-0.7932163271218226	1.810750637401828	-0.4380593941195438	0.6613432288381282	0.9995150899006424	Ube2q2
ENSMUSG00000032311.18	7.613743563441631	0.8193757103339394	1.0191974891485036	0.8039420417121446	0.421430448290224	0.9995150899006424	Nrg4
ENSMUSG00000097111.2	4.453894569049271	0.7889969609182994	1.3431319227133356	0.5874307263313365	0.5569144627143146	0.9995150899006424	Peak1os
ENSMUSG00000032290.8	5.645454230775623	-0.8530393372411377	1.2722051045233698	-0.6705202912707443	0.5025261757069202	0.9995150899006424	Ptpn9
ENSMUSG00000074284.8	5.698081621012381	-1.1786453991916228	1.1541505092792717	-1.0212233064192358	0.3071486526214612	0.9995150899006424	ENSMUSG00000074284.8
ENSMUSG00000086728.4	10.24331679746771	-0.6858170322093202	0.8964101114361719	-0.7650706116093975	0.4442294986477435	0.9995150899006424	Man2c1os
ENSMUSG00000070298.7	1.8031612046439771	-1.7953456267034178	2.025757678140725	-0.8862588285244545	0.375478069445982	0.9995150899006424	Trcg1
ENSMUSG00000097445.2	41.01547363764164	0.0200930068294965	0.498552214642228	0.040302713014555	0.9678517908652308	0.9995150899006424	Gm26631
ENSMUSG00000032305.16	2.386016462704173	0.594991970250338	1.7606646296030288	0.3379360045328388	0.7354114143281627	0.9995150899006424	Fam219b
ENSMUSG00000038957.14	27.647904852897923	-0.6202357935763112	0.5646445092481887	-1.098453599419821	0.2720064684728899	0.9995150899006424	Edc3
ENSMUSG00000032316.9	5.421937095659245	0.2490246522367586	1.1077237219613576	0.2248075465927827	0.8221289950101296	0.9995150899006424	Clk3
ENSMUSG00000032340.9	2.184122869923824	-1.32291827147964	2.167231702762984	-0.6104184752341264	0.5415846326711315	0.9995150899006424	Neo1
ENSMUSG00000025236.12	2.9860898643731915	-0.0037230561607243	1.764378595152944	-0.00211012317365	0.9983163665477824	0.9996229156794292	Adpgk
ENSMUSG00000025234.12	1.0173791410029551	-0.4270915263519351	3.253043456410914	-0.1312898312225885	0.89554603567081	0.9995150899006424	Arih1
ENSMUSG00000049526.9	6.246058767037154	-1.3766116108910027	1.1912245950058644	-1.155627256742651	0.2478336541418215	0.9995150899006424	Tmem202
ENSMUSG00000032294.18	3.863354134789029	0.1501425616643041	1.3607520466873926	0.1103379282285927	0.9121413785083352	0.9995150899006424	Pkm
ENSMUSG00000110803.2	3.676346277827685	1.0074677358163278	1.453098612794843	0.6933237200458107	0.4881064205144503	0.9995150899006424	ENSMUSG00000110803.2
ENSMUSG00000032249.15	10.864352317198538	-0.7236634249915499	0.9049271301386304	-0.7996924844994847	0.4238889883673938	0.9995150899006424	Anp32a
ENSMUSG00000032243.9	1.9506261971144856	0.5614269929938304	2.112106055296864	0.265813826718526	0.7903825940145134	0.9995150899006424	Itga11
ENSMUSG00000121721.1	4.479171628604028	-0.3928768896985276	1.290487645466936	-0.3044406438748767	0.7607922070205687	0.9995150899006424	ENSMUSG00000121721.1
ENSMUSG00000086539.9	7.988225069570863	0.5191072703728241	1.088461458069643	0.4769183754962228	0.6334202464788845	0.9995150899006424	ENSMUSG00000086539.9
ENSMUSG00000036466.18	1.8200484470808491	1.9151154913710675	1.8656352690757525	1.0265219162156105	0.304645638572331	0.9995150899006424	Megf11
ENSMUSG00000111471.2	22.95457501852113	-0.4577739472151713	0.5958995848754801	-0.7682065214239548	0.4423644997229881	0.9995150899006424	ENSMUSG00000111471.2
ENSMUSG00000032383.8	1.8494077695838016	-2.012143582467953	2.1469410397152986	-0.9372141783338306	0.3486483980347098	0.9995150899006424	Ppib
ENSMUSG00000039452.7	56.65216428889295	0.1857009155541965	0.4222105447057047	0.4398301223945898	0.6600601491323086	0.9995150899006424	Snx22
ENSMUSG00000100130.2	33.15700786516268	-0.1630959107727907	0.5290923685443778	-0.3082560257323216	0.7578875242009815	0.9995150899006424	Gm28379
ENSMUSG00000050503.10	4.369970265905716	-0.2457664481648218	1.232328661799799	-0.1994325505712764	0.8419244001885935	0.9995150899006424	Fbxl22
ENSMUSG00000032376.13	1.843068373438144	-2.391275713237742	2.7596059641572253	-0.8665279551850911	0.3862007028622245	0.9995150899006424	Usp3
ENSMUSG00000055125.8	2.1482565001709677	0.6001540770093917	1.8732343781391776	0.3203838686782853	0.7486773525382395	0.9995150899006424	M5C1000I18Rik
ENSMUSG00000091956.3	2.100526708817072	-2.206984108661577	2.068923235605985	-1.0667307856954655	0.2860934211712213	0.9995150899006424	C2cd4b
ENSMUSG00000086648.2	25.09137254649976	-0.1542164363935848	0.5958083936687992	-0.2588356223784778	0.7957620715293536	0.9995150899006424	Gm15511
ENSMUSG00000097623.9	1.4907381126918036	-0.9092033829314016	2.5149411834487783	-0.3615207341288978	0.717710208006263	0.9995150899006424	B230323A14Rik
ENSMUSG00000101555.2	4.658154103064296	0.880344613487818	1.198072846069984	0.7348005727494751	0.4624609582451453	0.9995150899006424	Gm28731
ENSMUSG00000042444.11	2.712955964365497	-1.424895879262582	1.6924416342751751	-0.8419172929841239	0.399834249930608	0.9995150899006424	Fam63b
ENSMUSG00000074213.4	69.15695216258649	-0.5712947142747957	0.4183900825495666	-1.3654595032307308	0.1721086729390017	0.9995150899006424	Gm10642
ENSMUSG00000097211.4	3.210673548367804	0.9358564908204332	1.406385401598838	0.6654338773401034	0.5057730228243357	0.9995150899006424	BC065403
ENSMUSG00000032221.15	4.149364352578286	-0.2815382757874712	1.266727302627357	-0.2222564203072943	0.8241142752007792	0.9995150899006424	Mns1
ENSMUSG00000099051.2	5.755502363093641	-0.1713129959085196	1.1181405457118914	-0.1532123994300278	0.8782307797883974	0.9995150899006424	Gm27241
ENSMUSG00000098573.2	6.443595216069333	-0.0049168117401806	1.025734355514195	-0.004793455258419	0.996175390702891	0.9995150899006424	Gm27232
ENSMUSG00000034563.17	2.9083890433204687	-1.1978886490425853	1.622003120306058	-0.7385242568562717	0.460195932430769	0.9995150899006424	Ccpg1
ENSMUSG00000079469.12	37.85859508969746	-0.6858841509894817	0.5216080133271214	-1.31494174449988	0.1885294817776535	0.9995150899006424	Pigb
ENSMUSG00000034593.17	3.579267002278988	-1.2523586702101477	1.782645008347287	-0.7025283577750714	0.4823497232604238	0.9995150899006424	Myo5a
ENSMUSG00000121081.1	88.6869022843423	-0.317234129543767	0.4554785480180848	-0.6964853359705785	0.4861249375308963	0.9995150899006424	ENSMUSG00000121081.1
ENSMUSG00000111348.2	22.029107452490265	0.0556887267355901	0.6232642760540249	0.089350102155964	0.9288036774991402	0.9995150899006424	ENSMUSG00000111348.2
ENSMUSG00000032181.8	2.302386653387816	0.0548644340892387	1.9586732197933645	0.0280110196712787	0.9776533621696342	0.9995150899006424	Scg3
ENSMUSG00000097836.2	3.182571485833309	1.990618447379082	1.4730011411236903	1.3514031943386842	0.1765663111124024	0.9995150899006424	Gm26903
ENSMUSG00000090317.2	6.396271549274906	0.1669043685291509	1.0946844071373658	0.1524680240633107	0.8788178086534093	0.9995150899006424	Gm17324
ENSMUSG00000037742.15	2.47088043675575	-1.4860380930689971	2.703515981557859	-0.5496686918834824	0.5825466344429387	0.9995150899006424	Eef1a1
ENSMUSG00000034252.15	1.7570135980017068	-1.3163236209161866	1.9914729720768365	-0.660979907522139	0.5086251990352659	0.9995150899006424	Senp6
ENSMUSG00000084917.4	4.5144534723496985	0.2749468940270452	1.264760519422342	0.2173904781219947	0.8279040511346208	0.9995150899006424	Gm17477
ENSMUSG00000033577.19	2.201005090554173	-2.2927964979374544	2.077997277641248	-1.1033683838797073	0.2698672207110778	0.9995150899006424	Myo6
ENSMUSG00000097466.10	4.197596734452711	-0.6088579130221601	1.3252787870693352	-0.4594187419000061	0.645933492036825	0.9995150899006424	D430036J16Rik
ENSMUSG00000032251.13	2.0976900868320474	1.4742544726462927	1.9777582749536295	0.7454169153613364	0.4560197211528703	0.9995150899006424	Irak1bp1
ENSMUSG00000102882.2	6.907936903893916	-0.6812305786151206	1.1150688182006174	-0.6109314218959329	0.5412449816911994	0.9995150899006424	ENSMUSG00000102882.2
ENSMUSG00000101144.3	12.315792044087814	1.0360314748978194	0.7715897341974408	1.342723249131139	0.1793616036310629	0.9995150899006424	ENSMUSG00000101144.3
ENSMUSG00000103715.2	3.463447830395946	-0.4607365868893364	1.4055910552562827	-0.3277885023288868	0.7430715812837767	0.9995150899006424	ENSMUSG00000103715.2
ENSMUSG00000056031.15	26.214053204900377	1.6901221936049882	0.629485350742902	2.6849269671015383	0.0072545656517814	0.9995150899006424	ENSMUSG00000056031.15
ENSMUSG00000034973.17	6.144798843301568	-0.5035830925680295	1.1038093199327337	-0.4562229032444825	0.648229697361497	0.9995150899006424	Dopey1
ENSMUSG00000087466.4	19.70080808105625	-0.964370986255196	0.6658732187682802	-1.4482801816824402	0.1475387079503808	0.9995150899006424	A330041J22Rik
ENSMUSG00000067399.11	1.226861150797261	-1.3601658871067632	2.516271945264127	-0.540548047545787	0.5888191350527563	0.9995150899006424	Trim43c
ENSMUSG00000062270.15	1.1540214386802905	-1.0762343313978713	2.778724583646932	-0.3873123438471075	0.6985249882509609	0.9995150899006424	Morf4l1
ENSMUSG00000036972.15	5.875260126128787	1.305043896425891	1.0667697440637067	1.223360433390727	0.2211935907166775	0.9995150899006424	Zic4
ENSMUSG00000033350.8	3.4312849930007068	-1.507657402729493	1.5452470697279312	-0.9756740085551128	0.3292260363324496	0.9995150899006424	Chst2
ENSMUSG00000103755.3	2.07389249528086	0.3297913968492263	1.8746369251586268	0.1759228106644279	0.8603545845087858	0.9995150899006424	ENSMUSG00000103755.3
ENSMUSG00000101037.3	3.755485500524914	0.8593674517433291	1.3785463061976977	0.6233867138737138	0.5330304267064432	0.9995150899006424	Gm28424
ENSMUSG00000097777.9	1.879602763983881	-0.4991845674666234	2.1541331070019214	-0.2317333900324193	0.81674509569988	0.9995150899006424	Gm16794
ENSMUSG00000101867.2	1.8869245715960372	0.4082289092267908	1.878019849415096	0.2173719885622788	0.8279184591918534	0.9995150899006424	C78334
ENSMUSG00000040433.17	1.85924514774869	-2.810807114446686	2.24242363552017	-1.253468376770239	0.2100353007139759	0.9995150899006424	Zbtb38
ENSMUSG00000085541.2	4.631787008428836	-2.591180819937328	1.3713256614339813	-1.88954446985828	0.0588189099071747	0.9995150899006424	Gm16010
ENSMUSG00000032470.18	2.538279650501051	-0.1154044455383794	1.5702625736936573	-0.0734937248532383	0.9414132374144076	0.9995150899006424	Mras
ENSMUSG00000043154.16	2.346902324600299	0.9484339642728123	2.1673081098273568	0.437609198236407	0.6616696021938437	0.9995150899006424	Ppp2r3a
ENSMUSG00000120943.1	4.913106784683776	0.6406922993038248	1.1877196657509237	0.5394305725322427	0.5895897904746203	0.9995150899006424	ENSMUSG00000120943.1
ENSMUSG00000032534.19	24.697069908214957	-0.5033979971546403	0.5828754690115581	-0.863645879639272	0.3877824524732756	0.9995150899006424	Cep63
ENSMUSG00000035048.14	2.0438827955659047	-1.8933415680271384	1.9424329199433368	-0.974726874008277	0.3296957587198995	0.9995150899006424	Anapc13
ENSMUSG00000032554.16	2.289994001058796	-0.0822135935611311	1.9352275018530964	-0.0424826504803216	0.9661139421745614	0.9995150899006424	Trf
ENSMUSG00000079355.6	19.71503720244309	-0.7259475321733496	0.6495953820955498	-1.1175380124031873	0.2637643560200005	0.9995150899006424	Ackr4
ENSMUSG00000104040.2	5.521131971954643	0.3005483104056589	1.2083591383942065	0.2487243244628901	0.8035740318093183	0.9995150899006424	ENSMUSG00000104040.2
ENSMUSG00000032567.17	7.267681040126173	-1.2518040766644187	1.0427301838947634	-1.2005062249073208	0.2299427965197402	0.9995150899006424	Aste1
ENSMUSG00000032570.18	2.0663745249261205	0.5674468027366951	1.902332159170112	0.2982900751592416	0.7654817785781324	0.9995150899006424	Atp2c1
ENSMUSG00000086296.4	4.069084735095971	-0.3895122338806386	1.3134943317315364	-0.2965465662628003	0.7668127105038733	0.9995150899006424	D030055H07Rik
ENSMUSG00000020257.14	1.3665758543468758	-2.0492558294783656	2.5067119481272937	-0.817507504605512	0.4136384623637409	0.9995150899006424	Wdr82
ENSMUSG00000045322.11	1.9916492202461091	2.193052127459124	2.252512911337242	0.973602467014132	0.3302539609416952	0.9995150899006424	Tlr9
ENSMUSG00000032786.17	1.6224266127896456	-2.389161135094517	2.348490368177006	-1.017317834243059	0.3090022552571962	0.9995150899006424	Alas1
ENSMUSG00000042073.16	5.171133053104829	-0.3304386899432094	1.2012742495690782	-0.2750734813983938	0.7832597847483042	0.9995150899006424	Abhd14b
ENSMUSG00000100039.2	4.173562111166977	-0.6382567664920696	1.252162840033204	-0.509723452961713	0.610245219819086	0.9995150899006424	Gm28959
ENSMUSG00000091735.3	9.44459548702264	-0.1636327001003951	0.8822442935899717	-0.1854732314952715	0.8528578741673328	0.9995150899006424	Gpr62
ENSMUSG00000041506.16	1.303519584233907	0.196376194409704	2.221581345141064	0.088394780069255	0.9295629099587684	0.9995150899006424	Rrp9
ENSMUSG00000032575.17	1.6078259509040145	-0.8606267258792503	2.195858210644875	-0.3919318295266902	0.6951085840931808	0.9995150899006424	Manf
ENSMUSG00000090207.3	51.90089968323357	0.7389050161378006	0.4731631556444016	1.561628388270183	0.1183755578051898	0.9995150899006424	4930524O07Rik
ENSMUSG00000121642.1	2.316995471906876	0.5570639432405914	1.810211219750114	0.3077342230358565	0.758284576369569	0.9995150899006424	ENSMUSG00000121642.1
ENSMUSG00000090570.2	3.170644310629743	0.2080956819833551	1.5402951337305264	0.1351011747205593	0.8925318814020846	0.9995150899006424	Gm17041
ENSMUSG00000091816.2	4.77495379956985	-0.4235227323191178	1.1892328496524698	-0.3561310406476614	0.7217424320650463	0.9995150899006424	Gm17141
ENSMUSG00000097099.4	34.000698876928915	0.1284151252891834	0.5257314865943428	0.2442599094093621	0.8070295308405584	0.9995150899006424	Gm9917
ENSMUSG00000032562.14	1.5983561421828434	-1.066246906658872	2.077962100868311	-0.5131214405755152	0.6078663744982068	0.9995150899006424	Gnai2
ENSMUSG00000070284.11	8.086802083781317	-1.0043798369220125	0.9472535173153492	-1.0603073185397796	0.2890048108292605	0.9995150899006424	Gmppb
ENSMUSG00000041528.17	3.4099853247920286	2.8097557088409624	1.5736199658572283	1.7855363873134071	0.0741743546491124	0.9995150899006424	Rnf123
ENSMUSG00000092218.2	2.7354006698446818	-1.158932327390343	1.57456707504959	-0.7360323645493748	0.4617110018512473	0.9995150899006424	ENSMUSG00000092218.2
ENSMUSG00000032589.15	4.444322979335486	-1.3484747798712655	1.391488090907346	-0.9690882650615912	0.3325011521980159	0.9995150899006424	Bsn
ENSMUSG00000032607.13	3.0292936011079927	-0.32824418920623	1.5279278397440768	-0.2148296409477099	0.8299001422666817	0.9995150899006424	Amt
ENSMUSG00000104208.2	38.9014490723342	0.671386069458945	0.5323016676787914	1.2612886831383774	0.2072048570378928	0.9995150899006424	Gm37401
ENSMUSG00000121068.1	121.12219812832004	0.4328022978263708	0.3602987211913804	1.201231845606464	0.2296612795124369	0.9995150899006424	ENSMUSG00000121068.1
ENSMUSG00000032609.13	3.213003709335036	0.3420327439987653	1.4717828874614167	0.2323934779461361	0.8162324141252475	0.9995150899006424	Klhdc8b
ENSMUSG00000032604.17	2.114666997850499	1.8497674587949573	1.8505806005202128	0.9995606018321888	0.3175231975664171	0.9995150899006424	Qars
ENSMUSG00000006673.15	2.382513376411691	1.443413203814365	1.6262303489402703	0.8875822571845139	0.3747655011761623	0.9995150899006424	Qrich1
ENSMUSG00000019039.15	20.75548535871738	-0.5849114419246744	0.7352748756120413	-0.7955003786003095	0.4263224908148699	0.9995150899006424	Dalrd3
ENSMUSG00000066357.7	5.585218628679315	0.7067426109242955	1.0870266267371478	0.6501612688602446	0.5155880563031598	0.9995150899006424	Wdr6
ENSMUSG00000120856.1	3.5147862663522544	0.0135845520413603	1.3879872516663303	0.0097872311327439	0.9921910440562162	0.9995150899006424	ENSMUSG00000120856.1
ENSMUSG00000120796.1	78.76700515223779	-0.1811823027317514	0.3957197290497216	-0.4578551167181915	0.6470565346381025	0.9995150899006424	ENSMUSG00000120796.1
ENSMUSG00000025644.11	16.545902430483025	-0.9826337769192988	0.6901273166524502	-1.4238441997712654	0.1544915776588049	0.9995150899006424	Gm7628
ENSMUSG00000053646.14	1.8023009768861176	-1.7377253262138217	2.0363807609842364	-0.8533400823203284	0.3934707384458898	0.9995150899006424	Plxnb1
ENSMUSG00000032479.16	1.3989861616882813	1.5699053158041485	2.4538274032600524	0.6397782149300467	0.5223167975321757	0.9995150899006424	Map4
ENSMUSG00000032482.10	1.6085040188036566	0.0444997543186038	2.165809573929512	0.0205464759479598	0.9836074374446758	0.9995150899006424	Cspg5
ENSMUSG00000098973.3	971.0934273782271	-0.6875277618237421	0.3315141653852974	-2.0739016114882247	0.038088449364174	0.9995150899006424	ENSMUSG00000098973.3
ENSMUSG00000091102.2	45.06747441343492	-0.6775999382040399	0.4756121021001776	-1.4246902785104445	0.1542467504916602	0.9995150899006424	ENSMUSG00000091102.2
ENSMUSG00000044791.17	7.897240724599453	-0.2239119782474311	1.2774712401737616	-0.1752775101355507	0.8608615825128864	0.9995150899006424	Setd2
ENSMUSG00000048752.8	2.727244879947913	-0.776826024217938	1.982331948998092	-0.3918748444782725	0.6951506906494501	0.9995150899006424	Prss50
ENSMUSG00000044037.16	2.154023501627289	-0.2173021394257565	1.957669833933482	-0.1110004024474027	0.911616027598334	0.9995150899006424	Als2cl
ENSMUSG00000105140.2	4.198408672255535	-2.4290527234410253	1.578885360521301	-1.5384604760911993	0.1239360652450671	0.9995150899006424	ENSMUSG00000105140.2
ENSMUSG00000032503.19	2.7089000139441737	1.1494544405831553	1.659370556150402	0.6927050961117397	0.4884946403262147	0.9995150899006424	Arpp21
ENSMUSG00000087038.11	9.63087007652743	0.6615324330493539	0.8915241444566363	0.7420241360401326	0.4580727121793589	0.9995150899006424	2900079G21Rik
ENSMUSG00000009741.17	2.4958476060250745	2.4323082178738207	1.8078229029572184	1.345435005771348	0.1784847970213151	0.9995150899006424	Ubp1
ENSMUSG00000111793.2	2.135732571784436	-2.2813276667253777	2.047661554504986	-1.1141136393884583	0.2652304380014892	0.9995150899006424	ENSMUSG00000111793.2
ENSMUSG00000032437.11	1.9128039184528485	0.4996278495229743	2.06517447207116	0.2419300917572831	0.8088343327648027	0.9995150899006424	Stt3b
ENSMUSG00000039163.11	1.5721579430052053	-0.2716820112852197	2.196077151477745	-0.1237124165252593	0.9015429802222504	0.9995150899006424	Cmc1
ENSMUSG00000087041.2	10.750087197574258	-0.8567981240919725	0.8492852977656117	-1.0088460572037763	0.3130484687442334	0.9995150899006424	Gm16295
ENSMUSG00000032508.9	4.365086800220696	0.696012286160694	1.2354134386487958	0.5633840982998704	0.5731733629603251	0.9995150899006424	Myd88
ENSMUSG00000036138.17	11.844982488528409	0.7608318599803124	0.7946168667580275	0.9574826457994088	0.3383237016061388	0.9995150899006424	Acaa1a
ENSMUSG00000097504.2	1.718517321982776	1.1584479372177294	2.1464777157296964	0.5396971646751592	0.5894058956485053	0.9995150899006424	4930516B21Rik
ENSMUSG00000032512.8	7.350554601653118	-0.3011422544440873	0.9782403941999892	-0.3078407477646261	0.7582035139692772	0.9995150899006424	Wdr48
ENSMUSG00000032513.9	13.301629774453218	0.8478928929445665	0.7549345626888044	1.1231342885198925	0.2613804654824794	0.9995150899006424	Gorasp1
ENSMUSG00000111639.2	9.141003692796655	1.731012193351959	0.955939510484982	1.8107967861625005	0.0701723139991834	0.9995150899006424	ENSMUSG00000111639.2
ENSMUSG00000111828.2	1.5489720586498927	-2.6622488983607235	2.3582472941786685	-1.1289099768851565	0.2589358116164003	0.9995150899006424	ENSMUSG00000111828.2
ENSMUSG00000006932.18	1.244512994888448	-0.2521971759017625	2.4113049852913644	-0.1045894971561587	0.9167015490496596	0.9995150899006424	Ctnnb1
ENSMUSG00000040936.16	128.6236888321008	0.084130877534252	0.3714378964946266	0.2265005222359402	0.8208121530987451	0.9995150899006424	Ulk4
ENSMUSG00000097820.4	20.92924618452076	0.0242434909424424	0.6671015726177154	0.0363415286930155	0.9710100366867824	0.9995150899006424	ENSMUSG00000097820.4
ENSMUSG00000013419.8	1.3470245297086585	-1.8370299256622036	2.425581456971752	-0.757356517705106	0.4488362991969842	0.9995150899006424	Zfp651
ENSMUSG00000111000.2	1.6742499739651746	4.145386183286544	2.834965837817893	1.462234968756201	0.1436768321637193	0.9995150899006424	ENSMUSG00000111000.2
ENSMUSG00000032523.12	1.8224795680899977	2.648763129213767	2.312730557167746	1.1452968963481585	0.2520861912095539	0.9995150899006424	Hhatl
ENSMUSG00000111079.2	4.192716600961701	-0.6007337698543475	1.434423065490131	-0.4187981804720084	0.6753636347292582	0.9995150899006424	ENSMUSG00000111079.2
ENSMUSG00000066235.8	2.864078939331288	-2.234970940795557	1.6749894460975634	-1.334319416759702	0.1820991968140493	0.9995150899006424	Pomgnt2
ENSMUSG00000093598.2	2.6198511272899725	-1.6144459882801547	1.696887818471689	-0.9514158630322506	0.3413933108269917	0.9995150899006424	ENSMUSG00000093598.2
ENSMUSG00000110945.2	2.843541871032562	0.5836912220375896	1.5161247754670348	0.3849889082234583	0.7002456333283392	0.9995150899006424	ENSMUSG00000110945.2
ENSMUSG00000025787.7	6.354743112927696	-0.5950241782147545	1.130470215031978	-0.5263510442846324	0.598644323465642	0.9995150899006424	Tgm4
ENSMUSG00000054871.6	1.5763409840413154	-0.1663004389716948	2.2143797858996592	-0.0751002334968164	0.9401349620475208	0.9995150899006424	Tmem158
ENSMUSG00000035202.9	234.3408511764256	-0.4955495644844218	0.9411137138364916	-0.5265565225527233	0.5985015909826372	0.9995150899006424	Lars2
ENSMUSG00000025243.18	13.25450407196502	0.2050867501204711	0.7657494198069742	0.2678248847673541	0.7888341149777574	0.9995150899006424	Slc6a20b
ENSMUSG00000091172.2	4.020585123049765	-0.2565392252983881	1.317736406165231	-0.1946817467424669	0.8456421024819629	0.9995150899006424	Gm17120
ENSMUSG00000090608.2	4.67465444286406	-0.4212840550251941	1.1809340781640003	-0.356737994791517	0.7212879587978183	0.9995150899006424	ENSMUSG00000090608.2
ENSMUSG00000120808.1	5.589296935849905	-0.9881497664539842	1.1238602467700425	-0.8792461245016111	0.3792678404350464	0.9995150899006424	ENSMUSG00000120808.1
ENSMUSG00000093803.7	8.346997770715864	0.0843602914902184	0.951737278526842	0.0886382128698336	0.929369438115069	0.9995150899006424	Ppp2r3d
ENSMUSG00000096054.4	2.3967486679650696	-0.5155437677397952	1.7691742102527277	-0.2914036191303905	0.7707426469338535	0.9995150899006424	Syne1
ENSMUSG00000019795.18	4.328609053630528	0.7533794394081627	1.3100267111445545	0.5750870825755486	0.5652324036596171	0.9995150899006424	Pcmt1
ENSMUSG00000120335.1	8.639591127668734	1.3097118374452503	0.9021953069930908	1.4516943585201785	0.1465866086457757	0.9995150899006424	ENSMUSG00000120335.1
ENSMUSG00000092190.2	2.034941492479945	-1.3176454095149055	1.8555990754366696	-0.7100916501614607	0.4776473038788228	0.9995150899006424	ENSMUSG00000092190.2
ENSMUSG00000085211.3	7.241930982995615	-0.7916966624895716	0.998347883538077	-0.7930068020817077	0.4277738597461377	0.9995150899006424	B430219N15Rik
ENSMUSG00000015305.7	1.059808986367467	-2.2396325903913694	3.287516210273273	-0.6812537025346564	0.4957109727327701	0.9995150899006424	Sash1
ENSMUSG00000097597.3	48.65419328276939	-0.2160880326067036	0.4509256239277844	-0.4792099209720449	0.6317892971039833	0.9995150899006424	Gm26674
ENSMUSG00000090070.2	1.4258309642543192	0.0925479331568648	2.114898929609543	0.0437599791938763	0.9650957284819052	0.9995150899006424	Gm16577
ENSMUSG00000019808.9	4.173445064029608	-0.1310802860610034	1.2769709811643688	-0.1026493851422384	0.9182412461491776	0.9995150899006424	Adat2
ENSMUSG00000015501.11	1.018239368760815	-1.1987068119345508	2.9924109478458694	-0.4005822839264297	0.6887276911786098	0.9995150899006424	Hivep2
ENSMUSG00000101014.2	37.10056415900767	0.045859881356832	0.5033676959220855	0.091106127247249	0.9274082640543264	0.9995150899006424	Gm28289
ENSMUSG00000085572.2	17.011006224267348	-0.3852569232683968	0.671733748675077	-0.5735262282537908	0.5662884455206323	0.9995150899006424	Gm16234
ENSMUSG00000039835.17	1.5836933050361697	0.8645382843482654	2.043390079413141	0.423090183836343	0.6722294639897443	0.9995150899006424	Nhsl1
ENSMUSG00000111474.2	8.86067712622723	1.6498960633095314	1.1375384469739085	1.450409054479523	0.1469444836491483	0.9995150899006424	ENSMUSG00000111474.2
ENSMUSG00000019996.18	17.19493463893477	-0.883716934006046	0.9020971276784768	-0.9796250391354956	0.3272712404614478	0.9995150899006424	Map7
ENSMUSG00000111447.2	886.774620619668	-1.4906022763523077	0.9794118842695896	-1.5219360723440123	0.1280250995618085	0.9995150899006424	ENSMUSG00000111447.2
ENSMUSG00000037608.17	2.9374650485561844	-1.416436482195793	1.7282529747252189	-0.8195770543493481	0.4124572587557666	0.9995150899006424	Bclaf1
ENSMUSG00000112654.2	16.532312639381608	0.8479321037679255	0.6943829844607983	1.2211303023595277	0.2220366881251952	0.9995150899006424	ENSMUSG00000112654.2
ENSMUSG00000037490.6	1.7852732645336868	1.4329473700351203	1.987225974831533	0.7210792271153755	0.4708607709310084	0.9995150899006424	Slc2a12
ENSMUSG00000071359.14	2.9903646429244977	0.3479000562812869	1.6068111435814272	0.2165158349013259	0.8285856834165094	0.9995150899006424	Tbpl1
ENSMUSG00000087400.10	19.5862372864641	0.8865025209217178	0.6688379791012177	1.3254368750306271	0.1850262933236344	0.9995150899006424	ENSMUSG00000087400.10
ENSMUSG00000039098.4	1.7966784011229573	0.2358376846057919	2.089431535477936	0.1128716976849143	0.9101322748857904	0.9995150899006424	Gm9767
ENSMUSG00000112751.2	2.016764277580453	-1.0458894448258638	2.121811925351233	-0.4929227856294251	0.6220671466726975	0.9995150899006424	ENSMUSG00000112751.2
ENSMUSG00000038916.8	1.7229784612481265	0.4900291154139585	2.065479766633433	0.2372471148495765	0.8124650871116258	0.9995150899006424	Soga3
ENSMUSG00000110830.3	6.25046189959927	-0.8349832274302083	1.1502404860698556	-0.7259205683875559	0.467887466505184	0.9995150899006424	ENSMUSG00000110830.3
ENSMUSG00000019883.12	46.02921077726726	0.2445028460965792	0.454794629099546	0.537611551351593	0.5908452537221058	0.9995150899006424	Echdc1
ENSMUSG00000038876.13	45.527240836518665	-1.1083976442061287	0.4860772462323014	-2.28029115289304	0.0225904261712491	0.9995150899006424	Rnf146
ENSMUSG00000111496.2	4.867229988299132	-1.0548382042454003	1.293357457970132	-0.8155813365787701	0.4147396274089273	0.9995150899006424	ENSMUSG00000111496.2
ENSMUSG00000110831.2	1.498425290636212	-0.1811341288834173	2.084659733925498	-0.0868890620064572	0.93075969389156	0.9995150899006424	ENSMUSG00000110831.2
ENSMUSG00000090087.2	2.828851655330097	1.065225902337246	1.7572887308138434	0.6061758000598535	0.5443980207488275	0.9995150899006424	Gm15939
ENSMUSG00000111905.2	14.758917193931902	0.5446333677254656	0.7110970791766582	0.7659057865292709	0.4437323625974627	0.9995150899006424	ENSMUSG00000111905.2
ENSMUSG00000097274.3	132.00930921925357	0.7530066345995899	0.364912243712964	2.063528005905707	0.0390624897890818	0.9995150899006424	Gm26564
ENSMUSG00000069662.6	4.746056819365445	-0.1884758160592982	1.217090320614193	-0.1548577068332823	0.8769334964003664	0.9995150899006424	Marcks
ENSMUSG00000046463.6	2.499538186114145	-1.0042038004220184	1.798300853584219	-0.5584181303259271	0.5765588952755211	0.9995150899006424	ENSMUSG00000046463.6
ENSMUSG00000019842.7	7.287250944060709	-0.5175160250008803	1.078523039642807	-0.4798377095145552	0.6313427966201025	0.9995150899006424	Traf3ip2
ENSMUSG00000087177.9	2.543717867294529	0.1623651892744509	1.5727483668510935	0.1032365969640352	0.9177751948961934	0.9995150899006424	ENSMUSG00000087177.9
ENSMUSG00000038491.11	8.700836519787332	0.528951296538903	0.9168795034527756	0.5769038292894362	0.5640044236453605	0.9995150899006424	Cdk19os
ENSMUSG00000019822.13	18.40855593820873	-0.3777496900947268	0.7466485478109051	-0.5059270405095532	0.6129078688149091	0.9995150899006424	Smpd2
ENSMUSG00000048756.12	2.734785630454798	0.7271631022397939	1.4960603813891655	0.4860519744293924	0.626930316153578	0.9995150899006424	Foxo3
ENSMUSG00000086434.2	7.732618975264116	-0.9605435039303948	1.027332332458962	-0.934988098380292	0.3497944329918435	0.9995150899006424	Gm15200
ENSMUSG00000111892.2	16.91657606149398	-0.6973929145114673	0.6867830198330005	-1.015448685206351	0.3098919956551934	0.9995150899006424	ENSMUSG00000111892.2
ENSMUSG00000058298.11	20.80211968451417	0.0814112720118597	0.6424084907742267	0.1267282004846221	0.8991555250251626	0.9995150899006424	Mcm9
ENSMUSG00000019857.8	1.87363177364574	0.1859444742174475	2.519063830623792	0.0738149116973357	0.94115766157669	0.9995150899006424	Asf1a
ENSMUSG00000050953.11	2.1953782468815617	0.1294742760278717	1.6995893052345243	0.0761797427349695	0.939276098805825	0.9995150899006424	Gja1
ENSMUSG00000071280.3	5.9858580702154685	0.0825995991838671	1.043998141324883	0.0791185308807584	0.936938344204708	0.9995150899006424	Gm10322
ENSMUSG00000058297.17	2.565207654627752	-0.6980843944402504	1.707866074769019	-0.4087465666970772	0.6827256563074968	0.9995150899006424	Spock2
ENSMUSG00000004207.16	1.7662348861608936	-1.3451014360995774	2.1150740115362896	-0.6359595119428277	0.5248028119093388	0.9995150899006424	Psap
ENSMUSG00000043126.6	2.283343991692468	-0.7398079815086461	1.7650030147533209	-0.4191539477976714	0.6751036260247258	0.9995150899006424	D830039M14Rik
ENSMUSG00000020085.16	4.837021306095779	0.3921450763247131	1.2343626230164149	0.3176903358969403	0.7507198425818127	0.9995150899006424	Aifm2
ENSMUSG00000020086.7	5.702844592601276	1.0739271673996822	1.1253032618473506	0.9543446676202404	0.339909204837369	0.9995150899006424	H2afy2
ENSMUSG00000097129.3	2.495321299501328	-0.2707133165673451	1.6031862158802817	-0.1688595584753709	0.8659071099881843	0.9995150899006424	4930507D05Rik
ENSMUSG00000105203.2	32.34362770807534	-0.2916403454863702	0.522720267397791	-0.557928138004321	0.5768934564470607	0.9995150899006424	4933428P19Rik
ENSMUSG00000020070.19	12.203081949842534	-0.3644144643582264	0.7804647500362242	-0.4669198248111944	0.6405572409265783	0.9995150899006424	Rufy2
ENSMUSG00000045391.5	2.9522381354607483	0.2648938771701889	1.589544539387479	0.1666476595064546	0.867647291145317	0.9995150899006424	1700120B22Rik
ENSMUSG00000037876.18	1.6548337853041446	-1.4228326652316148	2.096201517788664	-0.6787671190757446	0.4972854307434948	0.9995150899006424	Jmjd1c
ENSMUSG00000069601.15	2.242451391369641	-0.0332814757166314	2.0340827555364687	-0.0163619083963247	0.9869456683748726	0.9995150899006424	Ank3
ENSMUSG00000089835.2	2.209315464521896	-0.6632857226509654	1.79491489614948	-0.3695360287409009	0.7117282234871499	0.9995150899006424	Gm7097
ENSMUSG00000043259.16	8.312064786804115	-0.6324525165849852	0.9130402782900932	-0.6926885172792355	0.4885050467256338	0.9995150899006424	Fam13c
ENSMUSG00000037747.10	9.00375948700274	-0.2453959615800234	0.92972342178585	-0.2639451215595461	0.7918222061210286	0.9995150899006424	Phyhipl
ENSMUSG00000047692.8	2.9967272644812404	1.0891955403165194	1.4641084177584445	0.7439309323718539	0.4569182607342216	0.9995150899006424	4930533K18Rik
ENSMUSG00000009681.11	4.155294291970465	-0.8934297387625882	1.3704166553021937	-0.651940222198756	0.5144397360627664	0.9995150899006424	Bcr
ENSMUSG00000000901.18	271.02927006839724	-0.3301066122878407	0.3023398600613438	-1.0918395352199444	0.2749036382743451	0.9995150899006424	Mmp11
ENSMUSG00000050157.7	17.27828836477263	-0.5038931695324635	0.6763938648772223	-0.7449700473317115	0.4562898273749172	0.9995150899006424	Gm867
ENSMUSG00000033208.8	2.0478838741109	-3.704174559878049	2.603923267298915	-1.4225359888275202	0.1548707115771455	0.9995150899006424	S100b
ENSMUSG00000089711.2	10.95458780156816	-0.2718041254895302	0.8386738931473654	-0.3240879771152848	0.7458714289997073	0.9995150899006424	Gm16240
ENSMUSG00000101695.2	15.042467092094595	-0.6040137118515252	0.748550217799515	-0.8069114102018722	0.4197175245273087	0.9995150899006424	1700094J05Rik
ENSMUSG00000120244.1	11.33546638273007	-0.2734265227136144	0.9024723329214324	-0.3029749641504172	0.7619089411408864	0.9995150899006424	ENSMUSG00000120244.1
ENSMUSG00000033126.6	1.650590653218081	-2.3271547128292065	2.384843071153492	-0.975810417455945	0.3291584213756608	0.9995150899006424	Ybey
ENSMUSG00000086241.3	7.395143755000084	-0.256918211310217	0.9844051389062466	-0.2609882873993058	0.7941015396267829	0.9995150899006424	4930483K19Rik
ENSMUSG00000020284.17	1.3533882843479457	-2.26857951298609	2.5258845730100288	-0.8981326926917664	0.3691148114629672	0.9995150899006424	1810043G02Rik
ENSMUSG00000001211.16	2.486379996415368	0.0026111832511075	1.6085306915112747	0.001623334428673	0.9987047670912116	0.9996229156794292	Agpat3
ENSMUSG00000112641.2	2.884036388528975	0.8850237931979373	1.502767007567173	0.5889294805790958	0.5559085805512893	0.9995150899006424	ENSMUSG00000112641.2
ENSMUSG00000112652.2	99.61128823131872	-0.0353676172754587	0.3826439427125099	-0.0924295757166378	0.9263567419764128	0.9995150899006424	ENSMUSG00000112652.2
ENSMUSG00000112021.2	4.404048355997978	-0.3460008920842604	1.284686257256919	-0.2693271529369719	0.787677938870867	0.9995150899006424	ENSMUSG00000112021.2
ENSMUSG00000020312.13	7.912988705469414	0.8094835391280345	0.949701320298144	0.8523559163568495	0.3940165797743346	0.9995150899006424	Shc2
ENSMUSG00000020331.11	1.655694013062004	-1.390483081166196	2.1126277016664883	-0.6581770560280695	0.5104243661887691	0.9995150899006424	Hcn2
ENSMUSG00000020323.15	1.4763777322679996	-2.211446774750117	2.4198653878555763	-0.9138718152871492	0.3607842050368686	0.9995150899006424	Prss57
ENSMUSG00000091994.3	10.820612308093784	-0.1967377728508197	1.0021942064613365	-0.196307034686904	0.8443698556329783	0.9995150899006424	ENSMUSG00000091994.3
ENSMUSG00000006498.17	2.7159712167832564	2.9779081816129453	1.8958858872014184	1.570721213610982	0.1162474194679719	0.9995150899006424	Ptbp1
ENSMUSG00000035835.15	24.0890682395802	0.4606859633788933	0.5892198012699447	0.7818575723116865	0.434298281774917	0.9995150899006424	Plppr3
ENSMUSG00000090860.2	6.731866522698027	0.6577715490766428	1.0221328133671916	0.6435284539097803	0.5198812578491657	0.9995150899006424	Gm17134
ENSMUSG00000035745.10	1.9977351889236343	-1.5916783230739409	1.891442804370573	-0.841515439640065	0.4000592391823478	0.9995150899006424	Grin3b
ENSMUSG00000003068.18	12.008845397180025	0.037661647221752	0.8212187987063073	0.0458606735270572	0.9634212991562756	0.9995150899006424	Stk11
ENSMUSG00000035640.20	5.997364166846655	-0.2561342942515381	1.0945592813607647	-0.2340067811887812	0.8149797141836792	0.9995150899006424	Cbarp
ENSMUSG00000003072.16	3.7465325938467706	3.683613958694451	1.6928001398121082	2.1760477637385547	0.029551689237687	0.9995150899006424	Atp5d
ENSMUSG00000063457.15	1.2048787051498957	-1.230108526009376	2.6815859805760245	-0.4587242530799402	0.6464321953598168	0.9995150899006424	Rps15
ENSMUSG00000020135.14	2.611304657303146	-1.0064930623324455	1.7166054929197332	-0.5863275321463208	0.5576554326956022	0.9995150899006424	Apc2
ENSMUSG00002076295.1	4.53047746696655	-0.1799459887553074	1.3755931358587583	-0.1308133808351481	0.8959229375835975	0.9995150899006424	ENSMUSG00002076295.1
ENSMUSG00000035478.15	1.3346940526406816	-1.8671844942169984	2.6627886796816225	-0.7012139222554639	0.4831695226406246	0.9995150899006424	Mbd3
ENSMUSG00000020198.9	1.6826904621035617	-3.1605566401592053	2.8434305064319547	-1.1115294124508754	0.2663405370515314	0.9995150899006424	Ap3d1
ENSMUSG00000061589.15	2.76721402663602	-2.4091667143658184	2.1086032745985803	-1.1425414839235024	0.2532290128413964	0.9995150899006424	Dot1l
ENSMUSG00000035278.10	3.202246324629813	-0.8886166672455106	1.7044549646113096	-0.5213494552190495	0.6021233552216396	0.9995150899006424	Plekhj1
ENSMUSG00000020211.16	9.936142162347334	-0.1229571241194699	0.8681837824087036	-0.1416256864166888	0.8873756766139466	0.9995150899006424	Sf3a2
ENSMUSG00000034994.11	1.1480547162516006	-2.275789828231513	3.2043058582632957	-0.7102286513513322	0.4775623562837257	0.9995150899006424	Eef2
ENSMUSG00000053603.5	3.556157834372337	-1.7908751869307995	1.6746359570091622	-1.0694116410406211	0.2848842241344609	0.9995150899006424	4930442H23Rik
ENSMUSG00000085779.2	8.071189658797707	0.981131026994826	1.0602470289812551	0.9253796522660872	0.3547684592440225	0.9995150899006424	Atcayos
ENSMUSG00000020234.11	23.08270386988629	0.3771195064286685	0.6136198065837004	0.6145817041471718	0.5388310001126149	0.9995150899006424	4930404N11Rik
ENSMUSG00000055053.19	1.4607851718327929	-0.476018593659427	2.5320600846403187	-0.1879965631728071	0.8508793453381854	0.9995150899006424	Nfic
ENSMUSG00000085327.3	13.416784354411048	-1.1783237090612346	0.7709156343463481	-1.528472969756702	0.1263951497169189	0.9995150899006424	Gm16104
ENSMUSG00000084849.2	12.163389946354515	0.1882050004527581	0.899034939515923	0.2093411414623055	0.8341819369595492	0.9995150899006424	Gm16105
ENSMUSG00000054452.11	1.1875068461319356	-0.8689497583015449	2.7703653751572768	-0.3136589007694386	0.7537801189519673	0.9995150899006424	Aes
ENSMUSG00000054708.18	3.607257039482635	1.1473064455114734	1.3458113126501612	0.8525017101039273	0.3939356902652592	0.9995150899006424	Ankrd24
ENSMUSG00000120847.1	7.002834845069455	0.8248670305795327	0.9737230921802744	0.847126906205504	0.3969243894070977	0.9995150899006424	ENSMUSG00000120847.1
ENSMUSG00000112110.3	3.657738694775469	-0.0486555132841061	1.378340870805736	-0.0353000584359539	0.9718404767360176	0.9995150899006424	ENSMUSG00000112110.3
ENSMUSG00000020255.9	2.3224316869559924	1.7360365451380504	1.6816777770048683	1.0323241282464926	0.3019203015967249	0.9995150899006424	D10Wsu102e
ENSMUSG00000060935.7	2.005637239220423	-1.536264046766546	1.8802836986460865	-0.8170384330155845	0.4139064649128597	0.9995150899006424	Tmem263
ENSMUSG00000085111.4	13.025750904559724	0.4148552567649088	0.7554857515367277	0.5491238662291843	0.5829204476947918	0.9995150899006424	Ascl4
ENSMUSG00000097692.3	4.483467630822058	-0.2641390022212702	1.2714211098497177	-0.2077509962474128	0.8354233970228501	0.9995150899006424	A230060F14Rik
ENSMUSG00000001786.15	12.830157824993067	0.1926167090767674	0.8477435838973401	0.2272110491137529	0.8202596364149166	0.9995150899006424	Fbxo7
ENSMUSG00000059602.15	84.51226788766857	-0.6785870076770523	0.3836073756054494	-1.7689623579474587	0.0769001565538793	0.9995150899006424	Syn3
ENSMUSG00000121489.1	74.9486269960508	0.1052532724378354	0.4164182074924796	0.2527585742987384	0.8004547813212171	0.9995150899006424	ENSMUSG00000121489.1
ENSMUSG00000020048.14	1.3832727802921003	-2.3412205397752146	2.4921199667414973	-0.9394493728311214	0.3475000738951075	0.9995150899006424	Hsp90b1
ENSMUSG00000035459.19	1.6855572853394356	1.8005445034693548	2.162668926033693	0.8325566996385019	0.405094788134934	0.9995150899006424	Stab2
ENSMUSG00000035365.16	1.7382023191570717	-0.0742583155046625	2.312147334108153	-0.0321166019177171	0.9743790638240688	0.9995150899006424	Parpbp
ENSMUSG00000087429.2	6.619063312776781	-0.1239697707857761	1.013729891755004	-0.1222907322690814	0.9026687714876191	0.9995150899006424	Gm16235
ENSMUSG00000020059.10	10.586421090526292	-0.5558101383963384	0.930418511939859	-0.5973764830167796	0.5502560511434864	0.9995150899006424	Sycp3
ENSMUSG00000061904.13	1.903288642336069	-0.5029042581732175	2.145089587494162	-0.2344444078723524	0.814639986606933	0.9995150899006424	Slc25a3
ENSMUSG00000120133.1	206.35917801755616	0.016725803430052	0.3142803091686093	0.0532193807314819	0.9575571139058834	0.9995150899006424	ENSMUSG00000120133.1
ENSMUSG00000020015.11	3.642677774802381	0.9098951229644314	1.4485005094359935	0.6281634815017908	0.529896850463943	0.9995150899006424	Cdk17
ENSMUSG00000036168.16	6.90405287248629	-0.3881795743958463	1.0203739881640213	-0.3804287240743028	0.7036271958767926	0.9995150899006424	Ccdc38
ENSMUSG00000097407.2	4.123836703663557	0.3207286634667352	1.25193435316219	0.2561864866609218	0.7978068426161157	0.9995150899006424	4933408J17Rik
ENSMUSG00000112203.2	4.977172844819034	0.0485977708301922	1.197946362601758	0.0405675682545963	0.967640639645732	0.9995150899006424	ENSMUSG00000112203.2
ENSMUSG00000112346.2	2.9742745172690004	-1.699393293949243	1.557545554446028	-1.0910713263559515	0.2752414986863196	0.9995150899006424	ENSMUSG00000112346.2
ENSMUSG00000019952.16	2.3062844903127027	0.6107839250720203	1.6374133108686877	0.3730175643606955	0.7091353714341807	0.9995150899006424	Poc1b
ENSMUSG00000019971.11	1.5457112232655827	0.4953053275895065	2.5183605702940746	0.1966776852496815	0.8440797735993546	0.9995150899006424	Cep290
ENSMUSG00000046567.11	1.4127053721493297	1.0825861204373222	2.286409069738797	0.4734875026370493	0.6358654150302216	0.9995150899006424	4930430F08Rik
ENSMUSG00000112000.2	2.5647475939073967	-2.2141809353871467	1.8590911320302788	-1.1910018273117582	0.233652867527461	0.9995150899006424	ENSMUSG00000112000.2
ENSMUSG00000085282.10	3.8105188993801193	-1.4004024720297608	1.375056128344288	-1.0184329520541042	0.3084722489908993	0.9995150899006424	ENSMUSG00000085282.10
ENSMUSG00000019897.9	3.654354739831448	-2.7044008842164606	1.6944570958240557	-1.5960279495310823	0.1104825533485259	0.9995150899006424	Ccdc59
ENSMUSG00000053825.16	1.8701351543741744	-1.933059607204912	2.1558190784418905	-0.8966706095773227	0.3698947079927853	0.9995150899006424	Ppfia2
ENSMUSG00000020205.9	2.665971043244604	2.532633435155115	1.7583492862941177	1.4403471795372762	0.1497691996089796	0.9995150899006424	Phlda1
ENSMUSG00000100113.2	43.07848089088586	1.5154142227403458	0.4905498655652754	3.0892154480443863	0.0020068584747578	0.4625808784316852	Gm28592
ENSMUSG00000056888.12	5.221774199239135	0.1661451072553125	1.22252461440308	0.1359032818627017	0.8918977409984592	0.9995150899006424	Glipr1
ENSMUSG00000097185.2	62.51576718127834	-0.0097393309555459	0.4111116799242226	-0.0236902317086713	0.981099697787908	0.9995150899006424	Gm26596
ENSMUSG00000050663.9	4.115714447076017	2.8086314554195204	1.7345905424259385	1.6191898818331305	0.1054064143580802	0.9995150899006424	Trhde
ENSMUSG00000084865.2	3.391430496971404	-0.8016019689709979	1.540719782765261	-0.5202775857997323	0.6028701159134386	0.9995150899006424	Gm15723
ENSMUSG00000034163.11	1.6509989768890148	-0.1766460749372798	2.016018239921334	-0.0876212682203572	0.9301776975972575	0.9995150899006424	Zfc3h1
ENSMUSG00000020164.8	10.32733132558718	0.3131805992736611	0.8636702136902863	0.3626159549204601	0.7168917900795944	0.9995150899006424	Kcnmb4os1
ENSMUSG00000085837.10	9.754589229909271	0.134591776353634	0.8782070928430169	0.1532574462794652	0.878195257113457	0.9995150899006424	Kcnmb4os2
ENSMUSG00000052291.11	3.8705862738196046	1.6771057869935857	1.3595037019367386	1.2336161972964057	0.217345954507226	0.9995150899006424	ENSMUSG00000052291.11
ENSMUSG00000120959.1	2.6947869060994343	1.3221000874489035	1.5504251001275278	0.8527339291270222	0.3938068709114392	0.9995150899006424	ENSMUSG00000120959.1
ENSMUSG00000052681.9	4.186107460587336	-0.900367641597549	1.2731848590206685	-0.7071774654075844	0.4794562005959299	0.9995150899006424	Rap1b
ENSMUSG00000104443.2	7.632771716383008	0.2992919195935264	0.9532464341855204	0.3139711924013119	0.7535429183581097	0.9995150899006424	ENSMUSG00000104443.2
ENSMUSG00000112294.2	2.3081658820199165	2.4775633645526454	1.8366814566727785	1.3489347080581136	0.1773579387746057	0.9995150899006424	ENSMUSG00000112294.2
ENSMUSG00000006728.13	28.34676577064623	0.4776778507851231	0.5671455128541146	0.842249193476375	0.3996484831993496	0.9995150899006424	Cdk4
ENSMUSG00000025422.11	3.985997236932088	-0.0270808857159494	1.3113356668238705	-0.0206513758460798	0.9835237571908826	0.9995150899006424	Agap2
ENSMUSG00000040462.14	3.4831875845461937	-0.7920241078339285	1.5063842653620865	-0.525778266572342	0.5990422766341936	0.9995150899006424	Os9
ENSMUSG00000040441.13	12.887506248984227	-0.1806755541910291	0.7866958332981923	-0.2296637995825576	0.818353026757073	0.9995150899006424	Slc26a10
ENSMUSG00000097331.3	15.607638347421428	0.1494331604271571	0.6955774644954205	0.2148332400842766	0.8298973360804529	0.9995150899006424	F420014N23Rik
ENSMUSG00000074657.6	3.65404404400842	-1.105362484508562	1.4689341889706893	-0.7524928569353477	0.4517547238866269	0.9995150899006424	Kif5a
ENSMUSG00000092384.9	2.003910316683788	0.4003429376689029	1.8895091283937535	0.2118766888462873	0.8322032373262558	0.9995150899006424	ENSMUSG00000092384.9
ENSMUSG00000025408.16	2.810126910240136	-0.5507858803884939	1.6667022982933175	-0.3304644632412709	0.7410490399718681	0.9995150899006424	Ddit3
ENSMUSG00000040354.15	3.3858089872371635	0.4400492302391803	1.4956935999338925	0.2942108131362131	0.7685968184352377	0.9995150899006424	Mars
ENSMUSG00000112426.2	4.59988065086191	-0.1910402336006552	1.2371387405985412	-0.1544210259782406	0.8772777761636597	0.9995150899006424	ENSMUSG00000112426.2
ENSMUSG00000040249.16	6.2642127718030345	-2.5332567210873944	1.286112387328441	-1.9697008955411484	0.0488726602988617	0.9995150899006424	Lrp1
ENSMUSG00000085731.2	21.653475816736663	0.6039529862692651	0.6121518216536983	0.9866065327351564	0.323835566427568	0.9995150899006424	Gm16229
ENSMUSG00000025393.13	1.381552324776381	-1.9473665082903415	2.4870623891191554	-0.7829986560892194	0.4336279012349889	0.9995150899006424	Atp5b
ENSMUSG00000040054.18	1.7098121149159198	-2.747742838031066	2.316846144195832	-1.185984164254807	0.2356285533270846	0.9995150899006424	Baz2a
ENSMUSG00000120290.1	78.18597478389084	-0.3808764802648747	0.3987491406929849	-0.9551781844669324	0.339487596037974	0.9995150899006424	ENSMUSG00000120290.1
ENSMUSG00000014498.10	13.094369544621154	0.4391386013173148	0.7805459121948297	0.5626044470369383	0.5737042631704752	0.9995150899006424	Ankrd52
ENSMUSG00000090761.2	14.170180350674576	-0.0757453545925715	0.743063789482538	-0.101936543893923	0.918807043198386	0.9995150899006424	Gm17201
ENSMUSG00000025369.16	1.323008930978184	-1.402101070441602	2.2209264726381392	-0.6313135926450141	0.5278355010552789	0.9995150899006424	Smarcc2
ENSMUSG00000100548.2	13.665216230294382	0.7286569129572511	0.731972808501362	0.9954699197762552	0.3195077670665669	0.9995150899006424	Gm29585
ENSMUSG00000025355.8	8.091211485997245	-0.6478654924721563	0.959944825923776	-0.6748986764408059	0.4997401414844731	0.9995150899006424	Mmp19
ENSMUSG00000025354.6	8.350991743243249	-1.0413844705826147	0.9344417944264204	-1.114445519019018	0.265088104699724	0.9995150899006424	Dnajc14
ENSMUSG00000025353.6	3.154462514648304	-0.0293047369318303	1.4088052370184956	-0.0208011271975741	0.9834042985608032	0.9995150899006424	Ormdl2
ENSMUSG00000087111.2	1.382230392676023	-1.88459727919942	2.3970547327805187	-0.7862137036033959	0.4317422991289242	0.9995150899006424	Gm11399
ENSMUSG00000053263.4	25.766580382873048	-0.7148449338833044	0.5736814618323419	-1.2460659467713764	0.2127401853839219	0.9995150899006424	ENSMUSG00000053263.4
ENSMUSG00000034614.15	3.112122337865372	-2.088777448443888	1.6037659793622685	-1.3024203501775755	0.1927727296686874	0.9995150899006424	Pik3ip1
ENSMUSG00000056579.19	6.29581532691997	0.1115991117683608	1.0404605533913325	0.1072593395344097	0.9145832407489096	0.9995150899006424	ENSMUSG00000056579.19
ENSMUSG00000034493.2	6.940756161983564	-1.1684658416953435	1.0898170799898277	-1.072166938057394	0.2836450574943018	0.9995150899006424	4930556J24Rik
ENSMUSG00000002129.12	5.82575637013051	-1.5064820341889982	1.1734431229096594	-1.28381342459406	0.1992072452258139	0.9995150899006424	Sf3a1
ENSMUSG00000009076.11	11.169504877780303	-0.2396066020047065	0.9247066046537116	-0.2591163519313627	0.7955454685425492	0.9995150899006424	Zmat5
ENSMUSG00000009075.3	11.14333847079449	-1.175058240834656	0.8228291661597124	-1.428070721312491	0.1532715037950986	0.9995150899006424	Cabp7
ENSMUSG00000020396.9	5.2405938165355685	0.3808088904617871	1.3857486960223586	0.2748037155328796	0.7834670433808827	0.9995150899006424	Nefh
ENSMUSG00000034175.14	16.530941222704563	-0.2539044620183058	0.6733124373751616	-0.3770975373752577	0.7061011212357069	0.9995150899006424	Rhbdd3
ENSMUSG00000049680.19	1.809773479845249	-2.392125219208113	2.1789336573696847	-1.0978421537146683	0.2722734208908769	0.9995150899006424	Urgcp
ENSMUSG00000020475.4	1.5312000325944286	-0.7723059947732571	2.075983067967325	-0.3720194093535895	0.7098783982847187	0.9995150899006424	Pgam2
ENSMUSG00000094483.3	9.611494575039991	0.0633737175769776	0.9259121720210872	0.0684446316745626	0.9454316941686066	0.9995150899006424	Purb
ENSMUSG00000086839.8	62.04904043085454	0.0996051561310553	0.4554083693359739	0.2187161300445324	0.8268711832249622	0.9995150899006424	Gm11973
ENSMUSG00000020120.16	11.467182700335314	0.4084050387394969	0.8092233714592957	0.504687646382492	0.6137782391346922	0.9995150899006424	Plek
ENSMUSG00000078970.6	16.970480798789662	0.0995075579892331	0.700810870790034	0.1419891758771618	0.8870885554587634	0.9995150899006424	Wdr92
ENSMUSG00000087253.2	6.1554837125495885	-0.1979361860452427	1.1386547745860287	-0.1738333606138039	0.8619964255466444	0.9995150899006424	ENSMUSG00000087253.2
ENSMUSG00000051355.19	38.95392291061784	-0.3925396745807689	0.5416198095575083	-0.7247513249219324	0.4686046019378186	0.9995150899006424	Commd1
ENSMUSG00000056342.17	3.757323003178004	0.1744874080734142	1.3384126626460824	0.1303689160624402	0.8962745580648024	0.9995150899006424	Usp34
ENSMUSG00000020288.14	25.855758855836616	-1.2714872923000924	0.6875999674360754	-1.84916717934298	0.064433676326293	0.9995150899006424	Ahsa2
ENSMUSG00000086459.4	4.889544156069147	-0.5887126039675308	1.2380403222838603	-0.4755197333811471	0.6344165713871954	0.9995150899006424	ENSMUSG00000086459.4
ENSMUSG00000020280.13	4.598823639591486	-0.9679072091765486	1.2334043134010388	-0.784744465914508	0.4326034062254353	0.9995150899006424	Pus10
ENSMUSG00000085516.2	4.147126567987317	1.342324109616989	1.298474331157332	1.0337702312687025	0.3012435914335003	0.9995150899006424	4930538E20Rik
ENSMUSG00000086725.2	8.85489563156567	1.0506933693133305	0.8821410865904888	1.1910717971138869	0.2336254004513738	0.9995150899006424	ENSMUSG00000086725.2
ENSMUSG00000020463.16	5.656191457843042	1.1825137823556773	1.2086291465414716	0.9783925745456956	0.3278801993128294	0.9995150899006424	Smek2
ENSMUSG00000020458.17	2.742445627210518	-2.3455624146090104	1.8559060443025333	-1.26383683150862	0.2062885983867467	0.9995150899006424	Rtn4
ENSMUSG00000020315.19	10.05215946347006	-1.3872286503423223	1.113534232208978	-1.2457889575522092	0.2128418846032246	0.9995150899006424	Sptbn1
ENSMUSG00000101872.2	2.522533556610707	-0.4384070476697681	1.866161613654548	-0.2349244805283639	0.8142673485084698	0.9995150899006424	Gm29237
ENSMUSG00000073073.5	16.352435586561697	-0.7239608435175974	0.9024975298453644	-0.8021748753613122	0.4224518076944634	0.9995150899006424	ENSMUSG00000073073.5
ENSMUSG00000119981.1	1.6091788369760167	1.0572054795928398	2.6290517388517416	0.40212425794807	0.6875925809453732	0.9995150899006424	ENSMUSG00000119981.1
ENSMUSG00000120081.1	2.3305149613955574	-0.3352447043882633	1.911550713057202	-0.1753783993792642	0.8607823123327468	0.9995150899006424	ENSMUSG00000120081.1
ENSMUSG00000020289.16	12.125493659990262	-1.0347951124216035	0.8235578000456257	-1.256493609026926	0.2089370616040839	0.9995150899006424	Nprl3
ENSMUSG00000020287.16	1.8505479824148885	-0.7118970662357488	1.9439753377270252	-0.3662068403954793	0.7142107383054508	0.9995150899006424	Mpg
ENSMUSG00000087306.8	15.720483253592665	0.551289713593996	0.7271746921049819	0.7581255502692971	0.4483758252795947	0.9995150899006424	ENSMUSG00000087306.8
ENSMUSG00000048721.3	2.585974727616422	4.341503443723893	2.5277349851650044	1.7175469221273962	0.0858792888362795	0.9995150899006424	Fndc9
ENSMUSG00000020362.14	1.5129710806455154	-0.6193860176723268	2.457744841980304	-0.2520139630008389	0.8010302711451419	0.9995150899006424	Cnot6
ENSMUSG00000036644.16	1.3703620605394908	-0.6439949212588607	2.9588855963418785	-0.2176477934986884	0.8277035431966702	0.9995150899006424	Tbc1d9b
ENSMUSG00000015837.16	3.879005538291269	-0.0712089967907571	1.3074699164013632	-0.0544632009482485	0.9565661264429238	0.9995150899006424	Sqstm1
ENSMUSG00000097887.3	2.70594352212672	0.4238678727146197	1.532317841868135	0.2766187674209017	0.7820728525018985	0.9995150899006424	Gm26542
ENSMUSG00000020359.14	54.37672181682236	-0.1159767546954006	0.4652915872285342	-0.2492560748544914	0.8031627063524235	0.9995150899006424	Phykpl
ENSMUSG00000020358.18	2.351458154253752	-0.1290838314296599	1.6440739699331712	-0.0785146129616704	0.9374187066433132	0.9995150899006424	Hnrnpab
ENSMUSG00000020349.5	2.889016743713562	-0.903137999209808	1.54225074092742	-0.5855973839031605	0.5581461068240848	0.9995150899006424	Ppp2ca
ENSMUSG00002076463.1	58.53208213137405	0.055096248124158	0.4186461308152809	0.1316057741101353	0.8952961181760344	0.9995150899006424	ENSMUSG00002076463.1
ENSMUSG00000119956.1	7.725308983208618	1.2807055764452495	0.976407646484188	1.311650498699766	0.1896380860133003	0.9995150899006424	ENSMUSG00000119956.1
ENSMUSG00000018387.13	2.820045488221325	-1.1229882751939968	1.5647377831934208	-0.7176846416414433	0.4729517551776016	0.9995150899006424	Shroom1
ENSMUSG00000044352.7	3.3089029689539746	0.9049264524977764	1.5166596931483671	0.5966575472308354	0.5507360415027456	0.9995150899006424	Sowaha
ENSMUSG00000054450.2	1.961337178708659	1.4824714929735137	2.064026362878652	0.7182425184269174	0.4726077657533727	0.9995150899006424	Gm9945
ENSMUSG00000091191.4	8.942313648819004	1.2684903216348222	0.9297028318437364	1.3644040635212662	0.1724404296977693	0.9995150899006424	Gm17334
ENSMUSG00000020333.18	1.041974982418062	-3.043499591138452	3.0810907951108155	-0.9877993845452347	0.3232509090459212	0.9995150899006424	Acsl6
ENSMUSG00000085888.9	185.95563068026527	-0.4102941302135142	0.3330357768891604	-1.2319821433180933	0.2179557545577254	0.9995150899006424	Gm12224
ENSMUSG00000018593.14	3.534138490788085	-0.4703644314757946	1.688537276170507	-0.2785632500471358	0.780580018903778	0.9995150899006424	Sparc
ENSMUSG00000086460.2	2.783702547249781	-1.4881532005263358	1.6905360670936005	-0.8802847981142427	0.378705045790521	0.9995150899006424	Gm12236
ENSMUSG00000087347.2	1.5265893310646474	0.1058405519328281	2.2446535101585523	0.0471522894085119	0.9623918527301852	0.9995150899006424	ENSMUSG00000087347.2
ENSMUSG00000087654.2	3.4989336784365377	-0.8889785030109599	1.5206860213678928	-0.5845904351848403	0.5588231405878534	0.9995150899006424	Gm12256
ENSMUSG00000036964.15	2.3801485012059342	1.7550425214171486	1.81494132436174	0.9669968377817084	0.3335456144767175	0.9995150899006424	Trim17
ENSMUSG00002075890.1	25.10646376063238	0.386484570898849	0.5986961708150297	0.6455437494659633	0.5185748764584193	0.9995150899006424	ENSMUSG00002075890.1
ENSMUSG00000085379.3	1.487545524855247	2.093498701005428	2.467069402185077	0.8485771414258642	0.3961166308981617	0.9995150899006424	ENSMUSG00000085379.3
ENSMUSG00000048076.15	1.3459462947715124	0.6824709089424941	2.242755410891048	0.3043001950316766	0.7608991965835661	0.9995150899006424	Arf1
ENSMUSG00000054519.9	2.8688483779410987	-0.4534717626791882	1.6720730954883696	-0.2712033127635133	0.7862346652147383	0.9995150899006424	Zfp867
ENSMUSG00000072893.13	3.8393173123918314	0.8982528525521702	1.415922754196818	0.6343939666833761	0.5258237460304966	0.9995150899006424	ENSMUSG00000072893.13
ENSMUSG00000005417.18	3.5476620508191146	-1.2708957375678784	1.598108014871969	-0.7952502119637358	0.4264679688273678	0.9995150899006424	Mprip
ENSMUSG00000086330.8	121.50552508421606	-0.8808051985715233	0.4584655902999824	-1.921202413457456	0.0547061940289231	0.9995150899006424	ENSMUSG00000086330.8
ENSMUSG00000086536.2	131.73031102043618	-0.7589839402266485	0.4825180911965601	-1.572964732461122	0.1157269846672919	0.9995150899006424	Gm12264
ENSMUSG00000032633.13	1.492652019526077	3.089225906800303	2.5661830028523616	1.2038213577779018	0.2286586328509231	0.9995150899006424	Flcn
ENSMUSG00000087249.3	6.725055577140206	0.0662081097655951	1.02335734780418	0.0646969603605798	0.9484152830348866	0.9995150899006424	Gm16062
ENSMUSG00000019373.12	3.020618907423834	-1.0557638387951875	1.5501171819753214	-0.6810864695079522	0.495816778022219	0.9995150899006424	Cops3
ENSMUSG00000032615.15	4.700912535724549	0.6065400369120321	1.1983045985331149	0.506165158386706	0.6127407118715942	0.9995150899006424	Nt5m
ENSMUSG00000000538.19	1.034751000020915	-1.54512613236106	2.895475306026851	-0.5336347124580627	0.5935942871347502	0.9995150899006424	Tom1l2
ENSMUSG00000085132.3	21.84795297575676	0.1540069170663111	0.6780153148580271	0.2271437144433224	0.8203119930739918	0.9995150899006424	Gm12265
ENSMUSG00000020534.15	2.8998730867163403	0.1446603025998238	1.6010206234502615	0.0903550525714498	0.9280050733866532	0.9995150899006424	Shmt1
ENSMUSG00000043284.13	3.000901951652448	3.206120448823913	1.7400189597519806	1.8425778816116511	0.0653906657682531	0.9995150899006424	Tmem11
ENSMUSG00000098196.2	7.392126221004131	-0.0465470531859758	0.9928532980585352	-0.046882105621239	0.9626071900562252	0.9995150899006424	Gm26964
ENSMUSG00000042298.19	16.187841854643214	0.094933996823399	0.7675433095721526	0.123685524503259	0.9015642734184062	0.9995150899006424	Ttc19
ENSMUSG00000018501.18	24.422453092973672	-0.1585997571083449	0.6292095058004716	-0.2520619215798027	0.8009932020063408	0.9995150899006424	Ncor1
ENSMUSG00000085762.2	2.625749602170908	-2.3546170197919936	1.9547901311778983	-1.2045369895402385	0.2283820941849178	0.9995150899006424	Lrrc75aos2
ENSMUSG00000086359.2	5.054641968075583	0.0685011824072436	1.162905356992812	0.0589052084035305	0.9530276095514184	0.9995150899006424	9630013K17Rik
ENSMUSG00000047759.7	1.6793778896698306	-0.4529949482100182	2.148866806434307	-0.2108064338160117	0.8330383179028373	0.9995150899006424	Hs3st3a1
ENSMUSG00000049928.16	13.812360791966944	1.0381408924516795	0.7977392509966181	1.3013536580464442	0.1931374283446534	0.9995150899006424	Glp2r
ENSMUSG00000020900.16	2.388656301176633	-3.73394427304054	2.563844291613528	-1.4563849627118433	0.1452862301129655	0.9995150899006424	Myh10
ENSMUSG00000018740.15	10.706779053838789	0.39448989019913	0.8583381843050251	0.4595972746086539	0.6458053157358461	0.9995150899006424	Slc25a35
ENSMUSG00000072809.3	33.05747964052759	-0.8036751119309394	0.5643823839000495	-1.4239904271591652	0.1544492432055625	0.9995150899006424	9330160F10Rik
ENSMUSG00000086900.2	5.1139455653051655	0.6411898144947246	1.1945631226357916	0.5367567459138917	0.5914356530327761	0.9995150899006424	Kcnab3os
ENSMUSG00000045377.6	5.973960472679159	-0.7361103502116422	1.0885351179161704	-0.6762394139573649	0.4988886521569782	0.9995150899006424	Tmem88
ENSMUSG00000085178.2	19.38860333640378	1.2753849112741036	0.6532562513414971	1.9523501055750043	0.0508966524445799	0.9995150899006424	Kdm6bos
ENSMUSG00000041329.14	4.2193412126500895	-0.6508663396672422	1.530876106132347	-0.4251593823040396	0.6707204915678684	0.9995150899006424	Atp1b2
ENSMUSG00000005204.13	2.0606204757383466	1.9946212619628088	2.172972722151292	0.917922826011405	0.3586592704957596	0.9995150899006424	Senp3
ENSMUSG00000085890.9	1.6907145813442448	-1.4955788938808008	2.261188096922192	-0.6614128634042002	0.5083475787924746	0.9995150899006424	Tnfsf13os
ENSMUSG00000041189.10	6.179441289028095	0.0773043251639922	1.070491087217884	0.0722138895755775	0.942431691750468	0.9995150899006424	Chrnb1
ENSMUSG00000018565.18	19.7267070578252	-0.3443414621414651	0.6407902746324937	-0.5373699879246013	0.5910120699138732	0.9995150899006424	Elp5
ENSMUSG00000018559.17	1.7768785559227556	0.0951816619644414	1.9200324291604949	0.0495729449767982	0.9604627068962236	0.9995150899006424	Ctdnep1
ENSMUSG00000020888.17	56.0331202150272	-0.5934731599942241	0.4577806143968941	-1.2964139182173515	0.194832919493237	0.9995150899006424	Dvl2
ENSMUSG00000020828.14	4.932185738959131	-2.2021194556590293	1.4114000739813262	-1.5602375940417903	0.1187037446555671	0.9995150899006424	Pld2
ENSMUSG00000020827.19	1.375071522999723	-0.3832848343455686	2.4077782580708265	-0.1591861015692808	0.8735222535766122	0.9995150899006424	Mink1
ENSMUSG00000086976.2	39.68573781783009	-0.4684125281952385	0.5010532246148359	-0.9348558300474196	0.3498626028013964	0.9995150899006424	Gm12316
ENSMUSG00000050675.8	1.9290766309987863	-2.3128352513655885	2.155460017641527	-1.0730123650803132	0.2832655682617213	0.9995150899006424	Gp1ba
ENSMUSG00000014606.15	5.961816340912123	-0.5095127711974804	1.1377225873385142	-0.4478356823251516	0.6542717893202875	0.9995150899006424	Slc25a11
ENSMUSG00000018293.5	2.997091699098051	-0.3245702626523822	1.5579478922194545	-0.2083319116597661	0.8349698163391277	0.9995150899006424	Pfn1
ENSMUSG00000040712.17	1.1883670738897951	-1.440587002067873	2.575041071050411	-0.5594423398770213	0.5758598723510093	0.9995150899006424	Camta2
ENSMUSG00000057054.12	1.0534452317281793	-1.8347261498792	2.7424404582670032	-0.6690122093073977	0.5034876896627156	0.9995150899006424	Inca1
ENSMUSG00000020821.18	1.152300983164571	-0.1575840653260678	3.063993289605996	-0.0514309433576898	0.958982128159502	0.9995150899006424	Kif1c
ENSMUSG00000018442.14	1.917671494409516	-1.895120636682937	2.1040454426207016	-0.9007032824930161	0.3677461029502513	0.9995150899006424	Derl2
ENSMUSG00000086951.2	6.606809552021836	-0.9800697646668696	1.1999534889176928	-0.8167564607448667	0.414067618305739	0.9995150899006424	ENSMUSG00000086951.2
ENSMUSG00000020745.16	3.067446666176836	-2.6296191543891765	1.7962126812725157	-1.463979840364026	0.1431994566564478	0.9995150899006424	Pafah1b1
ENSMUSG00000038335.14	46.99356109841566	-0.1905849629515656	0.466920549541689	-0.4081742881923623	0.6831457234009477	0.9995150899006424	Tsr1
ENSMUSG00000077493.3	2.5385525295566644	-1.600776923235647	1.7861716695814909	-0.8962055274399897	0.3701430041136619	0.9995150899006424	ENSMUSG00000077493.3
ENSMUSG00000001323.18	14.883556138395887	0.9209525296090336	0.7174407718044298	1.2836634964204123	0.199259722109796	0.9995150899006424	Srr
ENSMUSG00000038290.16	2.813066891559256	-1.167622091400261	1.653958031992307	-0.7059562992621882	0.4802153144524252	0.9995150899006424	Smg6
ENSMUSG00000085765.2	5.405554115128699	-1.2030128366043973	1.1759972522840023	-1.0229724893216592	0.3063208533976884	0.9995150899006424	Gm12333
ENSMUSG00000085609.3	5.448419662719935	-0.0056858356199702	1.0927666843475503	-0.0052031560820917	0.9958485008268008	0.9995150899006424	ENSMUSG00000085609.3
ENSMUSG00000109715.3	14.161379122905595	0.3724086368789674	0.748884208117319	0.4972846707706601	0.6189883201235662	0.9995150899006424	ENSMUSG00000109715.3
ENSMUSG00000038178.17	4.323618027755584	1.1683701067498236	1.2773595887141924	0.9146759589646334	0.3603617689214959	0.9995150899006424	Slc43a2
ENSMUSG00000017781.19	16.30524741222934	0.4239233846740962	0.6878939963244877	0.6162626610192518	0.5377211782250536	0.9995150899006424	Pitpna
ENSMUSG00000020849.14	3.3309203262069675	-1.16869508187228	1.5718090340922604	-0.7435350328974385	0.4571578197014455	0.9995150899006424	Ywhae
ENSMUSG00000087059.8	2.2485741430836765	-2.775383805572236	2.0321256455517664	-1.3657540377227306	0.1720161770831907	0.9995150899006424	ENSMUSG00000087059.8
ENSMUSG00000069808.14	7.762447351349023	-0.7340288619887603	1.0015750201707936	-0.7328745697587286	0.4636349346835918	0.9995150899006424	Fam57a
ENSMUSG00000017631.20	1.8078045037675456	-2.2125901821538294	2.313140029799413	-0.9565310156971764	0.3388040223121605	0.9995150899006424	Abr
ENSMUSG00000044328.14	6.038844000971353	0.9526673020910076	1.0619608270416283	0.8970832801289982	0.3696744798332391	0.9995150899006424	Trp53i13
ENSMUSG00000000686.12	23.959089100769216	-0.2030844703858303	0.580516284745833	-0.3498342350115926	0.7264631046805783	0.9995150899006424	Abhd15
ENSMUSG00000072673.3	2.675561033930052	0.6934544787863246	1.549664907874733	0.4474867277838493	0.6545236686256017	0.9995150899006424	Gm10392
ENSMUSG00000000631.21	3.1376960931724063	1.744306572005162	2.0285497174438496	0.8598786399000076	0.3898559441107102	0.9995150899006424	Myo18a
ENSMUSG00000037791.16	1.6597907177105444	0.5615164044045761	2.181502498015737	0.2573989279935839	0.7968708303519966	0.9995150899006424	Phf12
ENSMUSG00000087050.2	5.457684839933247	1.1159691486326804	1.116763016329253	0.999289135040322	0.3176546471563829	0.9995150899006424	Dhrs13os
ENSMUSG00000019437.18	109.41773277265104	-0.2062067824477418	0.3592959082376097	-0.5739190948742257	0.5660225509277461	0.9995150899006424	Tlcd1
ENSMUSG00000058546.9	11.61221741178982	-1.2412459294154097	0.9153880660914356	-1.3559778364987174	0.1751062199894303	0.9995150899006424	Rpl23a
ENSMUSG00000064540.3	1.5757505005121637	-3.4766219948641104	2.7535644241983785	-1.2625896689801364	0.2067366825597548	0.9995150899006424	ENSMUSG00000064540.3
ENSMUSG00000077625.3	1.2587787998245243	-1.7475092564706771	2.476202094651841	-0.7057215807405174	0.4803612976248498	0.9995150899006424	ENSMUSG00000077625.3
ENSMUSG00000002059.19	7.030012715620891	-0.5647271048547837	1.0983375895101537	-0.51416532607852	0.6071364077795011	0.9995150899006424	Rab34
ENSMUSG00000002052.7	5.204341298042677	1.183980431809926	1.2638057383945955	0.9368373602369688	0.3488422243681702	0.9995150899006424	Supt6
ENSMUSG00000002064.11	7.106438105398613	0.3475677494691441	1.0468564747159124	0.332010889614514	0.7398810362594105	0.9995150899006424	Sdf2
ENSMUSG00000010277.8	1.662006030651871	0.7184988066185182	2.4392778051343926	0.2945539065317459	0.7683346778731884	0.9995150899006424	2610507B11Rik
ENSMUSG00000086586.2	19.95268607522525	-0.4337538735404195	0.6216144643789406	-0.6977860046641388	0.4853110327921616	0.9995150899006424	Gm11192
ENSMUSG00000017390.16	5.293089500868981	-2.214947481660099	1.6038123815395176	-1.3810514915304155	0.1672631290272721	0.9995150899006424	Aldoc
ENSMUSG00000020829.10	5.632479136650505	0.576359935330106	1.232702901043769	0.4675578639768623	0.6401008032186641	0.9995150899006424	Slc46a1
ENSMUSG00000085941.2	8.88401163713153	0.7404838619064561	0.903474918475462	0.8195953720065196	0.4124468128163081	0.9995150899006424	Gm11201
ENSMUSG00000120103.1	3.850520955929492	-4.9911638699969565	2.313292287800109	-2.157601914950162	0.0309587956936126	0.9995150899006424	ENSMUSG00000120103.1
ENSMUSG00000086507.2	2.323389739928862	2.519692130174687	1.8146961424206196	1.3884925808095203	0.1649871024011714	0.9995150899006424	Adap2os
ENSMUSG00000020704.14	2.3877095396641006	-0.5262072598396224	1.7422446807697636	-0.3020283348531343	0.7626304629148234	0.9995150899006424	Asic2
ENSMUSG00000020696.19	4.193119705459009	-0.962272112817738	1.3550060160815347	-0.7101607678469785	0.477604446421211	0.9995150899006424	Rffl
ENSMUSG00000035085.6	3.638189256981238	-0.4936342515215081	1.435743328610614	-0.3438178967540137	0.7309832401838625	0.9995150899006424	1700020L24Rik
ENSMUSG00000120024.1	4.135946462128218	4.145979946319738	1.9227876374337232	2.156233931196495	0.0310654032815756	0.9995150899006424	ENSMUSG00000120024.1
ENSMUSG00000121192.1	4.552888706190132	-0.5307071047072179	1.2448350517321054	-0.4263272503202527	0.6698694039582309	0.9995150899006424	ENSMUSG00000121192.1
ENSMUSG00000020527.15	1.631346692208882	-0.6223289580118904	2.017198322752665	-0.3085115384999236	0.7576931217021923	0.9995150899006424	Myo19
ENSMUSG00000087013.9	4.964519114393686	-0.8739370867313648	1.2433739569502504	-0.7028754960212927	0.4821333431242727	0.9995150899006424	ENSMUSG00000087013.9
ENSMUSG00000085208.5	44.13878696093607	-0.3978009840019094	0.4627435326806589	-0.8596575768384286	0.389977826438634	0.9995150899006424	Brip1os
ENSMUSG00000072582.10	2.662989439036448	-0.978271247319788	1.8960836736398696	-0.5159430783145885	0.6058941656539828	0.9995150899006424	Ptrh2
ENSMUSG00000085310.8	3.956787674060669	-0.5623073378527956	1.3850244829185565	-0.4059909010907073	0.6847492859538151	0.9995150899006424	Gm11491
ENSMUSG00000120117.1	20.071665808614043	1.842974774244093	0.7120932538660635	2.5881087403065544	0.0096504510647171	0.9995150899006424	ENSMUSG00000120117.1
ENSMUSG00000020483.15	2.1328654364167146	-0.5412432210113002	1.9306929040320409	-0.2803362564191192	0.7792195368812311	0.9995150899006424	Dynll2
ENSMUSG00000086193.3	40.52655714634971	4.153523041262294e-05	0.5048437852805578	8.22734311556207e-05	0.9999343552995908	0.9999343552995908	Gm11508
ENSMUSG00000018379.18	2.129945925002875	-1.9172037102406887	1.908571572203376	-1.0045228264755863	0.3151266743910095	0.9995150899006424	Srsf1
ENSMUSG00000018378.14	5.49856207825339	-0.2825883807303671	1.215799515327605	-0.2324300817427302	0.8162039867386677	0.9995150899006424	Cuedc1
ENSMUSG00000069769.14	1.107345326402808	-1.5483399825219224	2.879995476552545	-0.5376188938933123	0.5908401835302943	0.9995150899006424	Msi2
ENSMUSG00000085246.3	1.3878295456609957	1.2159758933990938	2.29484533653719	0.5298726994970138	0.5962001957176561	0.9995150899006424	Gm15893
ENSMUSG00000087338.3	3.0698694333210823	-0.605162732837026	1.466023705891932	-0.4127919148952941	0.6797590755666398	0.9995150899006424	Scpep1os
ENSMUSG00000020544.15	1.4416340142320798	-2.3291805793362346	2.4851337803808167	-0.9372455510138838	0.3486322637548886	0.9995150899006424	Cox11
ENSMUSG00000020541.13	7.146881710290017	-1.304365873642761	1.019288354196959	-1.2796828966719616	0.2006566821541111	0.9995150899006424	Tom1l1
ENSMUSG00000020859.18	1.0110153863636675	-0.7136568354216198	2.913080812150315	-0.2449835351099745	0.8064691800474155	0.9995150899006424	Spag9
ENSMUSG00000039055.5	19.519590546820243	0.3675113777377336	0.640966046419343	0.5733710541935547	0.5663934848064419	0.9995150899006424	Eme1
ENSMUSG00000038976.13	8.905680579809545	-0.5363821133318429	0.9749999454763496	-0.5501355316176825	0.5822264175707117	0.9995150899006424	Ppp1r9b
ENSMUSG00000047181.13	8.45854956691959	0.0281213430797489	1.012855846949589	0.0277644080985875	0.9778500532348896	0.9995150899006424	Samd14
ENSMUSG00000038967.14	1.389086805629453	0.8636228208914644	2.7867453908982847	0.3099037406546432	0.7566341581280195	0.9995150899006424	Pdk2
ENSMUSG00000087630.2	3.2468588853418634	-1.4826113379693278	1.59690011229936	-0.9284308558501704	0.353184119035831	0.9995150899006424	Gm11513
ENSMUSG00000101258.2	1.1977198354735956	0.3960454695720651	2.707856768753916	0.1462579092594749	0.8837177920227942	0.9995150899006424	Gm29477
ENSMUSG00000018381.16	29.247703281819906	0.3391967005590941	0.5830664628355334	0.581746202498997	0.5607376455922244	0.9995150899006424	Abi3
ENSMUSG00000085242.2	5.080486600693869	0.4554278739068179	1.2835715968771002	0.354812988239116	0.7227296974518391	0.9995150899006424	Gm11537
ENSMUSG00000078700.12	16.373970376824712	-0.061138354135638	0.7347285536938127	-0.0832121656743404	0.933682839480596	0.9995150899006424	ENSMUSG00000078700.12
ENSMUSG00000085262.2	8.010467524472022	-0.3399694651754694	0.9545726779328092	-0.3561483300692158	0.7217294847847127	0.9995150899006424	ENSMUSG00000085262.2
ENSMUSG00000001440.6	2.084785636733251	1.1768024217156687	1.7263752574082685	0.6816608478751894	0.4954534296910531	0.9995150899006424	Kpnb1
ENSMUSG00000084936.2	15.551048567698253	-0.3466439010155201	0.6898485988765788	-0.5024927231569812	0.6153209698367625	0.9995150899006424	Gm11583
ENSMUSG00000121247.1	22.196766054417576	-0.0034416122678175	0.5909415810748401	-0.0058239466946254	0.9953531891181312	0.9995150899006424	ENSMUSG00000121247.1
ENSMUSG00000086680.3	14.086165246002528	0.3347049205993223	0.7311647348878975	0.4577695075113809	0.647118044986305	0.9995150899006424	Gm11592
ENSMUSG00000047988.2	34.953537410071526	-0.0065152851312267	0.5259778879307634	-0.0123869943598928	0.990116861187034	0.9995150899006424	4933428G20Rik
ENSMUSG00000038437.12	1.8562010715607469	-1.783933199159472	2.046998771862562	-0.8714871858649298	0.3834881995458546	0.9995150899006424	Mllt6
ENSMUSG00000018160.16	1.8310891490533092	1.902273892125456	2.086224822573828	0.9118259314825776	0.3618603572996275	0.9995150899006424	Med1
ENSMUSG00000038255.7	2.22800969622916	-0.6465769394146054	1.7966592709273257	-0.3598773289277503	0.7189388716191948	0.9995150899006424	Neurod2
ENSMUSG00000085944.2	92.72238665283534	-0.1266789407606006	0.3969065781486298	-0.3191656367891265	0.7496009131784371	0.9995150899006424	ENSMUSG00000085944.2
ENSMUSG00000084835.2	36.06737451768631	-0.0930750744016756	0.5054797279165362	-0.184132160522655	0.8539097773567309	0.9995150899006424	Gm12352
ENSMUSG00000085955.2	15.241667482320302	1.646569706071252	0.7142788547799408	2.3052197262349825	0.021154270634336	0.9995150899006424	ENSMUSG00000085955.2
ENSMUSG00000058756.14	35.30196675978357	-0.2867718283300873	0.509302454003683	-0.5630678314540647	0.5733886954305251	0.9995150899006424	Thra
ENSMUSG00000020889.12	124.89109848068934	-0.4995315597961023	0.3587323572808468	-1.3924909466837576	0.1637737812619455	0.9995150899006424	Nr1d1
ENSMUSG00000075576.13	34.64862430650717	0.3711797115963351	0.5026272732283608	0.7384790507133812	0.4602233929492989	0.9995150899006424	Gm12359
ENSMUSG00000020912.5	3.331288831366125	-0.2879971854948654	1.423182545962425	-0.202361381055378	0.8396342172503112	0.9995150899006424	Krt12
ENSMUSG00000017176.18	13.633296203830996	-0.7467231616249655	0.8121665191973454	-0.9194212565705656	0.3578752752012104	0.9995150899006424	Nt5c3b
ENSMUSG00000006782.17	16.148697957189352	0.493162807283203	0.7077789499937754	0.6967751828272657	0.4859434994416369	0.9995150899006424	Cnp
ENSMUSG00000014195.17	1.8457519861999832	0.0162173052597777	2.134516368699236	0.007597648581004	0.9939380118195016	0.9995150899006424	Dnajc7
ENSMUSG00000017837.13	23.254458061741943	0.6330608757959177	0.5887935515441212	1.0751830996377334	0.2822927603898247	0.9995150899006424	Nkiras2
ENSMUSG00000120984.1	16.95053409911971	1.228096721270004	0.7195491665947978	1.7067585903571565	0.0878669320894479	0.9995150899006424	ENSMUSG00000120984.1
ENSMUSG00000019303.15	3.512231828551922	-0.1242643914363117	1.5140287360247495	-0.0820753189682394	0.9345868195032652	0.9995150899006424	Psmc3ip
ENSMUSG00000017167.7	4.251197819498854	-0.8712942963298862	1.2466607568282069	-0.6989024813347461	0.4846129767034662	0.9995150899006424	Cntnap1
ENSMUSG00000044052.4	1.6188991680035345	1.296231683166004	2.17190051030527	0.5968190886348717	0.5506281720399617	0.9995150899006424	Ccr10
ENSMUSG00000078653.5	24.653357686861938	0.3173325463827497	0.5874259647860959	0.5402085801541009	0.5890531961492136	0.9995150899006424	Cntd1
ENSMUSG00000097487.8	10.605382536992234	0.4456987420355776	0.8102524528753778	0.550073918880353	0.582268674555766	0.9995150899006424	Ptges3l
ENSMUSG00000001313.13	15.824716489233529	-0.3562993300082805	0.7627389329637045	-0.4671314320141506	0.6404058471980517	0.9995150899006424	Rnd2
ENSMUSG00000093467.2	16.950186475349323	-0.1426557609950154	0.6779635706766545	-0.2104180330111766	0.833341419390895	0.9995150899006424	Gm20659
ENSMUSG00000059995.13	1.6107171326335183	1.500455981612384	2.181348216679193	0.6878571564775774	0.4915427387087124	0.9995150899006424	Atxn7l3
ENSMUSG00000020923.18	8.172338594427062	-0.8126825992729724	0.9621853045583896	-0.8446217120785959	0.3983220825560409	0.9995150899006424	Ubtf
ENSMUSG00000006575.15	4.092994154746534	-0.0197960738992128	1.343232344652172	-0.0147376393801319	0.9882414907315976	0.9995150899006424	Rundc3a
ENSMUSG00000034708.13	1.9805160269970112	-1.884877535596316	2.089869387957574	-0.9019116440757112	0.3671038053671454	0.9995150899006424	Grn
ENSMUSG00000034685.5	2.966008032355401	-1.2336246841355083	1.636908083106508	-0.7536310052268469	0.4510708213596559	0.9995150899006424	Fam171a2
ENSMUSG00000020930.10	1.9856632758950576	2.931357651841688	2.2778816315318906	1.2868788313071082	0.1981365246845597	0.9995150899006424	Ccdc103
ENSMUSG00000020932.15	14.592665658824048	0.2920377872608934	0.9561610943453666	0.3054273897860657	0.7600406637367744	0.9995150899006424	Gfap
ENSMUSG00000056938.18	3.616624755079346	1.1580593062200673	1.3443044731335898	0.8614561130787709	0.3889868824784928	0.9995150899006424	Acbd4
ENSMUSG00000092371.2	5.380035755929945	0.6383175764440328	1.09074068253031	0.5852147872244554	0.5584033031936267	0.9995150899006424	Gm20511
ENSMUSG00000085360.2	2.536129450280572	1.900405645055755	1.7125752078533485	1.1096771904329068	0.2671381553196712	0.9995150899006424	Arhgap27os2
ENSMUSG00000020694.18	3.3929821683003305	0.9633348465755118	1.4849669295612509	0.6487247812718221	0.5165162836740094	0.9995150899006424	Tlk2
ENSMUSG00000085297.2	6.093500228535018	1.0581076672223444	1.1695460333845349	0.9047165626822742	0.365615564310635	0.9995150899006424	Gm11651
ENSMUSG00000085033.2	20.32135059574991	0.8659850583725234	0.6186414649530931	1.3998173537206795	0.1615680197896558	0.9995150899006424	Gm11646
ENSMUSG00000085255.2	4.051765861110352	-1.2128457431382276	1.2969298480707832	-0.9351668056235788	0.349702342409704	0.9995150899006424	Taco1os
ENSMUSG00000040699.14	2.437416991454797	1.2085128359043489	1.9116643390261967	0.6321783648064314	0.5272703329531168	0.9995150899006424	Limd2
ENSMUSG00000020705.7	2.037369478662187	-1.126266597877147	1.8845206889091324	-0.5976408773358141	0.5500795827201899	0.9995150899006424	Ddx42
ENSMUSG00000020719.15	6.917226131098353	-1.6644644660234846	1.1224720855266213	-1.4828559992586194	0.1381126740000815	0.9995150899006424	Ddx5
ENSMUSG00000087596.2	2.0649511921949006	1.8082632287000464	1.869860500114621	0.9670578252170154	0.3335151273176191	0.9995150899006424	Gm11715
ENSMUSG00000059706.5	2.674175435363888	0.792055333063266	1.7132480339247296	0.46231212140884	0.6438575083677699	0.9995150899006424	ENSMUSG00000059706.5
ENSMUSG00000000049.12	8.000037578566891	-0.1014191162513511	0.9341325102935844	-0.1085703742603675	0.9135432597309986	0.9995150899006424	Apoh
ENSMUSG00000085811.2	1.6266697448757093	-1.5559448237495923	2.084116611806442	-0.7465728236775352	0.4553214578999557	0.9995150899006424	ENSMUSG00000085811.2
ENSMUSG00000000142.16	2.463221490615847	0.3282937500274759	1.58414327343076	0.2072374106140627	0.8358244519904192	0.9995150899006424	Axin2
ENSMUSG00000086268.2	5.185860363975653	-3.138865463990095	1.398571665312125	-2.244336519780401	0.0248107575227159	0.9995150899006424	Gm11670
ENSMUSG00000056687.11	64.49399095030725	-0.232476047597973	0.4329045327404869	-0.5370145840846055	0.5912575401219686	0.9995150899006424	Gm11696
ENSMUSG00000020611.15	1.358429666297929	-2.8983506241491965	2.996125161827046	-0.9673663373868444	0.3333609319633142	0.9995150899006424	Gna13
ENSMUSG00000045065.8	2.2907891160958083	-1.6858356895282884	1.8112698815069264	-0.9307479281473612	0.351983971079665	0.9995150899006424	9930022D16Rik
ENSMUSG00000085326.2	3.507651952536687	-1.919225899647221	1.52916556718832	-1.2550805098077809	0.2094495349619802	0.9995150899006424	Gm15642
ENSMUSG00000000567.6	1.4106744181776856	-0.7090459263042301	2.591599329368664	-0.27359396117646	0.784396675276139	0.9995150899006424	Sox9
ENSMUSG00000018661.18	9.3401655800916	-0.3076828369329411	0.8752159158461085	-0.3515507789132137	0.7251751842705787	0.9995150899006424	Cog1
ENSMUSG00000041629.8	5.776474821351614	0.8012941659519672	1.104819942584052	0.7252712727811814	0.4682856257396358	0.9995150899006424	Fam104a
ENSMUSG00000010021.14	1.717841453194599	-1.810964184196436	2.326153654723049	-0.7785230268514003	0.4362607370695214	0.9995150899006424	Kif19a
ENSMUSG00000000202.10	2.43130697641549	0.4854704162195234	1.608869680841293	0.301746264474116	0.7628454971576228	0.9995150899006424	Btbd17
ENSMUSG00000020733.4	1.729644672610284	-3.5709092708950467	2.688209133620676	-1.3283599204521286	0.1840592333212868	0.9995150899006424	Slc9a3r1
ENSMUSG00002076450.1	39.19975747998642	-0.4805079453789069	0.5066109547452423	-0.9484752370199696	0.3428875734048798	0.9995150899006424	ENSMUSG00002076450.1
ENSMUSG00000085072.2	4.457208404879025	-1.1810350012760675	1.2668500774617315	-0.9322610641050724	0.3512016244591942	0.9995150899006424	Ict1os
ENSMUSG00000057219.12	2.4278366026171714	0.4962439904790475	1.6509020482531025	0.3005896025170886	0.7637274609885213	0.9995150899006424	Armc7
ENSMUSG00000046756.11	1.3378652194434124	0.4049401370089893	2.331278662142356	0.1736987274772484	0.8621022376487917	0.9995150899006424	Mrps7
ENSMUSG00000020747.19	1.8868289454924927	-1.8971305455859369	2.012425798752799	-0.9427083208542067	0.3458301161066233	0.9995150899006424	Tmem94
ENSMUSG00000020755.10	1.783125263424672	1.5351051170927283	2.1170368902617103	0.7251196822096743	0.4683786106926634	0.9995150899006424	Sap30bp
ENSMUSG00000054517.10	1.2623469988378528	0.7655826766867978	2.690308654717137	0.2845705734709805	0.7759731584494085	0.9995150899006424	Trim65
ENSMUSG00000020775.14	1.1977198354735956	0.3960454695720651	2.707856768753916	0.1462579092594749	0.8837177920227942	0.9995150899006424	Mrpl38
ENSMUSG00000020777.17	2.229294334753409	-0.0821361879800648	1.948897558253232	-0.042144948887761	0.9663831479514678	0.9995150899006424	Acox1
ENSMUSG00000034282.4	3.656299160048419	0.6967098939289985	1.451336381687497	0.480047150143732	0.6311938665922044	0.9995150899006424	Evpl
ENSMUSG00000020793.6	2.7653727501593264	-3.0764378253263094	2.0285819350674377	-1.5165460029713007	0.1293813472328006	0.9995150899006424	Galr2
ENSMUSG00000118502.2	3.223799140472793	1.1309346054775544	1.547199048443671	0.7309561149324405	0.4648059587378355	0.9995150899006424	ENSMUSG00000118502.2
ENSMUSG00000086826.2	7.549380940681189	0.423698220722103	0.9839859123384866	0.4305937873797047	0.6667637592630828	0.9995150899006424	Gm11739
ENSMUSG00000061878.17	7.167996636714196	1.7564667610948188	1.0220439267288246	1.7185824553711733	0.0856904285753193	0.9995150899006424	Sphk1
ENSMUSG00000075410.15	7.396622780558329	1.2407089540876317	0.96965076172023	1.2795420816114509	0.2007062306541455	0.9995150899006424	Gm11744
ENSMUSG00000090266.11	21.15384276578532	0.7541184220403018	0.6320128886609081	1.193201017843335	0.2327906561459194	0.9995150899006424	Mettl23
ENSMUSG00000034120.19	1.448460964418629	-1.689268421576252	2.339905652382356	-0.7219386900733956	0.4703321726391599	0.9995150899006424	Srsf2
ENSMUSG00000020818.17	71.7997699907311	1.2669191826150292	0.4024046604841971	3.148371047916287	0.0016418314434951	0.4274244368093484	Mfsd11
ENSMUSG00000025574.14	1.5082595339741938	-2.241238160777073	2.392977243532306	-0.9365898346232292	0.3489695829429754	0.9995150899006424	Tk1
ENSMUSG00000033987.18	11.889594934340082	0.5802118209573256	0.7707449917114382	0.7527935013485667	0.4515740125409235	0.9995150899006424	Dnah17
ENSMUSG00000086514.2	4.709827593337262	-0.0166714732150512	1.2037707791703365	-0.0138493752328342	0.9889501505625048	0.9995150899006424	Gm11747
ENSMUSG00000025579.15	1.190795060072037	0.7403786857224531	2.9607484219664424	0.2500647066901805	0.8025373090108525	0.9995150899006424	Gaa
ENSMUSG00000013483.15	9.6353187912499	-0.0523203191173288	0.8601860900019699	-0.0608244189547508	0.9514990428089708	0.9995150899006424	Card14
ENSMUSG00000109408.2	6.406948685292373	0.6584931955292076	1.099149525887391	0.5990933717572027	0.5491106214608241	0.9995150899006424	ENSMUSG00000109408.2
ENSMUSG00000087675.2	2.72295094652787	1.3208982009532448	1.5437749891839396	0.8556287089814103	0.3922031848711804	0.9995150899006424	ENSMUSG00000087675.2
ENSMUSG00000085081.3	4.116532539632278	0.6331863755297499	1.3973735678521326	0.4531260574099769	0.650457972954382	0.9995150899006424	Rptoros
ENSMUSG00000120604.1	8.18348101033851	-0.2049540053329923	1.062641550860133	-0.1928721921019337	0.8470590635978071	0.9995150899006424	ENSMUSG00000120604.1
ENSMUSG00000085636.2	14.828475340812426	-0.6869107177778895	0.7980734470136627	-0.8607111542781725	0.3893971481975032	0.9995150899006424	ENSMUSG00000085636.2
ENSMUSG00000039741.17	3.1145765695208603	-0.9365288711231544	1.608303863611574	-0.5823084134238816	0.5603589594142202	0.9995150899006424	Bahcc1
ENSMUSG00000086929.2	5.588196344163491	0.2686359844313953	1.0891842969584853	0.2466396046854084	0.8051871510908473	0.9995150899006424	Gm11788
ENSMUSG00000051510.14	2.545534146280896	0.2239725250436077	1.606738228228993	0.1393957777991493	0.8891374086161158	0.9995150899006424	Mafg
ENSMUSG00000084822.2	1.963939283016064	-3.9749279908658512	2.602954338457557	-1.5270832577191078	0.1267403095554281	0.9995150899006424	Myadml2os
ENSMUSG00000090758.2	11.235679575013144	-0.1808984003563779	0.8561975339680077	-0.2112811508788312	0.8326678903574595	0.9995150899006424	Gm17178
ENSMUSG00000025156.18	1.9062663578202457	-1.1008456214292122	2.122018879577665	-0.5187727743724447	0.6039192057489775	0.9995150899006424	Gps1
ENSMUSG00000100629.2	15.519656206876933	-0.4457927586020547	0.7563596448501572	-0.5893925748647934	0.5555979563090434	0.9995150899006424	Gm28192
ENSMUSG00000025169.7	3.057236499530235	1.106141628749019	1.5709228835868558	0.7041349007682595	0.4813487672398444	0.9995150899006424	Ogfod3
ENSMUSG00000039307.17	4.406964093588214	-1.841642317950453	1.3122611438647636	-1.4034114524846784	0.1604941798347254	0.9995150899006424	Hexdc
ENSMUSG00000046605.15	1.414360714944202	-0.4068726997054472	2.158571120651627	-0.1884916812852665	0.850491236016111	0.9995150899006424	B3gntl1
ENSMUSG00000079179.11	45.29558046554615	-0.2418394422676909	0.4623406274595776	-0.5230763378864751	0.6009211311203617	0.9995150899006424	Rab10os
ENSMUSG00000020668.11	7.134873974266845	-0.5438812401399594	1.0252426039475528	-0.5304902840028506	0.5957720436890521	0.9995150899006424	Kif3c
ENSMUSG00000112308.2	29.730571126980266	0.1769227010774448	0.5318463404416607	0.3326575509206721	0.7393927956732547	0.9995150899006424	ENSMUSG00000112308.2
ENSMUSG00000071456.8	29.3252242091795	0.2915509809738201	0.5631938047520689	0.517674339656786	0.6046855046031301	0.9995150899006424	1110002L01Rik
ENSMUSG00000037486.19	1.24008456811726	-1.2349913311195404	2.65242939063919	-0.4656076182378332	0.6414963889146035	0.9995150899006424	Asxl2
ENSMUSG00000020661.17	2.255430556037106	-1.9937793495093143	2.01225089040158	-0.9908204583333148	0.321773257689277	0.9995150899006424	Dnmt3a
ENSMUSG00000112517.2	21.803030046902265	-0.1420285439110459	0.6356737418350638	-0.2234299367172816	0.8232009070322511	0.9995150899006424	ENSMUSG00000112517.2
ENSMUSG00000020652.18	21.48158508193876	0.1562995271733245	0.6097440330686295	0.2563362963746006	0.7976911728127452	0.9995150899006424	Cenpo
ENSMUSG00000111916.2	2.8030199749803586	-0.9151252550716756	1.5910822669175382	-0.5751589808392379	0.5651837815911329	0.9995150899006424	ENSMUSG00000111916.2
ENSMUSG00000020647.11	1.9086943440024875	0.3243175874441248	2.0245250697837927	0.1601944042504547	0.8727279372325326	0.9995150899006424	Ncoa1
ENSMUSG00000020640.11	2.067348664994444	0.6003842437417568	1.8517472204685983	0.3242258106858802	0.7457670825356143	0.9995150899006424	Itsn2
ENSMUSG00000050545.11	8.429704126397503	0.2129619917893824	0.9395659047406448	0.2266599827802052	0.8206881463659109	0.9995150899006424	Fam228b
ENSMUSG00000111889.2	1.5861212912184115	1.3069850958022502	2.184174134897198	0.5983886883926339	0.5495806116390938	0.9995150899006424	ENSMUSG00000111889.2
ENSMUSG00000054364.6	2.260501318287243	-0.7134294125978128	1.7891013506978093	-0.3987641126756466	0.6900670223821944	0.9995150899006424	Rhob
ENSMUSG00000114136.2	4.006849825493262	-0.0531955271806846	1.3824908485412848	-0.0384780320512162	0.9693065463943212	0.9995150899006424	ENSMUSG00000114136.2
ENSMUSG00000051726.7	2.17124246618681	2.278291404523749	1.8730600744418209	1.2163472147056944	0.2238526827492701	0.9995150899006424	Kcnf1
ENSMUSG00000052632.17	6.649048966129954	-0.5114336373741439	1.0102030716240653	-0.506268147207206	0.6126684207414227	0.9995150899006424	Asap2
ENSMUSG00000062352.16	6.943384820402348	0.3309217593588308	1.0152862454096363	0.3259393701579343	0.7444702277175892	0.9995150899006424	Itgb1bp1
ENSMUSG00000092373.2	7.383458945605064	-1.1201741257673774	1.0902198091738062	-1.027475483697431	0.3041966238484276	0.9995150899006424	ENSMUSG00000092373.2
ENSMUSG00000054309.10	6.717782353523847	-1.1018057073566103	1.1448458936296009	-0.962405257762216	0.335846073610305	0.9995150899006424	Cpsf3
ENSMUSG00000097055.3	45.8989440197754	0.1766896419127013	0.4781646928030097	0.3695162871121737	0.7117429354858099	0.9995150899006424	Gm4419
ENSMUSG00000113774.2	15.789242345478565	-0.5362565871103723	0.710038360902108	-0.7552501620180846	0.4500988959167691	0.9995150899006424	ENSMUSG00000113774.2
ENSMUSG00000112390.3	4.471645931461697	-1.3770414448203114	1.389913115301509	-0.990739226546254	0.3218129315652872	0.9995150899006424	ENSMUSG00000112390.3
ENSMUSG00000061911.16	1.599001497588323	0.8698690446046328	2.2156690877911425	0.3925988088193384	0.694615819485265	0.9995150899006424	Myt1l
ENSMUSG00000099851.2	9.217627705899908	-0.0751699303836624	0.8987461538058212	-0.0836386671201302	0.9333437227125456	0.9995150899006424	Gm29542
ENSMUSG00000035933.6	11.510868313422874	-1.4476407878608168	0.857642798891149	-1.687929741533981	0.0914247166222435	0.9995150899006424	Cog5
ENSMUSG00000002996.18	7.276490227161477	-0.0495669349174168	1.001390398998128	-0.049498112790983	0.9605223411327132	0.9995150899006424	Hbp1
ENSMUSG00000090946.4	2.7561470791903138	-2.971900734068814	2.118913896720827	-1.4025585176764594	0.1607485290944048	0.9995150899006424	Ccdc71l
ENSMUSG00000085664.2	4.068377204429448	-1.0367362965919122	1.4456323179366826	-0.7171507469282521	0.4732810861435922	0.9995150899006424	ENSMUSG00000085664.2
ENSMUSG00000091007.2	2.3829397889224424	1.466912332360837	1.6680418229922755	0.8794217939508044	0.3791726196126342	0.9995150899006424	D630036H23Rik
ENSMUSG00000090387.2	2.752601545564385	2.074165205213551	1.757734149883995	1.180022135514884	0.2379914111503012	0.9995150899006424	Gm17056
ENSMUSG00000035983.5	57.14092943020804	1.1066953254426706	0.4356577566807645	2.5402860581996247	0.0110761835195047	0.9995150899006424	Gm7008
ENSMUSG00000020598.17	2.09468499279208	0.9824834291458592	1.8683557898137195	0.525854569296898	0.5989892562821526	0.9995150899006424	Nrcam
ENSMUSG00000020950.11	1.5928526153014158	-0.8081037154179649	2.026176432136141	-0.3988318601485279	0.6900170996782259	0.9995150899006424	Foxg1
ENSMUSG00000020955.10	9.998539058621724	0.0453722023032189	0.88232897002955	0.0514232263071895	0.9589882773380676	0.9995150899006424	Ap4s1
ENSMUSG00000061603.9	1.2508767495277355	-0.4341704453650036	2.4988449661569625	-0.1737484522830263	0.8620631571877994	0.9995150899006424	Akap6
ENSMUSG00000099407.2	3.593537829021588	0.7099957565949543	1.325805091317282	0.535520463184768	0.5922900113298742	0.9995150899006424	1700060O08Rik
ENSMUSG00000113209.3	9.900766449164257	1.0227321044028457	0.8488882111062256	1.204790090169913	0.2282843465814287	0.9995150899006424	ENSMUSG00000113209.3
ENSMUSG00000021022.10	1.4745043822938406	1.1411356692069876	2.098736105419734	0.5437251811984087	0.586630601477347	0.9995150899006424	Ppp2r3c
ENSMUSG00000021023.15	3.1169211567753354	2.3519702367659296	1.597736483983908	1.4720639231454251	0.1410036165501651	0.9995150899006424	1110008L16Rik
ENSMUSG00000097443.3	7.154020931011732	0.5704650556128382	0.9801227507972874	0.5820342963662354	0.5605435798714021	0.9995150899006424	Gm17529
ENSMUSG00000113298.2	17.306173225394176	0.0225655242093548	0.7063495426655693	0.031946681984388	0.9745145707806112	0.9995150899006424	ENSMUSG00000113298.2
ENSMUSG00000035597.20	11.612158123463848	-0.2504187766335276	0.8203751785927539	-0.3052490898896871	0.7601764469874724	0.9995150899006424	Prpf39
ENSMUSG00000020949.10	1.8470722746781985	2.196009896751689	1.977078512694363	1.1107347951290851	0.2666825203907079	0.9995150899006424	Fkbp3
ENSMUSG00000114157.2	3.630343965540394	1.9902148425855164	1.3745111811254216	1.4479437271335758	0.1476327890908116	0.9995150899006424	ENSMUSG00000114157.2
ENSMUSG00000034912.19	3.7502001781898753	-0.6494836884325581	1.3882622170774128	-0.4678393465175904	0.6398994807235754	0.9995150899006424	Mdga2
ENSMUSG00000113149.2	1.8192891793649053	0.8187182035204946	2.357175025701074	0.347330255324163	0.7283432234840584	0.9995150899006424	ENSMUSG00000113149.2
ENSMUSG00000020973.8	10.10675592564245	0.3360562365366767	0.8285794890536765	0.4055811674996779	0.6850503685578839	0.9995150899006424	Dnaaf2
ENSMUSG00000020982.10	22.940799866389863	0.1753551288237745	0.5978441613881282	0.2933124385067495	0.7692833469999678	0.9995150899006424	Nemf
ENSMUSG00000052673.3	44.83203507555012	0.5477532722002358	0.4716113039136862	1.1614506854578808	0.2454586668854597	0.9995150899006424	Gm9887
ENSMUSG00000044147.9	1.492652019526077	3.089225906800303	2.5661830028523616	1.2038213577779018	0.2286586328509231	0.9995150899006424	Arf6
ENSMUSG00000020992.6	10.609441309972985	0.7368000247563106	0.8529040319462512	0.8638721323370913	0.3876581371405894	0.9995150899006424	4930512B01Rik
ENSMUSG00000021066.10	24.84455277406709	-0.2761479121307544	0.5865919927800378	-0.4707665899461148	0.6378074255869906	0.9995150899006424	Atl1
ENSMUSG00000021067.9	2.1011994427783423	0.6033983586417376	1.7306197696016727	0.3486602714475049	0.727344373526373	0.9995150899006424	Sav1
ENSMUSG00000021071.18	1.088651094695544	-2.043761319180557	2.6786706562895324	-0.7629759613716585	0.4454777321686842	0.9995150899006424	Trim9
ENSMUSG00000113694.2	41.8541966453376	-0.8306643838918691	0.5192190651154285	-1.5998341349565095	0.109635384060022	0.9995150899006424	ENSMUSG00000113694.2
ENSMUSG00000112945.2	1.5093458106443949	2.6324189070289865	2.48004350169443	1.0614406179691809	0.2884897060308283	0.9995150899006424	ENSMUSG00000112945.2
ENSMUSG00000087109.2	4.440204738888376	1.9403808207864253	1.2452990599480174	1.558164527055391	0.1191942515602212	0.9995150899006424	ENSMUSG00000087109.2
ENSMUSG00000120877.1	2.50014780909893	0.5235701279400976	1.5805407323939682	0.3312601296564318	0.7404480046432687	0.9995150899006424	ENSMUSG00000120877.1
ENSMUSG00000087700.4	32.27691200730346	-0.2545063450231702	0.5206053988031198	-0.4888661270288099	0.6249364781653821	0.9995150899006424	ENSMUSG00000087700.4
ENSMUSG00000100192.2	2.848738034284972	-1.0808737016826473	1.5994306415652666	-0.6757865415313421	0.4991761807574633	0.9995150899006424	Gm29587
ENSMUSG00000112274.3	2.2504849150910435	0.8685298358852311	1.716874513571625	0.5058784605512158	0.612941974050768	0.9995150899006424	ENSMUSG00000112274.3
ENSMUSG00000033454.7	2.187727851973664	-0.0144910562325225	1.7456958891501806	-0.0083010198526484	0.9933768204845695	0.9995150899006424	Zbtb1
ENSMUSG00000021061.16	1.3017013035031786	-0.1106847220437247	2.624603126041398	-0.0421719843832796	0.966361595908128	0.9995150899006424	Sptb
ENSMUSG00000112302.2	16.88410134568616	1.708738926109416	0.7404207139814325	2.307794600884526	0.0210105633727032	0.9995150899006424	ENSMUSG00000112302.2
ENSMUSG00000047454.13	7.425735896511136	-0.515721730130687	1.0040578189754548	-0.513637482208875	0.6075054687458199	0.9995150899006424	Gphn
ENSMUSG00000021112.10	3.2381900342792957	1.485633300046165	1.4671141706231094	1.012622827721165	0.31124035189737	0.9995150899006424	Mpp5
ENSMUSG00000060716.8	3.45144594062371	-1.3292695469849554	1.502612637141018	-0.8846388710759959	0.3763514347826284	0.9995150899006424	Plekhh1
ENSMUSG00000021125.7	1.6712914804033592	1.9818433893009864	2.206198552054728	0.8983069032726951	0.369021953221304	0.9995150899006424	Arg2
ENSMUSG00000112852.2	10.876633110466347	-0.7108928804422718	0.9399835517787878	-0.756282255255431	0.4494799848218069	0.9995150899006424	ENSMUSG00000112852.2
ENSMUSG00000112336.2	38.943369716210114	0.113788650260829	0.5514608245960193	0.206340405674667	0.8365250183952481	0.9995150899006424	ENSMUSG00000112336.2
ENSMUSG00000097801.2	1.8221690696340729	0.6759620902406842	2.0738638780630523	0.3259433260740427	0.7444672346405344	0.9995150899006424	Gm26777
ENSMUSG00000112421.2	29.36995170038418	0.0376028927226766	0.5429841694954717	0.0692522818070669	0.9447888080971536	0.9995150899006424	ENSMUSG00000112421.2
ENSMUSG00000021131.15	5.5524662434703655	0.0181803099344791	1.0998302908749704	0.0165301047673598	0.9868114852349588	0.9995150899006424	Erh
ENSMUSG00000097575.3	8.46244833942429	0.3198161947697351	1.0043975272851176	0.3184159519330926	0.7501694395882134	0.9995150899006424	Gm26796
ENSMUSG00000099478.2	8.708470073702703	0.0742534801520529	0.9304315242134704	0.079805421699165	0.9363920121884044	0.9995150899006424	Gm28370
ENSMUSG00000042700.17	1.3463464618090164	-1.010392243727492	2.682638585422141	-0.3766412103434711	0.7064402578793885	0.9995150899006424	Sipa1l1
ENSMUSG00000102029.2	4.194687463883391	-0.8686955499120222	1.3333059349349514	-0.6515350506966757	0.5147011586247159	0.9995150899006424	Gm29530
ENSMUSG00000010608.16	4.138174088341395	-0.506058199600448	1.27367437031492	-0.3973214907946397	0.6911304015663585	0.9995150899006424	Rbm25
ENSMUSG00000099708.2	7.723962564157532	0.039221195930608	0.9357438757863424	0.0419144564506489	0.9665668919448162	0.9995150899006424	Gm29361
ENSMUSG00000021224.16	2.936178408287574	-1.9202587108465363	1.8528601250302623	-1.036375431100161	0.3000270278279059	0.9995150899006424	Numb
ENSMUSG00000114150.2	2.1740380218127684	0.7762914215482489	1.8200367632594607	0.4265251324693063	0.6697252386457657	0.9995150899006424	ENSMUSG00000114150.2
ENSMUSG00000096953.3	7.229233987099737	-0.1675808112349184	0.9730512956978042	-0.1722219701837416	0.8632630262283965	0.9995150899006424	Gm26571
ENSMUSG00000120949.1	10.609155363884078	2.0450592875706355	0.8650142027689706	2.3641915716808564	0.0180694661385088	0.9995150899006424	ENSMUSG00000120949.1
ENSMUSG00000113529.2	58.69765013825504	-0.8866730616537293	0.4318536513908856	-2.053179494483817	0.040055172387923	0.9995150899006424	ENSMUSG00000113529.2
ENSMUSG00000057265.14	71.29379565206303	-0.6570244346695318	0.4045749547481941	-1.6239869199972137	0.1043786001522099	0.9995150899006424	Bbof1
ENSMUSG00000113317.2	3.358527531315856	-1.871598749090743	1.5534032332515988	-1.204837680924028	0.2282659703345695	0.9995150899006424	ENSMUSG00000113317.2
ENSMUSG00000092130.3	1.8977472663892108	2.172147496726774	2.3095991888444707	0.9404867767612674	0.3469679292712876	0.9995150899006424	D030025P21Rik
ENSMUSG00000092006.2	14.397177939129676	-0.8147765269593268	0.7569155339806833	-1.0764431305489894	0.2817291217927099	0.9995150899006424	Gm17139
ENSMUSG00000019235.10	1.226861150797261	-1.3601658871067632	2.516271945264127	-0.540548047545787	0.5888191350527563	0.9995150899006424	Rps6kl1
ENSMUSG00000113165.2	4.009799096392727	-0.2574921166345425	1.3923912212014566	-0.1849279948866379	0.8532855129384753	0.9995150899006424	ENSMUSG00000113165.2
ENSMUSG00000034271.17	2.8210213179021637	1.9557694948652344	1.9064892945026288	1.0258486635643354	0.3049629238166005	0.9995150899006424	Jdp2
ENSMUSG00000012609.20	1.5512798628678577	0.5616973342570188	2.051470827152662	0.2738022529116957	0.784236592186762	0.9995150899006424	Ttll5
ENSMUSG00000114051.2	1.740962027461962	0.3424772185406505	1.8281213629577604	0.1873383384057985	0.8513953653555599	0.9995150899006424	ENSMUSG00000114051.2
ENSMUSG00000097488.2	9.006577822780844	-0.2527506827315918	0.9104222442854618	-0.2776191863918718	0.7813047022861966	0.9995150899006424	4732487G21Rik
ENSMUSG00000034168.8	8.833314288671252	1.1939790960612555	0.9171210746918244	1.3018772864449355	0.1929583381596041	0.9995150899006424	Irf2bpl
ENSMUSG00000034126.6	3.831581026355302	0.4352088739925052	1.4155178914760704	0.3074555797657061	0.7584966288291349	0.9995150899006424	Pomt2
ENSMUSG00000021033.12	5.451914395011886	-0.6364172230690145	1.1689196841246985	-0.5444490598561282	0.5861324934314486	0.9995150899006424	Gstz1
ENSMUSG00000079036.11	3.788168884289037	-0.8851231860615745	1.3179516207950863	-0.6715900432882371	0.5018447186451886	0.9995150899006424	Alkbh1
ENSMUSG00000021040.16	25.135895747268364	0.5746969673280059	0.565302620492621	1.01661826160862	0.3093350634309392	0.9995150899006424	Slirp
ENSMUSG00000021039.10	5.641764716715471	0.4341688692789616	1.0775022131408554	0.4029401183440589	0.6869922771817261	0.9995150899006424	Snw1
ENSMUSG00000113434.2	1.5889168468443702	0.0703584918038262	2.00932061287016	0.0350160603306231	0.972066934434587	0.9995150899006424	ENSMUSG00000113434.2
ENSMUSG00000113087.2	6.012658983727383	-0.8302330320086688	1.1020636415324605	-0.7533440000381457	0.451243224785972	0.9995150899006424	ENSMUSG00000113087.2
ENSMUSG00000103136.2	22.15166364589579	-0.973556737656988	0.6652479767473358	-1.4634493778050968	0.143344455796386	0.9995150899006424	ENSMUSG00000103136.2
ENSMUSG00000007682.9	3.30610961243948	0.1056626123133426	1.4711160935525134	0.0718247953213427	0.9427413399650082	0.9995150899006424	Dio2
ENSMUSG00000097157.3	36.39968084732349	-0.0052165978050965	0.5092693456323742	-0.010243298266105	0.9918271733845484	0.9995150899006424	Gm26512
ENSMUSG00000112860.2	8.476158457536465	-1.384834363301838	1.0190527890407088	-1.358942714445107	0.1741647420636149	0.9995150899006424	ENSMUSG00000112860.2
ENSMUSG00000051166.11	6.780686862260921	-0.8893053103697802	1.1119741227937054	-0.7997536023010179	0.4238535699004656	0.9995150899006424	Eml5
ENSMUSG00000113852.2	5.221594108178903	1.4014011856674884	1.1823307622314452	1.1852869183768726	0.235904023939184	0.9995150899006424	ENSMUSG00000113852.2
ENSMUSG00000001175.17	2.677316286151024	-0.2657877005390799	1.683901750142386	-0.1578403849966933	0.8745825748905568	0.9995150899006424	Calm1
ENSMUSG00000113679.2	32.37401720413853	-0.1730638061084435	0.5369987221363334	-0.3222797354525287	0.7472407836065293	0.9995150899006424	ENSMUSG00000113679.2
ENSMUSG00000097160.3	12.439354087558025	-0.9638092319474568	0.7757693694319214	-1.2423914502492317	0.2140921685833864	0.9995150899006424	A630072L19Rik
ENSMUSG00000114113.2	4.590965478348822	0.7809980019764631	1.2163510281112102	0.6420827408591271	0.5208194614817314	0.9995150899006424	ENSMUSG00000114113.2
ENSMUSG00000041846.16	3.0494840114978765	0.7951585617839138	1.5120991995326305	0.5258640187295164	0.5989826903180748	0.9995150899006424	Smek1
ENSMUSG00000097121.3	32.189664560523084	-0.3865246705897949	0.5592745415915276	-0.6911179427010243	0.4894914254263975	0.9995150899006424	D130020L05Rik
ENSMUSG00000113902.2	15.92721862211537	-0.1685243311054055	0.7537625170227893	-0.2235774893278626	0.823086081199135	0.9995150899006424	ENSMUSG00000113902.2
ENSMUSG00000041716.8	20.35988649654286	0.0647812560837604	0.6138827635824204	0.1055270809457461	0.9159575824666658	0.9995150899006424	Gm20604
ENSMUSG00000041712.8	3.1489904522781185	-0.205419293504248	1.5437826080869437	-0.133062318767021	0.8941440953596814	0.9995150899006424	Ubr7
ENSMUSG00000021203.16	1.6833114590154117	1.172023160960454	2.16834600617244	0.5405148244902608	0.5888420402905524	0.9995150899006424	Otub2
ENSMUSG00000044715.8	9.137531298891629	0.0887086608114559	0.907236842849756	0.0977789443964927	0.9221078271904268	0.9995150899006424	Gskip
ENSMUSG00000097847.2	2.6198215496227166	0.0457026009816036	1.8201133916311545	0.0251097548052463	0.9799674194270944	0.9995150899006424	4930478K11Rik
ENSMUSG00000097788.3	4.777967362375095	-1.600128985041088	1.3109712018618618	-1.2205676087839	0.2222497766687969	0.9995150899006424	Gm16596
ENSMUSG00000021263.12	7.17231530781334	-0.5946552445596758	1.002962858225579	-0.5928985701541605	0.5532490349817317	0.9995150899006424	Degs2
ENSMUSG00000021264.13	17.729333677239058	0.2149157261975127	0.6531813085434254	0.3290292042752545	0.7421336140776746	0.9995150899006424	Yy1
ENSMUSG00000085925.4	1.83523759075127	2.952488437261933	2.4185683733396037	1.2207587223118623	0.2221773867530126	0.9995150899006424	Rtl1
ENSMUSG00000113662.2	36.4339958930197	0.3650872228488792	0.4967452299969686	0.7349586886845539	0.4623646539286394	0.9995150899006424	ENSMUSG00000113662.2
ENSMUSG00000018707.14	2.359082303688403	-1.6143171269205718	1.855563338238092	-0.869987617050793	0.3843071713876613	0.9995150899006424	Dync1h1
ENSMUSG00000090327.2	36.280363932916174	-0.4709101962384835	0.5100026398458971	-0.9233485465502184	0.3558255964025778	0.9995150899006424	Gm17111
ENSMUSG00000056508.7	2.505526132209558	-1.850913233930164	1.9812666882352732	-0.9342070125747606	0.3501971190952974	0.9995150899006424	1700001K19Rik
ENSMUSG00000097381.3	46.07718789338521	-0.4493897197842108	0.4894861619059671	-0.9180846257928348	0.3585745631029143	0.9995150899006424	A230087F16Rik
ENSMUSG00000021279.6	1.3316836246623425	0.876123368968374	2.34851336574064	0.3730544529782035	0.7091079168336608	0.9995150899006424	Cdc42bpb
ENSMUSG00000097081.2	5.967876505745996	-0.3406957520916707	1.2101029826108116	-0.2815427752740643	0.7782941243679058	0.9995150899006424	Gm10425
ENSMUSG00000021281.16	14.399584914425404	-1.397785159008965	0.7650974230190649	-1.826937481364559	0.0677091699236222	0.9995150899006424	Tnfaip2
ENSMUSG00000113029.3	2.0617280909756457	2.0048633399141287	1.923330906776528	1.0423912665523836	0.2972303139018462	0.9995150899006424	ENSMUSG00000113029.3
ENSMUSG00000001270.10	11.893389086407824	-0.6579563909489435	0.943809860104766	-0.6971281173899881	0.4857226192338341	0.9995150899006424	Ckb
ENSMUSG00000049792.7	1.9145959537103303	-0.5415272497337857	1.849729828827274	-0.2927601865387623	0.7697054620475083	0.9995150899006424	Bag5
ENSMUSG00000090026.2	2.846617411731749	0.283833458693384	1.4965239256276377	0.1896618248681491	0.8495741371109662	0.9995150899006424	Gm15996
ENSMUSG00000121052.1	2.4294255847082766	-1.4459223787459905	1.7852395148630422	-0.8099318700420526	0.4179793336853689	0.9995150899006424	ENSMUSG00000121052.1
ENSMUSG00000011158.9	1.8692727275048504	-0.0156039811685538	1.949836120797905	-0.0080027141779322	0.9936148260677268	0.9995150899006424	Brf1
ENSMUSG00000097100.2	7.59148993184488	-0.4185524508181233	0.9582985153473176	-0.4367662519715234	0.6622808761812153	0.9995150899006424	9230104M06Rik
ENSMUSG00002076948.1	10.601035310037348	0.0820032784547497	0.8369387511421735	0.0979800234399943	0.9219481560175414	0.9995150899006424	ENSMUSG00002076948.1
ENSMUSG00000021218.11	3.467742699531431	0.1421890975195053	1.4204473141419862	0.10010163425554	0.9202636379028176	0.9995150899006424	Gdi2
ENSMUSG00000033799.11	1.6679076403597133	-0.8791197524058912	2.167967109918968	-0.4055041925607211	0.6851069372740941	0.9995150899006424	Fam208b
ENSMUSG00000021193.11	1.2451910627880902	-0.1374999926876062	2.640437510071836	-0.0520747005612207	0.9584691716346462	0.9995150899006424	Pitrm1
ENSMUSG00000052551.17	1.7000052501337295	-0.104023218725653	2.3700069215418247	-0.0438915252863396	0.964990870634193	0.9995150899006424	Adarb2
ENSMUSG00000113589.2	8.569151384181517	-0.0727773689798464	0.9177457496703132	-0.0793001427748269	0.9367938927429316	0.9995150899006424	ENSMUSG00000113589.2
ENSMUSG00000113245.2	3.970074202357153	0.4928657927725307	1.2885084834221003	0.3825087681716672	0.7020840264276604	0.9995150899006424	ENSMUSG00000113245.2
ENSMUSG00000114138.2	31.69215720445622	-0.1317495263130453	0.5849955813751974	-0.2252145665841284	0.8218123580263721	0.9995150899006424	ENSMUSG00000114138.2
ENSMUSG00000050244.10	4.87033290755411	-0.3334483580774729	1.1957172202270672	-0.2788689101710443	0.7803454284847943	0.9995150899006424	Heatr1
ENSMUSG00000057069.8	1.679159882490544	1.275293351070975	2.030123954993005	0.6281849676885218	0.529882776627952	0.9995150899006424	Ero1lb
ENSMUSG00000113380.2	1.3875190472050705	-0.8051569413229733	2.18036058770489	-0.3692769654080496	0.7119212930638721	0.9995150899006424	ENSMUSG00000113380.2
ENSMUSG00000039233.13	1.3344791802883016	-0.8395354842470336	2.1774371840751763	-0.3855612875480538	0.6998216084572748	0.9995150899006424	Tbce
ENSMUSG00000039219.19	11.340673213994853	-0.9105453607970302	0.8045547803231853	-1.131738177518837	0.2577445258842058	0.9995150899006424	Arid4b
ENSMUSG00000097806.4	2.3674381450517346	-0.9749078905258204	2.0866131015452285	-0.4672202478762633	0.6403423086183464	0.9995150899006424	ENSMUSG00000097806.4
ENSMUSG00000021318.16	4.573598953269232	-0.7970218855165598	1.4005565242747775	-0.5690751295662743	0.5693051554802397	0.9995150899006424	Gli3
ENSMUSG00000055137.8	4.75720601724327	0.6806407555529769	1.1992633041245353	0.5675490555010736	0.570341207890489	0.9995150899006424	Sugct
ENSMUSG00000041297.9	19.60386931056354	-0.9722530379819712	0.8575074231432885	-1.133812969709428	0.256873009446135	0.9995150899006424	Cdk13
ENSMUSG00000113313.2	5.345042566203496	0.9067916926722916	1.127085196818186	0.8045458277974077	0.421081813662993	0.9995150899006424	ENSMUSG00000113313.2
ENSMUSG00000085788.2	16.50654623534437	0.0029397203439646	0.7067380749472476	0.0041595612974212	0.9966811598314784	0.9995150899006424	ENSMUSG00000085788.2
ENSMUSG00000114702.3	2.664494086484346	-0.621046155427353	1.5706634509930075	-0.3954037098365752	0.692544971610735	0.9995150899006424	ENSMUSG00000114702.3
ENSMUSG00002076515.1	2.46322776026966	0.0416222239294321	1.866373027254912	0.022301128081909	0.982207749027794	0.9995150899006424	ENSMUSG00002076515.1
ENSMUSG00002075711.1	9.528575925438544	-0.0454089815743855	0.9920565242680232	-0.0457725749123922	0.9634915179416916	0.9995150899006424	ENSMUSG00002075711.1
ENSMUSG00002075675.1	2.454704400929174	4.0557732816975465	2.097252444452077	1.933850782926205	0.0531314768847704	0.9995150899006424	ENSMUSG00002075675.1
ENSMUSG00002076196.1	5.0987741801159965	0.3771076165156659	1.2659568213322638	0.2978834745080851	0.7657921011407474	0.9995150899006424	ENSMUSG00002076196.1
ENSMUSG00002076907.1	1.5152169069695394	-0.2800189217867198	2.079243083435774	-0.1346734896066179	0.892870034435095	0.9995150899006424	ENSMUSG00002076907.1
ENSMUSG00000075029.8	9.131741090250935	1.85212677985215	0.8992153374951107	2.0597144005700643	0.039425851914304	0.9995150899006424	ENSMUSG00000075029.8
ENSMUSG00000120886.1	1.6954229931886595	0.9682798741917736	2.372906556160418	0.4080564705247137	0.6832322167745674	0.9995150899006424	ENSMUSG00000120886.1
ENSMUSG00000086796.3	93.70108169895384	-0.5208717413322589	0.3790751938525995	-1.374059157072662	0.1694233177982659	0.9995150899006424	4932702P03Rik
ENSMUSG00000035936.7	6.150967998126656	-0.7176624807048749	1.0950599650865416	-0.6553636363175406	0.5122336580616373	0.9995150899006424	Aldh5a1
ENSMUSG00000086448.2	45.8730915799247	-0.824128887077927	0.4746221012206846	-1.7363896138809018	0.0824949674562612	0.9995150899006424	ENSMUSG00000086448.2
ENSMUSG00000021340.14	24.8296572581044	-0.2381633299492328	0.5755238432680656	-0.4138200923124951	0.6790058681071427	0.9995150899006424	Gpld1
ENSMUSG00000021339.5	68.15511338765536	-0.827733232879812	0.4088103352229787	-2.0247365625635143	0.0428944221221025	0.9995150899006424	Mrs2
ENSMUSG00000076431.5	6.524246176818969	0.998370717597848	1.0985265403855888	0.908827125148396	0.3634413859977972	0.9995150899006424	Sox4
ENSMUSG00000120974.1	1.509133137403479	0.2352842990158671	2.488969645339601	0.09453080291936	0.9246875148038548	0.9995150899006424	ENSMUSG00000120974.1
ENSMUSG00000042874.3	41.66026481376715	-0.0831204684493514	0.4747592604797744	-0.175079193537695	0.8610174069002388	0.9995150899006424	D930007J09Rik
ENSMUSG00000021400.9	4.407424154308569	-1.0872057917725615	1.2524215007957302	-0.8680829825117198	0.3853489063762267	0.9995150899006424	Wrnip1
ENSMUSG00000060147.16	7.871180481416078	-0.1656874714850423	1.025788306694431	-0.1615220902829012	0.8716822142560757	0.9995150899006424	Serpinb6a
ENSMUSG00000085457.5	6.089462463627172	-0.2730058014168046	1.2135232761848955	-0.2249695632333373	0.8220029523698422	0.9995150899006424	1110046J04Rik
ENSMUSG00000058672.8	1.3296831840733965	-0.0806214908090657	2.341057231454407	-0.0344380691449301	0.972527826676831	0.9995150899006424	Tubb2a
ENSMUSG00000113645.2	5.202650420194213	0.405173840905434	1.1535523227039175	0.351240106695559	0.7254082236987953	0.9995150899006424	ENSMUSG00000113645.2
ENSMUSG00000038267.16	2.9449285704374737	0.6661935730115455	1.673711652986013	0.3980336587984028	0.6906053750615138	0.9995150899006424	Slc22a23
ENSMUSG00000085962.9	21.537774908356	-1.3206314747749073	0.6892174539553897	-1.9161317914917264	0.0553483226060252	0.9995150899006424	Gm16984
ENSMUSG00000050423.12	4.713859300165331	-0.2023642405584109	1.2253956457541688	-0.1651419615040871	0.8688322458986866	0.9995150899006424	Ppp1r3g
ENSMUSG00000021420.14	12.404650057720398	-0.4289510735587506	0.8512677694835388	-0.5038967630819545	0.6143339253293614	0.9995150899006424	Fars2
ENSMUSG00000103789.2	28.56926908369648	-0.4043454231366068	0.7418708646201155	-0.5450347795281826	0.5857295975952554	0.9995150899006424	ENSMUSG00000103789.2
ENSMUSG00000114638.2	11.578376974202085	-0.5447470373213945	0.8105189934764638	-0.6720965723269173	0.5015222185019275	0.9995150899006424	ENSMUSG00000114638.2
ENSMUSG00000114830.2	2.8624541099191134	-0.4635773116481583	1.5774822761725764	-0.2938716451210656	0.7688559858197668	0.9995150899006424	ENSMUSG00000114830.2
ENSMUSG00000021360.17	2.3835916113488373	0.2357759599197921	1.7217884700361596	0.1369366586098933	0.8910808623800998	0.9995150899006424	Gcnt2
ENSMUSG00000114662.2	6.380535613762355	1.179448042583371	1.0590723615969926	1.113661431788157	0.2654244611153403	0.9995150899006424	ENSMUSG00000114662.2
ENSMUSG00000086693.3	12.969229501882046	2.189485215665289	0.7777972585844484	2.814981913988796	0.0048779979069411	0.9468450674104718	ENSMUSG00000086693.3
ENSMUSG00000021363.15	1.413500487186342	-0.4778783136045887	2.2781968384968696	-0.2097616437392161	0.8338537108788376	0.9995150899006424	Mak
ENSMUSG00000021366.9	2.5980717530357	0.3726273350910203	1.778859825055228	0.2094753784657829	0.8340771541573458	0.9995150899006424	Hivep1
ENSMUSG00000051335.7	1.914971564887102	3.257162043360558	2.344084811524226	1.3895239742808665	0.1646734759152072	0.9995150899006424	Gfod1
ENSMUSG00000063200.5	1.5952806014836576	-0.6358432003040939	2.057253095112926	-0.3090738819713338	0.7572653263257678	0.9995150899006424	Nol7
ENSMUSG00000038546.10	2.4171875989169376	0.441123691478351	1.7518232671850198	0.2518083300647025	0.8011892182938336	0.9995150899006424	Ranbp9
ENSMUSG00000038518.16	31.34619559347156	-0.1640716443265997	0.5256055040550204	-0.3121573938263491	0.7549209101337846	0.9995150899006424	Jarid2
ENSMUSG00000000253.14	11.766994773616316	-0.9055017983388732	0.8314372925576264	-1.0890800863086296	0.276118570626356	0.9995150899006424	Gmpr
ENSMUSG00000114376.2	5.972506626565242	-1.494731340635651	1.1514799164191454	-1.2980958845412984	0.1942543883340772	0.9995150899006424	ENSMUSG00000114376.2
ENSMUSG00000038080.18	6.11001084161295	0.3663814641560336	1.1694313144114772	0.3132988313558348	0.7540536379196634	0.9995150899006424	Kdm1b
ENSMUSG00000114860.2	26.620266773942603	-0.7800602370085645	0.5998431116147594	-1.3004404350141925	0.193450058926683	0.9995150899006424	ENSMUSG00000114860.2
ENSMUSG00000021379.3	3.219672119808658	-3.5126296488050084	1.9463791435595104	-1.804699593307993	0.0711217035102476	0.9995150899006424	Id4
ENSMUSG00000038014.8	1.7255560096947988	0.7776328046583069	1.8763018749684992	0.4144497295625003	0.6785447756266361	0.9995150899006424	Fam120a
ENSMUSG00000120113.1	2.450986639651415	2.768651069356506	1.7780602742583314	1.5571187936873356	0.1194422837777589	0.9995150899006424	ENSMUSG00000120113.1
ENSMUSG00000037989.17	4.941509120242778	-1.077088272481311	1.2190180260488968	-0.883570422639597	0.3769281513564817	0.9995150899006424	Wnk2
ENSMUSG00000112959.2	9.195094282967688	0.3061369942070534	0.873266162928111	0.3505655059169574	0.725914338395933	0.9995150899006424	ENSMUSG00000112959.2
ENSMUSG00000021448.9	1.274612363184983	-2.0082803941121834	2.681955705362105	-0.7488119173992975	0.4539705757678319	0.9995150899006424	Shc3
ENSMUSG00000113404.2	11.314815729937097	0.2754785496544567	0.8237966396852334	0.3344011572561343	0.7380768662592607	0.9995150899006424	ENSMUSG00000113404.2
ENSMUSG00000025867.9	7.4625054318118	-0.7773810249351538	0.9785738122013944	-0.7944020320617018	0.4269614215805788	0.9995150899006424	Cplx2
ENSMUSG00000069227.5	2.109563638006576	0.8510220453270846	1.8246183914396656	0.4664109763004245	0.6409213562688639	0.9995150899006424	Gprin1
ENSMUSG00000034789.9	3.335313956272904	0.8152240867514106	1.380484599838942	0.5905347200878017	0.5548322156042942	0.9995150899006424	Rab24
ENSMUSG00000021486.8	25.53021877380745	-0.5725816626402397	0.5692215840754593	-1.00590293597218	0.3144622638120045	0.9995150899006424	Prelid1
ENSMUSG00000021485.15	9.238273991567423	0.5216189040789748	0.9387602637000964	0.5556465524254606	0.5784525008235621	0.9995150899006424	Mxd3
ENSMUSG00000034675.18	3.6058863949293816	-0.7434455149461208	1.679979066297678	-0.4425326064237925	0.6581038406597182	0.9995150899006424	Dbn1
ENSMUSG00000114633.2	8.032450085019763	-0.2681812626641418	0.932503165582973	-0.2875928710617116	0.7736584025110949	0.9995150899006424	ENSMUSG00000114633.2
ENSMUSG00000086506.2	3.345154666631801	-1.3643729752558438	1.461311888966486	-0.9336630910604564	0.3504777095828034	0.9995150899006424	Gm15911
ENSMUSG00000069223.11	3.519990783605197	-0.5351261065146181	1.3936609928356016	-0.3839715033035601	0.7009995686352111	0.9995150899006424	4930451E10Rik
ENSMUSG00000114493.4	23.291222308273007	0.3582394444825443	0.5958042778079422	0.6012703463636813	0.5476599369713182	0.9995150899006424	ENSMUSG00000114493.4
ENSMUSG00000021508.12	2.4848417007578667	1.7986927040624268	1.9647280256825748	0.9154919564185148	0.3599334232331009	0.9995150899006424	Cxcl14
ENSMUSG00000007836.7	2.4141825048769703	0.923025742479043	1.8628254451409767	0.4954977101513605	0.6202488379863242	0.9995150899006424	Hnrnpa0
ENSMUSG00000114929.2	2.702655308186619	-0.2689232944009598	1.6347446007339583	-0.1645047760244751	0.8693337872450659	0.9995150899006424	ENSMUSG00000114929.2
ENSMUSG00000021546.19	6.997420051054164	-0.5989613047435525	1.0147137101948438	-0.5902761525007294	0.5550055246642537	0.9995150899006424	Hnrnpk
ENSMUSG00000035367.10	38.87356605406797	-0.3858541840601371	0.4981639134296993	-0.7745526595928124	0.4386040400741102	0.9995150899006424	Rmi1
ENSMUSG00000055254.16	4.842043745821601	-2.614095377883456	1.5643198976666437	-1.6710746834983492	0.0947069271939852	0.9995150899006424	Ntrk2
ENSMUSG00000021555.16	5.39722107227986	1.1607129085463916	1.1341275679095386	1.0234412260041044	0.3060992756181292	0.9995150899006424	Naa35
ENSMUSG00000089875.4	52.34118113422846	-0.3516423883012247	0.4385047784761706	-0.8019123292640099	0.4226036736638822	0.9995150899006424	ENSMUSG00000089875.4
ENSMUSG00000114433.2	37.69467331929801	0.1601242328561838	0.5419793470861212	0.2954434218150013	0.7676551670238374	0.9995150899006424	ENSMUSG00000114433.2
ENSMUSG00000114036.2	1.6185855347207028	-0.9105970093704124	2.0538755933888115	-0.4433554847730404	0.657508628872647	0.9995150899006424	ENSMUSG00000114036.2
ENSMUSG00000021466.13	1.644384699943381	-0.4861722359399852	2.413283768826349	-0.2014567214266829	0.8403414669278363	0.9995150899006424	Ptch1
ENSMUSG00000113816.2	3.2039310477248377	-0.253444547964604	1.4318585816336329	-0.1770038963452973	0.8595053290643835	0.9995150899006424	ENSMUSG00000113816.2
ENSMUSG00000074826.11	18.615429851689324	0.4284916262914562	0.6837447313380159	0.6266836242422571	0.5308666402673766	0.9995150899006424	Gm10767
ENSMUSG00000021518.5	4.577063910662453	1.9961139674429569	1.3947656882891808	1.431146452915249	0.1523882462981219	0.9995150899006424	Ptdss1
ENSMUSG00000114362.2	24.698398222741854	-0.0187035699594226	0.6083240050388354	-0.0307460659196386	0.9754720532202672	0.9995150899006424	ENSMUSG00000114362.2
ENSMUSG00000114788.2	3.016865298825006	-1.4274932865500007	1.6128272532561825	-0.8850875279221592	0.3761094256320564	0.9995150899006424	ENSMUSG00000114788.2
ENSMUSG00000097470.2	1.4717119614947884	2.031213952894895	2.324939754686299	0.8736630481717427	0.3823017800058087	0.9995150899006424	ENSMUSG00000097470.2
ENSMUSG00000021536.8	1.2172091822178726	-1.310355865592593	2.485668895063113	-0.5271642849114553	0.5980795081241286	0.9995150899006424	Adcy2
ENSMUSG00000113121.2	22.24149961790897	-0.0326712629853618	0.5929252248419389	-0.0551018267001058	0.9560573408613824	0.9995150899006424	ENSMUSG00000113121.2
ENSMUSG00000021595.19	9.594797716148392	0.5029565585131033	0.8717997462821727	0.5769175325617872	0.5639951661795326	0.9995150899006424	Nsun2
ENSMUSG00000091133.2	14.83352011753617	1.057164802467299	0.7149913275369205	1.4785701053313958	0.1392552474569011	0.9995150899006424	ENSMUSG00000091133.2
ENSMUSG00000021579.5	18.87715385758632	-0.5546976067164775	0.6818532745704109	-0.8135146187659721	0.4159230682173396	0.9995150899006424	Lrrc14b
ENSMUSG00000045509.8	2.1757290970283347	-0.8882621063309244	1.829027326014821	-0.4856472583525121	0.6272172838041954	0.9995150899006424	Gpr150
ENSMUSG00000069171.15	9.731305832606433	-1.0414615784542347	0.8767174949581955	-1.1879101129422478	0.234868824999555	0.9995150899006424	Nr2f1
ENSMUSG00000087143.11	29.64858328573871	-1.0389545790112684	0.5502654966008016	-1.8880969012763555	0.0590129427947572	0.9995150899006424	A830082K12Rik
ENSMUSG00000097793.3	5.464993271873976	0.4845570540237288	1.0821262574354382	0.447782364298316	0.6543102723237427	0.9995150899006424	Gm17259
ENSMUSG00000102969.2	7.435372713710511	0.6359753007750364	0.9973050453369728	0.637693856808025	0.5236729852720049	0.9995150899006424	ENSMUSG00000102969.2
ENSMUSG00000021548.11	4.667766450499012	-1.1919499256098574	1.3160400507438514	-0.9057094614530492	0.3650896532788424	0.9995150899006424	Ccnh
ENSMUSG00000074782.4	15.401288819000625	0.109064854684331	0.7462260110759649	0.1461552573423072	0.8837988256552873	0.9995150899006424	4833422C13Rik
ENSMUSG00000114968.2	3.9425849801010777	0.8123090224855917	1.3390450492011532	0.6066330800223626	0.5440944419282481	0.9995150899006424	ENSMUSG00000114968.2
ENSMUSG00000113647.2	21.61554302837028	-0.7151366885769093	0.623902726142957	-1.1462310687404296	0.2516995558203219	0.9995150899006424	ENSMUSG00000113647.2
ENSMUSG00000042082.8	1.352528056590086	-1.6862956603700554	2.691137260441006	-0.6266107957992884	0.530914389923406	0.9995150899006424	Arsb
ENSMUSG00000113070.2	2.3701523859610165	-0.077085804582858	1.6632606545067767	-0.0463461961743555	0.9630343196221578	0.9995150899006424	ENSMUSG00000113070.2
ENSMUSG00000021684.18	2.8672501061340188	-0.8059386523107211	1.561430953195865	-0.516153884781881	0.6057469356341925	0.9995150899006424	Pde8b
ENSMUSG00000118445.2	2.6241583060679634	1.071248045358914	2.09529713446398	0.5112630699191794	0.6091668607061353	0.9995150899006424	ENSMUSG00000118445.2
ENSMUSG00000047117.14	2.460927062069308	-0.0402491444754869	1.7899076155839193	-0.0224867161439259	0.9820597083036128	0.9995150899006424	Ankdd1b
ENSMUSG00000113068.2	12.093842110865852	0.2004371998180449	0.7718913943534379	0.25967020915674	0.795118174185694	0.9995150899006424	ENSMUSG00000113068.2
ENSMUSG00000114154.2	3.558514240812816	0.3240444950416887	1.3753566250745346	0.2356076156059726	0.8137371634124555	0.9995150899006424	ENSMUSG00000114154.2
ENSMUSG00000041817.15	5.14803746091469	1.026940135193805	1.142950093018394	0.8984995420769243	0.368919289230885	0.9995150899006424	Fam169a
ENSMUSG00000021666.17	19.39712182627171	1.1034339204617394	0.6592355575836648	1.673808258320017	0.094168288801339	0.9995150899006424	Gfm2
ENSMUSG00000097346.2	6.567808260335137	0.2799663657154902	1.260053715711135	0.2221860562170446	0.8241690483753592	0.9995150899006424	Gm26619
ENSMUSG00000048603.10	35.27893841532136	0.3466753856943144	0.503717490632234	0.6882337662311261	0.491305583484638	0.9995150899006424	Gm9828
ENSMUSG00000097828.3	6.484144605442072	-0.0680660987973388	1.0185120481801806	-0.0668289579087016	0.9467178698577532	0.9995150899006424	6430562O15Rik
ENSMUSG00000052727.7	5.428742083695101	-1.4426501591679206	1.2583998149542166	-1.1464163789792097	0.2516229087797622	0.9995150899006424	Map1b
ENSMUSG00000021624.10	7.2539846098172704	-0.8403801535151172	1.0203982788200283	-0.8235805282687452	0.410177943573486	0.9995150899006424	Cd180
ENSMUSG00000091906.3	3.7743337597731625	-1.1017856152353018	1.4281972972145878	-0.7714519677247069	0.4404390822539242	0.9995150899006424	1700099I09Rik
ENSMUSG00000021711.18	3.015487856892272	2.0916345145199795	1.6386331417616158	1.2764507571666492	0.2017962234615589	0.9995150899006424	Trappc13
ENSMUSG00000021714.16	2.583415382909942	2.7426002350089087	1.9135619089452136	1.4332435350997734	0.1517882522045306	0.9995150899006424	Cenpk
ENSMUSG00000021716.15	6.549198802087061	-0.3172574823596834	1.0865526947764643	-0.2919853624079893	0.7702978156632344	0.9995150899006424	Srek1ip1
ENSMUSG00000101308.2	3.278044332941496	1.753233672199716	1.5609755892144812	1.1231653360332068	0.2613672816058483	0.9995150899006424	Gm28989
ENSMUSG00000049985.16	66.95017022283423	0.3566909501238356	0.4123319707371982	0.8650577094134045	0.387007114934668	0.9995150899006424	Ankrd55
ENSMUSG00000114536.2	1.8812703493676348	1.5326438173764827	2.1366973504602904	0.7172956979828324	0.4731916611509976	0.9995150899006424	ENSMUSG00000114536.2
ENSMUSG00000016018.5	3.5324349756165354	-0.221237057609465	1.364916240571289	-0.1620883765855594	0.8712362592993832	0.9995150899006424	Skiv2l2
ENSMUSG00000042364.12	1.3470245297086585	-1.8370299256622036	2.425581456971752	-0.757356517705106	0.4488362991969842	0.9995150899006424	Snx18
ENSMUSG00000114255.2	6.0146350658227	-0.0891727765483106	1.0460197630828765	-0.0852496097067005	0.932062951253294	0.9995150899006424	ENSMUSG00000114255.2
ENSMUSG00000091423.3	3.562391051302452	-0.8835113731285612	1.4394277957262571	-0.6137934641471817	0.5393518167566488	0.9995150899006424	Gm17509
ENSMUSG00000097411.3	17.30239425566828	0.1296522139505994	0.6557584489389081	0.1977133716849421	0.8432693271446147	0.9995150899006424	B430218F22Rik
ENSMUSG00000025450.5	2.6912513046798936	0.2015893178622585	1.6453150122222484	0.1225232349822065	0.9024846457640344	0.9995150899006424	ENSMUSG00000025450.5
ENSMUSG00000074634.13	1.8194548287247911	-0.7900288740068772	1.974358011891468	-0.4001446896908106	0.6890499500781033	0.9995150899006424	Gm7120
ENSMUSG00000114934.2	169.57742681889428	0.4152353083883728	0.331572790490868	1.2523202153398925	0.2104532055768621	0.9995150899006424	ENSMUSG00000114934.2
ENSMUSG00000120975.1	2.059909810244917	1.4082820895597064	1.7306333755022123	0.8137379698638004	0.4157950772445539	0.9995150899006424	ENSMUSG00000120975.1
ENSMUSG00000021774.14	2.746070585079791	1.640515360953524	1.6586271081332309	0.989080277844915	0.3226238661206081	0.9995150899006424	Ube2e1
ENSMUSG00000021772.16	26.008936846820195	-0.3042108101548623	0.5667142982227211	-0.5367974852741516	0.5914075089108819	0.9995150899006424	Nkiras1
ENSMUSG00000012405.17	12.971279674962435	0.9487164359263716	0.7857837795089849	1.207350495984021	0.2272971916080685	0.9995150899006424	Rpl15
ENSMUSG00000017485.12	7.444672181759469	0.1831880974375974	0.981297478722472	0.1866794742773472	0.8519119503323185	0.9995150899006424	Top2b
ENSMUSG00000021786.14	3.4352512748404505	-1.1692222310963063	1.514017484148927	-0.7722646821040908	0.439957678785443	0.9995150899006424	Oxsm
ENSMUSG00000097547.9	1.639000221943686	-0.4653052263506025	2.0483245444013827	-0.227163819143019	0.8202963604058872	0.9995150899006424	B230110C06Rik
ENSMUSG00000079357.10	10.925399462363464	-0.5685722941588183	0.8198824993940342	-0.6934802176885634	0.4880082362022346	0.9995150899006424	Gm11100
ENSMUSG00000114246.2	6.687444084739867	-0.7558606975071023	1.0398697722184944	-0.7268801514390815	0.4672993772349025	0.9995150899006424	ENSMUSG00000114246.2
ENSMUSG00000021750.17	6.08012882447846	-2.7294980702971	1.4224455903818989	-1.918876960041954	0.0549999071081369	0.9995150899006424	Fam107a
ENSMUSG00000114436.2	4.301257771819983	0.7421969574098319	1.2582606106228076	0.58985948629709	0.5552848575074812	0.9995150899006424	ENSMUSG00000114436.2
ENSMUSG00000114937.2	3.0041723888845806	-0.5469000340723146	1.5713328149540542	-0.3480485030717734	0.7278037577663218	0.9995150899006424	ENSMUSG00000114937.2
ENSMUSG00000084925.9	105.11414010677844	-0.9911604779844344	0.3678324722093604	-2.6945975488001297	0.0070473694494635	0.9995150899006424	1810062O18Rik
ENSMUSG00000034235.18	1.1095911527268325	-0.632626212558452	2.5480447387514755	-0.2482790835409093	0.8039184813555034	0.9995150899006424	Usp54
ENSMUSG00000039367.12	2.972401167294842	0.2534792791683147	1.4846352569581012	0.1707350529231493	0.8644320992459326	0.9995150899006424	Sec24c
ENSMUSG00000097577.4	10.955262734640897	-0.0905149081785386	0.8452465372374164	-0.1070869908256298	0.9147199676349508	0.9995150899006424	6230400D17Rik
ENSMUSG00000021824.14	57.72435927021764	-0.1853493740432568	0.440598317029899	-0.4206765366075582	0.6739912968049133	0.9995150899006424	Ap3m1
ENSMUSG00000090564.10	4.553723327471442	1.2171729051001166	1.297960598265155	0.9377579771889696	0.3483688013928525	0.9995150899006424	ENSMUSG00000090564.10
ENSMUSG00000114953.2	50.722258791096095	-0.0383754116273513	0.4734026664866723	-0.0810629393200339	0.935391898793268	0.9995150899006424	ENSMUSG00000114953.2
ENSMUSG00000021782.15	1.235440218377875	-1.0260737668246247	3.345504415210703	-0.3067022605498494	0.7590700089923019	0.9995150899006424	Dlg5
ENSMUSG00000087535.3	23.16131864074137	0.3859900847464244	0.6053111713489946	0.637672164361692	0.5236871089536955	0.9995150899006424	Zmiz1os1
ENSMUSG00000114922.2	5.390979698716315	-0.3635458769004563	1.145503109536328	-0.317367865590178	0.7509644873759012	0.9995150899006424	ENSMUSG00000114922.2
ENSMUSG00000098609.2	4.462714557088408	2.875973352490937	1.374200886443095	2.092833282865176	0.0363640396031391	0.9995150899006424	Anxa11os
ENSMUSG00000090861.2	9.728772173213883	-0.3715206815674917	0.8635330823683859	-0.430233292913959	0.6670259460928043	0.9995150899006424	Arf4os
ENSMUSG00000021877.13	2.6915314046534955	0.3460322145077671	1.8099933998139728	0.1911787162004743	0.848385578074384	0.9995150899006424	Arf4
ENSMUSG00000040651.10	4.103601977187327	0.7304107425328482	1.4104721738756794	0.5178483886894656	0.6045640540405245	0.9995150899006424	Fam208a
ENSMUSG00000046753.11	6.195827831417769	-0.4849468542923358	1.0695822384200584	-0.4533983801083672	0.650261902691388	0.9995150899006424	Ccdc66
ENSMUSG00000040640.12	3.152922019879337	0.2319865050050258	1.6240433518806106	0.1428450199536791	0.886412580853936	0.9995150899006424	Erc2
ENSMUSG00000015971.6	1.787208592401786	0.2419764831922353	1.9243182465055164	0.1257466033134876	0.8999325105172793	0.9995150899006424	Actr8
ENSMUSG00000115723.2	2.31151116694781	0.1117722492364767	1.6904300474154963	0.0661206001439489	0.9472818101955915	0.9995150899006424	ENSMUSG00000115723.2
ENSMUSG00000021917.17	2.0703600286882256	-1.3177301087869189	2.056239464963624	-0.6408446736091752	0.5216236048235527	0.9995150899006424	Spcs1
ENSMUSG00000021916.17	2.954420735907913	-0.1540391817399907	1.552628915928994	-0.0992118465395342	0.9209700690878058	0.9995150899006424	Glt8d1
ENSMUSG00000042286.14	2.653456716705895	-3.5062206124341184	2.0407925482627305	-1.718068117907852	0.085784191298257	0.9995150899006424	Stab1
ENSMUSG00000021890.7	2.3239363344038897	0.6496268607406641	1.6208101715785976	0.4008037906795441	0.6885645877929347	0.9995150899006424	Eaf1
ENSMUSG00000021884.19	2.894911886400489	-0.1916219255962525	1.6664395681115054	-0.1149888236351758	0.9084539807269096	0.9995150899006424	Hacl1
ENSMUSG00000021906.15	7.620286770144452	-1.0467111698065288	1.0456055273472509	-1.0010574183383318	0.316799049855555	0.9995150899006424	Oxnad1
ENSMUSG00000087639.2	2.7095453693496534	2.347315204262168	1.7214083207513913	1.363601637081416	0.1726929765966705	0.9995150899006424	Gm15512
ENSMUSG00000021794.17	2.8043099474429787	-2.033175033428768	1.984787305556324	-1.0243793013674487	0.305656154638009	0.9995150899006424	Glud1
ENSMUSG00000021796.16	2.119586310856588	-0.3690679926050519	1.9019806690312608	-0.1940440292660966	0.8461414066789412	0.9995150899006424	Bmpr1a
ENSMUSG00000090779.2	12.312604237289008	-1.8106022100768493	0.8198057417598356	-2.208574687693845	0.0272042375686503	0.9995150899006424	Gm17110
ENSMUSG00000041408.19	2.569047484849405	0.6361224713573307	1.8803144070457205	0.3383064390581267	0.7351322718373448	0.9995150899006424	Wapl
ENSMUSG00000021792.16	1.4233998432451709	-0.013092047273243	2.299156421862921	-0.0056942829764645	0.9954566440811952	0.9995150899006424	Fam213a
ENSMUSG00000121411.1	1.3199028768963	-2.316911494742708	2.5310277422770446	-0.9154034371264114	0.359979874647869	0.9995150899006424	ENSMUSG00000121411.1
ENSMUSG00000021830.15	5.593573716145573	-0.0718021070194201	1.100867593157365	-0.0652231998341296	0.9479962896583942	0.9995150899006424	Txndc16
ENSMUSG00000053205.10	4.193262998069626	-0.8008680772349753	1.2832440696466578	-0.6240964569238142	0.5325642406323197	0.9995150899006424	Styx
ENSMUSG00000085913.3	26.845402701431706	-0.4151807765845167	0.5625266090504354	-0.7380642442592296	0.4604754103579963	0.9995150899006424	Gm15601
ENSMUSG00000115003.2	13.08351840524327	0.1124374663273553	0.7616401067634543	0.1476254537135024	0.8826383660377253	0.9995150899006424	ENSMUSG00000115003.2
ENSMUSG00000021838.18	1.5939928281325024	-1.0828172680567243	2.2720848569979197	-0.4765743078308435	0.6336652820641828	0.9995150899006424	Samd4
ENSMUSG00000115410.2	22.039691339840303	0.9511580171597191	0.6213563721060243	1.530776958053662	0.1258245262178934	0.9995150899006424	ENSMUSG00000115410.2
ENSMUSG00000114977.2	7.07894574831563	0.9455390775111886	0.9899335476579524	0.955154090643968	0.3394997784463078	0.9995150899006424	ENSMUSG00000114977.2
ENSMUSG00000115728.2	6.352584756073785	-1.2515623480260945	1.069333844866473	-1.1704131072203894	0.2418347634817831	0.9995150899006424	ENSMUSG00000115728.2
ENSMUSG00000021843.18	4.308353415619423	-0.4992595660081017	1.35918015472795	-0.3673240550720315	0.7133773129635205	0.9995150899006424	Ktn1
ENSMUSG00000061244.15	1.7481828750322024	-0.3557367470450294	2.0352146977622336	-0.1747907714287687	0.8612440400393899	0.9995150899006424	Exoc5
ENSMUSG00000036291.7	8.826042346677633	-0.1230837409959023	0.9119280170391828	-0.1349708953953695	0.8926348858408368	0.9995150899006424	Ap5m1
ENSMUSG00000102189.2	23.198201364211094	-0.2802572222067325	0.6055297316919356	-0.462829829055056	0.6434863483150963	0.9995150899006424	ENSMUSG00000102189.2
ENSMUSG00000006281.9	5.400292839155443	-0.8508896996995612	1.1158553862993916	-0.7625447796792386	0.4457349276733153	0.9995150899006424	Tep1
ENSMUSG00000035960.15	1.418606981857172	2.4330034614213862	2.534024146389602	0.960134284784876	0.3369876352775145	0.9995150899006424	Apex1
ENSMUSG00000035953.15	26.94412960114209	0.9025705685109032	0.5643739235646908	1.5992421528090797	0.109766807438852	0.9995150899006424	Tmem55b
ENSMUSG00000103730.2	17.29839746044584	-0.1504442691541668	0.6675330436227207	-0.2253735160999693	0.8216887127755259	0.9995150899006424	ENSMUSG00000103730.2
ENSMUSG00000004558.16	8.646138700160838	-1.6775319699531823	1.1749028113804465	-1.4278048819903444	0.1533480272689817	0.9995150899006424	Ndrg2
ENSMUSG00000004562.17	8.734607361150951	0.2519104444564737	0.9155571305308596	0.2751444296113018	0.7832052784427236	0.9995150899006424	Arhgef40
ENSMUSG00000097633.3	7.733543150362261	-0.2950635378836287	1.038035531964986	-0.2842518669135321	0.776217369928917	0.9995150899006424	Gm16617
ENSMUSG00000057132.17	21.14206920516181	0.3093678804874048	0.6344704502085639	0.4876001402204138	0.6258330962330667	0.9995150899006424	Rpgrip1
ENSMUSG00000097533.3	23.368175352979577	0.6376868314170826	0.6165010787466828	1.034364502189468	0.3009657928587397	0.9995150899006424	Gm26590
ENSMUSG00000105868.2	18.75637317311995	-0.0504174197461903	0.6717296705898939	-0.075056115508364	0.94017006403955	0.9995150899006424	ENSMUSG00000105868.2
ENSMUSG00000016831.13	5.168376364726471	-0.129697532756104	1.158572114436464	-0.111946016255699	0.9108662101898118	0.9995150899006424	Tox4
ENSMUSG00000022160.19	3.328708148092548	-0.6492289622656005	1.382634154178649	-0.4695594711757092	0.638669786245063	0.9995150899006424	Mettl3
ENSMUSG00000040997.15	1.4522440357843376	-1.0571573625267912	2.6092366902222497	-0.4051596263720883	0.6853601798598615	0.9995150899006424	Abhd4
ENSMUSG00000000958.11	1.9991451459834284	-4.001724195463799	2.5943308925147277	-1.5424879713724038	0.1229550587290417	0.9995150899006424	Slc7a7
ENSMUSG00000115767.2	21.59571632884624	-0.1077634571860017	0.6216725381606069	-0.1733444065341059	0.8623807206154883	0.9995150899006424	ENSMUSG00000115767.2
ENSMUSG00000022185.20	5.39987239957976	-0.2302378537613532	1.149743074897279	-0.2002515681878955	0.8412838382695085	0.9995150899006424	Acin1
ENSMUSG00000040840.8	4.640012735485873	-0.2018650427552623	1.3220270841531334	-0.1526935757784217	0.8786399271418955	0.9995150899006424	4930579G18Rik
ENSMUSG00000040822.8	2.879705786972796	1.790913031637999	1.6202197795866131	1.1053519122541122	0.2690071319795587	0.9995150899006424	1700123O20Rik
ENSMUSG00000097652.4	7.246493397248343	-0.7218236626557393	1.0532727148723304	-0.6853150684181856	0.4931451251984458	0.9995150899006424	Mhrt
ENSMUSG00000093452.5	6.5839930762431065	-0.0155934350600472	1.134955984667957	-0.0137392421122034	0.9890380157190264	0.9995150899006424	Zfhx2os
ENSMUSG00000040701.18	3.760808000630669	0.5121366527426845	1.31524418979765	0.3893852234553315	0.6969912012180367	0.9995150899006424	Ap1g2
ENSMUSG00000053588.5	3.2165446446929487	-0.326000358477815	1.440107642112315	-0.2263722161765947	0.8209119353605911	0.9995150899006424	A730061H03Rik
ENSMUSG00000086341.3	11.926954132354831	0.2205279171112494	0.775217050689386	0.2844724802107205	0.7760483208458694	0.9995150899006424	Gm15932
ENSMUSG00000002326.7	5.36140350211662	1.2266010561020004	1.1121642422030324	1.102895606203168	0.2700725025378317	0.9995150899006424	Gmpr2
ENSMUSG00000007589.10	12.014443108579949	0.0061942729947934	0.7653428177297082	0.0080934619771672	0.9935424221447168	0.9995150899006424	Tinf2
ENSMUSG00000115154.2	16.80599593833267	1.1053360322715249	0.6942062458624364	1.5922300308582322	0.1113330278518721	0.9995150899006424	ENSMUSG00000115154.2
ENSMUSG00000019297.10	26.022862167778957	-0.7812305021438536	0.6113799814187738	-1.2778149855854344	0.2013146692578273	0.9995150899006424	Nop9
ENSMUSG00000022219.11	4.323943595124796	1.0708187055057414	1.356509744085684	0.7893925643914159	0.4298826004230728	0.9995150899006424	Cideb
ENSMUSG00000120426.1	6.184664010021229	-1.0763747765963778	1.1044192918171492	-0.9746070034917368	0.329755238293808	0.9995150899006424	ENSMUSG00000120426.1
ENSMUSG00000047153.5	16.988241087990218	-0.462506301865763	0.6950435058685464	-0.6654350381819651	0.5057722805581628	0.9995150899006424	Khnyn
ENSMUSG00000022223.10	5.144725200612807	-0.4895846515589705	1.1318289061198727	-0.4325606537452386	0.6653339791485045	0.9995150899006424	Sdr39u1
ENSMUSG00000090038.9	6.051849723243913	-1.1574142699292442	1.1801209835475657	-0.9807589951073808	0.326711603602021	0.9995150899006424	Gm16573
ENSMUSG00000097743.2	2.4056718822112124	0.4822888790137196	1.6954628742475737	0.2844585312596442	0.7760590091775483	0.9995150899006424	Gm16973
ENSMUSG00000050222.12	9.70000909802429	0.4979301783464258	0.910659714678368	0.5467796261551854	0.5845301418836872	0.9995150899006424	Il17d
ENSMUSG00000114593.3	12.242651111311508	0.0865492098810207	0.852938553458169	0.1014717994984681	0.9191759427305608	0.9995150899006424	ENSMUSG00000114593.3
ENSMUSG00000021986.10	8.487823306796413	-0.1703307095919001	0.9713039352082518	-0.1753629357584971	0.8607944622387067	0.9995150899006424	Amer2
ENSMUSG00000100486.8	3.62426666299525	0.8109381188365254	1.550562826304862	0.5229959760928022	0.600977053468975	0.9995150899006424	Gm4131
ENSMUSG00000021939.9	3.0039512468783878	1.0988136843358485	1.5640846460237097	0.7025282724495154	0.4823497764525106	0.9995150899006424	Ctsb
ENSMUSG00000021273.12	8.648416828831715	0.1738578397077787	0.8903211957793903	0.1952754135608138	0.845177343682588	0.9995150899006424	Fdft1
ENSMUSG00000087652.2	7.267600661124938	0.0570444928046917	1.0167089367472213	0.0561070044168151	0.9552565640127546	0.9995150899006424	Gm15918
ENSMUSG00000120039.1	4.90430468811735	0.66719456049889	1.7918602624563638	0.3723474282443594	0.7096341904619545	0.9995150899006424	ENSMUSG00000120039.1
ENSMUSG00000022037.16	5.151645790571642	0.4418970935640409	1.3524104563013783	0.3267477647078811	0.7438586703258503	0.9995150899006424	Clu
ENSMUSG00000085984.9	12.631532288650648	0.2009140100481632	0.7601407980758863	0.2643115730095382	0.7915398433140939	0.9995150899006424	ENSMUSG00000085984.9
ENSMUSG00000022048.10	2.2099251699734093	-1.449357295572795	2.035554253705412	-0.7120209608436936	0.4764517963380404	0.9995150899006424	Dpysl2
ENSMUSG00000022054.12	317.6005803382602	-0.1096824369986004	0.3128804021738536	-0.3505570698469468	0.725920668258982	0.9995150899006424	Nefm
ENSMUSG00000022055.8	2.331560483838541	-0.4319539344885499	1.812031339624179	-0.2383810506159008	0.8115855632743113	0.9995150899006424	Nefl
ENSMUSG00000033712.7	1.3316836246623425	0.876123368968374	2.34851336574064	0.3730544529782035	0.7091079168336608	0.9995150899006424	Ccar2
ENSMUSG00000044551.14	1.4900305820252806	-2.096069087049107	2.3357666754939608	-0.8973794810245063	0.3695164577964502	0.9995150899006424	9930012K11Rik
ENSMUSG00000022091.7	1.3067121720704638	-3.2533608130691207	2.9130784923207504	-1.1168119299378296	0.2640747468643944	0.9995150899006424	Sorbs3
ENSMUSG00000115186.2	2.7623432976257285	-1.5617215019705224	1.85111593679957	-0.8436648785330069	0.3988566987674715	0.9995150899006424	ENSMUSG00000115186.2
ENSMUSG00000090216.2	3.6796009584585576	1.0738939940875287	1.4276875723675893	0.752191176047466	0.4519360993356551	0.9995150899006424	Gm16549
ENSMUSG00000022106.15	7.368447760937034	-0.4832076057435769	1.071068270336005	-0.4511454770217306	0.6518847028915933	0.9995150899006424	Rcbtb2
ENSMUSG00000090706.2	4.03019382334501	-0.8676572367126696	1.552428488450118	-0.5589031914628825	0.5762277912136893	0.9995150899006424	ENSMUSG00000090706.2
ENSMUSG00000022105.7	1.413565599907189	0.7499721516352371	2.131218853939142	0.3518982343127549	0.7249145834303757	0.9995150899006424	Rb1
ENSMUSG00000022108.9	1.970248165779024	-2.0119747165194624	2.424064030679556	-0.8300006481080581	0.4065384172230917	0.9995150899006424	Itm2b
ENSMUSG00000022000.12	2.867869969963324	1.7162504234355025	1.5639582097921594	1.0973761400335509	0.2724769991958462	0.9995150899006424	Zc3h13
ENSMUSG00000060126.15	2.7985915482091706	-1.3450663640882528	1.639618924550703	-0.8203530368843694	0.4120148796080541	0.9995150899006424	Tpt1
ENSMUSG00000044350.15	1.064055253280437	-0.0896721897611953	3.144459125594661	-0.0285175243752729	0.9772493912828142	0.9995150899006424	Lacc1
ENSMUSG00000115090.2	5.376001226542447	-0.0055309555966626	1.2411967333261018	-0.0044561474004536	0.9964445205555272	0.9995150899006424	ENSMUSG00000115090.2
ENSMUSG00000022023.7	2.027597328118521	0.6216853779564746	1.9989752338182163	0.3110020411653632	0.7557990699038102	0.9995150899006424	Wbp4
ENSMUSG00000036461.17	5.53005738531225	-0.3976600811516582	1.184342406896927	-0.3357644536207732	0.7370484974156404	0.9995150899006424	Elf1
ENSMUSG00000102774.2	6.499067254475436	-0.1257075807622189	1.2550995651232864	-0.1001574570300093	0.920219320492246	0.9995150899006424	Gm9748
ENSMUSG00000022064.11	3.196124623531594	1.5799862392902284	1.5221228729275489	1.0380149115369308	0.2992631129184432	0.9995150899006424	Pibf1
ENSMUSG00000098557.2	3.630795869627319	1.506916085251881	1.5054310966639928	1.0009864208273491	0.316833373382145	0.9995150899006424	Kctd12
ENSMUSG00000022124.16	2.1197083798004823	1.2422455776666304	1.8185877236196728	0.6830825709051279	0.4945546680658165	0.9995150899006424	Fbxl3
ENSMUSG00002076273.1	7.8956528085372675	0.1622544642198825	0.9918083180439315	0.1635945789806288	0.870050312556537	0.9995150899006424	ENSMUSG00002076273.1
ENSMUSG00000089707.2	5.579321401781297	0.8304729218078619	1.1527473946956956	0.7204292333508953	0.4712607563438046	0.9995150899006424	Slain1os
ENSMUSG00000093497.2	28.29818540109341	-0.7118557668627334	0.6097242462606459	-1.1675044435717392	0.2430067148735455	0.9995150899006424	ENSMUSG00000093497.2
ENSMUSG00000061517.9	2.473075379279067	-0.7469998332974204	1.946004985748399	-0.3838632679608154	0.701079792442777	0.9995150899006424	Sox21
ENSMUSG00000090534.2	32.70370953668733	-0.4775509960719407	0.5323238610946961	-0.8971061246247392	0.3696622908882006	0.9995150899006424	ENSMUSG00000090534.2
ENSMUSG00000042156.17	2.226555850115242	-2.1890504324880107	1.8861238048590032	-1.1606080294668957	0.245801338593973	0.9995150899006424	Dzip1
ENSMUSG00000115718.2	15.940560725660523	-0.5117779767897087	0.7767165005580676	-0.6588993235266642	0.509960420299119	0.9995150899006424	ENSMUSG00000115718.2
ENSMUSG00000097903.3	15.634211404014396	0.3174027610023596	0.7363979438382701	0.4310207051203671	0.6664533155677925	0.9995150899006424	Gm26679
ENSMUSG00000025555.15	2.711136550552224	-1.6877575421516435	1.897572385412608	-0.8894298605555738	0.3737721028554783	0.9995150899006424	Farp1
ENSMUSG00000063410.9	1.8509787777354656	-0.5174458571098852	2.301495767377907	-0.2248302449408416	0.8221113363022059	0.9995150899006424	Stk24
ENSMUSG00000120004.1	1.350130583790542	-0.2064249765965089	2.3178261897802117	-0.0890597308403367	0.9290344403094912	0.9995150899006424	ENSMUSG00000120004.1
ENSMUSG00000041703.8	3.011970344312548	-0.916157002436017	1.580490386223905	-0.5796662924504666	0.5621396785581564	0.9995150899006424	Zic5
ENSMUSG00000085555.11	9.393148376020578	0.3425586362851038	0.8675547485366738	0.3948553527750335	0.692949641485409	0.9995150899006424	ENSMUSG00000085555.11
ENSMUSG00000041650.16	4.213440653558064	-0.5486005828815798	1.3536835781612964	-0.4052650055980896	0.685282726522507	0.9995150899006424	Pcca
ENSMUSG00000075463.4	9.821397842547064	-0.377854926612931	0.91399902513717	-0.4134084569250211	0.6793073796297626	0.9995150899006424	ENSMUSG00000075463.4
ENSMUSG00000032925.17	3.4167392029914043	-1.805559180696649	1.6067564061270996	-1.123729255916733	0.2611279012034769	0.9995150899006424	Itgbl1
ENSMUSG00000101445.2	6.409933803512907	0.1167514679063634	1.0557729408581216	0.1105838797227262	0.9119463311919256	0.9995150899006424	Gm28932
ENSMUSG00000064373.14	1.4586077904236248	-0.6923946422711058	2.9012422969031357	-0.238654538785053	0.8113734709569931	0.9995150899006424	Sepp1
ENSMUSG00000091119.3	98.88912362042642	-0.8070007272611228	0.3764806423074739	-2.143538436172877	0.0320698881865475	0.9995150899006424	Ccdc152
ENSMUSG00000087221.4	65.2086326302183	-0.4144527265608511	0.4153282919255757	-0.9978918716067592	0.3183317939390828	0.9995150899006424	ENSMUSG00000087221.4
ENSMUSG00000022186.15	1.526687156279657	0.1820836530709547	2.101060160820465	0.0866627507704734	0.9309395855583456	0.9995150899006424	Oxct1
ENSMUSG00000039942.16	6.861962790977483	1.1647564713638392	1.050295440077573	1.1089798421649937	0.2674388780644225	0.9995150899006424	Ptger4
ENSMUSG00000005360.15	4.18260018885213	-0.2654232421289707	1.4634354039832864	-0.1813699746545164	0.8560771847664288	0.9995150899006424	Slc1a3
ENSMUSG00000097221.2	63.418546346794464	-0.2925815995824735	0.4261653765377936	-0.6865447445764673	0.4923696586676716	0.9995150899006424	1810049J17Rik
ENSMUSG00000045763.9	48.40509785278589	1.1054203537679277	0.460549573291844	2.400220123681317	0.0163852153201879	0.9995150899006424	Basp1
ENSMUSG00000022272.18	1.1395734738859964	-0.3577961202254016	2.720208835185975	-0.1315325924970535	0.8953540054533033	0.9995150899006424	Myo10
ENSMUSG00000022263.11	1.4632194276688475	0.2283751339415798	2.2534128287913955	0.1013463361101336	0.9192755346206812	0.9995150899006424	Trio
ENSMUSG00000022240.11	1.5073148566727508	1.3821165668262652	2.476004308204085	0.5582044272890432	0.5767047980216311	0.9995150899006424	Ctnnd2
ENSMUSG00000115779.2	4.525219523187303	-0.4633422957185235	1.256558794668441	-0.368739049604744	0.7123222392546118	0.9995150899006424	ENSMUSG00000115779.2
ENSMUSG00000094447.3	4.764771323610888	-1.003255704101893	1.249198208840451	-0.8031197107087991	0.4219055460996085	0.9995150899006424	9430069I07Rik
ENSMUSG00000115685.2	70.40426554048956	-0.1585976803873314	0.4100584528648617	-0.386768469907871	0.6989276214571882	0.9995150899006424	ENSMUSG00000115685.2
ENSMUSG00000115829.2	4.071448544272808	-0.6231248834840145	1.4128571187990302	-0.4410388532519756	0.6591848693913678	0.9995150899006424	ENSMUSG00000115829.2
ENSMUSG00000014313.16	3.646175641921236	-0.4603829558820559	1.488436434664956	-0.3093064273085247	0.7570884422508313	0.9995150899006424	Cox6c
ENSMUSG00000115811.2	2.6601634849281672	-1.0215286992919037	1.6744035559279753	-0.6100851229533848	0.5418054210864617	0.9995150899006424	ENSMUSG00000115811.2
ENSMUSG00000022285.18	1.43969868636398	-0.1586057970568799	2.3563914324390383	-0.0673087649502745	0.9463358992937416	0.9995150899006424	Ywhaz
ENSMUSG00000101671.2	13.740743855245029	0.0989858622230633	0.9281641802457016	0.1066469320081497	0.9150690845128132	0.9995150899006424	Gm28221
ENSMUSG00000115249.2	8.501471988131517	0.3309037037466295	0.8984375153575979	0.3683102030917782	0.7126419454762998	0.9995150899006424	ENSMUSG00000115249.2
ENSMUSG00000115546.2	102.54736533171884	-0.1501338179292641	0.3723170032580635	-0.4032419057294629	0.6867702743339126	0.9995150899006424	ENSMUSG00000115546.2
ENSMUSG00000022296.11	1.9979435942550985	-1.4355311689687718	2.1534269089040574	-0.6666263726124588	0.505010819150117	0.9995150899006424	Baalc
ENSMUSG00000114994.2	119.46267999076728	-0.5941799195911298	0.3651734420750586	-1.627117011069498	0.1037122487907401	0.9995150899006424	ENSMUSG00000114994.2
ENSMUSG00000097805.3	2.1561746375632107	-0.959659429351122	1.8177209590585828	-0.5279465060732643	0.5975364649661099	0.9995150899006424	Gm17473
ENSMUSG00000038736.11	13.344686574931648	-0.8456890927296982	0.7594840567572344	-1.1135047341751096	0.2654917162201041	0.9995150899006424	Nudcd1
ENSMUSG00000022340.16	2.2453425730991445	1.0088883244655962	1.7999924064011523	0.5604958781369169	0.5751412503694658	0.9995150899006424	Sybu
ENSMUSG00000121790.1	14.344377451763542	1.1735381415399748	1.0067496541097307	1.1656702704087196	0.2437477846112169	0.9995150899006424	ENSMUSG00000121790.1
ENSMUSG00000115284.2	1.5252333101657392	-2.358971011609145	2.396390466924017	-0.984385075875008	0.3249262131844826	0.9995150899006424	ENSMUSG00000115284.2
ENSMUSG00000097286.4	5.922749557047844	0.2805467294326882	1.283915610448099	0.2185086988192118	0.8270327813901958	0.9995150899006424	Gm26684
ENSMUSG00000053749.13	3.1208210779113124	2.17055412326683	1.566069539850428	1.3859883408971323	0.1657504636517972	0.9995150899006424	Gm9920
ENSMUSG00000086801.2	2.8935632682379384	-0.671154004075847	1.5181515428802548	-0.4420863037180899	0.6584267550517013	0.9995150899006424	ENSMUSG00000086801.2
ENSMUSG00000050891.11	7.229544485555661	0.2590401753930204	0.976525231047508	0.2652672631050718	0.7908035816431945	0.9995150899006424	Tatdn1
ENSMUSG00000032501.10	1.4559923104447945	1.14339303089622	2.154462340208691	0.5307092213018054	0.5956202949713487	0.9995150899006424	Trib1
ENSMUSG00000097493.4	12.065859903566414	-1.0968470635455163	0.8214490217470187	-1.3352588347026022	0.1817916466697615	0.9995150899006424	ENSMUSG00000097493.4
ENSMUSG00000091479.2	12.96674129152276	1.2551164993765096	0.7914167388354455	1.5859109844244506	0.1127595037015381	0.9995150899006424	Gm17035
ENSMUSG00000091412.2	2.501021412528216	2.124225219687061	1.771877356768233	1.1988556722466857	0.2305840706107962	0.9995150899006424	ENSMUSG00000091412.2
ENSMUSG00000068391.9	6.532855003885207	-0.2424829916347264	1.021013250131033	-0.2374925022800703	0.8122747351586945	0.9995150899006424	Chrac1
ENSMUSG00000086361.2	1.497382903020135	0.0382902621631208	2.107105559535801	0.0181719714941838	0.9855016624513272	0.9995150899006424	Gm6569
ENSMUSG00000034730.19	3.524573991678811	-1.0996747868728889	1.6502347744698396	-0.6663747509660705	0.5051715970168398	0.9995150899006424	Adgrb1
ENSMUSG00000085523.2	1.6201564279719916	-0.5632343863051927	2.015637430898566	-0.2794323908016057	0.7799130163921277	0.9995150899006424	Gm15945
ENSMUSG00000098678.2	3.4258690504897693	-2.964190440349976	1.7320992469194014	-1.7113282888505907	0.0870205269900007	0.9995150899006424	Mroh6
ENSMUSG00000115332.2	8.712703916208422	0.3328996108444892	0.91037589808945	0.365672697995548	0.7146093210631412	0.9995150899006424	ENSMUSG00000115332.2
ENSMUSG00000022565.16	6.6167618606793575	-2.607141019094366	1.3532792074872575	-1.9265359318830109	0.0540374897224905	0.9995150899006424	Plec
ENSMUSG00000071724.6	7.50867476812603	0.2887918540612793	1.0057267925650886	0.2871474203493383	0.7739994441049077	0.9995150899006424	Smpd5
ENSMUSG00000022562.16	9.572490884061112	0.1268792472870572	0.8722655648437045	0.1454594247450223	0.8843481493345675	0.9995150899006424	Oplah
ENSMUSG00000048385.11	3.0889342543985947	-1.2219300895899807	1.6523195204479837	-0.7395240899040435	0.4595888172198636	0.9995150899006424	Scrt1
ENSMUSG00000004187.12	5.085871308358685	-1.0427369704514375	1.1873092217766754	-0.878235384115941	0.3798159933979678	0.9995150899006424	Kifc2
ENSMUSG00000120401.1	4.820734969850948	-1.7580859434249565	1.5018169748096932	-1.170639280893557	0.2417438011001723	0.9995150899006424	ENSMUSG00000120401.1
ENSMUSG00000033728.15	10.574761129945772	-0.5985932984312647	0.8729597155841995	-0.6857055231130292	0.4928988232033376	0.9995150899006424	Lrrc14
ENSMUSG00000033707.10	2.44556964652466	-0.2883101588734527	1.7206020944366127	-0.1675635289563307	0.8669266651255649	0.9995150899006424	Lrrc24
ENSMUSG00000097057.2	64.67348616479407	0.1136883607716172	0.4426003654371748	0.2568645885760228	0.797283307793139	0.9995150899006424	Gm17638
ENSMUSG00000092375.2	11.002724983555533	1.1856765526833195	0.873812605267354	1.3569002616076329	0.1748129037272181	0.9995150899006424	ENSMUSG00000092375.2
ENSMUSG00000071711.13	1.4931335012802578	-0.7058100994511245	2.275112091724641	-0.3102309121464374	0.7563853648748434	0.9995150899006424	Mpst
ENSMUSG00000116260.2	21.866112928803204	-0.3454654285686346	0.7092513958489017	-0.4870845945324473	0.6261983832072746	0.9995150899006424	ENSMUSG00000116260.2
ENSMUSG00000116505.2	7.661283795830297	-0.5099317393151737	0.9753285391454206	-0.5228307373861674	0.6010920475425043	0.9995150899006424	ENSMUSG00000116505.2
ENSMUSG00000116262.2	30.506250679230817	-0.195567971338329	0.537947135681981	-0.3635449626298284	0.7161978317300023	0.9995150899006424	ENSMUSG00000116262.2
ENSMUSG00000033039.11	3.68488365546564	-2.768839441339878	1.617043960570652	-1.7122845815291003	0.0868442366842966	0.9995150899006424	Micall1
ENSMUSG00000033029.13	58.51703409312217	0.4980798281287639	0.4283117834530627	1.1628907897728824	0.2448738147257255	0.9995150899006424	1700088E04Rik
ENSMUSG00000033020.8	1.3834011188898074	1.3367902963291762	2.302041465971055	0.5806977485374212	0.5614441794082583	0.9995150899006424	Polr2f
ENSMUSG00000032988.5	1.423865123003522	-0.6138523551661269	2.5296842172165315	-0.2426596770412563	0.8082690469390376	0.9995150899006424	Slc16a8
ENSMUSG00000121075.1	18.8387730304763	2.0065539706697164	0.726632376408828	2.7614431118339837	0.005754654096302	0.9995150899006424	ENSMUSG00000121075.1
ENSMUSG00000085802.3	15.48697175721952	0.7235144741935875	0.7038294407904309	1.0279684711413173	0.3039646589358319	0.9995150899006424	Gm16059
ENSMUSG00000089796.2	12.41845898742339	0.1677834676606973	0.7716906158591015	0.2174232318140977	0.8278785278420672	0.9995150899006424	ENSMUSG00000089796.2
ENSMUSG00000022394.15	2.821711071860717	-0.334383448750798	1.52430389430572	-0.2193679685526886	0.8263634197365415	0.9995150899006424	L3mbtl2
ENSMUSG00000063765.13	9.91481286944038	-1.6325995871853392	0.9154509607560694	-1.783382897798237	0.074523995258711	0.9995150899006424	Chadl
ENSMUSG00000022391.17	13.905095043301566	-0.198369782235332	0.7355676685117969	-0.2696825740542327	0.7874044678829917	0.9995150899006424	Rangap1
ENSMUSG00000022390.12	1.5656076456978738	1.491679959024448	2.433705227362028	0.6129254859025506	0.5399256107042282	0.9995150899006424	Zc3h7b
ENSMUSG00000116075.2	28.879430326711653	-0.4007085127199717	0.5509096647107852	-0.7273579288726664	0.467006719847797	0.9995150899006424	ENSMUSG00000116075.2
ENSMUSG00000022477.14	7.057603718733948	-0.6666362266931734	1.0985686510951065	-0.6068225468009104	0.5439686834755888	0.9995150899006424	Aco2
ENSMUSG00000022476.9	176.64241770491978	-0.2315058335061371	0.3270632134443512	-0.7078320764604336	0.4790495442845947	0.9995150899006424	Polr3h
ENSMUSG00000022471.15	42.48615232679583	-0.4682647584003137	0.5352526354152852	-0.8748481136146153	0.3816565540972509	0.9995150899006424	Xrcc6
ENSMUSG00000068099.6	3.8121844830195113	-1.1342577091966854	1.347551984917899	-0.8417172189952964	0.3999462576444934	0.9995150899006424	1500009C09Rik
ENSMUSG00000058586.13	13.703312963675131	-0.6176817929360415	0.7875022723179075	-0.78435556905503	0.4328315015075563	0.9995150899006424	Serhl
ENSMUSG00000090964.2	3.626712738017308	-0.090396174309148	1.3406529567022023	-0.0674269756816921	0.946241794562614	0.9995150899006424	Gm17206
ENSMUSG00000018040.10	8.867917128801837	0.82968245954804	0.9037947678747488	0.9179987415716268	0.3586195246900049	0.9995150899006424	Rrp7a
ENSMUSG00000018042.19	7.5476859767416435	-0.147529678453769	0.9454817044901164	-0.1560365237668237	0.8760042320018264	0.9995150899006424	Cyb5r3
ENSMUSG00000116338.2	2.244303320309974	0.998627729354561	1.6640888698967289	0.6001048065519088	0.5484363894531146	0.9995150899006424	ENSMUSG00000116338.2
ENSMUSG00000121132.1	5.628512033995695	-0.0695937397964017	1.1053239071479677	-0.0629623039421741	0.949796521832009	0.9995150899006424	ENSMUSG00000121132.1
ENSMUSG00000016028.12	9.100624004963803	0.4288091060714125	0.9008193101203966	0.476021218965767	0.6340592610383218	0.9995150899006424	Celsr1
ENSMUSG00000086424.2	2.6294491597084755	0.8603579058845275	1.8591291150950675	0.4627746932146414	0.6435258726140733	0.9995150899006424	Gm15569
ENSMUSG00000035805.14	1.714455414039488	-3.6220292414129154	2.711616506528506	-1.335745387554801	0.1816325087503348	0.9995150899006424	Mlc1
ENSMUSG00000035757.18	7.327013572396969	0.3383224479465666	1.083932050101862	0.3121251446663773	0.7549454177652357	0.9995150899006424	Selo
ENSMUSG00000051786.16	13.609291979027589	-0.2200323247764493	0.7615502456433569	-0.2889268646884438	0.7726373449920597	0.9995150899006424	Tubgcp6
ENSMUSG00000036561.10	1.69428591518448	-0.0859293076663092	1.8474165700755103	-0.0465132277463534	0.9629011912808004	0.9995150899006424	Ppp6r2
ENSMUSG00000008690.16	14.236143313195557	1.1103769034173916	0.7277647825301786	1.5257359658941	0.1270756336120611	0.9995150899006424	Ncaph2
ENSMUSG00000091780.4	2.3025393504791527	-1.560920511269754	1.9885564290632924	-0.7849515801797106	0.4324819582380448	0.9995150899006424	Sco2
ENSMUSG00000121083.1	1.8702307804777192	0.8113009770608671	1.8866610549864309	0.430019464766395	0.6671814820496393	0.9995150899006424	ENSMUSG00000121083.1
ENSMUSG00000079242.3	4.669461414438557	0.4342742879973401	1.1673729466844611	0.3720098955785751	0.7098854816700417	0.9995150899006424	C730034F03Rik
ENSMUSG00000022620.15	1.9309221753849315	-0.4772548236622447	2.2905890533076323	-0.2083546251882607	0.8349520826547275	0.9995150899006424	Arsa
ENSMUSG00000086602.2	16.681831633754715	-0.5785584644986721	0.7768552766069854	-0.7447442038697349	0.4564263710723067	0.9995150899006424	ENSMUSG00000086602.2
ENSMUSG00000059883.17	26.575972247549924	-0.225949017276281	0.5601803909144178	-0.4033504580684271	0.6866904269441223	0.9995150899006424	Irak4
ENSMUSG00000045608.8	11.125907571478024	-0.4247923377339663	0.8061739497225889	-0.5269239199308547	0.5982464222432426	0.9995150899006424	Dbx2
ENSMUSG00000097643.2	7.764205426265053	0.2098714647699368	0.95592420974042	0.2195482263462363	0.826223016894975	0.9995150899006424	A130051J06Rik
ENSMUSG00000115049.2	11.17347693251003	-0.2701042179322733	0.8905190462568531	-0.3033109949389752	0.7616528678749911	0.9995150899006424	ENSMUSG00000115049.2
ENSMUSG00000121185.1	14.51895580644136	0.8571458293020857	0.7216872220682156	1.1876971118397692	0.2349527620634753	0.9995150899006424	ENSMUSG00000121185.1
ENSMUSG00000120070.1	18.62566195073095	0.6119965263219277	0.6597187394509954	0.9276627897992088	0.3535825160075496	0.9995150899006424	ENSMUSG00000120070.1
ENSMUSG00000022469.18	3.543936886804998	-0.3054594954851886	1.80400749967274	-0.1693227414745233	0.8655427891318845	0.9995150899006424	Rapgef3
ENSMUSG00000086601.2	9.990424647351498	-1.266411414594497	0.9216574216053056	-1.3740587173797316	0.1694234542903013	0.9995150899006424	Rapgef3os1
ENSMUSG00000087397.2	3.689930994937588	1.2333494674592729	1.4501473302044052	0.8504994229003107	0.3950474811479426	0.9995150899006424	Rapgef3os2
ENSMUSG00000033065.15	1.5109675052296627	-0.2858977664470487	2.289594664609288	-0.1248682882023732	0.9006278241844832	0.9995150899006424	Pfkm
ENSMUSG00000091050.3	6.323309456082193	1.2928814672088569	1.0474824148628368	1.2342751046356746	0.2171004094068619	0.9995150899006424	9330020H09Rik
ENSMUSG00000100220.2	7.140031337325278	-1.0551888376432883	1.1180234194933925	-0.9437985101612846	0.345272622087458	0.9995150899006424	Gm29331
ENSMUSG00000051853.11	1.893935880752269	-1.514899108691636	2.119341945791372	-0.714796926328925	0.474734534721706	0.9995150899006424	Arf3
ENSMUSG00000022997.10	2.9122004289574104	0.8249153881874178	1.5640617533975991	0.5274186817722898	0.5979028730311161	0.9995150899006424	Wnt1
ENSMUSG00000059213.8	2.064156077157888	2.595519907182099	1.9017317296784284	1.3648191628064104	0.1723098943624185	0.9995150899006424	Ddn
ENSMUSG00000097414.3	103.72539740489285	-0.1078473208826049	0.3610069947620932	-0.2987402528133209	0.7651382414203681	0.9995150899006424	B130046B21Rik
ENSMUSG00000048154.18	3.253285553590533	0.5572464851302273	1.42391977737953	0.3913468258413686	0.6955408911436284	0.9995150899006424	Kmt2d
ENSMUSG00000115980.2	1.512045740166809	-2.524374813876713	2.419981464827931	-1.043138077942347	0.2968843473042062	0.9995150899006424	ENSMUSG00000115980.2
ENSMUSG00000116223.2	53.14548624541766	0.4242592350077634	0.4583344824318973	0.9256541920142412	0.3546257207971305	0.9995150899006424	ENSMUSG00000116223.2
ENSMUSG00000100599.4	12.677929449450176	-0.1526857256835977	0.7746913059843362	-0.1970923444010935	0.8437552742124463	0.9995150899006424	ENSMUSG00000100599.4
ENSMUSG00000089968.2	7.671839766321294	0.3854506977653936	0.9922241960799584	0.3884713750059891	0.6976672334492457	0.9995150899006424	Nckap5los
ENSMUSG00000023017.11	1.5981412698304636	0.448100902787007	2.16643902857865	0.206837532409576	0.8361367432871588	0.9995150899006424	Asic1
ENSMUSG00000116250.2	9.78684424363569	0.6303487255717616	0.8707377526823246	0.7239248828134075	0.46911185279073	0.9995150899006424	ENSMUSG00000116250.2
ENSMUSG00000089671.2	58.61833572597849	0.297917671934443	0.4341645488513549	0.6861860847980962	0.4925957715038642	0.9995150899006424	Gm16537
ENSMUSG00000100084.3	7.0599831533540405	0.8606993672430161	1.0527093781178622	0.8176039704157091	0.4135833596700459	0.9995150899006424	2310068J16Rik
ENSMUSG00000116366.2	8.101245138040117	0.2420735375613383	0.9726254746754582	0.2488866926317269	0.8034484292086723	0.9995150899006424	ENSMUSG00000116366.2
ENSMUSG00000087444.2	3.4624053278794933	-0.140048940902586	1.4554537755714652	-0.0962235580773409	0.9233430209864936	0.9995150899006424	Gm5475
ENSMUSG00000009739.19	1.82351391397302	-3.394193302024945	2.675672207144673	-1.2685385350872396	0.2046056984049991	0.9995150899006424	Pou6f1
ENSMUSG00000090062.3	22.776586004316204	0.5494671663870545	0.6885283285507773	0.7980313134589243	0.4248523188350616	0.9995150899006424	Galnt6os
ENSMUSG00000023044.3	8.103696547000547	-0.613121315612588	0.9802567944286696	-0.6254701003831736	0.5316625662362867	0.9995150899006424	Csad
ENSMUSG00000046897.18	5.181925234515305	-0.0854253499631296	1.209370683159971	-0.0706362004244399	0.9436872985853936	0.9995150899006424	Zfp740
ENSMUSG00000056851.16	6.173983850312254	0.464391417980408	1.0648799556909374	0.4360974356767679	0.6627660376111375	0.9995150899006424	Pcbp2
ENSMUSG00000023050.10	39.90697776972409	-0.2395694944028546	0.4934248490680407	-0.4855237729825384	0.6273048534726666	0.9995150899006424	Map3k12
ENSMUSG00000071586.5	6.597822046005543	0.3830274016752232	1.0029919269872718	0.38188483014588	0.7025467928700131	0.9995150899006424	Gm10337
ENSMUSG00000116308.2	3.190681941461562	4.3291932499045735	2.1081110267787704	2.053588826637682	0.0400155044856783	0.9995150899006424	ENSMUSG00000116308.2
ENSMUSG00000005983.16	31.78170447809714	-0.2265525600496822	0.52364636049673	-0.4326441987198667	0.6652732744365073	0.9995150899006424	1700037C18Rik
ENSMUSG00000103481.2	2.1634995800022736	-0.8688612969895546	1.8141177651028813	-0.4789442635441477	0.6319782804374868	0.9995150899006424	ENSMUSG00000103481.2
ENSMUSG00000085048.2	2.545506767725104	-0.926488143904498	1.6582429461855166	-0.5587167706853293	0.5763550319320379	0.9995150899006424	Gm15537
ENSMUSG00000005980.16	3.85451963799592	-1.815569307074796	1.437376858605127	-1.2631129381313946	0.2065485949416631	0.9995150899006424	Dnase1
ENSMUSG00000014303.14	5.709136749272084	0.5118238394831365	1.1165875173896154	0.4583821971068513	0.6466778796899464	0.9995150899006424	Glis2
ENSMUSG00000014301.14	2.53126834134482	0.6795562458213338	1.719370217721527	0.3952355570761643	0.6926690536178204	0.9995150899006424	Pam16
ENSMUSG00000004069.18	2.759966933592533	-0.8543842791706319	1.6786390161605425	-0.5089743958917489	0.6107701711955942	0.9995150899006424	Dnaja3
ENSMUSG00000004070.16	12.921797766214477	0.5675806196387654	0.7476714929571997	0.7591310154060621	0.4477741874033786	0.9995150899006424	Hmox2
ENSMUSG00000004071.14	19.249451626556496	0.2684382864032402	0.6325941971273545	0.4243451609613768	0.6713141081506165	0.9995150899006424	Cdip1
ENSMUSG00000097397.3	20.818048168063488	0.1371425576722438	0.6369792718580264	0.2153014450096752	0.8295323030906243	0.9995150899006424	Gm16861
ENSMUSG00000106967.2	9.484906596677911	0.1011993023277206	0.846270985700573	0.1195826207416815	0.9048137875593562	0.9995150899006424	Gm42477
ENSMUSG00000039427.15	2.281906656076883	-0.0024965652144841	1.681943500698978	-0.0014843335780581	0.99881567358988	0.9996229156794292	Alg1
ENSMUSG00000022544.15	6.514782720218339	0.3965192437618026	1.0193267492554927	0.3890011167188703	0.6972753203002416	0.9995150899006424	Eef2kmt
ENSMUSG00000008393.10	1.7365955785847138	0.928382147304698	2.003893551704305	0.4632891535157205	0.6431571193535305	0.9995150899006424	Carhsp1
ENSMUSG00000022503.11	17.88945346629946	0.8000939528719059	0.6593536247178273	1.2134519670143755	0.2249570681384528	0.9995150899006424	Nubp1
ENSMUSG00000050908.13	5.199379849834988	0.693929103542539	1.3657054630633252	0.5081103666276853	0.6113759455632883	0.9995150899006424	Tvp23a
ENSMUSG00000117309.2	8.870935386548759	-1.185522428280152	0.9374774042040688	-1.264587736156347	0.2060191515812293	0.9995150899006424	ENSMUSG00000117309.2
ENSMUSG00002076173.1	2.199317347532616	-2.481052096774897	2.2854525859272967	-1.0855845848879149	0.2776628228098637	0.9995150899006424	ENSMUSG00002076173.1
ENSMUSG00000097537.4	15.156947934641986	-0.4817135332104664	0.6989431079634609	-0.6892027802006014	0.4906956674954573	0.9995150899006424	2610020C07Rik
ENSMUSG00000062203.16	4.389630789686007	1.1880982814026682	1.4180132242999974	0.8378612138749081	0.4021086543779616	0.9995150899006424	Gspt1
ENSMUSG00000087526.3	6.638046934037992	0.1781382395456254	1.0781688925975776	0.1652229449102784	0.8687685060268979	0.9995150899006424	Gm15738
ENSMUSG00000022681.16	28.756430847097946	-0.1973136925724005	0.5556987354983368	-0.3550731357980408	0.7225348015926221	0.9995150899006424	Ntan1
ENSMUSG00000022680.15	5.701506527415091	-0.7686822856169261	1.1104371617531472	-0.6922339346094452	0.4887904311580356	0.9995150899006424	Pdxdc1
ENSMUSG00000065968.9	18.058387201441224	-0.0776081497915066	0.7011546036153093	-0.1106862158379076	0.9118651769769828	0.9995150899006424	Ifitm7
ENSMUSG00000060657.9	5.332612195122523	-0.1818166176617898	1.2147619282593656	-0.1496726341451243	0.8810228997231503	0.9995150899006424	Marf1
ENSMUSG00000085612.2	1.844064045811324	1.6794753322293567	1.981407932754495	0.8476171435806255	0.3966512236764198	0.9995150899006424	Gm15868
ENSMUSG00000071637.6	6.008284686854839	0.5711394811582249	1.0844132369050026	0.5266806616897266	0.5984153670236733	0.9995150899006424	ENSMUSG00000071637.6
ENSMUSG00000022789.16	2.0959971246368645	1.868470160941832	2.288144870574414	0.8165873520380608	0.414164285480388	0.9995150899006424	Dnm1l
ENSMUSG00000115923.2	28.657678356844546	-0.1332901239494348	0.560326000925559	-0.2378795981790301	0.8119744796597066	0.9995150899006424	ENSMUSG00000115923.2
ENSMUSG00000116823.2	4.069384992707376	-0.6639836101416619	1.2710516309312103	-0.5223891728577601	0.6013993929513667	0.9995150899006424	ENSMUSG00000116823.2
ENSMUSG00000022773.20	3.446285509791995	0.4012693367450047	1.4032471148188974	0.2859577137251355	0.7749105092715719	0.9995150899006424	Ypel1
ENSMUSG00000041774.17	39.80845894417087	0.1012736341095869	0.4857952498183451	0.2084697908171322	0.8348621678897434	0.9995150899006424	Ydjc
ENSMUSG00000055692.22	23.03953107356641	0.0216558719956058	0.6741130381752939	0.0321249861213551	0.9743723776475374	0.9995150899006424	Tmem191c
ENSMUSG00000041720.15	7.015541557713529	-1.040181758715707	1.064231305712504	-0.9774019549437176	0.3283701955556261	0.9995150899006424	Pi4ka
ENSMUSG00000022763.19	1.041974982418062	-3.043499591138452	3.0810907951108155	-0.9877993845452347	0.3232509090459212	0.9995150899006424	Aifm3
ENSMUSG00000022761.13	1.692043223687362	0.1775294535852694	2.40210108555159	0.0739059045654207	0.9410852575367712	0.9995150899006424	Lztr1
ENSMUSG00000022758.15	7.705516540744774	1.3384251265938985	1.0397619149757524	1.287241922709884	0.1980099792962378	0.9995150899006424	P2rx6
ENSMUSG00000022721.20	6.682410859423315	0.54180674497853	1.0075798275911008	0.5377308379365527	0.5907628861048677	0.9995150899006424	Trmt2a
ENSMUSG00000118669.2	3.891137345002696	-0.3900106672928822	1.3222304280010435	-0.2949642203307201	0.7680212123379704	0.9995150899006424	ENSMUSG00000118669.2
ENSMUSG00000000326.14	5.040882939102759	-0.4716240857410946	1.1800394623047614	-0.3996680626425451	0.6894010182407401	0.9995150899006424	Comt
ENSMUSG00000075704.18	19.183817187226875	0.2915549275960871	0.6302350641817573	0.4626129902413741	0.6436417957099747	0.9995150899006424	Txnrd2
ENSMUSG00000116808.2	1.83633704935514	0.1323409892061696	2.598180693943905	0.0509360220844697	0.9593765012804472	0.9995150899006424	ENSMUSG00000116808.2
ENSMUSG00000046613.20	5.826053180647532	-0.5684923527256225	1.2068024120177037	-0.4710732652374602	0.637588416031742	0.9995150899006424	Vwa5b2
ENSMUSG00000116764.2	1.5880809775801403	-1.7595187780560466	2.389997663584009	-0.7362010452418165	0.461608356251177	0.9995150899006424	ENSMUSG00000116764.2
ENSMUSG00000022843.18	3.032034087490521	0.6927579968720948	1.5070077010716718	0.459691079467913	0.6457379734120555	0.9995150899006424	Clcn2
ENSMUSG00000022847.16	1.6107171326335183	1.500455981612384	2.181348216679193	0.6878571564775774	0.4915427387087124	0.9995150899006424	Thpo
ENSMUSG00000089663.2	3.1555668801583217	1.0381834229355242	1.5440722505305642	0.6723671269778926	0.5013500050114916	0.9995150899006424	ENSMUSG00000089663.2
ENSMUSG00000045231.6	4.964793765528543	0.1638202894677014	1.165093344756983	0.140607008189435	0.8881804115116342	0.9995150899006424	BC106179
ENSMUSG00000119959.1	2.1709352999248943	-1.3898503523983476	2.038241292079579	-0.6818870551780009	0.4953103713346659	0.9995150899006424	ENSMUSG00000119959.1
ENSMUSG00000033306.16	2.664806784051735	-1.157310272482805	1.709667729476763	-0.6769211657501398	0.4984559741390066	0.9995150899006424	Lpp
ENSMUSG00000090257.2	2.8102194015167736	2.830379281911679	1.731074380016559	1.6350419800474458	0.1020402475824214	0.9995150899006424	Gm4524
ENSMUSG00000092545.9	14.752192127447692	-0.4672204861827251	0.8212554169710754	-0.5689100814773447	0.5694171633610856	0.9995150899006424	ENSMUSG00000092545.9
ENSMUSG00000022537.19	2.535944155595447	2.196807259400736	1.686861730207021	1.3023042849701332	0.1928123874433411	0.9995150899006424	Tmem44
ENSMUSG00000046546.4	2.041711371678702	3.3622293569819672	2.3122393319744665	1.454100927394438	0.1459183265099363	0.9995150899006424	Fam43a
ENSMUSG00000116946.3	3.634399915961717	0.4376055164467136	1.3172798815230329	0.3322039018319753	0.7397352976785622	0.9995150899006424	ENSMUSG00000116946.3
ENSMUSG00000022548.15	1.3950535280581426	0.877234015825622	2.312469684272814	0.3793494123584497	0.7044284110731172	0.9995150899006424	Apod
ENSMUSG00000046598.16	2.0189552320281496	-0.1826108061709532	1.989947447687525	-0.0917666475982375	0.9268834435761244	0.9995150899006424	Bdh1
ENSMUSG00000086645.3	27.99165105186088	0.0102813727082827	0.5398625170081034	0.0190444277651682	0.9848056635952898	0.9995150899006424	Gm15743
ENSMUSG00000022774.14	4.958451234555978	-0.1615816184026013	1.1555416000951484	-0.1398319354225729	0.8887927803575366	0.9995150899006424	Ncbp2
ENSMUSG00000035699.9	2.6124060028866327	0.3298868611597741	1.7246703898240334	0.1912753086654617	0.8483099047662381	0.9995150899006424	Slc51a
ENSMUSG00000075265.5	19.511244313476432	-1.436747205465438	0.6987961085249946	-2.056032064199808	0.0397794256558364	0.9995150899006424	Tnk2os
ENSMUSG00000022800.15	3.742699345546408	-0.6084247205644577	1.457005677205283	-0.4175856896669692	0.676250061386234	0.9995150899006424	Fyttd1
ENSMUSG00000078489.3	5.843160629375155	-0.826296911682942	1.1611320803983154	-0.7116304214069158	0.4766936637500116	0.9995150899006424	ENSMUSG00000078489.3
ENSMUSG00000035578.17	22.80717144378525	-0.1937385527726738	0.6348359902301609	-0.3051789056610253	0.7602298974065399	0.9995150899006424	Iqcg
ENSMUSG00000120962.1	3.516454984818553	0.1731782299981558	1.367151705090641	0.1266708217919929	0.8992009406084341	0.9995150899006424	ENSMUSG00000120962.1
ENSMUSG00000090214.10	1.7420402623991078	-1.8034035210473487	2.196052994862567	-0.8212021864983314	0.4115311113007627	0.9995150899006424	Gm15657
ENSMUSG00000086083.2	2.212385671282711	1.278717014510251	1.6737344154919682	0.7639903933829264	0.4448729674495274	0.9995150899006424	Gm15829
ENSMUSG00000116840.2	24.371691500589996	0.0110602371327021	0.6011958342730994	0.0183970621587472	0.9853220961048088	0.9995150899006424	ENSMUSG00000116840.2
ENSMUSG00000022906.16	2.063251960345904	-2.3951531956699763	2.107763159147084	-1.136348353597368	0.2558108014774494	0.9995150899006424	Parp9
ENSMUSG00000086324.10	24.86543017955921	-1.717313966957372	0.834144936469765	-2.0587716736917687	0.0395161164310273	0.9995150899006424	Gm15564
ENSMUSG00000034379.10	1.7233101833707745	0.1658109165936976	1.872270600058233	0.0885614059145833	0.9294304811363938	0.9995150899006424	Wdr5b
ENSMUSG00000075229.12	1.3593518719497288	-0.5757203541879817	2.3924627458411893	-0.2406392137928812	0.8098347548734337	0.9995150899006424	Ccdc58
ENSMUSG00000034158.10	2.3828179173456507	-2.34891476619892	1.8705174677378469	-1.2557566591664255	0.2092042097457317	0.9995150899006424	Lrrc58
ENSMUSG00000022812.15	2.8591300486579434	0.7202810999250622	1.640712701001675	0.4390050125688194	0.6606579042840046	0.9995150899006424	Gsk3b
ENSMUSG00000022708.17	1.7564850923664954	-2.835315907963888	2.305475685223299	-1.229818178580908	0.2187651992839283	0.9995150899006424	Zbtb20
ENSMUSG00000036208.14	2.122787055326574	0.1650485233355528	1.692182255021975	0.0975359024394269	0.922300824114243	0.9995150899006424	Nepro
ENSMUSG00000022668.11	2.201296367087737	0.641241055937629	1.865277197576594	0.3437778882252688	0.7310133304820927	0.9995150899006424	Gtpbp8
ENSMUSG00000086237.2	3.9235528713820975	-0.7540567917529829	1.3195592961547278	-0.5714459319489076	0.5676974011027507	0.9995150899006424	Gm15591
ENSMUSG00000087066.2	9.994553554995251	0.6353043927594719	0.8472291939411114	0.7498613094340918	0.4533382389396829	0.9995150899006424	Gm15518
ENSMUSG00000120198.1	2.73963983074004	-1.835948892305508	1.9213163857829385	-0.9555682270191834	0.3392904202792629	0.9995150899006424	ENSMUSG00000120198.1
ENSMUSG00000102101.2	6.990607329787757	0.6145773864481351	1.1270206250376171	0.5453115699880132	0.5855392479713362	0.9995150899006424	Zbtb11os1
ENSMUSG00000022601.12	5.111334483549264	-0.3101087841478749	1.1776580689299525	-0.2633266754836971	0.7922988009389991	0.9995150899006424	Zbtb11
ENSMUSG00000071533.12	5.621998519724873	0.6722433368921388	1.0958356242511422	0.6134527131763284	0.5395770404084719	0.9995150899006424	Pcnp
ENSMUSG00000097876.2	4.280194396997511	1.348797721292297	1.2248523893840129	1.101192056269423	0.270813078284278	0.9995150899006424	Gm16892
ENSMUSG00000022747.18	4.779037128546964	-1.131011931109208	1.2489557297239406	-0.9055660694708516	0.3651655748448026	0.9995150899006424	St3gal6
ENSMUSG00000022723.17	1.9604118382299525	-0.1895865784374106	1.8408400720197056	-0.1029891631104069	0.91797157180172	0.9995150899006424	Crybg3
ENSMUSG00000089685.8	6.057119668163163	-0.4973680940603948	1.1344444487372596	-0.438424371166002	0.6610786828420995	0.9995150899006424	Gm9017
ENSMUSG00000047141.6	7.8721031141001	-2.238186602725977	1.1402177321211653	-1.9629466720906383	0.0496523708550886	0.9995150899006424	Zfp654
ENSMUSG00000092599.2	27.41217774686471	-0.1781740785436736	0.5503830685178931	-0.3237273977622026	0.7461444264893035	0.9995150899006424	ENSMUSG00000092599.2
ENSMUSG00000022863.16	2.8151355796959554	0.5639774721699171	1.6882855173459226	0.334053373304132	0.7383392836078281	0.9995150899006424	Btg3
ENSMUSG00000022890.14	6.719952217296282	-0.2452561833130007	1.017351123469195	-0.2410732908778539	0.8094983131645854	0.9995150899006424	Atp5j
ENSMUSG00000008976.17	30.335704642200756	-0.2487027171320123	0.5361626874703527	-0.463856816119388	0.6427503338959173	0.9995150899006424	Gabpa
ENSMUSG00000022892.12	6.953514184644837	-1.1569372549179973	1.085677714929294	-1.0656359976895575	0.2865882199455549	0.9995150899006424	App
ENSMUSG00000115469.2	184.6650100952241	0.2538998149771631	0.3847516390086896	0.659905739794467	0.5093143206003794	0.9995150899006424	ENSMUSG00000115469.2
ENSMUSG00000022982.11	2.1345923589533498	-2.222811359996822	1.9083687112548864	-1.1647703857684646	0.2441119492357314	0.9995150899006424	Sod1
ENSMUSG00000022983.17	4.250946164109964	-1.0697856566327275	1.330871366105637	-0.8038234827781351	0.4214989257796533	0.9995150899006424	Scaf4
ENSMUSG00000116836.2	14.220031830746244	0.3895997667558158	0.7291766762451898	0.5343009169766844	0.5931333578992823	0.9995150899006424	ENSMUSG00000116836.2
ENSMUSG00000087354.3	4.505916406843593	0.376768795671132	1.317957332885481	0.285873287601997	0.7749751737272906	0.9995150899006424	ENSMUSG00000087354.3
ENSMUSG00000085398.2	1.5481738087859735	-0.6815325658830079	2.1299664561389138	-0.319973379824231	0.7489885103577638	0.9995150899006424	ENSMUSG00000085398.2
ENSMUSG00000046160.7	3.476390212026901	-1.60223696971741	1.5695074857355795	-1.0208533468487988	0.3073239252687353	0.9995150899006424	Olig1
ENSMUSG00000085865.3	12.013619122877364	-0.6142710998529299	0.91078520171418	-0.6744412389406594	0.5000308319853711	0.9995150899006424	Gm15966
ENSMUSG00000085337.2	6.780298937812298	0.1998774112498811	1.0368341963336718	0.1927766386917634	0.8471338999216032	0.9995150899006424	ENSMUSG00000085337.2
ENSMUSG00000022961.19	3.010566656906566	0.1033994357978832	1.5288062814121228	0.0676340992675511	0.9460769102475662	0.9995150899006424	Son
ENSMUSG00000022960.14	8.292117250770366	0.3403123804909193	0.962631329529272	0.3535230675042879	0.7236963384181107	0.9995150899006424	Donson
ENSMUSG00000085169.3	6.602917672618914	0.330223007072613	1.0662267281421751	0.3097118074014177	0.7567801229853736	0.9995150899006424	ENSMUSG00000085169.3
ENSMUSG00000022957.21	1.7345951379957676	1.2677263157145753	1.9761281018985628	0.6415203116116859	0.5211846885934273	0.9995150899006424	Itsn1
ENSMUSG00000087190.3	87.43135874098813	-0.3719161631458392	0.3833516069511	-0.97016982947793	0.3319618466954591	0.9995150899006424	ENSMUSG00000087190.3
ENSMUSG00000097768.4	2.5629437394639107	0.05954483730374	1.7333141917384385	0.0343531701220418	0.972595526238278	0.9995150899006424	2310043M15Rik
ENSMUSG00000022940.18	17.36577814626408	0.229591349700405	0.733026960791466	0.3132099663189878	0.7541211470779311	0.9995150899006424	Pigp
ENSMUSG00000040785.20	2.992788673329137	-3.011573287357402	1.8990844350473293	-1.5858027330324294	0.112784065538271	0.9995150899006424	Ttc3
ENSMUSG00000116641.3	11.300237524016742	-0.728738180493259	0.9407620736894656	-0.7746253817772494	0.4385610546510246	0.9995150899006424	ENSMUSG00000116641.3
ENSMUSG00000085884.2	3.965577215770734	0.7546135041128063	1.3599872671018538	0.5548680655818896	0.5789849063047453	0.9995150899006424	ENSMUSG00000085884.2
ENSMUSG00000117129.2	9.047817099239229	-0.2719791928159231	0.9084165599943116	-0.2993992016367757	0.7646354712471394	0.9995150899006424	ENSMUSG00000117129.2
ENSMUSG00000117179.2	2.489573519967367	-0.6205169127979185	1.7592455500401096	-0.3527176253387545	0.7243001444666901	0.9995150899006424	ENSMUSG00000117179.2
ENSMUSG00000117000.2	3.257744493744419	2.031651420030256	1.579199249127469	1.2865073366472113	0.1982660600057645	0.9995150899006424	ENSMUSG00000117000.2
ENSMUSG00000046201.10	2.7397637865279205	0.480703336794628	1.6763403201517726	0.2867576058488565	0.7742979258439845	0.9995150899006424	Scaf8
ENSMUSG00000023800.16	1.0699568629882796	-1.6022792805114123	2.854256827363059	-0.5613647886030277	0.5745488828244142	0.9995150899006424	Tiam2
ENSMUSG00000069729.15	1.310958438983434	-1.2055487483562386	2.638816395669652	-0.45685207592865	0.6477773722695647	0.9995150899006424	Arid1b
ENSMUSG00000034265.9	1.6462273391677396	0.922524538564456	2.634270400709521	0.3502011556277521	0.7261877395488208	0.9995150899006424	Zdhhc14
ENSMUSG00000015659.13	2.9490993688847027	0.7805925617890566	1.7150056668426568	0.455154508746397	0.6489980853837218	0.9995150899006424	Serac1
ENSMUSG00000051639.4	8.222564702113312	0.959708661897287	1.1105985934821905	0.8641363923289328	0.3875129693281987	0.9995150899006424	ENSMUSG00000051639.4
ENSMUSG00000092074.3	4.963411301789284	-0.1610689820189955	1.249009456820913	-0.1289573758944646	0.8973913762385834	0.9995150899006424	Dynlt1a
ENSMUSG00000052397.9	1.6521360548931954	1.30559945783159	2.420752207095431	0.5393362666384303	0.5896548488597038	0.9995150899006424	Ezr
ENSMUSG00000116618.2	6.681312648666734	0.4174859666126794	1.016672841844636	0.4106394401715296	0.6813369392010786	0.9995150899006424	ENSMUSG00000116618.2
ENSMUSG00000090069.4	9.434527346777015	0.2241019934719871	0.9700526942515034	0.2310204330135953	0.8172989281066693	0.9995150899006424	E430024P14Rik
ENSMUSG00000087478.3	67.71052935496641	-0.4025594116653066	0.4063153689567624	-0.990756054093894	0.3218047126726204	0.9995150899006424	ENSMUSG00000087478.3
ENSMUSG00000062078.16	10.12110419379085	-0.8258542455730208	0.909667633957162	-0.9078637237871784	0.3639502257013234	0.9995150899006424	Qk
ENSMUSG00000068039.14	26.48922092063982	0.3003274800709175	0.5549008054651577	0.5412273276827584	0.5883509037063144	0.9995150899006424	Tcp1
ENSMUSG00000062480.13	23.37399671413529	0.6302934902820184	0.6100218440243945	1.033231016981112	0.3014958008941082	0.9995150899006424	Acat3
ENSMUSG00000060475.14	5.499937238607932	-0.6480450723171857	1.1631405228269105	-0.5571511434767739	0.5774241669666877	0.9995150899006424	Wtap
ENSMUSG00000050088.10	18.92881201479653	0.433054370743283	0.6656323239656073	0.6505909571267434	0.5153105693038138	0.9995150899006424	1600012H06Rik
ENSMUSG00000116718.3	9.172847741975446	0.4715178538410287	0.8762905415116151	0.5380839247992485	0.5905191099113178	0.9995150899006424	ENSMUSG00000116718.3
ENSMUSG00000014767.18	7.824299540263632	0.92140356334888	0.9455311207170995	0.974482534905968	0.3298170067770614	0.9995150899006424	Tbp
ENSMUSG00000014771.14	1.8115590480818151	0.5306482419418752	2.115273933164264	0.2508650220768674	0.8019184681298202	0.9995150899006424	Pdcd2
ENSMUSG00000097379.3	3.8771546599667537	-0.1989757713311174	1.316930417993237	-0.1510905729053782	0.8799042688622281	0.9995150899006424	Gm26873
ENSMUSG00000117322.2	2.6263073732058984	0.6384894311715242	1.5597526753278406	0.4093529963250883	0.6822806286354042	0.9995150899006424	ENSMUSG00000117322.2
ENSMUSG00000041319.15	2.105750250625272	-3.055401869478082	2.1692925419973803	-1.4084784833422306	0.1589894338814064	0.9995150899006424	Thoc6
ENSMUSG00000023908.9	25.77666720043045	-0.6118877599693748	0.6254859448128334	-0.9782598075045036	0.3279458431420848	0.9995150899006424	Pkmyt1
ENSMUSG00000097006.9	62.534246273563326	0.3203261665977766	0.4225154787563586	0.758140666326904	0.4483667769212862	0.9995150899006424	9530082P21Rik
ENSMUSG00000024130.17	3.162299452224245	-0.4562519262756035	1.4758033929142835	-0.3091549514428465	0.7572036599236833	0.9995150899006424	Abca3
ENSMUSG00000073437.12	38.10296272821256	0.1765765515167224	0.5272256992347761	0.3349164347887602	0.7376881242001863	0.9995150899006424	ENSMUSG00000073437.12
ENSMUSG00000045744.12	22.21856955750036	-0.1886165898044776	0.6215401573555603	-0.3034664575929838	0.7615344059237484	0.9995150899006424	Bricd5
ENSMUSG00000033597.10	1.546456488097161	-1.0870273812821114	2.325398305045681	-0.4674585764182699	0.6401718221834579	0.9995150899006424	Caskin1
ENSMUSG00000052752.16	5.156182074251498	-1.6705930870481265	1.278104078088938	-1.3070868919736571	0.1911832025515074	0.9995150899006424	Traf7
ENSMUSG00000032855.7	3.4547404242176243	-0.3767329084933093	1.4038883334312904	-0.2683496254809126	0.7884302108629591	0.9995150899006424	Pkd1
ENSMUSG00000002496.11	5.706246388357648	0.3826818086827503	1.207007429935192	0.3170500853530766	0.7512055985045871	0.9995150899006424	Tsc2
ENSMUSG00000040888.12	3.9061473487414298	-0.4285561704538064	1.4785104938853877	-0.289856698499042	0.7719258697040974	0.9995150899006424	Gfer
ENSMUSG00000024160.18	5.667734667869304	0.1534407713000367	1.1137555029238282	0.1377688109259388	0.8904231345403189	0.9995150899006424	Spsb3
ENSMUSG00000073436.12	50.347096120392855	0.3053775358599307	0.4711090351466147	0.6482098900202448	0.5168492060689635	0.9995150899006424	Eme2
ENSMUSG00000024163.19	54.10701773872402	-0.4593999027716968	0.4554270287833688	-1.0087234040521071	0.3131073042668022	0.9995150899006424	Mapk8ip3
ENSMUSG00000015127.15	4.4452159195875085	-2.205715876256505	1.407879915151888	-1.5666931906039323	0.1171864232036634	0.9995150899006424	Unkl
ENSMUSG00000035521.14	1.5554009260100272	-0.9106796543350648	2.444043839749301	-0.3726118327028365	0.7094373648579618	0.9995150899006424	Gnptg
ENSMUSG00000047507.14	1.6710788071624438	0.8961112881002092	2.106479969662403	0.4254069827418417	0.6705400166044035	0.9995150899006424	Baiap3
ENSMUSG00000121610.1	1.832922383796948	-0.1250459489342329	2.161635627580041	-0.0578478386175667	0.9538698322451832	0.9995150899006424	ENSMUSG00000121610.1
ENSMUSG00000121903.1	7.333699135994966	-2.133142027915164	1.094945063052809	-1.9481726525783536	0.051394307895211	0.9995150899006424	ENSMUSG00000121903.1
ENSMUSG00000024175.4	3.453452848233572	-2.7735796766932346	1.7203010508577383	-1.6122641297639932	0.1069044754038747	0.9995150899006424	Tekt4
ENSMUSG00000019214.15	2.7075449287607065	1.4225981230284586	1.576560715975786	0.9023427443122388	0.3668748258535947	0.9995150899006424	Chtf18
ENSMUSG00000002280.12	17.936854574499687	-0.3332571751544366	0.7130773551961009	-0.4673506636075812	0.6402490144054231	0.9995150899006424	Narfl
ENSMUSG00000071202.6	4.687618786645707	1.667264537106106	1.3437274376444617	1.2407758377166145	0.2146885695327185	0.9995150899006424	Ccdc78
ENSMUSG00000025738.9	1.4159935860894308	1.8715836498279543	2.513494206206065	0.7446142685377313	0.4565049396579023	0.9995150899006424	Fbxl16
ENSMUSG00000025736.16	64.49500565499966	-0.0816649825242727	0.4337843721955976	-0.1882616981126493	0.8506715089316985	0.9995150899006424	Jmjd8
ENSMUSG00000039615.10	24.845088897896847	-0.466005997992172	0.5697922606246809	-0.8178524528944553	0.4134414428278927	0.9995150899006424	Stub1
ENSMUSG00000120308.1	2.557066373484953	3.170808628691132	1.9152931224186551	1.6555213359128012	0.0978187921559271	0.9995150899006424	ENSMUSG00000120308.1
ENSMUSG00000084862.2	28.13488973864048	-0.7278182478652238	0.54728782938254	-1.3298637550306234	0.1835631652827772	0.9995150899006424	ENSMUSG00000084862.2
ENSMUSG00000025728.17	2.435125697735165	1.992641042111264	1.8423111724536525	1.081598522500082	0.2794309613278961	0.9995150899006424	Pigq
ENSMUSG00000097405.3	26.65430378494068	0.1059056832486614	0.5542755794488985	0.191070447942088	0.8484704001950172	0.9995150899006424	D630044L22Rik
ENSMUSG00000097523.4	17.5256143673518	-0.1546207946848375	0.7244782968315553	-0.2134236392740245	0.8309965437556928	0.9995150899006424	1700022N22Rik
ENSMUSG00000037098.19	1.4229397825248151	-1.9366820402839569	2.612029895798365	-0.7414471187329238	0.4584223839904086	0.9995150899006424	Rab11fip3
ENSMUSG00000024190.8	4.9352703720071895	0.7832374805585978	1.158772136778705	0.6759201880155111	0.4990913194796467	0.9995150899006424	Dusp1
ENSMUSG00000024191.16	1.6372766316010603	-0.5450736083112839	2.440474711992723	-0.2233473699328826	0.823265162374978	0.9995150899006424	Bnip1
ENSMUSG00000024194.17	6.1918648817720365	-1.9245905103060763	1.1637910580261464	-1.653725122764122	0.0981833757218347	0.9995150899006424	Cuta
ENSMUSG00000118007.2	4.101675118084505	0.6154224896170899	1.23619183564729	0.4978373678506336	0.6185986754503797	0.9995150899006424	ENSMUSG00000118007.2
ENSMUSG00000048731.16	11.733852395296388	-0.3279708274659954	0.8179780361026013	-0.4009530977490171	0.6884546557990414	0.9995150899006424	Ggnbp1
ENSMUSG00000097090.2	2.5226313818257164	-0.3932383286330882	1.7045360638020408	-0.2307010904515292	0.8175470263193296	0.9995150899006424	Gm26724
ENSMUSG00000046711.17	1.1158378602287489	0.7520834976600896	3.0368305862573344	0.247654084183529	0.8044020607649925	0.9995150899006424	Hmga1
ENSMUSG00000116884.2	13.661104475775003	-1.1366766414576854	0.7792825490932053	-1.458619396495345	0.1446698919900948	0.9995150899006424	ENSMUSG00000116884.2
ENSMUSG00000024213.15	1.0981209034167152	-1.91555011653028	2.819528560548976	-0.6793866688682567	0.4968928944509874	0.9995150899006424	Nudt3
ENSMUSG00000116571.2	4.437107350938872	-0.3312745720303099	1.449567864820165	-0.2285333305670432	0.8192316475561282	0.9995150899006424	ENSMUSG00000116571.2
ENSMUSG00000024218.14	4.673895175148116	-0.644902705088456	1.2551481463969507	-0.5138060450790007	0.6073876010919164	0.9995150899006424	Taf11
ENSMUSG00000117216.2	2.143201939916661	-2.523878203111861	2.212113983290935	-1.1409349708811651	0.2538969852625903	0.9995150899006424	ENSMUSG00000117216.2
ENSMUSG00000038677.15	2.234036394807428	2.0666920349761626	2.1067326272269296	0.980993984840178	0.3265957078467119	0.9995150899006424	Scube3
ENSMUSG00000117171.2	8.887567526502353	0.1036858408377684	0.8846539429270941	0.1172049722569465	0.9066976267876572	0.9995150899006424	ENSMUSG00000117171.2
ENSMUSG00000024220.15	1.5227513878226115	1.402241145932046	2.2177810312289763	0.6322721342579969	0.5272090688920965	0.9995150899006424	Zfp523
ENSMUSG00000037805.16	1.9177639856861544	2.038663421413595	1.894905340972596	1.0758655735105016	0.2819873804835678	0.9995150899006424	Rpl10a
ENSMUSG00000117255.2	1.5952806014836576	-0.6358432003040939	2.057253095112926	-0.3090738819713338	0.7572653263257678	0.9995150899006424	ENSMUSG00000117255.2
ENSMUSG00000117007.2	4.178375884089852	0.5382132771690419	1.3190342247271287	0.4080358697897949	0.6832473407998796	0.9995150899006424	ENSMUSG00000117007.2
ENSMUSG00000117050.2	54.88803389512577	0.9300114636698948	0.4380890685298709	2.122882149949109	0.0337637285957234	0.9995150899006424	ENSMUSG00000117050.2
ENSMUSG00000097125.4	7.489081244046204	0.9088162947987724	0.9657186740234958	0.9410776857118754	0.3466650497860106	0.9995150899006424	Gm26885
ENSMUSG00000024014.9	1.4644879790976415	3.184885577287235	2.5707182621964333	1.238908838872936	0.215379259974576	0.9995150899006424	Pim1
ENSMUSG00000079580.10	2.818080894953448	-2.1489038270088603	1.6754653491255953	-1.2825713334688458	0.1996422987108589	0.9995150899006424	Tmem217
ENSMUSG00000089900.3	5.369831235353562	-1.0226942903585594	1.15423123169105	-0.8860393500704556	0.3755963231807969	0.9995150899006424	Tbc1d22bos
ENSMUSG00000098374.2	2.416981392696938	-2.290868016524796	1.9811762514164013	-1.156317119633847	0.2475514683547185	0.9995150899006424	Gm28043
ENSMUSG00000024019.19	13.385738978499056	0.1822003969766946	0.755802321816909	0.2410688505675591	0.8095017545539571	0.9995150899006424	Cmtr1
ENSMUSG00000024018.19	45.09552160327735	0.0527553604137835	0.4615539416314462	0.1142994472700421	0.9090004206433874	0.9995150899006424	Ccdc167
ENSMUSG00000121147.1	3.6539249951266872	-0.9559941730377368	1.467226700089304	-0.6515654145194804	0.5146815650507233	0.9995150899006424	ENSMUSG00000121147.1
ENSMUSG00000118053.2	7.977449710790569	-1.559129251243859	1.0846324999406296	-1.4374723708990855	0.1505838179707082	0.9995150899006424	ENSMUSG00000118053.2
ENSMUSG00000121758.1	30.7837904402452	-0.1112729273149613	0.5269991630862131	-0.211144409913907	0.832774587203251	0.9995150899006424	ENSMUSG00000121758.1
ENSMUSG00000118081.2	5.796247485363126	-0.6305163975305654	1.1655577510372803	-0.5409568054173562	0.5885373555024431	0.9995150899006424	ENSMUSG00000118081.2
ENSMUSG00000118049.2	3.2438462582520597	1.8608021352657051	1.5544239375329805	1.197100797494779	0.2312672691774607	0.9995150899006424	ENSMUSG00000118049.2
ENSMUSG00000097305.4	4.321609545433583	-0.8469147157565123	1.2404412587621263	-0.6827527783150924	0.4947630732762419	0.9995150899006424	Gm17276
ENSMUSG00000038146.9	2.3123196576562486	0.0147253396978839	1.7116395959143005	0.0086030609089866	0.99313583519769	0.9995150899006424	Notch3
ENSMUSG00000024002.19	1.202943377281796	0.2457125580143902	2.426308704870503	0.1012701135354927	0.9193360401432412	0.9995150899006424	Brd4
ENSMUSG00000097030.2	3.457020849879798	-0.64369517500982	1.545713403242689	-0.4164388907150823	0.6770888752249014	0.9995150899006424	Gm26693
ENSMUSG00000117601.2	2.04766900175852	-1.872879694526009	1.993196419575024	-0.9396362928071744	0.3474041534770072	0.9995150899006424	ENSMUSG00000117601.2
ENSMUSG00000091515.6	3.627766417093722	1.6239671317752624	1.3495240349853912	1.2033628817828668	0.2288359251168581	0.9995150899006424	ENSMUSG00000091515.6
ENSMUSG00000077450.14	6.043656511313935	-2.703105278240061	1.271821817017694	-2.1253804912535594	0.0335548767894508	0.9995150899006424	Rab11b
ENSMUSG00000090952.4	33.19257559732066	-0.2023068614026041	0.5262355415572731	-0.3844416528840365	0.7006511334632903	0.9995150899006424	ENSMUSG00000090952.4
ENSMUSG00000024308.16	4.689415105225743	-1.3214943472389662	1.3414936382945906	-0.9850917734645024	0.324578993873311	0.9995150899006424	Tapbp
ENSMUSG00000101438.4	29.302288766141235	0.5718280959576372	0.5553965491040326	1.0295852519791706	0.3032047413008409	0.9995150899006424	Gm19412
ENSMUSG00000117603.2	12.825875529076292	0.7806521221126942	0.7488889643091595	1.0424137079290998	0.2972199138207436	0.9995150899006424	ENSMUSG00000117603.2
ENSMUSG00000008668.16	3.639903442843144	0.0602879134878507	1.3121139977927063	0.0459471612903068	0.9633523645720068	0.9995150899006424	Rps18
ENSMUSG00000039656.18	2.434535411573116	-2.413810439072753	1.8389692322579068	-1.3125888115643185	0.189321541739689	0.9995150899006424	Rxrb
ENSMUSG00000024335.21	3.730149613316225	0.2867299093101191	1.356774753343709	0.21133199051905	0.8326282217637806	0.9995150899006424	Brd2
ENSMUSG00000037649.11	30.32625496912569	0.0134254541413311	0.5466646856584799	0.0245588465718424	0.9804068450682638	0.9995150899006424	H2-DMa
ENSMUSG00000117829.2	2.874451731781898	-0.0514959425698632	1.659490478267696	-0.0310311768848584	0.9752446760807024	0.9995150899006424	ENSMUSG00000117829.2
ENSMUSG00000092550.3	8.18753778171053	1.2334141725344006	0.9404512058287824	1.3115132022691611	0.1896844363004872	0.9995150899006424	Gm20496
ENSMUSG00000081512.2	10.686573822427455	0.2137496518167703	0.8958899567040952	0.2385891818713288	0.8114241545212106	0.9995150899006424	Gm15821
ENSMUSG00000092395.2	29.160733292935895	-0.2330354690942453	0.5585209041639525	-0.4172367898083871	0.6765052179964894	0.9995150899006424	Gm20463
ENSMUSG00000015467.15	3.9402109300797217	-1.290926295299285	1.4080353572637423	-0.9168280388980876	0.3592327573439071	0.9995150899006424	Egfl8
ENSMUSG00000015474.17	1.6392456076787645	-0.4176313704685332	2.075642631406653	-0.2012058165260878	0.8405376435702472	0.9995150899006424	Ppt2
ENSMUSG00000120681.1	1.130220712302196	-3.1217695995317563	3.0183825399625226	-1.0342524707191414	0.3010181501623036	0.9995150899006424	ENSMUSG00000120681.1
ENSMUSG00000073418.5	1.7455106361974273	-0.9622061336594512	2.347128722375668	-0.4099503041680413	0.6818424029557477	0.9995150899006424	C4b
ENSMUSG00000024371.15	1.8529433710033427	-0.2055606485021328	1.7861016974354031	-0.115088994538939	0.9083745830240564	0.9995150899006424	C2
ENSMUSG00000013787.16	2.112666557261553	1.0588561273371562	1.962385725471731	0.539575942483286	0.589489511239686	0.9995150899006424	Ehmt2
ENSMUSG00000092609.2	35.757452040031986	4.643949283913888	0.7408168264960863	6.2686876402076726	3.641036815618178e-10	1.342814377599984e-06	Gm20481
ENSMUSG00000007033.5	4.784454006773344	-0.4398004050562592	1.40225817615388	-0.3136372549187381	0.7537965608834826	0.9995150899006424	Hspa1l
ENSMUSG00000092241.2	3.9173386790072406	-0.8300199921181973	1.4187838450169863	-0.5850221617855115	0.5585328153054192	0.9995150899006424	Gm20522
ENSMUSG00000024393.15	1.8800671080267903	0.398278313038347	2.374090777597968	0.1677603555839228	0.8667718120665975	0.9995150899006424	Prrc2a
ENSMUSG00000042419.9	2.0221750010533945	0.6513348504093349	2.001005878099985	0.325503716674634	0.7447998701545452	0.9995150899006424	Nfkbil1
ENSMUSG00000081650.2	3.1170108253569158	-0.485031287156597	1.4194367856201324	-0.3417068601224771	0.7325715089248355	0.9995150899006424	Gm16181
ENSMUSG00000024403.17	2.986027886479251	-2.1047148065526	1.785307384200711	-1.1789089235716617	0.2384344440168664	0.9995150899006424	Atp6v1g2
ENSMUSG00000079505.3	13.8638339848506	1.7798834050244157	0.7584814959107206	2.346640510837093	0.018943522035786	0.9995150899006424	Gm11131
ENSMUSG00000092389.3	2.3575419238198125	-0.8261864840749605	1.64037496038761	-0.5036570930586126	0.6145023647432251	0.9995150899006424	Gm20483
ENSMUSG00000086867.2	2.602291774475424	0.4980252943302863	1.5602446065251545	0.3191969337676137	0.7495771819494437	0.9995150899006424	Gm4577
ENSMUSG00000059791.15	1.8099364177811053	-0.8235289684817587	2.1646961128884428	-0.3804362947660539	0.7036215770176479	0.9995150899006424	Nrm
ENSMUSG00000084998.2	19.651954931119366	-0.045669220997577	0.6547515871034666	-0.0697504548245718	0.9443922823962668	0.9995150899006424	Gm16279
ENSMUSG00000038500.16	19.250812542577798	0.2041334042940229	0.6364960276646855	0.3207143413651642	0.748426878119887	0.9995150899006424	Prr3
ENSMUSG00000053835.18	4.86994203009695	0.2284578607482096	1.2979659031423134	0.1760122205021904	0.8602843417600547	0.9995150899006424	H2-T24
ENSMUSG00000056116.19	5.892133057178793	0.9933882110509388	1.0748555480130937	0.9242062460274314	0.3553789442621187	0.9995150899006424	H2-T22
ENSMUSG00000079491.11	8.435477382094534	0.3524867407955619	1.1105007513057197	0.3174124289255188	0.7509306775374738	0.9995150899006424	ENSMUSG00000079491.11
ENSMUSG00000024462.18	1.7840069122163575	-3.811676751111552	2.674540554815237	-1.4251706687524397	0.154107872747503	0.9995150899006424	Gabbr1
ENSMUSG00000119584.1	6328.854053941548	-0.616820460153101	0.391653455450149	-1.5749138723776994	0.1152763261417289	0.9995150899006424	ENSMUSG00000119584.1
ENSMUSG00000023919.10	5.0808931522855625	-0.4711766886542665	1.1560255073103016	-0.407583297837902	0.6835796284707024	0.9995150899006424	Cenpq
ENSMUSG00000090307.8	139.3823703375001	-0.264074621213927	0.3575117918386036	-0.738645905512235	0.4601220413810819	0.9995150899006424	1700071M16Rik
ENSMUSG00000097119.3	1.5562611537678863	-0.6259329598547442	2.4408378809746827	-0.2564418410307508	0.7976096832364337	0.9995150899006424	B230354K17Rik
ENSMUSG00000023935.11	5.261722122260518	1.4749877109407328	1.2586745994522128	1.1718578507762545	0.2412541317872402	0.9995150899006424	Spats1
ENSMUSG00000023949.8	21.56022544358602	-0.1973357763554381	0.6123753455262775	-0.3222464421487234	0.7472660036281533	0.9995150899006424	Tcte1
ENSMUSG00000023944.15	4.676603146403585	0.0585415555130655	1.2636450838391862	0.0463275299858766	0.9630491971054193	0.9995150899006424	Hsp90ab1
ENSMUSG00000067389.4	5.159731051342465	-0.2984759053366232	1.1622115935215034	-0.2568171811401749	0.7973199061782955	0.9995150899006424	Gm17080
ENSMUSG00000036026.16	3.5916383484745573	0.846276784395357	1.364249576603492	0.6203240220182384	0.5350444826654719	0.9995150899006424	Tmem63b
ENSMUSG00000086472.2	51.173480449083	-0.4214790944100564	0.4561185437960133	-0.924056037937698	0.3554571404627467	0.9995150899006424	Gm16172
ENSMUSG00000023951.19	2.4866936296982	0.7753320900327912	1.6856222111335215	0.4599678889562137	0.6455392693546189	0.9995150899006424	Vegfa
ENSMUSG00000114244.2	15.959942677504351	0.6319509806992619	0.8752373883092719	0.7220338037889639	0.4702736946892518	0.9995150899006424	ENSMUSG00000114244.2
ENSMUSG00000015605.7	2.872415443871882	1.81609236026302	1.647803210691521	1.1021293977821989	0.2704054204557545	0.9995150899006424	Srf
ENSMUSG00000002768.9	21.74668232353377	0.366821489027445	0.6073468154633824	0.6039736764694719	0.545861143413267	0.9995150899006424	Mea1
ENSMUSG00000059409.10	10.704457428690455	0.2044105633744959	0.8728541190577798	0.234186399435396	0.8148402731539621	0.9995150899006424	Ppp2r5d
ENSMUSG00000023988.9	13.545438821933994	0.0536846522847953	0.7388181850318657	0.0726628734544208	0.9420743931093026	0.9995150899006424	Bysl
ENSMUSG00000084880.2	50.401819949694975	-0.3337371966849433	0.4471272024277046	-0.7464032491713695	0.4554238570945417	0.9995150899006424	Tomm6os
ENSMUSG00000086930.2	4.078277693570821	-0.8443107461903329	1.344443560307771	-0.6280001415582316	0.5300038472543787	0.9995150899006424	Frs3os
ENSMUSG00002076674.1	3.6361172366505294	0.5626704106212627	1.3312801523422817	0.4226536462902183	0.6725479799869521	0.9995150899006424	ENSMUSG00002076674.1
ENSMUSG00000064120.15	6.728942743374737	-0.3163835754149321	1.1212422261699049	-0.2821723692084619	0.7778113439882999	0.9995150899006424	Mocs1
ENSMUSG00000040260.9	2.5767432140258197	-0.9175749021211848	1.631538251490111	-0.5623986451332958	0.5738444419668562	0.9995150899006424	Daam2
ENSMUSG00000017831.9	1.105624870887089	-0.4854774138696832	3.1684600429316405	-0.15322188296258	0.878223301321729	0.9995150899006424	Rab5a
ENSMUSG00000097077.2	2.4415526782513126	2.801422170004235	1.9631003326301573	1.4270397306952192	0.1535684429092841	0.9995150899006424	Gm16712
ENSMUSG00000002835.10	35.88224187931639	-0.1525323763470139	0.5022419582662692	-0.303702973908339	0.7613541921104383	0.9995150899006424	Chaf1a
ENSMUSG00000019578.12	2.810317226731783	2.872295196836535	1.765342220468776	1.6270472453062468	0.103727063994186	0.9995150899006424	Ubxn6
ENSMUSG00000121227.1	11.454660016302356	1.3956128506728207	0.8155234502220097	1.7113092827593044	0.0870240336435427	0.9995150899006424	ENSMUSG00000121227.1
ENSMUSG00000071054.13	3.3215978806387625	0.2012964629714152	1.4222786071777267	0.1415309644366052	0.8874505001517046	0.9995150899006424	Safb
ENSMUSG00000054723.7	43.17370079498554	-0.0133700625565772	0.4695866884617107	-0.0284719794770489	0.977285716103948	0.9995150899006424	Vmac
ENSMUSG00000091390.2	32.902220533506345	-0.3975453133674544	0.5177769789969291	-0.7677925622294076	0.4426104340166639	0.9995150899006424	Gm17168
ENSMUSG00000079414.6	2.16838493266691	1.7823899657909883	1.7081568408167476	1.043458026336005	0.2967362109816888	0.9995150899006424	Gm11110
ENSMUSG00000086594.3	3.240608845645937	-1.0914962224055742	1.5312100315562205	-0.7128324657697349	0.47594943323043	0.9995150899006424	Nudt12os
ENSMUSG00000023965.14	8.337797706223403	-0.699545277890559	0.9271400454847356	-0.7545195370401853	0.4505373185546228	0.9995150899006424	Fbxl17
ENSMUSG00000095407.3	3.123651430242523	0.0622293187240787	1.561712349598948	0.039846850631654	0.9682152244670248	0.9995150899006424	Tmem200c
ENSMUSG00000117004.2	2.6875810125421045	-0.1183570640202106	1.6260440998797925	-0.072788348132108	0.941974543204519	0.9995150899006424	ENSMUSG00000117004.2
ENSMUSG00000117069.2	4.220202376123392	0.0445741326051506	1.265726462034365	0.0352162445379454	0.9719073089974504	0.9995150899006424	ENSMUSG00000117069.2
ENSMUSG00000049672.16	1.594205501373418	1.0499173447577332	2.181987099729297	0.4811748634480876	0.6303922243922273	0.9995150899006424	Zbtb14
ENSMUSG00000003279.18	2.172099559117763	2.672792694527201	2.068077471845734	1.2924045307363488	0.1962170884957284	0.9995150899006424	Dlgap1
ENSMUSG00000117231.2	41.67831853330834	-0.3306699830700839	0.4931660111822541	-0.6705044053570871	0.5025362990912285	0.9995150899006424	ENSMUSG00000117231.2
ENSMUSG00000097546.2	14.385895380167526	0.8843795758898325	0.7225176139189488	1.2240249356592727	0.2209428209997694	0.9995150899006424	Gm26749
ENSMUSG00000056121.17	19.03930333790245	-1.515547405842776	0.7151912404737253	-2.11907993285672	0.0340837123052356	0.9995150899006424	Fez2
ENSMUSG00000117285.2	5.596499694580328	-0.528417731673463	1.1190318021206502	-0.4722097537103693	0.6367770784271176	0.9995150899006424	ENSMUSG00000117285.2
ENSMUSG00000117192.2	2.147783063779185	-1.7131062499770309	1.8357024871051748	-0.9332156283551846	0.3507086471313189	0.9995150899006424	ENSMUSG00000117192.2
ENSMUSG00000062691.12	4.169410337275008	0.1011586751240451	1.3984421206618307	0.0723366906856112	0.9423339662196925	0.9995150899006424	Cebpzos
ENSMUSG00000024081.10	13.3456605177685	-0.2354807874364295	0.7387258475661751	-0.31876614066267	0.7499038557005377	0.9995150899006424	Cebpz
ENSMUSG00000024087.5	1.9875986037631577	1.4618141881955016	1.991588183682207	0.7339942063186893	0.4629522691525114	0.9995150899006424	Cyp1b1
ENSMUSG00000024095.17	2.2633080504731637	3.044234694423996	1.8894864545786396	1.6111439629784847	0.1071483481685823	0.9995150899006424	Hnrnpll
ENSMUSG00000035051.16	3.3860269944164494	-0.5582542494964475	1.6333752998933109	-0.3417795343990519	0.7325168123039089	0.9995150899006424	Dhx57
ENSMUSG00000117440.2	1.4213361767793644	-2.4651648064242737	2.645425586330815	-0.931859440372102	0.3514091711130471	0.9995150899006424	ENSMUSG00000117440.2
ENSMUSG00000024241.8	1.526096672750505	-2.084442705258952	2.3166366394302385	-0.8997711034094696	0.3682420752533607	0.9995150899006424	Sos1
ENSMUSG00000117413.2	10.492141931602402	0.1631426335806655	0.8424711682700903	0.1936477350502791	0.8464517184274982	0.9995150899006424	ENSMUSG00000117413.2
ENSMUSG00000117393.3	38.87744235224505	-0.4285979813545045	0.4879405684156336	-0.8783815265580039	0.3797367061306372	0.9995150899006424	ENSMUSG00000117393.3
ENSMUSG00000024131.9	40.8279462668197	0.6408939328079701	0.4770495297576479	1.3434536517278592	0.1791251241940965	0.9995150899006424	Slc3a1
ENSMUSG00000024140.11	2.196453346991801	-1.2118881242337722	1.8795705890588963	-0.6447686143251296	0.5190771439214268	0.9995150899006424	Epas1
ENSMUSG00000024143.16	4.005026210824162	1.087539512035706	1.350507241419577	0.8052822514987376	0.4206568213983026	0.9995150899006424	Rhoq
ENSMUSG00000024145.7	19.89742053694428	-0.7325867256178835	0.6682449847816622	-1.096284659520855	0.2729542205874891	0.9995150899006424	Pigf
ENSMUSG00000024109.19	5.4568681925913785	-0.3816546896182506	1.1740300077533137	-0.3250808642860887	0.7451198711986018	0.9995150899006424	Nrxn1
ENSMUSG00000073367.6	14.353843664685709	-0.5834194662664132	0.7663440242580005	-0.7613022974000471	0.4464765286837315	0.9995150899006424	ENSMUSG00000073367.6
ENSMUSG00002075733.1	14.797423368381766	-1.015518389317479	0.8285848151062798	-1.2256058411922768	0.2203470386499023	0.9995150899006424	ENSMUSG00002075733.1
ENSMUSG00000071033.2	126.02850838510626	-0.9473350624297954	0.3720007344985267	-2.546594602042505	0.0108779722421611	0.9995150899006424	Gm10308
ENSMUSG00000097746.3	5.598077611382503	1.0576008676920232	1.101074876003177	0.9605167557096924	0.3367952021447179	0.9995150899006424	Gm6225
ENSMUSG00000097641.3	3.9312156908328766	0.7516175576039621	1.31360821320324	0.5721778762110044	0.5672014741853626	0.9995150899006424	Gm26865
ENSMUSG00000063087.16	3.913996528906253	0.5054066351653157	1.3154167505481231	0.3842178799644424	0.7008169672076943	0.9995150899006424	ENSMUSG00000063087.16
ENSMUSG00000091165.2	27.33748684147777	-0.3870174184793522	0.576872683130814	-0.6708887936570755	0.5022913758355781	0.9995150899006424	Gm17036
ENSMUSG00000117519.2	43.499362309639885	-0.0842668439256454	0.4694332091474884	-0.1795076323609014	0.8575391249110805	0.9995150899006424	ENSMUSG00000117519.2
ENSMUSG00000024240.14	2.2523812608111675	0.9870132850947728	1.940295227000549	0.5086923223640407	0.610967904806373	0.9995150899006424	Epc1
ENSMUSG00000101320.2	7.444481553135973	1.144355140849619	0.981247827446698	1.1662243816909557	0.2435237372182034	0.9995150899006424	Gm28529
ENSMUSG00000117505.2	6.659226108150546	0.2106866781034063	0.99208784792411	0.2123669577691701	0.8318207617238793	0.9995150899006424	ENSMUSG00000117505.2
ENSMUSG00000036904.7	1.7509276293241818	2.5745664088555587	2.363514900984958	1.0892956112875145	0.2760235474924407	0.9995150899006424	Fzd8
ENSMUSG00000024287.9	6.487019782542849	0.3191283965634709	1.0398696531471383	0.3068926914038093	0.7589250522371378	0.9995150899006424	Thoc1
ENSMUSG00000047879.18	2.387042763224795	2.121506461408006	1.9341233784833087	1.0968826937357212	0.2726926749635915	0.9995150899006424	Usp14
ENSMUSG00000024294.16	2.047600556843664	-2.546110087111474	2.313526790608696	-1.100531922710774	0.2711004286527857	0.9995150899006424	Mib1
ENSMUSG00000097440.3	63.99343879754037	-0.8012278563183508	0.4486154885799834	-1.7860013234373655	0.0740990438534683	0.9995150899006424	Gm6277
ENSMUSG00000040957.16	17.215519698063073	-0.1905904985722769	0.7070259582275975	-0.2695664796382543	0.7874937913056225	0.9995150899006424	Cables1
ENSMUSG00000024410.16	70.30036331172681	-1.0679597640623548	0.4264230409803868	-2.5044607383480364	0.0122638215626697	0.9995150899006424	3110002H16Rik
ENSMUSG00000024413.15	1.4756445951249273	1.558407858164202	2.525146070420438	0.6171555287115436	0.537132145358969	0.9995150899006424	Npc1
ENSMUSG00000086935.2	56.02509187227602	-1.1306526193960962	0.4939097876611477	-2.289188527221074	0.0220684009039936	0.9995150899006424	Gm15956
ENSMUSG00000024430.15	5.970170180395461	-1.3173449665548014	1.180876018487733	-1.1155658561360529	0.2646080141483711	0.9995150899006424	Cabyr
ENSMUSG00000117494.2	7.9062306272299425	-1.2472593667026124	0.981187546862977	-1.2711732539719975	0.2036670193763288	0.9995150899006424	ENSMUSG00000117494.2
ENSMUSG00000024411.12	0.8824572988413393	-0.8852029031286122	3.744747032075233	-0.2363852339147346	0.8131337531915719	0.9995150899006424	Aqp4
ENSMUSG00000117541.2	3.242558682268008	-0.1763849342773831	1.636633631324851	-0.1077730109545652	0.9141757523052496	0.9995150899006424	ENSMUSG00000117541.2
ENSMUSG00000114088.2	16.464226955634576	-0.7614629751884929	0.7721740224415221	-0.9861287132929412	0.3240699551697727	0.9995150899006424	ENSMUSG00000114088.2
ENSMUSG00000120613.1	6.926762742152886	0.6581746222801385	1.12563170946551	0.5847157793668262	0.5587388422263457	0.9995150899006424	ENSMUSG00000120613.1
ENSMUSG00000024268.17	1.6342073605556875	0.6715266051251357	2.1871143011796046	0.307037727640916	0.7588146557350989	0.9995150899006424	Celf4
ENSMUSG00000096934.2	21.249976512120035	1.8900987964330456	0.7971946658713834	2.370937585698783	0.0177430270225614	0.9995150899006424	Gm26658
ENSMUSG00000092124.3	23.924430046528894	-0.4237580550513982	0.6117094325941774	-0.6927440259573852	0.4884702048459508	0.9995150899006424	B930094E09Rik
ENSMUSG00000097748.2	15.230538048297438	-0.1064123996372447	0.7087642189130361	-0.1501379398080214	0.8806557875793914	0.9995150899006424	Gm26533
ENSMUSG00000044982.8	2.725964509333115	-0.5345284919534162	1.5978863219324186	-0.3345222276557066	0.7379855208044328	0.9995150899006424	Sft2d3
ENSMUSG00000024395.10	4.830049176318996	-2.0095194918352965	1.3117158666581747	-1.5319777269713892	0.1255279311380823	0.9995150899006424	Lims2
ENSMUSG00000120022.1	3.147916485250424	0.1922803371924693	1.515660201887451	0.1268624306114409	0.8990492823557266	0.9995150899006424	ENSMUSG00000120022.1
ENSMUSG00000024384.5	2.033149457222463	-1.498601150804224	2.112952078283836	-0.7092452148850461	0.4781723193488608	0.9995150899006424	Iws1
ENSMUSG00000097413.3	14.797156217183	0.5774235213183666	0.7361860287039992	0.784344579772694	0.432837947938222	0.9995150899006424	A830052D11Rik
ENSMUSG00000097710.3	2.0255641750354125	1.901701262287836	1.8695882891845927	1.017176494573171	0.3090694757901194	0.9995150899006424	2310026I22Rik
ENSMUSG00000005871.16	1.2473705284083476	0.8195801110109576	2.6891330282878125	0.3047748483952053	0.7605376388030027	0.9995150899006424	Apc
ENSMUSG00000014503.16	10.905975966688374	0.8032435709561017	0.8461203851365404	0.9493253975041394	0.342455140199994	0.9995150899006424	Pkd2l2
ENSMUSG00000003779.17	5.148470340446357	0.2173559746640849	1.1556371074902612	0.1880832427890142	0.8508113969857587	0.9995150899006424	Kif20a
ENSMUSG00000037815.8	3.453702943507696	2.3852503443726185	1.492280061293798	1.5983932280812092	0.1099554907888307	0.9995150899006424	Ctnna1
ENSMUSG00000118386.2	1.8505479824148885	-0.7118970662357488	1.9439753377270252	-0.3662068403954793	0.7142107383054508	0.9995150899006424	ENSMUSG00000118386.2
ENSMUSG00000118030.2	34.71464230168252	0.0379409462457127	0.5375053513890335	0.0705871041984324	0.9437263741690488	0.9995150899006424	ENSMUSG00000118030.2
ENSMUSG00000100320.2	1.2948417557228422	-1.551056311398555	2.664333883336617	-0.5821553826640246	0.5604620234602562	0.9995150899006424	Gm29417
ENSMUSG00000043991.6	3.1940968043868563	0.1654770940033629	1.3968746808454304	0.1184623762406597	0.905701304547894	0.9995150899006424	Pura
ENSMUSG00000024483.20	1.9889434481021049	-2.0017588036766445	2.089878189348106	-0.9578351570342248	0.3381458879982858	0.9995150899006424	Ankhd1
ENSMUSG00000117679.2	1.7962477207027552	1.249033972425195	1.9159527281698585	0.6519127294013604	0.5144574726332998	0.9995150899006424	ENSMUSG00000117679.2
ENSMUSG00000121920.1	1.828132657235856	2.908052987437191	2.1975944400160103	1.3232891995376568	0.1857392220377195	0.9995150899006424	ENSMUSG00000121920.1
ENSMUSG00000019143.16	13.76723530416755	0.244880242010833	0.7597691679767047	0.3223087384066384	0.7472188137896706	0.9995150899006424	Hars2
ENSMUSG00000073594.4	3.1405946776382674	-0.2592276862645851	1.601718696480365	-0.1618434540560805	0.871429132719687	0.9995150899006424	Gm10545
ENSMUSG00000103985.2	5.838759466259383	-0.8090782727113578	1.250562051875934	-0.6469717128371852	0.5176502511693823	0.9995150899006424	Gm37446
ENSMUSG00000103956.2	2.131861916048237	0.3638172448879308	1.938908995187908	0.1876401862031032	0.8511587217015999	0.9995150899006424	Gm37118
ENSMUSG00000104512.2	16.712153012854895	-0.2681514658538065	0.6933334993492878	-0.3867568292971187	0.698936239998809	0.9995150899006424	Gm37165
ENSMUSG00000097330.3	86.50969121926717	-0.5186290451550185	0.3908169312366589	-1.3270383233242349	0.1844960058163616	0.9995150899006424	ENSMUSG00000097330.3
ENSMUSG00000102742.2	2.155499704490475	-1.5398706459959504	2.0426617903123776	-0.7538549226793257	0.4509363404992884	0.9995150899006424	Pcdhga11
ENSMUSG00000103081.4	1.8146619673367923	1.0995366272710585	1.961667713031723	0.5605111507757571	0.5751308359694137	0.9995150899006424	ENSMUSG00000103081.4
ENSMUSG00000102428.2	3.675327312989796	-0.6619035254696697	1.3279027745227672	-0.4984578224919743	0.6181613902460064	0.9995150899006424	Pcdhga12
ENSMUSG00000103309.2	371.3999121134104	-0.6266057772931748	0.3020494856772027	-2.074513637685257	0.0380316335246816	0.9995150899006424	BC037039
ENSMUSG00000102918.2	5.386767080012949	0.0578005714685461	1.0944311810891882	0.0528133449295756	0.9578806286244814	0.9995150899006424	Pcdhgc3
ENSMUSG00000044024.17	1.7383844790152896	-0.2580661806779986	1.9797048055998987	-0.130355889397257	0.8962848638962393	0.9995150899006424	Rell2
ENSMUSG00000038524.14	47.13267320439363	0.7444850474779168	0.448615824597841	1.6595157964953775	0.0970119002317611	0.9995150899006424	Fchsd1
ENSMUSG00000097080.10	11.285296489424816	0.2736828807997613	0.8158296618701663	0.335465714953762	0.7372738033235463	0.9995150899006424	1700086O06Rik
ENSMUSG00000024442.7	1.0771808453854266	-3.129465207008198	3.036777929194159	-1.0305215856987722	0.3027652246607937	0.9995150899006424	0610009O20Rik
ENSMUSG00000086312.2	6.4850795477686	-0.6928529781983687	1.141267440769406	-0.607090812764508	0.5437906468430701	0.9995150899006424	Gm15336
ENSMUSG00000085289.2	8.21643797920857	0.2750947905163941	0.9576226693781326	0.2872684610683214	0.7739067697808153	0.9995150899006424	Gm15337
ENSMUSG00000117674.2	1.8684124997469909	-0.0276886362689794	1.976026144184852	-0.0140122823528742	0.988820182098695	0.9995150899006424	ENSMUSG00000117674.2
ENSMUSG00000097610.4	23.022602120808248	0.1869069110362054	0.609141418621168	0.3068366479811562	0.7589677118432269	0.9995150899006424	A930012L18Rik
ENSMUSG00000054477.18	6.554210936863982	-0.1940117981318399	1.2874496646942266	-0.1506946667137611	0.8802165805358029	0.9995150899006424	Kcnn2
ENSMUSG00000121851.1	40.14819284703392	-1.047302113162149	0.5041186678527683	-2.0774912336077613	0.0377562435094436	0.9995150899006424	ENSMUSG00000121851.1
ENSMUSG00000120742.1	1.357354566187689	-1.402557289366551	2.2122779612902383	-0.6339878233694267	0.5260887687840903	0.9995150899006424	ENSMUSG00000120742.1
ENSMUSG00000098284.9	13.001609675841957	-1.5697677371994816	0.8120758607847387	-1.9330309063522189	0.053232390593595	0.9995150899006424	A330093E20Rik
ENSMUSG00000062210.15	5.040114266906097	-0.7148738020009489	1.1989771627552102	-0.5962363789800569	0.5510173259857087	0.9995150899006424	Tnfaip8
ENSMUSG00000086600.9	3.3489408728244165	-1.7183372361755551	1.5674553840513616	-1.0962591048264565	0.2729654005561113	0.9995150899006424	ENSMUSG00000086600.9
ENSMUSG00000053644.14	2.8841342137439843	1.7432910243089503	1.5919726665934892	1.0950508516199924	0.2734943589130549	0.9995150899006424	Aldh7a1
ENSMUSG00000008301.12	11.00995147733162	-0.009606338345257	0.8158345916049141	-0.0117748603014728	0.9906052378534684	0.9995150899006424	Phax
ENSMUSG00000024617.17	3.628215186353741	0.3893570626982349	1.3456873778535936	0.2893369359823153	0.7723235496347551	0.9995150899006424	Camk2a
ENSMUSG00000024621.17	7.7273223578393955	-0.5170706715725147	1.0317661930601667	-0.501151011780013	0.6162648481222608	0.9995150899006424	Csf1r
ENSMUSG00000024583.4	7.602232445003921	-0.4261814359858339	1.0761278846550857	-0.396032332274738	0.6920811764102359	0.9995150899006424	Txnl1
ENSMUSG00000117977.2	9.990052564784476	0.5179213155470693	1.028343871062493	0.5036460372073293	0.61451013525489	0.9995150899006424	ENSMUSG00000117977.2
ENSMUSG00000086128.9	16.884945996692043	0.398917206721645	0.7377214126922949	0.5407423450890589	0.5886851871760599	0.9995150899006424	St8sia3os
ENSMUSG00000114210.4	2.5882082442979404	0.9598212533529636	1.7027023879543863	0.5637046498220312	0.5729551523862542	0.9995150899006424	ENSMUSG00000114210.4
ENSMUSG00000042439.14	2.1400744648009518	1.0358501343581228	1.8009349751020989	0.5751735341246278	0.5651739400009339	0.9995150899006424	Zfp532
ENSMUSG00000118234.2	49.96070970181365	0.7045543447387244	0.4565780558941272	1.5431191570496736	0.1228018674501489	0.9995150899006424	ENSMUSG00000118234.2
ENSMUSG00000024524.18	2.7611345249794117	0.1656833414345953	1.5741287424626818	0.1052539966809755	0.9161742654699536	0.9995150899006424	Gnal
ENSMUSG00000117757.2	20.174621384792875	-0.1521964558716847	0.640580895545115	-0.237591312713393	0.8121980890553009	0.9995150899006424	ENSMUSG00000117757.2
ENSMUSG00000062526.5	14.565504497609858	0.552488895998577	0.7794005063213614	0.7088639172256008	0.4784089285368008	0.9995150899006424	Mppe1
ENSMUSG00000001473.8	6.417791964755573	-0.7195584135312486	1.0584953166277271	-0.679793667697745	0.4966351167589486	0.9995150899006424	Tubb6
ENSMUSG00000024530.9	1.666304034614262	-0.1975104889173836	2.0560953470332333	-0.0960609580690769	0.9234721588092256	0.9995150899006424	Slmo1
ENSMUSG00000118134.3	4.381965886024138	0.0394043485576314	1.208970668782732	0.032593304018952	0.9739989096139569	0.9995150899006424	ENSMUSG00000118134.3
ENSMUSG00000024544.10	17.75297177781314	-0.5642402788188312	0.6655205376028116	-0.8478179814723835	0.3965393473326397	0.9995150899006424	Ldlrad4
ENSMUSG00000038121.7	1.56729872091344	-0.5854836962870961	2.4430394670963094	-0.2396538018204743	0.8105986520820762	0.9995150899006424	Fam210a
ENSMUSG00000053477.19	1.3703620605394908	-0.6439949212588607	2.9588855963418785	-0.2176477934986884	0.8277035431966702	0.9995150899006424	Tcf4
ENSMUSG00002075795.1	18.314729893655457	-0.4397264997559555	2.4287559371039618	-0.1810500977221628	0.856328253424548	0.9995150899006424	ENSMUSG00002075795.1
ENSMUSG00000064036.16	1.2715063091030991	-3.039809060076008	2.9586114183137373	-1.0274445103739067	0.3042112016207821	0.9995150899006424	Mro
ENSMUSG00000024558.13	3.2116834208568217	-1.0571460109812687	1.803547478408935	-0.5861481461601823	0.5577759641891291	0.9995150899006424	Mapk4
ENSMUSG00000097712.2	43.06730138777365	0.2761362909870624	0.4754466335206089	0.5807934508702182	0.5613796695150173	0.9995150899006424	Gm10532
ENSMUSG00000073532.4	10.18724696838276	0.8835240599002833	0.8351143126853726	1.057967809292174	0.2900701185207235	0.9995150899006424	Gm7276
ENSMUSG00000025428.16	1.0462212493310323	-0.9659326187880451	2.8372066025415936	-0.3404519846819596	0.7335161760332816	0.9995150899006424	Atp5a1
ENSMUSG00000118061.3	17.12097606179522	-0.4546596996362849	0.7064010834788031	-0.6436282591714454	0.5198165208431833	0.9995150899006424	ENSMUSG00000118061.3
ENSMUSG00000034006.18	1.5478938237127469	-1.395486212431622	2.11625195550049	-0.659414021475336	0.5096299406429037	0.9995150899006424	Pqlc1
ENSMUSG00000118070.2	5.833556015170991	0.6685278466563801	1.076720766534358	0.6208924982548365	0.5346703573367033	0.9995150899006424	ENSMUSG00000118070.2
ENSMUSG00000041258.19	7.343234993152425	-0.9480532365520472	0.994074278268863	-0.9537046247721452	0.3402331785106898	0.9995150899006424	Zfp236
ENSMUSG00000097141.3	4.470359291193085	-1.877397991967396	1.4497627773127486	-1.2949690951834916	0.1953308908661492	0.9995150899006424	ENSMUSG00000097141.3
ENSMUSG00000046982.12	1.3992997949711128	2.252986363309013	2.529225219235881	0.8907812345749409	0.3730465442600784	0.9995150899006424	Tshz1
ENSMUSG00000118385.2	2.723066860582696	-0.0246901580406215	1.8013195941888105	-0.0137067059728178	0.9890639733580228	0.9995150899006424	ENSMUSG00000118385.2
ENSMUSG00000089760.2	6.636804825449548	-1.0203863091918843	1.060784914879346	-0.9619163082724864	0.3360916458480978	0.9995150899006424	ENSMUSG00000089760.2
ENSMUSG00000047992.12	3.652848959301006	-0.9995417512671304	1.3798993794094174	-0.7243584323481063	0.4688457123532008	0.9995150899006424	Fam69c
ENSMUSG00000117778.2	4.034887596121976	-0.0078383904719853	1.5037431966833448	-0.0052125858253415	0.9958409770822793	0.9995150899006424	ENSMUSG00000117778.2
ENSMUSG00000045098.20	1.3926255418759006	0.051237586847736	2.161790263106317	0.0237014606468398	0.981090740906476	0.9995150899006424	Suv420h1
ENSMUSG00000082848.2	7.357764383934427	1.3934486729952031	0.9894965189726704	1.4082400961267958	0.1590599870798008	0.9995150899006424	ENSMUSG00000082848.2
ENSMUSG00000086107.2	6.654141149413917	-2.9813702201451924	1.380265682865267	-2.1599973520722644	0.030772874554353	0.9995150899006424	Gm16312
ENSMUSG00000097233.2	1.855006922568774	0.945457811696908	2.1246910717747576	0.444986014323092	0.656329861173016	0.9995150899006424	Gm17552
ENSMUSG00000117839.2	35.69091555116537	0.2464165595730235	0.4922501403034168	0.5005921571116984	0.6166581832220541	0.9995150899006424	ENSMUSG00000117839.2
ENSMUSG00000024824.8	14.28535848304397	-0.2271588797012792	0.7229638081719505	-0.3142050502855207	0.7533653072152827	0.9995150899006424	Rad9a
ENSMUSG00000087132.10	36.27197202806469	0.0230923544784506	0.5093669628489631	0.0453353989612749	0.9638399721429286	0.9995150899006424	ENSMUSG00000087132.10
ENSMUSG00000024889.6	1.6527131627509213	0.8586660979132401	2.035674182130142	0.4218091998468667	0.6731642900904853	0.9995150899006424	Rce1
ENSMUSG00000067889.8	6.152324116905393	-2.4820474951614844	1.4833094158509834	-1.673317426989782	0.0942648235387854	0.9995150899006424	Sptbn2
ENSMUSG00000096370.9	285.080496394613	-1.191763913362192	1.1145169416806693	-1.0693098227515825	0.2849300859196912	0.9995150899006424	Gm21992
ENSMUSG00000033760.18	3.6693583914496415	-0.3634037057481272	1.3853506409230485	-0.2623189357360055	0.7930755644348353	0.9995150899006424	Rbm4b
ENSMUSG00000103651.2	5.05132104164132	0.1673682839634541	1.173689047843877	0.1426001923345179	0.8866059455729456	0.9995150899006424	ENSMUSG00000103651.2
ENSMUSG00000095913.2	7.633822572764362	-0.7848027042480958	1.0465777078625818	-0.7498752346358425	0.4533298513121381	0.9995150899006424	Gm21844
ENSMUSG00000117710.2	29.329453768362665	0.7783555222776016	0.5939293650225849	1.3105186712699477	0.1900204320643074	0.9995150899006424	ENSMUSG00000117710.2
ENSMUSG00000118243.2	23.632017731084705	0.4419216620012347	0.5801370640190294	0.7617538844005647	0.4462069085183523	0.9995150899006424	ENSMUSG00000118243.2
ENSMUSG00000118263.3	19.43404450110904	-0.0697021844095908	0.6523276948289155	-0.1068514873155454	0.9149068002770648	0.9995150899006424	ENSMUSG00000118263.3
ENSMUSG00000024844.16	12.66053106526077	0.5914090540201812	0.7627222715759717	0.7753924017430154	0.4381078235834296	0.9995150899006424	Banf1
ENSMUSG00000039148.6	2.2935949125662862	-1.553881200025126	1.9828449103470036	-0.7836625002371931	0.4332381718366299	0.9995150899006424	Sart1
ENSMUSG00000117959.2	25.864494951133405	0.2309092955386841	0.579639338553817	0.398367191769275	0.6903595380951758	0.9995150899006424	ENSMUSG00000117959.2
ENSMUSG00000086938.11	6.118486750040183	0.5798365977174419	1.1071496715141385	0.5237201551299356	0.6004731949815425	0.9995150899006424	4930481A15Rik
ENSMUSG00000024914.17	1.4914812933122925	0.700399967554553	2.282469222841332	0.3068606404614123	0.7589494489545306	0.9995150899006424	Drap1
ENSMUSG00000024912.7	7.063678001352561	-0.0338954395183675	0.9832842602869888	-0.0344716587942479	0.9725010419175564	0.9995150899006424	Fosl1
ENSMUSG00000095098.3	32.64220791513542	2.3475046223799803	0.5681403104331494	4.1319099864437465	3.5976131152952216e-05	0.0221133286153479	Ccdc85b
ENSMUSG00000056201.10	1.3017013035031786	-0.1106847220437247	2.624603126041398	-0.0421719843832796	0.966361595908128	0.9995150899006424	Cfl1
ENSMUSG00000056185.6	231.91622958809535	0.1372033918450306	0.3144685942869186	0.4363023663973494	0.662617365179156	0.9995150899006424	Snx32
ENSMUSG00000024925.12	11.687397310124725	-0.4433464052865704	0.7896921162791571	-0.5614167802200103	0.5745134474239143	0.9995150899006424	Rnaseh2c
ENSMUSG00000118077.2	4.03463938782747	-1.5880103216376618	1.4727749013868876	-1.078243742572106	0.2809249956684502	0.9995150899006424	ENSMUSG00000118077.2
ENSMUSG00000089766.3	15.092045380978805	1.038625830377697	0.7001878593836556	1.4833530979699552	0.1379806217432437	0.9995150899006424	Gm16538
ENSMUSG00000024940.12	4.669386699869888	0.8893620418682092	1.243903363267975	0.7149767965348071	0.4746233811752623	0.9995150899006424	Ltbp3
ENSMUSG00000024941.10	1.922369665409412	-2.9043117889910928	2.231258146181168	-1.3016475901552973	0.1930368833303245	0.9995150899006424	Scyl1
ENSMUSG00000102349.2	133.29940157336674	1.543117783906336	0.3583574846547898	4.306084984921805	1.6616923864365298e-05	0.0153208038029448	ENSMUSG00000102349.2
ENSMUSG00000043488.7	1.5495625421790449	0.1214139291509904	2.194339075904247	0.0553305232013689	0.9558751454072316	0.9995150899006424	Frmd8os
ENSMUSG00000024826.16	2.09673736779755	-2.0563137673890943	2.0968370553430264	-0.9806740882174544	0.3267534858232801	0.9995150899006424	Dpf2
ENSMUSG00000097404.3	1.7380393812212154	-1.954451130717086	2.2276004291465004	-0.8773795808011805	0.3802805002128056	0.9995150899006424	Gm10814
ENSMUSG00000024807.19	2.0849058186975284	-0.7024927723879165	1.8043898796925055	-0.3893242698233441	0.697036285042897	0.9995150899006424	Syvn1
ENSMUSG00000120982.1	17.484036296392976	-0.0757841732161152	0.6570201025042897	-0.1153452884124202	0.9081714429260044	0.9995150899006424	ENSMUSG00000120982.1
ENSMUSG00000039699.15	17.349903299614557	-0.1552047525935374	0.676641907598452	-0.229375022224669	0.8185774480522311	0.9995150899006424	Batf2
ENSMUSG00000079467.10	1.731373169859058	1.906517802096943	2.121426684675915	0.8986960595285418	0.3688145764813096	0.9995150899006424	Gm14966
ENSMUSG00000033768.18	9.04906349128586	0.0313637110940235	0.8781936185505422	0.0357138909137022	0.9715104942711056	0.9995150899006424	Nrxn2
ENSMUSG00000052188.7	131.89913723091857	-0.451617152602817	0.3546072923581826	-1.2735698400320723	0.2028159065953731	0.9995150899006424	Gm14964
ENSMUSG00000061742.13	1.476935503302989	0.800532770689489	2.0915720847416965	0.3827421376148041	0.7019109678186521	0.9995150899006424	Slc22a12
ENSMUSG00000024953.18	4.178769565879724	-0.9524291242117408	1.4279353249826316	-0.6669973825483485	0.504773805331046	0.9995150899006424	Prdx5
ENSMUSG00000038812.17	19.67110991499993	-0.3702279651486247	0.6539678788411231	-0.5661256112527951	0.5713083941081908	0.9995150899006424	Trmt112
ENSMUSG00000024958.15	1.9073719713131831	0.1209495248482624	1.8720547410709771	0.0646078996488472	0.9484861948433152	0.9995150899006424	Gpr137
ENSMUSG00000024959.15	3.418032112913828	-1.7873621045675891	1.5294963615633306	-1.1685951987101744	0.242566763592452	0.9995150899006424	Bad
ENSMUSG00000120718.1	20.60882221455898	-0.228040551479457	0.6265616133206445	-0.3639555099312423	0.7158912321259268	0.9995150899006424	ENSMUSG00000120718.1
ENSMUSG00000099923.4	4.783841166494923	0.5284574718628953	1.194205176973595	0.4425181552152826	0.6581142955761108	0.9995150899006424	1700105P06Rik
ENSMUSG00000053080.11	1.512076253549507	-1.4637147687686134	2.47662715445974	-0.5910113543465179	0.5545128132221273	0.9995150899006424	2700081O15Rik
ENSMUSG00002075107.1	2.5999300340965736	0.9837065423560416	1.7317816676014763	0.5680315023304748	0.5700135773878828	0.9995150899006424	ENSMUSG00002075107.1
ENSMUSG00000120219.1	13.088962709872192	0.5143066213017151	0.7533691964994755	0.6826754049560787	0.4948119744746899	0.9995150899006424	ENSMUSG00000120219.1
ENSMUSG00000120814.1	3.3767910826029173	-1.671146342109551	1.528465806787796	-1.0933488565384466	0.2742406594847326	0.9995150899006424	ENSMUSG00000120814.1
ENSMUSG00000071658.6	6.430094948503014	-0.1300236862371002	1.0138389553006628	-0.1282488560508513	0.8979520377251974	0.9995150899006424	Gng3
ENSMUSG00000071657.13	3.8259603374361286	1.4181335942492523	1.302346733641877	1.0889063239584358	0.2761951972136663	0.9995150899006424	Bscl2
ENSMUSG00000120807.1	34.24835545797061	-0.1583846147055232	0.5102457713024952	-0.3104084808017471	0.7562503456987122	0.9995150899006424	ENSMUSG00000120807.1
ENSMUSG00000071647.6	2.874350771739981	0.6145978132439803	1.501186872230786	0.409407932225439	0.6822403194438029	0.9995150899006424	Eml3
ENSMUSG00000114220.2	7.059666449484314	-0.3536202384143531	1.091611163906172	-0.3239434059550788	0.7459808811430804	0.9995150899006424	ENSMUSG00000114220.2
ENSMUSG00000024654.9	1.8184145253198032	0.0154138813846746	2.420457910123176	0.0063681674943441	0.9949189718179738	0.9995150899006424	Asrgl1
ENSMUSG00000024658.8	1.7918762500189842	-2.154953531734978	2.439989968761802	-0.8831813078430529	0.3771383192266643	0.9995150899006424	ENSMUSG00000024658.8
ENSMUSG00000024661.8	1.2431242614953772	-1.6973345491733125	2.753632122272249	-0.6163984416962357	0.5376315815789536	0.9995150899006424	Fth1
ENSMUSG00000024664.6	1.5050039176278798	-2.33003732787142	2.4046593390581945	-0.9689677410955012	0.3325612846482888	0.9995150899006424	Fads3
ENSMUSG00000024665.9	1.972425547188192	-1.121506876318499	2.249009010520878	-0.4986671334228021	0.6180139021853935	0.9995150899006424	Fads2
ENSMUSG00000010663.6	3.1290929792300104	-1.4733743772699617	1.6032579933383595	-0.9189877009139684	0.358102005315467	0.9995150899006424	Fads1
ENSMUSG00000064032.3	9.082104085119456	0.8243316594269898	0.9205600904743794	0.8954675180434973	0.3705372219584394	0.9995150899006424	ENSMUSG00000064032.3
ENSMUSG00000024668.9	5.854129239293287	-1.4097701348029192	1.4238857741382565	-0.9900865367210512	0.322131823354256	0.9995150899006424	Sdhaf2
ENSMUSG00000034820.5	1.2711061420655947	-0.4906955534236705	2.44361044744638	-0.2008076016930018	0.8408490187135287	0.9995150899006424	Cpsf7
ENSMUSG00000024667.13	7.507314463768938	0.1950771586683908	1.0261295790584894	0.1901096729395337	0.8492231904008158	0.9995150899006424	Tmem216
ENSMUSG00000117955.2	3.4750024143492717	-0.5891434849775338	1.3782649535418048	-0.4274529969463264	0.669049413439658	0.9995150899006424	ENSMUSG00000117955.2
ENSMUSG00000034371.10	13.09790168434894	-1.164782964929932	0.7645662612033038	-1.52345587823448	0.1276446912579457	0.9995150899006424	Tkfc
ENSMUSG00000024740.11	2.7451841118486846	-0.2256891682252336	1.6128153455013368	-0.1399349087635814	0.8887114194350015	0.9995150899006424	Ddb1
ENSMUSG00000024737.3	91.2823781848249	0.1432616307310774	0.4217543986310408	0.3396802290529411	0.7340973523047558	0.9995150899006424	Slc15a3
ENSMUSG00000041488.17	4.728682876136396	0.3724502230594156	1.174421896081586	0.3171349446924327	0.7511412103378323	0.9995150899006424	Stx3
ENSMUSG00000046805.12	1.4752994973308535	-0.6452898764327339	2.313878867059082	-0.2788779851958677	0.7803384638194147	0.9995150899006424	Mpeg1
ENSMUSG00000024639.6	1.9547799727508175	-1.4245266937028151	1.9198406865359323	-0.7420025545313149	0.4580857878541758	0.9995150899006424	Gnaq
ENSMUSG00000039126.11	1.7877012507159284	1.8962956231121304	2.3386233211699325	0.8108597934290159	0.4174461920585541	0.9995150899006424	Prune2
ENSMUSG00000118021.2	2.582000404043624	-2.05648445684879	1.9048774590880773	-1.0795888454857834	0.2803253108108985	0.9995150899006424	ENSMUSG00000118021.2
ENSMUSG00000052387.17	2.635780316753976	0.4574825957003054	1.5149684092882925	0.3019750068024344	0.7626711157514364	0.9995150899006424	Trpm3
ENSMUSG00000098739.2	30.372069939921563	-0.4195924384184995	0.5558041877103274	-0.7549285300404783	0.4502918662861271	0.9995150899006424	Gm27151
ENSMUSG00000097930.4	36.03856830899992	-0.9698976663847676	0.5077863720979107	-1.9100506033229132	0.0561266981869312	0.9995150899006424	C330002G04Rik
ENSMUSG00000033863.3	1.5422102211841906	-1.9225686974731453	2.3569226896415745	-0.8157113960176257	0.4146652196132008	0.9995150899006424	Klf9
ENSMUSG00000118340.2	20.77828256754061	0.4936487155987522	0.6607648947618898	0.7470867770247406	0.4550111814220287	0.9995150899006424	ENSMUSG00000118340.2
ENSMUSG00000048572.6	2.320403867811255	-0.0670402758363717	1.7387030797236902	-0.0385576333407229	0.9692430808513702	0.9995150899006424	Tmem252
ENSMUSG00000024921.18	2.6490934026555544	-2.7141760691287247	1.89377328112326	-1.433210667920532	0.1517976419036829	0.9995150899006424	Smarca2
ENSMUSG00000093772.2	14.403048805789709	-0.5319018233396989	0.7310798654048435	-0.7275563840691365	0.4668851881575919	0.9995150899006424	ENSMUSG00000093772.2
ENSMUSG00000064202.17	7.628267623778977	0.4668744503362305	0.9987618967246632	0.4674532056812511	0.6401756638884977	0.9995150899006424	4430402I18Rik
ENSMUSG00000024780.8	62.06296781849421	-1.0090477382693328	0.4239609260151807	-2.380048906283411	0.0173103404711771	0.9995150899006424	Cdc37l1
ENSMUSG00000024782.8	9.056156935973831	0.0826757370782074	0.8909636815489939	0.0927936107726307	0.9260675269756052	0.9995150899006424	Ak3
ENSMUSG00000100075.2	72.58230219828911	-0.8066803898787889	0.4131555632901008	-1.95248584686822	0.0508805496716158	0.9995150899006424	1700018L02Rik
ENSMUSG00000117964.2	2.544526358002968	0.4701191588206965	1.607057372721233	0.2925341476917173	0.7698782550459513	0.9995150899006424	ENSMUSG00000117964.2
ENSMUSG00000118251.2	2.0742387261574784	1.7753932310081564	2.217119365649012	0.8007657406792125	0.423267275860189	0.9995150899006424	ENSMUSG00000118251.2
ENSMUSG00000120362.1	1.6164680469943855	0.9349122627003544	2.2233110561458247	0.4205044814201807	0.6741169562888821	0.9995150899006424	ENSMUSG00000120362.1
ENSMUSG00000087579.9	2.0966865664635708	1.0340572324119062	1.8331738914641635	0.5640802747774247	0.5726995015799744	0.9995150899006424	ENSMUSG00000087579.9
ENSMUSG00000097591.2	6.247078797903964	-0.1798429771820935	1.071134527775391	-0.1678995238400207	0.8666623247317735	0.9995150899006424	A330032B11Rik
ENSMUSG00000105709.2	14.994248531150538	-0.5241796868599348	0.7274842728670542	-0.7205374829535692	0.471194129989546	0.9995150899006424	Gm42723
ENSMUSG00000025006.19	1.99748666836165	-1.6783377641051709	2.144129784611408	-0.7827594095053088	0.4337684077149375	0.9995150899006424	Sorbs1
ENSMUSG00000114796.2	55.4377973565036	-0.4006058291840703	0.4537253297336069	-0.8829258649043809	0.3772763278099916	0.9995150899006424	ENSMUSG00000114796.2
ENSMUSG00000025159.9	7.545280986305367	0.4471927075852624	0.9767105242662192	0.4578559322079879	0.6470559487190075	0.9995150899006424	Mms19
ENSMUSG00000042401.9	10.277635677569386	0.0983843595626018	0.8478932954368071	0.1160338925806901	0.9076256808124594	0.9995150899006424	Crtac1
ENSMUSG00000117728.2	4.3402171284858	0.7840783091836822	1.4293165610262424	0.5485686869959149	0.5833014797572977	0.9995150899006424	ENSMUSG00000117728.2
ENSMUSG00000090117.8	5.006635129108264	-0.3911591744813174	1.241884163137592	-0.3149723509582912	0.7527826469180541	0.9995150899006424	Gm16541
ENSMUSG00000114742.2	2.728914534129653	2.850767015349784	1.7185056096773033	1.6588639567403531	0.0971432090463522	0.9995150899006424	ENSMUSG00000114742.2
ENSMUSG00000114721.2	4.043619360793927	0.0202707719221368	1.4526209027210288	0.013954619463458	0.988866185929942	0.9995150899006424	ENSMUSG00000114721.2
ENSMUSG00000040018.10	4.501383999968327	-1.0843765843724822	1.4433198826539502	-0.7513071754949778	0.4524678118247291	0.9995150899006424	Cox15
ENSMUSG00000025203.7	5.546258615996256	-2.5103731207612188	1.483151832033618	-1.6925934800074585	0.0905328729812261	0.9995150899006424	Scd2
ENSMUSG00000037071.4	2.1480599140255063	-1.3607540518075254	1.8932005542334107	-0.7187585323513271	0.4722897118455387	0.9995150899006424	Scd1
ENSMUSG00000118204.2	4.37528849810202	-0.5671276585940316	1.2595370872407186	-0.450266740327944	0.6525181179604967	0.9995150899006424	ENSMUSG00000118204.2
ENSMUSG00000025209.6	36.85349171434574	0.0928378907556028	0.5080624298936967	0.1827292972145717	0.8550104269226951	0.9995150899006424	Peo1
ENSMUSG00000074818.14	7.7627693386323875	0.0198051491050917	0.9437304855232834	0.0209860223961188	0.9832568057336092	0.9995150899006424	Pdzd7
ENSMUSG00000041035.10	7.770113502993811	-0.5579347920628825	0.9462988443539092	-0.5895968228132158	0.5554609822804579	0.9995150899006424	Dpcd
ENSMUSG00000087367.3	30.77241404400803	0.722925144263881	0.5518807737935503	1.309929931594819	0.1902195403659239	0.9995150899006424	Gm15491
ENSMUSG00000097690.3	2.168505114631188	-0.0715814237674606	1.6820084486158842	-0.0425571130908198	0.9660545832902228	0.9995150899006424	4930505N22Rik
ENSMUSG00000055491.15	18.36735958677638	-0.4472686767549335	0.6486852259891278	-0.6895003290277338	0.4905084662534216	0.9995150899006424	Pprc1
ENSMUSG00000086816.2	6.689141429609244	-1.11407181433419	1.046341383236209	-1.0647307199955134	0.2869978041865512	0.9995150899006424	ENSMUSG00000086816.2
ENSMUSG00000025225.16	36.39834910865198	0.2798945821660105	0.5142995211934597	0.5442248546459856	0.5862867502757911	0.9995150899006424	Nfkb2
ENSMUSG00000037126.17	4.317934540127403	0.1939894113128243	1.3342586736692084	0.145391156258594	0.8844020467567267	0.9995150899006424	Psd
ENSMUSG00000036748.17	3.990157167457488	0.6331042858359384	1.314148833809338	0.4817599571281069	0.6299764781107049	0.9995150899006424	Cuedc2
ENSMUSG00000025034.10	3.1126393546731443	-2.445388737038229	1.7579497304018326	-1.391045884161467	0.1642115132989215	0.9995150899006424	Trim8
ENSMUSG00000120748.1	6.888591918602789	1.2563977468901553	1.0723317089043318	1.1716502799062944	0.2413374925456971	0.9995150899006424	ENSMUSG00000120748.1
ENSMUSG00000064105.14	13.318321808905395	-0.6001918499799107	0.8304869972680459	-0.7226986719289891	0.4698650316779945	0.9995150899006424	Cnnm2
ENSMUSG00000117814.2	3.037927540564933	-1.682813639217954	1.6080999342341904	-1.0464608594237297	0.2953483068797451	0.9995150899006424	ENSMUSG00000117814.2
ENSMUSG00000025041.18	26.28998624239209	0.1240539788827101	0.574509213393209	0.2159303558423602	0.8290420346840774	0.9995150899006424	Nt5c2
ENSMUSG00000034336.4	2.505839765492389	0.1350702085941833	1.8289177830152568	0.0738525317258925	0.9411277268414148	0.9995150899006424	Ina
ENSMUSG00000025049.7	8.199814947016947	0.1708923930637432	0.9930551626814684	0.1720875128450024	0.8633687296204557	0.9995150899006424	Taf5
ENSMUSG00000025047.10	5.186143992559006	0.5628573419325217	1.3035326951989417	0.4317938046399517	0.6658912827166267	0.9995150899006424	Pdcd11
ENSMUSG00000033033.11	5.563572173064048	0.5838319094673896	1.1171304937650417	0.5226174674542391	0.601240482527631	0.9995150899006424	Calhm2
ENSMUSG00000053617.13	8.019715993819895	0.6272894293150821	0.9319390589008448	0.6731013399684365	0.5008828215064085	0.9995150899006424	Sh3pxd2a
ENSMUSG00000097990.2	2.2365508322776155	1.5550268779404723	1.8078379135551557	0.8601583506358021	0.3897017597979125	0.9995150899006424	Gm19557
ENSMUSG00000110007.3	8.295328863162183	-0.071045780150307	1.0783591940158763	-0.0658832238316883	0.94747079700406	0.9995150899006424	ENSMUSG00000110007.3
ENSMUSG00000025026.16	1.8071863295507544	1.89265616110134	2.371144840886437	0.798203521128546	0.4247523944179772	0.9995150899006424	Add3
ENSMUSG00000118314.2	1.502668422722276	1.4962142230200095	2.1064844710834367	0.710289699999761	0.4775245057280596	0.9995150899006424	ENSMUSG00000118314.2
ENSMUSG00000118210.3	6.932761864808259	2.4067460426939205	1.195436644243459	2.013277787897365	0.0440854137657709	0.9995150899006424	ENSMUSG00000118210.3
ENSMUSG00000024975.14	1.679837950390186	1.5403644715219371	2.0409353277524658	0.7547345820204057	0.4504082524304381	0.9995150899006424	Pdcd4
ENSMUSG00000084957.4	1.954662925613447	-0.3992211420216451	2.3048112335639765	-0.1732120775046386	0.8624847306562891	0.9995150899006424	Bbip1
ENSMUSG00000033717.7	2.228341418351808	0.3033558280473977	1.9724243082005384	0.1537984635385842	0.8777686453418942	0.9995150899006424	Adra2a
ENSMUSG00000024982.11	8.525061995166306	0.6206530257112939	0.9159557156191862	0.6776015642762078	0.4980243540175586	0.9995150899006424	Zdhhc6
ENSMUSG00000117670.2	2.8831130497946305	0.2626495191239383	1.4795453652021509	0.1775204230307952	0.8590996247302716	0.9995150899006424	ENSMUSG00000117670.2
ENSMUSG00000087002.2	6.379744964001897	0.532877823827222	1.0930011343306008	0.4875363868250499	0.6258782633664433	0.9995150899006424	Gm16277
ENSMUSG00000025094.9	4.47350296467528	-0.0306467233181797	1.224387984287432	-0.0250302385448641	0.9800308442890244	0.9995150899006424	Slc18a2
ENSMUSG00000087095.4	3.5557218200137632	0.7623271518771629	1.351370630026449	0.5641140446142764	0.5726765204407049	0.9995150899006424	Emx2os
ENSMUSG00000043969.5	2.707947294909676	-1.132772977497142	1.6747822845359988	-0.6763702888169602	0.4988055761348922	0.9995150899006424	Emx2
ENSMUSG00002075851.1	17.569626100709193	0.5731646651950622	0.6743346003902955	0.8499707190811838	0.395341365753736	0.9995150899006424	ENSMUSG00002075851.1
ENSMUSG00000024991.9	1.4607883066596992	-0.6837112135900799	2.1347252490087496	-0.3202806608988947	0.7487555820135704	0.9995150899006424	Eif3a
ENSMUSG00000059326.8	1.4306238256423176	-1.1633229183647815	2.1860115551419845	-0.5321668660114754	0.59461042931626	0.9995150899006424	Csf2ra
ENSMUSG00000039521.14	2.966783925470052	-0.4906519227734022	1.5639248315925498	-0.3137311415880325	0.753725246490797	0.9995150899006424	Foxp3
ENSMUSG00000087644.2	181.79159436163505	0.7228073046449883	0.3711879647508089	1.9472810901351107	0.0515010445077663	0.9995150899006424	Gm14703
ENSMUSG00000087193.9	9.539728258007644	-0.55545925855683	0.9114570020163132	-0.6094190481043542	0.5422467153349131	0.9995150899006424	Gm14820
ENSMUSG00000055188.13	28.13676528046741	0.4141018699202251	0.5710230412560093	0.7251929256819059	0.468333682210408	0.9995150899006424	Rbm3os
ENSMUSG00000052364.5	1.960624511470868	0.4459642760943244	1.929025260850752	0.2311863328827753	0.8171700472136251	0.9995150899006424	B630019K06Rik
ENSMUSG00000058254.13	2.1123939903377864	-2.4469331884925025	2.2952769403726987	-1.0660731807357322	0.28639056207233	0.9995150899006424	Tspan7
ENSMUSG00000085587.2	186.4264864583236	-0.3451855448958015	0.3217432063521847	-1.0728603994763344	0.2833337561264794	0.9995150899006424	Gm14493
ENSMUSG00000031010.18	1.986476479771888	-1.1318719016163368	1.9080239434449089	-0.5932168228312475	0.5530360555538698	0.9995150899006424	Usp9x
ENSMUSG00000031060.17	6.386091189960681	-0.387222532149887	1.1466115858031978	-0.337710290864224	0.7355815189463535	0.9995150899006424	Rbm10
ENSMUSG00000001127.13	1.2516199301482245	0.3493244590846416	2.67346217636308	0.1306636997422776	0.8960413494981198	0.9995150899006424	Araf
ENSMUSG00000086877.9	4.136717107400572	-1.6147056526645136	1.501281639835097	-1.0755514553830654	0.2821279080063338	0.9995150899006424	ENSMUSG00000086877.9
ENSMUSG00000036537.7	2.0149541534831545	1.918195666154934	1.899915050275305	1.0096218069734118	0.3126765177575549	0.9995150899006424	Rnf113a1
ENSMUSG00000104042.2	2.1829857919196445	-2.0009773230975	1.8851299258251788	-1.0614532694459302	0.2884839592043383	0.9995150899006424	ENSMUSG00000104042.2
ENSMUSG00000005696.12	7.581006247010339	-1.0734095499241092	1.1310730201583858	-0.9490187908237772	0.3426110551349097	0.9995150899006424	Sh2d1a
ENSMUSG00000079593.12	11.984812991232472	0.5716015485982083	0.8001801040174201	0.7143411161167341	0.4750162736121551	0.9995150899006424	Gm14597
ENSMUSG00000097288.2	2.376057130495766	-0.9765610106654312	1.7662669325920644	-0.5528954840547746	0.5803349799317459	0.9995150899006424	Gm2155
ENSMUSG00000090546.3	458.4291630184021	0.5888934099572687	0.3580327522495296	1.644803181433082	0.1000104058933933	0.9995150899006424	Cdr1
ENSMUSG00000019558.15	1.504886870490509	-0.7950463735662248	2.3325399959278523	-0.3408500497115661	0.7332164698916623	0.9995150899006424	Slc6a8
ENSMUSG00000085669.2	16.829871022794553	0.463382716835432	0.6771023544653121	0.6843614023486181	0.4937469825749805	0.9995150899006424	ENSMUSG00000085669.2
ENSMUSG00000120229.1	15.607479365127546	0.2214803138923231	0.7200427767432984	0.3075932722970469	0.7583918401045803	0.9995150899006424	ENSMUSG00000120229.1
ENSMUSG00000004221.17	13.456749674954928	0.3191118376723698	0.7758024337013506	0.4113313181422858	0.6808296081571761	0.9995150899006424	Ikbkg
ENSMUSG00000086937.2	7.689695532240674	0.1287849805107817	1.0520950576592858	0.1224081223205288	0.902575806204956	0.9995150899006424	Gm15063
ENSMUSG00000045103.20	1.3190426491384408	-2.259097372508917	2.54560530297452	-0.8874499789378895	0.3748366855873382	0.9995150899006424	Dmd
ENSMUSG00000087232.2	1.5349862387870434	-1.55883173866647	2.316103547052726	-0.6730406076404076	0.5009214570442599	0.9995150899006424	Gm14764
ENSMUSG00000087640.2	5.734739130982199	0.4419113034477873	1.0588313015680708	0.4173576119192368	0.6764168544534507	0.9995150899006424	Gm14798
ENSMUSG00000034311.4	7.885369190718021	-0.3720166419853719	1.0346270518562746	-0.3595659337516053	0.7191717628644939	0.9995150899006424	Kif4
ENSMUSG00000085314.2	5.361352077199047	-1.2620435921616129	1.2443684362815417	-1.01420411781971	0.3104853641445474	0.9995150899006424	ENSMUSG00000085314.2
ENSMUSG00000083898.3	2.449971942722976	-1.2784015974130485	1.7032696954525277	-0.750557354966267	0.4529190940346832	0.9995150899006424	ENSMUSG00000083898.3
ENSMUSG00000031257.15	1.341517868000324	-0.6380127392211896	2.378671528946761	-0.2682222961249684	0.7885282137611642	0.9995150899006424	Nox1
ENSMUSG00000009596.10	1.3480669173247355	-1.6629506612080844	2.6632325595386424	-0.6244106077976762	0.5323579603641871	0.9995150899006424	Taf7l
ENSMUSG00000043384.16	1.195901554742867	1.404194964560506	2.697484019116932	0.5205572876832812	0.6026752102186514	0.9995150899006424	Gprasp1
ENSMUSG00000079428.9	6.93589360783342	0.6853008588241444	0.9722454906403212	0.7048640136893872	0.4808948669662344	0.9995150899006424	Tceal7
ENSMUSG00000044550.12	3.2292721539715235	-0.7681300428920057	1.4387402420340585	-0.5338907055286372	0.5934171529224731	0.9995150899006424	Tceal3
ENSMUSG00000031425.16	5.4867885358566015	-0.6784380674378913	1.1265017244766506	-0.6022521339264523	0.5470063175350037	0.9995150899006424	Plp1
ENSMUSG00000086441.2	3.6958294696828937	-0.818193802747071	1.6254015810889315	-0.503379480041434	0.6146974958025484	0.9995150899006424	Gm15046
ENSMUSG00000120773.1	2.283223809728191	1.2490000129873409	1.674314758102034	0.7459768283970569	0.4556814126507033	0.9995150899006424	ENSMUSG00000120773.1
ENSMUSG00000025265.15	12.282537071987685	-0.2326755281023361	0.7640777051098845	-0.3045181485420704	0.7607331683329024	0.9995150899006424	Fgd1
ENSMUSG00000025264.13	6.512110481383563	-0.0669414391236265	1.0365903403996752	-0.0645784901852511	0.9485096112992546	0.9995150899006424	Tsr2
ENSMUSG00000084771.10	42.7374218090709	-0.0223329075268583	0.466903395197327	-0.0478319664336983	0.9618501601748484	0.9995150899006424	A230072E10Rik
ENSMUSG00000025262.9	2.462572803016358	0.8446533479408661	1.904867574010645	0.443418408431654	0.6574631232961609	0.9995150899006424	Fam120c
ENSMUSG00000041115.19	1.3326416776352117	0.4952218597593067	2.6104532265102995	0.1897072334911467	0.8495385522405987	0.9995150899006424	Iqsec2
ENSMUSG00000084885.8	1.4721934432489696	-2.3038557369152106	2.4189077790403912	-0.9524363668916624	0.3408757232492171	0.9995150899006424	ENSMUSG00000084885.8
ENSMUSG00000050148.10	1.3691048005710336	-0.3957377316957834	2.592279684969666	-0.152660121510158	0.8786663104862923	0.9995150899006424	Ubqln2
ENSMUSG00000109128.2	5.682961857972259	-0.8597876990142744	1.1001287928435772	-0.7815336755180482	0.4344886784288508	0.9995150899006424	RP23-106P7.5
ENSMUSG00000084932.2	3.0756265024353877	-0.3626715683230002	1.5740222676831497	-0.230410697338372	0.8177726494855659	0.9995150899006424	Gm15156
ENSMUSG00000047485.7	268.7270254717585	-0.6997494179030439	0.3425388941850139	-2.042832010560213	0.0410690705900852	0.9995150899006424	Klhl34
ENSMUSG00000031303.9	47.877432555308246	-0.2132183375960021	0.4613025989931829	-0.4622092701436375	0.6439312560884741	0.9995150899006424	Map3k15
ENSMUSG00000085695.2	2.520320442780845	-1.964284254224396	1.7588103528694057	-1.116825501407682	0.2640689429278039	0.9995150899006424	Gm15243
ENSMUSG00000031370.13	4.175556282102112	-0.096092141105325	1.3190844630496803	-0.0728476028617326	0.9419273899505348	0.9995150899006424	Zrsr2
ENSMUSG00000031342.18	4.613929482213972	-0.2871043461633302	1.4438516293896104	-0.198846155878706	0.8423830896801967	0.9995150899006424	Gpm6b
ENSMUSG00000087263.2	1.7692270279323126	-0.7620902837434276	2.220093736422436	-0.3432694175208548	0.7313957858609461	0.9995150899006424	Gm15726
ENSMUSG00000121607.1	2.737643163974697	0.9255370225689992	1.5587042590410205	0.5937861638605054	0.552655144371685	0.9995150899006424	ENSMUSG00000121607.1
ENSMUSG00000121913.1	13.34892028698826	-0.5859136018499254	0.7672420105935314	-0.7636620437359367	0.4450686654069261	0.9995150899006424	ENSMUSG00000121913.1
ENSMUSG00000121606.1	4.423056220988073	0.1131707192719562	1.2376907343982175	0.091436993205723	0.9271453685245588	0.9995150899006424	ENSMUSG00000121606.1
ENSMUSG00000064337.1	3.4819535176908043	1.5056161743636427	1.5940247461418229	0.944537516125666	0.3448950399913569	0.9995150899006424	ENSMUSG00000064337.1
ENSMUSG00000064339.1	6.854724382293092	0.9264300227931604	1.177651300077044	0.7866760073483141	0.4314715526122875	0.9995150899006424	ENSMUSG00000064339.1
ENSMUSG00000064341.1	2.422144531323337	3.1111365667286948	1.9670541674772883	1.5816222136468523	0.1137358398309868	0.9995150899006424	mt-Nd1
ENSMUSG00000064345.1	2.7225202661076677	1.7251287694914568	1.6449937728915958	1.048714468054793	0.2943095533358862	0.9995150899006424	mt-Nd2
ENSMUSG00000064351.1	4.064343610757393	-0.3345905462382453	1.295908929068077	-0.2581898609795508	0.7962603824876383	0.9995150899006424	mt-Co1
ENSMUSG00000064363.1	2.240457220434508	-1.2450548105803276	1.781622811088279	-0.6988318755414922	0.4846571055276809	0.9995150899006424	mt-Nd4
ENSMUSG00000064367.1	27.171485124788244	1.4226055980733603	0.5922870980628666	2.401885171441573	0.016310827562845	0.9995150899006424	mt-Nd5
ENSMUSG00000064368.1	47.99906119328521	0.7273662016279451	0.5257810885465938	1.3834012243357574	0.1665418753578723	0.9995150899006424	mt-Nd6
ENSMUSG00000064369.1	2.653545875788524	2.961925268986598	1.9204475206579517	1.5423099236639557	0.1229982985966895	0.9995150899006424	ENSMUSG00000064369.1
ENSMUSG00000064370.1	7.786438082086917	2.177386157971522	0.984318930680025	2.212073841216542	0.0269615632431437	0.9995150899006424	mt-Cytb
ENSMUSG00000064372.1	2.11752879927985	0.4809994319830716	2.1917386226355364	0.2194602162025489	0.826291567324543	0.9995150899006424	ENSMUSG00000064372.1
