event	F	p_omnibus	padj_omnibus
3	12.1147871275242	0.00136625670095591	0.002417788598674
4	104.225636524946	5.01259887303049e-07	1.91669613460036e-06
10	24.5051398225365	0.000114982155881976	0.000256318896984924
12	316.847743529779	6.43170701945942e-09	5.06826726066208e-08
13	3.61004494746211	0.0506317181311467	0.0644512500517477
14	10.413946766298	0.00226351416854678	0.00385696042011006
15	7.93766500755281	0.00542745921326942	0.00849995793765065
16	45.740856078303	1.14541326862192e-05	3.13072579143868e-05
18	9.87558539600736	0.00269455924571868	0.00450462162359349
20	23.2568288885444	0.000138944230180976	0.000304239066677234
22	88.0887579354027	9.54668907247897e-07	3.38999037028135e-06
23	33.2900308981353	3.74201416539829e-05	9.18522581916869e-05
24	125.160124913822	2.48135101597367e-07	1.01219297986309e-06
25	1.19093454238678	0.399654234353	0.412971393941524
26	5.25516650571239	0.0184871888050964	0.0257585554675572
28	804.528856143845	1.50866947752562e-10	3.32765578465918e-09
29	5.94735182809769	0.0125593964893368	0.018192542285728
30	12.219400858109	0.00132716263792834	0.00235493837760622
31	6.00018964741587	0.0127116518935246	0.018381619669274
32	657.802372320657	3.71822728638982e-10	6.32846557968014e-09
34	108.346254154497	4.31964832536971e-07	1.67662365866087e-06
36	3.214939009203	0.0670465892892858	0.0828535256333068
38	707.340089710932	2.21381793105029e-10	4.2991618379052e-09
39	1058.66693750296	4.48800132508586e-11	1.83730459822911e-09
44	24.3350343707801	0.000107952532564073	0.000242014704911811
47	2.21778702963616	0.149416534781412	0.169766762998332
49	2763.68548776782	1.00260131910841e-12	8.48343944725585e-11
51	210.484864679921	3.33744445682639e-08	1.75556691987413e-07
55	9.79019020716516	0.00277210826116891	0.00462382349504463
58	2.64163207337876	0.104428679586954	0.123237909781536
60	2.18709173803214	0.153510824029253	0.17386141702104
63	8.06544115504931	0.00516174622297358	0.00811385957501925
64	6.47428125784029	0.0101435932581771	0.0149901454261933
68	2763.68548776782	1.00260131910841e-12	8.48343944725585e-11
69	1.91251710518011	0.196831984774628	0.217750438143467
70	67.4087047412909	2.647525121265e-06	8.42212188231515e-06
73	14.9978573398365	0.000658024997465156	0.00124759348911207
75	18.5562215422518	0.000311847390303176	0.000632125972883543
79	94.4141179861387	6.09223913348031e-07	2.27908173911457e-06
80	37.3392918790095	2.44476800995788e-05	6.24422635747326e-05
83	10.0428627069673	0.00255037543050675	0.00429022257168176
84	32.5033640322723	3.62897108570907e-05	8.93073583876319e-05
87	6.00539546043211	0.0126792961753296	0.0183393092176989
88	2.13830980698736	0.160299489871496	0.180779489434286
89	10.2334435426593	0.00239769422047052	0.00406338851726663
90	5.00313598882147	0.0213952515995131	0.0294159877492842
91	48.4496421700937	9.22813488087839e-06	2.57700343703172e-05
92	1006.982047131	5.47156572794104e-11	2.06420915965572e-09
94	5.53560225033471	0.0160668522874681	0.0226959136891662
96	7.43491195736467	0.00651391254909825	0.0100134710688578
98	20.1092713360864	0.000234279918053527	0.000487233130137303
99	67.3000048624008	2.66380928039294e-06	8.45991547869565e-06
101	8.12634093495302	0.00504084192974199	0.00793855537087525
103	12.9693846371462	0.00108434431891753	0.00196049188063142
104	2.43167932923266	0.124275562645258	0.143878842366666
105	850.21517611996	1.23995798637655e-10	2.9854760785806e-09
106	17.5964918937234	0.00037626918893228	0.000749123497830553
107	22.1882782877096	0.00016463395500725	0.000354734438877956
112	0.796592691789695	0.598653002146678	0.606641870267711
113	2.22939701800513	0.147902361774575	0.168498882244818
115	6.42364955642597	0.0103848090589176	0.0153198565519225
117	1.41255264696095	0.319147698671762	0.336055434530284
118	18.0524765192374	0.000343764767461796	0.000689975844688655
119	11.5199874391016	0.00161825120349911	0.00282990902814445
121	29.2265753907078	6.04481832992629e-05	0.00014252969334456
122	9.56152425278478	0.00299399039343509	0.00495761954160358
123	127.328887021183	2.32264083530098e-07	9.53526177816908e-07
124	3.92170130287424	0.0410837600959016	0.0535155542648941
125	3.7026458155031	0.0475312841117178	0.06094994496508
129	2.28575556769799	0.140810191501566	0.161163046234546
131	212.145527836716	3.23747152635323e-08	1.71095328488313e-07
132	2.45628951053258	0.121724524102241	0.141339807147143
133	103.374852409703	5.17268740604015e-07	1.97281567971512e-06
135	34.6442362950574	3.22857785950518e-05	8.04834455465033e-05
136	0.857358459262921	0.56295998168044	0.57194030385819
137	5.38729998992238	0.0173658296945487	0.0243392828397567
138	46.5241090587268	1.07470154228979e-05	2.95930136447346e-05
139	830.292187975455	1.36938947973669e-10	3.16831792518766e-09
140	1.92809250445185	0.19401249001485	0.214831927156095
142	14.4443537559822	0.000749454764409006	0.00140253414521155
145	22.1880377725541	0.000164640380293011	0.000354734438877956
146	147.772243013171	1.05978918629293e-07	4.79903008441363e-07
147	2.69899405037909	0.0996940521759033	0.118121198447264
148	23.8672102529784	0.000126515898880893	0.000279876085220202
149	4.12763526013158	0.0359847321199647	0.0474693916139311
151	103.612186997493	5.1273911094766e-07	1.95680009931894e-06
152	33.6886165239235	3.58086305539385e-05	8.82991335432879e-05
153	101.766230772863	5.49332878076254e-07	2.07904066252119e-06
154	880.786658288198	9.2958633880012e-11	2.7106190318302e-09
155	319.88710595194	6.58965128575746e-09	5.16276515417215e-08
157	134.503297082838	1.88079562766807e-07	7.91752132386494e-07
158	2763.68548776782	1.00260131910841e-12	8.48343944725585e-11
159	41.0949574989022	1.71041759061903e-05	4.49858054584214e-05
160	1.36291756054158	0.334720652425305	0.351080294725532
161	174.564146073415	6.88057464690975e-08	3.29722035870926e-07
164	93.2954170851229	7.6636704917732e-07	2.796791147429e-06
165	16.8605770337824	0.000437319333482973	0.000859403587332332
166	7.32784000672136	0.00696025262429823	0.0106416046189258
167	2.62265662262146	0.106055136169052	0.125007874931203
169	1.37414049433169	0.331711968796989	0.348171183977417
170	11.9654492270084	0.00142460270564697	0.00251353048124725
171	0.5149506849282	0.782632499224205	0.785417196358009
173	188.590483376596	5.1040673250978e-08	2.55332692285087e-07
174	0.966485495389014	0.503468138759536	0.513879335838831
175	136.333708756431	1.45276589525836e-07	6.3130831970765e-07
176	402.419617802551	2.70228448781563e-09	2.64555884650115e-08
177	74.9487420462423	1.7686174971102e-06	5.83919812451712e-06
178	19.9811440644566	0.000239687528196883	0.000497780234751101
180	5.00624608126904	0.0213581983283729	0.0293778611621328
181	25.7473072265716	9.6071707646697e-05	0.000217936700264798
183	21.2090608185176	0.000193627051905093	0.000410029684817256
186	94.3289091871132	7.34716312870862e-07	2.69456639079512e-06
187	2763.68548776782	1.00260131910841e-12	8.48343944725585e-11
188	96.2052254283859	6.52031533458922e-07	2.42282482602083e-06
191	1800.89891395352	5.47267999652977e-12	3.41207195994167e-10
194	802.425588708119	1.48045727495806e-10	3.30896167531193e-09
195	4.52834966088641	0.0281310153572204	0.0378509777284907
199	30.5998513813734	5.1061944511e-05	0.000122346236787481
202	5.72479021801244	0.0145809217258168	0.0207702679061956
205	10.4847272393943	0.00221347652985752	0.00378257977101734
206	140.702843252852	1.58109007661929e-07	6.81571799404373e-07
207	323.890768797871	6.27907423895829e-09	5.04626278390095e-08
209	3.80600065558186	0.044343723770012	0.057284160499407
211	91.40431173165	8.28848244524764e-07	3.00628790711585e-06
212	269.707091643537	9.96744321061347e-09	6.30254808792419e-08
214	2.1817664518593	0.154234840303019	0.174571557254879
215	253.714875756221	1.6189656612782e-08	9.55092989218206e-08
216	58.7557680845868	4.45768439059713e-06	1.33550149951982e-05
218	1.40016636283003	0.323139887985569	0.339956937218211
219	2.33838373206544	0.134555829801409	0.154692193306239
222	1.2861967545378	0.362602706999348	0.378115463654426
224	5.71282790521936	0.0146696538364641	0.0208866249214848
225	141.966400830668	1.41786853907887e-07	6.18590908898849e-07
226	5.11956515906321	0.0200610734767135	0.0277685763502159
228	32.1455251523205	4.25822868143799e-05	0.000103282098608342
230	6.67047042270567	0.00927260526474588	0.0138306826953135
231	5.8093201392084	0.0135390997754937	0.0194640990219052
233	16.276753379292	0.000494821417751089	0.000962504846416978
234	2.5099504716238	0.116379605869944	0.135825892722695
235	394.62698113102	2.72324240317325e-09	2.65292183453868e-08
237	39.9628468411469	1.69596005023218e-05	4.46849260566068e-05
238	68.3403780887896	2.13193172894684e-06	6.91914061948063e-06
241	12.2459619192793	0.00131746099809149	0.00233912514739086
243	3.80032943071242	0.043496316789463	0.0563492310463668
244	10.8828146042955	0.00195649021918186	0.00337949593707034
245	11.3572334839898	0.00169717236523781	0.00295918513962424
246	1.22791948370835	0.384805471638146	0.399020099529541
248	7.93486579591729	0.00517964080845373	0.00813982820601524
251	1.54099104184835	0.280883156989802	0.299382929431455
252	1.8050864544816	0.217660268452695	0.238123710758277
253	418.744973827948	2.31534066680069e-09	2.34023255451545e-08
254	4.96585995038957	0.0218456554925706	0.0299795684621167
256	2.39216992655256	0.1283166396405	0.148151940855884
259	2.48923113550432	0.118210169874696	0.137799416683296
260	3.75836488489449	0.0457788177303126	0.0589580207472585
261	10.7610675184318	0.00203091384411295	0.00350294196234158
262	43.4734292563322	1.24363161051921e-05	3.36672976104599e-05
265	0.856646655259473	0.562887435285821	0.57194030385819
266	11.5580880377458	0.00160044500867781	0.00280290827510309
267	7.65464728784225	0.00607980988672182	0.00940718755461163
268	508.840815471886	8.14176638067534e-10	1.08857070593093e-08
269	3.12953805899759	0.0714215963786156	0.0876928099814553
270	0.953579938427535	0.509636934681164	0.519815853608097
271	174.344208926768	5.5419417444768e-08	2.73313246898719e-07
273	11.8879349701137	0.00145612056693683	0.00256531889291102
274	272.310173970089	9.59736160061878e-09	6.09926746356921e-08
275	80.2501928591155	1.36288420950183e-06	4.65802837442549e-06
276	370.571543029262	3.52280803232869e-09	3.25009220801913e-08
278	2.87132255890615	0.0869693440217403	0.104275187174244
279	1.39433440908586	0.325038959136163	0.341833408196643
283	4.34829768296776	0.0313645885936258	0.0418312223012938
284	176.446323614457	6.60133810435461e-08	3.19070768636819e-07
285	13.5755409579702	0.00092768630658001	0.00170536498878752
289	6.42021469281513	0.0104014317602909	0.0153405578476601
290	110.562517637368	3.99657440021869e-07	1.56248912029672e-06
291	5.45951779742787	0.0167175162834059	0.0235364509024514
295	399.268973464443	2.78609196071825e-09	2.69640893518532e-08
297	3.02539550390616	0.077243542856385	0.0940734467902694
299	151.338041699646	9.65282042962706e-08	4.43206631044039e-07
300	45.8813302221389	1.13231053728342e-05	3.09777150684974e-05
310	140.031282643092	1.6105069775785e-07	6.92237505674706e-07
312	80.8405202631465	1.32529240549114e-06	4.5400271357571e-06
313	19.7142895423626	0.000251462687756674	0.000520228256927273
314	24.8107141041625	0.000109925514856811	0.000245972355306721
316	700.59324640522	3.12668870643323e-10	5.51171940720359e-09
318	1.93053426959505	0.192009029054302	0.212732786960089
319	5.50510416592094	0.0157598118982628	0.0222940926375474
320	7.81944058620214	0.0056887415372965	0.00886617116412056
322	7.05278657905864	0.00782816153766919	0.0118674688476106
323	104.533495941437	4.95620689557762e-07	1.90003970501659e-06
325	436.263547271869	1.49535041531911e-09	1.68063766791938e-08
326	5.35040880211151	0.0177091254341226	0.0247793881281144
327	1058.07943678438	4.4978755148273e-11	1.83730459822911e-09
328	2.53268316250819	0.114201738943273	0.133547265500693
329	74.4607659387979	1.73752097982811e-06	5.74293346178678e-06
332	124.383675980299	2.49567254260445e-07	1.01663469531266e-06
334	6.45701024736644	0.00984173006196284	0.0145950343407626
342	5.17921332103323	0.0189710064777603	0.0263954125834565
343	880.10001645918	1.19340501921533e-10	2.93300328996368e-09
345	9.54737448008964	0.00300843966139298	0.00497876169724242
346	545.639030898145	7.5049413665748e-10	1.02187971756833e-08
347	99.6119561021954	5.96289571918669e-07	2.2395834714485e-06
349	4.912122364651	0.0225159802823063	0.0308423106410962
351	23.2457357286795	0.000139183970489598	0.000304538846401881
354	0.778546602894989	0.609592007481278	0.616882532088093
355	205.320710633425	3.67415351711779e-08	1.91567000720851e-07
356	192.344493769808	3.76809302953373e-08	1.95947454029221e-07
357	197.65954826992	4.25639522255388e-08	2.17520525480471e-07
358	605.909988980538	5.50227750990499e-10	8.22979537655739e-09
359	7.45554754842734	0.00659832645123995	0.0101270644948669
362	39.5656019570807	1.90944490303294e-05	4.97345741454007e-05
364	2.95500218018386	0.0815116752532365	0.0985695493109269
365	44.7748741574686	1.24087121214756e-05	3.36215928158738e-05
367	12.2533466993067	0.0013147794706183	0.00233646528787045
368	2.70428359431134	0.0992708115676547	0.117737488369087
369	2.38933342098377	0.128818961017915	0.148702924597371
371	13.4414273174731	0.000959763004746581	0.00175529555404851
374	18.7971410727693	0.000297899120755909	0.000607386055847591
377	60.6416471848492	3.64632040215301e-06	1.11875306901814e-05
378	272.310173970089	9.59736160061878e-09	6.09926746356921e-08
379	106.17232947977	4.66906778095838e-07	1.79810718248482e-06
380	9.31609476829217	0.00325750094874209	0.00534612860055401
381	87.9762792793533	9.59344225817454e-07	3.40047627140441e-06
382	174.190787229319	6.93771820309573e-08	3.31655406916352e-07
383	135.8269846516	1.81118181146078e-07	7.6735549851804e-07
386	2.81315588672642	0.0910288313757069	0.10879213555988
388	0.849683010888567	0.567369109190366	0.576123304257593
390	1.53977712176834	0.281219411117157	0.299633490204519
391	53.794958584495	6.22147973266698e-06	1.80371142714569e-05
393	341.490119991875	4.46935606702272e-09	3.85327452474172e-08
394	1.87005455029864	0.20476941269378	0.225604395718984
398	7.30403854547578	0.00703043174175137	0.0107461283113273
399	24.3097971406852	0.000118368270574584	0.000263272724976816
401	272.310173970089	9.59736160061878e-09	6.09926746356921e-08
404	91.2819108640539	8.33109051881939e-07	3.01804581914173e-06
405	1800.89891395352	5.47267999652977e-12	3.41207195994167e-10
406	174.084182734368	6.95414361869741e-08	3.31904856192947e-07
407	18.0451945373944	0.000344255518443015	0.00069049286682627
410	97.9623383254699	5.97612793725821e-07	2.24184693405977e-06
411	5.62029407293452	0.0153793401573074	0.0218067516386917
412	175.125703453777	6.79573554092416e-08	3.264488370551e-07
413	21.8447679149847	0.000174140898499207	0.000372763477343985
415	48.2464278374658	9.37512527962026e-06	2.61515404397542e-05
416	75.9146631617687	1.68439024797875e-06	5.60485586448211e-06
417	87.0046426028144	1.00095338770487e-06	3.52683492583591e-06
422	272.310173970089	9.59736160061878e-09	6.09926746356921e-08
423	7.9164223105345	0.00547328114043003	0.00856718926923019
425	225.864033367741	2.00385486787223e-08	1.14343279213942e-07
426	0.711092715313205	0.651639584313797	0.657971574819403
427	913.900768752195	1.02826600096618e-10	2.7106190318302e-09
430	1.23993156484787	0.380111209061384	0.394705240405081
431	10.6443501594302	0.00210562665127098	0.00362126209508653
432	85.0310320074676	9.14951211094254e-07	3.2685500743735e-06
433	34.7524995984801	2.91280760896967e-05	7.32903970600142e-05
434	9.71835862391653	0.00283951795074402	0.00472960203100587
436	2.16852090085817	0.156053604493746	0.176461531007342
437	28.9077055197719	6.29306929246054e-05	0.000147794803406993
440	11.6098847545735	0.0015766303240682	0.00276447051789697
441	3.99575193455914	0.0391527397048761	0.0512376662112199
442	167.642247619469	8.04428583400092e-08	3.76650632369861e-07
444	3.04949982854697	0.0758455439221134	0.0926253931238511
445	295.925123118694	8.91410644093922e-09	6.09926746356921e-08
448	0.513252676406842	0.783788022384674	0.786443580651266
452	80.8602632627781	1.32405783305709e-06	4.53842276921132e-06
453	14.8991938750819	0.000673252198776202	0.00127401686049567
454	78.2065154840691	1.50382447692163e-06	5.07819405747253e-06
455	10.0705018691227	0.00252749180704513	0.00425777416755641
456	330.383097454414	5.81349915284834e-09	4.74288643007172e-08
457	24.2718016939648	0.000119041376520854	0.000264670447872755
458	439.248888700869	1.9227297083873e-09	2.02639289373273e-08
460	374.783420607105	3.56269605798061e-09	3.27581913613789e-08
461	0.956977211828522	0.507733974495089	0.517965609875028
463	2.85791092861296	0.0878853090639295	0.10522431485459
464	3.97796024764368	0.0396062234718759	0.0517739266439905
465	18.9790102163575	0.000281682417022026	0.00057670409817541
466	10.3045316698069	0.00234368943956254	0.0039809786494204
469	24.9950107377019	0.000105794162672392	0.000237715791164104
470	6.56532136750358	0.00972723530197232	0.0144433228111261
471	355.755264037352	3.37591330129208e-09	3.1390164024416e-08
472	86.1918536679638	9.92030849608665e-07	3.50166789167588e-06
473	9.67714061351997	0.00287912762134514	0.00478615573988978
475	2763.68548776782	1.00260131910841e-12	8.48343944725585e-11
476	1.9805073072612	0.184871027102384	0.205593521127942
477	5.9676677880863	0.012916138909622	0.018645452293856
478	2.40136849379653	0.127507454130193	0.147275087912077
479	1.52766502464577	0.284599852915562	0.303126223488379
480	14.0492854243989	0.000824620174161795	0.00153014576803268
485	2.40418017444928	0.127203395323602	0.147009894732038
486	2.32570519554249	0.136031257446131	0.156206502104194
487	8.15118188046845	0.00474572897411197	0.00750401469524599
488	24.7576360574875	0.000110783506126583	0.000247705061075028
490	3.323028798031	0.0619729795474475	0.0771795537972101
492	2.19244767594146	0.152786768870495	0.173131056441542
493	21.3945346789197	0.000187670694057616	0.000399272098025596
494	47.2433025330121	1.01453862974934e-05	2.80505633089897e-05
495	3.67628986685521	0.0481344841286705	0.0616433620527817
496	1.31419746886907	0.352435500063513	0.36809653797852
498	8.81614471128304	0.00389068303478523	0.00627744909153716
499	25.5219277668664	8.90788255362962e-05	0.000203554739063072
500	5.17585621094651	0.0194532771570579	0.0270029905322836
503	9.90955767908291	0.00266446579547983	0.0044580878267308
505	34.6486424350457	3.22705691804033e-05	8.04794026339068e-05
506	5.89218440667957	0.0129113146450548	0.0186430318485274
507	30.0091036032222	5.15404448448159e-05	0.000123144031793402
508	132.527272226539	1.991093207014e-07	8.30510215855206e-07
509	100.194195935417	5.83116930417685e-07	2.19847331563587e-06
510	2.21533702455666	0.149738451090975	0.170021547793986
513	44.5713271582583	1.26224571621288e-05	3.41071230708435e-05
515	21.0092251678956	0.000200312799650388	0.000423128642057507
516	12.9066495723253	0.00110239491024949	0.00198887756728837
517	23.8262519232127	0.000127305029516773	0.000281170926465775
518	5.62727935280914	0.0153242903933444	0.021735098658951
519	1.61669346071978	0.260799782085852	0.280297062111141
520	15.1323536654349	0.000589021766379236	0.00112905369652564
521	29.7758559961591	5.64533344037473e-05	0.000134017274418195
522	2.58591095320394	0.109293657587287	0.128441732914584
523	913.900768752191	1.0282660009662e-10	2.7106190318302e-09
524	2.86355331293036	0.0874985187790845	0.104805761189832
533	33.1993501957973	3.77994144724483e-05	9.27063900291145e-05
535	10.0869650457708	0.00251398356146906	0.00423863496572196
536	3.4607794237214	0.0561756630696558	0.0707932877365045
537	0.887500461256515	0.545798502633151	0.554981035381314
538	0.4178371792715	0.847826272012017	0.849403756618264
539	3.79292117417888	0.0446355937121502	0.0576235007752976
540	860.065257957925	1.02143127431512e-10	2.7106190318302e-09
542	34.0561065239595	3.43993572867249e-05	8.54286763980173e-05
543	33.7937314728664	3.53982412639649e-05	8.73599095860267e-05
544	11.1320719713949	0.00181449284452344	0.00314522713436123
546	8.65511290297277	0.00412696642254455	0.00662260149572782
547	26.8008972208569	8.30057063367493e-05	0.000190353014300874
549	63.2327918698755	3.37502280559837e-06	1.04496916244428e-05
550	64.698467910601	3.09399029645112e-06	9.67055647803693e-06
553	52.6286382273953	5.82259897868244e-06	1.69553853248457e-05
554	20.3363748918513	0.000225066005021422	0.00046972020709721
555	197.665871782571	4.25586860836815e-08	2.17520525480471e-07
558	72.1569109045236	2.04369444673539e-06	6.66197149587986e-06
559	18.9417414972774	0.000289902612796064	0.000591896992620161
561	168.844299757465	7.82538796545857e-08	3.67855340630247e-07
564	272.310173970089	9.59736160061878e-09	6.09926746356921e-08
565	45.9966567359391	1.12169391550437e-05	3.07583012107981e-05
566	12.1771440247808	0.00125320637048358	0.00223514304716906
568	0.944560522113411	0.514938286981935	0.524863099947341
569	13.2623107587538	0.00100480637879263	0.00183065769965818
570	148.810777894262	1.2739975493346e-07	5.62286697817351e-07
571	412.466215369949	2.45535570001063e-09	2.44011271999378e-08
573	5.83663493039635	0.0137828975653261	0.0197704196038926
574	565.162769329516	7.14825156868906e-10	9.89231169190311e-09
575	0.36029150486205	0.884485906857762	0.885831928697755
576	272.310173970089	9.59736160061878e-09	6.09926746356921e-08
579	20.1697752024872	0.000231779615912631	0.000482711204307494
580	4.07695406879857	0.0362397687466775	0.0477739039142156
581	312.650429543183	6.40234450964009e-09	5.06826726066208e-08
584	6.26058552955923	0.0112120507168271	0.0164134889757209
588	322.443092839386	6.01108030993535e-09	4.86680103885185e-08
594	1.75306646954949	0.228676108671878	0.248842291321612
595	122.450938586469	2.21080729599865e-07	9.12516488794423e-07
596	1.3850001907421	0.32810456788197	0.344629075290815
597	66.0542361338913	2.79905429682891e-06	8.84202592006275e-06
600	52.9129688113084	6.62187824316016e-06	1.90302692063259e-05
601	49.9119629522611	8.25143515402715e-06	2.32729763891918e-05
604	137.899931697291	1.63724042026924e-07	7.02199493791072e-07
605	4.30333641237221	0.0320376086707796	0.0426903838373516
606	150.859138274228	1.09515991293134e-07	4.92901503955367e-07
607	22.4832776591336	0.000150364309527655	0.000326708659329531
609	63.3369477421861	3.35401954610868e-06	1.03900929767791e-05
611	10.550793041199	0.00216801761532764	0.00371561583784307
612	135.685919023016	1.81844473216098e-07	7.69881926275161e-07
616	131.138524153718	1.69120703105893e-07	7.21167692221889e-07
617	3.59126993866386	0.0512905885585493	0.0651778923047173
618	2.48103537961635	0.119223369800639	0.138816595110907
619	89.8401438116763	8.85430238166956e-07	3.17842624282599e-06
620	2.62554175728284	0.105805855310429	0.124738869626527
621	129.038381599071	2.20644199983343e-07	9.1136379497661e-07
622	30.6295672603853	5.08798715902246e-05	0.000122008696125061
623	2.57942420399166	0.109877830338205	0.129000275340573
624	4.03379873232848	0.0382044264009935	0.0501073555299125
626	8.43256719084298	0.00448392672651656	0.00714508958868916
628	11.4342603671682	0.00165923321220524	0.00289729903180768
631	59.1204846453274	4.35448871382738e-06	1.30789232515211e-05
632	425.140949962442	2.0441899758623e-09	2.13917618852162e-08
633	14.5953606404838	0.000668769533647059	0.00126593862185731
634	18.9491041976361	0.000284613913230968	0.000581901349004841
635	1.51050205811403	0.289469988750275	0.307704727811895
640	55.9291143578679	5.37138500381916e-06	1.57420650062449e-05
641	90.1809176338521	8.35937443202396e-07	3.02644100005366e-06
642	408.243036018256	2.55554810123729e-09	2.51855431008793e-08
643	59.4836977738651	3.64732766549727e-06	1.11875306901814e-05
644	1.42059055061557	0.31658670608493	0.333774129608587
645	23.0349089741648	0.000143840624198362	0.000313684836939211
646	5.15340203930849	0.0196929305878649	0.0273100510119231
647	3.02327606773545	0.0762655124311968	0.0930120734663072
648	746.25539099353	2.14040272205161e-10	4.19788255718929e-09
649	34.205707095558	3.38456456431198e-05	8.41241121041539e-05
650	18.326119870694	0.000325943362252393	0.000657996773899429
652	234.211504524169	2.20711174440569e-08	1.24739721966745e-07
654	1.24191252597879	0.379343015629716	0.394045717568364
656	300.487332633512	8.07556258477664e-09	6.0623012914616e-08
659	16.7065927710483	0.00045163267117173	0.00088488928592463
660	79.1659647856639	1.43548461254912e-06	4.87242140981571e-06
663	272.310173970089	9.59736160061878e-09	6.09926746356921e-08
665	272.310173970089	9.59736160061878e-09	6.09926746356921e-08
666	2.61727477377199	0.106522058188732	0.125433429553054
667	3.61623123259453	0.0496800712824946	0.0633624164957398
668	9.25146818712467	0.00333167721131862	0.00545124975763541
670	752.264800080482	2.07414402306159e-10	4.15249979791293e-09
672	4.50061272482197	0.0286011408486267	0.0384311608998222
673	531.992320771902	9.12836649931879e-10	1.13825925843085e-08
674	174.840166247163	6.83870876278645e-08	3.28161946428819e-07
676	1.81075555889243	0.216497960216493	0.237184219330416
677	12.6892216080442	0.00116794709098568	0.00209628806663884
679	18.410827448298	0.000320662932659551	0.000648220665577651
680	3.41566083418866	0.0579976443851399	0.0727805316478171
682	4.95411164367859	0.0219900555392192	0.0301428139224243
683	10.7096942659054	0.00206338208802867	0.00355376915015812
684	6.43130489364339	0.0103478811625132	0.015269182891272
687	132.808733865254	1.97489541083496e-07	8.2608089819036e-07
688	10.2435070919812	0.00225113770119714	0.00383807962124083
689	29.3588680114328	5.94543968743441e-05	0.000140522104025036
691	86.742750280299	8.46833083857302e-07	3.05840997297976e-06
692	29.4227218774318	5.8982067571267e-05	0.000139517087150405
693	1.39342880413852	0.325334974226825	0.342083978758297
694	5.34582625307987	0.0177523583491028	0.0248340147618648
696	10.5872741808885	0.00211000525354384	0.00362773907597683
697	14.4306753206882	0.000751909867579282	0.00140579613184094
699	18.4571216849183	0.000317822451973349	0.000642917480545815
700	26.997207720819	8.08233138421974e-05	0.000185981541525771
701	38.87781607918	2.10359021765958e-05	5.43848313365242e-05
702	50.0611591059418	8.15924411168574e-06	2.30458764299068e-05
703	3.45585347747594	0.0563711065184577	0.0710093713119577
704	14.5334595624975	0.000720749454337223	0.00135266128581729
705	7.43766842247004	0.00664755343934619	0.0101924563865512
707	103.323478471357	5.18255843522987e-07	1.97530846923208e-06
708	236.615638333153	1.66880054563088e-08	9.79225763751584e-08
709	389.065352315561	2.35004887426154e-09	2.36126971710298e-08
710	608.533837834892	5.41052078425395e-10	8.13965265933861e-09
711	18.7929364406819	0.000277692584670038	0.000569914476438197
712	322.217916747735	6.40655669676174e-09	5.06826726066208e-08
713	2.84441146712454	0.0888192600857555	0.106321034253826
714	2.46005635339921	0.121339704037139	0.140920601374897
716	109.994455568217	4.07640535653539e-07	1.59054999517517e-06
717	5.081886616426	0.0204811756104079	0.0283037804807387
718	7.3832177296019	0.00680033400649632	0.0104159240549464
719	813.28889152979	1.27443745179082e-10	3.0560700513996e-09
723	13.6934600884141	0.000900587321614798	0.00165966979026896
724	21.4312445937124	0.000186519184405954	0.000397250316158383
725	1.66253087188534	0.249448054420784	0.269296904814799
726	1.44469291257858	0.309045189766865	0.326637162560518
727	2.33121908156359	0.135387197962098	0.155617770915876
728	0.788054695055807	0.603809642063575	0.611448881850326
730	77.289757340977	1.572984508721e-06	5.28762045695489e-06
731	1.25596067425731	0.373943292772001	0.38898245927091
732	49.5017482388079	8.51174640686188e-06	2.39501539039634e-05
733	18.5593833008631	0.000311659089206996	0.000631960556444039
734	5.72431632072485	0.0145844241468627	0.0207702679061956
737	4.2987352391911	0.0323348521996942	0.0430187173357566
738	272.310173970089	9.59736160061878e-09	6.09926746356921e-08
741	2.04806647992625	0.173835161323177	0.194122485014551
742	13.5816339459086	0.000875369250439575	0.00161621323888828
743	4.89007470916591	0.0227984136123037	0.0312075349724231
744	7.95943183647938	0.00512017820689232	0.00805279222501944
746	611.727197914037	4.91186672117476e-10	7.55661989338133e-09
747	2.86352673487098	0.0875003358236909	0.104805761189832
750	23.2092895433097	0.000139975294694056	0.000305931243716935
752	66.7268043209728	2.75179175801128e-06	8.71596929556192e-06
755	48.5301060784642	9.17073381858005e-06	2.56581277314358e-05
756	3.31344135251294	0.0624033942087727	0.0776829138080204
759	18.7838009508027	0.0002839116867207	0.000580866639187117
761	5.35379417819893	0.0176772713448654	0.0247523589067701
762	117.534090354025	2.59454862819108e-07	1.05329071451513e-06
764	52.6599412993345	6.52350448705475e-06	1.88069672806564e-05
766	2.75263321982452	0.0955023183277042	0.113632027210726
767	36.0991045044285	2.77171418973726e-05	6.99781037758474e-05
768	75.4420076271674	1.65651123923373e-06	5.53073059187227e-06
769	104.284059697797	5.00183551773376e-07	1.91381600591324e-06
771	2.54205040869323	0.113318796335208	0.132619488380446
772	272.310173970089	9.59736160061878e-09	6.09926746356921e-08
773	1.06331201526202	0.455695010696655	0.467373428286803
774	1.48934938241013	0.295603787001388	0.313381283409562
775	12.5643231522999	0.0011409434024728	0.00205183284464548
776	7.79598752066148	0.0056047332388157	0.00874982471626393
777	2.08188363715121	0.168607905061832	0.189033621366881
778	10.5037379316295	0.00220027403756521	0.00376218912370055
779	4.09965067838427	0.0366295323194296	0.0482554982046223
780	19.1557192729891	0.000278557446199933	0.000571491428417805
784	179.508797838268	6.17672472201129e-08	3.013570060006e-07
786	1.95226312784708	0.189731617151838	0.210507787650673
787	596.647859136998	4.33950452484431e-10	6.94672575693321e-09
788	3.18300020355989	0.0686430182761337	0.0846144843391342
789	3.0249141952257	0.0772717792585298	0.0940762073069419
790	1.05355231586124	0.460299852883189	0.471851164525291
794	14.7686085862378	0.000694092778766937	0.00130843778759916
797	84.8461763411014	1.10181464700399e-06	3.84563827590137e-06
800	1.91070561701091	0.197163056761122	0.218075963622059
802	7.17051903957293	0.00716223039382831	0.0109334769645992
804	555.296904184143	5.76442436781627e-10	8.5143854190962e-09
805	23.9409894344572	0.000125109855430245	0.000277122540655699
806	43.8373508295983	1.16980639842535e-05	3.19003835077042e-05
808	1.47196839050052	0.300754880190601	0.318329370151703
809	79.869934631622	1.38780971999488e-06	4.73029228044816e-06
810	32.9390304350897	3.89153581185093e-05	9.50889711781893e-05
812	37.1895080170483	2.45187524996375e-05	6.25967978686866e-05
813	17.9975712979853	0.000347486748942392	0.000696266581185991
814	5.16448213589009	0.0195742150443121	0.027158134389192
815	1.36176928246546	0.335875526300957	0.352042247793411
818	204.367197654803	3.74092057801679e-08	1.94705382984125e-07
820	78.284303076935	1.49813361462056e-06	5.0618627492285e-06
821	1.48113943455261	0.2980243014259	0.31566486719342
823	6.72562844206961	0.00904474541040033	0.0135351255850938
827	713.888292920395	2.7006565501854e-10	4.92184269130711e-09
829	8.01400257718921	0.00500996829650139	0.00789203250536641
830	3.05576205006667	0.0754874579230479	0.092245144064001
831	4.97673763216943	0.0217130093262387	0.0298182597355232
834	60.4795473768235	3.9954030525356e-06	1.20985543354644e-05
835	8.22761686032414	0.00484752884152334	0.007646315134046
837	272.310173970089	9.59736160061878e-09	6.09926746356921e-08
838	66.5934723069186	2.47203094036531e-06	7.90596072342534e-06
839	5.85677799105576	0.013344250966199	0.0192119587926098
842	0.708594998952204	0.65336062509683	0.659596894911969
844	1.05609493039876	0.459095703922774	0.470698261093057
845	293.127472464963	9.24871658482816e-09	6.09926746356921e-08
846	13.8397393717414	0.000868336477322381	0.00160573117551685
847	797.918422039141	1.40285619377407e-10	3.21799466009985e-09
852	63.9591997648329	3.23190349285561e-06	1.00697340285028e-05
853	757.211221978841	1.69583714812738e-10	3.59730282009196e-09
854	12.6430585406	0.0011154584517368	0.00201060876738803
855	2.97629149265711	0.0801909117308735	0.0971906630206597
856	21.1633000779643	0.000195132992640954	0.00041292344244815
857	2763.68548776782	1.00260131910841e-12	8.48343944725585e-11
859	7.04698860380984	0.00776012027131304	0.0117673303550914
860	664.292975031664	3.57827233054743e-10	6.12546445486486e-09
861	913.90076875219	1.02826600096621e-10	2.7106190318302e-09
862	5.97305424855294	0.0128819879596129	0.0186052218202359
863	38.7423824180203	2.13111825289726e-05	5.50004941695446e-05
865	12.382503776456	0.00124804457443723	0.00222789873851469
867	755.801079806777	1.99304242416724e-10	4.07061733735949e-09
870	39.7276151974288	1.69973399341653e-05	4.4744553080027e-05
872	0.694244134644288	0.662589119301767	0.668685526260754
875	52.2109773403407	6.96392664928398e-06	1.98878194521259e-05
876	272.310173970089	9.59736160061878e-09	6.09926746356921e-08
877	4.71813588094894	0.0251596695993117	0.0341633936351957
878	6.19809480909593	0.0111216428639801	0.0163053194760778
879	1.71149926957614	0.237951212712232	0.257845779892892
880	2.033118922131	0.176207431155966	0.196549268312013
881	272.310173970089	9.59736160061878e-09	6.09926746356921e-08
882	4.47359302609934	0.0290685525185085	0.039014964098601
884	31.7527270576151	4.45581143081558e-05	0.000107721514713146
885	8.17908742500339	0.0049389793419203	0.00778434663177061
888	461.080879052513	1.41106463678113e-09	1.60417194695866e-08
889	2.31017058879335	0.137865869952294	0.158221187313977
890	2.08939702672625	0.167472250861474	0.187938261055799
893	2.46958353376622	0.120372996003694	0.139962555031386
894	6.11871831954965	0.0119998001450644	0.0174716854127867
895	1.49734245104711	0.293268709919096	0.311072809607952
896	2.56430398691464	0.110217385084053	0.129372317588115
898	2.96694120137527	0.0807677268285437	0.0978297026596042
901	23.2990920256537	0.000124579277363193	0.000276153839753814
902	228.265182877993	2.43824814777382e-08	1.3509582581164e-07
906	2.98869079614052	0.0786440850687909	0.0955146966035187
908	35.6827649681133	2.89366323473629e-05	7.28706094359823e-05
909	475.242202107373	1.41557853388592e-09	1.60595858628533e-08
911	25.4865267111165	8.95366050450174e-05	0.000204443065413122
912	1.42119305517889	0.316395673595382	0.333632112285108
913	118.815077400491	3.03093387653867e-07	1.21053414367758e-06
915	1.80950647012711	0.216753424468672	0.237394699173067
916	853.853330381292	1.32444497895834e-10	3.11297127395645e-09
917	317.791086321082	6.20466964195498e-09	4.99324161539394e-08
918	108.640137481124	3.73453525219238e-07	1.46487763567784e-06
919	1.7865062232205	0.221309555025289	0.241625160260791
924	1.98663762229318	0.183835754877571	0.204557425538202
927	2.71513243002452	0.0980824309924019	0.116363630602512
934	1.94611063289822	0.190810526268237	0.211523628502109
935	6.9048274720051	0.00835123452563356	0.0125863516782004
936	7.18415240354154	0.00739770368569468	0.0112639071800436
938	75.6367916694233	1.70809417204814e-06	5.66781052159166e-06
939	42.8424008920577	1.46382368668208e-05	3.90106603611626e-05
941	5.8764087534337	0.0135123167277431	0.0194350296207922
945	1.03168915737739	0.470785107126944	0.48209892626433
946	1.29771710414909	0.358381124716322	0.373976638776388
948	10.0741810028466	0.00252446514846391	0.0042538853696591
949	640.528079353715	4.03455358428166e-10	6.66631308283136e-09
950	6.73109163886921	0.00902255998528759	0.0135054332110329
951	23.3645322519122	0.00013176927264964	0.000289706533743064
952	2.6791933156097	0.0998698231947019	0.118305792556444
954	8.34635287636696	0.00463256484986981	0.00734440085807787
955	3.42360399247831	0.0576716405773987	0.0724780664417425
958	638.370521406633	4.27401797652768e-10	6.86043590107682e-09
959	20.0931150030988	0.000234953295392177	0.000488290655651881
961	172.695078196781	7.17270732369593e-08	3.41785562978688e-07
962	3.84442547479849	0.0432266013602495	0.0560488528583096
963	45.5190827301226	1.1664893292408e-05	3.18245799037e-05
964	3.11363443990396	0.0722747910034853	0.0886852262510137
966	5.72801713296423	0.014557100565306	0.0207458087706245
968	4.8583508113434	0.0232125969493048	0.0316850189022244
969	4.84990619835489	0.0233244263898698	0.0318245974446439
970	272.310173970089	9.59736160061878e-09	6.09926746356921e-08
971	13.8164043498958	0.000873382917641383	0.00161304865019954
974	10.9331101709153	0.00192674477970816	0.00333103016059878
975	80.4619050746947	1.34925026469506e-06	4.61675870467294e-06
976	4.21206789089632	0.034122962552381	0.0452350732313681
978	1.32260026625621	0.349031495878518	0.364669880064996
979	9.2655542512826	0.00327117049663166	0.00536261911197047
980	23.0281948282428	0.000143992113435446	0.000313899627485516
983	1.50167306274364	0.292012364976613	0.309962228988617
984	272.310173970089	9.59736160061878e-09	6.09926746356921e-08
985	3.19306246347797	0.0681350558189782	0.0841108661141742
986	12.8440259499616	0.0011207910998419	0.00201960623193295
987	1.36260336070008	0.335167318606415	0.351362128868283
989	892.294699060188	8.83503839192494e-11	2.7106190318302e-09
990	60.2883529380184	3.53938645424447e-06	1.0903109003726e-05
991	3.34380170924314	0.0610529210654481	0.0761618474032539
993	15.2977798189	0.000566880762525936	0.00108978732763425
998	24.0176183826415	0.000111626402024317	0.000249495539316991
999	88.7298532222532	8.06770952282971e-07	2.93159776096444e-06
1000	913.900768752191	1.0282660009662e-10	2.7106190318302e-09
1002	272.310173970089	9.59736160061878e-09	6.09926746356921e-08
1003	4.83121640487349	0.0235743277108757	0.0321425868911856
1004	3.26341062123831	0.0647103219964344	0.0802510965629986
1005	8.90452681166796	0.00376819561092248	0.00609809360751197
1007	580.251529099671	4.84491308579084e-10	7.49253791309117e-09
1008	3.11312640011168	0.0723022526698049	0.0887005473411878
1010	4.29443431556401	0.0315646134308267	0.0420885198898664
1012	339.44089587878	5.23401580727503e-09	4.36020754240366e-08
1013	244.415373862015	1.87102628925252e-08	1.07802419370065e-07
1014	539.415070296229	8.64933628786869e-10	1.13825925843085e-08
1015	7.69476380398735	0.00598158564125517	0.00927216219658581
1016	89.3883167121386	8.50153465149295e-07	3.06566185097373e-06
1017	1163.66623815114	3.08632266396589e-11	1.37830338658356e-09
1018	56.2258269989143	4.51877165564066e-06	1.3497067330489e-05
1019	4.87986131458676	0.0229307452704818	0.0313741751529369
1020	9.86942695586238	0.00270006009095181	0.00451254399512065
1021	2.41811885616485	0.12570899115163	0.145424678631075
1023	361.286076813737	3.85642134102439e-09	3.43611062110036e-08
1024	2.27565704092053	0.142050236572723	0.162425395988463
1026	6.03947784018922	0.0124699878120217	0.0180895757557199
1027	7.06725545639594	0.00766374606779562	0.0116271434322627
1028	272.310173970089	9.59736160061878e-09	6.09926746356921e-08
1029	2.17626215342308	0.154987524579538	0.1753229770979
1030	4.17468534520069	0.0349321165281994	0.0461733823245984
1036	2.46382695962721	0.120955980979789	0.140530065779382
1037	2.86723176996396	0.0872474823877824	0.10454518271957
1041	18.8706004138497	0.000268180489182144	0.000551922528639972
1043	17.2139829647187	0.000378029521648371	0.000752375287877453
1044	5.66855710306078	0.0150039646595234	0.0213267297044293
1046	14.9899196809321	0.000659233957890529	0.00124948567442739
1047	65.7887148603136	2.90380988720055e-06	9.14368206373676e-06
1048	9.52103929786382	0.00293727451816277	0.00487597448740978
1051	65.5284754206933	2.94784012310062e-06	9.2626297342838e-06
1052	502.917714060464	1.1358889723339e-09	1.3564254804705e-08
1054	3.10029993746603	0.072999855898565	0.0894822323028146
1056	6.71325138138084	0.00900322242372499	0.0134866177075678
1058	3.62719522781484	0.0489626000470756	0.0626361728032027
1060	272.310173970089	9.59736160061878e-09	6.09926746356921e-08
1061	42.4490154356445	1.46413469496648e-05	3.90106603611626e-05
1062	4.32414275864269	0.0309854833146448	0.0413628617698087
1064	4.83085524227124	0.0235791896069899	0.0321425868911856
1065	6.04078157161997	0.012257580295302	0.0178207259208879
1066	61.1395411511514	3.8344455889434e-06	1.167682325106e-05
1067	10.124516591335	0.00241988215694566	0.00409630237656163
1069	2.40332843550095	0.127295410399895	0.147058848410099
1070	40.9155085615885	1.73860375845521e-05	4.56258310205149e-05
1071	10.3916443086987	0.0022795740403748	0.00388097644183384
1072	61.5244157039812	3.68129597046513e-06	1.12800393342292e-05
1074	421.757126521522	2.25173175009812e-09	2.291581985538e-08
1075	272.310173970089	9.59736160061878e-09	6.09926746356921e-08
1076	6.52384679459946	0.00991420819039077	0.014687807681762
1077	39.9029306602436	1.90906908115968e-05	4.97345741454007e-05
1078	6.73677902220781	0.00899953646036657	0.0134845065658364
1079	3.66257364940917	0.048463543131426	0.0620513545109027
1081	3.59982041845592	0.0509892182941454	0.064860572971048
1082	3.06331566886043	0.075058292812962	0.0918154209688504
1083	52.9727115281141	6.57612419157607e-06	1.89204943933392e-05
1084	60.8577674658959	3.90214835286662e-06	1.18525254841174e-05
1085	154.347399711929	1.106575181315e-07	4.97287162285945e-07
1087	2.9694024514245	0.0806154000567529	0.0976651696739921
1089	27.0886003249554	7.14542393748172e-05	0.000165774954883291
1093	8.04827509973846	0.00519648068229983	0.0081619610398467
1094	9.71104190223841	0.0028464990576166	0.00473888643294261
1095	2.06699551809332	0.170885668189064	0.191261491436853
1096	3.54133063369973	0.0528224560994309	0.0669091974929276
1098	2.44677838395532	0.122702806439253	0.14230834590556
1102	3.19114995495719	0.0682312451773127	0.0841968192450206
1104	3.41351383505173	0.0580861526421035	0.072859864908763
1105	2.5202797014159	0.11538381347419	0.134743361042513
1106	28.948796398033	6.26036901192205e-05	0.000147085147392361
1107	3.04420014375916	0.076150225279239	0.0929208455560224
1109	248.31335317198	1.75976553908042e-08	1.02488606568076e-07
1110	5.8585028625927	0.0135902708694166	0.019523447576899
1111	7.09248969634044	0.00735700629977262	0.0112105861367515
1112	5.18040811225244	0.0194051391823672	0.0269488017296978
1113	3.26078631645059	0.064834211561802	0.0803374550377727
1117	9.16240266319218	0.0034374090274636	0.00561029861385144
1118	1.10866386201903	0.434675454163714	0.447286781621208
1119	156.367773230334	1.00011294738309e-07	4.56720816295301e-07
1120	11.7929371163312	0.00149595029118063	0.00263079381670513
1122	3.00231718378442	0.0786118695141258	0.095511405770701
1123	38.8582543451413	2.10753859408413e-05	5.44631374029683e-05
1124	0.278169338715205	0.931507990896494	0.932137494522712
1125	299.877765365012	8.46684483790905e-09	6.09926746356921e-08
1126	19.6301446344087	0.000255325628947194	0.00052729905866605
1129	63.1387958300119	3.34381216418916e-06	1.03638929610112e-05
1130	346.829774658546	3.85704297446905e-09	3.43611062110036e-08
1131	0.789031705563424	0.603217840482127	0.610954047396655
1132	23.2507705864739	0.000139075095112812	0.000304413077735841
1133	8.4547338941642	0.00444667972573824	0.00708955155196435
1134	36.2250813688234	2.50945355708926e-05	6.37918172473805e-05
1136	4.34989529213744	0.0313339198256059	0.0417997313349243
1137	12.3305629555392	0.00128714708224895	0.00229286380997309
1138	1.73109285264049	0.233525313824023	0.253420746386898
1139	379.041401221873	3.40972725161789e-09	3.16053435232125e-08
1142	13.7211919593548	0.000894359113945937	0.00164921825401675
1144	20.4075863886425	0.000222270899644683	0.000464541474451467
1146	9.21877717644596	0.00337000546850682	0.00551243921291519
1147	859.226873991447	1.0253812708288e-10	2.7106190318302e-09
1148	155.963387303756	1.06299319556801e-07	4.80986149530124e-07
1149	1.91938219047102	0.195583287515411	0.216449890125893
1150	13.5883487280471	0.000924693859111486	0.00170091979115445
1151	91.2555216467822	7.6931294253619e-07	2.80581315187306e-06
1152	3.55352507936956	0.0526476061876202	0.0667591032860789
1155	4.29729941595952	0.0323635132472833	0.0430471791968693
1156	1.73306072314517	0.233086153539308	0.253083279085851
1158	272.310173970089	9.59736160061878e-09	6.09926746356921e-08
1160	20.6622037222668	0.00019314920796905	0.000409164076824278
1163	0.922454660800655	0.526749166933216	0.536716895879139
1164	1.27199317050581	0.367882613711112	0.383283855938596
1165	48.8391643634572	8.95438501312265e-06	2.51002472469122e-05
1169	2.08212862100171	0.168570730111934	0.189027723296665
1170	32.1207321046079	4.27037043742149e-05	0.000103491833473189
1174	8.83874353645457	0.00385889450325059	0.0062312519473155
1175	663.992802321133	3.81145384867419e-10	6.43169263410177e-09
1179	38.2489893736102	2.2353122189356e-05	5.75641490119806e-05
1180	12.9518193354388	0.00108936070946059	0.00196835981761289
1181	272.310173970089	9.59736160061878e-09	6.09926746356921e-08
1182	3.64565859911455	0.0494104846566687	0.0630865058463998
1183	28.7828188070141	6.39378027592391e-05	0.000149922250887954
1184	3.13262806932579	0.0712572669833513	0.087527331468766
1188	351.975379956237	4.54659266981349e-09	3.90282150482685e-08
1191	981.194420843947	6.06335383434011e-11	2.21079252583677e-09
1193	1.72840789845453	0.234126067545846	0.253979615031877
1194	38.4488899834259	1.94016212157058e-05	5.04538262514468e-05
1196	3.78339333055725	0.0450177359093579	0.0580662129336078
1197	1.62913394609332	0.257660619065349	0.277174690650937
1198	23.6690704305032	0.000130391378433472	0.000287210165288751
1199	131.176457891594	2.07119539960929e-07	8.61495108980746e-07
1202	159.639197444659	8.34679397142179e-08	3.88969793019129e-07
1203	3.62575781747702	0.0500883490213123	0.0638007077963941
1204	2763.68548776782	1.00260131910841e-12	8.48343944725585e-11
1205	272.310173970089	9.59736160061878e-09	6.09926746356921e-08
1206	209.426453449517	3.28218934743657e-08	1.73111375822501e-07
1207	1.23200017160682	0.383203783536945	0.397568052178897
1208	13.5260306150248	0.000930198696126667	0.00170945295599077
1209	23.8346594504932	0.000127142541375833	0.000281099392522977
1210	33.8469779430313	3.51926105633547e-05	8.69727876029079e-05
1211	0.986793645849532	0.493060239259808	0.503777091105028
1212	1.88350854375581	0.202214057518086	0.223019582473251
1215	6.8500389559685	0.00840110619912782	0.0126550742668957
1216	13.6755209570512	0.000839509386390539	0.0015563111410301
1217	27.4417146747065	7.12347548406642e-05	0.000165338472122565
1218	5.73949357086991	0.013958504394843	0.0200039248803908
1219	21.07572455588	0.000198056252351464	0.000418959708099187
1220	1.6590606005631	0.250287100672825	0.26997823662086
1221	10.1449211282486	0.00246714441606001	0.00417258274183653
1222	71.6770803733218	2.09625604862001e-06	6.81455794510226e-06
1223	1.38889112144985	0.326822762909673	0.343404510327123
1224	1.87545567084313	0.203738989012465	0.224594459691202
1225	10.2689477588012	0.00237052923319466	0.0040196520607535
1226	5.29717570411032	0.0182195656208459	0.0254215517484736
1227	2.6902270170117	0.100400417071505	0.118886779351165
1229	1.48263089235573	0.297582907139737	0.315253721872413
1230	5.72898901687439	0.0145499356253221	0.0207410995689007
1231	2.65480082304162	0.103317836793074	0.12204857345939
1233	272.50960447931	1.22723422017592e-08	7.50944584670647e-08
1234	630.524365142716	3.48823183363307e-10	5.9886368552489e-09
1237	272.310173970089	9.59736160061878e-09	6.09926746356921e-08
1238	508.902284732123	8.13788089032661e-10	1.08857070593093e-08
1240	11.3157722390246	0.00171804465642387	0.00299141295151225
1241	272.310173970089	9.59736160061878e-09	6.09926746356921e-08
1244	1.87047653882003	0.204688683785037	0.225565629963528
1247	0.733789620938543	0.637356311999246	0.64409852174911
1248	10.4824329609272	0.00221507656552035	0.00378422223754747
1249	902.076160531632	8.45740324011363e-11	2.7106190318302e-09
1250	90.4810852920798	7.51124310873301e-07	2.74963491551456e-06
1251	15.4594189704013	0.000592268452537565	0.00113417589537019
1252	116.642541210742	2.67283365008827e-07	1.08136569053776e-06
1253	12.4295579412157	0.00125277816719767	0.00223514304716906
1256	184.266927404799	5.58278440588045e-08	2.74869759235494e-07
1265	1.78209964007551	0.222449163471957	0.242690439352441
1266	13.8279774461858	0.00087087552812373	0.00160942145181805
1268	2.37609686799715	0.130280362532761	0.150272753122014
1269	17.8558567638676	0.000357329979680855	0.0007150221181249
1270	186.917236324281	5.28297350993318e-08	2.62729236770229e-07
1272	3.36547739762818	0.0601108024932687	0.0750814599678681
1273	11.6381084554244	0.00156384090845558	0.0027444828743059
1274	2.92263230829905	0.083571517401066	0.100710904896544
1275	5.12381628445928	0.0198504931998956	0.0275092351948951
1276	271.357458498254	1.24756170300621e-08	7.61784326485135e-08
1277	4.48627657396887	0.0288479657499538	0.0387276747817263
1278	4.77278922074509	0.0243773883966486	0.0331543677321125
1279	4.69123456459936	0.0255562087272913	0.0346270266691704
1280	23.9288976674084	0.000122275446285875	0.00027124998814653
1281	313.323361329436	7.14179359219285e-09	5.52952201915794e-08
1282	392.26824919886	2.98432235492155e-09	2.86485272418158e-08
1283	1.97878043816282	0.185163911568099	0.205764699478021
1284	29.2341491228584	6.03907287641945e-05	0.000142450930493956
1287	72.4907220469428	2.00810206828291e-06	6.55316173577945e-06
1288	2.43288569587951	0.124149006845808	0.143788534913516
1289	2.39399241797744	0.128309318130677	0.148151940855884
1290	6.75169205552068	0.0089395140701524	0.0134023362575553
1292	26.7900927798271	7.44502045548185e-05	0.000172051721255634
1293	9.92158713812197	0.0026539109362352	0.00444545092627859
1294	53.2529289191897	6.463817604579e-06	1.86484128942628e-05
1295	1.83529253065795	0.211550997246028	0.232040103090411
1296	308.608702689902	7.57460266469344e-09	5.80392905342551e-08
1300	40.3357908985437	1.83373952514324e-05	4.79524909820018e-05
1301	150.548447220216	1.21822076214797e-07	5.4170582388907e-07
1302	1.1991740734962	0.396293957108488	0.409785109628766
1303	18.1923200643793	0.000309808897312707	0.00062885472884961
1305	25.8832550032847	9.42472846788824e-05	0.000214208237587498
1306	27.225563164744	7.0130166520275e-05	0.00016334289276429
1307	10.4550119019102	0.00223431283129277	0.00381378527370233
1308	246.754888747406	1.80322432051544e-08	1.04301734867314e-07
1309	124.740011832327	2.43363383043807e-07	9.95470523320768e-07
1310	5.16009017753827	0.0196211647056283	0.0272168989581818
1313	1.94833258092403	0.190420041735705	0.211141060572885
1314	138.580485557163	1.67644154265675e-07	7.16418705422505e-07
1315	4.12781425261364	0.0359806535116165	0.0474693916139311
1316	778.9891258629	1.51134998147954e-10	3.32765578465918e-09
1317	733.380231959588	2.59110646157235e-10	4.7514314464065e-09
1319	4.4979087713606	0.0286474929046988	0.0384847131944956
1321	3.18989461305936	0.0682944734916958	0.0842549815645312
1324	2.93068834287761	0.0830529517061318	0.100147115829686
1326	507.993267630938	1.09238055672763e-09	1.31775357179181e-08
1328	157.209985153089	1.03083844826123e-07	4.68225163270801e-07
1330	509.247244867418	1.08195531999086e-09	1.31051561560449e-08
1331	51.7905045408047	7.17946162326659e-06	2.04540409786474e-05
1332	94.4031404980069	6.09499489238136e-07	2.27908173911457e-06
1333	38.0944996628535	2.2692468470105e-05	5.83619152185984e-05
1334	7.67820087901752	0.00602189683711934	0.00932732608950258
1336	358.328734171871	3.27379443223724e-09	3.06329927679956e-08
1338	52.9829368824043	6.58895396579067e-06	1.89448419123195e-05
1339	3.51829402557864	0.0539545737809549	0.0682702286914325
1340	375.999159561694	3.13687115106618e-09	2.96417765615308e-08
1341	660.882195021264	2.89628576770802e-10	5.21419471189501e-09
1342	275.581210392661	1.1750387856916e-08	7.23467227406586e-08
1343	8.10992920847476	0.00507307169050773	0.00798294463944667
1345	1.35975522728011	0.336558858221777	0.352696057545574
1347	272.310173970089	9.59736160061878e-09	6.09926746356921e-08
1348	2.14166795857067	0.159527562970431	0.179943202337433
1349	14.8019732106451	0.000688691865012303	0.001298669823772
1350	227.018626538507	2.49050254905283e-08	1.37476669133643e-07
1351	2.87854123905403	0.0864811865341986	0.103794947890995
1352	9.76177023005234	0.0026626128005656	0.00445624628927664
1353	613.717998059424	5.23481003120844e-10	7.99118036465143e-09
1356	3.59759570095384	0.0510674191506116	0.0649221557478156
1357	686.18176716599	2.49638778600443e-10	4.63514258824585e-09
1358	146.169191418558	1.3650823508835e-07	5.98031269547556e-07
1360	305.315822640062	7.89655872491023e-09	5.98098687054262e-08
1364	17.1747144574167	0.000409842416673854	0.000810787118890861
1366	19.8154936751949	0.000246913273525106	0.000511710048666622
1367	355.380279338119	3.87274221084975e-09	3.4395960491168e-08
1371	260.745258356755	1.45622645904462e-08	8.69478761786417e-08
1373	1055.67202189509	4.53862244884115e-11	1.84125073729357e-09
1374	2.8400688405819	0.0891222884353565	0.106640669576286
1375	4.88596037346668	0.022851606904718	0.0312731210019974
1378	366.103050586439	3.90219977603992e-09	3.45481752966883e-08
1380	895.975377423874	8.68763450488345e-11	2.7106190318302e-09
1381	10.3564953355943	0.00230517583331937	0.00392005640561315
1383	0.969312798240407	0.502006695923652	0.51247598413578
1384	5.91964648127486	0.0132256591401595	0.0190504812955167
1385	659.879663541813	3.73076735660272e-10	6.33161462841201e-09
1391	2.5454017743329	0.113004924777864	0.132330598944106
1392	1.51923945637184	0.286978863767036	0.305330664647414
1393	9.7108397896221	0.00284669220469523	0.00473888643294261
1394	3.02365389490615	0.0773457761038142	0.0941469444847701
1396	551.792764102755	7.38710159444049e-10	1.01516943721278e-08
1397	201.172253376228	3.97604394249045e-08	2.04605632244752e-07
1399	44.9804905151165	1.21973896146933e-05	3.31399718751507e-05
1400	48.5149447481023	9.18151519105691e-06	2.56761635866998e-05
1401	742.143313585655	2.10293923783708e-10	4.17511082070569e-09
1402	59.2532541051724	4.31766808375581e-06	1.29814964772008e-05
1403	481.248664802628	1.34094340087314e-09	1.54550818420992e-08
1404	61.6498055068674	3.71555496612602e-06	1.13615033889336e-05
1405	342.203518450957	5.07185608024422e-09	4.24902454926259e-08
1407	1201.95516062381	2.71497698050191e-11	1.26620540594589e-09
1408	1.8241494262306	0.212230252332115	0.232698960489285
1409	72.074047816921	2.05265216973858e-06	6.68381462416801e-06
1410	322.460028424371	6.38790624701738e-09	5.06826726066208e-08
1411	5.77189857925915	0.0142379422495347	0.0203355032418602
1412	44.8959264016507	1.13047845745591e-05	3.09690173580892e-05
1413	5.6619654853794	0.0150545521244858	0.0213935010156741
1415	1.54760603731724	0.27905890345866	0.297813673006422
1416	971.512346849721	6.30610856295866e-11	2.25265236418423e-09
1417	2.91075454243103	0.0843433657389253	0.101579047432219
1419	88.1946390231937	9.50293948483218e-07	3.38256674090511e-06
1421	632.919044764536	3.43633214814042e-10	5.94843335385261e-09
1422	94.4778076674921	7.30292613737591e-07	2.68166345391677e-06
1423	10.4600210325389	0.00219939087140927	0.00376176498162203
1425	320.302337686136	6.55655654185292e-09	5.14364031753574e-08
1426	6.20344083642938	0.0115213422025369	0.0168371354220642
1427	654.073041784778	4.08555064843453e-10	6.66631308283136e-09
1428	9.43122317764204	0.00304275065388568	0.0050257144793544
1430	7.33091002207473	0.00695126460323007	0.0106306068280226
1432	5.9011740554215	0.0131807072884952	0.018994970625245
1433	5.7302839919499	0.014540395632448	0.0207324899689431
1438	18.9718599302567	0.000288271087721243	0.000588971939487037
1439	29.2081335192988	6.05883711978523e-05	0.000142746588148321
1440	43.8239807346295	1.17116442705258e-05	3.19227192886905e-05
1445	1.5486032645462	0.278785074603917	0.297669519480352
1447	16.9805500933793	0.000391518324355815	0.000776872038579395
1449	811.142308062191	1.28783543237447e-10	3.07311448073499e-09
1450	169.514885718388	7.70652047847563e-08	3.63421343901363e-07
1452	926.803814823639	8.62382734959492e-11	2.7106190318302e-09
1455	57.4418209659357	4.49809876130377e-06	1.34420983669032e-05
1457	279.275254670127	1.11590415337917e-08	6.9137032431641e-08
1458	177.192254853788	6.49461972705425e-08	3.15308464289691e-07
1461	4.58569845457304	0.0271891177383255	0.0366919900578952
1463	1.34012310773284	0.3433012550369	0.359189778057509
1466	31.0941632150007	4.36662165502828e-05	0.000105694728495025
1467	34.4910507324758	3.28201986219363e-05	8.1781252182469e-05
1468	4.53629134224514	0.0279981835204405	0.0377236671955344
1469	66.9935623476464	2.71039917424227e-06	8.59405476929173e-06
1470	4.71036689091156	0.025273396237762	0.0342863779011142
1471	146.938328061585	1.33774047426172e-07	5.87953725161294e-07
1472	411.643249537947	2.47448762075766e-09	2.45500672994098e-08
1473	400.567012885067	2.75117398343689e-09	2.66697275022859e-08
1476	1959.764287509	3.91499150270165e-12	2.54818622752768e-10
1477	127.468835262346	2.31284359191855e-07	9.50657362590811e-07
1478	28.101192239767	6.98060819035921e-05	0.00016271602641282
1479	3.18903276348772	0.0683379244622356	0.0842734804475997
1481	3.69128854977939	0.0478986356164045	0.0613671984414942
1483	18.5443067397207	0.000312558270716814	0.000633133596941069
1484	2.5208684968702	0.11532736391116	0.134730567346311
1487	214.878040118523	3.08101924293238e-08	1.64108605898278e-07
1488	8.34910429281014	0.00462772670755728	0.00733919353656271
1489	29.85239333732	4.97837247542613e-05	0.000119622313070787
1490	17.3186249418507	0.000397979641116677	0.000788900071731619
1491	10.1863570786104	0.00240833202901427	0.00408024902970581
1494	2.05516998513961	0.172721207293546	0.193039157356245
1495	583.629135520353	5.36789276791008e-10	8.11072164906413e-09
1496	5.04590988469068	0.0208925946762078	0.0288118366163397
1498	165.360395806185	8.48140432029508e-08	3.94312070558146e-07
1499	173.863449240761	6.78733637723885e-08	3.26310011058326e-07
1500	24.888615378536	0.000108681317553259	0.000243464237468969
1501	0.711512946064066	0.651493965277737	0.657936701848258
1502	24.8416123912054	0.000109429894506501	0.000245048493444993
1503	44.901867770109	1.22529095020592e-05	3.32755538655188e-05
1504	31.5773620217987	4.10936964047474e-05	9.99580960186114e-05
1505	71.1907565113475	2.1512734258394e-06	6.97427066297033e-06
1506	820.342251835143	1.23703298017636e-10	2.9854760785806e-09
1507	13.2667508438683	0.000986317405329847	0.00180029522088403
1509	17.8275696261562	0.000359336491440816	0.000718551667388236
1510	55.252852260534	5.62401721466312e-06	1.64255690150146e-05
1511	188.898851390098	4.04535330519805e-08	2.07811167620885e-07
1513	1.43198977017959	0.312994356389426	0.330280700676033
1514	53.8111079259648	6.21443610127032e-06	1.80255166639687e-05
1515	28.0055252613546	7.06829830240006e-05	0.000164307420899198
1516	70.0912940399038	2.28249946845439e-06	7.35541041983425e-06
1517	1.85958565355649	0.206784304372856	0.227654913531678
1518	9.47059178554298	0.00291641808182097	0.00484270936322556
1519	1.6896818936147	0.242995390498466	0.262878848935601
1521	3.51295059188543	0.0541562912737112	0.0684815783975643
1522	2.41567092625944	0.124460971141162	0.144065337515947
1523	3.92105327316023	0.0411011744641235	0.0535155542648941
1526	1.83985379902875	0.210646173693326	0.231261776976009
1529	0.910638928441769	0.533163494783893	0.542972383013239
1531	3.15876890764822	0.0698855590323257	0.086011660676412
1532	154.831783917429	8.82702288859923e-08	4.07819474018512e-07
1533	54.7605550925883	5.81736556684757e-06	1.6948478235336e-05
1536	5.91715153190308	0.0132419922856666	0.0190693703642118
1537	4.48959193957853	0.028790650241898	0.0386682588169529
1541	8.36115013982273	0.00446008583582636	0.0071090119498384
1543	7.42312912150828	0.00668792427588303	0.0102490492848784
1546	2763.68548776782	1.00260131910841e-12	8.48343944725585e-11
1547	1.63628716317403	0.255875468814437	0.275404397926206
1550	69.8385701157505	2.31407335356241e-06	7.45310303053298e-06
1551	15.2703165659322	0.000618163486173325	0.00118032957079452
1552	2.37144411893838	0.130798831313286	0.150753352377621
1553	474.723420174736	1.42160342736032e-09	1.60595858628533e-08
1555	22.0546625401273	0.000168252495612699	0.000361465190973528
1556	6.06777874827133	0.0122918330224335	0.0178617583395175
1557	2.05833030282526	0.172228364148231	0.192618693513968
1559	94.9488448720044	6.57815990387455e-07	2.44125570868729e-06
1560	272.310173970089	9.59736160061878e-09	6.09926746356921e-08
1561	644.71411126901	4.02198417222318e-10	6.66631308283136e-09
1562	4.03546662238817	0.0381635108695638	0.0500647784895739
1563	34.1404283316244	3.28603691635826e-05	8.18469161294784e-05
1566	32.9346651913816	3.89344214224875e-05	9.5096320859956e-05
1568	2.58819578876301	0.109088797018271	0.128251874700123
1569	640.539794449418	4.41069489438606e-10	7.04165656588912e-09
1573	157.500231343288	1.00377288981037e-07	4.57686437748024e-07
1574	821.752359425073	1.22328290770109e-10	2.9854760785806e-09
1576	2441.44775476658	1.63875717954104e-12	1.19831589807674e-10
1577	78.3292453805332	1.38802093253738e-06	4.73029228044816e-06
1578	2.9197877585083	0.0837555706166817	0.100912173466763
1580	20.575485366311	0.00021585127758791	0.000452722066980592
1581	4.86474490153015	0.023128366381974	0.0316024907859473
1583	6.08975736984445	0.0121690322263168	0.0176963363310764
1584	38.9413672371723	2.02650028659294e-05	5.24834333077831e-05
1587	0.834039064236997	0.576445512310271	0.585038856993443
1588	16.9299678155749	0.000431055506596352	0.000848501749940243
1593	251.729391045905	1.66901614975432e-08	9.79225763751584e-08
1594	77.9626881483298	1.36918768116947e-06	4.67148538915138e-06
1596	3.62702499213279	0.0500448441569585	0.0637590045045526
1597	6.02902431251197	0.0120600558531	0.0175507888987497
1598	2.12403580202716	0.162353861851921	0.182783106585996
1602	3.24642754657421	0.0655172757100645	0.0810990227859377
1603	1.86566729473067	0.205610959880088	0.226489439347176
1607	0.905122865012423	0.536182103999303	0.545858817804722
1608	25.4314357599284	0.000100485060619426	0.000227034236148765
1611	10.5050654241094	0.00219935581822668	0.00376176498162203
1612	272.310173970089	9.59736160061878e-09	6.09926746356921e-08
1613	3.60911208658263	0.0506642065892998	0.0644787485235116
1614	5.68820865282891	0.014854403677844	0.0211192109898871
1618	210.760201286363	3.32060354800044e-08	1.74826087242726e-07
1620	0.756093409297282	0.623410183529425	0.630327503763193
1623	274.773441583429	1.18849038672347e-08	7.30989466309775e-08
1625	184.962566600786	5.50206627457556e-08	2.72026198199591e-07
1626	84.4799315610385	1.12017558070763e-06	3.90282350854782e-06
1628	128.675146186333	2.23050996198572e-07	9.19367467281935e-07
1630	391.695550726133	3.00131148041264e-09	2.86749712739313e-08
1631	1.47702204919092	0.299246705961282	0.316846306651532
1635	2.99529640020287	0.0790340411707542	0.0959062949916774
1637	489.70856352164	1.0708437277908e-09	1.31045607431919e-08
1642	134.887596805119	1.86024388286307e-07	7.84773826082475e-07
1643	4.77425788807454	0.0243567879971906	0.0331339584996234
1644	2441.44775476658	1.63875717954104e-12	1.19831589807674e-10
1645	369.561152886348	3.76227502121254e-09	3.39144896040344e-08
1646	22.966727042105	0.000145388348665238	0.000316593819538311
1647	26.2529040208083	8.95019718374396e-05	0.000204442799534576
1648	3.41825225097037	0.0578910373724979	0.0726920954753668
1649	487.558691559836	1.28151224796591e-09	1.48831314602002e-08
1650	2.48458257066861	0.118869989132801	0.138436953136285
1652	272.310173970089	9.59736160061878e-09	6.09926746356921e-08
1653	86.2292593885024	8.6658015112867e-07	3.11936489728526e-06
1655	153.686441160317	1.12504644175314e-07	5.03731194628402e-07
1657	264.123113912825	1.38535049481045e-08	8.38144124694818e-08
1662	13.174706398149	0.00102780273609675	0.00186910519063587
1663	181.056956056374	5.97512324303678e-08	2.92968998083666e-07
1667	282.114499751029	1.07297641355265e-08	6.68972557628668e-08
1668	140.550445673449	1.58770606769516e-07	6.83926039196975e-07
1669	8.32462310035546	0.0046709984584399	0.00739741279928864
1670	338.937921734902	5.26423662057922e-09	4.37922380669814e-08
1671	2.67433132383001	0.10169682715334	0.120277617258233
1674	45.9328593674172	9.79281655607627e-06	2.7180343234133e-05
1675	18.6262573761635	0.000307709582595034	0.00062523631482346
1677	63.7447813663864	3.27334225078559e-06	1.01827763400226e-05
1678	9.59391150327148	0.00296124373404892	0.00491163445443063
1679	4.00020007413237	0.0390403723685904	0.0511132019317332
1680	202.187192365419	3.89939026170093e-08	2.00912502605936e-07
1681	10.455666307432	0.00223385132149917	0.00381378527370233
1682	2.22439579760506	0.148552338196884	0.168914474782136
1683	309.269597939996	5.81203087357957e-09	4.74288643007172e-08
1684	2763.68548776782	1.00260131910841e-12	8.48343944725585e-11
1686	0.633261498736473	0.702609780150778	0.707146597762626
1687	139.993275523045	1.50363702189828e-07	6.50550918970308e-07
1688	0.737342471381372	0.635120510228273	0.641948597624925
1689	90.8369647745318	8.48831443649809e-07	3.06375907418514e-06
1690	102.883617355274	5.2680498623405e-07	2.00531229657087e-06
1692	1412.94070890252	1.43087529971964e-11	7.93318377277636e-10
1695	42.4421551193909	1.51613932309491e-05	4.02694762811263e-05
1698	22.0800334052484	0.000167557785540913	0.000360234034032243
1699	368.527686333803	3.80342208538453e-09	3.40811936637406e-08
1701	7.14261356011551	0.00738612814809521	0.0112520671350741
1702	655.589323280414	4.01025263916689e-10	6.66631308283136e-09
1703	329.118211444927	5.90071417304518e-09	4.80081456688827e-08
1705	10.6003167361185	0.00213470695020896	0.00366488964234425
1706	11.1428476677737	0.00180865060487243	0.00313601801307359
1707	8.25759393396405	0.00479209790841349	0.00756650228557946
1709	8.82252781574292	0.00388167111626885	0.00626461526475761
1710	15.4805759417108	0.000589456677260441	0.00112952180505131
1713	2.72641021762112	0.0975240257357219	0.115735284398453
1714	13.3531079342731	0.000981649196007163	0.00179232681502787
1715	645.039946032675	3.74864389541461e-10	6.3437765121545e-09
1716	284.416673985386	1.03968245876857e-08	6.52334661365065e-08
1717	702.605332335593	2.38026813396063e-10	4.47565973252343e-09
1718	1.17964314364509	0.404308449623095	0.417562152941166
1720	16.4585349864596	0.00047595039181479	0.000930073959326625
1722	2763.68548776782	1.00260131910841e-12	8.48343944725585e-11
1724	5.70658206453294	0.0147162513334958	0.0209429016454338
1728	1.45075755157221	0.307179701460851	0.324781394457804
1731	1.70786643348877	0.238782567510304	0.258557430962255
1735	135.08808629246	1.76143022995318e-07	7.48418310761312e-07
1737	86.6216154076031	9.65646378524592e-07	3.41668070489914e-06
1738	272.310173970089	9.59736160061878e-09	6.09926746356921e-08
1740	87.15414551653	9.94405577387631e-07	3.50587156837318e-06
1744	1.43424922895411	0.312287784377916	0.329770109978677
1746	22.5053983626153	0.00015642916699971	0.000338643989816988
1747	20.7628985208889	0.000208958030044012	0.000439665510462055
1748	5.57300161107243	0.0157586152690491	0.0222940926375474
1751	1.40651401308922	0.321087029010941	0.337917283729887
1752	3.33831201427936	0.0612944165608796	0.0764148240981035
1754	28.3140407360886	6.79035629902992e-05	0.000158530864639946
1756	6.67334756397064	0.00926054334105504	0.0138228784535101
1757	7.79252763041612	0.00575040827042217	0.00894659001463371
1759	52.1090363827525	7.01542692288368e-06	2.00155942505973e-05
1761	11.7373873048622	0.00151987478781494	0.00266969702497862
1764	72.3712536986271	1.83589291481961e-06	6.04110763026476e-06
1765	32.6835035677494	3.89114469446792e-05	9.50889711781893e-05
1766	581.904658189941	4.79072599237568e-10	7.43796326137471e-09
1767	272.310173970089	9.59736160061878e-09	6.09926746356921e-08
1770	2.21539518078528	0.149730800010212	0.170021547793986
1773	255.04195678847	1.58656080208435e-08	9.3784427452551e-08
1774	79.5288343044008	1.41065750718522e-06	4.79364567702699e-06
1776	16.8890061326905	0.000434739343496814	0.000855184699944081
1777	27.3786638500805	7.52082312651373e-05	0.000173600293758148
1779	1.67699036843369	0.244482116292042	0.264245907809811
1781	5.11052186004388	0.0201609149418521	0.0278937395936907
1782	86.0906811730568	9.53885282380676e-07	3.38923966859073e-06
1783	538.963731718892	7.01834571813671e-10	9.75813654660181e-09
1784	1.77961195024565	0.222974835498999	0.243174360276297
1785	6.6429241245196	0.00938908942644634	0.0139868150585618
1786	3.93609055902804	0.0406994297717833	0.0530903534562808
1787	2.43883032485499	0.123527659871679	0.143121391983034
1788	2.94642819077916	0.0820511428428863	0.0991611750782321
1789	2.12080452636873	0.162823305351081	0.183207149998946
1790	1.54583741750683	0.279545309430277	0.298171595129756
1792	2.68631670494304	0.0992915676889165	0.117738529613904
1796	3.42897780681679	0.0574523725220251	0.0722331569619942
1797	9.53927136282669	0.00290382796250026	0.0048245085615397
1798	9.69772879243676	0.00285925679637288	0.00475712865306646
1799	16.195439247156	0.000503566554973359	0.000978230470681275
1800	5.27881317695464	0.0177908670806217	0.0248702633274775
1801	58.526704244554	4.52407059705966e-06	1.35060837431373e-05
1802	634.03880391668	4.6114699882571e-10	7.26609143273855e-09
1803	212.133401556678	3.23818779732229e-08	1.71095328488313e-07
1804	481.884695578189	1.34119737748422e-09	1.54550818420992e-08
1805	1.96590011496709	0.187366021277357	0.208055670046079
1806	64.229973463044	3.18051032892913e-06	9.91482246223539e-06
1807	3.26118353718313	0.0648154405618592	0.0803310011399648
1810	25.4875869729765	9.96821908858929e-05	0.000225350235350055
1814	157.787032390703	1.01636797480771e-07	4.62361560275429e-07
1815	23.4175120570129	0.00013552907708812	0.000297310638367753
1816	6.88805359226176	0.00805339496983642	0.0121808627186775
1817	878.621903042302	1.17734539552251e-10	2.93300328996368e-09
1818	20.2256123774494	0.00022950182369313	0.000478472123102572
1820	529.562667718655	6.9536018790594e-10	9.6908668069809e-09
1821	702.605332335594	2.38026813396063e-10	4.47565973252343e-09
1831	21.3689924290235	0.000188477168328931	0.000400700024412152
1832	175.213626771197	6.78257146766227e-08	3.26310011058326e-07
1834	6.91604697240972	0.00831006643195036	0.0125274938855795
1835	3.04223846340362	0.0762633851822239	0.0930120734663072
1837	3.79437370328262	0.0446078643880035	0.0576002574166437
1838	808.092451209046	1.39882710284659e-10	3.21799466009985e-09
1839	2.28183770868276	0.141084321902728	0.16144560251736
1842	69.6610593703113	2.24640094316189e-06	7.25091704978086e-06
1843	2763.68548776782	1.00260131910841e-12	8.48343944725585e-11
1844	6.98572971259173	0.00805998585856098	0.0121814994233878
1845	2.87805779083511	0.0851563909113449	0.102454053091183
1846	56.1418924509713	5.29485740332288e-06	1.55717181727316e-05
1847	9.40824115763062	0.00315528197439506	0.00518987368351624
1848	2.00238548561651	0.181207864062414	0.201784955600993
1851	2763.68548776782	1.00260131910841e-12	8.48343944725585e-11
1852	272.310173970089	9.59736160061878e-09	6.09926746356921e-08
1857	3.40887016551193	0.0575837354654485	0.0723829510105796
1858	3.39429979232269	0.0588857174772445	0.07370670004601
1860	4.81558295228312	0.0230716601829044	0.0315378359712308
1861	2.1254946301867	0.162142454790575	0.182579802229007
1862	29.3198783978364	5.97451414640287e-05	0.000141096679781277
1865	14.1962589621852	0.000795597581697554	0.00148279561875224
1866	2763.68548776782	1.00260131910841e-12	8.48343944725585e-11
1867	1.33931700372659	0.343581287994591	0.359419280959372
1869	83.167629386239	1.18920472048885e-06	4.12392245869756e-06
1870	878.6219030423	1.17734539552252e-10	2.93300328996368e-09
1873	39.7820023316353	1.87085540853499e-05	4.88368293730839e-05
1874	4.60179537095978	0.0269318282216918	0.0363696348739354
1875	19.2178970553756	0.000275365715335412	0.000565334881085491
1876	16.0591751614642	0.000477425639856725	0.000932341597385883
1877	0.780504435994009	0.608397942300856	0.615779393753925
1878	6.27596344220297	0.0111305974973869	0.016314409546405
1879	18.6232075446076	0.000307888329833597	0.000625384971743619
1880	3.01699116441636	0.0777384218042381	0.0945277504304049
1883	127.323160437954	2.32304284077292e-07	9.53526177816908e-07
1884	21.9766401896907	0.00017041170685952	0.000365441180205987
1885	11.6200471043505	0.00157201024557358	0.00275800257243255
1886	125.034672955723	2.49094234631967e-07	1.01540616085694e-06
1887	1.0826607684149	0.446702922126767	0.458581604065578
1888	32.1345909824162	4.26357805767886e-05	0.000103369516314498
1891	114.915070205614	2.86938402462772e-07	1.1522279035844e-06
1893	187.85051936579	5.18223152846115e-08	2.58587677700719e-07
1896	0.780507516812325	0.608396064723326	0.615779393753925
1897	0.290865119531748	0.92477859420521	0.925559921168885
1899	227.241835763627	2.48104318730596e-08	1.37210259555679e-07
1900	452.491655621597	1.71304655260739e-09	1.86172013414561e-08
1901	16.411614169364	0.000480733535346996	0.000937873758188491
1902	79.0838940162272	1.44117572773212e-06	4.88893690455747e-06
1903	9.95799409183763	0.00247063276522212	0.00417624368390714
1904	146.95085923174	1.0831800610132e-07	4.88627227827967e-07
1906	2.64250520070515	0.104354576887493	0.123175001774535
1907	35.9416621621692	2.7386125093611e-05	6.92013732634207e-05
1909	308.141150491757	6.44336526638283e-09	5.06826726066208e-08
1910	1.74969630360035	0.229412119757044	0.249414094221912
1913	108.640137481124	3.73453525219238e-07	1.46487763567784e-06
1914	5.08400844880249	0.0204572279899792	0.028277283870396
1916	1.29563777699149	0.358619821514415	0.374159803211181
1917	0.804021536357725	0.594194089058255	0.602432658249237
1918	12.5854086922583	0.00120097013792899	0.0021529497962934
1919	144.409944622804	1.43031012806506e-07	6.22463401067551e-07
1922	10.7298735118313	0.00205055157288096	0.00353436317513068
1923	574.845294696499	6.1230521930694e-10	8.83838703515937e-09
1925	1.04953635045935	0.462208216980149	0.473725431592563
1926	385.102471765977	2.44696035998157e-09	2.4358565062472e-08
1927	62.9178897803655	3.12718931562036e-06	9.75887371781843e-06
1929	23.7802401275995	0.00012645415016127	0.000279876085220202
1930	272.310173970089	9.59736160061878e-09	6.09926746356921e-08
1932	4.66058653873178	0.0260175133799567	0.0351910782711769
1933	3.94416757221609	0.0404856520778037	0.0528302527554155
1935	95.7631749407388	6.93462377742587e-07	2.55911380895286e-06
1937	518.603121996484	1.00798927653113e-09	1.24123087004031e-08
1939	12.5177066051964	0.00122313891187857	0.00219070207894067
1941	1.95160974829065	0.189845849071057	0.210572465177504
1943	2.73862882721598	0.0965755549221426	0.11479370094398
1947	4.80019782957885	0.0239964894251274	0.0326813536134811
1948	16.5014605510749	0.000471626747834417	0.000922538053970691
1949	4.26435815674624	0.0321646459440444	0.0428018867505224
1950	9.56956023211482	0.00298582305812122	0.00494547818043959
1951	3.12725610544111	0.0713773108051959	0.0876566062407578
1952	7.51375564449933	0.00639083835355405	0.00984727772323118
1958	104.076052284835	5.04028982385983e-07	1.92604107269173e-06
1959	224.535968082519	2.59883267626733e-08	1.42083930773149e-07
1962	33.726833266056	3.56587369988784e-05	8.79661387939846e-05
1963	9.80223073131989	0.00276100608562689	0.00460790054808906
1964	42.9157826894779	1.45160271377388e-05	3.87464753207872e-05
1965	1.56302433850108	0.274859519020279	0.293967665431043
1966	2763.68548776782	1.00260131910841e-12	8.48343944725585e-11
1968	80.3664821081037	1.35537404950984e-06	4.63503492797158e-06
1969	3.29712126876234	0.0631445872655484	0.0784736446441131
1970	14.209404949464	0.00079306458578599	0.00147853998791641
1972	282.114499751029	1.07297641355265e-08	6.68972557628668e-08
1973	193.792144205384	4.59440616406856e-08	2.32785865780822e-07
1974	32.4892142447129	4.09429816224001e-05	9.96324076209843e-05
1975	104.009368968665	5.05269611886131e-07	1.92953701560384e-06
1976	2.20181036006126	0.151218934498009	0.171584243109523
1977	21.7770074505475	0.000176096950535961	0.000376369565613896
1979	62.0185937113148	3.63250035346167e-06	1.11651788238471e-05
1980	2.96395635218053	0.0809529343448925	0.0979939158235843
1981	61.4918666827414	3.75185329988934e-06	1.14488547631348e-05
1984	16.1131851832134	0.000512611095632206	0.000994821598764599
1985	1.67293374191607	0.246952396368561	0.26676984200091
1986	2.94173323813273	0.0823484048228875	0.0994076723127794
1988	85.6753430376616	8.88532698188673e-07	3.18570167758566e-06
1992	4.20047093110755	0.0343714643294221	0.0455135665600641
1993	2.99332912534681	0.0788489629000035	0.095735583593987
1994	17.0758737183463	0.000418247930120329	0.000826036175426045
1996	84.3324691189926	1.12767675758437e-06	3.92489582339962e-06
1997	275.695401717731	1.17315264220283e-08	7.23265180580565e-08
1998	87.166259390485	9.93877383182733e-07	3.50587156837318e-06
1999	2.95602554398186	0.0813032873828035	0.0983577146994169
2000	0.795429978024591	0.598997923437596	0.606887564235525
2001	21.4602005047146	0.000185617154236082	0.000395471368539681
2002	911.552835449602	8.11471274741189e-11	2.68510858116875e-09
2003	149.641750455859	1.24693296579418e-07	5.52813170389141e-07
2004	22.5628849462314	0.000154997243599128	0.000335666791165498
2009	14.3529735706115	0.000766049527828112	0.00142997521378062
2010	620.864056527787	4.66016257290239e-10	7.32152332076946e-09
2012	3.38569680603993	0.0592481263501763	0.0741133373541909
2014	272.310173970089	9.59736160061878e-09	6.09926746356921e-08
2015	5.13310528940992	0.0199127357861479	0.0275825851406347
2016	169.529187956423	7.7040100689517e-08	3.63421343901363e-07
2018	4.01582894826868	0.0386487238987339	0.0506452193920798
2019	113.690691734233	3.59047640306324e-07	1.41587162019598e-06
2020	8.3818994020233	0.00457054377215477	0.00726162305860319
2021	279.777856857069	1.10815002817355e-08	6.89450905133604e-08
2022	468.042598865124	1.34412428446072e-09	1.54587342463317e-08
2024	1.59898067534459	0.265346091220132	0.284769867421063
2025	9.01671501424839	0.00357240937100341	0.00580504271727111
2026	16.4731783740144	0.000436176067747466	0.000857726045573786
2027	1345.98329547114	1.73424909519397e-11	9.25401566741793e-10
2030	62.4428688980111	3.53981299850925e-06	1.0903109003726e-05
2034	140.269663330707	1.40348013152389e-07	6.14398582336734e-07
2036	30.3226113668554	5.28006974087441e-05	0.000125749308706068
2037	1.54899707056678	0.278677024351399	0.29762063022599
2039	25.027875657547	0.000103696354025369	0.00023353365205029
2041	107.134660717923	4.51016986885285e-07	1.74144303345602e-06
2042	27.1874107745889	7.06288397871195e-05	0.000164246022009858
2043	5.43266054498849	0.0168639346470583	0.0237087787596786
2045	431.94309796483	2.05226278157753e-09	2.14383641186661e-08
2047	14.0742773397262	0.000819592422914203	0.00152224707460672
2048	58.1791310467505	3.96332062283603e-06	1.20075437591088e-05
2049	301.0421566107	7.85036824639018e-09	5.96124757991911e-08
2050	1.52696802614525	0.284795795552742	0.303227566814796
2051	7.81232974705248	0.00570495403656044	0.00888754412376314
2052	2.22663134341838	0.148261373327199	0.168746975391671
2053	12.2784423011425	0.00130571789886062	0.0023217553632397
2055	8.4266656089898	0.00449390907018196	0.0071590703127186
2056	243.098374493475	1.91060528241199e-08	1.09762512975036e-07
2059	244.552004620928	1.86697941503038e-08	1.07673992942794e-07
2060	630.686217346054	3.85829300932889e-10	6.492235651777e-09
2063	462.440760091256	1.57414713799223e-09	1.73302481381561e-08
2064	63.1912430207018	3.38344730579243e-06	1.04703021902866e-05
2066	369.281186740933	3.77336630914378e-09	3.39144896040344e-08
2067	33.5064015569261	3.46634439063098e-05	8.59403843688042e-05
2068	2688.66255139561	1.11814975994422e-12	9.19833476131894e-11
2069	1.74773864135824	0.229840930917327	0.249788593362079
2071	216.747739685693	2.52537303702856e-08	1.3901286708476e-07
2072	2.80087487687484	0.0919154422359796	0.109805398217771
2074	33.3503346982407	3.61697852383469e-05	8.90784357450016e-05
2075	25.6857815470419	9.69119570565578e-05	0.000219674520339071
2076	276.047730291247	9.09555885657153e-09	6.09926746356921e-08
2077	105.751107550985	3.91770251423139e-07	1.53469259204977e-06
2079	2763.68548776782	1.00260131910841e-12	8.48343944725585e-11
2080	23.7882809098811	0.000115428992976369	0.000257218181113256
2081	13.1772065859724	0.00102713732920474	0.00186846879633898
2082	6.41765759300594	0.0104138282214434	0.0153511957579913
2084	18.620498582828	0.00030804720841387	0.000625493183214039
2087	3.17595866252674	0.0690012686868383	0.0850383925160515
2088	4.01204182036782	0.038743176950313	0.0507465362841009
2091	1.38911219836857	0.326750101149913	0.34338907897639
2092	1.08285632813515	0.446612963533316	0.458581604065578
2096	18.274848917085	0.000325082545128221	0.000656482753083687
2097	91.5995331813194	7.35634300780644e-07	2.69500421195512e-06
2098	3.4451105515154	0.0568002720551168	0.0714891651896423
2099	13.63614646441	0.0009136326528516	0.00168161783804849
2100	700.593246405222	3.12668870643319e-10	5.51171940720359e-09
2101	1.36494935135101	0.334799731400512	0.351101063931521
2102	2.07110842341385	0.170252756943933	0.190589128591744
2103	6.37941169560938	0.0106014633665348	0.0155928650409698
2104	0.643718909585801	0.695663418474127	0.700750752996982
2105	3.4364780593245	0.0571480600577051	0.0718913436271291
2106	204.826306327946	2.94325971709952e-08	1.57479018106418e-07
2107	4.11134828633932	0.0363582721737423	0.0479194584078939
2108	3.8088518268696	0.043247246486816	0.0560594397200644
2109	96.0049250427314	6.86798135297608e-07	2.53926676365027e-06
2110	104.285415651995	5.00158605393357e-07	1.91381600591324e-06
2111	80.4506255012808	1.1341530656645e-06	3.94456171927822e-06
2112	11.3071802670369	0.0017224102100676	0.00299753214153505
2117	12.4757842165106	0.00123712395575612	0.00221124037997685
2120	116.624570102862	3.25565033489114e-07	1.2933076414192e-06
2121	12.3239266755454	0.0012894931228234	0.00229566208791193
2122	23.4688968231114	0.000134459240801274	0.000295182388163804
2124	3.00329636873805	0.0785532101404246	0.0954597176162771
2125	4.8736834718847	0.023011254563831	0.0314683096034757
2126	1.90015208059247	0.199105055281141	0.22005957126893
2128	473.462355787835	1.39890916973565e-09	1.59956351589657e-08
2129	9.29899115918791	0.00327692871371805	0.00537057243258219
2130	58.00800917707	4.67904800992344e-06	1.39126512865344e-05
2131	4.00808508085341	0.0388421666770433	0.0508649465461259
2132	146.183071131974	1.29802267477228e-07	5.72037820139601e-07
2135	2.59454556393881	0.108521926801949	0.127636094608408
2138	8.53595672065091	0.00431346989261613	0.00689386998757835
2139	69.6768322194688	1.9933860828657e-06	6.50872423859621e-06
2140	224.040073165827	2.62117569170453e-08	1.43089618635631e-07
2142	34.0312714507795	3.4492376758136e-05	8.56237835450291e-05
2143	8.88490027592156	0.00379497342232495	0.00613807416177791
2145	354.021233098066	4.44540691706134e-09	3.84454736536466e-08
2146	12.7926251253174	0.00113617915867564	0.0020448462949972
2147	62.7545324320196	3.4736136064848e-06	1.07269100058444e-05
2148	346.988929815575	4.51378237089573e-09	3.88592049168829e-08
2150	353.773184020159	4.45752342016723e-09	3.84867510461378e-08
2152	446.503389532611	1.80410822951186e-09	1.95289990856497e-08
2155	3.13885638127165	0.0707301651118917	0.0869159269621856
2157	10.0673181418243	0.00253011459055356	0.00425958758011323
2158	35.4560340980252	2.96291216700866e-05	7.43930850580428e-05
2162	4.98104722106195	0.0216607346410709	0.0297671766308731
2163	8.74764693280983	0.00398906145284174	0.0064204377677124
2164	94.3800178214358	7.01850681081242e-07	2.58363056808216e-06
2165	19.5355201595204	0.000259759114330583	0.000535894543427393
2166	90.262543304458	7.25603742050263e-07	2.66775354696692e-06
2167	34.101085299618	3.42316904313874e-05	8.50479456481157e-05
2169	799.20656268266	1.36563732675129e-10	3.16831792518766e-09
2173	321.854271542107	6.43469788460999e-09	5.06826726066208e-08
2174	11.9320823180162	0.00135683881722776	0.00240255794153663
2177	87.583175816528	9.75911668939607e-07	3.45094018813689e-06
2178	91.5290844429567	8.24533008270162e-07	2.99246875489226e-06
2180	12.9761320691088	0.0010763120223329	0.00194656369718405
2182	1.26335374904283	0.371135137653853	0.386536560633686
2184	3.49664894603284	0.0547774811283594	0.0691932225897362
2186	3.72509422320663	0.0468154057227129	0.0601230806798848
2187	2.29515190591807	0.139668117567029	0.160134390311559
2190	1.40748364934578	0.320774735817758	0.337648615647517
2194	6.8505819560864	0.00855391912614416	0.0128754416732279
2196	466.359461520192	1.52333815919768e-09	1.70075308576323e-08
2197	2.18607016775806	0.153649396781423	0.173975411419684
2198	2763.68548776782	1.00260131910841e-12	8.48343944725585e-11
2199	105.982845507482	4.70117929504903e-07	1.80929726865337e-06
2203	421.618825534117	1.71120611797248e-09	1.86172013414561e-08
2206	17.4825745522005	0.000352823622209294	0.000706721107320138
2207	0.476585595193082	0.808664630983377	0.810855021045293
2209	1.12649151021558	0.426437679806068	0.439267891737624
2210	35.6428163185444	2.90571578321458e-05	7.31430284062046e-05
2211	7.36115450665789	0.00686349059151493	0.0104990843939935
2213	84.1905552763037	9.53770107840906e-07	3.38923966859073e-06
2214	1.23125990191175	0.383493808389428	0.397799269192746
2215	2.90934681043612	0.0844354233341982	0.101669244238353
2218	2.14542549917521	0.158184350996365	0.178564114913563
2220	6.34265543480309	0.0107857918108159	0.0158364513870755
2222	262.294022952966	1.42317745513651e-08	8.57525947789779e-08
2223	1294.83518439691	2.02184542254035e-11	1.0063353308997e-09
2227	3.80377611931336	0.0439517927203698	0.0568398402364083
2228	12.4463861396845	0.00123275462627827	0.00220459107833521
2232	85.2223779404172	1.08334641525805e-06	3.78564060033832e-06
2238	12.9589991430951	0.00106682115484864	0.00193294025701086
2241	14.1050522746026	0.000813454011409124	0.00151274351949019
2243	6.19111717105603	0.0111402047532259	0.0163244514481339
2246	6.60179083349671	0.00956645813596466	0.0142224225751302
2247	86.4163222993374	1.02725214657918e-06	3.61092846539375e-06
2254	2.59679218423635	0.108322223640536	0.127426520481211
2256	2.05606407354947	0.172581605353715	0.192961522478058
2258	6.61385633122004	0.00912177611417306	0.0136297376196385
2261	1.25706391987944	0.373228602997087	0.388307222123967
2262	5.63488627990699	0.0152646212313574	0.0216660320041529
2263	12.9092626831105	0.00110163555437493	0.00198811315922082
2264	5.39648297325529	0.0166965539717984	0.0235125271457351
2265	8.58795734504009	0.00423080619524481	0.00676906134371557
2266	2172.99237223181	2.60012579153152e-12	1.79076105386525e-10
2268	974.562288441719	6.25585184790847e-11	2.25265236418423e-09
2269	1.18584475622334	0.401745115611266	0.414987150290466
2270	3.36653506092672	0.060065293255808	0.075040441247448
2271	25.6612911482007	9.72489866665868e-05	0.000220269884522445
2272	2.92068648534435	0.0823558075365201	0.0994076723127794
2275	4.079694149601	0.0370981427718793	0.0488293999195203
2276	2.87523540620909	0.0867043221413657	0.103978477433349
2277	8.91068463169876	0.0037598429225432	0.0060862393086153
2281	31.5043722414944	4.58669872309943e-05	0.000110705038862746
2282	14.685919881859	0.000707709010110212	0.00133114019272238
2283	913.900768752191	1.0282660009662e-10	2.7106190318302e-09
2289	1.95403414970994	0.189422396725383	0.210299691809642
2291	1.56603399462883	0.273911682206498	0.293112717923955
2293	2.16451121325658	0.156609267261494	0.176988492652134
2295	279.903237717687	1.10622621502428e-08	6.88977694173379e-08
2296	2763.68548776782	1.00260131910841e-12	8.48343944725585e-11
2298	140.756260386146	1.57877929351624e-07	6.81071358739746e-07
2301	167.076597033216	6.55132116105485e-08	3.1754071388648e-07
2303	59.7299472419219	4.18864864214527e-06	1.26384951133095e-05
2304	773.738340876787	1.73634418334556e-10	3.6469385099134e-09
2305	412.843108856188	2.43698400717212e-09	2.43000947381826e-08
2310	1.75324609697418	0.228269773504536	0.248582803542446
2311	272.310173970089	9.59736160061878e-09	6.09926746356921e-08
2313	18.9090896613196	0.000291684493105811	0.00059512478562374
2315	2.69346198063724	0.10013906341022	0.118601014312884
2316	414.714649927703	2.20678764147221e-09	2.26138463675431e-08
2319	422.404789308945	2.23834263504984e-09	2.28250853517993e-08
2320	4.69748495122164	0.0254633843116482	0.03452830249036
2322	7.67648043964027	0.00602610356053342	0.0093314016703371
2323	166.8236082413	8.19777765125024e-08	3.8232627581382e-07
2324	1.76561027402287	0.225960931674659	0.246204304324689
2325	78.903058400312	1.45381596137597e-06	4.92617387827794e-06
2327	1297.7325750961	2.0040267474606e-11	1.00591952756011e-09
2328	239.078332394041	1.76971905894389e-08	1.02866005751959e-07
2330	14.8935084996079	0.000622934007296853	0.00118790667263981
2333	565.82120154312	5.97896192353879e-10	8.72251021505425e-09
2334	20.4937290531164	0.000218947728461819	0.000458566971598074
2336	5.02280142021606	0.0211623014409007	0.0291498398684778
2337	44.711703213882	1.0851206081509e-05	2.98382978740845e-05
2338	0.547628648244155	0.760407520159493	0.763630678518935
2339	184.853010288489	5.51468085961764e-08	2.72422474824982e-07
2340	1.49767100664143	0.293173177426206	0.311027177126172
2341	131.180280285759	2.07096307990643e-07	8.61495108980746e-07
2343	41.6173346911893	1.42516922135235e-05	3.81096040544919e-05
2344	990.928684238974	5.83097157129366e-11	2.15855278854827e-09
2345	57.9350318212611	4.70138434462974e-06	1.39720519183352e-05
2346	11.9501190665683	0.0014307676416984	0.00252365596836796
2347	8.013427282743	0.00526789840150759	0.00826755756018268
2348	64.4730874692005	3.01753907091872e-06	9.46155845264774e-06
2352	7.37443897789788	0.00682537589377887	0.0104465631329442
2354	47.7908091956322	9.71552696878852e-06	2.7004951064899e-05
2356	10.4531085405541	0.00223565582857803	0.00381497824046893
2360	10.5256588086443	0.00218517285094944	0.00374176894945752
2362	86.0199088301019	1.04546303076643e-06	3.66841085973317e-06
2363	621.392389518206	4.17333201398333e-10	6.75372828383149e-09
2364	230.33900314847	2.35432968493425e-08	1.31429733495435e-07
2367	1.91524390370716	0.194841466185874	0.215709533498865
2368	1.60793915292932	0.263035369828669	0.282545973067683
2372	432.526836615927	1.54702274959802e-09	1.71271322352693e-08
2376	15.0466321770741	0.000600920712715163	0.00115037278002971
2377	47.6626589521356	9.8140573218605e-06	2.72265393524027e-05
2380	5.85748318270881	0.0136402312401236	0.0195904679037953
2381	2.68737300976625	0.100631686436216	0.119098224848728
2383	154.606385860326	1.07768620320614e-07	4.87262242869461e-07
2384	2763.68548776782	1.00260131910841e-12	8.48343944725585e-11
2386	2.37336598784746	0.130584369113722	0.150535464823
2390	67.0515921489326	2.70149853707754e-06	8.57042090793265e-06
2391	6.70844646032197	0.00911496589753345	0.0136264369033545
2392	18.4878631378489	0.000315953686228059	0.000639574054521119
2397	880.100016459178	1.19340501921534e-10	2.93300328996368e-09
2398	2.19869944398239	0.151946810300798	0.172311115721162
2400	4.32310619887153	0.0318531555910578	0.0424541495422671
2401	46.2790148038675	1.09622381837259e-05	3.01296226274748e-05
2402	880.546383262101	1.02652743635312e-10	2.7106190318302e-09
2403	8.86612424214305	0.00361867870583699	0.00587378294729309
2407	321.739180457899	6.05906035867993e-09	4.89601834985828e-08
2408	14.9131129952572	0.000620059951557352	0.00118318785215019
2409	7.56362822632092	0.00631026962950811	0.00973326224363972
2411	2763.68548776782	1.00260131910841e-12	8.48343944725585e-11
2415	7.86666592731913	0.0055825208699944	0.00871974449181878
2416	36.5085652348017	2.65801082571073e-05	6.72507395159533e-05
2418	4.46362970103632	0.0292433045809168	0.0392317311512504
2419	282.026292721155	9.88452715793594e-09	6.26831417092661e-08
2420	0.868437375699593	0.556647257534537	0.565720951677602
2421	4.22685695548173	0.0338092920125303	0.0448393274944507
2424	2763.68548776782	1.00260131910841e-12	8.48343944725585e-11
2426	14.0576696306083	0.000822929176675217	0.00152748652881457
2428	2.18904417987022	0.152873379485175	0.173196064783988
2430	2.5421584521604	0.113308660972153	0.132619488380446
2431	2763.68548776782	1.00260131910841e-12	8.48343944725585e-11
2432	2.43880626422814	0.123530167115074	0.143121391983034
2433	1.23251008418771	0.383004146166357	0.39743054620591
2434	1.00363521891274	0.48458620716355	0.495460746595841
2435	11.5766834648219	0.00159184375790451	0.00278949425386639
2439	250.737886961174	1.69473795591207e-08	9.9189060403826e-08
2440	2.40646488607645	0.126956972082446	0.146753736464545
2442	187.607758369875	4.1557942107448e-08	2.13114884071354e-07
2443	16.5744194417236	0.000426775205159802	0.00084091468401913
2444	68.2395618180811	2.14411703754834e-06	6.95487689671349e-06
2446	30.9389214428887	4.90319985118844e-05	0.000117863850318949
2449	6.7842288392718	0.00881028817431958	0.0132310691826812
2450	8.52669912013589	0.00432839799345222	0.00691399711845131
2451	1.25573861461845	0.372933839653744	0.388108946058567
2453	127.663967881043	2.29926958803094e-07	9.45734289576891e-07
2454	90.9884856572228	8.43435855085288e-07	3.04985993264357e-06
2461	108.264771921045	3.72874243804732e-07	1.46487763567784e-06
2464	1.99036267779285	0.183210057017896	0.203937825167637
2465	8.77180718530795	0.00395400969178097	0.00637094651915633
2466	4.12961412690905	0.0359396726358482	0.0474310786591196
2467	27.9918926153924	7.08090660736407e-05	0.000164482480555784
2468	15.0913700299461	0.000643989720077104	0.00122333262091619
2469	149.750039794093	1.01342407854723e-07	4.61731601325789e-07
2470	4.13612582256934	0.0357918932900364	0.0472571074357747
2471	443.162568525656	1.85755835815824e-09	1.9931735788716e-08
2473	8.69822071321485	0.00390521415217783	0.00629746349669188
2474	16.9442470963643	0.00042978053522067	0.000846273307882987
2475	43.5552361931092	1.37614127573734e-05	3.6948707054362e-05
2478	1.54846393387299	0.278823314887219	0.297669519480352
2480	1.60095618769286	0.264834522485876	0.284323885568941
2482	94.9488448720043	6.57815990387459e-07	2.44125570868729e-06
2483	272.310173970089	9.59736160061878e-09	6.09926746356921e-08
2486	2.56975060165871	0.109291866508818	0.128441732914584
2487	347.665468192289	4.76940181540907e-09	4.06936373522772e-08
2488	17.1035316484507	0.000415874237281922	0.00082189626540568
2489	2763.68548776782	1.00260131910841e-12	8.48343944725585e-11
2490	7.15435832961718	0.00749268093394895	0.0113938765524466
2491	5.79496287592528	0.0140736957881773	0.0201397680969736
2492	65.4611457274409	2.95936802928939e-06	9.29392197109283e-06
2493	168.445651983046	7.89714434040456e-08	3.7034668193362e-07
2494	26.5621294923238	8.57608356029109e-05	0.000196351538181694
2496	1800.89891395352	5.47267999652977e-12	3.41207195994167e-10
2498	25.7584689072343	9.59202555943727e-05	0.000217676503404395
2502	270.854584834865	1.02151285797994e-08	6.43181008232927e-08
2506	8.4126127445	0.0045177914027611	0.00719131375397849
2507	3.73359655744917	0.046547760355817	0.0598312466552743
2508	7.18116812143035	0.00740714876542898	0.0112753899094412
2510	1.86098835078251	0.206512976751508	0.227398468358278
2511	20.4851986105431	0.000219274016236583	0.00045908801632
2512	1.4371443200814	0.311385070127904	0.328875494002778
2513	237.924127673465	2.0766714223136e-08	1.18043424514045e-07
2514	5.17409518410223	0.0194719406140847	0.0270225642589559
2515	659.935539384276	2.91275206039915e-10	5.22794862234671e-09
2516	19.067780342314	0.000283151291175332	0.000579511091095886
2517	16.4330637596251	0.000439972558312099	0.000863757859755572
2518	249.953367209055	1.34482599697315e-08	8.16964551802253e-08
2519	570.13910380587	5.84881798387786e-10	8.59616598474158e-09
2521	66.5141594241413	2.78535777078972e-06	8.81102792690383e-06
2522	2.86902821636028	0.0871252052378353	0.104440920992451
2523	4.81022022805895	0.0238590619208812	0.0325016613977413
2524	762.479206557601	1.64503247029795e-10	3.51751888865514e-09
2526	1498.22763455786	1.13443107590399e-11	6.65270818077162e-10
2527	34.6326605014118	2.91715928883432e-05	7.33687238546313e-05
2530	66.9030482945031	2.64290874182369e-06	8.41610133216221e-06
2531	2.04509792912067	0.172734684110771	0.193039157356245
2532	0.573289470632229	0.74294780998792	0.74660330481141
2533	15.036054613877	0.000652246051998852	0.00123703277809453
2534	3.24501496917828	0.0655849526105252	0.081148877023635
2535	58.2791473929091	4.59721886107415e-06	1.36968447254236e-05
2539	15.8778149514854	0.000539643313860107	0.00104318124934511
2542	1.61118517562775	0.262203854184471	0.28170386873474
2543	3.6480902705512	0.0493284378764202	0.0629953293536087
2544	223.445306957467	2.64829268467519e-08	1.44171301207088e-07
2545	8.61146978385591	0.00419408131188219	0.00671756181997789
2546	72.4130324511016	2.01631570016841e-06	6.57634245159553e-06
2549	1.85033463781725	0.208584363435739	0.229380836359057
2552	45.6652630066068	1.15254305434938e-05	3.1487603832617e-05
2553	0.320464990755859	0.908259505655805	0.909334187288596
2554	20.3239501014147	0.000225558200550629	0.000470581620944479
2555	19.356840176892	0.000268397737578189	0.000552177769946374
2556	17.3031860974611	0.000399231464346531	0.000791116749188526
2557	5.8688832478945	0.0135629999573498	0.0194889977553088
2558	1.07042259802603	0.452369340986247	0.464123264621781
2559	18.3676728959732	0.000323339532901664	0.000653408411250958
2560	7.45694294185084	0.00651696886487847	0.0100155699498379
2561	6.20969168919532	0.0114869945168457	0.0167910830511542
2563	9.96996859555446	0.00259743747232662	0.00435948488200356
2564	111.53030885459	3.18367141748807e-07	1.26627407132727e-06
2566	14.7660071411882	0.000685600438849105	0.00129392991545091
2567	4.18316708620961	0.0347464527991026	0.0459484795555
2568	97.7099901147317	5.89994460835438e-07	2.21907641553307e-06
2569	3.32548643879087	0.0618632383153102	0.0770590873904484
2570	1.31102740759939	0.353570679933016	0.36915197201538
2571	32.9730997871221	3.87669771073624e-05	9.48437857938486e-05
2572	5.69658711540467	0.0147912047222265	0.0210394585902372
2573	272.310173970089	9.59736160061878e-09	6.09926746356921e-08
2574	143.619254788429	1.4609006721881e-07	6.33449098196933e-07
2577	3.36308769365644	0.0602137839161967	0.0751783815631605
2579	1.08213736873708	0.446539916011921	0.458581604065578
2580	878.621903042303	1.17734539552251e-10	2.93300328996368e-09
2582	46.5115246352007	1.07579361235097e-05	2.96093195443995e-05
2586	156.98875586423	1.03645473716204e-07	4.70415433579368e-07
2587	171.730244372291	7.32961026519729e-08	3.48421200648183e-07
2588	12.7782701403912	0.00114052395495666	0.00205183284464548
2589	7.4120185471244	0.0067189817889675	0.010293980635296
2591	14.8355347680751	0.000651899455813014	0.00123677145316479
2592	10.2053220249921	0.00241948810850811	0.00409630237656163
2595	19.867876100249	0.000244599114841761	0.000507624582062982
2596	16.7742557447799	0.000445271833023792	0.000873582334216602
2602	8.5919881094233	0.00422448186713093	0.00676081205139497
2603	286.429160364861	1.01163470902286e-08	6.38116334562557e-08
2604	1.13010746133183	0.425412759030526	0.43828835827758
2605	13.1909952948112	0.00101763275903646	0.00185231678911276
2608	480.670130905267	1.15160689570636e-09	1.3614705874788e-08
2610	2.57544127136697	0.110238407372483	0.129372317588115
2611	133.517978082118	1.93480722260705e-07	8.11605041041189e-07
2612	88.1560649760359	9.51884888663867e-07	3.3861947120457e-06
2613	272.310173970089	9.59736160061878e-09	6.09926746356921e-08
2614	1.43800389515398	0.311117615031318	0.328651620087479
2618	125.615824894155	2.00100237428549e-07	8.34056091688455e-07
2619	2.24263778754345	0.146198055788248	0.16676079028789
2620	9.48885347656376	0.0030691361570828	0.00506505808258608
2621	40.2340674998795	1.85110163760516e-05	4.83638067910692e-05
2622	23.9472587713385	0.000124991284489926	0.000276963478501247
2623	272.310173970089	9.59736160061878e-09	6.09926746356921e-08
2624	1.73044996476689	0.233668994178263	0.253530216618034
2625	6.30809625309077	0.0109627724952098	0.0160843451793727
2629	52.7865161264939	6.68190797979491e-06	1.91841691538174e-05
2630	28.532739535725	6.60160870138655e-05	0.000154489641794992
2631	134.10880615822	1.90218992946075e-07	7.99621785109725e-07
2632	9.37871469233509	0.00301141600124186	0.00498090393056564
2633	4.51015957071702	0.0284382307703705	0.0382296052775544
2635	412.658792895049	2.29620510323524e-09	2.32883952507917e-08
2638	21.1615860439223	0.000180437579465141	0.000384851200278009
2640	2.64348335881626	0.104271636500665	0.123101635039554
2641	14.7432087673037	0.000645531299968916	0.00122586787102145
2642	1.4160671951568	0.318025054632841	0.335092887792771
2643	9.59106799995276	0.00296410075136245	0.00491499685059344
2648	5.93709133986113	0.0131121574075252	0.0189053817733135
2649	6.47258122297625	0.0101515780121409	0.014998203184313
2650	9.06065113120806	0.00339816341017066	0.0055523646561216
2651	41.9089782685382	1.58953400286406e-05	4.20867675411884e-05
2653	272.310173970089	9.59736160061878e-09	6.09926746356921e-08
2654	14.8849896289141	0.000637933343802989	0.00121377423557504
2655	5.51680728738446	0.0156628332106463	0.0221727918514957
2656	31.0913346859125	4.81525793211014e-05	0.000115796884822933
2658	41.1265628435575	1.70551291787753e-05	4.48767348404646e-05
2660	74.7786895093249	1.78398931184232e-06	5.8833901414488e-06
2661	531.992320771904	9.12836649931863e-10	1.13825925843085e-08
2662	63.6953742339929	3.2829851844709e-06	1.020741272841e-05
2664	5.95170561826972	0.0130180081777941	0.0187833526034285
2665	149.33863237651	1.25672099777951e-07	5.56319766057401e-07
2666	44.539365694947	1.26564388357009e-05	3.4183350307276e-05
2667	1.83800105861501	0.210206508128551	0.230864666724533
2668	868.703855981228	9.81819923015793e-11	2.7106190318302e-09
2669	427.674770702604	1.80956910871143e-09	1.95289990856497e-08
2671	86.5998805068997	1.0189546535866e-06	3.58388860640939e-06
2672	424.72963963269	2.19109728823745e-09	2.25310229830389e-08
2675	6.07048791999904	0.011816017180304	0.0172379974775716
2676	23.3590127599704	0.000136760084581838	0.000299678128367824
2677	117.580190147553	3.15512866515472e-07	1.2559023577763e-06
2680	2763.68548776782	1.00260131910841e-12	8.48343944725585e-11
2685	10.7557970981078	0.00190975232025494	0.0033035814815625
2686	3.02522355208444	0.0772536291048236	0.0940734467902694
2687	1.25948036751523	0.372324575400282	0.387639033238859
2688	34.3157320629859	3.34455439195084e-05	8.31645493850748e-05
2689	9.91563409600428	0.00261564390244058	0.00438755560298939
2691	272.310173970089	9.59736160061878e-09	6.09926746356921e-08
2693	1.95214652555843	0.189751997006068	0.210507787650673
2694	272.310173970089	9.59736160061878e-09	6.09926746356921e-08
2695	37.2087866848261	2.47680641437449e-05	6.30982705275248e-05
2696	1.91050059098313	0.197200569489721	0.218076731345709
2697	12.130702349868	0.00136021688510916	0.00240781966841051
2698	47.9478416773405	9.5964779375054e-06	2.67230553943792e-05
2700	11.1692474089697	0.00179443691299041	0.0031122839928674
2701	28.4016735130907	6.41824426573215e-05	0.000150436330771395
2702	272.310173970089	9.59736160061878e-09	6.09926746356921e-08
2703	29.657036743115	5.62076671841277e-05	0.000133487575273291
2704	174.149511876014	6.94407204242382e-08	3.31691441187712e-07
2705	6.61544743994398	0.00939773774822705	0.0139926597995849
2706	8.29704623449961	0.00472035099524571	0.00746958026845854
2707	2.58466940902793	0.109405172570919	0.128547279733694
2709	1128.99878149985	3.47897684595291e-11	1.50408612106417e-09
2710	149.151044772052	1.26282678870855e-07	5.57772040978428e-07
2711	8.14941839652498	0.00474901389076393	0.00750581723327753
2712	2.16720563899495	0.156235611467844	0.176633618385959
2713	853.853330381294	1.32444497895832e-10	3.11297127395645e-09
2715	2763.68548776782	1.00260131910841e-12	8.48343944725585e-11
2716	102.582666488013	5.3275650003024e-07	2.02406462455363e-06
2717	6.23336698195012	0.0113580569003149	0.0166149101063387
2719	789.032401568933	1.436653543897e-10	3.22651233012038e-09
2721	9.8044317914879	0.00275898259116509	0.0046058212760628
2722	175.739392289189	6.70451761668419e-08	3.23115198076652e-07
2723	913.90076875219	1.02826600096621e-10	2.7106190318302e-09
2724	714.977100625979	2.12174296308022e-10	4.17511082070569e-09
2728	212.333076516251	3.22641876552249e-08	1.70778180055315e-07
2729	9.28330609775158	0.00329487302016598	0.00539605814951948
2730	24.8197944360958	0.000109779570889748	0.00024573862372637
2731	626.708713109762	4.49265598082094e-10	7.13257717076338e-09
2732	1.97920486736197	0.18509187525047	0.205761857565416
2733	7.88663183892909	0.0055383606983575	0.00865761689532105
2735	26.9373772774323	8.14807352133328e-05	0.000187348755694321
2736	18.0461338424807	0.000344192166931878	0.00069049286682627
2738	20.689895514683	0.000192211631605447	0.000407615286071987
2739	24.4967022813946	0.00011227773426508	0.000250856665428921
2740	2.95998580365363	0.0812001138220171	0.0982730433526373
2744	1.14821583619034	0.41675092022787	0.429887791798968
2746	72.7871153903053	1.97714968401688e-06	6.46283530818542e-06
2747	12.2564495156047	0.00122563669726055	0.00219451213962342
2751	11.0770379144365	0.00172944337519615	0.00300660202855497
2752	2.94583076717741	0.082088895522249	0.0991865622558713
2755	23.0161802448204	0.000144263695215915	0.000314375962753445
2756	3.39195367756347	0.0587859121894475	0.0735973278161272
2757	3.04428871755053	0.0761451207623229	0.0929208455560224
2758	243.895858856681	1.7811459485828e-08	1.03231622101893e-07
2759	137.066165506781	1.74892141540413e-07	7.44171087890707e-07
2760	85.8741595699331	1.05226047215331e-06	3.6886255598884e-06
2761	81.9443462167096	1.20707075481488e-06	4.16393714663282e-06
2762	55.9518114008892	5.36315589367038e-06	1.57257288902028e-05
2764	1.67841605836489	0.245648897033213	0.265410145408195
2765	457.126389255233	1.24341076582953e-09	1.44974841850557e-08
2766	303.998178755958	7.5308688693033e-09	5.77789330477765e-08
2767	913.900768752192	1.0282660009662e-10	2.7106190318302e-09
2772	44.7139649615162	1.24721930468337e-05	3.37318718796328e-05
2773	2.17903399725088	0.154607937377454	0.174960415186599
2774	779.242957220052	1.50940301969802e-10	3.32765578465918e-09
2775	15.7835703216001	0.00055096782574969	0.00106160781779942
2777	15.4651567002219	0.000591504243678218	0.00113307879537713
2780	1.09099114146363	0.442887222239119	0.455104270874792
2781	20.9600052588214	0.000202003816520999	0.000426092808138845
2783	19.8738852872109	0.000244335384488114	0.000507254988546478
2784	2.52382362627751	0.115044554773098	0.13442669124503
2785	5.76762558500413	0.0142686337796875	0.0203695150342466
2786	505.844233689553	1.09139708566768e-09	1.31775357179181e-08
2787	67.3402400306447	2.65776708577757e-06	8.4452545327578e-06
2789	25.1194259184062	0.000103216542021622	0.000232541490450387
2791	3.26259876890075	0.0647486171053086	0.080281779174114
2792	322.460028424372	6.38790624701735e-09	5.06826726066208e-08
2793	4.18859611046784	0.034628256228363	0.0458331087465015
2794	1.60518105472714	0.263744295658568	0.283256112998314
2795	50.3756921924356	7.969088951112e-06	2.2530269144361e-05
2796	12.0643232040172	0.00135526081866652	0.00240048140818235
2799	971.230349983755	6.31335965650146e-11	2.25265236418423e-09
2802	101.809810114058	5.48431841451341e-07	2.07695767066261e-06
2803	2441.44775476658	1.63875717954104e-12	1.19831589807674e-10
2806	4.03108072773118	0.0382712194477018	0.0501838460900459
2807	22.0029213363309	0.000169680529766175	0.000364268857486429
2808	144.567837508858	1.42429818304065e-07	6.20759244896968e-07
2813	2.13609361533119	0.160616394029425	0.181067929546305
2817	3.30051359584981	0.0629896299463626	0.0783387413793229
2821	99.2123566214323	6.05546928775193e-07	2.26716463915011e-06
2822	3.76845933426452	0.0454699533767021	0.0585857154340236
2823	30.8342873039525	4.49129590610783e-05	0.000108490806084326
2824	169.961745971501	7.62856803666864e-08	3.60606611980753e-07
2825	270.082877948025	1.27054461177322e-08	7.75019128273198e-08
2826	218.307803722795	2.89784041672945e-08	1.55752348351075e-07
2827	168.987206160777	7.79986444289544e-08	3.66946760089513e-07
2828	487.073836707982	9.67706220228165e-10	1.19910542728272e-08
2829	7.24493490891565	0.00720857047508505	0.0109985478938508
2830	13.3254674633883	0.000988627128541457	0.00180339959419496
2831	3.72061609172141	0.0463028782238311	0.059542324732903
2833	2.65249328599592	0.103511440127795	0.122228520709117
2834	1.37125129881983	0.332679156126384	0.349124493574871
2835	93.7441890800231	7.52417129288933e-07	2.7509670720854e-06
2836	0.321678956347488	0.907559305748869	0.908786773956137
2839	272.310173970089	9.59736160061878e-09	6.09926746356921e-08
2840	153.621084095099	9.46014041551487e-08	4.35598916890386e-07
2841	1441.26825642191	1.32268066192203e-11	7.5374260667263e-10
2842	11.4666849357984	0.00164358115192368	0.00287081426211853
2843	65.5768095148461	2.93959932901665e-06	9.24163844255076e-06
2845	137.207836381544	1.59486586558043e-07	6.8651093908669e-07
2846	347.421273485896	4.08600956656662e-09	3.58539772781838e-08
2848	1.21411230373936	0.390278482370384	0.404270628030742
2850	913.90076875219	1.02826600096621e-10	2.7106190318302e-09
2851	802.675722693802	1.70056523657901e-10	3.59730282009196e-09
2856	109.42787501487	4.15803356621328e-07	1.61707372374795e-06
2857	21.345479405603	0.000189223422110535	0.000401853829028577
2862	15.9878414314188	0.000526789561071605	0.00102133373820855
2863	858.965702878658	1.14033364877799e-10	2.9238944596156e-09
2864	12.6528843950197	0.00117937486163221	0.00211551705192235
2865	7.47155102515724	0.0062535098474433	0.00965828913335246
2866	2.52837002279672	0.114611108301294	0.13394664452813
2867	1.56440642304639	0.274486652929585	0.293621897291301
2871	464.215001223439	1.55088311952349e-09	1.71378371584657e-08
2873	17.6784656042737	0.000370149990660824	0.000737932815443979
2875	25.4301347187502	0.000100503759443198	0.000227034236148765
2876	93.9762850464384	6.20337247456305e-07	2.31522212771499e-06
2878	16.1352274347279	0.000510167494907333	0.000990403825741113
2879	193.088516425996	4.65948504137928e-08	2.35680016226213e-07
2880	0.640131226253628	0.698043040417582	0.702908692348408
2881	46.1916353610649	9.58537079597232e-06	2.67046807265024e-05
2884	9.03523127434077	0.00359577767365539	0.00583981112176059
2887	72.8424562138397	1.9714369897878e-06	6.44772020459037e-06
2888	65.8694514988285	2.8903180857392e-06	9.11088558905445e-06
2890	7.47221906378806	0.00655283503150701	0.0100628576332943
2891	68.8028823147402	2.44934456684383e-06	7.84187452400864e-06
2893	8.12423068581805	0.00504497168874259	0.00794294718565187
2897	165.767056783672	8.40135727041565e-08	3.91204710005282e-07
2898	560.798725532488	7.43523226293665e-10	1.01941853456884e-08
2903	52.6002238080702	6.13590633263863e-06	1.78151829452052e-05
2904	845.347231708768	1.42432312072107e-10	3.21994879543166e-09
2905	76.4331914132905	1.64125144504121e-06	5.4847010399301e-06
2908	184.186140080316	5.59225466217056e-08	2.75107345216248e-07
2909	439.420088672692	1.91981934010058e-09	2.02639289373273e-08
2910	554.093471004234	7.47852420326106e-10	1.02128682415119e-08
2914	116.076806558929	2.96317967782332e-07	1.18507179147519e-06
2915	120.239244075964	2.89522877152369e-07	1.16024627968436e-06
2916	855.086740737048	1.04517013283803e-10	2.72711132017607e-09
2918	80.1911191319756	1.3667193152198e-06	4.66628079391223e-06
2921	4.71264724623475	0.025239948875493	0.0342488470079141
2923	70.156775773302	2.27440696798471e-06	7.33332197679557e-06
2925	14.96426563792	0.00066316036157398	0.00125602447790454
2926	4.71986245527476	0.0251344817450845	0.0341370179720558
2932	16.3275202153503	0.000489458131235962	0.000953638326089014
2933	4.0425418801795	0.0379905495679674	0.0498931319492397
2934	50.3128487679457	8.00663312958269e-06	2.26256145164686e-05
2935	2.92334440368684	0.0835255199207298	0.100675957364771
2936	4.44173479045244	0.0296319493054232	0.0397081528814529
2937	585.409768384119	6.29092024960639e-10	9.00027068560836e-09
2938	2.93558629598777	0.082739603788498	0.0998505854195749
2943	2.20158362302961	0.150007218208572	0.170274579043575
2945	1.08502684738689	0.445615750435054	0.457749235141663
2947	1.98514941675453	0.184086441875082	0.204797895421884
2950	294.463530211541	7.051984157789e-09	5.46713379143773e-08
2952	6.55498873362278	0.00963949491915914	0.0143238154556396
2953	28.6298835933834	6.0491009421563e-05	0.000142573915162721
2954	7.96482579548454	0.00536956932125858	0.00841597223863841
2955	968.32670444723	6.38863283782926e-11	2.26586061667441e-09
2956	962.246847508116	6.54992004708199e-11	2.29067145911076e-09
2958	167.036767422789	8.15745938294399e-08	3.81045993100767e-07
2960	13.7758308455211	0.000818424975851463	0.00152055556209793
2961	518.573446993564	7.55443235645523e-10	1.02391082030399e-08
2962	31.9563803149428	4.03781798906405e-05	9.8338799133332e-05
2964	31.573320171354	4.54988319534815e-05	0.000109861223669169
2965	17.9353294734308	0.000342909249416895	0.000688492028575007
2971	19.4364021634483	0.000264507298230109	0.000544931035623283
2972	2.13436251416496	0.160864457031168	0.181244089593991
2975	26.1850020690088	9.00393890843049e-05	0.000205432704755908
2976	210.132726625364	3.35913958209863e-08	1.76541115747739e-07
2978	380.273511972951	3.36700941202217e-09	3.13565986594455e-08
2979	13.9188538632134	0.00085149723530289	0.0015765608392307
2982	647.331697354758	3.94247739611512e-10	6.61509734198013e-09
2984	24.9430962072047	0.000107821675791093	0.000241812868500812
2986	4.26700719562242	0.0329756220630415	0.0437826965880733
2988	164.129308457751	8.72964331732997e-08	4.03950604441761e-07
2989	218.875078927366	2.26755405801315e-08	1.27668466593269e-07
2990	0.442302500105235	0.831668299822422	0.833638744262684
2991	15.7850176315749	0.000550791672295981	0.00106160781779942
2993	401.019893742376	2.73912071519485e-09	2.65964131083591e-08
2994	10.0665768503373	0.00253072576302861	0.00425958758011323
2995	29.8832850055174	5.57111774403826e-05	0.000132414648466848
2996	88.4179960595139	9.41147228711633e-07	3.35404033433153e-06
2997	43.9524984774465	1.1581918346826e-05	3.16273408797834e-05
2998	590.229993565657	6.03644120620824e-10	8.76319638832633e-09
2999	2.6282495846032	0.105572545112434	0.124488589428817
3000	37.2086342266585	2.47684414952719e-05	6.30982705275248e-05
3001	12.3271657355623	0.00128834738898549	0.00229431196180428
3002	0.904896670368878	0.536306214376748	0.545891340050434
3003	509.247244867418	1.08195531999086e-09	1.31051561560449e-08
3004	265.79432454071	1.35188655948158e-08	8.20412304488667e-08
3007	1.78342846441608	0.222168968346262	0.242429403005694
3008	18.1360222523705	0.000338196765938599	0.000679952289427808
3009	242.792954169702	1.91993371462958e-08	1.10084873105044e-07
3010	913.900768752191	1.0282660009662e-10	2.7106190318302e-09
3011	4.36225305329953	0.0310979482659517	0.0415036384811248
3012	1.72137497775236	0.235708274455306	0.255602363529619
3013	532.263252923951	6.81520263626591e-10	9.56550834469266e-09
3015	4.53082952616626	0.0280894532543324	0.0378036427233381
3017	1000.23168813598	5.61921504742795e-11	2.09324595760476e-09
3018	1.50498150210881	0.291056698757974	0.309081620155743
3021	24.6265087066414	0.000112939476507176	0.000252144937562006
3022	9.90381461227699	0.00266952342735003	0.00446402802377026
3023	140.156035467271	1.60499066242552e-07	6.90367443249552e-07
3024	5.49824071557299	0.0163823329334679	0.023108492013558
3025	202.748744169817	3.85777605507594e-08	1.99734331942437e-07
3026	3.16240403179845	0.0696973980418457	0.0858427300066234
3028	6.50808567099633	0.00988825955102545	0.0146566970272081
3030	4.4242463801989	0.029593225170174	0.0396652348230235
3031	301.325218488592	7.82168635390127e-09	5.94709220464149e-08
3033	195.732950051533	4.42072502038016e-08	2.25141481476455e-07
3035	63.501297901612	3.32121077287072e-06	1.03046261957639e-05
3038	97.5489696668523	6.46078854769596e-07	2.40221284168256e-06
3039	8.59197095163962	0.00422450876282505	0.00676081205139497
3041	531.992320771903	9.12836649931873e-10	1.13825925843085e-08
3052	1.50490628694242	0.291078385485182	0.309081620155743
3053	1.24173672095181	0.379411122836921	0.394047357629859
3054	44.4180430579089	1.11268016152567e-05	3.05535679031828e-05
3055	3.25103554596605	0.0642629911079224	0.0797297227340227
3056	7.22406716023996	0.00714169573992089	0.0109077524155625
3057	7.61992172372026	0.00589441086559561	0.00914900302854372
3060	19.5876284985194	0.000234402766621951	0.000487317510249848
3061	6.12909439094715	0.0119398847029447	0.0173929997775557
3062	2.54901096478173	0.111404319843416	0.130637059281835
3063	2.53205905324082	0.114260864061011	0.133590031155422
3066	6.81606637512934	0.00868609452089285	0.0130578014840732
3067	2.73060352547975	0.0971972394381933	0.115370591020525
3068	41.8550078669612	1.59720972706837e-05	4.22522251604554e-05
3070	40.8262475871533	1.69781373479146e-05	4.47138761723869e-05
3071	13.8962004948088	0.000856276727135832	0.00158441957351626
3073	2.55890570658919	0.110541242178008	0.129702016129227
3076	2.23055289827786	0.147324303052965	0.167872613886632
3077	1.74415994303827	0.230627252222329	0.250597177566108
3078	25.6796688993276	9.69959399543486e-05	0.00021978077748646
3079	3.11108330343002	0.0724128204626698	0.0887994069566032
3080	1.24350905748572	0.378725121131414	0.3934728806282
3081	9.57892375729685	0.00296026719764529	0.00491139008729777
3082	1.6774245178867	0.244378886944373	0.264182541955014
3083	84.3293517965941	1.12783601070845e-06	3.92489582339962e-06
3084	48.5547267937816	9.1532596404243e-06	2.56213406664618e-05
3085	46.2681773206704	1.09718792468617e-05	3.01421339420973e-05
3086	453.353225433434	1.70042434214599e-09	1.85480909365207e-08
3087	2.2948910068323	0.139699676770701	0.160139575287955
3088	1.40533096522685	0.321468518971235	0.338258667235143
3090	86.0639369515617	1.04342050555012e-06	3.66341414011461e-06
3091	82.9605219069595	1.20058214912074e-06	4.14516035389011e-06
3096	3.38351853891051	0.059340324979238	0.0742129951123367
3097	264.919980475161	1.36926597943993e-08	8.3010874065739e-08
3098	51.5816129459172	7.28965553147066e-06	2.07579950542792e-05
3099	2.9872862477654	0.0795191171306108	0.0964356533097068
3100	2.70050196187125	0.0995731726094179	0.118001580905479
3101	10.6241762963423	0.00211888767649229	0.00364089692714355
3102	6.45009704557216	0.0102579254802625	0.0151402174481921
3103	3.31232948009495	0.0624535487468451	0.0777290122352519
3104	1.55297890348395	0.277587210724704	0.296563681299138
3107	4.13879148928946	0.0357316153787256	0.0471880396629189
3108	223.567517704326	2.64269210594705e-08	1.43998761209976e-07
3110	3.80938730436413	0.0442438355772283	0.0571800650499506
3111	54.9161172986758	4.94647816169225e-06	1.46343607151365e-05
3112	6.96097197849124	0.00814774456580721	0.0122984431863599
3113	442.109149192907	1.4187739559263e-09	1.60595858628533e-08
3114	33.1553685730366	3.51973276859987e-05	8.69727876029079e-05
3116	148.198982572083	1.29439648270545e-07	5.70864509833536e-07
3117	594.601340940873	5.51734042573843e-10	8.23153837321126e-09
3118	9.47120306684724	0.0029157986774925	0.00484270936322556
3119	292.71128923404	9.29983329514915e-09	6.09926746356921e-08
3121	9.2549174279848	0.00314561914567412	0.00517685529308914
3122	3.13060031023672	0.0701029180743397	0.08623459683371
3126	1.83559806946881	0.211118134779506	0.231694036001299
3127	8.53706987580043	0.00409034612422546	0.0065709574433923
3128	0.643135790230684	0.695994174044502	0.700964715671754
3130	272.310173970089	9.59736160061878e-09	6.09926746356921e-08
3131	89.7999921628929	8.86945556184488e-07	3.18193732845592e-06
3132	327.376174476066	5.52440919644343e-09	4.5699826355495e-08
3133	2.29741681409737	0.139394509230731	0.159851631785793
3134	268.097229377011	1.23268488924014e-08	7.53477048397248e-08
3135	10.0035252990035	0.00243348351143607	0.00411697310432329
3137	272.310173970089	9.59736160061878e-09	6.09926746356921e-08
3138	290.526306445126	9.57409915684446e-09	6.09926746356921e-08
3141	272.310173970089	9.59736160061878e-09	6.09926746356921e-08
3142	6.73107596489044	0.00902262353808159	0.0135054332110329
3143	339.177393024194	4.93266688950011e-09	4.15592972781069e-08
3147	530.937449995543	8.91216388441558e-10	1.13825925843085e-08
3148	16.8434969597251	0.000438878626224325	0.00086189592278736
3150	23.7524970309965	0.000128741692104982	0.000283787511104507
3151	755.426150204474	2.14873338517036e-10	4.200312818602e-09
3153	70.9542657061705	2.17868284743954e-06	7.05155109583847e-06
3155	670.69527373384	3.43231558511799e-10	5.94843335385261e-09
3156	217.371856433046	2.94643866691373e-08	1.57506825127527e-07
3157	17.6366910975459	0.000373252645261074	0.00074361769858101
3158	4.56017294529802	0.027603420523927	0.037225651130059
3161	225.882133263413	2.53937472212916e-08	1.3952427160641e-07
3167	39.5122745433046	1.98041940371001e-05	5.14249194571433e-05
3171	37.7694429180216	2.34278694844698e-05	6.01227343832386e-05
3179	226.284175499451	2.52194929043831e-08	1.38953540904801e-07
3180	484.501169954583	1.31325011308979e-09	1.52218794908627e-08
3181	207.475404742797	2.79828578717104e-08	1.51362983720676e-07
3182	149.360687246155	1.25600557213473e-07	5.56319766057401e-07
3184	2763.68548776782	1.00260131910841e-12	8.48343944725585e-11
3185	287.50404932267	9.97043315614547e-09	6.30254808792419e-08
3186	17.0101593474451	0.000389093048123629	0.000772836393036974
3187	2.78060077106621	0.0934023955867058	0.111469351009482
3188	2.32035624628319	0.136659602236149	0.156867213962153
3190	2.0084424740087	0.179840704161557	0.200413262605626
3191	10.1841995519986	0.00233560015193296	0.00396951497845019
3192	58.7271008894955	4.46592528781674e-06	1.33661826577759e-05
3194	1.63674532573962	0.255761620280447	0.275331893297181
3195	2.75208417051439	0.0955441190816842	0.113658930974255
3196	1.21970975396532	0.388049701807913	0.40210258639053
3197	10.6604412683074	0.0020282670728067	0.0034993958264591
3202	30.5352777098921	5.1460425249913e-05	0.000123016980250016
3209	18.8023385824813	0.000281431417556385	0.000576389448888819
3210	0.993082710198525	0.489690025094745	0.500506301749125
3211	13.2556302281896	0.00100653714401952	0.0018332470799593
3212	2.09653284452063	0.1664021571329	0.186914465522126
3213	180.739717829844	6.01575288506248e-08	2.94717157470844e-07
3215	51.6687299561605	6.24777443285181e-06	1.81044853061552e-05
3216	44.6809777402839	1.25067433719137e-05	3.38098772212892e-05
3217	4.03902901479946	0.0380763028537183	0.0499835863924143
3220	33.7961598715205	3.53888303244142e-05	8.73599095860267e-05
3221	15.2116306116556	0.000585936294629505	0.00112423086267916
3222	1.8919188278424	0.200635876228683	0.221503503243708
3223	18.3438445659981	0.000317965967788729	0.000642988196385334
3224	1.58219598771678	0.269738941049334	0.289012978986108
3225	79.8377401969078	1.38994622476834e-06	4.73412966607413e-06
3226	5.33743625734537	0.0178318536805852	0.0249216775248008
3227	144.727996567996	1.33810842734666e-07	5.87953725161294e-07
3230	36.5797575523175	2.63884326226415e-05	6.67943104375665e-05
3231	3.92924208129007	0.0408817902083703	0.0532884778618348
3232	35.5453549842987	2.93538561026273e-05	7.37957935890754e-05
3233	44.6299732771858	1.21511765703655e-05	3.30295634815395e-05
3237	5.39464082191088	0.0172985127150601	0.024250672381373
3241	1.85112040289964	0.208430750683178	0.229297053546892
3242	2763.68548776782	1.00260131910841e-12	8.48343944725585e-11
3243	116.504023297824	3.0952701768213e-07	1.23373386657554e-06
3244	1.73612082686837	0.232405166688606	0.252436420740255
3245	35.3928083484637	2.98259299958241e-05	7.48126313832498e-05
3246	3.1894281486287	0.0683179865101703	0.0842664377550476
3247	193.715767669393	4.60141478921882e-08	2.32941707662761e-07
3248	6.23766694909728	0.0113348334747664	0.0165850342566802
3249	7.71812112981014	0.005925310729351	0.0091921465295825
3250	12.9575817618586	0.00108771184195615	0.00196598023799399
3252	101.185273922819	5.61524147082945e-07	2.11976260240426e-06
3253	39.1173971977256	1.80232183108699e-05	4.7214295468944e-05
3254	5.98266935086773	0.0128213068939832	0.0185266164267047
3255	6.05123605432769	0.0121109156006723	0.0176161476185614
3256	13.5383453561614	0.000912177083603613	0.00167946063605353
3262	5.31618012170472	0.0180352541246554	0.0251821806177119
3263	11.103592710663	0.00172270798747008	0.00299753214153505
3265	5.58896304459591	0.0156293152100304	0.0221306320796103
3266	126.537374926395	2.37904371996211e-07	9.74486580451978e-07
3267	56.58613087894	5.13944735687836e-06	1.51673874911761e-05
3269	4.16459391404715	0.0351546256733612	0.0464467650821589
3270	241.041746210433	1.70990171369421e-08	9.97807669971511e-08
3271	4.68092394841947	0.0257102549010186	0.0348152354318091
3273	3.59447664253987	0.0511773071904012	0.0650478949546666
3274	1.49528972408335	0.293866375752776	0.31165094782161
3276	4.06483882391749	0.0374518127762798	0.0492620668607385
3277	2.77461659757547	0.0938469159552709	0.111932195570493
3278	376.163437584667	2.68462451726756e-09	2.63698690145535e-08
3279	5.17497271646868	0.0193103293842443	0.0268297163835043
3280	0.836129430338518	0.575225769931903	0.583900982914595
3281	5.65854838124339	0.0150808606045775	0.0214206084798352
3282	25.0619299315835	0.000105976050477278	0.000238034185429244
3283	23.1620947121493	0.000131093277737682	0.000288541614284761
3285	56.1795512824815	5.28145602826219e-06	1.55477455543722e-05
3286	107.182854356297	4.50239223128668e-07	1.73957398473001e-06
3288	0.655750986320912	0.687710885642866	0.693093683114292
3291	1.34343446848062	0.342153571455975	0.358115498097498
3293	3.40102961367644	0.0586041262870031	0.0734007697183167
3294	40.6885687272519	1.77509018655904e-05	4.65420946214662e-05
3295	2.45520829057458	0.121835255522728	0.141409218064719
3296	40.5662000566304	1.72978607497429e-05	4.54346914504335e-05
3297	8.00370230417711	0.00528804807929686	0.00829478516251995
3298	44.8057312071183	1.23767070907117e-05	3.35502224706111e-05
3299	23.7248161706299	0.000129286135417393	0.000284881614612059
3300	27.8761212689404	7.18912572145769e-05	0.000166593081565704
3301	272.310173970089	9.59736160061878e-09	6.09926746356921e-08
3303	6.68611291285974	0.00920726298202819	0.0137505342013497
3304	2.75277505250409	0.0946786586671454	0.112791294395294
3305	114.286989080232	3.35037755830013e-07	1.32737700854928e-06
3306	1.3661616011857	0.334390647096763	0.350796281040405
3308	33.9017532929833	3.09189058232388e-05	7.73037902874813e-05
3309	1.78503141524705	0.221831523847468	0.24215040835764
3310	8.65353736390587	0.00407922657223145	0.00655487221576963
3313	42.6494180248983	1.48876027495673e-05	3.96133293287005e-05
3315	1.32587426032621	0.348288648513842	0.36408642166387
3317	72.0595332567545	2.05422630531655e-06	6.685265058456e-06
3320	29.2498437139151	6.02718873323413e-05	0.000142227246481856
3321	18.8441528687422	0.00028857273488412	0.000589384934040912
3324	1.80735183523831	0.217194927815625	0.237746360645342
3326	2.51705364251776	0.115693703678472	0.135078613618685
3328	98.0886945059733	6.32563759851027e-07	2.35788241006774e-06
3329	14.0820692271402	0.000818032761195397	0.00152030374790095
3330	6.16141927496562	0.0117556105553805	0.0171583246228484
3331	62.6192073225478	3.50216484482191e-06	1.08094436560084e-05
3332	399.274463260686	2.121639762959e-09	2.19693571958149e-08
3333	3.86197258273879	0.0427280774687069	0.0554631608255865
3334	185.021573005854	5.49528714882743e-08	2.71918009878904e-07
3336	607.391255035001	4.79706561851282e-10	7.43796326137471e-09
3338	5.40420269492051	0.0172113161569271	0.0241455768823967
3339	19.3263584367985	0.000269907261237149	0.000554705311695917
3340	31.2051931991038	4.75085170780159e-05	0.000114387376688247
3341	9.58907858900424	0.00296610167225858	0.00491693820453053
3342	40.3365207838401	1.83361568936667e-05	4.79524909820018e-05
3343	9.91382181897231	0.00250735314857043	0.00422865965232991
3345	62.4780338355602	3.53226487451961e-06	1.08966691936352e-05
3347	24.1606799885075	0.000121037725660586	0.000268705565625056
3348	16.8707994386997	0.00043638942490047	0.000857860791133582
3349	109.840809527907	4.09834095747959e-07	1.59805618769925e-06
3350	5.55865285479957	0.0157421928049089	0.0222798107487396
3352	188.75602283009	5.08678412092456e-08	2.54898666228732e-07
3353	531.992320771902	9.12836649931879e-10	1.13825925843085e-08
3355	0.479197788360363	0.806899347679633	0.809358990060367
3358	139.353791111287	1.64088371916722e-07	7.03252841434691e-07
3359	1.80810924152538	0.217039607893739	0.237620258328026
3361	813.222099336799	1.52253033537504e-10	3.32765578465918e-09
3362	75.7970605326069	1.61096391677893e-06	5.40608457738335e-06
3363	142.164521567289	1.45850715730799e-07	6.33338555185869e-07
3364	28.8007672525855	6.37918239475576e-05	0.000149698483851578
3365	4.27458130412068	0.0328212328948952	0.0435874803669203
3366	21.2608396316937	0.000191940617818515	0.000407332239103928
3368	5.84867008363261	0.0137003137472272	0.0196672220855131
3371	225.053089974293	2.57578747930508e-08	1.41132185383201e-07
3372	29.8319321636648	5.60644020627392e-05	0.000133200743448698
3373	43.8056110861717	1.3469162381985e-05	3.61968460927845e-05
3375	477.159450657769	1.39358891354874e-09	1.59956351589657e-08
3376	2.3598731428974	0.132099113065198	0.152133588700208
3377	514.604550449624	9.71432646671646e-10	1.2012099303207e-08
3381	352.092144481934	4.41367395967226e-09	3.8331658157095e-08
3382	122.61881687241	2.20647591085001e-07	9.1136379497661e-07
3384	20.4518261489435	0.000220556388267859	0.000461446657615871
3385	828.602734824949	1.50177556264248e-10	3.32765578465918e-09
3386	15.0512768541687	0.000649960807614956	0.00123348858170567
3387	448.497597513291	1.34061668951958e-09	1.54550818420992e-08
3388	217.596692132716	2.93467141176882e-08	1.57303699293273e-07
3389	3.55296678017055	0.0526680098600123	0.0667706811645661
3390	15.68506504321	0.000563125029123222	0.00108291868425222
3391	272.310173970089	9.59736160061878e-09	6.09926746356921e-08
3394	6.75152825457481	0.00894017061516139	0.0134023362575553
3396	2.06175010538288	0.171696952293113	0.192096911301872
3397	200.775712358188	4.00650660215537e-08	2.05994258720193e-07
3398	2.15799251909938	0.157517723053221	0.17791332449356
3400	7.52976299460417	0.00639880232709618	0.0098569847030925
3403	140.006702069944	1.41119758223494e-07	6.16410271355275e-07
3406	201.694206561879	3.24311546959555e-08	1.71202967258596e-07
3407	23.8231636448235	0.000127364780636109	0.000281170926465775
3410	7.15324871611488	0.00749624754783975	0.0113963742879504
3411	7.55160490157973	0.00634152510557569	0.00977638032283311
3413	3.55216372326659	0.0526973756495612	0.0667936135185856
3414	1.49219639123775	0.29476964660908	0.312552921028568
3415	110.755708284073	3.27140978160346e-07	1.29869706008293e-06
3417	37.5053512531964	2.40474997671288e-05	6.15794816777794e-05
3419	18.6998904722125	0.000303433304048	0.000617394524175989
3420	108.640137481124	3.73453525219238e-07	1.46487763567784e-06
3421	0.791111553288902	0.601959499769266	0.609783840795855
3425	24.6485099321947	0.000112574081469773	0.000251423938365561
3426	2.03587560974795	0.175767026892874	0.196094952022319
3427	9.37365214947419	0.00319317389693173	0.00524491652565909
3428	2.26184663012438	0.143767537487676	0.164262176801602
3430	7.3771416285382	0.00681765414531146	0.0104397532323371
3432	717.069299392502	2.85613876168449e-10	5.15759447727354e-09
3433	27.1855173979695	7.87971667163846e-05	0.000181530773419349
3434	58.7218850446981	4.41173276371498e-06	1.32307307136627e-05
3436	2.9338475838412	0.0828506717651725	0.0999480701415009
3440	654.073041784778	4.08555064843451e-10	6.66631308283136e-09
3442	621.479977988368	4.21980651495878e-10	6.79182445328827e-09
3443	213.841614525405	2.48479215083296e-08	1.37289402139772e-07
3447	6.34426238737112	0.0107776497253139	0.0158304086147811
3448	123.452858861342	2.14152958230458e-07	8.88254882072132e-07
3451	228.733693001741	2.41896519750806e-08	1.34203356183118e-07
3453	465.994066569226	1.42348177916563e-09	1.60595858628533e-08
3455	134.56334979581	1.87756536813706e-07	7.90954457715205e-07
3457	14.9632264126897	0.000663320034929156	0.00125602447790454
3458	1.70810521753522	0.238727818867836	0.258545414363538
3461	7.10418422631683	0.00765610196708786	0.0116185221499004
3463	3.60516307454314	0.0497176717098328	0.0633967211059935
3466	2763.68548776782	1.00260131910841e-12	8.48343944725585e-11
3467	18.0361017748964	0.000344869538027701	0.000691490275469895
3469	3.60349755133969	0.0508602885981432	0.0647143908414183
3470	0.653947637613791	0.688899969159169	0.694173956673997
3471	3.49906983889906	0.0546846752675548	0.0690907277324503
3472	81.4489124757003	1.28790295478002e-06	4.42217344994902e-06
3473	1.54822170390368	0.27888981095268	0.297686853536263
3474	1.54701018043221	0.279222667400105	0.297934761126071
3475	8.14853525675704	0.00483382684637988	0.00762673319422164
3476	1.39444368789274	0.325003259590855	0.341833408196643
3479	1046.7999131539	4.69283709259316e-11	1.87808608779928e-09
3480	4.43215929300507	0.0298039387184793	0.0399083093531104
3481	43.8846239378697	1.33785559097737e-05	3.5986006654673e-05
3482	142.624578961282	1.41075945220163e-07	6.16410271355275e-07
3483	8.10133000365348	0.00509006211392313	0.00800755322729526
3484	1959.764287509	3.91499150270165e-12	2.54818622752768e-10
3485	188.170916253706	5.14820394893039e-08	2.57323307928394e-07
3487	6.30287906845059	0.0109898048103964	0.0161200133462055
3488	170.935495847542	7.46210394692093e-08	3.53867427362791e-07
3489	75.4843340177327	1.72127771712897e-06	5.70197310881147e-06
3491	308.214906379198	7.6122262707187e-09	5.82522173145567e-08
3492	466.410590145993	1.52268895949971e-09	1.70075308576323e-08
3495	146.766732265477	1.34378044358879e-07	5.90008270376306e-07
3497	2.2870370124152	0.140653775067175	0.161046261303475
3499	14.4197659121319	0.000753875205919906	0.0014085813390106
3500	26.6336505953007	8.49236652905429e-05	0.00019451000367977
3503	27.9457216801631	7.12381868743517e-05	0.000165338472122565
3504	1.36013032482266	0.335151341874221	0.351362128868283
3509	41.0661058417254	1.51509469188615e-05	4.02597840288994e-05
3511	59.2948617156981	4.30620969258434e-06	1.29602032566957e-05
3512	123.483952306275	2.61343797847873e-07	1.05950671776383e-06
3513	3.29157227130665	0.0631104735446173	0.0784641760715299
3514	349.880093060551	3.57281641388667e-09	3.27581913613789e-08
3515	3.7717811946891	0.0453688784279545	0.0584809286025625
3516	57.3795009029708	4.17975071393154e-06	1.26309507543962e-05
3517	122.726766501297	2.67599951161719e-07	1.08190751585724e-06
3518	25.0881281392542	0.00010557451213529	0.000237312271490446
3519	1013.92973402419	5.89068302955184e-11	2.16711276919476e-09
3521	31.516909641389	4.45180522176064e-05	0.000107668608936253
3522	5.15935761350245	0.0189945878351556	0.026415812103223
3524	913.900768752192	1.0282660009662e-10	2.7106190318302e-09
3525	51.4680964020607	7.35042874318355e-06	2.09009070791532e-05
3526	13.8338972400514	0.000869596457252178	0.00160755924354078
3527	3.74363911171162	0.0462340695054573	0.0594667521565307
3529	18.3028284940155	0.000327414382723273	0.000660291245784795
3530	135.477312302516	1.8292522690538e-07	7.73904370686118e-07
3534	20.7597666315549	0.000209070934190806	0.000439746854833858
3535	1.70970214067156	0.238362051964104	0.258196494839684
3536	3.6525784422546	0.0491774457618385	0.0628431523726794
3537	6.74360078228973	0.00897201766918941	0.0134466752668545
3538	2.65360898127404	0.103417777489197	0.122142272396513
3539	199.785692390978	4.08385055688902e-08	2.09606991754365e-07
3540	40.0328870325451	1.88605136486647e-05	4.91901463412774e-05
3541	22.9283099379991	0.000146269628919587	0.00031839581480732
3542	30.5818382377931	5.11727117517788e-05	0.000122430525280625
3543	498.685220333097	1.0966889574762e-09	1.32026192990478e-08
3570	32.7660795317358	3.96797045357889e-05	9.6757056387599e-05
3571	272.310173970089	9.59736160061878e-09	6.09926746356921e-08
3572	272.310173970089	9.59736160061878e-09	6.09926746356921e-08
3573	272.310173970089	9.59736160061878e-09	6.09926746356921e-08
3574	272.310173970089	9.59736160061878e-09	6.09926746356921e-08
3575	272.310173970089	9.59736160061878e-09	6.09926746356921e-08
3576	272.310173970089	9.59736160061878e-09	6.09926746356921e-08
3577	272.310173970089	9.59736160061878e-09	6.09926746356921e-08
3578	272.310173970089	9.59736160061878e-09	6.09926746356921e-08
3579	272.310173970089	9.59736160061878e-09	6.09926746356921e-08
3580	272.310173970089	9.59736160061878e-09	6.09926746356921e-08
3581	272.310173970089	9.59736160061878e-09	6.09926746356921e-08
3582	272.310173970089	9.59736160061878e-09	6.09926746356921e-08
3583	272.310173970089	9.59736160061878e-09	6.09926746356921e-08
3584	272.310173970089	9.59736160061878e-09	6.09926746356921e-08
3585	272.310173970089	9.59736160061878e-09	6.09926746356921e-08
3586	272.310173970089	9.59736160061878e-09	6.09926746356921e-08
3587	272.310173970089	9.59736160061878e-09	6.09926746356921e-08
3588	272.310173970089	9.59736160061878e-09	6.09926746356921e-08
3589	272.310173970089	9.59736160061878e-09	6.09926746356921e-08
3590	344.836604180221	4.92313189888418e-09	4.15592972781069e-08
3591	272.310173970089	9.59736160061878e-09	6.09926746356921e-08
3592	251.634922880175	1.67144563085066e-08	9.79225763751584e-08
3593	29.3703842474914	5.93688606972836e-05	0.000140375952858288
3594	913.900768752192	1.0282660009662e-10	2.7106190318302e-09
3595	63.7989482574536	3.26281118904735e-06	1.01553498017485e-05
3597	0.599879362223949	0.724972200102908	0.7292816476239
3598	1000.23168813598	5.61921504742795e-11	2.09324595760476e-09
3599	108.640137481124	3.73453525219235e-07	1.46487763567784e-06
3600	347.561235116407	4.77495829137813e-09	4.06936373522772e-08
3602	1.65742160832663	0.250684520029124	0.270357686112983
3603	396.993576460914	2.67683705092185e-09	2.63370529113125e-08
3604	322.460028424371	6.3879062470174e-09	5.06826726066208e-08
3606	1.20652135812371	0.39332297950464	0.407028645743048
3607	16.6094619116511	0.000423580459930546	0.000835453567821719
3610	467.971033966262	1.40556250921367e-09	1.60098975809088e-08
3613	913.90076875219	1.02826600096621e-10	2.7106190318302e-09
3614	22.6530699204778	0.000152783843947885	0.000331479380111107
3615	76.1686275614854	1.66308607180563e-06	5.54955425538295e-06
3616	224.726196248579	2.59032528553045e-08	1.41797566231025e-07
3620	14.3792969648074	0.000704645116979376	0.00132621958305333
3622	285.161574699578	1.02918836134739e-08	6.46435065138979e-08
3623	48.330925227163	9.31365143025773e-06	2.59965869092443e-05
3627	217.8835623857	2.84707195642229e-08	1.53581122020849e-07
3628	6.68809457253115	0.00910626072465949	0.0136168599525772
3629	2.74638352904749	0.0959794530960734	0.114130957777162
3631	13.9718209670355	0.000840452032990834	0.00155757114874991
3632	10.2471538145887	0.00224614905986029	0.00383067690226101
3634	3.38963755480718	0.0590817773902132	0.0739364816146699
3635	913.90076875219	1.02826600096621e-10	2.7106190318302e-09
3636	36.771870538521	2.58797890049169e-05	6.56471050433074e-05
3638	5.11977004608441	0.0194157213367399	0.0269571770927123
3640	4.39819141915896	0.0304241598198202	0.0406501914308132
3644	14.6472858889457	0.000714185706862353	0.00134076765190039
3649	5.19798200997639	0.0192206780375224	0.0267114209329529
3650	6.60083657744121	0.00939327094919498	0.0139895257309736
3651	3.14912954423049	0.0703875518510894	0.0865487792430979
3652	2.42549719054574	0.124926576422416	0.144547785143577
3654	1.94580363323622	0.190864553260957	0.21154392757572
3656	83.0121399407029	1.1977337706777e-06	4.14516035389011e-06
3658	4.23488691390507	0.0336404813377288	0.0446454337807232
3659	21.7004714680275	0.000178339628292188	0.000380787894150913
3660	40.4921117266491	1.80745545807539e-05	4.73278456152987e-05
3664	9.42736806197492	0.00311957674935708	0.00513970878621474
3665	531.992320771902	9.12836649931879e-10	1.13825925843085e-08
3668	3.3494483841215	0.060805745249065	0.0758694815905229
3669	845.347231708768	1.42432312072107e-10	3.21994879543166e-09
3671	39.5878453659104	1.96635899023534e-05	5.11046261481524e-05
3674	720.613039716372	2.05685345235114e-10	4.14379013546797e-09
3675	94.2944220691117	7.35745705002775e-07	2.69500421195512e-06
3677	38.3162741152867	2.22073204510343e-05	5.72135532977279e-05
3679	1163.66623815113	3.0863226639659e-11	1.37830338658356e-09
3680	82.071931673114	1.19989583669512e-06	4.14516035389011e-06
3683	0.255399498546762	0.943166357502028	0.943484940970193
3684	6.96068179570022	0.00811513685338745	0.0122554705718036
3686	6.32572674330046	0.0108720350697176	0.0159551694048408
3687	1.49838882119221	0.292964585500254	0.31086156214941
3689	1.69020825074031	0.242872234905201	0.262793614786902
3692	29.9873486363462	4.98767794502978e-05	0.000119797309279851
3694	13.4986595451646	0.000945906870799679	0.00173347970165424
3695	134.05995054893	1.90486072991775e-07	8.00176603071123e-07
3697	1959.764287509	3.91499150270165e-12	2.54818622752768e-10
3700	71.5098912139078	2.11496846626811e-06	6.87161723845641e-06
3701	3.51043890145408	0.054251431384787	0.0685872418553028
3702	1.83705479437387	0.211200871469145	0.231741897315996
3703	0.559854588792806	0.752068731585158	0.755640898588446
3705	104.854637922629	4.89822848173249e-07	1.88024674642265e-06
3706	12.8199302656731	0.00112797193649127	0.00203192754861246
3707	5.836908345397	0.0137810145282201	0.0197704196038926
3709	32.2157233879912	4.22408529791827e-05	0.000102537939424467
3710	90.9591221891768	8.44478101677736e-07	3.05176558647787e-06
3711	6.65345454760002	0.00934434476720467	0.0139306705401846
3712	237.252255495154	2.09954467631767e-08	1.19114972393004e-07
3713	101.744382069367	4.55393706770936e-07	1.75605268567985e-06
3714	583.191578101922	5.95112370957588e-10	8.72251021505425e-09
3715	195.41411526743	4.44868391474329e-08	2.26176436283472e-07
3718	0.478003506661581	0.807889972882721	0.810215426580487
3720	2.22246831917535	0.148803760501782	0.169135419967772
3722	42.0698506202065	1.5669278105517e-05	4.15439275823532e-05
3723	2.22618791244952	0.148319032826577	0.168746975391671
3724	167.501212980437	8.07047027148641e-08	3.7757816285951e-07
3726	1.10368244376899	0.437137995602793	0.449586446944841
3729	1038.85663270055	4.83651161572241e-11	1.89712968873668e-09
3731	7.91186820592461	0.00548316766033712	0.00858039684337563
3732	4.79879307195953	0.0240158302736256	0.0327001753357896
3733	1.43300137175992	0.312677788106446	0.330064255739526
3734	57.4448437442233	4.85494118162664e-06	1.43779083093873e-05
3735	95.902966891289	6.76058344085935e-07	2.50268348251312e-06
3738	21.1730722115678	0.000194810169759367	0.000412387646706479
3739	26.3686474466427	8.8078106270324e-05	0.00020134566709345
3741	12.9353686350071	0.00109408522273846	0.00197569108971949
3742	35.0527799432631	3.09129934379491e-05	7.73037902874813e-05
3743	18.916432855256	0.000291282563446836	0.00059450951870972
3747	16.3517570289764	0.000447795208565791	0.000877951347346964
3748	9.40793878177669	0.00298078534048315	0.00493989691429259
3749	0.803844355104327	0.593927615489708	0.602265582356709
3750	177.53148849271	5.16159134239707e-08	2.57774920076036e-07
3751	52.7267862522234	6.7105006764166e-06	1.92289770229393e-05
3752	12.2498579670003	0.00131604542881639	0.00233801351975989
3754	15.8225938335708	0.000546242882113611	0.00105456212215089
3755	5.89676001832575	0.0133764345653122	0.0192489363290437
3756	31.315370417768	4.68955463967799e-05	0.000113003385397936
3757	6.07429850785958	0.0122605872239774	0.0178207259208879
3760	1.94202378705061	0.191531240489868	0.212243131416556
3761	5.87428572014438	0.0135265910560343	0.0194508372966475
3762	9.08362896824075	0.00353445043803381	0.00574904306715612
3763	272.310173970089	9.59736160061878e-09	6.09926746356921e-08
3764	5.7788267863286	0.0141883542859515	0.0202842438898602
3767	1441.05071478885	1.32347173888154e-11	7.5374260667263e-10
3768	5.45352997542335	0.0165764876201031	0.0233656678186271
3769	39.2482301773013	2.03054872659537e-05	5.25652976731835e-05
3771	363.946155505051	3.39296865891118e-09	3.14992999478541e-08
3773	26.8008150453911	8.30066352789039e-05	0.000190353014300874
3775	251.708833766654	1.66954445290379e-08	9.79225763751584e-08
3776	2.21623479602466	0.149620392105495	0.16996578105885
3777	21.3414893932233	0.000189350424678337	0.000401979414111035
3778	29.5930423948196	5.77450515417303e-05	0.000136864321841404
3780	136.736715604294	1.68073489787168e-07	7.1768956191218e-07
3781	48.4934280880456	9.19684324660344e-06	2.57068912456971e-05
3782	3.46299732927568	0.0560879384268674	0.0706977781022208
3784	2.48312742047864	0.118873939498759	0.138436953136285
3786	9.42047949041299	0.00309646173008727	0.00510446502290757
3787	4.6513767826855	0.0259758603950349	0.0351427640748725
3788	3.01070632529255	0.0781110482586379	0.094961358545959
3790	146.411384179944	1.35639759216528e-07	5.94666390702811e-07
3791	549.02091007506	6.02932114812784e-10	8.76319638832633e-09
3792	11.586855383899	0.00158716330641923	0.00278211549686922
3793	511.114440433915	1.06666244462294e-09	1.30804175144962e-08
3794	1.62271072966028	0.259275914111183	0.278811045621013
3796	7.73726638958557	0.00587967775649872	0.0091285272219507
3797	524.40859099308	7.22764649555938e-10	9.96433232219295e-09
3798	38.7474976680141	2.13007034162721e-05	5.49974133978114e-05
3799	1.19298745698616	0.398814177126843	0.412175252333326
3800	470.698845894432	1.10769211993493e-09	1.33080333192183e-08
3801	1.50740211383019	0.290226820702034	0.308343221348547
3802	272.310173970089	9.59736160061878e-09	6.09926746356921e-08
3803	1.75128256948218	0.229065348932077	0.24912854603832
3804	283.957307596025	1.04622102021918e-08	6.55742550556422e-08
3806	55.9888380327764	5.34976536265155e-06	1.57020120133722e-05
3808	2.22530119448176	0.148434414325998	0.16884521529727
3809	3.80293944998824	0.04443425393357	0.057388592683937
3810	120.894931664089	2.835317881925e-07	1.14009421687996e-06
3811	2.98081915290825	0.0799134233096468	0.0968940033291787
3812	0.959385288789948	0.506472815394377	0.516768042305064
3814	50.3781014269408	7.30994438160075e-06	2.08057667334076e-05
3816	1.75406196136467	0.228459233801931	0.248743390038389
3817	3.44283012888413	0.0568918912732939	0.0715892653519694
3818	3.84306587284337	0.0422649062577617	0.0549221236868632
3819	1.7517169093914	0.228970505996732	0.249071130765591
3821	41.3550629212613	1.67057362273144e-05	4.40748666701038e-05
3822	9.2837381672649	0.00329437706860197	0.00539605814951948
3824	3.16276617435244	0.0696786870831916	0.0858375340253211
3826	4.66622116678111	0.0252155525066216	0.0342235832943904
3827	10.3274858713589	0.00228777530234579	0.00389270126854183
3828	7.64232223330397	0.00611039251074683	0.00945203834973974
3829	33.1830495585248	3.78681031751839e-05	9.28364135375058e-05
3831	327.500228423495	6.01468573432307e-09	4.86680103885185e-08
3833	440.081728832102	1.90862346498121e-09	2.01871013983643e-08
3834	6.90755519215862	0.00798351258958703	0.0120813349688615
3835	3.58149794642068	0.0516377183962467	0.0655908655502829
3837	7.77616238932381	0.00551317340223199	0.00862051902360615
3839	37.429460411821	2.42293573749333e-05	6.19915696465355e-05
3841	12.1536877601797	0.00135155294443261	0.00239462999996241
3842	3.83374498587665	0.043533575852644	0.0563728399158746
3843	88.4285211757738	9.4071894778066e-07	3.35404033433153e-06
3846	2763.68548776782	1.00260131910841e-12	8.48343944725585e-11
3847	101.489319944537	5.55101883671332e-07	2.09685488328144e-06
3849	1.23380376726952	0.382461999620597	0.397007084429162
3850	64.3635884760913	3.03046498120263e-06	9.49706036172656e-06
3851	3.00630180683624	0.0783735013992208	0.0952608760081233
3852	47.406098197469	1.00151192276678e-05	2.77323754957812e-05
3853	10.6823283097227	0.00195424725802736	0.00337660633293351
3855	32.3470192502718	4.16114280204392e-05	0.000101175898261519
3856	16.8207950208389	0.000438483106078909	0.000861404788492662
3857	58.7036223533517	4.47268887143564e-06	1.33796647401582e-05
3859	2.47982331149002	0.119344412374997	0.138875629567211
3860	278.925381075765	1.12134225493423e-08	6.94013602505274e-08
3861	7.14442902090606	0.00752467228280898	0.0114366522789524
3862	8.6457912300883	0.00414118770438041	0.00663822862599328
3863	1.35657430930696	0.337641239700356	0.35370517558281
3864	28.7846610409552	6.39228001414774e-05	0.000149922250887954
3865	63.6633911283491	3.2892464504291e-06	1.02215145466378e-05
3866	3.24049986877853	0.065801851524757	0.0813832463105315
3868	247.970394352701	1.76921526796874e-08	1.02866005751959e-07
3869	2.16334108636724	0.156771872485212	0.17713845874283
3870	9.42888905213869	0.00313293095064292	0.00515740689845971
3872	1.22579356418008	0.385642759966819	0.399818320896809
3873	2.04951359732816	0.173607531526962	0.193941420074349
3874	2.49024807136908	0.118308218032458	0.137859448240458
3875	175.33545278041	6.7643843037115e-08	3.25735351470595e-07
3876	144.321677036615	1.4336849065721e-07	6.23473986903565e-07
3879	3.53508242100015	0.0533268246762776	0.0675336289411144
3880	272.310173970089	9.59736160061878e-09	6.09926746356921e-08
3882	5.7077740437326	0.0147073442327167	0.020935255921745
3883	71.4131933996279	2.1258870465921e-06	6.90330536017819e-06
3884	54.691602496512	5.84510912812562e-06	1.70042148162515e-05
3889	2.48834830794264	0.118496230898188	0.138051372071198
3890	10.2506052580788	0.00238451497384079	0.00404221012880911
3891	15.1979256414417	0.000628451721902882	0.00119727228974936
3893	13.5232989762505	0.000940018916365329	0.00172535855024228
3897	47.7285732377665	9.76322211278096e-06	2.71109069732778e-05
3898	73.1658682133517	1.93846340942571e-06	6.3568038676402e-06
3902	18.7563241155681	0.000274113623299541	0.000562959428156443
3904	6.72011560654719	0.00906720165223918	0.013561877622781
3907	4.9908606942881	0.0213224588899738	0.0293363354251602
3908	896.287394035035	9.88181987180972e-11	2.7106190318302e-09
3910	2.8588106418243	0.0866372153618234	0.103919041431365
3913	99.8854216162519	5.90056616193926e-07	2.21907641553307e-06
3918	0.976869322362163	0.49812048674273	0.50877179565049
3919	913.90076875219	1.02826600096621e-10	2.7106190318302e-09
3920	223.041210196262	2.66691779176467e-08	1.44837930747352e-07
3921	221.532882872181	2.16242899207598e-08	1.22331107163955e-07
3922	3.80645455749559	0.0443303198461375	0.057279337794213
3923	593.391894741787	5.96796283315223e-10	8.72251021505425e-09
3925	339.987845326575	4.88699942826301e-09	4.13509965908598e-08
3926	0.770343772162449	0.614556730071194	0.621694195083122
3927	5.6064996426155	0.0154887791710011	0.021952629583594
3928	10.6598662318254	0.0020954981237556	0.0036048897435389
3929	54.3105385171837	5.75569181151087e-06	1.67853090101324e-05
3930	7.96582662012766	0.0053674509992917	0.00841487884298696
3931	1.90918902521222	0.197440741789407	0.21826082747642
3932	77.8258610771514	1.53206766518352e-06	5.15886116025128e-06
3937	6.55168253358694	0.00978823031562469	0.0145266069053984
3938	1.62221622954194	0.259400755881641	0.27889465911907
3941	20.360671030842	0.000224107428780279	0.000467884490893758
3942	3.14604173835779	0.0705492961326525	0.0867296556649441
3943	3.29045353402936	0.0634505355815802	0.078820789062437
3944	72.5869175546106	1.73252577991891e-06	5.732821337687e-06
3947	5.94391177006745	0.0130681127596171	0.0188510550110113
3948	19.3457596636192	0.000268945239995479	0.000553112033504591
3949	25.2623684940969	0.000102951986308395	0.000232122046023837
3950	557.573876256998	6.63710038177723e-10	9.40467597159486e-09
3951	11.5243528419838	0.00161619848194387	0.00282715404859821
3952	22.192771637102	0.000164513974481537	0.000354720156845339
3953	32.6185477038312	3.60504428661923e-05	8.88214530351319e-05
3954	1.29081698409273	0.359735016288607	0.375257221112613
3955	1.84463133069327	0.20970335259187	0.230467856175129
3956	33.9749484782533	3.47045073115803e-05	8.60061911324227e-05
3958	76.0524268545717	1.67279147811029e-06	5.57443178115295e-06
3959	13.5777480237169	0.000927169775049736	0.0017049446065258
3960	143.160986242245	1.47900691840839e-07	6.40362425272871e-07
3962	181.368616829023	4.74601665243904e-08	2.39631605520609e-07
3963	3.06771994964507	0.074809446369713	0.0915924493907448
3964	1.2843735537185	0.363275789531467	0.378750660340588
3967	6.66153402330464	0.00924824654791109	0.0138082592143376
3968	0.714018500946305	0.649893807015239	0.656432643068087
3969	3.19111283676165	0.0682331136883503	0.0841968192450206
3970	5.47337544711415	0.016596589793564	0.0233828737743291
3973	9.01894426024558	0.00361671536199543	0.00587220534240651
3977	39.3361974087845	2.01367277980023e-05	5.22197192414921e-05
3978	5.41641807993128	0.0171007185351068	0.0240017904937056
3979	4.04756766612553	0.0378682808212111	0.0497546200763161
3981	364.120120723662	3.98538838828152e-09	3.51772126656444e-08
3987	3.33906182845897	0.0612613622096794	0.0763896943932487
3988	81.7924975418193	1.2673723884599e-06	4.36432945165582e-06
3989	39.9763217447566	1.89602705474871e-05	4.94285574175907e-05
3991	2.36865197336481	0.131111170183439	0.151083941828114
3992	50.8315473132023	6.6507669291743e-06	1.91040215914158e-05
3993	56.0765650598079	5.31820646652983e-06	1.56248694946707e-05
3994	121.596694438658	2.77291199004076e-07	1.11727603517084e-06
3995	379.7316345599	3.28375343058017e-09	3.06777154090321e-08
3996	3.63156408149127	0.0496308741242834	0.0633137799457561
3997	31.9742503357656	4.34300042349112e-05	0.000105165950565568
3999	1009.86333435543	5.41002453414838e-11	2.0540753407539e-09
4000	62.8136702434477	3.4612283843177e-06	1.06998203133161e-05
4001	2.70081094301367	0.099548425725912	0.117995862632495
4003	25.2081388794041	0.000103759348589827	0.000233586705320239
4005	218.118254190657	2.9076008264215e-08	1.56135264686261e-07
4006	3.3547463599816	0.0598980397667046	0.0748630701705405
4008	82.071931673114	1.19989583669512e-06	4.14516035389011e-06
4009	251.634922880175	1.67144563085067e-08	9.79225763751584e-08
4010	21.4195395836579	0.000186885379064756	0.000397887167577481
4011	49.3122930493082	8.63545013404746e-06	2.42636485502671e-05
4013	3.05704681884509	0.0754142498768927	0.0922127584683806
4014	11.7756415673157	0.00150334825297749	0.00264223492652393
4015	25.8502767892916	9.468582761604e-05	0.000215122423080094
4016	5.12856864097259	0.0199622837065729	0.0276447524886676
4018	4.95443942802337	0.0219402186567019	0.0300814618295476
4019	18.6956199026281	0.000303679273291018	0.000617682807590212
4022	349.608388364494	4.66729935592051e-09	3.98909294157535e-08
4024	18.3657812390189	0.000323457500806471	0.000653423866738312
4025	1.09751951714589	0.439920213911997	0.452212326796383
4026	47.790260178501	9.71594643243285e-06	2.7004951064899e-05
4027	379.695584121318	3.26499461832733e-09	3.05989922853684e-08
4029	25.7969993661006	9.53997372155856e-05	0.000216578245890346
4030	232.820165734491	2.25863721102274e-08	1.27287423414726e-07
4032	25.04879017678	0.000106178164914412	0.000238397752383648
4034	263.945850627169	1.38896072147062e-08	8.3861512265754e-08
4036	8.7418401140537	0.00399754398658663	0.00643234257879723
4040	3.33228704961517	0.0615608189021599	0.0766985129064984
4042	9.46037258170877	0.00309923121991699	0.00510760893588435
4043	59.4159841629908	3.72500067834133e-06	1.13786379668982e-05
4045	136.352604482759	1.78443845289802e-07	7.57650821255552e-07
4046	1.30869040160319	0.354410126173888	0.369898004815496
4047	266.224083245105	1.34344577763919e-08	8.16963998044858e-08
4050	8.48155476012326	0.00440212912268732	0.00702230293392864
4051	23.5952057084794	0.000131874200357044	0.000289829643307893
4052	65.5960041906769	2.93633473284417e-06	9.23627754786831e-06
4053	77.8539319898186	1.5299622692062e-06	5.15470223009576e-06
4054	714.222121837822	2.34143495634405e-10	4.45926663872213e-09
4055	1.64304203229804	0.254202900653618	0.27395265294239
4057	59.0871749117495	4.36378824744893e-06	1.31002117534921e-05
4058	217.460556107946	2.94178931414167e-08	1.57479018106418e-07
4059	4.0427664568983	0.03798507554277	0.0498931319492397
4062	53.6776721019467	6.27293698127289e-06	1.81551236952521e-05
4064	4.43191924961829	0.0298082661789904	0.0399083093531104
4065	2.20141638533072	0.151583511228128	0.171964975484429
4066	5.83624938103508	0.0137855534296938	0.0197704196038926
4067	45.9816064820396	1.12307228314906e-05	3.07818469833034e-05
4073	2274.37545476161	2.17027930211933e-12	1.56762979346986e-10
4074	5.45179177754244	0.0167854139397516	0.0236131837225809
4075	2.63203569492967	0.105247381573554	0.124129876754313
4076	4.21122117713631	0.0341410303310781	0.0452488974381239
4077	3.28424955839386	0.0637368499757038	0.0791139837480049
4078	15.0006381233111	0.000607429144823255	0.00116170578779081
4081	5.31340040033758	0.0180620670362183	0.0252136750071932
4082	4.0879969604748	0.0369022801043163	0.0485931981009038
4083	1138.02215120244	3.37102691940219e-11	1.47720050847644e-09
4084	114.232285182234	3.52552079030943e-07	1.39303933562393e-06
4085	101.877757469726	5.47030677841681e-07	2.07430390835869e-06
4086	15.4857292304488	0.000588774341160843	0.00112894477911806
4088	85.7069148763442	1.0541736941781e-06	3.69241324105079e-06
4089	2.09029538564583	0.167337078572478	0.187822155843242
4091	4.53864041528068	0.0279590428973388	0.0376795019524318
4096	23.3906404582708	0.000126541981465423	0.000279876085220202
4097	50.9329897586677	7.64563332680921e-06	2.1698651746378e-05
4100	55.369070170718	5.57955579026959e-06	1.63037537966289e-05
4102	9.40418444315856	0.00315969677718003	0.00519569239623468
4103	5.50602476434821	0.0161797893438208	0.0228391068359034
4104	4.13317525960509	0.0358587609265201	0.0473348430951145
4106	7.70276595421537	0.00596223093824333	0.00924700022184216
4107	10.1947653596682	0.0024277335169625	0.00410841874884825
4108	5.01590507096945	0.0212436314305313	0.0292482633572843
4110	2.99598623240329	0.078992437022619	0.0958754517387238
4111	5.49824703494001	0.0163822789217831	0.023108492013558
4112	7.39054383025457	0.00651200939053938	0.010013144241995
4113	13.8150619308866	0.000843065845455506	0.00156143808712725
4115	15.8101058000438	0.000547749371966916	0.00105678160591532
4117	135.180735067459	1.84475668660797e-07	7.79350488928602e-07
4118	157.552532880925	1.02221748735927e-07	4.64665708183341e-07
4119	1.7520853481227	0.228890089460638	0.249029390131403
4121	30.3888525514129	5.23785780252288e-05	0.000124844393417879
4123	3.66481095142211	0.0487688146595404	0.0624017475110084
4124	2.42952912004653	0.124501522888002	0.14408411880923
4125	81.7053990094179	1.27253773649263e-06	4.3770273015365e-06
4126	34.7437958719769	3.19442967625927e-05	7.9800113759948e-05
4127	272.310173970089	9.59736160061878e-09	6.09926746356921e-08
4129	346.346398620917	4.8403226666187e-09	4.10146368446102e-08
4131	53.6742529387068	6.27444507921341e-06	1.81551236952521e-05
4133	53.1198396556393	6.52512540296284e-06	1.88069672806564e-05
4134	11.1820355179602	0.00174697900764011	0.00303441544347577
4136	382.207625053345	3.09641510585474e-09	2.93911324871436e-08
4137	3.08026432080488	0.072824912262395	0.0892862668868072
4138	7.80517910317114	0.00572131569561285	0.00890600600922863
4139	386.99258171521	3.14552432293321e-09	2.9667102810085e-08
4141	1.75543831267956	0.228159783778665	0.248508716315012
4143	1.76590891646583	0.225896752052347	0.246179661896238
4145	172.295044983407	7.23724432511114e-08	3.4458358631538e-07
4147	1.14969222994052	0.416933830579982	0.430001580798404
4149	0.644536484720682	0.695121666184745	0.700324141658827
4150	509.247244867419	1.08195531999085e-09	1.31051561560449e-08
4152	3.2509212805891	0.0653025524067806	0.0808501291608197
4158	174.815225400959	6.84247853857152e-08	3.28161946428819e-07
4160	22.0002638098078	0.000169754286482401	0.000364295158998283
4161	1.80846845251039	0.216965990963961	0.237583576350442
4162	7.29532645999857	0.00705634086965529	0.0107829481349247
4171	14.677116785272	0.000709178275807932	0.00133221152160177
4172	15.2383722959482	0.000622677156847209	0.00118779929146732
4173	82.4715232734452	1.22799270773554e-06	4.23364424209408e-06
4174	4.84328499318624	0.0234125790872701	0.0319375186397745
4176	14.1302606667213	0.000808468848316602	0.00150441752704343
4178	0.85582734292206	0.563837197952785	0.572635069182844
4180	465.29199827212	1.1808591485011e-09	1.39050273092883e-08
4181	7.66811685660715	0.00604660625060859	0.00935825681273966
4183	1.28792841879642	0.36196468126051	0.377516606287374
4184	261.122156139466	1.4480958543672e-08	8.65496644340757e-08
4185	2.76436654425724	0.0937613610693374	0.111852677062172
4189	3.24591442722156	0.0655418494006278	0.0811124893439028
4190	3.90761224451472	0.0414644473236055	0.053941120469518
4191	235.822444378594	1.70416222811784e-08	9.9642180425883e-08
4192	850.21517611996	1.23995798637655e-10	2.9854760785806e-09
4196	150.287833312754	1.22638774811072e-07	5.44519837485744e-07
4197	29.1311075938783	6.11783255108309e-05	0.000144021948330942
4198	38.2336537625198	2.23865215829037e-05	5.76251053174875e-05
4199	121.895983892003	2.74682221263077e-07	1.10751722024588e-06
4201	86.0770240247701	8.72545141017858e-07	3.13597382903445e-06
4203	88.0565741001072	9.56003740636251e-07	3.39269631862703e-06
4206	33.8513719215762	3.51757087026836e-05	8.69727876029079e-05
4207	26.9013905059546	8.18793965448024e-05	0.000188192342155555
4208	7.73963552380505	0.00587406154489329	0.00912219888054613
4209	13.7467978111579	0.000888656310543759	0.0016392124968392
4210	2.0731093255439	0.16994586620485	0.190353510879601
4211	12.318134066242	0.00129154529830363	0.00229862463997969
4213	2.54548812057256	0.111525074891677	0.130752774858156
4216	23.2603870830661	0.000125341391616262	0.000277531612165653
4218	118.246831729237	3.08730584614095e-07	1.23138804893554e-06
4219	690.05019497259	2.99615440454491e-10	5.35335680972552e-09
4220	3.75378247018127	0.0459198863441291	0.0591011488084044
4223	134.241031117448	1.89498511486495e-07	7.97158866146668e-07
4226	0.449118207448569	0.827123749512939	0.829223759032691
4229	3.6947288692374	0.0471827380298033	0.0605423217830427
4235	13.4937395865164	0.000947088105932401	0.00173457107341918
4236	3.41489478008545	0.0580292051822538	0.0728038513650687
4237	301.329541522805	6.43955747613114e-09	5.06826726066208e-08
4239	59.1521844519757	3.94672346328777e-06	1.19695049017171e-05
4243	9.21771916083033	0.00337125513863206	0.00551296084652614
4244	3.36457731998262	0.0601495646871195	0.0751140357667739
4245	13.9935676595097	0.000835969305276852	0.00155023362403093
4246	4.96636813799559	0.0218394360122879	0.0299779790268322
4250	2.17695799459789	0.15489212787855	0.175248533605473
4259	32.2165007442008	4.22370913202761e-05	0.000102537939424467
4261	829.291044292031	1.17986582186412e-10	2.93300328996368e-09
4262	272.310173970089	9.59736160061878e-09	6.09926746356921e-08
4263	2.28808570862029	0.140525924935464	0.160930984801383
4266	7.45501895616408	0.00659977527438564	0.0101270644948669
4267	164.817883931844	8.58968986871195e-08	3.99033200724556e-07
4268	20.8820301486894	0.000193147133931043	0.000409164076824278
4269	3.78557096739153	0.0449522615545477	0.0579943901519464
4272	238.62891029151	2.05301313755968e-08	1.16923046286212e-07
4274	6.53389462056727	0.00946618958687223	0.0140910381812124
4275	9.96500219184454	0.00249092420066446	0.0042068859789562
4277	2.10868050554717	0.164599303948934	0.185029735678409
4278	41.3242132544531	1.675237917932e-05	4.41782466069067e-05
4282	114.659515143573	2.85784697617416e-07	1.14837365263769e-06
4283	48.4733307238264	9.211189265998e-06	2.57348462370312e-05
4288	15.7294387094443	0.000557607326232516	0.00107335332898121
4289	4.65713574659202	0.0260701011881568	0.0352541573829801
4292	3.52992930845881	0.0524067783854227	0.066496432814237
4293	85.300360754993	1.07956691079169e-06	3.77689002517376e-06
4296	2.68842873939271	0.100546061392387	0.119035443059586
4297	35.0807216673572	2.99160197446052e-05	7.49545621604468e-05
4298	0.681625463348672	0.670767423063105	0.676362861219403
4301	14.9284317956213	0.00061782572617618	0.0011800650680882
4302	16.85773299461	0.000401782498195479	0.000795639497429562
4304	2.9448472907905	0.0821510903554243	0.099241466076928
4305	1184.85900764234	2.87344722594283e-11	1.319335497617e-09
4307	101.640468425839	5.51943558972233e-07	2.0875872923324e-06
4309	158.922770140193	9.88624963631475e-08	4.52317827394857e-07
4310	7.95241430449898	0.00539592642681727	0.0084528093694892
4311	164.462784345568	8.66150924850336e-08	4.01648048736645e-07
4314	1.84367104426549	0.209892458685332	0.230562506081829
4316	21.9345097259285	0.000171592108433172	0.000367573257956485
4317	2.5694609725229	0.110782523075456	0.129933640430876
4318	15.9518784123953	0.000530948208304951	0.00102838660490197
4319	2.07887888778502	0.169064660322403	0.189402304348325
4320	2.22618385916541	0.148319560001526	0.168746975391671
4321	2.07887888778502	0.169064660322403	0.189402304348325
4322	230.33900314847	2.35432968493424e-08	1.31429733495435e-07
4323	2.07887888778502	0.169064660322403	0.189402304348325
4324	2.22618385916541	0.148319560001526	0.168746975391671
4325	2.22618385916541	0.148319560001526	0.168746975391671
4326	2.22618385916541	0.148319560001526	0.168746975391671
4327	2.22618385916541	0.148319560001526	0.168746975391671
4329	71.7136254448752	1.82298341953807e-06	6.00530077526361e-06
4330	12.7238603775648	0.0011571825396686	0.00207885719819748
4331	109.710595419481	4.11704744109602e-07	1.60429421010603e-06
4332	13.8704511476924	0.000799140259238679	0.00148891290361461
4335	295.321193513524	8.98503484563638e-09	6.09926746356921e-08
4336	132.612649271326	1.98616228002957e-07	8.2903729278472e-07
4337	140.654379329293	1.42778969672863e-07	6.21823409832621e-07
4338	765.349485172496	1.62075860737611e-10	3.49081935690498e-09
4339	4.97839743354561	0.0216928575674027	0.0297974942884337
4343	28.021830073387	7.05325561883564e-05	0.000164151013871762
4344	830.292187975455	1.36938947973669e-10	3.16831792518766e-09
4345	37.6552643147668	2.36932724721326e-05	6.07249038738388e-05
4346	7.13302195692317	0.00756163619263061	0.0114898848560675
4347	2.58144155966801	0.109695747269072	0.12883757903524
4348	587.432664317896	6.20703793499656e-10	8.90309343286462e-09
4349	10.0409320492573	0.00255198359288441	0.00429170892125337
4351	770.955431541597	1.83221138561941e-10	3.7944713416167e-09
4353	219.385633327911	2.84311568114592e-08	1.53507513030331e-07
4354	5.4515022561792	0.0167879649933797	0.0236131837225809
4358	499.657127137029	1.16499110959158e-09	1.37455026735277e-08
4359	4.10158145755191	0.0365845858906715	0.0482070082826357
4360	654.073041784776	4.08555064843455e-10	6.66631308283136e-09
4361	102.844326151403	5.27577240524902e-07	2.00696210380796e-06
4362	13.198507547772	0.00102149009891341	0.00185876677599513
4364	2763.68548776782	1.00260131910841e-12	8.48343944725585e-11
4367	913.90076875219	1.02826600096621e-10	2.7106190318302e-09
4372	1.98947224253051	0.183359391942861	0.204065704336259
4373	41.0496876829726	1.7174736867861e-05	4.51513388674392e-05
4374	154.009635619012	1.11596639929475e-07	5.00368583120574e-07
4375	902.032243265748	9.30872888211562e-11	2.7106190318302e-09
4379	528.740027995342	8.0490508170909e-10	1.08376921307718e-08
4380	14.6808944039964	0.000708547310325953	0.0013314485149304
4384	12.0348367450849	0.0013971121236948	0.0024679675242005
4385	172.127017029884	7.26456959382809e-08	3.45606792805171e-07
4387	88.6123991004989	9.33276057383977e-07	3.32999643848512e-06
4389	3.8199431610212	0.0439342794543119	0.056829599739657
4391	747.581745079817	1.77859801046642e-10	3.72248622473237e-09
4392	774.828421626645	1.54371668748991e-10	3.34924320146621e-09
4396	1.24769957562214	0.377108468930258	0.392068362554663
4398	46.5417684495902	1.07317141601311e-05	2.95783820244098e-05
4399	3.65562067259846	0.049075423909238	0.0627533971965494
4401	4.97886996054389	0.0216871248517335	0.0297965299227134
4406	20.7990279680266	0.000207661088180753	0.000437343583527471
4407	33.8316323238356	3.52517190388464e-05	8.70708639979514e-05
4408	7.87210673854324	0.00550181111143289	0.00860729720364951
4414	10.6326656563523	0.00211329457778698	0.00363234004185498
4415	2.55395944590454	0.112208254987548	0.131501680706618
4416	4.72175451572476	0.0251069157973255	0.0341073996026511
4420	9.08966225021656	0.00352689755992239	0.00574053702869479
4427	13.5165322529437	0.0009416313318754	0.00172778264519764
4429	105.800745623641	4.01806789695103e-07	1.56985594681009e-06
4430	47.513682198354	9.93018357926634e-06	2.75358039981248e-05
4432	13.590161137307	0.000924271381146615	0.00170067082650867
4434	333.478008329342	5.60683219268342e-09	4.63169694243569e-08
4435	6.46466450024263	0.00999554650301144	0.0147898131244908
4436	68.302730299321	2.51822533906291e-06	8.04073082089601e-06
4437	91.1729988773622	8.36923464284704e-07	3.028159852754e-06
4440	8.25469894385735	0.00479741630152915	0.0075713020927144
4441	6.17385859821291	0.0115763763722464	0.016905048632351
4442	61.2378566134814	3.43309227740592e-06	1.06183841039558e-05
4443	359.411202400226	4.1920488922338e-09	3.66757837351563e-08
4444	2.99699686256698	0.077640628533838	0.0944476161030853
4446	3.71758951891109	0.0470532335608267	0.0603892312851086
4447	3.91279321476934	0.0403469238684588	0.0526608263712828
4448	131.4412521916	1.67602562257414e-07	7.16418705422505e-07
4449	55.9761410470676	5.35435243967203e-06	1.57076916791369e-05
4451	44.260544596366	1.29578122360131e-05	3.49654313776334e-05
4452	69.1971725517563	2.39670454587607e-06	7.68996805266736e-06
4454	30.0008765833273	5.14664995879688e-05	0.000123016980250016
4457	1250.31765228529	2.32231671011076e-11	1.1274657273759e-09
4459	3.89040237627218	0.0419354194039563	0.0545178861127377
4460	54.958007269622	5.73882914967959e-06	1.67443768736711e-05
4462	185.46303716123	5.44489969255852e-08	2.696500073497e-07
4463	3.55874417119673	0.0524573411551204	0.0665320838676185
4464	236.615638333153	1.66880054563088e-08	9.79225763751584e-08
4465	913.900768752191	1.0282660009662e-10	2.7106190318302e-09
4468	17.8757172718594	0.0003559296005818	0.000712701495688303
4470	187.2905853251	5.24238018509551e-08	2.61149014603202e-07
4471	5.34506586037238	0.0177595448249981	0.0248382016525298
4474	3.06763635512609	0.0748141600797608	0.0915924493907448
4475	4.77960381709286	0.0242819858166744	0.0330397891091575
4479	15.2804532429729	0.000616739780750027	0.00117837087786529
4482	28.0453289365461	7.03164642165262e-05	0.000163712428283996
4483	259.587350384615	1.48156670838191e-08	8.83717987285604e-08
4484	229.670504987816	2.3809789164735e-08	1.32542651525118e-07
4490	257.272393857713	1.53391129713862e-08	9.1126946970432e-08
4491	6.26744877193418	0.0111756059331377	0.0163682279777386
4492	708.934642976688	2.77516147943062e-10	5.04211087198391e-09
4493	840.8348869227	1.12862937016335e-10	2.91915797357097e-09
4494	6.11471504184923	0.0120230170851308	0.0175011870718185
4495	502.028071282109	1.14373793917336e-09	1.35959612238831e-08
4496	577.361384122472	4.96636097587345e-10	7.62066219173534e-09
4501	9.88501530687122	0.00253166790093124	0.00425996277761811
4503	89.4874122590397	8.9885438037722e-07	3.2205453119305e-06
4505	279.275254670126	1.11590415337918e-08	6.9137032431641e-08
4510	95.6772056232597	6.95851830891942e-07	2.56633274867557e-06
4512	18.7197684914908	0.000302291688946922	0.000615283049358288
4513	272.310173970089	9.59736160061878e-09	6.09926746356921e-08
4514	3.19661463712212	0.0679568431621062	0.0839258511361875
4515	8.82805656337668	0.00387388654852358	0.00625375579910199
4517	1197.04242076894	2.75936935315563e-11	1.27685505302663e-09
4518	732.381688513225	2.43341520195221e-10	4.53242711986255e-09
4519	176.331129285459	6.61801445787452e-08	3.19466174686151e-07
4520	2.73885897271339	0.0965577985164618	0.11479370094398
4521	21.6794939211103	0.000174809092593164	0.000373923530310333
4523	416.555107210392	2.3630068053363e-09	2.36820462064414e-08
4524	9.20377753710412	0.00338777661401846	0.00553692077396008
4525	84.1855353321756	1.13521390845481e-06	3.94593426043301e-06
4529	2.58262412675262	0.109589182008839	0.128737946259095
4530	10.1173731778947	0.00248927049086537	0.00420534772315904
4534	8.05492000927774	0.0051830004811973	0.00814294744035321
4539	21.767416166434	0.000176376048305863	0.000376731097769789
4540	180.092431218666	6.0997349988643e-08	2.98337988425047e-07
4541	163.920046478196	8.77274262747586e-08	4.05628060753626e-07
4543	8.77557755510109	0.00394857450369366	0.00636392021370818
4544	572.766813537188	6.8487487074729e-10	9.58986727999102e-09
4545	38.6778528844797	2.14439356383451e-05	5.52949198023152e-05
4546	441.414325894555	1.76550494025692e-09	1.91521717237028e-08
4547	2.1406706372145	0.159497641983714	0.179943202337433
4548	151.142372586363	1.00145363683653e-07	4.56980731200523e-07
4550	1.31014346711481	0.353887931297828	0.369418085491195
4552	7.02912150071901	0.00790900989958046	0.0119808352008223
4553	36.1118616951415	2.76808045501074e-05	6.99161643284802e-05
4554	4.81747044597637	0.0237602578396023	0.0323745128097456
4555	26.8948369460207	8.19522603316739e-05	0.000188286748620832
4557	1.01992525155465	0.475729052748168	0.487077472675437
4558	74.2854088948827	1.82953874941922e-06	6.02354531006673e-06
4559	7.85922627209534	0.00559908848138154	0.00874331691938383
4562	150.102043113845	1.17169631028888e-07	5.22193923690069e-07
4564	16.726908661335	0.000413089014874742	0.000816664297430939
4565	2.29382347342336	0.139828899041896	0.160256689052854
4566	11.8296272265617	0.00148040715467258	0.00260578055783825
4571	3.08118630141442	0.0740548604393681	0.0907378854742195
4573	9.09899710789033	0.00351525136661544	0.00572485498072171
4574	2.40394309476812	0.127228999402478	0.147010800519095
4585	3.78943684873566	0.044836317949311	0.0578574098504943
4586	207.921212311926	3.49951838762752e-08	1.8343050805237e-07
4587	1423.77322614767	1.38823797629477e-11	7.8309843177085e-10
4589	272.631675567193	1.22510495583823e-08	7.50944584670647e-08
4590	1.34308002347681	0.341014027824337	0.357048981227426
4592	200.389482217107	3.20779342153882e-08	1.70096333355187e-07
4595	409.895385802124	2.32112520272941e-09	2.34208255123787e-08
4596	1.19848292646363	0.396574662740222	0.410003792531041
4598	160.031375900218	9.62456086348514e-08	4.42251931686753e-07
4599	8.27662357629473	0.00475732177278865	0.00751603543884428
4600	690.650708297983	3.0735237791012e-10	5.46681121429923e-09
4601	6.98050062406658	0.00807842246532113	0.012203136001555
4602	6.511492292244	0.00997077140808138	0.0147642197625165
4604	61.9832515821988	3.64035802646498e-06	1.1183527277361e-05
4606	7.57356741934137	0.00628457754425019	0.0096961585815561
4607	60.6248019211264	3.95926114064723e-06	1.2001383692965e-05
4609	8.02427603042604	0.0052455336985676	0.00823682293123433
4611	5.74467276920195	0.0139871309055953	0.0200304101435786
4612	5.07337196806104	0.020577626908195	0.0284238069443188
4613	19.666830735783	0.00024805608098221	0.00051371893974043
4614	5.14858750755514	0.0197447949049005	0.0273691598927511
4615	2.27710374295573	0.141871780902795	0.162252666207231
4617	191.190905306044	4.59186147920706e-08	2.32785865780822e-07
4618	8.41684404013448	0.00451058377031647	0.00718370198214156
4623	531.992320771902	9.12836649931876e-10	1.13825925843085e-08
4625	3.85263840524045	0.0429075386388071	0.0556595162850755
4627	52.7453595875484	6.70159318286841e-06	1.92220515361402e-05
4628	8.68943638968398	0.00405175494153141	0.00651249512040449
4629	428.535460661752	1.98661904965527e-09	2.08630223955819e-08
4632	0.639585476242701	0.698405348372571	0.703153982391762
4634	13.3293816414522	0.000987635205893533	0.00180214520163506
4635	0.232217553162745	0.95376800446413	0.953929059513854
4638	2.24188617028173	0.146294164136107	0.166762958848761
4640	3.63914046980515	0.0496312477271898	0.0633137799457561
4641	4.29173888195055	0.0324748079389184	0.0431758220925283
4642	168.339183273379	7.91644835538076e-08	3.70958256399686e-07
4643	0.900797570661777	0.538559812866491	0.54790274331986
4645	52.7323595517973	6.70782624448338e-06	1.92289770229393e-05
4652	23.6655060268279	0.000127292019273077	0.000281170926465775
4653	2172.99237223181	2.60012579153152e-12	1.79076105386525e-10
4655	27.879860877848	7.18559772784012e-05	0.000166576498403119
4658	5.76985072013873	0.0142526410520051	0.0203515894288877
4660	2.41727542473069	0.125798809285652	0.145500165475282
4662	56.3249036068179	5.23012842497671e-06	1.5404301671376e-05
4663	7.0257267441401	0.00792069316720322	0.0119954655150459
4664	1.84380752132151	0.209865570407489	0.230562506081829
4665	5.28598149269425	0.0183292318626101	0.0255565066671938
4667	58.3248654093566	4.5835988368415e-06	1.36631383546111e-05
4668	208.53978048811	3.4595234186374e-08	1.81494749411774e-07
4672	13.8611382243327	0.000863740881275325	0.00159773180505739
4673	21.3639679316941	0.000188636324359736	0.000400894491992363
4675	14.6671237634475	0.00071085078707167	0.00133492999740821
4677	12.2153519231056	0.00132864940782828	0.0023566588126786
4681	11.8412297528192	0.00147553415107461	0.00259797526064653
4683	393.608542949274	2.9450321865425e-09	2.83632937250264e-08
4684	22.7689544646512	0.000149997641833868	0.000326031571589724
4686	5.63386979879295	0.0152725777447829	0.0216669408340956
4688	2763.68548776782	1.00260131910841e-12	8.48343944725585e-11
4689	980.349566778544	6.08406519857155e-11	2.21079252583677e-09
4693	914.081278927995	8.02623281592792e-11	2.67075151509781e-09
4694	5.41872328182903	0.0170799469578624	0.0239783185189427
4697	352.33465023292	4.52861570008755e-09	3.89303204522766e-08
4698	29.5738426526972	5.78828567808187e-05	0.000137081231792399
4699	2.68306777432474	0.100639307001162	0.119098224848728
4700	6.53728745407082	0.00985312732375906	0.0146082786329474
4701	2.96976576602219	0.0805929444495234	0.0976579398474892
4702	8.38673484544671	0.00456218755106808	0.00725223748389057
4705	2.6216016382957	0.106146467857631	0.125090634524621
4706	394.347770563514	2.89863054845656e-09	2.80074857071912e-08
4707	6.81999666103816	0.00867091537157494	0.0130382918877477
4708	1.75357946799555	0.228108187099478	0.248498214491486
4711	985.648139972504	6.65655873258589e-11	2.30566066509393e-09
4712	41.5727854752494	1.63811476179625e-05	4.32763324447779e-05
4713	37.8289475656471	2.32910335067075e-05	5.98234134693098e-05
4714	272.310173970089	9.59736160061878e-09	6.09926746356921e-08
4715	4.36168324816141	0.0311087799696756	0.0415087415544917
4716	16.7858527650089	0.000444192940335872	0.000871754402123714
4717	1.54055301868942	0.281004435540441	0.299458307251895
4721	0.963740193812011	0.504891055148262	0.515242887602197
4723	10.8884572705807	0.00183257053028844	0.00317377638915158
4724	22.4391294783706	0.000158100523373602	0.000341637869369516
4725	2.93958238418324	0.0812950292195112	0.0983577146994169
4726	53.426949730942	6.38474197265105e-06	1.84382382759689e-05
4727	2.89627351301526	0.0852962654217054	0.102601498800317
4728	13.4966484094311	0.000946389501748694	0.00173382772003016
4730	25.891687403807	9.41355606953109e-05	0.000214036439922582
4731	2.08219111161457	0.168561249079882	0.189027723296665
4732	45.5622041289432	1.16235341159208e-05	3.17263560223959e-05
4734	2.94413626463587	0.0821960915755977	0.0992755812402662
4735	12.2746361870299	0.00130708716585303	0.00232349258203706
4736	41.1922395482592	1.69537725092316e-05	4.46849260566068e-05
4737	4.31004105663528	0.0321102718428533	0.0427487390706272
4738	5.30588062119804	0.0181348518661431	0.025309313761349
4739	141.683917079829	1.53931783480226e-07	6.64532036117621e-07
4741	6.38491852545805	0.0105741876423885	0.0155604753803397
4742	2.76099866543604	0.094868194951783	0.112945591698374
4743	2.13635419406492	0.160579093522608	0.181060340935543
4744	10.059453822896	0.00250060567152536	0.00422088554928604
4745	272.310173970089	9.59736160061878e-09	6.09926746356921e-08
4746	272.310173970089	9.59736160061878e-09	6.09926746356921e-08
4747	6.50286471308285	0.0100105110127905	0.0148045584840844
4748	155.267346274102	1.08149560370635e-07	4.88239211947614e-07
4749	1.56089003024032	0.27543646994357	0.294425232173934
4750	8.88360916218059	0.00379674332491303	0.00613926036403492
4751	24.4324223661165	0.000116228263695574	0.000258804513484543
4752	1.62975906269377	0.256020711319771	0.275510660092116
4753	1.41354104787197	0.318831526030385	0.335841922226209
4754	531.992320771901	9.12836649931886e-10	1.13825925843085e-08
4755	5.89036237645489	0.0134189657943655	0.0193054492105967
4756	14.8976698361814	0.000673490860686992	0.00127406143974738
4759	1.18689240908864	0.401313791896175	0.414613917565157
4760	5.42998708721592	0.0169789035781327	0.0238421161434993
4762	3.24182307708686	0.0657381949167931	0.0813214971788148
4763	14.3629943056353	0.000764207384033269	0.00142698623443539
4764	26.0820465262574	9.16571047506125e-05	0.000208641441751682
4765	10.4057869908471	0.00226937346414455	0.00386472082464869
4767	2.28174321658917	0.141301312489614	0.161662676043265
4769	2.50893928789168	0.116477651045675	0.135860009283879
4770	2763.68548776782	1.00260131910841e-12	8.48343944725585e-11
4776	49.4370366195402	8.55374768625686e-06	2.40569076665239e-05
4777	7.17648557559042	0.00742199920144257	0.0112921914385164
4778	248.581284978506	1.50106687196225e-08	8.93549656545971e-08
4779	63.5219983188389	3.31710704250059e-06	1.02972877425215e-05
4782	213.196234563378	3.17615726481763e-08	1.68720892192958e-07
4783	3.81069551332188	0.0442053250908638	0.0571427630975963
4784	21.6948254469052	0.000173762001398316	0.000372086888749902
4788	17.9618288590295	0.000334261097154252	0.000672724593423254
4789	1.91998471672286	0.19547414361718	0.216369529554206
4790	3.33299922270482	0.061529254710514	0.076675315726988
4791	9.08316234797292	0.00353503542977927	0.00574904306715612
4792	32.607455937736	4.03973796359923e-05	9.83451210784967e-05
4795	578.802669677284	4.89303693771864e-10	7.54725463075715e-09
4796	5.35158136877105	0.0176980842726729	0.0247756447995843
4797	4.84848742392006	0.0231837351810791	0.0316545097919621
4798	4.14037990285513	0.0356957570582853	0.0471511973809598
4799	7.69893970720046	0.0059714756333091	0.00925891365866225
4800	302.861911862254	8.07380461299709e-09	6.0623012914616e-08
4801	43.4193087317327	1.39234119730308e-05	3.73328968385068e-05
4803	91.3868078633128	8.29455878825717e-07	3.00665065500901e-06
4804	322.460028424372	6.38790624701733e-09	5.06826726066208e-08
4808	1.41618512829813	0.317987460658078	0.335092887792771
4810	8.23047017091805	0.00478027696353685	0.007550288121341
4811	531.992320771904	9.12836649931863e-10	1.13825925843085e-08
4812	3.40216944065836	0.0585565982983007	0.0733567537480616
4813	93.6246535529053	7.56101464860865e-07	2.76273224945768e-06
4814	171.586054366846	7.35342761965588e-08	3.49273069697047e-07
4815	139.525532647198	1.46073944527519e-07	6.33449098196933e-07
4816	346.947478751568	4.80784196686402e-09	4.08563098561487e-08
4817	12.4282202482731	0.00125323485727646	0.00223514304716906
4820	80.6608573618983	1.2857146050446e-06	4.41722018890901e-06
4821	47.4222359130713	1.00023207761938e-05	2.77098905319906e-05
4822	25.9241565442413	8.40776784003545e-05	0.000192646843003984
4823	114.772778129996	3.46216203756952e-07	1.36891760671056e-06
4825	72.9223833226602	1.96322286153611e-06	6.42440276733612e-06
4826	231.457998659815	2.31055461854713e-08	1.29596733008094e-07
4827	77.5267756180895	1.49370753576758e-06	5.04978866115946e-06
4829	35.8860548852813	2.83329396087356e-05	7.141106438406e-05
4830	1.34546608617872	0.341451540663227	0.35744388040797
4831	607.391551425932	5.45022874891885e-10	8.17258351388515e-09
4838	1040.06320927872	4.81433630764297e-11	1.89712968873668e-09
4840	76.5533879605175	1.63145053754694e-06	5.45936809824323e-06
4843	12.8377453816686	0.00104610823679632	0.00189947856730369
4844	57.6301730269878	4.79615447495551e-06	1.42251492013828e-05
4845	8.93538325669205	0.00372657313026588	0.00603898567730912
4849	13.4499718178152	0.00095767824956087	0.00175234114060829
4850	584.60080159916	5.30071035975222e-10	8.05028396431086e-09
4851	224.502028113465	2.60035422856819e-08	1.42083930773149e-07
4852	10.6093788597282	0.00212868122598606	0.00365666441459265
4856	429.189542821096	2.10391757536858e-09	2.18755618712181e-08
4857	346.974192726898	4.80640478211942e-09	4.08563098561487e-08
4862	107.438983646696	4.46133882150282e-07	1.72709214638962e-06
4864	8.65783591631754	0.00412282370858673	0.0066177465653006
4869	15.8940865785249	0.000537717779906702	0.00103989324017983
4870	4.20453824337371	0.0342840537978475	0.0454181280797698
4872	14.3732332942091	0.000737533002656266	0.00138153319884031
4876	6.61090691690613	0.00952678999115418	0.0141741213558418
4877	4.20063733597244	0.0343678826926562	0.0455135665600641
4880	47.1159704241634	8.8878813628985e-06	2.49492518068473e-05
4882	0.716715331042518	0.64817428889168	0.654807489869593
4883	13.3088458318607	0.000992853300768805	0.00181055113930223
4885	2.67456373611303	0.101677725218265	0.120277617258233
4886	47.0548156355071	1.02988814216848e-05	2.84383564851465e-05
4889	25.0155834904966	0.000106691108719331	0.000239429276012994
4899	25.5193519473	9.92315708648506e-05	0.00022450290077636
4903	254.163910692533	1.60790878220819e-08	9.49515824229223e-08
4905	1.83472240131885	0.211664417166902	0.232121522473535
4906	15.8048079778593	0.000548390048515148	0.00105732885981615
4907	32.2722987688573	4.19681778253077e-05	0.00010200144327423
4909	0.85661578356715	0.563385334832942	0.572274281978308
4911	86.2711345918103	9.42846160772396e-07	3.35807444994281e-06
4914	1.87043753416933	0.204696144023969	0.225565629963528
4915	788.954963566596	1.51794371814996e-10	3.32765578465918e-09
4916	52.584364235494	6.77930077021391e-06	1.94073458008589e-05
4921	17.7123987757412	0.000367653525594338	0.000733696708926976
4922	43.2132297464419	1.23536083889259e-05	3.35029406994543e-05
4924	4.08424888192261	0.0369905374818717	0.048698589354329
4925	5.28846866249263	0.0183047947817968	0.0255344558390443
4926	40.1058232207936	1.87328565005043e-05	4.887872645484e-05
4932	775.118053449002	1.82367837214976e-10	3.79005157833088e-09
4934	282.530975930838	1.06685518376151e-08	6.67263279136157e-08
4935	139.993402112352	1.50765342880148e-07	6.51812500641689e-07
4936	3.43497790426074	0.0572087670131093	0.071942150110116
4938	5.80309336055871	0.0140163615397705	0.0200674182741263
4940	13.3696911341333	0.000977492364772329	0.00178528747349568
4941	3.72067722543829	0.0459120999539766	0.0591011488084044
4942	132.643437472337	1.9843878800678e-07	8.2903729278472e-07
4944	338.639649717673	4.96326356665236e-09	4.17576848086391e-08
4947	4.9490548173228	0.0220525760472381	0.0302215196501137
4948	3.26318295017847	0.0636708497498739	0.0790613088193927
4949	2.25137730960248	0.14508612560832	0.165609004042798
4950	2.13310849260284	0.161044443412827	0.18141236940551
4951	2.78957021606854	0.092740944116663	0.110724574078411
4952	3.99870427924418	0.039078113859757	0.051151307931788
4953	1.23349137051463	0.382620275409968	0.397101785746143
4955	41.3935684482829	1.66477466677722e-05	4.39414454158712e-05
4956	20.9892773445203	0.000200995983886089	0.000424273824652332
4958	17.1622334136023	0.000410892043662526	0.000812592178501884
4959	272.310173970089	9.59736160061878e-09	6.09926746356921e-08
4960	26.1399742348768	9.09191966106892e-05	0.000207280370102045
4961	17.3390490621599	0.000363377632954213	0.000725897376049849
4962	1.58314309755935	0.269488841388774	0.288797251229547
4963	17.7906949375593	0.000361973438590055	0.000723580383654706
4964	98.8641174450332	6.13762100895596e-07	2.29357282246348e-06
4967	6.80890787853143	0.00871382687920431	0.0130961676238333
4968	5.89767064250902	0.0133703944827199	0.0192449201752491
4971	6.38516279397591	0.0105729797971545	0.0155604753803397
4974	1.79012510799836	0.220763226708835	0.24110855976044
4976	359.982147208105	3.19328873955174e-09	3.0069712566558e-08
4977	6.8660812174864	0.00849538488467682	0.0127938379537098
4978	18.3426151568796	0.000304719951065029	0.000619540936253119
4979	2.53550896283736	0.113934502484709	0.133313721496826
4981	1.9441304206704	0.189592503169485	0.21043544912581
4982	4.20494359913048	0.0342753574589462	0.0454167655994046
4983	5.84990435354943	0.0136918793346536	0.0196598791028251
4984	44.3006180227775	1.24707673246291e-05	3.37318718796328e-05
4985	5.99203089218271	0.0127625689734241	0.0184462411004371
4986	18.56549460106	0.000311295530237248	0.000631439529313432
4987	12.2548753173304	0.00122761832356428	0.00219679194445261
4989	2.94657379374506	0.0820419450652971	0.0991611750782321
4991	14.8203393242408	0.000685741348066928	0.00129392991545091
4992	3.72158412989315	0.0466622201230915	0.0599393471674412
4993	2.99326917861764	0.0791564600918179	0.0960351727004993
4994	51.2546860200207	7.3491959867117e-06	2.09009070791532e-05
4995	2.77172475105665	0.09406265922411	0.112166927840629
5000	3.22598352380828	0.0665052204918387	0.0822188313448468
5001	5.59477900403539	0.0155825309932084	0.0220696630972676
5002	10.4106029955164	0.00226591293514374	0.00385993739282611
5004	4.77862866584419	0.0241738549045991	0.0329002165900599
5006	2.96462099953966	0.0809116483465588	0.0979639601710277
5008	15.1103215438708	0.000641191234647899	0.00121879835777263
5009	6.08489815283034	0.0119293272919053	0.0173818955842448
5011	27.6410051242481	7.41537358775766e-05	0.000171500420774263
5013	26.973069553795	8.10877412316063e-05	0.000186517550025167
5014	3.36054875650869	0.0597823406032451	0.0747342345700762
5016	11.1576081845087	0.00177309474501226	0.00307616876822133
5017	3.04917424749087	0.0758642184108093	0.0926291003189493
5018	1.25860172126925	0.372937486344426	0.388108946058567
5019	3.45327494258225	0.0564737486945862	0.0711235410414701
5021	9.86189569544618	0.00270680632208051	0.00452254269271731
5023	4.11827508908196	0.0361988205233761	0.047730546295627
5024	312.701541019196	7.1970658471687e-09	5.55054961103909e-08
5025	1.66221542500433	0.249524188087438	0.269302435503261
5026	340.586872370331	5.16597043666661e-09	4.32175747123959e-08
5027	17.8595143825308	0.000357071559308874	0.000714746483875114
5028	44.747733276319	1.24369487036445e-05	3.36672976104599e-05
5031	166.280314589354	7.89037426558692e-08	3.70322399168553e-07
5033	7.67048693342438	0.00604078732735453	0.00935169454780995
5034	2.32317411267238	0.136328148232595	0.156517081213735
5035	7.60951119114382	0.00619275214344027	0.00957193918204508
5036	2.32734089737338	0.135839809711359	0.156047166974472
5040	19.6572456658358	0.000231414407388606	0.000482120131889804
5043	17.7752122829984	0.000363087859299583	0.000725563222210333
5044	299.663082515857	8.49040308885494e-09	6.09926746356921e-08
5045	272.310173970089	9.59736160061878e-09	6.09926746356921e-08
5046	22.3083501897421	0.000161465207915669	0.000348527123354413
5047	3.526247593573	0.0536560414912388	0.0679069943915828
5048	369.75329407258	3.75468674448602e-09	3.39144896040344e-08
5049	319.272332115756	6.63903621187309e-09	5.18773238561007e-08
5052	8.67313208491449	0.00409964917776469	0.00658233181889408
5053	8.62052013451397	0.00418005179911335	0.00669871396270248
5056	2.49550912120072	0.117789443413517	0.137335998688635
5060	10.1240557968157	0.0024677625096494	0.00417258274183653
5064	82.071931673114	1.19989583669512e-06	4.14516035389011e-06
5067	33.5665091218432	3.62928940805386e-05	8.93073583876319e-05
5069	1.26672915048928	0.369860671631995	0.385276953583593
5070	15.7713026596356	0.00055246377828457	0.00106414405163561
5072	1.03862252320324	0.466809982827867	0.478193623017893
5073	6.41257866109742	0.0104050052155612	0.0153420079392007
5076	5.34318996855842	0.017777289427776	0.0248571494996972
5082	12.3776244205838	0.00127066277126199	0.00226486174967943
5083	1.80422901592471	0.217836704934685	0.238272724529666
5084	4.28566433914817	0.0325969352655248	0.043318745249653
5090	2.24234134679816	0.146235952178845	0.16676079028789
5091	3.41310299327418	0.0581031082854922	0.0728657019637879
5093	40.2092746636535	1.79749370008649e-05	4.7108651263771e-05
5094	6.69401714012722	0.00884007730420618	0.0132724405254279
5095	130.068735757683	2.13992351949789e-07	8.88254882072132e-07
5096	42.3887929397922	1.52329052425679e-05	4.04231620751476e-05
5100	5.52814732165886	0.01612919159966	0.0227731112860039
5101	1.78040246711019	0.222807633577447	0.243036761266891
5102	1.1094488773007	0.434417061922513	0.447098567813561
5106	2763.68548776782	1.00260131910841e-12	8.48343944725585e-11
5107	413.326032089476	2.43556514288003e-09	2.43000947381826e-08
5108	200.977018854337	3.30269569744751e-08	1.74037959216918e-07
5109	196.924928886159	4.31813456415372e-08	2.20295529918023e-07
5111	13.0516503670485	0.00106123253179703	0.00192399151693719
5112	14.7351108203444	0.000699568836353339	0.00131750277193031
5113	240.033075184721	1.99164297421175e-08	1.13865843014056e-07
5115	95.0568930726008	6.39378172403983e-07	2.38178422336402e-06
5116	4.50666403895675	0.027702527090307	0.0373508008094442
5118	2.60545718412071	0.107556178468317	0.126600803868808
5121	371.520695854475	3.68578019968482e-09	3.35742211738214e-08
5122	531.992320771903	9.12836649931873e-10	1.13825925843085e-08
5124	5.02180108433947	0.0211740744845575	0.0291592753248162
5125	79.6045594028008	1.40554467875558e-06	4.78175826092436e-06
5126	139.098602647662	1.65251202731887e-07	7.07213059090296e-07
5128	6.79430844945825	0.00877073005147926	0.0131750023065969
5129	2.49051745011235	0.118281587987241	0.13785553830154
5130	5.61406527460202	0.0153821726061884	0.0218067516386917
5132	4.59954982101288	0.0269675380149149	0.0364095572515024
5134	159.783656998074	9.68227320751732e-08	4.4421459495062e-07
5135	1.21349090380457	0.390526755681164	0.404457068351029
5137	66.7989273264356	2.74052263661606e-06	8.68492005172656e-06
5138	1.66721076363503	0.248321725818294	0.268200142600612
5139	26.0820888752762	9.16565625487826e-05	0.000208641441751682
5140	16.2865527023642	0.000493780439217913	0.000960795512972306
5141	19.4553801845656	0.00026358978553525	0.000543418830395158
5143	4.96173383139539	0.0218962350788811	0.0300281084445966
5145	5.78565738892756	0.014139676008089	0.0202244146331589
5146	17.5273511425867	0.00038152945639905	0.000759085982617257
5148	26.4504382733578	8.70890476576532e-05	0.000199238481759861
5150	0.9122611949004	0.532278648764077	0.542164477494347
5151	1.54348147556024	0.280194753945794	0.29870293873667
5152	2.79342961959779	0.0924581002392751	0.110409138652667
5154	188.658468395773	5.09696041281171e-08	2.55192700972813e-07
5156	1.54498187441389	0.279780950367794	0.298315493974517
5157	9.21286206866231	0.00337699953088677	0.00552083031229433
5160	7.20179033378284	0.00734218750865915	0.0111908843576398
5161	49.863264422372	8.28180984391907e-06	2.33475296075834e-05
5163	96.1320339222226	5.67954460772427e-07	2.14267151028986e-06
5164	32.7694375899744	3.90341828966099e-05	9.5300686437189e-05
5167	374.57921631338	3.57024663052788e-09	3.27581913613789e-08
5168	632.149022305034	4.45306116039758e-10	7.09018313253626e-09
5171	18.1645369551382	0.000336322321444247	0.000676413280106714
5172	2.26804433366251	0.142993776054228	0.163441168577613
5173	3.98055319163877	0.0395397286260788	0.0516984133890209
5175	1.55172941725883	0.277928662462144	0.29687492655785
5179	537.002593375188	8.80148566982555e-10	1.13825925843085e-08
5180	4.96520761794073	0.0218536423349676	0.029983582012975
5181	1.63976385274827	0.255013017111848	0.274625836427905
5182	676.118608547725	3.31493820766998e-10	5.78617159762971e-09
5184	245.045167390131	1.85246355717832e-08	1.06940951746269e-07
5185	14.5879057579796	0.000687304334976049	0.00129646610702648
5188	109.604933909424	4.1323055976278e-07	1.60812391949733e-06
5189	77.5437274151267	1.55343192598138e-06	5.22782800999301e-06
5190	6.51901514821778	0.0097996433312022	0.0145399016660097
5191	22.5987251203439	0.000154112831823565	0.000333995720047923
5192	52.7177943092116	6.71481842037486e-06	1.92320452146423e-05
5193	278.028557957958	8.98776201343998e-09	6.09926746356921e-08
5194	2.37437519082539	0.130471922596327	0.150464407620336
5196	1.89335320860069	0.200368177322059	0.221249201021356
5197	295.35751687013	8.98074886222178e-09	6.09926746356921e-08
5199	4.31261068839612	0.0320594992182276	0.0427099446400274
5202	48.867176548893	7.73213210954187e-06	2.19021609205244e-05
5203	2.65872892876834	0.102989284312994	0.121684725909808
5204	3.56548184016583	0.0522129727144987	0.0662647176747323
5205	15.1938068717704	0.000629043522602708	0.00119801440012085
5207	7.77445073407518	0.00579229913182972	0.00900466870284185
5209	2.76601037181773	0.094490764825504	0.112632078901481
5211	75.792186313699	1.69478691705644e-06	5.62723172141991e-06
5213	5.99955450741494	0.012599964982179	0.0182468441538988
5214	2.2183631620744	0.148891027661096	0.169202140605655
5215	6.41624505438974	0.0100029579580065	0.0147970829134048
5216	61.9691460651856	3.64350008958444e-06	1.1187377413483e-05
5218	69.4990727819332	2.35735689604413e-06	7.56781837141972e-06
5219	9.72779017373902	0.00283055066412957	0.00471731895994356
5221	9.379063767176	0.00318720802262144	0.00523656951955251
5222	1.5623286865232	0.275047416266918	0.294115516618335
5223	2763.68548776782	1.00260131910841e-12	8.48343944725585e-11
5226	509.247244867417	1.08195531999087e-09	1.31051561560449e-08
5228	3.50885421973484	0.0543115638439861	0.0686486113205143
5229	11.1148168513546	0.0018238974152681	0.00315967955268585
5231	22.2139090916034	0.000163951037242009	0.00035363510327182
5234	256.164570259207	1.22094321473037e-08	7.49393436357306e-08
5238	4.53343816954018	0.0280458153460932	0.0377635456635059
5239	12.337821542568	0.00128458717453579	0.00228899212839215
5240	5.38325398656312	0.0174030722290551	0.0243857101520447
5241	8.38110623255245	0.00457191629377581	0.00726185578118372
5244	1.43043433443644	0.313481816896223	0.33073615986397
5245	244.322742935202	1.87377619894852e-08	1.07855941947251e-07
5246	272.310173970089	9.59736160061878e-09	6.09926746356921e-08
5248	272.310173970089	9.59736160061878e-09	6.09926746356921e-08
5249	1070.25773131965	4.29862827876074e-11	1.78047379686013e-09
5251	1.32391517200656	0.348980615134298	0.364669880064996
5252	1.32640260034812	0.34810229398552	0.363955849475063
5254	20.0527693239651	0.000215312178546163	0.000451751340251125
5256	17.0949496730193	0.000416608956191911	0.000823073664951531
5257	1.19925654233973	0.396260476993931	0.409785109628766
5261	6.10394008316442	0.0120857858797011	0.0175839129858683
5262	387.236467290594	3.13783452711122e-09	2.96417765615308e-08
5264	84.8770793273608	1.05246955870528e-06	3.6886255598884e-06
5267	143.70501445377	1.34484687763824e-07	5.90039115277875e-07
5268	332.628751718919	5.66261084522909e-09	4.65828389392943e-08
5270	58.0983303857753	4.65158745976007e-06	1.3837947023686e-05
5276	285.689189970331	1.02183577367412e-08	6.43181008232927e-08
5277	312.787458689029	7.18939689690485e-09	5.55054961103909e-08
5278	1.32513330854722	0.348550180570178	0.364295521354714
5282	135.010136651176	1.85375001859903e-07	7.82591686397864e-07
5284	31.7441378502109	3.96491046685383e-05	9.67222598648075e-05
5285	13.1265829024039	0.00104071652046335	0.00189084783763939
5286	5.55956737087845	0.0158684800886209	0.0224424564386106
5287	19.9006155287042	0.000221335252327832	0.000462912676390449
5288	2.03970406711229	0.175157581864687	0.195488667304417
5289	6.98620553854141	0.00805831081726734	0.0121814994233878
5290	130.9066848112	1.70295003287819e-07	7.25652737031477e-07
5291	1.50009821523149	0.292468528842303	0.310390807441849
5292	2.10165372219753	0.165639282894714	0.186092843813617
5293	2.29937294190687	0.139158724616623	0.159612146766898
5295	15.9141271930341	0.000535358072944964	0.00103625028302386
5297	61.6353957687251	3.71884834870078e-06	1.13657062793368e-05
5298	913.900768752191	1.0282660009662e-10	2.7106190318302e-09
5300	24.1674991746944	0.00012091401079484	0.000268531565780967
5302	125.665461756594	2.44318248810912e-07	9.9868667198553e-07
5303	1.04217808582486	0.46572538174996	0.477247653305366
5304	59.6354697630655	4.213830608751e-06	1.27015362318739e-05
5305	3.29719291857941	0.0631413095267147	0.0784736446441131
5307	241.89634314276	1.94765135614283e-08	1.11566141029342e-07
5308	3.02073848301023	0.0775172850953813	0.0943363220916259
5309	2.00814742924969	0.180257581994198	0.200840041036801
5311	2.64023282146944	0.104547568889251	0.123353635563951
5313	575.300201716969	5.25171350229437e-10	7.99637508331351e-09
5315	149.586326010776	1.22423732270889e-07	5.43972817884827e-07
5316	1.54067773315545	0.279537946619612	0.298171595129756
5318	16.4124860104692	0.000480644110398167	0.000937873758188491
5319	1.88339721929065	0.202235046000984	0.223019582473251
5320	1.08796468449387	0.44426961906246	0.456445612091405
5321	78.3635424433363	1.49236432805321e-06	5.04812902059346e-06
5322	1.11870875866974	0.430430135250378	0.443149259705891
5323	541.138946941597	6.3839766197459e-10	9.08949363431609e-09
5324	98.6152019539978	6.19720097623522e-07	2.31437713633299e-06
5327	48.9978466707428	8.8457935371559e-06	2.48428805692624e-05
5328	26.5201446333593	8.62571078569634e-05	0.000197411456660276
5329	5.4380294155194	0.0169072153012658	0.0237583478598807
5330	17.0009313541478	0.000424765758908012	0.000837233806992398
5331	26.6950480333692	7.54370029291278e-05	0.000174060525262651
5336	76.4265040040574	1.64179890997739e-06	5.4847010399301e-06
5337	1.80601088828	0.217470235035829	0.238003732837623
5340	1.0992750509774	0.43912584129972	0.451474111789314
5342	3.92171066822259	0.0410835084899883	0.0535155542648941
5343	272.310173970089	9.59736160061878e-09	6.09926746356921e-08
5344	445.258502462178	1.54397870215801e-09	1.71255569357658e-08
5345	1.83671302328779	0.211268720817894	0.231773408669085
5347	2.00592679592316	0.179373420764468	0.19996777172745
5348	3.40677854873955	0.0583648950826314	0.0731630208623124
5349	4.54557360055769	0.0278439177469567	0.0375328914008248
5351	19.4782802746798	0.000262487969908476	0.000541335740169883
5352	124.282861314972	2.15058850728546e-07	8.9138808458025e-07
5353	306.946996889857	7.73496898757494e-09	5.90389449915031e-08
5354	39.4052596733118	2.00054692391338e-05	5.19020561994698e-05
5355	24.5936201155064	0.000113488470175104	0.000253275135209924
5356	14.4314912213571	0.000751763141053981	0.00140579613184094
5358	1.6867782054177	0.243676099415094	0.263549482807687
5359	303.157906608354	8.11690235902658e-09	6.0856218572803e-08
5360	1.37469367080715	0.33152714567456	0.348038866329391
5361	1.15692882455911	0.413845774439915	0.427039812196448
5364	12.8016860213895	0.00113344740403992	0.00204054984016063
5365	172.718374438561	7.16897128127392e-08	3.41785562978688e-07
5367	33.2550795845795	3.49284349368308e-05	8.64887625965087e-05
5368	486.638211436612	1.25708402807156e-09	1.46281113914889e-08
5370	2.04311853221285	0.174616172818161	0.194921144289854
5371	0.364378938882322	0.881961421993608	0.883452985365828
5374	67.9372014311806	2.57011005398218e-06	8.19750234234596e-06
5375	231.283952575479	2.31729573801373e-08	1.29851869974033e-07
5376	4.42404216933177	0.0299507077658983	0.0400544211889661
5377	120.187548816025	2.90001955850256e-07	1.16138038167753e-06
5378	0.972875772618818	0.500170724216734	0.510689743067697
5380	37.3497130632586	2.44223216199838e-05	6.24044050712528e-05
5381	4.73463271197904	0.024920287308132	0.0338694037921216
5384	31.4664791340273	4.60709153274877e-05	0.000111151947651613
5386	8.5607788371613	0.00427376086961596	0.00683409439274711
5387	8.19575317774932	0.00466363834919529	0.00738859786269899
5389	10.4736309721863	0.00218873374638146	0.00374664934670279
5390	5.4982668261607	0.0163821097674871	0.023108492013558
5391	5.92290623840489	0.0130857757344372	0.0188719380752548
5392	2.06471112496973	0.171238418750593	0.191620093379891
5393	7.9613890718699	0.00537685138757615	0.00842515628799299
5396	357.694368276669	4.27073352511568e-09	3.71993451018532e-08
5397	539.233017476001	8.66070211099735e-10	1.13825925843085e-08
5399	9.70619546471946	0.00285113504238061	0.00474494882158482
5401	5.78304758948711	0.0141582500666564	0.0202460925023674
5402	83.0181552944968	1.19740238485651e-06	4.14516035389011e-06
5403	1.89730772159421	0.199632338252295	0.220518899565152
5404	1.89154689530003	0.200705359402033	0.221538919817041
5406	17.5072083024125	0.000383079277597269	0.000761913553125798
5407	19.6136769066874	0.000256090330940837	0.000528693980537671
5408	22.1018433555748	0.000166963458115585	0.000359217058633712
5409	25.7204498662505	9.64373658510601e-05	0.000218682434125509
5411	69.797003488663	2.31931887029586e-06	7.46188249253794e-06
5412	53.8741505877196	5.32347288082224e-06	1.5632587939073e-05
5413	337.490722774303	5.3524216553589e-09	4.44633849434653e-08
5414	5.66128847313591	0.0150597599231365	0.0213957682956914
5416	2763.68548776782	1.00260131910841e-12	8.48343944725585e-11
5417	3.95922418593307	0.0400908512463679	0.052349671942733
5418	4.04912844721659	0.037830409214982	0.0497158894564762
5419	25.1171223966379	0.000105132343709996	0.000236408075852054
5420	1.75350066802933	0.22858148577155	0.24878503127984
5421	16.3133659642234	0.000490946095777776	0.00095622286264116
5423	2.42892323253075	0.124204175128386	0.14382430680067
5424	19.7329772024836	0.000250614750339739	0.000518655194361381
5426	1.52682782600259	0.284835227770305	0.303227566814796
5427	14.7471268623248	0.000697598293841685	0.00131420950840468
5429	17.5003702161381	0.000383607207023982	0.000762707447869435
5430	17.3121001725996	0.000365403146896114	0.000729697518228484
5431	14.6840580933832	0.000708019429893865	0.00133130129627345
5433	2.88225292857258	0.0862314962856186	0.103558222323544
5434	2.89577494917533	0.0853293074280616	0.102620403633789
5436	2.13262209854677	0.161114319441856	0.181456572362448
5437	123.026839704232	2.17803091457315e-07	9.01500846052882e-07
5438	4.6726054374309	0.0250847709023607	0.0340851337588167
5440	3.65654362941511	0.0490445242147953	0.0627274275370833
5441	272.310173970089	9.59736160061878e-09	6.09926746356921e-08
5447	5.35095395758603	0.0177039910535624	0.0247780574220817
5448	83.3212285384299	1.18085413209398e-06	4.09736322460027e-06
5454	5.63407206526522	0.015270994089663	0.0216669408340956
5455	4.6718609089755	0.0256656042797231	0.0347627199059684
5456	3.47379906229112	0.0556631128012838	0.0702071160821985
5457	66.8915732226803	2.31574084468226e-06	7.45442012122447e-06
5458	21.6242799622666	0.000179121285927228	0.000382181331609139
5459	9.16247663172893	0.00343731948598186	0.00561029861385144
5460	2.28881469439897	0.140437134645312	0.160860403887871
5461	5.84046258428156	0.0137565653506604	0.0197431879263295
5462	30.5806865124033	5.11798042537275e-05	0.000122430525280625
5463	4.29171599884757	0.0316730312523442	0.0422235795875837
5465	78.0186446072862	1.51768132502359e-06	5.12206637499414e-06
5468	7.87286387947121	0.00556876531553469	0.008702848803143
5470	6.94124731719711	0.00821851996764267	0.0123957967324542
5473	954.65502720228	6.75854342590095e-11	2.32737515765182e-09
5474	305.650818479989	7.86302938487732e-09	5.96321677933782e-08
5475	37.7792583094556	2.34052287527767e-05	6.00906674914157e-05
5477	23.5319844406302	0.000133160210887811	0.000292547451442324
5478	34.9626688593052	2.96123874828107e-05	7.43826001105546e-05
5480	10.5393680310518	0.00217579467482727	0.00372678769780276
5481	74.7920797898408	1.7827728321076e-06	5.88265375185143e-06
5482	115.189351784477	3.41430316486977e-07	1.35089630230619e-06
5483	8.7404716129646	0.00399954636805931	0.0064338167132035
5484	0.598821526503183	0.725684934553055	0.729874659086049
5486	10.3575383298172	0.00230441096130638	0.00391988113837383
5489	498.932365630785	1.01640205879169e-09	1.24899365025377e-08
5491	179.126726346056	6.22778731307298e-08	3.03598224323714e-07
5492	440.081728832101	1.90862346498122e-09	2.01871013983643e-08
5496	277.967549298532	1.1364011422042e-08	7.02599578838775e-08
5497	1.84450371020012	0.209728472865769	0.230467856175129
5500	1.8787852233786	0.203106840774304	0.223939281069658
5501	3.00173402185187	0.0786468302102584	0.0955146966035187
5504	26.1227529623472	9.11377867946478e-05	0.000207698773060677
5508	2.80663624730311	0.0914981953332134	0.109328991518786
5509	1.83995104985613	0.210626931823767	0.231261776976009
5514	15.2024870968824	0.000579505158809163	0.00111369534575817
5516	261.857917597351	1.20416683535047e-08	7.39863087736602e-08
5517	171.294881507875	7.40182078051836e-08	3.5128993976771e-07
5523	34.4027680831633	3.31332415484346e-05	8.24225912185543e-05
5524	3.62753942782141	0.0500271958199371	0.0637502325390463
5525	262.143888486292	1.42633964549123e-08	8.57686266014676e-08
5526	132.659176082851	1.68183878428855e-07	7.1768956191218e-07
5527	388.979349184936	2.35210051171831e-09	2.36126971710298e-08
5529	331.95176461405	5.70757501248322e-09	4.68528945638288e-08
5533	5.32907917899563	0.0179114794035025	0.0250211538931474
5536	531.992320771902	9.12836649931879e-10	1.13825925843085e-08
5537	1023.58570870999	5.12854214596291e-11	1.97717176015627e-09
5538	69.1528833959684	2.40254608793603e-06	7.70453734642397e-06
5539	27.539523807728	7.5157873938147e-05	0.000173551690969062
5540	1.58095180058798	0.270067895870794	0.289313103136682
5541	95.4951669373286	7.00945693114378e-07	2.58190381860476e-06
5543	31.1121374588095	4.80340894727963e-05	0.000115558859442475
5544	10.6335802646511	0.00205052403798994	0.00353436317513068
5546	123.391022984934	2.62101651603842e-07	1.06185231357699e-06
5549	59.7487009827804	4.18367253740563e-06	1.26363551448514e-05
5550	13.2744650108277	0.001001667071547	0.0018254997122378
5554	2.92438200478549	0.0834585522244268	0.100615714395538
5555	69.9292144259904	1.95086574739465e-06	6.3874946499826e-06
5557	13.8182599476799	0.000872980280513006	0.00161280792310622
5560	17.4703232912503	0.000385937812115387	0.000767083778912563
5561	46.4574275071047	9.37799626777613e-06	2.61515404397542e-05
5563	379.2937979419	3.00160090998437e-09	2.86749712739313e-08
5567	33.1222526298613	3.81256801843576e-05	9.33519651640969e-05
5568	3.60804056450394	0.0496182440538392	0.0633137799457561
5569	1.85160097397491	0.208336867663645	0.22923634909377
5570	20.0044501358893	0.000238692324742159	0.000495887281461875
5571	64.6874167936628	3.09599689053405e-06	9.67172446341413e-06
5573	202.981842167263	3.8406660736616e-08	1.99182468965782e-07
5574	1.28386161516939	0.363465030828449	0.378881270256407
5575	2763.68548776782	1.00260131910841e-12	8.48343944725585e-11
5576	45.683145773156	9.9983538916136e-06	2.77098905319906e-05
5577	366.660673363014	3.87920000136759e-09	3.4395960491168e-08
5578	151.740814032848	1.14906717674058e-07	5.13654708515809e-07
5579	272.310173970089	9.59736160061878e-09	6.09926746356921e-08
5580	1.77494640196241	0.223964656845988	0.244178047310398
5582	500.27915658012	1.1287596457279e-09	1.35063502659523e-08
5588	99.2971738879579	6.03566991582407e-07	2.26118108231663e-06
5590	19.1245730397265	0.00028017371802202	0.000574210703060355
5592	1.20241280337114	0.394981386995543	0.408570512604716
5593	335.158564353809	5.49847361193187e-09	4.55488939908706e-08
5595	65.401165150535	2.78626630205823e-06	8.81102792690383e-06
5596	1.24907066794328	0.376581141495377	0.391588852014944
5600	11.322776736885	0.00171449595990342	0.00298763153001116
5602	1.81878735441767	0.214863755326288	0.235499264026204
5603	66.6445020680381	2.76472257929595e-06	8.75224577080165e-06
5605	9.8708829217513	0.00266100208371297	0.00445480931086262
5606	1.46515073298809	0.302803191538361	0.320440111395697
5607	1.44144795216392	0.310048604217626	0.327580785369426
5613	3.49056071244465	0.055011738731627	0.0694743131145899
5616	224.493864795652	2.41987479999275e-08	1.34203356183118e-07
5618	61.7493574247289	3.6929019204016e-06	1.12980671872617e-05
5621	21.4003798775988	0.000187486746638245	0.000399024074861059
5622	1.73487396043594	0.232682358842902	0.252691164544648
5623	19.8016847606123	0.000247527899713789	0.000512804389648399
5625	203.331035391424	3.81521237419365e-08	1.98223709582009e-07
5628	274.572067280522	9.28966133175489e-09	6.09926746356921e-08
5629	34.671848370566	3.219061369073e-05	8.03138184036199e-05
5631	52.9380403940807	6.19021119150488e-06	1.79640474704965e-05
5632	55.9042827716589	5.12198723612449e-06	1.51233950147385e-05
5635	83.7145182841997	1.1598058088159e-06	4.02668804549622e-06
5639	90.1990480010961	8.72028649727237e-07	3.13597382903445e-06
5644	0.799396088799672	0.596967300069864	0.605041932038636
5645	9.28301058505358	0.00329521227871213	0.00539605814951948
5648	10.8981629390522	0.0019473523239824	0.00336567488034659
5649	4.64593205757349	0.0262417535055366	0.0354757135898471
5650	11.4915871242284	0.00163168590800722	0.00285171898292321
5652	52.8382118436826	6.42529944878773e-06	1.85463199976461e-05
5653	644.565778026897	4.02560182990935e-10	6.66631308283136e-09
5655	1.76969417522001	0.225085137332446	0.245340314394567
5657	4.03692675169563	0.0381277366602676	0.0500289287192656
5659	1.51155191187304	0.289169361129557	0.307440338533542
5660	21.0623189707862	0.000198508569840688	0.000419616794848821
5661	9.72047700875783	0.00283750074394626	0.00472757156297994
5662	16.9606412125973	0.000428322566380989	0.000843682926729164
5664	283.491742885896	9.03897112825393e-09	6.09926746356921e-08
5665	22.4220530581078	0.000158534834080592	0.000342451430437398
5667	92.188674005515	8.02184330702621e-07	2.91672055908633e-06
5669	1.5834678245645	0.269403153584075	0.288757668960998
5670	47.3238937970219	1.00806338655156e-05	2.78877133981546e-05
5671	33.5246215964341	3.45232673021129e-05	8.56645631463824e-05
5673	122.908757347992	2.5304501396457e-07	1.0286792160001e-06
5675	10.0224030406695	0.00256748238604122	0.00431654787752545
5678	174.344208926768	5.5419417444768e-08	2.73313246898719e-07
5679	2.23503048817805	0.145639401011557	0.166208511019547
5682	272.507329544305	1.22727394557013e-08	7.50944584670647e-08
5684	23.3133234674798	0.000137731308435678	0.000301694726281257
5686	155.688614630107	8.63815717994953e-08	4.00970258439193e-07
5687	91.5855946461777	6.85707365598862e-07	2.53681744312433e-06
5688	21.794313758118	0.000175594754185765	0.000375468494239093
5689	1.9826515473821	0.184508123794148	0.205228472719763
5690	9.13820507835788	0.00346685865814786	0.00565369048243662
5691	13.134849462308	0.00103848379181658	0.00188794950857263
5692	25.3160801638133	0.000102160096730436	0.000230687858533883
5693	0.691400052607323	0.664427303510573	0.670395850184115
5695	37.036321727756	2.51995913368825e-05	6.40313940318984e-05
5696	189.463716884484	5.01372069382307e-08	2.51450191951856e-07
5697	606.758243113194	4.97994194290509e-10	7.62175610538161e-09
5700	3.75558320390155	0.0458643869530593	0.0590553834615153
5701	30.4756189945056	5.18320529852822e-05	0.000123691075677609
5702	154.06719363777	1.11435899501891e-07	5.00026388446742e-07
5703	21.831460324857	0.000174522889458686	0.000373446197349637
5707	1.75043740928003	0.229250031275406	0.249283630483611
5708	11.2723089050635	0.00174027174535379	0.00302365196472
5709	272.310173970089	9.59736160061878e-09	6.09926746356921e-08
5710	7.58028441401725	0.00620894359907233	0.00959446202382088
5711	12.7019240816275	0.00109106052377201	0.00197082997325454
5712	3.76299117815476	0.0453485900533724	0.0584675008459131
5714	2763.68548776782	1.00260131910841e-12	8.48343944725585e-11
5715	3.99347971846231	0.0392102946326496	0.0512903213580352
5716	36.6605422185516	2.61730287250848e-05	6.63625210353927e-05
5717	1.88429386441499	0.202066070999987	0.22291624856266
5719	532.271258987382	9.10977114102616e-10	1.13825925843085e-08
5721	37.2160621498206	2.47500649211471e-05	6.30982705275248e-05
5722	199.345853503446	3.90025232827569e-08	2.00912502605936e-07
5723	10.6038905559785	0.00213232804016958	0.00366186691270642
5726	56.6808822010719	5.10704451571393e-06	1.50867953449245e-05
5727	35.3901917297094	2.98341103034334e-05	7.48126313832498e-05
5728	3.30821294074694	0.0626396722868907	0.0779279098834811
5731	13.6646238697617	0.000907121390844849	0.00167067164116108
5732	272.310173970089	9.59736160061878e-09	6.09926746356921e-08
5734	6.34399508899759	0.0107790035359467	0.0158304086147811
5736	1.57349324267697	0.271912569063664	0.291078645683008
5737	3.84347900721073	0.0432536956813598	0.0560594397200644
5738	5.18845599387431	0.0193203931496168	0.0268374035237289
5740	118.123402537671	2.72978680759613e-07	1.10139831480871e-06
5741	11.4047306621289	0.00167365088352946	0.00291989224834905
5742	184.320453568328	5.57652092050347e-08	2.74789795442114e-07
5743	6.73528065896091	0.00862811561233644	0.0129772292462846
5745	22.7349619054947	0.00014701600154598	0.000319785448827337
5747	57.1844929167996	4.93906231210403e-06	1.46197231757082e-05
5748	4.29121402569186	0.0324853375671507	0.043180128907144
5749	2763.68548776782	1.00260131910841e-12	8.48343944725585e-11
5750	17.4026999948227	0.00039124842538355	0.000776596656684574
5752	15.8623000745198	0.000541487364398805	0.00104609488295857
5753	83.7262231435364	1.15918663285305e-06	4.02668804549622e-06
5759	66.9973087513699	2.60875680235988e-06	8.31181632080558e-06
5760	6.20091613968917	0.0115352515144796	0.0168491478964889
5763	509.247244867419	1.08195531999085e-09	1.31051561560449e-08
5765	17.7076015142633	0.000368005174558869	0.000734151111118955
5767	176.54462335395	6.58714925467897e-08	3.18901877805422e-07
5768	5.40246613997733	0.0172271112815275	0.0241620128156494
5771	392.401596815514	2.30067364046157e-09	2.32938290127417e-08
5777	20.151088972783	0.000232548226568013	0.000483971590288946
5780	3.74763242122808	0.0461100624908088	0.0593330219711189
5784	344.775578600147	4.92651630656696e-09	4.15592972781069e-08
5785	23.1432884990858	0.000136691477185745	0.000299638645215088
5786	896.287394035035	9.88181987180972e-11	2.7106190318302e-09
5788	239.58358794422	2.02150358315702e-08	1.15239323609615e-07
5789	287.938141573294	9.91225594855239e-09	6.27917561318458e-08
5791	332.659957984301	5.66054893320482e-09	4.65828389392943e-08
5793	178.908433162516	6.25719958444323e-08	3.04781193574484e-07
5794	5.11188852958711	0.019991587913789	0.0276788628362254
5795	3.66987663152231	0.0486008263952116	0.0622136794335073
5797	9.86320916634349	0.00262412878540197	0.00440054212795466
5798	55.107990251655	5.68006197298245e-06	1.65810779033884e-05
5801	22.5911620977429	0.000154298932505025	0.00033427672905167
5803	73.5151803474068	1.90362353394872e-06	6.25008990663984e-06
5804	179.136350334638	5.31001127028368e-08	2.63679189203801e-07
5805	1.80146167834951	0.218407296058342	0.238808642154986
5807	5.9537213131194	0.0126037873125652	0.0182479179301696
5811	1.96971827515701	0.186710000176196	0.20740497581463
5812	0.537654058043042	0.767287648828324	0.770409348026812
5815	1.83803395181042	0.211006628991735	0.231614578116762
5816	15.8050545879378	0.000548360204581634	0.00105732885981615
5817	1.73189928561576	0.233345228826495	0.253271722620364
5818	3.11265443637125	0.072327775796779	0.0887134843744713
5819	2.01777571116379	0.178682906799769	0.199235477593192
5820	272.310173970089	9.59736160061878e-09	6.09926746356921e-08
5823	41.6294935457138	1.49208799363436e-05	3.96840466380617e-05
5826	2106.10735885079	2.94305262747335e-12	1.98087508096872e-10
5827	43.104722795931	1.38650387648848e-05	3.71932176650418e-05
5828	753.632607988912	2.03630042081358e-10	4.13048198372562e-09
5830	95.9091888327403	6.89427599877076e-07	2.54581027061841e-06
5831	10.5944689126908	0.00213860673322849	0.00366945761324228
5832	1.06084884790371	0.45685279633001	0.46847976327262
5833	191.702286384727	4.79112212661618e-08	2.41513330688916e-07
5835	6.18430025793466	0.011627319175323	0.0169752554782938
5836	6.70740209279946	0.00911925604495944	0.0136294104350984
5838	118.411321311927	3.07085344214217e-07	1.22565127613262e-06
5839	6.89247798192826	0.00804342735323177	0.0121688940519008
5840	62.442581231735	3.53987482933735e-06	1.0903109003726e-05
5841	3.09881640362918	0.0730810760931881	0.0895632554727815
5843	371.466882408761	3.68785468880536e-09	3.35742211738214e-08
5844	1224.47194597609	2.5225862985494e-11	1.20494182631517e-09
5845	4.4131449197793	0.0299512124676568	0.0400544211889661
5849	28.8652074722488	6.32711539110165e-05	0.000148535491325783
5853	2763.68548776782	1.00260131910841e-12	8.48343944725585e-11
5854	4.09970571107361	0.0360626353522688	0.0475615651728987
5855	6.31760616059622	0.0108093853457015	0.0158671597032441
5856	42.964029439073	1.44837647496287e-05	3.86777901767586e-05
5857	43.3092594605535	1.40563274483949e-05	3.76551910795309e-05
5858	95.6343999379376	6.97045439930764e-07	2.56913512178588e-06
5859	1.75382612468055	0.228510590633718	0.248753579916102
5862	5.81084006908639	0.0139620048780144	0.0200041013286113
5863	89.3776625123198	9.03083277126159e-07	3.23054479892219e-06
5865	38.9155139098546	1.91114009387246e-05	4.97568473670619e-05
5867	14.126130015241	0.000809283085838017	0.00150545971024453
5868	60.9918508664095	3.86974599718799e-06	1.17661732758442e-05
5869	11.9055911543416	0.00144886510055225	0.0025540559495747
5872	19.3887184795239	0.000266830375394322	0.000549334832624459
5873	34.4226567501078	3.30623918490454e-05	8.22809020680234e-05
5874	2763.68548776782	1.00260131910841e-12	8.48343944725585e-11
5875	30.021950413826	5.46514358447242e-05	0.000129947994583822
5877	2.07114750792665	0.170246755949493	0.190589128591744
5878	3.62549552532758	0.0495451084776183	0.0632447580846839
5885	28.2661353239362	6.60767999313934e-05	0.000154570650076478
5886	3.92138723948689	0.0410921987121025	0.0535155542648941
5887	55.8858145255136	5.3871279632667e-06	1.57786658423397e-05
5888	45.6071257823655	1.11999862466012e-05	3.07260391563775e-05
5889	2.24314662619804	0.14613303453245	0.16673973483639
5890	29.4609685559879	5.87014113625314e-05	0.000138908693368068
5891	13.1030038879464	0.00104711819674393	0.0019007297209054
5892	1.5138167858274	0.288522024847511	0.30680717292133
5893	3.66511730776198	0.0487586348375763	0.0624017475110084
5897	369.281186740933	3.77336630914378e-09	3.39144896040344e-08
5898	893.348821138911	8.78916993519937e-11	2.7106190318302e-09
5899	769.869931061684	1.80728533215815e-10	3.76920810646926e-09
5900	590.213332011966	6.09401301353643e-10	8.82514402913845e-09
5902	22.3113258390305	0.000156962304419558	0.000339425968994903
5903	287.22627188785	7.77861402260794e-09	5.92194484009085e-08
5904	1.10749996064747	0.435423677671135	0.44797888533023
5905	531.992320771903	9.12836649931873e-10	1.13825925843085e-08
5906	42.8955763054778	1.45704490813797e-05	3.88742206797352e-05
5907	545.186296184645	7.53276254844107e-10	1.02331542601873e-08
5908	2.48036659184437	0.119290139463474	0.138867039316461
5909	2763.68548776782	1.00260131910841e-12	8.48343944725585e-11
5910	264.684246886179	1.37399964484539e-08	8.32126778774973e-08
5911	913.900768752191	1.0282660009662e-10	2.7106190318302e-09
5912	2.08447640915864	0.168214964466886	0.188700233813895
5913	1.58686784602337	0.2685078538155	0.2879022480357
5914	2.1082641036122	0.164285556449066	0.18474717122609
5915	101.809810114058	5.48431841451345e-07	2.07695767066261e-06
5919	9.31241476922509	0.0032616687932956	0.00535148594534345
5920	64.9120194843661	3.05553374234911e-06	9.57055862291579e-06
5921	14.6872008942764	0.000707495523504456	0.00133114019272238
5922	2.73362197876958	0.0969628398409935	0.115184697227879
5924	1.84781924473022	0.209077010646612	0.229879920931851
5925	423.688970455895	2.21208921480549e-09	2.26290231766718e-08
5926	92.6876797977161	7.27833280881501e-07	2.67429064681212e-06
5927	85.7472786236318	1.05822319223908e-06	3.70440660025538e-06
5928	4.46699209998593	0.029184183830231	0.0391612870019162
5931	35.8444795733703	2.84551059727597e-05	7.16884698752257e-05
5932	3.87422907632173	0.0423840908232173	0.0550649199267199
5935	92.1985325195874	8.01856107153017e-07	2.91672055908633e-06
5937	728.525031324021	2.27458425999535e-10	4.35998788736326e-09
5941	35.4763741999323	2.9566154228357e-05	7.42979768750778e-05
5943	8.80790519391805	0.0039023547200819	0.00629456617838919
5944	11.8547499320985	0.0014698811037737	0.00258879148904301
5945	29.2548722615306	6.02338726731014e-05	0.000142194192045747
5946	19.0487848618936	0.000284156061178303	0.000581165866836702
5947	180.289258814836	5.89802786211024e-08	2.89428492355252e-07
5948	3.98183631937404	0.0395068746901273	0.05166686217479
5950	1.41100020607768	0.319326478003125	0.336183919163261
5952	185.540991191435	5.25163454288315e-08	2.61390179810898e-07
5953	10.1144887855604	0.0024916015556607	0.0042068859789562
5954	6.94498113541549	0.00820506352993437	0.0123786529006116
5960	4.87335960266455	0.0230154849235619	0.0314683096034757
5961	26.2365515831622	8.97054620710085e-05	0.000204749692426429
5964	151.331829147292	1.19407942004882e-07	5.31369827569431e-07
5965	25.2802827717341	0.000102687015938804	0.000231612793376062
5968	10.7292899749653	0.00205092119414556	0.00353436317513068
5970	13.123954207917	0.00104142777099626	0.00189155985513979
5972	2.85991712330484	0.0877475426842139	0.105080609647917
5973	1.33861254610415	0.34382621727341	0.359611987446655
5974	0.884409813248661	0.547653962437094	0.556772128306712
5975	0.910382465343374	0.533303501182554	0.543021598333207
5978	117.715784543157	3.14118308222278e-07	1.25119215844018e-06
5979	2.18414703927729	0.15391067236487	0.17423794197575
5980	0.657809181227117	0.686355014856115	0.691844920522935
5984	1297.7325750961	2.00402674746061e-11	1.00591952756011e-09
5985	81.4994941158931	1.28485441321665e-06	4.41682686563099e-06
5986	2.04582245309365	0.174188851407983	0.194480785464559
5988	12.4755000962845	0.00123721941908548	0.00221124037997685
5990	7.82788926770166	0.005669553745093	0.00884169742816899
5992	3.38728403786989	0.0591810557390088	0.0740450767093682
5993	15.7272832418472	0.000557873778234556	0.00107351734518625
5995	3.45299827336247	0.055958926356671	0.0705501747148919
5997	9.2677033883655	0.00313141692001925	0.00515634762782152
5998	10.7221973481828	0.00205542046147597	0.00354108650183891
5999	15.3703906030134	0.000604286526788091	0.00115644235805036
6001	1.63678923238296	0.25575071303444	0.275331893297181
6003	0.551917845417739	0.757465327564566	0.760934045991337
6006	389.03730255778	3.08177836790472e-09	2.92991545314602e-08
6007	10.4232149098421	0.00225688198177756	0.00384676603685424
6009	1.48089846354286	0.29670656222893	0.314494088776297
6010	113.628259811848	3.59806043079373e-07	1.41791829218837e-06
6011	3.19769323515708	0.0679028437011571	0.0838766513539007
6012	422.374700100305	2.23896244967e-09	2.28250853517993e-08
6013	3.69098568884412	0.0479084797557773	0.0613671984414942
6014	6.41698851773557	0.0104170748544056	0.0153521608267341
6015	136.194121381329	1.79244947425996e-07	7.60507036965742e-07
6016	3.74490424119579	0.046194737857978	0.0594290687082545
6018	37.5121331036545	2.40313319612208e-05	6.15646968885427e-05
6019	8.3489253499142	0.00462804117154512	0.00733919353656271
6021	8.40529728827927	0.00453028670608555	0.00720763752620796
6022	58.4507685021761	4.4233262865518e-06	1.32587862324121e-05
6023	279.360285992092	1.1145875147525e-08	6.9137032431641e-08
6024	20.2756736084227	0.000227483501366379	0.000474431260067979
6026	92.7217672920538	7.84675314250194e-07	2.8600811608024e-06
6027	4.03707730835016	0.0381240502845836	0.0500289287192656
6028	4.31174266661478	0.0320766390361047	0.0427197195589989
6030	4.0491975447586	0.0378287336841484	0.0497158894564762
6031	3.48461513821942	0.0552417047477814	0.0697349994077385
6033	5.72759089001086	0.0145602443119172	0.0207458087706245
6034	15.9976865447196	0.000525658239328289	0.0010194740509304
6036	76.912119201875	1.60263323053941e-06	5.38117722476471e-06
6037	27.7994442809434	6.49050667490963e-05	0.000152009770800671
6038	1.35691933378606	0.337523649990301	0.35364453898683
6040	54.7147129906228	5.83579197837182e-06	1.69854525247648e-05
6042	0.903041485159243	0.536751696781247	0.546250910658991
6043	272.310173970089	9.59736160061878e-09	6.09926746356921e-08
6046	7.13179567179637	0.00756562341566663	0.0114900480746137
6047	7.50811166803559	0.0064562206388553	0.00993509868639645
6048	2.53501916628652	0.113980767969534	0.133341514652094
6052	561.723276444813	6.13300197779926e-10	8.83838703515937e-09
6055	9.91519699435019	0.0026595112191955	0.00445357222258833
6056	40.7701203195399	1.761868943247e-05	4.6215897922285e-05
6057	537.268108044644	7.66856823366081e-10	1.03700752620943e-08
6063	1.22814741108517	0.383592013525142	0.397831464911472
6064	6.98149383825645	0.00807491655449004	0.0122009517225113
6065	87.3214545399341	9.87141576049965e-07	3.4885677535465e-06
6066	46.413391681648	1.08435753618011e-05	2.9831164360403e-05
6069	15.2246642849694	0.000624626758029806	0.00119075129958498
6071	30.3513435672652	5.11703885384731e-05	0.000122430525280625
6072	5.77273794093241	0.0142319230840248	0.0203341278061784
6073	51.8705289171235	7.13780216453342e-06	2.03451406258573e-05
6079	9.15699816138324	0.00344395928398302	0.00561789337345949
6080	8.32845898564236	0.00466418494152144	0.00738859786269899
6081	14.4938591239593	0.000685331163626864	0.00129392991545091
6082	267.019320254592	1.32800057779047e-08	8.09228177777325e-08
6083	1.20805983900532	0.39270389322129	0.406498629771007
6084	14.7647414399995	0.000679737637534376	0.00128505778075841
6085	18.2812732337989	0.000328020068007034	0.000661287563922963
6087	78.5904110574467	1.47600003047379e-06	4.99562753171215e-06
6088	5.78722645662714	0.0141285235390475	0.0202133441840044
6089	4.2820908979553	0.0326690454377936	0.0433951011724718
6091	272.310173970089	9.59736160061878e-09	6.09926746356921e-08
6092	5.10407067137959	0.0202325176000589	0.027979734238886
6093	156.387496847255	1.05191412478548e-07	4.76701404828187e-07
6094	9.67983697628783	0.00287651537562004	0.00478403142312824
6095	56.9124057096198	5.0289415544361e-06	1.48634834465694e-05
6101	331.896587920532	5.71125947578666e-09	4.68528945638288e-08
6102	207.574116182213	3.52221519986918e-08	1.8436972687506e-07
6104	2.08657277482866	0.167006484451587	0.187557718507157
6107	272.310173970089	9.59736160061878e-09	6.09926746356921e-08
6108	272.310173970089	9.59736160061878e-09	6.09926746356921e-08
6109	9.4712043838995	0.00308774210778489	0.00509434443019775
6110	730.437152489547	2.39815125322227e-10	4.49501578254288e-09
6111	1.6416277515936	0.254552035940536	0.274229121294252
6113	4.42994555977306	0.0298438771864058	0.0399379314448896
6116	3.55981048328874	0.0524185729199277	0.0664971530102231
6117	255.641807338018	1.57218104640825e-08	9.30272561226379e-08
6118	23.1699198075456	0.00014083645391712	0.000307473024899042
6119	2.60044571682209	0.107998416691868	0.127092143259952
6121	14.2149143785656	0.00073451745572766	0.00137631980078296
6122	3.02040783185806	0.0775367663093472	0.094340646435962
6125	11.2872507979264	0.00173259001087693	0.00301118856643899
6128	294.10894461647	9.12956000502797e-09	6.09926746356921e-08
6130	25.2945185388618	0.000102477064942635	0.000231234845367054
6131	12.47107642732	0.00123870694829601	0.00221323114773974
6132	22.1315679352631	0.000166157710631368	0.000357743409694509
6134	12.5041131913069	0.00122765175352661	0.00219679194445261
6135	4.86348231818501	0.0231449684009984	0.031616154944445
6136	226.316711613729	2.52054567983466e-08	1.38953540904801e-07
6139	493.930044627682	1.20745681877173e-09	1.41900133682242e-08
6140	6.93976622847746	0.00822386536591659	0.0124007012633208
6142	3.35823627180985	0.0604235215920351	0.0754243452875919
6144	94.9923610991499	7.1526077589165e-07	2.6313599848486e-06
6146	16.7036786282826	0.000451909177020255	0.000885138245863416
6147	1.91900270156079	0.195652066771294	0.216485557908906
6149	20.1532967606854	0.000232457248254917	0.0004839522957518
6150	12.5197307575362	0.00120215818740595	0.00215442751709696
6151	0.751750746786745	0.626108681885591	0.632947896024639
6152	12.1669702018603	0.00134657792376	0.00238652933645436
6153	1.24422837310076	0.378447085250416	0.39325299753302
6154	2.76492116782657	0.0945726357333589	0.112706986206979
6155	97.1552570389959	5.4503157227041e-07	2.06804740714775e-06
6157	16.2551685417833	0.000497124102522025	0.000966554470110631
6158	5.47441976202171	0.0165875210817803	0.0233756572370651
6160	793.179713010214	1.40715957617063e-10	3.21799466009985e-09
6161	11.3155032175426	0.00171818113473656	0.00299141295151225
6164	4.60555229190591	0.0267991811701681	0.0361987571427378
6166	1.02076350133902	0.476113414281269	0.487386752987895
6168	3.13610749133772	0.0698127513184765	0.0859490596672908
6169	6.35561450872582	0.0107203493866101	0.0157559874483602
6171	18.1996817115736	0.000327004247606558	0.00065968874610819
6174	42.0343135291991	1.57188664395387e-05	4.16567543272427e-05
6176	31.7285988911421	4.24527202077387e-05	0.000103010021216893
6179	2.8679450342757	0.087198908044174	0.104508120668888
6181	43.5287454685813	1.37927980792824e-05	3.70161952984096e-05
6182	531.992320771901	9.12836649931883e-10	1.13825925843085e-08
6183	8.56264292868281	0.00405103511085394	0.00651249512040449
6184	27.5866467592926	7.4689491406115e-05	0.000172537385958822
6185	190.241978310605	4.93488710923787e-08	2.48126794125774e-07
6187	91.5698113615992	8.23130588798668e-07	2.98921059316647e-06
6188	31.2968985204067	4.69976186891707e-05	0.000113203292190304
6190	6.50797600914308	0.00998694393604672	0.0147844711155223
6193	9.27045098614525	0.00330967169357972	0.00541674093425605
6194	6.65682678478716	0.0093300722716573	0.0139128947797145
6196	21.3714060746437	0.000188400773621275	0.000400681429859538
6197	33.2815029581716	3.63807442696234e-05	8.94863572711707e-05
6198	9.3608908632795	0.00316423159542589	0.00520170517338538
6199	6.05659683763145	0.0123664854691136	0.0179482218656114
6200	94.3982053163145	7.3265338446984e-07	2.6886654251641e-06
6202	133.359775805149	1.94365996587453e-07	8.14165344969931e-07
6203	1570.53364104062	9.41223159818839e-12	5.68863752612957e-10
6204	354.392643088435	4.42734182436995e-09	3.8394063873709e-08
6205	2.73302406152628	0.0970092163933313	0.115216681110427
6206	14.5936522587253	0.000723300822293747	0.00135658985764594
6209	2.45259806096391	0.122103083475039	0.14166827882912
6213	9.93159197129551	0.00264517242980121	0.00443206684631191
6214	2441.44775476658	1.63875717954104e-12	1.19831589807674e-10
6216	4.90765466117959	0.022572858137522	0.0309130725430156
6218	2.13877018074541	0.15867171282578	0.179046019254543
6219	3.41865458743707	0.057874507588838	0.0726915465889872
6220	5.55323333435064	0.0159206114880457	0.0225108097024814
6221	41.565550613846	1.63918057073061e-05	4.32851828820214e-05
6224	63.0931179501178	2.90116859414607e-06	9.14022424634423e-06
6226	1214.26194261014	2.6076339249372e-11	1.23560125899224e-09
6227	0.257515387236028	0.941942657389638	0.942419993195748
6229	6.06144094217272	0.0123373928905459	0.0179235658794955
6230	126.578889651844	2.3760429217485e-07	9.73930949862722e-07
6231	6.02995965249484	0.0125280038396953	0.0181573986608137
6232	2.79448680475081	0.0923808069803887	0.110339084441388
6234	1.85881250090071	0.206934037909922	0.227777421769274
6235	6.6994657327572	0.00915194043822967	0.0136713602057085
6237	926.803814823642	8.6238273495948e-11	2.7106190318302e-09
6238	54.87458676863	4.96085213124666e-06	1.46695592478153e-05
6239	6.59086455392202	0.00961427593495738	0.014289926314367
6240	3.65127539823438	0.0492212240042189	0.0628855284247171
6241	0.756484035627686	0.623167857705491	0.630190066790101
6242	10.4003634983424	0.00224019547136384	0.0038216237836659
6243	41.9135222504332	1.58888987001107e-05	4.20867675411884e-05
6244	68.8410781434373	2.44418208427505e-06	7.82957841274262e-06
6246	4.01810569167243	0.0385920783162801	0.0505821818692912
6247	103.56390746284	4.25011044027955e-07	1.65179817177007e-06
6248	4.53299134245876	0.0280532839641104	0.0377635456635059
6249	1.89489118003933	0.20008161611549	0.220973972077577
6250	65.5001325718599	2.51824340245857e-06	8.04073082089601e-06
6252	1.7165194599025	0.236807936502502	0.256700843320702
6257	4.30734728105923	0.0321636048351545	0.0428018867505224
6259	1.13295579351617	0.424168520789137	0.437146520061824
6261	2.96553389277854	0.0808549842162113	0.097915369354451
6264	167.656020507322	6.46121848489895e-08	3.13944192666583e-07
6266	39.728803639571	1.94046625360114e-05	5.04538262514468e-05
6267	2.76246296502439	0.0947577282590083	0.112836756026961
6268	11.7718505797542	0.00148233771547143	0.0026084035320075
6270	0.685073856258483	0.668526728705535	0.674218255427019
6271	5.0136555241599	0.0212702450745758	0.0292712968347381
6272	30.6072992380646	5.10162338143888e-05	0.000122286180850921
6273	5.9340450005232	0.0131318898528202	0.0189292245310913
6274	7.46211067314443	0.00658037065536176	0.0101025234296806
6275	182.496837800734	5.79498711332898e-08	2.84607866270709e-07
6276	6.49504880997552	0.0100466831422171	0.0148543445460189
6278	15.2930482707777	0.000614976527112093	0.00117538108102127
6280	2.18702872601979	0.153519367047111	0.17386141702104
6281	0.732449548776586	0.638200996664541	0.644842119284216
6287	2.88878221805336	0.0857944071374898	0.103054202692223
6288	14.246440366817	0.000785982749183031	0.00146672206156619
6292	2.89978376506419	0.0850640699889756	0.102384573571368
6293	16.2541817737991	0.00049722969279539	0.000966554470110631
6294	22.9958581116931	0.000144724529558767	0.000315264210583514
6295	4.20201236499445	0.0336886668652719	0.0446993669003148
6296	2.4792369509276	0.119403022671217	0.138893427922786
6298	3.01715184088811	0.0777289240490829	0.0945277504304049
6300	5.60059656765427	0.0155359087439763	0.0220141596867397
6301	14.2292078154806	0.000789268005753453	0.00147238878679613
6303	15.2090494773589	0.000626856895269007	0.00119461820806896
6304	3.82150791722506	0.0438886211004246	0.0567914338617679
6305	2.7322219788616	0.0970714713997773	0.115267507037065
6306	0.846767280154914	0.569051661451386	0.577732771816346
6307	3.48178548728747	0.055351569181947	0.0698439165455203
6311	531.992320771902	9.12836649931879e-10	1.13825925843085e-08
6312	7.12811017944234	0.00757762251732112	0.0115053212432948
6313	694.901499988152	3.00069974814937e-10	5.35335680972552e-09
6314	2.73566860699634	0.0968043015972854	0.115022979956104
6315	170.757550704537	7.49218066299483e-08	3.54725707968972e-07
6316	1119.13979019109	3.60191956200645e-11	1.54595431635972e-09
6319	202.939674511839	3.84375421286323e-08	1.99182468965782e-07
6320	560.711700732329	6.93869531628203e-10	9.6908668069809e-09
6322	2.53309684219425	0.114162569468855	0.133527823650084
6323	2.35584052912426	0.132555957232404	0.152570721859217
6324	2.08806384036768	0.167673091444718	0.188128001634223
6326	211.652859644608	3.12092391406604e-08	1.66084747017189e-07
6327	8.28290484787525	0.00474591238365549	0.00750401469524599
6328	23.2055743763768	0.000140056275829544	0.000305995323400365
6329	6.27112580312341	0.0107184200496485	0.0157559874483602
6331	675.2809918868	3.60830309302481e-10	6.15907182132161e-09
6332	58.437978388597	3.93573321956767e-06	1.19422888624484e-05
6334	4.4330351001605	0.0294043057468404	0.039429862562494
6335	430.475425719876	2.07959447621673e-09	2.16856304271684e-08
6337	22.8423146605467	0.000148266787377353	0.000322387731878143
6338	88.7119306423295	9.29278135491606e-07	3.31773019681542e-06
6339	2.73563004212313	0.09680728601742	0.115022979956104
6341	7.68907042735501	0.00571311935988499	0.0088955851652468
6342	14.0432615567835	0.000825837811601422	0.00153192526091927
6343	17.6656756659957	0.000371096467553369	0.000739570786446368
6345	46.5808017449012	1.06979901029642e-05	2.94991598602686e-05
6346	12.8720068798011	0.00111252424099935	0.00200654113259413
6347	106.440910561827	4.62402236730707e-07	1.7819183136994e-06
6348	154.926805707079	1.09069535364434e-07	4.91632760285571e-07
6350	4.71688851247335	0.0251778862082575	0.0341802933787553
6352	2.50936796616412	0.116436073776936	0.135838263734645
6353	9.00420277722871	0.00363579812005043	0.00589833806219083
6359	52.7662079720919	6.69161229441412e-06	1.92027226840188e-05
6361	15.0374415701853	0.000605324555782287	0.00115805469764163
6362	25.0948086079405	0.000104593740322346	0.00023537565498832
6363	0.691271870780257	0.664510220569127	0.670395850184115
6369	531.992320771902	9.12836649931879e-10	1.13825925843085e-08
6370	104.82816673997	4.05384996304089e-07	1.58279191371728e-06
6371	1.00606903761355	0.483373352931243	0.494306003006172
6372	29.0813324772387	6.15634017413898e-05	0.000144813355247916
6373	144.726770249527	1.41827866669701e-07	6.18590908898849e-07
6374	13.5102524772066	0.000943130821153321	0.00172946249340282
6375	1.17636590840179	0.405670039397713	0.418895335312527
6376	1.3415125026186	0.342819186028942	0.358748770114739
6377	2.61522842469819	0.106700255468239	0.125618289234422
6378	3.97899552810686	0.0386856914783898	0.0506824487119007
6379	12.6641322810927	0.00115613354139731	0.00207760284153406
6381	9.94196188420876	0.00263615309876138	0.00441945508178989
6382	3.06264438384293	0.0750963105825987	0.0918429584102276
6383	30.4472813674452	5.20097552233298e-05	0.000124065155129997
6384	3.93528491247932	0.0407208299429147	0.0530903534562808
6387	10.0146549617937	0.00257399834366264	0.00432627474163275
6388	65.9021545270665	2.8848755342447e-06	9.0985717728069e-06
6389	103.328607816415	4.28794123610068e-07	1.66540825845405e-06
6390	28.1786902246174	6.91057183483572e-05	0.000161146917235165
6391	23.2177824148269	0.000139790392553736	0.00030563990221328
6392	456.269354117103	1.65856001415789e-09	1.81583197113811e-08
6393	3.31577342549186	0.0622983601534569	0.0775684648284476
6394	235.24486614906	1.72977715640017e-08	1.0084124111573e-07
6395	4.51931291211648	0.0282831191337743	0.0380383548204689
6396	11.5688234721509	0.00159547227698092	0.00279502581974504
6397	3.57570564687913	0.0518448515697665	0.0658257354443145
6399	1.53468753902574	0.282634255097065	0.301086815276963
6400	1.97684785649536	0.185492342585939	0.206091004527577
6401	11.2938282328174	0.00172922198986648	0.00300660202855497
6402	3.04849025360427	0.0759034689761593	0.0926579238964945
6403	11.3780697715852	0.00168680312470342	0.00294197140978161
6404	1.8463982260356	0.209355929956387	0.2301438702917
6405	8.07011434701201	0.00515234071585272	0.00810122486328528
6406	4.51500629895107	0.0283559670105252	0.0381276714196006
6408	272.310173970089	9.59736160061878e-09	6.09926746356921e-08
6411	771.870759568873	2.08220908320132e-10	4.15249979791293e-09
6412	12.4892337847841	0.00123261550673661	0.00220459107833521
6413	9.07807679386222	0.00354141895576449	0.00575784366593276
6414	39.2111376454829	1.97483883709612e-05	5.13025018952647e-05
6415	76.4056010927883	1.6346356309949e-06	5.46693779919977e-06
6417	16.3792279487118	0.000484070247408197	0.000944072464734524
6420	1.25546607852526	0.372972500585069	0.388108946058567
6421	10.5808858090249	0.00214769954326425	0.00368292541828434
6422	102.518676794539	5.34032812021798e-07	2.02761304205456e-06
6423	391.866489701205	2.99622787736949e-09	2.86749712739313e-08
6426	15.7925322809922	0.000506595511953167	0.000983791874524134
6427	3.73443841995307	0.0465213626688679	0.0598102954390503
6430	19.8184450813816	0.000246782156917169	0.000511617331263701
6431	434.633091680002	2.00332952637949e-09	2.10012757252136e-08
6432	7.17725593558322	0.00741955348715831	0.0112913708387561
6433	2.44884168473531	0.122489772328128	0.142089095475814
6434	23.778246322924	0.000115608071837657	0.000257520349565417
6435	539.766391710733	8.05096156937291e-10	1.08376921307718e-08
6436	272.310173970089	9.59736160061878e-09	6.09926746356921e-08
6437	31.8351346378624	4.41342016087959e-05	0.000106783854627818
6438	7.24420980632451	0.00721079081703965	0.0109991022429374
6439	64.8422349738592	3.06803421215185e-06	9.60463352990242e-06
6440	16.9860231037761	0.000391068611182944	0.000776499961125235
6441	30.3997912703413	5.23092797457277e-05	0.000124729413822039
6442	28.1935977116332	6.8972010240859e-05	0.000160898470522492
6443	3.69831791827424	0.0476708570149795	0.0611024639904184
6444	5.73041292883414	0.0145394461911149	0.0207324899689431
6446	28.2225443146365	6.87133092637498e-05	0.000160358128750666
6447	20.7053734165258	0.000211044075932757	0.000443267397783588
6448	1.81064185119808	0.216521201066953	0.237184219330416
6452	6.14773811705087	0.0118331654499922	0.0172569062253166
6455	10.0676945645229	0.00252980431225036	0.00425958758011323
6456	6.98659567033759	0.00805693776859612	0.0121814994233878
6457	1.71023622649839	0.238239868709361	0.258111348521226
6458	4.66789724757133	0.025906538855907	0.0350571002215041
6462	3.55037699666961	0.0527627845449814	0.066847908633139
6468	6.01637541899575	0.0126113892605022	0.0182544620210055
6469	12.8637636924652	0.00111495168525201	0.00201030710251069
6470	43.2133600447525	1.41734549033673e-05	3.79175128241395e-05
6471	7.02477918865147	0.0079239580948277	0.0119973424835543
6473	3.71087797903536	0.0472671955367846	0.0606375566741121
6475	2.60024110100136	0.108016520204389	0.127092143259952
6476	152.732932576551	1.15238124097907e-07	5.14747668953171e-07
6477	576.308294005491	6.68643445235292e-10	9.42946458602056e-09
6478	18.1221258196934	0.000339115016466329	0.000681567099603008
6479	8.76139284549882	0.00396907131334447	0.00639347549332045
6480	33.2260646992961	3.50328996021702e-05	8.6674964220407e-05
6483	47.0792125041728	1.0075685155331e-05	2.78870482126286e-05
6484	261.938182124806	1.43068665785503e-08	8.58556947768526e-08
6485	125.864275069779	1.98560951808042e-07	8.2903729278472e-07
6486	1.57931970842601	0.270500112202831	0.289671336933171
6488	166.918238986629	8.17984777187144e-08	3.81790688359295e-07
6489	1.01516594807736	0.478218291097942	0.489456875440316
6490	0.50559890617539	0.788994034462521	0.791533141280744
6491	59.4985759931482	4.25065656505277e-06	1.28060217877963e-05
6492	13.0715779455069	0.00105572732730659	0.00191459674208112
6493	25.629628004727	9.76869102965276e-05	0.000221140283583193
6494	6.15883634736576	0.0117702037151886	0.0171753921175319
6498	22.4495308491288	0.000157836713674494	0.000341192282881031
6500	7.1869748414965	0.00738878470316121	0.0112532197986176
6503	272.310173970089	9.59736160061878e-09	6.09926746356921e-08
6504	5.20799940898709	0.0191165111238911	0.026572892604273
6505	8.84303156650416	0.00385289955772441	0.00622326808846514
6506	4.42548233880068	0.0299246019310471	0.0400369137649858
6507	1.95292643161247	0.189615733915997	0.21043544912581
6508	65.3205863494966	2.98361709572996e-06	9.36511078855779e-06
6509	12.8178472509558	0.00112859541042131	0.00203243253752673
6510	19.1346096801729	0.000279651603724751	0.00057333902695109
6512	216.466272398559	2.36841398985007e-08	1.32091488341638e-07
6513	272.310173970089	9.59736160061878e-09	6.09926746356921e-08
6516	361.96252619412	3.23686287190063e-09	3.03834212207091e-08
6518	155.559361702974	8.66632122717259e-08	4.01648048736645e-07
6519	5.67863074767301	0.0147911570845156	0.0210394585902372
6521	156.419620335347	1.05108088100851e-07	4.7668851900562e-07
6524	87.9395698818387	9.60876321320893e-07	3.40386988707156e-06
6525	10.1224837764426	0.00248514699613933	0.00419957936038038
6526	58.7861773759433	3.80832229712879e-06	1.16092089376705e-05
6528	1.52678033210451	0.284848587161494	0.303227566814796
6529	279.275254670127	1.11590415337917e-08	6.9137032431641e-08
6530	4.37704898849423	0.0308183210839514	0.0411675497925675
6533	42.1714163324082	1.51854737294848e-05	4.03153567457365e-05
6534	8.01125395422078	0.0052723930738322	0.00827241964935315
6536	16.6916506184663	0.000420751120683999	0.000830149529584053
6537	129.748367099364	2.1603329472883e-07	8.94800842432771e-07
6538	189.463716884484	5.01372069382307e-08	2.51450191951856e-07
6539	350.174473904496	4.63806864362144e-09	3.96983823355055e-08
6541	252.178631304184	1.65752334861147e-08	9.76866745654302e-08
6542	47.9195296157243	9.61780583504681e-06	2.67698608839202e-05
6543	3.26673531518068	0.0645537874575896	0.0800737346829954
6544	3.73279592311775	0.0465728825116726	0.0598486423215633
6545	61.4235761909637	3.76768607861778e-06	1.14912485291726e-05
6546	880.10001645918	1.19340501921532e-10	2.93300328996368e-09
6547	0.298550583651296	0.920596684348737	0.921530194591443
6548	7.71125847641031	0.00591924354428509	0.00918514003479188
6549	455.154366579827	1.6744123583252e-09	1.82980523954985e-08
6550	109.338560030795	3.98434035282631e-07	1.55873500064665e-06
6551	137.14209194749	1.74519470138711e-07	7.43119210374972e-07
6554	5.07918136858213	0.0205117585716334	0.0283394322416106
6555	24.2502800708715	0.000119424774404383	0.000265423241574919
6556	13.4153083242161	0.000966171138990426	0.00176569936940459
6558	77.8751377742522	1.5283741861704e-06	5.15228247278729e-06
6560	43.9790529353542	1.2817193575245e-05	3.46017491094696e-05
6561	9.90502228959487	0.00266845888737437	0.00446350804572674
6563	9.52162438861298	0.00303495983874002	0.00501704357378095
6566	5.64584274766843	0.015179187237586	0.0215551009369988
6569	10.1660887991902	0.00236692517501987	0.00401582625262116
6571	6.52176188085471	0.0096641991757395	0.0143569229289955
6573	73.1571247442217	1.93934570130438e-06	6.3568038676402e-06
6581	23.2296592729012	0.000139532330198686	0.000305188327831173
6584	51.2197300330004	7.4856317368811e-06	2.12547443804155e-05
6588	9.51587618932511	0.00304091991621359	0.00502409167747088
6589	2.61794823605101	0.106463492223505	0.125389394400442
6590	1.09261298573853	0.442148221423808	0.454423722972968
6591	829.232620563332	1.18019481158375e-10	2.93300328996368e-09
6592	855.303771372605	1.04412096330411e-10	2.72711132017607e-09
6594	460.459948447119	1.60064008210855e-09	1.75566503820906e-08
6598	20.1436538596806	0.000232854941002754	0.000484439696367865
6599	18.098558907936	0.000340679441857436	0.000684479082130798
6600	2.89050229089923	0.0856797136970881	0.10296674013735
6601	10.4976188781306	0.0022045127751552	0.00376834896601566
6602	0.438586991990142	0.83435415718325	0.8361894539757
6603	1.99301840260353	0.182765527070059	0.203481243766158
6604	1.60028926825112	0.265007096964639	0.284457599732069
6605	4.66922975446747	0.025886375358215	0.0350457145706759
6607	4.56184793598665	0.0274483054517307	0.0370248948281943
6609	247.411842454478	1.78474221372467e-08	1.03333608327382e-07
6610	6.52641275662394	0.00990251070899355	0.0146741483435999
6611	1.13292426092078	0.424182274430578	0.437146520061824
6614	2.24198795512826	0.146281144569222	0.166762958848761
6615	4.45974863219784	0.0293117305483304	0.0393146241027538
6618	152.33862861819	1.16392859005999e-07	5.19122668593775e-07
6619	3.45130966621144	0.0565521345369606	0.0711919857305882
6620	7.5785067471015	0.00627185847291565	0.00968157876858989
6622	527.149293973647	9.20644536238455e-10	1.14318188430616e-08
6624	952.614922592182	6.8601687620109e-11	2.33521721709141e-09
6625	4.33575469715448	0.0308887366957372	0.041243008892888
6628	0.594686029136692	0.7284996425838	0.732581219528667
6629	1.72075183922011	0.235849065916694	0.255708222116892
6630	228.962419009913	2.40962087829703e-08	1.33885407712507e-07
6631	176.946354804553	6.52955891411909e-08	3.16745106046907e-07
6635	367.320739108475	3.85219449026061e-09	3.43611062110036e-08
6636	2.89039556544914	0.0856868246052669	0.10296674013735
6637	102.140936172244	4.48545966732741e-07	1.73529572890792e-06
6638	10.5445903287699	0.00217223549739744	0.00372176767459793
6640	9.93833919912102	0.00263929957447293	0.0044234780361073
6641	36.9807387041943	2.53406756365938e-05	6.43622734972321e-05
6642	272.310173970089	9.59736160061878e-09	6.09926746356921e-08
6643	6.11933004078843	0.0119794652558344	0.0174463665380642
6644	3.96030274820452	0.040062754043474	0.052324518676846
6645	2.10354438011416	0.165358687315843	0.185812844805869
6646	4.73348496723773	0.0247596451399306	0.033658796916183
6647	21.9974144284634	0.000169833412647616	0.000364332960199865
6650	531.992320771904	9.12836649931866e-10	1.13825925843085e-08
6651	18.845719389577	0.000295182163599883	0.000602053703513123
6652	220.793532898289	2.77357260742433e-08	1.5030073699702e-07
6653	3.14385111505932	0.0706643224295485	0.0868530362627549
6655	2763.68548776782	1.00260131910841e-12	8.48343944725585e-11
6656	2.97821778197621	0.0800727099037829	0.0970672658125473
6657	2.78019845948876	0.0934321993301134	0.111482457016974
6658	45.1960559983109	1.14362043192631e-05	3.12726861417339e-05
6660	74.8976470912234	1.74527560278534e-06	5.76534712509626e-06
6661	2763.68548776782	1.00260131910841e-12	8.48343944725585e-11
6663	62.5456573160744	3.14972181276167e-06	9.82401384780798e-06
6664	22.0435186653965	0.000168558782546973	0.000361991903200043
6665	1.08207917228483	0.446970568722344	0.458743143050155
6668	7.78804514896384	0.00576076036003458	0.00895798992189152
6670	63.7965078409319	3.11229810192727e-06	9.71752327765695e-06
6671	2.55153103103715	0.112433628300966	0.131713682837544
6673	14.2253802274785	0.00079000004456666	0.00147329038538046
6678	1205.14554455362	2.68662646527638e-11	1.26292766300254e-09
6679	23.603041717018	0.000131715893130902	0.000289696708137517
6681	14.7442176593724	0.000685155422677449	0.00129392991545091
6682	22.0090686366879	0.000166916425141848	0.000359217058633712
6688	8.75575393362607	0.00397725653755478	0.0064031776221628
6689	35.0782968464742	3.08297070694751e-05	7.71785101320799e-05
6690	39.0859458781407	2.02052312280004e-05	5.23515243059696e-05
6693	6.73157204634425	0.00893488302870325	0.0134011932588021
6694	9.12951632401455	0.00347751042406595	0.00566794007752961
6696	3.30036610329676	0.0629963574522564	0.0783387413793229
6700	8.30416030995361	0.00470755710500133	0.00745132569025197
6702	531.992320771904	9.12836649931866e-10	1.13825925843085e-08
6703	152.999204623692	1.14466468643e-07	5.12073182607619e-07
6704	5.69551061983649	0.0147993059220524	0.0210459277254061
6705	3.50448654956999	0.0533566039455072	0.0675568972144589
6706	390.928239370355	3.02426470388444e-09	2.88063884222101e-08
6710	354.003908977225	4.44625180698091e-09	3.84454736536466e-08
6712	3.82911842863309	0.0436673899385968	0.0565337596953681
6714	698.954773123701	2.32075333132486e-10	4.43413612304424e-09
6715	373.721439068018	3.60218388104313e-09	3.29764066884365e-08
6716	64.6519885664217	2.99313086308805e-06	9.38999687609669e-06
6719	0.811508261621368	0.589726891334474	0.598210717138908
6720	71.3540376457949	2.04959774739906e-06	6.67753985580012e-06
6721	77.3213046528476	1.57053900255337e-06	5.28239779223375e-06
6724	86.991251500392	1.00154251988114e-06	3.52683492583591e-06
6725	23.6422165380297	0.00013092803163931	0.000288285030260086
6726	14.2904189097732	0.000723701228892002	0.0013569111676883
6727	2.93095690242313	0.0830357327821134	0.10014674104428
6728	53.0922986694875	6.53790329524816e-06	1.88346309424878e-05
6729	2.35003774154102	0.133216707357985	0.153271670101272
6730	101.564627254923	5.53525469335677e-07	2.0922344319561e-06
6731	2172.99237223181	2.60012579153152e-12	1.79076105386525e-10
6734	22.6805585972967	0.000152117096125879	0.000330153741426743
6735	2640.18505800785	1.20176045632085e-12	9.75072216820329e-11
6738	102.214234866843	5.30717031308901e-07	2.01761038282582e-06
6742	6.20246619932292	0.0115267092840637	0.0168408236530609
6745	10.5830928842866	0.00214621878674214	0.0036814520341366
6747	831.943091163893	1.16505204739814e-10	2.93300328996368e-09
6748	2.13587624213864	0.160647517858419	0.181068553430146
6749	1.43240019759146	0.312865874578076	0.330203951376683
6750	7.15915751164277	0.00714628531546808	0.0109119484206026
6751	2.15765014739038	0.157565611670529	0.177933482921743
6752	2.73188863464657	0.0970973588681806	0.115275136615801
6753	360.897463274697	4.12539726458697e-09	3.61460473345394e-08
6754	6.01483439440244	0.0126208924440501	0.0182637542013459
6756	2.89322343471832	0.0854986537790053	0.102782327244378
6757	14.4246188639216	0.000753000147746443	0.00140739030454471
6758	1.11116876569807	0.433338713359326	0.446066249431228
6760	1.42173239616805	0.316224778149474	0.33357067871404
6761	2.87779651641974	0.0865313918956395	0.103834164140574
6762	192.177208878245	3.83723290434734e-08	1.99182468965782e-07
6763	67.3160737308601	2.55248273466721e-06	8.1456655374105e-06
6766	17.0057373690596	0.000424343963928625	0.000836680858305342
6770	75.9551597273927	1.68097025664731e-06	5.59661991575154e-06
6771	24.0597685063151	0.000122887198689231	0.000272505008549725
6777	3.0634020039015	0.0750534050069988	0.0918154209688504
6779	5.01539728340543	0.0212496352658638	0.029249730346203
6780	0.215080359071255	0.961121219986954	0.961121219986954
6784	59.8498809750958	4.15695323739602e-06	1.25748896961679e-05
6785	23.7691072098469	0.000128416375318435	0.000283175797100183
6786	6.83471659026833	0.00861435971664955	0.0129598304804966
6787	9.30865425313503	0.00326593473755184	0.00535700123248949
6788	7.29277472621625	0.00706395217382589	0.0107917948737608
6797	55.700016247248	5.45534216158826e-06	1.59644227386795e-05
6798	3.11553017355165	0.0716410109967546	0.0879257580053413
6799	3.21117316277795	0.0672324219093514	0.0830658395847076
6800	858.315563356753	1.02969657633260e-10	2.7106190318302e-09
6802	68.6609245111222	2.2667250848539e-06	7.31253413812071e-06
6805	503.558629367799	8.48451200775524e-10	1.13184154553906e-08
6810	7.76529373936323	0.00581366514364431	0.00903077331387497
6811	733.380231959589	2.59110646157233e-10	4.7514314464065e-09
6816	45.288511594133	1.18892060027477e-05	3.23620253466335e-05
6817	9.97393378181246	0.00259190778773496	0.00435143702572397
6819	11.4931759385606	0.00160540408992442	0.00280993156755979
6820	25.2942914320069	0.00010248041011118	0.000231234845367054
6822	1.22486567406095	0.38600882177366	0.400127800378962
6823	0.816987082527468	0.586421454089027	0.594959621885802
6828	1.43331469184733	0.312579811760201	0.330019647960012
6829	1.13227271688366	0.424230659685188	0.437146520061824
6830	733.380231959589	2.59110646157233e-10	4.7514314464065e-09
6831	12.000822696431	0.00141050414893519	0.00248939692316541
6836	61.5361178957495	3.58107725177215e-06	1.10242830365106e-05
6837	19.3423869510789	0.000258024141665223	0.000532500693757183
6838	165.577355126921	8.43857946439685e-08	3.92629270759014e-07
6839	206.92140479238	3.56539946515253e-08	1.86224524092579e-07
6840	22.1367861975633	0.000166016762854637	0.000357569922322915
6843	18.0341008320532	0.000345004843011561	0.000691527473826558
6844	50.8810672725531	7.67506400864763e-06	2.17717452697413e-05
6845	7.10018518492403	0.00766931828895755	0.0116326177273996
6846	2.60159019815524	0.106443147148825	0.125389394400442
6847	1.61445628471449	0.261368989625861	0.28085786022387
6852	5.48271597135192	0.0165156971481829	0.0232855211160883
6853	190.241978310605	4.93488710923791e-08	2.48126794125774e-07
6855	34.0071430700147	3.45830520889218e-05	8.57769755120117e-05
6856	39.5071625415414	1.98137507600672e-05	5.14271891988948e-05
6857	15.9560875568993	0.000530459352082903	0.00102777583983874
6858	33.6566752366057	3.59345181145501e-05	8.85726803131419e-05
6859	317.761950852186	6.76235444214544e-09	5.27713114108398e-08
6861	9.18532881090588	0.00340979556288371	0.00556829862667776
6862	272.310173970089	9.59736160061878e-09	6.09926746356921e-08
6863	4.64260559884561	0.0255345094955654	0.0346141848351536
6864	8.96749176220294	0.00368387172712804	0.00597142097421439
6865	5.21990826358484	0.0189935906676	0.026415812103223
6867	5.10403333206282	0.0198602298345995	0.0275162903649901
6870	4.37526727010499	0.0308518274642108	0.0412030155739618
6871	22.2763002187026	0.000162303470984639	0.000350208910252102
6872	0.423022208681022	0.844481122711631	0.846195515110978
6873	13.688682391479	0.000901665819204536	0.00166114048122814
6874	3.92602334768923	0.0409678486514203	0.0533889037540952
6875	3.19112981222847	0.0669932044282393	0.0828048309324836
6878	14.0685498597914	0.000820741243428776	0.00152390294195255
6881	13.452373419679	0.000957093311034648	0.00175181201522195
6882	3.96401279659349	0.0399662915532835	0.0522215629539153
6884	1.79007635283809	0.220694583135968	0.241087055683205
6886	1.1676394160268	0.409319340809194	0.422516287140616
6887	9.27481375705095	0.00330463999259671	0.0054100007396767
6888	9.33486331248004	0.0030933915232591	0.00510224394103693
6889	810.493101799958	1.29192217744895e-10	3.07311448073499e-09
6891	587.298054146807	5.41452498358841e-10	8.13965265933861e-09
6892	14.6809711062148	0.000708534506261412	0.0013314485149304
6893	20.3864120559164	0.000223097432265016	0.000465940088612725
6894	67.3714522138785	2.65309174419626e-06	8.43492345725951e-06
6895	18.8952542187136	0.000271296608057702	0.000557367259634329
6896	6.46793896914371	0.00999521770325138	0.0147898131244908
6897	375.072918936529	2.71556176038849e-09	2.64979774411549e-08
6898	0.576834120857218	0.740545036836374	0.744314992903757
6899	1138.63979855403	3.36379218138775e-11	1.47720050847644e-09
6901	6.38965635569428	0.0105507910415734	0.0155337646878547
6902	7.01891906894291	0.00794418738125903	0.0120248969739834
6903	305.395336052122	6.10817028325819e-09	4.92897719178995e-08
6905	9.01360093323453	0.00362361772634636	0.00588018843647931
6906	27.8173092716395	7.24489691010113e-05	0.000167754200150621
6907	0.52717348309041	0.774310985858465	0.777329486311811
6911	1.52578030535902	0.285130047888906	0.303472645758489
6912	121.277058671903	2.80112009995541e-07	1.12710831195896e-06
6915	8.21573532740192	0.00462741159948002	0.00733919353656271
6916	44.3883453172625	1.1155157994278e-05	3.06172385542672e-05
6917	4.07927062562581	0.0371081682552961	0.0488317441848742
6919	202.51459911995	3.87505940063936e-08	2.00279029930078e-07
6921	37.1364488722281	2.49479226322483e-05	6.34705143855517e-05
6922	1.73680042375286	0.232254247856604	0.252318765600635
6923	7.42421198613217	0.00668490695533874	0.0102470765777617
6925	74.5870260719782	1.52477999772937e-06	5.14309335225004e-06
6926	1.88990073518968	0.201013232560364	0.22183740943824
6927	71.7800274276676	2.0848372366605e-06	6.78115922720492e-06
6929	5.98733041086083	0.0125319763188721	0.0181573986608137
6930	177.857535506664	6.40126224060911e-08	3.11286340321246e-07
6931	0.577917019891898	0.739811332799834	0.743703754951361
6932	11.281141845933	0.00163953731029866	0.00286459571943922
6934	0.799388293606479	0.596971982244435	0.605041932038636
6938	316.312686780441	6.88339962244481e-09	5.35747384543241e-08
6939	446.120611396374	1.81013346243823e-09	1.95289990856497e-08
6941	1595.16566797721	8.84950513514964e-12	5.40367205314343e-10
6942	43.7151498502016	1.35738455563115e-05	3.64616268616931e-05
6943	1.94827714174574	0.190429773017111	0.211141060572885
6944	10.7898663511488	0.00201299295326084	0.00347506769518041
6946	18.3134191102691	0.000298721020859478	0.000608642795511072
6949	2.22315785987512	0.148713757118106	0.169065563034653
6950	230.33900314847	2.35432968493427e-08	1.31429733495435e-07
6951	13.1839876979469	0.00095323372660586	0.00174528697455533
6952	51.4601677045065	7.35469725615478e-06	2.09030095240906e-05
6953	275.674989901414	1.17348951297978e-08	7.23265180580565e-08
6954	261.408585238541	1.44195498708049e-08	8.62696907927044e-08
6956	1800.89891395352	5.47267999652977e-12	3.41207195994167e-10
6957	154.73267138757	1.09598392826138e-07	4.92901503955367e-07
6958	235.785345314597	2.15059442933727e-08	1.21894457463777e-07
6959	169.831301354048	6.14259611899951e-08	2.99938967954115e-07
6962	204.750554593048	3.71389537084031e-08	1.93468797550459e-07
6963	261.949461676249	1.43044786608341e-08	8.58556947768526e-08
6964	381.002847060784	3.13477236009033e-09	2.96417765615308e-08
6966	125.267627663276	2.47316886227298e-07	1.00955059760461e-06
6969	66.4312618225671	2.79858240533021e-06	8.84202592006275e-06
6970	122.143851310535	2.72544808194705e-07	1.10039734078885e-06
6971	20.6935537737079	0.000211475928155857	0.000444016987758647
6972	3.92439236528183	0.0400383966072893	0.0523042397673081
6974	6.63131254302313	0.00904867727924652	0.0135375891702392
6975	169.045340461234	7.78951140559167e-08	3.66751002029566e-07
6976	6.28993297301262	0.0110572446710093	0.0162149195806853
6977	2.32694862204767	0.135885693083428	0.156069606386105
6978	809.244296801984	1.71270799627621e-10	3.61009589393024e-09
6979	1312.39113852559	1.91683210857266e-11	1.00472536098017e-09
6980	332.636872908499	5.66207415774260e-09	4.65828389392943e-08
6981	247.537370476831	1.78123784886265e-08	1.03231622101893e-07
6982	2.94718427301179	0.0820033947247817	0.099143928751762
6983	3.55145382549341	0.0527233517235326	0.0668122405345493
6988	114.060917141372	3.54591286060553e-07	1.40016279155777e-06
6989	3.82496324741635	0.0437880056276252	0.056677525640827
6992	99.8843776079035	5.90080255692146e-07	2.21907641553307e-06
6993	272.310173970089	9.59736160061878e-09	6.09926746356921e-08
6994	192.789294640884	4.44093992220041e-08	2.259766938075e-07
6995	62.0995725006969	3.61457638279674e-06	1.11158545770016e-05
6998	198.459962543543	4.19038316235162e-08	2.1470276358658e-07
6999	80.7914849834709	1.3283649489745e-06	4.54792230796298e-06
7000	36.0367607958129	2.78955849103486e-05	7.03986150080933e-05
7001	736.907839216117	1.88272231573484e-10	3.88549277912804e-09
7003	141.463655967633	1.26168656732734e-07	5.57684293901481e-07
7004	337.450722674765	5.22541261780172e-09	4.35917168101966e-08
7005	2.09222583376899	0.167047054953826	0.187567716870429
7006	272.310173970089	9.59736160061878e-09	6.09926746356921e-08
7007	4.76036068494417	0.02455259078828	0.033384985132916
7008	4.9704926232854	0.0217890398913534	0.029915735576376
7011	3.86132969335131	0.0427462160403881	0.0554745481172697
7013	616.312512803005	4.77647922225642e-10	7.43796326137471e-09
7015	544.98019590332	6.20796486201771e-10	8.90309343286462e-09
7017	4.99641379944301	0.0214756132884893	0.0295196234643124
7020	15.8621622287218	0.000541503783749955	0.00104609488295857
7021	218.501205882056	2.88792400808203e-08	1.55360344231334e-07
7022	173.049971278142	6.91167228082699e-08	3.30944502177351e-07
7023	2.24133538879995	0.146364640329622	0.16681119197082
7024	7.70450871574959	0.00575865247983213	0.00895706371797419
7025	95.6803221540624	5.97649216424173e-07	2.24184693405977e-06
7027	61.76295079274	3.68982222489425e-06	1.12944790894308e-05
7028	3.27832085299138	0.0640119527536595	0.0794349038675729
7029	6.2398378184407	0.0113231315180998	0.0165720059257981
7030	3.88644504575405	0.042044654755113	0.0546479021537271
7031	12.6705324734086	0.00117380723786891	0.00210616790969329
7032	766.143506779812	1.61412291525369e-10	3.48921533833855e-09
7034	272.310173970089	9.59736160061878e-09	6.09926746356921e-08
7035	15.5136348245985	0.000584205750095157	0.00112200086180727
7036	1498.22763455786	1.13443107590399e-11	6.65270818077162e-10
7037	1.0651755813213	0.454821027410589	0.466557836050038
7039	88.0230172859481	9.57398016287276e-07	3.39560985058056e-06
7040	63.6488898016122	3.29209028711e-06	1.02249872944691e-05
7042	212.388028433941	2.55232994718688e-08	1.40106119343724e-07
7044	2.47915833459818	0.119410883514175	0.138893427922786
7047	4.40673829643737	0.0302666011836233	0.040448799370623
7049	3.19464716127162	0.0680554803480272	0.084030145945667
7050	1245.68472175308	2.35671019089187e-11	1.13486133826443e-09
7051	41.8023260453979	1.60474714334974e-05	4.2432666652056e-05
7053	3.39916232565636	0.0586820907253176	0.0734828802042402
7056	8.64867830430578	0.00413677658505452	0.00663298035817423
7057	139.471547383945	1.63555251907228e-07	7.01983881917761e-07
7058	18.1900180595699	0.000334658317549462	0.000673295249607835
7059	1.56603764066463	0.274047323432712	0.293204894633663
7061	2106.10735885079	2.94305262747336e-12	1.98087508096872e-10
7062	1.01236229305422	0.480250929837286	0.491197765053747
7065	18.7334390062891	0.000301509705747287	0.000613902367528765
7067	27.7749100178266	7.2854413344321e-05	0.000168627077076363
7069	2.55578785735705	0.110570336028719	0.129710457575381
7070	44.9186624784769	1.22604549309288e-05	3.32807857726359e-05
7071	1.66262931186444	0.249424301293991	0.269296904814799
7072	11.7969128213333	0.00149425619213782	0.00262859501812662
7073	2.19612348005044	0.152292228639109	0.172636721575013
7077	11.2497965409191	0.00175192637723161	0.00304211666149012
7079	58.7465041228647	3.81821773995652e-06	1.16333866634581e-05
7080	3.01087265697411	0.0767935048402906	0.093609370069776
7081	4.87533429224333	0.0229897067086946	0.0314475826410157
7082	440.5979872934	1.83138216712583e-09	1.9722321047066e-08
7083	0.635213687318022	0.701277907039925	0.705926078075709
7084	29.3955209616182	5.6956255154552e-05	0.000135157010929652
7085	10.519666329932	0.00218928809538044	0.00374664934670279
7087	11.2260355137016	0.00176433385340542	0.00306186622142405
7088	16.7724070545487	0.000445444124061811	0.000873630975767585
7089	2763.68548776782	1.00260131910841e-12	8.48343944725585e-11
7090	4.08945155597328	0.0368680987045326	0.0485589834616292
7091	2.35823022740847	0.132285003712326	0.152318055402043
7093	272.310173970089	9.59736160061878e-09	6.09926746356921e-08
7094	409.952340651774	2.51438835232878e-09	2.4821203684739e-08
7098	9.571284398128	0.00298407435010891	0.00494396430089372
7100	272.310173970089	9.59736160061878e-09	6.09926746356921e-08
7102	227.33973209752	2.47690868759048e-08	1.37109627631761e-07
7103	48.9173783409473	8.90065263877372e-06	2.49638068383145e-05
7105	63.4024866392408	3.34088760680854e-06	1.03602498927366e-05
7106	15.8501346118119	0.000542938849784709	0.00104852520615417
7107	1.00260568709803	0.485100149334353	0.495900618658504
7108	671.943571027487	3.45477135526811e-10	5.94843335385261e-09
7112	3.46584622117815	0.0556868735552417	0.0702221315877574
7113	2763.68548776782	1.00260131910841e-12	8.48343944725585e-11
7114	0.881911993065907	0.549051940130559	0.558097587333671
7115	231.743509896805	2.29954951274139e-08	1.29101722881206e-07
7116	753.945199561121	2.05607812307238e-10	4.14379013546797e-09
7118	8.92550391681515	0.00373983644003615	0.00605882145359248
7119	13.0282195571516	0.00106775170609823	0.00193403466520484
7120	49.8481672920444	8.29125487309802e-06	2.336303644784e-05
7122	21.6273599069829	0.000180515556878914	0.000384878921308066
7124	53.4585102003037	6.3705312133457e-06	1.84061738422666e-05
7128	7.37177009462924	0.00683301191525751	0.0104551613469569
7129	7.52254521683688	0.00641787221451408	0.00987865309941968
7130	574.456784609372	6.77068322249417e-10	9.52559542205058e-09
7131	35.0563145197573	3.09014398445627e-05	7.73037902874813e-05
7132	13.6953281739478	0.000900166068000988	0.00165940977926233
7133	162.827196990666	9.00221905025517e-08	4.15589582499309e-07
7134	4.85803409830321	0.0232167790031494	0.0316850189022244
7139	7.52454040467512	0.00641259367519669	0.00987309392726541
7140	10.9498631838222	0.00191696293714402	0.00331508656254131
7141	51.0440403612808	6.88058998635854e-06	1.96687907766417e-05
7143	142.098692582579	1.52207483218072e-07	6.57567412910754e-07
7144	3.04208755839838	0.0762720987381148	0.0930120734663072
7146	65.8201298754322	2.46457318977673e-06	7.88636791088469e-06
7148	244.280746230038	1.77406970685461e-08	1.03017792879411e-07
7149	1039.02478779617	4.83341348497855e-11	1.89712968873668e-09
7150	3.91642709476022	0.0412257593769826	0.0536659720417293
7151	5.00587955896774	0.0213625608686993	0.0293778611621328
7152	364.470970060939	3.97050836683277e-09	3.51004791891799e-08
7156	5.48860837560014	0.016464919791047	0.0232194571243742
7158	7.83005422890942	0.00566464995780091	0.00883870434669515
7161	64.3058384740772	2.69596187210288e-06	8.55743953293965e-06
7162	3.18412084226592	0.06858621565627	0.0845620639742063
7163	13.0377723997907	0.00106508775934536	0.0019303900852517
7164	6.40070065693727	0.0104965023875623	0.0154615229150787
7165	119.298361041695	2.98400454258945e-07	1.19259506786487e-06
7168	703.360012951424	2.79770685392609e-10	5.06752834734074e-09
7169	70.8973142368256	2.18534899120636e-06	7.06926383119347e-06
7173	13.5086933641695	0.000943503571546269	0.00172961053985409
7179	427.204745109222	2.14216686310956e-09	2.21432012743419e-08
7180	6.56693313630111	0.00972005867354831	0.0144362857380709
7181	31.3673412132414	4.66098552804877e-05	0.000112360672700988
7183	560.802792672543	7.23394039936345e-10	9.96433232219295e-09
7184	9.49762634926912	0.00305993995863981	0.00505128884476689
7185	22.7103665482452	0.00015139821742271	0.000328713944939409
7186	147.77029080899	1.30893512936312e-07	5.75989804696715e-07
7187	1370.11475396377	1.61638889067721e-11	8.78336825640471e-10
7189	1.69069280875548	0.242758923777165	0.262719003386105
7190	11.4942337626166	0.0016304280238152	0.00285036162486936
7195	26.8619131921604	8.23195478775629e-05	0.000188983985301862
7197	21.3455039736315	0.000189222640438669	0.000401853829028577
7198	1.45978314757214	0.304426984678869	0.321985898259453
7199	1297.7325750961	2.00402674746064e-11	1.00591952756011e-09
7200	8.72488317670108	0.00402244422163538	0.00646889414193494
7201	3.23979867212921	0.0658356153748069	0.0814080062348604
7202	4.48741679524718	0.0288282377737882	0.0387099642562112
7203	476.426991718822	1.14689655251223e-09	1.35959612238831e-08
7205	85.4754112370415	8.99338501761446e-07	3.2205453119305e-06
7206	1.26243144126024	0.371484208381638	0.386832096737771
7209	9.09893422497435	0.003515329658093	0.00572485498072171
7210	0.549588373166995	0.759050149746734	0.762396818204155
7211	20.739335410009	0.000209809359658472	0.000440986812369456
7213	319.281392375573	6.63830503013123e-09	5.18773238561007e-08
7215	1.63455167110678	0.256307254075817	0.275768912968404
7216	115.309980639382	3.40059987163448e-07	1.34637386628951e-06
7217	19.6433677232075	0.000254713670778771	0.000526402327991158
7218	2763.68548776782	1.00260131910841e-12	8.48343944725585e-11
7219	1.78439061114073	0.221966349990982	0.242252937349657
7220	14.9667478876357	0.00064226521347506	0.00122044814225627
7222	149.783711542615	1.23301484261915e-07	5.4705220320848e-07
7223	318.273511010239	6.13414764531685e-09	4.94320496642336e-08
7224	215.582680671843	3.04222377278947e-08	1.62188041460234e-07
7226	913.900768752191	1.0282660009662e-10	2.7106190318302e-09
7228	775.386610791872	1.62755007506894e-10	3.49274604878019e-09
7231	10.2922065118262	0.00235294255751929	0.00399555010555812
7234	9.6151767704143	0.00293998650005727	0.00487910900527856
7238	74.1711772629215	1.84029450787437e-06	6.0522289673181e-06
7239	2.21520669298959	0.149755599331627	0.170021547793986
7241	2.32764249006796	0.135804546004159	0.156047166974472
7244	6.89326607064382	0.00839392456832369	0.0126474727087716
7245	10.2882501975494	0.0023559224728865	0.00399946368784944
7246	66.1131838102703	2.85006312428334e-06	8.99356626805019e-06
7247	13.092238348061	0.00105005745900509	0.00190548110590905
7248	19.4469192164135	0.000263998345604866	0.000544071747048581
7249	321.427468180159	5.72159701649487e-09	4.68727788778688e-08
7256	813.809773819077	1.43812131546814e-10	3.22651233012038e-09
7261	11.2302862265779	0.00176210614948898	0.00305889646055781
7262	13.8973313147733	0.000856037345319961	0.00158441957351626
7265	1.66189462596007	0.249601641257147	0.269336950476604
7266	3.7209803773245	0.0469455905158777	0.0602641379769275
7267	8.40518417671066	0.00453048024819724	0.00720763752620796
7269	440.081728832099	1.90862346498126e-09	2.01871013983643e-08
7270	272.310173970089	9.59736160061878e-09	6.09926746356921e-08
7272	37.6961045003017	2.35979095944584e-05	6.05328793971317e-05
7273	8.31962514387325	0.0044446261375389	0.00708818540997386
7274	471.705462519216	1.45729871248997e-09	1.64098484298062e-08
7278	2.05173100072822	0.173259429006549	0.193589058291981
7280	49.7590250496805	8.34730048531335e-06	2.35097768780366e-05
7281	410.426227263653	2.50312494437402e-09	2.47512671878587e-08
7283	496.345233705939	1.11265446561370e-09	1.33405919024897e-08
7284	8.92162150740371	0.00366014240315445	0.00593620576502843
7287	362.107446486409	4.0721158481201e-09	3.57850774012097e-08
7288	54.0128499698556	6.12728351651643e-06	1.77988721276738e-05
7289	272.310173970089	9.59736160061878e-09	6.09926746356921e-08
7290	913.900768752191	1.0282660009662e-10	2.7106190318302e-09
7292	3.60168410381328	0.0505596402666952	0.0643733338993197
7293	43.462790458392	1.23251071033598e-05	3.34409571109482e-05
7295	5.04779210769294	0.0206854440425968	0.0285527581133305
7296	322.460028424372	6.38790624701738e-09	5.06826726066208e-08
7297	14.0938483992831	0.000815682050707176	0.00151641079294997
7298	10.5528396212096	0.00216662818268921	0.00371430932737139
7299	8.9011747680977	0.0037727522205279	0.00610379989133754
7307	30.2330736619809	4.7578441577399e-05	0.000114509187103996
7308	2.54712052242014	0.112844367028894	0.132168713844599
7311	170.885534626193	7.47053317477515e-08	3.53983743953546e-07
7312	43.1435445452507	1.42594964391585e-05	3.81132659788519e-05
7315	38.4118981194107	1.93078555049006e-05	5.02462338117425e-05
7319	12.0600390673159	0.00138729222889573	0.00245208351887479
7320	258.861650743731	1.49773099144717e-08	8.9246083122149e-08
7321	202.295219612393	3.89134118115924e-08	2.00912502605936e-07
7325	0.895331819345975	0.54157793874818	0.550878607454143
7326	2.00357965150855	0.181010426737793	0.20160300067092
7327	288.375784206771	9.85403393238318e-09	6.25567448890735e-08
7329	8.6486670555469	0.0041367937604416	0.00663298035817423
7330	56.1555947900273	5.28997631335144e-06	1.5565091755579e-05
7331	3.43627610859748	0.0571562277798668	0.0718913436271291
7333	328.868243132069	5.91814378081324e-09	4.80839034482261e-08
7334	590.898870419979	5.65361745219221e-10	8.3925754810362e-09
7335	48.4724595702844	8.90149587076147e-06	2.49638068383145e-05
7336	368.964727522536	3.78595282651388e-09	3.39760584718813e-08
7337	1.68264964384496	0.243704291294564	0.263549482807687
7339	443.795761926479	1.39759734326674e-09	1.59956351589657e-08
7342	76.6872641046362	1.62062056997126e-06	5.43013125049137e-06
7343	15.1644594050847	0.000584641166577823	0.00112247313764682
7344	299.270802649811	7.9313775453079e-09	5.99968699883252e-08
7346	2.21175498700704	0.150210617700163	0.17047278954552
7347	17.0325897098662	0.000387268296194458	0.000769470016222669
7348	3.41856159810511	0.0578783274883781	0.0726915465889872
7349	224.411477293204	2.08723009767596e-08	1.18529854923631e-07
7350	3.49095575004159	0.0540316049394003	0.0683385001187419
7351	2441.44775476658	1.63875717954104e-12	1.19831589807674e-10
7355	127.023683037465	2.34418847593612e-07	9.61539358931417e-07
7356	2.65915941152688	0.102953355832681	0.12166654560993
7357	14.9868106263224	0.000659708248262906	0.00124998463034587
7361	272.310173970089	9.59736160061878e-09	6.09926746356921e-08
7363	5.44635007041128	0.0168334434157404	0.0236715302353823
7364	15.8936710891415	0.000537766840228065	0.00103989324017983
7365	582.754662553966	4.76315950212757e-10	7.43796326137471e-09
7366	49.9772751373907	8.21091738364973e-06	2.31807739100845e-05
7367	32.6604267007176	4.01559196294523e-05	9.78779884630642e-05
7368	10.3854585681834	0.00228405365263317	0.00388748557027192
7369	108.264771921045	3.72874243804732e-07	1.46487763567784e-06
7370	59.4173039976876	4.27271097327276e-06	1.28659212479383e-05
7371	81.7610403567719	1.26923490218564e-06	4.36820355935242e-06
7372	2.87879833787594	0.0864638625629019	0.103794947890995
7373	45.8949560905034	1.13104962343533e-05	3.09690173580892e-05
7376	549.966868238022	7.48334427961531e-10	1.02128682415119e-08
7377	687.045093372571	3.28827522432653e-10	5.76226454251066e-09
7381	3.16057652006706	0.0697919153663325	0.0859412712504755
7382	14.1767127873613	0.000799382582052076	0.00148891290361461
7383	59.0880515646842	3.7340698289181e-06	1.14004616477742e-05
7385	3.4088883151016	0.058277404039875	0.0730688112041024
7387	27.4094797923957	7.64697323108832e-05	0.000176306043004033
7389	33.9069943612406	3.49626304683587e-05	8.6537258781483e-05
7390	22.6410091352812	0.000153077540860726	0.0003319949741919
7391	45.1485026172641	1.04568944716832e-05	2.88477810692965e-05
7393	440.081728832102	1.90862346498121e-09	2.01871013983643e-08
7394	7.50642188548661	0.00646072895669364	0.00993945392480426
7396	3.34206607343479	0.0611291455999855	0.0762408779508768
7398	170.310984110302	7.56833379505829e-08	3.58045056454715e-07
7399	3.06453113102206	0.0749895162301103	0.0917881596674816
7400	5.41532834137502	0.0171105488666119	0.0240098983503772
7401	461.018520409756	1.59311296480679e-09	1.75065085167915e-08
7402	148.053130725689	1.29932002631534e-07	5.72183830175892e-07
7403	13.1825016301371	0.0010080830131667	0.00183549821302994
7405	20.2624519628907	0.000207343951928674	0.000436890155558
7406	1335.56161777706	1.78846916764824e-11	9.45812757141117e-10
7407	6.1246895356401	0.0118359029717805	0.0172569062253166
7408	2763.68548776782	1.00260131910841e-12	8.48343944725585e-11
7409	8.84590080024944	0.00384889469988579	0.0062184951738744
7410	2172.99237223181	2.60012579153152e-12	1.79076105386525e-10
7412	25.6281120627961	9.77079389054898e-05	0.000221140283583193
7413	2763.68548776782	1.00260131910841e-12	8.48343944725585e-11
7414	60.5183575636582	3.83950365193031e-06	1.16862179498372e-05
7415	229.459255826678	2.38947893476212e-08	1.3289092704785e-07
7416	2763.68548776782	1.00260131910841e-12	8.48343944725585e-11
7417	5.74335591246882	0.0144445319497844	0.0206106872412847
7418	30.1269572222027	5.40726943354337e-05	0.000128675198291994
7419	3.29151879832576	0.0634015333672601	0.0787764384590479
7421	313.020277009587	7.16866723380512e-09	5.54308303209239e-08
7423	1.38762327788158	0.327239816974744	0.343781737485174
7425	160.693457103682	9.47241946572375e-08	4.35598916890386e-07
7426	15.5382393611151	0.000536521143594264	0.00103816227817995
7427	3.48414374433665	0.0552599884121673	0.0697432157181476
7428	1444.80835110317	1.3098901430998e-11	7.5374260667263e-10
7429	18.3110524061587	0.00032689403248227	0.00065968874610819
7430	5.32774200982303	0.0179242610296017	0.025033104946553
7431	40.2094182268296	1.85533980808549e-05	4.84531643884053e-05
7432	1.21610193377265	0.38948468618813	0.403518942853296
7437	226.075833935326	2.53096047443316e-08	1.39191076045196e-07
7438	5.06628085967263	0.0206583855879866	0.0285287054879097
7439	3.24794436605525	0.0648840732754287	0.0803824233445648
7440	2.75722376812933	0.095153701608527	0.113262736058542
7442	531.992320771904	9.12836649931863e-10	1.13825925843085e-08
7443	3.73252132082335	0.0465815028030402	0.0598486423215633
7444	5.98075544549537	0.0128333570517844	0.0185395058091997
7446	1.42028040276722	0.316685093447442	0.333818438955188
7448	37.3935361633256	2.43160451734955e-05	6.21865006747036e-05
7450	5.54482763062439	0.0159901241973343	0.0225983072347437
7451	2.45500659043328	0.121855925882547	0.141409218064719
7453	37.8009594256305	2.05141632231167e-05	5.30823017782962e-05
7454	2.81333165882789	0.0910162180669138	0.10879213555988
7455	192.132789644918	4.74974683236865e-08	2.39631605520609e-07
7456	1.48308240344364	0.297449429979296	0.315168689403823
7457	12.4583524295629	0.00124299812451019	0.002220228555933
7459	192.727023480868	4.55021784809689e-08	2.30942076386271e-07
7461	1.74948342752322	0.229458703117809	0.249418957343876
7462	358.731033983638	4.22300221778968e-09	3.68920975456759e-08
7463	232.262306515837	2.27972035069754e-08	1.28231563505997e-07
7464	646.162346285574	3.32145592300203e-10	5.78617159762971e-09
7466	5.3811077088932	0.0174228687047459	0.0244076753401632
7467	1.79724622403219	0.219279861461653	0.239718460582756
7468	1.60222988416879	0.264505297196023	0.284021913577237
7470	3.063718879478	0.0750354686475091	0.0918154209688504
7471	22.0039478569208	0.000153589953614854	0.00033298436868989
7472	13.5295926616181	0.000938522328269626	0.00172314561386888
7473	53.4689379425654	6.36584463865905e-06	1.84016094654844e-05
7474	44.5830387892452	1.21375626150598e-05	3.30077058627177e-05
7476	24.5355553608349	0.00011446592463867	0.000255264183597455
7478	57.6853513134143	4.77882478732219e-06	1.41808513102752e-05
7479	465.614339216604	1.53283883773478e-09	1.70657978118479e-08
7480	11.7440594190685	0.00143675645352904	0.00253346486283195
7481	300.388145694564	8.4111669670267e-09	6.09926746356921e-08
7482	37.3718320968343	2.43686074623339e-05	6.22940276216677e-05
7483	106.922823419265	4.54455763699571e-07	1.75357751686812e-06
7484	2.18117855423436	0.152758134963071	0.173131056441542
7487	50.6087118778448	7.83179293804348e-06	2.21738573480074e-05
7488	1.32171564337401	0.349759317320636	0.365365861814837
7489	734.280295872354	1.90951638209204e-10	3.92710608719831e-09
7490	89.1029877996596	8.7327891839756e-07	3.13670772205503e-06
7491	134.724769394424	1.86891702061524e-07	7.87871566768971e-07
7493	5.14860510653467	0.0197446050105512	0.0273691598927511
7494	16.3040961364946	0.000491923663799884	0.000957811920015355
7495	57.9187280966167	4.70639275212368e-06	1.39799219011176e-05
7497	4.49766332750905	0.0284594576110993	0.0382494593670391
7498	3.82128282168243	0.043895185584868	0.0567914338617679
7499	20.4784177408045	0.000219533818863806	0.000459469543862305
7500	3.15835228199108	0.0699071643586438	0.086011660676412
7503	10.5837896009235	0.00201598038478488	0.00347921090299558
7504	3.81777471107431	0.0439976505755017	0.0568867243743062
7507	111.015157458281	3.93436561117275e-07	1.54020142200768e-06
7508	1.39074450098916	0.326214168847004	0.342886694246815
7509	8.65181862857255	0.00413198521274962	0.0066288592673662
7510	5.08194511327196	0.02021818270692	0.0279664400217392
7511	158.909478891316	9.88944093324903e-08	4.52317827394857e-07
7512	309.164306814338	7.5219161898734e-09	5.77789330477765e-08
7514	1.01538086874667	0.478760263756844	0.489842294391395
7517	9.26926739463825	0.00324958959917891	0.00533610180092507
7522	24.1129794329934	0.00012190757744658	0.000270535249612625
7524	23.8093153774157	0.00012763314636679	0.000281658392671572
7528	5.54338275107632	0.0160021110817398	0.0226098530384411
7532	13.4791435927237	0.000932176165654814	0.00171255565421013
7533	15.9177205407909	0.00053493634510051	0.00103577246552152
7535	32.2221657401633	4.22096908714175e-05	0.000102537939424467
7536	4.92747127378752	0.0223219316022648	0.0305835764238293
7537	30.513175130658	5.15977157874872e-05	0.000123231157503745
7538	1.66242502688368	0.249473597284957	0.269296904814799
7542	4.07444819732523	0.0372225605231805	0.0489713962636158
7543	5.02706769303133	0.0211121828633051	0.0290943366913346
7544	2.54453383550169	0.11231604237681	0.131601962215202
7545	10.6895515835162	0.00207628993936013	0.00357392191538216
7546	12.2813405812571	0.00130467643622875	0.00232060015969456
7547	2.51154550392119	0.116225154596193	0.135672367101547
7549	54.839464367064	5.78581851022469e-06	1.68648636988488e-05
7550	105.079711035638	4.85810134740256e-07	1.86605280678764e-06
7551	1.57964263058779	0.270414531549149	0.28963205612398
7552	17.6137523107174	0.000374970233584916	0.000746788397284282
7553	80.1854841794379	1.36687441793647e-06	4.66628079391223e-06
7555	29.5791929897973	5.78444135160447e-05	0.000137044984502213
7556	5.80777287216998	0.0139834950534779	0.0200300462398428
7557	2763.68548776782	1.00260131910841e-12	8.48343944725585e-11
7560	7.50114472924871	0.00647483374563613	0.00995856667759096
7561	17.0616643426583	0.000419474039070404	0.000827905609268244
7564	1.14331169591853	0.419676624163188	0.432754986928719
7568	14.2817844975722	0.000721623862053589	0.00135387334017846
7569	913.90076875219	1.02826600096621e-10	2.7106190318302e-09
7570	737.724283528553	2.37530515941843e-10	4.47565973252343e-09
7573	1.46257723979211	0.303580491030602	0.321147927911101
7575	26.8805715788853	8.21111472929241e-05	0.000188578644984874
7576	7.54813462986132	0.00635058235744392	0.00978779581138183
7578	4.49004634013649	0.0280060187180467	0.0377256422258336
7579	531.992320771902	9.12836649931879e-10	1.13825925843085e-08
7582	166.721561146083	6.60443630506062e-08	3.19070768636819e-07
7583	7.85984189012084	0.00557199011454539	0.00870559151897977
7585	21.0638487614029	0.000198456887696055	0.000419616794848821
7586	23.9785420277655	0.000116902499272412	0.000260110256645566
7587	531.992320771904	9.12836649931863e-10	1.13825925843085e-08
7589	5.06049443853743	0.0207245786877877	0.0286001117352671
7592	706.020996364974	2.23022466306098e-10	4.31686950304255e-09
7593	3.06532200451826	0.0741381832683461	0.0908211912095996
7595	4.60815665605138	0.0263887892598252	0.0356606887487895
7596	8.52025182176746	0.00433883267509419	0.00692879642345184
7597	30.0828186801896	5.43649535469806e-05	0.000129318722834846
7598	1073.75939768024	4.24339347934852e-11	1.78047379686013e-09
7600	26.4229787412634	8.74195403921347e-05	0.000199917350479774
7603	33.2301190818984	3.76701844392182e-05	9.242771434693e-05
7604	2763.68548776782	1.00260131910841e-12	8.48343944725585e-11
7607	0.516075452144725	0.781866985942739	0.784781928103515
7608	356.538572569755	4.32475178141725e-09	3.76145444953515e-08
7609	3.41689738330048	0.0579467443500895	0.0727466228879991
7610	7.03651680371294	0.00788363309091897	0.0119454486563093
7611	1412.37589455578	1.43314310938219e-11	7.93318377277636e-10
7612	77.1418240137778	1.58451612195755e-06	5.32336301211264e-06
7613	1.79091375867754	0.220598365765196	0.241026401111835
7614	53.0830618091914	6.54219585837788e-06	1.88378347443715e-05
7617	2.52877108974156	0.114572966821278	0.133928494667935
7618	57.5321125623193	4.82714730350299e-06	1.43027481133808e-05
7619	28.0137301028896	7.0607235531256e-05	0.000164246022009858
7623	164.225509606134	8.70991911258364e-08	4.03353017230906e-07
7626	913.900768752191	1.0282660009662e-10	2.7106190318302e-09
7627	20.5390221852672	0.000217225450478426	0.000455442953339369
7628	21.020543468668	0.000199926460583007	0.000422463227268338
7629	3.28171937027912	0.0637399848802092	0.0791139837480049
7631	307.680992682774	7.66361251816252e-09	5.85697767033247e-08
7632	913.900768752192	1.0282660009662e-10	2.7106190318302e-09
7634	952.971676352067	6.80592403045791e-11	2.33014381690186e-09
7637	322.460028424371	6.3879062470174e-09	5.06826726066208e-08
7639	15.5107120999625	0.00058548043117049	0.00112372021834829
7640	27.0605616911122	8.01344207089769e-05	0.000184539725450727
7641	37.5039365898493	2.17421170548016e-05	5.60394078831984e-05
7644	24.4227760495946	0.000116394837425635	0.00025907802407818
7645	1.21247320026758	0.390933733396413	0.404737022007858
7648	15.1289944802108	0.000638448799532831	0.00121436488106389
7649	2.76347510276768	0.0946814647532331	0.112791294395294
7650	16.6974775277105	0.000452498270587974	0.000885999093121511
7651	0.606618875372838	0.720436723326656	0.724965462498094
7652	5.24745421907927	0.018713025537884	0.0260487074643683
7655	1.45900844928706	0.304662159799704	0.322177106319166
7656	4.8628462614214	0.0231533376957622	0.0316202949439703
7658	2.46346379158306	0.120992875156573	0.140545361747869
7659	196.681490906722	4.3388416003732e-08	2.21161435447594e-07
7662	0.981852339774086	0.495573534236377	0.506257682525364
7667	3.86441926611842	0.0426591336844178	0.0553858064035087
7669	3.86445900852218	0.0426580149443107	0.0553858064035087
7671	50.8695486606087	7.68161225927038e-06	2.17798896178355e-05
7672	75.7906836406287	1.69491497400188e-06	5.62723172141991e-06
7674	2763.68548776782	1.00260131910841e-12	8.48343944725585e-11
7676	262.218047563454	1.42477657637164e-08	8.57617038805818e-08
7677	99.5655056525815	4.95446546475037e-07	1.90003970501659e-06
7678	74.7827365944314	1.68583368362838e-06	5.60650921287528e-06
7679	395.699234742024	2.19832774151221e-09	2.25661962096652e-08
7681	4.23049342866026	0.0337327136594046	0.0447477856673356
7682	0.786973508931507	0.604465062343224	0.612007959702379
7683	376.394984663927	3.50380584147855e-09	3.23760405601832e-08
7685	964.272010629949	6.49563583802082e-11	2.2900982778927e-09
7686	329.076235097102	5.73161513180173e-09	4.68899950630686e-08
7688	27.8740184668905	6.74329879424085e-05	0.000157556444805872
7689	322.460028424371	6.3879062470174e-09	5.06826726066208e-08
7690	8.56776505491593	0.00426266740890853	0.0068181958042034
7691	7.76676277093488	0.00581023081270284	0.00902930839498682
7693	9.99892618980762	0.00258728978597948	0.00434614787361216
7697	2.43862725497467	0.123548822760299	0.143121391983034
7698	149.191043684348	1.26152174331141e-07	5.57684293901481e-07
7701	25.979785540947	9.29782035437835e-05	0.000211486136555234
7702	3.77427851629853	0.0452930753288921	0.0584086403599015
7703	16.9466112065671	0.000394321554571957	0.00078191046793763
7706	1.68301582239759	0.244561424439692	0.264283400283943
7707	28.4860900871144	6.64131103009552e-05	0.000155234748347497
7708	110.615082045971	3.79997622727059e-07	1.48956050258926e-06
7710	4.29557985478385	0.0323978797032842	0.0430832154204204
7711	2.03709357704808	0.175572865999101	0.195915238378424
7712	16.5425376708259	0.000467535358271028	0.000915139433919133
7714	55.3914096590082	5.57106003580803e-06	1.62869637670735e-05
7721	311.540252024598	7.30173690517505e-09	5.62395158509126e-08
7722	115.855385809013	3.33949785140278e-07	1.32395219369871e-06
7724	3.23379185928244	0.0649029271114647	0.0803889663908836
7725	6.9799880216238	0.00784949249727602	0.011896761530544
7726	124.533927880809	2.52969353350003e-07	1.0286792160001e-06
7727	636.989864404424	4.21592702336493e-10	6.79182445328827e-09
7728	2763.68548776782	1.00260131910841e-12	8.48343944725585e-11
7729	42.6592070302562	1.29744872772468e-05	3.49785562781669e-05
7731	502.028071282107	1.14373793917337e-09	1.35959612238831e-08
7732	5.26141054799682	0.01857284971725	0.0258657392135602
7740	1.79283479267879	0.220197395978554	0.240632689369184
7742	57.7938129278606	4.74498919593028e-06	1.40875042644086e-05
7744	12.001909017345	0.00141007395864893	0.00248937945069377
7747	5.06471138985114	0.0206763132588714	0.0285468073268754
7749	73.8272709753268	1.87315897124905e-06	6.1568926674296e-06
7751	12.3130658839778	0.00120641763279157	0.00216140702934799
7752	28.6265396706324	6.52267561741042e-05	0.000152702797161747
7753	9.84130418720022	0.00272535965440058	0.00455097412828154
7754	272.310173970089	9.59736160061878e-09	6.09926746356921e-08
7755	1.89711071004141	0.199360214017204	0.220300475302967
7757	2.04887859812253	0.173707372136433	0.194016361524438
7759	25.1443352381666	0.000104719455999045	0.000235569061102295
7760	725.909738502802	2.36365986608696e-10	4.47565973252343e-09
7761	33.4315920269359	3.68375645227281e-05	9.05348110656093e-05
7762	117.266191739699	2.65148416205326e-07	1.07346142801377e-06
7763	14.8300367599627	0.000684189854753605	0.00129306206436044
7765	2.45546773140479	0.121808674131964	0.141409218064719
7766	2763.68548776782	1.00260131910841e-12	8.48343944725585e-11
7767	531.992320771902	9.12836649931879e-10	1.13825925843085e-08
7768	2.25266516007108	0.144923137485979	0.165486744424418
7769	441.282839546012	1.88850777179842e-09	2.01871013983643e-08
7770	1.72464502992688	0.234971052892715	0.254849578151172
7771	67.2981208300602	2.32855246386984e-06	7.48752239060861e-06
7775	1.64078034208726	0.254761497924339	0.274404864921961
7776	7.81951741316122	0.00568856668949783	0.00886617116412056
7777	2763.68548776782	1.00260131910841e-12	8.48343944725585e-11
7779	246.483612575251	1.81092625265963e-08	1.04645036043932e-07
7780	66.2364079949692	2.82997935535374e-06	8.93495081117281e-06
7784	21.9499682254155	0.000171157806833739	0.00036690832062115
7785	1.35136751328526	0.339053089573508	0.355058601404507
7787	22.7614255283881	0.000135709193944263	0.000297595540811502
7788	29.6122507511717	5.76075965502774e-05	0.000136593192300758
7789	3.96447479303546	0.0399542996950736	0.0522174133040426
7790	1.32727526398319	0.347794731935244	0.363698481153328
7791	32.8576865986412	3.92725272562763e-05	9.58430897976616e-05
7793	2.09042571500812	0.167317479340165	0.187822155843242
7794	2.66255502554605	0.102670491400107	0.121356479856882
7796	44.2532905647622	1.29657726472306e-05	3.4970979685586e-05
7797	3.12899520922036	0.0714505138121864	0.0877101333284103
7798	1.44556078602871	0.308777446742473	0.326412424960855
7800	53.7041667630845	6.26126634226662e-06	1.81347093130783e-05
7803	58.6213938005558	4.49647855464882e-06	1.34420983669032e-05
7809	3.59946157970827	0.0510018217673927	0.064860572971048
7813	5.99626400975427	0.0127361192158453	0.0184125052759219
7815	2.07277602844569	0.169996939964807	0.190374716470326
7817	16.4488432999689	0.000476933456611665	0.000931687619891456
7818	350.762733040423	4.60793619653945e-09	3.94975486137528e-08
7819	1.62343270175751	0.259093769711496	0.278665770474158
7821	15.3430610943793	0.000608037072142549	0.00116249308531321
7823	18.7863714528297	0.000298505706224637	0.000608413385398667
7825	1.85052442517373	0.208547248782171	0.229380836359057
7826	30.6384617096561	5.08255327940446e-05	0.000121927756475952
7827	59.8000863362046	4.17007597960108e-06	1.26081470276556e-05
7829	2763.68548776782	1.00260131910841e-12	8.48343944725585e-11
7831	845.347231708767	1.42432312072108e-10	3.21994879543166e-09
7832	1.04098360952918	0.466298841967602	0.477752645039631
7833	35.3640536924321	2.63772533627064e-05	6.67943104375665e-05
7835	2763.68548776782	1.00260131910841e-12	8.48343944725585e-11
7836	2.54360958450029	0.113172639931577	0.132500799825011
7839	2763.68548776782	1.00260131910841e-12	8.48343944725585e-11
7840	319.212745620429	5.3714094452777e-09	4.45586248520725e-08
7841	2.46465291366706	0.120872123416971	0.140460189719191
7842	1358.5643455529	1.67150733902256e-11	9.0003072445733e-10
7844	58.1767376407167	4.6279130962142e-06	1.3774436818531e-05
7847	2.11028230446103	0.164363333178792	0.184799548674636
7849	13.5136373787765	0.000942322199961949	0.00172851483133311
7850	1.57650487597883	0.271247421895968	0.290419103378492
7852	518.689602940026	1.00733570858692e-09	1.24123087004031e-08
7855	1022.97301549526	5.14071333891721e-11	1.97717176015627e-09
7856	124.565458468102	2.52723123020265e-07	1.0286792160001e-06
7859	9.56019798306507	0.00299534103413154	0.00495846980021272
7866	20.7522905226336	0.000209340756647291	0.000440158076543096
7867	29.1553007410974	5.73462635440772e-05	0.000136028001190056
7868	6.35384672852218	0.010729247244697	0.0157651529224361
7869	58.7466730239701	4.46029685788427e-06	1.33560860916322e-05
7873	82.8670770681376	1.01119580212078e-06	3.55871226141496e-06
7874	27.4794335187072	6.77561200673629e-05	0.000158249013863955
7876	82.9542691097406	1.20092776756296e-06	4.14516035389011e-06
7878	2.89366405306445	0.0851448409436532	0.102454053091183
7879	731.43853568086	2.25265363116396e-10	4.34095516164386e-09
7880	9.06835620923086	0.00344288198181897	0.00561768318961811
7881	2.56644252550262	0.109770633581773	0.1288999727805
7882	5.21846565720252	0.0190084283046395	0.026428854659244
7883	393.750887812223	2.94089767255815e-09	2.83632937250264e-08
7884	54.1373962582896	6.07424529878996e-06	1.76534616804381e-05
7885	27.8866921615065	7.17915862185941e-05	0.000166492390435682
7887	45.8904138904229	1.13146975456534e-05	3.09690173580892e-05
7888	2.81313223051755	0.0910305290958576	0.10879213555988
7889	12.2953522752233	0.00129965617458186	0.00231236513128518
7890	216.33581524801	3.00143432935093e-08	1.60157617412122e-07
7891	230.33900314847	2.35432968493425e-08	1.31429733495435e-07
7893	128.861225404218	2.21813938889671e-07	9.14905264654264e-07
7894	9.86076061090003	0.00270782492192243	0.00452296870066174
7901	12.043182939064	0.00139385046161768	0.00246294041890261
7902	3.28677774629856	0.0636199815263682	0.0790147097044828
7903	41.7006982649566	1.41438632345967e-05	3.78725596467071e-05
7904	32.9583427099299	3.88311606780138e-05	9.49615874053987e-05
7906	863.539779299577	1.02641880743013e-10	2.7106190318302e-09
7907	374.543794031015	2.73073349621206e-09	2.65585131331101e-08
7908	27.4343612472833	7.62165216180771e-05	0.000175790676613657
7910	29.1706742874694	6.08743809243566e-05	0.000143363402868773
7911	40.4585536407168	1.81305788116171e-05	4.74535653120673e-05
7912	44.170833503957	1.30566923864978e-05	3.51841624227599e-05
7913	71.0036024158807	2.17292864408885e-06	7.03677220280932e-06
7915	64.8298878791601	3.07025262612288e-06	9.60650095326244e-06
7917	2.50598807784982	0.116408423375996	0.135832760373527
7919	1.65506661829501	0.251256839373573	0.270925588860308
7925	206.446261226054	2.85352047671941e-08	1.53788915228472e-07
7926	915.558245444499	7.97510675013465e-11	2.66873204977670e-09
7929	2.99816792275274	0.0788610353461189	0.095735583593987
7930	3.62855368346972	0.0499924231360785	0.0637196303496865
7931	1.55626063230601	0.276692694927197	0.295661344408044
7932	1.51581257230763	0.287952971033406	0.306257038504375
7934	3.05203406750979	0.0757003798256857	0.0924862520023796
7935	1.16240820351022	0.411523567504562	0.4247175623505
7936	3.62023326794895	0.0502785671140516	0.0640292309216357
7937	184.102449442365	5.31097877292141e-08	2.63679189203801e-07
7938	3.4596318879848	0.0562211180860416	0.0708354993455913
7939	179.970313909838	6.11574387787116e-08	2.98874183074512e-07
7940	3.63474246328216	0.0497808948777812	0.0634636763583939
7942	1.522758817198	0.285982392341216	0.304325136514018
7944	426.889498819915	2.14832215888412e-09	2.21681396290429e-08
7945	16.9125244031941	0.000432619447935064	0.000851297338910094
7946	143.329362184179	1.47232178003823e-07	6.37934301621538e-07
7948	357.761817343646	4.26760741352148e-09	3.71993451018532e-08
7949	36.2185272186758	2.73793099773315e-05	6.92013732634207e-05
7952	1266.02524655353	2.21028853837847e-11	1.08856225203792e-09
7953	84.8273374024871	1.10274983413841e-06	3.84663561107293e-06
7955	961.33268961981	6.57460996199273e-11	2.29067145911076e-09
7957	837.122817690636	1.13678469613077e-10	2.9238944596156e-09
7958	93.8938832928493	6.7026186925651e-07	2.48302654533688e-06
7959	18.5759449573459	0.000310675075362603	0.000630396872686776
7963	95.9593051969702	6.88049543350387e-07	2.54230657845561e-06
7964	2.61977204569069	0.106305086569833	0.125252641287671
7966	79.187676980239	1.43398372648949e-06	4.87011789678742e-06
7968	12.0672480495535	0.00138449924393416	0.00244787731994687
7971	11.5263351200849	0.00161526744373186	0.00282636013861855
7972	131.605944513294	2.04529532660908e-07	8.51918721484218e-07
7973	272.310173970089	9.59736160061878e-09	6.09926746356921e-08
7975	3.03082874602676	0.0769256760020119	0.0937511890864026
7977	6.27197234806262	0.0111516660879917	0.0163372046102338
7979	62.1573453159638	3.60185672324355e-06	1.108249214118e-05
7980	145.981654875811	1.11161819974753e-07	4.99174723055696e-07
7982	32.2124398502117	3.82629129341855e-05	9.36492699624713e-05
7986	3.26202492400531	0.0647757022705516	0.0802985526472325
7987	413.436429768997	1.84888226295788e-09	1.98746454509973e-08
7988	7.80161277943432	0.00572949790425116	0.00891639939224373
7990	17.2570252811715	0.00040175797777207	0.000795639497429562
7991	11.7635173376123	0.00150856162620643	0.00265061124652053
7992	10.4641703190059	0.00222786485134166	0.00380497217834391
7995	133.070168971243	1.95999813250164e-07	8.20428900269061e-07
7996	2.18768688918432	0.15187417805128	0.172261730485969
7997	233.848294738854	2.2204188337873e-08	1.25372171139392e-07
7998	46.6323775586956	1.04302931036521e-05	2.87878033797443e-05
7999	2.63810797796851	0.104728425577414	0.123542414796858
8000	1.80148871656109	0.218401712590863	0.238808642154986
8001	1046.7999131539	4.69283709259316e-11	1.87808608779928e-09
8003	197.57136841111	4.26374726687835e-08	2.17708405704487e-07
8005	37.5738603031526	2.09865391768543e-05	5.42809046045887e-05
8008	373.012866171761	3.62883694983934e-09	3.31691377374976e-08
8010	8.50481329202698	0.00436394770741829	0.00696702487089988
8011	2.08119150776739	0.168712985045505	0.189115634069744
8012	1.20644591965874	0.393353362862267	0.407028645743048
8013	263.985215321113	1.38815798188887e-08	8.3861512265754e-08
8015	242.930191213391	1.91573503104347e-08	1.09950567721613e-07
8017	33.125685058554	3.81110795884171e-05	9.33519651640969e-05
8018	456.842641010707	1.54398909398936e-09	1.71255569357658e-08
8019	6.13689670993104	0.0118950773291387	0.0173362556644903
8021	9.78555477213453	0.002776397365673	0.00462967387299582
8024	198.019956498073	4.22651102882526e-08	2.16366679548245e-07
8025	99.3963562800387	6.01262024254738e-07	2.25397149978533e-06
8026	15.268418610158	0.000618430514144263	0.00118045888987318
8032	369.281186740933	3.77336630914379e-09	3.39144896040344e-08
8034	8.20887689782935	0.00463980588454321	0.00735391229706969
8035	4.61465742020549	0.0267284208476656	0.0361114134764423
8036	900.528755415595	8.51506874839069e-11	2.7106190318302e-09
8040	1.50344931503484	0.291498837259193	0.309472596000394
8043	1.78996992934962	0.220795682617023	0.24110855976044
8044	115.945313710536	3.32955602064427e-07	1.32089486338085e-06
8048	6.02929475465277	0.0125320691753176	0.0181573986608137
8049	69.6890956143622	2.33300623118036e-06	7.49777314556768e-06
8051	2763.68548776782	1.00260131910841e-12	8.48343944725585e-11
8053	21.9380717469679	0.000171491912006805	0.000367491532133252
8054	2.35491216968967	0.132661399853218	0.152662419143309
8057	1297.7325750961	2.00402674746064e-11	1.00591952756011e-09
8058	18.2281880126734	0.000332184979214596	0.000669228446220426
8060	1.35463647617718	0.33830253073243	0.354335258979343
8061	346.594965636125	4.82685747331707e-09	4.0959135837331e-08
8063	12.7763709072523	0.001141100352906	0.00205183284464548
8064	76.6840443953933	1.62087996806833e-06	5.43013125049137e-06
8066	20.7977491565198	0.000207706820945936	0.000437343583527471
8067	87.7213041124119	9.03221709778008e-07	3.23054479892219e-06
8069	31.3860678550016	4.65074481304058e-05	0.000112159452474102
8070	60.7711354765025	3.92326503455429e-06	1.19105580726115e-05
8071	4.17384475230413	0.0349505840530636	0.0461874853516946
8072	152.571372964065	1.15709509764497e-07	5.16463772671527e-07
8073	50.4324503370161	7.93537013349976e-06	2.24563771145337e-05
8075	3.13043058295237	0.0701248328326311	0.0862436430373077
8077	5.63042654097715	0.0152369607893121	0.0216319555980575
8079	12.1957371000425	0.00133588163354744	0.00236828102828539
8084	3.4854304879081	0.0552100979474422	0.0697099573955873
8085	15.5081072798632	0.000580741555548831	0.0011157094497294
8086	531.992320771901	9.12836649931883e-10	1.13825925843085e-08
8095	98.0989192630656	6.32311169546664e-07	2.35788241006774e-06
8097	291.555694242834	9.44363916042979e-09	6.09926746356921e-08
8098	5.59770728465778	0.0155590417921394	0.022041665758154
8099	2763.68548776782	1.00260131910841e-12	8.48343944725585e-11
8100	78.9626910799151	1.44963236094658e-06	4.91480965877882e-06
8101	5.00943023711001	0.021051416192796	0.0290173465464116
8102	256.773489498908	1.5454950683454e-08	9.17231191363705e-08
8103	853.853330381293	1.32444497895834e-10	3.11297127395645e-09
8104	355.679655170544	3.34843550328552e-09	3.12327298991498e-08
8105	7.46146174222258	0.00628009136621022	0.00969176163680645
8106	71.0451778817138	2.16809445942012e-06	7.02495814176443e-06
8107	573.09477424353	6.62079497095658e-10	9.40406921174481e-09
8110	11.0402533955345	0.00186524687459754	0.0032284796137467
8111	168.552684111596	7.87779773437757e-08	3.70025344811406e-07
8114	2.0611428181904	0.171791176541839	0.192166031852183
8115	33.218801522598	3.65565205451704e-05	8.98813911120981e-05
8116	9.14676824303194	0.00326902643792566	0.00536058792686425
8118	8.3858652294199	0.00456368893818961	0.00725267764445857
8119	558.611029326935	5.83643663648752e-10	8.59616598474158e-09
8121	35.4196300691708	2.62217129431879e-05	6.64575120934968e-05
8122	4.963574202567	0.0218736570628145	0.0300040923536476
8123	218.033380642317	2.91198457554509e-08	1.56229027544869e-07
8124	1.85174638104291	0.208308471209325	0.22923634909377
8125	7.58948043366124	0.00624371573281714	0.00964567769574228
8127	1.48494851260486	0.296898487205287	0.314641213046504
8128	292.06897872972	9.37942210418901e-09	6.09926746356921e-08
8129	10.6635499762149	0.00209310244396358	0.00360181457745389
8130	0.771839072118837	0.613696151878055	0.620929673312901
8131	4.8340944303486	0.0235356289536161	0.0320979807258273
8133	2.48002296693996	0.119324463594956	0.138875629567211
8134	176.038385480632	6.66063289098289e-08	3.21261633658727e-07
8135	2.25383561120424	0.144775199135856	0.165349692341241
8136	12.9332341096472	0.00109470012495561	0.00197619897595614
8137	22.7476485824684	0.000150505080243037	0.000326894605896409
8140	13.1527931409022	0.000961083264575898	0.00175694326422316
8148	1013.75037841675	5.32836819641701e-11	2.03612418241148e-09
8149	133.378529160802	1.94260790389289e-07	8.14165344969931e-07
8152	27.6175335529995	7.43844773928125e-05	0.000171966924120854
8155	16.4273643737577	0.000479121247218189	0.000935344478336629
8156	531.992320771902	9.12836649931879e-10	1.13825925843085e-08
8157	1.57013698186672	0.272946833842588	0.292133013525415
8158	15.960002901528	0.000530005125356635	0.00102723179237151
8159	72.7485547044243	1.98114250274286e-06	6.4723149717297e-06
8160	120.272117636909	2.89218743006013e-07	1.15981219690224e-06
8161	20.393873592029	0.000222805734156063	0.000465495013547217
8163	7.18385479550152	0.00731447639022219	0.0111515170294173
8166	304.454236538956	7.9836225457923e-09	6.02382118964685e-08
8168	6.60363816054705	0.00955840292051285	0.014214014686969
8171	377.665968244554	2.70973158780969e-09	2.6484719793064e-08
8173	256.584799493631	1.54990477945497e-08	9.1892752839958e-08
8174	44.0970474162856	1.31387311319045e-05	3.5384852565804e-05
8175	44.0931200069688	1.31431159285445e-05	3.5384852565804e-05
8182	367.181654842228	3.85786520856279e-09	3.43611062110036e-08
8183	4.90645988233103	0.0225880990925467	0.0309267940187596
8184	8.87679096163513	0.00380610712406821	0.00615272175105241
8186	176.083360542906	5.33021211264327e-08	2.64412448435395e-07
8188	363.883000073281	3.99548469772829e-09	3.51772126656444e-08
8189	12.4580707120812	0.0011588856228699	0.00208128548946587
8190	11.3156824893228	0.00171809018617519	0.00299141295151225
8192	272.310173970089	9.59736160061878e-09	6.09926746356921e-08
8193	8.11168265330142	0.00506961593668343	0.00797962667897314
8194	322.460028424371	6.3879062470174e-09	5.06826726066208e-08
8196	7.83599649499729	0.00565121759093224	0.00882006898315986
8197	17.2549281900177	0.000403176354874797	0.000797866204451529
8200	50.8142357018583	7.71315523433736e-06	2.18588605038183e-05
8201	10.08359657233	0.00250260054967193	0.00422304930362018
8203	221.532882872181	2.16242899207597e-08	1.22331107163955e-07
8204	476.408108839065	1.40215483999082e-09	1.60018557172748e-08
8205	69.6159971351602	2.34233594262589e-06	7.52367450551689e-06
8206	58.1238976604087	4.34615553948271e-06	1.30605171285419e-05
8207	5.45249688432244	0.0167792030716509	0.023612074077783
8209	3.14124639770462	0.0708013932099639	0.0869854080030318
8211	1.22376122727969	0.386445024284666	0.40050986506353
8212	17.2650781152557	0.000402342589228284	0.000796482338235002
8214	27.05053271103	8.02429803406017e-05	0.000184717906162994
8215	5.549026665775	0.0159553521238198	0.0225545466895906
8216	1.98005838995204	0.184947112207825	0.205639524236333
8220	5.05067906355163	0.0208374667565163	0.0287491999997312
8221	23.8238623408303	0.000127351259385263	0.000281170926465775
8223	50.1057971938547	7.02677357917041e-06	2.00383148336189e-05
8225	41.8578290178813	1.5968073485065e-05	4.22522251604554e-05
8229	131.133247106072	2.07382396822822e-07	8.61983113250226e-07
8231	1607.25444884604	8.58874797807121e-12	5.29907857022039e-10
8234	2.38034938223909	0.129808673276229	0.149816206511128
8237	4.22492189192128	0.033850129509282	0.0448834378964578
8239	691.85681838979	2.52957114939619e-10	4.68207809933551e-09
8241	493.742033810117	1.22021801020201e-09	1.42833029138863e-08
8242	86.8258362169739	8.66870609645711e-07	3.11936489728526e-06
8243	155.334909817015	1.07968196797532e-07	4.87792242282063e-07
8244	125.480966937564	2.45703149046634e-07	1.00365500124359e-06
8250	6.85941128998259	0.00852051277438635	0.0128284181908211
8251	587.50797606729	4.61261249149028e-10	7.26609143273855e-09
8252	913.90076875219	1.02826600096621e-10	2.7106190318302e-09
8253	27.9913779285369	7.08138317435843e-05	0.000164482480555784
8254	1.92918319623593	0.19381685618306	0.21465542991254
8256	73.0835535527522	1.9467896889122e-06	6.37767440676271e-06
8260	374.544403855996	3.57153584625808e-09	3.27581913613789e-08
8261	58.4734523967379	3.88720385319903e-06	1.18131905708044e-05
8262	371.407124564457	3.69016005135198e-09	3.35742211738214e-08
8263	3.37961058119322	0.0595061804503109	0.0744047090578829
8264	2763.68548776782	1.00260131910841e-12	8.48343944725585e-11
8266	304.58443346929	7.97038899751689e-09	6.02150689187405e-08
8270	4.70507565165467	0.0253512190901674	0.034384078468299
8271	2517.12665797219	1.45202132493392e-12	1.16220571724103e-10
8273	2763.68548776782	1.00260131910841e-12	8.48343944725585e-11
8274	27.8616679658516	7.20278161674814e-05	0.000166844253093466
8276	5.24566797209931	0.0185823701991458	0.0258729145955667
8277	16.3496289312136	0.000487145263688595	0.000949444355652368
8278	272.310173970089	9.59736160061878e-09	6.09926746356921e-08
8280	34.8773565151748	3.14932865593508e-05	7.87066397852467e-05
8284	1.68398539126894	0.244332917022116	0.264181063804672
8291	11.6402140943848	0.00156289197617237	0.00274363046083846
8292	68.4295388809449	2.50053344826629e-06	7.99280065519765e-06
8294	49.698489939751	8.38563166272943e-06	2.36065096665144e-05
8295	3.70437715345985	0.0474755910482353	0.0608917119486136
8299	6.3970519175052	0.0101323736202928	0.014977301959819
8300	68.0121384563252	2.19520600351882e-06	7.09727355831986e-06
8301	602.739013334746	4.16868284168518e-10	6.75372828383149e-09
8303	17.7011646482083	0.000368477673554754	0.000734846215644716
8304	117.287850890899	3.18546068930884e-07	1.26627407132727e-06
8305	222.142914340616	2.7089139642421e-08	1.46931294965256e-07
8306	1164.74210008838	3.07504951896121e-11	1.37830338658356e-09
8307	20.6516656436657	0.000213015350055442	0.000447090686881071
8308	14.4525501443572	0.000747988438296222	0.0014002324652429
8310	6.58201993852579	0.00937232733024332	0.0139653571766116
8311	1.25302212734328	0.375065860405347	0.390081666581364
8312	23.4878849102104	0.000134066591671836	0.000294429522607447
8313	6.03177707309213	0.0125169001285209	0.0181487391581957
8314	83.4669727211833	1.08205415447501e-06	3.78335699938342e-06
8316	2.84414193830176	0.0888380309596159	0.106322016038352
8317	2.88104549286787	0.0863126248109118	0.103634639520582
8318	75.3805059585922	1.73032931031132e-06	5.72875377583788e-06
8319	2.44190472535489	0.123207799742029	0.14283808922921
8320	747.970503061702	2.12126644566952e-10	4.17511082070569e-09
8321	13.0178482531361	0.00107065336631494	0.00193869761194846
8322	116.367180061174	2.69760865132693e-07	1.08990013927759e-06
8323	272.310173970089	9.59736160061878e-09	6.09926746356921e-08
8324	6.6235089638944	0.00947229113992951	0.0140965779954278
8325	1.89848324927759	0.199414219928098	0.220319049549361
8327	123.557269323093	2.60747827324018e-07	1.05781464468504e-06
8328	1.27338307875741	0.36618032700253	0.381644567453103
8329	10.3072774170614	0.00234163428777281	0.00397862876835295
8331	3.35509553708129	0.0605597840152038	0.0755785083695853
8333	56.109183538309	5.30653196504449e-06	1.55983071111457e-05
8334	189.463716884484	5.01372069382309e-08	2.51450191951856e-07
8337	2.70086295540388	0.099544260695524	0.117995862632495
8339	436.954350656947	1.96227668215183e-09	2.06439871907376e-08
8341	7.64165814356653	0.00611204580610091	0.00945212723486572
8342	5.77407047091976	0.0142223738774152	0.020327973087821
8346	3.6537976126326	0.049136529093596	0.0628044155851033
8350	1.70553030118963	0.239318973553512	0.259090893869028
8351	7.25315463073898	0.00718346055591271	0.0109630602609304
8352	303.795029041951	8.05105136045941e-09	6.05926012808146e-08
8353	22.5017622417936	0.000156520295995158	0.000338717469192299
8355	9.46304037980928	0.00309639656298585	0.00510446502290757
8356	13.5011243398719	0.000935805075740897	0.00171868944608165
8357	5.38072112746096	0.0169341996107793	0.0237849808619032
8358	1.79558272512711	0.219625322777195	0.240051815244386
8359	266.948941203852	1.32935846188982e-08	8.09228177777325e-08
8361	97.7363309717203	6.41346458192399e-07	2.38761475290608e-06
8364	26.797134704533	7.72038060305119e-05	0.000177929238567596
8366	51.6525599460081	7.00150152000771e-06	1.9985490844822e-05
8367	9.38850687118441	0.00317683118655412	0.00522096867867926
8369	1.3846860749709	0.32820829351445	0.344676901150016
8372	237.98129618784	2.07473965724218e-08	1.18043424514045e-07
8374	58.1962718926089	4.21063754217574e-06	1.26983738097286e-05
8375	1.79933125759913	0.217538877903775	0.238034874159257
8377	688.721574280009	3.11577720988787e-10	5.51171940720359e-09
8378	378.084923598373	3.44335901156265e-09	3.18672116023212e-08
8380	8.60344477882584	0.00420657076796439	0.00673574443326658
8381	35.4286804993827	2.971406680422e-05	7.45747532548285e-05
8382	58.3774744667245	4.56798853723587e-06	1.36234622890474e-05
8383	2.28673276634994	0.140690893081832	0.161057626541108
8384	5.32973268904316	0.0179052368230788	0.0250183339710063
8385	2.46770542596682	0.12056282084001	0.140155758161998
8386	4.05636835431766	0.0376553504658194	0.0495187923643535
8389	159.302841053578	9.79553757267087e-08	4.48715924539285e-07
8390	23.6192490498	0.000131389220490299	0.000289085569451725
8392	1082.50042913006	4.1093422086625e-11	1.73854527870771e-09
8394	14.4918176457717	0.000741013258998266	0.00138761351028983
8395	11.7872666713792	0.00149837071244724	0.00263426824868655
8397	1.50833846392652	0.290090665292263	0.30825385908254
8398	2.28037329214752	0.141469468824451	0.161823805300738
8399	20.1737369769582	0.000217724998937259	0.00045632879288938
8400	10.3179218446576	0.00233368842185043	0.00396740428318602
8402	3.25092131363124	0.0649935109803842	0.0804843331668023
8403	7.9015820433672	0.00550558038285887	0.00861091962177795
8404	732.702077913205	2.01221970054192e-10	4.09566229770097e-09
8405	60.9803684116533	3.46572174736378e-06	1.07081220185893e-05
8406	272.310173970089	9.59736160061878e-09	6.09926746356921e-08
8408	0.949011146216863	0.512590267758198	0.522649708371804
8409	72.3505263968888	1.71039111247827e-06	5.67225451243495e-06
8411	113.977958099755	3.55583785815787e-07	1.40314641131706e-06
8412	107.793818873248	4.40523820649428e-07	1.70872468219159e-06
8413	76.0455891074103	1.67336479940738e-06	5.57443178115295e-06
8414	44.0743912804739	1.31640511085935e-05	3.54251134557926e-05
8416	8.39671133974926	0.0045450073919601	0.00722686678726971
8417	57.7034561713339	4.60114791437673e-06	1.37016586711178e-05
8418	8.97191711809873	0.00367803459582181	0.00596359127047702
8419	84.509491489801	1.11867946357118e-06	3.89990492214957e-06
8420	187.745505729415	4.69781428263794e-08	2.37415989727513e-07
8421	18.0916870154451	0.000341137319285613	0.000685166613132819
8424	24.8921961667982	0.000108624553357294	0.000243429144735245
8427	418.164005448794	2.32786779488504e-09	2.34489131787485e-08
8428	1.41865867824261	0.316392335370405	0.333632112285108
8429	139.16475836664	1.6494875618553e-07	7.06429127177797e-07
8430	677.458031637037	2.62597684915385e-10	4.80051261652414e-09
8431	2.59374733820214	0.108592989689921	0.127694317636172
8432	2.75402077123151	0.0953967797367604	0.113529259871576
8435	108.640137481124	3.73453525219238e-07	1.46487763567784e-06
8436	37.6845238726145	2.36249016092755e-05	6.05758840830038e-05
8437	2.90115678502128	0.0849734590295872	0.102296300372407
8438	6.54202339613322	0.00983171712973859	0.0145838368543555
8439	6.0331349033337	0.0125086123588785	0.0181411633206752
8440	6.06809116363894	0.0118377190601825	0.0172569062253166
8441	2.36618813451329	0.130513608155174	0.150483181059586
8445	1.38095256036942	0.329443967969015	0.345913246282658
8446	21.2532028812745	0.000192188183686121	0.000407615286071987
8450	2441.44775476658	1.63875717954104e-12	1.19831589807674e-10
8453	8.86968227376754	0.00381590070858926	0.00616687036752366
8456	6.14338022843974	0.0114017335041162	0.016670567154994
8458	205.556553601596	3.65787070152575e-08	1.90886063128961e-07
8459	2763.68548776782	1.00260131910841e-12	8.48343944725585e-11
8460	159.670448346521	9.70879272216301e-08	4.45086527038479e-07
8461	9.12515776110319	0.00348286914979666	0.00567511251010884
8462	16.4671318519476	0.00047508050703694	0.000928983132110267
8466	306.596722025315	7.76931562869392e-09	5.92194484009085e-08
8467	5.46934601225765	0.0166316390341497	0.0234266820450104
8468	6.05839707448633	0.0123556636563908	0.0179413081237565
8469	576.308294005492	6.68643445235288e-10	9.42946458602056e-09
8470	493.334935600601	1.22413868748774e-09	1.43009338185205e-08
8472	9.32032032806256	0.00325272345189876	0.00533976746274844
8473	83.8379702739885	1.098254235844e-06	3.83547160312737e-06
8475	137.008824941809	1.75174250229635e-07	7.44836384860108e-07
8476	76.3375098744489	1.61910727050276e-06	5.43013125049137e-06
8477	7.90930415021246	0.0052572299181786	0.00825300100857987
8478	3.52641191978974	0.0535013112635562	0.0677256393703875
8479	834.601353523742	1.15550526173321e-10	2.93300328996368e-09
8480	19.3379646739597	0.000269331240905993	0.000553713620231237
8481	1106.64699273416	3.76562796755491e-11	1.60459096775739e-09
8484	410.299220284076	1.9053308395805e-09	2.01871013983643e-08
8488	42.816775410875	1.46710455621467e-05	3.90546529728517e-05
8492	1.64251781389921	0.254332246480192	0.274042185901797
8493	1.10149443703867	0.438123683899839	0.450521975649088
8494	818.838489932961	1.36330280836527e-10	3.16831792518766e-09
8502	3.85040279530672	0.0430559755033604	0.0558398386044238
8503	28.4997168352537	6.62968267071904e-05	0.00015502412340572
8504	8.34467867289392	0.00457877310016845	0.00727079707032111
8507	5.45648522805462	0.0167441260864004	0.0235683124547884
8508	428.767502364946	2.11197849388606e-09	2.19076157955992e-08
8510	243.19689180135	1.90760842457339e-08	1.0969674464804e-07
8513	161.371746859145	9.31967313004796e-08	4.29575283651938e-07
8514	3.31063130852636	0.0625302463027883	0.0778081195065999
8515	4.53318434256229	0.0280500577053105	0.0377635456635059
8518	29.1249221683431	6.12260130193437e-05	0.00014407694680714
8519	272.310173970089	9.59736160061878e-09	6.09926746356921e-08
8520	20.7160244718825	0.000210655868338382	0.00044260897771133
8522	0.805797232296412	0.593132151399445	0.601561940537485
8523	5.31193591592068	0.0174740288997195	0.0244735571466159
8524	17.8406909396887	0.00035840399365148	0.000716929028840836
8525	2763.68548776782	1.00260131910841e-12	8.48343944725585e-11
8526	3.72138776555024	0.0469326784985588	0.0602606231838204
8527	62.1319841059017	3.0778544195785e-06	9.62520154549286e-06
8528	21.2471444691981	0.000192384868736179	0.000407836641919967
8529	6.96207003912482	0.00814382699939884	0.0122956633488247
8531	62.9823482626817	2.9208722552268e-06	9.19252198071644e-06
8532	55.3309316662911	4.80573097381145e-06	1.42464186976403e-05
8533	5.52995225054416	0.0161140708179041	0.0227571868036352
8534	30.6937421138428	4.48761917445446e-05	0.000108446219381044
8535	18.0121088488207	0.000317054884970661	0.000641583902863417
8536	401.765880070739	2.18213155792314e-09	2.24778525523108e-08
8537	28.9930810057122	6.22536571283524e-05	0.000146320798083822
8538	7.44750507378227	0.00662041328529939	0.0101534717474957
8539	9.07420142265831	0.0035462931309399	0.00576418611815505
8543	75.4993467818757	1.66893338744668e-06	5.56593043572449e-06
8545	8.36018628078635	0.00437571539057033	0.00698392946870063
8546	107.574743659908	4.43976931154292e-07	1.71986616299992e-06
8548	12.1930063016905	0.00132263949269145	0.00234761573725246
8549	29.4690247120873	5.80768622920254e-05	0.00013748571357141
8550	33.9198575457939	3.49135852160829e-05	8.64881494081383e-05
8551	7.67657903187825	0.00599872643848626	0.00929386782504685
8552	33.1075591161184	3.70949954691898e-05	9.11296798689387e-05
8553	14.8017814314725	0.000636604969864805	0.00121163600144899
8554	2.47896660554367	0.119430057135024	0.138893427922786
8555	15.1171132497036	0.000640192050404314	0.00121728973179607
8556	1.59855311714672	0.265456959889694	0.2848372415628
8557	8.22367195451926	0.00485488310223676	0.00765587662794152
8560	2.10628639065648	0.164952754818614	0.185391872256291
8561	5.19095599059936	0.0187690579576375	0.0261205663259132
8565	3.99368595462498	0.0392050663643898	0.0512903213580352
8567	9.80011581506553	0.00276295213906445	0.00460984944216302
8568	8.36225692277937	0.00460468615656108	0.00730998555489447
8569	285.320279392778	1.02696976190073e-08	6.45726316320382e-08
8570	191.901627081495	4.52120169233603e-08	2.29666188882558e-07
8571	46.1799487008553	9.72156292233804e-06	2.70078879873397e-05
8572	26.0479597137262	9.2094833725615e-05	0.000209557318538923
8573	90.4777669493352	8.61796590653019e-07	3.10487907934174e-06
8575	20.918579480882	0.000203440968528119	0.000428971469060893
8576	1.70223422218024	0.240078194043941	0.25986534051942
8577	3.55751951708341	0.0514707867904686	0.0653928507421591
8579	18.050025996374	0.000314671723871712	0.000637196793330651
8581	1.47614418163086	0.299508071722007	0.317066364398472
8582	33.3338219824884	3.72386965879673e-05	9.14447760740177e-05
8584	3.06902703291302	0.0747357903815702	0.0915343437613814
8585	4.42211743483737	0.0299856415463036	0.0400823639988166
8586	36.3948636345968	2.6889875756237e-05	6.80054372776224e-05
8587	1.24500872648814	0.377871204123961	0.39279240821801
8588	7.10527828376378	0.00765249121476835	0.011616018827543
8589	5.11074138079563	0.020158484016669	0.0278937395936907
8590	6.04677049370979	0.0124257641549053	0.0180298385814562
8591	23.0552068760987	0.000143383864292421	0.000312803914623944
8592	169.561948551042	7.69826361480834e-08	3.63421343901363e-07
8593	207.552078113679	3.5236625159981e-08	1.8436972687506e-07
8595	2.2424719665022	0.146219252555373	0.16676079028789
8596	21.7754152311527	0.000176143244281904	0.000376369565613896
8597	124.048444376509	2.56798939414023e-07	1.04322367499949e-06
8598	52.4106880499291	6.86440241841359e-06	1.96319920445503e-05
8599	2.17240023614602	0.1555182646809	0.175889761639291
8600	122.482659897294	2.43238851953669e-07	9.95470523320768e-07
8604	13.7945932727263	0.000878133113361083	0.00162030605309585
8605	8.14911095645141	0.00474958686313088	0.00750581723327753
8606	90.7933161297009	8.50393790503097e-07	3.06566185097373e-06
8607	9.37911511463357	0.00301099365547571	0.00498090393056564
8612	10.8230952020406	0.00199054257313404	0.00343731302060435
8613	2.13530944629551	0.160728706686449	0.181125595453546
8617	1.12291229778262	0.428572752382827	0.441390438595633
8618	38.7147753588514	2.13678503273862e-05	5.51227253872423e-05
8619	5.69293110192678	0.0143618120417722	0.0204975934273294
8621	2.36574046804278	0.131437825472617	0.151401446961165
8622	7.17382844391097	0.00743044272643632	0.011302134634998
8623	222.233734112575	2.55704595325376e-08	1.40235029454834e-07
8625	2.29001299908815	0.140291328906434	0.160724476037294
8626	272.310173970089	9.59736160061878e-09	6.09926746356921e-08
8627	25.8111575481917	9.5209362043586e-05	0.00021622893074546
8628	20.9827599208947	0.000201219830220908	0.000424590329319002
8629	246.351559325979	1.70741094504729e-08	9.97336787723381e-08
8630	19.8498480217289	0.00024539247628081	0.000508914438729426
8631	13.1310803674267	0.00103950104646444	0.00188921899300672
8634	216.084762732978	2.94962886876014e-08	1.57535182954611e-07
8635	4.86464877565436	0.0231296298424923	0.0316024907859473
8636	2763.68548776782	1.00260131910841e-12	8.48343944725585e-11
8637	20.9892127105487	0.000200998202258052	0.000424273824652332
8638	2.89340256515172	0.0854867512626221	0.102782327244378
8639	8.04110237796272	0.00495633899924526	0.00780962912810047
8641	8.75711522917951	0.00397527859834154	0.00640173331647007
8642	76.6440997289827	1.62410247908134e-06	5.43785131916269e-06
8643	2.0259919640892	0.177352158107146	0.19778889709445
8644	296.419918950778	6.87031473281816e-09	5.35432554769499e-08
8645	263.428109928133	1.39957315546191e-08	8.44162097739401e-08
8646	186.388136455263	4.8512055869582e-08	2.44334104520012e-07
8648	8.37904342654704	0.00451608318654064	0.00719052707362371
8649	1.17337015038232	0.406820153649662	0.420009721120262
8650	26.1021884047173	9.1399678788888e-05	0.000208215499025609
8651	79.0780816228422	1.26106614963098e-06	4.34513950218983e-06
8652	39.6173918391911	1.83789685944756e-05	4.80399960216589e-05
8653	46.9547049532963	9.0048773928838e-06	2.52179143253195e-05
8654	14.8780523592876	0.000676572426587629	0.001279482274163
8657	114.119884230396	2.91094821641076e-07	1.1649693436352e-06
8659	46.53297182372	1.07393327149398e-05	2.95856128700411e-05
8662	13.0900175554212	0.00105066507878135	0.00190599977385051
8663	710.960302121309	2.16956029241768e-10	4.22707421447037e-09
8665	53.6606783429288	6.28043695153457e-06	1.81635879218453e-05
8666	2.19774383150575	0.152074840748933	0.172423292832299
8667	42.8854598463856	1.45833150794052e-05	3.88910289127947e-05
8668	0.933975963977	0.520562638498864	0.530504560879004
8669	2.00376831287112	0.180979257944478	0.20160300067092
8673	364.952829914747	3.02508418008014e-09	2.88063884222101e-08
8674	277.683931372665	1.14090882386577e-08	7.04650986835968e-08
8675	2.2403595458476	0.145084456171122	0.165609004042798
8676	199.834659016056	3.86334218152021e-08	1.99847823066762e-07
8677	670.509815792079	3.45036608337279e-10	5.94843335385261e-09
8678	3.05594920745847	0.0754767879716614	0.092245144064001
8680	2.50008105931497	0.117340868249937	0.136839921764989
8681	4.04017865306943	0.0380482123488231	0.0499577835828152
8682	4.2606820254862	0.0331052457990823	0.0439449508892794
8683	2.83436735456248	0.0895220666872449	0.107075767566347
8684	70.7612293989197	2.20138171743426e-06	7.11335728988713e-06
8685	531.992320771902	9.12836649931879e-10	1.13825925843085e-08
8687	1.64426126979809	0.253545319416723	0.273293708263011
8689	35.9549869099977	2.47806749644287e-05	6.31022948470813e-05
8690	322.460028424371	6.3879062470174e-09	5.06826726066208e-08
8692	17.7041457296435	0.000367234424057538	0.000733107345363262
8693	2.88883300608448	0.0857910179209645	0.103054202692223
8694	9.91664295714141	0.00250498762993131	0.00422587346399406
8695	121.383376678881	2.79169761135243e-07	1.12408055418358e-06
8698	523.608827436953	8.66490003324322e-10	1.13825925843085e-08
8700	7.8190029206998	0.00568973773338211	0.00886617116412056
8702	9.63312060116766	0.00288207484066908	0.00478971079721745
8705	283.379258312988	8.20309616114335e-09	6.09926746356921e-08
8706	21.93159368558	0.000167666863457271	0.00036033774755349
8707	715.348627747339	2.1173871524148e-10	4.17511082070569e-09
8709	61.7875313166305	3.68426148063736e-06	1.12832889089013e-05
8711	19.7079449450993	0.00025175138761908	0.000520461943758399
8714	3.88241892892118	0.0416816463059123	0.0541998663161182
8716	402.419617802552	2.70228448781561e-09	2.64555884650115e-08
8718	15.7176563521385	0.000559065776434137	0.00107546170633952
8719	4.42323893503598	0.0299652802431507	0.0400641884605377
8720	11.4151089485815	0.00166856591180986	0.00291266764627793
8721	3.77061856837357	0.0454042221793661	0.0585137528216678
8722	30.3467564323026	5.26463407781885e-05	0.000125432130502498
8723	161.473492287511	9.29702835233064e-08	4.28865256470828e-07
8726	1.27318065754923	0.367437988247182	0.382887966992973
8727	2.16672243603544	0.156302541689168	0.176675563821554
8728	212.696623202121	3.20512861525548e-08	1.70096333355187e-07
8730	1.01316989016664	0.47985166833065	0.490874167793167
8731	176.523658349178	6.59017218358664e-08	3.18901877805422e-07
8732	63.7989482574536	3.26281118904734e-06	1.01553498017485e-05
8734	4.18661747355997	0.0346712756201961	0.0458594069924204
8737	16.0350753113154	0.000521389507890701	0.00101152638559994
8738	37.2087156143256	2.47682400505219e-05	6.30982705275248e-05
8739	0.699374134146964	0.659281169763628	0.665460526330942
8741	4.17706672090272	0.0346650947590858	0.0458594069924204
8742	3.58145873016128	0.0510080278404764	0.064860572971048
8743	290.667624228753	9.55605569092623e-09	6.09926746356921e-08
8744	10.031916935985	0.0025211887764051	0.00424957345550581
8745	4.24022902921137	0.0326562835365804	0.0433878796292431
8746	913.900768752187	1.02826600096622e-10	2.7106190318302e-09
8747	5.28208051241238	0.0183676420761794	0.0256040348357757
8748	2.91346063779946	0.0841667487326636	0.101386953984862
8749	2.98833633239908	0.0794553183040745	0.0963780156287187
8750	19.7123505447086	0.000251550874342629	0.000520228990478838
8751	5.96395634420595	0.012939735878945	0.0186749648174929
8752	13.0116024331804	0.0010724055826106	0.00194127697610103
8753	6.59607617303361	0.00926834362015596	0.0138278083783838
8756	538.459348060194	8.12754671481621e-10	1.08857070593093e-08
8758	3.56897900311048	0.0517288560114933	0.065692541628661
8759	68.9633378847045	2.42774929625388e-06	7.78114668923794e-06
8760	647.281925563787	3.96000035201073e-10	6.62572940253095e-09
8761	2.76665673245403	0.0944422216627496	0.112596875786728
8764	13.9696774791805	0.000840895509890868	0.00155790556930986
8765	8.80256067892535	0.00390994896195163	0.00630338260795849
8766	167.454354055967	7.73154084792074e-08	3.64311188880147e-07
8767	3.15844580470458	0.0699023137515617	0.086011660676412
8771	5.73299082423626	0.014520479812844	0.0207140659757887
8772	21.6776999022436	0.000179013801143571	0.000382089637539954
8774	287.89677216888	9.34109185994052e-09	6.09926746356921e-08
8775	34.686333494286	3.21408316549158e-05	8.02234074555694e-05
8776	1.20447519566365	0.394147975332655	0.407779643300492
8777	21.5890271240419	0.000181669732352856	0.000387200368739102
8778	1.10671204027532	0.435776938429166	0.44826446792566
8781	24.7828252535523	0.000110375285487572	0.000246885504510155
8785	2.78240273137506	0.0932690470279559	0.111332641182302
8787	272.310173970089	9.59736160061878e-09	6.09926746356921e-08
8788	1.41594549292678	0.318063855338673	0.335092887792771
8790	1.54533425326057	0.27968386757825	0.298265672968306
8791	1.50492060775653	0.291074256234384	0.309081620155743
8792	23.0343137843477	0.000140407332874963	0.000306649200817997
8795	25.0718358564518	0.000103174716067475	0.000232535709005957
8796	18.7395761916766	0.000301159471499851	0.000613400120252276
8797	6.94814766144526	0.00819367318082332	0.0123646181528705
8798	4.17686735715038	0.0348842350942678	0.0461203849248545
8799	8.80454373408092	0.00375075274455969	0.00607318439202489
8801	4.30113458913254	0.0320812616239114	0.0427197195589989
8802	3.66081901808215	0.0478373583133997	0.0613026121354968
8804	84.6191308608839	1.029740138651e-06	3.61752718934156e-06
8805	18.9782262903269	0.000287927697173511	0.000588473343809077
8806	4.58422874608942	0.0272127614578782	0.0367155321446498
8810	6.46484035415874	0.010188035031036	0.0150445603312955
8812	604.475575256837	4.50377150407817e-10	7.13257717076338e-09
8813	5.01171846625943	0.0211321551750365	0.0291150860901933
8814	7.52686944013271	0.00640643877267842	0.00986618222843844
8816	584.164478433254	6.3432667243848e-10	9.05329368880269e-09
8817	1.71315602789912	0.237573197177087	0.257483265668781
8818	1.97884904487028	0.185152265016528	0.205764699478021
8819	8.61619632586196	0.0041867470550434	0.00670762856559969
8823	913.900768752191	1.0282660009662e-10	2.7106190318302e-09
8824	36.0029851944094	2.79928616998757e-05	7.06140203783491e-05
8825	75.8147869975991	1.69286236481136e-06	5.62672490840498e-06
8826	913.900768752191	1.0282660009662e-10	2.7106190318302e-09
8829	17.7740370290883	0.000333042922766996	0.000670728742451179
8830	4.69100845049581	0.0255595746408261	0.0346270266691704
8831	8.40133186140573	0.00453707802965783	0.0072161958028097
8832	3.02900959562298	0.0770319241366875	0.0938613632301173
8834	16.711014632781	0.000451213512277329	0.000884360566915494
8835	272.310173970089	9.59736160061878e-09	6.09926746356921e-08
8836	50.3988844051111	7.95528924337882e-06	2.25019953144855e-05
8838	1.65953402186618	0.250172443011903	0.269903712196631
8841	4.43076615449034	0.029829064883632	0.0399271302385881
8842	2.3484325893174	0.133400187185822	0.153452963430108
8843	8.80454373408092	0.00375075274455969	0.00607318439202489
8844	38.8524700772428	2.10870788420669e-05	5.44695891764335e-05
8845	151.664152504179	1.18401993709091e-07	5.27289480254845e-07
8847	3.47406446491783	0.0556527248750252	0.0702071160821985
8848	3.50546940544938	0.0544402807745849	0.0687966253526491
8850	17.3816428676679	0.00039292079879136	0.000779393801487349
8851	2.74437357019224	0.0959462510197848	0.114114386504053
8852	13.0072233473437	0.00107363624757196	0.00194272508620159
8853	6.29168798240044	0.010613252145952	0.0156063288134245
8854	8.53432431799644	0.00431609748971153	0.00689620864083123
8859	9.08631241676306	0.00353108861122745	0.00574577962755499
8860	14.6168375653928	0.000694771360793622	0.00130930027679944
8861	105.531854896429	4.77873113303527e-07	1.83794964291999e-06
8863	2.12359918275909	0.162417199246805	0.182819663842423
8864	583.720976529159	4.73206177156886e-10	7.41481531031808e-09
8865	3.0567580733924	0.0754306954061068	0.0922138305243282
8867	854.718559221057	1.0526565359726e-10	2.73459853621303e-09
8868	7.47695795339278	0.00653997580564154	0.0100457149109997
8872	19.0052254628458	0.000280299555558405	0.000574269895389981
8873	213.443439545682	3.16194404850653e-08	1.68116648108655e-07
8880	0.600969898001291	0.724237668177973	0.728666503926981
8888	2.3448178247577	0.133814502715533	0.153870843873871
8889	22.4882894516775	0.000156858534727023	0.000339325456971569
8893	568.776260890123	7.03762215122679e-10	9.76202248283754e-09
8894	135.30759314661	1.83810469555127e-07	7.77094511902225e-07
8896	1.07890432938309	0.448434489147172	0.460165883440523
8897	1264.07762079032	2.22380605261841e-11	1.08856225203792e-09
8902	2.256016620771	0.144500018602391	0.165067234364891
8903	442.669577492862	1.86561334507101e-09	1.99819671661042e-08
8904	2.30494837988535	0.13848932595687	0.158905904231411
8906	37.2257916455491	2.4726020188348e-05	6.30982705275248e-05
8907	24.5498592592233	0.000114224156397077	0.000254820971126134
8908	33.1497351317704	3.80089740178339e-05	9.31432160147415e-05
8910	3.65415156761946	0.0491246578856182	0.0628027948751385
8911	462.440760091257	1.57414713799222e-09	1.73302481381561e-08
8912	160.722061636605	9.46591468004237e-08	4.35598916890386e-07
8913	59.3277687026165	4.11813897832029e-06	1.24638411694385e-05
8914	5.39984973866121	0.01725094338811	0.0241897106268408
8916	2441.44775476658	1.63875717954104e-12	1.19831589807674e-10
8917	27.658448500663	7.3982837659503e-05	0.000171172010725483
8918	0.823557025211769	0.58259391775113	0.591177621182105
8920	99.7466895048928	5.93208382066438e-07	2.22942464909868e-06
8921	14.1483336851863	0.000804918347171656	0.00149828138601437
8923	23.7915501704578	0.000127978459184999	0.000282315237896742
8924	466.619769894325	1.52003654110985e-09	1.70075308576323e-08
8925	2763.68548776782	1.00260131910841e-12	8.48343944725585e-11
8926	5.37616245686928	0.0168794204808806	0.0237249187252625
8928	272.310173970089	9.59736160061878e-09	6.09926746356921e-08
8929	7.48400902541518	0.00652090078547384	0.0100190130615724
8930	92.5794330903505	7.89302793107737e-07	2.87502352359796e-06
8931	3.0399109811908	0.0763979150750119	0.0931463258520576
8932	81.0538424375977	1.31202909986313e-06	4.49979638592316e-06
8934	18.2652992705225	0.000329802207741476	0.000664654126047214
8936	3.86746596673108	0.0425734752075482	0.0552988363276991
8937	4.79644216694634	0.0240482412669305	0.0327367807455825
8944	2.9432326629262	0.082253324737372	0.0993244530926512
8952	43.8762423372451	1.33881309771043e-05	3.59954152416653e-05
8953	4.18661391192078	0.0346713531170114	0.0458594069924204
8954	3.0266884167842	0.0771677558216502	0.0940075314133349
8955	5.77251156276897	0.0142335461564098	0.0203341278061784
8956	361.957320552189	3.22874139583604e-09	3.03552941072014e-08
8957	7.55319802153725	0.00633737255292091	0.00977252216374656
8959	2.76258153182986	0.0947487904844808	0.112836756026961
8961	45.3424413252578	1.18362580494243e-05	3.22475420546183e-05
8962	36.6098175079751	2.63080216922776e-05	6.66477384445509e-05
8966	150.080829233281	9.97350374877631e-08	4.55810669012362e-07
8967	9.13076233773399	0.00347598038664457	0.0056670057335799
8968	19.8621253159161	0.00024485183925429	0.000507971083678866
8970	1.61811379113576	0.260439150930751	0.279960270592167
8971	97.5681686763965	6.45591910980566e-07	2.40191010599114e-06
8972	4.42735859986424	0.029693653924107	0.039781839446389
8973	1.08211898370157	0.446735751385849	0.458581604065578
8974	287.348450987045	9.99139089119958e-09	6.30906271306771e-08
8976	10.8935156032671	0.00188929621971112	0.00326915030947969
8977	415.520436496716	2.38595688102623e-09	2.38716598079702e-08
8978	129.161200427898	2.19837789316753e-07	9.09287169080398e-07
8980	231.86107996099	2.24439993953787e-08	1.26605531827455e-07
8981	59.0935455102049	3.85934742332914e-06	1.17405828394343e-05
8982	913.900768752191	1.0282660009662e-10	2.7106190318302e-09
8983	1.51789082991423	0.287361766349836	0.305683143335144
8984	32.6303466930984	4.02928121225451e-05	9.81712571788707e-05
8987	56.4967642708871	5.17024573190598e-06	1.52355052089946e-05
8990	70.4052127208091	2.2440299473679e-06	7.24721340145043e-06
8993	2.43880788036024	0.123529998703701	0.143121391983034
8995	317.187589308474	6.42991281997027e-09	5.06826726066208e-08
8997	734.013991168117	2.42258088071634e-10	4.52648156355927e-09
8998	40.9428207973024	1.73427636598221e-05	4.55324420022722e-05
8999	655.259131461871	4.0568387017951e-10	6.66631308283136e-09
9000	2.35698335643347	0.132426295010692	0.152451106967606
9003	3.16775138959101	0.0694217424525393	0.0855387935399189
9006	466.487478381765	1.14772591793711e-09	1.35959612238831e-08
9007	8.18594050939829	0.00468155795390138	0.00741215390562895
9008	220.641861387526	2.7809609421534e-08	1.50563360698123e-07
9010	0.975568793698458	0.498787279141794	0.50936500937187
9016	15.0764654629084	0.000646201388131946	0.00122674705830305
9017	207.148894350084	3.55027333163106e-08	1.85598137186679e-07
9023	272.310173970089	9.59736160061878e-09	6.09926746356921e-08
9024	26.1737544050683	9.04923328534977e-05	0.000206386633612348
9025	104.467736262238	4.96818518673158e-07	1.90339979696062e-06
9026	2763.68548776782	1.00260131910841e-12	8.48343944725585e-11
9027	342.257996312597	5.06872227939836e-09	4.24902454926259e-08
9028	190.65597878739	3.90088431532714e-08	2.00912502605936e-07
9029	537.442466067916	8.7734947723947e-10	1.13825925843085e-08
9030	45.2287419690889	1.19482355972384e-05	3.25077627204606e-05
9031	19.4308122506505	0.000264778312799573	0.000545299703307326
9037	7.12070994346294	0.00756501976592389	0.0114900480746137
9038	6.73147644795069	0.00902099988755811	0.0135054332110329
9039	29.7404872383181	5.04861223177058e-05	0.000121211715641577
9040	1.58910734284936	0.267920021785104	0.28732397049306
9041	34.4440484287136	3.2986400212209e-05	8.2126291911271e-05
9042	2.71915270525629	0.0980927920983187	0.116363630602512
9043	75.565199869022	1.71426910973968e-06	5.6819339322821e-06
9046	89.2659492191355	9.07413532693343e-07	3.24357897051459e-06
9047	43.3349539315292	1.40251520224246e-05	3.75886766646248e-05
9049	1.23595645576508	0.380722410341331	0.395270611122122
9053	28.0736301193754	7.00573133471436e-05	0.000163237398487463
9055	11.6185199777959	0.00157270343305921	0.00275840166834756
9057	167.250513800527	8.11727985217059e-08	3.79468418030043e-07
9058	6.01417134301754	0.012624984100799	0.0182652127086059
9059	7.6247845179825	0.00615424242258285	0.0095148989477834
9060	22.4174361894939	0.000158652513763415	0.000342580692315242
9061	10.4586849653801	0.00213661270244236	0.00366709853276328
9062	10.0116728636737	0.00257651174615271	0.00432927065885461
9066	95.3524010387346	6.69192350982118e-07	2.48192003435634e-06
9067	8.25704950603101	0.00479309751401218	0.00756650228557946
9068	607.146931803291	4.0502940227684e-10	6.66631308283136e-09
9069	30.5817610672708	5.11731869411281e-05	0.000122430525280625
9070	40.2741723871468	1.61398527330979e-05	4.26578972503966e-05
9071	3.93553829686711	0.0407140978563918	0.0530903534562808
9072	3.90161005812596	0.0416279563421202	0.0541419379478213
9073	0.894387160712213	0.542101092926772	0.551316066862168
9076	11.3241271120806	0.00171381287542535	0.002987320088624
9077	1.21314424299434	0.390665333658136	0.404529855114885
9078	2.93379346018834	0.082854132094339	0.0999480701415009
9080	36.9065962456459	2.49574249542377e-05	6.34705143855517e-05
9085	3.37669374151936	0.0584616297953014	0.0732642556774442
9086	4.69243102507901	0.0255384075180856	0.0346141848351536
9087	1.03884163173341	0.46732895330293	0.478642467648842
9088	9.18962449380362	0.00340465258769289	0.00556143333615692
9089	37.9372310820248	2.3044591843195e-05	5.92418044649497e-05
9090	1.56183840865578	0.275179930296575	0.294204102373035
9091	1070.25773131965	4.29862827876073e-11	1.78047379686013e-09
9094	0.901086596146042	0.538400635198438	0.547834901611467
9095	1.12248791151085	0.428759894862185	0.441506407731001
9096	153.682174686183	1.12516692637747e-07	5.03731194628402e-07
9097	2.54477519380907	0.111860401615069	0.131119960175352
9101	7.81044800785296	0.00570925402659614	0.00889190418078593
9103	2.26743579914187	0.143069526132443	0.163496199745796
9104	58.9191062901399	4.41109262408645e-06	1.32307307136627e-05
9106	73.2527521225056	1.73718168166218e-06	5.74293346178678e-06
9108	1.86482619134073	0.205772764987618	0.226625527523551
9109	3.79034138689481	0.0448092430533846	0.0578350722608841
9110	9.51017173607294	0.00304684915026373	0.00503108099163983
9116	9.43072563786023	0.00313095250268366	0.00515634762782152
9119	3.90923829321487	0.0414202885002991	0.0538955115965008
9120	5.04146030938898	0.0209441923821097	0.0288762689663025
9121	640.252023848166	4.13261871295401e-10	6.72458808704028e-09
9123	1.15465963356746	0.414811508434391	0.427961777470283
9124	83.1171918395093	1.19196298261095e-06	4.13106889760365e-06
9125	484.656089138333	1.21221929476628e-09	1.42177720453479e-08
9126	7.6449047049097	0.00598833903573908	0.00928020201692376
9127	128.11492476019	2.26828050994674e-07	9.33636237693852e-07
9129	3.41564418401241	0.0579983301329895	0.0727805316478171
9131	55.8801230263925	5.38920158687376e-06	1.57786658423397e-05
9132	10.2756290025051	0.00236546050744026	0.00401450503884489
9133	302.574709266936	8.17777397523665e-09	6.09926746356921e-08
9135	43.2271110551423	1.41565849173737e-05	3.78894950138294e-05
9136	11.6438342048836	0.00156126221654818	0.00274158200670468
9138	657.03166522051	3.24269720065714e-10	5.69925683070985e-09
9139	6.38185869575889	0.0105893323480543	0.0155788910823462
9140	6.67283148128305	0.00926270548404213	0.0138228784535101
9141	93.4502392623609	7.61518033073608e-07	2.780808452463e-06
9143	123.458765664467	2.14112927968448e-07	8.88254882072132e-07
9145	6.80686235508603	0.00872177168332398	0.0131047827702506
9146	4.59238594528121	0.0270818562430985	0.0365555684885763
9151	4.19442346839724	0.0345019431765467	0.0456761308526343
9152	9.09628810836148	0.00351862615003743	0.00572864834707853
9153	1380.5843458943	1.56838120415355e-11	8.60140914092727e-10
9156	14.5706029985521	0.000727262921589691	0.00136315768499232
9157	6.60474780672569	0.00954082602401271	0.0141914396133167
9159	105.105086634581	4.8536032047015e-07	1.86553483331908e-06
9162	174.310415958289	6.91934402449227e-08	3.31044221785684e-07
9163	282.39685030947	1.06882171794072e-08	6.67788083899035e-08
9164	1136.25366599062	3.39184989283802e-11	1.47720050847644e-09
9166	2763.68548776782	1.00260131910841e-12	8.48343944725585e-11
9169	411.235058844429	2.48404652253501e-09	2.46036915601586e-08
9172	126.764900930656	1.93103879985414e-07	8.10598356593626e-07
9173	938.085046154186	7.24357921408536e-11	2.45164112485872e-09
9176	342.679213566721	5.01034908977232e-09	4.2094039232229e-08
9178	47.2388594692586	1.01489713272269e-05	2.80505633089897e-05
9179	310.771209389777	7.37210723384022e-09	5.67077807091372e-08
9180	12.247429360091	0.00131692760177096	0.00233887921597883
9181	3.33627157990028	0.0613844774608702	0.076510997474902
9182	212.40561950754	3.22215632234343e-08	1.7070511535993e-07
9183	107.688274461499	4.42183206644661e-07	1.71403869957875e-06
9184	531.187993177874	9.18225446723665e-10	1.142573386753e-08
9188	4.66789169361648	0.0259066229393084	0.0350571002215041
9189	46.7043410632537	1.02207258276505e-05	2.82357085248012e-05
9190	7.73767443447066	0.00581119763661823	0.00902930839498682
9192	819.52913466404	1.23646756469223e-10	2.9854760785806e-09
9193	22.9115349178094	0.000146656548112019	0.000319120769459033
9194	1.96929409760456	0.186782745273019	0.207446877977141
9196	9.79748168948418	0.00260738342815463	0.00437493825636258
9198	776.366586414071	1.94557735728223e-10	3.98742376719123e-09
9199	35.1869123631619	3.04783265003314e-05	7.63311322881449e-05
9200	11.1221360640802	0.00181990076959674	0.00315367824994778
9201	67.9037143925968	2.57493021417546e-06	8.20845622096945e-06
9202	272.310173970089	9.59736160061878e-09	6.09926746356921e-08
9203	3.36968990527556	0.0599297990219394	0.0748869619423939
9207	53.0078262945911	6.57729156776724e-06	1.89204943933392e-05
9208	15.812841287139	0.000547418931706158	0.00105648821521524
9209	5.09973842162172	0.0202807799828835	0.0280399299343182
9211	315.308650758946	6.96885740872909e-09	5.40976965031486e-08
9215	592.787786819627	5.69339289882441e-10	8.43049153493424e-09
9216	1563.46915905436	9.58183576094616e-12	5.73264779920041e-10
9218	2.12229326638181	0.162606817040659	0.182998323642756
9219	43.6748365624656	1.18644796709946e-05	3.23095692373799e-05
9220	369.281186740934	3.77336630914375e-09	3.39144896040344e-08
9224	107.258293440785	4.49025143562076e-07	1.73601561704842e-06
9225	0.954471562698243	0.509723193948308	0.519815853608097
9226	2.83627560528951	0.0893880189417013	0.106937030133649
9228	3.51651843134249	0.054021500096005	0.0683385001187419
9230	180.369842485861	6.06356313171502e-08	2.9681392090205e-07
9231	209.689206355981	3.38671745805242e-08	1.77832690638692e-07
9232	8.53638663313608	0.00431277821746965	0.00689386998757835
9233	6.67727202491806	0.00885968384341626	0.0132951374219799
9234	2.28717278326897	0.140268181810396	0.160724476037294
9235	231.846571097058	2.29559317055773e-08	1.29001881871095e-07
9239	109.670688091674	4.12280196833217e-07	1.60548034572199e-06
9240	42.1798957902631	1.55169626426193e-05	4.11585175692943e-05
9242	17.0732430424697	0.000418474588064694	0.000826208328369062
9245	12.4526184265935	0.00124493801728204	0.00222302317647317
9246	29.3549641370925	5.94834277981695e-05	0.000140534640147011
9248	100.176817392454	5.83504780526316e-07	2.198536141894e-06
9249	4.43299008209852	0.0297889674325381	0.0399005097473819
9250	2.81757000078811	0.0907127250196208	0.108477987137334
9252	14.8213490190874	0.0006855796011041	0.00129392991545091
9253	1162.84545954122	3.09495779867656e-11	1.37830338658356e-09
9254	1.59346671437222	0.2663390001395	0.285680169834527
9255	215.520581590721	2.88071872685248e-08	1.55113609264975e-07
9256	2763.68548776782	1.00260131910841e-12	8.48343944725585e-11
9257	54.1426622324032	6.07201550797688e-06	1.76534616804381e-05
9259	400.062222238625	2.10519504754252e-09	2.18755618712181e-08
9260	0.948724412478849	0.512741238207638	0.522713658159009
9261	922.791844530442	7.73051880957663e-11	2.6015831198365e-09
9262	324.192900905184	5.88978492977924e-09	4.79851391184077e-08
9263	3.93568801395027	0.040710120721852	0.0530903534562808
9265	0.594472716294273	0.72864063193343	0.732598618730556
9266	176.700399672008	5.36733856456994e-08	2.66031349940985e-07
9267	2.01126343479012	0.179746159984988	0.200345597589591
9268	182.761763718533	5.76259018048539e-08	2.83251631859045e-07
9269	12.9411423105403	0.00107386154520074	0.00194272508620159
9270	4.99229419147098	0.0208561792037195	0.0287683161210131
9272	6.77480740067616	0.0088474653404419	0.0132801665513019
9275	77.6927827924597	1.298279814563e-06	4.45522093954616e-06
9277	16.1396051755666	0.000503348808348457	0.000978128278165324
9278	14.1514707807567	0.000804304049651543	0.00149760857783278
9279	41.0347543693177	1.71980932317392e-05	4.51926824363759e-05
9280	20.4152863812397	0.000221971286729096	0.000464079043874493
9281	2.26984441437655	0.142769986650044	0.16321687529979
9282	20.5065122922834	0.000218459912529903	0.000457707131911784
9283	22.0894943297056	0.000167299646910209	0.000359809661818871
9284	157.85374755505	1.01471147475372e-07	4.61962802841377e-07
9285	5.2782532161705	0.0184054244669075	0.0256506656747042
9286	36.8838292352186	2.55890385075101e-05	6.49373929220148e-05
9287	11.5516541867302	0.00160343453568753	0.00280731385009673
9289	1.4127013769154	0.319100099953519	0.336055434530284
9290	139.571197904078	1.63105801105092e-07	7.00562480018465e-07
9291	12.033543504908	0.00139761837377791	0.00246812570897036
9292	328.208776508432	5.96443795601428e-09	4.83936520732501e-08
9294	15.7376952770369	0.000556588152616629	0.0010717398010235
9297	136.13212615469	1.79559550581376e-07	7.61296505435569e-07
9298	809.127930071264	1.53999177399287e-10	3.34924320146621e-09
9299	65.9759299156277	2.64764324579956e-06	8.42212188231515e-06
9300	25.4927540747933	9.96087152845534e-05	0.000225270110969992
9302	1.93707586256836	0.192408147975375	0.21313511510345
9303	2.22499108248542	0.148474792288832	0.168858716345383
9304	10.1829922723938	0.00241258580501328	0.00408628702404737
9305	17.7980602816349	0.000333663374568824	0.000671749887005828
9306	241.006984694915	1.55229786164659e-08	9.19426023453277e-08
9307	42.8179053652614	1.46695969188587e-05	3.90546529728517e-05
9308	1.01613212075879	0.478389977927083	0.489548002636854
9309	0.989131476194725	0.491875426637009	0.502653235329711
9310	4.45312309230449	0.029429004682516	0.0394540504152427
9312	2.15229540046849	0.158316882846819	0.178679667892856
9313	10.2728132557511	0.00236759501505202	0.00401582625262116
9314	9.67929311857337	0.0028770420275507	0.00478403142312824
9315	3.85547011261603	0.0427570035823095	0.0554763925997852
9316	34.7079902759453	3.20665824995904e-05	8.00718246817344e-05
9317	2.41312638697694	0.12624178291736	0.145984006290418
9318	1.58568080458785	0.268820036925355	0.288184810626041
9319	1.24449808911053	0.378342889304195	0.393213710010308
9320	30.6749473456518	5.06033925991736e-05	0.000121444041476866
9322	369.281186740934	3.77336630914374e-09	3.39144896040344e-08
9324	2.66633344026123	0.102356854841805	0.121009910424753
9325	20.8603043920658	0.000205484465905987	0.000433126153580485
9326	172.73374666476	6.39450524945665e-08	3.11213266988757e-07
9329	272.310173970089	9.59736160061878e-09	6.09926746356921e-08
9330	7.2144272815394	0.00730273261346698	0.0111364792146151
9331	283.633488762202	1.05086127711914e-08	6.57954687566243e-08
9332	531.992320771903	9.12836649931873e-10	1.13825925843085e-08
9335	10.8387132402967	0.00186337782665297	0.00322618733331351
9339	73.4145235849501	1.91358164408069e-06	6.27930419827695e-06
9340	0.767523202384216	0.616347704116321	0.623399496496067
9344	93.7678291498786	7.51691165710015e-07	2.75001036102558e-06
9346	23.1101581696337	0.000142156413481197	0.000310240396849348
9347	14.8624000146264	0.000631995212334229	0.00120324900117507
9349	466.249630690826	1.52473389927448e-09	1.70075308576323e-08
9350	12.2145939131127	0.00132892798148684	0.0023566588126786
9351	20.7648168468864	0.000208888912483805	0.000439665510462055
9352	8.67582501330792	0.00409558616085963	0.00657759133155411
9353	16.2970808733206	0.000492665097100281	0.000958940312232982
9354	25.0138201033496	0.000106718434690917	0.000239429276012994
9356	15.5002501054431	0.000586856988599875	0.00112563275371666
9357	261.725480873601	1.43519900228255e-08	8.60237464675483e-08
9358	374.708439270968	2.951629913087e-09	2.83806882714517e-08
9359	7.82819748995253	0.00566885527576811	0.00884169742816899
9361	5.26471504981321	0.018539851754876	0.0258258565249601
9362	16.371495932998	0.000484871162847303	0.000945323205248379
9364	2763.68548776782	1.00260131910841e-12	8.48343944725585e-11
9366	11.4141845127459	0.00166901806372907	0.00291266764627793
9367	303.817099992202	8.04878222466056e-09	6.05926012808146e-08
9368	3.64651168435092	0.0492652951327449	0.0629282603129714
9369	36.9179920453767	2.55011374206217e-05	6.47420646988181e-05
9370	57.7519771853684	4.56072723700492e-06	1.36086586522822e-05
9371	1036.68146752618	4.87681240690907e-11	1.900352624087e-09
9373	9.99472696305538	0.0025908528487272	0.00435089918429578
9375	31.0954784917366	4.2746789851034e-05	0.000103553879872259
9376	54.4373794185264	5.16578206258872e-06	1.52299288983141e-05
9377	369.281186740934	3.77336630914375e-09	3.39144896040344e-08
9378	120.335438342205	2.88634053178498e-07	1.15825169171832e-06
9379	290.608831879074	9.5635571094338e-09	6.09926746356921e-08
9381	3.84168729288595	0.043305044423729	0.0561137121246438
9382	210.072535797643	2.66473309748661e-08	1.44837930747352e-07
9383	96.4675441386005	6.7032913152012e-07	2.48302654533688e-06
9385	4.64566132675698	0.0262459187828314	0.0354757135898471
9386	223.020557724765	2.66787409159819e-08	1.44837930747352e-07
9387	26.7689721584568	8.33675840777247e-05	0.000191093730840698
9388	257.566384101838	1.52713635929187e-08	9.08155487558812e-08
9390	3.40423976192248	0.0584703928055511	0.0732642556774442
9391	28.7424773486865	6.42674433946543e-05	0.000150575975959864
9392	440.081728832101	1.90862346498123e-09	2.01871013983643e-08
9393	363.84734576551	3.99700559243267e-09	3.51772126656444e-08
9400	16.4656002770635	0.000475235335183878	0.000928983132110267
9402	4.05065135230991	0.0377935019975158	0.0496894366995085
9404	16.5218455602562	0.000469590753284729	0.000918858946714718
9405	5.85155581094493	0.0135592072036467	0.0194882757260858
9406	392.008989624786	2.28115847901318e-09	2.3175474564657e-08
9407	2.11791473786667	0.163244519874139	0.183646209157555
9408	303.565251314989	6.92444360203519e-09	5.3823463851515e-08
9409	1.73191148820907	0.233342505109059	0.253271722620364
9411	79.3574835015998	1.40864902670322e-06	4.78956841857816e-06
9413	913.900768752192	1.0282660009662e-10	2.7106190318302e-09
9414	219.949021246932	2.81502722735261e-08	1.52129619230014e-07
9415	145.038961776256	1.40654728166483e-07	6.15286525059143e-07
9416	12.0785973655293	0.0013801164456352	0.0024408568848902
9417	0.914136176749826	0.53125761786872	0.541217556009018
9418	2.87700753999951	0.0865846196673907	0.10387699053878
9419	1297.7325750961	2.0040267474606e-11	1.00591952756011e-09
9421	14.4174497842806	0.000754293287582884	0.00140891805183016
9422	11.9032370215617	0.00144982986090395	0.00255499621128654
9423	42.9991363132727	1.44395591048253e-05	3.85771351275961e-05
9426	12.7121121671556	0.00116081947767698	0.00208412663421666
9429	6.46544469660432	0.00977398733226671	0.0145091045035127
9431	42.4578223802931	1.51404772531282e-05	4.0250020992046e-05
9433	6.8376106057897	0.00860329493524578	0.0129464725359402
9434	5.81573408578773	0.0139278005655912	0.0199647538117127
9435	37.4765694680103	2.41162672308974e-05	6.17288897184983e-05
9437	223.806298364066	2.63179231891909e-08	1.43536886785983e-07
9439	8.3504569740685	0.00462535044902973	0.00733919353656271
9441	6.06087000228209	0.0123408173729375	0.017924144507089
9442	7.37435052763269	0.00682562879022353	0.0104465631329442
9443	87.2471440999215	9.90359631854846e-07	3.4978533687992e-06
9444	6.4675801356185	0.0101751128386881	0.0150292252727057
9445	18.3338350054404	0.000312173914892318	0.000632571364319945
9446	4.02010458954825	0.0385424305507044	0.0505282904275835
9447	35.3860275427415	2.98471345689506e-05	7.48136174574246e-05
9449	6.648117201944	0.00936699017598926	0.0139609166613952
9452	13.0042865338734	0.000999580705201155	0.00182225808461263
9455	13.4409256538588	0.000959885581557173	0.00175529555404851
9456	79.0054618763941	1.40303730009854e-06	4.77597122326646e-06
9457	11.9495245205192	0.00137198220327346	0.00242719551672302
9458	2.44508093557148	0.122878404543431	0.142484101431234
9462	50.9375965331699	7.38046468017435e-06	2.09661833576368e-05
9463	59.7310736794319	4.18834954419355e-06	1.26384951133095e-05
9464	19.768343825598	0.000249019821747415	0.000515534569804243
9466	4.81782455360795	0.0237554452292133	0.0323745128097456
9467	6.51334887925782	0.00996224557742188	0.0147552839597574
9470	1.13774906408292	0.422083224173552	0.435160824504777
9476	1.48001030487412	0.298358960869182	0.315962833046338
9477	2.4522387482398	0.120666092403429	0.140248285970469
9478	6.05785397999333	0.0123589271275399	0.0179416483765733
9479	3.83416814307843	0.0435213622718925	0.0563693480726917
9482	23.4582381127835	0.000134680282081688	0.000295558099581267
9483	2.15625791611088	0.157760528132222	0.178119635556072
9484	5.2867735060519	0.0183214457116383	0.0255516653991131
9485	5.92435751504846	0.0131948870375674	0.0190107798403093
9488	10.4982672674213	0.00207154674123569	0.00356679399661017
9489	37.9168260106459	2.30907802410966e-05	5.93347901813514e-05
9490	9.54296345792336	0.00301296191623091	0.00498206963423664
9491	2.32735285558622	0.135838411286815	0.156047166974472
9492	7.58358215827528	0.00625882254354647	0.00966397443311412
9495	3.41935542174468	0.0578457281120557	0.0726814271547954
9496	1.46307143458389	0.303431048643243	0.321047177762402
9497	49.9257157320044	8.24288249409894e-06	2.32599299726289e-05
9499	29.0731807406833	6.16267559752346e-05	0.00014490483352176
9500	48.7934111814312	8.9860060214991e-06	2.51769695673317e-05
9502	154.897091147455	1.0915027516048e-07	4.91632760285571e-07
9504	11.2943554028606	0.00172895240447188	0.00300660202855497
9505	6.76263565926989	0.00889578638884412	0.0133459328219665
9506	4.52472477137427	0.0281919057396435	0.0379242920045215
9508	9.0069430722069	0.00358493370806275	0.00582379658608218
9509	245.80577067036	1.43639178214427e-08	8.60237464675483e-08
9510	26.8003142148693	8.30122971364438e-05	0.000190353014300874
9511	74.4556381933836	1.81365648042039e-06	5.9779005751419e-06
9512	1.31170839727013	0.35332648237252	0.368962051320951
9513	1.77488554992655	0.223977601053079	0.244178047310398
9514	333.971225020214	5.1853351495569e-09	4.33183922296552e-08
9515	6.40282120684235	0.0104861187652003	0.0154500700115128
9516	6.45392594361942	0.0102397171378296	0.0151171098223741
9517	5.79708597306589	0.014058695982283	0.0201231648871586
9518	13.8035859373464	0.000876170698173628	0.00161718885798766
9519	8.00189092027239	0.00529181183865361	0.0082984912682937
9520	176.864593676245	5.23840237406372e-08	2.61149014603202e-07
9521	19.6321084800661	0.000255234626480669	0.000527294974762818
9522	1.55748531290839	0.276359727821257	0.295358835778655
9523	78.7867962626793	1.46201616919533e-06	4.95112737000797e-06
9524	52.4832128349343	6.82870289485329e-06	1.9539327172085e-05
9525	20.1988003311001	0.000230592055211768	0.000480575912392436
9526	0.685864808928031	0.668013387305247	0.673815274694989
9527	8.16213078626588	0.00472539735830835	0.00747556852384091
9529	8.21110229857696	0.00487840941613458	0.00769092865897395
9530	5.82430976907839	0.0138681171839042	0.0198840130913252
9533	9.52063714111005	0.00303598243369664	0.00501733369274141
9535	19.1448471708619	0.000279120299000496	0.000572447898538759
9536	2.11503203674657	0.16366600681199	0.184085407965708
9539	0.680165568260575	0.671717312027382	0.677205385385223
9541	272.310173970089	9.59736160061878e-09	6.09926746356921e-08
9542	2763.68548776782	1.00260131910841e-12	8.48343944725585e-11
9543	47.5754693451524	9.45078349759586e-06	2.63421132500048e-05
9544	14.7166584677857	0.000702608509430441	0.0013228068027198
9546	59.3725004775254	3.66575503331326e-06	1.12382334691069e-05
9547	7.92275948143485	0.00545956088385726	0.00854797227467263
9548	3.45277091240376	0.0564938393215615	0.0711337181763625
9549	30.2016682746319	5.35824843432063e-05	0.000127559909471387
9550	56.9011731950029	4.31630974971614e-06	1.29814964772008e-05
9551	35.9148546360979	2.82486994654175e-05	7.12290536116084e-05
9552	1.90936129908341	0.197409175390861	0.21826082747642
9554	12.6073136328904	0.00119390557765428	0.00214093331409213
9556	3.90970282843112	0.0414076837772384	0.0538909494644216
9560	6.26483315424858	0.0111894777348246	0.01638449360281
9561	14.4330743246436	0.000751478548059449	0.00140579613184094
9563	771.870759568875	2.0822090832013e-10	4.15249979791293e-09
9564	3.95696240849175	0.040149851424001	0.0524151575896755
9567	2.37727610806709	0.130149352951881	0.150150879924813
9570	73.6684963114936	1.88858052418393e-06	6.20413890446002e-06
9571	2.51890827922996	0.115375545929751	0.134743361042513
9573	6.23080104344398	0.0113719434686802	0.0166311163370352
9574	92.5658675584732	7.89745614197853e-07	2.87502352359796e-06
9577	558.861083593804	5.62046574377324e-10	8.36432628149973e-09
9578	12.4121727675181	0.00125872980702855	0.00224426750362135
9581	9.41180955841443	0.00315140498062252	0.00518493658339643
9582	8.48476710749298	0.00439683085632842	0.00701574061477188
9584	37.1328243757243	2.49569775553232e-05	6.34705143855517e-05
9585	5.43549586153948	0.0169297582256557	0.0237843828203413
9586	2.95613095868027	0.0814409787814408	0.0985041693531701
9591	39.3013111942902	2.02034431760754e-05	5.23515243059696e-05
9596	1.59646398726344	0.265999455808288	0.285367646577158
9598	793.69340174331	1.6809718920709e-10	3.58143759594817e-09
9600	1.39284790746003	0.325525010991917	0.342223045812056
9602	3.05150985461222	0.0757303792577127	0.0925038227146695
9604	1.50833507984293	0.289734594827562	0.307930738410846
9605	3.57015657104226	0.0520442528452505	0.0660647470215213
9608	6.40012537350928	0.0104993215753389	0.0154618303557266
9609	1.81269367891314	0.216102277894523	0.236812912482749
9611	2.16080149178456	0.157125484110406	0.177504146936092
9613	56.5539455053841	5.15051276748392e-06	1.51924736662387e-05
9615	321.157421274706	6.48905986285329e-09	5.09744052621751e-08
9618	18.6761817702734	0.000304802007131789	0.000619540936253119
9619	102.439569716541	5.22991083971178e-07	1.99207472048958e-06
9621	240.388539843242	1.99540656536973e-08	1.13971003728881e-07
9622	1.81944840865091	0.214729902365155	0.2353961154375
9623	30.500399011997	5.16772846938796e-05	0.000123371445885469
9625	240.675801439109	1.98619592897053e-08	1.1366413997384e-07
9631	2.29967655208228	0.139122171836708	0.159601127985439
9632	9.72840080771627	0.00282997131305975	0.00471731895994356
9633	2.05594584008896	0.172600058431327	0.192961522478058
9634	1.88960477315838	0.201068644293609	0.22185722432024
9637	38.1226191595801	2.26302230131131e-05	5.8227111601507e-05
9638	2.34480986014565	0.133815417321342	0.153870843873871
9639	2.36766860495351	0.131221388565644	0.151181537536338
9644	1.64755843670294	0.253091682339444	0.272854392882513
9647	46.095403229106	9.66186594477396e-06	2.6879864720947e-05
9648	12.7537618093723	0.00114799014290316	0.00206359502774367
9650	565.674748889379	5.35756888727097e-10	8.11072164906413e-09
9651	1.19654704901687	0.397362038518796	0.410746135104159
9655	2.37828142449141	0.130037791949339	0.150051401074603
9658	1.3700963723406	0.333066659591548	0.349469233792868
9659	365.975791593616	3.87461404596785e-09	3.4395960491168e-08
9661	272.310173970089	9.59736160061878e-09	6.09926746356921e-08
9664	2729.52851785235	1.05325754380338e-12	8.7865414534471e-11
9667	55.4636947257543	5.54368099302887e-06	1.6214924702079e-05
9668	83.885867512115	9.64380566505937e-07	3.41424153939908e-06
9669	24.0233886908485	0.000120536393897525	0.000267793346232198
9672	226.675365561606	2.37275653953455e-08	1.32209190815269e-07
9673	13.3923348874257	0.00097185197328063	0.00177553338610153
9674	121.685465659195	2.26563503829845e-07	9.33195850614861e-07
9675	52.2706747192228	6.93398810810692e-06	1.98118724381656e-05
9679	49.3827933914131	8.58915516415771e-06	2.41450242227366e-05
9682	3.73407639297869	0.045494324753242	0.0586043683152354
9683	1.44212970850401	0.309837484557311	0.327416132209269
9685	2.39614438196643	0.126560784888123	0.146324327326245
9687	3.70207511089026	0.0475496600799459	0.0609603109639653
9688	2.6785730817009	0.101348887495284	0.119913995332514
9689	747.402499559632	2.25732599997688e-10	4.34095516164386e-09
9692	2.67069975247464	0.101995876456831	0.120607222250711
9693	7.33805668757486	0.00661691979680236	0.0101507422834655
