[fimo] start Sun Sep 20 11:43:58 +08 2026
[fimo] building BEDs via p3_fimo_makebeds.py
/mnt/d/stroke_apa/scripts/p3_fimo_makebeds.py:26: SettingWithCopyWarning: 
A value is trying to be set on a copy of a slice from a DataFrame.
Try using .loc[row_indexer,col_indexer] = value instead

See the caveats in the documentation: https://pandas.pydata.org/pandas-docs/stable/user_guide/indexing.html#returning-a-view-versus-a-copy
  pas["start"] = (pas["prox"] - 250).clip(lower=0)
/mnt/d/stroke_apa/scripts/p3_fimo_makebeds.py:27: SettingWithCopyWarning: 
A value is trying to be set on a copy of a slice from a DataFrame.
Try using .loc[row_indexer,col_indexer] = value instead

See the caveats in the documentation: https://pandas.pydata.org/pandas-docs/stable/user_guide/indexing.html#returning-a-view-versus-a-copy
  pas["end"] = pas["prox"] + 250
/mnt/d/stroke_apa/scripts/p3_fimo_makebeds.py:28: SettingWithCopyWarning: 
A value is trying to be set on a copy of a slice from a DataFrame.
Try using .loc[row_indexer,col_indexer] = value instead

See the caveats in the documentation: https://pandas.pydata.org/pandas-docs/stable/user_guide/indexing.html#returning-a-view-versus-a-copy
  pas["name"] = pas["symbol"] + "|" + pas["contrast"] + "|" + pas["event"].astype(str)
[beds] pas windows: 977
[beds] lost segments: 1541 segments, 1.7 Mb total
[fimo] seqs: pas=977 lost=1541
1745054 lost_segments.fa
531052 pas_events.fa
Usage: fimo [options] <motif file> <sequence file>

   Options:
     --o <output dir> (default: fimo_out)
     --oc <output dir> (default: fimo_out)
     --text
     --skip-matched-sequence
     --best-site
     --motif <id> (default: all)
     --motif-pseudo <float> (default: 0.1)
     --no-pgc
     --bfile <background file> (DNA and protein use NRDB by default)
     --psp <PSP filename> (default: none)
     --alpha <double> (default 1.0)
     --prior-dist <PSP distribution filename> (default: none)
     --thresh <float> (default: 1e-4)
     --qv-thresh
     --no-qvalue
     --norc
     --max-strand
     --max-stored-scores <int> (default: 100000)
     --version (print the version and exit)
     --verbosity [1|2|3|4|5] (default: 2)

   When scanning with a single motif use '-' for <sequence file> to
     read the database from standard input.
   Use '--bfile --motif--' to read the background from the motif file.
   Use '--bfile --uniform--' to use a uniform background.
   Use '--bfile --nrdb--' to use a NRDB background.

[fimo] CALIBRATION (frozen): 0 motif-hit lines across 60 positive-control QKI peak sequences
[fimo] calibration too weak - check before candidates
Usage: fimo [options] <motif file> <sequence file>

   Options:
     --o <output dir> (default: fimo_out)
     --oc <output dir> (default: fimo_out)
     --text
     --skip-matched-sequence
     --best-site
     --motif <id> (default: all)
     --motif-pseudo <float> (default: 0.1)
     --no-pgc
     --bfile <background file> (DNA and protein use NRDB by default)
     --psp <PSP filename> (default: none)
     --alpha <double> (default 1.0)
     --prior-dist <PSP distribution filename> (default: none)
     --thresh <float> (default: 1e-4)
     --qv-thresh
     --no-qvalue
     --norc
     --max-strand
     --max-stored-scores <int> (default: 100000)
     --version (print the version and exit)
     --verbosity [1|2|3|4|5] (default: 2)

   When scanning with a single motif use '-' for <sequence file> to
     read the database from standard input.
   Use '--bfile --motif--' to read the background from the motif file.
   Use '--bfile --uniform--' to use a uniform background.
   Use '--bfile --nrdb--' to use a NRDB background.

Usage: fimo [options] <motif file> <sequence file>

   Options:
     --o <output dir> (default: fimo_out)
     --oc <output dir> (default: fimo_out)
     --text
     --skip-matched-sequence
     --best-site
     --motif <id> (default: all)
     --motif-pseudo <float> (default: 0.1)
     --no-pgc
     --bfile <background file> (DNA and protein use NRDB by default)
     --psp <PSP filename> (default: none)
     --alpha <double> (default 1.0)
     --prior-dist <PSP distribution filename> (default: none)
     --thresh <float> (default: 1e-4)
     --qv-thresh
     --no-qvalue
     --norc
     --max-strand
     --max-stored-scores <int> (default: 100000)
     --version (print the version and exit)
     --verbosity [1|2|3|4|5] (default: 2)

   When scanning with a single motif use '-' for <sequence file> to
     read the database from standard input.
   Use '--bfile --motif--' to read the background from the motif file.
   Use '--bfile --uniform--' to use a uniform background.
   Use '--bfile --nrdb--' to use a NRDB background.

[fimo] END Sun Sep 20 11:44:01 +08 2026
[fimo] start Sun Sep 20 11:46:08 +08 2026
[fimo] seqs: pas=977 lost=1541
1745054 lost_segments.fa
531052 pas_events.fa
Using motif +ZFP36_M269_0.6 of width 11.
Finding best site passing the output threshold in each of the 60 sequences.
Found a best site in 2 sequences.
Computing q-values.
# Computing q-values.
#   Estimating pi_0 from a uniformly sampled set of 2460 p-values.
#   Estimating pi_0.
# Minimal pi_zero = 1.00148
#   Estimated pi_0=1
Using motif +HNRNPA2B1_705 of width 11.
Finding best site passing the output threshold in each of the 60 sequences.
Found a best site in 10 sequences.
Computing q-values.
# Computing q-values.
#   Estimating pi_0 from a uniformly sampled set of 2460 p-values.
#   Estimating pi_0.
# Minimal pi_zero = 0.887097
#   Estimated pi_0=0.889455
Using motif +SRSF1_1227 of width 9.
Finding best site passing the output threshold in each of the 60 sequences.
Found a best site in 2 sequences.
Computing q-values.
# Computing q-values.
#   Estimating pi_0 from a uniformly sampled set of 2580 p-values.
#   Estimating pi_0.
# Minimal pi_zero = 0.991851
#   Estimated pi_0=0.991851
Using motif +SRSF1_1241 of width 7.
Finding best site passing the output threshold in each of the 60 sequences.
Found a best site in 2 sequences.
Computing q-values.
# Computing q-values.
#   Estimating pi_0 from a uniformly sampled set of 2700 p-values.
#   Estimating pi_0.
# Minimal pi_zero = 0.905751
#   Estimated pi_0=0.906497
Using motif +HNRNPA1_690 of width 6.
Finding best site passing the output threshold in each of the 60 sequences.
Found a best site in 2 sequences.
Computing q-values.
# Computing q-values.
#   Estimating pi_0 from a uniformly sampled set of 2760 p-values.
#   Estimating pi_0.
# Minimal pi_zero = 0.979442
#   Estimated pi_0=0.979442
Using motif +ELAVL1_1103 of width 5.
Finding best site passing the output threshold in each of the 60 sequences.
Found a best site in 0 sequences.
Computing q-values.
Using motif +HNRNPA1_M271_0.6 of width 6.
Finding best site passing the output threshold in each of the 60 sequences.
Found a best site in 3 sequences.
Computing q-values.
# Computing q-values.
#   Estimating pi_0 from a uniformly sampled set of 2760 p-values.
#   Estimating pi_0.
# Minimal pi_zero = 0.996377
#   Estimated pi_0=0.998471
Using motif +MBNL1_M320_0.6 of width 8.
Finding best site passing the output threshold in each of the 60 sequences.
Found a best site in 4 sequences.
Computing q-values.
# Computing q-values.
#   Estimating pi_0 from a uniformly sampled set of 2640 p-values.
#   Estimating pi_0.
# Minimal pi_zero = 0.911977
#   Estimated pi_0=0.930736
Using motif +SRSF1_1218 of width 6.
Finding best site passing the output threshold in each of the 60 sequences.
Found a best site in 1 sequences.
Computing q-values.
# Computing q-values.
#   Estimating pi_0 from a uniformly sampled set of 2760 p-values.
#   Estimating pi_0.
# Minimal pi_zero = 0.952899
#   Estimated pi_0=0.964887
Using motif +NOVA1_64 of width 4.
Finding best site passing the output threshold in each of the 60 sequences.
Found a best site in 0 sequences.
Computing q-values.
Using motif +HNRNPA1_660 of width 8.
Finding best site passing the output threshold in each of the 60 sequences.
Found a best site in 2 sequences.
Computing q-values.
# Computing q-values.
#   Estimating pi_0 from a uniformly sampled set of 2640 p-values.
#   Estimating pi_0.
# Minimal pi_zero = 0.88945
#   Estimated pi_0=0.892903
Using motif +TARDBP_144 of width 12.
Finding best site passing the output threshold in each of the 60 sequences.
Found a best site in 1 sequences.
Computing q-values.
# Computing q-values.
#   Estimating pi_0 from a uniformly sampled set of 2400 p-values.
#   Estimating pi_0.
# Minimal pi_zero = 0.961433
#   Estimated pi_0=0.963477
Using motif +SRSF1_1221 of width 6.
Finding best site passing the output threshold in each of the 60 sequences.
Found a best site in 0 sequences.
Computing q-values.
Using motif +SRSF1_s49 of width 7.
Finding best site passing the output threshold in each of the 60 sequences.
Found a best site in 5 sequences.
Computing q-values.
# Computing q-values.
#   Estimating pi_0 from a uniformly sampled set of 2700 p-values.
#   Estimating pi_0.
# Minimal pi_zero = 0.831203
#   Estimated pi_0=0.838442
Using motif +SRSF1_1229 of width 6.
Finding best site passing the output threshold in each of the 60 sequences.
Found a best site in 3 sequences.
Computing q-values.
# Computing q-values.
#   Estimating pi_0 from a uniformly sampled set of 2760 p-values.
#   Estimating pi_0.
# Minimal pi_zero = 0.969015
#   Estimated pi_0=0.984003
Using motif +SRSF1_1234 of width 7.
Finding best site passing the output threshold in each of the 60 sequences.
Found a best site in 3 sequences.
Computing q-values.
# Computing q-values.
#   Estimating pi_0 from a uniformly sampled set of 2700 p-values.
#   Estimating pi_0.
# Minimal pi_zero = 0.973599
#   Estimated pi_0=0.973599
Using motif +PTBP1_998 of width 6.
Finding best site passing the output threshold in each of the 60 sequences.
Found a best site in 3 sequences.
Computing q-values.
# Computing q-values.
#   Estimating pi_0 from a uniformly sampled set of 2760 p-values.
#   Estimating pi_0.
# Minimal pi_zero = 0.940897
#   Estimated pi_0=0.944444
Using motif +KHDRBS1_1155 of width 6.
Finding best site passing the output threshold in each of the 60 sequences.
Found a best site in 1 sequences.
Computing q-values.
# Computing q-values.
#   Estimating pi_0 from a uniformly sampled set of 2760 p-values.
#   Estimating pi_0.
# Minimal pi_zero = 0.963366
#   Estimated pi_0=0.967217
Using motif +SRSF1_1233 of width 7.
Finding best site passing the output threshold in each of the 60 sequences.
Found a best site in 6 sequences.
Computing q-values.
# Computing q-values.
#   Estimating pi_0 from a uniformly sampled set of 2700 p-values.
#   Estimating pi_0.
# Minimal pi_zero = 0.952204
#   Estimated pi_0=0.952204
Using motif +PTBP1_51 of width 4.
Finding best site passing the output threshold in each of the 60 sequences.
Found a best site in 0 sequences.
Computing q-values.
Using motif +SRSF1_M106_0.6 of width 8.
Finding best site passing the output threshold in each of the 60 sequences.
Found a best site in 4 sequences.
Computing q-values.
# Computing q-values.
#   Estimating pi_0 from a uniformly sampled set of 2640 p-values.
#   Estimating pi_0.
# Minimal pi_zero = 0.989927
#   Estimated pi_0=0.991064
Using motif +HNRNPA1_692 of width 7.
Finding best site passing the output threshold in each of the 60 sequences.
Found a best site in 6 sequences.
Computing q-values.
# Computing q-values.
#   Estimating pi_0 from a uniformly sampled set of 2700 p-values.
#   Estimating pi_0.
# Minimal pi_zero = 0.972118
#   Estimated pi_0=0.979677
Using motif +ELAVL1_367 of width 4.
Finding best site passing the output threshold in each of the 60 sequences.
Found a best site in 0 sequences.
Computing q-values.
Using motif +SRSF1_1211 of width 9.
Finding best site passing the output threshold in each of the 60 sequences.
Found a best site in 3 sequences.
Computing q-values.
# Computing q-values.
#   Estimating pi_0 from a uniformly sampled set of 2580 p-values.
#   Estimating pi_0.
# Minimal pi_zero = 0.982634
#   Estimated pi_0=0.988784
Using motif +HNRNPA1_679 of width 6.
Finding best site passing the output threshold in each of the 60 sequences.
Found a best site in 1 sequences.
Computing q-values.
# Computing q-values.
#   Estimating pi_0 from a uniformly sampled set of 2760 p-values.
#   Estimating pi_0.
# Minimal pi_zero = 0.987027
#   Estimated pi_0=0.996961
Using motif +FUS_M316_0.6 of width 4.
Finding best site passing the output threshold in each of the 60 sequences.
Found a best site in 0 sequences.
Computing q-values.
Using motif +NOVA1_1131 of width 5.
Finding best site passing the output threshold in each of the 60 sequences.
Found a best site in 0 sequences.
Computing q-values.
Using motif +SRSF1_1216 of width 7.
Finding best site passing the output threshold in each of the 60 sequences.
Found a best site in 2 sequences.
Computing q-values.
# Computing q-values.
#   Estimating pi_0 from a uniformly sampled set of 2700 p-values.
#   Estimating pi_0.
# Minimal pi_zero = 0.988206
#   Estimated pi_0=0.997755
Using motif +HNRNPA1_653 of width 7.
Finding best site passing the output threshold in each of the 60 sequences.
Found a best site in 1 sequences.
Computing q-values.
# Computing q-values.
#   Estimating pi_0 from a uniformly sampled set of 2700 p-values.
#   Estimating pi_0.
# Minimal pi_zero = 0.980864
#   Estimated pi_0=1
Using motif +HNRNPA1_644 of width 6.
Finding best site passing the output threshold in each of the 60 sequences.
Found a best site in 1 sequences.
Computing q-values.
# Computing q-values.
#   Estimating pi_0 from a uniformly sampled set of 2760 p-values.
#   Estimating pi_0.
# Minimal pi_zero = 0.993929
#   Estimated pi_0=1
Using motif +MBNL1_M320_0.6a of width 4.
Finding best site passing the output threshold in each of the 60 sequences.
Found a best site in 0 sequences.
Computing q-values.
Using motif +PTBP1_1017 of width 7.
Finding best site passing the output threshold in each of the 60 sequences.
Found a best site in 7 sequences.
Computing q-values.
# Computing q-values.
#   Estimating pi_0 from a uniformly sampled set of 2700 p-values.
#   Estimating pi_0.
# Minimal pi_zero = 0.921922
#   Estimated pi_0=0.929671
Using motif +ELAVL1_1105 of width 9.
Finding best site passing the output threshold in each of the 60 sequences.
Found a best site in 1 sequences.
Computing q-values.
# Computing q-values.
#   Estimating pi_0 from a uniformly sampled set of 2580 p-values.
#   Estimating pi_0.
# Minimal pi_zero = 0.988159
#   Estimated pi_0=0.992646
Using motif +SRSF1_M272_0.6 of width 8.
Finding best site passing the output threshold in each of the 60 sequences.
Found a best site in 0 sequences.
Computing q-values.
Using motif +PTBP1_1013 of width 11.
Finding best site passing the output threshold in each of the 60 sequences.
Found a best site in 7 sequences.
Computing q-values.
# Computing q-values.
#   Estimating pi_0 from a uniformly sampled set of 2460 p-values.
#   Estimating pi_0.
# Minimal pi_zero = 0.938925
#   Estimated pi_0=0.944046
Using motif +MBNL1_s30 of width 6.
Finding best site passing the output threshold in each of the 60 sequences.
Found a best site in 2 sequences.
Computing q-values.
# Computing q-values.
#   Estimating pi_0 from a uniformly sampled set of 2760 p-values.
#   Estimating pi_0.
# Minimal pi_zero = 0.906494
#   Estimated pi_0=0.913178
Using motif +ELAVL1_M108_0.6 of width 7.
Finding best site passing the output threshold in each of the 60 sequences.
Found a best site in 3 sequences.
Computing q-values.
# Computing q-values.
#   Estimating pi_0 from a uniformly sampled set of 2700 p-values.
#   Estimating pi_0.
# Minimal pi_zero = 0.9958
#   Estimated pi_0=0.998325
Using motif +SRSF1_M273_0.6 of width 7.
Finding best site passing the output threshold in each of the 60 sequences.
Found a best site in 1 sequences.
Computing q-values.
# Computing q-values.
#   Estimating pi_0 from a uniformly sampled set of 2700 p-values.
#   Estimating pi_0.
# Minimal pi_zero = 0.891068
#   Estimated pi_0=0.895748
Using motif +ELAVL1_1104 of width 5.
Finding best site passing the output threshold in each of the 60 sequences.
Found a best site in 0 sequences.
Computing q-values.
Using motif +HNRNPA1_652 of width 5.
Finding best site passing the output threshold in each of the 60 sequences.
Found a best site in 0 sequences.
Computing q-values.
Using motif +FUS_1061 of width 7.
Finding best site passing the output threshold in each of the 60 sequences.
Found a best site in 1 sequences.
Computing q-values.
# Computing q-values.
#   Estimating pi_0 from a uniformly sampled set of 2700 p-values.
#   Estimating pi_0.
# Minimal pi_zero = 0.959577
#   Estimated pi_0=0.959577
Using motif +KHDRBS1_M160_0.6 of width 7.
Finding best site passing the output threshold in each of the 60 sequences.
Found a best site in 2 sequences.
Computing q-values.
# Computing q-values.
#   Estimating pi_0 from a uniformly sampled set of 2700 p-values.
#   Estimating pi_0.
# Minimal pi_zero = 1.00112
#   Estimated pi_0=1
Using motif +SRSF1_s51 of width 7.
Finding best site passing the output threshold in each of the 60 sequences.
Found a best site in 1 sequences.
Computing q-values.
# Computing q-values.
#   Estimating pi_0 from a uniformly sampled set of 2700 p-values.
#   Estimating pi_0.
# Minimal pi_zero = 0.885328
#   Estimated pi_0=0.887504
Using motif +HNRNPA2B1_698 of width 5.
Finding best site passing the output threshold in each of the 60 sequences.
Found a best site in 0 sequences.
Computing q-values.
Using motif +MBNL1_M037_0.6 of width 7.
Finding best site passing the output threshold in each of the 60 sequences.
Found a best site in 3 sequences.
Computing q-values.
# Computing q-values.
#   Estimating pi_0 from a uniformly sampled set of 2700 p-values.
#   Estimating pi_0.
# Minimal pi_zero = 0.952296
#   Estimated pi_0=0.958446
Using motif +PTBP1_1014 of width 7.
Finding best site passing the output threshold in each of the 60 sequences.
Found a best site in 3 sequences.
Computing q-values.
# Computing q-values.
#   Estimating pi_0 from a uniformly sampled set of 2700 p-values.
#   Estimating pi_0.
# Minimal pi_zero = 0.93526
#   Estimated pi_0=0.93526
Using motif +ELAVL1_M112_0.6 of width 7.
Finding best site passing the output threshold in each of the 60 sequences.
Found a best site in 3 sequences.
Computing q-values.
# Computing q-values.
#   Estimating pi_0 from a uniformly sampled set of 2700 p-values.
#   Estimating pi_0.
# Minimal pi_zero = 0.99554
#   Estimated pi_0=0.996092
Using motif +PTBP1_1009 of width 9.
Finding best site passing the output threshold in each of the 60 sequences.
Found a best site in 8 sequences.
Computing q-values.
# Computing q-values.
#   Estimating pi_0 from a uniformly sampled set of 2580 p-values.
#   Estimating pi_0.
# Minimal pi_zero = 0.885716
#   Estimated pi_0=0.89254
Using motif +PTBP1_31 of width 4.
Finding best site passing the output threshold in each of the 60 sequences.
Found a best site in 0 sequences.
Computing q-values.
Using motif +PTBP2_1134 of width 6.
Finding best site passing the output threshold in each of the 60 sequences.
Found a best site in 3 sequences.
Computing q-values.
# Computing q-values.
#   Estimating pi_0 from a uniformly sampled set of 2760 p-values.
#   Estimating pi_0.
# Minimal pi_zero = 0.907591
#   Estimated pi_0=0.910628
Using motif +NOVA2_M325_0.6 of width 16.
Finding best site passing the output threshold in each of the 60 sequences.
Found a best site in 5 sequences.
Computing q-values.
# Computing q-values.
#   Estimating pi_0 from a uniformly sampled set of 2160 p-values.
#   Estimating pi_0.
# Minimal pi_zero = 0.949074
#   Estimated pi_0=0.95679
Using motif +HNRNPA1_665 of width 5.
Finding best site passing the output threshold in each of the 60 sequences.
Found a best site in 0 sequences.
Computing q-values.
Using motif +HNRNPA1_647 of width 10.
Finding best site passing the output threshold in each of the 60 sequences.
Found a best site in 5 sequences.
Computing q-values.
# Computing q-values.
#   Estimating pi_0 from a uniformly sampled set of 2520 p-values.
#   Estimating pi_0.
# Minimal pi_zero = 0.976484
#   Estimated pi_0=0.98793
Using motif +ZFP36_155 of width 6.
Finding best site passing the output threshold in each of the 60 sequences.
Found a best site in 14 sequences.
Computing q-values.
# Computing q-values.
#   Estimating pi_0 from a uniformly sampled set of 2760 p-values.
#   Estimating pi_0.
# Minimal pi_zero = 0.915542
#   Estimated pi_0=0.918367
Using motif +HNRNPA1_43 of width 12.
Finding best site passing the output threshold in each of the 60 sequences.
Found a best site in 3 sequences.
Computing q-values.
# Computing q-values.
#   Estimating pi_0 from a uniformly sampled set of 2400 p-values.
#   Estimating pi_0.
# Minimal pi_zero = 0.973926
#   Estimated pi_0=0.985428
Using motif +PTBP1_8 of width 5.
Finding best site passing the output threshold in each of the 60 sequences.
Found a best site in 3 sequences.
Computing q-values.
# Computing q-values.
#   Estimating pi_0 from a uniformly sampled set of 2820 p-values.
#   Estimating pi_0.
# Minimal pi_zero = 0.883011
#   Estimated pi_0=0.884625
Using motif +HNRNPA2B1_706 of width 11.
Finding best site passing the output threshold in each of the 60 sequences.
Found a best site in 8 sequences.
Computing q-values.
# Computing q-values.
#   Estimating pi_0 from a uniformly sampled set of 2460 p-values.
#   Estimating pi_0.
# Minimal pi_zero = 0.873824
#   Estimated pi_0=0.881755
Using motif +ZFP36_138 of width 5.
Finding best site passing the output threshold in each of the 60 sequences.
Found a best site in 2 sequences.
Computing q-values.
# Computing q-values.
#   Estimating pi_0 from a uniformly sampled set of 2820 p-values.
#   Estimating pi_0.
# Minimal pi_zero = 0.942925
#   Estimated pi_0=0.951082
Using motif +PTBP1_s12 of width 6.
Finding best site passing the output threshold in each of the 60 sequences.
Found a best site in 5 sequences.
Computing q-values.
# Computing q-values.
#   Estimating pi_0 from a uniformly sampled set of 2760 p-values.
#   Estimating pi_0.
# Minimal pi_zero = 0.953223
#   Estimated pi_0=0.968064
Using motif +KHDRBS1_1157 of width 5.
Finding best site passing the output threshold in each of the 60 sequences.
Found a best site in 0 sequences.
Computing q-values.
Using motif +SRSF1_s99 of width 7.
Finding best site passing the output threshold in each of the 60 sequences.
Found a best site in 1 sequences.
Computing q-values.
# Computing q-values.
#   Estimating pi_0 from a uniformly sampled set of 2700 p-values.
#   Estimating pi_0.
# Minimal pi_zero = 0.876296
#   Estimated pi_0=0.889383
Using motif +ZFP36_49 of width 6.
Finding best site passing the output threshold in each of the 60 sequences.
Found a best site in 1 sequences.
Computing q-values.
# Computing q-values.
#   Estimating pi_0 from a uniformly sampled set of 2760 p-values.
#   Estimating pi_0.
# Minimal pi_zero = 0.952967
#   Estimated pi_0=0.952967
Using motif +HNRNPA1_663 of width 6.
Finding best site passing the output threshold in each of the 60 sequences.
Found a best site in 6 sequences.
Computing q-values.
# Computing q-values.
#   Estimating pi_0 from a uniformly sampled set of 2760 p-values.
#   Estimating pi_0.
# Minimal pi_zero = 0.9644
#   Estimated pi_0=0.966819
Using motif +HNRNPA1_681 of width 6.
Finding best site passing the output threshold in each of the 60 sequences.
Found a best site in 1 sequences.
Computing q-values.
# Computing q-values.
#   Estimating pi_0 from a uniformly sampled set of 2760 p-values.
#   Estimating pi_0.
# Minimal pi_zero = 0.987027
#   Estimated pi_0=0.996961
Using motif +KHDRBS1_s34 of width 6.
Finding best site passing the output threshold in each of the 60 sequences.
Found a best site in 0 sequences.
Computing q-values.
Using motif +HNRNPA2B1_710 of width 6.
Finding best site passing the output threshold in each of the 60 sequences.
Found a best site in 0 sequences.
Computing q-values.
Using motif +PTBP1_1004 of width 6.
Finding best site passing the output threshold in each of the 60 sequences.
Found a best site in 3 sequences.
Computing q-values.
# Computing q-values.
#   Estimating pi_0 from a uniformly sampled set of 2760 p-values.
#   Estimating pi_0.
# Minimal pi_zero = 0.907591
#   Estimated pi_0=0.910628
Using motif +QKI_104 of width 12.
Finding best site passing the output threshold in each of the 60 sequences.
Found a best site in 11 sequences.
Computing q-values.
# Computing q-values.
#   Estimating pi_0 from a uniformly sampled set of 2400 p-values.
#   Estimating pi_0.
# Minimal pi_zero = 0.924455
#   Estimated pi_0=0.933908
Using motif +MBNL1_1123 of width 6.
Finding best site passing the output threshold in each of the 60 sequences.
Found a best site in 4 sequences.
Computing q-values.
# Computing q-values.
#   Estimating pi_0 from a uniformly sampled set of 2760 p-values.
#   Estimating pi_0.
# Minimal pi_zero = 0.942029
#   Estimated pi_0=0.942029
Using motif +HNRNPA1_651 of width 5.
Finding best site passing the output threshold in each of the 60 sequences.
Found a best site in 3 sequences.
Computing q-values.
# Computing q-values.
#   Estimating pi_0 from a uniformly sampled set of 2820 p-values.
#   Estimating pi_0.
# Minimal pi_zero = 0.930249
#   Estimated pi_0=0.944552
Using motif +KHDRBS1_M060_0.6 of width 7.
Finding best site passing the output threshold in each of the 60 sequences.
Found a best site in 2 sequences.
Computing q-values.
# Computing q-values.
#   Estimating pi_0 from a uniformly sampled set of 2700 p-values.
#   Estimating pi_0.
# Minimal pi_zero = 1.00019
#   Estimated pi_0=1
Using motif +HNRNPA1_664 of width 6.
Finding best site passing the output threshold in each of the 60 sequences.
Found a best site in 3 sequences.
Computing q-values.
# Computing q-values.
#   Estimating pi_0 from a uniformly sampled set of 2760 p-values.
#   Estimating pi_0.
# Minimal pi_zero = 0.969015
#   Estimated pi_0=0.983788
Using motif +TARDBP_1282 of width 10.
Finding best site passing the output threshold in each of the 60 sequences.
Found a best site in 1 sequences.
Computing q-values.
# Computing q-values.
#   Estimating pi_0 from a uniformly sampled set of 2520 p-values.
#   Estimating pi_0.
# Minimal pi_zero = 0.961497
#   Estimated pi_0=0.971649
Using motif +HNRNPA1_696 of width 6.
Finding best site passing the output threshold in each of the 60 sequences.
Found a best site in 2 sequences.
Computing q-values.
# Computing q-values.
#   Estimating pi_0 from a uniformly sampled set of 2760 p-values.
#   Estimating pi_0.
# Minimal pi_zero = 0.977771
#   Estimated pi_0=0.980415
Using motif +PTBP1_1018 of width 7.
Finding best site passing the output threshold in each of the 60 sequences.
Found a best site in 1 sequences.
Computing q-values.
# Computing q-values.
#   Estimating pi_0 from a uniformly sampled set of 2700 p-values.
#   Estimating pi_0.
# Minimal pi_zero = 0.959577
#   Estimated pi_0=0.959577
Using motif +PTBP1_11 of width 4.
Finding best site passing the output threshold in each of the 60 sequences.
Found a best site in 0 sequences.
Computing q-values.
Using motif +PTBP1_1002 of width 8.
Finding best site passing the output threshold in each of the 60 sequences.
Found a best site in 7 sequences.
Computing q-values.
# Computing q-values.
#   Estimating pi_0 from a uniformly sampled set of 2640 p-values.
#   Estimating pi_0.
# Minimal pi_zero = 0.870559
#   Estimated pi_0=0.872831
Using motif +NUDT21_420 of width 5.
Finding best site passing the output threshold in each of the 60 sequences.
Found a best site in 0 sequences.
Computing q-values.
Using motif +SRSF1_M104_0.6 of width 7.
Finding best site passing the output threshold in each of the 60 sequences.
Found a best site in 5 sequences.
Computing q-values.
# Computing q-values.
#   Estimating pi_0 from a uniformly sampled set of 2700 p-values.
#   Estimating pi_0.
# Minimal pi_zero = 0.974847
#   Estimated pi_0=0.978315
Using motif +NOVA2_179 of width 4.
Finding best site passing the output threshold in each of the 60 sequences.
Found a best site in 0 sequences.
Computing q-values.
Using motif +ELAVL1_1108 of width 7.
Finding best site passing the output threshold in each of the 60 sequences.
Found a best site in 1 sequences.
Computing q-values.
# Computing q-values.
#   Estimating pi_0 from a uniformly sampled set of 2700 p-values.
#   Estimating pi_0.
# Minimal pi_zero = 0.959577
#   Estimated pi_0=0.959577
Using motif +SRSF1_M103_0.6 of width 7.
Finding best site passing the output threshold in each of the 60 sequences.
Found a best site in 5 sequences.
Computing q-values.
# Computing q-values.
#   Estimating pi_0 from a uniformly sampled set of 2700 p-values.
#   Estimating pi_0.
# Minimal pi_zero = 0.980392
#   Estimated pi_0=0.981087
Using motif +SRSF1_126 of width 7.
Finding best site passing the output threshold in each of the 60 sequences.
Found a best site in 2 sequences.
Computing q-values.
# Computing q-values.
#   Estimating pi_0 from a uniformly sampled set of 2700 p-values.
#   Estimating pi_0.
# Minimal pi_zero = 0.882222
#   Estimated pi_0=0.890003
Using motif +PTBP1_539 of width 5.
Finding best site passing the output threshold in each of the 60 sequences.
Found a best site in 8 sequences.
Computing q-values.
# Computing q-values.
#   Estimating pi_0 from a uniformly sampled set of 2820 p-values.
#   Estimating pi_0.
# Minimal pi_zero = 0.906078
#   Estimated pi_0=0.913969
Using motif +ELAVL1_161 of width 12.
Finding best site passing the output threshold in each of the 60 sequences.
Found a best site in 2 sequences.
Computing q-values.
# Computing q-values.
#   Estimating pi_0 from a uniformly sampled set of 2400 p-values.
#   Estimating pi_0.
# Minimal pi_zero = 0.988296
#   Estimated pi_0=0.991409
Using motif +QKI_1139 of width 5.
Finding best site passing the output threshold in each of the 60 sequences.
Found a best site in 0 sequences.
Computing q-values.
Using motif +HNRNPA2B1_702 of width 6.
Finding best site passing the output threshold in each of the 60 sequences.
Found a best site in 0 sequences.
Computing q-values.
Using motif +HNRNPA2B1_703 of width 11.
Finding best site passing the output threshold in each of the 60 sequences.
Found a best site in 5 sequences.
Computing q-values.
# Computing q-values.
#   Estimating pi_0 from a uniformly sampled set of 2460 p-values.
#   Estimating pi_0.
# Minimal pi_zero = 0.902241
#   Estimated pi_0=0.904859
Using motif +HNRNPA2B1_699 of width 6.
Finding best site passing the output threshold in each of the 60 sequences.
Found a best site in 1 sequences.
Computing q-values.
# Computing q-values.
#   Estimating pi_0 from a uniformly sampled set of 2760 p-values.
#   Estimating pi_0.
# Minimal pi_zero = 0.974552
#   Estimated pi_0=0.983437
Using motif +PTBP1_165 of width 4.
Finding best site passing the output threshold in each of the 60 sequences.
Found a best site in 0 sequences.
Computing q-values.
Using motif +NOVA2_s95 of width 7.
Finding best site passing the output threshold in each of the 60 sequences.
Found a best site in 1 sequences.
Computing q-values.
# Computing q-values.
#   Estimating pi_0 from a uniformly sampled set of 2700 p-values.
#   Estimating pi_0.
# Minimal pi_zero = 0.959577
#   Estimated pi_0=0.959577
Using motif +HNRNPA1_657 of width 6.
Finding best site passing the output threshold in each of the 60 sequences.
Found a best site in 1 sequences.
Computing q-values.
# Computing q-values.
#   Estimating pi_0 from a uniformly sampled set of 2760 p-values.
#   Estimating pi_0.
# Minimal pi_zero = 0.893959
#   Estimated pi_0=0.909699
Using motif +PTBP1_1008 of width 6.
Finding best site passing the output threshold in each of the 60 sequences.
Found a best site in 3 sequences.
Computing q-values.
# Computing q-values.
#   Estimating pi_0 from a uniformly sampled set of 2760 p-values.
#   Estimating pi_0.
# Minimal pi_zero = 0.907591
#   Estimated pi_0=0.910628
Using motif +NOVA1_s27 of width 6.
Finding best site passing the output threshold in each of the 60 sequences.
Found a best site in 6 sequences.
Computing q-values.
# Computing q-values.
#   Estimating pi_0 from a uniformly sampled set of 2760 p-values.
#   Estimating pi_0.
# Minimal pi_zero = 0.944099
#   Estimated pi_0=0.94617
Using motif +NOVA1_s94 of width 12.
Finding best site passing the output threshold in each of the 60 sequences.
Found a best site in 3 sequences.
Computing q-values.
# Computing q-values.
#   Estimating pi_0 from a uniformly sampled set of 2400 p-values.
#   Estimating pi_0.
# Minimal pi_zero = 0.962617
#   Estimated pi_0=0.970779
Using motif +FUS_1060 of width 7.
Finding best site passing the output threshold in each of the 60 sequences.
Found a best site in 7 sequences.
Computing q-values.
# Computing q-values.
#   Estimating pi_0 from a uniformly sampled set of 2700 p-values.
#   Estimating pi_0.
# Minimal pi_zero = 0.921922
#   Estimated pi_0=0.929671
Using motif +HNRNPA1_646 of width 6.
Finding best site passing the output threshold in each of the 60 sequences.
Found a best site in 0 sequences.
Computing q-values.
Using motif +SRSF1_1215 of width 9.
Finding best site passing the output threshold in each of the 60 sequences.
Found a best site in 2 sequences.
Computing q-values.
# Computing q-values.
#   Estimating pi_0 from a uniformly sampled set of 2580 p-values.
#   Estimating pi_0.
# Minimal pi_zero = 0.991851
#   Estimated pi_0=0.991851
Using motif +SRSF1_s48 of width 7.
Finding best site passing the output threshold in each of the 60 sequences.
Found a best site in 2 sequences.
Computing q-values.
# Computing q-values.
#   Estimating pi_0 from a uniformly sampled set of 2700 p-values.
#   Estimating pi_0.
# Minimal pi_zero = 0.880901
#   Estimated pi_0=0.892041
Using motif +NOVA2_492 of width 7.
Finding best site passing the output threshold in each of the 60 sequences.
Found a best site in 2 sequences.
Computing q-values.
# Computing q-values.
#   Estimating pi_0 from a uniformly sampled set of 2700 p-values.
#   Estimating pi_0.
# Minimal pi_zero = 0.903945
#   Estimated pi_0=0.910815
Using motif +HNRNPA1_695 of width 6.
Finding best site passing the output threshold in each of the 60 sequences.
Found a best site in 0 sequences.
Computing q-values.
Using motif +FUS_1059 of width 7.
Finding best site passing the output threshold in each of the 60 sequences.
Found a best site in 7 sequences.
Computing q-values.
# Computing q-values.
#   Estimating pi_0 from a uniformly sampled set of 2700 p-values.
#   Estimating pi_0.
# Minimal pi_zero = 0.921922
#   Estimated pi_0=0.929671
Using motif +HNRNPA1_659 of width 10.
Finding best site passing the output threshold in each of the 60 sequences.
Found a best site in 6 sequences.
Computing q-values.
# Computing q-values.
#   Estimating pi_0 from a uniformly sampled set of 2520 p-values.
#   Estimating pi_0.
# Minimal pi_zero = 0.942177
#   Estimated pi_0=0.943938
Using motif +HNRNPA1_643 of width 6.
Finding best site passing the output threshold in each of the 60 sequences.
Found a best site in 1 sequences.
Computing q-values.
# Computing q-values.
#   Estimating pi_0 from a uniformly sampled set of 2760 p-values.
#   Estimating pi_0.
# Minimal pi_zero = 0.968291
#   Estimated pi_0=0.979632
Using motif +ELAVL1_512 of width 4.
Finding best site passing the output threshold in each of the 60 sequences.
Found a best site in 0 sequences.
Computing q-values.
Using motif +PTBP1_1012 of width 11.
Finding best site passing the output threshold in each of the 60 sequences.
Found a best site in 7 sequences.
Computing q-values.
# Computing q-values.
#   Estimating pi_0 from a uniformly sampled set of 2460 p-values.
#   Estimating pi_0.
# Minimal pi_zero = 0.938925
#   Estimated pi_0=0.944046
Using motif +PTBP1_1001 of width 6.
Finding best site passing the output threshold in each of the 60 sequences.
Found a best site in 3 sequences.
Computing q-values.
# Computing q-values.
#   Estimating pi_0 from a uniformly sampled set of 2760 p-values.
#   Estimating pi_0.
# Minimal pi_zero = 0.950584
#   Estimated pi_0=0.951269
Using motif +PABPN1_M148_0.6 of width 7.
Finding best site passing the output threshold in each of the 60 sequences.
Found a best site in 1 sequences.
Computing q-values.
# Computing q-values.
#   Estimating pi_0 from a uniformly sampled set of 2700 p-values.
#   Estimating pi_0.
# Minimal pi_zero = 0.993762
#   Estimated pi_0=0.998325
Using motif +PTBP1_991 of width 7.
Finding best site passing the output threshold in each of the 60 sequences.
Found a best site in 9 sequences.
Computing q-values.
# Computing q-values.
#   Estimating pi_0 from a uniformly sampled set of 2700 p-values.
#   Estimating pi_0.
# Minimal pi_zero = 0.961111
#   Estimated pi_0=0.966794
Using motif +KHDRBS1_1156 of width 6.
Finding best site passing the output threshold in each of the 60 sequences.
Found a best site in 2 sequences.
Computing q-values.
# Computing q-values.
#   Estimating pi_0 from a uniformly sampled set of 2760 p-values.
#   Estimating pi_0.
# Minimal pi_zero = 1.00102
#   Estimated pi_0=1
Using motif +ELAVL1_M232_0.6 of width 7.
Finding best site passing the output threshold in each of the 60 sequences.
Found a best site in 3 sequences.
Computing q-values.
# Computing q-values.
#   Estimating pi_0 from a uniformly sampled set of 2700 p-values.
#   Estimating pi_0.
# Minimal pi_zero = 0.986375
#   Estimated pi_0=0.989796
Using motif +HNRNPA2B1_697 of width 10.
Finding best site passing the output threshold in each of the 60 sequences.
Found a best site in 5 sequences.
Computing q-values.
# Computing q-values.
#   Estimating pi_0 from a uniformly sampled set of 2520 p-values.
#   Estimating pi_0.
# Minimal pi_zero = 0.976484
#   Estimated pi_0=0.98793
Using motif +TARDBP_1280 of width 12.
Finding best site passing the output threshold in each of the 60 sequences.
Found a best site in 1 sequences.
Computing q-values.
# Computing q-values.
#   Estimating pi_0 from a uniformly sampled set of 2400 p-values.
#   Estimating pi_0.
# Minimal pi_zero = 0.961433
#   Estimated pi_0=0.972067
Using motif +HNRNPA1_658 of width 6.
Finding best site passing the output threshold in each of the 60 sequences.
Found a best site in 7 sequences.
Computing q-values.
# Computing q-values.
#   Estimating pi_0 from a uniformly sampled set of 2760 p-values.
#   Estimating pi_0.
# Minimal pi_zero = 0.943478
#   Estimated pi_0=0.954269
Using motif +SRSF1_M351_0.6 of width 10.
Finding best site passing the output threshold in each of the 60 sequences.
Found a best site in 1 sequences.
Computing q-values.
# Computing q-values.
#   Estimating pi_0 from a uniformly sampled set of 2520 p-values.
#   Estimating pi_0.
# Minimal pi_zero = 0.985615
#   Estimated pi_0=0.987842
Using motif +TARDBP_541 of width 8.
Finding best site passing the output threshold in each of the 60 sequences.
Found a best site in 1 sequences.
Computing q-values.
# Computing q-values.
#   Estimating pi_0 from a uniformly sampled set of 2640 p-values.
#   Estimating pi_0.
# Minimal pi_zero = 0.987791
#   Estimated pi_0=0.99671
Using motif +HNRNPA1_662 of width 6.
Finding best site passing the output threshold in each of the 60 sequences.
Found a best site in 1 sequences.
Computing q-values.
# Computing q-values.
#   Estimating pi_0 from a uniformly sampled set of 2760 p-values.
#   Estimating pi_0.
# Minimal pi_zero = 0.974552
#   Estimated pi_0=0.991651
Using motif +HNRNPA2B1_704 of width 11.
Finding best site passing the output threshold in each of the 60 sequences.
Found a best site in 1 sequences.
Computing q-values.
# Computing q-values.
#   Estimating pi_0 from a uniformly sampled set of 2460 p-values.
#   Estimating pi_0.
# Minimal pi_zero = 0.919426
#   Estimated pi_0=0.919879
Using motif +SRSF1_1240 of width 7.
Finding best site passing the output threshold in each of the 60 sequences.
Found a best site in 2 sequences.
Computing q-values.
# Computing q-values.
#   Estimating pi_0 from a uniformly sampled set of 2700 p-values.
#   Estimating pi_0.
# Minimal pi_zero = 0.952107
#   Estimated pi_0=0.96412
Using motif +PTBP1_992 of width 6.
Finding best site passing the output threshold in each of the 60 sequences.
Found a best site in 4 sequences.
Computing q-values.
# Computing q-values.
#   Estimating pi_0 from a uniformly sampled set of 2760 p-values.
#   Estimating pi_0.
# Minimal pi_zero = 0.895394
#   Estimated pi_0=0.914493
Using motif +PTBP1_996 of width 8.
Finding best site passing the output threshold in each of the 60 sequences.
Found a best site in 8 sequences.
Computing q-values.
# Computing q-values.
#   Estimating pi_0 from a uniformly sampled set of 2640 p-values.
#   Estimating pi_0.
# Minimal pi_zero = 0.852594
#   Estimated pi_0=0.856592
Using motif +NOVA1_1130 of width 5.
Finding best site passing the output threshold in each of the 60 sequences.
Found a best site in 0 sequences.
Computing q-values.
Using motif +PTBP1_1023 of width 8.
Finding best site passing the output threshold in each of the 60 sequences.
Found a best site in 5 sequences.
Computing q-values.
# Computing q-values.
#   Estimating pi_0 from a uniformly sampled set of 2640 p-values.
#   Estimating pi_0.
# Minimal pi_zero = 0.915072
#   Estimated pi_0=0.916213
Using motif +NOVA2_s96 of width 7.
Finding best site passing the output threshold in each of the 60 sequences.
Found a best site in 7 sequences.
Computing q-values.
# Computing q-values.
#   Estimating pi_0 from a uniformly sampled set of 2700 p-values.
#   Estimating pi_0.
# Minimal pi_zero = 0.921922
#   Estimated pi_0=0.929671
Using motif +NUDT21_575 of width 5.
Finding best site passing the output threshold in each of the 60 sequences.
Found a best site in 0 sequences.
Computing q-values.
Using motif +HNRNPA2B1_M024_0.6 of width 7.
Finding best site passing the output threshold in each of the 60 sequences.
Found a best site in 4 sequences.
Computing q-values.
# Computing q-values.
#   Estimating pi_0 from a uniformly sampled set of 2700 p-values.
#   Estimating pi_0.
# Minimal pi_zero = 0.987392
#   Estimated pi_0=0.990454
Using motif +HNRNPA1_683 of width 7.
Finding best site passing the output threshold in each of the 60 sequences.
Found a best site in 1 sequences.
Computing q-values.
# Computing q-values.
#   Estimating pi_0 from a uniformly sampled set of 2700 p-values.
#   Estimating pi_0.
# Minimal pi_zero = 0.959577
#   Estimated pi_0=0.959577
Using motif +HNRNPA1_656 of width 6.
Finding best site passing the output threshold in each of the 60 sequences.
Found a best site in 1 sequences.
Computing q-values.
# Computing q-values.
#   Estimating pi_0 from a uniformly sampled set of 2760 p-values.
#   Estimating pi_0.
# Minimal pi_zero = 0.887681
#   Estimated pi_0=0.894892
Using motif +TARDBP_1277 of width 7.
Finding best site passing the output threshold in each of the 60 sequences.
Found a best site in 3 sequences.
Computing q-values.
# Computing q-values.
#   Estimating pi_0 from a uniformly sampled set of 2700 p-values.
#   Estimating pi_0.
# Minimal pi_zero = 0.935033
#   Estimated pi_0=0.936125
Using motif +SRSF1_1236 of width 7.
Finding best site passing the output threshold in each of the 60 sequences.
Found a best site in 8 sequences.
Computing q-values.
# Computing q-values.
#   Estimating pi_0 from a uniformly sampled set of 2700 p-values.
#   Estimating pi_0.
# Minimal pi_zero = 0.897569
#   Estimated pi_0=0.897569
Using motif +PTBP1_1006 of width 6.
Finding best site passing the output threshold in each of the 60 sequences.
Found a best site in 3 sequences.
Computing q-values.
# Computing q-values.
#   Estimating pi_0 from a uniformly sampled set of 2760 p-values.
#   Estimating pi_0.
# Minimal pi_zero = 0.907591
#   Estimated pi_0=0.910628
Using motif +MBNL1_1121 of width 6.
Finding best site passing the output threshold in each of the 60 sequences.
Found a best site in 0 sequences.
Computing q-values.
Using motif +HNRNPA1_183 of width 11.
Finding best site passing the output threshold in each of the 60 sequences.
Found a best site in 10 sequences.
Computing q-values.
# Computing q-values.
#   Estimating pi_0 from a uniformly sampled set of 2460 p-values.
#   Estimating pi_0.
# Minimal pi_zero = 0.887097
#   Estimated pi_0=0.891864
Using motif +PTBP1_71 of width 8.
Finding best site passing the output threshold in each of the 60 sequences.
Found a best site in 5 sequences.
Computing q-values.
# Computing q-values.
#   Estimating pi_0 from a uniformly sampled set of 2640 p-values.
#   Estimating pi_0.
# Minimal pi_zero = 0.915072
#   Estimated pi_0=0.916213
Using motif +NOVA1_459 of width 5.
Finding best site passing the output threshold in each of the 60 sequences.
Found a best site in 4 sequences.
Computing q-values.
# Computing q-values.
#   Estimating pi_0 from a uniformly sampled set of 2820 p-values.
#   Estimating pi_0.
# Minimal pi_zero = 0.895718
#   Estimated pi_0=0.917841
Using motif +SRSF1_1231 of width 8.
Finding best site passing the output threshold in each of the 60 sequences.
Found a best site in 6 sequences.
Computing q-values.
# Computing q-values.
#   Estimating pi_0 from a uniformly sampled set of 2640 p-values.
#   Estimating pi_0.
# Minimal pi_zero = 0.962351
#   Estimated pi_0=0.964592
Using motif +SRSF1_1220 of width 6.
Finding best site passing the output threshold in each of the 60 sequences.
Found a best site in 3 sequences.
Computing q-values.
# Computing q-values.
#   Estimating pi_0 from a uniformly sampled set of 2760 p-values.
#   Estimating pi_0.
# Minimal pi_zero = 0.936232
#   Estimated pi_0=0.936232
Using motif +KHDRBS1_s33 of width 6.
Finding best site passing the output threshold in each of the 60 sequences.
Found a best site in 1 sequences.
Computing q-values.
# Computing q-values.
#   Estimating pi_0 from a uniformly sampled set of 2760 p-values.
#   Estimating pi_0.
# Minimal pi_zero = 0.994624
#   Estimated pi_0=0.997856
Using motif +SRSF1_375 of width 8.
Finding best site passing the output threshold in each of the 60 sequences.
Found a best site in 2 sequences.
Computing q-values.
# Computing q-values.
#   Estimating pi_0 from a uniformly sampled set of 2640 p-values.
#   Estimating pi_0.
# Minimal pi_zero = 0.961218
#   Estimated pi_0=0.967652
Using motif +PTBP1_995 of width 12.
Finding best site passing the output threshold in each of the 60 sequences.
Found a best site in 7 sequences.
Computing q-values.
# Computing q-values.
#   Estimating pi_0 from a uniformly sampled set of 2400 p-values.
#   Estimating pi_0.
# Minimal pi_zero = 0.930931
#   Estimated pi_0=0.934366
Using motif +PTBP1_997 of width 6.
Finding best site passing the output threshold in each of the 60 sequences.
Found a best site in 1 sequences.
Computing q-values.
# Computing q-values.
#   Estimating pi_0 from a uniformly sampled set of 2760 p-values.
#   Estimating pi_0.
# Minimal pi_zero = 0.94659
#   Estimated pi_0=0.94659
Using motif +ELAVL1_84 of width 11.
Finding best site passing the output threshold in each of the 60 sequences.
Found a best site in 4 sequences.
Computing q-values.
# Computing q-values.
#   Estimating pi_0 from a uniformly sampled set of 2460 p-values.
#   Estimating pi_0.
# Minimal pi_zero = 0.982274
#   Estimated pi_0=0.983121
Using motif +SRSF1_s22 of width 10.
Finding best site passing the output threshold in each of the 60 sequences.
Found a best site in 1 sequences.
Computing q-values.
# Computing q-values.
#   Estimating pi_0 from a uniformly sampled set of 2520 p-values.
#   Estimating pi_0.
# Minimal pi_zero = 0.992063
#   Estimated pi_0=0.996564
Using motif +PTBP1_1022 of width 8.
Finding best site passing the output threshold in each of the 60 sequences.
Found a best site in 3 sequences.
Computing q-values.
# Computing q-values.
#   Estimating pi_0 from a uniformly sampled set of 2640 p-values.
#   Estimating pi_0.
# Minimal pi_zero = 0.872518
#   Estimated pi_0=0.872831
Using motif +PTBP1_133 of width 6.
Finding best site passing the output threshold in each of the 60 sequences.
Found a best site in 3 sequences.
Computing q-values.
# Computing q-values.
#   Estimating pi_0 from a uniformly sampled set of 2760 p-values.
#   Estimating pi_0.
# Minimal pi_zero = 0.907591
#   Estimated pi_0=0.910628
Using motif +HNRNPA1_648 of width 6.
Finding best site passing the output threshold in each of the 60 sequences.
Found a best site in 7 sequences.
Computing q-values.
# Computing q-values.
#   Estimating pi_0 from a uniformly sampled set of 2760 p-values.
#   Estimating pi_0.
# Minimal pi_zero = 0.963371
#   Estimated pi_0=0.965404
Using motif +SRSF1_1238 of width 7.
Finding best site passing the output threshold in each of the 60 sequences.
Found a best site in 2 sequences.
Computing q-values.
# Computing q-values.
#   Estimating pi_0 from a uniformly sampled set of 2700 p-values.
#   Estimating pi_0.
# Minimal pi_zero = 0.879253
#   Estimated pi_0=0.879253
Using motif +QKI_352 of width 6.
Finding best site passing the output threshold in each of the 60 sequences.
Found a best site in 15 sequences.
Computing q-values.
# Computing q-values.
#   Estimating pi_0 from a uniformly sampled set of 2760 p-values.
#   Estimating pi_0.
# Minimal pi_zero = 0.949123
#   Estimated pi_0=0.949123
Using motif +HNRNPA1_645 of width 7.
Finding best site passing the output threshold in each of the 60 sequences.
Found a best site in 1 sequences.
Computing q-values.
# Computing q-values.
#   Estimating pi_0 from a uniformly sampled set of 2700 p-values.
#   Estimating pi_0.
# Minimal pi_zero = 0.998148
#   Estimated pi_0=1
Using motif +HNRNPA1_654 of width 5.
Finding best site passing the output threshold in each of the 60 sequences.
Found a best site in 0 sequences.
Computing q-values.
Using motif +HNRNPA1_688 of width 10.
Finding best site passing the output threshold in each of the 60 sequences.
Found a best site in 0 sequences.
Computing q-values.
Using motif +PTBP1_M227_0.6 of width 7.
Finding best site passing the output threshold in each of the 60 sequences.
Found a best site in 5 sequences.
Computing q-values.
# Computing q-values.
#   Estimating pi_0 from a uniformly sampled set of 2700 p-values.
#   Estimating pi_0.
# Minimal pi_zero = 0.951132
#   Estimated pi_0=0.959477
Using motif +PTBP1_994 of width 9.
Finding best site passing the output threshold in each of the 60 sequences.
Found a best site in 6 sequences.
Computing q-values.
# Computing q-values.
#   Estimating pi_0 from a uniformly sampled set of 2580 p-values.
#   Estimating pi_0.
# Minimal pi_zero = 0.890365
#   Estimated pi_0=0.891473
Using motif +NOVA2_1133 of width 5.
Finding best site passing the output threshold in each of the 60 sequences.
Found a best site in 0 sequences.
Computing q-values.
Using motif +SRSF1_s50 of width 7.
Finding best site passing the output threshold in each of the 60 sequences.
Found a best site in 5 sequences.
Computing q-values.
# Computing q-values.
#   Estimating pi_0 from a uniformly sampled set of 2700 p-values.
#   Estimating pi_0.
# Minimal pi_zero = 0.945946
#   Estimated pi_0=0.959615
Using motif +PTBP1_1015 of width 7.
Finding best site passing the output threshold in each of the 60 sequences.
Found a best site in 1 sequences.
Computing q-values.
# Computing q-values.
#   Estimating pi_0 from a uniformly sampled set of 2700 p-values.
#   Estimating pi_0.
# Minimal pi_zero = 0.959577
#   Estimated pi_0=0.959577
Using motif +PTBP1_1016 of width 7.
Finding best site passing the output threshold in each of the 60 sequences.
Found a best site in 3 sequences.
Computing q-values.
# Computing q-values.
#   Estimating pi_0 from a uniformly sampled set of 2700 p-values.
#   Estimating pi_0.
# Minimal pi_zero = 0.791346
#   Estimated pi_0=0.794678
Using motif +SRSF1_1230 of width 10.
Finding best site passing the output threshold in each of the 60 sequences.
Found a best site in 6 sequences.
Computing q-values.
# Computing q-values.
#   Estimating pi_0 from a uniformly sampled set of 2520 p-values.
#   Estimating pi_0.
# Minimal pi_zero = 0.991151
#   Estimated pi_0=0.997274
Using motif +TARDBP_178 of width 12.
Finding best site passing the output threshold in each of the 60 sequences.
Found a best site in 1 sequences.
Computing q-values.
# Computing q-values.
#   Estimating pi_0 from a uniformly sampled set of 2400 p-values.
#   Estimating pi_0.
# Minimal pi_zero = 0.961433
#   Estimated pi_0=0.972067
Using motif +NOVA1_1127 of width 7.
Finding best site passing the output threshold in each of the 60 sequences.
Found a best site in 3 sequences.
Computing q-values.
# Computing q-values.
#   Estimating pi_0 from a uniformly sampled set of 2700 p-values.
#   Estimating pi_0.
# Minimal pi_zero = 0.791346
#   Estimated pi_0=0.794678
Using motif +MBNL1_1122 of width 10.
Finding best site passing the output threshold in each of the 60 sequences.
Found a best site in 6 sequences.
Computing q-values.
# Computing q-values.
#   Estimating pi_0 from a uniformly sampled set of 2520 p-values.
#   Estimating pi_0.
# Minimal pi_zero = 0.947813
#   Estimated pi_0=0.959895
Using motif +TARDBP_1279 of width 6.
Finding best site passing the output threshold in each of the 60 sequences.
Found a best site in 1 sequences.
Computing q-values.
# Computing q-values.
#   Estimating pi_0 from a uniformly sampled set of 2760 p-values.
#   Estimating pi_0.
# Minimal pi_zero = 0.966024
#   Estimated pi_0=0.966024
Using motif +HNRNPA1_642 of width 6.
Finding best site passing the output threshold in each of the 60 sequences.
Found a best site in 1 sequences.
Computing q-values.
# Computing q-values.
#   Estimating pi_0 from a uniformly sampled set of 2760 p-values.
#   Estimating pi_0.
# Minimal pi_zero = 0.987027
#   Estimated pi_0=0.996961
Using motif +HNRNPA2B1_700 of width 6.
Finding best site passing the output threshold in each of the 60 sequences.
Found a best site in 1 sequences.
Computing q-values.
# Computing q-values.
#   Estimating pi_0 from a uniformly sampled set of 2760 p-values.
#   Estimating pi_0.
# Minimal pi_zero = 0.974787
#   Estimated pi_0=0.975057
Using motif +ZFP36_128 of width 5.
Finding best site passing the output threshold in each of the 60 sequences.
Found a best site in 0 sequences.
Computing q-values.
Using motif +SRSF1_1228 of width 7.
Finding best site passing the output threshold in each of the 60 sequences.
Found a best site in 5 sequences.
Computing q-values.
# Computing q-values.
#   Estimating pi_0 from a uniformly sampled set of 2700 p-values.
#   Estimating pi_0.
# Minimal pi_zero = 0.953003
#   Estimated pi_0=0.961632
Using motif +ELAVL1_476 of width 5.
Finding best site passing the output threshold in each of the 60 sequences.
Found a best site in 0 sequences.
Computing q-values.
Using motif +SRSF1_1225 of width 8.
Finding best site passing the output threshold in each of the 60 sequences.
Found a best site in 3 sequences.
Computing q-values.
# Computing q-values.
#   Estimating pi_0 from a uniformly sampled set of 2640 p-values.
#   Estimating pi_0.
# Minimal pi_zero = 0.982844
#   Estimated pi_0=0.982844
Using motif +HNRNPA1_674 of width 10.
Finding best site passing the output threshold in each of the 60 sequences.
Found a best site in 1 sequences.
Computing q-values.
# Computing q-values.
#   Estimating pi_0 from a uniformly sampled set of 2520 p-values.
#   Estimating pi_0.
# Minimal pi_zero = 1.00144
#   Estimated pi_0=1
Using motif +MBNL1_1124 of width 9.
Finding best site passing the output threshold in each of the 60 sequences.
Found a best site in 8 sequences.
Computing q-values.
# Computing q-values.
#   Estimating pi_0 from a uniformly sampled set of 2580 p-values.
#   Estimating pi_0.
# Minimal pi_zero = 0.808416
#   Estimated pi_0=0.808416
Using motif +HNRNPA1_689 of width 6.
Finding best site passing the output threshold in each of the 60 sequences.
Found a best site in 1 sequences.
Computing q-values.
# Computing q-values.
#   Estimating pi_0 from a uniformly sampled set of 2760 p-values.
#   Estimating pi_0.
# Minimal pi_zero = 0.987027
#   Estimated pi_0=0.996961
Using motif +PTBP1_117 of width 5.
Finding best site passing the output threshold in each of the 60 sequences.
Found a best site in 8 sequences.
Computing q-values.
# Computing q-values.
#   Estimating pi_0 from a uniformly sampled set of 2820 p-values.
#   Estimating pi_0.
# Minimal pi_zero = 0.906078
#   Estimated pi_0=0.913969
Using motif +SRSF1_1217 of width 11.
Finding best site passing the output threshold in each of the 60 sequences.
Found a best site in 2 sequences.
Computing q-values.
# Computing q-values.
#   Estimating pi_0 from a uniformly sampled set of 2460 p-values.
#   Estimating pi_0.
# Minimal pi_zero = 0.9848
#   Estimated pi_0=1
Using motif +HNRNPA1_680 of width 6.
Finding best site passing the output threshold in each of the 60 sequences.
Found a best site in 1 sequences.
Computing q-values.
# Computing q-values.
#   Estimating pi_0 from a uniformly sampled set of 2760 p-values.
#   Estimating pi_0.
# Minimal pi_zero = 0.987027
#   Estimated pi_0=1
Using motif +ZFP36_M350_0.6 of width 9.
Finding best site passing the output threshold in each of the 60 sequences.
Found a best site in 1 sequences.
Computing q-values.
# Computing q-values.
#   Estimating pi_0 from a uniformly sampled set of 2580 p-values.
#   Estimating pi_0.
# Minimal pi_zero = 1.0011
#   Estimated pi_0=1
Using motif +NOVA2_564 of width 11.
Finding best site passing the output threshold in each of the 60 sequences.
Found a best site in 2 sequences.
Computing q-values.
# Computing q-values.
#   Estimating pi_0 from a uniformly sampled set of 2460 p-values.
#   Estimating pi_0.
# Minimal pi_zero = 0.902114
#   Estimated pi_0=0.907342
Using motif +ELAVL1_s101 of width 7.
Finding best site passing the output threshold in each of the 60 sequences.
Found a best site in 6 sequences.
Computing q-values.
# Computing q-values.
#   Estimating pi_0 from a uniformly sampled set of 2700 p-values.
#   Estimating pi_0.
# Minimal pi_zero = 0.985224
#   Estimated pi_0=0.986017
Using motif +ELAVL1_M031_0.6 of width 7.
Finding best site passing the output threshold in each of the 60 sequences.
Found a best site in 5 sequences.
Computing q-values.
# Computing q-values.
#   Estimating pi_0 from a uniformly sampled set of 2700 p-values.
#   Estimating pi_0.
# Minimal pi_zero = 0.992292
#   Estimated pi_0=0.992292
Using motif +KHDRBS1_1158 of width 7.
Finding best site passing the output threshold in each of the 60 sequences.
Found a best site in 1 sequences.
Computing q-values.
# Computing q-values.
#   Estimating pi_0 from a uniformly sampled set of 2700 p-values.
#   Estimating pi_0.
# Minimal pi_zero = 0.959577
#   Estimated pi_0=0.959577
Using motif +FUS_1058 of width 7.
Finding best site passing the output threshold in each of the 60 sequences.
Found a best site in 2 sequences.
Computing q-values.
# Computing q-values.
#   Estimating pi_0 from a uniformly sampled set of 2700 p-values.
#   Estimating pi_0.
# Minimal pi_zero = 0.999564
#   Estimated pi_0=0.999814
Using motif +PTBP1_993 of width 8.
Finding best site passing the output threshold in each of the 60 sequences.
Found a best site in 4 sequences.
Computing q-values.
# Computing q-values.
#   Estimating pi_0 from a uniformly sampled set of 2640 p-values.
#   Estimating pi_0.
# Minimal pi_zero = 0.929874
#   Estimated pi_0=0.931949
Using motif +QKI_1138 of width 6.
Finding best site passing the output threshold in each of the 60 sequences.
Found a best site in 2 sequences.
Computing q-values.
# Computing q-values.
#   Estimating pi_0 from a uniformly sampled set of 2760 p-values.
#   Estimating pi_0.
# Minimal pi_zero = 0.990505
#   Estimated pi_0=0.995096
Using motif +HNRNPA1_675 of width 6.
Finding best site passing the output threshold in each of the 60 sequences.
Found a best site in 1 sequences.
Computing q-values.
# Computing q-values.
#   Estimating pi_0 from a uniformly sampled set of 2760 p-values.
#   Estimating pi_0.
# Minimal pi_zero = 0.974787
#   Estimated pi_0=0.975057
Using motif +TARDBP_1281 of width 8.
Finding best site passing the output threshold in each of the 60 sequences.
Found a best site in 2 sequences.
Computing q-values.
# Computing q-values.
#   Estimating pi_0 from a uniformly sampled set of 2640 p-values.
#   Estimating pi_0.
# Minimal pi_zero = 0.956938
#   Estimated pi_0=0.969697
Using motif +MBNL1_1125 of width 9.
Finding best site passing the output threshold in each of the 60 sequences.
Found a best site in 2 sequences.
Computing q-values.
# Computing q-values.
#   Estimating pi_0 from a uniformly sampled set of 2580 p-values.
#   Estimating pi_0.
# Minimal pi_zero = 0.870543
#   Estimated pi_0=0.881111
Using motif +PTBP1_1021 of width 5.
Finding best site passing the output threshold in each of the 60 sequences.
Found a best site in 8 sequences.
Computing q-values.
# Computing q-values.
#   Estimating pi_0 from a uniformly sampled set of 2820 p-values.
#   Estimating pi_0.
# Minimal pi_zero = 0.906078
#   Estimated pi_0=0.913969
Using motif +NOVA1_440 of width 7.
Finding best site passing the output threshold in each of the 60 sequences.
Found a best site in 5 sequences.
Computing q-values.
# Computing q-values.
#   Estimating pi_0 from a uniformly sampled set of 2700 p-values.
#   Estimating pi_0.
# Minimal pi_zero = 0.918757
#   Estimated pi_0=0.924594
Using motif +SRSF1_167 of width 7.
Finding best site passing the output threshold in each of the 60 sequences.
Found a best site in 0 sequences.
Computing q-values.
Using motif +HNRNPA1_639 of width 10.
Finding best site passing the output threshold in each of the 60 sequences.
Found a best site in 1 sequences.
Computing q-values.
# Computing q-values.
#   Estimating pi_0 from a uniformly sampled set of 2520 p-values.
#   Estimating pi_0.
# Minimal pi_zero = 0.952965
#   Estimated pi_0=0.956916
Using motif +HNRNPA2B1_707 of width 11.
Finding best site passing the output threshold in each of the 60 sequences.
Found a best site in 8 sequences.
Computing q-values.
# Computing q-values.
#   Estimating pi_0 from a uniformly sampled set of 2460 p-values.
#   Estimating pi_0.
# Minimal pi_zero = 0.909477
#   Estimated pi_0=0.910202
Using motif +PTBP1_1019 of width 5.
Finding best site passing the output threshold in each of the 60 sequences.
Found a best site in 5 sequences.
Computing q-values.
# Computing q-values.
#   Estimating pi_0 from a uniformly sampled set of 2820 p-values.
#   Estimating pi_0.
# Minimal pi_zero = 0.900113
#   Estimated pi_0=0.900113
Using motif +HNRNPA1_641 of width 6.
Finding best site passing the output threshold in each of the 60 sequences.
Found a best site in 8 sequences.
Computing q-values.
# Computing q-values.
#   Estimating pi_0 from a uniformly sampled set of 2760 p-values.
#   Estimating pi_0.
# Minimal pi_zero = 0.954187
#   Estimated pi_0=0.961646
Using motif +HNRNPA2B1_708 of width 11.
Finding best site passing the output threshold in each of the 60 sequences.
Found a best site in 10 sequences.
Computing q-values.
# Computing q-values.
#   Estimating pi_0 from a uniformly sampled set of 2460 p-values.
#   Estimating pi_0.
# Minimal pi_zero = 0.887097
#   Estimated pi_0=0.889455
Using motif +QKI_1142 of width 6.
Finding best site passing the output threshold in each of the 60 sequences.
Found a best site in 3 sequences.
Computing q-values.
# Computing q-values.
#   Estimating pi_0 from a uniformly sampled set of 2760 p-values.
#   Estimating pi_0.
# Minimal pi_zero = 0.994364
#   Estimated pi_0=0.995193
Using motif +HNRNPA1_684 of width 7.
Finding best site passing the output threshold in each of the 60 sequences.
Found a best site in 3 sequences.
Computing q-values.
# Computing q-values.
#   Estimating pi_0 from a uniformly sampled set of 2700 p-values.
#   Estimating pi_0.
# Minimal pi_zero = 0.791346
#   Estimated pi_0=0.791346
Using motif +PTBP1_999 of width 6.
Finding best site passing the output threshold in each of the 60 sequences.
Found a best site in 3 sequences.
Computing q-values.
# Computing q-values.
#   Estimating pi_0 from a uniformly sampled set of 2760 p-values.
#   Estimating pi_0.
# Minimal pi_zero = 0.950584
#   Estimated pi_0=0.951269
Using motif +SRSF1_1232 of width 7.
Finding best site passing the output threshold in each of the 60 sequences.
Found a best site in 2 sequences.
Computing q-values.
# Computing q-values.
#   Estimating pi_0 from a uniformly sampled set of 2700 p-values.
#   Estimating pi_0.
# Minimal pi_zero = 0.939068
#   Estimated pi_0=0.941966
Using motif +HNRNPA1_655 of width 8.
Finding best site passing the output threshold in each of the 60 sequences.
Found a best site in 2 sequences.
Computing q-values.
# Computing q-values.
#   Estimating pi_0 from a uniformly sampled set of 2640 p-values.
#   Estimating pi_0.
# Minimal pi_zero = 0.995787
#   Estimated pi_0=0.997475
Using motif +NOVA2_s29 of width 7.
Finding best site passing the output threshold in each of the 60 sequences.
Found a best site in 3 sequences.
Computing q-values.
# Computing q-values.
#   Estimating pi_0 from a uniformly sampled set of 2700 p-values.
#   Estimating pi_0.
# Minimal pi_zero = 0.970971
#   Estimated pi_0=0.975152
Using motif +TARDBP_1276 of width 7.
Finding best site passing the output threshold in each of the 60 sequences.
Found a best site in 2 sequences.
Computing q-values.
# Computing q-values.
#   Estimating pi_0 from a uniformly sampled set of 2700 p-values.
#   Estimating pi_0.
# Minimal pi_zero = 0.933819
#   Estimated pi_0=0.939476
Using motif +HNRNPA1_678 of width 6.
Finding best site passing the output threshold in each of the 60 sequences.
Found a best site in 2 sequences.
Computing q-values.
# Computing q-values.
#   Estimating pi_0 from a uniformly sampled set of 2760 p-values.
#   Estimating pi_0.
# Minimal pi_zero = 0.979442
#   Estimated pi_0=0.980415
Using motif +PTBP1_105 of width 8.
Finding best site passing the output threshold in each of the 60 sequences.
Found a best site in 3 sequences.
Computing q-values.
# Computing q-values.
#   Estimating pi_0 from a uniformly sampled set of 2640 p-values.
#   Estimating pi_0.
# Minimal pi_zero = 0.872518
#   Estimated pi_0=0.872831
Using motif +HNRNPA2B1_125 of width 11.
Finding best site passing the output threshold in each of the 60 sequences.
Found a best site in 10 sequences.
Computing q-values.
# Computing q-values.
#   Estimating pi_0 from a uniformly sampled set of 2460 p-values.
#   Estimating pi_0.
# Minimal pi_zero = 0.887097
#   Estimated pi_0=0.889455
Using motif +TARDBP_M074_0.6 of width 8.
Finding best site passing the output threshold in each of the 60 sequences.
Found a best site in 2 sequences.
Computing q-values.
# Computing q-values.
#   Estimating pi_0 from a uniformly sampled set of 2640 p-values.
#   Estimating pi_0.
# Minimal pi_zero = 1.00033
#   Estimated pi_0=1
Using motif +NOVA2_s28 of width 6.
Finding best site passing the output threshold in each of the 60 sequences.
Found a best site in 6 sequences.
Computing q-values.
# Computing q-values.
#   Estimating pi_0 from a uniformly sampled set of 2760 p-values.
#   Estimating pi_0.
# Minimal pi_zero = 0.944099
#   Estimated pi_0=0.94617
Using motif +PTBP1_1025 of width 6.
Finding best site passing the output threshold in each of the 60 sequences.
Found a best site in 3 sequences.
Computing q-values.
# Computing q-values.
#   Estimating pi_0 from a uniformly sampled set of 2760 p-values.
#   Estimating pi_0.
# Minimal pi_zero = 0.907591
#   Estimated pi_0=0.910628
Using motif +HNRNPA1_691 of width 6.
Finding best site passing the output threshold in each of the 60 sequences.
Found a best site in 1 sequences.
Computing q-values.
# Computing q-values.
#   Estimating pi_0 from a uniformly sampled set of 2760 p-values.
#   Estimating pi_0.
# Minimal pi_zero = 0.976792
#   Estimated pi_0=0.986244
Using motif +ELAVL1_1106 of width 7.
Finding best site passing the output threshold in each of the 60 sequences.
Found a best site in 1 sequences.
Computing q-values.
# Computing q-values.
#   Estimating pi_0 from a uniformly sampled set of 2700 p-values.
#   Estimating pi_0.
# Minimal pi_zero = 0.959577
#   Estimated pi_0=0.959577
Using motif +HNRNPA1_687 of width 10.
Finding best site passing the output threshold in each of the 60 sequences.
Found a best site in 3 sequences.
Computing q-values.
# Computing q-values.
#   Estimating pi_0 from a uniformly sampled set of 2520 p-values.
#   Estimating pi_0.
# Minimal pi_zero = 0.986991
#   Estimated pi_0=0.992063
Using motif +NUDT21_499 of width 4.
Finding best site passing the output threshold in each of the 60 sequences.
Found a best site in 0 sequences.
Computing q-values.
Using motif +QKI_1141 of width 6.
Finding best site passing the output threshold in each of the 60 sequences.
Found a best site in 2 sequences.
Computing q-values.
# Computing q-values.
#   Estimating pi_0 from a uniformly sampled set of 2760 p-values.
#   Estimating pi_0.
# Minimal pi_zero = 0.976508
#   Estimated pi_0=0.996377
Using motif +HNRNPA1_686 of width 7.
Finding best site passing the output threshold in each of the 60 sequences.
Found a best site in 1 sequences.
Computing q-values.
# Computing q-values.
#   Estimating pi_0 from a uniformly sampled set of 2700 p-values.
#   Estimating pi_0.
# Minimal pi_zero = 0.959577
#   Estimated pi_0=0.959577
Using motif +HNRNPA1_685 of width 7.
Finding best site passing the output threshold in each of the 60 sequences.
Found a best site in 2 sequences.
Computing q-values.
# Computing q-values.
#   Estimating pi_0 from a uniformly sampled set of 2700 p-values.
#   Estimating pi_0.
# Minimal pi_zero = 0.999564
#   Estimated pi_0=0.999814
Using motif +SRSF1_M102_0.6 of width 7.
Finding best site passing the output threshold in each of the 60 sequences.
Found a best site in 5 sequences.
Computing q-values.
# Computing q-values.
#   Estimating pi_0 from a uniformly sampled set of 2700 p-values.
#   Estimating pi_0.
# Minimal pi_zero = 0.984725
#   Estimated pi_0=0.98646
Using motif +FUS_s31 of width 6.
Finding best site passing the output threshold in each of the 60 sequences.
Found a best site in 5 sequences.
Computing q-values.
# Computing q-values.
#   Estimating pi_0 from a uniformly sampled set of 2760 p-values.
#   Estimating pi_0.
# Minimal pi_zero = 0.978457
#   Estimated pi_0=0.979032
Using motif +SRSF1_1219 of width 6.
Finding best site passing the output threshold in each of the 60 sequences.
Found a best site in 3 sequences.
Computing q-values.
# Computing q-values.
#   Estimating pi_0 from a uniformly sampled set of 2760 p-values.
#   Estimating pi_0.
# Minimal pi_zero = 0.960424
#   Estimated pi_0=0.962455
Using motif +NOVA1_1132 of width 5.
Finding best site passing the output threshold in each of the 60 sequences.
Found a best site in 0 sequences.
Computing q-values.
Using motif +SRSF1_1213 of width 9.
Finding best site passing the output threshold in each of the 60 sequences.
Found a best site in 3 sequences.
Computing q-values.
# Computing q-values.
#   Estimating pi_0 from a uniformly sampled set of 2580 p-values.
#   Estimating pi_0.
# Minimal pi_zero = 0.981051
#   Estimated pi_0=0.986395
Using motif +HNRNPA2B1_711 of width 6.
Finding best site passing the output threshold in each of the 60 sequences.
Found a best site in 2 sequences.
Computing q-values.
# Computing q-values.
#   Estimating pi_0 from a uniformly sampled set of 2760 p-values.
#   Estimating pi_0.
# Minimal pi_zero = 0.977771
#   Estimated pi_0=0.980415
Using motif +HNRNPA1_640 of width 10.
Finding best site passing the output threshold in each of the 60 sequences.
Found a best site in 5 sequences.
Computing q-values.
# Computing q-values.
#   Estimating pi_0 from a uniformly sampled set of 2520 p-values.
#   Estimating pi_0.
# Minimal pi_zero = 0.976484
#   Estimated pi_0=0.98793
Using motif +PTBP1_143 of width 5.
Finding best site passing the output threshold in each of the 60 sequences.
Found a best site in 5 sequences.
Computing q-values.
# Computing q-values.
#   Estimating pi_0 from a uniformly sampled set of 2820 p-values.
#   Estimating pi_0.
# Minimal pi_zero = 0.936257
#   Estimated pi_0=0.94202
Using motif +HNRNPA1_676 of width 6.
Finding best site passing the output threshold in each of the 60 sequences.
Found a best site in 1 sequences.
Computing q-values.
# Computing q-values.
#   Estimating pi_0 from a uniformly sampled set of 2760 p-values.
#   Estimating pi_0.
# Minimal pi_zero = 0.997919
#   Estimated pi_0=1
Using motif +PTBP1_1011 of width 11.
Finding best site passing the output threshold in each of the 60 sequences.
Found a best site in 6 sequences.
Computing q-values.
# Computing q-values.
#   Estimating pi_0 from a uniformly sampled set of 2460 p-values.
#   Estimating pi_0.
# Minimal pi_zero = 0.923442
#   Estimated pi_0=0.930993
Using motif +PTBP1_1000 of width 6.
Finding best site passing the output threshold in each of the 60 sequences.
Found a best site in 1 sequences.
Computing q-values.
# Computing q-values.
#   Estimating pi_0 from a uniformly sampled set of 2760 p-values.
#   Estimating pi_0.
# Minimal pi_zero = 0.924038
#   Estimated pi_0=0.927536
Using motif +ZFP36_109 of width 9.
Finding best site passing the output threshold in each of the 60 sequences.
Found a best site in 1 sequences.
Computing q-values.
# Computing q-values.
#   Estimating pi_0 from a uniformly sampled set of 2580 p-values.
#   Estimating pi_0.
# Minimal pi_zero = 0.988159
#   Estimated pi_0=0.992646
Using motif +QKI_M046_0.6 of width 7.
Finding best site passing the output threshold in each of the 60 sequences.
Found a best site in 16 sequences.
Computing q-values.
# Computing q-values.
#   Estimating pi_0 from a uniformly sampled set of 2700 p-values.
#   Estimating pi_0.
# Minimal pi_zero = 0.988777
#   Estimated pi_0=0.99088
Using motif +NOVA1_1128 of width 7.
Finding best site passing the output threshold in each of the 60 sequences.
Found a best site in 7 sequences.
Computing q-values.
# Computing q-values.
#   Estimating pi_0 from a uniformly sampled set of 2700 p-values.
#   Estimating pi_0.
# Minimal pi_zero = 0.921922
#   Estimated pi_0=0.929671
Using motif +HNRNPA1_M022_0.6 of width 7.
Finding best site passing the output threshold in each of the 60 sequences.
Found a best site in 1 sequences.
Computing q-values.
# Computing q-values.
#   Estimating pi_0 from a uniformly sampled set of 2700 p-values.
#   Estimating pi_0.
# Minimal pi_zero = 0.999393
#   Estimated pi_0=1
Using motif +HNRNPA2B1_709 of width 6.
Finding best site passing the output threshold in each of the 60 sequences.
Found a best site in 0 sequences.
Computing q-values.
Using motif +SRSF1_1235 of width 7.
Finding best site passing the output threshold in each of the 60 sequences.
Found a best site in 6 sequences.
Computing q-values.
# Computing q-values.
#   Estimating pi_0 from a uniformly sampled set of 2700 p-values.
#   Estimating pi_0.
# Minimal pi_zero = 0.96356
#   Estimated pi_0=0.973309
Using motif +TARDBP_1283 of width 12.
Finding best site passing the output threshold in each of the 60 sequences.
Found a best site in 1 sequences.
Computing q-values.
# Computing q-values.
#   Estimating pi_0 from a uniformly sampled set of 2400 p-values.
#   Estimating pi_0.
# Minimal pi_zero = 0.961433
#   Estimated pi_0=0.972067
Using motif +SRSF1_M154_0.6 of width 7.
Finding best site passing the output threshold in each of the 60 sequences.
Found a best site in 5 sequences.
Computing q-values.
# Computing q-values.
#   Estimating pi_0 from a uniformly sampled set of 2700 p-values.
#   Estimating pi_0.
# Minimal pi_zero = 0.959259
#   Estimated pi_0=0.959828
Using motif +HNRNPA1_682 of width 6.
Finding best site passing the output threshold in each of the 60 sequences.
Found a best site in 1 sequences.
Computing q-values.
# Computing q-values.
#   Estimating pi_0 from a uniformly sampled set of 2760 p-values.
#   Estimating pi_0.
# Minimal pi_zero = 0.987027
#   Estimated pi_0=0.996961
Using motif +PTBP1_1024 of width 9.
Finding best site passing the output threshold in each of the 60 sequences.
Found a best site in 8 sequences.
Computing q-values.
# Computing q-values.
#   Estimating pi_0 from a uniformly sampled set of 2580 p-values.
#   Estimating pi_0.
# Minimal pi_zero = 0.885716
#   Estimated pi_0=0.885716
Using motif +HNRNPA1_693 of width 10.
Finding best site passing the output threshold in each of the 60 sequences.
Found a best site in 4 sequences.
Computing q-values.
# Computing q-values.
#   Estimating pi_0 from a uniformly sampled set of 2520 p-values.
#   Estimating pi_0.
# Minimal pi_zero = 0.966921
#   Estimated pi_0=0.976555
Using motif +SRSF1_40 of width 6.
Finding best site passing the output threshold in each of the 60 sequences.
Found a best site in 1 sequences.
Computing q-values.
# Computing q-values.
#   Estimating pi_0 from a uniformly sampled set of 2760 p-values.
#   Estimating pi_0.
# Minimal pi_zero = 0.991324
#   Estimated pi_0=0.996101
Using motif +QKI_83 of width 12.
Finding best site passing the output threshold in each of the 60 sequences.
Found a best site in 0 sequences.
Computing q-values.
Using motif +HNRNPA1_677 of width 6.
Finding best site passing the output threshold in each of the 60 sequences.
Found a best site in 0 sequences.
Computing q-values.
Using motif +SRSF1_17 of width 7.
Finding best site passing the output threshold in each of the 60 sequences.
Found a best site in 2 sequences.
Computing q-values.
# Computing q-values.
#   Estimating pi_0 from a uniformly sampled set of 2700 p-values.
#   Estimating pi_0.
# Minimal pi_zero = 0.905751
#   Estimated pi_0=0.92133
Using motif +HNRNPA1_s32 of width 6.
Finding best site passing the output threshold in each of the 60 sequences.
Found a best site in 3 sequences.
Computing q-values.
# Computing q-values.
#   Estimating pi_0 from a uniformly sampled set of 2760 p-values.
#   Estimating pi_0.
# Minimal pi_zero = 0.9929
#   Estimated pi_0=0.9929
Using motif +SRSF1_1237 of width 7.
Finding best site passing the output threshold in each of the 60 sequences.
Found a best site in 3 sequences.
Computing q-values.
# Computing q-values.
#   Estimating pi_0 from a uniformly sampled set of 2700 p-values.
#   Estimating pi_0.
# Minimal pi_zero = 0.907071
#   Estimated pi_0=0.910415
Using motif +PTBP1_59 of width 5.
Finding best site passing the output threshold in each of the 60 sequences.
Found a best site in 0 sequences.
Computing q-values.
Using motif +QKI_3 of width 6.
Finding best site passing the output threshold in each of the 60 sequences.
Found a best site in 15 sequences.
Computing q-values.
# Computing q-values.
#   Estimating pi_0 from a uniformly sampled set of 2760 p-values.
#   Estimating pi_0.
# Minimal pi_zero = 0.949123
#   Estimated pi_0=0.955339
Using motif +PTBP1_25 of width 9.
Finding best site passing the output threshold in each of the 60 sequences.
Found a best site in 8 sequences.
Computing q-values.
# Computing q-values.
#   Estimating pi_0 from a uniformly sampled set of 2580 p-values.
#   Estimating pi_0.
# Minimal pi_zero = 0.885716
#   Estimated pi_0=0.89254
Using motif +HNRNPA1_72 of width 6.
Finding best site passing the output threshold in each of the 60 sequences.
Found a best site in 1 sequences.
Computing q-values.
# Computing q-values.
#   Estimating pi_0 from a uniformly sampled set of 2760 p-values.
#   Estimating pi_0.
# Minimal pi_zero = 0.991171
#   Estimated pi_0=0.995828
Using motif +SRSF1_1212 of width 8.
Finding best site passing the output threshold in each of the 60 sequences.
Found a best site in 9 sequences.
Computing q-values.
# Computing q-values.
#   Estimating pi_0 from a uniformly sampled set of 2640 p-values.
#   Estimating pi_0.
# Minimal pi_zero = 0.952315
#   Estimated pi_0=0.952975
Using motif +PTBP1_1003 of width 7.
Finding best site passing the output threshold in each of the 60 sequences.
Found a best site in 4 sequences.
Computing q-values.
# Computing q-values.
#   Estimating pi_0 from a uniformly sampled set of 2700 p-values.
#   Estimating pi_0.
# Minimal pi_zero = 0.882318
#   Estimated pi_0=0.893827
Using motif +HNRNPA1_52 of width 11.
Finding best site passing the output threshold in each of the 60 sequences.
Found a best site in 10 sequences.
Computing q-values.
# Computing q-values.
#   Estimating pi_0 from a uniformly sampled set of 2460 p-values.
#   Estimating pi_0.
# Minimal pi_zero = 0.887097
#   Estimated pi_0=0.889455
Using motif +ELAVL1_164 of width 12.
Finding best site passing the output threshold in each of the 60 sequences.
Found a best site in 0 sequences.
Computing q-values.
Using motif +PTBP1_136 of width 5.
Finding best site passing the output threshold in each of the 60 sequences.
Found a best site in 5 sequences.
Computing q-values.
# Computing q-values.
#   Estimating pi_0 from a uniformly sampled set of 2820 p-values.
#   Estimating pi_0.
# Minimal pi_zero = 0.900113
#   Estimated pi_0=0.900113
Using motif +SRSF1_1239 of width 9.
Finding best site passing the output threshold in each of the 60 sequences.
Found a best site in 3 sequences.
Computing q-values.
# Computing q-values.
#   Estimating pi_0 from a uniformly sampled set of 2580 p-values.
#   Estimating pi_0.
# Minimal pi_zero = 0.995332
#   Estimated pi_0=0.999572
Using motif +MBNL1_1126 of width 10.
Finding best site passing the output threshold in each of the 60 sequences.
Found a best site in 4 sequences.
Computing q-values.
# Computing q-values.
#   Estimating pi_0 from a uniformly sampled set of 2520 p-values.
#   Estimating pi_0.
# Minimal pi_zero = 0.872222
#   Estimated pi_0=0.880503
Using motif +ELAVL1_1107 of width 7.
Finding best site passing the output threshold in each of the 60 sequences.
Found a best site in 3 sequences.
Computing q-values.
# Computing q-values.
#   Estimating pi_0 from a uniformly sampled set of 2700 p-values.
#   Estimating pi_0.
# Minimal pi_zero = 0.791346
#   Estimated pi_0=0.791346
Using motif +PTBP1_s80 of width 7.
Finding best site passing the output threshold in each of the 60 sequences.
Found a best site in 3 sequences.
Computing q-values.
# Computing q-values.
#   Estimating pi_0 from a uniformly sampled set of 2700 p-values.
#   Estimating pi_0.
# Minimal pi_zero = 0.93526
#   Estimated pi_0=0.93526
Using motif +KHDRBS1_1159 of width 7.
Finding best site passing the output threshold in each of the 60 sequences.
Found a best site in 1 sequences.
Computing q-values.
# Computing q-values.
#   Estimating pi_0 from a uniformly sampled set of 2700 p-values.
#   Estimating pi_0.
# Minimal pi_zero = 0.959577
#   Estimated pi_0=0.959577
Using motif +HNRNPA1_650 of width 5.
Finding best site passing the output threshold in each of the 60 sequences.
Found a best site in 0 sequences.
Computing q-values.
Using motif +HNRNPA1_649 of width 10.
Finding best site passing the output threshold in each of the 60 sequences.
Found a best site in 5 sequences.
Computing q-values.
# Computing q-values.
#   Estimating pi_0 from a uniformly sampled set of 2520 p-values.
#   Estimating pi_0.
# Minimal pi_zero = 0.976484
#   Estimated pi_0=0.983758
Using motif +PTBP1_1020 of width 5.
Finding best site passing the output threshold in each of the 60 sequences.
Found a best site in 0 sequences.
Computing q-values.
Using motif +PTBP1_489 of width 4.
Finding best site passing the output threshold in each of the 60 sequences.
Found a best site in 0 sequences.
Computing q-values.
Using motif +HNRNPA1_694 of width 6.
Finding best site passing the output threshold in each of the 60 sequences.
Found a best site in 0 sequences.
Computing q-values.
Using motif +HNRNPA1_661 of width 5.
Finding best site passing the output threshold in each of the 60 sequences.
Found a best site in 0 sequences.
Computing q-values.
Using motif +TARDBP_1278 of width 7.
Finding best site passing the output threshold in each of the 60 sequences.
Found a best site in 4 sequences.
Computing q-values.
# Computing q-values.
#   Estimating pi_0 from a uniformly sampled set of 2700 p-values.
#   Estimating pi_0.
# Minimal pi_zero = 0.916591
#   Estimated pi_0=0.916591
Using motif +HNRNPA1_673 of width 7.
Finding best site passing the output threshold in each of the 60 sequences.
Found a best site in 4 sequences.
Computing q-values.
# Computing q-values.
#   Estimating pi_0 from a uniformly sampled set of 2700 p-values.
#   Estimating pi_0.
# Minimal pi_zero = 0.995252
#   Estimated pi_0=1
Using motif +HNRNPA2B1_701 of width 6.
Finding best site passing the output threshold in each of the 60 sequences.
Found a best site in 1 sequences.
Computing q-values.
# Computing q-values.
#   Estimating pi_0 from a uniformly sampled set of 2760 p-values.
#   Estimating pi_0.
# Minimal pi_zero = 0.997919
#   Estimated pi_0=1
Using motif +NOVA1_1129 of width 7.
Finding best site passing the output threshold in each of the 60 sequences.
Found a best site in 1 sequences.
Computing q-values.
# Computing q-values.
#   Estimating pi_0 from a uniformly sampled set of 2700 p-values.
#   Estimating pi_0.
# Minimal pi_zero = 0.959577
#   Estimated pi_0=0.959577
Using motif +QKI_70 of width 12.
Finding best site passing the output threshold in each of the 60 sequences.
Found a best site in 0 sequences.
Computing q-values.
Using motif +ELAVL1_M127_0.6 of width 7.
Finding best site passing the output threshold in each of the 60 sequences.
Found a best site in 4 sequences.
Computing q-values.
# Computing q-values.
#   Estimating pi_0 from a uniformly sampled set of 2700 p-values.
#   Estimating pi_0.
# Minimal pi_zero = 0.996633
#   Estimated pi_0=0.996836
Using motif +PTBP1_s100 of width 7.
Finding best site passing the output threshold in each of the 60 sequences.
Found a best site in 5 sequences.
Computing q-values.
# Computing q-values.
#   Estimating pi_0 from a uniformly sampled set of 2700 p-values.
#   Estimating pi_0.
# Minimal pi_zero = 0.933613
#   Estimated pi_0=0.939276
Using motif +SRSF1_1222 of width 6.
Finding best site passing the output threshold in each of the 60 sequences.
Found a best site in 2 sequences.
Computing q-values.
# Computing q-values.
#   Estimating pi_0 from a uniformly sampled set of 2760 p-values.
#   Estimating pi_0.
# Minimal pi_zero = 0.961843
#   Estimated pi_0=0.969264
Using motif +SRSF1_1214 of width 10.
Finding best site passing the output threshold in each of the 60 sequences.
Found a best site in 5 sequences.
Computing q-values.
# Computing q-values.
#   Estimating pi_0 from a uniformly sampled set of 2520 p-values.
#   Estimating pi_0.
# Minimal pi_zero = 0.95532
#   Estimated pi_0=0.958767
Using motif +SRSF1_1223 of width 7.
Finding best site passing the output threshold in each of the 60 sequences.
Found a best site in 2 sequences.
Computing q-values.
# Computing q-values.
#   Estimating pi_0 from a uniformly sampled set of 2700 p-values.
#   Estimating pi_0.
# Minimal pi_zero = 0.952123
#   Estimated pi_0=0.959766
Using motif +PTBP1_100 of width 10.
Finding best site passing the output threshold in each of the 60 sequences.
Found a best site in 6 sequences.
Computing q-values.
# Computing q-values.
#   Estimating pi_0 from a uniformly sampled set of 2520 p-values.
#   Estimating pi_0.
# Minimal pi_zero = 0.911548
#   Estimated pi_0=0.914668
Using motif +NOVA1_99 of width 4.
Finding best site passing the output threshold in each of the 60 sequences.
Found a best site in 0 sequences.
Computing q-values.
Using motif +ZFP36_38 of width 5.
Finding best site passing the output threshold in each of the 60 sequences.
Found a best site in 0 sequences.
Computing q-values.
Using motif +PTBP1_380 of width 6.
Finding best site passing the output threshold in each of the 60 sequences.
Found a best site in 3 sequences.
Computing q-values.
# Computing q-values.
#   Estimating pi_0 from a uniformly sampled set of 2760 p-values.
#   Estimating pi_0.
# Minimal pi_zero = 0.907591
#   Estimated pi_0=0.910628
Using motif +SRSF1_1226 of width 12.
Finding best site passing the output threshold in each of the 60 sequences.
Found a best site in 6 sequences.
Computing q-values.
# Computing q-values.
#   Estimating pi_0 from a uniformly sampled set of 2400 p-values.
#   Estimating pi_0.
# Minimal pi_zero = 0.96653
#   Estimated pi_0=0.98057
Using motif +SRSF1_1224 of width 7.
Finding best site passing the output threshold in each of the 60 sequences.
Found a best site in 10 sequences.
Computing q-values.
# Computing q-values.
#   Estimating pi_0 from a uniformly sampled set of 2700 p-values.
#   Estimating pi_0.
# Minimal pi_zero = 0.936465
#   Estimated pi_0=0.945767
Using motif +SRSF1_s60 of width 8.
Finding best site passing the output threshold in each of the 60 sequences.
Found a best site in 1 sequences.
Computing q-values.
# Computing q-values.
#   Estimating pi_0 from a uniformly sampled set of 2640 p-values.
#   Estimating pi_0.
# Minimal pi_zero = 0.989496
#   Estimated pi_0=0.992781
Using motif +QKI_1140 of width 5.
Finding best site passing the output threshold in each of the 60 sequences.
Found a best site in 0 sequences.
Computing q-values.
Using motif +HNRNPA1_1342 of width 5.
Finding best site passing the output threshold in each of the 60 sequences.
Found a best site in 1 sequences.
Computing q-values.
# Computing q-values.
#   Estimating pi_0 from a uniformly sampled set of 2820 p-values.
#   Estimating pi_0.
# Minimal pi_zero = 0.969572
#   Estimated pi_0=0.980459
Using motif +SRSF1_325 of width 7.
Finding best site passing the output threshold in each of the 60 sequences.
Found a best site in 4 sequences.
Computing q-values.
# Computing q-values.
#   Estimating pi_0 from a uniformly sampled set of 2700 p-values.
#   Estimating pi_0.
# Minimal pi_zero = 0.982167
#   Estimated pi_0=0.992672
Using motif +SRSF1_1362 of width 9.
Finding best site passing the output threshold in each of the 60 sequences.
Found a best site in 2 sequences.
Computing q-values.
# Computing q-values.
#   Estimating pi_0 from a uniformly sampled set of 2580 p-values.
#   Estimating pi_0.
# Minimal pi_zero = 0.979328
#   Estimated pi_0=0.985092
Using motif +PTBP1_1379 of width 10.
Finding best site passing the output threshold in each of the 60 sequences.
Found a best site in 3 sequences.
Computing q-values.
# Computing q-values.
#   Estimating pi_0 from a uniformly sampled set of 2520 p-values.
#   Estimating pi_0.
# Minimal pi_zero = 0.952381
#   Estimated pi_0=0.966602
Using motif +HNRNPA1_1305 of width 6.
Finding best site passing the output threshold in each of the 60 sequences.
Found a best site in 1 sequences.
Computing q-values.
# Computing q-values.
#   Estimating pi_0 from a uniformly sampled set of 2760 p-values.
#   Estimating pi_0.
# Minimal pi_zero = 0.987027
#   Estimated pi_0=1
Using motif +SRSF1_1351 of width 9.
Finding best site passing the output threshold in each of the 60 sequences.
Found a best site in 3 sequences.
Computing q-values.
# Computing q-values.
#   Estimating pi_0 from a uniformly sampled set of 2580 p-values.
#   Estimating pi_0.
# Minimal pi_zero = 0.973577
#   Estimated pi_0=0.976984
Using motif +HNRNPA1_1358 of width 6.
Finding best site passing the output threshold in each of the 60 sequences.
Found a best site in 1 sequences.
Computing q-values.
# Computing q-values.
#   Estimating pi_0 from a uniformly sampled set of 2760 p-values.
#   Estimating pi_0.
# Minimal pi_zero = 0.974552
#   Estimated pi_0=0.991651
Using motif +PTBP1_1314 of width 9.
Finding best site passing the output threshold in each of the 60 sequences.
Found a best site in 7 sequences.
Computing q-values.
# Computing q-values.
#   Estimating pi_0 from a uniformly sampled set of 2580 p-values.
#   Estimating pi_0.
# Minimal pi_zero = 0.801521
#   Estimated pi_0=0.805775
Using motif +SRSF1_1388 of width 7.
Finding best site passing the output threshold in each of the 60 sequences.
Found a best site in 3 sequences.
Computing q-values.
# Computing q-values.
#   Estimating pi_0 from a uniformly sampled set of 2700 p-values.
#   Estimating pi_0.
# Minimal pi_zero = 0.948677
#   Estimated pi_0=0.953031
Using motif +SRSF1_1367 of width 7.
Finding best site passing the output threshold in each of the 60 sequences.
Found a best site in 4 sequences.
Computing q-values.
# Computing q-values.
#   Estimating pi_0 from a uniformly sampled set of 2700 p-values.
#   Estimating pi_0.
# Minimal pi_zero = 0.972369
#   Estimated pi_0=0.98071
Using motif +SRSF1_1385 of width 7.
Finding best site passing the output threshold in each of the 60 sequences.
Found a best site in 6 sequences.
Computing q-values.
# Computing q-values.
#   Estimating pi_0 from a uniformly sampled set of 2700 p-values.
#   Estimating pi_0.
# Minimal pi_zero = 0.975378
#   Estimated pi_0=0.975378
Using motif +SRSF1_1336 of width 10.
Finding best site passing the output threshold in each of the 60 sequences.
Found a best site in 10 sequences.
Computing q-values.
# Computing q-values.
#   Estimating pi_0 from a uniformly sampled set of 2520 p-values.
#   Estimating pi_0.
# Minimal pi_zero = 0.96644
#   Estimated pi_0=0.970155
Using motif +PTBP1_1381 of width 10.
Finding best site passing the output threshold in each of the 60 sequences.
Found a best site in 4 sequences.
Computing q-values.
# Computing q-values.
#   Estimating pi_0 from a uniformly sampled set of 2520 p-values.
#   Estimating pi_0.
# Minimal pi_zero = 0.830159
#   Estimated pi_0=0.838477
Using motif +SRSF1_1345 of width 7.
Finding best site passing the output threshold in each of the 60 sequences.
Found a best site in 1 sequences.
Computing q-values.
# Computing q-values.
#   Estimating pi_0 from a uniformly sampled set of 2700 p-values.
#   Estimating pi_0.
# Minimal pi_zero = 0.949112
#   Estimated pi_0=0.965577
Using motif +HNRNPA1_1304 of width 5.
Finding best site passing the output threshold in each of the 60 sequences.
Found a best site in 5 sequences.
Computing q-values.
# Computing q-values.
#   Estimating pi_0 from a uniformly sampled set of 2820 p-values.
#   Estimating pi_0.
# Minimal pi_zero = 0.957679
#   Estimated pi_0=0.970745
Using motif +SRSF1_1324 of width 7.
Finding best site passing the output threshold in each of the 60 sequences.
Found a best site in 5 sequences.
Computing q-values.
# Computing q-values.
#   Estimating pi_0 from a uniformly sampled set of 2700 p-values.
#   Estimating pi_0.
# Minimal pi_zero = 0.953003
#   Estimated pi_0=0.961632
Using motif +SRSF1_1327 of width 9.
Finding best site passing the output threshold in each of the 60 sequences.
Found a best site in 2 sequences.
Computing q-values.
# Computing q-values.
#   Estimating pi_0 from a uniformly sampled set of 2580 p-values.
#   Estimating pi_0.
# Minimal pi_zero = 0.986801
#   Estimated pi_0=0.986801
Using motif +SRSF1_1335 of width 7.
Finding best site passing the output threshold in each of the 60 sequences.
Found a best site in 5 sequences.
Computing q-values.
# Computing q-values.
#   Estimating pi_0 from a uniformly sampled set of 2700 p-values.
#   Estimating pi_0.
# Minimal pi_zero = 0.901801
#   Estimated pi_0=0.909979
Using motif +HNRNPA1_1306 of width 10.
Finding best site passing the output threshold in each of the 60 sequences.
Found a best site in 10 sequences.
Computing q-values.
# Computing q-values.
#   Estimating pi_0 from a uniformly sampled set of 2520 p-values.
#   Estimating pi_0.
# Minimal pi_zero = 0.96644
#   Estimated pi_0=0.970155
Using motif +PTBP1_1341 of width 7.
Finding best site passing the output threshold in each of the 60 sequences.
Found a best site in 3 sequences.
Computing q-values.
# Computing q-values.
#   Estimating pi_0 from a uniformly sampled set of 2700 p-values.
#   Estimating pi_0.
# Minimal pi_zero = 0.93526
#   Estimated pi_0=0.945185
Using motif +SRSF1_1349 of width 6.
Finding best site passing the output threshold in each of the 60 sequences.
Found a best site in 3 sequences.
Computing q-values.
# Computing q-values.
#   Estimating pi_0 from a uniformly sampled set of 2760 p-values.
#   Estimating pi_0.
# Minimal pi_zero = 0.955738
#   Estimated pi_0=0.955738
Using motif +NOVA1_1378 of width 8.
Finding best site passing the output threshold in each of the 60 sequences.
Found a best site in 4 sequences.
Computing q-values.
# Computing q-values.
#   Estimating pi_0 from a uniformly sampled set of 2640 p-values.
#   Estimating pi_0.
# Minimal pi_zero = 0.909091
#   Estimated pi_0=0.918079
Using motif +HNRNPA1_1346 of width 10.
Finding best site passing the output threshold in each of the 60 sequences.
Found a best site in 5 sequences.
Computing q-values.
# Computing q-values.
#   Estimating pi_0 from a uniformly sampled set of 2520 p-values.
#   Estimating pi_0.
# Minimal pi_zero = 0.976484
#   Estimated pi_0=0.983853
Using motif +SRSF1_1376 of width 12.
Finding best site passing the output threshold in each of the 60 sequences.
Found a best site in 3 sequences.
Computing q-values.
# Computing q-values.
#   Estimating pi_0 from a uniformly sampled set of 2400 p-values.
#   Estimating pi_0.
# Minimal pi_zero = 0.999136
#   Estimated pi_0=1
Using motif +PTBP1_1398 of width 6.
Finding best site passing the output threshold in each of the 60 sequences.
Found a best site in 3 sequences.
Computing q-values.
# Computing q-values.
#   Estimating pi_0 from a uniformly sampled set of 2760 p-values.
#   Estimating pi_0.
# Minimal pi_zero = 0.940897
#   Estimated pi_0=0.944444
Using motif +SRSF1_1390 of width 9.
Finding best site passing the output threshold in each of the 60 sequences.
Found a best site in 3 sequences.
Computing q-values.
# Computing q-values.
#   Estimating pi_0 from a uniformly sampled set of 2580 p-values.
#   Estimating pi_0.
# Minimal pi_zero = 0.981051
#   Estimated pi_0=0.986395
Using motif +SRSF1_1312 of width 8.
Finding best site passing the output threshold in each of the 60 sequences.
Found a best site in 4 sequences.
Computing q-values.
# Computing q-values.
#   Estimating pi_0 from a uniformly sampled set of 2640 p-values.
#   Estimating pi_0.
# Minimal pi_zero = 0.963004
#   Estimated pi_0=0.963004
Using motif +SRSF1_1319 of width 9.
Finding best site passing the output threshold in each of the 60 sequences.
Found a best site in 5 sequences.
Computing q-values.
# Computing q-values.
#   Estimating pi_0 from a uniformly sampled set of 2580 p-values.
#   Estimating pi_0.
# Minimal pi_zero = 0.957888
#   Estimated pi_0=0.957888
Using motif +SRSF1_1393 of width 7.
Finding best site passing the output threshold in each of the 60 sequences.
Found a best site in 3 sequences.
Computing q-values.
# Computing q-values.
#   Estimating pi_0 from a uniformly sampled set of 2700 p-values.
#   Estimating pi_0.
# Minimal pi_zero = 0.888148
#   Estimated pi_0=0.889608
Using motif +SRSF1_1364 of width 7.
Finding best site passing the output threshold in each of the 60 sequences.
Found a best site in 4 sequences.
Computing q-values.
# Computing q-values.
#   Estimating pi_0 from a uniformly sampled set of 2700 p-values.
#   Estimating pi_0.
# Minimal pi_zero = 0.947046
#   Estimated pi_0=0.959436
Using motif +PTBP1_1368 of width 8.
Finding best site passing the output threshold in each of the 60 sequences.
Found a best site in 7 sequences.
Computing q-values.
# Computing q-values.
#   Estimating pi_0 from a uniformly sampled set of 2640 p-values.
#   Estimating pi_0.
# Minimal pi_zero = 0.897794
#   Estimated pi_0=0.897794
Using motif +PTBP2_1317 of width 5.
Finding best site passing the output threshold in each of the 60 sequences.
Found a best site in 3 sequences.
Computing q-values.
# Computing q-values.
#   Estimating pi_0 from a uniformly sampled set of 2820 p-values.
#   Estimating pi_0.
# Minimal pi_zero = 0.883011
#   Estimated pi_0=0.887434
Using motif +SRSF1_1353 of width 9.
Finding best site passing the output threshold in each of the 60 sequences.
Found a best site in 5 sequences.
Computing q-values.
# Computing q-values.
#   Estimating pi_0 from a uniformly sampled set of 2580 p-values.
#   Estimating pi_0.
# Minimal pi_zero = 0.984065
#   Estimated pi_0=0.988273
Using motif +SRSF1_1310 of width 7.
Finding best site passing the output threshold in each of the 60 sequences.
Found a best site in 5 sequences.
Computing q-values.
# Computing q-values.
#   Estimating pi_0 from a uniformly sampled set of 2700 p-values.
#   Estimating pi_0.
# Minimal pi_zero = 0.953003
#   Estimated pi_0=0.961632
Using motif +PTBP2_1370 of width 6.
Finding best site passing the output threshold in each of the 60 sequences.
Found a best site in 3 sequences.
Computing q-values.
# Computing q-values.
#   Estimating pi_0 from a uniformly sampled set of 2760 p-values.
#   Estimating pi_0.
# Minimal pi_zero = 0.907591
#   Estimated pi_0=0.922432
Using motif +PTBP1_1372 of width 5.
Finding best site passing the output threshold in each of the 60 sequences.
Found a best site in 3 sequences.
Computing q-values.
# Computing q-values.
#   Estimating pi_0 from a uniformly sampled set of 2820 p-values.
#   Estimating pi_0.
# Minimal pi_zero = 0.883011
#   Estimated pi_0=0.887434
Using motif +SRSF1_1326 of width 6.
Finding best site passing the output threshold in each of the 60 sequences.
Found a best site in 5 sequences.
Computing q-values.
# Computing q-values.
#   Estimating pi_0 from a uniformly sampled set of 2760 p-values.
#   Estimating pi_0.
# Minimal pi_zero = 0.983774
#   Estimated pi_0=0.986651
Using motif +SRSF1_1383 of width 8.
Finding best site passing the output threshold in each of the 60 sequences.
Found a best site in 5 sequences.
Computing q-values.
# Computing q-values.
#   Estimating pi_0 from a uniformly sampled set of 2640 p-values.
#   Estimating pi_0.
# Minimal pi_zero = 0.981241
#   Estimated pi_0=0.987156
Using motif +SRSF1_1389 of width 9.
Finding best site passing the output threshold in each of the 60 sequences.
Found a best site in 2 sequences.
Computing q-values.
# Computing q-values.
#   Estimating pi_0 from a uniformly sampled set of 2580 p-values.
#   Estimating pi_0.
# Minimal pi_zero = 0.991851
#   Estimated pi_0=0.991851
Using motif +HNRNPA1_1397 of width 4.
Finding best site passing the output threshold in each of the 60 sequences.
Found a best site in 0 sequences.
Computing q-values.
Using motif +PTBP1_1359 of width 6.
Finding best site passing the output threshold in each of the 60 sequences.
Found a best site in 3 sequences.
Computing q-values.
# Computing q-values.
#   Estimating pi_0 from a uniformly sampled set of 2760 p-values.
#   Estimating pi_0.
# Minimal pi_zero = 0.907591
#   Estimated pi_0=0.910628
Using motif +PTBP1_1382 of width 7.
Finding best site passing the output threshold in each of the 60 sequences.
Found a best site in 5 sequences.
Computing q-values.
# Computing q-values.
#   Estimating pi_0 from a uniformly sampled set of 2700 p-values.
#   Estimating pi_0.
# Minimal pi_zero = 0.939259
#   Estimated pi_0=0.957734
Using motif +PTBP1_1340 of width 7.
Finding best site passing the output threshold in each of the 60 sequences.
Found a best site in 10 sequences.
Computing q-values.
# Computing q-values.
#   Estimating pi_0 from a uniformly sampled set of 2700 p-values.
#   Estimating pi_0.
# Minimal pi_zero = 0.962414
#   Estimated pi_0=0.96722
Using motif +SRSF1_1373 of width 8.
Finding best site passing the output threshold in each of the 60 sequences.
Found a best site in 9 sequences.
Computing q-values.
# Computing q-values.
#   Estimating pi_0 from a uniformly sampled set of 2640 p-values.
#   Estimating pi_0.
# Minimal pi_zero = 0.952315
#   Estimated pi_0=0.952975
Using motif +SRSF1_1338 of width 12.
Finding best site passing the output threshold in each of the 60 sequences.
Found a best site in 6 sequences.
Computing q-values.
# Computing q-values.
#   Estimating pi_0 from a uniformly sampled set of 2400 p-values.
#   Estimating pi_0.
# Minimal pi_zero = 0.972567
#   Estimated pi_0=0.974324
Using motif +HNRNPA1_1366 of width 4.
Finding best site passing the output threshold in each of the 60 sequences.
Found a best site in 0 sequences.
Computing q-values.
[fimo] CALIBRATION (frozen): 1285 motif-hit lines across 60 positive-control QKI peak sequences
Using motif +ZFP36_M269_0.6 of width 11.
Finding best site passing the output threshold in each of the 977 sequences.
Found a best site in 531 sequences.
Computing q-values.
# Computing q-values.
#   Estimating pi_0 from a uniformly sampled set of 10000 p-values.
#   Estimating pi_0.
# Minimal pi_zero = 0.985475
#   Estimated pi_0=0.987835
Using motif +HNRNPA2B1_705 of width 11.
Finding best site passing the output threshold in each of the 977 sequences.
Found a best site in 538 sequences.
Computing q-values.
# Computing q-values.
#   Estimating pi_0 from a uniformly sampled set of 10000 p-values.
#   Estimating pi_0.
# Minimal pi_zero = 0.958358
#   Estimated pi_0=0.967412
Using motif +SRSF1_1227 of width 9.
Finding best site passing the output threshold in each of the 977 sequences.
Found a best site in 460 sequences.
Computing q-values.
# Computing q-values.
#   Estimating pi_0 from a uniformly sampled set of 10000 p-values.
#   Estimating pi_0.
# Minimal pi_zero = 0.983117
#   Estimated pi_0=0.990564
Using motif +SRSF1_1241 of width 7.
Finding best site passing the output threshold in each of the 977 sequences.
Found a best site in 283 sequences.
Computing q-values.
# Computing q-values.
#   Estimating pi_0 from a uniformly sampled set of 10000 p-values.
#   Estimating pi_0.
# Minimal pi_zero = 0.974444
#   Estimated pi_0=0.975441
Using motif +HNRNPA1_690 of width 6.
Finding best site passing the output threshold in each of the 977 sequences.
Found a best site in 266 sequences.
Computing q-values.
# Computing q-values.
#   Estimating pi_0 from a uniformly sampled set of 10000 p-values.
#   Estimating pi_0.
# Minimal pi_zero = 0.984595
#   Estimated pi_0=0.990508
Using motif +ELAVL1_1103 of width 5.
Finding best site passing the output threshold in each of the 977 sequences.
Found a best site in 0 sequences.
Computing q-values.
Using motif +HNRNPA1_M271_0.6 of width 6.
Finding best site passing the output threshold in each of the 977 sequences.
Found a best site in 283 sequences.
Computing q-values.
# Computing q-values.
#   Estimating pi_0 from a uniformly sampled set of 10000 p-values.
#   Estimating pi_0.
# Minimal pi_zero = 0.995316
#   Estimated pi_0=0.999899
Using motif +MBNL1_M320_0.6 of width 8.
Finding best site passing the output threshold in each of the 977 sequences.
Found a best site in 528 sequences.
Computing q-values.
# Computing q-values.
#   Estimating pi_0 from a uniformly sampled set of 10000 p-values.
#   Estimating pi_0.
# Minimal pi_zero = 0.959634
#   Estimated pi_0=0.962143
Using motif +SRSF1_1218 of width 6.
Finding best site passing the output threshold in each of the 977 sequences.
Found a best site in 201 sequences.
Computing q-values.
# Computing q-values.
#   Estimating pi_0 from a uniformly sampled set of 10000 p-values.
#   Estimating pi_0.
# Minimal pi_zero = 0.980274
#   Estimated pi_0=0.995435
Using motif +NOVA1_64 of width 4.
Finding best site passing the output threshold in each of the 977 sequences.
Found a best site in 0 sequences.
Computing q-values.
Using motif +HNRNPA1_660 of width 8.
Finding best site passing the output threshold in each of the 977 sequences.
Found a best site in 250 sequences.
Computing q-values.
# Computing q-values.
#   Estimating pi_0 from a uniformly sampled set of 10000 p-values.
#   Estimating pi_0.
# Minimal pi_zero = 0.950256
#   Estimated pi_0=0.952881
Using motif +TARDBP_144 of width 12.
Finding best site passing the output threshold in each of the 977 sequences.
Found a best site in 473 sequences.
Computing q-values.
# Computing q-values.
#   Estimating pi_0 from a uniformly sampled set of 10000 p-values.
#   Estimating pi_0.
# Minimal pi_zero = 0.945949
#   Estimated pi_0=0.950366
Using motif +SRSF1_1221 of width 6.
Finding best site passing the output threshold in each of the 977 sequences.
Found a best site in 221 sequences.
Computing q-values.
# Computing q-values.
#   Estimating pi_0 from a uniformly sampled set of 10000 p-values.
#   Estimating pi_0.
# Minimal pi_zero = 0.991077
#   Estimated pi_0=1
Using motif +SRSF1_s49 of width 7.
Finding best site passing the output threshold in each of the 977 sequences.
Found a best site in 494 sequences.
Computing q-values.
# Computing q-values.
#   Estimating pi_0 from a uniformly sampled set of 10000 p-values.
#   Estimating pi_0.
# Minimal pi_zero = 0.9416
#   Estimated pi_0=0.947812
Using motif +SRSF1_1229 of width 6.
Finding best site passing the output threshold in each of the 977 sequences.
Found a best site in 338 sequences.
Computing q-values.
# Computing q-values.
#   Estimating pi_0 from a uniformly sampled set of 10000 p-values.
#   Estimating pi_0.
# Minimal pi_zero = 0.981374
#   Estimated pi_0=0.989508
Using motif +SRSF1_1234 of width 7.
Finding best site passing the output threshold in each of the 977 sequences.
Found a best site in 471 sequences.
Computing q-values.
# Computing q-values.
#   Estimating pi_0 from a uniformly sampled set of 10000 p-values.
#   Estimating pi_0.
# Minimal pi_zero = 0.982604
#   Estimated pi_0=0.989846
Using motif +PTBP1_998 of width 6.
Finding best site passing the output threshold in each of the 977 sequences.
Found a best site in 217 sequences.
Computing q-values.
# Computing q-values.
#   Estimating pi_0 from a uniformly sampled set of 10000 p-values.
#   Estimating pi_0.
# Minimal pi_zero = 0.945333
#   Estimated pi_0=0.951126
Using motif +KHDRBS1_1155 of width 6.
Finding best site passing the output threshold in each of the 977 sequences.
Found a best site in 292 sequences.
Computing q-values.
# Computing q-values.
#   Estimating pi_0 from a uniformly sampled set of 10000 p-values.
#   Estimating pi_0.
# Minimal pi_zero = 0.948649
#   Estimated pi_0=0.956333
Using motif +SRSF1_1233 of width 7.
Finding best site passing the output threshold in each of the 977 sequences.
Found a best site in 486 sequences.
Computing q-values.
# Computing q-values.
#   Estimating pi_0 from a uniformly sampled set of 10000 p-values.
#   Estimating pi_0.
# Minimal pi_zero = 0.978436
#   Estimated pi_0=0.983516
Using motif +PTBP1_51 of width 4.
Finding best site passing the output threshold in each of the 977 sequences.
Found a best site in 0 sequences.
Computing q-values.
Using motif +SRSF1_M106_0.6 of width 8.
Finding best site passing the output threshold in each of the 977 sequences.
Found a best site in 529 sequences.
Computing q-values.
# Computing q-values.
#   Estimating pi_0 from a uniformly sampled set of 10000 p-values.
#   Estimating pi_0.
# Minimal pi_zero = 0.982319
#   Estimated pi_0=0.989319
Using motif +HNRNPA1_692 of width 7.
Finding best site passing the output threshold in each of the 977 sequences.
Found a best site in 505 sequences.
Computing q-values.
# Computing q-values.
#   Estimating pi_0 from a uniformly sampled set of 10000 p-values.
#   Estimating pi_0.
# Minimal pi_zero = 0.982367
#   Estimated pi_0=0.990154
Using motif +ELAVL1_367 of width 4.
Finding best site passing the output threshold in each of the 977 sequences.
Found a best site in 0 sequences.
Computing q-values.
Using motif +SRSF1_1211 of width 9.
Finding best site passing the output threshold in each of the 977 sequences.
Found a best site in 481 sequences.
Computing q-values.
# Computing q-values.
#   Estimating pi_0 from a uniformly sampled set of 10000 p-values.
#   Estimating pi_0.
# Minimal pi_zero = 0.979871
#   Estimated pi_0=0.987676
Using motif +HNRNPA1_679 of width 6.
Finding best site passing the output threshold in each of the 977 sequences.
Found a best site in 124 sequences.
Computing q-values.
# Computing q-values.
#   Estimating pi_0 from a uniformly sampled set of 10000 p-values.
#   Estimating pi_0.
# Minimal pi_zero = 0.986803
#   Estimated pi_0=1
Using motif +FUS_M316_0.6 of width 4.
Finding best site passing the output threshold in each of the 977 sequences.
Found a best site in 0 sequences.
Computing q-values.
Using motif +NOVA1_1131 of width 5.
Finding best site passing the output threshold in each of the 977 sequences.
Found a best site in 0 sequences.
Computing q-values.
Using motif +SRSF1_1216 of width 7.
Finding best site passing the output threshold in each of the 977 sequences.
Found a best site in 511 sequences.
Computing q-values.
# Computing q-values.
#   Estimating pi_0 from a uniformly sampled set of 10000 p-values.
#   Estimating pi_0.
# Minimal pi_zero = 0.992893
#   Estimated pi_0=0.998776
Using motif +HNRNPA1_653 of width 7.
Finding best site passing the output threshold in each of the 977 sequences.
Found a best site in 202 sequences.
Computing q-values.
# Computing q-values.
#   Estimating pi_0 from a uniformly sampled set of 10000 p-values.
#   Estimating pi_0.
# Minimal pi_zero = 0.979667
#   Estimated pi_0=0.979667
Using motif +HNRNPA1_644 of width 6.
Finding best site passing the output threshold in each of the 977 sequences.
Found a best site in 179 sequences.
Computing q-values.
# Computing q-values.
#   Estimating pi_0 from a uniformly sampled set of 10000 p-values.
#   Estimating pi_0.
# Minimal pi_zero = 0.996552
#   Estimated pi_0=0.998883
Using motif +MBNL1_M320_0.6a of width 4.
Finding best site passing the output threshold in each of the 977 sequences.
Found a best site in 0 sequences.
Computing q-values.
Using motif +PTBP1_1017 of width 7.
Finding best site passing the output threshold in each of the 977 sequences.
Found a best site in 400 sequences.
Computing q-values.
# Computing q-values.
#   Estimating pi_0 from a uniformly sampled set of 10000 p-values.
#   Estimating pi_0.
# Minimal pi_zero = 0.958451
#   Estimated pi_0=0.966966
Using motif +ELAVL1_1105 of width 9.
Finding best site passing the output threshold in each of the 977 sequences.
Found a best site in 453 sequences.
Computing q-values.
# Computing q-values.
#   Estimating pi_0 from a uniformly sampled set of 10000 p-values.
#   Estimating pi_0.
# Minimal pi_zero = 0.969542
#   Estimated pi_0=0.982308
Using motif +SRSF1_M272_0.6 of width 8.
Finding best site passing the output threshold in each of the 977 sequences.
Found a best site in 493 sequences.
Computing q-values.
# Computing q-values.
#   Estimating pi_0 from a uniformly sampled set of 10000 p-values.
#   Estimating pi_0.
# Minimal pi_zero = 0.993949
#   Estimated pi_0=0.995102
Using motif +PTBP1_1013 of width 11.
Finding best site passing the output threshold in each of the 977 sequences.
Found a best site in 622 sequences.
Computing q-values.
# Computing q-values.
#   Estimating pi_0 from a uniformly sampled set of 10000 p-values.
#   Estimating pi_0.
# Minimal pi_zero = 0.950175
#   Estimated pi_0=0.950175
Using motif +MBNL1_s30 of width 6.
Finding best site passing the output threshold in each of the 977 sequences.
Found a best site in 598 sequences.
Computing q-values.
# Computing q-values.
#   Estimating pi_0 from a uniformly sampled set of 10000 p-values.
#   Estimating pi_0.
# Minimal pi_zero = 0.967863
#   Estimated pi_0=0.976074
Using motif +ELAVL1_M108_0.6 of width 7.
Finding best site passing the output threshold in each of the 977 sequences.
Found a best site in 603 sequences.
Computing q-values.
# Computing q-values.
#   Estimating pi_0 from a uniformly sampled set of 10000 p-values.
#   Estimating pi_0.
# Minimal pi_zero = 0.969351
#   Estimated pi_0=0.974973
Using motif +SRSF1_M273_0.6 of width 7.
Finding best site passing the output threshold in each of the 977 sequences.
Found a best site in 84 sequences.
Computing q-values.
# Computing q-values.
#   Estimating pi_0 from a uniformly sampled set of 10000 p-values.
#   Estimating pi_0.
# Minimal pi_zero = 0.9438
#   Estimated pi_0=0.956036
Using motif +ELAVL1_1104 of width 5.
Finding best site passing the output threshold in each of the 977 sequences.
Found a best site in 0 sequences.
Computing q-values.
Using motif +HNRNPA1_652 of width 5.
Finding best site passing the output threshold in each of the 977 sequences.
Found a best site in 0 sequences.
Computing q-values.
Using motif +FUS_1061 of width 7.
Finding best site passing the output threshold in each of the 977 sequences.
Found a best site in 455 sequences.
Computing q-values.
# Computing q-values.
#   Estimating pi_0 from a uniformly sampled set of 10000 p-values.
#   Estimating pi_0.
# Minimal pi_zero = 0.946286
#   Estimated pi_0=0.946286
Using motif +KHDRBS1_M160_0.6 of width 7.
Finding best site passing the output threshold in each of the 977 sequences.
Found a best site in 498 sequences.
Computing q-values.
# Computing q-values.
#   Estimating pi_0 from a uniformly sampled set of 10000 p-values.
#   Estimating pi_0.
# Minimal pi_zero = 0.997374
#   Estimated pi_0=0.998593
Using motif +SRSF1_s51 of width 7.
Finding best site passing the output threshold in each of the 977 sequences.
Found a best site in 100 sequences.
Computing q-values.
# Computing q-values.
#   Estimating pi_0 from a uniformly sampled set of 10000 p-values.
#   Estimating pi_0.
# Minimal pi_zero = 0.968932
#   Estimated pi_0=0.980174
Using motif +HNRNPA2B1_698 of width 5.
Finding best site passing the output threshold in each of the 977 sequences.
Found a best site in 0 sequences.
Computing q-values.
Using motif +MBNL1_M037_0.6 of width 7.
Finding best site passing the output threshold in each of the 977 sequences.
Found a best site in 426 sequences.
Computing q-values.
# Computing q-values.
#   Estimating pi_0 from a uniformly sampled set of 10000 p-values.
#   Estimating pi_0.
# Minimal pi_zero = 0.96557
#   Estimated pi_0=0.974525
Using motif +PTBP1_1014 of width 7.
Finding best site passing the output threshold in each of the 977 sequences.
Found a best site in 442 sequences.
Computing q-values.
# Computing q-values.
#   Estimating pi_0 from a uniformly sampled set of 10000 p-values.
#   Estimating pi_0.
# Minimal pi_zero = 0.945303
#   Estimated pi_0=0.949565
Using motif +ELAVL1_M112_0.6 of width 7.
Finding best site passing the output threshold in each of the 977 sequences.
Found a best site in 597 sequences.
Computing q-values.
# Computing q-values.
#   Estimating pi_0 from a uniformly sampled set of 10000 p-values.
#   Estimating pi_0.
# Minimal pi_zero = 0.976536
#   Estimated pi_0=0.98
Using motif +PTBP1_1009 of width 9.
Finding best site passing the output threshold in each of the 977 sequences.
Found a best site in 632 sequences.
Computing q-values.
# Computing q-values.
#   Estimating pi_0 from a uniformly sampled set of 10000 p-values.
#   Estimating pi_0.
# Minimal pi_zero = 0.947075
#   Estimated pi_0=0.949938
Using motif +PTBP1_31 of width 4.
Finding best site passing the output threshold in each of the 977 sequences.
Found a best site in 0 sequences.
Computing q-values.
Using motif +PTBP2_1134 of width 6.
Finding best site passing the output threshold in each of the 977 sequences.
Found a best site in 537 sequences.
Computing q-values.
# Computing q-values.
#   Estimating pi_0 from a uniformly sampled set of 10000 p-values.
#   Estimating pi_0.
# Minimal pi_zero = 0.9508
#   Estimated pi_0=0.963277
Using motif +NOVA2_M325_0.6 of width 16.
Finding best site passing the output threshold in each of the 977 sequences.
Found a best site in 468 sequences.
Computing q-values.
# Computing q-values.
#   Estimating pi_0 from a uniformly sampled set of 10000 p-values.
#   Estimating pi_0.
# Minimal pi_zero = 0.991596
#   Estimated pi_0=0.996327
Using motif +HNRNPA1_665 of width 5.
Finding best site passing the output threshold in each of the 977 sequences.
Found a best site in 0 sequences.
Computing q-values.
Using motif +HNRNPA1_647 of width 10.
Finding best site passing the output threshold in each of the 977 sequences.
Found a best site in 356 sequences.
Computing q-values.
# Computing q-values.
#   Estimating pi_0 from a uniformly sampled set of 10000 p-values.
#   Estimating pi_0.
# Minimal pi_zero = 0.983852
#   Estimated pi_0=0.990743
Using motif +ZFP36_155 of width 6.
Finding best site passing the output threshold in each of the 977 sequences.
Found a best site in 676 sequences.
Computing q-values.
# Computing q-values.
#   Estimating pi_0 from a uniformly sampled set of 10000 p-values.
#   Estimating pi_0.
# Minimal pi_zero = 0.944354
#   Estimated pi_0=0.958043
Using motif +HNRNPA1_43 of width 12.
Finding best site passing the output threshold in each of the 977 sequences.
Found a best site in 448 sequences.
Computing q-values.
# Computing q-values.
#   Estimating pi_0 from a uniformly sampled set of 10000 p-values.
#   Estimating pi_0.
# Minimal pi_zero = 0.962655
#   Estimated pi_0=0.96487
Using motif +PTBP1_8 of width 5.
Finding best site passing the output threshold in each of the 977 sequences.
Found a best site in 454 sequences.
Computing q-values.
# Computing q-values.
#   Estimating pi_0 from a uniformly sampled set of 10000 p-values.
#   Estimating pi_0.
# Minimal pi_zero = 0.957321
#   Estimated pi_0=0.962532
Using motif +HNRNPA2B1_706 of width 11.
Finding best site passing the output threshold in each of the 977 sequences.
Found a best site in 509 sequences.
Computing q-values.
# Computing q-values.
#   Estimating pi_0 from a uniformly sampled set of 10000 p-values.
#   Estimating pi_0.
# Minimal pi_zero = 0.957391
#   Estimated pi_0=0.96686
Using motif +ZFP36_138 of width 5.
Finding best site passing the output threshold in each of the 977 sequences.
Found a best site in 449 sequences.
Computing q-values.
# Computing q-values.
#   Estimating pi_0 from a uniformly sampled set of 10000 p-values.
#   Estimating pi_0.
# Minimal pi_zero = 0.964466
#   Estimated pi_0=0.969231
Using motif +PTBP1_s12 of width 6.
Finding best site passing the output threshold in each of the 977 sequences.
Found a best site in 527 sequences.
Computing q-values.
# Computing q-values.
#   Estimating pi_0 from a uniformly sampled set of 10000 p-values.
#   Estimating pi_0.
# Minimal pi_zero = 0.97093
#   Estimated pi_0=0.976393
Using motif +KHDRBS1_1157 of width 5.
Finding best site passing the output threshold in each of the 977 sequences.
Found a best site in 0 sequences.
Computing q-values.
Using motif +SRSF1_s99 of width 7.
Finding best site passing the output threshold in each of the 977 sequences.
Found a best site in 265 sequences.
Computing q-values.
# Computing q-values.
#   Estimating pi_0 from a uniformly sampled set of 10000 p-values.
#   Estimating pi_0.
# Minimal pi_zero = 0.963151
#   Estimated pi_0=0.971792
Using motif +ZFP36_49 of width 6.
Finding best site passing the output threshold in each of the 977 sequences.
Found a best site in 377 sequences.
Computing q-values.
# Computing q-values.
#   Estimating pi_0 from a uniformly sampled set of 10000 p-values.
#   Estimating pi_0.
# Minimal pi_zero = 0.95283
#   Estimated pi_0=0.97503
Using motif +HNRNPA1_663 of width 6.
Finding best site passing the output threshold in each of the 977 sequences.
Found a best site in 532 sequences.
Computing q-values.
# Computing q-values.
#   Estimating pi_0 from a uniformly sampled set of 10000 p-values.
#   Estimating pi_0.
# Minimal pi_zero = 0.983478
#   Estimated pi_0=0.991077
Using motif +HNRNPA1_681 of width 6.
Finding best site passing the output threshold in each of the 977 sequences.
Found a best site in 124 sequences.
Computing q-values.
# Computing q-values.
#   Estimating pi_0 from a uniformly sampled set of 10000 p-values.
#   Estimating pi_0.
# Minimal pi_zero = 0.993243
#   Estimated pi_0=1
Using motif +KHDRBS1_s34 of width 6.
Finding best site passing the output threshold in each of the 977 sequences.
Found a best site in 211 sequences.
Computing q-values.
# Computing q-values.
#   Estimating pi_0 from a uniformly sampled set of 10000 p-values.
#   Estimating pi_0.
# Minimal pi_zero = 0.994242
#   Estimated pi_0=0.994242
Using motif +HNRNPA2B1_710 of width 6.
Finding best site passing the output threshold in each of the 977 sequences.
Found a best site in 179 sequences.
Computing q-values.
# Computing q-values.
#   Estimating pi_0 from a uniformly sampled set of 10000 p-values.
#   Estimating pi_0.
# Minimal pi_zero = 1
#   Estimated pi_0=1
Using motif +PTBP1_1004 of width 6.
Finding best site passing the output threshold in each of the 977 sequences.
Found a best site in 537 sequences.
Computing q-values.
# Computing q-values.
#   Estimating pi_0 from a uniformly sampled set of 10000 p-values.
#   Estimating pi_0.
# Minimal pi_zero = 0.939178
#   Estimated pi_0=0.942384
Using motif +QKI_104 of width 12.
Finding best site passing the output threshold in each of the 977 sequences.
Found a best site in 455 sequences.
Computing q-values.
# Computing q-values.
#   Estimating pi_0 from a uniformly sampled set of 10000 p-values.
#   Estimating pi_0.
# Minimal pi_zero = 0.981964
#   Estimated pi_0=0.992216
Using motif +MBNL1_1123 of width 6.
Finding best site passing the output threshold in each of the 977 sequences.
Found a best site in 526 sequences.
Computing q-values.
# Computing q-values.
#   Estimating pi_0 from a uniformly sampled set of 10000 p-values.
#   Estimating pi_0.
# Minimal pi_zero = 0.972366
#   Estimated pi_0=0.984725
Using motif +HNRNPA1_651 of width 5.
Finding best site passing the output threshold in each of the 977 sequences.
Found a best site in 594 sequences.
Computing q-values.
# Computing q-values.
#   Estimating pi_0 from a uniformly sampled set of 10000 p-values.
#   Estimating pi_0.
# Minimal pi_zero = 0.971039
#   Estimated pi_0=0.977021
Using motif +KHDRBS1_M060_0.6 of width 7.
Finding best site passing the output threshold in each of the 977 sequences.
Found a best site in 344 sequences.
Computing q-values.
# Computing q-values.
#   Estimating pi_0 from a uniformly sampled set of 10000 p-values.
#   Estimating pi_0.
# Minimal pi_zero = 1.0005
#   Estimated pi_0=1
Using motif +HNRNPA1_664 of width 6.
Finding best site passing the output threshold in each of the 977 sequences.
Found a best site in 338 sequences.
Computing q-values.
# Computing q-values.
#   Estimating pi_0 from a uniformly sampled set of 10000 p-values.
#   Estimating pi_0.
# Minimal pi_zero = 0.990811
#   Estimated pi_0=0.998469
Using motif +TARDBP_1282 of width 10.
Finding best site passing the output threshold in each of the 977 sequences.
Found a best site in 466 sequences.
Computing q-values.
# Computing q-values.
#   Estimating pi_0 from a uniformly sampled set of 10000 p-values.
#   Estimating pi_0.
# Minimal pi_zero = 0.959429
#   Estimated pi_0=0.970341
Using motif +HNRNPA1_696 of width 6.
Finding best site passing the output threshold in each of the 977 sequences.
Found a best site in 136 sequences.
Computing q-values.
# Computing q-values.
#   Estimating pi_0 from a uniformly sampled set of 10000 p-values.
#   Estimating pi_0.
# Minimal pi_zero = 0.99209
#   Estimated pi_0=0.996103
Using motif +PTBP1_1018 of width 7.
Finding best site passing the output threshold in each of the 977 sequences.
Found a best site in 455 sequences.
Computing q-values.
# Computing q-values.
#   Estimating pi_0 from a uniformly sampled set of 10000 p-values.
#   Estimating pi_0.
# Minimal pi_zero = 0.951086
#   Estimated pi_0=0.955367
Using motif +PTBP1_11 of width 4.
Finding best site passing the output threshold in each of the 977 sequences.
Found a best site in 0 sequences.
Computing q-values.
Using motif +PTBP1_1002 of width 8.
Finding best site passing the output threshold in each of the 977 sequences.
Found a best site in 587 sequences.
Computing q-values.
# Computing q-values.
#   Estimating pi_0 from a uniformly sampled set of 10000 p-values.
#   Estimating pi_0.
# Minimal pi_zero = 0.959277
#   Estimated pi_0=0.962442
Using motif +NUDT21_420 of width 5.
Finding best site passing the output threshold in each of the 977 sequences.
Found a best site in 0 sequences.
Computing q-values.
Using motif +SRSF1_M104_0.6 of width 7.
Finding best site passing the output threshold in each of the 977 sequences.
Found a best site in 499 sequences.
Computing q-values.
# Computing q-values.
#   Estimating pi_0 from a uniformly sampled set of 10000 p-values.
#   Estimating pi_0.
# Minimal pi_zero = 0.987917
#   Estimated pi_0=0.991487
Using motif +NOVA2_179 of width 4.
Finding best site passing the output threshold in each of the 977 sequences.
Found a best site in 0 sequences.
Computing q-values.
Using motif +ELAVL1_1108 of width 7.
Finding best site passing the output threshold in each of the 977 sequences.
Found a best site in 455 sequences.
Computing q-values.
# Computing q-values.
#   Estimating pi_0 from a uniformly sampled set of 10000 p-values.
#   Estimating pi_0.
# Minimal pi_zero = 0.950588
#   Estimated pi_0=0.9528
Using motif +SRSF1_M103_0.6 of width 7.
Finding best site passing the output threshold in each of the 977 sequences.
Found a best site in 499 sequences.
Computing q-values.
# Computing q-values.
#   Estimating pi_0 from a uniformly sampled set of 10000 p-values.
#   Estimating pi_0.
# Minimal pi_zero = 0.987957
#   Estimated pi_0=0.992995
Using motif +SRSF1_126 of width 7.
Finding best site passing the output threshold in each of the 977 sequences.
Found a best site in 357 sequences.
Computing q-values.
# Computing q-values.
#   Estimating pi_0 from a uniformly sampled set of 10000 p-values.
#   Estimating pi_0.
# Minimal pi_zero = 0.978015
#   Estimated pi_0=0.998316
Using motif +PTBP1_539 of width 5.
Finding best site passing the output threshold in each of the 977 sequences.
Found a best site in 529 sequences.
Computing q-values.
# Computing q-values.
#   Estimating pi_0 from a uniformly sampled set of 10000 p-values.
#   Estimating pi_0.
# Minimal pi_zero = 0.960526
#   Estimated pi_0=0.965207
Using motif +ELAVL1_161 of width 12.
Finding best site passing the output threshold in each of the 977 sequences.
Found a best site in 548 sequences.
Computing q-values.
# Computing q-values.
#   Estimating pi_0 from a uniformly sampled set of 10000 p-values.
#   Estimating pi_0.
# Minimal pi_zero = 0.970667
#   Estimated pi_0=0.978764
Using motif +QKI_1139 of width 5.
Finding best site passing the output threshold in each of the 977 sequences.
Found a best site in 0 sequences.
Computing q-values.
Using motif +HNRNPA2B1_702 of width 6.
Finding best site passing the output threshold in each of the 977 sequences.
Found a best site in 225 sequences.
Computing q-values.
# Computing q-values.
#   Estimating pi_0 from a uniformly sampled set of 10000 p-values.
#   Estimating pi_0.
# Minimal pi_zero = 0.988943
#   Estimated pi_0=0.999596
Using motif +HNRNPA2B1_703 of width 11.
Finding best site passing the output threshold in each of the 977 sequences.
Found a best site in 465 sequences.
Computing q-values.
# Computing q-values.
#   Estimating pi_0 from a uniformly sampled set of 10000 p-values.
#   Estimating pi_0.
# Minimal pi_zero = 0.967015
#   Estimated pi_0=0.976786
Using motif +HNRNPA2B1_699 of width 6.
Finding best site passing the output threshold in each of the 977 sequences.
Found a best site in 108 sequences.
Computing q-values.
# Computing q-values.
#   Estimating pi_0 from a uniformly sampled set of 10000 p-values.
#   Estimating pi_0.
# Minimal pi_zero = 0.978082
#   Estimated pi_0=0.978231
Using motif +PTBP1_165 of width 4.
Finding best site passing the output threshold in each of the 977 sequences.
Found a best site in 0 sequences.
Computing q-values.
Using motif +NOVA2_s95 of width 7.
Finding best site passing the output threshold in each of the 977 sequences.
Found a best site in 455 sequences.
Computing q-values.
# Computing q-values.
#   Estimating pi_0 from a uniformly sampled set of 10000 p-values.
#   Estimating pi_0.
# Minimal pi_zero = 0.95
#   Estimated pi_0=0.9504
Using motif +HNRNPA1_657 of width 6.
Finding best site passing the output threshold in each of the 977 sequences.
Found a best site in 141 sequences.
Computing q-values.
# Computing q-values.
#   Estimating pi_0 from a uniformly sampled set of 10000 p-values.
#   Estimating pi_0.
# Minimal pi_zero = 0.966931
#   Estimated pi_0=0.974656
Using motif +PTBP1_1008 of width 6.
Finding best site passing the output threshold in each of the 977 sequences.
Found a best site in 537 sequences.
Computing q-values.
# Computing q-values.
#   Estimating pi_0 from a uniformly sampled set of 10000 p-values.
#   Estimating pi_0.
# Minimal pi_zero = 0.946667
#   Estimated pi_0=0.946667
Using motif +NOVA1_s27 of width 6.
Finding best site passing the output threshold in each of the 977 sequences.
Found a best site in 360 sequences.
Computing q-values.
# Computing q-values.
#   Estimating pi_0 from a uniformly sampled set of 10000 p-values.
#   Estimating pi_0.
# Minimal pi_zero = 0.991799
#   Estimated pi_0=0.998985
Using motif +NOVA1_s94 of width 12.
Finding best site passing the output threshold in each of the 977 sequences.
Found a best site in 395 sequences.
Computing q-values.
# Computing q-values.
#   Estimating pi_0 from a uniformly sampled set of 10000 p-values.
#   Estimating pi_0.
# Minimal pi_zero = 0.955596
#   Estimated pi_0=0.973548
Using motif +FUS_1060 of width 7.
Finding best site passing the output threshold in each of the 977 sequences.
Found a best site in 400 sequences.
Computing q-values.
# Computing q-values.
#   Estimating pi_0 from a uniformly sampled set of 10000 p-values.
#   Estimating pi_0.
# Minimal pi_zero = 0.967191
#   Estimated pi_0=0.972063
Using motif +HNRNPA1_646 of width 6.
Finding best site passing the output threshold in each of the 977 sequences.
Found a best site in 112 sequences.
Computing q-values.
# Computing q-values.
#   Estimating pi_0 from a uniformly sampled set of 10000 p-values.
#   Estimating pi_0.
# Minimal pi_zero = 0.994714
#   Estimated pi_0=1
Using motif +SRSF1_1215 of width 9.
Finding best site passing the output threshold in each of the 977 sequences.
Found a best site in 460 sequences.
Computing q-values.
# Computing q-values.
#   Estimating pi_0 from a uniformly sampled set of 10000 p-values.
#   Estimating pi_0.
# Minimal pi_zero = 0.982919
#   Estimated pi_0=0.982919
Using motif +SRSF1_s48 of width 7.
Finding best site passing the output threshold in each of the 977 sequences.
Found a best site in 152 sequences.
Computing q-values.
# Computing q-values.
#   Estimating pi_0 from a uniformly sampled set of 10000 p-values.
#   Estimating pi_0.
# Minimal pi_zero = 0.951376
#   Estimated pi_0=0.95831
Using motif +NOVA2_492 of width 7.
Finding best site passing the output threshold in each of the 977 sequences.
Found a best site in 303 sequences.
Computing q-values.
# Computing q-values.
#   Estimating pi_0 from a uniformly sampled set of 10000 p-values.
#   Estimating pi_0.
# Minimal pi_zero = 0.962992
#   Estimated pi_0=0.98092
Using motif +HNRNPA1_695 of width 6.
Finding best site passing the output threshold in each of the 977 sequences.
Found a best site in 179 sequences.
Computing q-values.
# Computing q-values.
#   Estimating pi_0 from a uniformly sampled set of 10000 p-values.
#   Estimating pi_0.
# Minimal pi_zero = 0.990894
#   Estimated pi_0=1
Using motif +FUS_1059 of width 7.
Finding best site passing the output threshold in each of the 977 sequences.
Found a best site in 400 sequences.
Computing q-values.
# Computing q-values.
#   Estimating pi_0 from a uniformly sampled set of 10000 p-values.
#   Estimating pi_0.
# Minimal pi_zero = 0.953514
#   Estimated pi_0=0.956282
Using motif +HNRNPA1_659 of width 10.
Finding best site passing the output threshold in each of the 977 sequences.
Found a best site in 550 sequences.
Computing q-values.
# Computing q-values.
#   Estimating pi_0 from a uniformly sampled set of 10000 p-values.
#   Estimating pi_0.
# Minimal pi_zero = 0.981818
#   Estimated pi_0=0.987083
Using motif +HNRNPA1_643 of width 6.
Finding best site passing the output threshold in each of the 977 sequences.
Found a best site in 193 sequences.
Computing q-values.
# Computing q-values.
#   Estimating pi_0 from a uniformly sampled set of 10000 p-values.
#   Estimating pi_0.
# Minimal pi_zero = 0.995761
#   Estimated pi_0=0.997879
Using motif +ELAVL1_512 of width 4.
Finding best site passing the output threshold in each of the 977 sequences.
Found a best site in 0 sequences.
Computing q-values.
Using motif +PTBP1_1012 of width 11.
Finding best site passing the output threshold in each of the 977 sequences.
Found a best site in 622 sequences.
Computing q-values.
# Computing q-values.
#   Estimating pi_0 from a uniformly sampled set of 10000 p-values.
#   Estimating pi_0.
# Minimal pi_zero = 0.94
#   Estimated pi_0=0.942588
Using motif +PTBP1_1001 of width 6.
Finding best site passing the output threshold in each of the 977 sequences.
Found a best site in 147 sequences.
Computing q-values.
# Computing q-values.
#   Estimating pi_0 from a uniformly sampled set of 10000 p-values.
#   Estimating pi_0.
# Minimal pi_zero = 0.946412
#   Estimated pi_0=0.954675
Using motif +PABPN1_M148_0.6 of width 7.
Finding best site passing the output threshold in each of the 977 sequences.
Found a best site in 469 sequences.
Computing q-values.
# Computing q-values.
#   Estimating pi_0 from a uniformly sampled set of 10000 p-values.
#   Estimating pi_0.
# Minimal pi_zero = 0.985258
#   Estimated pi_0=0.985258
Using motif +PTBP1_991 of width 7.
Finding best site passing the output threshold in each of the 977 sequences.
Found a best site in 610 sequences.
Computing q-values.
# Computing q-values.
#   Estimating pi_0 from a uniformly sampled set of 10000 p-values.
#   Estimating pi_0.
# Minimal pi_zero = 0.947111
#   Estimated pi_0=0.950857
Using motif +KHDRBS1_1156 of width 6.
Finding best site passing the output threshold in each of the 977 sequences.
Found a best site in 334 sequences.
Computing q-values.
# Computing q-values.
#   Estimating pi_0 from a uniformly sampled set of 10000 p-values.
#   Estimating pi_0.
# Minimal pi_zero = 0.996338
#   Estimated pi_0=0.998894
Using motif +ELAVL1_M232_0.6 of width 7.
Finding best site passing the output threshold in each of the 977 sequences.
Found a best site in 535 sequences.
Computing q-values.
# Computing q-values.
#   Estimating pi_0 from a uniformly sampled set of 10000 p-values.
#   Estimating pi_0.
# Minimal pi_zero = 0.974819
#   Estimated pi_0=0.977989
Using motif +HNRNPA2B1_697 of width 10.
Finding best site passing the output threshold in each of the 977 sequences.
Found a best site in 356 sequences.
Computing q-values.
# Computing q-values.
#   Estimating pi_0 from a uniformly sampled set of 10000 p-values.
#   Estimating pi_0.
# Minimal pi_zero = 0.982667
#   Estimated pi_0=0.999698
Using motif +TARDBP_1280 of width 12.
Finding best site passing the output threshold in each of the 977 sequences.
Found a best site in 473 sequences.
Computing q-values.
# Computing q-values.
#   Estimating pi_0 from a uniformly sampled set of 10000 p-values.
#   Estimating pi_0.
# Minimal pi_zero = 0.956696
#   Estimated pi_0=0.95939
Using motif +HNRNPA1_658 of width 6.
Finding best site passing the output threshold in each of the 977 sequences.
Found a best site in 472 sequences.
Computing q-values.
# Computing q-values.
#   Estimating pi_0 from a uniformly sampled set of 10000 p-values.
#   Estimating pi_0.
# Minimal pi_zero = 0.982069
#   Estimated pi_0=0.991848
Using motif +SRSF1_M351_0.6 of width 10.
Finding best site passing the output threshold in each of the 977 sequences.
Found a best site in 469 sequences.
Computing q-values.
# Computing q-values.
#   Estimating pi_0 from a uniformly sampled set of 10000 p-values.
#   Estimating pi_0.
# Minimal pi_zero = 0.978256
#   Estimated pi_0=0.979429
Using motif +TARDBP_541 of width 8.
Finding best site passing the output threshold in each of the 977 sequences.
Found a best site in 384 sequences.
Computing q-values.
# Computing q-values.
#   Estimating pi_0 from a uniformly sampled set of 10000 p-values.
#   Estimating pi_0.
# Minimal pi_zero = 0.984071
#   Estimated pi_0=0.995368
Using motif +HNRNPA1_662 of width 6.
Finding best site passing the output threshold in each of the 977 sequences.
Found a best site in 108 sequences.
Computing q-values.
# Computing q-values.
#   Estimating pi_0 from a uniformly sampled set of 10000 p-values.
#   Estimating pi_0.
# Minimal pi_zero = 0.978367
#   Estimated pi_0=0.987867
Using motif +HNRNPA2B1_704 of width 11.
Finding best site passing the output threshold in each of the 977 sequences.
Found a best site in 444 sequences.
Computing q-values.
# Computing q-values.
#   Estimating pi_0 from a uniformly sampled set of 10000 p-values.
#   Estimating pi_0.
# Minimal pi_zero = 0.976418
#   Estimated pi_0=0.983041
Using motif +SRSF1_1240 of width 7.
Finding best site passing the output threshold in each of the 977 sequences.
Found a best site in 138 sequences.
Computing q-values.
# Computing q-values.
#   Estimating pi_0 from a uniformly sampled set of 10000 p-values.
#   Estimating pi_0.
# Minimal pi_zero = 0.976134
#   Estimated pi_0=0.976557
Using motif +PTBP1_992 of width 6.
Finding best site passing the output threshold in each of the 977 sequences.
Found a best site in 511 sequences.
Computing q-values.
# Computing q-values.
#   Estimating pi_0 from a uniformly sampled set of 10000 p-values.
#   Estimating pi_0.
# Minimal pi_zero = 0.961067
#   Estimated pi_0=0.97618
Using motif +PTBP1_996 of width 8.
Finding best site passing the output threshold in each of the 977 sequences.
Found a best site in 611 sequences.
Computing q-values.
# Computing q-values.
#   Estimating pi_0 from a uniformly sampled set of 10000 p-values.
#   Estimating pi_0.
# Minimal pi_zero = 0.94065
#   Estimated pi_0=0.952638
Using motif +NOVA1_1130 of width 5.
Finding best site passing the output threshold in each of the 977 sequences.
Found a best site in 0 sequences.
Computing q-values.
Using motif +PTBP1_1023 of width 8.
Finding best site passing the output threshold in each of the 977 sequences.
Found a best site in 558 sequences.
Computing q-values.
# Computing q-values.
#   Estimating pi_0 from a uniformly sampled set of 10000 p-values.
#   Estimating pi_0.
# Minimal pi_zero = 0.944957
#   Estimated pi_0=0.94982
Using motif +NOVA2_s96 of width 7.
Finding best site passing the output threshold in each of the 977 sequences.
Found a best site in 400 sequences.
Computing q-values.
# Computing q-values.
#   Estimating pi_0 from a uniformly sampled set of 10000 p-values.
#   Estimating pi_0.
# Minimal pi_zero = 0.958732
#   Estimated pi_0=0.963718
Using motif +NUDT21_575 of width 5.
Finding best site passing the output threshold in each of the 977 sequences.
Found a best site in 0 sequences.
Computing q-values.
Using motif +HNRNPA2B1_M024_0.6 of width 7.
Finding best site passing the output threshold in each of the 977 sequences.
Found a best site in 369 sequences.
Computing q-values.
# Computing q-values.
#   Estimating pi_0 from a uniformly sampled set of 10000 p-values.
#   Estimating pi_0.
# Minimal pi_zero = 0.991064
#   Estimated pi_0=0.995102
Using motif +HNRNPA1_683 of width 7.
Finding best site passing the output threshold in each of the 977 sequences.
Found a best site in 455 sequences.
Computing q-values.
# Computing q-values.
#   Estimating pi_0 from a uniformly sampled set of 10000 p-values.
#   Estimating pi_0.
# Minimal pi_zero = 0.953529
#   Estimated pi_0=0.956158
Using motif +HNRNPA1_656 of width 6.
Finding best site passing the output threshold in each of the 977 sequences.
Found a best site in 148 sequences.
Computing q-values.
# Computing q-values.
#   Estimating pi_0 from a uniformly sampled set of 10000 p-values.
#   Estimating pi_0.
# Minimal pi_zero = 0.953835
#   Estimated pi_0=0.961854
Using motif +TARDBP_1277 of width 7.
Finding best site passing the output threshold in each of the 977 sequences.
Found a best site in 314 sequences.
Computing q-values.
# Computing q-values.
#   Estimating pi_0 from a uniformly sampled set of 10000 p-values.
#   Estimating pi_0.
# Minimal pi_zero = 0.94256
#   Estimated pi_0=0.942698
Using motif +SRSF1_1236 of width 7.
Finding best site passing the output threshold in each of the 977 sequences.
Found a best site in 435 sequences.
Computing q-values.
# Computing q-values.
#   Estimating pi_0 from a uniformly sampled set of 10000 p-values.
#   Estimating pi_0.
# Minimal pi_zero = 0.960274
#   Estimated pi_0=0.960274
Using motif +PTBP1_1006 of width 6.
Finding best site passing the output threshold in each of the 977 sequences.
Found a best site in 537 sequences.
Computing q-values.
# Computing q-values.
#   Estimating pi_0 from a uniformly sampled set of 10000 p-values.
#   Estimating pi_0.
# Minimal pi_zero = 0.938082
#   Estimated pi_0=0.9424
Using motif +MBNL1_1121 of width 6.
Finding best site passing the output threshold in each of the 977 sequences.
Found a best site in 132 sequences.
Computing q-values.
# Computing q-values.
#   Estimating pi_0 from a uniformly sampled set of 10000 p-values.
#   Estimating pi_0.
# Minimal pi_zero = 0.9632
#   Estimated pi_0=0.970658
Using motif +HNRNPA1_183 of width 11.
Finding best site passing the output threshold in each of the 977 sequences.
Found a best site in 538 sequences.
Computing q-values.
# Computing q-values.
#   Estimating pi_0 from a uniformly sampled set of 10000 p-values.
#   Estimating pi_0.
# Minimal pi_zero = 0.969851
#   Estimated pi_0=0.977765
Using motif +PTBP1_71 of width 8.
Finding best site passing the output threshold in each of the 977 sequences.
Found a best site in 558 sequences.
Computing q-values.
# Computing q-values.
#   Estimating pi_0 from a uniformly sampled set of 10000 p-values.
#   Estimating pi_0.
# Minimal pi_zero = 0.941709
#   Estimated pi_0=0.955928
Using motif +NOVA1_459 of width 5.
Finding best site passing the output threshold in each of the 977 sequences.
Found a best site in 365 sequences.
Computing q-values.
# Computing q-values.
#   Estimating pi_0 from a uniformly sampled set of 10000 p-values.
#   Estimating pi_0.
# Minimal pi_zero = 0.974286
#   Estimated pi_0=0.977396
Using motif +SRSF1_1231 of width 8.
Finding best site passing the output threshold in each of the 977 sequences.
Found a best site in 524 sequences.
Computing q-values.
# Computing q-values.
#   Estimating pi_0 from a uniformly sampled set of 10000 p-values.
#   Estimating pi_0.
# Minimal pi_zero = 0.976353
#   Estimated pi_0=0.981383
Using motif +SRSF1_1220 of width 6.
Finding best site passing the output threshold in each of the 977 sequences.
Found a best site in 417 sequences.
Computing q-values.
# Computing q-values.
#   Estimating pi_0 from a uniformly sampled set of 10000 p-values.
#   Estimating pi_0.
# Minimal pi_zero = 0.977616
#   Estimated pi_0=0.985027
Using motif +KHDRBS1_s33 of width 6.
Finding best site passing the output threshold in each of the 977 sequences.
Found a best site in 242 sequences.
Computing q-values.
# Computing q-values.
#   Estimating pi_0 from a uniformly sampled set of 10000 p-values.
#   Estimating pi_0.
# Minimal pi_zero = 0.993441
#   Estimated pi_0=0.999091
Using motif +SRSF1_375 of width 8.
Finding best site passing the output threshold in each of the 977 sequences.
Found a best site in 442 sequences.
Computing q-values.
# Computing q-values.
#   Estimating pi_0 from a uniformly sampled set of 10000 p-values.
#   Estimating pi_0.
# Minimal pi_zero = 0.971966
#   Estimated pi_0=0.993757
Using motif +PTBP1_995 of width 12.
Finding best site passing the output threshold in each of the 977 sequences.
Found a best site in 477 sequences.
Computing q-values.
# Computing q-values.
#   Estimating pi_0 from a uniformly sampled set of 10000 p-values.
#   Estimating pi_0.
# Minimal pi_zero = 0.948696
#   Estimated pi_0=0.9545
Using motif +PTBP1_997 of width 6.
Finding best site passing the output threshold in each of the 977 sequences.
Found a best site in 289 sequences.
Computing q-values.
# Computing q-values.
#   Estimating pi_0 from a uniformly sampled set of 10000 p-values.
#   Estimating pi_0.
# Minimal pi_zero = 0.959301
#   Estimated pi_0=0.968268
Using motif +ELAVL1_84 of width 11.
Finding best site passing the output threshold in each of the 977 sequences.
Found a best site in 561 sequences.
Computing q-values.
# Computing q-values.
#   Estimating pi_0 from a uniformly sampled set of 10000 p-values.
#   Estimating pi_0.
# Minimal pi_zero = 0.969383
#   Estimated pi_0=0.972804
Using motif +SRSF1_s22 of width 10.
Finding best site passing the output threshold in each of the 977 sequences.
Found a best site in 416 sequences.
Computing q-values.
# Computing q-values.
#   Estimating pi_0 from a uniformly sampled set of 10000 p-values.
#   Estimating pi_0.
# Minimal pi_zero = 0.98929
#   Estimated pi_0=0.994624
Using motif +PTBP1_1022 of width 8.
Finding best site passing the output threshold in each of the 977 sequences.
Found a best site in 578 sequences.
Computing q-values.
# Computing q-values.
#   Estimating pi_0 from a uniformly sampled set of 10000 p-values.
#   Estimating pi_0.
# Minimal pi_zero = 0.948333
#   Estimated pi_0=0.957831
Using motif +PTBP1_133 of width 6.
Finding best site passing the output threshold in each of the 977 sequences.
Found a best site in 537 sequences.
Computing q-values.
# Computing q-values.
#   Estimating pi_0 from a uniformly sampled set of 10000 p-values.
#   Estimating pi_0.
# Minimal pi_zero = 0.958267
#   Estimated pi_0=0.971685
Using motif +HNRNPA1_648 of width 6.
Finding best site passing the output threshold in each of the 977 sequences.
Found a best site in 486 sequences.
Computing q-values.
# Computing q-values.
#   Estimating pi_0 from a uniformly sampled set of 10000 p-values.
#   Estimating pi_0.
# Minimal pi_zero = 0.98587
#   Estimated pi_0=0.98587
Using motif +SRSF1_1238 of width 7.
Finding best site passing the output threshold in each of the 977 sequences.
Found a best site in 354 sequences.
Computing q-values.
# Computing q-values.
#   Estimating pi_0 from a uniformly sampled set of 10000 p-values.
#   Estimating pi_0.
# Minimal pi_zero = 0.95873
#   Estimated pi_0=0.969944
Using motif +QKI_352 of width 6.
Finding best site passing the output threshold in each of the 977 sequences.
Found a best site in 261 sequences.
Computing q-values.
# Computing q-values.
#   Estimating pi_0 from a uniformly sampled set of 10000 p-values.
#   Estimating pi_0.
# Minimal pi_zero = 0.98966
#   Estimated pi_0=1
Using motif +HNRNPA1_645 of width 7.
Finding best site passing the output threshold in each of the 977 sequences.
Found a best site in 261 sequences.
Computing q-values.
# Computing q-values.
#   Estimating pi_0 from a uniformly sampled set of 10000 p-values.
#   Estimating pi_0.
# Minimal pi_zero = 0.9875
#   Estimated pi_0=0.998872
Using motif +HNRNPA1_654 of width 5.
Finding best site passing the output threshold in each of the 977 sequences.
Found a best site in 0 sequences.
Computing q-values.
Using motif +HNRNPA1_688 of width 10.
Finding best site passing the output threshold in each of the 977 sequences.
Found a best site in 390 sequences.
Computing q-values.
# Computing q-values.
#   Estimating pi_0 from a uniformly sampled set of 10000 p-values.
#   Estimating pi_0.
# Minimal pi_zero = 0.936
#   Estimated pi_0=0.950704
Using motif +PTBP1_M227_0.6 of width 7.
Finding best site passing the output threshold in each of the 977 sequences.
Found a best site in 632 sequences.
Computing q-values.
# Computing q-values.
#   Estimating pi_0 from a uniformly sampled set of 10000 p-values.
#   Estimating pi_0.
# Minimal pi_zero = 0.959529
#   Estimated pi_0=0.964835
Using motif +PTBP1_994 of width 9.
Finding best site passing the output threshold in each of the 977 sequences.
Found a best site in 511 sequences.
Computing q-values.
# Computing q-values.
#   Estimating pi_0 from a uniformly sampled set of 10000 p-values.
#   Estimating pi_0.
# Minimal pi_zero = 0.943762
#   Estimated pi_0=0.955346
Using motif +NOVA2_1133 of width 5.
Finding best site passing the output threshold in each of the 977 sequences.
Found a best site in 0 sequences.
Computing q-values.
Using motif +SRSF1_s50 of width 7.
Finding best site passing the output threshold in each of the 977 sequences.
Found a best site in 423 sequences.
Computing q-values.
# Computing q-values.
#   Estimating pi_0 from a uniformly sampled set of 10000 p-values.
#   Estimating pi_0.
# Minimal pi_zero = 0.984872
#   Estimated pi_0=0.990319
Using motif +PTBP1_1015 of width 7.
Finding best site passing the output threshold in each of the 977 sequences.
Found a best site in 455 sequences.
Computing q-values.
# Computing q-values.
#   Estimating pi_0 from a uniformly sampled set of 10000 p-values.
#   Estimating pi_0.
# Minimal pi_zero = 0.943294
#   Estimated pi_0=0.943657
Using motif +PTBP1_1016 of width 7.
Finding best site passing the output threshold in each of the 977 sequences.
Found a best site in 360 sequences.
Computing q-values.
# Computing q-values.
#   Estimating pi_0 from a uniformly sampled set of 10000 p-values.
#   Estimating pi_0.
# Minimal pi_zero = 0.946225
#   Estimated pi_0=0.950419
Using motif +SRSF1_1230 of width 10.
Finding best site passing the output threshold in each of the 977 sequences.
Found a best site in 539 sequences.
Computing q-values.
# Computing q-values.
#   Estimating pi_0 from a uniformly sampled set of 10000 p-values.
#   Estimating pi_0.
# Minimal pi_zero = 0.976667
#   Estimated pi_0=0.980568
Using motif +TARDBP_178 of width 12.
Finding best site passing the output threshold in each of the 977 sequences.
Found a best site in 473 sequences.
Computing q-values.
# Computing q-values.
#   Estimating pi_0 from a uniformly sampled set of 10000 p-values.
#   Estimating pi_0.
# Minimal pi_zero = 0.941026
#   Estimated pi_0=0.950759
Using motif +NOVA1_1127 of width 7.
Finding best site passing the output threshold in each of the 977 sequences.
Found a best site in 360 sequences.
Computing q-values.
# Computing q-values.
#   Estimating pi_0 from a uniformly sampled set of 10000 p-values.
#   Estimating pi_0.
# Minimal pi_zero = 0.936269
#   Estimated pi_0=0.938675
Using motif +MBNL1_1122 of width 10.
Finding best site passing the output threshold in each of the 977 sequences.
Found a best site in 602 sequences.
Computing q-values.
# Computing q-values.
#   Estimating pi_0 from a uniformly sampled set of 10000 p-values.
#   Estimating pi_0.
# Minimal pi_zero = 0.940286
#   Estimated pi_0=0.948649
Using motif +TARDBP_1279 of width 6.
Finding best site passing the output threshold in each of the 977 sequences.
Found a best site in 313 sequences.
Computing q-values.
# Computing q-values.
#   Estimating pi_0 from a uniformly sampled set of 10000 p-values.
#   Estimating pi_0.
# Minimal pi_zero = 0.968609
#   Estimated pi_0=0.981648
Using motif +HNRNPA1_642 of width 6.
Finding best site passing the output threshold in each of the 977 sequences.
Found a best site in 124 sequences.
Computing q-values.
# Computing q-values.
#   Estimating pi_0 from a uniformly sampled set of 10000 p-values.
#   Estimating pi_0.
# Minimal pi_zero = 0.991081
#   Estimated pi_0=1
Using motif +HNRNPA2B1_700 of width 6.
Finding best site passing the output threshold in each of the 977 sequences.
Found a best site in 113 sequences.
Computing q-values.
# Computing q-values.
#   Estimating pi_0 from a uniformly sampled set of 10000 p-values.
#   Estimating pi_0.
# Minimal pi_zero = 0.994521
#   Estimated pi_0=1
Using motif +ZFP36_128 of width 5.
Finding best site passing the output threshold in each of the 977 sequences.
Found a best site in 0 sequences.
Computing q-values.
Using motif +SRSF1_1228 of width 7.
Finding best site passing the output threshold in each of the 977 sequences.
Found a best site in 413 sequences.
Computing q-values.
# Computing q-values.
#   Estimating pi_0 from a uniformly sampled set of 10000 p-values.
#   Estimating pi_0.
# Minimal pi_zero = 0.973607
#   Estimated pi_0=0.983743
Using motif +ELAVL1_476 of width 5.
Finding best site passing the output threshold in each of the 977 sequences.
Found a best site in 0 sequences.
Computing q-values.
Using motif +SRSF1_1225 of width 8.
Finding best site passing the output threshold in each of the 977 sequences.
Found a best site in 469 sequences.
Computing q-values.
# Computing q-values.
#   Estimating pi_0 from a uniformly sampled set of 10000 p-values.
#   Estimating pi_0.
# Minimal pi_zero = 0.981951
#   Estimated pi_0=0.987474
Using motif +HNRNPA1_674 of width 10.
Finding best site passing the output threshold in each of the 977 sequences.
Found a best site in 252 sequences.
Computing q-values.
# Computing q-values.
#   Estimating pi_0 from a uniformly sampled set of 10000 p-values.
#   Estimating pi_0.
# Minimal pi_zero = 0.992782
#   Estimated pi_0=1
Using motif +MBNL1_1124 of width 9.
Finding best site passing the output threshold in each of the 977 sequences.
Found a best site in 330 sequences.
Computing q-values.
# Computing q-values.
#   Estimating pi_0 from a uniformly sampled set of 10000 p-values.
#   Estimating pi_0.
# Minimal pi_zero = 0.929333
#   Estimated pi_0=0.940661
Using motif +HNRNPA1_689 of width 6.
Finding best site passing the output threshold in each of the 977 sequences.
Found a best site in 124 sequences.
Computing q-values.
# Computing q-values.
#   Estimating pi_0 from a uniformly sampled set of 10000 p-values.
#   Estimating pi_0.
# Minimal pi_zero = 0.984552
#   Estimated pi_0=1
Using motif +PTBP1_117 of width 5.
Finding best site passing the output threshold in each of the 977 sequences.
Found a best site in 529 sequences.
Computing q-values.
# Computing q-values.
#   Estimating pi_0 from a uniformly sampled set of 10000 p-values.
#   Estimating pi_0.
# Minimal pi_zero = 0.965325
#   Estimated pi_0=0.965325
Using motif +SRSF1_1217 of width 11.
Finding best site passing the output threshold in each of the 977 sequences.
Found a best site in 126 sequences.
Computing q-values.
# Computing q-values.
#   Estimating pi_0 from a uniformly sampled set of 10000 p-values.
#   Estimating pi_0.
# Minimal pi_zero = 0.990427
#   Estimated pi_0=1
Using motif +HNRNPA1_680 of width 6.
Finding best site passing the output threshold in each of the 977 sequences.
Found a best site in 124 sequences.
Computing q-values.
# Computing q-values.
#   Estimating pi_0 from a uniformly sampled set of 10000 p-values.
#   Estimating pi_0.
# Minimal pi_zero = 0.985231
#   Estimated pi_0=1
Using motif +ZFP36_M350_0.6 of width 9.
Finding best site passing the output threshold in each of the 977 sequences.
Found a best site in 457 sequences.
Computing q-values.
# Computing q-values.
#   Estimating pi_0 from a uniformly sampled set of 10000 p-values.
#   Estimating pi_0.
# Minimal pi_zero = 0.994082
#   Estimated pi_0=0.996281
Using motif +NOVA2_564 of width 11.
Finding best site passing the output threshold in each of the 977 sequences.
Found a best site in 365 sequences.
Computing q-values.
# Computing q-values.
#   Estimating pi_0 from a uniformly sampled set of 10000 p-values.
#   Estimating pi_0.
# Minimal pi_zero = 0.975115
#   Estimated pi_0=0.985029
Using motif +ELAVL1_s101 of width 7.
Finding best site passing the output threshold in each of the 977 sequences.
Found a best site in 612 sequences.
Computing q-values.
# Computing q-values.
#   Estimating pi_0 from a uniformly sampled set of 10000 p-values.
#   Estimating pi_0.
# Minimal pi_zero = 0.973765
#   Estimated pi_0=0.979171
Using motif +ELAVL1_M031_0.6 of width 7.
Finding best site passing the output threshold in each of the 977 sequences.
Found a best site in 553 sequences.
Computing q-values.
# Computing q-values.
#   Estimating pi_0 from a uniformly sampled set of 10000 p-values.
#   Estimating pi_0.
# Minimal pi_zero = 0.977238
#   Estimated pi_0=0.979048
Using motif +KHDRBS1_1158 of width 7.
Finding best site passing the output threshold in each of the 977 sequences.
Found a best site in 455 sequences.
Computing q-values.
# Computing q-values.
#   Estimating pi_0 from a uniformly sampled set of 10000 p-values.
#   Estimating pi_0.
# Minimal pi_zero = 0.947059
#   Estimated pi_0=0.950847
Using motif +FUS_1058 of width 7.
Finding best site passing the output threshold in each of the 977 sequences.
Found a best site in 399 sequences.
Computing q-values.
# Computing q-values.
#   Estimating pi_0 from a uniformly sampled set of 10000 p-values.
#   Estimating pi_0.
# Minimal pi_zero = 0.969651
#   Estimated pi_0=0.976335
Using motif +PTBP1_993 of width 8.
Finding best site passing the output threshold in each of the 977 sequences.
Found a best site in 526 sequences.
Computing q-values.
# Computing q-values.
#   Estimating pi_0 from a uniformly sampled set of 10000 p-values.
#   Estimating pi_0.
# Minimal pi_zero = 0.96931
#   Estimated pi_0=0.97697
Using motif +QKI_1138 of width 6.
Finding best site passing the output threshold in each of the 977 sequences.
Found a best site in 86 sequences.
Computing q-values.
# Computing q-values.
#   Estimating pi_0 from a uniformly sampled set of 10000 p-values.
#   Estimating pi_0.
# Minimal pi_zero = 0.986531
#   Estimated pi_0=1
Using motif +HNRNPA1_675 of width 6.
Finding best site passing the output threshold in each of the 977 sequences.
Found a best site in 113 sequences.
Computing q-values.
# Computing q-values.
#   Estimating pi_0 from a uniformly sampled set of 10000 p-values.
#   Estimating pi_0.
# Minimal pi_zero = 0.992283
#   Estimated pi_0=1
Using motif +TARDBP_1281 of width 8.
Finding best site passing the output threshold in each of the 977 sequences.
Found a best site in 487 sequences.
Computing q-values.
# Computing q-values.
#   Estimating pi_0 from a uniformly sampled set of 10000 p-values.
#   Estimating pi_0.
# Minimal pi_zero = 0.966102
#   Estimated pi_0=0.969697
Using motif +MBNL1_1125 of width 9.
Finding best site passing the output threshold in each of the 977 sequences.
Found a best site in 423 sequences.
Computing q-values.
# Computing q-values.
#   Estimating pi_0 from a uniformly sampled set of 10000 p-values.
#   Estimating pi_0.
# Minimal pi_zero = 0.950442
#   Estimated pi_0=0.96025
Using motif +PTBP1_1021 of width 5.
Finding best site passing the output threshold in each of the 977 sequences.
Found a best site in 529 sequences.
Computing q-values.
# Computing q-values.
#   Estimating pi_0 from a uniformly sampled set of 10000 p-values.
#   Estimating pi_0.
# Minimal pi_zero = 0.962237
#   Estimated pi_0=0.96426
Using motif +NOVA1_440 of width 7.
Finding best site passing the output threshold in each of the 977 sequences.
Found a best site in 518 sequences.
Computing q-values.
# Computing q-values.
#   Estimating pi_0 from a uniformly sampled set of 10000 p-values.
#   Estimating pi_0.
# Minimal pi_zero = 0.96252
#   Estimated pi_0=0.969718
Using motif +SRSF1_167 of width 7.
Finding best site passing the output threshold in each of the 977 sequences.
Found a best site in 115 sequences.
Computing q-values.
# Computing q-values.
#   Estimating pi_0 from a uniformly sampled set of 10000 p-values.
#   Estimating pi_0.
# Minimal pi_zero = 0.947967
#   Estimated pi_0=0.954769
Using motif +HNRNPA1_639 of width 10.
Finding best site passing the output threshold in each of the 977 sequences.
Found a best site in 176 sequences.
Computing q-values.
# Computing q-values.
#   Estimating pi_0 from a uniformly sampled set of 10000 p-values.
#   Estimating pi_0.
# Minimal pi_zero = 0.9772
#   Estimated pi_0=0.983286
Using motif +HNRNPA2B1_707 of width 11.
Finding best site passing the output threshold in each of the 977 sequences.
Found a best site in 444 sequences.
Computing q-values.
# Computing q-values.
#   Estimating pi_0 from a uniformly sampled set of 10000 p-values.
#   Estimating pi_0.
# Minimal pi_zero = 0.977638
#   Estimated pi_0=0.985
Using motif +PTBP1_1019 of width 5.
Finding best site passing the output threshold in each of the 977 sequences.
Found a best site in 511 sequences.
Computing q-values.
# Computing q-values.
#   Estimating pi_0 from a uniformly sampled set of 10000 p-values.
#   Estimating pi_0.
# Minimal pi_zero = 0.975238
#   Estimated pi_0=0.979884
Using motif +HNRNPA1_641 of width 6.
Finding best site passing the output threshold in each of the 977 sequences.
Found a best site in 507 sequences.
Computing q-values.
# Computing q-values.
#   Estimating pi_0 from a uniformly sampled set of 10000 p-values.
#   Estimating pi_0.
# Minimal pi_zero = 0.982685
#   Estimated pi_0=0.991327
Using motif +HNRNPA2B1_708 of width 11.
Finding best site passing the output threshold in each of the 977 sequences.
Found a best site in 538 sequences.
Computing q-values.
# Computing q-values.
#   Estimating pi_0 from a uniformly sampled set of 10000 p-values.
#   Estimating pi_0.
# Minimal pi_zero = 0.971194
#   Estimated pi_0=0.978588
Using motif +QKI_1142 of width 6.
Finding best site passing the output threshold in each of the 977 sequences.
Found a best site in 74 sequences.
Computing q-values.
# Computing q-values.
#   Estimating pi_0 from a uniformly sampled set of 10000 p-values.
#   Estimating pi_0.
# Minimal pi_zero = 1.00291
#   Estimated pi_0=1
Using motif +HNRNPA1_684 of width 7.
Finding best site passing the output threshold in each of the 977 sequences.
Found a best site in 360 sequences.
Computing q-values.
# Computing q-values.
#   Estimating pi_0 from a uniformly sampled set of 10000 p-values.
#   Estimating pi_0.
# Minimal pi_zero = 0.939735
#   Estimated pi_0=0.947186
Using motif +PTBP1_999 of width 6.
Finding best site passing the output threshold in each of the 977 sequences.
Found a best site in 147 sequences.
Computing q-values.
# Computing q-values.
#   Estimating pi_0 from a uniformly sampled set of 10000 p-values.
#   Estimating pi_0.
# Minimal pi_zero = 0.959329
#   Estimated pi_0=0.959329
Using motif +SRSF1_1232 of width 7.
Finding best site passing the output threshold in each of the 977 sequences.
Found a best site in 429 sequences.
Computing q-values.
# Computing q-values.
#   Estimating pi_0 from a uniformly sampled set of 10000 p-values.
#   Estimating pi_0.
# Minimal pi_zero = 0.967302
#   Estimated pi_0=0.97573
Using motif +HNRNPA1_655 of width 8.
Finding best site passing the output threshold in each of the 977 sequences.
Found a best site in 556 sequences.
Computing q-values.
# Computing q-values.
#   Estimating pi_0 from a uniformly sampled set of 10000 p-values.
#   Estimating pi_0.
# Minimal pi_zero = 0.982234
#   Estimated pi_0=0.985208
Using motif +NOVA2_s29 of width 7.
Finding best site passing the output threshold in each of the 977 sequences.
Found a best site in 393 sequences.
Computing q-values.
# Computing q-values.
#   Estimating pi_0 from a uniformly sampled set of 10000 p-values.
#   Estimating pi_0.
# Minimal pi_zero = 0.988243
#   Estimated pi_0=0.996667
Using motif +TARDBP_1276 of width 7.
Finding best site passing the output threshold in each of the 977 sequences.
Found a best site in 346 sequences.
Computing q-values.
# Computing q-values.
#   Estimating pi_0 from a uniformly sampled set of 10000 p-values.
#   Estimating pi_0.
# Minimal pi_zero = 0.936885
#   Estimated pi_0=0.943597
Using motif +HNRNPA1_678 of width 6.
Finding best site passing the output threshold in each of the 977 sequences.
Found a best site in 266 sequences.
Computing q-values.
# Computing q-values.
#   Estimating pi_0 from a uniformly sampled set of 10000 p-values.
#   Estimating pi_0.
# Minimal pi_zero = 0.976
#   Estimated pi_0=0.99027
Using motif +PTBP1_105 of width 8.
Finding best site passing the output threshold in each of the 977 sequences.
Found a best site in 578 sequences.
Computing q-values.
# Computing q-values.
#   Estimating pi_0 from a uniformly sampled set of 10000 p-values.
#   Estimating pi_0.
# Minimal pi_zero = 0.939667
#   Estimated pi_0=0.951205
Using motif +HNRNPA2B1_125 of width 11.
Finding best site passing the output threshold in each of the 977 sequences.
Found a best site in 538 sequences.
Computing q-values.
# Computing q-values.
#   Estimating pi_0 from a uniformly sampled set of 10000 p-values.
#   Estimating pi_0.
# Minimal pi_zero = 0.956119
#   Estimated pi_0=0.967719
Using motif +TARDBP_M074_0.6 of width 8.
Finding best site passing the output threshold in each of the 977 sequences.
Found a best site in 381 sequences.
Computing q-values.
# Computing q-values.
#   Estimating pi_0 from a uniformly sampled set of 10000 p-values.
#   Estimating pi_0.
# Minimal pi_zero = 0.995912
#   Estimated pi_0=1
Using motif +NOVA2_s28 of width 6.
Finding best site passing the output threshold in each of the 977 sequences.
Found a best site in 360 sequences.
Computing q-values.
# Computing q-values.
#   Estimating pi_0 from a uniformly sampled set of 10000 p-values.
#   Estimating pi_0.
# Minimal pi_zero = 0.99058
#   Estimated pi_0=1
Using motif +PTBP1_1025 of width 6.
Finding best site passing the output threshold in each of the 977 sequences.
Found a best site in 537 sequences.
Computing q-values.
# Computing q-values.
#   Estimating pi_0 from a uniformly sampled set of 10000 p-values.
#   Estimating pi_0.
# Minimal pi_zero = 0.949333
#   Estimated pi_0=0.953421
Using motif +HNRNPA1_691 of width 6.
Finding best site passing the output threshold in each of the 977 sequences.
Found a best site in 212 sequences.
Computing q-values.
# Computing q-values.
#   Estimating pi_0 from a uniformly sampled set of 10000 p-values.
#   Estimating pi_0.
# Minimal pi_zero = 0.994486
#   Estimated pi_0=0.998687
Using motif +ELAVL1_1106 of width 7.
Finding best site passing the output threshold in each of the 977 sequences.
Found a best site in 455 sequences.
Computing q-values.
# Computing q-values.
#   Estimating pi_0 from a uniformly sampled set of 10000 p-values.
#   Estimating pi_0.
# Minimal pi_zero = 0.948
#   Estimated pi_0=0.948
Using motif +HNRNPA1_687 of width 10.
Finding best site passing the output threshold in each of the 977 sequences.
Found a best site in 366 sequences.
Computing q-values.
# Computing q-values.
#   Estimating pi_0 from a uniformly sampled set of 10000 p-values.
#   Estimating pi_0.
# Minimal pi_zero = 0.985612
#   Estimated pi_0=0.999798
Using motif +NUDT21_499 of width 4.
Finding best site passing the output threshold in each of the 977 sequences.
Found a best site in 0 sequences.
Computing q-values.
Using motif +QKI_1141 of width 6.
Finding best site passing the output threshold in each of the 977 sequences.
Found a best site in 253 sequences.
Computing q-values.
# Computing q-values.
#   Estimating pi_0 from a uniformly sampled set of 10000 p-values.
#   Estimating pi_0.
# Minimal pi_zero = 0.986508
#   Estimated pi_0=1
Using motif +HNRNPA1_686 of width 7.
Finding best site passing the output threshold in each of the 977 sequences.
Found a best site in 455 sequences.
Computing q-values.
# Computing q-values.
#   Estimating pi_0 from a uniformly sampled set of 10000 p-values.
#   Estimating pi_0.
# Minimal pi_zero = 0.953029
#   Estimated pi_0=0.953029
Using motif +HNRNPA1_685 of width 7.
Finding best site passing the output threshold in each of the 977 sequences.
Found a best site in 399 sequences.
Computing q-values.
# Computing q-values.
#   Estimating pi_0 from a uniformly sampled set of 10000 p-values.
#   Estimating pi_0.
# Minimal pi_zero = 0.97
#   Estimated pi_0=0.974583
Using motif +SRSF1_M102_0.6 of width 7.
Finding best site passing the output threshold in each of the 977 sequences.
Found a best site in 531 sequences.
Computing q-values.
# Computing q-values.
#   Estimating pi_0 from a uniformly sampled set of 10000 p-values.
#   Estimating pi_0.
# Minimal pi_zero = 0.993096
#   Estimated pi_0=0.994848
Using motif +FUS_s31 of width 6.
Finding best site passing the output threshold in each of the 977 sequences.
Found a best site in 465 sequences.
Computing q-values.
# Computing q-values.
#   Estimating pi_0 from a uniformly sampled set of 10000 p-values.
#   Estimating pi_0.
# Minimal pi_zero = 0.989312
#   Estimated pi_0=0.992268
Using motif +SRSF1_1219 of width 6.
Finding best site passing the output threshold in each of the 977 sequences.
Found a best site in 454 sequences.
Computing q-values.
# Computing q-values.
#   Estimating pi_0 from a uniformly sampled set of 10000 p-values.
#   Estimating pi_0.
# Minimal pi_zero = 0.973649
#   Estimated pi_0=0.98973
Using motif +NOVA1_1132 of width 5.
Finding best site passing the output threshold in each of the 977 sequences.
Found a best site in 0 sequences.
Computing q-values.
Using motif +SRSF1_1213 of width 9.
Finding best site passing the output threshold in each of the 977 sequences.
Found a best site in 508 sequences.
Computing q-values.
# Computing q-values.
#   Estimating pi_0 from a uniformly sampled set of 10000 p-values.
#   Estimating pi_0.
# Minimal pi_zero = 0.984541
#   Estimated pi_0=0.992103
Using motif +HNRNPA2B1_711 of width 6.
Finding best site passing the output threshold in each of the 977 sequences.
Found a best site in 136 sequences.
Computing q-values.
# Computing q-values.
#   Estimating pi_0 from a uniformly sampled set of 10000 p-values.
#   Estimating pi_0.
# Minimal pi_zero = 0.995243
#   Estimated pi_0=0.998173
Using motif +HNRNPA1_640 of width 10.
Finding best site passing the output threshold in each of the 977 sequences.
Found a best site in 356 sequences.
Computing q-values.
# Computing q-values.
#   Estimating pi_0 from a uniformly sampled set of 10000 p-values.
#   Estimating pi_0.
# Minimal pi_zero = 0.980288
#   Estimated pi_0=0.994057
Using motif +PTBP1_143 of width 5.
Finding best site passing the output threshold in each of the 977 sequences.
Found a best site in 511 sequences.
Computing q-values.
# Computing q-values.
#   Estimating pi_0 from a uniformly sampled set of 10000 p-values.
#   Estimating pi_0.
# Minimal pi_zero = 0.981582
#   Estimated pi_0=0.985236
Using motif +HNRNPA1_676 of width 6.
Finding best site passing the output threshold in each of the 977 sequences.
Found a best site in 192 sequences.
Computing q-values.
# Computing q-values.
#   Estimating pi_0 from a uniformly sampled set of 10000 p-values.
#   Estimating pi_0.
# Minimal pi_zero = 0.987626
#   Estimated pi_0=0.996869
Using motif +PTBP1_1011 of width 11.
Finding best site passing the output threshold in each of the 977 sequences.
Found a best site in 586 sequences.
Computing q-values.
# Computing q-values.
#   Estimating pi_0 from a uniformly sampled set of 10000 p-values.
#   Estimating pi_0.
# Minimal pi_zero = 0.94
#   Estimated pi_0=0.945269
Using motif +PTBP1_1000 of width 6.
Finding best site passing the output threshold in each of the 977 sequences.
Found a best site in 183 sequences.
Computing q-values.
# Computing q-values.
#   Estimating pi_0 from a uniformly sampled set of 10000 p-values.
#   Estimating pi_0.
# Minimal pi_zero = 0.937576
#   Estimated pi_0=0.9416
Using motif +ZFP36_109 of width 9.
Finding best site passing the output threshold in each of the 977 sequences.
Found a best site in 453 sequences.
Computing q-values.
# Computing q-values.
#   Estimating pi_0 from a uniformly sampled set of 10000 p-values.
#   Estimating pi_0.
# Minimal pi_zero = 0.980556
#   Estimated pi_0=0.985355
Using motif +QKI_M046_0.6 of width 7.
Finding best site passing the output threshold in each of the 977 sequences.
Found a best site in 208 sequences.
Computing q-values.
# Computing q-values.
#   Estimating pi_0 from a uniformly sampled set of 10000 p-values.
#   Estimating pi_0.
# Minimal pi_zero = 0.998636
#   Estimated pi_0=1
Using motif +NOVA1_1128 of width 7.
Finding best site passing the output threshold in each of the 977 sequences.
Found a best site in 400 sequences.
Computing q-values.
# Computing q-values.
#   Estimating pi_0 from a uniformly sampled set of 10000 p-values.
#   Estimating pi_0.
# Minimal pi_zero = 0.954103
#   Estimated pi_0=0.96497
Using motif +HNRNPA1_M022_0.6 of width 7.
Finding best site passing the output threshold in each of the 977 sequences.
Found a best site in 277 sequences.
Computing q-values.
# Computing q-values.
#   Estimating pi_0 from a uniformly sampled set of 10000 p-values.
#   Estimating pi_0.
# Minimal pi_zero = 0.995534
#   Estimated pi_0=1
Using motif +HNRNPA2B1_709 of width 6.
Finding best site passing the output threshold in each of the 977 sequences.
Found a best site in 83 sequences.
Computing q-values.
# Computing q-values.
#   Estimating pi_0 from a uniformly sampled set of 10000 p-values.
#   Estimating pi_0.
# Minimal pi_zero = 0.989379
#   Estimated pi_0=1
Using motif +SRSF1_1235 of width 7.
Finding best site passing the output threshold in each of the 977 sequences.
Found a best site in 550 sequences.
Computing q-values.
# Computing q-values.
#   Estimating pi_0 from a uniformly sampled set of 10000 p-values.
#   Estimating pi_0.
# Minimal pi_zero = 0.985072
#   Estimated pi_0=0.9925
Using motif +TARDBP_1283 of width 12.
Finding best site passing the output threshold in each of the 977 sequences.
Found a best site in 473 sequences.
Computing q-values.
# Computing q-values.
#   Estimating pi_0 from a uniformly sampled set of 10000 p-values.
#   Estimating pi_0.
# Minimal pi_zero = 0.95519
#   Estimated pi_0=0.958902
Using motif +SRSF1_M154_0.6 of width 7.
Finding best site passing the output threshold in each of the 977 sequences.
Found a best site in 599 sequences.
Computing q-values.
# Computing q-values.
#   Estimating pi_0 from a uniformly sampled set of 10000 p-values.
#   Estimating pi_0.
# Minimal pi_zero = 0.961988
#   Estimated pi_0=0.965495
Using motif +HNRNPA1_682 of width 6.
Finding best site passing the output threshold in each of the 977 sequences.
Found a best site in 124 sequences.
Computing q-values.
# Computing q-values.
#   Estimating pi_0 from a uniformly sampled set of 10000 p-values.
#   Estimating pi_0.
# Minimal pi_zero = 0.988243
#   Estimated pi_0=1
Using motif +PTBP1_1024 of width 9.
Finding best site passing the output threshold in each of the 977 sequences.
Found a best site in 632 sequences.
Computing q-values.
# Computing q-values.
#   Estimating pi_0 from a uniformly sampled set of 10000 p-values.
#   Estimating pi_0.
# Minimal pi_zero = 0.935926
#   Estimated pi_0=0.94478
Using motif +HNRNPA1_693 of width 10.
Finding best site passing the output threshold in each of the 977 sequences.
Found a best site in 499 sequences.
Computing q-values.
# Computing q-values.
#   Estimating pi_0 from a uniformly sampled set of 10000 p-values.
#   Estimating pi_0.
# Minimal pi_zero = 0.988764
#   Estimated pi_0=0.993093
Using motif +SRSF1_40 of width 6.
Finding best site passing the output threshold in each of the 977 sequences.
Found a best site in 238 sequences.
Computing q-values.
# Computing q-values.
#   Estimating pi_0 from a uniformly sampled set of 10000 p-values.
#   Estimating pi_0.
# Minimal pi_zero = 0.987347
#   Estimated pi_0=0.992649
Using motif +QKI_83 of width 12.
Finding best site passing the output threshold in each of the 977 sequences.
Found a best site in 269 sequences.
Computing q-values.
# Computing q-values.
#   Estimating pi_0 from a uniformly sampled set of 10000 p-values.
#   Estimating pi_0.
# Minimal pi_zero = 0.986182
#   Estimated pi_0=1
Using motif +HNRNPA1_677 of width 6.
Finding best site passing the output threshold in each of the 977 sequences.
Found a best site in 225 sequences.
Computing q-values.
# Computing q-values.
#   Estimating pi_0 from a uniformly sampled set of 10000 p-values.
#   Estimating pi_0.
# Minimal pi_zero = 1.00016
#   Estimated pi_0=1
Using motif +SRSF1_17 of width 7.
Finding best site passing the output threshold in each of the 977 sequences.
Found a best site in 283 sequences.
Computing q-values.
# Computing q-values.
#   Estimating pi_0 from a uniformly sampled set of 10000 p-values.
#   Estimating pi_0.
# Minimal pi_zero = 0.972097
#   Estimated pi_0=0.978824
Using motif +HNRNPA1_s32 of width 6.
Finding best site passing the output threshold in each of the 977 sequences.
Found a best site in 283 sequences.
Computing q-values.
# Computing q-values.
#   Estimating pi_0 from a uniformly sampled set of 10000 p-values.
#   Estimating pi_0.
# Minimal pi_zero = 0.995191
#   Estimated pi_0=0.996263
Using motif +SRSF1_1237 of width 7.
Finding best site passing the output threshold in each of the 977 sequences.
Found a best site in 328 sequences.
Computing q-values.
# Computing q-values.
#   Estimating pi_0 from a uniformly sampled set of 10000 p-values.
#   Estimating pi_0.
# Minimal pi_zero = 0.964094
#   Estimated pi_0=0.972
Using motif +PTBP1_59 of width 5.
Finding best site passing the output threshold in each of the 977 sequences.
Found a best site in 0 sequences.
Computing q-values.
Using motif +QKI_3 of width 6.
Finding best site passing the output threshold in each of the 977 sequences.
Found a best site in 261 sequences.
Computing q-values.
# Computing q-values.
#   Estimating pi_0 from a uniformly sampled set of 10000 p-values.
#   Estimating pi_0.
# Minimal pi_zero = 0.984895
#   Estimated pi_0=1
Using motif +PTBP1_25 of width 9.
Finding best site passing the output threshold in each of the 977 sequences.
Found a best site in 632 sequences.
Computing q-values.
# Computing q-values.
#   Estimating pi_0 from a uniformly sampled set of 10000 p-values.
#   Estimating pi_0.
# Minimal pi_zero = 0.945786
#   Estimated pi_0=0.945786
Using motif +HNRNPA1_72 of width 6.
Finding best site passing the output threshold in each of the 977 sequences.
Found a best site in 293 sequences.
Computing q-values.
# Computing q-values.
#   Estimating pi_0 from a uniformly sampled set of 10000 p-values.
#   Estimating pi_0.
# Minimal pi_zero = 0.988286
#   Estimated pi_0=0.994687
Using motif +SRSF1_1212 of width 8.
Finding best site passing the output threshold in each of the 977 sequences.
Found a best site in 589 sequences.
Computing q-values.
# Computing q-values.
#   Estimating pi_0 from a uniformly sampled set of 10000 p-values.
#   Estimating pi_0.
# Minimal pi_zero = 0.975636
#   Estimated pi_0=0.982187
Using motif +PTBP1_1003 of width 7.
Finding best site passing the output threshold in each of the 977 sequences.
Found a best site in 473 sequences.
Computing q-values.
# Computing q-values.
#   Estimating pi_0 from a uniformly sampled set of 10000 p-values.
#   Estimating pi_0.
# Minimal pi_zero = 0.947704
#   Estimated pi_0=0.963258
Using motif +HNRNPA1_52 of width 11.
Finding best site passing the output threshold in each of the 977 sequences.
Found a best site in 538 sequences.
Computing q-values.
# Computing q-values.
#   Estimating pi_0 from a uniformly sampled set of 10000 p-values.
#   Estimating pi_0.
# Minimal pi_zero = 0.955188
#   Estimated pi_0=0.969708
Using motif +ELAVL1_164 of width 12.
Finding best site passing the output threshold in each of the 977 sequences.
Found a best site in 552 sequences.
Computing q-values.
# Computing q-values.
#   Estimating pi_0 from a uniformly sampled set of 10000 p-values.
#   Estimating pi_0.
# Minimal pi_zero = 0.98
#   Estimated pi_0=0.98
Using motif +PTBP1_136 of width 5.
Finding best site passing the output threshold in each of the 977 sequences.
Found a best site in 511 sequences.
Computing q-values.
# Computing q-values.
#   Estimating pi_0 from a uniformly sampled set of 10000 p-values.
#   Estimating pi_0.
# Minimal pi_zero = 0.958857
#   Estimated pi_0=0.967442
Using motif +SRSF1_1239 of width 9.
Finding best site passing the output threshold in each of the 977 sequences.
Found a best site in 462 sequences.
Computing q-values.
# Computing q-values.
#   Estimating pi_0 from a uniformly sampled set of 10000 p-values.
#   Estimating pi_0.
# Minimal pi_zero = 0.980559
#   Estimated pi_0=0.983459
Using motif +MBNL1_1126 of width 10.
Finding best site passing the output threshold in each of the 977 sequences.
Found a best site in 415 sequences.
Computing q-values.
# Computing q-values.
#   Estimating pi_0 from a uniformly sampled set of 10000 p-values.
#   Estimating pi_0.
# Minimal pi_zero = 0.938077
#   Estimated pi_0=0.956138
Using motif +ELAVL1_1107 of width 7.
Finding best site passing the output threshold in each of the 977 sequences.
Found a best site in 360 sequences.
Computing q-values.
# Computing q-values.
#   Estimating pi_0 from a uniformly sampled set of 10000 p-values.
#   Estimating pi_0.
# Minimal pi_zero = 0.944238
#   Estimated pi_0=0.94994
Using motif +PTBP1_s80 of width 7.
Finding best site passing the output threshold in each of the 977 sequences.
Found a best site in 442 sequences.
Computing q-values.
# Computing q-values.
#   Estimating pi_0 from a uniformly sampled set of 10000 p-values.
#   Estimating pi_0.
# Minimal pi_zero = 0.95561
#   Estimated pi_0=0.969663
Using motif +KHDRBS1_1159 of width 7.
Finding best site passing the output threshold in each of the 977 sequences.
Found a best site in 455 sequences.
Computing q-values.
# Computing q-values.
#   Estimating pi_0 from a uniformly sampled set of 10000 p-values.
#   Estimating pi_0.
# Minimal pi_zero = 0.9448
#   Estimated pi_0=0.9448
Using motif +HNRNPA1_650 of width 5.
Finding best site passing the output threshold in each of the 977 sequences.
Found a best site in 0 sequences.
Computing q-values.
Using motif +HNRNPA1_649 of width 10.
Finding best site passing the output threshold in each of the 977 sequences.
Found a best site in 356 sequences.
Computing q-values.
# Computing q-values.
#   Estimating pi_0 from a uniformly sampled set of 10000 p-values.
#   Estimating pi_0.
# Minimal pi_zero = 0.982609
#   Estimated pi_0=0.995026
Using motif +PTBP1_1020 of width 5.
Finding best site passing the output threshold in each of the 977 sequences.
Found a best site in 0 sequences.
Computing q-values.
Using motif +PTBP1_489 of width 4.
Finding best site passing the output threshold in each of the 977 sequences.
Found a best site in 0 sequences.
Computing q-values.
Using motif +HNRNPA1_694 of width 6.
Finding best site passing the output threshold in each of the 977 sequences.
Found a best site in 83 sequences.
Computing q-values.
# Computing q-values.
#   Estimating pi_0 from a uniformly sampled set of 10000 p-values.
#   Estimating pi_0.
# Minimal pi_zero = 0.99774
#   Estimated pi_0=1
Using motif +HNRNPA1_661 of width 5.
Finding best site passing the output threshold in each of the 977 sequences.
Found a best site in 0 sequences.
Computing q-values.
Using motif +TARDBP_1278 of width 7.
Finding best site passing the output threshold in each of the 977 sequences.
Found a best site in 376 sequences.
Computing q-values.
# Computing q-values.
#   Estimating pi_0 from a uniformly sampled set of 10000 p-values.
#   Estimating pi_0.
# Minimal pi_zero = 0.940476
#   Estimated pi_0=0.943465
Using motif +HNRNPA1_673 of width 7.
Finding best site passing the output threshold in each of the 977 sequences.
Found a best site in 278 sequences.
Computing q-values.
# Computing q-values.
#   Estimating pi_0 from a uniformly sampled set of 10000 p-values.
#   Estimating pi_0.
# Minimal pi_zero = 0.976167
#   Estimated pi_0=0.992849
Using motif +HNRNPA2B1_701 of width 6.
Finding best site passing the output threshold in each of the 977 sequences.
Found a best site in 192 sequences.
Computing q-values.
# Computing q-values.
#   Estimating pi_0 from a uniformly sampled set of 10000 p-values.
#   Estimating pi_0.
# Minimal pi_zero = 0.990333
#   Estimated pi_0=0.996465
Using motif +NOVA1_1129 of width 7.
Finding best site passing the output threshold in each of the 977 sequences.
Found a best site in 455 sequences.
Computing q-values.
# Computing q-values.
#   Estimating pi_0 from a uniformly sampled set of 10000 p-values.
#   Estimating pi_0.
# Minimal pi_zero = 0.945371
#   Estimated pi_0=0.945371
Using motif +QKI_70 of width 12.
Finding best site passing the output threshold in each of the 977 sequences.
Found a best site in 327 sequences.
Computing q-values.
# Computing q-values.
#   Estimating pi_0 from a uniformly sampled set of 10000 p-values.
#   Estimating pi_0.
# Minimal pi_zero = 0.965794
#   Estimated pi_0=0.985195
Using motif +ELAVL1_M127_0.6 of width 7.
Finding best site passing the output threshold in each of the 977 sequences.
Found a best site in 544 sequences.
Computing q-values.
# Computing q-values.
#   Estimating pi_0 from a uniformly sampled set of 10000 p-values.
#   Estimating pi_0.
# Minimal pi_zero = 0.983478
#   Estimated pi_0=0.988923
Using motif +PTBP1_s100 of width 7.
Finding best site passing the output threshold in each of the 977 sequences.
Found a best site in 607 sequences.
Computing q-values.
# Computing q-values.
#   Estimating pi_0 from a uniformly sampled set of 10000 p-values.
#   Estimating pi_0.
# Minimal pi_zero = 0.959157
#   Estimated pi_0=0.966667
Using motif +SRSF1_1222 of width 6.
Finding best site passing the output threshold in each of the 977 sequences.
Found a best site in 209 sequences.
Computing q-values.
# Computing q-values.
#   Estimating pi_0 from a uniformly sampled set of 10000 p-values.
#   Estimating pi_0.
# Minimal pi_zero = 0.989008
#   Estimated pi_0=1
Using motif +SRSF1_1214 of width 10.
Finding best site passing the output threshold in each of the 977 sequences.
Found a best site in 531 sequences.
Computing q-values.
# Computing q-values.
#   Estimating pi_0 from a uniformly sampled set of 10000 p-values.
#   Estimating pi_0.
# Minimal pi_zero = 0.971701
#   Estimated pi_0=0.980111
Using motif +SRSF1_1223 of width 7.
Finding best site passing the output threshold in each of the 977 sequences.
Found a best site in 253 sequences.
Computing q-values.
# Computing q-values.
#   Estimating pi_0 from a uniformly sampled set of 10000 p-values.
#   Estimating pi_0.
# Minimal pi_zero = 0.97392
#   Estimated pi_0=0.979137
Using motif +PTBP1_100 of width 10.
Finding best site passing the output threshold in each of the 977 sequences.
Found a best site in 644 sequences.
Computing q-values.
# Computing q-values.
#   Estimating pi_0 from a uniformly sampled set of 10000 p-values.
#   Estimating pi_0.
# Minimal pi_zero = 0.932766
#   Estimated pi_0=0.935034
Using motif +NOVA1_99 of width 4.
Finding best site passing the output threshold in each of the 977 sequences.
Found a best site in 0 sequences.
Computing q-values.
Using motif +ZFP36_38 of width 5.
Finding best site passing the output threshold in each of the 977 sequences.
Found a best site in 0 sequences.
Computing q-values.
Using motif +PTBP1_380 of width 6.
Finding best site passing the output threshold in each of the 977 sequences.
Found a best site in 537 sequences.
Computing q-values.
# Computing q-values.
#   Estimating pi_0 from a uniformly sampled set of 10000 p-values.
#   Estimating pi_0.
# Minimal pi_zero = 0.947123
#   Estimated pi_0=0.9488
Using motif +SRSF1_1226 of width 12.
Finding best site passing the output threshold in each of the 977 sequences.
Found a best site in 485 sequences.
Computing q-values.
# Computing q-values.
#   Estimating pi_0 from a uniformly sampled set of 10000 p-values.
#   Estimating pi_0.
# Minimal pi_zero = 0.975439
#   Estimated pi_0=0.986595
Using motif +SRSF1_1224 of width 7.
Finding best site passing the output threshold in each of the 977 sequences.
Found a best site in 584 sequences.
Computing q-values.
# Computing q-values.
#   Estimating pi_0 from a uniformly sampled set of 10000 p-values.
#   Estimating pi_0.
# Minimal pi_zero = 0.98
#   Estimated pi_0=0.983799
Using motif +SRSF1_s60 of width 8.
Finding best site passing the output threshold in each of the 977 sequences.
Found a best site in 478 sequences.
Computing q-values.
# Computing q-values.
#   Estimating pi_0 from a uniformly sampled set of 10000 p-values.
#   Estimating pi_0.
# Minimal pi_zero = 0.996
#   Estimated pi_0=0.999095
Using motif +QKI_1140 of width 5.
Finding best site passing the output threshold in each of the 977 sequences.
Found a best site in 105 sequences.
Computing q-values.
# Computing q-values.
#   Estimating pi_0 from a uniformly sampled set of 10000 p-values.
#   Estimating pi_0.
# Minimal pi_zero = 0.939802
#   Estimated pi_0=0.939802
Using motif +HNRNPA1_1342 of width 5.
Finding best site passing the output threshold in each of the 977 sequences.
Found a best site in 429 sequences.
Computing q-values.
# Computing q-values.
#   Estimating pi_0 from a uniformly sampled set of 10000 p-values.
#   Estimating pi_0.
# Minimal pi_zero = 0.981429
#   Estimated pi_0=0.981429
Using motif +SRSF1_325 of width 7.
Finding best site passing the output threshold in each of the 977 sequences.
Found a best site in 531 sequences.
Computing q-values.
# Computing q-values.
#   Estimating pi_0 from a uniformly sampled set of 10000 p-values.
#   Estimating pi_0.
# Minimal pi_zero = 0.981429
#   Estimated pi_0=0.982366
Using motif +SRSF1_1362 of width 9.
Finding best site passing the output threshold in each of the 977 sequences.
Found a best site in 498 sequences.
Computing q-values.
# Computing q-values.
#   Estimating pi_0 from a uniformly sampled set of 10000 p-values.
#   Estimating pi_0.
# Minimal pi_zero = 0.977564
#   Estimated pi_0=0.980757
Using motif +PTBP1_1379 of width 10.
Finding best site passing the output threshold in each of the 977 sequences.
Found a best site in 452 sequences.
Computing q-values.
# Computing q-values.
#   Estimating pi_0 from a uniformly sampled set of 10000 p-values.
#   Estimating pi_0.
# Minimal pi_zero = 0.976957
#   Estimated pi_0=0.988667
Using motif +HNRNPA1_1305 of width 6.
Finding best site passing the output threshold in each of the 977 sequences.
Found a best site in 124 sequences.
Computing q-values.
# Computing q-values.
#   Estimating pi_0 from a uniformly sampled set of 10000 p-values.
#   Estimating pi_0.
# Minimal pi_zero = 0.982432
#   Estimated pi_0=0.999188
Using motif +SRSF1_1351 of width 9.
Finding best site passing the output threshold in each of the 977 sequences.
Found a best site in 562 sequences.
Computing q-values.
# Computing q-values.
#   Estimating pi_0 from a uniformly sampled set of 10000 p-values.
#   Estimating pi_0.
# Minimal pi_zero = 0.98
#   Estimated pi_0=0.983246
Using motif +HNRNPA1_1358 of width 6.
Finding best site passing the output threshold in each of the 977 sequences.
Found a best site in 108 sequences.
Computing q-values.
# Computing q-values.
#   Estimating pi_0 from a uniformly sampled set of 10000 p-values.
#   Estimating pi_0.
# Minimal pi_zero = 0.983401
#   Estimated pi_0=0.989405
Using motif +PTBP1_1314 of width 9.
Finding best site passing the output threshold in each of the 977 sequences.
Found a best site in 525 sequences.
Computing q-values.
# Computing q-values.
#   Estimating pi_0 from a uniformly sampled set of 10000 p-values.
#   Estimating pi_0.
# Minimal pi_zero = 0.955488
#   Estimated pi_0=0.968324
Using motif +SRSF1_1388 of width 7.
Finding best site passing the output threshold in each of the 977 sequences.
Found a best site in 503 sequences.
Computing q-values.
# Computing q-values.
#   Estimating pi_0 from a uniformly sampled set of 10000 p-values.
#   Estimating pi_0.
# Minimal pi_zero = 0.973408
#   Estimated pi_0=0.978444
Using motif +SRSF1_1367 of width 7.
Finding best site passing the output threshold in each of the 977 sequences.
Found a best site in 468 sequences.
Computing q-values.
# Computing q-values.
#   Estimating pi_0 from a uniformly sampled set of 10000 p-values.
#   Estimating pi_0.
# Minimal pi_zero = 0.982588
#   Estimated pi_0=0.989062
Using motif +SRSF1_1385 of width 7.
Finding best site passing the output threshold in each of the 977 sequences.
Found a best site in 450 sequences.
Computing q-values.
# Computing q-values.
#   Estimating pi_0 from a uniformly sampled set of 10000 p-values.
#   Estimating pi_0.
# Minimal pi_zero = 0.985614
#   Estimated pi_0=0.987821
Using motif +SRSF1_1336 of width 10.
Finding best site passing the output threshold in each of the 977 sequences.
Found a best site in 597 sequences.
Computing q-values.
# Computing q-values.
#   Estimating pi_0 from a uniformly sampled set of 10000 p-values.
#   Estimating pi_0.
# Minimal pi_zero = 0.974752
#   Estimated pi_0=0.980556
Using motif +PTBP1_1381 of width 10.
Finding best site passing the output threshold in each of the 977 sequences.
Found a best site in 632 sequences.
Computing q-values.
# Computing q-values.
#   Estimating pi_0 from a uniformly sampled set of 10000 p-values.
#   Estimating pi_0.
# Minimal pi_zero = 0.941793
#   Estimated pi_0=0.949487
Using motif +SRSF1_1345 of width 7.
Finding best site passing the output threshold in each of the 977 sequences.
Found a best site in 441 sequences.
Computing q-values.
# Computing q-values.
#   Estimating pi_0 from a uniformly sampled set of 10000 p-values.
#   Estimating pi_0.
# Minimal pi_zero = 0.977561
#   Estimated pi_0=0.986927
Using motif +HNRNPA1_1304 of width 5.
Finding best site passing the output threshold in each of the 977 sequences.
Found a best site in 470 sequences.
Computing q-values.
# Computing q-values.
#   Estimating pi_0 from a uniformly sampled set of 10000 p-values.
#   Estimating pi_0.
# Minimal pi_zero = 0.976078
#   Estimated pi_0=0.986772
Using motif +SRSF1_1324 of width 7.
Finding best site passing the output threshold in each of the 977 sequences.
Found a best site in 413 sequences.
Computing q-values.
# Computing q-values.
#   Estimating pi_0 from a uniformly sampled set of 10000 p-values.
#   Estimating pi_0.
# Minimal pi_zero = 0.971613
#   Estimated pi_0=0.977529
Using motif +SRSF1_1327 of width 9.
Finding best site passing the output threshold in each of the 977 sequences.
Found a best site in 442 sequences.
Computing q-values.
# Computing q-values.
#   Estimating pi_0 from a uniformly sampled set of 10000 p-values.
#   Estimating pi_0.
# Minimal pi_zero = 0.980779
#   Estimated pi_0=0.98663
Using motif +SRSF1_1335 of width 7.
Finding best site passing the output threshold in each of the 977 sequences.
Found a best site in 422 sequences.
Computing q-values.
# Computing q-values.
#   Estimating pi_0 from a uniformly sampled set of 10000 p-values.
#   Estimating pi_0.
# Minimal pi_zero = 0.952615
#   Estimated pi_0=0.957639
Using motif +HNRNPA1_1306 of width 10.
Finding best site passing the output threshold in each of the 977 sequences.
Found a best site in 597 sequences.
Computing q-values.
# Computing q-values.
#   Estimating pi_0 from a uniformly sampled set of 10000 p-values.
#   Estimating pi_0.
# Minimal pi_zero = 0.972714
#   Estimated pi_0=0.980571
Using motif +PTBP1_1341 of width 7.
Finding best site passing the output threshold in each of the 977 sequences.
Found a best site in 442 sequences.
Computing q-values.
# Computing q-values.
#   Estimating pi_0 from a uniformly sampled set of 10000 p-values.
#   Estimating pi_0.
# Minimal pi_zero = 0.949593
#   Estimated pi_0=0.962775
Using motif +SRSF1_1349 of width 6.
Finding best site passing the output threshold in each of the 977 sequences.
Found a best site in 390 sequences.
Computing q-values.
# Computing q-values.
#   Estimating pi_0 from a uniformly sampled set of 10000 p-values.
#   Estimating pi_0.
# Minimal pi_zero = 0.975676
#   Estimated pi_0=0.983057
Using motif +NOVA1_1378 of width 8.
Finding best site passing the output threshold in each of the 977 sequences.
Found a best site in 491 sequences.
Computing q-values.
# Computing q-values.
#   Estimating pi_0 from a uniformly sampled set of 10000 p-values.
#   Estimating pi_0.
# Minimal pi_zero = 0.960174
#   Estimated pi_0=0.977455
Using motif +HNRNPA1_1346 of width 10.
Finding best site passing the output threshold in each of the 977 sequences.
Found a best site in 356 sequences.
Computing q-values.
# Computing q-values.
#   Estimating pi_0 from a uniformly sampled set of 10000 p-values.
#   Estimating pi_0.
# Minimal pi_zero = 0.983022
#   Estimated pi_0=0.999394
Using motif +SRSF1_1376 of width 12.
Finding best site passing the output threshold in each of the 977 sequences.
Found a best site in 420 sequences.
Computing q-values.
# Computing q-values.
#   Estimating pi_0 from a uniformly sampled set of 10000 p-values.
#   Estimating pi_0.
# Minimal pi_zero = 0.977143
#   Estimated pi_0=0.993231
Using motif +PTBP1_1398 of width 6.
Finding best site passing the output threshold in each of the 977 sequences.
Found a best site in 217 sequences.
Computing q-values.
# Computing q-values.
#   Estimating pi_0 from a uniformly sampled set of 10000 p-values.
#   Estimating pi_0.
# Minimal pi_zero = 0.944828
#   Estimated pi_0=0.947867
Using motif +SRSF1_1390 of width 9.
Finding best site passing the output threshold in each of the 977 sequences.
Found a best site in 508 sequences.
Computing q-values.
# Computing q-values.
#   Estimating pi_0 from a uniformly sampled set of 10000 p-values.
#   Estimating pi_0.
# Minimal pi_zero = 0.978776
#   Estimated pi_0=0.988172
Using motif +SRSF1_1312 of width 8.
Finding best site passing the output threshold in each of the 977 sequences.
Found a best site in 471 sequences.
Computing q-values.
# Computing q-values.
#   Estimating pi_0 from a uniformly sampled set of 10000 p-values.
#   Estimating pi_0.
# Minimal pi_zero = 0.988415
#   Estimated pi_0=0.992872
Using motif +SRSF1_1319 of width 9.
Finding best site passing the output threshold in each of the 977 sequences.
Found a best site in 556 sequences.
Computing q-values.
# Computing q-values.
#   Estimating pi_0 from a uniformly sampled set of 10000 p-values.
#   Estimating pi_0.
# Minimal pi_zero = 0.971572
#   Estimated pi_0=0.977297
Using motif +SRSF1_1393 of width 7.
Finding best site passing the output threshold in each of the 977 sequences.
Found a best site in 131 sequences.
Computing q-values.
# Computing q-values.
#   Estimating pi_0 from a uniformly sampled set of 10000 p-values.
#   Estimating pi_0.
# Minimal pi_zero = 0.9584
#   Estimated pi_0=0.967656
Using motif +SRSF1_1364 of width 7.
Finding best site passing the output threshold in each of the 977 sequences.
Found a best site in 501 sequences.
Computing q-values.
# Computing q-values.
#   Estimating pi_0 from a uniformly sampled set of 10000 p-values.
#   Estimating pi_0.
# Minimal pi_zero = 0.973175
#   Estimated pi_0=0.983146
Using motif +PTBP1_1368 of width 8.
Finding best site passing the output threshold in each of the 977 sequences.
Found a best site in 515 sequences.
Computing q-values.
# Computing q-values.
#   Estimating pi_0 from a uniformly sampled set of 10000 p-values.
#   Estimating pi_0.
# Minimal pi_zero = 0.953158
#   Estimated pi_0=0.963256
Using motif +PTBP2_1317 of width 5.
Finding best site passing the output threshold in each of the 977 sequences.
Found a best site in 454 sequences.
Computing q-values.
# Computing q-values.
#   Estimating pi_0 from a uniformly sampled set of 10000 p-values.
#   Estimating pi_0.
# Minimal pi_zero = 0.957342
#   Estimated pi_0=0.957342
Using motif +SRSF1_1353 of width 9.
Finding best site passing the output threshold in each of the 977 sequences.
Found a best site in 493 sequences.
Computing q-values.
# Computing q-values.
#   Estimating pi_0 from a uniformly sampled set of 10000 p-values.
#   Estimating pi_0.
# Minimal pi_zero = 0.982466
#   Estimated pi_0=0.987594
Using motif +SRSF1_1310 of width 7.
Finding best site passing the output threshold in each of the 977 sequences.
Found a best site in 413 sequences.
Computing q-values.
# Computing q-values.
#   Estimating pi_0 from a uniformly sampled set of 10000 p-values.
#   Estimating pi_0.
# Minimal pi_zero = 0.980588
#   Estimated pi_0=0.985222
Using motif +PTBP2_1370 of width 6.
Finding best site passing the output threshold in each of the 977 sequences.
Found a best site in 537 sequences.
Computing q-values.
# Computing q-values.
#   Estimating pi_0 from a uniformly sampled set of 10000 p-values.
#   Estimating pi_0.
# Minimal pi_zero = 0.949863
#   Estimated pi_0=0.950267
Using motif +PTBP1_1372 of width 5.
Finding best site passing the output threshold in each of the 977 sequences.
Found a best site in 454 sequences.
Computing q-values.
# Computing q-values.
#   Estimating pi_0 from a uniformly sampled set of 10000 p-values.
#   Estimating pi_0.
# Minimal pi_zero = 0.96242
#   Estimated pi_0=0.968588
Using motif +SRSF1_1326 of width 6.
Finding best site passing the output threshold in each of the 977 sequences.
Found a best site in 447 sequences.
Computing q-values.
# Computing q-values.
#   Estimating pi_0 from a uniformly sampled set of 10000 p-values.
#   Estimating pi_0.
# Minimal pi_zero = 0.975676
#   Estimated pi_0=0.987958
Using motif +SRSF1_1383 of width 8.
Finding best site passing the output threshold in each of the 977 sequences.
Found a best site in 553 sequences.
Computing q-values.
# Computing q-values.
#   Estimating pi_0 from a uniformly sampled set of 10000 p-values.
#   Estimating pi_0.
# Minimal pi_zero = 0.984957
#   Estimated pi_0=0.986138
Using motif +SRSF1_1389 of width 9.
Finding best site passing the output threshold in each of the 977 sequences.
Found a best site in 460 sequences.
Computing q-values.
# Computing q-values.
#   Estimating pi_0 from a uniformly sampled set of 10000 p-values.
#   Estimating pi_0.
# Minimal pi_zero = 0.984973
#   Estimated pi_0=0.984973
Using motif +HNRNPA1_1397 of width 4.
Finding best site passing the output threshold in each of the 977 sequences.
Found a best site in 0 sequences.
Computing q-values.
Using motif +PTBP1_1359 of width 6.
Finding best site passing the output threshold in each of the 977 sequences.
Found a best site in 537 sequences.
Computing q-values.
# Computing q-values.
#   Estimating pi_0 from a uniformly sampled set of 10000 p-values.
#   Estimating pi_0.
# Minimal pi_zero = 0.948219
#   Estimated pi_0=0.965393
Using motif +PTBP1_1382 of width 7.
Finding best site passing the output threshold in each of the 977 sequences.
Found a best site in 463 sequences.
Computing q-values.
# Computing q-values.
#   Estimating pi_0 from a uniformly sampled set of 10000 p-values.
#   Estimating pi_0.
# Minimal pi_zero = 0.949431
#   Estimated pi_0=0.964972
Using motif +PTBP1_1340 of width 7.
Finding best site passing the output threshold in each of the 977 sequences.
Found a best site in 546 sequences.
Computing q-values.
# Computing q-values.
#   Estimating pi_0 from a uniformly sampled set of 10000 p-values.
#   Estimating pi_0.
# Minimal pi_zero = 0.948
#   Estimated pi_0=0.959538
Using motif +SRSF1_1373 of width 8.
Finding best site passing the output threshold in each of the 977 sequences.
Found a best site in 589 sequences.
Computing q-values.
# Computing q-values.
#   Estimating pi_0 from a uniformly sampled set of 10000 p-values.
#   Estimating pi_0.
# Minimal pi_zero = 0.968121
#   Estimated pi_0=0.98
Using motif +SRSF1_1338 of width 12.
Finding best site passing the output threshold in each of the 977 sequences.
Found a best site in 593 sequences.
Computing q-values.
# Computing q-values.
#   Estimating pi_0 from a uniformly sampled set of 10000 p-values.
#   Estimating pi_0.
# Minimal pi_zero = 0.978344
#   Estimated pi_0=0.983011
Using motif +HNRNPA1_1366 of width 4.
Finding best site passing the output threshold in each of the 977 sequences.
Found a best site in 0 sequences.
Computing q-values.
[fimo] pas scan OK
Using motif +ZFP36_M269_0.6 of width 11.
Finding best site passing the output threshold in each of the 1541 sequences.
Found a best site in 840 sequences.
Computing q-values.
# Computing q-values.
#   Estimating pi_0 from a uniformly sampled set of 10000 p-values.
#   Estimating pi_0.
# Minimal pi_zero = 0.988701
#   Estimated pi_0=0.994141
Using motif +HNRNPA2B1_705 of width 11.
Finding best site passing the output threshold in each of the 1541 sequences.
Found a best site in 819 sequences.
Computing q-values.
# Computing q-values.
#   Estimating pi_0 from a uniformly sampled set of 10000 p-values.
#   Estimating pi_0.
# Minimal pi_zero = 0.994136
#   Estimated pi_0=0.996061
Using motif +SRSF1_1227 of width 9.
Finding best site passing the output threshold in each of the 1541 sequences.
Found a best site in 689 sequences.
Computing q-values.
# Computing q-values.
#   Estimating pi_0 from a uniformly sampled set of 10000 p-values.
#   Estimating pi_0.
# Minimal pi_zero = 0.994703
#   Estimated pi_0=0.998291
Using motif +SRSF1_1241 of width 7.
Finding best site passing the output threshold in each of the 1541 sequences.
Found a best site in 472 sequences.
Computing q-values.
# Computing q-values.
#   Estimating pi_0 from a uniformly sampled set of 10000 p-values.
#   Estimating pi_0.
# Minimal pi_zero = 1.00071
#   Estimated pi_0=1
Using motif +HNRNPA1_690 of width 6.
Finding best site passing the output threshold in each of the 1541 sequences.
Found a best site in 479 sequences.
Computing q-values.
# Computing q-values.
#   Estimating pi_0 from a uniformly sampled set of 10000 p-values.
#   Estimating pi_0.
# Minimal pi_zero = 0.986111
#   Estimated pi_0=1
Using motif +ELAVL1_1103 of width 5.
Finding best site passing the output threshold in each of the 1541 sequences.
Found a best site in 0 sequences.
Computing q-values.
Using motif +HNRNPA1_M271_0.6 of width 6.
Finding best site passing the output threshold in each of the 1541 sequences.
Found a best site in 494 sequences.
Computing q-values.
# Computing q-values.
#   Estimating pi_0 from a uniformly sampled set of 10000 p-values.
#   Estimating pi_0.
# Minimal pi_zero = 0.987885
#   Estimated pi_0=0.997868
Using motif +MBNL1_M320_0.6 of width 8.
Finding best site passing the output threshold in each of the 1541 sequences.
Found a best site in 845 sequences.
Computing q-values.
# Computing q-values.
#   Estimating pi_0 from a uniformly sampled set of 10000 p-values.
#   Estimating pi_0.
# Minimal pi_zero = 0.937167
#   Estimated pi_0=0.950238
Using motif +SRSF1_1218 of width 6.
Finding best site passing the output threshold in each of the 1541 sequences.
Found a best site in 358 sequences.
Computing q-values.
# Computing q-values.
#   Estimating pi_0 from a uniformly sampled set of 10000 p-values.
#   Estimating pi_0.
# Minimal pi_zero = 1.0003
#   Estimated pi_0=1
Using motif +NOVA1_64 of width 4.
Finding best site passing the output threshold in each of the 1541 sequences.
Found a best site in 0 sequences.
Computing q-values.
Using motif +HNRNPA1_660 of width 8.
Finding best site passing the output threshold in each of the 1541 sequences.
Found a best site in 474 sequences.
Computing q-values.
# Computing q-values.
#   Estimating pi_0 from a uniformly sampled set of 10000 p-values.
#   Estimating pi_0.
# Minimal pi_zero = 0.974175
#   Estimated pi_0=0.983411
Using motif +TARDBP_144 of width 12.
Finding best site passing the output threshold in each of the 1541 sequences.
Found a best site in 836 sequences.
Computing q-values.
# Computing q-values.
#   Estimating pi_0 from a uniformly sampled set of 10000 p-values.
#   Estimating pi_0.
# Minimal pi_zero = 0.941463
#   Estimated pi_0=0.952593
Using motif +SRSF1_1221 of width 6.
Finding best site passing the output threshold in each of the 1541 sequences.
Found a best site in 412 sequences.
Computing q-values.
# Computing q-values.
#   Estimating pi_0 from a uniformly sampled set of 10000 p-values.
#   Estimating pi_0.
# Minimal pi_zero = 0.976607
#   Estimated pi_0=0.993261
Using motif +SRSF1_s49 of width 7.
Finding best site passing the output threshold in each of the 1541 sequences.
Found a best site in 734 sequences.
Computing q-values.
# Computing q-values.
#   Estimating pi_0 from a uniformly sampled set of 10000 p-values.
#   Estimating pi_0.
# Minimal pi_zero = 0.999799
#   Estimated pi_0=0.999799
Using motif +SRSF1_1229 of width 6.
Finding best site passing the output threshold in each of the 1541 sequences.
Found a best site in 596 sequences.
Computing q-values.
# Computing q-values.
#   Estimating pi_0 from a uniformly sampled set of 10000 p-values.
#   Estimating pi_0.
# Minimal pi_zero = 0.991319
#   Estimated pi_0=0.996224
Using motif +SRSF1_1234 of width 7.
Finding best site passing the output threshold in each of the 1541 sequences.
Found a best site in 689 sequences.
Computing q-values.
# Computing q-values.
#   Estimating pi_0 from a uniformly sampled set of 10000 p-values.
#   Estimating pi_0.
# Minimal pi_zero = 0.999372
#   Estimated pi_0=1
Using motif +PTBP1_998 of width 6.
Finding best site passing the output threshold in each of the 1541 sequences.
Found a best site in 394 sequences.
Computing q-values.
# Computing q-values.
#   Estimating pi_0 from a uniformly sampled set of 10000 p-values.
#   Estimating pi_0.
# Minimal pi_zero = 0.952187
#   Estimated pi_0=0.957197
Using motif +KHDRBS1_1155 of width 6.
Finding best site passing the output threshold in each of the 1541 sequences.
Found a best site in 483 sequences.
Computing q-values.
# Computing q-values.
#   Estimating pi_0 from a uniformly sampled set of 10000 p-values.
#   Estimating pi_0.
# Minimal pi_zero = 0.912868
#   Estimated pi_0=0.918808
Using motif +SRSF1_1233 of width 7.
Finding best site passing the output threshold in each of the 1541 sequences.
Found a best site in 736 sequences.
Computing q-values.
# Computing q-values.
#   Estimating pi_0 from a uniformly sampled set of 10000 p-values.
#   Estimating pi_0.
# Minimal pi_zero = 0.995615
#   Estimated pi_0=0.999397
Using motif +PTBP1_51 of width 4.
Finding best site passing the output threshold in each of the 1541 sequences.
Found a best site in 0 sequences.
Computing q-values.
Using motif +SRSF1_M106_0.6 of width 8.
Finding best site passing the output threshold in each of the 1541 sequences.
Found a best site in 791 sequences.
Computing q-values.
# Computing q-values.
#   Estimating pi_0 from a uniformly sampled set of 10000 p-values.
#   Estimating pi_0.
# Minimal pi_zero = 0.995591
#   Estimated pi_0=0.999296
Using motif +HNRNPA1_692 of width 7.
Finding best site passing the output threshold in each of the 1541 sequences.
Found a best site in 772 sequences.
Computing q-values.
# Computing q-values.
#   Estimating pi_0 from a uniformly sampled set of 10000 p-values.
#   Estimating pi_0.
# Minimal pi_zero = 0.990521
#   Estimated pi_0=0.992308
Using motif +ELAVL1_367 of width 4.
Finding best site passing the output threshold in each of the 1541 sequences.
Found a best site in 0 sequences.
Computing q-values.
Using motif +SRSF1_1211 of width 9.
Finding best site passing the output threshold in each of the 1541 sequences.
Found a best site in 716 sequences.
Computing q-values.
# Computing q-values.
#   Estimating pi_0 from a uniformly sampled set of 10000 p-values.
#   Estimating pi_0.
# Minimal pi_zero = 0.988973
#   Estimated pi_0=0.995102
Using motif +HNRNPA1_679 of width 6.
Finding best site passing the output threshold in each of the 1541 sequences.
Found a best site in 279 sequences.
Computing q-values.
# Computing q-values.
#   Estimating pi_0 from a uniformly sampled set of 10000 p-values.
#   Estimating pi_0.
# Minimal pi_zero = 0.989
#   Estimated pi_0=0.997949
Using motif +FUS_M316_0.6 of width 4.
Finding best site passing the output threshold in each of the 1541 sequences.
Found a best site in 0 sequences.
Computing q-values.
Using motif +NOVA1_1131 of width 5.
Finding best site passing the output threshold in each of the 1541 sequences.
Found a best site in 0 sequences.
Computing q-values.
Using motif +SRSF1_1216 of width 7.
Finding best site passing the output threshold in each of the 1541 sequences.
Found a best site in 790 sequences.
Computing q-values.
# Computing q-values.
#   Estimating pi_0 from a uniformly sampled set of 10000 p-values.
#   Estimating pi_0.
# Minimal pi_zero = 0.989497
#   Estimated pi_0=0.994769
Using motif +HNRNPA1_653 of width 7.
Finding best site passing the output threshold in each of the 1541 sequences.
Found a best site in 435 sequences.
Computing q-values.
# Computing q-values.
#   Estimating pi_0 from a uniformly sampled set of 10000 p-values.
#   Estimating pi_0.
# Minimal pi_zero = 0.972241
#   Estimated pi_0=0.986667
Using motif +HNRNPA1_644 of width 6.
Finding best site passing the output threshold in each of the 1541 sequences.
Found a best site in 332 sequences.
Computing q-values.
# Computing q-values.
#   Estimating pi_0 from a uniformly sampled set of 10000 p-values.
#   Estimating pi_0.
# Minimal pi_zero = 0.986563
#   Estimated pi_0=1
Using motif +MBNL1_M320_0.6a of width 4.
Finding best site passing the output threshold in each of the 1541 sequences.
Found a best site in 0 sequences.
Computing q-values.
Using motif +PTBP1_1017 of width 7.
Finding best site passing the output threshold in each of the 1541 sequences.
Found a best site in 686 sequences.
Computing q-values.
# Computing q-values.
#   Estimating pi_0 from a uniformly sampled set of 10000 p-values.
#   Estimating pi_0.
# Minimal pi_zero = 0.979758
#   Estimated pi_0=0.984974
Using motif +ELAVL1_1105 of width 9.
Finding best site passing the output threshold in each of the 1541 sequences.
Found a best site in 634 sequences.
Computing q-values.
# Computing q-values.
#   Estimating pi_0 from a uniformly sampled set of 10000 p-values.
#   Estimating pi_0.
# Minimal pi_zero = 0.925962
#   Estimated pi_0=0.93268
Using motif +SRSF1_M272_0.6 of width 8.
Finding best site passing the output threshold in each of the 1541 sequences.
Found a best site in 733 sequences.
Computing q-values.
# Computing q-values.
#   Estimating pi_0 from a uniformly sampled set of 10000 p-values.
#   Estimating pi_0.
# Minimal pi_zero = 0.997927
#   Estimated pi_0=0.999799
Using motif +PTBP1_1013 of width 11.
Finding best site passing the output threshold in each of the 1541 sequences.
Found a best site in 898 sequences.
Computing q-values.
# Computing q-values.
#   Estimating pi_0 from a uniformly sampled set of 10000 p-values.
#   Estimating pi_0.
# Minimal pi_zero = 0.921022
#   Estimated pi_0=0.925755
Using motif +MBNL1_s30 of width 6.
Finding best site passing the output threshold in each of the 1541 sequences.
Found a best site in 881 sequences.
Computing q-values.
# Computing q-values.
#   Estimating pi_0 from a uniformly sampled set of 10000 p-values.
#   Estimating pi_0.
# Minimal pi_zero = 0.982323
#   Estimated pi_0=0.987914
Using motif +ELAVL1_M108_0.6 of width 7.
Finding best site passing the output threshold in each of the 1541 sequences.
Found a best site in 781 sequences.
Computing q-values.
# Computing q-values.
#   Estimating pi_0 from a uniformly sampled set of 10000 p-values.
#   Estimating pi_0.
# Minimal pi_zero = 0.914
#   Estimated pi_0=0.924179
Using motif +SRSF1_M273_0.6 of width 7.
Finding best site passing the output threshold in each of the 1541 sequences.
Found a best site in 211 sequences.
Computing q-values.
# Computing q-values.
#   Estimating pi_0 from a uniformly sampled set of 10000 p-values.
#   Estimating pi_0.
# Minimal pi_zero = 1.00362
#   Estimated pi_0=1
Using motif +ELAVL1_1104 of width 5.
Finding best site passing the output threshold in each of the 1541 sequences.
Found a best site in 0 sequences.
Computing q-values.
Using motif +HNRNPA1_652 of width 5.
Finding best site passing the output threshold in each of the 1541 sequences.
Found a best site in 0 sequences.
Computing q-values.
Using motif +FUS_1061 of width 7.
Finding best site passing the output threshold in each of the 1541 sequences.
Found a best site in 677 sequences.
Computing q-values.
# Computing q-values.
#   Estimating pi_0 from a uniformly sampled set of 10000 p-values.
#   Estimating pi_0.
# Minimal pi_zero = 0.901525
#   Estimated pi_0=0.909816
Using motif +KHDRBS1_M160_0.6 of width 7.
Finding best site passing the output threshold in each of the 1541 sequences.
Found a best site in 837 sequences.
Computing q-values.
# Computing q-values.
#   Estimating pi_0 from a uniformly sampled set of 10000 p-values.
#   Estimating pi_0.
# Minimal pi_zero = 0.99798
#   Estimated pi_0=0.999095
Using motif +SRSF1_s51 of width 7.
Finding best site passing the output threshold in each of the 1541 sequences.
Found a best site in 221 sequences.
Computing q-values.
# Computing q-values.
#   Estimating pi_0 from a uniformly sampled set of 10000 p-values.
#   Estimating pi_0.
# Minimal pi_zero = 1.00392
#   Estimated pi_0=1
Using motif +HNRNPA2B1_698 of width 5.
Finding best site passing the output threshold in each of the 1541 sequences.
Found a best site in 0 sequences.
Computing q-values.
Using motif +MBNL1_M037_0.6 of width 7.
Finding best site passing the output threshold in each of the 1541 sequences.
Found a best site in 675 sequences.
Computing q-values.
# Computing q-values.
#   Estimating pi_0 from a uniformly sampled set of 10000 p-values.
#   Estimating pi_0.
# Minimal pi_zero = 0.968293
#   Estimated pi_0=0.97694
Using motif +PTBP1_1014 of width 7.
Finding best site passing the output threshold in each of the 1541 sequences.
Found a best site in 696 sequences.
Computing q-values.
# Computing q-values.
#   Estimating pi_0 from a uniformly sampled set of 10000 p-values.
#   Estimating pi_0.
# Minimal pi_zero = 0.937886
#   Estimated pi_0=0.943
Using motif +ELAVL1_M112_0.6 of width 7.
Finding best site passing the output threshold in each of the 1541 sequences.
Found a best site in 774 sequences.
Computing q-values.
# Computing q-values.
#   Estimating pi_0 from a uniformly sampled set of 10000 p-values.
#   Estimating pi_0.
# Minimal pi_zero = 0.931
#   Estimated pi_0=0.939853
Using motif +PTBP1_1009 of width 9.
Finding best site passing the output threshold in each of the 1541 sequences.
Found a best site in 997 sequences.
Computing q-values.
# Computing q-values.
#   Estimating pi_0 from a uniformly sampled set of 10000 p-values.
#   Estimating pi_0.
# Minimal pi_zero = 0.952683
#   Estimated pi_0=0.954286
Using motif +PTBP1_31 of width 4.
Finding best site passing the output threshold in each of the 1541 sequences.
Found a best site in 0 sequences.
Computing q-values.
Using motif +PTBP2_1134 of width 6.
Finding best site passing the output threshold in each of the 1541 sequences.
Found a best site in 845 sequences.
Computing q-values.
# Computing q-values.
#   Estimating pi_0 from a uniformly sampled set of 10000 p-values.
#   Estimating pi_0.
# Minimal pi_zero = 0.962533
#   Estimated pi_0=0.964048
Using motif +NOVA2_M325_0.6 of width 16.
Finding best site passing the output threshold in each of the 1541 sequences.
Found a best site in 687 sequences.
Computing q-values.
# Computing q-values.
#   Estimating pi_0 from a uniformly sampled set of 10000 p-values.
#   Estimating pi_0.
# Minimal pi_zero = 0.99801
#   Estimated pi_0=0.999598
Using motif +HNRNPA1_665 of width 5.
Finding best site passing the output threshold in each of the 1541 sequences.
Found a best site in 0 sequences.
Computing q-values.
Using motif +HNRNPA1_647 of width 10.
Finding best site passing the output threshold in each of the 1541 sequences.
Found a best site in 541 sequences.
Computing q-values.
# Computing q-values.
#   Estimating pi_0 from a uniformly sampled set of 10000 p-values.
#   Estimating pi_0.
# Minimal pi_zero = 1.0005
#   Estimated pi_0=1
Using motif +ZFP36_155 of width 6.
Finding best site passing the output threshold in each of the 1541 sequences.
Found a best site in 941 sequences.
Computing q-values.
# Computing q-values.
#   Estimating pi_0 from a uniformly sampled set of 10000 p-values.
#   Estimating pi_0.
# Minimal pi_zero = 0.932121
#   Estimated pi_0=0.935762
Using motif +HNRNPA1_43 of width 12.
Finding best site passing the output threshold in each of the 1541 sequences.
Found a best site in 750 sequences.
Computing q-values.
# Computing q-values.
#   Estimating pi_0 from a uniformly sampled set of 10000 p-values.
#   Estimating pi_0.
# Minimal pi_zero = 0.982787
#   Estimated pi_0=0.99027
Using motif +PTBP1_8 of width 5.
Finding best site passing the output threshold in each of the 1541 sequences.
Found a best site in 755 sequences.
Computing q-values.
# Computing q-values.
#   Estimating pi_0 from a uniformly sampled set of 10000 p-values.
#   Estimating pi_0.
# Minimal pi_zero = 0.971465
#   Estimated pi_0=0.980659
Using motif +HNRNPA2B1_706 of width 11.
Finding best site passing the output threshold in each of the 1541 sequences.
Found a best site in 796 sequences.
Computing q-values.
# Computing q-values.
#   Estimating pi_0 from a uniformly sampled set of 10000 p-values.
#   Estimating pi_0.
# Minimal pi_zero = 0.99037
#   Estimated pi_0=0.994518
Using motif +ZFP36_138 of width 5.
Finding best site passing the output threshold in each of the 1541 sequences.
Found a best site in 680 sequences.
Computing q-values.
# Computing q-values.
#   Estimating pi_0 from a uniformly sampled set of 10000 p-values.
#   Estimating pi_0.
# Minimal pi_zero = 0.944762
#   Estimated pi_0=0.951026
Using motif +PTBP1_s12 of width 6.
Finding best site passing the output threshold in each of the 1541 sequences.
Found a best site in 782 sequences.
Computing q-values.
# Computing q-values.
#   Estimating pi_0 from a uniformly sampled set of 10000 p-values.
#   Estimating pi_0.
# Minimal pi_zero = 0.951329
#   Estimated pi_0=0.963041
Using motif +KHDRBS1_1157 of width 5.
Finding best site passing the output threshold in each of the 1541 sequences.
Found a best site in 0 sequences.
Computing q-values.
Using motif +SRSF1_s99 of width 7.
Finding best site passing the output threshold in each of the 1541 sequences.
Found a best site in 430 sequences.
Computing q-values.
# Computing q-values.
#   Estimating pi_0 from a uniformly sampled set of 10000 p-values.
#   Estimating pi_0.
# Minimal pi_zero = 0.999394
#   Estimated pi_0=1
Using motif +ZFP36_49 of width 6.
Finding best site passing the output threshold in each of the 1541 sequences.
Found a best site in 591 sequences.
Computing q-values.
# Computing q-values.
#   Estimating pi_0 from a uniformly sampled set of 10000 p-values.
#   Estimating pi_0.
# Minimal pi_zero = 0.954717
#   Estimated pi_0=0.96803
Using motif +HNRNPA1_663 of width 6.
Finding best site passing the output threshold in each of the 1541 sequences.
Found a best site in 769 sequences.
Computing q-values.
# Computing q-values.
#   Estimating pi_0 from a uniformly sampled set of 10000 p-values.
#   Estimating pi_0.
# Minimal pi_zero = 0.993757
#   Estimated pi_0=0.997789
Using motif +HNRNPA1_681 of width 6.
Finding best site passing the output threshold in each of the 1541 sequences.
Found a best site in 279 sequences.
Computing q-values.
# Computing q-values.
#   Estimating pi_0 from a uniformly sampled set of 10000 p-values.
#   Estimating pi_0.
# Minimal pi_zero = 0.981765
#   Estimated pi_0=0.997347
Using motif +KHDRBS1_s34 of width 6.
Finding best site passing the output threshold in each of the 1541 sequences.
Found a best site in 408 sequences.
Computing q-values.
# Computing q-values.
#   Estimating pi_0 from a uniformly sampled set of 10000 p-values.
#   Estimating pi_0.
# Minimal pi_zero = 0.996869
#   Estimated pi_0=0.996869
Using motif +HNRNPA2B1_710 of width 6.
Finding best site passing the output threshold in each of the 1541 sequences.
Found a best site in 311 sequences.
Computing q-values.
# Computing q-values.
#   Estimating pi_0 from a uniformly sampled set of 10000 p-values.
#   Estimating pi_0.
# Minimal pi_zero = 0.98374
#   Estimated pi_0=1
Using motif +PTBP1_1004 of width 6.
Finding best site passing the output threshold in each of the 1541 sequences.
Found a best site in 845 sequences.
Computing q-values.
# Computing q-values.
#   Estimating pi_0 from a uniformly sampled set of 10000 p-values.
#   Estimating pi_0.
# Minimal pi_zero = 0.968537
#   Estimated pi_0=0.971071
Using motif +QKI_104 of width 12.
Finding best site passing the output threshold in each of the 1541 sequences.
Found a best site in 717 sequences.
Computing q-values.
# Computing q-values.
#   Estimating pi_0 from a uniformly sampled set of 10000 p-values.
#   Estimating pi_0.
# Minimal pi_zero = 0.998367
#   Estimated pi_0=0.998995
Using motif +MBNL1_1123 of width 6.
Finding best site passing the output threshold in each of the 1541 sequences.
Found a best site in 841 sequences.
Computing q-values.
# Computing q-values.
#   Estimating pi_0 from a uniformly sampled set of 10000 p-values.
#   Estimating pi_0.
# Minimal pi_zero = 0.953241
#   Estimated pi_0=0.964375
Using motif +HNRNPA1_651 of width 5.
Finding best site passing the output threshold in each of the 1541 sequences.
Found a best site in 887 sequences.
Computing q-values.
# Computing q-values.
#   Estimating pi_0 from a uniformly sampled set of 10000 p-values.
#   Estimating pi_0.
# Minimal pi_zero = 0.988197
#   Estimated pi_0=0.991399
Using motif +KHDRBS1_M060_0.6 of width 7.
Finding best site passing the output threshold in each of the 1541 sequences.
Found a best site in 647 sequences.
Computing q-values.
# Computing q-values.
#   Estimating pi_0 from a uniformly sampled set of 10000 p-values.
#   Estimating pi_0.
# Minimal pi_zero = 0.996718
#   Estimated pi_0=0.999899
Using motif +HNRNPA1_664 of width 6.
Finding best site passing the output threshold in each of the 1541 sequences.
Found a best site in 596 sequences.
Computing q-values.
# Computing q-values.
#   Estimating pi_0 from a uniformly sampled set of 10000 p-values.
#   Estimating pi_0.
# Minimal pi_zero = 0.996484
#   Estimated pi_0=0.999698
Using motif +TARDBP_1282 of width 10.
Finding best site passing the output threshold in each of the 1541 sequences.
Found a best site in 792 sequences.
Computing q-values.
# Computing q-values.
#   Estimating pi_0 from a uniformly sampled set of 10000 p-values.
#   Estimating pi_0.
# Minimal pi_zero = 0.9384
#   Estimated pi_0=0.946364
Using motif +HNRNPA1_696 of width 6.
Finding best site passing the output threshold in each of the 1541 sequences.
Found a best site in 270 sequences.
Computing q-values.
# Computing q-values.
#   Estimating pi_0 from a uniformly sampled set of 10000 p-values.
#   Estimating pi_0.
# Minimal pi_zero = 0.992881
#   Estimated pi_0=0.999698
Using motif +PTBP1_1018 of width 7.
Finding best site passing the output threshold in each of the 1541 sequences.
Found a best site in 677 sequences.
Computing q-values.
# Computing q-values.
#   Estimating pi_0 from a uniformly sampled set of 10000 p-values.
#   Estimating pi_0.
# Minimal pi_zero = 0.893835
#   Estimated pi_0=0.89708
Using motif +PTBP1_11 of width 4.
Finding best site passing the output threshold in each of the 1541 sequences.
Found a best site in 0 sequences.
Computing q-values.
Using motif +PTBP1_1002 of width 8.
Finding best site passing the output threshold in each of the 1541 sequences.
Found a best site in 892 sequences.
Computing q-values.
# Computing q-values.
#   Estimating pi_0 from a uniformly sampled set of 10000 p-values.
#   Estimating pi_0.
# Minimal pi_zero = 0.975725
#   Estimated pi_0=0.982751
Using motif +NUDT21_420 of width 5.
Finding best site passing the output threshold in each of the 1541 sequences.
Found a best site in 0 sequences.
Computing q-values.
Using motif +SRSF1_M104_0.6 of width 7.
Finding best site passing the output threshold in each of the 1541 sequences.
Found a best site in 731 sequences.
Computing q-values.
# Computing q-values.
#   Estimating pi_0 from a uniformly sampled set of 10000 p-values.
#   Estimating pi_0.
# Minimal pi_zero = 0.994479
#   Estimated pi_0=0.998492
Using motif +NOVA2_179 of width 4.
Finding best site passing the output threshold in each of the 1541 sequences.
Found a best site in 0 sequences.
Computing q-values.
Using motif +ELAVL1_1108 of width 7.
Finding best site passing the output threshold in each of the 1541 sequences.
Found a best site in 677 sequences.
Computing q-values.
# Computing q-values.
#   Estimating pi_0 from a uniformly sampled set of 10000 p-values.
#   Estimating pi_0.
# Minimal pi_zero = 0.914436
#   Estimated pi_0=0.919141
Using motif +SRSF1_M103_0.6 of width 7.
Finding best site passing the output threshold in each of the 1541 sequences.
Found a best site in 764 sequences.
Computing q-values.
# Computing q-values.
#   Estimating pi_0 from a uniformly sampled set of 10000 p-values.
#   Estimating pi_0.
# Minimal pi_zero = 0.994973
#   Estimated pi_0=0.997576
Using motif +SRSF1_126 of width 7.
Finding best site passing the output threshold in each of the 1541 sequences.
Found a best site in 552 sequences.
Computing q-values.
# Computing q-values.
#   Estimating pi_0 from a uniformly sampled set of 10000 p-values.
#   Estimating pi_0.
# Minimal pi_zero = 1.00121
#   Estimated pi_0=1
Using motif +PTBP1_539 of width 5.
Finding best site passing the output threshold in each of the 1541 sequences.
Found a best site in 836 sequences.
Computing q-values.
# Computing q-values.
#   Estimating pi_0 from a uniformly sampled set of 10000 p-values.
#   Estimating pi_0.
# Minimal pi_zero = 0.964823
#   Estimated pi_0=0.966592
Using motif +ELAVL1_161 of width 12.
Finding best site passing the output threshold in each of the 1541 sequences.
Found a best site in 723 sequences.
Computing q-values.
# Computing q-values.
#   Estimating pi_0 from a uniformly sampled set of 10000 p-values.
#   Estimating pi_0.
# Minimal pi_zero = 0.927273
#   Estimated pi_0=0.938301
Using motif +QKI_1139 of width 5.
Finding best site passing the output threshold in each of the 1541 sequences.
Found a best site in 0 sequences.
Computing q-values.
Using motif +HNRNPA2B1_702 of width 6.
Finding best site passing the output threshold in each of the 1541 sequences.
Found a best site in 378 sequences.
Computing q-values.
# Computing q-values.
#   Estimating pi_0 from a uniformly sampled set of 10000 p-values.
#   Estimating pi_0.
# Minimal pi_zero = 0.965854
#   Estimated pi_0=0.965854
Using motif +HNRNPA2B1_703 of width 11.
Finding best site passing the output threshold in each of the 1541 sequences.
Found a best site in 718 sequences.
Computing q-values.
# Computing q-values.
#   Estimating pi_0 from a uniformly sampled set of 10000 p-values.
#   Estimating pi_0.
# Minimal pi_zero = 0.994031
#   Estimated pi_0=0.997172
Using motif +HNRNPA2B1_699 of width 6.
Finding best site passing the output threshold in each of the 1541 sequences.
Found a best site in 223 sequences.
Computing q-values.
# Computing q-values.
#   Estimating pi_0 from a uniformly sampled set of 10000 p-values.
#   Estimating pi_0.
# Minimal pi_zero = 0.999592
#   Estimated pi_0=1
Using motif +PTBP1_165 of width 4.
Finding best site passing the output threshold in each of the 1541 sequences.
Found a best site in 0 sequences.
Computing q-values.
Using motif +NOVA2_s95 of width 7.
Finding best site passing the output threshold in each of the 1541 sequences.
Found a best site in 677 sequences.
Computing q-values.
# Computing q-values.
#   Estimating pi_0 from a uniformly sampled set of 10000 p-values.
#   Estimating pi_0.
# Minimal pi_zero = 0.892373
#   Estimated pi_0=0.89708
Using motif +HNRNPA1_657 of width 6.
Finding best site passing the output threshold in each of the 1541 sequences.
Found a best site in 236 sequences.
Computing q-values.
# Computing q-values.
#   Estimating pi_0 from a uniformly sampled set of 10000 p-values.
#   Estimating pi_0.
# Minimal pi_zero = 0.997863
#   Estimated pi_0=1
Using motif +PTBP1_1008 of width 6.
Finding best site passing the output threshold in each of the 1541 sequences.
Found a best site in 845 sequences.
Computing q-values.
# Computing q-values.
#   Estimating pi_0 from a uniformly sampled set of 10000 p-values.
#   Estimating pi_0.
# Minimal pi_zero = 0.959604
#   Estimated pi_0=0.965119
Using motif +NOVA1_s27 of width 6.
Finding best site passing the output threshold in each of the 1541 sequences.
Found a best site in 604 sequences.
Computing q-values.
# Computing q-values.
#   Estimating pi_0 from a uniformly sampled set of 10000 p-values.
#   Estimating pi_0.
# Minimal pi_zero = 1
#   Estimated pi_0=1
Using motif +NOVA1_s94 of width 12.
Finding best site passing the output threshold in each of the 1541 sequences.
Found a best site in 620 sequences.
Computing q-values.
# Computing q-values.
#   Estimating pi_0 from a uniformly sampled set of 10000 p-values.
#   Estimating pi_0.
# Minimal pi_zero = 0.95633
#   Estimated pi_0=0.967143
Using motif +FUS_1060 of width 7.
Finding best site passing the output threshold in each of the 1541 sequences.
Found a best site in 686 sequences.
Computing q-values.
# Computing q-values.
#   Estimating pi_0 from a uniformly sampled set of 10000 p-values.
#   Estimating pi_0.
# Minimal pi_zero = 0.986835
#   Estimated pi_0=0.99303
Using motif +HNRNPA1_646 of width 6.
Finding best site passing the output threshold in each of the 1541 sequences.
Found a best site in 255 sequences.
Computing q-values.
# Computing q-values.
#   Estimating pi_0 from a uniformly sampled set of 10000 p-values.
#   Estimating pi_0.
# Minimal pi_zero = 0.998
#   Estimated pi_0=1
Using motif +SRSF1_1215 of width 9.
Finding best site passing the output threshold in each of the 1541 sequences.
Found a best site in 689 sequences.
Computing q-values.
# Computing q-values.
#   Estimating pi_0 from a uniformly sampled set of 10000 p-values.
#   Estimating pi_0.
# Minimal pi_zero = 0.996103
#   Estimated pi_0=0.998995
Using motif +SRSF1_s48 of width 7.
Finding best site passing the output threshold in each of the 1541 sequences.
Found a best site in 263 sequences.
Computing q-values.
# Computing q-values.
#   Estimating pi_0 from a uniformly sampled set of 10000 p-values.
#   Estimating pi_0.
# Minimal pi_zero = 1.00211
#   Estimated pi_0=1
Using motif +NOVA2_492 of width 7.
Finding best site passing the output threshold in each of the 1541 sequences.
Found a best site in 525 sequences.
Computing q-values.
# Computing q-values.
#   Estimating pi_0 from a uniformly sampled set of 10000 p-values.
#   Estimating pi_0.
# Minimal pi_zero = 0.998941
#   Estimated pi_0=0.999899
Using motif +HNRNPA1_695 of width 6.
Finding best site passing the output threshold in each of the 1541 sequences.
Found a best site in 311 sequences.
Computing q-values.
# Computing q-values.
#   Estimating pi_0 from a uniformly sampled set of 10000 p-values.
#   Estimating pi_0.
# Minimal pi_zero = 0.983577
#   Estimated pi_0=0.999171
Using motif +FUS_1059 of width 7.
Finding best site passing the output threshold in each of the 1541 sequences.
Found a best site in 686 sequences.
Computing q-values.
# Computing q-values.
#   Estimating pi_0 from a uniformly sampled set of 10000 p-values.
#   Estimating pi_0.
# Minimal pi_zero = 0.98455
#   Estimated pi_0=0.98455
Using motif +HNRNPA1_659 of width 10.
Finding best site passing the output threshold in each of the 1541 sequences.
Found a best site in 863 sequences.
Computing q-values.
# Computing q-values.
#   Estimating pi_0 from a uniformly sampled set of 10000 p-values.
#   Estimating pi_0.
# Minimal pi_zero = 0.994764
#   Estimated pi_0=0.996566
Using motif +HNRNPA1_643 of width 6.
Finding best site passing the output threshold in each of the 1541 sequences.
Found a best site in 346 sequences.
Computing q-values.
# Computing q-values.
#   Estimating pi_0 from a uniformly sampled set of 10000 p-values.
#   Estimating pi_0.
# Minimal pi_zero = 0.997029
#   Estimated pi_0=1
Using motif +ELAVL1_512 of width 4.
Finding best site passing the output threshold in each of the 1541 sequences.
Found a best site in 0 sequences.
Computing q-values.
Using motif +PTBP1_1012 of width 11.
Finding best site passing the output threshold in each of the 1541 sequences.
Found a best site in 898 sequences.
Computing q-values.
# Computing q-values.
#   Estimating pi_0 from a uniformly sampled set of 10000 p-values.
#   Estimating pi_0.
# Minimal pi_zero = 0.914
#   Estimated pi_0=0.917778
Using motif +PTBP1_1001 of width 6.
Finding best site passing the output threshold in each of the 1541 sequences.
Found a best site in 320 sequences.
Computing q-values.
# Computing q-values.
#   Estimating pi_0 from a uniformly sampled set of 10000 p-values.
#   Estimating pi_0.
# Minimal pi_zero = 0.937187
#   Estimated pi_0=0.947
Using motif +PABPN1_M148_0.6 of width 7.
Finding best site passing the output threshold in each of the 1541 sequences.
Found a best site in 692 sequences.
Computing q-values.
# Computing q-values.
#   Estimating pi_0 from a uniformly sampled set of 10000 p-values.
#   Estimating pi_0.
# Minimal pi_zero = 0.988284
#   Estimated pi_0=0.98866
Using motif +PTBP1_991 of width 7.
Finding best site passing the output threshold in each of the 1541 sequences.
Found a best site in 869 sequences.
Computing q-values.
# Computing q-values.
#   Estimating pi_0 from a uniformly sampled set of 10000 p-values.
#   Estimating pi_0.
# Minimal pi_zero = 0.921818
#   Estimated pi_0=0.935376
Using motif +KHDRBS1_1156 of width 6.
Finding best site passing the output threshold in each of the 1541 sequences.
Found a best site in 592 sequences.
Computing q-values.
# Computing q-values.
#   Estimating pi_0 from a uniformly sampled set of 10000 p-values.
#   Estimating pi_0.
# Minimal pi_zero = 0.993651
#   Estimated pi_0=0.996364
Using motif +ELAVL1_M232_0.6 of width 7.
Finding best site passing the output threshold in each of the 1541 sequences.
Found a best site in 739 sequences.
Computing q-values.
# Computing q-values.
#   Estimating pi_0 from a uniformly sampled set of 10000 p-values.
#   Estimating pi_0.
# Minimal pi_zero = 0.897451
#   Estimated pi_0=0.898812
Using motif +HNRNPA2B1_697 of width 10.
Finding best site passing the output threshold in each of the 1541 sequences.
Found a best site in 541 sequences.
Computing q-values.
# Computing q-values.
#   Estimating pi_0 from a uniformly sampled set of 10000 p-values.
#   Estimating pi_0.
# Minimal pi_zero = 0.999394
#   Estimated pi_0=0.999698
Using motif +TARDBP_1280 of width 12.
Finding best site passing the output threshold in each of the 1541 sequences.
Found a best site in 836 sequences.
Computing q-values.
# Computing q-values.
#   Estimating pi_0 from a uniformly sampled set of 10000 p-values.
#   Estimating pi_0.
# Minimal pi_zero = 0.93252
#   Estimated pi_0=0.947561
Using motif +HNRNPA1_658 of width 6.
Finding best site passing the output threshold in each of the 1541 sequences.
Found a best site in 794 sequences.
Computing q-values.
# Computing q-values.
#   Estimating pi_0 from a uniformly sampled set of 10000 p-values.
#   Estimating pi_0.
# Minimal pi_zero = 1.00071
#   Estimated pi_0=1
Using motif +SRSF1_M351_0.6 of width 10.
Finding best site passing the output threshold in each of the 1541 sequences.
Found a best site in 684 sequences.
Computing q-values.
# Computing q-values.
#   Estimating pi_0 from a uniformly sampled set of 10000 p-values.
#   Estimating pi_0.
# Minimal pi_zero = 0.995912
#   Estimated pi_0=0.999296
Using motif +TARDBP_541 of width 8.
Finding best site passing the output threshold in each of the 1541 sequences.
Found a best site in 660 sequences.
Computing q-values.
# Computing q-values.
#   Estimating pi_0 from a uniformly sampled set of 10000 p-values.
#   Estimating pi_0.
# Minimal pi_zero = 0.991585
#   Estimated pi_0=0.99798
Using motif +HNRNPA1_662 of width 6.
Finding best site passing the output threshold in each of the 1541 sequences.
Found a best site in 223 sequences.
Computing q-values.
# Computing q-values.
#   Estimating pi_0 from a uniformly sampled set of 10000 p-values.
#   Estimating pi_0.
# Minimal pi_zero = 1.0003
#   Estimated pi_0=1
Using motif +HNRNPA2B1_704 of width 11.
Finding best site passing the output threshold in each of the 1541 sequences.
Found a best site in 706 sequences.
Computing q-values.
# Computing q-values.
#   Estimating pi_0 from a uniformly sampled set of 10000 p-values.
#   Estimating pi_0.
# Minimal pi_zero = 0.996614
#   Estimated pi_0=0.997677
Using motif +SRSF1_1240 of width 7.
Finding best site passing the output threshold in each of the 1541 sequences.
Found a best site in 275 sequences.
Computing q-values.
# Computing q-values.
#   Estimating pi_0 from a uniformly sampled set of 10000 p-values.
#   Estimating pi_0.
# Minimal pi_zero = 1.00342
#   Estimated pi_0=1
Using motif +PTBP1_992 of width 6.
Finding best site passing the output threshold in each of the 1541 sequences.
Found a best site in 793 sequences.
Computing q-values.
# Computing q-values.
#   Estimating pi_0 from a uniformly sampled set of 10000 p-values.
#   Estimating pi_0.
# Minimal pi_zero = 0.963867
#   Estimated pi_0=0.967665
Using motif +PTBP1_996 of width 8.
Finding best site passing the output threshold in each of the 1541 sequences.
Found a best site in 904 sequences.
Computing q-values.
# Computing q-values.
#   Estimating pi_0 from a uniformly sampled set of 10000 p-values.
#   Estimating pi_0.
# Minimal pi_zero = 0.973576
#   Estimated pi_0=0.980667
Using motif +NOVA1_1130 of width 5.
Finding best site passing the output threshold in each of the 1541 sequences.
Found a best site in 0 sequences.
Computing q-values.
Using motif +PTBP1_1023 of width 8.
Finding best site passing the output threshold in each of the 1541 sequences.
Found a best site in 873 sequences.
Computing q-values.
# Computing q-values.
#   Estimating pi_0 from a uniformly sampled set of 10000 p-values.
#   Estimating pi_0.
# Minimal pi_zero = 0.944444
#   Estimated pi_0=0.95497
Using motif +NOVA2_s96 of width 7.
Finding best site passing the output threshold in each of the 1541 sequences.
Found a best site in 686 sequences.
Computing q-values.
# Computing q-values.
#   Estimating pi_0 from a uniformly sampled set of 10000 p-values.
#   Estimating pi_0.
# Minimal pi_zero = 0.984444
#   Estimated pi_0=0.987749
Using motif +NUDT21_575 of width 5.
Finding best site passing the output threshold in each of the 1541 sequences.
Found a best site in 0 sequences.
Computing q-values.
Using motif +HNRNPA2B1_M024_0.6 of width 7.
Finding best site passing the output threshold in each of the 1541 sequences.
Found a best site in 645 sequences.
Computing q-values.
# Computing q-values.
#   Estimating pi_0 from a uniformly sampled set of 10000 p-values.
#   Estimating pi_0.
# Minimal pi_zero = 0.998947
#   Estimated pi_0=0.999598
Using motif +HNRNPA1_683 of width 7.
Finding best site passing the output threshold in each of the 1541 sequences.
Found a best site in 677 sequences.
Computing q-values.
# Computing q-values.
#   Estimating pi_0 from a uniformly sampled set of 10000 p-values.
#   Estimating pi_0.
# Minimal pi_zero = 0.906441
#   Estimated pi_0=0.92
Using motif +HNRNPA1_656 of width 6.
Finding best site passing the output threshold in each of the 1541 sequences.
Found a best site in 269 sequences.
Computing q-values.
# Computing q-values.
#   Estimating pi_0 from a uniformly sampled set of 10000 p-values.
#   Estimating pi_0.
# Minimal pi_zero = 0.996242
#   Estimated pi_0=1
Using motif +TARDBP_1277 of width 7.
Finding best site passing the output threshold in each of the 1541 sequences.
Found a best site in 514 sequences.
Computing q-values.
# Computing q-values.
#   Estimating pi_0 from a uniformly sampled set of 10000 p-values.
#   Estimating pi_0.
# Minimal pi_zero = 0.937937
#   Estimated pi_0=0.944681
Using motif +SRSF1_1236 of width 7.
Finding best site passing the output threshold in each of the 1541 sequences.
Found a best site in 710 sequences.
Computing q-values.
# Computing q-values.
#   Estimating pi_0 from a uniformly sampled set of 10000 p-values.
#   Estimating pi_0.
# Minimal pi_zero = 0.994815
#   Estimated pi_0=0.999397
Using motif +PTBP1_1006 of width 6.
Finding best site passing the output threshold in each of the 1541 sequences.
Found a best site in 845 sequences.
Computing q-values.
# Computing q-values.
#   Estimating pi_0 from a uniformly sampled set of 10000 p-values.
#   Estimating pi_0.
# Minimal pi_zero = 0.957844
#   Estimated pi_0=0.95881
Using motif +MBNL1_1121 of width 6.
Finding best site passing the output threshold in each of the 1541 sequences.
Found a best site in 281 sequences.
Computing q-values.
# Computing q-values.
#   Estimating pi_0 from a uniformly sampled set of 10000 p-values.
#   Estimating pi_0.
# Minimal pi_zero = 0.963459
#   Estimated pi_0=0.968931
Using motif +HNRNPA1_183 of width 11.
Finding best site passing the output threshold in each of the 1541 sequences.
Found a best site in 819 sequences.
Computing q-values.
# Computing q-values.
#   Estimating pi_0 from a uniformly sampled set of 10000 p-values.
#   Estimating pi_0.
# Minimal pi_zero = 0.994555
#   Estimated pi_0=0.996667
Using motif +PTBP1_71 of width 8.
Finding best site passing the output threshold in each of the 1541 sequences.
Found a best site in 873 sequences.
Computing q-values.
# Computing q-values.
#   Estimating pi_0 from a uniformly sampled set of 10000 p-values.
#   Estimating pi_0.
# Minimal pi_zero = 0.950236
#   Estimated pi_0=0.960909
Using motif +NOVA1_459 of width 5.
Finding best site passing the output threshold in each of the 1541 sequences.
Found a best site in 612 sequences.
Computing q-values.
# Computing q-values.
#   Estimating pi_0 from a uniformly sampled set of 10000 p-values.
#   Estimating pi_0.
# Minimal pi_zero = 0.997553
#   Estimated pi_0=0.998492
Using motif +SRSF1_1231 of width 8.
Finding best site passing the output threshold in each of the 1541 sequences.
Found a best site in 819 sequences.
Computing q-values.
# Computing q-values.
#   Estimating pi_0 from a uniformly sampled set of 10000 p-values.
#   Estimating pi_0.
# Minimal pi_zero = 0.992128
#   Estimated pi_0=0.996566
Using motif +SRSF1_1220 of width 6.
Finding best site passing the output threshold in each of the 1541 sequences.
Found a best site in 713 sequences.
Computing q-values.
# Computing q-values.
#   Estimating pi_0 from a uniformly sampled set of 10000 p-values.
#   Estimating pi_0.
# Minimal pi_zero = 0.99899
#   Estimated pi_0=1
Using motif +KHDRBS1_s33 of width 6.
Finding best site passing the output threshold in each of the 1541 sequences.
Found a best site in 434 sequences.
Computing q-values.
# Computing q-values.
#   Estimating pi_0 from a uniformly sampled set of 10000 p-values.
#   Estimating pi_0.
# Minimal pi_zero = 0.965
#   Estimated pi_0=0.966195
Using motif +SRSF1_375 of width 8.
Finding best site passing the output threshold in each of the 1541 sequences.
Found a best site in 699 sequences.
Computing q-values.
# Computing q-values.
#   Estimating pi_0 from a uniformly sampled set of 10000 p-values.
#   Estimating pi_0.
# Minimal pi_zero = 0.998894
#   Estimated pi_0=0.998894
Using motif +PTBP1_995 of width 12.
Finding best site passing the output threshold in each of the 1541 sequences.
Found a best site in 764 sequences.
Computing q-values.
# Computing q-values.
#   Estimating pi_0 from a uniformly sampled set of 10000 p-values.
#   Estimating pi_0.
# Minimal pi_zero = 0.920354
#   Estimated pi_0=0.92375
Using motif +PTBP1_997 of width 6.
Finding best site passing the output threshold in each of the 1541 sequences.
Found a best site in 518 sequences.
Computing q-values.
# Computing q-values.
#   Estimating pi_0 from a uniformly sampled set of 10000 p-values.
#   Estimating pi_0.
# Minimal pi_zero = 0.911748
#   Estimated pi_0=0.911748
Using motif +ELAVL1_84 of width 11.
Finding best site passing the output threshold in each of the 1541 sequences.
Found a best site in 767 sequences.
Computing q-values.
# Computing q-values.
#   Estimating pi_0 from a uniformly sampled set of 10000 p-values.
#   Estimating pi_0.
# Minimal pi_zero = 0.917815
#   Estimated pi_0=0.932327
Using motif +SRSF1_s22 of width 10.
Finding best site passing the output threshold in each of the 1541 sequences.
Found a best site in 658 sequences.
Computing q-values.
# Computing q-values.
#   Estimating pi_0 from a uniformly sampled set of 10000 p-values.
#   Estimating pi_0.
# Minimal pi_zero = 0.998854
#   Estimated pi_0=1
Using motif +PTBP1_1022 of width 8.
Finding best site passing the output threshold in each of the 1541 sequences.
Found a best site in 842 sequences.
Computing q-values.
# Computing q-values.
#   Estimating pi_0 from a uniformly sampled set of 10000 p-values.
#   Estimating pi_0.
# Minimal pi_zero = 0.959542
#   Estimated pi_0=0.969277
Using motif +PTBP1_133 of width 6.
Finding best site passing the output threshold in each of the 1541 sequences.
Found a best site in 845 sequences.
Computing q-values.
# Computing q-values.
#   Estimating pi_0 from a uniformly sampled set of 10000 p-values.
#   Estimating pi_0.
# Minimal pi_zero = 0.967121
#   Estimated pi_0=0.973371
Using motif +HNRNPA1_648 of width 6.
Finding best site passing the output threshold in each of the 1541 sequences.
Found a best site in 768 sequences.
Computing q-values.
# Computing q-values.
#   Estimating pi_0 from a uniformly sampled set of 10000 p-values.
#   Estimating pi_0.
# Minimal pi_zero = 0.992718
#   Estimated pi_0=0.992857
Using motif +SRSF1_1238 of width 7.
Finding best site passing the output threshold in each of the 1541 sequences.
Found a best site in 518 sequences.
Computing q-values.
# Computing q-values.
#   Estimating pi_0 from a uniformly sampled set of 10000 p-values.
#   Estimating pi_0.
# Minimal pi_zero = 0.999762
#   Estimated pi_0=1
Using motif +QKI_352 of width 6.
Finding best site passing the output threshold in each of the 1541 sequences.
Found a best site in 456 sequences.
Computing q-values.
# Computing q-values.
#   Estimating pi_0 from a uniformly sampled set of 10000 p-values.
#   Estimating pi_0.
# Minimal pi_zero = 1.00201
#   Estimated pi_0=1
Using motif +HNRNPA1_645 of width 7.
Finding best site passing the output threshold in each of the 1541 sequences.
Found a best site in 469 sequences.
Computing q-values.
# Computing q-values.
#   Estimating pi_0 from a uniformly sampled set of 10000 p-values.
#   Estimating pi_0.
# Minimal pi_zero = 0.990333
#   Estimated pi_0=1
Using motif +HNRNPA1_654 of width 5.
Finding best site passing the output threshold in each of the 1541 sequences.
Found a best site in 0 sequences.
Computing q-values.
Using motif +HNRNPA1_688 of width 10.
Finding best site passing the output threshold in each of the 1541 sequences.
Found a best site in 661 sequences.
Computing q-values.
# Computing q-values.
#   Estimating pi_0 from a uniformly sampled set of 10000 p-values.
#   Estimating pi_0.
# Minimal pi_zero = 0.98411
#   Estimated pi_0=0.989943
Using motif +PTBP1_M227_0.6 of width 7.
Finding best site passing the output threshold in each of the 1541 sequences.
Found a best site in 890 sequences.
Computing q-values.
# Computing q-values.
#   Estimating pi_0 from a uniformly sampled set of 10000 p-values.
#   Estimating pi_0.
# Minimal pi_zero = 0.935135
#   Estimated pi_0=0.941977
Using motif +PTBP1_994 of width 9.
Finding best site passing the output threshold in each of the 1541 sequences.
Found a best site in 769 sequences.
Computing q-values.
# Computing q-values.
#   Estimating pi_0 from a uniformly sampled set of 10000 p-values.
#   Estimating pi_0.
# Minimal pi_zero = 0.963704
#   Estimated pi_0=0.977358
Using motif +NOVA2_1133 of width 5.
Finding best site passing the output threshold in each of the 1541 sequences.
Found a best site in 0 sequences.
Computing q-values.
Using motif +SRSF1_s50 of width 7.
Finding best site passing the output threshold in each of the 1541 sequences.
Found a best site in 592 sequences.
Computing q-values.
# Computing q-values.
#   Estimating pi_0 from a uniformly sampled set of 10000 p-values.
#   Estimating pi_0.
# Minimal pi_zero = 0.993553
#   Estimated pi_0=0.999899
Using motif +PTBP1_1015 of width 7.
Finding best site passing the output threshold in each of the 1541 sequences.
Found a best site in 677 sequences.
Computing q-values.
# Computing q-values.
#   Estimating pi_0 from a uniformly sampled set of 10000 p-values.
#   Estimating pi_0.
# Minimal pi_zero = 0.893684
#   Estimated pi_0=0.902945
Using motif +PTBP1_1016 of width 7.
Finding best site passing the output threshold in each of the 1541 sequences.
Found a best site in 587 sequences.
Computing q-values.
# Computing q-values.
#   Estimating pi_0 from a uniformly sampled set of 10000 p-values.
#   Estimating pi_0.
# Minimal pi_zero = 0.986826
#   Estimated pi_0=0.987053
Using motif +SRSF1_1230 of width 10.
Finding best site passing the output threshold in each of the 1541 sequences.
Found a best site in 876 sequences.
Computing q-values.
# Computing q-values.
#   Estimating pi_0 from a uniformly sampled set of 10000 p-values.
#   Estimating pi_0.
# Minimal pi_zero = 0.987191
#   Estimated pi_0=0.991959
Using motif +TARDBP_178 of width 12.
Finding best site passing the output threshold in each of the 1541 sequences.
Found a best site in 836 sequences.
Computing q-values.
# Computing q-values.
#   Estimating pi_0 from a uniformly sampled set of 10000 p-values.
#   Estimating pi_0.
# Minimal pi_zero = 0.950732
#   Estimated pi_0=0.954937
Using motif +NOVA1_1127 of width 7.
Finding best site passing the output threshold in each of the 1541 sequences.
Found a best site in 587 sequences.
Computing q-values.
# Computing q-values.
#   Estimating pi_0 from a uniformly sampled set of 10000 p-values.
#   Estimating pi_0.
# Minimal pi_zero = 0.983713
#   Estimated pi_0=0.983895
Using motif +MBNL1_1122 of width 10.
Finding best site passing the output threshold in each of the 1541 sequences.
Found a best site in 870 sequences.
Computing q-values.
# Computing q-values.
#   Estimating pi_0 from a uniformly sampled set of 10000 p-values.
#   Estimating pi_0.
# Minimal pi_zero = 0.910392
#   Estimated pi_0=0.929362
Using motif +TARDBP_1279 of width 6.
Finding best site passing the output threshold in each of the 1541 sequences.
Found a best site in 551 sequences.
Computing q-values.
# Computing q-values.
#   Estimating pi_0 from a uniformly sampled set of 10000 p-values.
#   Estimating pi_0.
# Minimal pi_zero = 0.960305
#   Estimated pi_0=0.966707
Using motif +HNRNPA1_642 of width 6.
Finding best site passing the output threshold in each of the 1541 sequences.
Found a best site in 279 sequences.
Computing q-values.
# Computing q-values.
#   Estimating pi_0 from a uniformly sampled set of 10000 p-values.
#   Estimating pi_0.
# Minimal pi_zero = 0.986897
#   Estimated pi_0=0.997462
Using motif +HNRNPA2B1_700 of width 6.
Finding best site passing the output threshold in each of the 1541 sequences.
Found a best site in 202 sequences.
Computing q-values.
# Computing q-values.
#   Estimating pi_0 from a uniformly sampled set of 10000 p-values.
#   Estimating pi_0.
# Minimal pi_zero = 1.00101
#   Estimated pi_0=1
Using motif +ZFP36_128 of width 5.
Finding best site passing the output threshold in each of the 1541 sequences.
Found a best site in 0 sequences.
Computing q-values.
Using motif +SRSF1_1228 of width 7.
Finding best site passing the output threshold in each of the 1541 sequences.
Found a best site in 653 sequences.
Computing q-values.
# Computing q-values.
#   Estimating pi_0 from a uniformly sampled set of 10000 p-values.
#   Estimating pi_0.
# Minimal pi_zero = 0.997056
#   Estimated pi_0=0.997677
Using motif +ELAVL1_476 of width 5.
Finding best site passing the output threshold in each of the 1541 sequences.
Found a best site in 0 sequences.
Computing q-values.
Using motif +SRSF1_1225 of width 8.
Finding best site passing the output threshold in each of the 1541 sequences.
Found a best site in 698 sequences.
Computing q-values.
# Computing q-values.
#   Estimating pi_0 from a uniformly sampled set of 10000 p-values.
#   Estimating pi_0.
# Minimal pi_zero = 0.996062
#   Estimated pi_0=0.999196
Using motif +HNRNPA1_674 of width 10.
Finding best site passing the output threshold in each of the 1541 sequences.
Found a best site in 465 sequences.
Computing q-values.
# Computing q-values.
#   Estimating pi_0 from a uniformly sampled set of 10000 p-values.
#   Estimating pi_0.
# Minimal pi_zero = 0.979248
#   Estimated pi_0=1
Using motif +MBNL1_1124 of width 9.
Finding best site passing the output threshold in each of the 1541 sequences.
Found a best site in 518 sequences.
Computing q-values.
# Computing q-values.
#   Estimating pi_0 from a uniformly sampled set of 10000 p-values.
#   Estimating pi_0.
# Minimal pi_zero = 0.992532
#   Estimated pi_0=0.999698
Using motif +HNRNPA1_689 of width 6.
Finding best site passing the output threshold in each of the 1541 sequences.
Found a best site in 279 sequences.
Computing q-values.
# Computing q-values.
#   Estimating pi_0 from a uniformly sampled set of 10000 p-values.
#   Estimating pi_0.
# Minimal pi_zero = 0.980392
#   Estimated pi_0=0.997333
Using motif +PTBP1_117 of width 5.
Finding best site passing the output threshold in each of the 1541 sequences.
Found a best site in 836 sequences.
Computing q-values.
# Computing q-values.
#   Estimating pi_0 from a uniformly sampled set of 10000 p-values.
#   Estimating pi_0.
# Minimal pi_zero = 0.952482
#   Estimated pi_0=0.964916
Using motif +SRSF1_1217 of width 11.
Finding best site passing the output threshold in each of the 1541 sequences.
Found a best site in 279 sequences.
Computing q-values.
# Computing q-values.
#   Estimating pi_0 from a uniformly sampled set of 10000 p-values.
#   Estimating pi_0.
# Minimal pi_zero = 0.983333
#   Estimated pi_0=1
Using motif +HNRNPA1_680 of width 6.
Finding best site passing the output threshold in each of the 1541 sequences.
Found a best site in 279 sequences.
Computing q-values.
# Computing q-values.
#   Estimating pi_0 from a uniformly sampled set of 10000 p-values.
#   Estimating pi_0.
# Minimal pi_zero = 0.995915
#   Estimated pi_0=1
Using motif +ZFP36_M350_0.6 of width 9.
Finding best site passing the output threshold in each of the 1541 sequences.
Found a best site in 625 sequences.
Computing q-values.
# Computing q-values.
#   Estimating pi_0 from a uniformly sampled set of 10000 p-values.
#   Estimating pi_0.
# Minimal pi_zero = 0.944571
#   Estimated pi_0=0.960336
Using motif +NOVA2_564 of width 11.
Finding best site passing the output threshold in each of the 1541 sequences.
Found a best site in 594 sequences.
Computing q-values.
# Computing q-values.
#   Estimating pi_0 from a uniformly sampled set of 10000 p-values.
#   Estimating pi_0.
# Minimal pi_zero = 0.996211
#   Estimated pi_0=0.99697
Using motif +ELAVL1_s101 of width 7.
Finding best site passing the output threshold in each of the 1541 sequences.
Found a best site in 803 sequences.
Computing q-values.
# Computing q-values.
#   Estimating pi_0 from a uniformly sampled set of 10000 p-values.
#   Estimating pi_0.
# Minimal pi_zero = 0.907519
#   Estimated pi_0=0.913824
Using motif +ELAVL1_M031_0.6 of width 7.
Finding best site passing the output threshold in each of the 1541 sequences.
Found a best site in 746 sequences.
Computing q-values.
# Computing q-values.
#   Estimating pi_0 from a uniformly sampled set of 10000 p-values.
#   Estimating pi_0.
# Minimal pi_zero = 0.939808
#   Estimated pi_0=0.95521
Using motif +KHDRBS1_1158 of width 7.
Finding best site passing the output threshold in each of the 1541 sequences.
Found a best site in 677 sequences.
Computing q-values.
# Computing q-values.
#   Estimating pi_0 from a uniformly sampled set of 10000 p-values.
#   Estimating pi_0.
# Minimal pi_zero = 0.903158
#   Estimated pi_0=0.909325
Using motif +FUS_1058 of width 7.
Finding best site passing the output threshold in each of the 1541 sequences.
Found a best site in 626 sequences.
Computing q-values.
# Computing q-values.
#   Estimating pi_0 from a uniformly sampled set of 10000 p-values.
#   Estimating pi_0.
# Minimal pi_zero = 0.982778
#   Estimated pi_0=0.987077
Using motif +PTBP1_993 of width 8.
Finding best site passing the output threshold in each of the 1541 sequences.
Found a best site in 788 sequences.
Computing q-values.
# Computing q-values.
#   Estimating pi_0 from a uniformly sampled set of 10000 p-values.
#   Estimating pi_0.
# Minimal pi_zero = 0.98
#   Estimated pi_0=0.989418
Using motif +QKI_1138 of width 6.
Finding best site passing the output threshold in each of the 1541 sequences.
Found a best site in 194 sequences.
Computing q-values.
# Computing q-values.
#   Estimating pi_0 from a uniformly sampled set of 10000 p-values.
#   Estimating pi_0.
# Minimal pi_zero = 0.979
#   Estimated pi_0=1
Using motif +HNRNPA1_675 of width 6.
Finding best site passing the output threshold in each of the 1541 sequences.
Found a best site in 202 sequences.
Computing q-values.
# Computing q-values.
#   Estimating pi_0 from a uniformly sampled set of 10000 p-values.
#   Estimating pi_0.
# Minimal pi_zero = 0.999592
#   Estimated pi_0=1
Using motif +TARDBP_1281 of width 8.
Finding best site passing the output threshold in each of the 1541 sequences.
Found a best site in 802 sequences.
Computing q-values.
# Computing q-values.
#   Estimating pi_0 from a uniformly sampled set of 10000 p-values.
#   Estimating pi_0.
# Minimal pi_zero = 0.952881
#   Estimated pi_0=0.960241
Using motif +MBNL1_1125 of width 9.
Finding best site passing the output threshold in each of the 1541 sequences.
Found a best site in 670 sequences.
Computing q-values.
# Computing q-values.
#   Estimating pi_0 from a uniformly sampled set of 10000 p-values.
#   Estimating pi_0.
# Minimal pi_zero = 0.9572
#   Estimated pi_0=0.96575
Using motif +PTBP1_1021 of width 5.
Finding best site passing the output threshold in each of the 1541 sequences.
Found a best site in 836 sequences.
Computing q-values.
# Computing q-values.
#   Estimating pi_0 from a uniformly sampled set of 10000 p-values.
#   Estimating pi_0.
# Minimal pi_zero = 0.953617
#   Estimated pi_0=0.964581
Using motif +NOVA1_440 of width 7.
Finding best site passing the output threshold in each of the 1541 sequences.
Found a best site in 770 sequences.
Computing q-values.
# Computing q-values.
#   Estimating pi_0 from a uniformly sampled set of 10000 p-values.
#   Estimating pi_0.
# Minimal pi_zero = 0.990118
#   Estimated pi_0=0.994154
Using motif +SRSF1_167 of width 7.
Finding best site passing the output threshold in each of the 1541 sequences.
Found a best site in 206 sequences.
Computing q-values.
# Computing q-values.
#   Estimating pi_0 from a uniformly sampled set of 10000 p-values.
#   Estimating pi_0.
# Minimal pi_zero = 1.00231
#   Estimated pi_0=1
Using motif +HNRNPA1_639 of width 10.
Finding best site passing the output threshold in each of the 1541 sequences.
Found a best site in 370 sequences.
Computing q-values.
# Computing q-values.
#   Estimating pi_0 from a uniformly sampled set of 10000 p-values.
#   Estimating pi_0.
# Minimal pi_zero = 1.00161
#   Estimated pi_0=1
Using motif +HNRNPA2B1_707 of width 11.
Finding best site passing the output threshold in each of the 1541 sequences.
Found a best site in 669 sequences.
Computing q-values.
# Computing q-values.
#   Estimating pi_0 from a uniformly sampled set of 10000 p-values.
#   Estimating pi_0.
# Minimal pi_zero = 0.99619
#   Estimated pi_0=0.998687
Using motif +PTBP1_1019 of width 5.
Finding best site passing the output threshold in each of the 1541 sequences.
Found a best site in 791 sequences.
Computing q-values.
# Computing q-values.
#   Estimating pi_0 from a uniformly sampled set of 10000 p-values.
#   Estimating pi_0.
# Minimal pi_zero = 0.946286
#   Estimated pi_0=0.960119
Using motif +HNRNPA1_641 of width 6.
Finding best site passing the output threshold in each of the 1541 sequences.
Found a best site in 775 sequences.
Computing q-values.
# Computing q-values.
#   Estimating pi_0 from a uniformly sampled set of 10000 p-values.
#   Estimating pi_0.
# Minimal pi_zero = 0.986971
#   Estimated pi_0=0.989845
Using motif +HNRNPA2B1_708 of width 11.
Finding best site passing the output threshold in each of the 1541 sequences.
Found a best site in 819 sequences.
Computing q-values.
# Computing q-values.
#   Estimating pi_0 from a uniformly sampled set of 10000 p-values.
#   Estimating pi_0.
# Minimal pi_zero = 0.992842
#   Estimated pi_0=0.995657
Using motif +QKI_1142 of width 6.
Finding best site passing the output threshold in each of the 1541 sequences.
Found a best site in 167 sequences.
Computing q-values.
# Computing q-values.
#   Estimating pi_0 from a uniformly sampled set of 10000 p-values.
#   Estimating pi_0.
# Minimal pi_zero = 1.0024
#   Estimated pi_0=1
Using motif +HNRNPA1_684 of width 7.
Finding best site passing the output threshold in each of the 1541 sequences.
Found a best site in 587 sequences.
Computing q-values.
# Computing q-values.
#   Estimating pi_0 from a uniformly sampled set of 10000 p-values.
#   Estimating pi_0.
# Minimal pi_zero = 0.984431
#   Estimated pi_0=0.985158
Using motif +PTBP1_999 of width 6.
Finding best site passing the output threshold in each of the 1541 sequences.
Found a best site in 320 sequences.
Computing q-values.
# Computing q-values.
#   Estimating pi_0 from a uniformly sampled set of 10000 p-values.
#   Estimating pi_0.
# Minimal pi_zero = 0.941527
#   Estimated pi_0=0.949125
Using motif +SRSF1_1232 of width 7.
Finding best site passing the output threshold in each of the 1541 sequences.
Found a best site in 606 sequences.
Computing q-values.
# Computing q-values.
#   Estimating pi_0 from a uniformly sampled set of 10000 p-values.
#   Estimating pi_0.
# Minimal pi_zero = 0.995602
#   Estimated pi_0=0.998693
Using motif +HNRNPA1_655 of width 8.
Finding best site passing the output threshold in each of the 1541 sequences.
Found a best site in 742 sequences.
Computing q-values.
# Computing q-values.
#   Estimating pi_0 from a uniformly sampled set of 10000 p-values.
#   Estimating pi_0.
# Minimal pi_zero = 0.919245
#   Estimated pi_0=0.942133
Using motif +NOVA2_s29 of width 7.
Finding best site passing the output threshold in each of the 1541 sequences.
Found a best site in 661 sequences.
Computing q-values.
# Computing q-values.
#   Estimating pi_0 from a uniformly sampled set of 10000 p-values.
#   Estimating pi_0.
# Minimal pi_zero = 0.995819
#   Estimated pi_0=0.999899
Using motif +TARDBP_1276 of width 7.
Finding best site passing the output threshold in each of the 1541 sequences.
Found a best site in 605 sequences.
Computing q-values.
# Computing q-values.
#   Estimating pi_0 from a uniformly sampled set of 10000 p-values.
#   Estimating pi_0.
# Minimal pi_zero = 0.932
#   Estimated pi_0=0.937971
Using motif +HNRNPA1_678 of width 6.
Finding best site passing the output threshold in each of the 1541 sequences.
Found a best site in 479 sequences.
Computing q-values.
# Computing q-values.
#   Estimating pi_0 from a uniformly sampled set of 10000 p-values.
#   Estimating pi_0.
# Minimal pi_zero = 0.992336
#   Estimated pi_0=1
Using motif +PTBP1_105 of width 8.
Finding best site passing the output threshold in each of the 1541 sequences.
Found a best site in 842 sequences.
Computing q-values.
# Computing q-values.
#   Estimating pi_0 from a uniformly sampled set of 10000 p-values.
#   Estimating pi_0.
# Minimal pi_zero = 0.956899
#   Estimated pi_0=0.96988
Using motif +HNRNPA2B1_125 of width 11.
Finding best site passing the output threshold in each of the 1541 sequences.
Found a best site in 819 sequences.
Computing q-values.
# Computing q-values.
#   Estimating pi_0 from a uniformly sampled set of 10000 p-values.
#   Estimating pi_0.
# Minimal pi_zero = 0.991623
#   Estimated pi_0=0.996784
Using motif +TARDBP_M074_0.6 of width 8.
Finding best site passing the output threshold in each of the 1541 sequences.
Found a best site in 621 sequences.
Computing q-values.
# Computing q-values.
#   Estimating pi_0 from a uniformly sampled set of 10000 p-values.
#   Estimating pi_0.
# Minimal pi_zero = 0.997617
#   Estimated pi_0=1
Using motif +NOVA2_s28 of width 6.
Finding best site passing the output threshold in each of the 1541 sequences.
Found a best site in 604 sequences.
Computing q-values.
# Computing q-values.
#   Estimating pi_0 from a uniformly sampled set of 10000 p-values.
#   Estimating pi_0.
# Minimal pi_zero = 1.0004
#   Estimated pi_0=1
Using motif +PTBP1_1025 of width 6.
Finding best site passing the output threshold in each of the 1541 sequences.
Found a best site in 845 sequences.
Computing q-values.
# Computing q-values.
#   Estimating pi_0 from a uniformly sampled set of 10000 p-values.
#   Estimating pi_0.
# Minimal pi_zero = 0.969461
#   Estimated pi_0=0.97809
Using motif +HNRNPA1_691 of width 6.
Finding best site passing the output threshold in each of the 1541 sequences.
Found a best site in 422 sequences.
Computing q-values.
# Computing q-values.
#   Estimating pi_0 from a uniformly sampled set of 10000 p-values.
#   Estimating pi_0.
# Minimal pi_zero = 0.9975
#   Estimated pi_0=1
Using motif +ELAVL1_1106 of width 7.
Finding best site passing the output threshold in each of the 1541 sequences.
Found a best site in 677 sequences.
Computing q-values.
# Computing q-values.
#   Estimating pi_0 from a uniformly sampled set of 10000 p-values.
#   Estimating pi_0.
# Minimal pi_zero = 0.896557
#   Estimated pi_0=0.902336
Using motif +HNRNPA1_687 of width 10.
Finding best site passing the output threshold in each of the 1541 sequences.
Found a best site in 619 sequences.
Computing q-values.
# Computing q-values.
#   Estimating pi_0 from a uniformly sampled set of 10000 p-values.
#   Estimating pi_0.
# Minimal pi_zero = 0.9908
#   Estimated pi_0=0.999899
Using motif +NUDT21_499 of width 4.
Finding best site passing the output threshold in each of the 1541 sequences.
Found a best site in 0 sequences.
Computing q-values.
Using motif +QKI_1141 of width 6.
Finding best site passing the output threshold in each of the 1541 sequences.
Found a best site in 480 sequences.
Computing q-values.
# Computing q-values.
#   Estimating pi_0 from a uniformly sampled set of 10000 p-values.
#   Estimating pi_0.
# Minimal pi_zero = 0.9798
#   Estimated pi_0=0.990839
Using motif +HNRNPA1_686 of width 7.
Finding best site passing the output threshold in each of the 1541 sequences.
Found a best site in 677 sequences.
Computing q-values.
# Computing q-values.
#   Estimating pi_0 from a uniformly sampled set of 10000 p-values.
#   Estimating pi_0.
# Minimal pi_zero = 0.895593
#   Estimated pi_0=0.89854
Using motif +HNRNPA1_685 of width 7.
Finding best site passing the output threshold in each of the 1541 sequences.
Found a best site in 626 sequences.
Computing q-values.
# Computing q-values.
#   Estimating pi_0 from a uniformly sampled set of 10000 p-values.
#   Estimating pi_0.
# Minimal pi_zero = 0.984688
#   Estimated pi_0=0.985333
Using motif +SRSF1_M102_0.6 of width 7.
Finding best site passing the output threshold in each of the 1541 sequences.
Found a best site in 804 sequences.
Computing q-values.
# Computing q-values.
#   Estimating pi_0 from a uniformly sampled set of 10000 p-values.
#   Estimating pi_0.
# Minimal pi_zero = 0.996545
#   Estimated pi_0=0.998191
Using motif +FUS_s31 of width 6.
Finding best site passing the output threshold in each of the 1541 sequences.
Found a best site in 780 sequences.
Computing q-values.
# Computing q-values.
#   Estimating pi_0 from a uniformly sampled set of 10000 p-values.
#   Estimating pi_0.
# Minimal pi_zero = 0.981595
#   Estimated pi_0=0.986919
Using motif +SRSF1_1219 of width 6.
Finding best site passing the output threshold in each of the 1541 sequences.
Found a best site in 712 sequences.
Computing q-values.
# Computing q-values.
#   Estimating pi_0 from a uniformly sampled set of 10000 p-values.
#   Estimating pi_0.
# Minimal pi_zero = 0.987077
#   Estimated pi_0=0.998883
Using motif +NOVA1_1132 of width 5.
Finding best site passing the output threshold in each of the 1541 sequences.
Found a best site in 0 sequences.
Computing q-values.
Using motif +SRSF1_1213 of width 9.
Finding best site passing the output threshold in each of the 1541 sequences.
Found a best site in 773 sequences.
Computing q-values.
# Computing q-values.
#   Estimating pi_0 from a uniformly sampled set of 10000 p-values.
#   Estimating pi_0.
# Minimal pi_zero = 0.990486
#   Estimated pi_0=0.996103
Using motif +HNRNPA2B1_711 of width 6.
Finding best site passing the output threshold in each of the 1541 sequences.
Found a best site in 270 sequences.
Computing q-values.
# Computing q-values.
#   Estimating pi_0 from a uniformly sampled set of 10000 p-values.
#   Estimating pi_0.
# Minimal pi_zero = 0.9975
#   Estimated pi_0=1
Using motif +HNRNPA1_640 of width 10.
Finding best site passing the output threshold in each of the 1541 sequences.
Found a best site in 541 sequences.
Computing q-values.
# Computing q-values.
#   Estimating pi_0 from a uniformly sampled set of 10000 p-values.
#   Estimating pi_0.
# Minimal pi_zero = 0.998756
#   Estimated pi_0=1
Using motif +PTBP1_143 of width 5.
Finding best site passing the output threshold in each of the 1541 sequences.
Found a best site in 808 sequences.
Computing q-values.
# Computing q-values.
#   Estimating pi_0 from a uniformly sampled set of 10000 p-values.
#   Estimating pi_0.
# Minimal pi_zero = 0.969211
#   Estimated pi_0=0.975528
Using motif +HNRNPA1_676 of width 6.
Finding best site passing the output threshold in each of the 1541 sequences.
Found a best site in 383 sequences.
Computing q-values.
# Computing q-values.
#   Estimating pi_0 from a uniformly sampled set of 10000 p-values.
#   Estimating pi_0.
# Minimal pi_zero = 0.964748
#   Estimated pi_0=0.977778
Using motif +PTBP1_1011 of width 11.
Finding best site passing the output threshold in each of the 1541 sequences.
Found a best site in 880 sequences.
Computing q-values.
# Computing q-values.
#   Estimating pi_0 from a uniformly sampled set of 10000 p-values.
#   Estimating pi_0.
# Minimal pi_zero = 0.929612
#   Estimated pi_0=0.943171
Using motif +PTBP1_1000 of width 6.
Finding best site passing the output threshold in each of the 1541 sequences.
Found a best site in 384 sequences.
Computing q-values.
# Computing q-values.
#   Estimating pi_0 from a uniformly sampled set of 10000 p-values.
#   Estimating pi_0.
# Minimal pi_zero = 0.945937
#   Estimated pi_0=0.955333
Using motif +ZFP36_109 of width 9.
Finding best site passing the output threshold in each of the 1541 sequences.
Found a best site in 634 sequences.
Computing q-values.
# Computing q-values.
#   Estimating pi_0 from a uniformly sampled set of 10000 p-values.
#   Estimating pi_0.
# Minimal pi_zero = 0.922692
#   Estimated pi_0=0.937465
Using motif +QKI_M046_0.6 of width 7.
Finding best site passing the output threshold in each of the 1541 sequences.
Found a best site in 432 sequences.
Computing q-values.
# Computing q-values.
#   Estimating pi_0 from a uniformly sampled set of 10000 p-values.
#   Estimating pi_0.
# Minimal pi_zero = 1.00161
#   Estimated pi_0=1
Using motif +NOVA1_1128 of width 7.
Finding best site passing the output threshold in each of the 1541 sequences.
Found a best site in 686 sequences.
Computing q-values.
# Computing q-values.
#   Estimating pi_0 from a uniformly sampled set of 10000 p-values.
#   Estimating pi_0.
# Minimal pi_zero = 0.986032
#   Estimated pi_0=0.989215
Using motif +HNRNPA1_M022_0.6 of width 7.
Finding best site passing the output threshold in each of the 1541 sequences.
Found a best site in 543 sequences.
Computing q-values.
# Computing q-values.
#   Estimating pi_0 from a uniformly sampled set of 10000 p-values.
#   Estimating pi_0.
# Minimal pi_zero = 0.985743
#   Estimated pi_0=0.998238
Using motif +HNRNPA2B1_709 of width 6.
Finding best site passing the output threshold in each of the 1541 sequences.
Found a best site in 196 sequences.
Computing q-values.
# Computing q-values.
#   Estimating pi_0 from a uniformly sampled set of 10000 p-values.
#   Estimating pi_0.
# Minimal pi_zero = 0.996497
#   Estimated pi_0=1
Using motif +SRSF1_1235 of width 7.
Finding best site passing the output threshold in each of the 1541 sequences.
Found a best site in 823 sequences.
Computing q-values.
# Computing q-values.
#   Estimating pi_0 from a uniformly sampled set of 10000 p-values.
#   Estimating pi_0.
# Minimal pi_zero = 0.991176
#   Estimated pi_0=0.997789
Using motif +TARDBP_1283 of width 12.
Finding best site passing the output threshold in each of the 1541 sequences.
Found a best site in 836 sequences.
Computing q-values.
# Computing q-values.
#   Estimating pi_0 from a uniformly sampled set of 10000 p-values.
#   Estimating pi_0.
# Minimal pi_zero = 0.942927
#   Estimated pi_0=0.954491
Using motif +SRSF1_M154_0.6 of width 7.
Finding best site passing the output threshold in each of the 1541 sequences.
Found a best site in 873 sequences.
Computing q-values.
# Computing q-values.
#   Estimating pi_0 from a uniformly sampled set of 10000 p-values.
#   Estimating pi_0.
# Minimal pi_zero = 0.976484
#   Estimated pi_0=0.981277
Using motif +HNRNPA1_682 of width 6.
Finding best site passing the output threshold in each of the 1541 sequences.
Found a best site in 279 sequences.
Computing q-values.
# Computing q-values.
#   Estimating pi_0 from a uniformly sampled set of 10000 p-values.
#   Estimating pi_0.
# Minimal pi_zero = 0.973922
#   Estimated pi_0=1
Using motif +PTBP1_1024 of width 9.
Finding best site passing the output threshold in each of the 1541 sequences.
Found a best site in 997 sequences.
Computing q-values.
# Computing q-values.
#   Estimating pi_0 from a uniformly sampled set of 10000 p-values.
#   Estimating pi_0.
# Minimal pi_zero = 0.950642
#   Estimated pi_0=0.958171
Using motif +HNRNPA1_693 of width 10.
Finding best site passing the output threshold in each of the 1541 sequences.
Found a best site in 762 sequences.
Computing q-values.
# Computing q-values.
#   Estimating pi_0 from a uniformly sampled set of 10000 p-values.
#   Estimating pi_0.
# Minimal pi_zero = 0.99809
#   Estimated pi_0=0.99809
Using motif +SRSF1_40 of width 6.
Finding best site passing the output threshold in each of the 1541 sequences.
Found a best site in 396 sequences.
Computing q-values.
# Computing q-values.
#   Estimating pi_0 from a uniformly sampled set of 10000 p-values.
#   Estimating pi_0.
# Minimal pi_zero = 0.995519
#   Estimated pi_0=0.999799
Using motif +QKI_83 of width 12.
Finding best site passing the output threshold in each of the 1541 sequences.
Found a best site in 478 sequences.
Computing q-values.
# Computing q-values.
#   Estimating pi_0 from a uniformly sampled set of 10000 p-values.
#   Estimating pi_0.
# Minimal pi_zero = 0.959619
#   Estimated pi_0=0.967288
Using motif +HNRNPA1_677 of width 6.
Finding best site passing the output threshold in each of the 1541 sequences.
Found a best site in 378 sequences.
Computing q-values.
# Computing q-values.
#   Estimating pi_0 from a uniformly sampled set of 10000 p-values.
#   Estimating pi_0.
# Minimal pi_zero = 0.975447
#   Estimated pi_0=0.995344
Using motif +SRSF1_17 of width 7.
Finding best site passing the output threshold in each of the 1541 sequences.
Found a best site in 472 sequences.
Computing q-values.
# Computing q-values.
#   Estimating pi_0 from a uniformly sampled set of 10000 p-values.
#   Estimating pi_0.
# Minimal pi_zero = 1.00131
#   Estimated pi_0=1
Using motif +HNRNPA1_s32 of width 6.
Finding best site passing the output threshold in each of the 1541 sequences.
Found a best site in 494 sequences.
Computing q-values.
# Computing q-values.
#   Estimating pi_0 from a uniformly sampled set of 10000 p-values.
#   Estimating pi_0.
# Minimal pi_zero = 0.995414
#   Estimated pi_0=0.999095
Using motif +SRSF1_1237 of width 7.
Finding best site passing the output threshold in each of the 1541 sequences.
Found a best site in 563 sequences.
Computing q-values.
# Computing q-values.
#   Estimating pi_0 from a uniformly sampled set of 10000 p-values.
#   Estimating pi_0.
# Minimal pi_zero = 0.992676
#   Estimated pi_0=1
Using motif +PTBP1_59 of width 5.
Finding best site passing the output threshold in each of the 1541 sequences.
Found a best site in 0 sequences.
Computing q-values.
Using motif +QKI_3 of width 6.
Finding best site passing the output threshold in each of the 1541 sequences.
Found a best site in 456 sequences.
Computing q-values.
# Computing q-values.
#   Estimating pi_0 from a uniformly sampled set of 10000 p-values.
#   Estimating pi_0.
# Minimal pi_zero = 1.00211
#   Estimated pi_0=1
Using motif +PTBP1_25 of width 9.
Finding best site passing the output threshold in each of the 1541 sequences.
Found a best site in 997 sequences.
Computing q-values.
# Computing q-values.
#   Estimating pi_0 from a uniformly sampled set of 10000 p-values.
#   Estimating pi_0.
# Minimal pi_zero = 0.950991
#   Estimated pi_0=0.952439
Using motif +HNRNPA1_72 of width 6.
Finding best site passing the output threshold in each of the 1541 sequences.
Found a best site in 541 sequences.
Computing q-values.
# Computing q-values.
#   Estimating pi_0 from a uniformly sampled set of 10000 p-values.
#   Estimating pi_0.
# Minimal pi_zero = 0.996066
#   Estimated pi_0=0.998889
Using motif +SRSF1_1212 of width 8.
Finding best site passing the output threshold in each of the 1541 sequences.
Found a best site in 887 sequences.
Computing q-values.
# Computing q-values.
#   Estimating pi_0 from a uniformly sampled set of 10000 p-values.
#   Estimating pi_0.
# Minimal pi_zero = 0.98883
#   Estimated pi_0=0.992959
Using motif +PTBP1_1003 of width 7.
Finding best site passing the output threshold in each of the 1541 sequences.
Found a best site in 722 sequences.
Computing q-values.
# Computing q-values.
#   Estimating pi_0 from a uniformly sampled set of 10000 p-values.
#   Estimating pi_0.
# Minimal pi_zero = 0.940432
#   Estimated pi_0=0.944605
Using motif +HNRNPA1_52 of width 11.
Finding best site passing the output threshold in each of the 1541 sequences.
Found a best site in 819 sequences.
Computing q-values.
# Computing q-values.
#   Estimating pi_0 from a uniformly sampled set of 10000 p-values.
#   Estimating pi_0.
# Minimal pi_zero = 0.996244
#   Estimated pi_0=0.997186
Using motif +ELAVL1_164 of width 12.
Finding best site passing the output threshold in each of the 1541 sequences.
Found a best site in 705 sequences.
Computing q-values.
# Computing q-values.
#   Estimating pi_0 from a uniformly sampled set of 10000 p-values.
#   Estimating pi_0.
# Minimal pi_zero = 0.915636
#   Estimated pi_0=0.934
Using motif +PTBP1_136 of width 5.
Finding best site passing the output threshold in each of the 1541 sequences.
Found a best site in 791 sequences.
Computing q-values.
# Computing q-values.
#   Estimating pi_0 from a uniformly sampled set of 10000 p-values.
#   Estimating pi_0.
# Minimal pi_zero = 0.948741
#   Estimated pi_0=0.950789
Using motif +SRSF1_1239 of width 9.
Finding best site passing the output threshold in each of the 1541 sequences.
Found a best site in 718 sequences.
Computing q-values.
# Computing q-values.
#   Estimating pi_0 from a uniformly sampled set of 10000 p-values.
#   Estimating pi_0.
# Minimal pi_zero = 0.984541
#   Estimated pi_0=0.991066
Using motif +MBNL1_1126 of width 10.
Finding best site passing the output threshold in each of the 1541 sequences.
Found a best site in 646 sequences.
Computing q-values.
# Computing q-values.
#   Estimating pi_0 from a uniformly sampled set of 10000 p-values.
#   Estimating pi_0.
# Minimal pi_zero = 0.984717
#   Estimated pi_0=0.991023
Using motif +ELAVL1_1107 of width 7.
Finding best site passing the output threshold in each of the 1541 sequences.
Found a best site in 587 sequences.
Computing q-values.
# Computing q-values.
#   Estimating pi_0 from a uniformly sampled set of 10000 p-values.
#   Estimating pi_0.
# Minimal pi_zero = 0.986947
#   Estimated pi_0=0.986947
Using motif +PTBP1_s80 of width 7.
Finding best site passing the output threshold in each of the 1541 sequences.
Found a best site in 696 sequences.
Computing q-values.
# Computing q-values.
#   Estimating pi_0 from a uniformly sampled set of 10000 p-values.
#   Estimating pi_0.
# Minimal pi_zero = 0.940488
#   Estimated pi_0=0.950807
Using motif +KHDRBS1_1159 of width 7.
Finding best site passing the output threshold in each of the 1541 sequences.
Found a best site in 677 sequences.
Computing q-values.
# Computing q-values.
#   Estimating pi_0 from a uniformly sampled set of 10000 p-values.
#   Estimating pi_0.
# Minimal pi_zero = 0.90406
#   Estimated pi_0=0.914969
Using motif +HNRNPA1_650 of width 5.
Finding best site passing the output threshold in each of the 1541 sequences.
Found a best site in 0 sequences.
Computing q-values.
Using motif +HNRNPA1_649 of width 10.
Finding best site passing the output threshold in each of the 1541 sequences.
Found a best site in 541 sequences.
Computing q-values.
# Computing q-values.
#   Estimating pi_0 from a uniformly sampled set of 10000 p-values.
#   Estimating pi_0.
# Minimal pi_zero = 0.995248
#   Estimated pi_0=0.999799
Using motif +PTBP1_1020 of width 5.
Finding best site passing the output threshold in each of the 1541 sequences.
Found a best site in 0 sequences.
Computing q-values.
Using motif +PTBP1_489 of width 4.
Finding best site passing the output threshold in each of the 1541 sequences.
Found a best site in 0 sequences.
Computing q-values.
Using motif +HNRNPA1_694 of width 6.
Finding best site passing the output threshold in each of the 1541 sequences.
Found a best site in 196 sequences.
Computing q-values.
# Computing q-values.
#   Estimating pi_0 from a uniformly sampled set of 10000 p-values.
#   Estimating pi_0.
# Minimal pi_zero = 0.99871
#   Estimated pi_0=1
Using motif +HNRNPA1_661 of width 5.
Finding best site passing the output threshold in each of the 1541 sequences.
Found a best site in 0 sequences.
Computing q-values.
Using motif +TARDBP_1278 of width 7.
Finding best site passing the output threshold in each of the 1541 sequences.
Found a best site in 586 sequences.
Computing q-values.
# Computing q-values.
#   Estimating pi_0 from a uniformly sampled set of 10000 p-values.
#   Estimating pi_0.
# Minimal pi_zero = 0.961587
#   Estimated pi_0=0.975875
Using motif +HNRNPA1_673 of width 7.
Finding best site passing the output threshold in each of the 1541 sequences.
Found a best site in 516 sequences.
Computing q-values.
# Computing q-values.
#   Estimating pi_0 from a uniformly sampled set of 10000 p-values.
#   Estimating pi_0.
# Minimal pi_zero = 0.975833
#   Estimated pi_0=0.990279
Using motif +HNRNPA2B1_701 of width 6.
Finding best site passing the output threshold in each of the 1541 sequences.
Found a best site in 383 sequences.
Computing q-values.
# Computing q-values.
#   Estimating pi_0 from a uniformly sampled set of 10000 p-values.
#   Estimating pi_0.
# Minimal pi_zero = 0.945468
#   Estimated pi_0=0.949103
Using motif +NOVA1_1129 of width 7.
Finding best site passing the output threshold in each of the 1541 sequences.
Found a best site in 677 sequences.
Computing q-values.
# Computing q-values.
#   Estimating pi_0 from a uniformly sampled set of 10000 p-values.
#   Estimating pi_0.
# Minimal pi_zero = 0.891971
#   Estimated pi_0=0.900859
Using motif +QKI_70 of width 12.
Finding best site passing the output threshold in each of the 1541 sequences.
Found a best site in 526 sequences.
Computing q-values.
# Computing q-values.
#   Estimating pi_0 from a uniformly sampled set of 10000 p-values.
#   Estimating pi_0.
# Minimal pi_zero = 0.960174
#   Estimated pi_0=0.965378
Using motif +ELAVL1_M127_0.6 of width 7.
Finding best site passing the output threshold in each of the 1541 sequences.
Found a best site in 734 sequences.
Computing q-values.
# Computing q-values.
#   Estimating pi_0 from a uniformly sampled set of 10000 p-values.
#   Estimating pi_0.
# Minimal pi_zero = 0.924854
#   Estimated pi_0=0.940909
Using motif +PTBP1_s100 of width 7.
Finding best site passing the output threshold in each of the 1541 sequences.
Found a best site in 839 sequences.
Computing q-values.
# Computing q-values.
#   Estimating pi_0 from a uniformly sampled set of 10000 p-values.
#   Estimating pi_0.
# Minimal pi_zero = 0.933529
#   Estimated pi_0=0.943953
Using motif +SRSF1_1222 of width 6.
Finding best site passing the output threshold in each of the 1541 sequences.
Found a best site in 403 sequences.
Computing q-values.
# Computing q-values.
#   Estimating pi_0 from a uniformly sampled set of 10000 p-values.
#   Estimating pi_0.
# Minimal pi_zero = 1.00151
#   Estimated pi_0=1
Using motif +SRSF1_1214 of width 10.
Finding best site passing the output threshold in each of the 1541 sequences.
Found a best site in 769 sequences.
Computing q-values.
# Computing q-values.
#   Estimating pi_0 from a uniformly sampled set of 10000 p-values.
#   Estimating pi_0.
# Minimal pi_zero = 0.996333
#   Estimated pi_0=0.998593
Using motif +SRSF1_1223 of width 7.
Finding best site passing the output threshold in each of the 1541 sequences.
Found a best site in 437 sequences.
Computing q-values.
# Computing q-values.
#   Estimating pi_0 from a uniformly sampled set of 10000 p-values.
#   Estimating pi_0.
# Minimal pi_zero = 1.00091
#   Estimated pi_0=1
Using motif +PTBP1_100 of width 10.
Finding best site passing the output threshold in each of the 1541 sequences.
Found a best site in 943 sequences.
Computing q-values.
# Computing q-values.
#   Estimating pi_0 from a uniformly sampled set of 10000 p-values.
#   Estimating pi_0.
# Minimal pi_zero = 0.943333
#   Estimated pi_0=0.956464
Using motif +NOVA1_99 of width 4.
Finding best site passing the output threshold in each of the 1541 sequences.
Found a best site in 0 sequences.
Computing q-values.
Using motif +ZFP36_38 of width 5.
Finding best site passing the output threshold in each of the 1541 sequences.
Found a best site in 0 sequences.
Computing q-values.
Using motif +PTBP1_380 of width 6.
Finding best site passing the output threshold in each of the 1541 sequences.
Found a best site in 845 sequences.
Computing q-values.
# Computing q-values.
#   Estimating pi_0 from a uniformly sampled set of 10000 p-values.
#   Estimating pi_0.
# Minimal pi_zero = 0.9628
#   Estimated pi_0=0.965988
Using motif +SRSF1_1226 of width 12.
Finding best site passing the output threshold in each of the 1541 sequences.
Found a best site in 767 sequences.
Computing q-values.
# Computing q-values.
#   Estimating pi_0 from a uniformly sampled set of 10000 p-values.
#   Estimating pi_0.
# Minimal pi_zero = 0.996701
#   Estimated pi_0=0.998191
Using motif +SRSF1_1224 of width 7.
Finding best site passing the output threshold in each of the 1541 sequences.
Found a best site in 871 sequences.
Computing q-values.
# Computing q-values.
#   Estimating pi_0 from a uniformly sampled set of 10000 p-values.
#   Estimating pi_0.
# Minimal pi_zero = 0.991146
#   Estimated pi_0=0.993706
Using motif +SRSF1_s60 of width 8.
Finding best site passing the output threshold in each of the 1541 sequences.
Found a best site in 682 sequences.
Computing q-values.
# Computing q-values.
#   Estimating pi_0 from a uniformly sampled set of 10000 p-values.
#   Estimating pi_0.
# Minimal pi_zero = 1.00162
#   Estimated pi_0=1
Using motif +QKI_1140 of width 5.
Finding best site passing the output threshold in each of the 1541 sequences.
Found a best site in 206 sequences.
Computing q-values.
# Computing q-values.
#   Estimating pi_0 from a uniformly sampled set of 10000 p-values.
#   Estimating pi_0.
# Minimal pi_zero = 0.985743
#   Estimated pi_0=1
Using motif +HNRNPA1_1342 of width 5.
Finding best site passing the output threshold in each of the 1541 sequences.
Found a best site in 698 sequences.
Computing q-values.
# Computing q-values.
#   Estimating pi_0 from a uniformly sampled set of 10000 p-values.
#   Estimating pi_0.
# Minimal pi_zero = 0.98978
#   Estimated pi_0=0.997157
Using motif +SRSF1_325 of width 7.
Finding best site passing the output threshold in each of the 1541 sequences.
Found a best site in 815 sequences.
Computing q-values.
# Computing q-values.
#   Estimating pi_0 from a uniformly sampled set of 10000 p-values.
#   Estimating pi_0.
# Minimal pi_zero = 0.986145
#   Estimated pi_0=0.992784
Using motif +SRSF1_1362 of width 9.
Finding best site passing the output threshold in each of the 1541 sequences.
Found a best site in 733 sequences.
Computing q-values.
# Computing q-values.
#   Estimating pi_0 from a uniformly sampled set of 10000 p-values.
#   Estimating pi_0.
# Minimal pi_zero = 0.983
#   Estimated pi_0=0.991429
Using motif +PTBP1_1379 of width 10.
Finding best site passing the output threshold in each of the 1541 sequences.
Found a best site in 690 sequences.
Computing q-values.
# Computing q-values.
#   Estimating pi_0 from a uniformly sampled set of 10000 p-values.
#   Estimating pi_0.
# Minimal pi_zero = 0.995642
#   Estimated pi_0=0.998889
Using motif +HNRNPA1_1305 of width 6.
Finding best site passing the output threshold in each of the 1541 sequences.
Found a best site in 279 sequences.
Computing q-values.
# Computing q-values.
#   Estimating pi_0 from a uniformly sampled set of 10000 p-values.
#   Estimating pi_0.
# Minimal pi_zero = 0.977255
#   Estimated pi_0=0.989693
Using motif +SRSF1_1351 of width 9.
Finding best site passing the output threshold in each of the 1541 sequences.
Found a best site in 800 sequences.
Computing q-values.
# Computing q-values.
#   Estimating pi_0 from a uniformly sampled set of 10000 p-values.
#   Estimating pi_0.
# Minimal pi_zero = 0.982941
#   Estimated pi_0=0.988272
Using motif +HNRNPA1_1358 of width 6.
Finding best site passing the output threshold in each of the 1541 sequences.
Found a best site in 223 sequences.
Computing q-values.
# Computing q-values.
#   Estimating pi_0 from a uniformly sampled set of 10000 p-values.
#   Estimating pi_0.
# Minimal pi_zero = 0.999243
#   Estimated pi_0=1
Using motif +PTBP1_1314 of width 9.
Finding best site passing the output threshold in each of the 1541 sequences.
Found a best site in 802 sequences.
Computing q-values.
# Computing q-values.
#   Estimating pi_0 from a uniformly sampled set of 10000 p-values.
#   Estimating pi_0.
# Minimal pi_zero = 0.987243
#   Estimated pi_0=0.990674
Using motif +SRSF1_1388 of width 7.
Finding best site passing the output threshold in each of the 1541 sequences.
Found a best site in 775 sequences.
Computing q-values.
# Computing q-values.
#   Estimating pi_0 from a uniformly sampled set of 10000 p-values.
#   Estimating pi_0.
# Minimal pi_zero = 0.987435
#   Estimated pi_0=0.989375
Using motif +SRSF1_1367 of width 7.
Finding best site passing the output threshold in each of the 1541 sequences.
Found a best site in 728 sequences.
Computing q-values.
# Computing q-values.
#   Estimating pi_0 from a uniformly sampled set of 10000 p-values.
#   Estimating pi_0.
# Minimal pi_zero = 0.998256
#   Estimated pi_0=0.999899
Using motif +SRSF1_1385 of width 7.
Finding best site passing the output threshold in each of the 1541 sequences.
Found a best site in 690 sequences.
Computing q-values.
# Computing q-values.
#   Estimating pi_0 from a uniformly sampled set of 10000 p-values.
#   Estimating pi_0.
# Minimal pi_zero = 0.997207
#   Estimated pi_0=0.998894
Using motif +SRSF1_1336 of width 10.
Finding best site passing the output threshold in each of the 1541 sequences.
Found a best site in 902 sequences.
Computing q-values.
# Computing q-values.
#   Estimating pi_0 from a uniformly sampled set of 10000 p-values.
#   Estimating pi_0.
# Minimal pi_zero = 0.988571
#   Estimated pi_0=0.991192
Using motif +PTBP1_1381 of width 10.
Finding best site passing the output threshold in each of the 1541 sequences.
Found a best site in 964 sequences.
Computing q-values.
# Computing q-values.
#   Estimating pi_0 from a uniformly sampled set of 10000 p-values.
#   Estimating pi_0.
# Minimal pi_zero = 0.97625
#   Estimated pi_0=0.980842
Using motif +SRSF1_1345 of width 7.
Finding best site passing the output threshold in each of the 1541 sequences.
Found a best site in 682 sequences.
Computing q-values.
# Computing q-values.
#   Estimating pi_0 from a uniformly sampled set of 10000 p-values.
#   Estimating pi_0.
# Minimal pi_zero = 0.997846
#   Estimated pi_0=1
Using motif +HNRNPA1_1304 of width 5.
Finding best site passing the output threshold in each of the 1541 sequences.
Found a best site in 740 sequences.
Computing q-values.
# Computing q-values.
#   Estimating pi_0 from a uniformly sampled set of 10000 p-values.
#   Estimating pi_0.
# Minimal pi_zero = 0.996243
#   Estimated pi_0=0.999695
Using motif +SRSF1_1324 of width 7.
Finding best site passing the output threshold in each of the 1541 sequences.
Found a best site in 653 sequences.
Computing q-values.
# Computing q-values.
#   Estimating pi_0 from a uniformly sampled set of 10000 p-values.
#   Estimating pi_0.
# Minimal pi_zero = 0.989432
#   Estimated pi_0=0.998191
Using motif +SRSF1_1327 of width 9.
Finding best site passing the output threshold in each of the 1541 sequences.
Found a best site in 711 sequences.
Computing q-values.
# Computing q-values.
#   Estimating pi_0 from a uniformly sampled set of 10000 p-values.
#   Estimating pi_0.
# Minimal pi_zero = 0.99301
#   Estimated pi_0=0.996615
Using motif +SRSF1_1335 of width 7.
Finding best site passing the output threshold in each of the 1541 sequences.
Found a best site in 635 sequences.
Computing q-values.
# Computing q-values.
#   Estimating pi_0 from a uniformly sampled set of 10000 p-values.
#   Estimating pi_0.
# Minimal pi_zero = 0.992083
#   Estimated pi_0=0.999196
Using motif +HNRNPA1_1306 of width 10.
Finding best site passing the output threshold in each of the 1541 sequences.
Found a best site in 902 sequences.
Computing q-values.
# Computing q-values.
#   Estimating pi_0 from a uniformly sampled set of 10000 p-values.
#   Estimating pi_0.
# Minimal pi_zero = 0.993224
#   Estimated pi_0=0.997085
Using motif +PTBP1_1341 of width 7.
Finding best site passing the output threshold in each of the 1541 sequences.
Found a best site in 696 sequences.
Computing q-values.
# Computing q-values.
#   Estimating pi_0 from a uniformly sampled set of 10000 p-values.
#   Estimating pi_0.
# Minimal pi_zero = 0.945041
#   Estimated pi_0=0.951195
Using motif +SRSF1_1349 of width 6.
Finding best site passing the output threshold in each of the 1541 sequences.
Found a best site in 645 sequences.
Computing q-values.
# Computing q-values.
#   Estimating pi_0 from a uniformly sampled set of 10000 p-values.
#   Estimating pi_0.
# Minimal pi_zero = 1
#   Estimated pi_0=1
Using motif +NOVA1_1378 of width 8.
Finding best site passing the output threshold in each of the 1541 sequences.
Found a best site in 737 sequences.
Computing q-values.
# Computing q-values.
#   Estimating pi_0 from a uniformly sampled set of 10000 p-values.
#   Estimating pi_0.
# Minimal pi_zero = 0.988217
#   Estimated pi_0=0.995602
Using motif +HNRNPA1_1346 of width 10.
Finding best site passing the output threshold in each of the 1541 sequences.
Found a best site in 541 sequences.
Computing q-values.
# Computing q-values.
#   Estimating pi_0 from a uniformly sampled set of 10000 p-values.
#   Estimating pi_0.
# Minimal pi_zero = 0.998542
#   Estimated pi_0=1
Using motif +SRSF1_1376 of width 12.
Finding best site passing the output threshold in each of the 1541 sequences.
Found a best site in 608 sequences.
Computing q-values.
# Computing q-values.
#   Estimating pi_0 from a uniformly sampled set of 10000 p-values.
#   Estimating pi_0.
# Minimal pi_zero = 0.972762
#   Estimated pi_0=0.979216
Using motif +PTBP1_1398 of width 6.
Finding best site passing the output threshold in each of the 1541 sequences.
Found a best site in 394 sequences.
Computing q-values.
# Computing q-values.
#   Estimating pi_0 from a uniformly sampled set of 10000 p-values.
#   Estimating pi_0.
# Minimal pi_zero = 0.934035
#   Estimated pi_0=0.946621
Using motif +SRSF1_1390 of width 9.
Finding best site passing the output threshold in each of the 1541 sequences.
Found a best site in 773 sequences.
Computing q-values.
# Computing q-values.
#   Estimating pi_0 from a uniformly sampled set of 10000 p-values.
#   Estimating pi_0.
# Minimal pi_zero = 0.994839
#   Estimated pi_0=0.998392
Using motif +SRSF1_1312 of width 8.
Finding best site passing the output threshold in each of the 1541 sequences.
Found a best site in 697 sequences.
Computing q-values.
# Computing q-values.
#   Estimating pi_0 from a uniformly sampled set of 10000 p-values.
#   Estimating pi_0.
# Minimal pi_zero = 0.998384
#   Estimated pi_0=0.999698
Using motif +SRSF1_1319 of width 9.
Finding best site passing the output threshold in each of the 1541 sequences.
Found a best site in 847 sequences.
Computing q-values.
# Computing q-values.
#   Estimating pi_0 from a uniformly sampled set of 10000 p-values.
#   Estimating pi_0.
# Minimal pi_zero = 0.992826
#   Estimated pi_0=0.996482
Using motif +SRSF1_1393 of width 7.
Finding best site passing the output threshold in each of the 1541 sequences.
Found a best site in 288 sequences.
Computing q-values.
# Computing q-values.
#   Estimating pi_0 from a uniformly sampled set of 10000 p-values.
#   Estimating pi_0.
# Minimal pi_zero = 1.00392
#   Estimated pi_0=1
Using motif +SRSF1_1364 of width 7.
Finding best site passing the output threshold in each of the 1541 sequences.
Found a best site in 807 sequences.
Computing q-values.
# Computing q-values.
#   Estimating pi_0 from a uniformly sampled set of 10000 p-values.
#   Estimating pi_0.
# Minimal pi_zero = 0.967903
#   Estimated pi_0=0.980674
Using motif +PTBP1_1368 of width 8.
Finding best site passing the output threshold in each of the 1541 sequences.
Found a best site in 824 sequences.
Computing q-values.
# Computing q-values.
#   Estimating pi_0 from a uniformly sampled set of 10000 p-values.
#   Estimating pi_0.
# Minimal pi_zero = 0.929915
#   Estimated pi_0=0.936535
Using motif +PTBP2_1317 of width 5.
Finding best site passing the output threshold in each of the 1541 sequences.
Found a best site in 755 sequences.
Computing q-values.
# Computing q-values.
#   Estimating pi_0 from a uniformly sampled set of 10000 p-values.
#   Estimating pi_0.
# Minimal pi_zero = 0.982088
#   Estimated pi_0=0.985397
Using motif +SRSF1_1353 of width 9.
Finding best site passing the output threshold in each of the 1541 sequences.
Found a best site in 733 sequences.
Computing q-values.
# Computing q-values.
#   Estimating pi_0 from a uniformly sampled set of 10000 p-values.
#   Estimating pi_0.
# Minimal pi_zero = 0.987568
#   Estimated pi_0=0.993918
Using motif +SRSF1_1310 of width 7.
Finding best site passing the output threshold in each of the 1541 sequences.
Found a best site in 653 sequences.
Computing q-values.
# Computing q-values.
#   Estimating pi_0 from a uniformly sampled set of 10000 p-values.
#   Estimating pi_0.
# Minimal pi_zero = 0.993043
#   Estimated pi_0=0.996768
Using motif +PTBP2_1370 of width 6.
Finding best site passing the output threshold in each of the 1541 sequences.
Found a best site in 845 sequences.
Computing q-values.
# Computing q-values.
#   Estimating pi_0 from a uniformly sampled set of 10000 p-values.
#   Estimating pi_0.
# Minimal pi_zero = 0.965867
#   Estimated pi_0=0.967545
Using motif +PTBP1_1372 of width 5.
Finding best site passing the output threshold in each of the 1541 sequences.
Found a best site in 755 sequences.
Computing q-values.
# Computing q-values.
#   Estimating pi_0 from a uniformly sampled set of 10000 p-values.
#   Estimating pi_0.
# Minimal pi_zero = 0.977033
#   Estimated pi_0=0.980328
Using motif +SRSF1_1326 of width 6.
Finding best site passing the output threshold in each of the 1541 sequences.
Found a best site in 696 sequences.
Computing q-values.
# Computing q-values.
#   Estimating pi_0 from a uniformly sampled set of 10000 p-values.
#   Estimating pi_0.
# Minimal pi_zero = 0.998384
#   Estimated pi_0=0.999899
Using motif +SRSF1_1383 of width 8.
Finding best site passing the output threshold in each of the 1541 sequences.
Found a best site in 841 sequences.
Computing q-values.
# Computing q-values.
#   Estimating pi_0 from a uniformly sampled set of 10000 p-values.
#   Estimating pi_0.
# Minimal pi_zero = 0.994093
#   Estimated pi_0=0.998191
Using motif +SRSF1_1389 of width 9.
Finding best site passing the output threshold in each of the 1541 sequences.
Found a best site in 689 sequences.
Computing q-values.
# Computing q-values.
#   Estimating pi_0 from a uniformly sampled set of 10000 p-values.
#   Estimating pi_0.
# Minimal pi_zero = 0.994011
#   Estimated pi_0=0.996244
Using motif +HNRNPA1_1397 of width 4.
Finding best site passing the output threshold in each of the 1541 sequences.
Found a best site in 0 sequences.
Computing q-values.
Using motif +PTBP1_1359 of width 6.
Finding best site passing the output threshold in each of the 1541 sequences.
Found a best site in 845 sequences.
Computing q-values.
# Computing q-values.
#   Estimating pi_0 from a uniformly sampled set of 10000 p-values.
#   Estimating pi_0.
# Minimal pi_zero = 0.969102
#   Estimated pi_0=0.97548
Using motif +PTBP1_1382 of width 7.
Finding best site passing the output threshold in each of the 1541 sequences.
Found a best site in 736 sequences.
Computing q-values.
# Computing q-values.
#   Estimating pi_0 from a uniformly sampled set of 10000 p-values.
#   Estimating pi_0.
# Minimal pi_zero = 0.938211
#   Estimated pi_0=0.94585
Using motif +PTBP1_1340 of width 7.
Finding best site passing the output threshold in each of the 1541 sequences.
Found a best site in 802 sequences.
Computing q-values.
# Computing q-values.
#   Estimating pi_0 from a uniformly sampled set of 10000 p-values.
#   Estimating pi_0.
# Minimal pi_zero = 0.910484
#   Estimated pi_0=0.924138
Using motif +SRSF1_1373 of width 8.
Finding best site passing the output threshold in each of the 1541 sequences.
Found a best site in 887 sequences.
Computing q-values.
# Computing q-values.
#   Estimating pi_0 from a uniformly sampled set of 10000 p-values.
#   Estimating pi_0.
# Minimal pi_zero = 0.993511
#   Estimated pi_0=0.996142
Using motif +SRSF1_1338 of width 12.
Finding best site passing the output threshold in each of the 1541 sequences.
Found a best site in 900 sequences.
Computing q-values.
# Computing q-values.
#   Estimating pi_0 from a uniformly sampled set of 10000 p-values.
#   Estimating pi_0.
# Minimal pi_zero = 0.990769
#   Estimated pi_0=0.994388
Using motif +HNRNPA1_1366 of width 4.
Finding best site passing the output threshold in each of the 1541 sequences.
Found a best site in 0 sequences.
Computing q-values.
[fimo] lost scan OK
[fimo] END Sun Sep 20 11:48:32 +08 2026
[fimo] start Sun Sep 20 12:00:02 +08 2026
[fimo] seqs: pas=977 lost=1541
1748136 lost_segments.fa
533006 pas_events.fa
Using motif +ZFP36_M269_0.6 of width 11.
Finding best site passing the output threshold in each of the 60 sequences.
Found a best site in 2 sequences.
Computing q-values.
# Computing q-values.
#   Estimating pi_0 from a uniformly sampled set of 2460 p-values.
#   Estimating pi_0.
# Minimal pi_zero = 1.00148
#   Estimated pi_0=1
Using motif +HNRNPA2B1_705 of width 11.
Finding best site passing the output threshold in each of the 60 sequences.
Found a best site in 10 sequences.
Computing q-values.
# Computing q-values.
#   Estimating pi_0 from a uniformly sampled set of 2460 p-values.
#   Estimating pi_0.
# Minimal pi_zero = 0.887097
#   Estimated pi_0=0.889455
Using motif +SRSF1_1227 of width 9.
Finding best site passing the output threshold in each of the 60 sequences.
Found a best site in 2 sequences.
Computing q-values.
# Computing q-values.
#   Estimating pi_0 from a uniformly sampled set of 2580 p-values.
#   Estimating pi_0.
# Minimal pi_zero = 0.991851
#   Estimated pi_0=0.991851
Using motif +SRSF1_1241 of width 7.
Finding best site passing the output threshold in each of the 60 sequences.
Found a best site in 2 sequences.
Computing q-values.
# Computing q-values.
#   Estimating pi_0 from a uniformly sampled set of 2700 p-values.
#   Estimating pi_0.
# Minimal pi_zero = 0.905751
#   Estimated pi_0=0.906497
Using motif +HNRNPA1_690 of width 6.
Finding best site passing the output threshold in each of the 60 sequences.
Found a best site in 2 sequences.
Computing q-values.
# Computing q-values.
#   Estimating pi_0 from a uniformly sampled set of 2760 p-values.
#   Estimating pi_0.
# Minimal pi_zero = 0.979442
#   Estimated pi_0=0.979442
Using motif +ELAVL1_1103 of width 5.
Finding best site passing the output threshold in each of the 60 sequences.
Found a best site in 0 sequences.
Computing q-values.
Using motif +HNRNPA1_M271_0.6 of width 6.
Finding best site passing the output threshold in each of the 60 sequences.
Found a best site in 3 sequences.
Computing q-values.
# Computing q-values.
#   Estimating pi_0 from a uniformly sampled set of 2760 p-values.
#   Estimating pi_0.
# Minimal pi_zero = 0.996377
#   Estimated pi_0=0.998471
Using motif +MBNL1_M320_0.6 of width 8.
Finding best site passing the output threshold in each of the 60 sequences.
Found a best site in 4 sequences.
Computing q-values.
# Computing q-values.
#   Estimating pi_0 from a uniformly sampled set of 2640 p-values.
#   Estimating pi_0.
# Minimal pi_zero = 0.911977
#   Estimated pi_0=0.930736
Using motif +SRSF1_1218 of width 6.
Finding best site passing the output threshold in each of the 60 sequences.
Found a best site in 1 sequences.
Computing q-values.
# Computing q-values.
#   Estimating pi_0 from a uniformly sampled set of 2760 p-values.
#   Estimating pi_0.
# Minimal pi_zero = 0.952899
#   Estimated pi_0=0.964887
Using motif +NOVA1_64 of width 4.
Finding best site passing the output threshold in each of the 60 sequences.
Found a best site in 0 sequences.
Computing q-values.
Using motif +HNRNPA1_660 of width 8.
Finding best site passing the output threshold in each of the 60 sequences.
Found a best site in 2 sequences.
Computing q-values.
# Computing q-values.
#   Estimating pi_0 from a uniformly sampled set of 2640 p-values.
#   Estimating pi_0.
# Minimal pi_zero = 0.88945
#   Estimated pi_0=0.892903
Using motif +TARDBP_144 of width 12.
Finding best site passing the output threshold in each of the 60 sequences.
Found a best site in 1 sequences.
Computing q-values.
# Computing q-values.
#   Estimating pi_0 from a uniformly sampled set of 2400 p-values.
#   Estimating pi_0.
# Minimal pi_zero = 0.961433
#   Estimated pi_0=0.963477
Using motif +SRSF1_1221 of width 6.
Finding best site passing the output threshold in each of the 60 sequences.
Found a best site in 0 sequences.
Computing q-values.
Using motif +SRSF1_s49 of width 7.
Finding best site passing the output threshold in each of the 60 sequences.
Found a best site in 5 sequences.
Computing q-values.
# Computing q-values.
#   Estimating pi_0 from a uniformly sampled set of 2700 p-values.
#   Estimating pi_0.
# Minimal pi_zero = 0.831203
#   Estimated pi_0=0.838442
Using motif +SRSF1_1229 of width 6.
Finding best site passing the output threshold in each of the 60 sequences.
Found a best site in 3 sequences.
Computing q-values.
# Computing q-values.
#   Estimating pi_0 from a uniformly sampled set of 2760 p-values.
#   Estimating pi_0.
# Minimal pi_zero = 0.969015
#   Estimated pi_0=0.984003
Using motif +SRSF1_1234 of width 7.
Finding best site passing the output threshold in each of the 60 sequences.
Found a best site in 3 sequences.
Computing q-values.
# Computing q-values.
#   Estimating pi_0 from a uniformly sampled set of 2700 p-values.
#   Estimating pi_0.
# Minimal pi_zero = 0.973599
#   Estimated pi_0=0.973599
Using motif +PTBP1_998 of width 6.
Finding best site passing the output threshold in each of the 60 sequences.
Found a best site in 3 sequences.
Computing q-values.
# Computing q-values.
#   Estimating pi_0 from a uniformly sampled set of 2760 p-values.
#   Estimating pi_0.
# Minimal pi_zero = 0.940897
#   Estimated pi_0=0.944444
Using motif +KHDRBS1_1155 of width 6.
Finding best site passing the output threshold in each of the 60 sequences.
Found a best site in 1 sequences.
Computing q-values.
# Computing q-values.
#   Estimating pi_0 from a uniformly sampled set of 2760 p-values.
#   Estimating pi_0.
# Minimal pi_zero = 0.963366
#   Estimated pi_0=0.967217
Using motif +SRSF1_1233 of width 7.
Finding best site passing the output threshold in each of the 60 sequences.
Found a best site in 6 sequences.
Computing q-values.
# Computing q-values.
#   Estimating pi_0 from a uniformly sampled set of 2700 p-values.
#   Estimating pi_0.
# Minimal pi_zero = 0.952204
#   Estimated pi_0=0.952204
Using motif +PTBP1_51 of width 4.
Finding best site passing the output threshold in each of the 60 sequences.
Found a best site in 0 sequences.
Computing q-values.
Using motif +SRSF1_M106_0.6 of width 8.
Finding best site passing the output threshold in each of the 60 sequences.
Found a best site in 4 sequences.
Computing q-values.
# Computing q-values.
#   Estimating pi_0 from a uniformly sampled set of 2640 p-values.
#   Estimating pi_0.
# Minimal pi_zero = 0.989927
#   Estimated pi_0=0.991064
Using motif +HNRNPA1_692 of width 7.
Finding best site passing the output threshold in each of the 60 sequences.
Found a best site in 6 sequences.
Computing q-values.
# Computing q-values.
#   Estimating pi_0 from a uniformly sampled set of 2700 p-values.
#   Estimating pi_0.
# Minimal pi_zero = 0.972118
#   Estimated pi_0=0.979677
Using motif +ELAVL1_367 of width 4.
Finding best site passing the output threshold in each of the 60 sequences.
Found a best site in 0 sequences.
Computing q-values.
Using motif +SRSF1_1211 of width 9.
Finding best site passing the output threshold in each of the 60 sequences.
Found a best site in 3 sequences.
Computing q-values.
# Computing q-values.
#   Estimating pi_0 from a uniformly sampled set of 2580 p-values.
#   Estimating pi_0.
# Minimal pi_zero = 0.982634
#   Estimated pi_0=0.988784
Using motif +HNRNPA1_679 of width 6.
Finding best site passing the output threshold in each of the 60 sequences.
Found a best site in 1 sequences.
Computing q-values.
# Computing q-values.
#   Estimating pi_0 from a uniformly sampled set of 2760 p-values.
#   Estimating pi_0.
# Minimal pi_zero = 0.987027
#   Estimated pi_0=0.996961
Using motif +FUS_M316_0.6 of width 4.
Finding best site passing the output threshold in each of the 60 sequences.
Found a best site in 0 sequences.
Computing q-values.
Using motif +NOVA1_1131 of width 5.
Finding best site passing the output threshold in each of the 60 sequences.
Found a best site in 0 sequences.
Computing q-values.
Using motif +SRSF1_1216 of width 7.
Finding best site passing the output threshold in each of the 60 sequences.
Found a best site in 2 sequences.
Computing q-values.
# Computing q-values.
#   Estimating pi_0 from a uniformly sampled set of 2700 p-values.
#   Estimating pi_0.
# Minimal pi_zero = 0.988206
#   Estimated pi_0=0.997755
Using motif +HNRNPA1_653 of width 7.
Finding best site passing the output threshold in each of the 60 sequences.
Found a best site in 1 sequences.
Computing q-values.
# Computing q-values.
#   Estimating pi_0 from a uniformly sampled set of 2700 p-values.
#   Estimating pi_0.
# Minimal pi_zero = 0.980864
#   Estimated pi_0=1
Using motif +HNRNPA1_644 of width 6.
Finding best site passing the output threshold in each of the 60 sequences.
Found a best site in 1 sequences.
Computing q-values.
# Computing q-values.
#   Estimating pi_0 from a uniformly sampled set of 2760 p-values.
#   Estimating pi_0.
# Minimal pi_zero = 0.993929
#   Estimated pi_0=1
Using motif +MBNL1_M320_0.6a of width 4.
Finding best site passing the output threshold in each of the 60 sequences.
Found a best site in 0 sequences.
Computing q-values.
Using motif +PTBP1_1017 of width 7.
Finding best site passing the output threshold in each of the 60 sequences.
Found a best site in 7 sequences.
Computing q-values.
# Computing q-values.
#   Estimating pi_0 from a uniformly sampled set of 2700 p-values.
#   Estimating pi_0.
# Minimal pi_zero = 0.921922
#   Estimated pi_0=0.929671
Using motif +ELAVL1_1105 of width 9.
Finding best site passing the output threshold in each of the 60 sequences.
Found a best site in 1 sequences.
Computing q-values.
# Computing q-values.
#   Estimating pi_0 from a uniformly sampled set of 2580 p-values.
#   Estimating pi_0.
# Minimal pi_zero = 0.988159
#   Estimated pi_0=0.992646
Using motif +SRSF1_M272_0.6 of width 8.
Finding best site passing the output threshold in each of the 60 sequences.
Found a best site in 0 sequences.
Computing q-values.
Using motif +PTBP1_1013 of width 11.
Finding best site passing the output threshold in each of the 60 sequences.
Found a best site in 7 sequences.
Computing q-values.
# Computing q-values.
#   Estimating pi_0 from a uniformly sampled set of 2460 p-values.
#   Estimating pi_0.
# Minimal pi_zero = 0.938925
#   Estimated pi_0=0.944046
Using motif +MBNL1_s30 of width 6.
Finding best site passing the output threshold in each of the 60 sequences.
Found a best site in 2 sequences.
Computing q-values.
# Computing q-values.
#   Estimating pi_0 from a uniformly sampled set of 2760 p-values.
#   Estimating pi_0.
# Minimal pi_zero = 0.906494
#   Estimated pi_0=0.913178
Using motif +ELAVL1_M108_0.6 of width 7.
Finding best site passing the output threshold in each of the 60 sequences.
Found a best site in 3 sequences.
Computing q-values.
# Computing q-values.
#   Estimating pi_0 from a uniformly sampled set of 2700 p-values.
#   Estimating pi_0.
# Minimal pi_zero = 0.9958
#   Estimated pi_0=0.998325
Using motif +SRSF1_M273_0.6 of width 7.
Finding best site passing the output threshold in each of the 60 sequences.
Found a best site in 1 sequences.
Computing q-values.
# Computing q-values.
#   Estimating pi_0 from a uniformly sampled set of 2700 p-values.
#   Estimating pi_0.
# Minimal pi_zero = 0.891068
#   Estimated pi_0=0.895748
Using motif +ELAVL1_1104 of width 5.
Finding best site passing the output threshold in each of the 60 sequences.
Found a best site in 0 sequences.
Computing q-values.
Using motif +HNRNPA1_652 of width 5.
Finding best site passing the output threshold in each of the 60 sequences.
Found a best site in 0 sequences.
Computing q-values.
Using motif +FUS_1061 of width 7.
Finding best site passing the output threshold in each of the 60 sequences.
Found a best site in 1 sequences.
Computing q-values.
# Computing q-values.
#   Estimating pi_0 from a uniformly sampled set of 2700 p-values.
#   Estimating pi_0.
# Minimal pi_zero = 0.959577
#   Estimated pi_0=0.959577
Using motif +KHDRBS1_M160_0.6 of width 7.
Finding best site passing the output threshold in each of the 60 sequences.
Found a best site in 2 sequences.
Computing q-values.
# Computing q-values.
#   Estimating pi_0 from a uniformly sampled set of 2700 p-values.
#   Estimating pi_0.
# Minimal pi_zero = 1.00112
#   Estimated pi_0=1
Using motif +SRSF1_s51 of width 7.
Finding best site passing the output threshold in each of the 60 sequences.
Found a best site in 1 sequences.
Computing q-values.
# Computing q-values.
#   Estimating pi_0 from a uniformly sampled set of 2700 p-values.
#   Estimating pi_0.
# Minimal pi_zero = 0.885328
#   Estimated pi_0=0.887504
Using motif +HNRNPA2B1_698 of width 5.
Finding best site passing the output threshold in each of the 60 sequences.
Found a best site in 0 sequences.
Computing q-values.
Using motif +MBNL1_M037_0.6 of width 7.
Finding best site passing the output threshold in each of the 60 sequences.
Found a best site in 3 sequences.
Computing q-values.
# Computing q-values.
#   Estimating pi_0 from a uniformly sampled set of 2700 p-values.
#   Estimating pi_0.
# Minimal pi_zero = 0.952296
#   Estimated pi_0=0.958446
Using motif +PTBP1_1014 of width 7.
Finding best site passing the output threshold in each of the 60 sequences.
Found a best site in 3 sequences.
Computing q-values.
# Computing q-values.
#   Estimating pi_0 from a uniformly sampled set of 2700 p-values.
#   Estimating pi_0.
# Minimal pi_zero = 0.93526
#   Estimated pi_0=0.93526
Using motif +ELAVL1_M112_0.6 of width 7.
Finding best site passing the output threshold in each of the 60 sequences.
Found a best site in 3 sequences.
Computing q-values.
# Computing q-values.
#   Estimating pi_0 from a uniformly sampled set of 2700 p-values.
#   Estimating pi_0.
# Minimal pi_zero = 0.99554
#   Estimated pi_0=0.996092
Using motif +PTBP1_1009 of width 9.
Finding best site passing the output threshold in each of the 60 sequences.
Found a best site in 8 sequences.
Computing q-values.
# Computing q-values.
#   Estimating pi_0 from a uniformly sampled set of 2580 p-values.
#   Estimating pi_0.
# Minimal pi_zero = 0.885716
#   Estimated pi_0=0.89254
Using motif +PTBP1_31 of width 4.
Finding best site passing the output threshold in each of the 60 sequences.
Found a best site in 0 sequences.
Computing q-values.
Using motif +PTBP2_1134 of width 6.
Finding best site passing the output threshold in each of the 60 sequences.
Found a best site in 3 sequences.
Computing q-values.
# Computing q-values.
#   Estimating pi_0 from a uniformly sampled set of 2760 p-values.
#   Estimating pi_0.
# Minimal pi_zero = 0.907591
#   Estimated pi_0=0.910628
Using motif +NOVA2_M325_0.6 of width 16.
Finding best site passing the output threshold in each of the 60 sequences.
Found a best site in 5 sequences.
Computing q-values.
# Computing q-values.
#   Estimating pi_0 from a uniformly sampled set of 2160 p-values.
#   Estimating pi_0.
# Minimal pi_zero = 0.949074
#   Estimated pi_0=0.95679
Using motif +HNRNPA1_665 of width 5.
Finding best site passing the output threshold in each of the 60 sequences.
Found a best site in 0 sequences.
Computing q-values.
Using motif +HNRNPA1_647 of width 10.
Finding best site passing the output threshold in each of the 60 sequences.
Found a best site in 5 sequences.
Computing q-values.
# Computing q-values.
#   Estimating pi_0 from a uniformly sampled set of 2520 p-values.
#   Estimating pi_0.
# Minimal pi_zero = 0.976484
#   Estimated pi_0=0.98793
Using motif +ZFP36_155 of width 6.
Finding best site passing the output threshold in each of the 60 sequences.
Found a best site in 14 sequences.
Computing q-values.
# Computing q-values.
#   Estimating pi_0 from a uniformly sampled set of 2760 p-values.
#   Estimating pi_0.
# Minimal pi_zero = 0.915542
#   Estimated pi_0=0.918367
Using motif +HNRNPA1_43 of width 12.
Finding best site passing the output threshold in each of the 60 sequences.
Found a best site in 3 sequences.
Computing q-values.
# Computing q-values.
#   Estimating pi_0 from a uniformly sampled set of 2400 p-values.
#   Estimating pi_0.
# Minimal pi_zero = 0.973926
#   Estimated pi_0=0.985428
Using motif +PTBP1_8 of width 5.
Finding best site passing the output threshold in each of the 60 sequences.
Found a best site in 3 sequences.
Computing q-values.
# Computing q-values.
#   Estimating pi_0 from a uniformly sampled set of 2820 p-values.
#   Estimating pi_0.
# Minimal pi_zero = 0.883011
#   Estimated pi_0=0.884625
Using motif +HNRNPA2B1_706 of width 11.
Finding best site passing the output threshold in each of the 60 sequences.
Found a best site in 8 sequences.
Computing q-values.
# Computing q-values.
#   Estimating pi_0 from a uniformly sampled set of 2460 p-values.
#   Estimating pi_0.
# Minimal pi_zero = 0.873824
#   Estimated pi_0=0.881755
Using motif +ZFP36_138 of width 5.
Finding best site passing the output threshold in each of the 60 sequences.
Found a best site in 2 sequences.
Computing q-values.
# Computing q-values.
#   Estimating pi_0 from a uniformly sampled set of 2820 p-values.
#   Estimating pi_0.
# Minimal pi_zero = 0.942925
#   Estimated pi_0=0.951082
Using motif +PTBP1_s12 of width 6.
Finding best site passing the output threshold in each of the 60 sequences.
Found a best site in 5 sequences.
Computing q-values.
# Computing q-values.
#   Estimating pi_0 from a uniformly sampled set of 2760 p-values.
#   Estimating pi_0.
# Minimal pi_zero = 0.953223
#   Estimated pi_0=0.968064
Using motif +KHDRBS1_1157 of width 5.
Finding best site passing the output threshold in each of the 60 sequences.
Found a best site in 0 sequences.
Computing q-values.
Using motif +SRSF1_s99 of width 7.
Finding best site passing the output threshold in each of the 60 sequences.
Found a best site in 1 sequences.
Computing q-values.
# Computing q-values.
#   Estimating pi_0 from a uniformly sampled set of 2700 p-values.
#   Estimating pi_0.
# Minimal pi_zero = 0.876296
#   Estimated pi_0=0.889383
Using motif +ZFP36_49 of width 6.
Finding best site passing the output threshold in each of the 60 sequences.
Found a best site in 1 sequences.
Computing q-values.
# Computing q-values.
#   Estimating pi_0 from a uniformly sampled set of 2760 p-values.
#   Estimating pi_0.
# Minimal pi_zero = 0.952967
#   Estimated pi_0=0.952967
Using motif +HNRNPA1_663 of width 6.
Finding best site passing the output threshold in each of the 60 sequences.
Found a best site in 6 sequences.
Computing q-values.
# Computing q-values.
#   Estimating pi_0 from a uniformly sampled set of 2760 p-values.
#   Estimating pi_0.
# Minimal pi_zero = 0.9644
#   Estimated pi_0=0.966819
Using motif +HNRNPA1_681 of width 6.
Finding best site passing the output threshold in each of the 60 sequences.
Found a best site in 1 sequences.
Computing q-values.
# Computing q-values.
#   Estimating pi_0 from a uniformly sampled set of 2760 p-values.
#   Estimating pi_0.
# Minimal pi_zero = 0.987027
#   Estimated pi_0=0.996961
Using motif +KHDRBS1_s34 of width 6.
Finding best site passing the output threshold in each of the 60 sequences.
Found a best site in 0 sequences.
Computing q-values.
Using motif +HNRNPA2B1_710 of width 6.
Finding best site passing the output threshold in each of the 60 sequences.
Found a best site in 0 sequences.
Computing q-values.
Using motif +PTBP1_1004 of width 6.
Finding best site passing the output threshold in each of the 60 sequences.
Found a best site in 3 sequences.
Computing q-values.
# Computing q-values.
#   Estimating pi_0 from a uniformly sampled set of 2760 p-values.
#   Estimating pi_0.
# Minimal pi_zero = 0.907591
#   Estimated pi_0=0.910628
Using motif +QKI_104 of width 12.
Finding best site passing the output threshold in each of the 60 sequences.
Found a best site in 11 sequences.
Computing q-values.
# Computing q-values.
#   Estimating pi_0 from a uniformly sampled set of 2400 p-values.
#   Estimating pi_0.
# Minimal pi_zero = 0.924455
#   Estimated pi_0=0.933908
Using motif +MBNL1_1123 of width 6.
Finding best site passing the output threshold in each of the 60 sequences.
Found a best site in 4 sequences.
Computing q-values.
# Computing q-values.
#   Estimating pi_0 from a uniformly sampled set of 2760 p-values.
#   Estimating pi_0.
# Minimal pi_zero = 0.942029
#   Estimated pi_0=0.942029
Using motif +HNRNPA1_651 of width 5.
Finding best site passing the output threshold in each of the 60 sequences.
Found a best site in 3 sequences.
Computing q-values.
# Computing q-values.
#   Estimating pi_0 from a uniformly sampled set of 2820 p-values.
#   Estimating pi_0.
# Minimal pi_zero = 0.930249
#   Estimated pi_0=0.944552
Using motif +KHDRBS1_M060_0.6 of width 7.
Finding best site passing the output threshold in each of the 60 sequences.
Found a best site in 2 sequences.
Computing q-values.
# Computing q-values.
#   Estimating pi_0 from a uniformly sampled set of 2700 p-values.
#   Estimating pi_0.
# Minimal pi_zero = 1.00019
#   Estimated pi_0=1
Using motif +HNRNPA1_664 of width 6.
Finding best site passing the output threshold in each of the 60 sequences.
Found a best site in 3 sequences.
Computing q-values.
# Computing q-values.
#   Estimating pi_0 from a uniformly sampled set of 2760 p-values.
#   Estimating pi_0.
# Minimal pi_zero = 0.969015
#   Estimated pi_0=0.983788
Using motif +TARDBP_1282 of width 10.
Finding best site passing the output threshold in each of the 60 sequences.
Found a best site in 1 sequences.
Computing q-values.
# Computing q-values.
#   Estimating pi_0 from a uniformly sampled set of 2520 p-values.
#   Estimating pi_0.
# Minimal pi_zero = 0.961497
#   Estimated pi_0=0.971649
Using motif +HNRNPA1_696 of width 6.
Finding best site passing the output threshold in each of the 60 sequences.
Found a best site in 2 sequences.
Computing q-values.
# Computing q-values.
#   Estimating pi_0 from a uniformly sampled set of 2760 p-values.
#   Estimating pi_0.
# Minimal pi_zero = 0.977771
#   Estimated pi_0=0.980415
Using motif +PTBP1_1018 of width 7.
Finding best site passing the output threshold in each of the 60 sequences.
Found a best site in 1 sequences.
Computing q-values.
# Computing q-values.
#   Estimating pi_0 from a uniformly sampled set of 2700 p-values.
#   Estimating pi_0.
# Minimal pi_zero = 0.959577
#   Estimated pi_0=0.959577
Using motif +PTBP1_11 of width 4.
Finding best site passing the output threshold in each of the 60 sequences.
Found a best site in 0 sequences.
Computing q-values.
Using motif +PTBP1_1002 of width 8.
Finding best site passing the output threshold in each of the 60 sequences.
Found a best site in 7 sequences.
Computing q-values.
# Computing q-values.
#   Estimating pi_0 from a uniformly sampled set of 2640 p-values.
#   Estimating pi_0.
# Minimal pi_zero = 0.870559
#   Estimated pi_0=0.872831
Using motif +NUDT21_420 of width 5.
Finding best site passing the output threshold in each of the 60 sequences.
Found a best site in 0 sequences.
Computing q-values.
Using motif +SRSF1_M104_0.6 of width 7.
Finding best site passing the output threshold in each of the 60 sequences.
Found a best site in 5 sequences.
Computing q-values.
# Computing q-values.
#   Estimating pi_0 from a uniformly sampled set of 2700 p-values.
#   Estimating pi_0.
# Minimal pi_zero = 0.974847
#   Estimated pi_0=0.978315
Using motif +NOVA2_179 of width 4.
Finding best site passing the output threshold in each of the 60 sequences.
Found a best site in 0 sequences.
Computing q-values.
Using motif +ELAVL1_1108 of width 7.
Finding best site passing the output threshold in each of the 60 sequences.
Found a best site in 1 sequences.
Computing q-values.
# Computing q-values.
#   Estimating pi_0 from a uniformly sampled set of 2700 p-values.
#   Estimating pi_0.
# Minimal pi_zero = 0.959577
#   Estimated pi_0=0.959577
Using motif +SRSF1_M103_0.6 of width 7.
Finding best site passing the output threshold in each of the 60 sequences.
Found a best site in 5 sequences.
Computing q-values.
# Computing q-values.
#   Estimating pi_0 from a uniformly sampled set of 2700 p-values.
#   Estimating pi_0.
# Minimal pi_zero = 0.980392
#   Estimated pi_0=0.981087
Using motif +SRSF1_126 of width 7.
Finding best site passing the output threshold in each of the 60 sequences.
Found a best site in 2 sequences.
Computing q-values.
# Computing q-values.
#   Estimating pi_0 from a uniformly sampled set of 2700 p-values.
#   Estimating pi_0.
# Minimal pi_zero = 0.882222
#   Estimated pi_0=0.890003
Using motif +PTBP1_539 of width 5.
Finding best site passing the output threshold in each of the 60 sequences.
Found a best site in 8 sequences.
Computing q-values.
# Computing q-values.
#   Estimating pi_0 from a uniformly sampled set of 2820 p-values.
#   Estimating pi_0.
# Minimal pi_zero = 0.906078
#   Estimated pi_0=0.913969
Using motif +ELAVL1_161 of width 12.
Finding best site passing the output threshold in each of the 60 sequences.
Found a best site in 2 sequences.
Computing q-values.
# Computing q-values.
#   Estimating pi_0 from a uniformly sampled set of 2400 p-values.
#   Estimating pi_0.
# Minimal pi_zero = 0.988296
#   Estimated pi_0=0.991409
Using motif +QKI_1139 of width 5.
Finding best site passing the output threshold in each of the 60 sequences.
Found a best site in 0 sequences.
Computing q-values.
Using motif +HNRNPA2B1_702 of width 6.
Finding best site passing the output threshold in each of the 60 sequences.
Found a best site in 0 sequences.
Computing q-values.
Using motif +HNRNPA2B1_703 of width 11.
Finding best site passing the output threshold in each of the 60 sequences.
Found a best site in 5 sequences.
Computing q-values.
# Computing q-values.
#   Estimating pi_0 from a uniformly sampled set of 2460 p-values.
#   Estimating pi_0.
# Minimal pi_zero = 0.902241
#   Estimated pi_0=0.904859
Using motif +HNRNPA2B1_699 of width 6.
Finding best site passing the output threshold in each of the 60 sequences.
Found a best site in 1 sequences.
Computing q-values.
# Computing q-values.
#   Estimating pi_0 from a uniformly sampled set of 2760 p-values.
#   Estimating pi_0.
# Minimal pi_zero = 0.974552
#   Estimated pi_0=0.983437
Using motif +PTBP1_165 of width 4.
Finding best site passing the output threshold in each of the 60 sequences.
Found a best site in 0 sequences.
Computing q-values.
Using motif +NOVA2_s95 of width 7.
Finding best site passing the output threshold in each of the 60 sequences.
Found a best site in 1 sequences.
Computing q-values.
# Computing q-values.
#   Estimating pi_0 from a uniformly sampled set of 2700 p-values.
#   Estimating pi_0.
# Minimal pi_zero = 0.959577
#   Estimated pi_0=0.959577
Using motif +HNRNPA1_657 of width 6.
Finding best site passing the output threshold in each of the 60 sequences.
Found a best site in 1 sequences.
Computing q-values.
# Computing q-values.
#   Estimating pi_0 from a uniformly sampled set of 2760 p-values.
#   Estimating pi_0.
# Minimal pi_zero = 0.893959
#   Estimated pi_0=0.909699
Using motif +PTBP1_1008 of width 6.
Finding best site passing the output threshold in each of the 60 sequences.
Found a best site in 3 sequences.
Computing q-values.
# Computing q-values.
#   Estimating pi_0 from a uniformly sampled set of 2760 p-values.
#   Estimating pi_0.
# Minimal pi_zero = 0.907591
#   Estimated pi_0=0.910628
Using motif +NOVA1_s27 of width 6.
Finding best site passing the output threshold in each of the 60 sequences.
Found a best site in 6 sequences.
Computing q-values.
# Computing q-values.
#   Estimating pi_0 from a uniformly sampled set of 2760 p-values.
#   Estimating pi_0.
# Minimal pi_zero = 0.944099
#   Estimated pi_0=0.94617
Using motif +NOVA1_s94 of width 12.
Finding best site passing the output threshold in each of the 60 sequences.
Found a best site in 3 sequences.
Computing q-values.
# Computing q-values.
#   Estimating pi_0 from a uniformly sampled set of 2400 p-values.
#   Estimating pi_0.
# Minimal pi_zero = 0.962617
#   Estimated pi_0=0.970779
Using motif +FUS_1060 of width 7.
Finding best site passing the output threshold in each of the 60 sequences.
Found a best site in 7 sequences.
Computing q-values.
# Computing q-values.
#   Estimating pi_0 from a uniformly sampled set of 2700 p-values.
#   Estimating pi_0.
# Minimal pi_zero = 0.921922
#   Estimated pi_0=0.929671
Using motif +HNRNPA1_646 of width 6.
Finding best site passing the output threshold in each of the 60 sequences.
Found a best site in 0 sequences.
Computing q-values.
Using motif +SRSF1_1215 of width 9.
Finding best site passing the output threshold in each of the 60 sequences.
Found a best site in 2 sequences.
Computing q-values.
# Computing q-values.
#   Estimating pi_0 from a uniformly sampled set of 2580 p-values.
#   Estimating pi_0.
# Minimal pi_zero = 0.991851
#   Estimated pi_0=0.991851
Using motif +SRSF1_s48 of width 7.
Finding best site passing the output threshold in each of the 60 sequences.
Found a best site in 2 sequences.
Computing q-values.
# Computing q-values.
#   Estimating pi_0 from a uniformly sampled set of 2700 p-values.
#   Estimating pi_0.
# Minimal pi_zero = 0.880901
#   Estimated pi_0=0.892041
Using motif +NOVA2_492 of width 7.
Finding best site passing the output threshold in each of the 60 sequences.
Found a best site in 2 sequences.
Computing q-values.
# Computing q-values.
#   Estimating pi_0 from a uniformly sampled set of 2700 p-values.
#   Estimating pi_0.
# Minimal pi_zero = 0.903945
#   Estimated pi_0=0.910815
Using motif +HNRNPA1_695 of width 6.
Finding best site passing the output threshold in each of the 60 sequences.
Found a best site in 0 sequences.
Computing q-values.
Using motif +FUS_1059 of width 7.
Finding best site passing the output threshold in each of the 60 sequences.
Found a best site in 7 sequences.
Computing q-values.
# Computing q-values.
#   Estimating pi_0 from a uniformly sampled set of 2700 p-values.
#   Estimating pi_0.
# Minimal pi_zero = 0.921922
#   Estimated pi_0=0.929671
Using motif +HNRNPA1_659 of width 10.
Finding best site passing the output threshold in each of the 60 sequences.
Found a best site in 6 sequences.
Computing q-values.
# Computing q-values.
#   Estimating pi_0 from a uniformly sampled set of 2520 p-values.
#   Estimating pi_0.
# Minimal pi_zero = 0.942177
#   Estimated pi_0=0.943938
Using motif +HNRNPA1_643 of width 6.
Finding best site passing the output threshold in each of the 60 sequences.
Found a best site in 1 sequences.
Computing q-values.
# Computing q-values.
#   Estimating pi_0 from a uniformly sampled set of 2760 p-values.
#   Estimating pi_0.
# Minimal pi_zero = 0.968291
#   Estimated pi_0=0.979632
Using motif +ELAVL1_512 of width 4.
Finding best site passing the output threshold in each of the 60 sequences.
Found a best site in 0 sequences.
Computing q-values.
Using motif +PTBP1_1012 of width 11.
Finding best site passing the output threshold in each of the 60 sequences.
Found a best site in 7 sequences.
Computing q-values.
# Computing q-values.
#   Estimating pi_0 from a uniformly sampled set of 2460 p-values.
#   Estimating pi_0.
# Minimal pi_zero = 0.938925
#   Estimated pi_0=0.944046
Using motif +PTBP1_1001 of width 6.
Finding best site passing the output threshold in each of the 60 sequences.
Found a best site in 3 sequences.
Computing q-values.
# Computing q-values.
#   Estimating pi_0 from a uniformly sampled set of 2760 p-values.
#   Estimating pi_0.
# Minimal pi_zero = 0.950584
#   Estimated pi_0=0.951269
Using motif +PABPN1_M148_0.6 of width 7.
Finding best site passing the output threshold in each of the 60 sequences.
Found a best site in 1 sequences.
Computing q-values.
# Computing q-values.
#   Estimating pi_0 from a uniformly sampled set of 2700 p-values.
#   Estimating pi_0.
# Minimal pi_zero = 0.993762
#   Estimated pi_0=0.998325
Using motif +PTBP1_991 of width 7.
Finding best site passing the output threshold in each of the 60 sequences.
Found a best site in 9 sequences.
Computing q-values.
# Computing q-values.
#   Estimating pi_0 from a uniformly sampled set of 2700 p-values.
#   Estimating pi_0.
# Minimal pi_zero = 0.961111
#   Estimated pi_0=0.966794
Using motif +KHDRBS1_1156 of width 6.
Finding best site passing the output threshold in each of the 60 sequences.
Found a best site in 2 sequences.
Computing q-values.
# Computing q-values.
#   Estimating pi_0 from a uniformly sampled set of 2760 p-values.
#   Estimating pi_0.
# Minimal pi_zero = 1.00102
#   Estimated pi_0=1
Using motif +ELAVL1_M232_0.6 of width 7.
Finding best site passing the output threshold in each of the 60 sequences.
Found a best site in 3 sequences.
Computing q-values.
# Computing q-values.
#   Estimating pi_0 from a uniformly sampled set of 2700 p-values.
#   Estimating pi_0.
# Minimal pi_zero = 0.986375
#   Estimated pi_0=0.989796
Using motif +HNRNPA2B1_697 of width 10.
Finding best site passing the output threshold in each of the 60 sequences.
Found a best site in 5 sequences.
Computing q-values.
# Computing q-values.
#   Estimating pi_0 from a uniformly sampled set of 2520 p-values.
#   Estimating pi_0.
# Minimal pi_zero = 0.976484
#   Estimated pi_0=0.98793
Using motif +TARDBP_1280 of width 12.
Finding best site passing the output threshold in each of the 60 sequences.
Found a best site in 1 sequences.
Computing q-values.
# Computing q-values.
#   Estimating pi_0 from a uniformly sampled set of 2400 p-values.
#   Estimating pi_0.
# Minimal pi_zero = 0.961433
#   Estimated pi_0=0.972067
Using motif +HNRNPA1_658 of width 6.
Finding best site passing the output threshold in each of the 60 sequences.
Found a best site in 7 sequences.
Computing q-values.
# Computing q-values.
#   Estimating pi_0 from a uniformly sampled set of 2760 p-values.
#   Estimating pi_0.
# Minimal pi_zero = 0.943478
#   Estimated pi_0=0.954269
Using motif +SRSF1_M351_0.6 of width 10.
Finding best site passing the output threshold in each of the 60 sequences.
Found a best site in 1 sequences.
Computing q-values.
# Computing q-values.
#   Estimating pi_0 from a uniformly sampled set of 2520 p-values.
#   Estimating pi_0.
# Minimal pi_zero = 0.985615
#   Estimated pi_0=0.987842
Using motif +TARDBP_541 of width 8.
Finding best site passing the output threshold in each of the 60 sequences.
Found a best site in 1 sequences.
Computing q-values.
# Computing q-values.
#   Estimating pi_0 from a uniformly sampled set of 2640 p-values.
#   Estimating pi_0.
# Minimal pi_zero = 0.987791
#   Estimated pi_0=0.99671
Using motif +HNRNPA1_662 of width 6.
Finding best site passing the output threshold in each of the 60 sequences.
Found a best site in 1 sequences.
Computing q-values.
# Computing q-values.
#   Estimating pi_0 from a uniformly sampled set of 2760 p-values.
#   Estimating pi_0.
# Minimal pi_zero = 0.974552
#   Estimated pi_0=0.991651
Using motif +HNRNPA2B1_704 of width 11.
Finding best site passing the output threshold in each of the 60 sequences.
Found a best site in 1 sequences.
Computing q-values.
# Computing q-values.
#   Estimating pi_0 from a uniformly sampled set of 2460 p-values.
#   Estimating pi_0.
# Minimal pi_zero = 0.919426
#   Estimated pi_0=0.919879
Using motif +SRSF1_1240 of width 7.
Finding best site passing the output threshold in each of the 60 sequences.
Found a best site in 2 sequences.
Computing q-values.
# Computing q-values.
#   Estimating pi_0 from a uniformly sampled set of 2700 p-values.
#   Estimating pi_0.
# Minimal pi_zero = 0.952107
#   Estimated pi_0=0.96412
Using motif +PTBP1_992 of width 6.
Finding best site passing the output threshold in each of the 60 sequences.
Found a best site in 4 sequences.
Computing q-values.
# Computing q-values.
#   Estimating pi_0 from a uniformly sampled set of 2760 p-values.
#   Estimating pi_0.
# Minimal pi_zero = 0.895394
#   Estimated pi_0=0.914493
Using motif +PTBP1_996 of width 8.
Finding best site passing the output threshold in each of the 60 sequences.
Found a best site in 8 sequences.
Computing q-values.
# Computing q-values.
#   Estimating pi_0 from a uniformly sampled set of 2640 p-values.
#   Estimating pi_0.
# Minimal pi_zero = 0.852594
#   Estimated pi_0=0.856592
Using motif +NOVA1_1130 of width 5.
Finding best site passing the output threshold in each of the 60 sequences.
Found a best site in 0 sequences.
Computing q-values.
Using motif +PTBP1_1023 of width 8.
Finding best site passing the output threshold in each of the 60 sequences.
Found a best site in 5 sequences.
Computing q-values.
# Computing q-values.
#   Estimating pi_0 from a uniformly sampled set of 2640 p-values.
#   Estimating pi_0.
# Minimal pi_zero = 0.915072
#   Estimated pi_0=0.916213
Using motif +NOVA2_s96 of width 7.
Finding best site passing the output threshold in each of the 60 sequences.
Found a best site in 7 sequences.
Computing q-values.
# Computing q-values.
#   Estimating pi_0 from a uniformly sampled set of 2700 p-values.
#   Estimating pi_0.
# Minimal pi_zero = 0.921922
#   Estimated pi_0=0.929671
Using motif +NUDT21_575 of width 5.
Finding best site passing the output threshold in each of the 60 sequences.
Found a best site in 0 sequences.
Computing q-values.
Using motif +HNRNPA2B1_M024_0.6 of width 7.
Finding best site passing the output threshold in each of the 60 sequences.
Found a best site in 4 sequences.
Computing q-values.
# Computing q-values.
#   Estimating pi_0 from a uniformly sampled set of 2700 p-values.
#   Estimating pi_0.
# Minimal pi_zero = 0.987392
#   Estimated pi_0=0.990454
Using motif +HNRNPA1_683 of width 7.
Finding best site passing the output threshold in each of the 60 sequences.
Found a best site in 1 sequences.
Computing q-values.
# Computing q-values.
#   Estimating pi_0 from a uniformly sampled set of 2700 p-values.
#   Estimating pi_0.
# Minimal pi_zero = 0.959577
#   Estimated pi_0=0.959577
Using motif +HNRNPA1_656 of width 6.
Finding best site passing the output threshold in each of the 60 sequences.
Found a best site in 1 sequences.
Computing q-values.
# Computing q-values.
#   Estimating pi_0 from a uniformly sampled set of 2760 p-values.
#   Estimating pi_0.
# Minimal pi_zero = 0.887681
#   Estimated pi_0=0.894892
Using motif +TARDBP_1277 of width 7.
Finding best site passing the output threshold in each of the 60 sequences.
Found a best site in 3 sequences.
Computing q-values.
# Computing q-values.
#   Estimating pi_0 from a uniformly sampled set of 2700 p-values.
#   Estimating pi_0.
# Minimal pi_zero = 0.935033
#   Estimated pi_0=0.936125
Using motif +SRSF1_1236 of width 7.
Finding best site passing the output threshold in each of the 60 sequences.
Found a best site in 8 sequences.
Computing q-values.
# Computing q-values.
#   Estimating pi_0 from a uniformly sampled set of 2700 p-values.
#   Estimating pi_0.
# Minimal pi_zero = 0.897569
#   Estimated pi_0=0.897569
Using motif +PTBP1_1006 of width 6.
Finding best site passing the output threshold in each of the 60 sequences.
Found a best site in 3 sequences.
Computing q-values.
# Computing q-values.
#   Estimating pi_0 from a uniformly sampled set of 2760 p-values.
#   Estimating pi_0.
# Minimal pi_zero = 0.907591
#   Estimated pi_0=0.910628
Using motif +MBNL1_1121 of width 6.
Finding best site passing the output threshold in each of the 60 sequences.
Found a best site in 0 sequences.
Computing q-values.
Using motif +HNRNPA1_183 of width 11.
Finding best site passing the output threshold in each of the 60 sequences.
Found a best site in 10 sequences.
Computing q-values.
# Computing q-values.
#   Estimating pi_0 from a uniformly sampled set of 2460 p-values.
#   Estimating pi_0.
# Minimal pi_zero = 0.887097
#   Estimated pi_0=0.891864
Using motif +PTBP1_71 of width 8.
Finding best site passing the output threshold in each of the 60 sequences.
Found a best site in 5 sequences.
Computing q-values.
# Computing q-values.
#   Estimating pi_0 from a uniformly sampled set of 2640 p-values.
#   Estimating pi_0.
# Minimal pi_zero = 0.915072
#   Estimated pi_0=0.916213
Using motif +NOVA1_459 of width 5.
Finding best site passing the output threshold in each of the 60 sequences.
Found a best site in 4 sequences.
Computing q-values.
# Computing q-values.
#   Estimating pi_0 from a uniformly sampled set of 2820 p-values.
#   Estimating pi_0.
# Minimal pi_zero = 0.895718
#   Estimated pi_0=0.917841
Using motif +SRSF1_1231 of width 8.
Finding best site passing the output threshold in each of the 60 sequences.
Found a best site in 6 sequences.
Computing q-values.
# Computing q-values.
#   Estimating pi_0 from a uniformly sampled set of 2640 p-values.
#   Estimating pi_0.
# Minimal pi_zero = 0.962351
#   Estimated pi_0=0.964592
Using motif +SRSF1_1220 of width 6.
Finding best site passing the output threshold in each of the 60 sequences.
Found a best site in 3 sequences.
Computing q-values.
# Computing q-values.
#   Estimating pi_0 from a uniformly sampled set of 2760 p-values.
#   Estimating pi_0.
# Minimal pi_zero = 0.936232
#   Estimated pi_0=0.936232
Using motif +KHDRBS1_s33 of width 6.
Finding best site passing the output threshold in each of the 60 sequences.
Found a best site in 1 sequences.
Computing q-values.
# Computing q-values.
#   Estimating pi_0 from a uniformly sampled set of 2760 p-values.
#   Estimating pi_0.
# Minimal pi_zero = 0.994624
#   Estimated pi_0=0.997856
Using motif +SRSF1_375 of width 8.
Finding best site passing the output threshold in each of the 60 sequences.
Found a best site in 2 sequences.
Computing q-values.
# Computing q-values.
#   Estimating pi_0 from a uniformly sampled set of 2640 p-values.
#   Estimating pi_0.
# Minimal pi_zero = 0.961218
#   Estimated pi_0=0.967652
Using motif +PTBP1_995 of width 12.
Finding best site passing the output threshold in each of the 60 sequences.
Found a best site in 7 sequences.
Computing q-values.
# Computing q-values.
#   Estimating pi_0 from a uniformly sampled set of 2400 p-values.
#   Estimating pi_0.
# Minimal pi_zero = 0.930931
#   Estimated pi_0=0.934366
Using motif +PTBP1_997 of width 6.
Finding best site passing the output threshold in each of the 60 sequences.
Found a best site in 1 sequences.
Computing q-values.
# Computing q-values.
#   Estimating pi_0 from a uniformly sampled set of 2760 p-values.
#   Estimating pi_0.
# Minimal pi_zero = 0.94659
#   Estimated pi_0=0.94659
Using motif +ELAVL1_84 of width 11.
Finding best site passing the output threshold in each of the 60 sequences.
Found a best site in 4 sequences.
Computing q-values.
# Computing q-values.
#   Estimating pi_0 from a uniformly sampled set of 2460 p-values.
#   Estimating pi_0.
# Minimal pi_zero = 0.982274
#   Estimated pi_0=0.983121
Using motif +SRSF1_s22 of width 10.
Finding best site passing the output threshold in each of the 60 sequences.
Found a best site in 1 sequences.
Computing q-values.
# Computing q-values.
#   Estimating pi_0 from a uniformly sampled set of 2520 p-values.
#   Estimating pi_0.
# Minimal pi_zero = 0.992063
#   Estimated pi_0=0.996564
Using motif +PTBP1_1022 of width 8.
Finding best site passing the output threshold in each of the 60 sequences.
Found a best site in 3 sequences.
Computing q-values.
# Computing q-values.
#   Estimating pi_0 from a uniformly sampled set of 2640 p-values.
#   Estimating pi_0.
# Minimal pi_zero = 0.872518
#   Estimated pi_0=0.872831
Using motif +PTBP1_133 of width 6.
Finding best site passing the output threshold in each of the 60 sequences.
Found a best site in 3 sequences.
Computing q-values.
# Computing q-values.
#   Estimating pi_0 from a uniformly sampled set of 2760 p-values.
#   Estimating pi_0.
# Minimal pi_zero = 0.907591
#   Estimated pi_0=0.910628
Using motif +HNRNPA1_648 of width 6.
Finding best site passing the output threshold in each of the 60 sequences.
Found a best site in 7 sequences.
Computing q-values.
# Computing q-values.
#   Estimating pi_0 from a uniformly sampled set of 2760 p-values.
#   Estimating pi_0.
# Minimal pi_zero = 0.963371
#   Estimated pi_0=0.965404
Using motif +SRSF1_1238 of width 7.
Finding best site passing the output threshold in each of the 60 sequences.
Found a best site in 2 sequences.
Computing q-values.
# Computing q-values.
#   Estimating pi_0 from a uniformly sampled set of 2700 p-values.
#   Estimating pi_0.
# Minimal pi_zero = 0.879253
#   Estimated pi_0=0.879253
Using motif +QKI_352 of width 6.
Finding best site passing the output threshold in each of the 60 sequences.
Found a best site in 15 sequences.
Computing q-values.
# Computing q-values.
#   Estimating pi_0 from a uniformly sampled set of 2760 p-values.
#   Estimating pi_0.
# Minimal pi_zero = 0.949123
#   Estimated pi_0=0.949123
Using motif +HNRNPA1_645 of width 7.
Finding best site passing the output threshold in each of the 60 sequences.
Found a best site in 1 sequences.
Computing q-values.
# Computing q-values.
#   Estimating pi_0 from a uniformly sampled set of 2700 p-values.
#   Estimating pi_0.
# Minimal pi_zero = 0.998148
#   Estimated pi_0=1
Using motif +HNRNPA1_654 of width 5.
Finding best site passing the output threshold in each of the 60 sequences.
Found a best site in 0 sequences.
Computing q-values.
Using motif +HNRNPA1_688 of width 10.
Finding best site passing the output threshold in each of the 60 sequences.
Found a best site in 0 sequences.
Computing q-values.
Using motif +PTBP1_M227_0.6 of width 7.
Finding best site passing the output threshold in each of the 60 sequences.
Found a best site in 5 sequences.
Computing q-values.
# Computing q-values.
#   Estimating pi_0 from a uniformly sampled set of 2700 p-values.
#   Estimating pi_0.
# Minimal pi_zero = 0.951132
#   Estimated pi_0=0.959477
Using motif +PTBP1_994 of width 9.
Finding best site passing the output threshold in each of the 60 sequences.
Found a best site in 6 sequences.
Computing q-values.
# Computing q-values.
#   Estimating pi_0 from a uniformly sampled set of 2580 p-values.
#   Estimating pi_0.
# Minimal pi_zero = 0.890365
#   Estimated pi_0=0.891473
Using motif +NOVA2_1133 of width 5.
Finding best site passing the output threshold in each of the 60 sequences.
Found a best site in 0 sequences.
Computing q-values.
Using motif +SRSF1_s50 of width 7.
Finding best site passing the output threshold in each of the 60 sequences.
Found a best site in 5 sequences.
Computing q-values.
# Computing q-values.
#   Estimating pi_0 from a uniformly sampled set of 2700 p-values.
#   Estimating pi_0.
# Minimal pi_zero = 0.945946
#   Estimated pi_0=0.959615
Using motif +PTBP1_1015 of width 7.
Finding best site passing the output threshold in each of the 60 sequences.
Found a best site in 1 sequences.
Computing q-values.
# Computing q-values.
#   Estimating pi_0 from a uniformly sampled set of 2700 p-values.
#   Estimating pi_0.
# Minimal pi_zero = 0.959577
#   Estimated pi_0=0.959577
Using motif +PTBP1_1016 of width 7.
Finding best site passing the output threshold in each of the 60 sequences.
Found a best site in 3 sequences.
Computing q-values.
# Computing q-values.
#   Estimating pi_0 from a uniformly sampled set of 2700 p-values.
#   Estimating pi_0.
# Minimal pi_zero = 0.791346
#   Estimated pi_0=0.794678
Using motif +SRSF1_1230 of width 10.
Finding best site passing the output threshold in each of the 60 sequences.
Found a best site in 6 sequences.
Computing q-values.
# Computing q-values.
#   Estimating pi_0 from a uniformly sampled set of 2520 p-values.
#   Estimating pi_0.
# Minimal pi_zero = 0.991151
#   Estimated pi_0=0.997274
Using motif +TARDBP_178 of width 12.
Finding best site passing the output threshold in each of the 60 sequences.
Found a best site in 1 sequences.
Computing q-values.
# Computing q-values.
#   Estimating pi_0 from a uniformly sampled set of 2400 p-values.
#   Estimating pi_0.
# Minimal pi_zero = 0.961433
#   Estimated pi_0=0.972067
Using motif +NOVA1_1127 of width 7.
Finding best site passing the output threshold in each of the 60 sequences.
Found a best site in 3 sequences.
Computing q-values.
# Computing q-values.
#   Estimating pi_0 from a uniformly sampled set of 2700 p-values.
#   Estimating pi_0.
# Minimal pi_zero = 0.791346
#   Estimated pi_0=0.794678
Using motif +MBNL1_1122 of width 10.
Finding best site passing the output threshold in each of the 60 sequences.
Found a best site in 6 sequences.
Computing q-values.
# Computing q-values.
#   Estimating pi_0 from a uniformly sampled set of 2520 p-values.
#   Estimating pi_0.
# Minimal pi_zero = 0.947813
#   Estimated pi_0=0.959895
Using motif +TARDBP_1279 of width 6.
Finding best site passing the output threshold in each of the 60 sequences.
Found a best site in 1 sequences.
Computing q-values.
# Computing q-values.
#   Estimating pi_0 from a uniformly sampled set of 2760 p-values.
#   Estimating pi_0.
# Minimal pi_zero = 0.966024
#   Estimated pi_0=0.966024
Using motif +HNRNPA1_642 of width 6.
Finding best site passing the output threshold in each of the 60 sequences.
Found a best site in 1 sequences.
Computing q-values.
# Computing q-values.
#   Estimating pi_0 from a uniformly sampled set of 2760 p-values.
#   Estimating pi_0.
# Minimal pi_zero = 0.987027
#   Estimated pi_0=0.996961
Using motif +HNRNPA2B1_700 of width 6.
Finding best site passing the output threshold in each of the 60 sequences.
Found a best site in 1 sequences.
Computing q-values.
# Computing q-values.
#   Estimating pi_0 from a uniformly sampled set of 2760 p-values.
#   Estimating pi_0.
# Minimal pi_zero = 0.974787
#   Estimated pi_0=0.975057
Using motif +ZFP36_128 of width 5.
Finding best site passing the output threshold in each of the 60 sequences.
Found a best site in 0 sequences.
Computing q-values.
Using motif +SRSF1_1228 of width 7.
Finding best site passing the output threshold in each of the 60 sequences.
Found a best site in 5 sequences.
Computing q-values.
# Computing q-values.
#   Estimating pi_0 from a uniformly sampled set of 2700 p-values.
#   Estimating pi_0.
# Minimal pi_zero = 0.953003
#   Estimated pi_0=0.961632
Using motif +ELAVL1_476 of width 5.
Finding best site passing the output threshold in each of the 60 sequences.
Found a best site in 0 sequences.
Computing q-values.
Using motif +SRSF1_1225 of width 8.
Finding best site passing the output threshold in each of the 60 sequences.
Found a best site in 3 sequences.
Computing q-values.
# Computing q-values.
#   Estimating pi_0 from a uniformly sampled set of 2640 p-values.
#   Estimating pi_0.
# Minimal pi_zero = 0.982844
#   Estimated pi_0=0.982844
Using motif +HNRNPA1_674 of width 10.
Finding best site passing the output threshold in each of the 60 sequences.
Found a best site in 1 sequences.
Computing q-values.
# Computing q-values.
#   Estimating pi_0 from a uniformly sampled set of 2520 p-values.
#   Estimating pi_0.
# Minimal pi_zero = 1.00144
#   Estimated pi_0=1
Using motif +MBNL1_1124 of width 9.
Finding best site passing the output threshold in each of the 60 sequences.
Found a best site in 8 sequences.
Computing q-values.
# Computing q-values.
#   Estimating pi_0 from a uniformly sampled set of 2580 p-values.
#   Estimating pi_0.
# Minimal pi_zero = 0.808416
#   Estimated pi_0=0.808416
Using motif +HNRNPA1_689 of width 6.
Finding best site passing the output threshold in each of the 60 sequences.
Found a best site in 1 sequences.
Computing q-values.
# Computing q-values.
#   Estimating pi_0 from a uniformly sampled set of 2760 p-values.
#   Estimating pi_0.
# Minimal pi_zero = 0.987027
#   Estimated pi_0=0.996961
Using motif +PTBP1_117 of width 5.
Finding best site passing the output threshold in each of the 60 sequences.
Found a best site in 8 sequences.
Computing q-values.
# Computing q-values.
#   Estimating pi_0 from a uniformly sampled set of 2820 p-values.
#   Estimating pi_0.
# Minimal pi_zero = 0.906078
#   Estimated pi_0=0.913969
Using motif +SRSF1_1217 of width 11.
Finding best site passing the output threshold in each of the 60 sequences.
Found a best site in 2 sequences.
Computing q-values.
# Computing q-values.
#   Estimating pi_0 from a uniformly sampled set of 2460 p-values.
#   Estimating pi_0.
# Minimal pi_zero = 0.9848
#   Estimated pi_0=1
Using motif +HNRNPA1_680 of width 6.
Finding best site passing the output threshold in each of the 60 sequences.
Found a best site in 1 sequences.
Computing q-values.
# Computing q-values.
#   Estimating pi_0 from a uniformly sampled set of 2760 p-values.
#   Estimating pi_0.
# Minimal pi_zero = 0.987027
#   Estimated pi_0=1
Using motif +ZFP36_M350_0.6 of width 9.
Finding best site passing the output threshold in each of the 60 sequences.
Found a best site in 1 sequences.
Computing q-values.
# Computing q-values.
#   Estimating pi_0 from a uniformly sampled set of 2580 p-values.
#   Estimating pi_0.
# Minimal pi_zero = 1.0011
#   Estimated pi_0=1
Using motif +NOVA2_564 of width 11.
Finding best site passing the output threshold in each of the 60 sequences.
Found a best site in 2 sequences.
Computing q-values.
# Computing q-values.
#   Estimating pi_0 from a uniformly sampled set of 2460 p-values.
#   Estimating pi_0.
# Minimal pi_zero = 0.902114
#   Estimated pi_0=0.907342
Using motif +ELAVL1_s101 of width 7.
Finding best site passing the output threshold in each of the 60 sequences.
Found a best site in 6 sequences.
Computing q-values.
# Computing q-values.
#   Estimating pi_0 from a uniformly sampled set of 2700 p-values.
#   Estimating pi_0.
# Minimal pi_zero = 0.985224
#   Estimated pi_0=0.986017
Using motif +ELAVL1_M031_0.6 of width 7.
Finding best site passing the output threshold in each of the 60 sequences.
Found a best site in 5 sequences.
Computing q-values.
# Computing q-values.
#   Estimating pi_0 from a uniformly sampled set of 2700 p-values.
#   Estimating pi_0.
# Minimal pi_zero = 0.992292
#   Estimated pi_0=0.992292
Using motif +KHDRBS1_1158 of width 7.
Finding best site passing the output threshold in each of the 60 sequences.
Found a best site in 1 sequences.
Computing q-values.
# Computing q-values.
#   Estimating pi_0 from a uniformly sampled set of 2700 p-values.
#   Estimating pi_0.
# Minimal pi_zero = 0.959577
#   Estimated pi_0=0.959577
Using motif +FUS_1058 of width 7.
Finding best site passing the output threshold in each of the 60 sequences.
Found a best site in 2 sequences.
Computing q-values.
# Computing q-values.
#   Estimating pi_0 from a uniformly sampled set of 2700 p-values.
#   Estimating pi_0.
# Minimal pi_zero = 0.999564
#   Estimated pi_0=0.999814
Using motif +PTBP1_993 of width 8.
Finding best site passing the output threshold in each of the 60 sequences.
Found a best site in 4 sequences.
Computing q-values.
# Computing q-values.
#   Estimating pi_0 from a uniformly sampled set of 2640 p-values.
#   Estimating pi_0.
# Minimal pi_zero = 0.929874
#   Estimated pi_0=0.931949
Using motif +QKI_1138 of width 6.
Finding best site passing the output threshold in each of the 60 sequences.
Found a best site in 2 sequences.
Computing q-values.
# Computing q-values.
#   Estimating pi_0 from a uniformly sampled set of 2760 p-values.
#   Estimating pi_0.
# Minimal pi_zero = 0.990505
#   Estimated pi_0=0.995096
Using motif +HNRNPA1_675 of width 6.
Finding best site passing the output threshold in each of the 60 sequences.
Found a best site in 1 sequences.
Computing q-values.
# Computing q-values.
#   Estimating pi_0 from a uniformly sampled set of 2760 p-values.
#   Estimating pi_0.
# Minimal pi_zero = 0.974787
#   Estimated pi_0=0.975057
Using motif +TARDBP_1281 of width 8.
Finding best site passing the output threshold in each of the 60 sequences.
Found a best site in 2 sequences.
Computing q-values.
# Computing q-values.
#   Estimating pi_0 from a uniformly sampled set of 2640 p-values.
#   Estimating pi_0.
# Minimal pi_zero = 0.956938
#   Estimated pi_0=0.969697
Using motif +MBNL1_1125 of width 9.
Finding best site passing the output threshold in each of the 60 sequences.
Found a best site in 2 sequences.
Computing q-values.
# Computing q-values.
#   Estimating pi_0 from a uniformly sampled set of 2580 p-values.
#   Estimating pi_0.
# Minimal pi_zero = 0.870543
#   Estimated pi_0=0.881111
Using motif +PTBP1_1021 of width 5.
Finding best site passing the output threshold in each of the 60 sequences.
Found a best site in 8 sequences.
Computing q-values.
# Computing q-values.
#   Estimating pi_0 from a uniformly sampled set of 2820 p-values.
#   Estimating pi_0.
# Minimal pi_zero = 0.906078
#   Estimated pi_0=0.913969
Using motif +NOVA1_440 of width 7.
Finding best site passing the output threshold in each of the 60 sequences.
Found a best site in 5 sequences.
Computing q-values.
# Computing q-values.
#   Estimating pi_0 from a uniformly sampled set of 2700 p-values.
#   Estimating pi_0.
# Minimal pi_zero = 0.918757
#   Estimated pi_0=0.924594
Using motif +SRSF1_167 of width 7.
Finding best site passing the output threshold in each of the 60 sequences.
Found a best site in 0 sequences.
Computing q-values.
Using motif +HNRNPA1_639 of width 10.
Finding best site passing the output threshold in each of the 60 sequences.
Found a best site in 1 sequences.
Computing q-values.
# Computing q-values.
#   Estimating pi_0 from a uniformly sampled set of 2520 p-values.
#   Estimating pi_0.
# Minimal pi_zero = 0.952965
#   Estimated pi_0=0.956916
Using motif +HNRNPA2B1_707 of width 11.
Finding best site passing the output threshold in each of the 60 sequences.
Found a best site in 8 sequences.
Computing q-values.
# Computing q-values.
#   Estimating pi_0 from a uniformly sampled set of 2460 p-values.
#   Estimating pi_0.
# Minimal pi_zero = 0.909477
#   Estimated pi_0=0.910202
Using motif +PTBP1_1019 of width 5.
Finding best site passing the output threshold in each of the 60 sequences.
Found a best site in 5 sequences.
Computing q-values.
# Computing q-values.
#   Estimating pi_0 from a uniformly sampled set of 2820 p-values.
#   Estimating pi_0.
# Minimal pi_zero = 0.900113
#   Estimated pi_0=0.900113
Using motif +HNRNPA1_641 of width 6.
Finding best site passing the output threshold in each of the 60 sequences.
Found a best site in 8 sequences.
Computing q-values.
# Computing q-values.
#   Estimating pi_0 from a uniformly sampled set of 2760 p-values.
#   Estimating pi_0.
# Minimal pi_zero = 0.954187
#   Estimated pi_0=0.961646
Using motif +HNRNPA2B1_708 of width 11.
Finding best site passing the output threshold in each of the 60 sequences.
Found a best site in 10 sequences.
Computing q-values.
# Computing q-values.
#   Estimating pi_0 from a uniformly sampled set of 2460 p-values.
#   Estimating pi_0.
# Minimal pi_zero = 0.887097
#   Estimated pi_0=0.889455
Using motif +QKI_1142 of width 6.
Finding best site passing the output threshold in each of the 60 sequences.
Found a best site in 3 sequences.
Computing q-values.
# Computing q-values.
#   Estimating pi_0 from a uniformly sampled set of 2760 p-values.
#   Estimating pi_0.
# Minimal pi_zero = 0.994364
#   Estimated pi_0=0.995193
Using motif +HNRNPA1_684 of width 7.
Finding best site passing the output threshold in each of the 60 sequences.
Found a best site in 3 sequences.
Computing q-values.
# Computing q-values.
#   Estimating pi_0 from a uniformly sampled set of 2700 p-values.
#   Estimating pi_0.
# Minimal pi_zero = 0.791346
#   Estimated pi_0=0.791346
Using motif +PTBP1_999 of width 6.
Finding best site passing the output threshold in each of the 60 sequences.
Found a best site in 3 sequences.
Computing q-values.
# Computing q-values.
#   Estimating pi_0 from a uniformly sampled set of 2760 p-values.
#   Estimating pi_0.
# Minimal pi_zero = 0.950584
#   Estimated pi_0=0.951269
Using motif +SRSF1_1232 of width 7.
Finding best site passing the output threshold in each of the 60 sequences.
Found a best site in 2 sequences.
Computing q-values.
# Computing q-values.
#   Estimating pi_0 from a uniformly sampled set of 2700 p-values.
#   Estimating pi_0.
# Minimal pi_zero = 0.939068
#   Estimated pi_0=0.941966
Using motif +HNRNPA1_655 of width 8.
Finding best site passing the output threshold in each of the 60 sequences.
Found a best site in 2 sequences.
Computing q-values.
# Computing q-values.
#   Estimating pi_0 from a uniformly sampled set of 2640 p-values.
#   Estimating pi_0.
# Minimal pi_zero = 0.995787
#   Estimated pi_0=0.997475
Using motif +NOVA2_s29 of width 7.
Finding best site passing the output threshold in each of the 60 sequences.
Found a best site in 3 sequences.
Computing q-values.
# Computing q-values.
#   Estimating pi_0 from a uniformly sampled set of 2700 p-values.
#   Estimating pi_0.
# Minimal pi_zero = 0.970971
#   Estimated pi_0=0.975152
Using motif +TARDBP_1276 of width 7.
Finding best site passing the output threshold in each of the 60 sequences.
Found a best site in 2 sequences.
Computing q-values.
# Computing q-values.
#   Estimating pi_0 from a uniformly sampled set of 2700 p-values.
#   Estimating pi_0.
# Minimal pi_zero = 0.933819
#   Estimated pi_0=0.939476
Using motif +HNRNPA1_678 of width 6.
Finding best site passing the output threshold in each of the 60 sequences.
Found a best site in 2 sequences.
Computing q-values.
# Computing q-values.
#   Estimating pi_0 from a uniformly sampled set of 2760 p-values.
#   Estimating pi_0.
# Minimal pi_zero = 0.979442
#   Estimated pi_0=0.980415
Using motif +PTBP1_105 of width 8.
Finding best site passing the output threshold in each of the 60 sequences.
Found a best site in 3 sequences.
Computing q-values.
# Computing q-values.
#   Estimating pi_0 from a uniformly sampled set of 2640 p-values.
#   Estimating pi_0.
# Minimal pi_zero = 0.872518
#   Estimated pi_0=0.872831
Using motif +HNRNPA2B1_125 of width 11.
Finding best site passing the output threshold in each of the 60 sequences.
Found a best site in 10 sequences.
Computing q-values.
# Computing q-values.
#   Estimating pi_0 from a uniformly sampled set of 2460 p-values.
#   Estimating pi_0.
# Minimal pi_zero = 0.887097
#   Estimated pi_0=0.889455
Using motif +TARDBP_M074_0.6 of width 8.
Finding best site passing the output threshold in each of the 60 sequences.
Found a best site in 2 sequences.
Computing q-values.
# Computing q-values.
#   Estimating pi_0 from a uniformly sampled set of 2640 p-values.
#   Estimating pi_0.
# Minimal pi_zero = 1.00033
#   Estimated pi_0=1
Using motif +NOVA2_s28 of width 6.
Finding best site passing the output threshold in each of the 60 sequences.
Found a best site in 6 sequences.
Computing q-values.
# Computing q-values.
#   Estimating pi_0 from a uniformly sampled set of 2760 p-values.
#   Estimating pi_0.
# Minimal pi_zero = 0.944099
#   Estimated pi_0=0.94617
Using motif +PTBP1_1025 of width 6.
Finding best site passing the output threshold in each of the 60 sequences.
Found a best site in 3 sequences.
Computing q-values.
# Computing q-values.
#   Estimating pi_0 from a uniformly sampled set of 2760 p-values.
#   Estimating pi_0.
# Minimal pi_zero = 0.907591
#   Estimated pi_0=0.910628
Using motif +HNRNPA1_691 of width 6.
Finding best site passing the output threshold in each of the 60 sequences.
Found a best site in 1 sequences.
Computing q-values.
# Computing q-values.
#   Estimating pi_0 from a uniformly sampled set of 2760 p-values.
#   Estimating pi_0.
# Minimal pi_zero = 0.976792
#   Estimated pi_0=0.986244
Using motif +ELAVL1_1106 of width 7.
Finding best site passing the output threshold in each of the 60 sequences.
Found a best site in 1 sequences.
Computing q-values.
# Computing q-values.
#   Estimating pi_0 from a uniformly sampled set of 2700 p-values.
#   Estimating pi_0.
# Minimal pi_zero = 0.959577
#   Estimated pi_0=0.959577
Using motif +HNRNPA1_687 of width 10.
Finding best site passing the output threshold in each of the 60 sequences.
Found a best site in 3 sequences.
Computing q-values.
# Computing q-values.
#   Estimating pi_0 from a uniformly sampled set of 2520 p-values.
#   Estimating pi_0.
# Minimal pi_zero = 0.986991
#   Estimated pi_0=0.992063
Using motif +NUDT21_499 of width 4.
Finding best site passing the output threshold in each of the 60 sequences.
Found a best site in 0 sequences.
Computing q-values.
Using motif +QKI_1141 of width 6.
Finding best site passing the output threshold in each of the 60 sequences.
Found a best site in 2 sequences.
Computing q-values.
# Computing q-values.
#   Estimating pi_0 from a uniformly sampled set of 2760 p-values.
#   Estimating pi_0.
# Minimal pi_zero = 0.976508
#   Estimated pi_0=0.996377
Using motif +HNRNPA1_686 of width 7.
Finding best site passing the output threshold in each of the 60 sequences.
Found a best site in 1 sequences.
Computing q-values.
# Computing q-values.
#   Estimating pi_0 from a uniformly sampled set of 2700 p-values.
#   Estimating pi_0.
# Minimal pi_zero = 0.959577
#   Estimated pi_0=0.959577
Using motif +HNRNPA1_685 of width 7.
Finding best site passing the output threshold in each of the 60 sequences.
Found a best site in 2 sequences.
Computing q-values.
# Computing q-values.
#   Estimating pi_0 from a uniformly sampled set of 2700 p-values.
#   Estimating pi_0.
# Minimal pi_zero = 0.999564
#   Estimated pi_0=0.999814
Using motif +SRSF1_M102_0.6 of width 7.
Finding best site passing the output threshold in each of the 60 sequences.
Found a best site in 5 sequences.
Computing q-values.
# Computing q-values.
#   Estimating pi_0 from a uniformly sampled set of 2700 p-values.
#   Estimating pi_0.
# Minimal pi_zero = 0.984725
#   Estimated pi_0=0.98646
Using motif +FUS_s31 of width 6.
Finding best site passing the output threshold in each of the 60 sequences.
Found a best site in 5 sequences.
Computing q-values.
# Computing q-values.
#   Estimating pi_0 from a uniformly sampled set of 2760 p-values.
#   Estimating pi_0.
# Minimal pi_zero = 0.978457
#   Estimated pi_0=0.979032
Using motif +SRSF1_1219 of width 6.
Finding best site passing the output threshold in each of the 60 sequences.
Found a best site in 3 sequences.
Computing q-values.
# Computing q-values.
#   Estimating pi_0 from a uniformly sampled set of 2760 p-values.
#   Estimating pi_0.
# Minimal pi_zero = 0.960424
#   Estimated pi_0=0.962455
Using motif +NOVA1_1132 of width 5.
Finding best site passing the output threshold in each of the 60 sequences.
Found a best site in 0 sequences.
Computing q-values.
Using motif +SRSF1_1213 of width 9.
Finding best site passing the output threshold in each of the 60 sequences.
Found a best site in 3 sequences.
Computing q-values.
# Computing q-values.
#   Estimating pi_0 from a uniformly sampled set of 2580 p-values.
#   Estimating pi_0.
# Minimal pi_zero = 0.981051
#   Estimated pi_0=0.986395
Using motif +HNRNPA2B1_711 of width 6.
Finding best site passing the output threshold in each of the 60 sequences.
Found a best site in 2 sequences.
Computing q-values.
# Computing q-values.
#   Estimating pi_0 from a uniformly sampled set of 2760 p-values.
#   Estimating pi_0.
# Minimal pi_zero = 0.977771
#   Estimated pi_0=0.980415
Using motif +HNRNPA1_640 of width 10.
Finding best site passing the output threshold in each of the 60 sequences.
Found a best site in 5 sequences.
Computing q-values.
# Computing q-values.
#   Estimating pi_0 from a uniformly sampled set of 2520 p-values.
#   Estimating pi_0.
# Minimal pi_zero = 0.976484
#   Estimated pi_0=0.98793
Using motif +PTBP1_143 of width 5.
Finding best site passing the output threshold in each of the 60 sequences.
Found a best site in 5 sequences.
Computing q-values.
# Computing q-values.
#   Estimating pi_0 from a uniformly sampled set of 2820 p-values.
#   Estimating pi_0.
# Minimal pi_zero = 0.936257
#   Estimated pi_0=0.94202
Using motif +HNRNPA1_676 of width 6.
Finding best site passing the output threshold in each of the 60 sequences.
Found a best site in 1 sequences.
Computing q-values.
# Computing q-values.
#   Estimating pi_0 from a uniformly sampled set of 2760 p-values.
#   Estimating pi_0.
# Minimal pi_zero = 0.997919
#   Estimated pi_0=1
Using motif +PTBP1_1011 of width 11.
Finding best site passing the output threshold in each of the 60 sequences.
Found a best site in 6 sequences.
Computing q-values.
# Computing q-values.
#   Estimating pi_0 from a uniformly sampled set of 2460 p-values.
#   Estimating pi_0.
# Minimal pi_zero = 0.923442
#   Estimated pi_0=0.930993
Using motif +PTBP1_1000 of width 6.
Finding best site passing the output threshold in each of the 60 sequences.
Found a best site in 1 sequences.
Computing q-values.
# Computing q-values.
#   Estimating pi_0 from a uniformly sampled set of 2760 p-values.
#   Estimating pi_0.
# Minimal pi_zero = 0.924038
#   Estimated pi_0=0.927536
Using motif +ZFP36_109 of width 9.
Finding best site passing the output threshold in each of the 60 sequences.
Found a best site in 1 sequences.
Computing q-values.
# Computing q-values.
#   Estimating pi_0 from a uniformly sampled set of 2580 p-values.
#   Estimating pi_0.
# Minimal pi_zero = 0.988159
#   Estimated pi_0=0.992646
Using motif +QKI_M046_0.6 of width 7.
Finding best site passing the output threshold in each of the 60 sequences.
Found a best site in 16 sequences.
Computing q-values.
# Computing q-values.
#   Estimating pi_0 from a uniformly sampled set of 2700 p-values.
#   Estimating pi_0.
# Minimal pi_zero = 0.988777
#   Estimated pi_0=0.99088
Using motif +NOVA1_1128 of width 7.
Finding best site passing the output threshold in each of the 60 sequences.
Found a best site in 7 sequences.
Computing q-values.
# Computing q-values.
#   Estimating pi_0 from a uniformly sampled set of 2700 p-values.
#   Estimating pi_0.
# Minimal pi_zero = 0.921922
#   Estimated pi_0=0.929671
Using motif +HNRNPA1_M022_0.6 of width 7.
Finding best site passing the output threshold in each of the 60 sequences.
Found a best site in 1 sequences.
Computing q-values.
# Computing q-values.
#   Estimating pi_0 from a uniformly sampled set of 2700 p-values.
#   Estimating pi_0.
# Minimal pi_zero = 0.999393
#   Estimated pi_0=1
Using motif +HNRNPA2B1_709 of width 6.
Finding best site passing the output threshold in each of the 60 sequences.
Found a best site in 0 sequences.
Computing q-values.
Using motif +SRSF1_1235 of width 7.
Finding best site passing the output threshold in each of the 60 sequences.
Found a best site in 6 sequences.
Computing q-values.
# Computing q-values.
#   Estimating pi_0 from a uniformly sampled set of 2700 p-values.
#   Estimating pi_0.
# Minimal pi_zero = 0.96356
#   Estimated pi_0=0.973309
Using motif +TARDBP_1283 of width 12.
Finding best site passing the output threshold in each of the 60 sequences.
Found a best site in 1 sequences.
Computing q-values.
# Computing q-values.
#   Estimating pi_0 from a uniformly sampled set of 2400 p-values.
#   Estimating pi_0.
# Minimal pi_zero = 0.961433
#   Estimated pi_0=0.972067
Using motif +SRSF1_M154_0.6 of width 7.
Finding best site passing the output threshold in each of the 60 sequences.
Found a best site in 5 sequences.
Computing q-values.
# Computing q-values.
#   Estimating pi_0 from a uniformly sampled set of 2700 p-values.
#   Estimating pi_0.
# Minimal pi_zero = 0.959259
#   Estimated pi_0=0.959828
Using motif +HNRNPA1_682 of width 6.
Finding best site passing the output threshold in each of the 60 sequences.
Found a best site in 1 sequences.
Computing q-values.
# Computing q-values.
#   Estimating pi_0 from a uniformly sampled set of 2760 p-values.
#   Estimating pi_0.
# Minimal pi_zero = 0.987027
#   Estimated pi_0=0.996961
Using motif +PTBP1_1024 of width 9.
Finding best site passing the output threshold in each of the 60 sequences.
Found a best site in 8 sequences.
Computing q-values.
# Computing q-values.
#   Estimating pi_0 from a uniformly sampled set of 2580 p-values.
#   Estimating pi_0.
# Minimal pi_zero = 0.885716
#   Estimated pi_0=0.885716
Using motif +HNRNPA1_693 of width 10.
Finding best site passing the output threshold in each of the 60 sequences.
Found a best site in 4 sequences.
Computing q-values.
# Computing q-values.
#   Estimating pi_0 from a uniformly sampled set of 2520 p-values.
#   Estimating pi_0.
# Minimal pi_zero = 0.966921
#   Estimated pi_0=0.976555
Using motif +SRSF1_40 of width 6.
Finding best site passing the output threshold in each of the 60 sequences.
Found a best site in 1 sequences.
Computing q-values.
# Computing q-values.
#   Estimating pi_0 from a uniformly sampled set of 2760 p-values.
#   Estimating pi_0.
# Minimal pi_zero = 0.991324
#   Estimated pi_0=0.996101
Using motif +QKI_83 of width 12.
Finding best site passing the output threshold in each of the 60 sequences.
Found a best site in 0 sequences.
Computing q-values.
Using motif +HNRNPA1_677 of width 6.
Finding best site passing the output threshold in each of the 60 sequences.
Found a best site in 0 sequences.
Computing q-values.
Using motif +SRSF1_17 of width 7.
Finding best site passing the output threshold in each of the 60 sequences.
Found a best site in 2 sequences.
Computing q-values.
# Computing q-values.
#   Estimating pi_0 from a uniformly sampled set of 2700 p-values.
#   Estimating pi_0.
# Minimal pi_zero = 0.905751
#   Estimated pi_0=0.92133
Using motif +HNRNPA1_s32 of width 6.
Finding best site passing the output threshold in each of the 60 sequences.
Found a best site in 3 sequences.
Computing q-values.
# Computing q-values.
#   Estimating pi_0 from a uniformly sampled set of 2760 p-values.
#   Estimating pi_0.
# Minimal pi_zero = 0.9929
#   Estimated pi_0=0.9929
Using motif +SRSF1_1237 of width 7.
Finding best site passing the output threshold in each of the 60 sequences.
Found a best site in 3 sequences.
Computing q-values.
# Computing q-values.
#   Estimating pi_0 from a uniformly sampled set of 2700 p-values.
#   Estimating pi_0.
# Minimal pi_zero = 0.907071
#   Estimated pi_0=0.910415
Using motif +PTBP1_59 of width 5.
Finding best site passing the output threshold in each of the 60 sequences.
Found a best site in 0 sequences.
Computing q-values.
Using motif +QKI_3 of width 6.
Finding best site passing the output threshold in each of the 60 sequences.
Found a best site in 15 sequences.
Computing q-values.
# Computing q-values.
#   Estimating pi_0 from a uniformly sampled set of 2760 p-values.
#   Estimating pi_0.
# Minimal pi_zero = 0.949123
#   Estimated pi_0=0.955339
Using motif +PTBP1_25 of width 9.
Finding best site passing the output threshold in each of the 60 sequences.
Found a best site in 8 sequences.
Computing q-values.
# Computing q-values.
#   Estimating pi_0 from a uniformly sampled set of 2580 p-values.
#   Estimating pi_0.
# Minimal pi_zero = 0.885716
#   Estimated pi_0=0.89254
Using motif +HNRNPA1_72 of width 6.
Finding best site passing the output threshold in each of the 60 sequences.
Found a best site in 1 sequences.
Computing q-values.
# Computing q-values.
#   Estimating pi_0 from a uniformly sampled set of 2760 p-values.
#   Estimating pi_0.
# Minimal pi_zero = 0.991171
#   Estimated pi_0=0.995828
Using motif +SRSF1_1212 of width 8.
Finding best site passing the output threshold in each of the 60 sequences.
Found a best site in 9 sequences.
Computing q-values.
# Computing q-values.
#   Estimating pi_0 from a uniformly sampled set of 2640 p-values.
#   Estimating pi_0.
# Minimal pi_zero = 0.952315
#   Estimated pi_0=0.952975
Using motif +PTBP1_1003 of width 7.
Finding best site passing the output threshold in each of the 60 sequences.
Found a best site in 4 sequences.
Computing q-values.
# Computing q-values.
#   Estimating pi_0 from a uniformly sampled set of 2700 p-values.
#   Estimating pi_0.
# Minimal pi_zero = 0.882318
#   Estimated pi_0=0.893827
Using motif +HNRNPA1_52 of width 11.
Finding best site passing the output threshold in each of the 60 sequences.
Found a best site in 10 sequences.
Computing q-values.
# Computing q-values.
#   Estimating pi_0 from a uniformly sampled set of 2460 p-values.
#   Estimating pi_0.
# Minimal pi_zero = 0.887097
#   Estimated pi_0=0.889455
Using motif +ELAVL1_164 of width 12.
Finding best site passing the output threshold in each of the 60 sequences.
Found a best site in 0 sequences.
Computing q-values.
Using motif +PTBP1_136 of width 5.
Finding best site passing the output threshold in each of the 60 sequences.
Found a best site in 5 sequences.
Computing q-values.
# Computing q-values.
#   Estimating pi_0 from a uniformly sampled set of 2820 p-values.
#   Estimating pi_0.
# Minimal pi_zero = 0.900113
#   Estimated pi_0=0.900113
Using motif +SRSF1_1239 of width 9.
Finding best site passing the output threshold in each of the 60 sequences.
Found a best site in 3 sequences.
Computing q-values.
# Computing q-values.
#   Estimating pi_0 from a uniformly sampled set of 2580 p-values.
#   Estimating pi_0.
# Minimal pi_zero = 0.995332
#   Estimated pi_0=0.999572
Using motif +MBNL1_1126 of width 10.
Finding best site passing the output threshold in each of the 60 sequences.
Found a best site in 4 sequences.
Computing q-values.
# Computing q-values.
#   Estimating pi_0 from a uniformly sampled set of 2520 p-values.
#   Estimating pi_0.
# Minimal pi_zero = 0.872222
#   Estimated pi_0=0.880503
Using motif +ELAVL1_1107 of width 7.
Finding best site passing the output threshold in each of the 60 sequences.
Found a best site in 3 sequences.
Computing q-values.
# Computing q-values.
#   Estimating pi_0 from a uniformly sampled set of 2700 p-values.
#   Estimating pi_0.
# Minimal pi_zero = 0.791346
#   Estimated pi_0=0.791346
Using motif +PTBP1_s80 of width 7.
Finding best site passing the output threshold in each of the 60 sequences.
Found a best site in 3 sequences.
Computing q-values.
# Computing q-values.
#   Estimating pi_0 from a uniformly sampled set of 2700 p-values.
#   Estimating pi_0.
# Minimal pi_zero = 0.93526
#   Estimated pi_0=0.93526
Using motif +KHDRBS1_1159 of width 7.
Finding best site passing the output threshold in each of the 60 sequences.
Found a best site in 1 sequences.
Computing q-values.
# Computing q-values.
#   Estimating pi_0 from a uniformly sampled set of 2700 p-values.
#   Estimating pi_0.
# Minimal pi_zero = 0.959577
#   Estimated pi_0=0.959577
Using motif +HNRNPA1_650 of width 5.
Finding best site passing the output threshold in each of the 60 sequences.
Found a best site in 0 sequences.
Computing q-values.
Using motif +HNRNPA1_649 of width 10.
Finding best site passing the output threshold in each of the 60 sequences.
Found a best site in 5 sequences.
Computing q-values.
# Computing q-values.
#   Estimating pi_0 from a uniformly sampled set of 2520 p-values.
#   Estimating pi_0.
# Minimal pi_zero = 0.976484
#   Estimated pi_0=0.983758
Using motif +PTBP1_1020 of width 5.
Finding best site passing the output threshold in each of the 60 sequences.
Found a best site in 0 sequences.
Computing q-values.
Using motif +PTBP1_489 of width 4.
Finding best site passing the output threshold in each of the 60 sequences.
Found a best site in 0 sequences.
Computing q-values.
Using motif +HNRNPA1_694 of width 6.
Finding best site passing the output threshold in each of the 60 sequences.
Found a best site in 0 sequences.
Computing q-values.
Using motif +HNRNPA1_661 of width 5.
Finding best site passing the output threshold in each of the 60 sequences.
Found a best site in 0 sequences.
Computing q-values.
Using motif +TARDBP_1278 of width 7.
Finding best site passing the output threshold in each of the 60 sequences.
Found a best site in 4 sequences.
Computing q-values.
# Computing q-values.
#   Estimating pi_0 from a uniformly sampled set of 2700 p-values.
#   Estimating pi_0.
# Minimal pi_zero = 0.916591
#   Estimated pi_0=0.916591
Using motif +HNRNPA1_673 of width 7.
Finding best site passing the output threshold in each of the 60 sequences.
Found a best site in 4 sequences.
Computing q-values.
# Computing q-values.
#   Estimating pi_0 from a uniformly sampled set of 2700 p-values.
#   Estimating pi_0.
# Minimal pi_zero = 0.995252
#   Estimated pi_0=1
Using motif +HNRNPA2B1_701 of width 6.
Finding best site passing the output threshold in each of the 60 sequences.
Found a best site in 1 sequences.
Computing q-values.
# Computing q-values.
#   Estimating pi_0 from a uniformly sampled set of 2760 p-values.
#   Estimating pi_0.
# Minimal pi_zero = 0.997919
#   Estimated pi_0=1
Using motif +NOVA1_1129 of width 7.
Finding best site passing the output threshold in each of the 60 sequences.
Found a best site in 1 sequences.
Computing q-values.
# Computing q-values.
#   Estimating pi_0 from a uniformly sampled set of 2700 p-values.
#   Estimating pi_0.
# Minimal pi_zero = 0.959577
#   Estimated pi_0=0.959577
Using motif +QKI_70 of width 12.
Finding best site passing the output threshold in each of the 60 sequences.
Found a best site in 0 sequences.
Computing q-values.
Using motif +ELAVL1_M127_0.6 of width 7.
Finding best site passing the output threshold in each of the 60 sequences.
Found a best site in 4 sequences.
Computing q-values.
# Computing q-values.
#   Estimating pi_0 from a uniformly sampled set of 2700 p-values.
#   Estimating pi_0.
# Minimal pi_zero = 0.996633
#   Estimated pi_0=0.996836
Using motif +PTBP1_s100 of width 7.
Finding best site passing the output threshold in each of the 60 sequences.
Found a best site in 5 sequences.
Computing q-values.
# Computing q-values.
#   Estimating pi_0 from a uniformly sampled set of 2700 p-values.
#   Estimating pi_0.
# Minimal pi_zero = 0.933613
#   Estimated pi_0=0.939276
Using motif +SRSF1_1222 of width 6.
Finding best site passing the output threshold in each of the 60 sequences.
Found a best site in 2 sequences.
Computing q-values.
# Computing q-values.
#   Estimating pi_0 from a uniformly sampled set of 2760 p-values.
#   Estimating pi_0.
# Minimal pi_zero = 0.961843
#   Estimated pi_0=0.969264
Using motif +SRSF1_1214 of width 10.
Finding best site passing the output threshold in each of the 60 sequences.
Found a best site in 5 sequences.
Computing q-values.
# Computing q-values.
#   Estimating pi_0 from a uniformly sampled set of 2520 p-values.
#   Estimating pi_0.
# Minimal pi_zero = 0.95532
#   Estimated pi_0=0.958767
Using motif +SRSF1_1223 of width 7.
Finding best site passing the output threshold in each of the 60 sequences.
Found a best site in 2 sequences.
Computing q-values.
# Computing q-values.
#   Estimating pi_0 from a uniformly sampled set of 2700 p-values.
#   Estimating pi_0.
# Minimal pi_zero = 0.952123
#   Estimated pi_0=0.959766
Using motif +PTBP1_100 of width 10.
Finding best site passing the output threshold in each of the 60 sequences.
Found a best site in 6 sequences.
Computing q-values.
# Computing q-values.
#   Estimating pi_0 from a uniformly sampled set of 2520 p-values.
#   Estimating pi_0.
# Minimal pi_zero = 0.911548
#   Estimated pi_0=0.914668
Using motif +NOVA1_99 of width 4.
Finding best site passing the output threshold in each of the 60 sequences.
Found a best site in 0 sequences.
Computing q-values.
Using motif +ZFP36_38 of width 5.
Finding best site passing the output threshold in each of the 60 sequences.
Found a best site in 0 sequences.
Computing q-values.
Using motif +PTBP1_380 of width 6.
Finding best site passing the output threshold in each of the 60 sequences.
Found a best site in 3 sequences.
Computing q-values.
# Computing q-values.
#   Estimating pi_0 from a uniformly sampled set of 2760 p-values.
#   Estimating pi_0.
# Minimal pi_zero = 0.907591
#   Estimated pi_0=0.910628
Using motif +SRSF1_1226 of width 12.
Finding best site passing the output threshold in each of the 60 sequences.
Found a best site in 6 sequences.
Computing q-values.
# Computing q-values.
#   Estimating pi_0 from a uniformly sampled set of 2400 p-values.
#   Estimating pi_0.
# Minimal pi_zero = 0.96653
#   Estimated pi_0=0.98057
Using motif +SRSF1_1224 of width 7.
Finding best site passing the output threshold in each of the 60 sequences.
Found a best site in 10 sequences.
Computing q-values.
# Computing q-values.
#   Estimating pi_0 from a uniformly sampled set of 2700 p-values.
#   Estimating pi_0.
# Minimal pi_zero = 0.936465
#   Estimated pi_0=0.945767
Using motif +SRSF1_s60 of width 8.
Finding best site passing the output threshold in each of the 60 sequences.
Found a best site in 1 sequences.
Computing q-values.
# Computing q-values.
#   Estimating pi_0 from a uniformly sampled set of 2640 p-values.
#   Estimating pi_0.
# Minimal pi_zero = 0.989496
#   Estimated pi_0=0.992781
Using motif +QKI_1140 of width 5.
Finding best site passing the output threshold in each of the 60 sequences.
Found a best site in 0 sequences.
Computing q-values.
Using motif +HNRNPA1_1342 of width 5.
Finding best site passing the output threshold in each of the 60 sequences.
Found a best site in 1 sequences.
Computing q-values.
# Computing q-values.
#   Estimating pi_0 from a uniformly sampled set of 2820 p-values.
#   Estimating pi_0.
# Minimal pi_zero = 0.969572
#   Estimated pi_0=0.980459
Using motif +SRSF1_325 of width 7.
Finding best site passing the output threshold in each of the 60 sequences.
Found a best site in 4 sequences.
Computing q-values.
# Computing q-values.
#   Estimating pi_0 from a uniformly sampled set of 2700 p-values.
#   Estimating pi_0.
# Minimal pi_zero = 0.982167
#   Estimated pi_0=0.992672
Using motif +SRSF1_1362 of width 9.
Finding best site passing the output threshold in each of the 60 sequences.
Found a best site in 2 sequences.
Computing q-values.
# Computing q-values.
#   Estimating pi_0 from a uniformly sampled set of 2580 p-values.
#   Estimating pi_0.
# Minimal pi_zero = 0.979328
#   Estimated pi_0=0.985092
Using motif +PTBP1_1379 of width 10.
Finding best site passing the output threshold in each of the 60 sequences.
Found a best site in 3 sequences.
Computing q-values.
# Computing q-values.
#   Estimating pi_0 from a uniformly sampled set of 2520 p-values.
#   Estimating pi_0.
# Minimal pi_zero = 0.952381
#   Estimated pi_0=0.966602
Using motif +HNRNPA1_1305 of width 6.
Finding best site passing the output threshold in each of the 60 sequences.
Found a best site in 1 sequences.
Computing q-values.
# Computing q-values.
#   Estimating pi_0 from a uniformly sampled set of 2760 p-values.
#   Estimating pi_0.
# Minimal pi_zero = 0.987027
#   Estimated pi_0=1
Using motif +SRSF1_1351 of width 9.
Finding best site passing the output threshold in each of the 60 sequences.
Found a best site in 3 sequences.
Computing q-values.
# Computing q-values.
#   Estimating pi_0 from a uniformly sampled set of 2580 p-values.
#   Estimating pi_0.
# Minimal pi_zero = 0.973577
#   Estimated pi_0=0.976984
Using motif +HNRNPA1_1358 of width 6.
Finding best site passing the output threshold in each of the 60 sequences.
Found a best site in 1 sequences.
Computing q-values.
# Computing q-values.
#   Estimating pi_0 from a uniformly sampled set of 2760 p-values.
#   Estimating pi_0.
# Minimal pi_zero = 0.974552
#   Estimated pi_0=0.991651
Using motif +PTBP1_1314 of width 9.
Finding best site passing the output threshold in each of the 60 sequences.
Found a best site in 7 sequences.
Computing q-values.
# Computing q-values.
#   Estimating pi_0 from a uniformly sampled set of 2580 p-values.
#   Estimating pi_0.
# Minimal pi_zero = 0.801521
#   Estimated pi_0=0.805775
Using motif +SRSF1_1388 of width 7.
Finding best site passing the output threshold in each of the 60 sequences.
Found a best site in 3 sequences.
Computing q-values.
# Computing q-values.
#   Estimating pi_0 from a uniformly sampled set of 2700 p-values.
#   Estimating pi_0.
# Minimal pi_zero = 0.948677
#   Estimated pi_0=0.953031
Using motif +SRSF1_1367 of width 7.
Finding best site passing the output threshold in each of the 60 sequences.
Found a best site in 4 sequences.
Computing q-values.
# Computing q-values.
#   Estimating pi_0 from a uniformly sampled set of 2700 p-values.
#   Estimating pi_0.
# Minimal pi_zero = 0.972369
#   Estimated pi_0=0.98071
Using motif +SRSF1_1385 of width 7.
Finding best site passing the output threshold in each of the 60 sequences.
Found a best site in 6 sequences.
Computing q-values.
# Computing q-values.
#   Estimating pi_0 from a uniformly sampled set of 2700 p-values.
#   Estimating pi_0.
# Minimal pi_zero = 0.975378
#   Estimated pi_0=0.975378
Using motif +SRSF1_1336 of width 10.
Finding best site passing the output threshold in each of the 60 sequences.
Found a best site in 10 sequences.
Computing q-values.
# Computing q-values.
#   Estimating pi_0 from a uniformly sampled set of 2520 p-values.
#   Estimating pi_0.
# Minimal pi_zero = 0.96644
#   Estimated pi_0=0.970155
Using motif +PTBP1_1381 of width 10.
Finding best site passing the output threshold in each of the 60 sequences.
Found a best site in 4 sequences.
Computing q-values.
# Computing q-values.
#   Estimating pi_0 from a uniformly sampled set of 2520 p-values.
#   Estimating pi_0.
# Minimal pi_zero = 0.830159
#   Estimated pi_0=0.838477
Using motif +SRSF1_1345 of width 7.
Finding best site passing the output threshold in each of the 60 sequences.
Found a best site in 1 sequences.
Computing q-values.
# Computing q-values.
#   Estimating pi_0 from a uniformly sampled set of 2700 p-values.
#   Estimating pi_0.
# Minimal pi_zero = 0.949112
#   Estimated pi_0=0.965577
Using motif +HNRNPA1_1304 of width 5.
Finding best site passing the output threshold in each of the 60 sequences.
Found a best site in 5 sequences.
Computing q-values.
# Computing q-values.
#   Estimating pi_0 from a uniformly sampled set of 2820 p-values.
#   Estimating pi_0.
# Minimal pi_zero = 0.957679
#   Estimated pi_0=0.970745
Using motif +SRSF1_1324 of width 7.
Finding best site passing the output threshold in each of the 60 sequences.
Found a best site in 5 sequences.
Computing q-values.
# Computing q-values.
#   Estimating pi_0 from a uniformly sampled set of 2700 p-values.
#   Estimating pi_0.
# Minimal pi_zero = 0.953003
#   Estimated pi_0=0.961632
Using motif +SRSF1_1327 of width 9.
Finding best site passing the output threshold in each of the 60 sequences.
Found a best site in 2 sequences.
Computing q-values.
# Computing q-values.
#   Estimating pi_0 from a uniformly sampled set of 2580 p-values.
#   Estimating pi_0.
# Minimal pi_zero = 0.986801
#   Estimated pi_0=0.986801
Using motif +SRSF1_1335 of width 7.
Finding best site passing the output threshold in each of the 60 sequences.
Found a best site in 5 sequences.
Computing q-values.
# Computing q-values.
#   Estimating pi_0 from a uniformly sampled set of 2700 p-values.
#   Estimating pi_0.
# Minimal pi_zero = 0.901801
#   Estimated pi_0=0.909979
Using motif +HNRNPA1_1306 of width 10.
Finding best site passing the output threshold in each of the 60 sequences.
Found a best site in 10 sequences.
Computing q-values.
# Computing q-values.
#   Estimating pi_0 from a uniformly sampled set of 2520 p-values.
#   Estimating pi_0.
# Minimal pi_zero = 0.96644
#   Estimated pi_0=0.970155
Using motif +PTBP1_1341 of width 7.
Finding best site passing the output threshold in each of the 60 sequences.
Found a best site in 3 sequences.
Computing q-values.
# Computing q-values.
#   Estimating pi_0 from a uniformly sampled set of 2700 p-values.
#   Estimating pi_0.
# Minimal pi_zero = 0.93526
#   Estimated pi_0=0.945185
Using motif +SRSF1_1349 of width 6.
Finding best site passing the output threshold in each of the 60 sequences.
Found a best site in 3 sequences.
Computing q-values.
# Computing q-values.
#   Estimating pi_0 from a uniformly sampled set of 2760 p-values.
#   Estimating pi_0.
# Minimal pi_zero = 0.955738
#   Estimated pi_0=0.955738
Using motif +NOVA1_1378 of width 8.
Finding best site passing the output threshold in each of the 60 sequences.
Found a best site in 4 sequences.
Computing q-values.
# Computing q-values.
#   Estimating pi_0 from a uniformly sampled set of 2640 p-values.
#   Estimating pi_0.
# Minimal pi_zero = 0.909091
#   Estimated pi_0=0.918079
Using motif +HNRNPA1_1346 of width 10.
Finding best site passing the output threshold in each of the 60 sequences.
Found a best site in 5 sequences.
Computing q-values.
# Computing q-values.
#   Estimating pi_0 from a uniformly sampled set of 2520 p-values.
#   Estimating pi_0.
# Minimal pi_zero = 0.976484
#   Estimated pi_0=0.983853
Using motif +SRSF1_1376 of width 12.
Finding best site passing the output threshold in each of the 60 sequences.
Found a best site in 3 sequences.
Computing q-values.
# Computing q-values.
#   Estimating pi_0 from a uniformly sampled set of 2400 p-values.
#   Estimating pi_0.
# Minimal pi_zero = 0.999136
#   Estimated pi_0=1
Using motif +PTBP1_1398 of width 6.
Finding best site passing the output threshold in each of the 60 sequences.
Found a best site in 3 sequences.
Computing q-values.
# Computing q-values.
#   Estimating pi_0 from a uniformly sampled set of 2760 p-values.
#   Estimating pi_0.
# Minimal pi_zero = 0.940897
#   Estimated pi_0=0.944444
Using motif +SRSF1_1390 of width 9.
Finding best site passing the output threshold in each of the 60 sequences.
Found a best site in 3 sequences.
Computing q-values.
# Computing q-values.
#   Estimating pi_0 from a uniformly sampled set of 2580 p-values.
#   Estimating pi_0.
# Minimal pi_zero = 0.981051
#   Estimated pi_0=0.986395
Using motif +SRSF1_1312 of width 8.
Finding best site passing the output threshold in each of the 60 sequences.
Found a best site in 4 sequences.
Computing q-values.
# Computing q-values.
#   Estimating pi_0 from a uniformly sampled set of 2640 p-values.
#   Estimating pi_0.
# Minimal pi_zero = 0.963004
#   Estimated pi_0=0.963004
Using motif +SRSF1_1319 of width 9.
Finding best site passing the output threshold in each of the 60 sequences.
Found a best site in 5 sequences.
Computing q-values.
# Computing q-values.
#   Estimating pi_0 from a uniformly sampled set of 2580 p-values.
#   Estimating pi_0.
# Minimal pi_zero = 0.957888
#   Estimated pi_0=0.957888
Using motif +SRSF1_1393 of width 7.
Finding best site passing the output threshold in each of the 60 sequences.
Found a best site in 3 sequences.
Computing q-values.
# Computing q-values.
#   Estimating pi_0 from a uniformly sampled set of 2700 p-values.
#   Estimating pi_0.
# Minimal pi_zero = 0.888148
#   Estimated pi_0=0.889608
Using motif +SRSF1_1364 of width 7.
Finding best site passing the output threshold in each of the 60 sequences.
Found a best site in 4 sequences.
Computing q-values.
# Computing q-values.
#   Estimating pi_0 from a uniformly sampled set of 2700 p-values.
#   Estimating pi_0.
# Minimal pi_zero = 0.947046
#   Estimated pi_0=0.959436
Using motif +PTBP1_1368 of width 8.
Finding best site passing the output threshold in each of the 60 sequences.
Found a best site in 7 sequences.
Computing q-values.
# Computing q-values.
#   Estimating pi_0 from a uniformly sampled set of 2640 p-values.
#   Estimating pi_0.
# Minimal pi_zero = 0.897794
#   Estimated pi_0=0.897794
Using motif +PTBP2_1317 of width 5.
Finding best site passing the output threshold in each of the 60 sequences.
Found a best site in 3 sequences.
Computing q-values.
# Computing q-values.
#   Estimating pi_0 from a uniformly sampled set of 2820 p-values.
#   Estimating pi_0.
# Minimal pi_zero = 0.883011
#   Estimated pi_0=0.887434
Using motif +SRSF1_1353 of width 9.
Finding best site passing the output threshold in each of the 60 sequences.
Found a best site in 5 sequences.
Computing q-values.
# Computing q-values.
#   Estimating pi_0 from a uniformly sampled set of 2580 p-values.
#   Estimating pi_0.
# Minimal pi_zero = 0.984065
#   Estimated pi_0=0.988273
Using motif +SRSF1_1310 of width 7.
Finding best site passing the output threshold in each of the 60 sequences.
Found a best site in 5 sequences.
Computing q-values.
# Computing q-values.
#   Estimating pi_0 from a uniformly sampled set of 2700 p-values.
#   Estimating pi_0.
# Minimal pi_zero = 0.953003
#   Estimated pi_0=0.961632
Using motif +PTBP2_1370 of width 6.
Finding best site passing the output threshold in each of the 60 sequences.
Found a best site in 3 sequences.
Computing q-values.
# Computing q-values.
#   Estimating pi_0 from a uniformly sampled set of 2760 p-values.
#   Estimating pi_0.
# Minimal pi_zero = 0.907591
#   Estimated pi_0=0.922432
Using motif +PTBP1_1372 of width 5.
Finding best site passing the output threshold in each of the 60 sequences.
Found a best site in 3 sequences.
Computing q-values.
# Computing q-values.
#   Estimating pi_0 from a uniformly sampled set of 2820 p-values.
#   Estimating pi_0.
# Minimal pi_zero = 0.883011
#   Estimated pi_0=0.887434
Using motif +SRSF1_1326 of width 6.
Finding best site passing the output threshold in each of the 60 sequences.
Found a best site in 5 sequences.
Computing q-values.
# Computing q-values.
#   Estimating pi_0 from a uniformly sampled set of 2760 p-values.
#   Estimating pi_0.
# Minimal pi_zero = 0.983774
#   Estimated pi_0=0.986651
Using motif +SRSF1_1383 of width 8.
Finding best site passing the output threshold in each of the 60 sequences.
Found a best site in 5 sequences.
Computing q-values.
# Computing q-values.
#   Estimating pi_0 from a uniformly sampled set of 2640 p-values.
#   Estimating pi_0.
# Minimal pi_zero = 0.981241
#   Estimated pi_0=0.987156
Using motif +SRSF1_1389 of width 9.
Finding best site passing the output threshold in each of the 60 sequences.
Found a best site in 2 sequences.
Computing q-values.
# Computing q-values.
#   Estimating pi_0 from a uniformly sampled set of 2580 p-values.
#   Estimating pi_0.
# Minimal pi_zero = 0.991851
#   Estimated pi_0=0.991851
Using motif +HNRNPA1_1397 of width 4.
Finding best site passing the output threshold in each of the 60 sequences.
Found a best site in 0 sequences.
Computing q-values.
Using motif +PTBP1_1359 of width 6.
Finding best site passing the output threshold in each of the 60 sequences.
Found a best site in 3 sequences.
Computing q-values.
# Computing q-values.
#   Estimating pi_0 from a uniformly sampled set of 2760 p-values.
#   Estimating pi_0.
# Minimal pi_zero = 0.907591
#   Estimated pi_0=0.910628
Using motif +PTBP1_1382 of width 7.
Finding best site passing the output threshold in each of the 60 sequences.
Found a best site in 5 sequences.
Computing q-values.
# Computing q-values.
#   Estimating pi_0 from a uniformly sampled set of 2700 p-values.
#   Estimating pi_0.
# Minimal pi_zero = 0.939259
#   Estimated pi_0=0.957734
Using motif +PTBP1_1340 of width 7.
Finding best site passing the output threshold in each of the 60 sequences.
Found a best site in 10 sequences.
Computing q-values.
# Computing q-values.
#   Estimating pi_0 from a uniformly sampled set of 2700 p-values.
#   Estimating pi_0.
# Minimal pi_zero = 0.962414
#   Estimated pi_0=0.96722
Using motif +SRSF1_1373 of width 8.
Finding best site passing the output threshold in each of the 60 sequences.
Found a best site in 9 sequences.
Computing q-values.
# Computing q-values.
#   Estimating pi_0 from a uniformly sampled set of 2640 p-values.
#   Estimating pi_0.
# Minimal pi_zero = 0.952315
#   Estimated pi_0=0.952975
Using motif +SRSF1_1338 of width 12.
Finding best site passing the output threshold in each of the 60 sequences.
Found a best site in 6 sequences.
Computing q-values.
# Computing q-values.
#   Estimating pi_0 from a uniformly sampled set of 2400 p-values.
#   Estimating pi_0.
# Minimal pi_zero = 0.972567
#   Estimated pi_0=0.974324
Using motif +HNRNPA1_1366 of width 4.
Finding best site passing the output threshold in each of the 60 sequences.
Found a best site in 0 sequences.
Computing q-values.
[fimo] CALIBRATION (frozen): 1285 motif-hit lines across 60 positive-control QKI peak sequences
Using motif +ZFP36_M269_0.6 of width 11.
Finding best site passing the output threshold in each of the 977 sequences.
Found a best site in 531 sequences.
Computing q-values.
# Computing q-values.
#   Estimating pi_0 from a uniformly sampled set of 10000 p-values.
#   Estimating pi_0.
# Minimal pi_zero = 0.985475
#   Estimated pi_0=0.987835
Using motif +HNRNPA2B1_705 of width 11.
Finding best site passing the output threshold in each of the 977 sequences.
Found a best site in 538 sequences.
Computing q-values.
# Computing q-values.
#   Estimating pi_0 from a uniformly sampled set of 10000 p-values.
#   Estimating pi_0.
# Minimal pi_zero = 0.958358
#   Estimated pi_0=0.967412
Using motif +SRSF1_1227 of width 9.
Finding best site passing the output threshold in each of the 977 sequences.
Found a best site in 460 sequences.
Computing q-values.
# Computing q-values.
#   Estimating pi_0 from a uniformly sampled set of 10000 p-values.
#   Estimating pi_0.
# Minimal pi_zero = 0.983117
#   Estimated pi_0=0.990564
Using motif +SRSF1_1241 of width 7.
Finding best site passing the output threshold in each of the 977 sequences.
Found a best site in 283 sequences.
Computing q-values.
# Computing q-values.
#   Estimating pi_0 from a uniformly sampled set of 10000 p-values.
#   Estimating pi_0.
# Minimal pi_zero = 0.974444
#   Estimated pi_0=0.975441
Using motif +HNRNPA1_690 of width 6.
Finding best site passing the output threshold in each of the 977 sequences.
Found a best site in 266 sequences.
Computing q-values.
# Computing q-values.
#   Estimating pi_0 from a uniformly sampled set of 10000 p-values.
#   Estimating pi_0.
# Minimal pi_zero = 0.984595
#   Estimated pi_0=0.990508
Using motif +ELAVL1_1103 of width 5.
Finding best site passing the output threshold in each of the 977 sequences.
Found a best site in 0 sequences.
Computing q-values.
Using motif +HNRNPA1_M271_0.6 of width 6.
Finding best site passing the output threshold in each of the 977 sequences.
Found a best site in 283 sequences.
Computing q-values.
# Computing q-values.
#   Estimating pi_0 from a uniformly sampled set of 10000 p-values.
#   Estimating pi_0.
# Minimal pi_zero = 0.995316
#   Estimated pi_0=0.999899
Using motif +MBNL1_M320_0.6 of width 8.
Finding best site passing the output threshold in each of the 977 sequences.
Found a best site in 528 sequences.
Computing q-values.
# Computing q-values.
#   Estimating pi_0 from a uniformly sampled set of 10000 p-values.
#   Estimating pi_0.
# Minimal pi_zero = 0.959634
#   Estimated pi_0=0.962143
Using motif +SRSF1_1218 of width 6.
Finding best site passing the output threshold in each of the 977 sequences.
Found a best site in 201 sequences.
Computing q-values.
# Computing q-values.
#   Estimating pi_0 from a uniformly sampled set of 10000 p-values.
#   Estimating pi_0.
# Minimal pi_zero = 0.980274
#   Estimated pi_0=0.995435
Using motif +NOVA1_64 of width 4.
Finding best site passing the output threshold in each of the 977 sequences.
Found a best site in 0 sequences.
Computing q-values.
Using motif +HNRNPA1_660 of width 8.
Finding best site passing the output threshold in each of the 977 sequences.
Found a best site in 250 sequences.
Computing q-values.
# Computing q-values.
#   Estimating pi_0 from a uniformly sampled set of 10000 p-values.
#   Estimating pi_0.
# Minimal pi_zero = 0.950256
#   Estimated pi_0=0.952881
Using motif +TARDBP_144 of width 12.
Finding best site passing the output threshold in each of the 977 sequences.
Found a best site in 473 sequences.
Computing q-values.
# Computing q-values.
#   Estimating pi_0 from a uniformly sampled set of 10000 p-values.
#   Estimating pi_0.
# Minimal pi_zero = 0.945949
#   Estimated pi_0=0.950366
Using motif +SRSF1_1221 of width 6.
Finding best site passing the output threshold in each of the 977 sequences.
Found a best site in 221 sequences.
Computing q-values.
# Computing q-values.
#   Estimating pi_0 from a uniformly sampled set of 10000 p-values.
#   Estimating pi_0.
# Minimal pi_zero = 0.991077
#   Estimated pi_0=1
Using motif +SRSF1_s49 of width 7.
Finding best site passing the output threshold in each of the 977 sequences.
Found a best site in 494 sequences.
Computing q-values.
# Computing q-values.
#   Estimating pi_0 from a uniformly sampled set of 10000 p-values.
#   Estimating pi_0.
# Minimal pi_zero = 0.9416
#   Estimated pi_0=0.947812
Using motif +SRSF1_1229 of width 6.
Finding best site passing the output threshold in each of the 977 sequences.
Found a best site in 338 sequences.
Computing q-values.
# Computing q-values.
#   Estimating pi_0 from a uniformly sampled set of 10000 p-values.
#   Estimating pi_0.
# Minimal pi_zero = 0.981374
#   Estimated pi_0=0.989508
Using motif +SRSF1_1234 of width 7.
Finding best site passing the output threshold in each of the 977 sequences.
Found a best site in 471 sequences.
Computing q-values.
# Computing q-values.
#   Estimating pi_0 from a uniformly sampled set of 10000 p-values.
#   Estimating pi_0.
# Minimal pi_zero = 0.982604
#   Estimated pi_0=0.989846
Using motif +PTBP1_998 of width 6.
Finding best site passing the output threshold in each of the 977 sequences.
Found a best site in 217 sequences.
Computing q-values.
# Computing q-values.
#   Estimating pi_0 from a uniformly sampled set of 10000 p-values.
#   Estimating pi_0.
# Minimal pi_zero = 0.945333
#   Estimated pi_0=0.951126
Using motif +KHDRBS1_1155 of width 6.
Finding best site passing the output threshold in each of the 977 sequences.
Found a best site in 292 sequences.
Computing q-values.
# Computing q-values.
#   Estimating pi_0 from a uniformly sampled set of 10000 p-values.
#   Estimating pi_0.
# Minimal pi_zero = 0.948649
#   Estimated pi_0=0.956333
Using motif +SRSF1_1233 of width 7.
Finding best site passing the output threshold in each of the 977 sequences.
Found a best site in 486 sequences.
Computing q-values.
# Computing q-values.
#   Estimating pi_0 from a uniformly sampled set of 10000 p-values.
#   Estimating pi_0.
# Minimal pi_zero = 0.978436
#   Estimated pi_0=0.983516
Using motif +PTBP1_51 of width 4.
Finding best site passing the output threshold in each of the 977 sequences.
Found a best site in 0 sequences.
Computing q-values.
Using motif +SRSF1_M106_0.6 of width 8.
Finding best site passing the output threshold in each of the 977 sequences.
Found a best site in 529 sequences.
Computing q-values.
# Computing q-values.
#   Estimating pi_0 from a uniformly sampled set of 10000 p-values.
#   Estimating pi_0.
# Minimal pi_zero = 0.982319
#   Estimated pi_0=0.989319
Using motif +HNRNPA1_692 of width 7.
Finding best site passing the output threshold in each of the 977 sequences.
Found a best site in 505 sequences.
Computing q-values.
# Computing q-values.
#   Estimating pi_0 from a uniformly sampled set of 10000 p-values.
#   Estimating pi_0.
# Minimal pi_zero = 0.982367
#   Estimated pi_0=0.990154
Using motif +ELAVL1_367 of width 4.
Finding best site passing the output threshold in each of the 977 sequences.
Found a best site in 0 sequences.
Computing q-values.
Using motif +SRSF1_1211 of width 9.
Finding best site passing the output threshold in each of the 977 sequences.
Found a best site in 481 sequences.
Computing q-values.
# Computing q-values.
#   Estimating pi_0 from a uniformly sampled set of 10000 p-values.
#   Estimating pi_0.
# Minimal pi_zero = 0.979871
#   Estimated pi_0=0.987676
Using motif +HNRNPA1_679 of width 6.
Finding best site passing the output threshold in each of the 977 sequences.
Found a best site in 124 sequences.
Computing q-values.
# Computing q-values.
#   Estimating pi_0 from a uniformly sampled set of 10000 p-values.
#   Estimating pi_0.
# Minimal pi_zero = 0.986803
#   Estimated pi_0=1
Using motif +FUS_M316_0.6 of width 4.
Finding best site passing the output threshold in each of the 977 sequences.
Found a best site in 0 sequences.
Computing q-values.
Using motif +NOVA1_1131 of width 5.
Finding best site passing the output threshold in each of the 977 sequences.
Found a best site in 0 sequences.
Computing q-values.
Using motif +SRSF1_1216 of width 7.
Finding best site passing the output threshold in each of the 977 sequences.
Found a best site in 511 sequences.
Computing q-values.
# Computing q-values.
#   Estimating pi_0 from a uniformly sampled set of 10000 p-values.
#   Estimating pi_0.
# Minimal pi_zero = 0.992893
#   Estimated pi_0=0.998776
Using motif +HNRNPA1_653 of width 7.
Finding best site passing the output threshold in each of the 977 sequences.
Found a best site in 202 sequences.
Computing q-values.
# Computing q-values.
#   Estimating pi_0 from a uniformly sampled set of 10000 p-values.
#   Estimating pi_0.
# Minimal pi_zero = 0.979667
#   Estimated pi_0=0.979667
Using motif +HNRNPA1_644 of width 6.
Finding best site passing the output threshold in each of the 977 sequences.
Found a best site in 179 sequences.
Computing q-values.
# Computing q-values.
#   Estimating pi_0 from a uniformly sampled set of 10000 p-values.
#   Estimating pi_0.
# Minimal pi_zero = 0.996552
#   Estimated pi_0=0.998883
Using motif +MBNL1_M320_0.6a of width 4.
Finding best site passing the output threshold in each of the 977 sequences.
Found a best site in 0 sequences.
Computing q-values.
Using motif +PTBP1_1017 of width 7.
Finding best site passing the output threshold in each of the 977 sequences.
Found a best site in 400 sequences.
Computing q-values.
# Computing q-values.
#   Estimating pi_0 from a uniformly sampled set of 10000 p-values.
#   Estimating pi_0.
# Minimal pi_zero = 0.958451
#   Estimated pi_0=0.966966
Using motif +ELAVL1_1105 of width 9.
Finding best site passing the output threshold in each of the 977 sequences.
Found a best site in 453 sequences.
Computing q-values.
# Computing q-values.
#   Estimating pi_0 from a uniformly sampled set of 10000 p-values.
#   Estimating pi_0.
# Minimal pi_zero = 0.969542
#   Estimated pi_0=0.982308
Using motif +SRSF1_M272_0.6 of width 8.
Finding best site passing the output threshold in each of the 977 sequences.
Found a best site in 493 sequences.
Computing q-values.
# Computing q-values.
#   Estimating pi_0 from a uniformly sampled set of 10000 p-values.
#   Estimating pi_0.
# Minimal pi_zero = 0.993949
#   Estimated pi_0=0.995102
Using motif +PTBP1_1013 of width 11.
Finding best site passing the output threshold in each of the 977 sequences.
Found a best site in 622 sequences.
Computing q-values.
# Computing q-values.
#   Estimating pi_0 from a uniformly sampled set of 10000 p-values.
#   Estimating pi_0.
# Minimal pi_zero = 0.950175
#   Estimated pi_0=0.950175
Using motif +MBNL1_s30 of width 6.
Finding best site passing the output threshold in each of the 977 sequences.
Found a best site in 598 sequences.
Computing q-values.
# Computing q-values.
#   Estimating pi_0 from a uniformly sampled set of 10000 p-values.
#   Estimating pi_0.
# Minimal pi_zero = 0.967863
#   Estimated pi_0=0.976074
Using motif +ELAVL1_M108_0.6 of width 7.
Finding best site passing the output threshold in each of the 977 sequences.
Found a best site in 603 sequences.
Computing q-values.
# Computing q-values.
#   Estimating pi_0 from a uniformly sampled set of 10000 p-values.
#   Estimating pi_0.
# Minimal pi_zero = 0.969351
#   Estimated pi_0=0.974973
Using motif +SRSF1_M273_0.6 of width 7.
Finding best site passing the output threshold in each of the 977 sequences.
Found a best site in 84 sequences.
Computing q-values.
# Computing q-values.
#   Estimating pi_0 from a uniformly sampled set of 10000 p-values.
#   Estimating pi_0.
# Minimal pi_zero = 0.9438
#   Estimated pi_0=0.956036
Using motif +ELAVL1_1104 of width 5.
Finding best site passing the output threshold in each of the 977 sequences.
Found a best site in 0 sequences.
Computing q-values.
Using motif +HNRNPA1_652 of width 5.
Finding best site passing the output threshold in each of the 977 sequences.
Found a best site in 0 sequences.
Computing q-values.
Using motif +FUS_1061 of width 7.
Finding best site passing the output threshold in each of the 977 sequences.
Found a best site in 455 sequences.
Computing q-values.
# Computing q-values.
#   Estimating pi_0 from a uniformly sampled set of 10000 p-values.
#   Estimating pi_0.
# Minimal pi_zero = 0.946286
#   Estimated pi_0=0.946286
Using motif +KHDRBS1_M160_0.6 of width 7.
Finding best site passing the output threshold in each of the 977 sequences.
Found a best site in 498 sequences.
Computing q-values.
# Computing q-values.
#   Estimating pi_0 from a uniformly sampled set of 10000 p-values.
#   Estimating pi_0.
# Minimal pi_zero = 0.997374
#   Estimated pi_0=0.998593
Using motif +SRSF1_s51 of width 7.
Finding best site passing the output threshold in each of the 977 sequences.
Found a best site in 100 sequences.
Computing q-values.
# Computing q-values.
#   Estimating pi_0 from a uniformly sampled set of 10000 p-values.
#   Estimating pi_0.
# Minimal pi_zero = 0.968932
#   Estimated pi_0=0.980174
Using motif +HNRNPA2B1_698 of width 5.
Finding best site passing the output threshold in each of the 977 sequences.
Found a best site in 0 sequences.
Computing q-values.
Using motif +MBNL1_M037_0.6 of width 7.
Finding best site passing the output threshold in each of the 977 sequences.
Found a best site in 426 sequences.
Computing q-values.
# Computing q-values.
#   Estimating pi_0 from a uniformly sampled set of 10000 p-values.
#   Estimating pi_0.
# Minimal pi_zero = 0.96557
#   Estimated pi_0=0.974525
Using motif +PTBP1_1014 of width 7.
Finding best site passing the output threshold in each of the 977 sequences.
Found a best site in 442 sequences.
Computing q-values.
# Computing q-values.
#   Estimating pi_0 from a uniformly sampled set of 10000 p-values.
#   Estimating pi_0.
# Minimal pi_zero = 0.945303
#   Estimated pi_0=0.949565
Using motif +ELAVL1_M112_0.6 of width 7.
Finding best site passing the output threshold in each of the 977 sequences.
Found a best site in 597 sequences.
Computing q-values.
# Computing q-values.
#   Estimating pi_0 from a uniformly sampled set of 10000 p-values.
#   Estimating pi_0.
# Minimal pi_zero = 0.976536
#   Estimated pi_0=0.98
Using motif +PTBP1_1009 of width 9.
Finding best site passing the output threshold in each of the 977 sequences.
Found a best site in 632 sequences.
Computing q-values.
# Computing q-values.
#   Estimating pi_0 from a uniformly sampled set of 10000 p-values.
#   Estimating pi_0.
# Minimal pi_zero = 0.947075
#   Estimated pi_0=0.949938
Using motif +PTBP1_31 of width 4.
Finding best site passing the output threshold in each of the 977 sequences.
Found a best site in 0 sequences.
Computing q-values.
Using motif +PTBP2_1134 of width 6.
Finding best site passing the output threshold in each of the 977 sequences.
Found a best site in 537 sequences.
Computing q-values.
# Computing q-values.
#   Estimating pi_0 from a uniformly sampled set of 10000 p-values.
#   Estimating pi_0.
# Minimal pi_zero = 0.9508
#   Estimated pi_0=0.963277
Using motif +NOVA2_M325_0.6 of width 16.
Finding best site passing the output threshold in each of the 977 sequences.
Found a best site in 468 sequences.
Computing q-values.
# Computing q-values.
#   Estimating pi_0 from a uniformly sampled set of 10000 p-values.
#   Estimating pi_0.
# Minimal pi_zero = 0.991596
#   Estimated pi_0=0.996327
Using motif +HNRNPA1_665 of width 5.
Finding best site passing the output threshold in each of the 977 sequences.
Found a best site in 0 sequences.
Computing q-values.
Using motif +HNRNPA1_647 of width 10.
Finding best site passing the output threshold in each of the 977 sequences.
Found a best site in 356 sequences.
Computing q-values.
# Computing q-values.
#   Estimating pi_0 from a uniformly sampled set of 10000 p-values.
#   Estimating pi_0.
# Minimal pi_zero = 0.983852
#   Estimated pi_0=0.990743
Using motif +ZFP36_155 of width 6.
Finding best site passing the output threshold in each of the 977 sequences.
Found a best site in 676 sequences.
Computing q-values.
# Computing q-values.
#   Estimating pi_0 from a uniformly sampled set of 10000 p-values.
#   Estimating pi_0.
# Minimal pi_zero = 0.944354
#   Estimated pi_0=0.958043
Using motif +HNRNPA1_43 of width 12.
Finding best site passing the output threshold in each of the 977 sequences.
Found a best site in 448 sequences.
Computing q-values.
# Computing q-values.
#   Estimating pi_0 from a uniformly sampled set of 10000 p-values.
#   Estimating pi_0.
# Minimal pi_zero = 0.962655
#   Estimated pi_0=0.96487
Using motif +PTBP1_8 of width 5.
Finding best site passing the output threshold in each of the 977 sequences.
Found a best site in 454 sequences.
Computing q-values.
# Computing q-values.
#   Estimating pi_0 from a uniformly sampled set of 10000 p-values.
#   Estimating pi_0.
# Minimal pi_zero = 0.957321
#   Estimated pi_0=0.962532
Using motif +HNRNPA2B1_706 of width 11.
Finding best site passing the output threshold in each of the 977 sequences.
Found a best site in 509 sequences.
Computing q-values.
# Computing q-values.
#   Estimating pi_0 from a uniformly sampled set of 10000 p-values.
#   Estimating pi_0.
# Minimal pi_zero = 0.957391
#   Estimated pi_0=0.96686
Using motif +ZFP36_138 of width 5.
Finding best site passing the output threshold in each of the 977 sequences.
Found a best site in 449 sequences.
Computing q-values.
# Computing q-values.
#   Estimating pi_0 from a uniformly sampled set of 10000 p-values.
#   Estimating pi_0.
# Minimal pi_zero = 0.964466
#   Estimated pi_0=0.969231
Using motif +PTBP1_s12 of width 6.
Finding best site passing the output threshold in each of the 977 sequences.
Found a best site in 527 sequences.
Computing q-values.
# Computing q-values.
#   Estimating pi_0 from a uniformly sampled set of 10000 p-values.
#   Estimating pi_0.
# Minimal pi_zero = 0.97093
#   Estimated pi_0=0.976393
Using motif +KHDRBS1_1157 of width 5.
Finding best site passing the output threshold in each of the 977 sequences.
Found a best site in 0 sequences.
Computing q-values.
Using motif +SRSF1_s99 of width 7.
Finding best site passing the output threshold in each of the 977 sequences.
Found a best site in 265 sequences.
Computing q-values.
# Computing q-values.
#   Estimating pi_0 from a uniformly sampled set of 10000 p-values.
#   Estimating pi_0.
# Minimal pi_zero = 0.963151
#   Estimated pi_0=0.971792
Using motif +ZFP36_49 of width 6.
Finding best site passing the output threshold in each of the 977 sequences.
Found a best site in 377 sequences.
Computing q-values.
# Computing q-values.
#   Estimating pi_0 from a uniformly sampled set of 10000 p-values.
#   Estimating pi_0.
# Minimal pi_zero = 0.95283
#   Estimated pi_0=0.97503
Using motif +HNRNPA1_663 of width 6.
Finding best site passing the output threshold in each of the 977 sequences.
Found a best site in 532 sequences.
Computing q-values.
# Computing q-values.
#   Estimating pi_0 from a uniformly sampled set of 10000 p-values.
#   Estimating pi_0.
# Minimal pi_zero = 0.983478
#   Estimated pi_0=0.991077
Using motif +HNRNPA1_681 of width 6.
Finding best site passing the output threshold in each of the 977 sequences.
Found a best site in 124 sequences.
Computing q-values.
# Computing q-values.
#   Estimating pi_0 from a uniformly sampled set of 10000 p-values.
#   Estimating pi_0.
# Minimal pi_zero = 0.993243
#   Estimated pi_0=1
Using motif +KHDRBS1_s34 of width 6.
Finding best site passing the output threshold in each of the 977 sequences.
Found a best site in 211 sequences.
Computing q-values.
# Computing q-values.
#   Estimating pi_0 from a uniformly sampled set of 10000 p-values.
#   Estimating pi_0.
# Minimal pi_zero = 0.994242
#   Estimated pi_0=0.994242
Using motif +HNRNPA2B1_710 of width 6.
Finding best site passing the output threshold in each of the 977 sequences.
Found a best site in 179 sequences.
Computing q-values.
# Computing q-values.
#   Estimating pi_0 from a uniformly sampled set of 10000 p-values.
#   Estimating pi_0.
# Minimal pi_zero = 1
#   Estimated pi_0=1
Using motif +PTBP1_1004 of width 6.
Finding best site passing the output threshold in each of the 977 sequences.
Found a best site in 537 sequences.
Computing q-values.
# Computing q-values.
#   Estimating pi_0 from a uniformly sampled set of 10000 p-values.
#   Estimating pi_0.
# Minimal pi_zero = 0.939178
#   Estimated pi_0=0.942384
Using motif +QKI_104 of width 12.
Finding best site passing the output threshold in each of the 977 sequences.
Found a best site in 455 sequences.
Computing q-values.
# Computing q-values.
#   Estimating pi_0 from a uniformly sampled set of 10000 p-values.
#   Estimating pi_0.
# Minimal pi_zero = 0.981964
#   Estimated pi_0=0.992216
Using motif +MBNL1_1123 of width 6.
Finding best site passing the output threshold in each of the 977 sequences.
Found a best site in 526 sequences.
Computing q-values.
# Computing q-values.
#   Estimating pi_0 from a uniformly sampled set of 10000 p-values.
#   Estimating pi_0.
# Minimal pi_zero = 0.972366
#   Estimated pi_0=0.984725
Using motif +HNRNPA1_651 of width 5.
Finding best site passing the output threshold in each of the 977 sequences.
Found a best site in 594 sequences.
Computing q-values.
# Computing q-values.
#   Estimating pi_0 from a uniformly sampled set of 10000 p-values.
#   Estimating pi_0.
# Minimal pi_zero = 0.971039
#   Estimated pi_0=0.977021
Using motif +KHDRBS1_M060_0.6 of width 7.
Finding best site passing the output threshold in each of the 977 sequences.
Found a best site in 344 sequences.
Computing q-values.
# Computing q-values.
#   Estimating pi_0 from a uniformly sampled set of 10000 p-values.
#   Estimating pi_0.
# Minimal pi_zero = 1.0005
#   Estimated pi_0=1
Using motif +HNRNPA1_664 of width 6.
Finding best site passing the output threshold in each of the 977 sequences.
Found a best site in 338 sequences.
Computing q-values.
# Computing q-values.
#   Estimating pi_0 from a uniformly sampled set of 10000 p-values.
#   Estimating pi_0.
# Minimal pi_zero = 0.990811
#   Estimated pi_0=0.998469
Using motif +TARDBP_1282 of width 10.
Finding best site passing the output threshold in each of the 977 sequences.
Found a best site in 466 sequences.
Computing q-values.
# Computing q-values.
#   Estimating pi_0 from a uniformly sampled set of 10000 p-values.
#   Estimating pi_0.
# Minimal pi_zero = 0.959429
#   Estimated pi_0=0.970341
Using motif +HNRNPA1_696 of width 6.
Finding best site passing the output threshold in each of the 977 sequences.
Found a best site in 136 sequences.
Computing q-values.
# Computing q-values.
#   Estimating pi_0 from a uniformly sampled set of 10000 p-values.
#   Estimating pi_0.
# Minimal pi_zero = 0.99209
#   Estimated pi_0=0.996103
Using motif +PTBP1_1018 of width 7.
Finding best site passing the output threshold in each of the 977 sequences.
Found a best site in 455 sequences.
Computing q-values.
# Computing q-values.
#   Estimating pi_0 from a uniformly sampled set of 10000 p-values.
#   Estimating pi_0.
# Minimal pi_zero = 0.951086
#   Estimated pi_0=0.955367
Using motif +PTBP1_11 of width 4.
Finding best site passing the output threshold in each of the 977 sequences.
Found a best site in 0 sequences.
Computing q-values.
Using motif +PTBP1_1002 of width 8.
Finding best site passing the output threshold in each of the 977 sequences.
Found a best site in 587 sequences.
Computing q-values.
# Computing q-values.
#   Estimating pi_0 from a uniformly sampled set of 10000 p-values.
#   Estimating pi_0.
# Minimal pi_zero = 0.959277
#   Estimated pi_0=0.962442
Using motif +NUDT21_420 of width 5.
Finding best site passing the output threshold in each of the 977 sequences.
Found a best site in 0 sequences.
Computing q-values.
Using motif +SRSF1_M104_0.6 of width 7.
Finding best site passing the output threshold in each of the 977 sequences.
Found a best site in 499 sequences.
Computing q-values.
# Computing q-values.
#   Estimating pi_0 from a uniformly sampled set of 10000 p-values.
#   Estimating pi_0.
# Minimal pi_zero = 0.987917
#   Estimated pi_0=0.991487
Using motif +NOVA2_179 of width 4.
Finding best site passing the output threshold in each of the 977 sequences.
Found a best site in 0 sequences.
Computing q-values.
Using motif +ELAVL1_1108 of width 7.
Finding best site passing the output threshold in each of the 977 sequences.
Found a best site in 455 sequences.
Computing q-values.
# Computing q-values.
#   Estimating pi_0 from a uniformly sampled set of 10000 p-values.
#   Estimating pi_0.
# Minimal pi_zero = 0.950588
#   Estimated pi_0=0.9528
Using motif +SRSF1_M103_0.6 of width 7.
Finding best site passing the output threshold in each of the 977 sequences.
Found a best site in 499 sequences.
Computing q-values.
# Computing q-values.
#   Estimating pi_0 from a uniformly sampled set of 10000 p-values.
#   Estimating pi_0.
# Minimal pi_zero = 0.987957
#   Estimated pi_0=0.992995
Using motif +SRSF1_126 of width 7.
Finding best site passing the output threshold in each of the 977 sequences.
Found a best site in 357 sequences.
Computing q-values.
# Computing q-values.
#   Estimating pi_0 from a uniformly sampled set of 10000 p-values.
#   Estimating pi_0.
# Minimal pi_zero = 0.978015
#   Estimated pi_0=0.998316
Using motif +PTBP1_539 of width 5.
Finding best site passing the output threshold in each of the 977 sequences.
Found a best site in 529 sequences.
Computing q-values.
# Computing q-values.
#   Estimating pi_0 from a uniformly sampled set of 10000 p-values.
#   Estimating pi_0.
# Minimal pi_zero = 0.960526
#   Estimated pi_0=0.965207
Using motif +ELAVL1_161 of width 12.
Finding best site passing the output threshold in each of the 977 sequences.
Found a best site in 548 sequences.
Computing q-values.
# Computing q-values.
#   Estimating pi_0 from a uniformly sampled set of 10000 p-values.
#   Estimating pi_0.
# Minimal pi_zero = 0.970667
#   Estimated pi_0=0.978764
Using motif +QKI_1139 of width 5.
Finding best site passing the output threshold in each of the 977 sequences.
Found a best site in 0 sequences.
Computing q-values.
Using motif +HNRNPA2B1_702 of width 6.
Finding best site passing the output threshold in each of the 977 sequences.
Found a best site in 225 sequences.
Computing q-values.
# Computing q-values.
#   Estimating pi_0 from a uniformly sampled set of 10000 p-values.
#   Estimating pi_0.
# Minimal pi_zero = 0.988943
#   Estimated pi_0=0.999596
Using motif +HNRNPA2B1_703 of width 11.
Finding best site passing the output threshold in each of the 977 sequences.
Found a best site in 465 sequences.
Computing q-values.
# Computing q-values.
#   Estimating pi_0 from a uniformly sampled set of 10000 p-values.
#   Estimating pi_0.
# Minimal pi_zero = 0.967015
#   Estimated pi_0=0.976786
Using motif +HNRNPA2B1_699 of width 6.
Finding best site passing the output threshold in each of the 977 sequences.
Found a best site in 108 sequences.
Computing q-values.
# Computing q-values.
#   Estimating pi_0 from a uniformly sampled set of 10000 p-values.
#   Estimating pi_0.
# Minimal pi_zero = 0.978082
#   Estimated pi_0=0.978231
Using motif +PTBP1_165 of width 4.
Finding best site passing the output threshold in each of the 977 sequences.
Found a best site in 0 sequences.
Computing q-values.
Using motif +NOVA2_s95 of width 7.
Finding best site passing the output threshold in each of the 977 sequences.
Found a best site in 455 sequences.
Computing q-values.
# Computing q-values.
#   Estimating pi_0 from a uniformly sampled set of 10000 p-values.
#   Estimating pi_0.
# Minimal pi_zero = 0.95
#   Estimated pi_0=0.9504
Using motif +HNRNPA1_657 of width 6.
Finding best site passing the output threshold in each of the 977 sequences.
Found a best site in 141 sequences.
Computing q-values.
# Computing q-values.
#   Estimating pi_0 from a uniformly sampled set of 10000 p-values.
#   Estimating pi_0.
# Minimal pi_zero = 0.966931
#   Estimated pi_0=0.974656
Using motif +PTBP1_1008 of width 6.
Finding best site passing the output threshold in each of the 977 sequences.
Found a best site in 537 sequences.
Computing q-values.
# Computing q-values.
#   Estimating pi_0 from a uniformly sampled set of 10000 p-values.
#   Estimating pi_0.
# Minimal pi_zero = 0.946667
#   Estimated pi_0=0.946667
Using motif +NOVA1_s27 of width 6.
Finding best site passing the output threshold in each of the 977 sequences.
Found a best site in 360 sequences.
Computing q-values.
# Computing q-values.
#   Estimating pi_0 from a uniformly sampled set of 10000 p-values.
#   Estimating pi_0.
# Minimal pi_zero = 0.991799
#   Estimated pi_0=0.998985
Using motif +NOVA1_s94 of width 12.
Finding best site passing the output threshold in each of the 977 sequences.
Found a best site in 395 sequences.
Computing q-values.
# Computing q-values.
#   Estimating pi_0 from a uniformly sampled set of 10000 p-values.
#   Estimating pi_0.
# Minimal pi_zero = 0.955596
#   Estimated pi_0=0.973548
Using motif +FUS_1060 of width 7.
Finding best site passing the output threshold in each of the 977 sequences.
Found a best site in 400 sequences.
Computing q-values.
# Computing q-values.
#   Estimating pi_0 from a uniformly sampled set of 10000 p-values.
#   Estimating pi_0.
# Minimal pi_zero = 0.967191
#   Estimated pi_0=0.972063
Using motif +HNRNPA1_646 of width 6.
Finding best site passing the output threshold in each of the 977 sequences.
Found a best site in 112 sequences.
Computing q-values.
# Computing q-values.
#   Estimating pi_0 from a uniformly sampled set of 10000 p-values.
#   Estimating pi_0.
# Minimal pi_zero = 0.994714
#   Estimated pi_0=1
Using motif +SRSF1_1215 of width 9.
Finding best site passing the output threshold in each of the 977 sequences.
Found a best site in 460 sequences.
Computing q-values.
# Computing q-values.
#   Estimating pi_0 from a uniformly sampled set of 10000 p-values.
#   Estimating pi_0.
# Minimal pi_zero = 0.982919
#   Estimated pi_0=0.982919
Using motif +SRSF1_s48 of width 7.
Finding best site passing the output threshold in each of the 977 sequences.
Found a best site in 152 sequences.
Computing q-values.
# Computing q-values.
#   Estimating pi_0 from a uniformly sampled set of 10000 p-values.
#   Estimating pi_0.
# Minimal pi_zero = 0.951376
#   Estimated pi_0=0.95831
Using motif +NOVA2_492 of width 7.
Finding best site passing the output threshold in each of the 977 sequences.
Found a best site in 303 sequences.
Computing q-values.
# Computing q-values.
#   Estimating pi_0 from a uniformly sampled set of 10000 p-values.
#   Estimating pi_0.
# Minimal pi_zero = 0.962992
#   Estimated pi_0=0.98092
Using motif +HNRNPA1_695 of width 6.
Finding best site passing the output threshold in each of the 977 sequences.
Found a best site in 179 sequences.
Computing q-values.
# Computing q-values.
#   Estimating pi_0 from a uniformly sampled set of 10000 p-values.
#   Estimating pi_0.
# Minimal pi_zero = 0.990894
#   Estimated pi_0=1
Using motif +FUS_1059 of width 7.
Finding best site passing the output threshold in each of the 977 sequences.
Found a best site in 400 sequences.
Computing q-values.
# Computing q-values.
#   Estimating pi_0 from a uniformly sampled set of 10000 p-values.
#   Estimating pi_0.
# Minimal pi_zero = 0.953514
#   Estimated pi_0=0.956282
Using motif +HNRNPA1_659 of width 10.
Finding best site passing the output threshold in each of the 977 sequences.
Found a best site in 550 sequences.
Computing q-values.
# Computing q-values.
#   Estimating pi_0 from a uniformly sampled set of 10000 p-values.
#   Estimating pi_0.
# Minimal pi_zero = 0.981818
#   Estimated pi_0=0.987083
Using motif +HNRNPA1_643 of width 6.
Finding best site passing the output threshold in each of the 977 sequences.
Found a best site in 193 sequences.
Computing q-values.
# Computing q-values.
#   Estimating pi_0 from a uniformly sampled set of 10000 p-values.
#   Estimating pi_0.
# Minimal pi_zero = 0.995761
#   Estimated pi_0=0.997879
Using motif +ELAVL1_512 of width 4.
Finding best site passing the output threshold in each of the 977 sequences.
Found a best site in 0 sequences.
Computing q-values.
Using motif +PTBP1_1012 of width 11.
Finding best site passing the output threshold in each of the 977 sequences.
Found a best site in 622 sequences.
Computing q-values.
# Computing q-values.
#   Estimating pi_0 from a uniformly sampled set of 10000 p-values.
#   Estimating pi_0.
# Minimal pi_zero = 0.94
#   Estimated pi_0=0.942588
Using motif +PTBP1_1001 of width 6.
Finding best site passing the output threshold in each of the 977 sequences.
Found a best site in 147 sequences.
Computing q-values.
# Computing q-values.
#   Estimating pi_0 from a uniformly sampled set of 10000 p-values.
#   Estimating pi_0.
# Minimal pi_zero = 0.946412
#   Estimated pi_0=0.954675
Using motif +PABPN1_M148_0.6 of width 7.
Finding best site passing the output threshold in each of the 977 sequences.
Found a best site in 469 sequences.
Computing q-values.
# Computing q-values.
#   Estimating pi_0 from a uniformly sampled set of 10000 p-values.
#   Estimating pi_0.
# Minimal pi_zero = 0.985258
#   Estimated pi_0=0.985258
Using motif +PTBP1_991 of width 7.
Finding best site passing the output threshold in each of the 977 sequences.
Found a best site in 610 sequences.
Computing q-values.
# Computing q-values.
#   Estimating pi_0 from a uniformly sampled set of 10000 p-values.
#   Estimating pi_0.
# Minimal pi_zero = 0.947111
#   Estimated pi_0=0.950857
Using motif +KHDRBS1_1156 of width 6.
Finding best site passing the output threshold in each of the 977 sequences.
Found a best site in 334 sequences.
Computing q-values.
# Computing q-values.
#   Estimating pi_0 from a uniformly sampled set of 10000 p-values.
#   Estimating pi_0.
# Minimal pi_zero = 0.996338
#   Estimated pi_0=0.998894
Using motif +ELAVL1_M232_0.6 of width 7.
Finding best site passing the output threshold in each of the 977 sequences.
Found a best site in 535 sequences.
Computing q-values.
# Computing q-values.
#   Estimating pi_0 from a uniformly sampled set of 10000 p-values.
#   Estimating pi_0.
# Minimal pi_zero = 0.974819
#   Estimated pi_0=0.977989
Using motif +HNRNPA2B1_697 of width 10.
Finding best site passing the output threshold in each of the 977 sequences.
Found a best site in 356 sequences.
Computing q-values.
# Computing q-values.
#   Estimating pi_0 from a uniformly sampled set of 10000 p-values.
#   Estimating pi_0.
# Minimal pi_zero = 0.982667
#   Estimated pi_0=0.999698
Using motif +TARDBP_1280 of width 12.
Finding best site passing the output threshold in each of the 977 sequences.
Found a best site in 473 sequences.
Computing q-values.
# Computing q-values.
#   Estimating pi_0 from a uniformly sampled set of 10000 p-values.
#   Estimating pi_0.
# Minimal pi_zero = 0.956696
#   Estimated pi_0=0.95939
Using motif +HNRNPA1_658 of width 6.
Finding best site passing the output threshold in each of the 977 sequences.
Found a best site in 472 sequences.
Computing q-values.
# Computing q-values.
#   Estimating pi_0 from a uniformly sampled set of 10000 p-values.
#   Estimating pi_0.
# Minimal pi_zero = 0.982069
#   Estimated pi_0=0.991848
Using motif +SRSF1_M351_0.6 of width 10.
Finding best site passing the output threshold in each of the 977 sequences.
Found a best site in 469 sequences.
Computing q-values.
# Computing q-values.
#   Estimating pi_0 from a uniformly sampled set of 10000 p-values.
#   Estimating pi_0.
# Minimal pi_zero = 0.978256
#   Estimated pi_0=0.979429
Using motif +TARDBP_541 of width 8.
Finding best site passing the output threshold in each of the 977 sequences.
Found a best site in 384 sequences.
Computing q-values.
# Computing q-values.
#   Estimating pi_0 from a uniformly sampled set of 10000 p-values.
#   Estimating pi_0.
# Minimal pi_zero = 0.984071
#   Estimated pi_0=0.995368
Using motif +HNRNPA1_662 of width 6.
Finding best site passing the output threshold in each of the 977 sequences.
Found a best site in 108 sequences.
Computing q-values.
# Computing q-values.
#   Estimating pi_0 from a uniformly sampled set of 10000 p-values.
#   Estimating pi_0.
# Minimal pi_zero = 0.978367
#   Estimated pi_0=0.987867
Using motif +HNRNPA2B1_704 of width 11.
Finding best site passing the output threshold in each of the 977 sequences.
Found a best site in 444 sequences.
Computing q-values.
# Computing q-values.
#   Estimating pi_0 from a uniformly sampled set of 10000 p-values.
#   Estimating pi_0.
# Minimal pi_zero = 0.976418
#   Estimated pi_0=0.983041
Using motif +SRSF1_1240 of width 7.
Finding best site passing the output threshold in each of the 977 sequences.
Found a best site in 138 sequences.
Computing q-values.
# Computing q-values.
#   Estimating pi_0 from a uniformly sampled set of 10000 p-values.
#   Estimating pi_0.
# Minimal pi_zero = 0.976134
#   Estimated pi_0=0.976557
Using motif +PTBP1_992 of width 6.
Finding best site passing the output threshold in each of the 977 sequences.
Found a best site in 511 sequences.
Computing q-values.
# Computing q-values.
#   Estimating pi_0 from a uniformly sampled set of 10000 p-values.
#   Estimating pi_0.
# Minimal pi_zero = 0.961067
#   Estimated pi_0=0.97618
Using motif +PTBP1_996 of width 8.
Finding best site passing the output threshold in each of the 977 sequences.
Found a best site in 611 sequences.
Computing q-values.
# Computing q-values.
#   Estimating pi_0 from a uniformly sampled set of 10000 p-values.
#   Estimating pi_0.
# Minimal pi_zero = 0.94065
#   Estimated pi_0=0.952638
Using motif +NOVA1_1130 of width 5.
Finding best site passing the output threshold in each of the 977 sequences.
Found a best site in 0 sequences.
Computing q-values.
Using motif +PTBP1_1023 of width 8.
Finding best site passing the output threshold in each of the 977 sequences.
Found a best site in 558 sequences.
Computing q-values.
# Computing q-values.
#   Estimating pi_0 from a uniformly sampled set of 10000 p-values.
#   Estimating pi_0.
# Minimal pi_zero = 0.944957
#   Estimated pi_0=0.94982
Using motif +NOVA2_s96 of width 7.
Finding best site passing the output threshold in each of the 977 sequences.
Found a best site in 400 sequences.
Computing q-values.
# Computing q-values.
#   Estimating pi_0 from a uniformly sampled set of 10000 p-values.
#   Estimating pi_0.
# Minimal pi_zero = 0.958732
#   Estimated pi_0=0.963718
Using motif +NUDT21_575 of width 5.
Finding best site passing the output threshold in each of the 977 sequences.
Found a best site in 0 sequences.
Computing q-values.
Using motif +HNRNPA2B1_M024_0.6 of width 7.
Finding best site passing the output threshold in each of the 977 sequences.
Found a best site in 369 sequences.
Computing q-values.
# Computing q-values.
#   Estimating pi_0 from a uniformly sampled set of 10000 p-values.
#   Estimating pi_0.
# Minimal pi_zero = 0.991064
#   Estimated pi_0=0.995102
Using motif +HNRNPA1_683 of width 7.
Finding best site passing the output threshold in each of the 977 sequences.
Found a best site in 455 sequences.
Computing q-values.
# Computing q-values.
#   Estimating pi_0 from a uniformly sampled set of 10000 p-values.
#   Estimating pi_0.
# Minimal pi_zero = 0.953529
#   Estimated pi_0=0.956158
Using motif +HNRNPA1_656 of width 6.
Finding best site passing the output threshold in each of the 977 sequences.
Found a best site in 148 sequences.
Computing q-values.
# Computing q-values.
#   Estimating pi_0 from a uniformly sampled set of 10000 p-values.
#   Estimating pi_0.
# Minimal pi_zero = 0.953835
#   Estimated pi_0=0.961854
Using motif +TARDBP_1277 of width 7.
Finding best site passing the output threshold in each of the 977 sequences.
Found a best site in 314 sequences.
Computing q-values.
# Computing q-values.
#   Estimating pi_0 from a uniformly sampled set of 10000 p-values.
#   Estimating pi_0.
# Minimal pi_zero = 0.94256
#   Estimated pi_0=0.942698
Using motif +SRSF1_1236 of width 7.
Finding best site passing the output threshold in each of the 977 sequences.
Found a best site in 435 sequences.
Computing q-values.
# Computing q-values.
#   Estimating pi_0 from a uniformly sampled set of 10000 p-values.
#   Estimating pi_0.
# Minimal pi_zero = 0.960274
#   Estimated pi_0=0.960274
Using motif +PTBP1_1006 of width 6.
Finding best site passing the output threshold in each of the 977 sequences.
Found a best site in 537 sequences.
Computing q-values.
# Computing q-values.
#   Estimating pi_0 from a uniformly sampled set of 10000 p-values.
#   Estimating pi_0.
# Minimal pi_zero = 0.938082
#   Estimated pi_0=0.9424
Using motif +MBNL1_1121 of width 6.
Finding best site passing the output threshold in each of the 977 sequences.
Found a best site in 132 sequences.
Computing q-values.
# Computing q-values.
#   Estimating pi_0 from a uniformly sampled set of 10000 p-values.
#   Estimating pi_0.
# Minimal pi_zero = 0.9632
#   Estimated pi_0=0.970658
Using motif +HNRNPA1_183 of width 11.
Finding best site passing the output threshold in each of the 977 sequences.
Found a best site in 538 sequences.
Computing q-values.
# Computing q-values.
#   Estimating pi_0 from a uniformly sampled set of 10000 p-values.
#   Estimating pi_0.
# Minimal pi_zero = 0.969851
#   Estimated pi_0=0.977765
Using motif +PTBP1_71 of width 8.
Finding best site passing the output threshold in each of the 977 sequences.
Found a best site in 558 sequences.
Computing q-values.
# Computing q-values.
#   Estimating pi_0 from a uniformly sampled set of 10000 p-values.
#   Estimating pi_0.
# Minimal pi_zero = 0.941709
#   Estimated pi_0=0.955928
Using motif +NOVA1_459 of width 5.
Finding best site passing the output threshold in each of the 977 sequences.
Found a best site in 365 sequences.
Computing q-values.
# Computing q-values.
#   Estimating pi_0 from a uniformly sampled set of 10000 p-values.
#   Estimating pi_0.
# Minimal pi_zero = 0.974286
#   Estimated pi_0=0.977396
Using motif +SRSF1_1231 of width 8.
Finding best site passing the output threshold in each of the 977 sequences.
Found a best site in 524 sequences.
Computing q-values.
# Computing q-values.
#   Estimating pi_0 from a uniformly sampled set of 10000 p-values.
#   Estimating pi_0.
# Minimal pi_zero = 0.976353
#   Estimated pi_0=0.981383
Using motif +SRSF1_1220 of width 6.
Finding best site passing the output threshold in each of the 977 sequences.
Found a best site in 417 sequences.
Computing q-values.
# Computing q-values.
#   Estimating pi_0 from a uniformly sampled set of 10000 p-values.
#   Estimating pi_0.
# Minimal pi_zero = 0.977616
#   Estimated pi_0=0.985027
Using motif +KHDRBS1_s33 of width 6.
Finding best site passing the output threshold in each of the 977 sequences.
Found a best site in 242 sequences.
Computing q-values.
# Computing q-values.
#   Estimating pi_0 from a uniformly sampled set of 10000 p-values.
#   Estimating pi_0.
# Minimal pi_zero = 0.993441
#   Estimated pi_0=0.999091
Using motif +SRSF1_375 of width 8.
Finding best site passing the output threshold in each of the 977 sequences.
Found a best site in 442 sequences.
Computing q-values.
# Computing q-values.
#   Estimating pi_0 from a uniformly sampled set of 10000 p-values.
#   Estimating pi_0.
# Minimal pi_zero = 0.971966
#   Estimated pi_0=0.993757
Using motif +PTBP1_995 of width 12.
Finding best site passing the output threshold in each of the 977 sequences.
Found a best site in 477 sequences.
Computing q-values.
# Computing q-values.
#   Estimating pi_0 from a uniformly sampled set of 10000 p-values.
#   Estimating pi_0.
# Minimal pi_zero = 0.948696
#   Estimated pi_0=0.9545
Using motif +PTBP1_997 of width 6.
Finding best site passing the output threshold in each of the 977 sequences.
Found a best site in 289 sequences.
Computing q-values.
# Computing q-values.
#   Estimating pi_0 from a uniformly sampled set of 10000 p-values.
#   Estimating pi_0.
# Minimal pi_zero = 0.959301
#   Estimated pi_0=0.968268
Using motif +ELAVL1_84 of width 11.
Finding best site passing the output threshold in each of the 977 sequences.
Found a best site in 561 sequences.
Computing q-values.
# Computing q-values.
#   Estimating pi_0 from a uniformly sampled set of 10000 p-values.
#   Estimating pi_0.
# Minimal pi_zero = 0.969383
#   Estimated pi_0=0.972804
Using motif +SRSF1_s22 of width 10.
Finding best site passing the output threshold in each of the 977 sequences.
Found a best site in 416 sequences.
Computing q-values.
# Computing q-values.
#   Estimating pi_0 from a uniformly sampled set of 10000 p-values.
#   Estimating pi_0.
# Minimal pi_zero = 0.98929
#   Estimated pi_0=0.994624
Using motif +PTBP1_1022 of width 8.
Finding best site passing the output threshold in each of the 977 sequences.
Found a best site in 578 sequences.
Computing q-values.
# Computing q-values.
#   Estimating pi_0 from a uniformly sampled set of 10000 p-values.
#   Estimating pi_0.
# Minimal pi_zero = 0.948333
#   Estimated pi_0=0.957831
Using motif +PTBP1_133 of width 6.
Finding best site passing the output threshold in each of the 977 sequences.
Found a best site in 537 sequences.
Computing q-values.
# Computing q-values.
#   Estimating pi_0 from a uniformly sampled set of 10000 p-values.
#   Estimating pi_0.
# Minimal pi_zero = 0.958267
#   Estimated pi_0=0.971685
Using motif +HNRNPA1_648 of width 6.
Finding best site passing the output threshold in each of the 977 sequences.
Found a best site in 486 sequences.
Computing q-values.
# Computing q-values.
#   Estimating pi_0 from a uniformly sampled set of 10000 p-values.
#   Estimating pi_0.
# Minimal pi_zero = 0.98587
#   Estimated pi_0=0.98587
Using motif +SRSF1_1238 of width 7.
Finding best site passing the output threshold in each of the 977 sequences.
Found a best site in 354 sequences.
Computing q-values.
# Computing q-values.
#   Estimating pi_0 from a uniformly sampled set of 10000 p-values.
#   Estimating pi_0.
# Minimal pi_zero = 0.95873
#   Estimated pi_0=0.969944
Using motif +QKI_352 of width 6.
Finding best site passing the output threshold in each of the 977 sequences.
Found a best site in 261 sequences.
Computing q-values.
# Computing q-values.
#   Estimating pi_0 from a uniformly sampled set of 10000 p-values.
#   Estimating pi_0.
# Minimal pi_zero = 0.98966
#   Estimated pi_0=1
Using motif +HNRNPA1_645 of width 7.
Finding best site passing the output threshold in each of the 977 sequences.
Found a best site in 261 sequences.
Computing q-values.
# Computing q-values.
#   Estimating pi_0 from a uniformly sampled set of 10000 p-values.
#   Estimating pi_0.
# Minimal pi_zero = 0.9875
#   Estimated pi_0=0.998872
Using motif +HNRNPA1_654 of width 5.
Finding best site passing the output threshold in each of the 977 sequences.
Found a best site in 0 sequences.
Computing q-values.
Using motif +HNRNPA1_688 of width 10.
Finding best site passing the output threshold in each of the 977 sequences.
Found a best site in 390 sequences.
Computing q-values.
# Computing q-values.
#   Estimating pi_0 from a uniformly sampled set of 10000 p-values.
#   Estimating pi_0.
# Minimal pi_zero = 0.936
#   Estimated pi_0=0.950704
Using motif +PTBP1_M227_0.6 of width 7.
Finding best site passing the output threshold in each of the 977 sequences.
Found a best site in 632 sequences.
Computing q-values.
# Computing q-values.
#   Estimating pi_0 from a uniformly sampled set of 10000 p-values.
#   Estimating pi_0.
# Minimal pi_zero = 0.959529
#   Estimated pi_0=0.964835
Using motif +PTBP1_994 of width 9.
Finding best site passing the output threshold in each of the 977 sequences.
Found a best site in 511 sequences.
Computing q-values.
# Computing q-values.
#   Estimating pi_0 from a uniformly sampled set of 10000 p-values.
#   Estimating pi_0.
# Minimal pi_zero = 0.943762
#   Estimated pi_0=0.955346
Using motif +NOVA2_1133 of width 5.
Finding best site passing the output threshold in each of the 977 sequences.
Found a best site in 0 sequences.
Computing q-values.
Using motif +SRSF1_s50 of width 7.
Finding best site passing the output threshold in each of the 977 sequences.
Found a best site in 423 sequences.
Computing q-values.
# Computing q-values.
#   Estimating pi_0 from a uniformly sampled set of 10000 p-values.
#   Estimating pi_0.
# Minimal pi_zero = 0.984872
#   Estimated pi_0=0.990319
Using motif +PTBP1_1015 of width 7.
Finding best site passing the output threshold in each of the 977 sequences.
Found a best site in 455 sequences.
Computing q-values.
# Computing q-values.
#   Estimating pi_0 from a uniformly sampled set of 10000 p-values.
#   Estimating pi_0.
# Minimal pi_zero = 0.943294
#   Estimated pi_0=0.943657
Using motif +PTBP1_1016 of width 7.
Finding best site passing the output threshold in each of the 977 sequences.
Found a best site in 360 sequences.
Computing q-values.
# Computing q-values.
#   Estimating pi_0 from a uniformly sampled set of 10000 p-values.
#   Estimating pi_0.
# Minimal pi_zero = 0.946225
#   Estimated pi_0=0.950419
Using motif +SRSF1_1230 of width 10.
Finding best site passing the output threshold in each of the 977 sequences.
Found a best site in 539 sequences.
Computing q-values.
# Computing q-values.
#   Estimating pi_0 from a uniformly sampled set of 10000 p-values.
#   Estimating pi_0.
# Minimal pi_zero = 0.976667
#   Estimated pi_0=0.980568
Using motif +TARDBP_178 of width 12.
Finding best site passing the output threshold in each of the 977 sequences.
Found a best site in 473 sequences.
Computing q-values.
# Computing q-values.
#   Estimating pi_0 from a uniformly sampled set of 10000 p-values.
#   Estimating pi_0.
# Minimal pi_zero = 0.941026
#   Estimated pi_0=0.950759
Using motif +NOVA1_1127 of width 7.
Finding best site passing the output threshold in each of the 977 sequences.
Found a best site in 360 sequences.
Computing q-values.
# Computing q-values.
#   Estimating pi_0 from a uniformly sampled set of 10000 p-values.
#   Estimating pi_0.
# Minimal pi_zero = 0.936269
#   Estimated pi_0=0.938675
Using motif +MBNL1_1122 of width 10.
Finding best site passing the output threshold in each of the 977 sequences.
Found a best site in 602 sequences.
Computing q-values.
# Computing q-values.
#   Estimating pi_0 from a uniformly sampled set of 10000 p-values.
#   Estimating pi_0.
# Minimal pi_zero = 0.940286
#   Estimated pi_0=0.948649
Using motif +TARDBP_1279 of width 6.
Finding best site passing the output threshold in each of the 977 sequences.
Found a best site in 313 sequences.
Computing q-values.
# Computing q-values.
#   Estimating pi_0 from a uniformly sampled set of 10000 p-values.
#   Estimating pi_0.
# Minimal pi_zero = 0.968609
#   Estimated pi_0=0.981648
Using motif +HNRNPA1_642 of width 6.
Finding best site passing the output threshold in each of the 977 sequences.
Found a best site in 124 sequences.
Computing q-values.
# Computing q-values.
#   Estimating pi_0 from a uniformly sampled set of 10000 p-values.
#   Estimating pi_0.
# Minimal pi_zero = 0.991081
#   Estimated pi_0=1
Using motif +HNRNPA2B1_700 of width 6.
Finding best site passing the output threshold in each of the 977 sequences.
Found a best site in 113 sequences.
Computing q-values.
# Computing q-values.
#   Estimating pi_0 from a uniformly sampled set of 10000 p-values.
#   Estimating pi_0.
# Minimal pi_zero = 0.994521
#   Estimated pi_0=1
Using motif +ZFP36_128 of width 5.
Finding best site passing the output threshold in each of the 977 sequences.
Found a best site in 0 sequences.
Computing q-values.
Using motif +SRSF1_1228 of width 7.
Finding best site passing the output threshold in each of the 977 sequences.
Found a best site in 413 sequences.
Computing q-values.
# Computing q-values.
#   Estimating pi_0 from a uniformly sampled set of 10000 p-values.
#   Estimating pi_0.
# Minimal pi_zero = 0.973607
#   Estimated pi_0=0.983743
Using motif +ELAVL1_476 of width 5.
Finding best site passing the output threshold in each of the 977 sequences.
Found a best site in 0 sequences.
Computing q-values.
Using motif +SRSF1_1225 of width 8.
Finding best site passing the output threshold in each of the 977 sequences.
Found a best site in 469 sequences.
Computing q-values.
# Computing q-values.
#   Estimating pi_0 from a uniformly sampled set of 10000 p-values.
#   Estimating pi_0.
# Minimal pi_zero = 0.981951
#   Estimated pi_0=0.987474
Using motif +HNRNPA1_674 of width 10.
Finding best site passing the output threshold in each of the 977 sequences.
Found a best site in 252 sequences.
Computing q-values.
# Computing q-values.
#   Estimating pi_0 from a uniformly sampled set of 10000 p-values.
#   Estimating pi_0.
# Minimal pi_zero = 0.992782
#   Estimated pi_0=1
Using motif +MBNL1_1124 of width 9.
Finding best site passing the output threshold in each of the 977 sequences.
Found a best site in 330 sequences.
Computing q-values.
# Computing q-values.
#   Estimating pi_0 from a uniformly sampled set of 10000 p-values.
#   Estimating pi_0.
# Minimal pi_zero = 0.929333
#   Estimated pi_0=0.940661
Using motif +HNRNPA1_689 of width 6.
Finding best site passing the output threshold in each of the 977 sequences.
Found a best site in 124 sequences.
Computing q-values.
# Computing q-values.
#   Estimating pi_0 from a uniformly sampled set of 10000 p-values.
#   Estimating pi_0.
# Minimal pi_zero = 0.984552
#   Estimated pi_0=1
Using motif +PTBP1_117 of width 5.
Finding best site passing the output threshold in each of the 977 sequences.
Found a best site in 529 sequences.
Computing q-values.
# Computing q-values.
#   Estimating pi_0 from a uniformly sampled set of 10000 p-values.
#   Estimating pi_0.
# Minimal pi_zero = 0.965325
#   Estimated pi_0=0.965325
Using motif +SRSF1_1217 of width 11.
Finding best site passing the output threshold in each of the 977 sequences.
Found a best site in 126 sequences.
Computing q-values.
# Computing q-values.
#   Estimating pi_0 from a uniformly sampled set of 10000 p-values.
#   Estimating pi_0.
# Minimal pi_zero = 0.990427
#   Estimated pi_0=1
Using motif +HNRNPA1_680 of width 6.
Finding best site passing the output threshold in each of the 977 sequences.
Found a best site in 124 sequences.
Computing q-values.
# Computing q-values.
#   Estimating pi_0 from a uniformly sampled set of 10000 p-values.
#   Estimating pi_0.
# Minimal pi_zero = 0.985231
#   Estimated pi_0=1
Using motif +ZFP36_M350_0.6 of width 9.
Finding best site passing the output threshold in each of the 977 sequences.
Found a best site in 457 sequences.
Computing q-values.
# Computing q-values.
#   Estimating pi_0 from a uniformly sampled set of 10000 p-values.
#   Estimating pi_0.
# Minimal pi_zero = 0.994082
#   Estimated pi_0=0.996281
Using motif +NOVA2_564 of width 11.
Finding best site passing the output threshold in each of the 977 sequences.
Found a best site in 365 sequences.
Computing q-values.
# Computing q-values.
#   Estimating pi_0 from a uniformly sampled set of 10000 p-values.
#   Estimating pi_0.
# Minimal pi_zero = 0.975115
#   Estimated pi_0=0.985029
Using motif +ELAVL1_s101 of width 7.
Finding best site passing the output threshold in each of the 977 sequences.
Found a best site in 612 sequences.
Computing q-values.
# Computing q-values.
#   Estimating pi_0 from a uniformly sampled set of 10000 p-values.
#   Estimating pi_0.
# Minimal pi_zero = 0.973765
#   Estimated pi_0=0.979171
Using motif +ELAVL1_M031_0.6 of width 7.
Finding best site passing the output threshold in each of the 977 sequences.
Found a best site in 553 sequences.
Computing q-values.
# Computing q-values.
#   Estimating pi_0 from a uniformly sampled set of 10000 p-values.
#   Estimating pi_0.
# Minimal pi_zero = 0.977238
#   Estimated pi_0=0.979048
Using motif +KHDRBS1_1158 of width 7.
Finding best site passing the output threshold in each of the 977 sequences.
Found a best site in 455 sequences.
Computing q-values.
# Computing q-values.
#   Estimating pi_0 from a uniformly sampled set of 10000 p-values.
#   Estimating pi_0.
# Minimal pi_zero = 0.947059
#   Estimated pi_0=0.950847
Using motif +FUS_1058 of width 7.
Finding best site passing the output threshold in each of the 977 sequences.
Found a best site in 399 sequences.
Computing q-values.
# Computing q-values.
#   Estimating pi_0 from a uniformly sampled set of 10000 p-values.
#   Estimating pi_0.
# Minimal pi_zero = 0.969651
#   Estimated pi_0=0.976335
Using motif +PTBP1_993 of width 8.
Finding best site passing the output threshold in each of the 977 sequences.
Found a best site in 526 sequences.
Computing q-values.
# Computing q-values.
#   Estimating pi_0 from a uniformly sampled set of 10000 p-values.
#   Estimating pi_0.
# Minimal pi_zero = 0.96931
#   Estimated pi_0=0.97697
Using motif +QKI_1138 of width 6.
Finding best site passing the output threshold in each of the 977 sequences.
Found a best site in 86 sequences.
Computing q-values.
# Computing q-values.
#   Estimating pi_0 from a uniformly sampled set of 10000 p-values.
#   Estimating pi_0.
# Minimal pi_zero = 0.986531
#   Estimated pi_0=1
Using motif +HNRNPA1_675 of width 6.
Finding best site passing the output threshold in each of the 977 sequences.
Found a best site in 113 sequences.
Computing q-values.
# Computing q-values.
#   Estimating pi_0 from a uniformly sampled set of 10000 p-values.
#   Estimating pi_0.
# Minimal pi_zero = 0.992283
#   Estimated pi_0=1
Using motif +TARDBP_1281 of width 8.
Finding best site passing the output threshold in each of the 977 sequences.
Found a best site in 487 sequences.
Computing q-values.
# Computing q-values.
#   Estimating pi_0 from a uniformly sampled set of 10000 p-values.
#   Estimating pi_0.
# Minimal pi_zero = 0.966102
#   Estimated pi_0=0.969697
Using motif +MBNL1_1125 of width 9.
Finding best site passing the output threshold in each of the 977 sequences.
Found a best site in 423 sequences.
Computing q-values.
# Computing q-values.
#   Estimating pi_0 from a uniformly sampled set of 10000 p-values.
#   Estimating pi_0.
# Minimal pi_zero = 0.950442
#   Estimated pi_0=0.96025
Using motif +PTBP1_1021 of width 5.
Finding best site passing the output threshold in each of the 977 sequences.
Found a best site in 529 sequences.
Computing q-values.
# Computing q-values.
#   Estimating pi_0 from a uniformly sampled set of 10000 p-values.
#   Estimating pi_0.
# Minimal pi_zero = 0.962237
#   Estimated pi_0=0.96426
Using motif +NOVA1_440 of width 7.
Finding best site passing the output threshold in each of the 977 sequences.
Found a best site in 518 sequences.
Computing q-values.
# Computing q-values.
#   Estimating pi_0 from a uniformly sampled set of 10000 p-values.
#   Estimating pi_0.
# Minimal pi_zero = 0.96252
#   Estimated pi_0=0.969718
Using motif +SRSF1_167 of width 7.
Finding best site passing the output threshold in each of the 977 sequences.
Found a best site in 115 sequences.
Computing q-values.
# Computing q-values.
#   Estimating pi_0 from a uniformly sampled set of 10000 p-values.
#   Estimating pi_0.
# Minimal pi_zero = 0.947967
#   Estimated pi_0=0.954769
Using motif +HNRNPA1_639 of width 10.
Finding best site passing the output threshold in each of the 977 sequences.
Found a best site in 176 sequences.
Computing q-values.
# Computing q-values.
#   Estimating pi_0 from a uniformly sampled set of 10000 p-values.
#   Estimating pi_0.
# Minimal pi_zero = 0.9772
#   Estimated pi_0=0.983286
Using motif +HNRNPA2B1_707 of width 11.
Finding best site passing the output threshold in each of the 977 sequences.
Found a best site in 444 sequences.
Computing q-values.
# Computing q-values.
#   Estimating pi_0 from a uniformly sampled set of 10000 p-values.
#   Estimating pi_0.
# Minimal pi_zero = 0.977638
#   Estimated pi_0=0.985
Using motif +PTBP1_1019 of width 5.
Finding best site passing the output threshold in each of the 977 sequences.
Found a best site in 511 sequences.
Computing q-values.
# Computing q-values.
#   Estimating pi_0 from a uniformly sampled set of 10000 p-values.
#   Estimating pi_0.
# Minimal pi_zero = 0.975238
#   Estimated pi_0=0.979884
Using motif +HNRNPA1_641 of width 6.
Finding best site passing the output threshold in each of the 977 sequences.
Found a best site in 507 sequences.
Computing q-values.
# Computing q-values.
#   Estimating pi_0 from a uniformly sampled set of 10000 p-values.
#   Estimating pi_0.
# Minimal pi_zero = 0.982685
#   Estimated pi_0=0.991327
Using motif +HNRNPA2B1_708 of width 11.
Finding best site passing the output threshold in each of the 977 sequences.
Found a best site in 538 sequences.
Computing q-values.
# Computing q-values.
#   Estimating pi_0 from a uniformly sampled set of 10000 p-values.
#   Estimating pi_0.
# Minimal pi_zero = 0.971194
#   Estimated pi_0=0.978588
Using motif +QKI_1142 of width 6.
Finding best site passing the output threshold in each of the 977 sequences.
Found a best site in 74 sequences.
Computing q-values.
# Computing q-values.
#   Estimating pi_0 from a uniformly sampled set of 10000 p-values.
#   Estimating pi_0.
# Minimal pi_zero = 1.00291
#   Estimated pi_0=1
Using motif +HNRNPA1_684 of width 7.
Finding best site passing the output threshold in each of the 977 sequences.
Found a best site in 360 sequences.
Computing q-values.
# Computing q-values.
#   Estimating pi_0 from a uniformly sampled set of 10000 p-values.
#   Estimating pi_0.
# Minimal pi_zero = 0.939735
#   Estimated pi_0=0.947186
Using motif +PTBP1_999 of width 6.
Finding best site passing the output threshold in each of the 977 sequences.
Found a best site in 147 sequences.
Computing q-values.
# Computing q-values.
#   Estimating pi_0 from a uniformly sampled set of 10000 p-values.
#   Estimating pi_0.
# Minimal pi_zero = 0.959329
#   Estimated pi_0=0.959329
Using motif +SRSF1_1232 of width 7.
Finding best site passing the output threshold in each of the 977 sequences.
Found a best site in 429 sequences.
Computing q-values.
# Computing q-values.
#   Estimating pi_0 from a uniformly sampled set of 10000 p-values.
#   Estimating pi_0.
# Minimal pi_zero = 0.967302
#   Estimated pi_0=0.97573
Using motif +HNRNPA1_655 of width 8.
Finding best site passing the output threshold in each of the 977 sequences.
Found a best site in 556 sequences.
Computing q-values.
# Computing q-values.
#   Estimating pi_0 from a uniformly sampled set of 10000 p-values.
#   Estimating pi_0.
# Minimal pi_zero = 0.982234
#   Estimated pi_0=0.985208
Using motif +NOVA2_s29 of width 7.
Finding best site passing the output threshold in each of the 977 sequences.
Found a best site in 393 sequences.
Computing q-values.
# Computing q-values.
#   Estimating pi_0 from a uniformly sampled set of 10000 p-values.
#   Estimating pi_0.
# Minimal pi_zero = 0.988243
#   Estimated pi_0=0.996667
Using motif +TARDBP_1276 of width 7.
Finding best site passing the output threshold in each of the 977 sequences.
Found a best site in 346 sequences.
Computing q-values.
# Computing q-values.
#   Estimating pi_0 from a uniformly sampled set of 10000 p-values.
#   Estimating pi_0.
# Minimal pi_zero = 0.936885
#   Estimated pi_0=0.943597
Using motif +HNRNPA1_678 of width 6.
Finding best site passing the output threshold in each of the 977 sequences.
Found a best site in 266 sequences.
Computing q-values.
# Computing q-values.
#   Estimating pi_0 from a uniformly sampled set of 10000 p-values.
#   Estimating pi_0.
# Minimal pi_zero = 0.976
#   Estimated pi_0=0.99027
Using motif +PTBP1_105 of width 8.
Finding best site passing the output threshold in each of the 977 sequences.
Found a best site in 578 sequences.
Computing q-values.
# Computing q-values.
#   Estimating pi_0 from a uniformly sampled set of 10000 p-values.
#   Estimating pi_0.
# Minimal pi_zero = 0.939667
#   Estimated pi_0=0.951205
Using motif +HNRNPA2B1_125 of width 11.
Finding best site passing the output threshold in each of the 977 sequences.
Found a best site in 538 sequences.
Computing q-values.
# Computing q-values.
#   Estimating pi_0 from a uniformly sampled set of 10000 p-values.
#   Estimating pi_0.
# Minimal pi_zero = 0.956119
#   Estimated pi_0=0.967719
Using motif +TARDBP_M074_0.6 of width 8.
Finding best site passing the output threshold in each of the 977 sequences.
Found a best site in 381 sequences.
Computing q-values.
# Computing q-values.
#   Estimating pi_0 from a uniformly sampled set of 10000 p-values.
#   Estimating pi_0.
# Minimal pi_zero = 0.995912
#   Estimated pi_0=1
Using motif +NOVA2_s28 of width 6.
Finding best site passing the output threshold in each of the 977 sequences.
Found a best site in 360 sequences.
Computing q-values.
# Computing q-values.
#   Estimating pi_0 from a uniformly sampled set of 10000 p-values.
#   Estimating pi_0.
# Minimal pi_zero = 0.99058
#   Estimated pi_0=1
Using motif +PTBP1_1025 of width 6.
Finding best site passing the output threshold in each of the 977 sequences.
Found a best site in 537 sequences.
Computing q-values.
# Computing q-values.
#   Estimating pi_0 from a uniformly sampled set of 10000 p-values.
#   Estimating pi_0.
# Minimal pi_zero = 0.949333
#   Estimated pi_0=0.953421
Using motif +HNRNPA1_691 of width 6.
Finding best site passing the output threshold in each of the 977 sequences.
Found a best site in 212 sequences.
Computing q-values.
# Computing q-values.
#   Estimating pi_0 from a uniformly sampled set of 10000 p-values.
#   Estimating pi_0.
# Minimal pi_zero = 0.994486
#   Estimated pi_0=0.998687
Using motif +ELAVL1_1106 of width 7.
Finding best site passing the output threshold in each of the 977 sequences.
Found a best site in 455 sequences.
Computing q-values.
# Computing q-values.
#   Estimating pi_0 from a uniformly sampled set of 10000 p-values.
#   Estimating pi_0.
# Minimal pi_zero = 0.948
#   Estimated pi_0=0.948
Using motif +HNRNPA1_687 of width 10.
Finding best site passing the output threshold in each of the 977 sequences.
Found a best site in 366 sequences.
Computing q-values.
# Computing q-values.
#   Estimating pi_0 from a uniformly sampled set of 10000 p-values.
#   Estimating pi_0.
# Minimal pi_zero = 0.985612
#   Estimated pi_0=0.999798
Using motif +NUDT21_499 of width 4.
Finding best site passing the output threshold in each of the 977 sequences.
Found a best site in 0 sequences.
Computing q-values.
Using motif +QKI_1141 of width 6.
Finding best site passing the output threshold in each of the 977 sequences.
Found a best site in 253 sequences.
Computing q-values.
# Computing q-values.
#   Estimating pi_0 from a uniformly sampled set of 10000 p-values.
#   Estimating pi_0.
# Minimal pi_zero = 0.986508
#   Estimated pi_0=1
Using motif +HNRNPA1_686 of width 7.
Finding best site passing the output threshold in each of the 977 sequences.
Found a best site in 455 sequences.
Computing q-values.
# Computing q-values.
#   Estimating pi_0 from a uniformly sampled set of 10000 p-values.
#   Estimating pi_0.
# Minimal pi_zero = 0.953029
#   Estimated pi_0=0.953029
Using motif +HNRNPA1_685 of width 7.
Finding best site passing the output threshold in each of the 977 sequences.
Found a best site in 399 sequences.
Computing q-values.
# Computing q-values.
#   Estimating pi_0 from a uniformly sampled set of 10000 p-values.
#   Estimating pi_0.
# Minimal pi_zero = 0.97
#   Estimated pi_0=0.974583
Using motif +SRSF1_M102_0.6 of width 7.
Finding best site passing the output threshold in each of the 977 sequences.
Found a best site in 531 sequences.
Computing q-values.
# Computing q-values.
#   Estimating pi_0 from a uniformly sampled set of 10000 p-values.
#   Estimating pi_0.
# Minimal pi_zero = 0.993096
#   Estimated pi_0=0.994848
Using motif +FUS_s31 of width 6.
Finding best site passing the output threshold in each of the 977 sequences.
Found a best site in 465 sequences.
Computing q-values.
# Computing q-values.
#   Estimating pi_0 from a uniformly sampled set of 10000 p-values.
#   Estimating pi_0.
# Minimal pi_zero = 0.989312
#   Estimated pi_0=0.992268
Using motif +SRSF1_1219 of width 6.
Finding best site passing the output threshold in each of the 977 sequences.
Found a best site in 454 sequences.
Computing q-values.
# Computing q-values.
#   Estimating pi_0 from a uniformly sampled set of 10000 p-values.
#   Estimating pi_0.
# Minimal pi_zero = 0.973649
#   Estimated pi_0=0.98973
Using motif +NOVA1_1132 of width 5.
Finding best site passing the output threshold in each of the 977 sequences.
Found a best site in 0 sequences.
Computing q-values.
Using motif +SRSF1_1213 of width 9.
Finding best site passing the output threshold in each of the 977 sequences.
Found a best site in 508 sequences.
Computing q-values.
# Computing q-values.
#   Estimating pi_0 from a uniformly sampled set of 10000 p-values.
#   Estimating pi_0.
# Minimal pi_zero = 0.984541
#   Estimated pi_0=0.992103
Using motif +HNRNPA2B1_711 of width 6.
Finding best site passing the output threshold in each of the 977 sequences.
Found a best site in 136 sequences.
Computing q-values.
# Computing q-values.
#   Estimating pi_0 from a uniformly sampled set of 10000 p-values.
#   Estimating pi_0.
# Minimal pi_zero = 0.995243
#   Estimated pi_0=0.998173
Using motif +HNRNPA1_640 of width 10.
Finding best site passing the output threshold in each of the 977 sequences.
Found a best site in 356 sequences.
Computing q-values.
# Computing q-values.
#   Estimating pi_0 from a uniformly sampled set of 10000 p-values.
#   Estimating pi_0.
# Minimal pi_zero = 0.980288
#   Estimated pi_0=0.994057
Using motif +PTBP1_143 of width 5.
Finding best site passing the output threshold in each of the 977 sequences.
Found a best site in 511 sequences.
Computing q-values.
# Computing q-values.
#   Estimating pi_0 from a uniformly sampled set of 10000 p-values.
#   Estimating pi_0.
# Minimal pi_zero = 0.981582
#   Estimated pi_0=0.985236
Using motif +HNRNPA1_676 of width 6.
Finding best site passing the output threshold in each of the 977 sequences.
Found a best site in 192 sequences.
Computing q-values.
# Computing q-values.
#   Estimating pi_0 from a uniformly sampled set of 10000 p-values.
#   Estimating pi_0.
# Minimal pi_zero = 0.987626
#   Estimated pi_0=0.996869
Using motif +PTBP1_1011 of width 11.
Finding best site passing the output threshold in each of the 977 sequences.
Found a best site in 586 sequences.
Computing q-values.
# Computing q-values.
#   Estimating pi_0 from a uniformly sampled set of 10000 p-values.
#   Estimating pi_0.
# Minimal pi_zero = 0.94
#   Estimated pi_0=0.945269
Using motif +PTBP1_1000 of width 6.
Finding best site passing the output threshold in each of the 977 sequences.
Found a best site in 183 sequences.
Computing q-values.
# Computing q-values.
#   Estimating pi_0 from a uniformly sampled set of 10000 p-values.
#   Estimating pi_0.
# Minimal pi_zero = 0.937576
#   Estimated pi_0=0.9416
Using motif +ZFP36_109 of width 9.
Finding best site passing the output threshold in each of the 977 sequences.
Found a best site in 453 sequences.
Computing q-values.
# Computing q-values.
#   Estimating pi_0 from a uniformly sampled set of 10000 p-values.
#   Estimating pi_0.
# Minimal pi_zero = 0.980556
#   Estimated pi_0=0.985355
Using motif +QKI_M046_0.6 of width 7.
Finding best site passing the output threshold in each of the 977 sequences.
Found a best site in 208 sequences.
Computing q-values.
# Computing q-values.
#   Estimating pi_0 from a uniformly sampled set of 10000 p-values.
#   Estimating pi_0.
# Minimal pi_zero = 0.998636
#   Estimated pi_0=1
Using motif +NOVA1_1128 of width 7.
Finding best site passing the output threshold in each of the 977 sequences.
Found a best site in 400 sequences.
Computing q-values.
# Computing q-values.
#   Estimating pi_0 from a uniformly sampled set of 10000 p-values.
#   Estimating pi_0.
# Minimal pi_zero = 0.954103
#   Estimated pi_0=0.96497
Using motif +HNRNPA1_M022_0.6 of width 7.
Finding best site passing the output threshold in each of the 977 sequences.
Found a best site in 277 sequences.
Computing q-values.
# Computing q-values.
#   Estimating pi_0 from a uniformly sampled set of 10000 p-values.
#   Estimating pi_0.
# Minimal pi_zero = 0.995534
#   Estimated pi_0=1
Using motif +HNRNPA2B1_709 of width 6.
Finding best site passing the output threshold in each of the 977 sequences.
Found a best site in 83 sequences.
Computing q-values.
# Computing q-values.
#   Estimating pi_0 from a uniformly sampled set of 10000 p-values.
#   Estimating pi_0.
# Minimal pi_zero = 0.989379
#   Estimated pi_0=1
Using motif +SRSF1_1235 of width 7.
Finding best site passing the output threshold in each of the 977 sequences.
Found a best site in 550 sequences.
Computing q-values.
# Computing q-values.
#   Estimating pi_0 from a uniformly sampled set of 10000 p-values.
#   Estimating pi_0.
# Minimal pi_zero = 0.985072
#   Estimated pi_0=0.9925
Using motif +TARDBP_1283 of width 12.
Finding best site passing the output threshold in each of the 977 sequences.
Found a best site in 473 sequences.
Computing q-values.
# Computing q-values.
#   Estimating pi_0 from a uniformly sampled set of 10000 p-values.
#   Estimating pi_0.
# Minimal pi_zero = 0.95519
#   Estimated pi_0=0.958902
Using motif +SRSF1_M154_0.6 of width 7.
Finding best site passing the output threshold in each of the 977 sequences.
Found a best site in 599 sequences.
Computing q-values.
# Computing q-values.
#   Estimating pi_0 from a uniformly sampled set of 10000 p-values.
#   Estimating pi_0.
# Minimal pi_zero = 0.961988
#   Estimated pi_0=0.965495
Using motif +HNRNPA1_682 of width 6.
Finding best site passing the output threshold in each of the 977 sequences.
Found a best site in 124 sequences.
Computing q-values.
# Computing q-values.
#   Estimating pi_0 from a uniformly sampled set of 10000 p-values.
#   Estimating pi_0.
# Minimal pi_zero = 0.988243
#   Estimated pi_0=1
Using motif +PTBP1_1024 of width 9.
Finding best site passing the output threshold in each of the 977 sequences.
Found a best site in 632 sequences.
Computing q-values.
# Computing q-values.
#   Estimating pi_0 from a uniformly sampled set of 10000 p-values.
#   Estimating pi_0.
# Minimal pi_zero = 0.935926
#   Estimated pi_0=0.94478
Using motif +HNRNPA1_693 of width 10.
Finding best site passing the output threshold in each of the 977 sequences.
Found a best site in 499 sequences.
Computing q-values.
# Computing q-values.
#   Estimating pi_0 from a uniformly sampled set of 10000 p-values.
#   Estimating pi_0.
# Minimal pi_zero = 0.988764
#   Estimated pi_0=0.993093
Using motif +SRSF1_40 of width 6.
Finding best site passing the output threshold in each of the 977 sequences.
Found a best site in 238 sequences.
Computing q-values.
# Computing q-values.
#   Estimating pi_0 from a uniformly sampled set of 10000 p-values.
#   Estimating pi_0.
# Minimal pi_zero = 0.987347
#   Estimated pi_0=0.992649
Using motif +QKI_83 of width 12.
Finding best site passing the output threshold in each of the 977 sequences.
Found a best site in 269 sequences.
Computing q-values.
# Computing q-values.
#   Estimating pi_0 from a uniformly sampled set of 10000 p-values.
#   Estimating pi_0.
# Minimal pi_zero = 0.986182
#   Estimated pi_0=1
Using motif +HNRNPA1_677 of width 6.
Finding best site passing the output threshold in each of the 977 sequences.
Found a best site in 225 sequences.
Computing q-values.
# Computing q-values.
#   Estimating pi_0 from a uniformly sampled set of 10000 p-values.
#   Estimating pi_0.
# Minimal pi_zero = 1.00016
#   Estimated pi_0=1
Using motif +SRSF1_17 of width 7.
Finding best site passing the output threshold in each of the 977 sequences.
Found a best site in 283 sequences.
Computing q-values.
# Computing q-values.
#   Estimating pi_0 from a uniformly sampled set of 10000 p-values.
#   Estimating pi_0.
# Minimal pi_zero = 0.972097
#   Estimated pi_0=0.978824
Using motif +HNRNPA1_s32 of width 6.
Finding best site passing the output threshold in each of the 977 sequences.
Found a best site in 283 sequences.
Computing q-values.
# Computing q-values.
#   Estimating pi_0 from a uniformly sampled set of 10000 p-values.
#   Estimating pi_0.
# Minimal pi_zero = 0.995191
#   Estimated pi_0=0.996263
Using motif +SRSF1_1237 of width 7.
Finding best site passing the output threshold in each of the 977 sequences.
Found a best site in 328 sequences.
Computing q-values.
# Computing q-values.
#   Estimating pi_0 from a uniformly sampled set of 10000 p-values.
#   Estimating pi_0.
# Minimal pi_zero = 0.964094
#   Estimated pi_0=0.972
Using motif +PTBP1_59 of width 5.
Finding best site passing the output threshold in each of the 977 sequences.
Found a best site in 0 sequences.
Computing q-values.
Using motif +QKI_3 of width 6.
Finding best site passing the output threshold in each of the 977 sequences.
Found a best site in 261 sequences.
Computing q-values.
# Computing q-values.
#   Estimating pi_0 from a uniformly sampled set of 10000 p-values.
#   Estimating pi_0.
# Minimal pi_zero = 0.984895
#   Estimated pi_0=1
Using motif +PTBP1_25 of width 9.
Finding best site passing the output threshold in each of the 977 sequences.
Found a best site in 632 sequences.
Computing q-values.
# Computing q-values.
#   Estimating pi_0 from a uniformly sampled set of 10000 p-values.
#   Estimating pi_0.
# Minimal pi_zero = 0.945786
#   Estimated pi_0=0.945786
Using motif +HNRNPA1_72 of width 6.
Finding best site passing the output threshold in each of the 977 sequences.
Found a best site in 293 sequences.
Computing q-values.
# Computing q-values.
#   Estimating pi_0 from a uniformly sampled set of 10000 p-values.
#   Estimating pi_0.
# Minimal pi_zero = 0.988286
#   Estimated pi_0=0.994687
Using motif +SRSF1_1212 of width 8.
Finding best site passing the output threshold in each of the 977 sequences.
Found a best site in 589 sequences.
Computing q-values.
# Computing q-values.
#   Estimating pi_0 from a uniformly sampled set of 10000 p-values.
#   Estimating pi_0.
# Minimal pi_zero = 0.975636
#   Estimated pi_0=0.982187
Using motif +PTBP1_1003 of width 7.
Finding best site passing the output threshold in each of the 977 sequences.
Found a best site in 473 sequences.
Computing q-values.
# Computing q-values.
#   Estimating pi_0 from a uniformly sampled set of 10000 p-values.
#   Estimating pi_0.
# Minimal pi_zero = 0.947704
#   Estimated pi_0=0.963258
Using motif +HNRNPA1_52 of width 11.
Finding best site passing the output threshold in each of the 977 sequences.
Found a best site in 538 sequences.
Computing q-values.
# Computing q-values.
#   Estimating pi_0 from a uniformly sampled set of 10000 p-values.
#   Estimating pi_0.
# Minimal pi_zero = 0.955188
#   Estimated pi_0=0.969708
Using motif +ELAVL1_164 of width 12.
Finding best site passing the output threshold in each of the 977 sequences.
Found a best site in 552 sequences.
Computing q-values.
# Computing q-values.
#   Estimating pi_0 from a uniformly sampled set of 10000 p-values.
#   Estimating pi_0.
# Minimal pi_zero = 0.98
#   Estimated pi_0=0.98
Using motif +PTBP1_136 of width 5.
Finding best site passing the output threshold in each of the 977 sequences.
Found a best site in 511 sequences.
Computing q-values.
# Computing q-values.
#   Estimating pi_0 from a uniformly sampled set of 10000 p-values.
#   Estimating pi_0.
# Minimal pi_zero = 0.958857
#   Estimated pi_0=0.967442
Using motif +SRSF1_1239 of width 9.
Finding best site passing the output threshold in each of the 977 sequences.
Found a best site in 462 sequences.
Computing q-values.
# Computing q-values.
#   Estimating pi_0 from a uniformly sampled set of 10000 p-values.
#   Estimating pi_0.
# Minimal pi_zero = 0.980559
#   Estimated pi_0=0.983459
Using motif +MBNL1_1126 of width 10.
Finding best site passing the output threshold in each of the 977 sequences.
Found a best site in 415 sequences.
Computing q-values.
# Computing q-values.
#   Estimating pi_0 from a uniformly sampled set of 10000 p-values.
#   Estimating pi_0.
# Minimal pi_zero = 0.938077
#   Estimated pi_0=0.956138
Using motif +ELAVL1_1107 of width 7.
Finding best site passing the output threshold in each of the 977 sequences.
Found a best site in 360 sequences.
Computing q-values.
# Computing q-values.
#   Estimating pi_0 from a uniformly sampled set of 10000 p-values.
#   Estimating pi_0.
# Minimal pi_zero = 0.944238
#   Estimated pi_0=0.94994
Using motif +PTBP1_s80 of width 7.
Finding best site passing the output threshold in each of the 977 sequences.
Found a best site in 442 sequences.
Computing q-values.
# Computing q-values.
#   Estimating pi_0 from a uniformly sampled set of 10000 p-values.
#   Estimating pi_0.
# Minimal pi_zero = 0.95561
#   Estimated pi_0=0.969663
Using motif +KHDRBS1_1159 of width 7.
Finding best site passing the output threshold in each of the 977 sequences.
Found a best site in 455 sequences.
Computing q-values.
# Computing q-values.
#   Estimating pi_0 from a uniformly sampled set of 10000 p-values.
#   Estimating pi_0.
# Minimal pi_zero = 0.9448
#   Estimated pi_0=0.9448
Using motif +HNRNPA1_650 of width 5.
Finding best site passing the output threshold in each of the 977 sequences.
Found a best site in 0 sequences.
Computing q-values.
Using motif +HNRNPA1_649 of width 10.
Finding best site passing the output threshold in each of the 977 sequences.
Found a best site in 356 sequences.
Computing q-values.
# Computing q-values.
#   Estimating pi_0 from a uniformly sampled set of 10000 p-values.
#   Estimating pi_0.
# Minimal pi_zero = 0.982609
#   Estimated pi_0=0.995026
Using motif +PTBP1_1020 of width 5.
Finding best site passing the output threshold in each of the 977 sequences.
Found a best site in 0 sequences.
Computing q-values.
Using motif +PTBP1_489 of width 4.
Finding best site passing the output threshold in each of the 977 sequences.
Found a best site in 0 sequences.
Computing q-values.
Using motif +HNRNPA1_694 of width 6.
Finding best site passing the output threshold in each of the 977 sequences.
Found a best site in 83 sequences.
Computing q-values.
# Computing q-values.
#   Estimating pi_0 from a uniformly sampled set of 10000 p-values.
#   Estimating pi_0.
# Minimal pi_zero = 0.99774
#   Estimated pi_0=1
Using motif +HNRNPA1_661 of width 5.
Finding best site passing the output threshold in each of the 977 sequences.
Found a best site in 0 sequences.
Computing q-values.
Using motif +TARDBP_1278 of width 7.
Finding best site passing the output threshold in each of the 977 sequences.
Found a best site in 376 sequences.
Computing q-values.
# Computing q-values.
#   Estimating pi_0 from a uniformly sampled set of 10000 p-values.
#   Estimating pi_0.
# Minimal pi_zero = 0.940476
#   Estimated pi_0=0.943465
Using motif +HNRNPA1_673 of width 7.
Finding best site passing the output threshold in each of the 977 sequences.
Found a best site in 278 sequences.
Computing q-values.
# Computing q-values.
#   Estimating pi_0 from a uniformly sampled set of 10000 p-values.
#   Estimating pi_0.
# Minimal pi_zero = 0.976167
#   Estimated pi_0=0.992849
Using motif +HNRNPA2B1_701 of width 6.
Finding best site passing the output threshold in each of the 977 sequences.
Found a best site in 192 sequences.
Computing q-values.
# Computing q-values.
#   Estimating pi_0 from a uniformly sampled set of 10000 p-values.
#   Estimating pi_0.
# Minimal pi_zero = 0.990333
#   Estimated pi_0=0.996465
Using motif +NOVA1_1129 of width 7.
Finding best site passing the output threshold in each of the 977 sequences.
Found a best site in 455 sequences.
Computing q-values.
# Computing q-values.
#   Estimating pi_0 from a uniformly sampled set of 10000 p-values.
#   Estimating pi_0.
# Minimal pi_zero = 0.945371
#   Estimated pi_0=0.945371
Using motif +QKI_70 of width 12.
Finding best site passing the output threshold in each of the 977 sequences.
Found a best site in 327 sequences.
Computing q-values.
# Computing q-values.
#   Estimating pi_0 from a uniformly sampled set of 10000 p-values.
#   Estimating pi_0.
# Minimal pi_zero = 0.965794
#   Estimated pi_0=0.985195
Using motif +ELAVL1_M127_0.6 of width 7.
Finding best site passing the output threshold in each of the 977 sequences.
Found a best site in 544 sequences.
Computing q-values.
# Computing q-values.
#   Estimating pi_0 from a uniformly sampled set of 10000 p-values.
#   Estimating pi_0.
# Minimal pi_zero = 0.983478
#   Estimated pi_0=0.988923
Using motif +PTBP1_s100 of width 7.
Finding best site passing the output threshold in each of the 977 sequences.
Found a best site in 607 sequences.
Computing q-values.
# Computing q-values.
#   Estimating pi_0 from a uniformly sampled set of 10000 p-values.
#   Estimating pi_0.
# Minimal pi_zero = 0.959157
#   Estimated pi_0=0.966667
Using motif +SRSF1_1222 of width 6.
Finding best site passing the output threshold in each of the 977 sequences.
Found a best site in 209 sequences.
Computing q-values.
# Computing q-values.
#   Estimating pi_0 from a uniformly sampled set of 10000 p-values.
#   Estimating pi_0.
# Minimal pi_zero = 0.989008
#   Estimated pi_0=1
Using motif +SRSF1_1214 of width 10.
Finding best site passing the output threshold in each of the 977 sequences.
Found a best site in 531 sequences.
Computing q-values.
# Computing q-values.
#   Estimating pi_0 from a uniformly sampled set of 10000 p-values.
#   Estimating pi_0.
# Minimal pi_zero = 0.971701
#   Estimated pi_0=0.980111
Using motif +SRSF1_1223 of width 7.
Finding best site passing the output threshold in each of the 977 sequences.
Found a best site in 253 sequences.
Computing q-values.
# Computing q-values.
#   Estimating pi_0 from a uniformly sampled set of 10000 p-values.
#   Estimating pi_0.
# Minimal pi_zero = 0.97392
#   Estimated pi_0=0.979137
Using motif +PTBP1_100 of width 10.
Finding best site passing the output threshold in each of the 977 sequences.
Found a best site in 644 sequences.
Computing q-values.
# Computing q-values.
#   Estimating pi_0 from a uniformly sampled set of 10000 p-values.
#   Estimating pi_0.
# Minimal pi_zero = 0.932766
#   Estimated pi_0=0.935034
Using motif +NOVA1_99 of width 4.
Finding best site passing the output threshold in each of the 977 sequences.
Found a best site in 0 sequences.
Computing q-values.
Using motif +ZFP36_38 of width 5.
Finding best site passing the output threshold in each of the 977 sequences.
Found a best site in 0 sequences.
Computing q-values.
Using motif +PTBP1_380 of width 6.
Finding best site passing the output threshold in each of the 977 sequences.
Found a best site in 537 sequences.
Computing q-values.
# Computing q-values.
#   Estimating pi_0 from a uniformly sampled set of 10000 p-values.
#   Estimating pi_0.
# Minimal pi_zero = 0.947123
#   Estimated pi_0=0.9488
Using motif +SRSF1_1226 of width 12.
Finding best site passing the output threshold in each of the 977 sequences.
Found a best site in 485 sequences.
Computing q-values.
# Computing q-values.
#   Estimating pi_0 from a uniformly sampled set of 10000 p-values.
#   Estimating pi_0.
# Minimal pi_zero = 0.975439
#   Estimated pi_0=0.986595
Using motif +SRSF1_1224 of width 7.
Finding best site passing the output threshold in each of the 977 sequences.
Found a best site in 584 sequences.
Computing q-values.
# Computing q-values.
#   Estimating pi_0 from a uniformly sampled set of 10000 p-values.
#   Estimating pi_0.
# Minimal pi_zero = 0.98
#   Estimated pi_0=0.983799
Using motif +SRSF1_s60 of width 8.
Finding best site passing the output threshold in each of the 977 sequences.
Found a best site in 478 sequences.
Computing q-values.
# Computing q-values.
#   Estimating pi_0 from a uniformly sampled set of 10000 p-values.
#   Estimating pi_0.
# Minimal pi_zero = 0.996
#   Estimated pi_0=0.999095
Using motif +QKI_1140 of width 5.
Finding best site passing the output threshold in each of the 977 sequences.
Found a best site in 105 sequences.
Computing q-values.
# Computing q-values.
#   Estimating pi_0 from a uniformly sampled set of 10000 p-values.
#   Estimating pi_0.
# Minimal pi_zero = 0.939802
#   Estimated pi_0=0.939802
Using motif +HNRNPA1_1342 of width 5.
Finding best site passing the output threshold in each of the 977 sequences.
Found a best site in 429 sequences.
Computing q-values.
# Computing q-values.
#   Estimating pi_0 from a uniformly sampled set of 10000 p-values.
#   Estimating pi_0.
# Minimal pi_zero = 0.981429
#   Estimated pi_0=0.981429
Using motif +SRSF1_325 of width 7.
Finding best site passing the output threshold in each of the 977 sequences.
Found a best site in 531 sequences.
Computing q-values.
# Computing q-values.
#   Estimating pi_0 from a uniformly sampled set of 10000 p-values.
#   Estimating pi_0.
# Minimal pi_zero = 0.981429
#   Estimated pi_0=0.982366
Using motif +SRSF1_1362 of width 9.
Finding best site passing the output threshold in each of the 977 sequences.
Found a best site in 498 sequences.
Computing q-values.
# Computing q-values.
#   Estimating pi_0 from a uniformly sampled set of 10000 p-values.
#   Estimating pi_0.
# Minimal pi_zero = 0.977564
#   Estimated pi_0=0.980757
Using motif +PTBP1_1379 of width 10.
Finding best site passing the output threshold in each of the 977 sequences.
Found a best site in 452 sequences.
Computing q-values.
# Computing q-values.
#   Estimating pi_0 from a uniformly sampled set of 10000 p-values.
#   Estimating pi_0.
# Minimal pi_zero = 0.976957
#   Estimated pi_0=0.988667
Using motif +HNRNPA1_1305 of width 6.
Finding best site passing the output threshold in each of the 977 sequences.
Found a best site in 124 sequences.
Computing q-values.
# Computing q-values.
#   Estimating pi_0 from a uniformly sampled set of 10000 p-values.
#   Estimating pi_0.
# Minimal pi_zero = 0.982432
#   Estimated pi_0=0.999188
Using motif +SRSF1_1351 of width 9.
Finding best site passing the output threshold in each of the 977 sequences.
Found a best site in 562 sequences.
Computing q-values.
# Computing q-values.
#   Estimating pi_0 from a uniformly sampled set of 10000 p-values.
#   Estimating pi_0.
# Minimal pi_zero = 0.98
#   Estimated pi_0=0.983246
Using motif +HNRNPA1_1358 of width 6.
Finding best site passing the output threshold in each of the 977 sequences.
Found a best site in 108 sequences.
Computing q-values.
# Computing q-values.
#   Estimating pi_0 from a uniformly sampled set of 10000 p-values.
#   Estimating pi_0.
# Minimal pi_zero = 0.983401
#   Estimated pi_0=0.989405
Using motif +PTBP1_1314 of width 9.
Finding best site passing the output threshold in each of the 977 sequences.
Found a best site in 525 sequences.
Computing q-values.
# Computing q-values.
#   Estimating pi_0 from a uniformly sampled set of 10000 p-values.
#   Estimating pi_0.
# Minimal pi_zero = 0.955488
#   Estimated pi_0=0.968324
Using motif +SRSF1_1388 of width 7.
Finding best site passing the output threshold in each of the 977 sequences.
Found a best site in 503 sequences.
Computing q-values.
# Computing q-values.
#   Estimating pi_0 from a uniformly sampled set of 10000 p-values.
#   Estimating pi_0.
# Minimal pi_zero = 0.973408
#   Estimated pi_0=0.978444
Using motif +SRSF1_1367 of width 7.
Finding best site passing the output threshold in each of the 977 sequences.
Found a best site in 468 sequences.
Computing q-values.
# Computing q-values.
#   Estimating pi_0 from a uniformly sampled set of 10000 p-values.
#   Estimating pi_0.
# Minimal pi_zero = 0.982588
#   Estimated pi_0=0.989062
Using motif +SRSF1_1385 of width 7.
Finding best site passing the output threshold in each of the 977 sequences.
Found a best site in 450 sequences.
Computing q-values.
# Computing q-values.
#   Estimating pi_0 from a uniformly sampled set of 10000 p-values.
#   Estimating pi_0.
# Minimal pi_zero = 0.985614
#   Estimated pi_0=0.987821
Using motif +SRSF1_1336 of width 10.
Finding best site passing the output threshold in each of the 977 sequences.
Found a best site in 597 sequences.
Computing q-values.
# Computing q-values.
#   Estimating pi_0 from a uniformly sampled set of 10000 p-values.
#   Estimating pi_0.
# Minimal pi_zero = 0.974752
#   Estimated pi_0=0.980556
Using motif +PTBP1_1381 of width 10.
Finding best site passing the output threshold in each of the 977 sequences.
Found a best site in 632 sequences.
Computing q-values.
# Computing q-values.
#   Estimating pi_0 from a uniformly sampled set of 10000 p-values.
#   Estimating pi_0.
# Minimal pi_zero = 0.941793
#   Estimated pi_0=0.949487
Using motif +SRSF1_1345 of width 7.
Finding best site passing the output threshold in each of the 977 sequences.
Found a best site in 441 sequences.
Computing q-values.
# Computing q-values.
#   Estimating pi_0 from a uniformly sampled set of 10000 p-values.
#   Estimating pi_0.
# Minimal pi_zero = 0.977561
#   Estimated pi_0=0.986927
Using motif +HNRNPA1_1304 of width 5.
Finding best site passing the output threshold in each of the 977 sequences.
Found a best site in 470 sequences.
Computing q-values.
# Computing q-values.
#   Estimating pi_0 from a uniformly sampled set of 10000 p-values.
#   Estimating pi_0.
# Minimal pi_zero = 0.976078
#   Estimated pi_0=0.986772
Using motif +SRSF1_1324 of width 7.
Finding best site passing the output threshold in each of the 977 sequences.
Found a best site in 413 sequences.
Computing q-values.
# Computing q-values.
#   Estimating pi_0 from a uniformly sampled set of 10000 p-values.
#   Estimating pi_0.
# Minimal pi_zero = 0.971613
#   Estimated pi_0=0.977529
Using motif +SRSF1_1327 of width 9.
Finding best site passing the output threshold in each of the 977 sequences.
Found a best site in 442 sequences.
Computing q-values.
# Computing q-values.
#   Estimating pi_0 from a uniformly sampled set of 10000 p-values.
#   Estimating pi_0.
# Minimal pi_zero = 0.980779
#   Estimated pi_0=0.98663
Using motif +SRSF1_1335 of width 7.
Finding best site passing the output threshold in each of the 977 sequences.
Found a best site in 422 sequences.
Computing q-values.
# Computing q-values.
#   Estimating pi_0 from a uniformly sampled set of 10000 p-values.
#   Estimating pi_0.
# Minimal pi_zero = 0.952615
#   Estimated pi_0=0.957639
Using motif +HNRNPA1_1306 of width 10.
Finding best site passing the output threshold in each of the 977 sequences.
Found a best site in 597 sequences.
Computing q-values.
# Computing q-values.
#   Estimating pi_0 from a uniformly sampled set of 10000 p-values.
#   Estimating pi_0.
# Minimal pi_zero = 0.972714
#   Estimated pi_0=0.980571
Using motif +PTBP1_1341 of width 7.
Finding best site passing the output threshold in each of the 977 sequences.
Found a best site in 442 sequences.
Computing q-values.
# Computing q-values.
#   Estimating pi_0 from a uniformly sampled set of 10000 p-values.
#   Estimating pi_0.
# Minimal pi_zero = 0.949593
#   Estimated pi_0=0.962775
Using motif +SRSF1_1349 of width 6.
Finding best site passing the output threshold in each of the 977 sequences.
Found a best site in 390 sequences.
Computing q-values.
# Computing q-values.
#   Estimating pi_0 from a uniformly sampled set of 10000 p-values.
#   Estimating pi_0.
# Minimal pi_zero = 0.975676
#   Estimated pi_0=0.983057
Using motif +NOVA1_1378 of width 8.
Finding best site passing the output threshold in each of the 977 sequences.
Found a best site in 491 sequences.
Computing q-values.
# Computing q-values.
#   Estimating pi_0 from a uniformly sampled set of 10000 p-values.
#   Estimating pi_0.
# Minimal pi_zero = 0.960174
#   Estimated pi_0=0.977455
Using motif +HNRNPA1_1346 of width 10.
Finding best site passing the output threshold in each of the 977 sequences.
Found a best site in 356 sequences.
Computing q-values.
# Computing q-values.
#   Estimating pi_0 from a uniformly sampled set of 10000 p-values.
#   Estimating pi_0.
# Minimal pi_zero = 0.983022
#   Estimated pi_0=0.999394
Using motif +SRSF1_1376 of width 12.
Finding best site passing the output threshold in each of the 977 sequences.
Found a best site in 420 sequences.
Computing q-values.
# Computing q-values.
#   Estimating pi_0 from a uniformly sampled set of 10000 p-values.
#   Estimating pi_0.
# Minimal pi_zero = 0.977143
#   Estimated pi_0=0.993231
Using motif +PTBP1_1398 of width 6.
Finding best site passing the output threshold in each of the 977 sequences.
Found a best site in 217 sequences.
Computing q-values.
# Computing q-values.
#   Estimating pi_0 from a uniformly sampled set of 10000 p-values.
#   Estimating pi_0.
# Minimal pi_zero = 0.944828
#   Estimated pi_0=0.947867
Using motif +SRSF1_1390 of width 9.
Finding best site passing the output threshold in each of the 977 sequences.
Found a best site in 508 sequences.
Computing q-values.
# Computing q-values.
#   Estimating pi_0 from a uniformly sampled set of 10000 p-values.
#   Estimating pi_0.
# Minimal pi_zero = 0.978776
#   Estimated pi_0=0.988172
Using motif +SRSF1_1312 of width 8.
Finding best site passing the output threshold in each of the 977 sequences.
Found a best site in 471 sequences.
Computing q-values.
# Computing q-values.
#   Estimating pi_0 from a uniformly sampled set of 10000 p-values.
#   Estimating pi_0.
# Minimal pi_zero = 0.988415
#   Estimated pi_0=0.992872
Using motif +SRSF1_1319 of width 9.
Finding best site passing the output threshold in each of the 977 sequences.
Found a best site in 556 sequences.
Computing q-values.
# Computing q-values.
#   Estimating pi_0 from a uniformly sampled set of 10000 p-values.
#   Estimating pi_0.
# Minimal pi_zero = 0.971572
#   Estimated pi_0=0.977297
Using motif +SRSF1_1393 of width 7.
Finding best site passing the output threshold in each of the 977 sequences.
Found a best site in 131 sequences.
Computing q-values.
# Computing q-values.
#   Estimating pi_0 from a uniformly sampled set of 10000 p-values.
#   Estimating pi_0.
# Minimal pi_zero = 0.9584
#   Estimated pi_0=0.967656
Using motif +SRSF1_1364 of width 7.
Finding best site passing the output threshold in each of the 977 sequences.
Found a best site in 501 sequences.
Computing q-values.
# Computing q-values.
#   Estimating pi_0 from a uniformly sampled set of 10000 p-values.
#   Estimating pi_0.
# Minimal pi_zero = 0.973175
#   Estimated pi_0=0.983146
Using motif +PTBP1_1368 of width 8.
Finding best site passing the output threshold in each of the 977 sequences.
Found a best site in 515 sequences.
Computing q-values.
# Computing q-values.
#   Estimating pi_0 from a uniformly sampled set of 10000 p-values.
#   Estimating pi_0.
# Minimal pi_zero = 0.953158
#   Estimated pi_0=0.963256
Using motif +PTBP2_1317 of width 5.
Finding best site passing the output threshold in each of the 977 sequences.
Found a best site in 454 sequences.
Computing q-values.
# Computing q-values.
#   Estimating pi_0 from a uniformly sampled set of 10000 p-values.
#   Estimating pi_0.
# Minimal pi_zero = 0.957342
#   Estimated pi_0=0.957342
Using motif +SRSF1_1353 of width 9.
Finding best site passing the output threshold in each of the 977 sequences.
Found a best site in 493 sequences.
Computing q-values.
# Computing q-values.
#   Estimating pi_0 from a uniformly sampled set of 10000 p-values.
#   Estimating pi_0.
# Minimal pi_zero = 0.982466
#   Estimated pi_0=0.987594
Using motif +SRSF1_1310 of width 7.
Finding best site passing the output threshold in each of the 977 sequences.
Found a best site in 413 sequences.
Computing q-values.
# Computing q-values.
#   Estimating pi_0 from a uniformly sampled set of 10000 p-values.
#   Estimating pi_0.
# Minimal pi_zero = 0.980588
#   Estimated pi_0=0.985222
Using motif +PTBP2_1370 of width 6.
Finding best site passing the output threshold in each of the 977 sequences.
Found a best site in 537 sequences.
Computing q-values.
# Computing q-values.
#   Estimating pi_0 from a uniformly sampled set of 10000 p-values.
#   Estimating pi_0.
# Minimal pi_zero = 0.949863
#   Estimated pi_0=0.950267
Using motif +PTBP1_1372 of width 5.
Finding best site passing the output threshold in each of the 977 sequences.
Found a best site in 454 sequences.
Computing q-values.
# Computing q-values.
#   Estimating pi_0 from a uniformly sampled set of 10000 p-values.
#   Estimating pi_0.
# Minimal pi_zero = 0.96242
#   Estimated pi_0=0.968588
Using motif +SRSF1_1326 of width 6.
Finding best site passing the output threshold in each of the 977 sequences.
Found a best site in 447 sequences.
Computing q-values.
# Computing q-values.
#   Estimating pi_0 from a uniformly sampled set of 10000 p-values.
#   Estimating pi_0.
# Minimal pi_zero = 0.975676
#   Estimated pi_0=0.987958
Using motif +SRSF1_1383 of width 8.
Finding best site passing the output threshold in each of the 977 sequences.
Found a best site in 553 sequences.
Computing q-values.
# Computing q-values.
#   Estimating pi_0 from a uniformly sampled set of 10000 p-values.
#   Estimating pi_0.
# Minimal pi_zero = 0.984957
#   Estimated pi_0=0.986138
Using motif +SRSF1_1389 of width 9.
Finding best site passing the output threshold in each of the 977 sequences.
Found a best site in 460 sequences.
Computing q-values.
# Computing q-values.
#   Estimating pi_0 from a uniformly sampled set of 10000 p-values.
#   Estimating pi_0.
# Minimal pi_zero = 0.984973
#   Estimated pi_0=0.984973
Using motif +HNRNPA1_1397 of width 4.
Finding best site passing the output threshold in each of the 977 sequences.
Found a best site in 0 sequences.
Computing q-values.
Using motif +PTBP1_1359 of width 6.
Finding best site passing the output threshold in each of the 977 sequences.
Found a best site in 537 sequences.
Computing q-values.
# Computing q-values.
#   Estimating pi_0 from a uniformly sampled set of 10000 p-values.
#   Estimating pi_0.
# Minimal pi_zero = 0.948219
#   Estimated pi_0=0.965393
Using motif +PTBP1_1382 of width 7.
Finding best site passing the output threshold in each of the 977 sequences.
Found a best site in 463 sequences.
Computing q-values.
# Computing q-values.
#   Estimating pi_0 from a uniformly sampled set of 10000 p-values.
#   Estimating pi_0.
# Minimal pi_zero = 0.949431
#   Estimated pi_0=0.964972
Using motif +PTBP1_1340 of width 7.
Finding best site passing the output threshold in each of the 977 sequences.
Found a best site in 546 sequences.
Computing q-values.
# Computing q-values.
#   Estimating pi_0 from a uniformly sampled set of 10000 p-values.
#   Estimating pi_0.
# Minimal pi_zero = 0.948
#   Estimated pi_0=0.959538
Using motif +SRSF1_1373 of width 8.
Finding best site passing the output threshold in each of the 977 sequences.
Found a best site in 589 sequences.
Computing q-values.
# Computing q-values.
#   Estimating pi_0 from a uniformly sampled set of 10000 p-values.
#   Estimating pi_0.
# Minimal pi_zero = 0.968121
#   Estimated pi_0=0.98
Using motif +SRSF1_1338 of width 12.
Finding best site passing the output threshold in each of the 977 sequences.
Found a best site in 593 sequences.
Computing q-values.
# Computing q-values.
#   Estimating pi_0 from a uniformly sampled set of 10000 p-values.
#   Estimating pi_0.
# Minimal pi_zero = 0.978344
#   Estimated pi_0=0.983011
Using motif +HNRNPA1_1366 of width 4.
Finding best site passing the output threshold in each of the 977 sequences.
Found a best site in 0 sequences.
Computing q-values.
[fimo] pas scan OK
Using motif +ZFP36_M269_0.6 of width 11.
Finding best site passing the output threshold in each of the 1541 sequences.
Found a best site in 840 sequences.
Computing q-values.
# Computing q-values.
#   Estimating pi_0 from a uniformly sampled set of 10000 p-values.
#   Estimating pi_0.
# Minimal pi_zero = 0.988701
#   Estimated pi_0=0.994141
Using motif +HNRNPA2B1_705 of width 11.
Finding best site passing the output threshold in each of the 1541 sequences.
Found a best site in 819 sequences.
Computing q-values.
# Computing q-values.
#   Estimating pi_0 from a uniformly sampled set of 10000 p-values.
#   Estimating pi_0.
# Minimal pi_zero = 0.994136
#   Estimated pi_0=0.996061
Using motif +SRSF1_1227 of width 9.
Finding best site passing the output threshold in each of the 1541 sequences.
Found a best site in 689 sequences.
Computing q-values.
# Computing q-values.
#   Estimating pi_0 from a uniformly sampled set of 10000 p-values.
#   Estimating pi_0.
# Minimal pi_zero = 0.994703
#   Estimated pi_0=0.998291
Using motif +SRSF1_1241 of width 7.
Finding best site passing the output threshold in each of the 1541 sequences.
Found a best site in 472 sequences.
Computing q-values.
# Computing q-values.
#   Estimating pi_0 from a uniformly sampled set of 10000 p-values.
#   Estimating pi_0.
# Minimal pi_zero = 1.00071
#   Estimated pi_0=1
Using motif +HNRNPA1_690 of width 6.
Finding best site passing the output threshold in each of the 1541 sequences.
Found a best site in 479 sequences.
Computing q-values.
# Computing q-values.
#   Estimating pi_0 from a uniformly sampled set of 10000 p-values.
#   Estimating pi_0.
# Minimal pi_zero = 0.986111
#   Estimated pi_0=1
Using motif +ELAVL1_1103 of width 5.
Finding best site passing the output threshold in each of the 1541 sequences.
Found a best site in 0 sequences.
Computing q-values.
Using motif +HNRNPA1_M271_0.6 of width 6.
Finding best site passing the output threshold in each of the 1541 sequences.
Found a best site in 494 sequences.
Computing q-values.
# Computing q-values.
#   Estimating pi_0 from a uniformly sampled set of 10000 p-values.
#   Estimating pi_0.
# Minimal pi_zero = 0.987885
#   Estimated pi_0=0.997868
Using motif +MBNL1_M320_0.6 of width 8.
Finding best site passing the output threshold in each of the 1541 sequences.
Found a best site in 845 sequences.
Computing q-values.
# Computing q-values.
#   Estimating pi_0 from a uniformly sampled set of 10000 p-values.
#   Estimating pi_0.
# Minimal pi_zero = 0.937167
#   Estimated pi_0=0.950238
Using motif +SRSF1_1218 of width 6.
Finding best site passing the output threshold in each of the 1541 sequences.
Found a best site in 358 sequences.
Computing q-values.
# Computing q-values.
#   Estimating pi_0 from a uniformly sampled set of 10000 p-values.
#   Estimating pi_0.
# Minimal pi_zero = 1.0003
#   Estimated pi_0=1
Using motif +NOVA1_64 of width 4.
Finding best site passing the output threshold in each of the 1541 sequences.
Found a best site in 0 sequences.
Computing q-values.
Using motif +HNRNPA1_660 of width 8.
Finding best site passing the output threshold in each of the 1541 sequences.
Found a best site in 474 sequences.
Computing q-values.
# Computing q-values.
#   Estimating pi_0 from a uniformly sampled set of 10000 p-values.
#   Estimating pi_0.
# Minimal pi_zero = 0.974175
#   Estimated pi_0=0.983411
Using motif +TARDBP_144 of width 12.
Finding best site passing the output threshold in each of the 1541 sequences.
Found a best site in 836 sequences.
Computing q-values.
# Computing q-values.
#   Estimating pi_0 from a uniformly sampled set of 10000 p-values.
#   Estimating pi_0.
# Minimal pi_zero = 0.941463
#   Estimated pi_0=0.952593
Using motif +SRSF1_1221 of width 6.
Finding best site passing the output threshold in each of the 1541 sequences.
Found a best site in 412 sequences.
Computing q-values.
# Computing q-values.
#   Estimating pi_0 from a uniformly sampled set of 10000 p-values.
#   Estimating pi_0.
# Minimal pi_zero = 0.976607
#   Estimated pi_0=0.993261
Using motif +SRSF1_s49 of width 7.
Finding best site passing the output threshold in each of the 1541 sequences.
Found a best site in 734 sequences.
Computing q-values.
# Computing q-values.
#   Estimating pi_0 from a uniformly sampled set of 10000 p-values.
#   Estimating pi_0.
# Minimal pi_zero = 0.999799
#   Estimated pi_0=0.999799
Using motif +SRSF1_1229 of width 6.
Finding best site passing the output threshold in each of the 1541 sequences.
Found a best site in 596 sequences.
Computing q-values.
# Computing q-values.
#   Estimating pi_0 from a uniformly sampled set of 10000 p-values.
#   Estimating pi_0.
# Minimal pi_zero = 0.991319
#   Estimated pi_0=0.996224
Using motif +SRSF1_1234 of width 7.
Finding best site passing the output threshold in each of the 1541 sequences.
Found a best site in 689 sequences.
Computing q-values.
# Computing q-values.
#   Estimating pi_0 from a uniformly sampled set of 10000 p-values.
#   Estimating pi_0.
# Minimal pi_zero = 0.999372
#   Estimated pi_0=1
Using motif +PTBP1_998 of width 6.
Finding best site passing the output threshold in each of the 1541 sequences.
Found a best site in 394 sequences.
Computing q-values.
# Computing q-values.
#   Estimating pi_0 from a uniformly sampled set of 10000 p-values.
#   Estimating pi_0.
# Minimal pi_zero = 0.952187
#   Estimated pi_0=0.957197
Using motif +KHDRBS1_1155 of width 6.
Finding best site passing the output threshold in each of the 1541 sequences.
Found a best site in 483 sequences.
Computing q-values.
# Computing q-values.
#   Estimating pi_0 from a uniformly sampled set of 10000 p-values.
#   Estimating pi_0.
# Minimal pi_zero = 0.912868
#   Estimated pi_0=0.918808
Using motif +SRSF1_1233 of width 7.
Finding best site passing the output threshold in each of the 1541 sequences.
Found a best site in 736 sequences.
Computing q-values.
# Computing q-values.
#   Estimating pi_0 from a uniformly sampled set of 10000 p-values.
#   Estimating pi_0.
# Minimal pi_zero = 0.995615
#   Estimated pi_0=0.999397
Using motif +PTBP1_51 of width 4.
Finding best site passing the output threshold in each of the 1541 sequences.
Found a best site in 0 sequences.
Computing q-values.
Using motif +SRSF1_M106_0.6 of width 8.
Finding best site passing the output threshold in each of the 1541 sequences.
Found a best site in 791 sequences.
Computing q-values.
# Computing q-values.
#   Estimating pi_0 from a uniformly sampled set of 10000 p-values.
#   Estimating pi_0.
# Minimal pi_zero = 0.995591
#   Estimated pi_0=0.999296
Using motif +HNRNPA1_692 of width 7.
Finding best site passing the output threshold in each of the 1541 sequences.
Found a best site in 772 sequences.
Computing q-values.
# Computing q-values.
#   Estimating pi_0 from a uniformly sampled set of 10000 p-values.
#   Estimating pi_0.
# Minimal pi_zero = 0.990521
#   Estimated pi_0=0.992308
Using motif +ELAVL1_367 of width 4.
Finding best site passing the output threshold in each of the 1541 sequences.
Found a best site in 0 sequences.
Computing q-values.
Using motif +SRSF1_1211 of width 9.
Finding best site passing the output threshold in each of the 1541 sequences.
Found a best site in 716 sequences.
Computing q-values.
# Computing q-values.
#   Estimating pi_0 from a uniformly sampled set of 10000 p-values.
#   Estimating pi_0.
# Minimal pi_zero = 0.988973
#   Estimated pi_0=0.995102
Using motif +HNRNPA1_679 of width 6.
Finding best site passing the output threshold in each of the 1541 sequences.
Found a best site in 279 sequences.
Computing q-values.
# Computing q-values.
#   Estimating pi_0 from a uniformly sampled set of 10000 p-values.
#   Estimating pi_0.
# Minimal pi_zero = 0.989
#   Estimated pi_0=0.997949
Using motif +FUS_M316_0.6 of width 4.
Finding best site passing the output threshold in each of the 1541 sequences.
Found a best site in 0 sequences.
Computing q-values.
Using motif +NOVA1_1131 of width 5.
Finding best site passing the output threshold in each of the 1541 sequences.
Found a best site in 0 sequences.
Computing q-values.
Using motif +SRSF1_1216 of width 7.
Finding best site passing the output threshold in each of the 1541 sequences.
Found a best site in 790 sequences.
Computing q-values.
# Computing q-values.
#   Estimating pi_0 from a uniformly sampled set of 10000 p-values.
#   Estimating pi_0.
# Minimal pi_zero = 0.989497
#   Estimated pi_0=0.994769
Using motif +HNRNPA1_653 of width 7.
Finding best site passing the output threshold in each of the 1541 sequences.
Found a best site in 435 sequences.
Computing q-values.
# Computing q-values.
#   Estimating pi_0 from a uniformly sampled set of 10000 p-values.
#   Estimating pi_0.
# Minimal pi_zero = 0.972241
#   Estimated pi_0=0.986667
Using motif +HNRNPA1_644 of width 6.
Finding best site passing the output threshold in each of the 1541 sequences.
Found a best site in 332 sequences.
Computing q-values.
# Computing q-values.
#   Estimating pi_0 from a uniformly sampled set of 10000 p-values.
#   Estimating pi_0.
# Minimal pi_zero = 0.986563
#   Estimated pi_0=1
Using motif +MBNL1_M320_0.6a of width 4.
Finding best site passing the output threshold in each of the 1541 sequences.
Found a best site in 0 sequences.
Computing q-values.
Using motif +PTBP1_1017 of width 7.
Finding best site passing the output threshold in each of the 1541 sequences.
Found a best site in 686 sequences.
Computing q-values.
# Computing q-values.
#   Estimating pi_0 from a uniformly sampled set of 10000 p-values.
#   Estimating pi_0.
# Minimal pi_zero = 0.979758
#   Estimated pi_0=0.984974
Using motif +ELAVL1_1105 of width 9.
Finding best site passing the output threshold in each of the 1541 sequences.
Found a best site in 634 sequences.
Computing q-values.
# Computing q-values.
#   Estimating pi_0 from a uniformly sampled set of 10000 p-values.
#   Estimating pi_0.
# Minimal pi_zero = 0.925962
#   Estimated pi_0=0.93268
Using motif +SRSF1_M272_0.6 of width 8.
Finding best site passing the output threshold in each of the 1541 sequences.
Found a best site in 733 sequences.
Computing q-values.
# Computing q-values.
#   Estimating pi_0 from a uniformly sampled set of 10000 p-values.
#   Estimating pi_0.
# Minimal pi_zero = 0.997927
#   Estimated pi_0=0.999799
Using motif +PTBP1_1013 of width 11.
Finding best site passing the output threshold in each of the 1541 sequences.
Found a best site in 898 sequences.
Computing q-values.
# Computing q-values.
#   Estimating pi_0 from a uniformly sampled set of 10000 p-values.
#   Estimating pi_0.
# Minimal pi_zero = 0.921022
#   Estimated pi_0=0.925755
Using motif +MBNL1_s30 of width 6.
Finding best site passing the output threshold in each of the 1541 sequences.
Found a best site in 881 sequences.
Computing q-values.
# Computing q-values.
#   Estimating pi_0 from a uniformly sampled set of 10000 p-values.
#   Estimating pi_0.
# Minimal pi_zero = 0.982323
#   Estimated pi_0=0.987914
Using motif +ELAVL1_M108_0.6 of width 7.
Finding best site passing the output threshold in each of the 1541 sequences.
Found a best site in 781 sequences.
Computing q-values.
# Computing q-values.
#   Estimating pi_0 from a uniformly sampled set of 10000 p-values.
#   Estimating pi_0.
# Minimal pi_zero = 0.914
#   Estimated pi_0=0.924179
Using motif +SRSF1_M273_0.6 of width 7.
Finding best site passing the output threshold in each of the 1541 sequences.
Found a best site in 211 sequences.
Computing q-values.
# Computing q-values.
#   Estimating pi_0 from a uniformly sampled set of 10000 p-values.
#   Estimating pi_0.
# Minimal pi_zero = 1.00362
#   Estimated pi_0=1
Using motif +ELAVL1_1104 of width 5.
Finding best site passing the output threshold in each of the 1541 sequences.
Found a best site in 0 sequences.
Computing q-values.
Using motif +HNRNPA1_652 of width 5.
Finding best site passing the output threshold in each of the 1541 sequences.
Found a best site in 0 sequences.
Computing q-values.
Using motif +FUS_1061 of width 7.
Finding best site passing the output threshold in each of the 1541 sequences.
Found a best site in 677 sequences.
Computing q-values.
# Computing q-values.
#   Estimating pi_0 from a uniformly sampled set of 10000 p-values.
#   Estimating pi_0.
# Minimal pi_zero = 0.901525
#   Estimated pi_0=0.909816
Using motif +KHDRBS1_M160_0.6 of width 7.
Finding best site passing the output threshold in each of the 1541 sequences.
Found a best site in 837 sequences.
Computing q-values.
# Computing q-values.
#   Estimating pi_0 from a uniformly sampled set of 10000 p-values.
#   Estimating pi_0.
# Minimal pi_zero = 0.99798
#   Estimated pi_0=0.999095
Using motif +SRSF1_s51 of width 7.
Finding best site passing the output threshold in each of the 1541 sequences.
Found a best site in 221 sequences.
Computing q-values.
# Computing q-values.
#   Estimating pi_0 from a uniformly sampled set of 10000 p-values.
#   Estimating pi_0.
# Minimal pi_zero = 1.00392
#   Estimated pi_0=1
Using motif +HNRNPA2B1_698 of width 5.
Finding best site passing the output threshold in each of the 1541 sequences.
Found a best site in 0 sequences.
Computing q-values.
Using motif +MBNL1_M037_0.6 of width 7.
Finding best site passing the output threshold in each of the 1541 sequences.
Found a best site in 675 sequences.
Computing q-values.
# Computing q-values.
#   Estimating pi_0 from a uniformly sampled set of 10000 p-values.
#   Estimating pi_0.
# Minimal pi_zero = 0.968293
#   Estimated pi_0=0.97694
Using motif +PTBP1_1014 of width 7.
Finding best site passing the output threshold in each of the 1541 sequences.
Found a best site in 696 sequences.
Computing q-values.
# Computing q-values.
#   Estimating pi_0 from a uniformly sampled set of 10000 p-values.
#   Estimating pi_0.
# Minimal pi_zero = 0.937886
#   Estimated pi_0=0.943
Using motif +ELAVL1_M112_0.6 of width 7.
Finding best site passing the output threshold in each of the 1541 sequences.
Found a best site in 774 sequences.
Computing q-values.
# Computing q-values.
#   Estimating pi_0 from a uniformly sampled set of 10000 p-values.
#   Estimating pi_0.
# Minimal pi_zero = 0.931
#   Estimated pi_0=0.939853
Using motif +PTBP1_1009 of width 9.
Finding best site passing the output threshold in each of the 1541 sequences.
Found a best site in 997 sequences.
Computing q-values.
# Computing q-values.
#   Estimating pi_0 from a uniformly sampled set of 10000 p-values.
#   Estimating pi_0.
# Minimal pi_zero = 0.952683
#   Estimated pi_0=0.954286
Using motif +PTBP1_31 of width 4.
Finding best site passing the output threshold in each of the 1541 sequences.
Found a best site in 0 sequences.
Computing q-values.
Using motif +PTBP2_1134 of width 6.
Finding best site passing the output threshold in each of the 1541 sequences.
Found a best site in 845 sequences.
Computing q-values.
# Computing q-values.
#   Estimating pi_0 from a uniformly sampled set of 10000 p-values.
#   Estimating pi_0.
# Minimal pi_zero = 0.962533
#   Estimated pi_0=0.964048
Using motif +NOVA2_M325_0.6 of width 16.
Finding best site passing the output threshold in each of the 1541 sequences.
Found a best site in 687 sequences.
Computing q-values.
# Computing q-values.
#   Estimating pi_0 from a uniformly sampled set of 10000 p-values.
#   Estimating pi_0.
# Minimal pi_zero = 0.99801
#   Estimated pi_0=0.999598
Using motif +HNRNPA1_665 of width 5.
Finding best site passing the output threshold in each of the 1541 sequences.
Found a best site in 0 sequences.
Computing q-values.
Using motif +HNRNPA1_647 of width 10.
Finding best site passing the output threshold in each of the 1541 sequences.
Found a best site in 541 sequences.
Computing q-values.
# Computing q-values.
#   Estimating pi_0 from a uniformly sampled set of 10000 p-values.
#   Estimating pi_0.
# Minimal pi_zero = 1.0005
#   Estimated pi_0=1
Using motif +ZFP36_155 of width 6.
Finding best site passing the output threshold in each of the 1541 sequences.
Found a best site in 941 sequences.
Computing q-values.
# Computing q-values.
#   Estimating pi_0 from a uniformly sampled set of 10000 p-values.
#   Estimating pi_0.
# Minimal pi_zero = 0.932121
#   Estimated pi_0=0.935762
Using motif +HNRNPA1_43 of width 12.
Finding best site passing the output threshold in each of the 1541 sequences.
Found a best site in 750 sequences.
Computing q-values.
# Computing q-values.
#   Estimating pi_0 from a uniformly sampled set of 10000 p-values.
#   Estimating pi_0.
# Minimal pi_zero = 0.982787
#   Estimated pi_0=0.99027
Using motif +PTBP1_8 of width 5.
Finding best site passing the output threshold in each of the 1541 sequences.
Found a best site in 755 sequences.
Computing q-values.
# Computing q-values.
#   Estimating pi_0 from a uniformly sampled set of 10000 p-values.
#   Estimating pi_0.
# Minimal pi_zero = 0.971465
#   Estimated pi_0=0.980659
Using motif +HNRNPA2B1_706 of width 11.
Finding best site passing the output threshold in each of the 1541 sequences.
Found a best site in 796 sequences.
Computing q-values.
# Computing q-values.
#   Estimating pi_0 from a uniformly sampled set of 10000 p-values.
#   Estimating pi_0.
# Minimal pi_zero = 0.99037
#   Estimated pi_0=0.994518
Using motif +ZFP36_138 of width 5.
Finding best site passing the output threshold in each of the 1541 sequences.
Found a best site in 680 sequences.
Computing q-values.
# Computing q-values.
#   Estimating pi_0 from a uniformly sampled set of 10000 p-values.
#   Estimating pi_0.
# Minimal pi_zero = 0.944762
#   Estimated pi_0=0.951026
Using motif +PTBP1_s12 of width 6.
Finding best site passing the output threshold in each of the 1541 sequences.
Found a best site in 782 sequences.
Computing q-values.
# Computing q-values.
#   Estimating pi_0 from a uniformly sampled set of 10000 p-values.
#   Estimating pi_0.
# Minimal pi_zero = 0.951329
#   Estimated pi_0=0.963041
Using motif +KHDRBS1_1157 of width 5.
Finding best site passing the output threshold in each of the 1541 sequences.
Found a best site in 0 sequences.
Computing q-values.
Using motif +SRSF1_s99 of width 7.
Finding best site passing the output threshold in each of the 1541 sequences.
Found a best site in 430 sequences.
Computing q-values.
# Computing q-values.
#   Estimating pi_0 from a uniformly sampled set of 10000 p-values.
#   Estimating pi_0.
# Minimal pi_zero = 0.999394
#   Estimated pi_0=1
Using motif +ZFP36_49 of width 6.
Finding best site passing the output threshold in each of the 1541 sequences.
Found a best site in 591 sequences.
Computing q-values.
# Computing q-values.
#   Estimating pi_0 from a uniformly sampled set of 10000 p-values.
#   Estimating pi_0.
# Minimal pi_zero = 0.954717
#   Estimated pi_0=0.96803
Using motif +HNRNPA1_663 of width 6.
Finding best site passing the output threshold in each of the 1541 sequences.
Found a best site in 769 sequences.
Computing q-values.
# Computing q-values.
#   Estimating pi_0 from a uniformly sampled set of 10000 p-values.
#   Estimating pi_0.
# Minimal pi_zero = 0.993757
#   Estimated pi_0=0.997789
Using motif +HNRNPA1_681 of width 6.
Finding best site passing the output threshold in each of the 1541 sequences.
Found a best site in 279 sequences.
Computing q-values.
# Computing q-values.
#   Estimating pi_0 from a uniformly sampled set of 10000 p-values.
#   Estimating pi_0.
# Minimal pi_zero = 0.981765
#   Estimated pi_0=0.997347
Using motif +KHDRBS1_s34 of width 6.
Finding best site passing the output threshold in each of the 1541 sequences.
Found a best site in 408 sequences.
Computing q-values.
# Computing q-values.
#   Estimating pi_0 from a uniformly sampled set of 10000 p-values.
#   Estimating pi_0.
# Minimal pi_zero = 0.996869
#   Estimated pi_0=0.996869
Using motif +HNRNPA2B1_710 of width 6.
Finding best site passing the output threshold in each of the 1541 sequences.
Found a best site in 311 sequences.
Computing q-values.
# Computing q-values.
#   Estimating pi_0 from a uniformly sampled set of 10000 p-values.
#   Estimating pi_0.
# Minimal pi_zero = 0.98374
#   Estimated pi_0=1
Using motif +PTBP1_1004 of width 6.
Finding best site passing the output threshold in each of the 1541 sequences.
Found a best site in 845 sequences.
Computing q-values.
# Computing q-values.
#   Estimating pi_0 from a uniformly sampled set of 10000 p-values.
#   Estimating pi_0.
# Minimal pi_zero = 0.968537
#   Estimated pi_0=0.971071
Using motif +QKI_104 of width 12.
Finding best site passing the output threshold in each of the 1541 sequences.
Found a best site in 717 sequences.
Computing q-values.
# Computing q-values.
#   Estimating pi_0 from a uniformly sampled set of 10000 p-values.
#   Estimating pi_0.
# Minimal pi_zero = 0.998367
#   Estimated pi_0=0.998995
Using motif +MBNL1_1123 of width 6.
Finding best site passing the output threshold in each of the 1541 sequences.
Found a best site in 841 sequences.
Computing q-values.
# Computing q-values.
#   Estimating pi_0 from a uniformly sampled set of 10000 p-values.
#   Estimating pi_0.
# Minimal pi_zero = 0.953241
#   Estimated pi_0=0.964375
Using motif +HNRNPA1_651 of width 5.
Finding best site passing the output threshold in each of the 1541 sequences.
Found a best site in 887 sequences.
Computing q-values.
# Computing q-values.
#   Estimating pi_0 from a uniformly sampled set of 10000 p-values.
#   Estimating pi_0.
# Minimal pi_zero = 0.988197
#   Estimated pi_0=0.991399
Using motif +KHDRBS1_M060_0.6 of width 7.
Finding best site passing the output threshold in each of the 1541 sequences.
Found a best site in 647 sequences.
Computing q-values.
# Computing q-values.
#   Estimating pi_0 from a uniformly sampled set of 10000 p-values.
#   Estimating pi_0.
# Minimal pi_zero = 0.996718
#   Estimated pi_0=0.999899
Using motif +HNRNPA1_664 of width 6.
Finding best site passing the output threshold in each of the 1541 sequences.
Found a best site in 596 sequences.
Computing q-values.
# Computing q-values.
#   Estimating pi_0 from a uniformly sampled set of 10000 p-values.
#   Estimating pi_0.
# Minimal pi_zero = 0.996484
#   Estimated pi_0=0.999698
Using motif +TARDBP_1282 of width 10.
Finding best site passing the output threshold in each of the 1541 sequences.
Found a best site in 792 sequences.
Computing q-values.
# Computing q-values.
#   Estimating pi_0 from a uniformly sampled set of 10000 p-values.
#   Estimating pi_0.
# Minimal pi_zero = 0.9384
#   Estimated pi_0=0.946364
Using motif +HNRNPA1_696 of width 6.
Finding best site passing the output threshold in each of the 1541 sequences.
Found a best site in 270 sequences.
Computing q-values.
# Computing q-values.
#   Estimating pi_0 from a uniformly sampled set of 10000 p-values.
#   Estimating pi_0.
# Minimal pi_zero = 0.992881
#   Estimated pi_0=0.999698
Using motif +PTBP1_1018 of width 7.
Finding best site passing the output threshold in each of the 1541 sequences.
Found a best site in 677 sequences.
Computing q-values.
# Computing q-values.
#   Estimating pi_0 from a uniformly sampled set of 10000 p-values.
#   Estimating pi_0.
# Minimal pi_zero = 0.893835
#   Estimated pi_0=0.89708
Using motif +PTBP1_11 of width 4.
Finding best site passing the output threshold in each of the 1541 sequences.
Found a best site in 0 sequences.
Computing q-values.
Using motif +PTBP1_1002 of width 8.
Finding best site passing the output threshold in each of the 1541 sequences.
Found a best site in 892 sequences.
Computing q-values.
# Computing q-values.
#   Estimating pi_0 from a uniformly sampled set of 10000 p-values.
#   Estimating pi_0.
# Minimal pi_zero = 0.975725
#   Estimated pi_0=0.982751
Using motif +NUDT21_420 of width 5.
Finding best site passing the output threshold in each of the 1541 sequences.
Found a best site in 0 sequences.
Computing q-values.
Using motif +SRSF1_M104_0.6 of width 7.
Finding best site passing the output threshold in each of the 1541 sequences.
Found a best site in 731 sequences.
Computing q-values.
# Computing q-values.
#   Estimating pi_0 from a uniformly sampled set of 10000 p-values.
#   Estimating pi_0.
# Minimal pi_zero = 0.994479
#   Estimated pi_0=0.998492
Using motif +NOVA2_179 of width 4.
Finding best site passing the output threshold in each of the 1541 sequences.
Found a best site in 0 sequences.
Computing q-values.
Using motif +ELAVL1_1108 of width 7.
Finding best site passing the output threshold in each of the 1541 sequences.
Found a best site in 677 sequences.
Computing q-values.
# Computing q-values.
#   Estimating pi_0 from a uniformly sampled set of 10000 p-values.
#   Estimating pi_0.
# Minimal pi_zero = 0.914436
#   Estimated pi_0=0.919141
Using motif +SRSF1_M103_0.6 of width 7.
Finding best site passing the output threshold in each of the 1541 sequences.
Found a best site in 764 sequences.
Computing q-values.
# Computing q-values.
#   Estimating pi_0 from a uniformly sampled set of 10000 p-values.
#   Estimating pi_0.
# Minimal pi_zero = 0.994973
#   Estimated pi_0=0.997576
Using motif +SRSF1_126 of width 7.
Finding best site passing the output threshold in each of the 1541 sequences.
Found a best site in 552 sequences.
Computing q-values.
# Computing q-values.
#   Estimating pi_0 from a uniformly sampled set of 10000 p-values.
#   Estimating pi_0.
# Minimal pi_zero = 1.00121
#   Estimated pi_0=1
Using motif +PTBP1_539 of width 5.
Finding best site passing the output threshold in each of the 1541 sequences.
Found a best site in 836 sequences.
Computing q-values.
# Computing q-values.
#   Estimating pi_0 from a uniformly sampled set of 10000 p-values.
#   Estimating pi_0.
# Minimal pi_zero = 0.964823
#   Estimated pi_0=0.966592
Using motif +ELAVL1_161 of width 12.
Finding best site passing the output threshold in each of the 1541 sequences.
Found a best site in 723 sequences.
Computing q-values.
# Computing q-values.
#   Estimating pi_0 from a uniformly sampled set of 10000 p-values.
#   Estimating pi_0.
# Minimal pi_zero = 0.927273
#   Estimated pi_0=0.938301
Using motif +QKI_1139 of width 5.
Finding best site passing the output threshold in each of the 1541 sequences.
Found a best site in 0 sequences.
Computing q-values.
Using motif +HNRNPA2B1_702 of width 6.
Finding best site passing the output threshold in each of the 1541 sequences.
Found a best site in 378 sequences.
Computing q-values.
# Computing q-values.
#   Estimating pi_0 from a uniformly sampled set of 10000 p-values.
#   Estimating pi_0.
# Minimal pi_zero = 0.965854
#   Estimated pi_0=0.965854
Using motif +HNRNPA2B1_703 of width 11.
Finding best site passing the output threshold in each of the 1541 sequences.
Found a best site in 718 sequences.
Computing q-values.
# Computing q-values.
#   Estimating pi_0 from a uniformly sampled set of 10000 p-values.
#   Estimating pi_0.
# Minimal pi_zero = 0.994031
#   Estimated pi_0=0.997172
Using motif +HNRNPA2B1_699 of width 6.
Finding best site passing the output threshold in each of the 1541 sequences.
Found a best site in 223 sequences.
Computing q-values.
# Computing q-values.
#   Estimating pi_0 from a uniformly sampled set of 10000 p-values.
#   Estimating pi_0.
# Minimal pi_zero = 0.999592
#   Estimated pi_0=1
Using motif +PTBP1_165 of width 4.
Finding best site passing the output threshold in each of the 1541 sequences.
Found a best site in 0 sequences.
Computing q-values.
Using motif +NOVA2_s95 of width 7.
Finding best site passing the output threshold in each of the 1541 sequences.
Found a best site in 677 sequences.
Computing q-values.
# Computing q-values.
#   Estimating pi_0 from a uniformly sampled set of 10000 p-values.
#   Estimating pi_0.
# Minimal pi_zero = 0.892373
#   Estimated pi_0=0.89708
Using motif +HNRNPA1_657 of width 6.
Finding best site passing the output threshold in each of the 1541 sequences.
Found a best site in 236 sequences.
Computing q-values.
# Computing q-values.
#   Estimating pi_0 from a uniformly sampled set of 10000 p-values.
#   Estimating pi_0.
# Minimal pi_zero = 0.997863
#   Estimated pi_0=1
Using motif +PTBP1_1008 of width 6.
Finding best site passing the output threshold in each of the 1541 sequences.
Found a best site in 845 sequences.
Computing q-values.
# Computing q-values.
#   Estimating pi_0 from a uniformly sampled set of 10000 p-values.
#   Estimating pi_0.
# Minimal pi_zero = 0.959604
#   Estimated pi_0=0.965119
Using motif +NOVA1_s27 of width 6.
Finding best site passing the output threshold in each of the 1541 sequences.
Found a best site in 604 sequences.
Computing q-values.
# Computing q-values.
#   Estimating pi_0 from a uniformly sampled set of 10000 p-values.
#   Estimating pi_0.
# Minimal pi_zero = 1
#   Estimated pi_0=1
Using motif +NOVA1_s94 of width 12.
Finding best site passing the output threshold in each of the 1541 sequences.
Found a best site in 620 sequences.
Computing q-values.
# Computing q-values.
#   Estimating pi_0 from a uniformly sampled set of 10000 p-values.
#   Estimating pi_0.
# Minimal pi_zero = 0.95633
#   Estimated pi_0=0.967143
Using motif +FUS_1060 of width 7.
Finding best site passing the output threshold in each of the 1541 sequences.
Found a best site in 686 sequences.
Computing q-values.
# Computing q-values.
#   Estimating pi_0 from a uniformly sampled set of 10000 p-values.
#   Estimating pi_0.
# Minimal pi_zero = 0.986835
#   Estimated pi_0=0.99303
Using motif +HNRNPA1_646 of width 6.
Finding best site passing the output threshold in each of the 1541 sequences.
Found a best site in 255 sequences.
Computing q-values.
# Computing q-values.
#   Estimating pi_0 from a uniformly sampled set of 10000 p-values.
#   Estimating pi_0.
# Minimal pi_zero = 0.998
#   Estimated pi_0=1
Using motif +SRSF1_1215 of width 9.
Finding best site passing the output threshold in each of the 1541 sequences.
Found a best site in 689 sequences.
Computing q-values.
# Computing q-values.
#   Estimating pi_0 from a uniformly sampled set of 10000 p-values.
#   Estimating pi_0.
# Minimal pi_zero = 0.996103
#   Estimated pi_0=0.998995
Using motif +SRSF1_s48 of width 7.
Finding best site passing the output threshold in each of the 1541 sequences.
Found a best site in 263 sequences.
Computing q-values.
# Computing q-values.
#   Estimating pi_0 from a uniformly sampled set of 10000 p-values.
#   Estimating pi_0.
# Minimal pi_zero = 1.00211
#   Estimated pi_0=1
Using motif +NOVA2_492 of width 7.
Finding best site passing the output threshold in each of the 1541 sequences.
Found a best site in 525 sequences.
Computing q-values.
# Computing q-values.
#   Estimating pi_0 from a uniformly sampled set of 10000 p-values.
#   Estimating pi_0.
# Minimal pi_zero = 0.998941
#   Estimated pi_0=0.999899
Using motif +HNRNPA1_695 of width 6.
Finding best site passing the output threshold in each of the 1541 sequences.
Found a best site in 311 sequences.
Computing q-values.
# Computing q-values.
#   Estimating pi_0 from a uniformly sampled set of 10000 p-values.
#   Estimating pi_0.
# Minimal pi_zero = 0.983577
#   Estimated pi_0=0.999171
Using motif +FUS_1059 of width 7.
Finding best site passing the output threshold in each of the 1541 sequences.
Found a best site in 686 sequences.
Computing q-values.
# Computing q-values.
#   Estimating pi_0 from a uniformly sampled set of 10000 p-values.
#   Estimating pi_0.
# Minimal pi_zero = 0.98455
#   Estimated pi_0=0.98455
Using motif +HNRNPA1_659 of width 10.
Finding best site passing the output threshold in each of the 1541 sequences.
Found a best site in 863 sequences.
Computing q-values.
# Computing q-values.
#   Estimating pi_0 from a uniformly sampled set of 10000 p-values.
#   Estimating pi_0.
# Minimal pi_zero = 0.994764
#   Estimated pi_0=0.996566
Using motif +HNRNPA1_643 of width 6.
Finding best site passing the output threshold in each of the 1541 sequences.
Found a best site in 346 sequences.
Computing q-values.
# Computing q-values.
#   Estimating pi_0 from a uniformly sampled set of 10000 p-values.
#   Estimating pi_0.
# Minimal pi_zero = 0.997029
#   Estimated pi_0=1
Using motif +ELAVL1_512 of width 4.
Finding best site passing the output threshold in each of the 1541 sequences.
Found a best site in 0 sequences.
Computing q-values.
Using motif +PTBP1_1012 of width 11.
Finding best site passing the output threshold in each of the 1541 sequences.
Found a best site in 898 sequences.
Computing q-values.
# Computing q-values.
#   Estimating pi_0 from a uniformly sampled set of 10000 p-values.
#   Estimating pi_0.
# Minimal pi_zero = 0.914
#   Estimated pi_0=0.917778
Using motif +PTBP1_1001 of width 6.
Finding best site passing the output threshold in each of the 1541 sequences.
Found a best site in 320 sequences.
Computing q-values.
# Computing q-values.
#   Estimating pi_0 from a uniformly sampled set of 10000 p-values.
#   Estimating pi_0.
# Minimal pi_zero = 0.937187
#   Estimated pi_0=0.947
Using motif +PABPN1_M148_0.6 of width 7.
Finding best site passing the output threshold in each of the 1541 sequences.
Found a best site in 692 sequences.
Computing q-values.
# Computing q-values.
#   Estimating pi_0 from a uniformly sampled set of 10000 p-values.
#   Estimating pi_0.
# Minimal pi_zero = 0.988284
#   Estimated pi_0=0.98866
Using motif +PTBP1_991 of width 7.
Finding best site passing the output threshold in each of the 1541 sequences.
Found a best site in 869 sequences.
Computing q-values.
# Computing q-values.
#   Estimating pi_0 from a uniformly sampled set of 10000 p-values.
#   Estimating pi_0.
# Minimal pi_zero = 0.921818
#   Estimated pi_0=0.935376
Using motif +KHDRBS1_1156 of width 6.
Finding best site passing the output threshold in each of the 1541 sequences.
Found a best site in 592 sequences.
Computing q-values.
# Computing q-values.
#   Estimating pi_0 from a uniformly sampled set of 10000 p-values.
#   Estimating pi_0.
# Minimal pi_zero = 0.993651
#   Estimated pi_0=0.996364
Using motif +ELAVL1_M232_0.6 of width 7.
Finding best site passing the output threshold in each of the 1541 sequences.
Found a best site in 739 sequences.
Computing q-values.
# Computing q-values.
#   Estimating pi_0 from a uniformly sampled set of 10000 p-values.
#   Estimating pi_0.
# Minimal pi_zero = 0.897451
#   Estimated pi_0=0.898812
Using motif +HNRNPA2B1_697 of width 10.
Finding best site passing the output threshold in each of the 1541 sequences.
Found a best site in 541 sequences.
Computing q-values.
# Computing q-values.
#   Estimating pi_0 from a uniformly sampled set of 10000 p-values.
#   Estimating pi_0.
# Minimal pi_zero = 0.999394
#   Estimated pi_0=0.999698
Using motif +TARDBP_1280 of width 12.
Finding best site passing the output threshold in each of the 1541 sequences.
Found a best site in 836 sequences.
Computing q-values.
# Computing q-values.
#   Estimating pi_0 from a uniformly sampled set of 10000 p-values.
#   Estimating pi_0.
# Minimal pi_zero = 0.93252
#   Estimated pi_0=0.947561
Using motif +HNRNPA1_658 of width 6.
Finding best site passing the output threshold in each of the 1541 sequences.
Found a best site in 794 sequences.
Computing q-values.
# Computing q-values.
#   Estimating pi_0 from a uniformly sampled set of 10000 p-values.
#   Estimating pi_0.
# Minimal pi_zero = 1.00071
#   Estimated pi_0=1
Using motif +SRSF1_M351_0.6 of width 10.
Finding best site passing the output threshold in each of the 1541 sequences.
Found a best site in 684 sequences.
Computing q-values.
# Computing q-values.
#   Estimating pi_0 from a uniformly sampled set of 10000 p-values.
#   Estimating pi_0.
# Minimal pi_zero = 0.995912
#   Estimated pi_0=0.999296
Using motif +TARDBP_541 of width 8.
Finding best site passing the output threshold in each of the 1541 sequences.
Found a best site in 660 sequences.
Computing q-values.
# Computing q-values.
#   Estimating pi_0 from a uniformly sampled set of 10000 p-values.
#   Estimating pi_0.
# Minimal pi_zero = 0.991585
#   Estimated pi_0=0.99798
Using motif +HNRNPA1_662 of width 6.
Finding best site passing the output threshold in each of the 1541 sequences.
Found a best site in 223 sequences.
Computing q-values.
# Computing q-values.
#   Estimating pi_0 from a uniformly sampled set of 10000 p-values.
#   Estimating pi_0.
# Minimal pi_zero = 1.0003
#   Estimated pi_0=1
Using motif +HNRNPA2B1_704 of width 11.
Finding best site passing the output threshold in each of the 1541 sequences.
Found a best site in 706 sequences.
Computing q-values.
# Computing q-values.
#   Estimating pi_0 from a uniformly sampled set of 10000 p-values.
#   Estimating pi_0.
# Minimal pi_zero = 0.996614
#   Estimated pi_0=0.997677
Using motif +SRSF1_1240 of width 7.
Finding best site passing the output threshold in each of the 1541 sequences.
Found a best site in 275 sequences.
Computing q-values.
# Computing q-values.
#   Estimating pi_0 from a uniformly sampled set of 10000 p-values.
#   Estimating pi_0.
# Minimal pi_zero = 1.00342
#   Estimated pi_0=1
Using motif +PTBP1_992 of width 6.
Finding best site passing the output threshold in each of the 1541 sequences.
Found a best site in 793 sequences.
Computing q-values.
# Computing q-values.
#   Estimating pi_0 from a uniformly sampled set of 10000 p-values.
#   Estimating pi_0.
# Minimal pi_zero = 0.963867
#   Estimated pi_0=0.967665
Using motif +PTBP1_996 of width 8.
Finding best site passing the output threshold in each of the 1541 sequences.
Found a best site in 904 sequences.
Computing q-values.
# Computing q-values.
#   Estimating pi_0 from a uniformly sampled set of 10000 p-values.
#   Estimating pi_0.
# Minimal pi_zero = 0.973576
#   Estimated pi_0=0.980667
Using motif +NOVA1_1130 of width 5.
Finding best site passing the output threshold in each of the 1541 sequences.
Found a best site in 0 sequences.
Computing q-values.
Using motif +PTBP1_1023 of width 8.
Finding best site passing the output threshold in each of the 1541 sequences.
Found a best site in 873 sequences.
Computing q-values.
# Computing q-values.
#   Estimating pi_0 from a uniformly sampled set of 10000 p-values.
#   Estimating pi_0.
# Minimal pi_zero = 0.944444
#   Estimated pi_0=0.95497
Using motif +NOVA2_s96 of width 7.
Finding best site passing the output threshold in each of the 1541 sequences.
Found a best site in 686 sequences.
Computing q-values.
# Computing q-values.
#   Estimating pi_0 from a uniformly sampled set of 10000 p-values.
#   Estimating pi_0.
# Minimal pi_zero = 0.984444
#   Estimated pi_0=0.987749
Using motif +NUDT21_575 of width 5.
Finding best site passing the output threshold in each of the 1541 sequences.
Found a best site in 0 sequences.
Computing q-values.
Using motif +HNRNPA2B1_M024_0.6 of width 7.
Finding best site passing the output threshold in each of the 1541 sequences.
Found a best site in 645 sequences.
Computing q-values.
# Computing q-values.
#   Estimating pi_0 from a uniformly sampled set of 10000 p-values.
#   Estimating pi_0.
# Minimal pi_zero = 0.998947
#   Estimated pi_0=0.999598
Using motif +HNRNPA1_683 of width 7.
Finding best site passing the output threshold in each of the 1541 sequences.
Found a best site in 677 sequences.
Computing q-values.
# Computing q-values.
#   Estimating pi_0 from a uniformly sampled set of 10000 p-values.
#   Estimating pi_0.
# Minimal pi_zero = 0.906441
#   Estimated pi_0=0.92
Using motif +HNRNPA1_656 of width 6.
Finding best site passing the output threshold in each of the 1541 sequences.
Found a best site in 269 sequences.
Computing q-values.
# Computing q-values.
#   Estimating pi_0 from a uniformly sampled set of 10000 p-values.
#   Estimating pi_0.
# Minimal pi_zero = 0.996242
#   Estimated pi_0=1
Using motif +TARDBP_1277 of width 7.
Finding best site passing the output threshold in each of the 1541 sequences.
Found a best site in 514 sequences.
Computing q-values.
# Computing q-values.
#   Estimating pi_0 from a uniformly sampled set of 10000 p-values.
#   Estimating pi_0.
# Minimal pi_zero = 0.937937
#   Estimated pi_0=0.944681
Using motif +SRSF1_1236 of width 7.
Finding best site passing the output threshold in each of the 1541 sequences.
Found a best site in 710 sequences.
Computing q-values.
# Computing q-values.
#   Estimating pi_0 from a uniformly sampled set of 10000 p-values.
#   Estimating pi_0.
# Minimal pi_zero = 0.994815
#   Estimated pi_0=0.999397
Using motif +PTBP1_1006 of width 6.
Finding best site passing the output threshold in each of the 1541 sequences.
Found a best site in 845 sequences.
Computing q-values.
# Computing q-values.
#   Estimating pi_0 from a uniformly sampled set of 10000 p-values.
#   Estimating pi_0.
# Minimal pi_zero = 0.957844
#   Estimated pi_0=0.95881
Using motif +MBNL1_1121 of width 6.
Finding best site passing the output threshold in each of the 1541 sequences.
Found a best site in 281 sequences.
Computing q-values.
# Computing q-values.
#   Estimating pi_0 from a uniformly sampled set of 10000 p-values.
#   Estimating pi_0.
# Minimal pi_zero = 0.963459
#   Estimated pi_0=0.968931
Using motif +HNRNPA1_183 of width 11.
Finding best site passing the output threshold in each of the 1541 sequences.
Found a best site in 819 sequences.
Computing q-values.
# Computing q-values.
#   Estimating pi_0 from a uniformly sampled set of 10000 p-values.
#   Estimating pi_0.
# Minimal pi_zero = 0.994555
#   Estimated pi_0=0.996667
Using motif +PTBP1_71 of width 8.
Finding best site passing the output threshold in each of the 1541 sequences.
Found a best site in 873 sequences.
Computing q-values.
# Computing q-values.
#   Estimating pi_0 from a uniformly sampled set of 10000 p-values.
#   Estimating pi_0.
# Minimal pi_zero = 0.950236
#   Estimated pi_0=0.960909
Using motif +NOVA1_459 of width 5.
Finding best site passing the output threshold in each of the 1541 sequences.
Found a best site in 612 sequences.
Computing q-values.
# Computing q-values.
#   Estimating pi_0 from a uniformly sampled set of 10000 p-values.
#   Estimating pi_0.
# Minimal pi_zero = 0.997553
#   Estimated pi_0=0.998492
Using motif +SRSF1_1231 of width 8.
Finding best site passing the output threshold in each of the 1541 sequences.
Found a best site in 819 sequences.
Computing q-values.
# Computing q-values.
#   Estimating pi_0 from a uniformly sampled set of 10000 p-values.
#   Estimating pi_0.
# Minimal pi_zero = 0.992128
#   Estimated pi_0=0.996566
Using motif +SRSF1_1220 of width 6.
Finding best site passing the output threshold in each of the 1541 sequences.
Found a best site in 713 sequences.
Computing q-values.
# Computing q-values.
#   Estimating pi_0 from a uniformly sampled set of 10000 p-values.
#   Estimating pi_0.
# Minimal pi_zero = 0.99899
#   Estimated pi_0=1
Using motif +KHDRBS1_s33 of width 6.
Finding best site passing the output threshold in each of the 1541 sequences.
Found a best site in 434 sequences.
Computing q-values.
# Computing q-values.
#   Estimating pi_0 from a uniformly sampled set of 10000 p-values.
#   Estimating pi_0.
# Minimal pi_zero = 0.965
#   Estimated pi_0=0.966195
Using motif +SRSF1_375 of width 8.
Finding best site passing the output threshold in each of the 1541 sequences.
Found a best site in 699 sequences.
Computing q-values.
# Computing q-values.
#   Estimating pi_0 from a uniformly sampled set of 10000 p-values.
#   Estimating pi_0.
# Minimal pi_zero = 0.998894
#   Estimated pi_0=0.998894
Using motif +PTBP1_995 of width 12.
Finding best site passing the output threshold in each of the 1541 sequences.
Found a best site in 764 sequences.
Computing q-values.
# Computing q-values.
#   Estimating pi_0 from a uniformly sampled set of 10000 p-values.
#   Estimating pi_0.
# Minimal pi_zero = 0.920354
#   Estimated pi_0=0.92375
Using motif +PTBP1_997 of width 6.
Finding best site passing the output threshold in each of the 1541 sequences.
Found a best site in 518 sequences.
Computing q-values.
# Computing q-values.
#   Estimating pi_0 from a uniformly sampled set of 10000 p-values.
#   Estimating pi_0.
# Minimal pi_zero = 0.911748
#   Estimated pi_0=0.911748
Using motif +ELAVL1_84 of width 11.
Finding best site passing the output threshold in each of the 1541 sequences.
Found a best site in 767 sequences.
Computing q-values.
# Computing q-values.
#   Estimating pi_0 from a uniformly sampled set of 10000 p-values.
#   Estimating pi_0.
# Minimal pi_zero = 0.917815
#   Estimated pi_0=0.932327
Using motif +SRSF1_s22 of width 10.
Finding best site passing the output threshold in each of the 1541 sequences.
Found a best site in 658 sequences.
Computing q-values.
# Computing q-values.
#   Estimating pi_0 from a uniformly sampled set of 10000 p-values.
#   Estimating pi_0.
# Minimal pi_zero = 0.998854
#   Estimated pi_0=1
Using motif +PTBP1_1022 of width 8.
Finding best site passing the output threshold in each of the 1541 sequences.
Found a best site in 842 sequences.
Computing q-values.
# Computing q-values.
#   Estimating pi_0 from a uniformly sampled set of 10000 p-values.
#   Estimating pi_0.
# Minimal pi_zero = 0.959542
#   Estimated pi_0=0.969277
Using motif +PTBP1_133 of width 6.
Finding best site passing the output threshold in each of the 1541 sequences.
Found a best site in 845 sequences.
Computing q-values.
# Computing q-values.
#   Estimating pi_0 from a uniformly sampled set of 10000 p-values.
#   Estimating pi_0.
# Minimal pi_zero = 0.967121
#   Estimated pi_0=0.973371
Using motif +HNRNPA1_648 of width 6.
Finding best site passing the output threshold in each of the 1541 sequences.
Found a best site in 768 sequences.
Computing q-values.
# Computing q-values.
#   Estimating pi_0 from a uniformly sampled set of 10000 p-values.
#   Estimating pi_0.
# Minimal pi_zero = 0.992718
#   Estimated pi_0=0.992857
Using motif +SRSF1_1238 of width 7.
Finding best site passing the output threshold in each of the 1541 sequences.
Found a best site in 518 sequences.
Computing q-values.
# Computing q-values.
#   Estimating pi_0 from a uniformly sampled set of 10000 p-values.
#   Estimating pi_0.
# Minimal pi_zero = 0.999762
#   Estimated pi_0=1
Using motif +QKI_352 of width 6.
Finding best site passing the output threshold in each of the 1541 sequences.
Found a best site in 456 sequences.
Computing q-values.
# Computing q-values.
#   Estimating pi_0 from a uniformly sampled set of 10000 p-values.
#   Estimating pi_0.
# Minimal pi_zero = 1.00201
#   Estimated pi_0=1
Using motif +HNRNPA1_645 of width 7.
Finding best site passing the output threshold in each of the 1541 sequences.
Found a best site in 469 sequences.
Computing q-values.
# Computing q-values.
#   Estimating pi_0 from a uniformly sampled set of 10000 p-values.
#   Estimating pi_0.
# Minimal pi_zero = 0.990333
#   Estimated pi_0=1
Using motif +HNRNPA1_654 of width 5.
Finding best site passing the output threshold in each of the 1541 sequences.
Found a best site in 0 sequences.
Computing q-values.
Using motif +HNRNPA1_688 of width 10.
Finding best site passing the output threshold in each of the 1541 sequences.
Found a best site in 661 sequences.
Computing q-values.
# Computing q-values.
#   Estimating pi_0 from a uniformly sampled set of 10000 p-values.
#   Estimating pi_0.
# Minimal pi_zero = 0.98411
#   Estimated pi_0=0.989943
Using motif +PTBP1_M227_0.6 of width 7.
Finding best site passing the output threshold in each of the 1541 sequences.
Found a best site in 890 sequences.
Computing q-values.
# Computing q-values.
#   Estimating pi_0 from a uniformly sampled set of 10000 p-values.
#   Estimating pi_0.
# Minimal pi_zero = 0.935135
#   Estimated pi_0=0.941977
Using motif +PTBP1_994 of width 9.
Finding best site passing the output threshold in each of the 1541 sequences.
Found a best site in 769 sequences.
Computing q-values.
# Computing q-values.
#   Estimating pi_0 from a uniformly sampled set of 10000 p-values.
#   Estimating pi_0.
# Minimal pi_zero = 0.963704
#   Estimated pi_0=0.977358
Using motif +NOVA2_1133 of width 5.
Finding best site passing the output threshold in each of the 1541 sequences.
Found a best site in 0 sequences.
Computing q-values.
Using motif +SRSF1_s50 of width 7.
Finding best site passing the output threshold in each of the 1541 sequences.
Found a best site in 592 sequences.
Computing q-values.
# Computing q-values.
#   Estimating pi_0 from a uniformly sampled set of 10000 p-values.
#   Estimating pi_0.
# Minimal pi_zero = 0.993553
#   Estimated pi_0=0.999899
Using motif +PTBP1_1015 of width 7.
Finding best site passing the output threshold in each of the 1541 sequences.
Found a best site in 677 sequences.
Computing q-values.
# Computing q-values.
#   Estimating pi_0 from a uniformly sampled set of 10000 p-values.
#   Estimating pi_0.
# Minimal pi_zero = 0.893684
#   Estimated pi_0=0.902945
Using motif +PTBP1_1016 of width 7.
Finding best site passing the output threshold in each of the 1541 sequences.
Found a best site in 587 sequences.
Computing q-values.
# Computing q-values.
#   Estimating pi_0 from a uniformly sampled set of 10000 p-values.
#   Estimating pi_0.
# Minimal pi_zero = 0.986826
#   Estimated pi_0=0.987053
Using motif +SRSF1_1230 of width 10.
Finding best site passing the output threshold in each of the 1541 sequences.
Found a best site in 876 sequences.
Computing q-values.
# Computing q-values.
#   Estimating pi_0 from a uniformly sampled set of 10000 p-values.
#   Estimating pi_0.
# Minimal pi_zero = 0.987191
#   Estimated pi_0=0.991959
Using motif +TARDBP_178 of width 12.
Finding best site passing the output threshold in each of the 1541 sequences.
Found a best site in 836 sequences.
Computing q-values.
# Computing q-values.
#   Estimating pi_0 from a uniformly sampled set of 10000 p-values.
#   Estimating pi_0.
# Minimal pi_zero = 0.950732
#   Estimated pi_0=0.954937
Using motif +NOVA1_1127 of width 7.
Finding best site passing the output threshold in each of the 1541 sequences.
Found a best site in 587 sequences.
Computing q-values.
# Computing q-values.
#   Estimating pi_0 from a uniformly sampled set of 10000 p-values.
#   Estimating pi_0.
# Minimal pi_zero = 0.983713
#   Estimated pi_0=0.983895
Using motif +MBNL1_1122 of width 10.
Finding best site passing the output threshold in each of the 1541 sequences.
Found a best site in 870 sequences.
Computing q-values.
# Computing q-values.
#   Estimating pi_0 from a uniformly sampled set of 10000 p-values.
#   Estimating pi_0.
# Minimal pi_zero = 0.910392
#   Estimated pi_0=0.929362
Using motif +TARDBP_1279 of width 6.
Finding best site passing the output threshold in each of the 1541 sequences.
Found a best site in 551 sequences.
Computing q-values.
# Computing q-values.
#   Estimating pi_0 from a uniformly sampled set of 10000 p-values.
#   Estimating pi_0.
# Minimal pi_zero = 0.960305
#   Estimated pi_0=0.966707
Using motif +HNRNPA1_642 of width 6.
Finding best site passing the output threshold in each of the 1541 sequences.
Found a best site in 279 sequences.
Computing q-values.
# Computing q-values.
#   Estimating pi_0 from a uniformly sampled set of 10000 p-values.
#   Estimating pi_0.
# Minimal pi_zero = 0.986897
#   Estimated pi_0=0.997462
Using motif +HNRNPA2B1_700 of width 6.
Finding best site passing the output threshold in each of the 1541 sequences.
Found a best site in 202 sequences.
Computing q-values.
# Computing q-values.
#   Estimating pi_0 from a uniformly sampled set of 10000 p-values.
#   Estimating pi_0.
# Minimal pi_zero = 1.00101
#   Estimated pi_0=1
Using motif +ZFP36_128 of width 5.
Finding best site passing the output threshold in each of the 1541 sequences.
Found a best site in 0 sequences.
Computing q-values.
Using motif +SRSF1_1228 of width 7.
Finding best site passing the output threshold in each of the 1541 sequences.
Found a best site in 653 sequences.
Computing q-values.
# Computing q-values.
#   Estimating pi_0 from a uniformly sampled set of 10000 p-values.
#   Estimating pi_0.
# Minimal pi_zero = 0.997056
#   Estimated pi_0=0.997677
Using motif +ELAVL1_476 of width 5.
Finding best site passing the output threshold in each of the 1541 sequences.
Found a best site in 0 sequences.
Computing q-values.
Using motif +SRSF1_1225 of width 8.
Finding best site passing the output threshold in each of the 1541 sequences.
Found a best site in 698 sequences.
Computing q-values.
# Computing q-values.
#   Estimating pi_0 from a uniformly sampled set of 10000 p-values.
#   Estimating pi_0.
# Minimal pi_zero = 0.996062
#   Estimated pi_0=0.999196
Using motif +HNRNPA1_674 of width 10.
Finding best site passing the output threshold in each of the 1541 sequences.
Found a best site in 465 sequences.
Computing q-values.
# Computing q-values.
#   Estimating pi_0 from a uniformly sampled set of 10000 p-values.
#   Estimating pi_0.
# Minimal pi_zero = 0.979248
#   Estimated pi_0=1
Using motif +MBNL1_1124 of width 9.
Finding best site passing the output threshold in each of the 1541 sequences.
Found a best site in 518 sequences.
Computing q-values.
# Computing q-values.
#   Estimating pi_0 from a uniformly sampled set of 10000 p-values.
#   Estimating pi_0.
# Minimal pi_zero = 0.992532
#   Estimated pi_0=0.999698
Using motif +HNRNPA1_689 of width 6.
Finding best site passing the output threshold in each of the 1541 sequences.
Found a best site in 279 sequences.
Computing q-values.
# Computing q-values.
#   Estimating pi_0 from a uniformly sampled set of 10000 p-values.
#   Estimating pi_0.
# Minimal pi_zero = 0.980392
#   Estimated pi_0=0.997333
Using motif +PTBP1_117 of width 5.
Finding best site passing the output threshold in each of the 1541 sequences.
Found a best site in 836 sequences.
Computing q-values.
# Computing q-values.
#   Estimating pi_0 from a uniformly sampled set of 10000 p-values.
#   Estimating pi_0.
# Minimal pi_zero = 0.952482
#   Estimated pi_0=0.964916
Using motif +SRSF1_1217 of width 11.
Finding best site passing the output threshold in each of the 1541 sequences.
Found a best site in 279 sequences.
Computing q-values.
# Computing q-values.
#   Estimating pi_0 from a uniformly sampled set of 10000 p-values.
#   Estimating pi_0.
# Minimal pi_zero = 0.983333
#   Estimated pi_0=1
Using motif +HNRNPA1_680 of width 6.
Finding best site passing the output threshold in each of the 1541 sequences.
Found a best site in 279 sequences.
Computing q-values.
# Computing q-values.
#   Estimating pi_0 from a uniformly sampled set of 10000 p-values.
#   Estimating pi_0.
# Minimal pi_zero = 0.995915
#   Estimated pi_0=1
Using motif +ZFP36_M350_0.6 of width 9.
Finding best site passing the output threshold in each of the 1541 sequences.
Found a best site in 625 sequences.
Computing q-values.
# Computing q-values.
#   Estimating pi_0 from a uniformly sampled set of 10000 p-values.
#   Estimating pi_0.
# Minimal pi_zero = 0.944571
#   Estimated pi_0=0.960336
Using motif +NOVA2_564 of width 11.
Finding best site passing the output threshold in each of the 1541 sequences.
Found a best site in 594 sequences.
Computing q-values.
# Computing q-values.
#   Estimating pi_0 from a uniformly sampled set of 10000 p-values.
#   Estimating pi_0.
# Minimal pi_zero = 0.996211
#   Estimated pi_0=0.99697
Using motif +ELAVL1_s101 of width 7.
Finding best site passing the output threshold in each of the 1541 sequences.
Found a best site in 803 sequences.
Computing q-values.
# Computing q-values.
#   Estimating pi_0 from a uniformly sampled set of 10000 p-values.
#   Estimating pi_0.
# Minimal pi_zero = 0.907519
#   Estimated pi_0=0.913824
Using motif +ELAVL1_M031_0.6 of width 7.
Finding best site passing the output threshold in each of the 1541 sequences.
Found a best site in 746 sequences.
Computing q-values.
# Computing q-values.
#   Estimating pi_0 from a uniformly sampled set of 10000 p-values.
#   Estimating pi_0.
# Minimal pi_zero = 0.939808
#   Estimated pi_0=0.95521
Using motif +KHDRBS1_1158 of width 7.
Finding best site passing the output threshold in each of the 1541 sequences.
Found a best site in 677 sequences.
Computing q-values.
# Computing q-values.
#   Estimating pi_0 from a uniformly sampled set of 10000 p-values.
#   Estimating pi_0.
# Minimal pi_zero = 0.903158
#   Estimated pi_0=0.909325
Using motif +FUS_1058 of width 7.
Finding best site passing the output threshold in each of the 1541 sequences.
Found a best site in 626 sequences.
Computing q-values.
# Computing q-values.
#   Estimating pi_0 from a uniformly sampled set of 10000 p-values.
#   Estimating pi_0.
# Minimal pi_zero = 0.982778
#   Estimated pi_0=0.987077
Using motif +PTBP1_993 of width 8.
Finding best site passing the output threshold in each of the 1541 sequences.
Found a best site in 788 sequences.
Computing q-values.
# Computing q-values.
#   Estimating pi_0 from a uniformly sampled set of 10000 p-values.
#   Estimating pi_0.
# Minimal pi_zero = 0.98
#   Estimated pi_0=0.989418
Using motif +QKI_1138 of width 6.
Finding best site passing the output threshold in each of the 1541 sequences.
Found a best site in 194 sequences.
Computing q-values.
# Computing q-values.
#   Estimating pi_0 from a uniformly sampled set of 10000 p-values.
#   Estimating pi_0.
# Minimal pi_zero = 0.979
#   Estimated pi_0=1
Using motif +HNRNPA1_675 of width 6.
Finding best site passing the output threshold in each of the 1541 sequences.
Found a best site in 202 sequences.
Computing q-values.
# Computing q-values.
#   Estimating pi_0 from a uniformly sampled set of 10000 p-values.
#   Estimating pi_0.
# Minimal pi_zero = 0.999592
#   Estimated pi_0=1
Using motif +TARDBP_1281 of width 8.
Finding best site passing the output threshold in each of the 1541 sequences.
Found a best site in 802 sequences.
Computing q-values.
# Computing q-values.
#   Estimating pi_0 from a uniformly sampled set of 10000 p-values.
#   Estimating pi_0.
# Minimal pi_zero = 0.952881
#   Estimated pi_0=0.960241
Using motif +MBNL1_1125 of width 9.
Finding best site passing the output threshold in each of the 1541 sequences.
Found a best site in 670 sequences.
Computing q-values.
# Computing q-values.
#   Estimating pi_0 from a uniformly sampled set of 10000 p-values.
#   Estimating pi_0.
# Minimal pi_zero = 0.9572
#   Estimated pi_0=0.96575
Using motif +PTBP1_1021 of width 5.
Finding best site passing the output threshold in each of the 1541 sequences.
Found a best site in 836 sequences.
Computing q-values.
# Computing q-values.
#   Estimating pi_0 from a uniformly sampled set of 10000 p-values.
#   Estimating pi_0.
# Minimal pi_zero = 0.953617
#   Estimated pi_0=0.964581
Using motif +NOVA1_440 of width 7.
Finding best site passing the output threshold in each of the 1541 sequences.
Found a best site in 770 sequences.
Computing q-values.
# Computing q-values.
#   Estimating pi_0 from a uniformly sampled set of 10000 p-values.
#   Estimating pi_0.
# Minimal pi_zero = 0.990118
#   Estimated pi_0=0.994154
Using motif +SRSF1_167 of width 7.
Finding best site passing the output threshold in each of the 1541 sequences.
Found a best site in 206 sequences.
Computing q-values.
# Computing q-values.
#   Estimating pi_0 from a uniformly sampled set of 10000 p-values.
#   Estimating pi_0.
# Minimal pi_zero = 1.00231
#   Estimated pi_0=1
Using motif +HNRNPA1_639 of width 10.
Finding best site passing the output threshold in each of the 1541 sequences.
Found a best site in 370 sequences.
Computing q-values.
# Computing q-values.
#   Estimating pi_0 from a uniformly sampled set of 10000 p-values.
#   Estimating pi_0.
# Minimal pi_zero = 1.00161
#   Estimated pi_0=1
Using motif +HNRNPA2B1_707 of width 11.
Finding best site passing the output threshold in each of the 1541 sequences.
Found a best site in 669 sequences.
Computing q-values.
# Computing q-values.
#   Estimating pi_0 from a uniformly sampled set of 10000 p-values.
#   Estimating pi_0.
# Minimal pi_zero = 0.99619
#   Estimated pi_0=0.998687
Using motif +PTBP1_1019 of width 5.
Finding best site passing the output threshold in each of the 1541 sequences.
Found a best site in 791 sequences.
Computing q-values.
# Computing q-values.
#   Estimating pi_0 from a uniformly sampled set of 10000 p-values.
#   Estimating pi_0.
# Minimal pi_zero = 0.946286
#   Estimated pi_0=0.960119
Using motif +HNRNPA1_641 of width 6.
Finding best site passing the output threshold in each of the 1541 sequences.
Found a best site in 775 sequences.
Computing q-values.
# Computing q-values.
#   Estimating pi_0 from a uniformly sampled set of 10000 p-values.
#   Estimating pi_0.
# Minimal pi_zero = 0.986971
#   Estimated pi_0=0.989845
Using motif +HNRNPA2B1_708 of width 11.
Finding best site passing the output threshold in each of the 1541 sequences.
Found a best site in 819 sequences.
Computing q-values.
# Computing q-values.
#   Estimating pi_0 from a uniformly sampled set of 10000 p-values.
#   Estimating pi_0.
# Minimal pi_zero = 0.992842
#   Estimated pi_0=0.995657
Using motif +QKI_1142 of width 6.
Finding best site passing the output threshold in each of the 1541 sequences.
Found a best site in 167 sequences.
Computing q-values.
# Computing q-values.
#   Estimating pi_0 from a uniformly sampled set of 10000 p-values.
#   Estimating pi_0.
# Minimal pi_zero = 1.0024
#   Estimated pi_0=1
Using motif +HNRNPA1_684 of width 7.
Finding best site passing the output threshold in each of the 1541 sequences.
Found a best site in 587 sequences.
Computing q-values.
# Computing q-values.
#   Estimating pi_0 from a uniformly sampled set of 10000 p-values.
#   Estimating pi_0.
# Minimal pi_zero = 0.984431
#   Estimated pi_0=0.985158
Using motif +PTBP1_999 of width 6.
Finding best site passing the output threshold in each of the 1541 sequences.
Found a best site in 320 sequences.
Computing q-values.
# Computing q-values.
#   Estimating pi_0 from a uniformly sampled set of 10000 p-values.
#   Estimating pi_0.
# Minimal pi_zero = 0.941527
#   Estimated pi_0=0.949125
Using motif +SRSF1_1232 of width 7.
Finding best site passing the output threshold in each of the 1541 sequences.
Found a best site in 606 sequences.
Computing q-values.
# Computing q-values.
#   Estimating pi_0 from a uniformly sampled set of 10000 p-values.
#   Estimating pi_0.
# Minimal pi_zero = 0.995602
#   Estimated pi_0=0.998693
Using motif +HNRNPA1_655 of width 8.
Finding best site passing the output threshold in each of the 1541 sequences.
Found a best site in 742 sequences.
Computing q-values.
# Computing q-values.
#   Estimating pi_0 from a uniformly sampled set of 10000 p-values.
#   Estimating pi_0.
# Minimal pi_zero = 0.919245
#   Estimated pi_0=0.942133
Using motif +NOVA2_s29 of width 7.
Finding best site passing the output threshold in each of the 1541 sequences.
Found a best site in 661 sequences.
Computing q-values.
# Computing q-values.
#   Estimating pi_0 from a uniformly sampled set of 10000 p-values.
#   Estimating pi_0.
# Minimal pi_zero = 0.995819
#   Estimated pi_0=0.999899
Using motif +TARDBP_1276 of width 7.
Finding best site passing the output threshold in each of the 1541 sequences.
Found a best site in 605 sequences.
Computing q-values.
# Computing q-values.
#   Estimating pi_0 from a uniformly sampled set of 10000 p-values.
#   Estimating pi_0.
# Minimal pi_zero = 0.932
#   Estimated pi_0=0.937971
Using motif +HNRNPA1_678 of width 6.
Finding best site passing the output threshold in each of the 1541 sequences.
Found a best site in 479 sequences.
Computing q-values.
# Computing q-values.
#   Estimating pi_0 from a uniformly sampled set of 10000 p-values.
#   Estimating pi_0.
# Minimal pi_zero = 0.992336
#   Estimated pi_0=1
Using motif +PTBP1_105 of width 8.
Finding best site passing the output threshold in each of the 1541 sequences.
Found a best site in 842 sequences.
Computing q-values.
# Computing q-values.
#   Estimating pi_0 from a uniformly sampled set of 10000 p-values.
#   Estimating pi_0.
# Minimal pi_zero = 0.956899
#   Estimated pi_0=0.96988
Using motif +HNRNPA2B1_125 of width 11.
Finding best site passing the output threshold in each of the 1541 sequences.
Found a best site in 819 sequences.
Computing q-values.
# Computing q-values.
#   Estimating pi_0 from a uniformly sampled set of 10000 p-values.
#   Estimating pi_0.
# Minimal pi_zero = 0.991623
#   Estimated pi_0=0.996784
Using motif +TARDBP_M074_0.6 of width 8.
Finding best site passing the output threshold in each of the 1541 sequences.
Found a best site in 621 sequences.
Computing q-values.
# Computing q-values.
#   Estimating pi_0 from a uniformly sampled set of 10000 p-values.
#   Estimating pi_0.
# Minimal pi_zero = 0.997617
#   Estimated pi_0=1
Using motif +NOVA2_s28 of width 6.
Finding best site passing the output threshold in each of the 1541 sequences.
Found a best site in 604 sequences.
Computing q-values.
# Computing q-values.
#   Estimating pi_0 from a uniformly sampled set of 10000 p-values.
#   Estimating pi_0.
# Minimal pi_zero = 1.0004
#   Estimated pi_0=1
Using motif +PTBP1_1025 of width 6.
Finding best site passing the output threshold in each of the 1541 sequences.
Found a best site in 845 sequences.
Computing q-values.
# Computing q-values.
#   Estimating pi_0 from a uniformly sampled set of 10000 p-values.
#   Estimating pi_0.
# Minimal pi_zero = 0.969461
#   Estimated pi_0=0.97809
Using motif +HNRNPA1_691 of width 6.
Finding best site passing the output threshold in each of the 1541 sequences.
Found a best site in 422 sequences.
Computing q-values.
# Computing q-values.
#   Estimating pi_0 from a uniformly sampled set of 10000 p-values.
#   Estimating pi_0.
# Minimal pi_zero = 0.9975
#   Estimated pi_0=1
Using motif +ELAVL1_1106 of width 7.
Finding best site passing the output threshold in each of the 1541 sequences.
Found a best site in 677 sequences.
Computing q-values.
# Computing q-values.
#   Estimating pi_0 from a uniformly sampled set of 10000 p-values.
#   Estimating pi_0.
# Minimal pi_zero = 0.896557
#   Estimated pi_0=0.902336
Using motif +HNRNPA1_687 of width 10.
Finding best site passing the output threshold in each of the 1541 sequences.
Found a best site in 619 sequences.
Computing q-values.
# Computing q-values.
#   Estimating pi_0 from a uniformly sampled set of 10000 p-values.
#   Estimating pi_0.
# Minimal pi_zero = 0.9908
#   Estimated pi_0=0.999899
Using motif +NUDT21_499 of width 4.
Finding best site passing the output threshold in each of the 1541 sequences.
Found a best site in 0 sequences.
Computing q-values.
Using motif +QKI_1141 of width 6.
Finding best site passing the output threshold in each of the 1541 sequences.
Found a best site in 480 sequences.
Computing q-values.
# Computing q-values.
#   Estimating pi_0 from a uniformly sampled set of 10000 p-values.
#   Estimating pi_0.
# Minimal pi_zero = 0.9798
#   Estimated pi_0=0.990839
Using motif +HNRNPA1_686 of width 7.
Finding best site passing the output threshold in each of the 1541 sequences.
Found a best site in 677 sequences.
Computing q-values.
# Computing q-values.
#   Estimating pi_0 from a uniformly sampled set of 10000 p-values.
#   Estimating pi_0.
# Minimal pi_zero = 0.895593
#   Estimated pi_0=0.89854
Using motif +HNRNPA1_685 of width 7.
Finding best site passing the output threshold in each of the 1541 sequences.
Found a best site in 626 sequences.
Computing q-values.
# Computing q-values.
#   Estimating pi_0 from a uniformly sampled set of 10000 p-values.
#   Estimating pi_0.
# Minimal pi_zero = 0.984688
#   Estimated pi_0=0.985333
Using motif +SRSF1_M102_0.6 of width 7.
Finding best site passing the output threshold in each of the 1541 sequences.
Found a best site in 804 sequences.
Computing q-values.
# Computing q-values.
#   Estimating pi_0 from a uniformly sampled set of 10000 p-values.
#   Estimating pi_0.
# Minimal pi_zero = 0.996545
#   Estimated pi_0=0.998191
Using motif +FUS_s31 of width 6.
Finding best site passing the output threshold in each of the 1541 sequences.
Found a best site in 780 sequences.
Computing q-values.
# Computing q-values.
#   Estimating pi_0 from a uniformly sampled set of 10000 p-values.
#   Estimating pi_0.
# Minimal pi_zero = 0.981595
#   Estimated pi_0=0.986919
Using motif +SRSF1_1219 of width 6.
Finding best site passing the output threshold in each of the 1541 sequences.
Found a best site in 712 sequences.
Computing q-values.
# Computing q-values.
#   Estimating pi_0 from a uniformly sampled set of 10000 p-values.
#   Estimating pi_0.
# Minimal pi_zero = 0.987077
#   Estimated pi_0=0.998883
Using motif +NOVA1_1132 of width 5.
Finding best site passing the output threshold in each of the 1541 sequences.
Found a best site in 0 sequences.
Computing q-values.
Using motif +SRSF1_1213 of width 9.
Finding best site passing the output threshold in each of the 1541 sequences.
Found a best site in 773 sequences.
Computing q-values.
# Computing q-values.
#   Estimating pi_0 from a uniformly sampled set of 10000 p-values.
#   Estimating pi_0.
# Minimal pi_zero = 0.990486
#   Estimated pi_0=0.996103
Using motif +HNRNPA2B1_711 of width 6.
Finding best site passing the output threshold in each of the 1541 sequences.
Found a best site in 270 sequences.
Computing q-values.
# Computing q-values.
#   Estimating pi_0 from a uniformly sampled set of 10000 p-values.
#   Estimating pi_0.
# Minimal pi_zero = 0.9975
#   Estimated pi_0=1
Using motif +HNRNPA1_640 of width 10.
Finding best site passing the output threshold in each of the 1541 sequences.
Found a best site in 541 sequences.
Computing q-values.
# Computing q-values.
#   Estimating pi_0 from a uniformly sampled set of 10000 p-values.
#   Estimating pi_0.
# Minimal pi_zero = 0.998756
#   Estimated pi_0=1
Using motif +PTBP1_143 of width 5.
Finding best site passing the output threshold in each of the 1541 sequences.
Found a best site in 808 sequences.
Computing q-values.
# Computing q-values.
#   Estimating pi_0 from a uniformly sampled set of 10000 p-values.
#   Estimating pi_0.
# Minimal pi_zero = 0.969211
#   Estimated pi_0=0.975528
Using motif +HNRNPA1_676 of width 6.
Finding best site passing the output threshold in each of the 1541 sequences.
Found a best site in 383 sequences.
Computing q-values.
# Computing q-values.
#   Estimating pi_0 from a uniformly sampled set of 10000 p-values.
#   Estimating pi_0.
# Minimal pi_zero = 0.964748
#   Estimated pi_0=0.977778
Using motif +PTBP1_1011 of width 11.
Finding best site passing the output threshold in each of the 1541 sequences.
Found a best site in 880 sequences.
Computing q-values.
# Computing q-values.
#   Estimating pi_0 from a uniformly sampled set of 10000 p-values.
#   Estimating pi_0.
# Minimal pi_zero = 0.929612
#   Estimated pi_0=0.943171
Using motif +PTBP1_1000 of width 6.
Finding best site passing the output threshold in each of the 1541 sequences.
Found a best site in 384 sequences.
Computing q-values.
# Computing q-values.
#   Estimating pi_0 from a uniformly sampled set of 10000 p-values.
#   Estimating pi_0.
# Minimal pi_zero = 0.945937
#   Estimated pi_0=0.955333
Using motif +ZFP36_109 of width 9.
Finding best site passing the output threshold in each of the 1541 sequences.
Found a best site in 634 sequences.
Computing q-values.
# Computing q-values.
#   Estimating pi_0 from a uniformly sampled set of 10000 p-values.
#   Estimating pi_0.
# Minimal pi_zero = 0.922692
#   Estimated pi_0=0.937465
Using motif +QKI_M046_0.6 of width 7.
Finding best site passing the output threshold in each of the 1541 sequences.
Found a best site in 432 sequences.
Computing q-values.
# Computing q-values.
#   Estimating pi_0 from a uniformly sampled set of 10000 p-values.
#   Estimating pi_0.
# Minimal pi_zero = 1.00161
#   Estimated pi_0=1
Using motif +NOVA1_1128 of width 7.
Finding best site passing the output threshold in each of the 1541 sequences.
Found a best site in 686 sequences.
Computing q-values.
# Computing q-values.
#   Estimating pi_0 from a uniformly sampled set of 10000 p-values.
#   Estimating pi_0.
# Minimal pi_zero = 0.986032
#   Estimated pi_0=0.989215
Using motif +HNRNPA1_M022_0.6 of width 7.
Finding best site passing the output threshold in each of the 1541 sequences.
Found a best site in 543 sequences.
Computing q-values.
# Computing q-values.
#   Estimating pi_0 from a uniformly sampled set of 10000 p-values.
#   Estimating pi_0.
# Minimal pi_zero = 0.985743
#   Estimated pi_0=0.998238
Using motif +HNRNPA2B1_709 of width 6.
Finding best site passing the output threshold in each of the 1541 sequences.
Found a best site in 196 sequences.
Computing q-values.
# Computing q-values.
#   Estimating pi_0 from a uniformly sampled set of 10000 p-values.
#   Estimating pi_0.
# Minimal pi_zero = 0.996497
#   Estimated pi_0=1
Using motif +SRSF1_1235 of width 7.
Finding best site passing the output threshold in each of the 1541 sequences.
Found a best site in 823 sequences.
Computing q-values.
# Computing q-values.
#   Estimating pi_0 from a uniformly sampled set of 10000 p-values.
#   Estimating pi_0.
# Minimal pi_zero = 0.991176
#   Estimated pi_0=0.997789
Using motif +TARDBP_1283 of width 12.
Finding best site passing the output threshold in each of the 1541 sequences.
Found a best site in 836 sequences.
Computing q-values.
# Computing q-values.
#   Estimating pi_0 from a uniformly sampled set of 10000 p-values.
#   Estimating pi_0.
# Minimal pi_zero = 0.942927
#   Estimated pi_0=0.954491
Using motif +SRSF1_M154_0.6 of width 7.
Finding best site passing the output threshold in each of the 1541 sequences.
Found a best site in 873 sequences.
Computing q-values.
# Computing q-values.
#   Estimating pi_0 from a uniformly sampled set of 10000 p-values.
#   Estimating pi_0.
# Minimal pi_zero = 0.976484
#   Estimated pi_0=0.981277
Using motif +HNRNPA1_682 of width 6.
Finding best site passing the output threshold in each of the 1541 sequences.
Found a best site in 279 sequences.
Computing q-values.
# Computing q-values.
#   Estimating pi_0 from a uniformly sampled set of 10000 p-values.
#   Estimating pi_0.
# Minimal pi_zero = 0.973922
#   Estimated pi_0=1
Using motif +PTBP1_1024 of width 9.
Finding best site passing the output threshold in each of the 1541 sequences.
Found a best site in 997 sequences.
Computing q-values.
# Computing q-values.
#   Estimating pi_0 from a uniformly sampled set of 10000 p-values.
#   Estimating pi_0.
# Minimal pi_zero = 0.950642
#   Estimated pi_0=0.958171
Using motif +HNRNPA1_693 of width 10.
Finding best site passing the output threshold in each of the 1541 sequences.
Found a best site in 762 sequences.
Computing q-values.
# Computing q-values.
#   Estimating pi_0 from a uniformly sampled set of 10000 p-values.
#   Estimating pi_0.
# Minimal pi_zero = 0.99809
#   Estimated pi_0=0.99809
Using motif +SRSF1_40 of width 6.
Finding best site passing the output threshold in each of the 1541 sequences.
Found a best site in 396 sequences.
Computing q-values.
# Computing q-values.
#   Estimating pi_0 from a uniformly sampled set of 10000 p-values.
#   Estimating pi_0.
# Minimal pi_zero = 0.995519
#   Estimated pi_0=0.999799
Using motif +QKI_83 of width 12.
Finding best site passing the output threshold in each of the 1541 sequences.
Found a best site in 478 sequences.
Computing q-values.
# Computing q-values.
#   Estimating pi_0 from a uniformly sampled set of 10000 p-values.
#   Estimating pi_0.
# Minimal pi_zero = 0.959619
#   Estimated pi_0=0.967288
Using motif +HNRNPA1_677 of width 6.
Finding best site passing the output threshold in each of the 1541 sequences.
Found a best site in 378 sequences.
Computing q-values.
# Computing q-values.
#   Estimating pi_0 from a uniformly sampled set of 10000 p-values.
#   Estimating pi_0.
# Minimal pi_zero = 0.975447
#   Estimated pi_0=0.995344
Using motif +SRSF1_17 of width 7.
Finding best site passing the output threshold in each of the 1541 sequences.
Found a best site in 472 sequences.
Computing q-values.
# Computing q-values.
#   Estimating pi_0 from a uniformly sampled set of 10000 p-values.
#   Estimating pi_0.
# Minimal pi_zero = 1.00131
#   Estimated pi_0=1
Using motif +HNRNPA1_s32 of width 6.
Finding best site passing the output threshold in each of the 1541 sequences.
Found a best site in 494 sequences.
Computing q-values.
# Computing q-values.
#   Estimating pi_0 from a uniformly sampled set of 10000 p-values.
#   Estimating pi_0.
# Minimal pi_zero = 0.995414
#   Estimated pi_0=0.999095
Using motif +SRSF1_1237 of width 7.
Finding best site passing the output threshold in each of the 1541 sequences.
Found a best site in 563 sequences.
Computing q-values.
# Computing q-values.
#   Estimating pi_0 from a uniformly sampled set of 10000 p-values.
#   Estimating pi_0.
# Minimal pi_zero = 0.992676
#   Estimated pi_0=1
Using motif +PTBP1_59 of width 5.
Finding best site passing the output threshold in each of the 1541 sequences.
Found a best site in 0 sequences.
Computing q-values.
Using motif +QKI_3 of width 6.
Finding best site passing the output threshold in each of the 1541 sequences.
Found a best site in 456 sequences.
Computing q-values.
# Computing q-values.
#   Estimating pi_0 from a uniformly sampled set of 10000 p-values.
#   Estimating pi_0.
# Minimal pi_zero = 1.00211
#   Estimated pi_0=1
Using motif +PTBP1_25 of width 9.
Finding best site passing the output threshold in each of the 1541 sequences.
Found a best site in 997 sequences.
Computing q-values.
# Computing q-values.
#   Estimating pi_0 from a uniformly sampled set of 10000 p-values.
#   Estimating pi_0.
# Minimal pi_zero = 0.950991
#   Estimated pi_0=0.952439
Using motif +HNRNPA1_72 of width 6.
Finding best site passing the output threshold in each of the 1541 sequences.
Found a best site in 541 sequences.
Computing q-values.
# Computing q-values.
#   Estimating pi_0 from a uniformly sampled set of 10000 p-values.
#   Estimating pi_0.
# Minimal pi_zero = 0.996066
#   Estimated pi_0=0.998889
Using motif +SRSF1_1212 of width 8.
Finding best site passing the output threshold in each of the 1541 sequences.
Found a best site in 887 sequences.
Computing q-values.
# Computing q-values.
#   Estimating pi_0 from a uniformly sampled set of 10000 p-values.
#   Estimating pi_0.
# Minimal pi_zero = 0.98883
#   Estimated pi_0=0.992959
Using motif +PTBP1_1003 of width 7.
Finding best site passing the output threshold in each of the 1541 sequences.
Found a best site in 722 sequences.
Computing q-values.
# Computing q-values.
#   Estimating pi_0 from a uniformly sampled set of 10000 p-values.
#   Estimating pi_0.
# Minimal pi_zero = 0.940432
#   Estimated pi_0=0.944605
Using motif +HNRNPA1_52 of width 11.
Finding best site passing the output threshold in each of the 1541 sequences.
Found a best site in 819 sequences.
Computing q-values.
# Computing q-values.
#   Estimating pi_0 from a uniformly sampled set of 10000 p-values.
#   Estimating pi_0.
# Minimal pi_zero = 0.996244
#   Estimated pi_0=0.997186
Using motif +ELAVL1_164 of width 12.
Finding best site passing the output threshold in each of the 1541 sequences.
Found a best site in 705 sequences.
Computing q-values.
# Computing q-values.
#   Estimating pi_0 from a uniformly sampled set of 10000 p-values.
#   Estimating pi_0.
# Minimal pi_zero = 0.915636
#   Estimated pi_0=0.934
Using motif +PTBP1_136 of width 5.
Finding best site passing the output threshold in each of the 1541 sequences.
Found a best site in 791 sequences.
Computing q-values.
# Computing q-values.
#   Estimating pi_0 from a uniformly sampled set of 10000 p-values.
#   Estimating pi_0.
# Minimal pi_zero = 0.948741
#   Estimated pi_0=0.950789
Using motif +SRSF1_1239 of width 9.
Finding best site passing the output threshold in each of the 1541 sequences.
Found a best site in 718 sequences.
Computing q-values.
# Computing q-values.
#   Estimating pi_0 from a uniformly sampled set of 10000 p-values.
#   Estimating pi_0.
# Minimal pi_zero = 0.984541
#   Estimated pi_0=0.991066
Using motif +MBNL1_1126 of width 10.
Finding best site passing the output threshold in each of the 1541 sequences.
Found a best site in 646 sequences.
Computing q-values.
# Computing q-values.
#   Estimating pi_0 from a uniformly sampled set of 10000 p-values.
#   Estimating pi_0.
# Minimal pi_zero = 0.984717
#   Estimated pi_0=0.991023
Using motif +ELAVL1_1107 of width 7.
Finding best site passing the output threshold in each of the 1541 sequences.
Found a best site in 587 sequences.
Computing q-values.
# Computing q-values.
#   Estimating pi_0 from a uniformly sampled set of 10000 p-values.
#   Estimating pi_0.
# Minimal pi_zero = 0.986947
#   Estimated pi_0=0.986947
Using motif +PTBP1_s80 of width 7.
Finding best site passing the output threshold in each of the 1541 sequences.
Found a best site in 696 sequences.
Computing q-values.
# Computing q-values.
#   Estimating pi_0 from a uniformly sampled set of 10000 p-values.
#   Estimating pi_0.
# Minimal pi_zero = 0.940488
#   Estimated pi_0=0.950807
Using motif +KHDRBS1_1159 of width 7.
Finding best site passing the output threshold in each of the 1541 sequences.
Found a best site in 677 sequences.
Computing q-values.
# Computing q-values.
#   Estimating pi_0 from a uniformly sampled set of 10000 p-values.
#   Estimating pi_0.
# Minimal pi_zero = 0.90406
#   Estimated pi_0=0.914969
Using motif +HNRNPA1_650 of width 5.
Finding best site passing the output threshold in each of the 1541 sequences.
Found a best site in 0 sequences.
Computing q-values.
Using motif +HNRNPA1_649 of width 10.
Finding best site passing the output threshold in each of the 1541 sequences.
Found a best site in 541 sequences.
Computing q-values.
# Computing q-values.
#   Estimating pi_0 from a uniformly sampled set of 10000 p-values.
#   Estimating pi_0.
# Minimal pi_zero = 0.995248
#   Estimated pi_0=0.999799
Using motif +PTBP1_1020 of width 5.
Finding best site passing the output threshold in each of the 1541 sequences.
Found a best site in 0 sequences.
Computing q-values.
Using motif +PTBP1_489 of width 4.
Finding best site passing the output threshold in each of the 1541 sequences.
Found a best site in 0 sequences.
Computing q-values.
Using motif +HNRNPA1_694 of width 6.
Finding best site passing the output threshold in each of the 1541 sequences.
Found a best site in 196 sequences.
Computing q-values.
# Computing q-values.
#   Estimating pi_0 from a uniformly sampled set of 10000 p-values.
#   Estimating pi_0.
# Minimal pi_zero = 0.99871
#   Estimated pi_0=1
Using motif +HNRNPA1_661 of width 5.
Finding best site passing the output threshold in each of the 1541 sequences.
Found a best site in 0 sequences.
Computing q-values.
Using motif +TARDBP_1278 of width 7.
Finding best site passing the output threshold in each of the 1541 sequences.
Found a best site in 586 sequences.
Computing q-values.
# Computing q-values.
#   Estimating pi_0 from a uniformly sampled set of 10000 p-values.
#   Estimating pi_0.
# Minimal pi_zero = 0.961587
#   Estimated pi_0=0.975875
Using motif +HNRNPA1_673 of width 7.
Finding best site passing the output threshold in each of the 1541 sequences.
Found a best site in 516 sequences.
Computing q-values.
# Computing q-values.
#   Estimating pi_0 from a uniformly sampled set of 10000 p-values.
#   Estimating pi_0.
# Minimal pi_zero = 0.975833
#   Estimated pi_0=0.990279
Using motif +HNRNPA2B1_701 of width 6.
Finding best site passing the output threshold in each of the 1541 sequences.
Found a best site in 383 sequences.
Computing q-values.
# Computing q-values.
#   Estimating pi_0 from a uniformly sampled set of 10000 p-values.
#   Estimating pi_0.
# Minimal pi_zero = 0.945468
#   Estimated pi_0=0.949103
Using motif +NOVA1_1129 of width 7.
Finding best site passing the output threshold in each of the 1541 sequences.
Found a best site in 677 sequences.
Computing q-values.
# Computing q-values.
#   Estimating pi_0 from a uniformly sampled set of 10000 p-values.
#   Estimating pi_0.
# Minimal pi_zero = 0.891971
#   Estimated pi_0=0.900859
Using motif +QKI_70 of width 12.
Finding best site passing the output threshold in each of the 1541 sequences.
Found a best site in 526 sequences.
Computing q-values.
# Computing q-values.
#   Estimating pi_0 from a uniformly sampled set of 10000 p-values.
#   Estimating pi_0.
# Minimal pi_zero = 0.960174
#   Estimated pi_0=0.965378
Using motif +ELAVL1_M127_0.6 of width 7.
Finding best site passing the output threshold in each of the 1541 sequences.
Found a best site in 734 sequences.
Computing q-values.
# Computing q-values.
#   Estimating pi_0 from a uniformly sampled set of 10000 p-values.
#   Estimating pi_0.
# Minimal pi_zero = 0.924854
#   Estimated pi_0=0.940909
Using motif +PTBP1_s100 of width 7.
Finding best site passing the output threshold in each of the 1541 sequences.
Found a best site in 839 sequences.
Computing q-values.
# Computing q-values.
#   Estimating pi_0 from a uniformly sampled set of 10000 p-values.
#   Estimating pi_0.
# Minimal pi_zero = 0.933529
#   Estimated pi_0=0.943953
Using motif +SRSF1_1222 of width 6.
Finding best site passing the output threshold in each of the 1541 sequences.
Found a best site in 403 sequences.
Computing q-values.
# Computing q-values.
#   Estimating pi_0 from a uniformly sampled set of 10000 p-values.
#   Estimating pi_0.
# Minimal pi_zero = 1.00151
#   Estimated pi_0=1
Using motif +SRSF1_1214 of width 10.
Finding best site passing the output threshold in each of the 1541 sequences.
Found a best site in 769 sequences.
Computing q-values.
# Computing q-values.
#   Estimating pi_0 from a uniformly sampled set of 10000 p-values.
#   Estimating pi_0.
# Minimal pi_zero = 0.996333
#   Estimated pi_0=0.998593
Using motif +SRSF1_1223 of width 7.
Finding best site passing the output threshold in each of the 1541 sequences.
Found a best site in 437 sequences.
Computing q-values.
# Computing q-values.
#   Estimating pi_0 from a uniformly sampled set of 10000 p-values.
#   Estimating pi_0.
# Minimal pi_zero = 1.00091
#   Estimated pi_0=1
Using motif +PTBP1_100 of width 10.
Finding best site passing the output threshold in each of the 1541 sequences.
Found a best site in 943 sequences.
Computing q-values.
# Computing q-values.
#   Estimating pi_0 from a uniformly sampled set of 10000 p-values.
#   Estimating pi_0.
# Minimal pi_zero = 0.943333
#   Estimated pi_0=0.956464
Using motif +NOVA1_99 of width 4.
Finding best site passing the output threshold in each of the 1541 sequences.
Found a best site in 0 sequences.
Computing q-values.
Using motif +ZFP36_38 of width 5.
Finding best site passing the output threshold in each of the 1541 sequences.
Found a best site in 0 sequences.
Computing q-values.
Using motif +PTBP1_380 of width 6.
Finding best site passing the output threshold in each of the 1541 sequences.
Found a best site in 845 sequences.
Computing q-values.
# Computing q-values.
#   Estimating pi_0 from a uniformly sampled set of 10000 p-values.
#   Estimating pi_0.
# Minimal pi_zero = 0.9628
#   Estimated pi_0=0.965988
Using motif +SRSF1_1226 of width 12.
Finding best site passing the output threshold in each of the 1541 sequences.
Found a best site in 767 sequences.
Computing q-values.
# Computing q-values.
#   Estimating pi_0 from a uniformly sampled set of 10000 p-values.
#   Estimating pi_0.
# Minimal pi_zero = 0.996701
#   Estimated pi_0=0.998191
Using motif +SRSF1_1224 of width 7.
Finding best site passing the output threshold in each of the 1541 sequences.
Found a best site in 871 sequences.
Computing q-values.
# Computing q-values.
#   Estimating pi_0 from a uniformly sampled set of 10000 p-values.
#   Estimating pi_0.
# Minimal pi_zero = 0.991146
#   Estimated pi_0=0.993706
Using motif +SRSF1_s60 of width 8.
Finding best site passing the output threshold in each of the 1541 sequences.
Found a best site in 682 sequences.
Computing q-values.
# Computing q-values.
#   Estimating pi_0 from a uniformly sampled set of 10000 p-values.
#   Estimating pi_0.
# Minimal pi_zero = 1.00162
#   Estimated pi_0=1
Using motif +QKI_1140 of width 5.
Finding best site passing the output threshold in each of the 1541 sequences.
Found a best site in 206 sequences.
Computing q-values.
# Computing q-values.
#   Estimating pi_0 from a uniformly sampled set of 10000 p-values.
#   Estimating pi_0.
# Minimal pi_zero = 0.985743
#   Estimated pi_0=1
Using motif +HNRNPA1_1342 of width 5.
Finding best site passing the output threshold in each of the 1541 sequences.
Found a best site in 698 sequences.
Computing q-values.
# Computing q-values.
#   Estimating pi_0 from a uniformly sampled set of 10000 p-values.
#   Estimating pi_0.
# Minimal pi_zero = 0.98978
#   Estimated pi_0=0.997157
Using motif +SRSF1_325 of width 7.
Finding best site passing the output threshold in each of the 1541 sequences.
Found a best site in 815 sequences.
Computing q-values.
# Computing q-values.
#   Estimating pi_0 from a uniformly sampled set of 10000 p-values.
#   Estimating pi_0.
# Minimal pi_zero = 0.986145
#   Estimated pi_0=0.992784
Using motif +SRSF1_1362 of width 9.
Finding best site passing the output threshold in each of the 1541 sequences.
Found a best site in 733 sequences.
Computing q-values.
# Computing q-values.
#   Estimating pi_0 from a uniformly sampled set of 10000 p-values.
#   Estimating pi_0.
# Minimal pi_zero = 0.983
#   Estimated pi_0=0.991429
Using motif +PTBP1_1379 of width 10.
Finding best site passing the output threshold in each of the 1541 sequences.
Found a best site in 690 sequences.
Computing q-values.
# Computing q-values.
#   Estimating pi_0 from a uniformly sampled set of 10000 p-values.
#   Estimating pi_0.
# Minimal pi_zero = 0.995642
#   Estimated pi_0=0.998889
Using motif +HNRNPA1_1305 of width 6.
Finding best site passing the output threshold in each of the 1541 sequences.
Found a best site in 279 sequences.
Computing q-values.
# Computing q-values.
#   Estimating pi_0 from a uniformly sampled set of 10000 p-values.
#   Estimating pi_0.
# Minimal pi_zero = 0.977255
#   Estimated pi_0=0.989693
Using motif +SRSF1_1351 of width 9.
Finding best site passing the output threshold in each of the 1541 sequences.
Found a best site in 800 sequences.
Computing q-values.
# Computing q-values.
#   Estimating pi_0 from a uniformly sampled set of 10000 p-values.
#   Estimating pi_0.
# Minimal pi_zero = 0.982941
#   Estimated pi_0=0.988272
Using motif +HNRNPA1_1358 of width 6.
Finding best site passing the output threshold in each of the 1541 sequences.
Found a best site in 223 sequences.
Computing q-values.
# Computing q-values.
#   Estimating pi_0 from a uniformly sampled set of 10000 p-values.
#   Estimating pi_0.
# Minimal pi_zero = 0.999243
#   Estimated pi_0=1
Using motif +PTBP1_1314 of width 9.
Finding best site passing the output threshold in each of the 1541 sequences.
Found a best site in 802 sequences.
Computing q-values.
# Computing q-values.
#   Estimating pi_0 from a uniformly sampled set of 10000 p-values.
#   Estimating pi_0.
# Minimal pi_zero = 0.987243
#   Estimated pi_0=0.990674
Using motif +SRSF1_1388 of width 7.
Finding best site passing the output threshold in each of the 1541 sequences.
Found a best site in 775 sequences.
Computing q-values.
# Computing q-values.
#   Estimating pi_0 from a uniformly sampled set of 10000 p-values.
#   Estimating pi_0.
# Minimal pi_zero = 0.987435
#   Estimated pi_0=0.989375
Using motif +SRSF1_1367 of width 7.
Finding best site passing the output threshold in each of the 1541 sequences.
Found a best site in 728 sequences.
Computing q-values.
# Computing q-values.
#   Estimating pi_0 from a uniformly sampled set of 10000 p-values.
#   Estimating pi_0.
# Minimal pi_zero = 0.998256
#   Estimated pi_0=0.999899
Using motif +SRSF1_1385 of width 7.
Finding best site passing the output threshold in each of the 1541 sequences.
Found a best site in 690 sequences.
Computing q-values.
# Computing q-values.
#   Estimating pi_0 from a uniformly sampled set of 10000 p-values.
#   Estimating pi_0.
# Minimal pi_zero = 0.997207
#   Estimated pi_0=0.998894
Using motif +SRSF1_1336 of width 10.
Finding best site passing the output threshold in each of the 1541 sequences.
Found a best site in 902 sequences.
Computing q-values.
# Computing q-values.
#   Estimating pi_0 from a uniformly sampled set of 10000 p-values.
#   Estimating pi_0.
# Minimal pi_zero = 0.988571
#   Estimated pi_0=0.991192
Using motif +PTBP1_1381 of width 10.
Finding best site passing the output threshold in each of the 1541 sequences.
Found a best site in 964 sequences.
Computing q-values.
# Computing q-values.
#   Estimating pi_0 from a uniformly sampled set of 10000 p-values.
#   Estimating pi_0.
# Minimal pi_zero = 0.97625
#   Estimated pi_0=0.980842
Using motif +SRSF1_1345 of width 7.
Finding best site passing the output threshold in each of the 1541 sequences.
Found a best site in 682 sequences.
Computing q-values.
# Computing q-values.
#   Estimating pi_0 from a uniformly sampled set of 10000 p-values.
#   Estimating pi_0.
# Minimal pi_zero = 0.997846
#   Estimated pi_0=1
Using motif +HNRNPA1_1304 of width 5.
Finding best site passing the output threshold in each of the 1541 sequences.
Found a best site in 740 sequences.
Computing q-values.
# Computing q-values.
#   Estimating pi_0 from a uniformly sampled set of 10000 p-values.
#   Estimating pi_0.
# Minimal pi_zero = 0.996243
#   Estimated pi_0=0.999695
Using motif +SRSF1_1324 of width 7.
Finding best site passing the output threshold in each of the 1541 sequences.
Found a best site in 653 sequences.
Computing q-values.
# Computing q-values.
#   Estimating pi_0 from a uniformly sampled set of 10000 p-values.
#   Estimating pi_0.
# Minimal pi_zero = 0.989432
#   Estimated pi_0=0.998191
Using motif +SRSF1_1327 of width 9.
Finding best site passing the output threshold in each of the 1541 sequences.
Found a best site in 711 sequences.
Computing q-values.
# Computing q-values.
#   Estimating pi_0 from a uniformly sampled set of 10000 p-values.
#   Estimating pi_0.
# Minimal pi_zero = 0.99301
#   Estimated pi_0=0.996615
Using motif +SRSF1_1335 of width 7.
Finding best site passing the output threshold in each of the 1541 sequences.
Found a best site in 635 sequences.
Computing q-values.
# Computing q-values.
#   Estimating pi_0 from a uniformly sampled set of 10000 p-values.
#   Estimating pi_0.
# Minimal pi_zero = 0.992083
#   Estimated pi_0=0.999196
Using motif +HNRNPA1_1306 of width 10.
Finding best site passing the output threshold in each of the 1541 sequences.
Found a best site in 902 sequences.
Computing q-values.
# Computing q-values.
#   Estimating pi_0 from a uniformly sampled set of 10000 p-values.
#   Estimating pi_0.
# Minimal pi_zero = 0.993224
#   Estimated pi_0=0.997085
Using motif +PTBP1_1341 of width 7.
Finding best site passing the output threshold in each of the 1541 sequences.
Found a best site in 696 sequences.
Computing q-values.
# Computing q-values.
#   Estimating pi_0 from a uniformly sampled set of 10000 p-values.
#   Estimating pi_0.
# Minimal pi_zero = 0.945041
#   Estimated pi_0=0.951195
Using motif +SRSF1_1349 of width 6.
Finding best site passing the output threshold in each of the 1541 sequences.
Found a best site in 645 sequences.
Computing q-values.
# Computing q-values.
#   Estimating pi_0 from a uniformly sampled set of 10000 p-values.
#   Estimating pi_0.
# Minimal pi_zero = 1
#   Estimated pi_0=1
Using motif +NOVA1_1378 of width 8.
Finding best site passing the output threshold in each of the 1541 sequences.
Found a best site in 737 sequences.
Computing q-values.
# Computing q-values.
#   Estimating pi_0 from a uniformly sampled set of 10000 p-values.
#   Estimating pi_0.
# Minimal pi_zero = 0.988217
#   Estimated pi_0=0.995602
Using motif +HNRNPA1_1346 of width 10.
Finding best site passing the output threshold in each of the 1541 sequences.
Found a best site in 541 sequences.
Computing q-values.
# Computing q-values.
#   Estimating pi_0 from a uniformly sampled set of 10000 p-values.
#   Estimating pi_0.
# Minimal pi_zero = 0.998542
#   Estimated pi_0=1
Using motif +SRSF1_1376 of width 12.
Finding best site passing the output threshold in each of the 1541 sequences.
Found a best site in 608 sequences.
Computing q-values.
# Computing q-values.
#   Estimating pi_0 from a uniformly sampled set of 10000 p-values.
#   Estimating pi_0.
# Minimal pi_zero = 0.972762
#   Estimated pi_0=0.979216
Using motif +PTBP1_1398 of width 6.
Finding best site passing the output threshold in each of the 1541 sequences.
Found a best site in 394 sequences.
Computing q-values.
# Computing q-values.
#   Estimating pi_0 from a uniformly sampled set of 10000 p-values.
#   Estimating pi_0.
# Minimal pi_zero = 0.934035
#   Estimated pi_0=0.946621
Using motif +SRSF1_1390 of width 9.
Finding best site passing the output threshold in each of the 1541 sequences.
Found a best site in 773 sequences.
Computing q-values.
# Computing q-values.
#   Estimating pi_0 from a uniformly sampled set of 10000 p-values.
#   Estimating pi_0.
# Minimal pi_zero = 0.994839
#   Estimated pi_0=0.998392
Using motif +SRSF1_1312 of width 8.
Finding best site passing the output threshold in each of the 1541 sequences.
Found a best site in 697 sequences.
Computing q-values.
# Computing q-values.
#   Estimating pi_0 from a uniformly sampled set of 10000 p-values.
#   Estimating pi_0.
# Minimal pi_zero = 0.998384
#   Estimated pi_0=0.999698
Using motif +SRSF1_1319 of width 9.
Finding best site passing the output threshold in each of the 1541 sequences.
Found a best site in 847 sequences.
Computing q-values.
# Computing q-values.
#   Estimating pi_0 from a uniformly sampled set of 10000 p-values.
#   Estimating pi_0.
# Minimal pi_zero = 0.992826
#   Estimated pi_0=0.996482
Using motif +SRSF1_1393 of width 7.
Finding best site passing the output threshold in each of the 1541 sequences.
Found a best site in 288 sequences.
Computing q-values.
# Computing q-values.
#   Estimating pi_0 from a uniformly sampled set of 10000 p-values.
#   Estimating pi_0.
# Minimal pi_zero = 1.00392
#   Estimated pi_0=1
Using motif +SRSF1_1364 of width 7.
Finding best site passing the output threshold in each of the 1541 sequences.
Found a best site in 807 sequences.
Computing q-values.
# Computing q-values.
#   Estimating pi_0 from a uniformly sampled set of 10000 p-values.
#   Estimating pi_0.
# Minimal pi_zero = 0.967903
#   Estimated pi_0=0.980674
Using motif +PTBP1_1368 of width 8.
Finding best site passing the output threshold in each of the 1541 sequences.
Found a best site in 824 sequences.
Computing q-values.
# Computing q-values.
#   Estimating pi_0 from a uniformly sampled set of 10000 p-values.
#   Estimating pi_0.
# Minimal pi_zero = 0.929915
#   Estimated pi_0=0.936535
Using motif +PTBP2_1317 of width 5.
Finding best site passing the output threshold in each of the 1541 sequences.
Found a best site in 755 sequences.
Computing q-values.
# Computing q-values.
#   Estimating pi_0 from a uniformly sampled set of 10000 p-values.
#   Estimating pi_0.
# Minimal pi_zero = 0.982088
#   Estimated pi_0=0.985397
Using motif +SRSF1_1353 of width 9.
Finding best site passing the output threshold in each of the 1541 sequences.
Found a best site in 733 sequences.
Computing q-values.
# Computing q-values.
#   Estimating pi_0 from a uniformly sampled set of 10000 p-values.
#   Estimating pi_0.
# Minimal pi_zero = 0.987568
#   Estimated pi_0=0.993918
Using motif +SRSF1_1310 of width 7.
Finding best site passing the output threshold in each of the 1541 sequences.
Found a best site in 653 sequences.
Computing q-values.
# Computing q-values.
#   Estimating pi_0 from a uniformly sampled set of 10000 p-values.
#   Estimating pi_0.
# Minimal pi_zero = 0.993043
#   Estimated pi_0=0.996768
Using motif +PTBP2_1370 of width 6.
Finding best site passing the output threshold in each of the 1541 sequences.
Found a best site in 845 sequences.
Computing q-values.
# Computing q-values.
#   Estimating pi_0 from a uniformly sampled set of 10000 p-values.
#   Estimating pi_0.
# Minimal pi_zero = 0.965867
#   Estimated pi_0=0.967545
Using motif +PTBP1_1372 of width 5.
Finding best site passing the output threshold in each of the 1541 sequences.
Found a best site in 755 sequences.
Computing q-values.
# Computing q-values.
#   Estimating pi_0 from a uniformly sampled set of 10000 p-values.
#   Estimating pi_0.
# Minimal pi_zero = 0.977033
#   Estimated pi_0=0.980328
Using motif +SRSF1_1326 of width 6.
Finding best site passing the output threshold in each of the 1541 sequences.
Found a best site in 696 sequences.
Computing q-values.
# Computing q-values.
#   Estimating pi_0 from a uniformly sampled set of 10000 p-values.
#   Estimating pi_0.
# Minimal pi_zero = 0.998384
#   Estimated pi_0=0.999899
Using motif +SRSF1_1383 of width 8.
Finding best site passing the output threshold in each of the 1541 sequences.
Found a best site in 841 sequences.
Computing q-values.
# Computing q-values.
#   Estimating pi_0 from a uniformly sampled set of 10000 p-values.
#   Estimating pi_0.
# Minimal pi_zero = 0.994093
#   Estimated pi_0=0.998191
Using motif +SRSF1_1389 of width 9.
Finding best site passing the output threshold in each of the 1541 sequences.
Found a best site in 689 sequences.
Computing q-values.
# Computing q-values.
#   Estimating pi_0 from a uniformly sampled set of 10000 p-values.
#   Estimating pi_0.
# Minimal pi_zero = 0.994011
#   Estimated pi_0=0.996244
Using motif +HNRNPA1_1397 of width 4.
Finding best site passing the output threshold in each of the 1541 sequences.
Found a best site in 0 sequences.
Computing q-values.
Using motif +PTBP1_1359 of width 6.
Finding best site passing the output threshold in each of the 1541 sequences.
Found a best site in 845 sequences.
Computing q-values.
# Computing q-values.
#   Estimating pi_0 from a uniformly sampled set of 10000 p-values.
#   Estimating pi_0.
# Minimal pi_zero = 0.969102
#   Estimated pi_0=0.97548
Using motif +PTBP1_1382 of width 7.
Finding best site passing the output threshold in each of the 1541 sequences.
Found a best site in 736 sequences.
Computing q-values.
# Computing q-values.
#   Estimating pi_0 from a uniformly sampled set of 10000 p-values.
#   Estimating pi_0.
# Minimal pi_zero = 0.938211
#   Estimated pi_0=0.94585
Using motif +PTBP1_1340 of width 7.
Finding best site passing the output threshold in each of the 1541 sequences.
Found a best site in 802 sequences.
Computing q-values.
# Computing q-values.
#   Estimating pi_0 from a uniformly sampled set of 10000 p-values.
#   Estimating pi_0.
# Minimal pi_zero = 0.910484
#   Estimated pi_0=0.924138
Using motif +SRSF1_1373 of width 8.
Finding best site passing the output threshold in each of the 1541 sequences.
Found a best site in 887 sequences.
Computing q-values.
# Computing q-values.
#   Estimating pi_0 from a uniformly sampled set of 10000 p-values.
#   Estimating pi_0.
# Minimal pi_zero = 0.993511
#   Estimated pi_0=0.996142
Using motif +SRSF1_1338 of width 12.
Finding best site passing the output threshold in each of the 1541 sequences.
Found a best site in 900 sequences.
Computing q-values.
# Computing q-values.
#   Estimating pi_0 from a uniformly sampled set of 10000 p-values.
#   Estimating pi_0.
# Minimal pi_zero = 0.990769
#   Estimated pi_0=0.994388
Using motif +HNRNPA1_1366 of width 4.
Finding best site passing the output threshold in each of the 1541 sequences.
Found a best site in 0 sequences.
Computing q-values.
[fimo] lost scan OK
[fimo] END Sun Sep 20 12:02:31 +08 2026
