[post] start Sun Sep 20 11:51:17 +08 2026
[nullbed] 1541 regions
Using motif +ZFP36_M269_0.6 of width 11.
Finding best site passing the output threshold in each of the 1541 sequences.
Found a best site in 811 sequences.
Computing q-values.
# Computing q-values.
#   Estimating pi_0 from a uniformly sampled set of 10000 p-values.
#   Estimating pi_0.
# Minimal pi_zero = 0.969432
#   Estimated pi_0=0.972787
Using motif +HNRNPA2B1_705 of width 11.
Finding best site passing the output threshold in each of the 1541 sequences.
Found a best site in 635 sequences.
Computing q-values.
# Computing q-values.
#   Estimating pi_0 from a uniformly sampled set of 10000 p-values.
#   Estimating pi_0.
# Minimal pi_zero = 0.996995
#   Estimated pi_0=0.999397
Using motif +SRSF1_1227 of width 9.
Finding best site passing the output threshold in each of the 1541 sequences.
Found a best site in 678 sequences.
Computing q-values.
# Computing q-values.
#   Estimating pi_0 from a uniformly sampled set of 10000 p-values.
#   Estimating pi_0.
# Minimal pi_zero = 0.984969
#   Estimated pi_0=0.989026
Using motif +SRSF1_1241 of width 7.
Finding best site passing the output threshold in each of the 1541 sequences.
Found a best site in 420 sequences.
Computing q-values.
# Computing q-values.
#   Estimating pi_0 from a uniformly sampled set of 10000 p-values.
#   Estimating pi_0.
# Minimal pi_zero = 1.00101
#   Estimated pi_0=1
Using motif +HNRNPA1_690 of width 6.
Finding best site passing the output threshold in each of the 1541 sequences.
Found a best site in 356 sequences.
Computing q-values.
# Computing q-values.
#   Estimating pi_0 from a uniformly sampled set of 10000 p-values.
#   Estimating pi_0.
# Minimal pi_zero = 1.00101
#   Estimated pi_0=1
Using motif +ELAVL1_1103 of width 5.
Finding best site passing the output threshold in each of the 1541 sequences.
Found a best site in 0 sequences.
Computing q-values.
Using motif +HNRNPA1_M271_0.6 of width 6.
Finding best site passing the output threshold in each of the 1541 sequences.
Found a best site in 524 sequences.
Computing q-values.
# Computing q-values.
#   Estimating pi_0 from a uniformly sampled set of 10000 p-values.
#   Estimating pi_0.
# Minimal pi_zero = 1.0005
#   Estimated pi_0=1
Using motif +MBNL1_M320_0.6 of width 8.
Finding best site passing the output threshold in each of the 1541 sequences.
Found a best site in 649 sequences.
Computing q-values.
# Computing q-values.
#   Estimating pi_0 from a uniformly sampled set of 10000 p-values.
#   Estimating pi_0.
# Minimal pi_zero = 0.958667
#   Estimated pi_0=0.963669
Using motif +SRSF1_1218 of width 6.
Finding best site passing the output threshold in each of the 1541 sequences.
Found a best site in 389 sequences.
Computing q-values.
# Computing q-values.
#   Estimating pi_0 from a uniformly sampled set of 10000 p-values.
#   Estimating pi_0.
# Minimal pi_zero = 1.00113
#   Estimated pi_0=1
Using motif +NOVA1_64 of width 4.
Finding best site passing the output threshold in each of the 1541 sequences.
Found a best site in 0 sequences.
Computing q-values.
Using motif +HNRNPA1_660 of width 8.
Finding best site passing the output threshold in each of the 1541 sequences.
Found a best site in 295 sequences.
Computing q-values.
# Computing q-values.
#   Estimating pi_0 from a uniformly sampled set of 10000 p-values.
#   Estimating pi_0.
# Minimal pi_zero = 1.00352
#   Estimated pi_0=1
Using motif +TARDBP_144 of width 12.
Finding best site passing the output threshold in each of the 1541 sequences.
Found a best site in 638 sequences.
Computing q-values.
# Computing q-values.
#   Estimating pi_0 from a uniformly sampled set of 10000 p-values.
#   Estimating pi_0.
# Minimal pi_zero = 0.978107
#   Estimated pi_0=0.980317
Using motif +SRSF1_1221 of width 6.
Finding best site passing the output threshold in each of the 1541 sequences.
Found a best site in 465 sequences.
Computing q-values.
# Computing q-values.
#   Estimating pi_0 from a uniformly sampled set of 10000 p-values.
#   Estimating pi_0.
# Minimal pi_zero = 0.979608
#   Estimated pi_0=0.998985
Using motif +SRSF1_s49 of width 7.
Finding best site passing the output threshold in each of the 1541 sequences.
Found a best site in 558 sequences.
Computing q-values.
# Computing q-values.
#   Estimating pi_0 from a uniformly sampled set of 10000 p-values.
#   Estimating pi_0.
# Minimal pi_zero = 1.0003
#   Estimated pi_0=1
Using motif +SRSF1_1229 of width 6.
Finding best site passing the output threshold in each of the 1541 sequences.
Found a best site in 445 sequences.
Computing q-values.
# Computing q-values.
#   Estimating pi_0 from a uniformly sampled set of 10000 p-values.
#   Estimating pi_0.
# Minimal pi_zero = 0.999598
#   Estimated pi_0=0.999598
Using motif +SRSF1_1234 of width 7.
Finding best site passing the output threshold in each of the 1541 sequences.
Found a best site in 584 sequences.
Computing q-values.
# Computing q-values.
#   Estimating pi_0 from a uniformly sampled set of 10000 p-values.
#   Estimating pi_0.
# Minimal pi_zero = 0.997259
#   Estimated pi_0=0.998889
Using motif +PTBP1_998 of width 6.
Finding best site passing the output threshold in each of the 1541 sequences.
Found a best site in 421 sequences.
Computing q-values.
# Computing q-values.
#   Estimating pi_0 from a uniformly sampled set of 10000 p-values.
#   Estimating pi_0.
# Minimal pi_zero = 0.963758
#   Estimated pi_0=0.96924
Using motif +KHDRBS1_1155 of width 6.
Finding best site passing the output threshold in each of the 1541 sequences.
Found a best site in 467 sequences.
Computing q-values.
# Computing q-values.
#   Estimating pi_0 from a uniformly sampled set of 10000 p-values.
#   Estimating pi_0.
# Minimal pi_zero = 0.912027
#   Estimated pi_0=0.912027
Using motif +SRSF1_1233 of width 7.
Finding best site passing the output threshold in each of the 1541 sequences.
Found a best site in 593 sequences.
Computing q-values.
# Computing q-values.
#   Estimating pi_0 from a uniformly sampled set of 10000 p-values.
#   Estimating pi_0.
# Minimal pi_zero = 0.997462
#   Estimated pi_0=0.998492
Using motif +PTBP1_51 of width 4.
Finding best site passing the output threshold in each of the 1541 sequences.
Found a best site in 0 sequences.
Computing q-values.
Using motif +SRSF1_M106_0.6 of width 8.
Finding best site passing the output threshold in each of the 1541 sequences.
Found a best site in 693 sequences.
Computing q-values.
# Computing q-values.
#   Estimating pi_0 from a uniformly sampled set of 10000 p-values.
#   Estimating pi_0.
# Minimal pi_zero = 0.998342
#   Estimated pi_0=0.999397
Using motif +HNRNPA1_692 of width 7.
Finding best site passing the output threshold in each of the 1541 sequences.
Found a best site in 613 sequences.
Computing q-values.
# Computing q-values.
#   Estimating pi_0 from a uniformly sampled set of 10000 p-values.
#   Estimating pi_0.
# Minimal pi_zero = 0.995699
#   Estimated pi_0=0.997879
Using motif +ELAVL1_367 of width 4.
Finding best site passing the output threshold in each of the 1541 sequences.
Found a best site in 0 sequences.
Computing q-values.
Using motif +SRSF1_1211 of width 9.
Finding best site passing the output threshold in each of the 1541 sequences.
Found a best site in 664 sequences.
Computing q-values.
# Computing q-values.
#   Estimating pi_0 from a uniformly sampled set of 10000 p-values.
#   Estimating pi_0.
# Minimal pi_zero = 0.996402
#   Estimated pi_0=0.99799
Using motif +HNRNPA1_679 of width 6.
Finding best site passing the output threshold in each of the 1541 sequences.
Found a best site in 265 sequences.
Computing q-values.
# Computing q-values.
#   Estimating pi_0 from a uniformly sampled set of 10000 p-values.
#   Estimating pi_0.
# Minimal pi_zero = 0.993137
#   Estimated pi_0=1
Using motif +FUS_M316_0.6 of width 4.
Finding best site passing the output threshold in each of the 1541 sequences.
Found a best site in 0 sequences.
Computing q-values.
Using motif +NOVA1_1131 of width 5.
Finding best site passing the output threshold in each of the 1541 sequences.
Found a best site in 0 sequences.
Computing q-values.
Using motif +SRSF1_1216 of width 7.
Finding best site passing the output threshold in each of the 1541 sequences.
Found a best site in 709 sequences.
Computing q-values.
# Computing q-values.
#   Estimating pi_0 from a uniformly sampled set of 10000 p-values.
#   Estimating pi_0.
# Minimal pi_zero = 0.995435
#   Estimated pi_0=0.998788
Using motif +HNRNPA1_653 of width 7.
Finding best site passing the output threshold in each of the 1541 sequences.
Found a best site in 486 sequences.
Computing q-values.
# Computing q-values.
#   Estimating pi_0 from a uniformly sampled set of 10000 p-values.
#   Estimating pi_0.
# Minimal pi_zero = 0.983836
#   Estimated pi_0=0.995978
Using motif +HNRNPA1_644 of width 6.
Finding best site passing the output threshold in each of the 1541 sequences.
Found a best site in 370 sequences.
Computing q-values.
# Computing q-values.
#   Estimating pi_0 from a uniformly sampled set of 10000 p-values.
#   Estimating pi_0.
# Minimal pi_zero = 0.998773
#   Estimated pi_0=1
Using motif +MBNL1_M320_0.6a of width 4.
Finding best site passing the output threshold in each of the 1541 sequences.
Found a best site in 0 sequences.
Computing q-values.
Using motif +PTBP1_1017 of width 7.
Finding best site passing the output threshold in each of the 1541 sequences.
Found a best site in 415 sequences.
Computing q-values.
# Computing q-values.
#   Estimating pi_0 from a uniformly sampled set of 10000 p-values.
#   Estimating pi_0.
# Minimal pi_zero = 0.992169
#   Estimated pi_0=0.995051
Using motif +ELAVL1_1105 of width 9.
Finding best site passing the output threshold in each of the 1541 sequences.
Found a best site in 755 sequences.
Computing q-values.
# Computing q-values.
#   Estimating pi_0 from a uniformly sampled set of 10000 p-values.
#   Estimating pi_0.
# Minimal pi_zero = 0.931346
#   Estimated pi_0=0.947403
Using motif +SRSF1_M272_0.6 of width 8.
Finding best site passing the output threshold in each of the 1541 sequences.
Found a best site in 659 sequences.
Computing q-values.
# Computing q-values.
#   Estimating pi_0 from a uniformly sampled set of 10000 p-values.
#   Estimating pi_0.
# Minimal pi_zero = 0.997354
#   Estimated pi_0=1
Using motif +PTBP1_1013 of width 11.
Finding best site passing the output threshold in each of the 1541 sequences.
Found a best site in 885 sequences.
Computing q-values.
# Computing q-values.
#   Estimating pi_0 from a uniformly sampled set of 10000 p-values.
#   Estimating pi_0.
# Minimal pi_zero = 0.948921
#   Estimated pi_0=0.958286
Using motif +MBNL1_s30 of width 6.
Finding best site passing the output threshold in each of the 1541 sequences.
Found a best site in 728 sequences.
Computing q-values.
# Computing q-values.
#   Estimating pi_0 from a uniformly sampled set of 10000 p-values.
#   Estimating pi_0.
# Minimal pi_zero = 0.990879
#   Estimated pi_0=0.997056
Using motif +ELAVL1_M108_0.6 of width 7.
Finding best site passing the output threshold in each of the 1541 sequences.
Found a best site in 823 sequences.
Computing q-values.
# Computing q-values.
#   Estimating pi_0 from a uniformly sampled set of 10000 p-values.
#   Estimating pi_0.
# Minimal pi_zero = 0.93
#   Estimated pi_0=0.937267
Using motif +SRSF1_M273_0.6 of width 7.
Finding best site passing the output threshold in each of the 1541 sequences.
Found a best site in 94 sequences.
Computing q-values.
# Computing q-values.
#   Estimating pi_0 from a uniformly sampled set of 10000 p-values.
#   Estimating pi_0.
# Minimal pi_zero = 0.998416
#   Estimated pi_0=1
Using motif +ELAVL1_1104 of width 5.
Finding best site passing the output threshold in each of the 1541 sequences.
Found a best site in 0 sequences.
Computing q-values.
Using motif +HNRNPA1_652 of width 5.
Finding best site passing the output threshold in each of the 1541 sequences.
Found a best site in 0 sequences.
Computing q-values.
Using motif +FUS_1061 of width 7.
Finding best site passing the output threshold in each of the 1541 sequences.
Found a best site in 677 sequences.
Computing q-values.
# Computing q-values.
#   Estimating pi_0 from a uniformly sampled set of 10000 p-values.
#   Estimating pi_0.
# Minimal pi_zero = 0.929173
#   Estimated pi_0=0.936114
Using motif +KHDRBS1_M160_0.6 of width 7.
Finding best site passing the output threshold in each of the 1541 sequences.
Found a best site in 745 sequences.
Computing q-values.
# Computing q-values.
#   Estimating pi_0 from a uniformly sampled set of 10000 p-values.
#   Estimating pi_0.
# Minimal pi_zero = 0.9558
#   Estimated pi_0=0.973913
Using motif +SRSF1_s51 of width 7.
Finding best site passing the output threshold in each of the 1541 sequences.
Found a best site in 123 sequences.
Computing q-values.
# Computing q-values.
#   Estimating pi_0 from a uniformly sampled set of 10000 p-values.
#   Estimating pi_0.
# Minimal pi_zero = 1.00382
#   Estimated pi_0=1
Using motif +HNRNPA2B1_698 of width 5.
Finding best site passing the output threshold in each of the 1541 sequences.
Found a best site in 0 sequences.
Computing q-values.
Using motif +MBNL1_M037_0.6 of width 7.
Finding best site passing the output threshold in each of the 1541 sequences.
Found a best site in 611 sequences.
Computing q-values.
# Computing q-values.
#   Estimating pi_0 from a uniformly sampled set of 10000 p-values.
#   Estimating pi_0.
# Minimal pi_zero = 0.968302
#   Estimated pi_0=0.972561
Using motif +PTBP1_1014 of width 7.
Finding best site passing the output threshold in each of the 1541 sequences.
Found a best site in 697 sequences.
Computing q-values.
# Computing q-values.
#   Estimating pi_0 from a uniformly sampled set of 10000 p-values.
#   Estimating pi_0.
# Minimal pi_zero = 0.94604
#   Estimated pi_0=0.953962
Using motif +ELAVL1_M112_0.6 of width 7.
Finding best site passing the output threshold in each of the 1541 sequences.
Found a best site in 844 sequences.
Computing q-values.
# Computing q-values.
#   Estimating pi_0 from a uniformly sampled set of 10000 p-values.
#   Estimating pi_0.
# Minimal pi_zero = 0.943486
#   Estimated pi_0=0.943486
Using motif +PTBP1_1009 of width 9.
Finding best site passing the output threshold in each of the 1541 sequences.
Found a best site in 890 sequences.
Computing q-values.
# Computing q-values.
#   Estimating pi_0 from a uniformly sampled set of 10000 p-values.
#   Estimating pi_0.
# Minimal pi_zero = 0.956905
#   Estimated pi_0=0.956905
Using motif +PTBP1_31 of width 4.
Finding best site passing the output threshold in each of the 1541 sequences.
Found a best site in 0 sequences.
Computing q-values.
Using motif +PTBP2_1134 of width 6.
Finding best site passing the output threshold in each of the 1541 sequences.
Found a best site in 731 sequences.
Computing q-values.
# Computing q-values.
#   Estimating pi_0 from a uniformly sampled set of 10000 p-values.
#   Estimating pi_0.
# Minimal pi_zero = 0.97485
#   Estimated pi_0=0.983277
Using motif +NOVA2_M325_0.6 of width 16.
Finding best site passing the output threshold in each of the 1541 sequences.
Found a best site in 602 sequences.
Computing q-values.
# Computing q-values.
#   Estimating pi_0 from a uniformly sampled set of 10000 p-values.
#   Estimating pi_0.
# Minimal pi_zero = 1.0001
#   Estimated pi_0=1
Using motif +HNRNPA1_665 of width 5.
Finding best site passing the output threshold in each of the 1541 sequences.
Found a best site in 0 sequences.
Computing q-values.
Using motif +HNRNPA1_647 of width 10.
Finding best site passing the output threshold in each of the 1541 sequences.
Found a best site in 513 sequences.
Computing q-values.
# Computing q-values.
#   Estimating pi_0 from a uniformly sampled set of 10000 p-values.
#   Estimating pi_0.
# Minimal pi_zero = 0.990693
#   Estimated pi_0=1
Using motif +ZFP36_155 of width 6.
Finding best site passing the output threshold in each of the 1541 sequences.
Found a best site in 813 sequences.
Computing q-values.
# Computing q-values.
#   Estimating pi_0 from a uniformly sampled set of 10000 p-values.
#   Estimating pi_0.
# Minimal pi_zero = 0.952368
#   Estimated pi_0=0.962842
Using motif +HNRNPA1_43 of width 12.
Finding best site passing the output threshold in each of the 1541 sequences.
Found a best site in 520 sequences.
Computing q-values.
# Computing q-values.
#   Estimating pi_0 from a uniformly sampled set of 10000 p-values.
#   Estimating pi_0.
# Minimal pi_zero = 0.988837
#   Estimated pi_0=1
Using motif +PTBP1_8 of width 5.
Finding best site passing the output threshold in each of the 1541 sequences.
Found a best site in 688 sequences.
Computing q-values.
# Computing q-values.
#   Estimating pi_0 from a uniformly sampled set of 10000 p-values.
#   Estimating pi_0.
# Minimal pi_zero = 0.978453
#   Estimated pi_0=0.978571
Using motif +HNRNPA2B1_706 of width 11.
Finding best site passing the output threshold in each of the 1541 sequences.
Found a best site in 524 sequences.
Computing q-values.
# Computing q-values.
#   Estimating pi_0 from a uniformly sampled set of 10000 p-values.
#   Estimating pi_0.
# Minimal pi_zero = 0.996598
#   Estimated pi_0=0.999397
Using motif +ZFP36_138 of width 5.
Finding best site passing the output threshold in each of the 1541 sequences.
Found a best site in 655 sequences.
Computing q-values.
# Computing q-values.
#   Estimating pi_0 from a uniformly sampled set of 10000 p-values.
#   Estimating pi_0.
# Minimal pi_zero = 0.975556
#   Estimated pi_0=0.985363
Using motif +PTBP1_s12 of width 6.
Finding best site passing the output threshold in each of the 1541 sequences.
Found a best site in 777 sequences.
Computing q-values.
# Computing q-values.
#   Estimating pi_0 from a uniformly sampled set of 10000 p-values.
#   Estimating pi_0.
# Minimal pi_zero = 0.953793
#   Estimated pi_0=0.956438
Using motif +KHDRBS1_1157 of width 5.
Finding best site passing the output threshold in each of the 1541 sequences.
Found a best site in 0 sequences.
Computing q-values.
Using motif +SRSF1_s99 of width 7.
Finding best site passing the output threshold in each of the 1541 sequences.
Found a best site in 275 sequences.
Computing q-values.
# Computing q-values.
#   Estimating pi_0 from a uniformly sampled set of 10000 p-values.
#   Estimating pi_0.
# Minimal pi_zero = 1.00131
#   Estimated pi_0=1
Using motif +ZFP36_49 of width 6.
Finding best site passing the output threshold in each of the 1541 sequences.
Found a best site in 575 sequences.
Computing q-values.
# Computing q-values.
#   Estimating pi_0 from a uniformly sampled set of 10000 p-values.
#   Estimating pi_0.
# Minimal pi_zero = 0.984833
#   Estimated pi_0=0.994721
Using motif +HNRNPA1_663 of width 6.
Finding best site passing the output threshold in each of the 1541 sequences.
Found a best site in 620 sequences.
Computing q-values.
# Computing q-values.
#   Estimating pi_0 from a uniformly sampled set of 10000 p-values.
#   Estimating pi_0.
# Minimal pi_zero = 0.99799
#   Estimated pi_0=0.99799
Using motif +HNRNPA1_681 of width 6.
Finding best site passing the output threshold in each of the 1541 sequences.
Found a best site in 265 sequences.
Computing q-values.
# Computing q-values.
#   Estimating pi_0 from a uniformly sampled set of 10000 p-values.
#   Estimating pi_0.
# Minimal pi_zero = 0.978039
#   Estimated pi_0=1
Using motif +KHDRBS1_s34 of width 6.
Finding best site passing the output threshold in each of the 1541 sequences.
Found a best site in 485 sequences.
Computing q-values.
# Computing q-values.
#   Estimating pi_0 from a uniformly sampled set of 10000 p-values.
#   Estimating pi_0.
# Minimal pi_zero = 0.9588
#   Estimated pi_0=0.960755
Using motif +HNRNPA2B1_710 of width 6.
Finding best site passing the output threshold in each of the 1541 sequences.
Found a best site in 371 sequences.
Computing q-values.
# Computing q-values.
#   Estimating pi_0 from a uniformly sampled set of 10000 p-values.
#   Estimating pi_0.
# Minimal pi_zero = 0.968824
#   Estimated pi_0=0.978471
Using motif +PTBP1_1004 of width 6.
Finding best site passing the output threshold in each of the 1541 sequences.
Found a best site in 731 sequences.
Computing q-values.
# Computing q-values.
#   Estimating pi_0 from a uniformly sampled set of 10000 p-values.
#   Estimating pi_0.
# Minimal pi_zero = 0.973772
#   Estimated pi_0=0.984456
Using motif +QKI_104 of width 12.
Finding best site passing the output threshold in each of the 1541 sequences.
Found a best site in 665 sequences.
Computing q-values.
# Computing q-values.
#   Estimating pi_0 from a uniformly sampled set of 10000 p-values.
#   Estimating pi_0.
# Minimal pi_zero = 0.984603
#   Estimated pi_0=0.991064
Using motif +MBNL1_1123 of width 6.
Finding best site passing the output threshold in each of the 1541 sequences.
Found a best site in 608 sequences.
Computing q-values.
# Computing q-values.
#   Estimating pi_0 from a uniformly sampled set of 10000 p-values.
#   Estimating pi_0.
# Minimal pi_zero = 0.991617
#   Estimated pi_0=0.997026
Using motif +HNRNPA1_651 of width 5.
Finding best site passing the output threshold in each of the 1541 sequences.
Found a best site in 782 sequences.
Computing q-values.
# Computing q-values.
#   Estimating pi_0 from a uniformly sampled set of 10000 p-values.
#   Estimating pi_0.
# Minimal pi_zero = 0.997049
#   Estimated pi_0=0.998995
Using motif +KHDRBS1_M060_0.6 of width 7.
Finding best site passing the output threshold in each of the 1541 sequences.
Found a best site in 602 sequences.
Computing q-values.
# Computing q-values.
#   Estimating pi_0 from a uniformly sampled set of 10000 p-values.
#   Estimating pi_0.
# Minimal pi_zero = 0.972963
#   Estimated pi_0=0.985412
Using motif +HNRNPA1_664 of width 6.
Finding best site passing the output threshold in each of the 1541 sequences.
Found a best site in 445 sequences.
Computing q-values.
# Computing q-values.
#   Estimating pi_0 from a uniformly sampled set of 10000 p-values.
#   Estimating pi_0.
# Minimal pi_zero = 1.0001
#   Estimated pi_0=1
Using motif +TARDBP_1282 of width 10.
Finding best site passing the output threshold in each of the 1541 sequences.
Found a best site in 634 sequences.
Computing q-values.
# Computing q-values.
#   Estimating pi_0 from a uniformly sampled set of 10000 p-values.
#   Estimating pi_0.
# Minimal pi_zero = 0.982692
#   Estimated pi_0=0.990306
Using motif +HNRNPA1_696 of width 6.
Finding best site passing the output threshold in each of the 1541 sequences.
Found a best site in 266 sequences.
Computing q-values.
# Computing q-values.
#   Estimating pi_0 from a uniformly sampled set of 10000 p-values.
#   Estimating pi_0.
# Minimal pi_zero = 1.00131
#   Estimated pi_0=1
Using motif +PTBP1_1018 of width 7.
Finding best site passing the output threshold in each of the 1541 sequences.
Found a best site in 677 sequences.
Computing q-values.
# Computing q-values.
#   Estimating pi_0 from a uniformly sampled set of 10000 p-values.
#   Estimating pi_0.
# Minimal pi_zero = 0.92406
#   Estimated pi_0=0.933829
Using motif +PTBP1_11 of width 4.
Finding best site passing the output threshold in each of the 1541 sequences.
Found a best site in 0 sequences.
Computing q-values.
Using motif +PTBP1_1002 of width 8.
Finding best site passing the output threshold in each of the 1541 sequences.
Found a best site in 740 sequences.
Computing q-values.
# Computing q-values.
#   Estimating pi_0 from a uniformly sampled set of 10000 p-values.
#   Estimating pi_0.
# Minimal pi_zero = 0.977079
#   Estimated pi_0=0.977079
Using motif +NUDT21_420 of width 5.
Finding best site passing the output threshold in each of the 1541 sequences.
Found a best site in 0 sequences.
Computing q-values.
Using motif +SRSF1_M104_0.6 of width 7.
Finding best site passing the output threshold in each of the 1541 sequences.
Found a best site in 616 sequences.
Computing q-values.
# Computing q-values.
#   Estimating pi_0 from a uniformly sampled set of 10000 p-values.
#   Estimating pi_0.
# Minimal pi_zero = 0.998894
#   Estimated pi_0=0.998894
Using motif +NOVA2_179 of width 4.
Finding best site passing the output threshold in each of the 1541 sequences.
Found a best site in 0 sequences.
Computing q-values.
Using motif +ELAVL1_1108 of width 7.
Finding best site passing the output threshold in each of the 1541 sequences.
Found a best site in 677 sequences.
Computing q-values.
# Computing q-values.
#   Estimating pi_0 from a uniformly sampled set of 10000 p-values.
#   Estimating pi_0.
# Minimal pi_zero = 0.902556
#   Estimated pi_0=0.919529
Using motif +SRSF1_M103_0.6 of width 7.
Finding best site passing the output threshold in each of the 1541 sequences.
Found a best site in 671 sequences.
Computing q-values.
# Computing q-values.
#   Estimating pi_0 from a uniformly sampled set of 10000 p-values.
#   Estimating pi_0.
# Minimal pi_zero = 0.996465
#   Estimated pi_0=0.997487
Using motif +SRSF1_126 of width 7.
Finding best site passing the output threshold in each of the 1541 sequences.
Found a best site in 487 sequences.
Computing q-values.
# Computing q-values.
#   Estimating pi_0 from a uniformly sampled set of 10000 p-values.
#   Estimating pi_0.
# Minimal pi_zero = 0.999899
#   Estimated pi_0=0.999899
Using motif +PTBP1_539 of width 5.
Finding best site passing the output threshold in each of the 1541 sequences.
Found a best site in 855 sequences.
Computing q-values.
# Computing q-values.
#   Estimating pi_0 from a uniformly sampled set of 10000 p-values.
#   Estimating pi_0.
# Minimal pi_zero = 0.970503
#   Estimated pi_0=0.970503
Using motif +ELAVL1_161 of width 12.
Finding best site passing the output threshold in each of the 1541 sequences.
Found a best site in 802 sequences.
Computing q-values.
# Computing q-values.
#   Estimating pi_0 from a uniformly sampled set of 10000 p-values.
#   Estimating pi_0.
# Minimal pi_zero = 0.932793
#   Estimated pi_0=0.938868
Using motif +QKI_1139 of width 5.
Finding best site passing the output threshold in each of the 1541 sequences.
Found a best site in 0 sequences.
Computing q-values.
Using motif +HNRNPA2B1_702 of width 6.
Finding best site passing the output threshold in each of the 1541 sequences.
Found a best site in 415 sequences.
Computing q-values.
# Computing q-values.
#   Estimating pi_0 from a uniformly sampled set of 10000 p-values.
#   Estimating pi_0.
# Minimal pi_zero = 0.964356
#   Estimated pi_0=0.982293
Using motif +HNRNPA2B1_703 of width 11.
Finding best site passing the output threshold in each of the 1541 sequences.
Found a best site in 628 sequences.
Computing q-values.
# Computing q-values.
#   Estimating pi_0 from a uniformly sampled set of 10000 p-values.
#   Estimating pi_0.
# Minimal pi_zero = 0.998794
#   Estimated pi_0=0.998794
Using motif +HNRNPA2B1_699 of width 6.
Finding best site passing the output threshold in each of the 1541 sequences.
Found a best site in 278 sequences.
Computing q-values.
# Computing q-values.
#   Estimating pi_0 from a uniformly sampled set of 10000 p-values.
#   Estimating pi_0.
# Minimal pi_zero = 0.998848
#   Estimated pi_0=1
Using motif +PTBP1_165 of width 4.
Finding best site passing the output threshold in each of the 1541 sequences.
Found a best site in 0 sequences.
Computing q-values.
Using motif +NOVA2_s95 of width 7.
Finding best site passing the output threshold in each of the 1541 sequences.
Found a best site in 677 sequences.
Computing q-values.
# Computing q-values.
#   Estimating pi_0 from a uniformly sampled set of 10000 p-values.
#   Estimating pi_0.
# Minimal pi_zero = 0.913083
#   Estimated pi_0=0.925399
Using motif +HNRNPA1_657 of width 6.
Finding best site passing the output threshold in each of the 1541 sequences.
Found a best site in 130 sequences.
Computing q-values.
# Computing q-values.
#   Estimating pi_0 from a uniformly sampled set of 10000 p-values.
#   Estimating pi_0.
# Minimal pi_zero = 1.00306
#   Estimated pi_0=1
Using motif +PTBP1_1008 of width 6.
Finding best site passing the output threshold in each of the 1541 sequences.
Found a best site in 731 sequences.
Computing q-values.
# Computing q-values.
#   Estimating pi_0 from a uniformly sampled set of 10000 p-values.
#   Estimating pi_0.
# Minimal pi_zero = 0.965
#   Estimated pi_0=0.968402
Using motif +NOVA1_s27 of width 6.
Finding best site passing the output threshold in each of the 1541 sequences.
Found a best site in 569 sequences.
Computing q-values.
# Computing q-values.
#   Estimating pi_0 from a uniformly sampled set of 10000 p-values.
#   Estimating pi_0.
# Minimal pi_zero = 0.996552
#   Estimated pi_0=0.999596
Using motif +NOVA1_s94 of width 12.
Finding best site passing the output threshold in each of the 1541 sequences.
Found a best site in 686 sequences.
Computing q-values.
# Computing q-values.
#   Estimating pi_0 from a uniformly sampled set of 10000 p-values.
#   Estimating pi_0.
# Minimal pi_zero = 0.952131
#   Estimated pi_0=0.960982
Using motif +FUS_1060 of width 7.
Finding best site passing the output threshold in each of the 1541 sequences.
Found a best site in 415 sequences.
Computing q-values.
# Computing q-values.
#   Estimating pi_0 from a uniformly sampled set of 10000 p-values.
#   Estimating pi_0.
# Minimal pi_zero = 0.995657
#   Estimated pi_0=0.995657
Using motif +HNRNPA1_646 of width 6.
Finding best site passing the output threshold in each of the 1541 sequences.
Found a best site in 355 sequences.
Computing q-values.
# Computing q-values.
#   Estimating pi_0 from a uniformly sampled set of 10000 p-values.
#   Estimating pi_0.
# Minimal pi_zero = 0.978616
#   Estimated pi_0=0.988737
Using motif +SRSF1_1215 of width 9.
Finding best site passing the output threshold in each of the 1541 sequences.
Found a best site in 678 sequences.
Computing q-values.
# Computing q-values.
#   Estimating pi_0 from a uniformly sampled set of 10000 p-values.
#   Estimating pi_0.
# Minimal pi_zero = 0.978012
#   Estimated pi_0=0.981925
Using motif +SRSF1_s48 of width 7.
Finding best site passing the output threshold in each of the 1541 sequences.
Found a best site in 181 sequences.
Computing q-values.
# Computing q-values.
#   Estimating pi_0 from a uniformly sampled set of 10000 p-values.
#   Estimating pi_0.
# Minimal pi_zero = 1.00131
#   Estimated pi_0=1
Using motif +NOVA2_492 of width 7.
Finding best site passing the output threshold in each of the 1541 sequences.
Found a best site in 475 sequences.
Computing q-values.
# Computing q-values.
#   Estimating pi_0 from a uniformly sampled set of 10000 p-values.
#   Estimating pi_0.
# Minimal pi_zero = 1.00171
#   Estimated pi_0=1
Using motif +HNRNPA1_695 of width 6.
Finding best site passing the output threshold in each of the 1541 sequences.
Found a best site in 371 sequences.
Computing q-values.
# Computing q-values.
#   Estimating pi_0 from a uniformly sampled set of 10000 p-values.
#   Estimating pi_0.
# Minimal pi_zero = 0.96495
#   Estimated pi_0=0.98051
Using motif +FUS_1059 of width 7.
Finding best site passing the output threshold in each of the 1541 sequences.
Found a best site in 415 sequences.
Computing q-values.
# Computing q-values.
#   Estimating pi_0 from a uniformly sampled set of 10000 p-values.
#   Estimating pi_0.
# Minimal pi_zero = 0.993862
#   Estimated pi_0=0.995758
Using motif +HNRNPA1_659 of width 10.
Finding best site passing the output threshold in each of the 1541 sequences.
Found a best site in 592 sequences.
Computing q-values.
# Computing q-values.
#   Estimating pi_0 from a uniformly sampled set of 10000 p-values.
#   Estimating pi_0.
# Minimal pi_zero = 0.999086
#   Estimated pi_0=0.999598
Using motif +HNRNPA1_643 of width 6.
Finding best site passing the output threshold in each of the 1541 sequences.
Found a best site in 321 sequences.
Computing q-values.
# Computing q-values.
#   Estimating pi_0 from a uniformly sampled set of 10000 p-values.
#   Estimating pi_0.
# Minimal pi_zero = 1.0008
#   Estimated pi_0=1
Using motif +ELAVL1_512 of width 4.
Finding best site passing the output threshold in each of the 1541 sequences.
Found a best site in 0 sequences.
Computing q-values.
Using motif +PTBP1_1012 of width 11.
Finding best site passing the output threshold in each of the 1541 sequences.
Found a best site in 885 sequences.
Computing q-values.
# Computing q-values.
#   Estimating pi_0 from a uniformly sampled set of 10000 p-values.
#   Estimating pi_0.
# Minimal pi_zero = 0.920576
#   Estimated pi_0=0.924857
Using motif +PTBP1_1001 of width 6.
Finding best site passing the output threshold in each of the 1541 sequences.
Found a best site in 355 sequences.
Computing q-values.
# Computing q-values.
#   Estimating pi_0 from a uniformly sampled set of 10000 p-values.
#   Estimating pi_0.
# Minimal pi_zero = 0.965818
#   Estimated pi_0=0.969524
Using motif +PABPN1_M148_0.6 of width 7.
Finding best site passing the output threshold in each of the 1541 sequences.
Found a best site in 762 sequences.
Computing q-values.
# Computing q-values.
#   Estimating pi_0 from a uniformly sampled set of 10000 p-values.
#   Estimating pi_0.
# Minimal pi_zero = 0.96497
#   Estimated pi_0=0.968902
Using motif +PTBP1_991 of width 7.
Finding best site passing the output threshold in each of the 1541 sequences.
Found a best site in 911 sequences.
Computing q-values.
# Computing q-values.
#   Estimating pi_0 from a uniformly sampled set of 10000 p-values.
#   Estimating pi_0.
# Minimal pi_zero = 0.938519
#   Estimated pi_0=0.948508
Using motif +KHDRBS1_1156 of width 6.
Finding best site passing the output threshold in each of the 1541 sequences.
Found a best site in 579 sequences.
Computing q-values.
# Computing q-values.
#   Estimating pi_0 from a uniformly sampled set of 10000 p-values.
#   Estimating pi_0.
# Minimal pi_zero = 0.972484
#   Estimated pi_0=0.986349
Using motif +ELAVL1_M232_0.6 of width 7.
Finding best site passing the output threshold in each of the 1541 sequences.
Found a best site in 751 sequences.
Computing q-values.
# Computing q-values.
#   Estimating pi_0 from a uniformly sampled set of 10000 p-values.
#   Estimating pi_0.
# Minimal pi_zero = 0.941176
#   Estimated pi_0=0.947816
Using motif +HNRNPA2B1_697 of width 10.
Finding best site passing the output threshold in each of the 1541 sequences.
Found a best site in 513 sequences.
Computing q-values.
# Computing q-values.
#   Estimating pi_0 from a uniformly sampled set of 10000 p-values.
#   Estimating pi_0.
# Minimal pi_zero = 0.985743
#   Estimated pi_0=0.999899
Using motif +TARDBP_1280 of width 12.
Finding best site passing the output threshold in each of the 1541 sequences.
Found a best site in 638 sequences.
Computing q-values.
# Computing q-values.
#   Estimating pi_0 from a uniformly sampled set of 10000 p-values.
#   Estimating pi_0.
# Minimal pi_zero = 0.969822
#   Estimated pi_0=0.969822
Using motif +HNRNPA1_658 of width 6.
Finding best site passing the output threshold in each of the 1541 sequences.
Found a best site in 532 sequences.
Computing q-values.
# Computing q-values.
#   Estimating pi_0 from a uniformly sampled set of 10000 p-values.
#   Estimating pi_0.
# Minimal pi_zero = 1.00031
#   Estimated pi_0=1
Using motif +SRSF1_M351_0.6 of width 10.
Finding best site passing the output threshold in each of the 1541 sequences.
Found a best site in 637 sequences.
Computing q-values.
# Computing q-values.
#   Estimating pi_0 from a uniformly sampled set of 10000 p-values.
#   Estimating pi_0.
# Minimal pi_zero = 0.990899
#   Estimated pi_0=0.993807
Using motif +TARDBP_541 of width 8.
Finding best site passing the output threshold in each of the 1541 sequences.
Found a best site in 587 sequences.
Computing q-values.
# Computing q-values.
#   Estimating pi_0 from a uniformly sampled set of 10000 p-values.
#   Estimating pi_0.
# Minimal pi_zero = 0.98687
#   Estimated pi_0=0.998384
Using motif +HNRNPA1_662 of width 6.
Finding best site passing the output threshold in each of the 1541 sequences.
Found a best site in 278 sequences.
Computing q-values.
# Computing q-values.
#   Estimating pi_0 from a uniformly sampled set of 10000 p-values.
#   Estimating pi_0.
# Minimal pi_zero = 0.994241
#   Estimated pi_0=0.996985
Using motif +HNRNPA2B1_704 of width 11.
Finding best site passing the output threshold in each of the 1541 sequences.
Found a best site in 585 sequences.
Computing q-values.
# Computing q-values.
#   Estimating pi_0 from a uniformly sampled set of 10000 p-values.
#   Estimating pi_0.
# Minimal pi_zero = 0.998788
#   Estimated pi_0=0.998995
Using motif +SRSF1_1240 of width 7.
Finding best site passing the output threshold in each of the 1541 sequences.
Found a best site in 229 sequences.
Computing q-values.
# Computing q-values.
#   Estimating pi_0 from a uniformly sampled set of 10000 p-values.
#   Estimating pi_0.
# Minimal pi_zero = 1.00241
#   Estimated pi_0=1
Using motif +PTBP1_992 of width 6.
Finding best site passing the output threshold in each of the 1541 sequences.
Found a best site in 701 sequences.
Computing q-values.
# Computing q-values.
#   Estimating pi_0 from a uniformly sampled set of 10000 p-values.
#   Estimating pi_0.
# Minimal pi_zero = 0.966946
#   Estimated pi_0=0.966946
Using motif +PTBP1_996 of width 8.
Finding best site passing the output threshold in each of the 1541 sequences.
Found a best site in 756 sequences.
Computing q-values.
# Computing q-values.
#   Estimating pi_0 from a uniformly sampled set of 10000 p-values.
#   Estimating pi_0.
# Minimal pi_zero = 0.983222
#   Estimated pi_0=0.989534
Using motif +NOVA1_1130 of width 5.
Finding best site passing the output threshold in each of the 1541 sequences.
Found a best site in 0 sequences.
Computing q-values.
Using motif +PTBP1_1023 of width 8.
Finding best site passing the output threshold in each of the 1541 sequences.
Found a best site in 762 sequences.
Computing q-values.
# Computing q-values.
#   Estimating pi_0 from a uniformly sampled set of 10000 p-values.
#   Estimating pi_0.
# Minimal pi_zero = 0.956593
#   Estimated pi_0=0.961818
Using motif +NOVA2_s96 of width 7.
Finding best site passing the output threshold in each of the 1541 sequences.
Found a best site in 415 sequences.
Computing q-values.
# Computing q-values.
#   Estimating pi_0 from a uniformly sampled set of 10000 p-values.
#   Estimating pi_0.
# Minimal pi_zero = 0.991429
#   Estimated pi_0=0.993636
Using motif +NUDT21_575 of width 5.
Finding best site passing the output threshold in each of the 1541 sequences.
Found a best site in 0 sequences.
Computing q-values.
Using motif +HNRNPA2B1_M024_0.6 of width 7.
Finding best site passing the output threshold in each of the 1541 sequences.
Found a best site in 547 sequences.
Computing q-values.
# Computing q-values.
#   Estimating pi_0 from a uniformly sampled set of 10000 p-values.
#   Estimating pi_0.
# Minimal pi_zero = 0.995426
#   Estimated pi_0=0.999698
Using motif +HNRNPA1_683 of width 7.
Finding best site passing the output threshold in each of the 1541 sequences.
Found a best site in 677 sequences.
Computing q-values.
# Computing q-values.
#   Estimating pi_0 from a uniformly sampled set of 10000 p-values.
#   Estimating pi_0.
# Minimal pi_zero = 0.917143
#   Estimated pi_0=0.925371
Using motif +HNRNPA1_656 of width 6.
Finding best site passing the output threshold in each of the 1541 sequences.
Found a best site in 152 sequences.
Computing q-values.
# Computing q-values.
#   Estimating pi_0 from a uniformly sampled set of 10000 p-values.
#   Estimating pi_0.
# Minimal pi_zero = 1.00161
#   Estimated pi_0=1
Using motif +TARDBP_1277 of width 7.
Finding best site passing the output threshold in each of the 1541 sequences.
Found a best site in 500 sequences.
Computing q-values.
# Computing q-values.
#   Estimating pi_0 from a uniformly sampled set of 10000 p-values.
#   Estimating pi_0.
# Minimal pi_zero = 0.980566
#   Estimated pi_0=0.991844
Using motif +SRSF1_1236 of width 7.
Finding best site passing the output threshold in each of the 1541 sequences.
Found a best site in 446 sequences.
Computing q-values.
# Computing q-values.
#   Estimating pi_0 from a uniformly sampled set of 10000 p-values.
#   Estimating pi_0.
# Minimal pi_zero = 0.999798
#   Estimated pi_0=1
Using motif +PTBP1_1006 of width 6.
Finding best site passing the output threshold in each of the 1541 sequences.
Found a best site in 731 sequences.
Computing q-values.
# Computing q-values.
#   Estimating pi_0 from a uniformly sampled set of 10000 p-values.
#   Estimating pi_0.
# Minimal pi_zero = 0.955689
#   Estimated pi_0=0.955689
Using motif +MBNL1_1121 of width 6.
Finding best site passing the output threshold in each of the 1541 sequences.
Found a best site in 175 sequences.
Computing q-values.
# Computing q-values.
#   Estimating pi_0 from a uniformly sampled set of 10000 p-values.
#   Estimating pi_0.
# Minimal pi_zero = 0.96
#   Estimated pi_0=0.96
Using motif +HNRNPA1_183 of width 11.
Finding best site passing the output threshold in each of the 1541 sequences.
Found a best site in 635 sequences.
Computing q-values.
# Computing q-values.
#   Estimating pi_0 from a uniformly sampled set of 10000 p-values.
#   Estimating pi_0.
# Minimal pi_zero = 0.995959
#   Estimated pi_0=0.998894
Using motif +PTBP1_71 of width 8.
Finding best site passing the output threshold in each of the 1541 sequences.
Found a best site in 762 sequences.
Computing q-values.
# Computing q-values.
#   Estimating pi_0 from a uniformly sampled set of 10000 p-values.
#   Estimating pi_0.
# Minimal pi_zero = 0.951556
#   Estimated pi_0=0.962386
Using motif +NOVA1_459 of width 5.
Finding best site passing the output threshold in each of the 1541 sequences.
Found a best site in 533 sequences.
Computing q-values.
# Computing q-values.
#   Estimating pi_0 from a uniformly sampled set of 10000 p-values.
#   Estimating pi_0.
# Minimal pi_zero = 0.995082
#   Estimated pi_0=0.999296
Using motif +SRSF1_1231 of width 8.
Finding best site passing the output threshold in each of the 1541 sequences.
Found a best site in 590 sequences.
Computing q-values.
# Computing q-values.
#   Estimating pi_0 from a uniformly sampled set of 10000 p-values.
#   Estimating pi_0.
# Minimal pi_zero = 0.994592
#   Estimated pi_0=0.99809
Using motif +SRSF1_1220 of width 6.
Finding best site passing the output threshold in each of the 1541 sequences.
Found a best site in 486 sequences.
Computing q-values.
# Computing q-values.
#   Estimating pi_0 from a uniformly sampled set of 10000 p-values.
#   Estimating pi_0.
# Minimal pi_zero = 1.00111
#   Estimated pi_0=1
Using motif +KHDRBS1_s33 of width 6.
Finding best site passing the output threshold in each of the 1541 sequences.
Found a best site in 503 sequences.
Computing q-values.
# Computing q-values.
#   Estimating pi_0 from a uniformly sampled set of 10000 p-values.
#   Estimating pi_0.
# Minimal pi_zero = 0.941308
#   Estimated pi_0=0.941964
Using motif +SRSF1_375 of width 8.
Finding best site passing the output threshold in each of the 1541 sequences.
Found a best site in 587 sequences.
Computing q-values.
# Computing q-values.
#   Estimating pi_0 from a uniformly sampled set of 10000 p-values.
#   Estimating pi_0.
# Minimal pi_zero = 0.995227
#   Estimated pi_0=0.999799
Using motif +PTBP1_995 of width 12.
Finding best site passing the output threshold in each of the 1541 sequences.
Found a best site in 725 sequences.
Computing q-values.
# Computing q-values.
#   Estimating pi_0 from a uniformly sampled set of 10000 p-values.
#   Estimating pi_0.
# Minimal pi_zero = 0.944882
#   Estimated pi_0=0.952651
Using motif +PTBP1_997 of width 6.
Finding best site passing the output threshold in each of the 1541 sequences.
Found a best site in 549 sequences.
Computing q-values.
# Computing q-values.
#   Estimating pi_0 from a uniformly sampled set of 10000 p-values.
#   Estimating pi_0.
# Minimal pi_zero = 0.93451
#   Estimated pi_0=0.948148
Using motif +ELAVL1_84 of width 11.
Finding best site passing the output threshold in each of the 1541 sequences.
Found a best site in 830 sequences.
Computing q-values.
# Computing q-values.
#   Estimating pi_0 from a uniformly sampled set of 10000 p-values.
#   Estimating pi_0.
# Minimal pi_zero = 0.922521
#   Estimated pi_0=0.935595
Using motif +SRSF1_s22 of width 10.
Finding best site passing the output threshold in each of the 1541 sequences.
Found a best site in 607 sequences.
Computing q-values.
# Computing q-values.
#   Estimating pi_0 from a uniformly sampled set of 10000 p-values.
#   Estimating pi_0.
# Minimal pi_zero = 0.994254
#   Estimated pi_0=0.997576
Using motif +PTBP1_1022 of width 8.
Finding best site passing the output threshold in each of the 1541 sequences.
Found a best site in 738 sequences.
Computing q-values.
# Computing q-values.
#   Estimating pi_0 from a uniformly sampled set of 10000 p-values.
#   Estimating pi_0.
# Minimal pi_zero = 0.970725
#   Estimated pi_0=0.977303
Using motif +PTBP1_133 of width 6.
Finding best site passing the output threshold in each of the 1541 sequences.
Found a best site in 731 sequences.
Computing q-values.
# Computing q-values.
#   Estimating pi_0 from a uniformly sampled set of 10000 p-values.
#   Estimating pi_0.
# Minimal pi_zero = 0.971497
#   Estimated pi_0=0.979661
Using motif +HNRNPA1_648 of width 6.
Finding best site passing the output threshold in each of the 1541 sequences.
Found a best site in 539 sequences.
Computing q-values.
# Computing q-values.
#   Estimating pi_0 from a uniformly sampled set of 10000 p-values.
#   Estimating pi_0.
# Minimal pi_zero = 0.997487
#   Estimated pi_0=0.997487
Using motif +SRSF1_1238 of width 7.
Finding best site passing the output threshold in each of the 1541 sequences.
Found a best site in 392 sequences.
Computing q-values.
# Computing q-values.
#   Estimating pi_0 from a uniformly sampled set of 10000 p-values.
#   Estimating pi_0.
# Minimal pi_zero = 1.00111
#   Estimated pi_0=1
Using motif +QKI_352 of width 6.
Finding best site passing the output threshold in each of the 1541 sequences.
Found a best site in 519 sequences.
Computing q-values.
# Computing q-values.
#   Estimating pi_0 from a uniformly sampled set of 10000 p-values.
#   Estimating pi_0.
# Minimal pi_zero = 0.967647
#   Estimated pi_0=0.967647
Using motif +HNRNPA1_645 of width 7.
Finding best site passing the output threshold in each of the 1541 sequences.
Found a best site in 440 sequences.
Computing q-values.
# Computing q-values.
#   Estimating pi_0 from a uniformly sampled set of 10000 p-values.
#   Estimating pi_0.
# Minimal pi_zero = 0.98137
#   Estimated pi_0=0.996831
Using motif +HNRNPA1_654 of width 5.
Finding best site passing the output threshold in each of the 1541 sequences.
Found a best site in 0 sequences.
Computing q-values.
Using motif +HNRNPA1_688 of width 10.
Finding best site passing the output threshold in each of the 1541 sequences.
Found a best site in 428 sequences.
Computing q-values.
# Computing q-values.
#   Estimating pi_0 from a uniformly sampled set of 10000 p-values.
#   Estimating pi_0.
# Minimal pi_zero = 1.00091
#   Estimated pi_0=1
Using motif +PTBP1_M227_0.6 of width 7.
Finding best site passing the output threshold in each of the 1541 sequences.
Found a best site in 871 sequences.
Computing q-values.
# Computing q-values.
#   Estimating pi_0 from a uniformly sampled set of 10000 p-values.
#   Estimating pi_0.
# Minimal pi_zero = 0.918065
#   Estimated pi_0=0.930658
Using motif +PTBP1_994 of width 9.
Finding best site passing the output threshold in each of the 1541 sequences.
Found a best site in 765 sequences.
Computing q-values.
# Computing q-values.
#   Estimating pi_0 from a uniformly sampled set of 10000 p-values.
#   Estimating pi_0.
# Minimal pi_zero = 0.97
#   Estimated pi_0=0.975238
Using motif +NOVA2_1133 of width 5.
Finding best site passing the output threshold in each of the 1541 sequences.
Found a best site in 0 sequences.
Computing q-values.
Using motif +SRSF1_s50 of width 7.
Finding best site passing the output threshold in each of the 1541 sequences.
Found a best site in 510 sequences.
Computing q-values.
# Computing q-values.
#   Estimating pi_0 from a uniformly sampled set of 10000 p-values.
#   Estimating pi_0.
# Minimal pi_zero = 1.0008
#   Estimated pi_0=1
Using motif +PTBP1_1015 of width 7.
Finding best site passing the output threshold in each of the 1541 sequences.
Found a best site in 677 sequences.
Computing q-values.
# Computing q-values.
#   Estimating pi_0 from a uniformly sampled set of 10000 p-values.
#   Estimating pi_0.
# Minimal pi_zero = 0.913233
#   Estimated pi_0=0.928353
Using motif +PTBP1_1016 of width 7.
Finding best site passing the output threshold in each of the 1541 sequences.
Found a best site in 461 sequences.
Computing q-values.
# Computing q-values.
#   Estimating pi_0 from a uniformly sampled set of 10000 p-values.
#   Estimating pi_0.
# Minimal pi_zero = 0.982632
#   Estimated pi_0=0.982632
Using motif +SRSF1_1230 of width 10.
Finding best site passing the output threshold in each of the 1541 sequences.
Found a best site in 775 sequences.
Computing q-values.
# Computing q-values.
#   Estimating pi_0 from a uniformly sampled set of 10000 p-values.
#   Estimating pi_0.
# Minimal pi_zero = 0.984556
#   Estimated pi_0=0.990515
Using motif +TARDBP_178 of width 12.
Finding best site passing the output threshold in each of the 1541 sequences.
Found a best site in 638 sequences.
Computing q-values.
# Computing q-values.
#   Estimating pi_0 from a uniformly sampled set of 10000 p-values.
#   Estimating pi_0.
# Minimal pi_zero = 0.967929
#   Estimated pi_0=0.97734
Using motif +NOVA1_1127 of width 7.
Finding best site passing the output threshold in each of the 1541 sequences.
Found a best site in 461 sequences.
Computing q-values.
# Computing q-values.
#   Estimating pi_0 from a uniformly sampled set of 10000 p-values.
#   Estimating pi_0.
# Minimal pi_zero = 0.981789
#   Estimated pi_0=0.981789
Using motif +MBNL1_1122 of width 10.
Finding best site passing the output threshold in each of the 1541 sequences.
Found a best site in 746 sequences.
Computing q-values.
# Computing q-values.
#   Estimating pi_0 from a uniformly sampled set of 10000 p-values.
#   Estimating pi_0.
# Minimal pi_zero = 0.966323
#   Estimated pi_0=0.974565
Using motif +TARDBP_1279 of width 6.
Finding best site passing the output threshold in each of the 1541 sequences.
Found a best site in 477 sequences.
Computing q-values.
# Computing q-values.
#   Estimating pi_0 from a uniformly sampled set of 10000 p-values.
#   Estimating pi_0.
# Minimal pi_zero = 0.982754
#   Estimated pi_0=0.991031
Using motif +HNRNPA1_642 of width 6.
Finding best site passing the output threshold in each of the 1541 sequences.
Found a best site in 265 sequences.
Computing q-values.
# Computing q-values.
#   Estimating pi_0 from a uniformly sampled set of 10000 p-values.
#   Estimating pi_0.
# Minimal pi_zero = 0.973137
#   Estimated pi_0=0.988466
Using motif +HNRNPA2B1_700 of width 6.
Finding best site passing the output threshold in each of the 1541 sequences.
Found a best site in 278 sequences.
Computing q-values.
# Computing q-values.
#   Estimating pi_0 from a uniformly sampled set of 10000 p-values.
#   Estimating pi_0.
# Minimal pi_zero = 0.98902
#   Estimated pi_0=0.999598
Using motif +ZFP36_128 of width 5.
Finding best site passing the output threshold in each of the 1541 sequences.
Found a best site in 0 sequences.
Computing q-values.
Using motif +SRSF1_1228 of width 7.
Finding best site passing the output threshold in each of the 1541 sequences.
Found a best site in 629 sequences.
Computing q-values.
# Computing q-values.
#   Estimating pi_0 from a uniformly sampled set of 10000 p-values.
#   Estimating pi_0.
# Minimal pi_zero = 0.987065
#   Estimated pi_0=0.994619
Using motif +ELAVL1_476 of width 5.
Finding best site passing the output threshold in each of the 1541 sequences.
Found a best site in 0 sequences.
Computing q-values.
Using motif +SRSF1_1225 of width 8.
Finding best site passing the output threshold in each of the 1541 sequences.
Found a best site in 664 sequences.
Computing q-values.
# Computing q-values.
#   Estimating pi_0 from a uniformly sampled set of 10000 p-values.
#   Estimating pi_0.
# Minimal pi_zero = 0.989595
#   Estimated pi_0=0.994093
Using motif +HNRNPA1_674 of width 10.
Finding best site passing the output threshold in each of the 1541 sequences.
Found a best site in 505 sequences.
Computing q-values.
# Computing q-values.
#   Estimating pi_0 from a uniformly sampled set of 10000 p-values.
#   Estimating pi_0.
# Minimal pi_zero = 0.9726
#   Estimated pi_0=0.980136
Using motif +MBNL1_1124 of width 9.
Finding best site passing the output threshold in each of the 1541 sequences.
Found a best site in 314 sequences.
Computing q-values.
# Computing q-values.
#   Estimating pi_0 from a uniformly sampled set of 10000 p-values.
#   Estimating pi_0.
# Minimal pi_zero = 1.00121
#   Estimated pi_0=1
Using motif +HNRNPA1_689 of width 6.
Finding best site passing the output threshold in each of the 1541 sequences.
Found a best site in 265 sequences.
Computing q-values.
# Computing q-values.
#   Estimating pi_0 from a uniformly sampled set of 10000 p-values.
#   Estimating pi_0.
# Minimal pi_zero = 0.991765
#   Estimated pi_0=1
Using motif +PTBP1_117 of width 5.
Finding best site passing the output threshold in each of the 1541 sequences.
Found a best site in 855 sequences.
Computing q-values.
# Computing q-values.
#   Estimating pi_0 from a uniformly sampled set of 10000 p-values.
#   Estimating pi_0.
# Minimal pi_zero = 0.968492
#   Estimated pi_0=0.968492
Using motif +SRSF1_1217 of width 11.
Finding best site passing the output threshold in each of the 1541 sequences.
Found a best site in 367 sequences.
Computing q-values.
# Computing q-values.
#   Estimating pi_0 from a uniformly sampled set of 10000 p-values.
#   Estimating pi_0.
# Minimal pi_zero = 0.982617
#   Estimated pi_0=1
Using motif +HNRNPA1_680 of width 6.
Finding best site passing the output threshold in each of the 1541 sequences.
Found a best site in 265 sequences.
Computing q-values.
# Computing q-values.
#   Estimating pi_0 from a uniformly sampled set of 10000 p-values.
#   Estimating pi_0.
# Minimal pi_zero = 0.98902
#   Estimated pi_0=1
Using motif +ZFP36_M350_0.6 of width 9.
Finding best site passing the output threshold in each of the 1541 sequences.
Found a best site in 720 sequences.
Computing q-values.
# Computing q-values.
#   Estimating pi_0 from a uniformly sampled set of 10000 p-values.
#   Estimating pi_0.
# Minimal pi_zero = 0.918812
#   Estimated pi_0=0.934925
Using motif +NOVA2_564 of width 11.
Finding best site passing the output threshold in each of the 1541 sequences.
Found a best site in 573 sequences.
Computing q-values.
# Computing q-values.
#   Estimating pi_0 from a uniformly sampled set of 10000 p-values.
#   Estimating pi_0.
# Minimal pi_zero = 0.997592
#   Estimated pi_0=0.999899
Using motif +ELAVL1_s101 of width 7.
Finding best site passing the output threshold in each of the 1541 sequences.
Found a best site in 867 sequences.
Computing q-values.
# Computing q-values.
#   Estimating pi_0 from a uniformly sampled set of 10000 p-values.
#   Estimating pi_0.
# Minimal pi_zero = 0.917444
#   Estimated pi_0=0.91791
Using motif +ELAVL1_M031_0.6 of width 7.
Finding best site passing the output threshold in each of the 1541 sequences.
Found a best site in 801 sequences.
Computing q-values.
# Computing q-values.
#   Estimating pi_0 from a uniformly sampled set of 10000 p-values.
#   Estimating pi_0.
# Minimal pi_zero = 0.934038
#   Estimated pi_0=0.936732
Using motif +KHDRBS1_1158 of width 7.
Finding best site passing the output threshold in each of the 1541 sequences.
Found a best site in 677 sequences.
Computing q-values.
# Computing q-values.
#   Estimating pi_0 from a uniformly sampled set of 10000 p-values.
#   Estimating pi_0.
# Minimal pi_zero = 0.915038
#   Estimated pi_0=0.924686
Using motif +FUS_1058 of width 7.
Finding best site passing the output threshold in each of the 1541 sequences.
Found a best site in 641 sequences.
Computing q-values.
# Computing q-values.
#   Estimating pi_0 from a uniformly sampled set of 10000 p-values.
#   Estimating pi_0.
# Minimal pi_zero = 0.959636
#   Estimated pi_0=0.963911
Using motif +PTBP1_993 of width 8.
Finding best site passing the output threshold in each of the 1541 sequences.
Found a best site in 642 sequences.
Computing q-values.
# Computing q-values.
#   Estimating pi_0 from a uniformly sampled set of 10000 p-values.
#   Estimating pi_0.
# Minimal pi_zero = 0.992429
#   Estimated pi_0=0.995025
Using motif +QKI_1138 of width 6.
Finding best site passing the output threshold in each of the 1541 sequences.
Found a best site in 206 sequences.
Computing q-values.
# Computing q-values.
#   Estimating pi_0 from a uniformly sampled set of 10000 p-values.
#   Estimating pi_0.
# Minimal pi_zero = 0.9604
#   Estimated pi_0=0.9604
Using motif +HNRNPA1_675 of width 6.
Finding best site passing the output threshold in each of the 1541 sequences.
Found a best site in 278 sequences.
Computing q-values.
# Computing q-values.
#   Estimating pi_0 from a uniformly sampled set of 10000 p-values.
#   Estimating pi_0.
# Minimal pi_zero = 0.98396
#   Estimated pi_0=0.991358
Using motif +TARDBP_1281 of width 8.
Finding best site passing the output threshold in each of the 1541 sequences.
Found a best site in 670 sequences.
Computing q-values.
# Computing q-values.
#   Estimating pi_0 from a uniformly sampled set of 10000 p-values.
#   Estimating pi_0.
# Minimal pi_zero = 0.980339
#   Estimated pi_0=0.988923
Using motif +MBNL1_1125 of width 9.
Finding best site passing the output threshold in each of the 1541 sequences.
Found a best site in 601 sequences.
Computing q-values.
# Computing q-values.
#   Estimating pi_0 from a uniformly sampled set of 10000 p-values.
#   Estimating pi_0.
# Minimal pi_zero = 0.986829
#   Estimated pi_0=0.995497
Using motif +PTBP1_1021 of width 5.
Finding best site passing the output threshold in each of the 1541 sequences.
Found a best site in 855 sequences.
Computing q-values.
# Computing q-values.
#   Estimating pi_0 from a uniformly sampled set of 10000 p-values.
#   Estimating pi_0.
# Minimal pi_zero = 0.967598
#   Estimated pi_0=0.967598
Using motif +NOVA1_440 of width 7.
Finding best site passing the output threshold in each of the 1541 sequences.
Found a best site in 669 sequences.
Computing q-values.
# Computing q-values.
#   Estimating pi_0 from a uniformly sampled set of 10000 p-values.
#   Estimating pi_0.
# Minimal pi_zero = 0.995591
#   Estimated pi_0=0.998191
Using motif +SRSF1_167 of width 7.
Finding best site passing the output threshold in each of the 1541 sequences.
Found a best site in 134 sequences.
Computing q-values.
# Computing q-values.
#   Estimating pi_0 from a uniformly sampled set of 10000 p-values.
#   Estimating pi_0.
# Minimal pi_zero = 1.00211
#   Estimated pi_0=1
Using motif +HNRNPA1_639 of width 10.
Finding best site passing the output threshold in each of the 1541 sequences.
Found a best site in 290 sequences.
Computing q-values.
# Computing q-values.
#   Estimating pi_0 from a uniformly sampled set of 10000 p-values.
#   Estimating pi_0.
# Minimal pi_zero = 0.992885
#   Estimated pi_0=1
Using motif +HNRNPA2B1_707 of width 11.
Finding best site passing the output threshold in each of the 1541 sequences.
Found a best site in 486 sequences.
Computing q-values.
# Computing q-values.
#   Estimating pi_0 from a uniformly sampled set of 10000 p-values.
#   Estimating pi_0.
# Minimal pi_zero = 1
#   Estimated pi_0=1
Using motif +PTBP1_1019 of width 5.
Finding best site passing the output threshold in each of the 1541 sequences.
Found a best site in 775 sequences.
Computing q-values.
# Computing q-values.
#   Estimating pi_0 from a uniformly sampled set of 10000 p-values.
#   Estimating pi_0.
# Minimal pi_zero = 0.972913
#   Estimated pi_0=0.983704
Using motif +HNRNPA1_641 of width 6.
Finding best site passing the output threshold in each of the 1541 sequences.
Found a best site in 569 sequences.
Computing q-values.
# Computing q-values.
#   Estimating pi_0 from a uniformly sampled set of 10000 p-values.
#   Estimating pi_0.
# Minimal pi_zero = 0.993264
#   Estimated pi_0=0.997186
Using motif +HNRNPA2B1_708 of width 11.
Finding best site passing the output threshold in each of the 1541 sequences.
Found a best site in 635 sequences.
Computing q-values.
# Computing q-values.
#   Estimating pi_0 from a uniformly sampled set of 10000 p-values.
#   Estimating pi_0.
# Minimal pi_zero = 0.997041
#   Estimated pi_0=0.999497
Using motif +QKI_1142 of width 6.
Finding best site passing the output threshold in each of the 1541 sequences.
Found a best site in 234 sequences.
Computing q-values.
# Computing q-values.
#   Estimating pi_0 from a uniformly sampled set of 10000 p-values.
#   Estimating pi_0.
# Minimal pi_zero = 0.952
#   Estimated pi_0=0.952
Using motif +HNRNPA1_684 of width 7.
Finding best site passing the output threshold in each of the 1541 sequences.
Found a best site in 461 sequences.
Computing q-values.
# Computing q-values.
#   Estimating pi_0 from a uniformly sampled set of 10000 p-values.
#   Estimating pi_0.
# Minimal pi_zero = 0.986049
#   Estimated pi_0=0.987263
Using motif +PTBP1_999 of width 6.
Finding best site passing the output threshold in each of the 1541 sequences.
Found a best site in 355 sequences.
Computing q-values.
# Computing q-values.
#   Estimating pi_0 from a uniformly sampled set of 10000 p-values.
#   Estimating pi_0.
# Minimal pi_zero = 0.965781
#   Estimated pi_0=0.975843
Using motif +SRSF1_1232 of width 7.
Finding best site passing the output threshold in each of the 1541 sequences.
Found a best site in 498 sequences.
Computing q-values.
# Computing q-values.
#   Estimating pi_0 from a uniformly sampled set of 10000 p-values.
#   Estimating pi_0.
# Minimal pi_zero = 0.998492
#   Estimated pi_0=0.998492
Using motif +HNRNPA1_655 of width 8.
Finding best site passing the output threshold in each of the 1541 sequences.
Found a best site in 843 sequences.
Computing q-values.
# Computing q-values.
#   Estimating pi_0 from a uniformly sampled set of 10000 p-values.
#   Estimating pi_0.
# Minimal pi_zero = 0.92496
#   Estimated pi_0=0.937561
Using motif +NOVA2_s29 of width 7.
Finding best site passing the output threshold in each of the 1541 sequences.
Found a best site in 561 sequences.
Computing q-values.
# Computing q-values.
#   Estimating pi_0 from a uniformly sampled set of 10000 p-values.
#   Estimating pi_0.
# Minimal pi_zero = 0.994737
#   Estimated pi_0=0.998883
Using motif +TARDBP_1276 of width 7.
Finding best site passing the output threshold in each of the 1541 sequences.
Found a best site in 554 sequences.
Computing q-values.
# Computing q-values.
#   Estimating pi_0 from a uniformly sampled set of 10000 p-values.
#   Estimating pi_0.
# Minimal pi_zero = 0.972715
#   Estimated pi_0=0.986486
Using motif +HNRNPA1_678 of width 6.
Finding best site passing the output threshold in each of the 1541 sequences.
Found a best site in 356 sequences.
Computing q-values.
# Computing q-values.
#   Estimating pi_0 from a uniformly sampled set of 10000 p-values.
#   Estimating pi_0.
# Minimal pi_zero = 1.00151
#   Estimated pi_0=1
Using motif +PTBP1_105 of width 8.
Finding best site passing the output threshold in each of the 1541 sequences.
Found a best site in 738 sequences.
Computing q-values.
# Computing q-values.
#   Estimating pi_0 from a uniformly sampled set of 10000 p-values.
#   Estimating pi_0.
# Minimal pi_zero = 0.97029
#   Estimated pi_0=0.977627
Using motif +HNRNPA2B1_125 of width 11.
Finding best site passing the output threshold in each of the 1541 sequences.
Found a best site in 635 sequences.
Computing q-values.
# Computing q-values.
#   Estimating pi_0 from a uniformly sampled set of 10000 p-values.
#   Estimating pi_0.
# Minimal pi_zero = 0.996458
#   Estimated pi_0=0.998794
Using motif +TARDBP_M074_0.6 of width 8.
Finding best site passing the output threshold in each of the 1541 sequences.
Found a best site in 646 sequences.
Computing q-values.
# Computing q-values.
#   Estimating pi_0 from a uniformly sampled set of 10000 p-values.
#   Estimating pi_0.
# Minimal pi_zero = 0.990745
#   Estimated pi_0=0.994167
Using motif +NOVA2_s28 of width 6.
Finding best site passing the output threshold in each of the 1541 sequences.
Found a best site in 569 sequences.
Computing q-values.
# Computing q-values.
#   Estimating pi_0 from a uniformly sampled set of 10000 p-values.
#   Estimating pi_0.
# Minimal pi_zero = 0.998985
#   Estimated pi_0=0.999598
Using motif +PTBP1_1025 of width 6.
Finding best site passing the output threshold in each of the 1541 sequences.
Found a best site in 731 sequences.
Computing q-values.
# Computing q-values.
#   Estimating pi_0 from a uniformly sampled set of 10000 p-values.
#   Estimating pi_0.
# Minimal pi_zero = 0.961677
#   Estimated pi_0=0.962619
Using motif +HNRNPA1_691 of width 6.
Finding best site passing the output threshold in each of the 1541 sequences.
Found a best site in 327 sequences.
Computing q-values.
# Computing q-values.
#   Estimating pi_0 from a uniformly sampled set of 10000 p-values.
#   Estimating pi_0.
# Minimal pi_zero = 1.0008
#   Estimated pi_0=1
Using motif +ELAVL1_1106 of width 7.
Finding best site passing the output threshold in each of the 1541 sequences.
Found a best site in 677 sequences.
Computing q-values.
# Computing q-values.
#   Estimating pi_0 from a uniformly sampled set of 10000 p-values.
#   Estimating pi_0.
# Minimal pi_zero = 0.915188
#   Estimated pi_0=0.923543
Using motif +HNRNPA1_687 of width 10.
Finding best site passing the output threshold in each of the 1541 sequences.
Found a best site in 502 sequences.
Computing q-values.
# Computing q-values.
#   Estimating pi_0 from a uniformly sampled set of 10000 p-values.
#   Estimating pi_0.
# Minimal pi_zero = 0.972673
#   Estimated pi_0=0.999289
Using motif +NUDT21_499 of width 4.
Finding best site passing the output threshold in each of the 1541 sequences.
Found a best site in 0 sequences.
Computing q-values.
Using motif +QKI_1141 of width 6.
Finding best site passing the output threshold in each of the 1541 sequences.
Found a best site in 594 sequences.
Computing q-values.
# Computing q-values.
#   Estimating pi_0 from a uniformly sampled set of 10000 p-values.
#   Estimating pi_0.
# Minimal pi_zero = 0.9486
#   Estimated pi_0=0.954851
Using motif +HNRNPA1_686 of width 7.
Finding best site passing the output threshold in each of the 1541 sequences.
Found a best site in 677 sequences.
Computing q-values.
# Computing q-values.
#   Estimating pi_0 from a uniformly sampled set of 10000 p-values.
#   Estimating pi_0.
# Minimal pi_zero = 0.912782
#   Estimated pi_0=0.926286
Using motif +HNRNPA1_685 of width 7.
Finding best site passing the output threshold in each of the 1541 sequences.
Found a best site in 641 sequences.
Computing q-values.
# Computing q-values.
#   Estimating pi_0 from a uniformly sampled set of 10000 p-values.
#   Estimating pi_0.
# Minimal pi_zero = 0.954824
#   Estimated pi_0=0.956512
Using motif +SRSF1_M102_0.6 of width 7.
Finding best site passing the output threshold in each of the 1541 sequences.
Found a best site in 686 sequences.
Computing q-values.
# Computing q-values.
#   Estimating pi_0 from a uniformly sampled set of 10000 p-values.
#   Estimating pi_0.
# Minimal pi_zero = 0.999598
#   Estimated pi_0=0.999598
Using motif +FUS_s31 of width 6.
Finding best site passing the output threshold in each of the 1541 sequences.
Found a best site in 574 sequences.
Computing q-values.
# Computing q-values.
#   Estimating pi_0 from a uniformly sampled set of 10000 p-values.
#   Estimating pi_0.
# Minimal pi_zero = 0.99352
#   Estimated pi_0=0.996345
Using motif +SRSF1_1219 of width 6.
Finding best site passing the output threshold in each of the 1541 sequences.
Found a best site in 601 sequences.
Computing q-values.
# Computing q-values.
#   Estimating pi_0 from a uniformly sampled set of 10000 p-values.
#   Estimating pi_0.
# Minimal pi_zero = 0.980561
#   Estimated pi_0=0.999095
Using motif +NOVA1_1132 of width 5.
Finding best site passing the output threshold in each of the 1541 sequences.
Found a best site in 0 sequences.
Computing q-values.
Using motif +SRSF1_1213 of width 9.
Finding best site passing the output threshold in each of the 1541 sequences.
Found a best site in 719 sequences.
Computing q-values.
# Computing q-values.
#   Estimating pi_0 from a uniformly sampled set of 10000 p-values.
#   Estimating pi_0.
# Minimal pi_zero = 0.990319
#   Estimated pi_0=0.992513
Using motif +HNRNPA2B1_711 of width 6.
Finding best site passing the output threshold in each of the 1541 sequences.
Found a best site in 266 sequences.
Computing q-values.
# Computing q-values.
#   Estimating pi_0 from a uniformly sampled set of 10000 p-values.
#   Estimating pi_0.
# Minimal pi_zero = 0.998446
#   Estimated pi_0=1
Using motif +HNRNPA1_640 of width 10.
Finding best site passing the output threshold in each of the 1541 sequences.
Found a best site in 513 sequences.
Computing q-values.
# Computing q-values.
#   Estimating pi_0 from a uniformly sampled set of 10000 p-values.
#   Estimating pi_0.
# Minimal pi_zero = 0.977228
#   Estimated pi_0=0.998995
Using motif +PTBP1_143 of width 5.
Finding best site passing the output threshold in each of the 1541 sequences.
Found a best site in 671 sequences.
Computing q-values.
# Computing q-values.
#   Estimating pi_0 from a uniformly sampled set of 10000 p-values.
#   Estimating pi_0.
# Minimal pi_zero = 0.968421
#   Estimated pi_0=0.98178
Using motif +HNRNPA1_676 of width 6.
Finding best site passing the output threshold in each of the 1541 sequences.
Found a best site in 411 sequences.
Computing q-values.
# Computing q-values.
#   Estimating pi_0 from a uniformly sampled set of 10000 p-values.
#   Estimating pi_0.
# Minimal pi_zero = 0.955146
#   Estimated pi_0=0.969554
Using motif +PTBP1_1011 of width 11.
Finding best site passing the output threshold in each of the 1541 sequences.
Found a best site in 867 sequences.
Computing q-values.
# Computing q-values.
#   Estimating pi_0 from a uniformly sampled set of 10000 p-values.
#   Estimating pi_0.
# Minimal pi_zero = 0.938169
#   Estimated pi_0=0.938169
Using motif +PTBP1_1000 of width 6.
Finding best site passing the output threshold in each of the 1541 sequences.
Found a best site in 402 sequences.
Computing q-values.
# Computing q-values.
#   Estimating pi_0 from a uniformly sampled set of 10000 p-values.
#   Estimating pi_0.
# Minimal pi_zero = 0.95697
#   Estimated pi_0=0.964121
Using motif +ZFP36_109 of width 9.
Finding best site passing the output threshold in each of the 1541 sequences.
Found a best site in 755 sequences.
Computing q-values.
# Computing q-values.
#   Estimating pi_0 from a uniformly sampled set of 10000 p-values.
#   Estimating pi_0.
# Minimal pi_zero = 0.905192
#   Estimated pi_0=0.908519
Using motif +QKI_M046_0.6 of width 7.
Finding best site passing the output threshold in each of the 1541 sequences.
Found a best site in 456 sequences.
Computing q-values.
# Computing q-values.
#   Estimating pi_0 from a uniformly sampled set of 10000 p-values.
#   Estimating pi_0.
# Minimal pi_zero = 0.9712
#   Estimated pi_0=0.985694
Using motif +NOVA1_1128 of width 7.
Finding best site passing the output threshold in each of the 1541 sequences.
Found a best site in 415 sequences.
Computing q-values.
# Computing q-values.
#   Estimating pi_0 from a uniformly sampled set of 10000 p-values.
#   Estimating pi_0.
# Minimal pi_zero = 0.992804
#   Estimated pi_0=0.994848
Using motif +HNRNPA1_M022_0.6 of width 7.
Finding best site passing the output threshold in each of the 1541 sequences.
Found a best site in 477 sequences.
Computing q-values.
# Computing q-values.
#   Estimating pi_0 from a uniformly sampled set of 10000 p-values.
#   Estimating pi_0.
# Minimal pi_zero = 0.992308
#   Estimated pi_0=0.99644
Using motif +HNRNPA2B1_709 of width 6.
Finding best site passing the output threshold in each of the 1541 sequences.
Found a best site in 332 sequences.
Computing q-values.
# Computing q-values.
#   Estimating pi_0 from a uniformly sampled set of 10000 p-values.
#   Estimating pi_0.
# Minimal pi_zero = 0.9794
#   Estimated pi_0=0.995158
Using motif +SRSF1_1235 of width 7.
Finding best site passing the output threshold in each of the 1541 sequences.
Found a best site in 706 sequences.
Computing q-values.
# Computing q-values.
#   Estimating pi_0 from a uniformly sampled set of 10000 p-values.
#   Estimating pi_0.
# Minimal pi_zero = 0.99043
#   Estimated pi_0=0.996954
Using motif +TARDBP_1283 of width 12.
Finding best site passing the output threshold in each of the 1541 sequences.
Found a best site in 638 sequences.
Computing q-values.
# Computing q-values.
#   Estimating pi_0 from a uniformly sampled set of 10000 p-values.
#   Estimating pi_0.
# Minimal pi_zero = 0.972663
#   Estimated pi_0=0.980741
Using motif +SRSF1_M154_0.6 of width 7.
Finding best site passing the output threshold in each of the 1541 sequences.
Found a best site in 670 sequences.
Computing q-values.
# Computing q-values.
#   Estimating pi_0 from a uniformly sampled set of 10000 p-values.
#   Estimating pi_0.
# Minimal pi_zero = 0.985714
#   Estimated pi_0=0.991939
Using motif +HNRNPA1_682 of width 6.
Finding best site passing the output threshold in each of the 1541 sequences.
Found a best site in 265 sequences.
Computing q-values.
# Computing q-values.
#   Estimating pi_0 from a uniformly sampled set of 10000 p-values.
#   Estimating pi_0.
# Minimal pi_zero = 0.977451
#   Estimated pi_0=1
Using motif +PTBP1_1024 of width 9.
Finding best site passing the output threshold in each of the 1541 sequences.
Found a best site in 890 sequences.
Computing q-values.
# Computing q-values.
#   Estimating pi_0 from a uniformly sampled set of 10000 p-values.
#   Estimating pi_0.
# Minimal pi_zero = 0.96097
#   Estimated pi_0=0.961905
Using motif +HNRNPA1_693 of width 10.
Finding best site passing the output threshold in each of the 1541 sequences.
Found a best site in 687 sequences.
Computing q-values.
# Computing q-values.
#   Estimating pi_0 from a uniformly sampled set of 10000 p-values.
#   Estimating pi_0.
# Minimal pi_zero = 0.984505
#   Estimated pi_0=0.993128
Using motif +SRSF1_40 of width 6.
Finding best site passing the output threshold in each of the 1541 sequences.
Found a best site in 428 sequences.
Computing q-values.
# Computing q-values.
#   Estimating pi_0 from a uniformly sampled set of 10000 p-values.
#   Estimating pi_0.
# Minimal pi_zero = 0.991053
#   Estimated pi_0=0.997475
Using motif +QKI_83 of width 12.
Finding best site passing the output threshold in each of the 1541 sequences.
Found a best site in 631 sequences.
Computing q-values.
# Computing q-values.
#   Estimating pi_0 from a uniformly sampled set of 10000 p-values.
#   Estimating pi_0.
# Minimal pi_zero = 0.948545
#   Estimated pi_0=0.963851
Using motif +HNRNPA1_677 of width 6.
Finding best site passing the output threshold in each of the 1541 sequences.
Found a best site in 415 sequences.
Computing q-values.
# Computing q-values.
#   Estimating pi_0 from a uniformly sampled set of 10000 p-values.
#   Estimating pi_0.
# Minimal pi_zero = 0.946733
#   Estimated pi_0=0.955285
Using motif +SRSF1_17 of width 7.
Finding best site passing the output threshold in each of the 1541 sequences.
Found a best site in 420 sequences.
Computing q-values.
# Computing q-values.
#   Estimating pi_0 from a uniformly sampled set of 10000 p-values.
#   Estimating pi_0.
# Minimal pi_zero = 1.0004
#   Estimated pi_0=1
Using motif +HNRNPA1_s32 of width 6.
Finding best site passing the output threshold in each of the 1541 sequences.
Found a best site in 524 sequences.
Computing q-values.
# Computing q-values.
#   Estimating pi_0 from a uniformly sampled set of 10000 p-values.
#   Estimating pi_0.
# Minimal pi_zero = 0.975319
#   Estimated pi_0=0.986667
Using motif +SRSF1_1237 of width 7.
Finding best site passing the output threshold in each of the 1541 sequences.
Found a best site in 388 sequences.
Computing q-values.
# Computing q-values.
#   Estimating pi_0 from a uniformly sampled set of 10000 p-values.
#   Estimating pi_0.
# Minimal pi_zero = 1.00182
#   Estimated pi_0=1
Using motif +PTBP1_59 of width 5.
Finding best site passing the output threshold in each of the 1541 sequences.
Found a best site in 0 sequences.
Computing q-values.
Using motif +QKI_3 of width 6.
Finding best site passing the output threshold in each of the 1541 sequences.
Found a best site in 519 sequences.
Computing q-values.
# Computing q-values.
#   Estimating pi_0 from a uniformly sampled set of 10000 p-values.
#   Estimating pi_0.
# Minimal pi_zero = 0.980196
#   Estimated pi_0=1
Using motif +PTBP1_25 of width 9.
Finding best site passing the output threshold in each of the 1541 sequences.
Found a best site in 890 sequences.
Computing q-values.
# Computing q-values.
#   Estimating pi_0 from a uniformly sampled set of 10000 p-values.
#   Estimating pi_0.
# Minimal pi_zero = 0.963114
#   Estimated pi_0=0.96369
Using motif +HNRNPA1_72 of width 6.
Finding best site passing the output threshold in each of the 1541 sequences.
Found a best site in 464 sequences.
Computing q-values.
# Computing q-values.
#   Estimating pi_0 from a uniformly sampled set of 10000 p-values.
#   Estimating pi_0.
# Minimal pi_zero = 0.999598
#   Estimated pi_0=0.999598
Using motif +SRSF1_1212 of width 8.
Finding best site passing the output threshold in each of the 1541 sequences.
Found a best site in 622 sequences.
Computing q-values.
# Computing q-values.
#   Estimating pi_0 from a uniformly sampled set of 10000 p-values.
#   Estimating pi_0.
# Minimal pi_zero = 0.99573
#   Estimated pi_0=0.99809
Using motif +PTBP1_1003 of width 7.
Finding best site passing the output threshold in each of the 1541 sequences.
Found a best site in 702 sequences.
Computing q-values.
# Computing q-values.
#   Estimating pi_0 from a uniformly sampled set of 10000 p-values.
#   Estimating pi_0.
# Minimal pi_zero = 0.961447
#   Estimated pi_0=0.976452
Using motif +HNRNPA1_52 of width 11.
Finding best site passing the output threshold in each of the 1541 sequences.
Found a best site in 635 sequences.
Computing q-values.
# Computing q-values.
#   Estimating pi_0 from a uniformly sampled set of 10000 p-values.
#   Estimating pi_0.
# Minimal pi_zero = 0.997423
#   Estimated pi_0=1
Using motif +ELAVL1_164 of width 12.
Finding best site passing the output threshold in each of the 1541 sequences.
Found a best site in 832 sequences.
Computing q-values.
# Computing q-values.
#   Estimating pi_0 from a uniformly sampled set of 10000 p-values.
#   Estimating pi_0.
# Minimal pi_zero = 0.918966
#   Estimated pi_0=0.935063
Using motif +PTBP1_136 of width 5.
Finding best site passing the output threshold in each of the 1541 sequences.
Found a best site in 775 sequences.
Computing q-values.
# Computing q-values.
#   Estimating pi_0 from a uniformly sampled set of 10000 p-values.
#   Estimating pi_0.
# Minimal pi_zero = 0.973185
#   Estimated pi_0=0.978324
Using motif +SRSF1_1239 of width 9.
Finding best site passing the output threshold in each of the 1541 sequences.
Found a best site in 685 sequences.
Computing q-values.
# Computing q-values.
#   Estimating pi_0 from a uniformly sampled set of 10000 p-values.
#   Estimating pi_0.
# Minimal pi_zero = 0.969434
#   Estimated pi_0=0.975027
Using motif +MBNL1_1126 of width 10.
Finding best site passing the output threshold in each of the 1541 sequences.
Found a best site in 424 sequences.
Computing q-values.
# Computing q-values.
#   Estimating pi_0 from a uniformly sampled set of 10000 p-values.
#   Estimating pi_0.
# Minimal pi_zero = 1.00111
#   Estimated pi_0=1
Using motif +ELAVL1_1107 of width 7.
Finding best site passing the output threshold in each of the 1541 sequences.
Found a best site in 461 sequences.
Computing q-values.
# Computing q-values.
#   Estimating pi_0 from a uniformly sampled set of 10000 p-values.
#   Estimating pi_0.
# Minimal pi_zero = 0.984632
#   Estimated pi_0=0.984632
Using motif +PTBP1_s80 of width 7.
Finding best site passing the output threshold in each of the 1541 sequences.
Found a best site in 697 sequences.
Computing q-values.
# Computing q-values.
#   Estimating pi_0 from a uniformly sampled set of 10000 p-values.
#   Estimating pi_0.
# Minimal pi_zero = 0.951701
#   Estimated pi_0=0.961761
Using motif +KHDRBS1_1159 of width 7.
Finding best site passing the output threshold in each of the 1541 sequences.
Found a best site in 677 sequences.
Computing q-values.
# Computing q-values.
#   Estimating pi_0 from a uniformly sampled set of 10000 p-values.
#   Estimating pi_0.
# Minimal pi_zero = 0.905564
#   Estimated pi_0=0.911043
Using motif +HNRNPA1_650 of width 5.
Finding best site passing the output threshold in each of the 1541 sequences.
Found a best site in 0 sequences.
Computing q-values.
Using motif +HNRNPA1_649 of width 10.
Finding best site passing the output threshold in each of the 1541 sequences.
Found a best site in 513 sequences.
Computing q-values.
# Computing q-values.
#   Estimating pi_0 from a uniformly sampled set of 10000 p-values.
#   Estimating pi_0.
# Minimal pi_zero = 1.0008
#   Estimated pi_0=1
Using motif +PTBP1_1020 of width 5.
Finding best site passing the output threshold in each of the 1541 sequences.
Found a best site in 0 sequences.
Computing q-values.
Using motif +PTBP1_489 of width 4.
Finding best site passing the output threshold in each of the 1541 sequences.
Found a best site in 0 sequences.
Computing q-values.
Using motif +HNRNPA1_694 of width 6.
Finding best site passing the output threshold in each of the 1541 sequences.
Found a best site in 332 sequences.
Computing q-values.
# Computing q-values.
#   Estimating pi_0 from a uniformly sampled set of 10000 p-values.
#   Estimating pi_0.
# Minimal pi_zero = 0.980625
#   Estimated pi_0=0.989789
Using motif +HNRNPA1_661 of width 5.
Finding best site passing the output threshold in each of the 1541 sequences.
Found a best site in 0 sequences.
Computing q-values.
Using motif +TARDBP_1278 of width 7.
Finding best site passing the output threshold in each of the 1541 sequences.
Found a best site in 538 sequences.
Computing q-values.
# Computing q-values.
#   Estimating pi_0 from a uniformly sampled set of 10000 p-values.
#   Estimating pi_0.
# Minimal pi_zero = 0.994717
#   Estimated pi_0=1
Using motif +HNRNPA1_673 of width 7.
Finding best site passing the output threshold in each of the 1541 sequences.
Found a best site in 528 sequences.
Computing q-values.
# Computing q-values.
#   Estimating pi_0 from a uniformly sampled set of 10000 p-values.
#   Estimating pi_0.
# Minimal pi_zero = 0.976
#   Estimated pi_0=0.992402
Using motif +HNRNPA2B1_701 of width 6.
Finding best site passing the output threshold in each of the 1541 sequences.
Found a best site in 411 sequences.
Computing q-values.
# Computing q-values.
#   Estimating pi_0 from a uniformly sampled set of 10000 p-values.
#   Estimating pi_0.
# Minimal pi_zero = 0.937864
#   Estimated pi_0=0.944029
Using motif +NOVA1_1129 of width 7.
Finding best site passing the output threshold in each of the 1541 sequences.
Found a best site in 677 sequences.
Computing q-values.
# Computing q-values.
#   Estimating pi_0 from a uniformly sampled set of 10000 p-values.
#   Estimating pi_0.
# Minimal pi_zero = 0.91203
#   Estimated pi_0=0.924824
Using motif +QKI_70 of width 12.
Finding best site passing the output threshold in each of the 1541 sequences.
Found a best site in 639 sequences.
Computing q-values.
# Computing q-values.
#   Estimating pi_0 from a uniformly sampled set of 10000 p-values.
#   Estimating pi_0.
# Minimal pi_zero = 0.954918
#   Estimated pi_0=0.970184
Using motif +ELAVL1_M127_0.6 of width 7.
Finding best site passing the output threshold in each of the 1541 sequences.
Found a best site in 773 sequences.
Computing q-values.
# Computing q-values.
#   Estimating pi_0 from a uniformly sampled set of 10000 p-values.
#   Estimating pi_0.
# Minimal pi_zero = 0.946271
#   Estimated pi_0=0.955696
Using motif +PTBP1_s100 of width 7.
Finding best site passing the output threshold in each of the 1541 sequences.
Found a best site in 881 sequences.
Computing q-values.
# Computing q-values.
#   Estimating pi_0 from a uniformly sampled set of 10000 p-values.
#   Estimating pi_0.
# Minimal pi_zero = 0.934965
#   Estimated pi_0=0.939769
Using motif +SRSF1_1222 of width 6.
Finding best site passing the output threshold in each of the 1541 sequences.
Found a best site in 380 sequences.
Computing q-values.
# Computing q-values.
#   Estimating pi_0 from a uniformly sampled set of 10000 p-values.
#   Estimating pi_0.
# Minimal pi_zero = 1.00141
#   Estimated pi_0=1
Using motif +SRSF1_1214 of width 10.
Finding best site passing the output threshold in each of the 1541 sequences.
Found a best site in 709 sequences.
Computing q-values.
# Computing q-values.
#   Estimating pi_0 from a uniformly sampled set of 10000 p-values.
#   Estimating pi_0.
# Minimal pi_zero = 0.982951
#   Estimated pi_0=0.986848
Using motif +SRSF1_1223 of width 7.
Finding best site passing the output threshold in each of the 1541 sequences.
Found a best site in 344 sequences.
Computing q-values.
# Computing q-values.
#   Estimating pi_0 from a uniformly sampled set of 10000 p-values.
#   Estimating pi_0.
# Minimal pi_zero = 1.00251
#   Estimated pi_0=1
Using motif +PTBP1_100 of width 10.
Finding best site passing the output threshold in each of the 1541 sequences.
Found a best site in 832 sequences.
Computing q-values.
# Computing q-values.
#   Estimating pi_0 from a uniformly sampled set of 10000 p-values.
#   Estimating pi_0.
# Minimal pi_zero = 0.951688
#   Estimated pi_0=0.955641
Using motif +NOVA1_99 of width 4.
Finding best site passing the output threshold in each of the 1541 sequences.
Found a best site in 0 sequences.
Computing q-values.
Using motif +ZFP36_38 of width 5.
Finding best site passing the output threshold in each of the 1541 sequences.
Found a best site in 0 sequences.
Computing q-values.
Using motif +PTBP1_380 of width 6.
Finding best site passing the output threshold in each of the 1541 sequences.
Found a best site in 731 sequences.
Computing q-values.
# Computing q-values.
#   Estimating pi_0 from a uniformly sampled set of 10000 p-values.
#   Estimating pi_0.
# Minimal pi_zero = 0.967186
#   Estimated pi_0=0.972308
Using motif +SRSF1_1226 of width 12.
Finding best site passing the output threshold in each of the 1541 sequences.
Found a best site in 567 sequences.
Computing q-values.
# Computing q-values.
#   Estimating pi_0 from a uniformly sampled set of 10000 p-values.
#   Estimating pi_0.
# Minimal pi_zero = 0.99868
#   Estimated pi_0=0.999497
Using motif +SRSF1_1224 of width 7.
Finding best site passing the output threshold in each of the 1541 sequences.
Found a best site in 719 sequences.
Computing q-values.
# Computing q-values.
#   Estimating pi_0 from a uniformly sampled set of 10000 p-values.
#   Estimating pi_0.
# Minimal pi_zero = 0.98828
#   Estimated pi_0=0.992828
Using motif +SRSF1_s60 of width 8.
Finding best site passing the output threshold in each of the 1541 sequences.
Found a best site in 645 sequences.
Computing q-values.
# Computing q-values.
#   Estimating pi_0 from a uniformly sampled set of 10000 p-values.
#   Estimating pi_0.
# Minimal pi_zero = 0.998586
#   Estimated pi_0=0.998593
Using motif +QKI_1140 of width 5.
Finding best site passing the output threshold in each of the 1541 sequences.
Found a best site in 151 sequences.
Computing q-values.
# Computing q-values.
#   Estimating pi_0 from a uniformly sampled set of 10000 p-values.
#   Estimating pi_0.
# Minimal pi_zero = 1.00432
#   Estimated pi_0=1
Using motif +HNRNPA1_1342 of width 5.
Finding best site passing the output threshold in each of the 1541 sequences.
Found a best site in 589 sequences.
Computing q-values.
# Computing q-values.
#   Estimating pi_0 from a uniformly sampled set of 10000 p-values.
#   Estimating pi_0.
# Minimal pi_zero = 0.99868
#   Estimated pi_0=0.999196
Using motif +SRSF1_325 of width 7.
Finding best site passing the output threshold in each of the 1541 sequences.
Found a best site in 739 sequences.
Computing q-values.
# Computing q-values.
#   Estimating pi_0 from a uniformly sampled set of 10000 p-values.
#   Estimating pi_0.
# Minimal pi_zero = 0.995052
#   Estimated pi_0=0.996683
Using motif +SRSF1_1362 of width 9.
Finding best site passing the output threshold in each of the 1541 sequences.
Found a best site in 683 sequences.
Computing q-values.
# Computing q-values.
#   Estimating pi_0 from a uniformly sampled set of 10000 p-values.
#   Estimating pi_0.
# Minimal pi_zero = 0.987407
#   Estimated pi_0=0.987407
Using motif +PTBP1_1379 of width 10.
Finding best site passing the output threshold in each of the 1541 sequences.
Found a best site in 572 sequences.
Computing q-values.
# Computing q-values.
#   Estimating pi_0 from a uniformly sampled set of 10000 p-values.
#   Estimating pi_0.
# Minimal pi_zero = 0.999385
#   Estimated pi_0=1
Using motif +HNRNPA1_1305 of width 6.
Finding best site passing the output threshold in each of the 1541 sequences.
Found a best site in 265 sequences.
Computing q-values.
# Computing q-values.
#   Estimating pi_0 from a uniformly sampled set of 10000 p-values.
#   Estimating pi_0.
# Minimal pi_zero = 0.978039
#   Estimated pi_0=0.999793
Using motif +SRSF1_1351 of width 9.
Finding best site passing the output threshold in each of the 1541 sequences.
Found a best site in 728 sequences.
Computing q-values.
# Computing q-values.
#   Estimating pi_0 from a uniformly sampled set of 10000 p-values.
#   Estimating pi_0.
# Minimal pi_zero = 0.988063
#   Estimated pi_0=0.988063
Using motif +HNRNPA1_1358 of width 6.
Finding best site passing the output threshold in each of the 1541 sequences.
Found a best site in 278 sequences.
Computing q-values.
# Computing q-values.
#   Estimating pi_0 from a uniformly sampled set of 10000 p-values.
#   Estimating pi_0.
# Minimal pi_zero = 0.992775
#   Estimated pi_0=0.999196
Using motif +PTBP1_1314 of width 9.
Finding best site passing the output threshold in each of the 1541 sequences.
Found a best site in 591 sequences.
Computing q-values.
# Computing q-values.
#   Estimating pi_0 from a uniformly sampled set of 10000 p-values.
#   Estimating pi_0.
# Minimal pi_zero = 0.990777
#   Estimated pi_0=0.992308
Using motif +SRSF1_1388 of width 7.
Finding best site passing the output threshold in each of the 1541 sequences.
Found a best site in 615 sequences.
Computing q-values.
# Computing q-values.
#   Estimating pi_0 from a uniformly sampled set of 10000 p-values.
#   Estimating pi_0.
# Minimal pi_zero = 0.989412
#   Estimated pi_0=0.994848
Using motif +SRSF1_1367 of width 7.
Finding best site passing the output threshold in each of the 1541 sequences.
Found a best site in 619 sequences.
Computing q-values.
# Computing q-values.
#   Estimating pi_0 from a uniformly sampled set of 10000 p-values.
#   Estimating pi_0.
# Minimal pi_zero = 0.997665
#   Estimated pi_0=0.998283
Using motif +SRSF1_1385 of width 7.
Finding best site passing the output threshold in each of the 1541 sequences.
Found a best site in 636 sequences.
Computing q-values.
# Computing q-values.
#   Estimating pi_0 from a uniformly sampled set of 10000 p-values.
#   Estimating pi_0.
# Minimal pi_zero = 0.990217
#   Estimated pi_0=0.996548
Using motif +SRSF1_1336 of width 10.
Finding best site passing the output threshold in each of the 1541 sequences.
Found a best site in 667 sequences.
Computing q-values.
# Computing q-values.
#   Estimating pi_0 from a uniformly sampled set of 10000 p-values.
#   Estimating pi_0.
# Minimal pi_zero = 0.997292
#   Estimated pi_0=0.998693
Using motif +PTBP1_1381 of width 10.
Finding best site passing the output threshold in each of the 1541 sequences.
Found a best site in 747 sequences.
Computing q-values.
# Computing q-values.
#   Estimating pi_0 from a uniformly sampled set of 10000 p-values.
#   Estimating pi_0.
# Minimal pi_zero = 0.979136
#   Estimated pi_0=0.980737
Using motif +SRSF1_1345 of width 7.
Finding best site passing the output threshold in each of the 1541 sequences.
Found a best site in 554 sequences.
Computing q-values.
# Computing q-values.
#   Estimating pi_0 from a uniformly sampled set of 10000 p-values.
#   Estimating pi_0.
# Minimal pi_zero = 0.998173
#   Estimated pi_0=1
Using motif +HNRNPA1_1304 of width 5.
Finding best site passing the output threshold in each of the 1541 sequences.
Found a best site in 565 sequences.
Computing q-values.
# Computing q-values.
#   Estimating pi_0 from a uniformly sampled set of 10000 p-values.
#   Estimating pi_0.
# Minimal pi_zero = 1.0003
#   Estimated pi_0=1
Using motif +SRSF1_1324 of width 7.
Finding best site passing the output threshold in each of the 1541 sequences.
Found a best site in 629 sequences.
Computing q-values.
# Computing q-values.
#   Estimating pi_0 from a uniformly sampled set of 10000 p-values.
#   Estimating pi_0.
# Minimal pi_zero = 0.987391
#   Estimated pi_0=0.994416
Using motif +SRSF1_1327 of width 9.
Finding best site passing the output threshold in each of the 1541 sequences.
Found a best site in 658 sequences.
Computing q-values.
# Computing q-values.
#   Estimating pi_0 from a uniformly sampled set of 10000 p-values.
#   Estimating pi_0.
# Minimal pi_zero = 0.991152
#   Estimated pi_0=0.998586
Using motif +SRSF1_1335 of width 7.
Finding best site passing the output threshold in each of the 1541 sequences.
Found a best site in 441 sequences.
Computing q-values.
# Computing q-values.
#   Estimating pi_0 from a uniformly sampled set of 10000 p-values.
#   Estimating pi_0.
# Minimal pi_zero = 1.00071
#   Estimated pi_0=1
Using motif +HNRNPA1_1306 of width 10.
Finding best site passing the output threshold in each of the 1541 sequences.
Found a best site in 667 sequences.
Computing q-values.
# Computing q-values.
#   Estimating pi_0 from a uniformly sampled set of 10000 p-values.
#   Estimating pi_0.
# Minimal pi_zero = 0.996263
#   Estimated pi_0=0.998492
Using motif +PTBP1_1341 of width 7.
Finding best site passing the output threshold in each of the 1541 sequences.
Found a best site in 697 sequences.
Computing q-values.
# Computing q-values.
#   Estimating pi_0 from a uniformly sampled set of 10000 p-values.
#   Estimating pi_0.
# Minimal pi_zero = 0.949524
#   Estimated pi_0=0.961878
Using motif +SRSF1_1349 of width 6.
Finding best site passing the output threshold in each of the 1541 sequences.
Found a best site in 533 sequences.
Computing q-values.
# Computing q-values.
#   Estimating pi_0 from a uniformly sampled set of 10000 p-values.
#   Estimating pi_0.
# Minimal pi_zero = 0.999583
#   Estimated pi_0=1
Using motif +NOVA1_1378 of width 8.
Finding best site passing the output threshold in each of the 1541 sequences.
Found a best site in 574 sequences.
Computing q-values.
# Computing q-values.
#   Estimating pi_0 from a uniformly sampled set of 10000 p-values.
#   Estimating pi_0.
# Minimal pi_zero = 0.996345
#   Estimated pi_0=0.998693
Using motif +HNRNPA1_1346 of width 10.
Finding best site passing the output threshold in each of the 1541 sequences.
Found a best site in 513 sequences.
Computing q-values.
# Computing q-values.
#   Estimating pi_0 from a uniformly sampled set of 10000 p-values.
#   Estimating pi_0.
# Minimal pi_zero = 0.98297
#   Estimated pi_0=1
Using motif +SRSF1_1376 of width 12.
Finding best site passing the output threshold in each of the 1541 sequences.
Found a best site in 736 sequences.
Computing q-values.
# Computing q-values.
#   Estimating pi_0 from a uniformly sampled set of 10000 p-values.
#   Estimating pi_0.
# Minimal pi_zero = 0.957143
#   Estimated pi_0=0.957143
Using motif +PTBP1_1398 of width 6.
Finding best site passing the output threshold in each of the 1541 sequences.
Found a best site in 421 sequences.
Computing q-values.
# Computing q-values.
#   Estimating pi_0 from a uniformly sampled set of 10000 p-values.
#   Estimating pi_0.
# Minimal pi_zero = 0.974231
#   Estimated pi_0=0.977946
Using motif +SRSF1_1390 of width 9.
Finding best site passing the output threshold in each of the 1541 sequences.
Found a best site in 719 sequences.
Computing q-values.
# Computing q-values.
#   Estimating pi_0 from a uniformly sampled set of 10000 p-values.
#   Estimating pi_0.
# Minimal pi_zero = 0.985503
#   Estimated pi_0=0.985503
Using motif +SRSF1_1312 of width 8.
Finding best site passing the output threshold in each of the 1541 sequences.
Found a best site in 607 sequences.
Computing q-values.
# Computing q-values.
#   Estimating pi_0 from a uniformly sampled set of 10000 p-values.
#   Estimating pi_0.
# Minimal pi_zero = 0.997286
#   Estimated pi_0=0.997286
Using motif +SRSF1_1319 of width 9.
Finding best site passing the output threshold in each of the 1541 sequences.
Found a best site in 656 sequences.
Computing q-values.
# Computing q-values.
#   Estimating pi_0 from a uniformly sampled set of 10000 p-values.
#   Estimating pi_0.
# Minimal pi_zero = 0.995455
#   Estimated pi_0=0.995455
Using motif +SRSF1_1393 of width 7.
Finding best site passing the output threshold in each of the 1541 sequences.
Found a best site in 129 sequences.
Computing q-values.
# Computing q-values.
#   Estimating pi_0 from a uniformly sampled set of 10000 p-values.
#   Estimating pi_0.
# Minimal pi_zero = 1.00302
#   Estimated pi_0=1
Using motif +SRSF1_1364 of width 7.
Finding best site passing the output threshold in each of the 1541 sequences.
Found a best site in 742 sequences.
Computing q-values.
# Computing q-values.
#   Estimating pi_0 from a uniformly sampled set of 10000 p-values.
#   Estimating pi_0.
# Minimal pi_zero = 0.985867
#   Estimated pi_0=0.992188
Using motif +PTBP1_1368 of width 8.
Finding best site passing the output threshold in each of the 1541 sequences.
Found a best site in 694 sequences.
Computing q-values.
# Computing q-values.
#   Estimating pi_0 from a uniformly sampled set of 10000 p-values.
#   Estimating pi_0.
# Minimal pi_zero = 0.949037
#   Estimated pi_0=0.966102
Using motif +PTBP2_1317 of width 5.
Finding best site passing the output threshold in each of the 1541 sequences.
Found a best site in 688 sequences.
Computing q-values.
# Computing q-values.
#   Estimating pi_0 from a uniformly sampled set of 10000 p-values.
#   Estimating pi_0.
# Minimal pi_zero = 0.985714
#   Estimated pi_0=0.991323
Using motif +SRSF1_1353 of width 9.
Finding best site passing the output threshold in each of the 1541 sequences.
Found a best site in 694 sequences.
Computing q-values.
# Computing q-values.
#   Estimating pi_0 from a uniformly sampled set of 10000 p-values.
#   Estimating pi_0.
# Minimal pi_zero = 0.988723
#   Estimated pi_0=0.994924
Using motif +SRSF1_1310 of width 7.
Finding best site passing the output threshold in each of the 1541 sequences.
Found a best site in 629 sequences.
Computing q-values.
# Computing q-values.
#   Estimating pi_0 from a uniformly sampled set of 10000 p-values.
#   Estimating pi_0.
# Minimal pi_zero = 0.987717
#   Estimated pi_0=0.992995
Using motif +PTBP2_1370 of width 6.
Finding best site passing the output threshold in each of the 1541 sequences.
Found a best site in 731 sequences.
Computing q-values.
# Computing q-values.
#   Estimating pi_0 from a uniformly sampled set of 10000 p-values.
#   Estimating pi_0.
# Minimal pi_zero = 0.96119
#   Estimated pi_0=0.962635
Using motif +PTBP1_1372 of width 5.
Finding best site passing the output threshold in each of the 1541 sequences.
Found a best site in 688 sequences.
Computing q-values.
# Computing q-values.
#   Estimating pi_0 from a uniformly sampled set of 10000 p-values.
#   Estimating pi_0.
# Minimal pi_zero = 0.981758
#   Estimated pi_0=0.981758
Using motif +SRSF1_1326 of width 6.
Finding best site passing the output threshold in each of the 1541 sequences.
Found a best site in 596 sequences.
Computing q-values.
# Computing q-values.
#   Estimating pi_0 from a uniformly sampled set of 10000 p-values.
#   Estimating pi_0.
# Minimal pi_zero = 0.99445
#   Estimated pi_0=0.998586
Using motif +SRSF1_1383 of width 8.
Finding best site passing the output threshold in each of the 1541 sequences.
Found a best site in 672 sequences.
Computing q-values.
# Computing q-values.
#   Estimating pi_0 from a uniformly sampled set of 10000 p-values.
#   Estimating pi_0.
# Minimal pi_zero = 0.995361
#   Estimated pi_0=0.998593
Using motif +SRSF1_1389 of width 9.
Finding best site passing the output threshold in each of the 1541 sequences.
Found a best site in 678 sequences.
Computing q-values.
# Computing q-values.
#   Estimating pi_0 from a uniformly sampled set of 10000 p-values.
#   Estimating pi_0.
# Minimal pi_zero = 0.988199
#   Estimated pi_0=0.994462
Using motif +HNRNPA1_1397 of width 4.
Finding best site passing the output threshold in each of the 1541 sequences.
Found a best site in 0 sequences.
Computing q-values.
Using motif +PTBP1_1359 of width 6.
Finding best site passing the output threshold in each of the 1541 sequences.
Found a best site in 731 sequences.
Computing q-values.
# Computing q-values.
#   Estimating pi_0 from a uniformly sampled set of 10000 p-values.
#   Estimating pi_0.
# Minimal pi_zero = 0.958563
#   Estimated pi_0=0.959762
Using motif +PTBP1_1382 of width 7.
Finding best site passing the output threshold in each of the 1541 sequences.
Found a best site in 732 sequences.
Computing q-values.
# Computing q-values.
#   Estimating pi_0 from a uniformly sampled set of 10000 p-values.
#   Estimating pi_0.
# Minimal pi_zero = 0.941611
#   Estimated pi_0=0.941611
Using motif +PTBP1_1340 of width 7.
Finding best site passing the output threshold in each of the 1541 sequences.
Found a best site in 844 sequences.
Computing q-values.
# Computing q-values.
#   Estimating pi_0 from a uniformly sampled set of 10000 p-values.
#   Estimating pi_0.
# Minimal pi_zero = 0.938074
#   Estimated pi_0=0.94589
Using motif +SRSF1_1373 of width 8.
Finding best site passing the output threshold in each of the 1541 sequences.
Found a best site in 622 sequences.
Computing q-values.
# Computing q-values.
#   Estimating pi_0 from a uniformly sampled set of 10000 p-values.
#   Estimating pi_0.
# Minimal pi_zero = 0.997333
#   Estimated pi_0=0.998995
Using motif +SRSF1_1338 of width 12.
Finding best site passing the output threshold in each of the 1541 sequences.
Found a best site in 688 sequences.
Computing q-values.
# Computing q-values.
#   Estimating pi_0 from a uniformly sampled set of 10000 p-values.
#   Estimating pi_0.
# Minimal pi_zero = 0.990582
#   Estimated pi_0=0.991919
Using motif +HNRNPA1_1366 of width 4.
Finding best site passing the output threshold in each of the 1541 sequences.
Found a best site in 0 sequences.
Computing q-values.
[post] null scan OK
Traceback (most recent call last):
  File "/home/taylor/miniconda3/envs/dapars2/lib/python3.8/site-packages/pandas/core/indexes/base.py", line 2898, in get_loc
    return self._engine.get_loc(casted_key)
  File "pandas/_libs/index.pyx", line 70, in pandas._libs.index.IndexEngine.get_loc
  File "pandas/_libs/index.pyx", line 101, in pandas._libs.index.IndexEngine.get_loc
  File "pandas/_libs/hashtable_class_helper.pxi", line 1675, in pandas._libs.hashtable.PyObjectHashTable.get_item
  File "pandas/_libs/hashtable_class_helper.pxi", line 1683, in pandas._libs.hashtable.PyObjectHashTable.get_item
KeyError: 'motif_id'

The above exception was the direct cause of the following exception:

Traceback (most recent call last):
  File "/mnt/d/stroke_apa/scripts/p3_fimo_finalize.py", line 25, in <module>
    pas = load_hits(f"{BASE}/fimo_pas/fimo.tsv")
  File "/mnt/d/stroke_apa/scripts/p3_fimo_finalize.py", line 20, in load_hits
    d = d[d["motif_id"].notna()].copy()
  File "/home/taylor/miniconda3/envs/dapars2/lib/python3.8/site-packages/pandas/core/frame.py", line 2906, in __getitem__
    indexer = self.columns.get_loc(key)
  File "/home/taylor/miniconda3/envs/dapars2/lib/python3.8/site-packages/pandas/core/indexes/base.py", line 2900, in get_loc
    raise KeyError(key) from err
KeyError: 'motif_id'
[post] END Sun Sep 20 11:52:53 +08 2026
[post] start Sun Sep 20 12:04:12 +08 2026
Using motif +ZFP36_M269_0.6 of width 11.
Finding best site passing the output threshold in each of the 1541 sequences.
Found a best site in 811 sequences.
Computing q-values.
# Computing q-values.
#   Estimating pi_0 from a uniformly sampled set of 10000 p-values.
#   Estimating pi_0.
# Minimal pi_zero = 0.969432
#   Estimated pi_0=0.972787
Using motif +HNRNPA2B1_705 of width 11.
Finding best site passing the output threshold in each of the 1541 sequences.
Found a best site in 635 sequences.
Computing q-values.
# Computing q-values.
#   Estimating pi_0 from a uniformly sampled set of 10000 p-values.
#   Estimating pi_0.
# Minimal pi_zero = 0.996995
#   Estimated pi_0=0.999397
Using motif +SRSF1_1227 of width 9.
Finding best site passing the output threshold in each of the 1541 sequences.
Found a best site in 678 sequences.
Computing q-values.
# Computing q-values.
#   Estimating pi_0 from a uniformly sampled set of 10000 p-values.
#   Estimating pi_0.
# Minimal pi_zero = 0.984969
#   Estimated pi_0=0.989026
Using motif +SRSF1_1241 of width 7.
Finding best site passing the output threshold in each of the 1541 sequences.
Found a best site in 420 sequences.
Computing q-values.
# Computing q-values.
#   Estimating pi_0 from a uniformly sampled set of 10000 p-values.
#   Estimating pi_0.
# Minimal pi_zero = 1.00101
#   Estimated pi_0=1
Using motif +HNRNPA1_690 of width 6.
Finding best site passing the output threshold in each of the 1541 sequences.
Found a best site in 356 sequences.
Computing q-values.
# Computing q-values.
#   Estimating pi_0 from a uniformly sampled set of 10000 p-values.
#   Estimating pi_0.
# Minimal pi_zero = 1.00101
#   Estimated pi_0=1
Using motif +ELAVL1_1103 of width 5.
Finding best site passing the output threshold in each of the 1541 sequences.
Found a best site in 0 sequences.
Computing q-values.
Using motif +HNRNPA1_M271_0.6 of width 6.
Finding best site passing the output threshold in each of the 1541 sequences.
Found a best site in 524 sequences.
Computing q-values.
# Computing q-values.
#   Estimating pi_0 from a uniformly sampled set of 10000 p-values.
#   Estimating pi_0.
# Minimal pi_zero = 1.0005
#   Estimated pi_0=1
Using motif +MBNL1_M320_0.6 of width 8.
Finding best site passing the output threshold in each of the 1541 sequences.
Found a best site in 649 sequences.
Computing q-values.
# Computing q-values.
#   Estimating pi_0 from a uniformly sampled set of 10000 p-values.
#   Estimating pi_0.
# Minimal pi_zero = 0.958667
#   Estimated pi_0=0.963669
Using motif +SRSF1_1218 of width 6.
Finding best site passing the output threshold in each of the 1541 sequences.
Found a best site in 389 sequences.
Computing q-values.
# Computing q-values.
#   Estimating pi_0 from a uniformly sampled set of 10000 p-values.
#   Estimating pi_0.
# Minimal pi_zero = 1.00113
#   Estimated pi_0=1
Using motif +NOVA1_64 of width 4.
Finding best site passing the output threshold in each of the 1541 sequences.
Found a best site in 0 sequences.
Computing q-values.
Using motif +HNRNPA1_660 of width 8.
Finding best site passing the output threshold in each of the 1541 sequences.
Found a best site in 295 sequences.
Computing q-values.
# Computing q-values.
#   Estimating pi_0 from a uniformly sampled set of 10000 p-values.
#   Estimating pi_0.
# Minimal pi_zero = 1.00352
#   Estimated pi_0=1
Using motif +TARDBP_144 of width 12.
Finding best site passing the output threshold in each of the 1541 sequences.
Found a best site in 638 sequences.
Computing q-values.
# Computing q-values.
#   Estimating pi_0 from a uniformly sampled set of 10000 p-values.
#   Estimating pi_0.
# Minimal pi_zero = 0.978107
#   Estimated pi_0=0.980317
Using motif +SRSF1_1221 of width 6.
Finding best site passing the output threshold in each of the 1541 sequences.
Found a best site in 465 sequences.
Computing q-values.
# Computing q-values.
#   Estimating pi_0 from a uniformly sampled set of 10000 p-values.
#   Estimating pi_0.
# Minimal pi_zero = 0.979608
#   Estimated pi_0=0.998985
Using motif +SRSF1_s49 of width 7.
Finding best site passing the output threshold in each of the 1541 sequences.
Found a best site in 558 sequences.
Computing q-values.
# Computing q-values.
#   Estimating pi_0 from a uniformly sampled set of 10000 p-values.
#   Estimating pi_0.
# Minimal pi_zero = 1.0003
#   Estimated pi_0=1
Using motif +SRSF1_1229 of width 6.
Finding best site passing the output threshold in each of the 1541 sequences.
Found a best site in 445 sequences.
Computing q-values.
# Computing q-values.
#   Estimating pi_0 from a uniformly sampled set of 10000 p-values.
#   Estimating pi_0.
# Minimal pi_zero = 0.999598
#   Estimated pi_0=0.999598
Using motif +SRSF1_1234 of width 7.
Finding best site passing the output threshold in each of the 1541 sequences.
Found a best site in 584 sequences.
Computing q-values.
# Computing q-values.
#   Estimating pi_0 from a uniformly sampled set of 10000 p-values.
#   Estimating pi_0.
# Minimal pi_zero = 0.997259
#   Estimated pi_0=0.998889
Using motif +PTBP1_998 of width 6.
Finding best site passing the output threshold in each of the 1541 sequences.
Found a best site in 421 sequences.
Computing q-values.
# Computing q-values.
#   Estimating pi_0 from a uniformly sampled set of 10000 p-values.
#   Estimating pi_0.
# Minimal pi_zero = 0.963758
#   Estimated pi_0=0.96924
Using motif +KHDRBS1_1155 of width 6.
Finding best site passing the output threshold in each of the 1541 sequences.
Found a best site in 467 sequences.
Computing q-values.
# Computing q-values.
#   Estimating pi_0 from a uniformly sampled set of 10000 p-values.
#   Estimating pi_0.
# Minimal pi_zero = 0.912027
#   Estimated pi_0=0.912027
Using motif +SRSF1_1233 of width 7.
Finding best site passing the output threshold in each of the 1541 sequences.
Found a best site in 593 sequences.
Computing q-values.
# Computing q-values.
#   Estimating pi_0 from a uniformly sampled set of 10000 p-values.
#   Estimating pi_0.
# Minimal pi_zero = 0.997462
#   Estimated pi_0=0.998492
Using motif +PTBP1_51 of width 4.
Finding best site passing the output threshold in each of the 1541 sequences.
Found a best site in 0 sequences.
Computing q-values.
Using motif +SRSF1_M106_0.6 of width 8.
Finding best site passing the output threshold in each of the 1541 sequences.
Found a best site in 693 sequences.
Computing q-values.
# Computing q-values.
#   Estimating pi_0 from a uniformly sampled set of 10000 p-values.
#   Estimating pi_0.
# Minimal pi_zero = 0.998342
#   Estimated pi_0=0.999397
Using motif +HNRNPA1_692 of width 7.
Finding best site passing the output threshold in each of the 1541 sequences.
Found a best site in 613 sequences.
Computing q-values.
# Computing q-values.
#   Estimating pi_0 from a uniformly sampled set of 10000 p-values.
#   Estimating pi_0.
# Minimal pi_zero = 0.995699
#   Estimated pi_0=0.997879
Using motif +ELAVL1_367 of width 4.
Finding best site passing the output threshold in each of the 1541 sequences.
Found a best site in 0 sequences.
Computing q-values.
Using motif +SRSF1_1211 of width 9.
Finding best site passing the output threshold in each of the 1541 sequences.
Found a best site in 664 sequences.
Computing q-values.
# Computing q-values.
#   Estimating pi_0 from a uniformly sampled set of 10000 p-values.
#   Estimating pi_0.
# Minimal pi_zero = 0.996402
#   Estimated pi_0=0.99799
Using motif +HNRNPA1_679 of width 6.
Finding best site passing the output threshold in each of the 1541 sequences.
Found a best site in 265 sequences.
Computing q-values.
# Computing q-values.
#   Estimating pi_0 from a uniformly sampled set of 10000 p-values.
#   Estimating pi_0.
# Minimal pi_zero = 0.993137
#   Estimated pi_0=1
Using motif +FUS_M316_0.6 of width 4.
Finding best site passing the output threshold in each of the 1541 sequences.
Found a best site in 0 sequences.
Computing q-values.
Using motif +NOVA1_1131 of width 5.
Finding best site passing the output threshold in each of the 1541 sequences.
Found a best site in 0 sequences.
Computing q-values.
Using motif +SRSF1_1216 of width 7.
Finding best site passing the output threshold in each of the 1541 sequences.
Found a best site in 709 sequences.
Computing q-values.
# Computing q-values.
#   Estimating pi_0 from a uniformly sampled set of 10000 p-values.
#   Estimating pi_0.
# Minimal pi_zero = 0.995435
#   Estimated pi_0=0.998788
Using motif +HNRNPA1_653 of width 7.
Finding best site passing the output threshold in each of the 1541 sequences.
Found a best site in 486 sequences.
Computing q-values.
# Computing q-values.
#   Estimating pi_0 from a uniformly sampled set of 10000 p-values.
#   Estimating pi_0.
# Minimal pi_zero = 0.983836
#   Estimated pi_0=0.995978
Using motif +HNRNPA1_644 of width 6.
Finding best site passing the output threshold in each of the 1541 sequences.
Found a best site in 370 sequences.
Computing q-values.
# Computing q-values.
#   Estimating pi_0 from a uniformly sampled set of 10000 p-values.
#   Estimating pi_0.
# Minimal pi_zero = 0.998773
#   Estimated pi_0=1
Using motif +MBNL1_M320_0.6a of width 4.
Finding best site passing the output threshold in each of the 1541 sequences.
Found a best site in 0 sequences.
Computing q-values.
Using motif +PTBP1_1017 of width 7.
Finding best site passing the output threshold in each of the 1541 sequences.
Found a best site in 415 sequences.
Computing q-values.
# Computing q-values.
#   Estimating pi_0 from a uniformly sampled set of 10000 p-values.
#   Estimating pi_0.
# Minimal pi_zero = 0.992169
#   Estimated pi_0=0.995051
Using motif +ELAVL1_1105 of width 9.
Finding best site passing the output threshold in each of the 1541 sequences.
Found a best site in 755 sequences.
Computing q-values.
# Computing q-values.
#   Estimating pi_0 from a uniformly sampled set of 10000 p-values.
#   Estimating pi_0.
# Minimal pi_zero = 0.931346
#   Estimated pi_0=0.947403
Using motif +SRSF1_M272_0.6 of width 8.
Finding best site passing the output threshold in each of the 1541 sequences.
Found a best site in 659 sequences.
Computing q-values.
# Computing q-values.
#   Estimating pi_0 from a uniformly sampled set of 10000 p-values.
#   Estimating pi_0.
# Minimal pi_zero = 0.997354
#   Estimated pi_0=1
Using motif +PTBP1_1013 of width 11.
Finding best site passing the output threshold in each of the 1541 sequences.
Found a best site in 885 sequences.
Computing q-values.
# Computing q-values.
#   Estimating pi_0 from a uniformly sampled set of 10000 p-values.
#   Estimating pi_0.
# Minimal pi_zero = 0.948921
#   Estimated pi_0=0.958286
Using motif +MBNL1_s30 of width 6.
Finding best site passing the output threshold in each of the 1541 sequences.
Found a best site in 728 sequences.
Computing q-values.
# Computing q-values.
#   Estimating pi_0 from a uniformly sampled set of 10000 p-values.
#   Estimating pi_0.
# Minimal pi_zero = 0.990879
#   Estimated pi_0=0.997056
Using motif +ELAVL1_M108_0.6 of width 7.
Finding best site passing the output threshold in each of the 1541 sequences.
Found a best site in 823 sequences.
Computing q-values.
# Computing q-values.
#   Estimating pi_0 from a uniformly sampled set of 10000 p-values.
#   Estimating pi_0.
# Minimal pi_zero = 0.93
#   Estimated pi_0=0.937267
Using motif +SRSF1_M273_0.6 of width 7.
Finding best site passing the output threshold in each of the 1541 sequences.
Found a best site in 94 sequences.
Computing q-values.
# Computing q-values.
#   Estimating pi_0 from a uniformly sampled set of 10000 p-values.
#   Estimating pi_0.
# Minimal pi_zero = 0.998416
#   Estimated pi_0=1
Using motif +ELAVL1_1104 of width 5.
Finding best site passing the output threshold in each of the 1541 sequences.
Found a best site in 0 sequences.
Computing q-values.
Using motif +HNRNPA1_652 of width 5.
Finding best site passing the output threshold in each of the 1541 sequences.
Found a best site in 0 sequences.
Computing q-values.
Using motif +FUS_1061 of width 7.
Finding best site passing the output threshold in each of the 1541 sequences.
Found a best site in 677 sequences.
Computing q-values.
# Computing q-values.
#   Estimating pi_0 from a uniformly sampled set of 10000 p-values.
#   Estimating pi_0.
# Minimal pi_zero = 0.929173
#   Estimated pi_0=0.936114
Using motif +KHDRBS1_M160_0.6 of width 7.
Finding best site passing the output threshold in each of the 1541 sequences.
Found a best site in 745 sequences.
Computing q-values.
# Computing q-values.
#   Estimating pi_0 from a uniformly sampled set of 10000 p-values.
#   Estimating pi_0.
# Minimal pi_zero = 0.9558
#   Estimated pi_0=0.973913
Using motif +SRSF1_s51 of width 7.
Finding best site passing the output threshold in each of the 1541 sequences.
Found a best site in 123 sequences.
Computing q-values.
# Computing q-values.
#   Estimating pi_0 from a uniformly sampled set of 10000 p-values.
#   Estimating pi_0.
# Minimal pi_zero = 1.00382
#   Estimated pi_0=1
Using motif +HNRNPA2B1_698 of width 5.
Finding best site passing the output threshold in each of the 1541 sequences.
Found a best site in 0 sequences.
Computing q-values.
Using motif +MBNL1_M037_0.6 of width 7.
Finding best site passing the output threshold in each of the 1541 sequences.
Found a best site in 611 sequences.
Computing q-values.
# Computing q-values.
#   Estimating pi_0 from a uniformly sampled set of 10000 p-values.
#   Estimating pi_0.
# Minimal pi_zero = 0.968302
#   Estimated pi_0=0.972561
Using motif +PTBP1_1014 of width 7.
Finding best site passing the output threshold in each of the 1541 sequences.
Found a best site in 697 sequences.
Computing q-values.
# Computing q-values.
#   Estimating pi_0 from a uniformly sampled set of 10000 p-values.
#   Estimating pi_0.
# Minimal pi_zero = 0.94604
#   Estimated pi_0=0.953962
Using motif +ELAVL1_M112_0.6 of width 7.
Finding best site passing the output threshold in each of the 1541 sequences.
Found a best site in 844 sequences.
Computing q-values.
# Computing q-values.
#   Estimating pi_0 from a uniformly sampled set of 10000 p-values.
#   Estimating pi_0.
# Minimal pi_zero = 0.943486
#   Estimated pi_0=0.943486
Using motif +PTBP1_1009 of width 9.
Finding best site passing the output threshold in each of the 1541 sequences.
Found a best site in 890 sequences.
Computing q-values.
# Computing q-values.
#   Estimating pi_0 from a uniformly sampled set of 10000 p-values.
#   Estimating pi_0.
# Minimal pi_zero = 0.956905
#   Estimated pi_0=0.956905
Using motif +PTBP1_31 of width 4.
Finding best site passing the output threshold in each of the 1541 sequences.
Found a best site in 0 sequences.
Computing q-values.
Using motif +PTBP2_1134 of width 6.
Finding best site passing the output threshold in each of the 1541 sequences.
Found a best site in 731 sequences.
Computing q-values.
# Computing q-values.
#   Estimating pi_0 from a uniformly sampled set of 10000 p-values.
#   Estimating pi_0.
# Minimal pi_zero = 0.97485
#   Estimated pi_0=0.983277
Using motif +NOVA2_M325_0.6 of width 16.
Finding best site passing the output threshold in each of the 1541 sequences.
Found a best site in 602 sequences.
Computing q-values.
# Computing q-values.
#   Estimating pi_0 from a uniformly sampled set of 10000 p-values.
#   Estimating pi_0.
# Minimal pi_zero = 1.0001
#   Estimated pi_0=1
Using motif +HNRNPA1_665 of width 5.
Finding best site passing the output threshold in each of the 1541 sequences.
Found a best site in 0 sequences.
Computing q-values.
Using motif +HNRNPA1_647 of width 10.
Finding best site passing the output threshold in each of the 1541 sequences.
Found a best site in 513 sequences.
Computing q-values.
# Computing q-values.
#   Estimating pi_0 from a uniformly sampled set of 10000 p-values.
#   Estimating pi_0.
# Minimal pi_zero = 0.990693
#   Estimated pi_0=1
Using motif +ZFP36_155 of width 6.
Finding best site passing the output threshold in each of the 1541 sequences.
Found a best site in 813 sequences.
Computing q-values.
# Computing q-values.
#   Estimating pi_0 from a uniformly sampled set of 10000 p-values.
#   Estimating pi_0.
# Minimal pi_zero = 0.952368
#   Estimated pi_0=0.962842
Using motif +HNRNPA1_43 of width 12.
Finding best site passing the output threshold in each of the 1541 sequences.
Found a best site in 520 sequences.
Computing q-values.
# Computing q-values.
#   Estimating pi_0 from a uniformly sampled set of 10000 p-values.
#   Estimating pi_0.
# Minimal pi_zero = 0.988837
#   Estimated pi_0=1
Using motif +PTBP1_8 of width 5.
Finding best site passing the output threshold in each of the 1541 sequences.
Found a best site in 688 sequences.
Computing q-values.
# Computing q-values.
#   Estimating pi_0 from a uniformly sampled set of 10000 p-values.
#   Estimating pi_0.
# Minimal pi_zero = 0.978453
#   Estimated pi_0=0.978571
Using motif +HNRNPA2B1_706 of width 11.
Finding best site passing the output threshold in each of the 1541 sequences.
Found a best site in 524 sequences.
Computing q-values.
# Computing q-values.
#   Estimating pi_0 from a uniformly sampled set of 10000 p-values.
#   Estimating pi_0.
# Minimal pi_zero = 0.996598
#   Estimated pi_0=0.999397
Using motif +ZFP36_138 of width 5.
Finding best site passing the output threshold in each of the 1541 sequences.
Found a best site in 655 sequences.
Computing q-values.
# Computing q-values.
#   Estimating pi_0 from a uniformly sampled set of 10000 p-values.
#   Estimating pi_0.
# Minimal pi_zero = 0.975556
#   Estimated pi_0=0.985363
Using motif +PTBP1_s12 of width 6.
Finding best site passing the output threshold in each of the 1541 sequences.
Found a best site in 777 sequences.
Computing q-values.
# Computing q-values.
#   Estimating pi_0 from a uniformly sampled set of 10000 p-values.
#   Estimating pi_0.
# Minimal pi_zero = 0.953793
#   Estimated pi_0=0.956438
Using motif +KHDRBS1_1157 of width 5.
Finding best site passing the output threshold in each of the 1541 sequences.
Found a best site in 0 sequences.
Computing q-values.
Using motif +SRSF1_s99 of width 7.
Finding best site passing the output threshold in each of the 1541 sequences.
Found a best site in 275 sequences.
Computing q-values.
# Computing q-values.
#   Estimating pi_0 from a uniformly sampled set of 10000 p-values.
#   Estimating pi_0.
# Minimal pi_zero = 1.00131
#   Estimated pi_0=1
Using motif +ZFP36_49 of width 6.
Finding best site passing the output threshold in each of the 1541 sequences.
Found a best site in 575 sequences.
Computing q-values.
# Computing q-values.
#   Estimating pi_0 from a uniformly sampled set of 10000 p-values.
#   Estimating pi_0.
# Minimal pi_zero = 0.984833
#   Estimated pi_0=0.994721
Using motif +HNRNPA1_663 of width 6.
Finding best site passing the output threshold in each of the 1541 sequences.
Found a best site in 620 sequences.
Computing q-values.
# Computing q-values.
#   Estimating pi_0 from a uniformly sampled set of 10000 p-values.
#   Estimating pi_0.
# Minimal pi_zero = 0.99799
#   Estimated pi_0=0.99799
Using motif +HNRNPA1_681 of width 6.
Finding best site passing the output threshold in each of the 1541 sequences.
Found a best site in 265 sequences.
Computing q-values.
# Computing q-values.
#   Estimating pi_0 from a uniformly sampled set of 10000 p-values.
#   Estimating pi_0.
# Minimal pi_zero = 0.978039
#   Estimated pi_0=1
Using motif +KHDRBS1_s34 of width 6.
Finding best site passing the output threshold in each of the 1541 sequences.
Found a best site in 485 sequences.
Computing q-values.
# Computing q-values.
#   Estimating pi_0 from a uniformly sampled set of 10000 p-values.
#   Estimating pi_0.
# Minimal pi_zero = 0.9588
#   Estimated pi_0=0.960755
Using motif +HNRNPA2B1_710 of width 6.
Finding best site passing the output threshold in each of the 1541 sequences.
Found a best site in 371 sequences.
Computing q-values.
# Computing q-values.
#   Estimating pi_0 from a uniformly sampled set of 10000 p-values.
#   Estimating pi_0.
# Minimal pi_zero = 0.968824
#   Estimated pi_0=0.978471
Using motif +PTBP1_1004 of width 6.
Finding best site passing the output threshold in each of the 1541 sequences.
Found a best site in 731 sequences.
Computing q-values.
# Computing q-values.
#   Estimating pi_0 from a uniformly sampled set of 10000 p-values.
#   Estimating pi_0.
# Minimal pi_zero = 0.973772
#   Estimated pi_0=0.984456
Using motif +QKI_104 of width 12.
Finding best site passing the output threshold in each of the 1541 sequences.
Found a best site in 665 sequences.
Computing q-values.
# Computing q-values.
#   Estimating pi_0 from a uniformly sampled set of 10000 p-values.
#   Estimating pi_0.
# Minimal pi_zero = 0.984603
#   Estimated pi_0=0.991064
Using motif +MBNL1_1123 of width 6.
Finding best site passing the output threshold in each of the 1541 sequences.
Found a best site in 608 sequences.
Computing q-values.
# Computing q-values.
#   Estimating pi_0 from a uniformly sampled set of 10000 p-values.
#   Estimating pi_0.
# Minimal pi_zero = 0.991617
#   Estimated pi_0=0.997026
Using motif +HNRNPA1_651 of width 5.
Finding best site passing the output threshold in each of the 1541 sequences.
Found a best site in 782 sequences.
Computing q-values.
# Computing q-values.
#   Estimating pi_0 from a uniformly sampled set of 10000 p-values.
#   Estimating pi_0.
# Minimal pi_zero = 0.997049
#   Estimated pi_0=0.998995
Using motif +KHDRBS1_M060_0.6 of width 7.
Finding best site passing the output threshold in each of the 1541 sequences.
Found a best site in 602 sequences.
Computing q-values.
# Computing q-values.
#   Estimating pi_0 from a uniformly sampled set of 10000 p-values.
#   Estimating pi_0.
# Minimal pi_zero = 0.972963
#   Estimated pi_0=0.985412
Using motif +HNRNPA1_664 of width 6.
Finding best site passing the output threshold in each of the 1541 sequences.
Found a best site in 445 sequences.
Computing q-values.
# Computing q-values.
#   Estimating pi_0 from a uniformly sampled set of 10000 p-values.
#   Estimating pi_0.
# Minimal pi_zero = 1.0001
#   Estimated pi_0=1
Using motif +TARDBP_1282 of width 10.
Finding best site passing the output threshold in each of the 1541 sequences.
Found a best site in 634 sequences.
Computing q-values.
# Computing q-values.
#   Estimating pi_0 from a uniformly sampled set of 10000 p-values.
#   Estimating pi_0.
# Minimal pi_zero = 0.982692
#   Estimated pi_0=0.990306
Using motif +HNRNPA1_696 of width 6.
Finding best site passing the output threshold in each of the 1541 sequences.
Found a best site in 266 sequences.
Computing q-values.
# Computing q-values.
#   Estimating pi_0 from a uniformly sampled set of 10000 p-values.
#   Estimating pi_0.
# Minimal pi_zero = 1.00131
#   Estimated pi_0=1
Using motif +PTBP1_1018 of width 7.
Finding best site passing the output threshold in each of the 1541 sequences.
Found a best site in 677 sequences.
Computing q-values.
# Computing q-values.
#   Estimating pi_0 from a uniformly sampled set of 10000 p-values.
#   Estimating pi_0.
# Minimal pi_zero = 0.92406
#   Estimated pi_0=0.933829
Using motif +PTBP1_11 of width 4.
Finding best site passing the output threshold in each of the 1541 sequences.
Found a best site in 0 sequences.
Computing q-values.
Using motif +PTBP1_1002 of width 8.
Finding best site passing the output threshold in each of the 1541 sequences.
Found a best site in 740 sequences.
Computing q-values.
# Computing q-values.
#   Estimating pi_0 from a uniformly sampled set of 10000 p-values.
#   Estimating pi_0.
# Minimal pi_zero = 0.977079
#   Estimated pi_0=0.977079
Using motif +NUDT21_420 of width 5.
Finding best site passing the output threshold in each of the 1541 sequences.
Found a best site in 0 sequences.
Computing q-values.
Using motif +SRSF1_M104_0.6 of width 7.
Finding best site passing the output threshold in each of the 1541 sequences.
Found a best site in 616 sequences.
Computing q-values.
# Computing q-values.
#   Estimating pi_0 from a uniformly sampled set of 10000 p-values.
#   Estimating pi_0.
# Minimal pi_zero = 0.998894
#   Estimated pi_0=0.998894
Using motif +NOVA2_179 of width 4.
Finding best site passing the output threshold in each of the 1541 sequences.
Found a best site in 0 sequences.
Computing q-values.
Using motif +ELAVL1_1108 of width 7.
Finding best site passing the output threshold in each of the 1541 sequences.
Found a best site in 677 sequences.
Computing q-values.
# Computing q-values.
#   Estimating pi_0 from a uniformly sampled set of 10000 p-values.
#   Estimating pi_0.
# Minimal pi_zero = 0.902556
#   Estimated pi_0=0.919529
Using motif +SRSF1_M103_0.6 of width 7.
Finding best site passing the output threshold in each of the 1541 sequences.
Found a best site in 671 sequences.
Computing q-values.
# Computing q-values.
#   Estimating pi_0 from a uniformly sampled set of 10000 p-values.
#   Estimating pi_0.
# Minimal pi_zero = 0.996465
#   Estimated pi_0=0.997487
Using motif +SRSF1_126 of width 7.
Finding best site passing the output threshold in each of the 1541 sequences.
Found a best site in 487 sequences.
Computing q-values.
# Computing q-values.
#   Estimating pi_0 from a uniformly sampled set of 10000 p-values.
#   Estimating pi_0.
# Minimal pi_zero = 0.999899
#   Estimated pi_0=0.999899
Using motif +PTBP1_539 of width 5.
Finding best site passing the output threshold in each of the 1541 sequences.
Found a best site in 855 sequences.
Computing q-values.
# Computing q-values.
#   Estimating pi_0 from a uniformly sampled set of 10000 p-values.
#   Estimating pi_0.
# Minimal pi_zero = 0.970503
#   Estimated pi_0=0.970503
Using motif +ELAVL1_161 of width 12.
Finding best site passing the output threshold in each of the 1541 sequences.
Found a best site in 802 sequences.
Computing q-values.
# Computing q-values.
#   Estimating pi_0 from a uniformly sampled set of 10000 p-values.
#   Estimating pi_0.
# Minimal pi_zero = 0.932793
#   Estimated pi_0=0.938868
Using motif +QKI_1139 of width 5.
Finding best site passing the output threshold in each of the 1541 sequences.
Found a best site in 0 sequences.
Computing q-values.
Using motif +HNRNPA2B1_702 of width 6.
Finding best site passing the output threshold in each of the 1541 sequences.
Found a best site in 415 sequences.
Computing q-values.
# Computing q-values.
#   Estimating pi_0 from a uniformly sampled set of 10000 p-values.
#   Estimating pi_0.
# Minimal pi_zero = 0.964356
#   Estimated pi_0=0.982293
Using motif +HNRNPA2B1_703 of width 11.
Finding best site passing the output threshold in each of the 1541 sequences.
Found a best site in 628 sequences.
Computing q-values.
# Computing q-values.
#   Estimating pi_0 from a uniformly sampled set of 10000 p-values.
#   Estimating pi_0.
# Minimal pi_zero = 0.998794
#   Estimated pi_0=0.998794
Using motif +HNRNPA2B1_699 of width 6.
Finding best site passing the output threshold in each of the 1541 sequences.
Found a best site in 278 sequences.
Computing q-values.
# Computing q-values.
#   Estimating pi_0 from a uniformly sampled set of 10000 p-values.
#   Estimating pi_0.
# Minimal pi_zero = 0.998848
#   Estimated pi_0=1
Using motif +PTBP1_165 of width 4.
Finding best site passing the output threshold in each of the 1541 sequences.
Found a best site in 0 sequences.
Computing q-values.
Using motif +NOVA2_s95 of width 7.
Finding best site passing the output threshold in each of the 1541 sequences.
Found a best site in 677 sequences.
Computing q-values.
# Computing q-values.
#   Estimating pi_0 from a uniformly sampled set of 10000 p-values.
#   Estimating pi_0.
# Minimal pi_zero = 0.913083
#   Estimated pi_0=0.925399
Using motif +HNRNPA1_657 of width 6.
Finding best site passing the output threshold in each of the 1541 sequences.
Found a best site in 130 sequences.
Computing q-values.
# Computing q-values.
#   Estimating pi_0 from a uniformly sampled set of 10000 p-values.
#   Estimating pi_0.
# Minimal pi_zero = 1.00306
#   Estimated pi_0=1
Using motif +PTBP1_1008 of width 6.
Finding best site passing the output threshold in each of the 1541 sequences.
Found a best site in 731 sequences.
Computing q-values.
# Computing q-values.
#   Estimating pi_0 from a uniformly sampled set of 10000 p-values.
#   Estimating pi_0.
# Minimal pi_zero = 0.965
#   Estimated pi_0=0.968402
Using motif +NOVA1_s27 of width 6.
Finding best site passing the output threshold in each of the 1541 sequences.
Found a best site in 569 sequences.
Computing q-values.
# Computing q-values.
#   Estimating pi_0 from a uniformly sampled set of 10000 p-values.
#   Estimating pi_0.
# Minimal pi_zero = 0.996552
#   Estimated pi_0=0.999596
Using motif +NOVA1_s94 of width 12.
Finding best site passing the output threshold in each of the 1541 sequences.
Found a best site in 686 sequences.
Computing q-values.
# Computing q-values.
#   Estimating pi_0 from a uniformly sampled set of 10000 p-values.
#   Estimating pi_0.
# Minimal pi_zero = 0.952131
#   Estimated pi_0=0.960982
Using motif +FUS_1060 of width 7.
Finding best site passing the output threshold in each of the 1541 sequences.
Found a best site in 415 sequences.
Computing q-values.
# Computing q-values.
#   Estimating pi_0 from a uniformly sampled set of 10000 p-values.
#   Estimating pi_0.
# Minimal pi_zero = 0.995657
#   Estimated pi_0=0.995657
Using motif +HNRNPA1_646 of width 6.
Finding best site passing the output threshold in each of the 1541 sequences.
Found a best site in 355 sequences.
Computing q-values.
# Computing q-values.
#   Estimating pi_0 from a uniformly sampled set of 10000 p-values.
#   Estimating pi_0.
# Minimal pi_zero = 0.978616
#   Estimated pi_0=0.988737
Using motif +SRSF1_1215 of width 9.
Finding best site passing the output threshold in each of the 1541 sequences.
Found a best site in 678 sequences.
Computing q-values.
# Computing q-values.
#   Estimating pi_0 from a uniformly sampled set of 10000 p-values.
#   Estimating pi_0.
# Minimal pi_zero = 0.978012
#   Estimated pi_0=0.981925
Using motif +SRSF1_s48 of width 7.
Finding best site passing the output threshold in each of the 1541 sequences.
Found a best site in 181 sequences.
Computing q-values.
# Computing q-values.
#   Estimating pi_0 from a uniformly sampled set of 10000 p-values.
#   Estimating pi_0.
# Minimal pi_zero = 1.00131
#   Estimated pi_0=1
Using motif +NOVA2_492 of width 7.
Finding best site passing the output threshold in each of the 1541 sequences.
Found a best site in 475 sequences.
Computing q-values.
# Computing q-values.
#   Estimating pi_0 from a uniformly sampled set of 10000 p-values.
#   Estimating pi_0.
# Minimal pi_zero = 1.00171
#   Estimated pi_0=1
Using motif +HNRNPA1_695 of width 6.
Finding best site passing the output threshold in each of the 1541 sequences.
Found a best site in 371 sequences.
Computing q-values.
# Computing q-values.
#   Estimating pi_0 from a uniformly sampled set of 10000 p-values.
#   Estimating pi_0.
# Minimal pi_zero = 0.96495
#   Estimated pi_0=0.98051
Using motif +FUS_1059 of width 7.
Finding best site passing the output threshold in each of the 1541 sequences.
Found a best site in 415 sequences.
Computing q-values.
# Computing q-values.
#   Estimating pi_0 from a uniformly sampled set of 10000 p-values.
#   Estimating pi_0.
# Minimal pi_zero = 0.993862
#   Estimated pi_0=0.995758
Using motif +HNRNPA1_659 of width 10.
Finding best site passing the output threshold in each of the 1541 sequences.
Found a best site in 592 sequences.
Computing q-values.
# Computing q-values.
#   Estimating pi_0 from a uniformly sampled set of 10000 p-values.
#   Estimating pi_0.
# Minimal pi_zero = 0.999086
#   Estimated pi_0=0.999598
Using motif +HNRNPA1_643 of width 6.
Finding best site passing the output threshold in each of the 1541 sequences.
Found a best site in 321 sequences.
Computing q-values.
# Computing q-values.
#   Estimating pi_0 from a uniformly sampled set of 10000 p-values.
#   Estimating pi_0.
# Minimal pi_zero = 1.0008
#   Estimated pi_0=1
Using motif +ELAVL1_512 of width 4.
Finding best site passing the output threshold in each of the 1541 sequences.
Found a best site in 0 sequences.
Computing q-values.
Using motif +PTBP1_1012 of width 11.
Finding best site passing the output threshold in each of the 1541 sequences.
Found a best site in 885 sequences.
Computing q-values.
# Computing q-values.
#   Estimating pi_0 from a uniformly sampled set of 10000 p-values.
#   Estimating pi_0.
# Minimal pi_zero = 0.920576
#   Estimated pi_0=0.924857
Using motif +PTBP1_1001 of width 6.
Finding best site passing the output threshold in each of the 1541 sequences.
Found a best site in 355 sequences.
Computing q-values.
# Computing q-values.
#   Estimating pi_0 from a uniformly sampled set of 10000 p-values.
#   Estimating pi_0.
# Minimal pi_zero = 0.965818
#   Estimated pi_0=0.969524
Using motif +PABPN1_M148_0.6 of width 7.
Finding best site passing the output threshold in each of the 1541 sequences.
Found a best site in 762 sequences.
Computing q-values.
# Computing q-values.
#   Estimating pi_0 from a uniformly sampled set of 10000 p-values.
#   Estimating pi_0.
# Minimal pi_zero = 0.96497
#   Estimated pi_0=0.968902
Using motif +PTBP1_991 of width 7.
Finding best site passing the output threshold in each of the 1541 sequences.
Found a best site in 911 sequences.
Computing q-values.
# Computing q-values.
#   Estimating pi_0 from a uniformly sampled set of 10000 p-values.
#   Estimating pi_0.
# Minimal pi_zero = 0.938519
#   Estimated pi_0=0.948508
Using motif +KHDRBS1_1156 of width 6.
Finding best site passing the output threshold in each of the 1541 sequences.
Found a best site in 579 sequences.
Computing q-values.
# Computing q-values.
#   Estimating pi_0 from a uniformly sampled set of 10000 p-values.
#   Estimating pi_0.
# Minimal pi_zero = 0.972484
#   Estimated pi_0=0.986349
Using motif +ELAVL1_M232_0.6 of width 7.
Finding best site passing the output threshold in each of the 1541 sequences.
Found a best site in 751 sequences.
Computing q-values.
# Computing q-values.
#   Estimating pi_0 from a uniformly sampled set of 10000 p-values.
#   Estimating pi_0.
# Minimal pi_zero = 0.941176
#   Estimated pi_0=0.947816
Using motif +HNRNPA2B1_697 of width 10.
Finding best site passing the output threshold in each of the 1541 sequences.
Found a best site in 513 sequences.
Computing q-values.
# Computing q-values.
#   Estimating pi_0 from a uniformly sampled set of 10000 p-values.
#   Estimating pi_0.
# Minimal pi_zero = 0.985743
#   Estimated pi_0=0.999899
Using motif +TARDBP_1280 of width 12.
Finding best site passing the output threshold in each of the 1541 sequences.
Found a best site in 638 sequences.
Computing q-values.
# Computing q-values.
#   Estimating pi_0 from a uniformly sampled set of 10000 p-values.
#   Estimating pi_0.
# Minimal pi_zero = 0.969822
#   Estimated pi_0=0.969822
Using motif +HNRNPA1_658 of width 6.
Finding best site passing the output threshold in each of the 1541 sequences.
Found a best site in 532 sequences.
Computing q-values.
# Computing q-values.
#   Estimating pi_0 from a uniformly sampled set of 10000 p-values.
#   Estimating pi_0.
# Minimal pi_zero = 1.00031
#   Estimated pi_0=1
Using motif +SRSF1_M351_0.6 of width 10.
Finding best site passing the output threshold in each of the 1541 sequences.
Found a best site in 637 sequences.
Computing q-values.
# Computing q-values.
#   Estimating pi_0 from a uniformly sampled set of 10000 p-values.
#   Estimating pi_0.
# Minimal pi_zero = 0.990899
#   Estimated pi_0=0.993807
Using motif +TARDBP_541 of width 8.
Finding best site passing the output threshold in each of the 1541 sequences.
Found a best site in 587 sequences.
Computing q-values.
# Computing q-values.
#   Estimating pi_0 from a uniformly sampled set of 10000 p-values.
#   Estimating pi_0.
# Minimal pi_zero = 0.98687
#   Estimated pi_0=0.998384
Using motif +HNRNPA1_662 of width 6.
Finding best site passing the output threshold in each of the 1541 sequences.
Found a best site in 278 sequences.
Computing q-values.
# Computing q-values.
#   Estimating pi_0 from a uniformly sampled set of 10000 p-values.
#   Estimating pi_0.
# Minimal pi_zero = 0.994241
#   Estimated pi_0=0.996985
Using motif +HNRNPA2B1_704 of width 11.
Finding best site passing the output threshold in each of the 1541 sequences.
Found a best site in 585 sequences.
Computing q-values.
# Computing q-values.
#   Estimating pi_0 from a uniformly sampled set of 10000 p-values.
#   Estimating pi_0.
# Minimal pi_zero = 0.998788
#   Estimated pi_0=0.998995
Using motif +SRSF1_1240 of width 7.
Finding best site passing the output threshold in each of the 1541 sequences.
Found a best site in 229 sequences.
Computing q-values.
# Computing q-values.
#   Estimating pi_0 from a uniformly sampled set of 10000 p-values.
#   Estimating pi_0.
# Minimal pi_zero = 1.00241
#   Estimated pi_0=1
Using motif +PTBP1_992 of width 6.
Finding best site passing the output threshold in each of the 1541 sequences.
Found a best site in 701 sequences.
Computing q-values.
# Computing q-values.
#   Estimating pi_0 from a uniformly sampled set of 10000 p-values.
#   Estimating pi_0.
# Minimal pi_zero = 0.966946
#   Estimated pi_0=0.966946
Using motif +PTBP1_996 of width 8.
Finding best site passing the output threshold in each of the 1541 sequences.
Found a best site in 756 sequences.
Computing q-values.
# Computing q-values.
#   Estimating pi_0 from a uniformly sampled set of 10000 p-values.
#   Estimating pi_0.
# Minimal pi_zero = 0.983222
#   Estimated pi_0=0.989534
Using motif +NOVA1_1130 of width 5.
Finding best site passing the output threshold in each of the 1541 sequences.
Found a best site in 0 sequences.
Computing q-values.
Using motif +PTBP1_1023 of width 8.
Finding best site passing the output threshold in each of the 1541 sequences.
Found a best site in 762 sequences.
Computing q-values.
# Computing q-values.
#   Estimating pi_0 from a uniformly sampled set of 10000 p-values.
#   Estimating pi_0.
# Minimal pi_zero = 0.956593
#   Estimated pi_0=0.961818
Using motif +NOVA2_s96 of width 7.
Finding best site passing the output threshold in each of the 1541 sequences.
Found a best site in 415 sequences.
Computing q-values.
# Computing q-values.
#   Estimating pi_0 from a uniformly sampled set of 10000 p-values.
#   Estimating pi_0.
# Minimal pi_zero = 0.991429
#   Estimated pi_0=0.993636
Using motif +NUDT21_575 of width 5.
Finding best site passing the output threshold in each of the 1541 sequences.
Found a best site in 0 sequences.
Computing q-values.
Using motif +HNRNPA2B1_M024_0.6 of width 7.
Finding best site passing the output threshold in each of the 1541 sequences.
Found a best site in 547 sequences.
Computing q-values.
# Computing q-values.
#   Estimating pi_0 from a uniformly sampled set of 10000 p-values.
#   Estimating pi_0.
# Minimal pi_zero = 0.995426
#   Estimated pi_0=0.999698
Using motif +HNRNPA1_683 of width 7.
Finding best site passing the output threshold in each of the 1541 sequences.
Found a best site in 677 sequences.
Computing q-values.
# Computing q-values.
#   Estimating pi_0 from a uniformly sampled set of 10000 p-values.
#   Estimating pi_0.
# Minimal pi_zero = 0.917143
#   Estimated pi_0=0.925371
Using motif +HNRNPA1_656 of width 6.
Finding best site passing the output threshold in each of the 1541 sequences.
Found a best site in 152 sequences.
Computing q-values.
# Computing q-values.
#   Estimating pi_0 from a uniformly sampled set of 10000 p-values.
#   Estimating pi_0.
# Minimal pi_zero = 1.00161
#   Estimated pi_0=1
Using motif +TARDBP_1277 of width 7.
Finding best site passing the output threshold in each of the 1541 sequences.
Found a best site in 500 sequences.
Computing q-values.
# Computing q-values.
#   Estimating pi_0 from a uniformly sampled set of 10000 p-values.
#   Estimating pi_0.
# Minimal pi_zero = 0.980566
#   Estimated pi_0=0.991844
Using motif +SRSF1_1236 of width 7.
Finding best site passing the output threshold in each of the 1541 sequences.
Found a best site in 446 sequences.
Computing q-values.
# Computing q-values.
#   Estimating pi_0 from a uniformly sampled set of 10000 p-values.
#   Estimating pi_0.
# Minimal pi_zero = 0.999798
#   Estimated pi_0=1
Using motif +PTBP1_1006 of width 6.
Finding best site passing the output threshold in each of the 1541 sequences.
Found a best site in 731 sequences.
Computing q-values.
# Computing q-values.
#   Estimating pi_0 from a uniformly sampled set of 10000 p-values.
#   Estimating pi_0.
# Minimal pi_zero = 0.955689
#   Estimated pi_0=0.955689
Using motif +MBNL1_1121 of width 6.
Finding best site passing the output threshold in each of the 1541 sequences.
Found a best site in 175 sequences.
Computing q-values.
# Computing q-values.
#   Estimating pi_0 from a uniformly sampled set of 10000 p-values.
#   Estimating pi_0.
# Minimal pi_zero = 0.96
#   Estimated pi_0=0.96
Using motif +HNRNPA1_183 of width 11.
Finding best site passing the output threshold in each of the 1541 sequences.
Found a best site in 635 sequences.
Computing q-values.
# Computing q-values.
#   Estimating pi_0 from a uniformly sampled set of 10000 p-values.
#   Estimating pi_0.
# Minimal pi_zero = 0.995959
#   Estimated pi_0=0.998894
Using motif +PTBP1_71 of width 8.
Finding best site passing the output threshold in each of the 1541 sequences.
Found a best site in 762 sequences.
Computing q-values.
# Computing q-values.
#   Estimating pi_0 from a uniformly sampled set of 10000 p-values.
#   Estimating pi_0.
# Minimal pi_zero = 0.951556
#   Estimated pi_0=0.962386
Using motif +NOVA1_459 of width 5.
Finding best site passing the output threshold in each of the 1541 sequences.
Found a best site in 533 sequences.
Computing q-values.
# Computing q-values.
#   Estimating pi_0 from a uniformly sampled set of 10000 p-values.
#   Estimating pi_0.
# Minimal pi_zero = 0.995082
#   Estimated pi_0=0.999296
Using motif +SRSF1_1231 of width 8.
Finding best site passing the output threshold in each of the 1541 sequences.
Found a best site in 590 sequences.
Computing q-values.
# Computing q-values.
#   Estimating pi_0 from a uniformly sampled set of 10000 p-values.
#   Estimating pi_0.
# Minimal pi_zero = 0.994592
#   Estimated pi_0=0.99809
Using motif +SRSF1_1220 of width 6.
Finding best site passing the output threshold in each of the 1541 sequences.
Found a best site in 486 sequences.
Computing q-values.
# Computing q-values.
#   Estimating pi_0 from a uniformly sampled set of 10000 p-values.
#   Estimating pi_0.
# Minimal pi_zero = 1.00111
#   Estimated pi_0=1
Using motif +KHDRBS1_s33 of width 6.
Finding best site passing the output threshold in each of the 1541 sequences.
Found a best site in 503 sequences.
Computing q-values.
# Computing q-values.
#   Estimating pi_0 from a uniformly sampled set of 10000 p-values.
#   Estimating pi_0.
# Minimal pi_zero = 0.941308
#   Estimated pi_0=0.941964
Using motif +SRSF1_375 of width 8.
Finding best site passing the output threshold in each of the 1541 sequences.
Found a best site in 587 sequences.
Computing q-values.
# Computing q-values.
#   Estimating pi_0 from a uniformly sampled set of 10000 p-values.
#   Estimating pi_0.
# Minimal pi_zero = 0.995227
#   Estimated pi_0=0.999799
Using motif +PTBP1_995 of width 12.
Finding best site passing the output threshold in each of the 1541 sequences.
Found a best site in 725 sequences.
Computing q-values.
# Computing q-values.
#   Estimating pi_0 from a uniformly sampled set of 10000 p-values.
#   Estimating pi_0.
# Minimal pi_zero = 0.944882
#   Estimated pi_0=0.952651
Using motif +PTBP1_997 of width 6.
Finding best site passing the output threshold in each of the 1541 sequences.
Found a best site in 549 sequences.
Computing q-values.
# Computing q-values.
#   Estimating pi_0 from a uniformly sampled set of 10000 p-values.
#   Estimating pi_0.
# Minimal pi_zero = 0.93451
#   Estimated pi_0=0.948148
Using motif +ELAVL1_84 of width 11.
Finding best site passing the output threshold in each of the 1541 sequences.
Found a best site in 830 sequences.
Computing q-values.
# Computing q-values.
#   Estimating pi_0 from a uniformly sampled set of 10000 p-values.
#   Estimating pi_0.
# Minimal pi_zero = 0.922521
#   Estimated pi_0=0.935595
Using motif +SRSF1_s22 of width 10.
Finding best site passing the output threshold in each of the 1541 sequences.
Found a best site in 607 sequences.
Computing q-values.
# Computing q-values.
#   Estimating pi_0 from a uniformly sampled set of 10000 p-values.
#   Estimating pi_0.
# Minimal pi_zero = 0.994254
#   Estimated pi_0=0.997576
Using motif +PTBP1_1022 of width 8.
Finding best site passing the output threshold in each of the 1541 sequences.
Found a best site in 738 sequences.
Computing q-values.
# Computing q-values.
#   Estimating pi_0 from a uniformly sampled set of 10000 p-values.
#   Estimating pi_0.
# Minimal pi_zero = 0.970725
#   Estimated pi_0=0.977303
Using motif +PTBP1_133 of width 6.
Finding best site passing the output threshold in each of the 1541 sequences.
Found a best site in 731 sequences.
Computing q-values.
# Computing q-values.
#   Estimating pi_0 from a uniformly sampled set of 10000 p-values.
#   Estimating pi_0.
# Minimal pi_zero = 0.971497
#   Estimated pi_0=0.979661
Using motif +HNRNPA1_648 of width 6.
Finding best site passing the output threshold in each of the 1541 sequences.
Found a best site in 539 sequences.
Computing q-values.
# Computing q-values.
#   Estimating pi_0 from a uniformly sampled set of 10000 p-values.
#   Estimating pi_0.
# Minimal pi_zero = 0.997487
#   Estimated pi_0=0.997487
Using motif +SRSF1_1238 of width 7.
Finding best site passing the output threshold in each of the 1541 sequences.
Found a best site in 392 sequences.
Computing q-values.
# Computing q-values.
#   Estimating pi_0 from a uniformly sampled set of 10000 p-values.
#   Estimating pi_0.
# Minimal pi_zero = 1.00111
#   Estimated pi_0=1
Using motif +QKI_352 of width 6.
Finding best site passing the output threshold in each of the 1541 sequences.
Found a best site in 519 sequences.
Computing q-values.
# Computing q-values.
#   Estimating pi_0 from a uniformly sampled set of 10000 p-values.
#   Estimating pi_0.
# Minimal pi_zero = 0.967647
#   Estimated pi_0=0.967647
Using motif +HNRNPA1_645 of width 7.
Finding best site passing the output threshold in each of the 1541 sequences.
Found a best site in 440 sequences.
Computing q-values.
# Computing q-values.
#   Estimating pi_0 from a uniformly sampled set of 10000 p-values.
#   Estimating pi_0.
# Minimal pi_zero = 0.98137
#   Estimated pi_0=0.996831
Using motif +HNRNPA1_654 of width 5.
Finding best site passing the output threshold in each of the 1541 sequences.
Found a best site in 0 sequences.
Computing q-values.
Using motif +HNRNPA1_688 of width 10.
Finding best site passing the output threshold in each of the 1541 sequences.
Found a best site in 428 sequences.
Computing q-values.
# Computing q-values.
#   Estimating pi_0 from a uniformly sampled set of 10000 p-values.
#   Estimating pi_0.
# Minimal pi_zero = 1.00091
#   Estimated pi_0=1
Using motif +PTBP1_M227_0.6 of width 7.
Finding best site passing the output threshold in each of the 1541 sequences.
Found a best site in 871 sequences.
Computing q-values.
# Computing q-values.
#   Estimating pi_0 from a uniformly sampled set of 10000 p-values.
#   Estimating pi_0.
# Minimal pi_zero = 0.918065
#   Estimated pi_0=0.930658
Using motif +PTBP1_994 of width 9.
Finding best site passing the output threshold in each of the 1541 sequences.
Found a best site in 765 sequences.
Computing q-values.
# Computing q-values.
#   Estimating pi_0 from a uniformly sampled set of 10000 p-values.
#   Estimating pi_0.
# Minimal pi_zero = 0.97
#   Estimated pi_0=0.975238
Using motif +NOVA2_1133 of width 5.
Finding best site passing the output threshold in each of the 1541 sequences.
Found a best site in 0 sequences.
Computing q-values.
Using motif +SRSF1_s50 of width 7.
Finding best site passing the output threshold in each of the 1541 sequences.
Found a best site in 510 sequences.
Computing q-values.
# Computing q-values.
#   Estimating pi_0 from a uniformly sampled set of 10000 p-values.
#   Estimating pi_0.
# Minimal pi_zero = 1.0008
#   Estimated pi_0=1
Using motif +PTBP1_1015 of width 7.
Finding best site passing the output threshold in each of the 1541 sequences.
Found a best site in 677 sequences.
Computing q-values.
# Computing q-values.
#   Estimating pi_0 from a uniformly sampled set of 10000 p-values.
#   Estimating pi_0.
# Minimal pi_zero = 0.913233
#   Estimated pi_0=0.928353
Using motif +PTBP1_1016 of width 7.
Finding best site passing the output threshold in each of the 1541 sequences.
Found a best site in 461 sequences.
Computing q-values.
# Computing q-values.
#   Estimating pi_0 from a uniformly sampled set of 10000 p-values.
#   Estimating pi_0.
# Minimal pi_zero = 0.982632
#   Estimated pi_0=0.982632
Using motif +SRSF1_1230 of width 10.
Finding best site passing the output threshold in each of the 1541 sequences.
Found a best site in 775 sequences.
Computing q-values.
# Computing q-values.
#   Estimating pi_0 from a uniformly sampled set of 10000 p-values.
#   Estimating pi_0.
# Minimal pi_zero = 0.984556
#   Estimated pi_0=0.990515
Using motif +TARDBP_178 of width 12.
Finding best site passing the output threshold in each of the 1541 sequences.
Found a best site in 638 sequences.
Computing q-values.
# Computing q-values.
#   Estimating pi_0 from a uniformly sampled set of 10000 p-values.
#   Estimating pi_0.
# Minimal pi_zero = 0.967929
#   Estimated pi_0=0.97734
Using motif +NOVA1_1127 of width 7.
Finding best site passing the output threshold in each of the 1541 sequences.
Found a best site in 461 sequences.
Computing q-values.
# Computing q-values.
#   Estimating pi_0 from a uniformly sampled set of 10000 p-values.
#   Estimating pi_0.
# Minimal pi_zero = 0.981789
#   Estimated pi_0=0.981789
Using motif +MBNL1_1122 of width 10.
Finding best site passing the output threshold in each of the 1541 sequences.
Found a best site in 746 sequences.
Computing q-values.
# Computing q-values.
#   Estimating pi_0 from a uniformly sampled set of 10000 p-values.
#   Estimating pi_0.
# Minimal pi_zero = 0.966323
#   Estimated pi_0=0.974565
Using motif +TARDBP_1279 of width 6.
Finding best site passing the output threshold in each of the 1541 sequences.
Found a best site in 477 sequences.
Computing q-values.
# Computing q-values.
#   Estimating pi_0 from a uniformly sampled set of 10000 p-values.
#   Estimating pi_0.
# Minimal pi_zero = 0.982754
#   Estimated pi_0=0.991031
Using motif +HNRNPA1_642 of width 6.
Finding best site passing the output threshold in each of the 1541 sequences.
Found a best site in 265 sequences.
Computing q-values.
# Computing q-values.
#   Estimating pi_0 from a uniformly sampled set of 10000 p-values.
#   Estimating pi_0.
# Minimal pi_zero = 0.973137
#   Estimated pi_0=0.988466
Using motif +HNRNPA2B1_700 of width 6.
Finding best site passing the output threshold in each of the 1541 sequences.
Found a best site in 278 sequences.
Computing q-values.
# Computing q-values.
#   Estimating pi_0 from a uniformly sampled set of 10000 p-values.
#   Estimating pi_0.
# Minimal pi_zero = 0.98902
#   Estimated pi_0=0.999598
Using motif +ZFP36_128 of width 5.
Finding best site passing the output threshold in each of the 1541 sequences.
Found a best site in 0 sequences.
Computing q-values.
Using motif +SRSF1_1228 of width 7.
Finding best site passing the output threshold in each of the 1541 sequences.
Found a best site in 629 sequences.
Computing q-values.
# Computing q-values.
#   Estimating pi_0 from a uniformly sampled set of 10000 p-values.
#   Estimating pi_0.
# Minimal pi_zero = 0.987065
#   Estimated pi_0=0.994619
Using motif +ELAVL1_476 of width 5.
Finding best site passing the output threshold in each of the 1541 sequences.
Found a best site in 0 sequences.
Computing q-values.
Using motif +SRSF1_1225 of width 8.
Finding best site passing the output threshold in each of the 1541 sequences.
Found a best site in 664 sequences.
Computing q-values.
# Computing q-values.
#   Estimating pi_0 from a uniformly sampled set of 10000 p-values.
#   Estimating pi_0.
# Minimal pi_zero = 0.989595
#   Estimated pi_0=0.994093
Using motif +HNRNPA1_674 of width 10.
Finding best site passing the output threshold in each of the 1541 sequences.
Found a best site in 505 sequences.
Computing q-values.
# Computing q-values.
#   Estimating pi_0 from a uniformly sampled set of 10000 p-values.
#   Estimating pi_0.
# Minimal pi_zero = 0.9726
#   Estimated pi_0=0.980136
Using motif +MBNL1_1124 of width 9.
Finding best site passing the output threshold in each of the 1541 sequences.
Found a best site in 314 sequences.
Computing q-values.
# Computing q-values.
#   Estimating pi_0 from a uniformly sampled set of 10000 p-values.
#   Estimating pi_0.
# Minimal pi_zero = 1.00121
#   Estimated pi_0=1
Using motif +HNRNPA1_689 of width 6.
Finding best site passing the output threshold in each of the 1541 sequences.
Found a best site in 265 sequences.
Computing q-values.
# Computing q-values.
#   Estimating pi_0 from a uniformly sampled set of 10000 p-values.
#   Estimating pi_0.
# Minimal pi_zero = 0.991765
#   Estimated pi_0=1
Using motif +PTBP1_117 of width 5.
Finding best site passing the output threshold in each of the 1541 sequences.
Found a best site in 855 sequences.
Computing q-values.
# Computing q-values.
#   Estimating pi_0 from a uniformly sampled set of 10000 p-values.
#   Estimating pi_0.
# Minimal pi_zero = 0.968492
#   Estimated pi_0=0.968492
Using motif +SRSF1_1217 of width 11.
Finding best site passing the output threshold in each of the 1541 sequences.
Found a best site in 367 sequences.
Computing q-values.
# Computing q-values.
#   Estimating pi_0 from a uniformly sampled set of 10000 p-values.
#   Estimating pi_0.
# Minimal pi_zero = 0.982617
#   Estimated pi_0=1
Using motif +HNRNPA1_680 of width 6.
Finding best site passing the output threshold in each of the 1541 sequences.
Found a best site in 265 sequences.
Computing q-values.
# Computing q-values.
#   Estimating pi_0 from a uniformly sampled set of 10000 p-values.
#   Estimating pi_0.
# Minimal pi_zero = 0.98902
#   Estimated pi_0=1
Using motif +ZFP36_M350_0.6 of width 9.
Finding best site passing the output threshold in each of the 1541 sequences.
Found a best site in 720 sequences.
Computing q-values.
# Computing q-values.
#   Estimating pi_0 from a uniformly sampled set of 10000 p-values.
#   Estimating pi_0.
# Minimal pi_zero = 0.918812
#   Estimated pi_0=0.934925
Using motif +NOVA2_564 of width 11.
Finding best site passing the output threshold in each of the 1541 sequences.
Found a best site in 573 sequences.
Computing q-values.
# Computing q-values.
#   Estimating pi_0 from a uniformly sampled set of 10000 p-values.
#   Estimating pi_0.
# Minimal pi_zero = 0.997592
#   Estimated pi_0=0.999899
Using motif +ELAVL1_s101 of width 7.
Finding best site passing the output threshold in each of the 1541 sequences.
Found a best site in 867 sequences.
Computing q-values.
# Computing q-values.
#   Estimating pi_0 from a uniformly sampled set of 10000 p-values.
#   Estimating pi_0.
# Minimal pi_zero = 0.917444
#   Estimated pi_0=0.91791
Using motif +ELAVL1_M031_0.6 of width 7.
Finding best site passing the output threshold in each of the 1541 sequences.
Found a best site in 801 sequences.
Computing q-values.
# Computing q-values.
#   Estimating pi_0 from a uniformly sampled set of 10000 p-values.
#   Estimating pi_0.
# Minimal pi_zero = 0.934038
#   Estimated pi_0=0.936732
Using motif +KHDRBS1_1158 of width 7.
Finding best site passing the output threshold in each of the 1541 sequences.
Found a best site in 677 sequences.
Computing q-values.
# Computing q-values.
#   Estimating pi_0 from a uniformly sampled set of 10000 p-values.
#   Estimating pi_0.
# Minimal pi_zero = 0.915038
#   Estimated pi_0=0.924686
Using motif +FUS_1058 of width 7.
Finding best site passing the output threshold in each of the 1541 sequences.
Found a best site in 641 sequences.
Computing q-values.
# Computing q-values.
#   Estimating pi_0 from a uniformly sampled set of 10000 p-values.
#   Estimating pi_0.
# Minimal pi_zero = 0.959636
#   Estimated pi_0=0.963911
Using motif +PTBP1_993 of width 8.
Finding best site passing the output threshold in each of the 1541 sequences.
Found a best site in 642 sequences.
Computing q-values.
# Computing q-values.
#   Estimating pi_0 from a uniformly sampled set of 10000 p-values.
#   Estimating pi_0.
# Minimal pi_zero = 0.992429
#   Estimated pi_0=0.995025
Using motif +QKI_1138 of width 6.
Finding best site passing the output threshold in each of the 1541 sequences.
Found a best site in 206 sequences.
Computing q-values.
# Computing q-values.
#   Estimating pi_0 from a uniformly sampled set of 10000 p-values.
#   Estimating pi_0.
# Minimal pi_zero = 0.9604
#   Estimated pi_0=0.9604
Using motif +HNRNPA1_675 of width 6.
Finding best site passing the output threshold in each of the 1541 sequences.
Found a best site in 278 sequences.
Computing q-values.
# Computing q-values.
#   Estimating pi_0 from a uniformly sampled set of 10000 p-values.
#   Estimating pi_0.
# Minimal pi_zero = 0.98396
#   Estimated pi_0=0.991358
Using motif +TARDBP_1281 of width 8.
Finding best site passing the output threshold in each of the 1541 sequences.
Found a best site in 670 sequences.
Computing q-values.
# Computing q-values.
#   Estimating pi_0 from a uniformly sampled set of 10000 p-values.
#   Estimating pi_0.
# Minimal pi_zero = 0.980339
#   Estimated pi_0=0.988923
Using motif +MBNL1_1125 of width 9.
Finding best site passing the output threshold in each of the 1541 sequences.
Found a best site in 601 sequences.
Computing q-values.
# Computing q-values.
#   Estimating pi_0 from a uniformly sampled set of 10000 p-values.
#   Estimating pi_0.
# Minimal pi_zero = 0.986829
#   Estimated pi_0=0.995497
Using motif +PTBP1_1021 of width 5.
Finding best site passing the output threshold in each of the 1541 sequences.
Found a best site in 855 sequences.
Computing q-values.
# Computing q-values.
#   Estimating pi_0 from a uniformly sampled set of 10000 p-values.
#   Estimating pi_0.
# Minimal pi_zero = 0.967598
#   Estimated pi_0=0.967598
Using motif +NOVA1_440 of width 7.
Finding best site passing the output threshold in each of the 1541 sequences.
Found a best site in 669 sequences.
Computing q-values.
# Computing q-values.
#   Estimating pi_0 from a uniformly sampled set of 10000 p-values.
#   Estimating pi_0.
# Minimal pi_zero = 0.995591
#   Estimated pi_0=0.998191
Using motif +SRSF1_167 of width 7.
Finding best site passing the output threshold in each of the 1541 sequences.
Found a best site in 134 sequences.
Computing q-values.
# Computing q-values.
#   Estimating pi_0 from a uniformly sampled set of 10000 p-values.
#   Estimating pi_0.
# Minimal pi_zero = 1.00211
#   Estimated pi_0=1
Using motif +HNRNPA1_639 of width 10.
Finding best site passing the output threshold in each of the 1541 sequences.
Found a best site in 290 sequences.
Computing q-values.
# Computing q-values.
#   Estimating pi_0 from a uniformly sampled set of 10000 p-values.
#   Estimating pi_0.
# Minimal pi_zero = 0.992885
#   Estimated pi_0=1
Using motif +HNRNPA2B1_707 of width 11.
Finding best site passing the output threshold in each of the 1541 sequences.
Found a best site in 486 sequences.
Computing q-values.
# Computing q-values.
#   Estimating pi_0 from a uniformly sampled set of 10000 p-values.
#   Estimating pi_0.
# Minimal pi_zero = 1
#   Estimated pi_0=1
Using motif +PTBP1_1019 of width 5.
Finding best site passing the output threshold in each of the 1541 sequences.
Found a best site in 775 sequences.
Computing q-values.
# Computing q-values.
#   Estimating pi_0 from a uniformly sampled set of 10000 p-values.
#   Estimating pi_0.
# Minimal pi_zero = 0.972913
#   Estimated pi_0=0.983704
Using motif +HNRNPA1_641 of width 6.
Finding best site passing the output threshold in each of the 1541 sequences.
Found a best site in 569 sequences.
Computing q-values.
# Computing q-values.
#   Estimating pi_0 from a uniformly sampled set of 10000 p-values.
#   Estimating pi_0.
# Minimal pi_zero = 0.993264
#   Estimated pi_0=0.997186
Using motif +HNRNPA2B1_708 of width 11.
Finding best site passing the output threshold in each of the 1541 sequences.
Found a best site in 635 sequences.
Computing q-values.
# Computing q-values.
#   Estimating pi_0 from a uniformly sampled set of 10000 p-values.
#   Estimating pi_0.
# Minimal pi_zero = 0.997041
#   Estimated pi_0=0.999497
Using motif +QKI_1142 of width 6.
Finding best site passing the output threshold in each of the 1541 sequences.
Found a best site in 234 sequences.
Computing q-values.
# Computing q-values.
#   Estimating pi_0 from a uniformly sampled set of 10000 p-values.
#   Estimating pi_0.
# Minimal pi_zero = 0.952
#   Estimated pi_0=0.952
Using motif +HNRNPA1_684 of width 7.
Finding best site passing the output threshold in each of the 1541 sequences.
Found a best site in 461 sequences.
Computing q-values.
# Computing q-values.
#   Estimating pi_0 from a uniformly sampled set of 10000 p-values.
#   Estimating pi_0.
# Minimal pi_zero = 0.986049
#   Estimated pi_0=0.987263
Using motif +PTBP1_999 of width 6.
Finding best site passing the output threshold in each of the 1541 sequences.
Found a best site in 355 sequences.
Computing q-values.
# Computing q-values.
#   Estimating pi_0 from a uniformly sampled set of 10000 p-values.
#   Estimating pi_0.
# Minimal pi_zero = 0.965781
#   Estimated pi_0=0.975843
Using motif +SRSF1_1232 of width 7.
Finding best site passing the output threshold in each of the 1541 sequences.
Found a best site in 498 sequences.
Computing q-values.
# Computing q-values.
#   Estimating pi_0 from a uniformly sampled set of 10000 p-values.
#   Estimating pi_0.
# Minimal pi_zero = 0.998492
#   Estimated pi_0=0.998492
Using motif +HNRNPA1_655 of width 8.
Finding best site passing the output threshold in each of the 1541 sequences.
Found a best site in 843 sequences.
Computing q-values.
# Computing q-values.
#   Estimating pi_0 from a uniformly sampled set of 10000 p-values.
#   Estimating pi_0.
# Minimal pi_zero = 0.92496
#   Estimated pi_0=0.937561
Using motif +NOVA2_s29 of width 7.
Finding best site passing the output threshold in each of the 1541 sequences.
Found a best site in 561 sequences.
Computing q-values.
# Computing q-values.
#   Estimating pi_0 from a uniformly sampled set of 10000 p-values.
#   Estimating pi_0.
# Minimal pi_zero = 0.994737
#   Estimated pi_0=0.998883
Using motif +TARDBP_1276 of width 7.
Finding best site passing the output threshold in each of the 1541 sequences.
Found a best site in 554 sequences.
Computing q-values.
# Computing q-values.
#   Estimating pi_0 from a uniformly sampled set of 10000 p-values.
#   Estimating pi_0.
# Minimal pi_zero = 0.972715
#   Estimated pi_0=0.986486
Using motif +HNRNPA1_678 of width 6.
Finding best site passing the output threshold in each of the 1541 sequences.
Found a best site in 356 sequences.
Computing q-values.
# Computing q-values.
#   Estimating pi_0 from a uniformly sampled set of 10000 p-values.
#   Estimating pi_0.
# Minimal pi_zero = 1.00151
#   Estimated pi_0=1
Using motif +PTBP1_105 of width 8.
Finding best site passing the output threshold in each of the 1541 sequences.
Found a best site in 738 sequences.
Computing q-values.
# Computing q-values.
#   Estimating pi_0 from a uniformly sampled set of 10000 p-values.
#   Estimating pi_0.
# Minimal pi_zero = 0.97029
#   Estimated pi_0=0.977627
Using motif +HNRNPA2B1_125 of width 11.
Finding best site passing the output threshold in each of the 1541 sequences.
Found a best site in 635 sequences.
Computing q-values.
# Computing q-values.
#   Estimating pi_0 from a uniformly sampled set of 10000 p-values.
#   Estimating pi_0.
# Minimal pi_zero = 0.996458
#   Estimated pi_0=0.998794
Using motif +TARDBP_M074_0.6 of width 8.
Finding best site passing the output threshold in each of the 1541 sequences.
Found a best site in 646 sequences.
Computing q-values.
# Computing q-values.
#   Estimating pi_0 from a uniformly sampled set of 10000 p-values.
#   Estimating pi_0.
# Minimal pi_zero = 0.990745
#   Estimated pi_0=0.994167
Using motif +NOVA2_s28 of width 6.
Finding best site passing the output threshold in each of the 1541 sequences.
Found a best site in 569 sequences.
Computing q-values.
# Computing q-values.
#   Estimating pi_0 from a uniformly sampled set of 10000 p-values.
#   Estimating pi_0.
# Minimal pi_zero = 0.998985
#   Estimated pi_0=0.999598
Using motif +PTBP1_1025 of width 6.
Finding best site passing the output threshold in each of the 1541 sequences.
Found a best site in 731 sequences.
Computing q-values.
# Computing q-values.
#   Estimating pi_0 from a uniformly sampled set of 10000 p-values.
#   Estimating pi_0.
# Minimal pi_zero = 0.961677
#   Estimated pi_0=0.962619
Using motif +HNRNPA1_691 of width 6.
Finding best site passing the output threshold in each of the 1541 sequences.
Found a best site in 327 sequences.
Computing q-values.
# Computing q-values.
#   Estimating pi_0 from a uniformly sampled set of 10000 p-values.
#   Estimating pi_0.
# Minimal pi_zero = 1.0008
#   Estimated pi_0=1
Using motif +ELAVL1_1106 of width 7.
Finding best site passing the output threshold in each of the 1541 sequences.
Found a best site in 677 sequences.
Computing q-values.
# Computing q-values.
#   Estimating pi_0 from a uniformly sampled set of 10000 p-values.
#   Estimating pi_0.
# Minimal pi_zero = 0.915188
#   Estimated pi_0=0.923543
Using motif +HNRNPA1_687 of width 10.
Finding best site passing the output threshold in each of the 1541 sequences.
Found a best site in 502 sequences.
Computing q-values.
# Computing q-values.
#   Estimating pi_0 from a uniformly sampled set of 10000 p-values.
#   Estimating pi_0.
# Minimal pi_zero = 0.972673
#   Estimated pi_0=0.999289
Using motif +NUDT21_499 of width 4.
Finding best site passing the output threshold in each of the 1541 sequences.
Found a best site in 0 sequences.
Computing q-values.
Using motif +QKI_1141 of width 6.
Finding best site passing the output threshold in each of the 1541 sequences.
Found a best site in 594 sequences.
Computing q-values.
# Computing q-values.
#   Estimating pi_0 from a uniformly sampled set of 10000 p-values.
#   Estimating pi_0.
# Minimal pi_zero = 0.9486
#   Estimated pi_0=0.954851
Using motif +HNRNPA1_686 of width 7.
Finding best site passing the output threshold in each of the 1541 sequences.
Found a best site in 677 sequences.
Computing q-values.
# Computing q-values.
#   Estimating pi_0 from a uniformly sampled set of 10000 p-values.
#   Estimating pi_0.
# Minimal pi_zero = 0.912782
#   Estimated pi_0=0.926286
Using motif +HNRNPA1_685 of width 7.
Finding best site passing the output threshold in each of the 1541 sequences.
Found a best site in 641 sequences.
Computing q-values.
# Computing q-values.
#   Estimating pi_0 from a uniformly sampled set of 10000 p-values.
#   Estimating pi_0.
# Minimal pi_zero = 0.954824
#   Estimated pi_0=0.956512
Using motif +SRSF1_M102_0.6 of width 7.
Finding best site passing the output threshold in each of the 1541 sequences.
Found a best site in 686 sequences.
Computing q-values.
# Computing q-values.
#   Estimating pi_0 from a uniformly sampled set of 10000 p-values.
#   Estimating pi_0.
# Minimal pi_zero = 0.999598
#   Estimated pi_0=0.999598
Using motif +FUS_s31 of width 6.
Finding best site passing the output threshold in each of the 1541 sequences.
Found a best site in 574 sequences.
Computing q-values.
# Computing q-values.
#   Estimating pi_0 from a uniformly sampled set of 10000 p-values.
#   Estimating pi_0.
# Minimal pi_zero = 0.99352
#   Estimated pi_0=0.996345
Using motif +SRSF1_1219 of width 6.
Finding best site passing the output threshold in each of the 1541 sequences.
Found a best site in 601 sequences.
Computing q-values.
# Computing q-values.
#   Estimating pi_0 from a uniformly sampled set of 10000 p-values.
#   Estimating pi_0.
# Minimal pi_zero = 0.980561
#   Estimated pi_0=0.999095
Using motif +NOVA1_1132 of width 5.
Finding best site passing the output threshold in each of the 1541 sequences.
Found a best site in 0 sequences.
Computing q-values.
Using motif +SRSF1_1213 of width 9.
Finding best site passing the output threshold in each of the 1541 sequences.
Found a best site in 719 sequences.
Computing q-values.
# Computing q-values.
#   Estimating pi_0 from a uniformly sampled set of 10000 p-values.
#   Estimating pi_0.
# Minimal pi_zero = 0.990319
#   Estimated pi_0=0.992513
Using motif +HNRNPA2B1_711 of width 6.
Finding best site passing the output threshold in each of the 1541 sequences.
Found a best site in 266 sequences.
Computing q-values.
# Computing q-values.
#   Estimating pi_0 from a uniformly sampled set of 10000 p-values.
#   Estimating pi_0.
# Minimal pi_zero = 0.998446
#   Estimated pi_0=1
Using motif +HNRNPA1_640 of width 10.
Finding best site passing the output threshold in each of the 1541 sequences.
Found a best site in 513 sequences.
Computing q-values.
# Computing q-values.
#   Estimating pi_0 from a uniformly sampled set of 10000 p-values.
#   Estimating pi_0.
# Minimal pi_zero = 0.977228
#   Estimated pi_0=0.998995
Using motif +PTBP1_143 of width 5.
Finding best site passing the output threshold in each of the 1541 sequences.
Found a best site in 671 sequences.
Computing q-values.
# Computing q-values.
#   Estimating pi_0 from a uniformly sampled set of 10000 p-values.
#   Estimating pi_0.
# Minimal pi_zero = 0.968421
#   Estimated pi_0=0.98178
Using motif +HNRNPA1_676 of width 6.
Finding best site passing the output threshold in each of the 1541 sequences.
Found a best site in 411 sequences.
Computing q-values.
# Computing q-values.
#   Estimating pi_0 from a uniformly sampled set of 10000 p-values.
#   Estimating pi_0.
# Minimal pi_zero = 0.955146
#   Estimated pi_0=0.969554
Using motif +PTBP1_1011 of width 11.
Finding best site passing the output threshold in each of the 1541 sequences.
Found a best site in 867 sequences.
Computing q-values.
# Computing q-values.
#   Estimating pi_0 from a uniformly sampled set of 10000 p-values.
#   Estimating pi_0.
# Minimal pi_zero = 0.938169
#   Estimated pi_0=0.938169
Using motif +PTBP1_1000 of width 6.
Finding best site passing the output threshold in each of the 1541 sequences.
Found a best site in 402 sequences.
Computing q-values.
# Computing q-values.
#   Estimating pi_0 from a uniformly sampled set of 10000 p-values.
#   Estimating pi_0.
# Minimal pi_zero = 0.95697
#   Estimated pi_0=0.964121
Using motif +ZFP36_109 of width 9.
Finding best site passing the output threshold in each of the 1541 sequences.
Found a best site in 755 sequences.
Computing q-values.
# Computing q-values.
#   Estimating pi_0 from a uniformly sampled set of 10000 p-values.
#   Estimating pi_0.
# Minimal pi_zero = 0.905192
#   Estimated pi_0=0.908519
Using motif +QKI_M046_0.6 of width 7.
Finding best site passing the output threshold in each of the 1541 sequences.
Found a best site in 456 sequences.
Computing q-values.
# Computing q-values.
#   Estimating pi_0 from a uniformly sampled set of 10000 p-values.
#   Estimating pi_0.
# Minimal pi_zero = 0.9712
#   Estimated pi_0=0.985694
Using motif +NOVA1_1128 of width 7.
Finding best site passing the output threshold in each of the 1541 sequences.
Found a best site in 415 sequences.
Computing q-values.
# Computing q-values.
#   Estimating pi_0 from a uniformly sampled set of 10000 p-values.
#   Estimating pi_0.
# Minimal pi_zero = 0.992804
#   Estimated pi_0=0.994848
Using motif +HNRNPA1_M022_0.6 of width 7.
Finding best site passing the output threshold in each of the 1541 sequences.
Found a best site in 477 sequences.
Computing q-values.
# Computing q-values.
#   Estimating pi_0 from a uniformly sampled set of 10000 p-values.
#   Estimating pi_0.
# Minimal pi_zero = 0.992308
#   Estimated pi_0=0.99644
Using motif +HNRNPA2B1_709 of width 6.
Finding best site passing the output threshold in each of the 1541 sequences.
Found a best site in 332 sequences.
Computing q-values.
# Computing q-values.
#   Estimating pi_0 from a uniformly sampled set of 10000 p-values.
#   Estimating pi_0.
# Minimal pi_zero = 0.9794
#   Estimated pi_0=0.995158
Using motif +SRSF1_1235 of width 7.
Finding best site passing the output threshold in each of the 1541 sequences.
Found a best site in 706 sequences.
Computing q-values.
# Computing q-values.
#   Estimating pi_0 from a uniformly sampled set of 10000 p-values.
#   Estimating pi_0.
# Minimal pi_zero = 0.99043
#   Estimated pi_0=0.996954
Using motif +TARDBP_1283 of width 12.
Finding best site passing the output threshold in each of the 1541 sequences.
Found a best site in 638 sequences.
Computing q-values.
# Computing q-values.
#   Estimating pi_0 from a uniformly sampled set of 10000 p-values.
#   Estimating pi_0.
# Minimal pi_zero = 0.972663
#   Estimated pi_0=0.980741
Using motif +SRSF1_M154_0.6 of width 7.
Finding best site passing the output threshold in each of the 1541 sequences.
Found a best site in 670 sequences.
Computing q-values.
# Computing q-values.
#   Estimating pi_0 from a uniformly sampled set of 10000 p-values.
#   Estimating pi_0.
# Minimal pi_zero = 0.985714
#   Estimated pi_0=0.991939
Using motif +HNRNPA1_682 of width 6.
Finding best site passing the output threshold in each of the 1541 sequences.
Found a best site in 265 sequences.
Computing q-values.
# Computing q-values.
#   Estimating pi_0 from a uniformly sampled set of 10000 p-values.
#   Estimating pi_0.
# Minimal pi_zero = 0.977451
#   Estimated pi_0=1
Using motif +PTBP1_1024 of width 9.
Finding best site passing the output threshold in each of the 1541 sequences.
Found a best site in 890 sequences.
Computing q-values.
# Computing q-values.
#   Estimating pi_0 from a uniformly sampled set of 10000 p-values.
#   Estimating pi_0.
# Minimal pi_zero = 0.96097
#   Estimated pi_0=0.961905
Using motif +HNRNPA1_693 of width 10.
Finding best site passing the output threshold in each of the 1541 sequences.
Found a best site in 687 sequences.
Computing q-values.
# Computing q-values.
#   Estimating pi_0 from a uniformly sampled set of 10000 p-values.
#   Estimating pi_0.
# Minimal pi_zero = 0.984505
#   Estimated pi_0=0.993128
Using motif +SRSF1_40 of width 6.
Finding best site passing the output threshold in each of the 1541 sequences.
Found a best site in 428 sequences.
Computing q-values.
# Computing q-values.
#   Estimating pi_0 from a uniformly sampled set of 10000 p-values.
#   Estimating pi_0.
# Minimal pi_zero = 0.991053
#   Estimated pi_0=0.997475
Using motif +QKI_83 of width 12.
Finding best site passing the output threshold in each of the 1541 sequences.
Found a best site in 631 sequences.
Computing q-values.
# Computing q-values.
#   Estimating pi_0 from a uniformly sampled set of 10000 p-values.
#   Estimating pi_0.
# Minimal pi_zero = 0.948545
#   Estimated pi_0=0.963851
Using motif +HNRNPA1_677 of width 6.
Finding best site passing the output threshold in each of the 1541 sequences.
Found a best site in 415 sequences.
Computing q-values.
# Computing q-values.
#   Estimating pi_0 from a uniformly sampled set of 10000 p-values.
#   Estimating pi_0.
# Minimal pi_zero = 0.946733
#   Estimated pi_0=0.955285
Using motif +SRSF1_17 of width 7.
Finding best site passing the output threshold in each of the 1541 sequences.
Found a best site in 420 sequences.
Computing q-values.
# Computing q-values.
#   Estimating pi_0 from a uniformly sampled set of 10000 p-values.
#   Estimating pi_0.
# Minimal pi_zero = 1.0004
#   Estimated pi_0=1
Using motif +HNRNPA1_s32 of width 6.
Finding best site passing the output threshold in each of the 1541 sequences.
Found a best site in 524 sequences.
Computing q-values.
# Computing q-values.
#   Estimating pi_0 from a uniformly sampled set of 10000 p-values.
#   Estimating pi_0.
# Minimal pi_zero = 0.975319
#   Estimated pi_0=0.986667
Using motif +SRSF1_1237 of width 7.
Finding best site passing the output threshold in each of the 1541 sequences.
Found a best site in 388 sequences.
Computing q-values.
# Computing q-values.
#   Estimating pi_0 from a uniformly sampled set of 10000 p-values.
#   Estimating pi_0.
# Minimal pi_zero = 1.00182
#   Estimated pi_0=1
Using motif +PTBP1_59 of width 5.
Finding best site passing the output threshold in each of the 1541 sequences.
Found a best site in 0 sequences.
Computing q-values.
Using motif +QKI_3 of width 6.
Finding best site passing the output threshold in each of the 1541 sequences.
Found a best site in 519 sequences.
Computing q-values.
# Computing q-values.
#   Estimating pi_0 from a uniformly sampled set of 10000 p-values.
#   Estimating pi_0.
# Minimal pi_zero = 0.980196
#   Estimated pi_0=1
Using motif +PTBP1_25 of width 9.
Finding best site passing the output threshold in each of the 1541 sequences.
Found a best site in 890 sequences.
Computing q-values.
# Computing q-values.
#   Estimating pi_0 from a uniformly sampled set of 10000 p-values.
#   Estimating pi_0.
# Minimal pi_zero = 0.963114
#   Estimated pi_0=0.96369
Using motif +HNRNPA1_72 of width 6.
Finding best site passing the output threshold in each of the 1541 sequences.
Found a best site in 464 sequences.
Computing q-values.
# Computing q-values.
#   Estimating pi_0 from a uniformly sampled set of 10000 p-values.
#   Estimating pi_0.
# Minimal pi_zero = 0.999598
#   Estimated pi_0=0.999598
Using motif +SRSF1_1212 of width 8.
Finding best site passing the output threshold in each of the 1541 sequences.
Found a best site in 622 sequences.
Computing q-values.
# Computing q-values.
#   Estimating pi_0 from a uniformly sampled set of 10000 p-values.
#   Estimating pi_0.
# Minimal pi_zero = 0.99573
#   Estimated pi_0=0.99809
Using motif +PTBP1_1003 of width 7.
Finding best site passing the output threshold in each of the 1541 sequences.
Found a best site in 702 sequences.
Computing q-values.
# Computing q-values.
#   Estimating pi_0 from a uniformly sampled set of 10000 p-values.
#   Estimating pi_0.
# Minimal pi_zero = 0.961447
#   Estimated pi_0=0.976452
Using motif +HNRNPA1_52 of width 11.
Finding best site passing the output threshold in each of the 1541 sequences.
Found a best site in 635 sequences.
Computing q-values.
# Computing q-values.
#   Estimating pi_0 from a uniformly sampled set of 10000 p-values.
#   Estimating pi_0.
# Minimal pi_zero = 0.997423
#   Estimated pi_0=1
Using motif +ELAVL1_164 of width 12.
Finding best site passing the output threshold in each of the 1541 sequences.
Found a best site in 832 sequences.
Computing q-values.
# Computing q-values.
#   Estimating pi_0 from a uniformly sampled set of 10000 p-values.
#   Estimating pi_0.
# Minimal pi_zero = 0.918966
#   Estimated pi_0=0.935063
Using motif +PTBP1_136 of width 5.
Finding best site passing the output threshold in each of the 1541 sequences.
Found a best site in 775 sequences.
Computing q-values.
# Computing q-values.
#   Estimating pi_0 from a uniformly sampled set of 10000 p-values.
#   Estimating pi_0.
# Minimal pi_zero = 0.973185
#   Estimated pi_0=0.978324
Using motif +SRSF1_1239 of width 9.
Finding best site passing the output threshold in each of the 1541 sequences.
Found a best site in 685 sequences.
Computing q-values.
# Computing q-values.
#   Estimating pi_0 from a uniformly sampled set of 10000 p-values.
#   Estimating pi_0.
# Minimal pi_zero = 0.969434
#   Estimated pi_0=0.975027
Using motif +MBNL1_1126 of width 10.
Finding best site passing the output threshold in each of the 1541 sequences.
Found a best site in 424 sequences.
Computing q-values.
# Computing q-values.
#   Estimating pi_0 from a uniformly sampled set of 10000 p-values.
#   Estimating pi_0.
# Minimal pi_zero = 1.00111
#   Estimated pi_0=1
Using motif +ELAVL1_1107 of width 7.
Finding best site passing the output threshold in each of the 1541 sequences.
Found a best site in 461 sequences.
Computing q-values.
# Computing q-values.
#   Estimating pi_0 from a uniformly sampled set of 10000 p-values.
#   Estimating pi_0.
# Minimal pi_zero = 0.984632
#   Estimated pi_0=0.984632
Using motif +PTBP1_s80 of width 7.
Finding best site passing the output threshold in each of the 1541 sequences.
Found a best site in 697 sequences.
Computing q-values.
# Computing q-values.
#   Estimating pi_0 from a uniformly sampled set of 10000 p-values.
#   Estimating pi_0.
# Minimal pi_zero = 0.951701
#   Estimated pi_0=0.961761
Using motif +KHDRBS1_1159 of width 7.
Finding best site passing the output threshold in each of the 1541 sequences.
Found a best site in 677 sequences.
Computing q-values.
# Computing q-values.
#   Estimating pi_0 from a uniformly sampled set of 10000 p-values.
#   Estimating pi_0.
# Minimal pi_zero = 0.905564
#   Estimated pi_0=0.911043
Using motif +HNRNPA1_650 of width 5.
Finding best site passing the output threshold in each of the 1541 sequences.
Found a best site in 0 sequences.
Computing q-values.
Using motif +HNRNPA1_649 of width 10.
Finding best site passing the output threshold in each of the 1541 sequences.
Found a best site in 513 sequences.
Computing q-values.
# Computing q-values.
#   Estimating pi_0 from a uniformly sampled set of 10000 p-values.
#   Estimating pi_0.
# Minimal pi_zero = 1.0008
#   Estimated pi_0=1
Using motif +PTBP1_1020 of width 5.
Finding best site passing the output threshold in each of the 1541 sequences.
Found a best site in 0 sequences.
Computing q-values.
Using motif +PTBP1_489 of width 4.
Finding best site passing the output threshold in each of the 1541 sequences.
Found a best site in 0 sequences.
Computing q-values.
Using motif +HNRNPA1_694 of width 6.
Finding best site passing the output threshold in each of the 1541 sequences.
Found a best site in 332 sequences.
Computing q-values.
# Computing q-values.
#   Estimating pi_0 from a uniformly sampled set of 10000 p-values.
#   Estimating pi_0.
# Minimal pi_zero = 0.980625
#   Estimated pi_0=0.989789
Using motif +HNRNPA1_661 of width 5.
Finding best site passing the output threshold in each of the 1541 sequences.
Found a best site in 0 sequences.
Computing q-values.
Using motif +TARDBP_1278 of width 7.
Finding best site passing the output threshold in each of the 1541 sequences.
Found a best site in 538 sequences.
Computing q-values.
# Computing q-values.
#   Estimating pi_0 from a uniformly sampled set of 10000 p-values.
#   Estimating pi_0.
# Minimal pi_zero = 0.994717
#   Estimated pi_0=1
Using motif +HNRNPA1_673 of width 7.
Finding best site passing the output threshold in each of the 1541 sequences.
Found a best site in 528 sequences.
Computing q-values.
# Computing q-values.
#   Estimating pi_0 from a uniformly sampled set of 10000 p-values.
#   Estimating pi_0.
# Minimal pi_zero = 0.976
#   Estimated pi_0=0.992402
Using motif +HNRNPA2B1_701 of width 6.
Finding best site passing the output threshold in each of the 1541 sequences.
Found a best site in 411 sequences.
Computing q-values.
# Computing q-values.
#   Estimating pi_0 from a uniformly sampled set of 10000 p-values.
#   Estimating pi_0.
# Minimal pi_zero = 0.937864
#   Estimated pi_0=0.944029
Using motif +NOVA1_1129 of width 7.
Finding best site passing the output threshold in each of the 1541 sequences.
Found a best site in 677 sequences.
Computing q-values.
# Computing q-values.
#   Estimating pi_0 from a uniformly sampled set of 10000 p-values.
#   Estimating pi_0.
# Minimal pi_zero = 0.91203
#   Estimated pi_0=0.924824
Using motif +QKI_70 of width 12.
Finding best site passing the output threshold in each of the 1541 sequences.
Found a best site in 639 sequences.
Computing q-values.
# Computing q-values.
#   Estimating pi_0 from a uniformly sampled set of 10000 p-values.
#   Estimating pi_0.
# Minimal pi_zero = 0.954918
#   Estimated pi_0=0.970184
Using motif +ELAVL1_M127_0.6 of width 7.
Finding best site passing the output threshold in each of the 1541 sequences.
Found a best site in 773 sequences.
Computing q-values.
# Computing q-values.
#   Estimating pi_0 from a uniformly sampled set of 10000 p-values.
#   Estimating pi_0.
# Minimal pi_zero = 0.946271
#   Estimated pi_0=0.955696
Using motif +PTBP1_s100 of width 7.
Finding best site passing the output threshold in each of the 1541 sequences.
Found a best site in 881 sequences.
Computing q-values.
# Computing q-values.
#   Estimating pi_0 from a uniformly sampled set of 10000 p-values.
#   Estimating pi_0.
# Minimal pi_zero = 0.934965
#   Estimated pi_0=0.939769
Using motif +SRSF1_1222 of width 6.
Finding best site passing the output threshold in each of the 1541 sequences.
Found a best site in 380 sequences.
Computing q-values.
# Computing q-values.
#   Estimating pi_0 from a uniformly sampled set of 10000 p-values.
#   Estimating pi_0.
# Minimal pi_zero = 1.00141
#   Estimated pi_0=1
Using motif +SRSF1_1214 of width 10.
Finding best site passing the output threshold in each of the 1541 sequences.
Found a best site in 709 sequences.
Computing q-values.
# Computing q-values.
#   Estimating pi_0 from a uniformly sampled set of 10000 p-values.
#   Estimating pi_0.
# Minimal pi_zero = 0.982951
#   Estimated pi_0=0.986848
Using motif +SRSF1_1223 of width 7.
Finding best site passing the output threshold in each of the 1541 sequences.
Found a best site in 344 sequences.
Computing q-values.
# Computing q-values.
#   Estimating pi_0 from a uniformly sampled set of 10000 p-values.
#   Estimating pi_0.
# Minimal pi_zero = 1.00251
#   Estimated pi_0=1
Using motif +PTBP1_100 of width 10.
Finding best site passing the output threshold in each of the 1541 sequences.
Found a best site in 832 sequences.
Computing q-values.
# Computing q-values.
#   Estimating pi_0 from a uniformly sampled set of 10000 p-values.
#   Estimating pi_0.
# Minimal pi_zero = 0.951688
#   Estimated pi_0=0.955641
Using motif +NOVA1_99 of width 4.
Finding best site passing the output threshold in each of the 1541 sequences.
Found a best site in 0 sequences.
Computing q-values.
Using motif +ZFP36_38 of width 5.
Finding best site passing the output threshold in each of the 1541 sequences.
Found a best site in 0 sequences.
Computing q-values.
Using motif +PTBP1_380 of width 6.
Finding best site passing the output threshold in each of the 1541 sequences.
Found a best site in 731 sequences.
Computing q-values.
# Computing q-values.
#   Estimating pi_0 from a uniformly sampled set of 10000 p-values.
#   Estimating pi_0.
# Minimal pi_zero = 0.967186
#   Estimated pi_0=0.972308
Using motif +SRSF1_1226 of width 12.
Finding best site passing the output threshold in each of the 1541 sequences.
Found a best site in 567 sequences.
Computing q-values.
# Computing q-values.
#   Estimating pi_0 from a uniformly sampled set of 10000 p-values.
#   Estimating pi_0.
# Minimal pi_zero = 0.99868
#   Estimated pi_0=0.999497
Using motif +SRSF1_1224 of width 7.
Finding best site passing the output threshold in each of the 1541 sequences.
Found a best site in 719 sequences.
Computing q-values.
# Computing q-values.
#   Estimating pi_0 from a uniformly sampled set of 10000 p-values.
#   Estimating pi_0.
# Minimal pi_zero = 0.98828
#   Estimated pi_0=0.992828
Using motif +SRSF1_s60 of width 8.
Finding best site passing the output threshold in each of the 1541 sequences.
Found a best site in 645 sequences.
Computing q-values.
# Computing q-values.
#   Estimating pi_0 from a uniformly sampled set of 10000 p-values.
#   Estimating pi_0.
# Minimal pi_zero = 0.998586
#   Estimated pi_0=0.998593
Using motif +QKI_1140 of width 5.
Finding best site passing the output threshold in each of the 1541 sequences.
Found a best site in 151 sequences.
Computing q-values.
# Computing q-values.
#   Estimating pi_0 from a uniformly sampled set of 10000 p-values.
#   Estimating pi_0.
# Minimal pi_zero = 1.00432
#   Estimated pi_0=1
Using motif +HNRNPA1_1342 of width 5.
Finding best site passing the output threshold in each of the 1541 sequences.
Found a best site in 589 sequences.
Computing q-values.
# Computing q-values.
#   Estimating pi_0 from a uniformly sampled set of 10000 p-values.
#   Estimating pi_0.
# Minimal pi_zero = 0.99868
#   Estimated pi_0=0.999196
Using motif +SRSF1_325 of width 7.
Finding best site passing the output threshold in each of the 1541 sequences.
Found a best site in 739 sequences.
Computing q-values.
# Computing q-values.
#   Estimating pi_0 from a uniformly sampled set of 10000 p-values.
#   Estimating pi_0.
# Minimal pi_zero = 0.995052
#   Estimated pi_0=0.996683
Using motif +SRSF1_1362 of width 9.
Finding best site passing the output threshold in each of the 1541 sequences.
Found a best site in 683 sequences.
Computing q-values.
# Computing q-values.
#   Estimating pi_0 from a uniformly sampled set of 10000 p-values.
#   Estimating pi_0.
# Minimal pi_zero = 0.987407
#   Estimated pi_0=0.987407
Using motif +PTBP1_1379 of width 10.
Finding best site passing the output threshold in each of the 1541 sequences.
Found a best site in 572 sequences.
Computing q-values.
# Computing q-values.
#   Estimating pi_0 from a uniformly sampled set of 10000 p-values.
#   Estimating pi_0.
# Minimal pi_zero = 0.999385
#   Estimated pi_0=1
Using motif +HNRNPA1_1305 of width 6.
Finding best site passing the output threshold in each of the 1541 sequences.
Found a best site in 265 sequences.
Computing q-values.
# Computing q-values.
#   Estimating pi_0 from a uniformly sampled set of 10000 p-values.
#   Estimating pi_0.
# Minimal pi_zero = 0.978039
#   Estimated pi_0=0.999793
Using motif +SRSF1_1351 of width 9.
Finding best site passing the output threshold in each of the 1541 sequences.
Found a best site in 728 sequences.
Computing q-values.
# Computing q-values.
#   Estimating pi_0 from a uniformly sampled set of 10000 p-values.
#   Estimating pi_0.
# Minimal pi_zero = 0.988063
#   Estimated pi_0=0.988063
Using motif +HNRNPA1_1358 of width 6.
Finding best site passing the output threshold in each of the 1541 sequences.
Found a best site in 278 sequences.
Computing q-values.
# Computing q-values.
#   Estimating pi_0 from a uniformly sampled set of 10000 p-values.
#   Estimating pi_0.
# Minimal pi_zero = 0.992775
#   Estimated pi_0=0.999196
Using motif +PTBP1_1314 of width 9.
Finding best site passing the output threshold in each of the 1541 sequences.
Found a best site in 591 sequences.
Computing q-values.
# Computing q-values.
#   Estimating pi_0 from a uniformly sampled set of 10000 p-values.
#   Estimating pi_0.
# Minimal pi_zero = 0.990777
#   Estimated pi_0=0.992308
Using motif +SRSF1_1388 of width 7.
Finding best site passing the output threshold in each of the 1541 sequences.
Found a best site in 615 sequences.
Computing q-values.
# Computing q-values.
#   Estimating pi_0 from a uniformly sampled set of 10000 p-values.
#   Estimating pi_0.
# Minimal pi_zero = 0.989412
#   Estimated pi_0=0.994848
Using motif +SRSF1_1367 of width 7.
Finding best site passing the output threshold in each of the 1541 sequences.
Found a best site in 619 sequences.
Computing q-values.
# Computing q-values.
#   Estimating pi_0 from a uniformly sampled set of 10000 p-values.
#   Estimating pi_0.
# Minimal pi_zero = 0.997665
#   Estimated pi_0=0.998283
Using motif +SRSF1_1385 of width 7.
Finding best site passing the output threshold in each of the 1541 sequences.
Found a best site in 636 sequences.
Computing q-values.
# Computing q-values.
#   Estimating pi_0 from a uniformly sampled set of 10000 p-values.
#   Estimating pi_0.
# Minimal pi_zero = 0.990217
#   Estimated pi_0=0.996548
Using motif +SRSF1_1336 of width 10.
Finding best site passing the output threshold in each of the 1541 sequences.
Found a best site in 667 sequences.
Computing q-values.
# Computing q-values.
#   Estimating pi_0 from a uniformly sampled set of 10000 p-values.
#   Estimating pi_0.
# Minimal pi_zero = 0.997292
#   Estimated pi_0=0.998693
Using motif +PTBP1_1381 of width 10.
Finding best site passing the output threshold in each of the 1541 sequences.
Found a best site in 747 sequences.
Computing q-values.
# Computing q-values.
#   Estimating pi_0 from a uniformly sampled set of 10000 p-values.
#   Estimating pi_0.
# Minimal pi_zero = 0.979136
#   Estimated pi_0=0.980737
Using motif +SRSF1_1345 of width 7.
Finding best site passing the output threshold in each of the 1541 sequences.
Found a best site in 554 sequences.
Computing q-values.
# Computing q-values.
#   Estimating pi_0 from a uniformly sampled set of 10000 p-values.
#   Estimating pi_0.
# Minimal pi_zero = 0.998173
#   Estimated pi_0=1
Using motif +HNRNPA1_1304 of width 5.
Finding best site passing the output threshold in each of the 1541 sequences.
Found a best site in 565 sequences.
Computing q-values.
# Computing q-values.
#   Estimating pi_0 from a uniformly sampled set of 10000 p-values.
#   Estimating pi_0.
# Minimal pi_zero = 1.0003
#   Estimated pi_0=1
Using motif +SRSF1_1324 of width 7.
Finding best site passing the output threshold in each of the 1541 sequences.
Found a best site in 629 sequences.
Computing q-values.
# Computing q-values.
#   Estimating pi_0 from a uniformly sampled set of 10000 p-values.
#   Estimating pi_0.
# Minimal pi_zero = 0.987391
#   Estimated pi_0=0.994416
Using motif +SRSF1_1327 of width 9.
Finding best site passing the output threshold in each of the 1541 sequences.
Found a best site in 658 sequences.
Computing q-values.
# Computing q-values.
#   Estimating pi_0 from a uniformly sampled set of 10000 p-values.
#   Estimating pi_0.
# Minimal pi_zero = 0.991152
#   Estimated pi_0=0.998586
Using motif +SRSF1_1335 of width 7.
Finding best site passing the output threshold in each of the 1541 sequences.
Found a best site in 441 sequences.
Computing q-values.
# Computing q-values.
#   Estimating pi_0 from a uniformly sampled set of 10000 p-values.
#   Estimating pi_0.
# Minimal pi_zero = 1.00071
#   Estimated pi_0=1
Using motif +HNRNPA1_1306 of width 10.
Finding best site passing the output threshold in each of the 1541 sequences.
Found a best site in 667 sequences.
Computing q-values.
# Computing q-values.
#   Estimating pi_0 from a uniformly sampled set of 10000 p-values.
#   Estimating pi_0.
# Minimal pi_zero = 0.996263
#   Estimated pi_0=0.998492
Using motif +PTBP1_1341 of width 7.
Finding best site passing the output threshold in each of the 1541 sequences.
Found a best site in 697 sequences.
Computing q-values.
# Computing q-values.
#   Estimating pi_0 from a uniformly sampled set of 10000 p-values.
#   Estimating pi_0.
# Minimal pi_zero = 0.949524
#   Estimated pi_0=0.961878
Using motif +SRSF1_1349 of width 6.
Finding best site passing the output threshold in each of the 1541 sequences.
Found a best site in 533 sequences.
Computing q-values.
# Computing q-values.
#   Estimating pi_0 from a uniformly sampled set of 10000 p-values.
#   Estimating pi_0.
# Minimal pi_zero = 0.999583
#   Estimated pi_0=1
Using motif +NOVA1_1378 of width 8.
Finding best site passing the output threshold in each of the 1541 sequences.
Found a best site in 574 sequences.
Computing q-values.
# Computing q-values.
#   Estimating pi_0 from a uniformly sampled set of 10000 p-values.
#   Estimating pi_0.
# Minimal pi_zero = 0.996345
#   Estimated pi_0=0.998693
Using motif +HNRNPA1_1346 of width 10.
Finding best site passing the output threshold in each of the 1541 sequences.
Found a best site in 513 sequences.
Computing q-values.
# Computing q-values.
#   Estimating pi_0 from a uniformly sampled set of 10000 p-values.
#   Estimating pi_0.
# Minimal pi_zero = 0.98297
#   Estimated pi_0=1
Using motif +SRSF1_1376 of width 12.
Finding best site passing the output threshold in each of the 1541 sequences.
Found a best site in 736 sequences.
Computing q-values.
# Computing q-values.
#   Estimating pi_0 from a uniformly sampled set of 10000 p-values.
#   Estimating pi_0.
# Minimal pi_zero = 0.957143
#   Estimated pi_0=0.957143
Using motif +PTBP1_1398 of width 6.
Finding best site passing the output threshold in each of the 1541 sequences.
Found a best site in 421 sequences.
Computing q-values.
# Computing q-values.
#   Estimating pi_0 from a uniformly sampled set of 10000 p-values.
#   Estimating pi_0.
# Minimal pi_zero = 0.974231
#   Estimated pi_0=0.977946
Using motif +SRSF1_1390 of width 9.
Finding best site passing the output threshold in each of the 1541 sequences.
Found a best site in 719 sequences.
Computing q-values.
# Computing q-values.
#   Estimating pi_0 from a uniformly sampled set of 10000 p-values.
#   Estimating pi_0.
# Minimal pi_zero = 0.985503
#   Estimated pi_0=0.985503
Using motif +SRSF1_1312 of width 8.
Finding best site passing the output threshold in each of the 1541 sequences.
Found a best site in 607 sequences.
Computing q-values.
# Computing q-values.
#   Estimating pi_0 from a uniformly sampled set of 10000 p-values.
#   Estimating pi_0.
# Minimal pi_zero = 0.997286
#   Estimated pi_0=0.997286
Using motif +SRSF1_1319 of width 9.
Finding best site passing the output threshold in each of the 1541 sequences.
Found a best site in 656 sequences.
Computing q-values.
# Computing q-values.
#   Estimating pi_0 from a uniformly sampled set of 10000 p-values.
#   Estimating pi_0.
# Minimal pi_zero = 0.995455
#   Estimated pi_0=0.995455
Using motif +SRSF1_1393 of width 7.
Finding best site passing the output threshold in each of the 1541 sequences.
Found a best site in 129 sequences.
Computing q-values.
# Computing q-values.
#   Estimating pi_0 from a uniformly sampled set of 10000 p-values.
#   Estimating pi_0.
# Minimal pi_zero = 1.00302
#   Estimated pi_0=1
Using motif +SRSF1_1364 of width 7.
Finding best site passing the output threshold in each of the 1541 sequences.
Found a best site in 742 sequences.
Computing q-values.
# Computing q-values.
#   Estimating pi_0 from a uniformly sampled set of 10000 p-values.
#   Estimating pi_0.
# Minimal pi_zero = 0.985867
#   Estimated pi_0=0.992188
Using motif +PTBP1_1368 of width 8.
Finding best site passing the output threshold in each of the 1541 sequences.
Found a best site in 694 sequences.
Computing q-values.
# Computing q-values.
#   Estimating pi_0 from a uniformly sampled set of 10000 p-values.
#   Estimating pi_0.
# Minimal pi_zero = 0.949037
#   Estimated pi_0=0.966102
Using motif +PTBP2_1317 of width 5.
Finding best site passing the output threshold in each of the 1541 sequences.
Found a best site in 688 sequences.
Computing q-values.
# Computing q-values.
#   Estimating pi_0 from a uniformly sampled set of 10000 p-values.
#   Estimating pi_0.
# Minimal pi_zero = 0.985714
#   Estimated pi_0=0.991323
Using motif +SRSF1_1353 of width 9.
Finding best site passing the output threshold in each of the 1541 sequences.
Found a best site in 694 sequences.
Computing q-values.
# Computing q-values.
#   Estimating pi_0 from a uniformly sampled set of 10000 p-values.
#   Estimating pi_0.
# Minimal pi_zero = 0.988723
#   Estimated pi_0=0.994924
Using motif +SRSF1_1310 of width 7.
Finding best site passing the output threshold in each of the 1541 sequences.
Found a best site in 629 sequences.
Computing q-values.
# Computing q-values.
#   Estimating pi_0 from a uniformly sampled set of 10000 p-values.
#   Estimating pi_0.
# Minimal pi_zero = 0.987717
#   Estimated pi_0=0.992995
Using motif +PTBP2_1370 of width 6.
Finding best site passing the output threshold in each of the 1541 sequences.
Found a best site in 731 sequences.
Computing q-values.
# Computing q-values.
#   Estimating pi_0 from a uniformly sampled set of 10000 p-values.
#   Estimating pi_0.
# Minimal pi_zero = 0.96119
#   Estimated pi_0=0.962635
Using motif +PTBP1_1372 of width 5.
Finding best site passing the output threshold in each of the 1541 sequences.
Found a best site in 688 sequences.
Computing q-values.
# Computing q-values.
#   Estimating pi_0 from a uniformly sampled set of 10000 p-values.
#   Estimating pi_0.
# Minimal pi_zero = 0.981758
#   Estimated pi_0=0.981758
Using motif +SRSF1_1326 of width 6.
Finding best site passing the output threshold in each of the 1541 sequences.
Found a best site in 596 sequences.
Computing q-values.
# Computing q-values.
#   Estimating pi_0 from a uniformly sampled set of 10000 p-values.
#   Estimating pi_0.
# Minimal pi_zero = 0.99445
#   Estimated pi_0=0.998586
Using motif +SRSF1_1383 of width 8.
Finding best site passing the output threshold in each of the 1541 sequences.
Found a best site in 672 sequences.
Computing q-values.
# Computing q-values.
#   Estimating pi_0 from a uniformly sampled set of 10000 p-values.
#   Estimating pi_0.
# Minimal pi_zero = 0.995361
#   Estimated pi_0=0.998593
Using motif +SRSF1_1389 of width 9.
Finding best site passing the output threshold in each of the 1541 sequences.
Found a best site in 678 sequences.
Computing q-values.
# Computing q-values.
#   Estimating pi_0 from a uniformly sampled set of 10000 p-values.
#   Estimating pi_0.
# Minimal pi_zero = 0.988199
#   Estimated pi_0=0.994462
Using motif +HNRNPA1_1397 of width 4.
Finding best site passing the output threshold in each of the 1541 sequences.
Found a best site in 0 sequences.
Computing q-values.
Using motif +PTBP1_1359 of width 6.
Finding best site passing the output threshold in each of the 1541 sequences.
Found a best site in 731 sequences.
Computing q-values.
# Computing q-values.
#   Estimating pi_0 from a uniformly sampled set of 10000 p-values.
#   Estimating pi_0.
# Minimal pi_zero = 0.958563
#   Estimated pi_0=0.959762
Using motif +PTBP1_1382 of width 7.
Finding best site passing the output threshold in each of the 1541 sequences.
Found a best site in 732 sequences.
Computing q-values.
# Computing q-values.
#   Estimating pi_0 from a uniformly sampled set of 10000 p-values.
#   Estimating pi_0.
# Minimal pi_zero = 0.941611
#   Estimated pi_0=0.941611
Using motif +PTBP1_1340 of width 7.
Finding best site passing the output threshold in each of the 1541 sequences.
Found a best site in 844 sequences.
Computing q-values.
# Computing q-values.
#   Estimating pi_0 from a uniformly sampled set of 10000 p-values.
#   Estimating pi_0.
# Minimal pi_zero = 0.938074
#   Estimated pi_0=0.94589
Using motif +SRSF1_1373 of width 8.
Finding best site passing the output threshold in each of the 1541 sequences.
Found a best site in 622 sequences.
Computing q-values.
# Computing q-values.
#   Estimating pi_0 from a uniformly sampled set of 10000 p-values.
#   Estimating pi_0.
# Minimal pi_zero = 0.997333
#   Estimated pi_0=0.998995
Using motif +SRSF1_1338 of width 12.
Finding best site passing the output threshold in each of the 1541 sequences.
Found a best site in 688 sequences.
Computing q-values.
# Computing q-values.
#   Estimating pi_0 from a uniformly sampled set of 10000 p-values.
#   Estimating pi_0.
# Minimal pi_zero = 0.990582
#   Estimated pi_0=0.991919
Using motif +HNRNPA1_1366 of width 4.
Finding best site passing the output threshold in each of the 1541 sequences.
Found a best site in 0 sequences.
Computing q-values.
[post] null scan OK
hits: pas=228056 lost=774699 null=756749
[level3] event-family lost rows: 19389; matched: 19389; events with >=1 lost hit: 824
family
SRSF1        823
HNRNPA1      821
PTBP1        816
ZFP36        767
HNRNPA2B1    754
NOVA1        740
MBNL1        739
NOVA2        717

[family enrichment vs matched null]
    family  lost_hit_regions  null_hit_regions  rate_lost  rate_null  enrichment   binom_p  q_bh_families
     SRSF1              1540                21     0.9994     0.0136       73.33  0.00e+00            0.0
   HNRNPA1              1537                21     0.9974     0.0136       73.19  0.00e+00            0.0
     PTBP1              1530                21     0.9929     0.0136       72.86  0.00e+00            0.0
     ZFP36              1422                21     0.9228     0.0136       67.71  0.00e+00            0.0
 HNRNPA2B1              1415                21     0.9182     0.0136       67.38  0.00e+00            0.0
     NOVA1              1398                21     0.9072     0.0136       66.57  0.00e+00            0.0
     MBNL1              1386                21     0.8994     0.0136       66.00  0.00e+00            0.0
     NOVA2              1355                21     0.8793     0.0136       64.52  0.00e+00            0.0
    TARDBP              1318                21     0.8553     0.0136       62.76  0.00e+00            0.0
       FUS              1288                21     0.8358     0.0136       61.33  0.00e+00            0.0
    ELAVL1              1245                21     0.8079     0.0136       59.29  0.00e+00            0.0
       QKI              1194                21     0.7748     0.0136       56.86  0.00e+00            0.0
   KHDRBS1              1129                21     0.7326     0.0136       53.76  0.00e+00            0.0
     PTBP2               940                21     0.6100     0.0136       44.76  0.00e+00            0.0
    PABPN1               692                21     0.4491     0.0136       32.95  0.00e+00            0.0
[DONE] P3-03 finalize v3
[post] END Sun Sep 20 12:05:59 +08 2026
